{
  "aggregated_metrics": {
    "sample_type": {
      "accuracy": {
        "mean": 0.9727866393099036,
        "std": 0.011709035081720272,
        "values": [
          0.9731285988483686,
          0.9789272030651341,
          0.9501915708812261,
          0.9789272030651341,
          0.9827586206896551
        ]
      },
      "f1_weighted": {
        "mean": 0.973655935575945,
        "std": 0.010659859801286108,
        "values": [
          0.9737280167907245,
          0.9792751447619511,
          0.9531260280224033,
          0.9794920569116983,
          0.982658431392948
        ]
      },
      "f1_macro": {
        "mean": 0.9096656287103617,
        "std": 0.03387737772738943,
        "values": [
          0.9073424796747968,
          0.9280117347642391,
          0.8450401899890391,
          0.9295589768754218,
          0.9383747622483112
        ]
      },
      "balanced_accuracy": {
        "mean": 0.9299284498350889,
        "std": 0.02076317663329013,
        "values": [
          0.9265613363123737,
          0.9427385892116182,
          0.8927904564315352,
          0.954201244813278,
          0.933350622406639
        ]
      }
    },
    "community_type": {
      "accuracy": {
        "mean": 0.8849927563409594,
        "std": 0.03209577373849729,
        "values": [
          0.8310940499040307,
          0.921455938697318,
          0.9099616858237548,
          0.8697318007662835,
          0.89272030651341
        ]
      },
      "f1_weighted": {
        "mean": 0.891675323224613,
        "std": 0.02674632902083078,
        "values": [
          0.8450646134744285,
          0.922744824266324,
          0.9091563130404346,
          0.8825970406681192,
          0.8988138246737584
        ]
      },
      "f1_macro": {
        "mean": 0.8572808735034234,
        "std": 0.05832777402338497,
        "values": [
          0.8686671208826852,
          0.9279189746061022,
          0.7497413407967932,
          0.8693332181163064,
          0.8707437131152301
        ]
      },
      "balanced_accuracy": {
        "mean": 0.8843610982209276,
        "std": 0.06293871943572266,
        "values": [
          0.8836860618735695,
          0.930627467698899,
          0.762959688762099,
          0.9274378550193768,
          0.9170944177506933
        ]
      }
    },
    "sample_host": {
      "accuracy": {
        "mean": 0.9363616975901046,
        "std": 0.018295409039232283,
        "values": [
          0.9040307101727447,
          0.9310344827586207,
          0.9578544061302682,
          0.946360153256705,
          0.9425287356321839
        ]
      },
      "f1_weighted": {
        "mean": 0.9404086288999339,
        "std": 0.01696482462782759,
        "values": [
          0.909198223595013,
          0.9373203305162614,
          0.9582516503358038,
          0.9477333548900921,
          0.9495395851624995
        ]
      },
      "f1_macro": {
        "mean": 0.7897707533527927,
        "std": 0.08693128724756806,
        "values": [
          0.6457857225793673,
          0.7578167830036188,
          0.8929761898397257,
          0.8631243601621398,
          0.7891507111791123
        ]
      },
      "balanced_accuracy": {
        "mean": 0.9108774406064128,
        "std": 0.03511646845849788,
        "values": [
          0.8629657778443863,
          0.935598417589943,
          0.9279925571311245,
          0.8755238579171506,
          0.9523065925494594
        ]
      }
    },
    "material": {
      "accuracy": {
        "mean": 0.8727388385142042,
        "std": 0.015540626315720866,
        "values": [
          0.8483685220729367,
          0.8908045977011494,
          0.8850574712643678,
          0.8773946360153256,
          0.8620689655172413
        ]
      },
      "f1_weighted": {
        "mean": 0.8774090953340075,
        "std": 0.013509531468193283,
        "values": [
          0.8574648969685156,
          0.8914256910431989,
          0.889248232646813,
          0.8834161095333977,
          0.8654905464781119
        ]
      },
      "f1_macro": {
        "mean": 0.7598802552773015,
        "std": 0.018563240352156615,
        "values": [
          0.7641803619975364,
          0.7392558324941448,
          0.7925646920268389,
          0.7454948525243819,
          0.7579055373436057
        ]
      },
      "balanced_accuracy": {
        "mean": 0.8196021766077191,
        "std": 0.020979209315313156,
        "values": [
          0.8605081659281402,
          0.8104328762583314,
          0.8171864221688155,
          0.8029967651430809,
          0.8068866535402276
        ]
      }
    }
  },
  "best_hyperparameters": {
    "n_layers": 2.6,
    "hidden_dim_0": 307.2,
    "hidden_dim_1": 358.4,
    "hidden_dim_2": 224.0,
    "hidden_dim_3": 512.0,
    "dropout": 0.24008941768262765,
    "learning_rate": 0.0018070735350860004,
    "weight_decay": 0.00013646152308693173,
    "batch_size": 89.6,
    "use_batch_norm": 0.0,
    "activation": "relu",
    "task_weight_sample_type": 1.2191664079885853,
    "task_weight_community": 1.5572400633917634,
    "task_weight_host": 1.336836008310497,
    "task_weight_material": 1.581606959759543
  },
  "n_folds": 5
}