Run_accession	fold	y_true	p_bone	p_dental calculus	p_digestive tract contents	p_intestine	p_lake sediment	p_leaf	p_marine sediment	p_midden	p_muscle tissue	p_palaeofaeces	p_permafrost	p_sediment	p_shell	p_soil	p_tooth	p_unknown
ERR10114878	2	sediment	0.07707179	0.0771397	0.0	0.07640525	0.077149995	0.07673274	0.07723298	0.07728699	0.07640476	0.07713225	0.07669462	0.07725105	0.0	0.07641737	0.07708051	0.0
ERR10114879	2	sediment	0.07701924	0.0771993	0.0	0.07640541	0.076930426	0.07639021	0.077055745	0.077233374	0.07694029	0.07710874	0.07682705	0.07720962	0.0	0.07653585	0.077144735	0.0
ERR10114880	2	sediment	0.077301666	0.07724367	0.0	0.07638968	0.07726959	0.07638968	0.07722588	0.07690942	0.0764044	0.07726082	0.076561004	0.07735994	0.0	0.07640377	0.07728047	0.0
ERR10114881	2	sediment	0.0772407	0.07727531	0.0	0.076389715	0.0771869	0.076389715	0.07730885	0.07689819	0.07640444	0.07727353	0.07661735	0.07729084	0.0	0.076403804	0.077320665	0.0
ERR10114882	2	sediment	0.07714698	0.07722622	0.0	0.07640496	0.07712875	0.076389745	0.07716488	0.07731756	0.07640447	0.077271394	0.07657552	0.077315874	0.0	0.076403834	0.07724982	0.0
ERR10114883	2	sediment	0.07710445	0.07721191	0.0	0.07640531	0.07695229	0.0763901	0.07703283	0.07726612	0.07694019	0.07723027	0.07668772	0.07715732	0.0	0.07645356	0.077167936	0.0
ERR10493277	2	permafrost	0.07690765	0.07687656	0.0	0.07651318	0.07733459	0.07734385	0.07708874	0.076944314	0.07644426	0.07693976	0.07734908	0.077056274	0.0	0.07639011	0.076811634	0.0
ERR10493281	2	permafrost	0.07686569	0.07689859	0.0	0.07652633	0.07729313	0.07734387	0.07705742	0.07693047	0.07644428	0.077058405	0.07730887	0.07708475	0.0	0.07639013	0.07679805	0.0
ERR10493283	2	permafrost	0.07689662	0.07694522	0.0	0.07649844	0.077307075	0.07734383	0.077092364	0.076915905	0.076429516	0.07689508	0.077361986	0.077114694	0.0	0.07639009	0.07680918	0.0
ERR10493285	2	permafrost	0.07698321	0.07698673	0.0	0.07649837	0.07740483	0.07730361	0.07715147	0.07667619	0.07639002	0.076938786	0.07730686	0.0771448	0.0	0.07639002	0.076825105	0.0
ERR10493287	2	permafrost	0.076969124	0.076931596	0.0	0.07649843	0.07740122	0.07734382	0.0770932	0.076838605	0.07644423	0.076926105	0.07727749	0.077117585	0.0	0.07639008	0.07676851	0.0
ERR10493289	2	permafrost	0.07696899	0.07701569	0.0	0.07640314	0.077376276	0.077316016	0.07716961	0.07665923	0.076389946	0.07696881	0.07733583	0.07718163	0.0	0.076389946	0.076824866	0.0
ERR10493291	2	permafrost	0.07707459	0.07714915	0.0	0.076498605	0.077270515	0.076662794	0.0771069	0.076597504	0.07694034	0.077079825	0.077053756	0.07714451	0.0	0.07639026	0.07703125	0.0
ERR10493292	2	permafrost	0.07695443	0.07700529	0.0	0.076513655	0.07738978	0.07720766	0.077135034	0.07668899	0.07644422	0.07695777	0.07734964	0.07716476	0.0	0.07639007	0.07679869	0.0
ERR10493294	2	permafrost	0.076955274	0.07693159	0.0	0.0764984	0.07743051	0.07730449	0.07712091	0.07671616	0.0764442	0.076941	0.0773216	0.07713187	0.0	0.07639005	0.07681396	0.0
ERR10493297	2	permafrost	0.076958045	0.07695645	0.0	0.076389946	0.077444494	0.07733206	0.077179976	0.076676115	0.0764441	0.07692575	0.07732112	0.07715866	0.0	0.076389946	0.076823324	0.0
ERR10493299	2	permafrost	0.076927245	0.07691402	0.0	0.076498434	0.077373154	0.07730453	0.07710533	0.076993465	0.07640481	0.07693847	0.0772775	0.07711759	0.0	0.07639009	0.076755375	0.0
ERR10493301	2	permafrost	0.07696907	0.07690165	0.0	0.07639003	0.07738583	0.07733214	0.07710436	0.076937735	0.07644418	0.07689578	0.07730646	0.07714442	0.0	0.07639003	0.07679831	0.0
ERR10493303	2	permafrost	0.076877676	0.07689073	0.0	0.07651385	0.077266194	0.077332385	0.07699443	0.07685539	0.07698006	0.07685535	0.07727958	0.07705091	0.0	0.07639027	0.07671317	0.0
ERR10493304	2	permafrost	0.07694126	0.0768448	0.0	0.07649843	0.07737403	0.07734382	0.07707127	0.07690835	0.0764048	0.077044554	0.07729218	0.077102974	0.0	0.07641631	0.076757215	0.0
ERR10493306	2	permafrost	0.0769691	0.076917835	0.0	0.07651365	0.077364	0.077332176	0.0771111	0.076676235	0.076444216	0.07691274	0.077407084	0.07712049	0.0	0.076472186	0.07675919	0.0
ERR10493308	2	permafrost	0.076842465	0.07689236	0.0	0.07670427	0.07730719	0.07734395	0.07703304	0.07698751	0.07648189	0.076870605	0.07732277	0.07705715	0.0	0.07640127	0.076755516	0.0
ERR10493310	2	permafrost	0.07695534	0.07687991	0.0	0.07649846	0.077372886	0.07734385	0.07703868	0.07689672	0.07646823	0.07693899	0.07729221	0.077152334	0.0	0.07640117	0.07676123	0.0
ERR10493311	2	permafrost	0.07690569	0.07691207	0.0	0.07689326	0.07734737	0.07734394	0.07703377	0.076664545	0.07644435	0.07689425	0.077294044	0.07701118	0.0	0.076401256	0.076854266	0.0
ERR10493312	2	permafrost	0.07690765	0.07687985	0.0	0.07651369	0.0773337	0.07734385	0.07708874	0.076914586	0.07642953	0.076940164	0.077321656	0.07711471	0.0	0.076401174	0.07681069	0.0
ERR10493314	2	permafrost	0.07690283	0.07691439	0.0	0.07640318	0.07739158	0.07734373	0.077130325	0.076746315	0.07640471	0.077052906	0.077323094	0.0771406	0.0	0.07640408	0.076842256	0.0
ERR10493316	2	permafrost	0.07687813	0.0768591	0.0	0.076541014	0.07729084	0.07734384	0.07703018	0.0768988	0.07640482	0.07702415	0.077464014	0.07705946	0.0	0.07648329	0.076722376	0.0
ERR10493318	2	permafrost	0.07688912	0.07686688	0.0	0.07649843	0.07737242	0.07734382	0.07704305	0.076982744	0.0764048	0.07703786	0.077307664	0.07707645	0.0	0.07640417	0.076772586	0.0
ERR10493320	2	permafrost	0.07696909	0.076938346	0.0	0.07649839	0.07740324	0.077343784	0.07708501	0.076730415	0.076404765	0.076938815	0.077293344	0.07716659	0.0	0.07640111	0.07682711	0.0
ERR10493322	2	permafrost	0.07697072	0.07698869	0.0	0.07638993	0.07738971	0.07731783	0.07713989	0.07664648	0.07638993	0.07693841	0.07734929	0.07720753	0.0	0.07638993	0.076881655	0.0
ERR10493324	2	permafrost	0.07696904	0.07697718	0.0	0.07643302	0.07737705	0.07734374	0.0771023	0.07664654	0.07644415	0.07696878	0.07732117	0.0771922	0.0	0.07639	0.07683482	0.0
ERR10493326	2	permafrost	0.07693101	0.0768897	0.0	0.07649845	0.077334456	0.07734384	0.07712015	0.076676264	0.076444246	0.07702688	0.07733713	0.07713026	0.0	0.07648329	0.076784335	0.0
ERR10493328	2	permafrost	0.07694335	0.07687928	0.0	0.076513626	0.077389725	0.077343784	0.07710325	0.07667621	0.07644419	0.077070594	0.07732105	0.07713009	0.0	0.07640111	0.07678375	0.0
ERR10493330	2	permafrost	0.07687757	0.07695231	0.0	0.07639016	0.07726939	0.0773439	0.077001154	0.07663363	0.07697995	0.076885685	0.07730854	0.07712678	0.0	0.07639016	0.07684075	0.0
ERR10493332	2	permafrost	0.07725249	0.0772902	0.0	0.07638971	0.077379525	0.07645967	0.077332124	0.07660545	0.07638971	0.07714513	0.07685148	0.07731696	0.0	0.07638971	0.07719784	0.0
ERR10493333	2	permafrost	0.077087834	0.07720709	0.0	0.07639008	0.07727078	0.07645933	0.07719457	0.07664629	0.076940164	0.07705971	0.07700463	0.07723476	0.0	0.07639008	0.07711468	0.0
ERR10493334	2	permafrost	0.07726803	0.077347316	0.0	0.07638963	0.077342674	0.07638963	0.07733205	0.07661791	0.07638963	0.0771573	0.07679488	0.077347174	0.0	0.07638963	0.07723412	0.0
ERR10493335	2	permafrost	0.0773451	0.07736516	0.0	0.07638949	0.07731215	0.07638949	0.07733191	0.07657188	0.07638949	0.07715716	0.07661599	0.0773759	0.0	0.07638949	0.07736678	0.0
ERR10493336	2	permafrost	0.077243246	0.07723688	0.0	0.07638974	0.07739098	0.0764854	0.07731888	0.07654944	0.07638974	0.07710115	0.07700248	0.077301435	0.0	0.07638974	0.077200904	0.0
ERR10493337	2	permafrost	0.077087834	0.07720709	0.0	0.07639008	0.07727078	0.07645933	0.07719457	0.07664629	0.076940164	0.07705971	0.07700463	0.07723476	0.0	0.07639008	0.07711468	0.0
ERR10493338	2	permafrost	0.077330574	0.07734941	0.0	0.076389566	0.077336885	0.076445684	0.07733198	0.07658779	0.076389566	0.07714336	0.076630525	0.077360936	0.0	0.076389566	0.077314146	0.0
ERR10493339	2	permafrost	0.07730023	0.07736523	0.0	0.07638956	0.07733688	0.07638956	0.077331975	0.0766185	0.07638956	0.0771816	0.07665232	0.07737596	0.0	0.07638956	0.0772791	0.0
ERR10493340	2	permafrost	0.07729742	0.07734946	0.0	0.07638962	0.077336945	0.076445736	0.07733204	0.07661856	0.07638962	0.07714342	0.07667944	0.077345505	0.0	0.07638962	0.0772826	0.0
ERR10493341	2	permafrost	0.076835565	0.07690529	0.0	0.07648538	0.07726942	0.07734398	0.07697991	0.07670627	0.07698003	0.07699075	0.0772943	0.07703408	0.0	0.07639024	0.07678479	0.0
ERR10493343	2	permafrost	0.07693802	0.077062555	0.0	0.07639023	0.07724357	0.07706854	0.07707278	0.0766337	0.07694031	0.07694417	0.07730861	0.077155	0.0	0.07639023	0.07685229	0.0
ERR10493344	2	permafrost	0.077086	0.07716663	0.0	0.07639011	0.07725701	0.07650068	0.07719318	0.076631136	0.076965064	0.077046745	0.07700651	0.07723478	0.0	0.07639011	0.077132046	0.0
ERR10493345	2	permafrost	0.07706212	0.077154174	0.0	0.07639019	0.077228725	0.07676145	0.07720533	0.076552674	0.076940276	0.07702943	0.07701632	0.07722073	0.0	0.07639019	0.07704839	0.0
ERR10493346	2	permafrost	0.07725249	0.0772902	0.0	0.07638971	0.077379525	0.07645967	0.077332124	0.07660545	0.07638971	0.07714513	0.07685148	0.07731696	0.0	0.07638971	0.07719784	0.0
ERR10493347	2	permafrost	0.07728452	0.07733463	0.0	0.07638967	0.07735276	0.07644579	0.07733209	0.07661861	0.07640439	0.07714347	0.07674598	0.07733218	0.0	0.07638967	0.07722622	0.0
ERR10493348	2	permafrost	0.07730121	0.07733458	0.0	0.076389626	0.07735272	0.07644574	0.07733204	0.076572016	0.076389626	0.07714342	0.076745935	0.07733214	0.0	0.076389626	0.07727129	0.0
ERR10493349	2	permafrost	0.077301204	0.07730593	0.0	0.07638962	0.07734136	0.07638962	0.077332035	0.07655881	0.07638962	0.07715728	0.076835014	0.07733189	0.0	0.07638962	0.07727801	0.0
ERR10493357	2	permafrost	0.07730117	0.07733654	0.0	0.07638958	0.07734182	0.07638958	0.077332	0.076571964	0.07638958	0.077157244	0.07674589	0.07734712	0.0	0.07638958	0.07730793	0.0
ERR10493358	2	permafrost	0.07734515	0.07733556	0.0	0.076389536	0.077350676	0.076445654	0.077359736	0.07657193	0.076389536	0.07711563	0.076616034	0.07736091	0.0	0.076389536	0.077330105	0.0
ERR10493359	2	permafrost	0.07726994	0.07732082	0.0	0.07638968	0.07736659	0.07645892	0.07731882	0.07661862	0.07638968	0.077143475	0.07676048	0.07733219	0.0	0.07638968	0.077241115	0.0
ERR10493360	2	permafrost	0.07693641	0.077003576	0.0	0.07649855	0.07730655	0.0770216	0.077132754	0.07692917	0.07644436	0.07698458	0.07726139	0.077164166	0.0	0.07639021	0.0769267	0.0
ERR10493361	2	permafrost	0.07698634	0.077005476	0.0	0.07649849	0.07737532	0.07710389	0.07716606	0.076644935	0.0764443	0.07709267	0.0771303	0.07718183	0.0	0.07641638	0.076953985	0.0
ERR10493362	2	permafrost	0.07688459	0.0770185	0.0	0.077059925	0.07725074	0.07705106	0.077041365	0.07685937	0.076458074	0.07689375	0.07720267	0.07696589	0.0	0.07639036	0.07692369	0.0
ERR10493363	2	permafrost	0.07698566	0.077017546	0.0	0.07649845	0.07741695	0.07710739	0.077184126	0.07665975	0.07644425	0.07697196	0.07723071	0.07717927	0.0	0.0763901	0.07691384	0.0
ERR11413657	3	dental calculus	0.06273013	0.06273006	0.06222243	0.06222243	0.06273188	0.062241822	0.0627335	0.06252018	0.06222243	0.06261527	0.062692665	0.06272443	0.062384788	0.06222243	0.062747136	0.06225843
ERR11413658	3	dental calculus	0.06262981	0.062810756	0.062222604	0.062447958	0.062546484	0.06223149	0.06261601	0.062463846	0.062590815	0.062547505	0.06258705	0.0626323	0.0623437	0.062292892	0.0627231	0.062313672
ERR11413659	3	dental calculus	0.062481083	0.06276661	0.062729895	0.06260337	0.06244028	0.062242057	0.062519915	0.06251356	0.06262487	0.062452897	0.06247485	0.06249498	0.062335607	0.062327888	0.06268002	0.062312122
ERR11413660	3	dental calculus	0.06256783	0.062802	0.062233344	0.06260335	0.06250737	0.062242035	0.06255338	0.06252242	0.06262484	0.06254987	0.06252212	0.06258253	0.062343735	0.06232786	0.06269644	0.062320866
ERR11413661	3	dental calculus	0.06258616	0.06284277	0.06223332	0.06244797	0.062499203	0.062242012	0.06254557	0.06253151	0.06262482	0.06259452	0.062521316	0.06261787	0.062343713	0.06232784	0.06272057	0.062320843
ERR11413662	3	dental calculus	0.06259582	0.06278517	0.062233333	0.06244798	0.06254082	0.062242024	0.06256845	0.062464777	0.062590845	0.06261206	0.0625797	0.06264363	0.062343724	0.06232785	0.062710114	0.0623137
ERR11413663	3	dental calculus	0.06261368	0.06285905	0.0622333	0.062377386	0.06253487	0.06224199	0.06260098	0.06256365	0.06257603	0.0625109	0.062584855	0.062634	0.062351536	0.062292885	0.06271338	0.0623115
ERR11413664	3	dental calculus	0.06273013	0.06273887	0.06222243	0.06222243	0.06272291	0.062241822	0.0627335	0.06250177	0.06222243	0.06262491	0.06268315	0.06273427	0.062384788	0.06222243	0.062746815	0.062267333
ERR11413665	3	dental calculus	0.06248107	0.062793516	0.06272989	0.062603354	0.062437247	0.062242046	0.0625288	0.06250461	0.06261689	0.062454715	0.062502176	0.062512785	0.062335595	0.06229294	0.06266156	0.06230279
ERR11413666	3	dental calculus	0.06244584	0.06281853	0.06272987	0.062638015	0.06241023	0.06224203	0.062484663	0.0625213	0.06262484	0.06251891	0.062467854	0.062496163	0.06232656	0.062301114	0.062671304	0.062302772
ERR11413667	3	dental calculus	0.062488787	0.06280473	0.06272989	0.06260336	0.06240134	0.06224205	0.06252076	0.062481	0.06259087	0.0625014	0.062486786	0.06251098	0.0623356	0.062327877	0.06267179	0.062302794
ERR11413668	3	dental calculus	0.062481023	0.062786706	0.06272989	0.06260336	0.062409334	0.06224205	0.06252848	0.062463086	0.062590875	0.0625105	0.06250599	0.06250297	0.0623356	0.06232788	0.0626866	0.062295638
ERR11413669	3	dental calculus	0.0625958	0.062843025	0.062233314	0.06244796	0.06252545	0.062242	0.0625556	0.062470976	0.06262481	0.062604226	0.06256152	0.06262576	0.062343705	0.062292896	0.062712125	0.062320836
ERR11413670	3	dental calculus	0.062585786	0.06277641	0.06223334	0.06260334	0.06258013	0.06224203	0.062553495	0.062491946	0.06259085	0.06251134	0.062568195	0.06259966	0.062354144	0.062292926	0.06270487	0.06231154
ERR11413671	3	dental calculus	0.06259385	0.06279065	0.06223334	0.062447987	0.062537044	0.062242027	0.06256128	0.062540874	0.06259085	0.06259453	0.0625476	0.06263452	0.06234373	0.062327858	0.062702306	0.06231154
ERR11413672	3	dental calculus	0.06254605	0.06281601	0.062233355	0.062603354	0.06248345	0.062242046	0.06254771	0.06250718	0.06262486	0.062496237	0.06252079	0.062582545	0.06234375	0.06243389	0.0626958	0.06232298
ERR11413673	3	dental calculus	0.06260511	0.062832825	0.06223333	0.062377416	0.06250102	0.06224202	0.06260124	0.06254049	0.06257606	0.06251173	0.06255646	0.06263293	0.062366255	0.06238753	0.06272188	0.062313695
ERR11413674	3	dental calculus	0.0625718	0.06280146	0.06223335	0.062448	0.06250846	0.06224204	0.06254351	0.062449552	0.06262485	0.06257984	0.06255209	0.06262432	0.062343743	0.062442094	0.06271403	0.062320873
ERR11413675	3	dental calculus	0.062422868	0.06279219	0.06272989	0.06263803	0.062383175	0.06224205	0.0624826	0.062466223	0.06262486	0.062484175	0.06245835	0.062479082	0.06232658	0.062460277	0.062697545	0.06231211
ERR11413676	3	dental calculus	0.06254583	0.06279863	0.06223335	0.062482584	0.062483646	0.06224204	0.062545486	0.062505946	0.06262485	0.06259475	0.062523216	0.06260988	0.062334724	0.06242526	0.06272894	0.062320873
ERR11413677	3	dental calculus	0.06253588	0.06279059	0.062233362	0.06260336	0.062466286	0.06224205	0.0624943	0.06250015	0.062624864	0.06252685	0.062488373	0.06254168	0.062327776	0.06269088	0.062612735	0.062320884
ERR11413678	3	dental calculus	0.06273932	0.06270974	0.062222432	0.062222432	0.06273405	0.062241822	0.0627335	0.06251056	0.062222432	0.06262492	0.06268316	0.06273427	0.06238479	0.062222432	0.062746815	0.062267337
ERR11413679	3	dental calculus	0.06253341	0.06280992	0.062719055	0.062482547	0.06250085	0.062242	0.06260274	0.062484194	0.062304918	0.062551595	0.06257454	0.062562004	0.062325507	0.062292896	0.062746495	0.062267326
ERR11413680	3	dental calculus	0.06258578	0.06281171	0.062233333	0.06260333	0.06252579	0.062242024	0.06256843	0.06251345	0.062624834	0.06251157	0.06254196	0.062582515	0.062343724	0.06229292	0.06269602	0.062322613
ERR11413681	3	dental calculus	0.06264788	0.062813304	0.06222256	0.06225702	0.06256261	0.062241953	0.062626466	0.062465414	0.062542036	0.062497266	0.06257195	0.06267408	0.06262282	0.06227696	0.06272766	0.062250026
ERR11413682	3	dental calculus	0.062662385	0.06283595	0.06222251	0.06241185	0.06262969	0.062241904	0.06267464	0.062474415	0.06222251	0.06251638	0.06259748	0.06265501	0.06264588	0.06222251	0.06272834	0.06225855
ERR11413683	3	dental calculus	0.062669784	0.06280372	0.06222254	0.062239695	0.06255148	0.06224193	0.06263556	0.062458083	0.062542014	0.06253781	0.0625693	0.062663704	0.06264661	0.06222254	0.06273591	0.062259316
ERR11413684	3	dental calculus	0.06268958	0.06268178	0.06222248	0.06222248	0.06271129	0.06224187	0.0627146	0.062461596	0.06222248	0.062577374	0.06265175	0.06272455	0.06265061	0.062268693	0.062708914	0.062249944
ERR11413685	3	dental calculus	0.06263899	0.06284234	0.062222503	0.062222503	0.062603265	0.062241893	0.06265807	0.06246826	0.06225629	0.06260739	0.062588334	0.06268918	0.062654935	0.06232834	0.06272774	0.062249966
ERR11413686	3	dental calculus	0.06251028	0.06271924	0.06222267	0.062638044	0.062498316	0.062242065	0.06251828	0.06245552	0.06262488	0.06248409	0.062482946	0.06258085	0.06261506	0.06240712	0.06269627	0.06230436
ERR11413687	3	dental calculus	0.06251001	0.062785886	0.06222264	0.062638015	0.062476367	0.062231522	0.06252585	0.062452354	0.06262484	0.062459704	0.06249127	0.06257935	0.06261503	0.06240709	0.06271207	0.062267993
ERR11413688	3	dental calculus	0.06268958	0.062793255	0.06222249	0.06222249	0.062628165	0.062241882	0.06267524	0.062483493	0.06225628	0.06257943	0.06261568	0.06268917	0.06264017	0.062268704	0.06274403	0.062249955
ERR11413689	3	dental calculus	0.06251028	0.062750764	0.06222267	0.062638044	0.062455576	0.062242065	0.06247543	0.062440846	0.06262488	0.06247049	0.062459055	0.0625475	0.06259901	0.06265575	0.06260328	0.06230436
ERR11413690	3	dental calculus	0.062588155	0.06277787	0.062233333	0.06237742	0.06254547	0.062242024	0.06263259	0.062413625	0.0625421	0.06245748	0.06257246	0.062656015	0.06263195	0.06237476	0.06268677	0.06226798
ERR11413691	3	dental calculus	0.06266879	0.062883206	0.06222247	0.06222247	0.06260433	0.062231354	0.06264026	0.06250717	0.06228215	0.06261317	0.062570356	0.06268272	0.062654905	0.062230654	0.062727496	0.062258508
ERR11413692	3	dental calculus	0.06255444	0.062810436	0.062222637	0.062411975	0.062481873	0.06224203	0.062564045	0.062509865	0.06257608	0.06249274	0.0625093	0.062631935	0.06261352	0.062382966	0.06272018	0.06227598
ERR11413693	3	dental calculus	0.062469132	0.06280892	0.06271908	0.062482573	0.062461723	0.06223152	0.062529236	0.06250224	0.062304944	0.06259648	0.062441666	0.06253368	0.06262993	0.06235481	0.06268558	0.06224849
ERR11413694	3	dental calculus	0.062430244	0.06277981	0.06271909	0.06263802	0.062461663	0.06224204	0.06252179	0.062468708	0.062304955	0.062462498	0.062461417	0.0625171	0.06261519	0.0624071	0.0627112	0.062259175
ERR11413695	3	dental calculus	0.06248104	0.062743284	0.0627299	0.062499832	0.062393952	0.062242065	0.06250806	0.062407672	0.06262487	0.062512465	0.062474485	0.06250405	0.06260686	0.06230115	0.0626747	0.06229559
ERR11413696	3	dental calculus	0.06266422	0.0628124	0.062222544	0.062222544	0.06255239	0.062241934	0.06263557	0.06245219	0.062542014	0.0625088	0.062569305	0.062672965	0.06263187	0.062268756	0.062743925	0.062258583
ERR11413697	3	dental calculus	0.062712975	0.06274932	0.062222455	0.062222455	0.06268133	0.06224185	0.06270604	0.062472608	0.062222455	0.06255927	0.062633455	0.06271511	0.06265489	0.062222455	0.062733404	0.06224992
ERR11413698	3	dental calculus	0.06272985	0.06268823	0.062222462	0.062222462	0.06269603	0.062241856	0.06271458	0.062480576	0.062222462	0.062576056	0.062642686	0.06270528	0.06266536	0.062222462	0.06271971	0.06224993
ERR11413699	3	dental calculus	0.062705174	0.06282875	0.062222447	0.062222447	0.062655985	0.06224184	0.06268364	0.062474623	0.062222447	0.0625592	0.06262433	0.06269614	0.06265488	0.062222447	0.06273572	0.062249914
ERR11413700	3	dental calculus	0.062719785	0.062689096	0.062222466	0.062222466	0.06269604	0.06224186	0.062714584	0.0624878	0.062222466	0.06259461	0.0626253	0.06270614	0.06266536	0.062222466	0.06271964	0.062249932
ERR11413701	3	dental calculus	0.06272985	0.06267996	0.06222246	0.06222246	0.06270563	0.062241852	0.06271458	0.062470958	0.06222246	0.062576115	0.062642686	0.06269615	0.06266535	0.06222246	0.06273711	0.062249925
ERR11413702	3	dental calculus	0.06272984	0.06267996	0.06222246	0.06222246	0.06270563	0.062241852	0.06271458	0.062461577	0.06222246	0.06257611	0.062652074	0.06271469	0.06265596	0.06222246	0.06272797	0.062249925
ERR11413703	3	dental calculus	0.06270416	0.06269605	0.062222462	0.062222462	0.06268849	0.062241856	0.06270418	0.06246158	0.062222462	0.06262229	0.062634714	0.0627063	0.06266536	0.062222462	0.062735245	0.06224993
ERR11413704	3	dental calculus	0.06260423	0.06278281	0.062222626	0.06237742	0.06253552	0.06224202	0.062616535	0.062492218	0.0625421	0.062461775	0.06255049	0.062621824	0.06263195	0.062301107	0.06271307	0.062304314
ERR11413705	3	dental calculus	0.06271971	0.062705755	0.06222247	0.06222247	0.0626767	0.06223135	0.062714584	0.062537946	0.06222247	0.06258625	0.06263328	0.062688336	0.0626549	0.06222247	0.06271138	0.062249936
ERR11413706	3	dental calculus	0.062554374	0.06278642	0.062222637	0.062447987	0.06251995	0.06224203	0.06253352	0.062402464	0.06262484	0.062530555	0.06252019	0.0626226	0.06262408	0.062407088	0.06271116	0.062250104
ERR11413707	3	dental calculus	0.06272984	0.062729664	0.06222246	0.06222246	0.06269027	0.062241852	0.06268808	0.062470958	0.06222246	0.06256838	0.062633455	0.06270528	0.06266535	0.06222246	0.06273711	0.062249925
ERR11413708	3	dental calculus	0.06272067	0.06268914	0.062222462	0.062222462	0.06270563	0.062241856	0.06271458	0.062481392	0.062222462	0.062576115	0.062642686	0.06270528	0.0626549	0.062222462	0.06272798	0.06224993
ERR11413709	3	dental calculus	0.06272984	0.06268836	0.06222246	0.06222246	0.06270563	0.062241852	0.06271458	0.062461577	0.06222246	0.06257611	0.062642686	0.06270629	0.06266535	0.06222246	0.06272797	0.062249925
ERR11413710	3	dental calculus	0.062579885	0.06283321	0.06223334	0.062447987	0.0625034	0.062242027	0.06253928	0.062464517	0.06262484	0.06257997	0.0625261	0.06262552	0.06234373	0.062460255	0.06270429	0.06229167
ERR11413711	3	dental calculus	0.062696256	0.062855795	0.06222243	0.06222243	0.062685356	0.062241822	0.062689535	0.062486526	0.06225622	0.06267112	0.06264852	0.062718205	0.06238479	0.06222243	0.06274015	0.06225843
ERR11413712	3	dental calculus	0.062422857	0.06277435	0.06272987	0.062638015	0.062367912	0.062242035	0.062450472	0.062491246	0.06262485	0.06246872	0.062408045	0.06246286	0.062310595	0.0627091	0.062594116	0.06230494
ERR11413713	3	dental calculus	0.0625281	0.06281775	0.062233355	0.062603354	0.062489912	0.062242042	0.062520206	0.06249685	0.06262486	0.06254235	0.062505946	0.06258375	0.062343746	0.062442098	0.062704794	0.062320877
ERR11413714	3	dental calculus	0.062422868	0.06279253	0.0627191	0.06263803	0.062384464	0.062250953	0.062485754	0.062507644	0.062624864	0.062474433	0.062459037	0.062496774	0.06232658	0.062417064	0.06269711	0.062302794
ERR11413715	3	dental calculus	0.062470723	0.06282357	0.06271908	0.062482566	0.06238748	0.06223151	0.062493697	0.06256232	0.062624834	0.06254358	0.06247682	0.06253206	0.062326554	0.06230111	0.062721334	0.06230277
ERR11413716	3	dental calculus	0.062439	0.062761165	0.062729895	0.06260337	0.06236828	0.062242053	0.062459584	0.062481355	0.062624864	0.06245806	0.062443286	0.06245295	0.06231963	0.062682636	0.06261248	0.06232138
ERR11413717	3	dental calculus	0.0624484	0.06279841	0.062729895	0.062448014	0.06238782	0.062242053	0.062485423	0.062497776	0.062624864	0.06256245	0.06245851	0.06252118	0.062335603	0.06244211	0.06270536	0.06231212
ERR11413718	3	dental calculus	0.06252812	0.062787734	0.062233366	0.06260337	0.06248584	0.062242053	0.06255261	0.062526606	0.062590875	0.0625157	0.062523104	0.06260962	0.062343758	0.06244211	0.06269424	0.062320888
ERR11413719	3	dental calculus	0.06241275	0.062824965	0.06271908	0.06263801	0.0623419	0.06223152	0.062485576	0.062528595	0.06262484	0.06246725	0.0624507	0.0625136	0.06232656	0.06242525	0.06269733	0.062312093
ERR11413720	3	dental calculus	0.062436502	0.06280142	0.06272989	0.06263802	0.062359	0.062231533	0.062480323	0.06253728	0.06262486	0.062473163	0.06242654	0.062471144	0.062310603	0.06260263	0.06258014	0.062296953
ERR11413721	3	dental calculus	0.06245718	0.062826544	0.06272989	0.062482588	0.062388048	0.062242046	0.062494308	0.06251588	0.06259087	0.06253808	0.062466767	0.06253791	0.062326577	0.0624421	0.06268761	0.062273607
ERR11413722	3	dental calculus	0.0626035	0.06285459	0.062222604	0.062377393	0.062510625	0.062241998	0.06259293	0.06256366	0.06257604	0.06256614	0.06255779	0.06261699	0.062351543	0.062327825	0.062724866	0.062311508
ERR11413723	3	dental calculus	0.062431246	0.06275876	0.062729895	0.06260337	0.062341515	0.062242057	0.062474914	0.062491268	0.06259088	0.062496915	0.062442575	0.06247005	0.062319633	0.062682636	0.0626029	0.062321384
ERR11413724	3	dental calculus	0.0625072	0.06277835	0.06271913	0.062448036	0.06240275	0.06224208	0.06251315	0.06250601	0.0625909	0.06248143	0.06247681	0.062495053	0.06231965	0.062584445	0.06263002	0.062304985
ERR11413725	3	dental calculus	0.06248388	0.06283269	0.06272987	0.06248258	0.062445104	0.062242035	0.062553555	0.062483367	0.06230495	0.06260774	0.062512405	0.06255631	0.06233488	0.06244209	0.06268575	0.06230278
ERR11413726	3	dental calculus	0.0627045	0.06280659	0.062222455	0.062222455	0.062697686	0.06224185	0.06268405	0.06258204	0.062248327	0.06261586	0.06261672	0.0627343	0.062384814	0.062240563	0.062730834	0.062266942
ERR11413727	3	dental calculus	0.062596984	0.06278257	0.06222257	0.06222257	0.062539056	0.062241964	0.06262536	0.062553115	0.06257601	0.06260163	0.06259128	0.062674716	0.06235151	0.0623747	0.06276235	0.062283613
ERR11413728	3	dental calculus	0.06252809	0.062857695	0.062233336	0.06260333	0.06246722	0.062242024	0.06252641	0.062484004	0.062624834	0.062532395	0.062539995	0.06258266	0.062343728	0.06240708	0.062714346	0.06231286
ERR11413729	3	dental calculus	0.06255571	0.06289817	0.06223331	0.06241194	0.062498275	0.06223149	0.062599756	0.06257172	0.06254208	0.062541045	0.062548585	0.062632546	0.062342525	0.062374733	0.06270445	0.062313672
ERR11413731	3	dental calculus	0.062407102	0.0627916	0.062729865	0.06263801	0.062337164	0.062231515	0.062482577	0.062513895	0.062650874	0.06252622	0.062421177	0.06249347	0.062326558	0.062460255	0.06270472	0.062285006
ERR11413732	3	dental calculus	0.062486768	0.062790744	0.06222263	0.06263801	0.062443946	0.06223151	0.062497716	0.062525444	0.062624834	0.062595874	0.062470045	0.06254966	0.06231873	0.06269085	0.062630884	0.06228235
ERR11413733	3	dental calculus	0.06258573	0.06280291	0.06223333	0.06260333	0.06252488	0.06224202	0.06256965	0.062455673	0.06262483	0.062550455	0.06256232	0.06257341	0.06234372	0.062292915	0.06271399	0.06232085
ERR11413734	3	dental calculus	0.062599175	0.06279851	0.062233355	0.06237744	0.06251823	0.062242046	0.06260202	0.06248568	0.062542126	0.062497932	0.06257799	0.06259996	0.06233561	0.06264749	0.06262155	0.062320877
ERR11413735	3	dental calculus	0.06256209	0.062768795	0.062233366	0.06260336	0.062492404	0.062242053	0.06255389	0.0624836	0.062590875	0.06245364	0.06251494	0.06254848	0.06232778	0.062682636	0.06262835	0.062313728
ERR11413736	3	dental calculus	0.06273932	0.062711366	0.062222432	0.062222432	0.062714845	0.062241826	0.06271352	0.06251056	0.062222432	0.06265536	0.06268316	0.06274341	0.062384795	0.062222432	0.06274511	0.062267005
ERR11413737	3	dental calculus	0.06251478	0.06277925	0.06272987	0.06237743	0.062483575	0.06224203	0.0625746	0.06260103	0.06257608	0.062444746	0.062536426	0.062537454	0.062334083	0.06229293	0.06269996	0.062275752
ERR11413738	3	dental calculus	0.06273933	0.06269997	0.06222244	0.06222244	0.06273335	0.06225021	0.062724374	0.06258539	0.06222244	0.06262615	0.06269265	0.06272543	0.06236504	0.06222244	0.06270991	0.062258437
ERR11413739	3	dental calculus	0.06266993	0.0628166	0.06222245	0.06225691	0.062676005	0.062231332	0.062676	0.06258384	0.06225624	0.06265176	0.06261933	0.06270982	0.06236537	0.06222245	0.0627835	0.06225845
ERR11413740	3	dental calculus	0.06271248	0.062698945	0.062222507	0.0623005	0.06273173	0.0622419	0.06270877	0.06251039	0.062281705	0.06262451	0.06264678	0.06270806	0.062436827	0.062222507	0.06268497	0.062267415
ERR11413741	3	dental calculus	0.062722445	0.06278628	0.062222425	0.062222425	0.0627023	0.06224182	0.0627111	0.06254869	0.062222425	0.06262491	0.0626465	0.06273427	0.062374372	0.062222425	0.06275919	0.062258426
ERR11413742	3	dental calculus	0.06272048	0.062728055	0.062222436	0.062222436	0.06273406	0.06224183	0.06272343	0.06256078	0.062222436	0.06260609	0.06266229	0.062734276	0.0623848	0.062222436	0.06274682	0.062267344
ERR11413743	3	dental calculus	0.06272048	0.062728055	0.062222436	0.062222436	0.06273406	0.06224183	0.06272343	0.06256078	0.062222436	0.06260609	0.06266229	0.062734276	0.0623848	0.062222436	0.06274682	0.062267344
ERR11413744	3	dental calculus	0.06272047	0.06271892	0.062222436	0.062222436	0.06273343	0.06224183	0.06272343	0.06256078	0.062222436	0.06262478	0.06266229	0.062734276	0.062384795	0.062222436	0.06274682	0.062258434
ERR11413745	3	dental calculus	0.06259718	0.06281336	0.062222578	0.06225704	0.06253379	0.06224197	0.062608205	0.06256083	0.06257602	0.06257707	0.062563375	0.062693395	0.0623425	0.062398825	0.062737815	0.062276058
ERR11413746	3	dental calculus	0.06273014	0.062734164	0.062222436	0.062222436	0.06272601	0.062241826	0.06273351	0.062519945	0.062222436	0.06264325	0.06267406	0.062715605	0.062384795	0.062222436	0.06273962	0.06226734
ERR11413747	3	dental calculus	0.06268966	0.06275334	0.062222533	0.062222533	0.06263392	0.062241927	0.06263518	0.06250392	0.06254201	0.06254962	0.06264861	0.06270029	0.062361885	0.06226875	0.062751554	0.062274262
ERR11413748	3	dental calculus	0.06273932	0.06273342	0.062222432	0.062222432	0.062726006	0.062241826	0.0627335	0.062519945	0.062222432	0.06262492	0.06268316	0.06271501	0.06238479	0.062222432	0.06274103	0.06226734
ERR11413749	3	dental calculus	0.062713265	0.06274266	0.062222492	0.062300485	0.062726066	0.062241886	0.06270875	0.062520005	0.06228169	0.062624976	0.062646754	0.06270804	0.06237723	0.062222492	0.0626958	0.062267397
ERR11413750	3	dental calculus	0.06272197	0.062726565	0.06222244	0.06222244	0.06273406	0.062241834	0.062723435	0.06257018	0.06222244	0.06260609	0.06266229	0.06272486	0.0623848	0.06222244	0.06274682	0.062267344
ERR11413751	3	dental calculus	0.06265956	0.06282955	0.062222518	0.062335014	0.06266864	0.06227665	0.062652215	0.0626043	0.062281717	0.06260645	0.0625907	0.06270078	0.062349007	0.06224881	0.062706664	0.062267426
ERR11413752	3	dental calculus	0.06246314	0.062794395	0.06272988	0.062603354	0.06240187	0.062242042	0.06252499	0.062497687	0.06262486	0.06249027	0.062476907	0.062485866	0.06233559	0.062327873	0.06269633	0.062304948
ERR11413753	3	dental calculus	0.062449165	0.062792435	0.0627299	0.06260337	0.06240218	0.06224206	0.06248674	0.06248868	0.06262487	0.062455002	0.062475577	0.062487096	0.06233561	0.062433906	0.06268128	0.062312122
ERR11413754	3	dental calculus	0.06262885	0.06276964	0.062222566	0.062447917	0.06265977	0.062241957	0.06265867	0.06246289	0.06227106	0.0626467	0.06261439	0.06267478	0.062366664	0.062328402	0.06272214	0.062283605
ERR11413755	3	dental calculus	0.06259009	0.062708244	0.062233366	0.062448014	0.06253982	0.062242053	0.06255332	0.06245031	0.062624864	0.06252637	0.06255552	0.06261518	0.06232778	0.062682636	0.06261873	0.062283702
ERR11413756	3	dental calculus	0.06263979	0.06278965	0.06223331	0.062222604	0.062568724	0.062241998	0.062607445	0.06251635	0.06254208	0.06258719	0.06257959	0.062660776	0.062335566	0.06254107	0.06264224	0.06229164
ERR11413757	3	dental calculus	0.062615804	0.0627992	0.062233284	0.06222258	0.06255303	0.062241975	0.06261614	0.06250805	0.06257602	0.062613085	0.06257855	0.06268385	0.06235152	0.06240969	0.06271359	0.062283624
ERR11413758	3	dental calculus	0.06260363	0.062771276	0.062222663	0.062448014	0.06253695	0.062242057	0.06255394	0.06246145	0.062590875	0.06257856	0.062564716	0.062607765	0.062327784	0.06254113	0.0626363	0.062312894
ERR11413759	3	dental calculus	0.06258615	0.06281881	0.062222607	0.06244796	0.062509805	0.062242	0.06256158	0.06252882	0.06262481	0.06257616	0.06255962	0.062632695	0.062343705	0.062292896	0.06273954	0.062312838
ERR11656729	3	bone	0.06273931	0.06273612	0.06222243	0.06222243	0.06271663	0.06224182	0.06272437	0.06251055	0.06222243	0.06262491	0.06268315	0.06273355	0.062384788	0.06222243	0.06275666	0.062258426
ERR11656730	3	bone	0.06273931	0.06273612	0.06222243	0.06222243	0.06271663	0.06224182	0.0627335	0.06251055	0.06222243	0.06262491	0.06268315	0.06272443	0.062384788	0.06222243	0.06275666	0.062258426
ERR11656731	3	bone	0.06273931	0.06273612	0.06222243	0.06222243	0.06271663	0.06224182	0.0627335	0.06251055	0.06222243	0.06262491	0.06268315	0.06272443	0.062384788	0.06222243	0.06275666	0.062258426
ERR11656732	3	bone	0.06274779	0.062736124	0.06222243	0.06222243	0.06271664	0.062241822	0.062715895	0.06252059	0.06222243	0.06262491	0.06268315	0.06273356	0.062384788	0.06222243	0.062746584	0.06225843
ERR11656733	3	bone	0.06273931	0.06272498	0.06222243	0.06222243	0.06272778	0.06224182	0.0627335	0.06251055	0.06222243	0.06262491	0.06268315	0.06272443	0.062384788	0.06222243	0.06275666	0.062258426
ERR11656734	3	bone	0.06273931	0.06273612	0.06222243	0.06222243	0.06271663	0.06224182	0.0627335	0.06251055	0.06222243	0.06262491	0.06268315	0.06272443	0.062384788	0.06222243	0.06275666	0.062258426
ERR11656735	3	bone	0.06273931	0.06273612	0.06222243	0.06222243	0.06271663	0.06224182	0.0627335	0.06251055	0.06222243	0.06262491	0.06268315	0.06272443	0.062384788	0.06222243	0.06275666	0.062258426
ERR11656736	3	bone	0.06273931	0.06273612	0.06222243	0.06222243	0.06271663	0.06224182	0.0627335	0.06251055	0.06222243	0.06262491	0.06268315	0.06273427	0.062384788	0.06222243	0.06274681	0.062258426
ERR11656737	3	bone	0.06273931	0.062736124	0.06222243	0.06222243	0.06271664	0.062241822	0.0627335	0.0625195	0.06222243	0.06262491	0.06268315	0.06272443	0.062384788	0.06222243	0.06274768	0.06225843
ERR11656738	3	bone	0.06273931	0.06273612	0.06222243	0.06222243	0.06271663	0.06224182	0.0627335	0.06251055	0.06222243	0.06262491	0.06268315	0.06272443	0.062384788	0.06222243	0.06275666	0.062258426
ERR11656739	3	bone	0.06273931	0.06274525	0.062222425	0.062222425	0.06271663	0.06224182	0.062733494	0.06251055	0.062222425	0.0626158	0.06268315	0.06272442	0.062384784	0.062222425	0.06275666	0.062258426
ERR11656740	3	bone	0.06273931	0.06272498	0.06222243	0.06222243	0.06272778	0.06224182	0.0627335	0.06251055	0.06222243	0.06262491	0.06268315	0.06273427	0.062384788	0.06222243	0.06274681	0.062258426
ERR11656741	3	bone	0.06273931	0.06272088	0.06222243	0.06222243	0.06273188	0.06224182	0.0627335	0.06251055	0.06222243	0.06262491	0.06268315	0.06273427	0.062384788	0.06222243	0.06274681	0.062258426
ERR11656742	3	bone	0.06273931	0.06273001	0.062222425	0.062222425	0.06273188	0.06224182	0.062733494	0.06251055	0.062222425	0.0626158	0.06268315	0.06273427	0.062384788	0.062222425	0.06274681	0.062258426
ERR11656743	3	bone	0.06273931	0.06273612	0.06222243	0.06222243	0.06271663	0.06224182	0.0627335	0.06251055	0.06222243	0.06262491	0.06268315	0.06273427	0.062384788	0.06222243	0.06274681	0.062258426
ERR11656744	3	bone	0.06273931	0.06273612	0.06222243	0.06222243	0.06271663	0.06224182	0.0627335	0.06251055	0.06222243	0.06262491	0.06268315	0.06273427	0.062384788	0.06222243	0.06274681	0.062258426
ERR11656745	3	bone	0.06273931	0.06274525	0.062222425	0.062222425	0.06271663	0.06224182	0.062733494	0.06251055	0.062222425	0.0626158	0.06268315	0.06273427	0.062384788	0.062222425	0.06274681	0.062258426
ERR11656746	3	bone	0.06273931	0.06273612	0.06222243	0.06222243	0.06271663	0.06224182	0.0627335	0.06251055	0.06222243	0.06262491	0.06268315	0.06273427	0.062384788	0.06222243	0.06274681	0.062258426
ERR11656747	3	bone	0.06273931	0.06273612	0.06222243	0.06222243	0.06271663	0.06224182	0.0627335	0.06251055	0.06222243	0.06262491	0.06268315	0.06273427	0.062384788	0.06222243	0.06274681	0.062258426
ERR11656748	3	bone	0.06273931	0.06273612	0.06222243	0.06222243	0.06271663	0.06224182	0.0627335	0.06251055	0.06222243	0.06262491	0.06268315	0.06273427	0.062384788	0.06222243	0.06274681	0.062258426
ERR11660399	2	tooth	0.07711885	0.077545226	0.0	0.076405175	0.07695193	0.076445654	0.07714709	0.07711795	0.07672281	0.077007055	0.076600365	0.07721459	0.0	0.07646642	0.07725689	0.0
ERR11660400	2	tooth	0.07713338	0.077592015	0.0	0.07640517	0.07693982	0.07638995	0.077148125	0.07707697	0.07674686	0.07699391	0.07658883	0.07719072	0.0	0.07654861	0.07724563	0.0
ERR11660401	2	tooth	0.07724304	0.07755792	0.0	0.0764048	0.07720403	0.07638959	0.07726532	0.076614864	0.07640188	0.07710499	0.07665905	0.077333935	0.0	0.0764522	0.077368364	0.0
ERR11660402	2	tooth	0.077133276	0.07760163	0.0	0.07640507	0.07699512	0.07638986	0.077193536	0.076937936	0.07668313	0.07703508	0.07661791	0.07721667	0.0	0.076452464	0.07733833	0.0
ERR11660403	2	tooth	0.07709936	0.077627406	0.0	0.07640513	0.07694374	0.076389916	0.07716586	0.076912954	0.07642616	0.07694307	0.07667789	0.077214666	0.0	0.07691841	0.07727544	0.0
ERR11660404	2	tooth	0.077255465	0.07760512	0.0	0.07640477	0.077163704	0.076389566	0.07725311	0.07661484	0.07640185	0.077107914	0.07664567	0.077337466	0.0	0.07645217	0.077368334	0.0
ERR11660405	2	tooth	0.07713332	0.07755284	0.0	0.07640511	0.077036105	0.0763899	0.07719217	0.07688434	0.07674681	0.077034846	0.076617956	0.077239975	0.0	0.07645251	0.07731413	0.0
ERR11660406	2	tooth	0.077038005	0.07757514	0.0	0.07640533	0.076940775	0.07639012	0.077098906	0.07687072	0.076722965	0.07693233	0.07679044	0.07713772	0.0	0.076836005	0.07726153	0.0
ERR11660407	2	tooth	0.07720774	0.0775158	0.0	0.07640492	0.07712083	0.07638971	0.077232644	0.07685444	0.076402	0.077105574	0.07664316	0.07731848	0.0	0.07645232	0.077352375	0.0
ERR11660408	2	tooth	0.07713332	0.077588715	0.0	0.07640511	0.0769819	0.076389894	0.07719359	0.0768439	0.07668317	0.07708752	0.07661739	0.07722886	0.0	0.076534696	0.077311926	0.0
ERR11660409	2	tooth	0.07706242	0.07755788	0.0	0.076405294	0.076902166	0.07639009	0.077152714	0.07688588	0.07670741	0.0769968	0.076624155	0.077150024	0.0	0.076932505	0.07723268	0.0
ERR11660410	2	tooth	0.07726841	0.07754585	0.0	0.07640477	0.07721248	0.07638956	0.07726529	0.07664445	0.07640185	0.07711861	0.0766578	0.07733301	0.0	0.07638956	0.077368334	0.0
ERR11660411	2	tooth	0.077077046	0.07760213	0.0	0.07640523	0.07695505	0.07639001	0.07715264	0.07684402	0.07670733	0.07701073	0.07658176	0.07716379	0.0	0.07683591	0.07727434	0.0
ERR11660412	2	tooth	0.07706246	0.077547744	0.0	0.07640533	0.07686359	0.07639012	0.077153295	0.07685841	0.07674703	0.07697115	0.0767089	0.07713866	0.0	0.07691861	0.07723471	0.0
ERR11660413	2	tooth	0.07720778	0.07752807	0.0	0.07640496	0.07710751	0.07638975	0.07721908	0.076854475	0.076465435	0.07709261	0.076631285	0.07731852	0.0	0.07645236	0.07732817	0.0
ERR11660414	2	tooth	0.07709939	0.077587135	0.0	0.07640516	0.0769038	0.07638995	0.0771528	0.07693803	0.07644167	0.07694507	0.076677926	0.07721282	0.0	0.07695924	0.07728701	0.0
ERR11660415	2	tooth	0.07709735	0.077643	0.0	0.0764051	0.076999374	0.076389894	0.07716596	0.07691517	0.07644161	0.076971695	0.07663551	0.07721464	0.0	0.07683578	0.07728491	0.0
ERR11660416	2	tooth	0.07720778	0.07752053	0.0	0.07640496	0.07709496	0.07638975	0.07723268	0.076854475	0.07638975	0.077092454	0.076631285	0.077307396	0.0	0.07653455	0.077339426	0.0
ERR11660417	2	tooth	0.077048585	0.07753359	0.0	0.076405294	0.07690132	0.07639008	0.07715129	0.07687246	0.07672293	0.07697111	0.076624155	0.07717496	0.0	0.07691857	0.07728565	0.0
ERR11660418	2	tooth	0.07707704	0.07761502	0.0	0.07640521	0.07694224	0.076390006	0.07716495	0.07683174	0.076707326	0.07701071	0.07658175	0.07716378	0.0	0.07683589	0.07727432	0.0
ERR11660419	2	tooth	0.07720774	0.07752809	0.0	0.07640492	0.07713601	0.07638971	0.077232644	0.07685444	0.076402	0.077105574	0.07664338	0.07729081	0.0	0.07645232	0.077352375	0.0
ERR11660420	2	tooth	0.07707862	0.07761902	0.0	0.07640513	0.07694765	0.07638992	0.07710834	0.07685881	0.076937556	0.077060066	0.07663379	0.07721185	0.0	0.07645253	0.07729671	0.0
ERR11660421	2	tooth	0.077155605	0.07766053	0.0	0.076404974	0.0770077	0.07638976	0.077149734	0.07711775	0.07646545	0.07700791	0.07667217	0.07724152	0.0	0.07645237	0.07727452	0.0
ERR11660422	2	tooth	0.07720772	0.07756849	0.0	0.07640491	0.07709522	0.07638969	0.07722044	0.076854415	0.07640198	0.07710555	0.07664315	0.07730378	0.0	0.0764523	0.07735236	0.0
ERR11660423	2	tooth	0.077133305	0.07759049	0.0	0.07640509	0.077007934	0.07638988	0.07716675	0.07693899	0.076722726	0.07702211	0.07661794	0.07721395	0.0	0.07645249	0.07733835	0.0
ERR11660424	2	tooth	0.077041574	0.07754837	0.0	0.07640519	0.07684834	0.07638998	0.07707996	0.076871306	0.07726042	0.07696611	0.07660536	0.07714984	0.0	0.07654864	0.07728492	0.0
ERR11660425	2	tooth	0.07720774	0.07753892	0.0	0.076404914	0.07713542	0.07638971	0.07723264	0.07689937	0.07638971	0.07709018	0.07663124	0.0772908	0.0	0.076452315	0.07733705	0.0
ERR11660426	2	tooth	0.0771703	0.077616274	0.0	0.076404944	0.077065915	0.07638973	0.07720583	0.07694021	0.07644145	0.07707597	0.07664628	0.07725369	0.0	0.076452345	0.07733707	0.0
ERR11660427	2	tooth	0.07717033	0.07762029	0.0	0.07640497	0.07698328	0.07638976	0.07717534	0.07711912	0.076402046	0.07704798	0.07661712	0.07725324	0.0	0.076534554	0.077281974	0.0
ERR11660428	2	tooth	0.07719529	0.0775559	0.0	0.076404914	0.07710856	0.0763897	0.07723264	0.07685443	0.07640199	0.0770899	0.07665651	0.07730548	0.0	0.076452315	0.07735237	0.0
ERR11660429	2	tooth	0.077334106	0.077376164	0.0	0.07638949	0.07731215	0.07638949	0.07733191	0.07657188	0.07638949	0.077157155	0.07661599	0.0773759	0.0	0.07638949	0.07736678	0.0
ERR11660430	2	tooth	0.0773451	0.07736516	0.0	0.07638949	0.07731215	0.07638949	0.07733191	0.07657188	0.07638949	0.07715716	0.07661599	0.0773759	0.0	0.07638949	0.07736678	0.0
ERR11660431	2	tooth	0.0773451	0.0773754	0.0	0.07638949	0.07731215	0.07638949	0.07732168	0.07657188	0.07638949	0.077157155	0.07661599	0.0773759	0.0	0.07638949	0.07736678	0.0
ERR11660432	2	tooth	0.0773451	0.07736516	0.0	0.07638949	0.07731215	0.07638949	0.07733191	0.07657188	0.07638949	0.07715716	0.07661599	0.0773759	0.0	0.07638949	0.07736678	0.0
ERR11660433	2	tooth	0.07734509	0.07736515	0.0	0.076389484	0.07732495	0.076389484	0.07731501	0.076559186	0.076389484	0.07715715	0.076615974	0.07737589	0.0	0.076389484	0.07738366	0.0
ERR11660434	2	tooth	0.07734521	0.07733444	0.0	0.076389596	0.07728278	0.076389596	0.07728315	0.07676378	0.076389596	0.0771421	0.07658691	0.07736164	0.0	0.076389596	0.0773416	0.0
ERR11660435	2	tooth	0.07734509	0.07736515	0.0	0.076389484	0.07732495	0.076389484	0.07731501	0.076559186	0.076389484	0.07715715	0.076615974	0.07737589	0.0	0.076389484	0.07738366	0.0
ERR11660436	2	tooth	0.0773451	0.07736516	0.0	0.07638949	0.07731215	0.07638949	0.077315025	0.07657188	0.07638949	0.077157155	0.07661599	0.0773759	0.0	0.07638949	0.077383675	0.0
ERR11660437	2	tooth	0.07734509	0.07736515	0.0	0.076389484	0.07732495	0.076389484	0.07731501	0.076559186	0.076389484	0.07715715	0.076615974	0.07737589	0.0	0.076389484	0.07738366	0.0
ERR11660438	2	tooth	0.07734458	0.07732011	0.0	0.07638969	0.077255644	0.07646008	0.07722584	0.07685024	0.07638969	0.07709787	0.07658701	0.07733238	0.0	0.07638969	0.07735718	0.0
ERR11660439	2	tooth	0.077329844	0.077320084	0.0	0.07638967	0.07724093	0.07638967	0.07725441	0.07690916	0.07638967	0.07711181	0.07660155	0.07731829	0.0	0.07638967	0.07735524	0.0
ERR11660440	2	tooth	0.07735805	0.07732006	0.0	0.07640486	0.0772556	0.07638965	0.07726946	0.0768502	0.07638965	0.07711179	0.07658696	0.077347815	0.0	0.07638965	0.07732626	0.0
ERR11660441	2	tooth	0.07732983	0.07732007	0.0	0.076389655	0.07725561	0.076389655	0.07725439	0.076895356	0.076389655	0.077111796	0.07658697	0.077361695	0.0	0.076389655	0.07732567	0.0
ERR11660442	2	tooth	0.07735811	0.07732013	0.0	0.07648485	0.077255666	0.076389715	0.07722767	0.07686616	0.076389715	0.077111855	0.076572835	0.07730544	0.0	0.076389715	0.077328146	0.0
ERR11660443	2	tooth	0.077358045	0.07732006	0.0	0.07638965	0.0772556	0.07638965	0.07726946	0.0768502	0.07638965	0.07711179	0.07660576	0.077347815	0.0	0.07638965	0.07732268	0.0
ERR11660444	2	tooth	0.07735804	0.07732005	0.0	0.07638963	0.077255584	0.07638963	0.07726944	0.07685018	0.07638963	0.07711177	0.07658695	0.0773478	0.0	0.07638963	0.07734164	0.0
ERR11660445	2	tooth	0.07732982	0.07732006	0.0	0.07638965	0.0772556	0.07638965	0.077254385	0.07687945	0.07638965	0.07711179	0.07658696	0.07736169	0.0	0.07638965	0.07734165	0.0
ERR11660446	2	tooth	0.077325694	0.07732008	0.0	0.07638966	0.07724092	0.07638966	0.07726947	0.076881036	0.07638966	0.07712738	0.07660154	0.07734783	0.0	0.07638966	0.07732739	0.0
ERR11660447	2	tooth	0.07735804	0.07733448	0.0	0.07640485	0.077255584	0.07638963	0.07726944	0.076822065	0.07638963	0.07711178	0.07658695	0.07734619	0.0	0.07638963	0.07734173	0.0
ERR11660448	2	tooth	0.07735803	0.07732004	0.0	0.076389626	0.07725558	0.076389626	0.077269435	0.07683639	0.076389626	0.07711177	0.07658694	0.07736167	0.0	0.076389626	0.07734163	0.0
ERR11660449	2	tooth	0.07735804	0.077320054	0.0	0.07638963	0.0772409	0.07638963	0.07726944	0.0768364	0.07638963	0.07711178	0.07660152	0.07736168	0.0	0.07638963	0.077341646	0.0
ERR11660450	2	tooth	0.07735806	0.07730546	0.0	0.076389655	0.077258065	0.076389655	0.077269465	0.07688133	0.076389655	0.0771118	0.07659901	0.07734782	0.0	0.076389655	0.07731035	0.0
ERR11660451	2	tooth	0.07734509	0.07736515	0.0	0.076389484	0.07732495	0.076389484	0.0773319	0.076559186	0.076389484	0.07715715	0.076615974	0.07737589	0.0	0.076389484	0.07736676	0.0
ERR11660452	2	tooth	0.077333115	0.0774035	0.0	0.076389484	0.077312134	0.076389484	0.07732047	0.07657187	0.076389484	0.07715715	0.07660119	0.07737589	0.0	0.076389484	0.07736676	0.0
ERR11660453	2	tooth	0.07734509	0.07736515	0.0	0.076389484	0.07732495	0.076389484	0.0773319	0.076559186	0.076389484	0.07715715	0.076615974	0.07737589	0.0	0.076389484	0.07736676	0.0
ERR11660454	2	tooth	0.07732002	0.07743156	0.0	0.0763895	0.07728313	0.0763895	0.077331915	0.07657188	0.0763895	0.07714496	0.07663056	0.07736121	0.0	0.0763895	0.07736678	0.0
ERR11660455	2	tooth	0.07734509	0.07736515	0.0	0.076389484	0.07732495	0.076389484	0.0773319	0.076559186	0.076389484	0.07715715	0.076615974	0.07737589	0.0	0.076389484	0.07736676	0.0
ERR11660456	2	tooth	0.077181414	0.07760892	0.0	0.07640505	0.077012084	0.076389834	0.077185124	0.07687152	0.07640212	0.077052414	0.07682713	0.07723842	0.0	0.076553494	0.07727248	0.0
ERR11660457	2	tooth	0.07716954	0.077644356	0.0	0.07650026	0.07701214	0.07638989	0.07715569	0.076875195	0.07640217	0.07705247	0.076812945	0.077172846	0.0	0.076553546	0.07725897	0.0
ERR11660458	2	tooth	0.07711252	0.07758075	0.0	0.07640518	0.07701551	0.07638997	0.07714233	0.07691461	0.076402254	0.07698573	0.07695744	0.07720974	0.0	0.07670237	0.0771816	0.0
ERR11660459	2	tooth	0.07712445	0.0776194	0.0	0.076405086	0.07702783	0.07638987	0.07718517	0.07687156	0.07640216	0.07705245	0.076957345	0.07719749	0.0	0.07655353	0.07721366	0.0
ERR11660460	2	tooth	0.07734511	0.07736517	0.0	0.07638951	0.07731051	0.07638951	0.07733192	0.0765888	0.07638951	0.07714178	0.076616	0.07737591	0.0	0.07638951	0.077366784	0.0
ERR11660461	2	tooth	0.077024385	0.07752511	0.0	0.07640542	0.07682391	0.07639021	0.077017285	0.07694151	0.07697754	0.07691659	0.076843776	0.07712221	0.0	0.07682483	0.07718721	0.0
ERR11660462	2	tooth	0.07710227	0.077517614	0.0	0.07640527	0.07688745	0.07639006	0.07707004	0.07703794	0.07644178	0.07690405	0.07681695	0.077099405	0.0	0.077167824	0.07715934	0.0
ERR11660463	2	tooth	0.07706341	0.077556245	0.0	0.07640526	0.07693028	0.07639004	0.07702233	0.07662166	0.07726049	0.07695828	0.07674548	0.07712813	0.0	0.076702446	0.07721597	0.0
ERR11660464	2	tooth	0.07714181	0.0775499	0.0	0.07640523	0.0769287	0.07639002	0.07713976	0.07705195	0.076441735	0.076930925	0.07688068	0.077199146	0.0	0.07677157	0.07716857	0.0
ERR11660465	2	tooth	0.07715381	0.07758805	0.0	0.07640504	0.077055976	0.07638983	0.07710904	0.07711828	0.07642925	0.0770051	0.076841064	0.07721543	0.0	0.07642938	0.07725975	0.0
ERR11660466	2	tooth	0.07705962	0.07754709	0.0	0.07640522	0.07691387	0.076390006	0.07710133	0.07690258	0.0764023	0.07694682	0.07680609	0.07712768	0.0	0.07720977	0.077187635	0.0
ERR12115113	4	dental calculus	0.06253643	0.06283749	0.06223144	0.062230103	0.06242567	0.062222555	0.06259921	0.062505454	0.06271813	0.062636	0.062561795	0.06262045	0.06225456	0.06260135	0.06268085	0.062338497
ERR12115114	4	dental calculus	0.06261582	0.06286484	0.06222247	0.062230017	0.06264136	0.06222247	0.06263413	0.06264783	0.062240068	0.062590055	0.06259865	0.0627086	0.062263653	0.06250747	0.062755734	0.062256843
ERR12115115	4	dental calculus	0.06248325	0.0628291	0.06273424	0.062230106	0.062327288	0.06222256	0.062541686	0.06251003	0.06270903	0.06264578	0.062447086	0.062491186	0.062230658	0.06255881	0.062708996	0.0623302
ERR12115116	4	dental calculus	0.06246022	0.06279361	0.06273423	0.0622301	0.062293332	0.06222255	0.0625209	0.06258372	0.06271812	0.06263646	0.062430337	0.06247345	0.06223065	0.06268688	0.06265524	0.062330194
ERR12814413	2	lake sediment	0.077025875	0.077164784	0.0	0.07731048	0.077240266	0.07684081	0.07699662	0.07671493	0.07641836	0.076995976	0.07677377	0.0770352	0.0	0.07639025	0.07709266	0.0
ERR12814414	2	lake sediment	0.07700677	0.07715527	0.0	0.07731051	0.077281505	0.07695569	0.07693171	0.07673163	0.07641839	0.07695037	0.077039525	0.07694093	0.0	0.076390274	0.07688742	0.0
ERR12814415	2	lake sediment	0.07706689	0.0771456	0.0	0.07731049	0.07728296	0.07683148	0.07702534	0.07671495	0.07641838	0.07692401	0.076891676	0.077000424	0.0	0.07639026	0.07699756	0.0
ERR12814416	2	lake sediment	0.076902226	0.07692838	0.0	0.0773258	0.07729214	0.07728764	0.07689757	0.07682685	0.07641829	0.076814376	0.07727665	0.07686417	0.0	0.07639017	0.07677577	0.0
ERR12814417	2	lake sediment	0.07687572	0.076863684	0.0	0.077310406	0.07730262	0.07734392	0.07692391	0.07689872	0.07644225	0.07681397	0.07723435	0.07687961	0.0	0.07640123	0.07670961	0.0
ERR12814418	2	lake sediment	0.07684295	0.076913334	0.0	0.077310435	0.07721243	0.07733232	0.07690992	0.07687444	0.076457016	0.076852694	0.07727818	0.07685051	0.0	0.07639021	0.07677555	0.0
ERR12814419	2	lake sediment	0.07685459	0.07687419	0.0	0.07731042	0.07714099	0.07734393	0.07685388	0.07715127	0.076456994	0.07684581	0.077250764	0.0768188	0.0	0.076390184	0.07670818	0.0
ERR12814422	2	lake sediment	0.07685103	0.076920174	0.0	0.07731041	0.0772606	0.077316254	0.07686586	0.076788686	0.076442264	0.07683824	0.07728071	0.07694249	0.0	0.076390184	0.07679309	0.0
ERR12814423	2	lake sediment	0.07708229	0.077165425	0.0	0.07731032	0.07726897	0.07641705	0.07705107	0.07664756	0.07644217	0.076989844	0.07710026	0.07703506	0.0	0.076390095	0.07709987	0.0
ERR12814424	2	lake sediment	0.07690219	0.0769071	0.0	0.07731037	0.07732124	0.07732869	0.07692935	0.07663486	0.07644221	0.076880485	0.07726628	0.07690764	0.0	0.07639014	0.07677946	0.0
ERR12814425	2	lake sediment	0.07693077	0.077003695	0.0	0.07729708	0.077307716	0.07731358	0.07690449	0.07662214	0.07644227	0.07688627	0.07708384	0.07698729	0.0	0.0763902	0.07683066	0.0
ERR12814427	2	lake sediment	0.07703656	0.07718923	0.0	0.07731052	0.07723818	0.07690346	0.0769045	0.07670122	0.07644236	0.076951675	0.07689116	0.077065304	0.0	0.07640438	0.07696146	0.0
ERR12814428	2	lake sediment	0.07699275	0.07709231	0.0	0.07731049	0.07725247	0.077235565	0.076931536	0.076715626	0.07644233	0.07689145	0.07676073	0.07703794	0.0	0.07640434	0.07693245	0.0
ERR12814429	2	lake sediment	0.07706969	0.07711725	0.0	0.07720102	0.07715624	0.076585785	0.07704994	0.07703065	0.07641841	0.07690624	0.07702068	0.07702398	0.0	0.07639029	0.07702981	0.0
ERR12814430	2	lake sediment	0.07714547	0.07708918	0.0	0.07720097	0.07725215	0.07661266	0.07714304	0.07677784	0.076418355	0.07690664	0.077025	0.077041134	0.0	0.076390244	0.0769973	0.0
ERR12814431	2	lake sediment	0.07694888	0.07703457	0.0	0.07731058	0.0771948	0.07684635	0.0770331	0.07691708	0.07643318	0.07686347	0.07705949	0.07699083	0.0	0.07640444	0.076963216	0.0
ERR12814432	2	lake sediment	0.076862365	0.07694553	0.0	0.077325895	0.07726263	0.077078246	0.076906055	0.07673587	0.07643311	0.07694061	0.07723313	0.07697505	0.0	0.076404355	0.07689716	0.0
ERR12814433	2	lake sediment	0.0773451	0.07736516	0.0	0.07638949	0.07731215	0.07638949	0.07733191	0.07657188	0.07638949	0.07715716	0.07661599	0.0773759	0.0	0.07638949	0.07736678	0.0
ERR12814434	2	lake sediment	0.07695703	0.076972865	0.0	0.076498404	0.07741649	0.07717206	0.0771529	0.07667563	0.07639006	0.07695366	0.077290446	0.07717345	0.0	0.07639006	0.07695696	0.0
ERR12814435	2	lake sediment	0.07692204	0.07697783	0.0	0.07731049	0.077252455	0.077195354	0.07696301	0.07667735	0.07643066	0.07687761	0.077130705	0.07701938	0.0	0.07640435	0.07683879	0.0
ERR12814436	2	lake sediment	0.076968476	0.07707198	0.0	0.07731057	0.07717015	0.076775394	0.07701427	0.076677434	0.076430745	0.07698519	0.07709978	0.07702702	0.0	0.076486565	0.07698244	0.0
ERR12814437	2	lake sediment	0.07697073	0.076928936	0.0	0.07670328	0.077222295	0.077217005	0.07706601	0.07686854	0.07640503	0.07689647	0.077246755	0.0771309	0.0	0.076486535	0.076857515	0.0
ERR12814438	2	lake sediment	0.07687053	0.076860346	0.0	0.0772675	0.07723731	0.077329725	0.07687993	0.077079795	0.07643304	0.07683107	0.0772347	0.076876305	0.0	0.07640429	0.076695465	0.0
ERR12814439	2	lake sediment	0.076937556	0.07699165	0.0	0.077310525	0.07725183	0.07688735	0.07703382	0.07667794	0.07643314	0.077011056	0.07710154	0.07701926	0.0	0.076404385	0.07693996	0.0
ERR12814440	2	lake sediment	0.07692	0.076894045	0.0	0.0773259	0.07724967	0.077114776	0.076921105	0.07674667	0.076418385	0.07692255	0.07718841	0.07698416	0.0	0.07640436	0.07690997	0.0
ERR12814442	2	lake sediment	0.07697853	0.07701926	0.0	0.077103175	0.07726958	0.07692876	0.077067375	0.07664775	0.07641958	0.07701517	0.07721425	0.07703325	0.0	0.07639029	0.07691304	0.0
ERR12814443	2	lake sediment	0.077067174	0.07710788	0.0	0.07711844	0.07729423	0.07657179	0.07718169	0.07667729	0.07641949	0.077016376	0.07710758	0.07706212	0.0	0.0763902	0.07698574	0.0
ERR12814444	2	lake sediment	0.07699942	0.076975994	0.0	0.0764984	0.07740558	0.07732949	0.07707203	0.07668965	0.07639004	0.07696645	0.077260315	0.077166595	0.0	0.07640413	0.07684191	0.0
ERR12814445	2	lake sediment	0.07695084	0.07697502	0.0	0.07731054	0.077275306	0.07691721	0.07695159	0.076882936	0.07641842	0.07690604	0.0771601	0.07697659	0.0	0.0764044	0.076871015	0.0
ERR12814446	2	lake sediment	0.0769165	0.07703452	0.0	0.07728173	0.07720006	0.076866455	0.07691965	0.07693086	0.07643316	0.076876	0.077259906	0.07696945	0.0	0.07640441	0.07690729	0.0
ERR12814447	2	lake sediment	0.07699128	0.07706059	0.0	0.07731045	0.07730804	0.076839656	0.07692261	0.07666457	0.07641833	0.0768763	0.07723308	0.07701415	0.0	0.07639022	0.07697072	0.0
ERR12814448	2	lake sediment	0.076876014	0.07690651	0.0	0.07731044	0.0772905	0.0772123	0.07697401	0.076707505	0.07641833	0.076819494	0.077233076	0.07694921	0.0	0.0764043	0.07689831	0.0
ERR12814449	2	lake sediment	0.07705835	0.0771191	0.0	0.076624386	0.07731992	0.07673117	0.07708565	0.07686709	0.07640475	0.077014625	0.07720139	0.07723182	0.0	0.07639019	0.07695156	0.0
ERR12814450	2	lake sediment	0.07689033	0.07693023	0.0	0.0772663	0.077263586	0.07718934	0.076891184	0.07689781	0.076418385	0.07683077	0.07720372	0.07695669	0.0	0.076390274	0.07687139	0.0
ERR12814452	2	lake sediment	0.07703725	0.077097304	0.0	0.07731039	0.07725942	0.07661015	0.07711799	0.076647624	0.07641828	0.076934986	0.07723025	0.07696339	0.0	0.07639016	0.076982796	0.0
ERR12814453	2	lake sediment	0.076918244	0.07700112	0.0	0.07732587	0.07723083	0.077046886	0.07693462	0.076647714	0.07643309	0.07690788	0.0772605	0.077003896	0.0	0.07640434	0.07688501	0.0
ERR12814454	2	lake sediment	0.076999575	0.07697071	0.0	0.07649846	0.077349104	0.077233694	0.077131286	0.07668972	0.076428786	0.077058196	0.07724824	0.0771594	0.0	0.0764042	0.076828636	0.0
ERR12814455	2	lake sediment	0.077070914	0.077118345	0.0	0.07649839	0.07743158	0.07677623	0.07712	0.07664764	0.076404765	0.07705677	0.077261224	0.07723041	0.0	0.07640413	0.07697959	0.0
ERR12814456	2	lake sediment	0.076933146	0.07696153	0.0	0.07710314	0.07731984	0.07718741	0.07696558	0.07663497	0.07641954	0.0769859	0.077216245	0.07699758	0.0	0.07639025	0.076884866	0.0
ERR12814457	2	lake sediment	0.07684375	0.07685108	0.0	0.0771031	0.07720823	0.077314466	0.07684296	0.077107966	0.076419495	0.07698561	0.07731779	0.07691441	0.0	0.07639021	0.07670093	0.0
ERR12814458	2	lake sediment	0.07684138	0.07689642	0.0	0.07710321	0.077168435	0.07720168	0.076991685	0.07713818	0.07645587	0.076852776	0.07723204	0.076906055	0.0	0.07639032	0.076821946	0.0
ERR12814460	2	lake sediment	0.077028826	0.07705815	0.0	0.076498486	0.07733456	0.07678641	0.07708142	0.076894484	0.07640486	0.077163406	0.07721773	0.077215776	0.0	0.07639014	0.07692576	0.0
ERR12814461	2	lake sediment	0.076968625	0.07696098	0.0	0.07649843	0.07740573	0.07715601	0.0772248	0.0767033	0.076404795	0.07695419	0.07727584	0.07714549	0.0	0.07639007	0.07691174	0.0
ERR12814462	2	lake sediment	0.0769803	0.07701822	0.0	0.077310495	0.077291764	0.076983504	0.076992616	0.076648414	0.07643311	0.076860994	0.07715807	0.076973274	0.0	0.076404355	0.07694487	0.0
ERR12814463	2	lake sediment	0.07704326	0.07708264	0.0	0.07731046	0.07728279	0.07675793	0.0770213	0.076611854	0.07643307	0.076879375	0.07714388	0.07704686	0.0	0.07640432	0.07698228	0.0
ERR12814464	2	lake sediment	0.07694958	0.076891474	0.0	0.07731054	0.077276945	0.07705019	0.07698716	0.07682698	0.076469414	0.07686245	0.07720376	0.076935016	0.0	0.07640439	0.07683211	0.0
ERR12814465	2	lake sediment	0.07702095	0.07711946	0.0	0.07686839	0.077293575	0.07661466	0.077155456	0.07674878	0.076404914	0.07702953	0.07728818	0.07706933	0.0	0.0763902	0.07699657	0.0
ERR12814467	2	lake sediment	0.076984055	0.07697268	0.0	0.076498486	0.0773778	0.07714453	0.07711452	0.07671737	0.07644429	0.07698344	0.07725929	0.077155784	0.0	0.07639014	0.07695761	0.0
ERR12814468	2	lake sediment	0.077230886	0.077163965	0.0	0.07640306	0.07739174	0.07664156	0.077258445	0.07657813	0.07638987	0.07710128	0.0770142	0.07730157	0.0	0.07638987	0.07713542	0.0
ERR12814469	2	lake sediment	0.0770901	0.07699048	0.0	0.07643107	0.07737686	0.07679231	0.077224806	0.076879755	0.07639007	0.07704044	0.07721558	0.07719358	0.0	0.07639007	0.07698488	0.0
ERR12814470	2	lake sediment	0.0770304	0.077057816	0.0	0.07652424	0.07735077	0.076960355	0.077053934	0.07692336	0.07642886	0.07701407	0.07727514	0.07717377	0.0	0.07639018	0.076817095	0.0
ERR12814471	2	lake sediment	0.077149644	0.07710663	0.0	0.07670415	0.07743219	0.07668548	0.07714419	0.076609075	0.07640364	0.07694887	0.07720539	0.07716929	0.0	0.07639009	0.07705135	0.0
ERR12814472	2	lake sediment	0.07696232	0.077049844	0.0	0.077103265	0.0772089	0.07676024	0.077075444	0.0769462	0.07644119	0.07696995	0.0770552	0.077034496	0.0	0.07639037	0.077002585	0.0
ERR12814473	2	lake sediment	0.07707504	0.07707476	0.0	0.07670426	0.07740159	0.07668279	0.07708465	0.07685224	0.07641847	0.07699275	0.077204734	0.07716136	0.0	0.0763902	0.076957166	0.0
ERR12814474	2	lake sediment	0.077045284	0.07701474	0.0	0.07678917	0.07733867	0.076938204	0.07703766	0.07689377	0.07643315	0.07689011	0.07719996	0.07710005	0.0	0.07639031	0.07692891	0.0
ERR12814475	2	lake sediment	0.07691128	0.076976925	0.0	0.07649872	0.07724254	0.077068485	0.07689645	0.07689734	0.07698016	0.076997645	0.07725091	0.07708811	0.0	0.07639036	0.07680108	0.0
ERR12814476	2	lake sediment	0.07712087	0.0771353	0.0	0.07649835	0.07742406	0.076541215	0.077203	0.07671612	0.07640472	0.07708645	0.077114075	0.07724834	0.0	0.07642956	0.07707795	0.0
ERR13950600	0	lake sediment	0.062597506	0.062547855	0.062222503	0.062303595	0.06276216	0.062734984	0.06272082	0.06263473	0.062238824	0.062253147	0.06270637	0.06271762	0.06247926	0.062222503	0.06258541	0.062272713
ERR13950601	0	lake sediment	0.062600486	0.06256991	0.06222249	0.06226762	0.06274965	0.06273497	0.06270658	0.062664375	0.06223881	0.062253132	0.06274315	0.0627176	0.062469877	0.06222249	0.062566176	0.062272698
ERR13950606	0	lake sediment	0.06258807	0.06259442	0.062222473	0.062222473	0.062762134	0.06270596	0.06272079	0.0626446	0.062222473	0.06226247	0.06274307	0.06271759	0.06248699	0.062222473	0.062611334	0.062272683
ERR13950607	0	lake sediment	0.06259749	0.06254784	0.062222484	0.062267616	0.06276214	0.06273496	0.0627208	0.06263471	0.062238805	0.06225313	0.06275222	0.0627176	0.062479246	0.062222484	0.06257578	0.062272694
ERR13950608	0	lake sediment	0.062606536	0.06254784	0.06222249	0.06226762	0.06276215	0.06273497	0.062720805	0.062634714	0.06223881	0.062253132	0.06273351	0.0627176	0.062479246	0.06222249	0.0625854	0.062272698
ERR13950609	0	lake sediment	0.06259621	0.062567025	0.062222492	0.062267624	0.06276215	0.06271654	0.062720805	0.06265361	0.062238812	0.062253136	0.06273411	0.06271761	0.06247112	0.062230542	0.062575504	0.0622727
ERR13950611	0	lake sediment	0.062579	0.06255745	0.062222496	0.062267624	0.062762156	0.06273498	0.062712036	0.06266394	0.062238816	0.062279392	0.06274315	0.062707685	0.062459573	0.062222496	0.06257651	0.0622727
ERR13950612	0	lake sediment	0.06262074	0.06253311	0.062229794	0.062258605	0.06275356	0.06273496	0.062706575	0.06266117	0.062238805	0.06225313	0.06275055	0.0627176	0.062461402	0.062222484	0.06258483	0.062272694
ERR13950613	0	lake sediment	0.06259749	0.062560305	0.06222249	0.06226762	0.06274965	0.06273497	0.062720805	0.062634714	0.06223881	0.062253132	0.06275222	0.0627176	0.062479246	0.06222249	0.06257578	0.062272698
ERR13950614	0	lake sediment	0.06258687	0.062560305	0.06222249	0.062267616	0.06272506	0.06273497	0.0627208	0.06269748	0.06223881	0.062262837	0.062752075	0.0627176	0.062452037	0.06222249	0.062565885	0.062272698
ERR13950615	0	lake sediment	0.06269251	0.06263353	0.06222248	0.062267613	0.06276214	0.062479913	0.06275783	0.06263597	0.0622388	0.062253125	0.06274281	0.062727176	0.0624878	0.06222248	0.062603146	0.06227269
ERR13950620	0	lake sediment	0.06260651	0.06259498	0.062222462	0.062222462	0.06276212	0.06273494	0.062720776	0.06265322	0.062222462	0.062253106	0.06274312	0.062726624	0.062428366	0.06223161	0.06259578	0.06228145
ERR13950621	0	lake sediment	0.062634766	0.06262351	0.06222247	0.06222247	0.06273754	0.0625824	0.06272078	0.06267813	0.06222247	0.062253114	0.062761635	0.06271759	0.062467393	0.06222247	0.06266059	0.06227268
ERR13950622	0	lake sediment	0.06274349	0.06266212	0.062222436	0.062267564	0.0627714	0.062319268	0.062743545	0.06263577	0.062238757	0.062253077	0.06275267	0.06272713	0.062478382	0.062222436	0.0626893	0.062272646
ERR13950623	0	lake sediment	0.06260665	0.06258632	0.062222492	0.062267624	0.06277146	0.06263977	0.062720805	0.06263618	0.062238812	0.062253136	0.06275272	0.06271761	0.06246988	0.062222492	0.06262134	0.0622727
ERR13950624	0	lake sediment	0.06267296	0.06262593	0.06222249	0.06226762	0.06275301	0.06247051	0.06274904	0.06264531	0.06223881	0.062253132	0.062753424	0.06272718	0.062478434	0.06222249	0.062621295	0.06229837
ERR13950625	0	lake sediment	0.06268731	0.06260749	0.062222544	0.06243429	0.06276237	0.062451944	0.06268169	0.06262666	0.062255643	0.06225319	0.06273323	0.06266395	0.062478993	0.062222544	0.06262823	0.062289912
ERR13950627	0	lake sediment	0.062587574	0.06254783	0.062222484	0.062267613	0.06275356	0.06273496	0.0627208	0.062681764	0.062238805	0.062253125	0.06274257	0.0627176	0.06246064	0.062222484	0.0625755	0.062272694
ERR13950628	0	lake sediment	0.062587574	0.0625603	0.062222484	0.062267616	0.06274964	0.06273496	0.0627208	0.06266393	0.062238805	0.06225313	0.06275221	0.0627176	0.062469874	0.062222484	0.062565885	0.062272694
ERR13950629	0	lake sediment	0.062607095	0.06259411	0.06222247	0.06222247	0.06276213	0.0627154	0.06272078	0.06265323	0.06222247	0.06225311	0.06274279	0.06271759	0.06247838	0.06222247	0.06259284	0.062272675
ERR13950630	0	lake sediment	0.0626247	0.062577285	0.062222492	0.062258612	0.06276215	0.062610894	0.062720805	0.062634714	0.062238812	0.062253132	0.06276213	0.06271761	0.06247925	0.062222492	0.06264223	0.062272698
ERR13950631	0	lake sediment	0.062578194	0.062594034	0.06222256	0.06251282	0.06274601	0.06268801	0.06268309	0.062645316	0.06223824	0.06224584	0.062642306	0.06265978	0.06244329	0.06222256	0.06260519	0.062272765
ERR13950632	0	lake sediment	0.06268464	0.06263275	0.06222248	0.062258415	0.06277145	0.062507614	0.0627479	0.0626347	0.06222248	0.06225312	0.06271649	0.062717594	0.06249556	0.06222248	0.06263963	0.06227269
ERR13950633	0	lake sediment	0.06257728	0.06254787	0.062222518	0.06226765	0.06274571	0.062735	0.06271213	0.06265755	0.06223884	0.062253162	0.062736	0.062689446	0.062469907	0.062298406	0.06257581	0.062272727
ERR13950634	0	lake sediment	0.0625975	0.06254785	0.0622225	0.062267628	0.06275416	0.06273498	0.062719464	0.06261472	0.06223882	0.06225314	0.06274258	0.06271762	0.062479258	0.0622225	0.062585406	0.06230188
ERR13950635	0	lake sediment	0.062605165	0.062583745	0.062222492	0.062267624	0.06275546	0.062642835	0.06273072	0.062650405	0.062238812	0.062253136	0.06275175	0.06272719	0.062470645	0.062222492	0.06260483	0.0622727
ERR13950637	0	lake sediment	0.06260175	0.062529854	0.0622225	0.06226763	0.062762156	0.06273498	0.06268599	0.06258604	0.06223882	0.062253144	0.06270278	0.06269775	0.06267467	0.0622225	0.062546715	0.06227271
ERR13950638	0	lake sediment	0.06259748	0.06255836	0.06222248	0.062267613	0.06275415	0.06273496	0.062728785	0.06263471	0.0622388	0.062253125	0.06275221	0.06272664	0.062429234	0.06222248	0.06259751	0.062281463
ERR13950639	0	lake sediment	0.06270258	0.06264409	0.06222246	0.062231462	0.0627377	0.062421437	0.06273909	0.06269745	0.06222246	0.062253103	0.06275249	0.06271757	0.06247741	0.06222246	0.0626599	0.06229834
ERR13950640	0	lake sediment	0.06271914	0.062698685	0.06222241	0.062231414	0.06277138	0.062310044	0.06275775	0.06263575	0.06222241	0.062253054	0.06275264	0.0627271	0.062486116	0.06222241	0.06271707	0.06227262
ERR13950641	0	lake sediment	0.06274397	0.06268124	0.062222432	0.062258553	0.0627714	0.062318675	0.062743545	0.06260726	0.062238753	0.062253073	0.062752664	0.06272712	0.06248775	0.062222432	0.06269849	0.06227264
ERR13950642	0	lake sediment	0.062706284	0.06262459	0.062222477	0.06226761	0.06275355	0.062441755	0.06274359	0.062644325	0.062238798	0.06225312	0.06273377	0.062727176	0.062498096	0.062222477	0.06264969	0.062272687
ERR13950643	0	lake sediment	0.06271969	0.062652916	0.062222484	0.062267613	0.062762976	0.06234801	0.06274114	0.06259976	0.062238805	0.062253125	0.06273647	0.06270891	0.062506646	0.062298372	0.062670395	0.062272694
ERR13950644	0	lake sediment	0.06273391	0.06266217	0.06222248	0.062267613	0.06276344	0.062348004	0.06272691	0.06262748	0.0622388	0.062253125	0.06272742	0.06270891	0.062478565	0.06229837	0.06267013	0.06227269
ERR13950646	0	lake sediment	0.06268716	0.0626423	0.062222477	0.06226761	0.06276345	0.062471554	0.062751584	0.06265471	0.062238798	0.06225312	0.06274281	0.06271725	0.062469818	0.062222477	0.0626222	0.062272687
ERR13950647	0	lake sediment	0.06261711	0.06260346	0.062222473	0.062222473	0.06277144	0.06267783	0.06272078	0.062607296	0.062222473	0.062253114	0.0627428	0.06271759	0.06248699	0.062222473	0.06263902	0.06227268
ERR13950648	0	lake sediment	0.062729746	0.062662125	0.062222436	0.06225856	0.06278046	0.06233792	0.06275778	0.06260726	0.062238757	0.06225308	0.06275166	0.06271911	0.062487755	0.062222436	0.062698275	0.062272646
ERR13950649	0	lake sediment	0.06264144	0.06263287	0.06222248	0.062267613	0.062771454	0.062480595	0.062730715	0.06263582	0.0622388	0.062253125	0.062752716	0.062727176	0.062461786	0.06223053	0.06268018	0.06227269
ERR13950650	0	lake sediment	0.06271086	0.062642835	0.062222473	0.062302336	0.06276345	0.06234894	0.062748894	0.06262537	0.062255573	0.062253118	0.06275271	0.062700905	0.062515944	0.062222473	0.06266143	0.062272683
ERR13950653	0	lake sediment	0.06260652	0.06258732	0.062222466	0.062222466	0.06274163	0.06273495	0.06272877	0.06265323	0.062222466	0.06225311	0.06274313	0.06271759	0.06247838	0.062222466	0.06259284	0.062272675
ERR13950654	0	lake sediment	0.06254005	0.06254603	0.062222555	0.06272556	0.06274528	0.06272649	0.06263986	0.062645644	0.062271345	0.06225519	0.062634	0.06261602	0.062427294	0.062222555	0.062525876	0.062256254
ERR13950655	0	lake sediment	0.06260654	0.06256068	0.062222492	0.062267624	0.06273365	0.06273497	0.062720805	0.06263244	0.062238812	0.062253136	0.062752075	0.06271761	0.0625074	0.062222492	0.06255656	0.0622727
ERR13950658	0	lake sediment	0.06257817	0.06254783	0.062222484	0.062267613	0.06274556	0.06273496	0.062728785	0.062680416	0.062238805	0.062262483	0.062762216	0.06270768	0.062452033	0.062222484	0.06257578	0.062272694
ERR13950659	0	lake sediment	0.062597156	0.06253103	0.062222566	0.062558174	0.062745295	0.06273504	0.0626831	0.06258871	0.06225457	0.062245846	0.06264042	0.0626697	0.06244606	0.062230617	0.06256942	0.062282298
ERR13950660	0	lake sediment	0.06259715	0.06253841	0.06222256	0.06255817	0.06273563	0.062735036	0.06268309	0.062618144	0.062254567	0.06224584	0.062633015	0.062669694	0.062454134	0.06222256	0.06256941	0.062262587
ERR13950661	0	lake sediment	0.062597126	0.06258504	0.06222248	0.06222248	0.06273815	0.06271653	0.062728785	0.062632434	0.06222248	0.06226248	0.06275207	0.062717594	0.062515624	0.06223053	0.06258352	0.06227269
ERR13950662	0	lake sediment	0.06259663	0.062552914	0.062222484	0.062267616	0.062741056	0.06273496	0.0627208	0.06267051	0.062238805	0.06225313	0.062760554	0.0627176	0.062443953	0.062230535	0.06257578	0.062272694
ERR13950663	0	lake sediment	0.06259808	0.06257485	0.062222466	0.062231466	0.06273589	0.06273495	0.06272876	0.062699325	0.062222466	0.062253106	0.062743485	0.062707655	0.06246914	0.062222466	0.0625934	0.06226249
ERR13950664	0	lake sediment	0.06259663	0.06256682	0.06222249	0.06226762	0.062754154	0.06273497	0.06272879	0.062654026	0.06223881	0.062253132	0.062724106	0.0627176	0.062469877	0.06222249	0.062575795	0.062272698
ERR13950665	0	lake sediment	0.062568426	0.06253925	0.06222256	0.06247036	0.06275423	0.0627265	0.0626856	0.06261621	0.06225566	0.062272266	0.06269737	0.062663965	0.06249859	0.06222256	0.06254221	0.062264256
ERR13950666	0	lake sediment	0.062606536	0.062557444	0.06222249	0.062267616	0.06276215	0.06273497	0.062720805	0.06264334	0.06223881	0.062253132	0.06273351	0.0627176	0.062470637	0.06222249	0.06257579	0.062272698
ERR13950667	0	lake sediment	0.06257817	0.06254784	0.062222484	0.062267616	0.062754154	0.06273496	0.062728785	0.06267257	0.062238805	0.062262483	0.06275222	0.06270768	0.06246127	0.062222484	0.06257578	0.062272694
ERR13950668	0	lake sediment	0.06258759	0.062539384	0.062222496	0.062267624	0.06274615	0.06270598	0.06272081	0.062670305	0.062256217	0.06225314	0.06276142	0.06271761	0.062489416	0.062222496	0.06256667	0.062272705
ERR13950669	0	lake sediment	0.062569216	0.06254004	0.062222507	0.06226764	0.06272959	0.06270599	0.06270821	0.062639944	0.062238827	0.06225315	0.06271198	0.06269776	0.062666886	0.06223056	0.06254498	0.062272716
ERR13950670	0	lake sediment	0.06261654	0.06261413	0.062222473	0.062222473	0.06273755	0.06264925	0.06272079	0.06265095	0.062222473	0.062253118	0.06276164	0.062717594	0.062486317	0.062222473	0.06262955	0.062272683
ERR13950671	0	lake sediment	0.062729105	0.06265493	0.062222447	0.06226758	0.062734924	0.062348913	0.062765785	0.06262354	0.062238768	0.06225309	0.06276161	0.06272714	0.062487766	0.062222447	0.062689304	0.062272657
ERR13950673	0	lake sediment	0.062587224	0.06254784	0.06222249	0.06226762	0.062754154	0.06273497	0.06272879	0.062654026	0.06223881	0.062262487	0.06273351	0.06271761	0.062469877	0.06222249	0.0625854	0.062272698
ERR13950674	0	lake sediment	0.06259662	0.06254045	0.062222477	0.0622586	0.06272956	0.06273496	0.06272878	0.06269746	0.062238798	0.06225312	0.06274983	0.062717594	0.062452026	0.062222477	0.06258455	0.062272687
ERR14057409	2	digestive tract contents	0.0773284	0.0773652	0.0	0.07638953	0.07731219	0.07638953	0.077331945	0.07661847	0.07638953	0.07715719	0.07661602	0.07737593	0.0	0.07638953	0.07733654	0.0
ERR14057410	2	digestive tract contents	0.077328384	0.07736518	0.0	0.07638952	0.07731217	0.07638952	0.07733193	0.076602615	0.07638952	0.077157184	0.07661601	0.077375926	0.0	0.07638952	0.077352524	0.0
ERR14057411	2	digestive tract contents	0.07689354	0.07712473	0.0	0.07713061	0.07709292	0.07730311	0.07694431	0.076916076	0.076472685	0.076925874	0.07693432	0.076944955	0.0	0.07645083	0.07686604	0.0
ERR14057412	2	digestive tract contents	0.07698881	0.07723688	0.0	0.07697992	0.07715034	0.07720432	0.076968394	0.076638035	0.07641958	0.077098094	0.07702297	0.077014446	0.0	0.07640135	0.076876864	0.0
ERR14057413	2	digestive tract contents	0.07708954	0.07758832	0.0	0.076404974	0.077009566	0.076402314	0.07723569	0.07721408	0.07638976	0.0770743	0.07661796	0.07722853	0.0	0.07650355	0.077241406	0.0
ERR14057414	2	digestive tract contents	0.077089146	0.077632315	0.0	0.07643085	0.07689087	0.07638996	0.07712354	0.077107	0.07692522	0.07704573	0.07659092	0.077124104	0.0	0.07646641	0.07718393	0.0
ERR14057415	2	digestive tract contents	0.07708796	0.07751956	0.0	0.0764179	0.07686328	0.0763901	0.07709231	0.07707847	0.07692536	0.0771172	0.076605625	0.07705488	0.0	0.07664564	0.07720172	0.0
ERR14057416	2	digestive tract contents	0.07703684	0.077429555	0.0	0.07640544	0.0768623	0.07644521	0.077069014	0.07710706	0.07692549	0.07704385	0.07660576	0.077110045	0.0	0.07683446	0.077124976	0.0
ERR14100444	2	digestive tract contents	0.0773284	0.0773652	0.0	0.07638953	0.07731219	0.07638953	0.077331945	0.07661847	0.07638953	0.07715719	0.07661602	0.07737593	0.0	0.07638953	0.07733654	0.0
ERR14100445	2	digestive tract contents	0.077328384	0.07736518	0.0	0.07638952	0.07731217	0.07638952	0.07733193	0.076602615	0.07638952	0.077157184	0.07661601	0.077375926	0.0	0.07638952	0.077352524	0.0
ERR14100446	2	digestive tract contents	0.07689354	0.07712473	0.0	0.07713061	0.07709292	0.07730311	0.07694431	0.076916076	0.076472685	0.076925874	0.07693432	0.076944955	0.0	0.07645083	0.07686604	0.0
ERR14100447	2	digestive tract contents	0.07698881	0.07723688	0.0	0.07697992	0.07715034	0.07720432	0.076968394	0.076638035	0.07641958	0.077098094	0.07702297	0.077014446	0.0	0.07640135	0.076876864	0.0
ERR14100448	2	digestive tract contents	0.07708954	0.07758832	0.0	0.076404974	0.077009566	0.076402314	0.07723569	0.07721408	0.07638976	0.0770743	0.07661796	0.07722853	0.0	0.07650355	0.077241406	0.0
ERR14100449	2	digestive tract contents	0.077089146	0.077632315	0.0	0.07643085	0.07689087	0.07638996	0.07712354	0.077107	0.07692522	0.07704573	0.07659092	0.077124104	0.0	0.07646641	0.07718393	0.0
ERR14100450	2	digestive tract contents	0.07708796	0.07751956	0.0	0.0764179	0.07686328	0.0763901	0.07709231	0.07707847	0.07692536	0.0771172	0.076605625	0.07705488	0.0	0.07664564	0.07720172	0.0
ERR14100451	2	digestive tract contents	0.07703684	0.077429555	0.0	0.07640544	0.0768623	0.07644521	0.077069014	0.07710706	0.07692549	0.07704385	0.07660576	0.077110045	0.0	0.07683446	0.077124976	0.0
ERR1560012	3	lake sediment	0.06269174	0.06259719	0.062222473	0.062222473	0.062740706	0.062267244	0.06270562	0.06250178	0.062222473	0.062566064	0.06272725	0.06269473	0.06270784	0.062222473	0.06266001	0.06224994
ERR1560013	3	lake sediment	0.06259623	0.06257133	0.062222537	0.062222537	0.062748276	0.06266444	0.062667966	0.06252366	0.062222537	0.06254905	0.062729456	0.06261792	0.062642805	0.062222537	0.06256742	0.062231295
ERR1560014	3	lake sediment	0.06259623	0.06256292	0.062222537	0.062222537	0.062748276	0.06267266	0.062667966	0.062513225	0.062222537	0.06254905	0.06271902	0.062620126	0.06265326	0.062222537	0.06257584	0.062231295
ERR1560015	3	lake sediment	0.06260573	0.06257134	0.06222254	0.06222254	0.062748276	0.06263682	0.062667966	0.0625032	0.06222254	0.062557474	0.06269196	0.062638015	0.062661245	0.06222254	0.062596515	0.0622313
ERR1560016	3	lake sediment	0.06259623	0.06254361	0.062222533	0.062222533	0.06274827	0.06270978	0.06266796	0.06253192	0.062222533	0.06254904	0.062721215	0.0626097	0.0626444	0.062222533	0.062556446	0.06223129
ERR1560017	3	lake sediment	0.06260468	0.06252446	0.062222533	0.062222533	0.06273958	0.062729366	0.06266868	0.062541895	0.062222533	0.06254905	0.06270121	0.06261012	0.06265308	0.062222533	0.062556446	0.06223129
ERR1560018	3	lake sediment	0.06272914	0.06266147	0.062222466	0.062222466	0.062703535	0.06225024	0.06270611	0.06248161	0.062222466	0.062568605	0.06270012	0.06270278	0.06265597	0.062222466	0.0627006	0.062249932
ERR1560019	3	lake sediment	0.062596224	0.06251287	0.06222253	0.06222253	0.06273958	0.062741	0.06267714	0.062549956	0.06222253	0.06254904	0.06271164	0.0625997	0.06265308	0.06222253	0.06254838	0.062231287
ERR1560020	3	lake sediment	0.06259623	0.06253069	0.062222533	0.062222533	0.06273958	0.062741004	0.06266796	0.062541895	0.062222533	0.06254904	0.06270121	0.06261012	0.0626444	0.062222533	0.06255644	0.06223129
ERR1560021	3	lake sediment	0.06260573	0.06256183	0.062222537	0.062222537	0.06273959	0.06264526	0.062667966	0.062531926	0.062222537	0.06254905	0.062729456	0.0626276	0.062653266	0.062222537	0.062566884	0.062231295
ERR1560022	3	lake sediment	0.06259624	0.06254922	0.06222254	0.06222254	0.06271467	0.06267401	0.06267715	0.0625419	0.06222254	0.0625587	0.06271988	0.06261792	0.06266195	0.06222254	0.062566884	0.0622313
ERR1560023	3	lake sediment	0.06270165	0.06258836	0.06222248	0.06222248	0.06273953	0.062304355	0.06271366	0.06249201	0.06222248	0.062548995	0.06272771	0.06271264	0.06269898	0.06222248	0.06263225	0.062249947
ERR1560024	3	lake sediment	0.062720664	0.06267124	0.06222246	0.06222246	0.06270563	0.062241852	0.06271458	0.062461577	0.06222246	0.062576115	0.06267249	0.062702775	0.06266535	0.06222246	0.06272797	0.062249925
ERR1560025	3	lake sediment	0.06272914	0.06265034	0.062222462	0.062222462	0.06271467	0.062241856	0.062706105	0.062472787	0.062222462	0.062577024	0.062700115	0.06271262	0.06265597	0.062222462	0.0626996	0.06224993
ERR1560093	3	lake sediment	0.062596224	0.06250779	0.06222253	0.06222253	0.06274827	0.06272114	0.06268517	0.062541895	0.06222253	0.06254904	0.06270121	0.06261833	0.06265308	0.06222253	0.06255644	0.062231287
ERR1560094	3	lake sediment	0.06260573	0.06255185	0.06222254	0.06222254	0.06273959	0.06264586	0.06267694	0.0625419	0.06222254	0.06254905	0.06270945	0.062638015	0.062653266	0.06222254	0.062566884	0.0622313
ERR1560095	3	lake sediment	0.062596224	0.06250779	0.06222253	0.06222253	0.06274827	0.06270978	0.06268517	0.062541895	0.06222253	0.06254904	0.062721215	0.0626097	0.06265308	0.06222253	0.06255644	0.062231287
ERR1560096	3	lake sediment	0.06272984	0.06267996	0.06222246	0.06222246	0.06271667	0.062241852	0.06271458	0.062470596	0.06222246	0.06257611	0.062642686	0.062714696	0.06264527	0.06222246	0.06272797	0.062249925
ERR1560097	3	lake sediment	0.06272067	0.06267124	0.062222462	0.062222462	0.06272417	0.062250234	0.06271458	0.062463127	0.062222462	0.06255902	0.06269871	0.062702775	0.0626373	0.062222462	0.062718414	0.062249925
ERR1560098	3	lake sediment	0.06269174	0.06261131	0.06222247	0.06222247	0.06273533	0.062250167	0.062714584	0.062530845	0.06222247	0.06255741	0.06272794	0.06269311	0.06269573	0.06222247	0.06265203	0.062249936
ERR1560099	3	lake sediment	0.06271068	0.0626506	0.06222246	0.06222246	0.062713124	0.062241852	0.06271458	0.062463168	0.06222246	0.06255739	0.062708095	0.06271262	0.06270783	0.06222246	0.06268032	0.062249925
ERR1560100	3	lake sediment	0.06271161	0.062650345	0.062222466	0.062222466	0.06272428	0.062250763	0.06270561	0.062482826	0.062222466	0.06256746	0.062718414	0.06270278	0.06265597	0.062222466	0.062690146	0.062249932
ERR1560101	3	lake sediment	0.062720664	0.06267124	0.06222246	0.06222246	0.062713124	0.062241852	0.06271458	0.06245411	0.06222246	0.06257611	0.06268204	0.062702775	0.06266535	0.06222246	0.062718414	0.062249925
ERR1560102	3	lake sediment	0.06272067	0.06266147	0.062222466	0.062222466	0.06271313	0.062250763	0.06270561	0.06247279	0.062222466	0.06256746	0.062698714	0.06270278	0.06265738	0.062222466	0.06270944	0.062249932
ERR1560103	3	lake sediment	0.06261561	0.062543765	0.062222533	0.062222533	0.06272844	0.062704	0.062677145	0.06249206	0.062222533	0.06254904	0.062710784	0.06263767	0.06265308	0.062222533	0.06256698	0.06223129
ERR1560104	3	lake sediment	0.06272068	0.06265312	0.06222247	0.06222247	0.06271314	0.06225855	0.062714584	0.062491648	0.06222247	0.06255904	0.06270811	0.062712625	0.062648	0.06222247	0.0626807	0.062249936
ERR1560105	3	lake sediment	0.06260611	0.062562086	0.062222533	0.062222533	0.06273958	0.06272114	0.06266796	0.06249206	0.062222533	0.06254904	0.06270121	0.062628	0.0626444	0.062222533	0.06256698	0.06223129
ERR1560106	3	lake sediment	0.06260619	0.06253288	0.062222533	0.062222533	0.06274827	0.06273098	0.062667966	0.062559135	0.062222533	0.0625515	0.06270122	0.062620126	0.06258462	0.062222533	0.06257568	0.06223129
ERR1560107	3	lake sediment	0.06270174	0.062587425	0.062222492	0.062222492	0.06273954	0.062304366	0.06271572	0.06255148	0.062222492	0.06255906	0.062708125	0.062702976	0.06263916	0.062222492	0.06265048	0.06224996
ERR1560108	3	lake sediment	0.06260619	0.06254447	0.062222537	0.062222537	0.062748276	0.06272937	0.06267803	0.062541485	0.062222537	0.062559105	0.062691145	0.06261013	0.06258462	0.062222537	0.062585734	0.062231295
ERR1560109	3	lake sediment	0.06261466	0.06255314	0.062222537	0.062222537	0.06273959	0.06271083	0.062668465	0.06255153	0.062222537	0.062559105	0.062710784	0.06261013	0.06259437	0.062222537	0.062565945	0.062231295
ERR1560110	3	lake sediment	0.06271162	0.06261677	0.06222247	0.06222247	0.06273952	0.062259074	0.06270561	0.06250162	0.06222247	0.06256746	0.06272794	0.062712625	0.06266573	0.06222247	0.0626522	0.062249936
ERR1688747	3	sediment	0.062720366	0.06270542	0.062222447	0.062222447	0.062716655	0.062270075	0.062733516	0.0625793	0.062222447	0.062607385	0.06272037	0.06271477	0.062375464	0.062222447	0.06270843	0.06225845
ERR1688749	3	sediment	0.062624805	0.06264582	0.062222503	0.062222503	0.06271562	0.06271977	0.06267603	0.062579356	0.062222503	0.06265563	0.06269523	0.062621914	0.062312353	0.062222503	0.06262367	0.062239792
ERR1688750	3	sediment	0.06273931	0.062736124	0.06222243	0.06222243	0.06271664	0.062250204	0.0627335	0.06251937	0.06222243	0.06261648	0.062692545	0.06272443	0.062375445	0.06222243	0.06274781	0.06225843
ERR1688752	3	sediment	0.062624805	0.06265239	0.062222503	0.062222503	0.062716715	0.06272138	0.062686875	0.062579356	0.062222503	0.06261656	0.06269523	0.06263191	0.062312353	0.062222503	0.062632635	0.062239792
ERR1688754	3	sediment	0.06263431	0.06267358	0.062222507	0.062222507	0.062716715	0.06264523	0.062686875	0.062579356	0.062222507	0.06261656	0.06270346	0.06264981	0.06232117	0.062222507	0.06264309	0.062239796
ERR1688756	3	sediment	0.062720366	0.062699236	0.062222447	0.062222447	0.06272534	0.062267434	0.062724546	0.0625793	0.062222447	0.0626165	0.06272037	0.06271477	0.062375464	0.062222447	0.06270843	0.06225845
ERR1688758	3	sediment	0.062624805	0.06265239	0.062222503	0.062222503	0.06271671	0.06274097	0.06268687	0.062579356	0.062222503	0.06261655	0.06268566	0.062621914	0.062312353	0.062222503	0.06263263	0.062239792
ERR1688760	3	sediment	0.06272038	0.062709376	0.06222246	0.06222246	0.06271667	0.062304333	0.06272456	0.06256831	0.06222246	0.06261651	0.062712155	0.06271478	0.062366653	0.06222246	0.06269798	0.06225846
ERR1688761	3	sediment	0.06273026	0.06273613	0.062222436	0.062222436	0.06271665	0.062259115	0.06272453	0.06252942	0.062222436	0.06261649	0.062710844	0.062724434	0.062375452	0.062222436	0.062728494	0.062258437
ERR1688762	3	sediment	0.062720366	0.06271894	0.062222447	0.062222447	0.062716655	0.062267434	0.062724546	0.0625683	0.062222447	0.0626165	0.06272037	0.06271476	0.06237546	0.062222447	0.06270842	0.06225845
ERR1688764	3	sediment	0.06272038	0.06269836	0.062222462	0.062222462	0.06271667	0.062304333	0.06272456	0.06257931	0.062222462	0.06261651	0.06270264	0.06271478	0.062366657	0.062222462	0.0627075	0.06225846
ERR1688765	3	sediment	0.062624805	0.062643714	0.062222503	0.062222503	0.062725395	0.06273139	0.06268687	0.062579356	0.062222503	0.06261655	0.06269523	0.062621914	0.062312353	0.062222503	0.06263263	0.06223979
ERR1688768	3	sediment	0.06273931	0.062736124	0.06222243	0.06222243	0.06271664	0.062241822	0.0627335	0.06252059	0.06222243	0.06262491	0.06268315	0.06272443	0.062384788	0.06222243	0.062746584	0.06225843
ERR1688769	3	sediment	0.06263431	0.06265239	0.062222503	0.062222503	0.062716715	0.06270397	0.062686875	0.062579356	0.062222503	0.06261656	0.06269523	0.0626398	0.062312353	0.062222503	0.062632635	0.062239792
ERR1688771	3	sediment	0.06272036	0.062716275	0.06222244	0.06222244	0.06271665	0.06225021	0.06273351	0.06256924	0.06222244	0.06261649	0.06271085	0.062714756	0.062375452	0.06222244	0.06272801	0.062258437
ERR1688772	3	sediment	0.06273025	0.06273612	0.06222243	0.06222243	0.06271663	0.0622502	0.0627335	0.06251055	0.06222243	0.06261648	0.06271084	0.06272443	0.06237544	0.06222243	0.06274742	0.062258426
ERR1688775	3	sediment	0.06272036	0.0627273	0.06222244	0.06222244	0.06271665	0.06225021	0.06273351	0.06256829	0.06222244	0.06261649	0.062720366	0.062714756	0.062375452	0.06222244	0.062708415	0.062258437
ERR1688778	3	sediment	0.06263431	0.062654495	0.062222507	0.062222507	0.06270694	0.062690556	0.06267603	0.062579356	0.062222507	0.06265563	0.06269523	0.06264159	0.062312357	0.062222507	0.06262368	0.062239796
ERR1688780	3	sediment	0.06263431	0.06267358	0.062222507	0.062222507	0.062716715	0.062653445	0.062686875	0.062579356	0.062222507	0.06261656	0.06270346	0.0626416	0.06232117	0.062222507	0.06264309	0.062239796
ERR1688782	3	sediment	0.06273931	0.06273612	0.06222243	0.06222243	0.06271663	0.06224182	0.0627335	0.06251055	0.06222243	0.06262491	0.06268315	0.06272443	0.062384788	0.06222243	0.06275666	0.062258426
ERR1688785	3	sediment	0.06273045	0.06271087	0.06222251	0.06222251	0.062708884	0.062250286	0.06270759	0.0625036	0.06222251	0.06260116	0.06265871	0.06269146	0.062368885	0.062470406	0.06267167	0.06225851
ERR1688788	3	sediment	0.06273931	0.062736124	0.06222243	0.06222243	0.06271664	0.062250204	0.0627335	0.06251055	0.06222243	0.06261648	0.06268316	0.06272443	0.06238479	0.06222243	0.062756665	0.06225843
ERR1688789	3	sediment	0.06273931	0.062736124	0.06222243	0.06222243	0.06271664	0.062241822	0.0627335	0.06252059	0.06222243	0.06262491	0.06268315	0.06272443	0.062384788	0.06222243	0.062746584	0.06225843
ERR1688797	3	sediment	0.06263431	0.06266196	0.062222507	0.062222507	0.062716715	0.06266507	0.062686875	0.06257936	0.062222507	0.06261656	0.06270346	0.0626416	0.06232117	0.062222507	0.06264309	0.062239796
ERR1688799	3	sediment	0.062624805	0.06265239	0.062222503	0.062222503	0.06271671	0.06274097	0.06268687	0.062579356	0.062222503	0.06261655	0.06268566	0.062621914	0.062312353	0.062222503	0.06263263	0.062239792
ERR1688803	3	sediment	0.062624805	0.06265239	0.062222503	0.062222503	0.06271671	0.06274097	0.06268687	0.062579356	0.062222503	0.06261655	0.06268566	0.062621914	0.062312353	0.062222503	0.06263263	0.062239792
ERR1688804	3	sediment	0.062624805	0.06265239	0.062222503	0.062222503	0.06271671	0.06274097	0.06268687	0.062579356	0.062222503	0.06261655	0.06268566	0.062621914	0.062312353	0.062222503	0.06263263	0.062239792
ERR1688808	3	sediment	0.06261468	0.06264582	0.062222507	0.062222507	0.06270595	0.062709175	0.06267603	0.06260972	0.062222507	0.06265563	0.06269523	0.062621914	0.062312357	0.062222507	0.06262368	0.062239796
ERR1688810	3	sediment	0.06272035	0.06271627	0.062222436	0.062222436	0.06271664	0.062241826	0.06273351	0.06256041	0.062222436	0.06262492	0.062710844	0.062714756	0.06237545	0.062222436	0.062736854	0.062258434
ERR1777519	4	bone	0.06262472	0.06268465	0.062222455	0.062222455	0.06272261	0.062222455	0.06268873	0.062493037	0.062222455	0.06257285	0.06268333	0.06273382	0.06271261	0.062222455	0.062724285	0.062247094
ERR1777520	4	bone	0.062624715	0.06268465	0.06222245	0.06222245	0.0627226	0.06222245	0.06268873	0.06247448	0.06222245	0.06258219	0.06269258	0.06273382	0.0627126	0.06222245	0.062724285	0.06224709
ERR1777521	4	tooth	0.062624715	0.06268465	0.06222245	0.06222245	0.0627226	0.06222245	0.06268873	0.06247448	0.06222245	0.06258219	0.06269258	0.06273382	0.0627126	0.06222245	0.062724285	0.06224709
ERR1777522	4	bone	0.062624715	0.06268465	0.06222245	0.06222245	0.0627226	0.06222245	0.06268873	0.06247448	0.06222245	0.06258219	0.06269258	0.06273382	0.0627126	0.06222245	0.062724285	0.06224709
ERR1777523	4	bone	0.062624715	0.06268465	0.06222245	0.06222245	0.0627226	0.06222245	0.06268873	0.06247448	0.06222245	0.06258219	0.06269258	0.06273382	0.0627126	0.06222245	0.062724285	0.06224709
ERR1777524	4	tooth	0.062624715	0.06268465	0.06222245	0.06222245	0.0627226	0.06222245	0.06268873	0.06247448	0.06222245	0.06258219	0.06269258	0.06273382	0.0627126	0.06222245	0.062724285	0.06224709
ERR1777525	4	bone	0.062624715	0.06268465	0.06222245	0.06222245	0.0627226	0.06222245	0.06268873	0.06247448	0.06222245	0.06258219	0.06269258	0.06274334	0.06270309	0.06222245	0.062724285	0.06224709
ERR1777526	4	bone	0.062624715	0.06268465	0.06222245	0.06222245	0.0627226	0.06222245	0.06268873	0.06247448	0.06222245	0.06258219	0.06269258	0.06273382	0.0627126	0.06222245	0.062724285	0.06224709
ERR1777527	4	tooth	0.062624715	0.06268465	0.06222245	0.06222245	0.0627226	0.06222245	0.06268873	0.06247448	0.06222245	0.06258219	0.06269258	0.06273382	0.0627126	0.06222245	0.062724285	0.06224709
ERR1777528	4	bone	0.062624715	0.06268465	0.06222245	0.06222245	0.0627226	0.06222245	0.06268873	0.06247448	0.06222245	0.06258219	0.06269258	0.06273382	0.0627126	0.06222245	0.062724285	0.06224709
ERR1777529	4	bone	0.062624715	0.06268465	0.06222245	0.06222245	0.0627226	0.06222245	0.06268873	0.06247448	0.06222245	0.06258219	0.06269258	0.06273382	0.0627126	0.06222245	0.062724285	0.06224709
ERR1777530	4	tooth	0.06262474	0.06267716	0.062222473	0.062222473	0.06269308	0.062222473	0.06268065	0.062465977	0.062222473	0.06258221	0.06267525	0.062733844	0.062712625	0.062222473	0.06273886	0.062303256
ERR1777531	4	bone	0.062624715	0.06268465	0.06222245	0.06222245	0.0627226	0.06222245	0.06268873	0.06247448	0.06222245	0.06258219	0.06269258	0.06273382	0.0627126	0.06222245	0.062724285	0.06224709
ERR1777532	4	bone	0.062624715	0.06268465	0.06222245	0.06222245	0.0627226	0.06222245	0.06268873	0.06247448	0.06222245	0.06258219	0.06269258	0.06273382	0.0627126	0.06222245	0.062724285	0.06224709
ERR1777533	4	tooth	0.062624715	0.06270104	0.062222447	0.062222447	0.0627226	0.062222447	0.06268872	0.06247448	0.062222447	0.06256582	0.062683865	0.06273382	0.0627126	0.062222447	0.062733	0.06224709
ERR1777534	4	bone	0.062624715	0.06268465	0.06222245	0.06222245	0.0627226	0.06222245	0.06268873	0.06247448	0.06222245	0.06258219	0.06269258	0.06274334	0.06270309	0.06222245	0.062724285	0.06224709
ERR1777535	4	bone	0.06262472	0.06268465	0.062222455	0.062222455	0.06272261	0.062222455	0.06268873	0.062493037	0.062222455	0.062572844	0.06268333	0.06274334	0.062703095	0.062222455	0.062724285	0.062247094
ERR1777536	4	tooth	0.062624715	0.06268465	0.06222245	0.06222245	0.0627226	0.06222245	0.06268873	0.06247448	0.06222245	0.06258219	0.06269258	0.06273382	0.0627126	0.06222245	0.062724285	0.06224709
ERR1777537	4	bone	0.06262472	0.06268465	0.062222455	0.062222455	0.06272261	0.062222455	0.06268873	0.06248551	0.062222455	0.06258219	0.06269258	0.06273382	0.06271261	0.062222455	0.06271322	0.062247094
ERR1777538	4	bone	0.062624715	0.06268465	0.06222245	0.06222245	0.0627226	0.06222245	0.06268873	0.06247448	0.06222245	0.06258219	0.06269258	0.06273382	0.0627126	0.06222245	0.062724285	0.06224709
ERR1777539	4	tooth	0.062624715	0.06268465	0.06222245	0.06222245	0.0627226	0.06222245	0.06268873	0.06247448	0.06222245	0.06258219	0.06269258	0.06273382	0.0627126	0.06222245	0.062724285	0.06224709
ERR1777540	4	bone	0.062624715	0.06268465	0.06222245	0.06222245	0.0627226	0.06222245	0.06268873	0.06247448	0.06222245	0.06258219	0.06269258	0.06274334	0.06270309	0.06222245	0.062724285	0.06224709
ERR1777541	4	bone	0.062616006	0.06267554	0.062222455	0.062222455	0.06272261	0.062222455	0.06268873	0.06249226	0.062222455	0.06258219	0.06269258	0.06274334	0.062703095	0.062222455	0.062724285	0.062247094
ERR1777542	4	tooth	0.062624715	0.06268465	0.06222245	0.06222245	0.0627226	0.06222245	0.06268873	0.06247448	0.06222245	0.06258219	0.06269258	0.06273382	0.0627126	0.06222245	0.062724285	0.06224709
ERR1777543	4	bone	0.062624715	0.06268465	0.06222245	0.06222245	0.0627226	0.06222245	0.06268873	0.06247448	0.06222245	0.06258219	0.06269258	0.06273382	0.0627126	0.06222245	0.062724285	0.06224709
ERR1777544	4	bone	0.062624715	0.06268465	0.06222245	0.06222245	0.0627226	0.06222245	0.06268873	0.06247448	0.06222245	0.06258219	0.06269258	0.06273382	0.0627126	0.06222245	0.062724285	0.06224709
ERR1777545	4	tooth	0.062624715	0.06269411	0.06222245	0.06222245	0.06271314	0.06222245	0.06268873	0.06247448	0.06222245	0.06258219	0.06269258	0.06274334	0.06270309	0.06222245	0.062724285	0.06224709
ERR1777546	4	bone	0.062624715	0.06268465	0.06222245	0.06222245	0.0627226	0.06222245	0.06268873	0.062474485	0.06222245	0.06258219	0.06270211	0.06273382	0.0627126	0.06222245	0.06271475	0.06224709
ERR1777547	4	tooth	0.06262472	0.06268465	0.062222455	0.062222455	0.06272261	0.062222455	0.06268873	0.062493037	0.062222455	0.06257285	0.06268333	0.06273382	0.06271261	0.062222455	0.062724285	0.062247094
ERR1777548	4	bone	0.062624715	0.06267714	0.06222245	0.06222245	0.0627226	0.06222245	0.06268873	0.06247448	0.06222245	0.06258219	0.06269258	0.06273382	0.0627126	0.06222245	0.062731795	0.06224709
ERR1777549	4	tooth	0.062624715	0.06269136	0.06222245	0.06222245	0.0627226	0.06222245	0.06268873	0.06247448	0.06222245	0.062574215	0.06269385	0.06273382	0.0627126	0.06222245	0.06272428	0.06224709
ERR1777550	4	bone	0.062624715	0.06267714	0.06222245	0.06222245	0.0627226	0.06222245	0.06268873	0.06247448	0.06222245	0.06258219	0.06268554	0.06273382	0.0627126	0.06222245	0.062738836	0.06224709
ERR1777551	4	tooth	0.06262472	0.06270151	0.062222455	0.062222455	0.06272133	0.062222455	0.06267317	0.06247449	0.062222455	0.06258219	0.06269258	0.06273383	0.06271261	0.06223229	0.062714376	0.062247094
ERR1777552	4	bone	0.062624715	0.06267714	0.06222245	0.06222245	0.0627226	0.06222245	0.06268873	0.06247448	0.06222245	0.06258219	0.06268554	0.06273382	0.0627126	0.06222245	0.062738836	0.06224709
ERR1777553	4	tooth	0.062624715	0.06268465	0.06222245	0.06222245	0.0627226	0.06222245	0.06268873	0.06247448	0.06222245	0.06258219	0.06269258	0.06273382	0.0627126	0.06222245	0.062724285	0.06224709
ERR1777554	4	bone	0.062624715	0.06268465	0.06222245	0.06222245	0.0627226	0.06222245	0.06268873	0.06247448	0.06222245	0.06258219	0.06268554	0.06273382	0.0627126	0.06222245	0.06273132	0.06224709
ERR1777555	4	tooth	0.06260617	0.06270143	0.06222246	0.06222246	0.062713146	0.06222246	0.06268874	0.06250355	0.06222246	0.06257285	0.06267603	0.06273383	0.06271261	0.062230434	0.06272429	0.062247097
ERR1777556	4	bone	0.062624715	0.06267714	0.06222245	0.06222245	0.0627226	0.06222245	0.06268873	0.06247448	0.06222245	0.06258219	0.06268554	0.06273382	0.0627126	0.06222245	0.062738836	0.06224709
ERR1777557	4	tooth	0.062624715	0.06268465	0.06222245	0.06222245	0.0627226	0.06222245	0.06268873	0.06247448	0.06222245	0.06258219	0.06269258	0.06273382	0.0627126	0.06222245	0.062724285	0.06224709
ERR1777558	4	bone	0.062624715	0.06268465	0.06222245	0.06222245	0.0627226	0.06222245	0.06268873	0.06247448	0.06222245	0.06258219	0.06268554	0.06273382	0.0627126	0.06222245	0.06273132	0.06224709
ERR1777559	4	tooth	0.062624715	0.06267541	0.06222245	0.06222245	0.0627226	0.06222245	0.06268873	0.06247448	0.06222245	0.06258219	0.06270182	0.06273382	0.0627126	0.06222245	0.062724285	0.06224709
ERR1777560	4	bone	0.062624715	0.06267714	0.06222245	0.06222245	0.0627226	0.06222245	0.06268873	0.06247448	0.06222245	0.06258219	0.06268554	0.06273382	0.0627126	0.06222245	0.062738836	0.06224709
ERR1777561	4	tooth	0.062624715	0.06271061	0.06222245	0.06222245	0.06271314	0.06222245	0.06268873	0.06247448	0.06222245	0.06258219	0.06267608	0.06274334	0.06270309	0.06222245	0.062724285	0.06224709
ERR1777562	4	bone	0.062624715	0.06268465	0.06222245	0.06222245	0.0627226	0.06222245	0.06268873	0.06247448	0.06222245	0.06258219	0.06268554	0.06273382	0.0627126	0.06222245	0.06273132	0.06224709
ERR1777563	4	tooth	0.06262472	0.06268465	0.062222455	0.062222455	0.06272261	0.062222455	0.06268873	0.062493037	0.062222455	0.06257285	0.06268333	0.06273382	0.06271261	0.062222455	0.062724285	0.062247094
ERR1777564	4	bone	0.062624715	0.06267714	0.06222245	0.06222245	0.0627226	0.06222245	0.06268873	0.06247448	0.06222245	0.06258219	0.06268554	0.06273382	0.0627126	0.06222245	0.062738836	0.06224709
ERR1777565	4	tooth	0.062624715	0.06268465	0.06222245	0.06222245	0.0627226	0.06222245	0.06268873	0.06247448	0.06222245	0.06258219	0.06269258	0.06273382	0.0627126	0.06222245	0.062724285	0.06224709
ERR1777566	4	bone	0.062624715	0.06267714	0.06222245	0.06222245	0.0627226	0.06222245	0.06268873	0.06247448	0.06222245	0.06258219	0.06269258	0.06273382	0.0627126	0.06222245	0.062731795	0.06224709
ERR1777567	4	tooth	0.06262472	0.06268465	0.062222455	0.062222455	0.06272261	0.062222455	0.06268873	0.06248551	0.062222455	0.06258219	0.06269258	0.06273382	0.06271261	0.062222455	0.06271322	0.062247094
ERR1777568	4	bone	0.062624715	0.06267714	0.06222245	0.06222245	0.0627226	0.06222245	0.06268873	0.06247448	0.06222245	0.06258219	0.06268554	0.06273382	0.0627126	0.06222245	0.062738836	0.06224709
ERR1777569	4	tooth	0.06257108	0.06279002	0.062222466	0.062222466	0.062678054	0.062222466	0.06263977	0.06253107	0.06223104	0.0625653	0.06265939	0.06272608	0.0627053	0.06225644	0.062731944	0.06224711
ERR1894879	2	shell	0.07734509	0.077350065	0.0	0.076389484	0.07732494	0.076389484	0.07738239	0.076559186	0.076389484	0.077143595	0.076615974	0.077354066	0.0	0.076389484	0.07736676	0.0
ERR1894880	2	shell	0.07732838	0.07735009	0.0	0.07638951	0.07732497	0.07638951	0.077368826	0.07658992	0.07638951	0.07715717	0.076616004	0.07735409	0.0	0.07638951	0.07735252	0.0
ERR1894881	2	shell	0.07732837	0.07733627	0.0	0.07638951	0.077338785	0.07638951	0.077382416	0.07658992	0.07638951	0.07714362	0.076616	0.07735409	0.0	0.07638951	0.07735251	0.0
ERR1894882	2	shell	0.07732838	0.07735009	0.0	0.07638951	0.07732497	0.07638951	0.077368826	0.07658992	0.07638951	0.07715717	0.076616004	0.07735409	0.0	0.07638951	0.07735252	0.0
ERR1894900	2	shell	0.0773451	0.07733672	0.0	0.0763895	0.07738125	0.0763895	0.077315025	0.07657437	0.0763895	0.07715716	0.07661599	0.077361725	0.0	0.0763895	0.07735466	0.0
ERR1894901	2	shell	0.07732846	0.077307686	0.0	0.07638959	0.07731284	0.07638959	0.07731512	0.07660518	0.07638959	0.077144094	0.076616086	0.077388875	0.0	0.07647171	0.07734117	0.0
ERR1894902	2	shell	0.07734509	0.077351324	0.0	0.07638948	0.077338755	0.07638948	0.0773646	0.076559186	0.07638948	0.07712944	0.076615974	0.07735406	0.0	0.07638948	0.07738366	0.0
ERR1894903	2	shell	0.0773451	0.07733673	0.0	0.0763895	0.077353396	0.0763895	0.077331915	0.07657437	0.0763895	0.07715716	0.07661599	0.077375904	0.0	0.0763895	0.07735145	0.0
ERR1894904	2	shell	0.07731455	0.077322304	0.0	0.07638956	0.07733883	0.07638956	0.07730133	0.07666106	0.07638956	0.077142246	0.07661605	0.07737596	0.0	0.07638956	0.07736945	0.0
ERR1894905	2	shell	0.07734522	0.07730622	0.0	0.07638961	0.0773094	0.07638961	0.0773081	0.07679397	0.07638961	0.077127144	0.076586924	0.077339835	0.0	0.07638961	0.07732473	0.0
ERR1894906	2	shell	0.07729705	0.07730629	0.0	0.076389685	0.07730948	0.076389685	0.07731414	0.07685452	0.076389685	0.077099524	0.07666659	0.07734786	0.0	0.076389685	0.07724579	0.0
ERR1894907	2	shell	0.07734509	0.077336244	0.0	0.07638948	0.077338755	0.07638948	0.077396594	0.076559186	0.07638948	0.07712943	0.076615974	0.07735406	0.0	0.07638948	0.07736676	0.0
ERR1894908	2	shell	0.07734509	0.07736515	0.0	0.076389484	0.07732495	0.076389484	0.0773319	0.076559186	0.076389484	0.07715715	0.076615974	0.07737589	0.0	0.076389484	0.07736676	0.0
ERR1894909	2	shell	0.077345096	0.07735133	0.0	0.076389484	0.07733876	0.076389484	0.0773319	0.076559186	0.076389484	0.07715715	0.076615974	0.07737589	0.0	0.076389484	0.07736677	0.0
ERR1894910	2	shell	0.077345096	0.077350065	0.0	0.076389484	0.07732495	0.076389484	0.0773688	0.076559186	0.076389484	0.07715715	0.076615974	0.077354066	0.0	0.076389484	0.07736677	0.0
ERR1894911	2	shell	0.077345096	0.077350065	0.0	0.076389484	0.07732495	0.076389484	0.0773688	0.076559186	0.076389484	0.07715715	0.076615974	0.077354066	0.0	0.076389484	0.07736677	0.0
ERR1894912	2	shell	0.07732838	0.077365175	0.0	0.07638951	0.07732497	0.07638951	0.07731504	0.07658992	0.07638951	0.07715717	0.076616004	0.07737591	0.0	0.07638951	0.07736941	0.0
ERR1894913	2	shell	0.07734509	0.07736515	0.0	0.076389484	0.07732495	0.076389484	0.0773319	0.076559186	0.076389484	0.07715715	0.076615974	0.07737589	0.0	0.076389484	0.07736676	0.0
ERR1894914	2	shell	0.077328384	0.077350095	0.0	0.076389514	0.07732498	0.076389514	0.07739663	0.07660576	0.076389514	0.07712947	0.076616004	0.077354096	0.0	0.076389514	0.07733653	0.0
ERR1894915	2	shell	0.077328384	0.0773501	0.0	0.07638952	0.07732499	0.07638952	0.07736884	0.07660577	0.07638952	0.077157184	0.07661601	0.0773541	0.0	0.07638952	0.077336535	0.0
ERR1894916	2	shell	0.077345096	0.077350065	0.0	0.076389484	0.0773528	0.076389484	0.0773688	0.07655919	0.076389484	0.07715715	0.07661598	0.077339895	0.0	0.076389484	0.07735308	0.0
ERR1894917	2	shell	0.077345096	0.07733625	0.0	0.076389484	0.07736661	0.076389484	0.0773688	0.07655919	0.076389484	0.07715715	0.07661598	0.077339895	0.0	0.076389484	0.07735308	0.0
ERR1894918	2	shell	0.07734509	0.07735006	0.0	0.07638948	0.07732494	0.07638948	0.07740985	0.076559186	0.07638948	0.07712943	0.076615974	0.07735406	0.0	0.07638948	0.077353515	0.0
ERR1894919	2	shell	0.07734509	0.07735006	0.0	0.07638948	0.07732494	0.07638948	0.07740985	0.076559186	0.07638948	0.07712943	0.076615974	0.07735406	0.0	0.07638948	0.077353515	0.0
ERR2269773	2	leaf	0.07708774	0.077234894	0.0	0.07649992	0.0773213	0.0770788	0.07710251	0.07669762	0.07639006	0.0770847	0.076738	0.07730597	0.0	0.07639006	0.077068426	0.0
ERR2269775	2	leaf	0.07707212	0.07722357	0.0	0.07641782	0.07725778	0.07710634	0.07715784	0.076684825	0.07639002	0.077174634	0.0767399	0.07727913	0.0	0.07639002	0.077106	0.0
ERR2269776	2	leaf	0.07708766	0.07723482	0.0	0.07638998	0.07728295	0.07710631	0.0771578	0.07668479	0.07638998	0.077069856	0.07675215	0.07734773	0.0	0.07638998	0.07710597	0.0
ERR2269777	2	leaf	0.077087685	0.07722069	0.0	0.076404706	0.07728297	0.077078745	0.077157825	0.076697566	0.076390006	0.077098764	0.07675217	0.07733287	0.0	0.076390006	0.07710599	0.0
ERR2269778	2	leaf	0.07708767	0.077219024	0.0	0.07638999	0.07730761	0.077135354	0.07715781	0.07669754	0.07638999	0.07707078	0.076752156	0.07733271	0.0	0.07638999	0.07706938	0.0
ERR2269779	2	leaf	0.07707312	0.077219024	0.0	0.07639	0.07730762	0.077135354	0.07715782	0.07669755	0.07639	0.07707078	0.07676665	0.07733271	0.0	0.07639	0.07706938	0.0
ERR2269780	2	leaf	0.07707312	0.077219024	0.0	0.07639	0.07730762	0.077135354	0.07715782	0.07669755	0.07639	0.07707078	0.07676665	0.07733271	0.0	0.07639	0.07706938	0.0
ERR2269781	2	leaf	0.07707312	0.077219024	0.0	0.07639	0.07730762	0.077135354	0.07715782	0.07669755	0.07639	0.07707078	0.07676665	0.07733271	0.0	0.07639	0.07706938	0.0
ERR2269782	2	leaf	0.0770877	0.07717568	0.0	0.07640321	0.077278495	0.07722948	0.07715784	0.07672723	0.07639002	0.077024676	0.07676678	0.07731278	0.0	0.07639002	0.0770561	0.0
ERR2269783	2	leaf	0.07708767	0.07723482	0.0	0.07638999	0.07728296	0.07707873	0.07715781	0.07669754	0.07638999	0.07708463	0.076752156	0.07734774	0.0	0.07638999	0.07710597	0.0
ERR2269784	2	leaf	0.077008106	0.07718038	0.0	0.077239856	0.077225156	0.07707899	0.07696265	0.07668598	0.07641836	0.07696415	0.07671007	0.0771228	0.0	0.07639025	0.07701325	0.0
ERR2269785	2	leaf	0.07708767	0.07723482	0.0	0.07638999	0.07728296	0.07707873	0.07715781	0.07669754	0.07638999	0.07708463	0.076752156	0.07734774	0.0	0.07638999	0.07710597	0.0
ERR2269786	2	leaf	0.07708767	0.07723482	0.0	0.07638999	0.07728296	0.07707873	0.07715781	0.07669754	0.07638999	0.07708463	0.076752156	0.07734774	0.0	0.07638999	0.07710597	0.0
ERR2269787	2	leaf	0.07708767	0.07723482	0.0	0.07638999	0.07728296	0.07707873	0.07715781	0.07669754	0.07638999	0.07708463	0.076752156	0.07734774	0.0	0.07638999	0.07710597	0.0
ERR2269788	2	leaf	0.07707312	0.077219024	0.0	0.07639	0.07730762	0.077135354	0.07715782	0.07669755	0.07639	0.07707078	0.07676665	0.07733271	0.0	0.07639	0.07706938	0.0
ERR2269789	2	leaf	0.07707312	0.07720523	0.0	0.07638999	0.077321425	0.077135354	0.07715781	0.07669755	0.07638999	0.07707078	0.07676665	0.07733271	0.0	0.07638999	0.07706938	0.0
ERR2269790	2	leaf	0.07720633	0.07732171	0.0	0.07638985	0.07731139	0.07665774	0.07722985	0.0766974	0.07638985	0.07714355	0.076737925	0.07736175	0.0	0.07638985	0.07716281	0.0
ERR2269791	2	leaf	0.07708767	0.077219024	0.0	0.07638999	0.07730761	0.077135354	0.07715781	0.07669754	0.07638999	0.07707078	0.076752156	0.07733271	0.0	0.07638999	0.07706938	0.0
ERR2269792	2	leaf	0.07707311	0.07721902	0.0	0.07638999	0.07730761	0.07716296	0.07715781	0.076684795	0.07638999	0.07705601	0.07676665	0.077332705	0.0	0.07638999	0.07706937	0.0
ERR2269793	2	leaf	0.07708767	0.07723482	0.0	0.07638999	0.07728296	0.07707873	0.07715781	0.07669754	0.07638999	0.07708463	0.076752156	0.07734774	0.0	0.07638999	0.07710597	0.0
ERR2269794	2	leaf	0.077058114	0.07714675	0.0	0.07638998	0.07732122	0.07732942	0.07714421	0.07668479	0.07638998	0.077010125	0.07679745	0.07729734	0.0	0.07638998	0.07704065	0.0
ERR2269795	2	leaf	0.07708766	0.07723482	0.0	0.07638998	0.077307604	0.07707872	0.0771578	0.07669754	0.07638998	0.07708462	0.07675215	0.07734773	0.0	0.07638998	0.077081375	0.0
ERR2269796	2	leaf	0.07699747	0.077121064	0.0	0.076594576	0.0771811	0.07723547	0.0770577	0.076954454	0.076429665	0.07695555	0.07681231	0.07725878	0.0	0.076390244	0.077011615	0.0
ERR2269797	2	leaf	0.07708767	0.07723482	0.0	0.07638999	0.07728296	0.07707873	0.07715781	0.07669754	0.07638999	0.07708463	0.076752156	0.07734774	0.0	0.07638999	0.07710597	0.0
ERR2269798	2	leaf	0.077073105	0.077176325	0.0	0.07638998	0.07733503	0.07723521	0.07714421	0.07668479	0.07638998	0.07704087	0.07676664	0.07731729	0.0	0.07638998	0.07705659	0.0
ERR2269799	2	leaf	0.07704263	0.07717641	0.0	0.0764852	0.07733511	0.07723529	0.07710251	0.07668487	0.076390065	0.07710958	0.0767833	0.07723724	0.0	0.076390065	0.07702772	0.0
ERR2269800	2	leaf	0.07705812	0.07718783	0.0	0.07638999	0.07733504	0.077235214	0.07714422	0.076684795	0.07638999	0.07704088	0.076797456	0.0773173	0.0	0.07638999	0.07702919	0.0
ERR2269801	2	leaf	0.07705712	0.07716178	0.0	0.07648521	0.077350184	0.0772353	0.07710252	0.07671319	0.07639007	0.07704096	0.07678331	0.07724675	0.0	0.07639007	0.07704355	0.0
ERR2269802	2	leaf	0.07707089	0.07719014	0.0	0.076390006	0.07729401	0.07723523	0.07714424	0.076714456	0.076390006	0.07702553	0.07679748	0.07731732	0.0	0.076390006	0.07704068	0.0
ERR2269803	2	leaf	0.077070884	0.07717635	0.0	0.076390006	0.077307805	0.07723523	0.07717195	0.076714456	0.076390006	0.07699786	0.07679747	0.07731731	0.0	0.076390006	0.07704068	0.0
ERR2269804	2	leaf	0.07718846	0.07731826	0.0	0.07638988	0.077284366	0.0767086	0.07724224	0.07669744	0.07638988	0.0771289	0.076752044	0.077361785	0.0	0.07638988	0.07714826	0.0
ERR2269805	2	leaf	0.07708767	0.07723482	0.0	0.07638999	0.07728296	0.07707873	0.07715781	0.07669754	0.07638999	0.07708463	0.076752156	0.07734774	0.0	0.07638999	0.07710597	0.0
ERR3579671	0	dental calculus	0.062753454	0.06275115	0.062222462	0.062222462	0.062697396	0.062311668	0.0627063	0.06258084	0.062222462	0.062253103	0.062677905	0.06272098	0.062463883	0.062304035	0.06276859	0.062343318
ERR3579672	0	dental calculus	0.062709905	0.06285676	0.062222414	0.062222414	0.06268866	0.06231162	0.06268888	0.06264743	0.062222414	0.06227931	0.06268467	0.06269942	0.062454604	0.06223156	0.0627903	0.062289633
ERR3579673	0	dental calculus	0.062718585	0.06281521	0.06222246	0.06222246	0.0626729	0.062311664	0.062723905	0.06263918	0.062231917	0.062245004	0.062669374	0.062667035	0.062441148	0.062392857	0.06275505	0.06227126
ERR3579674	0	dental calculus	0.06274375	0.06282508	0.062222403	0.062222403	0.062704675	0.06231161	0.06272431	0.062630646	0.06223186	0.062262755	0.062677555	0.06271939	0.062463827	0.062222403	0.06276612	0.062271204
ERR3579675	0	dental calculus	0.06252674	0.06275684	0.06273962	0.062222585	0.062385928	0.06228452	0.062496513	0.06254373	0.062265325	0.06274848	0.06252211	0.06250591	0.062331803	0.06270754	0.06265017	0.062312197
ERR3579676	0	dental calculus	0.06273537	0.06280292	0.062222406	0.062222406	0.06271256	0.062311612	0.06273278	0.062616326	0.062222406	0.06225305	0.062702715	0.0627292	0.062457502	0.062222406	0.0627569	0.062299434
ERR3579677	0	dental calculus	0.06272662	0.06284019	0.062222417	0.062222417	0.062706895	0.062311623	0.0627144	0.06259886	0.062247753	0.062264625	0.06268468	0.06270621	0.06246384	0.062222417	0.06277522	0.06229183
ERR3579678	0	dental calculus	0.06272666	0.062821746	0.06222246	0.06222246	0.06270608	0.062311664	0.0627063	0.062582485	0.0622652	0.062264666	0.06265986	0.0627081	0.062463883	0.062294874	0.062751696	0.06229187
ERR3579680	0	dental calculus	0.062570274	0.062808126	0.062229957	0.062485363	0.062545165	0.062436253	0.06255256	0.062566094	0.062238324	0.062655374	0.06255657	0.062588274	0.062361285	0.062482923	0.06266568	0.06225778
ERR3579681	0	dental calculus	0.0627363	0.06282275	0.062222406	0.062222406	0.06269721	0.062311612	0.06273278	0.062615894	0.062222406	0.062262405	0.062703654	0.062745325	0.06246383	0.062222406	0.062728785	0.06228983
ERR3579682	0	dental calculus	0.06272113	0.0628458	0.062222462	0.062222462	0.06267351	0.062311668	0.062723905	0.06258352	0.062247798	0.062237527	0.06269593	0.062662564	0.062449757	0.06239286	0.06272767	0.062281445
ERR3579683	0	dental calculus	0.062683515	0.062870026	0.06222247	0.06242499	0.06268716	0.06230319	0.062681906	0.06264853	0.06223924	0.062245406	0.062634125	0.06266163	0.062448695	0.06222247	0.062743224	0.062283427
ERR3579685	0	dental calculus	0.06272691	0.06284488	0.06222246	0.06222246	0.06262979	0.062293407	0.06265071	0.06260746	0.06222246	0.062641814	0.06266877	0.06266277	0.062402114	0.06222246	0.062723815	0.06225773
ERR3579687	0	dental calculus	0.06269075	0.06281446	0.06222254	0.06272504	0.062656656	0.06230326	0.06261878	0.06258588	0.06227133	0.06223002	0.06257931	0.06255382	0.062398825	0.06239294	0.062693544	0.06226283
ERR3579688	0	dental calculus	0.06248087	0.062776096	0.062732264	0.06269778	0.062437803	0.062286094	0.062490754	0.062535435	0.06270774	0.0622679	0.06238584	0.062390234	0.062343694	0.06254181	0.062670164	0.062255517
ERR3579699	0	dental calculus	0.06268266	0.062779896	0.06222991	0.062222593	0.06252886	0.062259886	0.06252355	0.06253426	0.06223999	0.06263546	0.06261031	0.06259905	0.06237559	0.062465608	0.06266239	0.06264997
ERR3579700	0	dental calculus	0.062654816	0.06283096	0.06222988	0.062222563	0.06253822	0.062312152	0.06258203	0.0625725	0.062222563	0.062669426	0.06261026	0.06257598	0.06238216	0.06256901	0.06271579	0.06231169
ERR3579701	0	dental calculus	0.06267547	0.06283031	0.062229823	0.062222507	0.06264743	0.062311713	0.06270557	0.06260459	0.062222507	0.062275805	0.062659346	0.062623404	0.062437527	0.062467694	0.06275896	0.06232736
ERR3579702	0	dental calculus	0.062702365	0.06286318	0.062222436	0.062222436	0.06264745	0.062311642	0.0627079	0.0626504	0.062222436	0.062253077	0.062663734	0.06269996	0.062445257	0.062351532	0.06277296	0.06226324
ERR3579703	0	dental calculus	0.062692106	0.06284643	0.06222981	0.062222492	0.062674	0.062311698	0.06268912	0.062572785	0.06223989	0.062246684	0.06264669	0.06265533	0.062446743	0.062492717	0.0627416	0.062291905
ERR3579704	0	dental calculus	0.06276248	0.06275181	0.06222241	0.062230907	0.06272268	0.062311616	0.06272421	0.06261429	0.06222241	0.062253054	0.062693655	0.06273728	0.062463835	0.06222241	0.06277758	0.062289383
ERR3579705	0	dental calculus	0.062612325	0.06278967	0.062222484	0.062258605	0.06272068	0.06257803	0.06270741	0.06265772	0.062248264	0.06224542	0.06267778	0.062699355	0.062433142	0.062230535	0.062655285	0.062263288
ERR3579706	0	dental calculus	0.06261335	0.06281881	0.062222477	0.0622586	0.06269614	0.06256795	0.06270575	0.062654875	0.062238798	0.06225511	0.06267763	0.062707424	0.062441215	0.062222477	0.06265611	0.06226328
ERR3579707	0	dental calculus	0.06260625	0.06287733	0.062229846	0.06222253	0.062585376	0.06230351	0.062666416	0.06257953	0.06262242	0.062290773	0.06260758	0.06260763	0.06243837	0.062296018	0.06276649	0.062299937
ERR3579708	0	dental calculus	0.062654704	0.0628633	0.062229864	0.062222544	0.062610894	0.0623304	0.062655285	0.06259521	0.062257342	0.062308263	0.06262849	0.06260376	0.062428966	0.06255094	0.06272434	0.06233571
ERR3579709	0	dental calculus	0.06269963	0.06284774	0.062229816	0.062222496	0.0626658	0.062311705	0.062690586	0.062564045	0.06224783	0.062251937	0.06265496	0.06263822	0.062438145	0.06246551	0.06275467	0.062316906
ERR3579710	0	dental calculus	0.062662914	0.06287135	0.06222254	0.06222254	0.0625541	0.06229349	0.06259755	0.062584214	0.06222254	0.0626694	0.06263832	0.06258612	0.06236428	0.06247474	0.06270074	0.06233516
ERR3579711	0	dental calculus	0.06268113	0.06284781	0.06222252	0.06222252	0.062560804	0.06229347	0.06259887	0.062562406	0.06222252	0.06271099	0.06261795	0.06264611	0.06239928	0.062380087	0.06272408	0.062309455
ERR3579712	0	dental calculus	0.0627091	0.06287291	0.062229786	0.062222466	0.06265362	0.062311675	0.062680796	0.062625356	0.0622478	0.062288266	0.06265248	0.062673695	0.06243669	0.062304042	0.062766194	0.062325124
ERR3579713	0	dental calculus	0.062652566	0.06283744	0.062229853	0.062222537	0.062546924	0.062293485	0.06261701	0.062619224	0.062249396	0.06267371	0.06262935	0.06261812	0.062365476	0.06248282	0.06270646	0.062255617
ERR3579714	0	dental calculus	0.062661625	0.06284644	0.062229853	0.062222537	0.062562875	0.062293485	0.06259944	0.06262978	0.062249392	0.06267371	0.062626794	0.0625937	0.062365472	0.06248282	0.06270646	0.062255614
ERR3579715	0	dental calculus	0.06258785	0.062791504	0.062739626	0.062222596	0.06246798	0.06228453	0.06254804	0.06256342	0.062222596	0.06264052	0.06257366	0.06254145	0.062339015	0.062474795	0.06269853	0.062303897
ERR3579716	0	dental calculus	0.06273651	0.06285452	0.062229726	0.06222241	0.06268626	0.062311616	0.062725104	0.062662035	0.062239807	0.062264748	0.06268713	0.0626905	0.0624546	0.062231556	0.062740274	0.062263213
ERR3579719	0	dental calculus	0.062659085	0.062729284	0.062732145	0.062222492	0.06260692	0.062302683	0.062673606	0.06264407	0.062222492	0.062253136	0.062624775	0.062663615	0.062420677	0.062222492	0.06275906	0.06226347
ERR3579720	0	dental calculus	0.062753394	0.0627518	0.062222403	0.062222403	0.062722676	0.06231161	0.06273277	0.062614284	0.062222403	0.062253047	0.06270271	0.06274532	0.062463827	0.062222403	0.06277757	0.062281385
ERR3579721	0	dental calculus	0.06269213	0.06280984	0.06222253	0.06222253	0.062562354	0.062293477	0.06263196	0.062621936	0.06223993	0.06265292	0.06267184	0.06262675	0.062368505	0.062410176	0.06269908	0.062274043
ERR3579722	0	dental calculus	0.0626473	0.06285289	0.06222986	0.062222544	0.062547475	0.062293492	0.06256576	0.06258727	0.0622494	0.06264552	0.06260349	0.06256829	0.06235827	0.06269752	0.06266487	0.06226606
ERR3579723	0	dental calculus	0.06262037	0.0628454	0.062229875	0.06222256	0.062483814	0.062293507	0.06255701	0.06257684	0.062239956	0.06267373	0.06261205	0.06255241	0.062358286	0.06271563	0.06266488	0.062353685
ERR3579726	0	dental calculus	0.06271763	0.06287201	0.062222388	0.062222388	0.06269828	0.062311593	0.062716	0.06264549	0.062222388	0.062245324	0.06269687	0.062707186	0.062445212	0.062231533	0.06277234	0.062273372
ERR3579727	0	dental calculus	0.06272566	0.06288036	0.06222239	0.06222239	0.062706865	0.062311597	0.06271601	0.06261025	0.06222239	0.06225502	0.06267879	0.06270719	0.062463816	0.062231537	0.06277235	0.062273376
ERR3579728	0	dental calculus	0.062615335	0.06287074	0.06222256	0.06222256	0.06254124	0.06230354	0.06263856	0.06259254	0.06266546	0.06228332	0.062566504	0.062579334	0.062429797	0.062435783	0.06273245	0.06230028
ERR3579729	0	dental calculus	0.06257351	0.062835224	0.062229916	0.0622226	0.06249075	0.062386684	0.06260352	0.062554486	0.06267503	0.06230832	0.06255758	0.06250995	0.062405597	0.06271567	0.06263085	0.06230032
ERR3579730	0	dental calculus	0.062600024	0.06283822	0.062222566	0.062222566	0.06250316	0.062303547	0.062624104	0.062555596	0.062675	0.06227522	0.06256827	0.06252049	0.062417828	0.062715635	0.06266754	0.062290236
ERR3579731	0	dental calculus	0.06262872	0.062863186	0.062222555	0.062222555	0.06257928	0.06230354	0.06263855	0.062581636	0.06262245	0.062290803	0.06256673	0.062604524	0.062429793	0.062406197	0.06274751	0.062291972
ERR3579732	0	dental calculus	0.06241994	0.062750325	0.06273223	0.062725574	0.0623229	0.06228644	0.06239136	0.062474802	0.06271462	0.062680915	0.06239747	0.06231331	0.062259026	0.06269755	0.0625383	0.06229523
ERR3579733	0	dental calculus	0.06261535	0.062858224	0.062222574	0.062222574	0.06256571	0.062303554	0.06263808	0.06258953	0.062639974	0.062290817	0.06259127	0.06258063	0.062422596	0.062471654	0.06269723	0.06229024
ERR3579734	0	dental calculus	0.062675506	0.06278451	0.062222533	0.062222533	0.0626207	0.06232216	0.06268146	0.062595285	0.06262242	0.062253177	0.06262507	0.06263289	0.062437985	0.06229842	0.06273183	0.062273517
ERR3579735	0	dental calculus	0.06259951	0.0628618	0.06222256	0.06222256	0.06251329	0.06230354	0.062613375	0.06254768	0.062647946	0.062256165	0.06258668	0.062528245	0.062414154	0.06269754	0.06268451	0.062300418
ERR3579738	0	dental calculus	0.062473018	0.062786184	0.06273963	0.062222604	0.06233636	0.06227632	0.06250527	0.06254248	0.06267504	0.06268836	0.06252091	0.062448543	0.062314253	0.062473703	0.06268512	0.062312216
ERR3579740	0	dental calculus	0.06257201	0.062831	0.06273958	0.062222548	0.06254822	0.06230274	0.06262169	0.06262609	0.062265288	0.062283304	0.062579446	0.06259677	0.062385477	0.062377706	0.062766194	0.062281944
ERR3579741	0	dental calculus	0.06253516	0.06283974	0.062732235	0.062222578	0.06244125	0.06228451	0.062530845	0.06255086	0.062247913	0.06269735	0.062555276	0.06250797	0.062322345	0.06253052	0.06270776	0.062293693
ERR3579742	0	dental calculus	0.06246621	0.062813416	0.062739626	0.062222596	0.062319063	0.062276307	0.06250525	0.06253349	0.0626655	0.062692665	0.062486246	0.062440686	0.062322307	0.06254049	0.06267398	0.062302154
ERR3579743	0	dental calculus	0.0627463	0.06281198	0.062222455	0.062222455	0.0626729	0.06231166	0.0627239	0.06261854	0.062222455	0.062245	0.062679	0.06269338	0.062441144	0.062392853	0.06272474	0.062271256
ERR3579744	0	dental calculus	0.06274487	0.06281529	0.06222242	0.06222242	0.0626863	0.062386803	0.06274354	0.062626034	0.06222242	0.062255066	0.06268649	0.062717296	0.06245752	0.06222242	0.06271988	0.062271222
ERR3579745	0	dental calculus	0.062510416	0.06273325	0.06273224	0.06222259	0.06258191	0.06259187	0.06261076	0.062625915	0.062249444	0.062289182	0.06258231	0.062646076	0.062394116	0.062303066	0.06267129	0.06225557
ERR3579746	0	dental calculus	0.06259682	0.06281018	0.06273224	0.062222585	0.06252265	0.062377937	0.06261383	0.062578276	0.06227479	0.06223965	0.062532246	0.06255083	0.062370513	0.062658645	0.06264475	0.062274054
ERR3579747	0	dental calculus	0.06251188	0.062817134	0.06273225	0.062222593	0.062410902	0.06229456	0.06258807	0.06255334	0.06267502	0.062265906	0.062490493	0.062483653	0.062372506	0.062597595	0.062701106	0.062282976
ERR3579748	0	dental calculus	0.0626138	0.06277506	0.06273222	0.062222563	0.06259743	0.062302753	0.06265521	0.062602006	0.062265303	0.062237628	0.06257497	0.06259438	0.062403593	0.06246558	0.06270196	0.062255546
ERR3579749	0	dental calculus	0.062691875	0.06283006	0.06222248	0.06223098	0.06263568	0.062311687	0.062680684	0.062706344	0.06226522	0.062237937	0.06265415	0.06268202	0.062428623	0.06231212	0.06274079	0.062369343
ERR3579750	0	dental calculus	0.06272753	0.06278246	0.062222406	0.062230904	0.0627046	0.062311612	0.06273495	0.06267561	0.062222406	0.062253047	0.06267027	0.062729195	0.062463827	0.062222406	0.06277758	0.062271196
ERR3579751	0	dental calculus	0.06266383	0.06283737	0.062229875	0.06222256	0.06254716	0.062293507	0.06259047	0.062591694	0.06224942	0.06263543	0.06263026	0.06258408	0.062384073	0.062559046	0.06269872	0.062282503
ERR3579752	0	dental calculus	0.06274508	0.06288715	0.06222238	0.06222238	0.06268014	0.062311586	0.062707536	0.06264564	0.06223184	0.06224532	0.06269491	0.062674135	0.06244597	0.06222238	0.06279195	0.06227162
ERR3579753	0	dental calculus	0.062617	0.06286055	0.06222256	0.06222256	0.06252806	0.06230354	0.0626463	0.06257762	0.06267499	0.062256165	0.06258432	0.06254579	0.062421367	0.0625305	0.06271846	0.06229023
ERR3579754	0	dental calculus	0.062724784	0.062664516	0.062222447	0.062222447	0.062736265	0.062452246	0.0627229	0.06264286	0.062222447	0.062253088	0.06272153	0.06273578	0.0624369	0.062222447	0.06273792	0.06228143
ERR3579755	0	dental calculus	0.06266666	0.0628611	0.062222533	0.062222533	0.062563516	0.06230263	0.06262717	0.06266594	0.062222533	0.06252597	0.06262007	0.06259438	0.062405434	0.062482815	0.062734716	0.062281985
ERR3579756	0	dental calculus	0.062608674	0.06284998	0.062222496	0.062222496	0.06266515	0.06244455	0.062680095	0.06263167	0.062222496	0.062237337	0.062672794	0.06263938	0.06244979	0.062392898	0.062760234	0.062299963
ERR3579757	0	dental calculus	0.06259115	0.06282811	0.06273225	0.06251286	0.062547825	0.062302783	0.06262673	0.0625729	0.062238276	0.062230073	0.06250004	0.062549196	0.062373433	0.062401064	0.06271127	0.06228205
ERR3579758	0	dental calculus	0.06269983	0.06286014	0.062222533	0.06243358	0.062672555	0.062321898	0.06267216	0.06256627	0.062239308	0.062237374	0.06265072	0.06259567	0.062440958	0.06239293	0.062702596	0.06229148
ERR3579759	0	dental calculus	0.06253019	0.06275672	0.062739626	0.062222593	0.06236844	0.06228453	0.06252707	0.06255235	0.062274795	0.062722035	0.062558316	0.06250626	0.06232322	0.06270755	0.06261411	0.062312204
ERR3579760	0	dental calculus	0.06264659	0.06284669	0.062222548	0.062222548	0.062537245	0.062293496	0.06257327	0.06255986	0.062239945	0.06270486	0.06261993	0.06259967	0.062365483	0.06255904	0.06270736	0.062301487
ERR3579761	0	dental calculus	0.06254437	0.06278213	0.062739626	0.062222593	0.062406268	0.06228453	0.06253042	0.06252561	0.062265333	0.062680714	0.06255801	0.06251381	0.06232322	0.06268946	0.06264019	0.06229371
ERR3579762	0	dental calculus	0.06265006	0.062829554	0.06222989	0.06222257	0.06252985	0.06229352	0.06259624	0.062558316	0.062274776	0.06267092	0.06262056	0.06259863	0.062374104	0.06255906	0.06269045	0.062301513
ERR3579763	0	dental calculus	0.06254509	0.06275763	0.06273964	0.06222261	0.06240201	0.062303185	0.06252708	0.062561564	0.062274814	0.06272205	0.06253938	0.06251324	0.06232324	0.0626417	0.06261453	0.062312223
ERR3579764	0	dental calculus	0.06265007	0.06282109	0.062229898	0.062222578	0.06253856	0.062293526	0.06259625	0.062576294	0.062274784	0.062661156	0.06261996	0.06258228	0.06238218	0.06255098	0.06269046	0.06230996
ERR3579765	0	dental calculus	0.06274446	0.06281	0.06222239	0.06222239	0.06271529	0.062311597	0.06273276	0.06261603	0.06222239	0.06224533	0.06269406	0.062728696	0.062463816	0.06222239	0.062775016	0.062273376
ERR3579766	0	dental calculus	0.06262154	0.06284709	0.062229875	0.06222256	0.06251999	0.062293507	0.062573284	0.06255987	0.0622653	0.06270711	0.06259304	0.062566675	0.062373567	0.06261673	0.06270835	0.0623015
ERR3579767	0	dental calculus	0.06262154	0.06283009	0.062229875	0.06222256	0.0625099	0.062293507	0.06256466	0.06255931	0.0622653	0.06270711	0.06259304	0.06254229	0.06236688	0.06271563	0.06266674	0.062311556
ERR3579768	0	dental calculus	0.06265448	0.06282899	0.062222548	0.062222548	0.06256206	0.062293496	0.06260712	0.0625766	0.06223995	0.0626882	0.06263615	0.062610336	0.062373556	0.062474746	0.06270774	0.06230149
ERR3579774	0	dental calculus	0.06263131	0.06286354	0.062229875	0.06222256	0.06252966	0.062293507	0.06258229	0.062593535	0.0622653	0.062668785	0.06262702	0.06256902	0.06237409	0.06253935	0.06270867	0.062301498
ERR3579775	0	dental calculus	0.06249762	0.0627776	0.06273963	0.0622226	0.062356677	0.06227631	0.062505156	0.06251476	0.06267503	0.06271531	0.0624859	0.062481545	0.062332995	0.06238899	0.06271767	0.062312208
ERR3579776	0	dental calculus	0.06271151	0.06284164	0.06222247	0.06222247	0.06267284	0.06231168	0.06272391	0.06259607	0.06222247	0.062273372	0.06267737	0.0626774	0.062449764	0.062402043	0.062715285	0.06227971
ERR3579777	0	dental calculus	0.06273505	0.06277663	0.062222503	0.06248522	0.0626765	0.06231171	0.062689275	0.06259979	0.062263526	0.0622306	0.06263936	0.06267052	0.062482435	0.062222503	0.06272181	0.06227258
ERR3579779	0	dental calculus	0.062632784	0.0628517	0.06222254	0.062231038	0.062586166	0.06230352	0.06268974	0.06260843	0.06262243	0.06223738	0.06263575	0.06258791	0.062441695	0.06239294	0.06269265	0.06226334
ERR3579781	0	dental calculus	0.06269283	0.06289395	0.06222246	0.06222246	0.0626729	0.06233031	0.0627239	0.06262352	0.06222246	0.062256344	0.06267018	0.06264737	0.06244167	0.06240093	0.06270748	0.062271256
ERR3579782	0	dental calculus	0.06254713	0.06277942	0.062222604	0.062222604	0.062555455	0.062651925	0.062607564	0.06256607	0.06224	0.06263581	0.06261089	0.06259296	0.062377848	0.06253939	0.062602624	0.062247697
ERR3579783	0	dental calculus	0.062341943	0.062631086	0.06273967	0.06268874	0.06235934	0.0627108	0.062407248	0.06257408	0.062307328	0.062700175	0.062415577	0.06240233	0.062294874	0.06262491	0.062498026	0.062303875
ERR3579784	0	dental calculus	0.06272481	0.062854305	0.062222403	0.062222403	0.06270758	0.062319234	0.062716015	0.062640056	0.06224774	0.062255256	0.06270011	0.062706396	0.062445853	0.062222403	0.06275224	0.062263206
ERR3579785	0	dental calculus	0.06261321	0.062811546	0.06273215	0.0622225	0.062607646	0.06230269	0.06266344	0.0626238	0.062247835	0.06229098	0.06260701	0.06264623	0.06239654	0.0622225	0.062747985	0.062263917
ERR3579786	0	dental calculus	0.06256853	0.06284437	0.06273222	0.062222566	0.06253626	0.062302757	0.062630884	0.062600054	0.06225736	0.062275235	0.06258501	0.06256616	0.062379453	0.062478244	0.06272148	0.062299408
ERR3579787	0	dental calculus	0.06266519	0.0628841	0.06222987	0.062222555	0.062555045	0.062293503	0.06258511	0.062584914	0.062265296	0.06263725	0.06262073	0.06254905	0.062423524	0.06254175	0.06267638	0.062265735
ERR3579788	0	dental calculus	0.06254069	0.062819086	0.06273224	0.062222585	0.06244985	0.06228452	0.06253848	0.06259995	0.062257383	0.06267387	0.06256583	0.06252409	0.062324107	0.0624656	0.06270801	0.0622937
ERR3579789	0	dental calculus	0.0625867	0.062860355	0.062222585	0.062222585	0.062460512	0.062285308	0.06256544	0.06258533	0.062675014	0.06264669	0.06258516	0.06252475	0.062365465	0.0624656	0.06267397	0.062274538
ERR3579790	0	dental calculus	0.06249967	0.062802695	0.06273965	0.062222615	0.062344447	0.062276326	0.062514015	0.06254162	0.06266552	0.062656485	0.062497206	0.062480584	0.06231601	0.06246563	0.062665306	0.062312227
ERR3579791	0	dental calculus	0.062466092	0.06277349	0.06273962	0.06222259	0.062386595	0.062276304	0.06253903	0.0626181	0.062647976	0.06269104	0.06252026	0.062475435	0.062380016	0.062304165	0.062701784	0.0622575
ERR3579792	0	dental calculus	0.06266335	0.06284354	0.06222253	0.06222253	0.06258067	0.062331356	0.0626342	0.062640324	0.062247865	0.062628224	0.06267896	0.06260891	0.06237644	0.06239293	0.06268054	0.062247623
ERR3579793	0	dental calculus	0.062419415	0.062644675	0.06273229	0.062258758	0.06243877	0.062635444	0.062554054	0.06267008	0.06227376	0.06268805	0.06261652	0.06253987	0.062339455	0.062393036	0.06256468	0.062231142
ERR3579796	0	dental calculus	0.062629275	0.062798984	0.062222507	0.062222507	0.06261416	0.062454667	0.06262369	0.06263685	0.062231965	0.06263411	0.06269364	0.06267807	0.062385023	0.062222507	0.062704444	0.0622476
ERR3579797	0	dental calculus	0.062482122	0.06265118	0.062222622	0.062267754	0.06254755	0.062728405	0.0626132	0.0626455	0.06229116	0.062688045	0.06267935	0.06257453	0.062391844	0.06244061	0.06252077	0.062255364
ERR3579798	0	dental calculus	0.0627548	0.06281556	0.06222242	0.06222242	0.06270857	0.062375482	0.062713794	0.06263605	0.06225722	0.06223788	0.06270172	0.06268831	0.062448915	0.06222242	0.06273119	0.062263224
ERR3579799	0	dental calculus	0.06272529	0.062792055	0.062222444	0.062222444	0.062677294	0.06238555	0.06273364	0.06263763	0.0622319	0.062253088	0.06270151	0.06271778	0.062448934	0.062222444	0.062719285	0.062308725
ERR3579800	0	dental calculus	0.06264297	0.062860675	0.062222514	0.062222514	0.06259834	0.062311724	0.06267424	0.06263984	0.06227472	0.062282894	0.06260412	0.06261225	0.062423762	0.06262479	0.0627329	0.062271755
ERR3579801	0	dental calculus	0.06260738	0.062819056	0.062732205	0.06222255	0.06256749	0.062302742	0.06262169	0.06259967	0.062274754	0.062264256	0.062580645	0.06261271	0.06238723	0.062342484	0.06275574	0.062309388
ERR3579802	0	dental calculus	0.062499695	0.062805116	0.06273963	0.062222604	0.062351175	0.062276315	0.062514	0.062559895	0.06266551	0.062666245	0.06249451	0.06245678	0.06231425	0.062482886	0.062674604	0.06227678
ERR3579803	0	dental calculus	0.06255267	0.062805496	0.06273226	0.0622226	0.062446944	0.062284533	0.06251452	0.06254988	0.06226534	0.06269576	0.06253764	0.0625415	0.06232295	0.06254439	0.06268138	0.062302157
ERR3579804	0	dental calculus	0.06244934	0.062781304	0.062739626	0.062222596	0.062299997	0.062276307	0.06250525	0.06253455	0.0626655	0.062734	0.062511995	0.062456477	0.062314242	0.06253054	0.062666066	0.062312204
ERR3579805	0	dental calculus	0.06246717	0.06277927	0.06273962	0.062222585	0.062327575	0.062276296	0.06247092	0.06250165	0.06266549	0.062697716	0.062478386	0.06241448	0.062315617	0.06271566	0.06263388	0.0622937
ERR3579806	0	dental calculus	0.06254492	0.06282644	0.06273224	0.062222585	0.06240557	0.062284518	0.062521845	0.0625502	0.062274788	0.06266411	0.06253247	0.062489774	0.06231604	0.06261565	0.06271671	0.062302142
ERR3579807	0	dental calculus	0.06276247	0.0627518	0.062222403	0.062222403	0.062722676	0.06231161	0.06273277	0.062614284	0.062222403	0.062253043	0.06269365	0.06274532	0.062463827	0.062222403	0.06277757	0.062281385
ERR3579809	0	dental calculus	0.06255412	0.06279868	0.062739626	0.062222593	0.06243283	0.06228453	0.06253286	0.06259142	0.062265333	0.062646694	0.062547386	0.06248134	0.062330425	0.0625987	0.062698185	0.06227528
ERR3579810	0	dental calculus	0.06251314	0.062797576	0.062739626	0.062222593	0.062406283	0.06231228	0.062519796	0.06255027	0.062265337	0.062697366	0.06252955	0.062473904	0.062323224	0.06270755	0.06262929	0.062312204
ERR3579811	0	dental calculus	0.06276247	0.0627518	0.062222403	0.062222403	0.062722676	0.06231161	0.06273277	0.06262419	0.062222403	0.062253047	0.06270294	0.062745325	0.062463827	0.062222403	0.06275835	0.06228139
ERR3579812	0	dental calculus	0.06275342	0.06281466	0.062222425	0.062222425	0.062724575	0.06231163	0.06270765	0.06258809	0.062222425	0.06225307	0.062687844	0.06269839	0.062455244	0.062298313	0.06276644	0.06227341
ERR3579813	0	dental calculus	0.06272966	0.06284845	0.062222417	0.062222417	0.062672004	0.062311623	0.06272432	0.06260754	0.062222417	0.062245358	0.062683195	0.06269106	0.062463842	0.06228785	0.06278644	0.062281404
ERR3579814	0	dental calculus	0.06272073	0.06282717	0.06222242	0.06222242	0.06268043	0.062311627	0.06272433	0.06262431	0.06223188	0.06224536	0.06267547	0.062710725	0.06245524	0.062287852	0.06278662	0.062273405
ERR3579815	0	dental calculus	0.06274496	0.06276024	0.062222403	0.062222403	0.062722676	0.06231161	0.06273277	0.062614284	0.062222403	0.062253047	0.06270271	0.06274532	0.062463827	0.062222403	0.06277757	0.062281385
ERR3579816	0	dental calculus	0.062753394	0.0627518	0.062222403	0.062222403	0.062722676	0.06231161	0.06273277	0.062614284	0.062222403	0.062253047	0.06270271	0.06274532	0.062463827	0.062222403	0.06277757	0.062281385
ERR3579817	0	dental calculus	0.06267549	0.06282538	0.062222507	0.062222507	0.06266072	0.062311713	0.06270588	0.06258872	0.062239908	0.062273808	0.062626965	0.06265599	0.06243008	0.0625393	0.0627291	0.062291924
ERR3579818	0	dental calculus	0.062515974	0.062762365	0.06273228	0.062222626	0.062360883	0.062276337	0.0625468	0.062586695	0.06262252	0.062653005	0.062494844	0.062491387	0.062325235	0.06246564	0.0626666	0.062276807
ERR3579827	0	dental calculus	0.06268752	0.06286901	0.06222246	0.06222246	0.0626694	0.062321704	0.062689245	0.06267185	0.062274665	0.062264163	0.06263556	0.06268118	0.062437203	0.06230294	0.06275889	0.06229174
ERR3579828	0	dental calculus	0.06271097	0.06279614	0.06222243	0.062266868	0.06270415	0.06231164	0.06273498	0.06264745	0.06222243	0.062253073	0.0626499	0.062725715	0.062463854	0.06222243	0.06276852	0.062299456
ERR3579829	0	dental calculus	0.062727064	0.06284618	0.062222395	0.062222395	0.06271424	0.062311605	0.06273276	0.06262461	0.062222395	0.062245335	0.0626791	0.06271715	0.06246382	0.062222395	0.06275918	0.062289372
ERR3579830	0	dental calculus	0.06264935	0.062725425	0.06222247	0.06222247	0.062687315	0.06254747	0.06268675	0.06268098	0.06222247	0.062253114	0.062696226	0.06272589	0.062463894	0.06222247	0.062720396	0.062273324
ERR3609652	4	dental calculus	0.06258736	0.06263245	0.06222253	0.062682666	0.062697485	0.06222253	0.06268881	0.062433675	0.062230516	0.062485125	0.0626243	0.06262022	0.06273187	0.06222253	0.06267075	0.062247172
ERR3609653	4	dental calculus	0.06258008	0.062667534	0.062222533	0.06268267	0.06271134	0.062222533	0.062671915	0.062443197	0.06223052	0.06248513	0.06261667	0.06262023	0.062712684	0.062222533	0.062663265	0.062247172
ERR3609654	4	dental calculus	0.06256047	0.06266584	0.06222253	0.06271793	0.062688015	0.06222253	0.06268009	0.06244417	0.062230512	0.06250349	0.06260796	0.06260165	0.06273187	0.06222253	0.06266154	0.06223888
ERR3609655	4	dental calculus	0.06257934	0.06264207	0.062222533	0.06268267	0.062697485	0.062222533	0.06268881	0.06243218	0.06223052	0.062503494	0.06261667	0.06262056	0.06271269	0.062230512	0.062679045	0.062238883
ERR3609656	4	dental calculus	0.06258736	0.06264817	0.06222253	0.062682666	0.06271262	0.06222253	0.062688805	0.06242266	0.062230512	0.06248512	0.06260858	0.062630616	0.06273187	0.06222253	0.062656276	0.06224717
ERR3609657	4	dental calculus	0.06272121	0.06277393	0.062222436	0.062335655	0.062721305	0.062222436	0.06271834	0.062542915	0.062222436	0.06259265	0.062680684	0.062726416	0.062279273	0.062222436	0.062745005	0.062272884
ERR3609658	4	dental calculus	0.06271067	0.06278189	0.06222244	0.06233566	0.062713124	0.06222244	0.062739864	0.062553436	0.06222244	0.062592655	0.062679276	0.062704556	0.06228884	0.06222244	0.06273737	0.062272888
ERR3609659	4	dental calculus	0.062738314	0.062731855	0.062222395	0.062222395	0.06272255	0.062222395	0.06274855	0.06253257	0.062222395	0.06261931	0.06271336	0.06273929	0.06229829	0.062222395	0.06277108	0.062272843
ERR3609660	4	dental calculus	0.06255376	0.062839225	0.06273424	0.062230106	0.062469546	0.06222256	0.062428154	0.06255996	0.062240157	0.06261496	0.06241347	0.06254692	0.062230658	0.0625758	0.062700845	0.06263963
ERR3609661	4	dental calculus	0.062545046	0.06284759	0.062734224	0.06223009	0.062496286	0.062222544	0.06255634	0.06262068	0.062240142	0.06264231	0.06247637	0.062546805	0.062230643	0.06254263	0.0627298	0.062338486
ERR3678173	0	dental calculus	0.062700726	0.06283375	0.06222248	0.06222248	0.06267505	0.062311687	0.06269762	0.06257007	0.06222248	0.062287647	0.06266005	0.06265058	0.062446736	0.06239288	0.06278885	0.06231689
ERR3678174	0	dental calculus	0.06267216	0.062862866	0.06222251	0.06222251	0.06259495	0.06229346	0.06259115	0.06262485	0.062247846	0.062653	0.06263545	0.062628716	0.062389906	0.062304087	0.0627471	0.062309444
ERR3678175	0	dental calculus	0.06269083	0.06287761	0.062222514	0.062222514	0.062570736	0.06231222	0.06264185	0.06260632	0.062222514	0.062625974	0.06266135	0.06260426	0.062394377	0.062392913	0.062689975	0.06226403
ERR3678176	0	dental calculus	0.062716745	0.06284592	0.06222979	0.06222247	0.06267028	0.06231168	0.06268191	0.06260831	0.062265214	0.06226468	0.06264283	0.06269017	0.062437214	0.06232093	0.062774725	0.062317137
ERR3678177	0	dental calculus	0.06270058	0.06286337	0.062229827	0.06222251	0.06264767	0.062311716	0.06267303	0.06259411	0.06226525	0.062271	0.062644325	0.062620945	0.062420852	0.062473606	0.06274404	0.062317174
ERR3678179	0	dental calculus	0.062515825	0.06280315	0.06222998	0.06253052	0.06254531	0.06254677	0.06252515	0.06261692	0.06226521	0.06264764	0.06251284	0.062552415	0.062334824	0.062482946	0.062605835	0.062284667
ERR3678180	0	dental calculus	0.06266421	0.06280393	0.062222473	0.06223097	0.06258449	0.06229342	0.06263341	0.06271337	0.062222473	0.062687434	0.06266814	0.06268077	0.062392905	0.062222473	0.06270547	0.062274046
ERR3678181	0	dental calculus	0.0626148	0.06288324	0.06222249	0.06222249	0.06266282	0.06244454	0.06269683	0.0626241	0.06222249	0.062256727	0.062670626	0.06265532	0.062440418	0.06239289	0.06271687	0.062273342
ERR3678182	0	dental calculus	0.0626837	0.06290193	0.06222249	0.06268859	0.06266124	0.06230321	0.06261013	0.06261305	0.062280297	0.062240288	0.06256179	0.06258842	0.062423546	0.062231638	0.062716424	0.062273264
ERR3678184	0	dental calculus	0.06266601	0.06287358	0.06222261	0.06252142	0.0625887	0.06237787	0.06260857	0.062567726	0.062238295	0.06252805	0.06255379	0.062562495	0.06239831	0.062401082	0.0626359	0.062255587
ERR3678186	0	dental calculus	0.06263026	0.06284019	0.062229916	0.06273417	0.06254887	0.062285062	0.062535465	0.0625415	0.062288802	0.06261865	0.06255522	0.06250106	0.06233543	0.06245785	0.06263976	0.062257797
ERR3678187	0	dental calculus	0.062437043	0.0627174	0.06273227	0.06273419	0.062329758	0.062276993	0.062419903	0.062509075	0.062724195	0.06258085	0.062386632	0.06232135	0.062303264	0.062597625	0.062617846	0.0623116
ERR3678595	0	palaeofaeces	0.06267988	0.06268047	0.062222537	0.062222537	0.0625991	0.062266864	0.062565714	0.06257838	0.062222537	0.06275741	0.062652014	0.06266453	0.062398873	0.062231686	0.06266119	0.06259628
ERR3678596	0	palaeofaeces	0.062697716	0.06272661	0.06222247	0.06222247	0.06261834	0.062281813	0.06264196	0.06263433	0.06222247	0.06275734	0.06268878	0.0626826	0.06239063	0.06222247	0.06271423	0.06227579
ERR3678598	0	palaeofaeces	0.062688656	0.06272767	0.062222477	0.062222477	0.06260806	0.062293425	0.06264197	0.062579915	0.062222477	0.06275735	0.062675804	0.06270029	0.06240846	0.062222477	0.06274319	0.06228532
ERR3678599	0	palaeofaeces	0.06270694	0.062744685	0.062222473	0.062222473	0.062599495	0.06229342	0.062650725	0.06263414	0.062222473	0.06273089	0.062658384	0.06269178	0.06239923	0.062222473	0.062724605	0.062275793
ERR3678600	0	palaeofaeces	0.06270632	0.06274493	0.062222473	0.062222473	0.06261782	0.06228182	0.062650725	0.062607676	0.062222473	0.06272111	0.06267156	0.06270028	0.062408455	0.062222473	0.06272362	0.062275793
ERR3678602	0	palaeofaeces	0.062688716	0.06266321	0.06222253	0.06222253	0.06259053	0.062259823	0.06256571	0.06257855	0.06222253	0.0627574	0.06263809	0.06266452	0.062389642	0.06223168	0.06270826	0.06259627
ERR3678603	0	palaeofaeces	0.062677704	0.06271827	0.062222477	0.062222477	0.0625995	0.06230346	0.06264197	0.06262803	0.062222477	0.06277185	0.06267579	0.06269178	0.062389873	0.062231626	0.06272691	0.062275797
ERR3678604	0	palaeofaeces	0.062697716	0.06272767	0.062222473	0.062222473	0.062599495	0.06229342	0.06264196	0.06262725	0.062222473	0.06277184	0.06266674	0.06269178	0.062390633	0.062231623	0.06271665	0.062275793
ERR3678605	0	palaeofaeces	0.06270695	0.06270639	0.06222249	0.06222249	0.06260808	0.062293436	0.06266147	0.06262534	0.06222249	0.06272188	0.06266675	0.06268275	0.062448148	0.06222249	0.06272184	0.06226703
ERR3678606	0	palaeofaeces	0.062688336	0.06268026	0.062222537	0.062222537	0.06260813	0.062278464	0.062565714	0.06254413	0.062222537	0.06275741	0.06263892	0.06268108	0.062398873	0.062231686	0.06267115	0.062588245
ERR3678607	0	palaeofaeces	0.06268795	0.06273603	0.062222473	0.062222473	0.06260806	0.06229342	0.062650725	0.06264477	0.062222473	0.06272186	0.062667444	0.06270028	0.0623905	0.062222473	0.06273326	0.062275793
ERR3678609	0	palaeofaeces	0.06270694	0.06272735	0.06222248	0.06222248	0.0625995	0.06229343	0.06265073	0.06265933	0.06222248	0.06273089	0.062648766	0.062683895	0.062382568	0.062239677	0.06273369	0.062275797
ERR3678610	0	palaeofaeces	0.062753394	0.0627518	0.062222403	0.062222403	0.062722676	0.06231161	0.06273277	0.062614284	0.062222403	0.062253047	0.06270271	0.06274532	0.062463827	0.062222403	0.06277757	0.062281385
ERR3678611	0	palaeofaeces	0.06270633	0.06273265	0.06222248	0.06222248	0.06261836	0.06229343	0.06266146	0.062615775	0.06222248	0.06268055	0.062675804	0.06270029	0.06240846	0.06222248	0.06274119	0.062275797
ERR3678612	0	palaeofaeces	0.06270633	0.06274493	0.062222477	0.062222477	0.06261782	0.06228182	0.062650725	0.06258949	0.062222477	0.06272111	0.06267912	0.06270029	0.062408455	0.062231623	0.06272507	0.062275793
ERR3678613	0	palaeofaeces	0.0627154	0.06272767	0.062222477	0.062222477	0.06260806	0.062293425	0.062650725	0.06260011	0.062222477	0.062745385	0.06265712	0.06268374	0.06240846	0.062222477	0.062736206	0.062283788
ERR3678614	0	palaeofaeces	0.06269793	0.06267002	0.06222253	0.06222253	0.06260992	0.06224823	0.06257445	0.06258981	0.06222253	0.06274544	0.062652126	0.06266339	0.062389642	0.06223168	0.06266304	0.062596716
ERR3678615	0	palaeofaeces	0.06270693	0.06273632	0.062222473	0.062222473	0.06260806	0.062281817	0.062650725	0.06262545	0.062222473	0.06272186	0.06268878	0.06270028	0.062399853	0.062222473	0.06271423	0.06227579
ERR3678616	0	palaeofaeces	0.06270633	0.062733814	0.062222477	0.062222477	0.06259904	0.06228182	0.062650725	0.06260788	0.062222477	0.06273089	0.06271004	0.06269178	0.06240846	0.062231623	0.06270437	0.062275797
ERR3678617	0	palaeofaeces	0.062689275	0.06272767	0.062222477	0.062222477	0.06260807	0.062293425	0.06264197	0.062624946	0.062222477	0.06275735	0.0626664	0.06269178	0.06239986	0.062231626	0.06272439	0.062275797
ERR3678618	0	palaeofaeces	0.06269642	0.062718116	0.062222492	0.062222492	0.06260079	0.06228184	0.062633224	0.06262663	0.062222492	0.06272113	0.06268927	0.062692255	0.062389888	0.06223164	0.06272434	0.062326983
ERR3678619	0	palaeofaeces	0.06267092	0.062735364	0.062222473	0.062222473	0.06260806	0.06228182	0.06264196	0.06263756	0.062222473	0.06276281	0.06269818	0.06269178	0.062399093	0.062231623	0.06269762	0.062275793
ERR3678620	0	palaeofaeces	0.06270633	0.06273419	0.06222248	0.06222248	0.062609345	0.06229343	0.06266146	0.062606275	0.06222248	0.06272112	0.062649526	0.06269178	0.062408462	0.06222248	0.06274393	0.06228424
ERR3678622	0	palaeofaeces	0.06261098	0.06268933	0.062222518	0.062222518	0.06259954	0.062445547	0.06261495	0.06260877	0.062222518	0.06277189	0.06268524	0.062683776	0.062399276	0.062222518	0.06271681	0.06228383
ERR3678623	0	palaeofaeces	0.06270633	0.06274493	0.06222248	0.06222248	0.062609345	0.062281825	0.06265073	0.06259798	0.06222248	0.06272112	0.062679864	0.06269178	0.06240846	0.062231626	0.06272433	0.062284235
ERR3678625	0	palaeofaeces	0.062688336	0.062632576	0.062222544	0.062222544	0.06260813	0.06227847	0.062576436	0.062563576	0.062222544	0.06277192	0.0626294	0.06266354	0.062438555	0.062222544	0.06267945	0.06257943
ERR3678626	0	palaeofaeces	0.06270634	0.06274494	0.06222248	0.062230982	0.06260935	0.06229343	0.06264218	0.06258949	0.06222248	0.06272112	0.06266745	0.06270029	0.062408462	0.06222248	0.06273429	0.06228424
ERR3678627	0	palaeofaeces	0.06258395	0.06263374	0.06222262	0.06222262	0.06255877	0.06241034	0.06252987	0.06255851	0.06222262	0.062763825	0.06264458	0.06261268	0.06237258	0.06239302	0.06263831	0.06263197
ERR3678628	0	palaeofaeces	0.06268224	0.06266052	0.062222533	0.062222533	0.062619686	0.06226745	0.062588654	0.06260068	0.062222533	0.06273566	0.06267985	0.0626634	0.06236195	0.062231682	0.06264392	0.06259672
ERR3678629	0	palaeofaeces	0.06270639	0.06267022	0.062222537	0.062222537	0.06259181	0.062267452	0.06257446	0.062591285	0.062222537	0.06273566	0.06266117	0.06266265	0.06238965	0.062231686	0.062653214	0.06259672
ERR3678727	0	dental calculus	0.062439725	0.06270341	0.06273228	0.06223112	0.06227359	0.062362615	0.062496487	0.06258754	0.06267505	0.062722065	0.062471014	0.062429823	0.062307958	0.062624894	0.06262221	0.06232023
ERR3728226	2	dental calculus	0.076910116	0.07751921	0.0	0.07640542	0.0767334	0.076390214	0.07696185	0.07713398	0.07700169	0.076854646	0.0769046	0.07704322	0.0	0.07709123	0.07705041	0.0
ERR3728227	2	dental calculus	0.07692215	0.07748212	0.0	0.076405466	0.076756865	0.07639025	0.076975435	0.07708193	0.07700173	0.07697235	0.07687842	0.0770313	0.0	0.07703005	0.07707192	0.0
ERR3728228	2	dental calculus	0.07699283	0.07747211	0.0	0.07640544	0.07680979	0.07639023	0.07705184	0.07707901	0.076747134	0.07697488	0.0768498	0.077047445	0.0	0.077117726	0.077061735	0.0
ERR3728238	2	dental calculus	0.07733318	0.077423505	0.0	0.07638953	0.07723652	0.07638953	0.07731974	0.07660151	0.076401815	0.0771418	0.07663059	0.077360444	0.0	0.07638953	0.0773823	0.0
ERR3728239	2	dental calculus	0.0772463	0.077594995	0.0	0.076389715	0.07703695	0.076389715	0.0772502	0.07685489	0.076429136	0.07708836	0.07660387	0.07727019	0.0	0.07652125	0.07732444	0.0
ERR3728240	2	dental calculus	0.07731848	0.07737535	0.0	0.0763896	0.07727098	0.0763896	0.07730607	0.07664383	0.0763896	0.07711332	0.076658435	0.07734868	0.0	0.07642916	0.07736688	0.0
ERR3728241	2	dental calculus	0.07728389	0.07735921	0.0	0.0763897	0.07723329	0.0763897	0.07730503	0.076601684	0.07667064	0.07712376	0.076575585	0.07730955	0.0	0.0763897	0.077368274	0.0
ERR3728245	2	dental calculus	0.07693127	0.07742443	0.0	0.0763902	0.076689735	0.0763902	0.07694957	0.07713725	0.077001676	0.07686021	0.07687837	0.07703068	0.0	0.0772761	0.077040315	0.0
ERR3728246	2	dental calculus	0.07685897	0.07740062	0.0	0.076390125	0.076618925	0.076390125	0.07690364	0.07712366	0.07728479	0.07698492	0.07676559	0.076964796	0.0	0.07727603	0.07703782	0.0
ERR3728247	2	dental calculus	0.0769647	0.0775016	0.0	0.076390184	0.076831274	0.076390184	0.07705846	0.07716469	0.07674709	0.07696168	0.0767649	0.077085614	0.0	0.07703918	0.077100456	0.0
ERR3728248	2	dental calculus	0.07685905	0.077351786	0.0	0.07640541	0.07667365	0.0763902	0.07688026	0.07712373	0.07728487	0.0770254	0.07682328	0.076980434	0.0	0.07719312	0.07700881	0.0
ERR3728249	2	dental calculus	0.0770088	0.07745495	0.0	0.07640531	0.07678421	0.0763901	0.07701914	0.077164605	0.076465786	0.07706056	0.07689099	0.07710819	0.0	0.0772005	0.07704687	0.0
ERR3728250	2	dental calculus	0.07687305	0.07739545	0.0	0.076405376	0.07663531	0.07639016	0.076935716	0.07713721	0.07728483	0.07686851	0.076837026	0.07699378	0.0	0.077235095	0.077008486	0.0
ERR3728251	2	dental calculus	0.076873034	0.07738117	0.0	0.076390155	0.0766353	0.076390155	0.07692256	0.07712369	0.07728482	0.07688165	0.07685048	0.07697978	0.0	0.07727605	0.07701117	0.0
ERR3728252	2	dental calculus	0.07687304	0.0773684	0.0	0.076390155	0.0766353	0.076390155	0.07693571	0.0771372	0.07728482	0.07688119	0.07683702	0.07697978	0.0	0.07727605	0.07701117	0.0
ERR3728254	2	dental calculus	0.076964736	0.07747486	0.0	0.07640543	0.07675598	0.076390214	0.076960094	0.07716553	0.07700169	0.077109285	0.07687407	0.07705586	0.0	0.07676735	0.07707489	0.0
ERR3728255	2	dental calculus	0.07689605	0.07743188	0.0	0.076405406	0.07663742	0.07639019	0.07694278	0.07715319	0.07700167	0.07698853	0.07687836	0.07700433	0.0	0.077276096	0.076994084	0.0
ERR3728256	2	dental calculus	0.07688545	0.0774371	0.0	0.07640538	0.07666203	0.07639018	0.07692257	0.07715317	0.077284835	0.076924495	0.076809034	0.07698205	0.0	0.07713819	0.077005506	0.0
ERR3728257	2	dental calculus	0.07690848	0.077448286	0.0	0.076405436	0.07667773	0.07639022	0.07693053	0.077149585	0.0770017	0.077031456	0.076850384	0.07701836	0.0	0.077152215	0.07703562	0.0
ERR3761400	1	midden	0.071756415	0.07176545	0.07100632	0.07100632	0.071759656	0.07102124	0.07154715	0.07100632	0.0	0.07167117	0.07170521	0.07180894	0.071150266	0.0	0.07177822	0.07101732
ERR3761401	1	midden	0.07167032	0.07170238	0.07100653	0.07100653	0.071774974	0.0715435	0.07147386	0.07100653	0.0	0.07158522	0.07172073	0.07171035	0.07115047	0.0	0.07163108	0.07101752
ERR3761402	1	sediment	0.07174535	0.071751595	0.07100633	0.07100633	0.07174756	0.0710315	0.071547166	0.07100633	0.0	0.07169033	0.071710266	0.07182093	0.07115027	0.0	0.071768716	0.071017325
ERR3761403	1	midden	0.0716911	0.071706265	0.071006335	0.071006335	0.07175971	0.07102125	0.07175408	0.071006335	0.0	0.07161841	0.07173554	0.07175675	0.07115028	0.0	0.07177027	0.07101733
ERR3761404	1	sediment	0.07171935	0.071763664	0.07100642	0.07100642	0.07176106	0.07117906	0.071534514	0.07100642	0.0	0.071645275	0.071721055	0.071698874	0.07115036	0.0	0.071790114	0.071017414
ERR3761405	1	midden	0.071794175	0.07176747	0.07100633	0.07101782	0.07178002	0.0710315	0.071533255	0.07100633	0.0	0.07164518	0.07171454	0.071732305	0.07113852	0.0	0.071815245	0.07101732
ERR3761406	1	sediment	0.071806446	0.07177554	0.07100631	0.07100631	0.071747504	0.07102123	0.07154714	0.07100631	0.0	0.07164516	0.07171075	0.07175872	0.07113851	0.0	0.071812764	0.0710173
ERR3761407	1	palaeofaeces	0.07168988	0.07172839	0.07100663	0.071141444	0.0715769	0.07102155	0.071500234	0.071354814	0.0	0.07172229	0.071592376	0.071703285	0.07110695	0.0	0.07170736	0.07114788
ERR3761408	1	palaeofaeces	0.07167716	0.071590185	0.07100667	0.07105133	0.07161983	0.07102159	0.071489066	0.07135485	0.0	0.07159374	0.071537375	0.071652964	0.0716305	0.0	0.07173121	0.07104353
ERR3761409	1	palaeofaeces	0.07167464	0.07161268	0.071006656	0.07101815	0.07161785	0.07103183	0.071500786	0.071288176	0.0	0.071593724	0.071562044	0.071663074	0.07166545	0.0	0.07169852	0.071066424
ERR3761410	1	palaeofaeces	0.07166422	0.07167083	0.0710066	0.071194924	0.07159734	0.07102152	0.07150305	0.07135478	0.0	0.07180336	0.07159613	0.07171464	0.071132004	0.0	0.07171036	0.07103023
ERR3761411	1	palaeofaeces	0.07171314	0.07163632	0.071006626	0.07106278	0.07157202	0.07102154	0.07131542	0.0713548	0.0	0.07181497	0.07150679	0.07166786	0.07109197	0.0	0.07176774	0.07146802
ERR3761412	1	palaeofaeces	0.07160263	0.07163419	0.07100672	0.071278185	0.07152934	0.07102164	0.0713033	0.07138758	0.0	0.071870044	0.07152761	0.071634114	0.071083315	0.0	0.07167626	0.07144508
ERR3761413	1	palaeofaeces	0.07159258	0.07163782	0.0710066	0.07105126	0.07156279	0.07111673	0.07147945	0.07159474	0.0	0.071814954	0.07158269	0.0716801	0.07112964	0.0	0.071732186	0.07101847
ERR3772645	3	lake sediment	0.06256979	0.062438488	0.062222634	0.062300626	0.06272715	0.062732145	0.062549666	0.062538095	0.062281832	0.062494464	0.062626585	0.06254507	0.06263507	0.062222634	0.062496144	0.0626196
ERR3804374	3	lake sediment	0.062729344	0.062690206	0.062222447	0.062222447	0.06274212	0.062251337	0.0627436	0.06253865	0.062222447	0.062607184	0.06269998	0.06273428	0.062416665	0.062222447	0.06269839	0.062258445
ERR3804375	3	lake sediment	0.06260571	0.06255933	0.062222533	0.062222533	0.06273278	0.06270484	0.06271231	0.06261973	0.062222533	0.0626183	0.062711984	0.062609695	0.06236219	0.062222533	0.062577374	0.062295634
ERR3906046	0	dental calculus	0.062488165	0.0627694	0.06222992	0.0622311	0.062529184	0.06272838	0.06257158	0.062596254	0.062265344	0.06265648	0.06262126	0.062575735	0.062359225	0.062548585	0.062573254	0.06225613
ERR4172756	3	dental calculus	0.06268624	0.06289073	0.062222447	0.062256906	0.06260568	0.062241837	0.06266597	0.0625853	0.062222447	0.06270505	0.06265431	0.06267437	0.062356025	0.062222447	0.06270655	0.06230369
ERR4172758	3	dental calculus	0.06267683	0.06286423	0.06222244	0.06222244	0.062638655	0.06223132	0.06267531	0.06265945	0.062248312	0.06272364	0.062581144	0.06268882	0.0623848	0.06222244	0.06269459	0.06226559
ERR4172761	3	dental calculus	0.06255005	0.06291001	0.062718965	0.062222525	0.062496554	0.0622503	0.062606685	0.062594265	0.062222525	0.06262138	0.062553145	0.06262919	0.06235697	0.06232836	0.06268005	0.06225902
ERR4172763	3	dental calculus	0.06273931	0.06276886	0.06222243	0.06222243	0.062674366	0.062241822	0.0627335	0.06252621	0.06222243	0.062634945	0.06268456	0.06270774	0.062375445	0.06222243	0.062755845	0.062267683
ERR4172766	3	dental calculus	0.062661506	0.062882304	0.062222492	0.062222492	0.06258196	0.062239677	0.06266854	0.06260746	0.062248364	0.0626585	0.062636144	0.06269839	0.062385216	0.062328327	0.06266206	0.062296577
ERR4172783	3	dental calculus	0.06262764	0.062876955	0.062222496	0.062222496	0.06258176	0.06230437	0.062631436	0.062716946	0.062222496	0.06268872	0.062619776	0.06267251	0.06235628	0.062328335	0.062631205	0.06229658
ERR4172788	3	dental calculus	0.062521785	0.06284688	0.062719055	0.062300604	0.06250277	0.062267598	0.06256288	0.062645376	0.062307708	0.06264874	0.06251829	0.06258501	0.06235985	0.06234659	0.062591694	0.062275164
ERR4172789	3	dental calculus	0.06273111	0.06283288	0.06222242	0.06222242	0.06267106	0.062241815	0.06271218	0.062518604	0.06222242	0.062636174	0.062676325	0.062705696	0.062384784	0.06222242	0.06274127	0.062258422
ERR4172797	3	dental calculus	0.06272096	0.06284227	0.062222425	0.062222425	0.06267167	0.06223131	0.06271691	0.06258482	0.062222425	0.06263284	0.0626498	0.06269714	0.062384784	0.062222425	0.062719375	0.062258426
ERR4172799	3	dental calculus	0.06269626	0.062868536	0.06222242	0.06222242	0.06265197	0.062241815	0.062698446	0.062539615	0.06222242	0.06268924	0.062649816	0.062705696	0.06238478	0.06222242	0.062725715	0.062258422
ERR4172800	3	dental calculus	0.06273111	0.062851414	0.062222425	0.062222425	0.06265253	0.062231306	0.06270334	0.06258506	0.062222425	0.06264302	0.06264873	0.062687725	0.062375437	0.062222425	0.062732935	0.06226768
ERR4172802	3	dental calculus	0.06273932	0.06279563	0.062222432	0.062222432	0.062680244	0.062241826	0.06271691	0.06252824	0.062222432	0.06263339	0.062668346	0.0627057	0.06238479	0.062230613	0.062749274	0.06225843
ERR4172804	3	dental calculus	0.06273152	0.06281169	0.06222243	0.06222243	0.062670924	0.062241822	0.06270335	0.062520176	0.06222243	0.06263338	0.06267785	0.062705696	0.062384788	0.06222243	0.0627614	0.062267683
ERR4172806	3	dental calculus	0.06273111	0.062834024	0.062222425	0.062222425	0.06266303	0.06223131	0.06271218	0.06257666	0.062222425	0.06262373	0.062668435	0.06270517	0.062384784	0.062222425	0.062721424	0.062258426
ERR4172808	3	dental calculus	0.062723316	0.062884964	0.062222425	0.062222425	0.06265266	0.062250197	0.06269528	0.06256751	0.062222425	0.0626153	0.06264875	0.06269628	0.062384784	0.062222425	0.06273284	0.062258422
ERR4172809	3	dental calculus	0.06272943	0.0628418	0.062222425	0.062222425	0.06266372	0.062231306	0.062700376	0.062567584	0.062222425	0.06263457	0.06266691	0.062697135	0.062384784	0.062222425	0.06273426	0.062258422
ERR4172811	3	dental calculus	0.06270575	0.062858954	0.062222436	0.0622569	0.062661625	0.06224183	0.062708855	0.06254782	0.062222436	0.06263459	0.06266587	0.06268928	0.062375773	0.062222436	0.06272701	0.062258437
ERR4172813	3	dental calculus	0.06270531	0.06288526	0.06222241	0.06222241	0.0626622	0.062241804	0.06269294	0.06252384	0.06222241	0.062662706	0.06265011	0.062696435	0.062374357	0.06222241	0.06275698	0.06225841
ERR4172814	3	dental calculus	0.06267992	0.06283017	0.062222473	0.062222473	0.06263582	0.062240258	0.06268609	0.06258006	0.062222473	0.0626179	0.06266679	0.06269719	0.062374417	0.062336504	0.062729	0.062258475
ERR4172817	3	dental calculus	0.06270327	0.06275004	0.062222436	0.062222436	0.06271431	0.06224183	0.06272467	0.06257319	0.062222436	0.06261625	0.062711194	0.06268615	0.0623848	0.062222436	0.0627461	0.062258437
ERR4172819	3	dental calculus	0.06270321	0.06277124	0.06222245	0.06222245	0.06271432	0.06225134	0.06272469	0.062523626	0.06222245	0.06261401	0.06270164	0.062704235	0.0624444	0.06222245	0.062699035	0.062258452
ERR4172823	3	dental calculus	0.062720954	0.0627743	0.06222243	0.06222243	0.062704705	0.062241822	0.062724665	0.062543675	0.06222243	0.062625825	0.062720746	0.06270421	0.062374376	0.06222243	0.062716566	0.06225843
ERR4172827	3	dental calculus	0.06270319	0.06278873	0.06222244	0.06222244	0.06270454	0.062241834	0.062713824	0.062504925	0.06222244	0.06263727	0.06271136	0.06270423	0.062435035	0.06222244	0.06270685	0.06225844
ERR4172829	3	dental calculus	0.06263304	0.062768064	0.062718965	0.06222252	0.0625904	0.062241916	0.06268961	0.0625227	0.06222252	0.062593244	0.062617525	0.06262846	0.062376723	0.06222252	0.06270203	0.06224976
ERR4172830	3	dental calculus	0.062633045	0.062750876	0.06271897	0.06222253	0.06258822	0.062241923	0.06268962	0.062484924	0.06222253	0.06259325	0.062637106	0.06263675	0.06237673	0.06222253	0.062702045	0.062278938
ERR4172832	3	dental calculus	0.06263304	0.06277568	0.062718965	0.06222252	0.06258955	0.062241912	0.06267876	0.06250644	0.06222252	0.06262272	0.062629424	0.062624834	0.062376723	0.06222252	0.06268463	0.062249757
ERR4172834	3	dental calculus	0.06261507	0.06279398	0.06271896	0.062222518	0.062581964	0.062241912	0.06267922	0.062530145	0.062222518	0.06262984	0.062592834	0.06262846	0.06237672	0.062222518	0.06269358	0.062249757
ERR4172835	3	dental calculus	0.06273026	0.062744424	0.062222436	0.062222436	0.06271665	0.062259115	0.06272453	0.06252942	0.062222436	0.06261649	0.062710844	0.06271614	0.06237545	0.062222436	0.062728494	0.062258437
ERR4172836	3	dental calculus	0.06272038	0.06271501	0.06222246	0.06222246	0.06271667	0.06230419	0.06272456	0.06256926	0.06222246	0.06261651	0.06270264	0.06269826	0.062366653	0.06222246	0.062717564	0.06225846
ERR4172838	3	dental calculus	0.062624805	0.06266067	0.062222503	0.062222503	0.062716715	0.06272138	0.062686875	0.062579356	0.062222503	0.06261656	0.06269523	0.062623635	0.062312353	0.062222503	0.062632635	0.062239792
ERR4172839	3	dental calculus	0.06272038	0.06270523	0.06222246	0.06222246	0.06271667	0.06229602	0.06272456	0.06259803	0.06222246	0.06261651	0.062712155	0.062706485	0.062366653	0.06222246	0.06268901	0.06225846
ERR4172841	3	dental calculus	0.06271202	0.062784374	0.062222444	0.062222444	0.06268608	0.062241837	0.06271584	0.062568925	0.062222444	0.062668845	0.06268511	0.06270396	0.062374387	0.062222444	0.062693015	0.062275834
ERR4172843	3	dental calculus	0.06269403	0.062792294	0.062222447	0.062222447	0.062685795	0.062241837	0.06270546	0.0625603	0.062222447	0.062696815	0.06268581	0.062695675	0.06237439	0.062222447	0.062692665	0.062285155
ERR4172850	3	dental calculus	0.06270197	0.06281035	0.06222246	0.06222246	0.06267684	0.06224185	0.062717356	0.06256113	0.06222246	0.06264225	0.06267566	0.06267579	0.0623744	0.06222246	0.06270937	0.0623232
ERR4172854	3	dental calculus	0.06265086	0.062796205	0.06222252	0.062335018	0.062658735	0.062241916	0.06265332	0.06259628	0.06228172	0.06273389	0.0626402	0.062661454	0.062417388	0.06222252	0.06261207	0.062275916
ERR4172855	3	dental calculus	0.0625987	0.06273392	0.062222496	0.062222496	0.062704936	0.06273037	0.06267804	0.06260102	0.062222496	0.06261635	0.06269891	0.06260173	0.06231235	0.062222496	0.0625939	0.062239785
ERR4172857	3	dental calculus	0.06247373	0.06271038	0.062719	0.06222256	0.06259669	0.06273043	0.06262378	0.06263895	0.06222256	0.06260369	0.06263386	0.062505655	0.06230426	0.06222256	0.062560804	0.062231086
ERR4172860	3	dental calculus	0.06256168	0.06273295	0.062222496	0.062222496	0.06267555	0.06273037	0.06265841	0.06267776	0.062222496	0.06267276	0.06267903	0.06258379	0.062312346	0.062222496	0.06258558	0.062239785
ERR4172872	3	dental calculus	0.06244678	0.06266452	0.06271907	0.06222263	0.06249982	0.062730506	0.06254955	0.06265388	0.0625421	0.06258469	0.06258088	0.062480126	0.062355526	0.06222263	0.06251612	0.06223116
ERR4172883	3	tooth	0.062712476	0.06273253	0.062222507	0.062300496	0.06269727	0.0622419	0.06269792	0.06251039	0.062281705	0.06266366	0.06264677	0.06268993	0.062436827	0.062222507	0.0626846	0.062258508
ERR4172889	3	tooth	0.062722445	0.06275291	0.06222249	0.06230048	0.06270702	0.062241882	0.06270875	0.06252	0.062281687	0.06263464	0.062646754	0.06268991	0.062377226	0.06222249	0.06271283	0.06225849
ERR4172953	3	tooth	0.062722445	0.06275292	0.062222492	0.06230048	0.06270702	0.062241886	0.06270875	0.062520005	0.06228169	0.06263464	0.062646754	0.062689915	0.06238694	0.062222492	0.06270307	0.062258493
ERR4172977	3	tooth	0.06270537	0.06272072	0.062222563	0.06230055	0.06261962	0.062241953	0.06263973	0.06253981	0.06260154	0.062602654	0.062602796	0.062665164	0.06236898	0.062222563	0.062687434	0.06225856
ERR4172978	3	dental calculus	0.06273036	0.062778555	0.062222425	0.062222425	0.06270704	0.06224182	0.06272574	0.06252017	0.062222425	0.0626167	0.06267392	0.062716134	0.062384788	0.062222425	0.06275666	0.062258426
ERR4172979	3	dental calculus	0.06273931	0.06279088	0.062222425	0.062222425	0.06271663	0.06224182	0.062716484	0.06252017	0.062222425	0.062607415	0.06268315	0.06271613	0.062384784	0.062222425	0.062735096	0.062258426
ERR4172981	3	dental calculus	0.06273932	0.0627864	0.062222432	0.062222432	0.062707044	0.062241822	0.062725745	0.06254702	0.062222432	0.062615745	0.06267618	0.06268773	0.06238479	0.062222432	0.06274005	0.06225843
ERR4172982	3	dental calculus	0.06273932	0.06277891	0.062222432	0.062222432	0.0626897	0.062241826	0.06272425	0.062546186	0.062222432	0.062634625	0.062676184	0.06268773	0.06238479	0.062222432	0.06274832	0.062258434
ERR4172991	3	dental calculus	0.06263303	0.062843435	0.062729746	0.062222518	0.062573075	0.06224191	0.06268268	0.06251566	0.06224839	0.0625945	0.06258188	0.062610395	0.06237672	0.062222518	0.06267378	0.062249754
ERR4173008	3	dental calculus	0.06273931	0.06281158	0.06222243	0.06222243	0.062679864	0.062241822	0.062707655	0.06254007	0.06222243	0.06263576	0.062665865	0.06269778	0.062384788	0.06222243	0.06274735	0.062258426
ERR4173033	3	dental calculus	0.06262409	0.06286926	0.062729746	0.062222514	0.062573075	0.062241904	0.06266378	0.06252764	0.062248386	0.06260343	0.06258159	0.06260212	0.0623663	0.062222514	0.062666744	0.062256902
ERR4173039	3	dental calculus	0.062730365	0.06279413	0.062222432	0.062222432	0.06267989	0.062241826	0.06270808	0.062520176	0.062222432	0.06266939	0.06267725	0.0627057	0.06238479	0.062222432	0.062730975	0.062267687
ERR4173041	3	dental calculus	0.062730365	0.0627963	0.062222432	0.062222432	0.062688194	0.062241826	0.06271625	0.062546425	0.062222432	0.06266015	0.062676184	0.06269715	0.062384795	0.062222432	0.062714204	0.062258434
ERR4173043	3	dental calculus	0.06270353	0.06280983	0.062222503	0.062300496	0.062689275	0.062241897	0.0626926	0.062546745	0.0622817	0.06266849	0.06261314	0.0626617	0.062436823	0.062222503	0.06265028	0.062258504
ERR4173045	3	dental calculus	0.062633276	0.06277922	0.06271898	0.062222533	0.06257251	0.062241927	0.062673464	0.06253028	0.06224841	0.062637225	0.06260317	0.062590875	0.062376738	0.062222533	0.06268984	0.062259026
ERR4173049	3	dental calculus	0.06272131	0.062777594	0.06222244	0.06222244	0.06268806	0.062241834	0.06271734	0.06255582	0.06222244	0.0626785	0.06268538	0.06267849	0.062384803	0.06222244	0.06271341	0.062267695
ERR4173051	3	dental calculus	0.062713504	0.06276989	0.0622225	0.06230049	0.06268812	0.06224189	0.062700346	0.06255588	0.062281694	0.06267855	0.0626307	0.06266169	0.062377237	0.0622225	0.06268726	0.06226775
ERR4173057	3	dental calculus	0.062713504	0.062770054	0.0622225	0.06230049	0.062678285	0.062241893	0.062700346	0.06257614	0.062281698	0.06267856	0.062620245	0.06266169	0.062377237	0.0622225	0.0626871	0.062267754
ERR4173060	3	dental calculus	0.06271351	0.062769346	0.06222251	0.0623005	0.06267829	0.0622419	0.062691525	0.062567495	0.062307604	0.06267857	0.06262025	0.06266171	0.062377248	0.06222251	0.062679276	0.06226776
ERR4173061	3	dental calculus	0.06274779	0.06282859	0.06222243	0.06222243	0.0626892	0.062241822	0.062700026	0.06254642	0.06222243	0.0626512	0.06264817	0.06269966	0.062384788	0.06222243	0.0627142	0.062258426
ERR4173063	3	dental calculus	0.06273932	0.062785946	0.062222432	0.062222432	0.06270696	0.062241826	0.06270808	0.06255686	0.062222432	0.06265086	0.0626574	0.06270758	0.062374376	0.062222432	0.06272263	0.06225843
ERR4173066	3	dental calculus	0.06273038	0.06281915	0.06223315	0.062222447	0.06268004	0.06224184	0.062699266	0.06253778	0.06224832	0.062669404	0.06265742	0.06269968	0.062384807	0.062222447	0.06269542	0.062258445
ERR4173068	3	dental calculus	0.06263401	0.06281728	0.062729746	0.062222514	0.06259095	0.06224191	0.06267345	0.062539965	0.062222514	0.06260993	0.06260182	0.062612005	0.062366303	0.062222514	0.062665336	0.062249754
ERR4173070	3	dental calculus	0.06272965	0.0627921	0.062222432	0.062222432	0.06270696	0.062231313	0.06272342	0.06261485	0.062222432	0.062616825	0.06261855	0.06270662	0.06238479	0.062222432	0.062726766	0.06225843
ERR4173072	3	dental calculus	0.06272965	0.062809125	0.062222436	0.062222436	0.0626988	0.06224183	0.06270618	0.06260428	0.062222436	0.06262428	0.06262765	0.06271587	0.062384795	0.062222436	0.062709354	0.062258434
ERR4173073	3	dental calculus	0.06272047	0.06281867	0.062222436	0.062222436	0.06268962	0.062241826	0.06271502	0.06260428	0.062222436	0.06262428	0.06262765	0.06271587	0.062384795	0.062222436	0.06270935	0.062258434
ERR4173075	3	dental calculus	0.06271952	0.06279156	0.062222447	0.062222447	0.0626973	0.06223133	0.062706195	0.062626	0.06224832	0.0626243	0.06262766	0.06271588	0.062384807	0.062222447	0.06270136	0.062258445
ERR4173082	3	dental calculus	0.062453676	0.06277182	0.062719084	0.062222645	0.062431112	0.062692486	0.062520005	0.06263921	0.06256812	0.06253954	0.06252074	0.062485874	0.062296037	0.06232848	0.062534764	0.062276397
ERR4334735	0	lake sediment	0.0627293	0.06266411	0.062222466	0.062222466	0.062752545	0.062278006	0.062681355	0.06260909	0.062222466	0.062253106	0.0626838	0.06271618	0.062426507	0.062222466	0.06272229	0.06259386
ERR4334736	0	lake sediment	0.06270308	0.06266339	0.062222462	0.062222462	0.06274286	0.062430866	0.0627391	0.06264641	0.062222462	0.062253106	0.06274255	0.062707655	0.062486168	0.062222462	0.06268657	0.062308397
ERR4373119	2	dental calculus	0.07714859	0.077275574	0.0	0.07638992	0.07728541	0.07677847	0.077286385	0.07673956	0.076404646	0.07713934	0.07668351	0.077304244	0.0	0.07638992	0.077174425	0.0
ERR4373134	2	dental calculus	0.07728348	0.077334866	0.0	0.07640488	0.07722927	0.07638967	0.07729925	0.07683973	0.07638967	0.07714211	0.07661616	0.0773458	0.0	0.07638967	0.07733544	0.0
ERR4373146	2	dental calculus	0.07725901	0.07743942	0.0	0.076389775	0.0771824	0.076389775	0.07729106	0.07664522	0.076389775	0.077038206	0.076592654	0.0772832	0.0	0.076786645	0.07731285	0.0
ERR4373153	2	dental calculus	0.0772981	0.077362776	0.0	0.07638957	0.07731223	0.07638957	0.07731979	0.0766468	0.076404296	0.07715724	0.07663239	0.07737598	0.0	0.07638957	0.077321686	0.0
ERR4373159	2	dental calculus	0.07731819	0.07740293	0.0	0.07640478	0.07731223	0.07638957	0.077306874	0.0766295	0.07642825	0.07714498	0.07660264	0.07737416	0.0	0.07638957	0.077296324	0.0
ERR4373979	2	dental calculus	0.07708666	0.07753035	0.0	0.07639002	0.07684786	0.07639002	0.07715073	0.07715314	0.076441	0.0769284	0.07674982	0.077160634	0.0	0.07706856	0.07710282	0.0
ERR4373995	2	bone	0.07732775	0.07736527	0.0	0.0763896	0.07732731	0.076473124	0.077275045	0.07661854	0.0763896	0.0771433	0.07661609	0.07736183	0.0	0.0763896	0.07732294	0.0
ERR4373996	2	tooth	0.07734514	0.07735094	0.0	0.076389536	0.07731219	0.076389536	0.07733195	0.07658775	0.07640426	0.0771572	0.07661603	0.07737594	0.0	0.076403625	0.07733592	0.0
ERR4373997	2	bone	0.07729626	0.07734803	0.0	0.07638966	0.0772165	0.07638966	0.07730064	0.076869085	0.076404385	0.07711476	0.076602735	0.07732912	0.0	0.07638966	0.0773495	0.0
ERR4373998	2	bone	0.0773451	0.07736516	0.0	0.07638949	0.07731215	0.07638949	0.07733191	0.07657188	0.07638949	0.07715716	0.07661599	0.0773759	0.0	0.07638949	0.07736678	0.0
ERR4373999	2	tooth	0.07734514	0.07735094	0.0	0.076389536	0.07731219	0.076389536	0.07733195	0.07658775	0.07640426	0.0771572	0.07661603	0.07737594	0.0	0.076403625	0.07733592	0.0
ERR4374000	2	bone	0.07732775	0.07736527	0.0	0.0763896	0.07732731	0.076473124	0.077275045	0.07661854	0.0763896	0.0771433	0.07661609	0.07736183	0.0	0.0763896	0.07732294	0.0
ERR4374001	2	bone	0.07729626	0.07734803	0.0	0.07638966	0.0772165	0.07638966	0.07730064	0.076869085	0.076404385	0.07711476	0.076602735	0.07732912	0.0	0.07638966	0.0773495	0.0
ERR4374002	2	bone	0.077280894	0.077363394	0.0	0.076389685	0.077229284	0.076389685	0.07729927	0.07681139	0.07640441	0.07712833	0.07666503	0.07734582	0.0	0.076389685	0.07730314	0.0
ERR4374003	2	bone	0.0773451	0.07736516	0.0	0.07638949	0.07731215	0.07638949	0.07733191	0.07657188	0.07638949	0.07715716	0.07661599	0.0773759	0.0	0.07638949	0.07736678	0.0
ERR4374004	2	bone	0.077288315	0.07734994	0.0	0.07638961	0.077298276	0.076445304	0.07731983	0.076660275	0.07640433	0.07718165	0.07660163	0.0773889	0.0	0.07638961	0.07728232	0.0
ERR4374005	2	bone	0.07731953	0.07735053	0.0	0.076389536	0.077312194	0.076389536	0.07733195	0.076616034	0.07640426	0.07718158	0.07660345	0.07737594	0.0	0.076389536	0.07733592	0.0
ERR4374006	2	tooth	0.07733339	0.07733804	0.0	0.076389514	0.07731217	0.076389514	0.07733193	0.07658532	0.076404236	0.077181555	0.07659001	0.0773888	0.0	0.0764036	0.07735189	0.0
ERR4374007	2	tooth	0.077331	0.07733456	0.0	0.07638952	0.07728425	0.07638952	0.07730048	0.07658533	0.07640424	0.07726295	0.076602586	0.07737414	0.0	0.07638952	0.0773519	0.0
ERR4374008	2	bone	0.07734513	0.07733805	0.0	0.07638952	0.07731218	0.07638952	0.07733194	0.07658533	0.07640424	0.077157184	0.07660259	0.07738881	0.0	0.07640361	0.0773519	0.0
ERR4374009	2	tooth	0.077333406	0.07735093	0.0	0.07638953	0.07731219	0.07638953	0.077331945	0.07658775	0.07640425	0.07718157	0.07660344	0.07737593	0.0	0.07640362	0.07733591	0.0
ERR4374010	2	tooth	0.07733339	0.07736518	0.0	0.076389514	0.07731217	0.076389514	0.07733193	0.076601155	0.076404236	0.077181555	0.07659001	0.077361844	0.0	0.076389514	0.077349976	0.0
ERR4374011	2	unknown	0.07734512	0.0773523	0.0	0.07638951	0.077312164	0.07638951	0.07733192	0.076585315	0.07640423	0.07715717	0.07660258	0.07738879	0.0	0.07638951	0.07735188	0.0
ERR4374012	2	tooth	0.07733339	0.0773515	0.0	0.076389514	0.07731217	0.076389514	0.07733193	0.07658532	0.076404236	0.077181555	0.07659001	0.07737472	0.0	0.0764036	0.07735251	0.0
ERR4374013	2	tooth	0.07734514	0.07739028	0.0	0.07638953	0.077298485	0.07638953	0.077331945	0.07658775	0.07640425	0.07714339	0.07661603	0.07736414	0.0	0.07640362	0.07733592	0.0
ERR4374014	2	tooth	0.07733336	0.07736515	0.0	0.07638949	0.07731214	0.07638949	0.07733191	0.076571874	0.07638949	0.07718153	0.076603405	0.0773759	0.0	0.07638949	0.07736677	0.0
ERR4374015	2	bone	0.0773423	0.07736578	0.0	0.07638953	0.0772994	0.07638953	0.077331945	0.07658775	0.07640425	0.07722593	0.07661603	0.077320084	0.0	0.07638953	0.077337936	0.0
ERR4374016	2	bone	0.07734511	0.07737901	0.0	0.07638951	0.07731216	0.07638951	0.07733192	0.07657189	0.07640423	0.07714336	0.076616	0.07737591	0.0	0.07638951	0.07735188	0.0
ERR4374017	2	unknown	0.07734512	0.0773523	0.0	0.07638951	0.077312164	0.07638951	0.07733192	0.0765719	0.07640423	0.07715717	0.076616004	0.07738879	0.0	0.07638951	0.07735188	0.0
ERR4374018	2	tooth	0.07734513	0.07735025	0.0	0.07638952	0.07731218	0.07638952	0.07731974	0.07658533	0.07640424	0.077157184	0.07660259	0.07737332	0.0	0.07640361	0.07736738	0.0
ERR4374019	2	bone	0.07731454	0.07735055	0.0	0.07638955	0.07731221	0.07638955	0.07733197	0.076630935	0.07640427	0.077157214	0.07661604	0.077375956	0.0	0.07638955	0.07733765	0.0
ERR4374020	2	bone	0.07730219	0.07732319	0.0	0.07638961	0.077298276	0.07646008	0.07733203	0.07661614	0.07640433	0.07718165	0.076601624	0.07737341	0.0	0.0764037	0.07731377	0.0
ERR4374021	2	unknown	0.07733339	0.07733804	0.0	0.076389514	0.07731217	0.076389514	0.07733193	0.07658532	0.076404236	0.077181555	0.07659001	0.0773888	0.0	0.0764036	0.07735189	0.0
ERR4374022	2	tooth	0.07733338	0.077365175	0.0	0.07638951	0.077312164	0.07638951	0.07734427	0.0765755	0.07640423	0.07718155	0.07660342	0.07737591	0.0	0.07638951	0.07733589	0.0
ERR4374023	2	tooth	0.07733349	0.077324815	0.0	0.07638953	0.07732406	0.07640208	0.077345185	0.07658534	0.07640425	0.07718157	0.076590024	0.077373326	0.0	0.07640362	0.07734271	0.0
ERR4374024	2	tooth	0.07734618	0.0773523	0.0	0.076389514	0.077299386	0.076389514	0.07733193	0.076601155	0.076404236	0.077181555	0.07659001	0.0773888	0.0	0.076389514	0.0773359	0.0
ERR4374025	2	bone	0.0773284	0.0773652	0.0	0.07638953	0.07731219	0.07638953	0.077331945	0.07660263	0.07640425	0.0771572	0.07661603	0.07736045	0.0	0.07638953	0.07735311	0.0
ERR4374026	2	bone	0.07732559	0.07736361	0.0	0.07638956	0.07729878	0.07638956	0.07734755	0.076645695	0.07640428	0.07718282	0.07660262	0.07730724	0.0	0.07638956	0.07735314	0.0
ERR4374027	2	tooth	0.07727139	0.07733513	0.0	0.076389566	0.07731222	0.076389566	0.07733198	0.07667981	0.07640429	0.07718161	0.07659006	0.07738885	0.0	0.076389566	0.07733595	0.0
ERR4374028	2	tooth	0.07734513	0.07735092	0.0	0.07638952	0.07731218	0.07638952	0.07733194	0.07657191	0.07640424	0.077157184	0.07661601	0.077375926	0.0	0.07640361	0.0773519	0.0
ERR4374029	2	bone	0.077210024	0.077333555	0.0	0.07638979	0.07729845	0.07658781	0.07728778	0.07672324	0.076404504	0.07716785	0.076648936	0.07736169	0.0	0.07638979	0.07719658	0.0
ERR4374030	2	bone	0.07728644	0.07730871	0.0	0.07638964	0.07732226	0.07644576	0.07731844	0.07660415	0.07644379	0.07720819	0.076640844	0.07737389	0.0	0.07638964	0.07726824	0.0
ERR4374031	2	tooth	0.07733339	0.07735231	0.0	0.076389514	0.07731217	0.076389514	0.07733193	0.076601155	0.076404236	0.077181555	0.07659001	0.0773888	0.0	0.076389514	0.0773359	0.0
ERR4374032	2	bone	0.077331275	0.07735054	0.0	0.07638955	0.07730005	0.07638955	0.07733197	0.07660021	0.07640427	0.077157214	0.07664321	0.07736068	0.0	0.07638955	0.07735193	0.0
ERR4374033	2	bone	0.07734512	0.0773523	0.0	0.076389514	0.077312164	0.076389514	0.07733193	0.0765719	0.07640423	0.07717217	0.076616004	0.0773888	0.0	0.076389514	0.07733686	0.0
ERR4374034	2	bone	0.07720659	0.07733439	0.0	0.07638966	0.07728535	0.07638966	0.07733208	0.076738976	0.076404385	0.077183485	0.07668382	0.07738895	0.0	0.07638966	0.07727299	0.0
ERR4374035	2	unknown	0.07733339	0.07736518	0.0	0.076389514	0.07731217	0.076389514	0.07733193	0.07658774	0.076404236	0.077181555	0.07660343	0.07737592	0.0	0.076389514	0.0773359	0.0
ERR4374036	2	bone	0.07733339	0.077378646	0.0	0.076389514	0.07731217	0.076389514	0.07733193	0.076601155	0.076404236	0.077181555	0.07659001	0.07737592	0.0	0.076389514	0.077322446	0.0
ERR4374037	2	bone	0.07731564	0.077350534	0.0	0.076389536	0.077312194	0.076389536	0.07733195	0.076600194	0.07640426	0.07722594	0.076616034	0.077307224	0.0	0.076389536	0.0773674	0.0
ERR4374038	2	bone	0.07734512	0.077365175	0.0	0.07638951	0.077312164	0.07638951	0.07733192	0.076585315	0.07640423	0.07715717	0.07660258	0.07737591	0.0	0.07638951	0.07735188	0.0
ERR4374039	2	bone	0.077327594	0.07734987	0.0	0.07638955	0.07729942	0.07638955	0.07731977	0.076629475	0.07640427	0.077157214	0.07661894	0.07738884	0.0	0.07638955	0.07733594	0.0
ERR4374040	2	bone	0.077317774	0.07733805	0.0	0.07638952	0.07731217	0.07638952	0.07733194	0.07658532	0.07640424	0.07719716	0.07659001	0.07738881	0.0	0.07640361	0.07735189	0.0
ERR4374041	2	bone	0.07733127	0.07733766	0.0	0.07638954	0.077312194	0.07638954	0.07733196	0.07661604	0.076404266	0.07715721	0.076616034	0.07737334	0.0	0.07638954	0.077351406	0.0
ERR4374042	2	tooth	0.07734514	0.07733806	0.0	0.076389536	0.07731219	0.076389536	0.07733195	0.07658775	0.07640425	0.0771572	0.07661603	0.07738882	0.0	0.076403625	0.07733592	0.0
ERR4374043	2	bone	0.07719613	0.07730494	0.0	0.07638986	0.07733718	0.076645	0.07724418	0.07673918	0.07640458	0.077154055	0.07670078	0.07734553	0.0	0.07638986	0.07714874	0.0
ERR4374044	2	tooth	0.07734512	0.077365175	0.0	0.07638951	0.077312164	0.07638951	0.07733192	0.0765719	0.07640423	0.07715717	0.076616004	0.07737591	0.0	0.07638951	0.07735188	0.0
ERR4374045	2	tooth	0.07734514	0.07733806	0.0	0.076389536	0.07731219	0.076389536	0.07733195	0.07660118	0.07640426	0.0771572	0.0766026	0.07738882	0.0	0.076403625	0.07733592	0.0
ERR4374046	2	unknown	0.07733338	0.07735229	0.0	0.07638951	0.077312164	0.07638951	0.07734427	0.07658892	0.07640423	0.07718155	0.07659	0.07738879	0.0	0.07638951	0.07733589	0.0
ERR4374047	2	bone	0.077331364	0.077319816	0.0	0.07638963	0.077268116	0.07638963	0.07730007	0.07680562	0.076404355	0.077142134	0.076588094	0.07736168	0.0	0.07638963	0.077309854	0.0
ERR4374048	2	tooth	0.07734512	0.077350914	0.0	0.076389514	0.077312164	0.076389514	0.077344276	0.07655968	0.076404236	0.07715718	0.076616004	0.07737592	0.0	0.0764036	0.07735189	0.0
ERR4374049	2	tooth	0.077345006	0.07732617	0.0	0.076389566	0.07728646	0.076389566	0.07733198	0.076585375	0.07640429	0.07715723	0.07660264	0.077376746	0.0	0.07645303	0.07735194	0.0
ERR4374050	2	tooth	0.07734513	0.07733805	0.0	0.07638952	0.07731218	0.07638952	0.07733194	0.07658533	0.07640424	0.077157184	0.07660259	0.07738881	0.0	0.07640361	0.0773519	0.0
ERR4374051	2	tooth	0.07734513	0.07733805	0.0	0.07638952	0.07731218	0.07638952	0.07733194	0.07658533	0.07640424	0.077157184	0.07660259	0.07738881	0.0	0.07640361	0.0773519	0.0
ERR4374052	2	bone	0.0773412	0.077377416	0.0	0.07638954	0.07729941	0.07640337	0.077319756	0.07660264	0.076404266	0.07714324	0.076616034	0.07736046	0.0	0.07638954	0.07735313	0.0
ERR4374053	2	tooth	0.077234805	0.077350825	0.0	0.076432765	0.077235885	0.076389745	0.07728815	0.07691914	0.076389745	0.07721056	0.0766359	0.0772618	0.0	0.076389745	0.07726095	0.0
ERR4374055	2	bone	0.07734512	0.077365175	0.0	0.07638951	0.077312164	0.07638951	0.07733192	0.0765719	0.07640423	0.07715717	0.076616004	0.07737591	0.0	0.07638951	0.07735188	0.0
ERR4374588	2	bone	0.077319525	0.07735052	0.0	0.07638952	0.07731218	0.07638952	0.07733194	0.07660018	0.07640424	0.07718156	0.07660344	0.077375926	0.0	0.07638952	0.0773519	0.0
ERR4374589	2	tooth	0.07734512	0.0773523	0.0	0.07638951	0.077312164	0.07638951	0.07733192	0.076585315	0.07640423	0.07715717	0.07660258	0.07738879	0.0	0.07638951	0.07735188	0.0
ERR4374838	2	tooth	0.07726207	0.077345744	0.0	0.07638981	0.07719951	0.07638981	0.07726427	0.07662897	0.0764021	0.07706463	0.076592684	0.07731086	0.0	0.076822385	0.077327155	0.0
ERR4374839	2	bone	0.07731196	0.07737744	0.0	0.076389566	0.077312216	0.076389566	0.07731978	0.07660267	0.07640429	0.07715723	0.07666491	0.07737597	0.0	0.076389566	0.07730485	0.0
ERR4374851	2	bone	0.07730022	0.07733808	0.0	0.07638955	0.07731221	0.07638955	0.07733197	0.07661608	0.07640427	0.07718159	0.07660636	0.07738884	0.0	0.07640364	0.07733765	0.0
ERR4374857	2	unknown	0.077345125	0.07736519	0.0	0.07638952	0.07731218	0.07638952	0.07733194	0.076587744	0.07640424	0.077157184	0.07661601	0.077375926	0.0	0.07638952	0.0773359	0.0
ERR4374858	2	tooth	0.07724686	0.07737795	0.0	0.0764048	0.07729907	0.076389596	0.077297814	0.076662645	0.07640431	0.07731059	0.07659008	0.077306286	0.0	0.07640368	0.07730631	0.0
ERR4374859	2	bone	0.07728475	0.07729352	0.0	0.07638973	0.077296086	0.07650158	0.07733215	0.07664696	0.07640445	0.0771679	0.07664555	0.07734443	0.0	0.07644434	0.077248536	0.0
ERR4374860	2	tooth	0.07733339	0.07733804	0.0	0.076389514	0.07731217	0.076389514	0.07733193	0.07658532	0.076404236	0.077181555	0.07659001	0.0773888	0.0	0.0764036	0.07735189	0.0
ERR4374861	2	bone	0.07731673	0.077320516	0.0	0.0763896	0.07733692	0.07644572	0.07733202	0.07661369	0.076404326	0.0771434	0.07661714	0.07736097	0.0	0.07640369	0.07731527	0.0
ERR4374862	2	bone	0.0772864	0.07736444	0.0	0.0763896	0.0773401	0.076402724	0.077318735	0.07664683	0.076404326	0.07716784	0.07665236	0.07734635	0.0	0.0763896	0.077290714	0.0
ERR4374863	2	tooth	0.077331014	0.077338055	0.0	0.07638953	0.07731219	0.07638953	0.0773005	0.07658534	0.07640425	0.077217326	0.0766026	0.07737415	0.0	0.07640362	0.077351905	0.0
ERR4374864	2	tooth	0.077331245	0.07735051	0.0	0.076389514	0.07731217	0.076389514	0.07733193	0.0766136	0.076389514	0.07715718	0.076602586	0.07737592	0.0	0.076389514	0.0773668	0.0
ERR4374865	2	tooth	0.077331014	0.077338055	0.0	0.07638953	0.07731219	0.07638953	0.0773005	0.07658534	0.07640425	0.077217326	0.0766026	0.07737415	0.0	0.07640362	0.077351905	0.0
ERR4374866	2	tooth	0.07733127	0.07733766	0.0	0.07638954	0.077312194	0.07638954	0.07733196	0.07662947	0.07640426	0.07715721	0.07660261	0.07738883	0.0	0.07638954	0.077335924	0.0
ERR4374867	2	tooth	0.077333376	0.07735229	0.0	0.07638951	0.07731216	0.07638951	0.07733192	0.07658531	0.07640422	0.07718154	0.076589994	0.077388786	0.0	0.07638951	0.077351876	0.0
ERR4374868	2	tooth	0.07731815	0.07736364	0.0	0.07638953	0.07731219	0.07638953	0.077331945	0.07661361	0.07640425	0.07715719	0.0766026	0.07737593	0.0	0.07638953	0.077351905	0.0
ERR4374869	2	tooth	0.07734692	0.07736133	0.0	0.07638952	0.077299386	0.07638952	0.07733194	0.07658532	0.07640424	0.07714493	0.076602586	0.07738881	0.0	0.07640361	0.07735189	0.0
ERR4374870	2	tooth	0.07731669	0.07733808	0.0	0.07638955	0.07731221	0.07638955	0.07733197	0.07663192	0.07640427	0.07718159	0.07659005	0.07738884	0.0	0.07640364	0.07732166	0.0
ERR4374871	2	tooth	0.07734513	0.07733805	0.0	0.07638952	0.07731218	0.07638952	0.07733194	0.07658533	0.07640424	0.077157184	0.07660259	0.07738881	0.0	0.07640361	0.0773519	0.0
ERR4374872	2	tooth	0.077331014	0.077338055	0.0	0.07638953	0.07731219	0.07638953	0.0773005	0.07658534	0.07640425	0.077217326	0.0766026	0.07737415	0.0	0.07640362	0.077351905	0.0
ERR4374873	2	tooth	0.07733338	0.07735229	0.0	0.07638951	0.077312164	0.07638951	0.07734427	0.07658892	0.07640423	0.07718155	0.07659	0.07738879	0.0	0.07638951	0.07733589	0.0
ERR4374874	2	tooth	0.07733339	0.07733804	0.0	0.076389514	0.07731217	0.076389514	0.07733193	0.07658532	0.076404236	0.077181555	0.07659001	0.0773888	0.0	0.0764036	0.07735189	0.0
ERR4374875	2	tooth	0.07734512	0.0773523	0.0	0.07638951	0.077312164	0.07638951	0.07733192	0.076585315	0.07640423	0.07715717	0.07660258	0.07738879	0.0	0.07638951	0.07735188	0.0
ERR4374912	2	bone	0.07732739	0.07734787	0.0	0.07638961	0.07733702	0.07644573	0.07730608	0.076660275	0.07640433	0.07714341	0.07660268	0.077331424	0.0	0.07638961	0.07731457	0.0
ERR4374913	2	bone	0.07731693	0.0773907	0.0	0.07638953	0.077298485	0.07638953	0.077331945	0.076587744	0.07640424	0.07718157	0.07661976	0.07736413	0.0	0.07638953	0.07733591	0.0
ERR4374914	2	tooth	0.07733126	0.077337645	0.0	0.07638953	0.07731219	0.07638953	0.077331945	0.07661361	0.07640425	0.07715719	0.0766026	0.077388816	0.0	0.07638953	0.077351905	0.0
ERR4374915	2	bone	0.07735793	0.077338055	0.0	0.07638953	0.0772994	0.07638953	0.077331945	0.07659908	0.07640425	0.0771572	0.0766026	0.07734537	0.0	0.07640362	0.07738147	0.0
ERR4374916	2	bone	0.07734512	0.0773523	0.0	0.07638951	0.077312164	0.07638951	0.07733192	0.076585315	0.07640423	0.07715717	0.07660258	0.07738879	0.0	0.07638951	0.07735188	0.0
ERR4374917	2	tooth	0.077333406	0.077338055	0.0	0.07638953	0.07731219	0.07638953	0.077331945	0.07660117	0.07640425	0.07718157	0.076590024	0.077388816	0.0	0.07640362	0.07733591	0.0
ERR4374918	2	bone	0.077333376	0.07736517	0.0	0.07638951	0.07731216	0.07638951	0.07733192	0.07657189	0.07640422	0.07718154	0.07660342	0.07737591	0.0	0.07638951	0.077351876	0.0
ERR4374919	2	tooth	0.077253185	0.07735921	0.0	0.076389775	0.07721086	0.076389775	0.07729106	0.07658558	0.0764045	0.077103905	0.07656665	0.07731094	0.0	0.07682235	0.07731222	0.0
ERR4374920	2	tooth	0.07733127	0.0773234	0.0	0.07638954	0.0773122	0.07638954	0.07733196	0.07661363	0.076404266	0.07715721	0.07660261	0.07738883	0.0	0.07640363	0.07735192	0.0
ERR4374921	2	tooth	0.07722385	0.07725266	0.0	0.07638971	0.07736627	0.07640283	0.07731885	0.07657866	0.07638971	0.077144526	0.07703804	0.07730095	0.0	0.07638971	0.07720425	0.0
ERR4374922	2	tooth	0.077331014	0.077320315	0.0	0.076389536	0.07729725	0.076389536	0.0773005	0.076585345	0.07640426	0.07726297	0.0766026	0.07736115	0.0	0.076403625	0.07735191	0.0
ERR4374923	2	bone	0.0772792	0.0773209	0.0	0.0763896	0.07728529	0.0763896	0.07733202	0.07669474	0.076404326	0.077157274	0.076616734	0.07738889	0.0	0.07640369	0.077337705	0.0
ERR4374924	2	tooth	0.07734514	0.07733806	0.0	0.076389536	0.07731219	0.076389536	0.07733195	0.07660118	0.07640426	0.0771572	0.0766026	0.07738882	0.0	0.076403625	0.07733592	0.0
ERR4374925	2	tooth	0.077333376	0.07735229	0.0	0.07638951	0.07731216	0.07638951	0.07733192	0.07658531	0.07640422	0.07718154	0.076589994	0.077388786	0.0	0.07638951	0.077351876	0.0
ERR4374926	2	tooth	0.07733127	0.07733766	0.0	0.07638954	0.077312194	0.07638954	0.07733196	0.07662947	0.07640426	0.07715721	0.07660261	0.07738883	0.0	0.07638954	0.077335924	0.0
ERR4374927	2	bone	0.0773317	0.07733744	0.0	0.0763896	0.07728548	0.07647321	0.077318735	0.076601245	0.07640432	0.077196635	0.07660162	0.0773734	0.0	0.0763896	0.077297024	0.0
ERR4374928	2	bone	0.07722442	0.077292465	0.0	0.07638964	0.077326104	0.07638964	0.07733206	0.07672309	0.07640436	0.07718168	0.07663897	0.07738893	0.0	0.07640373	0.07730493	0.0
ERR4374929	2	tooth	0.07733343	0.07733808	0.0	0.07641736	0.07729949	0.07638956	0.077331975	0.076587774	0.07640427	0.07718159	0.07660347	0.077373415	0.0	0.07640364	0.07733594	0.0
ERR4374948	2	bone	0.07731693	0.077338055	0.0	0.07638953	0.07731219	0.07638953	0.077331945	0.07658534	0.07640425	0.07718157	0.07660634	0.077374734	0.0	0.07640362	0.07736598	0.0
ERR4374962	2	tooth	0.07733339	0.07733804	0.0	0.076389514	0.07731217	0.076389514	0.07733193	0.07658532	0.076404236	0.077181555	0.07659001	0.07737472	0.0	0.0764036	0.077365965	0.0
ERR4374963	2	tooth	0.07735791	0.07735229	0.0	0.07638951	0.07729938	0.07638951	0.07733192	0.0765719	0.07640423	0.07715717	0.076616004	0.07738879	0.0	0.07638951	0.07735188	0.0
ERR4375010	2	bone	0.077302836	0.077352345	0.0	0.07638956	0.07731221	0.07638956	0.07730052	0.076587774	0.07640428	0.07724175	0.07665232	0.077374175	0.0	0.07638956	0.07730313	0.0
ERR4375011	2	tooth	0.07732869	0.077338085	0.0	0.07638956	0.07731221	0.07638956	0.077331975	0.07658537	0.07640428	0.07715722	0.07665147	0.077374764	0.0	0.07640365	0.07733318	0.0
ERR4375017	2	tooth	0.07734514	0.07733806	0.0	0.076389536	0.07731219	0.076389536	0.07733195	0.07660118	0.07640426	0.0771572	0.0766026	0.07738882	0.0	0.076403625	0.07733592	0.0
ERR4375025	2	bone	0.07722415	0.07730579	0.0	0.07638979	0.07721541	0.07648841	0.0772861	0.07690004	0.07640451	0.077151455	0.07661813	0.07734592	0.0	0.07640388	0.0772664	0.0
ERR4375032	2	tooth	0.07733127	0.0773234	0.0	0.07638954	0.0773122	0.07638954	0.07733196	0.07661363	0.076404266	0.07715721	0.07660261	0.07738883	0.0	0.07640363	0.07735192	0.0
ERR4375036	2	bone	0.077329464	0.07735233	0.0	0.076389536	0.07729941	0.076389536	0.07733195	0.0766319	0.07640426	0.07718158	0.07659003	0.07735926	0.0	0.076389536	0.077351205	0.0
ERR4375039	2	tooth	0.07734403	0.07735051	0.0	0.076389514	0.077299386	0.076389514	0.07733193	0.07660017	0.076389514	0.07715718	0.07661601	0.077361844	0.0	0.076389514	0.07738087	0.0
ERR4375040	2	bone	0.07734512	0.077365175	0.0	0.07638951	0.077312164	0.07638951	0.07733192	0.0765719	0.07640423	0.07715717	0.076616004	0.07737591	0.0	0.07638951	0.07735188	0.0
ERR4375042	2	tooth	0.07729031	0.077425286	0.0	0.07638965	0.077288374	0.07638965	0.07733502	0.07663464	0.07640436	0.07709312	0.076589234	0.07732007	0.0	0.07653807	0.07730221	0.0
ERR4375045	2	tooth	0.07732841	0.07733807	0.0	0.07638954	0.0773122	0.07638954	0.07733196	0.07661607	0.076404266	0.07715721	0.076602615	0.07738883	0.0	0.07640363	0.077337645	0.0
ERR4375046	2	bone	0.077302575	0.07735096	0.0	0.07638956	0.077312216	0.07638956	0.07730052	0.076631926	0.07640428	0.07724175	0.076590054	0.0773613	0.0	0.07640365	0.07732167	0.0
ERR4375047	2	bone	0.07733125	0.07736436	0.0	0.07638953	0.07731218	0.07638953	0.077331945	0.07660019	0.07640425	0.077143386	0.07661602	0.07737593	0.0	0.07638953	0.077351905	0.0
ERR4375048	2	tooth	0.07733339	0.07733804	0.0	0.076389514	0.07731217	0.076389514	0.07733193	0.07658532	0.076404236	0.077181555	0.07659001	0.0773888	0.0	0.0764036	0.07735189	0.0
ERR4375049	2	tooth	0.077259354	0.07736165	0.0	0.07638962	0.077286914	0.07638962	0.07727636	0.07664443	0.07640434	0.07724181	0.07660643	0.077362135	0.0	0.07645308	0.077324264	0.0
ERR4375050	2	bone	0.07734512	0.077365175	0.0	0.07638951	0.077312164	0.07638951	0.07733192	0.0765719	0.07640423	0.07715717	0.076616004	0.07737591	0.0	0.07638951	0.07735188	0.0
ERR4375132	2	tooth	0.0773334	0.07733805	0.0	0.07638952	0.07731218	0.07638952	0.07734428	0.07657552	0.07640424	0.07719655	0.076603435	0.07737332	0.0	0.07640361	0.07733636	0.0
ERR4375133	2	tooth	0.077333376	0.07735229	0.0	0.07638951	0.07731216	0.07638951	0.07733192	0.07658531	0.07640422	0.07718154	0.076589994	0.077388786	0.0	0.07638951	0.077351876	0.0
ERR4375134	2	bone	0.07731925	0.07735229	0.0	0.0763895	0.077336825	0.0763895	0.077312805	0.07657308	0.07640422	0.07724169	0.076589994	0.07737412	0.0	0.0763895	0.07732721	0.0
ERR4375135	2	bone	0.0773196	0.077312626	0.0	0.0763896	0.07731226	0.0763896	0.07733202	0.07658761	0.076404326	0.07716826	0.07660352	0.07735055	0.0	0.07649057	0.07733944	0.0
ERR4375136	2	bone	0.07733125	0.07736436	0.0	0.07638953	0.07731218	0.07638953	0.077331945	0.07661361	0.07640425	0.077143386	0.07660259	0.07737593	0.0	0.07638953	0.077351905	0.0
ERR4375137	2	tooth	0.07732948	0.077352285	0.0	0.0763895	0.07731215	0.0763895	0.077331915	0.0765853	0.0763895	0.07717275	0.07660256	0.077374704	0.0	0.0763895	0.07738086	0.0
ERR4375141	2	tooth	0.077331	0.07735231	0.0	0.07638952	0.07731217	0.07638952	0.07730048	0.07658532	0.076404236	0.07721731	0.076602586	0.07737414	0.0	0.07638952	0.07735189	0.0
ERR4375142	2	tooth	0.0773284	0.07735232	0.0	0.07638953	0.07731219	0.07638953	0.077331945	0.076616056	0.07640425	0.0771572	0.0766026	0.077388816	0.0	0.07638953	0.07733763	0.0
ERR4375143	2	tooth	0.07734512	0.0773523	0.0	0.07638951	0.077312164	0.07638951	0.07733192	0.076585315	0.07640423	0.07715717	0.07660258	0.07738879	0.0	0.07638951	0.07735188	0.0
ERR4375144	2	bone	0.077302836	0.07733539	0.0	0.076389566	0.07730027	0.076389566	0.07733198	0.07666023	0.07640429	0.07718161	0.07659006	0.07738885	0.0	0.076403655	0.07732168	0.0
ERR4383828	2	bone	0.07731956	0.07732342	0.0	0.076389566	0.07729777	0.076389566	0.07733198	0.07665911	0.07640429	0.07716621	0.07659006	0.07738885	0.0	0.076403655	0.077335946	0.0
ERR4383829	2	bone	0.07730312	0.07732345	0.0	0.07638959	0.077300094	0.07638959	0.077332005	0.07662951	0.07640431	0.07718163	0.07665097	0.077388875	0.0	0.07640368	0.07730316	0.0
ERR4384927	2	bone	0.077328406	0.07735233	0.0	0.07638954	0.077312194	0.07638954	0.07733196	0.07663191	0.076404266	0.07715721	0.07660261	0.07738883	0.0	0.07638954	0.077321656	0.0
ERR4385800	2	bone	0.077267505	0.077335134	0.0	0.07638958	0.07731223	0.0764027	0.07731871	0.07666396	0.076404296	0.07717283	0.076602645	0.07738886	0.0	0.07638958	0.07735195	0.0
ERR4385809	2	bone	0.07731572	0.07732427	0.0	0.07638956	0.07732603	0.07640211	0.07734432	0.07661969	0.07640428	0.07715722	0.07660263	0.077388845	0.0	0.07640365	0.07732167	0.0
ERR4386464	2	dental calculus	0.07688204	0.077426426	0.0	0.07640537	0.07682306	0.07652983	0.077099584	0.07728924	0.07648058	0.07684685	0.077107444	0.07701874	0.0	0.07718829	0.07690254	0.0
ERR4386569	2	bone	0.07720823	0.07729263	0.0	0.076389804	0.07729878	0.076532416	0.07728197	0.07671411	0.07640453	0.0772272	0.076715305	0.07733036	0.0	0.07640389	0.07720078	0.0
ERR4386594	2	unknown	0.07734513	0.07733805	0.0	0.07638952	0.07731218	0.07638952	0.07733194	0.07658533	0.07640424	0.077157184	0.07660259	0.07737332	0.0	0.07640361	0.07736738	0.0
ERR4388102	2	unknown	0.07734512	0.0773523	0.0	0.07638951	0.077312164	0.07638951	0.07733192	0.076585315	0.07640423	0.07715717	0.07660258	0.07738879	0.0	0.07638951	0.07735188	0.0
ERR4388107	2	unknown	0.07734512	0.0773523	0.0	0.07638951	0.077312164	0.07638951	0.07733192	0.076585315	0.07640423	0.07715717	0.07660258	0.07738879	0.0	0.07638951	0.07735188	0.0
ERR4388231	2	unknown	0.07728871	0.077335626	0.0	0.076389566	0.077312216	0.076389566	0.07730191	0.076644376	0.07640429	0.07722819	0.076590054	0.07737418	0.0	0.076403655	0.07733767	0.0
ERR4388236	2	unknown	0.07730542	0.077317856	0.0	0.07638954	0.07728427	0.07638954	0.077288315	0.07661363	0.076404266	0.07728738	0.07659004	0.07737417	0.0	0.07640363	0.07735192	0.0
ERR4391165	2	dental calculus	0.07687301	0.07729663	0.0	0.07639043	0.07692557	0.07696804	0.077076524	0.07717599	0.07674979	0.076907255	0.076735094	0.07707782	0.0	0.07698647	0.07683738	0.0
ERR4391166	2	dental calculus	0.076981016	0.077439666	0.0	0.07639024	0.07707386	0.07660128	0.07714195	0.076964036	0.076480664	0.07695314	0.07703541	0.07717178	0.0	0.07683698	0.07692998	0.0
ERR4408185	2	tooth	0.077287085	0.07733614	0.0	0.07638962	0.07732804	0.07638962	0.077312924	0.07658903	0.07640434	0.077217415	0.07673248	0.0773325	0.0	0.07640371	0.0772771	0.0
ERR4408187	2	bone	0.077333376	0.07736613	0.0	0.0763895	0.07731216	0.0763895	0.077331915	0.07658531	0.07640422	0.077167735	0.076589994	0.077388786	0.0	0.0763895	0.077351876	0.0
ERR4408188	2	tooth	0.07734619	0.077338055	0.0	0.07638953	0.0772994	0.07638953	0.077331945	0.07658775	0.07640425	0.07718157	0.07660344	0.077388816	0.0	0.07640362	0.07733591	0.0
ERR4413529	2	dental calculus	0.076866105	0.077432565	0.0	0.07640544	0.07683568	0.076694384	0.077040784	0.07727651	0.07648066	0.076831184	0.077042036	0.07702949	0.0	0.07717413	0.07689104	0.0
ERR4426516	0	sediment	0.06273916	0.0627393	0.062222403	0.062222403	0.06273517	0.06231161	0.062747	0.062632814	0.062222403	0.062253047	0.06270271	0.062745325	0.062455222	0.062222403	0.06276765	0.062281385
ERR4426517	0	sediment	0.062753394	0.0627518	0.062222403	0.062222403	0.062722676	0.06231161	0.06273277	0.062614284	0.062222403	0.062253047	0.06270271	0.06274532	0.062463827	0.062222403	0.06277757	0.062281385
ERR4426518	0	sediment	0.06275341	0.06269911	0.062222417	0.062222417	0.06274554	0.06233086	0.06274353	0.062632754	0.062222417	0.06225306	0.06273144	0.06272636	0.062495977	0.062222417	0.062725656	0.062272627
ERR4426519	0	sediment	0.06274346	0.0627393	0.062222403	0.062222403	0.06273694	0.062311612	0.06273277	0.06266133	0.062222403	0.062253047	0.062702715	0.062745325	0.062437147	0.062230457	0.06275729	0.06228139
ERR4426520	0	sediment	0.0627534	0.062728554	0.062222403	0.062222403	0.06274553	0.062311612	0.062743515	0.06262419	0.062222403	0.062253047	0.062702715	0.062745325	0.062463827	0.062222403	0.06275729	0.06228139
ERR4426521	0	sediment	0.06274259	0.062721275	0.062222436	0.062222436	0.062726706	0.062311642	0.06271219	0.062566556	0.062222436	0.062253077	0.06264428	0.062725484	0.06267048	0.062230486	0.062738076	0.062289856
ERR4426522	0	sediment	0.0627534	0.0627299	0.062222406	0.062222406	0.06274553	0.062311612	0.06273277	0.062614284	0.062222406	0.062253047	0.06271211	0.062745325	0.062455747	0.062230457	0.062767215	0.06228139
ERR4426523	0	sediment	0.06273353	0.06269036	0.06222244	0.06222244	0.062726855	0.062311646	0.062722936	0.06261266	0.06222244	0.062253084	0.06265334	0.06271644	0.062692985	0.06223049	0.06270565	0.062282696
ERR4426524	0	sediment	0.06274347	0.06273867	0.062222414	0.062222414	0.06273695	0.06231162	0.06274353	0.06266135	0.062222414	0.062253058	0.06270272	0.06272636	0.06248717	0.062230464	0.06272476	0.062272623
ERR4426525	0	sediment	0.062748246	0.06272967	0.06222241	0.06222241	0.06271954	0.062311616	0.06274701	0.06263282	0.06222241	0.062253054	0.062693655	0.06274533	0.06245523	0.06222241	0.06277431	0.062299885
ERR4426526	0	sediment	0.06272355	0.06271558	0.06222242	0.06222242	0.062717795	0.062330864	0.06274354	0.062689826	0.06222242	0.06226276	0.06271268	0.06272637	0.062477373	0.06222242	0.06273529	0.062274683
ERR4426527	0	sediment	0.06273074	0.062686495	0.062222432	0.062222432	0.062718354	0.06235047	0.062757775	0.0626604	0.062222432	0.062253077	0.06270349	0.06272638	0.06250465	0.062222432	0.062735304	0.062283132
ERR4426529	0	sediment	0.0627534	0.06270838	0.062222406	0.062222406	0.062727295	0.062311612	0.06274352	0.06267182	0.062222406	0.06225305	0.062702715	0.062726356	0.062494308	0.062222406	0.06275549	0.062262435
ERR4426530	0	sediment	0.062753394	0.0627393	0.062222403	0.062222403	0.06273648	0.06231161	0.06273277	0.0626142	0.062222403	0.062253047	0.06272175	0.062745325	0.062463827	0.062222403	0.06275729	0.06228139
ERR4426531	0	sediment	0.062753394	0.06272967	0.062222403	0.062222403	0.0627279	0.06231161	0.06273277	0.062642016	0.062222403	0.062253047	0.06271175	0.062745325	0.062454592	0.062222403	0.062766925	0.06228139
ERR4426532	0	sediment	0.0627534	0.06274254	0.06222241	0.06222241	0.06273303	0.062311616	0.06273278	0.062614866	0.06222241	0.062253054	0.062702715	0.06274533	0.062491976	0.06222241	0.06274764	0.062281393
ERR4426533	0	sediment	0.0627534	0.0627518	0.062222403	0.062222403	0.06273303	0.062311612	0.06273277	0.06262419	0.062222403	0.062253047	0.062702715	0.062745325	0.062463827	0.062222403	0.06275729	0.06228139
ERR4426534	0	sediment	0.06275343	0.06272971	0.06222244	0.06222244	0.06272697	0.062311646	0.06271613	0.062616095	0.06222244	0.062253084	0.06268651	0.062727086	0.06245526	0.062298328	0.06276696	0.062291477
ERR4426535	0	sediment	0.06274346	0.06273758	0.062222403	0.062222403	0.06271479	0.06231161	0.062743515	0.06268986	0.062222403	0.062253047	0.062694065	0.06272635	0.062486634	0.062222403	0.06275505	0.062254433
ERR4426536	0	sediment	0.062753394	0.06272967	0.062222403	0.062222403	0.06274553	0.06231161	0.06273277	0.06262419	0.062222403	0.062253047	0.062702715	0.062745325	0.062463827	0.062222403	0.062766925	0.06228139
ERR4426537	0	sediment	0.06274346	0.06271893	0.062222403	0.062222403	0.06272575	0.062311612	0.062743515	0.06265339	0.062222403	0.062253047	0.06271271	0.062745325	0.06245446	0.062222403	0.062766925	0.062281255
ERR4426538	0	sediment	0.062724635	0.062698886	0.06222242	0.06222242	0.06269965	0.062330864	0.06274354	0.06270015	0.06222242	0.062253065	0.06272062	0.06272637	0.062486656	0.06222242	0.06274493	0.062280934
ERR4426539	0	sediment	0.0627534	0.06272508	0.062222403	0.062222403	0.062727295	0.062311612	0.062743515	0.062680446	0.062222403	0.062253047	0.062694065	0.06272635	0.06249601	0.062222403	0.062745124	0.062254436
ERR4426540	0	sediment	0.062753394	0.0627393	0.062222403	0.062222403	0.06274553	0.06231161	0.06273277	0.06262291	0.062222403	0.062253043	0.06270271	0.06274532	0.06245522	0.062222403	0.062767215	0.062281385
ERR4426541	0	sediment	0.062733516	0.06271164	0.062222432	0.062222432	0.062745556	0.06231164	0.06271219	0.06258622	0.062222432	0.062253073	0.06265333	0.06271555	0.0626688	0.062222432	0.062737346	0.062281415
ERR4426542	0	sediment	0.062753394	0.062729664	0.062222403	0.062222403	0.06274553	0.06231161	0.06273277	0.062614284	0.062222403	0.062253047	0.06270271	0.06274532	0.062463827	0.062222403	0.06277685	0.062281385
ERR4426543	0	sediment	0.06273499	0.06270152	0.06222242	0.06222242	0.06270869	0.062330864	0.06273279	0.06268046	0.06222242	0.062253065	0.06273061	0.062735416	0.06246477	0.06222242	0.062747434	0.06228971
ERR4426545	0	sediment	0.06272021	0.06269957	0.06222244	0.06222244	0.06270912	0.062330883	0.06275778	0.06263226	0.06222244	0.06226244	0.06272179	0.06273632	0.062496047	0.06222244	0.062725686	0.062318135
ERR4426546	0	sediment	0.06274304	0.06273143	0.06222241	0.06222241	0.06271256	0.062311616	0.06274352	0.062634535	0.06222241	0.06225305	0.062702715	0.062745325	0.06246383	0.06222241	0.06277729	0.062291443
ERR4426547	0	sediment	0.06275343	0.06270272	0.06222244	0.06225856	0.06273544	0.062330883	0.06273281	0.06262295	0.06223876	0.06225308	0.06271204	0.062745355	0.062447503	0.06222244	0.062730126	0.062291473
ERR4426548	0	sediment	0.0627245	0.062728085	0.062222425	0.062222425	0.0626962	0.062340908	0.06274354	0.06268935	0.062222425	0.06225307	0.06269409	0.062736295	0.062496033	0.062222425	0.0627353	0.06227294
ERR4426549	0	sediment	0.06272381	0.06266244	0.062222462	0.062222462	0.062717654	0.06236872	0.06272296	0.062585115	0.062222462	0.062253103	0.06266243	0.06271646	0.062702365	0.062230512	0.06269589	0.06229116
ERR4426550	0	sediment	0.06272964	0.06264424	0.062222455	0.062258575	0.06269942	0.062378272	0.062748715	0.06268007	0.062238775	0.062253095	0.06273145	0.062735446	0.062438287	0.062222455	0.06272935	0.06228974
ERR4426552	0	sediment	0.06276249	0.06271138	0.062222425	0.062222425	0.062713884	0.062330868	0.06274354	0.06263284	0.062222425	0.062253065	0.06270271	0.062736295	0.06250527	0.062222425	0.0627353	0.06228268
ERR4596443	4	dental calculus	0.06252637	0.06282291	0.06272529	0.062230118	0.062415358	0.06222257	0.06256525	0.062489554	0.06270905	0.06259744	0.06249414	0.0625285	0.06223067	0.062433455	0.06271921	0.06229012
ERR4596813	4	dental calculus	0.06258077	0.06279341	0.062222537	0.062222537	0.062492937	0.062222537	0.062641986	0.062418915	0.06270901	0.062550835	0.062625505	0.06269196	0.062270984	0.06255057	0.06273112	0.062274393
ERR4596815	4	dental calculus	0.06268456	0.06287758	0.062222388	0.062222388	0.06266902	0.062222388	0.062722765	0.062588096	0.062222388	0.06260239	0.06267752	0.06272279	0.062280398	0.062230363	0.06277423	0.062280744
ERR4596816	4	dental calculus	0.062632814	0.062875144	0.062222462	0.062222462	0.06266105	0.062222462	0.062659964	0.06256385	0.062231034	0.06255107	0.062603794	0.06272777	0.062270913	0.06251643	0.06276445	0.06227432
ERR4596817	4	dental calculus	0.06247707	0.06280696	0.062725276	0.062222555	0.062387392	0.062222555	0.06257314	0.06252976	0.06271813	0.06263391	0.062468622	0.06250694	0.062230654	0.062499262	0.06273165	0.062266123
ERR4596818	4	dental calculus	0.062537014	0.06283085	0.06272525	0.062222533	0.062388465	0.062222533	0.06259131	0.062509835	0.06270901	0.06263144	0.06252145	0.06253443	0.062237896	0.06228318	0.06274816	0.062306646
ERR4596819	4	dental calculus	0.06268757	0.06281607	0.06222243	0.06226662	0.06266735	0.06222243	0.06271837	0.06254161	0.06222243	0.062602974	0.06270224	0.06275455	0.06227927	0.062240243	0.06274337	0.062312476
ERR4596820	4	dental calculus	0.06255515	0.06284174	0.06273421	0.062222533	0.06256126	0.062222533	0.06258263	0.062647045	0.062231105	0.062532574	0.06250196	0.06257354	0.062239807	0.06254262	0.0627382	0.062273107
ERR4596822	4	dental calculus	0.062615834	0.062842645	0.06222249	0.06223167	0.062652245	0.06222249	0.06263061	0.06264792	0.062240086	0.062553614	0.06258895	0.06271805	0.062270936	0.06253427	0.06274649	0.062281705
ERR4596823	4	dental calculus	0.06248493	0.06285147	0.06272529	0.062222566	0.06241671	0.062222566	0.06256413	0.06250476	0.062700406	0.06252449	0.062495064	0.06251015	0.062247105	0.06250915	0.06273889	0.062282335
ERR4596824	4	dental calculus	0.062614635	0.06287303	0.06223137	0.062230032	0.06261882	0.062222484	0.06263187	0.06255751	0.062240083	0.0626515	0.06259309	0.06269302	0.062254485	0.06257573	0.0627301	0.062282253
ERR4596825	4	dental calculus	0.062686376	0.062867515	0.06222239	0.06222239	0.06269543	0.06222239	0.06270276	0.06257707	0.06222239	0.062602244	0.062661804	0.062734924	0.06227923	0.0622481	0.062782146	0.06227284
ERR4596826	4	dental calculus	0.06255373	0.06286661	0.062725246	0.062230073	0.06257005	0.06222253	0.062573895	0.062584065	0.06223155	0.06265104	0.06249466	0.06254679	0.06223901	0.062489726	0.06273873	0.062282294
ERR4596828	4	dental calculus	0.06247647	0.06280516	0.0627253	0.062222578	0.06240654	0.062222578	0.06254946	0.062551245	0.062718146	0.06249712	0.06250326	0.06250984	0.062255505	0.06253436	0.062740095	0.062282346
ERR5670952	4	dental calculus	0.062595755	0.06285548	0.062231425	0.06222254	0.062443763	0.06222254	0.06261006	0.062495604	0.062718116	0.06261599	0.06257514	0.062629126	0.06225454	0.06252031	0.06270296	0.06230665
ERR5670953	4	dental calculus	0.06246022	0.062777385	0.062734224	0.062222548	0.062322687	0.062222548	0.0625209	0.06259131	0.06271812	0.06259997	0.062423337	0.06249122	0.062230647	0.06272206	0.06266394	0.062298875
ERR5670954	4	dental calculus	0.06246839	0.06281159	0.062734246	0.06222257	0.062400036	0.06222257	0.06253881	0.06252865	0.06271814	0.06260678	0.062461145	0.062492173	0.06223067	0.06255254	0.062712796	0.062298894
ERR5670955	4	dental calculus	0.06250265	0.06281092	0.06273425	0.06223012	0.06231094	0.062222574	0.06255212	0.06254924	0.062718146	0.06261555	0.062468752	0.062470224	0.062230673	0.062585756	0.06265176	0.062346306
ERR5670956	4	dental calculus	0.062572025	0.06282013	0.062231444	0.062230103	0.06242973	0.06222256	0.06259921	0.06253056	0.06271813	0.06261613	0.06257563	0.06262046	0.06225456	0.06260358	0.06266908	0.06230667
ERR5670957	4	dental calculus	0.06254503	0.062857546	0.06272525	0.062222533	0.062462043	0.062222533	0.06256521	0.06261943	0.06224013	0.06265136	0.062450398	0.06256158	0.062230628	0.06259361	0.06273046	0.062322255
ERR5670958	4	dental calculus	0.06253772	0.0628188	0.062231436	0.06222255	0.062432207	0.06222255	0.062589385	0.0625999	0.06271812	0.06262506	0.06255643	0.062619075	0.06225455	0.06254264	0.06271594	0.062313627
ERR5670959	4	dental calculus	0.06261497	0.06287292	0.06223138	0.062230043	0.0626197	0.062222496	0.062623784	0.062569134	0.062240094	0.062651634	0.06261058	0.06267516	0.0622545	0.06260129	0.0626835	0.062298823
ERR5670960	4	dental calculus	0.06247668	0.06282822	0.062725306	0.062222585	0.062385544	0.062222585	0.06257138	0.06256117	0.06270042	0.06251518	0.062494274	0.06251639	0.062258903	0.062499657	0.06270896	0.06231276
ERR5670961	4	dental calculus	0.06254458	0.06283685	0.062231425	0.062230088	0.062479965	0.06222254	0.06260729	0.06250634	0.062718116	0.06261535	0.06256667	0.06263829	0.062254544	0.062534325	0.06273132	0.06228231
ERR5670962	4	dental calculus	0.062475257	0.0628035	0.06273425	0.06223012	0.062352333	0.062222574	0.06252092	0.06256355	0.06270905	0.06264579	0.06248158	0.06248966	0.062230673	0.06250758	0.06270294	0.062330216
ERR5670963	4	dental calculus	0.06261442	0.06288191	0.062231373	0.062230036	0.062600754	0.062222492	0.06262378	0.06257497	0.06224009	0.06264285	0.062576525	0.06268385	0.062254492	0.06260346	0.06272019	0.062298816
ERR5670964	4	dental calculus	0.06253772	0.06281122	0.062231436	0.0622301	0.062398016	0.06222255	0.06258129	0.06256666	0.06271812	0.062673084	0.06253612	0.062619075	0.062254556	0.06257671	0.06271314	0.062330194
ERR5670965	4	dental calculus	0.06247525	0.062811255	0.062734246	0.062230114	0.06238171	0.06222257	0.062520914	0.06255447	0.06271814	0.062615834	0.062468674	0.062491275	0.06223067	0.06255254	0.06270173	0.062290598
ERR5670966	4	dental calculus	0.06246838	0.06280219	0.06273423	0.062230103	0.062318165	0.062222555	0.06252091	0.062576085	0.06271813	0.06262769	0.062413074	0.062491264	0.062230654	0.06260195	0.06271443	0.062330198
ERR5670967	4	dental calculus	0.06256299	0.06285533	0.06222255	0.062239286	0.06243398	0.06222255	0.062600106	0.062470574	0.062709026	0.06253371	0.062575266	0.062657334	0.06227212	0.06257671	0.06272997	0.062338494
ERR5670968	4	dental calculus	0.062684566	0.06287577	0.062222395	0.062222395	0.06267884	0.062222395	0.0626773	0.06258721	0.062222395	0.062602155	0.06267821	0.06273614	0.062279236	0.062248103	0.06278215	0.06228075
ERR5670969	4	dental calculus	0.062558375	0.06284948	0.062222585	0.062682725	0.062454198	0.062222585	0.06259081	0.062435873	0.06271711	0.06252826	0.062539205	0.06253403	0.062262975	0.06241623	0.06267887	0.062306695
ERR5670970	4	dental calculus	0.06252572	0.06282792	0.06223147	0.062370874	0.062480014	0.06222259	0.062620655	0.0625165	0.06271816	0.062598065	0.06255907	0.062626444	0.06225459	0.06250759	0.06266589	0.062274445
ERR5670971	4	dental calculus	0.06253675	0.06281414	0.06272525	0.062222533	0.062479883	0.062222533	0.06256442	0.06266466	0.062231105	0.062671944	0.06245452	0.062553555	0.06223063	0.06261182	0.062711835	0.06230441
ERR567364	2	sediment	0.0773451	0.07733603	0.0	0.0763895	0.07735409	0.0763895	0.077331915	0.07657437	0.0763895	0.07715716	0.07661599	0.077375904	0.0	0.0763895	0.07735145	0.0
ERR567366	2	sediment	0.077328466	0.07726947	0.0	0.076389596	0.077365406	0.076389596	0.07739671	0.07666334	0.076389596	0.077114165	0.076616086	0.07734073	0.0	0.07644022	0.07729663	0.0
ERR5729614	2	dental calculus	0.07689395	0.0773893	0.0	0.07640537	0.07660762	0.07639016	0.07689336	0.077124685	0.07728483	0.076962166	0.07683702	0.0769652	0.0	0.07725148	0.07699487	0.0
ERR5729615	2	dental calculus	0.07690593	0.077496104	0.0	0.07640536	0.0766723	0.076390155	0.07690374	0.07708006	0.07728482	0.07702696	0.07675216	0.0769782	0.0	0.07700485	0.077099346	0.0
ERR5729616	2	dental calculus	0.07702672	0.077407315	0.0	0.076405406	0.07676728	0.07639019	0.077043496	0.07712316	0.076747105	0.07693658	0.07674976	0.07706147	0.0	0.0772627	0.07707882	0.0
ERR5729617	2	dental calculus	0.07688015	0.07736194	0.0	0.076405376	0.07662205	0.07639016	0.07693208	0.07711217	0.07728483	0.07692328	0.07683702	0.07695346	0.0	0.077302605	0.07699488	0.0
ERR5729618	2	dental calculus	0.07691692	0.07746023	0.0	0.07640537	0.076700784	0.076390155	0.07694607	0.07718046	0.07728482	0.07691086	0.07670978	0.076991156	0.0	0.077018276	0.07708512	0.0
ERR5729619	2	dental calculus	0.07698209	0.07750583	0.0	0.07640543	0.07679951	0.076390214	0.07702804	0.076913886	0.07693785	0.077009186	0.07677721	0.07705138	0.0	0.07699145	0.07720793	0.0
ERR5729620	2	dental calculus	0.076936424	0.07744284	0.0	0.0764054	0.07671136	0.076390184	0.076944664	0.07715277	0.07728485	0.07698651	0.0767886	0.07704289	0.0	0.07685216	0.077061355	0.0
ERR5729621	2	dental calculus	0.07690643	0.07740646	0.0	0.07650061	0.07667507	0.07639024	0.07686496	0.07707098	0.0772849	0.07697767	0.07679486	0.07693844	0.0	0.077194504	0.07699487	0.0
ERR5729622	2	dental calculus	0.0769056	0.07744441	0.0	0.076405354	0.07662978	0.07639014	0.07693128	0.07710872	0.077284805	0.07689688	0.076764755	0.07698993	0.0	0.07721088	0.07703746	0.0
ERR5729623	2	dental calculus	0.07698387	0.077409774	0.0	0.07640545	0.07676859	0.07639024	0.07699978	0.077137046	0.07674715	0.077058546	0.07684982	0.077020325	0.0	0.077127635	0.07710178	0.0
ERR5729624	2	dental calculus	0.077129535	0.077620246	0.0	0.076405026	0.07695484	0.07638982	0.077104576	0.077089585	0.076441534	0.07714322	0.07679786	0.07721158	0.0	0.07645243	0.07725974	0.0
ERR5729625	2	dental calculus	0.07693647	0.077387996	0.0	0.076405436	0.07671489	0.07639023	0.07693227	0.077155694	0.077284895	0.07702874	0.076860785	0.07700642	0.0	0.07687673	0.07701945	0.0
ERR5729626	2	dental calculus	0.07688013	0.07737635	0.0	0.076405354	0.076594025	0.07639014	0.07686341	0.07715314	0.077284805	0.076961964	0.076836996	0.07695344	0.0	0.07728858	0.077011675	0.0
ERR5729627	2	dental calculus	0.076958716	0.07745414	0.0	0.07640534	0.07672587	0.076390125	0.07698762	0.07708195	0.07728479	0.076885924	0.07658234	0.07703064	0.0	0.07714107	0.07707148	0.0
ERR5729628	2	dental calculus	0.076871425	0.077398054	0.0	0.0764054	0.07666312	0.07639019	0.07694737	0.07694359	0.07726063	0.0769773	0.07685105	0.076967776	0.0	0.077262096	0.07706201	0.0
ERR5729629	2	dental calculus	0.07688014	0.077389725	0.0	0.07640536	0.07660839	0.07639015	0.07690872	0.077108525	0.07728481	0.07693433	0.07683701	0.07695345	0.0	0.07728859	0.07701079	0.0
ERR5729630	2	dental calculus	0.07705438	0.07754428	0.0	0.07640534	0.07695534	0.07656156	0.07706074	0.07707116	0.0770016	0.077041015	0.07670283	0.077141136	0.0	0.076416366	0.07704425	0.0
ERR5729631	2	dental calculus	0.07687594	0.07738761	0.0	0.076405406	0.076594085	0.07650543	0.07689004	0.07716818	0.077284865	0.07693686	0.07685881	0.07693907	0.0	0.07727745	0.07687626	0.0
ERR5729632	2	dental calculus	0.07688012	0.07741522	0.0	0.07640534	0.07661963	0.076390125	0.07691719	0.07711213	0.07728479	0.076948434	0.07675214	0.076964796	0.0	0.07728857	0.07702152	0.0
ERR5729633	2	dental calculus	0.07685897	0.07738767	0.0	0.07640534	0.076605275	0.076390125	0.07693127	0.077153124	0.07728479	0.07697137	0.07675214	0.076964796	0.0	0.07728857	0.077006556	0.0
ERR5729634	2	dental calculus	0.07688015	0.07735086	0.0	0.07640537	0.076607615	0.076390155	0.07688022	0.07715315	0.07728482	0.07696198	0.07683702	0.07696519	0.0	0.0772886	0.07699487	0.0
ERR5729635	2	dental calculus	0.07734511	0.07733604	0.0	0.07638951	0.07734128	0.07638951	0.07733192	0.076587066	0.07638951	0.07715717	0.076616	0.07737591	0.0	0.07638951	0.07735146	0.0
ERR5729636	2	dental calculus	0.07702384	0.07743712	0.0	0.076405436	0.076768644	0.07639022	0.077033654	0.07706538	0.07674713	0.076900765	0.07687589	0.07706123	0.0	0.07719653	0.07709416	0.0
ERR5729637	2	dental calculus	0.077002816	0.07749521	0.0	0.07640528	0.0767019	0.07639007	0.07699576	0.077136606	0.07728473	0.07704126	0.07653761	0.07705343	0.0	0.076825656	0.07712966	0.0
ERR5729638	2	dental calculus	0.077048324	0.07755783	0.0	0.07641846	0.07686766	0.07639006	0.07710658	0.07690439	0.07644177	0.076893345	0.076946355	0.07709683	0.0	0.07721079	0.077117614	0.0
ERR5729639	2	dental calculus	0.07695823	0.077429175	0.0	0.07640531	0.07672807	0.076390095	0.076956116	0.07711004	0.07728476	0.07706842	0.076486155	0.077002615	0.0	0.077044666	0.077136345	0.0
ERR5729640	2	dental calculus	0.07705196	0.07741221	0.0	0.07640544	0.07677958	0.07639023	0.07706289	0.07708122	0.076747134	0.076888114	0.076875895	0.07704723	0.0	0.07722275	0.07703534	0.0
ERR5729641	2	dental calculus	0.07695067	0.07738926	0.0	0.07640542	0.076740906	0.076390214	0.076988615	0.07715197	0.07674712	0.0770407	0.07684979	0.07703204	0.0	0.07727611	0.077037185	0.0
ERR5729642	2	dental calculus	0.0769985	0.07746616	0.0	0.0764054	0.07676519	0.076390184	0.077039145	0.07715039	0.07674709	0.07707386	0.076722495	0.07704565	0.0	0.07707138	0.07712456	0.0
ERR5729643	2	dental calculus	0.07699048	0.07739559	0.0	0.07640544	0.07679178	0.07639023	0.07704786	0.07712118	0.07672308	0.076935925	0.07683602	0.07708724	0.0	0.077187255	0.077087924	0.0
ERR5729644	2	dental calculus	0.07690561	0.07740603	0.0	0.076390155	0.07663253	0.076390155	0.07691632	0.077068105	0.07728482	0.07696378	0.076778226	0.07698994	0.0	0.07722403	0.07705029	0.0
ERR5729645	2	dental calculus	0.07708991	0.07744476	0.0	0.07639011	0.07680663	0.07639011	0.0771257	0.077136956	0.076747015	0.07698263	0.07654111	0.07708632	0.0	0.07709778	0.07716096	0.0
ERR5729646	2	dental calculus	0.07695869	0.07747845	0.0	0.07640532	0.07668541	0.0763901	0.077000916	0.07709466	0.07728477	0.076870635	0.07658232	0.077057146	0.0	0.07709451	0.07709707	0.0
ERR5729647	2	dental calculus	0.076871365	0.077376336	0.0	0.07640535	0.07661886	0.07639013	0.07692919	0.077153124	0.0772848	0.07696006	0.07672418	0.07697654	0.0	0.077288575	0.07702152	0.0
ERR5729648	2	dental calculus	0.07689744	0.07743801	0.0	0.07640539	0.07671017	0.07639018	0.07698692	0.07716549	0.07728484	0.07692144	0.076724224	0.07699117	0.0	0.07702945	0.07705527	0.0
ERR5729649	2	dental calculus	0.07703903	0.07750513	0.0	0.07638998	0.076878056	0.07638998	0.07715487	0.07689969	0.07646567	0.077101685	0.0766113	0.07715967	0.0	0.077220924	0.077184014	0.0
ERR5729650	2	dental calculus	0.07689214	0.0774139	0.0	0.07640537	0.07661766	0.076390155	0.07695469	0.0771372	0.07728482	0.07696194	0.07675217	0.076964825	0.0	0.07713872	0.077086404	0.0
ERR5729651	2	dental calculus	0.07706431	0.077494025	0.0	0.076405354	0.07682333	0.07639014	0.07705215	0.07714908	0.0769619	0.077007614	0.076786384	0.07710582	0.0	0.076593444	0.077166446	0.0
ERR5729652	2	dental calculus	0.07707343	0.07744703	0.0	0.07639022	0.07679573	0.07639022	0.07706019	0.07710932	0.07674713	0.0769399	0.07686071	0.077059045	0.0	0.07697124	0.077155836	0.0
ERR5729653	2	dental calculus	0.07713266	0.07744753	0.0	0.07639018	0.07691314	0.07639018	0.07711758	0.077022195	0.07674709	0.07700948	0.076844275	0.07715332	0.0	0.0767004	0.07713198	0.0
ERR5729654	2	dental calculus	0.077074856	0.07736439	0.0	0.07639023	0.07679166	0.07639023	0.07711646	0.07702225	0.076747134	0.076887585	0.07684864	0.07706244	0.0	0.077224106	0.077080026	0.0
ERR5729655	2	dental calculus	0.07707268	0.07754921	0.0	0.076390035	0.07686456	0.076390035	0.07711691	0.07691714	0.076465726	0.07693027	0.076821506	0.077139474	0.0	0.07719642	0.07714603	0.0
ERR5729656	2	dental calculus	0.07707593	0.077402115	0.0	0.07640546	0.07684254	0.07639025	0.07709776	0.07708057	0.07674716	0.07693993	0.07680318	0.0770683	0.0	0.077007055	0.077139765	0.0
ERR5729657	2	dental calculus	0.07702597	0.07750841	0.0	0.07640539	0.076778665	0.07639018	0.07710091	0.0771195	0.07674708	0.07691221	0.07676489	0.077060245	0.0	0.077060215	0.077126324	0.0
ERR5766165	4	palaeofaeces	0.062711954	0.06275158	0.062222403	0.062222403	0.06272256	0.062222403	0.06272632	0.06254211	0.062222403	0.0626312	0.06269906	0.06275264	0.06231427	0.062222403	0.06276344	0.06227285
ERR5766166	4	palaeofaeces	0.06271962	0.06267516	0.062222447	0.062222447	0.06269979	0.062222447	0.06266841	0.062564544	0.062222447	0.06274956	0.06270312	0.062709995	0.062289156	0.062222447	0.0627117	0.062396705
ERR5766167	4	palaeofaeces	0.06271281	0.062639765	0.062222525	0.062222525	0.06267174	0.062334124	0.06256605	0.062587686	0.062222525	0.062706105	0.06265976	0.06269272	0.062289234	0.062222525	0.06268445	0.06256545
ERR5766168	4	palaeofaeces	0.062728584	0.062751554	0.062222384	0.062222384	0.06269521	0.062222384	0.06272584	0.062531054	0.062222384	0.06275882	0.06267253	0.06273258	0.062270038	0.062222384	0.062757336	0.062264536
ERR5766169	4	palaeofaeces	0.06272178	0.06269718	0.06222247	0.06222247	0.06265667	0.06222247	0.06257946	0.06254759	0.06222247	0.06274957	0.06260976	0.062724814	0.062270124	0.06222247	0.062716775	0.06261393
ERR5766170	4	palaeofaeces	0.062728584	0.062742844	0.062222384	0.062222384	0.06269521	0.062222384	0.06272584	0.06254209	0.062222384	0.06276754	0.06268206	0.06273258	0.06227004	0.062222384	0.062736735	0.06226454
ERR5766171	4	palaeofaeces	0.06272866	0.06271493	0.062222462	0.062222462	0.06265666	0.062222462	0.06257946	0.06250579	0.062222462	0.06273218	0.06263443	0.06272358	0.062270116	0.062222462	0.06273672	0.06260517
ERR5766172	4	palaeofaeces	0.06271964	0.06269416	0.062222473	0.062222473	0.06263664	0.062222473	0.06257547	0.06256415	0.062222473	0.06274958	0.06264564	0.06271148	0.062270127	0.062222473	0.06270683	0.062613934
ERR5766173	4	palaeofaeces	0.06271281	0.06265182	0.062222518	0.062222518	0.0626271	0.062325876	0.06257431	0.062606454	0.062222518	0.0627061	0.06262888	0.062703244	0.062270176	0.062222518	0.06268917	0.06261398
ERR5766174	4	palaeofaeces	0.06273833	0.06275158	0.062222403	0.062222403	0.06269301	0.062222403	0.062735215	0.06253108	0.062222403	0.0626312	0.06268874	0.06275264	0.062279243	0.062222403	0.06277451	0.06231245
ERR5766175	4	palaeofaeces	0.06270225	0.06275159	0.062222417	0.062222417	0.062665716	0.062222417	0.06271698	0.06254024	0.062222417	0.06273175	0.06267092	0.062733516	0.062305097	0.062222417	0.06275737	0.062312465
ERR5766176	4	palaeofaeces	0.06272859	0.06274285	0.06222239	0.06222239	0.06267518	0.06222239	0.062715895	0.06257092	0.06222239	0.06274911	0.06267254	0.06274267	0.06227005	0.06222239	0.0627474	0.06227284
ERR5766177	4	palaeofaeces	0.062721714	0.06275047	0.0622224	0.0622224	0.06265692	0.0622224	0.06268923	0.06267888	0.0622224	0.06276756	0.062649205	0.06271708	0.062270056	0.0622224	0.06271443	0.062272463
ERR5766178	4	palaeofaeces	0.06270061	0.06273558	0.0622224	0.0622224	0.062656775	0.0622224	0.062706396	0.06269699	0.0622224	0.06275812	0.06265717	0.06272586	0.062261663	0.0622224	0.06271638	0.062272463
ERR5766179	4	palaeofaeces	0.062728584	0.062751554	0.062222384	0.062222384	0.06269521	0.062222384	0.06272584	0.062531054	0.062222384	0.06275015	0.06268119	0.06273258	0.062270038	0.062222384	0.06275734	0.06226454
ERR5766180	4	palaeofaeces	0.06272859	0.06275156	0.062222388	0.062222388	0.06267517	0.062222388	0.06271589	0.06257092	0.062222388	0.06275016	0.0626812	0.062732585	0.062270045	0.062222388	0.06274739	0.062264543
ERR5766181	4	palaeofaeces	0.062738314	0.06275157	0.06222239	0.06222239	0.062702484	0.06222239	0.062725246	0.06257092	0.06222239	0.06264959	0.06269904	0.062742546	0.06227923	0.06222239	0.06276454	0.062264547
ERR5766182	4	palaeofaeces	0.06270963	0.06274495	0.062222395	0.062222395	0.06267518	0.062222395	0.062715895	0.06262213	0.062222395	0.06276755	0.062656835	0.06273382	0.06227005	0.062222395	0.062727444	0.06226455
ERR5766183	4	palaeofaeces	0.062721714	0.06272384	0.0622224	0.0622224	0.062656775	0.0622224	0.06270686	0.06265893	0.0622224	0.06276756	0.06265574	0.06271708	0.062270056	0.0622224	0.06273699	0.062272463
ERR5863536	0	palaeofaeces	0.062656	0.062552094	0.062222607	0.06226774	0.06266192	0.06240704	0.06261815	0.0626298	0.062238928	0.062332384	0.06265331	0.06267944	0.062469427	0.062307656	0.062600635	0.06270287
ERR6093854	0	dental calculus	0.062737286	0.06277623	0.0622224	0.0622224	0.062722676	0.06231161	0.06273277	0.062605985	0.0622224	0.062253043	0.06270271	0.06274532	0.062463824	0.0622224	0.06277757	0.062281385
ERR6093855	0	dental calculus	0.062735364	0.06276779	0.062222403	0.062222403	0.062722676	0.06231161	0.06273277	0.062616326	0.062222403	0.062253047	0.06270271	0.06274532	0.062463827	0.062222403	0.06277757	0.062281385
ERR6093856	0	dental calculus	0.06274573	0.06277373	0.062222403	0.062222403	0.062722676	0.062311612	0.06273277	0.06261425	0.062222403	0.062262006	0.062694356	0.062745325	0.062457502	0.062222403	0.06276905	0.06228139
ERR6093857	0	dental calculus	0.06274304	0.062743016	0.062222406	0.062222406	0.062722676	0.062311612	0.06273277	0.062641904	0.062222406	0.06225305	0.062702715	0.062745325	0.06246383	0.062222406	0.062769055	0.06228139
ERR6093858	0	dental calculus	0.0627534	0.06274226	0.062222406	0.062222406	0.062722676	0.062311612	0.06273277	0.06262291	0.06223186	0.06225305	0.062702715	0.062745325	0.062455226	0.062222406	0.06277758	0.06228139
ERR6093859	0	dental calculus	0.062753394	0.062780604	0.062222403	0.062222403	0.062722676	0.06231161	0.06273277	0.06260616	0.062222403	0.062253043	0.06270271	0.06274532	0.062463824	0.062222403	0.062756896	0.062281385
ERR6093860	0	dental calculus	0.06274362	0.0627518	0.062222406	0.062222406	0.062722676	0.062311612	0.062723696	0.062614284	0.062222406	0.062262755	0.062702715	0.062745325	0.06246383	0.062222406	0.06278667	0.06228139
ERR6093861	0	dental calculus	0.0627534	0.0627518	0.062222406	0.062222406	0.062722676	0.062311612	0.06273277	0.06260528	0.062222406	0.062262006	0.062702715	0.062745325	0.062463827	0.062222406	0.06277758	0.06228139
ERR6093862	0	dental calculus	0.06270482	0.062732145	0.06222251	0.06268005	0.062704206	0.062303234	0.06264388	0.062598854	0.062264435	0.062255498	0.06259397	0.06264374	0.062429894	0.06222251	0.06273747	0.0622628
ERR6093863	0	dental calculus	0.06268672	0.06273141	0.062222563	0.0626801	0.06262036	0.062285025	0.06257264	0.062580466	0.06225502	0.06263451	0.06258584	0.06258884	0.06237453	0.062222563	0.0627021	0.06225732
ERR6093864	0	dental calculus	0.06270615	0.06276732	0.062222503	0.06268004	0.06270419	0.062303223	0.06264387	0.06259212	0.06225496	0.062245782	0.0626023	0.06263381	0.062429883	0.062222503	0.06272856	0.06226279
ERR6093865	0	dental calculus	0.06266852	0.062750585	0.06222256	0.062680095	0.06262036	0.062285025	0.06256192	0.06257056	0.06225502	0.06264427	0.06258584	0.06259874	0.06237453	0.06222256	0.0627021	0.06225732
ERR6093866	0	dental calculus	0.062592946	0.06269236	0.062732205	0.062222548	0.06253054	0.062284485	0.06259928	0.06264702	0.062232006	0.06265167	0.06260622	0.062638104	0.062355977	0.062222548	0.06272404	0.062268045
ERR6093867	0	dental calculus	0.06271714	0.06278229	0.06222247	0.06222247	0.06260104	0.062293418	0.06265072	0.06262618	0.06222247	0.06265159	0.062677175	0.06270027	0.062402125	0.06222247	0.062742576	0.062265605
ERR6093868	0	dental calculus	0.06267424	0.062773354	0.0622298	0.06222248	0.06261061	0.06229343	0.06265073	0.062647946	0.06222248	0.06266062	0.06268625	0.06270029	0.0623991	0.06222248	0.06272193	0.06228424
ERR6093869	0	dental calculus	0.0625963	0.062692486	0.062732205	0.06222255	0.06253054	0.062284485	0.06259928	0.062605865	0.062232006	0.06265168	0.0626147	0.06264801	0.06236533	0.06222255	0.06273396	0.06226805
ERR6093870	0	dental calculus	0.06258503	0.06270641	0.06273963	0.06252141	0.062521875	0.062272936	0.06254511	0.062574565	0.062238283	0.06265333	0.062536925	0.062582485	0.062333934	0.062222604	0.06270754	0.06225792
ERR6093871	0	dental calculus	0.062569015	0.06268198	0.06273958	0.06226699	0.06253073	0.062272888	0.06258162	0.06267042	0.06223201	0.062660694	0.062609605	0.06263079	0.062349666	0.06222255	0.062723584	0.062257867
ERR6093872	0	dental calculus	0.06262626	0.06270448	0.0622299	0.062688686	0.062613286	0.06227345	0.06252802	0.06261616	0.062264506	0.06267974	0.06259167	0.0625872	0.06235888	0.062298473	0.06269213	0.062247165
ERR6093874	0	dental calculus	0.06265482	0.06273992	0.06222986	0.062425066	0.06264812	0.062273405	0.06260759	0.06265002	0.062239315	0.06266069	0.06267217	0.06262758	0.06239334	0.062222544	0.06269826	0.0622573
ERR6093875	0	dental calculus	0.06256688	0.06272863	0.062739566	0.062222533	0.06250405	0.06228447	0.0625814	0.06264897	0.062231988	0.0626871	0.06261524	0.06263429	0.062349644	0.062222533	0.06272487	0.06225785
ERR6093876	0	dental calculus	0.06256738	0.06274607	0.062739566	0.062222537	0.062495586	0.06228447	0.062572345	0.06262113	0.06223199	0.062696524	0.06261524	0.06264586	0.062359	0.062222537	0.06271347	0.062266286
ERR6093877	0	dental calculus	0.062558405	0.06275412	0.06273956	0.06222253	0.062504664	0.062284466	0.06257234	0.06264932	0.062231988	0.0626871	0.06261468	0.06263735	0.06234964	0.06222253	0.06271347	0.062257845
ERR6093878	0	dental calculus	0.06257723	0.06275452	0.06273959	0.062222555	0.06249625	0.062284492	0.06255572	0.06262186	0.06223201	0.06268712	0.06259002	0.06260757	0.062349666	0.062298443	0.062725075	0.06225787
ERR6093879	0	dental calculus	0.062602505	0.0627004	0.06273957	0.06222254	0.0625119	0.062284473	0.062599264	0.0626374	0.062231995	0.06266068	0.062615246	0.06263003	0.06234965	0.06222254	0.06273395	0.062257856
ERR6093880	0	dental calculus	0.06260251	0.06270002	0.06273957	0.06222254	0.0625119	0.062284477	0.06259016	0.0626469	0.062232	0.06266068	0.062615246	0.062621996	0.06234965	0.06222254	0.062733956	0.062265843
ERR6093881	0	dental calculus	0.06261243	0.062704444	0.06273957	0.062222544	0.062521525	0.06228448	0.06259017	0.06263299	0.062232003	0.06266069	0.06261525	0.0626296	0.06235042	0.062222544	0.062713295	0.06226804
ERR6093882	0	dental calculus	0.062602505	0.06271286	0.062739566	0.062222533	0.062503494	0.06228447	0.06258109	0.06266368	0.06223199	0.06266067	0.06261524	0.06263809	0.062341057	0.062222533	0.06272236	0.06225785
ERR6093883	0	dental calculus	0.06254895	0.06268371	0.06273963	0.06273417	0.06251267	0.062276054	0.06248384	0.06257301	0.062280856	0.06267099	0.06250608	0.062536635	0.06231734	0.062222604	0.06265388	0.06225959
ERR6093885	0	dental calculus	0.062487118	0.06264552	0.06273964	0.06273418	0.062399596	0.06226784	0.062468953	0.06259522	0.06268112	0.06265333	0.062463272	0.062461257	0.06229988	0.062222607	0.06263105	0.062249415
ERR6093886	0	dental calculus	0.06248769	0.0626655	0.06273963	0.06273417	0.062391765	0.062267836	0.062458254	0.06259521	0.06268112	0.06265333	0.06245437	0.06247705	0.062299877	0.062222604	0.06262217	0.06224941
ERR6093887	0	dental calculus	0.0625903	0.06269782	0.06223723	0.06273417	0.06250712	0.062276844	0.062527806	0.06259593	0.06268112	0.06265333	0.06252582	0.06252149	0.06234303	0.062222604	0.062638186	0.062247183
ERR6093888	0	dental calculus	0.06260634	0.06262156	0.06273226	0.062494367	0.06254476	0.062269136	0.06251378	0.06257481	0.062238287	0.062245883	0.06250485	0.06264176	0.06237663	0.062222604	0.06270016	0.0627128
ERR6093889	0	dental calculus	0.062597655	0.06262742	0.062732264	0.06255629	0.062552735	0.06226914	0.06250599	0.06257481	0.06225507	0.062245887	0.06246751	0.0625997	0.062370315	0.062222607	0.06270979	0.0627128
ERR6093890	0	dental calculus	0.06272901	0.062693186	0.06222248	0.06223098	0.06266885	0.06227802	0.06261986	0.062599264	0.062231936	0.062253125	0.062623166	0.06270812	0.06245425	0.06222248	0.062734455	0.06273081
ERR6093891	0	dental calculus	0.06271066	0.062722564	0.062222492	0.06227594	0.06267614	0.062278036	0.06261987	0.062628545	0.062222492	0.062253136	0.0625942	0.06271805	0.06243857	0.062222492	0.062704735	0.06271207
ERR6093893	0	dental calculus	0.06270817	0.06268798	0.062222514	0.06273408	0.06270481	0.062303234	0.062646054	0.0626186	0.062271304	0.062245794	0.06258565	0.06264374	0.062422145	0.062222514	0.062710434	0.062272985
ERR6093894	0	dental calculus	0.062698245	0.06267019	0.06222252	0.06272552	0.06270482	0.06230324	0.062654614	0.06263812	0.062288724	0.0622458	0.0626023	0.06263524	0.062412787	0.06222252	0.06270235	0.062272992
ERR6093896	0	dental calculus	0.06270467	0.06270622	0.062222514	0.06273408	0.06270481	0.062303234	0.062635325	0.0626082	0.0622713	0.062245794	0.062611334	0.06263383	0.06241278	0.062222514	0.06271043	0.062272985
ERR6093897	0	dental calculus	0.06272367	0.0626933	0.062222518	0.06272552	0.06270482	0.062303238	0.062654614	0.062579	0.06227131	0.062245797	0.062593944	0.06263471	0.062461838	0.062222518	0.062699005	0.062264215
ERR6093899	0	dental calculus	0.062568486	0.06271084	0.06273223	0.06268868	0.06257104	0.062294282	0.06257482	0.06266788	0.0622645	0.06225556	0.062523805	0.062580876	0.062371068	0.062222578	0.06269985	0.06227353
ERR6093900	0	dental calculus	0.06258751	0.062719956	0.06273223	0.06252138	0.06256264	0.062302765	0.062618	0.06266863	0.062247716	0.062255558	0.06253214	0.062643014	0.062379923	0.062222574	0.062723935	0.06228204
ERR6093901	0	dental calculus	0.06258751	0.06270079	0.06273223	0.062485296	0.06257104	0.062302765	0.06262872	0.06267713	0.062247716	0.062255558	0.062568255	0.06263451	0.062379923	0.062222574	0.062723935	0.06228204
ERR6093902	0	dental calculus	0.06259692	0.06270807	0.06273218	0.062266964	0.06257991	0.062302716	0.06267441	0.06271364	0.062231984	0.062262878	0.062588	0.06267338	0.062455017	0.062222525	0.0627182	0.06227322
ERR6093903	0	dental calculus	0.06262148	0.06269296	0.06273221	0.062397577	0.062616006	0.062294267	0.06262956	0.06261706	0.062239334	0.062253203	0.06263185	0.0626295	0.062411886	0.062222563	0.0627364	0.062274124
ERR6093904	0	dental calculus	0.06272694	0.06277381	0.06222241	0.06223091	0.06271364	0.062311616	0.062715136	0.06264352	0.06222241	0.062253054	0.06270278	0.0627354	0.062457506	0.06222241	0.062778145	0.06229031
ERR6093905	0	dental calculus	0.06272694	0.06278001	0.062229726	0.062230915	0.062704	0.062311623	0.06272422	0.06263621	0.062231872	0.062253058	0.06270279	0.06274533	0.06246384	0.062222417	0.06275691	0.062280133
ERR6093906	0	dental calculus	0.06261658	0.06269864	0.06273217	0.06223101	0.06260755	0.062302705	0.06268346	0.062657595	0.062222514	0.062253155	0.06263181	0.06266603	0.0624707	0.062222514	0.06272976	0.062273815
ERR6093907	0	dental calculus	0.062565565	0.06273684	0.06273964	0.062389106	0.06250414	0.062276065	0.06253048	0.06263054	0.062248845	0.062660754	0.062581114	0.06254975	0.06234087	0.0622985	0.06268946	0.06225833
ERR6093908	0	dental calculus	0.06258456	0.06274586	0.0627396	0.062258508	0.062495638	0.06228451	0.062564485	0.06264037	0.062232032	0.06266072	0.06255391	0.06261182	0.062349685	0.062298466	0.06271351	0.062266327
ERR6093909	0	dental calculus	0.06257731	0.06273696	0.0627396	0.06229323	0.062504075	0.062284507	0.06257332	0.06263781	0.062248804	0.06266071	0.06257858	0.06260383	0.062359035	0.06222257	0.062713325	0.062266324
ERR6093910	0	dental calculus	0.06258454	0.06273694	0.06273959	0.06222256	0.062476873	0.062284496	0.06257358	0.06263124	0.062232018	0.06267047	0.06259905	0.0626118	0.062349673	0.06229845	0.06272239	0.062266313
ERR6093912	0	dental calculus	0.0626836	0.06274812	0.062222492	0.062239997	0.062610015	0.06229344	0.06263312	0.062677495	0.062231947	0.06265087	0.0626683	0.06269038	0.06240215	0.062222492	0.062742606	0.062282983
ERR6093913	0	dental calculus	0.0625775	0.06267397	0.06273222	0.0622762	0.062512465	0.0622845	0.06259074	0.06268854	0.062238887	0.062651694	0.06259668	0.06263812	0.062341932	0.062222566	0.06270768	0.062266316
ERR6093914	0	dental calculus	0.06268336	0.062725104	0.062229834	0.06227474	0.06260219	0.062293466	0.06262533	0.06267573	0.06224875	0.06265089	0.06266832	0.062689915	0.062402178	0.062222518	0.06272466	0.06228301
ERR6093916	0	dental calculus	0.0626735	0.06269485	0.062222585	0.06256674	0.06258432	0.062312763	0.062596574	0.062649176	0.06226405	0.06265331	0.06257653	0.06265835	0.062369347	0.062222585	0.06268117	0.062274158
ERR6093917	0	dental calculus	0.062586404	0.06275324	0.06273959	0.06222256	0.06249542	0.062284496	0.06256369	0.062596016	0.062232018	0.06267047	0.06260753	0.0626118	0.062349673	0.06229845	0.06272239	0.062266253
ERR6093919	0	dental calculus	0.06258642	0.06272881	0.06273961	0.06222258	0.062504716	0.062284514	0.06258163	0.06261257	0.062257376	0.06265319	0.06261473	0.062628545	0.062342484	0.062312797	0.06267214	0.062257897
ERR6093920	0	dental calculus	0.062586404	0.06274508	0.06273959	0.06222256	0.06250409	0.062284496	0.06257358	0.06262128	0.062232018	0.0626607	0.0625985	0.06260331	0.062349673	0.06229845	0.06272239	0.062257875
ERR6093921	0	dental calculus	0.06257606	0.062762514	0.06273959	0.062222555	0.06250516	0.062284492	0.062573574	0.06262309	0.06223201	0.062660694	0.06260752	0.0626033	0.062349666	0.062298443	0.06271349	0.062247824
ERR6093922	0	dental calculus	0.06259299	0.06270937	0.062732235	0.06269775	0.06258737	0.06228268	0.06258388	0.06260934	0.062264502	0.06226452	0.06255338	0.062583014	0.06237107	0.062222578	0.06268022	0.062265094
ERR6093923	0	dental calculus	0.06260291	0.06269126	0.06273961	0.06268868	0.062596396	0.062294286	0.0625946	0.06260045	0.062264502	0.062255565	0.062522374	0.062581606	0.06238043	0.06222258	0.06269967	0.062265094
ERR6093924	0	dental calculus	0.06257505	0.06270507	0.062739626	0.06268869	0.06252215	0.06227605	0.062501974	0.06258298	0.06225506	0.062653325	0.062496882	0.06253663	0.06233139	0.062222596	0.062673174	0.062239356
ERR6093926	0	dental calculus	0.0626808	0.06273476	0.062229823	0.062697686	0.062704206	0.062303238	0.062635325	0.06266768	0.06226444	0.0622555	0.06259327	0.06264374	0.06241421	0.062222514	0.062690005	0.062262803
ERR6093927	0	dental calculus	0.06268704	0.06273965	0.062229797	0.06223098	0.0626292	0.06229343	0.0626529	0.06264379	0.06222248	0.06266062	0.06268624	0.06270029	0.06239278	0.06222248	0.06274259	0.06226575
ERR6093928	0	dental calculus	0.06262994	0.06268388	0.06273954	0.062231008	0.06261595	0.0623027	0.06267273	0.06261564	0.062231965	0.06227182	0.06264077	0.06269305	0.062414374	0.06222251	0.06276046	0.06227367
ERR6093929	0	dental calculus	0.0627054	0.06273461	0.06222248	0.06223098	0.0626292	0.06229343	0.06264217	0.06262448	0.06222248	0.06266062	0.0626946	0.06270029	0.06240846	0.06222248	0.06274259	0.06226575
ERR6093930	0	dental calculus	0.06270603	0.06274996	0.06222248	0.062230982	0.0626292	0.06229343	0.06263311	0.06262448	0.06223194	0.06266062	0.06267719	0.06269222	0.062408462	0.06222248	0.06275167	0.06226575
ERR6093931	0	dental calculus	0.06267537	0.062740944	0.062222503	0.062222503	0.06261071	0.062357288	0.06263173	0.062664546	0.062222503	0.06266064	0.062679484	0.062682234	0.062399212	0.062222503	0.062723085	0.06228474
ERR6093932	0	dental calculus	0.062571324	0.062669344	0.062739596	0.062222563	0.06252154	0.062348325	0.06258029	0.06264802	0.062222563	0.0626607	0.06263391	0.06262996	0.06235608	0.062222563	0.06270515	0.06226806
ERR6093934	0	dental calculus	0.06262222	0.06270065	0.062237166	0.06222254	0.06260111	0.06252921	0.06260471	0.06264462	0.06222254	0.06266068	0.06269605	0.0626827	0.062383853	0.06222254	0.06269481	0.062274594
ERR6093935	0	dental calculus	0.06255793	0.062681966	0.06273223	0.06222257	0.06250468	0.062348332	0.0626036	0.06263813	0.062232025	0.06266071	0.062624946	0.06262997	0.06234977	0.06222257	0.06270516	0.062285423
ERR6093936	0	dental calculus	0.06261656	0.06272615	0.062732145	0.06223099	0.06259789	0.062302683	0.06267271	0.062658556	0.062222492	0.062253136	0.06263246	0.06268496	0.062414356	0.062222492	0.06276896	0.06226347
ERR6093937	0	dental calculus	0.06261655	0.06272368	0.062732145	0.062222492	0.06259004	0.062302683	0.0626722	0.06267584	0.062222492	0.062253132	0.06263246	0.06270081	0.062420677	0.062222492	0.06274885	0.06226347
ERR6093938	0	dental calculus	0.06260664	0.06271815	0.062732145	0.062230986	0.06259004	0.06230268	0.062672704	0.062677875	0.06222249	0.062253132	0.06263245	0.06270081	0.06240499	0.06222249	0.06276896	0.062263466
ERR6093939	0	dental calculus	0.06261656	0.0627198	0.06273215	0.062230997	0.06260753	0.06230269	0.06267272	0.062638685	0.0622225	0.06225314	0.062632464	0.06268497	0.062420685	0.0622225	0.062768966	0.06227366
ERR6093941	0	dental calculus	0.06256203	0.06276761	0.06273961	0.06222258	0.062478494	0.062320355	0.06256449	0.062635295	0.06223204	0.06268191	0.062593326	0.06258259	0.06234176	0.06230653	0.06266868	0.06230268
ERR6093942	0	dental calculus	0.062542066	0.06277049	0.06273961	0.062222578	0.06249687	0.06227291	0.06255623	0.06264821	0.062232032	0.06270834	0.06257609	0.062590376	0.06234248	0.062388793	0.062645674	0.062267244
ERR6093943	0	dental calculus	0.06255236	0.06277876	0.06273957	0.062222544	0.062488288	0.062272877	0.06256481	0.06266345	0.062232	0.06270831	0.06258536	0.06259838	0.06234044	0.062298432	0.062696114	0.0622583
ERR6093945	0	dental calculus	0.062646806	0.06283656	0.062237132	0.062222507	0.06259323	0.062281854	0.06261513	0.062663876	0.062231965	0.06268184	0.062664896	0.0626348	0.062392805	0.0622984	0.06270477	0.06229343
ERR6093946	0	dental calculus	0.062735945	0.06279579	0.062222406	0.062222406	0.0627047	0.062311616	0.06273278	0.06261429	0.062222406	0.06226276	0.062694356	0.062761195	0.062457506	0.062222406	0.062748	0.062291443
ERR6093947	0	dental calculus	0.062753394	0.06275852	0.0622224	0.0622224	0.06270576	0.062311605	0.06273277	0.06261428	0.0622224	0.062253043	0.06270339	0.06276119	0.062457494	0.0622224	0.06277757	0.062281385
ERR6093948	0	dental calculus	0.062753394	0.06275864	0.062222403	0.062222403	0.06269504	0.06231161	0.06273277	0.06265143	0.062222403	0.062253047	0.062694356	0.06276119	0.0624575	0.062222403	0.062760144	0.062281255
ERR6093949	0	dental calculus	0.06265846	0.06270159	0.062732145	0.062222492	0.062608086	0.062302683	0.0626722	0.06261429	0.062222492	0.062253136	0.062632404	0.062708884	0.06241436	0.062222492	0.06276062	0.062273655
ERR6093950	0	dental calculus	0.06273579	0.06279612	0.0622224	0.0622224	0.06270398	0.062311605	0.06272369	0.062662445	0.0622224	0.062253043	0.062703386	0.06273724	0.062454455	0.0622224	0.062757455	0.0622712
ERR6093951	0	dental calculus	0.06262353	0.062736236	0.062732205	0.06222255	0.062522605	0.06229363	0.062600374	0.062616915	0.062232006	0.062550865	0.06261525	0.06264801	0.06239607	0.06222255	0.0627315	0.062255703
ERR6093952	0	dental calculus	0.06258934	0.06273913	0.062732205	0.062222548	0.062498067	0.06228448	0.06259022	0.06264666	0.062222548	0.062641904	0.06261457	0.06262217	0.062355977	0.062270008	0.06272238	0.062247816
ERR6093953	0	dental calculus	0.06264237	0.06273427	0.062732145	0.062222492	0.06259789	0.062302683	0.0626722	0.06261039	0.062231947	0.062253136	0.06264075	0.062675044	0.062420677	0.062222492	0.06277805	0.06226347
ERR6093954	0	dental calculus	0.062753394	0.06275993	0.062222403	0.062222403	0.062722676	0.06231161	0.06273277	0.06260616	0.062222403	0.062253043	0.06270271	0.06274532	0.062463824	0.062222403	0.06277757	0.062281385
ERR6093955	0	dental calculus	0.062715165	0.06275811	0.06222247	0.06222247	0.06263822	0.062293418	0.06265072	0.06261621	0.06222247	0.06264183	0.0626772	0.06270028	0.06240213	0.06222247	0.0627511	0.062265743
ERR6093956	0	dental calculus	0.062753394	0.062758155	0.0622224	0.0622224	0.062722676	0.06231161	0.06273277	0.06261428	0.0622224	0.062253043	0.06270271	0.06274532	0.0624575	0.0622224	0.06277757	0.062281385
ERR6093957	0	dental calculus	0.062753394	0.0627518	0.062222403	0.062222403	0.062722676	0.06231161	0.06273277	0.062614284	0.062222403	0.062253047	0.06270271	0.06274532	0.062463827	0.062222403	0.06277757	0.062281385
ERR6093958	0	dental calculus	0.06256451	0.06271887	0.06273225	0.06268869	0.062486812	0.062276043	0.062492922	0.062609665	0.06225505	0.06264431	0.062506646	0.06255428	0.06231572	0.062222593	0.06268224	0.0622494
ERR6093959	0	dental calculus	0.0625561	0.062710024	0.06273963	0.0626887	0.06250471	0.062276054	0.06250994	0.06258331	0.062264524	0.06264432	0.06251493	0.062536635	0.062315732	0.062222604	0.06267318	0.06225959
ERR6093960	0	dental calculus	0.06259514	0.06272628	0.06273223	0.06268867	0.06256314	0.06229428	0.06258278	0.062582426	0.062264495	0.062245853	0.062540546	0.062607326	0.062380422	0.062222574	0.062708735	0.062265087
ERR6093961	0	dental calculus	0.06255611	0.062679954	0.06273226	0.06268871	0.06249688	0.062276058	0.06250995	0.062582605	0.062264528	0.06265333	0.062524304	0.06255245	0.062315736	0.062222607	0.06268494	0.062259592
ERR6093963	0	dental calculus	0.062594846	0.06273147	0.062739566	0.062222533	0.062495995	0.06228447	0.062590204	0.06263763	0.062231988	0.06267045	0.06261524	0.06264586	0.06235596	0.062222533	0.06271347	0.0622478
ERR6093964	0	dental calculus	0.06250785	0.0626978	0.0627396	0.06222257	0.06250578	0.06245432	0.062564805	0.062646784	0.06223203	0.06266071	0.062615275	0.0626459	0.06234114	0.06222257	0.062695034	0.06224784
ERR6093965	0	dental calculus	0.062594846	0.06273782	0.062739566	0.062222533	0.062505744	0.062284466	0.0625902	0.06263763	0.062231988	0.06266067	0.06261524	0.06264586	0.062349644	0.062222533	0.06271347	0.0622478
ERR6093966	0	dental calculus	0.06259485	0.06273946	0.062739566	0.062222537	0.06251358	0.06228447	0.062590204	0.06263763	0.06223199	0.06266068	0.06262452	0.06263002	0.062355965	0.062222537	0.062704176	0.062247805
ERR6093967	0	dental calculus	0.06258451	0.0627251	0.062739566	0.062222533	0.06252248	0.06228447	0.062599264	0.062648155	0.06223199	0.06266067	0.06260621	0.06263002	0.062349644	0.062222533	0.062725045	0.062247805
ERR6093968	0	dental calculus	0.06268972	0.062785886	0.062229794	0.062222477	0.06262969	0.062293425	0.06264166	0.062634334	0.06223193	0.062651604	0.062677205	0.06270029	0.062392775	0.062222477	0.062731005	0.062265746
ERR6093969	0	dental calculus	0.06258451	0.06275282	0.062739566	0.062222533	0.0625226	0.062284466	0.0625902	0.06263816	0.062231988	0.06266067	0.06260902	0.06263002	0.062349644	0.062222533	0.06271347	0.0622478
ERR6093970	0	dental calculus	0.062602505	0.06272886	0.062739566	0.062222537	0.062531	0.06228447	0.062590204	0.06263781	0.06223199	0.06265292	0.062606215	0.06262957	0.062349647	0.062222537	0.06272237	0.062247805
ERR6093972	0	dental calculus	0.062588185	0.06263409	0.06273227	0.06272511	0.06256185	0.06229432	0.062575415	0.06259348	0.062280867	0.062245894	0.06251489	0.06256456	0.0624187	0.062222615	0.062690966	0.062356777
ERR6096533	0	dental calculus	0.06258816	0.06271259	0.06273224	0.06268869	0.062561825	0.062282693	0.06257399	0.06261346	0.06225505	0.06224587	0.062527254	0.06257356	0.06238676	0.06222259	0.06269894	0.062336337
ERR6096535	0	dental calculus	0.06256935	0.06271352	0.06273225	0.06268869	0.06255398	0.0622943	0.06256468	0.062612765	0.062255055	0.062245872	0.062514216	0.062589385	0.062377404	0.062222593	0.06270932	0.062356614
ERR6096536	0	dental calculus	0.06257926	0.06269187	0.06273225	0.06268869	0.06256183	0.0622943	0.062574	0.062613465	0.062264517	0.062245876	0.062513605	0.06257356	0.062386762	0.062222596	0.06272107	0.06233634
ERR6096537	0	dental calculus	0.062753394	0.0627518	0.062222403	0.062222403	0.062722676	0.06231161	0.06273277	0.062614284	0.062222403	0.062253047	0.06270271	0.06274532	0.062463827	0.062222403	0.06277757	0.062281385
ERR6096538	0	dental calculus	0.062753394	0.0627518	0.062222403	0.062222403	0.062722676	0.06231161	0.06273277	0.062614284	0.062222403	0.062253047	0.06270271	0.06274532	0.062463827	0.062222403	0.06277757	0.062281385
ERR6096539	0	dental calculus	0.062753394	0.0627518	0.062222403	0.062222403	0.062722676	0.06231161	0.06273277	0.062614284	0.062222403	0.062253047	0.06270271	0.06274532	0.062463827	0.062222403	0.06277757	0.062281385
ERR6096540	0	dental calculus	0.062753394	0.0627518	0.062222403	0.062222403	0.062722676	0.06231161	0.06273277	0.062614284	0.062222403	0.062253047	0.06270271	0.06274532	0.062463827	0.062222403	0.06277757	0.062281385
ERR6096541	0	dental calculus	0.06264951	0.06271073	0.062732145	0.062230993	0.062615335	0.062302686	0.06267271	0.06261893	0.062222496	0.062253136	0.062622674	0.06269304	0.06242068	0.062222496	0.06276896	0.062263474
ERR6096542	0	dental calculus	0.06274304	0.06276017	0.062222406	0.062230904	0.06271303	0.062311612	0.06272421	0.06265441	0.062222406	0.062253047	0.062694356	0.0627354	0.062463827	0.062222406	0.06277758	0.062271204
ERR6096543	0	dental calculus	0.06273461	0.06275024	0.062222417	0.062230915	0.06271419	0.062311623	0.06272422	0.06263361	0.062231872	0.06225306	0.06270272	0.06274534	0.062463842	0.062222417	0.06276906	0.06228984
ERR6096544	0	dental calculus	0.06274304	0.062743016	0.062222406	0.062230907	0.062713034	0.062311612	0.06272421	0.0626717	0.062222406	0.06225305	0.062702715	0.0627354	0.06246383	0.062222406	0.062769055	0.062271208
ERR6096545	0	dental calculus	0.062558405	0.06272799	0.06273219	0.062222533	0.062495656	0.062284466	0.06258145	0.06266529	0.062231988	0.06267808	0.06262371	0.06264586	0.062349644	0.062222533	0.06272236	0.06225785
ERR6096547	0	dental calculus	0.062622696	0.06276127	0.06273215	0.0622225	0.06257995	0.06230269	0.062672205	0.06262959	0.062231954	0.062271807	0.06263241	0.0626909	0.062405	0.0622225	0.06274886	0.062273525
ERR6096548	0	dental calculus	0.06257721	0.06273782	0.062739566	0.062222533	0.062495656	0.06228447	0.06259051	0.06263763	0.06223199	0.0626871	0.06261524	0.06264586	0.062349644	0.062222533	0.06270439	0.06225785
ERR6096549	0	dental calculus	0.06259485	0.06272032	0.062739566	0.062222537	0.06250405	0.062284473	0.062590204	0.06264683	0.06223199	0.062651664	0.06261524	0.06264586	0.062349647	0.062222537	0.06272237	0.062257852
ERR6096550	0	dental calculus	0.06268913	0.06281116	0.062222462	0.062222462	0.06260329	0.06229341	0.06264164	0.06264888	0.06223192	0.06264182	0.06268623	0.0627062	0.062392764	0.062222462	0.06273061	0.062255554
ERR6096551	0	dental calculus	0.06260419	0.06274557	0.0627322	0.06223104	0.06253278	0.062284477	0.062581666	0.06258163	0.062232	0.06265092	0.06260622	0.062655784	0.06235901	0.062222544	0.062722	0.062257994
ERR6096552	0	dental calculus	0.062613815	0.0627251	0.062739566	0.062222537	0.062502764	0.06228447	0.062599264	0.06259294	0.06223199	0.06267045	0.06259716	0.06263809	0.062359	0.062222537	0.062742464	0.062257852
ERR6096554	0	dental calculus	0.0626893	0.06277462	0.062229794	0.06223098	0.06262074	0.062293425	0.06264217	0.062637694	0.062231936	0.062651604	0.062677205	0.06269814	0.062402137	0.062222477	0.06274221	0.06225557
ERR6096555	0	dental calculus	0.062629156	0.062685184	0.06273223	0.062433627	0.06258974	0.062294282	0.062637545	0.06260008	0.06223935	0.06225322	0.06258737	0.06263942	0.0624119	0.062222574	0.06274493	0.062299382
ERR6096557	0	dental calculus	0.06270487	0.06266832	0.062222563	0.06268866	0.06266965	0.062269624	0.06256703	0.0625238	0.062255025	0.062255546	0.0625653	0.06262454	0.062420297	0.062222563	0.06270213	0.062640086
ERR6096570	0	dental calculus	0.06272407	0.06272314	0.062222507	0.062433556	0.0626773	0.062303226	0.06269977	0.06261737	0.06223928	0.062262844	0.06265693	0.062691696	0.06245506	0.062222507	0.062753566	0.062317193
ERR6096574	0	dental calculus	0.062714644	0.06264917	0.06222256	0.062688656	0.06268818	0.06226962	0.06257775	0.0625238	0.06225502	0.06224584	0.06257425	0.06262453	0.062420294	0.06222256	0.06270212	0.06262101
ERR6096575	0	dental calculus	0.062707216	0.06277304	0.06222979	0.06222247	0.06261115	0.062293418	0.062650725	0.0626369	0.062231928	0.06266061	0.062677175	0.0626922	0.06239277	0.06222247	0.06274258	0.06225556
ERR6096576	0	dental calculus	0.06258452	0.062707886	0.062739566	0.062222537	0.0625119	0.062284473	0.06259015	0.062639065	0.062231995	0.06266068	0.06261524	0.062648	0.062349647	0.062222537	0.06273395	0.062257852
ERR6096579	0	dental calculus	0.0627075	0.06276814	0.062229786	0.06222247	0.06261114	0.062293418	0.06263254	0.062646054	0.06222247	0.06264183	0.062686235	0.06270028	0.06240845	0.06222247	0.062751666	0.062255558
ERR6096580	0	dental calculus	0.06267936	0.062780775	0.062222466	0.062222466	0.06261114	0.062293414	0.06264165	0.062665775	0.06223192	0.062660605	0.06268623	0.062690355	0.06238417	0.062222466	0.06275166	0.062255554
ERR6096581	0	dental calculus	0.06254252	0.06270407	0.06273964	0.06255629	0.062487263	0.06228454	0.062536225	0.06265837	0.062264528	0.06265333	0.06251512	0.0625732	0.062316	0.062222607	0.06268837	0.062257923
ERR6096582	0	dental calculus	0.06254162	0.06273047	0.06273962	0.062433638	0.06249559	0.06227604	0.06255557	0.06268692	0.06223936	0.062660724	0.062579334	0.06256795	0.062340844	0.062222585	0.062680356	0.062249392
ERR6096739	0	dental calculus	0.0625687	0.06271158	0.06273963	0.062521406	0.062486697	0.062284533	0.062544025	0.06264973	0.06224774	0.062653325	0.062497616	0.06258358	0.06232458	0.0622226	0.06270634	0.062257916
ERR6096740	0	dental calculus	0.06254968	0.06267114	0.062739626	0.06269777	0.062486697	0.06227605	0.06252064	0.06264048	0.062264517	0.062653325	0.062497616	0.06252998	0.062315725	0.062222596	0.06268475	0.062249403
ERR6096741	0	dental calculus	0.06261825	0.06269974	0.06273219	0.062293198	0.06258811	0.062302727	0.06266442	0.06265724	0.062248766	0.062262885	0.06259629	0.06266682	0.0624144	0.062222537	0.06276048	0.062271953
ERR6096742	0	dental calculus	0.0627218	0.06275235	0.062229723	0.062222414	0.06269388	0.06231162	0.062732786	0.0626572	0.062231872	0.062253058	0.06271177	0.06274533	0.06246384	0.062222414	0.06276868	0.062281266
ERR6096743	0	dental calculus	0.06259759	0.06272131	0.06273221	0.062389053	0.06259742	0.062294263	0.06263811	0.0626295	0.062239334	0.062253203	0.06263252	0.06263941	0.06240556	0.06222256	0.062724255	0.062283695
ERR6096744	0	dental calculus	0.06262665	0.06272148	0.06273955	0.062257227	0.06261596	0.06230271	0.06265534	0.062630154	0.06224875	0.062253162	0.062624134	0.062656894	0.062414385	0.062222518	0.0627574	0.06227368
ERR6096745	0	dental calculus	0.06264045	0.06272799	0.062732145	0.062230993	0.062606305	0.062302683	0.062663645	0.06261893	0.062222492	0.062253136	0.062632404	0.06269303	0.06242068	0.062222492	0.062769145	0.062263474
ERR6096746	0	dental calculus	0.06264045	0.06273975	0.062732145	0.062222492	0.062615335	0.062302683	0.06268127	0.06261893	0.062222492	0.062253132	0.06262337	0.06269303	0.062420677	0.062222492	0.06274829	0.06226347
ERR6096747	0	dental calculus	0.06273537	0.062796205	0.062222406	0.062222406	0.06270291	0.062311616	0.06273278	0.062636204	0.062231865	0.06225305	0.062694356	0.062745325	0.06246383	0.062222406	0.062748	0.06228126
ERR6096748	0	dental calculus	0.06272693	0.06276669	0.062222403	0.062222403	0.06271303	0.062311612	0.06273277	0.062636204	0.06223186	0.062253047	0.062702715	0.062745325	0.062463827	0.062222403	0.06277757	0.062271204
ERR6096749	0	dental calculus	0.06273537	0.062767796	0.062222406	0.062230904	0.062722676	0.062311612	0.06272421	0.062616326	0.062222406	0.06225305	0.062702715	0.062745325	0.06246383	0.062222406	0.06277758	0.06228139
ERR6096752	0	dental calculus	0.062735364	0.06277616	0.062222406	0.062230904	0.06271364	0.062311612	0.06272421	0.062616326	0.062222406	0.06225305	0.06270339	0.062745325	0.06246383	0.062222406	0.06277758	0.06228139
ERR6096755	0	dental calculus	0.06273537	0.062767796	0.062222406	0.062230904	0.062722676	0.062311612	0.06272421	0.062616326	0.062222406	0.06225305	0.062702715	0.062745325	0.06246383	0.062222406	0.06277758	0.06228139
ERR6096759	0	dental calculus	0.062735364	0.06276042	0.062229715	0.062222406	0.062722676	0.062311612	0.06273278	0.062616326	0.062222406	0.06225305	0.062702715	0.062745325	0.06246383	0.062222406	0.06277758	0.06228139
ERR6096760	0	dental calculus	0.06274572	0.062759474	0.062222403	0.062222403	0.062722676	0.06231161	0.06273277	0.062614284	0.062222403	0.062253047	0.06270271	0.06274532	0.062463827	0.062222403	0.06277757	0.062281385
ERR6096762	0	dental calculus	0.06265003	0.062723845	0.06273215	0.062222496	0.06262497	0.062302686	0.06268127	0.06259703	0.062222496	0.06225314	0.062631726	0.06269304	0.06242068	0.062222496	0.06274829	0.062273655
ERR6096764	0	dental calculus	0.06271517	0.06273601	0.062229794	0.062222477	0.06263823	0.062293425	0.062650725	0.062616214	0.062222477	0.06264184	0.062685564	0.06270029	0.06240846	0.062222477	0.06275111	0.062265746
ERR6096766	0	dental calculus	0.062737286	0.06277623	0.0622224	0.0622224	0.062722676	0.06231161	0.06273277	0.062605985	0.0622224	0.062253043	0.06270271	0.06274532	0.062463824	0.0622224	0.06277757	0.062281385
ERR6096776	0	dental calculus	0.0625837	0.062708184	0.0627322	0.062222544	0.06254063	0.062284477	0.06259927	0.06262738	0.062232	0.06265167	0.062614694	0.062648006	0.062349655	0.062222544	0.06272506	0.062257994
ERR6096784	0	dental calculus	0.06258452	0.06271623	0.0627322	0.06222254	0.06252438	0.062284473	0.06259927	0.0626355	0.062231995	0.062651664	0.062606215	0.06265578	0.06234965	0.06222254	0.06272505	0.06225799
ERR6096796	0	dental calculus	0.06258452	0.062728696	0.06273219	0.062222537	0.06252316	0.06228447	0.062599264	0.062647074	0.06223199	0.062651664	0.062606215	0.062663846	0.062349647	0.062222537	0.06270439	0.062247805
ERR6096814	0	dental calculus	0.06258451	0.06272497	0.062739566	0.062222533	0.0625226	0.06228447	0.062590204	0.06265717	0.062231988	0.06265166	0.06260621	0.06263002	0.062349644	0.062222533	0.06273413	0.0622478
ERR6096818	0	dental calculus	0.06264237	0.062724814	0.062732145	0.062222492	0.06261594	0.062302683	0.0626722	0.06260599	0.062222492	0.062253136	0.06264075	0.06268496	0.062414356	0.062222492	0.062769525	0.062273655
ERR6096822	0	dental calculus	0.0626508	0.062733166	0.062732145	0.062222492	0.06259682	0.062302683	0.06268127	0.06263577	0.062222492	0.062253136	0.062623374	0.062675044	0.062414356	0.062222492	0.062760435	0.06227352
ERR6096826	0	dental calculus	0.062737286	0.06279004	0.062222403	0.062222403	0.06271303	0.06231161	0.06273277	0.062635764	0.062231857	0.062253047	0.06270271	0.06272732	0.0624575	0.062222403	0.06276867	0.062271204
ERR6096829	0	dental calculus	0.06272693	0.06279841	0.062222403	0.062222403	0.062722676	0.06231161	0.06273277	0.062616326	0.06223186	0.062253047	0.062694356	0.06273724	0.062457502	0.062222403	0.06276867	0.06228139
ERR6096835	0	dental calculus	0.06273022	0.06275202	0.062222403	0.062222403	0.062696	0.06231161	0.06274076	0.06268278	0.062222403	0.062253047	0.062703446	0.062745325	0.062463827	0.062222403	0.062760144	0.062271204
ERR6096842	0	dental calculus	0.0626508	0.06271073	0.062732145	0.062222492	0.06261594	0.062302683	0.06268127	0.06259702	0.062222492	0.062253136	0.06263246	0.06269303	0.06242068	0.062222492	0.06276896	0.062273655
ERR6096847	0	dental calculus	0.06273729	0.06277624	0.062222406	0.062222406	0.06270351	0.062311612	0.06273278	0.062624194	0.062222406	0.06225305	0.06270345	0.0627354	0.06246383	0.062222406	0.06277758	0.062291443
ERR6096853	0	dental calculus	0.06263203	0.062727526	0.062732145	0.062222492	0.06261594	0.062302683	0.06268127	0.062607355	0.062222492	0.062253136	0.062624104	0.06269303	0.06242068	0.062222492	0.06276896	0.062273655
ERR6096886	0	dental calculus	0.062587276	0.062701404	0.06273223	0.06268867	0.062578954	0.062294275	0.06258387	0.06264946	0.06225503	0.06224585	0.0625231	0.06258344	0.062377382	0.06222257	0.06271142	0.062265087
ERR6096922	0	dental calculus	0.06259719	0.06270141	0.06273223	0.062697746	0.06257896	0.06229428	0.06258388	0.06263015	0.062255032	0.062245853	0.0625231	0.06258344	0.06238674	0.062222574	0.06270234	0.062265087
ERR6096923	0	dental calculus	0.06259719	0.06267433	0.06273223	0.06273414	0.06257896	0.062294282	0.06258388	0.06263015	0.062271364	0.062245857	0.062523104	0.06258345	0.062379	0.062222578	0.062684394	0.06226509
ERR6096924	0	dental calculus	0.062597185	0.062701404	0.06273222	0.06268867	0.062578954	0.062294275	0.06257481	0.06263864	0.06225503	0.06224585	0.062513486	0.062574945	0.062386736	0.06222257	0.06273013	0.062265083
ERR6096925	0	dental calculus	0.062594436	0.062738016	0.06273958	0.06222255	0.062487084	0.062284485	0.06258996	0.06260055	0.062232006	0.062660694	0.06261525	0.062653944	0.062359013	0.06222255	0.06270441	0.06229547
ERR6096926	0	dental calculus	0.062689304	0.06276624	0.06223711	0.062222484	0.062602155	0.062293433	0.062632546	0.06263844	0.06223194	0.06266063	0.06267721	0.06269815	0.062402144	0.062222484	0.06275168	0.062274057
ERR6096927	0	dental calculus	0.06268843	0.06278239	0.062229794	0.062222473	0.06259246	0.06229342	0.062641606	0.062666275	0.06223193	0.06267039	0.062668145	0.06269814	0.06239277	0.062222473	0.06273369	0.062265612
ERR6096928	0	dental calculus	0.06260347	0.06274596	0.06273957	0.06222254	0.062496204	0.062284473	0.062590204	0.06262055	0.062231995	0.06266068	0.06259717	0.06264587	0.062359005	0.06222254	0.062713474	0.06226629
ERR6096929	0	dental calculus	0.06274572	0.062759474	0.062222403	0.062222403	0.06271363	0.06231161	0.06273277	0.062614284	0.062222403	0.062253047	0.06271175	0.06274532	0.062463827	0.062222403	0.06277757	0.062281385
ERR6096930	0	dental calculus	0.06274572	0.06276779	0.062222403	0.062222403	0.06271363	0.06231161	0.06273277	0.062605985	0.062222403	0.062253043	0.06271175	0.06274532	0.062463824	0.062222403	0.06277757	0.062281385
ERR6096931	0	dental calculus	0.06274573	0.062759	0.062222403	0.062222403	0.06271363	0.06231161	0.06273277	0.062623255	0.062222403	0.062253047	0.06271175	0.062745325	0.062463827	0.062222403	0.06276905	0.06228139
ERR6096932	0	dental calculus	0.06274572	0.06276779	0.062222403	0.062222403	0.06271363	0.06231161	0.06273277	0.062605985	0.062222403	0.062253043	0.06271175	0.06274532	0.062463824	0.062222403	0.06277757	0.062281385
ERR6096933	0	dental calculus	0.06269146	0.06270635	0.062222537	0.06268883	0.06270375	0.062303256	0.06261612	0.0625817	0.062271327	0.062245816	0.06263019	0.06264376	0.062422168	0.062222537	0.06271953	0.062330678
ERR6096934	0	dental calculus	0.062691435	0.06270633	0.062222514	0.06272501	0.062713854	0.062303234	0.062635325	0.0626103	0.062271304	0.062245794	0.06259402	0.06264374	0.062422145	0.062222514	0.06271951	0.062272985
ERR6096935	0	dental calculus	0.06270693	0.06271276	0.062222518	0.06272501	0.062713854	0.062303238	0.06263533	0.062579	0.06228872	0.062245797	0.06259403	0.062643744	0.06242215	0.062222518	0.06271142	0.06227299
ERR6096937	0	dental calculus	0.06269146	0.06269739	0.06222253	0.06272502	0.062695056	0.062303253	0.06263534	0.06258404	0.06227132	0.06224581	0.062602326	0.06264375	0.06242216	0.06222253	0.062719524	0.062318485
ERR6096955	0	dental calculus	0.06255575	0.06272744	0.06273964	0.062697776	0.062470432	0.062276058	0.06247518	0.06262185	0.062264528	0.06266275	0.06248144	0.062517695	0.062307153	0.062298495	0.06265439	0.062249415
ERR6097155	0	dental calculus	0.06255667	0.06271633	0.062739626	0.06268869	0.062486812	0.062276047	0.06249453	0.06262144	0.062264513	0.062653325	0.06250607	0.0625359	0.062315725	0.062222593	0.06267233	0.0622494
ERR6097156	0	dental calculus	0.0625466	0.062736206	0.06273963	0.0626887	0.06246926	0.062286086	0.06247508	0.06260501	0.062264524	0.06265333	0.06251436	0.062535904	0.062315732	0.062222604	0.06266345	0.06228351
ERR6097514	0	dental calculus	0.06253115	0.06271857	0.06273966	0.062697805	0.062455256	0.062276088	0.062474977	0.06258744	0.062264554	0.06265463	0.06253412	0.062476117	0.06230798	0.062393032	0.06263074	0.062257875
ERR6097549	0	dental calculus	0.06258512	0.06275354	0.06273222	0.062222566	0.062494386	0.062284503	0.062555715	0.062613815	0.062232025	0.06266071	0.06259848	0.06262172	0.06234968	0.062298458	0.062713504	0.06228355
ERR6097552	0	dental calculus	0.06257605	0.062745966	0.06273957	0.06222254	0.062487196	0.062284477	0.06258031	0.06264874	0.062232	0.062651664	0.062623724	0.06263737	0.06234965	0.06222254	0.062713474	0.06228472
ERR6097573	0	dental calculus	0.06259352	0.06272814	0.06273958	0.062222548	0.06251333	0.06228448	0.06259021	0.06263938	0.062232003	0.06265167	0.06261467	0.06260997	0.06234966	0.062222548	0.06272507	0.062283233
ERR6097575	0	dental calculus	0.062585995	0.06273748	0.0627396	0.062222574	0.062495023	0.06228451	0.062563695	0.062622614	0.06223203	0.0626517	0.062607534	0.062611386	0.06235904	0.06229846	0.062703595	0.062284753
ERR6097576	0	dental calculus	0.06271638	0.06275003	0.06222249	0.062433537	0.06271264	0.062303208	0.062681034	0.06262444	0.062239263	0.062253132	0.06266661	0.06269167	0.062455043	0.06222249	0.06274503	0.06228301
ERR6097577	0	dental calculus	0.062706925	0.06274051	0.062222507	0.062688604	0.06271385	0.062303226	0.06263532	0.062587954	0.06225497	0.062245786	0.062602304	0.06264373	0.06242989	0.062222507	0.06272895	0.062272977
ERR6097579	0	dental calculus	0.06270089	0.06274293	0.06222249	0.06243354	0.06271264	0.06230321	0.062681034	0.06263849	0.062239263	0.062253132	0.06266661	0.06269167	0.062455043	0.06222249	0.06275355	0.06228301
ERR6097580	0	dental calculus	0.062706605	0.06276718	0.06222249	0.06243354	0.06271264	0.06230321	0.062681034	0.06260717	0.062239263	0.06226284	0.06265826	0.06269167	0.062455043	0.06222249	0.06275355	0.06228301
ERR6097581	0	dental calculus	0.06258511	0.062761776	0.06273959	0.062222555	0.06250516	0.06228449	0.06256447	0.06261556	0.06223201	0.062660694	0.06259847	0.0626118	0.062349666	0.062298443	0.062722385	0.062247824
ERR6097583	0	dental calculus	0.06257604	0.062755756	0.062739566	0.062231034	0.06251358	0.06228447	0.06257255	0.06264082	0.06223199	0.06266068	0.06262372	0.06263002	0.06235596	0.062222537	0.06271347	0.062247805
ERR6097619	0	dental calculus	0.062576056	0.0627361	0.06273958	0.062231045	0.06250493	0.06228448	0.06257256	0.06263099	0.062232003	0.06266069	0.062623724	0.062630035	0.06234966	0.062222548	0.06272238	0.062283233
ERR6097621	0	dental calculus	0.06257604	0.062763944	0.06273956	0.06222253	0.06250506	0.062284466	0.062581085	0.06263229	0.062231984	0.06266067	0.06262371	0.06263002	0.062355958	0.06222253	0.06272236	0.062247798
ERR6097622	0	dental calculus	0.062567376	0.062744565	0.062732205	0.06225726	0.062504075	0.06228449	0.06257335	0.06263135	0.062248785	0.062660694	0.06262373	0.06261964	0.062349666	0.062222555	0.062722385	0.06225787
ERR6097623	0	dental calculus	0.06257632	0.06274375	0.06273223	0.06268011	0.06257951	0.062294275	0.06258336	0.062594205	0.06226449	0.06224585	0.062540546	0.062599264	0.06237106	0.06222257	0.062707365	0.062265087
ERR6097625	0	dental calculus	0.062575474	0.0627226	0.062732235	0.06268012	0.062571116	0.062294282	0.062592424	0.06261002	0.0622645	0.06225556	0.06252332	0.06259927	0.062371068	0.062222578	0.062711425	0.06227401
ERR6097626	0	dental calculus	0.06256657	0.06273164	0.062732235	0.06268012	0.06257952	0.062294282	0.062592424	0.06259411	0.0622645	0.06226452	0.06254055	0.06258937	0.062371068	0.062222578	0.062711425	0.062265094
ERR6097627	0	dental calculus	0.062753394	0.0627518	0.062222403	0.062222403	0.062722676	0.06231161	0.06273277	0.062614284	0.062222403	0.062253047	0.06270271	0.06274532	0.062463827	0.062222403	0.06277757	0.062281385
ERR6097628	0	dental calculus	0.06274572	0.06276755	0.062222403	0.062222403	0.062722676	0.06231161	0.06273277	0.062614284	0.062222403	0.062253047	0.06270271	0.06273724	0.062463827	0.062222403	0.06277757	0.062281385
ERR6097629	0	dental calculus	0.062753394	0.0627518	0.062222403	0.062222403	0.062722676	0.06231161	0.06273277	0.062614284	0.062222403	0.062253047	0.06270271	0.06274532	0.062463827	0.062222403	0.06277757	0.062281385
ERR6097630	0	dental calculus	0.062753394	0.062758155	0.0622224	0.0622224	0.062722676	0.06231161	0.06273277	0.06261428	0.0622224	0.062253043	0.06270271	0.06274532	0.0624575	0.0622224	0.06277757	0.062281385
ERR6097759	0	dental calculus	0.06255668	0.06271792	0.06273963	0.0626887	0.06246066	0.06229528	0.062500894	0.06261147	0.06226452	0.062654085	0.06250608	0.06254439	0.062315732	0.0622226	0.062663525	0.06225784
ERR6098066	0	dental calculus	0.062558785	0.06270991	0.06273965	0.062688716	0.062470414	0.062339887	0.062491026	0.062602475	0.062264536	0.06264358	0.062506095	0.062534854	0.062315747	0.062222615	0.06265387	0.062257856
ERR6098349	0	dental calculus	0.062541924	0.06272747	0.06273225	0.06268869	0.06246188	0.062264446	0.06250088	0.06265148	0.062264513	0.06264355	0.0625371	0.0625359	0.06231572	0.062222593	0.06265377	0.062257834
ERR6098517	0	dental calculus	0.06255667	0.06272406	0.06273225	0.06268869	0.062470395	0.06226445	0.06251159	0.06261996	0.062264517	0.06264431	0.06250877	0.0625359	0.062315725	0.062222596	0.06267336	0.062266752
ERR6098519	0	dental calculus	0.06272693	0.06278226	0.062222403	0.062222403	0.062686004	0.06231161	0.06273277	0.06266339	0.062222403	0.062253047	0.06270339	0.06274318	0.0624575	0.062222403	0.06276905	0.062281255
ERR6098520	0	dental calculus	0.06259443	0.062699854	0.06273957	0.06223104	0.062513076	0.062284477	0.06258166	0.06263768	0.062232	0.062651664	0.0625966	0.06264587	0.062359005	0.06222254	0.06275268	0.062257856
ERR6098552	0	dental calculus	0.062632024	0.06271815	0.06273952	0.062222492	0.062579945	0.062302683	0.06268127	0.06264611	0.062222492	0.062253136	0.062632404	0.06269896	0.062414356	0.062222492	0.062760435	0.062273517
ERR6098553	0	dental calculus	0.06259422	0.06272333	0.0627322	0.062231038	0.0625035	0.062284473	0.06259072	0.06264887	0.062231995	0.0626419	0.06262372	0.06263003	0.06234965	0.06222254	0.06273395	0.062257856
ERR6098554	0	dental calculus	0.062753394	0.06276658	0.0622224	0.0622224	0.062695555	0.062311605	0.06273276	0.06263415	0.0622224	0.06225304	0.062711746	0.06274532	0.062457494	0.0622224	0.06277757	0.062271196
ERR6098555	0	dental calculus	0.06274495	0.062774956	0.062222395	0.062222395	0.06271302	0.062311605	0.06273276	0.06263415	0.062222395	0.06225304	0.06269435	0.06274532	0.062457494	0.062222395	0.062777564	0.062271196
ERR6098556	0	dental calculus	0.06275402	0.06278386	0.062222395	0.062222395	0.06271302	0.0623116	0.06273276	0.06263415	0.062222395	0.06225304	0.062675655	0.06274532	0.06245749	0.062222395	0.06277831	0.062271196
ERR6098557	0	dental calculus	0.062650025	0.06271796	0.062732145	0.06222249	0.062606916	0.06230268	0.062681265	0.062616885	0.06222249	0.062253132	0.06263172	0.06269303	0.06241435	0.06222249	0.06276896	0.062263466
ERR6098559	0	dental calculus	0.062602505	0.06269645	0.062739566	0.062222537	0.06252316	0.06228447	0.06258109	0.06265364	0.06223199	0.06266068	0.062606215	0.06265534	0.062349647	0.062222537	0.06272237	0.062247805
ERR6098560	0	dental calculus	0.062602505	0.06271342	0.06273957	0.06222254	0.06251307	0.062284473	0.0625811	0.06264506	0.062231995	0.06266068	0.06261619	0.06264587	0.06234965	0.06222254	0.062713474	0.062257856
ERR6098730	0	dental calculus	0.062594034	0.06270444	0.062739566	0.062222537	0.062531	0.062284473	0.06258109	0.062663555	0.06223199	0.06266068	0.06261469	0.06262959	0.062349647	0.062222537	0.06272237	0.062247805
ERR6098929	0	dental calculus	0.06268894	0.06275377	0.062237136	0.06222251	0.06261232	0.06229346	0.062615916	0.06266413	0.062231965	0.06266065	0.06267887	0.06267141	0.06239281	0.0622984	0.06272214	0.0622556
ERR6098930	0	dental calculus	0.06266042	0.062740475	0.062229883	0.0624251	0.06261298	0.06228504	0.062581904	0.06262689	0.062248807	0.0626517	0.06263394	0.06264428	0.062384013	0.062298466	0.06271877	0.062257335
ERR6098932	0	dental calculus	0.062601045	0.062703274	0.06273222	0.062425092	0.06260756	0.06229427	0.062629	0.06266467	0.0622488	0.062271874	0.0625873	0.062645346	0.062396206	0.062222566	0.06271575	0.062255036
ERR6098934	0	dental calculus	0.0625658	0.06268454	0.06273226	0.06268014	0.062505305	0.06227605	0.06250147	0.06262808	0.06226452	0.06263455	0.062523395	0.06254396	0.06231573	0.0622226	0.06268225	0.06223936
ERR6098936	0	dental calculus	0.06258312	0.06269091	0.06273226	0.062425125	0.06252444	0.062276054	0.062556155	0.062617116	0.062248833	0.06265172	0.06257014	0.06259184	0.06235021	0.0622226	0.06270992	0.06224954
ERR6098937	0	dental calculus	0.06274572	0.06276779	0.062222403	0.062222403	0.062722676	0.06231161	0.06273277	0.062605985	0.062222403	0.062253043	0.06270271	0.06274532	0.062463824	0.062222403	0.06277757	0.062281385
ERR6098938	0	dental calculus	0.06274572	0.062774144	0.0622224	0.0622224	0.06272267	0.062311605	0.06273277	0.062605985	0.0622224	0.062253043	0.06270271	0.06274532	0.062457494	0.0622224	0.06277757	0.06228138
ERR6098939	0	dental calculus	0.06274572	0.06276779	0.062222403	0.062222403	0.062722676	0.06231161	0.06273277	0.062605985	0.062222403	0.062253043	0.06270271	0.06274532	0.062463824	0.062222403	0.06277757	0.062281385
ERR6098940	0	dental calculus	0.06274572	0.06276779	0.0622224	0.0622224	0.062722676	0.06231161	0.06272369	0.062605985	0.0622224	0.062253043	0.06270271	0.06274532	0.062463824	0.0622224	0.06278666	0.062281385
ERR6098982	0	dental calculus	0.062594436	0.06274638	0.062732205	0.06223105	0.06251182	0.062284485	0.06258196	0.06264759	0.062222548	0.06265167	0.06260622	0.062630035	0.062359013	0.062222548	0.06269449	0.06228353
ERR6098983	0	dental calculus	0.062613234	0.06273317	0.06273219	0.062231038	0.06251251	0.062284473	0.06259072	0.062628664	0.06222254	0.06265091	0.06259716	0.06263003	0.062359	0.06222254	0.06273395	0.062257856
ERR6098984	0	dental calculus	0.06270664	0.0627661	0.06222979	0.06223098	0.06261971	0.06229343	0.06264217	0.06263549	0.06222248	0.06265085	0.062676504	0.06269221	0.06239278	0.06222248	0.06274259	0.062275797
ERR6098985	0	dental calculus	0.06259443	0.06275243	0.06273219	0.062231038	0.06251359	0.062284473	0.06259072	0.06262054	0.062231995	0.06266068	0.062615246	0.06263003	0.062359	0.06222254	0.06271329	0.06224781
ERR6098990	0	dental calculus	0.0627009	0.06272324	0.0622225	0.062433552	0.06269705	0.06230322	0.062699765	0.062628806	0.062239274	0.062253144	0.062667355	0.06269169	0.062455054	0.0622225	0.06275356	0.0623084
ERR6099166	0	dental calculus	0.06270694	0.062729605	0.06222252	0.06268862	0.06268814	0.06230324	0.06265404	0.06256102	0.062254984	0.0622458	0.06259409	0.062643744	0.062429905	0.06222252	0.06273748	0.06231734
ERR6099349	0	dental calculus	0.062716395	0.06273912	0.062222503	0.062433552	0.062686935	0.062303223	0.062699765	0.06259749	0.062239274	0.062253144	0.0626677	0.06269169	0.06244578	0.062222503	0.06275356	0.06232738
ERR6099809	0	dental calculus	0.06271645	0.06266411	0.062222555	0.062433608	0.06269711	0.062269617	0.062623434	0.06256025	0.06223933	0.0622532	0.06262128	0.06266344	0.06249548	0.062222555	0.06269643	0.06262115
ERR6099810	0	dental calculus	0.062565304	0.06266328	0.062229894	0.0626525	0.06266917	0.06267108	0.06260915	0.06260678	0.06225504	0.062245857	0.062666155	0.06265008	0.06241436	0.062222578	0.06259568	0.0622831
ERR6099811	0	dental calculus	0.06246254	0.062633626	0.0627323	0.0624337	0.06251352	0.062558554	0.06250171	0.062609404	0.062239423	0.06264201	0.06260566	0.06260073	0.062350262	0.062222652	0.06263426	0.062259637
ERR6099812	0	dental calculus	0.06253929	0.06265803	0.06222252	0.06226573	0.06269424	0.06271768	0.06265288	0.06268173	0.062239293	0.062289126	0.06273933	0.06269967	0.06243674	0.06222252	0.06262401	0.062317234
ERR6099813	0	dental calculus	0.062566034	0.06268193	0.062237177	0.062397566	0.06269553	0.06265152	0.06264411	0.0626725	0.062248785	0.062253196	0.062721476	0.0626881	0.06243646	0.06222255	0.06259998	0.062283073
ERR6099814	0	dental calculus	0.0625228	0.062626086	0.06273964	0.06273418	0.062486757	0.06226446	0.062494546	0.06262469	0.06228086	0.06266275	0.0625454	0.06255333	0.062347617	0.062222607	0.062645204	0.062249076
ERR6099815	0	dental calculus	0.06264388	0.06274265	0.062229875	0.06273413	0.06258436	0.062285025	0.06254427	0.06266872	0.06227135	0.06265329	0.06257755	0.06258811	0.06235111	0.06222256	0.06264593	0.062257186
ERR6099816	0	dental calculus	0.06256637	0.062699065	0.06223723	0.06273417	0.0624892	0.062276848	0.06251871	0.06263436	0.06268112	0.06265333	0.06253429	0.06253066	0.06234303	0.062222604	0.06262178	0.06225723
ERR6099817	0	dental calculus	0.062471632	0.06261176	0.06273964	0.06273418	0.062391773	0.062267844	0.062467303	0.06260871	0.06268113	0.06265334	0.062462732	0.06248651	0.062299885	0.06222261	0.06264262	0.06225833
ERR6099818	0	dental calculus	0.06259549	0.062668554	0.062739596	0.062222563	0.062495645	0.0622845	0.06257358	0.06266071	0.06223202	0.0626607	0.06259076	0.062635705	0.062349673	0.062298454	0.06273416	0.06225788
ERR6099824	0	dental calculus	0.06266424	0.06276276	0.062229797	0.062222477	0.06260161	0.062293425	0.0626329	0.062694766	0.062231936	0.06268705	0.06267794	0.06269814	0.062384706	0.06223053	0.06272211	0.062265616
ERR6099825	0	dental calculus	0.062587045	0.06270559	0.06273957	0.06222254	0.0625119	0.062284477	0.06259927	0.06265755	0.062231995	0.06266068	0.06261693	0.062648006	0.06234965	0.06222254	0.0627044	0.062257856
ERR6099826	0	dental calculus	0.062681936	0.06276271	0.062229827	0.06222251	0.06260104	0.06229346	0.06262503	0.062678024	0.062231965	0.06266065	0.062661745	0.06267214	0.06239281	0.0622984	0.06272214	0.062265646
ERR6101230	0	dental calculus	0.06256823	0.06271335	0.06273219	0.062222533	0.062495656	0.06228447	0.062590204	0.06270353	0.06223199	0.06265166	0.06261542	0.06264727	0.062349644	0.062222533	0.06271347	0.06225785
ERR6108965	0	dental calculus	0.06258704	0.062692694	0.06273219	0.062222537	0.06250467	0.062284473	0.062590204	0.06267637	0.062231995	0.062651664	0.062606215	0.06265578	0.062349647	0.062222537	0.062734134	0.062257852
ERR6108966	0	dental calculus	0.0625837	0.06270868	0.06273219	0.062222537	0.062495537	0.06228447	0.062590204	0.06267379	0.06223199	0.062651664	0.06262372	0.06263736	0.062349647	0.062222537	0.06273413	0.062257852
ERR6108967	0	dental calculus	0.062594034	0.06272922	0.06273219	0.062222537	0.06249566	0.062284473	0.062590204	0.062653534	0.06223199	0.062651664	0.06262372	0.062647276	0.062349647	0.062222537	0.062713474	0.062257852
ERR6108968	0	dental calculus	0.06268797	0.06275666	0.062222477	0.062222477	0.06262981	0.062293425	0.062650725	0.062642455	0.06223193	0.062661014	0.062677205	0.06270028	0.062392775	0.062222477	0.06274258	0.062265746
ERR6108969	0	dental calculus	0.06261189	0.062710896	0.06273215	0.062222496	0.062615335	0.062302686	0.06268128	0.062656604	0.062222496	0.062271453	0.06263185	0.06268312	0.062411323	0.062222496	0.06276044	0.062263478
ERR6108970	0	dental calculus	0.06261128	0.06269403	0.06273219	0.062222537	0.062531	0.062284473	0.062599264	0.06263691	0.062222537	0.06265131	0.062606215	0.062648	0.062355965	0.062222537	0.06273395	0.062247805
ERR6108971	0	dental calculus	0.06268792	0.06274157	0.062222477	0.062222477	0.06261849	0.062293425	0.062650725	0.062645204	0.062231936	0.06267004	0.06268569	0.06270029	0.062399097	0.062222477	0.06274259	0.062265612
ERR6108972	0	dental calculus	0.062602535	0.0627046	0.062739596	0.062222563	0.06249564	0.0622729	0.06258264	0.06261118	0.062232018	0.0626607	0.06262107	0.062645614	0.062349673	0.06229845	0.06270294	0.06225788
ERR6108973	0	dental calculus	0.062602505	0.06272907	0.06273957	0.06222254	0.06252213	0.062272873	0.062590204	0.06261794	0.062231995	0.06266068	0.06262824	0.06263003	0.06234965	0.06222254	0.06271199	0.062268037
ERR6108974	0	dental calculus	0.0626025	0.062720984	0.062739566	0.062222533	0.0625226	0.062272865	0.0625902	0.0626364	0.062231988	0.06266067	0.06262823	0.0626395	0.062349644	0.062222533	0.062711984	0.0622478
ERR6108975	0	dental calculus	0.06258726	0.06272068	0.0627396	0.062222574	0.062478956	0.06228451	0.0625736	0.062611185	0.062232032	0.06266072	0.06259906	0.06261386	0.062349685	0.06234598	0.06272241	0.06225789
ERR6108976	0	dental calculus	0.06271489	0.062732056	0.062229797	0.062222477	0.06261063	0.062293425	0.06264166	0.062663615	0.062231936	0.06266062	0.06267753	0.06269771	0.06239278	0.062222477	0.06274277	0.062265616
ERR6108977	0	dental calculus	0.06260152	0.06268287	0.06273219	0.062222537	0.06250406	0.062284473	0.062590204	0.062627904	0.062231995	0.0626701	0.06261524	0.062663846	0.062349647	0.062222537	0.06274303	0.062257852
ERR6108978	0	dental calculus	0.062594034	0.06270458	0.06273957	0.06222254	0.062513076	0.062284477	0.06259927	0.062636405	0.062231995	0.06266068	0.062614694	0.062655345	0.06234965	0.06222254	0.062713295	0.062257856
ERR6108979	0	dental calculus	0.062619984	0.062693484	0.06273957	0.062222544	0.06251368	0.06228448	0.06260093	0.06261794	0.062232003	0.06266069	0.0626062	0.06264587	0.062349655	0.062222544	0.06272238	0.06226804
ERR6108980	0	dental calculus	0.06257697	0.06273782	0.062739566	0.062222533	0.06250574	0.062284466	0.0625902	0.06263763	0.062231988	0.06267009	0.06262371	0.06264585	0.062349644	0.062222533	0.06271347	0.0622478
ERR6108981	0	dental calculus	0.06257941	0.06272168	0.06273959	0.06222256	0.06250465	0.062284496	0.06257358	0.06266124	0.062232018	0.0626607	0.062590025	0.06261914	0.062341083	0.06229845	0.0627135	0.062257875
ERR6108982	0	dental calculus	0.062594846	0.0627545	0.062739566	0.062222533	0.062495656	0.06228447	0.062590204	0.06262999	0.062231988	0.06265166	0.06261524	0.06264586	0.062349644	0.062222533	0.06271347	0.06225785
ERR6108983	0	dental calculus	0.062586375	0.0627545	0.062739566	0.062222533	0.06250467	0.06228447	0.062590204	0.06263829	0.06223199	0.06265166	0.062606394	0.06264586	0.062349644	0.062222533	0.06271347	0.06225785
ERR6108984	0	dental calculus	0.062689714	0.06280201	0.062229786	0.06222247	0.06262017	0.062293418	0.06264165	0.062646955	0.062231924	0.06266061	0.0626772	0.062682286	0.062392768	0.06222247	0.062731	0.062255558
ERR6108985	0	dental calculus	0.06258544	0.06273837	0.06273956	0.06222253	0.06252259	0.062284466	0.06259926	0.06263762	0.06222253	0.06267009	0.06260621	0.06263808	0.06234964	0.06222253	0.06271328	0.0622478
ERR6108986	0	dental calculus	0.062594846	0.062717415	0.062739566	0.062222533	0.06252091	0.06228447	0.062590204	0.06262854	0.062222533	0.06265166	0.06261619	0.06263809	0.062349644	0.062222533	0.06274303	0.06225785
ERR6108987	0	dental calculus	0.062689714	0.062794946	0.062229786	0.06222247	0.06262858	0.062293418	0.06265072	0.06266361	0.06222247	0.062660605	0.0626772	0.06267378	0.062392768	0.06222247	0.062721916	0.062255558
ERR6108988	0	dental calculus	0.062503405	0.0626624	0.06273962	0.062397603	0.06260614	0.06246498	0.06260766	0.06266762	0.062248822	0.062253233	0.062645085	0.06262147	0.062387243	0.06222259	0.06271709	0.062255055
ERR6108989	0	dental calculus	0.062624216	0.06271395	0.06273215	0.062230997	0.06259621	0.06230269	0.06267272	0.06269407	0.0622225	0.062253144	0.06264398	0.06267505	0.062411413	0.0622225	0.06273088	0.06227353
ERR6108990	0	dental calculus	0.06261844	0.06266544	0.06273216	0.062231004	0.06258938	0.06232228	0.06267787	0.06269408	0.06223196	0.062253147	0.06266045	0.06267505	0.06241142	0.062222507	0.06275133	0.062263485
ERR6108991	0	dental calculus	0.062624276	0.06263573	0.06273221	0.062231053	0.06259796	0.062269088	0.062587366	0.062638804	0.06223201	0.0622532	0.06263245	0.06266576	0.062386427	0.062222555	0.06271528	0.06257586
ERR6108992	0	dental calculus	0.06247039	0.062682986	0.062732235	0.062231082	0.06251194	0.0625781	0.06254556	0.06267504	0.06222258	0.062660724	0.06261569	0.06262157	0.06233189	0.06222258	0.062639736	0.062257897
ERR6108993	0	dental calculus	0.062447306	0.06262838	0.06273961	0.06222258	0.06251372	0.06264989	0.06255332	0.062677704	0.06222258	0.06265171	0.06264602	0.06263634	0.06233189	0.06222258	0.062588304	0.06226808
ERR6108994	0	dental calculus	0.06256686	0.06271824	0.062229853	0.062222544	0.06259436	0.0626325	0.06260476	0.062662974	0.062232	0.06266069	0.06268671	0.062688634	0.062375028	0.062222544	0.06262644	0.06227586
ERR6108995	0	dental calculus	0.062456224	0.062669106	0.062732235	0.06222258	0.062504105	0.0625781	0.0625774	0.06266553	0.06223204	0.062660724	0.06261569	0.062645905	0.06233189	0.06222258	0.06262799	0.062257897
ERR6108996	0	dental calculus	0.06270582	0.062732555	0.062229797	0.062222477	0.06261158	0.062293425	0.06264161	0.06264294	0.062231936	0.06267039	0.06268624	0.06270763	0.06239278	0.062222477	0.06274259	0.06226575
ERR6108997	0	dental calculus	0.06269739	0.06277119	0.062229794	0.062222477	0.06262027	0.062293425	0.062641606	0.06264294	0.062222477	0.06266062	0.062677205	0.06269605	0.062392775	0.062222477	0.06273351	0.062275797
ERR6108998	0	dental calculus	0.06270585	0.062742114	0.062229823	0.062222507	0.06260208	0.062293455	0.062624976	0.06261771	0.062222507	0.06267042	0.06266101	0.0626979	0.062392805	0.062298395	0.06274262	0.062275827
ERR6109000	0	dental calculus	0.06269739	0.06275852	0.062229794	0.062222477	0.06261835	0.062293425	0.062641606	0.06264435	0.062222477	0.06267039	0.062677205	0.06269036	0.062392775	0.062222477	0.06274259	0.062275797
ERR6109001	0	dental calculus	0.06264012	0.0627302	0.06273953	0.0622225	0.06261656	0.06230269	0.062672205	0.062634505	0.062231958	0.062262103	0.06262338	0.06268312	0.062405	0.0622225	0.06273996	0.062273663
ERR6109002	0	dental calculus	0.06261242	0.06272064	0.062739566	0.062222537	0.06252199	0.062284473	0.062590204	0.0626086	0.062231995	0.06266068	0.062615246	0.06263994	0.062359	0.062222537	0.06272237	0.06224781
ERR6109003	0	dental calculus	0.06261242	0.06271264	0.06273957	0.062222544	0.062522605	0.062284477	0.0625811	0.06262762	0.062232	0.06266069	0.06261457	0.0626381	0.06235901	0.06223169	0.06271315	0.062247813
ERR6109004	0	dental calculus	0.06258516	0.06272155	0.062739566	0.062222537	0.0625226	0.06228447	0.062590204	0.062646255	0.06223199	0.06266067	0.06261456	0.06263809	0.062349647	0.062222537	0.06272236	0.062247805
ERR6109005	0	dental calculus	0.062592305	0.06271729	0.062739566	0.062222533	0.06251475	0.06228447	0.062599264	0.06266529	0.06223199	0.06265166	0.062589996	0.06264586	0.062349644	0.062222533	0.062725045	0.062247805
ERR6109010	0	dental calculus	0.06259216	0.06271574	0.06273219	0.062222537	0.06250467	0.06227287	0.062599264	0.062656276	0.06223199	0.06266067	0.062621064	0.06264586	0.062349647	0.062222537	0.06271467	0.062257852
ERR6109011	0	dental calculus	0.06258325	0.06274029	0.06273956	0.062222525	0.062514745	0.06227286	0.062590145	0.06266539	0.062222525	0.062660664	0.062628224	0.06264585	0.062349636	0.062222525	0.062694006	0.062247794
ERR6109012	0	dental calculus	0.062620886	0.0627364	0.06273219	0.062222533	0.062505744	0.06227287	0.062590204	0.06262705	0.06223199	0.062650904	0.06262104	0.06265577	0.062358998	0.062222533	0.06270309	0.0622478
ERR6109013	0	dental calculus	0.0627534	0.06275848	0.062222406	0.062222406	0.062722676	0.062311612	0.06273278	0.06260617	0.06223186	0.06225305	0.062702715	0.06273725	0.06246383	0.062222406	0.06277758	0.06228139
ERR6109014	0	dental calculus	0.06271575	0.06275175	0.062222473	0.062222473	0.06262919	0.06229342	0.062650725	0.062605865	0.062222473	0.0626516	0.062686235	0.06270028	0.06240845	0.062222473	0.0627511	0.062265743
ERR6109015	0	dental calculus	0.06271574	0.06275988	0.062222466	0.062222466	0.06261955	0.062293414	0.06265072	0.062617615	0.062222466	0.06265159	0.062686235	0.06270027	0.062408447	0.062222466	0.0627511	0.062255558
ERR6109016	0	dental calculus	0.062753394	0.062768295	0.0622224	0.0622224	0.062722676	0.06231161	0.06273277	0.06260616	0.0622224	0.062253043	0.06269435	0.06274532	0.062463824	0.0622224	0.06277757	0.062281385
ERR6109017	0	dental calculus	0.062613174	0.06270099	0.06273956	0.06222253	0.06251414	0.062272865	0.06259926	0.06260029	0.06222253	0.06266067	0.06263726	0.06266384	0.062358994	0.06222253	0.06272356	0.0622478
ERR6109019	0	dental calculus	0.06260476	0.06272898	0.062739566	0.062222537	0.062505744	0.062284473	0.062599264	0.06261922	0.06223199	0.062651664	0.06261524	0.06265393	0.062359	0.062222537	0.06271329	0.062247805
ERR6109020	0	dental calculus	0.06258638	0.06269724	0.062739566	0.062222537	0.06250406	0.062284473	0.062609985	0.06262951	0.062231995	0.06266068	0.06262372	0.06264586	0.062349647	0.062222537	0.06273395	0.062257852
ERR6109021	0	dental calculus	0.062603265	0.06270099	0.062739566	0.062222533	0.06250405	0.062284466	0.0625902	0.0626196	0.062222533	0.06266067	0.06261524	0.06266384	0.062349644	0.062222533	0.06274302	0.06225785
ERR6109022	0	dental calculus	0.06259768	0.06269738	0.062222473	0.062222473	0.06270406	0.062624715	0.06270574	0.062666476	0.062222473	0.062262826	0.06271225	0.06274539	0.062449016	0.062222473	0.0626733	0.062271275
ERR6109023	0	dental calculus	0.06251808	0.06268458	0.062732205	0.06222255	0.06260759	0.06262582	0.06265425	0.06262517	0.06222255	0.062253196	0.06264124	0.0626751	0.062405866	0.06222255	0.06263554	0.062273715
ERR6109024	0	dental calculus	0.0625205	0.06265681	0.062732205	0.06222255	0.06260529	0.06266055	0.06264435	0.06262777	0.06222255	0.062253196	0.06264056	0.06266553	0.062405866	0.06222255	0.06264613	0.06227358
ERR6109025	0	dental calculus	0.062528156	0.06268161	0.06273221	0.062222555	0.06260651	0.06261574	0.06265426	0.0626079	0.062222555	0.0622532	0.06263221	0.0626751	0.06240587	0.062222555	0.0626558	0.06228377
ERR6109027	0	dental calculus	0.06258451	0.06272018	0.062739566	0.062222537	0.062531	0.06228447	0.06258109	0.062665395	0.06223199	0.06266067	0.06260621	0.06263002	0.062349647	0.062222537	0.06272236	0.062247805
ERR6109028	0	dental calculus	0.06258451	0.06270942	0.062739566	0.062222533	0.06251307	0.06228447	0.06259015	0.06264756	0.062222533	0.06266067	0.06260621	0.06265534	0.062349644	0.062222533	0.06273395	0.06225785
ERR6109049	0	dental calculus	0.06269739	0.06276573	0.062229794	0.062222477	0.062610075	0.062293425	0.06263254	0.062655926	0.06223193	0.06266062	0.062677205	0.06269036	0.062392775	0.062222477	0.062751666	0.062265612
ERR6109050	0	dental calculus	0.06259485	0.06272863	0.062739566	0.062222537	0.06251307	0.062284473	0.06258109	0.06263722	0.06223199	0.06266068	0.062606215	0.062647276	0.062349647	0.062222537	0.06272237	0.062257852
ERR6109051	0	dental calculus	0.062510595	0.06265201	0.06273229	0.06268873	0.062588915	0.06247529	0.06255689	0.06258338	0.06225509	0.06224591	0.06251424	0.06259156	0.062380478	0.06222263	0.06268281	0.0623192
ERR6109053	0	dental calculus	0.06259423	0.06269338	0.062222585	0.062688686	0.062686615	0.06253094	0.06260833	0.06260988	0.062255047	0.062245864	0.062595025	0.06264381	0.062423643	0.062222585	0.06265239	0.062326986
ERR6109054	0	dental calculus	0.0626019	0.062702835	0.062222578	0.06265249	0.06268661	0.062483225	0.062608324	0.06260067	0.062255036	0.062245857	0.062621884	0.062643796	0.062415082	0.062222578	0.06271016	0.062326975
ERR6109055	0	dental calculus	0.06266445	0.062729225	0.06222257	0.06268867	0.0626866	0.062416382	0.062625475	0.06259295	0.06225503	0.06224585	0.06259501	0.062643796	0.062423628	0.06222257	0.06264239	0.062345415
ERR6109056	0	dental calculus	0.062715754	0.06273218	0.062229794	0.062222477	0.06262859	0.062293425	0.062650725	0.06262589	0.06223193	0.06266062	0.06268556	0.06270029	0.062402137	0.062222477	0.06274259	0.062255565
ERR6109057	0	dental calculus	0.06271575	0.06275109	0.06222247	0.06222247	0.06262858	0.062293418	0.06264165	0.06262588	0.06222247	0.06266061	0.0626772	0.06270028	0.06240845	0.06222247	0.062751666	0.062255558
ERR6109058	0	dental calculus	0.06263881	0.062690966	0.06273218	0.06222253	0.062606916	0.06230272	0.062664635	0.06261963	0.062231988	0.062271837	0.062615536	0.06267481	0.06240503	0.06229842	0.06276047	0.062263507
ERR6109059	0	dental calculus	0.06270731	0.062779926	0.062222473	0.062222473	0.06263822	0.06229342	0.062650725	0.06261451	0.062222473	0.06266061	0.06268556	0.0626837	0.062408455	0.062222473	0.06272192	0.062265743
ERR6178850	4	dental calculus	0.06261441	0.06287523	0.062231362	0.062222477	0.06262854	0.062222477	0.06264181	0.062551215	0.062240075	0.06266959	0.06258377	0.062683836	0.062254477	0.06255844	0.06274004	0.062282246
ERR6178851	4	dental calculus	0.06268314	0.06289415	0.062222388	0.062222388	0.06264074	0.062222388	0.06267594	0.06258033	0.06223096	0.06270289	0.062660396	0.06272617	0.062262777	0.062230363	0.06275503	0.06228994
ERR6178852	4	dental calculus	0.06250939	0.06282304	0.062734246	0.062222566	0.06239506	0.062222566	0.06256715	0.062464796	0.06270904	0.06262486	0.062493596	0.06251811	0.062239047	0.0624245	0.062731504	0.062320527
ERR6178853	4	dental calculus	0.06267585	0.062867925	0.062222403	0.062229946	0.062695436	0.062222403	0.06269525	0.06256976	0.062231425	0.06260216	0.06266141	0.06272704	0.06227924	0.06224811	0.062790886	0.06228076
ERR6178854	4	dental calculus	0.062562965	0.06286796	0.062222525	0.062222525	0.062486768	0.062222525	0.06261095	0.062468786	0.062709	0.06252504	0.06263483	0.06266507	0.062272098	0.06248143	0.06274868	0.062298853
ERR6178855	4	dental calculus	0.06254503	0.062857755	0.06273422	0.06223008	0.06259316	0.062222537	0.06256489	0.06255372	0.06223156	0.062651046	0.06249278	0.0625468	0.062239017	0.06250754	0.06273102	0.06229886
ERR6178856	4	dental calculus	0.06256298	0.06283282	0.062222548	0.06223009	0.06248072	0.062222548	0.062600106	0.062479712	0.062718116	0.0625337	0.06260942	0.06264683	0.062272117	0.062548995	0.06274042	0.06229887
ERR6178857	4	dental calculus	0.06262452	0.0628691	0.06222246	0.06222246	0.062687576	0.06222246	0.06265356	0.06254257	0.062240057	0.06256049	0.06264357	0.062718675	0.06227203	0.062489655	0.06276569	0.062265124
ERR6178858	4	dental calculus	0.06246698	0.062803976	0.062734246	0.062222566	0.06239771	0.062222566	0.062537685	0.06256053	0.06271814	0.062615514	0.06247727	0.062500104	0.062230665	0.06250757	0.062722705	0.062281784
ERR6178859	4	dental calculus	0.06268456	0.06291075	0.062222388	0.062222388	0.06265544	0.062222388	0.06269373	0.06258957	0.062222388	0.06259374	0.06264403	0.062744096	0.062270835	0.062230363	0.06278091	0.062312435
ERR6178860	4	dental calculus	0.0627055	0.06283863	0.06222239	0.06222239	0.062667765	0.06222239	0.062676676	0.06259527	0.06222239	0.06271171	0.06265843	0.06271609	0.06226278	0.062240124	0.062764995	0.062272456
ERR6178861	4	dental calculus	0.062693454	0.06280679	0.062222406	0.062222406	0.062685005	0.062222406	0.062683925	0.062614515	0.062222406	0.06268521	0.06264982	0.0627326	0.062254407	0.062275067	0.06276501	0.06226456
ERR6178862	4	dental calculus	0.06262366	0.06288449	0.062231325	0.06222244	0.0626059	0.06222244	0.06268443	0.0626075	0.06223101	0.06270294	0.06261898	0.06271704	0.062254444	0.06239009	0.06273029	0.062273018
ERR6178863	4	dental calculus	0.06268207	0.06288841	0.062222406	0.062222406	0.06264253	0.062222406	0.06269435	0.06254972	0.06223098	0.0627029	0.06262709	0.062726185	0.06226167	0.062289387	0.06275673	0.062280763
ERR6178864	4	dental calculus	0.06265718	0.06282078	0.06222245	0.06222245	0.062651046	0.06222245	0.062701456	0.062622696	0.062231023	0.06258479	0.06262567	0.062734075	0.062263634	0.062417112	0.06276636	0.062256824
ERR6178865	4	dental calculus	0.06259029	0.06280419	0.06272526	0.06222254	0.062524885	0.06222254	0.06264921	0.06260413	0.06224014	0.06255725	0.06251819	0.062606454	0.062247083	0.062425207	0.06275781	0.062304802
ERR6178866	4	dental calculus	0.06258702	0.06287234	0.062231403	0.06223006	0.06247923	0.062222518	0.062607266	0.062503554	0.062718086	0.06265246	0.06260187	0.06261904	0.06225452	0.062406667	0.06273219	0.062281772
ERR6178867	4	dental calculus	0.06254458	0.06285386	0.06223143	0.06223009	0.062398005	0.062222544	0.06259017	0.062525116	0.062718116	0.06263408	0.06256612	0.06262913	0.062254544	0.06254069	0.06272304	0.062338486
ERR6178868	4	dental calculus	0.0625022	0.0628159	0.062725276	0.06222255	0.06239028	0.06222255	0.06260078	0.06254547	0.062709026	0.06254877	0.06251024	0.06254227	0.06223983	0.062417217	0.06275071	0.06225693
ERR6178869	4	dental calculus	0.06269113	0.06283489	0.062222432	0.062222432	0.062651455	0.062222432	0.062694505	0.06263205	0.062231004	0.06257503	0.06261841	0.06274414	0.062270883	0.06234242	0.06277391	0.06227288
ERR6178870	4	dental calculus	0.062484942	0.06282267	0.0627253	0.06223012	0.06236185	0.062222578	0.062548146	0.062498003	0.062709056	0.062506445	0.06246814	0.0625189	0.06223985	0.062593654	0.06273182	0.06233852
ERR6178871	4	dental calculus	0.06261583	0.06288612	0.062222477	0.062222477	0.06263461	0.062222477	0.06265114	0.06255109	0.06223105	0.06256915	0.062583454	0.06271861	0.062270924	0.06255844	0.062757425	0.062304735
ERR6178872	4	dental calculus	0.062553644	0.06282713	0.06272526	0.06222254	0.06258904	0.06222254	0.062583506	0.062607035	0.06224014	0.06253258	0.062501974	0.06258158	0.06223982	0.062534325	0.06275713	0.06228176
ERR6178873	4	dental calculus	0.06271751	0.06282096	0.0622224	0.0622224	0.062694214	0.0622224	0.06270169	0.0625854	0.06223097	0.06259376	0.06266983	0.06274411	0.06227924	0.062240127	0.06278215	0.062272847
ERR6178874	4	dental calculus	0.06259858	0.06284725	0.062231425	0.062230084	0.06248957	0.06222254	0.062616624	0.06252087	0.06271811	0.06253369	0.06258535	0.06264682	0.062263723	0.06246744	0.06273783	0.06229009
ERR6178875	4	dental calculus	0.062476777	0.062824085	0.06272528	0.062222563	0.06234685	0.062222563	0.062558986	0.062507845	0.062709495	0.06251454	0.06250184	0.06249342	0.06223984	0.06265913	0.062697895	0.06229889
ERR6178876	4	dental calculus	0.06254504	0.0628299	0.06273422	0.062230084	0.06251966	0.062222537	0.06256245	0.06263892	0.062240135	0.06265975	0.062469278	0.0625468	0.062230635	0.0625767	0.062711604	0.062282305
ERR6178877	4	dental calculus	0.06257887	0.062838934	0.062231418	0.062222537	0.06244787	0.062222537	0.06261723	0.062448416	0.06271811	0.06260668	0.06259305	0.06262839	0.062254537	0.06261253	0.062696725	0.062282175
ERR6178878	4	dental calculus	0.06259574	0.06283983	0.062222533	0.062230077	0.06249093	0.062222533	0.06261722	0.062466964	0.06270037	0.06262472	0.062591866	0.062653914	0.062254533	0.062475726	0.06273087	0.06228217
ERR6178879	4	dental calculus	0.062580176	0.06282983	0.062222544	0.062230088	0.062462352	0.062222544	0.06259076	0.06252103	0.062718116	0.06264278	0.06257563	0.062629126	0.06226293	0.062465865	0.062739566	0.062306654
ERR6178880	4	dental calculus	0.06258703	0.06284776	0.06222253	0.06222253	0.062454406	0.06222253	0.0625993	0.06252069	0.0627181	0.062616386	0.06257344	0.062627	0.06225453	0.0625203	0.06273959	0.062273875
ERR6178881	4	dental calculus	0.06258051	0.062833466	0.062222514	0.062222514	0.062461916	0.062222514	0.062670104	0.062510304	0.062718086	0.06253094	0.06263345	0.06267113	0.062263697	0.062425178	0.06275931	0.06227437
ERR6178882	4	dental calculus	0.06254458	0.062831886	0.062231425	0.06222254	0.062442664	0.06222254	0.06261006	0.062486835	0.062718116	0.06261599	0.06257509	0.06264605	0.06225454	0.06257579	0.06272304	0.062298868
ERR6178883	4	dental calculus	0.06260543	0.06285742	0.062231407	0.06222252	0.062478714	0.06222252	0.06262747	0.06247853	0.06271809	0.062525034	0.06261777	0.06266393	0.062263705	0.06245755	0.062747724	0.062282164
ERR6178884	4	dental calculus	0.06265717	0.06282077	0.062222436	0.062222436	0.06267719	0.062222436	0.06270962	0.06262268	0.062231008	0.06258477	0.06263513	0.06273407	0.062270887	0.06235797	0.06277463	0.06225681
ERR6178885	4	dental calculus	0.06266446	0.062805384	0.06222243	0.06222243	0.06267718	0.06222243	0.06270962	0.062622674	0.062231	0.062584445	0.0626517	0.06275267	0.06227088	0.062322985	0.06277462	0.062265094
ERR6178886	4	dental calculus	0.06263337	0.06286883	0.062222447	0.062222447	0.062627055	0.062222447	0.06269331	0.06263186	0.06223102	0.0626053	0.06260514	0.06271693	0.06226363	0.06242511	0.06276636	0.06226473
ERR6178887	4	dental calculus	0.0626927	0.06284389	0.062222414	0.062222414	0.06263277	0.062222414	0.06267601	0.06262194	0.062222414	0.062720396	0.06262487	0.062714905	0.062254414	0.062307145	0.06275674	0.062264565
ERR6178888	4	dental calculus	0.06264915	0.06281945	0.062222455	0.062222455	0.06263484	0.062222455	0.06270146	0.0626227	0.062231027	0.06260531	0.062614374	0.06273408	0.062263638	0.062433407	0.062766366	0.062256828
ERR6178889	4	dental calculus	0.06266589	0.06280383	0.06222244	0.06222244	0.06267719	0.06222244	0.062710606	0.0625865	0.06223101	0.06259234	0.062643036	0.06275268	0.062263623	0.06236625	0.06277463	0.062265106
ERR6178890	4	dental calculus	0.06256258	0.06284805	0.062725246	0.06222252	0.062480632	0.06222252	0.062587336	0.06267198	0.062240124	0.06266631	0.062484153	0.062563136	0.06223062	0.062433474	0.06273942	0.062321898
ERR6178891	4	dental calculus	0.06261441	0.06286632	0.06222248	0.06222248	0.0625498	0.06222248	0.062624805	0.06264599	0.062231053	0.06266056	0.062557034	0.06269858	0.06225448	0.06259356	0.06273033	0.06230564
ERR6178892	4	dental calculus	0.062553264	0.06284893	0.062222525	0.062222525	0.06243309	0.062222525	0.062610045	0.062478125	0.0627181	0.062634066	0.06257639	0.06265399	0.06225453	0.06254897	0.06273198	0.06229094
ERR6178893	4	dental calculus	0.06267486	0.06288557	0.062222403	0.062222403	0.06263423	0.062222403	0.062673524	0.06260811	0.062222403	0.06269424	0.06265148	0.06272497	0.062254403	0.062289387	0.06274677	0.06227285
ERR6178894	4	dental calculus	0.06261442	0.062880754	0.062231373	0.06222249	0.062580846	0.06222249	0.062631875	0.06259298	0.062240086	0.06268148	0.06255434	0.06269302	0.062254492	0.06255846	0.06271903	0.062321864
ERR6178895	4	dental calculus	0.06259938	0.06283378	0.062231384	0.0622225	0.06257273	0.0622225	0.06263465	0.062613726	0.062240098	0.062651634	0.06260144	0.062690884	0.0622545	0.06266897	0.06267092	0.06229091
ERR6178897	4	dental calculus	0.06254641	0.062822826	0.06222254	0.062230088	0.0624535	0.06222254	0.06260729	0.06252087	0.062718116	0.06261599	0.06255831	0.062636875	0.062254544	0.06257579	0.062731996	0.06228231
ERR6178898	4	dental calculus	0.0626231	0.06287628	0.062222455	0.062230002	0.06268107	0.062222455	0.062641785	0.06252678	0.06223148	0.06266957	0.0626081	0.062699534	0.06225446	0.06248136	0.06275725	0.062274314
ERR6178899	4	dental calculus	0.06258704	0.062855944	0.062222533	0.062222533	0.062470946	0.062222533	0.06259919	0.062502615	0.062709466	0.062634066	0.0625924	0.06262912	0.062254533	0.06245756	0.06273288	0.062306643
ERR6178900	4	dental calculus	0.06254499	0.0628517	0.06222253	0.06222253	0.062460795	0.06222253	0.06260728	0.062495686	0.062709466	0.06260733	0.06259162	0.06263687	0.062254533	0.06257578	0.062723264	0.062273104
ERR6178901	4	dental calculus	0.062537715	0.06283326	0.062222544	0.06223009	0.06244394	0.062222544	0.0625992	0.06252104	0.062718116	0.06260735	0.062574856	0.06263688	0.062254548	0.06258568	0.06271337	0.06229887
ERR6178902	4	dental calculus	0.06261625	0.06285944	0.062222484	0.062222484	0.06258989	0.062222484	0.0626343	0.06260693	0.062240083	0.062669344	0.06260034	0.0626916	0.06226287	0.06254893	0.06273033	0.062282253
ERR6178903	4	dental calculus	0.06254457	0.062847	0.062231418	0.06223008	0.06243618	0.062222533	0.06260728	0.06250649	0.06271811	0.06261598	0.06256779	0.062644824	0.062254533	0.06257578	0.06272303	0.062274393
ERR6178904	4	dental calculus	0.06258743	0.06285709	0.06223139	0.06222251	0.062504396	0.06222251	0.06262806	0.062457073	0.06270898	0.06262539	0.06263437	0.062646136	0.06225451	0.062398374	0.062748805	0.062272955
ERR6178905	4	dental calculus	0.06259858	0.062858	0.062231418	0.06223008	0.062488608	0.062222537	0.062616624	0.06252086	0.062709466	0.06252505	0.06260157	0.06264682	0.06226372	0.062457565	0.06273902	0.062290087
ERR6178906	4	dental calculus	0.06262595	0.06287473	0.062222477	0.062222477	0.06262802	0.062222477	0.062641196	0.06262172	0.062240075	0.062560506	0.06261924	0.0626938	0.06226366	0.06254062	0.062740795	0.062282246
ERR6178907	4	dental calculus	0.06259573	0.062857784	0.062222518	0.062230065	0.06247615	0.062222518	0.06261004	0.062479682	0.06271809	0.06263406	0.062609166	0.06263685	0.062254522	0.062398385	0.062747814	0.06230663
ERR6178908	4	dental calculus	0.062615134	0.06286865	0.062725194	0.06222247	0.06261569	0.06222247	0.062606096	0.062581524	0.062231496	0.06260164	0.062580675	0.06259786	0.062255397	0.062230445	0.06277235	0.062272917
ERR6178909	4	dental calculus	0.06254512	0.062839195	0.062231425	0.062230088	0.06242862	0.062222544	0.06259076	0.06247155	0.062718116	0.062606685	0.06256728	0.062620446	0.06226293	0.06268595	0.06268042	0.062298868
ERR6178910	4	dental calculus	0.06258759	0.06284175	0.062231425	0.062222544	0.06242791	0.062222544	0.0625992	0.062476426	0.06270902	0.06263452	0.0625916	0.06262721	0.062254544	0.06259525	0.062680125	0.062298357
ERR6178911	4	dental calculus	0.062564075	0.06285968	0.062222525	0.062222525	0.06245228	0.062222525	0.062661104	0.06249405	0.06270946	0.062549055	0.06265162	0.062654704	0.06226371	0.062492084	0.06269886	0.062281743
ERR6178912	4	dental calculus	0.06269063	0.062859654	0.06222239	0.06222239	0.06267046	0.06222239	0.06268184	0.06260579	0.06222239	0.06268487	0.06263544	0.06273414	0.06226166	0.062248103	0.062764995	0.06227284
ERR6178913	4	dental calculus	0.06263084	0.06288488	0.062222417	0.062222417	0.06265046	0.062222417	0.06267642	0.06261324	0.062222417	0.06270292	0.0626192	0.062709264	0.062261686	0.062330965	0.062757455	0.062272996
ERR6178914	4	dental calculus	0.06254641	0.062837176	0.062222537	0.062230084	0.062443934	0.062222537	0.06260729	0.062530436	0.06271811	0.06263407	0.06255097	0.062629126	0.06225454	0.0625684	0.06272208	0.062282305
ERR6178915	4	dental calculus	0.062674835	0.062918685	0.062222376	0.062222376	0.06264903	0.062222376	0.06267645	0.06258143	0.06223095	0.062694214	0.06266066	0.062726155	0.062254377	0.062230352	0.062755026	0.062280733
ERR6178916	4	dental calculus	0.06258702	0.06284933	0.062222518	0.062222518	0.062476147	0.062222518	0.062609695	0.062495343	0.062718086	0.0626254	0.06262624	0.06264602	0.062262908	0.06239838	0.062747814	0.06229007
ERR6178917	4	dental calculus	0.06267583	0.06287713	0.062222384	0.062222384	0.06268497	0.062222384	0.06268528	0.0625995	0.062222384	0.06259374	0.06269391	0.062736124	0.062271956	0.06223036	0.06278091	0.06228074
ERR6178918	4	dental calculus	0.062561944	0.062826574	0.062725276	0.062222555	0.06253129	0.062222555	0.06257358	0.06264687	0.062240154	0.06255098	0.06248441	0.06254669	0.062247094	0.06254264	0.06274719	0.062330194
ERR6178919	4	dental calculus	0.06256193	0.06284433	0.06272526	0.06222254	0.06254621	0.06222254	0.06258891	0.06260614	0.06224014	0.06253258	0.062483	0.06257242	0.06223982	0.062534325	0.06276585	0.062314
ERR6178920	4	dental calculus	0.06261441	0.06288593	0.062231366	0.06222248	0.06260628	0.06222248	0.06263463	0.0625892	0.062231507	0.06266959	0.06259192	0.0626916	0.062254485	0.062550515	0.062704794	0.06229881
ERR6178921	4	dental calculus	0.062545106	0.0628482	0.06222253	0.06222253	0.062408216	0.06222253	0.062610045	0.062467273	0.0627181	0.06262475	0.06257643	0.062629595	0.06225453	0.06266863	0.062682696	0.062298853
ERR6178923	4	dental calculus	0.06261442	0.06284109	0.06222249	0.062230036	0.06261454	0.06222249	0.06264227	0.06258114	0.062231515	0.0626696	0.06259786	0.06270013	0.062254492	0.062507495	0.062748566	0.062321864
ERR6178924	4	dental calculus	0.06264085	0.062805355	0.06222249	0.06222249	0.062648304	0.06222249	0.06265847	0.06256893	0.06222249	0.06257834	0.062632024	0.06271984	0.06227206	0.062507495	0.06276572	0.062312663
ERR6178925	4	dental calculus	0.06254613	0.06281268	0.06222256	0.06222256	0.062463112	0.06222256	0.06260946	0.062484723	0.06270949	0.062524416	0.06259882	0.062638916	0.062263742	0.06261761	0.06272474	0.0623385
ERR6178926	4	dental calculus	0.062561944	0.062832244	0.062725276	0.062222555	0.06257258	0.062222555	0.06256476	0.06258838	0.062231578	0.06254193	0.062493645	0.062564485	0.06223983	0.06255253	0.062747225	0.062338497
ERR6178927	4	dental calculus	0.06264644	0.062854126	0.06222244	0.06222244	0.062612675	0.06222244	0.0626676	0.06261447	0.06222244	0.062712006	0.06263801	0.06270773	0.06226283	0.062330987	0.06274983	0.062313516
ERR6178928	4	dental calculus	0.06266662	0.06287323	0.062222462	0.062222462	0.06269989	0.062222462	0.06264269	0.062560774	0.06223149	0.06255107	0.062610626	0.06270154	0.062272035	0.062469304	0.06276333	0.062290013
ERR6178929	4	dental calculus	0.06253818	0.06283387	0.062734224	0.062230088	0.06252846	0.062222544	0.06256339	0.06261728	0.062240142	0.06264231	0.062468562	0.062554546	0.062230643	0.062584095	0.0627128	0.062298868
ERR6178930	4	dental calculus	0.062596716	0.06286559	0.062222514	0.062222514	0.062505186	0.062222514	0.062619366	0.062486608	0.062718086	0.062525034	0.06264354	0.06264701	0.062263697	0.062406663	0.06275623	0.062298715
ERR6178931	4	dental calculus	0.06254504	0.06286697	0.06272526	0.06222254	0.06253506	0.06222254	0.06256339	0.06260784	0.06224014	0.06265105	0.062491152	0.0625468	0.06223064	0.062489737	0.06272336	0.062338483
ERR6178932	4	dental calculus	0.06255427	0.06286716	0.062725216	0.062222496	0.06256482	0.062222496	0.062597245	0.06262377	0.062231068	0.062678166	0.062505506	0.06258013	0.06223059	0.0623743	0.06275762	0.06226516
ERR6178933	4	dental calculus	0.06252944	0.062838554	0.06223143	0.06223009	0.06241504	0.062222544	0.062607296	0.0625388	0.062718116	0.062616	0.062549144	0.06262913	0.062254548	0.062584095	0.06272305	0.062312722
ERR6178934	4	dental calculus	0.06262313	0.06288307	0.06223137	0.062230032	0.06263154	0.062222484	0.06262377	0.06256625	0.06223151	0.0626696	0.0625911	0.06269181	0.06225449	0.06248968	0.06272965	0.06233051
ERR6178935	4	dental calculus	0.062657334	0.062861465	0.062222462	0.062222462	0.06263429	0.062222462	0.06263883	0.06257431	0.062222462	0.062669575	0.06261717	0.062709846	0.06226285	0.062465783	0.062737875	0.06228082
ERR6178936	4	dental calculus	0.062564	0.06283428	0.06272525	0.062230077	0.06256561	0.06222253	0.06261452	0.06263371	0.0622311	0.062565885	0.0625117	0.0625899	0.062247068	0.062433477	0.0627578	0.062273104
ERR6178937	4	dental calculus	0.062589	0.062780336	0.062725246	0.06222253	0.06256296	0.06222253	0.06264873	0.062621415	0.06222253	0.06259314	0.06253662	0.06260636	0.062255453	0.062390175	0.0627578	0.062265195
ERR6178938	4	dental calculus	0.06254504	0.06285754	0.062734224	0.062230088	0.062499	0.062222544	0.062563054	0.06258356	0.062240142	0.0626604	0.06247663	0.062546805	0.062239025	0.06255851	0.06272152	0.062321916
ERR6178939	4	dental calculus	0.06266612	0.062910706	0.06222238	0.06222238	0.062649876	0.06222238	0.06266801	0.0625993	0.062231403	0.062694214	0.06266768	0.06271585	0.062262766	0.062230356	0.06276375	0.062272828
ERR6178940	4	dental calculus	0.06254648	0.06280731	0.06272528	0.062230106	0.06258864	0.06222256	0.06257226	0.062596686	0.062231585	0.06256918	0.06251748	0.06256526	0.062239837	0.06250756	0.06275047	0.0623293
ERR6178941	4	dental calculus	0.0625363	0.06284127	0.06222254	0.062230088	0.062466558	0.06222254	0.0625992	0.062497627	0.062718116	0.06263408	0.06258965	0.06264483	0.062254544	0.062489737	0.06273156	0.06232137
ERR6178942	4	dental calculus	0.062667035	0.06287565	0.062222455	0.062222455	0.062696874	0.062222455	0.062633075	0.062583044	0.062240053	0.06256913	0.06263632	0.06270949	0.062270902	0.06239832	0.06276329	0.062289454
ERR6178943	4	dental calculus	0.06254646	0.062832795	0.06272527	0.062222548	0.06258863	0.062222548	0.062572844	0.06260616	0.062231574	0.062559985	0.06250223	0.062564485	0.06224709	0.062517434	0.06274722	0.062312726
ERR6178944	4	dental calculus	0.06262412	0.06284187	0.062222477	0.062230024	0.06268221	0.062222477	0.06264152	0.06257183	0.062231503	0.06256915	0.06263489	0.06271008	0.06226366	0.062489673	0.0627657	0.062298805
ERR6178945	4	dental calculus	0.062614165	0.0628487	0.062222492	0.06223004	0.06263369	0.062222492	0.0626158	0.062589966	0.062231515	0.06265151	0.06258112	0.06269957	0.062254492	0.062534556	0.062748566	0.062321316
ERR6178946	4	dental calculus	0.06257806	0.06281175	0.06272523	0.062222507	0.06257794	0.062222507	0.06262416	0.06263192	0.06223108	0.06267606	0.062519275	0.06257783	0.062237866	0.06235804	0.06274891	0.06225688
ERR6178947	4	dental calculus	0.062718935	0.06283702	0.0622224	0.0622224	0.062694214	0.0622224	0.062701404	0.06259398	0.06223097	0.06259376	0.062661685	0.06272696	0.062270846	0.062240127	0.06278215	0.062280755
ERR6178948	4	dental calculus	0.06255475	0.06284049	0.062725276	0.0622301	0.06253129	0.06222255	0.06256568	0.062620685	0.062231123	0.06255999	0.06251145	0.06257356	0.06223983	0.062507555	0.06274718	0.062338494
ERR6178949	4	dental calculus	0.06259574	0.06286568	0.062231414	0.06222253	0.062451504	0.06222253	0.062610045	0.062460672	0.0627181	0.062607326	0.06258405	0.06264603	0.06225453	0.062492613	0.062730595	0.06230664
ERR6178950	4	dental calculus	0.06262298	0.06285753	0.06222249	0.06222249	0.06248952	0.06222249	0.0626583	0.06248569	0.06270897	0.06254889	0.062635444	0.06268937	0.06226367	0.06232443	0.06276561	0.06228213
ERR6178951	4	dental calculus	0.062622026	0.062842	0.062222473	0.062230017	0.06267078	0.062222473	0.06263276	0.06259948	0.06224007	0.06266023	0.062582076	0.06269955	0.062254474	0.062499177	0.06275727	0.06226514
ERR6178952	4	dental calculus	0.06263895	0.0628275	0.062725216	0.062222492	0.06264237	0.062222492	0.06262419	0.06257789	0.062231515	0.062575184	0.06254636	0.06258873	0.06225542	0.062275153	0.06277361	0.06227294
ERR6178953	4	dental calculus	0.06253675	0.062825	0.06273421	0.062230077	0.06257857	0.06222253	0.06256244	0.06264816	0.062231556	0.06265104	0.062492777	0.06256247	0.062230628	0.06250753	0.062721066	0.062265195
ERR6178954	4	dental calculus	0.0626133	0.062853046	0.06222246	0.06222246	0.062667765	0.06222246	0.062652126	0.062571295	0.06222246	0.06266998	0.06260754	0.06270773	0.062262848	0.062499166	0.06274854	0.06225683
ERR6178955	4	dental calculus	0.062476773	0.06282308	0.06273424	0.062230106	0.062366366	0.062222563	0.062556215	0.062488794	0.06271813	0.06250655	0.06250481	0.06249342	0.062239837	0.06266903	0.06268775	0.062282328
ERR6178956	4	dental calculus	0.06262365	0.062865384	0.062231313	0.06222243	0.06262362	0.06222243	0.06265857	0.06268114	0.062240027	0.062703334	0.06262452	0.06270582	0.062254433	0.06233925	0.06274728	0.062256806
ERR6178957	4	dental calculus	0.06267583	0.06287125	0.06222238	0.06222238	0.06270502	0.06222238	0.06271887	0.0625584	0.062231407	0.06259374	0.06269373	0.06273499	0.062271953	0.06223036	0.06277449	0.062272828
ERR6178958	4	dental calculus	0.06257887	0.06285819	0.06223142	0.062222537	0.062420152	0.062222537	0.06259919	0.062485117	0.06271811	0.06262476	0.06260031	0.062628396	0.06225454	0.06258572	0.06267141	0.062298737
ERR6178959	4	dental calculus	0.062475234	0.06283945	0.06273423	0.06222255	0.06234548	0.06222255	0.06254964	0.06249599	0.06271812	0.06260676	0.062469788	0.06249216	0.06223065	0.062594	0.06270451	0.06229888
ERR6178960	4	dental calculus	0.06246708	0.062822044	0.06273423	0.0622301	0.062340993	0.06222255	0.062538795	0.062486894	0.06271812	0.06259745	0.062460583	0.06248349	0.06223065	0.06270419	0.06266395	0.062298875
ERR6178961	4	dental calculus	0.06259672	0.06286443	0.062231403	0.062222518	0.062503375	0.062222518	0.062627465	0.06251113	0.06271809	0.062525034	0.06263677	0.06263905	0.0622637	0.062398385	0.06274933	0.06229007
ERR6178962	4	dental calculus	0.06259573	0.06285666	0.062222525	0.062222525	0.062441938	0.062222525	0.06261814	0.062495798	0.062709	0.06262541	0.06261087	0.06264594	0.062254526	0.062467426	0.06272091	0.062290076
ERR6178963	4	dental calculus	0.06255329	0.062840015	0.06223143	0.06223009	0.062453505	0.062222544	0.06259077	0.06247721	0.062718116	0.062616	0.062567	0.062654	0.062262934	0.06258568	0.06270646	0.06229096
ERR6178964	4	dental calculus	0.06261326	0.06284925	0.062231354	0.06222247	0.06248567	0.06222247	0.06264327	0.062486485	0.062708944	0.06265872	0.062667675	0.0626794	0.06226286	0.06223045	0.06273905	0.06229867
ERR6178965	4	dental calculus	0.06258888	0.06285356	0.06223142	0.062230084	0.062454592	0.062222537	0.0625992	0.06250319	0.06271811	0.06261599	0.06256842	0.06264625	0.06225454	0.062492624	0.062721886	0.062298737
ERR6178966	4	dental calculus	0.06254511	0.06283957	0.062231425	0.062230088	0.062419057	0.06222254	0.0625992	0.062471546	0.06271811	0.06262476	0.062584825	0.06262044	0.06225454	0.062660694	0.06267922	0.062298864
ERR6178967	4	dental calculus	0.06257887	0.0628378	0.062222537	0.062222537	0.062418878	0.062222537	0.06261815	0.062487204	0.06270901	0.06261611	0.06261089	0.06264643	0.062254537	0.06257741	0.06268702	0.062290087
ERR6178968	4	dental calculus	0.06255329	0.062822424	0.062231433	0.062230095	0.062453505	0.062222548	0.062599204	0.06247057	0.06271812	0.06260735	0.06258487	0.06264605	0.062254548	0.062594	0.06271314	0.06229887
ERR6178969	4	dental calculus	0.062587574	0.06284819	0.06222253	0.06222253	0.062417064	0.06222253	0.062618144	0.0624785	0.0627181	0.06259802	0.06259304	0.062637545	0.06225453	0.062612526	0.06268701	0.06228217
ERR6178970	4	dental calculus	0.06258758	0.06285484	0.06222254	0.06222254	0.06242971	0.06222254	0.0625992	0.062485766	0.06271811	0.06261611	0.06260166	0.06262044	0.06225454	0.06257742	0.062680356	0.06230665
ERR6178971	4	dental calculus	0.06268475	0.06286981	0.062231347	0.062222462	0.06262833	0.062222462	0.06267442	0.06257035	0.062222462	0.062592484	0.062669374	0.06271974	0.062263645	0.062417254	0.06270452	0.062306575
ERR6178972	4	dental calculus	0.062554814	0.06283143	0.06223143	0.062222544	0.062455826	0.062222544	0.06260853	0.062469985	0.062718116	0.062515765	0.062610775	0.062647305	0.062263727	0.062660694	0.06268764	0.062298868
ERR6178973	4	dental calculus	0.06261466	0.062859826	0.06222246	0.06222246	0.06253158	0.06222246	0.0626791	0.062461715	0.06270894	0.06256668	0.062685505	0.06268138	0.06226364	0.062240273	0.062758505	0.062280815
ERR6178974	4	dental calculus	0.06246708	0.06284069	0.06273423	0.0622301	0.06233145	0.06222255	0.062538795	0.062477753	0.06271812	0.06261553	0.062477864	0.062500365	0.06223065	0.0626607	0.06265524	0.06229888
ERR6178975	4	dental calculus	0.06254393	0.06285188	0.06272524	0.06223006	0.062507495	0.062222514	0.0625644	0.06263851	0.062231086	0.06268132	0.062448215	0.06257063	0.062230613	0.06256679	0.06273045	0.062256888
ERR6178976	4	dental calculus	0.06267335	0.062887	0.06222241	0.06222241	0.06262564	0.06222241	0.06269409	0.06257845	0.06222241	0.06269355	0.06261732	0.06273416	0.062270064	0.06230714	0.06275674	0.062272858
ERR6178977	4	dental calculus	0.06252791	0.06282268	0.06273426	0.06223013	0.062384777	0.06222258	0.06254815	0.06247823	0.06271815	0.06250657	0.06252143	0.06250118	0.06223986	0.062577456	0.06267995	0.06230669
ERR6178978	4	dental calculus	0.06258758	0.06284888	0.062231425	0.06222254	0.062417075	0.06222254	0.06261006	0.062476624	0.062718116	0.06261611	0.06260167	0.06263735	0.06225454	0.06257742	0.06267141	0.062306654
ERR6178979	4	dental calculus	0.062580496	0.06286779	0.062222496	0.062222496	0.062471107	0.062222496	0.06265831	0.06249382	0.062708974	0.06255832	0.06264458	0.06268938	0.06226368	0.06237237	0.06274933	0.062274355
ERR6178980	4	dental calculus	0.06246696	0.062840044	0.06272527	0.062222548	0.06235397	0.062222548	0.062528975	0.062568575	0.062709026	0.06259741	0.062451392	0.06250916	0.062230647	0.062593624	0.06271465	0.062265214
ERR6178981	4	dental calculus	0.06268417	0.06289159	0.06222242	0.06222242	0.06263503	0.06222242	0.06267497	0.062617175	0.062230993	0.062584355	0.06264555	0.06273495	0.062263604	0.062324364	0.06276394	0.06228206
ERR6178982	4	dental calculus	0.06259729	0.06283918	0.062222548	0.06223009	0.06245693	0.062222548	0.06260854	0.062478196	0.062718116	0.062515765	0.062626794	0.06263039	0.06226373	0.062585734	0.06269749	0.062306657
ERR6178983	4	dental calculus	0.06269287	0.06290197	0.0622224	0.0622224	0.06265462	0.0622224	0.062704496	0.06254815	0.0622224	0.06259376	0.06267746	0.06273493	0.062263582	0.06229923	0.06275728	0.06228204
ERR6178984	4	dental calculus	0.06258904	0.06284066	0.062734224	0.062222548	0.062550075	0.062222548	0.06258082	0.0625815	0.06223157	0.06255069	0.0625196	0.062555805	0.062239822	0.062595256	0.062695734	0.0622901
ERR6178985	4	dental calculus	0.06266616	0.06287492	0.062222425	0.062222425	0.062627256	0.062222425	0.06265764	0.06263306	0.062230997	0.06269389	0.06261602	0.06271491	0.062254425	0.062342126	0.062756754	0.062264577
ERR6178986	4	dental calculus	0.06260347	0.06283352	0.062222492	0.062222492	0.06246797	0.062222492	0.06265185	0.062517494	0.06270897	0.06265906	0.06260105	0.06266935	0.062254496	0.062342197	0.06275843	0.062264647
ERR6178987	4	dental calculus	0.06257889	0.06281435	0.062231436	0.06222255	0.06243748	0.06222255	0.06259921	0.062487833	0.06271812	0.06260669	0.062592514	0.0626282	0.062254556	0.06262086	0.062678084	0.062306665
ERR6178988	4	dental calculus	0.062613264	0.062865004	0.062231366	0.06222248	0.062441893	0.06222248	0.06265191	0.06251229	0.06270896	0.062667385	0.0626276	0.06267024	0.062254485	0.06229773	0.06273078	0.062282123
ERR6430820	1	marine sediment	0.071591325	0.07162361	0.071006395	0.07101789	0.07181642	0.07104495	0.07175547	0.071006395	0.0	0.07161847	0.07176458	0.07175406	0.071251154	0.0	0.07173187	0.07101739
ERR6430821	1	marine sediment	0.071591705	0.07159091	0.07100651	0.07130058	0.07179953	0.07100651	0.07173793	0.07100651	0.0	0.07156293	0.071778975	0.07167441	0.07122897	0.0	0.07169702	0.071017504
ERR6430822	1	marine sediment	0.07159926	0.071560465	0.07100648	0.07100648	0.07180893	0.071210265	0.07175555	0.07100648	0.0	0.071607985	0.07180309	0.07171745	0.071251236	0.0	0.07164889	0.07101747
ERR6430823	1	marine sediment	0.071512714	0.07155865	0.07100656	0.07100656	0.07179773	0.07162552	0.07168243	0.071016096	0.0	0.071547344	0.07177881	0.07171795	0.07125132	0.0	0.07148077	0.071017556
ERR6430825	1	marine sediment	0.071576275	0.071636155	0.071006365	0.071006365	0.071844846	0.071016625	0.07177932	0.071006365	0.0	0.07161844	0.071777865	0.07171691	0.071251124	0.0	0.071746	0.071017355
ERR6430828	1	marine sediment	0.07161341	0.07161128	0.071006395	0.071006395	0.07182122	0.07105151	0.07175547	0.071006395	0.0	0.07160672	0.071800895	0.07172966	0.071251154	0.0	0.07172214	0.071017385
ERR6430830	1	marine sediment	0.0715757	0.07161049	0.07100645	0.07100645	0.07182127	0.071142204	0.07176662	0.07100645	0.0	0.07161852	0.07179013	0.07167979	0.071251206	0.0	0.0717073	0.07101744
ERR6430831	1	marine sediment	0.07153972	0.07158609	0.07100654	0.07100654	0.07183282	0.07139609	0.07171771	0.07100654	0.0	0.07155847	0.071763895	0.07172993	0.071251296	0.0	0.07158683	0.071017526
ERR6430832	1	marine sediment	0.07156231	0.07157119	0.07100654	0.07100654	0.07180939	0.07135877	0.07174283	0.07100654	0.0	0.0715957	0.07181573	0.07165564	0.071251296	0.0	0.07158878	0.07102876
ERR6430833	1	marine sediment	0.07156291	0.07157243	0.071006484	0.071006484	0.07183277	0.07119837	0.07175556	0.071006484	0.0	0.07159565	0.07179031	0.071729876	0.07125124	0.0	0.071648896	0.07104257
ERR6430834	1	marine sediment	0.07160036	0.07161124	0.07100636	0.07100636	0.07182119	0.07100636	0.071766615	0.07100636	0.0	0.07161843	0.07178904	0.07175541	0.07125112	0.0	0.0717438	0.071017355
ERR6430836	1	marine sediment	0.071594745	0.07159092	0.07100652	0.07131214	0.07179837	0.07100652	0.071737945	0.07100652	0.0	0.071562946	0.071753494	0.07167459	0.071240745	0.0	0.071697034	0.07101751
ERR6430838	1	marine sediment	0.07160104	0.07161127	0.07100639	0.07100639	0.07180785	0.07103002	0.07175546	0.07101592	0.0	0.07161846	0.07180243	0.07174208	0.07125115	0.0	0.07173419	0.07101738
ERR6430839	1	marine sediment	0.07160178	0.07163588	0.071006365	0.071006365	0.07183265	0.071006365	0.07177932	0.071006365	0.0	0.07161844	0.07176337	0.07173084	0.071251124	0.0	0.0717438	0.071017355
ERR6430840	1	marine sediment	0.07148761	0.07153403	0.07100655	0.07100655	0.07180941	0.0717151	0.07168191	0.07100655	0.0	0.07154733	0.071791165	0.071631715	0.07125131	0.0	0.07151322	0.07101754
ERR6430841	1	marine sediment	0.07160012	0.0716236	0.07100639	0.07100639	0.07182121	0.07104224	0.07177934	0.07100639	0.0	0.07161846	0.07179007	0.07174162	0.07125115	0.0	0.071695656	0.07101738
ERR6430842	1	marine sediment	0.07152552	0.071586095	0.071006544	0.071006544	0.07182137	0.07138498	0.07171853	0.071006544	0.0	0.07157022	0.071778014	0.071705334	0.0712513	0.0	0.07160971	0.0710293
ERR6430843	1	marine sediment	0.0715932	0.071590945	0.071006544	0.07130062	0.07179956	0.07103018	0.071714096	0.071006544	0.0	0.07156297	0.07175233	0.07168786	0.07124077	0.0	0.0716851	0.0710293
ERR6430845	1	marine sediment	0.0716137	0.07163525	0.071006365	0.071006365	0.07180832	0.071006365	0.071766615	0.071006365	0.0	0.07161844	0.071777865	0.07174206	0.071251124	0.0	0.07174381	0.07101736
ERR6430846	1	marine sediment	0.07160097	0.07162358	0.071006365	0.071006365	0.07183338	0.071006365	0.07177932	0.071006365	0.0	0.07161843	0.071751185	0.07175482	0.07125112	0.0	0.07174439	0.071017355
ERR6430847	1	marine sediment	0.0715647	0.071623586	0.07100637	0.07102975	0.07184485	0.07100637	0.071779326	0.07100637	0.0	0.071618445	0.07177787	0.071742065	0.07125113	0.0	0.0717318	0.07101736
ERR6430848	1	marine sediment	0.07157745	0.071598366	0.07100645	0.07100645	0.07182127	0.07115344	0.07176662	0.07100645	0.0	0.07160677	0.07182475	0.07166738	0.071251206	0.0	0.071695976	0.07101744
ERR6430849	1	marine sediment	0.07160097	0.07164653	0.071006365	0.071006365	0.0718101	0.071006365	0.07177932	0.071006365	0.0	0.07160669	0.071788505	0.07174206	0.071251124	0.0	0.0717319	0.071017355
ERR6430850	1	marine sediment	0.07158955	0.071611606	0.071006365	0.071006365	0.07183265	0.07101824	0.071779326	0.071006365	0.0	0.07161844	0.07177673	0.07174206	0.071251124	0.0	0.07174381	0.07101736
ERR6430851	1	marine sediment	0.071576305	0.071625546	0.071006395	0.07105981	0.07180974	0.071006395	0.071769856	0.071006395	0.0	0.07160691	0.07179008	0.07174209	0.071251154	0.0	0.07173194	0.071017385
ERR6589621	1	tooth	0.07183123	0.07178666	0.07100637	0.07105103	0.07173714	0.07102129	0.071525104	0.071051076	0.0	0.07162323	0.071634576	0.07173549	0.071128234	0.0	0.07182612	0.071042456
ERR6589622	1	tooth	0.07174079	0.07193288	0.07100649	0.07105115	0.071636334	0.07102141	0.07148964	0.071367644	0.0	0.071569204	0.07155542	0.07165541	0.07111898	0.0	0.07180082	0.07105382
ERR6589623	1	tooth	0.071819335	0.071777835	0.07100634	0.071051	0.071736254	0.07102126	0.071525075	0.07100634	0.0	0.07164519	0.071671255	0.07173546	0.07115028	0.0	0.07183704	0.07101733
ERR6589624	1	tooth	0.07181875	0.07176614	0.071006335	0.071050994	0.07174793	0.07102125	0.07152507	0.071006335	0.0	0.071645185	0.071671255	0.07176013	0.07113853	0.0	0.07182477	0.071017325
ERR6589625	1	tooth	0.07181891	0.071766146	0.071006335	0.071050994	0.07174794	0.07102125	0.0715373	0.071006335	0.0	0.07164519	0.071671255	0.07173546	0.07113853	0.0	0.07183703	0.07101733
ERR6589626	1	tooth	0.07179461	0.07177805	0.07100633	0.07100633	0.07175969	0.071021244	0.07154716	0.07100633	0.0	0.07164518	0.07168276	0.07177151	0.071150266	0.0	0.071802	0.07102855
ERR6589627	1	tooth	0.07173863	0.07190427	0.0710065	0.07105116	0.07166918	0.071021415	0.071480244	0.071300976	0.0	0.071558714	0.07158882	0.071673974	0.071138695	0.0	0.07180182	0.0710656
ERR6589628	1	tooth	0.0718054	0.071827665	0.07100635	0.07105101	0.071750216	0.071021274	0.07151334	0.07100635	0.0	0.07162384	0.071646325	0.07174502	0.07113855	0.0	0.071810454	0.071054205
ERR6589629	1	tooth	0.07157898	0.071889244	0.07175098	0.07112696	0.07137161	0.07102158	0.07143914	0.071386695	0.0	0.07155311	0.071417354	0.071547434	0.071128525	0.0	0.07177072	0.07101766
ERR6589630	1	tooth	0.07179188	0.07190404	0.07100635	0.07105101	0.071727276	0.07102127	0.071540974	0.07102789	0.0	0.07160161	0.071622714	0.07169866	0.07112821	0.0	0.07182392	0.071054205
ERR7919459	1	dental calculus	0.071692936	0.071778744	0.07100656	0.07105997	0.07172593	0.07153478	0.07147635	0.07100656	0.0	0.071552694	0.07167774	0.07167725	0.071150504	0.0	0.071642436	0.07101755
ERR7919460	1	dental calculus	0.07165532	0.07173192	0.07100654	0.07100654	0.07165951	0.07108096	0.07173029	0.071085334	0.0	0.07157379	0.07174524	0.07167779	0.07120279	0.0	0.07169857	0.07114541
ERR7919462	1	dental calculus	0.07164548	0.071822844	0.07100657	0.07100657	0.07168858	0.07124998	0.07157319	0.07119053	0.0	0.071649335	0.07170979	0.071678266	0.071140766	0.0	0.071608536	0.071029566
ERR7919463	1	dental calculus	0.07181962	0.071860544	0.07100639	0.07106254	0.07169112	0.0710213	0.07152512	0.071060546	0.0	0.0716335	0.0716358	0.071692534	0.07113858	0.0	0.07180909	0.07104331
ERR7919464	1	dental calculus	0.071782194	0.071778044	0.07100632	0.07100632	0.071759686	0.07102124	0.07154715	0.07100632	0.0	0.07164517	0.0716953	0.071759075	0.07115026	0.0	0.071825616	0.07101731
ERR7919465	1	dental calculus	0.071771204	0.071853235	0.07100639	0.07100639	0.071694024	0.0710213	0.0715349	0.07105264	0.0	0.07163353	0.0716717	0.0717373	0.07110611	0.0	0.071788944	0.071122326
ERR7919466	1	dental calculus	0.07153548	0.0718523	0.071751095	0.07117737	0.071459055	0.071558	0.07139625	0.071070395	0.0	0.07156859	0.07144419	0.07149433	0.07110886	0.0	0.07153155	0.07105254
ERR7919467	1	dental calculus	0.07161639	0.07170599	0.07100667	0.0711213	0.07168115	0.0711904	0.07170381	0.07108547	0.0	0.07154003	0.07170601	0.071593754	0.071202934	0.0	0.07167542	0.07117068
ERR7919468	1	dental calculus	0.07169395	0.07185222	0.07175095	0.07112549	0.071426645	0.07102154	0.071459934	0.07106914	0.0	0.0715361	0.071493074	0.07154022	0.071104474	0.0	0.071781114	0.07114511
ERR7919469	1	dental calculus	0.07178029	0.07177413	0.07100642	0.07100642	0.07175978	0.07116704	0.07152344	0.07100642	0.0	0.07162235	0.07168736	0.07170955	0.071150355	0.0	0.07177716	0.071029276
ERR7919470	1	dental calculus	0.07173763	0.07180359	0.071006514	0.07130059	0.07171434	0.07102143	0.07150595	0.07105277	0.0	0.071578	0.07167392	0.071669795	0.07113994	0.0	0.07175488	0.071040645
ERR7919471	1	dental calculus	0.071782194	0.071778044	0.07100632	0.07100632	0.071759686	0.07102124	0.07154715	0.07100632	0.0	0.07164517	0.0716953	0.071759075	0.07115026	0.0	0.071825616	0.07101731
ERR7919472	1	dental calculus	0.07166814	0.07187732	0.07175085	0.071027264	0.071505465	0.071021445	0.07149146	0.07102507	0.0	0.071547545	0.07151416	0.07156284	0.07112947	0.0	0.07181542	0.07106353
ERR7919473	1	dental calculus	0.07175661	0.07182709	0.07100643	0.07101792	0.07171362	0.07116779	0.07154726	0.07100643	0.0	0.07170028	0.07168889	0.07163535	0.07112751	0.0	0.071752615	0.07105219
ERR7919474	1	dental calculus	0.07174768	0.07189676	0.07100652	0.07101801	0.07165928	0.071201764	0.07149082	0.07114566	0.0	0.07161319	0.07164295	0.07166088	0.07115047	0.0	0.071713716	0.07105228
ERR7919475	1	dental calculus	0.07171696	0.07186639	0.07100644	0.07101773	0.07165664	0.071045	0.0714903	0.07101569	0.0	0.0717022	0.071739234	0.0716717	0.07119157	0.0	0.071734846	0.07114531
ERR7919476	1	dental calculus	0.0717575	0.071888365	0.07100648	0.07109769	0.07168957	0.07120339	0.0715235	0.07100648	0.0	0.071646646	0.07165234	0.07164496	0.071150415	0.0	0.0717152	0.07101747
ERR7919477	1	dental calculus	0.071718335	0.071822986	0.07100656	0.07100656	0.07165039	0.071069494	0.07152586	0.07113958	0.0	0.071588844	0.071688384	0.07165849	0.07121442	0.0	0.071739525	0.07117057
ERR7919478	1	dental calculus	0.07179711	0.07190284	0.07100645	0.07107136	0.07161033	0.07103452	0.071502	0.07108525	0.0	0.071670026	0.07166268	0.07163896	0.07110243	0.0	0.07177072	0.071145326
ERR7919479	1	dental calculus	0.07144854	0.071858875	0.071751185	0.071389444	0.071415834	0.07156026	0.07141462	0.07113426	0.0	0.07151034	0.07134909	0.07142917	0.07118872	0.0	0.07149703	0.07105262
ERR7919480	1	dental calculus	0.07174607	0.07187311	0.07100649	0.07101798	0.07170253	0.07138744	0.071487285	0.07100649	0.0	0.07160082	0.07171298	0.07160362	0.07115043	0.0	0.071687266	0.07101748
ERR7919481	1	dental calculus	0.071745135	0.071869306	0.07100636	0.07101785	0.07174864	0.07106884	0.07152338	0.07100636	0.0	0.07162359	0.071663275	0.07175086	0.071150295	0.0	0.07179692	0.07102921
ERR7919482	1	dental calculus	0.07175822	0.071855284	0.071006365	0.071017854	0.07172564	0.0710693	0.07152339	0.071006365	0.0	0.07169964	0.071701035	0.07169105	0.07113919	0.0	0.07176582	0.071040854
ERR7919483	1	dental calculus	0.071796104	0.07187912	0.07100638	0.07100638	0.0717257	0.071021296	0.07153602	0.0711146	0.0	0.07161211	0.071636684	0.0716842	0.071138576	0.0	0.071802564	0.07104027
ERR7919484	1	dental calculus	0.07180706	0.07181043	0.071006335	0.071006335	0.07173743	0.07103151	0.07153589	0.071006335	0.0	0.071633436	0.07169711	0.071733736	0.07115028	0.0	0.07180329	0.071040824
ERR7919485	1	dental calculus	0.07180849	0.07184756	0.07100638	0.071062535	0.071691774	0.071021296	0.07151384	0.071060546	0.0	0.0716911	0.07162575	0.071704485	0.071138576	0.0	0.07179842	0.07102924
ERR7919486	1	dental calculus	0.0717673	0.0718242	0.0710064	0.0710064	0.07174869	0.07116703	0.071523435	0.07101714	0.0	0.07161248	0.07167436	0.071736164	0.0711386	0.0	0.0717604	0.0710174
ERR7919487	1	dental calculus	0.07154213	0.07175368	0.07100667	0.0711386	0.07164445	0.07159465	0.07166276	0.07106083	0.0	0.07151564	0.071703225	0.07166679	0.07122806	0.0	0.07146485	0.07101766
ERR7919488	1	dental calculus	0.07179399	0.07198026	0.07100634	0.071080506	0.07166893	0.07103442	0.071514204	0.071014695	0.0	0.07158926	0.07165466	0.071681134	0.07111955	0.0	0.07180996	0.071052104
ERR7919489	1	dental calculus	0.071706615	0.07195487	0.0710065	0.07104015	0.07169199	0.07143498	0.071451515	0.0710065	0.0	0.0715636	0.071630485	0.07168126	0.07112896	0.0	0.071650304	0.07105226
ERR7919490	1	dental calculus	0.07177002	0.071916245	0.07100633	0.07101782	0.071726255	0.071043946	0.07153588	0.07100633	0.0	0.07168972	0.0716887	0.071691945	0.0711274	0.0	0.07175024	0.071029186
ERR7919491	1	dental calculus	0.07169364	0.071800776	0.07100655	0.071062446	0.0716485	0.07106949	0.07151224	0.07108535	0.0	0.07161044	0.07174279	0.07165723	0.071214415	0.0	0.07175071	0.07114542
ERR7919492	1	dental calculus	0.07176959	0.07181124	0.07100638	0.07101787	0.071748	0.07106642	0.071523406	0.07100638	0.0	0.07163349	0.07170041	0.071722396	0.07115032	0.0	0.071791984	0.071052134
ERR7919493	1	dental calculus	0.07180847	0.07192982	0.071006365	0.07106252	0.071691856	0.07102128	0.071513824	0.07106052	0.0	0.07168049	0.07161403	0.07166746	0.07113856	0.0	0.071775556	0.07102922
ERR7919494	1	dental calculus	0.07154344	0.071763776	0.071006656	0.07116286	0.07166678	0.07161764	0.0716714	0.071006656	0.0	0.07151563	0.07167809	0.071632296	0.07122804	0.0	0.071489096	0.071017645
ERR7919495	1	dental calculus	0.071797125	0.07188885	0.07100643	0.07119475	0.07166969	0.07102135	0.071503304	0.07100643	0.0	0.07160037	0.07164881	0.07170987	0.07114099	0.0	0.07175985	0.071052186
ERR7919496	1	dental calculus	0.071782194	0.071778044	0.07100632	0.07100632	0.071759686	0.07102124	0.07154715	0.07100632	0.0	0.07164517	0.0716953	0.071759075	0.07115026	0.0	0.071825616	0.07101731
ERR7919497	1	dental calculus	0.07176927	0.0718688	0.07100647	0.071286246	0.071692206	0.071021385	0.07150168	0.07100647	0.0	0.07160112	0.07167884	0.071631	0.07112929	0.0	0.071755	0.07105223
ERR7919498	1	dental calculus	0.071463145	0.07172027	0.07100675	0.07100675	0.071676746	0.071546316	0.07152292	0.07143461	0.0	0.0715787	0.071637556	0.07164843	0.071220756	0.0	0.07148233	0.07105471
ERR7919499	1	dental calculus	0.071782194	0.071778044	0.07100632	0.07100632	0.071759686	0.07102124	0.07154715	0.07100632	0.0	0.07164517	0.0716953	0.071759075	0.07115026	0.0	0.071825616	0.07101731
ERR7919500	1	dental calculus	0.071545824	0.07186066	0.07101728	0.07144474	0.07150779	0.07156021	0.0713868	0.07138715	0.0	0.07168304	0.07139209	0.07152352	0.07109952	0.0	0.07151412	0.07107725
ERR7919501	1	dental calculus	0.07174644	0.07183217	0.071006425	0.07107338	0.07171468	0.07102134	0.07154726	0.07108523	0.0	0.07167647	0.071686454	0.07170627	0.071129866	0.0	0.07173347	0.071040556
ERR7919502	1	dental calculus	0.07176955	0.07194588	0.071006514	0.07117132	0.07166805	0.071178384	0.071479596	0.07105641	0.0	0.071634285	0.07159786	0.07161831	0.07112034	0.0	0.071701206	0.071052276
ERR7919503	1	dental calculus	0.07170628	0.071839355	0.07100657	0.07110929	0.07171559	0.07160692	0.07145063	0.07100657	0.0	0.07155251	0.07163915	0.07165667	0.07113877	0.0	0.071554154	0.07101756
ERR7919504	1	dental calculus	0.071725674	0.07183365	0.07100664	0.071627565	0.071557865	0.071034715	0.07126419	0.07110127	0.0	0.07161222	0.07144127	0.07157641	0.0710261	0.0	0.07161848	0.07157395
ERR7919505	1	dental calculus	0.07173649	0.07184896	0.071006514	0.07143348	0.07169339	0.07102143	0.071494676	0.071023874	0.0	0.071577966	0.07165031	0.07163603	0.071099825	0.0	0.07172477	0.071052276
ERR7919506	1	dental calculus	0.07172576	0.071944214	0.071016945	0.07116268	0.071565345	0.07106879	0.07150642	0.07107273	0.0	0.07176231	0.07163821	0.07158825	0.07112755	0.0	0.07175811	0.07106269
ERR7919507	1	dental calculus	0.071513064	0.07169419	0.071006656	0.07106281	0.07167932	0.07104151	0.07169515	0.07143451	0.0	0.07161271	0.071604356	0.071667	0.0712398	0.0	0.071682796	0.071066126
ERR7919508	1	dental calculus	0.07166115	0.07190635	0.071750924	0.0710181	0.07140232	0.07102153	0.07146804	0.071170166	0.0	0.07162823	0.07145587	0.07153074	0.07110259	0.0	0.071738504	0.07114548
ERR7919509	1	dental calculus	0.071782194	0.071778044	0.07100632	0.07100632	0.071759686	0.07102124	0.07154715	0.07100632	0.0	0.07164517	0.0716953	0.071759075	0.07115026	0.0	0.071825616	0.07101731
ERR7919510	1	dental calculus	0.07154479	0.0718278	0.071751125	0.07128755	0.07143768	0.071560204	0.07140978	0.071056694	0.0	0.07153132	0.07144569	0.071508855	0.07109952	0.0	0.07148643	0.071052566
ERR7919511	1	dental calculus	0.07167835	0.071873926	0.07100659	0.07100659	0.07165565	0.07152351	0.071486525	0.0710933	0.0	0.07157933	0.07169129	0.07163474	0.071138784	0.0	0.07156731	0.071064115
ERR7919512	1	dental calculus	0.071782194	0.071778044	0.07100632	0.07100632	0.071759686	0.07102124	0.07154715	0.07100632	0.0	0.07164517	0.0716953	0.071759075	0.07115026	0.0	0.071825616	0.07101731
ERR7919513	1	dental calculus	0.07168209	0.071857356	0.07175092	0.071071506	0.07149439	0.07104515	0.07145828	0.071093306	0.0	0.071524575	0.07150042	0.07153599	0.071140796	0.0	0.071804486	0.07104073
ERR7919514	1	dental calculus	0.07172703	0.07192182	0.07101694	0.07107138	0.07158768	0.071032606	0.07151563	0.07115663	0.0	0.07171694	0.071641184	0.07162962	0.071138665	0.0	0.07178043	0.07106346
ERR7919515	1	dental calculus	0.07176771	0.07183382	0.0710064	0.0710064	0.07173815	0.07116703	0.07152343	0.0710064	0.0	0.07160144	0.07169797	0.07172391	0.07115034	0.0	0.07175958	0.07101739
ERR7919516	1	dental calculus	0.07176675	0.07189088	0.07100652	0.07102868	0.0716399	0.071053915	0.071451075	0.07111469	0.0	0.07156514	0.071715295	0.07162115	0.07112536	0.0	0.07173789	0.07128276
ERR7919517	1	dental calculus	0.071782194	0.071778044	0.07100632	0.07100632	0.071759686	0.07102124	0.07154715	0.07100632	0.0	0.07164517	0.0716953	0.071759075	0.07115026	0.0	0.071825616	0.07101731
ERR7919518	1	dental calculus	0.07161613	0.07193656	0.07100671	0.071446456	0.071530685	0.07156011	0.07139932	0.071134105	0.0	0.071740024	0.07143675	0.07153606	0.071099415	0.0	0.071468756	0.071088925
ERR7919519	1	dental calculus	0.0717705	0.07184494	0.07100636	0.07100636	0.07173741	0.071021274	0.07153599	0.07108201	0.0	0.071633466	0.07167412	0.071706034	0.07113855	0.0	0.071825646	0.07101735
ERR7919520	1	dental calculus	0.071442425	0.07170737	0.071751095	0.071097985	0.07149048	0.07141175	0.07167363	0.071006775	0.0	0.07149816	0.07158811	0.07144762	0.07123977	0.0	0.07161301	0.07103183
ERR7919521	1	dental calculus	0.07153488	0.07188041	0.07100677	0.07139282	0.07150651	0.071583174	0.071372256	0.07141022	0.0	0.071774386	0.07140576	0.07151721	0.07109948	0.0	0.07145184	0.0710643
ERR7919522	1	dental calculus	0.07174392	0.07185535	0.07100651	0.07109772	0.07168977	0.07126369	0.07150003	0.07100651	0.0	0.07161202	0.071672805	0.07165909	0.071150444	0.0	0.07172466	0.0710175
ERR7919523	1	dental calculus	0.071796134	0.07185552	0.0710064	0.0710064	0.07169394	0.07102132	0.07151149	0.071082056	0.0	0.07162301	0.071660876	0.0716947	0.0711135	0.0	0.07181292	0.071121745
ERR7919524	1	dental calculus	0.07180528	0.071821965	0.071006335	0.071006335	0.07172695	0.07103151	0.07153493	0.071006335	0.0	0.07162241	0.071696706	0.07171292	0.07113853	0.0	0.07183771	0.07105209
ERR7919525	1	dental calculus	0.07169612	0.0719554	0.07100657	0.07119977	0.071671136	0.071400814	0.071462326	0.071023926	0.0	0.07164152	0.07156917	0.07162502	0.07109928	0.0	0.07160827	0.0710407
ERR7919526	1	dental calculus	0.07156508	0.07179794	0.071006626	0.07107442	0.07167699	0.0710318	0.07153832	0.071387984	0.0	0.07165118	0.07158077	0.07167059	0.071229875	0.0	0.07172233	0.071066104
ERR7919527	1	dental calculus	0.07178141	0.07197202	0.07100635	0.071084805	0.07169184	0.07102127	0.07153591	0.07100635	0.0	0.071621716	0.07165326	0.07168116	0.07112917	0.0	0.07176263	0.07105211
ERR7919528	1	dental calculus	0.07162163	0.071802735	0.07175101	0.0711163	0.071403556	0.07102161	0.071629085	0.07116123	0.0	0.07157504	0.07146536	0.07149257	0.07110268	0.0	0.07171163	0.071145564
ERR7919529	1	dental calculus	0.07168395	0.07186956	0.07100666	0.071297966	0.071661524	0.0714009	0.071454205	0.07107819	0.0	0.07163005	0.07157176	0.07160696	0.07109937	0.0	0.0715981	0.071040794
ERR7919530	1	dental calculus	0.0717027	0.071911395	0.07101699	0.07109361	0.071575165	0.07102144	0.07150399	0.07129165	0.0	0.07162914	0.07160812	0.071644634	0.07113872	0.0	0.07181016	0.07105228
ERR7919531	1	dental calculus	0.07173385	0.07190717	0.07100647	0.07109768	0.07169007	0.07116845	0.07153603	0.07100647	0.0	0.07164664	0.07166413	0.07165973	0.07112893	0.0	0.07170217	0.07105223
ERR7919532	1	dental calculus	0.071675286	0.07180871	0.071006685	0.07160526	0.07156962	0.0710216	0.07127808	0.071067385	0.0	0.07164528	0.07147139	0.07157691	0.071115196	0.0	0.07159597	0.07156264
ERR7919533	1	dental calculus	0.07172735	0.07190409	0.07100658	0.07167255	0.07162518	0.07106952	0.07144067	0.07111357	0.0	0.07159951	0.07150272	0.07159953	0.07108878	0.0	0.07159759	0.07105234
ERR7919534	1	dental calculus	0.071542636	0.07178759	0.07100665	0.07116286	0.07166706	0.07160497	0.07163659	0.07100665	0.0	0.071503304	0.07169707	0.07164554	0.07121829	0.0	0.07149128	0.07102951
ERR7919535	1	dental calculus	0.0717477	0.07191882	0.07100647	0.07129113	0.07168245	0.07103454	0.07153603	0.07102383	0.0	0.07167883	0.07156874	0.0716409	0.071099184	0.0	0.071719155	0.07105223
ERR7919536	1	dental calculus	0.07172074	0.07191472	0.07100649	0.0710714	0.07161208	0.07102141	0.0715279	0.0710853	0.0	0.07164407	0.07163714	0.071639	0.071191624	0.0	0.07178276	0.07114536
ERR7919537	1	dental calculus	0.07175746	0.07187105	0.07100639	0.07110911	0.071734466	0.07102131	0.07153725	0.07100639	0.0	0.0716335	0.07168381	0.07169546	0.07113859	0.0	0.071762495	0.071042724
ERR7919538	1	dental calculus	0.071808115	0.07186282	0.07100639	0.07106254	0.07168003	0.0710213	0.07151385	0.071060546	0.0	0.07172318	0.07163579	0.07163557	0.07112746	0.0	0.07181027	0.07105215
ERR7919539	1	dental calculus	0.07174598	0.07183403	0.07100645	0.071133815	0.07168465	0.07102136	0.07152397	0.07100645	0.0	0.0716453	0.07159866	0.07176106	0.071115546	0.0	0.071789086	0.07113367
ERR7919540	1	dental calculus	0.071782194	0.071778044	0.07100632	0.07100632	0.071759686	0.07102124	0.07154715	0.07100632	0.0	0.07164517	0.0716953	0.071759075	0.07115026	0.0	0.071825616	0.07101731
ERR7919541	1	dental calculus	0.07170679	0.07183341	0.07100654	0.071071446	0.07172646	0.07143683	0.071476325	0.07100654	0.0	0.07156382	0.07168757	0.07172452	0.071128994	0.0	0.07160138	0.07102939
ERR7919542	1	dental calculus	0.071748614	0.07194217	0.07101689	0.07104008	0.07163365	0.07102135	0.07152375	0.07116741	0.0	0.07171876	0.071618885	0.07160126	0.071127504	0.0	0.07178671	0.07105296
ERR7919543	1	dental calculus	0.071693905	0.07188445	0.0717509	0.07107149	0.07146656	0.0710215	0.07148205	0.07106074	0.0	0.07153606	0.07148956	0.07153471	0.07112904	0.0	0.071787514	0.071091525
ERR7919544	1	dental calculus	0.07166939	0.071898006	0.071006596	0.07120729	0.07167971	0.0713903	0.071515046	0.071006596	0.0	0.07155215	0.071628086	0.07167296	0.07111968	0.0	0.07160181	0.07105236
ERR7919545	1	dental calculus	0.071782194	0.071778044	0.07100632	0.07100632	0.071759686	0.07102124	0.07154715	0.07100632	0.0	0.07164517	0.0716953	0.071759075	0.07115026	0.0	0.071825616	0.07101731
ERR7919546	1	dental calculus	0.071782194	0.071778044	0.07100632	0.07100632	0.071759686	0.07102124	0.07154715	0.07100632	0.0	0.07164517	0.0716953	0.071759075	0.07115026	0.0	0.071825616	0.07101731
ERR7919547	1	dental calculus	0.07169034	0.07186681	0.07100651	0.07112647	0.07162388	0.07103457	0.07168671	0.07100651	0.0	0.071574405	0.07163945	0.07166681	0.071204625	0.0	0.07173918	0.07113373
ERR7919548	1	dental calculus	0.07168536	0.07187068	0.07101693	0.07101795	0.071704336	0.07102138	0.07153594	0.07125592	0.0	0.071613744	0.07165199	0.07171563	0.07115041	0.0	0.07175327	0.07100646
ERR7919641	1	dental calculus	0.0716805	0.071897015	0.071006544	0.07105995	0.07170134	0.07153477	0.07146507	0.071006544	0.0	0.0715089	0.07168537	0.07168241	0.07115048	0.0	0.07158044	0.071040675
ERR7919642	1	dental calculus	0.0717553	0.07191242	0.071006425	0.071006425	0.07171239	0.071191475	0.07151218	0.071006425	0.0	0.07160148	0.071663655	0.07169405	0.07115036	0.0	0.07173523	0.071052186
ERR7919643	1	dental calculus	0.071782194	0.071778044	0.07100632	0.07100632	0.071759686	0.07102124	0.07154715	0.07100632	0.0	0.07164517	0.0716953	0.071759075	0.07115026	0.0	0.071825616	0.07101731
ERR7919644	1	dental calculus	0.071782194	0.071778044	0.07100632	0.07100632	0.071759686	0.07102124	0.07154715	0.07100632	0.0	0.07164517	0.0716953	0.071759075	0.07115026	0.0	0.071825616	0.07101731
ERR7919645	1	dental calculus	0.071716525	0.07187611	0.07100655	0.07112651	0.07163437	0.07114349	0.071518086	0.07100655	0.0	0.07157831	0.07165186	0.07167038	0.07119306	0.0	0.071744636	0.07113354
ERR7919646	1	dental calculus	0.071686395	0.07181008	0.071017	0.07110924	0.071703404	0.071021445	0.07153462	0.07125599	0.0	0.071635425	0.071638785	0.07167124	0.071150474	0.0	0.071759365	0.07100653
ERR8050978	0	dental calculus	0.062458362	0.0627788	0.06273962	0.06222259	0.06231127	0.062276304	0.062488627	0.06253464	0.06267502	0.06270714	0.062477816	0.062430426	0.06231424	0.062624864	0.06266658	0.062293705
ERR9465622	2	lake sediment	0.077103205	0.07707888	0.0	0.07638999	0.07737344	0.07658702	0.07723024	0.07693524	0.07638999	0.077116355	0.077250026	0.07717917	0.0	0.07641623	0.07695021	0.0
ERR9465623	2	lake sediment	0.07707504	0.07707367	0.0	0.076390065	0.07740434	0.0768211	0.077210724	0.07693431	0.07640479	0.07706989	0.077104434	0.07723165	0.0	0.076390065	0.07688992	0.0
ERR9465624	2	lake sediment	0.077131905	0.07709031	0.0	0.07638996	0.077431545	0.07650181	0.07724138	0.07687985	0.076404676	0.07710019	0.07715215	0.077216595	0.0	0.07644361	0.07701602	0.0
ERR9465625	2	lake sediment	0.0772845	0.07727684	0.0	0.07638964	0.0774495	0.07638964	0.077332065	0.076620564	0.07638964	0.0771723	0.076835044	0.07730476	0.0	0.07638964	0.07716586	0.0
ERR9465626	2	lake sediment	0.077089526	0.077076435	0.0	0.07639	0.07743171	0.07691475	0.07728646	0.076688915	0.07639	0.077038825	0.07711376	0.07722599	0.0	0.07639	0.07696363	0.0
ERR9465627	2	lake sediment	0.07720756	0.07726178	0.0	0.07638974	0.07740834	0.076445855	0.07735993	0.07675327	0.07638974	0.077115834	0.076776855	0.07730509	0.0	0.07638974	0.077196255	0.0
ERR9465628	2	lake sediment	0.077250004	0.07730514	0.0	0.07638964	0.07738163	0.076404646	0.07735984	0.076742046	0.07638964	0.077114046	0.076664984	0.07734887	0.0	0.07638964	0.07725985	0.0
ERR9465629	2	lake sediment	0.077315345	0.07733752	0.0	0.076595135	0.077353366	0.07638971	0.07728758	0.07666346	0.07640326	0.077048205	0.07660262	0.07730637	0.0	0.07638971	0.07730773	0.0
ERR9465630	2	lake sediment	0.07728447	0.07733578	0.0	0.07638962	0.07737052	0.07638962	0.077332035	0.076633744	0.07638962	0.07715729	0.07674593	0.07733299	0.0	0.07638962	0.07724876	0.0
ERR9465631	2	lake sediment	0.07734511	0.07735055	0.0	0.07638951	0.077326775	0.07638951	0.07733192	0.076587066	0.07638951	0.07715717	0.076616	0.07737591	0.0	0.07638951	0.07735146	0.0
ERR9465632	2	lake sediment	0.0773451	0.07736516	0.0	0.07638949	0.07731215	0.07638949	0.07733191	0.07657188	0.07638949	0.07715716	0.07661599	0.0773759	0.0	0.07638949	0.07736678	0.0
ERR9612721	3	dental calculus	0.06265301	0.06282522	0.062233277	0.062447924	0.062569365	0.062241964	0.062618315	0.06251576	0.06230488	0.062674314	0.062586404	0.06264864	0.06236667	0.062281538	0.06272126	0.062311478
ERR9612722	3	dental calculus	0.06263496	0.06279205	0.062233336	0.062447984	0.0625616	0.062242027	0.062609404	0.062551394	0.06230494	0.06264644	0.062540315	0.06260805	0.06235075	0.06252973	0.06263548	0.062311538
ERR9612723	3	dental calculus	0.06254518	0.062930614	0.062222544	0.062411882	0.062551595	0.06223143	0.06263181	0.06260728	0.062256336	0.062629595	0.0625462	0.06264059	0.06235078	0.062406994	0.06272498	0.06231219
ERR9612724	3	dental calculus	0.06255832	0.06287372	0.062233284	0.06260329	0.06255955	0.062231462	0.06258437	0.06256535	0.062304888	0.06261015	0.06252927	0.06259871	0.06235199	0.062345944	0.062746786	0.062302906
ERR9612725	3	dental calculus	0.062609546	0.06282747	0.062233314	0.06246518	0.06249054	0.062242	0.06255084	0.062498707	0.06262481	0.06258609	0.06255838	0.06259791	0.06235839	0.062289763	0.062753364	0.062313676
ERR9612726	3	dental calculus	0.06266227	0.06289106	0.06223318	0.062222477	0.0625925	0.062241867	0.062666304	0.06255695	0.062256265	0.06267011	0.06260818	0.06266729	0.06237442	0.06228144	0.062762134	0.06231354
ERR9612727	3	dental calculus	0.062635146	0.06285958	0.062233265	0.062447913	0.06259185	0.062241953	0.06262977	0.062537245	0.06230487	0.06264462	0.06257506	0.06261583	0.06236666	0.062257454	0.062738	0.062320787
ERR9612728	3	dental calculus	0.062569685	0.062818855	0.062233333	0.06260333	0.06250677	0.062242024	0.062571146	0.06245568	0.062624834	0.062533595	0.06255327	0.06258105	0.062343724	0.06232785	0.062713996	0.062320855
ERR9612729	3	dental calculus	0.06262968	0.06285705	0.062233258	0.06248249	0.0625856	0.062241945	0.06260345	0.06248153	0.06230486	0.062698275	0.062585704	0.06260768	0.06235763	0.062272914	0.062753625	0.062304303
ERR9612730	3	dental calculus	0.062611565	0.06285846	0.062233258	0.062482487	0.0625859	0.062241945	0.06260185	0.062539384	0.06230486	0.06267019	0.0625827	0.06262494	0.06235763	0.06224661	0.06275392	0.0623043
ERR9612731	3	dental calculus	0.0625853	0.06289287	0.062233314	0.06244796	0.062465075	0.062231492	0.06253704	0.062480804	0.06262481	0.062569216	0.06254263	0.06261786	0.062358394	0.062387515	0.06271204	0.06231368
ERR9612732	3	dental calculus	0.06260295	0.06285112	0.06223333	0.062447976	0.062474728	0.06224202	0.062527	0.062451225	0.06262483	0.06260771	0.06254128	0.06262418	0.06235841	0.06238753	0.06270485	0.06232085
ERR9612733	3	dental calculus	0.06259408	0.06276077	0.062233374	0.06260337	0.06249315	0.06224206	0.06254326	0.062509954	0.06262487	0.062462173	0.0625235	0.06254059	0.062327787	0.062576205	0.06265327	0.062311575
ERR9612734	3	dental calculus	0.06263727	0.06282546	0.062233295	0.06244794	0.06258591	0.062241983	0.06262288	0.06255423	0.0623049	0.062617294	0.06258306	0.06261586	0.062352	0.06233601	0.06273041	0.062311497
ERR9612735	3	dental calculus	0.06257216	0.06280934	0.062222634	0.062447987	0.06250078	0.062242027	0.06257994	0.062492833	0.06262484	0.062530324	0.06254701	0.06260769	0.06234373	0.062433872	0.06274128	0.062303543
ERR9612736	3	dental calculus	0.062603004	0.06284121	0.062222574	0.06260328	0.062604785	0.062241968	0.06263734	0.06253128	0.062304884	0.0625388	0.062584	0.06259763	0.062351987	0.062292863	0.062740915	0.062303483
ERR9612737	3	dental calculus	0.062467486	0.062866844	0.062719084	0.062411975	0.06237705	0.06224203	0.06254022	0.06251805	0.06257608	0.06247946	0.06249134	0.062530495	0.062334403	0.062398884	0.06272524	0.062321357
ERR9612738	3	dental calculus	0.06253656	0.062858954	0.062719025	0.06225704	0.06239406	0.062231462	0.062547155	0.06259083	0.06257602	0.06257073	0.062483065	0.06257099	0.062349033	0.062307864	0.06273957	0.062267646
ERR9612739	3	dental calculus	0.062414706	0.062797084	0.06272988	0.06263802	0.06236601	0.062242042	0.062471785	0.062473793	0.0626509	0.06255809	0.062441513	0.06247908	0.062326577	0.062425263	0.06266388	0.06232137
ERR9612740	3	dental calculus	0.062481236	0.06281246	0.06272988	0.062482584	0.062358294	0.062242042	0.06251018	0.062435478	0.06262486	0.06260635	0.06245851	0.06251183	0.062341258	0.062395755	0.06269718	0.062312104
ERR9612741	3	dental calculus	0.06271274	0.062785104	0.062222455	0.062222455	0.06265153	0.06224185	0.062685	0.06258215	0.062222455	0.06260748	0.06262349	0.0627259	0.0623744	0.062281422	0.062793806	0.06226777
ERR9612742	3	dental calculus	0.06255379	0.06285811	0.062233318	0.062482547	0.06244986	0.062231496	0.06253466	0.062490724	0.06262482	0.0626607	0.06250527	0.06261507	0.062349375	0.06241388	0.06271273	0.062283654
ERR9612743	3	dental calculus	0.062455747	0.06284913	0.06271907	0.062638	0.062417775	0.062231503	0.06254898	0.06253691	0.06233084	0.062541865	0.062492408	0.06250289	0.062334858	0.06235418	0.062724516	0.062321343
ERR9612744	3	dental calculus	0.06262167	0.06289842	0.06222255	0.06225701	0.0625015	0.062231433	0.06261116	0.06252386	0.06257599	0.062586896	0.06254887	0.062658645	0.062357157	0.062389694	0.06274087	0.062274277
ERR9612745	3	dental calculus	0.06263567	0.062898226	0.06222252	0.062256984	0.06249201	0.062231407	0.06260104	0.06255573	0.06260198	0.062639564	0.06255019	0.06265848	0.062357128	0.062283725	0.06274169	0.062273666
ERR9612746	3	dental calculus	0.06253459	0.06286381	0.062233303	0.06263798	0.0625278	0.06223148	0.06258452	0.06253988	0.062304907	0.06258015	0.06252886	0.062598474	0.06234299	0.06246022	0.06273013	0.062300894
ERR9612747	3	dental calculus	0.06244494	0.062807366	0.06272989	0.062482588	0.062375717	0.062242046	0.062493235	0.062416527	0.0626509	0.06256803	0.062487245	0.06251317	0.062326577	0.062452063	0.062697604	0.062312108
ERR9612748	3	dental calculus	0.06256884	0.06285121	0.06223332	0.062482554	0.06250826	0.06224201	0.06255266	0.062514946	0.06259083	0.06259451	0.06254022	0.06262442	0.062334694	0.06231923	0.062721446	0.062320843
ERR9612749	3	dental calculus	0.06264245	0.062876426	0.062222514	0.062447865	0.062627316	0.0622314	0.062621094	0.06257708	0.062271006	0.062609166	0.06258223	0.06264764	0.062366612	0.062254757	0.06276392	0.062258516
ERR9612750	3	dental calculus	0.06251243	0.06284158	0.06271906	0.062447965	0.06251893	0.062231496	0.06255939	0.062470376	0.062296998	0.062590025	0.06254066	0.06256893	0.06235856	0.0623707	0.062723055	0.062249854
ERR9612751	3	dental calculus	0.062552325	0.06282763	0.062233347	0.06260335	0.06250542	0.06224204	0.06255247	0.062477123	0.06259086	0.06252509	0.06252002	0.062573545	0.06234374	0.06240975	0.06272242	0.06232087
ERR9612752	3	dental calculus	0.062474623	0.06284288	0.06272988	0.06237744	0.0623864	0.062242042	0.0625556	0.06251707	0.062542126	0.06250043	0.062491186	0.06254505	0.062343433	0.062433887	0.06270582	0.062312108
ERR9612753	3	dental calculus	0.06256782	0.06281284	0.062222634	0.06260334	0.06250729	0.062242027	0.06255042	0.06252111	0.062590845	0.062540755	0.06254188	0.062589444	0.062343728	0.062327854	0.06271716	0.06232086
ERR9612754	3	dental calculus	0.06259395	0.062795416	0.062233336	0.062447984	0.06251665	0.062242027	0.06257165	0.06252884	0.062624834	0.06260042	0.06253051	0.06260767	0.062343728	0.062327854	0.062714264	0.06232086
ERR9612755	3	dental calculus	0.06254922	0.06286906	0.062719025	0.062447928	0.0625089	0.06223146	0.06257847	0.06251453	0.062304888	0.06259908	0.062538706	0.06256901	0.06235852	0.06223076	0.06272349	0.06225697
ERR9612756	3	dental calculus	0.06258858	0.06285641	0.06223327	0.062482502	0.06257648	0.062231448	0.06259283	0.0625074	0.062304873	0.06271998	0.06256751	0.06263139	0.06235764	0.06235474	0.06272924	0.062265716
ERR9612757	3	dental calculus	0.06266963	0.06289557	0.062222496	0.062222496	0.06254667	0.062231377	0.06263019	0.062562376	0.06254197	0.06256622	0.06259248	0.06270785	0.062366124	0.062246554	0.0627395	0.062258493
ERR9612758	3	dental calculus	0.06256276	0.06288504	0.062719	0.062447913	0.06252453	0.062231444	0.062586814	0.062541634	0.062271055	0.062622316	0.06251877	0.06255964	0.062358506	0.062222563	0.06269821	0.062249802
ERR9612759	3	dental calculus	0.062593445	0.06283172	0.062233258	0.062637925	0.062634125	0.062231436	0.06263019	0.06253783	0.062271047	0.062565625	0.06259494	0.06260673	0.062342945	0.062292844	0.062730215	0.062265705
ERR9612760	3	dental calculus	0.062450316	0.06285138	0.06271907	0.062638	0.062462065	0.062231507	0.06256109	0.06247049	0.062304933	0.06250727	0.062530555	0.062510915	0.06233486	0.062407073	0.0627164	0.062304083
ERR9612761	3	dental calculus	0.06250822	0.06286823	0.062729836	0.062257066	0.06239351	0.06223149	0.062547885	0.06254985	0.06257604	0.062533066	0.062500365	0.06256191	0.062334374	0.062407058	0.062705606	0.06229549
ERR9612762	3	dental calculus	0.062495437	0.06287539	0.06271904	0.062447947	0.06250001	0.062231477	0.062549554	0.06254775	0.062304907	0.06260475	0.06251904	0.06256101	0.06234385	0.062301077	0.062723875	0.062274873
ERR9612763	3	dental calculus	0.0624777	0.0628287	0.06272989	0.062448006	0.062423974	0.062242046	0.06251959	0.062500305	0.06259087	0.06250524	0.06249209	0.0625356	0.062335595	0.0623989	0.062697165	0.062274348
ERR9612764	3	dental calculus	0.0626108	0.06283508	0.06222259	0.062603295	0.062585995	0.062241983	0.06262811	0.06250571	0.062304895	0.06254805	0.06257388	0.06258961	0.062351998	0.06232781	0.062749386	0.062320814
ERR9612765	3	dental calculus	0.06259555	0.06285937	0.062233303	0.06244795	0.06253399	0.062241994	0.0625718	0.06244094	0.062590815	0.062603556	0.06257838	0.06261528	0.062343694	0.06230108	0.06273005	0.062312245
ERR9612766	3	dental calculus	0.06260312	0.06284271	0.0622333	0.062482532	0.06253934	0.06224199	0.062571384	0.06245728	0.06259081	0.062588446	0.06257644	0.06260726	0.06233467	0.062292885	0.06275335	0.062284473
ERR9612767	3	dental calculus	0.06261168	0.06290655	0.062233265	0.062447913	0.06257853	0.062241953	0.06260251	0.06251478	0.06230487	0.062654346	0.06257428	0.06261583	0.062351972	0.06231098	0.06272975	0.062320787
ERR9612768	3	dental calculus	0.062571086	0.06289036	0.062233284	0.062482517	0.062534496	0.062231462	0.06260226	0.062529385	0.062304888	0.06262922	0.062573746	0.062615864	0.06234297	0.062398825	0.06274681	0.06231281
ERR9612769	3	dental calculus	0.062530175	0.062876895	0.062729836	0.06241194	0.062426023	0.062241998	0.06257192	0.062533	0.06254208	0.062517114	0.062510125	0.062537	0.062349055	0.062222604	0.062706076	0.062294163
ERR9612770	3	dental calculus	0.06262264	0.062856235	0.06223326	0.062222555	0.06253713	0.06224195	0.06262689	0.0624842	0.062575996	0.062603794	0.06257737	0.06266666	0.062366184	0.062363163	0.06273896	0.062283017
ERR9612771	3	dental calculus	0.062613755	0.062833585	0.0622226	0.062447954	0.06254617	0.062241994	0.062579855	0.062444523	0.062590815	0.06255676	0.062616274	0.062607646	0.062343698	0.06229289	0.062740654	0.06232083
ERR9612772	3	dental calculus	0.062603004	0.06283576	0.06223328	0.06260328	0.06261981	0.06224197	0.0626279	0.062501684	0.06227107	0.062547736	0.06260273	0.06260673	0.062351987	0.062292866	0.062730126	0.062330067
ERR9612773	3	dental calculus	0.06258778	0.062866695	0.062233273	0.062482506	0.0625683	0.06224196	0.06261902	0.06255908	0.062304877	0.06267037	0.06255726	0.06263942	0.06234296	0.062310986	0.0627206	0.0622949
ERR9612774	3	dental calculus	0.06247538	0.06285257	0.06272985	0.06244797	0.062387004	0.062242012	0.06250901	0.062481884	0.06265087	0.06254908	0.062484615	0.06254359	0.062335562	0.062292907	0.06271363	0.06230408
ERR9612775	3	dental calculus	0.06265265	0.06294859	0.06222244	0.0622569	0.06258876	0.06223132	0.06266886	0.06255279	0.062248312	0.062699944	0.06260075	0.0626832	0.06236536	0.062254682	0.06274128	0.06228416
ERR9612776	3	dental calculus	0.062594004	0.06286546	0.06223326	0.06248249	0.062563874	0.06223144	0.06262102	0.062522635	0.062271047	0.062675856	0.06258532	0.062656544	0.062357634	0.062360693	0.062720165	0.062258556
ERR9612777	3	dental calculus	0.0625167	0.06284302	0.062729836	0.062222604	0.062357765	0.062231485	0.06252996	0.06255745	0.06257604	0.062563494	0.06248128	0.06257927	0.062343385	0.06244205	0.06272077	0.0623049
ERR9612778	3	dental calculus	0.0624669	0.06285044	0.062729865	0.062447987	0.062447812	0.06223152	0.0625601	0.06253843	0.06233085	0.06255741	0.062508635	0.06256906	0.06234389	0.062407084	0.062705934	0.062304094
ERR9612779	3	dental calculus	0.06254308	0.06285851	0.062719025	0.062257044	0.062378883	0.062231466	0.06254876	0.06255202	0.06260204	0.06257605	0.06250515	0.062596254	0.062349036	0.06230787	0.062707104	0.062267706
ERR9612780	3	dental calculus	0.06251882	0.06282644	0.06272986	0.062447973	0.06237939	0.062231503	0.06250069	0.062548004	0.06265087	0.062518	0.062466834	0.06254467	0.062350247	0.062307905	0.06271238	0.06226642
ERR9612781	3	dental calculus	0.062601365	0.06289062	0.06223328	0.062447928	0.06254371	0.06223146	0.06262269	0.062489018	0.062304884	0.06263094	0.06256719	0.062631786	0.062366676	0.062405635	0.06273793	0.062294908
ERR9612782	3	dental calculus	0.06254271	0.06289178	0.06272978	0.062222548	0.06243541	0.06223143	0.06262419	0.06252353	0.06225634	0.062640086	0.06252739	0.06260361	0.062366337	0.062395655	0.062713794	0.06229543
ERR9612783	3	dental calculus	0.062643856	0.0628342	0.062233295	0.062447943	0.06250014	0.062231474	0.06255306	0.0625122	0.0626248	0.062603295	0.06256005	0.06260873	0.062358376	0.06224665	0.06273043	0.062311497
ERR9612784	3	dental calculus	0.0625384	0.06279468	0.062729865	0.062447987	0.062440433	0.062242027	0.06251801	0.06249092	0.06262484	0.06256202	0.062504515	0.062545076	0.062350262	0.06224669	0.06268938	0.06227491
ERR9612785	3	dental calculus	0.06261357	0.062898226	0.062222578	0.062377367	0.06252727	0.06223146	0.06258358	0.06250179	0.06257602	0.06255835	0.06256902	0.06262608	0.062351517	0.06230106	0.06274131	0.062320802
ERR9612786	3	dental calculus	0.06256569	0.0628754	0.062233314	0.062377404	0.06250977	0.062231492	0.06260122	0.06252714	0.06257605	0.0625286	0.06254688	0.0626249	0.06235155	0.06239886	0.062730886	0.06232084
ERR9612787	3	dental calculus	0.06262902	0.062899694	0.06222248	0.06225694	0.062604755	0.062231362	0.062650874	0.062573455	0.06225627	0.06267365	0.06258445	0.06270037	0.0623654	0.062336512	0.0627483	0.06226647
ERR9612788	3	dental calculus	0.06255005	0.06289232	0.06271894	0.062256962	0.06251559	0.062231384	0.06263226	0.062554665	0.062222503	0.062663436	0.06254552	0.06262044	0.06235727	0.062248796	0.06273296	0.062256895
ERR9612789	3	dental calculus	0.06253973	0.062908225	0.06272977	0.062222537	0.062475942	0.062231418	0.06262535	0.06259873	0.06224841	0.06258575	0.062523216	0.062594086	0.062366325	0.06238744	0.06270531	0.062257763
ERR9612790	3	dental calculus	0.0624646	0.062908456	0.062719	0.062377352	0.06247623	0.062231444	0.06260594	0.06261456	0.062222563	0.06257111	0.06250843	0.062576026	0.062351663	0.06239881	0.062716864	0.06225695
ERR9612791	3	dental calculus	0.06257635	0.06292284	0.062233254	0.06241189	0.06256074	0.062241945	0.06263342	0.062484488	0.06225634	0.062616855	0.06259429	0.062642194	0.062350783	0.062407	0.06274683	0.062320776
ERR9612792	3	dental calculus	0.06260084	0.06288057	0.062222574	0.062411908	0.06251112	0.062231455	0.06257352	0.06255464	0.06260203	0.06256671	0.062539436	0.0626257	0.06235718	0.062272932	0.06275776	0.062291607
ERR9612793	3	dental calculus	0.062587574	0.06292289	0.062233187	0.062222484	0.062590644	0.062231366	0.06265799	0.0625922	0.062256277	0.06267125	0.062571436	0.0626752	0.06235974	0.06239873	0.06274682	0.062282205
ERR9612794	3	dental calculus	0.06244695	0.06283533	0.06271908	0.062447987	0.062395677	0.06223152	0.062508754	0.062533356	0.06262484	0.062537104	0.062475327	0.06252771	0.062335577	0.06239888	0.06271631	0.0622656
ERR9612795	3	dental calculus	0.062673345	0.06280945	0.062222548	0.062222548	0.06255408	0.062241938	0.06262628	0.06249833	0.06257598	0.06256507	0.062620655	0.06267507	0.062351484	0.062292837	0.06275761	0.062312774
ERR9612796	3	dental calculus	0.06262678	0.06283607	0.062222578	0.062447928	0.0626028	0.06224197	0.0626464	0.062514804	0.062304884	0.062592216	0.06258197	0.06262375	0.062351987	0.0623278	0.06275727	0.062320802
ERR9612797	3	dental calculus	0.062494386	0.062835	0.06272985	0.06260332	0.062413245	0.0622315	0.062479112	0.06252632	0.06262482	0.062540025	0.062478755	0.062501475	0.062350243	0.062246673	0.06267971	0.06226558
ERR9612798	3	dental calculus	0.062585846	0.06290078	0.06223328	0.062377367	0.062509686	0.06223146	0.06257353	0.06258055	0.06257601	0.062549956	0.06254819	0.06264163	0.062351517	0.062301055	0.06273828	0.062300872
ERR9612799	3	dental calculus	0.06256661	0.062891595	0.06272977	0.062222537	0.06252845	0.062231418	0.06262476	0.06259474	0.062282212	0.062583655	0.06252536	0.06259519	0.062351637	0.062292825	0.06270576	0.06227349
ERR9612800	3	dental calculus	0.06262874	0.06292445	0.062222455	0.062222455	0.06259989	0.06223134	0.06267738	0.06259906	0.062222455	0.06262382	0.06258906	0.06270803	0.0623744	0.062352393	0.06274913	0.06227492
ERR9612801	3	dental calculus	0.06257021	0.06288291	0.062233303	0.06244795	0.062497314	0.06223148	0.062545925	0.062471073	0.062590815	0.06261919	0.06255243	0.06264046	0.062358383	0.062378883	0.062713936	0.06226575
ERR9612802	3	dental calculus	0.06263043	0.06290473	0.062233232	0.062411867	0.062588185	0.062231414	0.062669694	0.062544234	0.06228221	0.06258022	0.06259275	0.06264885	0.06236545	0.062264703	0.06273927	0.06231276
ERR9612803	3	dental calculus	0.062583454	0.06282535	0.062233336	0.062447984	0.062462825	0.062231515	0.06251619	0.062537685	0.062624834	0.062617496	0.062505275	0.062632464	0.062358413	0.062405694	0.06270463	0.06231286
ERR9612804	3	dental calculus	0.06257577	0.062831424	0.062233333	0.062482566	0.062481858	0.06223151	0.06253705	0.062454965	0.062650874	0.06259709	0.062552065	0.06260838	0.06234939	0.062378913	0.062713966	0.062320855
ERR9612805	3	dental calculus	0.06256623	0.062843546	0.06272982	0.062257044	0.06243273	0.06224198	0.06256495	0.06249876	0.062576026	0.06258723	0.06254015	0.06256456	0.062349036	0.062222585	0.06271332	0.06231204
ERR9612806	3	dental calculus	0.06266199	0.062882766	0.062233225	0.06222252	0.06253246	0.062241916	0.06260009	0.0625571	0.06257596	0.062618785	0.062566526	0.062651075	0.06236615	0.06222252	0.06274617	0.062320746
ERR9612807	3	dental calculus	0.06250604	0.06286045	0.06271905	0.06260331	0.06250538	0.06223149	0.06257534	0.062524326	0.0622711	0.062497675	0.062529534	0.06250216	0.062343862	0.062292896	0.06271605	0.062321324
ERR9612808	3	dental calculus	0.06249237	0.062841594	0.06272984	0.06244796	0.062516704	0.062242005	0.06258408	0.06250676	0.062296998	0.062610514	0.0625359	0.0625439	0.06234387	0.06231103	0.0627136	0.062282883
ERR9612809	3	dental calculus	0.06260294	0.06274283	0.062233377	0.06244803	0.062536046	0.06224207	0.0625466	0.062497355	0.06262488	0.0625593	0.06253567	0.062582634	0.062327795	0.06257621	0.06263136	0.062312905
ERR9612810	3	dental calculus	0.06256249	0.06278403	0.062233362	0.06244801	0.06251762	0.06224205	0.06257275	0.062501766	0.062590875	0.0625928	0.06253954	0.0626077	0.062343754	0.062433895	0.0627085	0.062320884
ERR9612811	3	dental calculus	0.06250503	0.06284068	0.062222634	0.06260334	0.06245791	0.062242027	0.06252641	0.06249061	0.062624834	0.06255694	0.062497184	0.06258264	0.06234373	0.062452044	0.06273313	0.062320862
ERR9612812	3	dental calculus	0.06258941	0.062857516	0.062233288	0.062257044	0.06250199	0.062241975	0.06259076	0.06250553	0.06260204	0.06259543	0.06255671	0.06265224	0.062342502	0.062433824	0.062738866	0.06230088
ERR9612813	3	dental calculus	0.06242021	0.06278499	0.06272989	0.06263803	0.062364914	0.062231537	0.062481884	0.062504575	0.06262486	0.06248533	0.06246667	0.06248671	0.06232658	0.062452063	0.06268965	0.06231211
ERR9612814	3	dental calculus	0.06248346	0.062873736	0.06272984	0.062411945	0.062481888	0.062242	0.06259708	0.062542915	0.0622564	0.06254452	0.06251719	0.062545225	0.06234269	0.062433846	0.0627144	0.062282875
ERR9612815	3	dental calculus	0.06250668	0.062856115	0.06272984	0.062411945	0.06246954	0.062231492	0.06257951	0.06254344	0.062282287	0.06257986	0.06250916	0.06257062	0.062357374	0.062354784	0.06272318	0.062294167
ERR9612816	3	dental calculus	0.06252341	0.06288904	0.06272981	0.062411923	0.06250653	0.06224198	0.06258781	0.06254162	0.06228226	0.06256979	0.06252765	0.062579334	0.062342662	0.06229511	0.062704846	0.062266227
ERR9612817	3	dental calculus	0.06247194	0.062841624	0.06272987	0.06260335	0.06244283	0.062231522	0.0625395	0.062478676	0.062304948	0.06259425	0.062496547	0.062503286	0.062343895	0.06243388	0.06267178	0.062312096
ERR9612818	3	dental calculus	0.062430207	0.0628354	0.06272986	0.06260333	0.062383555	0.06223151	0.062499974	0.06251245	0.062650874	0.062549815	0.06244922	0.062484764	0.06233557	0.06232785	0.06268086	0.06229477
ERR9612819	3	dental calculus	0.06257582	0.06281051	0.062233325	0.06263799	0.062507465	0.062242012	0.06255114	0.062489614	0.06262483	0.06254161	0.06254929	0.062557496	0.062334698	0.062292907	0.06273045	0.062320847
ERR9612820	3	dental calculus	0.062612034	0.06280998	0.062233318	0.062447965	0.062516645	0.062242005	0.06257947	0.06246476	0.06262482	0.062611625	0.06257041	0.06259964	0.06234371	0.062292904	0.06272988	0.06232084
ERR9612821	3	dental calculus	0.06256011	0.062808946	0.062233336	0.06263801	0.06246415	0.062242024	0.062532	0.062505856	0.062624834	0.06256789	0.062533274	0.062566616	0.06233471	0.06233605	0.06272207	0.062330123
ERR9612822	3	dental calculus	0.06255427	0.06282534	0.062233344	0.062482577	0.062456902	0.062242035	0.062535055	0.062499717	0.06262484	0.06259452	0.06252291	0.06260878	0.062334716	0.062442087	0.06272204	0.062320866
ERR9612823	3	dental calculus	0.062588446	0.062833495	0.062222615	0.06244797	0.062483564	0.06224201	0.062569804	0.062508345	0.06259083	0.06258955	0.06254786	0.06260766	0.062343713	0.062345978	0.06275733	0.062320843
ERR9612824	3	dental calculus	0.062584676	0.0628433	0.06223331	0.062447958	0.062490214	0.06223149	0.06257985	0.06247883	0.062590815	0.06263087	0.062551	0.06262358	0.0623437	0.06232783	0.06273832	0.062304255
ERR9612825	3	dental calculus	0.06252886	0.062876284	0.06271898	0.06222254	0.06251717	0.06223142	0.06262429	0.06254848	0.062248413	0.06260247	0.062553935	0.062619135	0.062351637	0.062374666	0.062731944	0.062249776
ERR9612826	3	dental calculus	0.0626274	0.06286769	0.062222525	0.06248246	0.062631465	0.062231407	0.06261105	0.062582634	0.06229691	0.06264124	0.06255353	0.062647276	0.0623576	0.062240634	0.06274764	0.062258523
ERR9612827	3	dental calculus	0.062474176	0.062882505	0.06272984	0.062482547	0.062454104	0.062242005	0.06254011	0.06251697	0.062271103	0.06259032	0.06250241	0.06255302	0.06233485	0.06241702	0.06271426	0.062294755
ERR9612828	3	dental calculus	0.06246466	0.06283992	0.06272987	0.06260335	0.06244751	0.062242035	0.06254938	0.06250888	0.062330857	0.062528245	0.062502205	0.06250982	0.0623439	0.06239889	0.062697686	0.06230278
ERR9612829	3	dental calculus	0.06256176	0.062809214	0.062233347	0.06260335	0.0625095	0.06224204	0.062553935	0.062483024	0.06262485	0.062495597	0.06254016	0.06257356	0.062343743	0.062398892	0.06271416	0.062312875
ERR9612830	3	dental calculus	0.06260283	0.062858365	0.062233273	0.06260327	0.06260392	0.062241964	0.06262926	0.062498093	0.062271062	0.062572494	0.06259999	0.06258971	0.06235198	0.06229286	0.06273014	0.062320795
ERR9612831	3	dental calculus	0.06246216	0.062808	0.06272989	0.062603354	0.062383823	0.062242046	0.0625073	0.06249769	0.06259087	0.062531725	0.06245924	0.062493615	0.062335595	0.062354214	0.06268835	0.06231211
ERR9612832	3	dental calculus	0.06246313	0.062804155	0.06272987	0.06260335	0.062404886	0.062242035	0.062498927	0.06251607	0.06262485	0.062489856	0.062468026	0.062494956	0.062335584	0.06233606	0.06270532	0.062282912
ERR9612833	3	dental calculus	0.06256134	0.062865965	0.062233295	0.062499754	0.06253614	0.062231474	0.06260227	0.06253963	0.062330805	0.06267951	0.06252932	0.062604904	0.062357668	0.06240565	0.06273781	0.06228447
ERR9612834	3	dental calculus	0.06254926	0.062930755	0.06222251	0.062377304	0.06256429	0.062231395	0.062662885	0.06255405	0.06222251	0.06266072	0.06258562	0.06265551	0.062359765	0.06240696	0.062740654	0.062275816
ERR9612835	3	dental calculus	0.06255876	0.06288964	0.062718995	0.06225701	0.062479615	0.062241945	0.062605284	0.06254017	0.062282227	0.0626364	0.0625265	0.0625884	0.062357318	0.062272914	0.06273281	0.062312007
ERR9612836	3	dental calculus	0.062625006	0.06290578	0.062233187	0.062222484	0.06259041	0.062231366	0.062650874	0.06253541	0.062256273	0.06269746	0.0626019	0.06269209	0.062374428	0.062378768	0.06273093	0.062273625
ERR9612837	3	dental calculus	0.06258505	0.062858045	0.062233284	0.06260329	0.06260291	0.062241975	0.062592	0.0625057	0.062304888	0.06257584	0.06258556	0.062590815	0.06235199	0.062301062	0.062746786	0.062320806
ERR9612838	3	dental calculus	0.062488116	0.062858835	0.06272984	0.06260332	0.062501065	0.062242005	0.062548965	0.06252626	0.062304918	0.06252653	0.06251794	0.062510885	0.062343866	0.06230109	0.06271348	0.06228288
ERR9612839	3	dental calculus	0.06263261	0.06290482	0.062233176	0.062256932	0.06260396	0.062231354	0.06264913	0.062563814	0.06228215	0.06267804	0.062621824	0.0626921	0.062350705	0.062294997	0.06274591	0.06225847
ERR9612840	3	dental calculus	0.06265501	0.06287168	0.062233184	0.06225694	0.062616855	0.062241875	0.06264914	0.06259998	0.062282156	0.06267779	0.06257329	0.062692106	0.0623654	0.062272843	0.06275326	0.062258482
ERR9612841	3	dental calculus	0.062661804	0.06286367	0.06223317	0.062222462	0.0626312	0.062231347	0.06267978	0.06252849	0.062222462	0.06271332	0.062620245	0.06270681	0.06237441	0.0623283	0.06271482	0.062267717
ERR9612842	3	dental calculus	0.06266181	0.062861994	0.06222247	0.062239625	0.06264631	0.062231354	0.0626673	0.062535144	0.06222247	0.06269455	0.062603176	0.06268175	0.062384833	0.062336504	0.06274508	0.062265623
ERR9612843	3	dental calculus	0.062553056	0.0628252	0.062233333	0.06244798	0.06247323	0.062231515	0.06253552	0.06255935	0.062624834	0.06262551	0.06250281	0.062617876	0.062358413	0.062387533	0.0627123	0.062311538
ERR9612844	3	dental calculus	0.06260396	0.06280772	0.062233344	0.06244799	0.062474877	0.06224203	0.06256272	0.062449545	0.06262484	0.062629834	0.06251689	0.06261679	0.06235842	0.062405698	0.062704474	0.062320866
ERR9612845	3	dental calculus	0.06263019	0.06293953	0.062233187	0.062256943	0.062560335	0.062231366	0.06267018	0.0625225	0.062248357	0.06262867	0.062618576	0.062700145	0.062365405	0.06236062	0.062737755	0.062296234
ERR9612846	3	dental calculus	0.06246621	0.06284174	0.06272986	0.062482562	0.062401123	0.062231507	0.062509954	0.062480986	0.06265087	0.0625863	0.06247841	0.06251194	0.06232655	0.062319234	0.06269657	0.06228619
ERR9612847	3	dental calculus	0.062593244	0.06279318	0.062233333	0.06244798	0.06250992	0.062242024	0.06255216	0.06251671	0.062624834	0.062594704	0.06254584	0.062615305	0.062343724	0.06232785	0.062738344	0.062320855
ERR9612848	3	dental calculus	0.062559195	0.06279139	0.06223333	0.062638	0.06251735	0.06224202	0.06255186	0.0625076	0.06262483	0.06254191	0.06254807	0.06256551	0.0623347	0.062292915	0.062730454	0.06232085
ERR9612849	3	dental calculus	0.06244746	0.06284757	0.062729865	0.06263801	0.06240957	0.062231515	0.06253223	0.06254017	0.06233085	0.06257604	0.062456667	0.062503286	0.062349554	0.0624139	0.06268123	0.06231209
ERR9612850	3	dental calculus	0.062474072	0.062879905	0.06272985	0.062377404	0.06245246	0.062231496	0.06257952	0.06258144	0.06228229	0.0625677	0.062492315	0.06255471	0.062351715	0.062460236	0.06268213	0.062302753
ERR9612851	3	dental calculus	0.062563784	0.06282059	0.06272984	0.06244796	0.06253278	0.062242	0.062585235	0.06252365	0.062304918	0.06255845	0.06252542	0.06255218	0.06235855	0.06224667	0.06272037	0.062287595
ERR9612852	3	dental calculus	0.062556244	0.062810525	0.06271906	0.062447965	0.062486246	0.06224201	0.062567614	0.06246587	0.06230492	0.062623754	0.062556125	0.06256129	0.06235856	0.062281583	0.06273063	0.062287603
ERR9612853	3	dental calculus	0.06263679	0.06283502	0.06223328	0.062447928	0.062641956	0.062241968	0.06264201	0.0625043	0.062271066	0.06258297	0.06261157	0.06263177	0.062366676	0.062352512	0.06270857	0.06229161
ERR9612854	3	dental calculus	0.06267305	0.06289279	0.06222245	0.06222245	0.06264988	0.062241845	0.06270259	0.06254533	0.06222245	0.062590726	0.06263358	0.06269085	0.062370118	0.06229274	0.06275768	0.062291484
ERR9612855	3	dental calculus	0.062613346	0.06282515	0.062222566	0.062222566	0.062498815	0.06223145	0.06262657	0.06251511	0.06254204	0.06260502	0.06260253	0.06266705	0.062351506	0.062407017	0.062757775	0.062311474
ERR9612856	3	dental calculus	0.06258593	0.06285156	0.062233314	0.06260331	0.06252347	0.062242	0.06256221	0.062514596	0.06262481	0.06249589	0.06251226	0.06258142	0.062343705	0.062327832	0.06272118	0.062276497
ERR9612857	3	dental calculus	0.062430654	0.06284162	0.062729865	0.062482573	0.062343933	0.06223152	0.062491618	0.062539645	0.06265088	0.06253634	0.062440548	0.06252078	0.06232656	0.062460255	0.06268106	0.062292162
ERR9612858	3	dental calculus	0.06256315	0.062911995	0.062233265	0.0624119	0.06254271	0.062231444	0.06263137	0.062580705	0.06225635	0.06261386	0.06256358	0.06264073	0.062350795	0.062425174	0.062722184	0.062320787
ERR9612859	3	dental calculus	0.06242469	0.06281722	0.06271908	0.062482573	0.062369768	0.06223152	0.062485397	0.062537536	0.06265088	0.062568195	0.062440548	0.062529065	0.06232656	0.06246026	0.06269968	0.062257025
ERR9612860	3	dental calculus	0.06253468	0.06287575	0.06272983	0.062482532	0.062481217	0.062231477	0.062578425	0.062493622	0.062304903	0.062582634	0.06252997	0.062553	0.062349517	0.06227296	0.062713325	0.06228616
ERR9612861	3	dental calculus	0.06253494	0.06287472	0.06272975	0.062222518	0.06247025	0.062231403	0.06261377	0.062541395	0.062222518	0.0627037	0.06254593	0.06261839	0.062366307	0.062336553	0.06272169	0.062266164
ERR9612862	3	dental calculus	0.06262398	0.06290608	0.06222247	0.06222247	0.06256934	0.06223135	0.06264068	0.06255818	0.062256258	0.06275303	0.06258287	0.06268964	0.062374413	0.0623365	0.062740564	0.062292185
ERR9612863	3	dental calculus	0.06265211	0.06288451	0.062222507	0.062222507	0.062565655	0.062231388	0.0626093	0.06257769	0.06256799	0.062565334	0.062582925	0.062690824	0.06236613	0.06225475	0.06274789	0.062258504
ERR9612864	3	dental calculus	0.06253167	0.06283978	0.062729836	0.06248254	0.06251948	0.062231485	0.06256838	0.06249622	0.06233082	0.06260252	0.062529996	0.06255301	0.062349524	0.062272966	0.062711924	0.062249843
ERR9612865	3	dental calculus	0.0624237	0.062818155	0.06272987	0.062638015	0.062358808	0.062242035	0.06249294	0.062466208	0.06262485	0.062447175	0.062457424	0.062494714	0.062326565	0.062460262	0.06270591	0.062313363
ERR9612866	3	dental calculus	0.062429577	0.06283232	0.06272986	0.062638	0.062473983	0.06223151	0.06254067	0.06252138	0.062304936	0.06253727	0.062482286	0.0625029	0.062334865	0.062460247	0.062705874	0.062274322
ERR9612867	3	dental calculus	0.06253123	0.062873624	0.062233295	0.062603295	0.06257338	0.062241983	0.062593624	0.06249922	0.0623049	0.062617466	0.06255699	0.06258961	0.062352	0.062398836	0.062738925	0.062291626
ERR9612868	3	dental calculus	0.06245593	0.062831365	0.06271907	0.06260333	0.06245277	0.06223151	0.06255945	0.06254169	0.062330842	0.06260436	0.062492985	0.062494174	0.062343884	0.06232785	0.06270729	0.062303502
ERR9612869	3	dental calculus	0.06253893	0.06289219	0.062233295	0.06263796	0.06254461	0.062231474	0.06260494	0.062520854	0.0623049	0.06259166	0.062550955	0.062589236	0.062342983	0.06243383	0.06268988	0.062292308
ERR9612870	3	dental calculus	0.06255152	0.06289038	0.06223328	0.06260328	0.06255188	0.06223146	0.06260346	0.062495563	0.06227107	0.062633365	0.06257723	0.06260565	0.062351987	0.06239882	0.062706135	0.062294908
ERR9612871	3	dental calculus	0.06254432	0.0628091	0.06223335	0.062603354	0.06248222	0.06223153	0.06253512	0.06250215	0.06265089	0.0625236	0.062505946	0.062565535	0.062343743	0.062442098	0.06270615	0.062320873
ERR9612872	3	dental calculus	0.06255837	0.06283422	0.06223333	0.06260333	0.062480498	0.062231507	0.06252456	0.062554166	0.06262483	0.062579766	0.062504895	0.06257352	0.06234372	0.062327847	0.0627046	0.06232085
ERR9612873	3	dental calculus	0.06250876	0.062851615	0.06272984	0.062482547	0.06245137	0.062231492	0.06256021	0.06246112	0.062271103	0.062623434	0.06251194	0.06256941	0.06234953	0.062389754	0.06272027	0.0622876
ERR9612874	3	dental calculus	0.06258149	0.06280698	0.06271905	0.06225706	0.062398076	0.06223148	0.062554896	0.06251763	0.062568076	0.0626355	0.06252221	0.06258864	0.06234905	0.062283803	0.06269848	0.062287588
ERR9612875	3	dental calculus	0.06262976	0.062839255	0.06223325	0.062222548	0.06257086	0.062241938	0.062590055	0.06256934	0.06257598	0.06260293	0.06257355	0.0626511	0.062351488	0.062310964	0.06276186	0.06227511
ERR9612876	3	dental calculus	0.06259547	0.06285903	0.06223329	0.06237738	0.06254808	0.06224198	0.06259003	0.06254999	0.062576026	0.06255668	0.0625646	0.062642016	0.062351525	0.062292874	0.06273873	0.062282305
ERR9612877	3	dental calculus	0.0625938	0.06287647	0.06222257	0.06260327	0.062505364	0.062231455	0.062555075	0.062505476	0.062624775	0.062546365	0.06254253	0.06258099	0.062358353	0.06224663	0.0627403	0.062266562
ERR9612878	3	dental calculus	0.06263447	0.06290789	0.06223326	0.06237735	0.062493145	0.06223144	0.06258388	0.06257936	0.062575996	0.06251195	0.06255614	0.06264212	0.062366184	0.062246617	0.062747404	0.062312786
ERR9612879	3	dental calculus	0.062532194	0.06288213	0.06272981	0.06237737	0.062499367	0.062231462	0.06259873	0.062565185	0.06225637	0.06258601	0.06250934	0.062553465	0.062351678	0.06229287	0.06272198	0.062312037
ERR9612880	3	dental calculus	0.06260325	0.06287704	0.06223329	0.06237738	0.062516846	0.06223147	0.06261106	0.06255724	0.06254206	0.062547445	0.062557876	0.062640935	0.062351525	0.062301066	0.06273871	0.062312815
ERR9612881	3	dental calculus	0.06246922	0.06285153	0.062729836	0.06263798	0.062480357	0.062231485	0.06256591	0.06254625	0.062271096	0.06253573	0.06249233	0.06251088	0.06233484	0.062345967	0.06271371	0.06228287
ERR9612882	3	dental calculus	0.06257341	0.06286442	0.06223331	0.062411945	0.06251137	0.062242	0.06258201	0.06255024	0.06257604	0.062570535	0.0625393	0.06261809	0.06234253	0.062354166	0.062738985	0.06229164
ERR9612883	3	dental calculus	0.062532485	0.06285274	0.06272981	0.06222258	0.06243855	0.062231466	0.06254841	0.06253298	0.06254206	0.062580206	0.062520646	0.06259382	0.062358055	0.062336616	0.06272975	0.06224982
ERR9612884	3	dental calculus	0.062545806	0.06283786	0.06271906	0.06244797	0.06241227	0.0622315	0.062529415	0.06249768	0.06262482	0.062525325	0.06249428	0.062518336	0.062350247	0.06225486	0.06272355	0.06228702
ERR9612885	3	dental calculus	0.062497303	0.062908	0.06271901	0.0624119	0.06249124	0.062231448	0.06259625	0.06258821	0.062256355	0.0625782	0.06251714	0.062554285	0.062342644	0.062301043	0.06273277	0.0622742
ERR9612886	3	dental calculus	0.062441073	0.06281175	0.06272987	0.06260335	0.062430453	0.062242035	0.06249089	0.06251607	0.06262484	0.062505335	0.06244048	0.06250271	0.062335584	0.062336057	0.06270532	0.062284175
ERR9612887	3	dental calculus	0.062579215	0.06284791	0.0622333	0.062447947	0.06257877	0.06224199	0.06262771	0.062515795	0.062304903	0.062647395	0.062565945	0.062615864	0.062352005	0.06239884	0.06273017	0.06231224
ERR9612888	3	dental calculus	0.062587	0.06284049	0.06223331	0.062447958	0.06258133	0.062241998	0.06261074	0.06249568	0.06233082	0.06263889	0.062576234	0.06261587	0.062352017	0.062433843	0.06272217	0.06229164
ERR9612889	3	dental calculus	0.06254632	0.06283295	0.062233347	0.06260335	0.062484723	0.06224204	0.062545486	0.062500246	0.06262485	0.06249581	0.062504694	0.062573545	0.06234374	0.062433884	0.06271415	0.06232087
ERR9612890	3	dental calculus	0.06254619	0.062807485	0.062233336	0.06263801	0.062487688	0.062242027	0.0625235	0.062505856	0.062624834	0.06260281	0.06252434	0.062566616	0.06233471	0.062327854	0.06270461	0.062330123
ERR9612891	3	dental calculus	0.06243811	0.06282301	0.06272988	0.06248258	0.06236953	0.062231526	0.062480878	0.06252342	0.06265089	0.062602066	0.062448326	0.06252105	0.06232657	0.062425256	0.06265475	0.062292174
ERR9612892	3	dental calculus	0.06253057	0.06284974	0.062233333	0.062482566	0.062449593	0.06223151	0.06255433	0.06251477	0.062650874	0.06255395	0.06252058	0.06261788	0.062334705	0.06244208	0.06271267	0.062320855
ERR9612893	3	dental calculus	0.062496867	0.062794514	0.0627299	0.062448017	0.062383678	0.06224206	0.06250924	0.06247533	0.06259088	0.06255433	0.062482577	0.06252772	0.062350295	0.06238757	0.06270563	0.062321387
ERR9612894	3	dental calculus	0.06254634	0.062827885	0.06272986	0.062447973	0.062431496	0.062242016	0.06251062	0.062475666	0.06262483	0.06257122	0.06247809	0.06251204	0.06235025	0.062254865	0.06271396	0.062282894
ERR9612895	3	dental calculus	0.062524006	0.06287799	0.062719	0.06225702	0.06238734	0.062231444	0.062566094	0.062557176	0.062542036	0.0626015	0.06252979	0.06258858	0.062349014	0.062254805	0.06274	0.0622742
ERR9612896	3	dental calculus	0.062457025	0.06286604	0.06271907	0.062377416	0.06235865	0.062231507	0.06251902	0.06254836	0.06257606	0.06257293	0.06247429	0.06256083	0.062358093	0.06236076	0.06271587	0.062304083
ERR9612897	3	dental calculus	0.062593795	0.06291445	0.062222518	0.062377308	0.062579796	0.0622314	0.06264875	0.06258943	0.062222518	0.06261033	0.06257293	0.0626503	0.06237446	0.0623788	0.06275738	0.06227582
ERR9612898	3	dental calculus	0.062484864	0.06288244	0.06272983	0.06237739	0.06251123	0.06223148	0.06259911	0.0625889	0.062282275	0.06251913	0.06250802	0.06257062	0.062351696	0.062407047	0.06269682	0.06225915
ERR9690357	3	permafrost	0.06258564	0.06253319	0.062222555	0.062222555	0.062701836	0.062718794	0.062657975	0.062639765	0.062222555	0.06254802	0.062641874	0.06263116	0.06264264	0.062222555	0.06254841	0.062260475
ERR9690358	3	permafrost	0.062711656	0.0627209	0.06222245	0.06222245	0.06270147	0.062241845	0.062714316	0.06259963	0.06222245	0.06262415	0.06268055	0.062723145	0.062374398	0.06222245	0.062730506	0.06228763
ERR9690359	3	permafrost	0.06257765	0.06251287	0.062222533	0.062222533	0.06274079	0.062741004	0.06265795	0.06264963	0.062222533	0.06253863	0.06266987	0.06261924	0.062622555	0.062222533	0.062548384	0.06223129
ERR9690360	3	permafrost	0.06258659	0.0625423	0.06222254	0.06222254	0.06272945	0.06272937	0.06264878	0.06266511	0.06222254	0.062558286	0.06264288	0.062600605	0.06263395	0.06222254	0.06254122	0.0622313
ERR9690361	3	permafrost	0.062701836	0.06261537	0.06222256	0.06222256	0.06270582	0.062241953	0.06267956	0.06250087	0.06222256	0.06252352	0.06261789	0.06268039	0.06269877	0.06247045	0.06259004	0.06230585
ERR9690362	3	permafrost	0.06258615	0.06257004	0.06222252	0.06222252	0.06270162	0.062730394	0.06268491	0.062716804	0.06222252	0.062589005	0.06269237	0.06263046	0.06236218	0.06222252	0.06257701	0.062268976
ERR9690363	3	permafrost	0.06268263	0.062650576	0.062222477	0.062222477	0.062720135	0.062259156	0.06270537	0.06269472	0.062222477	0.06259809	0.062710665	0.062712595	0.062424645	0.062222477	0.06266387	0.06228765
ERR9690364	3	permafrost	0.06257699	0.062551826	0.062222518	0.062222518	0.062709406	0.062730394	0.062684126	0.06272075	0.062222518	0.06262516	0.06271073	0.06260915	0.062362175	0.062222518	0.062560245	0.062268972
ERR9690365	3	permafrost	0.06255099	0.06256058	0.062222566	0.062300555	0.06270797	0.06273044	0.06264932	0.06274472	0.06228176	0.06264557	0.06265821	0.06257549	0.062354606	0.062222566	0.06251715	0.062277507
ERR9690366	3	permafrost	0.06270169	0.06262723	0.06222258	0.06222258	0.062739626	0.062276714	0.06267953	0.06261332	0.062282257	0.06254554	0.062650986	0.06268006	0.062399928	0.062470473	0.06257308	0.06231441
SRR10156707	3	sediment	0.06273932	0.062691286	0.06222243	0.06222243	0.06275171	0.062241822	0.0627335	0.06252925	0.06222243	0.06262492	0.06268316	0.06273427	0.06238479	0.06222243	0.06273784	0.06225843
SRR10156708	3	sediment	0.062703624	0.06265958	0.062222525	0.062447876	0.06274346	0.062250823	0.062677205	0.06248711	0.062271018	0.06260868	0.06266721	0.06268277	0.062367693	0.062222525	0.06272938	0.062258523
SRR10156709	3	sediment	0.06273931	0.06271629	0.06222243	0.06222243	0.06273646	0.06224182	0.0627335	0.06251055	0.06222243	0.06262491	0.06268315	0.06273427	0.062384788	0.06222243	0.06274681	0.062258426
SRR10156710	3	sediment	0.06273931	0.06272088	0.06222243	0.06222243	0.06273188	0.06224182	0.0627335	0.06251055	0.06222243	0.06262491	0.06268315	0.06272443	0.062384788	0.06222243	0.06275666	0.062258426
SRR10156713	3	sediment	0.06273931	0.062701054	0.06222243	0.06222243	0.06275171	0.062241822	0.0627335	0.0625195	0.06222243	0.06262491	0.06268315	0.06273427	0.062384788	0.06222243	0.06273783	0.06225843
SRR10156724	3	sediment	0.06273931	0.06271219	0.06222243	0.06222243	0.062740564	0.06224182	0.0627335	0.06251055	0.06222243	0.06262491	0.06268315	0.06272443	0.062384788	0.06222243	0.06275666	0.062258426
SRR10156735	3	sediment	0.06273931	0.06273612	0.06222243	0.06222243	0.06271663	0.06224182	0.0627335	0.06251055	0.06222243	0.06262491	0.06268315	0.06272443	0.062384788	0.06222243	0.06275666	0.062258426
SRR10156737	3	sediment	0.062729165	0.06272497	0.062222425	0.062222425	0.0627181	0.06223131	0.062733494	0.06254847	0.062222425	0.062617294	0.062692545	0.06273427	0.06237544	0.062222425	0.06274681	0.062258426
SRR10156738	3	sediment	0.06273932	0.0627152	0.062222432	0.062222432	0.06272778	0.062241822	0.0627335	0.06252925	0.062222432	0.06262492	0.06268316	0.06273427	0.06238479	0.062222432	0.06273784	0.06225843
SRR10156739	3	sediment	0.06273931	0.062709734	0.06222243	0.06222243	0.06274302	0.06224182	0.0627335	0.06251055	0.06222243	0.06262491	0.06268315	0.06273427	0.062384788	0.06222243	0.06274681	0.062258426
SRR10156740	3	sediment	0.06273025	0.06272498	0.06222243	0.06222243	0.06272778	0.062241822	0.0627335	0.06251055	0.06222243	0.06262491	0.06270144	0.06273427	0.062384788	0.06222243	0.06273757	0.062258426
SRR10156741	3	sediment	0.062729426	0.06267146	0.062222447	0.062222447	0.062751725	0.062259126	0.062724546	0.06258796	0.062222447	0.0626165	0.06268317	0.062724605	0.062384807	0.062222447	0.062718436	0.062258445
SRR10156742	3	sediment	0.06273931	0.06273612	0.06222243	0.06222243	0.06271663	0.06224182	0.0627335	0.06251055	0.06222243	0.06262491	0.06268315	0.06273427	0.062384788	0.06222243	0.06274681	0.062258426
SRR10156743	3	sediment	0.06273931	0.06271629	0.06222243	0.06222243	0.06273647	0.062241822	0.0627335	0.0625195	0.06222243	0.06262491	0.06268315	0.06273427	0.062384788	0.06222243	0.06273784	0.06225843
SRR10156744	3	sediment	0.06273931	0.062709734	0.06222243	0.06222243	0.06274302	0.06224182	0.0627335	0.06251055	0.06222243	0.06262491	0.06268315	0.06273427	0.062384788	0.06222243	0.06274681	0.062258426
SRR10156745	3	sediment	0.06273932	0.06270106	0.062222432	0.062222432	0.06275171	0.062241822	0.0627335	0.06251056	0.062222432	0.06262492	0.06269267	0.06273427	0.062394504	0.062222432	0.062727526	0.06225843
SRR10156746	3	sediment	0.062729426	0.06267423	0.062222447	0.062222447	0.06274058	0.062258527	0.06272438	0.062588766	0.062222447	0.062606856	0.06268317	0.06273374	0.062384807	0.062222447	0.06272729	0.062258445
SRR10156747	3	sediment	0.06273931	0.06270106	0.06222243	0.06222243	0.06275171	0.062250204	0.0627335	0.06251055	0.06222243	0.06261648	0.06268315	0.06273427	0.06238479	0.06222243	0.062746815	0.06225843
SRR10156748	3	sediment	0.06273931	0.062709734	0.06222243	0.06222243	0.06274302	0.062241822	0.0627335	0.062520176	0.06222243	0.062615275	0.06268315	0.06273427	0.062384788	0.06222243	0.062746815	0.062258426
SRR10156749	3	sediment	0.06273931	0.062709734	0.06222243	0.06222243	0.06274302	0.06224182	0.062733494	0.06251055	0.06222243	0.06262491	0.06268315	0.06272443	0.062384788	0.06222243	0.06275666	0.062258426
SRR10156750	3	sediment	0.06272984	0.06264493	0.06222246	0.06222246	0.06274069	0.06224185	0.06271457	0.06246917	0.06222246	0.0625685	0.062642686	0.06272453	0.06266535	0.06222246	0.06271813	0.06224992
SRR10156751	3	sediment	0.06273931	0.062701054	0.062222425	0.062222425	0.06275171	0.06224182	0.062733494	0.06251055	0.062222425	0.06262491	0.06268315	0.06273427	0.062384788	0.062222425	0.06274681	0.062258426
SRR10156752	3	sediment	0.06271978	0.06264493	0.062222455	0.062222455	0.06274069	0.062231336	0.06271457	0.062472124	0.062222455	0.06258615	0.06264268	0.06272453	0.06266535	0.062222455	0.06271813	0.06224992
SRR10156753	3	sediment	0.062729664	0.062701076	0.062222447	0.062222447	0.062731124	0.06224184	0.06272344	0.06256925	0.062222447	0.06259796	0.062662296	0.06273429	0.062384807	0.062222447	0.06274683	0.06228762
SRR10156754	3	sediment	0.06273931	0.06272744	0.06222243	0.06222243	0.06272532	0.06224182	0.0627335	0.06251055	0.06222243	0.06262491	0.06268315	0.06273427	0.062384788	0.06222243	0.06274681	0.062258426
SRR10156755	3	sediment	0.06273931	0.062701054	0.06222243	0.06222243	0.06275171	0.06224182	0.0627335	0.062526785	0.06222243	0.06262491	0.062684715	0.06273427	0.06237544	0.06222243	0.06273836	0.062258426
SRR10156756	3	sediment	0.06273932	0.062691286	0.06222243	0.06222243	0.06275171	0.062241822	0.0627335	0.06252925	0.06222243	0.06262492	0.06268316	0.06273427	0.06238479	0.06222243	0.06273784	0.06225843
SRR10156757	3	sediment	0.06273931	0.062692694	0.06222243	0.06222243	0.06275171	0.062250126	0.0627335	0.06252099	0.06222243	0.06262491	0.062692665	0.06273427	0.062374376	0.06222243	0.06273729	0.06225843
SRR10156758	3	sediment	0.062729344	0.06271658	0.062222444	0.062222444	0.062725335	0.062241837	0.062733516	0.062500946	0.062222444	0.06261486	0.062683165	0.06273428	0.062444393	0.062222444	0.06272753	0.06225844
SRR1047998	0	palaeofaeces	0.062753394	0.0627518	0.062222403	0.062222403	0.062722676	0.06231161	0.06273277	0.062614284	0.062222403	0.062253047	0.06270271	0.06274532	0.062463827	0.062222403	0.06277757	0.062281385
SRR12136712	3	dental calculus	0.06270672	0.06283309	0.062222447	0.062222447	0.06267465	0.062241837	0.06272498	0.062529154	0.062222447	0.062617876	0.06264741	0.06269873	0.062370114	0.06226866	0.06274317	0.062276274
SRR12136713	3	dental calculus	0.06263669	0.06285897	0.06222257	0.062377363	0.06252638	0.062241964	0.06261693	0.06253533	0.06257601	0.062578864	0.06257808	0.06262259	0.0623662	0.062254813	0.06273294	0.062274296
SRR12462930	3	dental calculus	0.062408164	0.062769584	0.06271906	0.06271651	0.062355533	0.062231503	0.062438905	0.0625242	0.06268441	0.062456552	0.062355697	0.062450517	0.062658966	0.06233604	0.06259882	0.06229554
SRR12462931	3	dental calculus	0.062445328	0.06275446	0.0627299	0.062638044	0.062351283	0.06224206	0.062445797	0.062472805	0.06265091	0.062450077	0.062385425	0.062426437	0.062590815	0.062576205	0.06256606	0.0622744
SRR12462932	3	dental calculus	0.062421795	0.06271414	0.0627299	0.06260337	0.062358785	0.06224206	0.062454965	0.062444814	0.06262487	0.06241816	0.062385667	0.062443234	0.062599875	0.062690884	0.06258384	0.062283654
SRR12462933	3	dental calculus	0.062535286	0.0627919	0.06223335	0.06263802	0.06253329	0.06224204	0.06257627	0.06245637	0.062304955	0.062545225	0.06248966	0.06256402	0.06262338	0.062460266	0.06269363	0.06231233
SRR12462934	3	dental calculus	0.06248818	0.062817425	0.062233347	0.062638015	0.062450398	0.062231526	0.06251663	0.0624381	0.06265089	0.06251376	0.062463332	0.06254778	0.06261503	0.062433884	0.06267788	0.06228382
SRR12462935	3	dental calculus	0.06254221	0.062784955	0.062222645	0.06263802	0.062489018	0.06224204	0.06251584	0.062464915	0.06262485	0.062493004	0.062475156	0.06255689	0.06261503	0.062319256	0.06270385	0.062312327
SRR12462936	3	dental calculus	0.062527336	0.062809154	0.062233333	0.06263801	0.06256262	0.062242024	0.06257337	0.06246648	0.06230494	0.0625213	0.062507264	0.06258075	0.06262337	0.06243387	0.06270021	0.062275972
SRR12462937	3	dental calculus	0.062473316	0.062830426	0.06272982	0.062222585	0.06248234	0.06223147	0.06257808	0.06254265	0.062256377	0.06257514	0.062476974	0.062595196	0.06263207	0.0624252	0.06268335	0.062265005
SRR12462938	3	dental calculus	0.062483154	0.06282534	0.06272986	0.062257085	0.062344514	0.062231507	0.06252811	0.062459793	0.062568106	0.06259245	0.06244328	0.06256166	0.06260938	0.06241389	0.06266827	0.062283613
SRR12462939	3	dental calculus	0.06250864	0.06281721	0.06272983	0.062257055	0.062473115	0.062231477	0.06258815	0.062490847	0.06228227	0.06262549	0.06246952	0.062593795	0.062617704	0.06238974	0.062676705	0.062248453
SRR12462940	3	dental calculus	0.06247018	0.06283897	0.062729865	0.062411968	0.062421877	0.06223151	0.06255825	0.06253395	0.06228231	0.062562525	0.062440667	0.062561244	0.062617734	0.062413897	0.06265873	0.062266313
SRR12462941	3	dental calculus	0.062372375	0.062760614	0.06272988	0.06263802	0.062294815	0.06223153	0.062452905	0.06250009	0.06265089	0.062506	0.062372774	0.062476136	0.06260684	0.06246027	0.06264336	0.062303506
SRR12462942	3	dental calculus	0.062380306	0.062737085	0.062729895	0.06263804	0.062356763	0.062231544	0.062463727	0.062464915	0.062650904	0.06245009	0.062410332	0.0624844	0.062606856	0.062460285	0.0626512	0.06228365
SRR12462943	3	dental calculus	0.06254124	0.06284127	0.06271903	0.062257048	0.062473424	0.06223147	0.06259852	0.062482096	0.062282264	0.06252089	0.062495586	0.06259473	0.06263776	0.062354762	0.06270416	0.062265746
SRR12462944	3	dental calculus	0.062680416	0.06287706	0.062222425	0.062222425	0.06265389	0.06224182	0.06268412	0.0625307	0.062222425	0.0626629	0.0626564	0.062706895	0.062374372	0.062230606	0.06275723	0.06227631
SRR12462945	3	dental calculus	0.06251047	0.06280366	0.062222652	0.062603354	0.062446985	0.062242046	0.06251763	0.062457476	0.06262486	0.06246535	0.06248464	0.062563695	0.0626241	0.0623989	0.06271294	0.06232125
SRR12462946	3	dental calculus	0.062526435	0.062712155	0.06223338	0.062603384	0.06250305	0.062242072	0.062490255	0.0624218	0.06262488	0.06246899	0.062468782	0.06254641	0.06260807	0.06268265	0.062592514	0.062275182
SRR12462947	3	dental calculus	0.0625171	0.06278464	0.062233362	0.062482595	0.062454276	0.06223154	0.062505774	0.0624826	0.062650904	0.06255196	0.06246352	0.062598675	0.062615044	0.06246028	0.06268457	0.062283155
SRR13355784	1	dental calculus	0.071760304	0.07194338	0.071006425	0.071097635	0.07169236	0.07102134	0.07153606	0.07109289	0.0	0.07158109	0.07156423	0.07166524	0.07113065	0.0	0.07183158	0.07107684
SRR13355785	1	dental calculus	0.071772	0.07195898	0.071016856	0.071028545	0.07168387	0.0710213	0.07152475	0.0711268	0.0	0.0715586	0.071601816	0.0717265	0.07113999	0.0	0.07179752	0.07104247
SRR13355786	1	dental calculus	0.07177059	0.07184381	0.07100645	0.07109766	0.07171624	0.07102136	0.07154728	0.07111616	0.0	0.071590506	0.07164759	0.07169212	0.07114005	0.0	0.071780995	0.0710292
SRR13355787	1	dental calculus	0.071760856	0.07191629	0.071006365	0.07102852	0.07170444	0.07102128	0.07152472	0.07109283	0.0	0.071647756	0.07160367	0.07173666	0.07113997	0.0	0.07179929	0.071017355
SRR13355789	1	dental calculus	0.071712114	0.071829945	0.07100647	0.071028635	0.07170373	0.07102139	0.071523376	0.07125758	0.0	0.071592405	0.071602255	0.07169775	0.07114008	0.0	0.071841724	0.07104256
SRR13355790	1	dental calculus	0.071782194	0.07184035	0.07100631	0.07100631	0.07175968	0.07102123	0.07153586	0.07100631	0.0	0.07164516	0.07168389	0.07173234	0.07115025	0.0	0.071812786	0.0710173
SRR13355791	1	dental calculus	0.07166868	0.07196964	0.07100652	0.07109246	0.07159219	0.07102144	0.071515426	0.07137846	0.0	0.07153734	0.071554475	0.071653105	0.07113075	0.0	0.071815215	0.07106431
SRR13355792	1	dental calculus	0.0717822	0.07180668	0.07100632	0.07100632	0.07175969	0.071021244	0.07153784	0.071015574	0.0	0.07164518	0.071695305	0.07175908	0.071150266	0.0	0.07179698	0.07101732
SRR13355794	1	dental calculus	0.07178219	0.07187677	0.07100631	0.07100631	0.07173843	0.07102123	0.07154714	0.07100631	0.0	0.071591005	0.07164672	0.071746744	0.07113992	0.0	0.07184854	0.071042396
SRR13355796	1	dental calculus	0.07166565	0.07201248	0.07100657	0.07118498	0.07154681	0.07102148	0.07150737	0.07136622	0.0	0.07154971	0.0715301	0.07158677	0.0711308	0.0	0.07179237	0.07109869
SRR13355797	1	dental calculus	0.07165812	0.07201162	0.07100647	0.07102863	0.07157632	0.071021385	0.07150311	0.07133349	0.0	0.071641795	0.0715427	0.071654215	0.07113069	0.0	0.071815155	0.07107629
SRR13355798	1	dental calculus	0.071464255	0.07190649	0.071751	0.07118509	0.07128894	0.071021594	0.07143896	0.071705714	0.0	0.07157777	0.07132431	0.07141965	0.071121745	0.0	0.071715176	0.07107931
SRR13355799	1	dental calculus	0.071647026	0.072009414	0.071006596	0.07118501	0.07150153	0.07102151	0.07147879	0.07141124	0.0	0.07159507	0.07152349	0.07158877	0.07110573	0.0	0.07175907	0.071166754
SRR13355800	1	dental calculus	0.071606375	0.07193122	0.0710066	0.071185015	0.071487226	0.07102152	0.07148075	0.071595326	0.0	0.07167942	0.071496785	0.07155397	0.071109936	0.0	0.07175813	0.071087725
SRR13355801	1	dental calculus	0.07158291	0.07197772	0.07100661	0.07118502	0.07149075	0.071021535	0.07145676	0.07161657	0.0	0.07164436	0.07147566	0.071554534	0.07110575	0.0	0.071733974	0.07114783
SRR13355802	1	dental calculus	0.07179447	0.0719038	0.07100633	0.071028486	0.07173652	0.071021244	0.07153588	0.071017124	0.0	0.07161237	0.07161191	0.07172293	0.07113993	0.0	0.07182658	0.07104241
SRR13355803	1	dental calculus	0.07169187	0.071865454	0.071006484	0.07102864	0.07168211	0.0710214	0.071523465	0.071322724	0.0	0.0715917	0.07156905	0.07169855	0.07115042	0.0	0.071830675	0.071017474
SRR13355804	1	dental calculus	0.07178223	0.07181399	0.07100635	0.07102851	0.07174764	0.07102127	0.07153591	0.07102789	0.0	0.071633466	0.07167297	0.071747534	0.071150295	0.0	0.07180336	0.07102858
SRR13355805	1	dental calculus	0.07177199	0.071903534	0.07100637	0.07100637	0.07171791	0.07102129	0.07153601	0.07109284	0.0	0.07160209	0.071624145	0.07173319	0.07113998	0.0	0.07179057	0.0710537
SRR13355806	1	dental calculus	0.07176145	0.07193001	0.0710064	0.07102856	0.071715474	0.07102132	0.07152476	0.07113763	0.0	0.071591705	0.07158936	0.07169841	0.071140006	0.0	0.07180196	0.071052946
SRR13355807	1	dental calculus	0.07176954	0.07188361	0.07100637	0.07105978	0.07170288	0.07102129	0.0715504	0.07101717	0.0	0.071569026	0.07165863	0.071759135	0.07113998	0.0	0.07179717	0.071065016
SRR13355808	1	dental calculus	0.071771994	0.07184129	0.07100638	0.07102854	0.071728274	0.071021296	0.07153602	0.07108203	0.0	0.07161383	0.0716132	0.071749	0.071139984	0.0	0.071825676	0.07104247
SRR13355809	1	dental calculus	0.07178222	0.0718412	0.071006335	0.0710285	0.07174962	0.07102126	0.07153785	0.07101559	0.0	0.07161379	0.07163654	0.0717591	0.07113995	0.0	0.07182563	0.071042426
SRR13355810	1	dental calculus	0.071782194	0.07179915	0.07100631	0.07100631	0.07175968	0.07102123	0.07153539	0.07100631	0.0	0.0716241	0.07170708	0.071759075	0.07115025	0.0	0.07182561	0.0710173
SRR13355811	1	dental calculus	0.07177221	0.07190715	0.071006335	0.07102849	0.07173718	0.07102125	0.071547166	0.071017064	0.0	0.07161332	0.07163515	0.07170847	0.07113994	0.0	0.071823865	0.07104242
SRR13355812	1	dental calculus	0.07177199	0.07184222	0.07100638	0.07100638	0.07172791	0.071021296	0.07153601	0.071092844	0.0	0.07162417	0.071635544	0.071738064	0.071139984	0.0	0.07181475	0.07104246
SRR13355813	1	dental calculus	0.07175952	0.07187198	0.07100635	0.07100635	0.07170293	0.07102127	0.0715481	0.07101709	0.0	0.07163487	0.07167038	0.07173099	0.071139954	0.0	0.07181398	0.071076244
SRR16071515	4	marine sediment	0.062595546	0.0625902	0.062222518	0.062222518	0.06272212	0.062334236	0.06264619	0.06262655	0.062222518	0.06262103	0.06270657	0.06268547	0.06271416	0.062222518	0.062604174	0.062263705
SRR16071516	4	marine sediment	0.062596716	0.062597804	0.06222247	0.06222247	0.062757954	0.06222247	0.06266407	0.062617764	0.06222247	0.06260046	0.06274026	0.06270235	0.062716044	0.062232304	0.06262902	0.062255368
SRR16071517	4	marine sediment	0.06260525	0.06260053	0.062222514	0.062222514	0.06271032	0.062325872	0.06267317	0.0625505	0.062222514	0.06253884	0.06272146	0.06271336	0.062723406	0.062222514	0.06266051	0.06228674
SRR16071520	4	marine sediment	0.062607266	0.062606305	0.0622225	0.0622225	0.06272824	0.0622489	0.06265603	0.062552154	0.0622225	0.06258223	0.06273131	0.06271265	0.06272339	0.062232334	0.06264842	0.062303282
SRR16071521	4	marine sediment	0.06261574	0.06259682	0.06222248	0.06222248	0.06272932	0.06222248	0.06267218	0.06260663	0.06222248	0.06257343	0.062722854	0.06272162	0.06272337	0.06222248	0.06263893	0.062286705
SRR17604731	0	dental calculus	0.06272792	0.06277511	0.062222484	0.062222484	0.062701784	0.062422603	0.06270935	0.06262865	0.06224782	0.06224565	0.062677875	0.062669605	0.062496092	0.062298376	0.062689506	0.062264696
SRR17604732	0	dental calculus	0.062457766	0.06280505	0.06273963	0.062222604	0.062336225	0.06227632	0.06250527	0.0625425	0.062665515	0.06267388	0.06251201	0.062440697	0.062322315	0.062522456	0.062673986	0.062303774
SRR17604735	0	dental calculus	0.06261472	0.062845945	0.062229868	0.06222255	0.06255913	0.062303532	0.062647566	0.06260942	0.062665455	0.06228331	0.06259847	0.06259756	0.06243724	0.06236964	0.062733814	0.06228178
SRR17604736	0	dental calculus	0.0625888	0.06285277	0.062229898	0.06222258	0.06252788	0.06230356	0.06263868	0.06256829	0.062665485	0.062284943	0.06259996	0.062537804	0.06241279	0.06253052	0.06271879	0.062317245
SRR17604737	0	dental calculus	0.062616184	0.06284862	0.06222256	0.06222256	0.062567845	0.06230354	0.06265587	0.06258625	0.06266546	0.062248964	0.062601246	0.06254604	0.062420845	0.062513225	0.062699	0.062281787
SRR17604738	0	dental calculus	0.06271058	0.06290357	0.06222241	0.06222241	0.062664084	0.062311616	0.06271523	0.062620394	0.062247742	0.062256925	0.06268524	0.062673256	0.0624489	0.06226987	0.06278456	0.06226321
SRR17604739	0	dental calculus	0.06263144	0.06288847	0.062222548	0.062222548	0.06252463	0.062293496	0.06259218	0.06258906	0.062265288	0.06267382	0.06262713	0.062576085	0.062374838	0.06253049	0.06269649	0.06229149
SRR17604740	0	dental calculus	0.06261787	0.06284808	0.062222566	0.062222566	0.06255025	0.062303547	0.06263867	0.06256696	0.06263997	0.06227335	0.062582664	0.06255501	0.06242214	0.06253936	0.06273521	0.062281795
SRR17604741	0	dental calculus	0.06271835	0.06286404	0.0622224	0.0622224	0.0627153	0.062311605	0.06271554	0.06260993	0.0622224	0.062279295	0.062668934	0.062707454	0.062463824	0.0622224	0.06278274	0.062273383
SRR17604742	0	dental calculus	0.06257068	0.06287068	0.062222578	0.062222578	0.062436353	0.0622853	0.062556684	0.06258483	0.062665485	0.062664084	0.06258336	0.06250074	0.062365457	0.06251324	0.06269186	0.062266093
SRR17604743	0	dental calculus	0.06265502	0.06290243	0.062222533	0.062222533	0.062552854	0.06229348	0.06258226	0.062575385	0.062265273	0.062673055	0.06260923	0.062576026	0.06236837	0.06249166	0.06272535	0.062284537
SRR17604744	0	dental calculus	0.06260209	0.062886626	0.062229834	0.062222518	0.06250894	0.062285244	0.06259035	0.06261358	0.062622406	0.062679715	0.06260024	0.06256979	0.062366873	0.062222518	0.062733255	0.062266033
SRR17604745	0	dental calculus	0.06255134	0.06278445	0.062229957	0.06222264	0.062430616	0.0624259	0.062573954	0.06257664	0.06264004	0.06265503	0.062584065	0.06250091	0.06236667	0.062539436	0.06264377	0.062274594
SRR17604746	0	dental calculus	0.062600024	0.062846564	0.06222989	0.06222257	0.0625451	0.06230355	0.06265477	0.0625477	0.06266548	0.062275227	0.06260957	0.06254605	0.062431373	0.06253051	0.062709816	0.062281802
SRR17604747	0	dental calculus	0.062580846	0.062814645	0.062222607	0.062222607	0.06250229	0.06244416	0.06263645	0.06258473	0.062665515	0.06227526	0.06260089	0.06252828	0.06242142	0.0625394	0.062679075	0.062281836
SRR17604748	0	dental calculus	0.06261618	0.06287693	0.062222548	0.062222548	0.06252006	0.06230353	0.06264741	0.06256558	0.062665455	0.062248953	0.06258416	0.06254602	0.06243006	0.06253125	0.06273755	0.062281776
SRR17604749	0	dental calculus	0.06270372	0.06290493	0.062222484	0.062222484	0.06263121	0.06231169	0.06267301	0.06259283	0.062265225	0.062239535	0.06262535	0.06260512	0.062430054	0.062548466	0.06274219	0.062281713
SRR17604750	0	dental calculus	0.06262526	0.06285389	0.06222989	0.062222574	0.06252504	0.062303554	0.06263093	0.06256496	0.06266548	0.062283333	0.06256493	0.06257935	0.062438026	0.062445734	0.06274137	0.062325682
SRR17604751	0	dental calculus	0.06256243	0.062836856	0.062229916	0.062222596	0.062427167	0.062285323	0.06255671	0.06254702	0.06266551	0.0626829	0.06257441	0.06250076	0.062374834	0.062540494	0.06269156	0.06230154
SRR17604752	0	dental calculus	0.06251108	0.06281201	0.06273225	0.062222596	0.062414486	0.06229456	0.062605835	0.062576964	0.0626655	0.062248997	0.06252961	0.062493857	0.062377673	0.062513255	0.06271032	0.062290996
SRR17604753	0	dental calculus	0.06259001	0.06283773	0.062222593	0.062222593	0.062443715	0.06228532	0.06253908	0.06250685	0.06264798	0.06265469	0.06255026	0.06248253	0.062367618	0.06268946	0.06265804	0.062301535
SRR17604754	0	dental calculus	0.062735654	0.06267391	0.06222245	0.06222245	0.06272768	0.06245225	0.06272291	0.06264206	0.06222245	0.062253095	0.06270276	0.06273579	0.06245464	0.06222245	0.062728	0.062281433
SRR17604755	0	dental calculus	0.0626752	0.06288679	0.06222248	0.06222248	0.06258588	0.06229343	0.06260915	0.06261404	0.06226522	0.06266274	0.06265288	0.06263673	0.06239924	0.062279098	0.06274706	0.062247574
SRR17604756	0	dental calculus	0.06265062	0.06287785	0.062222544	0.062222544	0.06251371	0.062293492	0.06259218	0.06258005	0.062265284	0.06266365	0.06262617	0.06256016	0.062382907	0.062540434	0.06272535	0.06228305
SRR17604757	0	dental calculus	0.06261958	0.06284115	0.06222257	0.06222257	0.06256274	0.06242401	0.06258231	0.06261305	0.06226531	0.062715165	0.06262734	0.062558495	0.062365506	0.062473666	0.06265888	0.06224766
SRR17604758	0	dental calculus	0.06257083	0.062867776	0.062222574	0.062222574	0.06242729	0.062285297	0.06256431	0.062565535	0.06267501	0.06267385	0.06257439	0.062492833	0.06236042	0.06253936	0.06269186	0.06226609
SRR17604759	0	dental calculus	0.062630944	0.062863596	0.062229864	0.062222548	0.06251378	0.062293496	0.06256563	0.062574364	0.062239945	0.062671944	0.06260194	0.062567174	0.062374078	0.06262482	0.06272439	0.062301487
SRR17604760	0	dental calculus	0.062457796	0.06281243	0.06273225	0.062222596	0.06232717	0.06227631	0.06250526	0.062534854	0.06264	0.062704906	0.06248658	0.062457975	0.062314246	0.06253939	0.062684454	0.062303767
SRR17604761	0	dental calculus	0.06260034	0.06275722	0.06222262	0.06222262	0.062525146	0.062434115	0.06263053	0.06256672	0.06262251	0.0622734	0.062575415	0.06253608	0.062420905	0.06261679	0.06271375	0.062281847
SRR17604762	0	dental calculus	0.06256227	0.06285433	0.06222991	0.062222593	0.06240858	0.06228532	0.0625567	0.06257531	0.0626655	0.0626641	0.0625744	0.06250075	0.062357403	0.06254858	0.062682666	0.06231159
SRR17604763	0	dental calculus	0.062554814	0.06284817	0.062732235	0.06222258	0.062449906	0.062284514	0.062530845	0.06256562	0.06226532	0.06266409	0.062555276	0.06250798	0.062339764	0.06252243	0.06269817	0.062258277
SRR17604764	0	dental calculus	0.06259895	0.06277577	0.06273222	0.062222566	0.06255865	0.062433273	0.062645786	0.062613875	0.062247902	0.062229928	0.06262625	0.06257631	0.062377658	0.06240104	0.06270425	0.06225555
SRR17604765	0	dental calculus	0.06274396	0.06283827	0.062222395	0.062222395	0.06271302	0.0623116	0.06270757	0.06262038	0.062222395	0.062272087	0.0626843	0.062715724	0.062447134	0.062230445	0.06278511	0.0622632
SRR17604766	0	dental calculus	0.06274446	0.06280483	0.0622224	0.0622224	0.06271424	0.062311605	0.06273277	0.06260792	0.0622224	0.062253043	0.062694386	0.06273373	0.062463824	0.0622224	0.0627682	0.06228138
SRR17604767	0	dental calculus	0.062698916	0.06283984	0.06222246	0.06222246	0.06262979	0.062293407	0.0626335	0.0625995	0.06222246	0.062668234	0.062667266	0.06265361	0.062408436	0.06222246	0.062759936	0.06225773
SRR17604768	0	dental calculus	0.0627435	0.06279185	0.062222436	0.062222436	0.06271362	0.062311642	0.06272466	0.062613316	0.062239837	0.06225507	0.06265057	0.0627269	0.06244641	0.062302917	0.06276142	0.06227342
SRR17604769	0	dental calculus	0.062753394	0.062830605	0.0622224	0.0622224	0.06272267	0.062311605	0.062715225	0.0626093	0.0622224	0.062262733	0.0626843	0.062715724	0.06246382	0.0622224	0.06276765	0.062273383
SRR17604770	0	dental calculus	0.06273603	0.06284352	0.062222395	0.062222395	0.06271424	0.0623116	0.0627243	0.0626093	0.062222395	0.062262733	0.06267712	0.062735386	0.06246382	0.062222395	0.06275898	0.06227338
SRR17604771	0	dental calculus	0.062692314	0.06285252	0.062222496	0.062222496	0.062656425	0.0623117	0.06268182	0.062609054	0.062274702	0.06226381	0.062653705	0.06263859	0.062438145	0.06246551	0.062744975	0.062271737
SRR17604772	0	dental calculus	0.06270847	0.06286123	0.06222245	0.06222245	0.06267209	0.062311657	0.06269069	0.06263173	0.062274653	0.062271863	0.06265376	0.06269852	0.062446423	0.06230293	0.062767826	0.06226325
SRR17604773	0	dental calculus	0.062713504	0.06282747	0.062222477	0.062222477	0.06264886	0.062311687	0.062715456	0.06259007	0.062231936	0.062245023	0.0626791	0.06266588	0.062449772	0.062458485	0.06273635	0.062281463
SRR17604774	0	dental calculus	0.06269366	0.06287446	0.062222473	0.062222473	0.062648855	0.062311683	0.062715456	0.062594496	0.06224781	0.06224888	0.06266564	0.06263811	0.06243865	0.06246656	0.06273732	0.06227346
SRR17604775	0	dental calculus	0.062719025	0.062886745	0.06222978	0.062222473	0.06264035	0.06231168	0.062690556	0.06264382	0.062274676	0.062229834	0.062643	0.06262178	0.062422566	0.06246549	0.06273497	0.062263273
SRR17604776	0	dental calculus	0.062635496	0.062877305	0.062222548	0.062222548	0.06252913	0.06230353	0.062655054	0.06255908	0.06267498	0.062244285	0.06258489	0.06254578	0.062439427	0.06251321	0.062710956	0.062281776
SRR17604777	0	dental calculus	0.0625038	0.062791	0.062732264	0.062222607	0.06240402	0.062294576	0.062597916	0.06258415	0.06265752	0.062275264	0.06252066	0.062476616	0.06241958	0.0625394	0.06270534	0.06227529
SRR17604778	0	dental calculus	0.06264072	0.06282627	0.062222566	0.062222566	0.06256989	0.062303547	0.06266389	0.06258593	0.062675	0.062256172	0.06259351	0.06258227	0.062430605	0.062473666	0.06267199	0.062281415
SRR17604779	0	dental calculus	0.06262384	0.06284558	0.062222555	0.062222555	0.06256222	0.062303536	0.06265621	0.06261003	0.062631965	0.06226364	0.062591545	0.06257086	0.06243007	0.06246557	0.06273648	0.062263355
SRR17604780	0	dental calculus	0.06262694	0.062814504	0.06222259	0.062267717	0.06251748	0.06230357	0.06266531	0.06257527	0.062673934	0.0622639	0.06257593	0.062571384	0.062417313	0.06253938	0.062682904	0.062281877
SRR17604781	0	dental calculus	0.06269656	0.062856756	0.062222403	0.062222403	0.062686756	0.06231161	0.06273252	0.06266633	0.062222403	0.06224534	0.06267634	0.06269105	0.062445223	0.062269863	0.06279125	0.062263206
SRR17604782	0	dental calculus	0.062665	0.06281098	0.06222252	0.06222252	0.0626791	0.062452324	0.06268008	0.06265282	0.062265266	0.06226582	0.06268612	0.06261138	0.06242947	0.062400997	0.06269228	0.062263325
SRR17604783	0	dental calculus	0.06276247	0.0627378	0.062222403	0.062222403	0.06273694	0.06231161	0.06273277	0.062633894	0.062222403	0.062253047	0.06269365	0.06274532	0.062454592	0.062222403	0.062766925	0.062281385
SRR17604784	0	dental calculus	0.06270057	0.062863536	0.062222436	0.062222436	0.06271846	0.062375497	0.06268891	0.062617965	0.062222436	0.06230039	0.062658176	0.06268136	0.062440846	0.062230486	0.06277303	0.06228347
SRR17604785	0	dental calculus	0.062598534	0.06288674	0.062222555	0.062222555	0.06252745	0.062303536	0.062648565	0.06259486	0.06262244	0.062282693	0.06257556	0.062563345	0.062412765	0.06254854	0.06272651	0.062263355
SRR17604786	0	dental calculus	0.062693186	0.06288789	0.062222473	0.062222473	0.062630266	0.06231168	0.06267315	0.06261537	0.062257268	0.062273875	0.06265179	0.06267297	0.062437218	0.062359642	0.0627736	0.062317137
SRR17604787	0	dental calculus	0.06267636	0.0628726	0.06222254	0.06222254	0.062543906	0.06229349	0.06260937	0.06260857	0.062274743	0.06262788	0.062620066	0.062568165	0.062382903	0.0625132	0.06271603	0.06224763
SRR17604788	0	dental calculus	0.06270282	0.06287847	0.06222242	0.06222242	0.06267835	0.062311627	0.06271066	0.062638156	0.062231876	0.062264405	0.062694706	0.06266529	0.062496025	0.06226988	0.06275845	0.06225445
SRR17604789	0	dental calculus	0.0627022	0.06288299	0.06222246	0.06222246	0.06267979	0.062311664	0.06268227	0.06261389	0.062257253	0.062256064	0.06268688	0.06262087	0.062430166	0.06240093	0.06276685	0.06226326
SRR17604790	0	dental calculus	0.062704556	0.06287661	0.062222455	0.062222455	0.062640935	0.06231166	0.06271543	0.06260367	0.062231913	0.062245	0.06267942	0.06263975	0.062441144	0.062440444	0.0627613	0.062263258
SRR17604791	0	dental calculus	0.06256156	0.0628697	0.062229905	0.06222259	0.06241604	0.062285315	0.06255669	0.062568255	0.0626655	0.06267387	0.06254907	0.06249285	0.0623574	0.06254858	0.062682666	0.062320028
SRR17604792	0	dental calculus	0.062685266	0.062896	0.062229823	0.062222507	0.0626055	0.062311713	0.06267303	0.06258368	0.062265247	0.062257867	0.06262703	0.06260514	0.06242085	0.062539294	0.062751435	0.062325615
SRR17604793	0	dental calculus	0.062552504	0.0628633	0.0622299	0.062222585	0.062452283	0.062285308	0.06255669	0.0625686	0.06263998	0.062690414	0.06257446	0.06251004	0.062365986	0.062530525	0.06269131	0.0622661
SRR17604794	0	dental calculus	0.06273602	0.06284266	0.06222239	0.06222239	0.06271529	0.062311597	0.062707566	0.06260754	0.06222239	0.062253032	0.062686875	0.062719025	0.062463813	0.06222239	0.06279365	0.062273376
SRR17604795	0	dental calculus	0.062485132	0.06280379	0.06273224	0.06222259	0.06231894	0.062276304	0.062497362	0.06256161	0.0626655	0.06265215	0.06247839	0.062414642	0.06231424	0.062615655	0.062684685	0.06227677
SRR17604796	0	dental calculus	0.062672675	0.06288452	0.062222525	0.062222525	0.062568456	0.062293474	0.06260091	0.06261788	0.062265266	0.06263762	0.06264344	0.06256801	0.062365465	0.062482808	0.06270681	0.06224762
SRR17604797	0	dental calculus	0.06261443	0.06286961	0.06222256	0.06222256	0.06256109	0.06230354	0.06263866	0.06259468	0.062674984	0.062275212	0.06258258	0.06255355	0.06241277	0.06248284	0.062709145	0.062281787
SRR17604798	0	dental calculus	0.06257973	0.06287885	0.062222574	0.062222574	0.06244372	0.062285297	0.0625747	0.062582366	0.06264796	0.062664084	0.06259016	0.062492836	0.062365454	0.062458582	0.062708035	0.06228308
SRR17604799	0	dental calculus	0.06262411	0.062861666	0.062222544	0.062222544	0.06257801	0.062303524	0.06264756	0.0625927	0.062639944	0.062281426	0.06259015	0.06260686	0.06243786	0.062360466	0.062748864	0.062281772
SRR17604800	0	dental calculus	0.062658705	0.06287111	0.062222537	0.062222537	0.062550284	0.062293485	0.06259217	0.062589966	0.06226528	0.06266405	0.06261807	0.062584884	0.062391497	0.0625132	0.062714584	0.06224763
SRR17604801	0	dental calculus	0.062694475	0.062841885	0.06222247	0.06222247	0.062663615	0.062311675	0.06270637	0.06262458	0.06222247	0.062272254	0.06267863	0.06263967	0.062437493	0.06244046	0.06275821	0.062263273
SRR17604802	0	dental calculus	0.062753394	0.0627518	0.062222403	0.062222403	0.06271363	0.06231161	0.06273277	0.06262291	0.062222403	0.062253043	0.06271175	0.06274532	0.06245522	0.062222403	0.06277757	0.062281385
SRR17604803	0	dental calculus	0.062720716	0.06286829	0.062222406	0.062222406	0.062673725	0.062311612	0.06272512	0.06260794	0.062222406	0.062245343	0.06268575	0.06271091	0.06246383	0.062269866	0.06277629	0.06227339
SRR17604804	0	dental calculus	0.062582485	0.06282609	0.062229924	0.062222604	0.0625451	0.062386688	0.06263645	0.062579036	0.062665515	0.062289644	0.06258429	0.06253708	0.06242949	0.062522456	0.062681325	0.062281836
SRR17604805	0	dental calculus	0.062637724	0.06284606	0.062229868	0.06222255	0.06255289	0.0622935	0.06257454	0.06260814	0.06226529	0.06268199	0.06260856	0.06260267	0.06238188	0.06245379	0.062739044	0.062301494
SRR17604806	0	dental calculus	0.06273601	0.06285413	0.06222238	0.06222238	0.06271705	0.06231159	0.062723674	0.06261832	0.06222238	0.06224532	0.06269404	0.06269925	0.06244597	0.06222238	0.06279175	0.06227337
SRR17604807	0	dental calculus	0.06264913	0.062897906	0.062229842	0.062222525	0.06254738	0.062293474	0.062592156	0.06261083	0.06225732	0.06265462	0.06262621	0.06256015	0.062373534	0.06251319	0.06272412	0.06224762
SRR17604808	0	dental calculus	0.06253517	0.06282082	0.06273224	0.062222585	0.06243282	0.062284518	0.06250561	0.06253465	0.062274788	0.06267858	0.06254143	0.062481176	0.06231515	0.06269757	0.06264918	0.0622937
SRR19160147	3	intestine	0.06262689	0.06271923	0.06222256	0.062300548	0.06270717	0.06263871	0.0626711	0.06252889	0.062281754	0.062625505	0.06264029	0.062613174	0.062322944	0.06222256	0.06263883	0.062239848
SRR19160150	3	intestine	0.06273093	0.06274523	0.062222503	0.062300496	0.06268848	0.062259108	0.06269133	0.06257278	0.0622817	0.062625475	0.062657334	0.06267923	0.062377244	0.062222503	0.06268716	0.062258504
SRR19160161	3	intestine	0.062730916	0.06274445	0.06222249	0.06230048	0.062707104	0.062241882	0.06270028	0.06252	0.062281687	0.06263456	0.062656306	0.0626982	0.06237723	0.06222249	0.062703446	0.06225849
SRR19160174	3	intestine	0.062712915	0.0627357	0.062222503	0.062300492	0.06268838	0.062259104	0.062680475	0.06255547	0.062281698	0.06266382	0.06267444	0.062698215	0.062367897	0.062222503	0.062677875	0.0622585
SRR19160175	3	intestine	0.062616415	0.06268011	0.06222256	0.062300548	0.06269821	0.06265602	0.062653676	0.06261681	0.062281754	0.062626645	0.06268457	0.062613934	0.06230567	0.06222256	0.06258067	0.062239848
SRR19160180	3	intestine	0.062721856	0.06275221	0.062222492	0.06230048	0.062707104	0.062241886	0.06269253	0.06252806	0.062281687	0.06263456	0.06266504	0.0626982	0.06237723	0.062222492	0.06269569	0.06225849
SRR19160184	3	intestine	0.062730916	0.06275358	0.06222249	0.062300477	0.06268846	0.062241882	0.06270028	0.06252	0.062281687	0.0626351	0.062646754	0.0626982	0.062377226	0.06222249	0.06272197	0.06225849
SRR19160194	3	intestine	0.06273094	0.062735714	0.06222251	0.062300503	0.0626671	0.062258594	0.06268945	0.06253025	0.06228171	0.06266577	0.06264678	0.06269822	0.06237725	0.06222251	0.06268501	0.06228769
SRR19160206	3	intestine	0.06272102	0.06273236	0.0622225	0.062300492	0.06268848	0.062241893	0.06269254	0.06258956	0.062281698	0.06263459	0.06267472	0.062678106	0.062379006	0.0622225	0.06268203	0.0622585
SRR19160231	3	intestine	0.06260743	0.06269925	0.062222574	0.062300563	0.06267868	0.06263872	0.06265227	0.06254552	0.062281772	0.06268045	0.062629856	0.06261507	0.0623652	0.062222574	0.06262021	0.062239863
SRR19160251	3	intestine	0.062625855	0.062690236	0.062222574	0.062300563	0.06268855	0.0626279	0.06265425	0.06259198	0.062281772	0.06264926	0.06266718	0.06262474	0.0623652	0.062222574	0.062547505	0.062239863
SRR20576738	1	marine sediment	0.0716666	0.071706384	0.07100637	0.07100637	0.071781665	0.07102129	0.071559176	0.07100637	0.0	0.07164523	0.07176196	0.07175836	0.07125113	0.0	0.07181172	0.07101737
SRR20576739	1	marine sediment	0.071782194	0.071778044	0.07100632	0.07100632	0.071759686	0.07102124	0.07154715	0.07100632	0.0	0.07164517	0.0716953	0.071759075	0.07115026	0.0	0.071825616	0.07101731
SRR20576742	1	marine sediment	0.07165354	0.07166753	0.07100637	0.07100637	0.07176264	0.07100637	0.07179328	0.07100637	0.0	0.071618445	0.07172258	0.07171936	0.07125113	0.0	0.07176863	0.07101737
SRR20576743	1	marine sediment	0.07169252	0.07171411	0.07100638	0.07100638	0.071773104	0.071021296	0.071573086	0.07100638	0.0	0.07164523	0.07173683	0.07174446	0.07125114	0.0	0.07181173	0.07101737
SRR20576744	1	marine sediment	0.071782194	0.071778044	0.07100632	0.07100632	0.071759686	0.07102124	0.07154715	0.07100632	0.0	0.07164517	0.0716953	0.071759075	0.07115026	0.0	0.071825616	0.07101731
SRR20576745	1	marine sediment	0.07164048	0.07166541	0.07100637	0.07100637	0.071765505	0.07100637	0.07178057	0.07100637	0.0	0.071618445	0.0717464	0.07176724	0.07125113	0.0	0.07172195	0.07101737
SRR20576746	1	marine sediment	0.0716278	0.07165495	0.07100638	0.07100638	0.071773104	0.071021296	0.07179329	0.07100638	0.0	0.07161845	0.07172433	0.07173047	0.07125114	0.0	0.071768634	0.07101738
SRR20576747	1	marine sediment	0.07175625	0.07177805	0.07100632	0.07100632	0.07175969	0.071021244	0.07157303	0.07100632	0.0	0.07164518	0.071695305	0.07175908	0.071150266	0.0	0.071825616	0.07101732
SRR20576748	1	marine sediment	0.071666226	0.07166753	0.07100637	0.07100637	0.07177482	0.07100637	0.07178057	0.07100637	0.0	0.071618445	0.071724325	0.07170545	0.07125113	0.0	0.07176863	0.07101737
SRR20576749	1	marine sediment	0.07165382	0.07166665	0.07100639	0.07100639	0.07174758	0.0710213	0.071780585	0.07100639	0.0	0.07161846	0.07172481	0.071755	0.07125115	0.0	0.07174411	0.07101738
SRR20576750	1	marine sediment	0.07165382	0.071667545	0.07100639	0.07100639	0.07175975	0.0710213	0.071768075	0.07100639	0.0	0.07161846	0.071736835	0.07171789	0.07125115	0.0	0.071768634	0.07101738
SRR20576751	1	marine sediment	0.0716278	0.07165495	0.07100638	0.07100638	0.07176093	0.071021296	0.07179329	0.07100638	0.0	0.07161845	0.07173651	0.071755	0.07125114	0.0	0.07174411	0.07101738
SRR20576752	1	marine sediment	0.07165381	0.071654946	0.07100637	0.07100637	0.07177482	0.07100637	0.07178057	0.07100637	0.0	0.071618445	0.071724325	0.07174271	0.07125113	0.0	0.07175637	0.07101737
SRR20576754	1	marine sediment	0.07164048	0.071654946	0.07100637	0.07100637	0.071775995	0.07100637	0.07178057	0.07100637	0.0	0.071618445	0.07173649	0.07174243	0.07125113	0.0	0.07175665	0.07101736
SRR20576755	1	marine sediment	0.07164223	0.071654946	0.07100637	0.07100637	0.071775995	0.07100637	0.07178057	0.07100637	0.0	0.071618445	0.07173325	0.07174452	0.07125113	0.0	0.071756065	0.07101736
SRR20576756	1	marine sediment	0.071627185	0.071654946	0.07100637	0.07100637	0.071775995	0.07100637	0.07178057	0.07100637	0.0	0.071618445	0.07174981	0.071754985	0.07125113	0.0	0.07174409	0.07101736
SRR20576757	1	marine sediment	0.071640484	0.07165496	0.07100639	0.07100639	0.07176093	0.0710213	0.071780585	0.07100639	0.0	0.07161845	0.07173651	0.071754694	0.07125115	0.0	0.07174442	0.07101738
SRR20576758	1	marine sediment	0.071641125	0.07166753	0.07100637	0.07100637	0.07176264	0.07100637	0.07179328	0.07100637	0.0	0.071618445	0.0717365	0.07175464	0.07125113	0.0	0.07173185	0.07101737
SRR20576759	1	marine sediment	0.07164048	0.07166541	0.07100637	0.07100637	0.07177769	0.07100637	0.07178057	0.07100637	0.0	0.071606696	0.07173609	0.071730465	0.07125113	0.0	0.07176862	0.07101736
SRR20576760	1	marine sediment	0.0716402	0.071678	0.07100637	0.07100637	0.07176551	0.07100637	0.07179328	0.07100637	0.0	0.071618445	0.0717365	0.071717694	0.07125113	0.0	0.07175637	0.07101737
SRR20576761	1	marine sediment	0.07165294	0.07164282	0.07100639	0.07100639	0.07174758	0.0710213	0.071780585	0.07100639	0.0	0.07161845	0.071761966	0.0717303	0.07125115	0.0	0.071756385	0.07101738
SRR20576762	1	marine sediment	0.07165381	0.07167942	0.07100638	0.07100638	0.071762644	0.07100638	0.07178057	0.07100638	0.0	0.071618445	0.0717365	0.07171787	0.07125113	0.0	0.07175673	0.07101737
SRR20576763	1	marine sediment	0.07166623	0.071667545	0.07100639	0.07100639	0.07175976	0.0710213	0.071768075	0.07100639	0.0	0.07161846	0.07172348	0.07173137	0.07125115	0.0	0.07175608	0.07101738
SRR20576764	1	marine sediment	0.071666226	0.071654946	0.07100637	0.07100637	0.07176264	0.07100637	0.07178057	0.07100637	0.0	0.071618445	0.0717365	0.07174285	0.07125113	0.0	0.071743816	0.07101737
SRR20576765	1	marine sediment	0.071615756	0.071654946	0.07100637	0.07100637	0.07179963	0.07100637	0.07178057	0.07100637	0.0	0.07161844	0.071737625	0.07174302	0.07125113	0.0	0.07175606	0.07101736
SRR20576766	1	marine sediment	0.07164052	0.071654946	0.07100637	0.07100637	0.07176264	0.07100637	0.07178057	0.07100637	0.0	0.071618445	0.07174981	0.07174243	0.07125113	0.0	0.07175665	0.07101736
SRR20576767	1	marine sediment	0.07165293	0.071654946	0.07100637	0.07100637	0.07176264	0.07100637	0.07176807	0.07100637	0.0	0.071618445	0.07174839	0.071731955	0.07125113	0.0	0.07176863	0.07101737
SRR20576768	1	marine sediment	0.07174382	0.07176384	0.07100632	0.07100632	0.07175969	0.071021244	0.07157303	0.07100632	0.0	0.07164518	0.071709506	0.07177152	0.071150266	0.0	0.071825616	0.07101732
SRR20576769	1	marine sediment	0.07164052	0.071654946	0.07100637	0.07100637	0.07177482	0.07100637	0.07176806	0.07100637	0.0	0.071618445	0.07175013	0.071730465	0.07125113	0.0	0.07176863	0.07101736
SRR20576770	1	marine sediment	0.071615756	0.07166683	0.07100637	0.07100637	0.07179963	0.07100637	0.07178057	0.07100637	0.0	0.07161844	0.071737625	0.07175527	0.07125113	0.0	0.07173191	0.07101736
SRR20576771	1	marine sediment	0.07164053	0.07166754	0.07100639	0.07100639	0.07174758	0.0710213	0.071780585	0.07100639	0.0	0.07161846	0.071749814	0.07173044	0.07125115	0.0	0.07175607	0.07101738
SRR20576772	1	marine sediment	0.071652755	0.071654946	0.07100637	0.07100637	0.07176264	0.07100637	0.07178057	0.07100637	0.0	0.071618445	0.07173589	0.07175694	0.07125113	0.0	0.071743816	0.07101737
SRR20576773	1	marine sediment	0.07164052	0.07166753	0.07100637	0.07100637	0.07176264	0.07100637	0.07176807	0.07100637	0.0	0.071618445	0.07176231	0.07171787	0.07125113	0.0	0.07176863	0.07101737
SRR20576774	1	marine sediment	0.071614504	0.07165494	0.07100637	0.07100637	0.07178817	0.07100637	0.07179327	0.07100637	0.0	0.07161844	0.07172427	0.07176863	0.071251124	0.0	0.07174381	0.07101736
SRR20576775	1	marine sediment	0.07166623	0.07165496	0.07100639	0.07100639	0.07174758	0.0710213	0.071780585	0.07100639	0.0	0.07161846	0.07173651	0.07173002	0.07125115	0.0	0.07175667	0.07101738
SRR20576776	1	marine sediment	0.071782194	0.071778044	0.07100632	0.07100632	0.071759686	0.07102124	0.07154715	0.07100632	0.0	0.07164517	0.0716953	0.071759075	0.07115026	0.0	0.071825616	0.07101731
SRR20576779	1	marine sediment	0.07176977	0.071751684	0.07100632	0.07100632	0.07174751	0.07102124	0.07154715	0.07100632	0.0	0.07164517	0.07173382	0.07177151	0.07115026	0.0	0.071825616	0.07101731
SRR20576780	1	marine sediment	0.0716801	0.07173582	0.07100637	0.07100637	0.0717731	0.07102129	0.07157308	0.07100637	0.0	0.07164523	0.0717229	0.07178337	0.07124138	0.0	0.071787246	0.07101737
SRR20576781	1	marine sediment	0.071693435	0.07172579	0.07100637	0.07100637	0.071759745	0.07102129	0.07157308	0.07100637	0.0	0.07164523	0.07172347	0.07179447	0.07123952	0.0	0.071787484	0.07101736
SRR20576782	1	marine sediment	0.07169344	0.07173748	0.07100638	0.07101827	0.07174807	0.0710213	0.071573086	0.07100638	0.0	0.07164524	0.071723476	0.07178251	0.07123953	0.0	0.07178745	0.07101738
SRR20576783	1	marine sediment	0.07170586	0.0717267	0.07100638	0.07100638	0.071759745	0.071021296	0.071573086	0.07100638	0.0	0.07164523	0.07170956	0.07175914	0.07125114	0.0	0.07181173	0.07101737
SRR20576784	1	marine sediment	0.07170586	0.07174021	0.07100638	0.07100638	0.07175975	0.071021296	0.071573086	0.07100638	0.0	0.07164524	0.071709275	0.071757816	0.07125114	0.0	0.071799815	0.07101737
SRR20576785	1	marine sediment	0.071627185	0.07166683	0.07100637	0.07100637	0.071775995	0.07100637	0.07178057	0.07100637	0.0	0.071618445	0.07172253	0.07176999	0.07125113	0.0	0.07174447	0.07101736
SRR20576786	1	marine sediment	0.07166623	0.07167922	0.07100638	0.07100638	0.07175975	0.071021296	0.071753666	0.07100638	0.0	0.07161845	0.071709566	0.07173272	0.07123953	0.0	0.071783036	0.07101738
SRR20576787	1	marine sediment	0.07165355	0.07165496	0.07100639	0.07100639	0.07174758	0.0710213	0.07179329	0.07100639	0.0	0.07161846	0.07173651	0.071730606	0.07125115	0.0	0.07175607	0.07101738
SRR20576794	1	marine sediment	0.071782194	0.071778044	0.07100632	0.07100632	0.071759686	0.07102124	0.07154715	0.07100632	0.0	0.07164517	0.0716953	0.071759075	0.07115026	0.0	0.071825616	0.07101731
SRR20576795	1	marine sediment	0.07165382	0.07165496	0.07100639	0.07100639	0.07175975	0.0710213	0.071780585	0.07100639	0.0	0.07161845	0.07171042	0.07175636	0.07125115	0.0	0.07175667	0.07101738
SRR20576796	1	marine sediment	0.07165504	0.071642734	0.07100644	0.07100644	0.07175188	0.07100644	0.07176785	0.07109708	0.0	0.071596526	0.07172641	0.07173036	0.0712512	0.0	0.071732916	0.07102867
SRR20576797	1	marine sediment	0.071666226	0.071654946	0.07100637	0.07100637	0.07177482	0.07100637	0.07178057	0.07100637	0.0	0.071618445	0.071724325	0.07174225	0.07125113	0.0	0.071744405	0.07101737
SRR20576798	1	marine sediment	0.07166622	0.07166662	0.07100637	0.07100637	0.07177482	0.07100637	0.07176806	0.07100637	0.0	0.07161844	0.07170955	0.071745306	0.071239516	0.0	0.07176862	0.07101736
SRR20576799	1	marine sediment	0.07165381	0.07167942	0.07100638	0.07100638	0.07177482	0.07100638	0.07178057	0.07100638	0.0	0.071618445	0.071724325	0.07173012	0.07125113	0.0	0.07174447	0.07101737
SRR20576800	1	marine sediment	0.07167772	0.071654946	0.07100638	0.07100638	0.071762644	0.07100638	0.07178058	0.07100638	0.0	0.071618445	0.071737245	0.07173059	0.07125113	0.0	0.071743816	0.07101737
SRR20576802	1	marine sediment	0.07161452	0.07165495	0.07100638	0.07100638	0.071773104	0.071021296	0.07179329	0.07100638	0.0	0.07161845	0.07172428	0.071756385	0.07125114	0.0	0.07175607	0.07101737
SRR20576803	1	marine sediment	0.071782194	0.071778044	0.07100632	0.07100632	0.071759686	0.07102124	0.07154715	0.07100632	0.0	0.07164517	0.0716953	0.071759075	0.07115026	0.0	0.071825616	0.07101731
SRR20576805	1	marine sediment	0.07162779	0.071654946	0.07100637	0.07100637	0.07178818	0.07100637	0.07179327	0.07100637	0.0	0.07161844	0.07171041	0.07175663	0.07125113	0.0	0.07175637	0.07101736
SRR20576807	1	marine sediment	0.07178219	0.07176383	0.071006306	0.071006306	0.07177475	0.071006306	0.07154714	0.071006306	0.0	0.07164516	0.071709484	0.07175907	0.07115025	0.0	0.0718256	0.0710173
SRR20576808	1	marine sediment	0.07169343	0.07173768	0.071006365	0.071006365	0.07176263	0.071006365	0.071573064	0.071006365	0.0	0.071645215	0.07172171	0.07182096	0.07123951	0.0	0.07176301	0.071017355
SRR20576809	1	marine sediment	0.0717429	0.07177805	0.07100632	0.07100632	0.071773045	0.07102124	0.07157303	0.07100632	0.0	0.07164518	0.071695305	0.07175908	0.071150266	0.0	0.071825616	0.07101732
SRR20576811	1	marine sediment	0.07170586	0.07172831	0.07100638	0.07100638	0.071759745	0.071021296	0.071573086	0.07100638	0.0	0.07164523	0.071695365	0.07177174	0.07125114	0.0	0.07181173	0.07101737
SRR20576812	1	marine sediment	0.07164024	0.07164504	0.07100641	0.071059816	0.07176528	0.07100641	0.07178381	0.07100641	0.0	0.07160693	0.07169709	0.0717576	0.07125117	0.0	0.07175641	0.0710174
SRR20576813	1	marine sediment	0.07165288	0.071654946	0.07100637	0.07100637	0.07178818	0.07100637	0.07178057	0.07100637	0.0	0.071618445	0.07172432	0.071718045	0.07125113	0.0	0.07176863	0.07101736
SRR20576814	1	marine sediment	0.071666226	0.07166753	0.07100637	0.07100637	0.07177482	0.07100637	0.071753666	0.07100637	0.0	0.071618445	0.07170956	0.07173272	0.07125113	0.0	0.071783036	0.07101737
SRR20576815	1	marine sediment	0.071641125	0.071654946	0.07100637	0.07100637	0.07176264	0.07100637	0.07179328	0.07100637	0.0	0.071618445	0.07173649	0.07174243	0.07125113	0.0	0.07175665	0.07101736
SRR20576816	1	marine sediment	0.07165289	0.07168082	0.07100638	0.07100638	0.071773104	0.071021296	0.071753666	0.07100638	0.0	0.07161845	0.071695365	0.071757875	0.07123953	0.0	0.071770474	0.07101737
SRR20576817	1	marine sediment	0.071782194	0.071778044	0.07100632	0.07100632	0.071759686	0.07102124	0.07154715	0.07100632	0.0	0.07164517	0.0716953	0.071759075	0.07115026	0.0	0.071825616	0.07101731
SRR21589119	1	soil	0.07163888	0.07173162	0.071006574	0.071006574	0.07170592	0.07114233	0.07153659	0.07117297	0.0	0.071682714	0.071635455	0.07172469	0.07125133	0.0	0.07172168	0.07104266
SRR21589120	1	soil	0.071649745	0.07171461	0.07100655	0.07100655	0.071646005	0.071157254	0.071536995	0.071082205	0.0	0.07179949	0.071647555	0.07171241	0.071202815	0.0	0.07171595	0.071121864
SRR2229974	0	dental calculus	0.062753394	0.0627518	0.062222403	0.062222403	0.062722676	0.06231161	0.06273277	0.062614284	0.062222403	0.062253047	0.06270271	0.06274532	0.062463827	0.062222403	0.06277757	0.062281385
SRR2229975	0	tooth	0.06276247	0.0627518	0.062222403	0.062222403	0.062722676	0.06231161	0.06273277	0.062614284	0.062222403	0.062253043	0.06269365	0.06274532	0.062463827	0.062222403	0.06277757	0.062281385
SRR2229976	0	dental calculus	0.062753394	0.0627518	0.062222403	0.062222403	0.062722676	0.06231161	0.06273277	0.062614284	0.062222403	0.062253047	0.06270271	0.06274532	0.062463827	0.062222403	0.06277757	0.062281385
SRR2229977	0	tooth	0.062753394	0.0627518	0.062222403	0.062222403	0.062722676	0.06231161	0.06273277	0.062614284	0.062222403	0.062253047	0.06270271	0.06274532	0.062463827	0.062222403	0.06277757	0.062281385
SRR23699551	1	dental calculus	0.071506515	0.07184924	0.07100678	0.07148001	0.07142692	0.0710217	0.07144263	0.07163603	0.0	0.07141574	0.07138893	0.0714508	0.071644574	0.0	0.071628146	0.071101986
SRR23699552	1	dental calculus	0.07155315	0.07185066	0.07175103	0.0710938	0.07135682	0.07103478	0.071475364	0.07112563	0.0	0.071354285	0.07140342	0.071504906	0.07166432	0.0	0.07172096	0.07111088
SRR23699553	1	dental calculus	0.07164365	0.07188267	0.07100663	0.07108222	0.07157695	0.07102155	0.071468756	0.071378574	0.0	0.071317025	0.07150461	0.07161815	0.0716548	0.0	0.07175585	0.07108857
SRR23699554	1	dental calculus	0.07141809	0.0718961	0.07176162	0.07147995	0.071177304	0.07102164	0.07137366	0.07164946	0.0	0.071607806	0.071338266	0.07135158	0.071074456	0.0	0.07165701	0.07119306
SRR23699555	1	dental calculus	0.0713926	0.071825005	0.071751155	0.071468495	0.07128111	0.07102175	0.07138531	0.071584	0.0	0.07129341	0.07127632	0.071338914	0.071596004	0.0	0.07162739	0.07115852
SRR23699556	1	dental calculus	0.0714171	0.07191825	0.071761645	0.071468405	0.07128898	0.07102166	0.07142263	0.07149273	0.0	0.07154452	0.071325436	0.07144788	0.071120456	0.0	0.07168216	0.071088135
SRR23699557	1	dental calculus	0.0715065	0.07185708	0.071006775	0.07148	0.071485154	0.07102169	0.071430884	0.07162519	0.0	0.071405254	0.07140065	0.07146653	0.07163512	0.0	0.07161385	0.07106533
SRR23699558	1	dental calculus	0.0716426	0.07186798	0.07100668	0.071082264	0.071628585	0.07114244	0.07146873	0.071378626	0.0	0.07131707	0.071506865	0.07151882	0.07165485	0.0	0.071730465	0.07105401
SRR23699559	1	dental calculus	0.07140442	0.07176668	0.071761735	0.07137681	0.07125369	0.07102175	0.07140789	0.07153939	0.0	0.07132589	0.071332484	0.07140639	0.07163518	0.0	0.071667686	0.071100004
SRR23699560	1	dental calculus	0.07141789	0.071765974	0.07176171	0.071376786	0.071241826	0.07102173	0.07139515	0.07165012	0.0	0.071291365	0.071321405	0.07137118	0.071635164	0.0	0.071647406	0.071102284
SRR23699561	1	dental calculus	0.07136998	0.07184584	0.07176173	0.07148005	0.07119834	0.07102174	0.071373574	0.07153904	0.0	0.07135003	0.07127604	0.071361095	0.07161912	0.0	0.07161026	0.071193166
SRR23699562	1	dental calculus	0.071428634	0.07191952	0.07176165	0.07137673	0.07123441	0.07102167	0.071395196	0.07152964	0.0	0.07151369	0.07138452	0.07145682	0.07109538	0.0	0.071700834	0.071181305
SRR23699563	1	dental calculus	0.07161258	0.07191728	0.07101713	0.07132299	0.071604475	0.07102159	0.07144972	0.07148334	0.0	0.07149343	0.071556725	0.07156862	0.071120374	0.0	0.07174369	0.07108805
SRR23699564	1	dental calculus	0.071623385	0.07187674	0.07100661	0.0710822	0.07171055	0.07116431	0.07152906	0.07122182	0.0	0.07159117	0.071590364	0.07161959	0.071217656	0.0	0.071723066	0.07104347
SRR23699565	1	dental calculus	0.071406685	0.071885325	0.07176163	0.07147996	0.07127936	0.071021646	0.07139816	0.07168229	0.0	0.071534745	0.071327046	0.07136661	0.071111284	0.0	0.07165739	0.07108786
SRR23699566	1	dental calculus	0.07139332	0.07177769	0.0717617	0.07148003	0.07115481	0.07102172	0.07134872	0.07176081	0.0	0.07135335	0.07128585	0.07131576	0.07159806	0.0	0.07155504	0.071193144
SRR23699567	1	dental calculus	0.071418904	0.07188606	0.07176164	0.07147996	0.071177766	0.07102165	0.07137367	0.07169192	0.0	0.0715607	0.07133763	0.071366616	0.07109558	0.0	0.071634814	0.07119308
SRR23699568	1	dental calculus	0.07144267	0.071884416	0.071761645	0.071468405	0.071188204	0.07102166	0.07137368	0.07164841	0.0	0.07156053	0.07134822	0.07134232	0.07109537	0.0	0.071659714	0.071204744
SRR23699569	1	dental calculus	0.07145323	0.07189649	0.07176165	0.07137673	0.07122392	0.071021676	0.071373686	0.0716045	0.0	0.071503095	0.07138452	0.07143175	0.07108623	0.0	0.07168943	0.0711931
SRR23699570	1	dental calculus	0.07142944	0.07191856	0.071761645	0.071388274	0.07126352	0.07102166	0.07140748	0.071529634	0.0	0.07151368	0.07138546	0.07143174	0.071120456	0.0	0.07171444	0.071113996
SRR23699571	1	dental calculus	0.07150097	0.07189884	0.07176165	0.07137673	0.07123393	0.071021676	0.071386404	0.07155824	0.0	0.071503095	0.07138212	0.07140821	0.07107449	0.0	0.07170055	0.0711931
SRR23699572	1	dental calculus	0.07142901	0.071907714	0.071761675	0.07148	0.07125959	0.07102169	0.07139863	0.07154729	0.0	0.07148777	0.07135809	0.07141374	0.0710954	0.0	0.071658336	0.07118106
SRR23699573	1	dental calculus	0.07137013	0.07186149	0.07176165	0.071479976	0.0711994	0.07103331	0.07139861	0.07168266	0.0	0.071584634	0.07134704	0.071379155	0.07108622	0.0	0.07163469	0.07118104
SRR23699574	1	dental calculus	0.07152902	0.071889326	0.071761616	0.07118513	0.07132266	0.07102163	0.07147335	0.07136478	0.0	0.07159948	0.07145248	0.071507126	0.07113116	0.0	0.07169951	0.07106273
SRR23699575	1	dental calculus	0.07141827	0.07189532	0.07176166	0.07146842	0.071222365	0.071021676	0.0713859	0.07159381	0.0	0.07154821	0.071348235	0.07137672	0.071095385	0.0	0.071670935	0.0711931
SRR23699576	1	dental calculus	0.07145223	0.07190942	0.07176166	0.07137673	0.071244426	0.071021676	0.07140792	0.07148343	0.0	0.0715137	0.07139462	0.07143225	0.071095385	0.0	0.07172525	0.07118131
SRR23699577	1	dental calculus	0.071519196	0.071916535	0.071017146	0.07147991	0.07137658	0.0710216	0.07140553	0.07178392	0.0	0.07162749	0.071461156	0.07147775	0.07108615	0.0	0.07163401	0.071193025
SRR23699578	1	dental calculus	0.071426325	0.07187656	0.07176167	0.07145769	0.07122286	0.07102168	0.07139716	0.0715585	0.0	0.071570374	0.07139307	0.07137673	0.07109561	0.0	0.07167197	0.07116979
SRR24222601	4	lake sediment	0.06272929	0.06273302	0.0622224	0.0622224	0.062733434	0.0622224	0.06272812	0.06260852	0.0622224	0.06261054	0.0627295	0.062749706	0.06227924	0.0622224	0.062713794	0.062272847
SRR24222602	4	lake sediment	0.06272934	0.06270688	0.06222244	0.06222244	0.06273347	0.062325798	0.062715776	0.06254169	0.06222244	0.06257592	0.06272954	0.0627548	0.06229833	0.06222244	0.0627258	0.062272888
SRR24222603	4	lake sediment	0.06272934	0.06268556	0.06222244	0.06222244	0.06273773	0.062325798	0.06274	0.06254189	0.06222244	0.06257592	0.06275045	0.06273215	0.06229833	0.06222244	0.062720194	0.062272884
SRR24222604	4	lake sediment	0.06272937	0.062651336	0.062222477	0.062222477	0.06272263	0.06244733	0.06271417	0.06260835	0.062222477	0.06255048	0.06275016	0.06273219	0.062290262	0.062222477	0.062640905	0.062272925
SRR24222605	4	lake sediment	0.06272932	0.06267619	0.062222425	0.062222425	0.06276765	0.06229264	0.062737696	0.06254187	0.062222425	0.06261934	0.06275998	0.06274042	0.06229021	0.062222425	0.0626821	0.062272873
SRR24222606	4	lake sediment	0.06272021	0.062676035	0.06222242	0.062257424	0.06275676	0.06223998	0.06274003	0.06255096	0.06222242	0.06261021	0.06275998	0.06274042	0.062298317	0.06222242	0.06270954	0.06227287
SRR24222607	4	lake sediment	0.06272929	0.06268336	0.0622224	0.0622224	0.062767625	0.0622224	0.062737666	0.06255093	0.0622224	0.06261932	0.062750414	0.0627404	0.06229829	0.0622224	0.06273787	0.062272847
SRR24222608	4	lake sediment	0.062738314	0.06272276	0.062222388	0.062222388	0.062732145	0.062222388	0.062748544	0.062540144	0.062222388	0.062619306	0.062721	0.0627497	0.062279228	0.062222388	0.06276408	0.062272836
SRR24222609	4	lake sediment	0.062738314	0.06274245	0.062222388	0.062222388	0.06272254	0.062222388	0.0627352	0.062540144	0.062222388	0.062619306	0.062710926	0.06276304	0.062279228	0.062222388	0.06276408	0.062272836
SRR24222610	4	lake sediment	0.06272929	0.062741935	0.062222395	0.062222395	0.06272255	0.062222395	0.06273521	0.06253257	0.062222395	0.06261931	0.062719956	0.06276305	0.06229829	0.062222395	0.062753014	0.062272843
SRR24222612	4	lake sediment	0.06272929	0.06273098	0.06222239	0.06222239	0.06272255	0.06222239	0.06274855	0.062562816	0.06222239	0.06261931	0.06273004	0.0627497	0.06227923	0.06222239	0.06274273	0.06227284
SRR24222613	4	lake sediment	0.062729284	0.06274148	0.062222388	0.062222388	0.06272254	0.062222388	0.062748544	0.062542096	0.062222388	0.06261931	0.06273003	0.0627497	0.062279228	0.062222388	0.06275301	0.062272836
SRR24222614	4	lake sediment	0.06272932	0.062705085	0.06222243	0.06222243	0.062733464	0.062292643	0.062737696	0.06254188	0.06222243	0.06261935	0.06274057	0.06274043	0.062290214	0.06222243	0.06270677	0.062272873
SRR24222615	4	lake sediment	0.06272929	0.062713146	0.0622224	0.0622224	0.062733434	0.0622224	0.06273767	0.06255123	0.0622224	0.06261932	0.06273004	0.062749706	0.062298294	0.0622224	0.06275302	0.062272847
SRR24222616	4	lake sediment	0.06272929	0.06270206	0.062222395	0.062222395	0.06275801	0.062222395	0.062737666	0.06254185	0.062222395	0.06261932	0.06275995	0.06274039	0.06229829	0.062222395	0.06272833	0.062272843
SRR24222617	4	lake sediment	0.06272931	0.06268199	0.06222241	0.06222241	0.06277725	0.062248196	0.06272084	0.06256258	0.06222241	0.0626102	0.062759966	0.06274041	0.062298305	0.06222241	0.06270846	0.062272858
SRR24222618	4	lake sediment	0.0627293	0.06269296	0.062222406	0.062222406	0.06273795	0.062222406	0.06272772	0.062590815	0.062222406	0.06261933	0.06275042	0.06274041	0.062298298	0.062222406	0.06272792	0.062272854
SRR24222619	4	lake sediment	0.06272929	0.062692955	0.0622224	0.0622224	0.062767625	0.0622224	0.062737666	0.06255093	0.0622224	0.06261932	0.06275996	0.0627404	0.06229829	0.0622224	0.06271873	0.062272847
SRR24222620	4	lake sediment	0.06273832	0.06272183	0.0622224	0.0622224	0.0627473	0.0622224	0.06273521	0.06254185	0.0622224	0.06261932	0.062730975	0.062753744	0.06229829	0.0622224	0.06272833	0.062272847
SRR24222621	4	lake sediment	0.06272929	0.06274194	0.0622224	0.0622224	0.062733434	0.0622224	0.06272433	0.06255114	0.0622224	0.06260997	0.0627107	0.06276305	0.06229829	0.0622224	0.062753014	0.062272847
SRR24222623	4	lake sediment	0.06273835	0.06271535	0.062222425	0.062222425	0.062758215	0.062300622	0.062729664	0.06259921	0.062222425	0.06261056	0.062731005	0.06274042	0.062271163	0.062222425	0.06264286	0.062272873
SRR24222624	4	lake sediment	0.06272931	0.06271194	0.062222414	0.062222414	0.06273345	0.06223997	0.06271959	0.06259919	0.062222414	0.06260142	0.0627501	0.062740415	0.06229831	0.062222414	0.06271381	0.06227286
SRR24222625	4	lake sediment	0.06272934	0.06267639	0.06222244	0.06222244	0.06275127	0.062325798	0.06271984	0.06259921	0.06222244	0.062567145	0.06274059	0.06273215	0.062289946	0.06222244	0.062705666	0.062272888
SRR24222626	4	lake sediment	0.062729314	0.06267394	0.062222414	0.062222414	0.06276764	0.0622482	0.0627113	0.06260829	0.062222414	0.06260142	0.06275997	0.062740415	0.06229831	0.062222414	0.06269868	0.06227286
SRR24222627	4	lake sediment	0.06272929	0.06268336	0.0622224	0.0622224	0.062767625	0.0622224	0.06273767	0.06256051	0.0622224	0.06261932	0.06275996	0.0627404	0.062298294	0.0622224	0.06271873	0.062272847
SRR24222628	4	lake sediment	0.06272929	0.06268405	0.062222395	0.062222395	0.06275673	0.062230743	0.06275701	0.06254185	0.062222395	0.06261932	0.062750414	0.06274039	0.062289897	0.062222395	0.06273787	0.062272843
SRR24222629	4	lake sediment	0.062729314	0.06271314	0.062222414	0.062222414	0.06273345	0.06224826	0.06272814	0.0625899	0.062222414	0.06259383	0.062739596	0.06274972	0.06229831	0.062222414	0.06271381	0.06227286
SRR24222630	4	lake sediment	0.062729344	0.062696494	0.06222245	0.06222245	0.0627226	0.06234303	0.06272218	0.062589936	0.06222245	0.06256716	0.06273963	0.06274147	0.062298346	0.06222245	0.06268711	0.0622729
SRR24222631	4	lake sediment	0.06272026	0.06258497	0.06222248	0.06222248	0.06277732	0.06259333	0.06268578	0.06262909	0.06222248	0.062523656	0.06276004	0.0627224	0.06229027	0.06222248	0.06255002	0.06227293
SRR24222632	4	lake sediment	0.06273832	0.06270206	0.0622224	0.0622224	0.06274713	0.0622224	0.06274855	0.06254185	0.0622224	0.06261932	0.062741384	0.0627404	0.06229829	0.0622224	0.06273787	0.062272843
SRR25620676	1	permafrost	0.0716908	0.0716946	0.07100647	0.07100647	0.071818404	0.0713039	0.07152067	0.07100647	0.0	0.07162241	0.07177605	0.071670175	0.071150415	0.0	0.07171572	0.07101747
SRR25620681	1	permafrost	0.07159454	0.07166959	0.07100652	0.07100652	0.07180508	0.07161848	0.07146202	0.07100652	0.0	0.071585216	0.07179957	0.071670234	0.07115046	0.0	0.07160774	0.07101751
SRR25620753	1	permafrost	0.071706	0.07172094	0.07100641	0.07100641	0.071818344	0.07117987	0.07152061	0.07100641	0.0	0.07164527	0.07177352	0.071670346	0.071150355	0.0	0.07177811	0.07101741
SRR25620756	1	permafrost	0.07164291	0.071679786	0.071006514	0.071006514	0.07179399	0.0713032	0.07152277	0.071006514	0.0	0.07162245	0.0717613	0.071646206	0.071239665	0.0	0.071750656	0.07101751
SRR25620780	1	permafrost	0.071693495	0.07166969	0.07100649	0.07100649	0.071793094	0.071360506	0.0714969	0.071017295	0.0	0.07162243	0.071799114	0.071695335	0.07115044	0.0	0.07167123	0.07101749
SRR25620786	1	permafrost	0.07163124	0.07169501	0.071006514	0.071006514	0.07180676	0.07153646	0.071459964	0.071006514	0.0	0.07158521	0.071773194	0.071670406	0.07115046	0.0	0.07165424	0.07101751
SRR25620790	1	permafrost	0.07168174	0.07170629	0.071006484	0.071006484	0.071793355	0.071349636	0.07149688	0.071006484	0.0	0.071622424	0.07178674	0.071657956	0.07115042	0.0	0.07171762	0.071017474
SRR25620795	1	permafrost	0.07164349	0.07167144	0.07100652	0.07100652	0.07180508	0.07159547	0.07145915	0.07100652	0.0	0.071585216	0.07178703	0.0716826	0.07115046	0.0	0.07158298	0.07101751
SRR30066258	2	dental calculus	0.07710117	0.077471174	0.0	0.07640531	0.07687256	0.076390095	0.07706354	0.07709331	0.076465786	0.07688576	0.076844886	0.07712108	0.0	0.07720863	0.0770767	0.0
SRR30066259	2	dental calculus	0.07709125	0.077483535	0.0	0.076390125	0.07689705	0.076390125	0.077109	0.077053994	0.07674703	0.07697454	0.07655528	0.077109806	0.0	0.07701279	0.07718549	0.0
SRR30066260	2	dental calculus	0.077012144	0.07742428	0.0	0.07640542	0.07683029	0.07639021	0.07702848	0.077126	0.07674711	0.076936595	0.07673771	0.077071205	0.0	0.07721155	0.077079	0.0
SRR30066261	2	dental calculus	0.07708906	0.07738545	0.0	0.07639022	0.07695033	0.07639022	0.077116	0.07694173	0.07674713	0.07707024	0.07670174	0.07709589	0.0	0.07696012	0.077161886	0.0
SRR30066262	2	dental calculus	0.07713278	0.07753746	0.0	0.076405205	0.07697227	0.07638999	0.07713213	0.07707988	0.07646568	0.07699161	0.076953456	0.077225775	0.0	0.07658787	0.0771259	0.0
SRR30066263	2	dental calculus	0.07706906	0.077395074	0.0	0.076390125	0.07703707	0.077089936	0.077127144	0.07694409	0.07644185	0.077027686	0.076885805	0.077222586	0.0	0.076390125	0.07697945	0.0
SRR30066264	2	dental calculus	0.07712006	0.07757794	0.0	0.07638998	0.07696717	0.07638998	0.07713086	0.07687466	0.07674689	0.07711186	0.076801255	0.07717597	0.0	0.0764799	0.07723348	0.0
SRR30066265	2	dental calculus	0.0773163	0.07747348	0.0	0.07638955	0.07724261	0.07638955	0.07730669	0.07661957	0.07638955	0.07714182	0.0766037	0.07734916	0.0	0.07643891	0.0773391	0.0
SRR30066269	2	dental calculus	0.077171355	0.077507116	0.0	0.076389894	0.077019565	0.076389894	0.07718515	0.07695716	0.0767468	0.07708278	0.07660519	0.077232316	0.0	0.07641613	0.07729665	0.0
SRR30066270	2	dental calculus	0.07706845	0.07747814	0.0	0.076882124	0.076860584	0.07650558	0.076991625	0.077099174	0.07646603	0.07700411	0.07687428	0.077010185	0.0	0.0767719	0.076987825	0.0
SRR30066271	2	dental calculus	0.07702157	0.077409215	0.0	0.07640535	0.07682005	0.07644626	0.07704268	0.07713999	0.07646582	0.077019356	0.076819584	0.07706383	0.0	0.077291384	0.07705492	0.0
SRR30066272	2	dental calculus	0.077032536	0.07738012	0.0	0.07640536	0.07683482	0.07639015	0.07703153	0.077152856	0.07646584	0.07707084	0.07690367	0.07709456	0.0	0.077138714	0.077099	0.0
SRR32023812	2	marine sediment	0.0773451	0.07736516	0.0	0.07638949	0.07731215	0.07638949	0.07733191	0.07657188	0.07638949	0.07715716	0.07661599	0.0773759	0.0	0.07638949	0.07736678	0.0
SRR32023817	2	marine sediment	0.0773451	0.07736516	0.0	0.07638949	0.07731215	0.07638949	0.07733191	0.07657188	0.07638949	0.07715716	0.07661599	0.0773759	0.0	0.07638949	0.07736678	0.0
SRR32023818	2	marine sediment	0.0773451	0.07735134	0.0	0.07638949	0.07732596	0.07638949	0.07733191	0.07657188	0.07638949	0.07715716	0.07661599	0.0773759	0.0	0.07638949	0.07736678	0.0
SRR32023819	2	marine sediment	0.07734511	0.07735055	0.0	0.07638951	0.077326775	0.07638951	0.07733192	0.076587066	0.07638951	0.07715717	0.076616	0.07737591	0.0	0.07638951	0.07735146	0.0
SRR32023820	2	marine sediment	0.077345125	0.0773389	0.0	0.07638952	0.07731217	0.07638952	0.07736884	0.07658774	0.07638952	0.077157184	0.07661601	0.0773541	0.0	0.07640058	0.0773508	0.0
SRR32023821	2	marine sediment	0.077345125	0.0773389	0.0	0.07638952	0.07731217	0.07638952	0.07736884	0.07658774	0.07638952	0.077157184	0.07661601	0.0773541	0.0	0.07640058	0.0773508	0.0
SRR32023822	2	marine sediment	0.07734511	0.077336736	0.0	0.07638951	0.07734059	0.07638951	0.07733192	0.076587066	0.07638951	0.07715717	0.076616	0.07737591	0.0	0.07638951	0.07735146	0.0
SRR32023823	2	marine sediment	0.077328384	0.077350095	0.0	0.07638952	0.07731217	0.07638952	0.07736884	0.076602615	0.07638952	0.077157184	0.07661601	0.0773541	0.0	0.07638952	0.077352524	0.0
SRR32023824	2	marine sediment	0.07734511	0.07735397	0.0	0.07638951	0.07731216	0.07638951	0.07733192	0.07657189	0.07638951	0.07715717	0.076616	0.07737591	0.0	0.07640056	0.077366784	0.0
SRR32023825	2	marine sediment	0.0773451	0.07733683	0.0	0.0763895	0.07734047	0.0763895	0.07733191	0.07657188	0.0763895	0.07715716	0.07661599	0.0773759	0.0	0.0763895	0.07736678	0.0
SRR32023826	2	marine sediment	0.07728315	0.07731841	0.0	0.07638961	0.07735075	0.07644573	0.07733203	0.076666415	0.07638961	0.07714341	0.0766161	0.07736098	0.0	0.07638961	0.07731419	0.0
SRR32023827	2	marine sediment	0.0773451	0.07736516	0.0	0.07638949	0.07731215	0.07638949	0.07733191	0.07657188	0.07638949	0.07715716	0.07661599	0.0773759	0.0	0.07638949	0.07736678	0.0
SRR32023828	2	marine sediment	0.07734516	0.0773382	0.0	0.07638956	0.07733688	0.07644568	0.077331975	0.07657194	0.07638956	0.077143356	0.07661605	0.07736093	0.0	0.076400615	0.07733012	0.0
SRR32023829	2	marine sediment	0.077345155	0.07732411	0.0	0.07638954	0.07732671	0.07638954	0.07733196	0.07658777	0.07638954	0.07715721	0.076616034	0.0773625	0.0	0.07642911	0.07735083	0.0
SRR32023830	2	marine sediment	0.077345125	0.07732351	0.0	0.07638952	0.0773406	0.07638952	0.07734517	0.07660291	0.07638952	0.077157184	0.07661601	0.077375926	0.0	0.07638952	0.077335484	0.0
SRR32023831	2	marine sediment	0.0773451	0.07736516	0.0	0.07638949	0.07731215	0.07638949	0.07733191	0.07657188	0.07638949	0.07715716	0.07661599	0.0773759	0.0	0.07638949	0.07736678	0.0
SRR32023832	2	marine sediment	0.07734511	0.077365175	0.0	0.07638951	0.077312164	0.07638951	0.07733192	0.07658773	0.07638951	0.07715717	0.076616	0.07737591	0.0	0.07638951	0.077350795	0.0
SRR32023833	2	marine sediment	0.07734511	0.07735397	0.0	0.07638951	0.07731216	0.07638951	0.07733192	0.07657189	0.07638951	0.07715717	0.076616	0.07737591	0.0	0.07640056	0.077366784	0.0
SRR32023835	2	marine sediment	0.0773451	0.07736516	0.0	0.07638949	0.07731215	0.07638949	0.07733191	0.07657188	0.07638949	0.07715716	0.07661599	0.0773759	0.0	0.07638949	0.07736678	0.0
SRR32023836	2	marine sediment	0.077345155	0.07734939	0.0	0.07638954	0.07733686	0.07644566	0.07733196	0.076571934	0.07638954	0.07714334	0.07661604	0.07736091	0.0	0.07638954	0.077330105	0.0
SRR32023837	2	marine sediment	0.077345096	0.07736515	0.0	0.07638949	0.07731214	0.07638949	0.077359684	0.076571874	0.07638949	0.077129446	0.07661598	0.0773759	0.0	0.07638949	0.07736677	0.0
SRR32023838	2	marine sediment	0.077345096	0.07736515	0.0	0.07638949	0.07731214	0.07638949	0.077359684	0.076571874	0.07638949	0.077129446	0.07661598	0.0773759	0.0	0.07638949	0.07736677	0.0
SRR32023839	2	marine sediment	0.07734511	0.07733547	0.0	0.07638951	0.077326775	0.07638951	0.077368826	0.076587066	0.07638951	0.07715717	0.076616	0.07735409	0.0	0.07638951	0.07735146	0.0
SRR32023840	2	marine sediment	0.0773451	0.07733683	0.0	0.0763895	0.07736833	0.0763895	0.07733191	0.07657188	0.0763895	0.07715716	0.07661599	0.077361725	0.0	0.0763895	0.0773531	0.0
SRR32023841	2	marine sediment	0.07734511	0.077365175	0.0	0.07638951	0.077312164	0.07638951	0.07733192	0.07658773	0.07638951	0.07715717	0.076616	0.07737591	0.0	0.07638951	0.077350795	0.0
SRR32023842	2	marine sediment	0.07734511	0.07735135	0.0	0.0763895	0.07732597	0.0763895	0.0773597	0.07658772	0.0763895	0.07712946	0.076616	0.077375904	0.0	0.0763895	0.07735079	0.0
SRR32023845	2	marine sediment	0.0773451	0.07735192	0.0	0.0763895	0.07733999	0.0763895	0.07734515	0.07657188	0.0763895	0.07715716	0.07661599	0.077361725	0.0	0.0763895	0.0773531	0.0
SRR32023846	2	marine sediment	0.0773451	0.0773381	0.0	0.07638949	0.07732596	0.07638949	0.07734515	0.07657188	0.07638949	0.07715716	0.07661599	0.0773759	0.0	0.07638949	0.07736678	0.0
SRR32023847	2	marine sediment	0.07734515	0.07732233	0.0	0.07638954	0.077350676	0.07644566	0.07735878	0.07657193	0.07638954	0.07712979	0.076616034	0.07736091	0.0	0.07638954	0.077330105	0.0
SRR32023848	2	marine sediment	0.077345096	0.07735134	0.0	0.07638949	0.077325955	0.07638949	0.07737293	0.076571874	0.07638949	0.077129446	0.07661598	0.0773759	0.0	0.07638949	0.07735352	0.0
SRR32023849	2	marine sediment	0.077328384	0.07736518	0.0	0.07638952	0.07731217	0.07638952	0.07735375	0.076602615	0.07638952	0.077157184	0.07661601	0.0773541	0.0	0.07638952	0.077352524	0.0
SRR32023851	2	marine sediment	0.07734512	0.07732428	0.0	0.07638951	0.077354625	0.07638951	0.07740988	0.076587066	0.07638951	0.07712947	0.076616004	0.07733992	0.0	0.07640057	0.07732455	0.0
SRR32023854	2	marine sediment	0.07734511	0.077323034	0.0	0.07638951	0.07732597	0.07638951	0.07738207	0.07658773	0.07638951	0.07715717	0.076616	0.07735409	0.0	0.07638951	0.077350795	0.0
SRR32023855	2	marine sediment	0.07734516	0.0773197	0.0	0.07638956	0.077351496	0.07644568	0.07736888	0.07658712	0.07638956	0.077143356	0.07661605	0.07733911	0.0	0.07638956	0.0773148	0.0
SRR32023858	2	marine sediment	0.077328384	0.077350095	0.0	0.07638952	0.07731217	0.07638952	0.07736884	0.076602615	0.07638952	0.077157184	0.07661601	0.0773541	0.0	0.07638952	0.077352524	0.0
SRR32023859	2	marine sediment	0.07734511	0.07732303	0.0	0.07638951	0.07732597	0.07638951	0.07739566	0.07658772	0.07638951	0.07714362	0.076616	0.07735409	0.0	0.07638951	0.07735079	0.0
SRR32023860	2	marine sediment	0.077345155	0.07733615	0.0	0.07638954	0.07733686	0.07644566	0.0773452	0.076571934	0.07638954	0.07714334	0.07661604	0.07736091	0.0	0.07638954	0.077330105	0.0
SRR32023861	2	marine sediment	0.07732838	0.077308536	0.0	0.076389514	0.07734048	0.076389514	0.07740987	0.07660261	0.076389514	0.07712947	0.076616004	0.077354096	0.0	0.076389514	0.07735252	0.0
SRR32023864	2	marine sediment	0.0773451	0.07735007	0.0	0.07638949	0.07731215	0.07638949	0.07736881	0.07657188	0.07638949	0.07715716	0.07661599	0.07735407	0.0	0.07638949	0.07736678	0.0
SRR32023865	2	marine sediment	0.07734511	0.077365175	0.0	0.07638951	0.077312164	0.07638951	0.07733192	0.076587066	0.07638951	0.07715717	0.076616	0.07737591	0.0	0.07638951	0.07735146	0.0
SRR32023867	2	marine sediment	0.07734511	0.07733547	0.0	0.07638951	0.077326775	0.07638951	0.077368826	0.076587066	0.07638951	0.07715717	0.076616	0.07735409	0.0	0.07638951	0.07735146	0.0
SRR32023868	2	marine sediment	0.077345096	0.07736515	0.0	0.07638949	0.07733681	0.07638949	0.07737293	0.076571874	0.07638949	0.077129446	0.07661598	0.0773759	0.0	0.07638949	0.07732885	0.0
SRR32023870	2	marine sediment	0.0773451	0.07736516	0.0	0.07638949	0.07731215	0.07638949	0.07733191	0.07657188	0.07638949	0.07715716	0.07661599	0.0773759	0.0	0.07638949	0.07736678	0.0
SRR32023871	2	marine sediment	0.07734511	0.07735055	0.0	0.07638951	0.077326775	0.07638951	0.07733192	0.076587066	0.07638951	0.07715717	0.076616	0.07737591	0.0	0.07638951	0.07735146	0.0
SRR32023872	2	marine sediment	0.077345155	0.07733557	0.0	0.07638954	0.07735068	0.07644566	0.077353776	0.076571934	0.07638954	0.07714334	0.07661604	0.0773391	0.0	0.07638954	0.077330105	0.0
SRR32023873	2	marine sediment	0.077328406	0.07732353	0.0	0.07638954	0.077340625	0.07638954	0.07734519	0.07663366	0.07638954	0.07715721	0.076616034	0.07737595	0.0	0.07638954	0.07732123	0.0
SRR32023874	2	marine sediment	0.07734511	0.077365175	0.0	0.07638951	0.077312164	0.07638951	0.07733192	0.07658773	0.07638951	0.07715717	0.076616	0.07737591	0.0	0.07638951	0.077350795	0.0
SRR32023875	2	marine sediment	0.0773451	0.07736516	0.0	0.07638949	0.07731215	0.07638949	0.07733191	0.07657188	0.07638949	0.07715716	0.07661599	0.0773759	0.0	0.07638949	0.07736678	0.0
SRR4047197	4	leaf	0.06261578	0.06261536	0.062222525	0.062222525	0.062722676	0.06244812	0.06266214	0.06254285	0.062222525	0.06250426	0.06271122	0.06272561	0.06270452	0.062222525	0.062610194	0.062247165
SRR4047199	4	leaf	0.06261578	0.062615365	0.062222525	0.062222525	0.06272268	0.062456124	0.06265411	0.062542856	0.062222525	0.06250427	0.06271122	0.06272561	0.06270452	0.062222525	0.062610194	0.06224717
SRR4047201	4	leaf	0.06261578	0.062615365	0.062222525	0.062222525	0.06272268	0.062456124	0.06265411	0.062542856	0.062222525	0.06250427	0.06271122	0.06273513	0.062695004	0.062222525	0.062610194	0.06224717
SRR4047203	4	leaf	0.06261577	0.06263163	0.06222251	0.06222251	0.06272266	0.062377717	0.062675446	0.06254283	0.06222251	0.06250425	0.062711194	0.06271226	0.06271266	0.06222251	0.06265638	0.06224715
SRR4047207	4	leaf	0.06261578	0.062615365	0.062222525	0.062222525	0.06272268	0.062456124	0.06265411	0.062542856	0.062222525	0.06250427	0.06271122	0.06272561	0.06270452	0.062222525	0.062610194	0.06224717
SRR4047214	4	leaf	0.06261578	0.0626053	0.062222525	0.062222525	0.06272268	0.062456124	0.06266744	0.062542856	0.062222525	0.06250427	0.06272129	0.062712274	0.06270452	0.062222525	0.062610194	0.06224717
SRR4047219	4	leaf	0.06270296	0.062724456	0.062222432	0.062222432	0.062722586	0.062274195	0.06270826	0.06259946	0.062222432	0.06258473	0.06272953	0.06275267	0.062314298	0.062222432	0.06272424	0.06227288
SRR4047221	4	leaf	0.06261572	0.062666826	0.062222466	0.062222466	0.062722616	0.06223081	0.0626792	0.06254279	0.062222466	0.06257342	0.06270162	0.06274336	0.0627031	0.062222466	0.06268357	0.062247105
SRR4047223	4	leaf	0.06261573	0.06266683	0.062222473	0.062222473	0.06272262	0.06224838	0.06267067	0.062542796	0.062222473	0.0625643	0.06271116	0.062743366	0.06270311	0.062222473	0.062674046	0.062247112
SRR4047225	4	leaf	0.06261572	0.06267625	0.062222462	0.062222462	0.062722616	0.062248368	0.0626802	0.062485516	0.062222462	0.062573075	0.06271115	0.06274335	0.0627031	0.062222462	0.0627037	0.0622471
SRR4047228	4	leaf	0.06261578	0.06262376	0.062222525	0.062222525	0.062722676	0.062447745	0.06265411	0.06254285	0.062222525	0.06250426	0.06271122	0.06273513	0.062695004	0.062222525	0.062610194	0.062247165
SRR5047040	4	tooth	0.062738314	0.06274245	0.062222388	0.062222388	0.06272254	0.062222388	0.0627352	0.062540144	0.062222388	0.062619306	0.062710926	0.06275263	0.062279228	0.062222388	0.062774494	0.062272836
SRR5047041	4	tooth	0.06273831	0.06275156	0.062222384	0.062222384	0.06272254	0.062222384	0.0627352	0.06253106	0.062222384	0.062619306	0.062710926	0.06275263	0.062279224	0.062222384	0.062774494	0.06227283
SRR5047042	4	tooth	0.062738314	0.06274405	0.062222388	0.062222388	0.06272254	0.062222388	0.0627352	0.06253106	0.062222388	0.06261931	0.06269512	0.06275263	0.062279228	0.062222388	0.06278906	0.06228154
SRR5047043	4	tooth	0.062738314	0.06274245	0.062222388	0.062222388	0.06272254	0.062222388	0.0627352	0.062540144	0.062222388	0.062619306	0.062710926	0.06275263	0.062279228	0.062222388	0.062774494	0.062272836
SRR5047044	4	tooth	0.06273831	0.06275156	0.062222384	0.062222384	0.06272254	0.062222384	0.0627352	0.06253106	0.062222384	0.062619306	0.062710926	0.06275263	0.062279224	0.062222384	0.062774494	0.06227283
SRR5047045	4	tooth	0.06273027	0.06276034	0.062222388	0.062222388	0.06272125	0.062222388	0.06272701	0.062540144	0.062222388	0.06261091	0.06271824	0.06275263	0.06227196	0.062230363	0.062774494	0.062272836
SRR5047046	4	tooth	0.06273831	0.06275156	0.062222384	0.062222384	0.06272254	0.062222384	0.0627352	0.06253106	0.062222384	0.062619306	0.062710926	0.06275263	0.062279224	0.062222384	0.062774494	0.06227283
SRR5047047	4	tooth	0.062738314	0.06275156	0.062222388	0.062222388	0.06272254	0.062222388	0.0627352	0.06253106	0.062222388	0.06261931	0.062702164	0.06275263	0.062279228	0.062222388	0.062774494	0.06228154
SRR5047048	4	tooth	0.06273831	0.06275156	0.062222384	0.062222384	0.06272254	0.062222384	0.0627352	0.06253106	0.062222384	0.062619306	0.062710926	0.06275263	0.062279224	0.062222384	0.062774494	0.06227283
SRR5047049	4	tooth	0.062738314	0.06275157	0.06222239	0.06222239	0.06272254	0.06222239	0.06272709	0.06252253	0.06222239	0.06261931	0.062710926	0.062752634	0.06227923	0.06222239	0.0627745	0.062289394
SRR5047050	4	tooth	0.06272981	0.06274219	0.062222395	0.062222395	0.06271099	0.062222395	0.062725246	0.06258029	0.062222395	0.06261931	0.06271093	0.062752634	0.062279236	0.062222395	0.06276454	0.062272843
SRR5047051	4	tooth	0.06273831	0.06275156	0.062222384	0.062222384	0.06272254	0.062222384	0.0627352	0.06253106	0.062222384	0.062619306	0.062710926	0.06275263	0.062279224	0.062222384	0.062774494	0.06227283
SRR5047052	4	tooth	0.06273831	0.06275156	0.062222384	0.062222384	0.06272254	0.062222384	0.0627352	0.06253106	0.062222384	0.062619306	0.062710926	0.06275263	0.062279224	0.062222384	0.062774494	0.06227283
SRR5047053	4	tooth	0.062738314	0.06274245	0.06222239	0.06222239	0.06272254	0.06222239	0.0627352	0.06255872	0.06222239	0.06260996	0.06270167	0.06275263	0.062279228	0.06222239	0.062774494	0.062272836
SRR5047054	4	tooth	0.06273831	0.06275156	0.062222384	0.062222384	0.06272254	0.062222384	0.0627352	0.06253106	0.062222384	0.062619306	0.062710926	0.06275263	0.062279224	0.062222384	0.062774494	0.06227283
SRR5047055	4	tooth	0.06273831	0.06275156	0.062222384	0.062222384	0.06272254	0.062222384	0.0627352	0.06253106	0.062222384	0.062619306	0.062710926	0.06275263	0.062279224	0.062222384	0.062774494	0.06227283
SRR5047056	4	tooth	0.06273832	0.062741935	0.062222395	0.062222395	0.06273215	0.062222395	0.06273521	0.06256067	0.062222395	0.06260997	0.06270167	0.062752634	0.062288795	0.062222395	0.06275382	0.062272843
SRR5047057	4	tooth	0.062738314	0.06275156	0.062222388	0.062222388	0.06272254	0.062222388	0.0627352	0.06254963	0.062222388	0.06260996	0.062701665	0.06275263	0.062279228	0.062222388	0.062774494	0.062272836
SRR5047058	4	tooth	0.06273831	0.06275156	0.062222384	0.062222384	0.06272254	0.062222384	0.0627352	0.06253106	0.062222384	0.062619306	0.062710926	0.06275263	0.062279224	0.062222384	0.062774494	0.06227283
SRR5047059	4	tooth	0.062738314	0.06274405	0.062222388	0.062222388	0.06272254	0.062222388	0.0627352	0.06253106	0.062222388	0.06261931	0.06269512	0.06275263	0.062279228	0.062222388	0.06278906	0.06228154
SRR5047060	4	tooth	0.06272973	0.0627683	0.06222239	0.06222239	0.06272254	0.06222239	0.06271895	0.06252253	0.06222239	0.06261931	0.062710926	0.062752634	0.06227923	0.06222239	0.062774494	0.062289394
SRR5047061	4	tooth	0.062727764	0.06275156	0.06222239	0.06222239	0.06272254	0.06222239	0.0627352	0.06256015	0.06222239	0.06260996	0.06270167	0.062752634	0.062279228	0.06222239	0.062774494	0.062272836
SRR5047062	4	tooth	0.06272958	0.06275156	0.062222388	0.062222388	0.06272254	0.062222388	0.0627352	0.06255833	0.062222388	0.06260996	0.062701665	0.06275263	0.062279228	0.062222388	0.062774494	0.062272836
SRR5047063	4	tooth	0.06262295	0.06286681	0.062222462	0.062222462	0.06250417	0.062222462	0.0626526	0.062477134	0.0627003	0.062558286	0.062686026	0.06268934	0.06227203	0.062230438	0.06277387	0.06229866
SRR5047064	4	tooth	0.06272981	0.06273308	0.0622224	0.0622224	0.06271263	0.0622224	0.06271726	0.06259683	0.0622224	0.06261932	0.06271093	0.06276305	0.062279236	0.0622224	0.062753014	0.062272843
SRR5047065	4	tooth	0.062738314	0.06274245	0.06222239	0.06222239	0.06272254	0.06222239	0.0627352	0.06255872	0.06222239	0.06260996	0.06270167	0.06275263	0.062279228	0.06222239	0.062774494	0.062272836
SRR5047066	4	tooth	0.06273831	0.06275156	0.062222384	0.062222384	0.06272254	0.062222384	0.0627352	0.06253106	0.062222384	0.062619306	0.062710926	0.06275263	0.062279224	0.062222384	0.062774494	0.06227283
SRR5047067	4	tooth	0.06273831	0.06275156	0.062222384	0.062222384	0.06272254	0.062222384	0.0627352	0.06253106	0.062222384	0.062619306	0.062710926	0.06275263	0.062279224	0.062222384	0.062774494	0.06227283
SRR5047068	4	tooth	0.06273831	0.06275156	0.062222384	0.062222384	0.06272254	0.062222384	0.0627352	0.06253106	0.062222384	0.062619306	0.062710926	0.06275263	0.062279224	0.062222384	0.062774494	0.06227283
SRR5047069	4	tooth	0.06274668	0.06271599	0.062222455	0.062222455	0.062675305	0.062222455	0.06266628	0.06250524	0.062222455	0.062601365	0.06268207	0.062752694	0.06227929	0.062240183	0.06277456	0.062470526
SRR5047070	4	tooth	0.06273831	0.06275156	0.062222384	0.062222384	0.06272254	0.062222384	0.0627352	0.06253106	0.062222384	0.062619306	0.062710926	0.06275263	0.062279224	0.062222384	0.062774494	0.06227283
SRR5047071	4	tooth	0.06273831	0.06275156	0.062222384	0.062222384	0.06272254	0.062222384	0.0627352	0.06253106	0.062222384	0.062619306	0.062710926	0.06275263	0.062279224	0.062222384	0.062774494	0.06227283
SRR5047072	4	tooth	0.06273831	0.06275156	0.062222384	0.062222384	0.06272254	0.062222384	0.0627352	0.06253106	0.062222384	0.062619306	0.062710926	0.06275263	0.062279224	0.062222384	0.062774494	0.06227283
SRR5047073	4	tooth	0.062738314	0.06275156	0.062222388	0.062222388	0.06272254	0.062222388	0.0627352	0.06253106	0.062222388	0.06261931	0.06269512	0.06275263	0.062279228	0.062222388	0.06278154	0.06228154
SRR5047074	4	tooth	0.062738314	0.062741935	0.062222395	0.062222395	0.06272255	0.062222395	0.06274855	0.06254011	0.062222395	0.06260997	0.06270167	0.06273929	0.06229829	0.062222395	0.0627745	0.062272843
SRR5047075	4	tooth	0.062738314	0.06275156	0.062222388	0.062222388	0.06272254	0.062222388	0.0627352	0.06253106	0.062222388	0.06261931	0.062702164	0.06275263	0.062279228	0.062222388	0.062774494	0.06228154
SRR5047076	4	tooth	0.06273831	0.06275156	0.062222384	0.062222384	0.06272254	0.062222384	0.0627352	0.06253106	0.062222384	0.062619306	0.062710926	0.06275263	0.062279224	0.062222384	0.062774494	0.06227283
SRR5047077	4	tooth	0.062731005	0.06275886	0.062222384	0.062222384	0.06272254	0.062222384	0.0627352	0.06253106	0.062222384	0.062619306	0.062710926	0.06275263	0.062279224	0.062222384	0.062774494	0.06227283
SRR5047078	4	tooth	0.06273831	0.06275996	0.062222384	0.062222384	0.06272254	0.062222384	0.0627352	0.062531054	0.062222384	0.062619306	0.06270253	0.06275263	0.062279224	0.062222384	0.062774494	0.06227283
SRR5047079	4	tooth	0.06273832	0.06275158	0.062222403	0.062222403	0.06269301	0.062222403	0.062735215	0.06253108	0.062222403	0.06261932	0.06270062	0.06275264	0.062279243	0.062222403	0.06277451	0.06231245
SRR5047080	4	tooth	0.06273831	0.06275156	0.062222384	0.062222384	0.06272254	0.062222384	0.0627352	0.06253106	0.062222384	0.062619306	0.062710926	0.06275263	0.062279224	0.062222384	0.062774494	0.06227283
SRR5047081	4	tooth	0.06273831	0.06274244	0.062222388	0.062222388	0.06272254	0.062222388	0.0627352	0.062540144	0.062222388	0.062619306	0.062703885	0.06275263	0.062279228	0.062222388	0.06278154	0.062272836
SRR5047082	4	tooth	0.062738314	0.06274245	0.062222388	0.062222388	0.06272254	0.062222388	0.0627352	0.062540144	0.062222388	0.062619306	0.062710926	0.06275263	0.062279228	0.062222388	0.062774494	0.062272836
SRR5047083	4	tooth	0.06273831	0.06275156	0.062222384	0.062222384	0.06272254	0.062222384	0.0627352	0.06253106	0.062222384	0.062619306	0.062710926	0.06275263	0.062279224	0.062222384	0.062774494	0.06227283
SRR5047084	4	tooth	0.06273831	0.06275156	0.062222384	0.062222384	0.06272254	0.062222384	0.0627352	0.06253106	0.062222384	0.062619306	0.062710926	0.06275263	0.062279224	0.062222384	0.062774494	0.06227283
SRR5047085	4	tooth	0.06273831	0.06275156	0.062222384	0.062222384	0.06272254	0.062222384	0.0627352	0.06253106	0.062222384	0.062619306	0.062710926	0.06275263	0.062279224	0.062222384	0.062774494	0.06227283
SRR5047086	4	tooth	0.06273831	0.06275156	0.062222384	0.062222384	0.06272254	0.062222384	0.0627352	0.06253106	0.062222384	0.062619306	0.062710926	0.06275263	0.062279224	0.062222384	0.062774494	0.06227283
SRR5047087	4	tooth	0.06273027	0.06275156	0.06222239	0.06222239	0.06272254	0.06222239	0.0627352	0.06253106	0.06222239	0.06261931	0.062710926	0.06275263	0.062279228	0.062230367	0.062774494	0.062272836
SRR5047088	4	tooth	0.062738314	0.06275156	0.062222388	0.062222388	0.06272254	0.062222388	0.0627352	0.06254963	0.062222388	0.06260996	0.062701665	0.06275263	0.062279228	0.062222388	0.062774494	0.062272836
SRR5047089	4	tooth	0.062738314	0.06275156	0.062222388	0.062222388	0.06272254	0.062222388	0.0627352	0.06253106	0.062222388	0.06261931	0.062702164	0.06275263	0.062279228	0.062222388	0.062774494	0.06228154
SRR5047090	4	tooth	0.062738314	0.06274254	0.062222388	0.062222388	0.06271307	0.062222388	0.0627352	0.0625495	0.062222388	0.06261931	0.062710926	0.06275263	0.062279228	0.062222388	0.062774494	0.062272836
SRR5047091	4	tooth	0.062738314	0.06275156	0.062222388	0.062222388	0.06272254	0.062222388	0.0627352	0.06254963	0.062222388	0.06260996	0.062701665	0.06275263	0.062279228	0.062222388	0.062774494	0.062272836
SRR5047092	4	tooth	0.062738314	0.062760115	0.062222395	0.06223158	0.06272255	0.062222395	0.06273521	0.06256067	0.062222395	0.06260997	0.062693134	0.062752634	0.062279236	0.062222395	0.06275416	0.062272843
SRR5047093	4	tooth	0.06273831	0.06275156	0.062222384	0.062222384	0.06272254	0.062222384	0.0627352	0.06253106	0.062222384	0.062619306	0.062710926	0.06275263	0.062279224	0.062222384	0.062774494	0.06227283
SRR5047094	4	tooth	0.0627298	0.06275156	0.062222388	0.062222388	0.06273104	0.062222388	0.0627352	0.06253106	0.062222388	0.062619306	0.062710926	0.06275263	0.062279224	0.062222388	0.062774494	0.06227283
SRR5047095	4	tooth	0.062727764	0.06275156	0.06222239	0.06222239	0.06272254	0.06222239	0.0627352	0.06256015	0.06222239	0.06260996	0.06270167	0.062752634	0.062279228	0.06222239	0.062774494	0.062272836
SRR5047096	4	tooth	0.06272777	0.06275157	0.06222239	0.06222239	0.06272254	0.06222239	0.06273521	0.06257118	0.06222239	0.06260997	0.06270167	0.062752634	0.06227923	0.06222239	0.06276343	0.06227284
SRR5047097	4	tooth	0.06273831	0.06275156	0.062222384	0.062222384	0.06272254	0.062222384	0.0627352	0.06253106	0.062222384	0.062619306	0.062710926	0.06275263	0.062279224	0.062222384	0.062774494	0.06227283
SRR5047098	4	tooth	0.062738314	0.06274219	0.062222395	0.062222395	0.06273073	0.062222395	0.06271891	0.06253188	0.062222395	0.06261931	0.06271093	0.062752634	0.06227923	0.062222395	0.0627745	0.062289394
SRR5047099	4	tooth	0.06273831	0.06275156	0.062222384	0.062222384	0.06272254	0.062222384	0.0627352	0.06253106	0.062222384	0.062619306	0.062710926	0.06275263	0.062279224	0.062222384	0.062774494	0.06227283
SRR5047100	4	tooth	0.0627298	0.06275156	0.062222388	0.062222388	0.06273104	0.062222388	0.0627352	0.06253106	0.062222388	0.062619306	0.062710926	0.06275263	0.062279224	0.062222388	0.062774494	0.06227283
SRR5047101	4	tooth	0.06273831	0.06275156	0.062222384	0.062222384	0.06272254	0.062222384	0.0627352	0.06253106	0.062222384	0.062619306	0.062710926	0.06275263	0.062279224	0.062222384	0.062774494	0.06227283
SRR5047102	4	tooth	0.06273831	0.06275156	0.062222384	0.062222384	0.06272254	0.062222384	0.0627352	0.06253106	0.062222384	0.062619306	0.062710926	0.06275263	0.062279224	0.062222384	0.062774494	0.06227283
SRR5047103	4	tooth	0.06273831	0.06275156	0.062222384	0.062222384	0.06272254	0.062222384	0.0627352	0.06253106	0.062222384	0.062619306	0.062710926	0.06275263	0.062279224	0.062222384	0.062774494	0.06227283
SRR5047104	4	tooth	0.062731	0.062817074	0.06222238	0.06222238	0.062713064	0.06222238	0.062727794	0.062531054	0.06222238	0.06260292	0.0626782	0.06274409	0.062279217	0.06222238	0.06279086	0.062272824
SRR5047105	4	tooth	0.062727764	0.06275156	0.062222388	0.062222388	0.06272254	0.062222388	0.0627352	0.062541574	0.062222388	0.062619306	0.062710926	0.06275263	0.062279228	0.062222388	0.062774494	0.062272836
SRR5047106	4	tooth	0.0627298	0.06275156	0.062222388	0.062222388	0.06273104	0.062222388	0.0627352	0.06253106	0.062222388	0.062619306	0.062710926	0.06275263	0.062279224	0.062222388	0.062774494	0.06227283
SRR5047107	4	tooth	0.06271218	0.06280445	0.062222444	0.062222444	0.06272131	0.062222444	0.062676355	0.06251457	0.062222444	0.06257684	0.0626687	0.06272776	0.062279284	0.06239031	0.06276558	0.06227289
SRR5047108	4	tooth	0.06273027	0.062759355	0.062222388	0.062222388	0.062714756	0.062222388	0.0627352	0.06253106	0.062222388	0.06261931	0.062710926	0.06275263	0.062279228	0.062230367	0.062774494	0.062272836
SRR5047109	4	tooth	0.062738314	0.06275156	0.062222388	0.062222388	0.06272254	0.062222388	0.0627352	0.06253106	0.062222388	0.06261931	0.062702164	0.06275263	0.062279228	0.062222388	0.062774494	0.06228154
SRR5047110	4	tooth	0.06273831	0.06275156	0.062222384	0.062222384	0.06272254	0.062222384	0.0627352	0.06253106	0.062222384	0.062619306	0.062710926	0.06275263	0.062279224	0.062222384	0.062774494	0.06227283
SRR5047111	4	tooth	0.06266486	0.06283796	0.062222432	0.062222432	0.0626537	0.062222432	0.06271098	0.06256866	0.062231004	0.06259363	0.06266009	0.06275267	0.06227927	0.062330976	0.06277462	0.06227429
SRR5047112	4	tooth	0.06273831	0.06275156	0.062222384	0.062222384	0.06272254	0.062222384	0.0627352	0.06253106	0.062222384	0.062619306	0.062710926	0.06275263	0.062279224	0.062222384	0.062774494	0.06227283
SRR5047113	4	tooth	0.062718935	0.06277819	0.062222395	0.062222395	0.06272255	0.062222395	0.06273521	0.062549636	0.062222395	0.06260997	0.06266896	0.062752634	0.06227923	0.062240124	0.06278215	0.062272843
SRR5047114	4	tooth	0.0627298	0.06275156	0.062222388	0.062222388	0.06273104	0.062222388	0.0627352	0.06253106	0.062222388	0.062619306	0.062710926	0.06275263	0.062279224	0.062222388	0.062774494	0.06227283
SRR5047115	4	tooth	0.06273831	0.06275156	0.062222384	0.062222384	0.06272254	0.062222384	0.0627352	0.06253106	0.062222384	0.062619306	0.062710926	0.06275263	0.062279224	0.062222384	0.062774494	0.06227283
SRR5047116	4	tooth	0.062738314	0.06275156	0.062222388	0.062222388	0.06272254	0.062222388	0.0627352	0.06254963	0.062222388	0.06260996	0.062701665	0.06275263	0.062279228	0.062222388	0.062774494	0.062272836
SRR5047117	4	tooth	0.06273831	0.06275156	0.062222384	0.062222384	0.06272254	0.062222384	0.0627352	0.06253106	0.062222384	0.062619306	0.062710926	0.06275263	0.062279224	0.062222384	0.062774494	0.06227283
SRR5047118	4	tooth	0.06273831	0.06275156	0.062222384	0.062222384	0.06272254	0.062222384	0.0627352	0.06253106	0.062222384	0.062619306	0.062710926	0.06275263	0.062279224	0.062222384	0.062774494	0.06227283
SRR5047119	4	tooth	0.062738314	0.06276029	0.062222388	0.062222388	0.06272254	0.062222388	0.062726475	0.06254963	0.062222388	0.06260996	0.062701665	0.06275263	0.062279228	0.062222388	0.062774494	0.062272836
SRR5047120	4	tooth	0.06273831	0.06275156	0.062222384	0.062222384	0.06272254	0.062222384	0.0627352	0.06253106	0.062222384	0.062619306	0.062710926	0.06275263	0.062279224	0.062222384	0.062774494	0.06227283
SRR5047121	4	tooth	0.062738314	0.06277651	0.06222239	0.06222239	0.062702484	0.06222239	0.062725246	0.06257092	0.06222239	0.06260294	0.06270328	0.0627441	0.062279228	0.06222239	0.062772185	0.062272836
SRR5047122	4	tooth	0.06273027	0.06276029	0.062222388	0.062222388	0.06273072	0.062222388	0.06271829	0.06253106	0.062222388	0.062619306	0.06271824	0.06275263	0.062271956	0.062230363	0.062774494	0.062272836
SRR5047123	4	tooth	0.062738314	0.06274405	0.062222388	0.062222388	0.06272254	0.062222388	0.0627352	0.06253106	0.062222388	0.06261931	0.062702164	0.06275263	0.062279228	0.062222388	0.06278201	0.06228154
SRR5047124	4	tooth	0.062738314	0.062741615	0.062222395	0.06222994	0.06272255	0.062222395	0.06273521	0.06255295	0.062222395	0.06261931	0.062702395	0.062752634	0.06227923	0.062222395	0.06276343	0.062272843
SRR5047125	4	tooth	0.062613234	0.06286578	0.062222447	0.062222447	0.062488306	0.062222447	0.06266974	0.062445845	0.06271802	0.0626587	0.06266958	0.06267029	0.06225445	0.062238686	0.06275794	0.06228209
SRR5047126	4	tooth	0.06273831	0.06275156	0.062222388	0.062222388	0.06272254	0.062222388	0.0627352	0.06253106	0.062222388	0.062619306	0.062710926	0.06276304	0.062279224	0.062222388	0.06276408	0.06227283
SRR5047127	4	tooth	0.062691756	0.062862135	0.062222376	0.062222376	0.06271406	0.062222376	0.06270341	0.06254156	0.062222376	0.06260292	0.062662736	0.06274409	0.062279217	0.062230352	0.06280543	0.062272824
SRR5047128	4	tooth	0.062700905	0.06271945	0.062222484	0.06268262	0.06269744	0.062222484	0.0627353	0.062479462	0.062230468	0.0625222	0.06263215	0.062648304	0.06227932	0.062222484	0.062731996	0.06227293
SRR5047129	4	tooth	0.062738314	0.06276889	0.06222239	0.062231578	0.06272254	0.06222239	0.0627352	0.06253106	0.06222239	0.06261931	0.06270239	0.06274385	0.062279228	0.06222239	0.06276523	0.06227284
SRR5047130	4	tooth	0.06273831	0.06275156	0.062222384	0.062222384	0.06272254	0.062222384	0.0627352	0.06253106	0.062222384	0.062619306	0.062710926	0.06275263	0.062279224	0.062222384	0.062774494	0.06227283
SRR5047131	4	tooth	0.062738314	0.06275156	0.062222388	0.062222388	0.06272254	0.062222388	0.0627352	0.06254963	0.062222388	0.06260996	0.062701665	0.06275263	0.062279228	0.062222388	0.062774494	0.062272836
SRR5047132	4	tooth	0.06273831	0.06275156	0.062222384	0.062222384	0.06272254	0.062222384	0.0627352	0.06253106	0.062222384	0.062619306	0.062710926	0.06275263	0.062279224	0.062222384	0.062774494	0.06227283
SRR5047133	4	tooth	0.06273831	0.06275156	0.062222384	0.062222384	0.06272254	0.062222384	0.0627352	0.06253106	0.062222384	0.062619306	0.062710926	0.06275263	0.062279224	0.062222384	0.062774494	0.06227283
SRR5047134	4	tooth	0.06273831	0.06275156	0.062222384	0.062222384	0.06272254	0.062222384	0.0627352	0.06253106	0.062222384	0.062619306	0.062710926	0.06275263	0.062279224	0.062222384	0.062774494	0.06227283
SRR5047135	4	tooth	0.06272623	0.062763646	0.062222388	0.062222388	0.06272254	0.062222388	0.0627352	0.06254963	0.062222388	0.06260996	0.062701665	0.06275263	0.062279228	0.062222388	0.062774494	0.062272836
SRR5047136	4	tooth	0.0626918	0.06271104	0.062222484	0.062727146	0.06269744	0.062222484	0.0627353	0.062490486	0.06223047	0.06252221	0.06262363	0.06264831	0.062279325	0.062222484	0.06270247	0.062272932
SRR5047137	4	tooth	0.06273831	0.06275156	0.062222384	0.062222384	0.06272254	0.062222384	0.0627352	0.06253106	0.062222384	0.062619306	0.062710926	0.06275263	0.062279224	0.062222384	0.062774494	0.06227283
SRR5047138	4	tooth	0.06273831	0.06275156	0.062222384	0.062222384	0.06273072	0.062222384	0.06272701	0.06253106	0.062222384	0.062619306	0.062710926	0.06275263	0.062279224	0.062222384	0.062774494	0.06227283
SRR5047139	4	tooth	0.062738314	0.06275156	0.062222388	0.062222388	0.06272254	0.062222388	0.0627352	0.06254963	0.062222388	0.06260996	0.062701665	0.06275263	0.062279228	0.062222388	0.062774494	0.062272836
SRR5047140	4	tooth	0.0627298	0.06274244	0.062222384	0.062222384	0.06273104	0.062222384	0.0627352	0.062540144	0.062222384	0.062619306	0.06271824	0.06276304	0.062271956	0.062222384	0.06276408	0.06227283
SRR5047141	4	tooth	0.06273831	0.06275156	0.062222384	0.062222384	0.06272254	0.062222384	0.0627352	0.06253106	0.062222384	0.062619306	0.062710926	0.06275263	0.062279224	0.062222384	0.062774494	0.06227283
SRR5047142	4	tooth	0.06273831	0.06275156	0.062222384	0.062222384	0.06272254	0.062222384	0.0627352	0.06253106	0.062222384	0.062619306	0.062710926	0.06275263	0.062279224	0.062222384	0.062774494	0.06227283
SRR5047143	4	tooth	0.06273831	0.06274244	0.062222384	0.062222384	0.062722534	0.062222384	0.0627352	0.062540144	0.062222384	0.062619306	0.06271824	0.06275263	0.062271956	0.062222384	0.062774494	0.06227283
SRR5047144	4	tooth	0.062606245	0.06285094	0.0622314	0.062222514	0.062484752	0.062222514	0.06264093	0.062458687	0.06270035	0.06262539	0.06263579	0.06265531	0.062254515	0.06239838	0.06273013	0.062282156
SRR5047145	4	tooth	0.06273831	0.06275156	0.062222384	0.062222384	0.06272254	0.062222384	0.0627352	0.06253106	0.062222384	0.062619306	0.062710926	0.06275263	0.062279224	0.062222384	0.062774494	0.06227283
SRR5047146	4	tooth	0.062738314	0.06274245	0.062222388	0.062222388	0.06272254	0.062222388	0.0627352	0.062540144	0.062222388	0.062619306	0.062710926	0.06275263	0.062279228	0.062222388	0.062774494	0.062272836
SRR5047147	4	tooth	0.06273831	0.06275156	0.062222384	0.062222384	0.06272254	0.062222384	0.0627352	0.06253106	0.062222384	0.062619306	0.062710926	0.06275263	0.062279224	0.062222384	0.062774494	0.06227283
SRR5047148	4	tooth	0.06273831	0.06275156	0.062222384	0.062222384	0.06272254	0.062222384	0.0627352	0.06253106	0.062222384	0.062619306	0.062710926	0.06275263	0.062279224	0.062222384	0.062774494	0.06227283
SRR5047149	4	tooth	0.06273831	0.06275156	0.062222384	0.062222384	0.06272254	0.062222384	0.0627352	0.06253106	0.062222384	0.062619306	0.062710926	0.06275263	0.062279224	0.062222384	0.062774494	0.06227283
SRR5047150	4	tooth	0.06273831	0.06275156	0.062222384	0.062222384	0.06272254	0.062222384	0.0627352	0.06253106	0.062222384	0.062619306	0.062710926	0.06275263	0.062279224	0.062222384	0.062774494	0.06227283
SRR5047151	4	tooth	0.06273831	0.06275156	0.062222384	0.062222384	0.06272254	0.062222384	0.0627352	0.06253106	0.062222384	0.062619306	0.062710926	0.06275263	0.062279224	0.062222384	0.062774494	0.06227283
SRR5047152	4	tooth	0.06273831	0.06275156	0.062222384	0.062222384	0.06272254	0.062222384	0.0627352	0.06253106	0.062222384	0.062619306	0.062710926	0.06275263	0.062279224	0.062222384	0.062774494	0.06227283
SRR5047153	4	tooth	0.06273832	0.06275157	0.0622224	0.0622224	0.06270249	0.0622224	0.06272525	0.06258951	0.0622224	0.06260997	0.06269292	0.06275264	0.06227924	0.0622224	0.06276455	0.06228155
SRR5047154	4	tooth	0.06267483	0.06291121	0.06222237	0.06222237	0.062661275	0.06222237	0.06269431	0.06254155	0.06223094	0.06269421	0.06266795	0.06273412	0.06225437	0.062230345	0.06276497	0.062272817
SRR5047155	4	tooth	0.06273831	0.06276011	0.062222384	0.062222384	0.06272254	0.062222384	0.0627352	0.062531054	0.062222384	0.062619306	0.06270238	0.06275263	0.062279224	0.062222384	0.062774494	0.06227283
SRR5047156	4	tooth	0.06273831	0.06275156	0.062222384	0.062222384	0.06272254	0.062222384	0.0627352	0.06253106	0.062222384	0.062619306	0.062710926	0.06275263	0.062279224	0.062222384	0.062774494	0.06227283
SRR5047157	4	tooth	0.06273831	0.06275156	0.062222384	0.062222384	0.06272254	0.062222384	0.0627352	0.06253106	0.062222384	0.062619306	0.062710926	0.06275263	0.062279224	0.062222384	0.062774494	0.06227283
SRR5047158	4	tooth	0.06273831	0.06275156	0.062222388	0.062222388	0.06272254	0.062222388	0.062748544	0.06253106	0.062222388	0.062619306	0.062710926	0.06273928	0.062279224	0.062222388	0.062774494	0.06227283
SRR5047159	4	tooth	0.0625961	0.06283638	0.062725246	0.06222252	0.06260652	0.06222252	0.06258315	0.06257948	0.06222252	0.06255971	0.062553205	0.06259064	0.062248185	0.06241617	0.062764674	0.06227297
SRR5047160	4	tooth	0.06273831	0.06275073	0.062222388	0.062222388	0.06272254	0.062222388	0.0627352	0.06254041	0.062222388	0.062619306	0.06270239	0.06275263	0.062279228	0.062222388	0.062774494	0.062272836
SRR5047161	4	tooth	0.06273831	0.06275156	0.062222384	0.062222384	0.06272254	0.062222384	0.0627352	0.06253106	0.062222384	0.062619306	0.062710926	0.06275263	0.062279224	0.062222384	0.062774494	0.06227283
SRR5047162	4	tooth	0.062738314	0.06275156	0.062222388	0.062222388	0.06272254	0.062222388	0.0627352	0.06254963	0.062222388	0.06260996	0.062701665	0.06275263	0.062279228	0.062222388	0.062774494	0.062272836
SRR5047163	4	tooth	0.06273831	0.06275156	0.062222384	0.062222384	0.06272254	0.062222384	0.0627352	0.06253106	0.062222384	0.062619306	0.062710926	0.06275263	0.062279224	0.062222384	0.062774494	0.06227283
SRR5047164	4	tooth	0.062730275	0.06275157	0.06222239	0.06222239	0.06272254	0.06222239	0.06273521	0.062542096	0.06222239	0.06261931	0.062710926	0.062752634	0.06227923	0.06223037	0.06276343	0.06227284
SRR5047165	4	tooth	0.06273831	0.06275156	0.062222384	0.062222384	0.06272254	0.062222384	0.0627352	0.06253106	0.062222384	0.062619306	0.062710926	0.06275263	0.062279224	0.062222384	0.062774494	0.06227283
SRR5047166	4	tooth	0.06273831	0.06276103	0.062222384	0.062222384	0.06271307	0.062222384	0.0627352	0.06253106	0.062222384	0.062619306	0.06271092	0.06275263	0.062279224	0.062222384	0.062774494	0.06227283
SRR5047167	4	tooth	0.062730275	0.06276004	0.06222239	0.06222239	0.06271408	0.06222239	0.06273521	0.06253107	0.06222239	0.06261931	0.06271093	0.06274466	0.06227923	0.06223037	0.0627745	0.06228075
SRR5047168	4	tooth	0.06269663	0.062865846	0.06222238	0.06222238	0.062704146	0.06222238	0.06269523	0.06254157	0.062230952	0.06261133	0.0626858	0.06274409	0.062271953	0.062230356	0.06278214	0.062272828
SRR5047169	4	tooth	0.0627298	0.06275156	0.062222388	0.062222388	0.06273104	0.062222388	0.0627352	0.06253106	0.062222388	0.062619306	0.062710926	0.06275263	0.062279224	0.062222388	0.062774494	0.06227283
SRR5047170	4	tooth	0.062729724	0.062785566	0.062222384	0.062222384	0.06271347	0.062222384	0.06271887	0.06254962	0.062222384	0.062609956	0.06270898	0.06275263	0.062271956	0.062222384	0.06277449	0.06227283
SRR5047171	4	tooth	0.062738314	0.0627321	0.06222239	0.06222239	0.06272254	0.06222239	0.06274855	0.06254041	0.06222239	0.06261931	0.06271224	0.06273929	0.06227923	0.06222239	0.0627745	0.06228154
SRR5047172	4	tooth	0.062738314	0.06276809	0.062222388	0.062222388	0.062714756	0.062222388	0.062726475	0.06253106	0.062222388	0.06261931	0.062710926	0.06275507	0.062279228	0.062222388	0.06276408	0.062280748
SRR5047173	4	tooth	0.06274662	0.06275156	0.06222239	0.06222239	0.06271424	0.06222239	0.0627352	0.0625404	0.06222239	0.06260996	0.06270167	0.062752634	0.062279228	0.06222239	0.062774494	0.06228203
SRR5047174	4	tooth	0.06273027	0.06277634	0.062222388	0.062222388	0.06270631	0.062222388	0.0627352	0.06253106	0.062222388	0.06261931	0.062710926	0.062744096	0.062279228	0.062230367	0.062774494	0.062272836
SRR5047175	4	tooth	0.06273831	0.06274148	0.062222388	0.062222388	0.06272254	0.062222388	0.062748544	0.06253106	0.062222388	0.062619306	0.062721	0.06273928	0.062279224	0.062222388	0.062774494	0.06227283
SRR5047176	4	tooth	0.06273831	0.06275156	0.062222384	0.062222384	0.06272254	0.062222384	0.0627352	0.06253106	0.062222384	0.062619306	0.062710926	0.06275263	0.062279224	0.062222384	0.062774494	0.06227283
SRR5047177	4	tooth	0.06273831	0.06275156	0.062222384	0.062222384	0.06272254	0.062222384	0.0627352	0.06253106	0.062222384	0.062619306	0.062710926	0.06275263	0.062279224	0.062222384	0.062774494	0.06227283
SRR5047178	4	tooth	0.06273831	0.06275156	0.062222384	0.062222384	0.06272254	0.062222384	0.0627352	0.06253106	0.062222384	0.062619306	0.062710926	0.06275263	0.062279224	0.062222384	0.062774494	0.06227283
SRR5047179	4	tooth	0.06273831	0.06275156	0.062222388	0.062222388	0.06272254	0.062222388	0.0627352	0.06253106	0.062222388	0.062619306	0.062710926	0.06276304	0.062279224	0.062222388	0.06276408	0.06227283
SRR5047180	4	tooth	0.062700346	0.06282084	0.062222388	0.062222388	0.06269274	0.062222388	0.06270094	0.06259053	0.062222388	0.06260172	0.06271187	0.062744096	0.06227196	0.062230367	0.062772185	0.062272836
SRR5047181	4	tooth	0.06272929	0.06274106	0.06222239	0.06222239	0.06272255	0.06222239	0.06273521	0.062562816	0.06222239	0.06261931	0.062719956	0.062752634	0.06227923	0.06222239	0.06275315	0.06227284
SRR5047182	4	tooth	0.06273831	0.06275156	0.062222384	0.062222384	0.06273072	0.062222384	0.06272701	0.062531054	0.062222384	0.062619306	0.062703885	0.06275263	0.062279224	0.062222384	0.062781535	0.06227283
SRR5047183	4	tooth	0.06273831	0.06275156	0.062222384	0.062222384	0.06272254	0.062222384	0.0627352	0.062531054	0.062222384	0.062619306	0.062703885	0.06275263	0.062279224	0.062222384	0.062781535	0.06227283
SRR5047184	4	tooth	0.062738314	0.06275156	0.062222388	0.062222388	0.06272254	0.062222388	0.0627352	0.06253106	0.062222388	0.06261931	0.06269512	0.06275263	0.062279228	0.062222388	0.06278154	0.06228154
SRR5047185	4	tooth	0.06273831	0.06275156	0.062222384	0.062222384	0.06272254	0.062222384	0.0627352	0.06253106	0.062222384	0.062619306	0.062710926	0.06275263	0.062279224	0.062222384	0.062774494	0.06227283
SRR5047186	4	tooth	0.062738314	0.06275156	0.062222388	0.062222388	0.06272254	0.062222388	0.0627352	0.06254963	0.062222388	0.06260996	0.062701665	0.06275263	0.062279228	0.062222388	0.062774494	0.062272836
SRR5047187	4	tooth	0.062731005	0.06275887	0.062222388	0.062222388	0.06272254	0.062222388	0.0627352	0.06254963	0.062222388	0.06260996	0.062701665	0.06275263	0.062279228	0.062222388	0.062774494	0.062272836
SRR5047188	4	tooth	0.06261466	0.062851466	0.06222246	0.06222246	0.0625202	0.06222246	0.06267665	0.062494885	0.062700294	0.062558286	0.062694736	0.06268934	0.06226364	0.062230434	0.06276514	0.062272903
SRR5047189	4	tooth	0.06273831	0.06275156	0.062222384	0.062222384	0.06272254	0.062222384	0.0627352	0.06253106	0.062222384	0.062619306	0.062710926	0.06275263	0.062279224	0.062222384	0.062774494	0.06227283
SRR5047190	4	tooth	0.062738314	0.06274405	0.062222388	0.062222388	0.06272254	0.062222388	0.0627352	0.06253106	0.062222388	0.06261931	0.06269512	0.06275263	0.062279228	0.062222388	0.06278906	0.06228154
SRR5047191	4	tooth	0.06273831	0.06275156	0.062222388	0.062222388	0.06272254	0.062222388	0.0627352	0.06254963	0.062222388	0.06260996	0.06269403	0.06276304	0.062279228	0.062222388	0.06277173	0.062272836
SRR5047192	4	tooth	0.06273831	0.06275156	0.062222384	0.062222384	0.06272254	0.062222384	0.0627352	0.06253106	0.062222384	0.062619306	0.062710926	0.06275263	0.062279224	0.062222384	0.062774494	0.06227283
SRR5047193	4	tooth	0.062738314	0.06275156	0.062222388	0.062222388	0.06272254	0.062222388	0.0627352	0.06254963	0.062222388	0.06260996	0.062701665	0.06275263	0.062279228	0.062222388	0.062774494	0.062272836
SRR5047194	4	tooth	0.06267256	0.062857404	0.062222455	0.062222455	0.062657736	0.062222455	0.06265062	0.06257614	0.06223148	0.06266091	0.06264675	0.06270871	0.062280774	0.062390324	0.06272633	0.062272903
SRR5047195	4	tooth	0.06273831	0.06275156	0.062222384	0.062222384	0.06272254	0.062222384	0.0627352	0.06253106	0.062222384	0.062619306	0.062710926	0.06275263	0.062279224	0.062222384	0.062774494	0.06227283
SRR5047196	4	tooth	0.06273831	0.06275156	0.062222384	0.062222384	0.06272254	0.062222384	0.0627352	0.06253106	0.062222384	0.062619306	0.062710926	0.06275263	0.062279224	0.062222384	0.062774494	0.06227283
SRR5047197	4	tooth	0.06273831	0.062744044	0.062222384	0.062222384	0.062722534	0.062222384	0.0627352	0.062531054	0.062222384	0.062619306	0.062703885	0.06275263	0.062279224	0.062222384	0.06278906	0.06227283
SRR5047198	4	tooth	0.062738314	0.06274245	0.062222388	0.062222388	0.06272254	0.062222388	0.0627352	0.062540144	0.062222388	0.062619306	0.062710926	0.06275263	0.062279228	0.062222388	0.062774494	0.062272836
SRR5047199	4	tooth	0.06273831	0.06275156	0.062222384	0.062222384	0.06272254	0.062222384	0.0627352	0.06253106	0.062222384	0.062619306	0.062710926	0.06275263	0.062279224	0.062222384	0.062774494	0.06227283
SRR5047200	4	tooth	0.0627023	0.062837236	0.06222238	0.06222238	0.06270502	0.06222238	0.06271147	0.062531054	0.06222238	0.06261133	0.062709846	0.06275262	0.062271953	0.062230356	0.06277449	0.062272828
SRR5047201	4	tooth	0.06273831	0.06275156	0.062222388	0.062222388	0.06272254	0.062222388	0.062748544	0.06253106	0.062222388	0.062619306	0.062710926	0.06273928	0.062279224	0.062222388	0.062774494	0.06227283
SRR5047202	4	tooth	0.062727764	0.06275156	0.062222388	0.062222388	0.06272254	0.062222388	0.0627352	0.062541574	0.062222388	0.062619306	0.062710926	0.06275263	0.062279228	0.062222388	0.062774494	0.062272836
SRR5047203	4	tooth	0.06273831	0.06275156	0.062222384	0.062222384	0.06272254	0.062222384	0.0627352	0.06253106	0.062222384	0.062619306	0.062710926	0.06275263	0.062279224	0.062222384	0.062774494	0.06227283
SRR5047204	4	tooth	0.06273831	0.06275156	0.062222384	0.062222384	0.06272254	0.062222384	0.0627352	0.06253106	0.062222384	0.062619306	0.062710926	0.06275263	0.062279224	0.062222384	0.062774494	0.06227283
SRR5297130	1	dental calculus	0.07153086	0.0718464	0.07100677	0.071468435	0.071489714	0.07102169	0.07141816	0.07164951	0.0	0.071378514	0.071401134	0.07144874	0.071623296	0.0	0.07164012	0.07107665
SRR5297131	1	dental calculus	0.07153129	0.07178303	0.07175105	0.07100672	0.07141286	0.071021646	0.07145767	0.07137866	0.0	0.07133437	0.07137788	0.07151373	0.07165489	0.0	0.07172214	0.07105405
SRR5297132	1	dental calculus	0.07156401	0.07183725	0.07101721	0.07132307	0.07158764	0.07102166	0.071448706	0.07142885	0.0	0.07136583	0.07146928	0.07153846	0.07164431	0.0	0.07170986	0.071043864
SRR5297133	1	dental calculus	0.07164617	0.071840726	0.07100671	0.07132304	0.071590565	0.071021624	0.07146222	0.07124224	0.0	0.07136418	0.07150252	0.07158615	0.07165372	0.0	0.07169453	0.0710656
SRR5332455	4	lake sediment	0.062624715	0.06267554	0.06222245	0.06222245	0.06273349	0.06222245	0.06267785	0.06248356	0.06222245	0.06258219	0.06269258	0.06274334	0.06270309	0.06222245	0.062724285	0.06224709
SRR5332456	4	lake sediment	0.062624715	0.06268465	0.06222245	0.06222245	0.0627226	0.06222245	0.06268873	0.06247448	0.06222245	0.06258219	0.06269258	0.06274334	0.06270309	0.06222245	0.062724285	0.06224709
SRR5332457	4	lake sediment	0.06262472	0.06267554	0.062222455	0.062222455	0.06272261	0.062222455	0.06268873	0.062492836	0.062222455	0.06258219	0.06269258	0.06273404	0.062703095	0.062222455	0.062724285	0.062247094
SRR5332458	4	lake sediment	0.06262472	0.06266505	0.062222455	0.062222455	0.06272261	0.062222455	0.06268873	0.062492836	0.062222455	0.06258219	0.06270308	0.06273404	0.062703095	0.062222455	0.062724285	0.062247094
SRR5332459	4	lake sediment	0.06262472	0.06267554	0.06222245	0.06222245	0.06272261	0.06222245	0.06268873	0.06248356	0.06222245	0.06258219	0.06269258	0.06274334	0.06270309	0.06222245	0.062724285	0.062247094
SRR5332461	4	lake sediment	0.06262472	0.06267554	0.06222245	0.06222245	0.06272261	0.06222245	0.06268873	0.06248356	0.06222245	0.06258219	0.06269258	0.06274334	0.06270309	0.06222245	0.062724285	0.062247094
SRR5332462	4	lake sediment	0.062624715	0.06267554	0.06222245	0.06222245	0.06272261	0.06222245	0.06268873	0.06248356	0.06222245	0.06258219	0.06269258	0.06275376	0.06270309	0.06222245	0.06271388	0.062247094
SRR5332463	4	lake sediment	0.062624715	0.06268465	0.06222245	0.06222245	0.0627226	0.06222245	0.06268873	0.06247448	0.06222245	0.06258219	0.06269258	0.06274334	0.06270309	0.06222245	0.062724285	0.06224709
SRR5332464	4	lake sediment	0.062624715	0.06268465	0.06222245	0.06222245	0.0627226	0.06222245	0.06268873	0.06247448	0.06222245	0.06258219	0.06269258	0.06274334	0.06270309	0.06222245	0.062724285	0.06224709
SRR5332466	4	lake sediment	0.06262472	0.06267416	0.06222245	0.06222245	0.06272261	0.06222245	0.06268873	0.062483754	0.06222245	0.06258219	0.06270308	0.062744446	0.06270309	0.06222245	0.06271388	0.062247094
SRR5875718	1	intestine	0.071768954	0.07177989	0.071006335	0.07103799	0.07178003	0.07102125	0.07152104	0.07101469	0.0	0.071645185	0.07172467	0.07176213	0.071131274	0.0	0.07178925	0.071017325
SRR5875719	1	intestine	0.071695894	0.07178854	0.07100643	0.07115475	0.07171024	0.07103161	0.071546994	0.071014784	0.0	0.07174238	0.0716252	0.07176223	0.071122	0.0	0.07175643	0.071042515
SRR5875720	1	intestine	0.07176893	0.07181067	0.07100633	0.071027644	0.07175969	0.071021244	0.07153326	0.07101468	0.0	0.07164518	0.07172466	0.07173762	0.07113127	0.0	0.0718015	0.07101732
SRR5875721	1	intestine	0.071732335	0.07178602	0.07100634	0.071038	0.07175971	0.07102126	0.07155914	0.071014695	0.0	0.07164519	0.07174955	0.07173849	0.07113128	0.0	0.07180066	0.07101733
SRR5875726	1	muscle tissue	0.07176927	0.07180025	0.07100635	0.07106017	0.071759716	0.07102127	0.07153328	0.0710147	0.0	0.0716452	0.07168975	0.07174989	0.07113129	0.0	0.07180152	0.07101734
SRR5875727	1	muscle tissue	0.071717545	0.07171358	0.0710065	0.07106032	0.07175601	0.071021415	0.07153359	0.07102438	0.0	0.07162045	0.07171399	0.07171259	0.07122062	0.0	0.07174439	0.07115461
SRR5875728	1	muscle tissue	0.07176986	0.07176977	0.07100642	0.07102773	0.07174797	0.07102133	0.07153378	0.07101477	0.0	0.07160802	0.071698725	0.07172572	0.071131356	0.0	0.07179004	0.07115453
SRR5875729	1	muscle tissue	0.07166807	0.07169586	0.07100651	0.07106034	0.07172421	0.07102143	0.07172851	0.07101486	0.0	0.07158135	0.071686946	0.07168605	0.07121125	0.0	0.07173527	0.07117934
SRR6877282	2	dental calculus	0.07691011	0.07747459	0.0	0.07640541	0.07667948	0.07639021	0.076952554	0.077111006	0.07700168	0.0769083	0.07689185	0.077018924	0.0	0.07723513	0.07702076	0.0
SRR6877283	2	tooth	0.07731016	0.07737209	0.0	0.0764175	0.077190764	0.07638969	0.07726224	0.076884024	0.076401986	0.077099055	0.07661619	0.077286184	0.0	0.07638969	0.07738043	0.0
SRR6877284	2	dental calculus	0.07691919	0.07733983	0.0	0.07640534	0.076635554	0.07639013	0.07694538	0.077123925	0.0772848	0.07698917	0.076640986	0.07699128	0.0	0.07730257	0.07703185	0.0
SRR6877285	2	tooth	0.07724581	0.07729334	0.0	0.07640516	0.077216074	0.076637976	0.07720815	0.07698662	0.07638995	0.07705572	0.07671474	0.07728817	0.0	0.07638995	0.077168345	0.0
SRR6877286	2	dental calculus	0.07692925	0.077429906	0.0	0.07640545	0.0766634	0.076390244	0.07693271	0.077123776	0.07700172	0.07703034	0.076891884	0.07702951	0.0	0.077112846	0.07705897	0.0
SRR6877287	2	tooth	0.07731705	0.077305466	0.0	0.07638966	0.07728275	0.07638966	0.0772544	0.07688088	0.07638966	0.07712719	0.07660154	0.07736171	0.0	0.07638966	0.07731036	0.0
SRR6877288	2	dental calculus	0.076902755	0.077447854	0.0	0.076405376	0.0766307	0.07639016	0.07692937	0.07705451	0.07728483	0.076991476	0.07677823	0.07700398	0.0	0.07714672	0.07703404	0.0
SRR6877289	2	tooth	0.07717953	0.07733571	0.0	0.076405294	0.07705848	0.07639009	0.07713279	0.07687197	0.076925345	0.0770195	0.07663107	0.07723438	0.0	0.07653851	0.07727734	0.0
SRR6877290	2	dental calculus	0.07693507	0.07754904	0.0	0.07640536	0.07668796	0.07639015	0.07696787	0.07715307	0.07693778	0.07709207	0.07672305	0.077055015	0.0	0.076969616	0.077133946	0.0
SRR6877291	2	tooth	0.07703955	0.07755829	0.0	0.07638995	0.07693012	0.07638995	0.077122696	0.07717772	0.0767228	0.07710537	0.076744005	0.077134185	0.0	0.07643932	0.07724604	0.0
SRR6877292	2	dental calculus	0.07690804	0.077440366	0.0	0.07640541	0.07669	0.0763902	0.07693578	0.07706859	0.077284865	0.07688303	0.076850526	0.07699115	0.0	0.0771177	0.07703435	0.0
SRR6877293	2	tooth	0.0773579	0.07735091	0.0	0.07638951	0.07729937	0.07638951	0.07731503	0.07657189	0.07638951	0.07715717	0.076616	0.07734635	0.0	0.076403596	0.07741326	0.0
SRR6877294	2	dental calculus	0.077076025	0.07749685	0.0	0.076390184	0.076868616	0.076390184	0.07708518	0.07704976	0.07674709	0.07693882	0.07675113	0.077139065	0.0	0.07692231	0.077144794	0.0
SRR6877295	2	tooth	0.07734514	0.077350765	0.0	0.076389536	0.07731219	0.076389536	0.07730131	0.07663055	0.076389536	0.07714222	0.07661603	0.07737594	0.0	0.076389536	0.077367716	0.0
SRR6877296	2	dental calculus	0.07706594	0.07752471	0.0	0.07640532	0.076869674	0.0763901	0.07711335	0.07707925	0.07673467	0.0769395	0.07655527	0.07713898	0.0	0.07705816	0.077125065	0.0
SRR6877297	2	tooth	0.07734378	0.07734741	0.0	0.07638951	0.07727145	0.07638951	0.07728358	0.07657189	0.07638951	0.07726293	0.076616	0.077331685	0.0	0.07638951	0.07741326	0.0
SRR6877298	2	tooth	0.07720398	0.07733048	0.0	0.07641761	0.077153094	0.076389804	0.07728683	0.07698062	0.0764021	0.07715564	0.076713055	0.07722252	0.0	0.07640389	0.07734037	0.0
SRR6877299	2	tooth	0.077287935	0.07737223	0.0	0.0763896	0.07728482	0.0763896	0.077269554	0.07671949	0.0763896	0.0772203	0.07660131	0.07730411	0.0	0.07640369	0.077367745	0.0
SRR6877300	2	dental calculus	0.07696469	0.077429414	0.0	0.07640539	0.07676629	0.076390184	0.077028155	0.07716634	0.07674709	0.076951385	0.0767649	0.07703222	0.0	0.07727608	0.077077866	0.0
SRR6877301	2	tooth	0.07726418	0.077405736	0.0	0.07640496	0.07712796	0.076389745	0.07722085	0.076700665	0.076389745	0.07716688	0.076939374	0.077281356	0.0	0.076389745	0.0773188	0.0
SRR6877302	2	tooth	0.0773579	0.07735091	0.0	0.07638951	0.07729937	0.07638951	0.07731503	0.07657189	0.07638951	0.07715717	0.076616	0.07734635	0.0	0.076403596	0.07741326	0.0
SRR6877303	2	dental calculus	0.077102795	0.07748084	0.0	0.07640537	0.07687437	0.076390155	0.07710306	0.0770383	0.076723	0.076978885	0.0766392	0.077137955	0.0	0.07696212	0.07716395	0.0
SRR6877304	2	dental calculus	0.077136055	0.07757435	0.0	0.07638983	0.0770409	0.07638983	0.07721296	0.07694175	0.07644155	0.077122346	0.076690555	0.07721813	0.0	0.07654369	0.07729807	0.0
SRR6877305	2	dental calculus	0.077080235	0.07755791	0.0	0.07640518	0.07691847	0.07638997	0.077129334	0.07713428	0.076426215	0.077004515	0.07659726	0.07718017	0.0	0.077036165	0.07714031	0.0
SRR6877306	2	tooth	0.07735793	0.07743106	0.0	0.07638953	0.07725749	0.07638953	0.07728823	0.076643765	0.07638953	0.07712683	0.07661603	0.07732071	0.0	0.07638953	0.07739982	0.0
SRR6877307	2	tooth	0.07734513	0.07735057	0.0	0.07638952	0.07732679	0.07638952	0.0773013	0.07661558	0.07638952	0.077142216	0.07661602	0.077375926	0.0	0.07638952	0.07736837	0.0
SRR6877308	2	dental calculus	0.07718648	0.07745532	0.0	0.076390006	0.07696234	0.076390006	0.07719239	0.077009276	0.07674691	0.07708662	0.07652116	0.07718061	0.0	0.07663378	0.07724511	0.0
SRR6877309	2	tooth	0.07735802	0.07732004	0.0	0.076389626	0.07727002	0.076389626	0.077269435	0.07682258	0.076389626	0.07712715	0.07658694	0.07733211	0.0	0.076389626	0.0773552	0.0
SRR6877310	2	dental calculus	0.076983504	0.07746707	0.0	0.07639019	0.07674088	0.07639019	0.07697542	0.0771504	0.0767471	0.076995164	0.07686239	0.077046596	0.0	0.07717	0.07708109	0.0
SRR6877311	2	tooth	0.07695726	0.07747528	0.0	0.076405294	0.076699756	0.07639008	0.076971434	0.07713871	0.077284746	0.07686033	0.07654098	0.07704113	0.0	0.07711909	0.07711591	0.0
SRR6877312	2	dental calculus	0.07690162	0.07744896	0.0	0.07640538	0.07668997	0.07639017	0.076936625	0.07713947	0.077284835	0.07686444	0.076809034	0.07696698	0.0	0.077167936	0.07699457	0.0
SRR6877313	2	dental calculus	0.07704053	0.07746152	0.0	0.07640539	0.07676719	0.07639018	0.07705635	0.077080294	0.07674709	0.07688805	0.0767649	0.077055946	0.0	0.07722165	0.07712093	0.0
SRR6877314	2	tooth	0.07695638	0.07750278	0.0	0.07640539	0.07666678	0.07639018	0.076991245	0.077108555	0.07700165	0.076835066	0.07685034	0.07703291	0.0	0.077221125	0.0770376	0.0
SRR6877315	2	tooth	0.07735792	0.0773363	0.0	0.07638952	0.077314	0.07638952	0.07731505	0.07658708	0.07638952	0.077157184	0.07661601	0.07734636	0.0	0.07640361	0.077397935	0.0
SRR6877316	2	dental calculus	0.077146314	0.077474155	0.0	0.07638998	0.07704037	0.07638998	0.07719758	0.07684725	0.076441705	0.07707473	0.07677472	0.077217005	0.0	0.07675382	0.0772524	0.0
SRR6877317	2	tooth	0.07735791	0.077365175	0.0	0.076389514	0.07729938	0.076389514	0.077301286	0.07660039	0.076389514	0.0771422	0.076616004	0.077346355	0.0	0.076389514	0.07741327	0.0
SRR6877318	2	dental calculus	0.07706399	0.0774665	0.0	0.076405406	0.07683097	0.07639019	0.077082224	0.07707808	0.0767471	0.076957695	0.076693386	0.077113174	0.0	0.077054776	0.0771165	0.0
SRR6877319	2	tooth	0.077328384	0.07736518	0.0	0.076389514	0.07731217	0.076389514	0.07731505	0.076602615	0.076389514	0.077157184	0.07661601	0.07737592	0.0	0.076389514	0.077369414	0.0
SRR6877320	2	dental calculus	0.07711691	0.077536054	0.0	0.07639003	0.07692992	0.07639003	0.07715896	0.07685612	0.076722875	0.07705751	0.07654206	0.07714008	0.0	0.07686238	0.077297084	0.0
SRR6877321	2	tooth	0.07735793	0.07733615	0.0	0.076389536	0.07731401	0.076389536	0.07730131	0.076629885	0.076389536	0.07714222	0.07661603	0.07734638	0.0	0.076389536	0.07739795	0.0
SRR6877322	2	dental calculus	0.07713992	0.07744863	0.0	0.07640535	0.076924734	0.07639013	0.07715231	0.076993994	0.076747045	0.07695384	0.07656787	0.07717629	0.0	0.07693341	0.07716647	0.0
SRR6877323	2	dental calculus	0.07688021	0.07732845	0.0	0.07640543	0.07667681	0.076390214	0.07692785	0.07711156	0.07728488	0.07697905	0.07683708	0.07696525	0.0	0.07721964	0.07699357	0.0
SRR6877324	2	dental calculus	0.07693127	0.077523574	0.0	0.07640541	0.07669307	0.07639021	0.07699249	0.07709549	0.07700168	0.076872855	0.07689185	0.07705661	0.0	0.07712299	0.0770225	0.0
SRR6877325	2	tooth	0.07735807	0.077292114	0.0	0.07638966	0.07725575	0.07638966	0.07725623	0.07692221	0.07638966	0.07711181	0.07658698	0.07731828	0.0	0.07638966	0.07733991	0.0
SRR6877326	2	dental calculus	0.07703738	0.07754164	0.0	0.07640535	0.07671888	0.07639014	0.07701764	0.077037714	0.07700162	0.076936044	0.076610945	0.0771079	0.0	0.07710956	0.07708519	0.0
SRR6877327	2	tooth	0.07734548	0.07736333	0.0	0.07640276	0.077299595	0.07638957	0.07730148	0.076616734	0.076428995	0.077128835	0.07661606	0.077346414	0.0	0.07638957	0.077371165	0.0
SRR6877328	2	dental calculus	0.077013426	0.07752093	0.0	0.076390155	0.07680779	0.076390155	0.07707473	0.07714916	0.07674706	0.076859236	0.07674563	0.07710003	0.0	0.07708332	0.07711839	0.0
SRR6877329	2	tooth	0.07735788	0.07741807	0.0	0.076389484	0.077259004	0.076389484	0.07732859	0.07657187	0.076389484	0.07713134	0.07661576	0.077346325	0.0	0.076389484	0.07741324	0.0
SRR6877330	2	dental calculus	0.07707759	0.077510536	0.0	0.07639013	0.076877676	0.07639013	0.07710568	0.07691476	0.07674704	0.07694148	0.07663947	0.0771422	0.0	0.07709319	0.07717011	0.0
SRR6877331	2	tooth	0.07734692	0.077422775	0.0	0.07638952	0.07727452	0.07638952	0.07727965	0.076600395	0.07640424	0.07714221	0.07661601	0.07734636	0.0	0.07638952	0.07739836	0.0
SRR6877332	2	dental calculus	0.07711651	0.07765129	0.0	0.07640506	0.07699789	0.07638985	0.07718335	0.07688724	0.07646554	0.077049196	0.07688489	0.07720247	0.0	0.07650591	0.0772608	0.0
SRR6877333	2	tooth	0.0773451	0.07736516	0.0	0.07638949	0.07731215	0.07638949	0.077315025	0.07657188	0.07638949	0.077157155	0.07661599	0.0773759	0.0	0.07638949	0.077383675	0.0
SRR6877334	2	dental calculus	0.0771487	0.07762844	0.0	0.07638984	0.07707194	0.07638984	0.07719317	0.07664646	0.07646553	0.07709175	0.07663974	0.07720965	0.0	0.0768622	0.07726273	0.0
SRR6877335	2	tooth	0.07735789	0.07736516	0.0	0.07638949	0.077299364	0.07638949	0.077315025	0.07657188	0.07638949	0.077157155	0.07661598	0.07734633	0.0	0.07638949	0.077413246	0.0
SRR6877336	2	dental calculus	0.07722345	0.077410415	0.0	0.076405264	0.07699159	0.07639006	0.077181295	0.0770892	0.07674696	0.077007465	0.07661849	0.07719289	0.0	0.076563425	0.0771795	0.0
SRR6877337	2	tooth	0.07734513	0.07735075	0.0	0.07638952	0.07731218	0.07638952	0.0773013	0.07661469	0.07638952	0.077142216	0.07661601	0.077375926	0.0	0.07638952	0.077383704	0.0
SRR6877338	2	dental calculus	0.07711608	0.07748728	0.0	0.0763901	0.076843366	0.0763901	0.077151425	0.07707542	0.07674701	0.07693107	0.076580524	0.07713967	0.0	0.07694509	0.07720286	0.0
SRR6877339	2	dental calculus	0.0767973	0.07737525	0.0	0.07640534	0.0766217	0.076390125	0.076907806	0.07723229	0.07728479	0.076939054	0.07683699	0.076924026	0.0	0.07727603	0.07700931	0.0
SRR6877340	2	dental calculus	0.07685901	0.077413276	0.0	0.07640538	0.07663388	0.07639017	0.07687661	0.07711211	0.077284835	0.077025585	0.07683703	0.0769788	0.0	0.07717407	0.07700923	0.0
SRR6877341	2	tooth	0.077259466	0.077397645	0.0	0.07640495	0.07723951	0.07646021	0.07726064	0.07673342	0.076429166	0.077114046	0.07661298	0.0773198	0.0	0.076439105	0.07732905	0.0
SRR6877342	2	dental calculus	0.07696447	0.07742928	0.0	0.07640541	0.0767273	0.07639021	0.07697545	0.07713788	0.07674711	0.07705386	0.07684978	0.07703429	0.0	0.07723513	0.07704982	0.0
SRR6877343	2	tooth	0.077268615	0.07754343	0.0	0.07638967	0.07710317	0.07638967	0.07722104	0.07664442	0.076441385	0.07717014	0.07682696	0.07725159	0.0	0.07638967	0.07736024	0.0
SRR6877344	2	dental calculus	0.07711577	0.07744647	0.0	0.07639011	0.0769118	0.07639011	0.07715229	0.0770483	0.076722965	0.07695324	0.07654007	0.07713925	0.0	0.07699704	0.077192575	0.0
SRR6877345	2	tooth	0.0773451	0.07737629	0.0	0.07638949	0.07731215	0.07638949	0.077315025	0.07657188	0.07638949	0.077157155	0.07661599	0.077364765	0.0	0.07638949	0.077383675	0.0
SRR6877346	2	dental calculus	0.07690666	0.077378355	0.0	0.07640537	0.07659495	0.076390155	0.07688021	0.07711028	0.07728482	0.07697607	0.07683701	0.07694978	0.0	0.07727605	0.07701028	0.0
SRR6877347	2	tooth	0.07732011	0.07745512	0.0	0.076389566	0.07723799	0.076389566	0.07730472	0.07661739	0.076389566	0.07714184	0.07668595	0.077337675	0.0	0.076389566	0.07734095	0.0
SRR6877348	2	dental calculus	0.07718337	0.07744619	0.0	0.07638991	0.07701209	0.07638991	0.07721845	0.07691269	0.07644162	0.07715691	0.076591484	0.07721659	0.0	0.07672793	0.07731286	0.0
SRR6877349	2	tooth	0.0773579	0.07735055	0.0	0.07638951	0.07731399	0.07638951	0.07731503	0.076587066	0.07638951	0.07715717	0.076616	0.07734635	0.0	0.07638951	0.07739793	0.0
SRR6877350	2	dental calculus	0.076995775	0.077398986	0.0	0.07640545	0.07676867	0.076390244	0.07703733	0.07708133	0.07674715	0.07695317	0.07691229	0.07706068	0.0	0.07723517	0.07701375	0.0
SRR6877351	2	tooth	0.07734511	0.07735055	0.0	0.07638951	0.077326775	0.07638951	0.07731503	0.076587066	0.07638951	0.07715717	0.076616	0.07737591	0.0	0.07638951	0.07736836	0.0
SRR6877352	2	dental calculus	0.07719931	0.07754335	0.0	0.07638984	0.076997735	0.07638984	0.07718408	0.077035666	0.07644156	0.07711114	0.07663419	0.07724274	0.0	0.07657488	0.07725567	0.0
SRR6877353	2	tooth	0.077321135	0.077329546	0.0	0.07638964	0.07729798	0.07638964	0.07726945	0.07682193	0.07640193	0.077127166	0.076586954	0.077333204	0.0	0.07638964	0.0773418	0.0
SRR6877354	2	dental calculus	0.07711297	0.07748538	0.0	0.076390095	0.076875515	0.076390095	0.07715794	0.076899245	0.07672294	0.07704958	0.07661139	0.077142164	0.0	0.07690526	0.07725741	0.0
SRR6877355	2	tooth	0.0773451	0.07736516	0.0	0.07638949	0.07731215	0.07638949	0.077315025	0.07657188	0.07638949	0.077157155	0.07661599	0.0773759	0.0	0.07638949	0.077383675	0.0
SRR6877356	2	dental calculus	0.077138975	0.07750428	0.0	0.07639009	0.07691533	0.07639009	0.07711535	0.07704671	0.07646578	0.07693263	0.076859325	0.07713738	0.0	0.076971926	0.07713214	0.0
SRR6877357	2	tooth	0.0773451	0.07736516	0.0	0.07638949	0.07731215	0.07638949	0.077315025	0.07657188	0.07638949	0.077157155	0.07661599	0.0773759	0.0	0.07638949	0.077383675	0.0
SRR6877358	2	dental calculus	0.07694834	0.07747841	0.0	0.07640544	0.07670546	0.07639023	0.07695917	0.077065766	0.077001706	0.07695062	0.07685039	0.0770424	0.0	0.07712628	0.07707579	0.0
SRR6877359	2	tooth	0.07735788	0.07740145	0.0	0.07638948	0.07729935	0.07638948	0.07730478	0.07657187	0.07638948	0.07715715	0.07660119	0.07734927	0.0	0.07638948	0.07739915	0.0
SRR6877360	2	tooth	0.0773579	0.07735055	0.0	0.07638951	0.07731399	0.07638951	0.07731503	0.076587066	0.07638951	0.07715717	0.076616	0.07734635	0.0	0.07638951	0.07739793	0.0
SRR6877361	2	dental calculus	0.07714112	0.0775185	0.0	0.07640525	0.07689117	0.076390035	0.077152215	0.077050336	0.076465726	0.07688985	0.076706335	0.07719258	0.0	0.077068575	0.07712831	0.0
SRR6877362	2	tooth	0.07735799	0.07733444	0.0	0.076389596	0.07728298	0.076389596	0.07728315	0.076777235	0.076389596	0.07714209	0.07657349	0.077319086	0.0	0.076389596	0.077371165	0.0
SRR6877363	2	dental calculus	0.07720915	0.07757137	0.0	0.07640505	0.07705116	0.076389834	0.07724068	0.07678857	0.07644155	0.07704825	0.0767463	0.07727186	0.0	0.07657647	0.07725976	0.0
SRR6877364	2	tooth	0.07735789	0.07736516	0.0	0.07638949	0.077299364	0.07638949	0.077315025	0.07657188	0.07638949	0.077157155	0.07661598	0.07734633	0.0	0.07638949	0.077413246	0.0
SRR6877365	2	dental calculus	0.07705091	0.077586435	0.0	0.07639011	0.07691188	0.07639011	0.07713101	0.07682941	0.07672296	0.07696132	0.07676492	0.07712771	0.0	0.07692224	0.07721099	0.0
SRR6877366	2	tooth	0.07720548	0.07765594	0.0	0.07640491	0.07705568	0.07638969	0.077213086	0.07666039	0.07638969	0.0771054	0.076814376	0.07725225	0.0	0.07652123	0.07733188	0.0
SRR6877367	2	dental calculus	0.077087946	0.07749295	0.0	0.07639018	0.07685841	0.07639018	0.07708815	0.07703491	0.07674708	0.07699234	0.07676373	0.07712599	0.0	0.076847784	0.077180356	0.0
SRR6877368	2	tooth	0.07734512	0.077365175	0.0	0.076389514	0.077312164	0.076389514	0.077301286	0.07660039	0.076389514	0.0771422	0.076616004	0.07737592	0.0	0.076389514	0.07738369	0.0
SRR6877369	2	dental calculus	0.07705307	0.077474	0.0	0.07639016	0.0768863	0.07639016	0.07714419	0.07694193	0.07672301	0.07701956	0.07673718	0.07712269	0.0	0.076873645	0.07724411	0.0
SRR6877370	2	dental calculus	0.07687731	0.07740573	0.0	0.076405376	0.07662198	0.07639016	0.0769008	0.07711463	0.07728483	0.076937765	0.07683702	0.07697919	0.0	0.077235095	0.077010125	0.0
SRR6877371	2	tooth	0.0773451	0.07736516	0.0	0.07638949	0.07731215	0.07638949	0.077315025	0.07657188	0.07638949	0.077157155	0.07661599	0.0773759	0.0	0.07638949	0.077383675	0.0
SRR6877372	2	dental calculus	0.07719629	0.07752325	0.0	0.076389916	0.076967776	0.076389916	0.0771392	0.0770624	0.07644163	0.07704617	0.076882854	0.07719023	0.0	0.07652145	0.07724893	0.0
SRR6877373	2	tooth	0.07735799	0.07733444	0.0	0.076389596	0.07726999	0.076389596	0.07728315	0.07676378	0.076389596	0.0771421	0.07658691	0.07733208	0.0	0.076389596	0.077371165	0.0
SRR6877374	2	dental calculus	0.07712056	0.07748389	0.0	0.07639005	0.0769696	0.07639005	0.07713294	0.07691553	0.076746956	0.07711272	0.076845594	0.07715315	0.0	0.076490074	0.077248886	0.0
SRR6877375	2	tooth	0.07735791	0.077365175	0.0	0.076389514	0.07729938	0.076389514	0.077301286	0.07660039	0.076389514	0.0771422	0.076616004	0.077346355	0.0	0.076389514	0.07741327	0.0
SRR6877376	2	dental calculus	0.077149674	0.07753968	0.0	0.076390035	0.07696839	0.076390035	0.077172846	0.07675401	0.07674694	0.076982304	0.07653987	0.07718321	0.0	0.07698521	0.0771978	0.0
SRR6877377	2	tooth	0.0773169	0.077380106	0.0	0.076389514	0.07731217	0.076389514	0.07729997	0.07661479	0.076389514	0.07715718	0.07660122	0.07737592	0.0	0.076389514	0.07738369	0.0
SRR6877378	2	dental calculus	0.077231	0.07759002	0.0	0.07638967	0.07709439	0.07638967	0.07726738	0.07672915	0.07644139	0.07711571	0.076604985	0.07730976	0.0	0.0765114	0.077325486	0.0
SRR6877379	2	tooth	0.077345215	0.077334456	0.0	0.07638961	0.07728279	0.07638961	0.07726942	0.07679235	0.07638961	0.07712714	0.076586924	0.07736165	0.0	0.07638961	0.077341616	0.0
SRR6877380	2	tooth	0.077341236	0.077347316	0.0	0.07638958	0.077300884	0.07638958	0.077289164	0.07667652	0.07638958	0.07714227	0.07661607	0.07734642	0.0	0.07640367	0.077367716	0.0
SRR6877381	2	tooth	0.0773451	0.07736516	0.0	0.07638949	0.07731215	0.07638949	0.077315025	0.07657188	0.07638949	0.077157155	0.07661599	0.0773759	0.0	0.07638949	0.077383675	0.0
SRR6877382	2	dental calculus	0.07713722	0.07755546	0.0	0.076389976	0.07689233	0.076389976	0.07716615	0.077078514	0.07644169	0.07694389	0.076705515	0.07718722	0.0	0.07688271	0.07722936	0.0
SRR6877383	2	tooth	0.07735791	0.077365175	0.0	0.076389514	0.07729938	0.076389514	0.077301286	0.07660039	0.076389514	0.0771422	0.076616004	0.077346355	0.0	0.076389514	0.07741327	0.0
SRR6877384	2	dental calculus	0.077033825	0.077465594	0.0	0.07640539	0.076837	0.07639018	0.07710165	0.077179395	0.07674708	0.07689939	0.07669245	0.077112705	0.0	0.07702574	0.077109605	0.0
SRR6877385	2	tooth	0.07733078	0.07732984	0.0	0.076389626	0.07724211	0.076389626	0.07723801	0.07680825	0.076389626	0.07723288	0.07658695	0.07731746	0.0	0.076389626	0.0773552	0.0
SRR6877386	2	dental calculus	0.077152885	0.07756657	0.0	0.07638993	0.07695575	0.07638993	0.077224374	0.07682999	0.07642618	0.077020146	0.07672273	0.07721888	0.0	0.07685543	0.0772472	0.0
SRR6877387	2	tooth	0.07734512	0.07737714	0.0	0.076389514	0.07730021	0.076389514	0.077301286	0.07660039	0.076389514	0.0771422	0.076616004	0.07737592	0.0	0.076389514	0.07738369	0.0
SRR6877388	2	dental calculus	0.077082306	0.07753086	0.0	0.07640517	0.07696616	0.07638995	0.077125765	0.07714966	0.076441675	0.07709449	0.076801635	0.07717563	0.0	0.07660435	0.07723235	0.0
SRR6877389	2	tooth	0.077289246	0.0774591	0.0	0.07638963	0.07722844	0.07638963	0.07724703	0.07688112	0.07638963	0.07711615	0.076586954	0.07732075	0.0	0.07638963	0.07731267	0.0
SRR6877390	2	dental calculus	0.07712698	0.07746845	0.0	0.07639011	0.076964475	0.07639011	0.07717117	0.07685427	0.07673468	0.07692679	0.07660971	0.077167414	0.0	0.07697195	0.07722389	0.0
SRR6877391	2	tooth	0.077297345	0.077335104	0.0	0.07638966	0.07721483	0.07638966	0.07726862	0.076883994	0.07638966	0.07711175	0.07661616	0.077345796	0.0	0.07638966	0.07736773	0.0
SRR6877392	2	dental calculus	0.077063896	0.077545136	0.0	0.07639015	0.07687165	0.07639015	0.07708691	0.07704677	0.07674705	0.07694019	0.07678849	0.07711313	0.0	0.07682273	0.07719377	0.0
SRR6877393	2	dental calculus	0.077036664	0.07749385	0.0	0.07639018	0.07674636	0.07639018	0.07700682	0.0770954	0.07700165	0.07688349	0.07666764	0.07707318	0.0	0.07712763	0.07708698	0.0
SRR6877394	2	tooth	0.07735792	0.07735075	0.0	0.07638952	0.07729939	0.07638952	0.0773013	0.07661469	0.07638952	0.07714221	0.07661601	0.07734636	0.0	0.07638952	0.077413276	0.0
SRR6877395	2	dental calculus	0.077187814	0.0774325	0.0	0.07639004	0.077007584	0.07639004	0.07718202	0.077033915	0.07672289	0.077031784	0.0766059	0.077194646	0.0	0.076601796	0.07721906	0.0
SRR6877396	2	tooth	0.07735792	0.07735075	0.0	0.07638952	0.07729939	0.07638952	0.0773013	0.07661469	0.07638952	0.07714221	0.07661601	0.07734636	0.0	0.07638952	0.077413276	0.0
SRR6877397	2	dental calculus	0.07716592	0.077543095	0.0	0.07638995	0.07698167	0.07638995	0.07719715	0.0768827	0.07645334	0.076941244	0.07665074	0.07723031	0.0	0.076936014	0.077237904	0.0
SRR6877398	2	tooth	0.077252276	0.07743472	0.0	0.07640511	0.07709999	0.0763899	0.07721839	0.07685256	0.0763899	0.076981	0.076579176	0.077240504	0.0	0.07686932	0.07728717	0.0
SRR6877399	2	dental calculus	0.07709885	0.07746415	0.0	0.07640528	0.07685283	0.076390065	0.0771249	0.07715152	0.07646575	0.07692983	0.076720856	0.07717638	0.0	0.077093124	0.07712649	0.0
SRR6877400	2	tooth	0.077344045	0.07733626	0.0	0.07638953	0.07729939	0.07638953	0.077315055	0.07660019	0.07638953	0.07715719	0.07661602	0.07734637	0.0	0.07640362	0.07741328	0.0
SRR6877401	2	dental calculus	0.07709871	0.077480756	0.0	0.07639008	0.0768906	0.07639008	0.077113986	0.07708068	0.076441795	0.07696729	0.07684745	0.07715203	0.0	0.076970145	0.0771764	0.0
SRR6877402	2	tooth	0.0772841	0.07742012	0.0	0.0763897	0.07709923	0.0763897	0.07720579	0.077032454	0.07640199	0.077158555	0.076586805	0.07727261	0.0	0.07640379	0.07735516	0.0
SRR6877403	2	dental calculus	0.07695068	0.07736067	0.0	0.076405436	0.07674091	0.07639022	0.07700312	0.07715043	0.07674713	0.077040315	0.076849796	0.07703205	0.0	0.077276126	0.07705312	0.0
SRR7774469	2	midden	0.07698396	0.077155024	0.0	0.076433174	0.077182904	0.07723325	0.07707309	0.07698324	0.076390155	0.077153265	0.07686099	0.077156395	0.0	0.076390155	0.0770044	0.0
SRR7774470	2	midden	0.07698639	0.0770394	0.0	0.076417886	0.07727835	0.07734382	0.07701421	0.076905765	0.07639008	0.07727532	0.07687874	0.077140175	0.0	0.07639008	0.076939784	0.0
SRR7774471	2	midden	0.07697671	0.07705941	0.0	0.07640532	0.07729461	0.07734385	0.077077866	0.076895386	0.07642953	0.07712549	0.07694212	0.07718972	0.0	0.07639011	0.07686988	0.0
SRR7774472	2	midden	0.07664662	0.076907545	0.0	0.076997265	0.07698145	0.07734409	0.07670697	0.07697517	0.07699363	0.07699957	0.0774267	0.07681372	0.0	0.07660874	0.07659853	0.0
SRR7774473	2	midden	0.07655827	0.07680389	0.0	0.077353805	0.07690435	0.077343784	0.0766625	0.077128015	0.077032305	0.07695064	0.07755079	0.07663405	0.0	0.07654694	0.07653065	0.0
SRR7774474	2	midden	0.07689498	0.07699263	0.0	0.076541096	0.07718673	0.07734392	0.07696755	0.07720487	0.07639018	0.07721703	0.07699344	0.07704105	0.0	0.0764307	0.07679581	0.0
SRR7774475	2	midden	0.07717383	0.07734553	0.0	0.07706262	0.07698898	0.076401465	0.07709444	0.07687397	0.07641393	0.07734976	0.07660338	0.077028476	0.0	0.076389976	0.07727363	0.0
SRR7774476	2	midden	0.07683416	0.07687389	0.0	0.076857634	0.07728933	0.07734393	0.07685791	0.07682808	0.0764183	0.07701695	0.077464566	0.076987945	0.0	0.07654585	0.07668145	0.0
SRR7774477	2	midden	0.0769436	0.07703602	0.0	0.07643327	0.07714102	0.077314496	0.07695389	0.07715534	0.07642958	0.07715015	0.077100866	0.07712392	0.0	0.076390155	0.0768277	0.0
SRR7774478	2	midden	0.077301435	0.07737324	0.0	0.07651227	0.07729861	0.07640465	0.07729244	0.07663103	0.07638965	0.07711369	0.076616146	0.07734937	0.0	0.07638965	0.07732782	0.0
SRR7774479	2	midden	0.07683236	0.0769976	0.0	0.07725218	0.07710284	0.07734401	0.07678682	0.07710758	0.07641838	0.07702455	0.077006854	0.076939866	0.0	0.07639027	0.076796696	0.0
SRR8652706	2	lake sediment	0.0773579	0.07736304	0.0	0.07638951	0.07728779	0.07638951	0.077333316	0.076587066	0.07638951	0.0772181	0.07660374	0.07735107	0.0	0.07638951	0.07733994	0.0
SRR8652707	2	lake sediment	0.077344105	0.07729379	0.0	0.07638959	0.07731407	0.07644471	0.077345245	0.07663126	0.07638959	0.07714328	0.07661608	0.0773605	0.0	0.07638959	0.077338204	0.0
SRR8652708	2	lake sediment	0.077235356	0.077316694	0.0	0.07638971	0.077231765	0.07638971	0.077300325	0.07692136	0.07638971	0.07714215	0.07664337	0.077330574	0.0	0.07638971	0.07731957	0.0
SRR8652709	2	lake sediment	0.07735804	0.07727771	0.0	0.07638964	0.07729915	0.07638964	0.077282675	0.07685161	0.07638964	0.077127166	0.076586954	0.07734781	0.0	0.07638964	0.07731034	0.0
SRR8652710	2	lake sediment	0.07729733	0.07732166	0.0	0.07638965	0.07724385	0.07638965	0.07731247	0.07682657	0.07638965	0.07714209	0.076616146	0.07734578	0.0	0.07638965	0.0773355	0.0
SRR8652711	2	lake sediment	0.07734511	0.0773228	0.0	0.07638951	0.07734128	0.07638951	0.07734516	0.076587066	0.07638951	0.07715717	0.076616	0.07736042	0.0	0.07638951	0.07736695	0.0
SRR8652712	2	lake sediment	0.077345155	0.07730949	0.0	0.07638954	0.07732698	0.07638954	0.07733195	0.07664055	0.07638954	0.07715721	0.07661604	0.07736295	0.0	0.07638954	0.0773515	0.0
SRR8652713	2	lake sediment	0.077345274	0.07726452	0.0	0.07638967	0.07732495	0.07638967	0.07726909	0.076837845	0.07642909	0.07712918	0.076586984	0.07734872	0.0	0.07638967	0.07729535	0.0
SRR8652714	2	lake sediment	0.07728727	0.077235356	0.0	0.07651295	0.07733528	0.07644594	0.07721393	0.076952755	0.07638982	0.07708502	0.07658713	0.07733384	0.0	0.07638982	0.077230886	0.0
SRR8652715	2	lake sediment	0.07729741	0.07724868	0.0	0.076404944	0.07722744	0.07638973	0.077253595	0.07711907	0.07638973	0.07711205	0.07658704	0.07730304	0.0	0.07638973	0.07727754	0.0
SRR8652716	2	lake sediment	0.077249736	0.0772878	0.0	0.076389804	0.07720256	0.07644549	0.07725368	0.07712291	0.076389804	0.0771271	0.07664748	0.07731771	0.0	0.076389804	0.07717613	0.0
SRR8652717	2	lake sediment	0.07718294	0.07723033	0.0	0.07670021	0.07712022	0.07651498	0.077160046	0.07722532	0.07639006	0.07711197	0.07663322	0.077177055	0.0	0.07639006	0.077163585	0.0
SRR866660	4	bone	0.06272982	0.062724665	0.062222403	0.062222403	0.062711	0.062230747	0.06272525	0.062619016	0.062222403	0.06262838	0.06269296	0.06275297	0.06227924	0.062222403	0.062751785	0.062264554
SRR866662	4	bone	0.06271928	0.062733084	0.062222406	0.062222406	0.06272061	0.062222406	0.06271715	0.06259137	0.062222406	0.06261933	0.062718265	0.062763065	0.06227198	0.06223224	0.06273461	0.06228941
SRR866663	4	bone	0.06267277	0.062682495	0.062222496	0.06272715	0.0626955	0.062222496	0.06273869	0.062559284	0.06223048	0.06252222	0.06264101	0.06264539	0.062272064	0.062222496	0.06267253	0.06227294
SRR866665	4	bone	0.06271927	0.06274246	0.0622224	0.0622224	0.06273148	0.0622224	0.06271437	0.06260913	0.0622224	0.06260997	0.06270168	0.06276305	0.062279236	0.0622224	0.06274452	0.062272847
SRR866666	4	bone	0.06271927	0.06274085	0.0622224	0.0622224	0.062711	0.0622224	0.06273859	0.06260013	0.0622224	0.06261932	0.062721014	0.062749706	0.06227924	0.0622224	0.06273605	0.062272847
SRR867031	4	bone	0.06273831	0.06275156	0.062222384	0.062222384	0.06272254	0.062222384	0.0627352	0.06253106	0.062222384	0.062619306	0.062710926	0.06275263	0.062279224	0.062222384	0.062774494	0.06227283
SRR867032	4	bone	0.06273831	0.06275156	0.062222384	0.062222384	0.06272254	0.062222384	0.0627352	0.06253106	0.062222384	0.062619306	0.062710926	0.06275263	0.062279224	0.062222384	0.062774494	0.06227283
SRR867033	4	bone	0.06273831	0.06275156	0.062222384	0.062222384	0.06272254	0.062222384	0.0627352	0.06253106	0.062222384	0.062619306	0.062710926	0.06275263	0.062279224	0.062222384	0.062774494	0.06227283
SRR867034	4	bone	0.06273831	0.06275156	0.062222384	0.062222384	0.06272254	0.062222384	0.0627352	0.06253106	0.062222384	0.062619306	0.062710926	0.06275263	0.062279224	0.062222384	0.062774494	0.06227283
SRR867036	4	bone	0.06273831	0.06275156	0.062222384	0.062222384	0.06272254	0.062222384	0.0627352	0.06253106	0.062222384	0.062619306	0.062710926	0.06275263	0.062279224	0.062222384	0.062774494	0.06227283
SRR867037	4	bone	0.06273831	0.06275156	0.062222384	0.062222384	0.06272254	0.062222384	0.0627352	0.06253106	0.062222384	0.062619306	0.062710926	0.06275263	0.062279224	0.062222384	0.062774494	0.06227283
SRR867038	4	bone	0.06273831	0.06275156	0.062222384	0.062222384	0.06272254	0.062222384	0.0627352	0.06253106	0.062222384	0.062619306	0.062710926	0.06275263	0.062279224	0.062222384	0.062774494	0.06227283
SRR867039	4	bone	0.06273831	0.06275156	0.062222384	0.062222384	0.06272254	0.062222384	0.0627352	0.06253106	0.062222384	0.062619306	0.062710926	0.06275263	0.062279224	0.062222384	0.062774494	0.06227283
SRR8731955	1	palaeofaeces	0.071672216	0.071676865	0.07100657	0.07108502	0.07163836	0.07102148	0.07171547	0.07102637	0.0	0.071584836	0.0715797	0.07166323	0.07164413	0.0	0.07163343	0.07105233
SRR8731956	1	sediment	0.071732245	0.07168351	0.07100644	0.07100644	0.07174722	0.071021356	0.07152096	0.07100644	0.0	0.07142454	0.07169863	0.07169394	0.071674466	0.0	0.071766384	0.07101744
SRR8731957	1	palaeofaeces	0.071417995	0.07151958	0.07175124	0.07115098	0.07137608	0.071766295	0.071370855	0.07140026	0.0	0.07141985	0.07146252	0.071404055	0.07162593	0.0	0.071270436	0.07106391
SRR8731958	1	palaeofaeces	0.071723275	0.07174792	0.0710065	0.07101799	0.071662456	0.071021415	0.07153492	0.0710155	0.0	0.071521394	0.071589515	0.07172196	0.07165526	0.0	0.071729645	0.07105226
SRR8731959	1	sediment	0.071705684	0.071610205	0.07100645	0.07100645	0.07173505	0.07102136	0.071742244	0.07100645	0.0	0.07139784	0.07167174	0.071681306	0.071674466	0.0	0.07172332	0.07101744
SRR957738	3	dental calculus	0.06239886	0.062820576	0.06272986	0.062638	0.06240068	0.06223151	0.062503934	0.062532604	0.062330842	0.06262522	0.062442515	0.062453125	0.06231889	0.06267394	0.06258741	0.062312026
SRR957739	3	dental calculus	0.062433533	0.062847614	0.062729865	0.062377427	0.062357206	0.06223152	0.06251281	0.06257962	0.062602095	0.062605925	0.062466502	0.06253728	0.06234342	0.062407084	0.062656075	0.062312033
SRR957740	3	dental calculus	0.06259386	0.06291188	0.06223325	0.062411886	0.062540255	0.06223143	0.062629305	0.06259724	0.062282223	0.062655166	0.0625754	0.06263429	0.06235078	0.06231916	0.06271316	0.062320717
SRR957741	3	dental calculus	0.06254744	0.06290245	0.062233258	0.06237735	0.062535025	0.06223144	0.06262099	0.0625745	0.062282234	0.06269126	0.06254656	0.06264072	0.06235981	0.062451966	0.062722065	0.062282957
SRR957742	3	dental calculus	0.062500305	0.06290633	0.06272976	0.06225699	0.062481724	0.06223141	0.06260526	0.06260693	0.062256318	0.06266361	0.062517405	0.062587164	0.062342606	0.06231914	0.062721565	0.062273484
SRR957743	3	dental calculus	0.06257581	0.06286362	0.062222596	0.06241193	0.062498476	0.062231477	0.062591106	0.062588744	0.06260205	0.06257839	0.06252257	0.06262329	0.062342513	0.062311012	0.06272491	0.0623115
SRR957744	3	dental calculus	0.06248653	0.06282234	0.062233333	0.062638	0.062440183	0.06223151	0.06251559	0.06252968	0.062624834	0.06262482	0.0624789	0.062573425	0.062334705	0.062460247	0.06271298	0.062292926
SRR957745	3	dental calculus	0.06258467	0.06289006	0.062222574	0.062377367	0.06250256	0.06223146	0.06259109	0.06258762	0.06257601	0.062611066	0.0625313	0.062623784	0.062351514	0.062301055	0.062725	0.062292874
SRR957746	3	dental calculus	0.06252737	0.062840074	0.06223331	0.062637985	0.062472694	0.06223149	0.0625347	0.062546484	0.06265085	0.06256589	0.062497225	0.0625734	0.062334683	0.06231922	0.062729	0.06230562
