Run_accession	fold	y_true	p_gut	p_oral	p_plant tissue	p_skeletal tissue	p_soft tissue
ERR11413657	3	oral	2.3814887e-06	0.9995676	2.6138619e-06	0.00042620694	1.1426273e-06
ERR11413658	3	oral	9.0487924e-07	0.9999918	8.1336844e-07	4.4373687e-06	2.0698685e-06
ERR11413659	3	oral	1.1152282e-06	0.9999975	1.541681e-07	4.7997156e-07	7.3898264e-07
ERR11413660	3	oral	5.2240586e-07	0.9999974	1.5025546e-07	1.0178147e-06	9.5123187e-07
ERR11413661	3	oral	2.4542214e-07	0.9999988	7.5340516e-08	4.367453e-07	4.083271e-07
ERR11413662	3	oral	8.9553856e-07	0.99999696	1.6605023e-07	1.1039093e-06	8.911846e-07
ERR11413663	3	oral	5.597875e-07	0.9999977	2.9199862e-07	9.92378e-07	5.0059265e-07
ERR11413664	3	oral	0.00014701809	0.9394858	0.00018330922	0.059703805	0.0004800532
ERR11413665	3	oral	2.5523644e-07	0.9999992	8.611416e-08	1.9225743e-07	2.2115569e-07
ERR11413666	3	oral	3.1635494e-07	0.9999991	6.46706e-08	3.5161574e-07	1.8736894e-07
ERR11413667	3	oral	5.862885e-07	0.999998	2.013422e-07	5.069218e-07	7.1229465e-07
ERR11413668	3	oral	6.215362e-07	0.9999963	1.856071e-07	2.2895274e-06	5.7217096e-07
ERR11413669	3	oral	1.7562395e-06	0.99999523	3.355259e-07	1.1492232e-06	1.5467365e-06
ERR11413670	3	oral	6.2371923e-06	0.99996644	2.2427505e-06	2.0952595e-05	4.114615e-06
ERR11413671	3	oral	2.3192456e-06	0.9999953	3.3688013e-07	1.329818e-06	7.004823e-07
ERR11413672	3	oral	1.8891018e-07	0.99999917	8.232981e-08	2.228611e-07	3.1561805e-07
ERR11413673	3	oral	1.5356102e-07	0.99999917	7.953959e-08	3.4112796e-07	2.5675513e-07
ERR11413674	3	oral	1.9395068e-07	0.9999988	8.874223e-08	4.4798927e-07	4.7526206e-07
ERR11413675	3	oral	3.8147144e-07	0.9999981	1.3566874e-07	7.0220653e-07	7.0963955e-07
ERR11413676	3	oral	2.2913854e-07	0.9999988	8.974007e-08	2.6855454e-07	5.7487534e-07
ERR11413677	3	oral	3.4573597e-07	0.9999986	9.351687e-08	4.116102e-07	4.9368975e-07
ERR11413678	3	oral	4.6354958e-06	0.99976355	5.2490286e-06	0.00022435459	2.2209283e-06
ERR11413679	3	oral	4.4465133e-07	0.9999991	4.039941e-08	2.1242631e-07	1.8553071e-07
ERR11413680	3	oral	4.1481664e-07	0.9999983	1.2535901e-07	8.9366944e-07	3.1673363e-07
ERR11413681	3	oral	1.07803864e-07	0.99999374	5.436878e-08	6.0560305e-06	6.470217e-08
ERR11413682	3	oral	7.190078e-07	0.9999977	2.559446e-07	9.4134094e-07	3.955091e-07
ERR11413683	3	oral	1.3098056e-06	0.99999017	2.6613088e-07	7.750098e-06	4.9735576e-07
ERR11413684	3	oral	0.00015764691	0.5997438	0.00013902663	0.39989516	6.439755e-05
ERR11413685	3	oral	7.704886e-07	0.9999908	3.4807712e-07	7.544356e-06	5.0966963e-07
ERR11413686	3	oral	3.0623514e-07	0.9999983	9.8762506e-08	8.8285e-07	4.5378152e-07
ERR11413687	3	oral	1.2342267e-07	0.9999994	5.6452638e-08	1.5375115e-07	2.4351272e-07
ERR11413688	3	oral	7.3669407e-06	0.99928313	7.86832e-06	0.0006953631	6.2758522e-06
ERR11413689	3	oral	1.1967147e-06	0.9999934	3.4298657e-07	3.807343e-06	1.2633872e-06
ERR11413690	3	oral	1.7526845e-06	0.9999868	2.248835e-07	1.0784526e-05	4.290881e-07
ERR11413691	3	oral	3.3936942e-07	0.9999984	1.2829966e-07	9.221321e-07	2.0057529e-07
ERR11413692	3	oral	1.257268e-07	0.99999964	3.416384e-08	7.507468e-08	1.2504854e-07
ERR11413693	3	oral	5.3595604e-06	0.99999	2.9886849e-07	3.9624783e-06	3.9575497e-07
ERR11413694	3	oral	1.9028565e-07	0.9999992	7.241366e-08	3.1401058e-07	1.851694e-07
ERR11413695	3	oral	3.279749e-07	0.9999989	6.352993e-08	4.1174312e-07	2.4967392e-07
ERR11413696	3	oral	7.3957403e-07	0.9999855	1.4112602e-07	1.3437307e-05	1.8562464e-07
ERR11413697	3	oral	6.4302956e-05	0.9866636	7.914825e-05	0.013153797	3.918071e-05
ERR11413698	3	oral	0.0044790846	0.70154953	0.003762191	0.2877219	0.0024872827
ERR11413699	3	oral	3.377673e-06	0.99995065	6.389918e-07	4.4860648e-05	4.574882e-07
ERR11413700	3	oral	0.013141667	0.96607894	0.0015050785	0.01857448	0.00069981324
ERR11413701	3	oral	0.0020062139	0.604954	0.0026012636	0.3891272	0.0013113234
ERR11413702	3	oral	0.0521241	0.03658347	0.00064548827	0.91025764	0.0003892912
ERR11413703	3	oral	0.08485535	0.795718	0.0030369721	0.11460743	0.0017822665
ERR11413704	3	oral	1.4449716e-07	0.9999978	8.9720025e-08	1.8127104e-06	1.849399e-07
ERR11413705	3	oral	8.328421e-05	0.9981779	7.6270015e-05	0.0016064862	5.6082e-05
ERR11413706	3	oral	5.3935844e-07	0.99999756	1.8207028e-07	9.98466e-07	7.497464e-07
ERR11413707	3	oral	0.00026563831	0.99542016	0.0003310865	0.003821569	0.00016155791
ERR11413708	3	oral	0.00092919485	0.95764434	0.001218686	0.039653093	0.0005546986
ERR11413709	3	oral	0.004890111	0.7572708	0.0060582194	0.22861716	0.0031636977
ERR11413710	3	oral	7.3623545e-07	0.99999535	2.3652821e-07	2.1973913e-06	1.4992514e-06
ERR11413711	3	oral	1.4031966e-06	0.99978095	1.7645402e-07	0.00021715976	3.073738e-07
ERR11413712	3	oral	1.2655266e-07	0.9999992	4.600245e-08	2.893249e-07	2.8839642e-07
ERR11413713	3	oral	1.1312422e-07	0.99999934	4.7139856e-08	2.4333923e-07	2.4917554e-07
ERR11413714	3	oral	6.156537e-07	0.99999905	6.61494e-08	1.7602723e-07	1.0293674e-07
ERR11413715	3	oral	6.1176036e-07	0.9999982	6.782846e-08	9.969503e-07	1.3287413e-07
ERR11413716	3	oral	1.9396695e-07	0.9999992	4.8033872e-08	2.8860367e-07	2.218744e-07
ERR11413717	3	oral	9.709751e-07	0.99999815	6.487211e-08	2.1463227e-07	5.8038574e-07
ERR11413718	3	oral	2.9957465e-07	0.9999989	6.69232e-08	3.3842312e-07	3.6949424e-07
ERR11413719	3	oral	4.9208063e-07	0.99999833	7.6673906e-08	6.708328e-07	4.436104e-07
ERR11413720	3	oral	7.9862915e-08	0.9999976	3.0461358e-08	1.1841778e-07	2.1718831e-06
ERR11413721	3	oral	1.3229999e-06	0.9999952	4.2469625e-07	1.8412518e-06	1.2164486e-06
ERR11413722	3	oral	4.5486252e-07	0.9999987	1.03483856e-07	5.8603376e-07	1.9459128e-07
ERR11413723	3	oral	2.4578894e-06	0.99999696	5.6920655e-08	1.2022569e-07	4.1365593e-07
ERR11413724	3	oral	2.0944533e-07	0.99999815	7.051591e-08	1.357821e-06	2.3041946e-07
ERR11413725	3	oral	1.0107797e-06	0.99999714	3.2760693e-07	6.0811146e-07	9.19195e-07
ERR11413726	3	oral	2.8115116e-06	0.9953513	3.4983334e-06	0.004631862	1.051818e-05
ERR11413727	3	oral	4.5141223e-07	0.9999981	1.5667541e-07	1.1073865e-06	2.149399e-07
ERR11413728	3	oral	1.1321112e-07	0.9999997	3.1715757e-08	6.504237e-08	9.501031e-08
ERR11413729	3	oral	7.7986977e-07	0.9999977	1.4493517e-07	7.2602523e-07	6.874867e-07
ERR11413731	3	oral	1.238371e-06	0.999997	1.6770151e-07	4.7459727e-07	1.0967541e-06
ERR11413732	3	oral	8.1543953e-07	0.99999887	4.3063555e-08	8.181388e-08	1.7849925e-07
ERR11413733	3	oral	3.1347997e-07	0.9999986	5.988827e-08	7.836352e-07	1.9118579e-07
ERR11413734	3	oral	1.3314357e-07	0.99999934	5.2864213e-08	3.312571e-07	1.351933e-07
ERR11413735	3	oral	1.2694817e-07	0.9999977	8.760842e-08	1.6597019e-06	4.712091e-07
ERR11413736	3	oral	0.77035445	0.21591233	9.318196e-05	0.0134809995	0.00015905107
ERR11413737	3	oral	1.5751742e-06	0.99998844	1.1151343e-07	9.4892275e-06	4.156538e-07
ERR11413738	3	oral	4.6858568e-05	0.069120094	3.347371e-05	0.9306099	0.00018971888
ERR11413739	3	oral	5.5366086e-06	0.99992496	1.3688455e-06	6.663608e-05	1.4902063e-06
ERR11413740	3	oral	5.367877e-06	0.9999442	6.471579e-06	1.2139263e-05	3.1830474e-05
ERR11413741	3	oral	2.6258454e-06	0.99879783	3.0189324e-06	0.0011949503	1.5459201e-06
ERR11413742	3	oral	4.410492e-05	0.8374005	6.143773e-05	0.16246521	2.8738164e-05
ERR11413743	3	oral	7.1772433e-06	0.96802574	9.37839e-06	0.03195333	4.3800574e-06
ERR11413744	3	oral	2.3842573e-05	0.80932564	2.9233152e-05	0.19060707	1.4201033e-05
ERR11413745	3	oral	6.8581346e-07	0.99999833	2.1174199e-07	5.4331235e-07	2.4393643e-07
ERR11413746	3	oral	2.3468292e-06	0.99997914	1.504209e-06	1.5905316e-05	1.1227858e-06
ERR11413747	3	oral	3.5014764e-07	0.9999839	3.7219164e-07	1.4758084e-05	5.876407e-07
ERR11413748	3	oral	2.9058216e-07	0.9999975	4.1721694e-07	1.5523066e-06	2.4223465e-07
ERR11413749	3	oral	5.265014e-07	0.9999968	5.839641e-07	1.7061259e-06	4.2320525e-07
ERR11413750	3	oral	4.6502896e-06	0.9996947	6.3257576e-06	0.00029041767	3.930653e-06
ERR11413751	3	oral	2.1806666e-06	0.9995929	1.9867916e-06	0.00039924492	3.713358e-06
ERR11413752	3	oral	6.5957596e-07	0.99999756	2.4709226e-07	8.489242e-07	6.6873235e-07
ERR11413753	3	oral	4.5826232e-07	0.9999986	1.2235427e-07	4.2781278e-07	3.4324296e-07
ERR11413754	3	oral	8.098969e-06	0.9994987	9.405209e-07	0.0004907842	1.4486939e-06
ERR11413755	3	oral	2.209749e-06	0.999979	6.1216895e-07	1.5838252e-05	2.3263494e-06
ERR11413756	3	oral	1.4173222e-06	0.9999882	2.6001427e-07	9.454692e-06	6.9743345e-07
ERR11413757	3	oral	1.8602917e-06	0.9999845	3.339253e-07	1.1900871e-05	1.3848974e-06
ERR11413758	3	oral	1.2331685e-06	0.9999685	3.5314113e-07	2.8912718e-05	9.5332797e-07
ERR11413759	3	oral	5.174472e-07	0.9999953	1.5768144e-07	3.5149644e-06	5.160866e-07
ERR11656729	3	skeletal tissue	7.125643e-06	0.98815167	1.2443549e-05	0.011823368	5.3759945e-06
ERR11656730	3	skeletal tissue	9.4511215e-06	0.9162312	1.2461423e-05	0.08374159	5.2922046e-06
ERR11656731	3	skeletal tissue	3.60166e-05	0.4004784	4.6836518e-05	0.5994213	1.7438726e-05
ERR11656732	3	skeletal tissue	5.3117987e-05	0.9661025	7.317987e-05	0.033740714	3.0497671e-05
ERR11656733	3	skeletal tissue	5.3632044e-05	0.26873755	7.834743e-05	0.7310988	3.167549e-05
ERR11656734	3	skeletal tissue	6.789365e-05	0.7728057	8.304659e-05	0.22700995	3.3430257e-05
ERR11656735	3	skeletal tissue	2.6102964e-06	0.99156874	3.5199384e-06	0.008423794	1.3309871e-06
ERR11656736	3	skeletal tissue	1.6784175e-05	0.60121304	2.1011161e-05	0.39874083	8.359867e-06
ERR11656737	3	skeletal tissue	0.000100100035	0.7288542	0.00010306166	0.2709049	3.7756137e-05
ERR11656738	3	skeletal tissue	6.5545e-05	0.7260951	6.793547e-05	0.27372855	4.2885353e-05
ERR11656739	3	skeletal tissue	5.1558154e-06	0.9999272	6.4999003e-06	5.8350208e-05	2.757908e-06
ERR11656740	3	skeletal tissue	3.0914653e-05	0.931504	4.001798e-05	0.06840807	1.6993981e-05
ERR11656741	3	skeletal tissue	1.0941833e-05	0.99875456	1.4008598e-05	0.0012147669	5.7499788e-06
ERR11656742	3	skeletal tissue	1.8427858e-05	0.9998523	2.3484126e-05	9.583862e-05	9.9359495e-06
ERR11656743	3	skeletal tissue	5.5652574e-05	0.98420644	7.093113e-05	0.01563739	2.961019e-05
ERR11656744	3	skeletal tissue	3.676166e-05	0.29226476	4.8474423e-05	0.7076299	2.006185e-05
ERR11656745	3	skeletal tissue	9.9826875e-06	0.999532	1.2485991e-05	0.00044017864	5.355129e-06
ERR11656746	3	skeletal tissue	2.5982374e-05	0.82261133	3.4485667e-05	0.17731377	1.4449878e-05
ERR11656747	3	skeletal tissue	2.9730988e-06	0.9451801	3.9950364e-06	0.054811254	1.6651408e-06
ERR11656748	3	skeletal tissue	1.2586844e-05	0.99973124	1.6053356e-05	0.0002331535	6.9443804e-06
ERR11660399	2	oral	3.5031693e-08	0.9999996	4.1299362e-08	3.175351e-07	3.9468212e-08
ERR11660400	2	oral	3.893553e-08	0.99999803	4.4275385e-08	1.8355247e-06	4.2494214e-08
ERR11660401	2	oral	1.5158487e-07	0.99995303	1.5978164e-07	4.6474852e-05	2.0043805e-07
ERR11660402	2	oral	4.019242e-08	0.99999774	4.972576e-08	2.1302108e-06	4.7591797e-08
ERR11660403	2	oral	3.9723314e-08	0.9999994	4.8339878e-08	4.7100636e-07	4.6484253e-08
ERR11660404	2	oral	3.819636e-07	0.9999914	2.5165306e-07	7.70999e-06	2.4261428e-07
ERR11660405	2	oral	4.63771e-08	0.9999995	4.7722903e-08	3.1899e-07	4.5418826e-08
ERR11660406	2	oral	4.1994745e-08	0.99999917	4.5674568e-08	7.3237874e-07	4.3886057e-08
ERR11660407	2	oral	2.6060405e-07	0.99998957	2.1711088e-07	9.738112e-06	2.076789e-07
ERR11660408	2	oral	9.7771405e-08	0.9999991	4.7365845e-08	6.765203e-07	4.4799258e-08
ERR11660409	2	oral	1.0637826e-07	0.9999971	4.6417885e-08	2.7410472e-06	4.558074e-08
ERR11660410	2	oral	1.1315599e-06	0.99990374	9.4829153e-07	9.329453e-05	9.1688736e-07
ERR11660411	2	oral	1.09040144e-07	0.99999934	5.106932e-08	4.6378807e-07	4.964941e-08
ERR11660412	2	oral	9.680741e-08	0.99999905	4.669858e-08	7.6528335e-07	4.465703e-08
ERR11660413	2	oral	6.5576884e-08	0.9999981	1.1970238e-07	1.581213e-06	1.14455005e-07
ERR11660414	2	oral	4.706891e-08	0.9999995	5.33563e-08	3.0291028e-07	5.1187996e-08
ERR11660415	2	oral	3.6202664e-08	0.99999976	4.448536e-08	1.2034153e-07	4.2565272e-08
ERR11660416	2	oral	1.1173404e-07	0.9999913	8.345603e-08	8.453318e-06	7.945487e-08
ERR11660417	2	oral	8.140484e-08	0.99999934	3.6271516e-08	4.8136826e-07	3.483544e-08
ERR11660418	2	oral	1.0269518e-07	0.99999964	4.6379338e-08	1.5866593e-07	4.4306642e-08
ERR11660419	2	oral	2.1403024e-07	0.99999714	2.33223e-07	2.1965543e-06	2.2400991e-07
ERR11660420	2	oral	9.4643255e-08	0.99999964	4.480003e-08	1.7205508e-07	4.3337366e-08
ERR11660421	2	oral	3.6145437e-08	0.99999934	4.3188997e-08	5.352616e-07	4.148969e-08
ERR11660422	2	oral	3.217899e-07	0.9999941	2.5782538e-07	5.068984e-06	2.6726286e-07
ERR11660423	2	oral	3.2604945e-08	0.99999964	3.802984e-08	2.292602e-07	3.6489475e-08
ERR11660424	2	oral	3.747446e-08	0.99999946	3.852035e-08	4.2773394e-07	3.7019124e-08
ERR11660425	2	oral	3.235164e-07	0.9999707	2.1515562e-07	2.8591836e-05	2.052263e-07
ERR11660426	2	oral	5.7071812e-08	0.99999934	4.964972e-08	5.2340175e-07	4.7454762e-08
ERR11660427	2	oral	5.3736184e-08	0.9999991	4.8215014e-08	7.51015e-07	4.620063e-08
ERR11660428	2	oral	1.626562e-07	0.9999915	2.854361e-07	7.777629e-06	2.7399938e-07
ERR11660429	2	oral	1.1520147e-05	0.9998583	2.1348704e-05	8.834627e-05	2.0440924e-05
ERR11660430	2	oral	5.5060864e-05	0.040173244	0.00010627943	0.95956206	0.00010338088
ERR11660431	2	oral	0.0002369788	0.93241125	0.0004385941	0.066487946	0.00042520193
ERR11660432	2	oral	0.00022971146	0.3645139	0.00043039053	0.6344134	0.0004125365
ERR11660433	2	oral	2.4927465e-06	9.5092786e-05	4.9639048e-06	0.99989337	4.0771083e-06
ERR11660434	2	oral	5.595123e-05	0.07119947	9.506312e-05	0.92855763	9.18594e-05
ERR11660435	2	oral	1.09778575e-05	0.00011625725	2.1586986e-05	0.9998333	1.7863067e-05
ERR11660436	2	oral	0.00059536385	0.28454617	0.0010007789	0.71288705	0.0009706172
ERR11660437	2	oral	2.019726e-05	0.00020619095	3.968957e-05	0.99970114	3.2762942e-05
ERR11660438	2	oral	3.3307517e-06	0.99996555	4.2208753e-06	2.1515767e-05	5.3730887e-06
ERR11660439	2	oral	1.4686807e-05	0.9989301	1.7096256e-05	0.0010177575	2.0375768e-05
ERR11660440	2	oral	1.838729e-06	0.99991584	2.106643e-06	7.799712e-05	2.234256e-06
ERR11660441	2	oral	5.62394e-06	0.99990606	6.3068737e-06	7.545498e-05	6.5666227e-06
ERR11660442	2	oral	1.4338775e-05	0.9996899	1.6056088e-05	0.00026312022	1.6619328e-05
ERR11660443	2	oral	2.109314e-05	0.99736893	2.4179262e-05	0.0024861959	9.960313e-05
ERR11660444	2	oral	3.55809e-06	0.9998824	4.1405788e-06	0.00010462041	5.277413e-06
ERR11660445	2	oral	4.4513085e-06	0.9997333	8.945803e-06	0.00024490568	8.391034e-06
ERR11660446	2	oral	0.00011543493	0.99912137	5.109304e-05	0.00043273537	0.00027938955
ERR11660447	2	oral	6.0676502e-06	0.9978885	6.8580925e-06	0.0020918648	6.72375e-06
ERR11660448	2	oral	3.086761e-06	0.99983376	3.9683973e-06	0.00015450329	4.6760397e-06
ERR11660449	2	oral	2.4655867e-05	0.9994864	3.0620315e-05	0.00032254003	0.00013580295
ERR11660450	2	oral	4.827614e-06	0.9997386	6.1224696e-06	0.00024314369	7.3294564e-06
ERR11660451	2	oral	2.5578958e-05	0.00010874871	5.0240786e-05	0.9997737	4.1776806e-05
ERR11660452	2	oral	0.0011290469	0.017789822	0.0019280452	0.9773134	0.001839702
ERR11660453	2	oral	3.5420875e-05	0.0026725347	7.105967e-05	0.9971628	5.815503e-05
ERR11660454	2	oral	0.00035011832	0.023551065	0.00059938314	0.9749282	0.00057123567
ERR11660455	2	oral	1.2016041e-05	1.9503575e-05	2.4051264e-05	0.9999248	1.9667887e-05
ERR11660456	2	oral	4.588542e-08	0.99999917	4.307064e-08	6.932037e-07	5.5824714e-08
ERR11660457	2	oral	9.870773e-08	0.9999986	1.312277e-07	9.047757e-07	2.1736138e-07
ERR11660458	2	oral	4.1738762e-08	0.9999994	3.6557708e-08	3.8888516e-07	1.2058146e-07
ERR11660459	2	oral	6.4552914e-08	0.9999954	1.0161841e-07	3.9890574e-06	4.0565058e-07
ERR11660460	2	oral	1.3674692e-05	8.6479624e-05	2.7581518e-05	0.9998498	2.2481476e-05
ERR11660461	2	oral	1.0852101e-07	0.9999994	4.6909467e-08	3.799323e-07	4.8628568e-08
ERR11660462	2	oral	7.062771e-08	0.99999964	3.3753494e-08	2.2005942e-07	5.702045e-08
ERR11660463	2	oral	1.3675654e-07	0.99999934	4.519996e-08	4.2391736e-07	7.38604e-08
ERR11660464	2	oral	7.8196834e-08	0.9999996	3.5416814e-08	2.4350615e-07	3.650797e-08
ERR11660465	2	oral	2.7038768e-08	0.9999997	3.352977e-08	1.6493584e-07	5.2999987e-08
ERR11660466	2	oral	1.5669717e-07	0.9999995	3.7204494e-08	2.3380447e-07	3.571827e-08
ERR12115113	4	oral	6.2886613e-07	0.99999917	3.689032e-08	6.9098604e-08	8.530751e-08
ERR12115114	4	oral	5.0349668e-06	0.9999362	9.2167136e-07	5.623623e-05	1.6124303e-06
ERR12115115	4	oral	1.8326419e-06	0.9999941	3.370542e-07	3.3103115e-06	4.0398302e-07
ERR12115116	4	oral	2.1831229e-05	0.9999666	6.224136e-07	9.630401e-06	1.3192845e-06
ERR14057409	2	gut	1.0033904e-05	0.9998897	1.82311e-05	6.068113e-06	7.597297e-05
ERR14057410	2	gut	6.5032327e-06	0.9999476	3.361726e-05	2.650581e-06	9.60451e-06
ERR14057411	2	gut	6.3205343e-06	0.60864085	0.39134812	9.973096e-07	3.74186e-06
ERR14057412	2	gut	7.943863e-06	0.99690026	0.0030859066	6.1979694e-07	5.266705e-06
ERR14057413	2	gut	1.2533829e-07	0.99999964	3.3447424e-08	6.512395e-08	1.10427095e-07
ERR14057414	2	gut	1.281819e-07	0.9999997	3.20737e-08	4.501206e-08	9.603751e-08
ERR14057415	2	gut	7.31387e-07	0.99999905	4.1363553e-08	8.0634834e-08	1.2382252e-07
ERR14057416	2	gut	3.435814e-07	0.99999934	3.4304936e-08	1.3948839e-07	1.102708e-07
ERR14100444	2	gut	1.0033904e-05	0.9998897	1.82311e-05	6.068113e-06	7.597297e-05
ERR14100445	2	gut	6.5032327e-06	0.9999476	3.361726e-05	2.650581e-06	9.60451e-06
ERR14100446	2	gut	6.3205343e-06	0.60864085	0.39134812	9.973096e-07	3.74186e-06
ERR14100447	2	gut	7.943863e-06	0.99690026	0.0030859066	6.1979694e-07	5.266705e-06
ERR14100448	2	gut	1.2533829e-07	0.99999964	3.3447424e-08	6.512395e-08	1.10427095e-07
ERR14100449	2	gut	1.281819e-07	0.9999997	3.20737e-08	4.501206e-08	9.603751e-08
ERR14100450	2	gut	7.31387e-07	0.99999905	4.1363553e-08	8.0634834e-08	1.2382252e-07
ERR14100451	2	gut	3.435814e-07	0.99999934	3.4304936e-08	1.3948839e-07	1.102708e-07
ERR1777519	4	skeletal tissue	4.667945e-06	0.003144747	7.127455e-06	0.99684066	2.8066868e-06
ERR1777520	4	skeletal tissue	5.6820513e-06	0.99995005	1.0214767e-05	3.0108273e-05	3.917682e-06
ERR1777521	4	skeletal tissue	2.7940065e-05	0.86782986	4.9625705e-05	0.13207419	1.8415363e-05
ERR1777522	4	skeletal tissue	7.965044e-06	0.00023310096	8.472891e-06	0.9997447	5.7538336e-06
ERR1777523	4	skeletal tissue	0.00011567865	0.059776276	0.00011274277	0.9399447	5.062468e-05
ERR1777524	4	skeletal tissue	1.207155e-05	0.00041594022	1.2193171e-05	0.9995515	8.31712e-06
ERR1777525	4	skeletal tissue	3.8680105e-06	0.00021076233	5.8298597e-06	0.99977714	2.4245267e-06
ERR1777526	4	skeletal tissue	7.678582e-06	0.011348491	1.0971661e-05	0.9886281	4.7569492e-06
ERR1777527	4	skeletal tissue	1.0858598e-06	7.755235e-06	7.248729e-07	0.99998987	5.3771504e-07
ERR1777528	4	skeletal tissue	5.57488e-06	0.00033803866	8.689608e-06	0.99964106	6.636206e-06
ERR1777529	4	skeletal tissue	9.940836e-07	0.00012131227	1.5417983e-06	0.9998754	7.124197e-07
ERR1777530	4	skeletal tissue	3.5135488e-06	0.0003617412	5.2521495e-06	0.99962693	2.578639e-06
ERR1777531	4	skeletal tissue	3.5663434e-06	0.00037828513	5.492678e-06	0.99961036	2.314946e-06
ERR1777532	4	skeletal tissue	4.0685107e-05	0.010203399	3.1936623e-05	0.9897094	1.4590607e-05
ERR1777533	4	skeletal tissue	8.361787e-06	0.004198419	5.9533036e-06	0.9957844	2.8371987e-06
ERR1777534	4	skeletal tissue	9.944136e-06	0.0016917682	1.3621828e-05	0.9982794	5.263471e-06
ERR1777535	4	skeletal tissue	8.7445744e-07	0.0019741012	1.4895828e-06	0.998023	5.7804004e-07
ERR1777536	4	skeletal tissue	2.9254714e-05	0.00047836624	2.1657188e-05	0.9994602	1.0514139e-05
ERR1777537	4	skeletal tissue	0.00048404728	0.57187897	0.0003438842	0.42715904	0.00013406841
ERR1777538	4	skeletal tissue	4.595717e-05	0.09645011	8.1897284e-05	0.9033831	3.8936585e-05
ERR1777539	4	skeletal tissue	3.5698715e-06	0.00033173698	5.4661846e-06	0.9996569	2.2876443e-06
ERR1777540	4	skeletal tissue	6.568853e-06	0.00021860102	7.1037275e-06	0.99976295	4.745246e-06
ERR1777541	4	skeletal tissue	5.473385e-05	0.016329847	5.265206e-05	0.9835377	2.5077636e-05
ERR1777542	4	skeletal tissue	0.0004325577	0.001827975	0.00017515963	0.99728006	0.00028426386
ERR1777543	4	skeletal tissue	4.515952e-06	0.00013357688	6.383402e-06	0.9998511	4.3937416e-06
ERR1777544	4	skeletal tissue	9.928171e-06	0.999655	1.7608709e-05	0.00031057425	6.8553495e-06
ERR1777545	4	skeletal tissue	4.825265e-07	3.4206257e-06	4.794216e-07	0.9999954	2.073447e-07
ERR1777546	4	skeletal tissue	2.9346185e-07	1.1675024e-05	4.4141044e-07	0.9999873	3.07376e-07
ERR1777547	4	skeletal tissue	0.00030004702	0.9001883	0.00016250514	0.0992757	7.34125e-05
ERR1777548	4	skeletal tissue	1.0358127e-06	2.7247044e-05	1.5725525e-06	0.99996907	1.0607479e-06
ERR1777549	4	skeletal tissue	3.6997017e-06	0.002131803	5.671021e-06	0.99785495	3.8953635e-06
ERR1777550	4	skeletal tissue	1.5460486e-07	6.009825e-06	2.3237014e-07	0.99999344	1.6132566e-07
ERR1777551	4	skeletal tissue	3.727878e-06	0.0004344212	5.051039e-06	0.99955213	4.6681166e-06
ERR1777552	4	skeletal tissue	1.8326779e-06	0.0001993462	2.7843278e-06	0.99979484	1.1871589e-06
ERR1777553	4	skeletal tissue	1.3639349e-06	8.104895e-06	1.8600182e-06	0.99998736	1.2947623e-06
ERR1777554	4	skeletal tissue	3.5193043e-06	0.0002725132	5.302116e-06	0.99971646	2.2101094e-06
ERR1777555	4	skeletal tissue	5.18718e-05	0.07129004	3.205808e-05	0.92859524	3.07893e-05
ERR1777556	4	skeletal tissue	9.2206045e-07	3.7082304e-05	1.3563605e-06	0.9999597	9.220489e-07
ERR1777557	4	skeletal tissue	1.212889e-05	0.0003528721	1.9004885e-05	0.99960065	1.535345e-05
ERR1777558	4	skeletal tissue	4.238139e-06	0.00021217651	6.3871357e-06	0.9997726	4.5802035e-06
ERR1777559	4	skeletal tissue	0.0008638787	0.79173046	0.0011943317	0.2054681	0.0007432159
ERR1777560	4	skeletal tissue	1.8288937e-06	8.9329376e-05	2.7543967e-06	0.9999042	1.8724288e-06
ERR1777561	4	skeletal tissue	5.0214505e-05	0.014371418	6.973571e-05	0.9854424	6.624452e-05
ERR1777562	4	skeletal tissue	4.059042e-06	0.00022480506	6.1131013e-06	0.99976087	4.155664e-06
ERR1777563	4	skeletal tissue	1.5514884e-06	0.00020897773	1.1150089e-06	0.9997876	7.3506254e-07
ERR1777564	4	skeletal tissue	3.3649812e-06	0.00016128628	5.035428e-06	0.9998269	3.4225434e-06
ERR1777565	4	skeletal tissue	4.5878127e-07	5.927339e-06	7.0353826e-07	0.9999923	5.9155144e-07
ERR1777566	4	skeletal tissue	2.1076492e-06	0.00023581763	3.2020828e-06	0.9997575	1.3652808e-06
ERR1777567	4	skeletal tissue	3.1830907e-05	0.0009933524	4.9802507e-05	0.99886185	6.3175336e-05
ERR1777568	4	skeletal tissue	1.0036207e-06	4.061286e-05	1.5242457e-06	0.99995583	1.0188735e-06
ERR1777569	4	skeletal tissue	1.03125195e-07	0.9999992	9.787081e-08	2.4389726e-07	3.4135283e-07
ERR2269773	2	plant tissue	7.294901e-05	0.99845165	0.001278689	4.0040322e-05	0.00015669112
ERR2269775	2	plant tissue	0.60411865	0.38776726	0.0072828196	0.00021481588	0.0006164411
ERR2269776	2	plant tissue	0.0001144678	0.99755406	0.0020994109	6.0329e-05	0.00017174879
ERR2269777	2	plant tissue	1.14610375e-05	0.9998342	0.00012864493	6.4274986e-06	1.9260095e-05
ERR2269778	2	plant tissue	0.0011548225	0.92665094	0.069779456	0.00069390424	0.0017208743
ERR2269779	2	plant tissue	0.0001555692	0.98961693	0.009881239	0.000113874325	0.00023239048
ERR2269780	2	plant tissue	0.0007879083	0.95048344	0.04700916	0.00054537685	0.0011741249
ERR2269781	2	plant tissue	0.00013239917	0.9915734	0.008016369	7.901964e-05	0.00019878962
ERR2269782	2	plant tissue	1.4822979e-06	0.25472945	0.0022131621	8.045831e-07	0.7430551
ERR2269783	2	plant tissue	9.924316e-06	0.99981225	0.00015900364	4.202265e-06	1.4650047e-05
ERR2269784	2	plant tissue	0.0018158722	0.9631974	0.019907102	0.0007048111	0.014374795
ERR2269785	2	plant tissue	1.1375307e-05	0.99978405	0.00018261754	4.9540854e-06	1.702264e-05
ERR2269786	2	plant tissue	5.8565653e-05	0.9988387	0.0009898142	2.521284e-05	8.770962e-05
ERR2269787	2	plant tissue	5.9227937e-06	0.9998686	0.000108369306	3.7331274e-06	1.3431709e-05
ERR2269788	2	plant tissue	5.9744532e-05	0.99555415	0.0037961793	3.3791068e-05	0.0005561175
ERR2269789	2	plant tissue	6.609062e-05	0.9957716	0.0040039252	2.8441596e-05	0.00012993049
ERR2269790	2	plant tissue	3.8690578e-05	0.99983555	5.351562e-05	2.8766892e-05	4.348623e-05
ERR2269791	2	plant tissue	0.00011678825	0.992523	0.0071289595	5.6023928e-05	0.00017519084
ERR2269792	2	plant tissue	1.3218385e-05	0.99863005	0.0013330538	5.3377557e-06	1.8356806e-05
ERR2269793	2	plant tissue	2.0849673e-05	0.9995857	0.00035315639	9.083706e-06	3.123881e-05
ERR2269794	2	plant tissue	4.0647436e-05	0.10297948	0.8968067	6.658145e-05	0.00010655
ERR2269795	2	plant tissue	1.6370628e-05	0.9996918	0.00025935002	7.96911e-06	2.4508297e-05
ERR2269796	2	plant tissue	0.000118440636	0.02113416	0.011803189	5.5691435e-05	0.96688855
ERR2269797	2	plant tissue	1.1473744e-05	0.9997723	0.00019403019	4.999935e-06	1.7182361e-05
ERR2269798	2	plant tissue	0.00038565815	0.5344469	0.4643338	0.0003828683	0.0004507856
ERR2269799	2	plant tissue	0.20970112	0.51280564	0.27553904	0.00022467414	0.001729513
ERR2269800	2	plant tissue	5.707383e-05	0.9237598	0.07606272	4.6197376e-05	7.417656e-05
ERR2269801	2	plant tissue	0.00016167824	0.7982775	0.20091587	0.00037458228	0.0002703749
ERR2269802	2	plant tissue	0.00037552102	0.8981142	0.1011225	7.005961e-05	0.00031773275
ERR2269803	2	plant tissue	0.00049489754	0.8913326	0.10657384	0.0005125725	0.0010860402
ERR2269804	2	plant tissue	1.4588163e-05	0.99991924	3.214566e-05	8.513381e-06	2.5498819e-05
ERR2269805	2	plant tissue	1.7057564e-05	0.9996609	0.00028816934	8.303507e-06	2.5556437e-05
ERR3579671	0	oral	9.1441694e-07	0.99999416	7.1845676e-07	3.7928264e-06	3.9286564e-07
ERR3579672	0	oral	3.833611e-07	0.9999975	1.4931001e-07	1.7705358e-06	1.9100054e-07
ERR3579673	0	oral	1.32409305e-05	0.9999717	4.9323995e-07	1.3899181e-05	7.045728e-07
ERR3579674	0	oral	8.342682e-07	0.9999946	1.4862003e-07	4.3144087e-06	1.12731335e-07
ERR3579675	0	oral	5.916851e-06	0.99998873	1.9375784e-07	4.4219723e-06	7.4834185e-07
ERR3579676	0	oral	3.210681e-05	0.99989337	6.4437627e-06	5.5983222e-05	1.2102695e-05
ERR3579677	0	oral	1.6512055e-06	0.9999786	3.4968224e-07	1.909892e-05	2.9866058e-07
ERR3579678	0	oral	1.0865525e-06	0.9999782	4.924351e-07	1.9478235e-05	7.5136757e-07
ERR3579680	0	oral	2.039132e-05	0.9999655	2.2373139e-07	2.049518e-06	1.1831701e-05
ERR3579681	0	oral	1.3899198e-05	0.9995686	1.0118678e-06	0.00041343397	3.0739066e-06
ERR3579682	0	oral	0.0011887236	0.92877394	6.50049e-05	0.069847874	0.00012443044
ERR3579683	0	oral	1.4654164e-06	0.99998933	2.312548e-07	7.369654e-07	8.2329325e-06
ERR3579685	0	oral	1.1750027e-07	0.9999991	5.4063616e-08	6.4656484e-07	6.95686e-08
ERR3579687	0	oral	1.5635234e-05	0.9999803	8.4764383e-07	1.7819042e-06	1.4875818e-06
ERR3579688	0	oral	3.0962354e-07	0.9999969	4.557271e-08	2.692238e-06	5.059226e-08
ERR3579699	0	oral	1.4467129e-07	0.99998116	4.698916e-08	1.7712375e-07	1.8462693e-05
ERR3579700	0	oral	8.599664e-07	0.99999803	7.952861e-08	5.9764824e-07	4.211438e-07
ERR3579701	0	oral	2.789176e-06	0.99999565	1.340935e-07	7.4663575e-07	6.7398315e-07
ERR3579702	0	oral	1.9532777e-06	0.99999	2.703578e-07	7.3555957e-06	4.6311655e-07
ERR3579703	0	oral	2.6012503e-06	0.9999917	4.6743907e-07	3.5818196e-06	1.6188699e-06
ERR3579704	0	oral	0.0063655074	0.50730485	0.00018749466	0.48603907	0.00010307388
ERR3579705	0	oral	3.601345e-06	0.9999731	1.6245715e-05	6.1902015e-06	8.291851e-07
ERR3579706	0	oral	4.6874032e-07	0.99998224	2.5566335e-06	1.3957393e-05	7.6319503e-07
ERR3579707	0	oral	9.6940866e-08	0.9999996	1.7045355e-08	2.1429217e-07	7.069756e-08
ERR3579708	0	oral	2.2206021e-07	0.9999987	5.0979796e-08	4.922369e-07	5.625026e-07
ERR3579709	0	oral	1.046625e-06	0.99999046	3.7368952e-07	5.248456e-06	2.8435927e-06
ERR3579710	0	oral	3.0123035e-06	0.99999267	4.1880703e-08	2.042288e-07	4.077214e-06
ERR3579711	0	oral	5.325885e-07	0.99999845	5.6563273e-08	7.0488034e-07	2.4419444e-07
ERR3579712	0	oral	6.1989454e-08	0.9999996	2.4149314e-08	2.5414812e-07	5.6539577e-08
ERR3579713	0	oral	1.691546e-07	0.9999993	4.0452452e-08	2.7125736e-07	2.2796378e-07
ERR3579714	0	oral	6.4891543e-07	0.999998	7.497084e-08	8.0191e-07	4.9474755e-07
ERR3579715	0	oral	2.7810877e-06	0.9999961	7.410287e-08	7.9217955e-07	2.3026675e-07
ERR3579716	0	oral	3.0739154e-06	0.99999607	3.9527013e-08	7.660315e-07	7.869047e-08
ERR3579719	0	oral	2.9183188e-05	0.99995685	6.1377625e-07	1.2766862e-05	5.8638415e-07
ERR3579720	0	oral	0.022669649	0.8253773	0.0059891464	0.14230068	0.0036632614
ERR3579721	0	oral	7.5353074e-07	0.9999985	8.745505e-08	4.7204352e-07	1.6690274e-07
ERR3579722	0	oral	9.592761e-07	0.9999895	3.500678e-08	9.16172e-08	9.389473e-06
ERR3579723	0	oral	6.500432e-07	0.9999955	4.5854808e-08	2.3847967e-06	1.4173256e-06
ERR3579726	0	oral	1.640881e-06	0.9999918	3.445462e-07	2.7167994e-06	3.5430392e-06
ERR3579727	0	oral	1.8498581e-06	0.99999523	2.1486991e-07	1.5207096e-06	1.2029744e-06
ERR3579728	0	oral	4.2903616e-07	0.99999934	4.089535e-08	1.4825439e-07	6.1783794e-08
ERR3579729	0	oral	2.0765667e-06	0.9999887	2.459102e-07	8.387856e-06	5.8572556e-07
ERR3579730	0	oral	1.1504005e-07	0.9999993	1.6924446e-08	4.820851e-07	7.5081964e-08
ERR3579731	0	oral	3.4692791e-06	0.9999552	1.6717645e-07	4.098568e-05	1.8999481e-07
ERR3579732	0	oral	5.1660278e-05	0.9991917	1.5061695e-06	0.0007200296	3.5101955e-05
ERR3579733	0	oral	5.076216e-08	0.9999993	3.348872e-08	5.699101e-07	6.055247e-08
ERR3579734	0	oral	4.7731955e-05	0.96906674	1.793293e-05	0.030840224	2.7352788e-05
ERR3579735	0	oral	3.818521e-08	0.99999964	1.9637238e-08	1.7901839e-07	1.0476983e-07
ERR3579738	0	oral	1.0758671e-06	0.99999774	8.722472e-08	5.7276617e-07	5.407037e-07
ERR3579740	0	oral	5.841751e-07	0.9999978	3.0396524e-08	5.922239e-07	9.735568e-07
ERR3579741	0	oral	2.3931815e-07	0.999999	2.6514135e-08	5.3929546e-07	1.7858396e-07
ERR3579742	0	oral	9.269024e-08	0.99999976	1.6568388e-08	6.1461634e-08	6.0089306e-08
ERR3579743	0	oral	4.3315165e-08	0.9999988	5.6892414e-08	1.0523634e-06	4.303595e-08
ERR3579744	0	oral	1.9616536e-07	0.99999875	3.6819607e-08	9.755812e-07	4.002132e-08
ERR3579745	0	oral	5.9904164e-06	0.99998534	2.2226786e-06	5.9350764e-06	5.0036255e-07
ERR3579746	0	oral	5.1866878e-06	0.9999856	1.6318403e-07	7.4440345e-06	1.6523588e-06
ERR3579747	0	oral	1.1683235e-05	0.9999602	2.0416822e-07	2.740682e-05	5.4697966e-07
ERR3579748	0	oral	6.265841e-05	0.9975139	7.833903e-07	0.002419771	2.905135e-06
ERR3579749	0	oral	8.03571e-05	0.9998179	6.742293e-07	4.9084963e-05	5.198654e-05
ERR3579750	0	oral	1.3720726e-05	0.99995697	1.1493296e-06	4.8609027e-06	2.3293698e-05
ERR3579751	0	oral	2.9448847e-05	0.99992186	1.2515254e-06	2.9087636e-05	1.8350785e-05
ERR3579752	0	oral	1.4725754e-07	0.99998903	5.1833823e-08	1.070547e-05	5.1052922e-08
ERR3579753	0	oral	1.3204067e-07	0.99999875	2.223697e-08	1.0300333e-06	3.8622154e-08
ERR3579754	0	oral	0.0003729463	0.068307124	0.8189097	0.11229075	0.000119491684
ERR3579755	0	oral	6.9418695e-07	0.99999756	4.6434437e-08	1.0911078e-06	6.213227e-07
ERR3579756	0	oral	2.5750063e-07	0.99999535	5.993184e-08	3.938052e-06	3.708867e-07
ERR3579757	0	oral	9.487688e-06	0.99998826	5.821267e-08	1.5882756e-06	6.229871e-07
ERR3579758	0	oral	5.8301805e-07	0.99999917	3.786794e-08	1.4897915e-07	9.077476e-08
ERR3579759	0	oral	2.54347e-06	0.9999771	1.2348822e-07	1.9959916e-05	2.4829302e-07
ERR3579760	0	oral	8.552573e-07	0.9999961	9.4403966e-08	2.469446e-06	4.3095173e-07
ERR3579761	0	oral	8.331471e-07	0.99999756	9.712923e-08	1.2095165e-06	2.8480656e-07
ERR3579762	0	oral	3.0784966e-07	0.9999991	3.8872994e-08	2.3642328e-07	2.9280528e-07
ERR3579763	0	oral	7.992215e-06	0.99985594	5.647998e-07	0.0001255123	1.0009451e-05
ERR3579764	0	oral	4.958522e-07	0.99999845	6.616262e-08	6.328008e-07	3.273787e-07
ERR3579765	0	oral	8.0351165e-06	0.9998414	6.9584403e-06	6.415621e-05	7.946592e-05
ERR3579766	0	oral	2.4502825e-07	0.9999992	3.5955043e-08	3.7254105e-07	1.348456e-07
ERR3579767	0	oral	1.1267592e-06	0.99999815	5.994262e-08	4.6185133e-07	2.0921401e-07
ERR3579768	0	oral	7.2190774e-06	0.9999871	5.391844e-07	3.5030446e-06	1.5871013e-06
ERR3579774	0	oral	9.2788426e-08	0.9999997	1.59066e-08	1.1517343e-07	6.489087e-08
ERR3579775	0	oral	1.0084942e-06	0.99999774	1.1233297e-07	6.464674e-07	4.777559e-07
ERR3579776	0	oral	8.920632e-06	0.9999894	7.107362e-08	1.3367303e-06	2.9518122e-07
ERR3579777	0	oral	5.887347e-05	0.99993694	4.4196352e-07	2.9736666e-06	7.4398633e-07
ERR3579779	0	oral	1.7803642e-07	0.9999994	3.4370448e-08	3.2138198e-07	6.371185e-08
ERR3579781	0	oral	1.0354063e-06	0.9999979	4.5197717e-07	5.445383e-07	6.7686464e-08
ERR3579782	0	oral	5.242371e-07	0.99994624	5.168818e-05	3.8385267e-07	1.176462e-06
ERR3579783	0	oral	1.7052516e-05	0.9996277	0.0001846769	8.63951e-05	8.4187384e-05
ERR3579784	0	oral	2.8185258e-07	0.9999744	7.054252e-08	2.502016e-05	1.9049274e-07
ERR3579785	0	oral	6.004375e-07	0.99999803	5.047915e-08	1.2417938e-06	1.01016624e-07
ERR3579786	0	oral	4.623969e-06	0.99998623	1.7955831e-07	8.480941e-06	4.8766833e-07
ERR3579787	0	oral	1.6184144e-07	0.9999994	2.5205859e-08	3.2490368e-07	7.067667e-08
ERR3579788	0	oral	7.864214e-06	0.999958	8.7316107e-07	3.0482925e-05	2.828142e-06
ERR3579789	0	oral	1.454411e-07	0.999999	3.583049e-08	2.86282e-07	5.2013064e-07
ERR3579790	0	oral	2.9217995e-07	0.9999991	5.26502e-08	3.4289815e-07	1.9892134e-07
ERR3579791	0	oral	1.1816946e-06	0.9999921	1.1630978e-07	6.337871e-06	2.9429486e-07
ERR3579792	0	oral	4.3568634e-06	0.99998444	5.2778905e-06	9.155896e-07	5.010227e-06
ERR3579793	0	oral	0.001343561	0.9892702	0.008854054	0.000407193	0.00012495295
ERR3579796	0	oral	1.246606e-06	0.9999936	2.8683833e-06	1.5190545e-06	7.684311e-07
ERR3579797	0	oral	0.037498217	0.9268597	0.03411388	0.0007882099	0.0007400101
ERR3579798	0	oral	2.5968686e-05	0.9999659	9.168347e-07	6.152176e-06	1.032845e-06
ERR3579799	0	oral	6.34817e-07	0.9999942	2.0509071e-06	1.4176828e-06	1.6779555e-06
ERR3579800	0	oral	8.9512764e-07	0.99999654	1.0089999e-07	2.047718e-06	4.044003e-07
ERR3579801	0	oral	3.5610358e-07	0.9999958	5.8937452e-08	3.6536212e-06	1.07335445e-07
ERR3579802	0	oral	6.1193987e-07	0.9999931	1.700575e-07	5.673404e-06	4.5744946e-07
ERR3579803	0	oral	9.0454215e-08	0.999999	2.5927863e-08	6.595792e-07	2.208694e-07
ERR3579804	0	oral	7.366075e-06	0.9999855	3.9231517e-07	5.6648983e-06	1.0326361e-06
ERR3579805	0	oral	1.15109806e-07	0.9999997	1.571466e-08	7.342422e-08	7.9312215e-08
ERR3579806	0	oral	5.493741e-07	0.99999905	4.295986e-08	1.4514625e-07	1.8736618e-07
ERR3579807	0	oral	9.73185e-05	0.67521155	9.68842e-05	0.32453898	5.5281515e-05
ERR3579809	0	oral	6.6454724e-08	0.9999996	2.918391e-08	1.5575299e-07	1.5889849e-07
ERR3579810	0	oral	5.653655e-07	0.99999636	7.016005e-07	2.1722076e-06	1.763075e-07
ERR3579811	0	oral	2.8407656e-05	0.50305706	4.3736323e-05	0.49683395	3.6849597e-05
ERR3579812	0	oral	2.0337636e-06	0.9999366	3.075523e-07	6.087603e-05	2.0418796e-07
ERR3579813	0	oral	1.2675123e-05	0.99996513	9.656894e-07	1.8971137e-05	2.2773154e-06
ERR3579814	0	oral	2.55515e-07	0.99999666	2.2122806e-07	2.2669556e-06	5.831336e-07
ERR3579815	0	oral	7.8305186e-07	0.9999501	9.4918227e-07	4.7604553e-05	5.6761985e-07
ERR3579816	0	oral	6.85662e-07	0.99962044	9.3223684e-07	0.00037739915	5.744831e-07
ERR3579817	0	oral	3.80314e-06	0.99992836	8.098426e-07	6.6452754e-05	5.993447e-07
ERR3579818	0	oral	1.4452038e-06	0.9999977	8.200853e-08	6.26182e-07	1.4645931e-07
ERR3579827	0	oral	1.5268716e-06	0.99999595	1.3807899e-07	1.4213871e-06	9.465638e-07
ERR3579828	0	oral	0.00027108856	0.99972165	3.5580587e-07	2.3054713e-06	4.576138e-06
ERR3579829	0	oral	4.72316e-06	0.99999154	4.5456375e-07	1.216944e-06	2.0652678e-06
ERR3579830	0	oral	0.016136374	0.9307851	0.0013579649	0.05099595	0.0007246028
ERR3609652	4	oral	0.0032744652	0.97975695	0.0010357277	0.0152816	0.0006512485
ERR3609653	4	oral	0.0026026084	0.9948105	0.00034748847	0.001590311	0.00064906885
ERR3609654	4	oral	0.61020005	0.38971436	8.492213e-06	7.184098e-05	5.2706882e-06
ERR3609655	4	oral	0.3225162	0.6728508	0.00040914348	0.001190284	0.0030335789
ERR3609656	4	oral	0.2978116	0.69808996	0.00032796356	0.0035453711	0.00022510816
ERR3609657	4	oral	0.00072825106	0.9931832	0.00031953052	0.004675019	0.0010940203
ERR3609658	4	oral	0.00014197925	0.9995412	1.5499167e-05	0.00029215607	9.169915e-06
ERR3609659	4	oral	0.01218822	0.86573935	0.0014805808	0.119997025	0.0005948514
ERR3609660	4	oral	2.9377009e-07	0.9999976	7.208444e-08	1.9150036e-06	8.5875804e-08
ERR3609661	4	oral	3.843983e-07	0.99999756	3.6070286e-08	1.4866784e-07	1.8684951e-06
ERR3678173	0	oral	7.13758e-06	0.9999629	1.328251e-06	2.0963656e-05	7.6217316e-06
ERR3678174	0	oral	1.3280076e-06	0.99999726	7.061618e-08	1.212928e-06	1.0954169e-07
ERR3678175	0	oral	8.7872775e-07	0.999997	8.226528e-07	2.8296193e-07	9.955859e-07
ERR3678176	0	oral	4.76383e-08	0.9999998	2.2532264e-08	6.267917e-08	6.28532e-08
ERR3678177	0	oral	5.4801944e-08	0.9999998	1.65689e-08	6.334114e-08	5.971017e-08
ERR3678179	0	oral	0.0002819128	0.99933237	2.7928038e-05	3.9200168e-05	0.00031857553
ERR3678180	0	oral	6.0470884e-06	0.9999886	8.7216954e-08	4.064377e-06	1.1742203e-06
ERR3678181	0	oral	4.2757594e-05	0.99818695	7.2602976e-05	0.0016493154	4.8370744e-05
ERR3678182	0	oral	1.5954822e-06	0.9999897	2.0177262e-07	1.9449512e-06	6.574939e-06
ERR3678184	0	oral	1.2035539e-05	0.99998575	1.6997417e-07	1.768724e-06	2.9615953e-07
ERR3678186	0	oral	6.572826e-06	0.9999928	4.4237478e-08	4.948957e-07	1.1313207e-07
ERR3678187	0	oral	2.5182802e-05	0.9999293	4.1267666e-07	4.283597e-05	2.2604688e-06
ERR3678595	0	gut	0.99999905	6.3000124e-07	4.0116426e-08	1.9631226e-07	8.2745196e-08
ERR3678596	0	gut	0.9999974	1.1863372e-06	4.6398057e-08	1.27148e-06	9.0815895e-08
ERR3678598	0	gut	0.99999756	3.4616497e-07	3.8424652e-08	1.9940064e-06	9.493867e-08
ERR3678599	0	gut	0.99998045	1.3589763e-05	5.1294222e-08	5.821434e-06	6.906264e-08
ERR3678600	0	gut	0.99999535	2.0442237e-06	1.3136113e-07	1.5791194e-06	9.012279e-07
ERR3678602	0	gut	0.9999986	3.1944666e-07	5.0430604e-08	7.7909834e-07	2.1765743e-07
ERR3678603	0	gut	0.99999857	3.708017e-07	7.445565e-08	8.1119543e-07	1.653999e-07
ERR3678604	0	gut	0.9999956	2.2898228e-06	5.078877e-08	1.967226e-06	8.251754e-08
ERR3678605	0	gut	0.999993	4.4019207e-06	5.0504415e-08	1.9409806e-06	5.7884563e-07
ERR3678606	0	gut	0.999995	3.9566007e-06	5.7155084e-08	9.737782e-07	4.5128967e-08
ERR3678607	0	gut	0.9999929	5.4676184e-06	5.4763838e-08	1.5025148e-06	8.177369e-08
ERR3678609	0	gut	0.9999717	2.6985284e-05	5.0812112e-08	1.1680553e-06	8.538804e-08
ERR3678610	0	gut	3.8002001e-06	0.9999471	3.191639e-06	4.4005938e-05	1.942973e-06
ERR3678611	0	gut	0.99998844	2.4023357e-06	7.287584e-08	8.844005e-06	2.2651507e-07
ERR3678612	0	gut	0.99999076	8.188128e-06	9.596998e-08	6.3516603e-07	3.4103346e-07
ERR3678613	0	gut	0.9999988	4.1000303e-07	3.9345554e-08	6.9469627e-07	4.931573e-08
ERR3678614	0	gut	0.99999756	1.0938887e-06	3.1993935e-08	2.83167e-07	1.0469499e-06
ERR3678615	0	gut	0.9999881	3.2946268e-06	4.8334734e-08	8.509218e-06	7.28183e-08
ERR3678616	0	gut	0.99999636	8.612505e-07	4.7406864e-08	2.400134e-06	3.387991e-07
ERR3678617	0	gut	0.9999836	1.2053814e-05	3.641925e-08	4.2411757e-06	4.843524e-08
ERR3678618	0	gut	0.99999	1.5076337e-06	9.602532e-08	9.858038e-07	7.437859e-06
ERR3678619	0	gut	0.99999386	4.2229967e-06	4.6995854e-08	1.3819222e-06	4.8708927e-07
ERR3678620	0	gut	0.99994355	3.8036173e-06	1.184067e-07	5.556153e-07	5.198256e-05
ERR3678622	0	gut	0.9999976	4.0932724e-07	6.888642e-08	1.8180068e-06	1.1723881e-07
ERR3678623	0	gut	0.9999923	5.1105426e-06	1.2697096e-07	9.608086e-07	1.4692766e-06
ERR3678625	0	gut	0.99999756	4.01617e-07	3.4664737e-08	1.8764516e-06	1.0582577e-07
ERR3678626	0	gut	0.999978	1.89033e-05	1.5326445e-07	4.6757754e-07	2.46381e-06
ERR3678627	0	gut	0.999986	9.4414946e-07	2.1159822e-07	1.2732534e-05	1.317646e-07
ERR3678628	0	gut	0.9999987	4.6477854e-07	5.0540997e-08	8.769405e-08	7.0292225e-07
ERR3678629	0	gut	0.9999984	3.4497614e-07	3.346417e-08	2.0089105e-07	1.0394774e-06
ERR3678727	0	oral	2.9801231e-05	0.99981135	1.7893506e-05	0.00012060594	2.032658e-05
ERR3728226	2	oral	9.0308095e-07	0.9999988	4.342116e-08	1.6747045e-07	9.2889266e-08
ERR3728227	2	oral	2.3843646e-07	0.9999994	5.005228e-08	2.0702667e-07	1.06927e-07
ERR3728228	2	oral	3.156232e-07	0.99999934	6.883615e-08	1.0217769e-07	1.460783e-07
ERR3728238	2	oral	4.7491703e-06	0.9974231	9.953786e-06	0.00255267	9.49602e-06
ERR3728239	2	oral	4.2400978e-07	0.9999821	6.485429e-07	1.6210663e-05	6.20702e-07
ERR3728240	2	oral	1.472436e-06	0.99997586	2.8111986e-06	1.7151087e-05	2.7137246e-06
ERR3728241	2	oral	8.138431e-06	0.9999545	4.1912936e-06	2.9170922e-05	3.9990437e-06
ERR3728245	2	oral	5.4223904e-07	0.9999987	1.5281734e-07	4.4365976e-07	1.4722076e-07
ERR3728246	2	oral	1.0137533e-06	0.9999985	8.3583295e-08	2.4124571e-07	1.8062727e-07
ERR3728247	2	oral	3.4661238e-07	0.999999	6.7671635e-08	4.59394e-07	1.4581951e-07
ERR3728248	2	oral	5.849347e-07	0.999999	7.8445076e-08	1.6779666e-07	1.6811187e-07
ERR3728249	2	oral	7.707067e-07	0.99999887	7.246706e-08	1.544302e-07	1.559381e-07
ERR3728250	2	oral	4.927335e-07	0.999999	1.00446925e-07	2.3127161e-07	2.1400264e-07
ERR3728251	2	oral	5.074303e-07	0.9999989	1.03969015e-07	2.4625427e-07	2.234957e-07
ERR3728252	2	oral	2.8319263e-07	0.9999994	5.97881e-08	1.4661765e-07	1.277132e-07
ERR3728254	2	oral	3.7196574e-07	0.99999934	5.2196757e-08	1.1621491e-07	1.1146623e-07
ERR3728255	2	oral	3.6311377e-07	0.9999994	3.799199e-08	1.0596957e-07	8.111033e-08
ERR3728256	2	oral	2.0152807e-07	0.9999995	4.4777234e-08	1.4968153e-07	9.527616e-08
ERR3728257	2	oral	2.9929427e-07	0.9999995	3.397948e-08	7.836254e-08	7.259262e-08
ERR3761407	1	gut	0.9991517	0.0008329761	1.1392937e-06	1.3558692e-05	6.3214577e-07
ERR3761408	1	gut	0.99999255	2.292098e-07	5.7603916e-08	7.1425025e-06	3.4653695e-08
ERR3761409	1	gut	0.99998975	4.4718e-07	6.716414e-08	9.70307e-06	4.3055188e-08
ERR3761410	1	gut	0.99999917	5.812975e-07	3.124895e-08	1.8637503e-07	2.6857277e-08
ERR3761411	1	gut	0.99999857	2.1271713e-07	4.1997477e-08	1.114043e-06	6.877025e-08
ERR3761412	1	gut	0.9994302	0.00044490414	7.780797e-06	0.00011137325	5.779901e-06
ERR3761413	1	gut	0.9999209	6.0793855e-06	3.0799183e-05	4.089406e-05	1.3318282e-06
ERR3906046	0	oral	8.988758e-07	0.9999072	8.998142e-05	1.2422073e-06	6.6935587e-07
ERR4172756	3	oral	2.2632958e-06	0.9999976	3.7240472e-08	6.263113e-08	3.175334e-08
ERR4172758	3	oral	3.500285e-06	0.99999624	6.8871955e-08	1.1403399e-07	4.918549e-08
ERR4172761	3	oral	3.0388735e-06	0.99999636	1.7923529e-07	2.668248e-07	1.2845211e-07
ERR4172763	3	oral	2.2890467e-06	0.99998146	2.0755438e-06	1.3154746e-05	1.0175424e-06
ERR4172766	3	oral	2.9901105e-06	0.99999666	1.7138325e-07	1.01342145e-07	9.5197926e-08
ERR4172783	3	oral	2.8098e-06	0.99999434	2.2036406e-06	2.6447057e-07	3.7494908e-07
ERR4172788	3	oral	8.090315e-05	0.99991244	1.7900072e-06	4.618608e-07	4.3920227e-06
ERR4172789	3	oral	5.682059e-07	0.99985635	7.303546e-07	0.00014059067	1.7697273e-06
ERR4172797	3	oral	2.4801484e-06	0.9998149	3.2360017e-06	0.00016994265	9.437177e-06
ERR4172799	3	oral	2.718431e-06	0.9999818	4.1324807e-07	1.18266225e-05	3.2423256e-06
ERR4172800	3	oral	6.433744e-08	0.9999939	9.154433e-08	5.265129e-06	6.874405e-07
ERR4172802	3	oral	1.9461368e-06	0.99988425	1.7225177e-06	0.00010264722	9.433766e-06
ERR4172804	3	oral	9.905302e-07	0.9999787	1.1277936e-06	1.4517093e-05	4.647415e-06
ERR4172806	3	oral	8.339285e-08	0.9999979	5.8576347e-08	1.5704113e-06	3.6395295e-07
ERR4172808	3	oral	6.350913e-08	0.99999416	5.5335505e-08	5.555317e-06	1.6329133e-07
ERR4172809	3	oral	4.0653765e-07	0.99998516	4.3937507e-07	1.3251947e-05	7.5605396e-07
ERR4172811	3	oral	4.711113e-07	0.9999387	8.721436e-07	4.3770066e-05	1.6168695e-05
ERR4172813	3	oral	2.0597117e-06	0.9999923	8.719199e-08	5.289975e-06	2.3429071e-07
ERR4172814	3	oral	5.532374e-07	0.9999875	5.192238e-07	1.0510007e-05	9.443408e-07
ERR4172817	3	oral	5.953592e-05	0.9931091	8.258064e-05	0.00666837	8.0413214e-05
ERR4172819	3	oral	4.568219e-06	0.9997849	7.697208e-06	0.00019733098	5.5016576e-06
ERR4172823	3	oral	3.2838855e-06	0.99997663	3.882166e-06	1.2140172e-05	4.0340533e-06
ERR4172827	3	oral	0.002356598	0.99761605	4.3737377e-06	1.8947385e-05	4.0205186e-06
ERR4172829	3	oral	2.7144872e-05	0.9998365	2.573436e-06	0.0001325615	1.1920511e-06
ERR4172830	3	oral	5.0060895e-05	0.9997382	1.1733995e-05	0.00019442597	5.5703167e-06
ERR4172832	3	oral	0.011376212	0.9884704	3.245838e-06	0.00014713593	3.0507085e-06
ERR4172834	3	oral	0.00021316775	0.9996803	8.78399e-06	9.401741e-05	3.7244254e-06
ERR4172835	3	oral	0.0019731412	0.98697585	0.0064168423	0.0034132951	0.0012208691
ERR4172836	3	oral	0.0048282803	0.93268853	0.051770158	0.00802237	0.0026906512
ERR4172838	3	oral	1.3907404e-06	0.00057879084	0.9994168	2.3182877e-06	6.7493164e-07
ERR4172839	3	oral	0.0020405885	0.79735786	0.19359589	0.0060930788	0.0009125797
ERR4172841	3	oral	4.7459274e-05	0.99985933	5.462701e-07	5.4908414e-06	8.716324e-05
ERR4172843	3	oral	0.0005854846	0.99908686	4.330223e-06	4.1694893e-06	0.00031917123
ERR4172850	3	oral	3.0116264e-05	0.99995387	4.8914904e-07	1.3490436e-06	1.4200031e-05
ERR4172854	3	oral	0.00026122626	0.9997333	4.9830527e-07	7.581091e-07	4.183355e-06
ERR4172855	3	oral	1.2500626e-05	0.99957114	0.00030171988	6.524313e-05	4.941941e-05
ERR4172857	3	oral	0.004246775	0.9950953	0.0006321603	2.1680762e-05	4.0989053e-06
ERR4172860	3	oral	9.052408e-05	0.9991016	0.00072729256	8.0445425e-06	7.254967e-05
ERR4172872	3	oral	0.00077507	0.9991075	0.000104271465	4.4144663e-06	8.766864e-06
ERR4172883	3	skeletal tissue	0.19707479	0.6130075	0.005707461	0.0062072338	0.178003
ERR4172889	3	skeletal tissue	0.0003108231	0.1761873	0.00037776364	0.0072093424	0.81591475
ERR4172953	3	skeletal tissue	7.227448e-05	0.0052656	9.536196e-05	0.00037266116	0.9941941
ERR4172977	3	skeletal tissue	0.011503771	0.035964422	0.00019525348	0.0010953397	0.9512412
ERR4172978	3	oral	3.4670645e-06	0.99999267	5.053505e-07	3.0388317e-06	3.1920914e-07
ERR4172979	3	oral	3.6399954e-06	0.99989784	4.4377425e-06	3.28111e-05	6.127825e-05
ERR4172981	3	oral	2.0110647e-07	0.99999917	1.6757863e-07	2.1647244e-07	2.4600635e-07
ERR4172982	3	oral	1.0643263e-06	0.999991	1.0225087e-06	5.5509563e-06	1.3407118e-06
ERR4172991	3	oral	4.888416e-07	0.9999988	1.2644277e-07	2.4471413e-07	3.4971384e-07
ERR4173008	3	oral	9.7836065e-08	0.9999977	1.210514e-07	1.918929e-06	1.7335206e-07
ERR4173033	3	oral	8.7986683e-07	0.99999845	7.683647e-08	4.363076e-07	1.5301828e-07
ERR4173039	3	oral	4.320284e-06	0.99999374	2.8322242e-07	8.927744e-07	7.404464e-07
ERR4173041	3	oral	7.953929e-06	0.9999912	1.7525824e-07	3.32232e-07	3.4079895e-07
ERR4173043	3	oral	1.2623123e-05	0.99998623	1.5795361e-07	4.0652557e-07	6.020953e-07
ERR4173045	3	oral	2.3767593e-06	0.9999963	8.500626e-08	8.403416e-07	4.0613705e-07
ERR4173049	3	oral	0.00032599442	0.99960154	3.354695e-06	2.5679663e-05	4.3401007e-05
ERR4173051	3	oral	0.00025338348	0.99972636	2.083287e-06	1.2435563e-06	1.6932901e-05
ERR4173057	3	oral	2.8627113e-05	0.99996495	8.978077e-07	2.9193534e-06	2.6119812e-06
ERR4173060	3	oral	6.96275e-05	0.99989814	1.2155524e-06	2.6357799e-05	4.6346413e-06
ERR4173061	3	oral	7.0623723e-06	0.9999876	2.3103833e-07	4.6684486e-06	4.2996547e-07
ERR4173063	3	oral	6.8347356e-07	0.9999986	1.3377418e-07	3.413014e-07	1.8653554e-07
ERR4173066	3	oral	0.0001622098	0.9998364	3.432793e-07	5.765948e-07	4.796366e-07
ERR4173068	3	oral	3.3879924e-06	0.9999952	1.7946863e-07	9.851785e-07	2.8189945e-07
ERR4173070	3	oral	0.0006498875	0.999333	4.4386197e-06	1.0029498e-05	2.6410323e-06
ERR4173072	3	oral	0.00032200397	0.99941456	3.2731037e-05	0.00018925827	4.146088e-05
ERR4173073	3	oral	7.341256e-06	0.99998677	3.498171e-07	5.1109837e-06	4.259788e-07
ERR4173075	3	oral	1.7649312e-05	0.9999575	1.248439e-06	1.9193676e-05	4.4238595e-06
ERR4173082	3	oral	1.1804805e-05	0.99998647	1.0500886e-06	4.6741934e-07	2.0102291e-07
ERR4373119	2	oral	0.0003835904	0.998772	0.00074605	5.466298e-05	4.3675616e-05
ERR4373134	2	oral	0.0002965134	0.9988039	0.000102512204	0.0006189324	0.00017813475
ERR4373146	2	oral	6.249953e-07	0.9999984	3.0475516e-07	4.6174313e-07	1.9022809e-07
ERR4373153	2	oral	1.2089226e-05	0.9999354	2.183843e-05	1.0216397e-05	2.0442858e-05
ERR4373159	2	oral	5.937756e-06	0.99997604	7.4266454e-06	3.5901571e-06	7.0161345e-06
ERR4373979	2	oral	8.6158417e-07	0.99999225	2.5325437e-07	4.1743812e-07	6.213629e-06
ERR4373995	2	skeletal tissue	2.3850973e-05	0.9998646	4.3501692e-05	2.509244e-05	4.3004264e-05
ERR4373996	2	oral	6.051722e-06	0.99998146	5.1998654e-06	2.1436688e-06	5.1238326e-06
ERR4373997	2	skeletal tissue	0.0008506123	0.99579203	0.0007865887	0.0018341693	0.000736618
ERR4373998	2	skeletal tissue	3.3979242e-05	0.9996762	6.351253e-05	0.00016556759	6.0716582e-05
ERR4373999	2	oral	6.051722e-06	0.99998146	5.1998654e-06	2.1436688e-06	5.1238326e-06
ERR4374000	2	skeletal tissue	2.3850973e-05	0.9998646	4.3501692e-05	2.509244e-05	4.3004264e-05
ERR4374001	2	skeletal tissue	0.0008506123	0.99579203	0.0007865887	0.0018341693	0.000736618
ERR4374002	2	skeletal tissue	0.00033881527	0.99950284	6.868073e-05	2.3347924e-05	6.6310604e-05
ERR4374003	2	skeletal tissue	3.3979242e-05	0.9996762	6.351253e-05	0.00016556759	6.0716582e-05
ERR4374004	2	skeletal tissue	0.0040610726	0.99516094	0.00043017807	9.210458e-05	0.00025568774
ERR4374005	2	skeletal tissue	6.7614266e-05	0.9991494	0.00012389082	0.00054292084	0.000116217605
ERR4374006	2	oral	0.0001507251	0.9996781	7.4898446e-05	2.6361646e-05	6.993581e-05
ERR4374007	2	oral	0.28973457	0.70999503	0.000109169276	5.8389203e-05	0.000102841674
ERR4374008	2	skeletal tissue	5.7658148e-05	0.9998678	2.9975565e-05	1.6179229e-05	2.8367627e-05
ERR4374009	2	oral	9.930863e-06	0.999973	7.5008943e-06	2.2672111e-06	7.3044334e-06
ERR4374010	2	oral	1.4887177e-05	0.999915	2.0548685e-05	2.9744837e-05	1.981814e-05
ERR4374011	2	soft tissue	0.00016239846	0.9994555	0.00016363776	5.2603064e-05	0.00016585016
ERR4374012	2	oral	0.0032554597	0.9910339	0.0015925971	0.0026082972	0.0015097625
ERR4374013	2	oral	0.00036049125	0.99958366	2.1141963e-05	1.5112359e-05	1.9603762e-05
ERR4374014	2	oral	6.410232e-06	0.9999787	5.5002747e-06	4.148385e-06	5.210233e-06
ERR4374015	2	skeletal tissue	0.36160707	0.63830286	3.5408513e-05	2.1733935e-05	3.2913304e-05
ERR4374016	2	skeletal tissue	2.8143888e-06	0.999986	4.798294e-06	1.8293064e-06	4.55082e-06
ERR4374017	2	soft tissue	0.00015209371	0.99974734	2.9921008e-05	4.10531e-05	2.9613231e-05
ERR4374018	2	oral	0.00026298792	0.9997039	1.4832766e-05	4.346842e-06	1.3934231e-05
ERR4374019	2	skeletal tissue	0.00015411463	0.99978316	2.4442686e-05	1.403189e-05	2.4280524e-05
ERR4374020	2	skeletal tissue	9.037804e-05	0.999814	3.2561795e-05	3.2882104e-05	3.0180689e-05
ERR4374021	2	soft tissue	0.0023945137	0.9972692	7.506517e-05	0.00018836348	7.283666e-05
ERR4374022	2	oral	7.212997e-06	0.99996364	1.2838866e-05	4.2141123e-06	1.21119765e-05
ERR4374023	2	oral	0.0001069554	0.9998249	1.9869973e-05	2.2314496e-05	2.5997584e-05
ERR4374024	2	oral	0.00031628524	0.9996049	3.3854532e-05	1.2527211e-05	3.246175e-05
ERR4374025	2	skeletal tissue	3.6276742e-05	0.999818	6.4393025e-05	1.9914758e-05	6.135933e-05
ERR4374026	2	skeletal tissue	0.40090057	0.5990057	2.8347751e-05	3.6851005e-05	2.8507544e-05
ERR4374027	2	oral	0.024335237	0.97167504	0.0017496167	0.00058938476	0.0016506967
ERR4374028	2	oral	2.4396184e-05	0.99992645	2.1371801e-05	6.9584785e-06	2.0833999e-05
ERR4374029	2	skeletal tissue	2.3889952e-05	0.99967796	7.8986566e-05	3.154451e-05	0.00018763613
ERR4374030	2	skeletal tissue	0.07249452	0.9200767	0.004887686	0.00079742563	0.0017436229
ERR4374031	2	oral	0.019884285	0.97451055	0.0023176554	0.0010522195	0.0022352703
ERR4374032	2	skeletal tissue	1.2653882e-05	0.99993926	2.3148377e-05	1.0058123e-05	1.4860477e-05
ERR4374033	2	skeletal tissue	0.0003472723	0.9958537	0.00044692165	0.00025277302	0.0030992927
ERR4374034	2	skeletal tissue	3.9689592e-05	0.9996702	4.0360683e-05	2.2020933e-05	0.00022771728
ERR4374035	2	soft tissue	3.208967e-05	0.9999535	6.285014e-06	2.2002712e-06	5.9213453e-06
ERR4374036	2	skeletal tissue	0.00012265141	0.9998	2.0319543e-05	3.7000846e-05	2.0029982e-05
ERR4374037	2	skeletal tissue	0.0021102503	0.9977771	4.0933755e-05	3.0059324e-05	4.164211e-05
ERR4374038	2	skeletal tissue	1.6159209e-05	0.999913	2.7394188e-05	1.795104e-05	2.5543119e-05
ERR4374039	2	skeletal tissue	0.0032091825	0.99423873	0.000560638	0.0014707317	0.00052073423
ERR4374040	2	skeletal tissue	0.00027094997	0.9997094	8.374162e-06	2.9835714e-06	8.281027e-06
ERR4374041	2	skeletal tissue	0.00021547756	0.9986698	0.00038073285	0.00036955692	0.00036445295
ERR4374042	2	oral	4.91462e-05	0.99994063	4.5723937e-06	1.3607295e-06	4.283374e-06
ERR4374043	2	skeletal tissue	0.00037156613	0.9992654	0.00029766126	1.8376351e-05	4.7034115e-05
ERR4374044	2	oral	1.1962848e-05	0.99993896	2.1137614e-05	8.018915e-06	1.9941279e-05
ERR4374045	2	oral	0.0004648729	0.9994437	2.62213e-05	3.954628e-05	2.5651088e-05
ERR4374046	2	soft tissue	0.0047008996	0.99359673	0.0006455895	0.0004478998	0.00060887943
ERR4374047	2	skeletal tissue	2.8582828e-05	0.999761	4.2321924e-05	0.0001273081	4.0776453e-05
ERR4374048	2	oral	0.0040467517	0.99499404	0.00040669678	0.0001625494	0.00038995047
ERR4374049	2	oral	3.2630327e-05	0.9999345	1.3523904e-05	6.7809415e-06	1.25964825e-05
ERR4374050	2	oral	9.444714e-05	0.99979275	4.868328e-05	1.8285331e-05	4.5829063e-05
ERR4374051	2	oral	0.0007705923	0.99915844	3.128893e-05	9.820562e-06	2.984145e-05
ERR4374052	2	skeletal tissue	0.17867815	0.7612027	0.01820226	0.025474386	0.016442481
ERR4374053	2	oral	2.8502647e-05	0.99996245	3.153986e-06	2.6939058e-06	3.2247133e-06
ERR4374055	2	skeletal tissue	0.00023255953	0.998697	0.00044090176	0.00021356854	0.00041599147
ERR4374588	2	skeletal tissue	0.0009306437	0.9944989	0.0016627179	0.0013613651	0.0015463678
ERR4374589	2	oral	3.6573547e-05	0.9998726	3.9063438e-05	1.5528714e-05	3.621245e-05
ERR4374838	2	oral	1.2616623e-05	0.99998355	1.5124583e-06	8.8694674e-07	1.46296e-06
ERR4374839	2	skeletal tissue	0.00035563015	0.99950165	7.444364e-05	2.1440796e-05	4.683069e-05
ERR4374851	2	skeletal tissue	0.0025463225	0.99712175	0.00012850789	8.290558e-05	0.00012050269
ERR4374857	2	soft tissue	8.294101e-05	0.99989444	1.0090464e-05	3.0442952e-06	9.506809e-06
ERR4374858	2	oral	0.05403868	0.9459307	1.1662059e-05	7.840875e-06	1.1079541e-05
ERR4374859	2	skeletal tissue	0.00940438	0.98891395	0.0011368664	0.00023379833	0.0003110221
ERR4374860	2	oral	0.0018867907	0.99787474	0.00010277742	3.6564532e-05	9.915153e-05
ERR4374861	2	skeletal tissue	0.00016339075	0.99939424	0.00028542758	8.091877e-05	7.6042124e-05
ERR4374862	2	skeletal tissue	0.0002938433	0.9982301	0.00051856315	0.00047372514	0.00048377906
ERR4374863	2	oral	0.009285421	0.99038625	0.00014586729	4.56696e-05	0.00013678843
ERR4374864	2	oral	0.00015312513	0.9994118	0.00018094172	8.724381e-05	0.00016685663
ERR4374865	2	oral	0.2418568	0.7578749	0.000119161086	3.5997193e-05	0.00011313659
ERR4374866	2	oral	1.5104049e-05	0.9999513	1.4445454e-05	5.591048e-06	1.3563993e-05
ERR4374867	2	oral	0.0005994479	0.99932146	3.441142e-05	1.1244155e-05	3.3438242e-05
ERR4374868	2	oral	3.1678053e-05	0.9999551	4.6841074e-06	4.222449e-06	4.316002e-06
ERR4374869	2	oral	0.015725536	0.98157984	0.00026233008	0.002183763	0.00024853655
ERR4374870	2	oral	0.0001236673	0.9997269	6.5498796e-05	2.3939898e-05	6.0015467e-05
ERR4374871	2	oral	0.0012858815	0.9985087	8.6827655e-05	3.4811015e-05	8.379127e-05
ERR4374872	2	oral	0.020490896	0.9787717	0.00032782892	0.00010080834	0.00030875884
ERR4374873	2	oral	0.00016867234	0.9997794	2.2881752e-05	6.828991e-06	2.2220976e-05
ERR4374874	2	oral	0.0027046916	0.99691445	0.00015984944	6.690873e-05	0.00015411807
ERR4374875	2	oral	0.0004943568	0.99937093	5.8426092e-05	2.1797636e-05	5.4475262e-05
ERR4374912	2	skeletal tissue	0.008953775	0.89839184	0.026415093	0.008322336	0.057916965
ERR4374913	2	skeletal tissue	8.1001184e-05	0.9996543	0.000114837356	4.486432e-05	0.000105017374
ERR4374914	2	oral	0.0009093744	0.99813503	0.0001061009	0.0007470784	0.00010243654
ERR4374915	2	skeletal tissue	0.00021362919	0.99976385	7.1664426e-06	8.120801e-06	7.2397174e-06
ERR4374916	2	skeletal tissue	2.8788316e-05	0.9998256	4.9553233e-05	4.875608e-05	4.732607e-05
ERR4374917	2	oral	0.00067457574	0.9992396	3.778751e-05	1.1362671e-05	3.666526e-05
ERR4374918	2	skeletal tissue	2.8892078e-05	0.9999587	5.5391497e-06	1.6572991e-06	5.2213354e-06
ERR4374919	2	oral	3.920987e-05	0.9998734	2.486932e-05	3.8375067e-05	2.415963e-05
ERR4374920	2	oral	0.0005276828	0.9994049	2.9358327e-05	9.606715e-06	2.8439552e-05
ERR4374921	2	oral	1.012357e-05	0.99994797	1.0186296e-05	6.3293505e-06	2.5423782e-05
ERR4374922	2	oral	0.023076477	0.97653353	0.00011519428	0.00016704999	0.00010777376
ERR4374923	2	skeletal tissue	0.005879843	0.9874268	0.0029151002	0.0009799275	0.0027983128
ERR4374924	2	oral	0.00078375736	0.9991124	4.544062e-05	1.6329635e-05	4.2048676e-05
ERR4374925	2	oral	0.0007509366	0.9991791	3.1118987e-05	1.0012632e-05	2.8811362e-05
ERR4374926	2	oral	2.3833394e-05	0.99996996	2.824395e-06	7.467962e-07	2.6424682e-06
ERR4374927	2	skeletal tissue	0.000583183	0.99800354	0.00024489063	0.00020874786	0.0009596473
ERR4374928	2	skeletal tissue	0.10104635	0.8930861	0.0020263852	0.0019777776	0.0018633937
ERR4374929	2	oral	0.0062259794	0.99114794	0.00045526645	0.001748585	0.00042221585
ERR4374948	2	skeletal tissue	0.022555472	0.97500587	0.0007664966	0.0009753531	0.00069683476
ERR4374962	2	oral	0.0016869287	0.9980328	9.733427e-05	9.2508446e-05	9.040684e-05
ERR4374963	2	oral	0.0002286214	0.9996404	2.0644913e-05	8.935111e-05	2.100556e-05
ERR4375010	2	skeletal tissue	0.69715166	0.30019575	0.00073121	0.0010612011	0.000860133
ERR4375011	2	oral	0.0062319958	0.99257857	0.0003572629	0.00046708118	0.0003650844
ERR4375017	2	oral	0.00020393747	0.99976814	1.1351294e-05	5.814141e-06	1.07510305e-05
ERR4375025	2	skeletal tissue	8.421674e-05	0.9998415	3.2749107e-05	9.71102e-06	3.180246e-05
ERR4375032	2	oral	0.0009632738	0.99892664	4.8456364e-05	1.4839927e-05	4.6788664e-05
ERR4375036	2	skeletal tissue	5.3451164e-05	0.99960655	6.343779e-05	0.00021620453	6.0343864e-05
ERR4375039	2	oral	1.4667104e-06	0.9999917	2.811423e-06	1.2915351e-06	2.7166639e-06
ERR4375040	2	skeletal tissue	7.667236e-06	0.9999599	1.4404194e-05	4.538419e-06	1.3529926e-05
ERR4375042	2	oral	7.088079e-06	0.99994683	7.011587e-06	3.0278261e-05	8.791448e-06
ERR4375045	2	oral	0.0068473862	0.99205595	0.00040664984	0.0003243907	0.0003656051
ERR4375046	2	skeletal tissue	0.5434878	0.45602116	0.00020099146	0.000100171346	0.00018989004
ERR4375047	2	skeletal tissue	0.0010443133	0.99399036	0.0019525742	0.0012318414	0.0017809083
ERR4375048	2	oral	0.0026863394	0.9969661	0.00014910582	5.9903152e-05	0.00013851664
ERR4375049	2	oral	0.9415833	0.058343552	2.1376154e-05	3.0927742e-05	2.0895211e-05
ERR4375050	2	skeletal tissue	0.00028056523	0.9984654	0.0004910663	0.0002938533	0.00046907214
ERR4375132	2	oral	0.004432248	0.99327964	0.00038628344	0.0015295201	0.00037228342
ERR4375133	2	oral	0.00055060186	0.9993026	6.4223204e-05	2.1378271e-05	6.114775e-05
ERR4375134	2	skeletal tissue	0.8830382	0.11525644	0.0006773735	0.0003813065	0.000646683
ERR4375135	2	skeletal tissue	0.0005821486	0.9991848	0.00010011689	3.471816e-05	9.820761e-05
ERR4375136	2	skeletal tissue	0.0004286042	0.9983313	0.00052622764	0.00022888319	0.00048496007
ERR4375137	2	oral	0.0067330953	0.9912866	0.0006108152	0.00080425607	0.0005652352
ERR4375141	2	oral	0.16538449	0.83413	0.00017223952	0.00014523852	0.00016803431
ERR4375142	2	oral	0.00058796565	0.99931246	4.353692e-05	1.5288086e-05	4.07227e-05
ERR4375143	2	oral	7.174571e-05	0.9999064	8.677375e-06	4.708842e-06	8.429315e-06
ERR4375144	2	skeletal tissue	0.22448635	0.72617066	0.0068641054	0.035604984	0.006873917
ERR4383828	2	skeletal tissue	0.4618366	0.27081376	0.014354544	0.030628337	0.22236677
ERR4383829	2	skeletal tissue	0.5469802	0.4156009	0.014061513	0.009027488	0.014329912
ERR4384927	2	skeletal tissue	0.00031653378	0.99961483	2.9101482e-05	1.1630082e-05	2.7921167e-05
ERR4385800	2	skeletal tissue	0.0040455423	0.9956033	8.103339e-05	0.00019218017	7.789995e-05
ERR4385809	2	skeletal tissue	0.002646573	0.99591994	0.00041043785	0.00050017505	0.0005228644
ERR4386464	2	oral	1.5565263e-06	0.99999493	2.514403e-06	2.7237826e-07	7.1285643e-07
ERR4386569	2	skeletal tissue	0.6511802	0.3486511	6.0933504e-05	6.120101e-05	4.6555746e-05
ERR4386594	2	soft tissue	0.0006133135	0.99929243	4.1289153e-05	1.098008e-05	4.2005286e-05
ERR4388102	2	soft tissue	0.0039542797	0.9873096	0.003796036	0.0012592102	0.0036808783
ERR4388107	2	soft tissue	0.0006250171	0.99925166	5.5159682e-05	1.6867449e-05	5.1296593e-05
ERR4388231	2	soft tissue	0.9236416	0.07629811	2.2365595e-05	8.16074e-06	2.9751262e-05
ERR4388236	2	soft tissue	0.9996178	0.0003338316	1.6788947e-05	1.4427145e-05	1.715452e-05
ERR4391165	2	oral	2.130605e-06	0.9998636	0.00012099391	3.2675038e-07	1.2927895e-05
ERR4391166	2	oral	5.3806575e-06	0.99991953	3.0253827e-06	9.803673e-07	7.105473e-05
ERR4408185	2	oral	0.97771305	0.020961555	0.0004922181	0.0003565552	0.00047659507
ERR4408187	2	skeletal tissue	7.727357e-06	0.9999656	1.14031045e-05	4.7708027e-06	1.04882e-05
ERR4408188	2	oral	0.00045948834	0.9983279	0.0003883431	0.00043734853	0.00038688377
ERR4413529	2	oral	1.3772553e-06	0.99997956	1.6736349e-05	3.8710323e-07	1.931506e-06
ERR4596443	4	oral	2.1716887e-06	0.99998933	8.7324764e-07	6.0892216e-06	1.5349915e-06
ERR4596813	4	oral	2.4792956e-07	0.999995	1.7262765e-07	4.330042e-06	2.7724093e-07
ERR4596815	4	oral	2.2242538e-07	0.9999988	1.8140285e-07	6.370062e-07	1.5407738e-07
ERR4596816	4	oral	7.144497e-08	0.9999996	3.4876116e-08	2.2796698e-07	7.956266e-08
ERR4596817	4	oral	4.332282e-07	0.9999993	5.1142198e-08	1.1164783e-07	9.897466e-08
ERR4596818	4	oral	6.2342366e-08	0.99999964	3.2108797e-08	2.1708999e-07	6.230993e-08
ERR4596819	4	oral	3.3654087e-06	0.99995095	1.9837173e-06	2.1202288e-05	2.248675e-05
ERR4596820	4	oral	2.8833156e-06	0.9999965	5.4862483e-08	1.4878441e-07	4.5434913e-07
ERR4596822	4	oral	5.9418483e-08	0.999997	3.9766107e-08	2.3377234e-07	2.628962e-06
ERR4596823	4	oral	6.2170855e-08	0.9999997	2.1154658e-08	1.4084323e-07	4.7738766e-08
ERR4596824	4	oral	1.6668626e-07	0.9999992	9.329695e-08	2.3216846e-07	2.557664e-07
ERR4596825	4	oral	6.7859986e-07	0.99988633	5.212655e-07	0.000112108806	3.7709265e-07
ERR4596826	4	oral	1.6137652e-07	0.9999995	4.687928e-08	2.0765681e-07	6.599389e-08
ERR4596828	4	oral	5.2108742e-08	0.99999964	3.426949e-08	8.84212e-08	1.6460517e-07
ERR5670952	4	oral	1.7389638e-07	0.9999992	7.137254e-08	3.905917e-07	1.1938688e-07
ERR5670953	4	oral	8.906877e-07	0.99999774	9.936813e-08	9.766931e-07	2.723461e-07
ERR5670954	4	oral	2.591707e-07	0.9999981	4.186568e-08	1.5225866e-06	7.446721e-08
ERR5670955	4	oral	2.3356993e-07	0.99999946	3.586768e-08	1.8417542e-07	8.132692e-08
ERR5670956	4	oral	5.134364e-08	0.9999997	4.029468e-08	1.0977151e-07	8.2620794e-08
ERR5670957	4	oral	1.4598777e-07	0.9999994	6.251983e-08	2.3300863e-07	1.2623424e-07
ERR5670958	4	oral	8.282562e-07	0.9999985	7.808748e-08	4.103751e-07	1.5143765e-07
ERR5670959	4	oral	1.5660954e-07	0.9999992	5.401024e-08	3.6059353e-07	1.8949278e-07
ERR5670960	4	oral	3.7070598e-07	0.9999993	4.0294676e-08	2.2907136e-07	6.748672e-08
ERR5670961	4	oral	1.4444964e-07	0.999999	6.977917e-08	6.700173e-07	1.1685656e-07
ERR5670962	4	oral	3.8561762e-07	0.9999988	3.3577642e-08	5.753432e-07	2.2524463e-07
ERR5670963	4	oral	3.0618972e-07	0.9999995	4.2253152e-08	7.943748e-08	6.5334675e-08
ERR5670964	4	oral	7.914384e-07	0.9999984	4.7471037e-08	6.79245e-07	7.747183e-08
ERR5670965	4	oral	9.151049e-07	0.99999404	2.6944514e-07	3.243648e-06	1.5419095e-06
ERR5670966	4	oral	7.631484e-07	0.999998	6.418526e-08	1.1208183e-06	1.0548329e-07
ERR5670967	4	oral	6.6002315e-08	0.9999996	4.974873e-08	1.840066e-07	1.0267343e-07
ERR5670968	4	oral	4.0008704e-08	0.9999984	3.8200785e-08	1.2405947e-06	2.9278752e-07
ERR5670969	4	oral	1.4341944e-07	0.9999994	5.915626e-08	2.6295342e-07	1.4429477e-07
ERR5670970	4	oral	2.2217026e-07	0.99999887	9.466974e-08	5.102557e-07	2.860335e-07
ERR5670971	4	oral	6.8459843e-07	0.99999714	1.2034447e-07	1.8611642e-06	2.0218064e-07
ERR5729614	2	oral	5.905187e-07	0.9999991	6.093257e-08	1.81857e-07	5.8553816e-08
ERR5729615	2	oral	9.808135e-07	0.99999887	4.725456e-08	8.2664116e-08	4.5271786e-08
ERR5729616	2	oral	1.2430708e-06	0.9999971	2.581958e-07	6.265851e-07	7.8551034e-07
ERR5729617	2	oral	8.5720194e-07	0.9999989	3.9266236e-08	8.818506e-08	8.3569816e-08
ERR5729618	2	oral	2.0322824e-07	0.9999993	1.3653607e-07	2.2064599e-07	1.4348596e-07
ERR5729619	2	oral	5.441593e-07	0.9999992	3.664619e-08	7.242516e-08	1.0704401e-07
ERR5729620	2	oral	4.1604216e-07	0.9999992	7.433423e-08	2.0816069e-07	7.123945e-08
ERR5729621	2	oral	9.2595013e-07	0.9999986	6.2452024e-08	1.932716e-07	1.8075701e-07
ERR5729622	2	oral	9.0445354e-07	0.999999	3.9008334e-08	6.073886e-08	3.741329e-08
ERR5729623	2	oral	4.4983963e-07	0.9999993	4.5636366e-08	1.9357914e-07	4.30214e-08
ERR5729624	2	oral	2.0569014e-07	0.99999964	5.0478786e-08	6.57772e-08	4.6822763e-08
ERR5729625	2	oral	8.76249e-07	0.9999989	3.872408e-08	8.6773454e-08	8.3138964e-08
ERR5729626	2	oral	6.637407e-07	0.999999	4.8291394e-08	1.2359791e-07	2.0489e-07
ERR5729627	2	oral	6.285535e-07	0.9999986	1.5593633e-07	4.5728217e-07	1.4974698e-07
ERR5729628	2	oral	2.3641562e-06	0.9999974	4.2301927e-08	9.887395e-08	9.01245e-08
ERR5729629	2	oral	4.0172065e-07	0.99999934	4.9181967e-08	1.2843053e-07	1.0503001e-07
ERR5729630	2	oral	1.1377889e-07	0.99999887	7.319032e-07	2.4624626e-07	5.0556693e-08
ERR5729631	2	oral	3.8508648e-07	0.99999934	6.922568e-08	8.206405e-08	8.988114e-08
ERR5729632	2	oral	4.7296436e-07	0.9999992	4.675678e-08	1.2736223e-07	9.965038e-08
ERR5729633	2	oral	6.117198e-07	0.999999	7.028297e-08	2.028954e-07	1.5064003e-07
ERR5729634	2	oral	1.6201562e-06	0.99999774	1.1322044e-07	2.6504634e-07	2.428638e-07
ERR5729635	2	oral	0.0007659504	0.462258	0.00016838625	0.5366421	0.00016555907
ERR5729636	2	oral	3.900061e-07	0.99999917	8.627362e-08	8.67484e-08	2.5383713e-07
ERR5729637	2	oral	6.637812e-07	0.99999917	3.597492e-08	5.76374e-08	7.685772e-08
ERR5729638	2	oral	1.2397625e-07	0.99999946	5.7936038e-08	2.6139872e-07	9.426361e-08
ERR5729639	2	oral	1.1114673e-06	0.99999875	4.077839e-08	5.4303108e-08	3.8697728e-08
ERR5729640	2	oral	1.0072441e-06	0.9999976	2.2233432e-07	5.948433e-07	5.796751e-07
ERR5729641	2	oral	2.299866e-06	0.99999636	1.5414035e-07	7.536854e-07	4.0231404e-07
ERR5729642	2	oral	8.7736805e-07	0.9999988	4.7448356e-08	1.3687306e-07	1.01403366e-07
ERR5729643	2	oral	1.4343478e-06	0.99999684	3.161162e-07	7.245452e-07	6.7814847e-07
ERR5729644	2	oral	1.1430774e-06	0.9999983	6.127351e-08	3.3123877e-07	1.936562e-07
ERR5729645	2	oral	1.4506477e-07	0.9999996	4.43094e-08	1.0584056e-07	9.477448e-08
ERR5729646	2	oral	2.1369553e-07	0.99999934	6.712792e-08	3.0494914e-07	6.4320936e-08
ERR5729647	2	oral	9.991854e-07	0.9999988	3.2542435e-08	6.877356e-08	6.943817e-08
ERR5729648	2	oral	1.6555681e-07	0.9999996	3.961003e-08	9.907364e-08	8.427208e-08
ERR5729649	2	oral	4.6813582e-07	0.9999981	5.7048386e-08	1.17319054e-07	1.2513152e-06
ERR5729650	2	oral	4.0988328e-07	0.9999994	4.325937e-08	6.0266224e-08	9.224102e-08
ERR5729651	2	oral	3.292305e-07	0.9999989	8.524785e-08	4.57034e-07	1.9770546e-07
ERR5729652	2	oral	5.5379513e-07	0.9999988	1.106481e-07	2.0248137e-07	3.0383327e-07
ERR5729653	2	oral	2.9143547e-07	0.99999905	1.3589258e-07	2.4278168e-07	2.9144445e-07
ERR5729654	2	oral	1.7052837e-07	0.9999993	7.707228e-08	4.1221247e-07	7.402881e-08
ERR5729655	2	oral	2.2366305e-07	0.99999964	6.019507e-08	3.256825e-08	5.708923e-08
ERR5729656	2	oral	3.0353087e-07	0.9999992	1.04511614e-07	2.953013e-07	1.00172954e-07
ERR5729657	2	oral	2.0392407e-07	0.9999995	4.4475538e-08	1.0958596e-07	9.506216e-08
ERR5766165	4	gut	0.49286845	0.48379704	0.0039457115	0.0056241555	0.013764647
ERR5766166	4	gut	0.99999785	1.1596367e-06	9.7825925e-08	4.438736e-07	4.2962978e-07
ERR5766167	4	gut	0.99999344	3.1064008e-06	8.666999e-08	2.9703456e-06	4.053422e-07
ERR5766168	4	gut	0.9950592	0.0048322356	3.8318307e-05	4.0332405e-05	2.9942426e-05
ERR5766169	4	gut	0.9999938	3.3229383e-06	3.0652407e-07	1.825683e-06	7.139875e-07
ERR5766170	4	gut	0.9999295	1.2254923e-05	2.3652642e-06	5.3003336e-05	2.8675177e-06
ERR5766171	4	gut	0.9999714	2.6227148e-05	5.523813e-07	9.3867703e-07	8.7414685e-07
ERR5766172	4	gut	0.99868345	0.00032295857	1.7762366e-05	0.0009426752	3.315934e-05
ERR5766173	4	gut	0.99997765	1.4115772e-05	2.5129594e-07	6.0470175e-06	1.9299682e-06
ERR5766174	4	gut	0.6999321	0.29883257	0.0004188873	0.0004773288	0.00033911792
ERR5766175	4	gut	0.98550326	0.014174062	4.612909e-05	0.0002613276	1.5254719e-05
ERR5766176	4	gut	0.9998041	4.692675e-06	1.3819556e-06	0.00018446133	5.3839867e-06
ERR5766177	4	gut	0.9998025	0.00018015862	4.310073e-07	1.629447e-05	6.258066e-07
ERR5766178	4	gut	0.9998073	0.0001632328	3.1316122e-07	2.8512603e-05	6.567563e-07
ERR5766179	4	gut	0.99996215	3.1314343e-05	2.9491824e-07	6.1540645e-06	1.1188226e-07
ERR5766180	4	gut	0.9999362	6.0846996e-05	4.7587147e-07	2.2824254e-06	1.7526469e-07
ERR5766181	4	gut	0.998935	0.0010550234	2.141298e-06	6.808924e-06	1.0657762e-06
ERR5766182	4	gut	0.99978286	0.00021218618	3.4242103e-07	4.030477e-06	5.995783e-07
ERR5766183	4	gut	0.9999408	4.822547e-05	2.7646652e-07	9.703755e-06	9.825451e-07
ERR5863536	0	gut	0.971953	0.000696062	0.00027998205	0.018869787	0.008201201
ERR6093854	0	oral	6.9137883e-07	0.99984705	3.2385105e-07	0.00014877478	3.1531788e-06
ERR6093855	0	oral	8.629229e-06	0.99996203	7.1339656e-07	2.7785654e-05	8.496048e-07
ERR6093856	0	oral	5.767239e-05	0.99993086	4.4721054e-07	8.2655015e-06	2.75546e-06
ERR6093857	0	oral	2.000088e-06	0.99464786	2.646516e-06	0.005319847	2.7638749e-05
ERR6093858	0	oral	2.0979296e-05	0.9966868	2.9179448e-05	0.0032254134	3.7620615e-05
ERR6093859	0	oral	0.0045332434	0.9871269	2.3249067e-05	0.008302331	1.4309363e-05
ERR6093860	0	oral	0.0010306083	0.9987332	1.5302992e-05	0.0001988771	2.1997113e-05
ERR6093861	0	oral	9.4659736e-05	0.9624927	9.90717e-05	0.037190653	0.0001229297
ERR6093862	0	oral	4.1010324e-05	0.9999296	3.241555e-06	1.8843319e-05	7.2928015e-06
ERR6093863	0	oral	1.0340338e-05	0.9999848	5.740904e-07	3.1271265e-06	1.1600343e-06
ERR6093864	0	oral	2.3507411e-05	0.9998422	1.3538214e-05	3.6168825e-05	8.4534855e-05
ERR6093865	0	oral	3.508031e-05	0.999765	1.7316292e-05	0.0001370989	4.55268e-05
ERR6093866	0	oral	0.0006228213	0.9993617	3.648174e-07	9.604976e-06	5.4940574e-06
ERR6093867	0	oral	0.9938391	0.006113781	1.555781e-06	1.9233503e-05	2.6366373e-05
ERR6093868	0	oral	0.59888023	0.3997788	2.9865492e-05	0.0005447315	0.0007663454
ERR6093869	0	oral	0.6527328	0.34668013	1.4095632e-05	0.00046203606	0.000110942674
ERR6093870	0	oral	0.12787002	0.87026334	7.065603e-05	0.001169356	0.0006266182
ERR6093871	0	oral	0.038423482	0.9579743	5.6038665e-05	0.0016504459	0.0018957133
ERR6093872	0	oral	0.015655022	0.97976553	3.098599e-05	0.00045600985	0.0040924256
ERR6093874	0	oral	0.01678628	0.97926855	5.2528645e-05	0.0003483343	0.0035443061
ERR6093875	0	oral	0.049427036	0.9499035	1.46283655e-05	0.00022146688	0.00043336826
ERR6093876	0	oral	0.10843041	0.89117545	2.1083903e-05	0.00022974782	0.00014329563
ERR6093877	0	oral	0.3234783	0.6752781	1.776028e-05	0.00014763941	0.0010781552
ERR6093878	0	oral	0.046761848	0.9530316	7.5505986e-06	0.00011454489	8.4458035e-05
ERR6093879	0	oral	0.057200808	0.94269717	1.2474936e-05	2.1900067e-05	6.7662906e-05
ERR6093880	0	oral	0.10439893	0.8954585	1.7650003e-05	2.8375536e-05	9.650004e-05
ERR6093881	0	oral	0.0050507165	0.99471754	1.9924082e-05	4.6576806e-05	0.00016524599
ERR6093882	0	oral	0.0051882705	0.99465245	1.3712471e-05	6.0786588e-05	8.479145e-05
ERR6093883	0	oral	0.9603634	0.039446793	2.4074097e-06	1.7938144e-05	0.00016949017
ERR6093885	0	oral	0.93629247	0.06334502	1.9937595e-06	6.3776795e-05	0.00029674714
ERR6093886	0	oral	0.3725922	0.6268611	1.155897e-05	0.000103890256	0.00043123716
ERR6093887	0	oral	0.8709593	0.12647787	1.6548072e-05	0.00036429058	0.0021820106
ERR6093888	0	oral	0.0058391895	0.9839521	1.6704109e-05	0.0066336174	0.003558384
ERR6093889	0	oral	0.06969252	0.92835677	7.1548325e-06	0.00086265994	0.0010808728
ERR6093890	0	oral	0.008651734	0.98841465	8.8965235e-06	0.0012834143	0.0016413075
ERR6093891	0	oral	0.1996287	0.78973097	1.9974066e-05	0.00033319343	0.0102871405
ERR6093893	0	oral	0.0031937785	0.96132606	0.00064115325	0.0056115515	0.02922745
ERR6093894	0	oral	0.029664766	0.9570925	0.00045992294	0.0011359529	0.011646819
ERR6093896	0	oral	0.9906294	0.0068841428	4.7444515e-05	0.0022156835	0.00022336138
ERR6093897	0	oral	0.52100337	0.43457142	0.00065443316	0.010238642	0.033532124
ERR6093899	0	oral	0.96055984	0.03910776	1.2009738e-06	9.808802e-06	0.0003213997
ERR6093900	0	oral	0.028907323	0.9689785	1.1647016e-05	0.00018771456	0.0019148152
ERR6093901	0	oral	0.94040924	0.059076067	1.6757101e-06	1.6106365e-05	0.0004969098
ERR6093902	0	oral	0.9691637	0.030720547	6.514321e-07	5.4652146e-06	0.00010964682
ERR6093903	0	oral	4.836495e-06	0.9999317	1.5071337e-06	1.7972514e-05	4.3997625e-05
ERR6093904	0	oral	1.8414701e-05	0.99991876	5.5437494e-07	5.1941065e-06	5.7078963e-05
ERR6093905	0	oral	6.5473923e-06	0.9999548	1.1311228e-06	6.026412e-06	3.146493e-05
ERR6093906	0	oral	5.478321e-06	0.99987775	1.480042e-06	3.3278422e-05	8.200848e-05
ERR6093907	0	oral	0.15886368	0.83907306	4.4928453e-05	9.9190234e-05	0.0019191559
ERR6093908	0	oral	0.0058050537	0.99118364	5.8496666e-05	0.001224698	0.0017281274
ERR6093909	0	oral	0.8454945	0.15154976	6.961464e-05	0.0006020367	0.0022840912
ERR6093910	0	oral	0.80498403	0.19282658	4.5548408e-05	0.0011015281	0.0010423207
ERR6093912	0	oral	0.20179917	0.74580926	7.95969e-05	0.0003916712	0.051920306
ERR6093913	0	oral	0.86218125	0.12705223	4.269527e-05	0.0011946348	0.009529216
ERR6093914	0	oral	0.4884147	0.48948547	6.895486e-05	0.002339368	0.019691525
ERR6093916	0	oral	0.29711124	0.58603996	0.0001829101	0.0055899494	0.11107592
ERR6093917	0	oral	0.60919374	0.3905086	1.1797222e-05	4.865228e-05	0.00023724306
ERR6093919	0	oral	0.0031080798	0.9962327	2.7506978e-05	0.00030692044	0.0003247985
ERR6093920	0	oral	0.05318516	0.945366	3.9253617e-05	0.00025331884	0.0011562395
ERR6093921	0	oral	0.092749156	0.8928501	0.00037724758	0.0042913756	0.009732106
ERR6093922	0	oral	0.0005825422	0.9992429	3.1423042e-06	1.7853079e-05	0.0001535591
ERR6093923	0	oral	0.04293437	0.95615566	1.523243e-05	0.00026388417	0.0006308672
ERR6093924	0	oral	0.0026032915	0.99702966	1.2005607e-05	0.00021528524	0.00013976776
ERR6093926	0	oral	0.001817094	0.99355537	1.5785068e-05	0.00026736315	0.0043443814
ERR6093927	0	oral	0.10279104	0.8970404	9.304318e-06	2.7049027e-05	0.00013216693
ERR6093928	0	oral	0.016189003	0.9355645	4.045523e-05	0.00017345158	0.048032586
ERR6093929	0	oral	0.0016163343	0.99835217	1.9239444e-06	6.1155483e-06	2.3468168e-05
ERR6093930	0	oral	0.045156274	0.9535341	2.8761022e-05	8.348407e-05	0.0011973383
ERR6093931	0	oral	0.7964702	0.18002416	0.00072894525	0.012082423	0.010694224
ERR6093932	0	oral	0.6206466	0.35598993	0.00020702885	0.0026883306	0.020468097
ERR6093934	0	oral	0.95204365	0.020023067	0.00068219984	0.0010922068	0.026158862
ERR6093935	0	oral	0.52359444	0.44794115	0.00315911	0.021911804	0.003393503
ERR6093936	0	oral	1.1776632e-05	0.9999211	1.367757e-06	9.924234e-06	5.5825636e-05
ERR6093937	0	oral	0.00030692658	0.997562	4.6647137e-06	0.00028885953	0.0018375549
ERR6093938	0	oral	0.001223375	0.99508876	9.176626e-06	0.0010469996	0.0026317115
ERR6093939	0	oral	8.4133826e-05	0.99717283	6.3603675e-06	0.0004037104	0.0023329568
ERR6093941	0	oral	0.0005226443	0.99940556	6.934143e-06	2.3054157e-05	4.1823147e-05
ERR6093942	0	oral	0.0022113882	0.99517983	9.4946e-06	3.330748e-05	0.0025659865
ERR6093943	0	oral	0.05051344	0.94912297	7.098043e-06	4.4443757e-05	0.00031206085
ERR6093945	0	oral	0.0019707975	0.99710524	3.2300818e-06	7.491782e-05	0.0008458071
ERR6093946	0	oral	0.00013996397	0.9998424	8.1983694e-07	7.244695e-06	9.545272e-06
ERR6093947	0	oral	3.9529532e-05	0.99995244	2.6291963e-07	6.018413e-06	1.7724809e-06
ERR6093948	0	oral	0.00031449564	0.99959284	3.0686717e-06	5.890087e-05	3.0715648e-05
ERR6093949	0	oral	0.0009428801	0.99902815	1.1901162e-06	1.6641337e-05	1.1120821e-05
ERR6093950	0	oral	5.817801e-05	0.99983513	9.0049554e-07	0.00010262112	3.1494835e-06
ERR6093951	0	oral	0.0009061778	0.99895287	1.7330407e-06	0.00011867989	2.0556257e-05
ERR6093952	0	oral	2.111214e-05	0.99985456	3.6138183e-06	2.9758525e-05	9.0947804e-05
ERR6093953	0	oral	3.032763e-05	0.9998031	1.7631661e-06	0.00016007172	4.709403e-06
ERR6093954	0	oral	6.439114e-07	0.9995028	9.3101863e-07	0.0004951226	5.384271e-07
ERR6093955	0	oral	2.3274119e-07	0.99999106	2.7408677e-07	7.892069e-06	5.228046e-07
ERR6093956	0	oral	2.0475889e-06	0.9992929	2.473664e-06	0.00070068275	1.9037999e-06
ERR6093957	0	oral	3.5337077e-06	0.98632765	4.4941053e-06	0.013661512	2.7876956e-06
ERR6093958	0	oral	0.14678754	0.84788007	0.00012278673	0.0008494008	0.0043602358
ERR6093959	0	oral	0.675505	0.32311296	6.649266e-05	0.00038336916	0.0009321649
ERR6093960	0	oral	0.46308464	0.5323283	0.00013172817	0.001632126	0.002823224
ERR6093961	0	oral	0.15750727	0.8353931	0.00019647034	0.0012238745	0.0056793015
ERR6093963	0	oral	0.008173886	0.9916349	2.2003318e-05	9.513157e-05	7.404852e-05
ERR6093964	0	oral	0.0035333608	0.99536204	0.00021294887	0.0006188199	0.0002728043
ERR6093965	0	oral	0.00062560616	0.98967284	7.610357e-05	0.0011016523	0.008523795
ERR6093966	0	oral	0.0049757315	0.9919383	0.00010486523	0.00187765	0.0011034403
ERR6093967	0	oral	0.037544522	0.96228075	1.6171214e-05	8.290455e-05	7.566102e-05
ERR6093968	0	oral	0.16791716	0.8320466	3.2439311e-06	1.8755522e-05	1.418703e-05
ERR6093969	0	oral	0.003546297	0.99640375	4.2008514e-06	1.0446553e-05	3.5305788e-05
ERR6093970	0	oral	0.003034669	0.99695265	1.0909639e-06	1.5216052e-06	1.0073956e-05
ERR6093972	0	oral	0.012059985	0.4085782	3.392814e-05	0.0012669837	0.5780609
ERR6096533	0	oral	0.035815626	0.8073797	5.413275e-05	0.0021573699	0.15459315
ERR6096535	0	oral	0.008143683	0.9696423	5.0220096e-06	0.0002687499	0.021940261
ERR6096536	0	oral	0.013790509	0.98529965	2.74109e-06	0.000105209285	0.0008018974
ERR6096537	0	oral	1.695466e-06	0.9999696	2.3380787e-06	2.4937635e-05	1.4282041e-06
ERR6096538	0	oral	1.7251634e-06	0.99995565	2.4024068e-06	3.8785533e-05	1.4529718e-06
ERR6096539	0	oral	8.590864e-07	0.9999857	1.1888291e-06	1.1527412e-05	7.5744214e-07
ERR6096540	0	oral	1.186494e-06	0.99997497	1.6436811e-06	2.1165983e-05	1.0155143e-06
ERR6096541	0	oral	7.686159e-06	0.99999195	7.0852224e-08	1.8036746e-07	1.0737728e-07
ERR6096542	0	oral	1.4493475e-07	0.9999954	1.4108502e-07	4.1455414e-06	1.8536365e-07
ERR6096543	0	oral	1.0681971e-06	0.9999906	1.3566814e-06	5.937313e-06	1.0831773e-06
ERR6096544	0	oral	1.3859335e-07	0.9999961	1.17667526e-07	3.214148e-06	3.807595e-07
ERR6096545	0	oral	0.22702047	0.7716462	0.00013248896	0.00037473967	0.00082611956
ERR6096547	0	oral	0.9624793	0.037497018	1.8646027e-06	1.1485052e-05	1.0332113e-05
ERR6096548	0	oral	0.8794161	0.120159246	2.1133015e-05	0.00013125257	0.00027225318
ERR6096549	0	oral	0.24536805	0.75376856	2.952738e-05	0.00021208977	0.00062179076
ERR6096550	0	oral	0.00013632925	0.9997539	5.2582783e-07	1.3619853e-06	0.00010788292
ERR6096551	0	oral	0.004101507	0.99587023	1.6087838e-06	1.6784335e-06	2.4977793e-05
ERR6096552	0	oral	0.0005661727	0.99929476	1.7572962e-06	6.616536e-06	0.00013067582
ERR6096554	0	oral	0.008264561	0.99171215	2.0464704e-06	4.8517677e-06	1.6399956e-05
ERR6096555	0	oral	0.04219737	0.841944	0.0004696989	0.112336814	0.0030521161
ERR6096557	0	oral	0.022710674	0.91994524	0.00039464192	0.055117805	0.0018316521
ERR6096570	0	oral	0.01617999	0.8757937	0.00026054317	0.10617401	0.0015917404
ERR6096574	0	oral	0.020559765	0.8572661	0.0004004159	0.11899326	0.0027804151
ERR6096575	0	oral	0.0098311985	0.990038	6.8706395e-06	6.979541e-05	5.413773e-05
ERR6096576	0	oral	0.011301762	0.9877308	1.9602157e-05	0.00012471902	0.0008230989
ERR6096579	0	oral	0.00040277294	0.9995468	1.6983721e-06	9.547888e-06	3.9170296e-05
ERR6096580	0	oral	0.0062132753	0.9934538	1.3099553e-05	0.00024158487	7.8269186e-05
ERR6096581	0	oral	0.06701429	0.9318488	1.8047154e-05	0.00020202518	0.0009168429
ERR6096582	0	oral	0.005497344	0.9921612	2.8322767e-05	0.0004687288	0.0018444146
ERR6096739	0	oral	0.018480143	0.97693306	1.9006042e-05	0.0004785468	0.0040892498
ERR6096740	0	oral	0.32431415	0.66838187	4.9323695e-05	0.0013460097	0.005908637
ERR6096741	0	oral	0.0029250628	0.995438	7.4091936e-06	0.00086482515	0.0007647481
ERR6096742	0	oral	0.00059662963	0.99894094	4.697424e-06	0.00036743502	9.030432e-05
ERR6096743	0	oral	7.050849e-05	0.99958163	2.730989e-06	0.000104465944	0.000240633
ERR6096744	0	oral	0.00017086574	0.99844986	1.4183942e-05	0.0002817673	0.0010833013
ERR6096745	0	oral	2.227216e-05	0.9999698	7.158721e-07	5.9216723e-06	1.3013956e-06
ERR6096746	0	oral	8.196799e-06	0.9999866	3.6739974e-07	4.1550215e-06	7.0607996e-07
ERR6096747	0	oral	2.2913206e-07	0.9999986	2.0793327e-07	6.0777865e-07	3.5156143e-07
ERR6096748	0	oral	1.0419238e-06	0.99999166	9.523077e-07	3.050452e-06	3.2756743e-06
ERR6096749	0	oral	2.4734578e-07	0.999984	3.4521366e-07	1.5178259e-05	2.2897072e-07
ERR6096752	0	oral	6.320831e-07	0.9999901	8.7224976e-07	7.781002e-06	6.058467e-07
ERR6096755	0	oral	2.0216812e-07	0.9999956	2.8050886e-07	3.6943402e-06	2.4166806e-07
ERR6096759	0	oral	1.6047264e-07	0.99998856	1.8569685e-07	1.1005121e-05	1.17015e-07
ERR6096760	0	oral	1.774735e-06	0.9993215	2.6053099e-06	0.00067246944	1.6564123e-06
ERR6096762	0	oral	5.5567554e-05	0.9996527	4.6238344e-07	0.0002910241	2.8555735e-07
ERR6096764	0	oral	1.9159509e-06	0.9999793	9.942243e-07	1.7138344e-05	6.370609e-07
ERR6096766	0	oral	5.098071e-07	0.9999812	6.816402e-07	1.7194705e-05	4.1036756e-07
ERR6096776	0	oral	0.00040230877	0.9995921	5.9871655e-07	2.2135782e-06	2.7799729e-06
ERR6096784	0	oral	0.00030477662	0.999669	2.4002463e-06	1.1828111e-05	1.1979526e-05
ERR6096796	0	oral	0.007912702	0.99206936	1.7567721e-06	7.131569e-06	9.038068e-06
ERR6096814	0	oral	0.0059486986	0.9940132	4.014205e-06	1.586098e-05	1.8248538e-05
ERR6096818	0	oral	3.563292e-06	0.99997556	2.6839922e-07	1.9035035e-05	1.5509077e-06
ERR6096822	0	oral	1.7126689e-06	0.9999796	7.7483355e-07	1.4594982e-05	3.306011e-06
ERR6096826	0	oral	2.4208769e-06	0.99981815	3.8446497e-06	0.00015969493	1.5868693e-05
ERR6096829	0	oral	2.2929805e-06	0.99997544	2.0368082e-06	1.3501819e-05	6.7446776e-06
ERR6096835	0	oral	0.00052750914	0.9983319	3.146288e-06	0.00089425594	0.0002431915
ERR6096842	0	oral	4.7810197e-05	0.99986523	2.046118e-06	6.765379e-05	1.7240958e-05
ERR6096847	0	oral	0.0026158656	0.96435547	2.2222692e-05	0.03198577	0.0010206753
ERR6096853	0	oral	1.9465268e-05	0.9998954	1.4505347e-06	7.7340475e-05	6.3463494e-06
ERR6096886	0	oral	0.00012147263	0.9997662	2.1250075e-06	0.00010401623	6.1985957e-06
ERR6096922	0	oral	9.320646e-05	0.9997034	2.7359265e-06	0.00017252074	2.8108681e-05
ERR6096923	0	oral	0.0003920662	0.9993549	4.359437e-06	0.00017923815	6.944015e-05
ERR6096924	0	oral	5.710322e-05	0.9998949	6.478264e-07	4.1986663e-05	5.354094e-06
ERR6096925	0	oral	0.003564741	0.9963316	6.4320807e-06	7.550902e-05	2.1727206e-05
ERR6096926	0	oral	0.41567358	0.5842858	7.793295e-06	1.7018643e-05	1.5844837e-05
ERR6096927	0	oral	0.078350596	0.9214491	1.00694315e-05	5.0526018e-05	0.00013965723
ERR6096928	0	oral	0.16349508	0.83641285	1.1385457e-05	5.1000647e-05	2.9675028e-05
ERR6096929	0	oral	2.6596703e-05	0.9978477	7.181302e-06	0.0021118324	6.684547e-06
ERR6096930	0	oral	2.3237926e-06	0.99820346	3.2301377e-06	0.0017882728	2.741187e-06
ERR6096931	0	oral	4.055193e-06	0.9971255	5.618287e-06	0.0028600867	4.745595e-06
ERR6096932	0	oral	4.3820284e-05	0.67970717	6.1030696e-05	0.32014093	4.7074744e-05
ERR6096933	0	oral	0.0028679576	0.8968896	6.2484614e-05	0.0003854208	0.09979451
ERR6096934	0	oral	0.00019302146	0.83514297	1.9287061e-05	0.00025127438	0.16439344
ERR6096935	0	oral	0.00017967867	0.99852115	2.8356857e-05	0.0001124853	0.0011583479
ERR6096937	0	oral	0.024897376	0.86528826	0.0004982474	0.0047839675	0.10453218
ERR6096955	0	oral	0.596319	0.35210633	0.00017899959	0.002959667	0.048435938
ERR6097155	0	oral	0.100069635	0.8321696	0.0002232079	0.014323232	0.053214353
ERR6097156	0	oral	0.62969464	0.3638194	0.00019665134	0.002848911	0.0034404215
ERR6097514	0	oral	0.44711062	0.5201321	0.0005320135	0.010430606	0.021794634
ERR6097549	0	oral	0.34534693	0.6499331	6.225171e-05	0.0010460843	0.0036116475
ERR6097552	0	oral	0.10123281	0.8982841	3.516138e-05	0.00024086813	0.00020710133
ERR6097573	0	oral	0.2993794	0.69868004	7.994566e-05	0.0005030151	0.0013575937
ERR6097575	0	oral	0.060927976	0.93858075	2.2184204e-05	0.00037812878	9.097824e-05
ERR6097576	0	oral	6.5781364e-06	0.9999689	8.398394e-07	2.0540947e-05	3.1669576e-06
ERR6097577	0	oral	0.0006262838	0.9989205	3.2544212e-05	0.00036028394	6.0402494e-05
ERR6097579	0	oral	0.00012164941	0.99983495	1.371025e-06	9.040672e-06	3.297035e-05
ERR6097580	0	oral	0.00014095141	0.9996574	1.1392342e-05	0.00010523171	8.5023785e-05
ERR6097581	0	oral	0.008031177	0.99147904	2.4475718e-05	0.00038672631	7.858508e-05
ERR6097583	0	oral	0.003826301	0.9957344	1.9873163e-05	0.00033708074	8.237498e-05
ERR6097619	0	oral	0.06431185	0.9354623	1.9691355e-05	0.00015898746	4.716968e-05
ERR6097621	0	oral	0.07752641	0.92151105	4.8268532e-05	0.00058863504	0.00032564354
ERR6097622	0	oral	0.07233199	0.9259507	6.4316346e-06	4.952026e-05	0.0016613821
ERR6097623	0	oral	0.0013033577	0.99559796	2.7490918e-05	0.00013070072	0.002940475
ERR6097625	0	oral	0.048881926	0.9498685	5.474231e-06	3.7287944e-05	0.001206814
ERR6097626	0	oral	0.6305789	0.36741292	4.7323774e-06	2.351405e-05	0.0019799434
ERR6097627	0	oral	1.7823671e-06	0.9999121	2.5047923e-06	8.206534e-05	1.5430704e-06
ERR6097628	0	oral	1.9031679e-06	0.99962085	2.6435944e-06	0.00037307982	1.5202577e-06
ERR6097629	0	oral	8.462813e-07	0.9999442	8.913405e-07	5.3414064e-05	6.101364e-07
ERR6097630	0	oral	2.453994e-06	0.999691	3.4064751e-06	0.00030104537	2.0905384e-06
ERR6097759	0	oral	0.8962124	0.097590685	1.6203385e-05	0.00015451449	0.0060262186
ERR6098066	0	oral	0.5590119	0.4283075	0.00031159227	0.009424398	0.0029446553
ERR6098349	0	oral	0.924735	0.074460976	1.13389015e-05	0.00048256057	0.00031008368
ERR6098517	0	oral	0.9738609	0.025661254	1.4491218e-05	0.00018469557	0.0002786456
ERR6098519	0	oral	0.004838398	0.99492234	2.1182212e-05	0.0001288843	8.917491e-05
ERR6098520	0	oral	0.00064379297	0.99911827	8.685733e-06	0.00017487518	5.4348086e-05
ERR6098552	0	oral	6.1170926e-05	0.99988675	3.1737113e-06	3.0626656e-05	1.8285828e-05
ERR6098553	0	oral	0.0008166323	0.9991048	6.0999446e-06	3.7534235e-05	3.495741e-05
ERR6098554	0	oral	1.3613166e-07	0.9999973	1.5601219e-07	2.1784413e-06	2.1239582e-07
ERR6098555	0	oral	1.2602335e-07	0.9999966	1.1552301e-07	3.0325118e-06	1.3406178e-07
ERR6098556	0	oral	2.2391542e-07	0.99999285	1.8269746e-07	5.9928457e-06	7.5748227e-07
ERR6098557	0	oral	1.9836407e-06	0.999988	2.1734387e-07	9.623008e-06	1.5292356e-07
ERR6098559	0	oral	0.42817405	0.5717795	3.63029e-06	1.81905e-05	2.46367e-05
ERR6098560	0	oral	0.24026941	0.7597056	2.2350878e-06	7.2333114e-06	1.5540134e-05
ERR6098730	0	oral	0.055266067	0.94470453	2.682602e-06	1.5138653e-05	1.1554808e-05
ERR6098929	0	oral	0.2139304	0.7859597	7.163049e-06	5.729211e-05	4.5419398e-05
ERR6098930	0	oral	0.0005690047	0.9994238	7.368584e-07	1.3041645e-06	5.135458e-06
ERR6098932	0	oral	0.75998527	0.23993464	4.4024887e-06	3.8241466e-05	3.744702e-05
ERR6098934	0	oral	0.45690453	0.5430237	3.9271617e-06	4.151036e-05	2.6351781e-05
ERR6098936	0	oral	0.5421637	0.45779398	4.437735e-06	1.2006996e-05	2.5857182e-05
ERR6098937	0	oral	2.2896293e-06	0.9999748	1.6237597e-06	1.911383e-05	2.1881042e-06
ERR6098938	0	oral	6.711346e-07	0.99997824	9.845338e-07	1.8778532e-05	1.3105213e-06
ERR6098939	0	oral	1.822938e-06	0.9999496	2.4711153e-06	4.455433e-05	1.5608152e-06
ERR6098940	0	oral	2.185424e-06	0.999782	3.0368005e-06	0.00021093278	1.8389618e-06
ERR6098982	0	oral	0.00068686047	0.9988442	2.4163235e-06	1.0079226e-05	0.000456414
ERR6098983	0	oral	0.054941073	0.9312095	2.132226e-05	8.789182e-05	0.013740217
ERR6098984	0	oral	0.0080877105	0.99173975	4.669133e-06	4.3799882e-05	0.00012407267
ERR6098985	0	oral	0.015848648	0.9840535	4.526178e-06	2.890695e-05	6.4422245e-05
ERR6098990	0	oral	0.05722632	0.89523256	0.0004101234	0.028948495	0.018182509
ERR6099166	0	oral	0.016450852	0.89398164	0.00031742832	0.08546856	0.0037815305
ERR6099349	0	oral	0.19651924	0.68157166	0.0009710618	0.10952609	0.01141193
ERR6099809	0	oral	0.16171621	0.82453054	0.0003022386	0.0120262485	0.0014247656
ERR6099810	0	oral	0.4201118	0.37614754	0.20180862	0.0003551733	0.0015768516
ERR6099811	0	oral	0.23953556	0.16979703	0.58841395	0.0017878895	0.0004655729
ERR6099812	0	oral	0.8591135	0.00904352	0.13147068	2.8205075e-05	0.00034406158
ERR6099813	0	oral	0.8312194	0.07573405	0.09043292	0.0007644367	0.0018492083
ERR6099814	0	oral	0.9744868	0.025174858	4.851869e-06	2.5926793e-05	0.0003075612
ERR6099815	0	oral	0.993154	0.0066924114	2.2003665e-06	1.6005471e-05	0.00013539962
ERR6099816	0	oral	0.9386032	0.049256764	1.3365983e-05	8.800806e-05	0.012038615
ERR6099817	0	oral	0.9800873	0.019697716	3.569658e-06	2.0384046e-05	0.00019104216
ERR6099818	0	oral	0.16869463	0.8002276	0.0001950815	0.0018880423	0.028994672
ERR6099824	0	oral	0.06948861	0.8980266	0.0001604371	0.0010378718	0.03128648
ERR6099825	0	oral	0.1608144	0.722171	0.00013830053	0.0015505613	0.11532571
ERR6099826	0	oral	0.045932602	0.8836239	0.00023014453	0.0010693192	0.06914404
ERR6101230	0	oral	0.8571481	0.13921091	3.901229e-05	0.0008735834	0.0027284059
ERR6108965	0	oral	0.9719663	0.02788955	2.6903883e-06	1.9198103e-05	0.00012223002
ERR6108966	0	oral	0.9951635	0.0045096553	1.7900884e-06	2.0282023e-05	0.0003047781
ERR6108967	0	oral	0.97857773	0.021389345	1.233955e-06	2.5160236e-05	6.5415165e-06
ERR6108968	0	oral	0.0026142516	0.9965159	3.8524362e-05	0.0004062382	0.00042508304
ERR6108969	0	oral	0.0039244764	0.9944588	0.00012846527	0.0002641206	0.0012241633
ERR6108970	0	oral	0.0052285907	0.9946452	8.153297e-06	3.640493e-05	8.165242e-05
ERR6108971	0	oral	0.0021212304	0.9976794	1.37966035e-05	6.0281323e-05	0.00012528182
ERR6108972	0	oral	0.019234084	0.980598	2.0226766e-05	0.00010350961	4.4217915e-05
ERR6108973	0	oral	0.06657337	0.9332263	2.2295599e-05	0.000100548175	7.748944e-05
ERR6108974	0	oral	0.013299194	0.9865886	8.387338e-06	7.302474e-05	3.0766932e-05
ERR6108975	0	oral	0.028542154	0.97136796	4.178978e-06	6.305547e-05	2.264311e-05
ERR6108976	0	oral	0.09390412	0.9058257	2.8824565e-05	0.00016561935	7.5773074e-05
ERR6108977	0	oral	0.044720456	0.9549581	2.2020591e-05	0.0002464796	5.2973486e-05
ERR6108978	0	oral	0.18179007	0.8176376	8.204452e-05	0.00034487605	0.00014536928
ERR6108979	0	oral	0.1506563	0.84916836	2.0207497e-05	8.703637e-05	6.809136e-05
ERR6108980	0	oral	0.41035908	0.5893486	1.1891406e-05	0.00020573435	7.4709096e-05
ERR6108981	0	oral	0.68393165	0.3157619	1.3564673e-05	0.00020858078	8.434493e-05
ERR6108982	0	oral	0.20023152	0.79909563	7.113327e-05	0.0001942535	0.00040746355
ERR6108983	0	oral	0.14919317	0.85036147	1.2894936e-05	0.00019307762	0.0002393843
ERR6108984	0	oral	0.011450406	0.9884575	4.893754e-06	6.8554255e-05	1.8657693e-05
ERR6108985	0	oral	0.027269522	0.9726795	3.141055e-06	1.752412e-05	3.0289706e-05
ERR6108986	0	oral	0.008904361	0.9910429	2.7773665e-06	3.1258332e-05	1.8715107e-05
ERR6108987	0	oral	0.00045164448	0.9994432	6.267437e-06	5.638662e-05	4.2507454e-05
ERR6108988	0	oral	0.012681831	0.9100856	0.00985488	0.0029988824	0.06437878
ERR6108989	0	oral	0.3632153	0.63186914	8.174293e-05	0.00042749173	0.0044063567
ERR6108990	0	oral	0.0029153286	0.98724526	4.6793724e-05	0.00027299015	0.009519638
ERR6108991	0	oral	0.40766937	0.58344495	7.188363e-05	0.0036303792	0.0051833987
ERR6108992	0	oral	0.9898749	0.009883464	2.7697748e-05	1.0811376e-05	0.00020315207
ERR6108993	0	oral	0.9967791	0.0027918217	5.6219884e-05	8.554607e-05	0.0002873144
ERR6108994	0	oral	0.9633042	0.031976044	0.004358302	0.00019439886	0.00016701917
ERR6108995	0	oral	0.91916037	0.08068662	6.808399e-05	6.236783e-05	2.2543618e-05
ERR6108996	0	oral	0.9278463	0.07210248	2.9086632e-06	1.4098516e-05	3.421179e-05
ERR6108997	0	oral	0.11019121	0.8897685	2.0141256e-06	1.8255241e-05	2.006026e-05
ERR6108998	0	oral	0.8786734	0.12035412	2.2225871e-05	0.00025784294	0.0006924375
ERR6109000	0	oral	0.67822725	0.32152626	1.5557453e-05	8.149794e-05	0.00014945875
ERR6109001	0	oral	0.0035854157	0.99632555	7.3485785e-06	4.611738e-05	3.5566572e-05
ERR6109002	0	oral	0.02035687	0.9795447	5.9151826e-06	5.6884128e-05	3.560553e-05
ERR6109003	0	oral	0.00021007967	0.9995855	1.251379e-05	9.641699e-05	9.550588e-05
ERR6109004	0	oral	0.0014566451	0.99838537	6.3126863e-06	0.00012262321	2.9050876e-05
ERR6109005	0	oral	0.0044511748	0.99550515	1.5295733e-06	3.5928155e-05	6.20918e-06
ERR6109010	0	oral	0.046471436	0.9535001	1.7625949e-06	1.9956733e-05	6.741933e-06
ERR6109011	0	oral	7.247327e-05	0.99992263	2.1748761e-07	3.6049737e-06	1.0898581e-06
ERR6109012	0	oral	0.00025120963	0.99974257	3.7444082e-07	4.4248104e-06	1.4388207e-06
ERR6109013	0	oral	0.004347822	0.9714129	7.565275e-05	0.023997182	0.00016647331
ERR6109014	0	oral	4.7546523e-06	0.9995064	2.3803357e-06	0.0002765797	0.00020988498
ERR6109015	0	oral	0.00050608756	0.9994332	1.4246249e-06	5.716838e-05	2.1279498e-06
ERR6109016	0	oral	0.00025897112	0.9784827	6.683113e-05	0.020958468	0.0002329792
ERR6109017	0	oral	0.76846737	0.23060587	5.3458953e-06	8.380187e-05	0.0008376025
ERR6109019	0	oral	0.28525212	0.7144425	1.44763135e-05	0.00021106564	7.98267e-05
ERR6109020	0	oral	0.6575575	0.3423512	6.2659424e-06	5.420562e-05	3.0823463e-05
ERR6109021	0	oral	0.3206114	0.6785345	1.891799e-05	0.00019312034	0.00064210175
ERR6109022	0	oral	0.0033378075	0.98887527	0.006532522	0.00096588454	0.0002884991
ERR6109023	0	oral	0.029756641	0.87541395	0.09144532	0.0030025674	0.00038151836
ERR6109024	0	oral	0.030381458	0.7739516	0.18931803	0.0056446777	0.0007042289
ERR6109025	0	oral	0.005715929	0.96521413	0.017940007	0.0079440195	0.0031859244
ERR6109027	0	oral	0.83373946	0.16623895	1.3046075e-06	1.18070375e-05	8.502787e-06
ERR6109028	0	oral	0.7975401	0.20244677	1.2299848e-06	5.359234e-06	6.5215067e-06
ERR6109049	0	oral	0.12794152	0.8718488	1.2828742e-05	0.00013016917	6.666459e-05
ERR6109050	0	oral	0.47020495	0.5297495	3.5044386e-06	2.8548127e-05	1.3499711e-05
ERR6109051	0	oral	0.08984097	0.89067453	0.0008404988	0.0006937387	0.01795024
ERR6109053	0	oral	0.096143596	0.85183334	0.0022281157	0.00010855713	0.049686372
ERR6109054	0	oral	0.004578727	0.9902943	0.00017558719	0.00027780866	0.004673623
ERR6109055	0	oral	0.010291944	0.9885341	0.00025089382	0.00020349494	0.0007195923
ERR6109056	0	oral	0.016217733	0.9832553	5.4242128e-06	0.0004935796	2.7911214e-05
ERR6109057	0	oral	0.1298034	0.86912566	2.4602046e-05	0.00066403736	0.00038230914
ERR6109058	0	oral	0.047471043	0.9517837	8.172595e-06	0.00071329053	2.3760444e-05
ERR6109059	0	oral	0.25454706	0.7361785	8.0510436e-05	0.007783546	0.001410397
ERR6178850	4	oral	3.7713686e-08	0.9999998	2.703887e-08	3.292859e-08	5.9446066e-08
ERR6178851	4	oral	4.305564e-08	0.99999976	2.9938796e-08	1.08547994e-07	5.013551e-08
ERR6178852	4	oral	6.815033e-08	0.9999995	3.020982e-08	2.6745096e-07	1.2453332e-07
ERR6178853	4	oral	9.276914e-08	0.99999964	5.8381644e-08	1.0121863e-07	1.0457421e-07
ERR6178854	4	oral	2.8525582e-08	0.9999999	2.469009e-08	2.3129369e-08	1.7343407e-08
ERR6178855	4	oral	8.1681414e-08	0.99999976	2.7389484e-08	4.624436e-08	5.5335363e-08
ERR6178856	4	oral	4.1003098e-08	0.9999995	4.0715115e-08	3.343254e-07	7.500452e-08
ERR6178857	4	oral	8.9807926e-08	0.99999696	4.4831417e-08	2.817006e-06	5.9762904e-08
ERR6178858	4	oral	1.6706015e-07	0.99999934	6.3229415e-08	1.983726e-07	2.0326341e-07
ERR6178859	4	oral	4.2711672e-08	0.9999997	4.5180848e-08	1.738175e-07	4.944472e-08
ERR6178860	4	oral	1.490892e-05	0.9999468	1.7750652e-06	3.4678244e-05	1.8353685e-06
ERR6178861	4	oral	5.4159244e-07	0.9999932	1.1397483e-07	5.9867284e-06	1.4617396e-07
ERR6178862	4	oral	1.3584919e-07	0.9999994	7.0404525e-08	2.0391394e-07	1.9657024e-07
ERR6178863	4	oral	2.3599888e-07	0.9999984	7.609843e-08	1.1980767e-06	9.031936e-08
ERR6178864	4	oral	5.908538e-07	0.9999982	1.5369797e-07	7.683798e-07	2.529892e-07
ERR6178865	4	oral	1.8534331e-07	0.9999996	5.218566e-08	1.4152022e-07	6.648483e-08
ERR6178866	4	oral	8.9102485e-08	0.99999964	3.848087e-08	7.4244475e-08	1.2888302e-07
ERR6178867	4	oral	7.9944175e-07	0.999999	3.0471973e-08	7.62027e-08	8.107363e-08
ERR6178868	4	oral	1.5975631e-06	0.9999978	4.477793e-08	5.258696e-07	4.178836e-08
ERR6178869	4	oral	7.534862e-08	0.99999964	4.5276213e-08	2.1701383e-07	4.6574335e-08
ERR6178870	4	oral	2.1116903e-06	0.99999756	4.836229e-08	1.65321e-07	9.344761e-08
ERR6178871	4	oral	1.1891534e-06	0.9999982	2.9270655e-08	5.48775e-07	3.2420555e-08
ERR6178872	4	oral	1.8394388e-07	0.99999547	8.816275e-08	4.0897617e-06	1.4138993e-07
ERR6178873	4	oral	5.7034356e-08	0.9999993	5.3804143e-08	5.503608e-07	6.9888785e-08
ERR6178874	4	oral	1.3341962e-07	0.9999995	4.1800096e-08	6.6347624e-08	2.5006128e-07
ERR6178875	4	oral	1.3353566e-07	0.9999997	3.0083882e-08	7.092993e-08	5.925216e-08
ERR6178876	4	oral	1.3913255e-07	0.9999995	6.35324e-08	1.1193005e-07	1.7763911e-07
ERR6178877	4	oral	1.4521932e-07	0.9999994	5.4314196e-08	1.660634e-07	2.521731e-07
ERR6178878	4	oral	1.294693e-07	0.9999995	5.429107e-08	1.4840458e-07	1.6107026e-07
ERR6178879	4	oral	1.5314362e-07	0.99999946	6.83718e-08	1.420523e-07	1.6872848e-07
ERR6178880	4	oral	1.2310119e-07	0.9999994	5.383703e-08	3.353029e-07	8.049805e-08
ERR6178881	4	oral	1.1698793e-07	0.9999994	8.8304596e-08	1.9262392e-07	1.814657e-07
ERR6178882	4	oral	1.4115415e-07	0.9999993	6.4087274e-08	2.4103537e-07	2.6714883e-07
ERR6178883	4	oral	5.812253e-08	0.9999994	6.527289e-08	3.430628e-07	1.2074752e-07
ERR6178884	4	oral	1.1900032e-06	0.99999785	1.0948914e-07	6.780393e-07	1.87179e-07
ERR6178885	4	oral	7.059785e-08	0.99999934	8.202556e-08	3.5172292e-07	1.2332347e-07
ERR6178886	4	oral	1.5384936e-06	0.9999981	4.3828607e-08	1.2044944e-07	2.0038983e-07
ERR6178887	4	oral	1.946993e-06	0.9999958	1.1128923e-07	1.9113245e-06	1.8736334e-07
ERR6178888	4	oral	3.1974594e-07	0.9999989	6.088811e-08	5.923277e-07	1.02831216e-07
ERR6178889	4	oral	1.273095e-07	0.9999946	1.0487602e-07	4.651264e-06	5.680299e-07
ERR6178890	4	oral	8.245404e-07	0.999999	2.6841319e-08	8.646313e-08	6.10682e-08
ERR6178891	4	oral	5.307989e-07	0.9999992	3.1919814e-08	1.2591586e-07	5.912457e-08
ERR6178892	4	oral	1.1010514e-07	0.99999976	2.8810158e-08	3.321973e-08	5.8751514e-08
ERR6178893	4	oral	7.9384414e-08	0.99999976	2.9841885e-08	8.628273e-08	4.2936676e-08
ERR6178894	4	oral	1.7250902e-06	0.99999815	2.644546e-08	5.3722395e-08	3.4977223e-08
ERR6178895	4	oral	4.087316e-08	0.9999998	3.0165342e-08	4.5321144e-08	8.6539075e-08
ERR6178897	4	oral	1.5232682e-07	0.99999803	6.183289e-08	1.6258996e-06	1.01041316e-07
ERR6178898	4	oral	7.664851e-08	0.9999974	3.5426538e-08	2.3619648e-06	1.5128107e-07
ERR6178899	4	oral	1.312812e-07	0.9999996	6.934176e-08	9.865451e-08	1.467067e-07
ERR6178900	4	oral	8.3919325e-08	0.9999997	6.478436e-08	8.126572e-08	8.7624414e-08
ERR6178901	4	oral	6.5090475e-08	0.99999964	4.8688914e-08	6.749787e-08	1.969798e-07
ERR6178902	4	oral	6.325255e-08	0.9999998	3.318667e-08	5.0044658e-08	5.9739364e-08
ERR6178903	4	oral	2.3502784e-07	0.99999934	7.2673345e-08	2.1144481e-07	1.1772573e-07
ERR6178904	4	oral	8.993276e-07	0.9999971	1.6959069e-07	1.725905e-06	1.5203413e-07
ERR6178905	4	oral	1.15407495e-07	0.99999964	5.6134837e-08	1.2028595e-07	6.942781e-08
ERR6178906	4	oral	4.6243173e-08	0.9999997	4.549738e-08	1.2600219e-07	8.256651e-08
ERR6178907	4	oral	5.616355e-08	0.99999976	3.0743532e-08	8.779565e-08	6.055776e-08
ERR6178908	4	oral	3.009571e-07	0.9999991	7.862718e-08	3.6023303e-07	1.4303586e-07
ERR6178909	4	oral	1.369841e-07	0.9999994	6.605721e-08	1.9547814e-07	1.9866825e-07
ERR6178910	4	oral	2.1510365e-07	0.9999996	4.012436e-08	1.08248585e-07	7.803509e-08
ERR6178911	4	oral	3.5329683e-07	0.99999934	5.6380536e-08	1.8034463e-07	6.732237e-08
ERR6178912	4	oral	8.020488e-08	0.9999989	4.1555325e-08	8.626751e-07	7.568558e-08
ERR6178913	4	oral	1.4227291e-07	0.9999986	6.579726e-08	1.0403062e-06	1.3127273e-07
ERR6178914	4	oral	6.170712e-08	0.99999976	3.3227646e-08	8.851695e-08	7.110504e-08
ERR6178915	4	oral	6.670978e-08	0.9999995	4.8743985e-08	2.806886e-07	6.464629e-08
ERR6178916	4	oral	6.715871e-08	0.9999997	3.0126508e-08	4.923398e-08	1.5024399e-07
ERR6178917	4	oral	4.551465e-08	0.99999976	4.1380215e-08	9.2651945e-08	4.5553087e-08
ERR6178918	4	oral	3.1201007e-06	0.9999966	3.5002675e-08	1.6896952e-07	5.4976017e-08
ERR6178919	4	oral	2.9257046e-07	0.99999917	5.404474e-08	3.5140843e-07	1.0933013e-07
ERR6178920	4	oral	7.4530796e-08	0.99999946	5.200171e-08	1.8098821e-07	1.991992e-07
ERR6178921	4	oral	8.418849e-08	0.99999917	4.9752995e-08	6.5054707e-07	6.215052e-08
ERR6178923	4	oral	3.3035087e-06	0.9999966	2.0446436e-08	3.138694e-08	5.1147442e-08
ERR6178924	4	oral	4.4836014e-08	0.9999991	6.784517e-08	6.309987e-07	1.2384666e-07
ERR6178925	4	oral	2.1791057e-07	0.9999996	2.943094e-08	4.5312593e-08	9.759557e-08
ERR6178926	4	oral	6.538978e-07	0.999999	1.991734e-08	8.3238525e-08	2.772019e-07
ERR6178927	4	oral	5.039993e-07	0.9999992	6.7185184e-08	1.209563e-07	5.976245e-08
ERR6178928	4	oral	4.122838e-08	0.9999998	2.7784846e-08	5.2187186e-08	3.5597836e-08
ERR6178929	4	oral	8.901598e-08	0.9999991	3.4706893e-08	7.016921e-07	8.1517264e-08
ERR6178930	4	oral	9.846921e-08	0.9999992	2.957981e-08	5.60921e-07	5.6378994e-08
ERR6178931	4	oral	8.1225494e-08	0.9999995	3.2701976e-08	2.9842445e-07	3.8843567e-08
ERR6178932	4	oral	9.449914e-08	0.99999946	4.3607404e-08	3.22677e-07	7.453152e-08
ERR6178933	4	oral	1.415994e-07	0.9999996	6.186163e-08	6.124474e-08	1.652447e-07
ERR6178934	4	oral	8.631552e-08	0.9999997	4.4978e-08	1.1650702e-07	5.919117e-08
ERR6178935	4	oral	2.1932492e-07	0.9999993	4.6787743e-08	3.7998413e-07	6.356084e-08
ERR6178936	4	oral	1.03808375e-07	0.9999996	4.5963528e-08	1.6339422e-07	7.67105e-08
ERR6178937	4	oral	3.3075366e-07	0.999999	9.7198466e-08	3.5756696e-07	2.0610135e-07
ERR6178938	4	oral	8.19409e-08	0.9999997	2.4038918e-08	5.1620393e-08	1.2645165e-07
ERR6178939	4	oral	1.6896797e-07	0.9999996	5.177332e-08	1.4292705e-07	6.513732e-08
ERR6178940	4	oral	8.150587e-07	0.999999	3.256076e-08	9.067375e-08	5.629735e-08
ERR6178941	4	oral	8.609393e-08	0.9999995	3.9979874e-08	2.3017633e-07	1.0132611e-07
ERR6178942	4	oral	2.6076914e-05	0.9999715	1.4566456e-07	2.178727e-06	1.1071577e-07
ERR6178943	4	oral	1.0728488e-07	0.9999997	2.2661126e-08	9.474742e-08	4.427398e-08
ERR6178944	4	oral	1.0068822e-07	0.9999991	3.986851e-08	7.04672e-07	2.6766688e-08
ERR6178945	4	oral	8.240778e-06	0.9999909	4.5789204e-08	7.915324e-07	4.55623e-08
ERR6178946	4	oral	1.1139066e-06	0.99999654	1.3555402e-07	9.3537204e-07	1.261887e-06
ERR6178947	4	oral	3.844227e-07	0.99998516	9.012774e-08	1.4293462e-05	9.19204e-08
ERR6178948	4	oral	3.1262389e-06	0.99999654	2.7719869e-08	2.2655085e-07	4.925331e-08
ERR6178949	4	oral	6.091801e-08	0.99999976	3.7544467e-08	8.121733e-08	5.960048e-08
ERR6178950	4	oral	1.2136432e-07	0.9999987	1.210174e-07	8.5606865e-07	2.2140857e-07
ERR6178951	4	oral	2.9984773e-07	0.99999744	1.11097926e-07	1.9508466e-06	1.918539e-07
ERR6178952	4	oral	7.4631373e-07	0.9999925	1.7241962e-07	6.457389e-06	1.4203268e-07
ERR6178953	4	oral	6.671638e-08	0.9999981	2.949717e-08	1.7806699e-06	4.085048e-08
ERR6178954	4	oral	5.2354187e-07	0.9999939	6.7004464e-08	5.4259417e-06	6.694256e-08
ERR6178955	4	oral	3.880586e-08	0.99999976	2.5558846e-08	4.1954284e-08	1.4236444e-07
ERR6178956	4	oral	5.456742e-08	0.9999998	2.8755451e-08	3.8286075e-08	4.417334e-08
ERR6178957	4	oral	3.184969e-08	0.99999887	4.9988515e-08	9.944994e-07	7.446595e-08
ERR6178958	4	oral	5.1963386e-08	0.9999997	3.4435775e-08	1.2307717e-07	7.488566e-08
ERR6178959	4	oral	4.783084e-08	0.9999997	3.2861486e-08	1.1380783e-07	1.2452182e-07
ERR6178960	4	oral	6.057668e-08	0.99999976	3.631974e-08	4.992679e-08	1.18378935e-07
ERR6178961	4	oral	7.407796e-08	0.9999995	4.969263e-08	2.5728332e-07	9.10156e-08
ERR6178962	4	oral	1.3462346e-07	0.9999995	5.4161845e-08	1.923938e-07	6.7547276e-08
ERR6178963	4	oral	5.179135e-08	0.99999964	3.8629544e-08	1.6271899e-07	1.0842723e-07
ERR6178964	4	oral	1.13060565e-07	0.99999624	8.683585e-08	3.4369168e-06	1.222306e-07
ERR6178965	4	oral	7.482397e-08	0.9999996	4.564935e-08	1.17015325e-07	2.0304064e-07
ERR6178966	4	oral	1.1503101e-07	0.9999996	5.9520925e-08	1.5125913e-07	6.6757146e-08
ERR6178967	4	oral	9.805503e-08	0.99999964	5.838849e-08	1.0214455e-07	9.6844346e-08
ERR6178968	4	oral	1.5618551e-07	0.99999905	7.606686e-08	3.9813645e-07	3.1353895e-07
ERR6178969	4	oral	7.216258e-08	0.9999994	6.047325e-08	3.1933678e-07	1.3947478e-07
ERR6178970	4	oral	6.650965e-08	0.99999964	4.5505345e-08	1.10862324e-07	1.229726e-07
ERR6178971	4	oral	2.1650964e-08	0.9999998	2.8321317e-08	1.09709276e-07	2.4687358e-08
ERR6178972	4	oral	2.5774389e-08	0.9999998	3.020727e-08	6.5344096e-08	3.5560756e-08
ERR6178973	4	oral	7.307713e-08	0.99999964	4.4488555e-08	1.7757186e-07	4.2490697e-08
ERR6178974	4	oral	1.6493549e-07	0.9999995	4.5873865e-08	1.2637386e-07	1.3968756e-07
ERR6178975	4	oral	5.896274e-07	0.99999833	7.647213e-08	5.0332204e-07	4.748883e-07
ERR6178976	4	oral	2.739088e-07	0.9999983	7.851596e-08	1.2428218e-06	1.1815957e-07
ERR6178977	4	oral	8.4500456e-08	0.99999976	2.841805e-08	4.4540116e-08	5.553198e-08
ERR6178978	4	oral	5.6296983e-08	0.99999976	4.4666905e-08	9.615314e-08	6.969846e-08
ERR6178979	4	oral	3.599062e-08	0.99999976	4.3686825e-08	7.165934e-08	8.6529546e-08
ERR6178980	4	oral	3.2172764e-07	0.9999981	1.1359636e-07	1.2461904e-06	2.4535623e-07
ERR6178981	4	oral	9.7040896e-08	0.99999845	7.415138e-08	1.2897614e-06	1.0510689e-07
ERR6178982	4	oral	5.2699043e-08	0.9999995	5.2907712e-08	1.7312982e-07	1.8291311e-07
ERR6178983	4	oral	6.301906e-08	0.9999995	5.822286e-08	3.144379e-07	5.0878967e-08
ERR6178984	4	oral	6.828642e-08	0.99999976	3.0956382e-08	6.09654e-08	8.0873725e-08
ERR6178985	4	oral	2.8024346e-07	0.9999969	1.4982025e-07	2.4262677e-06	2.5600343e-07
ERR6178986	4	oral	8.5970584e-07	0.99999446	2.1036752e-07	3.9709857e-06	5.1317886e-07
ERR6178987	4	oral	3.8763616e-08	0.9999997	3.1257457e-08	1.6337788e-07	4.7769834e-08
ERR6178988	4	oral	5.9937065e-08	0.99999964	3.326224e-08	1.8385694e-07	7.2189934e-08
ERR6589621	1	oral	5.1603246e-07	0.9999453	4.995534e-07	5.318044e-05	5.2228955e-07
ERR6589622	1	oral	1.5036736e-05	0.99336636	8.930157e-06	0.006599068	1.0633244e-05
ERR6589623	1	oral	1.2157075e-06	0.9997551	1.3188952e-06	0.00024154154	8.176836e-07
ERR6589624	1	oral	1.7233324e-05	0.9549795	1.7700722e-05	0.044974454	1.1133476e-05
ERR6589625	1	oral	1.2644923e-06	0.9995341	1.2783535e-06	0.0004625677	7.9795035e-07
ERR6589626	1	oral	5.740608e-07	0.99879473	7.5245805e-07	0.001203096	8.660257e-07
ERR6589627	1	oral	2.5881569e-05	0.9915847	9.726701e-06	0.008367206	1.246467e-05
ERR6589628	1	oral	2.9494404e-06	0.99485713	1.5678335e-06	0.005137026	1.3045202e-06
ERR6589629	1	oral	3.9588194e-06	0.9996047	1.9848676e-06	0.00038565046	3.6861975e-06
ERR6589630	1	oral	4.834757e-05	0.9674084	8.833509e-06	0.03252859	5.8381133e-06
ERR7919459	1	oral	5.819427e-07	0.9999309	2.248092e-06	6.5832195e-05	4.1311216e-07
ERR7919460	1	oral	3.802328e-05	0.99880296	1.1809834e-05	0.0011398783	7.315044e-06
ERR7919462	1	oral	0.083103694	0.91644174	7.138513e-05	0.0003675118	1.5693995e-05
ERR7919463	1	oral	1.3661668e-06	0.9999854	9.12324e-07	1.17674845e-05	5.284627e-07
ERR7919464	1	oral	2.1227424e-05	0.9998073	2.8283159e-05	0.000127359	1.5856805e-05
ERR7919465	1	oral	0.00022366406	0.9945337	4.0191244e-05	0.005169583	3.2835826e-05
ERR7919466	1	oral	1.1105457e-05	0.9999866	1.2870744e-06	8.007115e-07	2.3756128e-07
ERR7919467	1	oral	3.7893966e-05	0.9999416	7.549152e-06	1.0195923e-05	2.7448473e-06
ERR7919468	1	oral	2.5429197e-05	0.99996597	9.827479e-07	6.416089e-06	1.1987937e-06
ERR7919469	1	oral	2.7196793e-05	0.9989019	0.0004567122	0.0006059243	8.281061e-06
ERR7919470	1	oral	1.1595044e-05	0.99997556	9.4957323e-07	9.410292e-06	2.505962e-06
ERR7919471	1	oral	3.3044016e-05	0.99970007	4.4027438e-05	0.00019816334	2.4683754e-05
ERR7919472	1	oral	3.5790872e-06	0.999991	1.866904e-07	4.9171276e-06	2.983344e-07
ERR7919473	1	oral	4.6260275e-06	0.99999064	2.4037338e-06	2.16939e-06	1.6816523e-07
ERR7919474	1	oral	2.5169252e-06	0.9999954	1.4635236e-06	3.467871e-07	2.7536143e-07
ERR7919475	1	oral	2.397588e-06	0.9999802	2.9402133e-07	1.663474e-05	4.6409002e-07
ERR7919476	1	oral	2.519543e-06	0.9999833	1.2042646e-05	1.7225619e-06	4.2636938e-07
ERR7919477	1	oral	3.5384037e-06	0.9998996	9.936899e-07	9.4086594e-05	1.7409266e-06
ERR7919478	1	oral	2.02445e-05	0.99997807	9.876648e-08	1.2941948e-06	3.2148824e-07
ERR7919479	1	oral	4.078642e-05	0.99995226	3.1912507e-06	2.5752563e-06	1.1806726e-06
ERR7919480	1	oral	1.4053701e-07	0.9999095	9.0178444e-05	1.1045905e-07	5.845712e-08
ERR7919481	1	oral	6.918325e-06	0.9996986	2.545067e-06	0.00028872283	3.227043e-06
ERR7919482	1	oral	5.2236514e-06	0.99999154	2.0858881e-06	9.991239e-07	1.7173068e-07
ERR7919483	1	oral	1.16041285e-07	0.9999963	7.817049e-08	3.4425093e-06	4.2387143e-08
ERR7919484	1	oral	0.0049793636	0.8025075	0.012252665	0.17384693	0.0064134956
ERR7919485	1	oral	3.1691447e-06	0.9999578	2.64166e-06	3.288249e-05	3.490101e-06
ERR7919486	1	oral	1.9832369e-06	0.9999392	3.3863694e-06	5.472511e-05	7.025439e-07
ERR7919487	1	oral	1.1360013e-05	0.9999516	1.590902e-05	1.9332345e-05	1.7877481e-06
ERR7919488	1	oral	4.2903304e-07	0.9999983	8.7213856e-08	9.565518e-07	2.506746e-07
ERR7919489	1	oral	1.9015663e-07	0.999999	1.5950631e-07	3.96446e-07	2.3896854e-07
ERR7919490	1	oral	2.0986376e-05	0.99996173	1.3457049e-05	2.8932045e-06	9.320035e-07
ERR7919491	1	oral	3.6643534e-05	0.99944866	1.596038e-05	0.00046486608	3.3853623e-05
ERR7919492	1	oral	0.0001092915	0.9994283	0.00012148239	0.00031219612	2.8782348e-05
ERR7919493	1	oral	7.5302837e-06	0.9999018	3.402771e-06	8.502678e-05	2.2707582e-06
ERR7919494	1	oral	3.2551212e-05	0.99974555	0.00017408273	4.5596647e-05	2.203814e-06
ERR7919495	1	oral	4.402221e-05	0.9999546	1.2574564e-07	9.2132194e-07	3.1975173e-07
ERR7919496	1	oral	3.3044016e-05	0.99970007	4.4027438e-05	0.00019816334	2.4683754e-05
ERR7919497	1	oral	5.821928e-05	0.9999392	1.5735569e-07	2.0369832e-06	4.0143604e-07
ERR7919498	1	oral	0.047417402	0.9319262	0.001367718	0.019182725	0.000105991494
ERR7919499	1	oral	3.3043507e-05	0.99968463	4.4026758e-05	0.00021361053	2.4683372e-05
ERR7919500	1	oral	9.024343e-05	0.99990374	1.7739844e-06	2.5764753e-06	1.6953135e-06
ERR7919501	1	oral	3.339375e-05	0.9997215	6.5706504e-06	0.00023312744	5.381251e-06
ERR7919502	1	oral	1.0314995e-05	0.99998885	4.81081e-07	2.2149787e-07	1.2005536e-07
ERR7919503	1	oral	4.6900902e-07	0.9999619	3.609841e-05	1.4304645e-06	1.1607429e-07
ERR7919504	1	oral	5.5312125e-06	0.99998564	6.2040965e-07	6.1132705e-06	2.0921402e-06
ERR7919505	1	oral	5.289603e-07	0.999999	1.12874424e-07	1.6738886e-07	2.1201105e-07
ERR7919506	1	oral	2.027922e-06	0.99997044	1.470969e-06	2.410044e-05	1.9667984e-06
ERR7919507	1	oral	0.017815478	0.9814609	1.7193184e-05	0.000698899	7.5053304e-06
ERR7919508	1	oral	0.00010257054	0.9998891	1.821371e-07	7.599682e-06	5.94812e-07
ERR7919509	1	oral	3.3044016e-05	0.99970007	4.4027438e-05	0.00019816334	2.4683754e-05
ERR7919510	1	oral	1.8276554e-05	0.9999811	1.4895457e-07	3.0371794e-07	1.5504736e-07
ERR7919511	1	oral	5.724961e-06	0.9999827	6.298508e-07	9.94353e-06	1.0161369e-06
ERR7919512	1	oral	4.5050692e-05	0.99959	6.011648e-05	0.00027089572	3.3944416e-05
ERR7919513	1	oral	2.8263048e-05	0.99992794	5.7418447e-07	4.1564428e-05	1.671785e-06
ERR7919514	1	oral	5.5174187e-06	0.9999911	4.418802e-07	1.9084985e-06	1.0369432e-06
ERR7919515	1	oral	6.321079e-07	0.9997415	2.8862485e-07	0.0002573324	2.680548e-07
ERR7919516	1	oral	2.3753112e-06	0.9999903	7.599174e-07	5.257374e-06	1.3302299e-06
ERR7919517	1	oral	3.244365e-05	0.9996885	4.3481337e-05	0.0002112492	2.4310908e-05
ERR7919518	1	oral	0.0002199239	0.99975	1.0100068e-05	1.3853562e-05	6.1090964e-06
ERR7919519	1	oral	4.502604e-07	0.99995655	2.230974e-07	4.2669897e-05	1.2716635e-07
ERR7919520	1	oral	1.20646755e-05	0.99984914	0.0001326293	5.407814e-06	7.6519234e-07
ERR7919521	1	oral	2.9307428e-05	0.9999491	4.8701845e-06	1.2830788e-05	3.895891e-06
ERR7919522	1	oral	1.1411261e-06	0.99998593	1.1512919e-05	1.2501923e-06	1.3960984e-07
ERR7919523	1	oral	2.77976e-07	0.99990416	3.899561e-07	9.499176e-05	1.9992797e-07
ERR7919524	1	oral	0.011410136	0.9081823	0.0068706395	0.07084308	0.0026938533
ERR7919525	1	oral	9.128802e-07	0.9999959	2.9936177e-07	2.6694815e-06	2.1382407e-07
ERR7919526	1	oral	0.808061	0.19057304	1.3693011e-05	0.0013365978	1.5637333e-05
ERR7919527	1	oral	2.279246e-06	0.9999969	1.5524871e-07	5.4268014e-07	1.072224e-07
ERR7919528	1	oral	2.409483e-06	0.99999315	1.4392026e-07	3.8993317e-06	4.0264547e-07
ERR7919529	1	oral	4.116853e-06	0.99999195	6.9842685e-07	1.8792451e-06	1.3629023e-06
ERR7919530	1	oral	8.01733e-07	0.9999981	1.4416153e-07	6.018766e-07	3.541212e-07
ERR7919531	1	oral	2.4821395e-07	0.99999696	3.0945625e-07	2.321987e-06	1.8189297e-07
ERR7919532	1	oral	1.0379032e-05	0.99998015	5.8438695e-07	7.497074e-06	1.4013838e-06
ERR7919533	1	oral	4.9289724e-06	0.9999941	2.1779155e-07	5.772359e-07	1.8033204e-07
ERR7919534	1	oral	3.065727e-05	0.99978083	0.00013917594	4.7220903e-05	2.1181659e-06
ERR7919535	1	oral	2.391121e-06	0.99999607	1.592275e-07	1.2401913e-06	1.4029857e-07
ERR7919536	1	oral	2.8847523e-06	0.9999862	2.1532806e-07	2.5184145e-06	8.228622e-06
ERR7919537	1	oral	3.7102176e-08	0.99999255	4.4794056e-08	7.366969e-06	2.3867095e-08
ERR7919538	1	oral	1.1845542e-05	0.9998585	4.69967e-06	0.000121943565	3.0314036e-06
ERR7919539	1	oral	6.7929024e-05	0.9998402	9.0797785e-06	7.4941105e-05	7.848818e-06
ERR7919540	1	oral	3.3044016e-05	0.99970007	4.4027438e-05	0.00019816334	2.4683754e-05
ERR7919541	1	oral	5.8537207e-06	0.99998635	6.029818e-06	1.0318265e-06	7.370415e-07
ERR7919542	1	oral	2.609791e-07	0.9999993	8.1990514e-08	1.8862974e-07	1.9390006e-07
ERR7919543	1	oral	1.7680577e-05	0.99994695	6.606015e-07	3.424017e-05	4.4761998e-07
ERR7919544	1	oral	1.3009947e-06	0.99999803	6.4827326e-08	4.7656118e-07	1.2898047e-07
ERR7919545	1	oral	3.304407e-05	0.99970174	4.402751e-05	0.00019653478	2.4683794e-05
ERR7919546	1	oral	3.3044016e-05	0.99970007	4.4027438e-05	0.00019816334	2.4683754e-05
ERR7919547	1	oral	8.221751e-06	0.9999573	4.848472e-07	3.2286924e-05	1.7054028e-06
ERR7919548	1	oral	0.00028453371	0.9997153	3.4252484e-08	7.117909e-08	2.7422482e-08
ERR7919641	1	oral	2.2980603e-07	0.9999975	6.69105e-07	1.5053557e-06	9.327862e-08
ERR7919642	1	oral	1.3621387e-06	0.9999938	3.0954305e-07	4.098868e-06	4.4127194e-07
ERR7919643	1	oral	3.258639e-05	0.99800503	4.341788e-05	0.0018946138	2.4341283e-05
ERR7919644	1	oral	3.9622653e-05	0.99967957	5.2835083e-05	0.00019837916	2.961832e-05
ERR7919645	1	oral	1.6268795e-06	0.9999946	6.586181e-07	2.0402338e-06	1.1211503e-06
ERR7919646	1	oral	4.591751e-06	0.99999493	1.7523023e-07	1.9245644e-07	1.0546414e-07
ERR8050978	0	oral	1.6991635e-06	0.9999773	3.52491e-07	1.964296e-05	1.0128241e-06
ERR9612721	3	oral	1.0384477e-06	0.9999874	4.684205e-07	1.0470401e-05	6.1680413e-07
ERR9612722	3	oral	1.3050601e-06	0.99999654	3.7294927e-07	1.1988903e-06	5.5331463e-07
ERR9612723	3	oral	4.0256446e-06	0.9999928	2.0826602e-07	1.9961324e-06	9.895217e-07
ERR9612724	3	oral	6.135592e-07	0.99999714	1.6530977e-07	1.829508e-06	2.2812179e-07
ERR9612725	3	oral	1.3965617e-07	0.99999744	7.045072e-08	2.2490622e-06	1.0648738e-07
ERR9612726	3	oral	2.4253106e-07	0.99999756	1.0676595e-07	1.8598697e-06	2.2612524e-07
ERR9612727	3	oral	1.7823703e-07	0.99999774	8.610355e-08	1.6608632e-06	3.1637094e-07
ERR9612728	3	oral	1.8358143e-07	0.99999803	8.365877e-08	1.301551e-06	3.9166378e-07
ERR9612729	3	oral	5.578077e-07	0.9999974	1.5664119e-07	1.5222956e-06	3.6921287e-07
ERR9612730	3	oral	7.8543377e-07	0.99999243	2.0734188e-07	6.2613362e-06	3.352982e-07
ERR9612731	3	oral	9.7467336e-08	0.9999978	4.663335e-08	1.9168808e-06	1.2302291e-07
ERR9612732	3	oral	1.0191803e-05	0.99997824	5.8626875e-07	9.7316e-06	1.2741963e-06
ERR9612733	3	oral	2.0747099e-07	0.99999905	9.78053e-08	5.343091e-07	1.2844166e-07
ERR9612734	3	oral	4.3075318e-07	0.99999505	2.0737829e-07	3.9552997e-06	3.5235712e-07
ERR9612735	3	oral	1.6962956e-07	0.99999887	1.0366212e-07	7.431279e-07	8.8246985e-08
ERR9612736	3	oral	1.5193716e-07	0.9999989	9.205252e-08	6.883512e-07	1.4397338e-07
ERR9612737	3	oral	2.280705e-07	0.9999995	2.9613568e-08	9.482499e-08	1.4364332e-07
ERR9612738	3	oral	7.634598e-07	0.99999857	8.307405e-08	4.7196343e-07	1.1980086e-07
ERR9612739	3	oral	4.6086265e-07	0.99999815	6.550501e-08	1.0695697e-06	2.2284142e-07
ERR9612740	3	oral	1.1052659e-05	0.99998534	2.1466647e-07	1.5253174e-06	1.8439459e-06
ERR9612741	3	oral	2.820511e-06	0.9998984	9.722166e-07	9.59836e-05	1.8634167e-06
ERR9612742	3	oral	3.9724762e-07	0.9999989	3.9848704e-08	4.972019e-07	1.3945787e-07
ERR9612743	3	oral	1.16581106e-07	0.9999994	3.546734e-08	3.4716464e-07	1.0602798e-07
ERR9612744	3	oral	1.4540174e-06	0.99999744	1.0425353e-07	8.3069966e-07	1.5068689e-07
ERR9612745	3	oral	5.527334e-07	0.9999975	6.028055e-08	1.6244705e-06	2.449772e-07
ERR9612746	3	oral	2.3535515e-07	0.9999976	1.02934585e-07	1.8571385e-06	1.9975644e-07
ERR9612747	3	oral	1.4283804e-06	0.9999913	2.995348e-07	6.3150733e-06	6.42456e-07
ERR9612748	3	oral	6.643481e-07	0.99999803	6.9177126e-08	1.1243508e-06	1.11737904e-07
ERR9612749	3	oral	9.999826e-07	0.99999624	1.6098639e-07	1.2766045e-06	1.3366557e-06
ERR9612750	3	oral	1.691627e-07	0.99999905	4.4047027e-08	2.3434707e-07	4.9996055e-07
ERR9612751	3	oral	5.7475916e-07	0.99999803	1.3318402e-07	1.0740879e-06	2.1029875e-07
ERR9612752	3	oral	9.4496534e-07	0.9999971	1.1958502e-07	1.7120533e-06	1.6648998e-07
ERR9612753	3	oral	2.7266788e-07	0.9999972	7.23681e-08	2.2802556e-06	1.6071759e-07
ERR9612754	3	oral	1.557875e-07	0.9999975	5.181877e-08	2.2213017e-06	8.837843e-08
ERR9612755	3	oral	4.55669e-07	0.99999	1.00405096e-07	9.301145e-06	1.8146736e-07
ERR9612756	3	oral	3.6430818e-06	0.99999577	7.547676e-08	4.374678e-07	1.0250972e-07
ERR9612757	3	oral	1.4269264e-07	0.99999547	6.443496e-08	4.2320125e-06	1.08857364e-07
ERR9612758	3	oral	1.8823256e-06	0.9999897	4.997397e-07	7.2882685e-06	6.1732425e-07
ERR9612759	3	oral	4.1531803e-07	0.999997	1.5133644e-07	2.1357898e-06	2.6698706e-07
ERR9612760	3	oral	1.7650552e-07	0.99999887	4.5178183e-08	7.7335153e-07	1.4905727e-07
ERR9612761	3	oral	1.6805348e-06	0.999998	5.8325256e-08	1.7760235e-07	1.1741971e-07
ERR9612762	3	oral	4.0011673e-06	0.9999899	4.932833e-07	3.7862603e-06	1.7759015e-06
ERR9612763	3	oral	2.1164565e-06	0.99999595	1.222912e-07	1.5831279e-06	2.3903257e-07
ERR9612764	3	oral	5.7110437e-08	0.9999997	3.5358006e-08	1.6466414e-07	4.737372e-08
ERR9612765	3	oral	2.0079613e-06	0.99999344	3.562123e-07	3.659587e-06	5.563864e-07
ERR9612766	3	oral	5.043312e-07	0.9999986	4.9401336e-08	6.864302e-07	1.07486116e-07
ERR9612767	3	oral	2.6023204e-07	0.99999875	8.462277e-08	7.0637793e-07	1.8420086e-07
ERR9612768	3	oral	3.5265114e-06	0.9999842	6.197292e-07	1.05977915e-05	1.0540018e-06
ERR9612769	3	oral	2.0443662e-07	0.99999845	5.303866e-08	1.2820332e-06	3.8688608e-08
ERR9612770	3	oral	1.567395e-07	0.9999971	7.26607e-08	2.5709248e-06	1.2807634e-07
ERR9612771	3	oral	1.121013e-07	0.9999996	3.9445702e-08	2.2443469e-07	3.5162007e-08
ERR9612772	3	oral	2.034176e-07	0.99999475	1.4539604e-07	4.558413e-06	3.621756e-07
ERR9612773	3	oral	2.89573e-07	0.99999493	1.055905e-07	4.551643e-06	1.12727776e-07
ERR9612774	3	oral	6.212535e-07	0.999997	2.0342956e-07	1.6236637e-06	5.299736e-07
ERR9612775	3	oral	1.3588411e-06	0.99999666	7.576024e-08	8.8968375e-07	9.961618e-07
ERR9612776	3	oral	8.4036543e-07	0.999997	6.849926e-08	1.7734931e-06	2.8580638e-07
ERR9612777	3	oral	1.4088557e-06	0.999998	7.558541e-08	3.2332466e-07	2.4428647e-07
ERR9612778	3	oral	4.8239093e-07	0.99999857	5.8981836e-08	7.8847563e-07	1.06728066e-07
ERR9612779	3	oral	2.8873197e-07	0.999999	5.7113066e-08	5.7907477e-07	1.1442281e-07
ERR9612780	3	oral	5.1215596e-07	0.9999988	8.93266e-08	4.7384876e-07	1.11644155e-07
ERR9612781	3	oral	9.72642e-07	0.9999971	1.403339e-07	1.4322652e-06	3.7144318e-07
ERR9612782	3	oral	3.859535e-07	0.9999968	1.6394034e-07	1.986347e-06	6.7746856e-07
ERR9612783	3	oral	2.2929702e-07	0.99999756	1.3405288e-07	1.8491291e-06	2.5339472e-07
ERR9612784	3	oral	1.6429615e-06	0.99999654	1.2949654e-07	1.5273098e-06	1.8357015e-07
ERR9612785	3	oral	2.0805273e-07	0.9999974	1.1277468e-07	2.1737262e-06	1.5701383e-07
ERR9612786	3	oral	6.229923e-07	0.9999945	1.8610864e-07	4.383635e-06	2.6725084e-07
ERR9612787	3	oral	3.365125e-06	0.99999434	3.3354e-07	1.4939316e-06	4.4681755e-07
ERR9612788	3	oral	6.080572e-07	0.9999977	1.4961172e-07	1.406622e-06	1.551764e-07
ERR9612789	3	oral	1.9422919e-06	0.99999577	8.740507e-08	1.9113006e-06	3.0377723e-07
ERR9612790	3	oral	1.3847585e-06	0.99999774	8.5348205e-08	4.5217277e-07	3.1356464e-07
ERR9612791	3	oral	9.3193286e-08	0.99999934	3.7047034e-08	4.9404406e-07	5.8673244e-08
ERR9612792	3	oral	8.070487e-07	0.99999547	1.17168064e-07	3.4066345e-06	1.7668928e-07
ERR9612793	3	oral	5.224489e-07	0.99999887	2.905862e-08	5.607834e-07	4.6664425e-08
ERR9612794	3	oral	1.1494453e-07	0.9999995	3.8446956e-08	2.6618912e-07	7.609586e-08
ERR9612795	3	oral	2.9416253e-07	0.9999963	2.2947499e-07	2.7852027e-06	4.1361596e-07
ERR9612796	3	oral	5.8957846e-07	0.9999977	1.4231888e-07	1.3849697e-06	2.081923e-07
ERR9612797	3	oral	1.0558115e-06	0.9999986	3.4677075e-08	2.3170756e-07	4.162452e-08
ERR9612798	3	oral	1.7172871e-07	0.99999917	7.827097e-08	4.1304767e-07	1.5329094e-07
ERR9612799	3	oral	3.2881676e-06	0.99999356	2.7098326e-07	1.6392393e-06	1.2196595e-06
ERR9612800	3	oral	7.022603e-07	0.99999684	2.673319e-07	1.3181283e-06	8.6697565e-07
ERR9612801	3	oral	1.8883715e-07	0.9999977	6.5864654e-08	1.2763651e-06	7.6654896e-07
ERR9612802	3	oral	1.8689624e-07	0.9999991	4.8745004e-08	4.9612277e-07	1.3840263e-07
ERR9612803	3	oral	2.7383594e-06	0.9999964	5.8052994e-08	5.7609645e-07	1.9950674e-07
ERR9612804	3	oral	4.9031826e-07	0.9999981	1.1213279e-07	1.0586641e-06	2.6288848e-07
ERR9612805	3	oral	3.5913675e-07	0.99999756	2.0236621e-07	1.6806943e-06	2.252794e-07
ERR9612806	3	oral	3.0068284e-07	0.9999992	7.241212e-08	2.1674448e-07	1.6149501e-07
ERR9612807	3	oral	5.1452855e-07	0.999999	8.1444966e-08	3.5648128e-07	6.6472374e-08
ERR9612808	3	oral	3.5550696e-07	0.9999989	5.3116146e-08	5.978928e-07	7.717632e-08
ERR9612809	3	oral	9.899475e-06	0.99998385	7.174782e-07	4.0890045e-06	1.4220955e-06
ERR9612810	3	oral	7.830529e-06	0.99997365	9.473224e-07	1.4739834e-05	2.8046265e-06
ERR9612811	3	oral	5.440194e-07	0.9999992	3.9551836e-08	9.859109e-08	9.470571e-08
ERR9612812	3	oral	8.63201e-08	0.9999996	3.5659983e-08	1.7368829e-07	1.212741e-07
ERR9612813	3	oral	1.9399404e-07	0.9999992	3.3116994e-08	4.2745373e-07	1.0863159e-07
ERR9612814	3	oral	9.1315776e-08	0.9999996	3.9252292e-08	2.3377001e-07	5.958576e-08
ERR9612815	3	oral	2.9295209e-06	0.99999565	7.377809e-08	1.2503584e-06	8.198725e-08
ERR9612816	3	oral	6.6438395e-07	0.9999974	1.0367997e-07	1.6100037e-06	2.445207e-07
ERR9612817	3	oral	5.048493e-07	0.9999977	1.2051399e-07	1.4595631e-06	2.42822e-07
ERR9612818	3	oral	1.4410952e-06	0.9999915	2.8593055e-07	6.475185e-06	3.078071e-07
ERR9612819	3	oral	2.8672346e-07	0.9999981	1.284527e-07	1.325135e-06	1.7750875e-07
ERR9612820	3	oral	6.338165e-07	0.9999962	1.751423e-07	2.7683554e-06	2.546787e-07
ERR9612821	3	oral	2.124718e-07	0.9999991	4.8690417e-08	5.525821e-07	7.930145e-08
ERR9612822	3	oral	1.4751805e-07	0.9999994	5.8959277e-08	3.051897e-07	9.108916e-08
ERR9612823	3	oral	3.4649034e-07	0.99999624	1.6499526e-07	2.8283707e-06	3.9003586e-07
ERR9612824	3	oral	1.4976576e-06	0.9999945	3.0773435e-07	2.7341366e-06	9.343511e-07
ERR9612825	3	oral	4.5447964e-06	0.9999911	1.1928914e-07	3.087973e-06	1.1101854e-06
ERR9612826	3	oral	3.0609356e-06	0.9999949	1.17056636e-07	1.0502536e-06	9.22909e-07
ERR9612827	3	oral	3.81145e-07	0.9999991	7.071985e-08	3.615929e-07	7.613524e-08
ERR9612828	3	oral	2.0874202e-07	0.9999992	5.0466866e-08	4.5423815e-07	5.8343314e-08
ERR9612829	3	oral	2.449351e-07	0.99999803	1.2115872e-07	1.4165836e-06	1.6763856e-07
ERR9612830	3	oral	3.5138217e-07	0.99999815	1.2890996e-07	9.2765725e-07	4.1278494e-07
ERR9612831	3	oral	8.8340164e-07	0.99999785	9.360805e-08	8.977333e-07	2.7921004e-07
ERR9612832	3	oral	2.0185983e-07	0.9999988	8.304137e-08	7.5877404e-07	1.4011947e-07
ERR9612833	3	oral	1.1937765e-06	0.99999756	9.499147e-08	1.0368053e-06	1.3804386e-07
ERR9612834	3	oral	6.0889613e-07	0.9999984	5.4271727e-08	7.7985146e-07	1.7266689e-07
ERR9612835	3	oral	1.3023964e-06	0.9999973	9.123129e-08	9.403424e-07	3.4640533e-07
ERR9612836	3	oral	3.0895e-06	0.9999939	4.3895406e-07	1.5055034e-06	1.0549302e-06
ERR9612837	3	oral	1.09075614e-07	0.9999994	4.494196e-08	3.765682e-07	6.954223e-08
ERR9612838	3	oral	2.5747448e-07	0.99999917	5.1563834e-08	4.004063e-07	9.8488336e-08
ERR9612839	3	oral	8.9254456e-07	0.9999976	2.3210116e-07	9.803883e-07	2.9505776e-07
ERR9612840	3	oral	4.1308658e-07	0.999999	8.7640124e-08	3.8919833e-07	1.4013806e-07
ERR9612841	3	oral	0.00087043527	0.99912834	3.4585696e-07	5.4468705e-07	3.3778463e-07
ERR9612842	3	oral	0.00014004993	0.9998589	2.5790334e-07	6.084012e-07	1.9114945e-07
ERR9612843	3	oral	1.8706058e-05	0.9999646	1.4919488e-06	1.3409154e-05	1.8220325e-06
ERR9612844	3	oral	1.2451495e-06	0.9999951	1.7403516e-07	3.215375e-06	2.5197764e-07
ERR9612845	3	oral	3.5124847e-07	0.9999992	7.045316e-08	2.4571312e-07	1.2446955e-07
ERR9612846	3	oral	1.7105926e-07	0.9999995	3.850493e-08	1.9176147e-07	9.627285e-08
ERR9612847	3	oral	2.0767034e-06	0.9999916	4.4426656e-07	4.9966256e-06	8.599468e-07
ERR9612848	3	oral	4.7593514e-07	0.9999973	1.0711346e-07	1.9693855e-06	1.4758518e-07
ERR9612849	3	oral	2.9051844e-07	0.9999987	3.0704108e-08	7.467439e-07	2.2099383e-07
ERR9612850	3	oral	1.4478692e-07	0.99999887	6.412048e-08	2.049349e-07	7.421602e-07
ERR9612851	3	oral	8.9731316e-08	0.99999917	4.194374e-08	6.5085294e-07	3.452678e-08
ERR9612852	3	oral	7.997155e-07	0.9999988	6.62002e-08	2.642037e-07	8.0709256e-08
ERR9612853	3	oral	8.978588e-08	0.9999988	8.3778346e-08	8.729027e-07	1.1984447e-07
ERR9612854	3	oral	1.4587907e-07	0.99999624	1.17812284e-07	3.0283006e-06	4.71433e-07
ERR9612855	3	oral	3.7339947e-07	0.99999875	1.06926294e-07	6.4116864e-07	1.2405532e-07
ERR9612856	3	oral	5.8831273e-07	0.9999983	9.0172e-08	8.4948226e-07	2.1333989e-07
ERR9612857	3	oral	3.07407e-07	0.9999982	1.1028476e-07	1.0845735e-06	2.5857852e-07
ERR9612858	3	oral	1.0552695e-06	0.99999744	6.735346e-08	7.34759e-07	7.0353616e-07
ERR9612859	3	oral	3.0038427e-07	0.99999887	6.3811136e-08	6.0427897e-07	1.5159215e-07
ERR9612860	3	oral	1.7035488e-07	0.9999984	4.7997865e-08	1.3356312e-06	5.398157e-08
ERR9612861	3	oral	3.2152193e-06	0.99999523	1.6500985e-07	1.1686359e-06	2.2477982e-07
ERR9612862	3	oral	2.451156e-06	0.99999386	1.5494832e-07	1.4997808e-06	2.0537775e-06
ERR9612863	3	oral	2.98914e-07	0.99999875	9.36998e-08	6.888121e-07	1.5794109e-07
ERR9612864	3	oral	3.5682983e-06	0.99998945	2.781824e-07	6.379539e-06	3.5350538e-07
ERR9612865	3	oral	4.8557905e-07	0.9999989	4.4848342e-08	4.397589e-07	1.06713415e-07
ERR9612866	3	oral	4.1395788e-07	0.9999981	1.6978767e-07	9.072204e-07	4.2243613e-07
ERR9612867	3	oral	3.1412526e-07	0.9999991	4.5162963e-08	2.955074e-07	2.1752804e-07
ERR9612868	3	oral	1.1715516e-06	0.9999984	4.2249155e-08	2.9593085e-07	9.708155e-08
ERR9612869	3	oral	2.0145571e-06	0.9999958	1.2636572e-07	1.691044e-06	3.4769428e-07
ERR9612870	3	oral	3.23189e-07	0.99999917	4.1957957e-08	4.3832264e-07	4.6435606e-08
ERR9612871	3	oral	1.4107141e-07	0.9999993	4.6304717e-08	3.143851e-07	2.0976442e-07
ERR9612872	3	oral	9.4032765e-07	0.9999986	5.575823e-08	2.267426e-07	1.5748554e-07
ERR9612873	3	oral	1.687397e-07	0.9999981	5.5851068e-08	1.6141018e-06	6.595764e-08
ERR9612874	3	oral	5.3473873e-06	0.99999064	1.9761745e-07	3.5260312e-06	2.733961e-07
ERR9612875	3	oral	2.0905288e-06	0.99998975	5.288251e-07	6.857567e-06	7.5765786e-07
ERR9612876	3	oral	2.1606199e-07	0.99999803	1.0430652e-07	1.4929071e-06	1.4093469e-07
ERR9612877	3	oral	8.083653e-07	0.99999845	5.4428767e-08	3.9790322e-07	2.7041574e-07
ERR9612878	3	oral	3.875414e-07	0.9999977	9.9897925e-08	9.812857e-07	8.4442735e-07
ERR9612879	3	oral	1.9938268e-07	0.9999979	8.200525e-08	1.6752768e-06	1.5772875e-07
ERR9612880	3	oral	2.2101715e-07	0.99999434	9.6696844e-08	5.138337e-06	2.2171825e-07
ERR9612881	3	oral	1.2245044e-07	0.9999994	5.163154e-08	2.091424e-07	2.2861393e-07
ERR9612882	3	oral	1.1333623e-07	0.9999991	5.1715052e-08	5.0015024e-07	2.3334779e-07
ERR9612883	3	oral	1.2943054e-06	0.9999942	1.769505e-07	4.032951e-06	2.6179407e-07
ERR9612884	3	oral	9.0487805e-07	0.9999952	3.9604256e-08	3.8247204e-06	6.172109e-08
ERR9612885	3	oral	2.4829882e-07	0.99999917	1.0256028e-07	3.8639834e-07	1.0016506e-07
ERR9612886	3	oral	1.962171e-06	0.9999961	1.817769e-07	1.288714e-06	4.7135057e-07
ERR9612887	3	oral	9.874122e-07	0.99999684	2.9149248e-07	1.4015228e-06	4.906953e-07
ERR9612888	3	oral	1.8880345e-07	0.9999993	6.210091e-08	3.236487e-07	1.5042707e-07
ERR9612889	3	oral	1.8915143e-06	0.999997	8.9840846e-08	8.021437e-07	2.1525389e-07
ERR9612890	3	oral	7.6787956e-07	0.99999857	7.15687e-08	4.4198816e-07	1.5200195e-07
ERR9612891	3	oral	1.1314471e-06	0.99999666	1.2217798e-07	1.8726838e-06	2.1116347e-07
ERR9612892	3	oral	4.730295e-07	0.99999744	9.8581694e-08	1.8317912e-06	1.75647e-07
ERR9612893	3	oral	5.880452e-07	0.999995	1.7154434e-07	3.99927e-06	2.1917833e-07
ERR9612894	3	oral	9.838187e-07	0.99997926	2.15137e-07	1.9265692e-05	2.9408284e-07
ERR9612895	3	oral	4.8977375e-07	0.9999931	7.053484e-08	6.267759e-06	8.029687e-08
ERR9612896	3	oral	8.0529276e-07	0.99999815	8.809779e-08	7.8710997e-07	1.9690542e-07
ERR9612897	3	oral	1.1472685e-07	0.9999987	4.6473975e-08	1.0080876e-06	1.1483103e-07
ERR9612898	3	oral	1.5716988e-06	0.9999944	1.3913098e-07	3.6595613e-06	2.2171098e-07
SRR1047998	0	gut	4.7855366e-07	0.99999	6.7567544e-07	8.453609e-06	4.128626e-07
SRR12136712	3	oral	7.704721e-06	0.9999421	7.1727396e-07	3.381014e-05	1.5641544e-05
SRR12136713	3	oral	3.058906e-07	0.99999857	5.0791865e-08	9.722902e-07	1.1611187e-07
SRR12462930	3	oral	8.984075e-07	0.9999987	3.7150983e-08	3.0668787e-07	7.049996e-08
SRR12462931	3	oral	2.8759487e-07	0.999999	3.7817877e-08	5.305032e-07	1.4614498e-07
SRR12462932	3	oral	1.0841443e-07	0.99999946	4.650449e-08	2.469453e-07	1.1614361e-07
SRR12462933	3	oral	1.8807299e-07	0.9999991	5.9851054e-08	3.7769158e-07	2.9146787e-07
SRR12462934	3	oral	7.508258e-08	0.9999996	3.097671e-08	1.8808964e-07	1.0797651e-07
SRR12462935	3	oral	1.8861705e-07	0.99999917	1.0100049e-07	3.974438e-07	1.5166944e-07
SRR12462936	3	oral	3.0053016e-07	0.99997914	1.2367434e-07	2.0238153e-05	2.1035228e-07
SRR12462937	3	oral	5.181188e-07	0.99999815	4.8473265e-08	7.1825974e-07	5.460085e-07
SRR12462938	3	oral	1.869331e-06	0.99999297	1.306694e-07	4.590956e-06	4.173641e-07
SRR12462939	3	oral	1.0294848e-06	0.99997956	2.8900845e-07	1.8768767e-05	3.3359697e-07
SRR12462940	3	oral	1.3223811e-06	0.9999975	1.2772166e-07	8.8001065e-07	1.8944512e-07
SRR12462941	3	oral	3.8434346e-06	0.9999883	1.0734387e-07	7.5580797e-06	1.5273453e-07
SRR12462942	3	oral	1.374505e-06	0.99999565	1.1008873e-07	2.631406e-06	2.588955e-07
SRR12462943	3	oral	8.0931926e-07	0.99999595	1.9315063e-07	2.4001074e-06	6.223813e-07
SRR12462944	3	oral	2.2578783e-07	0.99999875	9.301887e-08	6.4103955e-07	3.0145765e-07
SRR12462945	3	oral	1.2367845e-07	0.9999994	4.77034e-08	3.2973446e-07	9.8353034e-08
SRR12462946	3	oral	1.9549475e-06	0.9999936	3.1050016e-07	3.557137e-06	5.4760034e-07
SRR12462947	3	oral	6.781466e-07	0.99999887	4.8481343e-08	2.3222621e-07	1.6145817e-07
SRR13355784	1	oral	1.84484e-07	0.99999875	1.14536284e-07	8.7100466e-07	1.0202352e-07
SRR13355785	1	oral	1.0265159e-06	0.99998933	5.184909e-07	8.551e-06	5.5138577e-07
SRR13355786	1	oral	6.487719e-07	0.9999934	3.5836575e-07	5.380826e-06	2.4501253e-07
SRR13355787	1	oral	5.9663876e-08	0.9999992	3.8258378e-08	6.509144e-07	2.4192438e-08
SRR13355789	1	oral	5.347123e-07	0.9999908	2.6537194e-07	8.228748e-06	1.5399725e-07
SRR13355790	1	oral	1.601884e-07	0.9999982	2.2039914e-07	1.3065163e-06	1.2201133e-07
SRR13355791	1	oral	3.0719196e-08	0.9999996	1.4424105e-08	3.212199e-07	6.186212e-08
SRR13355792	1	oral	1.6835468e-06	0.9999789	9.56061e-07	1.7884973e-05	5.602366e-07
SRR13355794	1	oral	1.4313072e-06	0.99997	9.543418e-07	2.6995918e-05	5.803892e-07
SRR13355796	1	oral	2.3050686e-07	0.9999989	7.2124145e-08	4.918205e-07	2.8467417e-07
SRR13355797	1	oral	4.126158e-08	0.99999976	2.6340345e-08	9.536675e-08	6.3048326e-08
SRR13355798	1	oral	3.472707e-08	0.9999997	2.8950216e-08	1.579056e-07	9.1402256e-08
SRR13355799	1	oral	1.6317378e-07	0.9999992	6.1393145e-08	4.0334987e-07	1.3741419e-07
SRR13355800	1	oral	7.148208e-07	0.99999785	1.152463e-07	8.6959153e-07	4.678462e-07
SRR13355801	1	oral	3.8062316e-07	0.99999905	4.2744144e-08	2.7989998e-07	2.3326149e-07
SRR13355802	1	oral	3.5928826e-07	0.99999595	2.5057474e-07	3.2836774e-06	1.6172778e-07
SRR13355803	1	oral	4.6168137e-07	0.99999535	6.430934e-07	3.1379334e-06	3.8094052e-07
SRR13355804	1	oral	1.2430418e-06	0.99997514	1.5542233e-06	7.8903595e-06	1.4178437e-05
SRR13355805	1	oral	2.160804e-07	0.99998415	2.451011e-07	1.3062464e-05	2.3015084e-06
SRR13355806	1	oral	3.754742e-06	0.99991274	2.494216e-06	7.9451405e-05	1.5390378e-06
SRR13355807	1	oral	1.6451706e-06	0.9999873	1.3964535e-06	8.821314e-06	8.443931e-07
SRR13355808	1	oral	1.673779e-05	0.999967	5.2907894e-06	7.5078856e-06	3.5031067e-06
SRR13355809	1	oral	2.2352953e-07	0.9999871	2.9912903e-07	1.2199143e-05	1.7589988e-07
SRR13355810	1	oral	4.9084698e-05	0.9998724	2.5317451e-05	3.8422833e-05	1.47750525e-05
SRR13355811	1	oral	3.866763e-08	0.999993	5.385228e-08	6.8486474e-06	3.8045208e-08
SRR13355812	1	oral	7.2131556e-06	0.9998767	3.744948e-06	0.00011009727	2.28771e-06
SRR13355813	1	oral	2.7112839e-07	0.99984884	2.8398654e-07	0.00014977262	8.084007e-07
SRR17604731	0	oral	0.00034425218	0.6981304	0.0005903722	0.3009228	1.2143301e-05
SRR17604732	0	oral	1.7951805e-07	0.9999996	2.3551689e-08	1.8486702e-07	5.6664142e-08
SRR17604735	0	oral	1.15105685e-07	0.9999991	3.0281807e-08	5.9788186e-07	1.5450213e-07
SRR17604736	0	oral	5.821685e-08	0.99999946	2.5813861e-08	8.7360874e-08	3.4285335e-07
SRR17604737	0	oral	1.1605789e-07	0.9999985	3.0372913e-08	1.309427e-06	6.2173996e-08
SRR17604738	0	oral	3.0608228e-07	0.99998486	1.08070665e-07	1.4369242e-05	3.8161093e-07
SRR17604739	0	oral	8.4637946e-08	0.99999934	2.8747499e-08	3.9139758e-07	1.2170322e-07
SRR17604740	0	oral	1.574943e-07	0.99999964	2.5796373e-08	1.15830744e-07	7.436104e-08
SRR17604741	0	oral	4.207569e-08	0.99999934	3.5212516e-08	5.63097e-07	2.1520814e-08
SRR17604742	0	oral	3.8098737e-08	0.9999998	1.6801916e-08	7.5251414e-08	4.8481446e-08
SRR17604743	0	oral	3.5736323e-07	0.9999994	2.2871715e-08	7.1711675e-08	1.168535e-07
SRR17604744	0	oral	8.291487e-08	0.9999997	1.9698238e-08	7.946001e-08	9.602074e-08
SRR17604745	0	oral	1.0153962e-07	0.9999984	1.079845e-06	3.6340268e-07	5.2328264e-08
SRR17604746	0	oral	8.663918e-08	0.99999946	3.6733482e-08	2.6296917e-07	1.3110599e-07
SRR17604747	0	oral	1.1978683e-07	0.9999989	4.3857023e-07	5.1337803e-08	4.7397367e-07
SRR17604748	0	oral	4.2440735e-08	0.9999997	2.224026e-08	1.477868e-07	8.1141074e-08
SRR17604749	0	oral	4.016363e-08	0.9999997	1.2349569e-08	2.005434e-07	2.162348e-08
SRR17604750	0	oral	1.1133814e-07	0.9999997	1.8628802e-08	1.4995734e-07	2.4103253e-08
SRR17604751	0	oral	2.8723399e-08	0.9999998	1.5112137e-08	7.246607e-08	7.5125925e-08
SRR17604752	0	oral	7.8907235e-08	0.99999976	1.6925297e-08	8.479341e-08	3.0092462e-08
SRR17604753	0	oral	1.2008604e-07	0.99999976	2.0028388e-08	8.326111e-08	3.4389863e-08
SRR17604754	0	oral	2.6523596e-06	6.725735e-06	0.00040298424	0.9995869	7.4054293e-07
SRR17604755	0	oral	1.9437871e-07	0.99999917	3.959154e-08	3.6466054e-07	2.4859855e-07
SRR17604756	0	oral	9.456676e-08	0.99999976	1.8182645e-08	8.0319914e-08	7.055001e-08
SRR17604757	0	oral	2.1552279e-07	0.99999857	7.8084184e-07	3.0057112e-07	1.5739221e-07
SRR17604758	0	oral	1.7293766e-07	0.99999946	2.5452264e-08	2.237361e-07	1.3485462e-07
SRR17604759	0	oral	1.11898366e-07	0.99999964	2.4545656e-08	1.0379045e-07	8.936429e-08
SRR17604760	0	oral	6.7815996e-08	0.9999998	1.7931903e-08	7.2813435e-08	4.8742706e-08
SRR17604761	0	oral	1.4864403e-06	0.9999876	4.0636846e-06	5.6079516e-06	1.2307797e-06
SRR17604762	0	oral	1.2028417e-07	0.9999996	3.267868e-08	8.739552e-08	1.6491332e-07
SRR17604763	0	oral	1.02206364e-07	0.99999964	1.5485169e-08	1.5998855e-07	5.5873105e-08
SRR17604764	0	oral	1.5594429e-05	0.9999664	8.18348e-06	9.464824e-06	3.8388364e-07
SRR17604765	0	oral	3.107877e-06	0.9995827	7.309582e-07	0.00041291156	5.553232e-07
SRR17604766	0	oral	8.109757e-07	0.9999912	4.4538126e-07	7.2244475e-06	3.1929133e-07
SRR17604767	0	oral	5.623322e-07	0.9999933	2.9579246e-07	4.1090975e-06	1.7283709e-06
SRR17604768	0	oral	1.8437073e-07	0.999998	1.1159896e-07	1.6295418e-06	8.125269e-08
SRR17604769	0	oral	4.450479e-08	0.9999998	1.8266306e-08	8.966844e-08	1.3446809e-08
SRR17604770	0	oral	1.221197e-07	0.999999	9.845801e-08	6.5048073e-07	1.6266043e-07
SRR17604771	0	oral	5.015805e-07	0.9999979	4.9978205e-08	1.3328334e-06	2.2822489e-07
SRR17604772	0	oral	1.2864928e-07	0.99999714	5.8307727e-08	2.5184054e-06	1.5037635e-07
SRR17604773	0	oral	5.7339847e-08	0.9999947	5.1461846e-08	5.1316683e-06	5.1686232e-08
SRR17604774	0	oral	1.2068081e-06	0.9999952	7.624242e-08	3.4582847e-06	6.8238954e-08
SRR17604775	0	oral	6.407202e-08	0.99999905	2.6737428e-08	8.1981096e-07	5.557058e-08
SRR17604776	0	oral	8.1785274e-08	0.99999964	1.4988595e-08	2.0799499e-07	2.5892561e-08
SRR17604777	0	oral	5.122716e-07	0.99999726	8.028207e-08	1.2628196e-06	8.594931e-07
SRR17604778	0	oral	1.0901e-05	0.99979	1.0018565e-06	0.00019753496	5.6015284e-07
SRR17604779	0	oral	2.2482578e-07	0.9999974	2.9749295e-08	2.3697664e-06	1.9154824e-08
SRR17604780	0	oral	2.5158888e-06	0.9999947	1.8121042e-07	1.2675708e-06	1.3359617e-06
SRR17604781	0	oral	2.672879e-06	0.99980056	4.8175065e-07	0.0001959011	3.7496852e-07
SRR17604782	0	oral	4.6196857e-07	0.9999728	2.1934771e-05	4.413485e-06	3.4775252e-07
SRR17604783	0	oral	0.00019912903	0.26733023	0.0002316136	0.731959	0.00028001925
SRR17604784	0	oral	1.3726124e-06	0.9999879	1.6927083e-06	8.361655e-06	6.8175825e-07
SRR17604785	0	oral	4.2289102e-08	0.9999999	1.0806652e-08	4.439052e-08	1.9317959e-08
SRR17604786	0	oral	2.2013564e-08	0.9999999	1.3050656e-08	6.6391166e-08	3.382802e-08
SRR17604787	0	oral	1.341758e-07	0.99999946	4.430724e-08	2.6018674e-07	8.388623e-08
SRR17604788	0	oral	5.7955265e-08	0.9999996	2.965699e-08	2.8798604e-07	6.5200986e-08
SRR17604789	0	oral	3.9957165e-08	0.9999997	2.5969683e-08	2.0581841e-07	5.1735935e-08
SRR17604790	0	oral	4.984624e-08	0.9999996	2.8343331e-08	2.7759677e-07	3.732502e-08
SRR17604791	0	oral	4.4178638e-08	0.9999999	1.3121759e-08	4.044593e-08	3.3254338e-08
SRR17604792	0	oral	5.073671e-08	0.9999998	1.945855e-08	4.8136595e-08	5.070572e-08
SRR17604793	0	oral	2.2146583e-07	0.99999964	1.7766846e-08	4.437853e-08	7.907277e-08
SRR17604794	0	oral	6.8044365e-08	0.99999917	6.749772e-08	6.7845025e-07	4.1722878e-08
SRR17604795	0	oral	2.9897638e-08	0.9999998	1.4091542e-08	7.101689e-08	4.2446707e-08
SRR17604796	0	oral	1.3727646e-07	0.99999964	1.621635e-08	5.8827222e-08	1.6925712e-07
SRR17604797	0	oral	3.277318e-08	0.9999995	1.594135e-08	3.7711825e-07	2.7796114e-08
SRR17604798	0	oral	1.6783989e-07	0.9999996	2.7148205e-08	1.8074225e-07	4.250462e-08
SRR17604799	0	oral	1.0008372e-07	0.99999964	2.9555185e-08	1.7991955e-07	6.034272e-08
SRR17604800	0	oral	4.7848633e-08	0.9999955	2.9048246e-08	4.279613e-06	8.690909e-08
SRR17604801	0	oral	1.1702028e-06	0.9999349	5.840793e-07	6.226051e-05	1.0713446e-06
SRR17604802	0	oral	0.007681842	0.120798044	0.004443576	0.86450756	0.0025689788
SRR17604803	0	oral	3.5701253e-06	0.9999481	2.3323892e-06	4.466238e-05	1.3706159e-06
SRR17604804	0	oral	5.771165e-07	0.9999988	6.124996e-08	3.6216738e-07	1.6697987e-07
SRR17604805	0	oral	6.655136e-08	0.99999964	2.0294113e-08	1.5396436e-07	9.7616564e-08
SRR17604806	0	oral	4.826561e-06	0.98937315	3.4238064e-06	0.010608641	9.962198e-06
SRR17604807	0	oral	9.60324e-08	0.99999964	1.5840804e-08	8.243102e-08	1.6123147e-07
SRR17604808	0	oral	1.2495057e-07	0.9999995	3.293085e-08	1.1153957e-07	2.0626678e-07
SRR19160147	3	gut	2.598871e-05	0.69966745	0.29999197	0.00018396812	0.00013060521
SRR19160150	3	gut	0.00027725415	0.9978565	0.00016430326	0.0011743152	0.00052760355
SRR19160161	3	gut	0.0023259781	0.9909769	0.00044010484	0.0051891026	0.0010679077
SRR19160174	3	gut	0.44361478	0.50128996	0.0044957227	0.0029488066	0.047650717
SRR19160175	3	gut	0.00024462625	0.8990977	0.09722543	0.000962007	0.00247025
SRR19160180	3	gut	0.00027679896	0.9925042	0.0004313658	0.0024475316	0.0043401327
SRR19160184	3	gut	0.00021268021	0.99234873	0.0005048119	0.005831128	0.0011026587
SRR19160194	3	gut	0.13409133	0.81629556	0.017336331	0.027936053	0.0043406924
SRR19160206	3	gut	0.0073485966	0.96270347	0.0023122649	0.014844655	0.012791041
SRR19160231	3	gut	0.0017240623	0.030343093	0.9654332	0.00067011913	0.0018295445
SRR19160251	3	gut	0.00025877106	0.9818449	0.015668767	0.00097320473	0.0012543345
SRR2229974	0	oral	1.6042908e-06	0.9999613	2.2077193e-06	3.3542896e-05	1.3498867e-06
SRR2229975	0	skeletal tissue	3.3321103e-07	0.9999771	4.8891627e-07	2.1741878e-05	3.5069937e-07
SRR2229976	0	oral	1.8958814e-06	0.9999445	2.6089872e-06	4.9380335e-05	1.593399e-06
SRR2229977	0	skeletal tissue	1.1128794e-06	0.9999523	1.5371861e-06	4.4120003e-05	9.301131e-07
SRR23699551	1	oral	9.981281e-07	0.99999833	4.1941217e-08	3.728847e-07	2.2737304e-07
SRR23699552	1	oral	4.6110763e-08	0.99999017	4.691361e-08	9.617864e-06	1.2508372e-07
SRR23699553	1	oral	3.425281e-08	0.9999995	2.2198327e-08	2.8343132e-07	1.3989134e-07
SRR23699554	1	oral	2.3995692e-06	0.99999493	2.13606e-07	2.0322916e-06	4.081694e-07
SRR23699555	1	oral	4.8070336e-07	0.99999934	1.9464132e-08	1.0365201e-07	6.351624e-08
SRR23699556	1	oral	6.097376e-08	0.9999996	3.7249457e-08	1.8874513e-07	1.10726084e-07
SRR23699557	1	oral	6.724439e-07	0.9999978	4.594207e-08	1.2412502e-06	2.4125728e-07
SRR23699558	1	oral	6.9103e-07	0.9999962	3.3923484e-07	2.5134223e-06	2.879576e-07
SRR23699559	1	oral	1.8013061e-06	0.99999595	1.07527555e-07	1.8936486e-06	2.6130223e-07
SRR23699560	1	oral	1.2100861e-07	0.99999934	6.007872e-08	3.2466514e-07	1.456216e-07
SRR23699561	1	oral	3.0734216e-07	0.99999917	6.391604e-08	2.1905795e-07	2.1782174e-07
SRR23699562	1	oral	1.1209859e-06	0.99999815	6.537215e-08	5.2334144e-07	1.2143134e-07
SRR23699563	1	oral	5.3972926e-08	0.9999993	3.7886625e-08	5.1140984e-07	8.62353e-08
SRR23699564	1	oral	0.0005525647	0.9981936	0.00015889957	0.0010881618	6.739564e-06
SRR23699565	1	oral	1.3905878e-07	0.99999946	3.3161957e-08	2.981447e-07	9.341965e-08
SRR23699566	1	oral	3.4454215e-06	0.99999505	1.1142289e-07	1.0855676e-06	2.9137644e-07
SRR23699567	1	oral	1.4661772e-06	0.9999974	8.263198e-08	7.997352e-07	2.897137e-07
SRR23699568	1	oral	5.4881557e-06	0.99998814	1.9311263e-07	5.7112866e-06	4.9318555e-07
SRR23699569	1	oral	3.326222e-07	0.9999992	7.7911515e-08	2.3226075e-07	1.5335362e-07
SRR23699570	1	oral	4.503053e-07	0.9999989	4.370735e-08	4.2824198e-07	1.2975421e-07
SRR23699571	1	oral	5.250632e-07	0.9999988	6.330016e-08	4.524406e-07	1.3315318e-07
SRR23699572	1	oral	2.3616897e-07	0.9999987	1.1394206e-07	5.653384e-07	3.7063703e-07
SRR23699573	1	oral	7.195511e-07	0.99999875	1.6918486e-07	1.2690018e-07	2.0870282e-07
SRR23699574	1	oral	1.4904815e-06	0.9999954	2.6277587e-07	2.2568897e-06	6.035535e-07
SRR23699575	1	oral	3.6259294e-07	0.99999887	7.398196e-08	5.2043316e-07	1.9321722e-07
SRR23699576	1	oral	7.1868146e-07	0.9999987	6.353907e-08	2.9582088e-07	2.2313145e-07
SRR23699577	1	oral	1.0202224e-06	0.9999984	5.5573786e-08	3.1200275e-07	1.9555267e-07
SRR23699578	1	oral	2.1939509e-06	0.99999636	1.2091986e-07	6.575031e-07	6.756688e-07
SRR30066258	2	oral	2.1184663e-07	0.99999887	1.11316915e-07	7.1374944e-07	1.1260866e-07
SRR30066259	2	oral	1.0614791e-06	0.9999943	5.4536474e-07	3.6776455e-06	4.4555367e-07
SRR30066260	2	oral	1.698034e-06	0.999993	7.6722205e-07	2.7593471e-06	1.7200695e-06
SRR30066261	2	oral	1.349197e-06	0.99999756	1.2320969e-07	6.120706e-07	3.333806e-07
SRR30066262	2	oral	1.3877805e-07	0.9999988	1.7624626e-07	7.322448e-07	1.4321269e-07
SRR30066263	2	oral	1.4912132e-07	0.99986655	0.00013225088	9.587951e-07	1.1838971e-07
SRR30066264	2	oral	1.4956822e-07	0.9999986	9.784467e-08	9.437293e-07	1.780745e-07
SRR30066265	2	oral	1.1014314e-05	0.928735	3.9714932e-06	0.07124618	3.845145e-06
SRR30066269	2	oral	2.9528255e-07	0.9999982	2.2198309e-07	1.0707854e-06	2.2196599e-07
SRR30066270	2	oral	8.414529e-08	0.9999977	5.524338e-08	1.2911177e-06	8.9431677e-07
SRR30066271	2	oral	1.8694498e-06	0.99999624	5.6215254e-07	1.0053654e-06	2.957141e-07
SRR30066272	2	oral	2.0334087e-06	0.99999666	1.951974e-07	6.305408e-07	4.9124054e-07
SRR4047197	4	plant tissue	0.05967892	0.8541045	0.057658106	0.01196415	0.016594315
SRR4047199	4	plant tissue	0.053384893	0.8660694	0.053478617	0.011675676	0.0153914355
SRR4047201	4	plant tissue	0.059423603	0.8504505	0.057411436	0.016191112	0.016523322
SRR4047203	4	plant tissue	0.062393215	0.84027237	0.060292974	0.019692492	0.01734896
SRR4047207	4	plant tissue	0.12049613	0.7030556	0.11664275	0.026303912	0.033501595
SRR4047214	4	plant tissue	0.44860658	0.30800334	0.1310177	0.0699875	0.042384867
SRR4047219	4	plant tissue	0.0064054714	0.98428756	0.006188884	0.0013414924	0.0017765831
SRR4047221	4	plant tissue	0.0024311743	0.99516547	0.001412183	0.00047741973	0.00051377993
SRR4047223	4	plant tissue	0.0075224997	0.9834391	0.0061053378	0.0013252288	0.0016078646
SRR4047225	4	plant tissue	0.0031259765	0.99296594	0.002517541	0.0005691872	0.00082133856
SRR4047228	4	plant tissue	0.030091366	0.8962864	0.05080191	0.008365967	0.014454327
SRR5047040	4	oral	0.00079684897	0.13411364	0.0003551406	0.8645818	0.00015253357
SRR5047041	4	oral	7.916161e-06	0.00028985765	7.997065e-06	0.9996909	3.3576086e-06
SRR5047042	4	oral	5.180683e-08	3.131251e-07	8.8612154e-08	0.99999946	7.406362e-08
SRR5047043	4	oral	2.9938194e-05	0.011457111	5.376231e-05	0.9884335	2.5734767e-05
SRR5047044	4	oral	0.00028399614	0.23152258	0.0002567816	0.7678384	9.82049e-05
SRR5047045	4	oral	9.920924e-06	0.05758394	6.0384027e-06	0.9423976	2.4944231e-06
SRR5047046	4	oral	9.402814e-06	0.014509782	1.6865393e-05	0.9854568	7.12607e-06
SRR5047047	4	oral	2.0412522e-06	0.00016376538	1.4919426e-06	0.99982435	8.3435325e-06
SRR5047048	4	oral	7.937291e-07	0.00012089016	1.2125472e-06	0.9998765	5.8706877e-07
SRR5047049	4	oral	4.875614e-07	1.7143149e-06	7.4768315e-07	0.99999666	3.9689724e-07
SRR5047050	4	oral	1.8635345e-06	9.0558795e-05	3.5702808e-06	0.99989504	8.99497e-06
SRR5047051	4	oral	1.5938444e-06	7.915784e-05	2.853461e-06	0.99991524	1.1597465e-06
SRR5047052	4	oral	9.602123e-06	0.00019362353	1.7155671e-05	0.99977213	7.5027024e-06
SRR5047053	4	oral	0.00010008822	0.38173878	0.00012785553	0.6178972	0.00013604664
SRR5047054	4	oral	0.00017163789	0.13175367	0.00029787654	0.86743784	0.00033898195
SRR5047055	4	oral	1.9224783e-05	0.99986935	3.4538276e-05	6.364999e-05	1.32563e-05
SRR5047056	4	oral	3.3062797e-06	5.286935e-05	5.3965555e-06	0.9999361	2.3300802e-06
SRR5047057	4	oral	1.7705692e-05	0.001164081	1.622577e-05	0.99879473	7.2611942e-06
SRR5047058	4	oral	2.2159788e-06	7.6994465e-06	3.214272e-07	0.9999895	2.8220498e-07
SRR5047059	4	oral	5.8837018e-06	9.819505e-06	3.3855147e-06	0.9999743	6.6132566e-06
SRR5047060	4	oral	8.380384e-05	0.0008328678	7.8525945e-06	0.9990675	8.015777e-06
SRR5047061	4	oral	3.482613e-07	3.840396e-06	3.836207e-07	0.99999523	2.083869e-07
SRR5047062	4	oral	3.1756266e-05	0.007856251	1.8371184e-05	0.992078	1.5594522e-05
SRR5047063	4	oral	6.2088463e-07	0.9996806	6.696899e-07	0.00031773763	4.1576493e-07
SRR5047064	4	oral	0.0002906638	0.50614816	0.0003502192	0.4926537	0.0005572703
SRR5047065	4	oral	5.515629e-06	0.0061322534	5.9797485e-06	0.99385375	2.4869169e-06
SRR5047066	4	oral	3.913642e-07	4.1439157e-06	7.1058037e-07	0.99999446	3.0088526e-07
SRR5047067	4	oral	1.7385132e-06	2.7093585e-05	2.6227292e-06	0.9999674	1.1366509e-06
SRR5047068	4	oral	5.904047e-07	4.5822053e-06	4.3074826e-07	0.99999404	3.4971254e-07
SRR5047069	4	oral	1.2548851e-05	0.0020499872	5.7161587e-06	0.9979217	1.0062687e-05
SRR5047070	4	oral	2.9998869e-06	7.682058e-05	4.6250107e-06	0.9999136	1.9856411e-06
SRR5047071	4	oral	4.175356e-07	1.2571733e-05	4.3816868e-07	0.99998635	2.0434425e-07
SRR5047072	4	oral	8.416884e-05	0.23584412	9.100023e-05	0.76394004	4.0691535e-05
SRR5047073	4	oral	3.559977e-08	1.2660166e-07	5.762573e-08	0.9999997	5.6341136e-08
SRR5047074	4	oral	4.51084e-06	0.0017644631	3.9153306e-06	0.9982256	1.4872788e-06
SRR5047075	4	oral	7.950389e-06	0.000977322	1.3214777e-05	0.9989935	8.016241e-06
SRR5047076	4	oral	0.00014965107	0.34966987	0.0002680694	0.64980096	0.00011144693
SRR5047077	4	oral	5.6528283e-05	0.12928568	5.336514e-05	0.8705785	2.5885382e-05
SRR5047078	4	oral	1.9291418e-05	0.021960793	3.4168763e-05	0.97796893	1.6841377e-05
SRR5047079	4	oral	7.780093e-08	2.443069e-07	1.0352135e-07	0.9999995	6.182688e-08
SRR5047080	4	oral	6.644375e-05	0.0033925097	5.9693433e-05	0.9964578	2.355549e-05
SRR5047081	4	oral	8.779553e-07	0.00014279732	1.3304875e-06	0.9998538	1.2164559e-06
SRR5047082	4	oral	0.00028026392	0.027749658	0.0005374324	0.9710128	0.00041987823
SRR5047083	4	oral	1.04297915e-05	0.00037418923	9.4864245e-06	0.9996013	4.603918e-06
SRR5047084	4	oral	0.00060316426	0.89708215	0.00052575546	0.1015849	0.00020400777
SRR5047085	4	oral	3.850162e-05	0.030874033	5.3873653e-05	0.9690121	2.1483831e-05
SRR5047086	4	oral	0.00019342001	0.41268566	0.00034930726	0.58663887	0.00013275418
SRR5047087	4	oral	8.994829e-07	7.65005e-05	1.5793784e-06	0.9999202	8.123762e-07
SRR5047088	4	oral	3.5371147e-07	5.3179856e-06	6.7136476e-08	0.9999942	5.268809e-08
SRR5047089	4	oral	1.5452368e-07	1.2565636e-06	2.5363937e-07	0.9999981	2.359054e-07
SRR5047090	4	oral	6.8577947e-07	0.00041716214	1.0367219e-06	0.9995807	4.4733522e-07
SRR5047091	4	oral	5.0911405e-07	2.6489663e-06	5.423715e-07	0.999996	3.0790193e-07
SRR5047092	4	oral	0.000396966	0.0035129068	0.00015887861	0.9956417	0.0002895336
SRR5047093	4	oral	3.0119974e-05	0.026007311	1.1894405e-05	0.973943	7.659613e-06
SRR5047094	4	oral	1.2000323e-06	5.049731e-05	1.6124271e-06	0.99994504	1.6421195e-06
SRR5047095	4	oral	1.5227669e-05	0.034601703	1.3245163e-05	0.9653602	9.590956e-06
SRR5047096	4	oral	8.331119e-05	0.99743336	4.8962946e-05	0.002395843	3.8520917e-05
SRR5047097	4	oral	5.163882e-06	0.0069620875	8.0563705e-06	0.9930205	4.24016e-06
SRR5047098	4	oral	7.9081794e-08	6.5229887e-07	1.3906971e-07	0.999999	1.3179991e-07
SRR5047099	4	oral	1.7528899e-05	0.0028249137	2.6999867e-05	0.9970434	8.721414e-05
SRR5047100	4	oral	7.669796e-06	0.0008555624	1.3743957e-05	0.99911726	5.78461e-06
SRR5047101	4	oral	5.173744e-06	0.00040427147	9.370815e-06	0.9995727	8.496835e-06
SRR5047102	4	oral	2.6205355e-05	0.64447004	4.6928573e-05	0.35543653	2.0291362e-05
SRR5047103	4	oral	0.00023293725	0.84480673	0.00041723737	0.15438363	0.00015944988
SRR5047104	4	oral	1.7909946e-05	0.755922	1.6097614e-05	0.24403019	1.3763185e-05
SRR5047105	4	oral	1.6147584e-05	0.8340176	1.425346e-05	0.16594653	5.4805014e-06
SRR5047106	4	oral	8.4277616e-07	9.925557e-06	7.7260626e-07	0.99998814	3.073235e-07
SRR5047107	4	oral	4.901601e-06	0.0023102704	4.081331e-06	0.99767673	4.003142e-06
SRR5047108	4	oral	1.2648351e-06	0.0002733891	8.1439737e-07	0.99972385	7.048808e-07
SRR5047109	4	oral	2.450415e-07	5.6648814e-06	4.1937298e-07	0.9999923	1.3384102e-06
SRR5047110	4	oral	0.00052986207	0.13731343	0.0009864788	0.8607659	0.00040436094
SRR5047111	4	oral	1.9142286e-07	0.9999132	2.3099119e-07	8.6017535e-05	3.634667e-07
SRR5047112	4	oral	1.4702551e-05	0.99989957	2.643981e-05	4.9620226e-05	9.694773e-06
SRR5047113	4	oral	7.705917e-06	0.11370222	1.1971688e-05	0.8862732	4.9105365e-06
SRR5047114	4	oral	1.365073e-06	0.00016926769	1.0737086e-06	0.9998272	1.0639837e-06
SRR5047115	4	oral	9.3381595e-06	0.001182914	1.3474539e-05	0.99878466	9.5883615e-06
SRR5047116	4	oral	3.3319301e-07	9.165477e-06	3.7292105e-07	0.99998987	2.5443742e-07
SRR5047117	4	oral	6.1595756e-06	0.0010648468	1.1534903e-05	0.9989128	4.6263067e-06
SRR5047118	4	oral	1.7558068e-06	5.5906137e-05	2.5816173e-06	0.999938	1.7555355e-06
SRR5047119	4	oral	2.1738724e-05	0.0018583365	2.2235528e-05	0.9980804	1.7304494e-05
SRR5047120	4	oral	1.5190267e-06	3.4005952e-05	1.1759042e-06	0.99996245	8.75473e-07
SRR5047121	4	oral	4.684866e-07	0.00012388013	3.372361e-07	0.99987495	3.8081194e-07
SRR5047122	4	oral	4.2867173e-06	0.0001636782	6.5941113e-06	0.99982274	2.7005428e-06
SRR5047123	4	oral	1.8930119e-05	2.361921e-05	1.4687482e-05	0.99993014	1.26305085e-05
SRR5047124	4	oral	0.0016450101	0.04545279	0.00072642945	0.9510754	0.0011003953
SRR5047125	4	oral	8.1645936e-08	0.9999984	6.264514e-08	1.3846166e-06	6.161823e-08
SRR5047126	4	oral	3.0248927e-06	8.9521214e-05	4.944107e-06	0.9999003	2.2569845e-06
SRR5047127	4	oral	2.2911227e-06	0.25878784	1.751889e-06	0.7412056	2.5655766e-06
SRR5047128	4	oral	1.8439869e-06	1.525144e-05	2.1524027e-06	0.9998233	0.0001574703
SRR5047129	4	oral	0.0010400835	0.2343261	0.0010371807	0.7617281	0.0018685171
SRR5047130	4	oral	0.0005033006	0.0977069	0.00092886126	0.9005095	0.0003514544
SRR5047131	4	oral	7.993616e-06	0.0018296182	1.3039387e-05	0.9981286	2.0743626e-05
SRR5047132	4	oral	3.3531705e-05	0.02687138	3.6850888e-05	0.97304213	1.6096445e-05
SRR5047133	4	oral	3.1096179e-06	0.0030414565	5.560842e-06	0.99694777	2.1148599e-06
SRR5047134	4	oral	2.0375613e-07	1.4980178e-06	3.6811664e-07	0.99999774	1.667163e-07
SRR5047135	4	oral	7.205099e-05	0.7481683	8.13974e-05	0.2516247	5.358492e-05
SRR5047136	4	oral	0.0009432189	0.35127017	0.0013207493	0.64538217	0.0010836906
SRR5047137	4	oral	2.2809625e-06	0.0001466474	2.0688487e-06	0.9998481	8.511103e-07
SRR5047138	4	oral	1.8584747e-06	3.4334917e-05	2.0660618e-06	0.9999609	8.6663124e-07
SRR5047139	4	oral	7.748285e-07	6.5509754e-05	1.3619479e-06	0.9999318	5.3363027e-07
SRR5047140	4	oral	0.00018561094	0.28835618	0.00018265925	0.7111732	0.000102377395
SRR5047141	4	oral	3.467341e-05	0.005210477	3.7883092e-05	0.994693	2.399754e-05
SRR5047142	4	oral	5.9823462e-05	0.96354294	5.626363e-05	0.03630997	3.1000847e-05
SRR5047143	4	oral	0.00010743633	0.3114586	0.00016309321	0.6882043	6.656337e-05
SRR5047144	4	oral	0.00024062736	0.98989576	3.1956337e-05	0.0097862445	4.5397883e-05
SRR5047145	4	oral	8.57719e-05	0.40008622	0.00015329773	0.59961593	5.8747515e-05
SRR5047146	4	oral	3.9925405e-07	2.036424e-05	5.577041e-07	0.9999784	2.3657036e-07
SRR5047147	4	oral	2.6762142e-05	0.00040810727	1.7763503e-05	0.99954027	7.118434e-06
SRR5047148	4	oral	2.0425061e-07	9.274838e-06	3.6672182e-07	0.99999	1.631827e-07
SRR5047149	4	oral	4.387529e-06	0.005936223	7.86147e-06	0.9940485	3.0531864e-06
SRR5047150	4	oral	7.072101e-05	0.26002884	0.000126539	0.7397244	4.949651e-05
SRR5047151	4	oral	3.1523345e-07	2.0196367e-05	3.0142502e-07	0.999979	1.4231861e-07
SRR5047152	4	oral	9.413581e-08	7.5835874e-07	1.2768933e-07	0.9999989	1.16814e-07
SRR5047153	4	oral	4.673518e-07	7.950548e-06	7.726157e-07	0.99999034	4.4991606e-07
SRR5047154	4	oral	3.7578567e-07	0.9999252	6.834491e-08	7.430586e-05	5.360336e-08
SRR5047155	4	oral	1.5770281e-07	3.335838e-06	2.867187e-07	0.999996	2.2533423e-07
SRR5047156	4	oral	0.00039040888	0.639915	0.00034567452	0.3592128	0.00013616394
SRR5047157	4	oral	1.0851022e-06	1.5576219e-05	1.9447468e-06	0.99998	1.3984703e-06
SRR5047158	4	oral	1.418701e-06	5.7791905e-05	2.2876511e-06	0.99993765	8.774968e-07
SRR5047159	4	oral	2.7588163e-07	0.99998236	8.934079e-08	1.7224265e-05	6.823847e-08
SRR5047160	4	oral	0.0009804385	0.076278806	0.0008275025	0.92139333	0.0005199076
SRR5047161	4	oral	2.1730214e-06	3.0638228e-05	1.9157776e-06	0.99996424	1.0518248e-06
SRR5047162	4	oral	7.9814544e-07	4.895765e-05	1.2083932e-06	0.9999484	6.389963e-07
SRR5047163	4	oral	2.9196583e-05	0.005899916	4.0820334e-05	0.9939963	3.3739943e-05
SRR5047164	4	oral	0.0003527255	0.06287929	0.00016315514	0.93649375	0.00011108507
SRR5047165	4	oral	0.00011562436	0.49959397	0.00010373164	0.50014573	4.0954652e-05
SRR5047166	4	oral	2.2846323e-05	0.015306633	2.1306614e-05	0.98463887	1.0335519e-05
SRR5047167	4	oral	7.685199e-06	0.9727485	6.3490497e-06	0.027234303	3.1511877e-06
SRR5047168	4	oral	8.432814e-06	0.17888388	1.1004176e-05	0.82109076	5.943069e-06
SRR5047169	4	oral	0.00023663139	0.08874872	0.00024864072	0.9106521	0.000113883456
SRR5047170	4	oral	1.4446145e-05	0.014402544	2.2829692e-05	0.9855504	9.774063e-06
SRR5047171	4	oral	3.1207253e-07	5.6737626e-06	5.8081696e-07	0.9999885	4.958991e-06
SRR5047172	4	oral	3.0922277e-07	3.5642526e-05	4.6965846e-07	0.99996334	2.2687456e-07
SRR5047173	4	oral	5.809013e-06	0.0005321863	5.262221e-06	0.9994547	2.069436e-06
SRR5047174	4	oral	8.142048e-06	0.46816656	1.451239e-05	0.531549	0.0002617948
SRR5047175	4	oral	8.843392e-05	0.99940354	0.00016211216	0.00027885396	6.7050874e-05
SRR5047176	4	oral	0.00020052287	0.006628864	0.00017987455	0.9929195	7.122144e-05
SRR5047177	4	oral	3.9814736e-07	1.5373704e-05	6.749152e-07	0.9999831	4.6376718e-07
SRR5047178	4	oral	9.471388e-07	2.5881407e-05	1.0573625e-06	0.9999717	4.348374e-07
SRR5047179	4	oral	7.6359356e-07	0.00016969077	1.2693488e-06	0.9998271	1.1938226e-06
SRR5047180	4	oral	2.6150803e-06	0.07117505	1.5950851e-06	0.9288193	1.4696406e-06
SRR5047181	4	oral	7.596551e-05	0.015567953	0.00031317212	0.98399526	4.7629354e-05
SRR5047182	4	oral	2.995566e-07	1.4336402e-05	4.5637114e-07	0.9999844	5.0428145e-07
SRR5047183	4	oral	9.870159e-05	0.0008711389	3.2871205e-05	0.9988525	0.00014478006
SRR5047184	4	oral	2.6535732e-08	1.4544054e-07	4.5941484e-08	0.99999976	3.677285e-08
SRR5047185	4	oral	1.021991e-06	9.259179e-05	8.770098e-07	0.99990493	5.9484756e-07
SRR5047186	4	oral	2.4602656e-07	1.3843232e-05	3.7445457e-07	0.99998516	3.5995146e-07
SRR5047187	4	oral	3.9052302e-05	0.0050545465	3.5285626e-05	0.9948548	1.6290363e-05
SRR5047188	4	oral	4.8781186e-07	0.9999541	3.111906e-07	4.4901353e-05	2.0968956e-07
SRR5047189	4	oral	2.468745e-06	0.0011451115	4.166979e-06	0.9988456	2.659331e-06
SRR5047190	4	oral	8.3217776e-07	9.848992e-06	1.5211336e-06	0.9999865	1.2615301e-06
SRR5047191	4	oral	3.5056257e-06	0.00017142737	3.3553188e-06	0.99981964	2.0679702e-06
SRR5047192	4	oral	2.4402083e-05	0.99963546	4.4081506e-05	0.00027878114	1.7255088e-05
SRR5047193	4	oral	9.292953e-06	0.0013483491	1.2400427e-05	0.99862474	5.217e-06
SRR5047194	4	oral	2.3253826e-05	0.7456947	1.0422491e-05	0.25425062	2.1006832e-05
SRR5047195	4	oral	2.7327934e-07	3.4186908e-06	2.8376647e-07	0.99999577	2.3496652e-07
SRR5047196	4	oral	1.2950421e-06	1.3031901e-05	7.889317e-07	0.9999842	6.8625303e-07
SRR5047197	4	oral	1.3494768e-07	3.5834776e-06	2.1667691e-07	0.9999959	1.5798324e-07
SRR5047198	4	oral	0.00012824459	0.11881268	0.00017685848	0.88081187	7.034247e-05
SRR5047199	4	oral	7.1840134e-07	1.1330026e-05	1.2866614e-06	0.9999862	5.0844227e-07
SRR5047200	4	oral	9.247151e-07	0.099468626	1.1787172e-06	0.9005287	5.4659097e-07
SRR5047201	4	oral	1.7121274e-06	0.0010470472	2.509608e-06	0.99894756	1.15186e-06
SRR5047202	4	oral	2.4837485e-05	0.0016330156	4.426695e-05	0.9982789	1.893702e-05
SRR5047203	4	oral	2.4743522e-06	0.0002618693	4.4126477e-06	0.9997296	1.6976188e-06
SRR5047204	4	oral	2.4071776e-06	0.00067568436	4.3045934e-06	0.9993156	1.9846e-06
SRR5297130	1	oral	1.6548817e-07	0.99999243	4.3081968e-08	6.8727595e-06	4.9355793e-07
SRR5297131	1	oral	1.233271e-06	0.9999939	8.693142e-08	4.556455e-06	2.1056603e-07
SRR5297132	1	oral	8.789288e-07	0.99999774	1.7806109e-07	1.0501153e-06	1.8612809e-07
SRR5297133	1	oral	8.414038e-07	0.9999972	9.180745e-08	1.7459791e-06	1.5029933e-07
SRR5875714	1	soft tissue	0.0039352304	0.9013343	0.0001124095	0.094548106	6.998816e-05
SRR5875715	1	soft tissue	0.037911378	0.8022687	0.00048470576	0.1589887	0.00034651495
SRR5875718	1	soft tissue	0.00042382264	0.9963048	6.280021e-05	0.0031672274	4.136857e-05
SRR5875719	1	soft tissue	0.8928379	0.1004477	0.0003150441	0.0062467083	0.00015267644
SRR5875720	1	soft tissue	7.692778e-05	0.787812	6.2442276e-05	0.21201232	3.628567e-05
SRR5875721	1	soft tissue	0.00189226	0.1442546	0.00017446194	0.8535571	0.00012159782
SRR5875722	1	soft tissue	7.072296e-05	0.9996674	4.533817e-05	0.00018995797	2.6576881e-05
SRR5875723	1	soft tissue	0.25109264	0.71341985	0.0004080304	0.033693936	0.0013855551
SRR5875724	1	soft tissue	2.5438849e-05	0.8918812	1.9517998e-05	0.10805894	1.4868037e-05
SRR5875725	1	soft tissue	0.3473089	0.19659062	0.0005175536	0.45515963	0.00042328594
SRR5875726	1	soft tissue	0.0032748242	0.87949884	0.00022644791	0.1168604	0.00013946508
SRR5875727	1	soft tissue	0.9658185	0.020928876	2.4108225e-05	0.013203426	2.5061732e-05
SRR5875728	1	soft tissue	0.00680536	0.12918726	0.00043125788	0.8574307	0.006145429
SRR5875729	1	soft tissue	0.15886278	0.3671549	0.0005319329	0.46909967	0.004350716
SRR5875730	1	soft tissue	0.107042946	0.037945867	0.00035616662	0.8544486	0.00020637445
SRR5875731	1	soft tissue	0.9978062	0.00026127973	3.2559321e-06	0.0019246765	4.601473e-06
SRR6877282	2	oral	8.243496e-07	0.999998	1.6372746e-07	5.7139374e-07	4.944524e-07
SRR6877283	2	skeletal tissue	0.0021557817	0.99696904	0.00023431734	0.00040387906	0.00023700454
SRR6877284	2	oral	6.6984176e-06	0.99997133	3.0469172e-07	2.2166168e-06	1.9449742e-05
SRR6877285	2	skeletal tissue	0.00056245824	0.95318705	9.114678e-05	0.046066687	9.26418e-05
SRR6877286	2	oral	6.8642316e-07	0.9999988	1.2035208e-07	2.7883726e-07	1.15178864e-07
SRR6877287	2	skeletal tissue	0.00014101683	0.100865625	0.0001488028	0.89870125	0.00014329932
SRR6877288	2	oral	4.409064e-07	0.9999991	6.3025254e-08	2.4761988e-07	1.3462235e-07
SRR6877289	2	skeletal tissue	2.5231353e-05	0.99993396	4.825254e-06	8.213563e-06	2.7797556e-05
SRR6877290	2	oral	3.0588197e-07	0.99999946	3.8819348e-08	9.4995436e-08	8.255269e-08
SRR6877291	2	skeletal tissue	2.3388016e-07	0.99998176	9.757537e-08	1.7843025e-05	9.338396e-08
SRR6877292	2	oral	1.8542187e-06	0.999996	2.8745347e-07	1.2172429e-06	6.095429e-07
SRR6877293	2	skeletal tissue	2.6478895e-06	0.9999482	2.5396362e-06	4.405148e-05	2.5515994e-06
SRR6877294	2	oral	3.1701853e-07	0.99999887	1.3716759e-07	3.276179e-07	3.5598e-07
SRR6877295	2	skeletal tissue	1.1179698e-05	0.9982527	3.2136045e-06	0.0017298132	3.1327404e-06
SRR6877296	2	oral	9.4657146e-08	0.99999976	3.7225288e-08	5.5127853e-08	7.960157e-08
SRR6877297	2	skeletal tissue	0.0001153336	0.9998046	3.8204594e-06	7.233008e-05	3.890023e-06
SRR6877298	2	skeletal tissue	0.5527884	0.44649214	0.00014780245	0.00040965824	0.00016202734
SRR6877299	2	skeletal tissue	5.0585255e-05	0.99991775	6.9237312e-06	1.7730443e-05	7.014883e-06
SRR6877300	2	oral	2.1456638e-06	0.99999624	2.7254825e-07	7.694631e-07	5.8744325e-07
SRR6877301	2	skeletal tissue	1.8993428e-06	0.99997216	1.8286878e-06	2.2196155e-05	1.8868374e-06
SRR6877302	2	skeletal tissue	1.9921144e-06	0.99997616	1.7370203e-06	1.8477756e-05	1.661339e-06
SRR6877303	2	oral	1.1885692e-07	0.9999997	4.027295e-08	3.579936e-08	8.607253e-08
SRR6877304	2	oral	8.429587e-08	0.9999996	4.0586123e-08	1.9252224e-07	8.745995e-08
SRR6877305	2	oral	1.2077257e-07	0.9999997	3.5108652e-08	4.3046107e-08	7.506854e-08
SRR6877306	2	skeletal tissue	1.7357932e-05	0.9987573	3.34511e-05	0.0011572842	3.459402e-05
SRR6877307	2	skeletal tissue	1.2843467e-05	0.054404028	2.5260983e-05	0.9455335	2.435667e-05
SRR6877308	2	oral	2.992624e-07	0.999999	9.281363e-08	3.8267365e-07	2.42743e-07
SRR6877309	2	skeletal tissue	1.1074503e-06	0.99994785	2.1693518e-06	4.6659425e-05	2.207818e-06
SRR6877310	2	oral	5.79193e-07	0.99999875	4.405288e-08	5.399552e-07	1.15607406e-07
SRR6877311	2	skeletal tissue	1.378608e-07	0.99999964	3.334535e-08	1.1081429e-07	4.8867104e-08
SRR6877312	2	oral	3.6733715e-07	0.99999905	1.0843579e-07	2.7278477e-07	2.3029412e-07
SRR6877313	2	oral	1.1579617e-06	0.99999684	2.6922567e-07	1.0535895e-06	7.030965e-07
SRR6877314	2	skeletal tissue	2.0173289e-07	0.9999996	3.6297546e-08	9.033454e-08	7.746413e-08
SRR6877315	2	skeletal tissue	8.877905e-06	0.99966776	8.39093e-06	0.00030638956	8.55442e-06
SRR6877316	2	oral	1.9659304e-07	0.9999995	4.2210043e-08	1.8819179e-07	4.072498e-08
SRR6877317	2	skeletal tissue	5.9762315e-05	0.99944305	1.4185745e-05	0.00046387734	1.9099887e-05
SRR6877318	2	oral	4.2066543e-07	0.9999985	1.2822424e-07	5.351888e-07	4.0944894e-07
SRR6877319	2	skeletal tissue	1.229017e-05	0.99485457	2.4657173e-05	0.00508512	2.3343164e-05
SRR6877320	2	oral	2.0639544e-07	0.99999946	8.6315204e-08	1.5774627e-07	8.28333e-08
SRR6877321	2	skeletal tissue	9.417634e-07	0.99983406	1.9670317e-06	0.00016114309	1.8903219e-06
SRR6877322	2	oral	4.952356e-07	0.99999857	1.4537098e-07	6.406034e-07	1.409163e-07
SRR6877323	2	oral	4.1098878e-07	0.9999993	4.0225455e-08	1.631242e-07	8.582565e-08
SRR6877324	2	oral	2.2539186e-07	0.9999993	6.6219684e-08	2.670918e-07	1.4069693e-07
SRR6877325	2	skeletal tissue	0.00010786007	0.73609746	0.0002386605	0.263327	0.00022903709
SRR6877326	2	oral	2.6708892e-07	0.9999992	8.6653095e-08	3.555096e-07	8.315618e-08
SRR6877327	2	skeletal tissue	8.791818e-06	0.99977446	4.308072e-06	0.00020488317	7.5568087e-06
SRR6877328	2	oral	2.6800925e-07	0.99999934	6.951402e-08	1.8718617e-07	1.4825133e-07
SRR6877329	2	skeletal tissue	4.6392606e-06	0.9999726	9.382541e-07	2.0892478e-05	9.497525e-07
SRR6877330	2	oral	1.1176846e-07	0.9999995	7.327193e-08	2.2444392e-07	7.037053e-08
SRR6877331	2	skeletal tissue	8.686099e-07	0.9999956	4.124715e-07	2.719146e-06	4.2281485e-07
SRR6877332	2	oral	1.4994436e-07	0.9999996	4.8746568e-08	1.0886757e-07	1.04153415e-07
SRR6877333	2	skeletal tissue	3.0579246e-05	0.5192758	5.7340752e-05	0.48058143	5.4885768e-05
SRR6877334	2	oral	8.11266e-08	0.99999976	3.667603e-08	5.3967238e-08	7.840946e-08
SRR6877335	2	skeletal tissue	3.2334088e-07	0.9999964	6.266486e-07	1.9064141e-06	6.918926e-07
SRR6877336	2	oral	9.8976756e-08	0.99999934	9.0734e-08	1.5808608e-07	2.8726083e-07
SRR6877337	2	skeletal tissue	0.00026666428	0.9459886	2.560825e-05	0.053694524	2.4621764e-05
SRR6877338	2	oral	4.6340958e-07	0.99999785	3.1399114e-07	5.8146003e-07	8.144423e-07
SRR6877339	2	oral	1.0688377e-05	0.999985	5.5766645e-07	1.9214306e-06	1.8249593e-06
SRR6877340	2	oral	1.9217118e-06	0.99999714	1.5780061e-07	4.6070508e-07	3.408615e-07
SRR6877341	2	skeletal tissue	1.1488517e-06	0.99997246	2.2990066e-06	2.175008e-05	2.3648772e-06
SRR6877342	2	oral	5.908059e-06	0.99999166	4.3873365e-07	1.0441682e-06	9.428331e-07
SRR6877343	2	skeletal tissue	1.03608245e-05	0.9999567	2.7012647e-06	2.764205e-05	2.5884176e-06
SRR6877344	2	oral	7.778913e-08	0.99999964	5.513309e-08	1.9142243e-07	5.2955524e-08
SRR6877345	2	skeletal tissue	1.6669479e-06	0.99422115	3.0709125e-06	0.005771189	2.9436615e-06
SRR6877346	2	oral	5.9627955e-06	0.9999913	4.7224665e-07	1.0294772e-06	1.2358431e-06
SRR6877347	2	skeletal tissue	1.0043395e-07	0.9999953	1.11195526e-07	4.401644e-06	1.0781633e-07
SRR6877348	2	oral	4.896698e-07	0.99999917	7.649285e-08	7.53174e-08	1.6360414e-07
SRR6877349	2	skeletal tissue	9.798844e-07	0.9999583	1.8690741e-06	3.700004e-05	1.8959608e-06
SRR6877350	2	oral	1.5337372e-06	0.99999595	2.7296974e-07	1.5063677e-06	7.106585e-07
SRR6877351	2	skeletal tissue	7.077172e-06	0.2564089	1.3896404e-05	0.74355674	1.33693375e-05
SRR6877352	2	oral	1.1273555e-07	0.9999996	5.095484e-08	1.08523864e-07	1.3245452e-07
SRR6877353	2	skeletal tissue	2.626538e-06	0.99444544	5.4997618e-06	0.0055406624	5.7475895e-06
SRR6877354	2	oral	1.9126787e-07	0.9999993	8.3008615e-08	3.3300387e-07	7.9733134e-08
SRR6877355	2	skeletal tissue	1.11277905e-05	0.9756026	2.157094e-05	0.02434398	2.0684709e-05
SRR6877356	2	oral	8.040223e-08	0.99999946	7.776201e-08	2.963639e-07	7.475213e-08
SRR6877357	2	skeletal tissue	2.010273e-05	0.98471755	3.6962203e-05	0.015189598	3.57614e-05
SRR6877358	2	oral	2.2685515e-07	0.9999993	6.581087e-08	2.9376503e-07	1.4049975e-07
SRR6877359	2	skeletal tissue	9.0489186e-07	0.999996	2.9434355e-07	2.5233112e-06	2.8346574e-07
SRR6877360	2	skeletal tissue	3.891015e-06	0.999873	7.5413445e-06	0.000107929474	7.68111e-06
SRR6877361	2	oral	7.992418e-07	0.9999976	1.6838516e-07	9.2479263e-07	4.904342e-07
SRR6877362	2	skeletal tissue	8.998323e-07	0.99995846	1.6148384e-06	3.74925e-05	1.5531672e-06
SRR6877363	2	oral	1.8102594e-07	0.9999994	7.56187e-08	2.814213e-07	7.262071e-08
SRR6877364	2	skeletal tissue	2.2621389e-06	0.99995303	4.569061e-06	3.5786124e-05	4.3434807e-06
SRR6877365	2	oral	1.2867044e-07	0.99999964	3.9744787e-08	9.714378e-08	8.500501e-08
SRR6877366	2	skeletal tissue	6.860908e-07	0.99998873	3.4487752e-07	6.266353e-06	3.966644e-06
SRR6877367	2	oral	3.4065016e-07	0.99999875	1.5244895e-07	2.9817485e-07	4.4679933e-07
SRR6877368	2	skeletal tissue	1.2692803e-06	0.99987835	2.340261e-06	0.000115810326	2.2498136e-06
SRR6877369	2	oral	8.372623e-08	0.99999946	1.3126801e-07	1.9274376e-07	1.05985684e-07
SRR6877370	2	oral	1.2177551e-06	0.9999955	1.14618345e-07	2.827842e-06	2.9946915e-07
SRR6877371	2	skeletal tissue	1.0712029e-06	0.99488497	2.0593452e-06	0.0051099123	1.977499e-06
SRR6877372	2	oral	5.8739392e-08	0.9999986	5.7270885e-08	1.1159159e-06	1.6198017e-07
SRR6877373	2	skeletal tissue	1.9512543e-06	0.99988407	3.73992e-06	0.00010646519	3.7958964e-06
SRR6877374	2	oral	2.1244176e-07	0.99999946	6.173737e-08	1.8738001e-07	5.9299033e-08
SRR6877375	2	skeletal tissue	2.0651257e-06	0.9999161	4.2261695e-06	7.332651e-05	4.3206624e-06
SRR6877376	2	oral	7.3650597e-07	0.9999973	2.1910006e-07	1.0150544e-06	6.928706e-07
SRR6877377	2	skeletal tissue	4.701414e-06	0.9963425	9.58524e-06	0.0036341555	9.087313e-06
SRR6877378	2	oral	9.2598874e-08	0.9999995	4.6614094e-08	2.6562853e-07	9.9946384e-08
SRR6877379	2	skeletal tissue	2.3394547e-05	0.0545124	4.416227e-05	0.9453743	4.570469e-05
SRR6877380	2	skeletal tissue	0.0013146732	0.985309	0.00014450456	0.008984498	0.00424731
SRR6877381	2	skeletal tissue	6.772411e-06	0.9866246	1.2681764e-05	0.01334382	1.2149525e-05
SRR6877382	2	oral	1.6810246e-07	0.9999994	5.0502592e-08	3.0884183e-07	4.8506195e-08
SRR6877383	2	skeletal tissue	5.245006e-07	0.99999577	1.0122916e-06	1.6869341e-06	1.0272385e-06
SRR6877384	2	oral	2.1539647e-07	0.99999905	1.1639464e-07	5.145099e-07	1.1150924e-07
SRR6877385	2	skeletal tissue	0.0005313726	0.99930376	2.1776083e-05	0.00012058558	2.2521734e-05
SRR6877386	2	oral	1.9454185e-07	0.9999996	6.017892e-08	1.0885419e-07	5.772192e-08
SRR6877387	2	skeletal tissue	2.4956216e-05	0.61738473	2.1613625e-05	0.38254625	2.2445185e-05
SRR6877388	2	oral	1.7829308e-07	0.99999946	3.854205e-08	2.205863e-07	8.817772e-08
SRR6877389	2	skeletal tissue	2.8543883e-07	0.9999957	1.6256581e-07	3.677492e-06	1.8157554e-07
SRR6877390	2	oral	1.07276534e-07	0.99999934	7.984704e-08	1.8404943e-07	3.0205274e-07
SRR6877391	2	skeletal tissue	5.237668e-05	0.9978806	4.3954085e-05	0.001977316	4.577701e-05
SRR6877392	2	oral	5.4206854e-08	0.9999998	5.3228817e-08	4.909108e-08	5.1542948e-08
SRR6877393	2	oral	4.853231e-07	0.99999875	1.5059756e-07	4.784776e-07	1.4414198e-07
SRR6877394	2	skeletal tissue	1.9798313e-06	0.9998927	3.933535e-06	9.755855e-05	3.8026333e-06
SRR6877395	2	oral	1.0635148e-07	0.9999994	7.8445645e-08	3.448707e-07	7.482639e-08
SRR6877396	2	skeletal tissue	8.4211916e-07	0.9999785	1.5506904e-06	1.7614202e-05	1.483634e-06
SRR6877397	2	oral	1.1593245e-07	0.9999996	8.1195296e-08	1.567944e-07	7.7960266e-08
SRR6877398	2	skeletal tissue	8.154204e-07	0.999995	1.0829641e-06	2.7983772e-06	3.1594567e-07
SRR6877399	2	oral	9.817946e-07	0.99999195	1.8658035e-07	6.37679e-06	5.295448e-07
SRR6877400	2	skeletal tissue	2.0415364e-06	0.99995947	1.9506076e-06	3.457736e-05	1.9851338e-06
SRR6877401	2	oral	3.1915965e-07	0.9999995	4.0164462e-08	5.997257e-08	8.582441e-08
SRR6877402	2	skeletal tissue	0.00015300003	0.9996022	7.91463e-06	0.00022868678	8.205206e-06
SRR6877403	2	oral	2.3272203e-06	0.9999961	2.5720198e-07	7.583734e-07	5.523682e-07
SRR866660	4	skeletal tissue	0.37373897	0.07321185	0.00016456228	0.55270666	0.00017793394
SRR866662	4	skeletal tissue	9.451503e-05	0.8632228	4.2086565e-05	0.13603221	0.00060842163
SRR866663	4	skeletal tissue	0.00083637296	0.9887099	0.00024714667	0.009322103	0.0008844243
SRR866665	4	skeletal tissue	0.00024547358	0.5937555	0.00015169427	0.40573838	0.00010893658
SRR866666	4	skeletal tissue	9.481692e-05	0.7190759	0.00014242226	0.27925402	0.0014328246
SRR867031	4	skeletal tissue	6.645333e-05	0.99354327	0.000116588766	0.006228301	4.5360503e-05
SRR867032	4	skeletal tissue	0.00025950014	0.7167216	0.00045718002	0.2823775	0.0001842537
SRR867033	4	skeletal tissue	3.9722338e-05	0.9995757	7.311032e-05	0.0002824961	2.8970544e-05
SRR867034	4	skeletal tissue	0.00034639117	0.91656536	0.000623902	0.082217924	0.0002464434
SRR867036	4	skeletal tissue	8.075048e-05	0.11413965	0.0001433707	0.88558036	5.5891946e-05
SRR867037	4	skeletal tissue	6.8462314e-06	0.0027349936	1.221479e-05	0.9972409	5.0615035e-06
SRR867038	4	skeletal tissue	5.1132756e-05	0.9562827	9.134702e-05	0.043539442	3.5419147e-05
SRR867039	4	skeletal tissue	3.7856546e-06	0.00041114088	6.8073014e-06	0.9995756	2.6321297e-06
SRR8731955	1	gut	0.9528097	0.046452064	0.00019491994	0.000419849	0.00012348907
SRR8731957	1	gut	0.029025985	0.9638838	0.006577346	0.00037784988	0.00013497967
SRR8731958	1	gut	0.09548414	0.9037986	0.00013678803	0.0005052791	7.5202304e-05
SRR957738	3	oral	9.006909e-07	0.99999815	5.6188004e-08	2.4850146e-07	6.132658e-07
SRR957739	3	oral	3.8392773e-06	0.9999953	5.4623722e-08	4.7413758e-07	3.1679747e-07
SRR957740	3	oral	1.9565282e-06	0.9999975	6.1131985e-08	2.8316458e-07	1.9195062e-07
SRR957741	3	oral	1.3648926e-06	0.99999815	5.7514153e-08	2.9091552e-07	1.1998975e-07
SRR957742	3	oral	6.0605527e-07	0.9999981	8.922926e-08	5.606363e-07	6.7522984e-07
SRR957743	3	oral	3.8118967e-06	0.9999947	7.4180754e-08	1.2976168e-06	1.2380987e-07
SRR957744	3	oral	4.3618348e-07	0.99999887	4.5527003e-08	5.346945e-07	9.7596626e-08
SRR957745	3	oral	1.2469837e-06	0.99999785	6.7720116e-08	5.853924e-07	2.2337399e-07
SRR957746	3	oral	4.3997704e-07	0.99999917	7.545857e-08	2.394661e-07	9.182795e-08
