2026-09-09 17:19:53 - root - INFO - Logging to file: results/search_v9_multitask/cv_results/fold_2/fold_2_training.log
2026-09-09 17:19:53 - __main__ - INFO - ================================================================================
2026-09-09 17:19:53 - __main__ - INFO - DIANA Multi-Task Hyperparameter Optimization
2026-09-09 17:19:53 - __main__ - INFO - ================================================================================
2026-09-09 17:19:53 - __main__ - INFO - Run config:   configs/train_config_v9_search_multitask.json
2026-09-09 17:19:53 - __main__ - INFO - Features:     data/matrices/matrix_v9_train/unitigs.frac.mat
2026-09-09 17:19:53 - __main__ - INFO - Metadata:     data/splits_v9/train_metadata.tsv
2026-09-09 17:19:53 - __main__ - INFO - Output dir:   results/search_v9_multitask
2026-09-09 17:19:53 - __main__ - INFO - Tasks:        ['community_type', 'feature', 'sample_host', 'material']
2026-09-09 17:19:53 - __main__ - INFO - Task types:   {'community_type': 'classification', 'feature': 'classification', 'sample_host': 'classification', 'material': 'classification'}
2026-09-09 17:19:53 - __main__ - INFO - Fold:         2 / 5
2026-09-09 17:19:53 - __main__ - INFO - Trials:       100  Max epochs: 200  Patience: 20
2026-09-09 17:19:53 - __main__ - INFO - GPU:          True  Seed: 42
2026-09-09 17:19:53 - __main__ - INFO - Loading data from data/matrices/matrix_v9_train/unitigs.frac.mat
2026-09-09 17:19:53 - diana.data.loader - INFO - Loading matrix from data/matrices/matrix_v9_train/unitigs.frac.mat
2026-09-09 17:21:25 - diana.data.loader - INFO - Loaded 110202 features × 2716 samples (before transpose)
2026-09-09 17:21:26 - diana.data.loader - INFO - Transposed to 2716 samples × 110202 features
2026-09-09 17:21:26 - diana.data.loader - INFO - Reading sample IDs from data/matrices/matrix_v9_train/kmer_matrix/kmtricks.fof
2026-09-09 17:21:26 - diana.data.loader - INFO - Sample IDs: ['ERR10114844', 'ERR10114845', 'ERR10114846']...
2026-09-09 17:21:26 - diana.data.loader - INFO - Loading metadata from data/splits_v9/train_metadata.tsv
2026-09-09 17:21:26 - diana.data.loader - INFO - Metadata: 2716 rows × 15 columns
2026-09-09 17:21:26 - diana.data.loader - INFO - Metadata aligned to matrix sample order
2026-09-09 17:21:26 - __main__ - INFO - Loaded 2716 samples with 110202 features
2026-09-09 17:21:26 - __main__ - INFO - Loaded 2716 samples × 110202 features
2026-09-09 17:21:26 - __main__ - INFO - === FOLD 2/4 ===
2026-09-09 17:21:26 - __main__ - INFO - Output directory: results/search_v9_multitask/cv_results/fold_2
2026-09-09 17:21:26 - __main__ - INFO - Using device: cuda
2026-09-09 17:21:26 - __main__ - INFO - Class imbalance: logit adjustment, tau SEARCHED in [0.05, 0.8]
2026-09-09 17:21:26 - __main__ - INFO - community_type: 5 classes, 2073 labelled, 643 masked - ['gut', 'oral', 'plant tissue', 'skeletal tissue', 'soft tissue']...
2026-09-09 17:21:26 - __main__ - INFO - feature: 10 classes, 608 labelled, 2108 masked - ['archeological site', 'cave', 'lake', 'midden', 'ocean']...
2026-09-09 17:21:26 - __main__ - INFO - sample_host: 24 classes, 2085 labelled, 631 masked - ['Alouatta palliata', 'Ambrosia artemisiifolia', 'Arabidopsis thaliana', 'Bison priscus', 'Canis lupus']...
2026-09-09 17:21:26 - __main__ - INFO - material: 16 classes, 2639 labelled, 77 masked - ['bone', 'dental calculus', 'digestive tract contents', 'intestine', 'lake sediment']...
2026-09-09 17:21:26 - __main__ - INFO - Grouping CV folds on 'archive_project': 68 groups over 2716 runs
2026-09-09 17:21:26 - __main__ - INFO - Outer fold 2 taken from data/splits_v9/dev_folds.tsv (5 dev folds)
2026-09-09 17:21:26 - __main__ - INFO - Train: 2003, Test: 713 (outer fold verified archive_project-disjoint)
2026-09-09 17:21:26 - __main__ - INFO - 3 inner folds verified archive_project-disjoint
2026-09-09 17:21:26 - __main__ - INFO - Starting Optuna optimization with 100 trials...
2026-09-09 17:21:26 - __main__ - INFO - Each trial will be evaluated on 3 inner CV folds
2026-09-09 17:21:27 - __main__ - INFO - community_type priors: [34, 885, 0, 84, 16]
2026-09-09 17:21:27 - __main__ - INFO - feature priors: [0, 34, 105, 31, 90, 2, 0, 0, 29, 0]
2026-09-09 17:21:27 - __main__ - INFO - sample_host priors: [0, 0, 0, 0, 10, 4, 4, 0, 0, 0, 0, 677, 0, 0, 16, 0, 0, 0, 0, 0, 0, 0, 4, 316]
2026-09-09 17:21:27 - __main__ - INFO - material priors: [63, 710, 0, 4, 105, 0, 90, 0, 4, 34, 0, 94, 0, 2, 196, 0]
2026-09-09 17:22:37 - __main__ - INFO - community_type priors: [39, 901, 11, 77, 16]
2026-09-09 17:22:37 - __main__ - INFO - feature priors: [11, 34, 64, 6, 64, 0, 0, 0, 29, 10]
2026-09-09 17:22:37 - __main__ - INFO - sample_host priors: [6, 11, 0, 0, 2, 4, 4, 20, 23, 67, 45, 742, 16, 11, 16, 8, 11, 9, 4, 5, 1, 24, 4, 23]
2026-09-09 17:22:37 - __main__ - INFO - material priors: [50, 726, 0, 15, 64, 11, 30, 4, 4, 28, 18, 66, 0, 2, 202, 0]
2026-09-09 17:23:38 - __main__ - INFO - community_type priors: [71, 1048, 11, 19, 0]
2026-09-09 17:23:38 - __main__ - INFO - feature priors: [11, 0, 101, 33, 104, 2, 0, 0, 0, 10]
2026-09-09 17:23:38 - __main__ - INFO - sample_host priors: [6, 11, 0, 0, 12, 0, 0, 20, 23, 67, 45, 537, 16, 11, 0, 8, 11, 9, 4, 5, 1, 24, 0, 339]
2026-09-09 17:23:38 - __main__ - INFO - material priors: [13, 1048, 0, 11, 101, 11, 70, 4, 0, 60, 18, 34, 0, 0, 6, 0]
2026-09-09 17:24:21 - __main__ - INFO - community_type priors: [34, 885, 0, 84, 16]
2026-09-09 17:24:21 - __main__ - INFO - feature priors: [0, 34, 105, 31, 90, 2, 0, 0, 29, 0]
2026-09-09 17:24:21 - __main__ - INFO - sample_host priors: [0, 0, 0, 0, 10, 4, 4, 0, 0, 0, 0, 677, 0, 0, 16, 0, 0, 0, 0, 0, 0, 0, 4, 316]
2026-09-09 17:24:21 - __main__ - INFO - material priors: [63, 710, 0, 4, 105, 0, 90, 0, 4, 34, 0, 94, 0, 2, 196, 0]
2026-09-09 17:25:04 - __main__ - INFO - community_type priors: [39, 901, 11, 77, 16]
2026-09-09 17:25:04 - __main__ - INFO - feature priors: [11, 34, 64, 6, 64, 0, 0, 0, 29, 10]
2026-09-09 17:25:04 - __main__ - INFO - sample_host priors: [6, 11, 0, 0, 2, 4, 4, 20, 23, 67, 45, 742, 16, 11, 16, 8, 11, 9, 4, 5, 1, 24, 4, 23]
2026-09-09 17:25:04 - __main__ - INFO - material priors: [50, 726, 0, 15, 64, 11, 30, 4, 4, 28, 18, 66, 0, 2, 202, 0]
2026-09-09 17:25:44 - __main__ - INFO - community_type priors: [71, 1048, 11, 19, 0]
2026-09-09 17:25:45 - __main__ - INFO - feature priors: [11, 0, 101, 33, 104, 2, 0, 0, 0, 10]
2026-09-09 17:25:45 - __main__ - INFO - sample_host priors: [6, 11, 0, 0, 12, 0, 0, 20, 23, 67, 45, 537, 16, 11, 0, 8, 11, 9, 4, 5, 1, 24, 0, 339]
2026-09-09 17:25:45 - __main__ - INFO - material priors: [13, 1048, 0, 11, 101, 11, 70, 4, 0, 60, 18, 34, 0, 0, 6, 0]
2026-09-09 17:26:27 - __main__ - INFO - community_type priors: [34, 885, 0, 84, 16]
2026-09-09 17:26:27 - __main__ - INFO - feature priors: [0, 34, 105, 31, 90, 2, 0, 0, 29, 0]
2026-09-09 17:26:27 - __main__ - INFO - sample_host priors: [0, 0, 0, 0, 10, 4, 4, 0, 0, 0, 0, 677, 0, 0, 16, 0, 0, 0, 0, 0, 0, 0, 4, 316]
2026-09-09 17:26:27 - __main__ - INFO - material priors: [63, 710, 0, 4, 105, 0, 90, 0, 4, 34, 0, 94, 0, 2, 196, 0]
2026-09-09 17:27:03 - __main__ - INFO - community_type priors: [39, 901, 11, 77, 16]
2026-09-09 17:27:03 - __main__ - INFO - feature priors: [11, 34, 64, 6, 64, 0, 0, 0, 29, 10]
2026-09-09 17:27:03 - __main__ - INFO - sample_host priors: [6, 11, 0, 0, 2, 4, 4, 20, 23, 67, 45, 742, 16, 11, 16, 8, 11, 9, 4, 5, 1, 24, 4, 23]
2026-09-09 17:27:03 - __main__ - INFO - material priors: [50, 726, 0, 15, 64, 11, 30, 4, 4, 28, 18, 66, 0, 2, 202, 0]
2026-09-09 17:27:40 - __main__ - INFO - community_type priors: [71, 1048, 11, 19, 0]
2026-09-09 17:27:40 - __main__ - INFO - feature priors: [11, 0, 101, 33, 104, 2, 0, 0, 0, 10]
2026-09-09 17:27:40 - __main__ - INFO - sample_host priors: [6, 11, 0, 0, 12, 0, 0, 20, 23, 67, 45, 537, 16, 11, 0, 8, 11, 9, 4, 5, 1, 24, 0, 339]
2026-09-09 17:27:40 - __main__ - INFO - material priors: [13, 1048, 0, 11, 101, 11, 70, 4, 0, 60, 18, 34, 0, 0, 6, 0]
2026-09-09 17:28:18 - __main__ - INFO - community_type priors: [34, 885, 0, 84, 16]
2026-09-09 17:28:18 - __main__ - INFO - feature priors: [0, 34, 105, 31, 90, 2, 0, 0, 29, 0]
2026-09-09 17:28:18 - __main__ - INFO - sample_host priors: [0, 0, 0, 0, 10, 4, 4, 0, 0, 0, 0, 677, 0, 0, 16, 0, 0, 0, 0, 0, 0, 0, 4, 316]
2026-09-09 17:28:18 - __main__ - INFO - material priors: [63, 710, 0, 4, 105, 0, 90, 0, 4, 34, 0, 94, 0, 2, 196, 0]
2026-09-09 17:28:43 - __main__ - INFO - community_type priors: [39, 901, 11, 77, 16]
2026-09-09 17:28:43 - __main__ - INFO - feature priors: [11, 34, 64, 6, 64, 0, 0, 0, 29, 10]
2026-09-09 17:28:43 - __main__ - INFO - sample_host priors: [6, 11, 0, 0, 2, 4, 4, 20, 23, 67, 45, 742, 16, 11, 16, 8, 11, 9, 4, 5, 1, 24, 4, 23]
2026-09-09 17:28:43 - __main__ - INFO - material priors: [50, 726, 0, 15, 64, 11, 30, 4, 4, 28, 18, 66, 0, 2, 202, 0]
2026-09-09 17:29:14 - __main__ - INFO - community_type priors: [71, 1048, 11, 19, 0]
2026-09-09 17:29:14 - __main__ - INFO - feature priors: [11, 0, 101, 33, 104, 2, 0, 0, 0, 10]
2026-09-09 17:29:14 - __main__ - INFO - sample_host priors: [6, 11, 0, 0, 12, 0, 0, 20, 23, 67, 45, 537, 16, 11, 0, 8, 11, 9, 4, 5, 1, 24, 0, 339]
2026-09-09 17:29:14 - __main__ - INFO - material priors: [13, 1048, 0, 11, 101, 11, 70, 4, 0, 60, 18, 34, 0, 0, 6, 0]
2026-09-09 17:29:48 - __main__ - INFO - community_type priors: [34, 885, 0, 84, 16]
2026-09-09 17:29:48 - __main__ - INFO - feature priors: [0, 34, 105, 31, 90, 2, 0, 0, 29, 0]
2026-09-09 17:29:48 - __main__ - INFO - sample_host priors: [0, 0, 0, 0, 10, 4, 4, 0, 0, 0, 0, 677, 0, 0, 16, 0, 0, 0, 0, 0, 0, 0, 4, 316]
2026-09-09 17:29:48 - __main__ - INFO - material priors: [63, 710, 0, 4, 105, 0, 90, 0, 4, 34, 0, 94, 0, 2, 196, 0]
2026-09-09 17:30:12 - __main__ - INFO - community_type priors: [39, 901, 11, 77, 16]
2026-09-09 17:30:12 - __main__ - INFO - feature priors: [11, 34, 64, 6, 64, 0, 0, 0, 29, 10]
2026-09-09 17:30:12 - __main__ - INFO - sample_host priors: [6, 11, 0, 0, 2, 4, 4, 20, 23, 67, 45, 742, 16, 11, 16, 8, 11, 9, 4, 5, 1, 24, 4, 23]
2026-09-09 17:30:12 - __main__ - INFO - material priors: [50, 726, 0, 15, 64, 11, 30, 4, 4, 28, 18, 66, 0, 2, 202, 0]
2026-09-09 17:30:58 - __main__ - INFO - community_type priors: [71, 1048, 11, 19, 0]
2026-09-09 17:30:58 - __main__ - INFO - feature priors: [11, 0, 101, 33, 104, 2, 0, 0, 0, 10]
2026-09-09 17:30:58 - __main__ - INFO - sample_host priors: [6, 11, 0, 0, 12, 0, 0, 20, 23, 67, 45, 537, 16, 11, 0, 8, 11, 9, 4, 5, 1, 24, 0, 339]
2026-09-09 17:30:58 - __main__ - INFO - material priors: [13, 1048, 0, 11, 101, 11, 70, 4, 0, 60, 18, 34, 0, 0, 6, 0]
2026-09-09 17:31:37 - __main__ - INFO - community_type priors: [34, 885, 0, 84, 16]
2026-09-09 17:31:37 - __main__ - INFO - feature priors: [0, 34, 105, 31, 90, 2, 0, 0, 29, 0]
2026-09-09 17:31:37 - __main__ - INFO - sample_host priors: [0, 0, 0, 0, 10, 4, 4, 0, 0, 0, 0, 677, 0, 0, 16, 0, 0, 0, 0, 0, 0, 0, 4, 316]
2026-09-09 17:31:37 - __main__ - INFO - material priors: [63, 710, 0, 4, 105, 0, 90, 0, 4, 34, 0, 94, 0, 2, 196, 0]
2026-09-09 17:32:26 - __main__ - INFO - community_type priors: [39, 901, 11, 77, 16]
2026-09-09 17:32:26 - __main__ - INFO - feature priors: [11, 34, 64, 6, 64, 0, 0, 0, 29, 10]
2026-09-09 17:32:26 - __main__ - INFO - sample_host priors: [6, 11, 0, 0, 2, 4, 4, 20, 23, 67, 45, 742, 16, 11, 16, 8, 11, 9, 4, 5, 1, 24, 4, 23]
2026-09-09 17:32:26 - __main__ - INFO - material priors: [50, 726, 0, 15, 64, 11, 30, 4, 4, 28, 18, 66, 0, 2, 202, 0]
2026-09-09 17:33:18 - __main__ - INFO - community_type priors: [71, 1048, 11, 19, 0]
2026-09-09 17:33:18 - __main__ - INFO - feature priors: [11, 0, 101, 33, 104, 2, 0, 0, 0, 10]
2026-09-09 17:33:18 - __main__ - INFO - sample_host priors: [6, 11, 0, 0, 12, 0, 0, 20, 23, 67, 45, 537, 16, 11, 0, 8, 11, 9, 4, 5, 1, 24, 0, 339]
2026-09-09 17:33:18 - __main__ - INFO - material priors: [13, 1048, 0, 11, 101, 11, 70, 4, 0, 60, 18, 34, 0, 0, 6, 0]
2026-09-09 17:34:31 - __main__ - INFO - community_type priors: [34, 885, 0, 84, 16]
2026-09-09 17:34:31 - __main__ - INFO - feature priors: [0, 34, 105, 31, 90, 2, 0, 0, 29, 0]
2026-09-09 17:34:31 - __main__ - INFO - sample_host priors: [0, 0, 0, 0, 10, 4, 4, 0, 0, 0, 0, 677, 0, 0, 16, 0, 0, 0, 0, 0, 0, 0, 4, 316]
2026-09-09 17:34:31 - __main__ - INFO - material priors: [63, 710, 0, 4, 105, 0, 90, 0, 4, 34, 0, 94, 0, 2, 196, 0]
2026-09-09 17:35:13 - __main__ - INFO - community_type priors: [39, 901, 11, 77, 16]
2026-09-09 17:35:13 - __main__ - INFO - feature priors: [11, 34, 64, 6, 64, 0, 0, 0, 29, 10]
2026-09-09 17:35:13 - __main__ - INFO - sample_host priors: [6, 11, 0, 0, 2, 4, 4, 20, 23, 67, 45, 742, 16, 11, 16, 8, 11, 9, 4, 5, 1, 24, 4, 23]
2026-09-09 17:35:13 - __main__ - INFO - material priors: [50, 726, 0, 15, 64, 11, 30, 4, 4, 28, 18, 66, 0, 2, 202, 0]
2026-09-09 17:35:53 - __main__ - INFO - community_type priors: [71, 1048, 11, 19, 0]
2026-09-09 17:35:53 - __main__ - INFO - feature priors: [11, 0, 101, 33, 104, 2, 0, 0, 0, 10]
2026-09-09 17:35:53 - __main__ - INFO - sample_host priors: [6, 11, 0, 0, 12, 0, 0, 20, 23, 67, 45, 537, 16, 11, 0, 8, 11, 9, 4, 5, 1, 24, 0, 339]
2026-09-09 17:35:53 - __main__ - INFO - material priors: [13, 1048, 0, 11, 101, 11, 70, 4, 0, 60, 18, 34, 0, 0, 6, 0]
2026-09-09 17:36:25 - __main__ - INFO - community_type priors: [34, 885, 0, 84, 16]
2026-09-09 17:36:25 - __main__ - INFO - feature priors: [0, 34, 105, 31, 90, 2, 0, 0, 29, 0]
2026-09-09 17:36:25 - __main__ - INFO - sample_host priors: [0, 0, 0, 0, 10, 4, 4, 0, 0, 0, 0, 677, 0, 0, 16, 0, 0, 0, 0, 0, 0, 0, 4, 316]
2026-09-09 17:36:25 - __main__ - INFO - material priors: [63, 710, 0, 4, 105, 0, 90, 0, 4, 34, 0, 94, 0, 2, 196, 0]
2026-09-09 17:37:04 - __main__ - INFO - community_type priors: [39, 901, 11, 77, 16]
2026-09-09 17:37:04 - __main__ - INFO - feature priors: [11, 34, 64, 6, 64, 0, 0, 0, 29, 10]
2026-09-09 17:37:04 - __main__ - INFO - sample_host priors: [6, 11, 0, 0, 2, 4, 4, 20, 23, 67, 45, 742, 16, 11, 16, 8, 11, 9, 4, 5, 1, 24, 4, 23]
2026-09-09 17:37:04 - __main__ - INFO - material priors: [50, 726, 0, 15, 64, 11, 30, 4, 4, 28, 18, 66, 0, 2, 202, 0]
2026-09-09 17:37:50 - __main__ - INFO - community_type priors: [71, 1048, 11, 19, 0]
2026-09-09 17:37:50 - __main__ - INFO - feature priors: [11, 0, 101, 33, 104, 2, 0, 0, 0, 10]
2026-09-09 17:37:50 - __main__ - INFO - sample_host priors: [6, 11, 0, 0, 12, 0, 0, 20, 23, 67, 45, 537, 16, 11, 0, 8, 11, 9, 4, 5, 1, 24, 0, 339]
2026-09-09 17:37:50 - __main__ - INFO - material priors: [13, 1048, 0, 11, 101, 11, 70, 4, 0, 60, 18, 34, 0, 0, 6, 0]
2026-09-09 17:38:17 - __main__ - INFO - community_type priors: [34, 885, 0, 84, 16]
2026-09-09 17:38:17 - __main__ - INFO - feature priors: [0, 34, 105, 31, 90, 2, 0, 0, 29, 0]
2026-09-09 17:38:17 - __main__ - INFO - sample_host priors: [0, 0, 0, 0, 10, 4, 4, 0, 0, 0, 0, 677, 0, 0, 16, 0, 0, 0, 0, 0, 0, 0, 4, 316]
2026-09-09 17:38:17 - __main__ - INFO - material priors: [63, 710, 0, 4, 105, 0, 90, 0, 4, 34, 0, 94, 0, 2, 196, 0]
2026-09-09 17:39:04 - __main__ - INFO - community_type priors: [39, 901, 11, 77, 16]
2026-09-09 17:39:04 - __main__ - INFO - feature priors: [11, 34, 64, 6, 64, 0, 0, 0, 29, 10]
2026-09-09 17:39:04 - __main__ - INFO - sample_host priors: [6, 11, 0, 0, 2, 4, 4, 20, 23, 67, 45, 742, 16, 11, 16, 8, 11, 9, 4, 5, 1, 24, 4, 23]
2026-09-09 17:39:04 - __main__ - INFO - material priors: [50, 726, 0, 15, 64, 11, 30, 4, 4, 28, 18, 66, 0, 2, 202, 0]
2026-09-09 17:39:33 - __main__ - INFO - community_type priors: [71, 1048, 11, 19, 0]
2026-09-09 17:39:33 - __main__ - INFO - feature priors: [11, 0, 101, 33, 104, 2, 0, 0, 0, 10]
2026-09-09 17:39:33 - __main__ - INFO - sample_host priors: [6, 11, 0, 0, 12, 0, 0, 20, 23, 67, 45, 537, 16, 11, 0, 8, 11, 9, 4, 5, 1, 24, 0, 339]
2026-09-09 17:39:33 - __main__ - INFO - material priors: [13, 1048, 0, 11, 101, 11, 70, 4, 0, 60, 18, 34, 0, 0, 6, 0]
2026-09-09 17:40:16 - __main__ - INFO - community_type priors: [34, 885, 0, 84, 16]
2026-09-09 17:40:16 - __main__ - INFO - feature priors: [0, 34, 105, 31, 90, 2, 0, 0, 29, 0]
2026-09-09 17:40:16 - __main__ - INFO - sample_host priors: [0, 0, 0, 0, 10, 4, 4, 0, 0, 0, 0, 677, 0, 0, 16, 0, 0, 0, 0, 0, 0, 0, 4, 316]
2026-09-09 17:40:16 - __main__ - INFO - material priors: [63, 710, 0, 4, 105, 0, 90, 0, 4, 34, 0, 94, 0, 2, 196, 0]
2026-09-09 17:40:48 - __main__ - INFO - community_type priors: [39, 901, 11, 77, 16]
2026-09-09 17:40:48 - __main__ - INFO - feature priors: [11, 34, 64, 6, 64, 0, 0, 0, 29, 10]
2026-09-09 17:40:48 - __main__ - INFO - sample_host priors: [6, 11, 0, 0, 2, 4, 4, 20, 23, 67, 45, 742, 16, 11, 16, 8, 11, 9, 4, 5, 1, 24, 4, 23]
2026-09-09 17:40:48 - __main__ - INFO - material priors: [50, 726, 0, 15, 64, 11, 30, 4, 4, 28, 18, 66, 0, 2, 202, 0]
2026-09-09 17:41:23 - __main__ - INFO - community_type priors: [71, 1048, 11, 19, 0]
2026-09-09 17:41:23 - __main__ - INFO - feature priors: [11, 0, 101, 33, 104, 2, 0, 0, 0, 10]
2026-09-09 17:41:23 - __main__ - INFO - sample_host priors: [6, 11, 0, 0, 12, 0, 0, 20, 23, 67, 45, 537, 16, 11, 0, 8, 11, 9, 4, 5, 1, 24, 0, 339]
2026-09-09 17:41:23 - __main__ - INFO - material priors: [13, 1048, 0, 11, 101, 11, 70, 4, 0, 60, 18, 34, 0, 0, 6, 0]
2026-09-09 17:42:11 - __main__ - INFO - community_type priors: [34, 885, 0, 84, 16]
2026-09-09 17:42:11 - __main__ - INFO - feature priors: [0, 34, 105, 31, 90, 2, 0, 0, 29, 0]
2026-09-09 17:42:11 - __main__ - INFO - sample_host priors: [0, 0, 0, 0, 10, 4, 4, 0, 0, 0, 0, 677, 0, 0, 16, 0, 0, 0, 0, 0, 0, 0, 4, 316]
2026-09-09 17:42:11 - __main__ - INFO - material priors: [63, 710, 0, 4, 105, 0, 90, 0, 4, 34, 0, 94, 0, 2, 196, 0]
2026-09-09 17:42:31 - __main__ - INFO - community_type priors: [39, 901, 11, 77, 16]
2026-09-09 17:42:31 - __main__ - INFO - feature priors: [11, 34, 64, 6, 64, 0, 0, 0, 29, 10]
2026-09-09 17:42:31 - __main__ - INFO - sample_host priors: [6, 11, 0, 0, 2, 4, 4, 20, 23, 67, 45, 742, 16, 11, 16, 8, 11, 9, 4, 5, 1, 24, 4, 23]
2026-09-09 17:42:31 - __main__ - INFO - material priors: [50, 726, 0, 15, 64, 11, 30, 4, 4, 28, 18, 66, 0, 2, 202, 0]
2026-09-09 17:43:05 - __main__ - INFO - community_type priors: [71, 1048, 11, 19, 0]
2026-09-09 17:43:05 - __main__ - INFO - feature priors: [11, 0, 101, 33, 104, 2, 0, 0, 0, 10]
2026-09-09 17:43:05 - __main__ - INFO - sample_host priors: [6, 11, 0, 0, 12, 0, 0, 20, 23, 67, 45, 537, 16, 11, 0, 8, 11, 9, 4, 5, 1, 24, 0, 339]
2026-09-09 17:43:05 - __main__ - INFO - material priors: [13, 1048, 0, 11, 101, 11, 70, 4, 0, 60, 18, 34, 0, 0, 6, 0]
2026-09-09 17:43:49 - __main__ - INFO - community_type priors: [34, 885, 0, 84, 16]
2026-09-09 17:43:49 - __main__ - INFO - feature priors: [0, 34, 105, 31, 90, 2, 0, 0, 29, 0]
2026-09-09 17:43:49 - __main__ - INFO - sample_host priors: [0, 0, 0, 0, 10, 4, 4, 0, 0, 0, 0, 677, 0, 0, 16, 0, 0, 0, 0, 0, 0, 0, 4, 316]
2026-09-09 17:43:49 - __main__ - INFO - material priors: [63, 710, 0, 4, 105, 0, 90, 0, 4, 34, 0, 94, 0, 2, 196, 0]
2026-09-09 17:44:56 - __main__ - INFO - community_type priors: [39, 901, 11, 77, 16]
2026-09-09 17:44:56 - __main__ - INFO - feature priors: [11, 34, 64, 6, 64, 0, 0, 0, 29, 10]
2026-09-09 17:44:56 - __main__ - INFO - sample_host priors: [6, 11, 0, 0, 2, 4, 4, 20, 23, 67, 45, 742, 16, 11, 16, 8, 11, 9, 4, 5, 1, 24, 4, 23]
2026-09-09 17:44:56 - __main__ - INFO - material priors: [50, 726, 0, 15, 64, 11, 30, 4, 4, 28, 18, 66, 0, 2, 202, 0]
2026-09-09 17:45:37 - __main__ - INFO - community_type priors: [71, 1048, 11, 19, 0]
2026-09-09 17:45:37 - __main__ - INFO - feature priors: [11, 0, 101, 33, 104, 2, 0, 0, 0, 10]
2026-09-09 17:45:37 - __main__ - INFO - sample_host priors: [6, 11, 0, 0, 12, 0, 0, 20, 23, 67, 45, 537, 16, 11, 0, 8, 11, 9, 4, 5, 1, 24, 0, 339]
2026-09-09 17:45:37 - __main__ - INFO - material priors: [13, 1048, 0, 11, 101, 11, 70, 4, 0, 60, 18, 34, 0, 0, 6, 0]
2026-09-09 17:46:48 - __main__ - INFO - community_type priors: [34, 885, 0, 84, 16]
2026-09-09 17:46:48 - __main__ - INFO - feature priors: [0, 34, 105, 31, 90, 2, 0, 0, 29, 0]
2026-09-09 17:46:48 - __main__ - INFO - sample_host priors: [0, 0, 0, 0, 10, 4, 4, 0, 0, 0, 0, 677, 0, 0, 16, 0, 0, 0, 0, 0, 0, 0, 4, 316]
2026-09-09 17:46:48 - __main__ - INFO - material priors: [63, 710, 0, 4, 105, 0, 90, 0, 4, 34, 0, 94, 0, 2, 196, 0]
2026-09-09 17:47:27 - __main__ - INFO - community_type priors: [39, 901, 11, 77, 16]
2026-09-09 17:47:27 - __main__ - INFO - feature priors: [11, 34, 64, 6, 64, 0, 0, 0, 29, 10]
2026-09-09 17:47:27 - __main__ - INFO - sample_host priors: [6, 11, 0, 0, 2, 4, 4, 20, 23, 67, 45, 742, 16, 11, 16, 8, 11, 9, 4, 5, 1, 24, 4, 23]
2026-09-09 17:47:27 - __main__ - INFO - material priors: [50, 726, 0, 15, 64, 11, 30, 4, 4, 28, 18, 66, 0, 2, 202, 0]
2026-09-09 17:48:06 - __main__ - INFO - community_type priors: [71, 1048, 11, 19, 0]
2026-09-09 17:48:06 - __main__ - INFO - feature priors: [11, 0, 101, 33, 104, 2, 0, 0, 0, 10]
2026-09-09 17:48:06 - __main__ - INFO - sample_host priors: [6, 11, 0, 0, 12, 0, 0, 20, 23, 67, 45, 537, 16, 11, 0, 8, 11, 9, 4, 5, 1, 24, 0, 339]
2026-09-09 17:48:06 - __main__ - INFO - material priors: [13, 1048, 0, 11, 101, 11, 70, 4, 0, 60, 18, 34, 0, 0, 6, 0]
2026-09-09 17:49:01 - __main__ - INFO - community_type priors: [34, 885, 0, 84, 16]
2026-09-09 17:49:01 - __main__ - INFO - feature priors: [0, 34, 105, 31, 90, 2, 0, 0, 29, 0]
2026-09-09 17:49:01 - __main__ - INFO - sample_host priors: [0, 0, 0, 0, 10, 4, 4, 0, 0, 0, 0, 677, 0, 0, 16, 0, 0, 0, 0, 0, 0, 0, 4, 316]
2026-09-09 17:49:01 - __main__ - INFO - material priors: [63, 710, 0, 4, 105, 0, 90, 0, 4, 34, 0, 94, 0, 2, 196, 0]
2026-09-09 17:49:40 - __main__ - INFO - community_type priors: [39, 901, 11, 77, 16]
2026-09-09 17:49:40 - __main__ - INFO - feature priors: [11, 34, 64, 6, 64, 0, 0, 0, 29, 10]
2026-09-09 17:49:40 - __main__ - INFO - sample_host priors: [6, 11, 0, 0, 2, 4, 4, 20, 23, 67, 45, 742, 16, 11, 16, 8, 11, 9, 4, 5, 1, 24, 4, 23]
2026-09-09 17:49:40 - __main__ - INFO - material priors: [50, 726, 0, 15, 64, 11, 30, 4, 4, 28, 18, 66, 0, 2, 202, 0]
2026-09-09 17:50:20 - __main__ - INFO - community_type priors: [71, 1048, 11, 19, 0]
2026-09-09 17:50:20 - __main__ - INFO - feature priors: [11, 0, 101, 33, 104, 2, 0, 0, 0, 10]
2026-09-09 17:50:20 - __main__ - INFO - sample_host priors: [6, 11, 0, 0, 12, 0, 0, 20, 23, 67, 45, 537, 16, 11, 0, 8, 11, 9, 4, 5, 1, 24, 0, 339]
2026-09-09 17:50:20 - __main__ - INFO - material priors: [13, 1048, 0, 11, 101, 11, 70, 4, 0, 60, 18, 34, 0, 0, 6, 0]
2026-09-09 17:51:30 - __main__ - INFO - community_type priors: [34, 885, 0, 84, 16]
2026-09-09 17:51:30 - __main__ - INFO - feature priors: [0, 34, 105, 31, 90, 2, 0, 0, 29, 0]
2026-09-09 17:51:30 - __main__ - INFO - sample_host priors: [0, 0, 0, 0, 10, 4, 4, 0, 0, 0, 0, 677, 0, 0, 16, 0, 0, 0, 0, 0, 0, 0, 4, 316]
2026-09-09 17:51:30 - __main__ - INFO - material priors: [63, 710, 0, 4, 105, 0, 90, 0, 4, 34, 0, 94, 0, 2, 196, 0]
2026-09-09 17:52:36 - __main__ - INFO - community_type priors: [39, 901, 11, 77, 16]
2026-09-09 17:52:36 - __main__ - INFO - feature priors: [11, 34, 64, 6, 64, 0, 0, 0, 29, 10]
2026-09-09 17:52:36 - __main__ - INFO - sample_host priors: [6, 11, 0, 0, 2, 4, 4, 20, 23, 67, 45, 742, 16, 11, 16, 8, 11, 9, 4, 5, 1, 24, 4, 23]
2026-09-09 17:52:36 - __main__ - INFO - material priors: [50, 726, 0, 15, 64, 11, 30, 4, 4, 28, 18, 66, 0, 2, 202, 0]
2026-09-09 17:53:14 - __main__ - INFO - community_type priors: [71, 1048, 11, 19, 0]
2026-09-09 17:53:14 - __main__ - INFO - feature priors: [11, 0, 101, 33, 104, 2, 0, 0, 0, 10]
2026-09-09 17:53:14 - __main__ - INFO - sample_host priors: [6, 11, 0, 0, 12, 0, 0, 20, 23, 67, 45, 537, 16, 11, 0, 8, 11, 9, 4, 5, 1, 24, 0, 339]
2026-09-09 17:53:14 - __main__ - INFO - material priors: [13, 1048, 0, 11, 101, 11, 70, 4, 0, 60, 18, 34, 0, 0, 6, 0]
2026-09-09 17:54:08 - __main__ - INFO - community_type priors: [34, 885, 0, 84, 16]
2026-09-09 17:54:08 - __main__ - INFO - feature priors: [0, 34, 105, 31, 90, 2, 0, 0, 29, 0]
2026-09-09 17:54:08 - __main__ - INFO - sample_host priors: [0, 0, 0, 0, 10, 4, 4, 0, 0, 0, 0, 677, 0, 0, 16, 0, 0, 0, 0, 0, 0, 0, 4, 316]
2026-09-09 17:54:08 - __main__ - INFO - material priors: [63, 710, 0, 4, 105, 0, 90, 0, 4, 34, 0, 94, 0, 2, 196, 0]
2026-09-09 17:55:25 - __main__ - INFO - community_type priors: [39, 901, 11, 77, 16]
2026-09-09 17:55:25 - __main__ - INFO - feature priors: [11, 34, 64, 6, 64, 0, 0, 0, 29, 10]
2026-09-09 17:55:25 - __main__ - INFO - sample_host priors: [6, 11, 0, 0, 2, 4, 4, 20, 23, 67, 45, 742, 16, 11, 16, 8, 11, 9, 4, 5, 1, 24, 4, 23]
2026-09-09 17:55:25 - __main__ - INFO - material priors: [50, 726, 0, 15, 64, 11, 30, 4, 4, 28, 18, 66, 0, 2, 202, 0]
2026-09-09 17:56:08 - __main__ - INFO - community_type priors: [71, 1048, 11, 19, 0]
2026-09-09 17:56:08 - __main__ - INFO - feature priors: [11, 0, 101, 33, 104, 2, 0, 0, 0, 10]
2026-09-09 17:56:08 - __main__ - INFO - sample_host priors: [6, 11, 0, 0, 12, 0, 0, 20, 23, 67, 45, 537, 16, 11, 0, 8, 11, 9, 4, 5, 1, 24, 0, 339]
2026-09-09 17:56:08 - __main__ - INFO - material priors: [13, 1048, 0, 11, 101, 11, 70, 4, 0, 60, 18, 34, 0, 0, 6, 0]
2026-09-09 17:57:24 - __main__ - INFO - community_type priors: [34, 885, 0, 84, 16]
2026-09-09 17:57:24 - __main__ - INFO - feature priors: [0, 34, 105, 31, 90, 2, 0, 0, 29, 0]
2026-09-09 17:57:24 - __main__ - INFO - sample_host priors: [0, 0, 0, 0, 10, 4, 4, 0, 0, 0, 0, 677, 0, 0, 16, 0, 0, 0, 0, 0, 0, 0, 4, 316]
2026-09-09 17:57:24 - __main__ - INFO - material priors: [63, 710, 0, 4, 105, 0, 90, 0, 4, 34, 0, 94, 0, 2, 196, 0]
2026-09-09 17:58:19 - __main__ - INFO - community_type priors: [39, 901, 11, 77, 16]
2026-09-09 17:58:19 - __main__ - INFO - feature priors: [11, 34, 64, 6, 64, 0, 0, 0, 29, 10]
2026-09-09 17:58:19 - __main__ - INFO - sample_host priors: [6, 11, 0, 0, 2, 4, 4, 20, 23, 67, 45, 742, 16, 11, 16, 8, 11, 9, 4, 5, 1, 24, 4, 23]
2026-09-09 17:58:19 - __main__ - INFO - material priors: [50, 726, 0, 15, 64, 11, 30, 4, 4, 28, 18, 66, 0, 2, 202, 0]
2026-09-09 17:58:56 - __main__ - INFO - community_type priors: [71, 1048, 11, 19, 0]
2026-09-09 17:58:56 - __main__ - INFO - feature priors: [11, 0, 101, 33, 104, 2, 0, 0, 0, 10]
2026-09-09 17:58:56 - __main__ - INFO - sample_host priors: [6, 11, 0, 0, 12, 0, 0, 20, 23, 67, 45, 537, 16, 11, 0, 8, 11, 9, 4, 5, 1, 24, 0, 339]
2026-09-09 17:58:56 - __main__ - INFO - material priors: [13, 1048, 0, 11, 101, 11, 70, 4, 0, 60, 18, 34, 0, 0, 6, 0]
2026-09-09 17:59:36 - __main__ - INFO - community_type priors: [34, 885, 0, 84, 16]
2026-09-09 17:59:36 - __main__ - INFO - feature priors: [0, 34, 105, 31, 90, 2, 0, 0, 29, 0]
2026-09-09 17:59:36 - __main__ - INFO - sample_host priors: [0, 0, 0, 0, 10, 4, 4, 0, 0, 0, 0, 677, 0, 0, 16, 0, 0, 0, 0, 0, 0, 0, 4, 316]
2026-09-09 17:59:36 - __main__ - INFO - material priors: [63, 710, 0, 4, 105, 0, 90, 0, 4, 34, 0, 94, 0, 2, 196, 0]
2026-09-09 18:00:19 - __main__ - INFO - community_type priors: [39, 901, 11, 77, 16]
2026-09-09 18:00:19 - __main__ - INFO - feature priors: [11, 34, 64, 6, 64, 0, 0, 0, 29, 10]
2026-09-09 18:00:19 - __main__ - INFO - sample_host priors: [6, 11, 0, 0, 2, 4, 4, 20, 23, 67, 45, 742, 16, 11, 16, 8, 11, 9, 4, 5, 1, 24, 4, 23]
2026-09-09 18:00:19 - __main__ - INFO - material priors: [50, 726, 0, 15, 64, 11, 30, 4, 4, 28, 18, 66, 0, 2, 202, 0]
2026-09-09 18:01:05 - __main__ - INFO - community_type priors: [71, 1048, 11, 19, 0]
2026-09-09 18:01:05 - __main__ - INFO - feature priors: [11, 0, 101, 33, 104, 2, 0, 0, 0, 10]
2026-09-09 18:01:05 - __main__ - INFO - sample_host priors: [6, 11, 0, 0, 12, 0, 0, 20, 23, 67, 45, 537, 16, 11, 0, 8, 11, 9, 4, 5, 1, 24, 0, 339]
2026-09-09 18:01:05 - __main__ - INFO - material priors: [13, 1048, 0, 11, 101, 11, 70, 4, 0, 60, 18, 34, 0, 0, 6, 0]
2026-09-09 18:02:14 - __main__ - INFO - community_type priors: [34, 885, 0, 84, 16]
2026-09-09 18:02:14 - __main__ - INFO - feature priors: [0, 34, 105, 31, 90, 2, 0, 0, 29, 0]
2026-09-09 18:02:14 - __main__ - INFO - sample_host priors: [0, 0, 0, 0, 10, 4, 4, 0, 0, 0, 0, 677, 0, 0, 16, 0, 0, 0, 0, 0, 0, 0, 4, 316]
2026-09-09 18:02:14 - __main__ - INFO - material priors: [63, 710, 0, 4, 105, 0, 90, 0, 4, 34, 0, 94, 0, 2, 196, 0]
2026-09-09 18:03:14 - __main__ - INFO - community_type priors: [39, 901, 11, 77, 16]
2026-09-09 18:03:14 - __main__ - INFO - feature priors: [11, 34, 64, 6, 64, 0, 0, 0, 29, 10]
2026-09-09 18:03:14 - __main__ - INFO - sample_host priors: [6, 11, 0, 0, 2, 4, 4, 20, 23, 67, 45, 742, 16, 11, 16, 8, 11, 9, 4, 5, 1, 24, 4, 23]
2026-09-09 18:03:14 - __main__ - INFO - material priors: [50, 726, 0, 15, 64, 11, 30, 4, 4, 28, 18, 66, 0, 2, 202, 0]
2026-09-09 18:03:48 - __main__ - INFO - community_type priors: [71, 1048, 11, 19, 0]
2026-09-09 18:03:48 - __main__ - INFO - feature priors: [11, 0, 101, 33, 104, 2, 0, 0, 0, 10]
2026-09-09 18:03:48 - __main__ - INFO - sample_host priors: [6, 11, 0, 0, 12, 0, 0, 20, 23, 67, 45, 537, 16, 11, 0, 8, 11, 9, 4, 5, 1, 24, 0, 339]
2026-09-09 18:03:48 - __main__ - INFO - material priors: [13, 1048, 0, 11, 101, 11, 70, 4, 0, 60, 18, 34, 0, 0, 6, 0]
2026-09-09 18:04:59 - __main__ - INFO - community_type priors: [34, 885, 0, 84, 16]
2026-09-09 18:04:59 - __main__ - INFO - feature priors: [0, 34, 105, 31, 90, 2, 0, 0, 29, 0]
2026-09-09 18:04:59 - __main__ - INFO - sample_host priors: [0, 0, 0, 0, 10, 4, 4, 0, 0, 0, 0, 677, 0, 0, 16, 0, 0, 0, 0, 0, 0, 0, 4, 316]
2026-09-09 18:04:59 - __main__ - INFO - material priors: [63, 710, 0, 4, 105, 0, 90, 0, 4, 34, 0, 94, 0, 2, 196, 0]
2026-09-09 18:05:43 - __main__ - INFO - community_type priors: [39, 901, 11, 77, 16]
2026-09-09 18:05:43 - __main__ - INFO - feature priors: [11, 34, 64, 6, 64, 0, 0, 0, 29, 10]
2026-09-09 18:05:43 - __main__ - INFO - sample_host priors: [6, 11, 0, 0, 2, 4, 4, 20, 23, 67, 45, 742, 16, 11, 16, 8, 11, 9, 4, 5, 1, 24, 4, 23]
2026-09-09 18:05:43 - __main__ - INFO - material priors: [50, 726, 0, 15, 64, 11, 30, 4, 4, 28, 18, 66, 0, 2, 202, 0]
2026-09-09 18:06:16 - __main__ - INFO - community_type priors: [71, 1048, 11, 19, 0]
2026-09-09 18:06:16 - __main__ - INFO - feature priors: [11, 0, 101, 33, 104, 2, 0, 0, 0, 10]
2026-09-09 18:06:16 - __main__ - INFO - sample_host priors: [6, 11, 0, 0, 12, 0, 0, 20, 23, 67, 45, 537, 16, 11, 0, 8, 11, 9, 4, 5, 1, 24, 0, 339]
2026-09-09 18:06:16 - __main__ - INFO - material priors: [13, 1048, 0, 11, 101, 11, 70, 4, 0, 60, 18, 34, 0, 0, 6, 0]
2026-09-09 18:07:10 - __main__ - INFO - community_type priors: [34, 885, 0, 84, 16]
2026-09-09 18:07:10 - __main__ - INFO - feature priors: [0, 34, 105, 31, 90, 2, 0, 0, 29, 0]
2026-09-09 18:07:10 - __main__ - INFO - sample_host priors: [0, 0, 0, 0, 10, 4, 4, 0, 0, 0, 0, 677, 0, 0, 16, 0, 0, 0, 0, 0, 0, 0, 4, 316]
2026-09-09 18:07:10 - __main__ - INFO - material priors: [63, 710, 0, 4, 105, 0, 90, 0, 4, 34, 0, 94, 0, 2, 196, 0]
2026-09-09 18:08:16 - __main__ - INFO - community_type priors: [39, 901, 11, 77, 16]
2026-09-09 18:08:16 - __main__ - INFO - feature priors: [11, 34, 64, 6, 64, 0, 0, 0, 29, 10]
2026-09-09 18:08:16 - __main__ - INFO - sample_host priors: [6, 11, 0, 0, 2, 4, 4, 20, 23, 67, 45, 742, 16, 11, 16, 8, 11, 9, 4, 5, 1, 24, 4, 23]
2026-09-09 18:08:16 - __main__ - INFO - material priors: [50, 726, 0, 15, 64, 11, 30, 4, 4, 28, 18, 66, 0, 2, 202, 0]
2026-09-09 18:09:19 - __main__ - INFO - community_type priors: [71, 1048, 11, 19, 0]
2026-09-09 18:09:19 - __main__ - INFO - feature priors: [11, 0, 101, 33, 104, 2, 0, 0, 0, 10]
2026-09-09 18:09:19 - __main__ - INFO - sample_host priors: [6, 11, 0, 0, 12, 0, 0, 20, 23, 67, 45, 537, 16, 11, 0, 8, 11, 9, 4, 5, 1, 24, 0, 339]
2026-09-09 18:09:19 - __main__ - INFO - material priors: [13, 1048, 0, 11, 101, 11, 70, 4, 0, 60, 18, 34, 0, 0, 6, 0]
2026-09-09 18:10:29 - __main__ - INFO - community_type priors: [34, 885, 0, 84, 16]
2026-09-09 18:10:29 - __main__ - INFO - feature priors: [0, 34, 105, 31, 90, 2, 0, 0, 29, 0]
2026-09-09 18:10:29 - __main__ - INFO - sample_host priors: [0, 0, 0, 0, 10, 4, 4, 0, 0, 0, 0, 677, 0, 0, 16, 0, 0, 0, 0, 0, 0, 0, 4, 316]
2026-09-09 18:10:29 - __main__ - INFO - material priors: [63, 710, 0, 4, 105, 0, 90, 0, 4, 34, 0, 94, 0, 2, 196, 0]
2026-09-09 18:11:08 - __main__ - INFO - community_type priors: [39, 901, 11, 77, 16]
2026-09-09 18:11:08 - __main__ - INFO - feature priors: [11, 34, 64, 6, 64, 0, 0, 0, 29, 10]
2026-09-09 18:11:08 - __main__ - INFO - sample_host priors: [6, 11, 0, 0, 2, 4, 4, 20, 23, 67, 45, 742, 16, 11, 16, 8, 11, 9, 4, 5, 1, 24, 4, 23]
2026-09-09 18:11:08 - __main__ - INFO - material priors: [50, 726, 0, 15, 64, 11, 30, 4, 4, 28, 18, 66, 0, 2, 202, 0]
2026-09-09 18:11:42 - __main__ - INFO - community_type priors: [71, 1048, 11, 19, 0]
2026-09-09 18:11:42 - __main__ - INFO - feature priors: [11, 0, 101, 33, 104, 2, 0, 0, 0, 10]
2026-09-09 18:11:42 - __main__ - INFO - sample_host priors: [6, 11, 0, 0, 12, 0, 0, 20, 23, 67, 45, 537, 16, 11, 0, 8, 11, 9, 4, 5, 1, 24, 0, 339]
2026-09-09 18:11:42 - __main__ - INFO - material priors: [13, 1048, 0, 11, 101, 11, 70, 4, 0, 60, 18, 34, 0, 0, 6, 0]
2026-09-09 18:12:33 - __main__ - INFO - community_type priors: [34, 885, 0, 84, 16]
2026-09-09 18:12:33 - __main__ - INFO - feature priors: [0, 34, 105, 31, 90, 2, 0, 0, 29, 0]
2026-09-09 18:12:33 - __main__ - INFO - sample_host priors: [0, 0, 0, 0, 10, 4, 4, 0, 0, 0, 0, 677, 0, 0, 16, 0, 0, 0, 0, 0, 0, 0, 4, 316]
2026-09-09 18:12:33 - __main__ - INFO - material priors: [63, 710, 0, 4, 105, 0, 90, 0, 4, 34, 0, 94, 0, 2, 196, 0]
2026-09-09 18:13:38 - __main__ - INFO - community_type priors: [39, 901, 11, 77, 16]
2026-09-09 18:13:38 - __main__ - INFO - feature priors: [11, 34, 64, 6, 64, 0, 0, 0, 29, 10]
2026-09-09 18:13:38 - __main__ - INFO - sample_host priors: [6, 11, 0, 0, 2, 4, 4, 20, 23, 67, 45, 742, 16, 11, 16, 8, 11, 9, 4, 5, 1, 24, 4, 23]
2026-09-09 18:13:38 - __main__ - INFO - material priors: [50, 726, 0, 15, 64, 11, 30, 4, 4, 28, 18, 66, 0, 2, 202, 0]
2026-09-09 18:14:30 - __main__ - INFO - community_type priors: [71, 1048, 11, 19, 0]
2026-09-09 18:14:30 - __main__ - INFO - feature priors: [11, 0, 101, 33, 104, 2, 0, 0, 0, 10]
2026-09-09 18:14:30 - __main__ - INFO - sample_host priors: [6, 11, 0, 0, 12, 0, 0, 20, 23, 67, 45, 537, 16, 11, 0, 8, 11, 9, 4, 5, 1, 24, 0, 339]
2026-09-09 18:14:30 - __main__ - INFO - material priors: [13, 1048, 0, 11, 101, 11, 70, 4, 0, 60, 18, 34, 0, 0, 6, 0]
2026-09-09 18:15:31 - __main__ - INFO - community_type priors: [34, 885, 0, 84, 16]
2026-09-09 18:15:31 - __main__ - INFO - feature priors: [0, 34, 105, 31, 90, 2, 0, 0, 29, 0]
2026-09-09 18:15:31 - __main__ - INFO - sample_host priors: [0, 0, 0, 0, 10, 4, 4, 0, 0, 0, 0, 677, 0, 0, 16, 0, 0, 0, 0, 0, 0, 0, 4, 316]
2026-09-09 18:15:31 - __main__ - INFO - material priors: [63, 710, 0, 4, 105, 0, 90, 0, 4, 34, 0, 94, 0, 2, 196, 0]
2026-09-09 18:16:38 - __main__ - INFO - community_type priors: [39, 901, 11, 77, 16]
2026-09-09 18:16:38 - __main__ - INFO - feature priors: [11, 34, 64, 6, 64, 0, 0, 0, 29, 10]
2026-09-09 18:16:38 - __main__ - INFO - sample_host priors: [6, 11, 0, 0, 2, 4, 4, 20, 23, 67, 45, 742, 16, 11, 16, 8, 11, 9, 4, 5, 1, 24, 4, 23]
2026-09-09 18:16:38 - __main__ - INFO - material priors: [50, 726, 0, 15, 64, 11, 30, 4, 4, 28, 18, 66, 0, 2, 202, 0]
2026-09-09 18:17:28 - __main__ - INFO - community_type priors: [71, 1048, 11, 19, 0]
2026-09-09 18:17:28 - __main__ - INFO - feature priors: [11, 0, 101, 33, 104, 2, 0, 0, 0, 10]
2026-09-09 18:17:28 - __main__ - INFO - sample_host priors: [6, 11, 0, 0, 12, 0, 0, 20, 23, 67, 45, 537, 16, 11, 0, 8, 11, 9, 4, 5, 1, 24, 0, 339]
2026-09-09 18:17:28 - __main__ - INFO - material priors: [13, 1048, 0, 11, 101, 11, 70, 4, 0, 60, 18, 34, 0, 0, 6, 0]
2026-09-09 18:18:35 - __main__ - INFO - community_type priors: [34, 885, 0, 84, 16]
2026-09-09 18:18:35 - __main__ - INFO - feature priors: [0, 34, 105, 31, 90, 2, 0, 0, 29, 0]
2026-09-09 18:18:35 - __main__ - INFO - sample_host priors: [0, 0, 0, 0, 10, 4, 4, 0, 0, 0, 0, 677, 0, 0, 16, 0, 0, 0, 0, 0, 0, 0, 4, 316]
2026-09-09 18:18:35 - __main__ - INFO - material priors: [63, 710, 0, 4, 105, 0, 90, 0, 4, 34, 0, 94, 0, 2, 196, 0]
2026-09-09 18:19:31 - __main__ - INFO - community_type priors: [39, 901, 11, 77, 16]
2026-09-09 18:19:31 - __main__ - INFO - feature priors: [11, 34, 64, 6, 64, 0, 0, 0, 29, 10]
2026-09-09 18:19:31 - __main__ - INFO - sample_host priors: [6, 11, 0, 0, 2, 4, 4, 20, 23, 67, 45, 742, 16, 11, 16, 8, 11, 9, 4, 5, 1, 24, 4, 23]
2026-09-09 18:19:31 - __main__ - INFO - material priors: [50, 726, 0, 15, 64, 11, 30, 4, 4, 28, 18, 66, 0, 2, 202, 0]
2026-09-09 18:20:24 - __main__ - INFO - community_type priors: [71, 1048, 11, 19, 0]
2026-09-09 18:20:24 - __main__ - INFO - feature priors: [11, 0, 101, 33, 104, 2, 0, 0, 0, 10]
2026-09-09 18:20:24 - __main__ - INFO - sample_host priors: [6, 11, 0, 0, 12, 0, 0, 20, 23, 67, 45, 537, 16, 11, 0, 8, 11, 9, 4, 5, 1, 24, 0, 339]
2026-09-09 18:20:24 - __main__ - INFO - material priors: [13, 1048, 0, 11, 101, 11, 70, 4, 0, 60, 18, 34, 0, 0, 6, 0]
2026-09-09 18:21:28 - __main__ - INFO - community_type priors: [34, 885, 0, 84, 16]
2026-09-09 18:21:28 - __main__ - INFO - feature priors: [0, 34, 105, 31, 90, 2, 0, 0, 29, 0]
2026-09-09 18:21:28 - __main__ - INFO - sample_host priors: [0, 0, 0, 0, 10, 4, 4, 0, 0, 0, 0, 677, 0, 0, 16, 0, 0, 0, 0, 0, 0, 0, 4, 316]
2026-09-09 18:21:28 - __main__ - INFO - material priors: [63, 710, 0, 4, 105, 0, 90, 0, 4, 34, 0, 94, 0, 2, 196, 0]
2026-09-09 18:22:05 - __main__ - INFO - community_type priors: [39, 901, 11, 77, 16]
2026-09-09 18:22:05 - __main__ - INFO - feature priors: [11, 34, 64, 6, 64, 0, 0, 0, 29, 10]
2026-09-09 18:22:05 - __main__ - INFO - sample_host priors: [6, 11, 0, 0, 2, 4, 4, 20, 23, 67, 45, 742, 16, 11, 16, 8, 11, 9, 4, 5, 1, 24, 4, 23]
2026-09-09 18:22:05 - __main__ - INFO - material priors: [50, 726, 0, 15, 64, 11, 30, 4, 4, 28, 18, 66, 0, 2, 202, 0]
2026-09-09 18:22:44 - __main__ - INFO - community_type priors: [71, 1048, 11, 19, 0]
2026-09-09 18:22:44 - __main__ - INFO - feature priors: [11, 0, 101, 33, 104, 2, 0, 0, 0, 10]
2026-09-09 18:22:44 - __main__ - INFO - sample_host priors: [6, 11, 0, 0, 12, 0, 0, 20, 23, 67, 45, 537, 16, 11, 0, 8, 11, 9, 4, 5, 1, 24, 0, 339]
2026-09-09 18:22:44 - __main__ - INFO - material priors: [13, 1048, 0, 11, 101, 11, 70, 4, 0, 60, 18, 34, 0, 0, 6, 0]
2026-09-09 18:23:45 - __main__ - INFO - community_type priors: [34, 885, 0, 84, 16]
2026-09-09 18:23:45 - __main__ - INFO - feature priors: [0, 34, 105, 31, 90, 2, 0, 0, 29, 0]
2026-09-09 18:23:45 - __main__ - INFO - sample_host priors: [0, 0, 0, 0, 10, 4, 4, 0, 0, 0, 0, 677, 0, 0, 16, 0, 0, 0, 0, 0, 0, 0, 4, 316]
2026-09-09 18:23:45 - __main__ - INFO - material priors: [63, 710, 0, 4, 105, 0, 90, 0, 4, 34, 0, 94, 0, 2, 196, 0]
2026-09-09 18:24:49 - __main__ - INFO - community_type priors: [39, 901, 11, 77, 16]
2026-09-09 18:24:49 - __main__ - INFO - feature priors: [11, 34, 64, 6, 64, 0, 0, 0, 29, 10]
2026-09-09 18:24:49 - __main__ - INFO - sample_host priors: [6, 11, 0, 0, 2, 4, 4, 20, 23, 67, 45, 742, 16, 11, 16, 8, 11, 9, 4, 5, 1, 24, 4, 23]
2026-09-09 18:24:49 - __main__ - INFO - material priors: [50, 726, 0, 15, 64, 11, 30, 4, 4, 28, 18, 66, 0, 2, 202, 0]
2026-09-09 18:25:48 - __main__ - INFO - community_type priors: [71, 1048, 11, 19, 0]
2026-09-09 18:25:48 - __main__ - INFO - feature priors: [11, 0, 101, 33, 104, 2, 0, 0, 0, 10]
2026-09-09 18:25:48 - __main__ - INFO - sample_host priors: [6, 11, 0, 0, 12, 0, 0, 20, 23, 67, 45, 537, 16, 11, 0, 8, 11, 9, 4, 5, 1, 24, 0, 339]
2026-09-09 18:25:48 - __main__ - INFO - material priors: [13, 1048, 0, 11, 101, 11, 70, 4, 0, 60, 18, 34, 0, 0, 6, 0]
2026-09-09 18:26:57 - __main__ - INFO - community_type priors: [34, 885, 0, 84, 16]
2026-09-09 18:26:57 - __main__ - INFO - feature priors: [0, 34, 105, 31, 90, 2, 0, 0, 29, 0]
2026-09-09 18:26:57 - __main__ - INFO - sample_host priors: [0, 0, 0, 0, 10, 4, 4, 0, 0, 0, 0, 677, 0, 0, 16, 0, 0, 0, 0, 0, 0, 0, 4, 316]
2026-09-09 18:26:57 - __main__ - INFO - material priors: [63, 710, 0, 4, 105, 0, 90, 0, 4, 34, 0, 94, 0, 2, 196, 0]
2026-09-09 18:27:35 - __main__ - INFO - community_type priors: [39, 901, 11, 77, 16]
2026-09-09 18:27:35 - __main__ - INFO - feature priors: [11, 34, 64, 6, 64, 0, 0, 0, 29, 10]
2026-09-09 18:27:35 - __main__ - INFO - sample_host priors: [6, 11, 0, 0, 2, 4, 4, 20, 23, 67, 45, 742, 16, 11, 16, 8, 11, 9, 4, 5, 1, 24, 4, 23]
2026-09-09 18:27:35 - __main__ - INFO - material priors: [50, 726, 0, 15, 64, 11, 30, 4, 4, 28, 18, 66, 0, 2, 202, 0]
2026-09-09 18:28:15 - __main__ - INFO - community_type priors: [71, 1048, 11, 19, 0]
2026-09-09 18:28:15 - __main__ - INFO - feature priors: [11, 0, 101, 33, 104, 2, 0, 0, 0, 10]
2026-09-09 18:28:15 - __main__ - INFO - sample_host priors: [6, 11, 0, 0, 12, 0, 0, 20, 23, 67, 45, 537, 16, 11, 0, 8, 11, 9, 4, 5, 1, 24, 0, 339]
2026-09-09 18:28:15 - __main__ - INFO - material priors: [13, 1048, 0, 11, 101, 11, 70, 4, 0, 60, 18, 34, 0, 0, 6, 0]
2026-09-09 18:29:10 - __main__ - INFO - community_type priors: [34, 885, 0, 84, 16]
2026-09-09 18:29:10 - __main__ - INFO - feature priors: [0, 34, 105, 31, 90, 2, 0, 0, 29, 0]
2026-09-09 18:29:10 - __main__ - INFO - sample_host priors: [0, 0, 0, 0, 10, 4, 4, 0, 0, 0, 0, 677, 0, 0, 16, 0, 0, 0, 0, 0, 0, 0, 4, 316]
2026-09-09 18:29:10 - __main__ - INFO - material priors: [63, 710, 0, 4, 105, 0, 90, 0, 4, 34, 0, 94, 0, 2, 196, 0]
2026-09-09 18:29:48 - __main__ - INFO - community_type priors: [39, 901, 11, 77, 16]
2026-09-09 18:29:48 - __main__ - INFO - feature priors: [11, 34, 64, 6, 64, 0, 0, 0, 29, 10]
2026-09-09 18:29:48 - __main__ - INFO - sample_host priors: [6, 11, 0, 0, 2, 4, 4, 20, 23, 67, 45, 742, 16, 11, 16, 8, 11, 9, 4, 5, 1, 24, 4, 23]
2026-09-09 18:29:48 - __main__ - INFO - material priors: [50, 726, 0, 15, 64, 11, 30, 4, 4, 28, 18, 66, 0, 2, 202, 0]
2026-09-09 18:30:29 - __main__ - INFO - community_type priors: [71, 1048, 11, 19, 0]
2026-09-09 18:30:29 - __main__ - INFO - feature priors: [11, 0, 101, 33, 104, 2, 0, 0, 0, 10]
2026-09-09 18:30:29 - __main__ - INFO - sample_host priors: [6, 11, 0, 0, 12, 0, 0, 20, 23, 67, 45, 537, 16, 11, 0, 8, 11, 9, 4, 5, 1, 24, 0, 339]
2026-09-09 18:30:29 - __main__ - INFO - material priors: [13, 1048, 0, 11, 101, 11, 70, 4, 0, 60, 18, 34, 0, 0, 6, 0]
2026-09-09 18:31:17 - __main__ - INFO - community_type priors: [34, 885, 0, 84, 16]
2026-09-09 18:31:17 - __main__ - INFO - feature priors: [0, 34, 105, 31, 90, 2, 0, 0, 29, 0]
2026-09-09 18:31:17 - __main__ - INFO - sample_host priors: [0, 0, 0, 0, 10, 4, 4, 0, 0, 0, 0, 677, 0, 0, 16, 0, 0, 0, 0, 0, 0, 0, 4, 316]
2026-09-09 18:31:17 - __main__ - INFO - material priors: [63, 710, 0, 4, 105, 0, 90, 0, 4, 34, 0, 94, 0, 2, 196, 0]
2026-09-09 18:32:23 - __main__ - INFO - community_type priors: [39, 901, 11, 77, 16]
2026-09-09 18:32:23 - __main__ - INFO - feature priors: [11, 34, 64, 6, 64, 0, 0, 0, 29, 10]
2026-09-09 18:32:23 - __main__ - INFO - sample_host priors: [6, 11, 0, 0, 2, 4, 4, 20, 23, 67, 45, 742, 16, 11, 16, 8, 11, 9, 4, 5, 1, 24, 4, 23]
2026-09-09 18:32:23 - __main__ - INFO - material priors: [50, 726, 0, 15, 64, 11, 30, 4, 4, 28, 18, 66, 0, 2, 202, 0]
2026-09-09 18:33:01 - __main__ - INFO - community_type priors: [71, 1048, 11, 19, 0]
2026-09-09 18:33:01 - __main__ - INFO - feature priors: [11, 0, 101, 33, 104, 2, 0, 0, 0, 10]
2026-09-09 18:33:01 - __main__ - INFO - sample_host priors: [6, 11, 0, 0, 12, 0, 0, 20, 23, 67, 45, 537, 16, 11, 0, 8, 11, 9, 4, 5, 1, 24, 0, 339]
2026-09-09 18:33:01 - __main__ - INFO - material priors: [13, 1048, 0, 11, 101, 11, 70, 4, 0, 60, 18, 34, 0, 0, 6, 0]
2026-09-09 18:33:43 - __main__ - INFO - community_type priors: [34, 885, 0, 84, 16]
2026-09-09 18:33:43 - __main__ - INFO - feature priors: [0, 34, 105, 31, 90, 2, 0, 0, 29, 0]
2026-09-09 18:33:43 - __main__ - INFO - sample_host priors: [0, 0, 0, 0, 10, 4, 4, 0, 0, 0, 0, 677, 0, 0, 16, 0, 0, 0, 0, 0, 0, 0, 4, 316]
2026-09-09 18:33:43 - __main__ - INFO - material priors: [63, 710, 0, 4, 105, 0, 90, 0, 4, 34, 0, 94, 0, 2, 196, 0]
2026-09-09 18:34:52 - __main__ - INFO - community_type priors: [39, 901, 11, 77, 16]
2026-09-09 18:34:52 - __main__ - INFO - feature priors: [11, 34, 64, 6, 64, 0, 0, 0, 29, 10]
2026-09-09 18:34:52 - __main__ - INFO - sample_host priors: [6, 11, 0, 0, 2, 4, 4, 20, 23, 67, 45, 742, 16, 11, 16, 8, 11, 9, 4, 5, 1, 24, 4, 23]
2026-09-09 18:34:52 - __main__ - INFO - material priors: [50, 726, 0, 15, 64, 11, 30, 4, 4, 28, 18, 66, 0, 2, 202, 0]
2026-09-09 18:35:59 - __main__ - INFO - community_type priors: [71, 1048, 11, 19, 0]
2026-09-09 18:35:59 - __main__ - INFO - feature priors: [11, 0, 101, 33, 104, 2, 0, 0, 0, 10]
2026-09-09 18:35:59 - __main__ - INFO - sample_host priors: [6, 11, 0, 0, 12, 0, 0, 20, 23, 67, 45, 537, 16, 11, 0, 8, 11, 9, 4, 5, 1, 24, 0, 339]
2026-09-09 18:35:59 - __main__ - INFO - material priors: [13, 1048, 0, 11, 101, 11, 70, 4, 0, 60, 18, 34, 0, 0, 6, 0]
2026-09-09 18:37:15 - __main__ - INFO - community_type priors: [34, 885, 0, 84, 16]
2026-09-09 18:37:15 - __main__ - INFO - feature priors: [0, 34, 105, 31, 90, 2, 0, 0, 29, 0]
2026-09-09 18:37:15 - __main__ - INFO - sample_host priors: [0, 0, 0, 0, 10, 4, 4, 0, 0, 0, 0, 677, 0, 0, 16, 0, 0, 0, 0, 0, 0, 0, 4, 316]
2026-09-09 18:37:15 - __main__ - INFO - material priors: [63, 710, 0, 4, 105, 0, 90, 0, 4, 34, 0, 94, 0, 2, 196, 0]
2026-09-09 18:38:21 - __main__ - INFO - community_type priors: [39, 901, 11, 77, 16]
2026-09-09 18:38:21 - __main__ - INFO - feature priors: [11, 34, 64, 6, 64, 0, 0, 0, 29, 10]
2026-09-09 18:38:21 - __main__ - INFO - sample_host priors: [6, 11, 0, 0, 2, 4, 4, 20, 23, 67, 45, 742, 16, 11, 16, 8, 11, 9, 4, 5, 1, 24, 4, 23]
2026-09-09 18:38:21 - __main__ - INFO - material priors: [50, 726, 0, 15, 64, 11, 30, 4, 4, 28, 18, 66, 0, 2, 202, 0]
2026-09-09 18:38:57 - __main__ - INFO - community_type priors: [71, 1048, 11, 19, 0]
2026-09-09 18:38:57 - __main__ - INFO - feature priors: [11, 0, 101, 33, 104, 2, 0, 0, 0, 10]
2026-09-09 18:38:57 - __main__ - INFO - sample_host priors: [6, 11, 0, 0, 12, 0, 0, 20, 23, 67, 45, 537, 16, 11, 0, 8, 11, 9, 4, 5, 1, 24, 0, 339]
2026-09-09 18:38:57 - __main__ - INFO - material priors: [13, 1048, 0, 11, 101, 11, 70, 4, 0, 60, 18, 34, 0, 0, 6, 0]
2026-09-09 18:40:10 - __main__ - INFO - community_type priors: [34, 885, 0, 84, 16]
2026-09-09 18:40:10 - __main__ - INFO - feature priors: [0, 34, 105, 31, 90, 2, 0, 0, 29, 0]
2026-09-09 18:40:10 - __main__ - INFO - sample_host priors: [0, 0, 0, 0, 10, 4, 4, 0, 0, 0, 0, 677, 0, 0, 16, 0, 0, 0, 0, 0, 0, 0, 4, 316]
2026-09-09 18:40:10 - __main__ - INFO - material priors: [63, 710, 0, 4, 105, 0, 90, 0, 4, 34, 0, 94, 0, 2, 196, 0]
2026-09-09 18:41:19 - __main__ - INFO - community_type priors: [39, 901, 11, 77, 16]
2026-09-09 18:41:19 - __main__ - INFO - feature priors: [11, 34, 64, 6, 64, 0, 0, 0, 29, 10]
2026-09-09 18:41:19 - __main__ - INFO - sample_host priors: [6, 11, 0, 0, 2, 4, 4, 20, 23, 67, 45, 742, 16, 11, 16, 8, 11, 9, 4, 5, 1, 24, 4, 23]
2026-09-09 18:41:19 - __main__ - INFO - material priors: [50, 726, 0, 15, 64, 11, 30, 4, 4, 28, 18, 66, 0, 2, 202, 0]
2026-09-09 18:42:04 - __main__ - INFO - community_type priors: [71, 1048, 11, 19, 0]
2026-09-09 18:42:04 - __main__ - INFO - feature priors: [11, 0, 101, 33, 104, 2, 0, 0, 0, 10]
2026-09-09 18:42:04 - __main__ - INFO - sample_host priors: [6, 11, 0, 0, 12, 0, 0, 20, 23, 67, 45, 537, 16, 11, 0, 8, 11, 9, 4, 5, 1, 24, 0, 339]
2026-09-09 18:42:04 - __main__ - INFO - material priors: [13, 1048, 0, 11, 101, 11, 70, 4, 0, 60, 18, 34, 0, 0, 6, 0]
2026-09-09 18:43:16 - __main__ - INFO - community_type priors: [34, 885, 0, 84, 16]
2026-09-09 18:43:16 - __main__ - INFO - feature priors: [0, 34, 105, 31, 90, 2, 0, 0, 29, 0]
2026-09-09 18:43:16 - __main__ - INFO - sample_host priors: [0, 0, 0, 0, 10, 4, 4, 0, 0, 0, 0, 677, 0, 0, 16, 0, 0, 0, 0, 0, 0, 0, 4, 316]
2026-09-09 18:43:16 - __main__ - INFO - material priors: [63, 710, 0, 4, 105, 0, 90, 0, 4, 34, 0, 94, 0, 2, 196, 0]
2026-09-09 18:44:19 - __main__ - INFO - community_type priors: [39, 901, 11, 77, 16]
2026-09-09 18:44:19 - __main__ - INFO - feature priors: [11, 34, 64, 6, 64, 0, 0, 0, 29, 10]
2026-09-09 18:44:19 - __main__ - INFO - sample_host priors: [6, 11, 0, 0, 2, 4, 4, 20, 23, 67, 45, 742, 16, 11, 16, 8, 11, 9, 4, 5, 1, 24, 4, 23]
2026-09-09 18:44:19 - __main__ - INFO - material priors: [50, 726, 0, 15, 64, 11, 30, 4, 4, 28, 18, 66, 0, 2, 202, 0]
2026-09-09 18:44:57 - __main__ - INFO - community_type priors: [71, 1048, 11, 19, 0]
2026-09-09 18:44:57 - __main__ - INFO - feature priors: [11, 0, 101, 33, 104, 2, 0, 0, 0, 10]
2026-09-09 18:44:57 - __main__ - INFO - sample_host priors: [6, 11, 0, 0, 12, 0, 0, 20, 23, 67, 45, 537, 16, 11, 0, 8, 11, 9, 4, 5, 1, 24, 0, 339]
2026-09-09 18:44:57 - __main__ - INFO - material priors: [13, 1048, 0, 11, 101, 11, 70, 4, 0, 60, 18, 34, 0, 0, 6, 0]
2026-09-09 18:46:09 - __main__ - INFO - community_type priors: [34, 885, 0, 84, 16]
2026-09-09 18:46:09 - __main__ - INFO - feature priors: [0, 34, 105, 31, 90, 2, 0, 0, 29, 0]
2026-09-09 18:46:09 - __main__ - INFO - sample_host priors: [0, 0, 0, 0, 10, 4, 4, 0, 0, 0, 0, 677, 0, 0, 16, 0, 0, 0, 0, 0, 0, 0, 4, 316]
2026-09-09 18:46:09 - __main__ - INFO - material priors: [63, 710, 0, 4, 105, 0, 90, 0, 4, 34, 0, 94, 0, 2, 196, 0]
2026-09-09 18:47:06 - __main__ - INFO - community_type priors: [39, 901, 11, 77, 16]
2026-09-09 18:47:06 - __main__ - INFO - feature priors: [11, 34, 64, 6, 64, 0, 0, 0, 29, 10]
2026-09-09 18:47:06 - __main__ - INFO - sample_host priors: [6, 11, 0, 0, 2, 4, 4, 20, 23, 67, 45, 742, 16, 11, 16, 8, 11, 9, 4, 5, 1, 24, 4, 23]
2026-09-09 18:47:06 - __main__ - INFO - material priors: [50, 726, 0, 15, 64, 11, 30, 4, 4, 28, 18, 66, 0, 2, 202, 0]
2026-09-09 18:47:42 - __main__ - INFO - community_type priors: [71, 1048, 11, 19, 0]
2026-09-09 18:47:42 - __main__ - INFO - feature priors: [11, 0, 101, 33, 104, 2, 0, 0, 0, 10]
2026-09-09 18:47:42 - __main__ - INFO - sample_host priors: [6, 11, 0, 0, 12, 0, 0, 20, 23, 67, 45, 537, 16, 11, 0, 8, 11, 9, 4, 5, 1, 24, 0, 339]
2026-09-09 18:47:42 - __main__ - INFO - material priors: [13, 1048, 0, 11, 101, 11, 70, 4, 0, 60, 18, 34, 0, 0, 6, 0]
2026-09-09 18:48:50 - __main__ - INFO - community_type priors: [34, 885, 0, 84, 16]
2026-09-09 18:48:50 - __main__ - INFO - feature priors: [0, 34, 105, 31, 90, 2, 0, 0, 29, 0]
2026-09-09 18:48:50 - __main__ - INFO - sample_host priors: [0, 0, 0, 0, 10, 4, 4, 0, 0, 0, 0, 677, 0, 0, 16, 0, 0, 0, 0, 0, 0, 0, 4, 316]
2026-09-09 18:48:50 - __main__ - INFO - material priors: [63, 710, 0, 4, 105, 0, 90, 0, 4, 34, 0, 94, 0, 2, 196, 0]
2026-09-09 18:49:44 - __main__ - INFO - community_type priors: [39, 901, 11, 77, 16]
2026-09-09 18:49:44 - __main__ - INFO - feature priors: [11, 34, 64, 6, 64, 0, 0, 0, 29, 10]
2026-09-09 18:49:44 - __main__ - INFO - sample_host priors: [6, 11, 0, 0, 2, 4, 4, 20, 23, 67, 45, 742, 16, 11, 16, 8, 11, 9, 4, 5, 1, 24, 4, 23]
2026-09-09 18:49:44 - __main__ - INFO - material priors: [50, 726, 0, 15, 64, 11, 30, 4, 4, 28, 18, 66, 0, 2, 202, 0]
2026-09-09 18:50:31 - __main__ - INFO - community_type priors: [71, 1048, 11, 19, 0]
2026-09-09 18:50:31 - __main__ - INFO - feature priors: [11, 0, 101, 33, 104, 2, 0, 0, 0, 10]
2026-09-09 18:50:31 - __main__ - INFO - sample_host priors: [6, 11, 0, 0, 12, 0, 0, 20, 23, 67, 45, 537, 16, 11, 0, 8, 11, 9, 4, 5, 1, 24, 0, 339]
2026-09-09 18:50:31 - __main__ - INFO - material priors: [13, 1048, 0, 11, 101, 11, 70, 4, 0, 60, 18, 34, 0, 0, 6, 0]
2026-09-09 18:51:39 - __main__ - INFO - community_type priors: [34, 885, 0, 84, 16]
2026-09-09 18:51:39 - __main__ - INFO - feature priors: [0, 34, 105, 31, 90, 2, 0, 0, 29, 0]
2026-09-09 18:51:39 - __main__ - INFO - sample_host priors: [0, 0, 0, 0, 10, 4, 4, 0, 0, 0, 0, 677, 0, 0, 16, 0, 0, 0, 0, 0, 0, 0, 4, 316]
2026-09-09 18:51:39 - __main__ - INFO - material priors: [63, 710, 0, 4, 105, 0, 90, 0, 4, 34, 0, 94, 0, 2, 196, 0]
2026-09-09 18:52:31 - __main__ - INFO - community_type priors: [39, 901, 11, 77, 16]
2026-09-09 18:52:31 - __main__ - INFO - feature priors: [11, 34, 64, 6, 64, 0, 0, 0, 29, 10]
2026-09-09 18:52:31 - __main__ - INFO - sample_host priors: [6, 11, 0, 0, 2, 4, 4, 20, 23, 67, 45, 742, 16, 11, 16, 8, 11, 9, 4, 5, 1, 24, 4, 23]
2026-09-09 18:52:31 - __main__ - INFO - material priors: [50, 726, 0, 15, 64, 11, 30, 4, 4, 28, 18, 66, 0, 2, 202, 0]
2026-09-09 18:53:21 - __main__ - INFO - community_type priors: [71, 1048, 11, 19, 0]
2026-09-09 18:53:21 - __main__ - INFO - feature priors: [11, 0, 101, 33, 104, 2, 0, 0, 0, 10]
2026-09-09 18:53:21 - __main__ - INFO - sample_host priors: [6, 11, 0, 0, 12, 0, 0, 20, 23, 67, 45, 537, 16, 11, 0, 8, 11, 9, 4, 5, 1, 24, 0, 339]
2026-09-09 18:53:21 - __main__ - INFO - material priors: [13, 1048, 0, 11, 101, 11, 70, 4, 0, 60, 18, 34, 0, 0, 6, 0]
2026-09-09 18:54:09 - __main__ - INFO - community_type priors: [34, 885, 0, 84, 16]
2026-09-09 18:54:09 - __main__ - INFO - feature priors: [0, 34, 105, 31, 90, 2, 0, 0, 29, 0]
2026-09-09 18:54:09 - __main__ - INFO - sample_host priors: [0, 0, 0, 0, 10, 4, 4, 0, 0, 0, 0, 677, 0, 0, 16, 0, 0, 0, 0, 0, 0, 0, 4, 316]
2026-09-09 18:54:09 - __main__ - INFO - material priors: [63, 710, 0, 4, 105, 0, 90, 0, 4, 34, 0, 94, 0, 2, 196, 0]
2026-09-09 18:55:16 - __main__ - INFO - community_type priors: [39, 901, 11, 77, 16]
2026-09-09 18:55:16 - __main__ - INFO - feature priors: [11, 34, 64, 6, 64, 0, 0, 0, 29, 10]
2026-09-09 18:55:16 - __main__ - INFO - sample_host priors: [6, 11, 0, 0, 2, 4, 4, 20, 23, 67, 45, 742, 16, 11, 16, 8, 11, 9, 4, 5, 1, 24, 4, 23]
2026-09-09 18:55:16 - __main__ - INFO - material priors: [50, 726, 0, 15, 64, 11, 30, 4, 4, 28, 18, 66, 0, 2, 202, 0]
2026-09-09 18:55:52 - __main__ - INFO - community_type priors: [71, 1048, 11, 19, 0]
2026-09-09 18:55:52 - __main__ - INFO - feature priors: [11, 0, 101, 33, 104, 2, 0, 0, 0, 10]
2026-09-09 18:55:52 - __main__ - INFO - sample_host priors: [6, 11, 0, 0, 12, 0, 0, 20, 23, 67, 45, 537, 16, 11, 0, 8, 11, 9, 4, 5, 1, 24, 0, 339]
2026-09-09 18:55:52 - __main__ - INFO - material priors: [13, 1048, 0, 11, 101, 11, 70, 4, 0, 60, 18, 34, 0, 0, 6, 0]
2026-09-09 18:57:01 - __main__ - INFO - community_type priors: [34, 885, 0, 84, 16]
2026-09-09 18:57:01 - __main__ - INFO - feature priors: [0, 34, 105, 31, 90, 2, 0, 0, 29, 0]
2026-09-09 18:57:01 - __main__ - INFO - sample_host priors: [0, 0, 0, 0, 10, 4, 4, 0, 0, 0, 0, 677, 0, 0, 16, 0, 0, 0, 0, 0, 0, 0, 4, 316]
2026-09-09 18:57:01 - __main__ - INFO - material priors: [63, 710, 0, 4, 105, 0, 90, 0, 4, 34, 0, 94, 0, 2, 196, 0]
2026-09-09 18:58:14 - __main__ - INFO - community_type priors: [39, 901, 11, 77, 16]
2026-09-09 18:58:14 - __main__ - INFO - feature priors: [11, 34, 64, 6, 64, 0, 0, 0, 29, 10]
2026-09-09 18:58:14 - __main__ - INFO - sample_host priors: [6, 11, 0, 0, 2, 4, 4, 20, 23, 67, 45, 742, 16, 11, 16, 8, 11, 9, 4, 5, 1, 24, 4, 23]
2026-09-09 18:58:14 - __main__ - INFO - material priors: [50, 726, 0, 15, 64, 11, 30, 4, 4, 28, 18, 66, 0, 2, 202, 0]
2026-09-09 18:59:21 - __main__ - INFO - community_type priors: [71, 1048, 11, 19, 0]
2026-09-09 18:59:21 - __main__ - INFO - feature priors: [11, 0, 101, 33, 104, 2, 0, 0, 0, 10]
2026-09-09 18:59:21 - __main__ - INFO - sample_host priors: [6, 11, 0, 0, 12, 0, 0, 20, 23, 67, 45, 537, 16, 11, 0, 8, 11, 9, 4, 5, 1, 24, 0, 339]
2026-09-09 18:59:21 - __main__ - INFO - material priors: [13, 1048, 0, 11, 101, 11, 70, 4, 0, 60, 18, 34, 0, 0, 6, 0]
2026-09-09 19:00:37 - __main__ - INFO - community_type priors: [34, 885, 0, 84, 16]
2026-09-09 19:00:37 - __main__ - INFO - feature priors: [0, 34, 105, 31, 90, 2, 0, 0, 29, 0]
2026-09-09 19:00:37 - __main__ - INFO - sample_host priors: [0, 0, 0, 0, 10, 4, 4, 0, 0, 0, 0, 677, 0, 0, 16, 0, 0, 0, 0, 0, 0, 0, 4, 316]
2026-09-09 19:00:37 - __main__ - INFO - material priors: [63, 710, 0, 4, 105, 0, 90, 0, 4, 34, 0, 94, 0, 2, 196, 0]
2026-09-09 19:01:46 - __main__ - INFO - community_type priors: [39, 901, 11, 77, 16]
2026-09-09 19:01:46 - __main__ - INFO - feature priors: [11, 34, 64, 6, 64, 0, 0, 0, 29, 10]
2026-09-09 19:01:46 - __main__ - INFO - sample_host priors: [6, 11, 0, 0, 2, 4, 4, 20, 23, 67, 45, 742, 16, 11, 16, 8, 11, 9, 4, 5, 1, 24, 4, 23]
2026-09-09 19:01:46 - __main__ - INFO - material priors: [50, 726, 0, 15, 64, 11, 30, 4, 4, 28, 18, 66, 0, 2, 202, 0]
2026-09-09 19:02:45 - __main__ - INFO - community_type priors: [71, 1048, 11, 19, 0]
2026-09-09 19:02:45 - __main__ - INFO - feature priors: [11, 0, 101, 33, 104, 2, 0, 0, 0, 10]
2026-09-09 19:02:45 - __main__ - INFO - sample_host priors: [6, 11, 0, 0, 12, 0, 0, 20, 23, 67, 45, 537, 16, 11, 0, 8, 11, 9, 4, 5, 1, 24, 0, 339]
2026-09-09 19:02:45 - __main__ - INFO - material priors: [13, 1048, 0, 11, 101, 11, 70, 4, 0, 60, 18, 34, 0, 0, 6, 0]
2026-09-09 19:03:47 - __main__ - INFO - community_type priors: [34, 885, 0, 84, 16]
2026-09-09 19:03:47 - __main__ - INFO - feature priors: [0, 34, 105, 31, 90, 2, 0, 0, 29, 0]
2026-09-09 19:03:47 - __main__ - INFO - sample_host priors: [0, 0, 0, 0, 10, 4, 4, 0, 0, 0, 0, 677, 0, 0, 16, 0, 0, 0, 0, 0, 0, 0, 4, 316]
2026-09-09 19:03:47 - __main__ - INFO - material priors: [63, 710, 0, 4, 105, 0, 90, 0, 4, 34, 0, 94, 0, 2, 196, 0]
2026-09-09 19:04:55 - __main__ - INFO - community_type priors: [39, 901, 11, 77, 16]
2026-09-09 19:04:55 - __main__ - INFO - feature priors: [11, 34, 64, 6, 64, 0, 0, 0, 29, 10]
2026-09-09 19:04:55 - __main__ - INFO - sample_host priors: [6, 11, 0, 0, 2, 4, 4, 20, 23, 67, 45, 742, 16, 11, 16, 8, 11, 9, 4, 5, 1, 24, 4, 23]
2026-09-09 19:04:55 - __main__ - INFO - material priors: [50, 726, 0, 15, 64, 11, 30, 4, 4, 28, 18, 66, 0, 2, 202, 0]
2026-09-09 19:05:44 - __main__ - INFO - community_type priors: [71, 1048, 11, 19, 0]
2026-09-09 19:05:44 - __main__ - INFO - feature priors: [11, 0, 101, 33, 104, 2, 0, 0, 0, 10]
2026-09-09 19:05:44 - __main__ - INFO - sample_host priors: [6, 11, 0, 0, 12, 0, 0, 20, 23, 67, 45, 537, 16, 11, 0, 8, 11, 9, 4, 5, 1, 24, 0, 339]
2026-09-09 19:05:44 - __main__ - INFO - material priors: [13, 1048, 0, 11, 101, 11, 70, 4, 0, 60, 18, 34, 0, 0, 6, 0]
2026-09-09 19:06:30 - __main__ - INFO - community_type priors: [34, 885, 0, 84, 16]
2026-09-09 19:06:30 - __main__ - INFO - feature priors: [0, 34, 105, 31, 90, 2, 0, 0, 29, 0]
2026-09-09 19:06:30 - __main__ - INFO - sample_host priors: [0, 0, 0, 0, 10, 4, 4, 0, 0, 0, 0, 677, 0, 0, 16, 0, 0, 0, 0, 0, 0, 0, 4, 316]
2026-09-09 19:06:30 - __main__ - INFO - material priors: [63, 710, 0, 4, 105, 0, 90, 0, 4, 34, 0, 94, 0, 2, 196, 0]
2026-09-09 19:07:41 - __main__ - INFO - community_type priors: [39, 901, 11, 77, 16]
2026-09-09 19:07:41 - __main__ - INFO - feature priors: [11, 34, 64, 6, 64, 0, 0, 0, 29, 10]
2026-09-09 19:07:41 - __main__ - INFO - sample_host priors: [6, 11, 0, 0, 2, 4, 4, 20, 23, 67, 45, 742, 16, 11, 16, 8, 11, 9, 4, 5, 1, 24, 4, 23]
2026-09-09 19:07:41 - __main__ - INFO - material priors: [50, 726, 0, 15, 64, 11, 30, 4, 4, 28, 18, 66, 0, 2, 202, 0]
2026-09-09 19:08:16 - __main__ - INFO - community_type priors: [71, 1048, 11, 19, 0]
2026-09-09 19:08:16 - __main__ - INFO - feature priors: [11, 0, 101, 33, 104, 2, 0, 0, 0, 10]
2026-09-09 19:08:16 - __main__ - INFO - sample_host priors: [6, 11, 0, 0, 12, 0, 0, 20, 23, 67, 45, 537, 16, 11, 0, 8, 11, 9, 4, 5, 1, 24, 0, 339]
2026-09-09 19:08:16 - __main__ - INFO - material priors: [13, 1048, 0, 11, 101, 11, 70, 4, 0, 60, 18, 34, 0, 0, 6, 0]
2026-09-09 19:09:28 - __main__ - INFO - community_type priors: [34, 885, 0, 84, 16]
2026-09-09 19:09:28 - __main__ - INFO - feature priors: [0, 34, 105, 31, 90, 2, 0, 0, 29, 0]
2026-09-09 19:09:28 - __main__ - INFO - sample_host priors: [0, 0, 0, 0, 10, 4, 4, 0, 0, 0, 0, 677, 0, 0, 16, 0, 0, 0, 0, 0, 0, 0, 4, 316]
2026-09-09 19:09:28 - __main__ - INFO - material priors: [63, 710, 0, 4, 105, 0, 90, 0, 4, 34, 0, 94, 0, 2, 196, 0]
2026-09-09 19:10:04 - __main__ - INFO - community_type priors: [39, 901, 11, 77, 16]
2026-09-09 19:10:04 - __main__ - INFO - feature priors: [11, 34, 64, 6, 64, 0, 0, 0, 29, 10]
2026-09-09 19:10:04 - __main__ - INFO - sample_host priors: [6, 11, 0, 0, 2, 4, 4, 20, 23, 67, 45, 742, 16, 11, 16, 8, 11, 9, 4, 5, 1, 24, 4, 23]
2026-09-09 19:10:04 - __main__ - INFO - material priors: [50, 726, 0, 15, 64, 11, 30, 4, 4, 28, 18, 66, 0, 2, 202, 0]
2026-09-09 19:10:41 - __main__ - INFO - community_type priors: [71, 1048, 11, 19, 0]
2026-09-09 19:10:41 - __main__ - INFO - feature priors: [11, 0, 101, 33, 104, 2, 0, 0, 0, 10]
2026-09-09 19:10:41 - __main__ - INFO - sample_host priors: [6, 11, 0, 0, 12, 0, 0, 20, 23, 67, 45, 537, 16, 11, 0, 8, 11, 9, 4, 5, 1, 24, 0, 339]
2026-09-09 19:10:41 - __main__ - INFO - material priors: [13, 1048, 0, 11, 101, 11, 70, 4, 0, 60, 18, 34, 0, 0, 6, 0]
2026-09-09 19:11:54 - __main__ - INFO - community_type priors: [34, 885, 0, 84, 16]
2026-09-09 19:11:54 - __main__ - INFO - feature priors: [0, 34, 105, 31, 90, 2, 0, 0, 29, 0]
2026-09-09 19:11:54 - __main__ - INFO - sample_host priors: [0, 0, 0, 0, 10, 4, 4, 0, 0, 0, 0, 677, 0, 0, 16, 0, 0, 0, 0, 0, 0, 0, 4, 316]
2026-09-09 19:11:54 - __main__ - INFO - material priors: [63, 710, 0, 4, 105, 0, 90, 0, 4, 34, 0, 94, 0, 2, 196, 0]
2026-09-09 19:13:03 - __main__ - INFO - community_type priors: [39, 901, 11, 77, 16]
2026-09-09 19:13:03 - __main__ - INFO - feature priors: [11, 34, 64, 6, 64, 0, 0, 0, 29, 10]
2026-09-09 19:13:03 - __main__ - INFO - sample_host priors: [6, 11, 0, 0, 2, 4, 4, 20, 23, 67, 45, 742, 16, 11, 16, 8, 11, 9, 4, 5, 1, 24, 4, 23]
2026-09-09 19:13:03 - __main__ - INFO - material priors: [50, 726, 0, 15, 64, 11, 30, 4, 4, 28, 18, 66, 0, 2, 202, 0]
2026-09-09 19:13:41 - __main__ - INFO - community_type priors: [71, 1048, 11, 19, 0]
2026-09-09 19:13:41 - __main__ - INFO - feature priors: [11, 0, 101, 33, 104, 2, 0, 0, 0, 10]
2026-09-09 19:13:41 - __main__ - INFO - sample_host priors: [6, 11, 0, 0, 12, 0, 0, 20, 23, 67, 45, 537, 16, 11, 0, 8, 11, 9, 4, 5, 1, 24, 0, 339]
2026-09-09 19:13:41 - __main__ - INFO - material priors: [13, 1048, 0, 11, 101, 11, 70, 4, 0, 60, 18, 34, 0, 0, 6, 0]
2026-09-09 19:14:54 - __main__ - INFO - community_type priors: [34, 885, 0, 84, 16]
2026-09-09 19:14:54 - __main__ - INFO - feature priors: [0, 34, 105, 31, 90, 2, 0, 0, 29, 0]
2026-09-09 19:14:54 - __main__ - INFO - sample_host priors: [0, 0, 0, 0, 10, 4, 4, 0, 0, 0, 0, 677, 0, 0, 16, 0, 0, 0, 0, 0, 0, 0, 4, 316]
2026-09-09 19:14:54 - __main__ - INFO - material priors: [63, 710, 0, 4, 105, 0, 90, 0, 4, 34, 0, 94, 0, 2, 196, 0]
2026-09-09 19:15:46 - __main__ - INFO - community_type priors: [39, 901, 11, 77, 16]
2026-09-09 19:15:46 - __main__ - INFO - feature priors: [11, 34, 64, 6, 64, 0, 0, 0, 29, 10]
2026-09-09 19:15:46 - __main__ - INFO - sample_host priors: [6, 11, 0, 0, 2, 4, 4, 20, 23, 67, 45, 742, 16, 11, 16, 8, 11, 9, 4, 5, 1, 24, 4, 23]
2026-09-09 19:15:46 - __main__ - INFO - material priors: [50, 726, 0, 15, 64, 11, 30, 4, 4, 28, 18, 66, 0, 2, 202, 0]
2026-09-09 19:16:18 - __main__ - INFO - community_type priors: [71, 1048, 11, 19, 0]
2026-09-09 19:16:18 - __main__ - INFO - feature priors: [11, 0, 101, 33, 104, 2, 0, 0, 0, 10]
2026-09-09 19:16:18 - __main__ - INFO - sample_host priors: [6, 11, 0, 0, 12, 0, 0, 20, 23, 67, 45, 537, 16, 11, 0, 8, 11, 9, 4, 5, 1, 24, 0, 339]
2026-09-09 19:16:18 - __main__ - INFO - material priors: [13, 1048, 0, 11, 101, 11, 70, 4, 0, 60, 18, 34, 0, 0, 6, 0]
2026-09-09 19:17:13 - __main__ - INFO - community_type priors: [34, 885, 0, 84, 16]
2026-09-09 19:17:13 - __main__ - INFO - feature priors: [0, 34, 105, 31, 90, 2, 0, 0, 29, 0]
2026-09-09 19:17:13 - __main__ - INFO - sample_host priors: [0, 0, 0, 0, 10, 4, 4, 0, 0, 0, 0, 677, 0, 0, 16, 0, 0, 0, 0, 0, 0, 0, 4, 316]
2026-09-09 19:17:13 - __main__ - INFO - material priors: [63, 710, 0, 4, 105, 0, 90, 0, 4, 34, 0, 94, 0, 2, 196, 0]
2026-09-09 19:18:01 - __main__ - INFO - community_type priors: [39, 901, 11, 77, 16]
2026-09-09 19:18:01 - __main__ - INFO - feature priors: [11, 34, 64, 6, 64, 0, 0, 0, 29, 10]
2026-09-09 19:18:01 - __main__ - INFO - sample_host priors: [6, 11, 0, 0, 2, 4, 4, 20, 23, 67, 45, 742, 16, 11, 16, 8, 11, 9, 4, 5, 1, 24, 4, 23]
2026-09-09 19:18:01 - __main__ - INFO - material priors: [50, 726, 0, 15, 64, 11, 30, 4, 4, 28, 18, 66, 0, 2, 202, 0]
2026-09-09 19:18:47 - __main__ - INFO - community_type priors: [71, 1048, 11, 19, 0]
2026-09-09 19:18:47 - __main__ - INFO - feature priors: [11, 0, 101, 33, 104, 2, 0, 0, 0, 10]
2026-09-09 19:18:47 - __main__ - INFO - sample_host priors: [6, 11, 0, 0, 12, 0, 0, 20, 23, 67, 45, 537, 16, 11, 0, 8, 11, 9, 4, 5, 1, 24, 0, 339]
2026-09-09 19:18:47 - __main__ - INFO - material priors: [13, 1048, 0, 11, 101, 11, 70, 4, 0, 60, 18, 34, 0, 0, 6, 0]
2026-09-09 19:19:57 - __main__ - INFO - community_type priors: [34, 885, 0, 84, 16]
2026-09-09 19:19:57 - __main__ - INFO - feature priors: [0, 34, 105, 31, 90, 2, 0, 0, 29, 0]
2026-09-09 19:19:57 - __main__ - INFO - sample_host priors: [0, 0, 0, 0, 10, 4, 4, 0, 0, 0, 0, 677, 0, 0, 16, 0, 0, 0, 0, 0, 0, 0, 4, 316]
2026-09-09 19:19:57 - __main__ - INFO - material priors: [63, 710, 0, 4, 105, 0, 90, 0, 4, 34, 0, 94, 0, 2, 196, 0]
2026-09-09 19:20:34 - __main__ - INFO - community_type priors: [39, 901, 11, 77, 16]
2026-09-09 19:20:34 - __main__ - INFO - feature priors: [11, 34, 64, 6, 64, 0, 0, 0, 29, 10]
2026-09-09 19:20:34 - __main__ - INFO - sample_host priors: [6, 11, 0, 0, 2, 4, 4, 20, 23, 67, 45, 742, 16, 11, 16, 8, 11, 9, 4, 5, 1, 24, 4, 23]
2026-09-09 19:20:34 - __main__ - INFO - material priors: [50, 726, 0, 15, 64, 11, 30, 4, 4, 28, 18, 66, 0, 2, 202, 0]
2026-09-09 19:21:09 - __main__ - INFO - community_type priors: [71, 1048, 11, 19, 0]
2026-09-09 19:21:09 - __main__ - INFO - feature priors: [11, 0, 101, 33, 104, 2, 0, 0, 0, 10]
2026-09-09 19:21:09 - __main__ - INFO - sample_host priors: [6, 11, 0, 0, 12, 0, 0, 20, 23, 67, 45, 537, 16, 11, 0, 8, 11, 9, 4, 5, 1, 24, 0, 339]
2026-09-09 19:21:09 - __main__ - INFO - material priors: [13, 1048, 0, 11, 101, 11, 70, 4, 0, 60, 18, 34, 0, 0, 6, 0]
2026-09-09 19:22:25 - __main__ - INFO - community_type priors: [34, 885, 0, 84, 16]
2026-09-09 19:22:25 - __main__ - INFO - feature priors: [0, 34, 105, 31, 90, 2, 0, 0, 29, 0]
2026-09-09 19:22:25 - __main__ - INFO - sample_host priors: [0, 0, 0, 0, 10, 4, 4, 0, 0, 0, 0, 677, 0, 0, 16, 0, 0, 0, 0, 0, 0, 0, 4, 316]
2026-09-09 19:22:25 - __main__ - INFO - material priors: [63, 710, 0, 4, 105, 0, 90, 0, 4, 34, 0, 94, 0, 2, 196, 0]
2026-09-09 19:23:35 - __main__ - INFO - community_type priors: [39, 901, 11, 77, 16]
2026-09-09 19:23:35 - __main__ - INFO - feature priors: [11, 34, 64, 6, 64, 0, 0, 0, 29, 10]
2026-09-09 19:23:35 - __main__ - INFO - sample_host priors: [6, 11, 0, 0, 2, 4, 4, 20, 23, 67, 45, 742, 16, 11, 16, 8, 11, 9, 4, 5, 1, 24, 4, 23]
2026-09-09 19:23:35 - __main__ - INFO - material priors: [50, 726, 0, 15, 64, 11, 30, 4, 4, 28, 18, 66, 0, 2, 202, 0]
2026-09-09 19:24:27 - __main__ - INFO - community_type priors: [71, 1048, 11, 19, 0]
2026-09-09 19:24:27 - __main__ - INFO - feature priors: [11, 0, 101, 33, 104, 2, 0, 0, 0, 10]
2026-09-09 19:24:27 - __main__ - INFO - sample_host priors: [6, 11, 0, 0, 12, 0, 0, 20, 23, 67, 45, 537, 16, 11, 0, 8, 11, 9, 4, 5, 1, 24, 0, 339]
2026-09-09 19:24:27 - __main__ - INFO - material priors: [13, 1048, 0, 11, 101, 11, 70, 4, 0, 60, 18, 34, 0, 0, 6, 0]
2026-09-09 19:25:28 - __main__ - INFO - community_type priors: [34, 885, 0, 84, 16]
2026-09-09 19:25:28 - __main__ - INFO - feature priors: [0, 34, 105, 31, 90, 2, 0, 0, 29, 0]
2026-09-09 19:25:28 - __main__ - INFO - sample_host priors: [0, 0, 0, 0, 10, 4, 4, 0, 0, 0, 0, 677, 0, 0, 16, 0, 0, 0, 0, 0, 0, 0, 4, 316]
2026-09-09 19:25:28 - __main__ - INFO - material priors: [63, 710, 0, 4, 105, 0, 90, 0, 4, 34, 0, 94, 0, 2, 196, 0]
2026-09-09 19:26:42 - __main__ - INFO - community_type priors: [39, 901, 11, 77, 16]
2026-09-09 19:26:42 - __main__ - INFO - feature priors: [11, 34, 64, 6, 64, 0, 0, 0, 29, 10]
2026-09-09 19:26:42 - __main__ - INFO - sample_host priors: [6, 11, 0, 0, 2, 4, 4, 20, 23, 67, 45, 742, 16, 11, 16, 8, 11, 9, 4, 5, 1, 24, 4, 23]
2026-09-09 19:26:42 - __main__ - INFO - material priors: [50, 726, 0, 15, 64, 11, 30, 4, 4, 28, 18, 66, 0, 2, 202, 0]
2026-09-09 19:27:22 - __main__ - INFO - community_type priors: [71, 1048, 11, 19, 0]
2026-09-09 19:27:22 - __main__ - INFO - feature priors: [11, 0, 101, 33, 104, 2, 0, 0, 0, 10]
2026-09-09 19:27:22 - __main__ - INFO - sample_host priors: [6, 11, 0, 0, 12, 0, 0, 20, 23, 67, 45, 537, 16, 11, 0, 8, 11, 9, 4, 5, 1, 24, 0, 339]
2026-09-09 19:27:22 - __main__ - INFO - material priors: [13, 1048, 0, 11, 101, 11, 70, 4, 0, 60, 18, 34, 0, 0, 6, 0]
2026-09-09 19:28:40 - __main__ - INFO - community_type priors: [34, 885, 0, 84, 16]
2026-09-09 19:28:40 - __main__ - INFO - feature priors: [0, 34, 105, 31, 90, 2, 0, 0, 29, 0]
2026-09-09 19:28:40 - __main__ - INFO - sample_host priors: [0, 0, 0, 0, 10, 4, 4, 0, 0, 0, 0, 677, 0, 0, 16, 0, 0, 0, 0, 0, 0, 0, 4, 316]
2026-09-09 19:28:40 - __main__ - INFO - material priors: [63, 710, 0, 4, 105, 0, 90, 0, 4, 34, 0, 94, 0, 2, 196, 0]
2026-09-09 19:29:59 - __main__ - INFO - community_type priors: [39, 901, 11, 77, 16]
2026-09-09 19:29:59 - __main__ - INFO - feature priors: [11, 34, 64, 6, 64, 0, 0, 0, 29, 10]
2026-09-09 19:29:59 - __main__ - INFO - sample_host priors: [6, 11, 0, 0, 2, 4, 4, 20, 23, 67, 45, 742, 16, 11, 16, 8, 11, 9, 4, 5, 1, 24, 4, 23]
2026-09-09 19:29:59 - __main__ - INFO - material priors: [50, 726, 0, 15, 64, 11, 30, 4, 4, 28, 18, 66, 0, 2, 202, 0]
2026-09-09 19:31:10 - __main__ - INFO - community_type priors: [71, 1048, 11, 19, 0]
2026-09-09 19:31:10 - __main__ - INFO - feature priors: [11, 0, 101, 33, 104, 2, 0, 0, 0, 10]
2026-09-09 19:31:10 - __main__ - INFO - sample_host priors: [6, 11, 0, 0, 12, 0, 0, 20, 23, 67, 45, 537, 16, 11, 0, 8, 11, 9, 4, 5, 1, 24, 0, 339]
2026-09-09 19:31:10 - __main__ - INFO - material priors: [13, 1048, 0, 11, 101, 11, 70, 4, 0, 60, 18, 34, 0, 0, 6, 0]
2026-09-09 19:32:36 - __main__ - INFO - community_type priors: [34, 885, 0, 84, 16]
2026-09-09 19:32:36 - __main__ - INFO - feature priors: [0, 34, 105, 31, 90, 2, 0, 0, 29, 0]
2026-09-09 19:32:36 - __main__ - INFO - sample_host priors: [0, 0, 0, 0, 10, 4, 4, 0, 0, 0, 0, 677, 0, 0, 16, 0, 0, 0, 0, 0, 0, 0, 4, 316]
2026-09-09 19:32:36 - __main__ - INFO - material priors: [63, 710, 0, 4, 105, 0, 90, 0, 4, 34, 0, 94, 0, 2, 196, 0]
2026-09-09 19:33:23 - __main__ - INFO - community_type priors: [39, 901, 11, 77, 16]
2026-09-09 19:33:23 - __main__ - INFO - feature priors: [11, 34, 64, 6, 64, 0, 0, 0, 29, 10]
2026-09-09 19:33:23 - __main__ - INFO - sample_host priors: [6, 11, 0, 0, 2, 4, 4, 20, 23, 67, 45, 742, 16, 11, 16, 8, 11, 9, 4, 5, 1, 24, 4, 23]
2026-09-09 19:33:23 - __main__ - INFO - material priors: [50, 726, 0, 15, 64, 11, 30, 4, 4, 28, 18, 66, 0, 2, 202, 0]
2026-09-09 19:34:21 - __main__ - INFO - community_type priors: [71, 1048, 11, 19, 0]
2026-09-09 19:34:21 - __main__ - INFO - feature priors: [11, 0, 101, 33, 104, 2, 0, 0, 0, 10]
2026-09-09 19:34:21 - __main__ - INFO - sample_host priors: [6, 11, 0, 0, 12, 0, 0, 20, 23, 67, 45, 537, 16, 11, 0, 8, 11, 9, 4, 5, 1, 24, 0, 339]
2026-09-09 19:34:21 - __main__ - INFO - material priors: [13, 1048, 0, 11, 101, 11, 70, 4, 0, 60, 18, 34, 0, 0, 6, 0]
2026-09-09 19:35:28 - __main__ - INFO - community_type priors: [34, 885, 0, 84, 16]
2026-09-09 19:35:28 - __main__ - INFO - feature priors: [0, 34, 105, 31, 90, 2, 0, 0, 29, 0]
2026-09-09 19:35:28 - __main__ - INFO - sample_host priors: [0, 0, 0, 0, 10, 4, 4, 0, 0, 0, 0, 677, 0, 0, 16, 0, 0, 0, 0, 0, 0, 0, 4, 316]
2026-09-09 19:35:28 - __main__ - INFO - material priors: [63, 710, 0, 4, 105, 0, 90, 0, 4, 34, 0, 94, 0, 2, 196, 0]
2026-09-09 19:36:35 - __main__ - INFO - community_type priors: [39, 901, 11, 77, 16]
2026-09-09 19:36:35 - __main__ - INFO - feature priors: [11, 34, 64, 6, 64, 0, 0, 0, 29, 10]
2026-09-09 19:36:35 - __main__ - INFO - sample_host priors: [6, 11, 0, 0, 2, 4, 4, 20, 23, 67, 45, 742, 16, 11, 16, 8, 11, 9, 4, 5, 1, 24, 4, 23]
2026-09-09 19:36:35 - __main__ - INFO - material priors: [50, 726, 0, 15, 64, 11, 30, 4, 4, 28, 18, 66, 0, 2, 202, 0]
2026-09-09 19:37:23 - __main__ - INFO - community_type priors: [71, 1048, 11, 19, 0]
2026-09-09 19:37:23 - __main__ - INFO - feature priors: [11, 0, 101, 33, 104, 2, 0, 0, 0, 10]
2026-09-09 19:37:23 - __main__ - INFO - sample_host priors: [6, 11, 0, 0, 12, 0, 0, 20, 23, 67, 45, 537, 16, 11, 0, 8, 11, 9, 4, 5, 1, 24, 0, 339]
2026-09-09 19:37:23 - __main__ - INFO - material priors: [13, 1048, 0, 11, 101, 11, 70, 4, 0, 60, 18, 34, 0, 0, 6, 0]
2026-09-09 19:38:12 - __main__ - INFO - community_type priors: [34, 885, 0, 84, 16]
2026-09-09 19:38:12 - __main__ - INFO - feature priors: [0, 34, 105, 31, 90, 2, 0, 0, 29, 0]
2026-09-09 19:38:12 - __main__ - INFO - sample_host priors: [0, 0, 0, 0, 10, 4, 4, 0, 0, 0, 0, 677, 0, 0, 16, 0, 0, 0, 0, 0, 0, 0, 4, 316]
2026-09-09 19:38:12 - __main__ - INFO - material priors: [63, 710, 0, 4, 105, 0, 90, 0, 4, 34, 0, 94, 0, 2, 196, 0]
2026-09-09 19:39:01 - __main__ - INFO - community_type priors: [39, 901, 11, 77, 16]
2026-09-09 19:39:01 - __main__ - INFO - feature priors: [11, 34, 64, 6, 64, 0, 0, 0, 29, 10]
2026-09-09 19:39:01 - __main__ - INFO - sample_host priors: [6, 11, 0, 0, 2, 4, 4, 20, 23, 67, 45, 742, 16, 11, 16, 8, 11, 9, 4, 5, 1, 24, 4, 23]
2026-09-09 19:39:01 - __main__ - INFO - material priors: [50, 726, 0, 15, 64, 11, 30, 4, 4, 28, 18, 66, 0, 2, 202, 0]
2026-09-09 19:39:45 - __main__ - INFO - community_type priors: [71, 1048, 11, 19, 0]
2026-09-09 19:39:45 - __main__ - INFO - feature priors: [11, 0, 101, 33, 104, 2, 0, 0, 0, 10]
2026-09-09 19:39:45 - __main__ - INFO - sample_host priors: [6, 11, 0, 0, 12, 0, 0, 20, 23, 67, 45, 537, 16, 11, 0, 8, 11, 9, 4, 5, 1, 24, 0, 339]
2026-09-09 19:39:45 - __main__ - INFO - material priors: [13, 1048, 0, 11, 101, 11, 70, 4, 0, 60, 18, 34, 0, 0, 6, 0]
2026-09-09 19:40:50 - __main__ - INFO - community_type priors: [34, 885, 0, 84, 16]
2026-09-09 19:40:50 - __main__ - INFO - feature priors: [0, 34, 105, 31, 90, 2, 0, 0, 29, 0]
2026-09-09 19:40:50 - __main__ - INFO - sample_host priors: [0, 0, 0, 0, 10, 4, 4, 0, 0, 0, 0, 677, 0, 0, 16, 0, 0, 0, 0, 0, 0, 0, 4, 316]
2026-09-09 19:40:50 - __main__ - INFO - material priors: [63, 710, 0, 4, 105, 0, 90, 0, 4, 34, 0, 94, 0, 2, 196, 0]
2026-09-09 19:41:50 - __main__ - INFO - community_type priors: [39, 901, 11, 77, 16]
2026-09-09 19:41:50 - __main__ - INFO - feature priors: [11, 34, 64, 6, 64, 0, 0, 0, 29, 10]
2026-09-09 19:41:50 - __main__ - INFO - sample_host priors: [6, 11, 0, 0, 2, 4, 4, 20, 23, 67, 45, 742, 16, 11, 16, 8, 11, 9, 4, 5, 1, 24, 4, 23]
2026-09-09 19:41:50 - __main__ - INFO - material priors: [50, 726, 0, 15, 64, 11, 30, 4, 4, 28, 18, 66, 0, 2, 202, 0]
2026-09-09 19:42:49 - __main__ - INFO - community_type priors: [71, 1048, 11, 19, 0]
2026-09-09 19:42:49 - __main__ - INFO - feature priors: [11, 0, 101, 33, 104, 2, 0, 0, 0, 10]
2026-09-09 19:42:49 - __main__ - INFO - sample_host priors: [6, 11, 0, 0, 12, 0, 0, 20, 23, 67, 45, 537, 16, 11, 0, 8, 11, 9, 4, 5, 1, 24, 0, 339]
2026-09-09 19:42:49 - __main__ - INFO - material priors: [13, 1048, 0, 11, 101, 11, 70, 4, 0, 60, 18, 34, 0, 0, 6, 0]
2026-09-09 19:43:55 - __main__ - INFO - community_type priors: [34, 885, 0, 84, 16]
2026-09-09 19:43:55 - __main__ - INFO - feature priors: [0, 34, 105, 31, 90, 2, 0, 0, 29, 0]
2026-09-09 19:43:55 - __main__ - INFO - sample_host priors: [0, 0, 0, 0, 10, 4, 4, 0, 0, 0, 0, 677, 0, 0, 16, 0, 0, 0, 0, 0, 0, 0, 4, 316]
2026-09-09 19:43:55 - __main__ - INFO - material priors: [63, 710, 0, 4, 105, 0, 90, 0, 4, 34, 0, 94, 0, 2, 196, 0]
2026-09-09 19:44:54 - __main__ - INFO - community_type priors: [39, 901, 11, 77, 16]
2026-09-09 19:44:54 - __main__ - INFO - feature priors: [11, 34, 64, 6, 64, 0, 0, 0, 29, 10]
2026-09-09 19:44:54 - __main__ - INFO - sample_host priors: [6, 11, 0, 0, 2, 4, 4, 20, 23, 67, 45, 742, 16, 11, 16, 8, 11, 9, 4, 5, 1, 24, 4, 23]
2026-09-09 19:44:54 - __main__ - INFO - material priors: [50, 726, 0, 15, 64, 11, 30, 4, 4, 28, 18, 66, 0, 2, 202, 0]
2026-09-09 19:45:31 - __main__ - INFO - community_type priors: [71, 1048, 11, 19, 0]
2026-09-09 19:45:31 - __main__ - INFO - feature priors: [11, 0, 101, 33, 104, 2, 0, 0, 0, 10]
2026-09-09 19:45:31 - __main__ - INFO - sample_host priors: [6, 11, 0, 0, 12, 0, 0, 20, 23, 67, 45, 537, 16, 11, 0, 8, 11, 9, 4, 5, 1, 24, 0, 339]
2026-09-09 19:45:31 - __main__ - INFO - material priors: [13, 1048, 0, 11, 101, 11, 70, 4, 0, 60, 18, 34, 0, 0, 6, 0]
2026-09-09 19:46:34 - __main__ - INFO - community_type priors: [34, 885, 0, 84, 16]
2026-09-09 19:46:34 - __main__ - INFO - feature priors: [0, 34, 105, 31, 90, 2, 0, 0, 29, 0]
2026-09-09 19:46:34 - __main__ - INFO - sample_host priors: [0, 0, 0, 0, 10, 4, 4, 0, 0, 0, 0, 677, 0, 0, 16, 0, 0, 0, 0, 0, 0, 0, 4, 316]
2026-09-09 19:46:34 - __main__ - INFO - material priors: [63, 710, 0, 4, 105, 0, 90, 0, 4, 34, 0, 94, 0, 2, 196, 0]
2026-09-09 19:47:42 - __main__ - INFO - community_type priors: [39, 901, 11, 77, 16]
2026-09-09 19:47:42 - __main__ - INFO - feature priors: [11, 34, 64, 6, 64, 0, 0, 0, 29, 10]
2026-09-09 19:47:42 - __main__ - INFO - sample_host priors: [6, 11, 0, 0, 2, 4, 4, 20, 23, 67, 45, 742, 16, 11, 16, 8, 11, 9, 4, 5, 1, 24, 4, 23]
2026-09-09 19:47:42 - __main__ - INFO - material priors: [50, 726, 0, 15, 64, 11, 30, 4, 4, 28, 18, 66, 0, 2, 202, 0]
2026-09-09 19:48:25 - __main__ - INFO - community_type priors: [71, 1048, 11, 19, 0]
2026-09-09 19:48:25 - __main__ - INFO - feature priors: [11, 0, 101, 33, 104, 2, 0, 0, 0, 10]
2026-09-09 19:48:25 - __main__ - INFO - sample_host priors: [6, 11, 0, 0, 12, 0, 0, 20, 23, 67, 45, 537, 16, 11, 0, 8, 11, 9, 4, 5, 1, 24, 0, 339]
2026-09-09 19:48:25 - __main__ - INFO - material priors: [13, 1048, 0, 11, 101, 11, 70, 4, 0, 60, 18, 34, 0, 0, 6, 0]
2026-09-09 19:49:37 - __main__ - INFO - community_type priors: [34, 885, 0, 84, 16]
2026-09-09 19:49:37 - __main__ - INFO - feature priors: [0, 34, 105, 31, 90, 2, 0, 0, 29, 0]
2026-09-09 19:49:37 - __main__ - INFO - sample_host priors: [0, 0, 0, 0, 10, 4, 4, 0, 0, 0, 0, 677, 0, 0, 16, 0, 0, 0, 0, 0, 0, 0, 4, 316]
2026-09-09 19:49:37 - __main__ - INFO - material priors: [63, 710, 0, 4, 105, 0, 90, 0, 4, 34, 0, 94, 0, 2, 196, 0]
2026-09-09 19:50:17 - __main__ - INFO - community_type priors: [39, 901, 11, 77, 16]
2026-09-09 19:50:17 - __main__ - INFO - feature priors: [11, 34, 64, 6, 64, 0, 0, 0, 29, 10]
2026-09-09 19:50:17 - __main__ - INFO - sample_host priors: [6, 11, 0, 0, 2, 4, 4, 20, 23, 67, 45, 742, 16, 11, 16, 8, 11, 9, 4, 5, 1, 24, 4, 23]
2026-09-09 19:50:17 - __main__ - INFO - material priors: [50, 726, 0, 15, 64, 11, 30, 4, 4, 28, 18, 66, 0, 2, 202, 0]
2026-09-09 19:50:55 - __main__ - INFO - community_type priors: [71, 1048, 11, 19, 0]
2026-09-09 19:50:55 - __main__ - INFO - feature priors: [11, 0, 101, 33, 104, 2, 0, 0, 0, 10]
2026-09-09 19:50:55 - __main__ - INFO - sample_host priors: [6, 11, 0, 0, 12, 0, 0, 20, 23, 67, 45, 537, 16, 11, 0, 8, 11, 9, 4, 5, 1, 24, 0, 339]
2026-09-09 19:50:55 - __main__ - INFO - material priors: [13, 1048, 0, 11, 101, 11, 70, 4, 0, 60, 18, 34, 0, 0, 6, 0]
2026-09-09 19:51:41 - __main__ - INFO - community_type priors: [34, 885, 0, 84, 16]
2026-09-09 19:51:41 - __main__ - INFO - feature priors: [0, 34, 105, 31, 90, 2, 0, 0, 29, 0]
2026-09-09 19:51:41 - __main__ - INFO - sample_host priors: [0, 0, 0, 0, 10, 4, 4, 0, 0, 0, 0, 677, 0, 0, 16, 0, 0, 0, 0, 0, 0, 0, 4, 316]
2026-09-09 19:51:41 - __main__ - INFO - material priors: [63, 710, 0, 4, 105, 0, 90, 0, 4, 34, 0, 94, 0, 2, 196, 0]
2026-09-09 19:52:12 - __main__ - INFO - community_type priors: [39, 901, 11, 77, 16]
2026-09-09 19:52:12 - __main__ - INFO - feature priors: [11, 34, 64, 6, 64, 0, 0, 0, 29, 10]
2026-09-09 19:52:12 - __main__ - INFO - sample_host priors: [6, 11, 0, 0, 2, 4, 4, 20, 23, 67, 45, 742, 16, 11, 16, 8, 11, 9, 4, 5, 1, 24, 4, 23]
2026-09-09 19:52:12 - __main__ - INFO - material priors: [50, 726, 0, 15, 64, 11, 30, 4, 4, 28, 18, 66, 0, 2, 202, 0]
2026-09-09 19:52:45 - __main__ - INFO - community_type priors: [71, 1048, 11, 19, 0]
2026-09-09 19:52:45 - __main__ - INFO - feature priors: [11, 0, 101, 33, 104, 2, 0, 0, 0, 10]
2026-09-09 19:52:45 - __main__ - INFO - sample_host priors: [6, 11, 0, 0, 12, 0, 0, 20, 23, 67, 45, 537, 16, 11, 0, 8, 11, 9, 4, 5, 1, 24, 0, 339]
2026-09-09 19:52:45 - __main__ - INFO - material priors: [13, 1048, 0, 11, 101, 11, 70, 4, 0, 60, 18, 34, 0, 0, 6, 0]
2026-09-09 19:53:30 - __main__ - INFO - community_type priors: [34, 885, 0, 84, 16]
2026-09-09 19:53:30 - __main__ - INFO - feature priors: [0, 34, 105, 31, 90, 2, 0, 0, 29, 0]
2026-09-09 19:53:30 - __main__ - INFO - sample_host priors: [0, 0, 0, 0, 10, 4, 4, 0, 0, 0, 0, 677, 0, 0, 16, 0, 0, 0, 0, 0, 0, 0, 4, 316]
2026-09-09 19:53:30 - __main__ - INFO - material priors: [63, 710, 0, 4, 105, 0, 90, 0, 4, 34, 0, 94, 0, 2, 196, 0]
2026-09-09 19:54:31 - __main__ - INFO - community_type priors: [39, 901, 11, 77, 16]
2026-09-09 19:54:31 - __main__ - INFO - feature priors: [11, 34, 64, 6, 64, 0, 0, 0, 29, 10]
2026-09-09 19:54:31 - __main__ - INFO - sample_host priors: [6, 11, 0, 0, 2, 4, 4, 20, 23, 67, 45, 742, 16, 11, 16, 8, 11, 9, 4, 5, 1, 24, 4, 23]
2026-09-09 19:54:31 - __main__ - INFO - material priors: [50, 726, 0, 15, 64, 11, 30, 4, 4, 28, 18, 66, 0, 2, 202, 0]
2026-09-09 19:55:26 - __main__ - INFO - community_type priors: [71, 1048, 11, 19, 0]
2026-09-09 19:55:26 - __main__ - INFO - feature priors: [11, 0, 101, 33, 104, 2, 0, 0, 0, 10]
2026-09-09 19:55:26 - __main__ - INFO - sample_host priors: [6, 11, 0, 0, 12, 0, 0, 20, 23, 67, 45, 537, 16, 11, 0, 8, 11, 9, 4, 5, 1, 24, 0, 339]
2026-09-09 19:55:26 - __main__ - INFO - material priors: [13, 1048, 0, 11, 101, 11, 70, 4, 0, 60, 18, 34, 0, 0, 6, 0]
2026-09-09 19:56:30 - __main__ - INFO - community_type priors: [34, 885, 0, 84, 16]
2026-09-09 19:56:30 - __main__ - INFO - feature priors: [0, 34, 105, 31, 90, 2, 0, 0, 29, 0]
2026-09-09 19:56:30 - __main__ - INFO - sample_host priors: [0, 0, 0, 0, 10, 4, 4, 0, 0, 0, 0, 677, 0, 0, 16, 0, 0, 0, 0, 0, 0, 0, 4, 316]
2026-09-09 19:56:30 - __main__ - INFO - material priors: [63, 710, 0, 4, 105, 0, 90, 0, 4, 34, 0, 94, 0, 2, 196, 0]
2026-09-09 19:57:38 - __main__ - INFO - community_type priors: [39, 901, 11, 77, 16]
2026-09-09 19:57:38 - __main__ - INFO - feature priors: [11, 34, 64, 6, 64, 0, 0, 0, 29, 10]
2026-09-09 19:57:38 - __main__ - INFO - sample_host priors: [6, 11, 0, 0, 2, 4, 4, 20, 23, 67, 45, 742, 16, 11, 16, 8, 11, 9, 4, 5, 1, 24, 4, 23]
2026-09-09 19:57:38 - __main__ - INFO - material priors: [50, 726, 0, 15, 64, 11, 30, 4, 4, 28, 18, 66, 0, 2, 202, 0]
2026-09-09 19:58:43 - __main__ - INFO - community_type priors: [71, 1048, 11, 19, 0]
2026-09-09 19:58:43 - __main__ - INFO - feature priors: [11, 0, 101, 33, 104, 2, 0, 0, 0, 10]
2026-09-09 19:58:43 - __main__ - INFO - sample_host priors: [6, 11, 0, 0, 12, 0, 0, 20, 23, 67, 45, 537, 16, 11, 0, 8, 11, 9, 4, 5, 1, 24, 0, 339]
2026-09-09 19:58:43 - __main__ - INFO - material priors: [13, 1048, 0, 11, 101, 11, 70, 4, 0, 60, 18, 34, 0, 0, 6, 0]
2026-09-09 19:59:55 - __main__ - INFO - community_type priors: [34, 885, 0, 84, 16]
2026-09-09 19:59:55 - __main__ - INFO - feature priors: [0, 34, 105, 31, 90, 2, 0, 0, 29, 0]
2026-09-09 19:59:55 - __main__ - INFO - sample_host priors: [0, 0, 0, 0, 10, 4, 4, 0, 0, 0, 0, 677, 0, 0, 16, 0, 0, 0, 0, 0, 0, 0, 4, 316]
2026-09-09 19:59:55 - __main__ - INFO - material priors: [63, 710, 0, 4, 105, 0, 90, 0, 4, 34, 0, 94, 0, 2, 196, 0]
2026-09-09 20:00:26 - __main__ - INFO - community_type priors: [39, 901, 11, 77, 16]
2026-09-09 20:00:26 - __main__ - INFO - feature priors: [11, 34, 64, 6, 64, 0, 0, 0, 29, 10]
2026-09-09 20:00:26 - __main__ - INFO - sample_host priors: [6, 11, 0, 0, 2, 4, 4, 20, 23, 67, 45, 742, 16, 11, 16, 8, 11, 9, 4, 5, 1, 24, 4, 23]
2026-09-09 20:00:26 - __main__ - INFO - material priors: [50, 726, 0, 15, 64, 11, 30, 4, 4, 28, 18, 66, 0, 2, 202, 0]
2026-09-09 20:00:57 - __main__ - INFO - community_type priors: [71, 1048, 11, 19, 0]
2026-09-09 20:00:57 - __main__ - INFO - feature priors: [11, 0, 101, 33, 104, 2, 0, 0, 0, 10]
2026-09-09 20:00:57 - __main__ - INFO - sample_host priors: [6, 11, 0, 0, 12, 0, 0, 20, 23, 67, 45, 537, 16, 11, 0, 8, 11, 9, 4, 5, 1, 24, 0, 339]
2026-09-09 20:00:57 - __main__ - INFO - material priors: [13, 1048, 0, 11, 101, 11, 70, 4, 0, 60, 18, 34, 0, 0, 6, 0]
2026-09-09 20:01:36 - __main__ - INFO - community_type priors: [34, 885, 0, 84, 16]
2026-09-09 20:01:36 - __main__ - INFO - feature priors: [0, 34, 105, 31, 90, 2, 0, 0, 29, 0]
2026-09-09 20:01:36 - __main__ - INFO - sample_host priors: [0, 0, 0, 0, 10, 4, 4, 0, 0, 0, 0, 677, 0, 0, 16, 0, 0, 0, 0, 0, 0, 0, 4, 316]
2026-09-09 20:01:36 - __main__ - INFO - material priors: [63, 710, 0, 4, 105, 0, 90, 0, 4, 34, 0, 94, 0, 2, 196, 0]
2026-09-09 20:02:43 - __main__ - INFO - community_type priors: [39, 901, 11, 77, 16]
2026-09-09 20:02:43 - __main__ - INFO - feature priors: [11, 34, 64, 6, 64, 0, 0, 0, 29, 10]
2026-09-09 20:02:43 - __main__ - INFO - sample_host priors: [6, 11, 0, 0, 2, 4, 4, 20, 23, 67, 45, 742, 16, 11, 16, 8, 11, 9, 4, 5, 1, 24, 4, 23]
2026-09-09 20:02:43 - __main__ - INFO - material priors: [50, 726, 0, 15, 64, 11, 30, 4, 4, 28, 18, 66, 0, 2, 202, 0]
2026-09-09 20:03:17 - __main__ - INFO - community_type priors: [71, 1048, 11, 19, 0]
2026-09-09 20:03:17 - __main__ - INFO - feature priors: [11, 0, 101, 33, 104, 2, 0, 0, 0, 10]
2026-09-09 20:03:17 - __main__ - INFO - sample_host priors: [6, 11, 0, 0, 12, 0, 0, 20, 23, 67, 45, 537, 16, 11, 0, 8, 11, 9, 4, 5, 1, 24, 0, 339]
2026-09-09 20:03:17 - __main__ - INFO - material priors: [13, 1048, 0, 11, 101, 11, 70, 4, 0, 60, 18, 34, 0, 0, 6, 0]
2026-09-09 20:04:29 - __main__ - INFO - community_type priors: [34, 885, 0, 84, 16]
2026-09-09 20:04:29 - __main__ - INFO - feature priors: [0, 34, 105, 31, 90, 2, 0, 0, 29, 0]
2026-09-09 20:04:29 - __main__ - INFO - sample_host priors: [0, 0, 0, 0, 10, 4, 4, 0, 0, 0, 0, 677, 0, 0, 16, 0, 0, 0, 0, 0, 0, 0, 4, 316]
2026-09-09 20:04:29 - __main__ - INFO - material priors: [63, 710, 0, 4, 105, 0, 90, 0, 4, 34, 0, 94, 0, 2, 196, 0]
2026-09-09 20:05:38 - __main__ - INFO - community_type priors: [39, 901, 11, 77, 16]
2026-09-09 20:05:38 - __main__ - INFO - feature priors: [11, 34, 64, 6, 64, 0, 0, 0, 29, 10]
2026-09-09 20:05:38 - __main__ - INFO - sample_host priors: [6, 11, 0, 0, 2, 4, 4, 20, 23, 67, 45, 742, 16, 11, 16, 8, 11, 9, 4, 5, 1, 24, 4, 23]
2026-09-09 20:05:38 - __main__ - INFO - material priors: [50, 726, 0, 15, 64, 11, 30, 4, 4, 28, 18, 66, 0, 2, 202, 0]
2026-09-09 20:06:24 - __main__ - INFO - community_type priors: [71, 1048, 11, 19, 0]
2026-09-09 20:06:24 - __main__ - INFO - feature priors: [11, 0, 101, 33, 104, 2, 0, 0, 0, 10]
2026-09-09 20:06:24 - __main__ - INFO - sample_host priors: [6, 11, 0, 0, 12, 0, 0, 20, 23, 67, 45, 537, 16, 11, 0, 8, 11, 9, 4, 5, 1, 24, 0, 339]
2026-09-09 20:06:24 - __main__ - INFO - material priors: [13, 1048, 0, 11, 101, 11, 70, 4, 0, 60, 18, 34, 0, 0, 6, 0]
2026-09-09 20:07:38 - __main__ - INFO - community_type priors: [34, 885, 0, 84, 16]
2026-09-09 20:07:38 - __main__ - INFO - feature priors: [0, 34, 105, 31, 90, 2, 0, 0, 29, 0]
2026-09-09 20:07:38 - __main__ - INFO - sample_host priors: [0, 0, 0, 0, 10, 4, 4, 0, 0, 0, 0, 677, 0, 0, 16, 0, 0, 0, 0, 0, 0, 0, 4, 316]
2026-09-09 20:07:38 - __main__ - INFO - material priors: [63, 710, 0, 4, 105, 0, 90, 0, 4, 34, 0, 94, 0, 2, 196, 0]
2026-09-09 20:08:29 - __main__ - INFO - community_type priors: [39, 901, 11, 77, 16]
2026-09-09 20:08:29 - __main__ - INFO - feature priors: [11, 34, 64, 6, 64, 0, 0, 0, 29, 10]
2026-09-09 20:08:29 - __main__ - INFO - sample_host priors: [6, 11, 0, 0, 2, 4, 4, 20, 23, 67, 45, 742, 16, 11, 16, 8, 11, 9, 4, 5, 1, 24, 4, 23]
2026-09-09 20:08:29 - __main__ - INFO - material priors: [50, 726, 0, 15, 64, 11, 30, 4, 4, 28, 18, 66, 0, 2, 202, 0]
2026-09-09 20:09:13 - __main__ - INFO - community_type priors: [71, 1048, 11, 19, 0]
2026-09-09 20:09:13 - __main__ - INFO - feature priors: [11, 0, 101, 33, 104, 2, 0, 0, 0, 10]
2026-09-09 20:09:13 - __main__ - INFO - sample_host priors: [6, 11, 0, 0, 12, 0, 0, 20, 23, 67, 45, 537, 16, 11, 0, 8, 11, 9, 4, 5, 1, 24, 0, 339]
2026-09-09 20:09:13 - __main__ - INFO - material priors: [13, 1048, 0, 11, 101, 11, 70, 4, 0, 60, 18, 34, 0, 0, 6, 0]
2026-09-09 20:09:58 - __main__ - INFO - community_type priors: [34, 885, 0, 84, 16]
2026-09-09 20:09:58 - __main__ - INFO - feature priors: [0, 34, 105, 31, 90, 2, 0, 0, 29, 0]
2026-09-09 20:09:58 - __main__ - INFO - sample_host priors: [0, 0, 0, 0, 10, 4, 4, 0, 0, 0, 0, 677, 0, 0, 16, 0, 0, 0, 0, 0, 0, 0, 4, 316]
2026-09-09 20:09:58 - __main__ - INFO - material priors: [63, 710, 0, 4, 105, 0, 90, 0, 4, 34, 0, 94, 0, 2, 196, 0]
2026-09-09 20:11:03 - __main__ - INFO - community_type priors: [39, 901, 11, 77, 16]
2026-09-09 20:11:03 - __main__ - INFO - feature priors: [11, 34, 64, 6, 64, 0, 0, 0, 29, 10]
2026-09-09 20:11:03 - __main__ - INFO - sample_host priors: [6, 11, 0, 0, 2, 4, 4, 20, 23, 67, 45, 742, 16, 11, 16, 8, 11, 9, 4, 5, 1, 24, 4, 23]
2026-09-09 20:11:03 - __main__ - INFO - material priors: [50, 726, 0, 15, 64, 11, 30, 4, 4, 28, 18, 66, 0, 2, 202, 0]
2026-09-09 20:11:37 - __main__ - INFO - community_type priors: [71, 1048, 11, 19, 0]
2026-09-09 20:11:37 - __main__ - INFO - feature priors: [11, 0, 101, 33, 104, 2, 0, 0, 0, 10]
2026-09-09 20:11:37 - __main__ - INFO - sample_host priors: [6, 11, 0, 0, 12, 0, 0, 20, 23, 67, 45, 537, 16, 11, 0, 8, 11, 9, 4, 5, 1, 24, 0, 339]
2026-09-09 20:11:37 - __main__ - INFO - material priors: [13, 1048, 0, 11, 101, 11, 70, 4, 0, 60, 18, 34, 0, 0, 6, 0]
2026-09-09 20:12:17 - __main__ - INFO - community_type priors: [34, 885, 0, 84, 16]
2026-09-09 20:12:17 - __main__ - INFO - feature priors: [0, 34, 105, 31, 90, 2, 0, 0, 29, 0]
2026-09-09 20:12:17 - __main__ - INFO - sample_host priors: [0, 0, 0, 0, 10, 4, 4, 0, 0, 0, 0, 677, 0, 0, 16, 0, 0, 0, 0, 0, 0, 0, 4, 316]
2026-09-09 20:12:17 - __main__ - INFO - material priors: [63, 710, 0, 4, 105, 0, 90, 0, 4, 34, 0, 94, 0, 2, 196, 0]
2026-09-09 20:13:17 - __main__ - INFO - community_type priors: [39, 901, 11, 77, 16]
2026-09-09 20:13:17 - __main__ - INFO - feature priors: [11, 34, 64, 6, 64, 0, 0, 0, 29, 10]
2026-09-09 20:13:17 - __main__ - INFO - sample_host priors: [6, 11, 0, 0, 2, 4, 4, 20, 23, 67, 45, 742, 16, 11, 16, 8, 11, 9, 4, 5, 1, 24, 4, 23]
2026-09-09 20:13:17 - __main__ - INFO - material priors: [50, 726, 0, 15, 64, 11, 30, 4, 4, 28, 18, 66, 0, 2, 202, 0]
2026-09-09 20:13:50 - __main__ - INFO - community_type priors: [71, 1048, 11, 19, 0]
2026-09-09 20:13:50 - __main__ - INFO - feature priors: [11, 0, 101, 33, 104, 2, 0, 0, 0, 10]
2026-09-09 20:13:50 - __main__ - INFO - sample_host priors: [6, 11, 0, 0, 12, 0, 0, 20, 23, 67, 45, 537, 16, 11, 0, 8, 11, 9, 4, 5, 1, 24, 0, 339]
2026-09-09 20:13:50 - __main__ - INFO - material priors: [13, 1048, 0, 11, 101, 11, 70, 4, 0, 60, 18, 34, 0, 0, 6, 0]
2026-09-09 20:14:46 - __main__ - INFO - community_type priors: [34, 885, 0, 84, 16]
2026-09-09 20:14:46 - __main__ - INFO - feature priors: [0, 34, 105, 31, 90, 2, 0, 0, 29, 0]
2026-09-09 20:14:46 - __main__ - INFO - sample_host priors: [0, 0, 0, 0, 10, 4, 4, 0, 0, 0, 0, 677, 0, 0, 16, 0, 0, 0, 0, 0, 0, 0, 4, 316]
2026-09-09 20:14:46 - __main__ - INFO - material priors: [63, 710, 0, 4, 105, 0, 90, 0, 4, 34, 0, 94, 0, 2, 196, 0]
2026-09-09 20:15:38 - __main__ - INFO - community_type priors: [39, 901, 11, 77, 16]
2026-09-09 20:15:38 - __main__ - INFO - feature priors: [11, 34, 64, 6, 64, 0, 0, 0, 29, 10]
2026-09-09 20:15:38 - __main__ - INFO - sample_host priors: [6, 11, 0, 0, 2, 4, 4, 20, 23, 67, 45, 742, 16, 11, 16, 8, 11, 9, 4, 5, 1, 24, 4, 23]
2026-09-09 20:15:38 - __main__ - INFO - material priors: [50, 726, 0, 15, 64, 11, 30, 4, 4, 28, 18, 66, 0, 2, 202, 0]
2026-09-09 20:16:11 - __main__ - INFO - community_type priors: [71, 1048, 11, 19, 0]
2026-09-09 20:16:11 - __main__ - INFO - feature priors: [11, 0, 101, 33, 104, 2, 0, 0, 0, 10]
2026-09-09 20:16:11 - __main__ - INFO - sample_host priors: [6, 11, 0, 0, 12, 0, 0, 20, 23, 67, 45, 537, 16, 11, 0, 8, 11, 9, 4, 5, 1, 24, 0, 339]
2026-09-09 20:16:11 - __main__ - INFO - material priors: [13, 1048, 0, 11, 101, 11, 70, 4, 0, 60, 18, 34, 0, 0, 6, 0]
2026-09-09 20:17:21 - __main__ - INFO - community_type priors: [34, 885, 0, 84, 16]
2026-09-09 20:17:21 - __main__ - INFO - feature priors: [0, 34, 105, 31, 90, 2, 0, 0, 29, 0]
2026-09-09 20:17:21 - __main__ - INFO - sample_host priors: [0, 0, 0, 0, 10, 4, 4, 0, 0, 0, 0, 677, 0, 0, 16, 0, 0, 0, 0, 0, 0, 0, 4, 316]
2026-09-09 20:17:21 - __main__ - INFO - material priors: [63, 710, 0, 4, 105, 0, 90, 0, 4, 34, 0, 94, 0, 2, 196, 0]
2026-09-09 20:18:26 - __main__ - INFO - community_type priors: [39, 901, 11, 77, 16]
2026-09-09 20:18:26 - __main__ - INFO - feature priors: [11, 34, 64, 6, 64, 0, 0, 0, 29, 10]
2026-09-09 20:18:26 - __main__ - INFO - sample_host priors: [6, 11, 0, 0, 2, 4, 4, 20, 23, 67, 45, 742, 16, 11, 16, 8, 11, 9, 4, 5, 1, 24, 4, 23]
2026-09-09 20:18:26 - __main__ - INFO - material priors: [50, 726, 0, 15, 64, 11, 30, 4, 4, 28, 18, 66, 0, 2, 202, 0]
2026-09-09 20:19:01 - __main__ - INFO - community_type priors: [71, 1048, 11, 19, 0]
2026-09-09 20:19:01 - __main__ - INFO - feature priors: [11, 0, 101, 33, 104, 2, 0, 0, 0, 10]
2026-09-09 20:19:01 - __main__ - INFO - sample_host priors: [6, 11, 0, 0, 12, 0, 0, 20, 23, 67, 45, 537, 16, 11, 0, 8, 11, 9, 4, 5, 1, 24, 0, 339]
2026-09-09 20:19:01 - __main__ - INFO - material priors: [13, 1048, 0, 11, 101, 11, 70, 4, 0, 60, 18, 34, 0, 0, 6, 0]
2026-09-09 20:20:00 - __main__ - INFO - community_type priors: [34, 885, 0, 84, 16]
2026-09-09 20:20:00 - __main__ - INFO - feature priors: [0, 34, 105, 31, 90, 2, 0, 0, 29, 0]
2026-09-09 20:20:00 - __main__ - INFO - sample_host priors: [0, 0, 0, 0, 10, 4, 4, 0, 0, 0, 0, 677, 0, 0, 16, 0, 0, 0, 0, 0, 0, 0, 4, 316]
2026-09-09 20:20:00 - __main__ - INFO - material priors: [63, 710, 0, 4, 105, 0, 90, 0, 4, 34, 0, 94, 0, 2, 196, 0]
2026-09-09 20:20:55 - __main__ - INFO - community_type priors: [39, 901, 11, 77, 16]
2026-09-09 20:20:55 - __main__ - INFO - feature priors: [11, 34, 64, 6, 64, 0, 0, 0, 29, 10]
2026-09-09 20:20:55 - __main__ - INFO - sample_host priors: [6, 11, 0, 0, 2, 4, 4, 20, 23, 67, 45, 742, 16, 11, 16, 8, 11, 9, 4, 5, 1, 24, 4, 23]
2026-09-09 20:20:55 - __main__ - INFO - material priors: [50, 726, 0, 15, 64, 11, 30, 4, 4, 28, 18, 66, 0, 2, 202, 0]
2026-09-09 20:21:28 - __main__ - INFO - community_type priors: [71, 1048, 11, 19, 0]
2026-09-09 20:21:28 - __main__ - INFO - feature priors: [11, 0, 101, 33, 104, 2, 0, 0, 0, 10]
2026-09-09 20:21:28 - __main__ - INFO - sample_host priors: [6, 11, 0, 0, 12, 0, 0, 20, 23, 67, 45, 537, 16, 11, 0, 8, 11, 9, 4, 5, 1, 24, 0, 339]
2026-09-09 20:21:28 - __main__ - INFO - material priors: [13, 1048, 0, 11, 101, 11, 70, 4, 0, 60, 18, 34, 0, 0, 6, 0]
2026-09-09 20:22:19 - __main__ - INFO - community_type priors: [34, 885, 0, 84, 16]
2026-09-09 20:22:19 - __main__ - INFO - feature priors: [0, 34, 105, 31, 90, 2, 0, 0, 29, 0]
2026-09-09 20:22:19 - __main__ - INFO - sample_host priors: [0, 0, 0, 0, 10, 4, 4, 0, 0, 0, 0, 677, 0, 0, 16, 0, 0, 0, 0, 0, 0, 0, 4, 316]
2026-09-09 20:22:19 - __main__ - INFO - material priors: [63, 710, 0, 4, 105, 0, 90, 0, 4, 34, 0, 94, 0, 2, 196, 0]
2026-09-09 20:23:21 - __main__ - INFO - community_type priors: [39, 901, 11, 77, 16]
2026-09-09 20:23:21 - __main__ - INFO - feature priors: [11, 34, 64, 6, 64, 0, 0, 0, 29, 10]
2026-09-09 20:23:21 - __main__ - INFO - sample_host priors: [6, 11, 0, 0, 2, 4, 4, 20, 23, 67, 45, 742, 16, 11, 16, 8, 11, 9, 4, 5, 1, 24, 4, 23]
2026-09-09 20:23:21 - __main__ - INFO - material priors: [50, 726, 0, 15, 64, 11, 30, 4, 4, 28, 18, 66, 0, 2, 202, 0]
2026-09-09 20:23:54 - __main__ - INFO - community_type priors: [71, 1048, 11, 19, 0]
2026-09-09 20:23:54 - __main__ - INFO - feature priors: [11, 0, 101, 33, 104, 2, 0, 0, 0, 10]
2026-09-09 20:23:54 - __main__ - INFO - sample_host priors: [6, 11, 0, 0, 12, 0, 0, 20, 23, 67, 45, 537, 16, 11, 0, 8, 11, 9, 4, 5, 1, 24, 0, 339]
2026-09-09 20:23:54 - __main__ - INFO - material priors: [13, 1048, 0, 11, 101, 11, 70, 4, 0, 60, 18, 34, 0, 0, 6, 0]
2026-09-09 20:25:00 - __main__ - INFO - community_type priors: [34, 885, 0, 84, 16]
2026-09-09 20:25:00 - __main__ - INFO - feature priors: [0, 34, 105, 31, 90, 2, 0, 0, 29, 0]
2026-09-09 20:25:00 - __main__ - INFO - sample_host priors: [0, 0, 0, 0, 10, 4, 4, 0, 0, 0, 0, 677, 0, 0, 16, 0, 0, 0, 0, 0, 0, 0, 4, 316]
2026-09-09 20:25:00 - __main__ - INFO - material priors: [63, 710, 0, 4, 105, 0, 90, 0, 4, 34, 0, 94, 0, 2, 196, 0]
2026-09-09 20:26:09 - __main__ - INFO - community_type priors: [39, 901, 11, 77, 16]
2026-09-09 20:26:09 - __main__ - INFO - feature priors: [11, 34, 64, 6, 64, 0, 0, 0, 29, 10]
2026-09-09 20:26:09 - __main__ - INFO - sample_host priors: [6, 11, 0, 0, 2, 4, 4, 20, 23, 67, 45, 742, 16, 11, 16, 8, 11, 9, 4, 5, 1, 24, 4, 23]
2026-09-09 20:26:09 - __main__ - INFO - material priors: [50, 726, 0, 15, 64, 11, 30, 4, 4, 28, 18, 66, 0, 2, 202, 0]
2026-09-09 20:26:48 - __main__ - INFO - community_type priors: [71, 1048, 11, 19, 0]
2026-09-09 20:26:48 - __main__ - INFO - feature priors: [11, 0, 101, 33, 104, 2, 0, 0, 0, 10]
2026-09-09 20:26:48 - __main__ - INFO - sample_host priors: [6, 11, 0, 0, 12, 0, 0, 20, 23, 67, 45, 537, 16, 11, 0, 8, 11, 9, 4, 5, 1, 24, 0, 339]
2026-09-09 20:26:48 - __main__ - INFO - material priors: [13, 1048, 0, 11, 101, 11, 70, 4, 0, 60, 18, 34, 0, 0, 6, 0]
2026-09-09 20:28:02 - __main__ - INFO - community_type priors: [34, 885, 0, 84, 16]
2026-09-09 20:28:02 - __main__ - INFO - feature priors: [0, 34, 105, 31, 90, 2, 0, 0, 29, 0]
2026-09-09 20:28:02 - __main__ - INFO - sample_host priors: [0, 0, 0, 0, 10, 4, 4, 0, 0, 0, 0, 677, 0, 0, 16, 0, 0, 0, 0, 0, 0, 0, 4, 316]
2026-09-09 20:28:02 - __main__ - INFO - material priors: [63, 710, 0, 4, 105, 0, 90, 0, 4, 34, 0, 94, 0, 2, 196, 0]
2026-09-09 20:29:01 - __main__ - INFO - community_type priors: [39, 901, 11, 77, 16]
2026-09-09 20:29:01 - __main__ - INFO - feature priors: [11, 34, 64, 6, 64, 0, 0, 0, 29, 10]
2026-09-09 20:29:01 - __main__ - INFO - sample_host priors: [6, 11, 0, 0, 2, 4, 4, 20, 23, 67, 45, 742, 16, 11, 16, 8, 11, 9, 4, 5, 1, 24, 4, 23]
2026-09-09 20:29:01 - __main__ - INFO - material priors: [50, 726, 0, 15, 64, 11, 30, 4, 4, 28, 18, 66, 0, 2, 202, 0]
2026-09-09 20:29:39 - __main__ - INFO - community_type priors: [71, 1048, 11, 19, 0]
2026-09-09 20:29:39 - __main__ - INFO - feature priors: [11, 0, 101, 33, 104, 2, 0, 0, 0, 10]
2026-09-09 20:29:39 - __main__ - INFO - sample_host priors: [6, 11, 0, 0, 12, 0, 0, 20, 23, 67, 45, 537, 16, 11, 0, 8, 11, 9, 4, 5, 1, 24, 0, 339]
2026-09-09 20:29:39 - __main__ - INFO - material priors: [13, 1048, 0, 11, 101, 11, 70, 4, 0, 60, 18, 34, 0, 0, 6, 0]
2026-09-09 20:30:46 - __main__ - INFO - community_type priors: [34, 885, 0, 84, 16]
2026-09-09 20:30:46 - __main__ - INFO - feature priors: [0, 34, 105, 31, 90, 2, 0, 0, 29, 0]
2026-09-09 20:30:46 - __main__ - INFO - sample_host priors: [0, 0, 0, 0, 10, 4, 4, 0, 0, 0, 0, 677, 0, 0, 16, 0, 0, 0, 0, 0, 0, 0, 4, 316]
2026-09-09 20:30:46 - __main__ - INFO - material priors: [63, 710, 0, 4, 105, 0, 90, 0, 4, 34, 0, 94, 0, 2, 196, 0]
2026-09-09 20:31:43 - __main__ - INFO - community_type priors: [39, 901, 11, 77, 16]
2026-09-09 20:31:43 - __main__ - INFO - feature priors: [11, 34, 64, 6, 64, 0, 0, 0, 29, 10]
2026-09-09 20:31:43 - __main__ - INFO - sample_host priors: [6, 11, 0, 0, 2, 4, 4, 20, 23, 67, 45, 742, 16, 11, 16, 8, 11, 9, 4, 5, 1, 24, 4, 23]
2026-09-09 20:31:43 - __main__ - INFO - material priors: [50, 726, 0, 15, 64, 11, 30, 4, 4, 28, 18, 66, 0, 2, 202, 0]
2026-09-09 20:32:21 - __main__ - INFO - community_type priors: [71, 1048, 11, 19, 0]
2026-09-09 20:32:21 - __main__ - INFO - feature priors: [11, 0, 101, 33, 104, 2, 0, 0, 0, 10]
2026-09-09 20:32:21 - __main__ - INFO - sample_host priors: [6, 11, 0, 0, 12, 0, 0, 20, 23, 67, 45, 537, 16, 11, 0, 8, 11, 9, 4, 5, 1, 24, 0, 339]
2026-09-09 20:32:21 - __main__ - INFO - material priors: [13, 1048, 0, 11, 101, 11, 70, 4, 0, 60, 18, 34, 0, 0, 6, 0]
2026-09-09 20:33:34 - __main__ - INFO - community_type priors: [34, 885, 0, 84, 16]
2026-09-09 20:33:34 - __main__ - INFO - feature priors: [0, 34, 105, 31, 90, 2, 0, 0, 29, 0]
2026-09-09 20:33:34 - __main__ - INFO - sample_host priors: [0, 0, 0, 0, 10, 4, 4, 0, 0, 0, 0, 677, 0, 0, 16, 0, 0, 0, 0, 0, 0, 0, 4, 316]
2026-09-09 20:33:34 - __main__ - INFO - material priors: [63, 710, 0, 4, 105, 0, 90, 0, 4, 34, 0, 94, 0, 2, 196, 0]
2026-09-09 20:34:45 - __main__ - INFO - community_type priors: [39, 901, 11, 77, 16]
2026-09-09 20:34:45 - __main__ - INFO - feature priors: [11, 34, 64, 6, 64, 0, 0, 0, 29, 10]
2026-09-09 20:34:45 - __main__ - INFO - sample_host priors: [6, 11, 0, 0, 2, 4, 4, 20, 23, 67, 45, 742, 16, 11, 16, 8, 11, 9, 4, 5, 1, 24, 4, 23]
2026-09-09 20:34:45 - __main__ - INFO - material priors: [50, 726, 0, 15, 64, 11, 30, 4, 4, 28, 18, 66, 0, 2, 202, 0]
2026-09-09 20:35:25 - __main__ - INFO - community_type priors: [71, 1048, 11, 19, 0]
2026-09-09 20:35:25 - __main__ - INFO - feature priors: [11, 0, 101, 33, 104, 2, 0, 0, 0, 10]
2026-09-09 20:35:25 - __main__ - INFO - sample_host priors: [6, 11, 0, 0, 12, 0, 0, 20, 23, 67, 45, 537, 16, 11, 0, 8, 11, 9, 4, 5, 1, 24, 0, 339]
2026-09-09 20:35:25 - __main__ - INFO - material priors: [13, 1048, 0, 11, 101, 11, 70, 4, 0, 60, 18, 34, 0, 0, 6, 0]
2026-09-09 20:36:37 - __main__ - INFO - community_type priors: [34, 885, 0, 84, 16]
2026-09-09 20:36:37 - __main__ - INFO - feature priors: [0, 34, 105, 31, 90, 2, 0, 0, 29, 0]
2026-09-09 20:36:37 - __main__ - INFO - sample_host priors: [0, 0, 0, 0, 10, 4, 4, 0, 0, 0, 0, 677, 0, 0, 16, 0, 0, 0, 0, 0, 0, 0, 4, 316]
2026-09-09 20:36:37 - __main__ - INFO - material priors: [63, 710, 0, 4, 105, 0, 90, 0, 4, 34, 0, 94, 0, 2, 196, 0]
2026-09-09 20:37:45 - __main__ - INFO - community_type priors: [39, 901, 11, 77, 16]
2026-09-09 20:37:45 - __main__ - INFO - feature priors: [11, 34, 64, 6, 64, 0, 0, 0, 29, 10]
2026-09-09 20:37:45 - __main__ - INFO - sample_host priors: [6, 11, 0, 0, 2, 4, 4, 20, 23, 67, 45, 742, 16, 11, 16, 8, 11, 9, 4, 5, 1, 24, 4, 23]
2026-09-09 20:37:45 - __main__ - INFO - material priors: [50, 726, 0, 15, 64, 11, 30, 4, 4, 28, 18, 66, 0, 2, 202, 0]
2026-09-09 20:38:26 - __main__ - INFO - community_type priors: [71, 1048, 11, 19, 0]
2026-09-09 20:38:26 - __main__ - INFO - feature priors: [11, 0, 101, 33, 104, 2, 0, 0, 0, 10]
2026-09-09 20:38:26 - __main__ - INFO - sample_host priors: [6, 11, 0, 0, 12, 0, 0, 20, 23, 67, 45, 537, 16, 11, 0, 8, 11, 9, 4, 5, 1, 24, 0, 339]
2026-09-09 20:38:26 - __main__ - INFO - material priors: [13, 1048, 0, 11, 101, 11, 70, 4, 0, 60, 18, 34, 0, 0, 6, 0]
2026-09-09 20:39:39 - __main__ - INFO - community_type priors: [34, 885, 0, 84, 16]
2026-09-09 20:39:39 - __main__ - INFO - feature priors: [0, 34, 105, 31, 90, 2, 0, 0, 29, 0]
2026-09-09 20:39:39 - __main__ - INFO - sample_host priors: [0, 0, 0, 0, 10, 4, 4, 0, 0, 0, 0, 677, 0, 0, 16, 0, 0, 0, 0, 0, 0, 0, 4, 316]
2026-09-09 20:39:39 - __main__ - INFO - material priors: [63, 710, 0, 4, 105, 0, 90, 0, 4, 34, 0, 94, 0, 2, 196, 0]
2026-09-09 20:40:38 - __main__ - INFO - community_type priors: [39, 901, 11, 77, 16]
2026-09-09 20:40:38 - __main__ - INFO - feature priors: [11, 34, 64, 6, 64, 0, 0, 0, 29, 10]
2026-09-09 20:40:38 - __main__ - INFO - sample_host priors: [6, 11, 0, 0, 2, 4, 4, 20, 23, 67, 45, 742, 16, 11, 16, 8, 11, 9, 4, 5, 1, 24, 4, 23]
2026-09-09 20:40:38 - __main__ - INFO - material priors: [50, 726, 0, 15, 64, 11, 30, 4, 4, 28, 18, 66, 0, 2, 202, 0]
2026-09-09 20:41:12 - __main__ - INFO - community_type priors: [71, 1048, 11, 19, 0]
2026-09-09 20:41:12 - __main__ - INFO - feature priors: [11, 0, 101, 33, 104, 2, 0, 0, 0, 10]
2026-09-09 20:41:12 - __main__ - INFO - sample_host priors: [6, 11, 0, 0, 12, 0, 0, 20, 23, 67, 45, 537, 16, 11, 0, 8, 11, 9, 4, 5, 1, 24, 0, 339]
2026-09-09 20:41:12 - __main__ - INFO - material priors: [13, 1048, 0, 11, 101, 11, 70, 4, 0, 60, 18, 34, 0, 0, 6, 0]
2026-09-09 20:42:18 - __main__ - INFO - community_type priors: [34, 885, 0, 84, 16]
2026-09-09 20:42:18 - __main__ - INFO - feature priors: [0, 34, 105, 31, 90, 2, 0, 0, 29, 0]
2026-09-09 20:42:18 - __main__ - INFO - sample_host priors: [0, 0, 0, 0, 10, 4, 4, 0, 0, 0, 0, 677, 0, 0, 16, 0, 0, 0, 0, 0, 0, 0, 4, 316]
2026-09-09 20:42:18 - __main__ - INFO - material priors: [63, 710, 0, 4, 105, 0, 90, 0, 4, 34, 0, 94, 0, 2, 196, 0]
2026-09-09 20:42:55 - __main__ - INFO - community_type priors: [39, 901, 11, 77, 16]
2026-09-09 20:42:55 - __main__ - INFO - feature priors: [11, 34, 64, 6, 64, 0, 0, 0, 29, 10]
2026-09-09 20:42:55 - __main__ - INFO - sample_host priors: [6, 11, 0, 0, 2, 4, 4, 20, 23, 67, 45, 742, 16, 11, 16, 8, 11, 9, 4, 5, 1, 24, 4, 23]
2026-09-09 20:42:55 - __main__ - INFO - material priors: [50, 726, 0, 15, 64, 11, 30, 4, 4, 28, 18, 66, 0, 2, 202, 0]
2026-09-09 20:43:26 - __main__ - INFO - community_type priors: [71, 1048, 11, 19, 0]
2026-09-09 20:43:26 - __main__ - INFO - feature priors: [11, 0, 101, 33, 104, 2, 0, 0, 0, 10]
2026-09-09 20:43:26 - __main__ - INFO - sample_host priors: [6, 11, 0, 0, 12, 0, 0, 20, 23, 67, 45, 537, 16, 11, 0, 8, 11, 9, 4, 5, 1, 24, 0, 339]
2026-09-09 20:43:26 - __main__ - INFO - material priors: [13, 1048, 0, 11, 101, 11, 70, 4, 0, 60, 18, 34, 0, 0, 6, 0]
2026-09-09 20:44:10 - __main__ - INFO - community_type priors: [34, 885, 0, 84, 16]
2026-09-09 20:44:10 - __main__ - INFO - feature priors: [0, 34, 105, 31, 90, 2, 0, 0, 29, 0]
2026-09-09 20:44:10 - __main__ - INFO - sample_host priors: [0, 0, 0, 0, 10, 4, 4, 0, 0, 0, 0, 677, 0, 0, 16, 0, 0, 0, 0, 0, 0, 0, 4, 316]
2026-09-09 20:44:10 - __main__ - INFO - material priors: [63, 710, 0, 4, 105, 0, 90, 0, 4, 34, 0, 94, 0, 2, 196, 0]
2026-09-09 20:45:11 - __main__ - INFO - community_type priors: [39, 901, 11, 77, 16]
2026-09-09 20:45:11 - __main__ - INFO - feature priors: [11, 34, 64, 6, 64, 0, 0, 0, 29, 10]
2026-09-09 20:45:11 - __main__ - INFO - sample_host priors: [6, 11, 0, 0, 2, 4, 4, 20, 23, 67, 45, 742, 16, 11, 16, 8, 11, 9, 4, 5, 1, 24, 4, 23]
2026-09-09 20:45:11 - __main__ - INFO - material priors: [50, 726, 0, 15, 64, 11, 30, 4, 4, 28, 18, 66, 0, 2, 202, 0]
2026-09-09 20:45:48 - __main__ - INFO - community_type priors: [71, 1048, 11, 19, 0]
2026-09-09 20:45:48 - __main__ - INFO - feature priors: [11, 0, 101, 33, 104, 2, 0, 0, 0, 10]
2026-09-09 20:45:48 - __main__ - INFO - sample_host priors: [6, 11, 0, 0, 12, 0, 0, 20, 23, 67, 45, 537, 16, 11, 0, 8, 11, 9, 4, 5, 1, 24, 0, 339]
2026-09-09 20:45:48 - __main__ - INFO - material priors: [13, 1048, 0, 11, 101, 11, 70, 4, 0, 60, 18, 34, 0, 0, 6, 0]
2026-09-09 20:47:01 - __main__ - INFO - community_type priors: [34, 885, 0, 84, 16]
2026-09-09 20:47:01 - __main__ - INFO - feature priors: [0, 34, 105, 31, 90, 2, 0, 0, 29, 0]
2026-09-09 20:47:01 - __main__ - INFO - sample_host priors: [0, 0, 0, 0, 10, 4, 4, 0, 0, 0, 0, 677, 0, 0, 16, 0, 0, 0, 0, 0, 0, 0, 4, 316]
2026-09-09 20:47:01 - __main__ - INFO - material priors: [63, 710, 0, 4, 105, 0, 90, 0, 4, 34, 0, 94, 0, 2, 196, 0]
2026-09-09 20:48:10 - __main__ - INFO - community_type priors: [39, 901, 11, 77, 16]
2026-09-09 20:48:10 - __main__ - INFO - feature priors: [11, 34, 64, 6, 64, 0, 0, 0, 29, 10]
2026-09-09 20:48:10 - __main__ - INFO - sample_host priors: [6, 11, 0, 0, 2, 4, 4, 20, 23, 67, 45, 742, 16, 11, 16, 8, 11, 9, 4, 5, 1, 24, 4, 23]
2026-09-09 20:48:10 - __main__ - INFO - material priors: [50, 726, 0, 15, 64, 11, 30, 4, 4, 28, 18, 66, 0, 2, 202, 0]
2026-09-09 20:48:58 - __main__ - INFO - community_type priors: [71, 1048, 11, 19, 0]
2026-09-09 20:48:58 - __main__ - INFO - feature priors: [11, 0, 101, 33, 104, 2, 0, 0, 0, 10]
2026-09-09 20:48:58 - __main__ - INFO - sample_host priors: [6, 11, 0, 0, 12, 0, 0, 20, 23, 67, 45, 537, 16, 11, 0, 8, 11, 9, 4, 5, 1, 24, 0, 339]
2026-09-09 20:48:58 - __main__ - INFO - material priors: [13, 1048, 0, 11, 101, 11, 70, 4, 0, 60, 18, 34, 0, 0, 6, 0]
2026-09-09 20:50:16 - __main__ - INFO - community_type priors: [34, 885, 0, 84, 16]
2026-09-09 20:50:16 - __main__ - INFO - feature priors: [0, 34, 105, 31, 90, 2, 0, 0, 29, 0]
2026-09-09 20:50:16 - __main__ - INFO - sample_host priors: [0, 0, 0, 0, 10, 4, 4, 0, 0, 0, 0, 677, 0, 0, 16, 0, 0, 0, 0, 0, 0, 0, 4, 316]
2026-09-09 20:50:16 - __main__ - INFO - material priors: [63, 710, 0, 4, 105, 0, 90, 0, 4, 34, 0, 94, 0, 2, 196, 0]
2026-09-09 20:51:08 - __main__ - INFO - community_type priors: [39, 901, 11, 77, 16]
2026-09-09 20:51:08 - __main__ - INFO - feature priors: [11, 34, 64, 6, 64, 0, 0, 0, 29, 10]
2026-09-09 20:51:08 - __main__ - INFO - sample_host priors: [6, 11, 0, 0, 2, 4, 4, 20, 23, 67, 45, 742, 16, 11, 16, 8, 11, 9, 4, 5, 1, 24, 4, 23]
2026-09-09 20:51:08 - __main__ - INFO - material priors: [50, 726, 0, 15, 64, 11, 30, 4, 4, 28, 18, 66, 0, 2, 202, 0]
2026-09-09 20:51:43 - __main__ - INFO - community_type priors: [71, 1048, 11, 19, 0]
2026-09-09 20:51:43 - __main__ - INFO - feature priors: [11, 0, 101, 33, 104, 2, 0, 0, 0, 10]
2026-09-09 20:51:43 - __main__ - INFO - sample_host priors: [6, 11, 0, 0, 12, 0, 0, 20, 23, 67, 45, 537, 16, 11, 0, 8, 11, 9, 4, 5, 1, 24, 0, 339]
2026-09-09 20:51:43 - __main__ - INFO - material priors: [13, 1048, 0, 11, 101, 11, 70, 4, 0, 60, 18, 34, 0, 0, 6, 0]
2026-09-09 20:52:50 - __main__ - INFO - community_type priors: [34, 885, 0, 84, 16]
2026-09-09 20:52:50 - __main__ - INFO - feature priors: [0, 34, 105, 31, 90, 2, 0, 0, 29, 0]
2026-09-09 20:52:50 - __main__ - INFO - sample_host priors: [0, 0, 0, 0, 10, 4, 4, 0, 0, 0, 0, 677, 0, 0, 16, 0, 0, 0, 0, 0, 0, 0, 4, 316]
2026-09-09 20:52:50 - __main__ - INFO - material priors: [63, 710, 0, 4, 105, 0, 90, 0, 4, 34, 0, 94, 0, 2, 196, 0]
2026-09-09 20:53:30 - __main__ - INFO - community_type priors: [39, 901, 11, 77, 16]
2026-09-09 20:53:30 - __main__ - INFO - feature priors: [11, 34, 64, 6, 64, 0, 0, 0, 29, 10]
2026-09-09 20:53:30 - __main__ - INFO - sample_host priors: [6, 11, 0, 0, 2, 4, 4, 20, 23, 67, 45, 742, 16, 11, 16, 8, 11, 9, 4, 5, 1, 24, 4, 23]
2026-09-09 20:53:30 - __main__ - INFO - material priors: [50, 726, 0, 15, 64, 11, 30, 4, 4, 28, 18, 66, 0, 2, 202, 0]
2026-09-09 20:53:54 - __main__ - INFO - community_type priors: [71, 1048, 11, 19, 0]
2026-09-09 20:53:54 - __main__ - INFO - feature priors: [11, 0, 101, 33, 104, 2, 0, 0, 0, 10]
2026-09-09 20:53:54 - __main__ - INFO - sample_host priors: [6, 11, 0, 0, 12, 0, 0, 20, 23, 67, 45, 537, 16, 11, 0, 8, 11, 9, 4, 5, 1, 24, 0, 339]
2026-09-09 20:53:54 - __main__ - INFO - material priors: [13, 1048, 0, 11, 101, 11, 70, 4, 0, 60, 18, 34, 0, 0, 6, 0]
2026-09-09 20:54:36 - __main__ - INFO - community_type priors: [34, 885, 0, 84, 16]
2026-09-09 20:54:36 - __main__ - INFO - feature priors: [0, 34, 105, 31, 90, 2, 0, 0, 29, 0]
2026-09-09 20:54:36 - __main__ - INFO - sample_host priors: [0, 0, 0, 0, 10, 4, 4, 0, 0, 0, 0, 677, 0, 0, 16, 0, 0, 0, 0, 0, 0, 0, 4, 316]
2026-09-09 20:54:36 - __main__ - INFO - material priors: [63, 710, 0, 4, 105, 0, 90, 0, 4, 34, 0, 94, 0, 2, 196, 0]
2026-09-09 20:55:16 - __main__ - INFO - community_type priors: [39, 901, 11, 77, 16]
2026-09-09 20:55:16 - __main__ - INFO - feature priors: [11, 34, 64, 6, 64, 0, 0, 0, 29, 10]
2026-09-09 20:55:16 - __main__ - INFO - sample_host priors: [6, 11, 0, 0, 2, 4, 4, 20, 23, 67, 45, 742, 16, 11, 16, 8, 11, 9, 4, 5, 1, 24, 4, 23]
2026-09-09 20:55:16 - __main__ - INFO - material priors: [50, 726, 0, 15, 64, 11, 30, 4, 4, 28, 18, 66, 0, 2, 202, 0]
2026-09-09 20:55:38 - __main__ - INFO - community_type priors: [71, 1048, 11, 19, 0]
2026-09-09 20:55:38 - __main__ - INFO - feature priors: [11, 0, 101, 33, 104, 2, 0, 0, 0, 10]
2026-09-09 20:55:38 - __main__ - INFO - sample_host priors: [6, 11, 0, 0, 12, 0, 0, 20, 23, 67, 45, 537, 16, 11, 0, 8, 11, 9, 4, 5, 1, 24, 0, 339]
2026-09-09 20:55:38 - __main__ - INFO - material priors: [13, 1048, 0, 11, 101, 11, 70, 4, 0, 60, 18, 34, 0, 0, 6, 0]
2026-09-09 20:56:19 - __main__ - INFO - community_type priors: [34, 885, 0, 84, 16]
2026-09-09 20:56:19 - __main__ - INFO - feature priors: [0, 34, 105, 31, 90, 2, 0, 0, 29, 0]
2026-09-09 20:56:19 - __main__ - INFO - sample_host priors: [0, 0, 0, 0, 10, 4, 4, 0, 0, 0, 0, 677, 0, 0, 16, 0, 0, 0, 0, 0, 0, 0, 4, 316]
2026-09-09 20:56:19 - __main__ - INFO - material priors: [63, 710, 0, 4, 105, 0, 90, 0, 4, 34, 0, 94, 0, 2, 196, 0]
2026-09-09 20:57:02 - __main__ - INFO - community_type priors: [39, 901, 11, 77, 16]
2026-09-09 20:57:02 - __main__ - INFO - feature priors: [11, 34, 64, 6, 64, 0, 0, 0, 29, 10]
2026-09-09 20:57:02 - __main__ - INFO - sample_host priors: [6, 11, 0, 0, 2, 4, 4, 20, 23, 67, 45, 742, 16, 11, 16, 8, 11, 9, 4, 5, 1, 24, 4, 23]
2026-09-09 20:57:02 - __main__ - INFO - material priors: [50, 726, 0, 15, 64, 11, 30, 4, 4, 28, 18, 66, 0, 2, 202, 0]
2026-09-09 20:57:28 - __main__ - INFO - community_type priors: [71, 1048, 11, 19, 0]
2026-09-09 20:57:28 - __main__ - INFO - feature priors: [11, 0, 101, 33, 104, 2, 0, 0, 0, 10]
2026-09-09 20:57:28 - __main__ - INFO - sample_host priors: [6, 11, 0, 0, 12, 0, 0, 20, 23, 67, 45, 537, 16, 11, 0, 8, 11, 9, 4, 5, 1, 24, 0, 339]
2026-09-09 20:57:28 - __main__ - INFO - material priors: [13, 1048, 0, 11, 101, 11, 70, 4, 0, 60, 18, 34, 0, 0, 6, 0]
2026-09-09 20:58:11 - __main__ - INFO - community_type priors: [34, 885, 0, 84, 16]
2026-09-09 20:58:11 - __main__ - INFO - feature priors: [0, 34, 105, 31, 90, 2, 0, 0, 29, 0]
2026-09-09 20:58:11 - __main__ - INFO - sample_host priors: [0, 0, 0, 0, 10, 4, 4, 0, 0, 0, 0, 677, 0, 0, 16, 0, 0, 0, 0, 0, 0, 0, 4, 316]
2026-09-09 20:58:11 - __main__ - INFO - material priors: [63, 710, 0, 4, 105, 0, 90, 0, 4, 34, 0, 94, 0, 2, 196, 0]
2026-09-09 20:58:39 - __main__ - INFO - community_type priors: [39, 901, 11, 77, 16]
2026-09-09 20:58:39 - __main__ - INFO - feature priors: [11, 34, 64, 6, 64, 0, 0, 0, 29, 10]
2026-09-09 20:58:39 - __main__ - INFO - sample_host priors: [6, 11, 0, 0, 2, 4, 4, 20, 23, 67, 45, 742, 16, 11, 16, 8, 11, 9, 4, 5, 1, 24, 4, 23]
2026-09-09 20:58:39 - __main__ - INFO - material priors: [50, 726, 0, 15, 64, 11, 30, 4, 4, 28, 18, 66, 0, 2, 202, 0]
2026-09-09 20:59:03 - __main__ - INFO - community_type priors: [71, 1048, 11, 19, 0]
2026-09-09 20:59:03 - __main__ - INFO - feature priors: [11, 0, 101, 33, 104, 2, 0, 0, 0, 10]
2026-09-09 20:59:03 - __main__ - INFO - sample_host priors: [6, 11, 0, 0, 12, 0, 0, 20, 23, 67, 45, 537, 16, 11, 0, 8, 11, 9, 4, 5, 1, 24, 0, 339]
2026-09-09 20:59:03 - __main__ - INFO - material priors: [13, 1048, 0, 11, 101, 11, 70, 4, 0, 60, 18, 34, 0, 0, 6, 0]
2026-09-09 20:59:45 - __main__ - INFO - community_type priors: [34, 885, 0, 84, 16]
2026-09-09 20:59:45 - __main__ - INFO - feature priors: [0, 34, 105, 31, 90, 2, 0, 0, 29, 0]
2026-09-09 20:59:45 - __main__ - INFO - sample_host priors: [0, 0, 0, 0, 10, 4, 4, 0, 0, 0, 0, 677, 0, 0, 16, 0, 0, 0, 0, 0, 0, 0, 4, 316]
2026-09-09 20:59:45 - __main__ - INFO - material priors: [63, 710, 0, 4, 105, 0, 90, 0, 4, 34, 0, 94, 0, 2, 196, 0]
2026-09-09 21:00:23 - __main__ - INFO - community_type priors: [39, 901, 11, 77, 16]
2026-09-09 21:00:23 - __main__ - INFO - feature priors: [11, 34, 64, 6, 64, 0, 0, 0, 29, 10]
2026-09-09 21:00:23 - __main__ - INFO - sample_host priors: [6, 11, 0, 0, 2, 4, 4, 20, 23, 67, 45, 742, 16, 11, 16, 8, 11, 9, 4, 5, 1, 24, 4, 23]
2026-09-09 21:00:23 - __main__ - INFO - material priors: [50, 726, 0, 15, 64, 11, 30, 4, 4, 28, 18, 66, 0, 2, 202, 0]
2026-09-09 21:00:46 - __main__ - INFO - community_type priors: [71, 1048, 11, 19, 0]
2026-09-09 21:00:46 - __main__ - INFO - feature priors: [11, 0, 101, 33, 104, 2, 0, 0, 0, 10]
2026-09-09 21:00:46 - __main__ - INFO - sample_host priors: [6, 11, 0, 0, 12, 0, 0, 20, 23, 67, 45, 537, 16, 11, 0, 8, 11, 9, 4, 5, 1, 24, 0, 339]
2026-09-09 21:00:46 - __main__ - INFO - material priors: [13, 1048, 0, 11, 101, 11, 70, 4, 0, 60, 18, 34, 0, 0, 6, 0]
2026-09-09 21:01:19 - __main__ - INFO - community_type priors: [34, 885, 0, 84, 16]
2026-09-09 21:01:19 - __main__ - INFO - feature priors: [0, 34, 105, 31, 90, 2, 0, 0, 29, 0]
2026-09-09 21:01:19 - __main__ - INFO - sample_host priors: [0, 0, 0, 0, 10, 4, 4, 0, 0, 0, 0, 677, 0, 0, 16, 0, 0, 0, 0, 0, 0, 0, 4, 316]
2026-09-09 21:01:19 - __main__ - INFO - material priors: [63, 710, 0, 4, 105, 0, 90, 0, 4, 34, 0, 94, 0, 2, 196, 0]
2026-09-09 21:02:05 - __main__ - INFO - community_type priors: [39, 901, 11, 77, 16]
2026-09-09 21:02:05 - __main__ - INFO - feature priors: [11, 34, 64, 6, 64, 0, 0, 0, 29, 10]
2026-09-09 21:02:05 - __main__ - INFO - sample_host priors: [6, 11, 0, 0, 2, 4, 4, 20, 23, 67, 45, 742, 16, 11, 16, 8, 11, 9, 4, 5, 1, 24, 4, 23]
2026-09-09 21:02:05 - __main__ - INFO - material priors: [50, 726, 0, 15, 64, 11, 30, 4, 4, 28, 18, 66, 0, 2, 202, 0]
2026-09-09 21:02:30 - __main__ - INFO - community_type priors: [71, 1048, 11, 19, 0]
2026-09-09 21:02:30 - __main__ - INFO - feature priors: [11, 0, 101, 33, 104, 2, 0, 0, 0, 10]
2026-09-09 21:02:30 - __main__ - INFO - sample_host priors: [6, 11, 0, 0, 12, 0, 0, 20, 23, 67, 45, 537, 16, 11, 0, 8, 11, 9, 4, 5, 1, 24, 0, 339]
2026-09-09 21:02:30 - __main__ - INFO - material priors: [13, 1048, 0, 11, 101, 11, 70, 4, 0, 60, 18, 34, 0, 0, 6, 0]
2026-09-09 21:03:21 - __main__ - INFO - community_type priors: [34, 885, 0, 84, 16]
2026-09-09 21:03:21 - __main__ - INFO - feature priors: [0, 34, 105, 31, 90, 2, 0, 0, 29, 0]
2026-09-09 21:03:21 - __main__ - INFO - sample_host priors: [0, 0, 0, 0, 10, 4, 4, 0, 0, 0, 0, 677, 0, 0, 16, 0, 0, 0, 0, 0, 0, 0, 4, 316]
2026-09-09 21:03:21 - __main__ - INFO - material priors: [63, 710, 0, 4, 105, 0, 90, 0, 4, 34, 0, 94, 0, 2, 196, 0]
2026-09-09 21:04:05 - __main__ - INFO - community_type priors: [39, 901, 11, 77, 16]
2026-09-09 21:04:05 - __main__ - INFO - feature priors: [11, 34, 64, 6, 64, 0, 0, 0, 29, 10]
2026-09-09 21:04:05 - __main__ - INFO - sample_host priors: [6, 11, 0, 0, 2, 4, 4, 20, 23, 67, 45, 742, 16, 11, 16, 8, 11, 9, 4, 5, 1, 24, 4, 23]
2026-09-09 21:04:05 - __main__ - INFO - material priors: [50, 726, 0, 15, 64, 11, 30, 4, 4, 28, 18, 66, 0, 2, 202, 0]
2026-09-09 21:04:33 - __main__ - INFO - community_type priors: [71, 1048, 11, 19, 0]
2026-09-09 21:04:33 - __main__ - INFO - feature priors: [11, 0, 101, 33, 104, 2, 0, 0, 0, 10]
2026-09-09 21:04:33 - __main__ - INFO - sample_host priors: [6, 11, 0, 0, 12, 0, 0, 20, 23, 67, 45, 537, 16, 11, 0, 8, 11, 9, 4, 5, 1, 24, 0, 339]
2026-09-09 21:04:33 - __main__ - INFO - material priors: [13, 1048, 0, 11, 101, 11, 70, 4, 0, 60, 18, 34, 0, 0, 6, 0]
2026-09-09 21:05:17 - __main__ - INFO - community_type priors: [34, 885, 0, 84, 16]
2026-09-09 21:05:17 - __main__ - INFO - feature priors: [0, 34, 105, 31, 90, 2, 0, 0, 29, 0]
2026-09-09 21:05:17 - __main__ - INFO - sample_host priors: [0, 0, 0, 0, 10, 4, 4, 0, 0, 0, 0, 677, 0, 0, 16, 0, 0, 0, 0, 0, 0, 0, 4, 316]
2026-09-09 21:05:17 - __main__ - INFO - material priors: [63, 710, 0, 4, 105, 0, 90, 0, 4, 34, 0, 94, 0, 2, 196, 0]
2026-09-09 21:05:59 - __main__ - INFO - community_type priors: [39, 901, 11, 77, 16]
2026-09-09 21:05:59 - __main__ - INFO - feature priors: [11, 34, 64, 6, 64, 0, 0, 0, 29, 10]
2026-09-09 21:05:59 - __main__ - INFO - sample_host priors: [6, 11, 0, 0, 2, 4, 4, 20, 23, 67, 45, 742, 16, 11, 16, 8, 11, 9, 4, 5, 1, 24, 4, 23]
2026-09-09 21:05:59 - __main__ - INFO - material priors: [50, 726, 0, 15, 64, 11, 30, 4, 4, 28, 18, 66, 0, 2, 202, 0]
2026-09-09 21:06:30 - __main__ - INFO - community_type priors: [71, 1048, 11, 19, 0]
2026-09-09 21:06:30 - __main__ - INFO - feature priors: [11, 0, 101, 33, 104, 2, 0, 0, 0, 10]
2026-09-09 21:06:30 - __main__ - INFO - sample_host priors: [6, 11, 0, 0, 12, 0, 0, 20, 23, 67, 45, 537, 16, 11, 0, 8, 11, 9, 4, 5, 1, 24, 0, 339]
2026-09-09 21:06:30 - __main__ - INFO - material priors: [13, 1048, 0, 11, 101, 11, 70, 4, 0, 60, 18, 34, 0, 0, 6, 0]
2026-09-09 21:07:34 - __main__ - INFO - community_type priors: [34, 885, 0, 84, 16]
2026-09-09 21:07:34 - __main__ - INFO - feature priors: [0, 34, 105, 31, 90, 2, 0, 0, 29, 0]
2026-09-09 21:07:34 - __main__ - INFO - sample_host priors: [0, 0, 0, 0, 10, 4, 4, 0, 0, 0, 0, 677, 0, 0, 16, 0, 0, 0, 0, 0, 0, 0, 4, 316]
2026-09-09 21:07:34 - __main__ - INFO - material priors: [63, 710, 0, 4, 105, 0, 90, 0, 4, 34, 0, 94, 0, 2, 196, 0]
2026-09-09 21:08:35 - __main__ - INFO - community_type priors: [39, 901, 11, 77, 16]
2026-09-09 21:08:35 - __main__ - INFO - feature priors: [11, 34, 64, 6, 64, 0, 0, 0, 29, 10]
2026-09-09 21:08:35 - __main__ - INFO - sample_host priors: [6, 11, 0, 0, 2, 4, 4, 20, 23, 67, 45, 742, 16, 11, 16, 8, 11, 9, 4, 5, 1, 24, 4, 23]
2026-09-09 21:08:35 - __main__ - INFO - material priors: [50, 726, 0, 15, 64, 11, 30, 4, 4, 28, 18, 66, 0, 2, 202, 0]
2026-09-09 21:09:34 - __main__ - INFO - community_type priors: [71, 1048, 11, 19, 0]
2026-09-09 21:09:34 - __main__ - INFO - feature priors: [11, 0, 101, 33, 104, 2, 0, 0, 0, 10]
2026-09-09 21:09:34 - __main__ - INFO - sample_host priors: [6, 11, 0, 0, 12, 0, 0, 20, 23, 67, 45, 537, 16, 11, 0, 8, 11, 9, 4, 5, 1, 24, 0, 339]
2026-09-09 21:09:34 - __main__ - INFO - material priors: [13, 1048, 0, 11, 101, 11, 70, 4, 0, 60, 18, 34, 0, 0, 6, 0]
2026-09-09 21:10:27 - __main__ - INFO - community_type priors: [34, 885, 0, 84, 16]
2026-09-09 21:10:27 - __main__ - INFO - feature priors: [0, 34, 105, 31, 90, 2, 0, 0, 29, 0]
2026-09-09 21:10:27 - __main__ - INFO - sample_host priors: [0, 0, 0, 0, 10, 4, 4, 0, 0, 0, 0, 677, 0, 0, 16, 0, 0, 0, 0, 0, 0, 0, 4, 316]
2026-09-09 21:10:27 - __main__ - INFO - material priors: [63, 710, 0, 4, 105, 0, 90, 0, 4, 34, 0, 94, 0, 2, 196, 0]
2026-09-09 21:11:36 - __main__ - INFO - community_type priors: [39, 901, 11, 77, 16]
2026-09-09 21:11:36 - __main__ - INFO - feature priors: [11, 34, 64, 6, 64, 0, 0, 0, 29, 10]
2026-09-09 21:11:36 - __main__ - INFO - sample_host priors: [6, 11, 0, 0, 2, 4, 4, 20, 23, 67, 45, 742, 16, 11, 16, 8, 11, 9, 4, 5, 1, 24, 4, 23]
2026-09-09 21:11:36 - __main__ - INFO - material priors: [50, 726, 0, 15, 64, 11, 30, 4, 4, 28, 18, 66, 0, 2, 202, 0]
2026-09-09 21:12:27 - __main__ - INFO - community_type priors: [71, 1048, 11, 19, 0]
2026-09-09 21:12:27 - __main__ - INFO - feature priors: [11, 0, 101, 33, 104, 2, 0, 0, 0, 10]
2026-09-09 21:12:27 - __main__ - INFO - sample_host priors: [6, 11, 0, 0, 12, 0, 0, 20, 23, 67, 45, 537, 16, 11, 0, 8, 11, 9, 4, 5, 1, 24, 0, 339]
2026-09-09 21:12:27 - __main__ - INFO - material priors: [13, 1048, 0, 11, 101, 11, 70, 4, 0, 60, 18, 34, 0, 0, 6, 0]
2026-09-09 21:13:22 - __main__ - INFO - community_type priors: [34, 885, 0, 84, 16]
2026-09-09 21:13:22 - __main__ - INFO - feature priors: [0, 34, 105, 31, 90, 2, 0, 0, 29, 0]
2026-09-09 21:13:22 - __main__ - INFO - sample_host priors: [0, 0, 0, 0, 10, 4, 4, 0, 0, 0, 0, 677, 0, 0, 16, 0, 0, 0, 0, 0, 0, 0, 4, 316]
2026-09-09 21:13:22 - __main__ - INFO - material priors: [63, 710, 0, 4, 105, 0, 90, 0, 4, 34, 0, 94, 0, 2, 196, 0]
2026-09-09 21:14:27 - __main__ - INFO - community_type priors: [39, 901, 11, 77, 16]
2026-09-09 21:14:27 - __main__ - INFO - feature priors: [11, 34, 64, 6, 64, 0, 0, 0, 29, 10]
2026-09-09 21:14:27 - __main__ - INFO - sample_host priors: [6, 11, 0, 0, 2, 4, 4, 20, 23, 67, 45, 742, 16, 11, 16, 8, 11, 9, 4, 5, 1, 24, 4, 23]
2026-09-09 21:14:27 - __main__ - INFO - material priors: [50, 726, 0, 15, 64, 11, 30, 4, 4, 28, 18, 66, 0, 2, 202, 0]
2026-09-09 21:15:02 - __main__ - INFO - community_type priors: [71, 1048, 11, 19, 0]
2026-09-09 21:15:02 - __main__ - INFO - feature priors: [11, 0, 101, 33, 104, 2, 0, 0, 0, 10]
2026-09-09 21:15:02 - __main__ - INFO - sample_host priors: [6, 11, 0, 0, 12, 0, 0, 20, 23, 67, 45, 537, 16, 11, 0, 8, 11, 9, 4, 5, 1, 24, 0, 339]
2026-09-09 21:15:02 - __main__ - INFO - material priors: [13, 1048, 0, 11, 101, 11, 70, 4, 0, 60, 18, 34, 0, 0, 6, 0]
2026-09-09 21:16:11 - __main__ - INFO - community_type priors: [34, 885, 0, 84, 16]
2026-09-09 21:16:11 - __main__ - INFO - feature priors: [0, 34, 105, 31, 90, 2, 0, 0, 29, 0]
2026-09-09 21:16:11 - __main__ - INFO - sample_host priors: [0, 0, 0, 0, 10, 4, 4, 0, 0, 0, 0, 677, 0, 0, 16, 0, 0, 0, 0, 0, 0, 0, 4, 316]
2026-09-09 21:16:11 - __main__ - INFO - material priors: [63, 710, 0, 4, 105, 0, 90, 0, 4, 34, 0, 94, 0, 2, 196, 0]
2026-09-09 21:17:05 - __main__ - INFO - community_type priors: [39, 901, 11, 77, 16]
2026-09-09 21:17:05 - __main__ - INFO - feature priors: [11, 34, 64, 6, 64, 0, 0, 0, 29, 10]
2026-09-09 21:17:05 - __main__ - INFO - sample_host priors: [6, 11, 0, 0, 2, 4, 4, 20, 23, 67, 45, 742, 16, 11, 16, 8, 11, 9, 4, 5, 1, 24, 4, 23]
2026-09-09 21:17:05 - __main__ - INFO - material priors: [50, 726, 0, 15, 64, 11, 30, 4, 4, 28, 18, 66, 0, 2, 202, 0]
2026-09-09 21:17:34 - __main__ - INFO - community_type priors: [71, 1048, 11, 19, 0]
2026-09-09 21:17:34 - __main__ - INFO - feature priors: [11, 0, 101, 33, 104, 2, 0, 0, 0, 10]
2026-09-09 21:17:34 - __main__ - INFO - sample_host priors: [6, 11, 0, 0, 12, 0, 0, 20, 23, 67, 45, 537, 16, 11, 0, 8, 11, 9, 4, 5, 1, 24, 0, 339]
2026-09-09 21:17:34 - __main__ - INFO - material priors: [13, 1048, 0, 11, 101, 11, 70, 4, 0, 60, 18, 34, 0, 0, 6, 0]
2026-09-09 21:18:31 - __main__ - INFO - community_type priors: [34, 885, 0, 84, 16]
2026-09-09 21:18:31 - __main__ - INFO - feature priors: [0, 34, 105, 31, 90, 2, 0, 0, 29, 0]
2026-09-09 21:18:31 - __main__ - INFO - sample_host priors: [0, 0, 0, 0, 10, 4, 4, 0, 0, 0, 0, 677, 0, 0, 16, 0, 0, 0, 0, 0, 0, 0, 4, 316]
2026-09-09 21:18:31 - __main__ - INFO - material priors: [63, 710, 0, 4, 105, 0, 90, 0, 4, 34, 0, 94, 0, 2, 196, 0]
2026-09-09 21:19:26 - __main__ - INFO - community_type priors: [39, 901, 11, 77, 16]
2026-09-09 21:19:26 - __main__ - INFO - feature priors: [11, 34, 64, 6, 64, 0, 0, 0, 29, 10]
2026-09-09 21:19:26 - __main__ - INFO - sample_host priors: [6, 11, 0, 0, 2, 4, 4, 20, 23, 67, 45, 742, 16, 11, 16, 8, 11, 9, 4, 5, 1, 24, 4, 23]
2026-09-09 21:19:26 - __main__ - INFO - material priors: [50, 726, 0, 15, 64, 11, 30, 4, 4, 28, 18, 66, 0, 2, 202, 0]
2026-09-09 21:19:55 - __main__ - INFO - community_type priors: [71, 1048, 11, 19, 0]
2026-09-09 21:19:55 - __main__ - INFO - feature priors: [11, 0, 101, 33, 104, 2, 0, 0, 0, 10]
2026-09-09 21:19:55 - __main__ - INFO - sample_host priors: [6, 11, 0, 0, 12, 0, 0, 20, 23, 67, 45, 537, 16, 11, 0, 8, 11, 9, 4, 5, 1, 24, 0, 339]
2026-09-09 21:19:55 - __main__ - INFO - material priors: [13, 1048, 0, 11, 101, 11, 70, 4, 0, 60, 18, 34, 0, 0, 6, 0]
2026-09-09 21:20:49 - __main__ - INFO - community_type priors: [34, 885, 0, 84, 16]
2026-09-09 21:20:49 - __main__ - INFO - feature priors: [0, 34, 105, 31, 90, 2, 0, 0, 29, 0]
2026-09-09 21:20:49 - __main__ - INFO - sample_host priors: [0, 0, 0, 0, 10, 4, 4, 0, 0, 0, 0, 677, 0, 0, 16, 0, 0, 0, 0, 0, 0, 0, 4, 316]
2026-09-09 21:20:49 - __main__ - INFO - material priors: [63, 710, 0, 4, 105, 0, 90, 0, 4, 34, 0, 94, 0, 2, 196, 0]
2026-09-09 21:21:40 - __main__ - INFO - community_type priors: [39, 901, 11, 77, 16]
2026-09-09 21:21:40 - __main__ - INFO - feature priors: [11, 34, 64, 6, 64, 0, 0, 0, 29, 10]
2026-09-09 21:21:40 - __main__ - INFO - sample_host priors: [6, 11, 0, 0, 2, 4, 4, 20, 23, 67, 45, 742, 16, 11, 16, 8, 11, 9, 4, 5, 1, 24, 4, 23]
2026-09-09 21:21:40 - __main__ - INFO - material priors: [50, 726, 0, 15, 64, 11, 30, 4, 4, 28, 18, 66, 0, 2, 202, 0]
2026-09-09 21:22:06 - __main__ - INFO - community_type priors: [71, 1048, 11, 19, 0]
2026-09-09 21:22:06 - __main__ - INFO - feature priors: [11, 0, 101, 33, 104, 2, 0, 0, 0, 10]
2026-09-09 21:22:06 - __main__ - INFO - sample_host priors: [6, 11, 0, 0, 12, 0, 0, 20, 23, 67, 45, 537, 16, 11, 0, 8, 11, 9, 4, 5, 1, 24, 0, 339]
2026-09-09 21:22:06 - __main__ - INFO - material priors: [13, 1048, 0, 11, 101, 11, 70, 4, 0, 60, 18, 34, 0, 0, 6, 0]
2026-09-09 21:23:02 - __main__ - INFO - community_type priors: [34, 885, 0, 84, 16]
2026-09-09 21:23:02 - __main__ - INFO - feature priors: [0, 34, 105, 31, 90, 2, 0, 0, 29, 0]
2026-09-09 21:23:02 - __main__ - INFO - sample_host priors: [0, 0, 0, 0, 10, 4, 4, 0, 0, 0, 0, 677, 0, 0, 16, 0, 0, 0, 0, 0, 0, 0, 4, 316]
2026-09-09 21:23:02 - __main__ - INFO - material priors: [63, 710, 0, 4, 105, 0, 90, 0, 4, 34, 0, 94, 0, 2, 196, 0]
2026-09-09 21:23:45 - __main__ - INFO - community_type priors: [39, 901, 11, 77, 16]
2026-09-09 21:23:45 - __main__ - INFO - feature priors: [11, 34, 64, 6, 64, 0, 0, 0, 29, 10]
2026-09-09 21:23:45 - __main__ - INFO - sample_host priors: [6, 11, 0, 0, 2, 4, 4, 20, 23, 67, 45, 742, 16, 11, 16, 8, 11, 9, 4, 5, 1, 24, 4, 23]
2026-09-09 21:23:45 - __main__ - INFO - material priors: [50, 726, 0, 15, 64, 11, 30, 4, 4, 28, 18, 66, 0, 2, 202, 0]
2026-09-09 21:24:32 - __main__ - INFO - community_type priors: [71, 1048, 11, 19, 0]
2026-09-09 21:24:32 - __main__ - INFO - feature priors: [11, 0, 101, 33, 104, 2, 0, 0, 0, 10]
2026-09-09 21:24:32 - __main__ - INFO - sample_host priors: [6, 11, 0, 0, 12, 0, 0, 20, 23, 67, 45, 537, 16, 11, 0, 8, 11, 9, 4, 5, 1, 24, 0, 339]
2026-09-09 21:24:32 - __main__ - INFO - material priors: [13, 1048, 0, 11, 101, 11, 70, 4, 0, 60, 18, 34, 0, 0, 6, 0]
2026-09-09 21:25:27 - __main__ - INFO - community_type priors: [34, 885, 0, 84, 16]
2026-09-09 21:25:27 - __main__ - INFO - feature priors: [0, 34, 105, 31, 90, 2, 0, 0, 29, 0]
2026-09-09 21:25:27 - __main__ - INFO - sample_host priors: [0, 0, 0, 0, 10, 4, 4, 0, 0, 0, 0, 677, 0, 0, 16, 0, 0, 0, 0, 0, 0, 0, 4, 316]
2026-09-09 21:25:27 - __main__ - INFO - material priors: [63, 710, 0, 4, 105, 0, 90, 0, 4, 34, 0, 94, 0, 2, 196, 0]
2026-09-09 21:26:18 - __main__ - INFO - community_type priors: [39, 901, 11, 77, 16]
2026-09-09 21:26:18 - __main__ - INFO - feature priors: [11, 34, 64, 6, 64, 0, 0, 0, 29, 10]
2026-09-09 21:26:18 - __main__ - INFO - sample_host priors: [6, 11, 0, 0, 2, 4, 4, 20, 23, 67, 45, 742, 16, 11, 16, 8, 11, 9, 4, 5, 1, 24, 4, 23]
2026-09-09 21:26:18 - __main__ - INFO - material priors: [50, 726, 0, 15, 64, 11, 30, 4, 4, 28, 18, 66, 0, 2, 202, 0]
2026-09-09 21:26:46 - __main__ - INFO - community_type priors: [71, 1048, 11, 19, 0]
2026-09-09 21:26:46 - __main__ - INFO - feature priors: [11, 0, 101, 33, 104, 2, 0, 0, 0, 10]
2026-09-09 21:26:46 - __main__ - INFO - sample_host priors: [6, 11, 0, 0, 12, 0, 0, 20, 23, 67, 45, 537, 16, 11, 0, 8, 11, 9, 4, 5, 1, 24, 0, 339]
2026-09-09 21:26:46 - __main__ - INFO - material priors: [13, 1048, 0, 11, 101, 11, 70, 4, 0, 60, 18, 34, 0, 0, 6, 0]
2026-09-09 21:27:41 - __main__ - INFO - community_type priors: [34, 885, 0, 84, 16]
2026-09-09 21:27:41 - __main__ - INFO - feature priors: [0, 34, 105, 31, 90, 2, 0, 0, 29, 0]
2026-09-09 21:27:41 - __main__ - INFO - sample_host priors: [0, 0, 0, 0, 10, 4, 4, 0, 0, 0, 0, 677, 0, 0, 16, 0, 0, 0, 0, 0, 0, 0, 4, 316]
2026-09-09 21:27:41 - __main__ - INFO - material priors: [63, 710, 0, 4, 105, 0, 90, 0, 4, 34, 0, 94, 0, 2, 196, 0]
2026-09-09 21:28:25 - __main__ - INFO - community_type priors: [39, 901, 11, 77, 16]
2026-09-09 21:28:25 - __main__ - INFO - feature priors: [11, 34, 64, 6, 64, 0, 0, 0, 29, 10]
2026-09-09 21:28:25 - __main__ - INFO - sample_host priors: [6, 11, 0, 0, 2, 4, 4, 20, 23, 67, 45, 742, 16, 11, 16, 8, 11, 9, 4, 5, 1, 24, 4, 23]
2026-09-09 21:28:25 - __main__ - INFO - material priors: [50, 726, 0, 15, 64, 11, 30, 4, 4, 28, 18, 66, 0, 2, 202, 0]
2026-09-09 21:28:59 - __main__ - INFO - community_type priors: [71, 1048, 11, 19, 0]
2026-09-09 21:28:59 - __main__ - INFO - feature priors: [11, 0, 101, 33, 104, 2, 0, 0, 0, 10]
2026-09-09 21:28:59 - __main__ - INFO - sample_host priors: [6, 11, 0, 0, 12, 0, 0, 20, 23, 67, 45, 537, 16, 11, 0, 8, 11, 9, 4, 5, 1, 24, 0, 339]
2026-09-09 21:28:59 - __main__ - INFO - material priors: [13, 1048, 0, 11, 101, 11, 70, 4, 0, 60, 18, 34, 0, 0, 6, 0]
2026-09-09 21:29:46 - __main__ - INFO - community_type priors: [34, 885, 0, 84, 16]
2026-09-09 21:29:46 - __main__ - INFO - feature priors: [0, 34, 105, 31, 90, 2, 0, 0, 29, 0]
2026-09-09 21:29:46 - __main__ - INFO - sample_host priors: [0, 0, 0, 0, 10, 4, 4, 0, 0, 0, 0, 677, 0, 0, 16, 0, 0, 0, 0, 0, 0, 0, 4, 316]
2026-09-09 21:29:46 - __main__ - INFO - material priors: [63, 710, 0, 4, 105, 0, 90, 0, 4, 34, 0, 94, 0, 2, 196, 0]
2026-09-09 21:31:01 - __main__ - INFO - community_type priors: [39, 901, 11, 77, 16]
2026-09-09 21:31:01 - __main__ - INFO - feature priors: [11, 34, 64, 6, 64, 0, 0, 0, 29, 10]
2026-09-09 21:31:01 - __main__ - INFO - sample_host priors: [6, 11, 0, 0, 2, 4, 4, 20, 23, 67, 45, 742, 16, 11, 16, 8, 11, 9, 4, 5, 1, 24, 4, 23]
2026-09-09 21:31:01 - __main__ - INFO - material priors: [50, 726, 0, 15, 64, 11, 30, 4, 4, 28, 18, 66, 0, 2, 202, 0]
2026-09-09 21:31:42 - __main__ - INFO - community_type priors: [71, 1048, 11, 19, 0]
2026-09-09 21:31:42 - __main__ - INFO - feature priors: [11, 0, 101, 33, 104, 2, 0, 0, 0, 10]
2026-09-09 21:31:42 - __main__ - INFO - sample_host priors: [6, 11, 0, 0, 12, 0, 0, 20, 23, 67, 45, 537, 16, 11, 0, 8, 11, 9, 4, 5, 1, 24, 0, 339]
2026-09-09 21:31:42 - __main__ - INFO - material priors: [13, 1048, 0, 11, 101, 11, 70, 4, 0, 60, 18, 34, 0, 0, 6, 0]
2026-09-09 21:32:59 - __main__ - INFO - community_type priors: [34, 885, 0, 84, 16]
2026-09-09 21:32:59 - __main__ - INFO - feature priors: [0, 34, 105, 31, 90, 2, 0, 0, 29, 0]
2026-09-09 21:32:59 - __main__ - INFO - sample_host priors: [0, 0, 0, 0, 10, 4, 4, 0, 0, 0, 0, 677, 0, 0, 16, 0, 0, 0, 0, 0, 0, 0, 4, 316]
2026-09-09 21:32:59 - __main__ - INFO - material priors: [63, 710, 0, 4, 105, 0, 90, 0, 4, 34, 0, 94, 0, 2, 196, 0]
2026-09-09 21:33:59 - __main__ - INFO - community_type priors: [39, 901, 11, 77, 16]
2026-09-09 21:33:59 - __main__ - INFO - feature priors: [11, 34, 64, 6, 64, 0, 0, 0, 29, 10]
2026-09-09 21:33:59 - __main__ - INFO - sample_host priors: [6, 11, 0, 0, 2, 4, 4, 20, 23, 67, 45, 742, 16, 11, 16, 8, 11, 9, 4, 5, 1, 24, 4, 23]
2026-09-09 21:33:59 - __main__ - INFO - material priors: [50, 726, 0, 15, 64, 11, 30, 4, 4, 28, 18, 66, 0, 2, 202, 0]
2026-09-09 21:34:37 - __main__ - INFO - community_type priors: [71, 1048, 11, 19, 0]
2026-09-09 21:34:37 - __main__ - INFO - feature priors: [11, 0, 101, 33, 104, 2, 0, 0, 0, 10]
2026-09-09 21:34:37 - __main__ - INFO - sample_host priors: [6, 11, 0, 0, 12, 0, 0, 20, 23, 67, 45, 537, 16, 11, 0, 8, 11, 9, 4, 5, 1, 24, 0, 339]
2026-09-09 21:34:37 - __main__ - INFO - material priors: [13, 1048, 0, 11, 101, 11, 70, 4, 0, 60, 18, 34, 0, 0, 6, 0]
2026-09-09 21:35:41 - __main__ - INFO - community_type priors: [34, 885, 0, 84, 16]
2026-09-09 21:35:41 - __main__ - INFO - feature priors: [0, 34, 105, 31, 90, 2, 0, 0, 29, 0]
2026-09-09 21:35:41 - __main__ - INFO - sample_host priors: [0, 0, 0, 0, 10, 4, 4, 0, 0, 0, 0, 677, 0, 0, 16, 0, 0, 0, 0, 0, 0, 0, 4, 316]
2026-09-09 21:35:41 - __main__ - INFO - material priors: [63, 710, 0, 4, 105, 0, 90, 0, 4, 34, 0, 94, 0, 2, 196, 0]
2026-09-09 21:36:32 - __main__ - INFO - community_type priors: [39, 901, 11, 77, 16]
2026-09-09 21:36:32 - __main__ - INFO - feature priors: [11, 34, 64, 6, 64, 0, 0, 0, 29, 10]
2026-09-09 21:36:32 - __main__ - INFO - sample_host priors: [6, 11, 0, 0, 2, 4, 4, 20, 23, 67, 45, 742, 16, 11, 16, 8, 11, 9, 4, 5, 1, 24, 4, 23]
2026-09-09 21:36:32 - __main__ - INFO - material priors: [50, 726, 0, 15, 64, 11, 30, 4, 4, 28, 18, 66, 0, 2, 202, 0]
2026-09-09 21:37:04 - __main__ - INFO - community_type priors: [71, 1048, 11, 19, 0]
2026-09-09 21:37:04 - __main__ - INFO - feature priors: [11, 0, 101, 33, 104, 2, 0, 0, 0, 10]
2026-09-09 21:37:04 - __main__ - INFO - sample_host priors: [6, 11, 0, 0, 12, 0, 0, 20, 23, 67, 45, 537, 16, 11, 0, 8, 11, 9, 4, 5, 1, 24, 0, 339]
2026-09-09 21:37:04 - __main__ - INFO - material priors: [13, 1048, 0, 11, 101, 11, 70, 4, 0, 60, 18, 34, 0, 0, 6, 0]
2026-09-09 21:38:08 - __main__ - INFO - Best hyperparameters (averaged over 3 folds): {'n_layers': 2, 'hidden_dim_0': 256, 'hidden_dim_1': 192, 'dropout': 0.323498293115114, 'learning_rate': 4.6424273910225056e-05, 'weight_decay': 6.998322965926765e-06, 'batch_size': 32, 'use_batch_norm': False, 'activation': 'relu', 'logit_adjust_tau': 0.3233953197973953, 'task_weight_community_type': 0.8047826977494001, 'task_weight_feature': 0.9188250924223008, 'task_weight_sample_host': 0.9679181305919675, 'task_weight_material': 1.696601700567736, 'ls_community_type': 0.016664592747224392, 'ls_feature': 0.03514576022165783, 'ls_sample_host': 0.1435284294686009, 'ls_material': 0.03248167769980223}
2026-09-09 21:38:08 - __main__ - INFO - Best CV score: 0.3454
2026-09-09 21:38:08 - __main__ - INFO - Training final model with proper train/val split...
2026-09-09 21:38:08 - __main__ - INFO - feature: 8/10 classes have training support in this fold
2026-09-09 21:38:08 - __main__ - INFO - sample_host: 22/24 classes have training support in this fold
2026-09-09 21:38:08 - __main__ - INFO - material: 13/16 classes have training support in this fold
2026-09-09 21:38:08 - __main__ - INFO - Final training split: 1802 train, 201 validation, 713 test
2026-09-09 21:38:09 - __main__ - INFO - community_type priors: [72, 1417, 11, 90, 16]
2026-09-09 21:38:09 - __main__ - INFO - feature priors: [11, 34, 135, 35, 129, 2, 0, 0, 29, 10]
2026-09-09 21:38:09 - __main__ - INFO - sample_host priors: [6, 11, 0, 0, 12, 4, 4, 20, 23, 67, 45, 978, 16, 11, 16, 8, 11, 9, 4, 5, 1, 24, 4, 339]
2026-09-09 21:38:09 - __main__ - INFO - material priors: [63, 1242, 0, 15, 135, 11, 95, 4, 4, 61, 18, 97, 0, 2, 202, 0]
2026-09-09 21:38:09 - diana.utils.checkpointing - INFO - CheckpointManager initialized: results/search_v9_multitask/cv_results/fold_2
2026-09-09 21:38:10 - diana.utils.checkpointing - INFO - Checkpoint saved: results/search_v9_multitask/cv_results/fold_2/checkpoint_epoch_1_20260909_213809.pth
2026-09-09 21:38:11 - diana.utils.checkpointing - INFO - New best model saved: results/search_v9_multitask/cv_results/fold_2/best_model.pth (val_loss: 6.4233)
2026-09-09 21:38:12 - diana.utils.checkpointing - INFO - Checkpoint saved: results/search_v9_multitask/cv_results/fold_2/checkpoint_epoch_2_20260909_213811.pth
2026-09-09 21:38:12 - diana.utils.checkpointing - INFO - New best model saved: results/search_v9_multitask/cv_results/fold_2/best_model.pth (val_loss: 5.8735)
2026-09-09 21:38:14 - diana.utils.checkpointing - INFO - Checkpoint saved: results/search_v9_multitask/cv_results/fold_2/checkpoint_epoch_3_20260909_213813.pth
2026-09-09 21:38:14 - diana.utils.checkpointing - INFO - New best model saved: results/search_v9_multitask/cv_results/fold_2/best_model.pth (val_loss: 5.6494)
2026-09-09 21:38:15 - diana.utils.checkpointing - INFO - Checkpoint saved: results/search_v9_multitask/cv_results/fold_2/checkpoint_epoch_4_20260909_213815.pth
2026-09-09 21:38:16 - diana.utils.checkpointing - INFO - New best model saved: results/search_v9_multitask/cv_results/fold_2/best_model.pth (val_loss: 5.4647)
2026-09-09 21:38:17 - diana.utils.checkpointing - INFO - Checkpoint saved: results/search_v9_multitask/cv_results/fold_2/checkpoint_epoch_5_20260909_213817.pth
2026-09-09 21:38:18 - diana.utils.checkpointing - INFO - New best model saved: results/search_v9_multitask/cv_results/fold_2/best_model.pth (val_loss: 5.2989)
2026-09-09 21:38:19 - diana.utils.checkpointing - INFO - Checkpoint saved: results/search_v9_multitask/cv_results/fold_2/checkpoint_epoch_6_20260909_213818.pth
2026-09-09 21:38:20 - diana.utils.checkpointing - INFO - New best model saved: results/search_v9_multitask/cv_results/fold_2/best_model.pth (val_loss: 5.1697)
2026-09-09 21:38:21 - diana.utils.checkpointing - INFO - Checkpoint saved: results/search_v9_multitask/cv_results/fold_2/checkpoint_epoch_7_20260909_213820.pth
2026-09-09 21:38:22 - diana.utils.checkpointing - INFO - New best model saved: results/search_v9_multitask/cv_results/fold_2/best_model.pth (val_loss: 5.0699)
2026-09-09 21:38:23 - diana.utils.checkpointing - INFO - Checkpoint saved: results/search_v9_multitask/cv_results/fold_2/checkpoint_epoch_8_20260909_213822.pth
2026-09-09 21:38:24 - diana.utils.checkpointing - INFO - New best model saved: results/search_v9_multitask/cv_results/fold_2/best_model.pth (val_loss: 4.9648)
2026-09-09 21:38:25 - diana.utils.checkpointing - INFO - Checkpoint saved: results/search_v9_multitask/cv_results/fold_2/checkpoint_epoch_9_20260909_213824.pth
2026-09-09 21:38:25 - diana.utils.checkpointing - INFO - New best model saved: results/search_v9_multitask/cv_results/fold_2/best_model.pth (val_loss: 4.8635)
2026-09-09 21:38:27 - diana.utils.checkpointing - INFO - Checkpoint saved: results/search_v9_multitask/cv_results/fold_2/checkpoint_epoch_10_20260909_213826.pth
2026-09-09 21:38:27 - diana.utils.checkpointing - INFO - New best model saved: results/search_v9_multitask/cv_results/fold_2/best_model.pth (val_loss: 4.7419)
2026-09-09 21:38:29 - diana.utils.checkpointing - INFO - Checkpoint saved: results/search_v9_multitask/cv_results/fold_2/checkpoint_epoch_11_20260909_213828.pth
2026-09-09 21:38:29 - diana.utils.checkpointing - INFO - New best model saved: results/search_v9_multitask/cv_results/fold_2/best_model.pth (val_loss: 4.6433)
2026-09-09 21:38:30 - diana.utils.checkpointing - INFO - Checkpoint saved: results/search_v9_multitask/cv_results/fold_2/checkpoint_epoch_12_20260909_213830.pth
2026-09-09 21:38:31 - diana.utils.checkpointing - INFO - New best model saved: results/search_v9_multitask/cv_results/fold_2/best_model.pth (val_loss: 4.5406)
2026-09-09 21:38:32 - diana.utils.checkpointing - INFO - Checkpoint saved: results/search_v9_multitask/cv_results/fold_2/checkpoint_epoch_13_20260909_213832.pth
2026-09-09 21:38:33 - diana.utils.checkpointing - INFO - New best model saved: results/search_v9_multitask/cv_results/fold_2/best_model.pth (val_loss: 4.4287)
2026-09-09 21:38:34 - diana.utils.checkpointing - INFO - Checkpoint saved: results/search_v9_multitask/cv_results/fold_2/checkpoint_epoch_14_20260909_213833.pth
2026-09-09 21:38:35 - diana.utils.checkpointing - INFO - New best model saved: results/search_v9_multitask/cv_results/fold_2/best_model.pth (val_loss: 4.3151)
2026-09-09 21:38:36 - diana.utils.checkpointing - INFO - Checkpoint saved: results/search_v9_multitask/cv_results/fold_2/checkpoint_epoch_15_20260909_213835.pth
2026-09-09 21:38:37 - diana.utils.checkpointing - INFO - New best model saved: results/search_v9_multitask/cv_results/fold_2/best_model.pth (val_loss: 4.2121)
2026-09-09 21:38:38 - diana.utils.checkpointing - INFO - Checkpoint saved: results/search_v9_multitask/cv_results/fold_2/checkpoint_epoch_16_20260909_213837.pth
2026-09-09 21:38:39 - diana.utils.checkpointing - INFO - New best model saved: results/search_v9_multitask/cv_results/fold_2/best_model.pth (val_loss: 4.1568)
2026-09-09 21:38:40 - diana.utils.checkpointing - INFO - Checkpoint saved: results/search_v9_multitask/cv_results/fold_2/checkpoint_epoch_17_20260909_213839.pth
2026-09-09 21:38:41 - diana.utils.checkpointing - INFO - New best model saved: results/search_v9_multitask/cv_results/fold_2/best_model.pth (val_loss: 4.0628)
2026-09-09 21:38:42 - diana.utils.checkpointing - INFO - Checkpoint saved: results/search_v9_multitask/cv_results/fold_2/checkpoint_epoch_18_20260909_213841.pth
2026-09-09 21:38:43 - diana.utils.checkpointing - INFO - New best model saved: results/search_v9_multitask/cv_results/fold_2/best_model.pth (val_loss: 3.9666)
2026-09-09 21:38:44 - diana.utils.checkpointing - INFO - Checkpoint saved: results/search_v9_multitask/cv_results/fold_2/checkpoint_epoch_19_20260909_213843.pth
2026-09-09 21:38:45 - diana.utils.checkpointing - INFO - New best model saved: results/search_v9_multitask/cv_results/fold_2/best_model.pth (val_loss: 3.8610)
2026-09-09 21:38:46 - diana.utils.checkpointing - INFO - Checkpoint saved: results/search_v9_multitask/cv_results/fold_2/checkpoint_epoch_20_20260909_213845.pth
2026-09-09 21:38:46 - diana.utils.checkpointing - INFO - New best model saved: results/search_v9_multitask/cv_results/fold_2/best_model.pth (val_loss: 3.8029)
2026-09-09 21:38:47 - __main__ - INFO - Epoch 20/200, Train Loss: 3.4287, Val Loss: 3.8029
2026-09-09 21:38:48 - diana.utils.checkpointing - INFO - Checkpoint saved: results/search_v9_multitask/cv_results/fold_2/checkpoint_epoch_21_20260909_213847.pth
2026-09-09 21:38:48 - diana.utils.checkpointing - INFO - New best model saved: results/search_v9_multitask/cv_results/fold_2/best_model.pth (val_loss: 3.7121)
2026-09-09 21:38:50 - diana.utils.checkpointing - INFO - Checkpoint saved: results/search_v9_multitask/cv_results/fold_2/checkpoint_epoch_22_20260909_213849.pth
2026-09-09 21:38:50 - diana.utils.checkpointing - INFO - New best model saved: results/search_v9_multitask/cv_results/fold_2/best_model.pth (val_loss: 3.6881)
2026-09-09 21:38:52 - diana.utils.checkpointing - INFO - Checkpoint saved: results/search_v9_multitask/cv_results/fold_2/checkpoint_epoch_23_20260909_213851.pth
2026-09-09 21:38:52 - diana.utils.checkpointing - INFO - New best model saved: results/search_v9_multitask/cv_results/fold_2/best_model.pth (val_loss: 3.6280)
2026-09-09 21:38:54 - diana.utils.checkpointing - INFO - Checkpoint saved: results/search_v9_multitask/cv_results/fold_2/checkpoint_epoch_24_20260909_213853.pth
2026-09-09 21:38:54 - diana.utils.checkpointing - INFO - New best model saved: results/search_v9_multitask/cv_results/fold_2/best_model.pth (val_loss: 3.5877)
2026-09-09 21:38:55 - diana.utils.checkpointing - INFO - Checkpoint saved: results/search_v9_multitask/cv_results/fold_2/checkpoint_epoch_25_20260909_213855.pth
2026-09-09 21:38:56 - diana.utils.checkpointing - INFO - New best model saved: results/search_v9_multitask/cv_results/fold_2/best_model.pth (val_loss: 3.5311)
2026-09-09 21:38:57 - diana.utils.checkpointing - INFO - Checkpoint saved: results/search_v9_multitask/cv_results/fold_2/checkpoint_epoch_26_20260909_213857.pth
2026-09-09 21:38:58 - diana.utils.checkpointing - INFO - New best model saved: results/search_v9_multitask/cv_results/fold_2/best_model.pth (val_loss: 3.5149)
2026-09-09 21:38:59 - diana.utils.checkpointing - INFO - Checkpoint saved: results/search_v9_multitask/cv_results/fold_2/checkpoint_epoch_27_20260909_213858.pth
2026-09-09 21:39:00 - diana.utils.checkpointing - INFO - New best model saved: results/search_v9_multitask/cv_results/fold_2/best_model.pth (val_loss: 3.4343)
2026-09-09 21:39:01 - diana.utils.checkpointing - INFO - Checkpoint saved: results/search_v9_multitask/cv_results/fold_2/checkpoint_epoch_28_20260909_213900.pth
2026-09-09 21:39:02 - diana.utils.checkpointing - INFO - New best model saved: results/search_v9_multitask/cv_results/fold_2/best_model.pth (val_loss: 3.3801)
2026-09-09 21:39:03 - diana.utils.checkpointing - INFO - Checkpoint saved: results/search_v9_multitask/cv_results/fold_2/checkpoint_epoch_29_20260909_213902.pth
2026-09-09 21:39:04 - diana.utils.checkpointing - INFO - New best model saved: results/search_v9_multitask/cv_results/fold_2/best_model.pth (val_loss: 3.3178)
2026-09-09 21:39:05 - diana.utils.checkpointing - INFO - Checkpoint saved: results/search_v9_multitask/cv_results/fold_2/checkpoint_epoch_30_20260909_213904.pth
2026-09-09 21:39:06 - diana.utils.checkpointing - INFO - New best model saved: results/search_v9_multitask/cv_results/fold_2/best_model.pth (val_loss: 3.2671)
2026-09-09 21:39:07 - diana.utils.checkpointing - INFO - Checkpoint saved: results/search_v9_multitask/cv_results/fold_2/checkpoint_epoch_31_20260909_213906.pth
2026-09-09 21:39:08 - diana.utils.checkpointing - INFO - New best model saved: results/search_v9_multitask/cv_results/fold_2/best_model.pth (val_loss: 3.2424)
2026-09-09 21:39:09 - diana.utils.checkpointing - INFO - Checkpoint saved: results/search_v9_multitask/cv_results/fold_2/checkpoint_epoch_32_20260909_213908.pth
2026-09-09 21:39:10 - diana.utils.checkpointing - INFO - New best model saved: results/search_v9_multitask/cv_results/fold_2/best_model.pth (val_loss: 3.1908)
2026-09-09 21:39:11 - diana.utils.checkpointing - INFO - Checkpoint saved: results/search_v9_multitask/cv_results/fold_2/checkpoint_epoch_33_20260909_213910.pth
2026-09-09 21:39:11 - diana.utils.checkpointing - INFO - New best model saved: results/search_v9_multitask/cv_results/fold_2/best_model.pth (val_loss: 3.1741)
2026-09-09 21:39:13 - diana.utils.checkpointing - INFO - Checkpoint saved: results/search_v9_multitask/cv_results/fold_2/checkpoint_epoch_34_20260909_213912.pth
2026-09-09 21:39:13 - diana.utils.checkpointing - INFO - New best model saved: results/search_v9_multitask/cv_results/fold_2/best_model.pth (val_loss: 3.1700)
2026-09-09 21:39:15 - diana.utils.checkpointing - INFO - Checkpoint saved: results/search_v9_multitask/cv_results/fold_2/checkpoint_epoch_35_20260909_213914.pth
2026-09-09 21:39:15 - diana.utils.checkpointing - INFO - New best model saved: results/search_v9_multitask/cv_results/fold_2/best_model.pth (val_loss: 3.0943)
2026-09-09 21:39:17 - diana.utils.checkpointing - INFO - Checkpoint saved: results/search_v9_multitask/cv_results/fold_2/checkpoint_epoch_36_20260909_213916.pth
2026-09-09 21:39:17 - diana.utils.checkpointing - INFO - New best model saved: results/search_v9_multitask/cv_results/fold_2/best_model.pth (val_loss: 3.0619)
2026-09-09 21:39:18 - diana.utils.checkpointing - INFO - Checkpoint saved: results/search_v9_multitask/cv_results/fold_2/checkpoint_epoch_37_20260909_213918.pth
2026-09-09 21:39:19 - diana.utils.checkpointing - INFO - New best model saved: results/search_v9_multitask/cv_results/fold_2/best_model.pth (val_loss: 3.0188)
2026-09-09 21:39:20 - diana.utils.checkpointing - INFO - Checkpoint saved: results/search_v9_multitask/cv_results/fold_2/checkpoint_epoch_38_20260909_213920.pth
2026-09-09 21:39:21 - diana.utils.checkpointing - INFO - New best model saved: results/search_v9_multitask/cv_results/fold_2/best_model.pth (val_loss: 2.9678)
2026-09-09 21:39:22 - diana.utils.checkpointing - INFO - Checkpoint saved: results/search_v9_multitask/cv_results/fold_2/checkpoint_epoch_39_20260909_213922.pth
2026-09-09 21:39:23 - diana.utils.checkpointing - INFO - New best model saved: results/search_v9_multitask/cv_results/fold_2/best_model.pth (val_loss: 2.9673)
2026-09-09 21:39:24 - diana.utils.checkpointing - INFO - Checkpoint saved: results/search_v9_multitask/cv_results/fold_2/checkpoint_epoch_40_20260909_213924.pth
2026-09-09 21:39:25 - diana.utils.checkpointing - INFO - New best model saved: results/search_v9_multitask/cv_results/fold_2/best_model.pth (val_loss: 2.9130)
2026-09-09 21:39:25 - __main__ - INFO - Epoch 40/200, Train Loss: 2.6021, Val Loss: 2.9130
2026-09-09 21:39:26 - diana.utils.checkpointing - INFO - Checkpoint saved: results/search_v9_multitask/cv_results/fold_2/checkpoint_epoch_41_20260909_213926.pth
2026-09-09 21:39:27 - diana.utils.checkpointing - INFO - New best model saved: results/search_v9_multitask/cv_results/fold_2/best_model.pth (val_loss: 2.9059)
2026-09-09 21:39:28 - diana.utils.checkpointing - INFO - Checkpoint saved: results/search_v9_multitask/cv_results/fold_2/checkpoint_epoch_42_20260909_213927.pth
2026-09-09 21:39:29 - diana.utils.checkpointing - INFO - New best model saved: results/search_v9_multitask/cv_results/fold_2/best_model.pth (val_loss: 2.8690)
2026-09-09 21:39:30 - diana.utils.checkpointing - INFO - Checkpoint saved: results/search_v9_multitask/cv_results/fold_2/checkpoint_epoch_43_20260909_213929.pth
2026-09-09 21:39:31 - diana.utils.checkpointing - INFO - New best model saved: results/search_v9_multitask/cv_results/fold_2/best_model.pth (val_loss: 2.8470)
2026-09-09 21:39:32 - diana.utils.checkpointing - INFO - Checkpoint saved: results/search_v9_multitask/cv_results/fold_2/checkpoint_epoch_44_20260909_213931.pth
2026-09-09 21:39:33 - diana.utils.checkpointing - INFO - New best model saved: results/search_v9_multitask/cv_results/fold_2/best_model.pth (val_loss: 2.8182)
2026-09-09 21:39:34 - diana.utils.checkpointing - INFO - Checkpoint saved: results/search_v9_multitask/cv_results/fold_2/checkpoint_epoch_45_20260909_213933.pth
2026-09-09 21:39:35 - diana.utils.checkpointing - INFO - New best model saved: results/search_v9_multitask/cv_results/fold_2/best_model.pth (val_loss: 2.7827)
2026-09-09 21:39:36 - diana.utils.checkpointing - INFO - Checkpoint saved: results/search_v9_multitask/cv_results/fold_2/checkpoint_epoch_46_20260909_213935.pth
2026-09-09 21:39:37 - diana.utils.checkpointing - INFO - Checkpoint saved: results/search_v9_multitask/cv_results/fold_2/checkpoint_epoch_47_20260909_213936.pth
2026-09-09 21:39:38 - diana.utils.checkpointing - INFO - New best model saved: results/search_v9_multitask/cv_results/fold_2/best_model.pth (val_loss: 2.7768)
2026-09-09 21:39:39 - diana.utils.checkpointing - INFO - Checkpoint saved: results/search_v9_multitask/cv_results/fold_2/checkpoint_epoch_48_20260909_213938.pth
2026-09-09 21:39:40 - diana.utils.checkpointing - INFO - New best model saved: results/search_v9_multitask/cv_results/fold_2/best_model.pth (val_loss: 2.7473)
2026-09-09 21:39:41 - diana.utils.checkpointing - INFO - Checkpoint saved: results/search_v9_multitask/cv_results/fold_2/checkpoint_epoch_49_20260909_213940.pth
2026-09-09 21:39:42 - diana.utils.checkpointing - INFO - New best model saved: results/search_v9_multitask/cv_results/fold_2/best_model.pth (val_loss: 2.7221)
2026-09-09 21:39:43 - diana.utils.checkpointing - INFO - Checkpoint saved: results/search_v9_multitask/cv_results/fold_2/checkpoint_epoch_50_20260909_213942.pth
2026-09-09 21:39:44 - diana.utils.checkpointing - INFO - New best model saved: results/search_v9_multitask/cv_results/fold_2/best_model.pth (val_loss: 2.7037)
2026-09-09 21:39:45 - diana.utils.checkpointing - INFO - Checkpoint saved: results/search_v9_multitask/cv_results/fold_2/checkpoint_epoch_51_20260909_213945.pth
2026-09-09 21:39:46 - diana.utils.checkpointing - INFO - New best model saved: results/search_v9_multitask/cv_results/fold_2/best_model.pth (val_loss: 2.6860)
2026-09-09 21:39:47 - diana.utils.checkpointing - INFO - Checkpoint saved: results/search_v9_multitask/cv_results/fold_2/checkpoint_epoch_52_20260909_213947.pth
2026-09-09 21:39:49 - diana.utils.checkpointing - INFO - Checkpoint saved: results/search_v9_multitask/cv_results/fold_2/checkpoint_epoch_53_20260909_213948.pth
2026-09-09 21:39:49 - diana.utils.checkpointing - INFO - New best model saved: results/search_v9_multitask/cv_results/fold_2/best_model.pth (val_loss: 2.6615)
2026-09-09 21:39:51 - diana.utils.checkpointing - INFO - Checkpoint saved: results/search_v9_multitask/cv_results/fold_2/checkpoint_epoch_54_20260909_213950.pth
2026-09-09 21:39:52 - diana.utils.checkpointing - INFO - Checkpoint saved: results/search_v9_multitask/cv_results/fold_2/checkpoint_epoch_55_20260909_213951.pth
2026-09-09 21:39:53 - diana.utils.checkpointing - INFO - New best model saved: results/search_v9_multitask/cv_results/fold_2/best_model.pth (val_loss: 2.6442)
2026-09-09 21:39:54 - diana.utils.checkpointing - INFO - Checkpoint saved: results/search_v9_multitask/cv_results/fold_2/checkpoint_epoch_56_20260909_213953.pth
2026-09-09 21:39:55 - diana.utils.checkpointing - INFO - New best model saved: results/search_v9_multitask/cv_results/fold_2/best_model.pth (val_loss: 2.6301)
2026-09-09 21:39:56 - diana.utils.checkpointing - INFO - Checkpoint saved: results/search_v9_multitask/cv_results/fold_2/checkpoint_epoch_57_20260909_213955.pth
2026-09-09 21:39:57 - diana.utils.checkpointing - INFO - New best model saved: results/search_v9_multitask/cv_results/fold_2/best_model.pth (val_loss: 2.6264)
2026-09-09 21:39:58 - diana.utils.checkpointing - INFO - Checkpoint saved: results/search_v9_multitask/cv_results/fold_2/checkpoint_epoch_58_20260909_213957.pth
2026-09-09 21:39:58 - diana.utils.checkpointing - INFO - New best model saved: results/search_v9_multitask/cv_results/fold_2/best_model.pth (val_loss: 2.6043)
2026-09-09 21:40:00 - diana.utils.checkpointing - INFO - Checkpoint saved: results/search_v9_multitask/cv_results/fold_2/checkpoint_epoch_59_20260909_213959.pth
2026-09-09 21:40:00 - diana.utils.checkpointing - INFO - New best model saved: results/search_v9_multitask/cv_results/fold_2/best_model.pth (val_loss: 2.5897)
2026-09-09 21:40:02 - diana.utils.checkpointing - INFO - Checkpoint saved: results/search_v9_multitask/cv_results/fold_2/checkpoint_epoch_60_20260909_214001.pth
2026-09-09 21:40:02 - diana.utils.checkpointing - INFO - New best model saved: results/search_v9_multitask/cv_results/fold_2/best_model.pth (val_loss: 2.5889)
2026-09-09 21:40:02 - __main__ - INFO - Epoch 60/200, Train Loss: 2.2334, Val Loss: 2.5889
2026-09-09 21:40:04 - diana.utils.checkpointing - INFO - Checkpoint saved: results/search_v9_multitask/cv_results/fold_2/checkpoint_epoch_61_20260909_214003.pth
2026-09-09 21:40:05 - diana.utils.checkpointing - INFO - Checkpoint saved: results/search_v9_multitask/cv_results/fold_2/checkpoint_epoch_62_20260909_214004.pth
2026-09-09 21:40:06 - diana.utils.checkpointing - INFO - New best model saved: results/search_v9_multitask/cv_results/fold_2/best_model.pth (val_loss: 2.5647)
2026-09-09 21:40:07 - diana.utils.checkpointing - INFO - Checkpoint saved: results/search_v9_multitask/cv_results/fold_2/checkpoint_epoch_63_20260909_214006.pth
2026-09-09 21:40:08 - diana.utils.checkpointing - INFO - New best model saved: results/search_v9_multitask/cv_results/fold_2/best_model.pth (val_loss: 2.5594)
2026-09-09 21:40:09 - diana.utils.checkpointing - INFO - Checkpoint saved: results/search_v9_multitask/cv_results/fold_2/checkpoint_epoch_64_20260909_214009.pth
2026-09-09 21:40:10 - diana.utils.checkpointing - INFO - New best model saved: results/search_v9_multitask/cv_results/fold_2/best_model.pth (val_loss: 2.5451)
2026-09-09 21:40:11 - diana.utils.checkpointing - INFO - Checkpoint saved: results/search_v9_multitask/cv_results/fold_2/checkpoint_epoch_65_20260909_214010.pth
2026-09-09 21:40:12 - diana.utils.checkpointing - INFO - New best model saved: results/search_v9_multitask/cv_results/fold_2/best_model.pth (val_loss: 2.5401)
2026-09-09 21:40:13 - diana.utils.checkpointing - INFO - Checkpoint saved: results/search_v9_multitask/cv_results/fold_2/checkpoint_epoch_66_20260909_214013.pth
2026-09-09 21:40:14 - diana.utils.checkpointing - INFO - New best model saved: results/search_v9_multitask/cv_results/fold_2/best_model.pth (val_loss: 2.5179)
2026-09-09 21:40:15 - diana.utils.checkpointing - INFO - Checkpoint saved: results/search_v9_multitask/cv_results/fold_2/checkpoint_epoch_67_20260909_214015.pth
2026-09-09 21:40:17 - diana.utils.checkpointing - INFO - Checkpoint saved: results/search_v9_multitask/cv_results/fold_2/checkpoint_epoch_68_20260909_214016.pth
2026-09-09 21:40:18 - diana.utils.checkpointing - INFO - Checkpoint saved: results/search_v9_multitask/cv_results/fold_2/checkpoint_epoch_69_20260909_214017.pth
2026-09-09 21:40:19 - diana.utils.checkpointing - INFO - Checkpoint saved: results/search_v9_multitask/cv_results/fold_2/checkpoint_epoch_70_20260909_214018.pth
2026-09-09 21:40:20 - diana.utils.checkpointing - INFO - New best model saved: results/search_v9_multitask/cv_results/fold_2/best_model.pth (val_loss: 2.5056)
2026-09-09 21:40:21 - diana.utils.checkpointing - INFO - Checkpoint saved: results/search_v9_multitask/cv_results/fold_2/checkpoint_epoch_71_20260909_214021.pth
2026-09-09 21:40:23 - diana.utils.checkpointing - INFO - Checkpoint saved: results/search_v9_multitask/cv_results/fold_2/checkpoint_epoch_72_20260909_214022.pth
2026-09-09 21:40:23 - diana.utils.checkpointing - INFO - New best model saved: results/search_v9_multitask/cv_results/fold_2/best_model.pth (val_loss: 2.4909)
2026-09-09 21:40:25 - diana.utils.checkpointing - INFO - Checkpoint saved: results/search_v9_multitask/cv_results/fold_2/checkpoint_epoch_73_20260909_214024.pth
2026-09-09 21:40:26 - diana.utils.checkpointing - INFO - Checkpoint saved: results/search_v9_multitask/cv_results/fold_2/checkpoint_epoch_74_20260909_214025.pth
2026-09-09 21:40:27 - diana.utils.checkpointing - INFO - New best model saved: results/search_v9_multitask/cv_results/fold_2/best_model.pth (val_loss: 2.4815)
2026-09-09 21:40:28 - diana.utils.checkpointing - INFO - Checkpoint saved: results/search_v9_multitask/cv_results/fold_2/checkpoint_epoch_75_20260909_214027.pth
2026-09-09 21:40:29 - diana.utils.checkpointing - INFO - New best model saved: results/search_v9_multitask/cv_results/fold_2/best_model.pth (val_loss: 2.4688)
2026-09-09 21:40:30 - diana.utils.checkpointing - INFO - Checkpoint saved: results/search_v9_multitask/cv_results/fold_2/checkpoint_epoch_76_20260909_214029.pth
2026-09-09 21:40:31 - diana.utils.checkpointing - INFO - Checkpoint saved: results/search_v9_multitask/cv_results/fold_2/checkpoint_epoch_77_20260909_214031.pth
2026-09-09 21:40:33 - diana.utils.checkpointing - INFO - Checkpoint saved: results/search_v9_multitask/cv_results/fold_2/checkpoint_epoch_78_20260909_214032.pth
2026-09-09 21:40:33 - diana.utils.checkpointing - INFO - New best model saved: results/search_v9_multitask/cv_results/fold_2/best_model.pth (val_loss: 2.4547)
2026-09-09 21:40:35 - diana.utils.checkpointing - INFO - Checkpoint saved: results/search_v9_multitask/cv_results/fold_2/checkpoint_epoch_79_20260909_214034.pth
2026-09-09 21:40:36 - diana.utils.checkpointing - INFO - Checkpoint saved: results/search_v9_multitask/cv_results/fold_2/checkpoint_epoch_80_20260909_214035.pth
2026-09-09 21:40:37 - diana.utils.checkpointing - INFO - New best model saved: results/search_v9_multitask/cv_results/fold_2/best_model.pth (val_loss: 2.4289)
2026-09-09 21:40:37 - __main__ - INFO - Epoch 80/200, Train Loss: 1.9899, Val Loss: 2.4289
2026-09-09 21:40:38 - diana.utils.checkpointing - INFO - Checkpoint saved: results/search_v9_multitask/cv_results/fold_2/checkpoint_epoch_81_20260909_214037.pth
2026-09-09 21:40:39 - diana.utils.checkpointing - INFO - Checkpoint saved: results/search_v9_multitask/cv_results/fold_2/checkpoint_epoch_82_20260909_214038.pth
2026-09-09 21:40:41 - diana.utils.checkpointing - INFO - Checkpoint saved: results/search_v9_multitask/cv_results/fold_2/checkpoint_epoch_83_20260909_214040.pth
2026-09-09 21:40:42 - diana.utils.checkpointing - INFO - Checkpoint saved: results/search_v9_multitask/cv_results/fold_2/checkpoint_epoch_84_20260909_214041.pth
2026-09-09 21:40:43 - diana.utils.checkpointing - INFO - Checkpoint saved: results/search_v9_multitask/cv_results/fold_2/checkpoint_epoch_85_20260909_214043.pth
2026-09-09 21:40:44 - diana.utils.checkpointing - INFO - New best model saved: results/search_v9_multitask/cv_results/fold_2/best_model.pth (val_loss: 2.4235)
2026-09-09 21:40:45 - diana.utils.checkpointing - INFO - Checkpoint saved: results/search_v9_multitask/cv_results/fold_2/checkpoint_epoch_86_20260909_214045.pth
2026-09-09 21:40:47 - diana.utils.checkpointing - INFO - Checkpoint saved: results/search_v9_multitask/cv_results/fold_2/checkpoint_epoch_87_20260909_214046.pth
2026-09-09 21:40:48 - diana.utils.checkpointing - INFO - Checkpoint saved: results/search_v9_multitask/cv_results/fold_2/checkpoint_epoch_88_20260909_214047.pth
2026-09-09 21:40:49 - diana.utils.checkpointing - INFO - Checkpoint saved: results/search_v9_multitask/cv_results/fold_2/checkpoint_epoch_89_20260909_214049.pth
2026-09-09 21:40:51 - diana.utils.checkpointing - INFO - Checkpoint saved: results/search_v9_multitask/cv_results/fold_2/checkpoint_epoch_90_20260909_214050.pth
2026-09-09 21:40:52 - diana.utils.checkpointing - INFO - Checkpoint saved: results/search_v9_multitask/cv_results/fold_2/checkpoint_epoch_91_20260909_214051.pth
2026-09-09 21:40:53 - diana.utils.checkpointing - INFO - New best model saved: results/search_v9_multitask/cv_results/fold_2/best_model.pth (val_loss: 2.3968)
2026-09-09 21:40:54 - diana.utils.checkpointing - INFO - Checkpoint saved: results/search_v9_multitask/cv_results/fold_2/checkpoint_epoch_92_20260909_214053.pth
2026-09-09 21:40:55 - diana.utils.checkpointing - INFO - Checkpoint saved: results/search_v9_multitask/cv_results/fold_2/checkpoint_epoch_93_20260909_214055.pth
2026-09-09 21:40:57 - diana.utils.checkpointing - INFO - Checkpoint saved: results/search_v9_multitask/cv_results/fold_2/checkpoint_epoch_94_20260909_214056.pth
2026-09-09 21:40:58 - diana.utils.checkpointing - INFO - Checkpoint saved: results/search_v9_multitask/cv_results/fold_2/checkpoint_epoch_95_20260909_214057.pth
2026-09-09 21:40:59 - diana.utils.checkpointing - INFO - Checkpoint saved: results/search_v9_multitask/cv_results/fold_2/checkpoint_epoch_96_20260909_214059.pth
2026-09-09 21:41:01 - diana.utils.checkpointing - INFO - Checkpoint saved: results/search_v9_multitask/cv_results/fold_2/checkpoint_epoch_97_20260909_214100.pth
2026-09-09 21:41:02 - diana.utils.checkpointing - INFO - Checkpoint saved: results/search_v9_multitask/cv_results/fold_2/checkpoint_epoch_98_20260909_214101.pth
2026-09-09 21:41:03 - diana.utils.checkpointing - INFO - Checkpoint saved: results/search_v9_multitask/cv_results/fold_2/checkpoint_epoch_99_20260909_214103.pth
2026-09-09 21:41:05 - diana.utils.checkpointing - INFO - Checkpoint saved: results/search_v9_multitask/cv_results/fold_2/checkpoint_epoch_100_20260909_214104.pth
2026-09-09 21:41:05 - diana.utils.checkpointing - INFO - New best model saved: results/search_v9_multitask/cv_results/fold_2/best_model.pth (val_loss: 2.3884)
2026-09-09 21:41:05 - __main__ - INFO - Epoch 100/200, Train Loss: 1.8763, Val Loss: 2.3884
2026-09-09 21:41:07 - diana.utils.checkpointing - INFO - Checkpoint saved: results/search_v9_multitask/cv_results/fold_2/checkpoint_epoch_101_20260909_214106.pth
2026-09-09 21:41:08 - diana.utils.checkpointing - INFO - Checkpoint saved: results/search_v9_multitask/cv_results/fold_2/checkpoint_epoch_102_20260909_214107.pth
2026-09-09 21:41:09 - diana.utils.checkpointing - INFO - Checkpoint saved: results/search_v9_multitask/cv_results/fold_2/checkpoint_epoch_103_20260909_214108.pth
2026-09-09 21:41:11 - diana.utils.checkpointing - INFO - Checkpoint saved: results/search_v9_multitask/cv_results/fold_2/checkpoint_epoch_104_20260909_214110.pth
2026-09-09 21:41:11 - diana.utils.checkpointing - INFO - New best model saved: results/search_v9_multitask/cv_results/fold_2/best_model.pth (val_loss: 2.3858)
2026-09-09 21:41:12 - diana.utils.checkpointing - INFO - Checkpoint saved: results/search_v9_multitask/cv_results/fold_2/checkpoint_epoch_105_20260909_214112.pth
2026-09-09 21:41:14 - diana.utils.checkpointing - INFO - Checkpoint saved: results/search_v9_multitask/cv_results/fold_2/checkpoint_epoch_106_20260909_214113.pth
2026-09-09 21:41:15 - diana.utils.checkpointing - INFO - Checkpoint saved: results/search_v9_multitask/cv_results/fold_2/checkpoint_epoch_107_20260909_214114.pth
2026-09-09 21:41:16 - diana.utils.checkpointing - INFO - Checkpoint saved: results/search_v9_multitask/cv_results/fold_2/checkpoint_epoch_108_20260909_214115.pth
2026-09-09 21:41:17 - diana.utils.checkpointing - INFO - New best model saved: results/search_v9_multitask/cv_results/fold_2/best_model.pth (val_loss: 2.3797)
2026-09-09 21:41:18 - diana.utils.checkpointing - INFO - Checkpoint saved: results/search_v9_multitask/cv_results/fold_2/checkpoint_epoch_109_20260909_214117.pth
2026-09-09 21:41:20 - diana.utils.checkpointing - INFO - Checkpoint saved: results/search_v9_multitask/cv_results/fold_2/checkpoint_epoch_110_20260909_214119.pth
2026-09-09 21:41:21 - diana.utils.checkpointing - INFO - Checkpoint saved: results/search_v9_multitask/cv_results/fold_2/checkpoint_epoch_111_20260909_214120.pth
2026-09-09 21:41:22 - diana.utils.checkpointing - INFO - Checkpoint saved: results/search_v9_multitask/cv_results/fold_2/checkpoint_epoch_112_20260909_214121.pth
2026-09-09 21:41:23 - diana.utils.checkpointing - INFO - Checkpoint saved: results/search_v9_multitask/cv_results/fold_2/checkpoint_epoch_113_20260909_214123.pth
2026-09-09 21:41:25 - diana.utils.checkpointing - INFO - Checkpoint saved: results/search_v9_multitask/cv_results/fold_2/checkpoint_epoch_114_20260909_214124.pth
2026-09-09 21:41:26 - diana.utils.checkpointing - INFO - Checkpoint saved: results/search_v9_multitask/cv_results/fold_2/checkpoint_epoch_115_20260909_214125.pth
2026-09-09 21:41:27 - diana.utils.checkpointing - INFO - Checkpoint saved: results/search_v9_multitask/cv_results/fold_2/checkpoint_epoch_116_20260909_214127.pth
2026-09-09 21:41:28 - diana.utils.checkpointing - INFO - Checkpoint saved: results/search_v9_multitask/cv_results/fold_2/checkpoint_epoch_117_20260909_214128.pth
2026-09-09 21:41:30 - diana.utils.checkpointing - INFO - Checkpoint saved: results/search_v9_multitask/cv_results/fold_2/checkpoint_epoch_118_20260909_214129.pth
2026-09-09 21:41:31 - diana.utils.checkpointing - INFO - Checkpoint saved: results/search_v9_multitask/cv_results/fold_2/checkpoint_epoch_119_20260909_214130.pth
2026-09-09 21:41:32 - diana.utils.checkpointing - INFO - Checkpoint saved: results/search_v9_multitask/cv_results/fold_2/checkpoint_epoch_120_20260909_214132.pth
2026-09-09 21:41:32 - __main__ - INFO - Epoch 120/200, Train Loss: 1.7923, Val Loss: 2.4053
2026-09-09 21:41:34 - diana.utils.checkpointing - INFO - Checkpoint saved: results/search_v9_multitask/cv_results/fold_2/checkpoint_epoch_121_20260909_214133.pth
2026-09-09 21:41:35 - diana.utils.checkpointing - INFO - Checkpoint saved: results/search_v9_multitask/cv_results/fold_2/checkpoint_epoch_122_20260909_214134.pth
2026-09-09 21:41:36 - diana.utils.checkpointing - INFO - Checkpoint saved: results/search_v9_multitask/cv_results/fold_2/checkpoint_epoch_123_20260909_214136.pth
2026-09-09 21:41:37 - diana.utils.checkpointing - INFO - Checkpoint saved: results/search_v9_multitask/cv_results/fold_2/checkpoint_epoch_124_20260909_214137.pth
2026-09-09 21:41:39 - diana.utils.checkpointing - INFO - Checkpoint saved: results/search_v9_multitask/cv_results/fold_2/checkpoint_epoch_125_20260909_214138.pth
2026-09-09 21:41:40 - diana.utils.checkpointing - INFO - Checkpoint saved: results/search_v9_multitask/cv_results/fold_2/checkpoint_epoch_126_20260909_214139.pth
2026-09-09 21:41:41 - diana.utils.checkpointing - INFO - Checkpoint saved: results/search_v9_multitask/cv_results/fold_2/checkpoint_epoch_127_20260909_214140.pth
2026-09-09 21:41:42 - diana.utils.checkpointing - INFO - Checkpoint saved: results/search_v9_multitask/cv_results/fold_2/checkpoint_epoch_128_20260909_214142.pth
2026-09-09 21:41:42 - __main__ - INFO - Early stopping triggered after 128 epochs (patience=20)
2026-09-09 21:41:42 - diana.utils.checkpointing - INFO - Loading checkpoint: results/search_v9_multitask/cv_results/fold_2/best_model.pth
2026-09-09 21:41:43 - __main__ - INFO - Loaded best model from epoch 108 (val_loss: 2.3797)
2026-09-09 21:41:43 - __main__ - INFO - Evaluating on held-out test set...
2026-09-09 21:41:43 - __main__ - INFO - community_type test metrics: {'n_scored': 467, 'accuracy': 0.6895074946466809, 'f1_weighted': 0.6047524183994808, 'f1_macro': 0.38254688599199693, 'balanced_accuracy': 0.4132184234438891}
2026-09-09 21:41:43 - __main__ - INFO - feature test metrics: {'n_scored': 223, 'accuracy': 0.4663677130044843, 'f1_weighted': 0.42658430067881603, 'f1_macro': 0.17643989438861235, 'balanced_accuracy': 0.2834848484848485}
2026-09-09 21:41:43 - __main__ - INFO - sample_host test metrics: {'n_scored': 467, 'accuracy': 0.8351177730192719, 'f1_weighted': 0.8607979013408978, 'f1_macro': 0.11992619926199262, 'balanced_accuracy': 0.31026252983293556}
2026-09-09 21:41:43 - __main__ - INFO - material test metrics: {'n_scored': 690, 'accuracy': 0.5434782608695652, 'f1_weighted': 0.4910022115030645, 'f1_macro': 0.2720088989211783, 'balanced_accuracy': 0.3687297680363308}
2026-09-09 21:41:43 - diana.utils.checkpointing - INFO - Final model saved: results/search_v9_multitask/cv_results/fold_2/final_model_20260909_214143.pth
2026-09-09 21:41:43 - __main__ - INFO - Final model saved to results/search_v9_multitask/cv_results/fold_2/final_model_20260909_214143.pth
2026-09-09 21:41:43 - __main__ - INFO - Results saved to results/search_v9_multitask/cv_results/fold_2/multitask_fold_2_results_20260909_172126.json
2026-09-09 21:41:43 - __main__ - INFO - ================================================================================
2026-09-09 21:41:43 - __main__ - INFO - ================================================================================
2026-09-09 21:41:43 - __main__ - INFO - === FOLD COMPLETE ===
2026-09-09 21:41:43 - __main__ - INFO - ================================================================================
2026-09-09 21:41:43 - __main__ - INFO - Results: {'community_type': {'n_scored': 467, 'accuracy': 0.6895074946466809, 'f1_weighted': 0.6047524183994808, 'f1_macro': 0.38254688599199693, 'balanced_accuracy': 0.4132184234438891}, 'feature': {'n_scored': 223, 'accuracy': 0.4663677130044843, 'f1_weighted': 0.42658430067881603, 'f1_macro': 0.17643989438861235, 'balanced_accuracy': 0.2834848484848485}, 'sample_host': {'n_scored': 467, 'accuracy': 0.8351177730192719, 'f1_weighted': 0.8607979013408978, 'f1_macro': 0.11992619926199262, 'balanced_accuracy': 0.31026252983293556}, 'material': {'n_scored': 690, 'accuracy': 0.5434782608695652, 'f1_weighted': 0.4910022115030645, 'f1_macro': 0.2720088989211783, 'balanced_accuracy': 0.3687297680363308}}
