{
  "train_loss": [
    7.174216976872197,
    3.8730318722901522,
    2.82628513707055,
    2.254780411720276,
    1.8048959926322654,
    1.8744761723059196,
    1.6261873686755146,
    1.3669018590891804,
    1.3336948978680152,
    1.2467533990188882,
    1.0574192189508014,
    1.0457970764901903,
    0.9668953507034866,
    1.031807870776565,
    1.1779098974333868,
    1.1892403761545818,
    0.9603338020819204,
    0.761008886275468,
    0.7972693123199321,
    0.9499090722313633,
    1.1306831880852029,
    1.0107190553788785,
    0.8955349613119055,
    0.9624125825034248,
    1.0754800510627252,
    0.8665752267396009,
    0.8143983582655588,
    0.7520923051569197,
    0.6602265114585558,
    0.6541344843528889,
    0.5905731342456959,
    0.8178315880122008,
    0.8846865859296587,
    0.8703823807062926,
    0.7973144959520411,
    0.7148357671168115,
    0.5581454513249574
  ],
  "val_loss": [
    4.291552126275991,
    2.9990012421383008,
    2.1642630342509155,
    1.9083029550188186,
    2.098490315501293,
    1.8708224757805503,
    1.6959111466946648,
    1.7929908571965036,
    1.2038659559859652,
    1.4077411634939114,
    1.7380352138234236,
    1.450614952896849,
    1.1943881883874794,
    1.3347408247169386,
    1.621488735919841,
    1.3103058205966216,
    1.011604111648591,
    1.1073014496682536,
    1.4388999667973241,
    1.0870966832659588,
    1.3817171926149416,
    1.2848123609914357,
    1.3920860755183864,
    1.4715609218422585,
    1.1705657481527085,
    1.1401288943759293,
    1.1270965890554314,
    1.2292953835187639,
    1.367550488747203,
    1.1614274321416016,
    1.3838762515118006,
    1.1525101311757797,
    1.665655556453114,
    1.283628818159653,
    1.4051422503319706,
    1.098631639884497,
    1.3821017833706932
  ],
  "train_acc": {
    "sample_type": [
      0.883304940374787,
      0.9314310051107325,
      0.9429301533219762,
      0.9582623509369677,
      0.9642248722316865,
      0.969335604770017,
      0.975298126064736,
      0.9799829642248722,
      0.9770017035775128,
      0.9782793867120954,
      0.9799829642248722,
      0.9833901192504259,
      0.9812606473594548,
      0.9787052810902896,
      0.9778534923339012,
      0.9740204429301533,
      0.981686541737649,
      0.9838160136286201,
      0.9838160136286201,
      0.9799829642248722,
      0.9723168654173765,
      0.9787052810902896,
      0.9770017035775128,
      0.9778534923339012,
      0.9757240204429302,
      0.979557069846678,
      0.9825383304940375,
      0.9821124361158433,
      0.9804088586030665,
      0.977427597955707,
      0.9808347529812607,
      0.9812606473594548,
      0.9791311754684838,
      0.9791311754684838,
      0.981686541737649,
      0.9808347529812607,
      0.9842419080068143
    ],
    "community_type": [
      0.6294718909710392,
      0.7661839863713799,
      0.815587734241908,
      0.8620102214650767,
      0.879045996592845,
      0.868824531516184,
      0.879045996592845,
      0.9131175468483816,
      0.9216354344122658,
      0.9348381601362862,
      0.9408006814310051,
      0.9288756388415673,
      0.9497444633730835,
      0.9497444633730835,
      0.9463373083475298,
      0.9429301533219762,
      0.9420783645655877,
      0.9603918228279387,
      0.9616695059625213,
      0.9531516183986372,
      0.9480408858603067,
      0.946763202725724,
      0.9544293015332198,
      0.9582623509369677,
      0.9531516183986372,
      0.9616695059625213,
      0.9625212947189097,
      0.9608177172061328,
      0.9684838160136287,
      0.956984667802385,
      0.9625212947189097,
      0.9659284497444633,
      0.9637989778534923,
      0.9574105621805792,
      0.9633730834752982,
      0.9603918228279387,
      0.9633730834752982
    ],
    "sample_host": [
      0.6367120954003407,
      0.8262350936967632,
      0.8743611584327087,
      0.9135434412265758,
      0.92206132879046,
      0.919931856899489,
      0.9280238500851788,
      0.9335604770017035,
      0.934412265758092,
      0.9429301533219762,
      0.9437819420783645,
      0.946763202725724,
      0.9535775127768313,
      0.942504258943782,
      0.9416524701873935,
      0.9369676320272572,
      0.954855195911414,
      0.9616695059625213,
      0.9540034071550255,
      0.9561328790459966,
      0.9476149914821125,
      0.9463373083475298,
      0.9510221465076661,
      0.954855195911414,
      0.9450596252129472,
      0.9586882453151618,
      0.959114139693356,
      0.9701873935264055,
      0.962947189097104,
      0.9633730834752982,
      0.965076660988075,
      0.9642248722316865,
      0.9518739352640545,
      0.9565587734241908,
      0.9616695059625213,
      0.9565587734241908,
      0.9663543441226575
    ],
    "material": [
      0.5570698466780238,
      0.6848381601362862,
      0.7346678023850085,
      0.795144804088586,
      0.8143100511073254,
      0.8309199318568995,
      0.8492333901192505,
      0.8773424190800682,
      0.891396933560477,
      0.8977853492333902,
      0.9024701873935264,
      0.9114139693356048,
      0.9212095400340715,
      0.9305792163543442,
      0.9135434412265758,
      0.9165247018739353,
      0.9178023850085179,
      0.9416524701873935,
      0.9510221465076661,
      0.9335604770017035,
      0.9267461669505963,
      0.9356899488926746,
      0.9437819420783645,
      0.9437819420783645,
      0.9352640545144804,
      0.9403747870528109,
      0.942504258943782,
      0.9518739352640545,
      0.9497444633730835,
      0.9497444633730835,
      0.9616695059625213,
      0.9510221465076661,
      0.9522998296422487,
      0.9493185689948893,
      0.9484667802385008,
      0.9437819420783645,
      0.952725724020443
    ]
  },
  "val_acc": {
    "sample_type": [
      0.9233716475095786,
      0.946360153256705,
      0.9616858237547893,
      0.9731800766283525,
      0.9731800766283525,
      0.9770114942528736,
      0.9846743295019157,
      0.9885057471264368,
      0.9885057471264368,
      0.9808429118773946,
      0.9885057471264368,
      0.9846743295019157,
      0.9808429118773946,
      0.9846743295019157,
      0.9808429118773946,
      0.9731800766283525,
      0.9808429118773946,
      0.9846743295019157,
      0.9846743295019157,
      0.9885057471264368,
      0.9846743295019157,
      0.9846743295019157,
      0.9846743295019157,
      0.9770114942528736,
      0.9846743295019157,
      0.9808429118773946,
      0.9846743295019157,
      0.9808429118773946,
      0.9846743295019157,
      0.9846743295019157,
      0.9846743295019157,
      0.9846743295019157,
      0.9846743295019157,
      0.9846743295019157,
      0.9885057471264368,
      0.9846743295019157,
      0.9846743295019157
    ],
    "community_type": [
      0.7701149425287356,
      0.7931034482758621,
      0.8697318007662835,
      0.842911877394636,
      0.8390804597701149,
      0.842911877394636,
      0.8773946360153256,
      0.8582375478927203,
      0.8888888888888888,
      0.896551724137931,
      0.89272030651341,
      0.8773946360153256,
      0.9003831417624522,
      0.9272030651340997,
      0.8888888888888888,
      0.9003831417624522,
      0.9310344827586207,
      0.9157088122605364,
      0.9272030651340997,
      0.896551724137931,
      0.9042145593869731,
      0.9195402298850575,
      0.8888888888888888,
      0.9195402298850575,
      0.9272030651340997,
      0.9310344827586207,
      0.9233716475095786,
      0.9195402298850575,
      0.9003831417624522,
      0.9080459770114943,
      0.9310344827586207,
      0.9157088122605364,
      0.9195402298850575,
      0.9080459770114943,
      0.9348659003831418,
      0.9118773946360154,
      0.896551724137931
    ],