cfg	fold	Run_accession	y_true	y_pred	converged
"{""C"": 0.01}"	0	ERR13950600	lake	thermokarst	True
"{""C"": 0.01}"	0	ERR13950601	lake	thermokarst	True
"{""C"": 0.01}"	0	ERR13950606	lake	lake	True
"{""C"": 0.01}"	0	ERR13950607	lake	lake	True
"{""C"": 0.01}"	0	ERR13950608	lake	lake	True
"{""C"": 0.01}"	0	ERR13950609	lake	thermokarst	True
"{""C"": 0.01}"	0	ERR13950611	lake	lake	True
"{""C"": 0.01}"	0	ERR13950612	lake	thermokarst	True
"{""C"": 0.01}"	0	ERR13950613	lake	lake	True
"{""C"": 0.01}"	0	ERR13950614	lake	thermokarst	True
"{""C"": 0.01}"	0	ERR13950615	lake	thermokarst	True
"{""C"": 0.01}"	0	ERR13950620	lake	ocean	True
"{""C"": 0.01}"	0	ERR13950621	lake	thermokarst	True
"{""C"": 0.01}"	0	ERR13950622	lake	shell	True
"{""C"": 0.01}"	0	ERR13950623	lake	shell	True
"{""C"": 0.01}"	0	ERR13950624	lake	lake	True
"{""C"": 0.01}"	0	ERR13950625	lake	lake	True
"{""C"": 0.01}"	0	ERR13950627	lake	thermokarst	True
"{""C"": 0.01}"	0	ERR13950628	lake	thermokarst	True
"{""C"": 0.01}"	0	ERR13950629	lake	lake	True
"{""C"": 0.01}"	0	ERR13950630	lake	lake	True
"{""C"": 0.01}"	0	ERR13950631	lake	lake	True
"{""C"": 0.01}"	0	ERR13950632	lake	lake	True
"{""C"": 0.01}"	0	ERR13950633	lake	lake	True
"{""C"": 0.01}"	0	ERR13950634	lake	shell	True
"{""C"": 0.01}"	0	ERR13950635	lake	shell	True
"{""C"": 0.01}"	0	ERR13950637	lake	thermokarst	True
"{""C"": 0.01}"	0	ERR13950638	lake	shell	True
"{""C"": 0.01}"	0	ERR13950639	lake	shell	True
"{""C"": 0.01}"	0	ERR13950640	lake	shell	True
"{""C"": 0.01}"	0	ERR13950641	lake	shell	True
"{""C"": 0.01}"	0	ERR13950642	lake	shell	True
"{""C"": 0.01}"	0	ERR13950643	lake	shell	True
"{""C"": 0.01}"	0	ERR13950644	lake	shell	True
"{""C"": 0.01}"	0	ERR13950646	lake	shell	True
"{""C"": 0.01}"	0	ERR13950647	lake	shell	True
"{""C"": 0.01}"	0	ERR13950648	lake	shell	True
"{""C"": 0.01}"	0	ERR13950649	lake	lake	True
"{""C"": 0.01}"	0	ERR13950650	lake	lake	True
"{""C"": 0.01}"	0	ERR13950653	lake	thermokarst	True
"{""C"": 0.01}"	0	ERR13950654	lake	thermokarst	True
"{""C"": 0.01}"	0	ERR13950655	lake	shell	True
"{""C"": 0.01}"	0	ERR13950658	lake	lake	True
"{""C"": 0.01}"	0	ERR13950659	lake	thermokarst	True
"{""C"": 0.01}"	0	ERR13950660	lake	shell	True
"{""C"": 0.01}"	0	ERR13950661	lake	thermokarst	True
"{""C"": 0.01}"	0	ERR13950662	lake	thermokarst	True
"{""C"": 0.01}"	0	ERR13950663	lake	thermokarst	True
"{""C"": 0.01}"	0	ERR13950664	lake	thermokarst	True
"{""C"": 0.01}"	0	ERR13950665	lake	thermokarst	True
"{""C"": 0.01}"	0	ERR13950666	lake	thermokarst	True
"{""C"": 0.01}"	0	ERR13950667	lake	lake	True
"{""C"": 0.01}"	0	ERR13950668	lake	thermokarst	True
"{""C"": 0.01}"	0	ERR13950669	lake	thermokarst	True
"{""C"": 0.01}"	0	ERR13950670	lake	lake	True
"{""C"": 0.01}"	0	ERR13950671	lake	shell	True
"{""C"": 0.01}"	0	ERR13950673	lake	thermokarst	True
"{""C"": 0.01}"	0	ERR13950674	lake	thermokarst	True
"{""C"": 0.01}"	0	ERR4334735	lake	lake	True
"{""C"": 0.01}"	0	ERR4334736	lake	lake	True
"{""C"": 0.01}"	0	ERR4426516	cave	midden	True
"{""C"": 0.01}"	0	ERR4426517	cave	ocean	True
"{""C"": 0.01}"	0	ERR4426518	cave	midden	True
"{""C"": 0.01}"	0	ERR4426519	cave	lake	True
"{""C"": 0.01}"	0	ERR4426520	cave	lake	True
"{""C"": 0.01}"	0	ERR4426521	cave	lake	True
"{""C"": 0.01}"	0	ERR4426522	cave	lake	True
"{""C"": 0.01}"	0	ERR4426523	cave	lake	True
"{""C"": 0.01}"	0	ERR4426524	cave	lake	True
"{""C"": 0.01}"	0	ERR4426525	cave	ocean	True
"{""C"": 0.01}"	0	ERR4426526	cave	archeological site	True
"{""C"": 0.01}"	0	ERR4426527	cave	archeological site	True
"{""C"": 0.01}"	0	ERR4426529	cave	archeological site	True
"{""C"": 0.01}"	0	ERR4426530	cave	shell	True
"{""C"": 0.01}"	0	ERR4426531	cave	shell	True
"{""C"": 0.01}"	0	ERR4426532	cave	lake	True
"{""C"": 0.01}"	0	ERR4426533	cave	lake	True
"{""C"": 0.01}"	0	ERR4426534	cave	archeological site	True
"{""C"": 0.01}"	0	ERR4426535	cave	midden	True
"{""C"": 0.01}"	0	ERR4426536	cave	lake	True
"{""C"": 0.01}"	0	ERR4426537	cave	archeological site	True
"{""C"": 0.01}"	0	ERR4426538	cave	archeological site	True
"{""C"": 0.01}"	0	ERR4426539	cave	midden	True
"{""C"": 0.01}"	0	ERR4426540	cave	shell	True
"{""C"": 0.01}"	0	ERR4426541	cave	lake	True
"{""C"": 0.01}"	0	ERR4426542	cave	shell	True
"{""C"": 0.01}"	0	ERR4426543	cave	archeological site	True
"{""C"": 0.01}"	0	ERR4426545	cave	archeological site	True
"{""C"": 0.01}"	0	ERR4426546	cave	lake	True
"{""C"": 0.01}"	0	ERR4426547	cave	lake	True
"{""C"": 0.01}"	0	ERR4426548	cave	midden	True
"{""C"": 0.01}"	0	ERR4426549	cave	archeological site	True
"{""C"": 0.01}"	0	ERR4426550	cave	archeological site	True
"{""C"": 0.01}"	0	ERR4426552	cave	midden	True
"{""C"": 0.01}"	1	ERR3761400	midden	midden	True
"{""C"": 0.01}"	1	ERR3761401	midden	midden	True
"{""C"": 0.01}"	1	ERR3761402	archeological site	midden	True
"{""C"": 0.01}"	1	ERR3761403	midden	midden	True
"{""C"": 0.01}"	1	ERR3761404	archeological site	midden	True
"{""C"": 0.01}"	1	ERR3761405	midden	ocean	True
"{""C"": 0.01}"	1	ERR3761406	archeological site	ocean	True
"{""C"": 0.01}"	1	ERR6430820	ocean	shell	True
"{""C"": 0.01}"	1	ERR6430821	ocean	shell	True
"{""C"": 0.01}"	1	ERR6430822	ocean	ocean	True
"{""C"": 0.01}"	1	ERR6430823	ocean	lake	True
"{""C"": 0.01}"	1	ERR6430825	ocean	shell	True
"{""C"": 0.01}"	1	ERR6430828	ocean	ocean	True
"{""C"": 0.01}"	1	ERR6430830	ocean	ocean	True
"{""C"": 0.01}"	1	ERR6430831	ocean	ocean	True
"{""C"": 0.01}"	1	ERR6430832	ocean	lake	True
"{""C"": 0.01}"	1	ERR6430833	ocean	ocean	True
"{""C"": 0.01}"	1	ERR6430834	ocean	ocean	True
"{""C"": 0.01}"	1	ERR6430836	ocean	ocean	True
"{""C"": 0.01}"	1	ERR6430838	ocean	ocean	True
"{""C"": 0.01}"	1	ERR6430839	ocean	ocean	True
"{""C"": 0.01}"	1	ERR6430840	ocean	ocean	True
"{""C"": 0.01}"	1	ERR6430841	ocean	ocean	True
"{""C"": 0.01}"	1	ERR6430842	ocean	ocean	True
"{""C"": 0.01}"	1	ERR6430843	ocean	ocean	True
"{""C"": 0.01}"	1	ERR6430845	ocean	ocean	True
"{""C"": 0.01}"	1	ERR6430846	ocean	ocean	True
"{""C"": 0.01}"	1	ERR6430847	ocean	ocean	True
"{""C"": 0.01}"	1	ERR6430848	ocean	ocean	True
"{""C"": 0.01}"	1	ERR6430849	ocean	lake	True
"{""C"": 0.01}"	1	ERR6430850	ocean	lake	True
"{""C"": 0.01}"	1	ERR6430851	ocean	lake	True
"{""C"": 0.01}"	1	SRR20576738	ocean	midden	True
"{""C"": 0.01}"	1	SRR20576739	ocean	midden	True
"{""C"": 0.01}"	1	SRR20576742	ocean	ocean	True
"{""C"": 0.01}"	1	SRR20576743	ocean	ocean	True
"{""C"": 0.01}"	1	SRR20576744	ocean	midden	True
"{""C"": 0.01}"	1	SRR20576745	ocean	ocean	True
"{""C"": 0.01}"	1	SRR20576746	ocean	midden	True
"{""C"": 0.01}"	1	SRR20576747	ocean	midden	True
"{""C"": 0.01}"	1	SRR20576748	ocean	midden	True
"{""C"": 0.01}"	1	SRR20576749	ocean	ocean	True
"{""C"": 0.01}"	1	SRR20576750	ocean	midden	True
"{""C"": 0.01}"	1	SRR20576751	ocean	ocean	True
"{""C"": 0.01}"	1	SRR20576752	ocean	ocean	True
"{""C"": 0.01}"	1	SRR20576754	ocean	ocean	True
"{""C"": 0.01}"	1	SRR20576755	ocean	ocean	True
"{""C"": 0.01}"	1	SRR20576756	ocean	ocean	True
"{""C"": 0.01}"	1	SRR20576757	ocean	ocean	True
"{""C"": 0.01}"	1	SRR20576758	ocean	lake	True
"{""C"": 0.01}"	1	SRR20576759	ocean	ocean	True
"{""C"": 0.01}"	1	SRR20576760	ocean	ocean	True
"{""C"": 0.01}"	1	SRR20576761	ocean	ocean	True
"{""C"": 0.01}"	1	SRR20576762	ocean	ocean	True
"{""C"": 0.01}"	1	SRR20576763	ocean	ocean	True
"{""C"": 0.01}"	1	SRR20576764	ocean	ocean	True
"{""C"": 0.01}"	1	SRR20576765	ocean	ocean	True
"{""C"": 0.01}"	1	SRR20576766	ocean	ocean	True
"{""C"": 0.01}"	1	SRR20576767	ocean	ocean	True
"{""C"": 0.01}"	1	SRR20576768	ocean	midden	True
"{""C"": 0.01}"	1	SRR20576769	ocean	midden	True
"{""C"": 0.01}"	1	SRR20576770	ocean	ocean	True
"{""C"": 0.01}"	1	SRR20576771	ocean	ocean	True
"{""C"": 0.01}"	1	SRR20576772	ocean	lake	True
"{""C"": 0.01}"	1	SRR20576773	ocean	ocean	True
"{""C"": 0.01}"	1	SRR20576774	ocean	lake	True
"{""C"": 0.01}"	1	SRR20576775	ocean	ocean	True
"{""C"": 0.01}"	1	SRR20576776	ocean	midden	True
"{""C"": 0.01}"	1	SRR20576779	ocean	midden	True
"{""C"": 0.01}"	1	SRR20576780	ocean	ocean	True
"{""C"": 0.01}"	1	SRR20576781	ocean	ocean	True
"{""C"": 0.01}"	1	SRR20576782	ocean	midden	True
"{""C"": 0.01}"	1	SRR20576783	ocean	midden	True
"{""C"": 0.01}"	1	SRR20576784	ocean	midden	True
"{""C"": 0.01}"	1	SRR20576785	ocean	ocean	True
"{""C"": 0.01}"	1	SRR20576786	ocean	midden	True
"{""C"": 0.01}"	1	SRR20576787	ocean	ocean	True
"{""C"": 0.01}"	1	SRR20576794	ocean	midden	True
"{""C"": 0.01}"	1	SRR20576795	ocean	midden	True
"{""C"": 0.01}"	1	SRR20576796	ocean	ocean	True
"{""C"": 0.01}"	1	SRR20576797	ocean	ocean	True
"{""C"": 0.01}"	1	SRR20576798	ocean	midden	True
"{""C"": 0.01}"	1	SRR20576799	ocean	ocean	True
"{""C"": 0.01}"	1	SRR20576800	ocean	ocean	True
"{""C"": 0.01}"	1	SRR20576802	ocean	midden	True
"{""C"": 0.01}"	1	SRR20576803	ocean	midden	True
"{""C"": 0.01}"	1	SRR20576805	ocean	ocean	True
"{""C"": 0.01}"	1	SRR20576807	ocean	ocean	True
"{""C"": 0.01}"	1	SRR20576808	ocean	ocean	True
"{""C"": 0.01}"	1	SRR20576809	ocean	midden	True
"{""C"": 0.01}"	1	SRR20576811	ocean	midden	True
"{""C"": 0.01}"	1	SRR20576812	ocean	ocean	True
"{""C"": 0.01}"	1	SRR20576813	ocean	ocean	True
"{""C"": 0.01}"	1	SRR20576814	ocean	ocean	True
"{""C"": 0.01}"	1	SRR20576815	ocean	ocean	True
"{""C"": 0.01}"	1	SRR20576816	ocean	midden	True
"{""C"": 0.01}"	1	SRR20576817	ocean	midden	True
"{""C"": 0.01}"	1	SRR21589119	midden	ocean	True
"{""C"": 0.01}"	1	SRR21589120	midden	shell	True
"{""C"": 0.01}"	1	SRR25620676	archeological site	ocean	True
"{""C"": 0.01}"	1	SRR25620681	archeological site	midden	True
"{""C"": 0.01}"	1	SRR25620753	archeological site	ocean	True
"{""C"": 0.01}"	1	SRR25620756	archeological site	ocean	True
"{""C"": 0.01}"	1	SRR25620780	archeological site	shell	True
"{""C"": 0.01}"	1	SRR25620786	archeological site	shell	True
"{""C"": 0.01}"	1	SRR25620790	archeological site	shell	True
"{""C"": 0.01}"	1	SRR25620795	archeological site	shell	True
"{""C"": 0.01}"	1	SRR8731956	rock shelter	shell	True
"{""C"": 0.01}"	1	SRR8731959	rock shelter	ocean	True
"{""C"": 0.01}"	2	ERR10114878	archeological site	cave	True
"{""C"": 0.01}"	2	ERR10114879	archeological site	cave	True
"{""C"": 0.01}"	2	ERR10114880	archeological site	cave	True
"{""C"": 0.01}"	2	ERR10114881	archeological site	midden	True
"{""C"": 0.01}"	2	ERR10114882	archeological site	cave	True
"{""C"": 0.01}"	2	ERR10114883	archeological site	cave	True
"{""C"": 0.01}"	2	ERR10493277	sea coast	archeological site	True
"{""C"": 0.01}"	2	ERR10493281	sea coast	archeological site	True
"{""C"": 0.01}"	2	ERR10493283	sea coast	archeological site	True
"{""C"": 0.01}"	2	ERR10493285	sea coast	archeological site	True
"{""C"": 0.01}"	2	ERR10493287	sea coast	archeological site	True
"{""C"": 0.01}"	2	ERR10493289	sea coast	midden	True
"{""C"": 0.01}"	2	ERR10493291	sea coast	archeological site	True
"{""C"": 0.01}"	2	ERR10493292	sea coast	archeological site	True
"{""C"": 0.01}"	2	ERR10493294	sea coast	archeological site	True
"{""C"": 0.01}"	2	ERR10493297	sea coast	lake	True
"{""C"": 0.01}"	2	ERR10493299	sea coast	lake	True
"{""C"": 0.01}"	2	ERR10493301	sea coast	lake	True
"{""C"": 0.01}"	2	ERR10493303	sea coast	archeological site	True
"{""C"": 0.01}"	2	ERR10493304	sea coast	archeological site	True
"{""C"": 0.01}"	2	ERR10493306	sea coast	archeological site	True
"{""C"": 0.01}"	2	ERR10493308	sea coast	midden	True
"{""C"": 0.01}"	2	ERR10493310	sea coast	midden	True
"{""C"": 0.01}"	2	ERR10493311	sea coast	archeological site	True
"{""C"": 0.01}"	2	ERR10493312	sea coast	midden	True
"{""C"": 0.01}"	2	ERR10493314	sea coast	archeological site	True
"{""C"": 0.01}"	2	ERR10493316	sea coast	archeological site	True
"{""C"": 0.01}"	2	ERR10493318	sea coast	lake	True
"{""C"": 0.01}"	2	ERR10493320	sea coast	lake	True
"{""C"": 0.01}"	2	ERR10493322	sea coast	archeological site	True
"{""C"": 0.01}"	2	ERR10493324	sea coast	midden	True
"{""C"": 0.01}"	2	ERR10493326	sea coast	archeological site	True
"{""C"": 0.01}"	2	ERR10493328	sea coast	archeological site	True
"{""C"": 0.01}"	2	ERR10493330	sea coast	lake	True
"{""C"": 0.01}"	2	ERR10493332	sea coast	midden	True
"{""C"": 0.01}"	2	ERR10493333	sea coast	lake	True
"{""C"": 0.01}"	2	ERR10493334	sea coast	midden	True
"{""C"": 0.01}"	2	ERR10493335	sea coast	midden	True
"{""C"": 0.01}"	2	ERR10493336	sea coast	midden	True
"{""C"": 0.01}"	2	ERR10493337	sea coast	lake	True
"{""C"": 0.01}"	2	ERR10493338	sea coast	midden	True
"{""C"": 0.01}"	2	ERR10493339	sea coast	midden	True
"{""C"": 0.01}"	2	ERR10493340	sea coast	midden	True
"{""C"": 0.01}"	2	ERR10493341	sea coast	archeological site	True
"{""C"": 0.01}"	2	ERR10493343	sea coast	lake	True
"{""C"": 0.01}"	2	ERR10493344	sea coast	midden	True
"{""C"": 0.01}"	2	ERR10493345	sea coast	midden	True
"{""C"": 0.01}"	2	ERR10493346	sea coast	midden	True
"{""C"": 0.01}"	2	ERR10493347	sea coast	midden	True
"{""C"": 0.01}"	2	ERR10493348	sea coast	midden	True
"{""C"": 0.01}"	2	ERR10493349	sea coast	midden	True
"{""C"": 0.01}"	2	ERR10493357	sea coast	ocean	True
"{""C"": 0.01}"	2	ERR10493358	sea coast	ocean	True
"{""C"": 0.01}"	2	ERR10493359	sea coast	ocean	True
"{""C"": 0.01}"	2	ERR10493360	sea coast	lake	True
"{""C"": 0.01}"	2	ERR10493361	sea coast	midden	True
"{""C"": 0.01}"	2	ERR10493362	sea coast	archeological site	True
"{""C"": 0.01}"	2	ERR10493363	sea coast	midden	True
"{""C"": 0.01}"	2	ERR12814413	lake	lake	True
"{""C"": 0.01}"	2	ERR12814414	lake	lake	True
"{""C"": 0.01}"	2	ERR12814415	lake	lake	True
"{""C"": 0.01}"	2	ERR12814416	lake	lake	True
"{""C"": 0.01}"	2	ERR12814417	lake	lake	True
"{""C"": 0.01}"	2	ERR12814418	lake	lake	True
"{""C"": 0.01}"	2	ERR12814419	lake	lake	True
"{""C"": 0.01}"	2	ERR12814422	lake	lake	True
"{""C"": 0.01}"	2	ERR12814423	lake	lake	True
"{""C"": 0.01}"	2	ERR12814424	lake	lake	True
"{""C"": 0.01}"	2	ERR12814425	lake	lake	True
"{""C"": 0.01}"	2	ERR12814427	lake	lake	True
"{""C"": 0.01}"	2	ERR12814428	lake	lake	True
"{""C"": 0.01}"	2	ERR12814429	lake	lake	True
"{""C"": 0.01}"	2	ERR12814430	lake	lake	True
"{""C"": 0.01}"	2	ERR12814431	lake	lake	True
"{""C"": 0.01}"	2	ERR12814432	lake	lake	True
"{""C"": 0.01}"	2	ERR12814433	lake	ocean	True
"{""C"": 0.01}"	2	ERR12814434	lake	lake	True
"{""C"": 0.01}"	2	ERR12814435	lake	lake	True
"{""C"": 0.01}"	2	ERR12814436	lake	lake	True
"{""C"": 0.01}"	2	ERR12814437	lake	lake	True
"{""C"": 0.01}"	2	ERR12814438	lake	lake	True
"{""C"": 0.01}"	2	ERR12814439	lake	lake	True
"{""C"": 0.01}"	2	ERR12814440	lake	lake	True
"{""C"": 0.01}"	2	ERR12814442	lake	lake	True
"{""C"": 0.01}"	2	ERR12814443	lake	lake	True
"{""C"": 0.01}"	2	ERR12814444	lake	lake	True
"{""C"": 0.01}"	2	ERR12814445	lake	lake	True
"{""C"": 0.01}"	2	ERR12814446	lake	lake	True
"{""C"": 0.01}"	2	ERR12814447	lake	lake	True
"{""C"": 0.01}"	2	ERR12814448	lake	lake	True
"{""C"": 0.01}"	2	ERR12814449	lake	lake	True
"{""C"": 0.01}"	2	ERR12814450	lake	lake	True
"{""C"": 0.01}"	2	ERR12814452	lake	lake	True
"{""C"": 0.01}"	2	ERR12814453	lake	lake	True
"{""C"": 0.01}"	2	ERR12814454	lake	lake	True
"{""C"": 0.01}"	2	ERR12814455	lake	lake	True
"{""C"": 0.01}"	2	ERR12814456	lake	lake	True
"{""C"": 0.01}"	2	ERR12814457	lake	lake	True
"{""C"": 0.01}"	2	ERR12814458	lake	lake	True
"{""C"": 0.01}"	2	ERR12814460	lake	lake	True
"{""C"": 0.01}"	2	ERR12814461	lake	lake	True
"{""C"": 0.01}"	2	ERR12814462	lake	lake	True
"{""C"": 0.01}"	2	ERR12814463	lake	lake	True
"{""C"": 0.01}"	2	ERR12814464	lake	lake	True
"{""C"": 0.01}"	2	ERR12814465	lake	lake	True
"{""C"": 0.01}"	2	ERR12814467	lake	lake	True
"{""C"": 0.01}"	2	ERR12814468	lake	lake	True
"{""C"": 0.01}"	2	ERR12814469	lake	lake	True
"{""C"": 0.01}"	2	ERR12814470	lake	lake	True
"{""C"": 0.01}"	2	ERR12814471	lake	lake	True
"{""C"": 0.01}"	2	ERR12814472	lake	lake	True
"{""C"": 0.01}"	2	ERR12814473	lake	lake	True
"{""C"": 0.01}"	2	ERR12814474	lake	lake	True
"{""C"": 0.01}"	2	ERR12814475	lake	lake	True
"{""C"": 0.01}"	2	ERR12814476	lake	lake	True
"{""C"": 0.01}"	2	ERR1894879	shell	midden	True
"{""C"": 0.01}"	2	ERR1894880	shell	midden	True
"{""C"": 0.01}"	2	ERR1894881	shell	lake	True
"{""C"": 0.01}"	2	ERR1894882	shell	lake	True
"{""C"": 0.01}"	2	ERR1894900	shell	lake	True
"{""C"": 0.01}"	2	ERR1894901	shell	lake	True
"{""C"": 0.01}"	2	ERR1894902	shell	lake	True
"{""C"": 0.01}"	2	ERR1894903	shell	lake	True
"{""C"": 0.01}"	2	ERR1894904	shell	archeological site	True
"{""C"": 0.01}"	2	ERR1894905	shell	lake	True
"{""C"": 0.01}"	2	ERR1894906	shell	lake	True
"{""C"": 0.01}"	2	ERR1894907	shell	lake	True
"{""C"": 0.01}"	2	ERR1894908	shell	lake	True
"{""C"": 0.01}"	2	ERR1894909	shell	lake	True
"{""C"": 0.01}"	2	ERR1894910	shell	lake	True
"{""C"": 0.01}"	2	ERR1894911	shell	lake	True
"{""C"": 0.01}"	2	ERR1894912	shell	lake	True
"{""C"": 0.01}"	2	ERR1894913	shell	lake	True
"{""C"": 0.01}"	2	ERR1894914	shell	lake	True
"{""C"": 0.01}"	2	ERR1894915	shell	lake	True
"{""C"": 0.01}"	2	ERR1894916	shell	lake	True
"{""C"": 0.01}"	2	ERR1894917	shell	lake	True
"{""C"": 0.01}"	2	ERR1894918	shell	lake	True
"{""C"": 0.01}"	2	ERR1894919	shell	lake	True
"{""C"": 0.01}"	2	ERR567364	ocean	ocean	True
"{""C"": 0.01}"	2	ERR567366	ocean	lake	True
"{""C"": 0.01}"	2	ERR9465622	lake	lake	True
"{""C"": 0.01}"	2	ERR9465623	lake	lake	True
"{""C"": 0.01}"	2	ERR9465624	lake	lake	True
"{""C"": 0.01}"	2	ERR9465625	lake	lake	True
"{""C"": 0.01}"	2	ERR9465626	lake	lake	True
"{""C"": 0.01}"	2	ERR9465627	lake	lake	True
"{""C"": 0.01}"	2	ERR9465628	lake	lake	True
"{""C"": 0.01}"	2	ERR9465629	lake	lake	True
"{""C"": 0.01}"	2	ERR9465630	lake	lake	True
"{""C"": 0.01}"	2	ERR9465631	lake	lake	True
"{""C"": 0.01}"	2	ERR9465632	lake	midden	True
"{""C"": 0.01}"	2	SRR32023812	ocean	midden	True
"{""C"": 0.01}"	2	SRR32023817	ocean	archeological site	True
"{""C"": 0.01}"	2	SRR32023818	ocean	archeological site	True
"{""C"": 0.01}"	2	SRR32023819	ocean	archeological site	True
"{""C"": 0.01}"	2	SRR32023820	ocean	archeological site	True
"{""C"": 0.01}"	2	SRR32023821	ocean	archeological site	True
"{""C"": 0.01}"	2	SRR32023822	ocean	archeological site	True
"{""C"": 0.01}"	2	SRR32023823	ocean	archeological site	True
"{""C"": 0.01}"	2	SRR32023824	ocean	archeological site	True
"{""C"": 0.01}"	2	SRR32023825	ocean	archeological site	True
"{""C"": 0.01}"	2	SRR32023826	ocean	archeological site	True
"{""C"": 0.01}"	2	SRR32023827	ocean	archeological site	True
"{""C"": 0.01}"	2	SRR32023828	ocean	archeological site	True
"{""C"": 0.01}"	2	SRR32023829	ocean	archeological site	True
"{""C"": 0.01}"	2	SRR32023830	ocean	archeological site	True
"{""C"": 0.01}"	2	SRR32023831	ocean	ocean	True
"{""C"": 0.01}"	2	SRR32023832	ocean	archeological site	True
"{""C"": 0.01}"	2	SRR32023833	ocean	archeological site	True
"{""C"": 0.01}"	2	SRR32023835	ocean	archeological site	True
"{""C"": 0.01}"	2	SRR32023836	ocean	archeological site	True
"{""C"": 0.01}"	2	SRR32023837	ocean	archeological site	True
"{""C"": 0.01}"	2	SRR32023838	ocean	archeological site	True
"{""C"": 0.01}"	2	SRR32023839	ocean	archeological site	True
"{""C"": 0.01}"	2	SRR32023840	ocean	archeological site	True
"{""C"": 0.01}"	2	SRR32023841	ocean	archeological site	True
"{""C"": 0.01}"	2	SRR32023842	ocean	archeological site	True
"{""C"": 0.01}"	2	SRR32023845	ocean	archeological site	True
"{""C"": 0.01}"	2	SRR32023846	ocean	archeological site	True
"{""C"": 0.01}"	2	SRR32023847	ocean	archeological site	True
"{""C"": 0.01}"	2	SRR32023848	ocean	archeological site	True
"{""C"": 0.01}"	2	SRR32023849	ocean	archeological site	True
"{""C"": 0.01}"	2	SRR32023851	ocean	archeological site	True
"{""C"": 0.01}"	2	SRR32023854	ocean	archeological site	True
"{""C"": 0.01}"	2	SRR32023855	ocean	archeological site	True
"{""C"": 0.01}"	2	SRR32023858	ocean	archeological site	True
"{""C"": 0.01}"	2	SRR32023859	ocean	archeological site	True
"{""C"": 0.01}"	2	SRR32023860	ocean	archeological site	True
"{""C"": 0.01}"	2	SRR32023861	ocean	archeological site	True
"{""C"": 0.01}"	2	SRR32023864	ocean	archeological site	True
"{""C"": 0.01}"	2	SRR32023865	ocean	archeological site	True
"{""C"": 0.01}"	2	SRR32023867	ocean	archeological site	True
"{""C"": 0.01}"	2	SRR32023868	ocean	ocean	True
"{""C"": 0.01}"	2	SRR32023870	ocean	archeological site	True
"{""C"": 0.01}"	2	SRR32023871	ocean	archeological site	True
"{""C"": 0.01}"	2	SRR32023872	ocean	archeological site	True
"{""C"": 0.01}"	2	SRR32023873	ocean	archeological site	True
"{""C"": 0.01}"	2	SRR32023874	ocean	archeological site	True
"{""C"": 0.01}"	2	SRR32023875	ocean	archeological site	True
"{""C"": 0.01}"	2	SRR7774469	midden	archeological site	True
"{""C"": 0.01}"	2	SRR7774470	midden	archeological site	True
"{""C"": 0.01}"	2	SRR7774471	midden	archeological site	True
"{""C"": 0.01}"	2	SRR7774472	midden	archeological site	True
"{""C"": 0.01}"	2	SRR7774473	midden	archeological site	True
"{""C"": 0.01}"	2	SRR7774474	midden	archeological site	True
"{""C"": 0.01}"	2	SRR7774475	midden	archeological site	True
"{""C"": 0.01}"	2	SRR7774476	midden	archeological site	True
"{""C"": 0.01}"	2	SRR7774477	midden	archeological site	True
"{""C"": 0.01}"	2	SRR7774478	midden	midden	True
"{""C"": 0.01}"	2	SRR7774479	midden	archeological site	True
"{""C"": 0.01}"	2	SRR8652706	lake	ocean	True
"{""C"": 0.01}"	2	SRR8652707	lake	ocean	True
"{""C"": 0.01}"	2	SRR8652708	lake	ocean	True
"{""C"": 0.01}"	2	SRR8652709	lake	lake	True
"{""C"": 0.01}"	2	SRR8652710	lake	ocean	True
"{""C"": 0.01}"	2	SRR8652711	lake	ocean	True
"{""C"": 0.01}"	2	SRR8652712	lake	lake	True
"{""C"": 0.01}"	2	SRR8652713	lake	midden	True
"{""C"": 0.01}"	2	SRR8652714	lake	midden	True
"{""C"": 0.01}"	2	SRR8652715	lake	swamp forest	True
"{""C"": 0.01}"	2	SRR8652716	lake	midden	True
"{""C"": 0.01}"	2	SRR8652717	lake	midden	True
"{""C"": 0.01}"	3	ERR1560012	lake	lake	True
"{""C"": 0.01}"	3	ERR1560013	lake	lake	True
"{""C"": 0.01}"	3	ERR1560014	lake	lake	True
"{""C"": 0.01}"	3	ERR1560015	lake	lake	True
"{""C"": 0.01}"	3	ERR1560016	lake	lake	True
"{""C"": 0.01}"	3	ERR1560017	lake	lake	True
"{""C"": 0.01}"	3	ERR1560018	lake	shell	True
"{""C"": 0.01}"	3	ERR1560019	lake	shell	True
"{""C"": 0.01}"	3	ERR1560020	lake	lake	True
"{""C"": 0.01}"	3	ERR1560021	lake	lake	True
"{""C"": 0.01}"	3	ERR1560022	lake	shell	True
"{""C"": 0.01}"	3	ERR1560023	lake	shell	True
"{""C"": 0.01}"	3	ERR1560024	lake	shell	True
"{""C"": 0.01}"	3	ERR1560025	lake	shell	True
"{""C"": 0.01}"	3	ERR1560093	lake	lake	True
"{""C"": 0.01}"	3	ERR1560094	lake	lake	True
"{""C"": 0.01}"	3	ERR1560095	lake	lake	True
"{""C"": 0.01}"	3	ERR1560096	lake	ocean	True
"{""C"": 0.01}"	3	ERR1560097	lake	shell	True
"{""C"": 0.01}"	3	ERR1560098	lake	sea coast	True
"{""C"": 0.01}"	3	ERR1560099	lake	shell	True
"{""C"": 0.01}"	3	ERR1560100	lake	sea coast	True
"{""C"": 0.01}"	3	ERR1560101	lake	shell	True
"{""C"": 0.01}"	3	ERR1560102	lake	ocean	True
"{""C"": 0.01}"	3	ERR1560103	lake	lake	True
"{""C"": 0.01}"	3	ERR1560104	lake	sea coast	True
"{""C"": 0.01}"	3	ERR1560105	lake	lake	True
"{""C"": 0.01}"	3	ERR1560106	lake	lake	True
"{""C"": 0.01}"	3	ERR1560107	lake	lake	True
"{""C"": 0.01}"	3	ERR1560108	lake	lake	True
"{""C"": 0.01}"	3	ERR1560109	lake	lake	True
"{""C"": 0.01}"	3	ERR1560110	lake	lake	True
"{""C"": 0.01}"	3	ERR1688747	midden	ocean	True
"{""C"": 0.01}"	3	ERR1688749	midden	ocean	True
"{""C"": 0.01}"	3	ERR1688750	midden	ocean	True
"{""C"": 0.01}"	3	ERR1688752	midden	ocean	True
"{""C"": 0.01}"	3	ERR1688754	midden	ocean	True
"{""C"": 0.01}"	3	ERR1688756	midden	ocean	True
"{""C"": 0.01}"	3	ERR1688758	midden	sea coast	True
"{""C"": 0.01}"	3	ERR1688760	midden	ocean	True
"{""C"": 0.01}"	3	ERR1688761	midden	ocean	True
"{""C"": 0.01}"	3	ERR1688762	midden	ocean	True
"{""C"": 0.01}"	3	ERR1688764	midden	ocean	True
"{""C"": 0.01}"	3	ERR1688765	midden	ocean	True
"{""C"": 0.01}"	3	ERR1688768	midden	ocean	True
"{""C"": 0.01}"	3	ERR1688769	midden	ocean	True
"{""C"": 0.01}"	3	ERR1688771	midden	ocean	True
"{""C"": 0.01}"	3	ERR1688772	midden	ocean	True
"{""C"": 0.01}"	3	ERR1688775	midden	ocean	True
"{""C"": 0.01}"	3	ERR1688778	midden	ocean	True
"{""C"": 0.01}"	3	ERR1688780	midden	ocean	True
"{""C"": 0.01}"	3	ERR1688782	midden	ocean	True
"{""C"": 0.01}"	3	ERR1688785	midden	ocean	True
"{""C"": 0.01}"	3	ERR1688788	midden	ocean	True
"{""C"": 0.01}"	3	ERR1688789	midden	ocean	True
"{""C"": 0.01}"	3	ERR1688797	midden	ocean	True
"{""C"": 0.01}"	3	ERR1688799	midden	sea coast	True
"{""C"": 0.01}"	3	ERR1688803	midden	sea coast	True
"{""C"": 0.01}"	3	ERR1688804	midden	sea coast	True
"{""C"": 0.01}"	3	ERR1688808	midden	ocean	True
"{""C"": 0.01}"	3	ERR1688810	midden	ocean	True
"{""C"": 0.01}"	3	ERR3458787	ocean	ocean	True
"{""C"": 0.01}"	3	ERR3458788	ocean	ocean	True
"{""C"": 0.01}"	3	ERR3458789	ocean	ocean	True
"{""C"": 0.01}"	3	ERR3458790	ocean	ocean	True
"{""C"": 0.01}"	3	ERR3458791	ocean	ocean	True
"{""C"": 0.01}"	3	ERR3458792	ocean	ocean	True
"{""C"": 0.01}"	3	ERR3459717	ocean	ocean	True
"{""C"": 0.01}"	3	ERR3459718	ocean	ocean	True
"{""C"": 0.01}"	3	ERR3459719	ocean	ocean	True
"{""C"": 0.01}"	3	ERR3459720	ocean	sea coast	True
"{""C"": 0.01}"	3	ERR3459721	ocean	ocean	True
"{""C"": 0.01}"	3	ERR3459722	ocean	ocean	True
"{""C"": 0.01}"	3	ERR3459723	ocean	sea coast	True
"{""C"": 0.01}"	3	ERR3459724	ocean	sea coast	True
"{""C"": 0.01}"	3	ERR3459725	ocean	ocean	True
"{""C"": 0.01}"	3	ERR3459726	ocean	ocean	True
"{""C"": 0.01}"	3	ERR3459727	ocean	lake	True
"{""C"": 0.01}"	3	ERR3459728	ocean	lake	True
"{""C"": 0.01}"	3	ERR3459729	ocean	ocean	True
"{""C"": 0.01}"	3	ERR3459730	ocean	ocean	True
"{""C"": 0.01}"	3	ERR3459731	ocean	lake	True
"{""C"": 0.01}"	3	ERR3459732	ocean	midden	True
"{""C"": 0.01}"	3	ERR3459733	ocean	ocean	True
"{""C"": 0.01}"	3	ERR3459734	ocean	ocean	True
"{""C"": 0.01}"	3	ERR3459735	ocean	lake	True
"{""C"": 0.01}"	3	ERR3459736	ocean	lake	True
"{""C"": 0.01}"	3	ERR3459737	ocean	ocean	True
"{""C"": 0.01}"	3	ERR3459738	ocean	ocean	True
"{""C"": 0.01}"	3	ERR3459739	ocean	ocean	True
"{""C"": 0.01}"	3	ERR3459740	ocean	ocean	True
"{""C"": 0.01}"	3	ERR3459741	ocean	ocean	True
"{""C"": 0.01}"	3	ERR3459742	ocean	ocean	True
"{""C"": 0.01}"	3	ERR3459743	ocean	ocean	True
"{""C"": 0.01}"	3	ERR3459744	ocean	ocean	True
"{""C"": 0.01}"	3	ERR3772645	lake	lake	True
"{""C"": 0.01}"	3	ERR3804374	lake	lake	True
"{""C"": 0.01}"	3	ERR3804375	lake	lake	True
"{""C"": 0.01}"	3	ERR9690357	thermokarst	lake	True
"{""C"": 0.01}"	3	ERR9690358	thermokarst	shell	True
"{""C"": 0.01}"	3	ERR9690359	thermokarst	lake	True
"{""C"": 0.01}"	3	ERR9690360	thermokarst	lake	True
"{""C"": 0.01}"	3	ERR9690361	thermokarst	shell	True
"{""C"": 0.01}"	3	ERR9690362	thermokarst	lake	True
"{""C"": 0.01}"	3	ERR9690363	thermokarst	lake	True
"{""C"": 0.01}"	3	ERR9690364	thermokarst	lake	True
"{""C"": 0.01}"	3	ERR9690365	thermokarst	lake	True
"{""C"": 0.01}"	3	ERR9690366	thermokarst	lake	True
"{""C"": 0.01}"	3	SRR10156707	swamp forest	lake	True
"{""C"": 0.01}"	3	SRR10156708	swamp forest	lake	True
"{""C"": 0.01}"	3	SRR10156709	swamp forest	ocean	True
"{""C"": 0.01}"	3	SRR10156710	swamp forest	ocean	True
"{""C"": 0.01}"	3	SRR10156713	swamp forest	ocean	True
"{""C"": 0.01}"	3	SRR10156724	swamp forest	ocean	True
"{""C"": 0.01}"	3	SRR10156735	swamp forest	ocean	True
"{""C"": 0.01}"	3	SRR10156737	swamp forest	ocean	True
"{""C"": 0.01}"	3	SRR10156738	swamp forest	ocean	True
"{""C"": 0.01}"	3	SRR10156739	swamp forest	ocean	True
"{""C"": 0.01}"	3	SRR10156740	swamp forest	lake	True
"{""C"": 0.01}"	3	SRR10156741	swamp forest	lake	True
"{""C"": 0.01}"	3	SRR10156742	swamp forest	ocean	True
"{""C"": 0.01}"	3	SRR10156743	swamp forest	ocean	True
"{""C"": 0.01}"	3	SRR10156744	swamp forest	ocean	True
"{""C"": 0.01}"	3	SRR10156745	swamp forest	lake	True
"{""C"": 0.01}"	3	SRR10156746	swamp forest	lake	True
"{""C"": 0.01}"	3	SRR10156747	swamp forest	ocean	True
"{""C"": 0.01}"	3	SRR10156748	swamp forest	ocean	True
"{""C"": 0.01}"	3	SRR10156749	swamp forest	ocean	True
"{""C"": 0.01}"	3	SRR10156750	swamp forest	lake	True
"{""C"": 0.01}"	3	SRR10156751	swamp forest	lake	True
"{""C"": 0.01}"	3	SRR10156752	swamp forest	lake	True
"{""C"": 0.01}"	3	SRR10156753	swamp forest	lake	True
"{""C"": 0.01}"	3	SRR10156754	swamp forest	ocean	True
"{""C"": 0.01}"	3	SRR10156755	swamp forest	ocean	True
"{""C"": 0.01}"	3	SRR10156756	swamp forest	ocean	True
"{""C"": 0.01}"	3	SRR10156757	swamp forest	lake	True
"{""C"": 0.01}"	3	SRR10156758	swamp forest	ocean	True
"{""C"": 0.01}"	4	SRR16071515	ocean	ocean	True
"{""C"": 0.01}"	4	SRR16071516	ocean	ocean	True
"{""C"": 0.01}"	4	SRR16071517	ocean	ocean	True
"{""C"": 0.01}"	4	SRR16071520	ocean	ocean	True
"{""C"": 0.01}"	4	SRR16071521	ocean	ocean	True
"{""C"": 0.01}"	4	SRR24222601	lake	ocean	True
"{""C"": 0.01}"	4	SRR24222602	lake	midden	True
"{""C"": 0.01}"	4	SRR24222603	lake	ocean	True
"{""C"": 0.01}"	4	SRR24222604	lake	midden	True
"{""C"": 0.01}"	4	SRR24222605	lake	midden	True
"{""C"": 0.01}"	4	SRR24222606	lake	midden	True
"{""C"": 0.01}"	4	SRR24222607	lake	ocean	True
"{""C"": 0.01}"	4	SRR24222608	lake	midden	True
"{""C"": 0.01}"	4	SRR24222609	lake	midden	True
"{""C"": 0.01}"	4	SRR24222610	lake	midden	True
"{""C"": 0.01}"	4	SRR24222612	lake	midden	True
"{""C"": 0.01}"	4	SRR24222613	lake	ocean	True
"{""C"": 0.01}"	4	SRR24222614	lake	ocean	True
"{""C"": 0.01}"	4	SRR24222615	lake	ocean	True
"{""C"": 0.01}"	4	SRR24222616	lake	ocean	True
"{""C"": 0.01}"	4	SRR24222617	lake	ocean	True
"{""C"": 0.01}"	4	SRR24222618	lake	ocean	True
"{""C"": 0.01}"	4	SRR24222619	lake	ocean	True
"{""C"": 0.01}"	4	SRR24222620	lake	midden	True
"{""C"": 0.01}"	4	SRR24222621	lake	ocean	True
"{""C"": 0.01}"	4	SRR24222623	lake	ocean	True
"{""C"": 0.01}"	4	SRR24222624	lake	ocean	True
"{""C"": 0.01}"	4	SRR24222625	lake	ocean	True
"{""C"": 0.01}"	4	SRR24222626	lake	ocean	True
"{""C"": 0.01}"	4	SRR24222627	lake	ocean	True
"{""C"": 0.01}"	4	SRR24222628	lake	ocean	True
"{""C"": 0.01}"	4	SRR24222629	lake	ocean	True
"{""C"": 0.01}"	4	SRR24222630	lake	ocean	True
"{""C"": 0.01}"	4	SRR24222631	lake	midden	True
"{""C"": 0.01}"	4	SRR24222632	lake	ocean	True
"{""C"": 0.01}"	4	SRR5332455	lake	shell	True
"{""C"": 0.01}"	4	SRR5332456	lake	shell	True
"{""C"": 0.01}"	4	SRR5332457	lake	midden	True
"{""C"": 0.01}"	4	SRR5332458	lake	midden	True
"{""C"": 0.01}"	4	SRR5332459	lake	lake	True
"{""C"": 0.01}"	4	SRR5332461	lake	shell	True
"{""C"": 0.01}"	4	SRR5332462	lake	midden	True
"{""C"": 0.01}"	4	SRR5332463	lake	shell	True
"{""C"": 0.01}"	4	SRR5332464	lake	midden	True
"{""C"": 0.01}"	4	SRR5332466	lake	midden	True
"{""C"": 0.1}"	0	ERR13950600	lake	thermokarst	True
"{""C"": 0.1}"	0	ERR13950601	lake	thermokarst	True
"{""C"": 0.1}"	0	ERR13950606	lake	lake	True
"{""C"": 0.1}"	0	ERR13950607	lake	lake	True
"{""C"": 0.1}"	0	ERR13950608	lake	lake	True
"{""C"": 0.1}"	0	ERR13950609	lake	thermokarst	True
"{""C"": 0.1}"	0	ERR13950611	lake	lake	True
"{""C"": 0.1}"	0	ERR13950612	lake	thermokarst	True
"{""C"": 0.1}"	0	ERR13950613	lake	thermokarst	True
"{""C"": 0.1}"	0	ERR13950614	lake	thermokarst	True
"{""C"": 0.1}"	0	ERR13950615	lake	lake	True
"{""C"": 0.1}"	0	ERR13950620	lake	ocean	True
"{""C"": 0.1}"	0	ERR13950621	lake	thermokarst	True
"{""C"": 0.1}"	0	ERR13950622	lake	thermokarst	True
"{""C"": 0.1}"	0	ERR13950623	lake	thermokarst	True
"{""C"": 0.1}"	0	ERR13950624	lake	lake	True
"{""C"": 0.1}"	0	ERR13950625	lake	lake	True
"{""C"": 0.1}"	0	ERR13950627	lake	thermokarst	True
"{""C"": 0.1}"	0	ERR13950628	lake	thermokarst	True
"{""C"": 0.1}"	0	ERR13950629	lake	lake	True
"{""C"": 0.1}"	0	ERR13950630	lake	lake	True
"{""C"": 0.1}"	0	ERR13950631	lake	lake	True
"{""C"": 0.1}"	0	ERR13950632	lake	lake	True
"{""C"": 0.1}"	0	ERR13950633	lake	lake	True
"{""C"": 0.1}"	0	ERR13950634	lake	thermokarst	True
"{""C"": 0.1}"	0	ERR13950635	lake	lake	True
"{""C"": 0.1}"	0	ERR13950637	lake	thermokarst	True
"{""C"": 0.1}"	0	ERR13950638	lake	shell	True
"{""C"": 0.1}"	0	ERR13950639	lake	shell	True
"{""C"": 0.1}"	0	ERR13950640	lake	thermokarst	True
"{""C"": 0.1}"	0	ERR13950641	lake	shell	True
"{""C"": 0.1}"	0	ERR13950642	lake	shell	True
"{""C"": 0.1}"	0	ERR13950643	lake	thermokarst	True
"{""C"": 0.1}"	0	ERR13950644	lake	shell	True
"{""C"": 0.1}"	0	ERR13950646	lake	shell	True
"{""C"": 0.1}"	0	ERR13950647	lake	thermokarst	True
"{""C"": 0.1}"	0	ERR13950648	lake	shell	True
"{""C"": 0.1}"	0	ERR13950649	lake	lake	True
"{""C"": 0.1}"	0	ERR13950650	lake	lake	True
"{""C"": 0.1}"	0	ERR13950653	lake	thermokarst	True
"{""C"": 0.1}"	0	ERR13950654	lake	thermokarst	True
"{""C"": 0.1}"	0	ERR13950655	lake	ocean	True
"{""C"": 0.1}"	0	ERR13950658	lake	lake	True
"{""C"": 0.1}"	0	ERR13950659	lake	thermokarst	True
"{""C"": 0.1}"	0	ERR13950660	lake	thermokarst	True
"{""C"": 0.1}"	0	ERR13950661	lake	thermokarst	True
"{""C"": 0.1}"	0	ERR13950662	lake	thermokarst	True
"{""C"": 0.1}"	0	ERR13950663	lake	thermokarst	True
"{""C"": 0.1}"	0	ERR13950664	lake	thermokarst	True
"{""C"": 0.1}"	0	ERR13950665	lake	thermokarst	True
"{""C"": 0.1}"	0	ERR13950666	lake	thermokarst	True
"{""C"": 0.1}"	0	ERR13950667	lake	lake	True
"{""C"": 0.1}"	0	ERR13950668	lake	thermokarst	True
"{""C"": 0.1}"	0	ERR13950669	lake	thermokarst	True
"{""C"": 0.1}"	0	ERR13950670	lake	lake	True
"{""C"": 0.1}"	0	ERR13950671	lake	shell	True
"{""C"": 0.1}"	0	ERR13950673	lake	thermokarst	True
"{""C"": 0.1}"	0	ERR13950674	lake	thermokarst	True
"{""C"": 0.1}"	0	ERR4334735	lake	lake	True
"{""C"": 0.1}"	0	ERR4334736	lake	lake	True
"{""C"": 0.1}"	0	ERR4426516	cave	ocean	True
"{""C"": 0.1}"	0	ERR4426517	cave	ocean	True
"{""C"": 0.1}"	0	ERR4426518	cave	midden	True
"{""C"": 0.1}"	0	ERR4426519	cave	lake	True
"{""C"": 0.1}"	0	ERR4426520	cave	lake	True
"{""C"": 0.1}"	0	ERR4426521	cave	lake	True
"{""C"": 0.1}"	0	ERR4426522	cave	lake	True
"{""C"": 0.1}"	0	ERR4426523	cave	lake	True
"{""C"": 0.1}"	0	ERR4426524	cave	lake	True
"{""C"": 0.1}"	0	ERR4426525	cave	ocean	True
"{""C"": 0.1}"	0	ERR4426526	cave	archeological site	True
"{""C"": 0.1}"	0	ERR4426527	cave	archeological site	True
"{""C"": 0.1}"	0	ERR4426529	cave	archeological site	True
"{""C"": 0.1}"	0	ERR4426530	cave	shell	True
"{""C"": 0.1}"	0	ERR4426531	cave	shell	True
"{""C"": 0.1}"	0	ERR4426532	cave	lake	True
"{""C"": 0.1}"	0	ERR4426533	cave	lake	True
"{""C"": 0.1}"	0	ERR4426534	cave	archeological site	True
"{""C"": 0.1}"	0	ERR4426535	cave	midden	True
"{""C"": 0.1}"	0	ERR4426536	cave	lake	True
"{""C"": 0.1}"	0	ERR4426537	cave	archeological site	True
"{""C"": 0.1}"	0	ERR4426538	cave	archeological site	True
"{""C"": 0.1}"	0	ERR4426539	cave	midden	True
"{""C"": 0.1}"	0	ERR4426540	cave	shell	True
"{""C"": 0.1}"	0	ERR4426541	cave	lake	True
"{""C"": 0.1}"	0	ERR4426542	cave	shell	True
"{""C"": 0.1}"	0	ERR4426543	cave	archeological site	True
"{""C"": 0.1}"	0	ERR4426545	cave	archeological site	True
"{""C"": 0.1}"	0	ERR4426546	cave	lake	True
"{""C"": 0.1}"	0	ERR4426547	cave	lake	True
"{""C"": 0.1}"	0	ERR4426548	cave	midden	True
"{""C"": 0.1}"	0	ERR4426549	cave	archeological site	True
"{""C"": 0.1}"	0	ERR4426550	cave	archeological site	True
"{""C"": 0.1}"	0	ERR4426552	cave	ocean	True
"{""C"": 0.1}"	1	ERR3761400	midden	midden	True
"{""C"": 0.1}"	1	ERR3761401	midden	midden	True
"{""C"": 0.1}"	1	ERR3761402	archeological site	midden	True
"{""C"": 0.1}"	1	ERR3761403	midden	midden	True
"{""C"": 0.1}"	1	ERR3761404	archeological site	ocean	True
"{""C"": 0.1}"	1	ERR3761405	midden	ocean	True
"{""C"": 0.1}"	1	ERR3761406	archeological site	ocean	True
"{""C"": 0.1}"	1	ERR6430820	ocean	shell	True
"{""C"": 0.1}"	1	ERR6430821	ocean	shell	True
"{""C"": 0.1}"	1	ERR6430822	ocean	ocean	True
"{""C"": 0.1}"	1	ERR6430823	ocean	lake	True
"{""C"": 0.1}"	1	ERR6430825	ocean	shell	True
"{""C"": 0.1}"	1	ERR6430828	ocean	lake	True
"{""C"": 0.1}"	1	ERR6430830	ocean	ocean	True
"{""C"": 0.1}"	1	ERR6430831	ocean	ocean	True
"{""C"": 0.1}"	1	ERR6430832	ocean	lake	True
"{""C"": 0.1}"	1	ERR6430833	ocean	ocean	True
"{""C"": 0.1}"	1	ERR6430834	ocean	ocean	True
"{""C"": 0.1}"	1	ERR6430836	ocean	ocean	True
"{""C"": 0.1}"	1	ERR6430838	ocean	ocean	True
"{""C"": 0.1}"	1	ERR6430839	ocean	ocean	True
"{""C"": 0.1}"	1	ERR6430840	ocean	ocean	True
"{""C"": 0.1}"	1	ERR6430841	ocean	ocean	True
"{""C"": 0.1}"	1	ERR6430842	ocean	ocean	True
"{""C"": 0.1}"	1	ERR6430843	ocean	ocean	True
"{""C"": 0.1}"	1	ERR6430845	ocean	ocean	True
"{""C"": 0.1}"	1	ERR6430846	ocean	ocean	True
"{""C"": 0.1}"	1	ERR6430847	ocean	ocean	True
"{""C"": 0.1}"	1	ERR6430848	ocean	ocean	True
"{""C"": 0.1}"	1	ERR6430849	ocean	lake	True
"{""C"": 0.1}"	1	ERR6430850	ocean	lake	True
"{""C"": 0.1}"	1	ERR6430851	ocean	lake	True
"{""C"": 0.1}"	1	SRR20576738	ocean	midden	True
"{""C"": 0.1}"	1	SRR20576739	ocean	midden	True
"{""C"": 0.1}"	1	SRR20576742	ocean	ocean	True
"{""C"": 0.1}"	1	SRR20576743	ocean	ocean	True
"{""C"": 0.1}"	1	SRR20576744	ocean	midden	True
"{""C"": 0.1}"	1	SRR20576745	ocean	ocean	True
"{""C"": 0.1}"	1	SRR20576746	ocean	midden	True
"{""C"": 0.1}"	1	SRR20576747	ocean	midden	True
"{""C"": 0.1}"	1	SRR20576748	ocean	midden	True
"{""C"": 0.1}"	1	SRR20576749	ocean	ocean	True
"{""C"": 0.1}"	1	SRR20576750	ocean	midden	True
"{""C"": 0.1}"	1	SRR20576751	ocean	lake	True
"{""C"": 0.1}"	1	SRR20576752	ocean	ocean	True
"{""C"": 0.1}"	1	SRR20576754	ocean	ocean	True
"{""C"": 0.1}"	1	SRR20576755	ocean	lake	True
"{""C"": 0.1}"	1	SRR20576756	ocean	lake	True
"{""C"": 0.1}"	1	SRR20576757	ocean	ocean	True
"{""C"": 0.1}"	1	SRR20576758	ocean	lake	True
"{""C"": 0.1}"	1	SRR20576759	ocean	ocean	True
"{""C"": 0.1}"	1	SRR20576760	ocean	ocean	True
"{""C"": 0.1}"	1	SRR20576761	ocean	ocean	True
"{""C"": 0.1}"	1	SRR20576762	ocean	ocean	True
"{""C"": 0.1}"	1	SRR20576763	ocean	ocean	True
"{""C"": 0.1}"	1	SRR20576764	ocean	ocean	True
"{""C"": 0.1}"	1	SRR20576765	ocean	ocean	True
"{""C"": 0.1}"	1	SRR20576766	ocean	ocean	True
"{""C"": 0.1}"	1	SRR20576767	ocean	ocean	True
"{""C"": 0.1}"	1	SRR20576768	ocean	midden	True
"{""C"": 0.1}"	1	SRR20576769	ocean	midden	True
"{""C"": 0.1}"	1	SRR20576770	ocean	ocean	True
"{""C"": 0.1}"	1	SRR20576771	ocean	lake	True
"{""C"": 0.1}"	1	SRR20576772	ocean	lake	True
"{""C"": 0.1}"	1	SRR20576773	ocean	lake	True
"{""C"": 0.1}"	1	SRR20576774	ocean	lake	True
"{""C"": 0.1}"	1	SRR20576775	ocean	ocean	True
"{""C"": 0.1}"	1	SRR20576776	ocean	midden	True
"{""C"": 0.1}"	1	SRR20576779	ocean	midden	True
"{""C"": 0.1}"	1	SRR20576780	ocean	ocean	True
"{""C"": 0.1}"	1	SRR20576781	ocean	ocean	True
"{""C"": 0.1}"	1	SRR20576782	ocean	midden	True
"{""C"": 0.1}"	1	SRR20576783	ocean	midden	True
"{""C"": 0.1}"	1	SRR20576784	ocean	midden	True
"{""C"": 0.1}"	1	SRR20576785	ocean	ocean	True
"{""C"": 0.1}"	1	SRR20576786	ocean	ocean	True
"{""C"": 0.1}"	1	SRR20576787	ocean	ocean	True
"{""C"": 0.1}"	1	SRR20576794	ocean	midden	True
"{""C"": 0.1}"	1	SRR20576795	ocean	midden	True
"{""C"": 0.1}"	1	SRR20576796	ocean	ocean	True
"{""C"": 0.1}"	1	SRR20576797	ocean	ocean	True
"{""C"": 0.1}"	1	SRR20576798	ocean	midden	True
"{""C"": 0.1}"	1	SRR20576799	ocean	ocean	True
"{""C"": 0.1}"	1	SRR20576800	ocean	lake	True
"{""C"": 0.1}"	1	SRR20576802	ocean	lake	True
"{""C"": 0.1}"	1	SRR20576803	ocean	midden	True
"{""C"": 0.1}"	1	SRR20576805	ocean	ocean	True
"{""C"": 0.1}"	1	SRR20576807	ocean	ocean	True
"{""C"": 0.1}"	1	SRR20576808	ocean	ocean	True
"{""C"": 0.1}"	1	SRR20576809	ocean	ocean	True
"{""C"": 0.1}"	1	SRR20576811	ocean	ocean	True
"{""C"": 0.1}"	1	SRR20576812	ocean	ocean	True
"{""C"": 0.1}"	1	SRR20576813	ocean	ocean	True
"{""C"": 0.1}"	1	SRR20576814	ocean	ocean	True
"{""C"": 0.1}"	1	SRR20576815	ocean	ocean	True
"{""C"": 0.1}"	1	SRR20576816	ocean	midden	True
"{""C"": 0.1}"	1	SRR20576817	ocean	midden	True
"{""C"": 0.1}"	1	SRR21589119	midden	midden	True
"{""C"": 0.1}"	1	SRR21589120	midden	shell	True
"{""C"": 0.1}"	1	SRR25620676	archeological site	lake	True
"{""C"": 0.1}"	1	SRR25620681	archeological site	lake	True
"{""C"": 0.1}"	1	SRR25620753	archeological site	ocean	True
"{""C"": 0.1}"	1	SRR25620756	archeological site	lake	True
"{""C"": 0.1}"	1	SRR25620780	archeological site	shell	True
"{""C"": 0.1}"	1	SRR25620786	archeological site	shell	True
"{""C"": 0.1}"	1	SRR25620790	archeological site	shell	True
"{""C"": 0.1}"	1	SRR25620795	archeological site	shell	True
"{""C"": 0.1}"	1	SRR8731956	rock shelter	shell	True
"{""C"": 0.1}"	1	SRR8731959	rock shelter	lake	True
"{""C"": 0.1}"	2	ERR10114878	archeological site	cave	True
"{""C"": 0.1}"	2	ERR10114879	archeological site	cave	True
"{""C"": 0.1}"	2	ERR10114880	archeological site	cave	True
"{""C"": 0.1}"	2	ERR10114881	archeological site	midden	True
"{""C"": 0.1}"	2	ERR10114882	archeological site	cave	True
"{""C"": 0.1}"	2	ERR10114883	archeological site	cave	True
"{""C"": 0.1}"	2	ERR10493277	sea coast	archeological site	True
"{""C"": 0.1}"	2	ERR10493281	sea coast	archeological site	True
"{""C"": 0.1}"	2	ERR10493283	sea coast	archeological site	True
"{""C"": 0.1}"	2	ERR10493285	sea coast	archeological site	True
"{""C"": 0.1}"	2	ERR10493287	sea coast	archeological site	True
"{""C"": 0.1}"	2	ERR10493289	sea coast	midden	True
"{""C"": 0.1}"	2	ERR10493291	sea coast	archeological site	True
"{""C"": 0.1}"	2	ERR10493292	sea coast	archeological site	True
"{""C"": 0.1}"	2	ERR10493294	sea coast	archeological site	True
"{""C"": 0.1}"	2	ERR10493297	sea coast	lake	True
"{""C"": 0.1}"	2	ERR10493299	sea coast	lake	True
"{""C"": 0.1}"	2	ERR10493301	sea coast	lake	True
"{""C"": 0.1}"	2	ERR10493303	sea coast	archeological site	True
"{""C"": 0.1}"	2	ERR10493304	sea coast	archeological site	True
"{""C"": 0.1}"	2	ERR10493306	sea coast	archeological site	True
"{""C"": 0.1}"	2	ERR10493308	sea coast	midden	True
"{""C"": 0.1}"	2	ERR10493310	sea coast	midden	True
"{""C"": 0.1}"	2	ERR10493311	sea coast	archeological site	True
"{""C"": 0.1}"	2	ERR10493312	sea coast	midden	True
"{""C"": 0.1}"	2	ERR10493314	sea coast	archeological site	True
"{""C"": 0.1}"	2	ERR10493316	sea coast	archeological site	True
"{""C"": 0.1}"	2	ERR10493318	sea coast	lake	True
"{""C"": 0.1}"	2	ERR10493320	sea coast	lake	True
"{""C"": 0.1}"	2	ERR10493322	sea coast	archeological site	True
"{""C"": 0.1}"	2	ERR10493324	sea coast	midden	True
"{""C"": 0.1}"	2	ERR10493326	sea coast	archeological site	True
"{""C"": 0.1}"	2	ERR10493328	sea coast	archeological site	True
"{""C"": 0.1}"	2	ERR10493330	sea coast	lake	True
"{""C"": 0.1}"	2	ERR10493332	sea coast	ocean	True
"{""C"": 0.1}"	2	ERR10493333	sea coast	lake	True
"{""C"": 0.1}"	2	ERR10493334	sea coast	midden	True
"{""C"": 0.1}"	2	ERR10493335	sea coast	ocean	True
"{""C"": 0.1}"	2	ERR10493336	sea coast	midden	True
"{""C"": 0.1}"	2	ERR10493337	sea coast	lake	True
"{""C"": 0.1}"	2	ERR10493338	sea coast	midden	True
"{""C"": 0.1}"	2	ERR10493339	sea coast	ocean	True
"{""C"": 0.1}"	2	ERR10493340	sea coast	ocean	True
"{""C"": 0.1}"	2	ERR10493341	sea coast	archeological site	True
"{""C"": 0.1}"	2	ERR10493343	sea coast	lake	True
"{""C"": 0.1}"	2	ERR10493344	sea coast	midden	True
"{""C"": 0.1}"	2	ERR10493345	sea coast	midden	True
"{""C"": 0.1}"	2	ERR10493346	sea coast	ocean	True
"{""C"": 0.1}"	2	ERR10493347	sea coast	ocean	True
"{""C"": 0.1}"	2	ERR10493348	sea coast	ocean	True
"{""C"": 0.1}"	2	ERR10493349	sea coast	ocean	True
"{""C"": 0.1}"	2	ERR10493357	sea coast	ocean	True
"{""C"": 0.1}"	2	ERR10493358	sea coast	ocean	True
"{""C"": 0.1}"	2	ERR10493359	sea coast	ocean	True
"{""C"": 0.1}"	2	ERR10493360	sea coast	lake	True
"{""C"": 0.1}"	2	ERR10493361	sea coast	midden	True
"{""C"": 0.1}"	2	ERR10493362	sea coast	archeological site	True
"{""C"": 0.1}"	2	ERR10493363	sea coast	midden	True
"{""C"": 0.1}"	2	ERR12814413	lake	lake	True
"{""C"": 0.1}"	2	ERR12814414	lake	lake	True
"{""C"": 0.1}"	2	ERR12814415	lake	lake	True
"{""C"": 0.1}"	2	ERR12814416	lake	lake	True
"{""C"": 0.1}"	2	ERR12814417	lake	lake	True
"{""C"": 0.1}"	2	ERR12814418	lake	lake	True
"{""C"": 0.1}"	2	ERR12814419	lake	lake	True
"{""C"": 0.1}"	2	ERR12814422	lake	lake	True
"{""C"": 0.1}"	2	ERR12814423	lake	lake	True
"{""C"": 0.1}"	2	ERR12814424	lake	lake	True
"{""C"": 0.1}"	2	ERR12814425	lake	lake	True
"{""C"": 0.1}"	2	ERR12814427	lake	lake	True
"{""C"": 0.1}"	2	ERR12814428	lake	lake	True
"{""C"": 0.1}"	2	ERR12814429	lake	lake	True
"{""C"": 0.1}"	2	ERR12814430	lake	lake	True
"{""C"": 0.1}"	2	ERR12814431	lake	lake	True
"{""C"": 0.1}"	2	ERR12814432	lake	lake	True
"{""C"": 0.1}"	2	ERR12814433	lake	ocean	True
"{""C"": 0.1}"	2	ERR12814434	lake	lake	True
"{""C"": 0.1}"	2	ERR12814435	lake	lake	True
"{""C"": 0.1}"	2	ERR12814436	lake	lake	True
"{""C"": 0.1}"	2	ERR12814437	lake	lake	True
"{""C"": 0.1}"	2	ERR12814438	lake	lake	True
"{""C"": 0.1}"	2	ERR12814439	lake	lake	True
"{""C"": 0.1}"	2	ERR12814440	lake	lake	True
"{""C"": 0.1}"	2	ERR12814442	lake	lake	True
"{""C"": 0.1}"	2	ERR12814443	lake	lake	True
"{""C"": 0.1}"	2	ERR12814444	lake	lake	True
"{""C"": 0.1}"	2	ERR12814445	lake	lake	True
"{""C"": 0.1}"	2	ERR12814446	lake	lake	True
"{""C"": 0.1}"	2	ERR12814447	lake	lake	True
"{""C"": 0.1}"	2	ERR12814448	lake	lake	True
"{""C"": 0.1}"	2	ERR12814449	lake	lake	True
"{""C"": 0.1}"	2	ERR12814450	lake	lake	True
"{""C"": 0.1}"	2	ERR12814452	lake	lake	True
"{""C"": 0.1}"	2	ERR12814453	lake	lake	True
"{""C"": 0.1}"	2	ERR12814454	lake	lake	True
"{""C"": 0.1}"	2	ERR12814455	lake	lake	True
"{""C"": 0.1}"	2	ERR12814456	lake	lake	True
"{""C"": 0.1}"	2	ERR12814457	lake	lake	True
"{""C"": 0.1}"	2	ERR12814458	lake	lake	True
"{""C"": 0.1}"	2	ERR12814460	lake	lake	True
"{""C"": 0.1}"	2	ERR12814461	lake	lake	True
"{""C"": 0.1}"	2	ERR12814462	lake	lake	True
"{""C"": 0.1}"	2	ERR12814463	lake	lake	True
"{""C"": 0.1}"	2	ERR12814464	lake	lake	True
"{""C"": 0.1}"	2	ERR12814465	lake	lake	True
"{""C"": 0.1}"	2	ERR12814467	lake	lake	True
"{""C"": 0.1}"	2	ERR12814468	lake	lake	True
"{""C"": 0.1}"	2	ERR12814469	lake	lake	True
"{""C"": 0.1}"	2	ERR12814470	lake	lake	True
"{""C"": 0.1}"	2	ERR12814471	lake	lake	True
"{""C"": 0.1}"	2	ERR12814472	lake	lake	True
"{""C"": 0.1}"	2	ERR12814473	lake	lake	True
"{""C"": 0.1}"	2	ERR12814474	lake	lake	True
"{""C"": 0.1}"	2	ERR12814475	lake	lake	True
"{""C"": 0.1}"	2	ERR12814476	lake	lake	True
"{""C"": 0.1}"	2	ERR1894879	shell	ocean	True
"{""C"": 0.1}"	2	ERR1894880	shell	ocean	True
"{""C"": 0.1}"	2	ERR1894881	shell	lake	True
"{""C"": 0.1}"	2	ERR1894882	shell	lake	True
"{""C"": 0.1}"	2	ERR1894900	shell	lake	True
"{""C"": 0.1}"	2	ERR1894901	shell	lake	True
"{""C"": 0.1}"	2	ERR1894902	shell	lake	True
"{""C"": 0.1}"	2	ERR1894903	shell	lake	True
"{""C"": 0.1}"	2	ERR1894904	shell	archeological site	True
"{""C"": 0.1}"	2	ERR1894905	shell	lake	True
"{""C"": 0.1}"	2	ERR1894906	shell	lake	True
"{""C"": 0.1}"	2	ERR1894907	shell	lake	True
"{""C"": 0.1}"	2	ERR1894908	shell	lake	True
"{""C"": 0.1}"	2	ERR1894909	shell	lake	True
"{""C"": 0.1}"	2	ERR1894910	shell	lake	True
"{""C"": 0.1}"	2	ERR1894911	shell	lake	True
"{""C"": 0.1}"	2	ERR1894912	shell	lake	True
"{""C"": 0.1}"	2	ERR1894913	shell	lake	True
"{""C"": 0.1}"	2	ERR1894914	shell	lake	True
"{""C"": 0.1}"	2	ERR1894915	shell	lake	True
"{""C"": 0.1}"	2	ERR1894916	shell	lake	True
"{""C"": 0.1}"	2	ERR1894917	shell	lake	True
"{""C"": 0.1}"	2	ERR1894918	shell	lake	True
"{""C"": 0.1}"	2	ERR1894919	shell	lake	True
"{""C"": 0.1}"	2	ERR567364	ocean	ocean	True
"{""C"": 0.1}"	2	ERR567366	ocean	lake	True
"{""C"": 0.1}"	2	ERR9465622	lake	lake	True
"{""C"": 0.1}"	2	ERR9465623	lake	lake	True
"{""C"": 0.1}"	2	ERR9465624	lake	lake	True
"{""C"": 0.1}"	2	ERR9465625	lake	lake	True
"{""C"": 0.1}"	2	ERR9465626	lake	lake	True
"{""C"": 0.1}"	2	ERR9465627	lake	lake	True
"{""C"": 0.1}"	2	ERR9465628	lake	lake	True
"{""C"": 0.1}"	2	ERR9465629	lake	lake	True
"{""C"": 0.1}"	2	ERR9465630	lake	lake	True
"{""C"": 0.1}"	2	ERR9465631	lake	ocean	True
"{""C"": 0.1}"	2	ERR9465632	lake	ocean	True
"{""C"": 0.1}"	2	SRR32023812	ocean	ocean	True
"{""C"": 0.1}"	2	SRR32023817	ocean	archeological site	True
"{""C"": 0.1}"	2	SRR32023818	ocean	archeological site	True
"{""C"": 0.1}"	2	SRR32023819	ocean	archeological site	True
"{""C"": 0.1}"	2	SRR32023820	ocean	archeological site	True
"{""C"": 0.1}"	2	SRR32023821	ocean	archeological site	True
"{""C"": 0.1}"	2	SRR32023822	ocean	archeological site	True
"{""C"": 0.1}"	2	SRR32023823	ocean	archeological site	True
"{""C"": 0.1}"	2	SRR32023824	ocean	archeological site	True
"{""C"": 0.1}"	2	SRR32023825	ocean	archeological site	True
"{""C"": 0.1}"	2	SRR32023826	ocean	archeological site	True
"{""C"": 0.1}"	2	SRR32023827	ocean	archeological site	True
"{""C"": 0.1}"	2	SRR32023828	ocean	archeological site	True
"{""C"": 0.1}"	2	SRR32023829	ocean	archeological site	True
"{""C"": 0.1}"	2	SRR32023830	ocean	archeological site	True
"{""C"": 0.1}"	2	SRR32023831	ocean	ocean	True
"{""C"": 0.1}"	2	SRR32023832	ocean	archeological site	True
"{""C"": 0.1}"	2	SRR32023833	ocean	archeological site	True
"{""C"": 0.1}"	2	SRR32023835	ocean	archeological site	True
"{""C"": 0.1}"	2	SRR32023836	ocean	archeological site	True
"{""C"": 0.1}"	2	SRR32023837	ocean	archeological site	True
"{""C"": 0.1}"	2	SRR32023838	ocean	archeological site	True
"{""C"": 0.1}"	2	SRR32023839	ocean	archeological site	True
"{""C"": 0.1}"	2	SRR32023840	ocean	archeological site	True
"{""C"": 0.1}"	2	SRR32023841	ocean	archeological site	True
"{""C"": 0.1}"	2	SRR32023842	ocean	archeological site	True
"{""C"": 0.1}"	2	SRR32023845	ocean	archeological site	True
"{""C"": 0.1}"	2	SRR32023846	ocean	archeological site	True
"{""C"": 0.1}"	2	SRR32023847	ocean	archeological site	True
"{""C"": 0.1}"	2	SRR32023848	ocean	archeological site	True
"{""C"": 0.1}"	2	SRR32023849	ocean	archeological site	True
"{""C"": 0.1}"	2	SRR32023851	ocean	archeological site	True
"{""C"": 0.1}"	2	SRR32023854	ocean	archeological site	True
"{""C"": 0.1}"	2	SRR32023855	ocean	archeological site	True
"{""C"": 0.1}"	2	SRR32023858	ocean	archeological site	True
"{""C"": 0.1}"	2	SRR32023859	ocean	archeological site	True
"{""C"": 0.1}"	2	SRR32023860	ocean	archeological site	True
"{""C"": 0.1}"	2	SRR32023861	ocean	archeological site	True
"{""C"": 0.1}"	2	SRR32023864	ocean	archeological site	True
"{""C"": 0.1}"	2	SRR32023865	ocean	archeological site	True
"{""C"": 0.1}"	2	SRR32023867	ocean	archeological site	True
"{""C"": 0.1}"	2	SRR32023868	ocean	ocean	True
"{""C"": 0.1}"	2	SRR32023870	ocean	archeological site	True
"{""C"": 0.1}"	2	SRR32023871	ocean	archeological site	True
"{""C"": 0.1}"	2	SRR32023872	ocean	archeological site	True
"{""C"": 0.1}"	2	SRR32023873	ocean	archeological site	True
"{""C"": 0.1}"	2	SRR32023874	ocean	archeological site	True
"{""C"": 0.1}"	2	SRR32023875	ocean	archeological site	True
"{""C"": 0.1}"	2	SRR7774469	midden	archeological site	True
"{""C"": 0.1}"	2	SRR7774470	midden	archeological site	True
"{""C"": 0.1}"	2	SRR7774471	midden	archeological site	True
"{""C"": 0.1}"	2	SRR7774472	midden	archeological site	True
"{""C"": 0.1}"	2	SRR7774473	midden	archeological site	True
"{""C"": 0.1}"	2	SRR7774474	midden	archeological site	True
"{""C"": 0.1}"	2	SRR7774475	midden	archeological site	True
"{""C"": 0.1}"	2	SRR7774476	midden	archeological site	True
"{""C"": 0.1}"	2	SRR7774477	midden	archeological site	True
"{""C"": 0.1}"	2	SRR7774478	midden	midden	True
"{""C"": 0.1}"	2	SRR7774479	midden	archeological site	True
"{""C"": 0.1}"	2	SRR8652706	lake	ocean	True
"{""C"": 0.1}"	2	SRR8652707	lake	ocean	True
"{""C"": 0.1}"	2	SRR8652708	lake	ocean	True
"{""C"": 0.1}"	2	SRR8652709	lake	lake	True
"{""C"": 0.1}"	2	SRR8652710	lake	ocean	True
"{""C"": 0.1}"	2	SRR8652711	lake	ocean	True
"{""C"": 0.1}"	2	SRR8652712	lake	lake	True
"{""C"": 0.1}"	2	SRR8652713	lake	midden	True
"{""C"": 0.1}"	2	SRR8652714	lake	midden	True
"{""C"": 0.1}"	2	SRR8652715	lake	swamp forest	True
"{""C"": 0.1}"	2	SRR8652716	lake	midden	True
"{""C"": 0.1}"	2	SRR8652717	lake	midden	True
"{""C"": 0.1}"	3	ERR1560012	lake	lake	True
"{""C"": 0.1}"	3	ERR1560013	lake	lake	True
"{""C"": 0.1}"	3	ERR1560014	lake	lake	True
"{""C"": 0.1}"	3	ERR1560015	lake	lake	True
"{""C"": 0.1}"	3	ERR1560016	lake	lake	True
"{""C"": 0.1}"	3	ERR1560017	lake	lake	True
"{""C"": 0.1}"	3	ERR1560018	lake	shell	True
"{""C"": 0.1}"	3	ERR1560019	lake	shell	True
"{""C"": 0.1}"	3	ERR1560020	lake	lake	True
"{""C"": 0.1}"	3	ERR1560021	lake	lake	True
"{""C"": 0.1}"	3	ERR1560022	lake	shell	True
"{""C"": 0.1}"	3	ERR1560023	lake	shell	True
"{""C"": 0.1}"	3	ERR1560024	lake	shell	True
"{""C"": 0.1}"	3	ERR1560025	lake	shell	True
"{""C"": 0.1}"	3	ERR1560093	lake	lake	True
"{""C"": 0.1}"	3	ERR1560094	lake	lake	True
"{""C"": 0.1}"	3	ERR1560095	lake	lake	True
"{""C"": 0.1}"	3	ERR1560096	lake	ocean	True
"{""C"": 0.1}"	3	ERR1560097	lake	shell	True
"{""C"": 0.1}"	3	ERR1560098	lake	sea coast	True
"{""C"": 0.1}"	3	ERR1560099	lake	shell	True
"{""C"": 0.1}"	3	ERR1560100	lake	ocean	True
"{""C"": 0.1}"	3	ERR1560101	lake	shell	True
"{""C"": 0.1}"	3	ERR1560102	lake	ocean	True
"{""C"": 0.1}"	3	ERR1560103	lake	lake	True
"{""C"": 0.1}"	3	ERR1560104	lake	lake	True
"{""C"": 0.1}"	3	ERR1560105	lake	lake	True
"{""C"": 0.1}"	3	ERR1560106	lake	lake	True
"{""C"": 0.1}"	3	ERR1560107	lake	lake	True
"{""C"": 0.1}"	3	ERR1560108	lake	lake	True
"{""C"": 0.1}"	3	ERR1560109	lake	lake	True
"{""C"": 0.1}"	3	ERR1560110	lake	lake	True
"{""C"": 0.1}"	3	ERR1688747	midden	ocean	True
"{""C"": 0.1}"	3	ERR1688749	midden	ocean	True
"{""C"": 0.1}"	3	ERR1688750	midden	ocean	True
"{""C"": 0.1}"	3	ERR1688752	midden	ocean	True
"{""C"": 0.1}"	3	ERR1688754	midden	ocean	True
"{""C"": 0.1}"	3	ERR1688756	midden	ocean	True
"{""C"": 0.1}"	3	ERR1688758	midden	ocean	True
"{""C"": 0.1}"	3	ERR1688760	midden	ocean	True
"{""C"": 0.1}"	3	ERR1688761	midden	ocean	True
"{""C"": 0.1}"	3	ERR1688762	midden	ocean	True
"{""C"": 0.1}"	3	ERR1688764	midden	ocean	True
"{""C"": 0.1}"	3	ERR1688765	midden	ocean	True
"{""C"": 0.1}"	3	ERR1688768	midden	ocean	True
"{""C"": 0.1}"	3	ERR1688769	midden	ocean	True
"{""C"": 0.1}"	3	ERR1688771	midden	ocean	True
"{""C"": 0.1}"	3	ERR1688772	midden	ocean	True
"{""C"": 0.1}"	3	ERR1688775	midden	ocean	True
"{""C"": 0.1}"	3	ERR1688778	midden	ocean	True
"{""C"": 0.1}"	3	ERR1688780	midden	ocean	True
"{""C"": 0.1}"	3	ERR1688782	midden	ocean	True
"{""C"": 0.1}"	3	ERR1688785	midden	ocean	True
"{""C"": 0.1}"	3	ERR1688788	midden	ocean	True
"{""C"": 0.1}"	3	ERR1688789	midden	ocean	True
"{""C"": 0.1}"	3	ERR1688797	midden	ocean	True
"{""C"": 0.1}"	3	ERR1688799	midden	ocean	True
"{""C"": 0.1}"	3	ERR1688803	midden	ocean	True
"{""C"": 0.1}"	3	ERR1688804	midden	ocean	True
"{""C"": 0.1}"	3	ERR1688808	midden	ocean	True
"{""C"": 0.1}"	3	ERR1688810	midden	ocean	True
"{""C"": 0.1}"	3	ERR3458787	ocean	ocean	True
"{""C"": 0.1}"	3	ERR3458788	ocean	ocean	True
"{""C"": 0.1}"	3	ERR3458789	ocean	ocean	True
"{""C"": 0.1}"	3	ERR3458790	ocean	ocean	True
"{""C"": 0.1}"	3	ERR3458791	ocean	ocean	True
"{""C"": 0.1}"	3	ERR3458792	ocean	ocean	True
"{""C"": 0.1}"	3	ERR3459717	ocean	ocean	True
"{""C"": 0.1}"	3	ERR3459718	ocean	ocean	True
"{""C"": 0.1}"	3	ERR3459719	ocean	ocean	True
"{""C"": 0.1}"	3	ERR3459720	ocean	sea coast	True
"{""C"": 0.1}"	3	ERR3459721	ocean	ocean	True
"{""C"": 0.1}"	3	ERR3459722	ocean	ocean	True
"{""C"": 0.1}"	3	ERR3459723	ocean	ocean	True
"{""C"": 0.1}"	3	ERR3459724	ocean	ocean	True
"{""C"": 0.1}"	3	ERR3459725	ocean	ocean	True
"{""C"": 0.1}"	3	ERR3459726	ocean	ocean	True
"{""C"": 0.1}"	3	ERR3459727	ocean	lake	True
"{""C"": 0.1}"	3	ERR3459728	ocean	lake	True
"{""C"": 0.1}"	3	ERR3459729	ocean	ocean	True
"{""C"": 0.1}"	3	ERR3459730	ocean	ocean	True
"{""C"": 0.1}"	3	ERR3459731	ocean	lake	True
"{""C"": 0.1}"	3	ERR3459732	ocean	midden	True
"{""C"": 0.1}"	3	ERR3459733	ocean	ocean	True
"{""C"": 0.1}"	3	ERR3459734	ocean	ocean	True
"{""C"": 0.1}"	3	ERR3459735	ocean	lake	True
"{""C"": 0.1}"	3	ERR3459736	ocean	lake	True
"{""C"": 0.1}"	3	ERR3459737	ocean	ocean	True
"{""C"": 0.1}"	3	ERR3459738	ocean	ocean	True
"{""C"": 0.1}"	3	ERR3459739	ocean	ocean	True
"{""C"": 0.1}"	3	ERR3459740	ocean	ocean	True
"{""C"": 0.1}"	3	ERR3459741	ocean	ocean	True
"{""C"": 0.1}"	3	ERR3459742	ocean	ocean	True
"{""C"": 0.1}"	3	ERR3459743	ocean	ocean	True
"{""C"": 0.1}"	3	ERR3459744	ocean	ocean	True
"{""C"": 0.1}"	3	ERR3772645	lake	lake	True
"{""C"": 0.1}"	3	ERR3804374	lake	lake	True
"{""C"": 0.1}"	3	ERR3804375	lake	lake	True
"{""C"": 0.1}"	3	ERR9690357	thermokarst	lake	True
"{""C"": 0.1}"	3	ERR9690358	thermokarst	shell	True
"{""C"": 0.1}"	3	ERR9690359	thermokarst	lake	True
"{""C"": 0.1}"	3	ERR9690360	thermokarst	midden	True
"{""C"": 0.1}"	3	ERR9690361	thermokarst	shell	True
"{""C"": 0.1}"	3	ERR9690362	thermokarst	lake	True
"{""C"": 0.1}"	3	ERR9690363	thermokarst	lake	True
"{""C"": 0.1}"	3	ERR9690364	thermokarst	lake	True
"{""C"": 0.1}"	3	ERR9690365	thermokarst	lake	True
"{""C"": 0.1}"	3	ERR9690366	thermokarst	lake	True
"{""C"": 0.1}"	3	SRR10156707	swamp forest	lake	True
"{""C"": 0.1}"	3	SRR10156708	swamp forest	lake	True
"{""C"": 0.1}"	3	SRR10156709	swamp forest	ocean	True
"{""C"": 0.1}"	3	SRR10156710	swamp forest	ocean	True
"{""C"": 0.1}"	3	SRR10156713	swamp forest	ocean	True
"{""C"": 0.1}"	3	SRR10156724	swamp forest	ocean	True
"{""C"": 0.1}"	3	SRR10156735	swamp forest	ocean	True
"{""C"": 0.1}"	3	SRR10156737	swamp forest	ocean	True
"{""C"": 0.1}"	3	SRR10156738	swamp forest	ocean	True
"{""C"": 0.1}"	3	SRR10156739	swamp forest	ocean	True
"{""C"": 0.1}"	3	SRR10156740	swamp forest	lake	True
"{""C"": 0.1}"	3	SRR10156741	swamp forest	lake	True
"{""C"": 0.1}"	3	SRR10156742	swamp forest	ocean	True
"{""C"": 0.1}"	3	SRR10156743	swamp forest	ocean	True
"{""C"": 0.1}"	3	SRR10156744	swamp forest	ocean	True
"{""C"": 0.1}"	3	SRR10156745	swamp forest	lake	True
"{""C"": 0.1}"	3	SRR10156746	swamp forest	ocean	True
"{""C"": 0.1}"	3	SRR10156747	swamp forest	ocean	True
"{""C"": 0.1}"	3	SRR10156748	swamp forest	ocean	True
"{""C"": 0.1}"	3	SRR10156749	swamp forest	ocean	True
"{""C"": 0.1}"	3	SRR10156750	swamp forest	lake	True
"{""C"": 0.1}"	3	SRR10156751	swamp forest	lake	True
"{""C"": 0.1}"	3	SRR10156752	swamp forest	lake	True
"{""C"": 0.1}"	3	SRR10156753	swamp forest	lake	True
"{""C"": 0.1}"	3	SRR10156754	swamp forest	ocean	True
"{""C"": 0.1}"	3	SRR10156755	swamp forest	ocean	True
"{""C"": 0.1}"	3	SRR10156756	swamp forest	ocean	True
"{""C"": 0.1}"	3	SRR10156757	swamp forest	ocean	True
"{""C"": 0.1}"	3	SRR10156758	swamp forest	ocean	True
"{""C"": 0.1}"	4	SRR16071515	ocean	ocean	True
"{""C"": 0.1}"	4	SRR16071516	ocean	ocean	True
"{""C"": 0.1}"	4	SRR16071517	ocean	ocean	True
"{""C"": 0.1}"	4	SRR16071520	ocean	ocean	True
"{""C"": 0.1}"	4	SRR16071521	ocean	ocean	True
"{""C"": 0.1}"	4	SRR24222601	lake	ocean	True
"{""C"": 0.1}"	4	SRR24222602	lake	ocean	True
"{""C"": 0.1}"	4	SRR24222603	lake	ocean	True
"{""C"": 0.1}"	4	SRR24222604	lake	midden	True
"{""C"": 0.1}"	4	SRR24222605	lake	midden	True
"{""C"": 0.1}"	4	SRR24222606	lake	ocean	True
"{""C"": 0.1}"	4	SRR24222607	lake	ocean	True
"{""C"": 0.1}"	4	SRR24222608	lake	ocean	True
"{""C"": 0.1}"	4	SRR24222609	lake	ocean	True
"{""C"": 0.1}"	4	SRR24222610	lake	ocean	True
"{""C"": 0.1}"	4	SRR24222612	lake	midden	True
"{""C"": 0.1}"	4	SRR24222613	lake	ocean	True
"{""C"": 0.1}"	4	SRR24222614	lake	ocean	True
"{""C"": 0.1}"	4	SRR24222615	lake	ocean	True
"{""C"": 0.1}"	4	SRR24222616	lake	ocean	True
"{""C"": 0.1}"	4	SRR24222617	lake	ocean	True
"{""C"": 0.1}"	4	SRR24222618	lake	ocean	True
"{""C"": 0.1}"	4	SRR24222619	lake	ocean	True
"{""C"": 0.1}"	4	SRR24222620	lake	ocean	True
"{""C"": 0.1}"	4	SRR24222621	lake	ocean	True
"{""C"": 0.1}"	4	SRR24222623	lake	ocean	True
"{""C"": 0.1}"	4	SRR24222624	lake	ocean	True
"{""C"": 0.1}"	4	SRR24222625	lake	ocean	True
"{""C"": 0.1}"	4	SRR24222626	lake	ocean	True
"{""C"": 0.1}"	4	SRR24222627	lake	ocean	True
"{""C"": 0.1}"	4	SRR24222628	lake	ocean	True
"{""C"": 0.1}"	4	SRR24222629	lake	ocean	True
"{""C"": 0.1}"	4	SRR24222630	lake	ocean	True
"{""C"": 0.1}"	4	SRR24222631	lake	midden	True
"{""C"": 0.1}"	4	SRR24222632	lake	ocean	True
"{""C"": 0.1}"	4	SRR5332455	lake	lake	True
"{""C"": 0.1}"	4	SRR5332456	lake	shell	True
"{""C"": 0.1}"	4	SRR5332457	lake	ocean	True
"{""C"": 0.1}"	4	SRR5332458	lake	ocean	True
"{""C"": 0.1}"	4	SRR5332459	lake	lake	True
"{""C"": 0.1}"	4	SRR5332461	lake	shell	True
"{""C"": 0.1}"	4	SRR5332462	lake	ocean	True
"{""C"": 0.1}"	4	SRR5332463	lake	shell	True
"{""C"": 0.1}"	4	SRR5332464	lake	ocean	True
"{""C"": 0.1}"	4	SRR5332466	lake	ocean	True
"{""C"": 1.0}"	0	ERR13950600	lake	thermokarst	True
"{""C"": 1.0}"	0	ERR13950601	lake	thermokarst	True
"{""C"": 1.0}"	0	ERR13950606	lake	lake	True
"{""C"": 1.0}"	0	ERR13950607	lake	lake	True
"{""C"": 1.0}"	0	ERR13950608	lake	lake	True
"{""C"": 1.0}"	0	ERR13950609	lake	thermokarst	True
"{""C"": 1.0}"	0	ERR13950611	lake	lake	True
"{""C"": 1.0}"	0	ERR13950612	lake	thermokarst	True
"{""C"": 1.0}"	0	ERR13950613	lake	thermokarst	True
"{""C"": 1.0}"	0	ERR13950614	lake	thermokarst	True
"{""C"": 1.0}"	0	ERR13950615	lake	lake	True
"{""C"": 1.0}"	0	ERR13950620	lake	lake	True
"{""C"": 1.0}"	0	ERR13950621	lake	thermokarst	True
"{""C"": 1.0}"	0	ERR13950622	lake	thermokarst	True
"{""C"": 1.0}"	0	ERR13950623	lake	shell	True
"{""C"": 1.0}"	0	ERR13950624	lake	lake	True
"{""C"": 1.0}"	0	ERR13950625	lake	lake	True
"{""C"": 1.0}"	0	ERR13950627	lake	thermokarst	True
"{""C"": 1.0}"	0	ERR13950628	lake	thermokarst	True
"{""C"": 1.0}"	0	ERR13950629	lake	lake	True
"{""C"": 1.0}"	0	ERR13950630	lake	lake	True
"{""C"": 1.0}"	0	ERR13950631	lake	lake	True
"{""C"": 1.0}"	0	ERR13950632	lake	lake	True
"{""C"": 1.0}"	0	ERR13950633	lake	lake	True
"{""C"": 1.0}"	0	ERR13950634	lake	shell	True
"{""C"": 1.0}"	0	ERR13950635	lake	lake	True
"{""C"": 1.0}"	0	ERR13950637	lake	thermokarst	True
"{""C"": 1.0}"	0	ERR13950638	lake	shell	True
"{""C"": 1.0}"	0	ERR13950639	lake	shell	True
"{""C"": 1.0}"	0	ERR13950640	lake	thermokarst	True
"{""C"": 1.0}"	0	ERR13950641	lake	shell	True
"{""C"": 1.0}"	0	ERR13950642	lake	shell	True
"{""C"": 1.0}"	0	ERR13950643	lake	thermokarst	True
"{""C"": 1.0}"	0	ERR13950644	lake	shell	True
"{""C"": 1.0}"	0	ERR13950646	lake	shell	True
"{""C"": 1.0}"	0	ERR13950647	lake	thermokarst	True
"{""C"": 1.0}"	0	ERR13950648	lake	shell	True
"{""C"": 1.0}"	0	ERR13950649	lake	lake	True
"{""C"": 1.0}"	0	ERR13950650	lake	lake	True
"{""C"": 1.0}"	0	ERR13950653	lake	thermokarst	True
"{""C"": 1.0}"	0	ERR13950654	lake	thermokarst	True
"{""C"": 1.0}"	0	ERR13950655	lake	thermokarst	True
"{""C"": 1.0}"	0	ERR13950658	lake	lake	True
"{""C"": 1.0}"	0	ERR13950659	lake	thermokarst	True
"{""C"": 1.0}"	0	ERR13950660	lake	thermokarst	True
"{""C"": 1.0}"	0	ERR13950661	lake	thermokarst	True
"{""C"": 1.0}"	0	ERR13950662	lake	thermokarst	True
"{""C"": 1.0}"	0	ERR13950663	lake	thermokarst	True
"{""C"": 1.0}"	0	ERR13950664	lake	thermokarst	True
"{""C"": 1.0}"	0	ERR13950665	lake	thermokarst	True
"{""C"": 1.0}"	0	ERR13950666	lake	thermokarst	True
"{""C"": 1.0}"	0	ERR13950667	lake	lake	True
"{""C"": 1.0}"	0	ERR13950668	lake	thermokarst	True
"{""C"": 1.0}"	0	ERR13950669	lake	thermokarst	True
"{""C"": 1.0}"	0	ERR13950670	lake	lake	True
"{""C"": 1.0}"	0	ERR13950671	lake	shell	True
"{""C"": 1.0}"	0	ERR13950673	lake	thermokarst	True
"{""C"": 1.0}"	0	ERR13950674	lake	thermokarst	True
"{""C"": 1.0}"	0	ERR4334735	lake	lake	True
"{""C"": 1.0}"	0	ERR4334736	lake	lake	True
"{""C"": 1.0}"	0	ERR4426516	cave	ocean	True
"{""C"": 1.0}"	0	ERR4426517	cave	ocean	True
"{""C"": 1.0}"	0	ERR4426518	cave	midden	True
"{""C"": 1.0}"	0	ERR4426519	cave	lake	True
"{""C"": 1.0}"	0	ERR4426520	cave	lake	True
"{""C"": 1.0}"	0	ERR4426521	cave	lake	True
"{""C"": 1.0}"	0	ERR4426522	cave	lake	True
"{""C"": 1.0}"	0	ERR4426523	cave	lake	True
"{""C"": 1.0}"	0	ERR4426524	cave	lake	True
"{""C"": 1.0}"	0	ERR4426525	cave	ocean	True
"{""C"": 1.0}"	0	ERR4426526	cave	archeological site	True
"{""C"": 1.0}"	0	ERR4426527	cave	archeological site	True
"{""C"": 1.0}"	0	ERR4426529	cave	archeological site	True
"{""C"": 1.0}"	0	ERR4426530	cave	shell	True
"{""C"": 1.0}"	0	ERR4426531	cave	shell	True
"{""C"": 1.0}"	0	ERR4426532	cave	lake	True
"{""C"": 1.0}"	0	ERR4426533	cave	lake	True
"{""C"": 1.0}"	0	ERR4426534	cave	archeological site	True
"{""C"": 1.0}"	0	ERR4426535	cave	midden	True
"{""C"": 1.0}"	0	ERR4426536	cave	lake	True
"{""C"": 1.0}"	0	ERR4426537	cave	archeological site	True
"{""C"": 1.0}"	0	ERR4426538	cave	archeological site	True
"{""C"": 1.0}"	0	ERR4426539	cave	midden	True
"{""C"": 1.0}"	0	ERR4426540	cave	shell	True
"{""C"": 1.0}"	0	ERR4426541	cave	lake	True
"{""C"": 1.0}"	0	ERR4426542	cave	shell	True
"{""C"": 1.0}"	0	ERR4426543	cave	archeological site	True
"{""C"": 1.0}"	0	ERR4426545	cave	archeological site	True
"{""C"": 1.0}"	0	ERR4426546	cave	lake	True
"{""C"": 1.0}"	0	ERR4426547	cave	lake	True
"{""C"": 1.0}"	0	ERR4426548	cave	midden	True
"{""C"": 1.0}"	0	ERR4426549	cave	archeological site	True
"{""C"": 1.0}"	0	ERR4426550	cave	archeological site	True
"{""C"": 1.0}"	0	ERR4426552	cave	ocean	True
"{""C"": 1.0}"	1	ERR3761400	midden	midden	True
"{""C"": 1.0}"	1	ERR3761401	midden	midden	True
"{""C"": 1.0}"	1	ERR3761402	archeological site	midden	True
"{""C"": 1.0}"	1	ERR3761403	midden	midden	True
"{""C"": 1.0}"	1	ERR3761404	archeological site	ocean	True
"{""C"": 1.0}"	1	ERR3761405	midden	ocean	True
"{""C"": 1.0}"	1	ERR3761406	archeological site	ocean	True
"{""C"": 1.0}"	1	ERR6430820	ocean	shell	True
"{""C"": 1.0}"	1	ERR6430821	ocean	lake	True
"{""C"": 1.0}"	1	ERR6430822	ocean	lake	True
"{""C"": 1.0}"	1	ERR6430823	ocean	lake	True
"{""C"": 1.0}"	1	ERR6430825	ocean	shell	True
"{""C"": 1.0}"	1	ERR6430828	ocean	lake	True
"{""C"": 1.0}"	1	ERR6430830	ocean	lake	True
"{""C"": 1.0}"	1	ERR6430831	ocean	lake	True
"{""C"": 1.0}"	1	ERR6430832	ocean	lake	True
"{""C"": 1.0}"	1	ERR6430833	ocean	lake	True
"{""C"": 1.0}"	1	ERR6430834	ocean	ocean	True
"{""C"": 1.0}"	1	ERR6430836	ocean	lake	True
"{""C"": 1.0}"	1	ERR6430838	ocean	lake	True
"{""C"": 1.0}"	1	ERR6430839	ocean	lake	True
"{""C"": 1.0}"	1	ERR6430840	ocean	lake	True
"{""C"": 1.0}"	1	ERR6430841	ocean	lake	True
"{""C"": 1.0}"	1	ERR6430842	ocean	lake	True
"{""C"": 1.0}"	1	ERR6430843	ocean	lake	True
"{""C"": 1.0}"	1	ERR6430845	ocean	lake	True
"{""C"": 1.0}"	1	ERR6430846	ocean	lake	True
"{""C"": 1.0}"	1	ERR6430847	ocean	lake	True
"{""C"": 1.0}"	1	ERR6430848	ocean	lake	True
"{""C"": 1.0}"	1	ERR6430849	ocean	lake	True
"{""C"": 1.0}"	1	ERR6430850	ocean	lake	True
"{""C"": 1.0}"	1	ERR6430851	ocean	lake	True
"{""C"": 1.0}"	1	SRR20576738	ocean	midden	True
"{""C"": 1.0}"	1	SRR20576739	ocean	midden	True
"{""C"": 1.0}"	1	SRR20576742	ocean	ocean	True
"{""C"": 1.0}"	1	SRR20576743	ocean	ocean	True
"{""C"": 1.0}"	1	SRR20576744	ocean	midden	True
"{""C"": 1.0}"	1	SRR20576745	ocean	ocean	True
"{""C"": 1.0}"	1	SRR20576746	ocean	midden	True
"{""C"": 1.0}"	1	SRR20576747	ocean	midden	True
"{""C"": 1.0}"	1	SRR20576748	ocean	midden	True
"{""C"": 1.0}"	1	SRR20576749	ocean	lake	True
"{""C"": 1.0}"	1	SRR20576750	ocean	midden	True
"{""C"": 1.0}"	1	SRR20576751	ocean	lake	True
"{""C"": 1.0}"	1	SRR20576752	ocean	ocean	True
"{""C"": 1.0}"	1	SRR20576754	ocean	ocean	True
"{""C"": 1.0}"	1	SRR20576755	ocean	lake	True
"{""C"": 1.0}"	1	SRR20576756	ocean	lake	True
"{""C"": 1.0}"	1	SRR20576757	ocean	lake	True
"{""C"": 1.0}"	1	SRR20576758	ocean	lake	True
"{""C"": 1.0}"	1	SRR20576759	ocean	ocean	True
"{""C"": 1.0}"	1	SRR20576760	ocean	ocean	True
"{""C"": 1.0}"	1	SRR20576761	ocean	ocean	True
"{""C"": 1.0}"	1	SRR20576762	ocean	ocean	True
"{""C"": 1.0}"	1	SRR20576763	ocean	ocean	True
"{""C"": 1.0}"	1	SRR20576764	ocean	ocean	True
"{""C"": 1.0}"	1	SRR20576765	ocean	ocean	True
"{""C"": 1.0}"	1	SRR20576766	ocean	ocean	True
"{""C"": 1.0}"	1	SRR20576767	ocean	ocean	True
"{""C"": 1.0}"	1	SRR20576768	ocean	midden	True
"{""C"": 1.0}"	1	SRR20576769	ocean	midden	True
"{""C"": 1.0}"	1	SRR20576770	ocean	lake	True
"{""C"": 1.0}"	1	SRR20576771	ocean	lake	True
"{""C"": 1.0}"	1	SRR20576772	ocean	lake	True
"{""C"": 1.0}"	1	SRR20576773	ocean	lake	True
"{""C"": 1.0}"	1	SRR20576774	ocean	lake	True
"{""C"": 1.0}"	1	SRR20576775	ocean	ocean	True
"{""C"": 1.0}"	1	SRR20576776	ocean	midden	True
"{""C"": 1.0}"	1	SRR20576779	ocean	midden	True
"{""C"": 1.0}"	1	SRR20576780	ocean	ocean	True
"{""C"": 1.0}"	1	SRR20576781	ocean	ocean	True
"{""C"": 1.0}"	1	SRR20576782	ocean	midden	True
"{""C"": 1.0}"	1	SRR20576783	ocean	midden	True
"{""C"": 1.0}"	1	SRR20576784	ocean	midden	True
"{""C"": 1.0}"	1	SRR20576785	ocean	ocean	True
"{""C"": 1.0}"	1	SRR20576786	ocean	ocean	True
"{""C"": 1.0}"	1	SRR20576787	ocean	ocean	True
"{""C"": 1.0}"	1	SRR20576794	ocean	midden	True
"{""C"": 1.0}"	1	SRR20576795	ocean	midden	True
"{""C"": 1.0}"	1	SRR20576796	ocean	ocean	True
"{""C"": 1.0}"	1	SRR20576797	ocean	ocean	True
"{""C"": 1.0}"	1	SRR20576798	ocean	midden	True
"{""C"": 1.0}"	1	SRR20576799	ocean	ocean	True
"{""C"": 1.0}"	1	SRR20576800	ocean	lake	True
"{""C"": 1.0}"	1	SRR20576802	ocean	lake	True
"{""C"": 1.0}"	1	SRR20576803	ocean	midden	True
"{""C"": 1.0}"	1	SRR20576805	ocean	ocean	True
"{""C"": 1.0}"	1	SRR20576807	ocean	ocean	True
"{""C"": 1.0}"	1	SRR20576808	ocean	ocean	True
"{""C"": 1.0}"	1	SRR20576809	ocean	midden	True
"{""C"": 1.0}"	1	SRR20576811	ocean	ocean	True
"{""C"": 1.0}"	1	SRR20576812	ocean	ocean	True
"{""C"": 1.0}"	1	SRR20576813	ocean	ocean	True
"{""C"": 1.0}"	1	SRR20576814	ocean	ocean	True
"{""C"": 1.0}"	1	SRR20576815	ocean	ocean	True
"{""C"": 1.0}"	1	SRR20576816	ocean	midden	True
"{""C"": 1.0}"	1	SRR20576817	ocean	midden	True
"{""C"": 1.0}"	1	SRR21589119	midden	shell	True
"{""C"": 1.0}"	1	SRR21589120	midden	shell	True
"{""C"": 1.0}"	1	SRR25620676	archeological site	lake	True
"{""C"": 1.0}"	1	SRR25620681	archeological site	lake	True
"{""C"": 1.0}"	1	SRR25620753	archeological site	shell	True
"{""C"": 1.0}"	1	SRR25620756	archeological site	lake	True
"{""C"": 1.0}"	1	SRR25620780	archeological site	shell	True
"{""C"": 1.0}"	1	SRR25620786	archeological site	shell	True
"{""C"": 1.0}"	1	SRR25620790	archeological site	shell	True
"{""C"": 1.0}"	1	SRR25620795	archeological site	shell	True
"{""C"": 1.0}"	1	SRR8731956	rock shelter	shell	True
"{""C"": 1.0}"	1	SRR8731959	rock shelter	lake	True
"{""C"": 1.0}"	2	ERR10114878	archeological site	cave	True
"{""C"": 1.0}"	2	ERR10114879	archeological site	cave	True
"{""C"": 1.0}"	2	ERR10114880	archeological site	cave	True
"{""C"": 1.0}"	2	ERR10114881	archeological site	midden	True
"{""C"": 1.0}"	2	ERR10114882	archeological site	cave	True
"{""C"": 1.0}"	2	ERR10114883	archeological site	cave	True
"{""C"": 1.0}"	2	ERR10493277	sea coast	archeological site	True
"{""C"": 1.0}"	2	ERR10493281	sea coast	archeological site	True
"{""C"": 1.0}"	2	ERR10493283	sea coast	archeological site	True
"{""C"": 1.0}"	2	ERR10493285	sea coast	archeological site	True
"{""C"": 1.0}"	2	ERR10493287	sea coast	archeological site	True
"{""C"": 1.0}"	2	ERR10493289	sea coast	midden	True
"{""C"": 1.0}"	2	ERR10493291	sea coast	archeological site	True
"{""C"": 1.0}"	2	ERR10493292	sea coast	lake	True
"{""C"": 1.0}"	2	ERR10493294	sea coast	archeological site	True
"{""C"": 1.0}"	2	ERR10493297	sea coast	lake	True
"{""C"": 1.0}"	2	ERR10493299	sea coast	lake	True
"{""C"": 1.0}"	2	ERR10493301	sea coast	lake	True
"{""C"": 1.0}"	2	ERR10493303	sea coast	archeological site	True
"{""C"": 1.0}"	2	ERR10493304	sea coast	lake	True
"{""C"": 1.0}"	2	ERR10493306	sea coast	archeological site	True
"{""C"": 1.0}"	2	ERR10493308	sea coast	midden	True
"{""C"": 1.0}"	2	ERR10493310	sea coast	midden	True
"{""C"": 1.0}"	2	ERR10493311	sea coast	lake	True
"{""C"": 1.0}"	2	ERR10493312	sea coast	midden	True
"{""C"": 1.0}"	2	ERR10493314	sea coast	lake	True
"{""C"": 1.0}"	2	ERR10493316	sea coast	archeological site	True
"{""C"": 1.0}"	2	ERR10493318	sea coast	lake	True
"{""C"": 1.0}"	2	ERR10493320	sea coast	lake	True
"{""C"": 1.0}"	2	ERR10493322	sea coast	archeological site	True
"{""C"": 1.0}"	2	ERR10493324	sea coast	midden	True
"{""C"": 1.0}"	2	ERR10493326	sea coast	archeological site	True
"{""C"": 1.0}"	2	ERR10493328	sea coast	archeological site	True
"{""C"": 1.0}"	2	ERR10493330	sea coast	lake	True
"{""C"": 1.0}"	2	ERR10493332	sea coast	ocean	True
"{""C"": 1.0}"	2	ERR10493333	sea coast	lake	True
"{""C"": 1.0}"	2	ERR10493334	sea coast	midden	True
"{""C"": 1.0}"	2	ERR10493335	sea coast	ocean	True
"{""C"": 1.0}"	2	ERR10493336	sea coast	midden	True
"{""C"": 1.0}"	2	ERR10493337	sea coast	lake	True
"{""C"": 1.0}"	2	ERR10493338	sea coast	midden	True
"{""C"": 1.0}"	2	ERR10493339	sea coast	ocean	True
"{""C"": 1.0}"	2	ERR10493340	sea coast	ocean	True
"{""C"": 1.0}"	2	ERR10493341	sea coast	archeological site	True
"{""C"": 1.0}"	2	ERR10493343	sea coast	lake	True
"{""C"": 1.0}"	2	ERR10493344	sea coast	midden	True
"{""C"": 1.0}"	2	ERR10493345	sea coast	midden	True
"{""C"": 1.0}"	2	ERR10493346	sea coast	ocean	True
"{""C"": 1.0}"	2	ERR10493347	sea coast	ocean	True
"{""C"": 1.0}"	2	ERR10493348	sea coast	ocean	True
"{""C"": 1.0}"	2	ERR10493349	sea coast	ocean	True
"{""C"": 1.0}"	2	ERR10493357	sea coast	ocean	True
"{""C"": 1.0}"	2	ERR10493358	sea coast	ocean	True
"{""C"": 1.0}"	2	ERR10493359	sea coast	ocean	True
"{""C"": 1.0}"	2	ERR10493360	sea coast	lake	True
"{""C"": 1.0}"	2	ERR10493361	sea coast	lake	True
"{""C"": 1.0}"	2	ERR10493362	sea coast	archeological site	True
"{""C"": 1.0}"	2	ERR10493363	sea coast	lake	True
"{""C"": 1.0}"	2	ERR12814413	lake	lake	True
"{""C"": 1.0}"	2	ERR12814414	lake	lake	True
"{""C"": 1.0}"	2	ERR12814415	lake	lake	True
"{""C"": 1.0}"	2	ERR12814416	lake	lake	True
"{""C"": 1.0}"	2	ERR12814417	lake	lake	True
"{""C"": 1.0}"	2	ERR12814418	lake	lake	True
"{""C"": 1.0}"	2	ERR12814419	lake	lake	True
"{""C"": 1.0}"	2	ERR12814422	lake	lake	True
"{""C"": 1.0}"	2	ERR12814423	lake	lake	True
"{""C"": 1.0}"	2	ERR12814424	lake	lake	True
"{""C"": 1.0}"	2	ERR12814425	lake	lake	True
"{""C"": 1.0}"	2	ERR12814427	lake	lake	True
"{""C"": 1.0}"	2	ERR12814428	lake	lake	True
"{""C"": 1.0}"	2	ERR12814429	lake	lake	True
"{""C"": 1.0}"	2	ERR12814430	lake	lake	True
"{""C"": 1.0}"	2	ERR12814431	lake	lake	True
"{""C"": 1.0}"	2	ERR12814432	lake	lake	True
"{""C"": 1.0}"	2	ERR12814433	lake	ocean	True
"{""C"": 1.0}"	2	ERR12814434	lake	lake	True
"{""C"": 1.0}"	2	ERR12814435	lake	lake	True
"{""C"": 1.0}"	2	ERR12814436	lake	lake	True
"{""C"": 1.0}"	2	ERR12814437	lake	lake	True
"{""C"": 1.0}"	2	ERR12814438	lake	lake	True
"{""C"": 1.0}"	2	ERR12814439	lake	lake	True
"{""C"": 1.0}"	2	ERR12814440	lake	lake	True
"{""C"": 1.0}"	2	ERR12814442	lake	lake	True
"{""C"": 1.0}"	2	ERR12814443	lake	lake	True
"{""C"": 1.0}"	2	ERR12814444	lake	lake	True
"{""C"": 1.0}"	2	ERR12814445	lake	lake	True
"{""C"": 1.0}"	2	ERR12814446	lake	lake	True
"{""C"": 1.0}"	2	ERR12814447	lake	lake	True
"{""C"": 1.0}"	2	ERR12814448	lake	lake	True
"{""C"": 1.0}"	2	ERR12814449	lake	lake	True
"{""C"": 1.0}"	2	ERR12814450	lake	lake	True
"{""C"": 1.0}"	2	ERR12814452	lake	lake	True
"{""C"": 1.0}"	2	ERR12814453	lake	lake	True
"{""C"": 1.0}"	2	ERR12814454	lake	lake	True
"{""C"": 1.0}"	2	ERR12814455	lake	lake	True
"{""C"": 1.0}"	2	ERR12814456	lake	lake	True
"{""C"": 1.0}"	2	ERR12814457	lake	lake	True
"{""C"": 1.0}"	2	ERR12814458	lake	lake	True
"{""C"": 1.0}"	2	ERR12814460	lake	lake	True
"{""C"": 1.0}"	2	ERR12814461	lake	lake	True
"{""C"": 1.0}"	2	ERR12814462	lake	lake	True
"{""C"": 1.0}"	2	ERR12814463	lake	lake	True
"{""C"": 1.0}"	2	ERR12814464	lake	lake	True
"{""C"": 1.0}"	2	ERR12814465	lake	lake	True
"{""C"": 1.0}"	2	ERR12814467	lake	lake	True
"{""C"": 1.0}"	2	ERR12814468	lake	lake	True
"{""C"": 1.0}"	2	ERR12814469	lake	lake	True
"{""C"": 1.0}"	2	ERR12814470	lake	lake	True
"{""C"": 1.0}"	2	ERR12814471	lake	lake	True
"{""C"": 1.0}"	2	ERR12814472	lake	lake	True
"{""C"": 1.0}"	2	ERR12814473	lake	lake	True
"{""C"": 1.0}"	2	ERR12814474	lake	lake	True
"{""C"": 1.0}"	2	ERR12814475	lake	lake	True
"{""C"": 1.0}"	2	ERR12814476	lake	lake	True
"{""C"": 1.0}"	2	ERR1894879	shell	ocean	True
"{""C"": 1.0}"	2	ERR1894880	shell	ocean	True
"{""C"": 1.0}"	2	ERR1894881	shell	lake	True
"{""C"": 1.0}"	2	ERR1894882	shell	lake	True
"{""C"": 1.0}"	2	ERR1894900	shell	lake	True
"{""C"": 1.0}"	2	ERR1894901	shell	lake	True
"{""C"": 1.0}"	2	ERR1894902	shell	lake	True
"{""C"": 1.0}"	2	ERR1894903	shell	lake	True
"{""C"": 1.0}"	2	ERR1894904	shell	archeological site	True
"{""C"": 1.0}"	2	ERR1894905	shell	lake	True
"{""C"": 1.0}"	2	ERR1894906	shell	midden	True
"{""C"": 1.0}"	2	ERR1894907	shell	lake	True
"{""C"": 1.0}"	2	ERR1894908	shell	lake	True
"{""C"": 1.0}"	2	ERR1894909	shell	lake	True
"{""C"": 1.0}"	2	ERR1894910	shell	lake	True
"{""C"": 1.0}"	2	ERR1894911	shell	lake	True
"{""C"": 1.0}"	2	ERR1894912	shell	lake	True
"{""C"": 1.0}"	2	ERR1894913	shell	lake	True
"{""C"": 1.0}"	2	ERR1894914	shell	lake	True
"{""C"": 1.0}"	2	ERR1894915	shell	lake	True
"{""C"": 1.0}"	2	ERR1894916	shell	lake	True
"{""C"": 1.0}"	2	ERR1894917	shell	lake	True
"{""C"": 1.0}"	2	ERR1894918	shell	lake	True
"{""C"": 1.0}"	2	ERR1894919	shell	lake	True
"{""C"": 1.0}"	2	ERR567364	ocean	lake	True
"{""C"": 1.0}"	2	ERR567366	ocean	lake	True
"{""C"": 1.0}"	2	ERR9465622	lake	lake	True
"{""C"": 1.0}"	2	ERR9465623	lake	lake	True
"{""C"": 1.0}"	2	ERR9465624	lake	lake	True
"{""C"": 1.0}"	2	ERR9465625	lake	lake	True
"{""C"": 1.0}"	2	ERR9465626	lake	lake	True
"{""C"": 1.0}"	2	ERR9465627	lake	lake	True
"{""C"": 1.0}"	2	ERR9465628	lake	lake	True
"{""C"": 1.0}"	2	ERR9465629	lake	lake	True
"{""C"": 1.0}"	2	ERR9465630	lake	lake	True
"{""C"": 1.0}"	2	ERR9465631	lake	ocean	True
"{""C"": 1.0}"	2	ERR9465632	lake	ocean	True
"{""C"": 1.0}"	2	SRR32023812	ocean	ocean	True
"{""C"": 1.0}"	2	SRR32023817	ocean	archeological site	True
"{""C"": 1.0}"	2	SRR32023818	ocean	archeological site	True
"{""C"": 1.0}"	2	SRR32023819	ocean	archeological site	True
"{""C"": 1.0}"	2	SRR32023820	ocean	archeological site	True
"{""C"": 1.0}"	2	SRR32023821	ocean	archeological site	True
"{""C"": 1.0}"	2	SRR32023822	ocean	archeological site	True
"{""C"": 1.0}"	2	SRR32023823	ocean	archeological site	True
"{""C"": 1.0}"	2	SRR32023824	ocean	archeological site	True
"{""C"": 1.0}"	2	SRR32023825	ocean	archeological site	True
"{""C"": 1.0}"	2	SRR32023826	ocean	archeological site	True
"{""C"": 1.0}"	2	SRR32023827	ocean	archeological site	True
"{""C"": 1.0}"	2	SRR32023828	ocean	archeological site	True
"{""C"": 1.0}"	2	SRR32023829	ocean	archeological site	True
"{""C"": 1.0}"	2	SRR32023830	ocean	archeological site	True
"{""C"": 1.0}"	2	SRR32023831	ocean	ocean	True
"{""C"": 1.0}"	2	SRR32023832	ocean	archeological site	True
"{""C"": 1.0}"	2	SRR32023833	ocean	archeological site	True
"{""C"": 1.0}"	2	SRR32023835	ocean	archeological site	True
"{""C"": 1.0}"	2	SRR32023836	ocean	archeological site	True
"{""C"": 1.0}"	2	SRR32023837	ocean	archeological site	True
"{""C"": 1.0}"	2	SRR32023838	ocean	archeological site	True
"{""C"": 1.0}"	2	SRR32023839	ocean	archeological site	True
"{""C"": 1.0}"	2	SRR32023840	ocean	archeological site	True
"{""C"": 1.0}"	2	SRR32023841	ocean	archeological site	True
"{""C"": 1.0}"	2	SRR32023842	ocean	archeological site	True
"{""C"": 1.0}"	2	SRR32023845	ocean	archeological site	True
"{""C"": 1.0}"	2	SRR32023846	ocean	archeological site	True
"{""C"": 1.0}"	2	SRR32023847	ocean	archeological site	True
"{""C"": 1.0}"	2	SRR32023848	ocean	archeological site	True
"{""C"": 1.0}"	2	SRR32023849	ocean	archeological site	True
"{""C"": 1.0}"	2	SRR32023851	ocean	archeological site	True
"{""C"": 1.0}"	2	SRR32023854	ocean	archeological site	True
"{""C"": 1.0}"	2	SRR32023855	ocean	archeological site	True
"{""C"": 1.0}"	2	SRR32023858	ocean	archeological site	True
"{""C"": 1.0}"	2	SRR32023859	ocean	archeological site	True
"{""C"": 1.0}"	2	SRR32023860	ocean	archeological site	True
"{""C"": 1.0}"	2	SRR32023861	ocean	archeological site	True
"{""C"": 1.0}"	2	SRR32023864	ocean	archeological site	True
"{""C"": 1.0}"	2	SRR32023865	ocean	archeological site	True
"{""C"": 1.0}"	2	SRR32023867	ocean	archeological site	True
"{""C"": 1.0}"	2	SRR32023868	ocean	ocean	True
"{""C"": 1.0}"	2	SRR32023870	ocean	archeological site	True
"{""C"": 1.0}"	2	SRR32023871	ocean	archeological site	True
"{""C"": 1.0}"	2	SRR32023872	ocean	archeological site	True
"{""C"": 1.0}"	2	SRR32023873	ocean	archeological site	True
"{""C"": 1.0}"	2	SRR32023874	ocean	archeological site	True
"{""C"": 1.0}"	2	SRR32023875	ocean	archeological site	True
"{""C"": 1.0}"	2	SRR7774469	midden	archeological site	True
"{""C"": 1.0}"	2	SRR7774470	midden	archeological site	True
"{""C"": 1.0}"	2	SRR7774471	midden	archeological site	True
"{""C"": 1.0}"	2	SRR7774472	midden	archeological site	True
"{""C"": 1.0}"	2	SRR7774473	midden	archeological site	True
"{""C"": 1.0}"	2	SRR7774474	midden	archeological site	True
"{""C"": 1.0}"	2	SRR7774475	midden	archeological site	True
"{""C"": 1.0}"	2	SRR7774476	midden	archeological site	True
"{""C"": 1.0}"	2	SRR7774477	midden	archeological site	True
"{""C"": 1.0}"	2	SRR7774478	midden	midden	True
"{""C"": 1.0}"	2	SRR7774479	midden	archeological site	True
"{""C"": 1.0}"	2	SRR8652706	lake	ocean	True
"{""C"": 1.0}"	2	SRR8652707	lake	ocean	True
"{""C"": 1.0}"	2	SRR8652708	lake	ocean	True
"{""C"": 1.0}"	2	SRR8652709	lake	lake	True
"{""C"": 1.0}"	2	SRR8652710	lake	ocean	True
"{""C"": 1.0}"	2	SRR8652711	lake	ocean	True
"{""C"": 1.0}"	2	SRR8652712	lake	lake	True
"{""C"": 1.0}"	2	SRR8652713	lake	midden	True
"{""C"": 1.0}"	2	SRR8652714	lake	midden	True
"{""C"": 1.0}"	2	SRR8652715	lake	swamp forest	True
"{""C"": 1.0}"	2	SRR8652716	lake	midden	True
"{""C"": 1.0}"	2	SRR8652717	lake	midden	True
"{""C"": 1.0}"	3	ERR1560012	lake	lake	True
"{""C"": 1.0}"	3	ERR1560013	lake	lake	True
"{""C"": 1.0}"	3	ERR1560014	lake	lake	True
"{""C"": 1.0}"	3	ERR1560015	lake	lake	True
"{""C"": 1.0}"	3	ERR1560016	lake	lake	True
"{""C"": 1.0}"	3	ERR1560017	lake	lake	True
"{""C"": 1.0}"	3	ERR1560018	lake	shell	True
"{""C"": 1.0}"	3	ERR1560019	lake	shell	True
"{""C"": 1.0}"	3	ERR1560020	lake	lake	True
"{""C"": 1.0}"	3	ERR1560021	lake	lake	True
"{""C"": 1.0}"	3	ERR1560022	lake	shell	True
"{""C"": 1.0}"	3	ERR1560023	lake	shell	True
"{""C"": 1.0}"	3	ERR1560024	lake	shell	True
"{""C"": 1.0}"	3	ERR1560025	lake	shell	True
"{""C"": 1.0}"	3	ERR1560093	lake	lake	True
"{""C"": 1.0}"	3	ERR1560094	lake	lake	True
"{""C"": 1.0}"	3	ERR1560095	lake	lake	True
"{""C"": 1.0}"	3	ERR1560096	lake	ocean	True
"{""C"": 1.0}"	3	ERR1560097	lake	shell	True
"{""C"": 1.0}"	3	ERR1560098	lake	sea coast	True
"{""C"": 1.0}"	3	ERR1560099	lake	shell	True
"{""C"": 1.0}"	3	ERR1560100	lake	ocean	True
"{""C"": 1.0}"	3	ERR1560101	lake	shell	True
"{""C"": 1.0}"	3	ERR1560102	lake	ocean	True
"{""C"": 1.0}"	3	ERR1560103	lake	lake	True
"{""C"": 1.0}"	3	ERR1560104	lake	ocean	True
"{""C"": 1.0}"	3	ERR1560105	lake	lake	True
"{""C"": 1.0}"	3	ERR1560106	lake	lake	True
"{""C"": 1.0}"	3	ERR1560107	lake	lake	True
"{""C"": 1.0}"	3	ERR1560108	lake	lake	True
"{""C"": 1.0}"	3	ERR1560109	lake	lake	True
"{""C"": 1.0}"	3	ERR1560110	lake	lake	True
"{""C"": 1.0}"	3	ERR1688747	midden	ocean	True
"{""C"": 1.0}"	3	ERR1688749	midden	ocean	True
"{""C"": 1.0}"	3	ERR1688750	midden	ocean	True
"{""C"": 1.0}"	3	ERR1688752	midden	ocean	True
"{""C"": 1.0}"	3	ERR1688754	midden	ocean	True
"{""C"": 1.0}"	3	ERR1688756	midden	ocean	True
"{""C"": 1.0}"	3	ERR1688758	midden	ocean	True
"{""C"": 1.0}"	3	ERR1688760	midden	ocean	True
"{""C"": 1.0}"	3	ERR1688761	midden	ocean	True
"{""C"": 1.0}"	3	ERR1688762	midden	ocean	True
"{""C"": 1.0}"	3	ERR1688764	midden	ocean	True
"{""C"": 1.0}"	3	ERR1688765	midden	ocean	True
"{""C"": 1.0}"	3	ERR1688768	midden	ocean	True
"{""C"": 1.0}"	3	ERR1688769	midden	ocean	True
"{""C"": 1.0}"	3	ERR1688771	midden	ocean	True
"{""C"": 1.0}"	3	ERR1688772	midden	ocean	True
"{""C"": 1.0}"	3	ERR1688775	midden	ocean	True
"{""C"": 1.0}"	3	ERR1688778	midden	ocean	True
"{""C"": 1.0}"	3	ERR1688780	midden	ocean	True
"{""C"": 1.0}"	3	ERR1688782	midden	ocean	True
"{""C"": 1.0}"	3	ERR1688785	midden	ocean	True
"{""C"": 1.0}"	3	ERR1688788	midden	ocean	True
"{""C"": 1.0}"	3	ERR1688789	midden	ocean	True
"{""C"": 1.0}"	3	ERR1688797	midden	ocean	True
"{""C"": 1.0}"	3	ERR1688799	midden	ocean	True
"{""C"": 1.0}"	3	ERR1688803	midden	ocean	True
"{""C"": 1.0}"	3	ERR1688804	midden	ocean	True
"{""C"": 1.0}"	3	ERR1688808	midden	ocean	True
"{""C"": 1.0}"	3	ERR1688810	midden	ocean	True
"{""C"": 1.0}"	3	ERR3458787	ocean	ocean	True
"{""C"": 1.0}"	3	ERR3458788	ocean	ocean	True
"{""C"": 1.0}"	3	ERR3458789	ocean	ocean	True
"{""C"": 1.0}"	3	ERR3458790	ocean	ocean	True
"{""C"": 1.0}"	3	ERR3458791	ocean	ocean	True
"{""C"": 1.0}"	3	ERR3458792	ocean	ocean	True
"{""C"": 1.0}"	3	ERR3459717	ocean	ocean	True
"{""C"": 1.0}"	3	ERR3459718	ocean	ocean	True
"{""C"": 1.0}"	3	ERR3459719	ocean	ocean	True
"{""C"": 1.0}"	3	ERR3459720	ocean	midden	True
"{""C"": 1.0}"	3	ERR3459721	ocean	ocean	True
"{""C"": 1.0}"	3	ERR3459722	ocean	ocean	True
"{""C"": 1.0}"	3	ERR3459723	ocean	ocean	True
"{""C"": 1.0}"	3	ERR3459724	ocean	ocean	True
"{""C"": 1.0}"	3	ERR3459725	ocean	ocean	True
"{""C"": 1.0}"	3	ERR3459726	ocean	ocean	True
"{""C"": 1.0}"	3	ERR3459727	ocean	lake	True
"{""C"": 1.0}"	3	ERR3459728	ocean	lake	True
"{""C"": 1.0}"	3	ERR3459729	ocean	ocean	True
"{""C"": 1.0}"	3	ERR3459730	ocean	ocean	True
"{""C"": 1.0}"	3	ERR3459731	ocean	lake	True
"{""C"": 1.0}"	3	ERR3459732	ocean	midden	True
"{""C"": 1.0}"	3	ERR3459733	ocean	ocean	True
"{""C"": 1.0}"	3	ERR3459734	ocean	ocean	True
"{""C"": 1.0}"	3	ERR3459735	ocean	lake	True
"{""C"": 1.0}"	3	ERR3459736	ocean	lake	True
"{""C"": 1.0}"	3	ERR3459737	ocean	ocean	True
"{""C"": 1.0}"	3	ERR3459738	ocean	ocean	True
"{""C"": 1.0}"	3	ERR3459739	ocean	ocean	True
"{""C"": 1.0}"	3	ERR3459740	ocean	ocean	True
"{""C"": 1.0}"	3	ERR3459741	ocean	ocean	True
"{""C"": 1.0}"	3	ERR3459742	ocean	ocean	True
"{""C"": 1.0}"	3	ERR3459743	ocean	ocean	True
"{""C"": 1.0}"	3	ERR3459744	ocean	ocean	True
"{""C"": 1.0}"	3	ERR3772645	lake	lake	True
"{""C"": 1.0}"	3	ERR3804374	lake	lake	True
"{""C"": 1.0}"	3	ERR3804375	lake	lake	True
"{""C"": 1.0}"	3	ERR9690357	thermokarst	lake	True
"{""C"": 1.0}"	3	ERR9690358	thermokarst	shell	True
"{""C"": 1.0}"	3	ERR9690359	thermokarst	lake	True
"{""C"": 1.0}"	3	ERR9690360	thermokarst	lake	True
"{""C"": 1.0}"	3	ERR9690361	thermokarst	shell	True
"{""C"": 1.0}"	3	ERR9690362	thermokarst	lake	True
"{""C"": 1.0}"	3	ERR9690363	thermokarst	lake	True
"{""C"": 1.0}"	3	ERR9690364	thermokarst	lake	True
"{""C"": 1.0}"	3	ERR9690365	thermokarst	lake	True
"{""C"": 1.0}"	3	ERR9690366	thermokarst	lake	True
"{""C"": 1.0}"	3	SRR10156707	swamp forest	ocean	True
"{""C"": 1.0}"	3	SRR10156708	swamp forest	lake	True
"{""C"": 1.0}"	3	SRR10156709	swamp forest	ocean	True
"{""C"": 1.0}"	3	SRR10156710	swamp forest	ocean	True
"{""C"": 1.0}"	3	SRR10156713	swamp forest	ocean	True
"{""C"": 1.0}"	3	SRR10156724	swamp forest	ocean	True
"{""C"": 1.0}"	3	SRR10156735	swamp forest	ocean	True
"{""C"": 1.0}"	3	SRR10156737	swamp forest	ocean	True
"{""C"": 1.0}"	3	SRR10156738	swamp forest	ocean	True
"{""C"": 1.0}"	3	SRR10156739	swamp forest	ocean	True
"{""C"": 1.0}"	3	SRR10156740	swamp forest	ocean	True
"{""C"": 1.0}"	3	SRR10156741	swamp forest	ocean	True
"{""C"": 1.0}"	3	SRR10156742	swamp forest	ocean	True
"{""C"": 1.0}"	3	SRR10156743	swamp forest	ocean	True
"{""C"": 1.0}"	3	SRR10156744	swamp forest	ocean	True
"{""C"": 1.0}"	3	SRR10156745	swamp forest	lake	True
"{""C"": 1.0}"	3	SRR10156746	swamp forest	ocean	True
"{""C"": 1.0}"	3	SRR10156747	swamp forest	ocean	True
"{""C"": 1.0}"	3	SRR10156748	swamp forest	ocean	True
"{""C"": 1.0}"	3	SRR10156749	swamp forest	ocean	True
"{""C"": 1.0}"	3	SRR10156750	swamp forest	lake	True
"{""C"": 1.0}"	3	SRR10156751	swamp forest	lake	True
"{""C"": 1.0}"	3	SRR10156752	swamp forest	lake	True
"{""C"": 1.0}"	3	SRR10156753	swamp forest	lake	True
"{""C"": 1.0}"	3	SRR10156754	swamp forest	ocean	True
"{""C"": 1.0}"	3	SRR10156755	swamp forest	ocean	True
"{""C"": 1.0}"	3	SRR10156756	swamp forest	ocean	True
"{""C"": 1.0}"	3	SRR10156757	swamp forest	ocean	True
"{""C"": 1.0}"	3	SRR10156758	swamp forest	ocean	True
"{""C"": 1.0}"	4	SRR16071515	ocean	ocean	True
"{""C"": 1.0}"	4	SRR16071516	ocean	ocean	True
"{""C"": 1.0}"	4	SRR16071517	ocean	ocean	True
"{""C"": 1.0}"	4	SRR16071520	ocean	ocean	True
"{""C"": 1.0}"	4	SRR16071521	ocean	ocean	True
"{""C"": 1.0}"	4	SRR24222601	lake	ocean	True
"{""C"": 1.0}"	4	SRR24222602	lake	ocean	True
"{""C"": 1.0}"	4	SRR24222603	lake	ocean	True
"{""C"": 1.0}"	4	SRR24222604	lake	midden	True
"{""C"": 1.0}"	4	SRR24222605	lake	midden	True
"{""C"": 1.0}"	4	SRR24222606	lake	ocean	True
"{""C"": 1.0}"	4	SRR24222607	lake	ocean	True
"{""C"": 1.0}"	4	SRR24222608	lake	ocean	True
"{""C"": 1.0}"	4	SRR24222609	lake	ocean	True
"{""C"": 1.0}"	4	SRR24222610	lake	ocean	True
"{""C"": 1.0}"	4	SRR24222612	lake	ocean	True
"{""C"": 1.0}"	4	SRR24222613	lake	ocean	True
"{""C"": 1.0}"	4	SRR24222614	lake	ocean	True
"{""C"": 1.0}"	4	SRR24222615	lake	ocean	True
"{""C"": 1.0}"	4	SRR24222616	lake	ocean	True
"{""C"": 1.0}"	4	SRR24222617	lake	ocean	True
"{""C"": 1.0}"	4	SRR24222618	lake	ocean	True
"{""C"": 1.0}"	4	SRR24222619	lake	ocean	True
"{""C"": 1.0}"	4	SRR24222620	lake	ocean	True
"{""C"": 1.0}"	4	SRR24222621	lake	ocean	True
"{""C"": 1.0}"	4	SRR24222623	lake	ocean	True
"{""C"": 1.0}"	4	SRR24222624	lake	ocean	True
"{""C"": 1.0}"	4	SRR24222625	lake	ocean	True
"{""C"": 1.0}"	4	SRR24222626	lake	ocean	True
"{""C"": 1.0}"	4	SRR24222627	lake	ocean	True
"{""C"": 1.0}"	4	SRR24222628	lake	ocean	True
"{""C"": 1.0}"	4	SRR24222629	lake	ocean	True
"{""C"": 1.0}"	4	SRR24222630	lake	ocean	True
"{""C"": 1.0}"	4	SRR24222631	lake	midden	True
"{""C"": 1.0}"	4	SRR24222632	lake	ocean	True
"{""C"": 1.0}"	4	SRR5332455	lake	shell	True
"{""C"": 1.0}"	4	SRR5332456	lake	shell	True
"{""C"": 1.0}"	4	SRR5332457	lake	ocean	True
"{""C"": 1.0}"	4	SRR5332458	lake	ocean	True
"{""C"": 1.0}"	4	SRR5332459	lake	lake	True
"{""C"": 1.0}"	4	SRR5332461	lake	shell	True
"{""C"": 1.0}"	4	SRR5332462	lake	ocean	True
"{""C"": 1.0}"	4	SRR5332463	lake	shell	True
"{""C"": 1.0}"	4	SRR5332464	lake	ocean	True
"{""C"": 1.0}"	4	SRR5332466	lake	ocean	True
"{""C"": 10.0}"	0	ERR13950600	lake	lake	True
"{""C"": 10.0}"	0	ERR13950601	lake	ocean	True
"{""C"": 10.0}"	0	ERR13950606	lake	lake	True
"{""C"": 10.0}"	0	ERR13950607	lake	lake	True
"{""C"": 10.0}"	0	ERR13950608	lake	lake	True
"{""C"": 10.0}"	0	ERR13950609	lake	lake	True
"{""C"": 10.0}"	0	ERR13950611	lake	ocean	True
"{""C"": 10.0}"	0	ERR13950612	lake	lake	True
"{""C"": 10.0}"	0	ERR13950613	lake	lake	True
"{""C"": 10.0}"	0	ERR13950614	lake	lake	True
"{""C"": 10.0}"	0	ERR13950615	lake	lake	True
"{""C"": 10.0}"	0	ERR13950620	lake	ocean	True
"{""C"": 10.0}"	0	ERR13950621	lake	lake	True
"{""C"": 10.0}"	0	ERR13950622	lake	ocean	True
"{""C"": 10.0}"	0	ERR13950623	lake	lake	True
"{""C"": 10.0}"	0	ERR13950624	lake	lake	True
"{""C"": 10.0}"	0	ERR13950625	lake	lake	True
"{""C"": 10.0}"	0	ERR13950627	lake	lake	True
"{""C"": 10.0}"	0	ERR13950628	lake	thermokarst	True
"{""C"": 10.0}"	0	ERR13950629	lake	lake	True
"{""C"": 10.0}"	0	ERR13950630	lake	lake	True
"{""C"": 10.0}"	0	ERR13950631	lake	lake	True
"{""C"": 10.0}"	0	ERR13950632	lake	lake	True
"{""C"": 10.0}"	0	ERR13950633	lake	lake	True
"{""C"": 10.0}"	0	ERR13950634	lake	lake	True
"{""C"": 10.0}"	0	ERR13950635	lake	lake	True
"{""C"": 10.0}"	0	ERR13950637	lake	lake	True
"{""C"": 10.0}"	0	ERR13950638	lake	ocean	True
"{""C"": 10.0}"	0	ERR13950639	lake	thermokarst	True
"{""C"": 10.0}"	0	ERR13950640	lake	lake	True
"{""C"": 10.0}"	0	ERR13950641	lake	lake	True
"{""C"": 10.0}"	0	ERR13950642	lake	lake	True
"{""C"": 10.0}"	0	ERR13950643	lake	lake	True
"{""C"": 10.0}"	0	ERR13950644	lake	lake	True
"{""C"": 10.0}"	0	ERR13950646	lake	lake	True
"{""C"": 10.0}"	0	ERR13950647	lake	lake	True
"{""C"": 10.0}"	0	ERR13950648	lake	lake	True
"{""C"": 10.0}"	0	ERR13950649	lake	lake	True
"{""C"": 10.0}"	0	ERR13950650	lake	lake	True
"{""C"": 10.0}"	0	ERR13950653	lake	ocean	True
"{""C"": 10.0}"	0	ERR13950654	lake	ocean	True
"{""C"": 10.0}"	0	ERR13950655	lake	ocean	True
"{""C"": 10.0}"	0	ERR13950658	lake	lake	True
"{""C"": 10.0}"	0	ERR13950659	lake	lake	True
"{""C"": 10.0}"	0	ERR13950660	lake	lake	True
"{""C"": 10.0}"	0	ERR13950661	lake	thermokarst	True
"{""C"": 10.0}"	0	ERR13950662	lake	thermokarst	True
"{""C"": 10.0}"	0	ERR13950663	lake	thermokarst	True
"{""C"": 10.0}"	0	ERR13950664	lake	thermokarst	True
"{""C"": 10.0}"	0	ERR13950665	lake	lake	True
"{""C"": 10.0}"	0	ERR13950666	lake	ocean	True
"{""C"": 10.0}"	0	ERR13950667	lake	lake	True
"{""C"": 10.0}"	0	ERR13950668	lake	thermokarst	True
"{""C"": 10.0}"	0	ERR13950669	lake	thermokarst	True
"{""C"": 10.0}"	0	ERR13950670	lake	lake	True
"{""C"": 10.0}"	0	ERR13950671	lake	lake	True
"{""C"": 10.0}"	0	ERR13950673	lake	thermokarst	True
"{""C"": 10.0}"	0	ERR13950674	lake	thermokarst	True
"{""C"": 10.0}"	0	ERR4334735	lake	lake	True
"{""C"": 10.0}"	0	ERR4334736	lake	lake	True
"{""C"": 10.0}"	0	ERR4426516	cave	midden	True
"{""C"": 10.0}"	0	ERR4426517	cave	ocean	True
"{""C"": 10.0}"	0	ERR4426518	cave	midden	True
"{""C"": 10.0}"	0	ERR4426519	cave	lake	True
"{""C"": 10.0}"	0	ERR4426520	cave	lake	True
"{""C"": 10.0}"	0	ERR4426521	cave	lake	True
"{""C"": 10.0}"	0	ERR4426522	cave	lake	True
"{""C"": 10.0}"	0	ERR4426523	cave	lake	True
"{""C"": 10.0}"	0	ERR4426524	cave	lake	True
"{""C"": 10.0}"	0	ERR4426525	cave	ocean	True
"{""C"": 10.0}"	0	ERR4426526	cave	archeological site	True
"{""C"": 10.0}"	0	ERR4426527	cave	archeological site	True
"{""C"": 10.0}"	0	ERR4426529	cave	archeological site	True
"{""C"": 10.0}"	0	ERR4426530	cave	lake	True
"{""C"": 10.0}"	0	ERR4426531	cave	lake	True
"{""C"": 10.0}"	0	ERR4426532	cave	lake	True
"{""C"": 10.0}"	0	ERR4426533	cave	lake	True
"{""C"": 10.0}"	0	ERR4426534	cave	midden	True
"{""C"": 10.0}"	0	ERR4426535	cave	midden	True
"{""C"": 10.0}"	0	ERR4426536	cave	lake	True
"{""C"": 10.0}"	0	ERR4426537	cave	archeological site	True
"{""C"": 10.0}"	0	ERR4426538	cave	archeological site	True
"{""C"": 10.0}"	0	ERR4426539	cave	midden	True
"{""C"": 10.0}"	0	ERR4426540	cave	shell	True
"{""C"": 10.0}"	0	ERR4426541	cave	lake	True
"{""C"": 10.0}"	0	ERR4426542	cave	lake	True
"{""C"": 10.0}"	0	ERR4426543	cave	archeological site	True
"{""C"": 10.0}"	0	ERR4426545	cave	archeological site	True
"{""C"": 10.0}"	0	ERR4426546	cave	lake	True
"{""C"": 10.0}"	0	ERR4426547	cave	lake	True
"{""C"": 10.0}"	0	ERR4426548	cave	midden	True
"{""C"": 10.0}"	0	ERR4426549	cave	lake	True
"{""C"": 10.0}"	0	ERR4426550	cave	archeological site	True
"{""C"": 10.0}"	0	ERR4426552	cave	ocean	True
"{""C"": 10.0}"	1	ERR3761400	midden	midden	True
"{""C"": 10.0}"	1	ERR3761401	midden	midden	True
"{""C"": 10.0}"	1	ERR3761402	archeological site	midden	True
"{""C"": 10.0}"	1	ERR3761403	midden	midden	True
"{""C"": 10.0}"	1	ERR3761404	archeological site	ocean	True
"{""C"": 10.0}"	1	ERR3761405	midden	ocean	True
"{""C"": 10.0}"	1	ERR3761406	archeological site	ocean	True
"{""C"": 10.0}"	1	ERR6430820	ocean	shell	True
"{""C"": 10.0}"	1	ERR6430821	ocean	ocean	True
"{""C"": 10.0}"	1	ERR6430822	ocean	ocean	True
"{""C"": 10.0}"	1	ERR6430823	ocean	ocean	True
"{""C"": 10.0}"	1	ERR6430825	ocean	shell	True
"{""C"": 10.0}"	1	ERR6430828	ocean	lake	True
"{""C"": 10.0}"	1	ERR6430830	ocean	ocean	True
"{""C"": 10.0}"	1	ERR6430831	ocean	ocean	True
"{""C"": 10.0}"	1	ERR6430832	ocean	lake	True
"{""C"": 10.0}"	1	ERR6430833	ocean	ocean	True
"{""C"": 10.0}"	1	ERR6430834	ocean	ocean	True
"{""C"": 10.0}"	1	ERR6430836	ocean	ocean	True
"{""C"": 10.0}"	1	ERR6430838	ocean	ocean	True
"{""C"": 10.0}"	1	ERR6430839	ocean	ocean	True
"{""C"": 10.0}"	1	ERR6430840	ocean	ocean	True
"{""C"": 10.0}"	1	ERR6430841	ocean	ocean	True
"{""C"": 10.0}"	1	ERR6430842	ocean	ocean	True
"{""C"": 10.0}"	1	ERR6430843	ocean	lake	True
"{""C"": 10.0}"	1	ERR6430845	ocean	ocean	True
"{""C"": 10.0}"	1	ERR6430846	ocean	ocean	True
"{""C"": 10.0}"	1	ERR6430847	ocean	ocean	True
"{""C"": 10.0}"	1	ERR6430848	ocean	ocean	True
"{""C"": 10.0}"	1	ERR6430849	ocean	lake	True
"{""C"": 10.0}"	1	ERR6430850	ocean	lake	True
"{""C"": 10.0}"	1	ERR6430851	ocean	lake	True
"{""C"": 10.0}"	1	SRR20576738	ocean	ocean	True
"{""C"": 10.0}"	1	SRR20576739	ocean	midden	True
"{""C"": 10.0}"	1	SRR20576742	ocean	ocean	True
"{""C"": 10.0}"	1	SRR20576743	ocean	ocean	True
"{""C"": 10.0}"	1	SRR20576744	ocean	midden	True
"{""C"": 10.0}"	1	SRR20576745	ocean	ocean	True
"{""C"": 10.0}"	1	SRR20576746	ocean	ocean	True
"{""C"": 10.0}"	1	SRR20576747	ocean	midden	True
"{""C"": 10.0}"	1	SRR20576748	ocean	ocean	True
"{""C"": 10.0}"	1	SRR20576749	ocean	ocean	True
"{""C"": 10.0}"	1	SRR20576750	ocean	lake	True
"{""C"": 10.0}"	1	SRR20576751	ocean	ocean	True
"{""C"": 10.0}"	1	SRR20576752	ocean	ocean	True
"{""C"": 10.0}"	1	SRR20576754	ocean	ocean	True
"{""C"": 10.0}"	1	SRR20576755	ocean	ocean	True
"{""C"": 10.0}"	1	SRR20576756	ocean	ocean	True
"{""C"": 10.0}"	1	SRR20576757	ocean	ocean	True
"{""C"": 10.0}"	1	SRR20576758	ocean	ocean	True
"{""C"": 10.0}"	1	SRR20576759	ocean	ocean	True
"{""C"": 10.0}"	1	SRR20576760	ocean	ocean	True
"{""C"": 10.0}"	1	SRR20576761	ocean	ocean	True
"{""C"": 10.0}"	1	SRR20576762	ocean	ocean	True
"{""C"": 10.0}"	1	SRR20576763	ocean	ocean	True
"{""C"": 10.0}"	1	SRR20576764	ocean	ocean	True
"{""C"": 10.0}"	1	SRR20576765	ocean	ocean	True
"{""C"": 10.0}"	1	SRR20576766	ocean	ocean	True
"{""C"": 10.0}"	1	SRR20576767	ocean	ocean	True
"{""C"": 10.0}"	1	SRR20576768	ocean	midden	True
"{""C"": 10.0}"	1	SRR20576769	ocean	ocean	True
"{""C"": 10.0}"	1	SRR20576770	ocean	ocean	True
"{""C"": 10.0}"	1	SRR20576771	ocean	ocean	True
"{""C"": 10.0}"	1	SRR20576772	ocean	ocean	True
"{""C"": 10.0}"	1	SRR20576773	ocean	ocean	True
"{""C"": 10.0}"	1	SRR20576774	ocean	lake	True
"{""C"": 10.0}"	1	SRR20576775	ocean	ocean	True
"{""C"": 10.0}"	1	SRR20576776	ocean	ocean	True
"{""C"": 10.0}"	1	SRR20576779	ocean	midden	True
"{""C"": 10.0}"	1	SRR20576780	ocean	ocean	True
"{""C"": 10.0}"	1	SRR20576781	ocean	ocean	True
"{""C"": 10.0}"	1	SRR20576782	ocean	ocean	True
"{""C"": 10.0}"	1	SRR20576783	ocean	ocean	True
"{""C"": 10.0}"	1	SRR20576784	ocean	lake	True
"{""C"": 10.0}"	1	SRR20576785	ocean	ocean	True
"{""C"": 10.0}"	1	SRR20576786	ocean	ocean	True
"{""C"": 10.0}"	1	SRR20576787	ocean	ocean	True
"{""C"": 10.0}"	1	SRR20576794	ocean	midden	True
"{""C"": 10.0}"	1	SRR20576795	ocean	ocean	True
"{""C"": 10.0}"	1	SRR20576796	ocean	ocean	True
"{""C"": 10.0}"	1	SRR20576797	ocean	ocean	True
"{""C"": 10.0}"	1	SRR20576798	ocean	ocean	True
"{""C"": 10.0}"	1	SRR20576799	ocean	ocean	True
"{""C"": 10.0}"	1	SRR20576800	ocean	ocean	True
"{""C"": 10.0}"	1	SRR20576802	ocean	lake	True
"{""C"": 10.0}"	1	SRR20576803	ocean	midden	True
"{""C"": 10.0}"	1	SRR20576805	ocean	ocean	True
"{""C"": 10.0}"	1	SRR20576807	ocean	ocean	True
"{""C"": 10.0}"	1	SRR20576808	ocean	ocean	True
"{""C"": 10.0}"	1	SRR20576809	ocean	ocean	True
"{""C"": 10.0}"	1	SRR20576811	ocean	ocean	True
"{""C"": 10.0}"	1	SRR20576812	ocean	ocean	True
"{""C"": 10.0}"	1	SRR20576813	ocean	ocean	True
"{""C"": 10.0}"	1	SRR20576814	ocean	ocean	True
"{""C"": 10.0}"	1	SRR20576815	ocean	ocean	True
"{""C"": 10.0}"	1	SRR20576816	ocean	midden	True
"{""C"": 10.0}"	1	SRR20576817	ocean	midden	True
"{""C"": 10.0}"	1	SRR21589119	midden	midden	True
"{""C"": 10.0}"	1	SRR21589120	midden	midden	True
"{""C"": 10.0}"	1	SRR25620676	archeological site	midden	True
"{""C"": 10.0}"	1	SRR25620681	archeological site	midden	True
"{""C"": 10.0}"	1	SRR25620753	archeological site	shell	True
"{""C"": 10.0}"	1	SRR25620756	archeological site	ocean	True
"{""C"": 10.0}"	1	SRR25620780	archeological site	midden	True
"{""C"": 10.0}"	1	SRR25620786	archeological site	ocean	True
"{""C"": 10.0}"	1	SRR25620790	archeological site	midden	True
"{""C"": 10.0}"	1	SRR25620795	archeological site	midden	True
"{""C"": 10.0}"	1	SRR8731956	rock shelter	shell	True
"{""C"": 10.0}"	1	SRR8731959	rock shelter	ocean	True
"{""C"": 10.0}"	2	ERR10114878	archeological site	cave	True
"{""C"": 10.0}"	2	ERR10114879	archeological site	cave	True
"{""C"": 10.0}"	2	ERR10114880	archeological site	cave	True
"{""C"": 10.0}"	2	ERR10114881	archeological site	midden	True
"{""C"": 10.0}"	2	ERR10114882	archeological site	midden	True
"{""C"": 10.0}"	2	ERR10114883	archeological site	cave	True
"{""C"": 10.0}"	2	ERR10493277	sea coast	midden	True
"{""C"": 10.0}"	2	ERR10493281	sea coast	midden	True
"{""C"": 10.0}"	2	ERR10493283	sea coast	midden	True
"{""C"": 10.0}"	2	ERR10493285	sea coast	midden	True
"{""C"": 10.0}"	2	ERR10493287	sea coast	midden	True
"{""C"": 10.0}"	2	ERR10493289	sea coast	midden	True
"{""C"": 10.0}"	2	ERR10493291	sea coast	midden	True
"{""C"": 10.0}"	2	ERR10493292	sea coast	midden	True
"{""C"": 10.0}"	2	ERR10493294	sea coast	midden	True
"{""C"": 10.0}"	2	ERR10493297	sea coast	midden	True
"{""C"": 10.0}"	2	ERR10493299	sea coast	midden	True
"{""C"": 10.0}"	2	ERR10493301	sea coast	midden	True
"{""C"": 10.0}"	2	ERR10493303	sea coast	midden	True
"{""C"": 10.0}"	2	ERR10493304	sea coast	lake	True
"{""C"": 10.0}"	2	ERR10493306	sea coast	midden	True
"{""C"": 10.0}"	2	ERR10493308	sea coast	midden	True
"{""C"": 10.0}"	2	ERR10493310	sea coast	midden	True
"{""C"": 10.0}"	2	ERR10493311	sea coast	midden	True
"{""C"": 10.0}"	2	ERR10493312	sea coast	midden	True
"{""C"": 10.0}"	2	ERR10493314	sea coast	lake	True
"{""C"": 10.0}"	2	ERR10493316	sea coast	lake	True
"{""C"": 10.0}"	2	ERR10493318	sea coast	lake	True
"{""C"": 10.0}"	2	ERR10493320	sea coast	midden	True
"{""C"": 10.0}"	2	ERR10493322	sea coast	midden	True
"{""C"": 10.0}"	2	ERR10493324	sea coast	midden	True
"{""C"": 10.0}"	2	ERR10493326	sea coast	midden	True
"{""C"": 10.0}"	2	ERR10493328	sea coast	midden	True
"{""C"": 10.0}"	2	ERR10493330	sea coast	lake	True
"{""C"": 10.0}"	2	ERR10493332	sea coast	lake	True
"{""C"": 10.0}"	2	ERR10493333	sea coast	lake	True
"{""C"": 10.0}"	2	ERR10493334	sea coast	midden	True
"{""C"": 10.0}"	2	ERR10493335	sea coast	ocean	True
"{""C"": 10.0}"	2	ERR10493336	sea coast	lake	True
"{""C"": 10.0}"	2	ERR10493337	sea coast	lake	True
"{""C"": 10.0}"	2	ERR10493338	sea coast	midden	True
"{""C"": 10.0}"	2	ERR10493339	sea coast	ocean	True
"{""C"": 10.0}"	2	ERR10493340	sea coast	ocean	True
"{""C"": 10.0}"	2	ERR10493341	sea coast	archeological site	True
"{""C"": 10.0}"	2	ERR10493343	sea coast	lake	True
"{""C"": 10.0}"	2	ERR10493344	sea coast	midden	True
"{""C"": 10.0}"	2	ERR10493345	sea coast	lake	True
"{""C"": 10.0}"	2	ERR10493346	sea coast	lake	True
"{""C"": 10.0}"	2	ERR10493347	sea coast	ocean	True
"{""C"": 10.0}"	2	ERR10493348	sea coast	ocean	True
"{""C"": 10.0}"	2	ERR10493349	sea coast	ocean	True
"{""C"": 10.0}"	2	ERR10493357	sea coast	midden	True
"{""C"": 10.0}"	2	ERR10493358	sea coast	ocean	True
"{""C"": 10.0}"	2	ERR10493359	sea coast	ocean	True
"{""C"": 10.0}"	2	ERR10493360	sea coast	lake	True
"{""C"": 10.0}"	2	ERR10493361	sea coast	midden	True
"{""C"": 10.0}"	2	ERR10493362	sea coast	midden	True
"{""C"": 10.0}"	2	ERR10493363	sea coast	midden	True
"{""C"": 10.0}"	2	ERR12814413	lake	lake	True
"{""C"": 10.0}"	2	ERR12814414	lake	lake	True
"{""C"": 10.0}"	2	ERR12814415	lake	lake	True
"{""C"": 10.0}"	2	ERR12814416	lake	lake	True
"{""C"": 10.0}"	2	ERR12814417	lake	lake	True
"{""C"": 10.0}"	2	ERR12814418	lake	lake	True
"{""C"": 10.0}"	2	ERR12814419	lake	lake	True
"{""C"": 10.0}"	2	ERR12814422	lake	lake	True
"{""C"": 10.0}"	2	ERR12814423	lake	lake	True
"{""C"": 10.0}"	2	ERR12814424	lake	lake	True
"{""C"": 10.0}"	2	ERR12814425	lake	lake	True
"{""C"": 10.0}"	2	ERR12814427	lake	lake	True
"{""C"": 10.0}"	2	ERR12814428	lake	lake	True
"{""C"": 10.0}"	2	ERR12814429	lake	lake	True
"{""C"": 10.0}"	2	ERR12814430	lake	lake	True
"{""C"": 10.0}"	2	ERR12814431	lake	lake	True
"{""C"": 10.0}"	2	ERR12814432	lake	lake	True
"{""C"": 10.0}"	2	ERR12814433	lake	ocean	True
"{""C"": 10.0}"	2	ERR12814434	lake	lake	True
"{""C"": 10.0}"	2	ERR12814435	lake	lake	True
"{""C"": 10.0}"	2	ERR12814436	lake	lake	True
"{""C"": 10.0}"	2	ERR12814437	lake	lake	True
"{""C"": 10.0}"	2	ERR12814438	lake	lake	True
"{""C"": 10.0}"	2	ERR12814439	lake	lake	True
"{""C"": 10.0}"	2	ERR12814440	lake	lake	True
"{""C"": 10.0}"	2	ERR12814442	lake	lake	True
"{""C"": 10.0}"	2	ERR12814443	lake	lake	True
"{""C"": 10.0}"	2	ERR12814444	lake	lake	True
"{""C"": 10.0}"	2	ERR12814445	lake	lake	True
"{""C"": 10.0}"	2	ERR12814446	lake	lake	True
"{""C"": 10.0}"	2	ERR12814447	lake	lake	True
"{""C"": 10.0}"	2	ERR12814448	lake	lake	True
"{""C"": 10.0}"	2	ERR12814449	lake	lake	True
"{""C"": 10.0}"	2	ERR12814450	lake	lake	True
"{""C"": 10.0}"	2	ERR12814452	lake	lake	True
"{""C"": 10.0}"	2	ERR12814453	lake	lake	True
"{""C"": 10.0}"	2	ERR12814454	lake	lake	True
"{""C"": 10.0}"	2	ERR12814455	lake	lake	True
"{""C"": 10.0}"	2	ERR12814456	lake	lake	True
"{""C"": 10.0}"	2	ERR12814457	lake	lake	True
"{""C"": 10.0}"	2	ERR12814458	lake	lake	True
"{""C"": 10.0}"	2	ERR12814460	lake	lake	True
"{""C"": 10.0}"	2	ERR12814461	lake	lake	True
"{""C"": 10.0}"	2	ERR12814462	lake	lake	True
"{""C"": 10.0}"	2	ERR12814463	lake	lake	True
"{""C"": 10.0}"	2	ERR12814464	lake	lake	True
"{""C"": 10.0}"	2	ERR12814465	lake	lake	True
"{""C"": 10.0}"	2	ERR12814467	lake	lake	True
"{""C"": 10.0}"	2	ERR12814468	lake	lake	True
"{""C"": 10.0}"	2	ERR12814469	lake	lake	True
"{""C"": 10.0}"	2	ERR12814470	lake	lake	True
"{""C"": 10.0}"	2	ERR12814471	lake	lake	True
"{""C"": 10.0}"	2	ERR12814472	lake	lake	True
"{""C"": 10.0}"	2	ERR12814473	lake	lake	True
"{""C"": 10.0}"	2	ERR12814474	lake	lake	True
"{""C"": 10.0}"	2	ERR12814475	lake	lake	True
"{""C"": 10.0}"	2	ERR12814476	lake	lake	True
"{""C"": 10.0}"	2	ERR1894879	shell	lake	True
"{""C"": 10.0}"	2	ERR1894880	shell	lake	True
"{""C"": 10.0}"	2	ERR1894881	shell	lake	True
"{""C"": 10.0}"	2	ERR1894882	shell	lake	True
"{""C"": 10.0}"	2	ERR1894900	shell	lake	True
"{""C"": 10.0}"	2	ERR1894901	shell	lake	True
"{""C"": 10.0}"	2	ERR1894902	shell	lake	True
"{""C"": 10.0}"	2	ERR1894903	shell	lake	True
"{""C"": 10.0}"	2	ERR1894904	shell	lake	True
"{""C"": 10.0}"	2	ERR1894905	shell	lake	True
"{""C"": 10.0}"	2	ERR1894906	shell	lake	True
"{""C"": 10.0}"	2	ERR1894907	shell	lake	True
"{""C"": 10.0}"	2	ERR1894908	shell	lake	True
"{""C"": 10.0}"	2	ERR1894909	shell	lake	True
"{""C"": 10.0}"	2	ERR1894910	shell	lake	True
"{""C"": 10.0}"	2	ERR1894911	shell	lake	True
"{""C"": 10.0}"	2	ERR1894912	shell	lake	True
"{""C"": 10.0}"	2	ERR1894913	shell	lake	True
"{""C"": 10.0}"	2	ERR1894914	shell	lake	True
"{""C"": 10.0}"	2	ERR1894915	shell	lake	True
"{""C"": 10.0}"	2	ERR1894916	shell	lake	True
"{""C"": 10.0}"	2	ERR1894917	shell	lake	True
"{""C"": 10.0}"	2	ERR1894918	shell	lake	True
"{""C"": 10.0}"	2	ERR1894919	shell	lake	True
"{""C"": 10.0}"	2	ERR567364	ocean	ocean	True
"{""C"": 10.0}"	2	ERR567366	ocean	ocean	True
"{""C"": 10.0}"	2	ERR9465622	lake	lake	True
"{""C"": 10.0}"	2	ERR9465623	lake	lake	True
"{""C"": 10.0}"	2	ERR9465624	lake	lake	True
"{""C"": 10.0}"	2	ERR9465625	lake	lake	True
"{""C"": 10.0}"	2	ERR9465626	lake	lake	True
"{""C"": 10.0}"	2	ERR9465627	lake	lake	True
"{""C"": 10.0}"	2	ERR9465628	lake	lake	True
"{""C"": 10.0}"	2	ERR9465629	lake	lake	True
"{""C"": 10.0}"	2	ERR9465630	lake	lake	True
"{""C"": 10.0}"	2	ERR9465631	lake	lake	True
"{""C"": 10.0}"	2	ERR9465632	lake	ocean	True
"{""C"": 10.0}"	2	SRR32023812	ocean	archeological site	True
"{""C"": 10.0}"	2	SRR32023817	ocean	archeological site	True
"{""C"": 10.0}"	2	SRR32023818	ocean	archeological site	True
"{""C"": 10.0}"	2	SRR32023819	ocean	archeological site	True
"{""C"": 10.0}"	2	SRR32023820	ocean	archeological site	True
"{""C"": 10.0}"	2	SRR32023821	ocean	archeological site	True
"{""C"": 10.0}"	2	SRR32023822	ocean	archeological site	True
"{""C"": 10.0}"	2	SRR32023823	ocean	archeological site	True
"{""C"": 10.0}"	2	SRR32023824	ocean	archeological site	True
"{""C"": 10.0}"	2	SRR32023825	ocean	archeological site	True
"{""C"": 10.0}"	2	SRR32023826	ocean	archeological site	True
"{""C"": 10.0}"	2	SRR32023827	ocean	archeological site	True
"{""C"": 10.0}"	2	SRR32023828	ocean	archeological site	True
"{""C"": 10.0}"	2	SRR32023829	ocean	archeological site	True
"{""C"": 10.0}"	2	SRR32023830	ocean	archeological site	True
"{""C"": 10.0}"	2	SRR32023831	ocean	archeological site	True
"{""C"": 10.0}"	2	SRR32023832	ocean	archeological site	True
"{""C"": 10.0}"	2	SRR32023833	ocean	archeological site	True
"{""C"": 10.0}"	2	SRR32023835	ocean	archeological site	True
"{""C"": 10.0}"	2	SRR32023836	ocean	archeological site	True
"{""C"": 10.0}"	2	SRR32023837	ocean	archeological site	True
"{""C"": 10.0}"	2	SRR32023838	ocean	archeological site	True
"{""C"": 10.0}"	2	SRR32023839	ocean	archeological site	True
"{""C"": 10.0}"	2	SRR32023840	ocean	archeological site	True
"{""C"": 10.0}"	2	SRR32023841	ocean	archeological site	True
"{""C"": 10.0}"	2	SRR32023842	ocean	archeological site	True
"{""C"": 10.0}"	2	SRR32023845	ocean	archeological site	True
"{""C"": 10.0}"	2	SRR32023846	ocean	archeological site	True
"{""C"": 10.0}"	2	SRR32023847	ocean	archeological site	True
"{""C"": 10.0}"	2	SRR32023848	ocean	archeological site	True
"{""C"": 10.0}"	2	SRR32023849	ocean	archeological site	True
"{""C"": 10.0}"	2	SRR32023851	ocean	archeological site	True
"{""C"": 10.0}"	2	SRR32023854	ocean	archeological site	True
"{""C"": 10.0}"	2	SRR32023855	ocean	archeological site	True
"{""C"": 10.0}"	2	SRR32023858	ocean	archeological site	True
"{""C"": 10.0}"	2	SRR32023859	ocean	archeological site	True
"{""C"": 10.0}"	2	SRR32023860	ocean	archeological site	True
"{""C"": 10.0}"	2	SRR32023861	ocean	archeological site	True
"{""C"": 10.0}"	2	SRR32023864	ocean	archeological site	True
"{""C"": 10.0}"	2	SRR32023865	ocean	archeological site	True
"{""C"": 10.0}"	2	SRR32023867	ocean	archeological site	True
"{""C"": 10.0}"	2	SRR32023868	ocean	archeological site	True
"{""C"": 10.0}"	2	SRR32023870	ocean	archeological site	True
"{""C"": 10.0}"	2	SRR32023871	ocean	archeological site	True
"{""C"": 10.0}"	2	SRR32023872	ocean	archeological site	True
"{""C"": 10.0}"	2	SRR32023873	ocean	archeological site	True
"{""C"": 10.0}"	2	SRR32023874	ocean	archeological site	True
"{""C"": 10.0}"	2	SRR32023875	ocean	archeological site	True
"{""C"": 10.0}"	2	SRR7774469	midden	ocean	True
"{""C"": 10.0}"	2	SRR7774470	midden	midden	True
"{""C"": 10.0}"	2	SRR7774471	midden	archeological site	True
"{""C"": 10.0}"	2	SRR7774472	midden	archeological site	True
"{""C"": 10.0}"	2	SRR7774473	midden	archeological site	True
"{""C"": 10.0}"	2	SRR7774474	midden	midden	True
"{""C"": 10.0}"	2	SRR7774475	midden	midden	True
"{""C"": 10.0}"	2	SRR7774476	midden	archeological site	True
"{""C"": 10.0}"	2	SRR7774477	midden	archeological site	True
"{""C"": 10.0}"	2	SRR7774478	midden	midden	True
"{""C"": 10.0}"	2	SRR7774479	midden	midden	True
"{""C"": 10.0}"	2	SRR8652706	lake	ocean	True
"{""C"": 10.0}"	2	SRR8652707	lake	ocean	True
"{""C"": 10.0}"	2	SRR8652708	lake	ocean	True
"{""C"": 10.0}"	2	SRR8652709	lake	ocean	True
"{""C"": 10.0}"	2	SRR8652710	lake	ocean	True
"{""C"": 10.0}"	2	SRR8652711	lake	ocean	True
"{""C"": 10.0}"	2	SRR8652712	lake	lake	True
"{""C"": 10.0}"	2	SRR8652713	lake	midden	True
"{""C"": 10.0}"	2	SRR8652714	lake	midden	True
"{""C"": 10.0}"	2	SRR8652715	lake	swamp forest	True
"{""C"": 10.0}"	2	SRR8652716	lake	midden	True
"{""C"": 10.0}"	2	SRR8652717	lake	midden	True
"{""C"": 10.0}"	3	ERR1560012	lake	lake	True
"{""C"": 10.0}"	3	ERR1560013	lake	lake	True
"{""C"": 10.0}"	3	ERR1560014	lake	lake	True
"{""C"": 10.0}"	3	ERR1560015	lake	lake	True
"{""C"": 10.0}"	3	ERR1560016	lake	lake	True
"{""C"": 10.0}"	3	ERR1560017	lake	lake	True
"{""C"": 10.0}"	3	ERR1560018	lake	shell	True
"{""C"": 10.0}"	3	ERR1560019	lake	lake	True
"{""C"": 10.0}"	3	ERR1560020	lake	lake	True
"{""C"": 10.0}"	3	ERR1560021	lake	lake	True
"{""C"": 10.0}"	3	ERR1560022	lake	lake	True
"{""C"": 10.0}"	3	ERR1560023	lake	lake	True
"{""C"": 10.0}"	3	ERR1560024	lake	shell	True
"{""C"": 10.0}"	3	ERR1560025	lake	shell	True
"{""C"": 10.0}"	3	ERR1560093	lake	lake	True
"{""C"": 10.0}"	3	ERR1560094	lake	lake	True
"{""C"": 10.0}"	3	ERR1560095	lake	lake	True
"{""C"": 10.0}"	3	ERR1560096	lake	shell	True
"{""C"": 10.0}"	3	ERR1560097	lake	shell	True
"{""C"": 10.0}"	3	ERR1560098	lake	sea coast	True
"{""C"": 10.0}"	3	ERR1560099	lake	shell	True
"{""C"": 10.0}"	3	ERR1560100	lake	lake	True
"{""C"": 10.0}"	3	ERR1560101	lake	shell	True
"{""C"": 10.0}"	3	ERR1560102	lake	lake	True
"{""C"": 10.0}"	3	ERR1560103	lake	lake	True
"{""C"": 10.0}"	3	ERR1560104	lake	lake	True
"{""C"": 10.0}"	3	ERR1560105	lake	lake	True
"{""C"": 10.0}"	3	ERR1560106	lake	lake	True
"{""C"": 10.0}"	3	ERR1560107	lake	lake	True
"{""C"": 10.0}"	3	ERR1560108	lake	lake	True
"{""C"": 10.0}"	3	ERR1560109	lake	lake	True
"{""C"": 10.0}"	3	ERR1560110	lake	lake	True
"{""C"": 10.0}"	3	ERR1688747	midden	ocean	True
"{""C"": 10.0}"	3	ERR1688749	midden	lake	True
"{""C"": 10.0}"	3	ERR1688750	midden	ocean	True
"{""C"": 10.0}"	3	ERR1688752	midden	sea coast	True
"{""C"": 10.0}"	3	ERR1688754	midden	sea coast	True
"{""C"": 10.0}"	3	ERR1688756	midden	lake	True
"{""C"": 10.0}"	3	ERR1688758	midden	sea coast	True
"{""C"": 10.0}"	3	ERR1688760	midden	sea coast	True
"{""C"": 10.0}"	3	ERR1688761	midden	ocean	True
"{""C"": 10.0}"	3	ERR1688762	midden	lake	True
"{""C"": 10.0}"	3	ERR1688764	midden	lake	True
"{""C"": 10.0}"	3	ERR1688765	midden	sea coast	True
"{""C"": 10.0}"	3	ERR1688768	midden	ocean	True
"{""C"": 10.0}"	3	ERR1688769	midden	sea coast	True
"{""C"": 10.0}"	3	ERR1688771	midden	ocean	True
"{""C"": 10.0}"	3	ERR1688772	midden	ocean	True
"{""C"": 10.0}"	3	ERR1688775	midden	ocean	True
"{""C"": 10.0}"	3	ERR1688778	midden	lake	True
"{""C"": 10.0}"	3	ERR1688780	midden	lake	True
"{""C"": 10.0}"	3	ERR1688782	midden	ocean	True
"{""C"": 10.0}"	3	ERR1688785	midden	ocean	True
"{""C"": 10.0}"	3	ERR1688788	midden	ocean	True
"{""C"": 10.0}"	3	ERR1688789	midden	ocean	True
"{""C"": 10.0}"	3	ERR1688797	midden	lake	True
"{""C"": 10.0}"	3	ERR1688799	midden	sea coast	True
"{""C"": 10.0}"	3	ERR1688803	midden	sea coast	True
"{""C"": 10.0}"	3	ERR1688804	midden	sea coast	True
"{""C"": 10.0}"	3	ERR1688808	midden	sea coast	True
"{""C"": 10.0}"	3	ERR1688810	midden	ocean	True
"{""C"": 10.0}"	3	ERR3458787	ocean	ocean	True
"{""C"": 10.0}"	3	ERR3458788	ocean	midden	True
"{""C"": 10.0}"	3	ERR3458789	ocean	sea coast	True
"{""C"": 10.0}"	3	ERR3458790	ocean	sea coast	True
"{""C"": 10.0}"	3	ERR3458791	ocean	lake	True
"{""C"": 10.0}"	3	ERR3458792	ocean	lake	True
"{""C"": 10.0}"	3	ERR3459717	ocean	ocean	True
"{""C"": 10.0}"	3	ERR3459718	ocean	ocean	True
"{""C"": 10.0}"	3	ERR3459719	ocean	midden	True
"{""C"": 10.0}"	3	ERR3459720	ocean	midden	True
"{""C"": 10.0}"	3	ERR3459721	ocean	ocean	True
"{""C"": 10.0}"	3	ERR3459722	ocean	ocean	True
"{""C"": 10.0}"	3	ERR3459723	ocean	midden	True
"{""C"": 10.0}"	3	ERR3459724	ocean	midden	True
"{""C"": 10.0}"	3	ERR3459725	ocean	ocean	True
"{""C"": 10.0}"	3	ERR3459726	ocean	ocean	True
"{""C"": 10.0}"	3	ERR3459727	ocean	lake	True
"{""C"": 10.0}"	3	ERR3459728	ocean	lake	True
"{""C"": 10.0}"	3	ERR3459729	ocean	ocean	True
"{""C"": 10.0}"	3	ERR3459730	ocean	ocean	True
"{""C"": 10.0}"	3	ERR3459731	ocean	lake	True
"{""C"": 10.0}"	3	ERR3459732	ocean	midden	True
"{""C"": 10.0}"	3	ERR3459733	ocean	ocean	True
"{""C"": 10.0}"	3	ERR3459734	ocean	ocean	True
"{""C"": 10.0}"	3	ERR3459735	ocean	lake	True
"{""C"": 10.0}"	3	ERR3459736	ocean	lake	True
"{""C"": 10.0}"	3	ERR3459737	ocean	ocean	True
"{""C"": 10.0}"	3	ERR3459738	ocean	ocean	True
"{""C"": 10.0}"	3	ERR3459739	ocean	ocean	True
"{""C"": 10.0}"	3	ERR3459740	ocean	ocean	True
"{""C"": 10.0}"	3	ERR3459741	ocean	ocean	True
"{""C"": 10.0}"	3	ERR3459742	ocean	ocean	True
"{""C"": 10.0}"	3	ERR3459743	ocean	ocean	True
"{""C"": 10.0}"	3	ERR3459744	ocean	ocean	True
"{""C"": 10.0}"	3	ERR3772645	lake	lake	True
"{""C"": 10.0}"	3	ERR3804374	lake	lake	True
"{""C"": 10.0}"	3	ERR3804375	lake	lake	True
"{""C"": 10.0}"	3	ERR9690357	thermokarst	lake	True
"{""C"": 10.0}"	3	ERR9690358	thermokarst	lake	True
"{""C"": 10.0}"	3	ERR9690359	thermokarst	lake	True
"{""C"": 10.0}"	3	ERR9690360	thermokarst	lake	True
"{""C"": 10.0}"	3	ERR9690361	thermokarst	lake	True
"{""C"": 10.0}"	3	ERR9690362	thermokarst	lake	True
"{""C"": 10.0}"	3	ERR9690363	thermokarst	lake	True
"{""C"": 10.0}"	3	ERR9690364	thermokarst	lake	True
"{""C"": 10.0}"	3	ERR9690365	thermokarst	lake	True
"{""C"": 10.0}"	3	ERR9690366	thermokarst	lake	True
"{""C"": 10.0}"	3	SRR10156707	swamp forest	lake	True
"{""C"": 10.0}"	3	SRR10156708	swamp forest	lake	True
"{""C"": 10.0}"	3	SRR10156709	swamp forest	ocean	True
"{""C"": 10.0}"	3	SRR10156710	swamp forest	ocean	True
"{""C"": 10.0}"	3	SRR10156713	swamp forest	lake	True
"{""C"": 10.0}"	3	SRR10156724	swamp forest	lake	True
"{""C"": 10.0}"	3	SRR10156735	swamp forest	ocean	True
"{""C"": 10.0}"	3	SRR10156737	swamp forest	ocean	True
"{""C"": 10.0}"	3	SRR10156738	swamp forest	ocean	True
"{""C"": 10.0}"	3	SRR10156739	swamp forest	lake	True
"{""C"": 10.0}"	3	SRR10156740	swamp forest	lake	True
"{""C"": 10.0}"	3	SRR10156741	swamp forest	lake	True
"{""C"": 10.0}"	3	SRR10156742	swamp forest	ocean	True
"{""C"": 10.0}"	3	SRR10156743	swamp forest	ocean	True
"{""C"": 10.0}"	3	SRR10156744	swamp forest	lake	True
"{""C"": 10.0}"	3	SRR10156745	swamp forest	lake	True
"{""C"": 10.0}"	3	SRR10156746	swamp forest	lake	True
"{""C"": 10.0}"	3	SRR10156747	swamp forest	lake	True
"{""C"": 10.0}"	3	SRR10156748	swamp forest	lake	True
"{""C"": 10.0}"	3	SRR10156749	swamp forest	lake	True
"{""C"": 10.0}"	3	SRR10156750	swamp forest	lake	True
"{""C"": 10.0}"	3	SRR10156751	swamp forest	lake	True
"{""C"": 10.0}"	3	SRR10156752	swamp forest	lake	True
"{""C"": 10.0}"	3	SRR10156753	swamp forest	lake	True
"{""C"": 10.0}"	3	SRR10156754	swamp forest	ocean	True
"{""C"": 10.0}"	3	SRR10156755	swamp forest	lake	True
"{""C"": 10.0}"	3	SRR10156756	swamp forest	lake	True
"{""C"": 10.0}"	3	SRR10156757	swamp forest	lake	True
"{""C"": 10.0}"	3	SRR10156758	swamp forest	lake	True
"{""C"": 10.0}"	4	SRR16071515	ocean	ocean	True
"{""C"": 10.0}"	4	SRR16071516	ocean	ocean	True
"{""C"": 10.0}"	4	SRR16071517	ocean	ocean	True
"{""C"": 10.0}"	4	SRR16071520	ocean	ocean	True
"{""C"": 10.0}"	4	SRR16071521	ocean	ocean	True
"{""C"": 10.0}"	4	SRR24222601	lake	ocean	True
"{""C"": 10.0}"	4	SRR24222602	lake	ocean	True
"{""C"": 10.0}"	4	SRR24222603	lake	ocean	True
"{""C"": 10.0}"	4	SRR24222604	lake	midden	True
"{""C"": 10.0}"	4	SRR24222605	lake	midden	True
"{""C"": 10.0}"	4	SRR24222606	lake	ocean	True
"{""C"": 10.0}"	4	SRR24222607	lake	ocean	True
"{""C"": 10.0}"	4	SRR24222608	lake	midden	True
"{""C"": 10.0}"	4	SRR24222609	lake	ocean	True
"{""C"": 10.0}"	4	SRR24222610	lake	ocean	True
"{""C"": 10.0}"	4	SRR24222612	lake	midden	True
"{""C"": 10.0}"	4	SRR24222613	lake	ocean	True
"{""C"": 10.0}"	4	SRR24222614	lake	ocean	True
"{""C"": 10.0}"	4	SRR24222615	lake	ocean	True
"{""C"": 10.0}"	4	SRR24222616	lake	ocean	True
"{""C"": 10.0}"	4	SRR24222617	lake	ocean	True
"{""C"": 10.0}"	4	SRR24222618	lake	ocean	True
"{""C"": 10.0}"	4	SRR24222619	lake	ocean	True
"{""C"": 10.0}"	4	SRR24222620	lake	ocean	True
"{""C"": 10.0}"	4	SRR24222621	lake	ocean	True
"{""C"": 10.0}"	4	SRR24222623	lake	ocean	True
"{""C"": 10.0}"	4	SRR24222624	lake	ocean	True
"{""C"": 10.0}"	4	SRR24222625	lake	ocean	True
"{""C"": 10.0}"	4	SRR24222626	lake	ocean	True
"{""C"": 10.0}"	4	SRR24222627	lake	ocean	True
"{""C"": 10.0}"	4	SRR24222628	lake	ocean	True
"{""C"": 10.0}"	4	SRR24222629	lake	ocean	True
"{""C"": 10.0}"	4	SRR24222630	lake	ocean	True
"{""C"": 10.0}"	4	SRR24222631	lake	midden	True
"{""C"": 10.0}"	4	SRR24222632	lake	ocean	True
"{""C"": 10.0}"	4	SRR5332455	lake	lake	True
"{""C"": 10.0}"	4	SRR5332456	lake	shell	True
"{""C"": 10.0}"	4	SRR5332457	lake	lake	True
"{""C"": 10.0}"	4	SRR5332458	lake	lake	True
"{""C"": 10.0}"	4	SRR5332459	lake	lake	True
"{""C"": 10.0}"	4	SRR5332461	lake	shell	True
"{""C"": 10.0}"	4	SRR5332462	lake	lake	True
"{""C"": 10.0}"	4	SRR5332463	lake	shell	True
"{""C"": 10.0}"	4	SRR5332464	lake	lake	True
"{""C"": 10.0}"	4	SRR5332466	lake	lake	True
