2026-09-09 17:19:51 - root - INFO - Logging to file: results/search_v9_multitask/cv_results/fold_0/fold_0_training.log
2026-09-09 17:19:51 - __main__ - INFO - ================================================================================
2026-09-09 17:19:51 - __main__ - INFO - DIANA Multi-Task Hyperparameter Optimization
2026-09-09 17:19:51 - __main__ - INFO - ================================================================================
2026-09-09 17:19:51 - __main__ - INFO - Run config:   configs/train_config_v9_search_multitask.json
2026-09-09 17:19:51 - __main__ - INFO - Features:     data/matrices/matrix_v9_train/unitigs.frac.mat
2026-09-09 17:19:51 - __main__ - INFO - Metadata:     data/splits_v9/train_metadata.tsv
2026-09-09 17:19:51 - __main__ - INFO - Output dir:   results/search_v9_multitask
2026-09-09 17:19:51 - __main__ - INFO - Tasks:        ['community_type', 'feature', 'sample_host', 'material']
2026-09-09 17:19:51 - __main__ - INFO - Task types:   {'community_type': 'classification', 'feature': 'classification', 'sample_host': 'classification', 'material': 'classification'}
2026-09-09 17:19:51 - __main__ - INFO - Fold:         0 / 5
2026-09-09 17:19:51 - __main__ - INFO - Trials:       100  Max epochs: 200  Patience: 20
2026-09-09 17:19:51 - __main__ - INFO - GPU:          True  Seed: 42
2026-09-09 17:19:51 - __main__ - INFO - Loading data from data/matrices/matrix_v9_train/unitigs.frac.mat
2026-09-09 17:19:51 - diana.data.loader - INFO - Loading matrix from data/matrices/matrix_v9_train/unitigs.frac.mat
2026-09-09 17:20:48 - diana.data.loader - INFO - Loaded 110202 features × 2716 samples (before transpose)
2026-09-09 17:20:48 - diana.data.loader - INFO - Transposed to 2716 samples × 110202 features
2026-09-09 17:20:48 - diana.data.loader - INFO - Reading sample IDs from data/matrices/matrix_v9_train/kmer_matrix/kmtricks.fof
2026-09-09 17:20:48 - diana.data.loader - INFO - Sample IDs: ['ERR10114844', 'ERR10114845', 'ERR10114846']...
2026-09-09 17:20:48 - diana.data.loader - INFO - Loading metadata from data/splits_v9/train_metadata.tsv
2026-09-09 17:20:48 - diana.data.loader - INFO - Metadata: 2716 rows × 15 columns
2026-09-09 17:20:48 - diana.data.loader - INFO - Metadata aligned to matrix sample order
2026-09-09 17:20:48 - __main__ - INFO - Loaded 2716 samples with 110202 features
2026-09-09 17:20:48 - __main__ - INFO - Loaded 2716 samples × 110202 features
2026-09-09 17:20:48 - __main__ - INFO - === FOLD 0/4 ===
2026-09-09 17:20:48 - __main__ - INFO - Output directory: results/search_v9_multitask/cv_results/fold_0
2026-09-09 17:20:48 - __main__ - INFO - Using device: cuda
2026-09-09 17:20:48 - __main__ - INFO - Class imbalance: logit adjustment, tau SEARCHED in [0.05, 0.8]
2026-09-09 17:20:48 - __main__ - INFO - community_type: 5 classes, 2073 labelled, 643 masked - ['gut', 'oral', 'plant tissue', 'skeletal tissue', 'soft tissue']...
2026-09-09 17:20:48 - __main__ - INFO - feature: 10 classes, 608 labelled, 2108 masked - ['archeological site', 'cave', 'lake', 'midden', 'ocean']...
2026-09-09 17:20:48 - __main__ - INFO - sample_host: 24 classes, 2085 labelled, 631 masked - ['Alouatta palliata', 'Ambrosia artemisiifolia', 'Arabidopsis thaliana', 'Bison priscus', 'Canis lupus']...
2026-09-09 17:20:48 - __main__ - INFO - material: 16 classes, 2639 labelled, 77 masked - ['bone', 'dental calculus', 'digestive tract contents', 'intestine', 'lake sediment']...
2026-09-09 17:20:48 - __main__ - INFO - Grouping CV folds on 'archive_project': 68 groups over 2716 runs
2026-09-09 17:20:48 - __main__ - INFO - Outer fold 0 taken from data/splits_v9/dev_folds.tsv (5 dev folds)
2026-09-09 17:20:48 - __main__ - INFO - Train: 2045, Test: 671 (outer fold verified archive_project-disjoint)
2026-09-09 17:20:48 - __main__ - INFO - 3 inner folds verified archive_project-disjoint
2026-09-09 17:20:48 - __main__ - INFO - Starting Optuna optimization with 100 trials...
2026-09-09 17:20:48 - __main__ - INFO - Each trial will be evaluated on 3 inner CV folds
2026-09-09 17:20:49 - __main__ - INFO - community_type priors: [3, 526, 32, 135, 27]
2026-09-09 17:20:49 - __main__ - INFO - feature priors: [6, 0, 153, 0, 179, 2, 52, 0, 0, 0]
2026-09-09 17:20:49 - __main__ - INFO - sample_host priors: [0, 0, 32, 0, 0, 0, 0, 0, 6, 55, 34, 570, 0, 0, 16, 0, 0, 0, 4, 5, 1, 0, 0, 0]
2026-09-09 17:20:49 - __main__ - INFO - material priors: [114, 379, 0, 4, 153, 32, 143, 0, 4, 3, 52, 10, 0, 0, 168, 11]
2026-09-09 17:21:51 - __main__ - INFO - community_type priors: [53, 1061, 43, 161, 27]
2026-09-09 17:21:51 - __main__ - INFO - feature priors: [11, 0, 12, 46, 92, 0, 52, 24, 29, 10]
2026-09-09 17:21:51 - __main__ - INFO - sample_host priors: [0, 11, 32, 16, 1, 0, 0, 20, 6, 55, 34, 1096, 0, 11, 16, 0, 0, 0, 0, 0, 0, 24, 0, 23]
2026-09-09 17:21:51 - __main__ - INFO - material priors: [97, 817, 16, 15, 12, 43, 90, 15, 4, 26, 70, 63, 24, 2, 308, 11]
2026-09-09 17:23:39 - __main__ - INFO - community_type priors: [56, 753, 11, 128, 0]
2026-09-09 17:23:39 - __main__ - INFO - feature priors: [17, 0, 145, 46, 87, 2, 0, 24, 29, 10]
2026-09-09 17:23:39 - __main__ - INFO - sample_host priors: [0, 11, 0, 16, 1, 0, 0, 20, 0, 0, 0, 832, 0, 11, 0, 0, 0, 0, 4, 5, 1, 24, 0, 23]
2026-09-09 17:23:39 - __main__ - INFO - material priors: [43, 520, 16, 11, 145, 11, 53, 15, 0, 29, 18, 69, 24, 2, 318, 0]
2026-09-09 17:25:07 - __main__ - INFO - community_type priors: [3, 526, 32, 135, 27]
2026-09-09 17:25:07 - __main__ - INFO - feature priors: [6, 0, 153, 0, 179, 2, 52, 0, 0, 0]
2026-09-09 17:25:07 - __main__ - INFO - sample_host priors: [0, 0, 32, 0, 0, 0, 0, 0, 6, 55, 34, 570, 0, 0, 16, 0, 0, 0, 4, 5, 1, 0, 0, 0]
2026-09-09 17:25:07 - __main__ - INFO - material priors: [114, 379, 0, 4, 153, 32, 143, 0, 4, 3, 52, 10, 0, 0, 168, 11]
2026-09-09 17:25:47 - __main__ - INFO - community_type priors: [53, 1061, 43, 161, 27]
2026-09-09 17:25:47 - __main__ - INFO - feature priors: [11, 0, 12, 46, 92, 0, 52, 24, 29, 10]
2026-09-09 17:25:47 - __main__ - INFO - sample_host priors: [0, 11, 32, 16, 1, 0, 0, 20, 6, 55, 34, 1096, 0, 11, 16, 0, 0, 0, 0, 0, 0, 24, 0, 23]
2026-09-09 17:25:47 - __main__ - INFO - material priors: [97, 817, 16, 15, 12, 43, 90, 15, 4, 26, 70, 63, 24, 2, 308, 11]
2026-09-09 17:26:49 - __main__ - INFO - community_type priors: [56, 753, 11, 128, 0]
2026-09-09 17:26:49 - __main__ - INFO - feature priors: [17, 0, 145, 46, 87, 2, 0, 24, 29, 10]
2026-09-09 17:26:49 - __main__ - INFO - sample_host priors: [0, 11, 0, 16, 1, 0, 0, 20, 0, 0, 0, 832, 0, 11, 0, 0, 0, 0, 4, 5, 1, 24, 0, 23]
2026-09-09 17:26:49 - __main__ - INFO - material priors: [43, 520, 16, 11, 145, 11, 53, 15, 0, 29, 18, 69, 24, 2, 318, 0]
2026-09-09 17:27:41 - __main__ - INFO - community_type priors: [3, 526, 32, 135, 27]
2026-09-09 17:27:41 - __main__ - INFO - feature priors: [6, 0, 153, 0, 179, 2, 52, 0, 0, 0]
2026-09-09 17:27:41 - __main__ - INFO - sample_host priors: [0, 0, 32, 0, 0, 0, 0, 0, 6, 55, 34, 570, 0, 0, 16, 0, 0, 0, 4, 5, 1, 0, 0, 0]
2026-09-09 17:27:41 - __main__ - INFO - material priors: [114, 379, 0, 4, 153, 32, 143, 0, 4, 3, 52, 10, 0, 0, 168, 11]
2026-09-09 17:28:06 - __main__ - INFO - community_type priors: [53, 1061, 43, 161, 27]
2026-09-09 17:28:06 - __main__ - INFO - feature priors: [11, 0, 12, 46, 92, 0, 52, 24, 29, 10]
2026-09-09 17:28:06 - __main__ - INFO - sample_host priors: [0, 11, 32, 16, 1, 0, 0, 20, 6, 55, 34, 1096, 0, 11, 16, 0, 0, 0, 0, 0, 0, 24, 0, 23]
2026-09-09 17:28:06 - __main__ - INFO - material priors: [97, 817, 16, 15, 12, 43, 90, 15, 4, 26, 70, 63, 24, 2, 308, 11]
2026-09-09 17:29:01 - __main__ - INFO - community_type priors: [56, 753, 11, 128, 0]
2026-09-09 17:29:01 - __main__ - INFO - feature priors: [17, 0, 145, 46, 87, 2, 0, 24, 29, 10]
2026-09-09 17:29:01 - __main__ - INFO - sample_host priors: [0, 11, 0, 16, 1, 0, 0, 20, 0, 0, 0, 832, 0, 11, 0, 0, 0, 0, 4, 5, 1, 24, 0, 23]
2026-09-09 17:29:01 - __main__ - INFO - material priors: [43, 520, 16, 11, 145, 11, 53, 15, 0, 29, 18, 69, 24, 2, 318, 0]
2026-09-09 17:29:48 - __main__ - INFO - community_type priors: [3, 526, 32, 135, 27]
2026-09-09 17:29:48 - __main__ - INFO - feature priors: [6, 0, 153, 0, 179, 2, 52, 0, 0, 0]
2026-09-09 17:29:48 - __main__ - INFO - sample_host priors: [0, 0, 32, 0, 0, 0, 0, 0, 6, 55, 34, 570, 0, 0, 16, 0, 0, 0, 4, 5, 1, 0, 0, 0]
2026-09-09 17:29:48 - __main__ - INFO - material priors: [114, 379, 0, 4, 153, 32, 143, 0, 4, 3, 52, 10, 0, 0, 168, 11]
2026-09-09 17:30:38 - __main__ - INFO - community_type priors: [53, 1061, 43, 161, 27]
2026-09-09 17:30:38 - __main__ - INFO - feature priors: [11, 0, 12, 46, 92, 0, 52, 24, 29, 10]
2026-09-09 17:30:38 - __main__ - INFO - sample_host priors: [0, 11, 32, 16, 1, 0, 0, 20, 6, 55, 34, 1096, 0, 11, 16, 0, 0, 0, 0, 0, 0, 24, 0, 23]
2026-09-09 17:30:38 - __main__ - INFO - material priors: [97, 817, 16, 15, 12, 43, 90, 15, 4, 26, 70, 63, 24, 2, 308, 11]
2026-09-09 17:31:29 - __main__ - INFO - community_type priors: [56, 753, 11, 128, 0]
2026-09-09 17:31:29 - __main__ - INFO - feature priors: [17, 0, 145, 46, 87, 2, 0, 24, 29, 10]
2026-09-09 17:31:29 - __main__ - INFO - sample_host priors: [0, 11, 0, 16, 1, 0, 0, 20, 0, 0, 0, 832, 0, 11, 0, 0, 0, 0, 4, 5, 1, 24, 0, 23]
2026-09-09 17:31:29 - __main__ - INFO - material priors: [43, 520, 16, 11, 145, 11, 53, 15, 0, 29, 18, 69, 24, 2, 318, 0]
2026-09-09 17:32:39 - __main__ - INFO - community_type priors: [3, 526, 32, 135, 27]
2026-09-09 17:32:39 - __main__ - INFO - feature priors: [6, 0, 153, 0, 179, 2, 52, 0, 0, 0]
2026-09-09 17:32:39 - __main__ - INFO - sample_host priors: [0, 0, 32, 0, 0, 0, 0, 0, 6, 55, 34, 570, 0, 0, 16, 0, 0, 0, 4, 5, 1, 0, 0, 0]
2026-09-09 17:32:39 - __main__ - INFO - material priors: [114, 379, 0, 4, 153, 32, 143, 0, 4, 3, 52, 10, 0, 0, 168, 11]
2026-09-09 17:33:32 - __main__ - INFO - community_type priors: [53, 1061, 43, 161, 27]
2026-09-09 17:33:32 - __main__ - INFO - feature priors: [11, 0, 12, 46, 92, 0, 52, 24, 29, 10]
2026-09-09 17:33:32 - __main__ - INFO - sample_host priors: [0, 11, 32, 16, 1, 0, 0, 20, 6, 55, 34, 1096, 0, 11, 16, 0, 0, 0, 0, 0, 0, 24, 0, 23]
2026-09-09 17:33:32 - __main__ - INFO - material priors: [97, 817, 16, 15, 12, 43, 90, 15, 4, 26, 70, 63, 24, 2, 308, 11]
2026-09-09 17:34:22 - __main__ - INFO - community_type priors: [56, 753, 11, 128, 0]
2026-09-09 17:34:22 - __main__ - INFO - feature priors: [17, 0, 145, 46, 87, 2, 0, 24, 29, 10]
2026-09-09 17:34:22 - __main__ - INFO - sample_host priors: [0, 11, 0, 16, 1, 0, 0, 20, 0, 0, 0, 832, 0, 11, 0, 0, 0, 0, 4, 5, 1, 24, 0, 23]
2026-09-09 17:34:22 - __main__ - INFO - material priors: [43, 520, 16, 11, 145, 11, 53, 15, 0, 29, 18, 69, 24, 2, 318, 0]
2026-09-09 17:35:40 - __main__ - INFO - community_type priors: [3, 526, 32, 135, 27]
2026-09-09 17:35:40 - __main__ - INFO - feature priors: [6, 0, 153, 0, 179, 2, 52, 0, 0, 0]
2026-09-09 17:35:40 - __main__ - INFO - sample_host priors: [0, 0, 32, 0, 0, 0, 0, 0, 6, 55, 34, 570, 0, 0, 16, 0, 0, 0, 4, 5, 1, 0, 0, 0]
2026-09-09 17:35:40 - __main__ - INFO - material priors: [114, 379, 0, 4, 153, 32, 143, 0, 4, 3, 52, 10, 0, 0, 168, 11]
2026-09-09 17:36:53 - __main__ - INFO - community_type priors: [53, 1061, 43, 161, 27]
2026-09-09 17:36:53 - __main__ - INFO - feature priors: [11, 0, 12, 46, 92, 0, 52, 24, 29, 10]
2026-09-09 17:36:53 - __main__ - INFO - sample_host priors: [0, 11, 32, 16, 1, 0, 0, 20, 6, 55, 34, 1096, 0, 11, 16, 0, 0, 0, 0, 0, 0, 24, 0, 23]
2026-09-09 17:36:53 - __main__ - INFO - material priors: [97, 817, 16, 15, 12, 43, 90, 15, 4, 26, 70, 63, 24, 2, 308, 11]
2026-09-09 17:37:54 - __main__ - INFO - community_type priors: [56, 753, 11, 128, 0]
2026-09-09 17:37:54 - __main__ - INFO - feature priors: [17, 0, 145, 46, 87, 2, 0, 24, 29, 10]
2026-09-09 17:37:54 - __main__ - INFO - sample_host priors: [0, 11, 0, 16, 1, 0, 0, 20, 0, 0, 0, 832, 0, 11, 0, 0, 0, 0, 4, 5, 1, 24, 0, 23]
2026-09-09 17:37:54 - __main__ - INFO - material priors: [43, 520, 16, 11, 145, 11, 53, 15, 0, 29, 18, 69, 24, 2, 318, 0]
2026-09-09 17:39:15 - __main__ - INFO - community_type priors: [3, 526, 32, 135, 27]
2026-09-09 17:39:15 - __main__ - INFO - feature priors: [6, 0, 153, 0, 179, 2, 52, 0, 0, 0]
2026-09-09 17:39:15 - __main__ - INFO - sample_host priors: [0, 0, 32, 0, 0, 0, 0, 0, 6, 55, 34, 570, 0, 0, 16, 0, 0, 0, 4, 5, 1, 0, 0, 0]
2026-09-09 17:39:15 - __main__ - INFO - material priors: [114, 379, 0, 4, 153, 32, 143, 0, 4, 3, 52, 10, 0, 0, 168, 11]
2026-09-09 17:39:54 - __main__ - INFO - community_type priors: [53, 1061, 43, 161, 27]
2026-09-09 17:39:54 - __main__ - INFO - feature priors: [11, 0, 12, 46, 92, 0, 52, 24, 29, 10]
2026-09-09 17:39:54 - __main__ - INFO - sample_host priors: [0, 11, 32, 16, 1, 0, 0, 20, 6, 55, 34, 1096, 0, 11, 16, 0, 0, 0, 0, 0, 0, 24, 0, 23]
2026-09-09 17:39:54 - __main__ - INFO - material priors: [97, 817, 16, 15, 12, 43, 90, 15, 4, 26, 70, 63, 24, 2, 308, 11]
2026-09-09 17:40:33 - __main__ - INFO - community_type priors: [56, 753, 11, 128, 0]
2026-09-09 17:40:33 - __main__ - INFO - feature priors: [17, 0, 145, 46, 87, 2, 0, 24, 29, 10]
2026-09-09 17:40:33 - __main__ - INFO - sample_host priors: [0, 11, 0, 16, 1, 0, 0, 20, 0, 0, 0, 832, 0, 11, 0, 0, 0, 0, 4, 5, 1, 24, 0, 23]
2026-09-09 17:40:33 - __main__ - INFO - material priors: [43, 520, 16, 11, 145, 11, 53, 15, 0, 29, 18, 69, 24, 2, 318, 0]
2026-09-09 17:41:26 - __main__ - INFO - community_type priors: [3, 526, 32, 135, 27]
2026-09-09 17:41:26 - __main__ - INFO - feature priors: [6, 0, 153, 0, 179, 2, 52, 0, 0, 0]
2026-09-09 17:41:26 - __main__ - INFO - sample_host priors: [0, 0, 32, 0, 0, 0, 0, 0, 6, 55, 34, 570, 0, 0, 16, 0, 0, 0, 4, 5, 1, 0, 0, 0]
2026-09-09 17:41:26 - __main__ - INFO - material priors: [114, 379, 0, 4, 153, 32, 143, 0, 4, 3, 52, 10, 0, 0, 168, 11]
2026-09-09 17:42:09 - __main__ - INFO - community_type priors: [53, 1061, 43, 161, 27]
2026-09-09 17:42:09 - __main__ - INFO - feature priors: [11, 0, 12, 46, 92, 0, 52, 24, 29, 10]
2026-09-09 17:42:09 - __main__ - INFO - sample_host priors: [0, 11, 32, 16, 1, 0, 0, 20, 6, 55, 34, 1096, 0, 11, 16, 0, 0, 0, 0, 0, 0, 24, 0, 23]
2026-09-09 17:42:09 - __main__ - INFO - material priors: [97, 817, 16, 15, 12, 43, 90, 15, 4, 26, 70, 63, 24, 2, 308, 11]
2026-09-09 17:43:32 - __main__ - INFO - community_type priors: [56, 753, 11, 128, 0]
2026-09-09 17:43:32 - __main__ - INFO - feature priors: [17, 0, 145, 46, 87, 2, 0, 24, 29, 10]
2026-09-09 17:43:32 - __main__ - INFO - sample_host priors: [0, 11, 0, 16, 1, 0, 0, 20, 0, 0, 0, 832, 0, 11, 0, 0, 0, 0, 4, 5, 1, 24, 0, 23]
2026-09-09 17:43:32 - __main__ - INFO - material priors: [43, 520, 16, 11, 145, 11, 53, 15, 0, 29, 18, 69, 24, 2, 318, 0]
2026-09-09 17:44:43 - __main__ - INFO - community_type priors: [3, 526, 32, 135, 27]
2026-09-09 17:44:43 - __main__ - INFO - feature priors: [6, 0, 153, 0, 179, 2, 52, 0, 0, 0]
2026-09-09 17:44:43 - __main__ - INFO - sample_host priors: [0, 0, 32, 0, 0, 0, 0, 0, 6, 55, 34, 570, 0, 0, 16, 0, 0, 0, 4, 5, 1, 0, 0, 0]
2026-09-09 17:44:43 - __main__ - INFO - material priors: [114, 379, 0, 4, 153, 32, 143, 0, 4, 3, 52, 10, 0, 0, 168, 11]
2026-09-09 17:45:22 - __main__ - INFO - community_type priors: [53, 1061, 43, 161, 27]
2026-09-09 17:45:23 - __main__ - INFO - feature priors: [11, 0, 12, 46, 92, 0, 52, 24, 29, 10]
2026-09-09 17:45:23 - __main__ - INFO - sample_host priors: [0, 11, 32, 16, 1, 0, 0, 20, 6, 55, 34, 1096, 0, 11, 16, 0, 0, 0, 0, 0, 0, 24, 0, 23]
2026-09-09 17:45:23 - __main__ - INFO - material priors: [97, 817, 16, 15, 12, 43, 90, 15, 4, 26, 70, 63, 24, 2, 308, 11]
2026-09-09 17:46:40 - __main__ - INFO - community_type priors: [56, 753, 11, 128, 0]
2026-09-09 17:46:40 - __main__ - INFO - feature priors: [17, 0, 145, 46, 87, 2, 0, 24, 29, 10]
2026-09-09 17:46:40 - __main__ - INFO - sample_host priors: [0, 11, 0, 16, 1, 0, 0, 20, 0, 0, 0, 832, 0, 11, 0, 0, 0, 0, 4, 5, 1, 24, 0, 23]
2026-09-09 17:46:40 - __main__ - INFO - material priors: [43, 520, 16, 11, 145, 11, 53, 15, 0, 29, 18, 69, 24, 2, 318, 0]
2026-09-09 17:47:48 - __main__ - INFO - community_type priors: [3, 526, 32, 135, 27]
2026-09-09 17:47:48 - __main__ - INFO - feature priors: [6, 0, 153, 0, 179, 2, 52, 0, 0, 0]
2026-09-09 17:47:48 - __main__ - INFO - sample_host priors: [0, 0, 32, 0, 0, 0, 0, 0, 6, 55, 34, 570, 0, 0, 16, 0, 0, 0, 4, 5, 1, 0, 0, 0]
2026-09-09 17:47:48 - __main__ - INFO - material priors: [114, 379, 0, 4, 153, 32, 143, 0, 4, 3, 52, 10, 0, 0, 168, 11]
2026-09-09 17:48:19 - __main__ - INFO - community_type priors: [53, 1061, 43, 161, 27]
2026-09-09 17:48:19 - __main__ - INFO - feature priors: [11, 0, 12, 46, 92, 0, 52, 24, 29, 10]
2026-09-09 17:48:19 - __main__ - INFO - sample_host priors: [0, 11, 32, 16, 1, 0, 0, 20, 6, 55, 34, 1096, 0, 11, 16, 0, 0, 0, 0, 0, 0, 24, 0, 23]
2026-09-09 17:48:19 - __main__ - INFO - material priors: [97, 817, 16, 15, 12, 43, 90, 15, 4, 26, 70, 63, 24, 2, 308, 11]
2026-09-09 17:49:05 - __main__ - INFO - community_type priors: [56, 753, 11, 128, 0]
2026-09-09 17:49:05 - __main__ - INFO - feature priors: [17, 0, 145, 46, 87, 2, 0, 24, 29, 10]
2026-09-09 17:49:05 - __main__ - INFO - sample_host priors: [0, 11, 0, 16, 1, 0, 0, 20, 0, 0, 0, 832, 0, 11, 0, 0, 0, 0, 4, 5, 1, 24, 0, 23]
2026-09-09 17:49:05 - __main__ - INFO - material priors: [43, 520, 16, 11, 145, 11, 53, 15, 0, 29, 18, 69, 24, 2, 318, 0]
2026-09-09 17:49:58 - __main__ - INFO - community_type priors: [3, 526, 32, 135, 27]
2026-09-09 17:49:58 - __main__ - INFO - feature priors: [6, 0, 153, 0, 179, 2, 52, 0, 0, 0]
2026-09-09 17:49:58 - __main__ - INFO - sample_host priors: [0, 0, 32, 0, 0, 0, 0, 0, 6, 55, 34, 570, 0, 0, 16, 0, 0, 0, 4, 5, 1, 0, 0, 0]
2026-09-09 17:49:58 - __main__ - INFO - material priors: [114, 379, 0, 4, 153, 32, 143, 0, 4, 3, 52, 10, 0, 0, 168, 11]
2026-09-09 17:50:53 - __main__ - INFO - community_type priors: [53, 1061, 43, 161, 27]
2026-09-09 17:50:53 - __main__ - INFO - feature priors: [11, 0, 12, 46, 92, 0, 52, 24, 29, 10]
2026-09-09 17:50:53 - __main__ - INFO - sample_host priors: [0, 11, 32, 16, 1, 0, 0, 20, 6, 55, 34, 1096, 0, 11, 16, 0, 0, 0, 0, 0, 0, 24, 0, 23]
2026-09-09 17:50:53 - __main__ - INFO - material priors: [97, 817, 16, 15, 12, 43, 90, 15, 4, 26, 70, 63, 24, 2, 308, 11]
2026-09-09 17:51:53 - __main__ - INFO - community_type priors: [56, 753, 11, 128, 0]
2026-09-09 17:51:54 - __main__ - INFO - feature priors: [17, 0, 145, 46, 87, 2, 0, 24, 29, 10]
2026-09-09 17:51:54 - __main__ - INFO - sample_host priors: [0, 11, 0, 16, 1, 0, 0, 20, 0, 0, 0, 832, 0, 11, 0, 0, 0, 0, 4, 5, 1, 24, 0, 23]
2026-09-09 17:51:54 - __main__ - INFO - material priors: [43, 520, 16, 11, 145, 11, 53, 15, 0, 29, 18, 69, 24, 2, 318, 0]
2026-09-09 17:52:26 - __main__ - INFO - community_type priors: [3, 526, 32, 135, 27]
2026-09-09 17:52:26 - __main__ - INFO - feature priors: [6, 0, 153, 0, 179, 2, 52, 0, 0, 0]
2026-09-09 17:52:26 - __main__ - INFO - sample_host priors: [0, 0, 32, 0, 0, 0, 0, 0, 6, 55, 34, 570, 0, 0, 16, 0, 0, 0, 4, 5, 1, 0, 0, 0]
2026-09-09 17:52:26 - __main__ - INFO - material priors: [114, 379, 0, 4, 153, 32, 143, 0, 4, 3, 52, 10, 0, 0, 168, 11]
2026-09-09 17:52:55 - __main__ - INFO - community_type priors: [53, 1061, 43, 161, 27]
2026-09-09 17:52:55 - __main__ - INFO - feature priors: [11, 0, 12, 46, 92, 0, 52, 24, 29, 10]
2026-09-09 17:52:55 - __main__ - INFO - sample_host priors: [0, 11, 32, 16, 1, 0, 0, 20, 6, 55, 34, 1096, 0, 11, 16, 0, 0, 0, 0, 0, 0, 24, 0, 23]
2026-09-09 17:52:55 - __main__ - INFO - material priors: [97, 817, 16, 15, 12, 43, 90, 15, 4, 26, 70, 63, 24, 2, 308, 11]
2026-09-09 17:54:10 - __main__ - INFO - community_type priors: [56, 753, 11, 128, 0]
2026-09-09 17:54:10 - __main__ - INFO - feature priors: [17, 0, 145, 46, 87, 2, 0, 24, 29, 10]
2026-09-09 17:54:10 - __main__ - INFO - sample_host priors: [0, 11, 0, 16, 1, 0, 0, 20, 0, 0, 0, 832, 0, 11, 0, 0, 0, 0, 4, 5, 1, 24, 0, 23]
2026-09-09 17:54:10 - __main__ - INFO - material priors: [43, 520, 16, 11, 145, 11, 53, 15, 0, 29, 18, 69, 24, 2, 318, 0]
2026-09-09 17:54:58 - __main__ - INFO - community_type priors: [3, 526, 32, 135, 27]
2026-09-09 17:54:58 - __main__ - INFO - feature priors: [6, 0, 153, 0, 179, 2, 52, 0, 0, 0]
2026-09-09 17:54:58 - __main__ - INFO - sample_host priors: [0, 0, 32, 0, 0, 0, 0, 0, 6, 55, 34, 570, 0, 0, 16, 0, 0, 0, 4, 5, 1, 0, 0, 0]
2026-09-09 17:54:58 - __main__ - INFO - material priors: [114, 379, 0, 4, 153, 32, 143, 0, 4, 3, 52, 10, 0, 0, 168, 11]
2026-09-09 17:55:33 - __main__ - INFO - community_type priors: [53, 1061, 43, 161, 27]
2026-09-09 17:55:33 - __main__ - INFO - feature priors: [11, 0, 12, 46, 92, 0, 52, 24, 29, 10]
2026-09-09 17:55:33 - __main__ - INFO - sample_host priors: [0, 11, 32, 16, 1, 0, 0, 20, 6, 55, 34, 1096, 0, 11, 16, 0, 0, 0, 0, 0, 0, 24, 0, 23]
2026-09-09 17:55:33 - __main__ - INFO - material priors: [97, 817, 16, 15, 12, 43, 90, 15, 4, 26, 70, 63, 24, 2, 308, 11]
2026-09-09 17:56:21 - __main__ - INFO - community_type priors: [56, 753, 11, 128, 0]
2026-09-09 17:56:21 - __main__ - INFO - feature priors: [17, 0, 145, 46, 87, 2, 0, 24, 29, 10]
2026-09-09 17:56:21 - __main__ - INFO - sample_host priors: [0, 11, 0, 16, 1, 0, 0, 20, 0, 0, 0, 832, 0, 11, 0, 0, 0, 0, 4, 5, 1, 24, 0, 23]
2026-09-09 17:56:21 - __main__ - INFO - material priors: [43, 520, 16, 11, 145, 11, 53, 15, 0, 29, 18, 69, 24, 2, 318, 0]
2026-09-09 17:56:58 - __main__ - INFO - community_type priors: [3, 526, 32, 135, 27]
2026-09-09 17:56:58 - __main__ - INFO - feature priors: [6, 0, 153, 0, 179, 2, 52, 0, 0, 0]
2026-09-09 17:56:58 - __main__ - INFO - sample_host priors: [0, 0, 32, 0, 0, 0, 0, 0, 6, 55, 34, 570, 0, 0, 16, 0, 0, 0, 4, 5, 1, 0, 0, 0]
2026-09-09 17:56:58 - __main__ - INFO - material priors: [114, 379, 0, 4, 153, 32, 143, 0, 4, 3, 52, 10, 0, 0, 168, 11]
2026-09-09 17:57:48 - __main__ - INFO - community_type priors: [53, 1061, 43, 161, 27]
2026-09-09 17:57:48 - __main__ - INFO - feature priors: [11, 0, 12, 46, 92, 0, 52, 24, 29, 10]
2026-09-09 17:57:48 - __main__ - INFO - sample_host priors: [0, 11, 32, 16, 1, 0, 0, 20, 6, 55, 34, 1096, 0, 11, 16, 0, 0, 0, 0, 0, 0, 24, 0, 23]
2026-09-09 17:57:48 - __main__ - INFO - material priors: [97, 817, 16, 15, 12, 43, 90, 15, 4, 26, 70, 63, 24, 2, 308, 11]
2026-09-09 17:58:58 - __main__ - INFO - community_type priors: [56, 753, 11, 128, 0]
2026-09-09 17:58:58 - __main__ - INFO - feature priors: [17, 0, 145, 46, 87, 2, 0, 24, 29, 10]
2026-09-09 17:58:58 - __main__ - INFO - sample_host priors: [0, 11, 0, 16, 1, 0, 0, 20, 0, 0, 0, 832, 0, 11, 0, 0, 0, 0, 4, 5, 1, 24, 0, 23]
2026-09-09 17:58:58 - __main__ - INFO - material priors: [43, 520, 16, 11, 145, 11, 53, 15, 0, 29, 18, 69, 24, 2, 318, 0]
2026-09-09 17:59:52 - __main__ - INFO - community_type priors: [3, 526, 32, 135, 27]
2026-09-09 17:59:52 - __main__ - INFO - feature priors: [6, 0, 153, 0, 179, 2, 52, 0, 0, 0]
2026-09-09 17:59:52 - __main__ - INFO - sample_host priors: [0, 0, 32, 0, 0, 0, 0, 0, 6, 55, 34, 570, 0, 0, 16, 0, 0, 0, 4, 5, 1, 0, 0, 0]
2026-09-09 17:59:52 - __main__ - INFO - material priors: [114, 379, 0, 4, 153, 32, 143, 0, 4, 3, 52, 10, 0, 0, 168, 11]
2026-09-09 18:00:27 - __main__ - INFO - community_type priors: [53, 1061, 43, 161, 27]
2026-09-09 18:00:27 - __main__ - INFO - feature priors: [11, 0, 12, 46, 92, 0, 52, 24, 29, 10]
2026-09-09 18:00:27 - __main__ - INFO - sample_host priors: [0, 11, 32, 16, 1, 0, 0, 20, 6, 55, 34, 1096, 0, 11, 16, 0, 0, 0, 0, 0, 0, 24, 0, 23]
2026-09-09 18:00:27 - __main__ - INFO - material priors: [97, 817, 16, 15, 12, 43, 90, 15, 4, 26, 70, 63, 24, 2, 308, 11]
2026-09-09 18:00:58 - __main__ - INFO - community_type priors: [56, 753, 11, 128, 0]
2026-09-09 18:00:58 - __main__ - INFO - feature priors: [17, 0, 145, 46, 87, 2, 0, 24, 29, 10]
2026-09-09 18:00:58 - __main__ - INFO - sample_host priors: [0, 11, 0, 16, 1, 0, 0, 20, 0, 0, 0, 832, 0, 11, 0, 0, 0, 0, 4, 5, 1, 24, 0, 23]
2026-09-09 18:00:58 - __main__ - INFO - material priors: [43, 520, 16, 11, 145, 11, 53, 15, 0, 29, 18, 69, 24, 2, 318, 0]
2026-09-09 18:01:41 - __main__ - INFO - community_type priors: [3, 526, 32, 135, 27]
2026-09-09 18:01:41 - __main__ - INFO - feature priors: [6, 0, 153, 0, 179, 2, 52, 0, 0, 0]
2026-09-09 18:01:41 - __main__ - INFO - sample_host priors: [0, 0, 32, 0, 0, 0, 0, 0, 6, 55, 34, 570, 0, 0, 16, 0, 0, 0, 4, 5, 1, 0, 0, 0]
2026-09-09 18:01:41 - __main__ - INFO - material priors: [114, 379, 0, 4, 153, 32, 143, 0, 4, 3, 52, 10, 0, 0, 168, 11]
2026-09-09 18:02:17 - __main__ - INFO - community_type priors: [53, 1061, 43, 161, 27]
2026-09-09 18:02:17 - __main__ - INFO - feature priors: [11, 0, 12, 46, 92, 0, 52, 24, 29, 10]
2026-09-09 18:02:17 - __main__ - INFO - sample_host priors: [0, 11, 32, 16, 1, 0, 0, 20, 6, 55, 34, 1096, 0, 11, 16, 0, 0, 0, 0, 0, 0, 24, 0, 23]
2026-09-09 18:02:17 - __main__ - INFO - material priors: [97, 817, 16, 15, 12, 43, 90, 15, 4, 26, 70, 63, 24, 2, 308, 11]
2026-09-09 18:02:45 - __main__ - INFO - community_type priors: [56, 753, 11, 128, 0]
2026-09-09 18:02:45 - __main__ - INFO - feature priors: [17, 0, 145, 46, 87, 2, 0, 24, 29, 10]
2026-09-09 18:02:45 - __main__ - INFO - sample_host priors: [0, 11, 0, 16, 1, 0, 0, 20, 0, 0, 0, 832, 0, 11, 0, 0, 0, 0, 4, 5, 1, 24, 0, 23]
2026-09-09 18:02:45 - __main__ - INFO - material priors: [43, 520, 16, 11, 145, 11, 53, 15, 0, 29, 18, 69, 24, 2, 318, 0]
2026-09-09 18:03:29 - __main__ - INFO - community_type priors: [3, 526, 32, 135, 27]
2026-09-09 18:03:29 - __main__ - INFO - feature priors: [6, 0, 153, 0, 179, 2, 52, 0, 0, 0]
2026-09-09 18:03:29 - __main__ - INFO - sample_host priors: [0, 0, 32, 0, 0, 0, 0, 0, 6, 55, 34, 570, 0, 0, 16, 0, 0, 0, 4, 5, 1, 0, 0, 0]
2026-09-09 18:03:29 - __main__ - INFO - material priors: [114, 379, 0, 4, 153, 32, 143, 0, 4, 3, 52, 10, 0, 0, 168, 11]
2026-09-09 18:04:16 - __main__ - INFO - community_type priors: [53, 1061, 43, 161, 27]
2026-09-09 18:04:16 - __main__ - INFO - feature priors: [11, 0, 12, 46, 92, 0, 52, 24, 29, 10]
2026-09-09 18:04:16 - __main__ - INFO - sample_host priors: [0, 11, 32, 16, 1, 0, 0, 20, 6, 55, 34, 1096, 0, 11, 16, 0, 0, 0, 0, 0, 0, 24, 0, 23]
2026-09-09 18:04:16 - __main__ - INFO - material priors: [97, 817, 16, 15, 12, 43, 90, 15, 4, 26, 70, 63, 24, 2, 308, 11]
2026-09-09 18:04:49 - __main__ - INFO - community_type priors: [56, 753, 11, 128, 0]
2026-09-09 18:04:49 - __main__ - INFO - feature priors: [17, 0, 145, 46, 87, 2, 0, 24, 29, 10]
2026-09-09 18:04:49 - __main__ - INFO - sample_host priors: [0, 11, 0, 16, 1, 0, 0, 20, 0, 0, 0, 832, 0, 11, 0, 0, 0, 0, 4, 5, 1, 24, 0, 23]
2026-09-09 18:04:49 - __main__ - INFO - material priors: [43, 520, 16, 11, 145, 11, 53, 15, 0, 29, 18, 69, 24, 2, 318, 0]
2026-09-09 18:05:46 - __main__ - INFO - community_type priors: [3, 526, 32, 135, 27]
2026-09-09 18:05:46 - __main__ - INFO - feature priors: [6, 0, 153, 0, 179, 2, 52, 0, 0, 0]
2026-09-09 18:05:46 - __main__ - INFO - sample_host priors: [0, 0, 32, 0, 0, 0, 0, 0, 6, 55, 34, 570, 0, 0, 16, 0, 0, 0, 4, 5, 1, 0, 0, 0]
2026-09-09 18:05:46 - __main__ - INFO - material priors: [114, 379, 0, 4, 153, 32, 143, 0, 4, 3, 52, 10, 0, 0, 168, 11]
2026-09-09 18:06:54 - __main__ - INFO - community_type priors: [53, 1061, 43, 161, 27]
2026-09-09 18:06:54 - __main__ - INFO - feature priors: [11, 0, 12, 46, 92, 0, 52, 24, 29, 10]
2026-09-09 18:06:54 - __main__ - INFO - sample_host priors: [0, 11, 32, 16, 1, 0, 0, 20, 6, 55, 34, 1096, 0, 11, 16, 0, 0, 0, 0, 0, 0, 24, 0, 23]
2026-09-09 18:06:54 - __main__ - INFO - material priors: [97, 817, 16, 15, 12, 43, 90, 15, 4, 26, 70, 63, 24, 2, 308, 11]
2026-09-09 18:07:45 - __main__ - INFO - community_type priors: [56, 753, 11, 128, 0]
2026-09-09 18:07:45 - __main__ - INFO - feature priors: [17, 0, 145, 46, 87, 2, 0, 24, 29, 10]
2026-09-09 18:07:45 - __main__ - INFO - sample_host priors: [0, 11, 0, 16, 1, 0, 0, 20, 0, 0, 0, 832, 0, 11, 0, 0, 0, 0, 4, 5, 1, 24, 0, 23]
2026-09-09 18:07:45 - __main__ - INFO - material priors: [43, 520, 16, 11, 145, 11, 53, 15, 0, 29, 18, 69, 24, 2, 318, 0]
2026-09-09 18:09:03 - __main__ - INFO - community_type priors: [3, 526, 32, 135, 27]
2026-09-09 18:09:03 - __main__ - INFO - feature priors: [6, 0, 153, 0, 179, 2, 52, 0, 0, 0]
2026-09-09 18:09:03 - __main__ - INFO - sample_host priors: [0, 0, 32, 0, 0, 0, 0, 0, 6, 55, 34, 570, 0, 0, 16, 0, 0, 0, 4, 5, 1, 0, 0, 0]
2026-09-09 18:09:03 - __main__ - INFO - material priors: [114, 379, 0, 4, 153, 32, 143, 0, 4, 3, 52, 10, 0, 0, 168, 11]
2026-09-09 18:09:26 - __main__ - INFO - community_type priors: [53, 1061, 43, 161, 27]
2026-09-09 18:09:26 - __main__ - INFO - feature priors: [11, 0, 12, 46, 92, 0, 52, 24, 29, 10]
2026-09-09 18:09:26 - __main__ - INFO - sample_host priors: [0, 11, 32, 16, 1, 0, 0, 20, 6, 55, 34, 1096, 0, 11, 16, 0, 0, 0, 0, 0, 0, 24, 0, 23]
2026-09-09 18:09:26 - __main__ - INFO - material priors: [97, 817, 16, 15, 12, 43, 90, 15, 4, 26, 70, 63, 24, 2, 308, 11]
2026-09-09 18:10:01 - __main__ - INFO - community_type priors: [56, 753, 11, 128, 0]
2026-09-09 18:10:01 - __main__ - INFO - feature priors: [17, 0, 145, 46, 87, 2, 0, 24, 29, 10]
2026-09-09 18:10:01 - __main__ - INFO - sample_host priors: [0, 11, 0, 16, 1, 0, 0, 20, 0, 0, 0, 832, 0, 11, 0, 0, 0, 0, 4, 5, 1, 24, 0, 23]
2026-09-09 18:10:01 - __main__ - INFO - material priors: [43, 520, 16, 11, 145, 11, 53, 15, 0, 29, 18, 69, 24, 2, 318, 0]
2026-09-09 18:10:48 - __main__ - INFO - community_type priors: [3, 526, 32, 135, 27]
2026-09-09 18:10:48 - __main__ - INFO - feature priors: [6, 0, 153, 0, 179, 2, 52, 0, 0, 0]
2026-09-09 18:10:48 - __main__ - INFO - sample_host priors: [0, 0, 32, 0, 0, 0, 0, 0, 6, 55, 34, 570, 0, 0, 16, 0, 0, 0, 4, 5, 1, 0, 0, 0]
2026-09-09 18:10:48 - __main__ - INFO - material priors: [114, 379, 0, 4, 153, 32, 143, 0, 4, 3, 52, 10, 0, 0, 168, 11]
2026-09-09 18:11:30 - __main__ - INFO - community_type priors: [53, 1061, 43, 161, 27]
2026-09-09 18:11:30 - __main__ - INFO - feature priors: [11, 0, 12, 46, 92, 0, 52, 24, 29, 10]
2026-09-09 18:11:30 - __main__ - INFO - sample_host priors: [0, 11, 32, 16, 1, 0, 0, 20, 6, 55, 34, 1096, 0, 11, 16, 0, 0, 0, 0, 0, 0, 24, 0, 23]
2026-09-09 18:11:30 - __main__ - INFO - material priors: [97, 817, 16, 15, 12, 43, 90, 15, 4, 26, 70, 63, 24, 2, 308, 11]
2026-09-09 18:11:58 - __main__ - INFO - community_type priors: [56, 753, 11, 128, 0]
2026-09-09 18:11:58 - __main__ - INFO - feature priors: [17, 0, 145, 46, 87, 2, 0, 24, 29, 10]
2026-09-09 18:11:58 - __main__ - INFO - sample_host priors: [0, 11, 0, 16, 1, 0, 0, 20, 0, 0, 0, 832, 0, 11, 0, 0, 0, 0, 4, 5, 1, 24, 0, 23]
2026-09-09 18:11:58 - __main__ - INFO - material priors: [43, 520, 16, 11, 145, 11, 53, 15, 0, 29, 18, 69, 24, 2, 318, 0]
2026-09-09 18:12:27 - __main__ - INFO - community_type priors: [3, 526, 32, 135, 27]
2026-09-09 18:12:27 - __main__ - INFO - feature priors: [6, 0, 153, 0, 179, 2, 52, 0, 0, 0]
2026-09-09 18:12:27 - __main__ - INFO - sample_host priors: [0, 0, 32, 0, 0, 0, 0, 0, 6, 55, 34, 570, 0, 0, 16, 0, 0, 0, 4, 5, 1, 0, 0, 0]
2026-09-09 18:12:27 - __main__ - INFO - material priors: [114, 379, 0, 4, 153, 32, 143, 0, 4, 3, 52, 10, 0, 0, 168, 11]
2026-09-09 18:13:06 - __main__ - INFO - community_type priors: [53, 1061, 43, 161, 27]
2026-09-09 18:13:06 - __main__ - INFO - feature priors: [11, 0, 12, 46, 92, 0, 52, 24, 29, 10]
2026-09-09 18:13:06 - __main__ - INFO - sample_host priors: [0, 11, 32, 16, 1, 0, 0, 20, 6, 55, 34, 1096, 0, 11, 16, 0, 0, 0, 0, 0, 0, 24, 0, 23]
2026-09-09 18:13:06 - __main__ - INFO - material priors: [97, 817, 16, 15, 12, 43, 90, 15, 4, 26, 70, 63, 24, 2, 308, 11]
2026-09-09 18:13:39 - __main__ - INFO - community_type priors: [56, 753, 11, 128, 0]
2026-09-09 18:13:39 - __main__ - INFO - feature priors: [17, 0, 145, 46, 87, 2, 0, 24, 29, 10]
2026-09-09 18:13:39 - __main__ - INFO - sample_host priors: [0, 11, 0, 16, 1, 0, 0, 20, 0, 0, 0, 832, 0, 11, 0, 0, 0, 0, 4, 5, 1, 24, 0, 23]
2026-09-09 18:13:39 - __main__ - INFO - material priors: [43, 520, 16, 11, 145, 11, 53, 15, 0, 29, 18, 69, 24, 2, 318, 0]
2026-09-09 18:14:33 - __main__ - INFO - community_type priors: [3, 526, 32, 135, 27]
2026-09-09 18:14:33 - __main__ - INFO - feature priors: [6, 0, 153, 0, 179, 2, 52, 0, 0, 0]
2026-09-09 18:14:33 - __main__ - INFO - sample_host priors: [0, 0, 32, 0, 0, 0, 0, 0, 6, 55, 34, 570, 0, 0, 16, 0, 0, 0, 4, 5, 1, 0, 0, 0]
2026-09-09 18:14:33 - __main__ - INFO - material priors: [114, 379, 0, 4, 153, 32, 143, 0, 4, 3, 52, 10, 0, 0, 168, 11]
2026-09-09 18:15:42 - __main__ - INFO - community_type priors: [53, 1061, 43, 161, 27]
2026-09-09 18:15:42 - __main__ - INFO - feature priors: [11, 0, 12, 46, 92, 0, 52, 24, 29, 10]
2026-09-09 18:15:42 - __main__ - INFO - sample_host priors: [0, 11, 32, 16, 1, 0, 0, 20, 6, 55, 34, 1096, 0, 11, 16, 0, 0, 0, 0, 0, 0, 24, 0, 23]
2026-09-09 18:15:42 - __main__ - INFO - material priors: [97, 817, 16, 15, 12, 43, 90, 15, 4, 26, 70, 63, 24, 2, 308, 11]
2026-09-09 18:16:30 - __main__ - INFO - community_type priors: [56, 753, 11, 128, 0]
2026-09-09 18:16:30 - __main__ - INFO - feature priors: [17, 0, 145, 46, 87, 2, 0, 24, 29, 10]
2026-09-09 18:16:30 - __main__ - INFO - sample_host priors: [0, 11, 0, 16, 1, 0, 0, 20, 0, 0, 0, 832, 0, 11, 0, 0, 0, 0, 4, 5, 1, 24, 0, 23]
2026-09-09 18:16:30 - __main__ - INFO - material priors: [43, 520, 16, 11, 145, 11, 53, 15, 0, 29, 18, 69, 24, 2, 318, 0]
2026-09-09 18:17:28 - __main__ - INFO - community_type priors: [3, 526, 32, 135, 27]
2026-09-09 18:17:28 - __main__ - INFO - feature priors: [6, 0, 153, 0, 179, 2, 52, 0, 0, 0]
2026-09-09 18:17:28 - __main__ - INFO - sample_host priors: [0, 0, 32, 0, 0, 0, 0, 0, 6, 55, 34, 570, 0, 0, 16, 0, 0, 0, 4, 5, 1, 0, 0, 0]
2026-09-09 18:17:28 - __main__ - INFO - material priors: [114, 379, 0, 4, 153, 32, 143, 0, 4, 3, 52, 10, 0, 0, 168, 11]
2026-09-09 18:18:34 - __main__ - INFO - community_type priors: [53, 1061, 43, 161, 27]
2026-09-09 18:18:34 - __main__ - INFO - feature priors: [11, 0, 12, 46, 92, 0, 52, 24, 29, 10]
2026-09-09 18:18:34 - __main__ - INFO - sample_host priors: [0, 11, 32, 16, 1, 0, 0, 20, 6, 55, 34, 1096, 0, 11, 16, 0, 0, 0, 0, 0, 0, 24, 0, 23]
2026-09-09 18:18:34 - __main__ - INFO - material priors: [97, 817, 16, 15, 12, 43, 90, 15, 4, 26, 70, 63, 24, 2, 308, 11]
2026-09-09 18:19:24 - __main__ - INFO - community_type priors: [56, 753, 11, 128, 0]
2026-09-09 18:19:24 - __main__ - INFO - feature priors: [17, 0, 145, 46, 87, 2, 0, 24, 29, 10]
2026-09-09 18:19:24 - __main__ - INFO - sample_host priors: [0, 11, 0, 16, 1, 0, 0, 20, 0, 0, 0, 832, 0, 11, 0, 0, 0, 0, 4, 5, 1, 24, 0, 23]
2026-09-09 18:19:24 - __main__ - INFO - material priors: [43, 520, 16, 11, 145, 11, 53, 15, 0, 29, 18, 69, 24, 2, 318, 0]
2026-09-09 18:20:42 - __main__ - INFO - community_type priors: [3, 526, 32, 135, 27]
2026-09-09 18:20:42 - __main__ - INFO - feature priors: [6, 0, 153, 0, 179, 2, 52, 0, 0, 0]
2026-09-09 18:20:42 - __main__ - INFO - sample_host priors: [0, 0, 32, 0, 0, 0, 0, 0, 6, 55, 34, 570, 0, 0, 16, 0, 0, 0, 4, 5, 1, 0, 0, 0]
2026-09-09 18:20:42 - __main__ - INFO - material priors: [114, 379, 0, 4, 153, 32, 143, 0, 4, 3, 52, 10, 0, 0, 168, 11]
2026-09-09 18:21:51 - __main__ - INFO - community_type priors: [53, 1061, 43, 161, 27]
2026-09-09 18:21:51 - __main__ - INFO - feature priors: [11, 0, 12, 46, 92, 0, 52, 24, 29, 10]
2026-09-09 18:21:51 - __main__ - INFO - sample_host priors: [0, 11, 32, 16, 1, 0, 0, 20, 6, 55, 34, 1096, 0, 11, 16, 0, 0, 0, 0, 0, 0, 24, 0, 23]
2026-09-09 18:21:51 - __main__ - INFO - material priors: [97, 817, 16, 15, 12, 43, 90, 15, 4, 26, 70, 63, 24, 2, 308, 11]
2026-09-09 18:23:31 - __main__ - INFO - community_type priors: [56, 753, 11, 128, 0]
2026-09-09 18:23:31 - __main__ - INFO - feature priors: [17, 0, 145, 46, 87, 2, 0, 24, 29, 10]
2026-09-09 18:23:31 - __main__ - INFO - sample_host priors: [0, 11, 0, 16, 1, 0, 0, 20, 0, 0, 0, 832, 0, 11, 0, 0, 0, 0, 4, 5, 1, 24, 0, 23]
2026-09-09 18:23:31 - __main__ - INFO - material priors: [43, 520, 16, 11, 145, 11, 53, 15, 0, 29, 18, 69, 24, 2, 318, 0]
2026-09-09 18:24:53 - __main__ - INFO - community_type priors: [3, 526, 32, 135, 27]
2026-09-09 18:24:53 - __main__ - INFO - feature priors: [6, 0, 153, 0, 179, 2, 52, 0, 0, 0]
2026-09-09 18:24:53 - __main__ - INFO - sample_host priors: [0, 0, 32, 0, 0, 0, 0, 0, 6, 55, 34, 570, 0, 0, 16, 0, 0, 0, 4, 5, 1, 0, 0, 0]
2026-09-09 18:24:53 - __main__ - INFO - material priors: [114, 379, 0, 4, 153, 32, 143, 0, 4, 3, 52, 10, 0, 0, 168, 11]
2026-09-09 18:25:36 - __main__ - INFO - community_type priors: [53, 1061, 43, 161, 27]
2026-09-09 18:25:36 - __main__ - INFO - feature priors: [11, 0, 12, 46, 92, 0, 52, 24, 29, 10]
2026-09-09 18:25:36 - __main__ - INFO - sample_host priors: [0, 11, 32, 16, 1, 0, 0, 20, 6, 55, 34, 1096, 0, 11, 16, 0, 0, 0, 0, 0, 0, 24, 0, 23]
2026-09-09 18:25:36 - __main__ - INFO - material priors: [97, 817, 16, 15, 12, 43, 90, 15, 4, 26, 70, 63, 24, 2, 308, 11]
2026-09-09 18:27:03 - __main__ - INFO - community_type priors: [56, 753, 11, 128, 0]
2026-09-09 18:27:03 - __main__ - INFO - feature priors: [17, 0, 145, 46, 87, 2, 0, 24, 29, 10]
2026-09-09 18:27:03 - __main__ - INFO - sample_host priors: [0, 11, 0, 16, 1, 0, 0, 20, 0, 0, 0, 832, 0, 11, 0, 0, 0, 0, 4, 5, 1, 24, 0, 23]
2026-09-09 18:27:03 - __main__ - INFO - material priors: [43, 520, 16, 11, 145, 11, 53, 15, 0, 29, 18, 69, 24, 2, 318, 0]
2026-09-09 18:27:42 - __main__ - INFO - community_type priors: [3, 526, 32, 135, 27]
2026-09-09 18:27:42 - __main__ - INFO - feature priors: [6, 0, 153, 0, 179, 2, 52, 0, 0, 0]
2026-09-09 18:27:42 - __main__ - INFO - sample_host priors: [0, 0, 32, 0, 0, 0, 0, 0, 6, 55, 34, 570, 0, 0, 16, 0, 0, 0, 4, 5, 1, 0, 0, 0]
2026-09-09 18:27:42 - __main__ - INFO - material priors: [114, 379, 0, 4, 153, 32, 143, 0, 4, 3, 52, 10, 0, 0, 168, 11]
2026-09-09 18:28:23 - __main__ - INFO - community_type priors: [53, 1061, 43, 161, 27]
2026-09-09 18:28:23 - __main__ - INFO - feature priors: [11, 0, 12, 46, 92, 0, 52, 24, 29, 10]
2026-09-09 18:28:23 - __main__ - INFO - sample_host priors: [0, 11, 32, 16, 1, 0, 0, 20, 6, 55, 34, 1096, 0, 11, 16, 0, 0, 0, 0, 0, 0, 24, 0, 23]
2026-09-09 18:28:23 - __main__ - INFO - material priors: [97, 817, 16, 15, 12, 43, 90, 15, 4, 26, 70, 63, 24, 2, 308, 11]
2026-09-09 18:29:53 - __main__ - INFO - community_type priors: [56, 753, 11, 128, 0]
2026-09-09 18:29:53 - __main__ - INFO - feature priors: [17, 0, 145, 46, 87, 2, 0, 24, 29, 10]
2026-09-09 18:29:53 - __main__ - INFO - sample_host priors: [0, 11, 0, 16, 1, 0, 0, 20, 0, 0, 0, 832, 0, 11, 0, 0, 0, 0, 4, 5, 1, 24, 0, 23]
2026-09-09 18:29:53 - __main__ - INFO - material priors: [43, 520, 16, 11, 145, 11, 53, 15, 0, 29, 18, 69, 24, 2, 318, 0]
2026-09-09 18:31:11 - __main__ - INFO - community_type priors: [3, 526, 32, 135, 27]
2026-09-09 18:31:11 - __main__ - INFO - feature priors: [6, 0, 153, 0, 179, 2, 52, 0, 0, 0]
2026-09-09 18:31:11 - __main__ - INFO - sample_host priors: [0, 0, 32, 0, 0, 0, 0, 0, 6, 55, 34, 570, 0, 0, 16, 0, 0, 0, 4, 5, 1, 0, 0, 0]
2026-09-09 18:31:11 - __main__ - INFO - material priors: [114, 379, 0, 4, 153, 32, 143, 0, 4, 3, 52, 10, 0, 0, 168, 11]
2026-09-09 18:31:57 - __main__ - INFO - community_type priors: [53, 1061, 43, 161, 27]
2026-09-09 18:31:57 - __main__ - INFO - feature priors: [11, 0, 12, 46, 92, 0, 52, 24, 29, 10]
2026-09-09 18:31:57 - __main__ - INFO - sample_host priors: [0, 11, 32, 16, 1, 0, 0, 20, 6, 55, 34, 1096, 0, 11, 16, 0, 0, 0, 0, 0, 0, 24, 0, 23]
2026-09-09 18:31:57 - __main__ - INFO - material priors: [97, 817, 16, 15, 12, 43, 90, 15, 4, 26, 70, 63, 24, 2, 308, 11]
2026-09-09 18:33:24 - __main__ - INFO - community_type priors: [56, 753, 11, 128, 0]
2026-09-09 18:33:24 - __main__ - INFO - feature priors: [17, 0, 145, 46, 87, 2, 0, 24, 29, 10]
2026-09-09 18:33:24 - __main__ - INFO - sample_host priors: [0, 11, 0, 16, 1, 0, 0, 20, 0, 0, 0, 832, 0, 11, 0, 0, 0, 0, 4, 5, 1, 24, 0, 23]
2026-09-09 18:33:24 - __main__ - INFO - material priors: [43, 520, 16, 11, 145, 11, 53, 15, 0, 29, 18, 69, 24, 2, 318, 0]
2026-09-09 18:34:20 - __main__ - INFO - community_type priors: [3, 526, 32, 135, 27]
2026-09-09 18:34:20 - __main__ - INFO - feature priors: [6, 0, 153, 0, 179, 2, 52, 0, 0, 0]
2026-09-09 18:34:20 - __main__ - INFO - sample_host priors: [0, 0, 32, 0, 0, 0, 0, 0, 6, 55, 34, 570, 0, 0, 16, 0, 0, 0, 4, 5, 1, 0, 0, 0]
2026-09-09 18:34:20 - __main__ - INFO - material priors: [114, 379, 0, 4, 153, 32, 143, 0, 4, 3, 52, 10, 0, 0, 168, 11]
2026-09-09 18:35:05 - __main__ - INFO - community_type priors: [53, 1061, 43, 161, 27]
2026-09-09 18:35:05 - __main__ - INFO - feature priors: [11, 0, 12, 46, 92, 0, 52, 24, 29, 10]
2026-09-09 18:35:05 - __main__ - INFO - sample_host priors: [0, 11, 32, 16, 1, 0, 0, 20, 6, 55, 34, 1096, 0, 11, 16, 0, 0, 0, 0, 0, 0, 24, 0, 23]
2026-09-09 18:35:05 - __main__ - INFO - material priors: [97, 817, 16, 15, 12, 43, 90, 15, 4, 26, 70, 63, 24, 2, 308, 11]
2026-09-09 18:35:59 - __main__ - INFO - community_type priors: [56, 753, 11, 128, 0]
2026-09-09 18:35:59 - __main__ - INFO - feature priors: [17, 0, 145, 46, 87, 2, 0, 24, 29, 10]
2026-09-09 18:35:59 - __main__ - INFO - sample_host priors: [0, 11, 0, 16, 1, 0, 0, 20, 0, 0, 0, 832, 0, 11, 0, 0, 0, 0, 4, 5, 1, 24, 0, 23]
2026-09-09 18:35:59 - __main__ - INFO - material priors: [43, 520, 16, 11, 145, 11, 53, 15, 0, 29, 18, 69, 24, 2, 318, 0]
2026-09-09 18:36:48 - __main__ - INFO - community_type priors: [3, 526, 32, 135, 27]
2026-09-09 18:36:48 - __main__ - INFO - feature priors: [6, 0, 153, 0, 179, 2, 52, 0, 0, 0]
2026-09-09 18:36:48 - __main__ - INFO - sample_host priors: [0, 0, 32, 0, 0, 0, 0, 0, 6, 55, 34, 570, 0, 0, 16, 0, 0, 0, 4, 5, 1, 0, 0, 0]
2026-09-09 18:36:48 - __main__ - INFO - material priors: [114, 379, 0, 4, 153, 32, 143, 0, 4, 3, 52, 10, 0, 0, 168, 11]
2026-09-09 18:37:45 - __main__ - INFO - community_type priors: [53, 1061, 43, 161, 27]
2026-09-09 18:37:45 - __main__ - INFO - feature priors: [11, 0, 12, 46, 92, 0, 52, 24, 29, 10]
2026-09-09 18:37:45 - __main__ - INFO - sample_host priors: [0, 11, 32, 16, 1, 0, 0, 20, 6, 55, 34, 1096, 0, 11, 16, 0, 0, 0, 0, 0, 0, 24, 0, 23]
2026-09-09 18:37:45 - __main__ - INFO - material priors: [97, 817, 16, 15, 12, 43, 90, 15, 4, 26, 70, 63, 24, 2, 308, 11]
2026-09-09 18:38:41 - __main__ - INFO - community_type priors: [56, 753, 11, 128, 0]
2026-09-09 18:38:41 - __main__ - INFO - feature priors: [17, 0, 145, 46, 87, 2, 0, 24, 29, 10]
2026-09-09 18:38:41 - __main__ - INFO - sample_host priors: [0, 11, 0, 16, 1, 0, 0, 20, 0, 0, 0, 832, 0, 11, 0, 0, 0, 0, 4, 5, 1, 24, 0, 23]
2026-09-09 18:38:41 - __main__ - INFO - material priors: [43, 520, 16, 11, 145, 11, 53, 15, 0, 29, 18, 69, 24, 2, 318, 0]
2026-09-09 18:40:05 - __main__ - INFO - community_type priors: [3, 526, 32, 135, 27]
2026-09-09 18:40:05 - __main__ - INFO - feature priors: [6, 0, 153, 0, 179, 2, 52, 0, 0, 0]
2026-09-09 18:40:05 - __main__ - INFO - sample_host priors: [0, 0, 32, 0, 0, 0, 0, 0, 6, 55, 34, 570, 0, 0, 16, 0, 0, 0, 4, 5, 1, 0, 0, 0]
2026-09-09 18:40:05 - __main__ - INFO - material priors: [114, 379, 0, 4, 153, 32, 143, 0, 4, 3, 52, 10, 0, 0, 168, 11]
2026-09-09 18:41:09 - __main__ - INFO - community_type priors: [53, 1061, 43, 161, 27]
2026-09-09 18:41:09 - __main__ - INFO - feature priors: [11, 0, 12, 46, 92, 0, 52, 24, 29, 10]
2026-09-09 18:41:09 - __main__ - INFO - sample_host priors: [0, 11, 32, 16, 1, 0, 0, 20, 6, 55, 34, 1096, 0, 11, 16, 0, 0, 0, 0, 0, 0, 24, 0, 23]
2026-09-09 18:41:09 - __main__ - INFO - material priors: [97, 817, 16, 15, 12, 43, 90, 15, 4, 26, 70, 63, 24, 2, 308, 11]
2026-09-09 18:42:07 - __main__ - INFO - community_type priors: [56, 753, 11, 128, 0]
2026-09-09 18:42:07 - __main__ - INFO - feature priors: [17, 0, 145, 46, 87, 2, 0, 24, 29, 10]
2026-09-09 18:42:07 - __main__ - INFO - sample_host priors: [0, 11, 0, 16, 1, 0, 0, 20, 0, 0, 0, 832, 0, 11, 0, 0, 0, 0, 4, 5, 1, 24, 0, 23]
2026-09-09 18:42:07 - __main__ - INFO - material priors: [43, 520, 16, 11, 145, 11, 53, 15, 0, 29, 18, 69, 24, 2, 318, 0]
2026-09-09 18:43:14 - __main__ - INFO - community_type priors: [3, 526, 32, 135, 27]
2026-09-09 18:43:14 - __main__ - INFO - feature priors: [6, 0, 153, 0, 179, 2, 52, 0, 0, 0]
2026-09-09 18:43:14 - __main__ - INFO - sample_host priors: [0, 0, 32, 0, 0, 0, 0, 0, 6, 55, 34, 570, 0, 0, 16, 0, 0, 0, 4, 5, 1, 0, 0, 0]
2026-09-09 18:43:14 - __main__ - INFO - material priors: [114, 379, 0, 4, 153, 32, 143, 0, 4, 3, 52, 10, 0, 0, 168, 11]
2026-09-09 18:43:51 - __main__ - INFO - community_type priors: [53, 1061, 43, 161, 27]
2026-09-09 18:43:51 - __main__ - INFO - feature priors: [11, 0, 12, 46, 92, 0, 52, 24, 29, 10]
2026-09-09 18:43:51 - __main__ - INFO - sample_host priors: [0, 11, 32, 16, 1, 0, 0, 20, 6, 55, 34, 1096, 0, 11, 16, 0, 0, 0, 0, 0, 0, 24, 0, 23]
2026-09-09 18:43:51 - __main__ - INFO - material priors: [97, 817, 16, 15, 12, 43, 90, 15, 4, 26, 70, 63, 24, 2, 308, 11]
2026-09-09 18:44:51 - __main__ - INFO - community_type priors: [56, 753, 11, 128, 0]
2026-09-09 18:44:51 - __main__ - INFO - feature priors: [17, 0, 145, 46, 87, 2, 0, 24, 29, 10]
2026-09-09 18:44:51 - __main__ - INFO - sample_host priors: [0, 11, 0, 16, 1, 0, 0, 20, 0, 0, 0, 832, 0, 11, 0, 0, 0, 0, 4, 5, 1, 24, 0, 23]
2026-09-09 18:44:51 - __main__ - INFO - material priors: [43, 520, 16, 11, 145, 11, 53, 15, 0, 29, 18, 69, 24, 2, 318, 0]
2026-09-09 18:46:11 - __main__ - INFO - community_type priors: [3, 526, 32, 135, 27]
2026-09-09 18:46:11 - __main__ - INFO - feature priors: [6, 0, 153, 0, 179, 2, 52, 0, 0, 0]
2026-09-09 18:46:11 - __main__ - INFO - sample_host priors: [0, 0, 32, 0, 0, 0, 0, 0, 6, 55, 34, 570, 0, 0, 16, 0, 0, 0, 4, 5, 1, 0, 0, 0]
2026-09-09 18:46:11 - __main__ - INFO - material priors: [114, 379, 0, 4, 153, 32, 143, 0, 4, 3, 52, 10, 0, 0, 168, 11]
2026-09-09 18:47:21 - __main__ - INFO - community_type priors: [53, 1061, 43, 161, 27]
2026-09-09 18:47:21 - __main__ - INFO - feature priors: [11, 0, 12, 46, 92, 0, 52, 24, 29, 10]
2026-09-09 18:47:21 - __main__ - INFO - sample_host priors: [0, 11, 32, 16, 1, 0, 0, 20, 6, 55, 34, 1096, 0, 11, 16, 0, 0, 0, 0, 0, 0, 24, 0, 23]
2026-09-09 18:47:21 - __main__ - INFO - material priors: [97, 817, 16, 15, 12, 43, 90, 15, 4, 26, 70, 63, 24, 2, 308, 11]
2026-09-09 18:48:13 - __main__ - INFO - community_type priors: [56, 753, 11, 128, 0]
2026-09-09 18:48:13 - __main__ - INFO - feature priors: [17, 0, 145, 46, 87, 2, 0, 24, 29, 10]
2026-09-09 18:48:13 - __main__ - INFO - sample_host priors: [0, 11, 0, 16, 1, 0, 0, 20, 0, 0, 0, 832, 0, 11, 0, 0, 0, 0, 4, 5, 1, 24, 0, 23]
2026-09-09 18:48:13 - __main__ - INFO - material priors: [43, 520, 16, 11, 145, 11, 53, 15, 0, 29, 18, 69, 24, 2, 318, 0]
2026-09-09 18:49:33 - __main__ - INFO - community_type priors: [3, 526, 32, 135, 27]
2026-09-09 18:49:33 - __main__ - INFO - feature priors: [6, 0, 153, 0, 179, 2, 52, 0, 0, 0]
2026-09-09 18:49:33 - __main__ - INFO - sample_host priors: [0, 0, 32, 0, 0, 0, 0, 0, 6, 55, 34, 570, 0, 0, 16, 0, 0, 0, 4, 5, 1, 0, 0, 0]
2026-09-09 18:49:33 - __main__ - INFO - material priors: [114, 379, 0, 4, 153, 32, 143, 0, 4, 3, 52, 10, 0, 0, 168, 11]
2026-09-09 18:50:27 - __main__ - INFO - community_type priors: [53, 1061, 43, 161, 27]
2026-09-09 18:50:27 - __main__ - INFO - feature priors: [11, 0, 12, 46, 92, 0, 52, 24, 29, 10]
2026-09-09 18:50:27 - __main__ - INFO - sample_host priors: [0, 11, 32, 16, 1, 0, 0, 20, 6, 55, 34, 1096, 0, 11, 16, 0, 0, 0, 0, 0, 0, 24, 0, 23]
2026-09-09 18:50:27 - __main__ - INFO - material priors: [97, 817, 16, 15, 12, 43, 90, 15, 4, 26, 70, 63, 24, 2, 308, 11]
2026-09-09 18:51:39 - __main__ - INFO - community_type priors: [56, 753, 11, 128, 0]
2026-09-09 18:51:39 - __main__ - INFO - feature priors: [17, 0, 145, 46, 87, 2, 0, 24, 29, 10]
2026-09-09 18:51:39 - __main__ - INFO - sample_host priors: [0, 11, 0, 16, 1, 0, 0, 20, 0, 0, 0, 832, 0, 11, 0, 0, 0, 0, 4, 5, 1, 24, 0, 23]
2026-09-09 18:51:39 - __main__ - INFO - material priors: [43, 520, 16, 11, 145, 11, 53, 15, 0, 29, 18, 69, 24, 2, 318, 0]
2026-09-09 18:52:55 - __main__ - INFO - community_type priors: [3, 526, 32, 135, 27]
2026-09-09 18:52:55 - __main__ - INFO - feature priors: [6, 0, 153, 0, 179, 2, 52, 0, 0, 0]
2026-09-09 18:52:55 - __main__ - INFO - sample_host priors: [0, 0, 32, 0, 0, 0, 0, 0, 6, 55, 34, 570, 0, 0, 16, 0, 0, 0, 4, 5, 1, 0, 0, 0]
2026-09-09 18:52:55 - __main__ - INFO - material priors: [114, 379, 0, 4, 153, 32, 143, 0, 4, 3, 52, 10, 0, 0, 168, 11]
2026-09-09 18:53:59 - __main__ - INFO - community_type priors: [53, 1061, 43, 161, 27]
2026-09-09 18:53:59 - __main__ - INFO - feature priors: [11, 0, 12, 46, 92, 0, 52, 24, 29, 10]
2026-09-09 18:53:59 - __main__ - INFO - sample_host priors: [0, 11, 32, 16, 1, 0, 0, 20, 6, 55, 34, 1096, 0, 11, 16, 0, 0, 0, 0, 0, 0, 24, 0, 23]
2026-09-09 18:53:59 - __main__ - INFO - material priors: [97, 817, 16, 15, 12, 43, 90, 15, 4, 26, 70, 63, 24, 2, 308, 11]
2026-09-09 18:54:50 - __main__ - INFO - community_type priors: [56, 753, 11, 128, 0]
2026-09-09 18:54:50 - __main__ - INFO - feature priors: [17, 0, 145, 46, 87, 2, 0, 24, 29, 10]
2026-09-09 18:54:50 - __main__ - INFO - sample_host priors: [0, 11, 0, 16, 1, 0, 0, 20, 0, 0, 0, 832, 0, 11, 0, 0, 0, 0, 4, 5, 1, 24, 0, 23]
2026-09-09 18:54:50 - __main__ - INFO - material priors: [43, 520, 16, 11, 145, 11, 53, 15, 0, 29, 18, 69, 24, 2, 318, 0]
2026-09-09 18:55:46 - __main__ - INFO - community_type priors: [3, 526, 32, 135, 27]
2026-09-09 18:55:46 - __main__ - INFO - feature priors: [6, 0, 153, 0, 179, 2, 52, 0, 0, 0]
2026-09-09 18:55:46 - __main__ - INFO - sample_host priors: [0, 0, 32, 0, 0, 0, 0, 0, 6, 55, 34, 570, 0, 0, 16, 0, 0, 0, 4, 5, 1, 0, 0, 0]
2026-09-09 18:55:46 - __main__ - INFO - material priors: [114, 379, 0, 4, 153, 32, 143, 0, 4, 3, 52, 10, 0, 0, 168, 11]
2026-09-09 18:56:58 - __main__ - INFO - community_type priors: [53, 1061, 43, 161, 27]
2026-09-09 18:56:58 - __main__ - INFO - feature priors: [11, 0, 12, 46, 92, 0, 52, 24, 29, 10]
2026-09-09 18:56:58 - __main__ - INFO - sample_host priors: [0, 11, 32, 16, 1, 0, 0, 20, 6, 55, 34, 1096, 0, 11, 16, 0, 0, 0, 0, 0, 0, 24, 0, 23]
2026-09-09 18:56:58 - __main__ - INFO - material priors: [97, 817, 16, 15, 12, 43, 90, 15, 4, 26, 70, 63, 24, 2, 308, 11]
2026-09-09 18:58:33 - __main__ - INFO - community_type priors: [56, 753, 11, 128, 0]
2026-09-09 18:58:33 - __main__ - INFO - feature priors: [17, 0, 145, 46, 87, 2, 0, 24, 29, 10]
2026-09-09 18:58:33 - __main__ - INFO - sample_host priors: [0, 11, 0, 16, 1, 0, 0, 20, 0, 0, 0, 832, 0, 11, 0, 0, 0, 0, 4, 5, 1, 24, 0, 23]
2026-09-09 18:58:33 - __main__ - INFO - material priors: [43, 520, 16, 11, 145, 11, 53, 15, 0, 29, 18, 69, 24, 2, 318, 0]
2026-09-09 18:59:55 - __main__ - INFO - community_type priors: [3, 526, 32, 135, 27]
2026-09-09 18:59:55 - __main__ - INFO - feature priors: [6, 0, 153, 0, 179, 2, 52, 0, 0, 0]
2026-09-09 18:59:55 - __main__ - INFO - sample_host priors: [0, 0, 32, 0, 0, 0, 0, 0, 6, 55, 34, 570, 0, 0, 16, 0, 0, 0, 4, 5, 1, 0, 0, 0]
2026-09-09 18:59:55 - __main__ - INFO - material priors: [114, 379, 0, 4, 153, 32, 143, 0, 4, 3, 52, 10, 0, 0, 168, 11]
2026-09-09 19:01:04 - __main__ - INFO - community_type priors: [53, 1061, 43, 161, 27]
2026-09-09 19:01:04 - __main__ - INFO - feature priors: [11, 0, 12, 46, 92, 0, 52, 24, 29, 10]
2026-09-09 19:01:04 - __main__ - INFO - sample_host priors: [0, 11, 32, 16, 1, 0, 0, 20, 6, 55, 34, 1096, 0, 11, 16, 0, 0, 0, 0, 0, 0, 24, 0, 23]
2026-09-09 19:01:04 - __main__ - INFO - material priors: [97, 817, 16, 15, 12, 43, 90, 15, 4, 26, 70, 63, 24, 2, 308, 11]
2026-09-09 19:02:38 - __main__ - INFO - community_type priors: [56, 753, 11, 128, 0]
2026-09-09 19:02:38 - __main__ - INFO - feature priors: [17, 0, 145, 46, 87, 2, 0, 24, 29, 10]
2026-09-09 19:02:38 - __main__ - INFO - sample_host priors: [0, 11, 0, 16, 1, 0, 0, 20, 0, 0, 0, 832, 0, 11, 0, 0, 0, 0, 4, 5, 1, 24, 0, 23]
2026-09-09 19:02:38 - __main__ - INFO - material priors: [43, 520, 16, 11, 145, 11, 53, 15, 0, 29, 18, 69, 24, 2, 318, 0]
2026-09-09 19:03:47 - __main__ - INFO - community_type priors: [3, 526, 32, 135, 27]
2026-09-09 19:03:47 - __main__ - INFO - feature priors: [6, 0, 153, 0, 179, 2, 52, 0, 0, 0]
2026-09-09 19:03:47 - __main__ - INFO - sample_host priors: [0, 0, 32, 0, 0, 0, 0, 0, 6, 55, 34, 570, 0, 0, 16, 0, 0, 0, 4, 5, 1, 0, 0, 0]
2026-09-09 19:03:47 - __main__ - INFO - material priors: [114, 379, 0, 4, 153, 32, 143, 0, 4, 3, 52, 10, 0, 0, 168, 11]
2026-09-09 19:04:27 - __main__ - INFO - community_type priors: [53, 1061, 43, 161, 27]
2026-09-09 19:04:27 - __main__ - INFO - feature priors: [11, 0, 12, 46, 92, 0, 52, 24, 29, 10]
2026-09-09 19:04:27 - __main__ - INFO - sample_host priors: [0, 11, 32, 16, 1, 0, 0, 20, 6, 55, 34, 1096, 0, 11, 16, 0, 0, 0, 0, 0, 0, 24, 0, 23]
2026-09-09 19:04:27 - __main__ - INFO - material priors: [97, 817, 16, 15, 12, 43, 90, 15, 4, 26, 70, 63, 24, 2, 308, 11]
2026-09-09 19:06:03 - __main__ - INFO - community_type priors: [56, 753, 11, 128, 0]
2026-09-09 19:06:03 - __main__ - INFO - feature priors: [17, 0, 145, 46, 87, 2, 0, 24, 29, 10]
2026-09-09 19:06:03 - __main__ - INFO - sample_host priors: [0, 11, 0, 16, 1, 0, 0, 20, 0, 0, 0, 832, 0, 11, 0, 0, 0, 0, 4, 5, 1, 24, 0, 23]
2026-09-09 19:06:03 - __main__ - INFO - material priors: [43, 520, 16, 11, 145, 11, 53, 15, 0, 29, 18, 69, 24, 2, 318, 0]
2026-09-09 19:07:24 - __main__ - INFO - community_type priors: [3, 526, 32, 135, 27]
2026-09-09 19:07:24 - __main__ - INFO - feature priors: [6, 0, 153, 0, 179, 2, 52, 0, 0, 0]
2026-09-09 19:07:24 - __main__ - INFO - sample_host priors: [0, 0, 32, 0, 0, 0, 0, 0, 6, 55, 34, 570, 0, 0, 16, 0, 0, 0, 4, 5, 1, 0, 0, 0]
2026-09-09 19:07:24 - __main__ - INFO - material priors: [114, 379, 0, 4, 153, 32, 143, 0, 4, 3, 52, 10, 0, 0, 168, 11]
2026-09-09 19:08:04 - __main__ - INFO - community_type priors: [53, 1061, 43, 161, 27]
2026-09-09 19:08:04 - __main__ - INFO - feature priors: [11, 0, 12, 46, 92, 0, 52, 24, 29, 10]
2026-09-09 19:08:04 - __main__ - INFO - sample_host priors: [0, 11, 32, 16, 1, 0, 0, 20, 6, 55, 34, 1096, 0, 11, 16, 0, 0, 0, 0, 0, 0, 24, 0, 23]
2026-09-09 19:08:04 - __main__ - INFO - material priors: [97, 817, 16, 15, 12, 43, 90, 15, 4, 26, 70, 63, 24, 2, 308, 11]
2026-09-09 19:08:43 - __main__ - INFO - community_type priors: [56, 753, 11, 128, 0]
2026-09-09 19:08:43 - __main__ - INFO - feature priors: [17, 0, 145, 46, 87, 2, 0, 24, 29, 10]
2026-09-09 19:08:43 - __main__ - INFO - sample_host priors: [0, 11, 0, 16, 1, 0, 0, 20, 0, 0, 0, 832, 0, 11, 0, 0, 0, 0, 4, 5, 1, 24, 0, 23]
2026-09-09 19:08:43 - __main__ - INFO - material priors: [43, 520, 16, 11, 145, 11, 53, 15, 0, 29, 18, 69, 24, 2, 318, 0]
2026-09-09 19:09:33 - __main__ - INFO - community_type priors: [3, 526, 32, 135, 27]
2026-09-09 19:09:33 - __main__ - INFO - feature priors: [6, 0, 153, 0, 179, 2, 52, 0, 0, 0]
2026-09-09 19:09:33 - __main__ - INFO - sample_host priors: [0, 0, 32, 0, 0, 0, 0, 0, 6, 55, 34, 570, 0, 0, 16, 0, 0, 0, 4, 5, 1, 0, 0, 0]
2026-09-09 19:09:33 - __main__ - INFO - material priors: [114, 379, 0, 4, 153, 32, 143, 0, 4, 3, 52, 10, 0, 0, 168, 11]
2026-09-09 19:10:22 - __main__ - INFO - community_type priors: [53, 1061, 43, 161, 27]
2026-09-09 19:10:22 - __main__ - INFO - feature priors: [11, 0, 12, 46, 92, 0, 52, 24, 29, 10]
2026-09-09 19:10:22 - __main__ - INFO - sample_host priors: [0, 11, 32, 16, 1, 0, 0, 20, 6, 55, 34, 1096, 0, 11, 16, 0, 0, 0, 0, 0, 0, 24, 0, 23]
2026-09-09 19:10:22 - __main__ - INFO - material priors: [97, 817, 16, 15, 12, 43, 90, 15, 4, 26, 70, 63, 24, 2, 308, 11]
2026-09-09 19:11:12 - __main__ - INFO - community_type priors: [56, 753, 11, 128, 0]
2026-09-09 19:11:12 - __main__ - INFO - feature priors: [17, 0, 145, 46, 87, 2, 0, 24, 29, 10]
2026-09-09 19:11:12 - __main__ - INFO - sample_host priors: [0, 11, 0, 16, 1, 0, 0, 20, 0, 0, 0, 832, 0, 11, 0, 0, 0, 0, 4, 5, 1, 24, 0, 23]
2026-09-09 19:11:12 - __main__ - INFO - material priors: [43, 520, 16, 11, 145, 11, 53, 15, 0, 29, 18, 69, 24, 2, 318, 0]
2026-09-09 19:11:49 - __main__ - INFO - community_type priors: [3, 526, 32, 135, 27]
2026-09-09 19:11:49 - __main__ - INFO - feature priors: [6, 0, 153, 0, 179, 2, 52, 0, 0, 0]
2026-09-09 19:11:49 - __main__ - INFO - sample_host priors: [0, 0, 32, 0, 0, 0, 0, 0, 6, 55, 34, 570, 0, 0, 16, 0, 0, 0, 4, 5, 1, 0, 0, 0]
2026-09-09 19:11:49 - __main__ - INFO - material priors: [114, 379, 0, 4, 153, 32, 143, 0, 4, 3, 52, 10, 0, 0, 168, 11]
2026-09-09 19:12:36 - __main__ - INFO - community_type priors: [53, 1061, 43, 161, 27]
2026-09-09 19:12:36 - __main__ - INFO - feature priors: [11, 0, 12, 46, 92, 0, 52, 24, 29, 10]
2026-09-09 19:12:36 - __main__ - INFO - sample_host priors: [0, 11, 32, 16, 1, 0, 0, 20, 6, 55, 34, 1096, 0, 11, 16, 0, 0, 0, 0, 0, 0, 24, 0, 23]
2026-09-09 19:12:36 - __main__ - INFO - material priors: [97, 817, 16, 15, 12, 43, 90, 15, 4, 26, 70, 63, 24, 2, 308, 11]
2026-09-09 19:13:27 - __main__ - INFO - community_type priors: [56, 753, 11, 128, 0]
2026-09-09 19:13:27 - __main__ - INFO - feature priors: [17, 0, 145, 46, 87, 2, 0, 24, 29, 10]
2026-09-09 19:13:27 - __main__ - INFO - sample_host priors: [0, 11, 0, 16, 1, 0, 0, 20, 0, 0, 0, 832, 0, 11, 0, 0, 0, 0, 4, 5, 1, 24, 0, 23]
2026-09-09 19:13:27 - __main__ - INFO - material priors: [43, 520, 16, 11, 145, 11, 53, 15, 0, 29, 18, 69, 24, 2, 318, 0]
2026-09-09 19:14:20 - __main__ - INFO - community_type priors: [3, 526, 32, 135, 27]
2026-09-09 19:14:20 - __main__ - INFO - feature priors: [6, 0, 153, 0, 179, 2, 52, 0, 0, 0]
2026-09-09 19:14:20 - __main__ - INFO - sample_host priors: [0, 0, 32, 0, 0, 0, 0, 0, 6, 55, 34, 570, 0, 0, 16, 0, 0, 0, 4, 5, 1, 0, 0, 0]
2026-09-09 19:14:20 - __main__ - INFO - material priors: [114, 379, 0, 4, 153, 32, 143, 0, 4, 3, 52, 10, 0, 0, 168, 11]
2026-09-09 19:14:49 - __main__ - INFO - community_type priors: [53, 1061, 43, 161, 27]
2026-09-09 19:14:49 - __main__ - INFO - feature priors: [11, 0, 12, 46, 92, 0, 52, 24, 29, 10]
2026-09-09 19:14:49 - __main__ - INFO - sample_host priors: [0, 11, 32, 16, 1, 0, 0, 20, 6, 55, 34, 1096, 0, 11, 16, 0, 0, 0, 0, 0, 0, 24, 0, 23]
2026-09-09 19:14:49 - __main__ - INFO - material priors: [97, 817, 16, 15, 12, 43, 90, 15, 4, 26, 70, 63, 24, 2, 308, 11]
2026-09-09 19:15:50 - __main__ - INFO - community_type priors: [56, 753, 11, 128, 0]
2026-09-09 19:15:50 - __main__ - INFO - feature priors: [17, 0, 145, 46, 87, 2, 0, 24, 29, 10]
2026-09-09 19:15:50 - __main__ - INFO - sample_host priors: [0, 11, 0, 16, 1, 0, 0, 20, 0, 0, 0, 832, 0, 11, 0, 0, 0, 0, 4, 5, 1, 24, 0, 23]
2026-09-09 19:15:50 - __main__ - INFO - material priors: [43, 520, 16, 11, 145, 11, 53, 15, 0, 29, 18, 69, 24, 2, 318, 0]
2026-09-09 19:16:42 - __main__ - INFO - community_type priors: [3, 526, 32, 135, 27]
2026-09-09 19:16:42 - __main__ - INFO - feature priors: [6, 0, 153, 0, 179, 2, 52, 0, 0, 0]
2026-09-09 19:16:42 - __main__ - INFO - sample_host priors: [0, 0, 32, 0, 0, 0, 0, 0, 6, 55, 34, 570, 0, 0, 16, 0, 0, 0, 4, 5, 1, 0, 0, 0]
2026-09-09 19:16:42 - __main__ - INFO - material priors: [114, 379, 0, 4, 153, 32, 143, 0, 4, 3, 52, 10, 0, 0, 168, 11]
2026-09-09 19:17:23 - __main__ - INFO - community_type priors: [53, 1061, 43, 161, 27]
2026-09-09 19:17:23 - __main__ - INFO - feature priors: [11, 0, 12, 46, 92, 0, 52, 24, 29, 10]
2026-09-09 19:17:23 - __main__ - INFO - sample_host priors: [0, 11, 32, 16, 1, 0, 0, 20, 6, 55, 34, 1096, 0, 11, 16, 0, 0, 0, 0, 0, 0, 24, 0, 23]
2026-09-09 19:17:23 - __main__ - INFO - material priors: [97, 817, 16, 15, 12, 43, 90, 15, 4, 26, 70, 63, 24, 2, 308, 11]
2026-09-09 19:18:11 - __main__ - INFO - community_type priors: [56, 753, 11, 128, 0]
2026-09-09 19:18:11 - __main__ - INFO - feature priors: [17, 0, 145, 46, 87, 2, 0, 24, 29, 10]
2026-09-09 19:18:11 - __main__ - INFO - sample_host priors: [0, 11, 0, 16, 1, 0, 0, 20, 0, 0, 0, 832, 0, 11, 0, 0, 0, 0, 4, 5, 1, 24, 0, 23]
2026-09-09 19:18:11 - __main__ - INFO - material priors: [43, 520, 16, 11, 145, 11, 53, 15, 0, 29, 18, 69, 24, 2, 318, 0]
2026-09-09 19:19:06 - __main__ - INFO - community_type priors: [3, 526, 32, 135, 27]
2026-09-09 19:19:06 - __main__ - INFO - feature priors: [6, 0, 153, 0, 179, 2, 52, 0, 0, 0]
2026-09-09 19:19:06 - __main__ - INFO - sample_host priors: [0, 0, 32, 0, 0, 0, 0, 0, 6, 55, 34, 570, 0, 0, 16, 0, 0, 0, 4, 5, 1, 0, 0, 0]
2026-09-09 19:19:06 - __main__ - INFO - material priors: [114, 379, 0, 4, 153, 32, 143, 0, 4, 3, 52, 10, 0, 0, 168, 11]
2026-09-09 19:19:40 - __main__ - INFO - community_type priors: [53, 1061, 43, 161, 27]
2026-09-09 19:19:40 - __main__ - INFO - feature priors: [11, 0, 12, 46, 92, 0, 52, 24, 29, 10]
2026-09-09 19:19:40 - __main__ - INFO - sample_host priors: [0, 11, 32, 16, 1, 0, 0, 20, 6, 55, 34, 1096, 0, 11, 16, 0, 0, 0, 0, 0, 0, 24, 0, 23]
2026-09-09 19:19:40 - __main__ - INFO - material priors: [97, 817, 16, 15, 12, 43, 90, 15, 4, 26, 70, 63, 24, 2, 308, 11]
2026-09-09 19:20:45 - __main__ - INFO - community_type priors: [56, 753, 11, 128, 0]
2026-09-09 19:20:45 - __main__ - INFO - feature priors: [17, 0, 145, 46, 87, 2, 0, 24, 29, 10]
2026-09-09 19:20:45 - __main__ - INFO - sample_host priors: [0, 11, 0, 16, 1, 0, 0, 20, 0, 0, 0, 832, 0, 11, 0, 0, 0, 0, 4, 5, 1, 24, 0, 23]
2026-09-09 19:20:45 - __main__ - INFO - material priors: [43, 520, 16, 11, 145, 11, 53, 15, 0, 29, 18, 69, 24, 2, 318, 0]
2026-09-09 19:21:29 - __main__ - INFO - community_type priors: [3, 526, 32, 135, 27]
2026-09-09 19:21:29 - __main__ - INFO - feature priors: [6, 0, 153, 0, 179, 2, 52, 0, 0, 0]
2026-09-09 19:21:29 - __main__ - INFO - sample_host priors: [0, 0, 32, 0, 0, 0, 0, 0, 6, 55, 34, 570, 0, 0, 16, 0, 0, 0, 4, 5, 1, 0, 0, 0]
2026-09-09 19:21:29 - __main__ - INFO - material priors: [114, 379, 0, 4, 153, 32, 143, 0, 4, 3, 52, 10, 0, 0, 168, 11]
2026-09-09 19:22:17 - __main__ - INFO - community_type priors: [53, 1061, 43, 161, 27]
2026-09-09 19:22:17 - __main__ - INFO - feature priors: [11, 0, 12, 46, 92, 0, 52, 24, 29, 10]
2026-09-09 19:22:17 - __main__ - INFO - sample_host priors: [0, 11, 32, 16, 1, 0, 0, 20, 6, 55, 34, 1096, 0, 11, 16, 0, 0, 0, 0, 0, 0, 24, 0, 23]
2026-09-09 19:22:17 - __main__ - INFO - material priors: [97, 817, 16, 15, 12, 43, 90, 15, 4, 26, 70, 63, 24, 2, 308, 11]
2026-09-09 19:22:56 - __main__ - INFO - community_type priors: [56, 753, 11, 128, 0]
2026-09-09 19:22:56 - __main__ - INFO - feature priors: [17, 0, 145, 46, 87, 2, 0, 24, 29, 10]
2026-09-09 19:22:56 - __main__ - INFO - sample_host priors: [0, 11, 0, 16, 1, 0, 0, 20, 0, 0, 0, 832, 0, 11, 0, 0, 0, 0, 4, 5, 1, 24, 0, 23]
2026-09-09 19:22:56 - __main__ - INFO - material priors: [43, 520, 16, 11, 145, 11, 53, 15, 0, 29, 18, 69, 24, 2, 318, 0]
2026-09-09 19:23:48 - __main__ - INFO - community_type priors: [3, 526, 32, 135, 27]
2026-09-09 19:23:48 - __main__ - INFO - feature priors: [6, 0, 153, 0, 179, 2, 52, 0, 0, 0]
2026-09-09 19:23:48 - __main__ - INFO - sample_host priors: [0, 0, 32, 0, 0, 0, 0, 0, 6, 55, 34, 570, 0, 0, 16, 0, 0, 0, 4, 5, 1, 0, 0, 0]
2026-09-09 19:23:48 - __main__ - INFO - material priors: [114, 379, 0, 4, 153, 32, 143, 0, 4, 3, 52, 10, 0, 0, 168, 11]
2026-09-09 19:24:30 - __main__ - INFO - community_type priors: [53, 1061, 43, 161, 27]
2026-09-09 19:24:30 - __main__ - INFO - feature priors: [11, 0, 12, 46, 92, 0, 52, 24, 29, 10]
2026-09-09 19:24:30 - __main__ - INFO - sample_host priors: [0, 11, 32, 16, 1, 0, 0, 20, 6, 55, 34, 1096, 0, 11, 16, 0, 0, 0, 0, 0, 0, 24, 0, 23]
2026-09-09 19:24:30 - __main__ - INFO - material priors: [97, 817, 16, 15, 12, 43, 90, 15, 4, 26, 70, 63, 24, 2, 308, 11]
2026-09-09 19:25:38 - __main__ - INFO - community_type priors: [56, 753, 11, 128, 0]
2026-09-09 19:25:38 - __main__ - INFO - feature priors: [17, 0, 145, 46, 87, 2, 0, 24, 29, 10]
2026-09-09 19:25:38 - __main__ - INFO - sample_host priors: [0, 11, 0, 16, 1, 0, 0, 20, 0, 0, 0, 832, 0, 11, 0, 0, 0, 0, 4, 5, 1, 24, 0, 23]
2026-09-09 19:25:38 - __main__ - INFO - material priors: [43, 520, 16, 11, 145, 11, 53, 15, 0, 29, 18, 69, 24, 2, 318, 0]
2026-09-09 19:26:38 - __main__ - INFO - community_type priors: [3, 526, 32, 135, 27]
2026-09-09 19:26:38 - __main__ - INFO - feature priors: [6, 0, 153, 0, 179, 2, 52, 0, 0, 0]
2026-09-09 19:26:38 - __main__ - INFO - sample_host priors: [0, 0, 32, 0, 0, 0, 0, 0, 6, 55, 34, 570, 0, 0, 16, 0, 0, 0, 4, 5, 1, 0, 0, 0]
2026-09-09 19:26:38 - __main__ - INFO - material priors: [114, 379, 0, 4, 153, 32, 143, 0, 4, 3, 52, 10, 0, 0, 168, 11]
2026-09-09 19:27:26 - __main__ - INFO - community_type priors: [53, 1061, 43, 161, 27]
2026-09-09 19:27:26 - __main__ - INFO - feature priors: [11, 0, 12, 46, 92, 0, 52, 24, 29, 10]
2026-09-09 19:27:26 - __main__ - INFO - sample_host priors: [0, 11, 32, 16, 1, 0, 0, 20, 6, 55, 34, 1096, 0, 11, 16, 0, 0, 0, 0, 0, 0, 24, 0, 23]
2026-09-09 19:27:26 - __main__ - INFO - material priors: [97, 817, 16, 15, 12, 43, 90, 15, 4, 26, 70, 63, 24, 2, 308, 11]
2026-09-09 19:28:36 - __main__ - INFO - community_type priors: [56, 753, 11, 128, 0]
2026-09-09 19:28:36 - __main__ - INFO - feature priors: [17, 0, 145, 46, 87, 2, 0, 24, 29, 10]
2026-09-09 19:28:36 - __main__ - INFO - sample_host priors: [0, 11, 0, 16, 1, 0, 0, 20, 0, 0, 0, 832, 0, 11, 0, 0, 0, 0, 4, 5, 1, 24, 0, 23]
2026-09-09 19:28:36 - __main__ - INFO - material priors: [43, 520, 16, 11, 145, 11, 53, 15, 0, 29, 18, 69, 24, 2, 318, 0]
2026-09-09 19:29:35 - __main__ - INFO - community_type priors: [3, 526, 32, 135, 27]
2026-09-09 19:29:35 - __main__ - INFO - feature priors: [6, 0, 153, 0, 179, 2, 52, 0, 0, 0]
2026-09-09 19:29:35 - __main__ - INFO - sample_host priors: [0, 0, 32, 0, 0, 0, 0, 0, 6, 55, 34, 570, 0, 0, 16, 0, 0, 0, 4, 5, 1, 0, 0, 0]
2026-09-09 19:29:35 - __main__ - INFO - material priors: [114, 379, 0, 4, 153, 32, 143, 0, 4, 3, 52, 10, 0, 0, 168, 11]
2026-09-09 19:30:28 - __main__ - INFO - community_type priors: [53, 1061, 43, 161, 27]
2026-09-09 19:30:28 - __main__ - INFO - feature priors: [11, 0, 12, 46, 92, 0, 52, 24, 29, 10]
2026-09-09 19:30:28 - __main__ - INFO - sample_host priors: [0, 11, 32, 16, 1, 0, 0, 20, 6, 55, 34, 1096, 0, 11, 16, 0, 0, 0, 0, 0, 0, 24, 0, 23]
2026-09-09 19:30:28 - __main__ - INFO - material priors: [97, 817, 16, 15, 12, 43, 90, 15, 4, 26, 70, 63, 24, 2, 308, 11]
2026-09-09 19:31:07 - __main__ - INFO - community_type priors: [56, 753, 11, 128, 0]
2026-09-09 19:31:07 - __main__ - INFO - feature priors: [17, 0, 145, 46, 87, 2, 0, 24, 29, 10]
2026-09-09 19:31:07 - __main__ - INFO - sample_host priors: [0, 11, 0, 16, 1, 0, 0, 20, 0, 0, 0, 832, 0, 11, 0, 0, 0, 0, 4, 5, 1, 24, 0, 23]
2026-09-09 19:31:07 - __main__ - INFO - material priors: [43, 520, 16, 11, 145, 11, 53, 15, 0, 29, 18, 69, 24, 2, 318, 0]
2026-09-09 19:31:58 - __main__ - INFO - community_type priors: [3, 526, 32, 135, 27]
2026-09-09 19:31:58 - __main__ - INFO - feature priors: [6, 0, 153, 0, 179, 2, 52, 0, 0, 0]
2026-09-09 19:31:58 - __main__ - INFO - sample_host priors: [0, 0, 32, 0, 0, 0, 0, 0, 6, 55, 34, 570, 0, 0, 16, 0, 0, 0, 4, 5, 1, 0, 0, 0]
2026-09-09 19:31:58 - __main__ - INFO - material priors: [114, 379, 0, 4, 153, 32, 143, 0, 4, 3, 52, 10, 0, 0, 168, 11]
2026-09-09 19:32:43 - __main__ - INFO - community_type priors: [53, 1061, 43, 161, 27]
2026-09-09 19:32:44 - __main__ - INFO - feature priors: [11, 0, 12, 46, 92, 0, 52, 24, 29, 10]
2026-09-09 19:32:44 - __main__ - INFO - sample_host priors: [0, 11, 32, 16, 1, 0, 0, 20, 6, 55, 34, 1096, 0, 11, 16, 0, 0, 0, 0, 0, 0, 24, 0, 23]
2026-09-09 19:32:44 - __main__ - INFO - material priors: [97, 817, 16, 15, 12, 43, 90, 15, 4, 26, 70, 63, 24, 2, 308, 11]
2026-09-09 19:33:43 - __main__ - INFO - community_type priors: [56, 753, 11, 128, 0]
2026-09-09 19:33:43 - __main__ - INFO - feature priors: [17, 0, 145, 46, 87, 2, 0, 24, 29, 10]
2026-09-09 19:33:43 - __main__ - INFO - sample_host priors: [0, 11, 0, 16, 1, 0, 0, 20, 0, 0, 0, 832, 0, 11, 0, 0, 0, 0, 4, 5, 1, 24, 0, 23]
2026-09-09 19:33:43 - __main__ - INFO - material priors: [43, 520, 16, 11, 145, 11, 53, 15, 0, 29, 18, 69, 24, 2, 318, 0]
2026-09-09 19:34:23 - __main__ - INFO - community_type priors: [3, 526, 32, 135, 27]
2026-09-09 19:34:23 - __main__ - INFO - feature priors: [6, 0, 153, 0, 179, 2, 52, 0, 0, 0]
2026-09-09 19:34:23 - __main__ - INFO - sample_host priors: [0, 0, 32, 0, 0, 0, 0, 0, 6, 55, 34, 570, 0, 0, 16, 0, 0, 0, 4, 5, 1, 0, 0, 0]
2026-09-09 19:34:23 - __main__ - INFO - material priors: [114, 379, 0, 4, 153, 32, 143, 0, 4, 3, 52, 10, 0, 0, 168, 11]
2026-09-09 19:35:10 - __main__ - INFO - community_type priors: [53, 1061, 43, 161, 27]
2026-09-09 19:35:11 - __main__ - INFO - feature priors: [11, 0, 12, 46, 92, 0, 52, 24, 29, 10]
2026-09-09 19:35:11 - __main__ - INFO - sample_host priors: [0, 11, 32, 16, 1, 0, 0, 20, 6, 55, 34, 1096, 0, 11, 16, 0, 0, 0, 0, 0, 0, 24, 0, 23]
2026-09-09 19:35:11 - __main__ - INFO - material priors: [97, 817, 16, 15, 12, 43, 90, 15, 4, 26, 70, 63, 24, 2, 308, 11]
2026-09-09 19:35:59 - __main__ - INFO - community_type priors: [56, 753, 11, 128, 0]
2026-09-09 19:35:59 - __main__ - INFO - feature priors: [17, 0, 145, 46, 87, 2, 0, 24, 29, 10]
2026-09-09 19:35:59 - __main__ - INFO - sample_host priors: [0, 11, 0, 16, 1, 0, 0, 20, 0, 0, 0, 832, 0, 11, 0, 0, 0, 0, 4, 5, 1, 24, 0, 23]
2026-09-09 19:35:59 - __main__ - INFO - material priors: [43, 520, 16, 11, 145, 11, 53, 15, 0, 29, 18, 69, 24, 2, 318, 0]
2026-09-09 19:36:55 - __main__ - INFO - community_type priors: [3, 526, 32, 135, 27]
2026-09-09 19:36:55 - __main__ - INFO - feature priors: [6, 0, 153, 0, 179, 2, 52, 0, 0, 0]
2026-09-09 19:36:55 - __main__ - INFO - sample_host priors: [0, 0, 32, 0, 0, 0, 0, 0, 6, 55, 34, 570, 0, 0, 16, 0, 0, 0, 4, 5, 1, 0, 0, 0]
2026-09-09 19:36:55 - __main__ - INFO - material priors: [114, 379, 0, 4, 153, 32, 143, 0, 4, 3, 52, 10, 0, 0, 168, 11]
2026-09-09 19:37:54 - __main__ - INFO - community_type priors: [53, 1061, 43, 161, 27]
2026-09-09 19:37:54 - __main__ - INFO - feature priors: [11, 0, 12, 46, 92, 0, 52, 24, 29, 10]
2026-09-09 19:37:54 - __main__ - INFO - sample_host priors: [0, 11, 32, 16, 1, 0, 0, 20, 6, 55, 34, 1096, 0, 11, 16, 0, 0, 0, 0, 0, 0, 24, 0, 23]
2026-09-09 19:37:54 - __main__ - INFO - material priors: [97, 817, 16, 15, 12, 43, 90, 15, 4, 26, 70, 63, 24, 2, 308, 11]
2026-09-09 19:39:31 - __main__ - INFO - community_type priors: [56, 753, 11, 128, 0]
2026-09-09 19:39:31 - __main__ - INFO - feature priors: [17, 0, 145, 46, 87, 2, 0, 24, 29, 10]
2026-09-09 19:39:31 - __main__ - INFO - sample_host priors: [0, 11, 0, 16, 1, 0, 0, 20, 0, 0, 0, 832, 0, 11, 0, 0, 0, 0, 4, 5, 1, 24, 0, 23]
2026-09-09 19:39:31 - __main__ - INFO - material priors: [43, 520, 16, 11, 145, 11, 53, 15, 0, 29, 18, 69, 24, 2, 318, 0]
2026-09-09 19:40:54 - __main__ - INFO - community_type priors: [3, 526, 32, 135, 27]
2026-09-09 19:40:54 - __main__ - INFO - feature priors: [6, 0, 153, 0, 179, 2, 52, 0, 0, 0]
2026-09-09 19:40:54 - __main__ - INFO - sample_host priors: [0, 0, 32, 0, 0, 0, 0, 0, 6, 55, 34, 570, 0, 0, 16, 0, 0, 0, 4, 5, 1, 0, 0, 0]
2026-09-09 19:40:54 - __main__ - INFO - material priors: [114, 379, 0, 4, 153, 32, 143, 0, 4, 3, 52, 10, 0, 0, 168, 11]
2026-09-09 19:41:44 - __main__ - INFO - community_type priors: [53, 1061, 43, 161, 27]
2026-09-09 19:41:44 - __main__ - INFO - feature priors: [11, 0, 12, 46, 92, 0, 52, 24, 29, 10]
2026-09-09 19:41:44 - __main__ - INFO - sample_host priors: [0, 11, 32, 16, 1, 0, 0, 20, 6, 55, 34, 1096, 0, 11, 16, 0, 0, 0, 0, 0, 0, 24, 0, 23]
2026-09-09 19:41:44 - __main__ - INFO - material priors: [97, 817, 16, 15, 12, 43, 90, 15, 4, 26, 70, 63, 24, 2, 308, 11]
2026-09-09 19:42:52 - __main__ - INFO - community_type priors: [56, 753, 11, 128, 0]
2026-09-09 19:42:52 - __main__ - INFO - feature priors: [17, 0, 145, 46, 87, 2, 0, 24, 29, 10]
2026-09-09 19:42:52 - __main__ - INFO - sample_host priors: [0, 11, 0, 16, 1, 0, 0, 20, 0, 0, 0, 832, 0, 11, 0, 0, 0, 0, 4, 5, 1, 24, 0, 23]
2026-09-09 19:42:52 - __main__ - INFO - material priors: [43, 520, 16, 11, 145, 11, 53, 15, 0, 29, 18, 69, 24, 2, 318, 0]
2026-09-09 19:43:45 - __main__ - INFO - community_type priors: [3, 526, 32, 135, 27]
2026-09-09 19:43:45 - __main__ - INFO - feature priors: [6, 0, 153, 0, 179, 2, 52, 0, 0, 0]
2026-09-09 19:43:45 - __main__ - INFO - sample_host priors: [0, 0, 32, 0, 0, 0, 0, 0, 6, 55, 34, 570, 0, 0, 16, 0, 0, 0, 4, 5, 1, 0, 0, 0]
2026-09-09 19:43:45 - __main__ - INFO - material priors: [114, 379, 0, 4, 153, 32, 143, 0, 4, 3, 52, 10, 0, 0, 168, 11]
2026-09-09 19:44:32 - __main__ - INFO - community_type priors: [53, 1061, 43, 161, 27]
2026-09-09 19:44:32 - __main__ - INFO - feature priors: [11, 0, 12, 46, 92, 0, 52, 24, 29, 10]
2026-09-09 19:44:32 - __main__ - INFO - sample_host priors: [0, 11, 32, 16, 1, 0, 0, 20, 6, 55, 34, 1096, 0, 11, 16, 0, 0, 0, 0, 0, 0, 24, 0, 23]
2026-09-09 19:44:32 - __main__ - INFO - material priors: [97, 817, 16, 15, 12, 43, 90, 15, 4, 26, 70, 63, 24, 2, 308, 11]
2026-09-09 19:45:36 - __main__ - INFO - community_type priors: [56, 753, 11, 128, 0]
2026-09-09 19:45:36 - __main__ - INFO - feature priors: [17, 0, 145, 46, 87, 2, 0, 24, 29, 10]
2026-09-09 19:45:36 - __main__ - INFO - sample_host priors: [0, 11, 0, 16, 1, 0, 0, 20, 0, 0, 0, 832, 0, 11, 0, 0, 0, 0, 4, 5, 1, 24, 0, 23]
2026-09-09 19:45:36 - __main__ - INFO - material priors: [43, 520, 16, 11, 145, 11, 53, 15, 0, 29, 18, 69, 24, 2, 318, 0]
2026-09-09 19:46:29 - __main__ - INFO - community_type priors: [3, 526, 32, 135, 27]
2026-09-09 19:46:29 - __main__ - INFO - feature priors: [6, 0, 153, 0, 179, 2, 52, 0, 0, 0]
2026-09-09 19:46:29 - __main__ - INFO - sample_host priors: [0, 0, 32, 0, 0, 0, 0, 0, 6, 55, 34, 570, 0, 0, 16, 0, 0, 0, 4, 5, 1, 0, 0, 0]
2026-09-09 19:46:29 - __main__ - INFO - material priors: [114, 379, 0, 4, 153, 32, 143, 0, 4, 3, 52, 10, 0, 0, 168, 11]
2026-09-09 19:47:16 - __main__ - INFO - community_type priors: [53, 1061, 43, 161, 27]
2026-09-09 19:47:16 - __main__ - INFO - feature priors: [11, 0, 12, 46, 92, 0, 52, 24, 29, 10]
2026-09-09 19:47:16 - __main__ - INFO - sample_host priors: [0, 11, 32, 16, 1, 0, 0, 20, 6, 55, 34, 1096, 0, 11, 16, 0, 0, 0, 0, 0, 0, 24, 0, 23]
2026-09-09 19:47:16 - __main__ - INFO - material priors: [97, 817, 16, 15, 12, 43, 90, 15, 4, 26, 70, 63, 24, 2, 308, 11]
2026-09-09 19:47:53 - __main__ - INFO - community_type priors: [56, 753, 11, 128, 0]
2026-09-09 19:47:53 - __main__ - INFO - feature priors: [17, 0, 145, 46, 87, 2, 0, 24, 29, 10]
2026-09-09 19:47:53 - __main__ - INFO - sample_host priors: [0, 11, 0, 16, 1, 0, 0, 20, 0, 0, 0, 832, 0, 11, 0, 0, 0, 0, 4, 5, 1, 24, 0, 23]
2026-09-09 19:47:53 - __main__ - INFO - material priors: [43, 520, 16, 11, 145, 11, 53, 15, 0, 29, 18, 69, 24, 2, 318, 0]
2026-09-09 19:48:48 - __main__ - INFO - community_type priors: [3, 526, 32, 135, 27]
2026-09-09 19:48:48 - __main__ - INFO - feature priors: [6, 0, 153, 0, 179, 2, 52, 0, 0, 0]
2026-09-09 19:48:48 - __main__ - INFO - sample_host priors: [0, 0, 32, 0, 0, 0, 0, 0, 6, 55, 34, 570, 0, 0, 16, 0, 0, 0, 4, 5, 1, 0, 0, 0]
2026-09-09 19:48:48 - __main__ - INFO - material priors: [114, 379, 0, 4, 153, 32, 143, 0, 4, 3, 52, 10, 0, 0, 168, 11]
2026-09-09 19:49:36 - __main__ - INFO - community_type priors: [53, 1061, 43, 161, 27]
2026-09-09 19:49:36 - __main__ - INFO - feature priors: [11, 0, 12, 46, 92, 0, 52, 24, 29, 10]
2026-09-09 19:49:36 - __main__ - INFO - sample_host priors: [0, 11, 32, 16, 1, 0, 0, 20, 6, 55, 34, 1096, 0, 11, 16, 0, 0, 0, 0, 0, 0, 24, 0, 23]
2026-09-09 19:49:36 - __main__ - INFO - material priors: [97, 817, 16, 15, 12, 43, 90, 15, 4, 26, 70, 63, 24, 2, 308, 11]
2026-09-09 19:50:39 - __main__ - INFO - community_type priors: [56, 753, 11, 128, 0]
2026-09-09 19:50:39 - __main__ - INFO - feature priors: [17, 0, 145, 46, 87, 2, 0, 24, 29, 10]
2026-09-09 19:50:39 - __main__ - INFO - sample_host priors: [0, 11, 0, 16, 1, 0, 0, 20, 0, 0, 0, 832, 0, 11, 0, 0, 0, 0, 4, 5, 1, 24, 0, 23]
2026-09-09 19:50:39 - __main__ - INFO - material priors: [43, 520, 16, 11, 145, 11, 53, 15, 0, 29, 18, 69, 24, 2, 318, 0]
2026-09-09 19:51:32 - __main__ - INFO - community_type priors: [3, 526, 32, 135, 27]
2026-09-09 19:51:32 - __main__ - INFO - feature priors: [6, 0, 153, 0, 179, 2, 52, 0, 0, 0]
2026-09-09 19:51:32 - __main__ - INFO - sample_host priors: [0, 0, 32, 0, 0, 0, 0, 0, 6, 55, 34, 570, 0, 0, 16, 0, 0, 0, 4, 5, 1, 0, 0, 0]
2026-09-09 19:51:32 - __main__ - INFO - material priors: [114, 379, 0, 4, 153, 32, 143, 0, 4, 3, 52, 10, 0, 0, 168, 11]
2026-09-09 19:52:00 - __main__ - INFO - community_type priors: [53, 1061, 43, 161, 27]
2026-09-09 19:52:00 - __main__ - INFO - feature priors: [11, 0, 12, 46, 92, 0, 52, 24, 29, 10]
2026-09-09 19:52:00 - __main__ - INFO - sample_host priors: [0, 11, 32, 16, 1, 0, 0, 20, 6, 55, 34, 1096, 0, 11, 16, 0, 0, 0, 0, 0, 0, 24, 0, 23]
2026-09-09 19:52:00 - __main__ - INFO - material priors: [97, 817, 16, 15, 12, 43, 90, 15, 4, 26, 70, 63, 24, 2, 308, 11]
2026-09-09 19:52:26 - __main__ - INFO - community_type priors: [56, 753, 11, 128, 0]
2026-09-09 19:52:26 - __main__ - INFO - feature priors: [17, 0, 145, 46, 87, 2, 0, 24, 29, 10]
2026-09-09 19:52:26 - __main__ - INFO - sample_host priors: [0, 11, 0, 16, 1, 0, 0, 20, 0, 0, 0, 832, 0, 11, 0, 0, 0, 0, 4, 5, 1, 24, 0, 23]
2026-09-09 19:52:26 - __main__ - INFO - material priors: [43, 520, 16, 11, 145, 11, 53, 15, 0, 29, 18, 69, 24, 2, 318, 0]
2026-09-09 19:53:07 - __main__ - INFO - community_type priors: [3, 526, 32, 135, 27]
2026-09-09 19:53:07 - __main__ - INFO - feature priors: [6, 0, 153, 0, 179, 2, 52, 0, 0, 0]
2026-09-09 19:53:07 - __main__ - INFO - sample_host priors: [0, 0, 32, 0, 0, 0, 0, 0, 6, 55, 34, 570, 0, 0, 16, 0, 0, 0, 4, 5, 1, 0, 0, 0]
2026-09-09 19:53:07 - __main__ - INFO - material priors: [114, 379, 0, 4, 153, 32, 143, 0, 4, 3, 52, 10, 0, 0, 168, 11]
2026-09-09 19:53:52 - __main__ - INFO - community_type priors: [53, 1061, 43, 161, 27]
2026-09-09 19:53:52 - __main__ - INFO - feature priors: [11, 0, 12, 46, 92, 0, 52, 24, 29, 10]
2026-09-09 19:53:52 - __main__ - INFO - sample_host priors: [0, 11, 32, 16, 1, 0, 0, 20, 6, 55, 34, 1096, 0, 11, 16, 0, 0, 0, 0, 0, 0, 24, 0, 23]
2026-09-09 19:53:52 - __main__ - INFO - material priors: [97, 817, 16, 15, 12, 43, 90, 15, 4, 26, 70, 63, 24, 2, 308, 11]
2026-09-09 19:54:47 - __main__ - INFO - community_type priors: [56, 753, 11, 128, 0]
2026-09-09 19:54:47 - __main__ - INFO - feature priors: [17, 0, 145, 46, 87, 2, 0, 24, 29, 10]
2026-09-09 19:54:47 - __main__ - INFO - sample_host priors: [0, 11, 0, 16, 1, 0, 0, 20, 0, 0, 0, 832, 0, 11, 0, 0, 0, 0, 4, 5, 1, 24, 0, 23]
2026-09-09 19:54:47 - __main__ - INFO - material priors: [43, 520, 16, 11, 145, 11, 53, 15, 0, 29, 18, 69, 24, 2, 318, 0]
2026-09-09 19:55:43 - __main__ - INFO - community_type priors: [3, 526, 32, 135, 27]
2026-09-09 19:55:43 - __main__ - INFO - feature priors: [6, 0, 153, 0, 179, 2, 52, 0, 0, 0]
2026-09-09 19:55:43 - __main__ - INFO - sample_host priors: [0, 0, 32, 0, 0, 0, 0, 0, 6, 55, 34, 570, 0, 0, 16, 0, 0, 0, 4, 5, 1, 0, 0, 0]
2026-09-09 19:55:43 - __main__ - INFO - material priors: [114, 379, 0, 4, 153, 32, 143, 0, 4, 3, 52, 10, 0, 0, 168, 11]
2026-09-09 19:56:54 - __main__ - INFO - community_type priors: [53, 1061, 43, 161, 27]
2026-09-09 19:56:54 - __main__ - INFO - feature priors: [11, 0, 12, 46, 92, 0, 52, 24, 29, 10]
2026-09-09 19:56:54 - __main__ - INFO - sample_host priors: [0, 11, 32, 16, 1, 0, 0, 20, 6, 55, 34, 1096, 0, 11, 16, 0, 0, 0, 0, 0, 0, 24, 0, 23]
2026-09-09 19:56:54 - __main__ - INFO - material priors: [97, 817, 16, 15, 12, 43, 90, 15, 4, 26, 70, 63, 24, 2, 308, 11]
2026-09-09 19:57:51 - __main__ - INFO - community_type priors: [56, 753, 11, 128, 0]
2026-09-09 19:57:51 - __main__ - INFO - feature priors: [17, 0, 145, 46, 87, 2, 0, 24, 29, 10]
2026-09-09 19:57:51 - __main__ - INFO - sample_host priors: [0, 11, 0, 16, 1, 0, 0, 20, 0, 0, 0, 832, 0, 11, 0, 0, 0, 0, 4, 5, 1, 24, 0, 23]
2026-09-09 19:57:51 - __main__ - INFO - material priors: [43, 520, 16, 11, 145, 11, 53, 15, 0, 29, 18, 69, 24, 2, 318, 0]
2026-09-09 19:58:41 - __main__ - INFO - community_type priors: [3, 526, 32, 135, 27]
2026-09-09 19:58:41 - __main__ - INFO - feature priors: [6, 0, 153, 0, 179, 2, 52, 0, 0, 0]
2026-09-09 19:58:41 - __main__ - INFO - sample_host priors: [0, 0, 32, 0, 0, 0, 0, 0, 6, 55, 34, 570, 0, 0, 16, 0, 0, 0, 4, 5, 1, 0, 0, 0]
2026-09-09 19:58:41 - __main__ - INFO - material priors: [114, 379, 0, 4, 153, 32, 143, 0, 4, 3, 52, 10, 0, 0, 168, 11]
2026-09-09 19:59:29 - __main__ - INFO - community_type priors: [53, 1061, 43, 161, 27]
2026-09-09 19:59:29 - __main__ - INFO - feature priors: [11, 0, 12, 46, 92, 0, 52, 24, 29, 10]
2026-09-09 19:59:29 - __main__ - INFO - sample_host priors: [0, 11, 32, 16, 1, 0, 0, 20, 6, 55, 34, 1096, 0, 11, 16, 0, 0, 0, 0, 0, 0, 24, 0, 23]
2026-09-09 19:59:29 - __main__ - INFO - material priors: [97, 817, 16, 15, 12, 43, 90, 15, 4, 26, 70, 63, 24, 2, 308, 11]
2026-09-09 20:00:37 - __main__ - INFO - community_type priors: [56, 753, 11, 128, 0]
2026-09-09 20:00:37 - __main__ - INFO - feature priors: [17, 0, 145, 46, 87, 2, 0, 24, 29, 10]
2026-09-09 20:00:37 - __main__ - INFO - sample_host priors: [0, 11, 0, 16, 1, 0, 0, 20, 0, 0, 0, 832, 0, 11, 0, 0, 0, 0, 4, 5, 1, 24, 0, 23]
2026-09-09 20:00:37 - __main__ - INFO - material priors: [43, 520, 16, 11, 145, 11, 53, 15, 0, 29, 18, 69, 24, 2, 318, 0]
2026-09-09 20:01:33 - __main__ - INFO - community_type priors: [3, 526, 32, 135, 27]
2026-09-09 20:01:33 - __main__ - INFO - feature priors: [6, 0, 153, 0, 179, 2, 52, 0, 0, 0]
2026-09-09 20:01:33 - __main__ - INFO - sample_host priors: [0, 0, 32, 0, 0, 0, 0, 0, 6, 55, 34, 570, 0, 0, 16, 0, 0, 0, 4, 5, 1, 0, 0, 0]
2026-09-09 20:01:33 - __main__ - INFO - material priors: [114, 379, 0, 4, 153, 32, 143, 0, 4, 3, 52, 10, 0, 0, 168, 11]
2026-09-09 20:02:16 - __main__ - INFO - community_type priors: [53, 1061, 43, 161, 27]
2026-09-09 20:02:16 - __main__ - INFO - feature priors: [11, 0, 12, 46, 92, 0, 52, 24, 29, 10]
2026-09-09 20:02:16 - __main__ - INFO - sample_host priors: [0, 11, 32, 16, 1, 0, 0, 20, 6, 55, 34, 1096, 0, 11, 16, 0, 0, 0, 0, 0, 0, 24, 0, 23]
2026-09-09 20:02:16 - __main__ - INFO - material priors: [97, 817, 16, 15, 12, 43, 90, 15, 4, 26, 70, 63, 24, 2, 308, 11]
2026-09-09 20:03:06 - __main__ - INFO - community_type priors: [56, 753, 11, 128, 0]
2026-09-09 20:03:06 - __main__ - INFO - feature priors: [17, 0, 145, 46, 87, 2, 0, 24, 29, 10]
2026-09-09 20:03:06 - __main__ - INFO - sample_host priors: [0, 11, 0, 16, 1, 0, 0, 20, 0, 0, 0, 832, 0, 11, 0, 0, 0, 0, 4, 5, 1, 24, 0, 23]
2026-09-09 20:03:06 - __main__ - INFO - material priors: [43, 520, 16, 11, 145, 11, 53, 15, 0, 29, 18, 69, 24, 2, 318, 0]
2026-09-09 20:03:51 - __main__ - INFO - community_type priors: [3, 526, 32, 135, 27]
2026-09-09 20:03:51 - __main__ - INFO - feature priors: [6, 0, 153, 0, 179, 2, 52, 0, 0, 0]
2026-09-09 20:03:51 - __main__ - INFO - sample_host priors: [0, 0, 32, 0, 0, 0, 0, 0, 6, 55, 34, 570, 0, 0, 16, 0, 0, 0, 4, 5, 1, 0, 0, 0]
2026-09-09 20:03:51 - __main__ - INFO - material priors: [114, 379, 0, 4, 153, 32, 143, 0, 4, 3, 52, 10, 0, 0, 168, 11]
2026-09-09 20:04:48 - __main__ - INFO - community_type priors: [53, 1061, 43, 161, 27]
2026-09-09 20:04:48 - __main__ - INFO - feature priors: [11, 0, 12, 46, 92, 0, 52, 24, 29, 10]
2026-09-09 20:04:48 - __main__ - INFO - sample_host priors: [0, 11, 32, 16, 1, 0, 0, 20, 6, 55, 34, 1096, 0, 11, 16, 0, 0, 0, 0, 0, 0, 24, 0, 23]
2026-09-09 20:04:48 - __main__ - INFO - material priors: [97, 817, 16, 15, 12, 43, 90, 15, 4, 26, 70, 63, 24, 2, 308, 11]
2026-09-09 20:06:09 - __main__ - INFO - community_type priors: [56, 753, 11, 128, 0]
2026-09-09 20:06:09 - __main__ - INFO - feature priors: [17, 0, 145, 46, 87, 2, 0, 24, 29, 10]
2026-09-09 20:06:09 - __main__ - INFO - sample_host priors: [0, 11, 0, 16, 1, 0, 0, 20, 0, 0, 0, 832, 0, 11, 0, 0, 0, 0, 4, 5, 1, 24, 0, 23]
2026-09-09 20:06:09 - __main__ - INFO - material priors: [43, 520, 16, 11, 145, 11, 53, 15, 0, 29, 18, 69, 24, 2, 318, 0]
2026-09-09 20:07:25 - __main__ - INFO - community_type priors: [3, 526, 32, 135, 27]
2026-09-09 20:07:25 - __main__ - INFO - feature priors: [6, 0, 153, 0, 179, 2, 52, 0, 0, 0]
2026-09-09 20:07:25 - __main__ - INFO - sample_host priors: [0, 0, 32, 0, 0, 0, 0, 0, 6, 55, 34, 570, 0, 0, 16, 0, 0, 0, 4, 5, 1, 0, 0, 0]
2026-09-09 20:07:25 - __main__ - INFO - material priors: [114, 379, 0, 4, 153, 32, 143, 0, 4, 3, 52, 10, 0, 0, 168, 11]
2026-09-09 20:07:55 - __main__ - INFO - community_type priors: [53, 1061, 43, 161, 27]
2026-09-09 20:07:55 - __main__ - INFO - feature priors: [11, 0, 12, 46, 92, 0, 52, 24, 29, 10]
2026-09-09 20:07:55 - __main__ - INFO - sample_host priors: [0, 11, 32, 16, 1, 0, 0, 20, 6, 55, 34, 1096, 0, 11, 16, 0, 0, 0, 0, 0, 0, 24, 0, 23]
2026-09-09 20:07:55 - __main__ - INFO - material priors: [97, 817, 16, 15, 12, 43, 90, 15, 4, 26, 70, 63, 24, 2, 308, 11]
2026-09-09 20:08:46 - __main__ - INFO - community_type priors: [56, 753, 11, 128, 0]
2026-09-09 20:08:46 - __main__ - INFO - feature priors: [17, 0, 145, 46, 87, 2, 0, 24, 29, 10]
2026-09-09 20:08:46 - __main__ - INFO - sample_host priors: [0, 11, 0, 16, 1, 0, 0, 20, 0, 0, 0, 832, 0, 11, 0, 0, 0, 0, 4, 5, 1, 24, 0, 23]
2026-09-09 20:08:46 - __main__ - INFO - material priors: [43, 520, 16, 11, 145, 11, 53, 15, 0, 29, 18, 69, 24, 2, 318, 0]
2026-09-09 20:09:32 - __main__ - INFO - community_type priors: [3, 526, 32, 135, 27]
2026-09-09 20:09:32 - __main__ - INFO - feature priors: [6, 0, 153, 0, 179, 2, 52, 0, 0, 0]
2026-09-09 20:09:32 - __main__ - INFO - sample_host priors: [0, 0, 32, 0, 0, 0, 0, 0, 6, 55, 34, 570, 0, 0, 16, 0, 0, 0, 4, 5, 1, 0, 0, 0]
2026-09-09 20:09:32 - __main__ - INFO - material priors: [114, 379, 0, 4, 153, 32, 143, 0, 4, 3, 52, 10, 0, 0, 168, 11]
2026-09-09 20:10:20 - __main__ - INFO - community_type priors: [53, 1061, 43, 161, 27]
2026-09-09 20:10:20 - __main__ - INFO - feature priors: [11, 0, 12, 46, 92, 0, 52, 24, 29, 10]
2026-09-09 20:10:20 - __main__ - INFO - sample_host priors: [0, 11, 32, 16, 1, 0, 0, 20, 6, 55, 34, 1096, 0, 11, 16, 0, 0, 0, 0, 0, 0, 24, 0, 23]
2026-09-09 20:10:20 - __main__ - INFO - material priors: [97, 817, 16, 15, 12, 43, 90, 15, 4, 26, 70, 63, 24, 2, 308, 11]
2026-09-09 20:11:00 - __main__ - INFO - community_type priors: [56, 753, 11, 128, 0]
2026-09-09 20:11:00 - __main__ - INFO - feature priors: [17, 0, 145, 46, 87, 2, 0, 24, 29, 10]
2026-09-09 20:11:00 - __main__ - INFO - sample_host priors: [0, 11, 0, 16, 1, 0, 0, 20, 0, 0, 0, 832, 0, 11, 0, 0, 0, 0, 4, 5, 1, 24, 0, 23]
2026-09-09 20:11:00 - __main__ - INFO - material priors: [43, 520, 16, 11, 145, 11, 53, 15, 0, 29, 18, 69, 24, 2, 318, 0]
2026-09-09 20:11:54 - __main__ - INFO - community_type priors: [3, 526, 32, 135, 27]
2026-09-09 20:11:54 - __main__ - INFO - feature priors: [6, 0, 153, 0, 179, 2, 52, 0, 0, 0]
2026-09-09 20:11:54 - __main__ - INFO - sample_host priors: [0, 0, 32, 0, 0, 0, 0, 0, 6, 55, 34, 570, 0, 0, 16, 0, 0, 0, 4, 5, 1, 0, 0, 0]
2026-09-09 20:11:54 - __main__ - INFO - material priors: [114, 379, 0, 4, 153, 32, 143, 0, 4, 3, 52, 10, 0, 0, 168, 11]
2026-09-09 20:12:43 - __main__ - INFO - community_type priors: [53, 1061, 43, 161, 27]
2026-09-09 20:12:43 - __main__ - INFO - feature priors: [11, 0, 12, 46, 92, 0, 52, 24, 29, 10]
2026-09-09 20:12:43 - __main__ - INFO - sample_host priors: [0, 11, 32, 16, 1, 0, 0, 20, 6, 55, 34, 1096, 0, 11, 16, 0, 0, 0, 0, 0, 0, 24, 0, 23]
2026-09-09 20:12:43 - __main__ - INFO - material priors: [97, 817, 16, 15, 12, 43, 90, 15, 4, 26, 70, 63, 24, 2, 308, 11]
2026-09-09 20:13:43 - __main__ - INFO - community_type priors: [56, 753, 11, 128, 0]
2026-09-09 20:13:43 - __main__ - INFO - feature priors: [17, 0, 145, 46, 87, 2, 0, 24, 29, 10]
2026-09-09 20:13:43 - __main__ - INFO - sample_host priors: [0, 11, 0, 16, 1, 0, 0, 20, 0, 0, 0, 832, 0, 11, 0, 0, 0, 0, 4, 5, 1, 24, 0, 23]
2026-09-09 20:13:43 - __main__ - INFO - material priors: [43, 520, 16, 11, 145, 11, 53, 15, 0, 29, 18, 69, 24, 2, 318, 0]
2026-09-09 20:14:37 - __main__ - INFO - community_type priors: [3, 526, 32, 135, 27]
2026-09-09 20:14:37 - __main__ - INFO - feature priors: [6, 0, 153, 0, 179, 2, 52, 0, 0, 0]
2026-09-09 20:14:37 - __main__ - INFO - sample_host priors: [0, 0, 32, 0, 0, 0, 0, 0, 6, 55, 34, 570, 0, 0, 16, 0, 0, 0, 4, 5, 1, 0, 0, 0]
2026-09-09 20:14:37 - __main__ - INFO - material priors: [114, 379, 0, 4, 153, 32, 143, 0, 4, 3, 52, 10, 0, 0, 168, 11]
2026-09-09 20:15:19 - __main__ - INFO - community_type priors: [53, 1061, 43, 161, 27]
2026-09-09 20:15:19 - __main__ - INFO - feature priors: [11, 0, 12, 46, 92, 0, 52, 24, 29, 10]
2026-09-09 20:15:19 - __main__ - INFO - sample_host priors: [0, 11, 32, 16, 1, 0, 0, 20, 6, 55, 34, 1096, 0, 11, 16, 0, 0, 0, 0, 0, 0, 24, 0, 23]
2026-09-09 20:15:19 - __main__ - INFO - material priors: [97, 817, 16, 15, 12, 43, 90, 15, 4, 26, 70, 63, 24, 2, 308, 11]
2026-09-09 20:15:52 - __main__ - INFO - community_type priors: [56, 753, 11, 128, 0]
2026-09-09 20:15:52 - __main__ - INFO - feature priors: [17, 0, 145, 46, 87, 2, 0, 24, 29, 10]
2026-09-09 20:15:52 - __main__ - INFO - sample_host priors: [0, 11, 0, 16, 1, 0, 0, 20, 0, 0, 0, 832, 0, 11, 0, 0, 0, 0, 4, 5, 1, 24, 0, 23]
2026-09-09 20:15:52 - __main__ - INFO - material priors: [43, 520, 16, 11, 145, 11, 53, 15, 0, 29, 18, 69, 24, 2, 318, 0]
2026-09-09 20:16:41 - __main__ - INFO - community_type priors: [3, 526, 32, 135, 27]
2026-09-09 20:16:41 - __main__ - INFO - feature priors: [6, 0, 153, 0, 179, 2, 52, 0, 0, 0]
2026-09-09 20:16:41 - __main__ - INFO - sample_host priors: [0, 0, 32, 0, 0, 0, 0, 0, 6, 55, 34, 570, 0, 0, 16, 0, 0, 0, 4, 5, 1, 0, 0, 0]
2026-09-09 20:16:41 - __main__ - INFO - material priors: [114, 379, 0, 4, 153, 32, 143, 0, 4, 3, 52, 10, 0, 0, 168, 11]
2026-09-09 20:17:25 - __main__ - INFO - community_type priors: [53, 1061, 43, 161, 27]
2026-09-09 20:17:25 - __main__ - INFO - feature priors: [11, 0, 12, 46, 92, 0, 52, 24, 29, 10]
2026-09-09 20:17:25 - __main__ - INFO - sample_host priors: [0, 11, 32, 16, 1, 0, 0, 20, 6, 55, 34, 1096, 0, 11, 16, 0, 0, 0, 0, 0, 0, 24, 0, 23]
2026-09-09 20:17:25 - __main__ - INFO - material priors: [97, 817, 16, 15, 12, 43, 90, 15, 4, 26, 70, 63, 24, 2, 308, 11]
2026-09-09 20:18:04 - __main__ - INFO - community_type priors: [56, 753, 11, 128, 0]
2026-09-09 20:18:04 - __main__ - INFO - feature priors: [17, 0, 145, 46, 87, 2, 0, 24, 29, 10]
2026-09-09 20:18:04 - __main__ - INFO - sample_host priors: [0, 11, 0, 16, 1, 0, 0, 20, 0, 0, 0, 832, 0, 11, 0, 0, 0, 0, 4, 5, 1, 24, 0, 23]
2026-09-09 20:18:04 - __main__ - INFO - material priors: [43, 520, 16, 11, 145, 11, 53, 15, 0, 29, 18, 69, 24, 2, 318, 0]
2026-09-09 20:18:57 - __main__ - INFO - community_type priors: [3, 526, 32, 135, 27]
2026-09-09 20:18:57 - __main__ - INFO - feature priors: [6, 0, 153, 0, 179, 2, 52, 0, 0, 0]
2026-09-09 20:18:57 - __main__ - INFO - sample_host priors: [0, 0, 32, 0, 0, 0, 0, 0, 6, 55, 34, 570, 0, 0, 16, 0, 0, 0, 4, 5, 1, 0, 0, 0]
2026-09-09 20:18:57 - __main__ - INFO - material priors: [114, 379, 0, 4, 153, 32, 143, 0, 4, 3, 52, 10, 0, 0, 168, 11]
2026-09-09 20:20:00 - __main__ - INFO - community_type priors: [53, 1061, 43, 161, 27]
2026-09-09 20:20:00 - __main__ - INFO - feature priors: [11, 0, 12, 46, 92, 0, 52, 24, 29, 10]
2026-09-09 20:20:00 - __main__ - INFO - sample_host priors: [0, 11, 32, 16, 1, 0, 0, 20, 6, 55, 34, 1096, 0, 11, 16, 0, 0, 0, 0, 0, 0, 24, 0, 23]
2026-09-09 20:20:00 - __main__ - INFO - material priors: [97, 817, 16, 15, 12, 43, 90, 15, 4, 26, 70, 63, 24, 2, 308, 11]
2026-09-09 20:20:49 - __main__ - INFO - community_type priors: [56, 753, 11, 128, 0]
2026-09-09 20:20:49 - __main__ - INFO - feature priors: [17, 0, 145, 46, 87, 2, 0, 24, 29, 10]
2026-09-09 20:20:49 - __main__ - INFO - sample_host priors: [0, 11, 0, 16, 1, 0, 0, 20, 0, 0, 0, 832, 0, 11, 0, 0, 0, 0, 4, 5, 1, 24, 0, 23]
2026-09-09 20:20:49 - __main__ - INFO - material priors: [43, 520, 16, 11, 145, 11, 53, 15, 0, 29, 18, 69, 24, 2, 318, 0]
2026-09-09 20:21:50 - __main__ - INFO - community_type priors: [3, 526, 32, 135, 27]
2026-09-09 20:21:50 - __main__ - INFO - feature priors: [6, 0, 153, 0, 179, 2, 52, 0, 0, 0]
2026-09-09 20:21:50 - __main__ - INFO - sample_host priors: [0, 0, 32, 0, 0, 0, 0, 0, 6, 55, 34, 570, 0, 0, 16, 0, 0, 0, 4, 5, 1, 0, 0, 0]
2026-09-09 20:21:50 - __main__ - INFO - material priors: [114, 379, 0, 4, 153, 32, 143, 0, 4, 3, 52, 10, 0, 0, 168, 11]
2026-09-09 20:22:36 - __main__ - INFO - community_type priors: [53, 1061, 43, 161, 27]
2026-09-09 20:22:36 - __main__ - INFO - feature priors: [11, 0, 12, 46, 92, 0, 52, 24, 29, 10]
2026-09-09 20:22:36 - __main__ - INFO - sample_host priors: [0, 11, 32, 16, 1, 0, 0, 20, 6, 55, 34, 1096, 0, 11, 16, 0, 0, 0, 0, 0, 0, 24, 0, 23]
2026-09-09 20:22:36 - __main__ - INFO - material priors: [97, 817, 16, 15, 12, 43, 90, 15, 4, 26, 70, 63, 24, 2, 308, 11]
2026-09-09 20:23:20 - __main__ - INFO - community_type priors: [56, 753, 11, 128, 0]
2026-09-09 20:23:20 - __main__ - INFO - feature priors: [17, 0, 145, 46, 87, 2, 0, 24, 29, 10]
2026-09-09 20:23:20 - __main__ - INFO - sample_host priors: [0, 11, 0, 16, 1, 0, 0, 20, 0, 0, 0, 832, 0, 11, 0, 0, 0, 0, 4, 5, 1, 24, 0, 23]
2026-09-09 20:23:20 - __main__ - INFO - material priors: [43, 520, 16, 11, 145, 11, 53, 15, 0, 29, 18, 69, 24, 2, 318, 0]
2026-09-09 20:24:12 - __main__ - INFO - community_type priors: [3, 526, 32, 135, 27]
2026-09-09 20:24:12 - __main__ - INFO - feature priors: [6, 0, 153, 0, 179, 2, 52, 0, 0, 0]
2026-09-09 20:24:12 - __main__ - INFO - sample_host priors: [0, 0, 32, 0, 0, 0, 0, 0, 6, 55, 34, 570, 0, 0, 16, 0, 0, 0, 4, 5, 1, 0, 0, 0]
2026-09-09 20:24:12 - __main__ - INFO - material priors: [114, 379, 0, 4, 153, 32, 143, 0, 4, 3, 52, 10, 0, 0, 168, 11]
2026-09-09 20:24:58 - __main__ - INFO - community_type priors: [53, 1061, 43, 161, 27]
2026-09-09 20:24:58 - __main__ - INFO - feature priors: [11, 0, 12, 46, 92, 0, 52, 24, 29, 10]
2026-09-09 20:24:58 - __main__ - INFO - sample_host priors: [0, 11, 32, 16, 1, 0, 0, 20, 6, 55, 34, 1096, 0, 11, 16, 0, 0, 0, 0, 0, 0, 24, 0, 23]
2026-09-09 20:24:58 - __main__ - INFO - material priors: [97, 817, 16, 15, 12, 43, 90, 15, 4, 26, 70, 63, 24, 2, 308, 11]
2026-09-09 20:26:02 - __main__ - INFO - community_type priors: [56, 753, 11, 128, 0]
2026-09-09 20:26:02 - __main__ - INFO - feature priors: [17, 0, 145, 46, 87, 2, 0, 24, 29, 10]
2026-09-09 20:26:02 - __main__ - INFO - sample_host priors: [0, 11, 0, 16, 1, 0, 0, 20, 0, 0, 0, 832, 0, 11, 0, 0, 0, 0, 4, 5, 1, 24, 0, 23]
2026-09-09 20:26:02 - __main__ - INFO - material priors: [43, 520, 16, 11, 145, 11, 53, 15, 0, 29, 18, 69, 24, 2, 318, 0]
2026-09-09 20:27:08 - __main__ - INFO - community_type priors: [3, 526, 32, 135, 27]
2026-09-09 20:27:08 - __main__ - INFO - feature priors: [6, 0, 153, 0, 179, 2, 52, 0, 0, 0]
2026-09-09 20:27:08 - __main__ - INFO - sample_host priors: [0, 0, 32, 0, 0, 0, 0, 0, 6, 55, 34, 570, 0, 0, 16, 0, 0, 0, 4, 5, 1, 0, 0, 0]
2026-09-09 20:27:08 - __main__ - INFO - material priors: [114, 379, 0, 4, 153, 32, 143, 0, 4, 3, 52, 10, 0, 0, 168, 11]
2026-09-09 20:28:13 - __main__ - INFO - community_type priors: [53, 1061, 43, 161, 27]
2026-09-09 20:28:13 - __main__ - INFO - feature priors: [11, 0, 12, 46, 92, 0, 52, 24, 29, 10]
2026-09-09 20:28:13 - __main__ - INFO - sample_host priors: [0, 11, 32, 16, 1, 0, 0, 20, 6, 55, 34, 1096, 0, 11, 16, 0, 0, 0, 0, 0, 0, 24, 0, 23]
2026-09-09 20:28:13 - __main__ - INFO - material priors: [97, 817, 16, 15, 12, 43, 90, 15, 4, 26, 70, 63, 24, 2, 308, 11]
2026-09-09 20:29:24 - __main__ - INFO - community_type priors: [56, 753, 11, 128, 0]
2026-09-09 20:29:24 - __main__ - INFO - feature priors: [17, 0, 145, 46, 87, 2, 0, 24, 29, 10]
2026-09-09 20:29:24 - __main__ - INFO - sample_host priors: [0, 11, 0, 16, 1, 0, 0, 20, 0, 0, 0, 832, 0, 11, 0, 0, 0, 0, 4, 5, 1, 24, 0, 23]
2026-09-09 20:29:24 - __main__ - INFO - material priors: [43, 520, 16, 11, 145, 11, 53, 15, 0, 29, 18, 69, 24, 2, 318, 0]
2026-09-09 20:30:45 - __main__ - INFO - community_type priors: [3, 526, 32, 135, 27]
2026-09-09 20:30:45 - __main__ - INFO - feature priors: [6, 0, 153, 0, 179, 2, 52, 0, 0, 0]
2026-09-09 20:30:45 - __main__ - INFO - sample_host priors: [0, 0, 32, 0, 0, 0, 0, 0, 6, 55, 34, 570, 0, 0, 16, 0, 0, 0, 4, 5, 1, 0, 0, 0]
2026-09-09 20:30:45 - __main__ - INFO - material priors: [114, 379, 0, 4, 153, 32, 143, 0, 4, 3, 52, 10, 0, 0, 168, 11]
2026-09-09 20:31:44 - __main__ - INFO - community_type priors: [53, 1061, 43, 161, 27]
2026-09-09 20:31:44 - __main__ - INFO - feature priors: [11, 0, 12, 46, 92, 0, 52, 24, 29, 10]
2026-09-09 20:31:44 - __main__ - INFO - sample_host priors: [0, 11, 32, 16, 1, 0, 0, 20, 6, 55, 34, 1096, 0, 11, 16, 0, 0, 0, 0, 0, 0, 24, 0, 23]
2026-09-09 20:31:44 - __main__ - INFO - material priors: [97, 817, 16, 15, 12, 43, 90, 15, 4, 26, 70, 63, 24, 2, 308, 11]
2026-09-09 20:32:35 - __main__ - INFO - community_type priors: [56, 753, 11, 128, 0]
2026-09-09 20:32:35 - __main__ - INFO - feature priors: [17, 0, 145, 46, 87, 2, 0, 24, 29, 10]
2026-09-09 20:32:35 - __main__ - INFO - sample_host priors: [0, 11, 0, 16, 1, 0, 0, 20, 0, 0, 0, 832, 0, 11, 0, 0, 0, 0, 4, 5, 1, 24, 0, 23]
2026-09-09 20:32:35 - __main__ - INFO - material priors: [43, 520, 16, 11, 145, 11, 53, 15, 0, 29, 18, 69, 24, 2, 318, 0]
2026-09-09 20:33:28 - __main__ - INFO - community_type priors: [3, 526, 32, 135, 27]
2026-09-09 20:33:28 - __main__ - INFO - feature priors: [6, 0, 153, 0, 179, 2, 52, 0, 0, 0]
2026-09-09 20:33:28 - __main__ - INFO - sample_host priors: [0, 0, 32, 0, 0, 0, 0, 0, 6, 55, 34, 570, 0, 0, 16, 0, 0, 0, 4, 5, 1, 0, 0, 0]
2026-09-09 20:33:28 - __main__ - INFO - material priors: [114, 379, 0, 4, 153, 32, 143, 0, 4, 3, 52, 10, 0, 0, 168, 11]
2026-09-09 20:34:28 - __main__ - INFO - community_type priors: [53, 1061, 43, 161, 27]
2026-09-09 20:34:28 - __main__ - INFO - feature priors: [11, 0, 12, 46, 92, 0, 52, 24, 29, 10]
2026-09-09 20:34:28 - __main__ - INFO - sample_host priors: [0, 11, 32, 16, 1, 0, 0, 20, 6, 55, 34, 1096, 0, 11, 16, 0, 0, 0, 0, 0, 0, 24, 0, 23]
2026-09-09 20:34:28 - __main__ - INFO - material priors: [97, 817, 16, 15, 12, 43, 90, 15, 4, 26, 70, 63, 24, 2, 308, 11]
2026-09-09 20:36:01 - __main__ - INFO - community_type priors: [56, 753, 11, 128, 0]
2026-09-09 20:36:01 - __main__ - INFO - feature priors: [17, 0, 145, 46, 87, 2, 0, 24, 29, 10]
2026-09-09 20:36:01 - __main__ - INFO - sample_host priors: [0, 11, 0, 16, 1, 0, 0, 20, 0, 0, 0, 832, 0, 11, 0, 0, 0, 0, 4, 5, 1, 24, 0, 23]
2026-09-09 20:36:01 - __main__ - INFO - material priors: [43, 520, 16, 11, 145, 11, 53, 15, 0, 29, 18, 69, 24, 2, 318, 0]
2026-09-09 20:37:05 - __main__ - INFO - community_type priors: [3, 526, 32, 135, 27]
2026-09-09 20:37:05 - __main__ - INFO - feature priors: [6, 0, 153, 0, 179, 2, 52, 0, 0, 0]
2026-09-09 20:37:05 - __main__ - INFO - sample_host priors: [0, 0, 32, 0, 0, 0, 0, 0, 6, 55, 34, 570, 0, 0, 16, 0, 0, 0, 4, 5, 1, 0, 0, 0]
2026-09-09 20:37:05 - __main__ - INFO - material priors: [114, 379, 0, 4, 153, 32, 143, 0, 4, 3, 52, 10, 0, 0, 168, 11]
2026-09-09 20:37:43 - __main__ - INFO - community_type priors: [53, 1061, 43, 161, 27]
2026-09-09 20:37:43 - __main__ - INFO - feature priors: [11, 0, 12, 46, 92, 0, 52, 24, 29, 10]
2026-09-09 20:37:43 - __main__ - INFO - sample_host priors: [0, 11, 32, 16, 1, 0, 0, 20, 6, 55, 34, 1096, 0, 11, 16, 0, 0, 0, 0, 0, 0, 24, 0, 23]
2026-09-09 20:37:43 - __main__ - INFO - material priors: [97, 817, 16, 15, 12, 43, 90, 15, 4, 26, 70, 63, 24, 2, 308, 11]
2026-09-09 20:39:09 - __main__ - INFO - community_type priors: [56, 753, 11, 128, 0]
2026-09-09 20:39:09 - __main__ - INFO - feature priors: [17, 0, 145, 46, 87, 2, 0, 24, 29, 10]
2026-09-09 20:39:09 - __main__ - INFO - sample_host priors: [0, 11, 0, 16, 1, 0, 0, 20, 0, 0, 0, 832, 0, 11, 0, 0, 0, 0, 4, 5, 1, 24, 0, 23]
2026-09-09 20:39:09 - __main__ - INFO - material priors: [43, 520, 16, 11, 145, 11, 53, 15, 0, 29, 18, 69, 24, 2, 318, 0]
2026-09-09 20:40:21 - __main__ - INFO - community_type priors: [3, 526, 32, 135, 27]
2026-09-09 20:40:21 - __main__ - INFO - feature priors: [6, 0, 153, 0, 179, 2, 52, 0, 0, 0]
2026-09-09 20:40:21 - __main__ - INFO - sample_host priors: [0, 0, 32, 0, 0, 0, 0, 0, 6, 55, 34, 570, 0, 0, 16, 0, 0, 0, 4, 5, 1, 0, 0, 0]
2026-09-09 20:40:21 - __main__ - INFO - material priors: [114, 379, 0, 4, 153, 32, 143, 0, 4, 3, 52, 10, 0, 0, 168, 11]
2026-09-09 20:41:04 - __main__ - INFO - community_type priors: [53, 1061, 43, 161, 27]
2026-09-09 20:41:04 - __main__ - INFO - feature priors: [11, 0, 12, 46, 92, 0, 52, 24, 29, 10]
2026-09-09 20:41:04 - __main__ - INFO - sample_host priors: [0, 11, 32, 16, 1, 0, 0, 20, 6, 55, 34, 1096, 0, 11, 16, 0, 0, 0, 0, 0, 0, 24, 0, 23]
2026-09-09 20:41:04 - __main__ - INFO - material priors: [97, 817, 16, 15, 12, 43, 90, 15, 4, 26, 70, 63, 24, 2, 308, 11]
2026-09-09 20:42:26 - __main__ - INFO - community_type priors: [56, 753, 11, 128, 0]
2026-09-09 20:42:26 - __main__ - INFO - feature priors: [17, 0, 145, 46, 87, 2, 0, 24, 29, 10]
2026-09-09 20:42:26 - __main__ - INFO - sample_host priors: [0, 11, 0, 16, 1, 0, 0, 20, 0, 0, 0, 832, 0, 11, 0, 0, 0, 0, 4, 5, 1, 24, 0, 23]
2026-09-09 20:42:26 - __main__ - INFO - material priors: [43, 520, 16, 11, 145, 11, 53, 15, 0, 29, 18, 69, 24, 2, 318, 0]
2026-09-09 20:43:32 - __main__ - INFO - community_type priors: [3, 526, 32, 135, 27]
2026-09-09 20:43:32 - __main__ - INFO - feature priors: [6, 0, 153, 0, 179, 2, 52, 0, 0, 0]
2026-09-09 20:43:32 - __main__ - INFO - sample_host priors: [0, 0, 32, 0, 0, 0, 0, 0, 6, 55, 34, 570, 0, 0, 16, 0, 0, 0, 4, 5, 1, 0, 0, 0]
2026-09-09 20:43:32 - __main__ - INFO - material priors: [114, 379, 0, 4, 153, 32, 143, 0, 4, 3, 52, 10, 0, 0, 168, 11]
2026-09-09 20:44:13 - __main__ - INFO - community_type priors: [53, 1061, 43, 161, 27]
2026-09-09 20:44:13 - __main__ - INFO - feature priors: [11, 0, 12, 46, 92, 0, 52, 24, 29, 10]
2026-09-09 20:44:13 - __main__ - INFO - sample_host priors: [0, 11, 32, 16, 1, 0, 0, 20, 6, 55, 34, 1096, 0, 11, 16, 0, 0, 0, 0, 0, 0, 24, 0, 23]
2026-09-09 20:44:13 - __main__ - INFO - material priors: [97, 817, 16, 15, 12, 43, 90, 15, 4, 26, 70, 63, 24, 2, 308, 11]
2026-09-09 20:44:44 - __main__ - INFO - community_type priors: [56, 753, 11, 128, 0]
2026-09-09 20:44:44 - __main__ - INFO - feature priors: [17, 0, 145, 46, 87, 2, 0, 24, 29, 10]
2026-09-09 20:44:44 - __main__ - INFO - sample_host priors: [0, 11, 0, 16, 1, 0, 0, 20, 0, 0, 0, 832, 0, 11, 0, 0, 0, 0, 4, 5, 1, 24, 0, 23]
2026-09-09 20:44:44 - __main__ - INFO - material priors: [43, 520, 16, 11, 145, 11, 53, 15, 0, 29, 18, 69, 24, 2, 318, 0]
2026-09-09 20:45:41 - __main__ - INFO - community_type priors: [3, 526, 32, 135, 27]
2026-09-09 20:45:41 - __main__ - INFO - feature priors: [6, 0, 153, 0, 179, 2, 52, 0, 0, 0]
2026-09-09 20:45:41 - __main__ - INFO - sample_host priors: [0, 0, 32, 0, 0, 0, 0, 0, 6, 55, 34, 570, 0, 0, 16, 0, 0, 0, 4, 5, 1, 0, 0, 0]
2026-09-09 20:45:41 - __main__ - INFO - material priors: [114, 379, 0, 4, 153, 32, 143, 0, 4, 3, 52, 10, 0, 0, 168, 11]
2026-09-09 20:46:50 - __main__ - INFO - community_type priors: [53, 1061, 43, 161, 27]
2026-09-09 20:46:50 - __main__ - INFO - feature priors: [11, 0, 12, 46, 92, 0, 52, 24, 29, 10]
2026-09-09 20:46:50 - __main__ - INFO - sample_host priors: [0, 11, 32, 16, 1, 0, 0, 20, 6, 55, 34, 1096, 0, 11, 16, 0, 0, 0, 0, 0, 0, 24, 0, 23]
2026-09-09 20:46:50 - __main__ - INFO - material priors: [97, 817, 16, 15, 12, 43, 90, 15, 4, 26, 70, 63, 24, 2, 308, 11]
2026-09-09 20:47:54 - __main__ - INFO - community_type priors: [56, 753, 11, 128, 0]
2026-09-09 20:47:54 - __main__ - INFO - feature priors: [17, 0, 145, 46, 87, 2, 0, 24, 29, 10]
2026-09-09 20:47:54 - __main__ - INFO - sample_host priors: [0, 11, 0, 16, 1, 0, 0, 20, 0, 0, 0, 832, 0, 11, 0, 0, 0, 0, 4, 5, 1, 24, 0, 23]
2026-09-09 20:47:54 - __main__ - INFO - material priors: [43, 520, 16, 11, 145, 11, 53, 15, 0, 29, 18, 69, 24, 2, 318, 0]
2026-09-09 20:49:12 - __main__ - INFO - community_type priors: [3, 526, 32, 135, 27]
2026-09-09 20:49:12 - __main__ - INFO - feature priors: [6, 0, 153, 0, 179, 2, 52, 0, 0, 0]
2026-09-09 20:49:12 - __main__ - INFO - sample_host priors: [0, 0, 32, 0, 0, 0, 0, 0, 6, 55, 34, 570, 0, 0, 16, 0, 0, 0, 4, 5, 1, 0, 0, 0]
2026-09-09 20:49:12 - __main__ - INFO - material priors: [114, 379, 0, 4, 153, 32, 143, 0, 4, 3, 52, 10, 0, 0, 168, 11]
2026-09-09 20:50:20 - __main__ - INFO - community_type priors: [53, 1061, 43, 161, 27]
2026-09-09 20:50:20 - __main__ - INFO - feature priors: [11, 0, 12, 46, 92, 0, 52, 24, 29, 10]
2026-09-09 20:50:20 - __main__ - INFO - sample_host priors: [0, 11, 32, 16, 1, 0, 0, 20, 6, 55, 34, 1096, 0, 11, 16, 0, 0, 0, 0, 0, 0, 24, 0, 23]
2026-09-09 20:50:20 - __main__ - INFO - material priors: [97, 817, 16, 15, 12, 43, 90, 15, 4, 26, 70, 63, 24, 2, 308, 11]
2026-09-09 20:51:36 - __main__ - INFO - community_type priors: [56, 753, 11, 128, 0]
2026-09-09 20:51:36 - __main__ - INFO - feature priors: [17, 0, 145, 46, 87, 2, 0, 24, 29, 10]
2026-09-09 20:51:36 - __main__ - INFO - sample_host priors: [0, 11, 0, 16, 1, 0, 0, 20, 0, 0, 0, 832, 0, 11, 0, 0, 0, 0, 4, 5, 1, 24, 0, 23]
2026-09-09 20:51:36 - __main__ - INFO - material priors: [43, 520, 16, 11, 145, 11, 53, 15, 0, 29, 18, 69, 24, 2, 318, 0]
2026-09-09 20:52:35 - __main__ - INFO - community_type priors: [3, 526, 32, 135, 27]
2026-09-09 20:52:35 - __main__ - INFO - feature priors: [6, 0, 153, 0, 179, 2, 52, 0, 0, 0]
2026-09-09 20:52:35 - __main__ - INFO - sample_host priors: [0, 0, 32, 0, 0, 0, 0, 0, 6, 55, 34, 570, 0, 0, 16, 0, 0, 0, 4, 5, 1, 0, 0, 0]
2026-09-09 20:52:35 - __main__ - INFO - material priors: [114, 379, 0, 4, 153, 32, 143, 0, 4, 3, 52, 10, 0, 0, 168, 11]
2026-09-09 20:53:44 - __main__ - INFO - community_type priors: [53, 1061, 43, 161, 27]
2026-09-09 20:53:44 - __main__ - INFO - feature priors: [11, 0, 12, 46, 92, 0, 52, 24, 29, 10]
2026-09-09 20:53:44 - __main__ - INFO - sample_host priors: [0, 11, 32, 16, 1, 0, 0, 20, 6, 55, 34, 1096, 0, 11, 16, 0, 0, 0, 0, 0, 0, 24, 0, 23]
2026-09-09 20:53:44 - __main__ - INFO - material priors: [97, 817, 16, 15, 12, 43, 90, 15, 4, 26, 70, 63, 24, 2, 308, 11]
2026-09-09 20:54:48 - __main__ - INFO - community_type priors: [56, 753, 11, 128, 0]
2026-09-09 20:54:48 - __main__ - INFO - feature priors: [17, 0, 145, 46, 87, 2, 0, 24, 29, 10]
2026-09-09 20:54:48 - __main__ - INFO - sample_host priors: [0, 11, 0, 16, 1, 0, 0, 20, 0, 0, 0, 832, 0, 11, 0, 0, 0, 0, 4, 5, 1, 24, 0, 23]
2026-09-09 20:54:48 - __main__ - INFO - material priors: [43, 520, 16, 11, 145, 11, 53, 15, 0, 29, 18, 69, 24, 2, 318, 0]
2026-09-09 20:56:02 - __main__ - INFO - community_type priors: [3, 526, 32, 135, 27]
2026-09-09 20:56:02 - __main__ - INFO - feature priors: [6, 0, 153, 0, 179, 2, 52, 0, 0, 0]
2026-09-09 20:56:02 - __main__ - INFO - sample_host priors: [0, 0, 32, 0, 0, 0, 0, 0, 6, 55, 34, 570, 0, 0, 16, 0, 0, 0, 4, 5, 1, 0, 0, 0]
2026-09-09 20:56:02 - __main__ - INFO - material priors: [114, 379, 0, 4, 153, 32, 143, 0, 4, 3, 52, 10, 0, 0, 168, 11]
2026-09-09 20:57:04 - __main__ - INFO - community_type priors: [53, 1061, 43, 161, 27]
2026-09-09 20:57:04 - __main__ - INFO - feature priors: [11, 0, 12, 46, 92, 0, 52, 24, 29, 10]
2026-09-09 20:57:04 - __main__ - INFO - sample_host priors: [0, 11, 32, 16, 1, 0, 0, 20, 6, 55, 34, 1096, 0, 11, 16, 0, 0, 0, 0, 0, 0, 24, 0, 23]
2026-09-09 20:57:04 - __main__ - INFO - material priors: [97, 817, 16, 15, 12, 43, 90, 15, 4, 26, 70, 63, 24, 2, 308, 11]
2026-09-09 20:57:50 - __main__ - INFO - community_type priors: [56, 753, 11, 128, 0]
2026-09-09 20:57:50 - __main__ - INFO - feature priors: [17, 0, 145, 46, 87, 2, 0, 24, 29, 10]
2026-09-09 20:57:50 - __main__ - INFO - sample_host priors: [0, 11, 0, 16, 1, 0, 0, 20, 0, 0, 0, 832, 0, 11, 0, 0, 0, 0, 4, 5, 1, 24, 0, 23]
2026-09-09 20:57:50 - __main__ - INFO - material priors: [43, 520, 16, 11, 145, 11, 53, 15, 0, 29, 18, 69, 24, 2, 318, 0]
2026-09-09 20:59:00 - __main__ - INFO - community_type priors: [3, 526, 32, 135, 27]
2026-09-09 20:59:00 - __main__ - INFO - feature priors: [6, 0, 153, 0, 179, 2, 52, 0, 0, 0]
2026-09-09 20:59:00 - __main__ - INFO - sample_host priors: [0, 0, 32, 0, 0, 0, 0, 0, 6, 55, 34, 570, 0, 0, 16, 0, 0, 0, 4, 5, 1, 0, 0, 0]
2026-09-09 20:59:00 - __main__ - INFO - material priors: [114, 379, 0, 4, 153, 32, 143, 0, 4, 3, 52, 10, 0, 0, 168, 11]
2026-09-09 20:59:39 - __main__ - INFO - community_type priors: [53, 1061, 43, 161, 27]
2026-09-09 20:59:39 - __main__ - INFO - feature priors: [11, 0, 12, 46, 92, 0, 52, 24, 29, 10]
2026-09-09 20:59:39 - __main__ - INFO - sample_host priors: [0, 11, 32, 16, 1, 0, 0, 20, 6, 55, 34, 1096, 0, 11, 16, 0, 0, 0, 0, 0, 0, 24, 0, 23]
2026-09-09 20:59:39 - __main__ - INFO - material priors: [97, 817, 16, 15, 12, 43, 90, 15, 4, 26, 70, 63, 24, 2, 308, 11]
2026-09-09 21:01:03 - __main__ - INFO - community_type priors: [56, 753, 11, 128, 0]
2026-09-09 21:01:03 - __main__ - INFO - feature priors: [17, 0, 145, 46, 87, 2, 0, 24, 29, 10]
2026-09-09 21:01:03 - __main__ - INFO - sample_host priors: [0, 11, 0, 16, 1, 0, 0, 20, 0, 0, 0, 832, 0, 11, 0, 0, 0, 0, 4, 5, 1, 24, 0, 23]
2026-09-09 21:01:03 - __main__ - INFO - material priors: [43, 520, 16, 11, 145, 11, 53, 15, 0, 29, 18, 69, 24, 2, 318, 0]
2026-09-09 21:02:14 - __main__ - INFO - community_type priors: [3, 526, 32, 135, 27]
2026-09-09 21:02:14 - __main__ - INFO - feature priors: [6, 0, 153, 0, 179, 2, 52, 0, 0, 0]
2026-09-09 21:02:14 - __main__ - INFO - sample_host priors: [0, 0, 32, 0, 0, 0, 0, 0, 6, 55, 34, 570, 0, 0, 16, 0, 0, 0, 4, 5, 1, 0, 0, 0]
2026-09-09 21:02:14 - __main__ - INFO - material priors: [114, 379, 0, 4, 153, 32, 143, 0, 4, 3, 52, 10, 0, 0, 168, 11]
2026-09-09 21:03:19 - __main__ - INFO - community_type priors: [53, 1061, 43, 161, 27]
2026-09-09 21:03:19 - __main__ - INFO - feature priors: [11, 0, 12, 46, 92, 0, 52, 24, 29, 10]
2026-09-09 21:03:19 - __main__ - INFO - sample_host priors: [0, 11, 32, 16, 1, 0, 0, 20, 6, 55, 34, 1096, 0, 11, 16, 0, 0, 0, 0, 0, 0, 24, 0, 23]
2026-09-09 21:03:19 - __main__ - INFO - material priors: [97, 817, 16, 15, 12, 43, 90, 15, 4, 26, 70, 63, 24, 2, 308, 11]
2026-09-09 21:04:03 - __main__ - INFO - community_type priors: [56, 753, 11, 128, 0]
2026-09-09 21:04:03 - __main__ - INFO - feature priors: [17, 0, 145, 46, 87, 2, 0, 24, 29, 10]
2026-09-09 21:04:03 - __main__ - INFO - sample_host priors: [0, 11, 0, 16, 1, 0, 0, 20, 0, 0, 0, 832, 0, 11, 0, 0, 0, 0, 4, 5, 1, 24, 0, 23]
2026-09-09 21:04:03 - __main__ - INFO - material priors: [43, 520, 16, 11, 145, 11, 53, 15, 0, 29, 18, 69, 24, 2, 318, 0]
2026-09-09 21:05:17 - __main__ - INFO - community_type priors: [3, 526, 32, 135, 27]
2026-09-09 21:05:17 - __main__ - INFO - feature priors: [6, 0, 153, 0, 179, 2, 52, 0, 0, 0]
2026-09-09 21:05:17 - __main__ - INFO - sample_host priors: [0, 0, 32, 0, 0, 0, 0, 0, 6, 55, 34, 570, 0, 0, 16, 0, 0, 0, 4, 5, 1, 0, 0, 0]
2026-09-09 21:05:17 - __main__ - INFO - material priors: [114, 379, 0, 4, 153, 32, 143, 0, 4, 3, 52, 10, 0, 0, 168, 11]
2026-09-09 21:05:46 - __main__ - INFO - community_type priors: [53, 1061, 43, 161, 27]
2026-09-09 21:05:46 - __main__ - INFO - feature priors: [11, 0, 12, 46, 92, 0, 52, 24, 29, 10]
2026-09-09 21:05:46 - __main__ - INFO - sample_host priors: [0, 11, 32, 16, 1, 0, 0, 20, 6, 55, 34, 1096, 0, 11, 16, 0, 0, 0, 0, 0, 0, 24, 0, 23]
2026-09-09 21:05:46 - __main__ - INFO - material priors: [97, 817, 16, 15, 12, 43, 90, 15, 4, 26, 70, 63, 24, 2, 308, 11]
2026-09-09 21:06:13 - __main__ - INFO - community_type priors: [56, 753, 11, 128, 0]
2026-09-09 21:06:13 - __main__ - INFO - feature priors: [17, 0, 145, 46, 87, 2, 0, 24, 29, 10]
2026-09-09 21:06:13 - __main__ - INFO - sample_host priors: [0, 11, 0, 16, 1, 0, 0, 20, 0, 0, 0, 832, 0, 11, 0, 0, 0, 0, 4, 5, 1, 24, 0, 23]
2026-09-09 21:06:13 - __main__ - INFO - material priors: [43, 520, 16, 11, 145, 11, 53, 15, 0, 29, 18, 69, 24, 2, 318, 0]
2026-09-09 21:06:42 - __main__ - INFO - community_type priors: [3, 526, 32, 135, 27]
2026-09-09 21:06:42 - __main__ - INFO - feature priors: [6, 0, 153, 0, 179, 2, 52, 0, 0, 0]
2026-09-09 21:06:42 - __main__ - INFO - sample_host priors: [0, 0, 32, 0, 0, 0, 0, 0, 6, 55, 34, 570, 0, 0, 16, 0, 0, 0, 4, 5, 1, 0, 0, 0]
2026-09-09 21:06:42 - __main__ - INFO - material priors: [114, 379, 0, 4, 153, 32, 143, 0, 4, 3, 52, 10, 0, 0, 168, 11]
2026-09-09 21:07:48 - __main__ - INFO - community_type priors: [53, 1061, 43, 161, 27]
2026-09-09 21:07:48 - __main__ - INFO - feature priors: [11, 0, 12, 46, 92, 0, 52, 24, 29, 10]
2026-09-09 21:07:48 - __main__ - INFO - sample_host priors: [0, 11, 32, 16, 1, 0, 0, 20, 6, 55, 34, 1096, 0, 11, 16, 0, 0, 0, 0, 0, 0, 24, 0, 23]
2026-09-09 21:07:48 - __main__ - INFO - material priors: [97, 817, 16, 15, 12, 43, 90, 15, 4, 26, 70, 63, 24, 2, 308, 11]
2026-09-09 21:08:55 - __main__ - INFO - community_type priors: [56, 753, 11, 128, 0]
2026-09-09 21:08:56 - __main__ - INFO - feature priors: [17, 0, 145, 46, 87, 2, 0, 24, 29, 10]
2026-09-09 21:08:56 - __main__ - INFO - sample_host priors: [0, 11, 0, 16, 1, 0, 0, 20, 0, 0, 0, 832, 0, 11, 0, 0, 0, 0, 4, 5, 1, 24, 0, 23]
2026-09-09 21:08:56 - __main__ - INFO - material priors: [43, 520, 16, 11, 145, 11, 53, 15, 0, 29, 18, 69, 24, 2, 318, 0]
2026-09-09 21:10:15 - __main__ - INFO - community_type priors: [3, 526, 32, 135, 27]
2026-09-09 21:10:15 - __main__ - INFO - feature priors: [6, 0, 153, 0, 179, 2, 52, 0, 0, 0]
2026-09-09 21:10:15 - __main__ - INFO - sample_host priors: [0, 0, 32, 0, 0, 0, 0, 0, 6, 55, 34, 570, 0, 0, 16, 0, 0, 0, 4, 5, 1, 0, 0, 0]
2026-09-09 21:10:15 - __main__ - INFO - material priors: [114, 379, 0, 4, 153, 32, 143, 0, 4, 3, 52, 10, 0, 0, 168, 11]
2026-09-09 21:11:10 - __main__ - INFO - community_type priors: [53, 1061, 43, 161, 27]
2026-09-09 21:11:10 - __main__ - INFO - feature priors: [11, 0, 12, 46, 92, 0, 52, 24, 29, 10]
2026-09-09 21:11:10 - __main__ - INFO - sample_host priors: [0, 11, 32, 16, 1, 0, 0, 20, 6, 55, 34, 1096, 0, 11, 16, 0, 0, 0, 0, 0, 0, 24, 0, 23]
2026-09-09 21:11:10 - __main__ - INFO - material priors: [97, 817, 16, 15, 12, 43, 90, 15, 4, 26, 70, 63, 24, 2, 308, 11]
2026-09-09 21:12:41 - __main__ - INFO - community_type priors: [56, 753, 11, 128, 0]
2026-09-09 21:12:41 - __main__ - INFO - feature priors: [17, 0, 145, 46, 87, 2, 0, 24, 29, 10]
2026-09-09 21:12:41 - __main__ - INFO - sample_host priors: [0, 11, 0, 16, 1, 0, 0, 20, 0, 0, 0, 832, 0, 11, 0, 0, 0, 0, 4, 5, 1, 24, 0, 23]
2026-09-09 21:12:41 - __main__ - INFO - material priors: [43, 520, 16, 11, 145, 11, 53, 15, 0, 29, 18, 69, 24, 2, 318, 0]
2026-09-09 21:13:59 - __main__ - INFO - community_type priors: [3, 526, 32, 135, 27]
2026-09-09 21:13:59 - __main__ - INFO - feature priors: [6, 0, 153, 0, 179, 2, 52, 0, 0, 0]
2026-09-09 21:13:59 - __main__ - INFO - sample_host priors: [0, 0, 32, 0, 0, 0, 0, 0, 6, 55, 34, 570, 0, 0, 16, 0, 0, 0, 4, 5, 1, 0, 0, 0]
2026-09-09 21:13:59 - __main__ - INFO - material priors: [114, 379, 0, 4, 153, 32, 143, 0, 4, 3, 52, 10, 0, 0, 168, 11]
2026-09-09 21:15:04 - __main__ - INFO - community_type priors: [53, 1061, 43, 161, 27]
2026-09-09 21:15:04 - __main__ - INFO - feature priors: [11, 0, 12, 46, 92, 0, 52, 24, 29, 10]
2026-09-09 21:15:04 - __main__ - INFO - sample_host priors: [0, 11, 32, 16, 1, 0, 0, 20, 6, 55, 34, 1096, 0, 11, 16, 0, 0, 0, 0, 0, 0, 24, 0, 23]
2026-09-09 21:15:04 - __main__ - INFO - material priors: [97, 817, 16, 15, 12, 43, 90, 15, 4, 26, 70, 63, 24, 2, 308, 11]
2026-09-09 21:16:19 - __main__ - INFO - community_type priors: [56, 753, 11, 128, 0]
2026-09-09 21:16:19 - __main__ - INFO - feature priors: [17, 0, 145, 46, 87, 2, 0, 24, 29, 10]
2026-09-09 21:16:19 - __main__ - INFO - sample_host priors: [0, 11, 0, 16, 1, 0, 0, 20, 0, 0, 0, 832, 0, 11, 0, 0, 0, 0, 4, 5, 1, 24, 0, 23]
2026-09-09 21:16:19 - __main__ - INFO - material priors: [43, 520, 16, 11, 145, 11, 53, 15, 0, 29, 18, 69, 24, 2, 318, 0]
2026-09-09 21:17:38 - __main__ - INFO - community_type priors: [3, 526, 32, 135, 27]
2026-09-09 21:17:38 - __main__ - INFO - feature priors: [6, 0, 153, 0, 179, 2, 52, 0, 0, 0]
2026-09-09 21:17:38 - __main__ - INFO - sample_host priors: [0, 0, 32, 0, 0, 0, 0, 0, 6, 55, 34, 570, 0, 0, 16, 0, 0, 0, 4, 5, 1, 0, 0, 0]
2026-09-09 21:17:38 - __main__ - INFO - material priors: [114, 379, 0, 4, 153, 32, 143, 0, 4, 3, 52, 10, 0, 0, 168, 11]
2026-09-09 21:18:42 - __main__ - INFO - community_type priors: [53, 1061, 43, 161, 27]
2026-09-09 21:18:42 - __main__ - INFO - feature priors: [11, 0, 12, 46, 92, 0, 52, 24, 29, 10]
2026-09-09 21:18:42 - __main__ - INFO - sample_host priors: [0, 11, 32, 16, 1, 0, 0, 20, 6, 55, 34, 1096, 0, 11, 16, 0, 0, 0, 0, 0, 0, 24, 0, 23]
2026-09-09 21:18:42 - __main__ - INFO - material priors: [97, 817, 16, 15, 12, 43, 90, 15, 4, 26, 70, 63, 24, 2, 308, 11]
2026-09-09 21:19:48 - __main__ - INFO - community_type priors: [56, 753, 11, 128, 0]
2026-09-09 21:19:48 - __main__ - INFO - feature priors: [17, 0, 145, 46, 87, 2, 0, 24, 29, 10]
2026-09-09 21:19:48 - __main__ - INFO - sample_host priors: [0, 11, 0, 16, 1, 0, 0, 20, 0, 0, 0, 832, 0, 11, 0, 0, 0, 0, 4, 5, 1, 24, 0, 23]
2026-09-09 21:19:48 - __main__ - INFO - material priors: [43, 520, 16, 11, 145, 11, 53, 15, 0, 29, 18, 69, 24, 2, 318, 0]
2026-09-09 21:21:01 - __main__ - INFO - community_type priors: [3, 526, 32, 135, 27]
2026-09-09 21:21:01 - __main__ - INFO - feature priors: [6, 0, 153, 0, 179, 2, 52, 0, 0, 0]
2026-09-09 21:21:01 - __main__ - INFO - sample_host priors: [0, 0, 32, 0, 0, 0, 0, 0, 6, 55, 34, 570, 0, 0, 16, 0, 0, 0, 4, 5, 1, 0, 0, 0]
2026-09-09 21:21:01 - __main__ - INFO - material priors: [114, 379, 0, 4, 153, 32, 143, 0, 4, 3, 52, 10, 0, 0, 168, 11]
2026-09-09 21:22:01 - __main__ - INFO - community_type priors: [53, 1061, 43, 161, 27]
2026-09-09 21:22:01 - __main__ - INFO - feature priors: [11, 0, 12, 46, 92, 0, 52, 24, 29, 10]
2026-09-09 21:22:01 - __main__ - INFO - sample_host priors: [0, 11, 32, 16, 1, 0, 0, 20, 6, 55, 34, 1096, 0, 11, 16, 0, 0, 0, 0, 0, 0, 24, 0, 23]
2026-09-09 21:22:01 - __main__ - INFO - material priors: [97, 817, 16, 15, 12, 43, 90, 15, 4, 26, 70, 63, 24, 2, 308, 11]
2026-09-09 21:22:59 - __main__ - INFO - community_type priors: [56, 753, 11, 128, 0]
2026-09-09 21:22:59 - __main__ - INFO - feature priors: [17, 0, 145, 46, 87, 2, 0, 24, 29, 10]
2026-09-09 21:22:59 - __main__ - INFO - sample_host priors: [0, 11, 0, 16, 1, 0, 0, 20, 0, 0, 0, 832, 0, 11, 0, 0, 0, 0, 4, 5, 1, 24, 0, 23]
2026-09-09 21:22:59 - __main__ - INFO - material priors: [43, 520, 16, 11, 145, 11, 53, 15, 0, 29, 18, 69, 24, 2, 318, 0]
2026-09-09 21:24:09 - __main__ - INFO - community_type priors: [3, 526, 32, 135, 27]
2026-09-09 21:24:09 - __main__ - INFO - feature priors: [6, 0, 153, 0, 179, 2, 52, 0, 0, 0]
2026-09-09 21:24:09 - __main__ - INFO - sample_host priors: [0, 0, 32, 0, 0, 0, 0, 0, 6, 55, 34, 570, 0, 0, 16, 0, 0, 0, 4, 5, 1, 0, 0, 0]
2026-09-09 21:24:09 - __main__ - INFO - material priors: [114, 379, 0, 4, 153, 32, 143, 0, 4, 3, 52, 10, 0, 0, 168, 11]
2026-09-09 21:25:06 - __main__ - INFO - community_type priors: [53, 1061, 43, 161, 27]
2026-09-09 21:25:06 - __main__ - INFO - feature priors: [11, 0, 12, 46, 92, 0, 52, 24, 29, 10]
2026-09-09 21:25:06 - __main__ - INFO - sample_host priors: [0, 11, 32, 16, 1, 0, 0, 20, 6, 55, 34, 1096, 0, 11, 16, 0, 0, 0, 0, 0, 0, 24, 0, 23]
2026-09-09 21:25:06 - __main__ - INFO - material priors: [97, 817, 16, 15, 12, 43, 90, 15, 4, 26, 70, 63, 24, 2, 308, 11]
2026-09-09 21:26:29 - __main__ - INFO - community_type priors: [56, 753, 11, 128, 0]
2026-09-09 21:26:29 - __main__ - INFO - feature priors: [17, 0, 145, 46, 87, 2, 0, 24, 29, 10]
2026-09-09 21:26:29 - __main__ - INFO - sample_host priors: [0, 11, 0, 16, 1, 0, 0, 20, 0, 0, 0, 832, 0, 11, 0, 0, 0, 0, 4, 5, 1, 24, 0, 23]
2026-09-09 21:26:29 - __main__ - INFO - material priors: [43, 520, 16, 11, 145, 11, 53, 15, 0, 29, 18, 69, 24, 2, 318, 0]
2026-09-09 21:27:45 - __main__ - INFO - community_type priors: [3, 526, 32, 135, 27]
2026-09-09 21:27:45 - __main__ - INFO - feature priors: [6, 0, 153, 0, 179, 2, 52, 0, 0, 0]
2026-09-09 21:27:45 - __main__ - INFO - sample_host priors: [0, 0, 32, 0, 0, 0, 0, 0, 6, 55, 34, 570, 0, 0, 16, 0, 0, 0, 4, 5, 1, 0, 0, 0]
2026-09-09 21:27:45 - __main__ - INFO - material priors: [114, 379, 0, 4, 153, 32, 143, 0, 4, 3, 52, 10, 0, 0, 168, 11]
2026-09-09 21:28:53 - __main__ - INFO - community_type priors: [53, 1061, 43, 161, 27]
2026-09-09 21:28:53 - __main__ - INFO - feature priors: [11, 0, 12, 46, 92, 0, 52, 24, 29, 10]
2026-09-09 21:28:53 - __main__ - INFO - sample_host priors: [0, 11, 32, 16, 1, 0, 0, 20, 6, 55, 34, 1096, 0, 11, 16, 0, 0, 0, 0, 0, 0, 24, 0, 23]
2026-09-09 21:28:53 - __main__ - INFO - material priors: [97, 817, 16, 15, 12, 43, 90, 15, 4, 26, 70, 63, 24, 2, 308, 11]
2026-09-09 21:29:48 - __main__ - INFO - community_type priors: [56, 753, 11, 128, 0]
2026-09-09 21:29:48 - __main__ - INFO - feature priors: [17, 0, 145, 46, 87, 2, 0, 24, 29, 10]
2026-09-09 21:29:48 - __main__ - INFO - sample_host priors: [0, 11, 0, 16, 1, 0, 0, 20, 0, 0, 0, 832, 0, 11, 0, 0, 0, 0, 4, 5, 1, 24, 0, 23]
2026-09-09 21:29:48 - __main__ - INFO - material priors: [43, 520, 16, 11, 145, 11, 53, 15, 0, 29, 18, 69, 24, 2, 318, 0]
2026-09-09 21:31:03 - __main__ - INFO - community_type priors: [3, 526, 32, 135, 27]
2026-09-09 21:31:03 - __main__ - INFO - feature priors: [6, 0, 153, 0, 179, 2, 52, 0, 0, 0]
2026-09-09 21:31:03 - __main__ - INFO - sample_host priors: [0, 0, 32, 0, 0, 0, 0, 0, 6, 55, 34, 570, 0, 0, 16, 0, 0, 0, 4, 5, 1, 0, 0, 0]
2026-09-09 21:31:03 - __main__ - INFO - material priors: [114, 379, 0, 4, 153, 32, 143, 0, 4, 3, 52, 10, 0, 0, 168, 11]
2026-09-09 21:32:11 - __main__ - INFO - community_type priors: [53, 1061, 43, 161, 27]
2026-09-09 21:32:11 - __main__ - INFO - feature priors: [11, 0, 12, 46, 92, 0, 52, 24, 29, 10]
2026-09-09 21:32:11 - __main__ - INFO - sample_host priors: [0, 11, 32, 16, 1, 0, 0, 20, 6, 55, 34, 1096, 0, 11, 16, 0, 0, 0, 0, 0, 0, 24, 0, 23]
2026-09-09 21:32:11 - __main__ - INFO - material priors: [97, 817, 16, 15, 12, 43, 90, 15, 4, 26, 70, 63, 24, 2, 308, 11]
2026-09-09 21:33:19 - __main__ - INFO - community_type priors: [56, 753, 11, 128, 0]
2026-09-09 21:33:19 - __main__ - INFO - feature priors: [17, 0, 145, 46, 87, 2, 0, 24, 29, 10]
2026-09-09 21:33:19 - __main__ - INFO - sample_host priors: [0, 11, 0, 16, 1, 0, 0, 20, 0, 0, 0, 832, 0, 11, 0, 0, 0, 0, 4, 5, 1, 24, 0, 23]
2026-09-09 21:33:19 - __main__ - INFO - material priors: [43, 520, 16, 11, 145, 11, 53, 15, 0, 29, 18, 69, 24, 2, 318, 0]
2026-09-09 21:34:38 - __main__ - INFO - community_type priors: [3, 526, 32, 135, 27]
2026-09-09 21:34:38 - __main__ - INFO - feature priors: [6, 0, 153, 0, 179, 2, 52, 0, 0, 0]
2026-09-09 21:34:38 - __main__ - INFO - sample_host priors: [0, 0, 32, 0, 0, 0, 0, 0, 6, 55, 34, 570, 0, 0, 16, 0, 0, 0, 4, 5, 1, 0, 0, 0]
2026-09-09 21:34:38 - __main__ - INFO - material priors: [114, 379, 0, 4, 153, 32, 143, 0, 4, 3, 52, 10, 0, 0, 168, 11]
2026-09-09 21:35:15 - __main__ - INFO - community_type priors: [53, 1061, 43, 161, 27]
2026-09-09 21:35:15 - __main__ - INFO - feature priors: [11, 0, 12, 46, 92, 0, 52, 24, 29, 10]
2026-09-09 21:35:15 - __main__ - INFO - sample_host priors: [0, 11, 32, 16, 1, 0, 0, 20, 6, 55, 34, 1096, 0, 11, 16, 0, 0, 0, 0, 0, 0, 24, 0, 23]
2026-09-09 21:35:15 - __main__ - INFO - material priors: [97, 817, 16, 15, 12, 43, 90, 15, 4, 26, 70, 63, 24, 2, 308, 11]
2026-09-09 21:35:44 - __main__ - INFO - community_type priors: [56, 753, 11, 128, 0]
2026-09-09 21:35:44 - __main__ - INFO - feature priors: [17, 0, 145, 46, 87, 2, 0, 24, 29, 10]
2026-09-09 21:35:44 - __main__ - INFO - sample_host priors: [0, 11, 0, 16, 1, 0, 0, 20, 0, 0, 0, 832, 0, 11, 0, 0, 0, 0, 4, 5, 1, 24, 0, 23]
2026-09-09 21:35:44 - __main__ - INFO - material priors: [43, 520, 16, 11, 145, 11, 53, 15, 0, 29, 18, 69, 24, 2, 318, 0]
2026-09-09 21:36:29 - __main__ - INFO - community_type priors: [3, 526, 32, 135, 27]
2026-09-09 21:36:29 - __main__ - INFO - feature priors: [6, 0, 153, 0, 179, 2, 52, 0, 0, 0]
2026-09-09 21:36:29 - __main__ - INFO - sample_host priors: [0, 0, 32, 0, 0, 0, 0, 0, 6, 55, 34, 570, 0, 0, 16, 0, 0, 0, 4, 5, 1, 0, 0, 0]
2026-09-09 21:36:29 - __main__ - INFO - material priors: [114, 379, 0, 4, 153, 32, 143, 0, 4, 3, 52, 10, 0, 0, 168, 11]
2026-09-09 21:37:33 - __main__ - INFO - community_type priors: [53, 1061, 43, 161, 27]
2026-09-09 21:37:33 - __main__ - INFO - feature priors: [11, 0, 12, 46, 92, 0, 52, 24, 29, 10]
2026-09-09 21:37:33 - __main__ - INFO - sample_host priors: [0, 11, 32, 16, 1, 0, 0, 20, 6, 55, 34, 1096, 0, 11, 16, 0, 0, 0, 0, 0, 0, 24, 0, 23]
2026-09-09 21:37:33 - __main__ - INFO - material priors: [97, 817, 16, 15, 12, 43, 90, 15, 4, 26, 70, 63, 24, 2, 308, 11]
2026-09-09 21:38:22 - __main__ - INFO - community_type priors: [56, 753, 11, 128, 0]
2026-09-09 21:38:22 - __main__ - INFO - feature priors: [17, 0, 145, 46, 87, 2, 0, 24, 29, 10]
2026-09-09 21:38:22 - __main__ - INFO - sample_host priors: [0, 11, 0, 16, 1, 0, 0, 20, 0, 0, 0, 832, 0, 11, 0, 0, 0, 0, 4, 5, 1, 24, 0, 23]
2026-09-09 21:38:22 - __main__ - INFO - material priors: [43, 520, 16, 11, 145, 11, 53, 15, 0, 29, 18, 69, 24, 2, 318, 0]
2026-09-09 21:39:34 - __main__ - INFO - community_type priors: [3, 526, 32, 135, 27]
2026-09-09 21:39:34 - __main__ - INFO - feature priors: [6, 0, 153, 0, 179, 2, 52, 0, 0, 0]
2026-09-09 21:39:34 - __main__ - INFO - sample_host priors: [0, 0, 32, 0, 0, 0, 0, 0, 6, 55, 34, 570, 0, 0, 16, 0, 0, 0, 4, 5, 1, 0, 0, 0]
2026-09-09 21:39:34 - __main__ - INFO - material priors: [114, 379, 0, 4, 153, 32, 143, 0, 4, 3, 52, 10, 0, 0, 168, 11]
2026-09-09 21:40:23 - __main__ - INFO - community_type priors: [53, 1061, 43, 161, 27]
2026-09-09 21:40:23 - __main__ - INFO - feature priors: [11, 0, 12, 46, 92, 0, 52, 24, 29, 10]
2026-09-09 21:40:23 - __main__ - INFO - sample_host priors: [0, 11, 32, 16, 1, 0, 0, 20, 6, 55, 34, 1096, 0, 11, 16, 0, 0, 0, 0, 0, 0, 24, 0, 23]
2026-09-09 21:40:23 - __main__ - INFO - material priors: [97, 817, 16, 15, 12, 43, 90, 15, 4, 26, 70, 63, 24, 2, 308, 11]
2026-09-09 21:41:47 - __main__ - INFO - community_type priors: [56, 753, 11, 128, 0]
2026-09-09 21:41:47 - __main__ - INFO - feature priors: [17, 0, 145, 46, 87, 2, 0, 24, 29, 10]
2026-09-09 21:41:47 - __main__ - INFO - sample_host priors: [0, 11, 0, 16, 1, 0, 0, 20, 0, 0, 0, 832, 0, 11, 0, 0, 0, 0, 4, 5, 1, 24, 0, 23]
2026-09-09 21:41:47 - __main__ - INFO - material priors: [43, 520, 16, 11, 145, 11, 53, 15, 0, 29, 18, 69, 24, 2, 318, 0]
2026-09-09 21:42:58 - __main__ - INFO - community_type priors: [3, 526, 32, 135, 27]
2026-09-09 21:42:58 - __main__ - INFO - feature priors: [6, 0, 153, 0, 179, 2, 52, 0, 0, 0]
2026-09-09 21:42:58 - __main__ - INFO - sample_host priors: [0, 0, 32, 0, 0, 0, 0, 0, 6, 55, 34, 570, 0, 0, 16, 0, 0, 0, 4, 5, 1, 0, 0, 0]
2026-09-09 21:42:58 - __main__ - INFO - material priors: [114, 379, 0, 4, 153, 32, 143, 0, 4, 3, 52, 10, 0, 0, 168, 11]
2026-09-09 21:43:38 - __main__ - INFO - community_type priors: [53, 1061, 43, 161, 27]
2026-09-09 21:43:38 - __main__ - INFO - feature priors: [11, 0, 12, 46, 92, 0, 52, 24, 29, 10]
2026-09-09 21:43:38 - __main__ - INFO - sample_host priors: [0, 11, 32, 16, 1, 0, 0, 20, 6, 55, 34, 1096, 0, 11, 16, 0, 0, 0, 0, 0, 0, 24, 0, 23]
2026-09-09 21:43:38 - __main__ - INFO - material priors: [97, 817, 16, 15, 12, 43, 90, 15, 4, 26, 70, 63, 24, 2, 308, 11]
2026-09-09 21:44:40 - __main__ - INFO - community_type priors: [56, 753, 11, 128, 0]
2026-09-09 21:44:40 - __main__ - INFO - feature priors: [17, 0, 145, 46, 87, 2, 0, 24, 29, 10]
2026-09-09 21:44:40 - __main__ - INFO - sample_host priors: [0, 11, 0, 16, 1, 0, 0, 20, 0, 0, 0, 832, 0, 11, 0, 0, 0, 0, 4, 5, 1, 24, 0, 23]
2026-09-09 21:44:40 - __main__ - INFO - material priors: [43, 520, 16, 11, 145, 11, 53, 15, 0, 29, 18, 69, 24, 2, 318, 0]
2026-09-09 21:45:55 - __main__ - INFO - community_type priors: [3, 526, 32, 135, 27]
2026-09-09 21:45:55 - __main__ - INFO - feature priors: [6, 0, 153, 0, 179, 2, 52, 0, 0, 0]
2026-09-09 21:45:55 - __main__ - INFO - sample_host priors: [0, 0, 32, 0, 0, 0, 0, 0, 6, 55, 34, 570, 0, 0, 16, 0, 0, 0, 4, 5, 1, 0, 0, 0]
2026-09-09 21:45:55 - __main__ - INFO - material priors: [114, 379, 0, 4, 153, 32, 143, 0, 4, 3, 52, 10, 0, 0, 168, 11]
2026-09-09 21:46:33 - __main__ - INFO - community_type priors: [53, 1061, 43, 161, 27]
2026-09-09 21:46:33 - __main__ - INFO - feature priors: [11, 0, 12, 46, 92, 0, 52, 24, 29, 10]
2026-09-09 21:46:33 - __main__ - INFO - sample_host priors: [0, 11, 32, 16, 1, 0, 0, 20, 6, 55, 34, 1096, 0, 11, 16, 0, 0, 0, 0, 0, 0, 24, 0, 23]
2026-09-09 21:46:33 - __main__ - INFO - material priors: [97, 817, 16, 15, 12, 43, 90, 15, 4, 26, 70, 63, 24, 2, 308, 11]
2026-09-09 21:47:47 - __main__ - INFO - community_type priors: [56, 753, 11, 128, 0]
2026-09-09 21:47:47 - __main__ - INFO - feature priors: [17, 0, 145, 46, 87, 2, 0, 24, 29, 10]
2026-09-09 21:47:47 - __main__ - INFO - sample_host priors: [0, 11, 0, 16, 1, 0, 0, 20, 0, 0, 0, 832, 0, 11, 0, 0, 0, 0, 4, 5, 1, 24, 0, 23]
2026-09-09 21:47:47 - __main__ - INFO - material priors: [43, 520, 16, 11, 145, 11, 53, 15, 0, 29, 18, 69, 24, 2, 318, 0]
2026-09-09 21:48:45 - __main__ - INFO - community_type priors: [3, 526, 32, 135, 27]
2026-09-09 21:48:45 - __main__ - INFO - feature priors: [6, 0, 153, 0, 179, 2, 52, 0, 0, 0]
2026-09-09 21:48:45 - __main__ - INFO - sample_host priors: [0, 0, 32, 0, 0, 0, 0, 0, 6, 55, 34, 570, 0, 0, 16, 0, 0, 0, 4, 5, 1, 0, 0, 0]
2026-09-09 21:48:45 - __main__ - INFO - material priors: [114, 379, 0, 4, 153, 32, 143, 0, 4, 3, 52, 10, 0, 0, 168, 11]
2026-09-09 21:49:26 - __main__ - INFO - community_type priors: [53, 1061, 43, 161, 27]
2026-09-09 21:49:26 - __main__ - INFO - feature priors: [11, 0, 12, 46, 92, 0, 52, 24, 29, 10]
2026-09-09 21:49:26 - __main__ - INFO - sample_host priors: [0, 11, 32, 16, 1, 0, 0, 20, 6, 55, 34, 1096, 0, 11, 16, 0, 0, 0, 0, 0, 0, 24, 0, 23]
2026-09-09 21:49:26 - __main__ - INFO - material priors: [97, 817, 16, 15, 12, 43, 90, 15, 4, 26, 70, 63, 24, 2, 308, 11]
2026-09-09 21:50:28 - __main__ - INFO - community_type priors: [56, 753, 11, 128, 0]
2026-09-09 21:50:28 - __main__ - INFO - feature priors: [17, 0, 145, 46, 87, 2, 0, 24, 29, 10]
2026-09-09 21:50:28 - __main__ - INFO - sample_host priors: [0, 11, 0, 16, 1, 0, 0, 20, 0, 0, 0, 832, 0, 11, 0, 0, 0, 0, 4, 5, 1, 24, 0, 23]
2026-09-09 21:50:28 - __main__ - INFO - material priors: [43, 520, 16, 11, 145, 11, 53, 15, 0, 29, 18, 69, 24, 2, 318, 0]
2026-09-09 21:51:11 - __main__ - INFO - community_type priors: [3, 526, 32, 135, 27]
2026-09-09 21:51:11 - __main__ - INFO - feature priors: [6, 0, 153, 0, 179, 2, 52, 0, 0, 0]
2026-09-09 21:51:11 - __main__ - INFO - sample_host priors: [0, 0, 32, 0, 0, 0, 0, 0, 6, 55, 34, 570, 0, 0, 16, 0, 0, 0, 4, 5, 1, 0, 0, 0]
2026-09-09 21:51:11 - __main__ - INFO - material priors: [114, 379, 0, 4, 153, 32, 143, 0, 4, 3, 52, 10, 0, 0, 168, 11]
2026-09-09 21:52:13 - __main__ - INFO - community_type priors: [53, 1061, 43, 161, 27]
2026-09-09 21:52:13 - __main__ - INFO - feature priors: [11, 0, 12, 46, 92, 0, 52, 24, 29, 10]
2026-09-09 21:52:13 - __main__ - INFO - sample_host priors: [0, 11, 32, 16, 1, 0, 0, 20, 6, 55, 34, 1096, 0, 11, 16, 0, 0, 0, 0, 0, 0, 24, 0, 23]
2026-09-09 21:52:13 - __main__ - INFO - material priors: [97, 817, 16, 15, 12, 43, 90, 15, 4, 26, 70, 63, 24, 2, 308, 11]
2026-09-09 21:52:58 - __main__ - INFO - community_type priors: [56, 753, 11, 128, 0]
2026-09-09 21:52:58 - __main__ - INFO - feature priors: [17, 0, 145, 46, 87, 2, 0, 24, 29, 10]
2026-09-09 21:52:58 - __main__ - INFO - sample_host priors: [0, 11, 0, 16, 1, 0, 0, 20, 0, 0, 0, 832, 0, 11, 0, 0, 0, 0, 4, 5, 1, 24, 0, 23]
2026-09-09 21:52:58 - __main__ - INFO - material priors: [43, 520, 16, 11, 145, 11, 53, 15, 0, 29, 18, 69, 24, 2, 318, 0]
2026-09-09 21:54:08 - __main__ - INFO - community_type priors: [3, 526, 32, 135, 27]
2026-09-09 21:54:08 - __main__ - INFO - feature priors: [6, 0, 153, 0, 179, 2, 52, 0, 0, 0]
2026-09-09 21:54:08 - __main__ - INFO - sample_host priors: [0, 0, 32, 0, 0, 0, 0, 0, 6, 55, 34, 570, 0, 0, 16, 0, 0, 0, 4, 5, 1, 0, 0, 0]
2026-09-09 21:54:08 - __main__ - INFO - material priors: [114, 379, 0, 4, 153, 32, 143, 0, 4, 3, 52, 10, 0, 0, 168, 11]
2026-09-09 21:54:46 - __main__ - INFO - community_type priors: [53, 1061, 43, 161, 27]
2026-09-09 21:54:46 - __main__ - INFO - feature priors: [11, 0, 12, 46, 92, 0, 52, 24, 29, 10]
2026-09-09 21:54:46 - __main__ - INFO - sample_host priors: [0, 11, 32, 16, 1, 0, 0, 20, 6, 55, 34, 1096, 0, 11, 16, 0, 0, 0, 0, 0, 0, 24, 0, 23]
2026-09-09 21:54:46 - __main__ - INFO - material priors: [97, 817, 16, 15, 12, 43, 90, 15, 4, 26, 70, 63, 24, 2, 308, 11]
2026-09-09 21:55:19 - __main__ - INFO - community_type priors: [56, 753, 11, 128, 0]
2026-09-09 21:55:19 - __main__ - INFO - feature priors: [17, 0, 145, 46, 87, 2, 0, 24, 29, 10]
2026-09-09 21:55:19 - __main__ - INFO - sample_host priors: [0, 11, 0, 16, 1, 0, 0, 20, 0, 0, 0, 832, 0, 11, 0, 0, 0, 0, 4, 5, 1, 24, 0, 23]
2026-09-09 21:55:19 - __main__ - INFO - material priors: [43, 520, 16, 11, 145, 11, 53, 15, 0, 29, 18, 69, 24, 2, 318, 0]
2026-09-09 21:56:08 - __main__ - INFO - community_type priors: [3, 526, 32, 135, 27]
2026-09-09 21:56:08 - __main__ - INFO - feature priors: [6, 0, 153, 0, 179, 2, 52, 0, 0, 0]
2026-09-09 21:56:08 - __main__ - INFO - sample_host priors: [0, 0, 32, 0, 0, 0, 0, 0, 6, 55, 34, 570, 0, 0, 16, 0, 0, 0, 4, 5, 1, 0, 0, 0]
2026-09-09 21:56:08 - __main__ - INFO - material priors: [114, 379, 0, 4, 153, 32, 143, 0, 4, 3, 52, 10, 0, 0, 168, 11]
2026-09-09 21:56:29 - __main__ - INFO - community_type priors: [53, 1061, 43, 161, 27]
2026-09-09 21:56:29 - __main__ - INFO - feature priors: [11, 0, 12, 46, 92, 0, 52, 24, 29, 10]
2026-09-09 21:56:29 - __main__ - INFO - sample_host priors: [0, 11, 32, 16, 1, 0, 0, 20, 6, 55, 34, 1096, 0, 11, 16, 0, 0, 0, 0, 0, 0, 24, 0, 23]
2026-09-09 21:56:29 - __main__ - INFO - material priors: [97, 817, 16, 15, 12, 43, 90, 15, 4, 26, 70, 63, 24, 2, 308, 11]
2026-09-09 21:56:57 - __main__ - INFO - community_type priors: [56, 753, 11, 128, 0]
2026-09-09 21:56:57 - __main__ - INFO - feature priors: [17, 0, 145, 46, 87, 2, 0, 24, 29, 10]
2026-09-09 21:56:57 - __main__ - INFO - sample_host priors: [0, 11, 0, 16, 1, 0, 0, 20, 0, 0, 0, 832, 0, 11, 0, 0, 0, 0, 4, 5, 1, 24, 0, 23]
2026-09-09 21:56:57 - __main__ - INFO - material priors: [43, 520, 16, 11, 145, 11, 53, 15, 0, 29, 18, 69, 24, 2, 318, 0]
2026-09-09 21:57:38 - __main__ - INFO - community_type priors: [3, 526, 32, 135, 27]
2026-09-09 21:57:38 - __main__ - INFO - feature priors: [6, 0, 153, 0, 179, 2, 52, 0, 0, 0]
2026-09-09 21:57:38 - __main__ - INFO - sample_host priors: [0, 0, 32, 0, 0, 0, 0, 0, 6, 55, 34, 570, 0, 0, 16, 0, 0, 0, 4, 5, 1, 0, 0, 0]
2026-09-09 21:57:38 - __main__ - INFO - material priors: [114, 379, 0, 4, 153, 32, 143, 0, 4, 3, 52, 10, 0, 0, 168, 11]
2026-09-09 21:58:40 - __main__ - INFO - community_type priors: [53, 1061, 43, 161, 27]
2026-09-09 21:58:40 - __main__ - INFO - feature priors: [11, 0, 12, 46, 92, 0, 52, 24, 29, 10]
2026-09-09 21:58:40 - __main__ - INFO - sample_host priors: [0, 11, 32, 16, 1, 0, 0, 20, 6, 55, 34, 1096, 0, 11, 16, 0, 0, 0, 0, 0, 0, 24, 0, 23]
2026-09-09 21:58:40 - __main__ - INFO - material priors: [97, 817, 16, 15, 12, 43, 90, 15, 4, 26, 70, 63, 24, 2, 308, 11]
2026-09-09 21:59:34 - __main__ - INFO - community_type priors: [56, 753, 11, 128, 0]
2026-09-09 21:59:34 - __main__ - INFO - feature priors: [17, 0, 145, 46, 87, 2, 0, 24, 29, 10]
2026-09-09 21:59:34 - __main__ - INFO - sample_host priors: [0, 11, 0, 16, 1, 0, 0, 20, 0, 0, 0, 832, 0, 11, 0, 0, 0, 0, 4, 5, 1, 24, 0, 23]
2026-09-09 21:59:34 - __main__ - INFO - material priors: [43, 520, 16, 11, 145, 11, 53, 15, 0, 29, 18, 69, 24, 2, 318, 0]
2026-09-09 22:00:45 - __main__ - INFO - community_type priors: [3, 526, 32, 135, 27]
2026-09-09 22:00:45 - __main__ - INFO - feature priors: [6, 0, 153, 0, 179, 2, 52, 0, 0, 0]
2026-09-09 22:00:45 - __main__ - INFO - sample_host priors: [0, 0, 32, 0, 0, 0, 0, 0, 6, 55, 34, 570, 0, 0, 16, 0, 0, 0, 4, 5, 1, 0, 0, 0]
2026-09-09 22:00:45 - __main__ - INFO - material priors: [114, 379, 0, 4, 153, 32, 143, 0, 4, 3, 52, 10, 0, 0, 168, 11]
2026-09-09 22:01:29 - __main__ - INFO - community_type priors: [53, 1061, 43, 161, 27]
2026-09-09 22:01:29 - __main__ - INFO - feature priors: [11, 0, 12, 46, 92, 0, 52, 24, 29, 10]
2026-09-09 22:01:29 - __main__ - INFO - sample_host priors: [0, 11, 32, 16, 1, 0, 0, 20, 6, 55, 34, 1096, 0, 11, 16, 0, 0, 0, 0, 0, 0, 24, 0, 23]
2026-09-09 22:01:29 - __main__ - INFO - material priors: [97, 817, 16, 15, 12, 43, 90, 15, 4, 26, 70, 63, 24, 2, 308, 11]
2026-09-09 22:02:28 - __main__ - INFO - community_type priors: [56, 753, 11, 128, 0]
2026-09-09 22:02:28 - __main__ - INFO - feature priors: [17, 0, 145, 46, 87, 2, 0, 24, 29, 10]
2026-09-09 22:02:28 - __main__ - INFO - sample_host priors: [0, 11, 0, 16, 1, 0, 0, 20, 0, 0, 0, 832, 0, 11, 0, 0, 0, 0, 4, 5, 1, 24, 0, 23]
2026-09-09 22:02:28 - __main__ - INFO - material priors: [43, 520, 16, 11, 145, 11, 53, 15, 0, 29, 18, 69, 24, 2, 318, 0]
2026-09-09 22:03:17 - __main__ - INFO - Best hyperparameters (averaged over 3 folds): {'n_layers': 2, 'hidden_dim_0': 384, 'hidden_dim_1': 64, 'dropout': 0.3230988640563629, 'learning_rate': 0.0005597263633783836, 'weight_decay': 1.673297610142151e-05, 'batch_size': 32, 'use_batch_norm': False, 'activation': 'leaky_relu', 'logit_adjust_tau': 0.5332025377037708, 'task_weight_community_type': 1.6344946065045334, 'task_weight_feature': 0.6537530292419771, 'task_weight_sample_host': 1.4019508554226907, 'task_weight_material': 1.2267453820022816, 'ls_community_type': 0.056468182783778575, 'ls_feature': 0.06247794904358168, 'ls_sample_host': 0.10481090762116432, 'ls_material': 0.03817011749757233}
2026-09-09 22:03:17 - __main__ - INFO - Best CV score: 0.3145
2026-09-09 22:03:17 - __main__ - INFO - Training final model with proper train/val split...
2026-09-09 22:03:17 - __main__ - INFO - feature: 9/10 classes have training support in this fold
2026-09-09 22:03:17 - __main__ - INFO - sample_host: 16/24 classes have training support in this fold
2026-09-09 22:03:17 - __main__ - INFO - Final training split: 1840 train, 205 validation, 671 test
2026-09-09 22:03:17 - __main__ - INFO - community_type priors: [56, 1170, 43, 212, 27]
2026-09-09 22:03:17 - __main__ - INFO - feature priors: [17, 0, 155, 46, 179, 2, 52, 24, 29, 10]
2026-09-09 22:03:17 - __main__ - INFO - sample_host priors: [0, 11, 32, 16, 1, 0, 0, 20, 6, 55, 34, 1249, 0, 11, 16, 0, 0, 0, 4, 5, 1, 24, 0, 23]
2026-09-09 22:03:17 - __main__ - INFO - material priors: [127, 858, 16, 15, 155, 43, 143, 15, 4, 29, 70, 71, 24, 2, 397, 11]
2026-09-09 22:03:18 - diana.utils.checkpointing - INFO - CheckpointManager initialized: results/search_v9_multitask/cv_results/fold_0
2026-09-09 22:03:19 - diana.utils.checkpointing - INFO - Checkpoint saved: results/search_v9_multitask/cv_results/fold_0/checkpoint_epoch_1_20260909_220318.pth
2026-09-09 22:03:20 - diana.utils.checkpointing - INFO - New best model saved: results/search_v9_multitask/cv_results/fold_0/best_model.pth (val_loss: 6.4948)
2026-09-09 22:03:22 - diana.utils.checkpointing - INFO - Checkpoint saved: results/search_v9_multitask/cv_results/fold_0/checkpoint_epoch_2_20260909_220321.pth
2026-09-09 22:03:23 - diana.utils.checkpointing - INFO - New best model saved: results/search_v9_multitask/cv_results/fold_0/best_model.pth (val_loss: 5.9180)
2026-09-09 22:03:24 - diana.utils.checkpointing - INFO - Checkpoint saved: results/search_v9_multitask/cv_results/fold_0/checkpoint_epoch_3_20260909_220324.pth
2026-09-09 22:03:25 - diana.utils.checkpointing - INFO - New best model saved: results/search_v9_multitask/cv_results/fold_0/best_model.pth (val_loss: 5.3377)
2026-09-09 22:03:27 - diana.utils.checkpointing - INFO - Checkpoint saved: results/search_v9_multitask/cv_results/fold_0/checkpoint_epoch_4_20260909_220326.pth
2026-09-09 22:03:28 - diana.utils.checkpointing - INFO - New best model saved: results/search_v9_multitask/cv_results/fold_0/best_model.pth (val_loss: 4.9399)
2026-09-09 22:03:30 - diana.utils.checkpointing - INFO - Checkpoint saved: results/search_v9_multitask/cv_results/fold_0/checkpoint_epoch_5_20260909_220329.pth
2026-09-09 22:03:31 - diana.utils.checkpointing - INFO - New best model saved: results/search_v9_multitask/cv_results/fold_0/best_model.pth (val_loss: 4.5724)
2026-09-09 22:03:32 - diana.utils.checkpointing - INFO - Checkpoint saved: results/search_v9_multitask/cv_results/fold_0/checkpoint_epoch_6_20260909_220331.pth
2026-09-09 22:03:33 - diana.utils.checkpointing - INFO - New best model saved: results/search_v9_multitask/cv_results/fold_0/best_model.pth (val_loss: 4.2412)
2026-09-09 22:03:35 - diana.utils.checkpointing - INFO - Checkpoint saved: results/search_v9_multitask/cv_results/fold_0/checkpoint_epoch_7_20260909_220334.pth
2026-09-09 22:03:36 - diana.utils.checkpointing - INFO - New best model saved: results/search_v9_multitask/cv_results/fold_0/best_model.pth (val_loss: 4.1192)
2026-09-09 22:03:38 - diana.utils.checkpointing - INFO - Checkpoint saved: results/search_v9_multitask/cv_results/fold_0/checkpoint_epoch_8_20260909_220337.pth
2026-09-09 22:03:39 - diana.utils.checkpointing - INFO - New best model saved: results/search_v9_multitask/cv_results/fold_0/best_model.pth (val_loss: 3.8532)
2026-09-09 22:03:40 - diana.utils.checkpointing - INFO - Checkpoint saved: results/search_v9_multitask/cv_results/fold_0/checkpoint_epoch_9_20260909_220339.pth
2026-09-09 22:03:41 - diana.utils.checkpointing - INFO - New best model saved: results/search_v9_multitask/cv_results/fold_0/best_model.pth (val_loss: 3.6801)
2026-09-09 22:03:43 - diana.utils.checkpointing - INFO - Checkpoint saved: results/search_v9_multitask/cv_results/fold_0/checkpoint_epoch_10_20260909_220342.pth
2026-09-09 22:03:44 - diana.utils.checkpointing - INFO - New best model saved: results/search_v9_multitask/cv_results/fold_0/best_model.pth (val_loss: 3.5305)
2026-09-09 22:03:46 - diana.utils.checkpointing - INFO - Checkpoint saved: results/search_v9_multitask/cv_results/fold_0/checkpoint_epoch_11_20260909_220345.pth
2026-09-09 22:03:47 - diana.utils.checkpointing - INFO - New best model saved: results/search_v9_multitask/cv_results/fold_0/best_model.pth (val_loss: 3.4754)
2026-09-09 22:03:49 - diana.utils.checkpointing - INFO - Checkpoint saved: results/search_v9_multitask/cv_results/fold_0/checkpoint_epoch_12_20260909_220348.pth
2026-09-09 22:03:50 - diana.utils.checkpointing - INFO - New best model saved: results/search_v9_multitask/cv_results/fold_0/best_model.pth (val_loss: 3.4075)
2026-09-09 22:03:52 - diana.utils.checkpointing - INFO - Checkpoint saved: results/search_v9_multitask/cv_results/fold_0/checkpoint_epoch_13_20260909_220350.pth
2026-09-09 22:03:53 - diana.utils.checkpointing - INFO - New best model saved: results/search_v9_multitask/cv_results/fold_0/best_model.pth (val_loss: 3.3978)
2026-09-09 22:03:54 - diana.utils.checkpointing - INFO - Checkpoint saved: results/search_v9_multitask/cv_results/fold_0/checkpoint_epoch_14_20260909_220353.pth
2026-09-09 22:03:55 - diana.utils.checkpointing - INFO - New best model saved: results/search_v9_multitask/cv_results/fold_0/best_model.pth (val_loss: 3.2768)
2026-09-09 22:03:57 - diana.utils.checkpointing - INFO - Checkpoint saved: results/search_v9_multitask/cv_results/fold_0/checkpoint_epoch_15_20260909_220356.pth
2026-09-09 22:03:58 - diana.utils.checkpointing - INFO - New best model saved: results/search_v9_multitask/cv_results/fold_0/best_model.pth (val_loss: 3.2702)
2026-09-09 22:04:00 - diana.utils.checkpointing - INFO - Checkpoint saved: results/search_v9_multitask/cv_results/fold_0/checkpoint_epoch_16_20260909_220359.pth
2026-09-09 22:04:02 - diana.utils.checkpointing - INFO - Checkpoint saved: results/search_v9_multitask/cv_results/fold_0/checkpoint_epoch_17_20260909_220400.pth
2026-09-09 22:04:03 - diana.utils.checkpointing - INFO - Checkpoint saved: results/search_v9_multitask/cv_results/fold_0/checkpoint_epoch_18_20260909_220402.pth
2026-09-09 22:04:05 - diana.utils.checkpointing - INFO - New best model saved: results/search_v9_multitask/cv_results/fold_0/best_model.pth (val_loss: 3.2228)
2026-09-09 22:04:06 - diana.utils.checkpointing - INFO - Checkpoint saved: results/search_v9_multitask/cv_results/fold_0/checkpoint_epoch_19_20260909_220405.pth
2026-09-09 22:04:07 - diana.utils.checkpointing - INFO - New best model saved: results/search_v9_multitask/cv_results/fold_0/best_model.pth (val_loss: 3.0704)
2026-09-09 22:04:09 - diana.utils.checkpointing - INFO - Checkpoint saved: results/search_v9_multitask/cv_results/fold_0/checkpoint_epoch_20_20260909_220408.pth
2026-09-09 22:04:10 - diana.utils.checkpointing - INFO - New best model saved: results/search_v9_multitask/cv_results/fold_0/best_model.pth (val_loss: 3.0657)
2026-09-09 22:04:10 - __main__ - INFO - Epoch 20/200, Train Loss: 2.9308, Val Loss: 3.0657
2026-09-09 22:04:12 - diana.utils.checkpointing - INFO - Checkpoint saved: results/search_v9_multitask/cv_results/fold_0/checkpoint_epoch_21_20260909_220411.pth
2026-09-09 22:04:14 - diana.utils.checkpointing - INFO - Checkpoint saved: results/search_v9_multitask/cv_results/fold_0/checkpoint_epoch_22_20260909_220413.pth
2026-09-09 22:04:16 - diana.utils.checkpointing - INFO - Checkpoint saved: results/search_v9_multitask/cv_results/fold_0/checkpoint_epoch_23_20260909_220415.pth
2026-09-09 22:04:17 - diana.utils.checkpointing - INFO - Checkpoint saved: results/search_v9_multitask/cv_results/fold_0/checkpoint_epoch_24_20260909_220416.pth
2026-09-09 22:04:19 - diana.utils.checkpointing - INFO - Checkpoint saved: results/search_v9_multitask/cv_results/fold_0/checkpoint_epoch_25_20260909_220418.pth
2026-09-09 22:04:20 - diana.utils.checkpointing - INFO - New best model saved: results/search_v9_multitask/cv_results/fold_0/best_model.pth (val_loss: 2.9911)
2026-09-09 22:04:22 - diana.utils.checkpointing - INFO - Checkpoint saved: results/search_v9_multitask/cv_results/fold_0/checkpoint_epoch_26_20260909_220421.pth
2026-09-09 22:04:24 - diana.utils.checkpointing - INFO - Checkpoint saved: results/search_v9_multitask/cv_results/fold_0/checkpoint_epoch_27_20260909_220423.pth
2026-09-09 22:04:25 - diana.utils.checkpointing - INFO - Checkpoint saved: results/search_v9_multitask/cv_results/fold_0/checkpoint_epoch_28_20260909_220424.pth
2026-09-09 22:04:27 - diana.utils.checkpointing - INFO - Checkpoint saved: results/search_v9_multitask/cv_results/fold_0/checkpoint_epoch_29_20260909_220426.pth
2026-09-09 22:04:29 - diana.utils.checkpointing - INFO - Checkpoint saved: results/search_v9_multitask/cv_results/fold_0/checkpoint_epoch_30_20260909_220428.pth
2026-09-09 22:04:30 - diana.utils.checkpointing - INFO - New best model saved: results/search_v9_multitask/cv_results/fold_0/best_model.pth (val_loss: 2.9828)
2026-09-09 22:04:31 - diana.utils.checkpointing - INFO - Checkpoint saved: results/search_v9_multitask/cv_results/fold_0/checkpoint_epoch_31_20260909_220430.pth
2026-09-09 22:04:33 - diana.utils.checkpointing - INFO - Checkpoint saved: results/search_v9_multitask/cv_results/fold_0/checkpoint_epoch_32_20260909_220432.pth
2026-09-09 22:04:34 - diana.utils.checkpointing - INFO - New best model saved: results/search_v9_multitask/cv_results/fold_0/best_model.pth (val_loss: 2.9376)
2026-09-09 22:04:36 - diana.utils.checkpointing - INFO - Checkpoint saved: results/search_v9_multitask/cv_results/fold_0/checkpoint_epoch_33_20260909_220435.pth
2026-09-09 22:04:38 - diana.utils.checkpointing - INFO - Checkpoint saved: results/search_v9_multitask/cv_results/fold_0/checkpoint_epoch_34_20260909_220437.pth
2026-09-09 22:04:39 - diana.utils.checkpointing - INFO - Checkpoint saved: results/search_v9_multitask/cv_results/fold_0/checkpoint_epoch_35_20260909_220438.pth
2026-09-09 22:04:40 - diana.utils.checkpointing - INFO - New best model saved: results/search_v9_multitask/cv_results/fold_0/best_model.pth (val_loss: 2.9235)
2026-09-09 22:04:42 - diana.utils.checkpointing - INFO - Checkpoint saved: results/search_v9_multitask/cv_results/fold_0/checkpoint_epoch_36_20260909_220441.pth
2026-09-09 22:04:44 - diana.utils.checkpointing - INFO - Checkpoint saved: results/search_v9_multitask/cv_results/fold_0/checkpoint_epoch_37_20260909_220443.pth
2026-09-09 22:04:45 - diana.utils.checkpointing - INFO - Checkpoint saved: results/search_v9_multitask/cv_results/fold_0/checkpoint_epoch_38_20260909_220445.pth
2026-09-09 22:04:47 - diana.utils.checkpointing - INFO - Checkpoint saved: results/search_v9_multitask/cv_results/fold_0/checkpoint_epoch_39_20260909_220446.pth
2026-09-09 22:04:49 - diana.utils.checkpointing - INFO - Checkpoint saved: results/search_v9_multitask/cv_results/fold_0/checkpoint_epoch_40_20260909_220448.pth
2026-09-09 22:04:49 - __main__ - INFO - Epoch 40/200, Train Loss: 2.6118, Val Loss: 2.9357
2026-09-09 22:04:51 - diana.utils.checkpointing - INFO - Checkpoint saved: results/search_v9_multitask/cv_results/fold_0/checkpoint_epoch_41_20260909_220450.pth
2026-09-09 22:04:52 - diana.utils.checkpointing - INFO - New best model saved: results/search_v9_multitask/cv_results/fold_0/best_model.pth (val_loss: 2.9230)
2026-09-09 22:04:53 - diana.utils.checkpointing - INFO - Checkpoint saved: results/search_v9_multitask/cv_results/fold_0/checkpoint_epoch_42_20260909_220452.pth
2026-09-09 22:04:55 - diana.utils.checkpointing - INFO - Checkpoint saved: results/search_v9_multitask/cv_results/fold_0/checkpoint_epoch_43_20260909_220454.pth
2026-09-09 22:04:56 - diana.utils.checkpointing - INFO - New best model saved: results/search_v9_multitask/cv_results/fold_0/best_model.pth (val_loss: 2.8959)
2026-09-09 22:04:58 - diana.utils.checkpointing - INFO - Checkpoint saved: results/search_v9_multitask/cv_results/fold_0/checkpoint_epoch_44_20260909_220457.pth
2026-09-09 22:05:00 - diana.utils.checkpointing - INFO - Checkpoint saved: results/search_v9_multitask/cv_results/fold_0/checkpoint_epoch_45_20260909_220459.pth
2026-09-09 22:05:02 - diana.utils.checkpointing - INFO - Checkpoint saved: results/search_v9_multitask/cv_results/fold_0/checkpoint_epoch_46_20260909_220500.pth
2026-09-09 22:05:03 - diana.utils.checkpointing - INFO - Checkpoint saved: results/search_v9_multitask/cv_results/fold_0/checkpoint_epoch_47_20260909_220502.pth
2026-09-09 22:05:05 - diana.utils.checkpointing - INFO - Checkpoint saved: results/search_v9_multitask/cv_results/fold_0/checkpoint_epoch_48_20260909_220504.pth
2026-09-09 22:05:07 - diana.utils.checkpointing - INFO - Checkpoint saved: results/search_v9_multitask/cv_results/fold_0/checkpoint_epoch_49_20260909_220506.pth
2026-09-09 22:05:08 - diana.utils.checkpointing - INFO - Checkpoint saved: results/search_v9_multitask/cv_results/fold_0/checkpoint_epoch_50_20260909_220507.pth
2026-09-09 22:05:10 - diana.utils.checkpointing - INFO - Checkpoint saved: results/search_v9_multitask/cv_results/fold_0/checkpoint_epoch_51_20260909_220509.pth
2026-09-09 22:05:11 - diana.utils.checkpointing - INFO - New best model saved: results/search_v9_multitask/cv_results/fold_0/best_model.pth (val_loss: 2.8463)
2026-09-09 22:05:13 - diana.utils.checkpointing - INFO - Checkpoint saved: results/search_v9_multitask/cv_results/fold_0/checkpoint_epoch_52_20260909_220512.pth
2026-09-09 22:05:15 - diana.utils.checkpointing - INFO - Checkpoint saved: results/search_v9_multitask/cv_results/fold_0/checkpoint_epoch_53_20260909_220514.pth
2026-09-09 22:05:17 - diana.utils.checkpointing - INFO - Checkpoint saved: results/search_v9_multitask/cv_results/fold_0/checkpoint_epoch_54_20260909_220516.pth
2026-09-09 22:05:19 - diana.utils.checkpointing - INFO - Checkpoint saved: results/search_v9_multitask/cv_results/fold_0/checkpoint_epoch_55_20260909_220517.pth
2026-09-09 22:05:20 - diana.utils.checkpointing - INFO - Checkpoint saved: results/search_v9_multitask/cv_results/fold_0/checkpoint_epoch_56_20260909_220519.pth
2026-09-09 22:05:22 - diana.utils.checkpointing - INFO - Checkpoint saved: results/search_v9_multitask/cv_results/fold_0/checkpoint_epoch_57_20260909_220521.pth
2026-09-09 22:05:23 - diana.utils.checkpointing - INFO - Checkpoint saved: results/search_v9_multitask/cv_results/fold_0/checkpoint_epoch_58_20260909_220522.pth
2026-09-09 22:05:25 - diana.utils.checkpointing - INFO - Checkpoint saved: results/search_v9_multitask/cv_results/fold_0/checkpoint_epoch_59_20260909_220524.pth
2026-09-09 22:05:26 - diana.utils.checkpointing - INFO - New best model saved: results/search_v9_multitask/cv_results/fold_0/best_model.pth (val_loss: 2.8308)
2026-09-09 22:05:28 - diana.utils.checkpointing - INFO - Checkpoint saved: results/search_v9_multitask/cv_results/fold_0/checkpoint_epoch_60_20260909_220527.pth
2026-09-09 22:05:28 - __main__ - INFO - Epoch 60/200, Train Loss: 2.4710, Val Loss: 2.8337
2026-09-09 22:05:30 - diana.utils.checkpointing - INFO - Checkpoint saved: results/search_v9_multitask/cv_results/fold_0/checkpoint_epoch_61_20260909_220529.pth
2026-09-09 22:05:31 - diana.utils.checkpointing - INFO - Checkpoint saved: results/search_v9_multitask/cv_results/fold_0/checkpoint_epoch_62_20260909_220530.pth
2026-09-09 22:05:33 - diana.utils.checkpointing - INFO - Checkpoint saved: results/search_v9_multitask/cv_results/fold_0/checkpoint_epoch_63_20260909_220532.pth
2026-09-09 22:05:34 - diana.utils.checkpointing - INFO - New best model saved: results/search_v9_multitask/cv_results/fold_0/best_model.pth (val_loss: 2.8101)
2026-09-09 22:05:36 - diana.utils.checkpointing - INFO - Checkpoint saved: results/search_v9_multitask/cv_results/fold_0/checkpoint_epoch_64_20260909_220535.pth
2026-09-09 22:05:37 - diana.utils.checkpointing - INFO - Checkpoint saved: results/search_v9_multitask/cv_results/fold_0/checkpoint_epoch_65_20260909_220536.pth
2026-09-09 22:05:39 - diana.utils.checkpointing - INFO - Checkpoint saved: results/search_v9_multitask/cv_results/fold_0/checkpoint_epoch_66_20260909_220538.pth
2026-09-09 22:05:41 - diana.utils.checkpointing - INFO - Checkpoint saved: results/search_v9_multitask/cv_results/fold_0/checkpoint_epoch_67_20260909_220540.pth
2026-09-09 22:05:43 - diana.utils.checkpointing - INFO - Checkpoint saved: results/search_v9_multitask/cv_results/fold_0/checkpoint_epoch_68_20260909_220542.pth
2026-09-09 22:05:45 - diana.utils.checkpointing - INFO - Checkpoint saved: results/search_v9_multitask/cv_results/fold_0/checkpoint_epoch_69_20260909_220543.pth
2026-09-09 22:05:46 - diana.utils.checkpointing - INFO - Checkpoint saved: results/search_v9_multitask/cv_results/fold_0/checkpoint_epoch_70_20260909_220545.pth
2026-09-09 22:05:48 - diana.utils.checkpointing - INFO - Checkpoint saved: results/search_v9_multitask/cv_results/fold_0/checkpoint_epoch_71_20260909_220547.pth
2026-09-09 22:05:50 - diana.utils.checkpointing - INFO - Checkpoint saved: results/search_v9_multitask/cv_results/fold_0/checkpoint_epoch_72_20260909_220549.pth
2026-09-09 22:05:52 - diana.utils.checkpointing - INFO - Checkpoint saved: results/search_v9_multitask/cv_results/fold_0/checkpoint_epoch_73_20260909_220550.pth
2026-09-09 22:05:53 - diana.utils.checkpointing - INFO - Checkpoint saved: results/search_v9_multitask/cv_results/fold_0/checkpoint_epoch_74_20260909_220552.pth
2026-09-09 22:05:55 - diana.utils.checkpointing - INFO - Checkpoint saved: results/search_v9_multitask/cv_results/fold_0/checkpoint_epoch_75_20260909_220554.pth
2026-09-09 22:05:57 - diana.utils.checkpointing - INFO - Checkpoint saved: results/search_v9_multitask/cv_results/fold_0/checkpoint_epoch_76_20260909_220556.pth
2026-09-09 22:05:59 - diana.utils.checkpointing - INFO - Checkpoint saved: results/search_v9_multitask/cv_results/fold_0/checkpoint_epoch_77_20260909_220558.pth
2026-09-09 22:06:00 - diana.utils.checkpointing - INFO - New best model saved: results/search_v9_multitask/cv_results/fold_0/best_model.pth (val_loss: 2.8080)
2026-09-09 22:06:02 - diana.utils.checkpointing - INFO - Checkpoint saved: results/search_v9_multitask/cv_results/fold_0/checkpoint_epoch_78_20260909_220601.pth
2026-09-09 22:06:03 - diana.utils.checkpointing - INFO - Checkpoint saved: results/search_v9_multitask/cv_results/fold_0/checkpoint_epoch_79_20260909_220602.pth
2026-09-09 22:06:05 - diana.utils.checkpointing - INFO - Checkpoint saved: results/search_v9_multitask/cv_results/fold_0/checkpoint_epoch_80_20260909_220604.pth
2026-09-09 22:06:05 - __main__ - INFO - Epoch 80/200, Train Loss: 2.4304, Val Loss: 2.9294
2026-09-09 22:06:07 - diana.utils.checkpointing - INFO - Checkpoint saved: results/search_v9_multitask/cv_results/fold_0/checkpoint_epoch_81_20260909_220606.pth
2026-09-09 22:06:08 - diana.utils.checkpointing - INFO - Checkpoint saved: results/search_v9_multitask/cv_results/fold_0/checkpoint_epoch_82_20260909_220607.pth
2026-09-09 22:06:10 - diana.utils.checkpointing - INFO - Checkpoint saved: results/search_v9_multitask/cv_results/fold_0/checkpoint_epoch_83_20260909_220609.pth
2026-09-09 22:06:12 - diana.utils.checkpointing - INFO - Checkpoint saved: results/search_v9_multitask/cv_results/fold_0/checkpoint_epoch_84_20260909_220611.pth
2026-09-09 22:06:14 - diana.utils.checkpointing - INFO - Checkpoint saved: results/search_v9_multitask/cv_results/fold_0/checkpoint_epoch_85_20260909_220613.pth
2026-09-09 22:06:15 - diana.utils.checkpointing - INFO - New best model saved: results/search_v9_multitask/cv_results/fold_0/best_model.pth (val_loss: 2.8011)
2026-09-09 22:06:17 - diana.utils.checkpointing - INFO - Checkpoint saved: results/search_v9_multitask/cv_results/fold_0/checkpoint_epoch_86_20260909_220616.pth
2026-09-09 22:06:18 - diana.utils.checkpointing - INFO - Checkpoint saved: results/search_v9_multitask/cv_results/fold_0/checkpoint_epoch_87_20260909_220617.pth
2026-09-09 22:06:19 - diana.utils.checkpointing - INFO - New best model saved: results/search_v9_multitask/cv_results/fold_0/best_model.pth (val_loss: 2.7931)
2026-09-09 22:06:21 - diana.utils.checkpointing - INFO - Checkpoint saved: results/search_v9_multitask/cv_results/fold_0/checkpoint_epoch_88_20260909_220620.pth
2026-09-09 22:06:23 - diana.utils.checkpointing - INFO - Checkpoint saved: results/search_v9_multitask/cv_results/fold_0/checkpoint_epoch_89_20260909_220622.pth
2026-09-09 22:06:25 - diana.utils.checkpointing - INFO - Checkpoint saved: results/search_v9_multitask/cv_results/fold_0/checkpoint_epoch_90_20260909_220624.pth
2026-09-09 22:06:26 - diana.utils.checkpointing - INFO - Checkpoint saved: results/search_v9_multitask/cv_results/fold_0/checkpoint_epoch_91_20260909_220625.pth
2026-09-09 22:06:28 - diana.utils.checkpointing - INFO - Checkpoint saved: results/search_v9_multitask/cv_results/fold_0/checkpoint_epoch_92_20260909_220627.pth
2026-09-09 22:06:29 - diana.utils.checkpointing - INFO - Checkpoint saved: results/search_v9_multitask/cv_results/fold_0/checkpoint_epoch_93_20260909_220629.pth
2026-09-09 22:06:31 - diana.utils.checkpointing - INFO - Checkpoint saved: results/search_v9_multitask/cv_results/fold_0/checkpoint_epoch_94_20260909_220630.pth
2026-09-09 22:06:33 - diana.utils.checkpointing - INFO - Checkpoint saved: results/search_v9_multitask/cv_results/fold_0/checkpoint_epoch_95_20260909_220632.pth
2026-09-09 22:06:35 - diana.utils.checkpointing - INFO - Checkpoint saved: results/search_v9_multitask/cv_results/fold_0/checkpoint_epoch_96_20260909_220633.pth
2026-09-09 22:06:36 - diana.utils.checkpointing - INFO - New best model saved: results/search_v9_multitask/cv_results/fold_0/best_model.pth (val_loss: 2.7846)
2026-09-09 22:06:38 - diana.utils.checkpointing - INFO - Checkpoint saved: results/search_v9_multitask/cv_results/fold_0/checkpoint_epoch_97_20260909_220637.pth
2026-09-09 22:06:39 - diana.utils.checkpointing - INFO - Checkpoint saved: results/search_v9_multitask/cv_results/fold_0/checkpoint_epoch_98_20260909_220638.pth
2026-09-09 22:06:41 - diana.utils.checkpointing - INFO - Checkpoint saved: results/search_v9_multitask/cv_results/fold_0/checkpoint_epoch_99_20260909_220640.pth
2026-09-09 22:06:42 - diana.utils.checkpointing - INFO - New best model saved: results/search_v9_multitask/cv_results/fold_0/best_model.pth (val_loss: 2.7796)
2026-09-09 22:06:44 - diana.utils.checkpointing - INFO - Checkpoint saved: results/search_v9_multitask/cv_results/fold_0/checkpoint_epoch_100_20260909_220643.pth
2026-09-09 22:06:44 - __main__ - INFO - Epoch 100/200, Train Loss: 2.4043, Val Loss: 2.8419
2026-09-09 22:06:46 - diana.utils.checkpointing - INFO - Checkpoint saved: results/search_v9_multitask/cv_results/fold_0/checkpoint_epoch_101_20260909_220645.pth
2026-09-09 22:06:47 - diana.utils.checkpointing - INFO - New best model saved: results/search_v9_multitask/cv_results/fold_0/best_model.pth (val_loss: 2.7651)
2026-09-09 22:06:49 - diana.utils.checkpointing - INFO - Checkpoint saved: results/search_v9_multitask/cv_results/fold_0/checkpoint_epoch_102_20260909_220648.pth
2026-09-09 22:06:50 - diana.utils.checkpointing - INFO - Checkpoint saved: results/search_v9_multitask/cv_results/fold_0/checkpoint_epoch_103_20260909_220649.pth
2026-09-09 22:06:52 - diana.utils.checkpointing - INFO - Checkpoint saved: results/search_v9_multitask/cv_results/fold_0/checkpoint_epoch_104_20260909_220651.pth
2026-09-09 22:06:54 - diana.utils.checkpointing - INFO - Checkpoint saved: results/search_v9_multitask/cv_results/fold_0/checkpoint_epoch_105_20260909_220653.pth
2026-09-09 22:06:56 - diana.utils.checkpointing - INFO - Checkpoint saved: results/search_v9_multitask/cv_results/fold_0/checkpoint_epoch_106_20260909_220655.pth
2026-09-09 22:06:57 - diana.utils.checkpointing - INFO - Checkpoint saved: results/search_v9_multitask/cv_results/fold_0/checkpoint_epoch_107_20260909_220656.pth
2026-09-09 22:06:59 - diana.utils.checkpointing - INFO - Checkpoint saved: results/search_v9_multitask/cv_results/fold_0/checkpoint_epoch_108_20260909_220658.pth
2026-09-09 22:07:01 - diana.utils.checkpointing - INFO - Checkpoint saved: results/search_v9_multitask/cv_results/fold_0/checkpoint_epoch_109_20260909_220700.pth
2026-09-09 22:07:03 - diana.utils.checkpointing - INFO - Checkpoint saved: results/search_v9_multitask/cv_results/fold_0/checkpoint_epoch_110_20260909_220702.pth
2026-09-09 22:07:05 - diana.utils.checkpointing - INFO - Checkpoint saved: results/search_v9_multitask/cv_results/fold_0/checkpoint_epoch_111_20260909_220704.pth
2026-09-09 22:07:07 - diana.utils.checkpointing - INFO - Checkpoint saved: results/search_v9_multitask/cv_results/fold_0/checkpoint_epoch_112_20260909_220705.pth
2026-09-09 22:07:08 - diana.utils.checkpointing - INFO - Checkpoint saved: results/search_v9_multitask/cv_results/fold_0/checkpoint_epoch_113_20260909_220707.pth
2026-09-09 22:07:10 - diana.utils.checkpointing - INFO - Checkpoint saved: results/search_v9_multitask/cv_results/fold_0/checkpoint_epoch_114_20260909_220709.pth
2026-09-09 22:07:12 - diana.utils.checkpointing - INFO - Checkpoint saved: results/search_v9_multitask/cv_results/fold_0/checkpoint_epoch_115_20260909_220711.pth
2026-09-09 22:07:14 - diana.utils.checkpointing - INFO - Checkpoint saved: results/search_v9_multitask/cv_results/fold_0/checkpoint_epoch_116_20260909_220713.pth
2026-09-09 22:07:15 - diana.utils.checkpointing - INFO - Checkpoint saved: results/search_v9_multitask/cv_results/fold_0/checkpoint_epoch_117_20260909_220714.pth
2026-09-09 22:07:17 - diana.utils.checkpointing - INFO - Checkpoint saved: results/search_v9_multitask/cv_results/fold_0/checkpoint_epoch_118_20260909_220716.pth
2026-09-09 22:07:19 - diana.utils.checkpointing - INFO - Checkpoint saved: results/search_v9_multitask/cv_results/fold_0/checkpoint_epoch_119_20260909_220718.pth
2026-09-09 22:07:20 - diana.utils.checkpointing - INFO - Checkpoint saved: results/search_v9_multitask/cv_results/fold_0/checkpoint_epoch_120_20260909_220719.pth
2026-09-09 22:07:20 - __main__ - INFO - Epoch 120/200, Train Loss: 2.3875, Val Loss: 2.8190
2026-09-09 22:07:22 - diana.utils.checkpointing - INFO - Checkpoint saved: results/search_v9_multitask/cv_results/fold_0/checkpoint_epoch_121_20260909_220721.pth
2026-09-09 22:07:22 - __main__ - INFO - Early stopping triggered after 121 epochs (patience=20)
2026-09-09 22:07:22 - diana.utils.checkpointing - INFO - Loading checkpoint: results/search_v9_multitask/cv_results/fold_0/best_model.pth
2026-09-09 22:07:23 - __main__ - INFO - Loaded best model from epoch 101 (val_loss: 2.7651)
2026-09-09 22:07:23 - __main__ - INFO - Evaluating on held-out test set...
2026-09-09 22:07:23 - __main__ - INFO - community_type test metrics: {'n_scored': 565, 'accuracy': 0.7327433628318584, 'f1_weighted': 0.8026077498485715, 'f1_macro': 0.34486256334594906, 'balanced_accuracy': 0.7195935342121782}
2026-09-09 22:07:23 - __main__ - INFO - feature test metrics: {'n_scored': 94, 'accuracy': 0.6170212765957447, 'f1_weighted': 0.5652103297060257, 'f1_macro': 0.11068702290076336, 'balanced_accuracy': 0.48333333333333334}
2026-09-09 22:07:23 - __main__ - INFO - sample_host test metrics: {'n_scored': 577, 'accuracy': 0.4662045060658579, 'f1_weighted': 0.5112307285693825, 'f1_macro': 0.14059309271897946, 'balanced_accuracy': 0.19897711362715084}
2026-09-09 22:07:23 - __main__ - INFO - material test metrics: {'n_scored': 659, 'accuracy': 0.6737481031866465, 'f1_weighted': 0.780756251154397, 'f1_macro': 0.26738360186324645, 'balanced_accuracy': 0.6133203168272959}
2026-09-09 22:07:23 - diana.utils.checkpointing - INFO - Final model saved: results/search_v9_multitask/cv_results/fold_0/final_model_20260909_220723.pth
2026-09-09 22:07:23 - __main__ - INFO - Final model saved to results/search_v9_multitask/cv_results/fold_0/final_model_20260909_220723.pth
2026-09-09 22:07:23 - __main__ - INFO - Results saved to results/search_v9_multitask/cv_results/fold_0/multitask_fold_0_results_20260909_172048.json
2026-09-09 22:07:23 - __main__ - INFO - ================================================================================
2026-09-09 22:07:23 - __main__ - INFO - ================================================================================
2026-09-09 22:07:23 - __main__ - INFO - === FOLD COMPLETE ===
2026-09-09 22:07:23 - __main__ - INFO - ================================================================================
2026-09-09 22:07:23 - __main__ - INFO - Results: {'community_type': {'n_scored': 565, 'accuracy': 0.7327433628318584, 'f1_weighted': 0.8026077498485715, 'f1_macro': 0.34486256334594906, 'balanced_accuracy': 0.7195935342121782}, 'feature': {'n_scored': 94, 'accuracy': 0.6170212765957447, 'f1_weighted': 0.5652103297060257, 'f1_macro': 0.11068702290076336, 'balanced_accuracy': 0.48333333333333334}, 'sample_host': {'n_scored': 577, 'accuracy': 0.4662045060658579, 'f1_weighted': 0.5112307285693825, 'f1_macro': 0.14059309271897946, 'balanced_accuracy': 0.19897711362715084}, 'material': {'n_scored': 659, 'accuracy': 0.6737481031866465, 'f1_weighted': 0.780756251154397, 'f1_macro': 0.26738360186324645, 'balanced_accuracy': 0.6133203168272959}}
