Run_accession	archive_project	sample_name	fold	community_type_true	material	community_type_pred	p_true	n_nonzero	log10_nonzero	p_gut	p_oral	p_plant tissue	p_skeletal tissue	p_soft tissue
ERR13950600	PRJEB80877	210810_A00902_B_L001_APMG-37-10	0		lake sediment	plant tissue		1765	3.2467447097238415	0.096478626	0.017103223	0.78051317	0.033412684	0.07249232
ERR13950601	PRJEB80877	210810_A00902_B_L001_APMG-37-11	0		lake sediment	plant tissue		1717	3.2347702951609163	0.10237509	0.01673001	0.7723274	0.034135487	0.07443202
ERR13950606	PRJEB80877	BH193L-1_S22_210810_A00902_B_L001_APMG-37-1	0		lake sediment	plant tissue		1362	3.1341771075767664	0.102598	0.017856656	0.75566185	0.037220366	0.08666317
ERR13950607	PRJEB80877	BH193L-4_S23_210810_A00902_B_L001_APMG-37-2	0		lake sediment	plant tissue		1707	3.2322335211147335	0.12144472	0.019391747	0.73441875	0.038760405	0.0859844
ERR13950608	PRJEB80877	BH193L-5_S24_210810_A00902_B_L001_APMG-37-3	0		lake sediment	plant tissue		1643	3.215637563435062	0.08980932	0.0145128835	0.7918848	0.03120546	0.07258757
ERR13950609	PRJEB80877	210810_A00902_B_L001_APMG-37-4	0		lake sediment	soft tissue		2264	3.354876422516234	0.2921309	0.021827323	0.27424145	0.0879887	0.32381165
ERR13950611	PRJEB80877	210810_A00902_B_L001_APMG-37-6	0		lake sediment	plant tissue		1578	3.1981069988734014	0.091763094	0.010651254	0.8115581	0.024555635	0.061471812
ERR13950612	PRJEB80877	210810_A00902_B_L001_APMG-37-7	0		lake sediment	plant tissue		2058	3.313445370426414	0.17120841	0.030543786	0.6412684	0.05066499	0.10631444
ERR13950613	PRJEB80877	210810_A00902_B_L001_APMG-37-8	0		lake sediment	plant tissue		1395	3.144574207609616	0.071922295	0.015910432	0.8129646	0.032251023	0.06695157
ERR13950614	PRJEB80877	210810_A00902_B_L001_APMG-37-9	0		lake sediment	plant tissue		1792	3.2533380053261065	0.12331245	0.024423797	0.715003	0.0446435	0.0926172
ERR13950615	PRJEB80877	JK109L-6_S31_210810_A00902_B_L002_APMG-38-10	0		lake sediment	plant tissue		1278	3.1065308538223815	0.16390602	0.02715237	0.58452076	0.049871273	0.17454955
ERR13950620	PRJEB80877	210810_A00902_B_L002_APMG-38-15	0		lake sediment	gut		1879	3.2739267801005254	0.30219522	0.16316496	0.1775696	0.1632035	0.19386671
ERR13950621	PRJEB80877	BH194L-3_S25_210810_A00902_B_L002_APMG-38-1	0		lake sediment	plant tissue		1799	3.2550311633455515	0.2489111	0.019087888	0.29574284	0.187412	0.24884614
ERR13950622	PRJEB80877	BH194L-6_S26_210810_A00902_B_L002_APMG-38-2	0		lake sediment	plant tissue		1224	3.087781417809542	0.16281775	0.041055642	0.3421985	0.17734703	0.27658114
ERR13950623	PRJEB80877	BH195L-1_S27_210810_A00902_B_L002_APMG-38-3	0		lake sediment	plant tissue		1429	3.1550322287909704	0.22122991	0.021221124	0.47620472	0.044623367	0.23672085
ERR13950624	PRJEB80877	BH195L-3_S28_210810_A00902_B_L002_APMG-38-4	0		lake sediment	plant tissue		1568	3.1953460583484197	0.2049458	0.029499944	0.39701343	0.08043469	0.28810614
ERR13950625	PRJEB80877	BH195L-4_S29_210810_A00902_B_L002_APMG-38-5	0		lake sediment	plant tissue		1444	3.1595671932336202	0.24971616	0.020299008	0.42821622	0.040730692	0.26103795
ERR13950627	PRJEB80877	210810_A00902_B_L002_APMG-38-7	0		lake sediment	plant tissue		2006	3.302330928684399	0.1587179	0.03158859	0.6434292	0.05353105	0.112733185
ERR13950628	PRJEB80877	210810_A00902_B_L002_APMG-38-8	0		lake sediment	plant tissue		1884	3.2750808984568587	0.20347194	0.059249084	0.5042089	0.080560215	0.15250984
ERR13950629	PRJEB80877	JK109L-5_S30_210810_A00902_B_L002_APMG-38-9	0		lake sediment	plant tissue		1336	3.125806458139527	0.08280434	0.014846407	0.7956317	0.032087214	0.074630305
ERR13950630	PRJEB80877	BH193L-1_S22_210810_A00902_B_L001_APMG-37-1	0		lake sediment	plant tissue		1202	3.079904467666721	0.106256284	0.018810641	0.7438015	0.03880268	0.09232889
ERR13950631	PRJEB80877	BH193L-2_S20_BH193L-2_S19	0		lake sediment	plant tissue		1437	3.157456768134226	0.08944867	0.0116972085	0.80334824	0.027196158	0.068309724
ERR13950632	PRJEB80877	BH193L-2_S20_BH193L-2_S19	0		lake sediment	plant tissue		1248	3.0962145853464054	0.08687602	0.013049965	0.8000576	0.02926009	0.0707563
ERR13950633	PRJEB80877	BH193L-3_S20	0		lake sediment	plant tissue		2051	3.3119656603683665	0.20222649	0.029864287	0.59117293	0.049330212	0.12740609
ERR13950634	PRJEB80877	BH193L-4_S23_210810_A00902_B_L001_APMG-37-2	0		lake sediment	plant tissue		1581	3.198931869932209	0.08827225	0.017310537	0.7811995	0.03513395	0.07808377
ERR13950635	PRJEB80877	BH193L-5_S24_210810_A00902_B_L001_APMG-37-3	0		lake sediment	plant tissue		1346	3.1290450598879582	0.07599208	0.013971498	0.8081096	0.030087095	0.071839765
ERR13950637	PRJEB80877	BH194L-1_S25	0		lake sediment	plant tissue		1398	3.1455071714096627	0.056809425	0.009456847	0.85673237	0.022783728	0.054217607
ERR13950638	PRJEB80877	BH194L-2_S26	0		lake sediment	plant tissue		1293	3.111598524880394	0.06457169	0.008837245	0.84861565	0.022382425	0.055593025
ERR13950639	PRJEB80877	BH194L-3_S25_210810_A00902_B_L002_APMG-38-1	0		lake sediment	soft tissue		1561	3.1934029030624176	0.26055154	0.018437793	0.23569758	0.21422036	0.27109274
ERR13950640	PRJEB80877	BH194L-4_S16_BH194L-4_S17	0		lake sediment	soft tissue		1649	3.217220655644519	0.18835519	0.040690534	0.23060143	0.2482564	0.29209644
ERR13950641	PRJEB80877	BH194L-4_S16_BH194L-4_S17	0		lake sediment	skeletal tissue		1365	3.1351326513767748	0.1286617	0.064085595	0.14920263	0.3335853	0.3244648
ERR13950642	PRJEB80877	BH194L-6_S26_210810_A00902_B_L002_APMG-38-2	0		lake sediment	plant tissue		1187	3.074450718954591	0.18708915	0.03342227	0.3182395	0.16889891	0.29235017
ERR13950643	PRJEB80877	BH194L-7_S17_BH194L-7_S18	0		lake sediment	plant tissue		1343	3.1280760126687155	0.25563055	0.028046872	0.35654584	0.080414996	0.27936178
ERR13950644	PRJEB80877	BH194L-7_S17_BH194L-7_S18	0		lake sediment	soft tissue		1153	3.061829307294699	0.24579485	0.019108625	0.2107822	0.13434643	0.38996786
ERR13950646	PRJEB80877	BH195L-1_S27_210810_A00902_B_L002_APMG-38-3	0		lake sediment	plant tissue		1354	3.1316186643491255	0.22314076	0.015339343	0.52737796	0.0355753	0.19856669
ERR13950647	PRJEB80877	BH195L-2_S18_BH195L-2_S19	0		lake sediment	plant tissue		1360	3.1335389083702174	0.21411283	0.02801044	0.42957854	0.07423346	0.2540648
ERR13950648	PRJEB80877	BH195L-2_S18_BH195L-2_S19	0		lake sediment	plant tissue		1167	3.0670708560453703	0.22974837	0.02366799	0.4522426	0.05267919	0.24166182
ERR13950649	PRJEB80877	BH195L-3_S28_210810_A00902_B_L002_APMG-38-4	0		lake sediment	plant tissue		1481	3.1705550585212086	0.2325012	0.026069382	0.35897952	0.07449363	0.3079562
ERR13950650	PRJEB80877	BH195L-4_S29_210810_A00902_B_L002_APMG-38-5	0		lake sediment	plant tissue		1292	3.1112625136590655	0.2795456	0.01572137	0.3821128	0.035518464	0.2871018
ERR13950653	PRJEB80877	JK081L-11_S11	0		lake sediment	gut		1998	3.3005954838899636	0.26055223	0.13598439	0.23723988	0.14975438	0.2164691
ERR13950654	PRJEB80877	JK081L-12_S12	0		lake sediment	gut		2653	3.423737249982329	0.49035263	0.06061206	0.16591099	0.09130506	0.19181928
ERR13950655	PRJEB80877	JK081L-13_S13	0		lake sediment	gut		1626	3.2111205412580492	0.34981337	0.11772404	0.30624563	0.07745149	0.1487655
ERR13950658	PRJEB80877	JK081L-1_S1	0		lake sediment	plant tissue		1762	3.246005904076029	0.1719523	0.01645003	0.6805688	0.033308644	0.09772014
ERR13950659	PRJEB80877	JK081L-2_S16_JK081L-2_S2	0		lake sediment	plant tissue		2156	3.3336487565147013	0.2578606	0.021316204	0.5672919	0.037935685	0.115595624
ERR13950660	PRJEB80877	JK081L-2_S16_JK081L-2_S2	0		lake sediment	plant tissue		1710	3.2329961103921536	0.12295286	0.013278644	0.76053584	0.028188717	0.075044036
ERR13950661	PRJEB80877	JK081L-3_S3	0		lake sediment	plant tissue		1771	3.248218561190075	0.14069773	0.022840913	0.6927581	0.046422593	0.097280696
ERR13950662	PRJEB80877	JK081L-4_S4	0		lake sediment	gut		2410	3.3820170425748683	0.27487874	0.093720056	0.22850771	0.18723378	0.21565971
ERR13950663	PRJEB80877	JK081L-6_S6	0		lake sediment	skeletal tissue		2898	3.462098381135156	0.23167281	0.08574756	0.14165047	0.3521896	0.18873958
ERR13950664	PRJEB80877	JK081L-7_S7	0		lake sediment	plant tissue		1680	3.225309281725863	0.11920043	0.020185199	0.7347234	0.039978813	0.08591209
ERR13950665	PRJEB80877	JK081L-8_S8	0		lake sediment	plant tissue		1637	3.2140486794119414	0.11168718	0.010205629	0.79175025	0.024393704	0.06196321
ERR13950666	PRJEB80877	JK081L-9_S9	0		lake sediment	gut		2218	3.3459615418131414	0.30475676	0.14642741	0.205308	0.14723296	0.1962749
ERR13950667	PRJEB80877	JK105L-6_S21	0		lake sediment	plant tissue		2127	3.327767489902729	0.23143728	0.022067739	0.5756836	0.039009232	0.13180217
ERR13950668	PRJEB80877	JK109L-4_S21_JK109L-4_S22	0		lake sediment	plant tissue		1977	3.2960066693136723	0.21486914	0.02031205	0.5963829	0.040222224	0.12821369
ERR13950669	PRJEB80877	JK109L-4_S21_JK109L-4_S22	0		lake sediment	plant tissue		2482	3.394801777162711	0.29860985	0.018287104	0.37683472	0.05204166	0.25422665
ERR13950670	PRJEB80877	JK109L-5_S30_210810_A00902_B_L002_APMG-38-9	0		lake sediment	plant tissue		918	2.9628426812012423	0.060078226	0.007798332	0.85813177	0.02028488	0.053706717
ERR13950671	PRJEB80877	JK109L-6_S31_210810_A00902_B_L002_APMG-38-10	0		lake sediment	plant tissue		1007	3.003029470553618	0.19863226	0.022134569	0.5138779	0.045955703	0.21939954
ERR13950673	PRJEB80877	JK115L-2_S24	0		lake sediment	gut		2580	3.41161970596323	0.31099147	0.14360267	0.1412421	0.17124985	0.23291393
ERR13950674	PRJEB80877	JK115L-4_S23	0		lake sediment	plant tissue		2614	3.4173055832445254	0.25503036	0.053848498	0.34631047	0.12670282	0.21810785
ERR3579671	PRJEB34569	CDC005.A	0	oral	dental calculus	oral	0.48317599296569824	4158	3.6188844849954505	0.13040215	0.483176	0.12778871	0.07633029	0.1823029
ERR3579672	PRJEB34569	CDC011.A	0	oral	dental calculus	oral	0.3385861814022064	34179	4.533759352099315	0.18097444	0.33858618	0.16223764	0.13132492	0.18687682
ERR3579673	PRJEB34569	GOY005.A	0	oral	dental calculus	oral	0.5225846171379089	13483	4.12978653452034	0.1232339	0.5225846	0.12866756	0.048759677	0.1767542
ERR3579674	PRJEB34569	GOY006.A	0	oral	dental calculus	oral	0.4480597972869873	15419	4.188056208438369	0.14575124	0.4480598	0.13918443	0.079975225	0.18702932
ERR3579675	PRJEB34569	KNP005.A	0	oral	dental calculus	oral	0.40454721450805664	71206	4.852516589944497	0.15649168	0.4045472	0.15954006	0.10060074	0.17882025
ERR3579676	PRJEB34569	LOB001.A	0	oral	dental calculus	oral	0.5175859332084656	1871	3.27207378750001	0.115454674	0.51758593	0.12633793	0.056727923	0.18389353
ERR3579677	PRJEB34569	MOA001.A	0	oral	dental calculus	oral	0.3033452332019806	31053	4.492103563305144	0.19485833	0.30334523	0.16157874	0.15268567	0.18753207
ERR3579678	PRJEB34569	MOA001.A	0	oral	dental calculus	oral	0.31027546525001526	37970	4.579440597139797	0.19206026	0.31027547	0.16240041	0.14904888	0.186215
ERR3579680	PRJEB34569	MTM003.A	0	oral	dental calculus	oral	0.4975946843624115	27459	4.438684717081732	0.12830566	0.49759468	0.12836644	0.06562141	0.18011174
ERR3579681	PRJEB34569	MTM010.A	0	oral	dental calculus	oral	0.4539549946784973	2048	3.3113299523037933	0.14296958	0.453955	0.13959087	0.073245615	0.19023897
ERR3579682	PRJEB34569	MTM011.A	0	oral	dental calculus	oral	0.5241050720214844	3358	3.5260806918020298	0.1147007	0.5241051	0.12461074	0.06084717	0.17573631
ERR3579683	PRJEB34569	MTM012.A	0	oral	dental calculus	oral	0.4783950746059418	6559	3.816837630902035	0.13289595	0.47839507	0.13654245	0.065641545	0.18652493
ERR3579685	PRJEB34569	MTS001.A	0	oral	dental calculus	oral	0.4842432141304016	3858	3.586362223307866	0.13112701	0.4842432	0.13579985	0.05941285	0.18941706
ERR3579687	PRJEB34569	MTS003.A	0	oral	dental calculus	oral	0.4679395258426666	7628	3.882410684373968	0.13572615	0.46793953	0.13456556	0.07755379	0.18421502
ERR3579688	PRJEB34569	PES001.B	0	oral	dental calculus	oral	0.4382285475730896	70443	4.847837843259208	0.14273496	0.43822855	0.15507606	0.08783339	0.17612703
ERR3579699	PRJEB34569	ABM006.A	0	oral	dental calculus	oral	0.3570552468299866	50472	4.703050514397927	0.1711409	0.35705525	0.16286305	0.121045604	0.18789522
ERR3579700	PRJEB34569	ABM007.A	0	oral	dental calculus	oral	0.3237913250923157	52111	4.716929407273744	0.189137	0.32379133	0.16168025	0.13983408	0.18555734
ERR3579701	PRJEB34569	ABM007.A	0	oral	dental calculus	oral	0.3207630515098572	41765	4.620812485741877	0.19151616	0.32076305	0.1584647	0.14258817	0.18666792
ERR3579702	PRJEB34569	ABM008.A	0	oral	dental calculus	oral	0.29865390062332153	41002	4.612805041299721	0.195859	0.2986539	0.16127856	0.15653047	0.18767805
ERR3579703	PRJEB34569	ABM008.A	0	oral	dental calculus	oral	0.3012959361076355	41523	4.618288723365895	0.19499981	0.30129594	0.16140334	0.15471235	0.18758854
ERR3579704	PRJEB34569	BAN001.A	0	oral	dental calculus	skeletal tissue	0.03922734409570694	735	2.8662873390841948	0.07244427	0.039227344	0.09295434	0.6749805	0.12039349
ERR3579705	PRJEB34569	BIT001.A	0	oral	dental calculus	oral	0.5481923818588257	11876	4.074670188924007	0.117399774	0.5481924	0.12194459	0.040303864	0.17215939
ERR3579706	PRJEB34569	BIT001.A	0	oral	dental calculus	oral	0.4934667646884918	8439	3.9262909868848634	0.1335032	0.49346676	0.1337227	0.05723234	0.18207504
ERR3579707	PRJEB34569	BSQ001.A	0	oral	dental calculus	oral	0.37344250082969666	79494	4.900334350477512	0.1645241	0.3734425	0.16394518	0.11480792	0.1832803
ERR3579708	PRJEB34569	CDC006.A	0	oral	dental calculus	oral	0.38012510538101196	72459	4.860092336081643	0.16479121	0.3801251	0.16194385	0.11199337	0.18114646
ERR3579709	PRJEB34569	CDC007.A	0	oral	dental calculus	oral	0.3348016142845154	39744	4.5992715741604675	0.18415287	0.3348016	0.15922794	0.13521954	0.18659803
ERR3579710	PRJEB34569	CDC008.A	0	oral	dental calculus	oral	0.35513633489608765	64760	4.811306840081336	0.17411353	0.35513633	0.16251525	0.12535302	0.18288186
ERR3579711	PRJEB34569	CDC009.A	0	oral	dental calculus	oral	0.3683501183986664	39889	4.600853148871242	0.1708869	0.36835012	0.15641196	0.11938818	0.18496281
ERR3579712	PRJEB34569	CDC010.A	0	oral	dental calculus	oral	0.3850584924221039	66172	4.820674261073057	0.16108051	0.3850585	0.16139475	0.10785502	0.18461123
ERR3579713	PRJEB34569	DJA002.A	0	oral	dental calculus	oral	0.32688841223716736	58080	4.7640266076920375	0.18810514	0.3268884	0.16184536	0.13661978	0.18654133
ERR3579714	PRJEB34569	DJA002.A	0	oral	dental calculus	oral	0.37788066267967224	68723	4.837102109714449	0.16793305	0.37788066	0.16164142	0.11316563	0.1793792
ERR3579715	PRJEB34569	DJA006.A	0	oral	dental calculus	oral	0.3201800584793091	53166	4.725633986940562	0.18980722	0.32018006	0.1619623	0.14306301	0.1849874
ERR3579716	PRJEB34569	DJA006.A	0	oral	dental calculus	oral	0.3079091012477875	38248	4.582608730687733	0.19526002	0.3079091	0.16022207	0.14876512	0.18784371
ERR3579719	PRJEB34569	DLV001.A	0	oral	dental calculus	oral	0.43500810861587524	4025	3.6047658847038875	0.15183812	0.4350081	0.14554349	0.08010793	0.18750234
ERR3579720	PRJEB34569	DLV002.A	0	oral	dental calculus	skeletal tissue	0.011701174080371857	88	1.9444826721501687	0.11335845	0.011701174	0.079865694	0.52657187	0.26850283
ERR3579721	PRJEB34569	EBO001.A	0	oral	dental calculus	oral	0.48664432764053345	24250	4.384711742938283	0.14019534	0.48664433	0.13162068	0.05824219	0.18329744
ERR3579722	PRJEB34569	EBO003.A	0	oral	dental calculus	oral	0.37258180975914	69206	4.840143748415301	0.1672632	0.3725818	0.16252899	0.11461385	0.18301214
ERR3579723	PRJEB34569	EBO003.A	0	oral	dental calculus	oral	0.3901217579841614	75022	4.875188637759065	0.16351911	0.39012176	0.16156723	0.10694752	0.17784438
ERR3579726	PRJEB34569	EBO009.A	0	oral	dental calculus	oral	0.2993071675300598	35173	4.546209412044009	0.19347486	0.29930717	0.16164176	0.15680373	0.18877248
ERR3579727	PRJEB34569	EBO009.A	0	oral	dental calculus	oral	0.2962568700313568	34664	4.539878676026318	0.19469805	0.29625687	0.16145049	0.15891346	0.1886811
ERR3579728	PRJEB34569	ECO002.B	0	oral	dental calculus	oral	0.4021092355251312	93565	4.971113421927069	0.15629986	0.40210924	0.16192041	0.09968646	0.17998405
ERR3579729	PRJEB34569	ECO002.B	0	oral	dental calculus	oral	0.4907211363315582	104340	5.018450832386356	0.13242412	0.49072114	0.14889209	0.06540523	0.16255745
ERR3579730	PRJEB34569	ECO002.C	0	oral	dental calculus	oral	0.38351523876190186	89747	4.953019940200536	0.16293712	0.38351524	0.16192299	0.10912838	0.18249625
ERR3579731	PRJEB34569	ECO004.B	0	oral	dental calculus	oral	0.35190218687057495	67247	4.82767291451077	0.1768738	0.3519022	0.15993333	0.124963164	0.18632747
ERR3579732	PRJEB34569	ECO004.B	0	oral	dental calculus	oral	0.39704442024230957	93180	4.9693227061122025	0.15901425	0.39704442	0.16015938	0.10356118	0.18022077
ERR3579733	PRJEB34569	ECO004.C	0	oral	dental calculus	oral	0.35238394141197205	79513	4.900438139558438	0.17443527	0.35238394	0.16264161	0.12567338	0.18486583
ERR3579734	PRJEB34569	ECO006.B	0	oral	dental calculus	oral	0.2906351685523987	25864	4.4126956916035	0.19438097	0.29063517	0.16047089	0.16098633	0.19352666
ERR3579735	PRJEB34569	ECO010.B	0	oral	dental calculus	oral	0.39282840490341187	84430	4.92649678927322	0.15948191	0.3928284	0.16245893	0.10341535	0.18181539
ERR3579738	PRJEB34569	ESA003.A	0	oral	dental calculus	oral	0.4896990656852722	98970	4.995503570265006	0.13112444	0.48969907	0.14931694	0.065982595	0.16387697
ERR3579740	PRJEB34569	ESA006.A	0	oral	dental calculus	oral	0.47942811250686646	98402	4.993003925465252	0.13445039	0.4794281	0.15052813	0.06949504	0.16609833
ERR3579741	PRJEB34569	ESA007.A	0	oral	dental calculus	oral	0.49883899092674255	102333	5.0100157061152135	0.13064697	0.498839	0.14637539	0.06320425	0.16093436
ERR3579742	PRJEB34569	ESA008.A	0	oral	dental calculus	oral	0.4944888651371002	104570	5.019407108018884	0.13268165	0.49448887	0.14723381	0.06525368	0.16034202
ERR3579743	PRJEB34569	FDM001.A	0	oral	dental calculus	oral	0.46475571393966675	5034	3.701913211212344	0.14040895	0.4647557	0.1400493	0.066551164	0.18823488
ERR3579744	PRJEB34569	FDM001.A	0	oral	dental calculus	oral	0.46952635049819946	5116	3.7089305358066165	0.13902561	0.46952635	0.13915709	0.06500216	0.18728885
ERR3579745	PRJEB34569	FUM001.A	0	oral	dental calculus	oral	0.3580445945262909	47863	4.67999991622922	0.17672098	0.3580446	0.15972276	0.122450925	0.18306074
ERR3579746	PRJEB34569	FUM002.A	0	oral	dental calculus	oral	0.4060184061527252	62113	4.793182505770767	0.15701497	0.4060184	0.1581606	0.103571974	0.17523405
ERR3579747	PRJEB34569	FUM002.A	0	oral	dental calculus	oral	0.42105984687805176	68801	4.837594750609432	0.15063436	0.42105985	0.15736453	0.09678686	0.17415439
ERR3579748	PRJEB34569	FUM003.A	0	oral	dental calculus	oral	0.481767475605011	21220	4.326745379565322	0.13496792	0.48176748	0.13591126	0.07057907	0.1767743
ERR3579749	PRJEB34569	GDC002.A	0	oral	dental calculus	oral	0.33846619725227356	51263	4.709804018261051	0.18056431	0.3384662	0.16255987	0.13129926	0.18711033
ERR3579750	PRJEB34569	GDC004.A	0	oral	dental calculus	oral	0.49048662185668945	6797	3.8323172699222616	0.12325831	0.49048662	0.13151368	0.075009674	0.17973173
ERR3579751	PRJEB34569	GDC005.A	0	oral	dental calculus	oral	0.32986778020858765	50409	4.702508082108066	0.18510534	0.32986778	0.16207755	0.13526034	0.18768899
ERR3579752	PRJEB34569	GDN001.A	0	oral	dental calculus	oral	0.36368146538734436	64443	4.809175749827857	0.16848822	0.36368147	0.16450529	0.1187702	0.18455483
ERR3579753	PRJEB34569	GDN001.B	0	oral	dental calculus	oral	0.4211110472679138	75803	4.879686393727881	0.14813027	0.42111105	0.15944895	0.09152545	0.17978427
ERR3579754	PRJEB34569	GUE001.A	0	oral	dental calculus	skeletal tissue	0.053572095930576324	1386	3.141763230275788	0.06499628	0.053572096	0.09142804	0.7072139	0.08278975
ERR3579755	PRJEB34569	IBA001.A	0	oral	dental calculus	oral	0.42412835359573364	27871	4.44515255129998	0.15395793	0.42412835	0.15115035	0.08054809	0.1902153
ERR3579756	PRJEB34569	IBA001.A	0	oral	dental calculus	oral	0.408684641122818	18651	4.270702122087818	0.15976742	0.40868464	0.15132973	0.08812503	0.19209316
ERR3579757	PRJEB34569	IBA002.A	0	oral	dental calculus	oral	0.5090147256851196	11192	4.048907701483771	0.1258157	0.5090147	0.13307169	0.052084483	0.18001348
ERR3579758	PRJEB34569	IBA002.A	0	oral	dental calculus	oral	0.47331151366233826	7952	3.900476371389257	0.13645647	0.4733115	0.14007625	0.0628046	0.18735117
ERR3579759	PRJEB34569	KNP001.A	0	oral	dental calculus	oral	0.3922866880893707	74848	4.874180200129059	0.16286239	0.3922867	0.16014822	0.10755588	0.17714682
ERR3579760	PRJEB34569	KNP001.A	0	oral	dental calculus	oral	0.3679451048374176	63503	4.802794242656856	0.17013824	0.3679451	0.16183428	0.117509864	0.18257253
ERR3579761	PRJEB34569	KNP001.A	0	oral	dental calculus	oral	0.3762628734111786	65798	4.818212692973157	0.1671711	0.37626287	0.16144246	0.11365058	0.18147299
ERR3579762	PRJEB34569	KNP003.A	0	oral	dental calculus	oral	0.37431058287620544	61253	4.787127364082111	0.16563508	0.37431058	0.16185191	0.11324817	0.18495426
ERR3579763	PRJEB34569	KNP004.A	0	oral	dental calculus	oral	0.40886935591697693	73746	4.867738469056448	0.15505289	0.40886936	0.15890014	0.09894414	0.17823343
ERR3579764	PRJEB34569	KNP004.A	0	oral	dental calculus	oral	0.3819809556007385	65353	4.815265528466542	0.1639353	0.38198096	0.16179578	0.11008434	0.18220359
ERR3579765	PRJEB34569	KNP004.A	0	oral	dental calculus	oral	0.43058472871780396	7358	3.8667597834951084	0.13374229	0.43058473	0.13862838	0.11892748	0.17811713
ERR3579766	PRJEB34569	KNP005.A	0	oral	dental calculus	oral	0.39098039269447327	65290	4.8148466686044635	0.16031063	0.3909804	0.1605824	0.1063545	0.18177205
ERR3579767	PRJEB34569	KNP005.A	0	oral	dental calculus	oral	0.39576634764671326	63880	4.805364907466445	0.15848064	0.39576635	0.16040376	0.104113296	0.18123594
ERR3579768	PRJEB34569	KNP006.A	0	oral	dental calculus	oral	0.3415306508541107	52426	4.719546723168662	0.17992158	0.34153065	0.16238573	0.13036868	0.18579331
ERR3579774	PRJEB34569	LIS002.A	0	oral	dental calculus	oral	0.4624035954475403	99243	4.996699884013646	0.14102285	0.4624036	0.15292014	0.075722635	0.16793081
ERR3579775	PRJEB34569	LIS003.A	0	oral	dental calculus	oral	0.4394938349723816	84692	4.927842388843768	0.14606549	0.43949383	0.15702593	0.08582915	0.17158554
ERR3579776	PRJEB34569	MTM001.A	0	oral	dental calculus	oral	0.4575149416923523	8018	3.9040660519145027	0.14186728	0.45751494	0.14117226	0.06877719	0.19066834
ERR3579777	PRJEB34569	MTM002.A	0	oral	dental calculus	oral	0.4726240038871765	2949	3.469674772551798	0.13611844	0.472624	0.13848999	0.06271237	0.19005513
ERR3579779	PRJEB34569	MTM005.A	0	oral	dental calculus	oral	0.4495253562927246	7023	3.846522668416287	0.14657328	0.44952536	0.1428274	0.071301796	0.18977223
ERR3579781	PRJEB34569	MTM008.A	0	oral	dental calculus	oral	0.5576938390731812	6921	3.8401688492407557	0.112273514	0.55769384	0.12098801	0.039092973	0.16995162
ERR3579782	PRJEB34569	MTM009.A	0	oral	dental calculus	oral	0.37030887603759766	37020	4.568436414416885	0.17013352	0.37030888	0.15519896	0.11939707	0.18496159
ERR3579783	PRJEB34569	MTM009.A	0	oral	dental calculus	oral	0.40376195311546326	72525	4.860487737474702	0.15986976	0.40376195	0.1582663	0.10302826	0.17507371
ERR3579784	PRJEB34569	OAK001.A	0	oral	dental calculus	oral	0.36405181884765625	58899	4.7701079213037625	0.16732836	0.36405182	0.16332506	0.11961393	0.18568084
ERR3579785	PRJEB34569	OAK002.A	0	oral	dental calculus	oral	0.5504924654960632	27152	4.4338018249736	0.11858362	0.55049247	0.1212335	0.037283197	0.17240722
ERR3579786	PRJEB34569	OAK002.A	0	oral	dental calculus	oral	0.4010351300239563	60859	4.78432481200424	0.15448485	0.40103513	0.15816003	0.104337916	0.1819821
ERR3579787	PRJEB34569	OAK003.A	0	oral	dental calculus	oral	0.4731066823005676	99449	4.997600420475383	0.13719174	0.47310668	0.15141596	0.07200031	0.16628537
ERR3579788	PRJEB34569	OAK004.A	0	oral	dental calculus	oral	0.39790600538253784	65757	4.817941991375582	0.15785873	0.397906	0.158459	0.10233629	0.18344
ERR3579789	PRJEB34569	OAK005.A	0	oral	dental calculus	oral	0.4945782721042633	92681	4.966990711049519	0.13129565	0.49457827	0.14696547	0.0647053	0.16245529
ERR3579790	PRJEB34569	OAK005.A	0	oral	dental calculus	oral	0.5062373280525208	93546	4.9710252219261655	0.1283518	0.5062373	0.14491045	0.06146551	0.15903495
ERR3579791	PRJEB34569	OFN001.A	0	oral	dental calculus	oral	0.45606905221939087	96409	4.984117578175557	0.14001162	0.45606905	0.15437213	0.077538684	0.17200854
ERR3579792	PRJEB34569	OME002.A	0	oral	dental calculus	oral	0.41101664304733276	10737	4.030882953109667	0.16063902	0.41101664	0.15117332	0.08593138	0.19123961
ERR3579793	PRJEB34569	OME002.A	0	oral	dental calculus	oral	0.3846147656440735	13834	4.140947771342662	0.20101193	0.38461477	0.1504747	0.08524823	0.17865044
ERR3579796	PRJEB34569	OME005.A	0	oral	dental calculus	oral	0.421059787273407	7163	3.855094951158622	0.1576616	0.4210598	0.14789805	0.081047334	0.19233322
ERR3579797	PRJEB34569	OME005.A	0	oral	dental calculus	oral	0.4032157063484192	12566	4.09919705537992	0.17546996	0.4032157	0.1507741	0.08681059	0.18372963
ERR3579798	PRJEB34569	OME007.A	0	oral	dental calculus	oral	0.4313400387763977	6776	3.8309733973226505	0.15377973	0.43134004	0.146438	0.07679303	0.19164917
ERR3579799	PRJEB34569	OME009.A	0	oral	dental calculus	oral	0.4363364279270172	6780	3.8312296938670634	0.15172687	0.43633643	0.14595419	0.07543845	0.1905441
ERR3579800	PRJEB34569	PLV001.A	0	oral	dental calculus	oral	0.3926435708999634	48602	4.686654141095464	0.16158514	0.39264357	0.15858182	0.105063595	0.18212588
ERR3579801	PRJEB34569	PYK001.A	0	oral	dental calculus	oral	0.4653595983982086	100566	5.00245117646347	0.13876587	0.4653596	0.15311506	0.07401062	0.16874878
ERR3579802	PRJEB34569	PYK002.A	0	oral	dental calculus	oral	0.4903354048728943	95248	4.978855865207678	0.13226262	0.4903354	0.14888489	0.06549936	0.16301772
ERR3579803	PRJEB34569	PYK003.A	0	oral	dental calculus	oral	0.49814003705978394	100707	5.003059658793099	0.13044177	0.49814004	0.14778887	0.06340161	0.1602277
ERR3579804	PRJEB34569	PYK004.A	0	oral	dental calculus	oral	0.5401260256767273	106038	5.025461527839299	0.119710945	0.540126	0.13835786	0.051365416	0.15043966
ERR3579805	PRJEB34569	PYK005.A	0	oral	dental calculus	oral	0.5196520090103149	99714	4.998756138210325	0.12554449	0.519652	0.1434885	0.057610154	0.15370485
ERR3579806	PRJEB34569	RIG001.A	0	oral	dental calculus	oral	0.43039625883102417	88592	4.947394506167858	0.1480949	0.43039626	0.15878442	0.08916916	0.17355524
ERR3579807	PRJEB34569	SPM001.A	0	oral	dental calculus	skeletal tissue	0.11741410195827484	830	2.9190780923760737	0.094889715	0.1174141	0.12016578	0.5540161	0.11351422
ERR3579809	PRJEB34569	TAF008.B	0	oral	dental calculus	oral	0.47763943672180176	96754	4.985668928647207	0.13542978	0.47763944	0.15058395	0.06963691	0.16670993
ERR3579810	PRJEB34569	TAF008.B	0	oral	dental calculus	oral	0.5230081677436829	104743	5.020125008602962	0.12487082	0.52300817	0.14155054	0.056542598	0.15402791
ERR3579811	PRJEB34569	TAF016.B	0	oral	dental calculus	skeletal tissue	0.27064329385757446	375	2.574031267727719	0.1140702	0.2706433	0.13459803	0.30898842	0.17170005
ERR3579812	PRJEB34569	TAF017.A	0	oral	dental calculus	oral	0.33563172817230225	16867	4.2270378449302255	0.16593465	0.33563173	0.15447964	0.15554325	0.18841071
ERR3579813	PRJEB34569	TAF017.C	0	oral	dental calculus	oral	0.35201531648635864	13993	4.145910834132374	0.18253627	0.35201532	0.15092584	0.12289643	0.1916261
ERR3579814	PRJEB34569	TAF017.C	0	oral	dental calculus	oral	0.3435186743736267	14371	4.157486989384848	0.1849723	0.34351867	0.15210986	0.12758103	0.19181815
ERR3579815	PRJEB34569	TAF017.E	0	oral	dental calculus	oral	0.3768593668937683	1457	3.16345955176999	0.13141207	0.37685937	0.14002451	0.14540577	0.20629826
ERR3579816	PRJEB34569	TAF017.E	0	oral	dental calculus	oral	0.3857792913913727	1416	3.15106325335375	0.12877466	0.3857793	0.13887832	0.14478281	0.20178497
ERR3579817	PRJEB34569	TAF018.A	0	oral	dental calculus	oral	0.3374856412410736	34254	4.534711293390327	0.1852492	0.33748564	0.16299132	0.13138275	0.1828911
ERR3579818	PRJEB34569	TAF018.B	0	oral	dental calculus	oral	0.3367977440357208	31161	4.493611386340491	0.18273768	0.33679774	0.16140111	0.13081957	0.18824391
ERR3579827	PRJEB34569	VLD001.A	0	oral	dental calculus	oral	0.38466233015060425	70067	4.845513523068893	0.16149029	0.38466233	0.16338214	0.10753779	0.18292746
ERR3579828	PRJEB34569	WAL001.A	0	oral	dental calculus	oral	0.4777999520301819	5562	3.7452309845281406	0.13450257	0.47779995	0.1374455	0.06129377	0.1889582
ERR3579829	PRJEB34569	WAL001.A	0	oral	dental calculus	oral	0.4990074634552002	3299	3.518382315545344	0.12195033	0.49900746	0.13227084	0.06002099	0.18675035
ERR3579830	PRJEB34569	ZAF001.A	0	oral	dental calculus	oral	0.26574939489364624	4904	3.690550461510359	0.17449425	0.2657494	0.14040212	0.2504849	0.16886927
ERR3678173	PRJEB34569	CDC005.A	0	oral	dental calculus	oral	0.3857456147670746	20675	4.3154455182245846	0.16917522	0.3857456	0.14796683	0.111409344	0.18570301
ERR3678174	PRJEB34569	CDC011.A	0	oral	dental calculus	oral	0.36049455404281616	66990	4.8260099777911005	0.17089526	0.36049455	0.16406424	0.11941004	0.18513587
ERR3678175	PRJEB34569	LOB001.A	0	oral	dental calculus	oral	0.4921824336051941	7228	3.8590181438888944	0.13064267	0.49218243	0.13557515	0.056313466	0.18528631
ERR3678176	PRJEB34569	MOA001.A	0	oral	dental calculus	oral	0.4504144787788391	90814	4.958152805063628	0.14240363	0.45041448	0.15583089	0.079725936	0.17162508
ERR3678177	PRJEB34569	MOA001.A	0	oral	dental calculus	oral	0.46699053049087524	92825	4.967664957898196	0.13796969	0.46699053	0.15330818	0.07364876	0.16808286
ERR3678179	PRJEB34569	MTM003.A	0	oral	dental calculus	oral	0.45382261276245117	47196	4.673905192457371	0.13987723	0.4538226	0.14308766	0.08086587	0.18234669
ERR3678180	PRJEB34569	MTM010.A	0	oral	dental calculus	oral	0.5059547424316406	4495	3.6527296960692475	0.12861282	0.50595474	0.13130121	0.05375428	0.18037695
ERR3678181	PRJEB34569	MTM011.A	0	oral	dental calculus	oral	0.38803043961524963	12973	4.11304041808782	0.16710798	0.38803044	0.14958872	0.10721912	0.18805373
ERR3678182	PRJEB34569	MTM012.A	0	oral	dental calculus	oral	0.421581506729126	17922	4.2533864729877715	0.15793017	0.4215815	0.15021557	0.08318327	0.18708949
ERR3678184	PRJEB34569	MTS001.A	0	oral	dental calculus	oral	0.47583824396133423	13163	4.1193548812964265	0.13763128	0.47583824	0.13947397	0.06076504	0.18629149
ERR3678186	PRJEB34569	MTS003.A	0	oral	dental calculus	oral	0.40374264121055603	34806	4.541654115851241	0.1577123	0.40374264	0.15244026	0.09750023	0.1886046
ERR3678187	PRJEB34569	PES001.B	0	oral	dental calculus	oral	0.47883233428001404	97824	4.990445417045994	0.13552526	0.47883233	0.1512706	0.06995149	0.16442035
ERR3678595	PRJEB33577	Zape28	0	gut	palaeofaeces	gut	0.8970754742622375	1584	3.1997551772534747	0.8970755	0.001800448	0.033122394	0.015123153	0.052878506
ERR3678596	PRJEB33577	Zape5	0	gut	palaeofaeces	gut	0.8483237028121948	2051	3.3119656603683665	0.8483237	0.003559262	0.040450312	0.01915065	0.08851604
ERR3678598	PRJEB33577	Zape28	0	gut	palaeofaeces	gut	0.8533061742782593	991	2.9960736544852753	0.8533062	0.0034857537	0.041049287	0.018784538	0.083374225
ERR3678599	PRJEB33577	Zape5	0	gut	palaeofaeces	gut	0.8456546664237976	1640	3.214843848047698	0.84565467	0.003805166	0.041555632	0.019984547	0.088999934
ERR3678600	PRJEB33577	Zape2	0	gut	palaeofaeces	gut	0.8391183018684387	600	2.7781512503836434	0.8391183	0.0040523717	0.043651752	0.01846711	0.094710544
ERR3678602	PRJEB33577	Zape28	0	gut	palaeofaeces	gut	0.8457565307617188	1054	3.022840610876528	0.84575653	0.00373711	0.042351056	0.021228373	0.086926915
ERR3678603	PRJEB33577	Zape28	0	gut	palaeofaeces	gut	0.8822568655014038	1469	3.1670217957902564	0.88225687	0.0023698392	0.036619466	0.01736543	0.061388385
ERR3678604	PRJEB33577	Zape5	0	gut	palaeofaeces	gut	0.8711026906967163	2719	3.4344092075875	0.8711027	0.0028273135	0.036177617	0.017188415	0.07270396
ERR3678605	PRJEB33577	Zape5	0	gut	palaeofaeces	gut	0.8305384516716003	1970	3.294466226161593	0.83053845	0.003907907	0.042762496	0.02047832	0.1023128
ERR3678606	PRJEB33577	Zape28	0	gut	palaeofaeces	gut	0.8623913526535034	1456	3.1631613749770184	0.86239135	0.003256111	0.040007878	0.019703314	0.074641325
ERR3678607	PRJEB33577	Zape5	0	gut	palaeofaeces	gut	0.8279353976249695	1681	3.225567713439471	0.8279354	0.0040657376	0.043331932	0.020556232	0.10411068
ERR3678609	PRJEB33577	Zape5	0	gut	palaeofaeces	gut	0.8240065574645996	1815	3.258876629372131	0.82400656	0.0039573475	0.04405898	0.021076944	0.10690013
ERR3678610	PRJEB33577	Zape2	0	gut	palaeofaeces	oral	0.14747390151023865	5	0.6989700043360189	0.1474739	0.35541433	0.14986844	0.15508687	0.19215646
ERR3678611	PRJEB33577	Zape5	0	gut	palaeofaeces	gut	0.741336464881897	1352	3.130976691605617	0.74133646	0.0064654164	0.053506844	0.03323551	0.16545579
ERR3678612	PRJEB33577	Zape2	0	gut	palaeofaeces	gut	0.8465401530265808	558	2.7466341989375787	0.84654015	0.0036797547	0.04255397	0.017350484	0.08987564
ERR3678613	PRJEB33577	Zape28	0	gut	palaeofaeces	gut	0.8484370112419128	1439	3.158060793936605	0.848437	0.00351606	0.04148713	0.021194687	0.08536503
ERR3678614	PRJEB33577	Zape2	0	gut	palaeofaeces	gut	0.9058059453964233	1361	3.133858125203335	0.90580595	0.0014585449	0.030961212	0.010059903	0.051714312
ERR3678615	PRJEB33577	Zape5	0	gut	palaeofaeces	gut	0.814356803894043	1607	3.2060158767633444	0.8143568	0.0050916253	0.046335876	0.026212778	0.10800288
ERR3678616	PRJEB33577	Zape28	0	gut	palaeofaeces	gut	0.8836376070976257	1576	3.1975562131535367	0.8836376	0.0023895807	0.035925847	0.017032554	0.061014406
ERR3678617	PRJEB33577	Zape5	0	gut	palaeofaeces	gut	0.8481723070144653	1791	3.2530955858490316	0.8481723	0.0037117377	0.04042312	0.019419126	0.088273786
ERR3678618	PRJEB33577	Zape2	0	gut	palaeofaeces	gut	0.8843128085136414	1100	3.041392685158225	0.8843128	0.0022451375	0.036214054	0.0130382795	0.064189665
ERR3678619	PRJEB33577	Zape5	0	gut	palaeofaeces	gut	0.8523861765861511	2130	3.3283796034387376	0.8523862	0.003543219	0.039542787	0.018940786	0.085587054
ERR3678620	PRJEB33577	Zape2	0	gut	palaeofaeces	gut	0.8656713366508484	955	2.9800033715837464	0.86567134	0.002950861	0.039785355	0.015253683	0.07633881
ERR3678622	PRJEB33577	Zape28	0	gut	palaeofaeces	gut	0.8858798742294312	1360	3.1335389083702174	0.8858799	0.0022004542	0.03615402	0.015179102	0.060586482
ERR3678623	PRJEB33577	Zape2	0	gut	palaeofaeces	gut	0.8870781064033508	1076	3.0318122713303706	0.8870781	0.0021389888	0.035765924	0.013155353	0.061861552
ERR3678625	PRJEB33577	Zape28	0	gut	palaeofaeces	gut	0.8660351037979126	1193	3.076640443670342	0.8660351	0.002998076	0.039769776	0.019173885	0.07202319
ERR3678626	PRJEB33577	Zape2	0	gut	palaeofaeces	gut	0.8552893400192261	768	2.885361220031512	0.85528934	0.0034239353	0.041481666	0.01625542	0.08354963
ERR3678627	PRJEB33577	Zape28	0	gut	palaeofaeces	gut	0.9107366800308228	2312	3.3639878297484915	0.9107367	0.0013316458	0.029659942	0.013859799	0.044411924
ERR3678628	PRJEB33577	Zape2	0	gut	palaeofaeces	gut	0.9256060719490051	1544	3.188647295999717	0.9256061	0.0008463124	0.025804471	0.007645657	0.04009754
ERR3678629	PRJEB33577	Zape2	0	gut	palaeofaeces	gut	0.9249914288520813	1809	3.257438566859814	0.9249914	0.00088373077	0.025833583	0.008436252	0.03985501
ERR3678727	PRJEB34569	GOY005.A	0	oral	dental calculus	oral	0.43561458587646484	89546	4.95204619077995	0.14764348	0.4356146	0.1577667	0.087829545	0.17114565
ERR3906046	PRJEB34569	MTM009.A	0	oral	dental calculus	oral	0.3770347237586975	58028	4.763637602376833	0.16839688	0.37703472	0.16033986	0.11082065	0.18340787
ERR4334735	PRJEB39351	LS-93-1	0		lake sediment	skeletal tissue		2512	3.4000196350651586	0.06425494	0.016112136	0.08172814	0.64509475	0.19281001
ERR4334736	PRJEB39351	LS-93-2	0		lake sediment	skeletal tissue		3105	3.492061604512599	0.085913196	0.014117303	0.08222111	0.57898676	0.23876163
ERR4426516	PRJEB37914	UE1201_Mex_70	0		sediment	skeletal tissue		519	2.7151673578484576	0.10837458	0.07636944	0.11993019	0.44252673	0.25279906
ERR4426517	PRJEB37914	UE1204A_Mex_67	0		sediment	skeletal tissue		391	2.5921767573958667	0.08673586	0.081527226	0.10859241	0.55261505	0.17052943
ERR4426518	PRJEB37914	UE1204C_Mex_66	0		sediment	skeletal tissue		1356	3.1322596895310446	0.09919079	0.054197926	0.11190502	0.54360175	0.19110449
ERR4426519	PRJEB37914	UE1204_Mex_11	0		sediment	skeletal tissue		629	2.798650645445269	0.059797633	0.028086554	0.07991649	0.6857771	0.14642219
ERR4426520	PRJEB37914	UE1204_Mex_12	0		sediment	skeletal tissue		974	2.9885589568786157	0.076201335	0.0975307	0.09523398	0.56717855	0.16385546
ERR4426521	PRJEB37914	UE1204_Mex_13	0		sediment	skeletal tissue		591	2.7715874808812555	0.050100397	0.01008492	0.06737033	0.7076796	0.16476479
ERR4426522	PRJEB37914	UE1204_Mex_13	0		sediment	skeletal tissue		245	2.3891660843645326	0.04645648	0.008733058	0.062419355	0.75411856	0.12827253
ERR4426523	PRJEB37914	UE1204_Mex_14	0		sediment	skeletal tissue		1555	3.1917303933628562	0.056745894	0.014312483	0.077279344	0.7040673	0.14759503
ERR4426524	PRJEB37914	UE1204_Mex_29	0		sediment	skeletal tissue		950	2.9777236052888476	0.07874996	0.14393647	0.099169865	0.49083155	0.18731217
ERR4426525	PRJEB37914	UE1206_Mex_65	0		sediment	skeletal tissue		1110	3.0453229787866576	0.08198098	0.052801557	0.10931376	0.5945319	0.16137186
ERR4426526	PRJEB37914	UE1207A_Mex_62	0		sediment	skeletal tissue		2687	3.4292676664331685	0.07136253	0.03179031	0.09649143	0.6566818	0.14367397
ERR4426527	PRJEB37914	UE1207C_Mex_61	0		sediment	skeletal tissue		2097	3.3215984304653436	0.06962259	0.022357425	0.09050937	0.62406445	0.19344622
ERR4426529	PRJEB37914	UE1210_Mex_18	0		sediment	oral		1244	3.0948203803548	0.10802553	0.44086093	0.13173713	0.14286639	0.17651007
ERR4426530	PRJEB37914	UE1210_Mex_1	0		sediment	skeletal tissue		389	2.5899496013257077	0.088841334	0.055292625	0.10639258	0.54799974	0.20147367
ERR4426531	PRJEB37914	UE1210_Mex_2	0		sediment	skeletal tissue		421	2.6242820958356683	0.068146296	0.021275537	0.08371921	0.640859	0.18599993
ERR4426532	PRJEB37914	UE1210_Mex_3	0		sediment	skeletal tissue		364	2.561101383649056	0.07192314	0.022525351	0.08588795	0.61532634	0.2043372
ERR4426533	PRJEB37914	UE1210_Mex_3	0		sediment	skeletal tissue		266	2.424881636631067	0.05306871	0.009313296	0.06556536	0.71005595	0.16199669
ERR4426534	PRJEB37914	UE1210_Mex_4	0		sediment	oral		1388	3.142389466118836	0.11222653	0.31647217	0.12493274	0.260539	0.18582955
ERR4426535	PRJEB37914	UE1210_Mex_59	0		sediment	skeletal tissue		1384	3.141136090120739	0.11177103	0.24555102	0.12542763	0.33032912	0.18692127
ERR4426536	PRJEB37914	UE1212_Mex_22	0		sediment	skeletal tissue		581	2.7641761323903307	0.08007965	0.076574005	0.099771164	0.57402104	0.16955416
ERR4426537	PRJEB37914	UE1212_Mex_24	0		sediment	skeletal tissue		1472	3.16790781000148	0.07870503	0.04213636	0.10100833	0.5903858	0.1877645
ERR4426538	PRJEB37914	UE1212_Mex_4	0		sediment	skeletal tissue		3321	3.5212688755983854	0.10802834	0.28644413	0.12116613	0.31388056	0.17048083
ERR4426539	PRJEB37914	UE1212_Mex_58	0		sediment	skeletal tissue		1585	3.2000292665537704	0.11313434	0.21598256	0.127615	0.35391617	0.18935195
ERR4426540	PRJEB37914	UE1212_Mex_5	0		sediment	skeletal tissue		951	2.978180516937414	0.10059859	0.14826241	0.12039085	0.44571343	0.18503472
ERR4426541	PRJEB37914	UE1212_Mex_6	0		sediment	skeletal tissue		750	2.8750612633917	0.100910224	0.15723126	0.11752721	0.41746268	0.20686862
ERR4426542	PRJEB37914	UE1212_Mex_6	0		sediment	skeletal tissue		417	2.6201360549737576	0.05322826	0.009425519	0.06550433	0.6912712	0.18057075
ERR4426543	PRJEB37914	UE1212_Mex_7	0		sediment	skeletal tissue		2526	3.402433346219312	0.089828186	0.042674996	0.10413531	0.50335836	0.26000312
ERR4426545	PRJEB37914	UE1217_Mex_56	0		sediment	skeletal tissue		1807	3.256958152560932	0.06739491	0.014860719	0.081114426	0.6159886	0.22064133
ERR4426546	PRJEB37914	UE1218_Mex_10	0		sediment	skeletal tissue		575	2.7596678446896306	0.124303386	0.016740527	0.08805879	0.44448018	0.32641712
ERR4426547	PRJEB37914	UE1218_Mex_10	0		sediment	skeletal tissue		835	2.921686475483602	0.07593809	0.016392965	0.08284716	0.5778629	0.24695888
ERR4426548	PRJEB37914	UE1218_Mex_55	0		sediment	skeletal tissue		1347	3.1293675957229854	0.1304667	0.121295035	0.12127824	0.35331905	0.27364096
ERR4426549	PRJEB37914	UE1218_Mex_9	0		sediment	skeletal tissue		1903	3.2794387882870204	0.06097257	0.012517175	0.0762506	0.669346	0.18091361
ERR4426550	PRJEB37914	UE1218_Mex_9	0		sediment	skeletal tissue		2266	3.3552599055273786	0.084381364	0.014230901	0.08102061	0.54972804	0.27063915
ERR4426552	PRJEB37914	UE1223_Mex_53	0		sediment	skeletal tissue		1783	3.2511513431753545	0.08596988	0.1213822	0.113523364	0.5344454	0.14467917
ERR5863536	PRJEB44685	Solarolo (13 samples)	0	gut	palaeofaeces	gut	0.6632179021835327	5067	3.704750904290671	0.6632179	0.03624913	0.08258264	0.08200218	0.13594815
ERR6093854	PRJEB42014	Ua011	0	oral	dental calculus	oral	0.37452325224876404	1209	3.0824263008607717	0.15114349	0.37452325	0.15001738	0.12763664	0.19667925
ERR6093855	PRJEB42014	Ua011	0	oral	dental calculus	oral	0.4038911759853363	1214	3.0842186867392387	0.14311296	0.40389118	0.14393184	0.11411096	0.19495301
ERR6093856	PRJEB42014	Ua011	0	oral	dental calculus	oral	0.377513587474823	1221	3.0867156639448825	0.14787367	0.3775136	0.14837256	0.13012473	0.19611551
ERR6093857	PRJEB42014	Ua011	0	oral	dental calculus	oral	0.38507673144340515	1218	3.0856472882968564	0.14447418	0.38507673	0.14554465	0.1287686	0.19613585
ERR6093858	PRJEB42014	Ua012	0	oral	dental calculus	oral	0.27282384037971497	935	2.9708116108725178	0.14447215	0.27282384	0.1477871	0.208316	0.22660089
ERR6093859	PRJEB42014	Ua012	0	oral	dental calculus	oral	0.2841483950614929	948	2.976808337338066	0.14421555	0.2841484	0.1467791	0.19056067	0.23429632
ERR6093860	PRJEB42014	Ua012	0	oral	dental calculus	oral	0.32965511083602905	956	2.9804578922761	0.14910829	0.3296551	0.15055695	0.15513405	0.21554561
ERR6093861	PRJEB42014	Ua012	0	oral	dental calculus	oral	0.333730548620224	911	2.9595183769729982	0.1418032	0.33373055	0.14718989	0.1623082	0.21496813
ERR6093862	PRJEB42014	Ua020	0	oral	dental calculus	oral	0.5765530467033386	1819	3.2598326990634834	0.092912786	0.57655305	0.11451646	0.039467268	0.17655039
ERR6093863	PRJEB42014	Ua020	0	oral	dental calculus	oral	0.574966549873352	1783	3.2511513431753545	0.093607105	0.57496655	0.11500716	0.0402148	0.17620435
ERR6093864	PRJEB42014	Ua020	0	oral	dental calculus	oral	0.5781585574150085	1784	3.2513948500401044	0.092195794	0.57815856	0.1143194	0.03888627	0.17643997
ERR6093865	PRJEB42014	Ua020	0	oral	dental calculus	oral	0.5798999667167664	1740	3.2405492482826	0.09184839	0.57989997	0.11392121	0.03831631	0.17601414
ERR6093866	PRJEB42014	Ua021	0	oral	dental calculus	oral	0.30823951959609985	4657	3.668106237932731	0.24019739	0.30823952	0.1464105	0.13994466	0.1652079
ERR6093867	PRJEB42014	Ua021	0	oral	dental calculus	oral	0.30574560165405273	4717	3.673665876245702	0.24037845	0.3057456	0.14691135	0.141443	0.16552158
ERR6093868	PRJEB42014	Ua021	0	oral	dental calculus	oral	0.3118264675140381	4714	3.673389578188305	0.24142496	0.31182647	0.14577791	0.13619532	0.16477537
ERR6093869	PRJEB42014	Ua021	0	oral	dental calculus	oral	0.3135150671005249	4674	3.669688708056208	0.23733619	0.31351507	0.14653824	0.13665444	0.16595605
ERR6093870	PRJEB42014	Ua022	0	oral	dental calculus	gut	0.2520322799682617	8816	3.94527158150771	0.3061732	0.25203228	0.14217547	0.13722962	0.16238941
ERR6093871	PRJEB42014	Ua022	0	oral	dental calculus	gut	0.24982483685016632	8823	3.9456162792267317	0.30983815	0.24982484	0.14180762	0.13624397	0.16228543
ERR6093872	PRJEB42014	Ua022	0	oral	dental calculus	gut	0.24931058287620544	8896	3.949194774237982	0.30851048	0.24931058	0.14197724	0.13792595	0.16227572
ERR6093874	PRJEB42014	Ua022	0	oral	dental calculus	gut	0.2507384419441223	8814	3.9451730461739003	0.30655754	0.25073844	0.14231996	0.1378723	0.1625118
ERR6093875	PRJEB42014	Ua023	0	oral	dental calculus	gut	0.22672715783119202	10765	4.032014034159506	0.3520942	0.22672716	0.13306026	0.1313822	0.15673617
ERR6093876	PRJEB42014	Ua023	0	oral	dental calculus	gut	0.22445416450500488	10903	4.037546012085826	0.35388708	0.22445416	0.13291319	0.13192335	0.15682223
ERR6093877	PRJEB42014	Ua023	0	oral	dental calculus	gut	0.22755292057991028	10745	4.031206419827462	0.352143	0.22755292	0.13281517	0.13092837	0.15656056
ERR6093878	PRJEB42014	Ua023	0	oral	dental calculus	gut	0.22628004848957062	10817	4.0341068297076434	0.3523777	0.22628005	0.13309135	0.13140145	0.15684947
ERR6093879	PRJEB42014	Ua024	0	oral	dental calculus	gut	0.25309446454048157	8291	3.918606915144982	0.31863865	0.25309446	0.1387102	0.12977251	0.1597842
ERR6093880	PRJEB42014	Ua024	0	oral	dental calculus	gut	0.2515442669391632	8479	3.928344635264862	0.3219617	0.25154427	0.13796918	0.12920974	0.15931511
ERR6093881	PRJEB42014	Ua024	0	oral	dental calculus	gut	0.2518412470817566	8376	3.923036668670786	0.32098567	0.25184125	0.13827617	0.12936592	0.159531
ERR6093882	PRJEB42014	Ua024	0	oral	dental calculus	gut	0.25323137640953064	8340	3.921166050637739	0.31987023	0.25323138	0.13822258	0.12917665	0.1594992
ERR6093883	PRJEB42014	Ua026	0	oral	dental calculus	gut	0.24089379608631134	9138	3.960851153719686	0.336635	0.2408938	0.13570583	0.12893483	0.15783057
ERR6093885	PRJEB42014	Ua026	0	oral	dental calculus	gut	0.23433539271354675	9299	3.9684362477117046	0.34360793	0.2343354	0.13472429	0.12999763	0.15733477
ERR6093886	PRJEB42014	Ua026	0	oral	dental calculus	gut	0.2374078780412674	9235	3.96543689977626	0.340109	0.23740788	0.13530795	0.12951402	0.15766117
ERR6093887	PRJEB42014	Ua026	0	oral	dental calculus	gut	0.23907795548439026	9178	3.9627480533586406	0.33915594	0.23907796	0.13520245	0.12897775	0.15758595
ERR6093888	PRJEB42014	Ua028	0	oral	dental calculus	oral	0.30477988719940186	4953	3.694868327982456	0.2085371	0.3047799	0.15383253	0.15427992	0.17857058
ERR6093889	PRJEB42014	Ua028	0	oral	dental calculus	oral	0.2981049418449402	5083	3.7061201097027037	0.21028404	0.29810494	0.15412785	0.15938045	0.17810273
ERR6093890	PRJEB42014	Ua028	0	oral	dental calculus	oral	0.3220226764678955	5023	3.700963178159549	0.203531	0.32202268	0.15244117	0.14263295	0.17937222
ERR6093891	PRJEB42014	Ua028	0	oral	dental calculus	oral	0.30274221301078796	4850	3.6857417386022635	0.20127372	0.3027422	0.15383962	0.1619011	0.18024333
ERR6093893	PRJEB42014	Ua029	0	oral	dental calculus	oral	0.3906334340572357	1782	3.250907699700856	0.16957721	0.39063343	0.14357458	0.11576154	0.18045326
ERR6093894	PRJEB42014	Ua029	0	oral	dental calculus	oral	0.26199257373809814	1720	3.2355284469075487	0.24498942	0.26199257	0.1271323	0.18065847	0.18522725
ERR6093896	PRJEB42014	Ua029	0	oral	dental calculus	oral	0.26959067583084106	1712	3.2335037603411343	0.23461545	0.26959068	0.12935573	0.18254855	0.18388957
ERR6093897	PRJEB42014	Ua029	0	oral	dental calculus	oral	0.3098958134651184	1726	3.237040791379191	0.20615356	0.3098958	0.1279811	0.16902179	0.18694773
ERR6093899	PRJEB42014	Ua032	0	oral	dental calculus	gut	0.26980721950531006	5246	3.7198282862543346	0.29331556	0.26980722	0.14506526	0.123843715	0.16796824
ERR6093900	PRJEB42014	Ua032	0	oral	dental calculus	gut	0.2667204439640045	5353	3.728597243383432	0.29592267	0.26672044	0.14497252	0.124516524	0.16786787
ERR6093901	PRJEB42014	Ua032	0	oral	dental calculus	gut	0.26835983991622925	5254	3.7204900684500513	0.29499942	0.26835984	0.14479008	0.12411851	0.16773213
ERR6093902	PRJEB42014	Ua032	0	oral	dental calculus	gut	0.2674863040447235	5291	3.723537761532057	0.29644567	0.2674863	0.14457816	0.12384889	0.167641
ERR6093903	PRJEB42014	Ua033	0	oral	dental calculus	oral	0.5000597238540649	2793	3.446070935701005	0.118126035	0.5000597	0.1286718	0.07094524	0.18219721
ERR6093904	PRJEB42014	Ua033	0	oral	dental calculus	oral	0.5000553727149963	2831	3.451939869365103	0.118102	0.5000554	0.12889813	0.07093899	0.1820055
ERR6093905	PRJEB42014	Ua033	0	oral	dental calculus	oral	0.5149900913238525	2796	3.446537167073644	0.11308198	0.5149901	0.12626898	0.06525872	0.18040022
ERR6093906	PRJEB42014	Ua033	0	oral	dental calculus	oral	0.5153799653053284	2793	3.446070935701005	0.11293267	0.51537997	0.12646416	0.0648515	0.18037173
ERR6093907	PRJEB42014	Ua034	0	oral	dental calculus	gut	0.22913968563079834	10343	4.014646524684032	0.346253	0.22913969	0.13553014	0.12982757	0.1592496
ERR6093908	PRJEB42014	Ua034	0	oral	dental calculus	gut	0.23024503886699677	10446	4.018950021500975	0.34639135	0.23024504	0.13527848	0.12887189	0.15921332
ERR6093909	PRJEB42014	Ua034	0	oral	dental calculus	gut	0.23072078824043274	10405	4.017242084547646	0.34571594	0.23072079	0.13558894	0.12856694	0.15940739
ERR6093910	PRJEB42014	Ua034	0	oral	dental calculus	gut	0.22880706191062927	10355	4.015150103229471	0.3463411	0.22880706	0.13558945	0.1300039	0.1592585
ERR6093912	PRJEB42014	Ua035	0	oral	dental calculus	oral	0.3577110767364502	4656	3.668012971641832	0.19190532	0.35771108	0.15010321	0.12239869	0.17788167
ERR6093913	PRJEB42014	Ua035	0	oral	dental calculus	oral	0.339106023311615	4720	3.673941998634088	0.21683314	0.33910602	0.14881569	0.122522786	0.17272237
ERR6093914	PRJEB42014	Ua035	0	oral	dental calculus	oral	0.3471004068851471	4628	3.665393350279712	0.203438	0.3471004	0.15009123	0.12362419	0.17574617
ERR6093916	PRJEB42014	Ua035	0	oral	dental calculus	oral	0.3556203842163086	4574	3.66029616027073	0.1919995	0.35562038	0.15001321	0.12471472	0.17765221
ERR6093917	PRJEB42014	Ua036	0	oral	dental calculus	gut	0.2173527032136917	12219	4.0870356648056605	0.35704595	0.2173527	0.13354549	0.13267045	0.1593854
ERR6093919	PRJEB42014	Ua036	0	oral	dental calculus	gut	0.21867990493774414	12286	4.089410510983544	0.35705677	0.2186799	0.13319695	0.13209185	0.15897456
ERR6093920	PRJEB42014	Ua036	0	oral	dental calculus	gut	0.21858377754688263	12298	4.08983448870863	0.35669	0.21858378	0.13343728	0.13214377	0.15914516
ERR6093921	PRJEB42014	Ua036	0	oral	dental calculus	gut	0.21832025051116943	12314	4.090399149255463	0.35678357	0.21832025	0.13355064	0.13221931	0.15912619
ERR6093922	PRJEB42014	Ua037	0	oral	dental calculus	oral	0.31044620275497437	6161	3.7896512087934098	0.22911115	0.3104462	0.1491693	0.1427646	0.16850874
ERR6093923	PRJEB42014	Ua037	0	oral	dental calculus	oral	0.3063991069793701	6218	3.793650717707173	0.22973546	0.3063991	0.14966747	0.1461134	0.16808456
ERR6093924	PRJEB42014	Ua037	0	oral	dental calculus	oral	0.3087769150733948	6139	3.788097633380297	0.22777987	0.30877692	0.14947262	0.14538804	0.16858263
ERR6093926	PRJEB42014	Ua037	0	oral	dental calculus	oral	0.3062990605831146	6245	3.7955324427101544	0.23054783	0.30629906	0.14963718	0.14515741	0.16835855
ERR6093927	PRJEB42014	Ua038	0	oral	dental calculus	oral	0.2914610505104065	3854	3.5859117103194342	0.23669212	0.29146105	0.15030818	0.15259957	0.16893907
ERR6093928	PRJEB42014	Ua038	0	oral	dental calculus	oral	0.28743821382522583	3965	3.5982431916536224	0.2376678	0.2874382	0.15105347	0.1542668	0.16957375
ERR6093929	PRJEB42014	Ua038	0	oral	dental calculus	oral	0.2887989580631256	3892	3.5901728315963144	0.23636842	0.28879896	0.15088634	0.15442437	0.16952194
ERR6093930	PRJEB42014	Ua038	0	oral	dental calculus	oral	0.2872188687324524	3904	3.591509808994654	0.23725872	0.28721887	0.15150028	0.15405957	0.16996261
ERR6093931	PRJEB42014	Ua040	0	oral	dental calculus	oral	0.2670370936393738	6243	3.795393334931289	0.26261318	0.2670371	0.1505529	0.15042612	0.16937071
ERR6093932	PRJEB42014	Ua040	0	oral	dental calculus	gut	0.2652178108692169	6345	3.8024316264307236	0.26716393	0.2652178	0.14974132	0.14924058	0.16863638
ERR6093934	PRJEB42014	Ua040	0	oral	dental calculus	oral	0.2692955434322357	6216	3.793511005792858	0.25909513	0.26929554	0.15077648	0.15121925	0.16961358
ERR6093935	PRJEB42014	Ua040	0	oral	dental calculus	oral	0.2660459280014038	6246	3.7956019798941796	0.26250437	0.26604593	0.15044637	0.15180412	0.16919915
ERR6093936	PRJEB42014	Ua042	0	oral	dental calculus	oral	0.36802321672439575	3258	3.5129510799724906	0.18351176	0.36802322	0.15006539	0.12114026	0.17725936
ERR6093937	PRJEB42014	Ua042	0	oral	dental calculus	oral	0.3527892529964447	3321	3.5212688755983854	0.19718309	0.35278925	0.15078376	0.12416981	0.1750741
ERR6093938	PRJEB42014	Ua042	0	oral	dental calculus	oral	0.3542184829711914	3259	3.513084360465144	0.1962522	0.35421848	0.15087762	0.12329136	0.1753603
ERR6093939	PRJEB42014	Ua042	0	oral	dental calculus	oral	0.35613352060317993	3271	3.5146805441249818	0.19318922	0.35613352	0.15082972	0.12391244	0.17593513
ERR6093941	PRJEB42014	Ua043	0	oral	dental calculus	gut	0.22898836433887482	11847	4.073608388456207	0.34965858	0.22898836	0.13506198	0.1262916	0.15999946
ERR6093942	PRJEB42014	Ua043	0	oral	dental calculus	gut	0.22867803275585175	11804	4.072029200827922	0.35006553	0.22867803	0.13496208	0.12640235	0.15989195
ERR6093943	PRJEB42014	Ua043	0	oral	dental calculus	gut	0.22874848544597626	11686	4.067665881974249	0.35047498	0.22874849	0.13466862	0.1264716	0.15963633
ERR6093945	PRJEB42014	Ua043	0	oral	dental calculus	gut	0.22779934108257294	11699	4.068148740973294	0.35072693	0.22779934	0.1348671	0.12688129	0.15972538
ERR6093946	PRJEB42014	Ua044	0	oral	dental calculus	oral	0.35824841260910034	2407	3.38147609027503	0.19808249	0.3582484	0.14835161	0.12276659	0.17255093
ERR6093947	PRJEB42014	Ua044	0	oral	dental calculus	oral	0.3652995824813843	2420	3.383815365980431	0.19630626	0.36529958	0.14754769	0.11859784	0.1722486
ERR6093948	PRJEB42014	Ua044	0	oral	dental calculus	oral	0.36949312686920166	2356	3.372175286115064	0.19065265	0.36949313	0.14696275	0.120384574	0.17250693
ERR6093949	PRJEB42014	Ua044	0	oral	dental calculus	oral	0.3769880533218384	2315	3.364550995353972	0.1829814	0.37698805	0.14699069	0.118429005	0.17461085
ERR6093950	PRJEB42014	Ua045	0	oral	dental calculus	oral	0.300700843334198	4858	3.6864575104691117	0.2379963	0.30070084	0.15126106	0.14010844	0.16993338
ERR6093951	PRJEB42014	Ua045	0	oral	dental calculus	oral	0.29855141043663025	4913	3.691346764134822	0.24213669	0.2985514	0.15052779	0.13969262	0.16909146
ERR6093952	PRJEB42014	Ua045	0	oral	dental calculus	oral	0.30109333992004395	4872	3.687707279624819	0.23987953	0.30109334	0.15057555	0.13926439	0.16918723
ERR6093953	PRJEB42014	Ua045	0	oral	dental calculus	oral	0.307158887386322	4801	3.681331705969166	0.23351637	0.3071589	0.15082	0.13943775	0.16906692
ERR6093954	PRJEB42014	Ua046	0	oral	dental calculus	oral	0.40722784399986267	548	2.738780558484369	0.13878432	0.40722784	0.14255466	0.11801644	0.19341677
ERR6093955	PRJEB42014	Ua046	0	oral	dental calculus	oral	0.4348798394203186	614	2.788168371141168	0.13694473	0.43487984	0.1406893	0.098299965	0.18918625
ERR6093956	PRJEB42014	Ua046	0	oral	dental calculus	oral	0.4383280873298645	563	2.7505083948513462	0.13697705	0.4383281	0.1407658	0.097439654	0.18648943
ERR6093957	PRJEB42014	Ua046	0	oral	dental calculus	oral	0.44881224632263184	596	2.7752462597402365	0.13614628	0.44881225	0.1391066	0.09167653	0.18425834
ERR6093958	PRJEB42014	Ua049	0	oral	dental calculus	gut	0.28404849767684937	5836	3.766115283221414	0.2850608	0.2840485	0.14282843	0.123417355	0.16464493
ERR6093959	PRJEB42014	Ua049	0	oral	dental calculus	gut	0.277580589056015	5929	3.7729814503449637	0.29191664	0.2775806	0.1418474	0.12500137	0.16365401
ERR6093960	PRJEB42014	Ua049	0	oral	dental calculus	gut	0.2842258810997009	5871	3.7687120803776635	0.28552136	0.28422588	0.14252159	0.12345394	0.16427721
ERR6093961	PRJEB42014	Ua049	0	oral	dental calculus	gut	0.28296536207199097	5772	3.7613263224214566	0.28582034	0.28296536	0.14284118	0.12369631	0.16467682
ERR6093963	PRJEB42014	Ua050	0	oral	dental calculus	gut	0.23902282118797302	9675	3.985650973690949	0.32852048	0.23902282	0.13993226	0.13003537	0.16248906
ERR6093964	PRJEB42014	Ua050	0	oral	dental calculus	gut	0.2372479885816574	9787	3.9906495883188544	0.3306741	0.23724799	0.13949354	0.13058917	0.16199517
ERR6093965	PRJEB42014	Ua050	0	oral	dental calculus	gut	0.23816780745983124	9653	3.9846623061901068	0.331269	0.23816781	0.13916247	0.12937269	0.16202803
ERR6093966	PRJEB42014	Ua050	0	oral	dental calculus	gut	0.24067220091819763	9697	3.986637395610154	0.3282922	0.2406722	0.13961042	0.12911753	0.16230765
ERR6093967	PRJEB42014	Ua052	0	oral	dental calculus	gut	0.2622455656528473	8261	3.9170326221623935	0.30241257	0.26224557	0.14248614	0.12997949	0.16287622
ERR6093968	PRJEB42014	Ua052	0	oral	dental calculus	gut	0.26150116324424744	8417	3.9251573271758984	0.30378076	0.26150116	0.14245336	0.12911268	0.16315204
ERR6093969	PRJEB42014	Ua052	0	oral	dental calculus	gut	0.26057085394859314	8225	3.915135906622012	0.30432445	0.26057085	0.14233276	0.12992914	0.16284284
ERR6093970	PRJEB42014	Ua052	0	oral	dental calculus	gut	0.25964123010635376	8160	3.9116901587538613	0.30469322	0.25964123	0.14238563	0.1305686	0.1627113
ERR6093972	PRJEB42014	Ua053	0	oral	dental calculus	oral	0.33597755432128906	4532	3.6562899011913594	0.20287475	0.33597755	0.15394148	0.12669979	0.18050644
ERR6096533	PRJEB42014	Ua053	0	oral	dental calculus	oral	0.33235806226730347	4548	3.6578204560156973	0.20747676	0.33235806	0.15379973	0.12631193	0.18005349
ERR6096535	PRJEB42014	Ua053	0	oral	dental calculus	oral	0.3440024256706238	4522	3.6553305580093407	0.19528857	0.34400243	0.15348549	0.12560795	0.18161552
ERR6096536	PRJEB42014	Ua053	0	oral	dental calculus	oral	0.33483999967575073	4472	3.650501794878367	0.20324352	0.33484	0.15394184	0.12705764	0.18091695
ERR6096537	PRJEB42014	Ua054	0	oral	dental calculus	oral	0.3834247589111328	54	1.7323937598229686	0.12505126	0.38342476	0.13882282	0.16442284	0.18827827
ERR6096538	PRJEB42014	Ua054	0	oral	dental calculus	skeletal tissue	0.15909120440483093	65	1.8129133566428555	0.12595192	0.1590912	0.13181394	0.3339662	0.2491767
ERR6096539	PRJEB42014	Ua054	0	oral	dental calculus	skeletal tissue	0.08910961449146271	78	1.8920946026904804	0.11296879	0.089109614	0.118386544	0.42605895	0.2534761
ERR6096540	PRJEB42014	Ua054	0	oral	dental calculus	skeletal tissue	0.1393166035413742	80	1.9030899869919435	0.11868296	0.1393166	0.12521394	0.3792358	0.23755069
ERR6096541	PRJEB42014	Ua055	0	oral	dental calculus	oral	0.5367776155471802	1136	3.055378331375	0.10913537	0.5367776	0.121511355	0.05645836	0.17611727
ERR6096542	PRJEB42014	Ua055	0	oral	dental calculus	oral	0.5346843004226685	1161	3.064832219738574	0.11047387	0.5346843	0.12182931	0.05737064	0.17564183
ERR6096543	PRJEB42014	Ua055	0	oral	dental calculus	oral	0.5517966151237488	1123	3.050379756261458	0.10483446	0.5517966	0.11847116	0.05034678	0.17455101
ERR6096544	PRJEB42014	Ua055	0	oral	dental calculus	oral	0.5417708158493042	1153	3.061829307294699	0.10821538	0.5417708	0.12053545	0.054471336	0.17500699
ERR6096545	PRJEB42014	Ua057	0	oral	dental calculus	gut	0.2248322069644928	8050	3.9057958803678687	0.350408	0.2248322	0.13431004	0.13191512	0.15853465
ERR6096547	PRJEB42014	Ua057	0	oral	dental calculus	gut	0.22946389019489288	8006	3.9034155857690864	0.34751233	0.22946389	0.13454391	0.1296053	0.1588746
ERR6096548	PRJEB42014	Ua057	0	oral	dental calculus	gut	0.22608351707458496	7919	3.89867034296553	0.34943017	0.22608352	0.1345144	0.13122968	0.15874222
ERR6096549	PRJEB42014	Ua057	0	oral	dental calculus	gut	0.22862108051776886	7965	3.9011857801371503	0.3487503	0.22862108	0.13418753	0.13001363	0.1584275
ERR6096550	PRJEB42014	Ua060	0	oral	dental calculus	oral	0.2972646951675415	5505	3.7407573233077707	0.27459008	0.2972647	0.14192852	0.1232092	0.16300753
ERR6096551	PRJEB42014	Ua060	0	oral	dental calculus	oral	0.2943601608276367	5497	3.7401257369657306	0.27658248	0.29436016	0.14147909	0.12585133	0.1617269
ERR6096552	PRJEB42014	Ua060	0	oral	dental calculus	oral	0.2973487377166748	5483	3.739018245883481	0.27487436	0.29734874	0.1421437	0.12204307	0.16359016
ERR6096554	PRJEB42014	Ua060	0	oral	dental calculus	oral	0.29552316665649414	5478	3.7386220279179425	0.27505857	0.29552317	0.14231709	0.12378813	0.16331305
ERR6096555	PRJEB42014	Ua061	0	oral	dental calculus	oral	0.5164691805839539	777	2.890421018800914	0.110457696	0.5164692	0.120409176	0.08577336	0.16689059
ERR6096557	PRJEB42014	Ua061	0	oral	dental calculus	oral	0.535842776298523	805	2.9057958803678687	0.10724399	0.5358428	0.11834407	0.07072841	0.16784072
ERR6096570	PRJEB42014	Ua061	0	oral	dental calculus	oral	0.5275092124938965	845	2.926856708949692	0.109021924	0.5275092	0.11909702	0.07715185	0.16722004
ERR6096574	PRJEB42014	Ua061	0	oral	dental calculus	oral	0.4769256114959717	786	2.895422546039408	0.1143842	0.4769256	0.12294738	0.11761744	0.16812542
ERR6096575	PRJEB42014	Ua062	0	oral	dental calculus	gut	0.2749084234237671	5886	3.769820257763592	0.27627665	0.27490842	0.14536986	0.1395693	0.16387579
ERR6096576	PRJEB42014	Ua062	0	oral	dental calculus	gut	0.27347588539123535	6030	3.780317312140151	0.27914697	0.2734759	0.14494094	0.13883254	0.16360366
ERR6096579	PRJEB42014	Ua062	0	oral	dental calculus	gut	0.27161067724227905	6037	3.780821175853473	0.2802803	0.27161068	0.14469676	0.13992652	0.16348572
ERR6096580	PRJEB42014	Ua062	0	oral	dental calculus	gut	0.2724081873893738	6073	3.7834032811225633	0.2811165	0.2724082	0.14446522	0.13884139	0.16316871
ERR6096581	PRJEB42014	Ua063	0	oral	dental calculus	gut	0.2401886284351349	9309	3.968903030303828	0.3371206	0.24018863	0.13561259	0.1292601	0.15781811
ERR6096582	PRJEB42014	Ua063	0	oral	dental calculus	gut	0.23911169171333313	9386	3.972480549876476	0.33867046	0.23911169	0.13526592	0.12930788	0.15764406
ERR6096739	PRJEB42014	Ua063	0	oral	dental calculus	gut	0.23877525329589844	9358	3.9711830408561615	0.3383694	0.23877525	0.1354277	0.12969187	0.1577358
ERR6096740	PRJEB42014	Ua063	0	oral	dental calculus	gut	0.23732879757881165	9360	3.971275848738105	0.3397827	0.2373288	0.13530892	0.12989156	0.15768799
ERR6096741	PRJEB42014	Ua064	0	oral	dental calculus	oral	0.41574352979660034	3106	3.49220145139254	0.15238792	0.41574353	0.14417319	0.10403373	0.18366165
ERR6096742	PRJEB42014	Ua064	0	oral	dental calculus	oral	0.43045559525489807	3179	3.5022905279147727	0.14231375	0.4304556	0.1414828	0.100585505	0.1851624
ERR6096743	PRJEB42014	Ua064	0	oral	dental calculus	oral	0.42071303725242615	3103	3.491781775584166	0.14689423	0.42071304	0.1435363	0.10331502	0.1855414
ERR6096744	PRJEB42014	Ua064	0	oral	dental calculus	oral	0.4328228831291199	3203	3.5055569386638217	0.1409618	0.43282288	0.14117816	0.09984474	0.18519244
ERR6096745	PRJEB42014	Ua065	0	oral	dental calculus	oral	0.5602009892463684	1258	3.09968064110925	0.10050787	0.560201	0.11721625	0.04476445	0.17731042
ERR6096746	PRJEB42014	Ua065	0	oral	dental calculus	oral	0.5637629628181458	1274	3.1051694279993316	0.100874685	0.56376296	0.116150096	0.04265883	0.17655347
ERR6096747	PRJEB42014	Ua065	0	oral	dental calculus	oral	0.5608822107315063	1292	3.1112625136590655	0.10092181	0.5608822	0.11682484	0.043691378	0.17767975
ERR6096748	PRJEB42014	Ua065	0	oral	dental calculus	oral	0.558748722076416	1260	3.100370545117563	0.10153806	0.5587487	0.1173509	0.045057066	0.17730519
ERR6096749	PRJEB42014	Ua066	0	oral	dental calculus	oral	0.5665453672409058	269	2.429752280002408	0.10101996	0.56654537	0.11674825	0.041316755	0.1743696
ERR6096752	PRJEB42014	Ua066	0	oral	dental calculus	oral	0.5778775215148926	271	2.432969290874406	0.09773191	0.5778775	0.113534525	0.03759581	0.17326024
ERR6096755	PRJEB42014	Ua066	0	oral	dental calculus	oral	0.566633403301239	250	2.3979400086720375	0.10101737	0.5666334	0.11655915	0.041522674	0.17426738
ERR6096759	PRJEB42014	Ua066	0	oral	dental calculus	oral	0.5785351991653442	259	2.413299764081252	0.09738616	0.5785352	0.11357961	0.038034964	0.17246403
ERR6096760	PRJEB42014	Ua067	0	oral	dental calculus	oral	0.4130175709724426	950	2.9777236052888476	0.14929189	0.41301757	0.14432529	0.099644825	0.19372046
ERR6096762	PRJEB42014	Ua067	0	oral	dental calculus	oral	0.382807195186615	1027	3.0115704435972783	0.15700577	0.3828072	0.15063703	0.11131853	0.19823147
ERR6096764	PRJEB42014	Ua067	0	oral	dental calculus	oral	0.3913825452327728	1015	3.0064660422492318	0.15471336	0.39138255	0.14961898	0.10697682	0.1973083
ERR6096766	PRJEB42014	Ua067	0	oral	dental calculus	oral	0.373446524143219	1020	3.0086001717619175	0.15740685	0.37344652	0.15037568	0.116075195	0.20269576
ERR6096776	PRJEB42014	Ua068	0	oral	dental calculus	gut	0.27533993124961853	6290	3.798650645445269	0.30101404	0.27533993	0.13980885	0.121448316	0.16238892
ERR6096784	PRJEB42014	Ua068	0	oral	dental calculus	gut	0.27319595217704773	6410	3.8068580295188172	0.30345744	0.27319595	0.13957565	0.12163516	0.16213581
ERR6096796	PRJEB42014	Ua068	0	oral	dental calculus	gut	0.27607133984565735	6389	3.80543288813214	0.30025432	0.27607134	0.13992	0.12121248	0.16254188
ERR6096814	PRJEB42014	Ua068	0	oral	dental calculus	gut	0.27281054854393005	6431	3.808278509582768	0.30415398	0.27281055	0.13962893	0.121056005	0.16235054
ERR6096818	PRJEB42014	Ua069	0	oral	dental calculus	oral	0.4242111146450043	2675	3.427323786357247	0.14630596	0.4242111	0.1429765	0.101918235	0.18458822
ERR6096822	PRJEB42014	Ua069	0	oral	dental calculus	oral	0.43427926301956177	2709	3.4328090050331683	0.14271384	0.43427926	0.14125913	0.09743925	0.18430853
ERR6096826	PRJEB42014	Ua069	0	oral	dental calculus	oral	0.42701977491378784	2724	3.4352071032407476	0.14563766	0.42701977	0.14266846	0.10080971	0.18386444
ERR6096829	PRJEB42014	Ua069	0	oral	dental calculus	oral	0.4354832172393799	2727	3.43568513794163	0.14318949	0.43548322	0.14113519	0.09712009	0.183072
ERR6096835	PRJEB42014	Ua071	0	oral	dental calculus	oral	0.48167991638183594	1466	3.166133970305109	0.121773005	0.48167992	0.12500164	0.09928875	0.17225668
ERR6096842	PRJEB42014	Ua071	0	oral	dental calculus	oral	0.48586195707321167	1440	3.1583624920952498	0.12407835	0.48586196	0.1259604	0.09187962	0.17221968
ERR6096847	PRJEB42014	Ua071	0	oral	dental calculus	oral	0.41657203435897827	1460	3.164352855784437	0.1288911	0.41657203	0.13008651	0.1552735	0.16917679
ERR6096853	PRJEB42014	Ua071	0	oral	dental calculus	oral	0.49177655577659607	1449	3.1610683854711747	0.12191661	0.49177656	0.12509486	0.08675344	0.17445852
ERR6096886	PRJEB42014	Ua072	0	oral	dental calculus	oral	0.3828604221343994	4351	3.638589083292717	0.16876629	0.38286042	0.14822745	0.11925622	0.18088959
ERR6096922	PRJEB42014	Ua072	0	oral	dental calculus	oral	0.3830406665802002	4344	3.6378898165807905	0.16882153	0.38304067	0.14812641	0.11898033	0.18103108
ERR6096923	PRJEB42014	Ua072	0	oral	dental calculus	oral	0.37440013885498047	4366	3.6400837313731205	0.17448665	0.37440014	0.14917755	0.122596145	0.17933948
ERR6096924	PRJEB42014	Ua072	0	oral	dental calculus	oral	0.3830219805240631	4371	3.6405808064896528	0.16792223	0.38302198	0.14801499	0.120392665	0.18064809
ERR6096925	PRJEB42014	Ua073	0	oral	dental calculus	gut	0.25086602568626404	10134	4.005780899954653	0.3370129	0.25086603	0.13417196	0.11953044	0.15841863
ERR6096926	PRJEB42014	Ua073	0	oral	dental calculus	gut	0.25201231241226196	10134	4.005780899954653	0.33739322	0.2520123	0.13352808	0.118979074	0.15808727
ERR6096927	PRJEB42014	Ua073	0	oral	dental calculus	gut	0.24938419461250305	10206	4.008855563996213	0.3383012	0.2493842	0.13367161	0.12106836	0.15757461
ERR6096928	PRJEB42014	Ua073	0	oral	dental calculus	gut	0.2525973320007324	10232	4.009960531470598	0.33675072	0.25259733	0.13384876	0.118514396	0.15828879
ERR6096929	PRJEB42014	Ua074	0	oral	dental calculus	oral	0.3552517294883728	364	2.561101383649056	0.10268879	0.35525173	0.12877038	0.2503108	0.16297825
ERR6096930	PRJEB42014	Ua074	0	oral	dental calculus	oral	0.386528879404068	419	2.622214022966295	0.10644724	0.38652888	0.1278275	0.21833101	0.16086541
ERR6096931	PRJEB42014	Ua074	0	oral	dental calculus	oral	0.35077571868896484	427	2.630427875025024	0.10294844	0.35077572	0.12696266	0.255181	0.16413216
ERR6096932	PRJEB42014	Ua074	0	oral	dental calculus	oral	0.3611822724342346	389	2.5899496013257077	0.1036283	0.36118227	0.12900993	0.2441475	0.16203198
ERR6096933	PRJEB42014	Ua075	0	oral	dental calculus	oral	0.5626457929611206	704	2.847572659142112	0.10082158	0.5626458	0.117925145	0.039406594	0.17920087
ERR6096934	PRJEB42014	Ua075	0	oral	dental calculus	oral	0.5531649589538574	711	2.851869600729766	0.104172066	0.55316496	0.12041439	0.041766446	0.18048215
ERR6096935	PRJEB42014	Ua075	0	oral	dental calculus	oral	0.5586861968040466	708	2.850033257689769	0.10244809	0.5586862	0.11883883	0.040342472	0.17968443
ERR6096937	PRJEB42014	Ua075	0	oral	dental calculus	oral	0.5552482008934021	696	2.842609239610562	0.10364107	0.5552482	0.119993486	0.04142375	0.17969349
ERR6096955	PRJEB42014	Ua077	0	oral	dental calculus	gut	0.20942255854606628	15648	4.194458837443526	0.3701117	0.20942256	0.12854584	0.13428852	0.15763137
ERR6097155	PRJEB42014	Ua077	0	oral	dental calculus	gut	0.20987102389335632	15708	4.196120892598381	0.37006903	0.20987102	0.12851502	0.13390724	0.15763767
ERR6097156	PRJEB42014	Ua077	0	oral	dental calculus	gut	0.20998306572437286	15634	4.1940701076210996	0.36995518	0.20998307	0.12862629	0.13367313	0.15776233
ERR6097514	PRJEB42014	Ua077	0	oral	dental calculus	gut	0.20969395339488983	15602	4.193180273565345	0.36973548	0.20969395	0.12868313	0.13419583	0.15769163
ERR6097549	PRJEB42014	Ua079	0	oral	dental calculus	gut	0.24271385371685028	10172	4.007406351503671	0.3419597	0.24271385	0.13381954	0.12366495	0.15784195
ERR6097552	PRJEB42014	Ua079	0	oral	dental calculus	gut	0.2410900592803955	10199	4.008557591784247	0.34326226	0.24109006	0.13362533	0.12457123	0.15745118
ERR6097573	PRJEB42014	Ua079	0	oral	dental calculus	gut	0.24187302589416504	10119	4.005137595908864	0.3443612	0.24187303	0.13324086	0.12289618	0.15762872
ERR6097575	PRJEB42014	Ua079	0	oral	dental calculus	gut	0.24088935554027557	10141	4.006080782716094	0.34436235	0.24088936	0.13329825	0.124060296	0.15738976
ERR6097576	PRJEB42014	Ua082	0	oral	dental calculus	oral	0.5444944500923157	1247	3.0958664534785427	0.106088124	0.54449445	0.120908715	0.053445928	0.17506278
ERR6097577	PRJEB42014	Ua082	0	oral	dental calculus	oral	0.5511165857315063	1194	3.0770043267933502	0.103889324	0.5511166	0.11992283	0.04964267	0.17542863
ERR6097579	PRJEB42014	Ua082	0	oral	dental calculus	oral	0.5505401492118835	1232	3.090610707828407	0.10390599	0.55054015	0.119685195	0.05067591	0.17519274
ERR6097580	PRJEB42014	Ua082	0	oral	dental calculus	oral	0.5562368631362915	1209	3.0824263008607717	0.10230155	0.55623686	0.11845162	0.048277408	0.17473263
ERR6097581	PRJEB42014	Ua083	0	oral	dental calculus	gut	0.2222774475812912	11722	4.0690017170456	0.34173998	0.22227745	0.13833955	0.13692243	0.1607206
ERR6097583	PRJEB42014	Ua083	0	oral	dental calculus	gut	0.2195628136396408	11787	4.071403283531469	0.3456189	0.21956281	0.13732834	0.13722125	0.16026868
ERR6097619	PRJEB42014	Ua083	0	oral	dental calculus	gut	0.22174839675426483	11834	4.073131564940993	0.34390646	0.2217484	0.13752575	0.1365713	0.16024807
ERR6097621	PRJEB42014	Ua083	0	oral	dental calculus	gut	0.21975843608379364	11824	4.07276442105075	0.34447747	0.21975844	0.13777635	0.13745362	0.16053416
ERR6097622	PRJEB42014	Ua084	0	oral	dental calculus	gut	0.24150380492210388	8499	3.9293678292400998	0.33563048	0.2415038	0.13702999	0.12509765	0.16073805
ERR6097623	PRJEB42014	Ua084	0	oral	dental calculus	gut	0.24046628177165985	8488	3.928805370893284	0.33732048	0.24046628	0.13702825	0.12412858	0.16105638
ERR6097625	PRJEB42014	Ua084	0	oral	dental calculus	gut	0.24114863574504852	8405	3.9245377177754897	0.33738503	0.24114864	0.13676329	0.12390809	0.16079493
ERR6097626	PRJEB42014	Ua084	0	oral	dental calculus	gut	0.2440474033355713	8392	3.9238654751855013	0.33352885	0.2440474	0.13747156	0.12361753	0.16133468
ERR6097627	PRJEB42014	Ua088	0	oral	dental calculus	oral	0.27816057205200195	482	2.6830470382388496	0.12403476	0.27816057	0.13732001	0.24570768	0.21477695
ERR6097628	PRJEB42014	Ua088	0	oral	dental calculus	oral	0.31210845708847046	448	2.651278013998144	0.1296446	0.31210846	0.13999686	0.2095685	0.20868158
ERR6097629	PRJEB42014	Ua088	0	oral	dental calculus	oral	0.36674174666404724	426	2.629409599102719	0.12909524	0.36674175	0.14151514	0.17265055	0.18999733
ERR6097630	PRJEB42014	Ua088	0	oral	dental calculus	oral	0.32050392031669617	461	2.663700925389648	0.13504522	0.32050392	0.1442558	0.19808474	0.20211032
ERR6097759	PRJEB42014	Ua089	0	oral	dental calculus	gut	0.23024678230285645	9577	3.9812294874200007	0.35284987	0.23024678	0.13377671	0.12256491	0.16056171
ERR6098066	PRJEB42014	Ua089	0	oral	dental calculus	gut	0.22926564514636993	9652	3.984617313236748	0.35416633	0.22926565	0.13349964	0.12253077	0.16053763
ERR6098349	PRJEB42014	Ua089	0	oral	dental calculus	gut	0.2302737683057785	9596	3.982090239295793	0.35322702	0.23027377	0.13362665	0.122242786	0.16062978
ERR6098517	PRJEB42014	Ua089	0	oral	dental calculus	gut	0.23084589838981628	9681	3.9859202201235675	0.35346684	0.2308459	0.13346668	0.12178751	0.16043307
ERR6098519	PRJEB42014	Ua090	0	oral	dental calculus	gut	0.25675109028816223	5646	3.7517408738109004	0.3089881	0.2567511	0.14101513	0.13043235	0.1628133
ERR6098520	PRJEB42014	Ua090	0	oral	dental calculus	gut	0.2583959698677063	5702	3.756027212973441	0.31059512	0.25839597	0.14019124	0.12839803	0.16241965
ERR6098552	PRJEB42014	Ua090	0	oral	dental calculus	gut	0.26361361145973206	5650	3.7520484478194387	0.30575782	0.2636136	0.1404815	0.12735932	0.16278777
ERR6098553	PRJEB42014	Ua090	0	oral	dental calculus	gut	0.2620733678340912	5599	3.7481104674949837	0.30657476	0.26207337	0.14083426	0.12730555	0.16321206
ERR6098554	PRJEB42014	Ua091	0	oral	dental calculus	oral	0.50071781873703	1797	3.2545480771089736	0.11733899	0.5007178	0.12805319	0.07295145	0.18093857
ERR6098555	PRJEB42014	Ua091	0	oral	dental calculus	oral	0.5105670690536499	1828	3.2619761913978125	0.11489463	0.51056707	0.12672049	0.06772346	0.18009427
ERR6098556	PRJEB42014	Ua091	0	oral	dental calculus	oral	0.506989598274231	1832	3.2629254693318317	0.114932016	0.5069896	0.126881	0.07068502	0.1805124
ERR6098557	PRJEB42014	Ua091	0	oral	dental calculus	oral	0.4952329099178314	1772	3.248463717551032	0.11828532	0.4952329	0.12938693	0.074863665	0.18223113
ERR6098559	PRJEB42014	Ua095	0	oral	dental calculus	gut	0.23371922969818115	10087	4.003762020828246	0.34378234	0.23371923	0.1344846	0.13065158	0.15736221
ERR6098560	PRJEB42014	Ua095	0	oral	dental calculus	gut	0.2319389283657074	10118	4.005094675072549	0.34529954	0.23193893	0.13439757	0.13096522	0.15739878
ERR6098730	PRJEB42014	Ua095	0	oral	dental calculus	gut	0.2324882447719574	10057	4.002468450128332	0.34528238	0.23248824	0.13433495	0.13060543	0.15728901
ERR6098929	PRJEB42014	Ua095	0	oral	dental calculus	gut	0.23281797766685486	10021	4.000911062131223	0.34557584	0.23281798	0.13416696	0.13024655	0.1571927
ERR6098930	PRJEB42014	Ua096	0	oral	dental calculus	gut	0.2658877968788147	5849	3.7670816213633223	0.3041001	0.2658878	0.13995752	0.13036542	0.15968916
ERR6098932	PRJEB42014	Ua096	0	oral	dental calculus	gut	0.2609124779701233	5935	3.77342072329061	0.30719268	0.26091248	0.14017877	0.13213453	0.15958153
ERR6098934	PRJEB42014	Ua096	0	oral	dental calculus	gut	0.2656831741333008	5901	3.7709256146389993	0.30382815	0.26568317	0.13999316	0.13095224	0.15954325
ERR6098936	PRJEB42014	Ua096	0	oral	dental calculus	gut	0.26560676097869873	5788	3.762528522447	0.30166754	0.26560676	0.14072727	0.13204136	0.15995708
ERR6098937	PRJEB42014	Ua097	0	oral	dental calculus	oral	0.2988061308860779	602	2.7795964912578244	0.13626583	0.29880613	0.14160125	0.17643046	0.24689636
ERR6098938	PRJEB42014	Ua097	0	oral	dental calculus	oral	0.3210829794406891	635	2.8027737252919755	0.14731392	0.32108298	0.14952552	0.15493034	0.22714722
ERR6098939	PRJEB42014	Ua097	0	oral	dental calculus	oral	0.2748590111732483	588	2.7693773260761385	0.1435328	0.274859	0.14393148	0.18644099	0.25123572
ERR6098940	PRJEB42014	Ua097	0	oral	dental calculus	oral	0.32000067830085754	618	2.790988475088816	0.14391677	0.32000068	0.1479215	0.15980917	0.2283519
ERR6098982	PRJEB42014	Ua098	0	oral	dental calculus	oral	0.30372244119644165	5205	3.716420733846555	0.25312108	0.30372244	0.14737517	0.12758835	0.16819298
ERR6098983	PRJEB42014	Ua098	0	oral	dental calculus	oral	0.2986282408237457	5311	3.725176301419137	0.25717843	0.29862824	0.14755693	0.12825975	0.16837665
ERR6098984	PRJEB42014	Ua098	0	oral	dental calculus	oral	0.31080272793769836	5163	3.7129021250472225	0.24583423	0.31080273	0.14782295	0.1268792	0.16866086
ERR6098985	PRJEB42014	Ua098	0	oral	dental calculus	oral	0.3071954846382141	5191	3.7152510288788494	0.24855617	0.30719548	0.14825994	0.12654571	0.16944274
ERR6098990	PRJEB42014	Ua100	0	oral	dental calculus	oral	0.32859641313552856	526	2.7209857441537393	0.11403841	0.3285964	0.12132237	0.2802858	0.15575701
ERR6099166	PRJEB42014	Ua100	0	oral	dental calculus	oral	0.3529279828071594	544	2.73559889969818	0.11356057	0.35292798	0.12103307	0.2524522	0.16002618
ERR6099349	PRJEB42014	Ua100	0	oral	dental calculus	oral	0.3409636318683624	508	2.7058637122839193	0.1139608	0.34096363	0.12101319	0.26575553	0.15830684
ERR6099809	PRJEB42014	Ua100	0	oral	dental calculus	oral	0.3605726659297943	522	2.717670503002262	0.11371545	0.36057267	0.12091515	0.24273217	0.16206455
ERR6099810	PRJEB42014	Ua101	0	oral	dental calculus	oral	0.30897533893585205	4803	3.681512586638962	0.24088225	0.30897534	0.14671293	0.13707979	0.16634968
ERR6099811	PRJEB42014	Ua101	0	oral	dental calculus	oral	0.30211737751960754	4829	3.6838572054003462	0.24190815	0.30211738	0.1466416	0.14371216	0.16562071
ERR6099812	PRJEB42014	Ua101	0	oral	dental calculus	oral	0.3043617606163025	4732	3.675044735955893	0.23817591	0.30436176	0.14661615	0.14441042	0.16643575
ERR6099813	PRJEB42014	Ua101	0	oral	dental calculus	oral	0.3048170208930969	4793	3.680607428991788	0.23906684	0.30481702	0.14678572	0.14277618	0.16655426
ERR6099814	PRJEB42014	Ua104	0	oral	dental calculus	gut	0.222441628575325	10933	4.038739348104749	0.35413808	0.22244163	0.13356267	0.13239503	0.15746263
ERR6099815	PRJEB42014	Ua104	0	oral	dental calculus	gut	0.22319070994853973	11042	4.043047742804119	0.35426536	0.22319071	0.13327482	0.13200703	0.15726204
ERR6099816	PRJEB42014	Ua104	0	oral	dental calculus	gut	0.22252774238586426	10922	4.038302172199525	0.3543828	0.22252774	0.1334075	0.13233204	0.15734994
ERR6099817	PRJEB42014	Ua104	0	oral	dental calculus	gut	0.22183629870414734	10922	4.038302172199525	0.35535556	0.2218363	0.13323401	0.13223837	0.1573357
ERR6099818	PRJEB42014	Ua105	0	oral	dental calculus	gut	0.2396276295185089	9247	3.966000857628784	0.3349625	0.23962763	0.13573875	0.13159494	0.1580762
ERR6099824	PRJEB42014	Ua105	0	oral	dental calculus	gut	0.23772163689136505	9335	3.970114322285097	0.3358928	0.23772164	0.13586864	0.13233069	0.15818626
ERR6099825	PRJEB42014	Ua105	0	oral	dental calculus	gut	0.23954303562641144	9273	3.9672202597829673	0.33613008	0.23954304	0.13550994	0.13093267	0.15788433
ERR6099826	PRJEB42014	Ua105	0	oral	dental calculus	gut	0.2414305955171585	9224	3.9649192942866427	0.33454412	0.2414306	0.13572074	0.13032088	0.1579837
ERR6101230	PRJEB42014	Ua106	0	oral	dental calculus	gut	0.23132972419261932	6502	3.8130469651601078	0.34252447	0.23132972	0.13586494	0.13013908	0.1601417
ERR6108965	PRJEB42014	Ua106	0	oral	dental calculus	gut	0.23187017440795898	6505	3.813247300897605	0.3423311	0.23187017	0.13583308	0.1297701	0.1601955
ERR6108966	PRJEB42014	Ua106	0	oral	dental calculus	gut	0.23288187384605408	6430	3.808210972924222	0.34147868	0.23288187	0.13600567	0.12923476	0.160399
ERR6108967	PRJEB42014	Ua106	0	oral	dental calculus	gut	0.23314711451530457	6446	3.8092903011763157	0.3410269	0.23314711	0.13596392	0.129733	0.1601291
ERR6108968	PRJEB42014	Ua107	0	oral	dental calculus	gut	0.26533597707748413	5421	3.734079407280594	0.2893502	0.26533598	0.14442225	0.1381336	0.1627579
ERR6108969	PRJEB42014	Ua107	0	oral	dental calculus	gut	0.25992006063461304	5477	3.7385427409287852	0.28934452	0.25992006	0.1457581	0.14085951	0.16411784
ERR6108970	PRJEB42014	Ua107	0	oral	dental calculus	gut	0.2695557475090027	5389	3.7315081835960253	0.28482074	0.26955575	0.14466326	0.13815296	0.1628073
ERR6108971	PRJEB42014	Ua107	0	oral	dental calculus	gut	0.26640892028808594	5391	3.7316693318286362	0.28566858	0.26640892	0.14509916	0.1393801	0.16344324
ERR6108972	PRJEB42014	Ua108	0	oral	dental calculus	gut	0.24144110083580017	9770	3.989894563718773	0.32616478	0.2414411	0.13913551	0.13311969	0.16013892
ERR6108973	PRJEB42014	Ua108	0	oral	dental calculus	gut	0.2410178929567337	9866	3.9941411111261225	0.32577786	0.2410179	0.13950853	0.13329546	0.16040023
ERR6108974	PRJEB42014	Ua108	0	oral	dental calculus	gut	0.24093163013458252	9778	3.990250032927817	0.32560918	0.24093163	0.13928826	0.13382116	0.16034979
ERR6108975	PRJEB42014	Ua108	0	oral	dental calculus	gut	0.24120564758777618	9739	3.988514365833666	0.32565412	0.24120565	0.13929439	0.13357736	0.16026852
ERR6108976	PRJEB42014	Ua112	0	oral	dental calculus	gut	0.26039886474609375	8103	3.9086458389071135	0.3019558	0.26039886	0.14107876	0.13513775	0.16142888
ERR6108977	PRJEB42014	Ua112	0	oral	dental calculus	gut	0.26080793142318726	8207	3.9141844334232463	0.3023937	0.26080793	0.14090721	0.13460894	0.16128217
ERR6108978	PRJEB42014	Ua112	0	oral	dental calculus	gut	0.2610399127006531	8032	3.9048236998009442	0.3006541	0.2610399	0.14126505	0.13549754	0.16154338
ERR6108979	PRJEB42014	Ua112	0	oral	dental calculus	gut	0.2616613805294037	8077	3.9072500828813284	0.30046782	0.26166138	0.14131534	0.13503173	0.16152373
ERR6108980	PRJEB42014	Ua117	0	oral	dental calculus	gut	0.21627922356128693	10683	4.028693228393916	0.35816532	0.21627922	0.13282464	0.13504903	0.15768173
ERR6108981	PRJEB42014	Ua117	0	oral	dental calculus	gut	0.21516723930835724	10676	4.02840856511547	0.3593361	0.21516724	0.13263968	0.1349388	0.15791817
ERR6108982	PRJEB42014	Ua117	0	oral	dental calculus	gut	0.21667921543121338	10718	4.030113752707593	0.3586655	0.21667922	0.13272052	0.13408567	0.15784915
ERR6108983	PRJEB42014	Ua117	0	oral	dental calculus	gut	0.21664738655090332	10626	4.026369811573718	0.35766557	0.21664739	0.133033	0.13492459	0.15772948
ERR6108984	PRJEB42014	Ua119	0	oral	dental calculus	gut	0.25502079725265503	8263	3.917137752756444	0.3066628	0.2550208	0.14165017	0.13471225	0.16195393
ERR6108985	PRJEB42014	Ua119	0	oral	dental calculus	gut	0.25264209508895874	8279	3.917977882592908	0.30919194	0.2526421	0.14152291	0.13467628	0.16196676
ERR6108986	PRJEB42014	Ua119	0	oral	dental calculus	gut	0.25459688901901245	8240	3.9159272116971158	0.30907476	0.2545969	0.14109239	0.13372572	0.16151026
ERR6108987	PRJEB42014	Ua119	0	oral	dental calculus	gut	0.2531152367591858	8254	3.9166644645413973	0.30935505	0.25311524	0.14130041	0.13449678	0.16173252
ERR6108988	PRJEB42014	Ua121	0	oral	dental calculus	oral	0.405453622341156	4453	3.648652695131223	0.16067834	0.40545362	0.14668861	0.10007932	0.18710013
ERR6108989	PRJEB42014	Ua121	0	oral	dental calculus	oral	0.4096125066280365	4579	3.660770643527697	0.15912488	0.4096125	0.14621705	0.09737323	0.18767229
ERR6108990	PRJEB42014	Ua121	0	oral	dental calculus	oral	0.4155377447605133	4493	3.6525364185930256	0.15655898	0.41553774	0.14517577	0.09597913	0.18674843
ERR6108991	PRJEB42014	Ua121	0	oral	dental calculus	oral	0.4088442325592041	4452	3.6485551556626707	0.15905139	0.40884423	0.14642754	0.0991631	0.18651368
ERR6108992	PRJEB42014	Ua125	0	oral	dental calculus	gut	0.2735295593738556	6668	3.8239955911559678	0.30156043	0.27352956	0.14032555	0.1222656	0.16231887
ERR6108993	PRJEB42014	Ua125	0	oral	dental calculus	gut	0.2730015218257904	6740	3.82865989653532	0.3034833	0.27300152	0.14021793	0.120554924	0.16274235
ERR6108994	PRJEB42014	Ua125	0	oral	dental calculus	gut	0.27288490533828735	6596	3.8192806469724814	0.30373436	0.2728849	0.14021124	0.120464884	0.16270463
ERR6108995	PRJEB42014	Ua125	0	oral	dental calculus	gut	0.2739449441432953	6635	3.821840927200454	0.30046704	0.27394494	0.14119264	0.12080212	0.16359323
ERR6108996	PRJEB42014	Ua127	0	oral	dental calculus	gut	0.23640024662017822	7932	3.8993827055332653	0.30906457	0.23640025	0.14392409	0.14650929	0.1641018
ERR6108997	PRJEB42014	Ua127	0	oral	dental calculus	gut	0.23556728661060333	7953	3.900530982452756	0.30919418	0.23556729	0.14389178	0.14727803	0.16406873
ERR6108998	PRJEB42014	Ua127	0	oral	dental calculus	gut	0.23717527091503143	7988	3.902438056198665	0.3118542	0.23717527	0.14333025	0.14394262	0.16369763
ERR6109000	PRJEB42014	Ua127	0	oral	dental calculus	gut	0.23600110411643982	8005	3.9033613362553186	0.31224006	0.2360011	0.14316212	0.14510587	0.16349082
ERR6109001	PRJEB42014	Ua128	0	oral	dental calculus	gut	0.2520689368247986	8828	3.9458623244896174	0.30460632	0.25206894	0.14396004	0.1362918	0.16307285
ERR6109002	PRJEB42014	Ua128	0	oral	dental calculus	gut	0.25033244490623474	8853	3.947090464219622	0.3075726	0.25033244	0.14354405	0.13579012	0.16276073
ERR6109003	PRJEB42014	Ua128	0	oral	dental calculus	gut	0.24926090240478516	8844	3.9466487339066765	0.309743	0.2492609	0.14288247	0.13574472	0.16236892
ERR6109004	PRJEB42014	Ua128	0	oral	dental calculus	gut	0.25015440583229065	8873	3.948070481518941	0.30932647	0.2501544	0.14299563	0.13511303	0.16241047
ERR6109005	PRJEB42014	Ua129	0	oral	dental calculus	gut	0.2546836733818054	8460	3.9273703630390235	0.32378107	0.25468367	0.138818	0.12020133	0.16251595
ERR6109010	PRJEB42014	Ua129	0	oral	dental calculus	gut	0.25417467951774597	8591	3.9340437190355253	0.3235479	0.25417468	0.13882898	0.1209499	0.1624986
ERR6109011	PRJEB42014	Ua129	0	oral	dental calculus	gut	0.2555895149707794	8433	3.925982100327103	0.32499522	0.25558951	0.1379182	0.11969131	0.16180578
ERR6109012	PRJEB42014	Ua129	0	oral	dental calculus	gut	0.2570367455482483	8432	3.9259305978684713	0.32251102	0.25703675	0.13850573	0.1196876	0.16225891
ERR6109013	PRJEB42014	Ua130	0	oral	dental calculus	oral	0.4662308096885681	1309	3.116939646550756	0.13090532	0.4662308	0.13314886	0.081903294	0.18781167
ERR6109014	PRJEB42014	Ua130	0	oral	dental calculus	oral	0.4838746190071106	1306	3.115943176939055	0.12534568	0.48387462	0.13065554	0.07476266	0.18536156
ERR6109015	PRJEB42014	Ua130	0	oral	dental calculus	oral	0.480552613735199	1291	3.1109262422664203	0.12750682	0.4805526	0.1312867	0.07486282	0.18579103
ERR6109016	PRJEB42014	Ua130	0	oral	dental calculus	oral	0.48708638548851013	1342	3.1277525158329733	0.12575051	0.4870864	0.1303574	0.072712325	0.18409336
ERR6109017	PRJEB42014	Ua131	0	oral	dental calculus	gut	0.24422875046730042	8266	3.9172954009456893	0.32756966	0.24422875	0.13725077	0.13221465	0.15873614
ERR6109019	PRJEB42014	Ua131	0	oral	dental calculus	gut	0.24684739112854004	8294	3.918764031027999	0.32727844	0.24684739	0.13683136	0.13064608	0.15839672
ERR6109020	PRJEB42014	Ua131	0	oral	dental calculus	gut	0.24279186129570007	8375	3.9229848157088827	0.32803413	0.24279186	0.13757285	0.132588	0.15901312
ERR6109021	PRJEB42014	Ua131	0	oral	dental calculus	gut	0.2453385889530182	8335	3.920905604164024	0.32761064	0.24533859	0.13712078	0.13140854	0.15852144
ERR6109022	PRJEB42014	Ua133	0	oral	dental calculus	oral	0.42741864919662476	3163	3.500099191915723	0.14815842	0.42741865	0.14267673	0.10010278	0.1816434
ERR6109023	PRJEB42014	Ua133	0	oral	dental calculus	oral	0.4093298017978668	3252	3.5121505369220305	0.15690355	0.4093298	0.1457144	0.10666527	0.18138695
ERR6109024	PRJEB42014	Ua133	0	oral	dental calculus	oral	0.4197766184806824	3196	3.5046067706419537	0.1522106	0.41977662	0.14459231	0.10027709	0.1831434
ERR6109025	PRJEB42014	Ua133	0	oral	dental calculus	oral	0.4048239290714264	3309	3.519696767159853	0.1593538	0.40482393	0.1459698	0.10948175	0.18037073
ERR6109027	PRJEB42014	Ua134	0	oral	dental calculus	gut	0.22703953087329865	9654	3.984707294482673	0.33933234	0.22703953	0.1373185	0.13650014	0.15980951
ERR6109028	PRJEB42014	Ua134	0	oral	dental calculus	gut	0.22471244633197784	9689	3.9862789559059912	0.3420434	0.22471245	0.13682726	0.13693874	0.15947816
ERR6109049	PRJEB42014	Ua134	0	oral	dental calculus	gut	0.2247086465358734	9644	3.984257201705416	0.34329587	0.22470865	0.13652262	0.13618648	0.15928647
ERR6109050	PRJEB42014	Ua134	0	oral	dental calculus	gut	0.22804291546344757	9604	3.9824521513849898	0.34049398	0.22804292	0.1367648	0.13541964	0.15927866
ERR6109051	PRJEB42014	Ua135	0	oral	dental calculus	oral	0.5360884070396423	1235	3.0916669575956846	0.10690252	0.5360884	0.12614062	0.04918144	0.18168703
ERR6109053	PRJEB42014	Ua135	0	oral	dental calculus	oral	0.5467806458473206	1285	3.1089031276673134	0.10268877	0.54678065	0.123572186	0.04579404	0.18116441
ERR6109054	PRJEB42014	Ua135	0	oral	dental calculus	oral	0.5394943952560425	1212	3.0835026198302673	0.10511329	0.5394944	0.12559813	0.04937589	0.18041833
ERR6109055	PRJEB42014	Ua135	0	oral	dental calculus	oral	0.5470092296600342	1217	3.085290578230065	0.102374576	0.5470092	0.12421237	0.046731796	0.17967203
ERR6109056	PRJEB42014	Ua136	0	oral	dental calculus	oral	0.2905123233795166	3803	3.5801263254115825	0.21535484	0.29051232	0.15392622	0.16606878	0.1741378
ERR6109057	PRJEB42014	Ua136	0	oral	dental calculus	oral	0.29263922572135925	3964	3.598133645813238	0.21480441	0.29263923	0.15367177	0.16490664	0.173978
ERR6109058	PRJEB42014	Ua136	0	oral	dental calculus	oral	0.2919611632823944	4006	3.6027109449575576	0.21261653	0.29196116	0.153689	0.16756937	0.17416391
ERR6109059	PRJEB42014	Ua136	0	oral	dental calculus	oral	0.2891251742839813	3950	3.59659709562646	0.21515083	0.28912517	0.1536511	0.16824657	0.17382634
ERR8050978	PRJEB37995	SK92	0	oral	dental calculus	oral	0.5491595268249512	108794	5.036604944638409	0.11842744	0.5491595	0.1359533	0.049973868	0.14648582
SRR1047998	PRJNA230469	4.453	0	gut	palaeofaeces	oral	0.14399513602256775	29	1.462397997898956	0.14399514	0.2991425	0.14059186	0.21212038	0.20415011
SRR17604731	PRJNA791766	Fer.T65	0	oral	dental calculus	oral	0.2913108468055725	38054	4.580400313843089	0.19810586	0.29131085	0.16103528	0.16096675	0.18858123
SRR17604732	PRJNA791766	Fer.T64	0	oral	dental calculus	oral	0.5208420753479004	104627	5.019643772847548	0.12361212	0.5208421	0.14284433	0.05585759	0.15684389
SRR17604735	PRJNA791766	US1056_II	0	oral	dental calculus	oral	0.46494072675704956	88689	4.947869758100649	0.13664988	0.46494073	0.15355285	0.074242994	0.17061351
SRR17604736	PRJNA791766	US1056_I	0	oral	dental calculus	oral	0.5027496218681335	103186	5.0136207773765085	0.1272704	0.5027496	0.14634803	0.061457377	0.16217461
SRR17604737	PRJNA791766	US1054	0	oral	dental calculus	oral	0.4786950945854187	97894	4.990756074369588	0.1337323	0.4786951	0.15074256	0.06875579	0.1680742
SRR17604738	PRJNA791766	US1034	0	oral	dental calculus	oral	0.4061519205570221	42268	4.62601169875135	0.15674174	0.40615192	0.15552425	0.0962883	0.18529381
SRR17604739	PRJNA791766	TR177	0	oral	dental calculus	oral	0.46390852332115173	92499	4.966137037638173	0.13605462	0.46390852	0.152892	0.07441066	0.17273419
SRR17604740	PRJNA791766	TR175	0	oral	dental calculus	oral	0.39189058542251587	95473	4.979880569396112	0.16121128	0.3918906	0.16216965	0.1042488	0.18047966
SRR17604741	PRJNA791766	DEL77	0	oral	dental calculus	oral	0.2854776680469513	30787	4.488367371692332	0.19988641	0.28547767	0.16076612	0.1650459	0.18882391
SRR17604742	PRJNA791766	Tar.T71	0	oral	dental calculus	oral	0.4941268861293793	90732	4.957760484109844	0.12684049	0.4941269	0.14768752	0.06456207	0.16678306
SRR17604743	PRJNA791766	Tar.T68	0	oral	dental calculus	oral	0.4407157003879547	80155	4.903930618451621	0.14238164	0.4407157	0.15595387	0.086064525	0.17488427
SRR17604744	PRJNA791766	Tar.T67	0	oral	dental calculus	oral	0.3413122594356537	59791	4.776635817023597	0.180733	0.34131226	0.16235629	0.13075577	0.18484266
SRR17604745	PRJNA791766	Rip.USD697	0	oral	dental calculus	oral	0.40316805243492126	86907	4.939054758484775	0.15757845	0.40316805	0.15935916	0.100831375	0.17906295
SRR17604746	PRJNA791766	Rip.USD691.B	0	oral	dental calculus	oral	0.38429784774780273	77537	4.889508993619212	0.16362742	0.38429785	0.16138339	0.109501556	0.18118972
SRR17604747	PRJNA791766	Rip.USD691.A	0	oral	dental calculus	oral	0.4578717350959778	100649	5.002809464305256	0.14206609	0.45787174	0.15390296	0.0775059	0.1686533
SRR17604748	PRJNA791766	Rip.USD688.24	0	oral	dental calculus	oral	0.3929550349712372	85005	4.9294444716971775	0.16095074	0.39295503	0.16017713	0.10523512	0.18068199
SRR17604749	PRJNA791766	Rip.USD688.17	0	oral	dental calculus	oral	0.4638294279575348	101929	5.008297763478044	0.13925985	0.46382943	0.15288076	0.0747842	0.16924573
SRR17604750	PRJNA791766	Rip.USD688	0	oral	dental calculus	oral	0.45978793501853943	101812	5.007798968832212	0.14058092	0.45978794	0.15397212	0.0763201	0.16933897
SRR17604751	PRJNA791766	Rip.USD687	0	oral	dental calculus	oral	0.4718458652496338	100749	5.00324074417655	0.13738218	0.47184587	0.15115102	0.07203544	0.16758554
SRR17604752	PRJNA791766	CND92	0	oral	dental calculus	oral	0.44402289390563965	97281	4.9880280262815555	0.14278558	0.4440229	0.15673305	0.081192546	0.17526591
SRR17604753	PRJNA791766	Rip.USD628	0	oral	dental calculus	oral	0.44246330857276917	89743	4.953000583379232	0.14658749	0.4424633	0.15578642	0.08328015	0.17188266
SRR17604754	PRJNA791766	Rip.USD625	0	oral	dental calculus	gut	0.015892431139945984	528	2.722633922533812	0.39404193	0.015892431	0.14485124	0.28942084	0.15579358
SRR17604755	PRJNA791766	Rip.USD618	0	oral	dental calculus	oral	0.41560372710227966	77117	4.887150126330618	0.15195909	0.41560373	0.16124043	0.09370762	0.17748913
SRR17604756	PRJNA791766	Rip.USD613	0	oral	dental calculus	oral	0.4685553014278412	101028	5.00444175556706	0.1393651	0.4685553	0.15128714	0.07341194	0.16738054
SRR17604757	PRJNA791766	Rip.USD527	0	oral	dental calculus	oral	0.532619297504425	84152	4.925064442102004	0.113217734	0.5326193	0.13864878	0.054329187	0.161185
SRR17604758	PRJNA791766	Rip.USD41	0	oral	dental calculus	oral	0.4192322790622711	93903	4.972679467267531	0.15144774	0.41923228	0.15991504	0.092745595	0.17665933
SRR17604759	PRJNA791766	Rip.USD360	0	oral	dental calculus	oral	0.44099798798561096	94410	4.975017997632882	0.14682119	0.440998	0.15636927	0.08350482	0.1723067
SRR17604760	PRJNA791766	Rip.USD359	0	oral	dental calculus	oral	0.4865296483039856	102687	5.011515466132567	0.1344156	0.48652965	0.14953807	0.0681531	0.16136363
SRR17604761	PRJNA791766	Rip.USD35	0	oral	dental calculus	oral	0.38364043831825256	74017	4.869331478626574	0.16187708	0.38364044	0.16222599	0.10863129	0.18362519
SRR17604762	PRJNA791766	Rip.USD346	0	oral	dental calculus	oral	0.48139840364456177	104753	5.020166469488347	0.1352025	0.4813984	0.15023239	0.069225945	0.16394079
SRR17604763	PRJNA791766	CND91	0	oral	dental calculus	oral	0.5002272129058838	96473	4.984405783895757	0.12760134	0.5002272	0.14598227	0.06258185	0.16360733
SRR17604764	PRJNA791766	Rip.USD304	0	oral	dental calculus	oral	0.40787187218666077	42144	4.62473575328169	0.1530396	0.40787187	0.15384272	0.1012301	0.18401569
SRR17604765	PRJNA791766	PC-T9	0	oral	dental calculus	oral	0.31380119919776917	21635	4.335156899534743	0.17549995	0.3138012	0.15766041	0.16284291	0.1901955
SRR17604766	PRJNA791766	PC-T5	0	oral	dental calculus	oral	0.29575926065444946	26345	4.420698202908807	0.19090085	0.29575926	0.15884733	0.16614147	0.18835106
SRR17604767	PRJNA791766	PC-T3	0	oral	dental calculus	oral	0.27183860540390015	32084	4.506288507668041	0.20023084	0.2718386	0.16153719	0.17470118	0.19169219
SRR17604768	PRJNA791766	PC-T12	0	oral	dental calculus	oral	0.28931131958961487	24484	4.38888237082715	0.19698605	0.28931132	0.15894923	0.16288681	0.19186662
SRR17604769	PRJNA791766	PC-T11	0	oral	dental calculus	oral	0.29106247425079346	28129	4.449154293053878	0.1906145	0.29106247	0.15975699	0.16739503	0.191171
SRR17604770	PRJNA791766	PC-T10Bis	0	oral	dental calculus	oral	0.29266756772994995	29509	4.469954492392521	0.19037771	0.29266757	0.15914607	0.16722801	0.19058065
SRR17604771	PRJNA791766	PA.39	0	oral	dental calculus	oral	0.4336138367652893	39598	4.59767325130686	0.146849	0.43361384	0.15738192	0.08355209	0.17860325
SRR17604772	PRJNA791766	PA.38	0	oral	dental calculus	oral	0.3420298993587494	39327	4.59469081818349	0.18041414	0.3420299	0.16209273	0.13005763	0.18540557
SRR17604773	PRJNA791766	PA.25	0	oral	dental calculus	oral	0.46838951110839844	4989	3.6980135039391815	0.13761379	0.4683895	0.14022161	0.062194176	0.19158092
SRR17604774	PRJNA791766	CND86	0	oral	dental calculus	oral	0.32336992025375366	36285	4.559727127417561	0.18616346	0.32336992	0.1615809	0.14240047	0.18648526
SRR17604775	PRJNA791766	PA.157	0	oral	dental calculus	oral	0.3700762391090393	55014	4.740473223113228	0.16897768	0.37007624	0.1601656	0.11637726	0.18440323
SRR17604776	PRJNA791766	PA.150	0	oral	dental calculus	oral	0.3669055998325348	69505	4.8420160476736065	0.16860576	0.3669056	0.16371459	0.11723995	0.18353412
SRR17604777	PRJNA791766	PA.140	0	oral	dental calculus	oral	0.47998833656311035	92883	4.967936234103523	0.13239208	0.47998834	0.15035191	0.068648376	0.1686193
SRR17604778	PRJNA791766	PA.14 B	0	oral	dental calculus	oral	0.3624933063983917	28003	4.447204560401268	0.17529526	0.3624933	0.15685555	0.12153305	0.18382284
SRR17604779	PRJNA791766	PA.133	0	oral	dental calculus	oral	0.3298232853412628	57306	4.758200095448601	0.1842388	0.3298233	0.16392997	0.13701363	0.18499431
SRR17604780	PRJNA791766	PA.12	0	oral	dental calculus	oral	0.5734550952911377	29794	4.47412881343021	0.11134468	0.5734551	0.11419131	0.038316905	0.16269204
SRR17604781	PRJNA791766	P.T8.2	0	oral	dental calculus	oral	0.2911183536052704	45816	4.661017170105273	0.19851038	0.29111835	0.1612893	0.16119465	0.18788727
SRR17604782	PRJNA791766	P.T7c	0	oral	dental calculus	oral	0.40234699845314026	71589	4.85484629596281	0.15347485	0.402347	0.16128817	0.09889332	0.18399663
SRR17604783	PRJNA791766	P.T3S	0	oral	dental calculus	skeletal tissue	0.28768110275268555	1961	3.292477593667784	0.101718664	0.2876811	0.11997251	0.31120846	0.1794193
SRR17604784	PRJNA791766	P.T3N	0	oral	dental calculus	oral	0.35182705521583557	60555	4.782150008465996	0.17637552	0.35182706	0.161315	0.1264886	0.18399383
SRR17604785	PRJNA791766	CND43	0	oral	dental calculus	oral	0.420049250125885	93101	4.968954345773496	0.15164368	0.42004925	0.159201	0.09093015	0.17817593
SRR17604786	PRJNA791766	P.T10.8	0	oral	dental calculus	oral	0.44923514127731323	97492	4.988968979817504	0.14269571	0.44923514	0.15522917	0.07998818	0.17285177
SRR17604787	PRJNA791766	P.T10.65	0	oral	dental calculus	oral	0.39730504155158997	82011	4.913872107492314	0.15536936	0.39730504	0.16206416	0.10150783	0.18375358
SRR17604788	PRJNA791766	P.T10.45	0	oral	dental calculus	oral	0.41935500502586365	79557	4.900678398031954	0.14789347	0.419355	0.15964799	0.09186391	0.18123963
SRR17604789	PRJNA791766	P.T10.10	0	oral	dental calculus	oral	0.45079660415649414	82249	4.915130626413841	0.13857724	0.4507966	0.15448503	0.07931487	0.17682621
SRR17604790	PRJNA791766	P.T10.1	0	oral	dental calculus	oral	0.5435417294502258	28999	4.462383021968959	0.11717492	0.5435417	0.12446544	0.04012885	0.17468914
SRR17604791	PRJNA791766	MELT3	0	oral	dental calculus	oral	0.49256953597068787	105823	5.024580069282389	0.13330242	0.49256954	0.14764827	0.06580791	0.16067186
SRR17604792	PRJNA791766	MELT2	0	oral	dental calculus	oral	0.5058563351631165	105516	5.023318319205723	0.12783821	0.50585634	0.1454587	0.06054621	0.16030054
SRR17604793	PRJNA791766	MELT1	0	oral	dental calculus	oral	0.4915994703769684	104391	5.018663057872918	0.13342151	0.49159947	0.14826569	0.06606464	0.16064873
SRR17604794	PRJNA791766	Kock	0	oral	dental calculus	oral	0.2792840301990509	31137	4.493276766671117	0.20011094	0.27928403	0.16129342	0.16955008	0.18976155
SRR17604795	PRJNA791766	GR.T8	0	oral	dental calculus	oral	0.5163871049880981	105000	5.021189299069938	0.12629092	0.5163871	0.14322993	0.057801772	0.15629031
SRR17604796	PRJNA791766	CND40_IDB	0	oral	dental calculus	oral	0.42431187629699707	88914	4.948970148417312	0.1494287	0.42431188	0.1599957	0.09031636	0.17594734
SRR17604797	PRJNA791766	GR.T34b	0	oral	dental calculus	oral	0.46239638328552246	100713	5.003085532756878	0.13719167	0.46239638	0.15373412	0.074770585	0.17190726
SRR17604798	PRJNA791766	GR.T34a	0	oral	dental calculus	oral	0.45548781752586365	93402	4.9703561757982335	0.14032352	0.45548782	0.1546784	0.07763439	0.17187588
SRR17604799	PRJNA791766	GR.T16	0	oral	dental calculus	oral	0.4023589491844177	94826	4.976927431308305	0.15575612	0.40235895	0.16202298	0.09913121	0.18073073
SRR17604800	PRJNA791766	GR.T15A	0	oral	dental calculus	oral	0.39884132146835327	88111	4.9450301302178055	0.15598159	0.39884132	0.16247103	0.10075208	0.18195392
SRR17604801	PRJNA791766	GR.T12	0	oral	dental calculus	oral	0.2862134277820587	49155	4.691567700438057	0.19890597	0.28621343	0.16078901	0.16287068	0.19122086
SRR17604802	PRJNA791766	Gil12	0	oral	dental calculus	gut	0.01088063232600689	94	1.9731278535996986	0.4388637	0.010880632	0.09983439	0.13397397	0.3164473
SRR17604803	PRJNA791766	FFB4A	0	oral	dental calculus	oral	0.2841605246067047	27578	4.440562767261921	0.19580685	0.28416052	0.16036627	0.16989228	0.18977408
SRR17604804	PRJNA791766	Fer.T75	0	oral	dental calculus	oral	0.41638463735580444	87934	4.944156829082311	0.1527439	0.41638464	0.16068344	0.09369169	0.17649633
SRR17604805	PRJNA791766	Fer.T69	0	oral	dental calculus	oral	0.44752684235572815	98038	4.991394442953118	0.14509782	0.44752684	0.15532167	0.08112727	0.17092648
SRR17604806	PRJNA791766	Fer.T67	0	oral	dental calculus	oral	0.3506479859352112	16296	4.212081015992108	0.15942624	0.350648	0.15209924	0.15511891	0.18270761
SRR17604807	PRJNA791766	CND40_IDA	0	oral	dental calculus	oral	0.44501256942749023	95482	4.979921507316984	0.14377692	0.44501257	0.15708397	0.08148141	0.17264509
SRR17604808	PRJNA791766	BIC.T2	0	oral	dental calculus	oral	0.4924541413784027	99946	4.999765417636833	0.13295805	0.49245414	0.14822909	0.06634535	0.16001335
SRR2229974	PRJNA293758	NF-47C-SG	0	oral	dental calculus	oral	0.40098366141319275	1	0.0	0.1401854	0.40098366	0.14551388	0.13013986	0.1831772
SRR2229975	PRJNA293758	NF-47D-SG	0	skeletal tissue	tooth	oral	0.09782678633928299	404	2.606381365110605	0.111719824	0.49779445	0.121518075	0.09782679	0.17114088
SRR2229976	PRJNA293758	NF-217C-SG	0	oral	dental calculus	oral	0.3795112073421478	7	0.8450980400142568	0.14010754	0.3795112	0.14627576	0.14753279	0.18657267
SRR2229977	PRJNA293758	NF-217D-SG	0	skeletal tissue	tooth	skeletal tissue	0.4352177679538727	18	1.255272505103306	0.11499111	0.108146764	0.12649103	0.43521777	0.21515338
SRR6933819	PRJNA438985	Strigocuscus celebensis USNM 219469 Bone	0			skeletal tissue		84	1.9242792860618816	0.037819892	0.008719052	0.060275845	0.76989806	0.123287156
SRR6933820	PRJNA438985	Strigocuscus celebensis USNM 219469 Claw	0			skeletal tissue		23	1.3617278360175928	0.08636142	0.11275641	0.099890664	0.49036866	0.21062283
SRR6933821	PRJNA438985	Strigocuscus celebensis USNM 219469 Osteocrust	0			skeletal tissue		186	2.2695129442179165	0.04347863	0.010304337	0.06608015	0.73045975	0.14967713
SRR6933822	PRJNA438985	Strigocuscus celebensis USNM 219469 Skin	0			skeletal tissue		71	1.8512583487190752	0.047177564	0.014400216	0.065798774	0.7554923	0.117131196
SRR6933823	PRJNA438985	Conepatus chinga USNM 194319 Bone	0			skeletal tissue		216	2.3344537511509307	0.1501251	0.115844466	0.13231358	0.4168865	0.18483034
SRR6933824	PRJNA438985	Conepatus chinga USNM 194319 Claw	0			skeletal tissue		59	1.7708520116421442	0.05347359	0.023855546	0.07448473	0.74501604	0.10317011
SRR6933825	PRJNA438985	Conepatus chinga USNM 194319 Osteocrust	0			skeletal tissue		144	2.1583624920952498	0.07838018	0.038254738	0.094968796	0.6619466	0.12644973
SRR6933826	PRJNA438985	Conepatus chinga USNM 194319 Skin	0			skeletal tissue		163	2.2121876044039577	0.049134918	0.013884725	0.07131548	0.7468736	0.1187912
SRR6974014	PRJNA438985	Gerbilliscus boehmi, USNM 162251 Skin	0			skeletal tissue		86	1.9344984512435677	0.0628462	0.011182247	0.07011767	0.7355179	0.12033592
SRR6974015	PRJNA438985	Gerbilliscus boehmi, USNM 162251 Osteocrust	0			skeletal tissue		54	1.7323937598229686	0.052875638	0.026210595	0.07116693	0.73765415	0.1120926
SRR6974016	PRJNA438985	Gerbilliscus boehmi, USNM 162251 Claw	0			skeletal tissue		60	1.7781512503836436	0.055152953	0.024988046	0.07526825	0.74731714	0.097273655
SRR6974017	PRJNA438985	Gerbilliscus boehmi, USNM 162251 Bone	0			skeletal tissue		53	1.724275869600789	0.05827424	0.033755753	0.07709519	0.72923076	0.101644024
ERR3761400	PRJEB35362	AP5-798-162	1		midden	skeletal tissue		1361	3.133858125203335	0.07138918	0.032370836	0.08613295	0.49598175	0.3141253
ERR3761401	PRJEB35362	AP4-A6-2860	1		midden	soft tissue		1116	3.04766419460156	0.19489051	0.047627755	0.2329311	0.19520493	0.32934573
ERR3761402	PRJEB35362	AP8-CMN-M1	1		sediment	soft tissue		1504	3.1772478362556233	0.1537882	0.07345404	0.13824268	0.30704078	0.3274743
ERR3761403	PRJEB35362	AP3-C197S163	1		midden	skeletal tissue		700	2.845098040014257	0.045675248	0.014113724	0.06914075	0.59497565	0.27609462
ERR3761404	PRJEB35362	AP7-6-28353	1		sediment	skeletal tissue		1240	3.093421685162235	0.068665475	0.028620282	0.081869386	0.5163578	0.30448714
ERR3761405	PRJEB35362	AP6-LPZ702	1		midden	oral		610	2.785329835010767	0.15175425	0.29210898	0.15971485	0.13281551	0.2636064
ERR3761406	PRJEB35362	AP9-17590	1		sediment	soft tissue		677	2.8305886686851442	0.14651462	0.111148	0.11445477	0.29434067	0.33354196
ERR3761407	PRJEB35362	YRK001	1	gut	palaeofaeces	gut	0.8243729472160339	1433	3.1562461903973444	0.82437295	0.00290426	0.034769572	0.012743488	0.12520981
ERR3761408	PRJEB35362	Zape 27	1	gut	palaeofaeces	gut	0.8215276598930359	1859	3.2692793897718984	0.82152766	0.0034878675	0.035667744	0.017290981	0.12202577
ERR3761409	PRJEB35362	Zape 27	1	gut	palaeofaeces	gut	0.8396274447441101	1361	3.133858125203335	0.83962744	0.0022223154	0.03133092	0.010996143	0.11582317
ERR3761410	PRJEB35362	Zape 23	1	gut	palaeofaeces	gut	0.8362113237380981	1293	3.111598524880394	0.8362113	0.002505444	0.03287844	0.011331872	0.11707294
ERR3761411	PRJEB35362	Zape 25	1	gut	palaeofaeces	gut	0.656393826007843	2078	3.3176455432211585	0.6563938	0.010568848	0.054487318	0.086122826	0.19242728
ERR3761412	PRJEB35362	Zape 29	1	gut	palaeofaeces	gut	0.923754096031189	2030	3.307496037913213	0.9237541	0.0002665092	0.012037198	0.002757684	0.061184507
ERR3761413	PRJEB35362	Zape 31	1	gut	palaeofaeces	gut	0.8543491363525391	2381	3.37675939540488	0.85434914	0.0018706676	0.028355047	0.010352439	0.105072714
ERR6430820	PRJEB46821	SO201-2-12KL_903-902cm	1		marine sediment	gut		823	2.91539983521227	0.48669106	0.0068507316	0.07441473	0.066982135	0.36506134
ERR6430821	PRJEB46821	SO201-2-12KL_724-725 cm	1		marine sediment	plant tissue		662	2.8208579894397	0.15970245	0.024522178	0.46940893	0.06052062	0.2858458
ERR6430822	PRJEB46821	SO201-2-12KL_597-596cm	1		marine sediment	plant tissue		838	2.9232440186302764	0.04084083	0.005850653	0.8017963	0.023218509	0.12829362
ERR6430823	PRJEB46821	SO201-2-12KL_450cm	1		marine sediment	plant tissue		1099	3.0409976924234905	0.055848934	0.009377421	0.7495979	0.032132585	0.15304318
ERR6430825	PRJEB46821	SO201-2-12KL_114-115 cm	1		marine sediment	soft tissue		677	2.8305886686851442	0.29013565	0.0125047965	0.081357285	0.17221096	0.44379133
ERR6430828	PRJEB46821	SO201-2-12KL_871-870cm	1		marine sediment	plant tissue		907	2.957607287060095	0.16612475	0.018696856	0.512215	0.04443153	0.25853184
ERR6430830	PRJEB46821	SO201-2-12KL_808-807cm	1		marine sediment	plant tissue		745	2.8721562727482928	0.09266865	0.015520516	0.6145765	0.044554036	0.23268028
ERR6430831	PRJEB46821	SO201-2-12KL_757-756cm	1		marine sediment	plant tissue		1088	3.036628895362161	0.19451623	0.025398497	0.39025423	0.08266357	0.30716744
ERR6430832	PRJEB46821	SO201-2-12KL_693-692cm	1		marine sediment	plant tissue		1672	3.2232362731029975	0.13389798	0.01567277	0.56864625	0.056331	0.22545207
ERR6430833	PRJEB46821	SO201-2-12KL_677-676cm	1		marine sediment	plant tissue		1407	3.1482940974347455	0.063323356	0.009687317	0.73855263	0.032456264	0.1559805
ERR6430834	PRJEB46821	SO201-2-12KL_533-532cm	1		marine sediment	plant tissue		662	2.8208579894397	0.20471933	0.0199472	0.4251674	0.056388002	0.29377803
ERR6430836	PRJEB46821	SO201-2-12KL_410-409cm	1		marine sediment	soft tissue		782	2.893206753059848	0.17783228	0.009885034	0.08176295	0.2579498	0.47256994
ERR6430838	PRJEB46821	SO201-2-12KL_362-361cm	1		marine sediment	gut		905	2.9566485792052033	0.35472876	0.020961441	0.29292434	0.05181729	0.27956817
ERR6430839	PRJEB46821	SO201-2-12KL_314-313cm	1		marine sediment	plant tissue		790	2.8976270912904414	0.16117911	0.0221069	0.47019	0.05650373	0.29002026
ERR6430840	PRJEB46821	SO201-2-12KL_277-276cm	1		marine sediment	plant tissue		947	2.9763499790032735	0.07016206	0.0128157465	0.68741906	0.038780153	0.19082299
ERR6430841	PRJEB46821	SO201-2-12KL_229-228cm	1		marine sediment	plant tissue		656	2.8169038393756605	0.12669605	0.018468885	0.55561274	0.048584588	0.2506377
ERR6430842	PRJEB46821	SO201-2-12KL_180-181cm	1		marine sediment	soft tissue		822	2.9148718175400505	0.33024806	0.026435196	0.19141659	0.0984466	0.35345355
ERR6430843	PRJEB46821	SO201-2-12KL_163-162cm	1		marine sediment	gut		584	2.7664128471123997	0.3530867	0.015544169	0.23310156	0.054794274	0.34347326
ERR6430845	PRJEB46821	SO201-2-12KL_131-130cm	1		marine sediment	soft tissue		735	2.8662873390841948	0.3361495	0.021043446	0.24730447	0.058710027	0.33679256
ERR6430846	PRJEB46821	SO201-2-12KL_83-82cm	1		marine sediment	soft tissue		794	2.8998205024270964	0.18619272	0.0065462524	0.07853311	0.21863838	0.5100895
ERR6430847	PRJEB46821	SO201-2-12KL_67-66cm	1		marine sediment	gut		807	2.90687353472207	0.4887375	0.00773369	0.09180741	0.052217744	0.35950372
ERR6430848	PRJEB46821	SO201-2-12KL_50cm	1		marine sediment	plant tissue		808	2.907411360774586	0.08775699	0.015231127	0.6367219	0.043673087	0.21661684
ERR6430849	PRJEB46821	SO201-2-12KL_35-34cm	1		marine sediment	soft tissue		977	2.989894563718773	0.08368435	0.0046090083	0.055398136	0.36884063	0.48746786
ERR6430850	PRJEB46821	SO201-2-12KL_19-18cm	1		marine sediment	soft tissue		1090	3.037426497940624	0.11583571	0.005443573	0.06292409	0.30757397	0.50822264
ERR6430851	PRJEB46821	SO201-2-12KL_2.5-3.5cm	1		marine sediment	soft tissue		1214	3.0842186867392387	0.062158663	0.0034268848	0.049963407	0.43253428	0.45191678
ERR6589621	PRJEB47251	T2	1	oral	tooth	oral	0.3617667257785797	5378	3.730620797887283	0.13180856	0.36176673	0.13305013	0.10752157	0.26585302
ERR6589622	PRJEB47251	T2	1	oral	tooth	oral	0.3592497706413269	37577	4.574922104783855	0.13617906	0.35924977	0.14676522	0.10732496	0.25048104
ERR6589623	PRJEB47251	T3	1	oral	tooth	oral	0.3363204002380371	1002	3.0008677215312267	0.11257172	0.3363204	0.12879856	0.15534803	0.26696125
ERR6589624	PRJEB47251	T3	1	oral	tooth	skeletal tissue	0.2556394636631012	1156	3.0629578340845103	0.09880246	0.25563946	0.1163414	0.28507414	0.2441425
ERR6589625	PRJEB47251	T9	1	oral	tooth	oral	0.2769300937652588	729	2.8627275283179747	0.100463584	0.2769301	0.11725122	0.24519828	0.26015687
ERR6589626	PRJEB47251	T9	1	oral	tooth	oral	0.44018179178237915	769	2.885926339801431	0.09344127	0.4401818	0.11845706	0.06350139	0.2844185
ERR6589627	PRJEB47251	TZA3	1	oral	tooth	oral	0.35404011607170105	31867	4.5033411803619865	0.1388871	0.35404012	0.14697306	0.11035271	0.24974704
ERR6589628	PRJEB47251	TZA3	1	oral	tooth	oral	0.29416555166244507	11625	4.065392961561992	0.14851138	0.29416555	0.14584662	0.16080832	0.25066814
ERR6589629	PRJEB47251	TZA4	1	oral	tooth	oral	0.3511126637458801	46260	4.665205628434601	0.14323887	0.35111266	0.14709327	0.11114135	0.24741378
ERR6589630	PRJEB47251	TZA4	1	oral	tooth	oral	0.2655947804450989	18520	4.267640982345916	0.16748916	0.26559478	0.15363416	0.16539146	0.24789043
ERR7919459	PRJEB49638	G0028	1	oral	dental calculus	oral	0.39614278078079224	4680	3.670245853074124	0.12694237	0.39614278	0.1367696	0.08213753	0.25800774
ERR7919460	PRJEB49638	G0026	1	oral	dental calculus	oral	0.3911080062389374	10274	4.011739561388318	0.12804827	0.391108	0.13674042	0.086275145	0.25782812
ERR7919462	PRJEB49638	G0005	1	oral	dental calculus	oral	0.3606683611869812	7243	3.8599184852007156	0.14285725	0.36066836	0.13935249	0.10152589	0.25559598
ERR7919463	PRJEB49638	G0013	1	oral	dental calculus	oral	0.35837334394454956	5448	3.736237098904729	0.12105157	0.35837334	0.12673047	0.104283094	0.2895615
ERR7919464	PRJEB49638	G0029	1	oral	dental calculus	soft tissue	0.2561782896518707	27	1.4313637641589874	0.14755893	0.2561783	0.14197223	0.17698362	0.27730694
ERR7919465	PRJEB49638	G0014	1	oral	dental calculus	oral	0.41326698660850525	1686	3.2268575702887237	0.115485884	0.413267	0.12855735	0.07219076	0.27049902
ERR7919466	PRJEB49638	G0004	1	oral	dental calculus	oral	0.4555905759334564	10685	4.028774526500088	0.08206519	0.45559058	0.11944608	0.039447982	0.3034502
ERR7919467	PRJEB49638	G0026	1	oral	dental calculus	oral	0.39199790358543396	10143	4.006166425485431	0.12763791	0.3919979	0.1364185	0.085815944	0.25812975
ERR7919468	PRJEB49638	G0018	1	oral	dental calculus	oral	0.4114062190055847	8709	3.9399682905513362	0.11075227	0.41140622	0.13585271	0.06813334	0.2738555
ERR7919469	PRJEB49638	G0031	1	oral	dental calculus	soft tissue	0.2738315463066101	960	2.9822712330395684	0.15270688	0.27383155	0.13369904	0.15404412	0.28571844
ERR7919470	PRJEB49638	G0014	1	oral	dental calculus	oral	0.41269367933273315	1791	3.2530955858490316	0.11560043	0.41269368	0.12839934	0.072398454	0.27090806
ERR7919471	PRJEB49638	G0015	1	oral	dental calculus	oral	0.2724080979824066	0	0.0	0.1488543	0.2724081	0.14404774	0.16399834	0.27069148
ERR7919472	PRJEB49638	G0018	1	oral	dental calculus	oral	0.41322246193885803	8771	3.9430491110084067	0.10915802	0.41322246	0.13561344	0.06666877	0.2753373
ERR7919473	PRJEB49638	G0016	1	oral	dental calculus	oral	0.41141027212142944	3369	3.52750101098112	0.11400106	0.41141027	0.13491337	0.069593504	0.27008176
ERR7919474	PRJEB49638	G0008	1	oral	dental calculus	oral	0.43575233221054077	6471	3.8109713998222077	0.09296831	0.43575233	0.12790701	0.049313705	0.29405862
ERR7919475	PRJEB49638	G0008	1	oral	dental calculus	oral	0.43494534492492676	6411	3.8069257768837317	0.09324234	0.43494534	0.12812403	0.04958739	0.29410088
ERR7919476	PRJEB49638	G0007	1	oral	dental calculus	oral	0.4112638831138611	5327	3.7264826967848297	0.11064713	0.41126388	0.13544556	0.06732681	0.27531666
ERR7919477	PRJEB49638	G0026	1	oral	dental calculus	oral	0.394651859998703	10100	4.004321373782642	0.1256684	0.39465186	0.13657962	0.08360306	0.25949705
ERR7919478	PRJEB49638	G0011	1	oral	dental calculus	oral	0.44246387481689453	11145	4.047080072816256	0.09093282	0.44246387	0.124341175	0.047156453	0.29510567
ERR7919479	PRJEB49638	G0021	1	oral	dental calculus	oral	0.43816089630126953	24908	4.396338857049362	0.087946	0.4381609	0.12197139	0.047990497	0.3039312
ERR7919480	PRJEB49638	G0007	1	oral	dental calculus	oral	0.41138386726379395	5294	3.7237839369653294	0.11076905	0.41138387	0.13557088	0.06757819	0.27469808
ERR7919481	PRJEB49638	G0028	1	oral	dental calculus	oral	0.39366763830184937	4548	3.6578204560156973	0.12884334	0.39366764	0.13687067	0.083657585	0.25696072
ERR7919482	PRJEB49638	G0016	1	oral	dental calculus	oral	0.41309529542922974	3342	3.5240064455573727	0.11267476	0.4130953	0.13484964	0.068767026	0.27061334
ERR7919483	PRJEB49638	G0012	1	oral	dental calculus	oral	0.393955796957016	6550	3.816241299991783	0.12943955	0.3939558	0.13589351	0.084398285	0.25631285
ERR7919484	PRJEB49638	G0031	1	oral	dental calculus	soft tissue	0.18377211689949036	934	2.9703468762300935	0.1855883	0.18377212	0.15031202	0.20636114	0.27396643
ERR7919485	PRJEB49638	G0013	1	oral	dental calculus	oral	0.3702029585838318	5469	3.737907923374639	0.118297674	0.37020296	0.1261545	0.09594177	0.28940314
ERR7919486	PRJEB49638	G0028	1	oral	dental calculus	oral	0.393818199634552	4652	3.667639706056411	0.12888958	0.3938182	0.13671951	0.083870724	0.25670204
ERR7919487	PRJEB49638	G0020	1	oral	dental calculus	oral	0.425098180770874	12898	4.110522372601323	0.10029513	0.42509818	0.13059779	0.05661018	0.28739873
ERR7919488	PRJEB49638	G0019	1	oral	dental calculus	oral	0.45978695154190063	8364	3.9224140241456342	0.079187855	0.45978695	0.11772144	0.037316363	0.30598736
ERR7919489	PRJEB49638	G0019	1	oral	dental calculus	oral	0.4633581042289734	8413	3.924950888915611	0.077660576	0.4633581	0.11640678	0.035986852	0.30658764
ERR7919490	PRJEB49638	G0016	1	oral	dental calculus	oral	0.4125307500362396	3361	3.5264685124694775	0.113044605	0.41253075	0.13491933	0.068850115	0.27065518
ERR7919491	PRJEB49638	G0026	1	oral	dental calculus	oral	0.3921641707420349	10223	4.009578360794542	0.12770759	0.39216417	0.13665007	0.08559034	0.25788784
ERR7919492	PRJEB49638	G0031	1	oral	dental calculus	oral	0.3385046124458313	966	2.9849771264154934	0.16287193	0.3385046	0.13441405	0.086011805	0.27819765
ERR7919493	PRJEB49638	G0013	1	oral	dental calculus	oral	0.3669207990169525	5419	3.733919151012391	0.11867251	0.3669208	0.12646736	0.09831016	0.28962916
ERR7919494	PRJEB49638	G0020	1	oral	dental calculus	oral	0.4246864318847656	12808	4.107481318911243	0.10054475	0.42468643	0.13077165	0.05675422	0.28724295
ERR7919495	PRJEB49638	G0009	1	oral	dental calculus	oral	0.40092700719833374	7303	3.8635013006414503	0.11950977	0.400927	0.13710293	0.07609415	0.2663661
ERR7919496	PRJEB49638	G0015	1	oral	dental calculus	oral	0.2724080979824066	0	0.0	0.1488543	0.2724081	0.14404774	0.16399834	0.27069148
ERR7919497	PRJEB49638	G0009	1	oral	dental calculus	oral	0.4028053283691406	7219	3.8584770418133405	0.118273176	0.40280533	0.13683894	0.07497994	0.26710266
ERR7919498	PRJEB49638	G0005	1	oral	dental calculus	oral	0.3677944839000702	7273	3.861713587571434	0.13941139	0.36779448	0.13899449	0.097531766	0.25626785
ERR7919499	PRJEB49638	G0029	1	oral	dental calculus	soft tissue	0.23493576049804688	27	1.4313637641589874	0.14787488	0.23493576	0.14092422	0.19433518	0.28193
ERR7919500	PRJEB49638	G0021	1	oral	dental calculus	oral	0.43689966201782227	25018	4.398252588183882	0.08873004	0.43689966	0.12256868	0.048605453	0.30319613
ERR7919501	PRJEB49638	G0014	1	oral	dental calculus	oral	0.4141562581062317	1735	3.2392994791268923	0.11471115	0.41415626	0.12765004	0.071623825	0.27185875
ERR7919502	PRJEB49638	G0004	1	oral	dental calculus	oral	0.45516127347946167	10577	4.024362504353282	0.08232384	0.45516127	0.11976476	0.03959861	0.3031515
ERR7919503	PRJEB49638	G0007	1	oral	dental calculus	oral	0.4108050465583801	5344	3.727866449467489	0.11072834	0.41080505	0.13547775	0.06734946	0.27563944
ERR7919504	PRJEB49638	G0001	1	oral	dental calculus	oral	0.3938695788383484	9275	3.9673139182870836	0.12390943	0.39386958	0.13739093	0.08085254	0.26397753
ERR7919505	PRJEB49638	G0010	1	oral	dental calculus	oral	0.41727060079574585	7228	3.8590181438888944	0.1072073	0.4172706	0.13421893	0.06427335	0.2770298
ERR7919506	PRJEB49638	G0017	1	oral	dental calculus	oral	0.3705351948738098	29735	4.473267942835296	0.13066748	0.3705352	0.14187601	0.09537462	0.26154676
ERR7919507	PRJEB49638	G0005	1	oral	dental calculus	oral	0.36195510625839233	7239	3.8596785766284483	0.14234145	0.3619551	0.13947146	0.10057141	0.2556606
ERR7919508	PRJEB49638	G0011	1	oral	dental calculus	oral	0.4422095715999603	11242	4.0508435809569185	0.09086478	0.44220957	0.12435313	0.047260035	0.2953125
ERR7919509	PRJEB49638	G0015	1	oral	dental calculus	oral	0.2726420760154724	1	0.0	0.14837323	0.27264208	0.14380631	0.163989	0.2711894
ERR7919510	PRJEB49638	G0004	1	oral	dental calculus	oral	0.4534119665622711	10687	4.028855809390444	0.08330206	0.45341197	0.12026651	0.04060772	0.30241174
ERR7919511	PRJEB49638	G0008	1	oral	dental calculus	oral	0.43608421087265015	6337	3.80188370712524	0.092730686	0.4360842	0.12774448	0.049150437	0.29429018
ERR7919512	PRJEB49638	G0029	1	oral	dental calculus	soft tissue	0.20698952674865723	29	1.462397997898956	0.14551875	0.20698953	0.13827875	0.21900626	0.29020673
ERR7919513	PRJEB49638	G0018	1	oral	dental calculus	oral	0.41306933760643005	8707	3.9398685444595096	0.10912498	0.41306934	0.13560548	0.066651136	0.2755491
ERR7919514	PRJEB49638	G0017	1	oral	dental calculus	oral	0.36754313111305237	29195	4.465308479587306	0.13249607	0.36754313	0.14230211	0.097797416	0.25986123
ERR7919515	PRJEB49638	G0028	1	oral	dental calculus	oral	0.3958396911621094	4630	3.6655809910179533	0.12705836	0.3958397	0.13690507	0.08231116	0.25788575
ERR7919516	PRJEB49638	G0008	1	oral	dental calculus	oral	0.435037225484848	6321	3.8007857903277626	0.093332216	0.43503723	0.12812269	0.049835987	0.29367188
ERR7919517	PRJEB49638	G0029	1	oral	dental calculus	soft tissue	0.24184629321098328	30	1.4771212547196624	0.14799468	0.2418463	0.14120285	0.18756528	0.2813909
ERR7919518	PRJEB49638	G0021	1	oral	dental calculus	oral	0.4406224191188812	24790	4.394276526767821	0.08696846	0.44062242	0.121290244	0.047093004	0.3040259
ERR7919519	PRJEB49638	G0012	1	oral	dental calculus	oral	0.39377743005752563	6500	3.8129133566428557	0.12942272	0.39377743	0.13615182	0.0844054	0.25624266
ERR7919520	PRJEB49638	G0020	1	oral	dental calculus	oral	0.425711065530777	13015	4.114444172445254	0.09998216	0.42571107	0.13038668	0.055850964	0.28806916
ERR7919521	PRJEB49638	G0021	1	oral	dental calculus	oral	0.43625640869140625	25031	4.398478200219755	0.088865265	0.4362564	0.122646786	0.04884386	0.3033877
ERR7919522	PRJEB49638	G0007	1	oral	dental calculus	oral	0.4122186303138733	5314	3.725421550074259	0.109542705	0.41221863	0.13517371	0.06625544	0.2768095
ERR7919523	PRJEB49638	G0012	1	oral	dental calculus	oral	0.39397019147872925	6546	3.8159760009719856	0.1294497	0.3939702	0.13604748	0.08451027	0.25602233
ERR7919524	PRJEB49638	G0031	1	oral	dental calculus	soft tissue	0.24992437660694122	945	2.975431808509263	0.18271846	0.24992438	0.139124	0.14471428	0.28351885
ERR7919525	PRJEB49638	G0010	1	oral	dental calculus	oral	0.4177888035774231	7306	3.863679667875898	0.106563546	0.4177888	0.13415018	0.06369193	0.27780554
ERR7919526	PRJEB49638	G0005	1	oral	dental calculus	oral	0.36516183614730835	7271	3.861594144643865	0.14088538	0.36516184	0.13920148	0.098851204	0.2559001
ERR7919527	PRJEB49638	G0009	1	oral	dental calculus	oral	0.4044898450374603	7541	3.87742894078822	0.11697581	0.40448985	0.13666539	0.07359222	0.2682767
ERR7919528	PRJEB49638	G0011	1	oral	dental calculus	oral	0.4398442208766937	11248	4.051075307675749	0.092109755	0.43984422	0.12528327	0.048194263	0.29456848
ERR7919529	PRJEB49638	G0010	1	oral	dental calculus	oral	0.41853851079940796	7271	3.861594144643865	0.10640945	0.4185385	0.13398825	0.06351661	0.27754718
ERR7919530	PRJEB49638	G0017	1	oral	dental calculus	oral	0.3691160976886749	29774	4.473837184033068	0.13156638	0.3691161	0.14208457	0.096651256	0.26058173
ERR7919531	PRJEB49638	G0019	1	oral	dental calculus	oral	0.45887383818626404	8302	3.9191827290425008	0.07975431	0.45887384	0.118239775	0.037835896	0.30529612
ERR7919532	PRJEB49638	G0001	1	oral	dental calculus	oral	0.3965187966823578	9311	3.968996326648312	0.1217618	0.3965188	0.13736887	0.078869656	0.26548085
ERR7919533	PRJEB49638	G0004	1	oral	dental calculus	oral	0.4525469243526459	10755	4.031610414723481	0.0836691	0.45254692	0.12068663	0.041007854	0.30208945
ERR7919534	PRJEB49638	G0020	1	oral	dental calculus	oral	0.42543357610702515	12710	4.1041455505540085	0.100274846	0.42543358	0.1305913	0.056302447	0.28739783
ERR7919535	PRJEB49638	G0010	1	oral	dental calculus	oral	0.417877197265625	7347	3.8661100398443766	0.106492065	0.4178772	0.13395163	0.06355818	0.27812093
ERR7919536	PRJEB49638	G0011	1	oral	dental calculus	oral	0.44099298119544983	11277	4.0521935804334746	0.09165997	0.44099298	0.12486863	0.047676798	0.29480165
ERR7919537	PRJEB49638	G0012	1	oral	dental calculus	oral	0.3948202431201935	6676	3.824516328007209	0.12901516	0.39482024	0.13605502	0.08381617	0.25629345
ERR7919538	PRJEB49638	G0013	1	oral	dental calculus	oral	0.36282879114151	5514	3.741466761769755	0.119040035	0.3628288	0.12665154	0.100220405	0.29125923
ERR7919539	PRJEB49638	G0014	1	oral	dental calculus	oral	0.41401633620262146	1691	3.2281436075977417	0.11555704	0.41401634	0.12871271	0.07206027	0.26965362
ERR7919540	PRJEB49638	G0015	1	oral	dental calculus	oral	0.2724080979824066	0	0.0	0.1488543	0.2724081	0.14404774	0.16399834	0.27069148
ERR7919541	PRJEB49638	G0016	1	oral	dental calculus	oral	0.4138317108154297	3431	3.5354207180561734	0.11171033	0.4138317	0.13477345	0.067705974	0.27197853
ERR7919542	PRJEB49638	G0017	1	oral	dental calculus	oral	0.3683846890926361	29773	4.473822597421419	0.13216943	0.3683847	0.14238822	0.09715463	0.25990298
ERR7919543	PRJEB49638	G0018	1	oral	dental calculus	oral	0.4116443693637848	8879	3.9483640559883693	0.11032424	0.41164437	0.13587591	0.06771632	0.27443916
ERR7919544	PRJEB49638	G0019	1	oral	dental calculus	oral	0.462480366230011	8505	3.929674317948588	0.07811905	0.46248037	0.11677413	0.036517877	0.30610856
ERR7919545	PRJEB49638	G0029	1	oral	dental calculus	soft tissue	0.24982592463493347	28	1.4471580313422192	0.14653684	0.24982592	0.14118819	0.18221085	0.2802382
ERR7919546	PRJEB49638	G0030	1	oral	dental calculus	soft tissue	0.26334840059280396	13	1.1139433523068367	0.14696881	0.2633484	0.14244588	0.1716736	0.27556333
ERR7919547	PRJEB49638	G0034	1	oral	dental calculus	oral	0.4378851354122162	10750	4.031408464251625	0.09344557	0.43788514	0.12603584	0.047958504	0.29467496
ERR7919548	PRJEB49638	G0036	1	oral	dental calculus	oral	0.39833295345306396	6712	3.8268519478206438	0.11943064	0.39833295	0.13303666	0.07186045	0.27733928
ERR7919641	PRJEB49638	G0033	1	oral	dental calculus	oral	0.4282565116882324	12921	4.111296126482262	0.09722318	0.4282565	0.12842828	0.051562548	0.29452947
ERR7919642	PRJEB49638	G0033	1	oral	dental calculus	oral	0.4279254078865051	12900	4.110589710299249	0.097448334	0.4279254	0.12857726	0.051895153	0.2941538
ERR7919643	PRJEB49638	G0029	1	oral	dental calculus	soft tissue	0.1670154631137848	14	1.146128035678238	0.13854098	0.16701546	0.1335403	0.25488847	0.30601484
ERR7919644	PRJEB49638	G0030	1	oral	dental calculus	oral	0.31616121530532837	10	1.0	0.1418622	0.31616122	0.1409504	0.13435273	0.2666735
ERR7919645	PRJEB49638	G0034	1	oral	dental calculus	oral	0.438256174325943	10644	4.027104865879351	0.093042925	0.43825617	0.12582743	0.047632914	0.29524055
ERR7919646	PRJEB49638	G0036	1	oral	dental calculus	oral	0.4007493853569031	6693	3.8256208250035	0.11796854	0.4007494	0.1325735	0.069894254	0.27881432
SRR13355784	PRJNA688065	Jewbury8826	1	oral	dental calculus	oral	0.35028645396232605	30720	4.487421211359474	0.14340803	0.35028645	0.14567754	0.11197855	0.2486494
SRR13355785	PRJNA688065	Jewbury8825	1	oral	dental calculus	oral	0.30147725343704224	35787	4.553725293303273	0.16147645	0.30147725	0.15451482	0.14218059	0.24035089
SRR13355786	PRJNA688065	Jewbury8809	1	oral	dental calculus	oral	0.3212566077709198	11081	4.044578954876613	0.15381089	0.3212566	0.14520882	0.1294553	0.2502684
SRR13355787	PRJNA688065	Jewbury8818	1	oral	dental calculus	oral	0.2795726954936981	25809	4.411771177620373	0.16695747	0.2795727	0.15534274	0.15314491	0.24498217
SRR13355789	PRJNA688065	Jewbury8820	1	oral	dental calculus	oral	0.2964231073856354	31520	4.4985862088175175	0.16156825	0.2964231	0.1533586	0.1458315	0.24281855
SRR13355790	PRJNA688065	Jewbury8819	1	oral	dental calculus	oral	0.27253490686416626	10542	4.022923011878938	0.15436451	0.2725349	0.1422809	0.1680822	0.26273736
SRR13355791	PRJNA688065	Jewbury8816	1	oral	dental calculus	oral	0.3679759204387665	66387	4.822083043509345	0.13421293	0.36797592	0.14539395	0.09809999	0.25431716
SRR13355792	PRJNA688065	Jewbury8813	1	oral	dental calculus	oral	0.37518587708473206	3563	3.5518158223510157	0.1287928	0.37518588	0.13177471	0.09543531	0.26881135
SRR13355794	PRJNA688065	Jewbury8811	1	oral	dental calculus	oral	0.32860416173934937	13827	4.140727962844183	0.15272799	0.32860416	0.1458582	0.12618703	0.24662259
SRR13355796	PRJNA688065	Jewbury8839	1	oral	dental calculus	oral	0.37233948707580566	80662	4.90666898605984	0.13384733	0.3723395	0.14448087	0.09018876	0.25914353
SRR13355797	PRJNA688065	Jewbury8838	1	oral	dental calculus	oral	0.39406418800354004	87877	4.943875222284832	0.118567385	0.3940642	0.13707356	0.07625668	0.2740382
SRR13355798	PRJNA688065	Jewbury8835	1	oral	dental calculus	oral	0.4066240191459656	98383	4.9929200613985625	0.11153104	0.40662402	0.13308993	0.065153584	0.2836014
SRR13355799	PRJNA688065	Jewbury8830	1	oral	dental calculus	oral	0.3845112919807434	86433	4.936679587173795	0.12735616	0.3845113	0.13961838	0.08073924	0.26777494
SRR13355800	PRJNA688065	Jewbury8822	1	oral	dental calculus	oral	0.3735341429710388	64061	4.806593713770391	0.13099107	0.37353414	0.14280699	0.09131227	0.26135552
SRR13355801	PRJNA688065	Jewbury8815	1	oral	dental calculus	oral	0.38377439975738525	77029	4.88665425983315	0.124970734	0.3837744	0.13820906	0.08374948	0.26929632
SRR13355802	PRJNA688065	Jewbury8857	1	oral	dental calculus	oral	0.2824472486972809	19617	4.292632592082427	0.16630365	0.28244725	0.15267377	0.14926437	0.249311
SRR13355803	PRJNA688065	Jewbury8856	1	oral	dental calculus	oral	0.3245237469673157	15659	4.194764024110887	0.15704921	0.32452375	0.14797261	0.123445965	0.24700841
SRR13355804	PRJNA688065	Jewbury8855	1	oral	dental calculus	oral	0.3164657950401306	9209	3.964212472969819	0.14334862	0.3164658	0.13700043	0.1388937	0.26429147
SRR13355805	PRJNA688065	Jewbury8810	1	oral	dental calculus	oral	0.32007235288619995	19377	4.287286539262812	0.15834701	0.32007235	0.1498783	0.12727764	0.2444247
SRR13355806	PRJNA688065	Jewbury8844	1	oral	dental calculus	oral	0.31171831488609314	30979	4.491067394653293	0.15801826	0.3117183	0.15162665	0.13603891	0.24259785
SRR13355807	PRJNA688065	Jewbury8843	1	oral	dental calculus	oral	0.27178555727005005	26531	4.423753619612828	0.16612032	0.27178556	0.15499064	0.15953317	0.24757032
SRR13355808	PRJNA688065	Jewbury8840	1	oral	dental calculus	oral	0.3790333569049835	10051	4.002209272988015	0.13165154	0.37903336	0.14121294	0.08775955	0.2603426
SRR13355809	PRJNA688065	Jewbury8834	1	oral	dental calculus	oral	0.3635730743408203	4179	3.621072371143626	0.13963509	0.36357307	0.13572209	0.10340123	0.25766852
SRR13355810	PRJNA688065	Jewbury8833	1	oral	dental calculus	oral	0.356879323720932	5994	3.7777167386096258	0.13383664	0.35687932	0.1343745	0.111235335	0.26367426
SRR13355811	PRJNA688065	Jewbury8831	1	oral	dental calculus	oral	0.27187103033065796	26962	4.430752104359859	0.16775295	0.27187103	0.15578048	0.15938209	0.24521342
SRR13355812	PRJNA688065	Jewbury8829	1	oral	dental calculus	oral	0.3026893734931946	17872	4.252173155771533	0.15112153	0.30268937	0.1479247	0.14609933	0.2521651
SRR13355813	PRJNA688065	Jewbury8827	1	oral	dental calculus	oral	0.34827515482902527	24543	4.389927647380955	0.13958412	0.34827515	0.1486375	0.11319693	0.2503063
SRR20576738	PRJNA861836	U1538D-14H-5_110cm	1		marine sediment	oral		441	2.6444385894678386	0.15128961	0.32941243	0.13867444	0.106566116	0.27405736
SRR20576739	PRJNA861836	U1538D-14H-1_145cm	1		marine sediment	skeletal tissue		21	1.3222192947339193	0.13098015	0.07063257	0.10786562	0.34551185	0.3450098
SRR20576742	PRJNA861836	U1534C-2H-2_145cm	1		marine sediment	soft tissue		261	2.416640507338281	0.11356686	0.031255253	0.08688333	0.37352893	0.39476565
SRR20576743	PRJNA861836	U1538C-10H-5_145cm	1		marine sediment	soft tissue		185	2.2671717284030137	0.20283732	0.020731242	0.09712536	0.2535857	0.4257204
SRR20576744	PRJNA861836	U1538C-8H-3_145cm	1		marine sediment	oral		0	0.0	0.1488543	0.2724081	0.14404774	0.16399834	0.27069148
SRR20576745	PRJNA861836	U1538C-8H-2_145cm	1		marine sediment	soft tissue		778	2.890979596989689	0.25318083	0.14782283	0.1499115	0.17217126	0.27691364
SRR20576746	PRJNA861836	U1538C-8H-1_145cm	1		marine sediment	soft tissue		314	2.496929648073215	0.27314168	0.033042733	0.11985065	0.17862877	0.3953362
SRR20576747	PRJNA861836	U1538C-7H-6_115cm	1		marine sediment	soft tissue		3	0.47712125471966244	0.15160504	0.2523079	0.14418054	0.17672816	0.27517837
SRR20576748	PRJNA861836	U1538C-7H-5_145cm	1		marine sediment	soft tissue		350	2.5440680443502757	0.1896176	0.23218794	0.15333815	0.16223519	0.2626211
SRR20576749	PRJNA861836	U1538C-7H-4_145cm	1		marine sediment	soft tissue		745	2.8721562727482928	0.21934251	0.18648733	0.14559229	0.16200922	0.2865686
SRR20576750	PRJNA861836	U1538C-7H-3_145cm	1		marine sediment	soft tissue		154	2.187520720836463	0.2729764	0.012685576	0.097510256	0.15944734	0.45738044
SRR20576751	PRJNA861836	U1538C-7H-2_145cm	1		marine sediment	gut		537	2.7299742856995555	0.38479957	0.023276106	0.11982484	0.10878271	0.3633168
SRR20576752	PRJNA861836	U1538C-7H-1_145cm	1		marine sediment	soft tissue		606	2.782472624166286	0.21390045	0.20374653	0.15652944	0.16002963	0.26579398
SRR20576754	PRJNA861836	U1538C-6F-2_146cm	1		marine sediment	soft tissue		429	2.6324572921847245	0.273454	0.12245233	0.16328505	0.16580088	0.27500778
SRR20576755	PRJNA861836	U1538C-6F-1_144cm	1		marine sediment	gut		496	2.6954816764901977	0.3310339	0.06974458	0.13343577	0.1558235	0.3099622
SRR20576756	PRJNA861836	U1538C-5H-5_109cm	1		marine sediment	oral		661	2.82020145948564	0.14595056	0.33669725	0.13545756	0.10450877	0.2773859
SRR20576757	PRJNA861836	U1538C-5H-4_145cm	1		marine sediment	soft tissue		468	2.670245853074124	0.28089958	0.02089648	0.10669754	0.16625407	0.4252523
SRR20576758	PRJNA861836	U1538C-5H-2_145cm	1		marine sediment	soft tissue		738	2.8680563618230415	0.21209648	0.23414814	0.14693901	0.1326239	0.27419242
SRR20576759	PRJNA861836	U1538C-4H-3_145cm	1		marine sediment	gut		627	2.7972675408307164	0.3019461	0.10667799	0.1475232	0.1565791	0.2872737
SRR20576760	PRJNA861836	U1538C-4H-2_145cm	1		marine sediment	soft tissue		509	2.7067177823367587	0.2048186	0.23076041	0.15223667	0.14734632	0.26483798
SRR20576761	PRJNA861836	U1538C-4H-1_145cm	1		marine sediment	oral		528	2.722633922533812	0.1596665	0.31454915	0.13952748	0.11262987	0.27362698
SRR20576762	PRJNA861836	U1538C-3H-4_145cm	1		marine sediment	soft tissue		388	2.5888317255942073	0.20645157	0.054468054	0.12114713	0.25304106	0.3648922
SRR20576763	PRJNA861836	U1538C-3H-2_145cm	1		marine sediment	soft tissue		130	2.113943352306837	0.1260254	0.05745704	0.10511992	0.3513702	0.36002746
SRR20576764	PRJNA861836	U1534C-1H-4_96cm	1		marine sediment	soft tissue		400	2.6020599913279625	0.26672953	0.040706422	0.12318341	0.1876474	0.38173327
SRR20576765	PRJNA861836	U1538C-2H-6_95cm	1		marine sediment	soft tissue		501	2.699837725867246	0.29999918	0.037342563	0.12330332	0.1711472	0.36820775
SRR20576766	PRJNA861836	U1538C-2H-5_145cm	1		marine sediment	soft tissue		441	2.6444385894678386	0.2964593	0.058257997	0.1463851	0.16923901	0.32965863
SRR20576767	PRJNA861836	U1538C-2H-4_145cm	1		marine sediment	soft tissue		329	2.5171958979499744	0.2570664	0.028255057	0.1233049	0.17621213	0.41516152
SRR20576768	PRJNA861836	U1538C-2H-3_145cm	1		marine sediment	soft tissue		47	1.6720978579357175	0.16869557	0.18542492	0.14468959	0.216934	0.28425592
SRR20576769	PRJNA861836	U1538C-2H-2_145cm	1		marine sediment	soft tissue		180	2.255272505103306	0.14271197	0.008845593	0.0811031	0.27962822	0.4877111
SRR20576770	PRJNA861836	U1538C-2H-1_145cm	1		marine sediment	soft tissue		419	2.622214022966295	0.19132197	0.0154013755	0.108309105	0.21421787	0.47074968
SRR20576771	PRJNA861836	U1538C-1H-3_145cm	1		marine sediment	soft tissue		449	2.6522463410033232	0.16037211	0.019365324	0.09667398	0.2774518	0.44613677
SRR20576772	PRJNA861836	U1538C-1H-2_145cm	1		marine sediment	soft tissue		386	2.586587304671755	0.28059727	0.013671622	0.09973224	0.16100092	0.44499797
SRR20576773	PRJNA861836	U1538C-1H-1_145cm	1		marine sediment	soft tissue		332	2.5211380837040362	0.13269003	0.020120975	0.085301384	0.3095485	0.45233908
SRR20576774	PRJNA861836	U1538C-1H-1_0cm	1		marine sediment	skeletal tissue		367	2.5646660642520893	0.053155027	0.0037694802	0.051352613	0.45976466	0.43195814
SRR20576775	PRJNA861836	U1534C-1H-3_145cm	1		marine sediment	soft tissue		251	2.399673721481038	0.19231726	0.010192121	0.08480414	0.24415798	0.4685285
SRR20576776	PRJNA861836	U1538C-1H-1_MUDLINE	1		marine sediment	skeletal tissue		15	1.1760912590556813	0.1244128	0.0894464	0.118576035	0.3363758	0.33118898
SRR20576779	PRJNA861836	U1536B-20H-6_141cm	1		marine sediment	oral		600	2.7781512503836434	0.11427353	0.395189	0.12640335	0.07207717	0.29205698
SRR20576780	PRJNA861836	U1536B-12H-2_145cm	1		marine sediment	oral		414	2.617000341120899	0.118975386	0.3933176	0.12833086	0.07384546	0.28553063
SRR20576781	PRJNA861836	U1536B-11H-6_145cm	1		marine sediment	oral		519	2.7151673578484576	0.1282896	0.36840144	0.13091028	0.08492786	0.28747082
SRR20576782	PRJNA861836	U1536B-11H-2_145cm	1		marine sediment	oral		398	2.5998830720736876	0.14850616	0.3335877	0.13930644	0.10579238	0.27280733
SRR20576783	PRJNA861836	U1536B-10H-5_145cm	1		marine sediment	soft tissue		154	2.187520720836463	0.15558252	0.03191086	0.092977166	0.32448044	0.395049
SRR20576784	PRJNA861836	U1536B-9H-2_145cm	1		marine sediment	skeletal tissue		88	1.9444826721501687	0.1052192	0.021450235	0.08909391	0.3931249	0.3911118
SRR20576785	PRJNA861836	U1536B-8H-6_121cm	1		marine sediment	oral		300	2.4771212547196626	0.17037658	0.28530878	0.14139195	0.13402039	0.26890224
SRR20576786	PRJNA861836	U1534C-2H-6_66cm	1		marine sediment	soft tissue		194	2.287801729930226	0.13493827	0.016777035	0.08200703	0.32072908	0.44554862
SRR20576787	PRJNA861836	U1534C-2H-4_145cm	1		marine sediment	soft tissue		325	2.5118833609788744	0.18011773	0.041331727	0.103269316	0.2841997	0.39108154
SRR20576794	PRJNA861836	U1534C-1H-2_145cm	1		marine sediment	soft tissue		3	0.47712125471966244	0.1489585	0.2693246	0.14396533	0.16624749	0.2715041
SRR20576795	PRJNA861836	U1536B-7H-2_145cm	1		marine sediment	soft tissue		346	2.5390760987927767	0.23351078	0.1512573	0.14478967	0.18165518	0.28878713
SRR20576796	PRJNA861836	U1536B-6H-6_145cm	1		marine sediment	gut		652	2.81424759573192	0.37850016	0.054689012	0.1128	0.14705856	0.30695224
SRR20576797	PRJNA861836	U1536B-5H-6_145cm	1		marine sediment	soft tissue		368	2.5658478186735176	0.19015001	0.25679988	0.14973505	0.1437358	0.25957927
SRR20576798	PRJNA861836	U1536B-4H-6_136cm	1		marine sediment	skeletal tissue		130	2.113943352306837	0.08646694	0.014948395	0.078866936	0.42744437	0.3922734
SRR20576799	PRJNA861836	U1536B-3H-6_133cm	1		marine sediment	soft tissue		422	2.625312450961674	0.27567542	0.064841874	0.13640076	0.175968	0.347114
SRR20576800	PRJNA861836	U1536B-1H-3_145cm	1		marine sediment	soft tissue		407	2.60959440922522	0.13805766	0.011914275	0.08845973	0.3227026	0.43886572
SRR20576802	PRJNA861836	U1536B-1H-1_0cm	1		marine sediment	soft tissue		370	2.568201724066995	0.05908773	0.00389098	0.05138234	0.4317197	0.45391932
SRR20576803	PRJNA861836	U1536B-1H-1_MUDLINE	1		marine sediment	oral		1	0.0	0.14849338	0.27378348	0.14379792	0.16316287	0.27076235
SRR20576805	PRJNA861836	U1534C-1H-1_145cm	1		marine sediment	soft tissue		266	2.424881636631067	0.079274654	0.007417793	0.06402736	0.41285866	0.43642148
SRR20576807	PRJNA861836	U1534C-10H-6_115cm	1		marine sediment	oral		483	2.683947130751512	0.1360907	0.35763574	0.13495319	0.094552025	0.27676836
SRR20576808	PRJNA861836	U1534C-5H-4_145cm	1		marine sediment	soft tissue		740	2.8692317197309762	0.14747189	0.28400812	0.13131018	0.1361089	0.3011009
SRR20576809	PRJNA861836	U1534C-5H-2_145cm	1		marine sediment	soft tissue		71	1.8512583487190752	0.16823652	0.20090477	0.1460248	0.20533231	0.27950162
SRR20576811	PRJNA861836	U1534C-4H-6_124cm	1		marine sediment	skeletal tissue		51	1.7075701760979363	0.1266237	0.066321455	0.11027499	0.3511143	0.3456655
SRR20576812	PRJNA861836	U1534C-4H-4_145cm	1		marine sediment	soft tissue		332	2.5211380837040362	0.21449018	0.066431046	0.120594844	0.23268476	0.36579913
SRR20576813	PRJNA861836	U1534C-4H-2_145cm	1		marine sediment	soft tissue		466	2.66838591669	0.2822758	0.029460981	0.114033744	0.17754202	0.39668745
SRR20576814	PRJNA861836	U1534C-3H-4_145cm	1		marine sediment	soft tissue		122	2.0863598306747484	0.13600698	0.038593836	0.09466057	0.34062526	0.3901133
SRR20576815	PRJNA861836	U1534C-3H-2_145cm	1		marine sediment	soft tissue		386	2.586587304671755	0.24446484	0.03308091	0.10651622	0.2308209	0.3851171
SRR20576816	PRJNA861836	U1534C-1H-1_0cm	1		marine sediment	skeletal tissue		141	2.1492191126553797	0.041206192	0.00516023	0.054476388	0.5712138	0.32794338
SRR20576817	PRJNA861836	U1534C-1H-1_MUDLINE	1		marine sediment	soft tissue		7	0.8450980400142568	0.15513039	0.19911543	0.14230648	0.2145062	0.28894156
SRR21589119	PRJNA877812	SU176	1		soil	gut		1792	3.2533380053261065	0.4488882	0.014842798	0.07943338	0.11027813	0.34655744
SRR21589120	PRJNA877812	SU176	1		soil	gut		2076	3.31722734917642	0.6564453	0.009795131	0.065237336	0.042457093	0.22606511
SRR23699551	PRJNA885571	WAMP11	1	oral	dental calculus	oral	0.38610750436782837	76475	4.883519485656716	0.12551251	0.3861075	0.13701424	0.0796407	0.27172503
SRR23699552	PRJNA885571	WAMP10	1	oral	dental calculus	oral	0.3698146939277649	70829	4.850211110250349	0.13360777	0.3698147	0.14453883	0.09755198	0.2544867
SRR23699553	PRJNA885571	WAMP09	1	oral	dental calculus	oral	0.382150799036026	88040	4.94468003388131	0.12638465	0.3821508	0.13992366	0.08462775	0.26691315
SRR23699554	PRJNA885571	WAMP07	1	oral	dental calculus	oral	0.4180050790309906	102576	5.011045759539656	0.10448496	0.41800508	0.13425072	0.055512227	0.287747
SRR23699555	PRJNA885571	WAMP06	1	oral	dental calculus	oral	0.4024807810783386	95054	4.977970397281164	0.112968124	0.40248078	0.13469784	0.06759058	0.28226262
SRR23699556	PRJNA885571	WAMP05	1	oral	dental calculus	oral	0.4221421778202057	99872	4.999443746985238	0.102253124	0.42214218	0.12913537	0.0557257	0.29074356
SRR23699557	PRJNA885571	WAMP04	1	oral	dental calculus	oral	0.37998077273368835	70791	4.849978047254891	0.12924585	0.37998077	0.1390644	0.085196026	0.26651293
SRR23699558	PRJNA885571	WAMP34	1	oral	dental calculus	oral	0.3415793180465698	76393	4.8830535653734435	0.14868338	0.34157932	0.14849497	0.117603466	0.24363884
SRR23699559	PRJNA885571	WAMP33	1	oral	dental calculus	oral	0.426988422870636	101180	5.005094675072549	0.10002698	0.42698842	0.13204682	0.051000554	0.2899373
SRR23699560	PRJNA885571	WAMP29	1	oral	dental calculus	oral	0.4282490611076355	105356	5.022659273619403	0.098153986	0.42824906	0.12940602	0.05109202	0.29309893
SRR23699561	PRJNA885571	WAMP27	1	oral	dental calculus	oral	0.4284293055534363	106766	5.028432972137492	0.098579444	0.4284293	0.1301073	0.05102553	0.2918584
SRR23699562	PRJNA885571	WAMP27	1	oral	dental calculus	oral	0.4199102818965912	101930	5.008302024212002	0.10393755	0.41991028	0.13170877	0.05714196	0.2873014
SRR23699563	PRJNA885571	WAMP26	1	oral	dental calculus	oral	0.3974074721336365	81237	4.9097538769742455	0.11718376	0.39740747	0.13996002	0.07509048	0.27035826
SRR23699564	PRJNA885571	WAMP25	1	oral	dental calculus	oral	0.3027487099170685	43388	4.637369631484764	0.16071627	0.3027487	0.15417095	0.14257404	0.23979005
SRR23699565	PRJNA885571	WAMP24	1	oral	dental calculus	oral	0.4022679328918457	97781	4.990254474452271	0.114425816	0.40226793	0.1350538	0.06701966	0.28123277
SRR23699566	PRJNA885571	WAMP03	1	oral	dental calculus	oral	0.42867588996887207	105920	5.024977972095625	0.09770262	0.4286759	0.13047527	0.049325056	0.29382125
SRR23699567	PRJNA885571	WAMP23	1	oral	dental calculus	oral	0.42701879143714905	101345	5.005802327020394	0.099544525	0.4270188	0.13209252	0.050250012	0.29109418
SRR23699568	PRJNA885571	WAMP22	1	oral	dental calculus	oral	0.43388038873672485	107961	5.033266898600953	0.09529568	0.4338804	0.12882763	0.047783308	0.29421303
SRR23699569	PRJNA885571	WAMP21	1	oral	dental calculus	oral	0.42758995294570923	105956	5.025125554658057	0.09866254	0.42758995	0.13019681	0.051588137	0.2919626
SRR23699570	PRJNA885571	WAMP20	1	oral	dental calculus	oral	0.42801108956336975	104726	5.020054516012569	0.097832024	0.4280111	0.12876025	0.05122481	0.2941718
SRR23699571	PRJNA885571	WAMP19	1	oral	dental calculus	oral	0.42396435141563416	104855	5.020589144583294	0.10137673	0.42396435	0.13068897	0.05378141	0.29018852
SRR23699572	PRJNA885571	WAMP18	1	oral	dental calculus	oral	0.4293151795864105	106686	5.028107432342324	0.09761	0.42931518	0.12946254	0.050025295	0.293587
SRR23699573	PRJNA885571	WAMP15	1	oral	dental calculus	oral	0.4142163395881653	104036	5.017183645990936	0.10612281	0.41421634	0.13346402	0.057631396	0.28856546
SRR23699574	PRJNA885571	WAMP14	1	oral	dental calculus	oral	0.3830345571041107	62395	4.795149789050817	0.1284343	0.38303456	0.14249748	0.08385305	0.2621806
SRR23699575	PRJNA885571	WAMP13	1	oral	dental calculus	oral	0.4317501485347748	106425	5.027043658849174	0.09700411	0.43175015	0.1296345	0.049048368	0.29256287
SRR23699576	PRJNA885571	WAMP12	1	oral	dental calculus	oral	0.43034258484840393	106281	5.0264556320427065	0.097043246	0.43034258	0.12947276	0.049823202	0.29331815
SRR23699577	PRJNA885571	WAMP03	1	oral	dental calculus	oral	0.42801299691200256	105506	5.023277158143632	0.09750548	0.428013	0.12946007	0.050153293	0.29486817
SRR23699578	PRJNA885571	WAMP02	1	oral	dental calculus	oral	0.3987734913825989	77051	4.8867782795458545	0.11882341	0.3987735	0.13821584	0.069820486	0.27436677
SRR25620676	PRJNA1004851	LLII-12-84-3	1		permafrost	plant tissue		419	2.622214022966295	0.03687907	0.0043677106	0.8193539	0.017697562	0.121701814
SRR25620681	PRJNA1004851	MM12-118b	1		permafrost	plant tissue		429	2.6324572921847245	0.016670844	0.0016852401	0.8970561	0.009545045	0.07504276
SRR25620753	PRJNA1004851	BC 4-2B	1		permafrost	plant tissue		380	2.57978359661681	0.22547403	0.047647703	0.33615416	0.098247044	0.29247704
SRR25620756	PRJNA1004851	LLII 12-217-8	1		permafrost	plant tissue		500	2.6989700043360187	0.11282138	0.0197692	0.59191644	0.052402355	0.2230906
SRR25620780	PRJNA1004851	BC 4-2B	1		permafrost	plant tissue		789	2.89707700320942	0.03915915	0.00666207	0.80184346	0.024110887	0.1282244
SRR25620786	PRJNA1004851	LLII 12-217-8	1		permafrost	plant tissue		272	2.4345689040341987	0.034798924	0.004465802	0.8238141	0.018535031	0.11838617
SRR25620790	PRJNA1004851	LLII-12-84-3	1		permafrost	plant tissue		238	2.376576957056512	0.013170366	0.001142596	0.91327417	0.007092039	0.0653208
SRR25620795	PRJNA1004851	MM12-118b	1		permafrost	plant tissue		215	2.3324384599156054	0.010678897	0.00083845994	0.92419946	0.0057893964	0.05849378
SRR5297130	PRJNA377320	RN4-Calculus	1	oral	dental calculus	oral	0.37948790192604065	90534	4.956811708921813	0.12757218	0.3794879	0.14002301	0.085351974	0.26756492
SRR5297131	PRJNA377320	RN3-Calculus	1	oral	dental calculus	oral	0.32825344800949097	67315	4.8281118501283045	0.15374896	0.32825345	0.15209088	0.12541857	0.2404882
SRR5297132	PRJNA377320	RN2-Calculus	1	oral	dental calculus	oral	0.3737327456474304	75379	4.877250371673381	0.13345045	0.37373275	0.14198466	0.0937153	0.25711685
SRR5297133	PRJNA377320	RN1-Calculus	1	oral	dental calculus	oral	0.35248255729675293	72766	4.861928502093725	0.14203775	0.35248256	0.14851303	0.11041132	0.24655536
SRR5875714	PRJNA395646	Lyuba caecum	1	soft tissue		soft tissue	0.3578733503818512	483	2.683947130751512	0.23878793	0.072722316	0.11436802	0.21624835	0.35787335
SRR5875715	PRJNA395646	Lyuba caecum	1	soft tissue		soft tissue	0.39287346601486206	1355	3.1319392952104246	0.2608607	0.064822115	0.085486285	0.19595742	0.39287347
SRR5875718	PRJNA395646	Lyuba intestinal tissue 1	1	soft tissue	intestine	soft tissue	0.40362754464149475	369	2.56702636615906	0.32817727	0.04388977	0.10541844	0.11888697	0.40362754
SRR5875719	PRJNA395646	Lyuba intestinal tissue 1	1	soft tissue	intestine	gut	0.2099107801914215	1313	3.118264726089479	0.6990883	0.0053739166	0.057031214	0.02859579	0.20991078
SRR5875720	PRJNA395646	Lyuba intestinal tissue 2	1	soft tissue	intestine	soft tissue	0.4079696238040924	407	2.60959440922522	0.23798403	0.060793795	0.10642858	0.186824	0.40796962
SRR5875721	PRJNA395646	Lyuba intestinal tissue 2	1	soft tissue	intestine	soft tissue	0.41240161657333374	935	2.9708116108725178	0.31455344	0.03707551	0.080511704	0.15545772	0.41240162
SRR5875722	PRJNA395646	Lyuba omentum	1	soft tissue		soft tissue	0.39177030324935913	339	2.530199698203082	0.27181187	0.062443443	0.09707956	0.17689478	0.3917703
SRR5875723	PRJNA395646	Lyuba omentum	1	soft tissue		gut	0.35422542691230774	1287	3.1095785469043866	0.41223732	0.025154024	0.081848934	0.12653428	0.35422543
SRR5875724	PRJNA395646	Lyuba cheek fat	1	soft tissue		soft tissue	0.36674007773399353	282	2.450249108319361	0.14360824	0.09697206	0.108596325	0.2840833	0.36674008
SRR5875725	PRJNA395646	Lyuba cheek fat	1	soft tissue		soft tissue	0.39993828535079956	1177	3.0707764628434346	0.15311278	0.00776252	0.06254684	0.37663954	0.3999383
SRR5875726	PRJNA395646	Lyuba abdominal subcutaneous fat and muscle	1	soft tissue	muscle tissue	soft tissue	0.42044132947921753	533	2.7267272090265724	0.3294037	0.039245743	0.08964189	0.121267304	0.42044133
SRR5875727	PRJNA395646	Lyuba abdominal subcutaneous fat and muscle	1	soft tissue	muscle tissue	gut	0.3097355365753174	1606	3.205745540942662	0.5526787	0.008731743	0.068909936	0.059944123	0.30973554
SRR5875728	PRJNA395646	Lyuba abdominal oblique muscle	1	soft tissue	muscle tissue	soft tissue	0.42615652084350586	367	2.5646660642520893	0.09400656	0.037982244	0.08940564	0.35244906	0.42615652
SRR5875729	PRJNA395646	Lyuba abdominal oblique muscle	1	soft tissue	muscle tissue	soft tissue	0.4329564571380615	1289	3.110252917353403	0.28442654	0.019712048	0.07261734	0.19028763	0.43295646
SRR5875730	PRJNA395646	Lyuba peritoneum	1	soft tissue		soft tissue	0.44701701402664185	332	2.5211380837040362	0.27404338	0.046915274	0.083288625	0.14873573	0.447017
SRR5875731	PRJNA395646	Lyuba peritoneum	1	soft tissue		gut	0.2902512550354004	1288	3.1099158630237933	0.5873168	0.0066648712	0.06258949	0.053177573	0.29025126
SRR8731955	PRJNA527177	BRS2	1	gut	palaeofaeces	gut	0.4816509187221527	1070	3.0293837776852097	0.48165092	0.03432011	0.094184496	0.109028794	0.2808157
SRR8731956	PRJNA527177	BRS1	1		sediment	skeletal tissue		87	1.9395192526186185	0.055350102	0.012057356	0.06942074	0.53676045	0.3264113
SRR8731957	PRJNA527177	BRS4	1	gut	palaeofaeces	gut	0.8808086514472961	3907	3.5918434112247843	0.88080865	0.0011868433	0.022793703	0.00681863	0.088392176
SRR8731958	PRJNA527177	BRS3	1	gut	palaeofaeces	soft tissue	0.1794031411409378	479	2.680335513414563	0.17940314	0.25561163	0.124354824	0.12796955	0.3126608
SRR8731959	PRJNA527177	BRS5	1		sediment	skeletal tissue		113	2.0530784434834195	0.052705817	0.006382744	0.059448056	0.51737183	0.36409155
ERR10114844	PRJEB55583	FUM002.A	2			oral		48350	4.68439647841902	0.084485464	0.3936572	0.2466933	0.0767474	0.19841659
ERR10114845	PRJEB55583	GOY006.A	2			oral		57314	4.7582607193512505	0.084930226	0.39703768	0.24246769	0.07821468	0.19734976
ERR10114846	PRJEB55583	PES001.B	2			oral		89829	4.95341656502781	0.080341674	0.40055975	0.25051907	0.0714908	0.19708875
ERR10114847	PRJEB55583	BAN001.A	2			oral		547	2.737987326333431	0.08429966	0.39269352	0.23438987	0.07669611	0.21192083
ERR10114848	PRJEB55583	ECO002.C	2			oral		87609	4.942548723172236	0.085658655	0.39418238	0.24705036	0.077665165	0.19544344
ERR10114849	PRJEB55583	ECO004.B	2			oral		61471	4.788670278208695	0.09108429	0.39116564	0.2321686	0.08608256	0.19949886
ERR10114850	PRJEB55583	ECO010.B	2			oral		83634	4.92238286847419	0.08946859	0.3859954	0.24969263	0.080865845	0.19397755
ERR10114851	PRJEB55583	FUM001.A	2			oral		11668	4.066996420449695	0.11914353	0.32177317	0.22096547	0.12908475	0.20903306
ERR10114852	PRJEB55583	FUM002.A	2			oral		17963	4.254378869894893	0.10197916	0.3569246	0.23275764	0.1041141	0.20422454
ERR10114853	PRJEB55583	FUM003.A	2			oral		8974	3.9529860651970554	0.09255204	0.3853233	0.2321902	0.08960463	0.20032986
ERR10114854	PRJEB55583	GOY005.A	2			oral		14391	4.158090973185559	0.09184241	0.38216293	0.23470661	0.090155534	0.20113254
ERR10114855	PRJEB55583	GOY006.A	2			oral		40748	4.610106297486313	0.10051787	0.36440265	0.22989509	0.10073384	0.20445052
ERR10114856	PRJEB55583	GUE001.A	2			skeletal tissue		456	2.658964842664435	0.09649648	0.15034899	0.19169912	0.38215703	0.17929834
ERR10114857	PRJEB55583	OFN001.A	2			oral		108486	5.0353736965712175	0.07110721	0.40881	0.26248544	0.058163412	0.19943394
ERR10114858	PRJEB55583	PES001.B	2			oral		49921	4.698283276396564	0.09811662	0.3695733	0.23104322	0.09635689	0.20490995
ERR10114859	PRJEB55583	PLV001.A	2			oral		79956	4.902851059315761	0.07108174	0.41663828	0.25234807	0.06238194	0.19754994
ERR10114860	PRJEB55583	RIG001.A	2			oral		96002	4.982280280747028	0.073523216	0.4050374	0.25879544	0.06310099	0.19954292
ERR10114861	PRJEB55583	SPM001.A	2			skeletal tissue		298	2.4742162640762553	0.032823432	0.0063631563	0.107133165	0.75562155	0.09805863
ERR10114862	PRJEB55583	SPM002.A	2			plant tissue		1255	3.098643725817057	0.17631257	0.22850446	0.2360692	0.1555287	0.20358507
ERR10114863	PRJEB55583	SPM002.A	2			skeletal tissue		703	2.846955325019824	0.049914647	0.05486573	0.15246984	0.65144753	0.091302216
ERR10114864	PRJEB55583	VLD001.A	2			oral		35320	4.548020694905531	0.09978863	0.37283453	0.22916913	0.10416716	0.19404057
ERR10114865	PRJEB55583	ZAF001.A	2			oral		5136	3.710625015060797	0.08941873	0.39270857	0.2289218	0.087859556	0.20109136
ERR10114866	PRJEB55583	ZAF001.A	2			skeletal tissue		1036	3.0153597554092144	0.08389369	0.18813547	0.20638072	0.36010942	0.16148067
ERR10114878	PRJEB55583	EMN002.A	2		sediment	soft tissue		3440	3.53655844257153	0.052794766	0.014292893	0.13794747	0.119411804	0.6755531
ERR10114879	PRJEB55583	EMN003.A	2		sediment	soft tissue		3438	3.5363058723510337	0.06710217	0.02395777	0.16429436	0.2814499	0.4631958
ERR10114880	PRJEB55583	EMN004.A	2		sediment	skeletal tissue		2418	3.383456296524753	0.049715333	0.012405568	0.16241774	0.49602756	0.27943382
ERR10114881	PRJEB55583	EMN005.A	2		sediment	soft tissue		1782	3.250907699700856	0.049757726	0.007787671	0.11888361	0.05732413	0.7662469
ERR10114882	PRJEB55583	EMN007.A	2		sediment	soft tissue		3473	3.5407047833107623	0.09153088	0.04401211	0.1722	0.21974671	0.47251034
ERR10114883	PRJEB55583	EMN008.A	2		sediment	soft tissue		4192	3.6224212739756703	0.11182946	0.07201234	0.21403065	0.12383652	0.47829103
ERR10493277	PRJEB55522	119_B3_116_L0_KapK-12-1-24	2		permafrost	soft tissue		3761	3.575303333422399	0.041651864	0.0056685614	0.1685073	0.08122767	0.70294464
ERR10493281	PRJEB55522	119_B3_116_L0_KapK-12-1-27	2		permafrost	soft tissue		3356	3.5258219521566625	0.054490913	0.012430836	0.19105011	0.0560897	0.6859385
ERR10493283	PRJEB55522	119_B3_116_L0_KapK-12-1-29	2		permafrost	soft tissue		2027	3.3068537486930087	0.03227208	0.00403124	0.34131265	0.021324191	0.6010598
ERR10493285	PRJEB55522	119_B3_116_L1_KapK-12-1-41	2		permafrost	soft tissue		1385	3.1414497734004674	0.03153373	0.0037332457	0.46980256	0.019382205	0.4755482
ERR10493287	PRJEB55522	119_B3_116_L1_KapK-12-1-42	2		permafrost	soft tissue		1698	3.229937685907934	0.027411237	0.0025284959	0.40745696	0.016350804	0.5462525
ERR10493289	PRJEB55522	119_B3_116_L1_KapK-12-1-43	2		permafrost	plant tissue		1187	3.074450718954591	0.027720084	0.0025452082	0.60019094	0.013404673	0.35613903
ERR10493291	PRJEB55522	119_B3_116_L2_KapK-12-1-44	2		permafrost	soft tissue		1384	3.141136090120739	0.026727566	0.0015875219	0.21640523	0.020926045	0.73435366
ERR10493292	PRJEB55522	119_B3_116_L2_KapK-12-1-45	2		permafrost	soft tissue		2140	3.330413773349191	0.024782581	0.0016118422	0.24019559	0.016342025	0.71706796
ERR10493294	PRJEB55522	119_B3_116_L2_KapK-12-1-46	2		permafrost	soft tissue		2987	3.475235222604128	0.035481907	0.004181409	0.18063018	0.030494908	0.7492116
ERR10493297	PRJEB55522	119_B3_116_L3_KapK-12-1-47	2		permafrost	soft tissue		2346	3.3703280077795106	0.04038581	0.005991074	0.39882493	0.02853914	0.52625906
ERR10493299	PRJEB55522	119_B3_116_L3_KapK-12-1-48	2		permafrost	soft tissue		2590	3.413299764081252	0.040520035	0.004821111	0.31048316	0.02897532	0.6152004
ERR10493301	PRJEB55522	119_B3_116_L3_KapK-12-1-49	2		permafrost	soft tissue		2782	3.4443571256560275	0.03740806	0.0044366186	0.30872244	0.027523702	0.6219092
ERR10493303	PRJEB55522	119_B3_116_L4_KapK-12-1-50	2		permafrost	soft tissue		3537	3.5486350598147514	0.03497204	0.0041814176	0.16874826	0.035682153	0.7564162
ERR10493304	PRJEB55522	119_B3_116_L4_KapK-12-1-51	2		permafrost	soft tissue		3751	3.574147064150723	0.036425028	0.0034387235	0.1581679	0.039830793	0.76213753
ERR10493306	PRJEB55522	119_B3_116_L4_KapK-12-1-52	2		permafrost	soft tissue		2987	3.475235222604128	0.030041525	0.003093151	0.18822888	0.025172373	0.75346404
ERR10493308	PRJEB55522	50_B3_127_L0_KapK-198A	2		permafrost	soft tissue		3285	3.5165353738957994	0.04362468	0.0060868002	0.19194567	0.045915127	0.71242774
ERR10493310	PRJEB55522	50_B3_127_L0_KapK-199A	2		permafrost	soft tissue		2312	3.3639878297484915	0.03263344	0.0035809116	0.30485454	0.024696577	0.63423455
ERR10493311	PRJEB55522	50_B3_127_L0_KapK-199B	2		permafrost	soft tissue		1859	3.2692793897718984	0.05634774	0.004637847	0.41745558	0.03138793	0.49017096
ERR10493312	PRJEB55522	50_B3_127_L0_KapK-200A	2		permafrost	soft tissue		1802	3.255754786643044	0.019877015	0.0013005459	0.37672836	0.011421376	0.59067273
ERR10493314	PRJEB55522	69_B2_100_L0_KapK-12-1-34	2		permafrost	soft tissue		4214	3.6246945312720813	0.13141492	0.009007535	0.24607365	0.1260483	0.48745567
ERR10493316	PRJEB55522	69_B2_100_L0_KapK-12-1-35	2		permafrost	soft tissue		4088	3.611510887126656	0.08412279	0.0044554304	0.19592251	0.046325617	0.6691736
ERR10493318	PRJEB55522	69_B2_100_L0_KapK-12-1-36	2		permafrost	soft tissue		4026	3.604873770552636	0.10236935	0.007518352	0.2396132	0.10070322	0.54979587
ERR10493320	PRJEB55522	69_B2_103_L0_KapK-12-1-37	2		permafrost	soft tissue		1975	3.295567099962479	0.03268043	0.004475178	0.43479982	0.020974219	0.50707036
ERR10493322	PRJEB55522	69_B2_103_L0_KapK-12-1-38	2		permafrost	plant tissue		524	2.7193312869837265	0.02478155	0.0052962266	0.88679713	0.013601902	0.06952318
ERR10493324	PRJEB55522	69_B2_103_L0_KapK-12-1-39	2		permafrost	plant tissue		687	2.8369567370595505	0.017902013	0.0020769755	0.907629	0.007403475	0.06498852
ERR10493326	PRJEB55522	69_B2_97_L0_KapK-12-1-31	2		permafrost	soft tissue		2749	3.4391747398434687	0.043854803	0.007833746	0.26843742	0.031749517	0.6481245
ERR10493328	PRJEB55522	69_B2_97_L0_KapK-12-1-33	2		permafrost	soft tissue		3489	3.5427009694481106	0.041304022	0.00507209	0.16822346	0.03328854	0.7521119
ERR10493330	PRJEB55522	74a_B1_83_L1_Lok-75-Sample-1	2		permafrost	plant tissue		1512	3.1795517911651876	0.05244534	0.0041478164	0.4915306	0.02736107	0.4245152
ERR10493332	PRJEB55522	74a_B1_83_L1_Lok-75-Sample-1	2		permafrost	plant tissue		299	2.4756711883244296	0.061177813	0.014635762	0.6314136	0.051386796	0.24138603
ERR10493333	PRJEB55522	74a_B1_83_L1_Lok-75-Sample-1	2		permafrost	soft tissue		863	2.9360107957152097	0.028788958	0.002299817	0.21193898	0.023315547	0.7336567
ERR10493334	PRJEB55522	74a_B1_83_L2_Lok-75-Sample-2a	2		permafrost	plant tissue		213	2.3283796034387376	0.083657146	0.020567108	0.4368144	0.14869924	0.31026214
ERR10493335	PRJEB55522	74a_B1_83_L2_Lok-75-Sample-2a	2		permafrost	skeletal tissue		77	1.8864907251724818	0.071428366	0.01775033	0.19185075	0.5209831	0.1979874
ERR10493336	PRJEB55522	74a_B1_83_L2_Lok-75-Sample-2a	2		permafrost	plant tissue		211	2.3242824552976926	0.065074876	0.023153218	0.5869807	0.07234111	0.25245002
ERR10493337	PRJEB55522	74a_B1_83_L2_Lok-75-Sample-2b	2		permafrost	soft tissue		846	2.9273703630390235	0.030524353	0.0026867648	0.21743667	0.024990048	0.72436213
ERR10493338	PRJEB55522	74a_B1_83_L2_Lok-75-Sample-2b	2		permafrost	plant tissue		113	2.0530784434834195	0.103584036	0.055219717	0.31100172	0.23869702	0.29149753
ERR10493339	PRJEB55522	74a_B1_83_L2_Lok-75-Sample-2b	2		permafrost	plant tissue		123	2.089905111439398	0.099529326	0.05451883	0.4592927	0.13691436	0.24974482
ERR10493340	PRJEB55522	74a_B1_83_L2_Lok-75-Sample-2b	2		permafrost	plant tissue		189	2.2764618041732443	0.08221627	0.03234406	0.49424648	0.13327356	0.25791967
ERR10493341	PRJEB55522	74a_B1_83_L3_Lok-75-Sample-3	2		permafrost	soft tissue		2596	3.4143046881283317	0.032752357	0.0025077218	0.32204792	0.021263365	0.6214286
ERR10493343	PRJEB55522	74a_B1_83_L3_Lok-75-Sample-3	2		permafrost	plant tissue		1158	3.0637085593914173	0.023571454	0.0014593	0.61017454	0.010397378	0.35439727
ERR10493344	PRJEB55522	74a_B1_83_L3_Lok-75-Sample-3	2		permafrost	soft tissue		709	2.8506462351830666	0.02206896	0.0011660575	0.27129495	0.017274143	0.6881959
ERR10493345	PRJEB55522	74a_B1_83_L3_Lok-75-Sample-3	2		permafrost	soft tissue		733	2.8651039746411278	0.022461032	0.0012503484	0.22712883	0.018736929	0.73042285
ERR10493346	PRJEB55522	74a_B1_83_L4_Lok-75-Sample-4a	2		permafrost	plant tissue		299	2.4756711883244296	0.061177813	0.014635762	0.6314136	0.051386796	0.24138603
ERR10493347	PRJEB55522	74a_B1_83_L4_Lok-75-Sample-4a	2		permafrost	plant tissue		200	2.3010299956639813	0.06889206	0.016395006	0.5337547	0.077238694	0.3037195
ERR10493348	PRJEB55522	74a_B1_83_L4_Lok-75-Sample-4b	2		permafrost	oral		82	1.9138138523837167	0.1326082	0.25035155	0.2364132	0.16779335	0.21283373
ERR10493349	PRJEB55522	74a_B1_83_L4_Lok-75-Sample-4b	2		permafrost	plant tissue		86	1.9344984512435677	0.12682183	0.22164193	0.23932445	0.18499312	0.22721867
ERR10493357	PRJEB55522	75_B1_83_L1_KapK-202B	2		permafrost	skeletal tissue		69	1.8388490907372552	0.09512571	0.09617802	0.17674266	0.439524	0.19242966
ERR10493358	PRJEB55522	75_B1_83_L1_KapK-203A	2		permafrost	oral		425	2.6283889300503116	0.10924133	0.3290644	0.22129779	0.13633405	0.20406242
ERR10493359	PRJEB55522	75_B1_83_L1_KapK-203B	2		permafrost	skeletal tissue		217	2.3364597338485296	0.047695134	0.008682994	0.19333124	0.50890166	0.24138904
ERR10493360	PRJEB55522	75_B1_83_L2_KapK-205A	2		permafrost	soft tissue		2264	3.354876422516234	0.029488215	0.0016978076	0.1987119	0.022928601	0.7471735
ERR10493361	PRJEB55522	75_B1_83_L2_KapK-205B	2		permafrost	soft tissue		1374	3.137986732723532	0.019890223	0.0007123305	0.35020107	0.010001672	0.61919475
ERR10493362	PRJEB55522	75_B1_83_L2_KapK-205C	2		permafrost	soft tissue		1433	3.1562461903973444	0.016546007	0.0005929015	0.3077731	0.009852214	0.6652357
ERR10493363	PRJEB55522	75_B1_83_L2_KapK-205D	2		permafrost	soft tissue		1311	3.117602691690084	0.023973245	0.0014921308	0.4242726	0.011999777	0.53826225
ERR11660399	PRJEB64128	KGH1-E	2	oral	tooth	oral	0.3835620880126953	72185	4.858446960810253	0.09412758	0.3835621	0.23983708	0.08656799	0.19590528
ERR11660400	PRJEB64128	KGH1-E	2	oral	tooth	oral	0.3833071291446686	72059	4.857688230899298	0.09424521	0.38330713	0.2398859	0.086690806	0.19587097
ERR11660401	PRJEB64128	KGH1-E	2	oral	tooth	oral	0.3846968412399292	17840	4.251394850040104	0.091999836	0.38469684	0.23109667	0.08953124	0.20267539
ERR11660402	PRJEB64128	KGH1-E	2	oral	tooth	oral	0.3838278651237488	73644	4.867137369331557	0.09386642	0.38382787	0.24024312	0.08631389	0.19574869
ERR11660403	PRJEB64128	KGH1-E	2	oral	tooth	oral	0.3840125799179077	73586	4.866795196116133	0.09376947	0.38401258	0.24025404	0.08616167	0.19580227
ERR11660404	PRJEB64128	KGH1-E	2	oral	tooth	oral	0.3823152482509613	18582	4.269092455740431	0.09271104	0.38231525	0.23129931	0.090654485	0.2030199
ERR11660405	PRJEB64128	KGH1-E	2	oral	tooth	oral	0.38160404562950134	64494	4.8095193132694165	0.09617034	0.38160405	0.23679662	0.08862112	0.19680783
ERR11660406	PRJEB64128	KGH1-E	2	oral	tooth	oral	0.3813587427139282	64541	4.809835690090468	0.09639809	0.38135874	0.23643129	0.089031175	0.19678067
ERR11660407	PRJEB64128	KGH1-E	2	oral	tooth	oral	0.3790540397167206	13984	4.145631415290328	0.09369192	0.37905404	0.23074615	0.09233394	0.20417397
ERR11660408	PRJEB64128	KGH1-E	2	oral	tooth	oral	0.3817862868309021	66048	4.81985967127508	0.09675653	0.3817863	0.23560753	0.08941938	0.19643028
ERR11660409	PRJEB64128	KGH1-E	2	oral	tooth	oral	0.38180723786354065	66094	4.820162036109493	0.096549734	0.38180724	0.23603721	0.08915621	0.19644961
ERR11660410	PRJEB64128	KGH1-E	2	oral	tooth	oral	0.37677159905433655	13310	4.124178055474675	0.09465633	0.3767716	0.23049226	0.0936955	0.20438425
ERR11660411	PRJEB64128	KGH1-E	2	oral	tooth	oral	0.38315802812576294	72228	4.8587055893724145	0.09430095	0.38315803	0.23986885	0.08676438	0.19590779
ERR11660412	PRJEB64128	KGH1-E	2	oral	tooth	oral	0.3836892247200012	72216	4.858633429451687	0.09380525	0.38368922	0.24030249	0.08612576	0.19607726
ERR11660413	PRJEB64128	KGH1-E	2	oral	tooth	oral	0.3819485604763031	17649	4.246720103107109	0.09275687	0.38194856	0.23120102	0.090754986	0.20333853
ERR11660414	PRJEB64128	KGH1-E	2	oral	tooth	oral	0.38315948843955994	73651	4.867178647872928	0.09407524	0.3831595	0.24038318	0.08661102	0.19577105
ERR11660415	PRJEB64128	KGH1-E	2	oral	tooth	oral	0.3834598660469055	73757	4.867803243865229	0.093961254	0.38345987	0.24033687	0.08652238	0.19571957
ERR11660416	PRJEB64128	KGH1-E	2	oral	tooth	oral	0.3849242031574249	19071	4.280373466150119	0.0923666	0.3849242	0.23085436	0.0895946	0.20226021
ERR11660417	PRJEB64128	KGH1-E	2	oral	tooth	oral	0.38184109330177307	70538	4.848423141732414	0.09588604	0.3818411	0.23765282	0.08874978	0.19587025
ERR11660418	PRJEB64128	KGH1-E	2	oral	tooth	oral	0.382258802652359	70553	4.848515485216451	0.09553552	0.3822588	0.23796532	0.08829691	0.19594347
ERR11660419	PRJEB64128	KGH1-E	2	oral	tooth	oral	0.38258129358291626	18344	4.2634940417218825	0.092387035	0.3825813	0.23118472	0.09032718	0.20351978
ERR11660420	PRJEB64128	KGH1-E	2	oral	tooth	oral	0.3819892406463623	70020	4.845222106429014	0.0953076	0.38198924	0.23876579	0.08791028	0.19602707
ERR11660421	PRJEB64128	KGH1-E	2	oral	tooth	oral	0.3818221688270569	69817	4.843961183472182	0.09552042	0.38182217	0.2384623	0.08818976	0.19600531
ERR11660422	PRJEB64128	KGH1-E	2	oral	tooth	oral	0.3854066729545593	18277	4.261904911837202	0.09222512	0.38540667	0.23082054	0.08942171	0.202126
ERR11660423	PRJEB64128	KGH1-E	2	oral	tooth	oral	0.38252535462379456	70086	4.845631274315126	0.094947025	0.38252535	0.23897393	0.087463744	0.19608997
ERR11660424	PRJEB64128	KGH1-E	2	oral	tooth	oral	0.38209426403045654	70241	4.846590685862033	0.09541503	0.38209426	0.23842344	0.08811683	0.19595042
ERR11660425	PRJEB64128	KGH1-E	2	oral	tooth	oral	0.3831122815608978	15234	4.182813951257366	0.0920503	0.38311228	0.23136565	0.090020575	0.2034512
ERR11660426	PRJEB64128	KGH1-E	2	oral	tooth	oral	0.3820664584636688	69737	4.8434632606271455	0.09534331	0.38206646	0.23856726	0.08800023	0.19602272
ERR11660427	PRJEB64128	KGH1-E	2	oral	tooth	oral	0.3821471333503723	69664	4.843008407361	0.095162064	0.38214713	0.23879394	0.0877237	0.19617319
ERR11660428	PRJEB64128	KGH1-E	2	oral	tooth	oral	0.382038414478302	17608	4.245710029545291	0.0926968	0.3820384	0.23099566	0.09066857	0.20360056
ERR11660429	PRJEB64128	KGH1-E	2	oral	tooth	skeletal tissue	0.08827768266201019	83	1.919078092376074	0.09123178	0.08827768	0.17409633	0.4656015	0.18079266
ERR11660430	PRJEB64128	KGH2-F	2	oral	tooth	skeletal tissue	0.05023473501205444	668	2.824776462475546	0.086208805	0.050234735	0.17998818	0.5071858	0.17638245
ERR11660431	PRJEB64128	KGH2-F	2	oral	tooth	oral	0.3593774139881134	930	2.9684829485539352	0.10883316	0.3593774	0.22066212	0.11476725	0.19636004
ERR11660432	PRJEB64128	KGH2-F	2	oral	tooth	skeletal tissue	0.00636259326711297	121	2.0827853703164503	0.033744473	0.0063625933	0.107726	0.7429274	0.10923956
ERR11660433	PRJEB64128	KGH1-A	2	oral	tooth	skeletal tissue	0.005351608153432608	10	1.0	0.030341905	0.005351608	0.10396139	0.75445247	0.10589262
ERR11660434	PRJEB64128	KGH1-A	2	oral	tooth	skeletal tissue	0.025829609483480453	66	1.8195439355418688	0.05652552	0.02582961	0.14503178	0.6364125	0.1362005
ERR11660435	PRJEB64128	KGH1-A	2	oral	tooth	skeletal tissue	0.010461232624948025	10	1.0	0.04293843	0.010461233	0.12758215	0.6893172	0.12970093
ERR11660436	PRJEB64128	KGH1-A	2	oral	tooth	skeletal tissue	0.01339617371559143	37	1.568201724066995	0.047332827	0.013396174	0.1309365	0.67657274	0.13176179
ERR11660437	PRJEB64128	KGH1-A	2	oral	tooth	skeletal tissue	0.014660152606666088	5	0.6989700043360189	0.051395446	0.014660153	0.14312127	0.6457033	0.14511982
ERR11660438	PRJEB64128	KGH1-A	2	oral	tooth	oral	0.39343199133872986	1191	3.0759117614827773	0.079662286	0.393432	0.23225133	0.09647611	0.19817826
ERR11660439	PRJEB64128	KGH1-A	2	oral	tooth	oral	0.378659188747406	1497	3.1752218003430523	0.0829271	0.3786592	0.2302961	0.11095393	0.19716364
ERR11660440	PRJEB64128	KGH1-A	2	oral	tooth	oral	0.3859863877296448	1430	3.155336037465062	0.081642605	0.3859864	0.23129027	0.10283186	0.19824886
ERR11660441	PRJEB64128	KGH1-A	2	oral	tooth	oral	0.3811419606208801	1414	3.150449409460881	0.08281561	0.38114196	0.23066445	0.10770269	0.19767527
ERR11660442	PRJEB64128	KGH1-A	2	oral	tooth	oral	0.39799073338508606	1183	3.0729847446279304	0.078680016	0.39799073	0.23301058	0.09227816	0.19804053
ERR11660443	PRJEB64128	KGH1-A	2	oral	tooth	oral	0.392319917678833	1248	3.0962145853464054	0.079848416	0.39231992	0.23214102	0.09760921	0.19808146
ERR11660444	PRJEB64128	KGH1-A	2	oral	tooth	oral	0.39714890718460083	1243	3.094471128641645	0.07887359	0.3971489	0.23242669	0.092722185	0.19882861
ERR11660445	PRJEB64128	KGH1-A	2	oral	tooth	oral	0.34315675497055054	1199	3.0788191830988487	0.09064933	0.34315675	0.22429761	0.14750144	0.1943949
ERR11660446	PRJEB64128	KGH1-A	2	oral	tooth	oral	0.3131405711174011	1954	3.2909245593827543	0.08922769	0.31314057	0.2165153	0.19076166	0.19035478
ERR11660447	PRJEB64128	KGH1-A	2	oral	tooth	oral	0.3671584725379944	1501	3.1763806922432702	0.08492836	0.36715847	0.22707923	0.124313846	0.19652013
ERR11660448	PRJEB64128	KGH1-A	2	oral	tooth	oral	0.39649584889411926	1389	3.1427022457376155	0.07870299	0.39649585	0.23296814	0.09316876	0.19866425
ERR11660449	PRJEB64128	KGH1-A	2	oral	tooth	oral	0.36940908432006836	1515	3.180412632838324	0.085204594	0.36940908	0.22847196	0.119499184	0.19741522
ERR11660450	PRJEB64128	KGH1-A	2	oral	tooth	oral	0.34633639454841614	1415	3.150756439860309	0.08786435	0.3463364	0.22287688	0.14806041	0.194862
ERR11660451	PRJEB64128	KGH2-B	2	oral	tooth	skeletal tissue	0.004127803258597851	46	1.662757831681574	0.02811716	0.0041278033	0.10063554	0.7631461	0.1039734
ERR11660452	PRJEB64128	KGH2-B	2	oral	tooth	skeletal tissue	0.018942873924970627	276	2.4409090820652177	0.052543454	0.018942874	0.13391244	0.65678453	0.1378167
ERR11660453	PRJEB64128	KGH2-B	2	oral	tooth	skeletal tissue	0.0040532262064516544	92	1.9637878273455553	0.027014688	0.004053226	0.0952919	0.7775043	0.09613587
ERR11660454	PRJEB64128	KGH2-B	2	oral	tooth	oral	0.27086907625198364	733	2.8651039746411278	0.103741705	0.27086908	0.21093169	0.21502951	0.1994281
ERR11660455	PRJEB64128	KGH2-B	2	oral	tooth	skeletal tissue	0.004835870116949081	71	1.8512583487190752	0.029412892	0.00483587	0.10173619	0.7596863	0.10432871
ERR11660456	PRJEB64128	KGH2-B	2	oral	tooth	oral	0.39561134576797485	14468	4.1604085000895825	0.08669616	0.39561135	0.24132404	0.08057892	0.19578949
ERR11660457	PRJEB64128	KGH2-B	2	oral	tooth	oral	0.39563459157943726	13974	4.145320738918325	0.08670573	0.3956346	0.24126999	0.080606624	0.19578306
ERR11660458	PRJEB64128	KGH2-B	2	oral	tooth	oral	0.3952290117740631	13835	4.14097916347697	0.087029815	0.395229	0.24095067	0.08095846	0.19583207
ERR11660459	PRJEB64128	KGH2-B	2	oral	tooth	oral	0.39454835653305054	13177	4.119816545937216	0.08771535	0.39454836	0.2399888	0.08172381	0.19602369
ERR11660460	PRJEB64128	KGH2-F	2	oral	tooth	skeletal tissue	0.14760202169418335	862	2.9355072658247128	0.106102094	0.14760202	0.19246359	0.3630667	0.19076554
ERR11660461	PRJEB64128	KGH2-F	2	oral	tooth	oral	0.3967539370059967	57127	4.756841417870189	0.08537839	0.39675394	0.24063218	0.077921495	0.19931403
ERR11660462	PRJEB64128	KGH2-F	2	oral	tooth	oral	0.3953135013580322	58632	4.768134708685043	0.08731147	0.3953135	0.23867416	0.080003455	0.19869742
ERR11660463	PRJEB64128	KGH2-F	2	oral	tooth	oral	0.39521780610084534	55159	4.741616384073453	0.08727038	0.3952178	0.23835973	0.08009461	0.19905749
ERR11660464	PRJEB64128	KGH2-F	2	oral	tooth	oral	0.3957682251930237	58090	4.764101376476229	0.08691482	0.39576823	0.23904128	0.07952809	0.1987476
ERR11660465	PRJEB64128	KGH2-F	2	oral	tooth	oral	0.39493098855018616	52846	4.723012120429238	0.08798555	0.394931	0.23703618	0.08090832	0.19913892
ERR11660466	PRJEB64128	KGH2-F	2	oral	tooth	oral	0.39599788188934326	57000	4.7558748556724915	0.08658506	0.39599788	0.2392064	0.079232514	0.19897816
ERR12814413	PRJEB74036	ESL001	2		lake sediment	soft tissue		1407	3.1482940974347455	0.13462564	0.22222745	0.23839441	0.08423736	0.3205152
ERR12814414	PRJEB74036	ESL001	2		lake sediment	soft tissue		2285	3.358886204405869	0.15013333	0.17057675	0.26322004	0.09194221	0.32412764
ERR12814415	PRJEB74036	ESL003	2		lake sediment	soft tissue		1568	3.1953460583484197	0.14544447	0.091179155	0.29479742	0.10889862	0.35968032
ERR12814416	PRJEB74036	ESL003	2		lake sediment	soft tissue		2679	3.427972713608209	0.21021919	0.14326754	0.2585934	0.10234324	0.28557664
ERR12814417	PRJEB74036	ESL007	2		lake sediment	soft tissue		3187	3.5033820634737327	0.1647183	0.037913345	0.2994692	0.10214256	0.39575657
ERR12814418	PRJEB74036	ESL008	2		lake sediment	soft tissue		3111	3.4929000111087034	0.1927186	0.08257564	0.2510734	0.08940345	0.38422894
ERR12814419	PRJEB74036	ESL009	2		lake sediment	soft tissue		3576	3.55339751012388	0.13593073	0.008695184	0.28882182	0.08216897	0.48438329
ERR12814422	PRJEB74036	ESL012	2		lake sediment	soft tissue		2334	3.3681008517093516	0.15636715	0.049741518	0.3254555	0.10625245	0.3621834
ERR12814423	PRJEB74036	ESL015	2		lake sediment	soft tissue		720	2.8573324964312685	0.092785485	0.013977031	0.32218784	0.06365963	0.50739
ERR12814424	PRJEB74036	ESL015	2		lake sediment	soft tissue		2905	3.4631461367263494	0.18121943	0.027814275	0.28377965	0.07122892	0.43595782
ERR12814425	PRJEB74036	ESL018	2		lake sediment	soft tissue		1901	3.278982116865443	0.043651618	0.0014844617	0.38747296	0.021853084	0.5455378
ERR12814427	PRJEB74036	ESL021	2		lake sediment	soft tissue		1593	3.2022157758011316	0.0340199	0.0014922598	0.3346725	0.020777365	0.609038
ERR12814428	PRJEB74036	ESL021	2		lake sediment	soft tissue		2222	3.346744054604849	0.052168142	0.0029670366	0.31441066	0.031771924	0.5986822
ERR12814429	PRJEB74036	ESL026	2		lake sediment	soft tissue		1445	3.1598678470925665	0.031693034	0.002701428	0.17616954	0.039236605	0.7501994
ERR12814430	PRJEB74036	ESL026	2		lake sediment	soft tissue		1738	3.2400497721126476	0.034428295	0.0029283066	0.19666527	0.03692602	0.72905207
ERR12814431	PRJEB74036	ESL028	2		lake sediment	soft tissue		1620	3.2095150145426308	0.030049408	0.002100883	0.26067907	0.024480041	0.68269056
ERR12814432	PRJEB74036	ESL029	2		lake sediment	soft tissue		2198	3.3420276880874717	0.026566949	0.0013075732	0.2627068	0.01839542	0.69102323
ERR12814433	PRJEB74036	ESL032	2		lake sediment	skeletal tissue		24	1.380211241711606	0.08472116	0.046479028	0.1767296	0.51258796	0.17948222
ERR12814434	PRJEB74036	ESL034	2		lake sediment	soft tissue		1949	3.2898118391176214	0.07738124	0.028020948	0.36838248	0.12920775	0.3970076
ERR12814435	PRJEB74036	ESL034	2		lake sediment	soft tissue		1590	3.2013971243204513	0.030278543	0.0026889334	0.25710887	0.030784005	0.6791397
ERR12814436	PRJEB74036	ESL036	2		lake sediment	soft tissue		1728	3.2375437381428744	0.03113843	0.0026860854	0.25276715	0.030610314	0.682798
ERR12814437	PRJEB74036	ESL036	2		lake sediment	soft tissue		1748	3.2425414282983844	0.032726787	0.0032880385	0.3220047	0.028887164	0.61309326
ERR12814438	PRJEB74036	ESL038	2		lake sediment	soft tissue		2324	3.366236123718293	0.033944495	0.0034913353	0.23336728	0.031673916	0.697523
ERR12814439	PRJEB74036	ESL038	2		lake sediment	soft tissue		1560	3.1931245983544616	0.034664016	0.003371448	0.23873654	0.03451013	0.68871796
ERR12814440	PRJEB74036	ESL041	2		lake sediment	soft tissue		1658	3.2195845262142546	0.054049153	0.007796476	0.2570255	0.07065259	0.6104763
ERR12814442	PRJEB74036	ESL041	2		lake sediment	soft tissue		1514	3.180125875164054	0.020193627	0.0012527775	0.1684273	0.021154355	0.78897196
ERR12814443	PRJEB74036	ESL043	2		lake sediment	soft tissue		1759	3.245265839457461	0.025639722	0.0018205848	0.18283609	0.027892668	0.76181096
ERR12814444	PRJEB74036	ESL043	2		lake sediment	soft tissue		1942	3.288249225571986	0.03742097	0.0049136067	0.3550076	0.033991463	0.5686664
ERR12814445	PRJEB74036	ESL044	2		lake sediment	soft tissue		1250	3.0969100130080562	0.04154671	0.008058386	0.3796497	0.03720259	0.5335426
ERR12814446	PRJEB74036	ESL044	2		lake sediment	soft tissue		1838	3.2643455070500926	0.04640948	0.008017413	0.32464197	0.04829613	0.572635
ERR12814447	PRJEB74036	ESL046	2		lake sediment	soft tissue		1396	3.144885418287142	0.02572922	0.0020268927	0.3558426	0.019833904	0.5965674
ERR12814448	PRJEB74036	ESL046	2		lake sediment	soft tissue		1818	3.2595938788859486	0.024934553	0.0016060581	0.31167194	0.018724289	0.6430632
ERR12814449	PRJEB74036	ESL048	2		lake sediment	soft tissue		1269	3.103461622094705	0.06357675	0.015339611	0.32111531	0.085469246	0.51449907
ERR12814450	PRJEB74036	ESL048	2		lake sediment	soft tissue		1566	3.1947917577219247	0.052776366	0.010080185	0.32826734	0.06708315	0.54179287
ERR12814452	PRJEB74036	ESL051	2		lake sediment	soft tissue		1664	3.2211533219547053	0.06409915	0.011377838	0.22284798	0.102873944	0.598801
ERR12814453	PRJEB74036	ESL051	2		lake sediment	soft tissue		2018	3.3049211619008916	0.080784164	0.045845877	0.270312	0.090375975	0.512682
ERR12814454	PRJEB74036	ESL053	2		lake sediment	plant tissue		1471	3.16761267272753	0.06535931	0.025119442	0.44469744	0.07586625	0.3889576
ERR12814455	PRJEB74036	ESL055	2		lake sediment	plant tissue		1802	3.255754786643044	0.077192165	0.059736967	0.3952934	0.07873481	0.38904262
ERR12814456	PRJEB74036	ESL057	2		lake sediment	plant tissue		1381	3.140193678578631	0.054566853	0.018294236	0.43949342	0.04984548	0.43780002
ERR12814457	PRJEB74036	ESL057	2		lake sediment	soft tissue		1898	3.2782962080912736	0.028427565	0.002716656	0.32895297	0.024386806	0.615516
ERR12814458	PRJEB74036	ESL058	2		lake sediment	soft tissue		2328	3.3669829759778507	0.055136986	0.007052294	0.28982404	0.06860997	0.5793767
ERR12814460	PRJEB74036	ESL061	2		lake sediment	soft tissue		1374	3.137986732723532	0.04948507	0.010975878	0.36580756	0.061962705	0.51176876
ERR12814461	PRJEB74036	ESL063	2		lake sediment	plant tissue		1607	3.2060158767633444	0.058225293	0.02263212	0.50635016	0.056962214	0.35583025
ERR12814462	PRJEB74036	ESL065	2		lake sediment	soft tissue		1390	3.143014800254095	0.03784299	0.0020911945	0.22042283	0.031626962	0.70801604
ERR12814463	PRJEB74036	ESL065	2		lake sediment	soft tissue		1684	3.226342087163631	0.047422975	0.003998106	0.181502	0.056538533	0.7105383
ERR12814464	PRJEB74036	ESL068	2		lake sediment	soft tissue		1991	3.2990712600274095	0.041075386	0.004679513	0.25286388	0.046278875	0.6551024
ERR12814465	PRJEB74036	ESL069	2		lake sediment	soft tissue		2752	3.4396484295634737	0.041153945	0.005523571	0.24273486	0.08878383	0.6218038
ERR12814467	PRJEB74036	ESL071	2		lake sediment	soft tissue		1796	3.2543063323312857	0.052546106	0.010013101	0.3754533	0.08860445	0.4733831
ERR12814468	PRJEB74036	ESL072	2		lake sediment	soft tissue		603	2.780317312140151	0.10742788	0.08100694	0.24988863	0.15310653	0.40857
ERR12814469	PRJEB74036	ESL072	2		lake sediment	soft tissue		1990	3.298853076409707	0.04464879	0.007365835	0.3514515	0.061775744	0.5347582
ERR12814470	PRJEB74036	ESL073	2		lake sediment	plant tissue		1612	3.2073650374690716	0.052070856	0.014266704	0.56727153	0.049096342	0.3172946
ERR12814471	PRJEB74036	ESL074	2		lake sediment	soft tissue		1859	3.2692793897718984	0.052110504	0.009541629	0.29588038	0.1341429	0.5083246
ERR12814472	PRJEB74036	ESL075	2		lake sediment	soft tissue		2493	3.3967222785037734	0.056439906	0.00794346	0.19723892	0.16499534	0.5733824
ERR12814473	PRJEB74036	ESL076	2		lake sediment	soft tissue		2106	3.3234583668494677	0.045995492	0.007033895	0.31729698	0.09814096	0.53153265
ERR12814474	PRJEB74036	ESL077	2		lake sediment	soft tissue		1898	3.2782962080912736	0.030753821	0.0029982962	0.34432313	0.030066546	0.59185815
ERR12814475	PRJEB74036	ESL078	2		lake sediment	soft tissue		2471	3.3928727454020793	0.055802323	0.010705463	0.36662844	0.1182313	0.44863248
ERR12814476	PRJEB74036	ESL079	2		lake sediment	soft tissue		2198	3.3420276880874717	0.051941372	0.008359702	0.23946528	0.19256392	0.50766975
ERR14057409	PRJEB83219	steppe_bison	2	gut	digestive tract contents	plant tissue	0.1280190646648407	112	2.0492180226701815	0.12801906	0.12373941	0.33861056	0.17271161	0.23691936
ERR14057410	PRJEB83219	steppe_bison	2	gut	digestive tract contents	plant tissue	0.11727617681026459	104	2.0170333392987803	0.11727618	0.078046665	0.38659555	0.15518332	0.2628983
ERR14057411	PRJEB83219	steppe_bison	2	gut	digestive tract contents	oral	0.10390672832727432	29124	4.4642510223795595	0.10390673	0.36765954	0.22807372	0.107106164	0.19325387
ERR14057412	PRJEB83219	steppe_bison	2	gut	digestive tract contents	oral	0.10353537648916245	29087	4.463698930919374	0.10353538	0.36750776	0.22866519	0.10685364	0.19343802
ERR14057413	PRJEB83219	steppe_bison	2	gut	digestive tract contents	oral	0.08000097423791885	10908	4.0377451292695925	0.080000974	0.40031815	0.25008315	0.07267288	0.19692484
ERR14057414	PRJEB83219	steppe_bison	2	gut	digestive tract contents	oral	0.07969094812870026	10870	4.036229544086295	0.07969095	0.40043148	0.25059906	0.072308555	0.19696997
ERR14057415	PRJEB83219	steppe_bison	2	gut	digestive tract contents	oral	0.08123643696308136	12960	4.1126050015345745	0.08123644	0.40081534	0.24664609	0.07359537	0.19770673
ERR14057416	PRJEB83219	steppe_bison	2	gut	digestive tract contents	oral	0.08144088089466095	13009	4.114243913688907	0.08144088	0.40063995	0.24646632	0.07381792	0.19763488
ERR14100444	PRJEB83219	steppe_bison	2	gut	digestive tract contents	plant tissue	0.1280190646648407	112	2.0492180226701815	0.12801906	0.12373941	0.33861056	0.17271161	0.23691936
ERR14100445	PRJEB83219	steppe_bison	2	gut	digestive tract contents	plant tissue	0.11727617681026459	104	2.0170333392987803	0.11727618	0.078046665	0.38659555	0.15518332	0.2628983
ERR14100446	PRJEB83219	steppe_bison	2	gut	digestive tract contents	oral	0.10390672832727432	29124	4.4642510223795595	0.10390673	0.36765954	0.22807372	0.107106164	0.19325387
ERR14100447	PRJEB83219	steppe_bison	2	gut	digestive tract contents	oral	0.10353537648916245	29087	4.463698930919374	0.10353538	0.36750776	0.22866519	0.10685364	0.19343802
ERR14100448	PRJEB83219	steppe_bison	2	gut	digestive tract contents	oral	0.08000097423791885	10908	4.0377451292695925	0.080000974	0.40031815	0.25008315	0.07267288	0.19692484
ERR14100449	PRJEB83219	steppe_bison	2	gut	digestive tract contents	oral	0.07969094812870026	10870	4.036229544086295	0.07969095	0.40043148	0.25059906	0.072308555	0.19696997
ERR14100450	PRJEB83219	steppe_bison	2	gut	digestive tract contents	oral	0.08123643696308136	12960	4.1126050015345745	0.08123644	0.40081534	0.24664609	0.07359537	0.19770673
ERR14100451	PRJEB83219	steppe_bison	2	gut	digestive tract contents	oral	0.08144088089466095	13009	4.114243913688907	0.08144088	0.40063995	0.24646632	0.07381792	0.19763488
ERR1894879	PRJEB20113	gue_Abalone	2		shell	skeletal tissue		14	1.146128035678238	0.11116177	0.09054272	0.21384688	0.38448626	0.19996242
ERR1894880	PRJEB20113	gue_Abalone	2		shell	skeletal tissue		13	1.1139433523068367	0.090245746	0.04881198	0.19629565	0.4750317	0.18961495
ERR1894881	PRJEB20113	med_Abalone	2		shell	oral		150	2.1760912590556813	0.08783232	0.34352282	0.24800344	0.0901489	0.23049259
ERR1894882	PRJEB20113	med_Abalone	2		shell	oral		132	2.12057393120585	0.08744015	0.35219604	0.24665514	0.08807868	0.22563002
ERR1894900	PRJEB20113	auzay1B_Clam	2		shell	skeletal tissue		317	2.5010592622177517	0.0768656	0.08026398	0.16113177	0.5086843	0.17305437
ERR1894901	PRJEB20113	auzay2B_Clam	2		shell	skeletal tissue		275	2.439332693830263	0.09078719	0.12714568	0.1803374	0.42568263	0.17604701
ERR1894902	PRJEB20113	auzay3B_Clam	2		shell	skeletal tissue		227	2.3560258571931225	0.07570888	0.076537	0.16356696	0.51005656	0.17413063
ERR1894903	PRJEB20113	auzay4B_Clam	2		shell	skeletal tissue		182	2.2600713879850747	0.02577804	0.004055918	0.10301051	0.75636756	0.11078799
ERR1894904	PRJEB20113	gripB_Clam	2		shell	skeletal tissue		523	2.718501688867274	0.09353342	0.23892519	0.21641359	0.27213493	0.17899287
ERR1894905	PRJEB20113	lmc1B_Clam	2		shell	skeletal tissue		546	2.7371926427047373	0.060880322	0.036746904	0.14490324	0.6099905	0.14747904
ERR1894906	PRJEB20113	lmc2B_Clam	2		shell	skeletal tissue		604	2.7810369386211318	0.040186007	0.014084744	0.12586743	0.655481	0.16438083
ERR1894907	PRJEB20113	lmc3B_Clam	2		shell	soft tissue		202	2.305351369446624	0.082028985	0.008749369	0.24788205	0.243265	0.4180746
ERR1894908	PRJEB20113	nis_Clam	2		shell	skeletal tissue		53	1.724275869600789	0.042482335	0.009216966	0.14307648	0.6572741	0.14795008
ERR1894909	PRJEB20113	nis_Clam	2		shell	skeletal tissue		56	1.7481880270062005	0.036194492	0.0067857997	0.13118425	0.688421	0.13741437
ERR1894910	PRJEB20113	thi_Clam	2		shell	skeletal tissue		73	1.863322860120456	0.08229186	0.029945608	0.19676992	0.49609327	0.19489932
ERR1894911	PRJEB20113	thi_Clam	2		shell	skeletal tissue		66	1.8195439355418688	0.091311514	0.052028496	0.1990371	0.46773195	0.18989095
ERR1894912	PRJEB20113	hav_Mussel	2		shell	skeletal tissue		50	1.6989700043360187	0.036428094	0.007150573	0.11877742	0.71513164	0.122512266
ERR1894913	PRJEB20113	hav_Mussel	2		shell	skeletal tissue		51	1.7075701760979363	0.039885443	0.009182331	0.122285105	0.70259225	0.12605484
ERR1894914	PRJEB20113	hel_Quahog	2		shell	skeletal tissue		336	2.526339277389844	0.022010261	0.002892748	0.07883046	0.82940924	0.06685729
ERR1894915	PRJEB20113	hel_Quahog	2		shell	skeletal tissue		327	2.514547752660286	0.021015447	0.0026984084	0.076107204	0.8356	0.064579
ERR1894916	PRJEB20113	quahog2_Quahog	2		shell	skeletal tissue		456	2.658964842664435	0.049534455	0.011994098	0.16487563	0.5753099	0.19828592
ERR1894917	PRJEB20113	quahog2_Quahog	2		shell	skeletal tissue		372	2.5705429398818973	0.043569904	0.007997333	0.16317339	0.5912361	0.19402328
ERR1894918	PRJEB20113	ves_Quahog	2		shell	skeletal tissue		81	1.9084850188786497	0.060436744	0.016704854	0.16698977	0.5814708	0.17439786
ERR1894919	PRJEB20113	ves_Quahog	2		shell	skeletal tissue		70	1.845098040014257	0.06717591	0.019665178	0.18239869	0.5400709	0.19068928
ERR2269773	PRJEB24619	JK2509	2	plant tissue	leaf	plant tissue	0.8791850805282593	197	2.294466226161593	0.027116144	0.006939023	0.8791851	0.015644807	0.071114905
ERR2269775	PRJEB24619	JK2511	2	plant tissue	leaf	plant tissue	0.5103296041488647	323	2.509202522331103	0.20199236	0.0570634	0.5103296	0.06362958	0.16698506
ERR2269776	PRJEB24619	JK2512	2	plant tissue	leaf	plant tissue	0.8558396100997925	162	2.2095150145426308	0.03250585	0.011595423	0.8558396	0.020244189	0.07981491
ERR2269777	PRJEB24619	JK2513	2	plant tissue	leaf	plant tissue	0.8791751861572266	236	2.3729120029701067	0.028207133	0.007151109	0.8791752	0.015156841	0.07030973
ERR2269778	PRJEB24619	JK2514	2	plant tissue	leaf	plant tissue	0.7999584078788757	384	2.584331224367531	0.048326597	0.026217198	0.7999584	0.03219032	0.093307436
ERR2269779	PRJEB24619	JK2515	2	plant tissue	leaf	plant tissue	0.8726900219917297	158	2.1986570869544226	0.02867198	0.008101573	0.87269	0.016835518	0.07370095
ERR2269780	PRJEB24619	JK2516	2	plant tissue	leaf	plant tissue	0.8869250416755676	229	2.359835482339888	0.025613997	0.005639937	0.88692504	0.014071797	0.06774928
ERR2269781	PRJEB24619	JK2517	2	plant tissue	leaf	plant tissue	0.8728863596916199	152	2.1818435879447726	0.029050639	0.008070452	0.87288636	0.016777555	0.07321492
ERR2269782	PRJEB24619	JK2518	2	plant tissue	leaf	plant tissue	0.8870978355407715	306	2.48572142648158	0.025813108	0.005269187	0.88709784	0.013018779	0.06880113
ERR2269783	PRJEB24619	JK2520	2	plant tissue	leaf	plant tissue	0.6003434658050537	173	2.2380461031287955	0.10335803	0.0915831	0.60034347	0.061442625	0.14327282
ERR2269784	PRJEB24619	JK2521	2	plant tissue	leaf	plant tissue	0.6769863963127136	454	2.6570558528571038	0.033188574	0.003345621	0.6769864	0.0098346835	0.2766447
ERR2269785	PRJEB24619	JK2523	2	plant tissue	leaf	plant tissue	0.8256640434265137	167	2.2227164711475833	0.040733945	0.018574968	0.82566404	0.026263779	0.088763244
ERR2269786	PRJEB24619	JK2524	2	plant tissue	leaf	plant tissue	0.8597128987312317	199	2.298853076409707	0.0317095	0.010868004	0.8597129	0.019534366	0.078175165
ERR2269787	PRJEB24619	JK2525	2	plant tissue	leaf	plant tissue	0.8795180320739746	262	2.4183012913197452	0.02689741	0.0065402924	0.87951803	0.0147898225	0.072254404
ERR2269788	PRJEB24619	JK2526	2	plant tissue	leaf	plant tissue	0.8526905179023743	158	2.1986570869544226	0.033182666	0.01196343	0.8526905	0.020841528	0.08132191
ERR2269789	PRJEB24619	JK2527	2	plant tissue	leaf	plant tissue	0.875461220741272	180	2.255272505103306	0.028122406	0.0075767366	0.8754612	0.01628014	0.07255945
ERR2269790	PRJEB24619	JK2529	2	plant tissue	leaf	plant tissue	0.705162525177002	383	2.583198773968623	0.06738379	0.027276138	0.7051625	0.04285734	0.15732022
ERR2269791	PRJEB24619	JK2530	2	plant tissue	leaf	plant tissue	0.8364461064338684	149	2.173186268412274	0.038527887	0.015914967	0.8364461	0.023894817	0.08521624
ERR2269792	PRJEB24619	JK2531	2	plant tissue	leaf	plant tissue	0.8800399899482727	138	2.1398790864012365	0.027453821	0.006607129	0.88004	0.015310833	0.07058827
ERR2269793	PRJEB24619	JK346	2	plant tissue	leaf	plant tissue	0.8676018714904785	124	2.093421685162235	0.02994731	0.008838423	0.8676019	0.017902505	0.07570991
ERR2269794	PRJEB24619	JK351	2	plant tissue	leaf	plant tissue	0.6318804025650024	679	2.8318697742805017	0.13488504	0.044370826	0.6318804	0.05888362	0.12998007
ERR2269795	PRJEB24619	JK355	2	plant tissue	leaf	plant tissue	0.8588930368423462	126	2.100370545117563	0.03208902	0.0104218405	0.85889304	0.01965907	0.078937024
ERR2269796	PRJEB24619	JK356	2	plant tissue	leaf	plant tissue	0.5530204772949219	1202	3.079904467666721	0.10381945	0.055691533	0.5530205	0.06357336	0.22389516
ERR2269797	PRJEB24619	JK362	2	plant tissue	leaf	plant tissue	0.8531659245491028	126	2.100370545117563	0.033641435	0.011517109	0.8531659	0.020825163	0.08085039
ERR2269798	PRJEB24619	JK366	2	plant tissue	leaf	plant tissue	0.5451546311378479	576	2.760422483423212	0.11234919	0.12253775	0.54515463	0.07010472	0.14985377
ERR2269799	PRJEB24619	JK367	2	plant tissue	leaf	plant tissue	0.8137208819389343	882	2.94546858513182	0.035886686	0.0055386857	0.8137209	0.012679847	0.13217387
ERR2269800	PRJEB24619	JK372	2	plant tissue	leaf	plant tissue	0.4336410164833069	474	2.6757783416740852	0.14722128	0.17664704	0.43364102	0.075881995	0.16660868
ERR2269801	PRJEB24619	JK376	2	plant tissue	leaf	plant tissue	0.34001266956329346	831	2.919601023784111	0.23288012	0.07673064	0.34001267	0.13998748	0.2103891
ERR2269802	PRJEB24619	JK389	2	plant tissue	leaf	plant tissue	0.7041090726852417	631	2.8000293592441343	0.073464826	0.052389454	0.7041091	0.047788925	0.12224771
ERR2269803	PRJEB24619	JK393	2	plant tissue	leaf	plant tissue	0.7127498388290405	1406	3.147985320683805	0.056788933	0.014909891	0.71274984	0.031317428	0.18423393
ERR2269804	PRJEB24619	JK395	2	plant tissue	leaf	plant tissue	0.838414192199707	102	2.0086001717619175	0.035850335	0.009795562	0.8384142	0.022808362	0.093131594
ERR2269805	PRJEB24619	JK399	2	plant tissue	leaf	plant tissue	0.857840895652771	116	2.0644579892269186	0.03242206	0.010284556	0.8578409	0.019847175	0.079605296
ERR3728226	PRJEB35483	3DT21	2	oral	dental calculus	oral	0.3982096314430237	91525	4.961539737553569	0.0790625	0.39820963	0.25388646	0.0689927	0.19984868
ERR3728227	PRJEB35483	3DT21	2	oral	dental calculus	oral	0.4006650447845459	94326	4.974631418083792	0.07679999	0.40066504	0.25621057	0.06594434	0.20038001
ERR3728228	PRJEB35483	3DT21	2	oral	dental calculus	oral	0.4034585952758789	98004	4.991243801636127	0.07422403	0.4034586	0.25873032	0.06253251	0.20105453
ERR3728238	PRJEB35483	SK203	2	oral	dental calculus	oral	0.36554789543151855	7449	3.8720979742742268	0.107185885	0.3655479	0.2238448	0.102839276	0.2005821
ERR3728239	PRJEB35483	SK203	2	oral	dental calculus	oral	0.3732334077358246	34421	4.53682348331209	0.09946218	0.3732334	0.22991996	0.10075321	0.19663125
ERR3728240	PRJEB35483	SK203	2	oral	dental calculus	oral	0.36766496300697327	5097	3.707314633588708	0.103832364	0.36766496	0.22728959	0.098082684	0.20313041
ERR3728241	PRJEB35483	SK203	2	oral	dental calculus	oral	0.3732582926750183	9646	3.984347257585864	0.10393854	0.3732583	0.22523014	0.09872086	0.19885215
ERR3728245	PRJEB35483	SMD 1441-1-1440(044)	2	oral	dental calculus	oral	0.40527552366256714	105990	5.025264892154508	0.07513987	0.40527552	0.25750223	0.06316649	0.19891588
ERR3728246	PRJEB35483	SMD 2591-1-2590(159)	2	oral	dental calculus	oral	0.40798419713974	106911	5.0290223917712575	0.07154588	0.4079842	0.26206285	0.05879537	0.1996117
ERR3728247	PRJEB35483	SMD 2591-1-2590(159)	2	oral	dental calculus	oral	0.4035109877586365	104378	5.018608971027917	0.0759966	0.403511	0.25704318	0.0642701	0.19917905
ERR3728248	PRJEB35483	SMD 2591-1-2590(159)	2	oral	dental calculus	oral	0.40560227632522583	105455	5.023067176023633	0.07357703	0.40560228	0.2595207	0.06121544	0.20008457
ERR3728249	PRJEB35483	SMD 2591-1-2590(159)	2	oral	dental calculus	oral	0.4084342420101166	107063	5.029639408533604	0.07136692	0.40843424	0.26198736	0.058547772	0.19966373
ERR3728250	PRJEB35483	SMD 2711-1-2710(171)	2	oral	dental calculus	oral	0.40623220801353455	105300	5.0224283711854865	0.07443729	0.4062322	0.25721747	0.06228412	0.19982883
ERR3728251	PRJEB35483	SMD 2711-1-2710(171)	2	oral	dental calculus	oral	0.4090813994407654	107368	5.030874863354115	0.07130184	0.4090814	0.26114368	0.058419503	0.2000536
ERR3728252	PRJEB35483	SMD 2711-1-2710(171)	2	oral	dental calculus	oral	0.4041321277618408	104290	5.018242667457909	0.07702552	0.40413213	0.25447375	0.06562065	0.19874795
ERR3728254	PRJEB35483	WG1561	2	oral	dental calculus	oral	0.4017861783504486	90793	4.958052366378328	0.07939518	0.40178618	0.24988535	0.07033928	0.19859406
ERR3728255	PRJEB35483	WG1561	2	oral	dental calculus	oral	0.4023210406303406	91588	4.961838575467201	0.079014584	0.40232104	0.2504378	0.06980671	0.19841985
ERR3728256	PRJEB35483	WG1561	2	oral	dental calculus	oral	0.4028244614601135	97032	4.98691498304528	0.07742221	0.40282446	0.25314793	0.0668692	0.19973616
ERR3728257	PRJEB35483	WG1561	2	oral	dental calculus	oral	0.40263715386390686	89977	4.95413150888772	0.07910363	0.40263715	0.2504457	0.070067994	0.19774552
ERR4373119	PRJEB33848	Abusir1504	2	oral	dental calculus	oral	0.33217665553092957	1391	3.143327129992046	0.116681635	0.33217666	0.23508951	0.1095198	0.2065324
ERR4373134	PRJEB33848	Abusir1511	2	oral	dental calculus	oral	0.37778764963150024	4745	3.6762362167633116	0.09724842	0.37778765	0.22917438	0.09060959	0.20517997
ERR4373146	PRJEB33848	Abusir1519	2	oral	dental calculus	oral	0.3710145354270935	42667	4.630092107840592	0.09740152	0.37101454	0.23157588	0.100773774	0.19923429
ERR4373153	PRJEB33848	Abusir1574	2	oral	dental calculus	oral	0.37941059470176697	952	2.9786369483844743	0.08851222	0.3794106	0.23579344	0.081033155	0.21525058
ERR4373159	PRJEB33848	Abusir1594	2	oral	dental calculus	oral	0.36792808771133423	7493	3.874655732598101	0.1045807	0.3679281	0.22583568	0.099137984	0.20251755
ERR4373979	PRJEB33848	Abusir1519	2	oral	dental calculus	oral	0.3876582980155945	97975	4.99111527215014	0.09123668	0.3876583	0.24268529	0.08282204	0.19559768
ERR4373995	PRJEB33848	Abusir1502	2	skeletal tissue	bone	plant tissue	0.1461898535490036	218	2.3384564936046046	0.13330321	0.1715551	0.30558625	0.14618985	0.24336556
ERR4373996	PRJEB33848	Abusir1433	2	oral	tooth	oral	0.41184869408607483	311	2.4927603890268375	0.07239617	0.4118487	0.24735501	0.06490008	0.20350006
ERR4373997	PRJEB33848	Abusir1504	2	skeletal tissue	bone	oral	0.11880369484424591	1113	3.0464951643347082	0.1239089	0.31547502	0.23235548	0.118803695	0.20945697
ERR4373998	PRJEB33848	Abusir1505	2	skeletal tissue	bone	oral	0.20204302668571472	51	1.7075701760979363	0.13567722	0.24503395	0.21478614	0.20204303	0.20245966
ERR4373999	PRJEB33848	Abusir1433	2	oral	tooth	oral	0.41184869408607483	311	2.4927603890268375	0.07239617	0.4118487	0.24735501	0.06490008	0.20350006
ERR4374000	PRJEB33848	Abusir1502	2	skeletal tissue	bone	plant tissue	0.1461898535490036	218	2.3384564936046046	0.13330321	0.1715551	0.30558625	0.14618985	0.24336556
ERR4374001	PRJEB33848	Abusir1504	2	skeletal tissue	bone	oral	0.11880369484424591	1113	3.0464951643347082	0.1239089	0.31547502	0.23235548	0.118803695	0.20945697
ERR4374002	PRJEB33848	Abusir1533	2	skeletal tissue	bone	oral	0.07075514644384384	255	2.406540180433955	0.0777207	0.40105447	0.24065909	0.07075515	0.20981058
ERR4374003	PRJEB33848	Abusir1505	2	skeletal tissue	bone	oral	0.20204302668571472	51	1.7075701760979363	0.13567722	0.24503395	0.21478614	0.20204303	0.20245966
ERR4374004	PRJEB33848	Abusir1541	2	skeletal tissue	bone	soft tissue	0.114352747797966	482	2.6830470382388496	0.16913535	0.20068343	0.22628245	0.11435275	0.289546
ERR4374005	PRJEB33848	Abusir1506	2	skeletal tissue	bone	oral	0.22636643052101135	232	2.3654879848909	0.10017885	0.27109504	0.20307393	0.22636643	0.19928578
ERR4374006	PRJEB33848	Abusir1513	2	oral	tooth	oral	0.3463694453239441	179	2.2528530309798933	0.10015044	0.34636945	0.23433419	0.097202115	0.22194383
ERR4374007	PRJEB33848	Abusir1515	2	oral	tooth	oral	0.2811151444911957	211	2.3242824552976926	0.120094106	0.28111514	0.23204508	0.118728295	0.24801736
ERR4374008	PRJEB33848	Abusir1543	2	skeletal tissue	bone	oral	0.15863212943077087	371	2.569373909615046	0.12177031	0.2544959	0.2234768	0.15863213	0.24162488
ERR4374009	PRJEB33848	Abusir1518	2	oral	tooth	oral	0.38558340072631836	4115	3.6143698395482886	0.09257912	0.3855834	0.23372391	0.08706746	0.20104608
ERR4374010	PRJEB33848	Abusir1521	2	oral	tooth	oral	0.38675710558891296	3366	3.527114111639805	0.08927916	0.3867571	0.23316643	0.082928054	0.20786925
ERR4374011	PRJEB33848	Abusir1543	2	soft tissue	unknown	soft tissue	0.25755205750465393	221	2.3443922736851106	0.12856516	0.25281247	0.22945228	0.131618	0.25755206
ERR4374012	PRJEB33848	Abusir1547	2	oral	tooth	oral	0.24802295863628387	529	2.7234556720351857	0.14735922	0.24802296	0.22547583	0.15441781	0.2247242
ERR4374013	PRJEB33848	Abusir1526	2	oral	tooth	oral	0.4155657887458801	315	2.4983105537896004	0.07034685	0.4155658	0.24357298	0.06180625	0.20870814
ERR4374014	PRJEB33848	Abusir1529	2	oral	tooth	oral	0.4139367938041687	355	2.550228353055094	0.072721384	0.4139368	0.24062105	0.064519584	0.20820117
ERR4374015	PRJEB33848	Abusir1554	2	skeletal tissue	bone	oral	0.12287405878305435	651	2.813580988568192	0.14876385	0.27782428	0.22010596	0.12287406	0.23043187
ERR4374016	PRJEB33848	Abusir1532	2	skeletal tissue	bone	oral	0.06738875806331635	128	2.1072099696478683	0.07453661	0.40715972	0.2423929	0.06738876	0.20852199
ERR4374017	PRJEB33848	Abusir1554	2	soft tissue	unknown	oral	0.21980085968971252	93	1.968482948553935	0.116754726	0.23232016	0.20337811	0.22774613	0.21980086
ERR4374018	PRJEB33848	Abusir1534	2	oral	tooth	oral	0.31084924936294556	303	2.481442628502305	0.11014829	0.31084925	0.23347381	0.103698835	0.2418298
ERR4374019	PRJEB33848	Abusir1536	2	skeletal tissue	bone	oral	0.08466485887765884	334	2.5237464668115646	0.09117758	0.3700251	0.2333382	0.08466486	0.22079425
ERR4374020	PRJEB33848	Abusir1564	2	skeletal tissue	bone	soft tissue	0.13787099719047546	669	2.8254261177678233	0.18780793	0.18814065	0.21439628	0.137871	0.27178416
ERR4374021	PRJEB33848	Abusir1564	2	soft tissue	unknown	soft tissue	0.27197766304016113	202	2.305351369446624	0.16486643	0.1140643	0.21517439	0.23391724	0.27197766
ERR4374022	PRJEB33848	Abusir1537	2	oral	tooth	oral	0.3844495713710785	184	2.2648178230095364	0.085122846	0.38444957	0.2380892	0.07977293	0.21256547
ERR4374023	PRJEB33848	Abusir1564	2	oral	tooth	oral	0.34700101613998413	3957	3.597366050266028	0.105587766	0.34700102	0.22441976	0.09087725	0.23211423
ERR4374024	PRJEB33848	Abusir1538	2	oral	tooth	oral	0.3653799891471863	325	2.5118833609788744	0.09507917	0.36538	0.23295632	0.08838682	0.21819773
ERR4374025	PRJEB33848	Abusir1539	2	skeletal tissue	bone	oral	0.0878870040178299	172	2.2355284469075487	0.09168689	0.36014453	0.23899584	0.087887004	0.22128578
ERR4374026	PRJEB33848	Abusir1566	2	skeletal tissue	bone	oral	0.09502522647380829	658	2.8182258936139557	0.10271792	0.36173996	0.22752914	0.09502523	0.21298774
ERR4374027	PRJEB33848	Abusir1545	2	oral	tooth	oral	0.34314364194869995	288	2.459392487759231	0.1006194	0.34314364	0.23354748	0.09301005	0.22967944
ERR4374028	PRJEB33848	Abusir1546	2	oral	tooth	oral	0.40628582239151	371	2.569373909615046	0.07562948	0.40628582	0.2413569	0.06834439	0.20838341
ERR4374029	PRJEB33848	Abusir1572	2	skeletal tissue	bone	soft tissue	0.0825032889842987	478	2.6794278966121188	0.14368807	0.22594447	0.2720337	0.08250329	0.27583045
ERR4374030	PRJEB33848	Abusir1549	2	skeletal tissue	bone	soft tissue	0.11157294362783432	790	2.8976270912904414	0.16676703	0.23693411	0.21681085	0.11157294	0.26791516
ERR4374031	PRJEB33848	Abusir1550	2	oral	tooth	oral	0.3223036825656891	208	2.3180633349627615	0.106817245	0.32230368	0.23425472	0.10654447	0.23007989
ERR4374032	PRJEB33848	Abusir1553	2	skeletal tissue	bone	oral	0.09816421568393707	370	2.568201724066995	0.10620792	0.33555532	0.23139901	0.098164216	0.22867355
ERR4374033	PRJEB33848	Abusir1585	2	skeletal tissue	bone	soft tissue	0.12932930886745453	341	2.5327543789924976	0.1657593	0.21177192	0.21619885	0.12932931	0.27694064
ERR4374034	PRJEB33848	Abusir1555	2	skeletal tissue	bone	oral	0.09577392041683197	1074	3.0310042813635367	0.18122701	0.25537667	0.22723344	0.09577392	0.2403889
ERR4374035	PRJEB33848	Abusir1585	2	soft tissue	unknown	oral	0.2082575112581253	122	2.0863598306747484	0.07642107	0.40413624	0.24155772	0.06962749	0.20825751
ERR4374036	PRJEB33848	Abusir1556	2	skeletal tissue	bone	skeletal tissue	0.3398388624191284	266	2.424881636631067	0.11013937	0.13569671	0.20823511	0.33983886	0.20608997
ERR4374037	PRJEB33848	Abusir1604	2	skeletal tissue	bone	gut	0.1348572075366974	963	2.9836262871245345	0.26435745	0.14561978	0.21967232	0.13485721	0.2354933
ERR4374038	PRJEB33848	Abusir1557	2	skeletal tissue	bone	oral	0.09563664346933365	164	2.214843848047698	0.09712012	0.3413766	0.23977944	0.09563664	0.22608718
ERR4374039	PRJEB33848	Abusir1558	2	skeletal tissue	bone	soft tissue	0.14560356736183167	388	2.5888317255942073	0.14518502	0.21902749	0.2102693	0.14560357	0.27991456
ERR4374040	PRJEB33848	Abusir1605	2	skeletal tissue	bone	oral	0.07827287167310715	566	2.7528164311882715	0.085941374	0.3931133	0.2312311	0.07827287	0.2114414
ERR4374041	PRJEB33848	Abusir1559	2	skeletal tissue	bone	oral	0.08957477658987045	349	2.5428254269591797	0.095603526	0.3661371	0.23054102	0.08957478	0.21814361
ERR4374042	PRJEB33848	Abusir1560	2	oral	tooth	oral	0.40104952454566956	153	2.184691430817599	0.07808189	0.40104952	0.24073	0.07158925	0.20854938
ERR4374043	PRJEB33848	Abusir1608	2	skeletal tissue	bone	soft tissue	0.10446102917194366	742	2.870403905279027	0.1816632	0.22579853	0.22030571	0.10446103	0.26777154
ERR4374044	PRJEB33848	Abusir1561	2	oral	tooth	oral	0.29249307513237	165	2.2174839442139063	0.11504115	0.29249308	0.23304775	0.11567521	0.24374285
ERR4374045	PRJEB33848	Abusir1563	2	oral	tooth	skeletal tissue	0.2181335985660553	226	2.3541084391474008	0.11283326	0.2181336	0.1970667	0.2637516	0.20821485
ERR4374046	PRJEB33848	Abusir1608	2	soft tissue	unknown	skeletal tissue	0.24845993518829346	189	2.2764618041732443	0.13823979	0.11237498	0.22303633	0.27788895	0.24845994
ERR4374047	PRJEB33848	Abusir1565	2	skeletal tissue	bone	oral	0.0851961150765419	565	2.7520484478194387	0.09334261	0.3785004	0.22887108	0.085196115	0.2140898
ERR4374048	PRJEB33848	Abusir1616	2	oral	tooth	oral	0.261302649974823	383	2.583198773968623	0.1069458	0.26130265	0.21970594	0.17015326	0.24189237
ERR4374049	PRJEB33848	Abusir1568	2	oral	tooth	oral	0.2650667130947113	345	2.537819095073274	0.12687229	0.2650667	0.22666948	0.118681215	0.2627103
ERR4374050	PRJEB33848	Abusir1569	2	oral	tooth	oral	0.32037103176116943	186	2.2695129442179165	0.1076829	0.32037103	0.23307402	0.10388186	0.23499021
ERR4374051	PRJEB33848	Abusir1570	2	oral	tooth	oral	0.3022574782371521	145	2.161368002234975	0.11358354	0.30225748	0.23291385	0.11402279	0.2372224
ERR4374052	PRJEB33848	Abusir1573	2	skeletal tissue	bone	oral	0.08844529092311859	648	2.8115750058705933	0.09419048	0.37619242	0.2297636	0.08844529	0.21140826
ERR4374053	PRJEB33848	Abusir1573	2	oral	tooth	oral	0.37980741262435913	16639	4.221127221742437	0.09941025	0.3798074	0.22641882	0.09916316	0.19520034
ERR4374055	PRJEB33848	Abusir1576	2	skeletal tissue	bone	oral	0.07124526798725128	171	2.2329961103921536	0.07788457	0.40120906	0.24110362	0.07124527	0.20855752
ERR4374588	PRJEB33848	Abusir1577	2	skeletal tissue	bone	oral	0.09036208689212799	260	2.4149733479708178	0.09466062	0.35396677	0.23805663	0.09036209	0.22295395
ERR4374589	PRJEB33848	Abusir1579	2	oral	tooth	oral	0.3224678635597229	133	2.123851640967086	0.10563724	0.32246786	0.2355643	0.105569795	0.23076077
ERR4374838	PRJEB33848	Abusir1580	2	oral	tooth	oral	0.3939729332923889	12599	4.100336075933696	0.088400505	0.39397293	0.23404896	0.08630338	0.19727424
ERR4374839	PRJEB33848	Abusir1622	2	skeletal tissue	bone	oral	0.10026917606592178	642	2.807535028068853	0.12635846	0.2833767	0.2265745	0.100269176	0.26342118
ERR4374851	PRJEB33848	Abusir1582	2	skeletal tissue	bone	soft tissue	0.10931025445461273	392	2.593286067020457	0.29592854	0.03971408	0.25554973	0.109310254	0.29949743
ERR4374857	PRJEB33848	Abusir1622	2	soft tissue	unknown	oral	0.2115548849105835	164	2.214843848047698	0.08279473	0.39010194	0.23876254	0.07678594	0.21155488
ERR4374858	PRJEB33848	Abusir1584	2	oral	tooth	oral	0.3534488081932068	5510	3.741151598851785	0.11209875	0.3534488	0.22177982	0.1106421	0.2020305
ERR4374859	PRJEB33848	Abusir1645	2	skeletal tissue	bone	oral	0.11126746982336044	1010	3.0043213737826426	0.17001551	0.2773595	0.22333999	0.11126747	0.2180175
ERR4374860	PRJEB33848	Abusir1587	2	oral	tooth	oral	0.31603455543518066	217	2.3364597338485296	0.111381054	0.31603456	0.2338936	0.113042995	0.22564778
ERR4374861	PRJEB33848	Abusir1656	2	skeletal tissue	bone	oral	0.10914130508899689	260	2.4149733479708178	0.11824083	0.31090945	0.22840567	0.109141305	0.23330274
ERR4374862	PRJEB33848	Abusir1588	2	skeletal tissue	bone	oral	0.09547591209411621	838	2.9232440186302764	0.13766183	0.29348645	0.22496319	0.09547591	0.24841256
ERR4374863	PRJEB33848	Abusir1590	2	oral	tooth	oral	0.30883079767227173	202	2.305351369446624	0.1110131	0.3088308	0.23373525	0.11044775	0.23597308
ERR4374864	PRJEB33848	Abusir3536	2	oral	tooth	oral	0.3128837049007416	244	2.387389826338729	0.10604943	0.3128837	0.23980899	0.11083822	0.23041967
ERR4374865	PRJEB33848	Abusir1591	2	oral	tooth	soft tissue	0.25327762961387634	379	2.578639209968072	0.13501991	0.25327763	0.22557345	0.13095708	0.25517192
ERR4374866	PRJEB33848	Abusir3544	2	oral	tooth	oral	0.34735962748527527	235	2.3710678622717363	0.099692255	0.34735963	0.23536548	0.09561416	0.2219685
ERR4374867	PRJEB33848	Abusir1594	2	oral	tooth	oral	0.3622349202632904	306	2.48572142648158	0.09418361	0.36223492	0.23585121	0.08987406	0.21785617
ERR4374868	PRJEB33848	Abusir3552	2	oral	tooth	oral	0.4043990671634674	652	2.81424759573192	0.07709985	0.40439907	0.24182114	0.07004558	0.20663436
ERR4374869	PRJEB33848	Abusir1595	2	oral	tooth	skeletal tissue	0.14143696427345276	796	2.900913067737669	0.10804474	0.14143696	0.22452566	0.3155079	0.21048474
ERR4374870	PRJEB33848	Abusir1596	2	oral	tooth	oral	0.28604915738105774	341	2.5327543789924976	0.12371892	0.28604916	0.22851615	0.112452805	0.249263
ERR4374871	PRJEB33848	Abusir3578	2	oral	tooth	oral	0.3478812277317047	230	2.361727836017593	0.09963352	0.34788123	0.23614359	0.09832056	0.21802111
ERR4374872	PRJEB33848	Abusir3610	2	oral	tooth	oral	0.29371246695518494	161	2.2068258760318495	0.11846888	0.29371247	0.23016469	0.11319087	0.24446309
ERR4374873	PRJEB33848	Abusir1599	2	oral	tooth	oral	0.34431686997413635	236	2.3729120029701067	0.10059376	0.34431687	0.23531619	0.09855056	0.22122267
ERR4374874	PRJEB33848	Abusir1601	2	oral	tooth	oral	0.30056387186050415	314	2.496929648073215	0.11327551	0.30056387	0.23236854	0.11484082	0.23895125
ERR4374875	PRJEB33848	Abusir1602	2	oral	tooth	oral	0.3754773736000061	188	2.27415784926368	0.0890695	0.37547737	0.23647514	0.08383895	0.21513906
ERR4374912	PRJEB33848	Abusir1603	2	skeletal tissue	bone	oral	0.11452643573284149	1356	3.1322596895310446	0.16013184	0.2755972	0.22929506	0.114526436	0.22044945
ERR4374913	PRJEB33848	Abusir1606	2	skeletal tissue	bone	oral	0.0954061895608902	334	2.5237464668115646	0.10119226	0.3345616	0.2359322	0.09540619	0.23290774
ERR4374914	PRJEB33848	Abusir1607	2	oral	tooth	skeletal tissue	0.17440564930438995	164	2.214843848047698	0.11446375	0.17440565	0.19599023	0.30465215	0.21048827
ERR4374915	PRJEB33848	Abusir1609	2	skeletal tissue	bone	oral	0.10306022316217422	799	2.902546779313991	0.09265433	0.36290917	0.23858078	0.10306022	0.2027955
ERR4374916	PRJEB33848	Abusir1611	2	skeletal tissue	bone	oral	0.1379113793373108	329	2.5171958979499744	0.10932914	0.29643828	0.22812371	0.13791138	0.22819749
ERR4374917	PRJEB33848	Abusir1612	2	oral	tooth	oral	0.33281081914901733	157	2.1958996524092336	0.103757426	0.33281082	0.23410177	0.101226136	0.22810383
ERR4374918	PRJEB33848	Abusir1614	2	skeletal tissue	bone	oral	0.06918587535619736	142	2.1522883443830563	0.076078996	0.40479833	0.24191205	0.069185875	0.20802474
ERR4374919	PRJEB33848	Abusir1614	2	oral	tooth	oral	0.4032902717590332	2538	3.404491617758686	0.08046985	0.40329027	0.23676352	0.07256424	0.20691213
ERR4374920	PRJEB33848	Abusir1615	2	oral	tooth	oral	0.3063558042049408	181	2.2576785748691846	0.11387102	0.3063558	0.23194253	0.11168426	0.23614636
ERR4374921	PRJEB33848	Abusir1617	2	oral	tooth	oral	0.33877766132354736	882	2.94546858513182	0.113728896	0.33877766	0.228472	0.098821476	0.22019999
ERR4374922	PRJEB33848	Abusir1618	2	oral	tooth	oral	0.3562851548194885	9737	3.988425170006303	0.11564747	0.35628515	0.2178612	0.11173694	0.19846924
ERR4374923	PRJEB33848	Abusir1619	2	skeletal tissue	bone	soft tissue	0.11277514696121216	677	2.8305886686851442	0.19076632	0.19933353	0.22580881	0.11277515	0.2713162
ERR4374924	PRJEB33848	Abusir1620	2	oral	tooth	oral	0.33912473917007446	177	2.247973266361807	0.101323865	0.33912474	0.23478639	0.099000156	0.22576484
ERR4374925	PRJEB33848	Abusir1621	2	oral	tooth	oral	0.3460429310798645	211	2.3242824552976926	0.10074381	0.34604293	0.23521464	0.09910764	0.21889102
ERR4374926	PRJEB33848	Abusir1623	2	oral	tooth	oral	0.32543492317199707	264	2.4216039268698313	0.102804065	0.32543492	0.23453829	0.100311175	0.23691157
ERR4374927	PRJEB33848	Abusir1624	2	skeletal tissue	bone	oral	0.10296766459941864	999	2.9995654882259823	0.123797394	0.3281486	0.226957	0.102967665	0.21812937
ERR4374928	PRJEB33848	Abusir1627	2	skeletal tissue	bone	gut	0.10466738790273666	570	2.7558748556724915	0.30376688	0.077435486	0.21547794	0.10466739	0.29865232
ERR4374929	PRJEB33848	Abusir1627	2	oral	tooth	oral	0.3408665060997009	541	2.7331972651065692	0.1155915	0.3408665	0.22134507	0.11511798	0.20707898
ERR4374948	PRJEB33848	Abusir1630	2	skeletal tissue	bone	skeletal tissue	0.28987717628479004	300	2.4771212547196626	0.15238847	0.0629677	0.23614708	0.28987718	0.25861958
ERR4374962	PRJEB33848	Abusir1631	2	oral	tooth	oral	0.38754430413246155	625	2.7958800173440754	0.08789909	0.3875443	0.23072715	0.08078688	0.21304257
ERR4374963	PRJEB33848	Abusir1633	2	oral	tooth	oral	0.36565977334976196	703	2.846955325019824	0.098297104	0.36565977	0.22877571	0.09253164	0.21473579
ERR4375010	PRJEB33848	Abusir1634	2	skeletal tissue	bone	soft tissue	0.2223731279373169	317	2.5010592622177517	0.17824122	0.08291147	0.23466387	0.22237313	0.28181034
ERR4375011	PRJEB33848	Abusir1635	2	oral	tooth	oral	0.3131905794143677	454	2.6570558528571038	0.115265906	0.31319058	0.2276911	0.10469346	0.23915891
ERR4375017	PRJEB33848	Abusir1636	2	oral	tooth	plant tissue	0.03127758204936981	207	2.315970345456918	0.17615165	0.031277582	0.26948243	0.25494638	0.26814198
ERR4375025	PRJEB33848	Abusir1642	2	skeletal tissue	bone	soft tissue	0.09653854370117188	586	2.767897616018091	0.16309649	0.20669265	0.23390344	0.09653854	0.29976887
ERR4375032	PRJEB33848	Abusir1647	2	oral	tooth	oral	0.31532022356987	233	2.367355921026019	0.11012614	0.31532022	0.2336313	0.10877563	0.23214674
ERR4375036	PRJEB33848	Abusir1648	2	skeletal tissue	bone	oral	0.10163197666406631	888	2.948412965778601	0.09493325	0.3625605	0.23838596	0.10163198	0.20248827
ERR4375039	PRJEB33848	Abusir1648	2	oral	tooth	oral	0.4080809950828552	461	2.663700925389648	0.07678619	0.408081	0.23704824	0.0691564	0.20892818
ERR4375040	PRJEB33848	Abusir1649	2	skeletal tissue	bone	oral	0.07970120012760162	158	2.1986570869544226	0.08519279	0.38186488	0.2393076	0.0797012	0.21393347
ERR4375042	PRJEB33848	Abusir1650	2	oral	tooth	oral	0.35756760835647583	23285	4.36707624226875	0.10445951	0.3575676	0.23163548	0.106045984	0.20029142
ERR4375045	PRJEB33848	Abusir1651	2	oral	tooth	oral	0.36548274755477905	276	2.4409090820652177	0.093258485	0.36548275	0.23620696	0.08973538	0.21531649
ERR4375046	PRJEB33848	Abusir1652	2	skeletal tissue	bone	soft tissue	0.1228659600019455	279	2.4456042032735974	0.15902689	0.21460626	0.22426417	0.12286596	0.2792367
ERR4375047	PRJEB33848	Abusir1653	2	skeletal tissue	bone	soft tissue	0.2292989045381546	286	2.456366033129043	0.12848835	0.15633832	0.23884025	0.2292989	0.24703416
ERR4375048	PRJEB33848	Abusir1654	2	oral	tooth	oral	0.29007798433303833	255	2.406540180433955	0.11873384	0.29007798	0.23156086	0.11752224	0.2421051
ERR4375049	PRJEB33848	Abusir1655	2	oral	tooth	oral	0.37908661365509033	3243	3.5109469486729727	0.09748864	0.3790866	0.22653046	0.09151786	0.20537643
ERR4375050	PRJEB33848	Abusir1658	2	skeletal tissue	bone	oral	0.06946449726819992	185	2.2671717284030137	0.07595981	0.40396443	0.24248151	0.0694645	0.2081298
ERR4375132	PRJEB33848	Abusir1660	2	oral	tooth	oral	0.37936699390411377	323	2.509202522331103	0.09797537	0.379367	0.22488852	0.09486894	0.20290017
ERR4375133	PRJEB33848	Abusir1665	2	oral	tooth	oral	0.3545394241809845	190	2.278753600952829	0.09571409	0.35453942	0.23622604	0.092767015	0.22075346
ERR4375134	PRJEB33848	Abusir1666	2	skeletal tissue	bone	soft tissue	0.13943099975585938	308	2.4885507165004443	0.1682435	0.20318162	0.2161307	0.139431	0.2730132
ERR4375135	PRJEB33848	Abusir1667	2	skeletal tissue	bone	oral	0.0879783183336258	398	2.5998830720736876	0.09479268	0.36511964	0.23456354	0.08797832	0.21754584
ERR4375136	PRJEB33848	Abusir1668	2	skeletal tissue	bone	oral	0.07370110601186752	351	2.545307116465824	0.08218169	0.3964618	0.23808737	0.073701106	0.20956798
ERR4375137	PRJEB33848	Abusir1668	2	oral	tooth	oral	0.33910447359085083	358	2.5538830266438746	0.10509457	0.33910447	0.23175368	0.09460356	0.2294437
ERR4375141	PRJEB33848	Abusir1671	2	oral	tooth	soft tissue	0.18535810708999634	168	2.225309281725863	0.14274947	0.1853581	0.21598253	0.21552944	0.24038045
ERR4375142	PRJEB33848	Abusir1672	2	oral	tooth	oral	0.3091890811920166	202	2.305351369446624	0.10884602	0.30918908	0.23640695	0.104665935	0.24089205
ERR4375143	PRJEB33848	Abusir1673	2	oral	tooth	oral	0.3607555627822876	335	2.525044807036845	0.09884491	0.36075556	0.23011732	0.08953117	0.22075105
ERR4375144	PRJEB33848	Abusir1630	2	skeletal tissue	bone	soft tissue	0.16417184472084045	508	2.7058637122839193	0.18287106	0.055779725	0.23918676	0.16417184	0.3579906
ERR4383828	PRJEB33848	Abusir1630	2	skeletal tissue	bone	soft tissue	0.1765870302915573	622	2.7937903846908188	0.16279003	0.19318515	0.20511703	0.17658703	0.2623207
ERR4383829	PRJEB33848	Abusir1630	2	skeletal tissue	bone	oral	0.1469539850950241	550	2.7403626894942437	0.14738718	0.24972618	0.21630876	0.14695399	0.23962398
ERR4384927	PRJEB33848	Abusir1543	2	skeletal tissue	bone	soft tissue	0.2282395362854004	226	2.3541084391474008	0.119774066	0.20912686	0.21396127	0.22823954	0.22889826
ERR4385800	PRJEB33848	Abusir1543	2	skeletal tissue	bone	oral	0.10394539684057236	472	2.673941998634088	0.11689973	0.3031621	0.2248735	0.1039454	0.2511193
ERR4385809	PRJEB33848	Abusir1543	2	skeletal tissue	bone	oral	0.09331639111042023	916	2.9618954736678504	0.118480705	0.31057212	0.22111309	0.09331639	0.2565177
ERR4386464	PRJEB33848	Abusir1519	2	oral	dental calculus	oral	0.3990575671195984	107740	5.032376971209936	0.078771144	0.39905757	0.2560876	0.0672725	0.19881117
ERR4386569	PRJEB33848	Abusir1543	2	skeletal tissue	bone	gut	0.09914611279964447	1875	3.2730012720637376	0.26360402	0.19100711	0.21507713	0.09914611	0.23116562
ERR4386594	PRJEB33848	Abusir1543	2	soft tissue	unknown	soft tissue	0.26640039682388306	353	2.5477747053878224	0.13111387	0.25789434	0.2237269	0.12086449	0.2664004
ERR4388102	PRJEB33848	Abusir1543	2	soft tissue	unknown	soft tissue	0.25697439908981323	198	2.296665190261531	0.13412443	0.24482615	0.22731295	0.13676205	0.2569744
ERR4388107	PRJEB33848	Abusir1543	2	soft tissue	unknown	oral	0.2530328333377838	202	2.305351369446624	0.12761557	0.25469548	0.22912104	0.13553515	0.25303283
ERR4388231	PRJEB33848	Abusir1543	2	soft tissue	unknown	oral	0.26564088463783264	853	2.930949031167523	0.11211695	0.30300295	0.22503154	0.09420768	0.26564088
ERR4388236	PRJEB33848	Abusir1543	2	soft tissue	unknown	soft tissue	0.28888818621635437	868	2.938519725176492	0.19563709	0.1728801	0.20827785	0.13431677	0.2888882
ERR4391165	PRJEB33848	Abusir1594	2	oral	dental calculus	oral	0.35840490460395813	72581	4.860822947489367	0.10875659	0.3584049	0.22814243	0.10636093	0.19833514
ERR4391166	PRJEB33848	Abusir1594	2	oral	dental calculus	oral	0.3588777482509613	72898	4.86271561335393	0.10843785	0.35887775	0.22850892	0.10582924	0.19834623
ERR4408185	PRJEB33848	Abusir3533	2	oral	tooth	oral	0.3740938901901245	278	2.444044795918076	0.09032734	0.3740939	0.23604457	0.08403921	0.21549496
ERR4408187	PRJEB33848	Abusir1530	2	skeletal tissue	bone	oral	0.06592385470867157	238	2.376576957056512	0.07325812	0.409333	0.24448952	0.065923855	0.20699549
ERR4408188	PRJEB33848	Abusir1583	2	oral	tooth	skeletal tissue	0.16904017329216003	244	2.387389826338729	0.11425243	0.16904017	0.19456875	0.31674567	0.20539299
ERR4413529	PRJEB33848	Abusir1519	2	oral	dental calculus	oral	0.3994271755218506	107804	5.032634875374828	0.078443	0.39942718	0.25642914	0.06687318	0.19882753
ERR567364	PRJEB6766	S308-1	2		sediment	skeletal tissue		954	2.979548374704095	0.08108034	0.09026941	0.1846865	0.45386726	0.19009653
ERR567366	PRJEB6766	S308-3	2		sediment	skeletal tissue		1103	3.0425755124401905	0.09335125	0.07174981	0.21515241	0.3335414	0.2862051
ERR5729614	PRJEB44313	LV8	2	oral	dental calculus	oral	0.4065176546573639	107535	5.031549839441717	0.072797656	0.40651765	0.26151603	0.06019334	0.19897531
ERR5729615	PRJEB44313	LV20	2	oral	dental calculus	oral	0.3991807699203491	96229	4.98330597268242	0.07809098	0.39918077	0.2554546	0.06797877	0.19929485
ERR5729616	PRJEB44313	LV29	2	oral	dental calculus	oral	0.4047021269798279	104059	5.017279648039273	0.07426224	0.40470213	0.25972807	0.061943732	0.19936381
ERR5729617	PRJEB44313	LV32a	2	oral	dental calculus	oral	0.40347352623939514	100209	5.000906728265853	0.07461538	0.40347353	0.25872883	0.06386951	0.1993127
ERR5729618	PRJEB44313	LV50	2	oral	dental calculus	oral	0.39493799209594727	98220	4.992199929795585	0.08300981	0.394938	0.24859338	0.07366868	0.19979018
ERR5729619	PRJEB44313	PAD9	2	oral	dental calculus	oral	0.40971440076828003	37101	4.56938561550801	0.07259542	0.4097144	0.25605717	0.06424143	0.19739155
ERR5729620	PRJEB44313	PAD12	2	oral	dental calculus	oral	0.40548545122146606	87949	4.944230905795175	0.076430894	0.40548545	0.25498992	0.067261554	0.19583213
ERR5729621	PRJEB44313	PAD16	2	oral	dental calculus	oral	0.4158274531364441	82904	4.918575485146398	0.06749858	0.41582745	0.26186422	0.058502205	0.19630754
ERR5729622	PRJEB44313	PAD20	2	oral	dental calculus	oral	0.39985188841819763	100707	5.003059658793099	0.07790023	0.3998519	0.2559055	0.06698054	0.19936183
ERR5729623	PRJEB44313	PAD25	2	oral	dental calculus	oral	0.4062647223472595	70360	4.847325830785423	0.07633295	0.40626472	0.24913168	0.06816166	0.20010898
ERR5729624	PRJEB44313	PAD26	2	oral	dental calculus	oral	0.40706244111061096	58156	4.7645945278773185	0.07449879	0.40706244	0.252932	0.06622306	0.1992837
ERR5729625	PRJEB44313	PAD30	2	oral	dental calculus	oral	0.4066408574581146	101361	5.005870886527512	0.074581966	0.40664086	0.25840935	0.06274675	0.19762106
ERR5729626	PRJEB44313	VL44	2	oral	dental calculus	oral	0.40854158997535706	107651	5.032018068460154	0.070814654	0.4085416	0.26315022	0.057920687	0.19957289
ERR5729627	PRJEB44313	H53	2	oral	dental calculus	oral	0.4029785990715027	99440	4.997561115633588	0.07490202	0.4029786	0.26075414	0.062924504	0.1984407
ERR5729628	PRJEB44313	H64	2	oral	dental calculus	oral	0.40384283661842346	88407	4.9464866534860965	0.077943936	0.40384284	0.2516927	0.069038	0.19748256
ERR5729629	PRJEB44313	VL43	2	oral	dental calculus	oral	0.40267395973205566	104316	5.018350925672802	0.07530244	0.40267396	0.25838357	0.06359746	0.20004256
ERR5729630	PRJEB44313	VL45	2	oral	dental calculus	oral	0.40121498703956604	71595	4.854882693421925	0.07726192	0.401215	0.25690517	0.068400756	0.19621722
ERR5729631	PRJEB44313	VL48	2	oral	dental calculus	oral	0.4015529751777649	102126	5.009136322097198	0.076923676	0.40155298	0.2569142	0.06566272	0.19894648
ERR5729632	PRJEB44313	VL70	2	oral	dental calculus	oral	0.40497493743896484	106013	5.025359124529738	0.07350898	0.40497494	0.26054198	0.061343603	0.19963047
ERR5729633	PRJEB44313	HV16	2	oral	dental calculus	oral	0.403576523065567	104426	5.018808642830168	0.07457318	0.40357652	0.25870147	0.062445313	0.20070353
ERR5729634	PRJEB44313	HV29	2	oral	dental calculus	oral	0.4056456685066223	106955	5.029201092055298	0.07266794	0.40564567	0.26166537	0.06011318	0.19990782
ERR5729635	PRJEB44313	VK1	2	oral	dental calculus	skeletal tissue	0.17334920167922974	731	2.8639173769578603	0.092936106	0.1733492	0.192629	0.3647629	0.17632285
ERR5729636	PRJEB44313	AJ9	2	oral	dental calculus	oral	0.4026584029197693	104399	5.01869633873749	0.07660268	0.4026584	0.257439	0.06497745	0.19832245
ERR5729637	PRJEB44313	CL2	2	oral	dental calculus	oral	0.39829713106155396	100172	5.0007463448361555	0.07972688	0.39829713	0.25419778	0.06898076	0.19879754
ERR5729638	PRJEB44313	GR14	2	oral	dental calculus	oral	0.402721643447876	100157	5.000681307649919	0.078540765	0.40272164	0.25379884	0.06715245	0.1977863
ERR5729639	PRJEB44313	PAD18B	2	oral	dental calculus	oral	0.4109843373298645	88276	4.945842645997491	0.072454594	0.41098434	0.25569442	0.06329837	0.19756831
ERR5729640	PRJEB44313	SC2	2	oral	dental calculus	oral	0.40555062890052795	105328	5.022543837748003	0.07433549	0.40555063	0.25880796	0.062209774	0.19909622
ERR5729641	PRJEB44313	SC13	2	oral	dental calculus	oral	0.4078086018562317	106021	5.025391896215948	0.07138791	0.4078086	0.26159677	0.058656506	0.2005502
ERR5729642	PRJEB44313	CT2 / GC 36 A	2	oral	dental calculus	oral	0.4029158651828766	104848	5.020560150612064	0.07645868	0.40291587	0.2568136	0.064716056	0.19909582
ERR5729643	PRJEB44313	CT 3 / GC 82 F	2	oral	dental calculus	oral	0.40665802359580994	105722	5.0241653703199445	0.07373359	0.40665802	0.25933796	0.061594397	0.19867599
ERR5729644	PRJEB44313	CT4 / GC 61 L	2	oral	dental calculus	oral	0.40242093801498413	102908	5.0124491378411955	0.07689239	0.40242094	0.2572607	0.065576054	0.19784991
ERR5729645	PRJEB44313	CT5 / GC 59	2	oral	dental calculus	oral	0.40420666337013245	103351	5.014314683115033	0.075368226	0.40420666	0.25913036	0.06381808	0.19747671
ERR5729646	PRJEB44313	CT7 / GC 65	2	oral	dental calculus	oral	0.39881405234336853	89283	4.950768774576885	0.08029051	0.39881405	0.2547484	0.070491314	0.19565567
ERR5729647	PRJEB44313	CT8 / GC 10 H	2	oral	dental calculus	oral	0.3999581038951874	102265	5.009727022688623	0.078359276	0.3999581	0.25547233	0.06746715	0.19874315
ERR5729648	PRJEB44313	CT10 / GC 2	2	oral	dental calculus	oral	0.4030987620353699	88100	4.944975908412048	0.0779008	0.40309876	0.2522763	0.069487564	0.19723654
ERR5729649	PRJEB44313	CT11 / GC 66	2	oral	dental calculus	oral	0.4081326127052307	71220	4.8526019693382345	0.07443428	0.4081326	0.25373513	0.06514027	0.19855773
ERR5729650	PRJEB44313	CT13 / GC 74	2	oral	dental calculus	oral	0.40146464109420776	105152	5.021817537418949	0.07666341	0.40146464	0.25832805	0.064855896	0.19868799
ERR5729651	PRJEB44313	CT17 / GC 67	2	oral	dental calculus	oral	0.40155449509620667	21278	4.327930804554236	0.07814859	0.4015545	0.25305635	0.070852146	0.1963885
ERR5729652	PRJEB44313	LG3b / AC T1 Tinè	2	oral	dental calculus	oral	0.40519842505455017	106331	5.026659898259999	0.0751891	0.40519843	0.2582824	0.06307535	0.1982547
ERR5729653	PRJEB44313	LG7b / AC V BB	2	oral	dental calculus	oral	0.4032100737094879	96632	4.985120968258956	0.0774878	0.40321007	0.2553026	0.06612511	0.19787441
ERR5729654	PRJEB44313	LG8b / AC VII BB	2	oral	dental calculus	oral	0.39959633350372314	100018	5.000078165972016	0.078993104	0.39959633	0.25633898	0.06748195	0.19758968
ERR5729655	PRJEB44313	LG10b / AC IX BB	2	oral	dental calculus	oral	0.40503138303756714	105612	5.023713267039606	0.07530713	0.40503138	0.25783092	0.063280605	0.19854993
ERR5729656	PRJEB44313	LG20b / AQ 1 ZAM	2	oral	dental calculus	oral	0.39924463629722595	100718	5.003107093215893	0.07917799	0.39924464	0.25588652	0.06824966	0.19744118
ERR5729657	PRJEB44313	LG21a / AQ 1 RICH	2	oral	dental calculus	oral	0.4006686210632324	102687	5.011515466132567	0.07994942	0.40066862	0.25210586	0.06921002	0.19806613
ERR9465622	PRJEB51951	H1_4-5	2		lake sediment	soft tissue		1833	3.2631624649622166	0.08624782	0.033364084	0.2623725	0.23555394	0.3824617
ERR9465623	PRJEB51951	H1_9-10	2		lake sediment	skeletal tissue		1819	3.2598326990634834	0.0734312	0.029630711	0.22846071	0.35615566	0.31232172
ERR9465624	PRJEB51951	H1_20-21	2		lake sediment	soft tissue		1737	3.2397998184470986	0.07185637	0.040296458	0.21313784	0.3065415	0.3681678
ERR9465625	PRJEB51951	H2_10-11	2		lake sediment	skeletal tissue		438	2.6414741105040997	0.04090035	0.008014003	0.15043375	0.6335316	0.16712038
ERR9465626	PRJEB51951	H2_60-61	2		lake sediment	plant tissue		834	2.921166050637739	0.09210969	0.09166553	0.35471708	0.2270563	0.23445141
ERR9465627	PRJEB51951	H2_80-81	2		lake sediment	skeletal tissue		526	2.7209857441537393	0.087577775	0.081249736	0.18587741	0.46493405	0.180361
ERR9465628	PRJEB51951	H2_185-186	2		lake sediment	skeletal tissue		937	2.971739590887778	0.07826771	0.056193035	0.2561443	0.36864308	0.24075189
ERR9465629	PRJEB51951	H3_125-126	2		lake sediment	skeletal tissue		582	2.7649229846498886	0.041767493	0.0118853655	0.12869547	0.67305183	0.14459984
ERR9465630	PRJEB51951	H4_50-51	2		lake sediment	skeletal tissue		118	2.0718820073061255	0.05147463	0.013605351	0.15421407	0.62659335	0.1541126
ERR9465631	PRJEB51951	H5_20-21	2		lake sediment	skeletal tissue		62	1.792391689498254	0.085448466	0.045994986	0.18473272	0.49604568	0.18777812
ERR9465632	PRJEB51951	H6_15-16	2		lake sediment	oral		0	0.0	0.12936728	0.3023115	0.2151449	0.15746203	0.19571431
SRR30066258	PRJNA1037120	CHS29	2	oral	dental calculus	oral	0.39664238691329956	90797	4.958071499347411	0.082045615	0.3966424	0.25243008	0.07195966	0.19692227
SRR30066259	PRJNA1037120	CHS27	2	oral	dental calculus	oral	0.40254560112953186	98936	4.9953543477802915	0.07584544	0.4025456	0.2588777	0.06410737	0.19862387
SRR30066260	PRJNA1037120	CHS26	2	oral	dental calculus	oral	0.4067671298980713	107033	5.029517698323769	0.073140845	0.40676713	0.2605144	0.06073652	0.19884107
SRR30066261	PRJNA1037120	CHS22	2	oral	dental calculus	oral	0.39859575033187866	87717	4.94308376999904	0.08096216	0.39859575	0.2535297	0.07063735	0.19627507
SRR30066262	PRJNA1037120	CHS21	2	oral	dental calculus	oral	0.40237730741500854	79380	4.899711094571145	0.07674579	0.4023773	0.2597679	0.066213235	0.19489576
SRR30066263	PRJNA1037120	CHS20	2	oral	dental calculus	oral	0.39645472168922424	60680	4.783045572114693	0.08207141	0.39645472	0.25211567	0.07327263	0.19608554
SRR30066264	PRJNA1037120	CHS14	2	oral	dental calculus	oral	0.3950274586677551	65753	4.8179155724275455	0.0846606	0.39502746	0.25037158	0.075163096	0.19477722
SRR30066265	PRJNA1037120	CHS13	2	oral	dental calculus	oral	0.3811946511268616	10051	4.002209272988015	0.09769733	0.38119465	0.22900228	0.09687891	0.1952268
SRR30066269	PRJNA1037120	CHS36	2	oral	dental calculus	oral	0.4020419120788574	76352	4.882820417654229	0.07747699	0.4020419	0.25879163	0.06742169	0.19426773
SRR30066270	PRJNA1037120	CHS31	2	oral	dental calculus	oral	0.3966173827648163	94708	4.976386665477523	0.0829452	0.39661738	0.24876173	0.07305325	0.19862244
SRR30066271	PRJNA1037120	CHS03	2	oral	dental calculus	oral	0.4075433611869812	106455	5.027166064284568	0.07267608	0.40754336	0.26044297	0.06037926	0.19895835
SRR30066272	PRJNA1037120	CHS01	2	oral	dental calculus	oral	0.4041540026664734	104653	5.019751682409738	0.07628478	0.404154	0.25668103	0.06458912	0.19829114
SRR32023812	PRJNA1211513	Ryder19-24-PC1-sec1_30.5cm	2		marine sediment	skeletal tissue		23	1.3617278360175928	0.12779744	0.1394533	0.2154814	0.3104387	0.20682919
SRR32023817	PRJNA1211513	DA17 st7 73G sect5 cm 9-10	2		marine sediment	skeletal tissue		106	2.0253058652647704	0.050010674	0.015208353	0.1360307	0.65624315	0.14250717
SRR32023818	PRJNA1211513	Ryder19-12-GC1_sec1_35.5cm	2		marine sediment	skeletal tissue		79	1.8976270912904414	0.04319452	0.011188813	0.12600042	0.69096243	0.1286538
SRR32023819	PRJNA1211513	DA17 st7 73G sect3 cm10-11	2		marine sediment	skeletal tissue		60	1.7781512503836436	0.042242914	0.010036239	0.12675408	0.68833524	0.13263157
SRR32023820	PRJNA1211513	DA17 st7 73G sect2 cm38-39	2		marine sediment	skeletal tissue		78	1.8920946026904804	0.07002905	0.03536495	0.15700023	0.5750524	0.16255346
SRR32023821	PRJNA1211513	DA17 st7 73G sect5 cm15-16	2		marine sediment	skeletal tissue		173	2.2380461031287955	0.033076882	0.0057824077	0.107260585	0.735394	0.11848612
SRR32023822	PRJNA1211513	DA17 st7 73G sect3 cm20-21	2		marine sediment	skeletal tissue		99	1.99563519459755	0.037886154	0.0070614694	0.11953235	0.7031048	0.13241526
SRR32023823	PRJNA1211513	DA17 st7 73G sect2 cm51-52	2		marine sediment	skeletal tissue		76	1.8808135922807914	0.056892864	0.018718688	0.14398423	0.63403577	0.14636844
SRR32023824	PRJNA1211513	DA17 st7 73G sect4 cm1-2	2		marine sediment	skeletal tissue		134	2.1271047983648077	0.033381008	0.00565831	0.11218242	0.7227814	0.12599683
SRR32023825	PRJNA1211513	DA17 st7 73G sect3 cm27-28	2		marine sediment	skeletal tissue		74	1.8692317197309762	0.04975138	0.014072975	0.13938248	0.648929	0.1478642
SRR32023826	PRJNA1211513	DA17 st7 73G sect2 cm68-69	2		marine sediment	skeletal tissue		57	1.7558748556724915	0.10660155	0.08572793	0.20268564	0.4059964	0.19898848
SRR32023827	PRJNA1211513	DA17 st7 73G sect4 cm21-22	2		marine sediment	skeletal tissue		157	2.1958996524092336	0.031941406	0.0051080873	0.10500324	0.7463813	0.11156599
SRR32023828	PRJNA1211513	DA17 st7 73G sect3 cm47-48	2		marine sediment	skeletal tissue		59	1.7708520116421442	0.087482974	0.05382036	0.18112577	0.48722386	0.19034703
SRR32023829	PRJNA1211513	LK21-ICst26_sec4_5cm	2		marine sediment	skeletal tissue		183	2.2624510897304293	0.027135244	0.0043664863	0.09368062	0.7806366	0.094181046
SRR32023830	PRJNA1211513	DA17 st7 73G sect2 cm83-84	2		marine sediment	skeletal tissue		96	1.9822712330395684	0.03271324	0.005270018	0.11270342	0.7286991	0.120614246
SRR32023831	PRJNA1211513	DA17 st7 73G sect4 cm46-47	2		marine sediment	skeletal tissue		46	1.662757831681574	0.12576956	0.20803706	0.20980671	0.25657815	0.19980852
SRR32023832	PRJNA1211513	DA17 st7 73G sect3 cm87-88	2		marine sediment	skeletal tissue		66	1.8195439355418688	0.060382355	0.02458578	0.14517985	0.6182286	0.15162341
SRR32023833	PRJNA1211513	DA17 st7 73G sect2 cm98-99	2		marine sediment	skeletal tissue		91	1.9590413923210936	0.075146645	0.040895678	0.15819019	0.5540248	0.17174268
SRR32023835	PRJNA1211513	DA17 st7 73G sect4 cm71-72	2		marine sediment	skeletal tissue		73	1.863322860120456	0.04517184	0.012112433	0.13097695	0.6769945	0.13474426
SRR32023836	PRJNA1211513	DA17 st7 73G sect2 cm18-19	2		marine sediment	skeletal tissue		56	1.7481880270062005	0.099307045	0.0703691	0.19513682	0.4403084	0.19487868
SRR32023837	PRJNA1211513	DA17 st7 73G sect1 cm9-10	2		marine sediment	skeletal tissue		46	1.662757831681574	0.09714108	0.074399844	0.19004242	0.44558057	0.19283606
SRR32023838	PRJNA1211513	DA17 st7 73G sect5 cm 0-1	2		marine sediment	skeletal tissue		117	2.0681858617461617	0.05285859	0.016259205	0.14140269	0.6435372	0.14594224
SRR32023839	PRJNA1211513	DA17 st7 73G sect3 cm1-2	2		marine sediment	skeletal tissue		116	2.0644579892269186	0.038616005	0.0062752413	0.12259779	0.689856	0.14265497
SRR32023840	PRJNA1211513	LK21-ICst26_sec3_30cm	2		marine sediment	skeletal tissue		98	1.9912260756924949	0.043318875	0.010392176	0.13149571	0.6747982	0.13999502
SRR32023841	PRJNA1211513	DA17 st7 73G sect2 cm3-4	2		marine sediment	skeletal tissue		77	1.8864907251724818	0.12395469	0.19911973	0.21529846	0.26305932	0.19856775
SRR32023842	PRJNA1211513	DA17 st7 73G sect1 cm24-25	2		marine sediment	skeletal tissue		60	1.7781512503836436	0.07890351	0.03666995	0.1784837	0.52536863	0.18057413
SRR32023845	PRJNA1211513	LK21-ICst26_sec4_10cm	2		marine sediment	skeletal tissue		114	2.0569048513364727	0.030304115	0.005040628	0.1021878	0.75411147	0.108355924
SRR32023846	PRJNA1211513	LK21-ICst26_sec3_15cm	2		marine sediment	skeletal tissue		86	1.9344984512435677	0.049727947	0.012845462	0.14465252	0.63743407	0.15534005
SRR32023847	PRJNA1211513	LK21-ICst26_sec2_5cm	2		marine sediment	skeletal tissue		87	1.9395192526186185	0.0724284	0.03239111	0.17394426	0.54209334	0.17914286
SRR32023848	PRJNA1211513	LK21-ICst26_sec3_95cm	2		marine sediment	skeletal tissue		170	2.230448921378274	0.032436963	0.0055344617	0.108456716	0.7414014	0.11217041
SRR32023849	PRJNA1211513	LK21-ICst26_sec2_95cm	2		marine sediment	skeletal tissue		74	1.8692317197309762	0.12377699	0.1467275	0.21085143	0.3117538	0.20689026
SRR32023851	PRJNA1211513	LK21-ICst26_sec2_20cm	2		marine sediment	skeletal tissue		196	2.292256071356476	0.03660006	0.0056043426	0.12185371	0.6934244	0.14251748
SRR32023854	PRJNA1211513	LK21-ICst26_sec3_85cm	2		marine sediment	skeletal tissue		109	2.037426497940624	0.087271996	0.052344453	0.1855345	0.48494157	0.18990749
SRR32023855	PRJNA1211513	LK21-ICst26_sec2_80cm	2		marine sediment	skeletal tissue		174	2.2405492482826	0.048166092	0.010365998	0.14755549	0.6233131	0.17059927
SRR32023858	PRJNA1211513	Ryder19-12-GC1_sec1_0.5cm	2		marine sediment	skeletal tissue		108	2.03342375548695	0.05370898	0.0164401	0.14173312	0.63898623	0.14913155
SRR32023859	PRJNA1211513	LK21-ICst26_sec2_35cm	2		marine sediment	skeletal tissue		114	2.0569048513364727	0.047152966	0.01112487	0.14690825	0.625106	0.16970797
SRR32023860	PRJNA1211513	LK21-ICst26_sec3_75cm	2		marine sediment	skeletal tissue		105	2.0211892990699383	0.063643575	0.021387199	0.16174832	0.5794093	0.17381163
SRR32023861	PRJNA1211513	LK21-ICst26_sec2_65cm	2		marine sediment	skeletal tissue		158	2.1986570869544226	0.03242768	0.0054487777	0.11301663	0.7278452	0.12126168
SRR32023864	PRJNA1211513	Ryder19-24-PC1-sec1_10.5cm	2		marine sediment	skeletal tissue		80	1.9030899869919435	0.08974152	0.06066948	0.1832845	0.48478287	0.18152158
SRR32023865	PRJNA1211513	Ryder19-12-GC1_sec1_15.5cm	2		marine sediment	skeletal tissue		65	1.8129133566428555	0.11220906	0.10987979	0.20294566	0.37785727	0.19710824
SRR32023867	PRJNA1211513	LK21-ICst26_sec3_60cm	2		marine sediment	skeletal tissue		107	2.0293837776852097	0.043731384	0.009499913	0.12790382	0.6771873	0.14167748
SRR32023868	PRJNA1211513	LK21-ICst26_sec2_50cm	2		marine sediment	oral		31	1.4913616938342726	0.12871727	0.28101346	0.2183729	0.17355272	0.19834366
SRR32023870	PRJNA1211513	Ryder19-24-PC1-sec1_20.5cm	2		marine sediment	skeletal tissue		66	1.8195439355418688	0.059199333	0.021286132	0.14950345	0.61730456	0.15270653
SRR32023871	PRJNA1211513	Ryder19-12-GC1_sec1_25.5cm	2		marine sediment	skeletal tissue		49	1.6901960800285136	0.11030134	0.10811789	0.20285313	0.385955	0.19277266
SRR32023872	PRJNA1211513	LK21-ICst26_sec4_1.5cm	2		marine sediment	skeletal tissue		86	1.9344984512435677	0.06496702	0.026848042	0.1579843	0.58948267	0.160718
SRR32023873	PRJNA1211513	LK21-ICst26_sec3_45cm	2		marine sediment	skeletal tissue		69	1.8388490907372552	0.0430438	0.011068465	0.12757668	0.6864344	0.13187662
SRR32023874	PRJNA1211513	Ryder19-24-PC1-sec1_40.5cm	2		marine sediment	skeletal tissue		62	1.792391689498254	0.05769207	0.018278891	0.1499366	0.615717	0.15837543
SRR32023875	PRJNA1211513	Ryder19-12-GC1_sec1_50.5cm	2		marine sediment	skeletal tissue		73	1.863322860120456	0.06387299	0.025595391	0.15651982	0.59092456	0.16308725
SRR6877282	PRJNA445215	S41	2	oral	dental calculus	oral	0.3971526026725769	92401	4.965676671351404	0.08095867	0.3971526	0.2506763	0.07127775	0.19993465
SRR6877283	PRJNA445215	S41	2	skeletal tissue	tooth	oral	0.11992377042770386	5702	3.756027212973441	0.104110226	0.34032658	0.22838421	0.11992377	0.20725524
SRR6877284	PRJNA445215	C53	2	oral	dental calculus	oral	0.4058965742588043	104129	5.017571697675937	0.073038325	0.40589657	0.26083243	0.06043452	0.19979817
SRR6877285	PRJNA445215	C53	2	skeletal tissue	tooth	oral	0.2179744690656662	3911	3.5922878159521305	0.09511651	0.2896173	0.21553743	0.21797447	0.18175426
SRR6877286	PRJNA445215	C214	2	oral	dental calculus	oral	0.4013451635837555	100949	5.004102021183244	0.077152945	0.40134516	0.25583503	0.065653756	0.20001309
SRR6877287	PRJNA445215	C214	2	skeletal tissue	tooth	skeletal tissue	0.35443148016929626	1597	3.203304916138483	0.0959339	0.18799189	0.19317612	0.35443148	0.16846657
SRR6877288	PRJNA445215	F349A	2	oral	dental calculus	oral	0.39803260564804077	101682	5.007244079839634	0.08131526	0.3980326	0.25242272	0.07066531	0.1975641
SRR6877289	PRJNA445215	S40	2	skeletal tissue	tooth	oral	0.0771436095237732	5904	3.7711463488149852	0.08127381	0.4076191	0.2356412	0.07714361	0.19832233
SRR6877290	PRJNA445215	F1948	2	oral	dental calculus	oral	0.39865654706954956	86283	4.93592523681061	0.08080326	0.39865655	0.25050575	0.072372094	0.19766235
SRR6877291	PRJNA445215	F1948	2	skeletal tissue	tooth	oral	0.07839114218950272	45712	4.660030223038667	0.08515564	0.39539716	0.24336663	0.07839114	0.19768944
SRR6877292	PRJNA445215	H10	2	oral	dental calculus	oral	0.4075605869293213	106132	5.0258463483508695	0.07131399	0.4075606	0.26328176	0.058569115	0.19927453
SRR6877293	PRJNA445215	KT31	2	skeletal tissue	tooth	skeletal tissue	0.27210503816604614	919	2.9633155113861114	0.09294802	0.25280765	0.20968279	0.27210504	0.17245652
SRR6877294	PRJNA445215	KT30	2	oral	dental calculus	oral	0.3886175751686096	88453	4.946712567164916	0.09025452	0.38861758	0.24263032	0.082283735	0.19621386
SRR6877295	PRJNA445215	KT30	2	skeletal tissue	tooth	oral	0.1034000962972641	2733	3.436639631692661	0.10323217	0.36387053	0.22686186	0.1034001	0.20263536
SRR6877296	PRJNA445215	KT32	2	oral	dental calculus	oral	0.38762882351875305	82817	4.918119494373996	0.09197559	0.38762882	0.2407093	0.083744206	0.19594207
SRR6877297	PRJNA445215	KT32	2	skeletal tissue	tooth	skeletal tissue	0.4699808657169342	1241	3.09377178149873	0.071814805	0.142942	0.18789458	0.46998087	0.12736773
SRR6877298	PRJNA445215	H10	2	skeletal tissue	tooth	oral	0.10334803909063339	12082	4.082138831393448	0.09882097	0.37266177	0.22927587	0.10334804	0.19589332
SRR6877299	PRJNA445215	KT31	2	skeletal tissue	tooth	oral	0.11403952538967133	16166	4.208602574462532	0.11114582	0.35715875	0.224691	0.114039525	0.19296488
SRR6877300	PRJNA445215	KT32	2	oral	dental calculus	oral	0.4077838063240051	107251	5.030401350203682	0.0713878	0.4077838	0.26206902	0.058537025	0.20022237
SRR6877301	PRJNA445215	KT32	2	skeletal tissue	tooth	oral	0.09763450920581818	18449	4.265972830860834	0.09603212	0.3751461	0.23319836	0.09763451	0.1979889
SRR6877302	PRJNA445215	KT03	2	skeletal tissue	tooth	oral	0.17229712009429932	705	2.848189116991399	0.08815615	0.32777545	0.22117004	0.17229712	0.1906012
SRR6877303	PRJNA445215	KT04	2	oral	dental calculus	oral	0.3942306935787201	83503	4.921702078597868	0.08605444	0.3942307	0.24865313	0.07625854	0.19480321
SRR6877304	PRJNA445215	KT01	2	oral	dental calculus	oral	0.41550812125205994	49257	4.6924679575818296	0.067067645	0.41550812	0.25952682	0.057629205	0.20026822
SRR6877305	PRJNA445215	KT01	2	oral	dental calculus	oral	0.4141315519809723	68345	4.834706747845493	0.06927885	0.41413155	0.25843233	0.059856057	0.19830118
SRR6877306	PRJNA445215	H24	2	skeletal tissue	tooth	oral	0.2251797914505005	3979	3.599773939146388	0.09498428	0.2837993	0.21476957	0.22517979	0.18126705
SRR6877307	PRJNA445215	KT02	2	skeletal tissue	tooth	skeletal tissue	0.7667676210403442	122	2.0863598306747484	0.03122231	0.0061920085	0.10004331	0.7667676	0.09577474
SRR6877308	PRJNA445215	KT03	2	oral	dental calculus	oral	0.3731425106525421	68988	4.838773554693599	0.0973992	0.3731425	0.23858407	0.09225211	0.19862211
SRR6877309	PRJNA445215	KT01	2	skeletal tissue	tooth	oral	0.2651723027229309	931	2.9689496809813427	0.08981271	0.26606143	0.20708103	0.2651723	0.17187253
SRR6877310	PRJNA445215	NF47	2	oral	dental calculus	oral	0.3958708643913269	93352	4.970123626834206	0.08252298	0.39587086	0.2502589	0.07346499	0.19788226
SRR6877311	PRJNA445215	NF47	2	skeletal tissue	tooth	oral	0.07140694558620453	78456	4.894626162291975	0.0789756	0.4025951	0.25209323	0.071406946	0.19492918
SRR6877312	PRJNA445215	NF217	2	oral	dental calculus	oral	0.39312928915023804	92903	4.96802973834681	0.08533375	0.3931293	0.24639478	0.07654572	0.19859646
SRR6877313	PRJNA445215	KT36	2	oral	dental calculus	oral	0.40679875016212463	104580	5.019448637493637	0.07319778	0.40679875	0.26100266	0.061069537	0.19793129
SRR6877314	PRJNA445215	NF217	2	skeletal tissue	tooth	oral	0.08536066859960556	83061	4.919397155426251	0.09159978	0.38786176	0.23816028	0.08536067	0.19701752
SRR6877315	PRJNA445215	KT33	2	skeletal tissue	tooth	skeletal tissue	0.5687150955200195	767	2.884795363948981	0.06191911	0.094028935	0.17037706	0.5687151	0.10495981
SRR6877316	PRJNA445215	KT33	2	oral	dental calculus	oral	0.3941378593444824	77812	4.8910465781195915	0.08840907	0.39413786	0.24167149	0.08017695	0.1956046
SRR6877317	PRJNA445215	KT34	2	skeletal tissue	tooth	skeletal tissue	0.3184141516685486	799	2.902546779313991	0.08228551	0.22291335	0.20810297	0.31841415	0.16828403
SRR6877318	PRJNA445215	KT34	2	oral	dental calculus	oral	0.3886736035346985	88176	4.945350393681395	0.08983224	0.3886736	0.24285075	0.08227834	0.19636506
SRR6877319	PRJNA445215	KT35	2	skeletal tissue	tooth	oral	0.07780463993549347	864	2.936513742478893	0.08398414	0.39898962	0.23571973	0.07780464	0.20350187
SRR6877320	PRJNA445215	KT35	2	oral	dental calculus	oral	0.3871338367462158	86044	4.934720591598597	0.091883	0.38713384	0.2418745	0.083917774	0.19519086
SRR6877321	PRJNA445215	KT36	2	skeletal tissue	tooth	oral	0.10473980754613876	695	2.8419848045901137	0.08442049	0.37753397	0.2280217	0.10473981	0.205284
SRR6877322	PRJNA445215	KT36	2	oral	dental calculus	oral	0.3943555951118469	84577	4.9272522763825	0.08647301	0.3943556	0.24623322	0.078117125	0.19482107
SRR6877323	PRJNA445215	H24	2	oral	dental calculus	oral	0.39896711707115173	96836	4.986036841758895	0.07876148	0.39896712	0.25452787	0.06872859	0.19901498
SRR6877324	PRJNA445215	S40	2	oral	dental calculus	oral	0.391811341047287	88855	4.9486818712106775	0.08695263	0.39181134	0.2436324	0.079223834	0.19837978
SRR6877325	PRJNA445215	F349A	2	skeletal tissue	tooth	oral	0.23508596420288086	2607	3.416141031168329	0.086413994	0.289828	0.21258879	0.23508596	0.17608322
SRR6877326	PRJNA445215	S108	2	oral	dental calculus	oral	0.4004967212677002	97603	4.989463166677166	0.07986041	0.40049672	0.25236392	0.06912519	0.19815376
SRR6877327	PRJNA445215	S108	2	skeletal tissue	tooth	oral	0.10716567933559418	3142	3.4972061807039547	0.090962686	0.37012538	0.22969337	0.10716568	0.20205286
SRR6877328	PRJNA445215	KT31	2	oral	dental calculus	oral	0.3980773091316223	92627	4.966737598364836	0.08274155	0.3980773	0.24824607	0.07395423	0.1969808
SRR6877329	PRJNA445215	KT24	2	skeletal tissue	tooth	oral	0.1946294605731964	3358	3.5260806918020298	0.09858954	0.30238643	0.21808617	0.19462946	0.18630837
SRR6877330	PRJNA445215	KT24	2	oral	dental calculus	oral	0.3905261158943176	89423	4.951449235668343	0.088424206	0.39052612	0.24505982	0.07982062	0.19616921
SRR6877331	PRJNA445215	KT23	2	skeletal tissue	tooth	oral	0.09253618121147156	11756	4.0702595774005745	0.09110604	0.38403088	0.23474228	0.09253618	0.19758463
SRR6877332	PRJNA445215	KT23	2	oral	dental calculus	oral	0.3993849754333496	91716	4.962445105632598	0.08182848	0.39938498	0.25021726	0.07249657	0.19607271
SRR6877333	PRJNA445215	KT22	2	skeletal tissue	tooth	skeletal tissue	0.5486560463905334	497	2.696356388733332	0.07789308	0.06176432	0.15793589	0.54865605	0.15375069
SRR6877334	PRJNA445215	KT22	2	oral	dental calculus	oral	0.38508790731430054	67465	4.829078524696955	0.09580398	0.3850879	0.23372534	0.088673264	0.19670947
SRR6877335	PRJNA445215	KT21	2	skeletal tissue	tooth	oral	0.25346940755844116	1080	3.03342375548695	0.08893709	0.27394867	0.20853093	0.2534694	0.17511393
SRR6877336	PRJNA445215	KT21	2	oral	dental calculus	oral	0.38093164563179016	79626	4.901054899556968	0.096286654	0.38093165	0.23745021	0.090021074	0.19531037
SRR6877337	PRJNA445215	KT20	2	skeletal tissue	tooth	skeletal tissue	0.3309192657470703	222	2.346352974450639	0.09714393	0.19153973	0.20230746	0.33091927	0.17808957
SRR6877338	PRJNA445215	KT20	2	oral	dental calculus	oral	0.392213374376297	93885	4.972596210608978	0.086414546	0.39221337	0.24627058	0.07781032	0.19729117
SRR6877339	PRJNA445215	KT31	2	oral	dental calculus	oral	0.4117833077907562	108322	5.034716669998244	0.068130694	0.4117833	0.2650754	0.05462249	0.20038816
SRR6877340	PRJNA445215	KT26	2	oral	dental calculus	oral	0.40746474266052246	106000	5.02530586526477	0.072533846	0.40746474	0.26091677	0.059960686	0.19912396
SRR6877341	PRJNA445215	KT26	2	skeletal tissue	tooth	oral	0.08633443713188171	7981	3.9020573108084666	0.08965551	0.3966462	0.22957301	0.08633444	0.19779079
SRR6877342	PRJNA445215	KT24	2	oral	dental calculus	oral	0.40943604707717896	108232	5.034355683771976	0.07014992	0.40943605	0.2635264	0.057222992	0.19966464
SRR6877343	PRJNA445215	KT24	2	skeletal tissue	tooth	oral	0.10348832607269287	36660	4.564192460626198	0.10302441	0.367585	0.22971945	0.103488326	0.19618285
SRR6877344	PRJNA445215	KT25	2	oral	dental calculus	oral	0.39192622900009155	82817	4.918119494373996	0.08697033	0.39192623	0.24779336	0.077247545	0.19606249
SRR6877345	PRJNA445215	KT25	2	skeletal tissue	tooth	oral	0.08551861345767975	483	2.683947130751512	0.085449435	0.39749902	0.23188582	0.08551861	0.19964716
SRR6877346	PRJNA445215	KT25	2	oral	dental calculus	oral	0.40836697816848755	107621	5.031897023135714	0.07134928	0.40836698	0.2623499	0.05862996	0.1993039
SRR6877347	PRJNA445215	KT25	2	skeletal tissue	tooth	oral	0.08982174098491669	12859	4.109207196320066	0.08975442	0.39240906	0.23317969	0.08982174	0.19483513
SRR6877348	PRJNA445215	KT26	2	oral	dental calculus	oral	0.39411190152168274	73451	4.865997712876793	0.08382367	0.3941119	0.2505311	0.07413152	0.19740185
SRR6877349	PRJNA445215	KT26	2	skeletal tissue	tooth	skeletal tissue	0.5050748586654663	900	2.9542425094393248	0.07021487	0.122426115	0.18374057	0.50507486	0.11854365
SRR6877350	PRJNA445215	KT13	2	oral	dental calculus	oral	0.4064740538597107	105898	5.024887758056816	0.072375	0.40647405	0.26099473	0.059805952	0.20035028
SRR6877351	PRJNA445215	KT13	2	skeletal tissue	tooth	oral	0.17957723140716553	224	2.3502480183341627	0.08990614	0.31351763	0.2253584	0.17957723	0.19164062
SRR6877352	PRJNA445215	KT14	2	oral	dental calculus	oral	0.3936733603477478	67019	4.826197943378065	0.08669216	0.39367336	0.24424422	0.07771684	0.19767341
SRR6877353	PRJNA445215	KT13	2	skeletal tissue	tooth	oral	0.1842213124036789	2865	3.457124626303409	0.09305164	0.3166602	0.21996701	0.18422131	0.18609986
SRR6877354	PRJNA445215	KT12	2	oral	dental calculus	oral	0.38862550258636475	76914	4.886005397920503	0.09097669	0.3886255	0.24219449	0.08198615	0.19621718
SRR6877355	PRJNA445215	KT11	2	skeletal tissue	tooth	skeletal tissue	0.2787707448005676	178	2.250420002308894	0.09221846	0.24098463	0.20785204	0.27877074	0.18017411
SRR6877356	PRJNA445215	KT13	2	oral	dental calculus	oral	0.38905248045921326	80827	4.907556459689006	0.09142001	0.38905248	0.24122436	0.08330588	0.19499728
SRR6877357	PRJNA445215	KT12	2	skeletal tissue	tooth	oral	0.17113478481769562	135	2.130333768495006	0.095570944	0.31828776	0.22285053	0.17113478	0.19215596
SRR6877358	PRJNA445215	KT14	2	oral	dental calculus	oral	0.39854201674461365	95620	4.9805487393597705	0.08068085	0.39854202	0.25183254	0.070091054	0.19885354
SRR6877359	PRJNA445215	KT14	2	skeletal tissue	tooth	oral	0.07339933514595032	3870	3.5877109650189114	0.07841891	0.40453663	0.23882559	0.073399335	0.20481959
SRR6877360	PRJNA445215	KT17	2	skeletal tissue	tooth	skeletal tissue	0.4366561472415924	805	2.9057958803678687	0.07617664	0.15970245	0.19343181	0.43665615	0.13403293
SRR6877361	PRJNA445215	KT18	2	oral	dental calculus	oral	0.39170700311660767	86300	4.93601079571521	0.08958514	0.391707	0.2423232	0.08142464	0.19496
SRR6877362	PRJNA445215	KT16	2	skeletal tissue	tooth	skeletal tissue	0.3997189700603485	923	2.965201701025912	0.07524387	0.18085888	0.19843492	0.39971897	0.14574337
SRR6877363	PRJNA445215	KT17	2	oral	dental calculus	oral	0.3941887319087982	75734	4.879290895317298	0.08637715	0.39418873	0.24750242	0.07732013	0.19461155
SRR6877364	PRJNA445215	KT15	2	skeletal tissue	tooth	oral	0.10175937414169312	1590	3.2013971243204513	0.08994415	0.37411827	0.23461695	0.101759374	0.1995613
SRR6877365	PRJNA445215	KT16	2	oral	dental calculus	oral	0.3897886276245117	68859	4.8379607114032845	0.09178844	0.38978863	0.23920031	0.083702855	0.19551978
SRR6877366	PRJNA445215	KT14	2	skeletal tissue	tooth	oral	0.09752146899700165	31210	4.494293768665333	0.096683905	0.3748091	0.23149236	0.09752147	0.19949315
SRR6877367	PRJNA445215	KT15	2	oral	dental calculus	oral	0.3950221538543701	93308	4.9699188806908685	0.085435316	0.39502215	0.24738744	0.07654568	0.19560938
SRR6877368	PRJNA445215	KT18	2	skeletal tissue	tooth	oral	0.06541198492050171	269	2.429752280002408	0.07192621	0.41759497	0.24003246	0.065411985	0.2050344
SRR6877369	PRJNA445215	KT19	2	oral	dental calculus	oral	0.3967447876930237	54132	4.733454073145335	0.08653608	0.3967448	0.23957515	0.07855356	0.19859044
SRR6877370	PRJNA445215	KT05	2	oral	dental calculus	oral	0.3989480137825012	99675	4.998586244334432	0.08167678	0.398948	0.24925509	0.07134894	0.1987712
SRR6877371	PRJNA445215	KT05	2	skeletal tissue	tooth	skeletal tissue	0.3491396903991699	130	2.113943352306837	0.09827174	0.16921483	0.20170447	0.3491397	0.18166925
SRR6877372	PRJNA445215	KT05	2	oral	dental calculus	oral	0.38679155707359314	62525	4.79605370040254	0.0957277	0.38679156	0.23255138	0.08852008	0.19640927
SRR6877373	PRJNA445215	KT04	2	skeletal tissue	tooth	skeletal tissue	0.5233696103096008	834	2.921166050637739	0.068482056	0.11336364	0.17980275	0.5233696	0.114981934
SRR6877374	PRJNA445215	KT07	2	oral	dental calculus	oral	0.3932322561740875	78004	4.892116873631328	0.08872174	0.39323226	0.2416894	0.08126194	0.19509467
SRR6877375	PRJNA445215	KT06	2	skeletal tissue	tooth	oral	0.24672222137451172	771	2.8870543780509568	0.089673914	0.27864823	0.20852697	0.24672222	0.17642865
SRR6877376	PRJNA445215	KT06	2	oral	dental calculus	oral	0.3958207070827484	75308	4.876841113933868	0.08627758	0.3958207	0.24684358	0.07774474	0.19331339
SRR6877377	PRJNA445215	KT05	2	skeletal tissue	tooth	oral	0.10375194251537323	815	2.9111576087399764	0.087744944	0.38567778	0.22419672	0.10375194	0.19862863
SRR6877378	PRJNA445215	KT08	2	oral	dental calculus	oral	0.4058639109134674	23072	4.363085243039335	0.077185504	0.4058639	0.24729422	0.069543876	0.20011249
SRR6877379	PRJNA445215	KT07	2	skeletal tissue	tooth	skeletal tissue	0.4966663420200348	219	2.3404441148401185	0.07155473	0.09183189	0.18304552	0.49666634	0.15690154
SRR6877380	PRJNA445215	KT36	2	skeletal tissue	tooth	oral	0.11715880781412125	3186	3.503245771465113	0.09343927	0.36092088	0.22961672	0.11715881	0.19886433
SRR6877381	PRJNA445215	KT10	2	skeletal tissue	tooth	skeletal tissue	0.6043576002120972	59	1.7708520116421442	0.065807	0.042646877	0.14985284	0.6043576	0.13733566
SRR6877382	PRJNA445215	KT11	2	oral	dental calculus	oral	0.3812848925590515	84275	4.92569876119301	0.09619328	0.3812849	0.2362422	0.089487076	0.19679251
SRR6877383	PRJNA445215	KT09	2	skeletal tissue	tooth	oral	0.200071781873703	820	2.9138138523837167	0.08866292	0.3118785	0.21483858	0.20007178	0.18454823
SRR6877384	PRJNA445215	KT09	2	oral	dental calculus	oral	0.4019688069820404	98871	4.995068926714912	0.076308	0.4019688	0.258524	0.06489651	0.19830272
SRR6877385	PRJNA445215	KT09	2	skeletal tissue	tooth	oral	0.09468194097280502	3606	3.557025722386383	0.08896008	0.38290507	0.23301259	0.09468194	0.20044032
SRR6877386	PRJNA445215	KT10	2	oral	dental calculus	oral	0.39092326164245605	85239	4.930638346051205	0.08989166	0.39092326	0.24254847	0.081630476	0.1950061
SRR6877387	PRJNA445215	KT08	2	skeletal tissue	tooth	oral	0.12130410969257355	454	2.6570558528571038	0.09589676	0.36480314	0.22445187	0.12130411	0.19354413
SRR6877388	PRJNA445215	KT08	2	oral	dental calculus	oral	0.40484338998794556	72300	4.859138297294531	0.0788029	0.4048434	0.24866538	0.07110138	0.19658694
SRR6877389	PRJNA445215	KT08	2	skeletal tissue	tooth	oral	0.08911454677581787	9464	3.976074731619874	0.09078003	0.38679978	0.2334456	0.08911455	0.19986004
SRR6877390	PRJNA445215	KT09	2	oral	dental calculus	oral	0.3928658068180084	70614	4.848890813232842	0.085205205	0.3928658	0.2503013	0.07614874	0.19547896
SRR6877391	PRJNA445215	S454	2	skeletal tissue	tooth	oral	0.22932429611682892	1916	3.2823955047425257	0.10704746	0.26337865	0.21417208	0.2293243	0.18607752
SRR6877392	PRJNA445215	KT02	2	oral	dental calculus	oral	0.3827192783355713	85641	4.932681729756758	0.095355645	0.38271928	0.2360197	0.08919552	0.19670984
SRR6877393	PRJNA445215	S454	2	oral	dental calculus	oral	0.39698782563209534	95240	4.978819386732842	0.0832493	0.39698783	0.24845687	0.0735008	0.19780521
SRR6877394	PRJNA445215	KT27	2	skeletal tissue	tooth	skeletal tissue	0.39997512102127075	822	2.9148718175400505	0.07309176	0.18417135	0.19735901	0.39997512	0.14540279
SRR6877395	PRJNA445215	KT27	2	oral	dental calculus	oral	0.38959425687789917	72838	4.862358012344071	0.088505805	0.38959426	0.24631914	0.07885133	0.19672944
SRR6877396	PRJNA445215	KT28	2	skeletal tissue	tooth	skeletal tissue	0.3896964192390442	1772	3.248463717551032	0.07638239	0.1858963	0.1993726	0.38969642	0.14865226
SRR6877397	PRJNA445215	KT28	2	oral	dental calculus	oral	0.3905870318412781	80181	4.904071468374639	0.08701122	0.39058703	0.24845493	0.07800404	0.19594277
SRR6877398	PRJNA445215	KT28	2	skeletal tissue	tooth	oral	0.11419259011745453	26547	4.424015449821989	0.107592	0.35384232	0.22868624	0.11419259	0.19568686
SRR6877399	PRJNA445215	KT28	2	oral	dental calculus	oral	0.40607255697250366	103519	5.015020068033092	0.07333595	0.40607256	0.2611822	0.0611938	0.19821554
SRR6877400	PRJNA445215	KT29	2	skeletal tissue	tooth	skeletal tissue	0.3763731122016907	1070	3.0293837776852097	0.08093848	0.19107994	0.20099767	0.3763731	0.1506108
SRR6877401	PRJNA445215	KT29	2	oral	dental calculus	oral	0.3886261582374573	80998	4.90847429542572	0.09036569	0.38862616	0.24205653	0.082102835	0.1968488
SRR6877402	PRJNA445215	KT29	2	skeletal tissue	tooth	oral	0.09340800344944	13294	4.123655674438122	0.09104036	0.38640743	0.23417096	0.093408	0.19497328
SRR6877403	PRJNA445215	KT29	2	oral	dental calculus	oral	0.405526727437973	105788	5.024436406552141	0.07274617	0.40552673	0.2603512	0.06009041	0.20128551
SRR7774469	PRJNA488629	GC100B	2		midden	gut		3663	3.563836918664545	0.7267564	0.0067629837	0.13417485	0.034642655	0.09766317
SRR7774470	PRJNA488629	FRT511A-2-6-19	2		midden	gut		2335	3.368286884902131	0.80393875	0.0030601518	0.09808608	0.020738784	0.07417624
SRR7774471	PRJNA488629	FRT504-1-6-19	2		midden	gut		2160	3.3344537511509307	0.6245004	0.004475155	0.22271784	0.024005378	0.12430121
SRR7774472	PRJNA488629	PPC529-UnB	2		midden	soft tissue		7078	3.849910558301496	0.13196442	0.19271733	0.20590201	0.14496273	0.32445353
SRR7774473	PRJNA488629	PPC529-PrA	2		midden	soft tissue		7189	3.8566684836115352	0.14808246	0.14052497	0.19903073	0.12000011	0.3923618
SRR7774474	PRJNA488629	TS211F-Un	2		midden	gut		3192	3.5040628826786917	0.61354476	0.005280479	0.17115411	0.028839607	0.18118104
SRR7774475	PRJNA488629	PPC529-UnA	2		midden	soft tissue		3456	3.5385737338068557	0.12888034	0.2501454	0.22340524	0.11505878	0.28251025
SRR7774476	PRJNA488629	TS211A-2-6-19	2		midden	gut		2791	3.445759836488631	0.47734466	0.005330718	0.22345003	0.026937911	0.2669367
SRR7774477	PRJNA488629	PPC524-1-6-19	2		midden	soft tissue		4438	3.6471872978959894	0.18850787	0.020963516	0.24999921	0.10251788	0.4380115
SRR7774478	PRJNA488629	TS211F-2Pr	2		midden	gut		538	2.7307822756663893	0.45730504	0.026954252	0.19608732	0.079928815	0.23972464
SRR7774479	PRJNA488629	TS211F-4-6-7	2		midden	soft tissue		2931	3.4670158184384356	0.14614454	0.003143271	0.26142514	0.022221785	0.56706524
SRR8652706	PRJNA522291	200_4	2		lake sediment	gut		1024	3.010299956639812	0.26989803	0.10986707	0.2288939	0.15677229	0.23456874
SRR8652707	PRJNA522291	200_3	2		lake sediment	skeletal tissue		1009	3.0038911662369103	0.09877248	0.16900876	0.1964534	0.32903633	0.20672898
SRR8652708	PRJNA522291	200_2	2		lake sediment	oral		1138	3.056142262059052	0.11944755	0.27627212	0.21650705	0.16720998	0.22056329
SRR8652709	PRJNA522291	200_1	2		lake sediment	skeletal tissue		1520	3.1818435879447726	0.05494707	0.04974813	0.15060857	0.5812189	0.16347736
SRR8652710	PRJNA522291	100_4	2		lake sediment	skeletal tissue		758	2.8796692056320534	0.100436784	0.08684592	0.20496273	0.3881622	0.21959238
SRR8652711	PRJNA522291	100_3	2		lake sediment	skeletal tissue		820	2.9138138523837167	0.07423933	0.05005484	0.18074332	0.50203574	0.19292675
SRR8652712	PRJNA522291	100_2	2		lake sediment	skeletal tissue		923	2.965201701025912	0.08176332	0.06663916	0.18620515	0.47555295	0.18983948
SRR8652713	PRJNA522291	100_1	2		lake sediment	skeletal tissue		1919	3.2830749747354715	0.027150322	0.005143965	0.09470568	0.73903483	0.13396521
SRR8652714	PRJNA522291	50_2	2		lake sediment	skeletal tissue		2123	3.326949994165999	0.02501607	0.0039378023	0.08758004	0.74656975	0.13689634
SRR8652715	PRJNA522291	50_1	2		lake sediment	skeletal tissue		2865	3.457124626303409	0.0295623	0.005597525	0.09553981	0.7324015	0.13689885
SRR8652716	PRJNA522291	S2	2		lake sediment	skeletal tissue		2584	3.4122925093230463	0.027391637	0.0039825994	0.08945778	0.72506434	0.15410364
SRR8652717	PRJNA522291	S1	2		lake sediment	skeletal tissue		3006	3.4779889762508893	0.03077895	0.004548623	0.102436796	0.68514144	0.17709416
ERR11413657	PRJEB61887	RN50	3	oral	dental calculus	skeletal tissue	0.22716286778450012	732	2.864511081058392	0.0983765	0.22716287	0.114588216	0.37036532	0.18950708
ERR11413658	PRJEB61887	RN14	3	oral	dental calculus	oral	0.4180716574192047	61954	4.792069351419859	0.13435598	0.41807166	0.15944347	0.09913559	0.18899336
ERR11413659	PRJEB61887	RN28	3	oral	dental calculus	oral	0.45207351446151733	90671	4.957468405540089	0.12185991	0.4520735	0.16217427	0.07562249	0.18826978
ERR11413660	PRJEB61887	RN20	3	oral	dental calculus	oral	0.4593387544155121	89406	4.951366665098529	0.118092276	0.45933875	0.1625268	0.07119671	0.18884547
ERR11413661	PRJEB61887	RN30	3	oral	dental calculus	oral	0.46801701188087463	92930	4.96815593714997	0.11435531	0.468017	0.16311543	0.06665901	0.18785319
ERR11413662	PRJEB61887	RN36	3	oral	dental calculus	oral	0.4472944140434265	79898	4.902535908227196	0.12086441	0.4472944	0.16198838	0.07590343	0.19394936
ERR11413663	PRJEB61887	RN39	3	oral	dental calculus	oral	0.42820578813552856	82453	4.9162064617967065	0.13303462	0.4282058	0.15920617	0.08922332	0.1903301
ERR11413664	PRJEB61887	RN58	3	oral	dental calculus	oral	0.472363144159317	1044	3.0187004986662433	0.098172285	0.47236314	0.122964665	0.13331056	0.17318937
ERR11413665	PRJEB61887	RN70	3	oral	dental calculus	oral	0.4514661729335785	84053	4.924553218789105	0.12080761	0.45146617	0.16245529	0.07528379	0.18998715
ERR11413666	PRJEB61887	RN93	3	oral	dental calculus	oral	0.46036165952682495	94448	4.97519276587712	0.11956628	0.46036166	0.16305658	0.07136661	0.18564893
ERR11413667	PRJEB61887	RN09_NRN_1	3	oral	dental calculus	oral	0.4571860432624817	79571	4.900754816044652	0.11826352	0.45718604	0.16277318	0.0730196	0.18875766
ERR11413668	PRJEB61887	RN91_NRN_2	3	oral	dental calculus	oral	0.45919832587242126	82083	4.914253220813992	0.1173687	0.45919833	0.16285029	0.07177584	0.18880682
ERR11413669	PRJEB61887	RN65	3	oral	dental calculus	oral	0.4568844735622406	89052	4.949643677636545	0.11859782	0.45688447	0.16320191	0.07287544	0.18844032
ERR11413670	PRJEB61887	RN66	3	oral	dental calculus	oral	0.4348890781402588	65358	4.815298754016198	0.12556899	0.43488908	0.15985301	0.08392193	0.19576703
ERR11413671	PRJEB61887	RN02	3	oral	dental calculus	oral	0.46898627281188965	69648	4.842908649813323	0.111943305	0.46898627	0.16130331	0.06322339	0.19454373
ERR11413672	PRJEB61887	RNAT_NRN_5	3	oral	dental calculus	oral	0.4746471047401428	95273	4.978969840697098	0.1127648	0.4746471	0.16151004	0.06505184	0.18602625
ERR11413673	PRJEB61887	Mangaliliu_TP3	3	oral	dental calculus	oral	0.4453315734863281	82601	4.916985305091	0.12435937	0.44533157	0.16268246	0.07931857	0.18830803
ERR11413674	PRJEB61887	Pangpang	3	oral	dental calculus	oral	0.46091213822364807	91803	4.96285687359947	0.117895976	0.46091214	0.16245992	0.07090657	0.18782547
ERR11413675	PRJEB61887	Banana Bay	3	oral	dental calculus	oral	0.4759793281555176	95463	4.979835078290998	0.11155307	0.47597933	0.16261885	0.06329049	0.18655823
ERR11413676	PRJEB61887	Banana Bay	3	oral	dental calculus	oral	0.4864617884159088	96581	4.984891697774139	0.10718185	0.4864618	0.16228743	0.05824367	0.18582527
ERR11413677	PRJEB61887	Banana Bay	3	oral	dental calculus	oral	0.48386192321777344	98649	4.9940926871889895	0.1079363	0.48386192	0.16217592	0.060271293	0.18575457
ERR11413678	PRJEB61887	Furs 2, TR1 24-30	3	oral	dental calculus	skeletal tissue	0.2243635207414627	763	2.8825245379548803	0.08886785	0.22436352	0.11160578	0.38914895	0.18601394
ERR11413679	PRJEB61887	Furs 9, 78	3	oral	dental calculus	oral	0.45619335770606995	92675	4.966962594701601	0.12010714	0.45619336	0.1628558	0.07298722	0.18785644
ERR11413680	PRJEB61887	Furs 11	3	oral	dental calculus	oral	0.41558513045310974	83726	4.922860343335086	0.13812539	0.41558513	0.16018297	0.096584946	0.18952154
ERR11413681	PRJEB61887	B08	3	oral	dental calculus	oral	0.3862108290195465	64216	4.8076432499687165	0.1470249	0.38621083	0.15830275	0.118990704	0.18947081
ERR11413682	PRJEB61887	B16	3	oral	dental calculus	oral	0.3836122155189514	57398	4.758896759922427	0.14734146	0.38361222	0.15905665	0.12250503	0.18748462
ERR11413683	PRJEB61887	B19	3	oral	dental calculus	oral	0.3781730830669403	59844	4.777020614265988	0.14939153	0.37817308	0.15907516	0.12575871	0.18760152
ERR11413684	PRJEB61887	7c_B2b	3	oral	dental calculus	oral	0.4160923957824707	16815	4.225696871650654	0.13624147	0.4160924	0.136091	0.10923161	0.20234355
ERR11413685	PRJEB61887	B10B	3	oral	dental calculus	oral	0.39958786964416504	74323	4.871123231356284	0.14394554	0.39958787	0.15748362	0.111319974	0.18766296
ERR11413686	PRJEB61887	B30A	3	oral	dental calculus	oral	0.46923741698265076	98513	4.993493544768984	0.1134759	0.46923742	0.1623497	0.06697228	0.18796471
ERR11413687	PRJEB61887	B10C	3	oral	dental calculus	oral	0.45191091299057007	95685	4.980843861206142	0.12472056	0.4519109	0.15864135	0.07573948	0.18898767
ERR11413688	PRJEB61887	B29M	3	oral	dental calculus	oral	0.34992220997810364	40927	4.6120099114863145	0.15658486	0.3499222	0.16162486	0.13948575	0.1923823
ERR11413689	PRJEB61887	B29W	3	oral	dental calculus	oral	0.45929211378097534	99133	4.996218249159575	0.11710449	0.4592921	0.16315243	0.071563445	0.18888752
ERR11413690	PRJEB61887	B30C	3	oral	dental calculus	oral	0.40743952989578247	70193	4.846293804252976	0.14108232	0.40743953	0.15825267	0.10405121	0.18917432
ERR11413691	PRJEB61887	B02	3	oral	dental calculus	oral	0.40902724862098694	57546	4.760015141374994	0.13910076	0.40902725	0.15702859	0.1075779	0.18726556
ERR11413692	PRJEB61887	B8	3	oral	dental calculus	oral	0.45995965600013733	97583	4.989374165522693	0.12040331	0.45995966	0.15953994	0.07201994	0.1880772
ERR11413693	PRJEB61887	B05	3	oral	dental calculus	oral	0.4328056871891022	56073	4.748753792206785	0.12850209	0.4328057	0.15473409	0.092783354	0.19117482
ERR11413694	PRJEB61887	B05	3	oral	dental calculus	oral	0.4454413056373596	94084	4.97351577324098	0.12661777	0.4454413	0.15920624	0.0797157	0.18901896
ERR11413695	PRJEB61887	B06	3	oral	dental calculus	oral	0.4704338610172272	97971	4.99109754095963	0.11301923	0.47043386	0.16266575	0.06570642	0.18817475
ERR11413696	PRJEB61887	B14	3	oral	dental calculus	oral	0.37138959765434265	52007	4.71606180241888	0.14679064	0.3713896	0.15959159	0.12951931	0.19270885
ERR11413697	PRJEB61887	B19	3	oral	dental calculus	oral	0.33546367287635803	24400	4.38738982633873	0.1575791	0.33546367	0.15768696	0.14765456	0.20161572
ERR11413698	PRJEB61887	B23	3	oral	dental calculus	oral	0.28079214692115784	1457	3.16345955176999	0.18593335	0.28079215	0.13460091	0.12766543	0.27100816
ERR11413699	PRJEB61887	B18	3	oral	dental calculus	oral	0.3611641526222229	30461	4.4837441566281635	0.1463324	0.36116415	0.15791857	0.13899669	0.19558819
ERR11413700	PRJEB61887	B3	3	oral	dental calculus	oral	0.41887909173965454	6432	3.808346035740395	0.13167448	0.4188791	0.14158411	0.11636969	0.1914926
ERR11413701	PRJEB61887	B53	3	oral	dental calculus	skeletal tissue	0.061708301305770874	1281	3.1075491297446862	0.14531913	0.0617083	0.106828846	0.41780072	0.26834297
ERR11413702	PRJEB61887	7c_B4	3	oral	dental calculus	soft tissue	0.054809700697660446	454	2.6570558528571038	0.20238395	0.0548097	0.1070586	0.2600511	0.37569663
ERR11413703	PRJEB61887	B76	3	oral	dental calculus	oral	0.35255706310272217	3732	3.571941635074462	0.13030387	0.35255706	0.1422107	0.17006522	0.2048631
ERR11413704	PRJEB61887	B02b	3	oral	dental calculus	oral	0.4194539189338684	80894	4.907916310691069	0.13652076	0.41945392	0.1601436	0.09453854	0.18934323
ERR11413705	PRJEB61887	B04	3	oral	dental calculus	oral	0.41695231199264526	3007	3.4781334281005174	0.12767589	0.4169523	0.14042206	0.11993863	0.19501111
ERR11413706	PRJEB61887	B8	3	oral	dental calculus	oral	0.4234073758125305	83493	4.921650066036798	0.13421121	0.42340738	0.15997723	0.09428852	0.18811563
ERR11413707	PRJEB61887	B59	3	oral	dental calculus	oral	0.38876986503601074	7054	3.848435455331471	0.13745292	0.38876987	0.14192846	0.13032776	0.201521
ERR11413708	PRJEB61887	B60	3	oral	dental calculus	oral	0.334492027759552	3553	3.550595207489328	0.1314235	0.33449203	0.14187993	0.18292645	0.20927806
ERR11413709	PRJEB61887	B33	3	oral	dental calculus	skeletal tissue	0.06762682646512985	1191	3.0759117614827773	0.17642047	0.06762683	0.107036754	0.3696918	0.27922416
ERR11413710	PRJEB61887	B1_1	3	oral	dental calculus	oral	0.47198253870010376	86285	4.935935303438998	0.11191112	0.47198254	0.16274942	0.065051146	0.18830582
ERR11413711	PRJEB61887	B2	3	oral	dental calculus	oral	0.3643926978111267	26602	4.424914289123989	0.14755933	0.3643927	0.1593203	0.13492964	0.19379807
ERR11413712	PRJEB61887	B11_1	3	oral	dental calculus	oral	0.4797043204307556	100802	5.003469148978028	0.10999737	0.47970432	0.16186652	0.06153112	0.18690065
ERR11413713	PRJEB61887	B20	3	oral	dental calculus	oral	0.46499472856521606	98084	4.991598168659912	0.11659837	0.46499473	0.16157582	0.06860286	0.18822825
ERR11413714	PRJEB61887	B21	3	oral	dental calculus	oral	0.4610592722892761	89386	4.951269503148618	0.11957027	0.46105927	0.16125707	0.07106501	0.18704839
ERR11413715	PRJEB61887	B34	3	oral	dental calculus	oral	0.4707353711128235	93390	4.970300375402178	0.11486308	0.47073537	0.1623789	0.06556707	0.1864556
ERR11413716	PRJEB61887	B54	3	oral	dental calculus	oral	0.44711533188819885	85828	4.933628992530939	0.1252751	0.44711533	0.15986212	0.077913925	0.18983352
ERR11413717	PRJEB61887	B68	3	oral	dental calculus	oral	0.4735923707485199	100202	5.000876389997249	0.11239572	0.47359237	0.16225149	0.064019285	0.18774112
ERR11413718	PRJEB61887	B70	3	oral	dental calculus	oral	0.4485000669956207	95024	4.977833307932946	0.12323513	0.44850007	0.1617488	0.07675055	0.18976547
ERR11413719	PRJEB61887	B84	3	oral	dental calculus	oral	0.47832566499710083	100555	5.002403670342223	0.1111953	0.47832566	0.16136093	0.06266254	0.18645555
ERR11413720	PRJEB61887	B88	3	oral	dental calculus	oral	0.451794296503067	89437	4.951517223175433	0.12189585	0.4517943	0.16089971	0.07499368	0.19041649
ERR11413721	PRJEB61887	B91	3	oral	dental calculus	oral	0.46019572019577026	80962	4.908281227981833	0.11699565	0.46019572	0.16386528	0.070635036	0.18830833
ERR11413722	PRJEB61887	B104	3	oral	dental calculus	oral	0.46755608916282654	91634	4.962056644766601	0.11674193	0.4675561	0.16039848	0.068045504	0.18725798
ERR11413723	PRJEB61887	B108	3	oral	dental calculus	oral	0.46413812041282654	90738	4.9577892025414565	0.11474283	0.46413812	0.16190793	0.06716497	0.19204618
ERR11413724	PRJEB61887	B109	3	oral	dental calculus	oral	0.46272745728492737	87815	4.9435687056648865	0.11639051	0.46272746	0.16258457	0.06983514	0.18846235
ERR11413725	PRJEB61887	B159	3	oral	dental calculus	oral	0.45277291536331177	84411	4.926399045298819	0.11974804	0.45277292	0.16398813	0.074116044	0.18937488
ERR11413726	PRJEB61887	B194	3	oral	dental calculus	oral	0.4685848355293274	5963	3.7754648093457392	0.11823829	0.46858484	0.14103211	0.08680621	0.18533859
ERR11413727	PRJEB61887	PH16 (B23)	3	oral	dental calculus	oral	0.4277372360229492	78488	4.894803262705033	0.13515398	0.42773724	0.15777656	0.08954387	0.18978828
ERR11413728	PRJEB61887	PH27_B7	3	oral	dental calculus	oral	0.45871204137802124	98047	4.991434309851043	0.120730996	0.45871204	0.15941688	0.072792396	0.18834768
ERR11413729	PRJEB61887	PH06_B47a	3	oral	dental calculus	oral	0.438250869512558	86942	4.939229626411216	0.12980857	0.43825087	0.15808153	0.08518928	0.18866974
ERR11413731	PRJEB61887	RNA937_NRN_3	3	oral	dental calculus	oral	0.44489866495132446	83732	4.922891464773208	0.12514035	0.44489866	0.16089214	0.0791554	0.18991342
ERR11413732	PRJEB61887	RNA944_NRN_4	3	oral	dental calculus	oral	0.4802272319793701	99620	4.9983465373963645	0.11331872	0.48022723	0.15700087	0.062083937	0.18736924
ERR11413733	PRJEB61887	SVF01	3	oral	dental calculus	oral	0.4442535936832428	84447	4.926584225765073	0.12425061	0.4442536	0.16294517	0.079615936	0.18893471
ERR11413734	PRJEB61887	SVF02	3	oral	dental calculus	oral	0.4396558701992035	82308	4.915442048906112	0.1257744	0.43965587	0.16337854	0.082412586	0.18877858
ERR11413735	PRJEB61887	SVF03	3	oral	dental calculus	oral	0.44386783242225647	84842	4.928610897689008	0.12409969	0.44386783	0.16361703	0.08003445	0.18838103
ERR11413736	PRJEB61887	SVF08	3	oral	dental calculus	skeletal tissue	0.07151617854833603	1825	3.2612628687924934	0.079367444	0.07151618	0.08878411	0.59555036	0.16478197
ERR11413737	PRJEB61887	SVF14	3	oral	dental calculus	oral	0.45865052938461304	90445	4.956384563098206	0.120497525	0.45865053	0.16098157	0.07192649	0.18794386
ERR11413738	PRJEB61887	SVF19	3	oral	dental calculus	skeletal tissue	0.1351776421070099	1692	3.228400358703005	0.0919124	0.13517764	0.100918174	0.4983429	0.17364892
ERR11413739	PRJEB61887	03_1	3	oral	dental calculus	oral	0.38240665197372437	53732	4.7302330060776905	0.1485259	0.38240665	0.15787475	0.11979264	0.19140007
ERR11413740	PRJEB61887	17_3	3	oral	dental calculus	oral	0.4420244097709656	874	2.941511432634403	0.10615089	0.4420244	0.13107258	0.12951702	0.19123511
ERR11413741	PRJEB61887	21	3	oral	dental calculus	oral	0.3256550431251526	18476	4.266607953574509	0.1459254	0.32565504	0.16125667	0.16967565	0.1974873
ERR11413742	PRJEB61887	26_1	3	oral	dental calculus	oral	0.4556105136871338	647	2.8109042806687006	0.10515324	0.4556105	0.13151646	0.12663643	0.1810834
ERR11413743	PRJEB61887	26_1	3	oral	dental calculus	oral	0.38291212916374207	992	2.9965116721541785	0.10293963	0.38291213	0.1320738	0.19366017	0.18841425
ERR11413744	PRJEB61887	29_1	3	oral	dental calculus	skeletal tissue	0.2609989643096924	1759	3.245265839457461	0.10398617	0.26099896	0.1144881	0.33717743	0.1833494
ERR11413745	PRJEB61887	32_2	3	oral	dental calculus	oral	0.41437339782714844	75216	4.876310233844177	0.13727131	0.4143734	0.15961038	0.09945035	0.18929453
ERR11413746	PRJEB61887	60_1	3	oral	dental calculus	oral	0.5476073026657104	790	2.8976270912904414	0.09402551	0.5476073	0.12340075	0.057790894	0.17717557
ERR11413747	PRJEB61887	65	3	oral	dental calculus	oral	0.4060378968715668	47324	4.6750814456877015	0.1377909	0.4060379	0.15995698	0.10930191	0.18691224
ERR11413748	PRJEB61887	69_1	3	oral	dental calculus	oral	0.5547637939453125	916	2.9618954736678504	0.09156283	0.5547638	0.12243481	0.057028122	0.17421046
ERR11413749	PRJEB61887	72_1	3	oral	dental calculus	oral	0.542812168598175	1220	3.0863598306747484	0.09534361	0.54281217	0.12486708	0.059885256	0.17709188
ERR11413750	PRJEB61887	72_1	3	oral	dental calculus	oral	0.40340155363082886	2022	3.3057811512549824	0.119100854	0.40340155	0.13486078	0.15261684	0.19001994
ERR11413751	PRJEB61887	79_1	3	oral	dental calculus	oral	0.4163474142551422	30100	4.478566495593843	0.13490759	0.4163474	0.15289874	0.109277666	0.18656857
ERR11413752	PRJEB61887	Pieve d' investiture, Haurari	3	oral	dental calculus	oral	0.46611031889915466	94006	4.973155573639403	0.116236866	0.46611032	0.16167656	0.06937919	0.18659702
ERR11413753	PRJEB61887	Pieve d' investiture, Piquet 33	3	oral	dental calculus	oral	0.46140122413635254	96110	4.9827685772510115	0.1173314	0.46140122	0.16295636	0.07047508	0.18783598
ERR11413754	PRJEB61887	SK3_1	3	oral	dental calculus	oral	0.40001240372657776	49925	4.69831807354274	0.13608074	0.4000124	0.1611782	0.111283876	0.19144481
ERR11413755	PRJEB61887	SK9_3	3	oral	dental calculus	oral	0.4297386109828949	67304	4.828040875907554	0.1295367	0.4297386	0.16082475	0.089393154	0.19050679
ERR11413756	PRJEB61887	SK10	3	oral	dental calculus	oral	0.4227004051208496	69145	4.8397607809613215	0.13249616	0.4227004	0.15993121	0.09402348	0.19084878
ERR11413757	PRJEB61887	SK12	3	oral	dental calculus	oral	0.4229423403739929	82524	4.916580270389647	0.1329703	0.42294234	0.16064397	0.09372731	0.1897161
ERR11413758	PRJEB61887	SK14	3	oral	dental calculus	oral	0.4405292570590973	77196	4.887594797447993	0.12465887	0.44052926	0.1609822	0.08097055	0.1928591
ERR11413759	PRJEB61887	BG3	3	oral	dental calculus	oral	0.4318324029445648	84346	4.926064491559185	0.1288405	0.4318324	0.16141091	0.08669113	0.19122505
ERR11656729	PRJEB61887	B1	3	skeletal tissue	bone	oral	0.2845008969306946	527	2.7218106152125467	0.10501947	0.29469356	0.12949647	0.2845009	0.1862896
ERR11656730	PRJEB61887	B34	3	skeletal tissue	bone	skeletal tissue	0.5687216520309448	251	2.399673721481038	0.0786735	0.070917465	0.102783345	0.56872165	0.17890401
ERR11656731	PRJEB61887	B54	3	skeletal tissue	bone	skeletal tissue	0.6632190942764282	172	2.2355284469075487	0.062341284	0.02873281	0.08007349	0.6632191	0.1656334
ERR11656732	PRJEB61887	B84	3	skeletal tissue	bone	oral	0.0642251968383789	512	2.709269960975831	0.093499824	0.5526582	0.119122185	0.0642252	0.17049463
ERR11656733	PRJEB61887	B88	3	skeletal tissue	bone	skeletal tissue	0.7261746525764465	169	2.2278867046136734	0.05227651	0.012804849	0.06262759	0.72617465	0.14611639
ERR11656734	PRJEB61887	B159	3	skeletal tissue	bone	skeletal tissue	0.5746031999588013	176	2.24551266781415	0.07533221	0.072266735	0.099589884	0.5746032	0.17820798
ERR11656735	PRJEB61887	B21	3	skeletal tissue	bone	skeletal tissue	0.7098488211631775	248	2.3944516808262164	0.05456286	0.016163561	0.06759721	0.7098488	0.15182754
ERR11656736	PRJEB61887	B2	3	skeletal tissue	bone	skeletal tissue	0.7604309916496277	172	2.2355284469075487	0.04295977	0.008326464	0.054677807	0.760431	0.133605
ERR11656737	PRJEB61887	B20	3	skeletal tissue	bone	skeletal tissue	0.676326334476471	184	2.2648178230095364	0.063426316	0.020764023	0.07541102	0.67632633	0.16407235
ERR11656738	PRJEB61887	B91	3	skeletal tissue	bone	skeletal tissue	0.6575058102607727	166	2.220108088040055	0.06519264	0.03157976	0.08241613	0.6575058	0.16330564
ERR11656739	PRJEB61887	1/1	3	skeletal tissue	bone	skeletal tissue	0.32427453994750977	175	2.2430380486862944	0.10664177	0.23535685	0.13177328	0.32427454	0.20195353
ERR11656740	PRJEB61887	1a	3	skeletal tissue	bone	skeletal tissue	0.4008858799934387	205	2.311753861055754	0.093967654	0.20293006	0.11941848	0.40088588	0.1827979
ERR11656741	PRJEB61887	2b	3	skeletal tissue	bone	oral	0.09743424504995346	134	2.1271047983648077	0.09918964	0.51422465	0.118279144	0.097434245	0.17087236
ERR11656742	PRJEB61887	3a	3	skeletal tissue	bone	oral	0.1454092264175415	65	1.8129133566428555	0.1271886	0.39701965	0.13800037	0.14540923	0.19238217
ERR11656743	PRJEB61887	8a	3	skeletal tissue	bone	skeletal tissue	0.3019377291202545	131	2.1172712956557644	0.09872084	0.29793754	0.12051244	0.30193773	0.18089148
ERR11656744	PRJEB61887	14	3	skeletal tissue	bone	skeletal tissue	0.42185354232788086	204	2.3096301674258988	0.09038843	0.18911305	0.11836352	0.42185354	0.18028145
ERR11656745	PRJEB61887	17c	3	skeletal tissue	bone	skeletal tissue	0.30222517251968384	117	2.0681858617461617	0.113854386	0.2440716	0.13399714	0.30222517	0.2058517
ERR11656746	PRJEB61887	21/22a	3	skeletal tissue	bone	skeletal tissue	0.45528197288513184	119	2.0755469613925306	0.088391125	0.1584773	0.11627406	0.45528197	0.18157552
ERR11656747	PRJEB61887	21/22b	3	skeletal tissue	bone	skeletal tissue	0.3949154019355774	158	2.1986570869544226	0.10169747	0.17599209	0.12729205	0.3949154	0.20010304
ERR11656748	PRJEB61887	21c	3	skeletal tissue	bone	oral	0.24066857993602753	97	1.9867717342662448	0.12141788	0.29384497	0.138904	0.24066858	0.2051646
ERR1560012	PRJEB14494	CHL_131_11266	3		lake sediment	plant tissue		399	2.6009728956867484	0.10886091	0.024089854	0.62474585	0.0651401	0.17716327
ERR1560013	PRJEB14494	CHL_132_11317	3		lake sediment	plant tissue		1158	3.0637085593914173	0.086381234	0.021812776	0.69364023	0.058163427	0.14000234
ERR1560014	PRJEB14494	CHL_133_11368	3		lake sediment	plant tissue		1029	3.012415374762433	0.060634714	0.015414956	0.7785782	0.04382168	0.10155036
ERR1560015	PRJEB14494	CHL_134_11420	3		lake sediment	plant tissue		569	2.7551122663950713	0.06752376	0.016462173	0.7552492	0.048729725	0.11203519
ERR1560016	PRJEB14494	CHL_137_11575	3		lake sediment	plant tissue		460	2.662757831681574	0.021929767	0.002636065	0.9223253	0.014200091	0.038908757
ERR1560017	PRJEB14494	CHL_140_11729	3		lake sediment	plant tissue		634	2.802089257881733	0.021995777	0.0028202317	0.92130345	0.014868272	0.039012212
ERR1560018	PRJEB14494	CHL_145_11982	3		lake sediment	skeletal tissue		539	2.7315887651867388	0.13008717	0.08680685	0.16099066	0.39572552	0.2263898
ERR1560019	PRJEB14494	CHL_148_12132	3		lake sediment	plant tissue		344	2.53655844257153	0.013458337	0.0010537589	0.95263827	0.007949943	0.024899686
ERR1560020	PRJEB14494	CHL_150_12231	3		lake sediment	plant tissue		743	2.8709888137605755	0.033190887	0.005995307	0.87867224	0.024570033	0.057571568
ERR1560021	PRJEB14494	CHL_151_12280	3		lake sediment	plant tissue		514	2.710963118995276	0.033553995	0.005930848	0.87804115	0.024638277	0.057835788
ERR1560022	PRJEB14494	CHL_153_12379	3		lake sediment	plant tissue		585	2.7671558660821804	0.030498445	0.0049250247	0.8901415	0.02157938	0.05285566
ERR1560023	PRJEB14494	CHL_155_12485	3		lake sediment	plant tissue		640	2.806179973983887	0.057540923	0.013912812	0.7878697	0.042374384	0.098302156
ERR1560024	PRJEB14494	CHL_157_12615	3		lake sediment	skeletal tissue		251	2.399673721481038	0.060531665	0.01600407	0.069869705	0.68542594	0.16816863
ERR1560025	PRJEB14494	CHL_159_12810	3		lake sediment	skeletal tissue		613	2.787460474518415	0.11022209	0.1586988	0.12688085	0.40514866	0.1990496
ERR1560093	PRJEB14494	SPL_15_1444	3		lake sediment	plant tissue		410	2.6127838567197355	0.01619235	0.0014934838	0.94307786	0.0098379	0.02939837
ERR1560094	PRJEB14494	SPL_55_3112	3		lake sediment	plant tissue		335	2.525044807036845	0.022006104	0.0025402966	0.9224474	0.013909629	0.039096523
ERR1560095	PRJEB14494	SPL_113_5430	3		lake sediment	plant tissue		276	2.4409090820652177	0.015841525	0.0014466883	0.9445962	0.00954937	0.028566217
ERR1560096	PRJEB14494	SPL_153_7001	3		lake sediment	oral		9	0.9542425094393249	0.15720217	0.2500816	0.15613	0.22159536	0.21499088
ERR1560097	PRJEB14494	SPL_173_7782	3		lake sediment	skeletal tissue		40	1.6020599913279623	0.18146752	0.0840387	0.16286424	0.30255836	0.26907116
ERR1560098	PRJEB14494	SPL_191_8967	3		lake sediment	plant tissue		138	2.1398790864012365	0.043354258	0.007907464	0.84591943	0.030041412	0.072777435
ERR1560099	PRJEB14494	SPL_193_9133	3		lake sediment	plant tissue		101	2.0043213737826426	0.25713062	0.030405894	0.3666767	0.08925811	0.25652868
ERR1560100	PRJEB14494	SPL_195_9299	3		lake sediment	plant tissue		116	2.0644579892269186	0.059728466	0.012429297	0.7913846	0.04061692	0.09584077
ERR1560101	PRJEB14494	SPL_221_11440	3		lake sediment	skeletal tissue		42	1.6232492903979006	0.1965359	0.08818035	0.158793	0.27875704	0.27773368
ERR1560102	PRJEB14494	SPL_235_11534	3		lake sediment	plant tissue		71	1.8512583487190752	0.15613182	0.032958772	0.5442704	0.07619282	0.19044617
ERR1560103	PRJEB14494	SPL_253_11630	3		lake sediment	plant tissue		355	2.550228353055094	0.02497209	0.0034603854	0.9111754	0.01683034	0.04356186
ERR1560104	PRJEB14494	SPL_256_11646	3		lake sediment	plant tissue		136	2.1335389083702174	0.067956954	0.015527998	0.7631539	0.046427794	0.10693337
ERR1560105	PRJEB14494	SPL_266_11695	3		lake sediment	plant tissue		571	2.756636108245848	0.032619767	0.0061361687	0.88130987	0.023784641	0.05614956
ERR1560106	PRJEB14494	SPL_271_11714	3		lake sediment	plant tissue		646	2.8102325179950842	0.029165361	0.0048760036	0.89429224	0.020816438	0.050849944
ERR1560107	PRJEB14494	SPL_284_11769	3		lake sediment	plant tissue		471	2.673020907128896	0.040917095	0.008599518	0.85110843	0.029704625	0.06967032
ERR1560108	PRJEB14494	SPL_289_11786	3		lake sediment	plant tissue		505	2.7032913781186614	0.028826386	0.004473477	0.89526767	0.020775393	0.050656993
ERR1560109	PRJEB14494	SPL_294_11806	3		lake sediment	plant tissue		492	2.69196510276736	0.02974486	0.0047682296	0.89319324	0.020840127	0.05145356
ERR1560110	PRJEB14494	SPL_296_11814	3		lake sediment	plant tissue		435	2.6384892569546374	0.053760044	0.013295293	0.80324113	0.040289704	0.08941374
ERR1688747	PRJEB13329	FA1	3		sediment	plant tissue		79	1.8976270912904414	0.1013761	0.021037279	0.6609709	0.06385456	0.15276113
ERR1688749	PRJEB13329	FA2	3		sediment	plant tissue		239	2.3783979009481375	0.04280147	0.007854798	0.8449863	0.030294891	0.07406251
ERR1688750	PRJEB13329	FA3	3		sediment	soft tissue		103	2.012837224705172	0.19769812	0.018654784	0.12308971	0.22109394	0.43946347
ERR1688752	PRJEB13329	FB2	3		sediment	plant tissue		137	2.1367205671564067	0.032166176	0.0048005963	0.8842859	0.022158142	0.056589127
ERR1688754	PRJEB13329	FB3	3		sediment	plant tissue		81	1.9084850188786497	0.05972127	0.012282222	0.78844845	0.04170406	0.09784391
ERR1688756	PRJEB13329	FC	3		sediment	plant tissue		127	2.103803720955957	0.06149265	0.013090214	0.78317595	0.04294865	0.09929254
ERR1688758	PRJEB13329	FD	3		sediment	plant tissue		116	2.0644579892269186	0.026138261	0.0032882404	0.90681183	0.01726006	0.046501666
ERR1688760	PRJEB13329	S1	3		sediment	plant tissue		108	2.03342375548695	0.05600826	0.011436115	0.8010349	0.039852075	0.09166865
ERR1688761	PRJEB13329	S2	3		sediment	plant tissue		117	2.0681858617461617	0.07712293	0.016706204	0.7303504	0.052768778	0.12305172
ERR1688762	PRJEB13329	S3	3		sediment	plant tissue		117	2.0681858617461617	0.073611744	0.016309017	0.74317276	0.050561108	0.116345346
ERR1688764	PRJEB13329	S4	3		sediment	plant tissue		148	2.1702617153949575	0.05829098	0.011882444	0.7939361	0.04057184	0.095318705
ERR1688765	PRJEB13329	S5	3		sediment	plant tissue		147	2.167317334748176	0.04194415	0.0074267066	0.8487832	0.029440701	0.07240529
ERR1688768	PRJEB13329	S6	3		sediment	soft tissue		26	1.414973347970818	0.17455825	0.16026042	0.15856567	0.2467198	0.25989583
ERR1688769	PRJEB13329	S7	3		sediment	plant tissue		159	2.2013971243204513	0.03789433	0.0062569566	0.8636757	0.026385209	0.0657878
ERR1688771	PRJEB13329	S8	3		sediment	plant tissue		150	2.1760912590556813	0.14277436	0.022492047	0.40091664	0.128884	0.30493292
ERR1688772	PRJEB13329	S9	3		sediment	soft tissue		116	2.0644579892269186	0.15862803	0.016879706	0.1066273	0.27082068	0.44704422
ERR1688775	PRJEB13329	S10	3		sediment	soft tissue		123	2.089905111439398	0.16015291	0.030341726	0.18765429	0.22775176	0.3940993
ERR1688778	PRJEB13329	QB1	3		sediment	plant tissue		160	2.2041199826559246	0.06336643	0.013166514	0.7753247	0.0427288	0.10541352
ERR1688780	PRJEB13329	QB2	3		sediment	plant tissue		153	2.184691430817599	0.053564332	0.010905797	0.80802935	0.037645243	0.089855306
ERR1688782	PRJEB13329	QB3	3		sediment	skeletal tissue		74	1.8692317197309762	0.14634012	0.018322797	0.08693537	0.378296	0.37010568
ERR1688785	PRJEB13329	QB5	3		sediment	soft tissue		131	2.1172712956557644	0.25014812	0.008174637	0.054726552	0.08550851	0.6014422
ERR1688788	PRJEB13329	QA2	3		sediment	soft tissue		49	1.6901960800285136	0.17504534	0.13456397	0.14611208	0.24599478	0.29828382
ERR1688789	PRJEB13329	QA3	3		sediment	soft tissue		63	1.7993405494535817	0.16683376	0.02428945	0.09839988	0.24434423	0.4661327
ERR1688797	PRJEB13329	QA6(seq1,seq2)	3		sediment	plant tissue		183	2.2624510897304293	0.033076458	0.005038475	0.88055354	0.022680506	0.05865108
ERR1688799	PRJEB13329	QA7	3		sediment	plant tissue		161	2.2068258760318495	0.027965004	0.0037308638	0.8998505	0.018631676	0.04982197
ERR1688803	PRJEB13329	QA8(seq1,seq2,seq3)	3		sediment	plant tissue		151	2.1789769472931693	0.02654267	0.0033896915	0.9049245	0.01761536	0.047527723
ERR1688804	PRJEB13329	QA8(seq1,seq2,seq3)	3		sediment	plant tissue		161	2.2068258760318495	0.027495164	0.0036057443	0.90143746	0.01838164	0.04908001
ERR1688808	PRJEB13329	QT3(seq1,seq2)	3		sediment	plant tissue		325	2.5118833609788744	0.042441443	0.007826304	0.8449106	0.029983902	0.07483773
ERR1688810	PRJEB13329	QT4	3		sediment	soft tissue		102	2.0086001717619175	0.18471304	0.014017207	0.13174605	0.26225466	0.407269
ERR3458787	PRJEB33717	ELF001A_120_D1_ELFN3D1	3			skeletal tissue		652	2.81424759573192	0.09116806	0.2146765	0.11842736	0.39587945	0.17984869
ERR3458788	PRJEB33717	ELF001A_120_D2_ELFN3D2	3			oral		658	2.8182258936139557	0.11003532	0.34526876	0.12905794	0.23731296	0.178325
ERR3458789	PRJEB33717	ELF001A_126_E1_ELFN3D1	3			oral		527	2.7218106152125467	0.106757626	0.3913501	0.13117716	0.189549	0.18116608
ERR3458790	PRJEB33717	ELF001A_126_E2_ELFN3D2	3			skeletal tissue		610	2.785329835010767	0.09226331	0.22514336	0.114426136	0.3863758	0.18179142
ERR3458791	PRJEB33717	ELF001A_138_F1_ELFN3D1	3			plant tissue		186	2.2695129442179165	0.20358153	0.024377048	0.40950337	0.08473338	0.27780473
ERR3458792	PRJEB33717	ELF001A_138_F2_ELFN3D2	3			plant tissue		301	2.4785664955938436	0.13738786	0.021229357	0.57233846	0.06434858	0.20469578
ERR3459717	PRJEB33717	ELF001A_95_S81_ELFM1D1	3			skeletal tissue		572	2.7573960287930244	0.110519156	0.2344789	0.12476375	0.344083	0.18615517
ERR3459718	PRJEB33717	ELF001A_95_S81_ELFM2D2	3			oral		352	2.546542663478131	0.11406527	0.46119395	0.1342533	0.11101496	0.17947257
ERR3459719	PRJEB33717	ELF001A_95_S81_ELFN1D3	3			skeletal tissue		1959	3.2920344359947364	0.17281204	0.23065996	0.123464905	0.27201143	0.20105167
ERR3459720	PRJEB33717	ELF001A_95_S81_ELFN1D4	3			oral		5513	3.741387992479269	0.19102862	0.37027088	0.1375068	0.11198989	0.18920383
ERR3459721	PRJEB33717	ELF001A_104_S78_ELFM1D1	3			oral		425	2.6283889300503116	0.11415895	0.31978917	0.1377657	0.23781863	0.1904675
ERR3459722	PRJEB33717	ELF001A_104_S78_ELFM2D2	3			oral		326	2.513217600067939	0.10550891	0.50279593	0.12713137	0.09454138	0.17002244
ERR3459723	PRJEB33717	ELF001A_104_S78_ELFN1D3	3			oral		1857	3.2688119037397803	0.14256947	0.27990425	0.13021475	0.24381629	0.20349522
ERR3459724	PRJEB33717	ELF001A_104_S78_ELFN1D4	3			skeletal tissue		1652	3.218010042984363	0.098730296	0.27552733	0.11575296	0.32988107	0.18010835
ERR3459725	PRJEB33717	ELF001A_138_S79_ELFM1D1	3			skeletal tissue		86	1.9344984512435677	0.16838948	0.023815792	0.13119748	0.34027034	0.3363269
ERR3459726	PRJEB33717	ELF001A_138_S79_ELFM2D2	3			soft tissue		70	1.845098040014257	0.17215551	0.020674944	0.12800267	0.33646935	0.34269756
ERR3459727	PRJEB33717	ELF001A_138_S79_ELFN1D3	3			plant tissue		899	2.9537596917332287	0.032039575	0.0055688256	0.88286495	0.022855982	0.056670684
ERR3459728	PRJEB33717	ELF001A_138_S79_ELFN1D4	3			plant tissue		782	2.893206753059848	0.03044943	0.005020709	0.889304	0.02151904	0.053706847
ERR3459729	PRJEB33717	ELF001A_167_S80_ELFM1D1	3			skeletal tissue		35	1.5440680443502757	0.169701	0.064628705	0.14638086	0.33186364	0.2874258
ERR3459730	PRJEB33717	ELF001A_167_S80_ELFM2D2	3			soft tissue		84	1.9242792860618816	0.18313816	0.030143758	0.16259	0.30521733	0.31891075
ERR3459731	PRJEB33717	ELF001A_167_S80_ELFN1D3	3			plant tissue		1305	3.1156105116742996	0.12549572	0.027938832	0.5309697	0.08109467	0.2345011
ERR3459732	PRJEB33717	ELF001A_167_S80_ELFN1D4	3			oral		6337	3.80188370712524	0.11110057	0.49624968	0.14167121	0.062096007	0.18888251
ERR3459733	PRJEB33717	ELF001A_212_S75_ELFM1D1	3			skeletal tissue		39	1.591064607026499	0.1547178	0.08697375	0.14566532	0.34394383	0.2686993
ERR3459734	PRJEB33717	ELF001A_212_S75_ELFM2D2	3			plant tissue		156	2.1931245983544616	0.15455015	0.039089672	0.36179224	0.18173125	0.26283675
ERR3459735	PRJEB33717	ELF001A_212_S75_ELFN1D3	3			skeletal tissue		1198	3.0784568180532927	0.110118926	0.105979696	0.22337237	0.37436265	0.18616644
ERR3459736	PRJEB33717	ELF001A_212_S75_ELFN1D4	3			plant tissue		825	2.916453948549925	0.07140901	0.01904846	0.73961097	0.055083405	0.11484821
ERR3459737	PRJEB33717	ELF001A_247_S76_ELFM1D1	3			oral		542	2.733999286538387	0.11028862	0.3704114	0.13222213	0.20177004	0.1853078
ERR3459738	PRJEB33717	ELF001A_247_S76_ELFM2D2	3			skeletal tissue		86	1.9344984512435677	0.06886876	0.02062747	0.07587875	0.66257817	0.17204686
ERR3459739	PRJEB33717	ELF001A_282_S77_ELFM1D1	3			skeletal tissue		181	2.2576785748691846	0.05601121	0.012856469	0.06501924	0.7125116	0.15360147
ERR3459740	PRJEB33717	ELF001A_282_S77_ELFM2D2	3			skeletal tissue		57	1.7558748556724915	0.087951936	0.029336963	0.09365779	0.5782445	0.2108088
ERR3459741	PRJEB33717	ELF001A_310_S73_ELFM1D1	3			skeletal tissue		65	1.8129133566428555	0.10076344	0.049907975	0.10465896	0.51362383	0.23104577
ERR3459742	PRJEB33717	ELF001A_310_S73_ELFM2D2	3			skeletal tissue		56	1.7481880270062005	0.1592416	0.0631995	0.136614	0.3555055	0.2854394
ERR3459743	PRJEB33717	ELF001A_348_S74_ELFM1D1	3			skeletal tissue		82	1.9138138523837167	0.09364541	0.020403482	0.09521888	0.5550462	0.23568594
ERR3459744	PRJEB33717	ELF001A_348_S74_ELFM2D2	3			skeletal tissue		125	2.0969100130080562	0.17684346	0.024439823	0.14094052	0.34105888	0.31671733
ERR3772645	PRJEB35838	1900_cal-BP	3		lake sediment	plant tissue		2050	3.311753861055754	0.11900654	0.024481958	0.5068673	0.06464897	0.28499526
ERR3804374	PRJEB36143	LS-55-2	3		lake sediment	skeletal tissue		3018	3.479719235439571	0.26244205	0.035725165	0.10755869	0.36485806	0.22941604
ERR3804375	PRJEB36143	LS-65-1	3		lake sediment	gut		2625	3.4191293077419758	0.42032003	0.016998194	0.09799622	0.13275294	0.33193263
ERR4172756	PRJEB33363	Gb1	3	oral	dental calculus	oral	0.46127253770828247	12400	4.093421685162235	0.118723966	0.46127254	0.14682885	0.08626314	0.18691152
ERR4172758	PRJEB33363	Gb1	3	oral	dental calculus	oral	0.459929883480072	12737	4.105067148810123	0.11905463	0.45992988	0.14699708	0.08681893	0.18719944
ERR4172761	PRJEB33363	Gb1	3	oral	dental calculus	oral	0.4727807939052582	19620	4.292699003043929	0.1142812	0.4727808	0.14806241	0.076902054	0.18797353
ERR4172763	PRJEB33363	Gb1	3	oral	dental calculus	oral	0.5296813249588013	2719	3.4344092075875	0.10126728	0.5296813	0.12631693	0.06682296	0.17591147
ERR4172766	PRJEB33363	Gb1	3	oral	dental calculus	oral	0.5277144312858582	11273	4.052039507001472	0.0991029	0.52771443	0.13919845	0.04709796	0.18688625
ERR4172783	PRJEB33363	Gb1	3	oral	dental calculus	oral	0.5191806554794312	15968	4.203250523943296	0.101686954	0.51918066	0.14119555	0.04975121	0.18818565
ERR4172788	PRJEB33363	Gb1	3	oral	dental calculus	oral	0.5166741609573364	15926	4.202106711390236	0.102740064	0.51667416	0.14155674	0.05063953	0.18838951
ERR4172789	PRJEB33363	Gb2	3	oral	dental calculus	oral	0.4802261292934418	2565	3.409087369447835	0.11566792	0.48022613	0.14094165	0.077704504	0.18545982
ERR4172797	PRJEB33363	Gb2	3	oral	dental calculus	oral	0.4783426821231842	2525	3.40226138245468	0.11598015	0.47834268	0.14088663	0.079072684	0.18571793
ERR4172799	PRJEB33363	Gb2	3	oral	dental calculus	oral	0.4937790334224701	4269	3.6303261548039467	0.11144926	0.49377903	0.14211807	0.06498201	0.18767163
ERR4172800	PRJEB33363	Gb2	3	oral	dental calculus	oral	0.49477702379226685	4158	3.6188844849954505	0.11102114	0.49477702	0.14215699	0.06434105	0.18770383
ERR4172802	PRJEB33363	Gb2	3	oral	dental calculus	oral	0.478536456823349	2436	3.3866772839608377	0.11606604	0.47853646	0.14029098	0.079610825	0.18549569
ERR4172804	PRJEB33363	Gb2	3	oral	dental calculus	oral	0.4792802333831787	2490	3.3961993470957363	0.11590805	0.47928023	0.14025587	0.07909716	0.1854587
ERR4172806	PRJEB33363	Gb2	3	oral	dental calculus	oral	0.4944377839565277	4495	3.6527296960692475	0.11126753	0.49443778	0.14231607	0.06336393	0.18861467
ERR4172808	PRJEB33363	Gb2	3	oral	dental calculus	oral	0.49401217699050903	4453	3.648652695131223	0.11141156	0.49401218	0.14219142	0.06412335	0.18826148
ERR4172809	PRJEB33363	Gb2	3	oral	dental calculus	oral	0.47764262557029724	4336	3.6370892735303304	0.11584228	0.47764263	0.13878372	0.082847506	0.18488389
ERR4172811	PRJEB33363	Gb2	3	oral	dental calculus	oral	0.4779118001461029	4298	3.6332664111554247	0.11616637	0.4779118	0.13828328	0.0830851	0.18455344
ERR4172813	PRJEB33363	Gb2	3	oral	dental calculus	oral	0.4800509512424469	9359	3.971229447276241	0.11473346	0.48005095	0.14285621	0.07597293	0.18638647
ERR4172814	PRJEB33363	Gb2	3	oral	dental calculus	oral	0.47999435663223267	9363	3.971415023384995	0.114615716	0.47999436	0.14292726	0.07627984	0.18618281
ERR4172817	PRJEB33363	Rt11	3	oral	dental calculus	oral	0.5144659280776978	1871	3.27207378750001	0.105671845	0.5144659	0.1274657	0.07257632	0.17982018
ERR4172819	PRJEB33363	Rt11	3	oral	dental calculus	oral	0.5143672227859497	1867	3.2711443179490782	0.105932176	0.5143672	0.12733908	0.072962284	0.17939927
ERR4172823	PRJEB33363	Rt11	3	oral	dental calculus	oral	0.5246432423591614	2993	3.4761067168401913	0.10288628	0.52464324	0.12730286	0.068967864	0.1761997
ERR4172827	PRJEB33363	Rt11	3	oral	dental calculus	oral	0.525972843170166	2976	3.473632926873841	0.10236627	0.52597284	0.12678403	0.06878202	0.17609486
ERR4172829	PRJEB33363	Rt13	3	oral	dental calculus	oral	0.5264954566955566	2104	3.3230457354817013	0.101261035	0.52649546	0.12776117	0.06803338	0.17644894
ERR4172830	PRJEB33363	Rt13	3	oral	dental calculus	oral	0.5288402438163757	2012	3.30362797638389	0.100611806	0.52884024	0.12667142	0.06752752	0.176349
ERR4172832	PRJEB33363	Rt13	3	oral	dental calculus	oral	0.503265917301178	3167	3.500648063371912	0.10851802	0.5032659	0.13227966	0.07724275	0.17869368
ERR4172834	PRJEB33363	Rt13	3	oral	dental calculus	oral	0.5063991546630859	3176	3.5018804937550585	0.107253954	0.50639915	0.13171867	0.07660158	0.17802666
ERR4172835	PRJEB33363	Rt1	3	oral	dental calculus	plant tissue	0.0220820140093565	188	2.27415784926368	0.09610914	0.022082014	0.6662394	0.06256913	0.15300032
ERR4172836	PRJEB33363	Rt1	3	oral	dental calculus	plant tissue	0.014688561670482159	200	2.3010299956639813	0.06760213	0.014688562	0.7596596	0.04649443	0.11155528
ERR4172838	PRJEB33363	Rt1	3	oral	dental calculus	plant tissue	0.010360674932599068	334	2.5237464668115646	0.052242946	0.010360675	0.811772	0.036713336	0.08891113
ERR4172839	PRJEB33363	Rt1	3	oral	dental calculus	plant tissue	0.008763715624809265	323	2.509202522331103	0.046711612	0.008763716	0.8324617	0.033095412	0.07896752
ERR4172841	PRJEB33363	Rt5	3	oral	dental calculus	oral	0.5022203922271729	1919	3.2830749747354715	0.108549476	0.5022204	0.13268419	0.07586601	0.18067995
ERR4172843	PRJEB33363	Rt5	3	oral	dental calculus	oral	0.5026014447212219	1969	3.2942457161381182	0.10868685	0.50260144	0.1329668	0.07517912	0.1805658
ERR4172850	PRJEB33363	Rt5	3	oral	dental calculus	oral	0.48781901597976685	2831	3.451939869365103	0.112920165	0.48781902	0.13628319	0.079867765	0.18310983
ERR4172854	PRJEB33363	Rt5	3	oral	dental calculus	oral	0.4867944121360779	2879	3.459241664878082	0.11348958	0.4867944	0.1364058	0.080282174	0.183028
ERR4172855	PRJEB33363	Rt7	3	oral	dental calculus	oral	0.4842824339866638	3370	3.5276299008713385	0.11595061	0.48428243	0.13613455	0.08171348	0.18191892
ERR4172857	PRJEB33363	Rt7	3	oral	dental calculus	oral	0.4845213294029236	3393	3.530583859645118	0.11570177	0.48452133	0.13626763	0.08158092	0.18192828
ERR4172860	PRJEB33363	Rt7	3	oral	dental calculus	oral	0.47327756881713867	4258	3.629205657102304	0.117758155	0.47327757	0.13928337	0.08487525	0.18480566
ERR4172872	PRJEB33363	Rt7	3	oral	dental calculus	oral	0.472494512796402	4254	3.62879748556671	0.11798364	0.4724945	0.13944915	0.08488499	0.18518767
ERR4172883	PRJEB33363	Rt_tooth	3	skeletal tissue	tooth	soft tissue	0.013332096859812737	210	2.322219294733919	0.03335299	0.0038600098	0.01951722	0.013332097	0.92993766
ERR4172889	PRJEB33363	Rt_tooth	3	skeletal tissue	tooth	soft tissue	0.014904098585247993	213	2.3283796034387376	0.03680908	0.005119458	0.022006886	0.014904099	0.9211604
ERR4172953	PRJEB33363	Rt_tooth	3	skeletal tissue	tooth	soft tissue	0.015220287255942822	266	2.424881636631067	0.038050458	0.0055704	0.023100318	0.015220287	0.9180585
ERR4172977	PRJEB33363	Rt_tooth	3	skeletal tissue	tooth	soft tissue	0.018894443288445473	275	2.439332693830263	0.044755254	0.0108004045	0.029236669	0.018894443	0.8963132
ERR4172978	PRJEB33363	Ua13	3	oral	dental calculus	oral	0.4857009947299957	1407	3.1482940974347455	0.1166168	0.485701	0.13863325	0.07465224	0.1843967
ERR4172979	PRJEB33363	Ua13	3	oral	dental calculus	oral	0.48798665404319763	1404	3.1473671077937864	0.11575006	0.48798665	0.13907714	0.072827525	0.18435857
ERR4172981	PRJEB33363	Ua13	3	oral	dental calculus	oral	0.4859260618686676	2761	3.4410664066392633	0.1156456	0.48592606	0.14272924	0.066305295	0.18939383
ERR4172982	PRJEB33363	Ua13	3	oral	dental calculus	oral	0.4808458387851715	2725	3.4353665066126613	0.11806909	0.48084584	0.14175102	0.071271375	0.18806267
ERR4172991	PRJEB33363	Ua14	3	oral	dental calculus	oral	0.4739747643470764	7240	3.859738566197147	0.12037619	0.47397476	0.14416979	0.069103405	0.19237585
ERR4173008	PRJEB33363	Ua14	3	oral	dental calculus	oral	0.4712843894958496	7236	3.8594985581877763	0.12177046	0.4712844	0.1441296	0.07063632	0.19217923
ERR4173033	PRJEB33363	Ua14	3	oral	dental calculus	oral	0.4685063362121582	10380	4.016197353512439	0.122792885	0.46850634	0.14556569	0.069558755	0.19357634
ERR4173039	PRJEB33363	Ua2	3	oral	dental calculus	oral	0.5125652551651001	1396	3.144885418287142	0.1057593	0.51256526	0.13974005	0.054748584	0.18718679
ERR4173041	PRJEB33363	Ua2	3	oral	dental calculus	oral	0.5160862803459167	1361	3.133858125203335	0.10441987	0.5160863	0.13963743	0.05275657	0.18709989
ERR4173043	PRJEB33363	Ua2	3	oral	dental calculus	oral	0.5227659940719604	2615	3.417471693203293	0.10184286	0.522766	0.1391147	0.04861518	0.18766132
ERR4173045	PRJEB33363	Ua2	3	oral	dental calculus	oral	0.5248465538024902	2577	3.4111144185509046	0.101020016	0.52484655	0.13878244	0.047939494	0.18741152
ERR4173049	PRJEB33363	Ua6	3	oral	dental calculus	oral	0.5017889738082886	531	2.725094521081469	0.10976629	0.501789	0.13895561	0.064605564	0.18488355
ERR4173051	PRJEB33363	Ua6	3	oral	dental calculus	oral	0.5016049146652222	511	2.708420900134713	0.10980356	0.5016049	0.1388744	0.064943746	0.18477337
ERR4173057	PRJEB33363	Ua6	3	oral	dental calculus	oral	0.5075499415397644	946	2.975891136401793	0.10810312	0.50754994	0.13859122	0.061106265	0.18464944
ERR4173060	PRJEB33363	Ua6	3	oral	dental calculus	oral	0.5050727128982544	945	2.975431808509263	0.108657315	0.5050727	0.1386182	0.06296949	0.18468228
ERR4173061	PRJEB33363	Ua7	3	oral	dental calculus	oral	0.48546990752220154	3139	3.4967913157000425	0.11568972	0.4854699	0.14218578	0.06715636	0.1894982
ERR4173063	PRJEB33363	Ua7	3	oral	dental calculus	oral	0.4818011224269867	3093	3.490379920003179	0.117396034	0.48180112	0.14166453	0.070224	0.18891433
ERR4173066	PRJEB33363	Ua7	3	oral	dental calculus	oral	0.4879534840583801	5583	3.7468676278504294	0.11348025	0.48795348	0.14455174	0.061329335	0.1926852
ERR4173068	PRJEB33363	Ua7	3	oral	dental calculus	oral	0.4846245348453522	5609	3.748885440009517	0.11480522	0.48462453	0.14465418	0.06322437	0.1926917
ERR4173070	PRJEB33363	Ua9	3	oral	dental calculus	oral	0.4984497129917145	1522	3.182414652434554	0.11034644	0.4984497	0.13339952	0.076371334	0.18143302
ERR4173072	PRJEB33363	Ua9	3	oral	dental calculus	oral	0.5012543201446533	1510	3.1789769472931693	0.1094261	0.5012543	0.13209662	0.07638673	0.18083623
ERR4173073	PRJEB33363	Ua9	3	oral	dental calculus	oral	0.4912049174308777	2203	3.343014497150768	0.11299261	0.49120492	0.13485745	0.07899742	0.18194762
ERR4173075	PRJEB33363	Ua9	3	oral	dental calculus	oral	0.49101996421813965	2190	3.3404441148401185	0.11289624	0.49101996	0.13474134	0.07933811	0.18200436
ERR4173082	PRJEB33363	Gb1	3	oral	dental calculus	oral	0.5231951475143433	11430	4.058046230395282	0.10054666	0.52319515	0.14014214	0.04867818	0.18743789
ERR9612721	PRJEB52394	CMB001	3	oral	dental calculus	oral	0.44816312193870544	72952	4.8630372027004425	0.12267194	0.44816312	0.16152069	0.07935512	0.18828917
ERR9612722	PRJEB52394	CMB001	3	oral	dental calculus	oral	0.4492330551147461	73471	4.8661159509853364	0.1221501	0.44923306	0.16175012	0.07862644	0.18824024
ERR9612723	PRJEB52394	CMB002	3	oral	dental calculus	oral	0.4442720413208008	88687	4.947859964340909	0.12557486	0.44427204	0.1600199	0.08027663	0.1898566
ERR9612724	PRJEB52394	CMB002	3	oral	dental calculus	oral	0.4465249180793762	89502	4.951832740112103	0.12465949	0.44652492	0.15999389	0.07894302	0.1898787
ERR9612725	PRJEB52394	CMB003	3	oral	dental calculus	oral	0.43369755148887634	83206	4.920154644475075	0.1290658	0.43369755	0.16091184	0.08762833	0.18869647
ERR9612726	PRJEB52394	CMB003	3	oral	dental calculus	oral	0.43456777930259705	84027	4.92441885828673	0.12857094	0.43456778	0.16138363	0.08689269	0.18858494
ERR9612727	PRJEB52394	CMB004	3	oral	dental calculus	oral	0.4215935170650482	78266	4.893573138568593	0.13411143	0.42159352	0.16073339	0.095659874	0.18790177
ERR9612728	PRJEB52394	CMB004	3	oral	dental calculus	oral	0.4247991144657135	78963	4.897423639898352	0.13283603	0.4247991	0.1609079	0.093248755	0.1882082
ERR9612729	PRJEB52394	CMB005	3	oral	dental calculus	oral	0.45791730284690857	81027	4.90862975958384	0.11906727	0.4579173	0.1618742	0.073588856	0.18755236
ERR9612730	PRJEB52394	CMB005	3	oral	dental calculus	oral	0.4616661071777344	81626	4.911828514856749	0.11745609	0.4616661	0.16184945	0.07169679	0.1873316
ERR9612731	PRJEB52394	CMB006	3	oral	dental calculus	oral	0.4673716425895691	87897	4.943974052483559	0.114224255	0.46737164	0.16268341	0.06741741	0.18830326
ERR9612732	PRJEB52394	CMB006	3	oral	dental calculus	oral	0.46757444739341736	88180	4.945370094490304	0.114159465	0.46757445	0.16272499	0.06728303	0.18825808
ERR9612733	PRJEB52394	CMB007	3	oral	dental calculus	oral	0.46471697092056274	76651	4.884517825095795	0.11511351	0.46471697	0.16292836	0.069616064	0.18762508
ERR9612734	PRJEB52394	CMB007	3	oral	dental calculus	oral	0.4667326807975769	76874	4.885779479387615	0.11427645	0.46673268	0.16292697	0.06862056	0.18744333
ERR9612735	PRJEB52394	CMB008	3	oral	dental calculus	oral	0.4494217336177826	85699	4.932975754280074	0.12382008	0.44942173	0.15982082	0.07651089	0.19042644
ERR9612736	PRJEB52394	CMB008	3	oral	dental calculus	oral	0.4505743384361267	85955	4.93427114465601	0.123456575	0.45057434	0.15980099	0.075688	0.19048014
ERR9612737	PRJEB52394	ELR003	3	oral	dental calculus	oral	0.47147077322006226	95730	4.9810480589131725	0.11658561	0.47147077	0.15758598	0.06693665	0.18742096
ERR9612738	PRJEB52394	ELR004	3	oral	dental calculus	oral	0.43267393112182617	71353	4.853412237521525	0.13054699	0.43267393	0.15886864	0.089759566	0.18815088
ERR9612739	PRJEB52394	ELR006	3	oral	dental calculus	oral	0.5187941789627075	106315	5.026594543522797	0.096545726	0.5187942	0.15638393	0.04800802	0.18026815
ERR9612740	PRJEB52394	ELR008	3	oral	dental calculus	oral	0.4761756956577301	92738	4.967257725608419	0.11106682	0.4761757	0.163148	0.06283256	0.18677694
ERR9612741	PRJEB52394	ELR010	3	oral	dental calculus	oral	0.3618656098842621	21469	4.331811815996742	0.14738637	0.3618656	0.1518607	0.14197272	0.19691463
ERR9612742	PRJEB52394	IVE002	3	oral	dental calculus	oral	0.46482688188552856	91906	4.963343864833685	0.11602712	0.46482688	0.16340713	0.06840253	0.18733642
ERR9612743	PRJEB52394	IVE003	3	oral	dental calculus	oral	0.49565690755844116	103374	5.014411321384473	0.106993236	0.4956569	0.15699281	0.05623568	0.18412139
ERR9612744	PRJEB52394	IVE005	3	oral	dental calculus	oral	0.43943485617637634	77832	4.891158190384579	0.12656982	0.43943486	0.1623761	0.083690934	0.18792824
ERR9612745	PRJEB52394	IVE005	3	oral	dental calculus	oral	0.4332311153411865	72972	4.863156249460296	0.12868257	0.43323112	0.16221566	0.08581413	0.19005653
ERR9612746	PRJEB52394	IVE007	3	oral	dental calculus	oral	0.5074941515922546	103244	5.013864822143386	0.10021226	0.50749415	0.15888637	0.051134527	0.18227264
ERR9612747	PRJEB52394	MID022	3	oral	dental calculus	oral	0.48061603307724	96094	4.982696271661883	0.10974915	0.48061603	0.16185006	0.06148044	0.1863043
ERR9612748	PRJEB52394	MID022	3	oral	dental calculus	oral	0.481178343296051	96727	4.985547718284561	0.10946925	0.48117834	0.16191575	0.061149776	0.18628687
ERR9612749	PRJEB52394	MID023	3	oral	dental calculus	oral	0.42727717757225037	45608	4.659041027996076	0.13092113	0.42727718	0.15380517	0.09640147	0.19159508
ERR9612750	PRJEB52394	MID023	3	oral	dental calculus	oral	0.4267788529396057	45632	4.659269503835753	0.13111445	0.42677885	0.15377417	0.09678275	0.19154981
ERR9612751	PRJEB52394	MID024	3	oral	dental calculus	oral	0.4510801434516907	86489	4.936960875752886	0.12325845	0.45108014	0.15897985	0.07603844	0.19064319
ERR9612752	PRJEB52394	MID024	3	oral	dental calculus	oral	0.45230746269226074	87253	4.940780368136055	0.12285489	0.45230746	0.15890041	0.07540964	0.19052765
ERR9612753	PRJEB52394	MID025	3	oral	dental calculus	oral	0.46259626746177673	87799	4.9434895694715335	0.116126075	0.46259627	0.16247422	0.06780701	0.19099632
ERR9612754	PRJEB52394	MID025	3	oral	dental calculus	oral	0.4630057215690613	88001	4.944487607286695	0.11593275	0.46300572	0.16250542	0.0675097	0.1910464
ERR9612755	PRJEB52394	MID026	3	oral	dental calculus	oral	0.4212125241756439	65624	4.817062698542915	0.13463457	0.42121252	0.15763053	0.09747405	0.1890483
ERR9612756	PRJEB52394	MID026	3	oral	dental calculus	oral	0.42071017622947693	66280	4.821382499747299	0.13500631	0.42071018	0.15756147	0.09787586	0.18884622
ERR9612757	PRJEB52394	MID027	3	oral	dental calculus	oral	0.41382044553756714	42476	4.62814361212895	0.1342915	0.41382045	0.15597233	0.10527156	0.19064417
ERR9612758	PRJEB52394	MID027	3	oral	dental calculus	oral	0.4139086604118347	42520	4.628593255851259	0.13411719	0.41390866	0.15591995	0.105268955	0.19078523
ERR9612759	PRJEB52394	MID028	3	oral	dental calculus	oral	0.43625226616859436	69476	4.841834806494481	0.12713377	0.43625227	0.15767787	0.088809416	0.19012667
ERR9612760	PRJEB52394	MID028	3	oral	dental calculus	oral	0.4373627305030823	70035	4.845315132986487	0.12664147	0.43736273	0.15766129	0.088127196	0.19020735
ERR9612761	PRJEB52394	MID029	3	oral	dental calculus	oral	0.43596428632736206	68565	4.836102480345012	0.12959865	0.4359643	0.15364067	0.08869681	0.19209954
ERR9612762	PRJEB52394	MID029	3	oral	dental calculus	oral	0.4376683235168457	69517	4.842091021904962	0.128948	0.43766832	0.15358078	0.08744641	0.19235644
ERR9612763	PRJEB52394	MID030	3	oral	dental calculus	oral	0.43967312574386597	86954	4.939289564923789	0.12744956	0.43967313	0.1607469	0.08206011	0.19007032
ERR9612764	PRJEB52394	MID030	3	oral	dental calculus	oral	0.4414636492729187	87618	4.94259333559316	0.12650672	0.44146365	0.16097033	0.08083415	0.1902251
ERR9612765	PRJEB52394	MID031	3	oral	dental calculus	oral	0.4377964437007904	72881	4.862614322959212	0.124541715	0.43779644	0.1605943	0.08468983	0.19237772
ERR9612766	PRJEB52394	MID031	3	oral	dental calculus	oral	0.4396158754825592	73267	4.86490840922538	0.12355783	0.43961588	0.16068259	0.083341196	0.19280252
ERR9612767	PRJEB52394	MID032	3	oral	dental calculus	oral	0.45618611574172974	92330	4.965342835560622	0.11965187	0.45618612	0.16172172	0.07293744	0.18950287
ERR9612768	PRJEB52394	MID032	3	oral	dental calculus	oral	0.4575866758823395	92888	4.96795961205175	0.119163334	0.45758668	0.16161957	0.07229271	0.18933776
ERR9612769	PRJEB52394	MID033	3	oral	dental calculus	oral	0.4194403290748596	74541	4.872395214706643	0.13662025	0.41944033	0.15843287	0.09755584	0.1879507
ERR9612770	PRJEB52394	MID033	3	oral	dental calculus	oral	0.42232242226600647	74845	4.874162792722622	0.13563319	0.42232242	0.15835209	0.095611736	0.1880806
ERR9612771	PRJEB52394	MID034	3	oral	dental calculus	oral	0.438412606716156	74509	4.872208734684711	0.124758735	0.4384126	0.15840146	0.08627327	0.1921539
ERR9612772	PRJEB52394	MID034	3	oral	dental calculus	oral	0.43914857506752014	75396	4.877348305763564	0.12433113	0.43914858	0.15843816	0.08580394	0.19227822
ERR9612773	PRJEB52394	MID035	3	oral	dental calculus	oral	0.42709845304489136	76770	4.885191540606848	0.13293615	0.42709845	0.15852588	0.09300442	0.18843508
ERR9612774	PRJEB52394	MID035	3	oral	dental calculus	oral	0.424980103969574	77721	4.890538379829031	0.13381265	0.4249801	0.15876272	0.094294205	0.18815027
ERR9612775	PRJEB52394	MID036	3	oral	dental calculus	oral	0.41645899415016174	57146	4.756985836853364	0.13488816	0.416459	0.15847625	0.10198583	0.18819076
ERR9612776	PRJEB52394	MID036	3	oral	dental calculus	oral	0.4184425473213196	56956	4.755539481349887	0.13430491	0.41844255	0.1580822	0.100824974	0.18834534
ERR9612777	PRJEB52394	MID037	3	oral	dental calculus	oral	0.45697957277297974	91244	4.960204315840137	0.12295524	0.45697957	0.15563104	0.07288836	0.19154577
ERR9612778	PRJEB52394	MID037	3	oral	dental calculus	oral	0.458576500415802	91480	4.961326155934711	0.12237166	0.4585765	0.15546563	0.07203903	0.19154724
ERR9612779	PRJEB52394	MID038	3	oral	dental calculus	oral	0.42518019676208496	72948	4.863013389432066	0.13332638	0.4251802	0.15912008	0.09465754	0.18771574
ERR9612780	PRJEB52394	MID038	3	oral	dental calculus	oral	0.42465323209762573	73191	4.864457680913	0.13348122	0.42465323	0.15910128	0.09509366	0.18767062
ERR9612781	PRJEB52394	MID039	3	oral	dental calculus	oral	0.43004369735717773	78217	4.89330115464307	0.13155887	0.4300437	0.15808637	0.090762995	0.18954805
ERR9612782	PRJEB52394	MID039	3	oral	dental calculus	oral	0.4312182068824768	78391	4.894266204588739	0.13114566	0.4312182	0.15790072	0.09014683	0.18958859
ERR9612783	PRJEB52394	MID040	3	oral	dental calculus	oral	0.4524032473564148	79533	4.9005473644328	0.119228445	0.45240325	0.16332829	0.0749388	0.19010115
ERR9612784	PRJEB52394	MID040	3	oral	dental calculus	oral	0.45193323493003845	79453	4.900110300018516	0.11937108	0.45193323	0.16337039	0.07517689	0.19014838
ERR9612785	PRJEB52394	MID041	3	oral	dental calculus	oral	0.44035428762435913	88747	4.948153681102154	0.12536839	0.4403543	0.16241266	0.081545964	0.1903187
ERR9612786	PRJEB52394	MID041	3	oral	dental calculus	oral	0.4416971802711487	88626	4.947561148524344	0.124855064	0.44169718	0.16231516	0.08082432	0.1903083
ERR9612787	PRJEB52394	MID042	3	oral	dental calculus	oral	0.3934784233570099	43493	4.638419364862632	0.14387521	0.39347842	0.15864907	0.117642544	0.18635473
ERR9612788	PRJEB52394	MID042	3	oral	dental calculus	oral	0.39442896842956543	43447	4.637959793939427	0.14349194	0.39442897	0.15852892	0.11713122	0.18641898
ERR9612789	PRJEB52394	MID043	3	oral	dental calculus	oral	0.4297431409358978	64232	4.807751444907468	0.12909342	0.42974314	0.15761645	0.09245802	0.19108894
ERR9612790	PRJEB52394	MID043	3	oral	dental calculus	oral	0.43336573243141174	64767	4.811353781049262	0.12737653	0.43336573	0.15758009	0.09013972	0.19153798
ERR9612791	PRJEB52394	MID044	3	oral	dental calculus	oral	0.43602633476257324	89678	4.95268591405336	0.12910184	0.43602633	0.16191688	0.08427341	0.18868151
ERR9612792	PRJEB52394	MID044	3	oral	dental calculus	oral	0.43625980615615845	89864	4.953585745875799	0.12911761	0.4362598	0.1618403	0.08415864	0.18862364
ERR9612793	PRJEB52394	MID045	3	oral	dental calculus	oral	0.4362296462059021	85116	4.930011205896156	0.13009319	0.43622965	0.15867838	0.085734956	0.18926382
ERR9612794	PRJEB52394	MID045	3	oral	dental calculus	oral	0.4358307421207428	85040	4.92962325151524	0.13015066	0.43583074	0.15869679	0.08597646	0.18934539
ERR9612795	PRJEB52394	MID046	3	oral	dental calculus	oral	0.41981807351112366	79265	4.899081463959821	0.1363739	0.41981807	0.15964842	0.095344916	0.18881471
ERR9612796	PRJEB52394	MID046	3	oral	dental calculus	oral	0.42081865668296814	79967	4.902910803559034	0.1359156	0.42081866	0.15971975	0.094651006	0.188895
ERR9612797	PRJEB52394	MID047	3	oral	dental calculus	oral	0.4606904089450836	92224	4.964843954797876	0.12180062	0.4606904	0.15591821	0.07088597	0.19070478
ERR9612798	PRJEB52394	MID047	3	oral	dental calculus	oral	0.46206703782081604	92761	4.967365421856215	0.12118678	0.46206704	0.15587202	0.07014785	0.19072628
ERR9612799	PRJEB52394	MID048	3	oral	dental calculus	oral	0.44989213347435	65383	4.815464843646535	0.12498728	0.44989213	0.15078239	0.08052302	0.19381516
ERR9612800	PRJEB52394	MID048	3	oral	dental calculus	oral	0.45124855637550354	65389	4.815504695708035	0.124477565	0.45124856	0.15050742	0.07963351	0.194133
ERR9612801	PRJEB52394	MID049	3	oral	dental calculus	oral	0.43519172072410583	72237	4.858759701445819	0.12698098	0.43519172	0.15885206	0.08890396	0.1900713
ERR9612802	PRJEB52394	MID049	3	oral	dental calculus	oral	0.4395101070404053	72853	4.862447440205113	0.12505226	0.4395101	0.15853325	0.086387224	0.19051716
ERR9612803	PRJEB52394	MID050	3	oral	dental calculus	oral	0.46636494994163513	94688	4.976294943480539	0.11584637	0.46636495	0.16126864	0.06813656	0.1883835
ERR9612804	PRJEB52394	MID050	3	oral	dental calculus	oral	0.46712198853492737	94201	4.974055513113225	0.11553836	0.467122	0.16115077	0.06792527	0.18826362
ERR9612805	PRJEB52394	MID051	3	oral	dental calculus	oral	0.43886232376098633	80510	4.905849826642319	0.12737808	0.43886232	0.16212426	0.082692884	0.1889425
ERR9612806	PRJEB52394	MID051	3	oral	dental calculus	oral	0.43985939025878906	80883	4.907857251129966	0.12693293	0.4398594	0.16217586	0.082101546	0.18893032
ERR9612807	PRJEB52394	MID052	3	oral	dental calculus	oral	0.4513729214668274	93286	4.969816471410333	0.123710334	0.45137292	0.16149199	0.07544814	0.18797669
ERR9612808	PRJEB52394	MID052	3	oral	dental calculus	oral	0.4506042003631592	92841	4.967739809639793	0.124119565	0.4506042	0.16136459	0.07592802	0.18798366
ERR9612809	PRJEB52394	MID053	3	oral	dental calculus	oral	0.47315627336502075	68335	4.834643198755256	0.11065932	0.47315627	0.15888914	0.06342879	0.19386646
ERR9612810	PRJEB52394	MID053	3	oral	dental calculus	oral	0.47423475980758667	68691	4.836899838858901	0.1102915	0.47423476	0.15869667	0.06300009	0.19377697
ERR9612811	PRJEB52394	MID054	3	oral	dental calculus	oral	0.4541495442390442	93910	4.972711840547067	0.12189506	0.45414954	0.16141629	0.0735202	0.18901893
ERR9612812	PRJEB52394	MID054	3	oral	dental calculus	oral	0.45265474915504456	93722	4.971841547740717	0.122526266	0.45265475	0.16159296	0.07422414	0.1890019
ERR9612813	PRJEB52394	MID055	3	oral	dental calculus	oral	0.470925509929657	97941	4.9909645339507795	0.11689105	0.4709255	0.15943535	0.06616919	0.18657891
ERR9612814	PRJEB52394	MID055	3	oral	dental calculus	oral	0.47176671028137207	98377	4.99289357464422	0.11663858	0.4717667	0.15934743	0.065838516	0.18640879
ERR9612815	PRJEB52394	MID056	3	oral	dental calculus	oral	0.42841386795043945	70966	4.85105032690164	0.13293453	0.42841387	0.1573045	0.09229796	0.1890492
ERR9612816	PRJEB52394	MID056	3	oral	dental calculus	oral	0.4294310212135315	71028	4.851429586019479	0.13260497	0.42943102	0.15723865	0.091691986	0.18903342
ERR9612817	PRJEB52394	MID057	3	oral	dental calculus	oral	0.4688296318054199	99404	4.997403860684791	0.11617597	0.46882963	0.16152756	0.06712953	0.18633725
ERR9612818	PRJEB52394	MID057	3	oral	dental calculus	oral	0.4686751365661621	99364	4.997229066155383	0.116241336	0.46867514	0.16155253	0.067145415	0.18638559
ERR9612819	PRJEB52394	MID058	3	oral	dental calculus	oral	0.4469614028930664	92553	4.966390500477683	0.124542736	0.4469614	0.16237672	0.07803308	0.18808606
ERR9612820	PRJEB52394	MID058	3	oral	dental calculus	oral	0.44789066910743713	92604	4.966629746297579	0.12426984	0.44789067	0.16228592	0.07743402	0.18811953
ERR9612821	PRJEB52394	MID059	3	oral	dental calculus	oral	0.49359241127967834	100224	5.000971731705811	0.10508424	0.4935924	0.16064183	0.056439407	0.1842421
ERR9612822	PRJEB52394	MID059	3	oral	dental calculus	oral	0.4942300319671631	100435	5.00188508390488	0.104857944	0.49423003	0.16056749	0.056166135	0.18417843
ERR9612823	PRJEB52394	MID060	3	oral	dental calculus	oral	0.43696361780166626	80168	4.904001049123167	0.12745711	0.43696362	0.16146572	0.08421722	0.18989637
ERR9612824	PRJEB52394	MID060	3	oral	dental calculus	oral	0.4385069012641907	80082	4.90353491085135	0.126937	0.4385069	0.16136086	0.08339035	0.18980496
ERR9612825	PRJEB52394	MID061	3	oral	dental calculus	oral	0.4484903812408447	33847	4.529520181405683	0.12420027	0.44849038	0.15013596	0.0849386	0.1922348
ERR9612826	PRJEB52394	MID061	3	oral	dental calculus	oral	0.4504774510860443	33456	4.524474015473596	0.123318754	0.45047745	0.1499969	0.08396373	0.19224313
ERR9612827	PRJEB52394	MID062	3	oral	dental calculus	oral	0.4395374357700348	87656	4.9427816486409695	0.12723966	0.43953744	0.16110595	0.082675435	0.18944153
ERR9612828	PRJEB52394	MID062	3	oral	dental calculus	oral	0.43860262632369995	87989	4.9444283819467225	0.12766269	0.43860263	0.16110507	0.08331928	0.18931036
ERR9612829	PRJEB52394	MID063	3	oral	dental calculus	oral	0.4424903988838196	89828	4.953411730320764	0.12765703	0.4424904	0.16059543	0.08008696	0.18917021
ERR9612830	PRJEB52394	MID063	3	oral	dental calculus	oral	0.4438478350639343	90252	4.955456834725504	0.12699828	0.44384784	0.16066423	0.079348385	0.18914129
ERR9612831	PRJEB52394	MID064	3	oral	dental calculus	oral	0.4584122598171234	95563	4.9802897750564386	0.120877326	0.45841226	0.16026005	0.07212285	0.18832749
ERR9612832	PRJEB52394	MID064	3	oral	dental calculus	oral	0.45755189657211304	95372	4.979420890109075	0.12123408	0.4575519	0.16029017	0.072561465	0.18836237
ERR9612833	PRJEB52394	MID065	3	oral	dental calculus	oral	0.4479249119758606	68108	4.833198127357681	0.124390386	0.4479249	0.15133879	0.0827439	0.19360206
ERR9612834	PRJEB52394	MID065	3	oral	dental calculus	oral	0.4489821493625641	68204	4.8338098457266545	0.12402012	0.44898215	0.15114659	0.08202541	0.19382575
ERR9612835	PRJEB52394	MID066	3	oral	dental calculus	oral	0.4414467215538025	85676	4.932859182164611	0.12759417	0.44144672	0.1589957	0.08121664	0.19074674
ERR9612836	PRJEB52394	MID066	3	oral	dental calculus	oral	0.4412432312965393	85337	4.931137371282296	0.1277859	0.44124323	0.15864262	0.0814214	0.19090685
ERR9612837	PRJEB52394	MID067	3	oral	dental calculus	oral	0.44440025091171265	93472	4.970681535293456	0.12632386	0.44440025	0.16202754	0.07913576	0.18811263
ERR9612838	PRJEB52394	MID067	3	oral	dental calculus	oral	0.44366902112960815	93027	4.9686090157494895	0.12676245	0.44366902	0.16187349	0.07957794	0.18811712
ERR9612839	PRJEB52394	MID068	3	oral	dental calculus	oral	0.41730815172195435	57992	4.763368086744179	0.13463543	0.41730815	0.15707107	0.10130773	0.18967757
ERR9612840	PRJEB52394	MID068	3	oral	dental calculus	oral	0.4174933433532715	58203	4.7649453703864415	0.13445096	0.41749334	0.15704866	0.10132344	0.1896836
ERR9612841	PRJEB52394	MID068	3	oral	dental calculus	oral	0.41384831070899963	34187	4.533860991975016	0.13361487	0.4138483	0.15547904	0.107085094	0.1899727
ERR9612842	PRJEB52394	MID068	3	oral	dental calculus	oral	0.41583266854286194	33453	4.524435070535051	0.13306944	0.41583267	0.15503594	0.106234	0.18982792
ERR9612843	PRJEB52394	MID070	3	oral	dental calculus	oral	0.4620285630226135	82490	4.916401303603876	0.11617865	0.46202856	0.16228583	0.07080586	0.18870112
ERR9612844	PRJEB52394	MID070	3	oral	dental calculus	oral	0.46187329292297363	82412	4.915990453861425	0.11619739	0.4618733	0.16233447	0.070855536	0.18873934
ERR9612845	PRJEB52394	MID071	3	oral	dental calculus	oral	0.4312590956687927	74808	4.873948043988446	0.13059203	0.4312591	0.15855986	0.08918664	0.19040231
ERR9612846	PRJEB52394	MID071	3	oral	dental calculus	oral	0.4302402436733246	74706	4.873355483505462	0.13094684	0.43024024	0.15843947	0.09008108	0.19029233
ERR9612847	PRJEB52394	MID072	3	oral	dental calculus	oral	0.45912736654281616	87099	4.940013168819661	0.116461	0.45912737	0.163322	0.07016373	0.19092593
ERR9612848	PRJEB52394	MID072	3	oral	dental calculus	oral	0.46085476875305176	87265	4.940840093021638	0.11576148	0.46085477	0.16316779	0.06925675	0.1909592
ERR9612849	PRJEB52394	MID073	3	oral	dental calculus	oral	0.4606221318244934	95626	4.980575989779568	0.11972263	0.46062213	0.15947121	0.07043497	0.1897491
ERR9612850	PRJEB52394	MID073	3	oral	dental calculus	oral	0.4616386294364929	96030	4.982406928863795	0.119335845	0.46163863	0.15935847	0.069886744	0.18978031
ERR9612851	PRJEB52394	MID074	3	oral	dental calculus	oral	0.41099733114242554	70907	4.8506891112241055	0.139514	0.41099733	0.15883319	0.103348695	0.18730679
ERR9612852	PRJEB52394	MID074	3	oral	dental calculus	oral	0.40908145904541016	70529	4.848367726215781	0.14015631	0.40908146	0.15876737	0.1047735	0.18722132
ERR9612853	PRJEB52394	MID075	3	oral	dental calculus	oral	0.4125775396823883	62087	4.793000675550244	0.13832815	0.41257754	0.15857615	0.10356395	0.18695423
ERR9612854	PRJEB52394	MID075	3	oral	dental calculus	oral	0.41182178258895874	62052	4.792755783819695	0.13852456	0.41182178	0.15859571	0.10421207	0.18684587
ERR9612855	PRJEB52394	MID076	3	oral	dental calculus	oral	0.42293205857276917	81966	4.913633741719355	0.13564937	0.42293206	0.15867986	0.093383215	0.18935551
ERR9612856	PRJEB52394	MID076	3	oral	dental calculus	oral	0.4242507517337799	82537	4.916648679381189	0.13506177	0.42425075	0.1587248	0.0924497	0.18951294
ERR9612857	PRJEB52394	MID077	3	oral	dental calculus	oral	0.4619714319705963	94388	4.974916783863192	0.118157074	0.46197143	0.16174433	0.06994314	0.18818405
ERR9612858	PRJEB52394	MID077	3	oral	dental calculus	oral	0.46364402770996094	94623	4.975996713135413	0.11737855	0.46364403	0.1616047	0.069103375	0.18826935
ERR9612859	PRJEB52394	MID078	3	oral	dental calculus	oral	0.4374661445617676	80594	4.906302710987658	0.12838513	0.43746614	0.15800151	0.08584728	0.19029991
ERR9612860	PRJEB52394	MID078	3	oral	dental calculus	oral	0.43773555755615234	80438	4.905461263817271	0.12811829	0.43773556	0.15789689	0.08582157	0.19042772
ERR9612861	PRJEB52394	MID079	3	oral	dental calculus	oral	0.3623540997505188	39676	4.598527881589679	0.15649518	0.3623541	0.1613513	0.1361719	0.18362752
ERR9612862	PRJEB52394	MID079	3	oral	dental calculus	oral	0.35929936170578003	39586	4.59754162032528	0.15697287	0.35929936	0.16149911	0.13877107	0.18345764
ERR9612863	PRJEB52394	MID080	3	oral	dental calculus	oral	0.4064253866672516	45043	4.653627308132294	0.13881262	0.4064254	0.15508486	0.10961576	0.19006145
ERR9612864	PRJEB52394	MID080	3	oral	dental calculus	oral	0.40853172540664673	44933	4.652565415698534	0.13791704	0.40853173	0.15512556	0.10822829	0.19019738
ERR9612865	PRJEB52394	MID081	3	oral	dental calculus	oral	0.46077823638916016	97981	4.9911418675786265	0.1194275	0.46077824	0.16221963	0.07001216	0.18756247
ERR9612866	PRJEB52394	MID081	3	oral	dental calculus	oral	0.4610539972782135	98425	4.993105423462267	0.11923478	0.461054	0.16226682	0.06985178	0.18759269
ERR9612867	PRJEB52394	MID082	3	oral	dental calculus	oral	0.45498132705688477	92918	4.968099853320281	0.12162085	0.45498133	0.15963933	0.0738065	0.18995202
ERR9612868	PRJEB52394	MID082	3	oral	dental calculus	oral	0.4563131332397461	92925	4.968132569767763	0.120995976	0.45631313	0.15954602	0.07303142	0.19011347
ERR9612869	PRJEB52394	MID083	3	oral	dental calculus	oral	0.44027209281921387	78648	4.895687683093982	0.12632385	0.4402721	0.15802048	0.084892765	0.19049084
ERR9612870	PRJEB52394	MID083	3	oral	dental calculus	oral	0.4414446949958801	78892	4.8970329660483705	0.12596482	0.4414447	0.15760484	0.08426682	0.19071878
ERR9612871	PRJEB52394	MID084	3	oral	dental calculus	oral	0.4855060577392578	100417	5.001807242502303	0.10933019	0.48550606	0.15977511	0.060431648	0.18495695
ERR9612872	PRJEB52394	MID084	3	oral	dental calculus	oral	0.4852357804775238	100547	5.0023691171716225	0.109364584	0.48523578	0.15985626	0.06049499	0.18504842
ERR9612873	PRJEB52394	MID085	3	oral	dental calculus	oral	0.44034329056739807	71268	4.852894571324646	0.12690943	0.4403433	0.16035053	0.08455397	0.1878428
ERR9612874	PRJEB52394	MID085	3	oral	dental calculus	oral	0.4404926300048828	71018	4.851368437591136	0.12680921	0.44049263	0.16032237	0.0845319	0.18784389
ERR9612875	PRJEB52394	MID086	3	oral	dental calculus	oral	0.4326997697353363	84519	4.926954349986391	0.13057974	0.43269977	0.1610125	0.086954966	0.18875304
ERR9612876	PRJEB52394	MID086	3	oral	dental calculus	oral	0.43319201469421387	84720	4.927985947099429	0.13040099	0.433192	0.16093984	0.08669895	0.18876815
ERR9612877	PRJEB52394	MID087	3	oral	dental calculus	oral	0.42759543657302856	79846	4.902253164413887	0.13421838	0.42759544	0.15704322	0.09154334	0.18959963
ERR9612878	PRJEB52394	MID087	3	oral	dental calculus	oral	0.42887943983078003	80239	4.9043855075349425	0.13373539	0.42887944	0.15685089	0.09083356	0.18970071
ERR9612879	PRJEB52394	MID088	3	oral	dental calculus	oral	0.4365084767341614	87532	4.9421668516828525	0.13076869	0.43650848	0.15879484	0.08331207	0.19061594
ERR9612880	PRJEB52394	MID088	3	oral	dental calculus	oral	0.43893593549728394	88225	4.945591667032007	0.12987003	0.43893594	0.15876618	0.08216396	0.19026385
ERR9612881	PRJEB52394	MID089	3	oral	dental calculus	oral	0.4552159309387207	96249	4.983396226006637	0.12042476	0.45521593	0.16237077	0.07332774	0.18866083
ERR9612882	PRJEB52394	MID089	3	oral	dental calculus	oral	0.45729392766952515	96964	4.98661052289168	0.119444944	0.45729393	0.16241992	0.072187856	0.18865338
ERR9612883	PRJEB52394	MID090	3	oral	dental calculus	oral	0.41469407081604004	50991	4.707493529132081	0.13663241	0.41469407	0.15474442	0.10282157	0.19110754
ERR9612884	PRJEB52394	MID090	3	oral	dental calculus	oral	0.4153098165988922	50841	4.706214084175652	0.1363197	0.41530982	0.15480375	0.10236676	0.19119999
ERR9612885	PRJEB52394	MID091	3	oral	dental calculus	oral	0.46584105491638184	93487	4.97075122348437	0.119661056	0.46584105	0.15605572	0.06850809	0.18993409
ERR9612886	PRJEB52394	MID091	3	oral	dental calculus	oral	0.4659256935119629	93962	4.97295225224903	0.119806446	0.4659257	0.15590605	0.06854673	0.18981506
ERR9612887	PRJEB52394	MID092	3	oral	dental calculus	oral	0.43115463852882385	84559	4.9271598383361495	0.13185337	0.43115464	0.16060638	0.087390944	0.18899468
ERR9612888	PRJEB52394	MID092	3	oral	dental calculus	oral	0.4308624267578125	84602	4.927380629926694	0.13200876	0.43086243	0.16048518	0.08759259	0.1890511
ERR9612889	PRJEB52394	MID093	3	oral	dental calculus	oral	0.47227048873901367	99755	4.998934672960174	0.11618699	0.4722705	0.16012017	0.06591755	0.18550476
ERR9612890	PRJEB52394	MID093	3	oral	dental calculus	oral	0.4720209240913391	99536	4.997980183998594	0.11637469	0.47202092	0.16006352	0.06601669	0.18552424
ERR9612891	PRJEB52394	MID094	3	oral	dental calculus	oral	0.46266597509384155	97376	4.988451930678073	0.11941252	0.46266598	0.15976481	0.06920104	0.18895565
ERR9612892	PRJEB52394	MID094	3	oral	dental calculus	oral	0.46296507120132446	97705	4.989916789070325	0.11932649	0.46296507	0.1596977	0.06901081	0.18899995
ERR9612893	PRJEB52394	MID097	3	oral	dental calculus	oral	0.46376198530197144	90224	4.955322077244278	0.11497937	0.463762	0.16366765	0.06854356	0.18904743
ERR9612894	PRJEB52394	MID097	3	oral	dental calculus	oral	0.46297842264175415	90130	4.954869371066478	0.11524353	0.46297842	0.16379985	0.06883886	0.18913935
ERR9612895	PRJEB52394	MID101	3	oral	dental calculus	oral	0.4272931218147278	74395	4.87154374810799	0.13406773	0.42729312	0.1554567	0.09306674	0.19011566
ERR9612896	PRJEB52394	MID101	3	oral	dental calculus	oral	0.4252716600894928	74943	4.874731074097623	0.13489398	0.42527166	0.15565977	0.09425729	0.18991733
ERR9612897	PRJEB52394	MID102	3	oral	dental calculus	oral	0.4469802975654602	86155	4.93528048676835	0.12759073	0.4469803	0.15429327	0.07874249	0.19239327
ERR9612898	PRJEB52394	MID102	3	oral	dental calculus	oral	0.4476729929447174	86109	4.935048545716913	0.12739947	0.447673	0.15401483	0.078451276	0.19246142
ERR9690357	PRJEB43506	B17-D-6	3		permafrost	plant tissue		2714	3.433609843323718	0.0981137	0.031293355	0.36289495	0.31886318	0.18883483
ERR9690358	PRJEB43506	B17-D-3	3		permafrost	skeletal tissue		1606	3.205745540942662	0.04171416	0.0073403968	0.053852588	0.7809556	0.11613721
ERR9690359	PRJEB43506	B17-D-7	3		permafrost	plant tissue		2685	3.428944290035574	0.120997585	0.038078126	0.39223707	0.22153628	0.22715096
ERR9690360	PRJEB43506	B17-D-10	3		permafrost	plant tissue		2282	3.358315640082196	0.11605464	0.029807245	0.56775194	0.0801937	0.20619246
ERR9690361	PRJEB43506	B17-D-5	3		permafrost	skeletal tissue		2548	3.406199423663313	0.13685504	0.09450029	0.109170415	0.39360368	0.2658706
ERR9690362	PRJEB43506	B17-D-6	3		permafrost	skeletal tissue		4855	3.6861892342440234	0.06714444	0.018642213	0.09167483	0.714649	0.10788943
ERR9690363	PRJEB43506	B17-D-3	3		permafrost	skeletal tissue		5553	3.7445276734725668	0.066295266	0.014277676	0.07517009	0.73261476	0.11164214
ERR9690364	PRJEB43506	B17-D-7	3		permafrost	skeletal tissue		5273	3.722057771331464	0.25121263	0.02471894	0.120245636	0.4011375	0.20268531
ERR9690365	PRJEB43506	B17-D-10	3		permafrost	skeletal tissue		4730	3.6748611407378116	0.23436908	0.027082706	0.12507541	0.35818437	0.25528842
ERR9690366	PRJEB43506	B17-D-5	3		permafrost	skeletal tissue		4652	3.667639706056411	0.14023082	0.050170563	0.09924562	0.4493784	0.2609746
SRR10156707	PRJNA573108	DNA-MUB17-2D-1L-SAMPLE18	3		sediment	skeletal tissue		764	2.8830933585756897	0.15921703	0.025086153	0.09131453	0.40957803	0.31480423
SRR10156708	PRJNA573108	DNA-MUB17-2D-1L-SAMPLE17	3		sediment	soft tissue		1056	3.0236639181977933	0.3018778	0.038357265	0.09690118	0.23618336	0.3266804
SRR10156709	PRJNA573108	DNA-MUB17-2D-1L-SAMPLE16	3		sediment	skeletal tissue		366	2.5634810853944106	0.11426415	0.026537517	0.08847876	0.5251308	0.24558875
SRR10156710	PRJNA573108	DNA-MUB17-2D-1L-SAMPLE14	3		sediment	oral		77	1.8864907251724818	0.15377577	0.25166076	0.1520361	0.2188633	0.22366405
SRR10156713	PRJNA573108	DNA-MUB17-2D-1L-SAMPLE12	3		sediment	soft tissue		582	2.7649229846498886	0.31132844	0.023382965	0.09843562	0.22003555	0.3468174
SRR10156724	PRJNA573108	DNA-MUB17-2D-1L-SAMPLE9	3		sediment	skeletal tissue		642	2.807535028068853	0.15136221	0.024181753	0.0852445	0.38633433	0.3528772
SRR10156735	PRJNA573108	DNA-MUB17-2D-1L-SAMPLE7	3		sediment	skeletal tissue		111	2.0453229787866576	0.14496021	0.06971129	0.118456125	0.39611813	0.27075422
SRR10156737	PRJNA573108	DNA-MUB17-2C-7L-SAMPLE50	3		sediment	skeletal tissue		74	1.8692317197309762	0.12118111	0.03395457	0.10694251	0.4781862	0.25973564
SRR10156738	PRJNA573108	DNA-MUB17-2C-7L-SAMPLE48	3		sediment	oral		39	1.591064607026499	0.13853979	0.2848034	0.14910792	0.21585894	0.21169002
SRR10156739	PRJNA573108	DNA-MUB17-2C-6L-SAMPLE47	3		sediment	skeletal tissue		58	1.7634279935629373	0.13244334	0.08110313	0.13206033	0.4137581	0.24063507
SRR10156740	PRJNA573108	DNA-MUB17-2C-6L-SAMPLE45	3		sediment	soft tissue		207	2.315970345456918	0.24182598	0.026244026	0.23550253	0.16100872	0.33541873
SRR10156741	PRJNA573108	DNA-MUB17-2C-6L-SAMPLE43	3		sediment	soft tissue		260	2.4149733479708178	0.2567493	0.017617876	0.20929918	0.16946438	0.3468693
SRR10156742	PRJNA573108	DNA-MUB17-2C-5L-SAMPLE42	3		sediment	skeletal tissue		50	1.6989700043360187	0.11986025	0.031671397	0.10120535	0.48643366	0.26082936
SRR10156743	PRJNA573108	DNA-MUB17-2C-5L-SAMPLE40	3		sediment	skeletal tissue		86	1.9344984512435677	0.16338098	0.04102993	0.13319154	0.37517336	0.2872242
SRR10156744	PRJNA573108	DNA-MUB17-2C-5L-SAMPLE38	3		sediment	skeletal tissue		173	2.2380461031287955	0.16828571	0.10256262	0.1401175	0.33276954	0.2562647
SRR10156745	PRJNA573108	DNA-MUB17-2C-4L-SAMPLE37	3		sediment	soft tissue		325	2.5118833609788744	0.289011	0.01979366	0.14959198	0.18522908	0.35637432
SRR10156746	PRJNA573108	DNA-MUB17-2D-1L-SAMPLE4	3		sediment	soft tissue		1045	3.019116290447073	0.22353351	0.047297508	0.09537901	0.20228808	0.43150192
SRR10156747	PRJNA573108	DNA-MUB17-2C-4L-SAMPLE35	3		sediment	skeletal tissue		219	2.3404441148401185	0.18059014	0.010996945	0.09609952	0.38414684	0.32816654
SRR10156748	PRJNA573108	DNA-MUB17-2C-4L-SAMPLE33	3		sediment	skeletal tissue		173	2.2380461031287955	0.11431165	0.022583501	0.09325159	0.5124648	0.2573884
SRR10156749	PRJNA573108	DNA-MUB17-2C-3L-SAMPLE32	3		sediment	skeletal tissue		78	1.8920946026904804	0.13720366	0.084622934	0.12667227	0.394731	0.2567702
SRR10156750	PRJNA573108	DNA-MUB17-2C-3L-SAMPLE30	3		sediment	skeletal tissue		1013	3.0056094453602804	0.20346054	0.009969219	0.07718742	0.3889396	0.3204432
SRR10156751	PRJNA573108	DNA-MUB17-2C-3L-SAMPLE28	3		sediment	skeletal tissue		669	2.8254261177678233	0.09013812	0.006879409	0.06443352	0.58987254	0.24867642
SRR10156752	PRJNA573108	DNA-MUB17-2C-2L-SAMPLE26	3		sediment	gut		1458	3.163757523981956	0.43208456	0.02321006	0.0858624	0.19349638	0.26534662
SRR10156753	PRJNA573108	DNA-MUB17-2C-2L-SAMPLE24	3		sediment	gut		1562	3.1936810295412816	0.3796721	0.028860414	0.08913533	0.18411416	0.31821796
SRR10156754	PRJNA573108	DNA-MUB17-2C-2L-SAMPLE22	3		sediment	skeletal tissue		89	1.9493900066449128	0.15045762	0.17679362	0.14107099	0.28616905	0.24550872
SRR10156755	PRJNA573108	DNA-MUB17-2C-2L-SAMPLE20	3		sediment	skeletal tissue		370	2.568201724066995	0.15056157	0.01476679	0.0836455	0.4421978	0.30882835
SRR10156756	PRJNA573108	DNA-MUB17-2D-1L-SAMPLE19	3		sediment	skeletal tissue		498	2.6972293427597176	0.12764207	0.016324073	0.08388035	0.48966923	0.2824843
SRR10156757	PRJNA573108	DNA-MUB17-2D-1L-SAMPLE2	3		sediment	skeletal tissue		926	2.966610986681934	0.14440529	0.068028346	0.101891115	0.40179664	0.28387868
SRR10156758	PRJNA573108	DNA-MUB17-2D-1L-SAMPLE1	3		sediment	skeletal tissue		595	2.7745169657285498	0.05519464	0.010954139	0.061171878	0.6869772	0.18570207
SRR12136712	PRJNA643812	364459	3	oral	dental calculus	oral	0.4217355251312256	18982	4.278341969060907	0.13005769	0.42173553	0.14926904	0.10955644	0.18938127
SRR12136713	PRJNA643812	AMNH98137_Q01	3	oral	dental calculus	oral	0.39542803168296814	67064	4.82648945315066	0.14533931	0.39542803	0.15649673	0.11246331	0.19027261
SRR12462930	PRJNA657275	SA_010	3	oral	dental calculus	oral	0.5018889307975769	100716	5.00309846916073	0.103956744	0.50188893	0.15560184	0.055607162	0.18294534
SRR12462931	PRJNA657275	SA_009	3	oral	dental calculus	oral	0.5066623091697693	104182	5.0177926904035175	0.10221585	0.5066623	0.15563443	0.053371083	0.1821163
SRR12462932	PRJNA657275	SA_008	3	oral	dental calculus	oral	0.5088070034980774	100904	5.0039083827234805	0.102757655	0.508807	0.153764	0.05361014	0.18106118
SRR12462933	PRJNA657275	SA_007	3	oral	dental calculus	oral	0.5086639523506165	102046	5.008795985906826	0.10254705	0.50866395	0.15407085	0.05348569	0.18123242
SRR12462934	PRJNA657275	SA_006	3	oral	dental calculus	oral	0.49590006470680237	98966	4.995486017339537	0.10660066	0.49590006	0.15540962	0.057385493	0.18470418
SRR12462935	PRJNA657275	SA_005	3	oral	dental calculus	oral	0.5163475275039673	106344	5.026712991743218	0.097769745	0.5163475	0.15567347	0.049576446	0.18063281
SRR12462936	PRJNA657275	SA_004	3	oral	dental calculus	oral	0.5000268816947937	102315	5.009939308586829	0.10392179	0.5000269	0.1574812	0.055368055	0.183202
SRR12462937	PRJNA657275	SA_003	3	oral	dental calculus	oral	0.4859169125556946	98676	4.994211536306786	0.10915277	0.4859169	0.15888345	0.06030796	0.18573895
SRR12462938	PRJNA657275	MAWB_15	3	oral	dental calculus	oral	0.43802356719970703	87719	4.943093672059779	0.12761994	0.43802357	0.16231795	0.084369	0.1876696
SRR12462939	PRJNA657275	MAWB_12	3	oral	dental calculus	oral	0.39936089515686035	58142	4.764489966788116	0.1432629	0.3993609	0.16002025	0.1121403	0.18521568
SRR12462940	PRJNA657275	MAWB_11	3	oral	dental calculus	oral	0.44921714067459106	89229	4.950506025823434	0.1263158	0.44921714	0.15919028	0.07654824	0.18872856
SRR12462941	PRJNA657275	MAWB_10	3	oral	dental calculus	oral	0.46073493361473083	97308	4.988148546466013	0.118211806	0.46073493	0.16240649	0.07055248	0.18809423
SRR12462942	PRJNA657275	MAWB_6	3	oral	dental calculus	oral	0.487119197845459	104400	5.018700498666243	0.109795496	0.4871192	0.15789694	0.05956074	0.18562764
SRR12462943	PRJNA657275	MAWB_5	3	oral	dental calculus	oral	0.40554651618003845	51071	4.708174361678332	0.13743484	0.40554652	0.15945907	0.10936631	0.18819329
SRR12462944	PRJNA657275	MAWB_3	3	oral	dental calculus	oral	0.4054722785949707	64842	4.811856401851496	0.14184608	0.40547228	0.15613678	0.10692245	0.18962245
SRR12462945	PRJNA657275	SA_011	3	oral	dental calculus	oral	0.50627601146698	99938	4.999730653915303	0.10329858	0.506276	0.15415555	0.054172236	0.18209764
SRR12462946	PRJNA657275	SA_002	3	oral	dental calculus	oral	0.45798391103744507	87907	4.944023459150344	0.11999669	0.4579839	0.16034582	0.07191591	0.18975762
SRR12462947	PRJNA657275	SA_001	3	oral	dental calculus	oral	0.5074614882469177	102299	5.009871388388557	0.10050688	0.5074615	0.15779433	0.051778924	0.18245837
SRR19160147	PRJNA836960	2564	3	gut	intestine	oral	0.11680485308170319	837	2.92272545799326	0.11680485	0.3022217	0.11946356	0.18552038	0.2759895
SRR19160150	PRJNA836960	1489	3	gut	intestine	skeletal tissue	0.09459500759840012	1244	3.0948203803548	0.09459501	0.23430507	0.11118839	0.36916584	0.19074568
SRR19160161	PRJNA836960	3007	3	gut	intestine	oral	0.09629540145397186	927	2.967079734144497	0.0962954	0.3782295	0.11857583	0.21569733	0.19120197
SRR19160174	PRJNA836960	2194	3	gut	intestine	skeletal tissue	0.12814562022686005	1468	3.166726055580052	0.12814562	0.23458712	0.11370461	0.30976743	0.21379526
SRR19160175	PRJNA836960	7405	3	gut	intestine	skeletal tissue	0.10219001770019531	1393	3.1439511164239633	0.10219002	0.23992471	0.12220564	0.3487237	0.18695596
SRR19160180	PRJNA836960	1490	3	gut	intestine	skeletal tissue	0.09168151021003723	1225	3.0881360887005513	0.09168151	0.24112646	0.11091411	0.37347782	0.18280013
SRR19160184	PRJNA836960	1151	3	gut	intestine	oral	0.09468445926904678	1003	3.0013009330204183	0.09468446	0.3969853	0.119329795	0.19676076	0.19223969
SRR19160194	PRJNA836960	1491	3	gut	intestine	oral	0.09990744292736053	1040	3.0170333392987803	0.09990744	0.36707902	0.12309494	0.22128887	0.18862973
SRR19160206	PRJNA836960	4572	3	gut	intestine	oral	0.10640609264373779	1193	3.076640443670342	0.10640609	0.28375143	0.11801578	0.26964808	0.22217867
SRR19160231	PRJNA836960	14914	3	gut	intestine	oral	0.10471872985363007	1490	3.173186268412274	0.10471873	0.35023633	0.12486736	0.22249451	0.19768307
SRR19160251	PRJNA836960	1700	3	gut	intestine	skeletal tissue	0.10938873142004013	1291	3.1109262422664203	0.10938873	0.12992148	0.15223034	0.36834362	0.24011584
SRR957738	PRJNA216965	B61	3	oral	dental calculus	oral	0.48885536193847656	83457	4.921462769222292	0.11241472	0.48885536	0.14974596	0.05827568	0.19070831
SRR957739	PRJNA216965	B61	3	oral	dental calculus	oral	0.4930514693260193	84826	4.928528988174768	0.1094228	0.49305147	0.1516465	0.057917874	0.18796134
SRR957740	PRJNA216965	B61	3	oral	dental calculus	oral	0.49984025955200195	83643	4.922429601143247	0.106767334	0.49984026	0.14978264	0.05534157	0.18826817
SRR957741	PRJNA216965	B61	3	oral	dental calculus	oral	0.4932686686515808	89272	4.950715264573727	0.10846859	0.49326867	0.15389886	0.058958333	0.18540552
SRR957742	PRJNA216965	G12	3	oral	dental calculus	oral	0.4637838900089264	89758	4.953073167011008	0.118365094	0.4637839	0.1591761	0.06944649	0.18922845
SRR957743	PRJNA216965	G12	3	oral	dental calculus	oral	0.45509910583496094	75220	4.87633332908638	0.12016547	0.4550991	0.16019984	0.07318232	0.19135329
SRR957744	PRJNA216965	G12	3	oral	dental calculus	oral	0.4774109721183777	96349	4.983847211500702	0.11311444	0.47741097	0.15841168	0.0632311	0.18783185
SRR957745	PRJNA216965	G12	3	oral	dental calculus	oral	0.47366800904273987	85224	4.9305619140132215	0.112837136	0.473668	0.15969887	0.06417446	0.1896215
SRR957746	PRJNA216965	G12	3	oral	dental calculus	oral	0.4652543067932129	94193	4.974018629180007	0.11798247	0.4652543	0.15916988	0.06760867	0.18998468
ERR12115113	PRJEB67363	P45	4	oral	dental calculus	oral	0.48485079407691956	98591	4.993837271647756	0.10214816	0.4848508	0.16391872	0.06579075	0.18329163
ERR12115114	PRJEB67363	P68	4	oral	dental calculus	oral	0.4911862313747406	78049	4.892367343051683	0.10378903	0.49118623	0.15582189	0.06979757	0.1794053
ERR12115115	PRJEB67363	P18	4	oral	dental calculus	oral	0.4657432436943054	91266	4.960309016718425	0.111502446	0.46574324	0.16222176	0.07508229	0.18545029
ERR12115116	PRJEB67363	P112	4	oral	dental calculus	oral	0.4852163791656494	106492	5.027316983489743	0.10285564	0.48521638	0.16311057	0.06642103	0.18239644
ERR1777519	PRJEB18722	H10_P	4	skeletal tissue	bone	skeletal tissue	0.556396484375	492	2.69196510276736	0.10061641	0.058379095	0.11559157	0.5563965	0.16901645
ERR1777520	PRJEB18722	H10_S	4	skeletal tissue	bone	oral	0.08351369947195053	22	1.3424226808222062	0.1182873	0.4652033	0.15304512	0.0835137	0.1799506
ERR1777521	PRJEB18722	H10_T	4	skeletal tissue	tooth	skeletal tissue	0.781887412071228	223	2.3483048630481607	0.04718194	0.007583858	0.061676256	0.7818874	0.101670586
ERR1777522	PRJEB18722	H1_P	4	skeletal tissue	bone	skeletal tissue	0.7273172736167908	651	2.813580988568192	0.06364376	0.01794467	0.09025165	0.7273173	0.10084262
ERR1777523	PRJEB18722	H1_S	4	skeletal tissue	bone	skeletal tissue	0.5373014211654663	372	2.5705429398818973	0.11731678	0.027171204	0.088813	0.5373014	0.22939761
ERR1777524	PRJEB18722	H1_T	4	skeletal tissue	tooth	skeletal tissue	0.7408405542373657	689	2.8382192219076257	0.061930638	0.01565854	0.08603968	0.74084055	0.09553058
ERR1777525	PRJEB18722	H2_P	4	skeletal tissue	bone	skeletal tissue	0.7515912652015686	663	2.821513528404773	0.053805202	0.014558154	0.08572296	0.75159127	0.09432239
ERR1777526	PRJEB18722	H2_S	4	skeletal tissue	bone	skeletal tissue	0.609032928943634	552	2.741939077729199	0.090047464	0.038538717	0.10162351	0.6090329	0.1607574
ERR1777527	PRJEB18722	H2_T	4	skeletal tissue	tooth	skeletal tissue	0.7746061682701111	766	2.884228769632604	0.048598945	0.011763215	0.07986877	0.77460617	0.08516286
ERR1777528	PRJEB18722	H3_P	4	skeletal tissue	bone	skeletal tissue	0.7341207265853882	737	2.8674674878590514	0.061690122	0.01662396	0.08847289	0.7341207	0.09909228
ERR1777529	PRJEB18722	H3_S	4	skeletal tissue	bone	skeletal tissue	0.6610057950019836	747	2.873320601815399	0.07802951	0.030391717	0.1052279	0.6610058	0.12534511
ERR1777530	PRJEB18722	H3_T	4	skeletal tissue	tooth	skeletal tissue	0.7602518200874329	673	2.828015064223977	0.05168162	0.013336864	0.0834115	0.7602518	0.09131819
ERR1777531	PRJEB18722	H4_P	4	skeletal tissue	bone	skeletal tissue	0.706354022026062	757	2.8790958795000727	0.06614424	0.021734778	0.096541114	0.706354	0.109225854
ERR1777532	PRJEB18722	H4_S	4	skeletal tissue	bone	skeletal tissue	0.6334133744239807	845	2.926856708949692	0.09092074	0.034910955	0.1083318	0.6334134	0.13242313
ERR1777533	PRJEB18722	H4_T	4	skeletal tissue	tooth	skeletal tissue	0.6556361317634583	1096	3.0398105541483504	0.08102588	0.031157767	0.105665065	0.65563613	0.12651522
ERR1777534	PRJEB18722	H5_P	4	skeletal tissue	bone	skeletal tissue	0.5862656235694885	605	2.781755374652469	0.09444911	0.0466371	0.11247214	0.5862656	0.16017604
ERR1777535	PRJEB18722	H5_S	4	skeletal tissue	bone	skeletal tissue	0.778347909450531	197	2.294466226161593	0.049432542	0.007725825	0.062123716	0.7783479	0.10236998
ERR1777536	PRJEB18722	H5_T	4	skeletal tissue	tooth	skeletal tissue	0.6676979064941406	746	2.8727388274726686	0.07664679	0.028751943	0.104311906	0.6676979	0.12259146
ERR1777537	PRJEB18722	H6_P	4	skeletal tissue	bone	skeletal tissue	0.5670084357261658	767	2.884795363948981	0.098331764	0.054976035	0.117037274	0.56700844	0.16264653
ERR1777538	PRJEB18722	H6_S	4	skeletal tissue	bone	skeletal tissue	0.6892015337944031	174	2.2405492482826	0.071620256	0.012721407	0.074337624	0.68920153	0.1521191
ERR1777539	PRJEB18722	H6_T	4	skeletal tissue	tooth	skeletal tissue	0.6822698712348938	733	2.8651039746411278	0.07118886	0.026104365	0.10217814	0.6822699	0.11825881
ERR1777540	PRJEB18722	H7_P	4	skeletal tissue	bone	skeletal tissue	0.7607196569442749	655	2.816241299991783	0.055354446	0.013265234	0.08170727	0.76071966	0.08895336
ERR1777541	PRJEB18722	H7_S	4	skeletal tissue	bone	skeletal tissue	0.5894086956977844	417	2.6201360549737576	0.09364246	0.04030733	0.10384718	0.5894087	0.17279436
ERR1777542	PRJEB18722	H7_T	4	skeletal tissue	tooth	skeletal tissue	0.6366920471191406	715	2.8543060418010806	0.0924298	0.032783125	0.106124856	0.63669205	0.13197014
ERR1777543	PRJEB18722	H8_P	4	skeletal tissue	bone	skeletal tissue	0.7440007328987122	690	2.838849090737255	0.060027312	0.01556122	0.08601766	0.74400073	0.09439306
ERR1777544	PRJEB18722	H8_S	4	skeletal tissue	bone	skeletal tissue	0.2925456166267395	92	1.9637878273455553	0.16583374	0.15674075	0.15740728	0.29254562	0.22747259
ERR1777545	PRJEB18722	H8_T	4	skeletal tissue	tooth	skeletal tissue	0.7172659635543823	762	2.8819549713396007	0.066579364	0.019962931	0.09274207	0.71726596	0.1034497
ERR1777546	PRJEB18722	H9_P	4	skeletal tissue	bone	skeletal tissue	0.7531177997589111	669	2.8254261177678233	0.053239465	0.014374289	0.08547773	0.7531178	0.0937907
ERR1777547	PRJEB18722	H9_T	4	skeletal tissue	tooth	skeletal tissue	0.599669873714447	393	2.5943925503754266	0.08743243	0.03276712	0.09728003	0.5996699	0.18285057
ERR1777548	PRJEB18722	V10_P	4	skeletal tissue	bone	skeletal tissue	0.7623571753501892	667	2.824125833916549	0.051428206	0.013021497	0.0826451	0.7623572	0.090547994
ERR1777549	PRJEB18722	V10_T	4	skeletal tissue	tooth	skeletal tissue	0.4079984724521637	4105	3.6133131614554594	0.110985495	0.1769955	0.118817784	0.40799847	0.18520276
ERR1777550	PRJEB18722	V11_P	4	skeletal tissue	bone	skeletal tissue	0.7704812288284302	667	2.824125833916549	0.049193718	0.012058759	0.080624655	0.7704812	0.0876416
ERR1777551	PRJEB18722	V11_T	4	skeletal tissue	tooth	oral	0.13085778057575226	6338	3.801952234854282	0.14849758	0.3602525	0.16102521	0.13085778	0.19936693
ERR1777552	PRJEB18722	V1_P	4	skeletal tissue	bone	skeletal tissue	0.758029580116272	669	2.8254261177678233	0.052321613	0.013591051	0.08390371	0.7580296	0.0921541
ERR1777553	PRJEB18722	V1_T	4	skeletal tissue	tooth	skeletal tissue	0.7681736350059509	769	2.885926339801431	0.050177913	0.012564498	0.08172938	0.76817364	0.08735451
ERR1777554	PRJEB18722	V2_P	4	skeletal tissue	bone	skeletal tissue	0.7533303499221802	673	2.828015064223977	0.05333981	0.014212759	0.085151926	0.75333035	0.09396515
ERR1777555	PRJEB18722	V2_T	4	skeletal tissue	tooth	skeletal tissue	0.35928377509117126	5870	3.7686381012476144	0.12793936	0.16643932	0.13366583	0.35928378	0.21267173
ERR1777556	PRJEB18722	V3_P	4	skeletal tissue	bone	skeletal tissue	0.7657172679901123	670	2.8260748027008264	0.05043714	0.0126156835	0.08183409	0.76571727	0.089395866
ERR1777557	PRJEB18722	V3_T	4	skeletal tissue	tooth	skeletal tissue	0.7168248295783997	724	2.859738566197147	0.059834488	0.018094491	0.08482517	0.7168248	0.120421015
ERR1777558	PRJEB18722	V4_P	4	skeletal tissue	bone	skeletal tissue	0.7618532180786133	671	2.826722520168992	0.05144518	0.01313365	0.082851335	0.7618532	0.09071659
ERR1777559	PRJEB18722	V4_T	4	skeletal tissue	tooth	soft tissue	0.22466501593589783	556	2.7450747915820575	0.16600831	0.22468078	0.1548957	0.22466502	0.22975025
ERR1777560	PRJEB18722	V5_P	4	skeletal tissue	bone	skeletal tissue	0.7635350227355957	664	2.8221680793680175	0.050973356	0.01288115	0.082408145	0.763535	0.090202406
ERR1777561	PRJEB18722	V5_T	4	skeletal tissue	tooth	skeletal tissue	0.5617287755012512	1261	3.1007150865730817	0.104113385	0.04494149	0.10049677	0.5617288	0.18871963
ERR1777562	PRJEB18722	V6_P	4	skeletal tissue	bone	skeletal tissue	0.7624252438545227	667	2.824125833916549	0.05125291	0.013047767	0.08274021	0.76242524	0.09053392
ERR1777563	PRJEB18722	V6_T	4	skeletal tissue	tooth	skeletal tissue	0.6669888496398926	1042	3.0178677189635055	0.07595824	0.029195124	0.10496658	0.66698885	0.12289115
ERR1777564	PRJEB18722	V7_P	4	skeletal tissue	bone	skeletal tissue	0.7689816951751709	676	2.829946695941636	0.049643755	0.012250183	0.08103945	0.7689817	0.08808489
ERR1777565	PRJEB18722	V7_T	4	skeletal tissue	tooth	skeletal tissue	0.7768732309341431	749	2.8744818176994666	0.047491845	0.01149937	0.07942639	0.77687323	0.08470905
ERR1777566	PRJEB18722	V8_P	4	skeletal tissue	bone	skeletal tissue	0.7552216649055481	667	2.824125833916549	0.053174574	0.01395537	0.08463122	0.75522166	0.093017176
ERR1777567	PRJEB18722	V8_T	4	skeletal tissue	tooth	skeletal tissue	0.5976730585098267	707	2.8494194137968996	0.0915779	0.045959316	0.11153152	0.59767306	0.15325817
ERR1777568	PRJEB18722	V9_P	4	skeletal tissue	bone	skeletal tissue	0.7690871953964233	677	2.8305886686851442	0.049815685	0.012252132	0.08092024	0.7690872	0.087924734
ERR1777569	PRJEB18722	V9_T	4	skeletal tissue	tooth	oral	0.08906083554029465	53352	4.7271507044105965	0.12331991	0.4378438	0.16401699	0.089060836	0.1857585
ERR3609652	PRJEB34875	BB01	4	oral	dental calculus	soft tissue	0.07063444703817368	2123	3.326949994165999	0.23591718	0.07063445	0.13865498	0.14578927	0.40900412
ERR3609653	PRJEB34875	BB05	4	oral	dental calculus	soft tissue	0.153304785490036	7491	3.87453979707101	0.18303832	0.15330479	0.13552313	0.24084516	0.2872886
ERR3609654	PRJEB34875	BB06	4	oral	dental calculus	oral	0.48523473739624023	11159	4.047625277581783	0.11044276	0.48523474	0.15223175	0.076154724	0.17593601
ERR3609655	PRJEB34875	BB08	4	oral	dental calculus	soft tissue	0.1460435688495636	2905	3.4631461367263494	0.21915579	0.14604357	0.1580678	0.17992881	0.296804
ERR3609656	PRJEB34875	BB09	4	oral	dental calculus	soft tissue	0.14154675602912903	3662	3.5637183399656776	0.24248007	0.14154676	0.15751503	0.17369638	0.28476173
ERR3609657	PRJEB34875	BB05	4	oral	dental calculus	soft tissue	0.2305985391139984	7931	3.8993279498776543	0.16141902	0.23059854	0.14147171	0.20733169	0.25917906
ERR3609658	PRJEB34875	BB06	4	oral	dental calculus	oral	0.4839194416999817	12304	4.090046322457356	0.11068809	0.48391944	0.15281026	0.076192245	0.17638998
ERR3609659	PRJEB34875	BB11	4	oral	dental calculus	oral	0.4787021577358246	9521	3.9786825651569444	0.11335771	0.47870216	0.15059784	0.07648672	0.18085556
ERR3609660	PRJEB34875	ANSP11833	4	oral	dental calculus	oral	0.48980608582496643	80099	4.903627094146748	0.102440596	0.4898061	0.16003314	0.06944771	0.17827241
ERR3609661	PRJEB34875	ANSP3271	4	oral	dental calculus	oral	0.5040414929389954	97284	4.988041419064901	0.09842323	0.5040415	0.1580207	0.064189985	0.17532459
ERR4596443	PRJEB40382	ZA_11C	4	oral	dental calculus	oral	0.4727602005004883	76354	4.882831793618027	0.10760021	0.4727602	0.16279858	0.07237687	0.18446416
ERR4596813	PRJEB40382	ZA_12C	4	oral	dental calculus	oral	0.44185224175453186	48110	4.682235356902564	0.12412163	0.44185224	0.16021831	0.08768177	0.18612608
ERR4596815	PRJEB40382	ZA_1C	4	oral	dental calculus	oral	0.47105664014816284	37287	4.571557442737618	0.106920384	0.47105664	0.1639723	0.07461454	0.1834361
ERR4596816	PRJEB40382	ZA_20C	4	oral	dental calculus	oral	0.49623218178749084	61924	4.791859001967789	0.10137482	0.49623218	0.15811187	0.067897424	0.17638373
ERR4596817	PRJEB40382	ZA_22C	4	oral	dental calculus	oral	0.4772025942802429	71800	4.8561244442423	0.10672681	0.4772026	0.16280659	0.07284856	0.18041542
ERR4596818	PRJEB40382	ZA_29C	4	oral	dental calculus	oral	0.49026942253112793	65066	4.813354108849671	0.10132406	0.49026942	0.16189855	0.066405356	0.18010262
ERR4596819	PRJEB40382	ZA_3C	4	oral	dental calculus	oral	0.43074244260787964	33745	4.528209432477408	0.12869576	0.43074244	0.16107039	0.093483746	0.18600768
ERR4596820	PRJEB40382	ZA_4C	4	oral	dental calculus	oral	0.5150233507156372	63780	4.80468451490694	0.093686	0.51502335	0.15794611	0.061288517	0.17205599
ERR4596822	PRJEB40382	ZA_5C	4	oral	dental calculus	oral	0.5026928186416626	37016	4.56838948649184	0.09677394	0.5026928	0.1599836	0.06143097	0.17911866
ERR4596823	PRJEB40382	ZA_6C	4	oral	dental calculus	oral	0.49103111028671265	53455	4.7279883338825	0.10234654	0.4910311	0.16014415	0.06687108	0.17960712
ERR4596824	PRJEB40382	ZA_7C	4	oral	dental calculus	oral	0.47464698553085327	75950	4.880527778198805	0.106117785	0.474647	0.16476052	0.07007997	0.18439473
ERR4596825	PRJEB40382	ZA_8C	4	oral	dental calculus	oral	0.445047527551651	19883	4.298481912513483	0.12350199	0.44504753	0.16106859	0.08688314	0.18349878
ERR4596826	PRJEB40382	ZA_9C	4	oral	dental calculus	oral	0.46878594160079956	76632	4.884410160251051	0.10819028	0.46878594	0.1627907	0.07389723	0.1863358
ERR4596828	PRJEB40382	ZA_C22	4	oral	dental calculus	oral	0.515201210975647	58198	4.764908060184453	0.09280231	0.5152012	0.15822902	0.059239022	0.17452839
ERR5670952	PRJEB43389	2081	4	oral	dental calculus	oral	0.502421498298645	105139	5.021763842032347	0.09341854	0.5024215	0.16276416	0.0589907	0.18240514
ERR5670953	PRJEB43389	2082	4	oral	dental calculus	oral	0.5086995363235474	108694	5.03620557132815	0.093468785	0.50869954	0.16104725	0.057775132	0.1790093
ERR5670954	PRJEB43389	2083	4	oral	dental calculus	oral	0.5099326372146606	107248	5.030389202049651	0.09298762	0.50993264	0.16105047	0.05739841	0.1786309
ERR5670955	PRJEB43389	2084	4	oral	dental calculus	oral	0.5070561170578003	103438	5.014680114759413	0.09431292	0.5070561	0.16162899	0.05731495	0.17968705
ERR5670956	PRJEB43389	2086	4	oral	dental calculus	oral	0.5013909339904785	105196	5.021999226405604	0.09602945	0.50139093	0.16248117	0.060010385	0.18008806
ERR5670957	PRJEB43389	2087	4	oral	dental calculus	oral	0.5088641047477722	100146	5.000633607522555	0.0961052	0.5088641	0.1588867	0.062141426	0.17400256
ERR5670958	PRJEB43389	2089	4	oral	dental calculus	oral	0.4911111891269684	103365	5.01437350897037	0.098647155	0.4911112	0.1634448	0.063590445	0.18320644
ERR5670959	PRJEB43389	2090	4	oral	dental calculus	oral	0.5085636377334595	100562	5.002433902111537	0.092587575	0.50856364	0.16208217	0.05683391	0.17993267
ERR5670960	PRJEB43389	2091	4	oral	dental calculus	oral	0.4888204038143158	89313	4.950914677447942	0.10087212	0.4888204	0.16220252	0.06661263	0.1814923
ERR5670961	PRJEB43389	2092	4	oral	dental calculus	oral	0.49132853746414185	103706	5.015803883597435	0.10104899	0.49132854	0.16153184	0.0648379	0.18125272
ERR5670962	PRJEB43389	2093	4	oral	dental calculus	oral	0.5101525187492371	98418	4.993074535278541	0.09426386	0.5101525	0.1586717	0.06034882	0.17656311
ERR5670963	PRJEB43389	2094	4	oral	dental calculus	oral	0.5072321891784668	106971	5.02926605575044	0.093069345	0.5072322	0.16153923	0.058152746	0.18000641
ERR5670964	PRJEB43389	2095	4	oral	dental calculus	oral	0.48915529251098633	106966	5.029245755639567	0.10112194	0.4891553	0.16283782	0.0652022	0.18168277
ERR5670965	PRJEB43389	2096	4	oral	dental calculus	oral	0.5117084383964539	108251	5.034431916965135	0.09248577	0.51170844	0.16052529	0.05647446	0.17880602
ERR5670966	PRJEB43389	2097	4	oral	dental calculus	oral	0.5112568736076355	108147	5.034014476604361	0.093702085	0.5112569	0.15975559	0.057302386	0.17798308
ERR5670967	PRJEB43389	2099	4	oral	dental calculus	oral	0.5031272172927856	104527	5.019228486011058	0.09455703	0.5031272	0.16199072	0.059660167	0.18066487
ERR5670968	PRJEB43389	2100	4	oral	dental calculus	oral	0.42450445890426636	50963	4.70725498536138	0.1319937	0.42450446	0.16105375	0.09676169	0.18568638
ERR5670969	PRJEB43389	2102	4	oral	dental calculus	oral	0.45789575576782227	88405	4.94647682848594	0.11516167	0.45789576	0.16170597	0.07819076	0.18704583
ERR5670970	PRJEB43389	2103	4	oral	dental calculus	oral	0.4573809504508972	97793	4.990307769202999	0.11491454	0.45738095	0.16240141	0.078929916	0.18637314
ERR5670971	PRJEB43389	2104	4	oral	dental calculus	oral	0.4735491871833801	94161	4.97387106211422	0.10807623	0.4735492	0.16141123	0.07087765	0.18608572
ERR5766165	PRJEB44507	2604	4	gut	palaeofaeces	gut	0.480962336063385	289	2.4608978427565478	0.48096234	0.019852024	0.09698011	0.1964771	0.20572849
ERR5766166	PRJEB44507	2604	4	gut	palaeofaeces	gut	0.8934577107429504	2383	3.377124042346456	0.8934577	0.0024269314	0.040657233	0.017662369	0.045795783
ERR5766167	PRJEB44507	2604	4	gut	palaeofaeces	gut	0.8960553407669067	3146	3.497758718287268	0.89605534	0.0024640434	0.039559342	0.017538216	0.044383086
ERR5766168	PRJEB44507	2610	4	gut	palaeofaeces	gut	0.7644048929214478	381	2.5809249756756194	0.7644049	0.013757952	0.07829225	0.045965504	0.097579405
ERR5766169	PRJEB44507	2610	4	gut	palaeofaeces	gut	0.9647852778434753	2134	3.329194415088451	0.9647853	0.00023893593	0.015066547	0.004383003	0.015526241
ERR5766170	PRJEB44507	2610	4	gut	palaeofaeces	gut	0.7939847707748413	484	2.6848453616444123	0.7939848	0.010397857	0.07081069	0.039018415	0.085788265
ERR5766171	PRJEB44507	2611	4	gut	palaeofaeces	gut	0.7743688225746155	505	2.7032913781186614	0.7743688	0.012265097	0.07615514	0.043407045	0.0938039
ERR5766172	PRJEB44507	2611	4	gut	palaeofaeces	gut	0.9647161364555359	4158	3.6188844849954505	0.96471614	0.00024278331	0.014490294	0.004207273	0.016343493
ERR5766173	PRJEB44507	2611	4	gut	palaeofaeces	gut	0.9610965847969055	4093	3.6120417446452695	0.9610966	0.00030472566	0.015803125	0.0048434897	0.017952142
ERR5766174	PRJEB44507	2611	4	gut	palaeofaeces	gut	0.7129835486412048	335	2.525044807036845	0.71298355	0.019602755	0.08818443	0.059978634	0.11925068
ERR5766175	PRJEB44507	2611	4	gut	palaeofaeces	gut	0.7193776965141296	375	2.574031267727719	0.7193777	0.018487094	0.08662284	0.056793712	0.11871864
ERR5766176	PRJEB44507	2612	4	gut	palaeofaeces	gut	0.7850300073623657	724	2.859738566197147	0.78503	0.011025792	0.07359171	0.040852033	0.08950043
ERR5766177	PRJEB44507	2612	4	gut	palaeofaeces	gut	0.8698428869247437	4221	3.625415352154408	0.8698429	0.0038821748	0.04972704	0.03097183	0.045576073
ERR5766178	PRJEB44507	2612	4	gut	palaeofaeces	gut	0.8829070925712585	4290	3.6324572921847245	0.8829071	0.0031715664	0.04531212	0.025136346	0.043472864
ERR5766179	PRJEB44507	2612	4	gut	palaeofaeces	gut	0.7883937954902649	800	2.9030899869919438	0.7883938	0.0105545875	0.0728087	0.03975133	0.08849163
ERR5766180	PRJEB44507	2612	4	gut	palaeofaeces	gut	0.744662880897522	422	2.625312450961674	0.7446629	0.015600202	0.08159448	0.051170934	0.10697155
ERR5766181	PRJEB44507	2612	4	gut	palaeofaeces	gut	0.7306475639343262	478	2.6794278966121188	0.73064756	0.017551824	0.08517723	0.05457134	0.11205208
ERR5766182	PRJEB44507	2612	4	gut	palaeofaeces	gut	0.8983556032180786	3420	3.534026106056135	0.8983556	0.0024661724	0.039210707	0.01893542	0.041032143
ERR5766183	PRJEB44507	2612	4	gut	palaeofaeces	gut	0.8897371292114258	3012	3.478854967528663	0.8897371	0.002880536	0.042007305	0.019982547	0.045392524
ERR6178850	PRJEB46022	CDM041.G	4	oral	dental calculus	oral	0.48221325874328613	91089	4.9594659342974605	0.10286187	0.48221326	0.16287023	0.06810959	0.18394503
ERR6178851	PRJEB46022	CDM041.G	4	oral	dental calculus	oral	0.4379081726074219	67230	4.827563111254723	0.123886324	0.43790817	0.16287322	0.08890494	0.18642724
ERR6178852	PRJEB46022	CDM041.K	4	oral	dental calculus	oral	0.44189101457595825	83969	4.924118981135474	0.12260679	0.441891	0.16186509	0.088037826	0.1855993
ERR6178853	PRJEB46022	CDM041.K	4	oral	dental calculus	oral	0.40774664282798767	48435	4.685159304072843	0.14009342	0.40774664	0.15931721	0.10646937	0.18637338
ERR6178854	PRJEB46022	CDM041.U	4	oral	dental calculus	oral	0.460512638092041	82391	4.915879774029513	0.11178108	0.46051264	0.16416438	0.07943411	0.18410777
ERR6178855	PRJEB46022	CDM041.V	4	oral	dental calculus	oral	0.46674689650535583	85555	4.932245395629963	0.11290302	0.4667469	0.16085637	0.0741034	0.18539032
ERR6178856	PRJEB46022	CDM041.Y	4	oral	dental calculus	oral	0.46227073669433594	96089	4.982673673696298	0.11132252	0.46227074	0.16491552	0.07505654	0.18643469
ERR6178857	PRJEB46022	CDM041.Y	4	oral	dental calculus	oral	0.4139099717140198	73186	4.8644280113281555	0.13604644	0.41390997	0.160859	0.102619864	0.18656471
ERR6178858	PRJEB46022	CDM042.C	4	oral	dental calculus	oral	0.5023160576820374	102378	5.010206641160233	0.09611186	0.50231606	0.1612068	0.06143239	0.17893296
ERR6178859	PRJEB46022	CDM042.C	4	oral	dental calculus	oral	0.42669206857681274	65061	4.813320734186294	0.13012029	0.42669207	0.16082208	0.095714726	0.18665087
ERR6178860	PRJEB46022	CDM042.E	4	oral	dental calculus	oral	0.4218748211860657	19795	4.2965555060882235	0.1323198	0.42187482	0.16165867	0.09836554	0.18578123
ERR6178861	PRJEB46022	CDM042.E	4	oral	dental calculus	oral	0.42533940076828003	28791	4.459256749523432	0.12972555	0.4253394	0.16147652	0.09730004	0.18615851
ERR6178862	PRJEB46022	CDM042.G	4	oral	dental calculus	oral	0.5122458338737488	78593	4.895383866691405	0.09661935	0.51224583	0.1542765	0.061665427	0.17519286
ERR6178863	PRJEB46022	CDM042.G	4	oral	dental calculus	oral	0.41243329644203186	41541	4.618476946923552	0.13547657	0.4124333	0.16125078	0.10286466	0.18797477
ERR6178864	PRJEB46022	CDM042.H	4	oral	dental calculus	oral	0.4648098349571228	25386	4.404594275714938	0.10771189	0.46480983	0.16277316	0.07856464	0.18614045
ERR6178865	PRJEB46022	CDM042.H	4	oral	dental calculus	oral	0.4516626298427582	17141	4.234036154915847	0.11278256	0.45166263	0.16385385	0.08353205	0.18816888
ERR6178866	PRJEB46022	CDM042.M	4	oral	dental calculus	oral	0.496212899684906	100474	5.0020536924292065	0.098542176	0.4962129	0.16213056	0.06203401	0.18108031
ERR6178867	PRJEB46022	CDM042.P	4	oral	dental calculus	oral	0.5036625862121582	105362	5.022684005886148	0.09428866	0.5036626	0.16227818	0.059009783	0.18076079
ERR6178868	PRJEB46022	CDM042.Q	4	oral	dental calculus	oral	0.4647863507270813	40246	4.604722722859099	0.10927911	0.46478635	0.1611872	0.07910249	0.18564487
ERR6178869	PRJEB46022	CDM042.Q	4	oral	dental calculus	oral	0.4521687924861908	27273	4.435732912484542	0.114390254	0.4521688	0.1627187	0.08421985	0.18650238
ERR6178870	PRJEB46022	CDM042.U	4	oral	dental calculus	oral	0.47212928533554077	91004	4.959060481768884	0.109072104	0.4721293	0.15972233	0.07359141	0.18548492
ERR6178871	PRJEB46022	CDM042.U	4	oral	dental calculus	oral	0.4357217848300934	57090	4.756560043006683	0.12660876	0.43572178	0.16008696	0.09030938	0.18727313
ERR6178872	PRJEB46022	CDM042.W	4	oral	dental calculus	oral	0.47966641187667847	38796	4.5887869506591805	0.10314558	0.4796664	0.16001451	0.072519176	0.18465433
ERR6178873	PRJEB46022	CDM042.W	4	oral	dental calculus	oral	0.4483875632286072	14196	4.152165990675555	0.115653396	0.44838756	0.16324319	0.084865555	0.18785027
ERR6178874	PRJEB46022	CDM043.L	4	oral	dental calculus	oral	0.49430665373802185	102366	5.010155733355473	0.09778779	0.49430665	0.16339663	0.06279193	0.18171701
ERR6178875	PRJEB46022	CDM043.P	4	oral	dental calculus	oral	0.4675544798374176	90704	4.957626439646895	0.11061394	0.46755448	0.16263102	0.07394212	0.18525842
ERR6178876	PRJEB46022	CDM043.T	4	oral	dental calculus	oral	0.4702438712120056	97180	4.987576894726987	0.10888562	0.47024387	0.1629949	0.07240858	0.18546703
ERR6178877	PRJEB46022	CDM043.U	4	oral	dental calculus	oral	0.4820169508457184	84881	4.928810487433384	0.10568639	0.48201695	0.16053876	0.069991365	0.18176651
ERR6178878	PRJEB46022	CDM043.X	4	oral	dental calculus	oral	0.44492778182029724	85154	4.9302050532043875	0.12128077	0.44492778	0.16133854	0.086179145	0.18627372
ERR6178879	PRJEB46022	CDM043.X	4	oral	dental calculus	oral	0.45432233810424805	86061	4.934806388132299	0.116870925	0.45432234	0.1614056	0.08117681	0.18622433
ERR6178880	PRJEB46022	CDM043.Y	4	oral	dental calculus	oral	0.45474758744239807	81061	4.908811957064237	0.11776017	0.4547476	0.16063185	0.08088643	0.18597403
ERR6178881	PRJEB46022	CDM043.Y	4	oral	dental calculus	oral	0.41113248467445374	53248	4.726303300274611	0.13927123	0.41113248	0.1586046	0.10504866	0.18594301
ERR6178882	PRJEB46022	CDM045.F	4	oral	dental calculus	oral	0.476233571767807	98854	4.994994247173017	0.10577874	0.47623357	0.16380297	0.070395336	0.18378934
ERR6178883	PRJEB46022	CDM045.F	4	oral	dental calculus	oral	0.4468202590942383	86704	4.938039133668315	0.11927213	0.44682026	0.16308922	0.08489232	0.18592611
ERR6178884	PRJEB46022	CDM045.G	4	oral	dental calculus	oral	0.4650798439979553	18540	4.2681097298084785	0.107650064	0.46507984	0.16282606	0.07717601	0.18726797
ERR6178885	PRJEB46022	CDM045.G	4	oral	dental calculus	oral	0.4532663822174072	14298	4.155275292730099	0.11314341	0.45326638	0.16323212	0.082237214	0.18812081
ERR6178886	PRJEB46022	CDM045.H	4	oral	dental calculus	oral	0.4618682265281677	47147	4.673454063459422	0.11352613	0.46186823	0.1612656	0.07876353	0.18457651
ERR6178887	PRJEB46022	CDM045.H	4	oral	dental calculus	oral	0.4376940131187439	18376	4.26425098218697	0.12741163	0.437694	0.16006842	0.09231194	0.18251401
ERR6178888	PRJEB46022	CDM045.I	4	oral	dental calculus	oral	0.4671781659126282	38680	4.587486465410964	0.109305285	0.46717817	0.16207218	0.076512866	0.18493155
ERR6178889	PRJEB46022	CDM045.I	4	oral	dental calculus	oral	0.4276035726070404	19199	4.283278608610214	0.12818278	0.42760357	0.16235316	0.09637832	0.18548219
ERR6178890	PRJEB46022	CDM045.L	4	oral	dental calculus	oral	0.5034184455871582	86312	4.936071180089312	0.09795584	0.50341845	0.15816692	0.06147275	0.178986
ERR6178891	PRJEB46022	CDM045.M	4	oral	dental calculus	oral	0.5128463506698608	96209	4.983215700598223	0.09595998	0.51284635	0.15754518	0.060569413	0.1730791
ERR6178892	PRJEB46022	CDM045.Q	4	oral	dental calculus	oral	0.4916172921657562	99657	4.998507809354645	0.09857921	0.4916173	0.16389453	0.06445983	0.18144919
ERR6178893	PRJEB46022	CDM045.Q	4	oral	dental calculus	oral	0.4367261826992035	69509	4.842041040522213	0.12460379	0.43672618	0.16311774	0.09079436	0.1847579
ERR6178894	PRJEB46022	CDM045.R	4	oral	dental calculus	oral	0.5042406320571899	100019	5.000082508113539	0.09621839	0.50424063	0.15916374	0.061826456	0.17855074
ERR6178895	PRJEB46022	CDM045.S	4	oral	dental calculus	oral	0.48872047662734985	91556	4.961686810478314	0.09964652	0.48872048	0.16338423	0.06491287	0.18333593
ERR6178897	PRJEB46022	CDM046.A	4	oral	dental calculus	oral	0.4491855502128601	89111	4.949931317330185	0.11808966	0.44918555	0.16245766	0.082837336	0.18742979
ERR6178898	PRJEB46022	CDM046.A	4	oral	dental calculus	oral	0.4186273515224457	70046	4.845383339799842	0.13391384	0.41862735	0.16023035	0.1007012	0.18652722
ERR6178899	PRJEB46022	CDM046.B	4	oral	dental calculus	oral	0.45794835686683655	92611	4.966662573675218	0.11391785	0.45794836	0.16318676	0.07864849	0.18629852
ERR6178900	PRJEB46022	CDM046.B	4	oral	dental calculus	oral	0.4356158375740051	79888	4.902481548711035	0.124986924	0.43561584	0.1618377	0.0908322	0.18672734
ERR6178901	PRJEB46022	CDM046.F	4	oral	dental calculus	oral	0.47141990065574646	93571	4.971141270837939	0.10755173	0.4714199	0.16381487	0.071057156	0.18615635
ERR6178902	PRJEB46022	CDM046.F	4	oral	dental calculus	oral	0.4538317620754242	81249	4.909818024455165	0.11576004	0.45383176	0.1630592	0.079771325	0.18757764
ERR6178903	PRJEB46022	CDM046.G	4	oral	dental calculus	oral	0.4759778380393982	95562	4.980285230444463	0.10707027	0.47597784	0.16243936	0.07120146	0.18331107
ERR6178904	PRJEB46022	CDM046.G	4	oral	dental calculus	oral	0.397058367729187	60049	4.7785057794641865	0.14331079	0.39705837	0.16031373	0.11149051	0.1878266
ERR6178905	PRJEB46022	CDM046.H	4	oral	dental calculus	oral	0.46816307306289673	93436	4.970514237997012	0.1093535	0.46816307	0.16351785	0.07328624	0.18567938
ERR6178906	PRJEB46022	CDM046.H	4	oral	dental calculus	oral	0.4609304368495941	89512	4.951881260840353	0.11250806	0.46093044	0.16347924	0.07681983	0.18626241
ERR6178907	PRJEB46022	CDM046.N	4	oral	dental calculus	oral	0.48221349716186523	101272	5.005489386856926	0.1025279	0.4822135	0.16336583	0.0674003	0.18449242
ERR6178908	PRJEB46022	CDM046.N	4	oral	dental calculus	oral	0.428061306476593	66454	4.822521127124416	0.12975256	0.4280613	0.16230115	0.0947055	0.1851795
ERR6178909	PRJEB46022	CDM046.Q	4	oral	dental calculus	oral	0.4986438751220703	102639	5.011312412106179	0.09729972	0.49864388	0.16227663	0.060890287	0.18088952
ERR6178910	PRJEB46022	CDM046.V	4	oral	dental calculus	oral	0.4919343590736389	96301	4.983630796908823	0.098001346	0.49193436	0.1626685	0.06405054	0.18334529
ERR6178911	PRJEB46022	CDM046.V	4	oral	dental calculus	oral	0.446244478225708	71798	4.8561123467344816	0.118863225	0.44624448	0.16410692	0.083806716	0.18697861
ERR6178912	PRJEB46022	CDM046.Y	4	oral	dental calculus	oral	0.418799489736557	42877	4.632224391213061	0.12834845	0.4187995	0.16302551	0.10240513	0.18742143
ERR6178913	PRJEB46022	CDM046.Y	4	oral	dental calculus	oral	0.4570445418357849	51854	4.71478226334653	0.11150348	0.45704454	0.16152862	0.084365785	0.18555757
ERR6178914	PRJEB46022	CDM047.B	4	oral	dental calculus	oral	0.4998714327812195	102789	5.011946640973354	0.095377244	0.49987143	0.16271117	0.06020986	0.18183026
ERR6178915	PRJEB46022	CDM047.B	4	oral	dental calculus	oral	0.43644165992736816	69588	4.84253435479584	0.12408252	0.43644166	0.16287346	0.09074184	0.18586054
ERR6178916	PRJEB46022	CDM047.E	4	oral	dental calculus	oral	0.4944799840450287	97706	4.989921234004151	0.09753123	0.49447998	0.1632133	0.06339493	0.1813806
ERR6178917	PRJEB46022	CDM047.E	4	oral	dental calculus	oral	0.44707345962524414	73142	4.864166831543293	0.118301675	0.44707346	0.16357206	0.0853378	0.18571499
ERR6178918	PRJEB46022	CDM047.H	4	oral	dental calculus	oral	0.4674866199493408	48331	4.684225781068716	0.10983789	0.46748662	0.15904602	0.07715511	0.18647435
ERR6178919	PRJEB46022	CDM047.H	4	oral	dental calculus	oral	0.4639061391353607	37806	4.577560729998771	0.110570036	0.46390614	0.16042264	0.07888166	0.18621951
ERR6178920	PRJEB46022	CDM047.S	4	oral	dental calculus	oral	0.48656052350997925	94268	4.974364293140851	0.09902276	0.48656052	0.16446023	0.064645305	0.18531117
ERR6178921	PRJEB46022	CDM047.V	4	oral	dental calculus	oral	0.4933205246925354	94343	4.974709682199384	0.09785921	0.49332052	0.1637336	0.06380031	0.1812864
ERR6178923	PRJEB46022	CDM048.A	4	oral	dental calculus	oral	0.4430566430091858	60628	4.782673241939565	0.1254743	0.44305664	0.15827067	0.087783396	0.18541498
ERR6178924	PRJEB46022	CDM048.A	4	oral	dental calculus	oral	0.43012842535972595	21292	4.328216457500718	0.13120052	0.43012843	0.15751007	0.09605034	0.18511067
ERR6178925	PRJEB46022	CDM048.D	4	oral	dental calculus	oral	0.4461490213871002	63943	4.805793008114613	0.12398122	0.44614902	0.15887351	0.08500395	0.18599232
ERR6178926	PRJEB46022	CDM048.E	4	oral	dental calculus	oral	0.4420316219329834	56147	4.749326556354335	0.12403333	0.44203162	0.1592557	0.088227466	0.18645188
ERR6178927	PRJEB46022	CDM048.F	4	oral	dental calculus	oral	0.4555073380470276	22789	4.357725268400632	0.12055017	0.45550734	0.15925774	0.08344217	0.18124257
ERR6178928	PRJEB46022	CDM048.I	4	oral	dental calculus	oral	0.45284610986709595	80850	4.90768002424242	0.11684722	0.4528461	0.1617538	0.08119732	0.18735561
ERR6178929	PRJEB46022	CDM048.K	4	oral	dental calculus	oral	0.4800187051296234	92059	4.964066253016779	0.106042005	0.4800187	0.15931346	0.07156192	0.18306391
ERR6178930	PRJEB46022	CDM048.N	4	oral	dental calculus	oral	0.4801842272281647	92186	4.964664971114281	0.1027842	0.48018423	0.16387837	0.069509484	0.18364371
ERR6178931	PRJEB46022	CDM048.O	4	oral	dental calculus	oral	0.4743596613407135	86937	4.939204649589287	0.10784616	0.47435966	0.1624043	0.07166353	0.18372634
ERR6178932	PRJEB46022	CDM048.P	4	oral	dental calculus	oral	0.46239838004112244	42698	4.630407532886708	0.11199067	0.46239838	0.16045694	0.07921505	0.18593892
ERR6178933	PRJEB46022	CDM048.Q	4	oral	dental calculus	oral	0.48842161893844604	97344	4.988309188036886	0.099850394	0.48842162	0.16393754	0.06404601	0.18374448
ERR6178934	PRJEB46022	CDM048.S	4	oral	dental calculus	oral	0.44617217779159546	86249	4.93575406841778	0.12033	0.44617218	0.16225484	0.08432424	0.1869187
ERR6178935	PRJEB46022	CDM048.S	4	oral	dental calculus	oral	0.4112183451652527	58752	4.76902265518513	0.13832302	0.41121835	0.1592789	0.10476957	0.18641014
ERR6178936	PRJEB46022	CDM048.V	4	oral	dental calculus	oral	0.4641219675540924	39683	4.598604497005227	0.11335413	0.46412197	0.15957618	0.07839955	0.1845481
ERR6178937	PRJEB46022	CDM048.V	4	oral	dental calculus	oral	0.46159690618515015	12651	4.102124855734526	0.11931113	0.4615969	0.1573119	0.08142879	0.18035121
ERR6178938	PRJEB46022	CDM048.W	4	oral	dental calculus	oral	0.48193544149398804	98457	4.993246598618384	0.10268395	0.48193544	0.16384676	0.06795487	0.18357898
ERR6178939	PRJEB46022	CDM048.W	4	oral	dental calculus	oral	0.41762775182724	57994	4.763383064223596	0.13411897	0.41762775	0.16170627	0.10040154	0.18614548
ERR6178940	PRJEB46022	CDM048.Z	4	oral	dental calculus	oral	0.4593910276889801	45925	4.662049164977846	0.1182137	0.45939103	0.15708295	0.08156598	0.18374637
ERR6178941	PRJEB46022	CDM049.A	4	oral	dental calculus	oral	0.45102405548095703	86829	4.938664799329914	0.11725743	0.45102406	0.16330472	0.082176104	0.18623766
ERR6178942	PRJEB46022	CDM049.A	4	oral	dental calculus	oral	0.4324952960014343	68546	4.835982116622058	0.12693745	0.4324953	0.16046977	0.09256389	0.18753362
ERR6178943	PRJEB46022	CDM049.D	4	oral	dental calculus	oral	0.45833921432495117	70360	4.847325830785423	0.11635117	0.4583392	0.15866593	0.0811342	0.18550952
ERR6178944	PRJEB46022	CDM049.D	4	oral	dental calculus	oral	0.43488651514053345	50681	4.704845175473387	0.12759863	0.43488652	0.1582438	0.09415155	0.18511948
ERR6178945	PRJEB46022	CDM049.E	4	oral	dental calculus	oral	0.44207969307899475	55670	4.745621221306938	0.12400714	0.4420797	0.15971607	0.08541854	0.18877855
ERR6178946	PRJEB46022	CDM049.F	4	oral	dental calculus	oral	0.4575708508491516	33855	4.5296228181334435	0.11032598	0.45757085	0.16329306	0.08299019	0.18581992
ERR6178947	PRJEB46022	CDM049.F	4	oral	dental calculus	oral	0.4147726595401764	16246	4.210746448898326	0.13275298	0.41477266	0.16359712	0.101969145	0.1869081
ERR6178948	PRJEB46022	CDM049.I	4	oral	dental calculus	oral	0.5118312835693359	83600	4.922206277439017	0.09787287	0.5118313	0.15169956	0.066401765	0.17219451
ERR6178949	PRJEB46022	CDM049.K	4	oral	dental calculus	oral	0.48274317383766174	95928	4.9819453899717105	0.10307759	0.48274317	0.16262873	0.067680754	0.18386975
ERR6178950	PRJEB46022	CDM049.K	4	oral	dental calculus	oral	0.452686071395874	83168	4.919956257820918	0.1154771	0.45268607	0.16353294	0.08187925	0.18642464
ERR6178951	PRJEB46022	CDM049.M	4	oral	dental calculus	oral	0.4391551911830902	57257	4.7578285892745145	0.12522708	0.4391552	0.15911199	0.08866364	0.18784206
ERR6178952	PRJEB46022	CDM049.M	4	oral	dental calculus	oral	0.42075347900390625	45378	4.656845350779752	0.13449629	0.42075348	0.15880635	0.09925912	0.18668479
ERR6178953	PRJEB46022	CDM049.P	4	oral	dental calculus	oral	0.4568970203399658	70131	4.845910031560775	0.11636172	0.45689702	0.15843852	0.08389649	0.18440622
ERR6178954	PRJEB46022	CDM049.P	4	oral	dental calculus	oral	0.41951650381088257	38540	4.585911710319434	0.13255772	0.4195165	0.16062519	0.09978406	0.18751651
ERR6178955	PRJEB46022	CDM049.S	4	oral	dental calculus	oral	0.49318447709083557	100376	5.001629884984805	0.09832315	0.49318448	0.16450307	0.061555482	0.18243383
ERR6178956	PRJEB46022	CDM049.W	4	oral	dental calculus	oral	0.43045735359191895	74470	4.87198135384337	0.1305102	0.43045735	0.15943494	0.093910635	0.18568681
ERR6178957	PRJEB46022	CDM049.W	4	oral	dental calculus	oral	0.42652687430381775	30213	4.480193850687337	0.13268416	0.42652687	0.15820166	0.09727063	0.18531671
ERR6178958	PRJEB46022	CDM050.L	4	oral	dental calculus	oral	0.4938415586948395	98268	4.9924121171611855	0.09639399	0.49384156	0.16458862	0.061705966	0.18346989
ERR6178959	PRJEB46022	CDM050.V	4	oral	dental calculus	oral	0.507001519203186	104512	5.019166158720555	0.092798	0.5070015	0.16194387	0.057566267	0.18069033
ERR6178960	PRJEB46022	CDM050.X	4	oral	dental calculus	oral	0.5002549290657043	105858	5.024723684505344	0.096325584	0.5002549	0.16262051	0.05992207	0.18087697
ERR6178961	PRJEB46022	CDM050.Z	4	oral	dental calculus	oral	0.5010665059089661	99737	4.998856300888156	0.095375255	0.5010665	0.16236386	0.059980314	0.181214
ERR6178962	PRJEB46022	CDM050.Z	4	oral	dental calculus	oral	0.48238271474838257	89116	4.949955684821194	0.10211209	0.4823827	0.16305439	0.06756941	0.18488136
ERR6178963	PRJEB46022	CDM051.A	4	oral	dental calculus	oral	0.4935517907142639	100412	5.0017856174141935	0.098735265	0.4935518	0.1631245	0.06284993	0.18173851
ERR6178964	PRJEB46022	CDM051.A	4	oral	dental calculus	oral	0.43368420004844666	70395	4.847541813268176	0.12595212	0.4336842	0.1616996	0.09203308	0.18663105
ERR6178965	PRJEB46022	CDM051.D	4	oral	dental calculus	oral	0.4914511740207672	97056	4.987022388630569	0.10072217	0.49145117	0.1619676	0.06403096	0.18182816
ERR6178966	PRJEB46022	CDM051.G	4	oral	dental calculus	oral	0.5035377740859985	102598	5.01113889491391	0.09475702	0.5035378	0.16219677	0.05912463	0.18038385
ERR6178967	PRJEB46022	CDM051.I	4	oral	dental calculus	oral	0.4946835935115814	94827	4.976932011193484	0.09628224	0.4946836	0.16413917	0.0618243	0.1830707
ERR6178968	PRJEB46022	CDM051.M	4	oral	dental calculus	oral	0.4904947280883789	96627	4.985098496111113	0.10071154	0.49049473	0.16262932	0.06433854	0.18182588
ERR6178969	PRJEB46022	CDM051.M	4	oral	dental calculus	oral	0.47189393639564514	88781	4.948320032467181	0.10735905	0.47189394	0.16397677	0.0720923	0.18467793
ERR6178970	PRJEB46022	CDM051.R	4	oral	dental calculus	oral	0.49337583780288696	93188	4.969359991009367	0.09944655	0.49337584	0.16247937	0.0617358	0.18296243
ERR6178971	PRJEB46022	CDM051.R	4	oral	dental calculus	oral	0.4392514228820801	62654	4.79694880274395	0.124837	0.43925142	0.16100612	0.08845582	0.18644966
ERR6178972	PRJEB46022	CDM051.S	4	oral	dental calculus	oral	0.5018996000289917	93425	4.9704631065216756	0.09448971	0.5018996	0.16261701	0.0588923	0.18210134
ERR6178973	PRJEB46022	CDM051.S	4	oral	dental calculus	oral	0.46114641427993774	68319	4.834541500865077	0.111944735	0.4611464	0.16335802	0.07823177	0.1853191
ERR6178974	PRJEB46022	CDM051.U	4	oral	dental calculus	oral	0.5002578496932983	98047	4.991434309851043	0.095181346	0.50025785	0.16408232	0.0591244	0.18135408
ERR6178975	PRJEB46022	CDM051.V	4	oral	dental calculus	oral	0.4900028705596924	72508	4.860385926076935	0.101227	0.49000287	0.1580824	0.0698081	0.1808796
ERR6178976	PRJEB46022	CDM051.V	4	oral	dental calculus	oral	0.42549610137939453	46259	4.6651962402120315	0.12722754	0.4254961	0.16223884	0.09690529	0.18813227
ERR6178977	PRJEB46022	CDM051.Z	4	oral	dental calculus	oral	0.49900001287460327	97363	4.988393947138329	0.097071186	0.499	0.16191804	0.059635274	0.18237545
ERR6178978	PRJEB46022	CDM052.F	4	oral	dental calculus	oral	0.5013948678970337	95883	4.9817416138374515	0.094660774	0.50139487	0.1621996	0.05925321	0.18249156
ERR6178979	PRJEB46022	CDM052.F	4	oral	dental calculus	oral	0.46887463331222534	75757	4.879422768143545	0.107658304	0.46887463	0.1629538	0.0742159	0.18629742
ERR6178980	PRJEB46022	CDM052.I	4	oral	dental calculus	oral	0.46957826614379883	84353	4.926100532808689	0.10930644	0.46957827	0.16250277	0.07347814	0.18513438
ERR6178981	PRJEB46022	CDM052.I	4	oral	dental calculus	oral	0.4493730068206787	71443	4.853959682947823	0.11837612	0.449373	0.16282007	0.08326149	0.18616931
ERR6178982	PRJEB46022	CDM052.J	4	oral	dental calculus	oral	0.4874153137207031	93357	4.970146887334878	0.10207138	0.4874153	0.16198573	0.06498086	0.18354669
ERR6178983	PRJEB46022	CDM052.J	4	oral	dental calculus	oral	0.4282865524291992	55040	4.740678425227455	0.13060746	0.42828655	0.16013172	0.09481316	0.1861611
ERR6178984	PRJEB46022	CDM052.K	4	oral	dental calculus	oral	0.47197476029396057	98596	4.99385929614643	0.107152835	0.47197476	0.16411985	0.06972094	0.1870316
ERR6178985	PRJEB46022	CDM052.M	4	oral	dental calculus	oral	0.4572809338569641	61028	4.785529137559473	0.11413095	0.45728093	0.16151935	0.07996002	0.18710876
ERR6178986	PRJEB46022	CDM052.M	4	oral	dental calculus	oral	0.4271858334541321	34494	4.537743559029619	0.12648039	0.42718583	0.16251734	0.09704652	0.18676995
ERR6178987	PRJEB46022	CDM052.N	4	oral	dental calculus	oral	0.49994486570358276	102277	5.009777980768517	0.09507768	0.49994487	0.16308323	0.059990756	0.18190345
ERR6178988	PRJEB46022	CDM052.N	4	oral	dental calculus	oral	0.4782772958278656	86702	4.938029115687809	0.1031903	0.4782773	0.16465598	0.06956023	0.18431619
SRR16071515	PRJNA766251	SG55.56	4		marine sediment	gut		3238	3.510276844417355	0.421558	0.042893767	0.120993555	0.20009153	0.21446311
SRR16071516	PRJNA766251	SG41.42	4		marine sediment	gut		2877	3.458939861890326	0.2953051	0.101275995	0.13693093	0.1958246	0.27066335
SRR16071517	PRJNA766251	SG29.30	4		marine sediment	gut		1902	3.279210512601395	0.4036184	0.036106337	0.104077086	0.20345862	0.25273958
SRR16071520	PRJNA766251	SG19.20	4		marine sediment	gut		2169	3.336259552014193	0.3954055	0.052076764	0.11603226	0.16540335	0.2710821
SRR16071521	PRJNA766251	SG1.2	4		marine sediment	gut		2874	3.4584867637982066	0.4157176	0.051198862	0.1158023	0.16495776	0.25232345
SRR24222601	PRJNA957541	VIC1901	4		lake sediment	plant tissue		328	2.515873843711679	0.061965633	0.009979828	0.77905965	0.024128944	0.12486595
SRR24222602	PRJNA957541	VIC1901	4		lake sediment	plant tissue		362	2.558708570533166	0.08146062	0.015264993	0.69649225	0.03189743	0.1748847
SRR24222603	PRJNA957541	VIC1901	4		lake sediment	soft tissue		258	2.41161970596323	0.19999288	0.021176714	0.19238706	0.08570719	0.5007361
SRR24222604	PRJNA957541	VIC1901	4		lake sediment	plant tissue		386	2.586587304671755	0.032875165	0.0031700383	0.88655406	0.0103878025	0.067012995
SRR24222605	PRJNA957541	VIC1812	4		lake sediment	plant tissue		354	2.5490032620257876	0.05111902	0.0068525015	0.8033376	0.018085217	0.120605744
SRR24222606	PRJNA957541	VIC1812	4		lake sediment	soft tissue		380	2.57978359661681	0.16689837	0.03004446	0.31303436	0.06987277	0.42015004
SRR24222607	PRJNA957541	VIC1812	4		lake sediment	soft tissue		360	2.5563025007672873	0.18362182	0.030420173	0.232882	0.09058927	0.4624868
SRR24222608	PRJNA957541	VIC1807	4		lake sediment	skeletal tissue		223	2.3483048630481607	0.08563639	0.012008443	0.07448211	0.6735345	0.15433861
SRR24222609	PRJNA957541	VIC1901	4		lake sediment	skeletal tissue		219	2.3404441148401185	0.16358566	0.0202804	0.103192106	0.42358375	0.2893581
SRR24222610	PRJNA957541	VIC1901	4		lake sediment	soft tissue		208	2.3180633349627615	0.2847406	0.03580066	0.2439522	0.09720242	0.3383041
SRR24222612	PRJNA957541	VIC1901	4		lake sediment	plant tissue		348	2.5415792439465807	0.17857656	0.044738553	0.35741895	0.08819318	0.33107272
SRR24222613	PRJNA957541	VIC1901	4		lake sediment	soft tissue		377	2.576341350205793	0.22004482	0.029756913	0.15099022	0.1939219	0.40528616
SRR24222614	PRJNA957541	VIC1901	4		lake sediment	soft tissue		195	2.290034611362518	0.23868439	0.026068693	0.2869424	0.06644237	0.38186213
SRR24222615	PRJNA957541	VIC1812	4		lake sediment	plant tissue		486	2.6866362692622934	0.1446328	0.043070458	0.3827718	0.0740322	0.35549274
SRR24222616	PRJNA957541	VIC1812	4		lake sediment	plant tissue		487	2.6875289612146345	0.13371007	0.033243153	0.40375358	0.061417032	0.36787617
SRR24222617	PRJNA957541	VIC1902	4		lake sediment	soft tissue		463	2.6655809910179533	0.17129311	0.0319701	0.3129583	0.08120702	0.4025715
SRR24222618	PRJNA957541	VIC1807	4		lake sediment	soft tissue		214	2.330413773349191	0.22228622	0.017727556	0.10814822	0.19371423	0.45812368
SRR24222619	PRJNA957541	VIC1807	4		lake sediment	soft tissue		383	2.583198773968623	0.15398018	0.029528826	0.37322673	0.05896769	0.38429657
SRR24222620	PRJNA957541	VIC1902	4		lake sediment	soft tissue		155	2.1903316981702914	0.13458249	0.02499346	0.114417	0.3262474	0.39975968
SRR24222621	PRJNA957541	VIC1902	4		lake sediment	plant tissue		215	2.3324384599156054	0.20509979	0.028206307	0.37398568	0.06110431	0.33160394
SRR24222623	PRJNA957541	VIC1902	4		lake sediment	plant tissue		548	2.738780558484369	0.16121453	0.042058446	0.39265266	0.077501185	0.3265732
SRR24222624	PRJNA957541	VIC1902	4		lake sediment	plant tissue		686	2.8363241157067516	0.05877905	0.009384413	0.7982211	0.022814065	0.11080134
SRR24222625	PRJNA957541	VIC1902	4		lake sediment	plant tissue		642	2.807535028068853	0.057813156	0.009243846	0.79223484	0.022277042	0.11843107
SRR24222626	PRJNA957541	VIC1902	4		lake sediment	plant tissue		945	2.975431808509263	0.046290666	0.0071599097	0.843424	0.017313166	0.085812196
SRR24222627	PRJNA957541	VIC1902	4		lake sediment	plant tissue		726	2.8609366207000937	0.07443509	0.017061999	0.6997107	0.032766335	0.17602582
SRR24222628	PRJNA957541	VIC1902	4		lake sediment	plant tissue		430	2.6334684555795866	0.063409545	0.010166211	0.73774683	0.021859813	0.16681759
SRR24222629	PRJNA957541	VIC1807	4		lake sediment	plant tissue		395	2.59659709562646	0.07794164	0.013688003	0.7214714	0.029385606	0.15751328
SRR24222630	PRJNA957541	VIC1807	4		lake sediment	plant tissue		393	2.5943925503754266	0.03503257	0.0033298358	0.8825318	0.0107603725	0.06834536
SRR24222631	PRJNA957541	VIC1807	4		lake sediment	plant tissue		534	2.727541257028556	0.019568896	0.0014527529	0.9326328	0.0045583406	0.041787144
SRR24222632	PRJNA957541	VIC1807	4		lake sediment	soft tissue		101	2.0043213737826426	0.1778395	0.020776318	0.118613765	0.24255705	0.44021335
SRR4047197	PRJNA339123	PH-6	4	plant tissue	leaf	plant tissue	0.9104968905448914	122	2.0863598306747484	0.028363904	0.0022345223	0.9104969	0.0076655624	0.051239073
SRR4047199	PRJNA339123	PH-15	4	plant tissue	leaf	plant tissue	0.907657265663147	119	2.0755469613925306	0.029344087	0.0023703137	0.90765727	0.008038238	0.052590143
SRR4047201	PRJNA339123	PH-16	4	plant tissue	leaf	plant tissue	0.903058648109436	116	2.0644579892269186	0.030670607	0.0024976358	0.90305865	0.008465888	0.055307318
SRR4047203	PRJNA339123	PH-18	4	plant tissue	leaf	plant tissue	0.898422122001648	117	2.0681858617461617	0.03227027	0.0026789878	0.8984221	0.008973953	0.05765456
SRR4047207	PRJNA339123	PH-26	4	plant tissue	leaf	plant tissue	0.9138331413269043	125	2.0969100130080562	0.02734254	0.0020825355	0.91383314	0.0071877935	0.049554005
SRR4047214	PRJNA339123	USNH-12	4	plant tissue	leaf	plant tissue	0.9301746487617493	186	2.2695129442179165	0.022017885	0.0013819055	0.93017465	0.004886825	0.041538768
SRR4047219	PRJNA339123	USNH-23	4	plant tissue	leaf	plant tissue	0.8890881538391113	117	2.0681858617461617	0.03496878	0.0030785317	0.88908815	0.010155663	0.06270888
SRR4047221	PRJNA339123	USNH-34	4	plant tissue	leaf	plant tissue	0.7599550485610962	95	1.9777236052888478	0.08162602	0.012219517	0.75995505	0.028415173	0.11778422
SRR4047223	PRJNA339123	USNH-37	4	plant tissue	leaf	plant tissue	0.8705095052719116	111	2.0453229787866576	0.04082234	0.0041666776	0.8705095	0.012927527	0.07157396
SRR4047225	PRJNA339123	USNH-38	4	plant tissue	leaf	plant tissue	0.8225399851799011	98	1.9912260756924949	0.0560764	0.0073254025	0.82254	0.019725353	0.09433281
SRR4047228	PRJNA339123	USNH-39_SRA	4	plant tissue	leaf	plant tissue	0.8876953125	114	2.0569048513364727	0.034887545	0.0032719634	0.8876953	0.010687226	0.06345792
SRR5047040	PRJNA354503	PCA0168	4	oral	tooth	skeletal tissue	0.04634683206677437	458	2.660865478003869	0.09988378	0.046346832	0.10358026	0.5825876	0.1676015
SRR5047041	PRJNA354503	PCA0095	4	oral	tooth	skeletal tissue	0.009431777521967888	455	2.6580113966571126	0.044125203	0.0094317775	0.06574615	0.77786	0.10283689
SRR5047042	PRJNA354503	PCA0148	4	oral	tooth	skeletal tissue	0.009441002272069454	1111	3.0457140589408676	0.04432217	0.009441002	0.07253583	0.80032635	0.073374614
SRR5047043	PRJNA354503	PCA0023	4	oral	tooth	skeletal tissue	0.005445986054837704	147	2.167317334748176	0.036264896	0.005445986	0.055597764	0.8248173	0.07787405
SRR5047044	PRJNA354503	PCA0150	4	oral	tooth	skeletal tissue	0.17189578711986542	383	2.583198773968623	0.15280537	0.17189579	0.15065603	0.3085059	0.2161369
SRR5047045	PRJNA354503	PCA0047	4	oral	tooth	skeletal tissue	0.16778205335140228	7144	3.85394144588049	0.13004461	0.16778205	0.13554648	0.3553267	0.21130018
SRR5047046	PRJNA354503	PCA0173	4	oral	tooth	skeletal tissue	0.023912198841571808	547	2.737987326333431	0.059597302	0.023912199	0.08574222	0.7082821	0.12246615
SRR5047047	PRJNA354503	PCA0105	4	oral	tooth	skeletal tissue	0.016756447032094002	1018	3.00774777800074	0.056192227	0.016756447	0.087000966	0.7482079	0.09184242
SRR5047048	PRJNA354503	PCA0015	4	oral	tooth	skeletal tissue	0.035114966332912445	825	2.916453948549925	0.080198325	0.035114966	0.10995723	0.6406275	0.13410199
SRR5047049	PRJNA354503	PCA0140	4	oral	tooth	skeletal tissue	0.009219426661729813	885	2.9469432706978256	0.044007562	0.009219427	0.07211633	0.8022526	0.07240409
SRR5047050	PRJNA354503	PCA0079	4	oral	tooth	skeletal tissue	0.008234165608882904	327	2.514547752660286	0.038909398	0.008234166	0.06424402	0.7982317	0.09038072
SRR5047051	PRJNA354503	PCA0017	4	oral	tooth	skeletal tissue	0.005311000160872936	99	1.99563519459755	0.034603536	0.005311	0.05478685	0.8251767	0.08012183
SRR5047052	PRJNA354503	PCA0129	4	oral	tooth	skeletal tissue	0.004819645546376705	198	2.296665190261531	0.031988394	0.0048196455	0.052817665	0.83473414	0.07564008
SRR5047053	PRJNA354503	PCA0057	4	oral	tooth	skeletal tissue	0.043797701597213745	983	2.9925535178321354	0.079579934	0.0437977	0.1027511	0.6360457	0.1378255
SRR5047054	PRJNA354503	PCA0097	4	oral	tooth	skeletal tissue	0.020588474348187447	567	2.7535830588929064	0.08894795	0.020588474	0.08281088	0.6264339	0.18121882
SRR5047055	PRJNA354503	PCA0151	4	oral	tooth	oral	0.3184174597263336	5	0.6989700043360189	0.15992096	0.31841746	0.16497165	0.14638631	0.21030366
SRR5047056	PRJNA354503	PCA0067	4	oral	tooth	skeletal tissue	0.004870833363384008	183	2.2624510897304293	0.030557502	0.0048708334	0.053759344	0.8398288	0.07098358
SRR5047057	PRJNA354503	PCA0020	4	oral	tooth	skeletal tissue	0.020674776285886765	958	2.9813655090785445	0.063721806	0.020674776	0.08875872	0.70675004	0.12009468
SRR5047058	PRJNA354503	PCA0034	4	oral	tooth	skeletal tissue	0.017399031668901443	1143	3.0580462303952816	0.061582793	0.017399032	0.088731825	0.73615545	0.09613083
SRR5047059	PRJNA354503	PCA0137	4	oral	tooth	skeletal tissue	0.011541163548827171	831	2.919601023784111	0.05211339	0.011541164	0.07690469	0.77686846	0.08257227
SRR5047060	PRJNA354503	PCA0002	4	oral	tooth	skeletal tissue	0.02345919981598854	1309	3.116939646550756	0.07075313	0.0234592	0.091759816	0.66985637	0.14417145
SRR5047061	PRJNA354503	PCA0146	4	oral	tooth	skeletal tissue	0.0167216993868351	834	2.921166050637739	0.05895611	0.0167217	0.087252006	0.7430921	0.0939781
SRR5047062	PRJNA354503	PCA0155	4	oral	tooth	skeletal tissue	0.021036049351096153	541	2.7331972651065692	0.055863805	0.02103605	0.081864975	0.72517866	0.116056524
SRR5047063	PRJNA354503	PCA0088	4	oral	tooth	oral	0.437277227640152	60216	4.779711903026216	0.12555294	0.43727723	0.16023728	0.090377256	0.1865553
SRR5047064	PRJNA354503	PCA0075	4	oral	tooth	skeletal tissue	0.08505965769290924	526	2.7209857441537393	0.114540294	0.08505966	0.110713385	0.46767148	0.22201514
SRR5047065	PRJNA354503	PCA0052	4	oral	tooth	skeletal tissue	0.024118000641465187	834	2.921166050637739	0.06603185	0.024118	0.098137274	0.700109	0.11160388
SRR5047066	PRJNA354503	PCA0128	4	oral	tooth	skeletal tissue	0.004998852498829365	312	2.494154594018443	0.03130608	0.0049988525	0.054353584	0.8434663	0.065875195
SRR5047067	PRJNA354503	PCA0165	4	oral	tooth	skeletal tissue	0.01566746085882187	916	2.9618954736678504	0.054833133	0.01566746	0.087354936	0.7462865	0.09585794
SRR5047068	PRJNA354503	PCA0035	4	oral	tooth	skeletal tissue	0.017238173633813858	777	2.890421018800914	0.056790985	0.017238174	0.089576796	0.73793757	0.09845646
SRR5047069	PRJNA354503	PCA0162	4	oral	tooth	skeletal tissue	0.058739662170410156	2328	3.3669829759778507	0.09280379	0.058739662	0.11497885	0.5729512	0.16052656
SRR5047070	PRJNA354503	PCA0027	4	oral	tooth	skeletal tissue	0.01570228300988674	842	2.9253120914996495	0.056023072	0.015702283	0.08768139	0.74494624	0.09564699
SRR5047071	PRJNA354503	PCA0159	4	oral	tooth	skeletal tissue	0.01869991049170494	984	2.9929950984313414	0.058981854	0.01869991	0.09056534	0.733872	0.097880974
SRR5047072	PRJNA354503	PCA0083	4	oral	tooth	skeletal tissue	0.030766988173127174	787	2.8959747323590648	0.07604079	0.030766988	0.0964798	0.6636222	0.13309023
SRR5047073	PRJNA354503	PCA0059	4	oral	tooth	skeletal tissue	0.0074976300820708275	767	2.884795363948981	0.03915668	0.00749763	0.06676842	0.8197195	0.066857815
SRR5047074	PRJNA354503	PCA0108	4	oral	tooth	skeletal tissue	0.005334428511559963	267	2.4265112613645754	0.032445278	0.0053344285	0.0551333	0.83524525	0.0718417
SRR5047075	PRJNA354503	PCA0001	4	oral	tooth	skeletal tissue	0.02220204845070839	606	2.782472624166286	0.06842425	0.022202048	0.0934839	0.68129414	0.13459566
SRR5047076	PRJNA354503	PCA0041	4	oral	tooth	skeletal tissue	0.015013937838375568	273	2.436162647040756	0.05929175	0.015013938	0.07877731	0.7211242	0.12579283
SRR5047077	PRJNA354503	PCA0032	4	oral	tooth	skeletal tissue	0.04018501564860344	656	2.8169038393756605	0.086425126	0.040185016	0.1036286	0.61892825	0.15083301
SRR5047078	PRJNA354503	PCA0147	4	oral	tooth	skeletal tissue	0.03207463026046753	592	2.77232170672292	0.09472742	0.03207463	0.09469282	0.59924805	0.17925712
SRR5047079	PRJNA354503	PCA0089	4	oral	tooth	skeletal tissue	0.009515986777842045	752	2.876217840591642	0.044409476	0.009515987	0.072819196	0.7989818	0.07427363
SRR5047080	PRJNA354503	PCA0025	4	oral	tooth	skeletal tissue	0.007199506275355816	265	2.423245873936808	0.04349413	0.0071995063	0.06049645	0.79194176	0.096868135
SRR5047081	PRJNA354503	PCA0063	4	oral	tooth	skeletal tissue	0.00978134199976921	1068	3.0285712526925375	0.041516982	0.009781342	0.0745904	0.79738194	0.076729335
SRR5047082	PRJNA354503	PCA0013	4	oral	tooth	skeletal tissue	0.008632082492113113	288	2.459392487759231	0.04596715	0.0086320825	0.064623944	0.7739279	0.10684892
SRR5047083	PRJNA354503	PCA0014	4	oral	tooth	skeletal tissue	0.022116009145975113	458	2.660865478003869	0.065330826	0.02211601	0.087509714	0.6933162	0.13172725
SRR5047084	PRJNA354503	PCA0086	4	oral	tooth	skeletal tissue	0.05286362022161484	48	1.6812412373755872	0.11988453	0.05286362	0.121157885	0.49854055	0.20755343
SRR5047085	PRJNA354503	PCA0029	4	oral	tooth	skeletal tissue	0.05392565205693245	561	2.7489628612561616	0.09761205	0.053925652	0.11535944	0.56796503	0.16513784
SRR5047086	PRJNA354503	PCA0021	4	oral	tooth	skeletal tissue	0.00630523543804884	155	2.1903316981702914	0.0426312	0.0063052354	0.058234613	0.8007971	0.0920318
SRR5047087	PRJNA354503	PCA0096	4	oral	tooth	skeletal tissue	0.010028170421719551	545	2.7363965022766426	0.04556696	0.01002817	0.068397045	0.7634487	0.11255902
SRR5047088	PRJNA354503	PCA0050	4	oral	tooth	skeletal tissue	0.011023031547665596	1252	3.097604328874411	0.045915585	0.011023032	0.0778072	0.7848833	0.08037083
SRR5047089	PRJNA354503	PCA0102	4	oral	tooth	skeletal tissue	0.008137750439345837	1027	3.0115704435972783	0.037987597	0.00813775	0.069811426	0.81518537	0.06887783
SRR5047090	PRJNA354503	PCA0066	4	oral	tooth	skeletal tissue	0.0180866327136755	1361	3.133858125203335	0.05717029	0.018086633	0.08945839	0.73667413	0.09861052
SRR5047091	PRJNA354503	PCA0126	4	oral	tooth	skeletal tissue	0.013130608014762402	733	2.8651039746411278	0.05165585	0.013130608	0.08077125	0.7704068	0.08403554
SRR5047092	PRJNA354503	PCA0106	4	oral	tooth	soft tissue	0.005918242037296295	473	2.6748611407378116	0.03995476	0.005918242	0.036654282	0.03435523	0.8831175
SRR5047093	PRJNA354503	PCA0130	4	oral	tooth	skeletal tissue	0.02998882532119751	771	2.8870543780509568	0.092303365	0.029988825	0.09816905	0.6382616	0.1412771
SRR5047094	PRJNA354503	PCA0056	4	oral	tooth	skeletal tissue	0.028960729017853737	780	2.8920946026904804	0.074874654	0.028960729	0.104012884	0.6689688	0.12318294
SRR5047095	PRJNA354503	PCA0061	4	oral	tooth	skeletal tissue	0.01520015299320221	446	2.649334858712142	0.051784325	0.015200153	0.07968731	0.73493737	0.1183908
SRR5047096	PRJNA354503	PCA0084	4	oral	tooth	skeletal tissue	0.11328594386577606	781	2.8926510338773004	0.11345081	0.113285944	0.12429502	0.47255215	0.17641608
SRR5047097	PRJNA354503	PCA0037	4	oral	tooth	skeletal tissue	0.03516115993261337	744	2.8715729355458786	0.082945645	0.03516116	0.10503379	0.6369083	0.13995114
SRR5047098	PRJNA354503	PCA0093	4	oral	tooth	skeletal tissue	0.011296051554381847	1010	3.0043213737826426	0.044112533	0.011296052	0.07768073	0.7871358	0.07977493
SRR5047099	PRJNA354503	PCA0068	4	oral	tooth	skeletal tissue	0.01043429784476757	315	2.4983105537896004	0.0482732	0.010434298	0.06531428	0.7755696	0.10040857
SRR5047100	PRJNA354503	PCA0048	4	oral	tooth	skeletal tissue	0.018511708825826645	502	2.7007037171450192	0.05354143	0.018511709	0.081091665	0.7303418	0.11651337
SRR5047101	PRJNA354503	PCA0024	4	oral	tooth	skeletal tissue	0.007250319235026836	192	2.2833012287035497	0.07592494	0.0072503192	0.061535012	0.6634846	0.1918052
SRR5047102	PRJNA354503	PCA0112	4	oral	tooth	skeletal tissue	0.005258752033114433	283	2.45178643552429	0.035797317	0.005258752	0.05475626	0.82565576	0.0785319
SRR5047103	PRJNA354503	PCA0073	4	oral	tooth	skeletal tissue	0.15662211179733276	23	1.3617278360175928	0.16210678	0.15662211	0.15583257	0.2861271	0.23931146
SRR5047104	PRJNA354503	PCA0145	4	oral	tooth	oral	0.46962159872055054	9586	3.981637424655769	0.11629559	0.4696216	0.1536713	0.07855	0.18186149
SRR5047105	PRJNA354503	PCA0072	4	oral	tooth	skeletal tissue	0.11858705431222916	604	2.7810369386211318	0.11315743	0.118587054	0.1285523	0.4616944	0.17800882
SRR5047106	PRJNA354503	PCA0049	4	oral	tooth	skeletal tissue	0.01788630150258541	777	2.890421018800914	0.059344776	0.017886302	0.090387955	0.736482	0.09589895
SRR5047107	PRJNA354503	PCA0136	4	oral	tooth	oral	0.4769187569618225	12308	4.090187487575421	0.11098635	0.47691876	0.14956263	0.07918306	0.18334924
SRR5047108	PRJNA354503	PCA0110	4	oral	tooth	skeletal tissue	0.07777537405490875	3580	3.5538830266438746	0.13729855	0.077775374	0.1276941	0.4859392	0.17129278
SRR5047109	PRJNA354503	PCA0060	4	oral	tooth	skeletal tissue	0.008833291940391064	822	2.9148718175400505	0.041624326	0.008833292	0.07187472	0.8028369	0.07483074
SRR5047110	PRJNA354503	PCA0081	4	oral	tooth	skeletal tissue	0.12770017981529236	554	2.74350976472843	0.12546971	0.12770018	0.14004913	0.4150514	0.19172958
SRR5047111	PRJNA354503	PCA0005	4	oral	tooth	oral	0.4314131736755371	14374	4.157577640520729	0.13007942	0.43141317	0.160175	0.09517281	0.18315956
SRR5047112	PRJNA354503	PCA0118	4	oral	tooth	oral	0.30929476022720337	11	1.0413926851582251	0.16103587	0.30929476	0.16514143	0.15197667	0.21255128
SRR5047113	PRJNA354503	PCA0166	4	oral	tooth	skeletal tissue	0.04617483541369438	5504	3.740678425227455	0.08935378	0.046174835	0.11486398	0.5912214	0.15838604
SRR5047114	PRJNA354503	PCA0172	4	oral	tooth	skeletal tissue	0.012664343230426311	385	2.5854607295085006	0.04919774	0.012664343	0.07666139	0.74918	0.11229652
SRR5047115	PRJNA354503	PCA0044	4	oral	tooth	skeletal tissue	0.023893076926469803	803	2.904715545278681	0.072543	0.023893077	0.09814234	0.6930756	0.112345956
SRR5047116	PRJNA354503	PCA0133	4	oral	tooth	skeletal tissue	0.011347166262567043	843	2.9258275746247424	0.046937175	0.011347166	0.077335894	0.7856193	0.07876046
SRR5047117	PRJNA354503	PCA0152	4	oral	tooth	skeletal tissue	0.0055477251298725605	312	2.494154594018443	0.033915848	0.005547725	0.056069512	0.8252147	0.07925226
SRR5047118	PRJNA354503	PCA0028	4	oral	tooth	skeletal tissue	0.012432897463440895	654	2.815577748324267	0.053529162	0.012432897	0.08013839	0.76713	0.08676953
SRR5047119	PRJNA354503	PCA0054	4	oral	tooth	skeletal tissue	0.03550722450017929	948	2.976808337338066	0.085326	0.035507225	0.108244896	0.6307707	0.14015117
SRR5047120	PRJNA354503	PCA0125	4	oral	tooth	skeletal tissue	0.008680479601025581	279	2.4456042032735974	0.041285563	0.00868048	0.06542425	0.7859702	0.09863953
SRR5047121	PRJNA354503	PCA0092	4	oral	tooth	skeletal tissue	0.010549844242632389	1334	3.12515582958053	0.04468974	0.010549844	0.075903654	0.7903645	0.078492254
SRR5047122	PRJNA354503	PCA0127	4	oral	tooth	skeletal tissue	0.02452111802995205	3008	3.4782778319196046	0.06876937	0.024521118	0.099099256	0.69336796	0.11424227
SRR5047123	PRJNA354503	PCA0100	4	oral	tooth	skeletal tissue	0.01092014741152525	953	2.979092900638326	0.047247	0.010920147	0.07704367	0.78213423	0.08265494
SRR5047124	PRJNA354503	PCA0094	4	oral	tooth	skeletal tissue	0.030405055731534958	1227	3.088844562727004	0.1291959	0.030405056	0.10165503	0.6111422	0.12760182
SRR5047125	PRJNA354503	PCA0121	4	oral	tooth	oral	0.45037445425987244	73742	4.867714912185001	0.11832528	0.45037445	0.16284159	0.08326506	0.18519363
SRR5047126	PRJNA354503	PCA0043	4	oral	tooth	skeletal tissue	0.004844686947762966	179	2.2528530309798933	0.03264566	0.004844687	0.053340666	0.8371394	0.07202964
SRR5047127	PRJNA354503	PCA0046	4	oral	tooth	oral	0.3665122985839844	28152	4.449509253827135	0.14981627	0.3665123	0.16486235	0.1239388	0.19487032
SRR5047128	PRJNA354503	PCA0142	4	oral	tooth	skeletal tissue	0.016359861940145493	882	2.94546858513182	0.16804864	0.016359862	0.08465448	0.6382066	0.09273041
SRR5047129	PRJNA354503	PCA0109	4	oral	tooth	skeletal tissue	0.03952117636799812	1190	3.0755469613925306	0.22854972	0.039521176	0.10634641	0.4503954	0.17518732
SRR5047130	PRJNA354503	PCA0076	4	oral	tooth	skeletal tissue	0.008867727592587471	137	2.1367205671564067	0.051564872	0.008867728	0.06401823	0.7662068	0.10934238
SRR5047131	PRJNA354503	PCA0082	4	oral	tooth	skeletal tissue	0.020517362281680107	257	2.4099331233312946	0.058260567	0.020517362	0.0777961	0.7217272	0.12169875
SRR5047132	PRJNA354503	PCA0007	4	oral	tooth	skeletal tissue	0.04010482504963875	613	2.787460474518415	0.09351867	0.040104825	0.10955453	0.6022579	0.15456405
SRR5047133	PRJNA354503	PCA0134	4	oral	tooth	skeletal tissue	0.00752437487244606	414	2.617000341120899	0.03889411	0.007524375	0.06192668	0.7983921	0.09326275
SRR5047134	PRJNA354503	PCA0055	4	oral	tooth	skeletal tissue	0.004939471371471882	346	2.5390760987927767	0.032163754	0.0049394714	0.05393994	0.83833504	0.07062177
SRR5047135	PRJNA354503	PCA0070	4	oral	tooth	oral	0.3220645785331726	2593	3.4138025167693513	0.14586844	0.32206458	0.15199968	0.17991233	0.20015502
SRR5047136	PRJNA354503	PCA0104	4	oral	tooth	soft tissue	0.006606473587453365	430	2.6334684555795866	0.045210697	0.0066064736	0.040810186	0.041803114	0.8655696
SRR5047137	PRJNA354503	PCA0114	4	oral	tooth	skeletal tissue	0.017604997381567955	791	2.8981764834976764	0.058725137	0.017604997	0.086478055	0.72877663	0.108415164
SRR5047138	PRJNA354503	PCA0030	4	oral	tooth	skeletal tissue	0.017706703394651413	1881	3.274388795550379	0.06188457	0.017706703	0.08958174	0.73435354	0.0964735
SRR5047139	PRJNA354503	PCA0077	4	oral	tooth	skeletal tissue	0.025951439514756203	38	1.5797835966168101	0.09230917	0.02595144	0.09910328	0.5864581	0.19617802
SRR5047140	PRJNA354503	PCA0064	4	oral	tooth	skeletal tissue	0.050287507474422455	784	2.8943160626844384	0.08136632	0.050287507	0.099532925	0.6266483	0.14216498
SRR5047141	PRJNA354503	PCA0138	4	oral	tooth	skeletal tissue	0.029825756326317787	792	2.8987251815894934	0.07638678	0.029825756	0.10423521	0.66036433	0.12918793
SRR5047142	PRJNA354503	PCA0074	4	oral	tooth	skeletal tissue	0.12413231283426285	686	2.8363241157067516	0.116886415	0.12413231	0.12669541	0.4571165	0.17516935
SRR5047143	PRJNA354503	PCA0101	4	oral	tooth	skeletal tissue	0.013193671591579914	318	2.5024271199844326	0.049683087	0.013193672	0.071762785	0.7610451	0.104315296
SRR5047144	PRJNA354503	PCA0090	4	oral	tooth	oral	0.4082164764404297	58489	4.767074196193302	0.13850786	0.40821648	0.16282137	0.10402938	0.18642494
SRR5047145	PRJNA354503	PCA0141	4	oral	tooth	skeletal tissue	0.00869954563677311	147	2.167317334748176	0.050399017	0.008699546	0.06621962	0.76424015	0.11044161
SRR5047146	PRJNA354503	PCA0026	4	oral	tooth	skeletal tissue	0.01682068035006523	801	2.9036325160842376	0.059589714	0.01682068	0.088100635	0.73948145	0.09600754
SRR5047147	PRJNA354503	PCA0131	4	oral	tooth	skeletal tissue	0.006522105075418949	381	2.5809249756756194	0.034703318	0.006522105	0.059070755	0.8161448	0.08355902
SRR5047148	PRJNA354503	PCA0144	4	oral	tooth	skeletal tissue	0.004992851987481117	335	2.525044807036845	0.03264867	0.004992852	0.053978603	0.8365558	0.07182412
SRR5047149	PRJNA354503	PCA0149	4	oral	tooth	skeletal tissue	0.01401416677981615	408	2.61066016308988	0.054684054	0.014014167	0.0769421	0.73056424	0.123795465
SRR5047150	PRJNA354503	PCA0085	4	oral	tooth	skeletal tissue	0.018803585320711136	249	2.3961993470957363	0.061334778	0.018803585	0.07575526	0.7240838	0.12002258
SRR5047151	PRJNA354503	PCA0111	4	oral	tooth	skeletal tissue	0.012960839085280895	862	2.9355072658247128	0.050638985	0.012960839	0.08084683	0.7702027	0.085350655
SRR5047152	PRJNA354503	PCA0157	4	oral	tooth	skeletal tissue	0.006914945784956217	893	2.9508514588885464	0.03849846	0.006914946	0.06482711	0.8253764	0.064383075
SRR5047153	PRJNA354503	PCA0122	4	oral	tooth	skeletal tissue	0.01406017504632473	858	2.9334872878487053	0.051101398	0.014060175	0.08423171	0.760233	0.090373695
SRR5047154	PRJNA354503	PCA0119	4	oral	tooth	oral	0.4069822430610657	44940	4.6526330680831105	0.14117888	0.40698224	0.15793303	0.1064796	0.18742631
SRR5047155	PRJNA354503	PCA0132	4	oral	tooth	skeletal tissue	0.014263803139328957	903	2.9556877503135057	0.0543729	0.014263803	0.08290324	0.7612068	0.087253235
SRR5047156	PRJNA354503	PCA0033	4	oral	tooth	skeletal tissue	0.026125917211174965	443	2.6464037262230695	0.072151445	0.026125917	0.09213442	0.6665524	0.14303577
SRR5047157	PRJNA354503	PCA0016	4	oral	tooth	skeletal tissue	0.0051397173665463924	127	2.103803720955957	0.034664195	0.0051397174	0.054216325	0.82800424	0.077975586
SRR5047158	PRJNA354503	PCA0069	4	oral	tooth	skeletal tissue	0.00538725545629859	103	2.012837224705172	0.034056947	0.0053872555	0.0549277	0.82205725	0.083570875
SRR5047159	PRJNA354503	PCA0006	4	oral	tooth	oral	0.43159469962120056	26349	4.420764137471791	0.13014296	0.4315947	0.15932152	0.09433744	0.1846033
SRR5047160	PRJNA354503	PCA0098	4	oral	tooth	soft tissue	0.008167052641510963	468	2.670245853074124	0.065568194	0.008167053	0.047004912	0.15065211	0.7286078
SRR5047161	PRJNA354503	PCA0153	4	oral	tooth	skeletal tissue	0.017936570569872856	646	2.8102325179950842	0.056965042	0.01793657	0.0866712	0.7317778	0.106649384
SRR5047162	PRJNA354503	PCA0065	4	oral	tooth	skeletal tissue	0.021925950422883034	1072	3.030194785356751	0.06008886	0.02192595	0.09425582	0.71800846	0.1057209
SRR5047163	PRJNA354503	PCA0139	4	oral	tooth	skeletal tissue	0.02685135044157505	672	2.8273692730538253	0.065709785	0.02685135	0.091741875	0.68566555	0.13003142
SRR5047164	PRJNA354503	PCA0004	4	oral	tooth	skeletal tissue	0.10278891026973724	510	2.7075701760979363	0.13553365	0.10278891	0.13397153	0.40888387	0.21882205
SRR5047165	PRJNA354503	PCA0019	4	oral	tooth	skeletal tissue	0.019364017993211746	483	2.683947130751512	0.062341522	0.019364018	0.08395986	0.7037756	0.13055898
SRR5047166	PRJNA354503	PCA0003	4	oral	tooth	skeletal tissue	0.029070550575852394	586	2.767897616018091	0.081916645	0.02907055	0.097143754	0.64201677	0.14985232
SRR5047167	PRJNA354503	PCA0116	4	oral	tooth	oral	0.4831956923007965	10273	4.011697288114142	0.11051041	0.4831957	0.15349679	0.07089211	0.18190502
SRR5047168	PRJNA354503	PCA0031	4	oral	tooth	oral	0.36666980385780334	24074	4.381548256191099	0.14541323	0.3666698	0.15742905	0.12730683	0.2031811
SRR5047169	PRJNA354503	PCA0154	4	oral	tooth	skeletal tissue	0.046397529542446136	448	2.651278013998144	0.08605432	0.04639753	0.10935609	0.60420835	0.15398376
SRR5047170	PRJNA354503	PCA0018	4	oral	tooth	skeletal tissue	0.05998508259654045	7860	3.895422546039408	0.08872682	0.059985083	0.11481009	0.5696596	0.16681841
SRR5047171	PRJNA354503	PCA0087	4	oral	tooth	skeletal tissue	0.004837089218199253	243	2.385606273598312	0.030481074	0.004837089	0.05363802	0.8445059	0.06653789
SRR5047172	PRJNA354503	PCA0169	4	oral	tooth	skeletal tissue	0.027670925483107567	1680	3.225309281725863	0.07021133	0.027670925	0.10204433	0.680469	0.11960443
SRR5047173	PRJNA354503	PCA0135	4	oral	tooth	oral	0.3412913978099823	1786	3.2518814545525276	0.14442015	0.3412914	0.153371	0.15595238	0.20496507
SRR5047174	PRJNA354503	PCA0123	4	oral	tooth	oral	0.4808062016963959	5197	3.7157527168228595	0.10978134	0.4808062	0.15507022	0.0757836	0.17855859
SRR5047175	PRJNA354503	PCA0078	4	oral	tooth	skeletal tissue	0.034318022429943085	42	1.6232492903979006	0.109492525	0.034318022	0.10713838	0.515988	0.2330631
SRR5047176	PRJNA354503	PCA0039	4	oral	tooth	skeletal tissue	0.031004825606942177	210	2.322219294733919	0.09347998	0.031004826	0.09932208	0.5898493	0.18634383
SRR5047177	PRJNA354503	PCA0040	4	oral	tooth	skeletal tissue	0.013028064742684364	811	2.909020854211156	0.049946267	0.013028065	0.08235063	0.7664914	0.08818363
SRR5047178	PRJNA354503	PCA0099	4	oral	tooth	skeletal tissue	0.024845201522111893	846	2.9273703630390235	0.07007345	0.024845202	0.0986094	0.6919259	0.11454604
SRR5047179	PRJNA354503	PCA0113	4	oral	tooth	skeletal tissue	0.010297462344169617	998	2.999130541287371	0.043480106	0.010297462	0.076516405	0.78953665	0.08016938
SRR5047180	PRJNA354503	PCA0053	4	oral	tooth	oral	0.39709824323654175	33554	4.525744300194379	0.14090715	0.39709824	0.16032964	0.1123148	0.18935014
SRR5047181	PRJNA354503	PCA0170	4	oral	tooth	skeletal tissue	0.05991295725107193	975	2.989004615698537	0.103054985	0.059912957	0.11630461	0.5574179	0.16330951
SRR5047182	PRJNA354503	PCA0158	4	oral	tooth	skeletal tissue	0.03191429749131203	5463	3.7374312005145827	0.08999859	0.031914297	0.10787227	0.6207385	0.14947638
SRR5047183	PRJNA354503	PCA0062	4	oral	tooth	skeletal tissue	0.01752120815217495	1045	3.019116290447073	0.060840715	0.017521208	0.08915414	0.7312994	0.101184525
SRR5047184	PRJNA354503	PCA0124	4	oral	tooth	skeletal tissue	0.0042469315230846405	968	2.9858753573083936	0.028233916	0.0042469315	0.054319404	0.86324596	0.04995381
SRR5047185	PRJNA354503	PCA0115	4	oral	tooth	skeletal tissue	0.027675336226820946	845	2.926856708949692	0.07519344	0.027675336	0.10280212	0.6750732	0.11925596
SRR5047186	PRJNA354503	PCA0117	4	oral	tooth	skeletal tissue	0.02834077551960945	848	2.9283958522567137	0.071085595	0.028340776	0.10252853	0.67792666	0.1201185
SRR5047187	PRJNA354503	PCA0022	4	oral	tooth	skeletal tissue	0.019023386761546135	829	2.9185545305502734	0.059720926	0.019023387	0.0845376	0.72102916	0.11568896
SRR5047188	PRJNA354503	PCA0143	4	oral	tooth	oral	0.410576730966568	56847	4.754707550504426	0.1374964	0.41057673	0.16173656	0.10404508	0.18614516
SRR5047189	PRJNA354503	PCA0091	4	oral	tooth	skeletal tissue	0.03376579284667969	812	2.9095560292411755	0.074720465	0.033765793	0.10431062	0.6556505	0.13155255
SRR5047190	PRJNA354503	PCA0167	4	oral	tooth	skeletal tissue	0.010215994901955128	753	2.8767949762007006	0.04434086	0.010215995	0.07573469	0.78947574	0.08023279
SRR5047191	PRJNA354503	PCA0051	4	oral	tooth	skeletal tissue	0.025155862793326378	2059	3.3136563466180315	0.07053045	0.025155863	0.096661255	0.6838296	0.12382279
SRR5047192	PRJNA354503	PCA0080	4	oral	tooth	oral	0.3354491591453552	1	0.0	0.15708098	0.33544916	0.16414228	0.13799337	0.20533423
SRR5047193	PRJNA354503	PCA0156	4	oral	tooth	skeletal tissue	0.0407743975520134	882	2.94546858513182	0.08494769	0.040774398	0.11345025	0.6198804	0.14094727
SRR5047194	PRJNA354503	PCA0161	4	oral	tooth	oral	0.4166894853115082	49089	4.6909841851064815	0.13640507	0.4166895	0.15994284	0.10161207	0.18535052
SRR5047195	PRJNA354503	PCA0045	4	oral	tooth	skeletal tissue	0.02081080712378025	708	2.850033257689769	0.06834322	0.020810807	0.09427025	0.7119168	0.104658976
SRR5047196	PRJNA354503	PCA0058	4	oral	tooth	skeletal tissue	0.005038616247475147	348	2.5415792439465807	0.034235507	0.0050386162	0.054479234	0.8371749	0.06907173
SRR5047197	PRJNA354503	PCA0103	4	oral	tooth	skeletal tissue	0.010259839706122875	672	2.8273692730538253	0.047142096	0.01025984	0.07470463	0.78880936	0.07908405
SRR5047198	PRJNA354503	PCA0038	4	oral	tooth	skeletal tissue	0.06916303932666779	694	2.841359470454855	0.097542144	0.06916304	0.116774775	0.5575612	0.15895888
SRR5047199	PRJNA354503	PCA0107	4	oral	tooth	skeletal tissue	0.0050491574220359325	283	2.45178643552429	0.03388279	0.0050491574	0.054638453	0.83970565	0.0667239
SRR5047200	PRJNA354503	PCA0036	4	oral	tooth	oral	0.3282913863658905	21396	4.330332589222979	0.12471821	0.3282914	0.13992138	0.16370915	0.24335988
SRR5047201	PRJNA354503	PCA0171	4	oral	tooth	skeletal tissue	0.016751231625676155	573	2.75815462196739	0.05607096	0.016751232	0.07795404	0.7293277	0.11989607
SRR5047202	PRJNA354503	PCA0071	4	oral	tooth	skeletal tissue	0.012167258188128471	467	2.6693168805661123	0.04918213	0.012167258	0.07089083	0.75992835	0.1078314
SRR5047203	PRJNA354503	PCA0042	4	oral	tooth	skeletal tissue	0.015249600633978844	150	2.1760912590556813	0.06471935	0.015249601	0.08150716	0.7026564	0.1358675
SRR5047204	PRJNA354503	PCA0120	4	oral	tooth	skeletal tissue	0.0051317373290658	306	2.48572142648158	0.03539993	0.0051317373	0.054305397	0.82809114	0.07707184
SRR5332455	PRJNA378719	HA8.12	4		lake sediment	skeletal tissue		88	1.9444826721501687	0.13211896	0.0321546	0.10015191	0.4439283	0.2916463
SRR5332456	PRJNA378719	HA8.1	4		lake sediment	oral		17	1.2304489213782739	0.14475124	0.38396	0.15987776	0.11819714	0.1932139
SRR5332457	PRJNA378719	HA7.12	4		lake sediment	oral		25	1.3979400086720377	0.17434967	0.24848504	0.16355091	0.18664554	0.22696888
SRR5332458	PRJNA378719	HA7.1	4		lake sediment	oral		15	1.1760912590556813	0.13730516	0.4095262	0.15834345	0.106450655	0.18837456
SRR5332459	PRJNA378719	HA6.12	4		lake sediment	skeletal tissue		71	1.8512583487190752	0.16203102	0.13973054	0.14950232	0.30924726	0.23948881
SRR5332461	PRJNA378719	HA5.1	4		lake sediment	oral		7	0.8450980400142568	0.12435579	0.44959274	0.15455544	0.089711815	0.18178421
SRR5332462	PRJNA378719	HA4.12	4		lake sediment	oral		24	1.380211241711606	0.1475676	0.3617848	0.16110757	0.13058938	0.19895068
SRR5332463	PRJNA378719	HA4.1	4		lake sediment	oral		4	0.6020599913279624	0.11426221	0.4765295	0.15190285	0.07863995	0.17866552
SRR5332464	PRJNA378719	HA3.1	4		lake sediment	oral		6	0.7781512503836436	0.11567359	0.47292167	0.15227303	0.08010051	0.17903116
SRR5332466	PRJNA378719	HA1.1	4		lake sediment	oral		23	1.3617278360175928	0.14198154	0.38260883	0.1601924	0.11938465	0.19583263
SRR866660	PRJNA205039	TP4	4	skeletal tissue	bone	skeletal tissue	0.561194896697998	1647	3.2166935991697545	0.09909247	0.06893328	0.115605496	0.5611949	0.15517388
SRR866662	PRJNA205039	TP10	4	skeletal tissue	bone	skeletal tissue	0.2772984206676483	1691	3.2281436075977417	0.13530521	0.24955384	0.15020709	0.27729842	0.18763545
SRR866663	PRJNA205039	TP18	4	skeletal tissue	bone	oral	0.16153207421302795	2581	3.411788004543869	0.2032042	0.2737934	0.1501665	0.16153207	0.21130383
SRR866665	PRJNA205039	TP9	4	skeletal tissue	bone	skeletal tissue	0.5752867460250854	2615	3.417471693203293	0.098757364	0.05847503	0.119753815	0.57528675	0.14772704
SRR866666	PRJNA205039	TP48	4	skeletal tissue	bone	skeletal tissue	0.43256431818008423	1434	3.1565491513317814	0.12525906	0.11547413	0.13816114	0.43256432	0.18854137
SRR867031	PRJNA205039	TP02,TP10,TP15,TP26	4	skeletal tissue	bone	skeletal tissue	0.4515345096588135	78	1.8920946026904804	0.13165835	0.060974278	0.12909046	0.4515345	0.22674242
SRR867032	PRJNA205039	TP02,TP10,TP15,TP26	4	skeletal tissue	bone	skeletal tissue	0.486075222492218	72	1.8573324964312685	0.122248985	0.050195463	0.12274361	0.48607522	0.2187367
SRR867033	PRJNA205039	TP02,TP10,TP15,TP26	4	skeletal tissue	bone	skeletal tissue	0.34517061710357666	53	1.724275869600789	0.15839598	0.10831211	0.14717528	0.34517062	0.24094601
SRR867034	PRJNA205039	TP02,TP10,TP15,TP26	4	skeletal tissue	bone	skeletal tissue	0.35080569982528687	37	1.568201724066995	0.15622652	0.10101213	0.14603294	0.3508057	0.24592271
SRR867036	PRJNA205039	TP32,TP42,TP45,TP48	4	skeletal tissue	bone	skeletal tissue	0.39681917428970337	51	1.7075701760979363	0.14100645	0.087152936	0.14097252	0.39681917	0.23404884
SRR867037	PRJNA205039	TP32,TP42,TP45,TP48	4	skeletal tissue	bone	skeletal tissue	0.42046746611595154	57	1.7558748556724915	0.13513115	0.076912515	0.13747606	0.42046747	0.23001277
SRR867038	PRJNA205039	TP32,TP42,TP45,TP48	4	skeletal tissue	bone	oral	0.1701553761959076	24	1.380211241711606	0.16131933	0.29208738	0.16515017	0.17015538	0.21128774
SRR867039	PRJNA205039	TP32,TP42,TP45,TP48	4	skeletal tissue	bone	skeletal tissue	0.4379236102104187	46	1.662757831681574	0.13190416	0.07100175	0.13510063	0.4379236	0.22406983
