Run_accession	y_true	pred_block	pred_fractions	pred_both
ERR10114878	sediment	midden	sediment	soil
ERR10114879	sediment	midden	sediment	soil
ERR10114880	sediment	midden	sediment	sediment
ERR10114881	sediment	soil	sediment	dental calculus
ERR10114882	sediment	soil	palaeofaeces	soil
ERR10114883	sediment	midden	palaeofaeces	soil
ERR10493277	permafrost	lake sediment	lake sediment	lake sediment
ERR10493281	permafrost	lake sediment	lake sediment	lake sediment
ERR10493283	permafrost	midden	lake sediment	sediment
ERR10493285	permafrost	soil	lake sediment	soil
ERR10493287	permafrost	soil	lake sediment	soil
ERR10493289	permafrost	soil	lake sediment	sediment
ERR10493291	permafrost	soil	lake sediment	sediment
ERR10493292	permafrost	soil	lake sediment	soil
ERR10493294	permafrost	soil	lake sediment	soil
ERR10493297	permafrost	soil	lake sediment	sediment
ERR10493299	permafrost	soil	lake sediment	sediment
ERR10493301	permafrost	soil	lake sediment	sediment
ERR10493303	permafrost	soil	lake sediment	soil
ERR10493304	permafrost	lake sediment	lake sediment	sediment
ERR10493306	permafrost	soil	lake sediment	soil
ERR10493308	permafrost	soil	lake sediment	soil
ERR10493310	permafrost	midden	lake sediment	lake sediment
ERR10493311	permafrost	lake sediment	lake sediment	lake sediment
ERR10493312	permafrost	soil	lake sediment	sediment
ERR10493314	permafrost	lake sediment	lake sediment	lake sediment
ERR10493316	permafrost	lake sediment	palaeofaeces	lake sediment
ERR10493318	permafrost	lake sediment	lake sediment	lake sediment
ERR10493320	permafrost	lake sediment	lake sediment	lake sediment
ERR10493322	permafrost	intestine	lake sediment	dental calculus
ERR10493324	permafrost	soil	lake sediment	sediment
ERR10493326	permafrost	soil	lake sediment	soil
ERR10493328	permafrost	lake sediment	lake sediment	sediment
ERR10493330	permafrost	soil	lake sediment	lake sediment
ERR10493332	permafrost	lake sediment	soil	lake sediment
ERR10493333	permafrost	lake sediment	soil	lake sediment
ERR10493334	permafrost	lake sediment	soil	dental calculus
ERR10493335	permafrost	midden	soil	dental calculus
ERR10493336	permafrost	lake sediment	marine sediment	lake sediment
ERR10493337	permafrost	lake sediment	soil	lake sediment
ERR10493338	permafrost	dental calculus	soil	dental calculus
ERR10493339	permafrost	dental calculus	soil	dental calculus
ERR10493340	permafrost	dental calculus	soil	dental calculus
ERR10493341	permafrost	soil	lake sediment	soil
ERR10493343	permafrost	lake sediment	lake sediment	lake sediment
ERR10493344	permafrost	soil	marine sediment	dental calculus
ERR10493345	permafrost	sediment	marine sediment	dental calculus
ERR10493346	permafrost	lake sediment	soil	lake sediment
ERR10493347	permafrost	midden	soil	dental calculus
ERR10493348	permafrost	lake sediment	marine sediment	dental calculus
ERR10493349	permafrost	lake sediment	soil	dental calculus
ERR10493357	permafrost	intestine	marine sediment	dental calculus
ERR10493358	permafrost	intestine	marine sediment	dental calculus
ERR10493359	permafrost	intestine	marine sediment	dental calculus
ERR10493360	permafrost	dental calculus	lake sediment	lake sediment
ERR10493361	permafrost	soil	lake sediment	lake sediment
ERR10493362	permafrost	soil	lake sediment	dental calculus
ERR10493363	permafrost	soil	lake sediment	lake sediment
ERR11413657	dental calculus	midden	sediment	tooth
ERR11413658	dental calculus	dental calculus	bone	dental calculus
ERR11413659	dental calculus	dental calculus	tooth	dental calculus
ERR11413660	dental calculus	dental calculus	tooth	dental calculus
ERR11413661	dental calculus	dental calculus	tooth	dental calculus
ERR11413662	dental calculus	dental calculus	tooth	soil
ERR11413663	dental calculus	dental calculus	tooth	dental calculus
ERR11413664	dental calculus	midden	sediment	dental calculus
ERR11413665	dental calculus	dental calculus	leaf	dental calculus
ERR11413666	dental calculus	dental calculus	dental calculus	dental calculus
ERR11413667	dental calculus	dental calculus	leaf	dental calculus
ERR11413668	dental calculus	dental calculus	leaf	dental calculus
ERR11413669	dental calculus	dental calculus	midden	dental calculus
ERR11413670	dental calculus	dental calculus	leaf	intestine
ERR11413671	dental calculus	dental calculus	leaf	dental calculus
ERR11413672	dental calculus	dental calculus	tooth	dental calculus
ERR11413673	dental calculus	dental calculus	dental calculus	dental calculus
ERR11413674	dental calculus	dental calculus	tooth	dental calculus
ERR11413675	dental calculus	dental calculus	midden	dental calculus
ERR11413676	dental calculus	dental calculus	midden	dental calculus
ERR11413677	dental calculus	dental calculus	midden	dental calculus
ERR11413678	dental calculus	midden	sediment	dental calculus
ERR11413679	dental calculus	dental calculus	tooth	dental calculus
ERR11413680	dental calculus	dental calculus	tooth	dental calculus
ERR11413681	dental calculus	dental calculus	midden	dental calculus
ERR11413682	dental calculus	dental calculus	palaeofaeces	dental calculus
ERR11413683	dental calculus	dental calculus	midden	dental calculus
ERR11413684	dental calculus	dental calculus	sediment	dental calculus
ERR11413685	dental calculus	dental calculus	marine sediment	dental calculus
ERR11413686	dental calculus	dental calculus	midden	dental calculus
ERR11413687	dental calculus	dental calculus	digestive tract contents	dental calculus
ERR11413688	dental calculus	dental calculus	shell	dental calculus
ERR11413689	dental calculus	dental calculus	midden	dental calculus
ERR11413690	dental calculus	dental calculus	dental calculus	dental calculus
ERR11413691	dental calculus	dental calculus	digestive tract contents	dental calculus
ERR11413692	dental calculus	dental calculus	digestive tract contents	dental calculus
ERR11413693	dental calculus	dental calculus	marine sediment	dental calculus
ERR11413694	dental calculus	dental calculus	marine sediment	dental calculus
ERR11413695	dental calculus	dental calculus	midden	dental calculus
ERR11413696	dental calculus	dental calculus	midden	dental calculus
ERR11413697	dental calculus	dental calculus	sediment	dental calculus
ERR11413698	dental calculus	dental calculus	soil	palaeofaeces
ERR11413699	dental calculus	dental calculus	shell	dental calculus
ERR11413700	dental calculus	dental calculus	soil	dental calculus
ERR11413701	dental calculus	dental calculus	soil	palaeofaeces
ERR11413702	dental calculus	sediment	soil	lake sediment
ERR11413703	dental calculus	dental calculus	soil	dental calculus
ERR11413704	dental calculus	dental calculus	midden	dental calculus
ERR11413705	dental calculus	dental calculus	soil	dental calculus
ERR11413706	dental calculus	dental calculus	midden	dental calculus
ERR11413707	dental calculus	dental calculus	soil	dental calculus
ERR11413708	dental calculus	dental calculus	soil	dental calculus
ERR11413709	dental calculus	dental calculus	soil	marine sediment
ERR11413710	dental calculus	dental calculus	midden	dental calculus
ERR11413711	dental calculus	dental calculus	soil	dental calculus
ERR11413712	dental calculus	dental calculus	dental calculus	dental calculus
ERR11413713	dental calculus	dental calculus	tooth	dental calculus
ERR11413714	dental calculus	dental calculus	marine sediment	dental calculus
ERR11413715	dental calculus	dental calculus	marine sediment	dental calculus
ERR11413716	dental calculus	dental calculus	tooth	dental calculus
ERR11413717	dental calculus	dental calculus	midden	dental calculus
ERR11413718	dental calculus	dental calculus	digestive tract contents	dental calculus
ERR11413719	dental calculus	dental calculus	midden	dental calculus
ERR11413720	dental calculus	dental calculus	digestive tract contents	dental calculus
ERR11413721	dental calculus	dental calculus	marine sediment	dental calculus
ERR11413722	dental calculus	dental calculus	tooth	dental calculus
ERR11413723	dental calculus	dental calculus	tooth	dental calculus
ERR11413724	dental calculus	dental calculus	midden	dental calculus
ERR11413725	dental calculus	dental calculus	marine sediment	dental calculus
ERR11413726	dental calculus	dental calculus	soil	dental calculus
ERR11413727	dental calculus	dental calculus	dental calculus	dental calculus
ERR11413728	dental calculus	dental calculus	digestive tract contents	dental calculus
ERR11413729	dental calculus	dental calculus	tooth	dental calculus
ERR11413731	dental calculus	dental calculus	marine sediment	dental calculus
ERR11413732	dental calculus	dental calculus	digestive tract contents	dental calculus
ERR11413733	dental calculus	dental calculus	midden	dental calculus
ERR11413734	dental calculus	dental calculus	midden	dental calculus
ERR11413735	dental calculus	dental calculus	midden	dental calculus
ERR11413736	dental calculus	midden	sediment	tooth
ERR11413737	dental calculus	dental calculus	tooth	dental calculus
ERR11413738	dental calculus	midden	sediment	lake sediment
ERR11413739	dental calculus	dental calculus	lake sediment	dental calculus
ERR11413740	dental calculus	dental calculus	sediment	dental calculus
ERR11413741	dental calculus	dental calculus	sediment	dental calculus
ERR11413742	dental calculus	dental calculus	soil	dental calculus
ERR11413743	dental calculus	sediment	sediment	dental calculus
ERR11413744	dental calculus	dental calculus	sediment	dental calculus
ERR11413745	dental calculus	dental calculus	midden	dental calculus
ERR11413746	dental calculus	dental calculus	soil	dental calculus
ERR11413747	dental calculus	dental calculus	midden	dental calculus
ERR11413748	dental calculus	dental calculus	soil	dental calculus
ERR11413749	dental calculus	dental calculus	soil	dental calculus
ERR11413750	dental calculus	sediment	sediment	dental calculus
ERR11413751	dental calculus	dental calculus	soil	dental calculus
ERR11413752	dental calculus	dental calculus	midden	dental calculus
ERR11413753	dental calculus	dental calculus	midden	dental calculus
ERR11413754	dental calculus	dental calculus	tooth	shell
ERR11413755	dental calculus	dental calculus	midden	dental calculus
ERR11413756	dental calculus	dental calculus	tooth	shell
ERR11413757	dental calculus	dental calculus	tooth	shell
ERR11413758	dental calculus	dental calculus	midden	dental calculus
ERR11413759	dental calculus	dental calculus	tooth	dental calculus
ERR11656729	bone	tooth	soil	tooth
ERR11656730	bone	tooth	soil	tooth
ERR11656731	bone	tooth	soil	tooth
ERR11656732	bone	tooth	soil	tooth
ERR11656733	bone	tooth	soil	tooth
ERR11656734	bone	tooth	soil	tooth
ERR11656735	bone	tooth	soil	tooth
ERR11656736	bone	tooth	soil	tooth
ERR11656737	bone	tooth	soil	tooth
ERR11656738	bone	tooth	soil	tooth
ERR11656739	bone	tooth	soil	tooth
ERR11656740	bone	shell	soil	tooth
ERR11656741	bone	tooth	soil	tooth
ERR11656742	bone	shell	soil	tooth
ERR11656743	bone	tooth	soil	tooth
ERR11656744	bone	tooth	soil	tooth
ERR11656745	bone	shell	soil	shell
ERR11656746	bone	tooth	soil	tooth
ERR11656747	bone	tooth	soil	tooth
ERR11656748	bone	tooth	soil	tooth
ERR11660399	tooth	dental calculus	tooth	dental calculus
ERR11660400	tooth	dental calculus	tooth	dental calculus
ERR11660401	tooth	dental calculus	sediment	dental calculus
ERR11660402	tooth	dental calculus	tooth	dental calculus
ERR11660403	tooth	dental calculus	tooth	dental calculus
ERR11660404	tooth	dental calculus	sediment	dental calculus
ERR11660405	tooth	dental calculus	tooth	dental calculus
ERR11660406	tooth	dental calculus	tooth	dental calculus
ERR11660407	tooth	midden	sediment	dental calculus
ERR11660408	tooth	dental calculus	tooth	dental calculus
ERR11660409	tooth	dental calculus	tooth	dental calculus
ERR11660410	tooth	midden	sediment	dental calculus
ERR11660411	tooth	dental calculus	tooth	dental calculus
ERR11660412	tooth	dental calculus	tooth	dental calculus
ERR11660413	tooth	dental calculus	sediment	dental calculus
ERR11660414	tooth	dental calculus	tooth	dental calculus
ERR11660415	tooth	dental calculus	tooth	dental calculus
ERR11660416	tooth	dental calculus	tooth	dental calculus
ERR11660417	tooth	dental calculus	tooth	dental calculus
ERR11660418	tooth	dental calculus	tooth	dental calculus
ERR11660419	tooth	dental calculus	tooth	dental calculus
ERR11660420	tooth	dental calculus	tooth	dental calculus
ERR11660421	tooth	dental calculus	tooth	dental calculus
ERR11660422	tooth	dental calculus	tooth	dental calculus
ERR11660423	tooth	dental calculus	tooth	dental calculus
ERR11660424	tooth	dental calculus	tooth	dental calculus
ERR11660425	tooth	dental calculus	sediment	dental calculus
ERR11660426	tooth	dental calculus	tooth	dental calculus
ERR11660427	tooth	dental calculus	tooth	dental calculus
ERR11660428	tooth	dental calculus	sediment	dental calculus
ERR11660429	tooth	midden	soil	dental calculus
ERR11660430	tooth	midden	soil	tooth
ERR11660431	tooth	midden	soil	tooth
ERR11660432	tooth	midden	soil	dental calculus
ERR11660433	tooth	tooth	soil	tooth
ERR11660434	tooth	tooth	tooth	tooth
ERR11660435	tooth	tooth	soil	tooth
ERR11660436	tooth	tooth	soil	tooth
ERR11660437	tooth	tooth	soil	tooth
ERR11660438	tooth	tooth	tooth	tooth
ERR11660439	tooth	tooth	tooth	tooth
ERR11660440	tooth	tooth	tooth	tooth
ERR11660441	tooth	tooth	tooth	tooth
ERR11660442	tooth	tooth	tooth	tooth
ERR11660443	tooth	tooth	tooth	tooth
ERR11660444	tooth	tooth	tooth	tooth
ERR11660445	tooth	tooth	tooth	tooth
ERR11660446	tooth	tooth	tooth	tooth
ERR11660447	tooth	tooth	tooth	tooth
ERR11660448	tooth	tooth	tooth	tooth
ERR11660449	tooth	tooth	tooth	tooth
ERR11660450	tooth	tooth	tooth	tooth
ERR11660451	tooth	tooth	soil	tooth
ERR11660452	tooth	tooth	soil	tooth
ERR11660453	tooth	tooth	soil	tooth
ERR11660454	tooth	tooth	soil	tooth
ERR11660455	tooth	tooth	soil	tooth
ERR11660456	tooth	dental calculus	tooth	dental calculus
ERR11660457	tooth	dental calculus	tooth	dental calculus
ERR11660458	tooth	dental calculus	tooth	dental calculus
ERR11660459	tooth	dental calculus	sediment	dental calculus
ERR11660460	tooth	tooth	soil	tooth
ERR11660461	tooth	dental calculus	tooth	dental calculus
ERR11660462	tooth	dental calculus	tooth	dental calculus
ERR11660463	tooth	dental calculus	tooth	dental calculus
ERR11660464	tooth	dental calculus	tooth	dental calculus
ERR11660465	tooth	dental calculus	tooth	dental calculus
ERR11660466	tooth	dental calculus	tooth	dental calculus
ERR12115113	dental calculus	dental calculus	dental calculus	dental calculus
ERR12115114	dental calculus	dental calculus	digestive tract contents	dental calculus
ERR12115115	dental calculus	dental calculus	palaeofaeces	dental calculus
ERR12115116	dental calculus	dental calculus	digestive tract contents	dental calculus
ERR12814413	lake sediment	lake sediment	lake sediment	lake sediment
ERR12814414	lake sediment	lake sediment	lake sediment	lake sediment
ERR12814415	lake sediment	lake sediment	lake sediment	lake sediment
ERR12814416	lake sediment	lake sediment	lake sediment	lake sediment
ERR12814417	lake sediment	lake sediment	lake sediment	lake sediment
ERR12814418	lake sediment	lake sediment	lake sediment	lake sediment
ERR12814419	lake sediment	lake sediment	lake sediment	lake sediment
ERR12814422	lake sediment	lake sediment	lake sediment	lake sediment
ERR12814423	lake sediment	lake sediment	lake sediment	lake sediment
ERR12814424	lake sediment	lake sediment	lake sediment	lake sediment
ERR12814425	lake sediment	lake sediment	lake sediment	lake sediment
ERR12814427	lake sediment	lake sediment	lake sediment	lake sediment
ERR12814428	lake sediment	lake sediment	lake sediment	lake sediment
ERR12814429	lake sediment	lake sediment	lake sediment	lake sediment
ERR12814430	lake sediment	lake sediment	lake sediment	lake sediment
ERR12814431	lake sediment	lake sediment	lake sediment	lake sediment
ERR12814432	lake sediment	lake sediment	lake sediment	lake sediment
ERR12814433	lake sediment	marine sediment	soil	tooth
ERR12814434	lake sediment	lake sediment	lake sediment	lake sediment
ERR12814435	lake sediment	lake sediment	lake sediment	lake sediment
ERR12814436	lake sediment	lake sediment	lake sediment	lake sediment
ERR12814437	lake sediment	lake sediment	lake sediment	lake sediment
ERR12814438	lake sediment	lake sediment	lake sediment	lake sediment
ERR12814439	lake sediment	lake sediment	lake sediment	lake sediment
ERR12814440	lake sediment	lake sediment	lake sediment	lake sediment
ERR12814442	lake sediment	lake sediment	lake sediment	lake sediment
ERR12814443	lake sediment	lake sediment	lake sediment	lake sediment
ERR12814444	lake sediment	lake sediment	lake sediment	lake sediment
ERR12814445	lake sediment	lake sediment	lake sediment	lake sediment
ERR12814446	lake sediment	lake sediment	lake sediment	lake sediment
ERR12814447	lake sediment	lake sediment	lake sediment	lake sediment
ERR12814448	lake sediment	lake sediment	lake sediment	lake sediment
ERR12814449	lake sediment	lake sediment	lake sediment	lake sediment
ERR12814450	lake sediment	lake sediment	lake sediment	lake sediment
ERR12814452	lake sediment	lake sediment	lake sediment	lake sediment
ERR12814453	lake sediment	lake sediment	lake sediment	lake sediment
ERR12814454	lake sediment	lake sediment	lake sediment	lake sediment
ERR12814455	lake sediment	lake sediment	lake sediment	lake sediment
ERR12814456	lake sediment	lake sediment	lake sediment	lake sediment
ERR12814457	lake sediment	lake sediment	lake sediment	lake sediment
ERR12814458	lake sediment	lake sediment	lake sediment	lake sediment
ERR12814460	lake sediment	lake sediment	lake sediment	lake sediment
ERR12814461	lake sediment	lake sediment	lake sediment	lake sediment
ERR12814462	lake sediment	lake sediment	lake sediment	lake sediment
ERR12814463	lake sediment	lake sediment	lake sediment	lake sediment
ERR12814464	lake sediment	lake sediment	lake sediment	lake sediment
ERR12814465	lake sediment	lake sediment	lake sediment	lake sediment
ERR12814467	lake sediment	lake sediment	lake sediment	lake sediment
ERR12814468	lake sediment	lake sediment	lake sediment	lake sediment
ERR12814469	lake sediment	lake sediment	lake sediment	lake sediment
ERR12814470	lake sediment	lake sediment	lake sediment	lake sediment
ERR12814471	lake sediment	lake sediment	lake sediment	lake sediment
ERR12814472	lake sediment	lake sediment	lake sediment	lake sediment
ERR12814473	lake sediment	lake sediment	lake sediment	lake sediment
ERR12814474	lake sediment	lake sediment	lake sediment	lake sediment
ERR12814475	lake sediment	lake sediment	lake sediment	lake sediment
ERR12814476	lake sediment	lake sediment	lake sediment	lake sediment
ERR13950600	lake sediment	permafrost	lake sediment	dental calculus
ERR13950601	lake sediment	lake sediment	lake sediment	dental calculus
ERR13950606	lake sediment	lake sediment	lake sediment	lake sediment
ERR13950607	lake sediment	lake sediment	lake sediment	lake sediment
ERR13950608	lake sediment	lake sediment	lake sediment	lake sediment
ERR13950609	lake sediment	permafrost	lake sediment	dental calculus
ERR13950611	lake sediment	lake sediment	lake sediment	dental calculus
ERR13950612	lake sediment	permafrost	lake sediment	lake sediment
ERR13950613	lake sediment	lake sediment	lake sediment	dental calculus
ERR13950614	lake sediment	permafrost	lake sediment	dental calculus
ERR13950615	lake sediment	lake sediment	lake sediment	lake sediment
ERR13950620	lake sediment	lake sediment	lake sediment	dental calculus
ERR13950621	lake sediment	permafrost	lake sediment	dental calculus
ERR13950622	lake sediment	lake sediment	lake sediment	dental calculus
ERR13950623	lake sediment	lake sediment	lake sediment	lake sediment
ERR13950624	lake sediment	lake sediment	lake sediment	lake sediment
ERR13950625	lake sediment	lake sediment	lake sediment	lake sediment
ERR13950627	lake sediment	permafrost	lake sediment	dental calculus
ERR13950628	lake sediment	permafrost	lake sediment	dental calculus
ERR13950629	lake sediment	lake sediment	lake sediment	lake sediment
ERR13950630	lake sediment	lake sediment	lake sediment	lake sediment
ERR13950631	lake sediment	lake sediment	lake sediment	lake sediment
ERR13950632	lake sediment	lake sediment	lake sediment	lake sediment
ERR13950633	lake sediment	lake sediment	lake sediment	lake sediment
ERR13950634	lake sediment	lake sediment	lake sediment	dental calculus
ERR13950635	lake sediment	lake sediment	lake sediment	lake sediment
ERR13950637	lake sediment	lake sediment	lake sediment	lake sediment
ERR13950638	lake sediment	lake sediment	intestine	dental calculus
ERR13950639	lake sediment	permafrost	lake sediment	dental calculus
ERR13950640	lake sediment	lake sediment	lake sediment	dental calculus
ERR13950641	lake sediment	lake sediment	lake sediment	dental calculus
ERR13950642	lake sediment	lake sediment	lake sediment	dental calculus
ERR13950643	lake sediment	lake sediment	lake sediment	lake sediment
ERR13950644	lake sediment	lake sediment	lake sediment	dental calculus
ERR13950646	lake sediment	lake sediment	lake sediment	dental calculus
ERR13950647	lake sediment	lake sediment	lake sediment	dental calculus
ERR13950648	lake sediment	lake sediment	lake sediment	dental calculus
ERR13950649	lake sediment	lake sediment	lake sediment	lake sediment
ERR13950650	lake sediment	lake sediment	lake sediment	lake sediment
ERR13950653	lake sediment	permafrost	leaf	dental calculus
ERR13950654	lake sediment	permafrost	lake sediment	dental calculus
ERR13950655	lake sediment	lake sediment	intestine	dental calculus
ERR13950658	lake sediment	lake sediment	lake sediment	lake sediment
ERR13950659	lake sediment	lake sediment	lake sediment	dental calculus
ERR13950660	lake sediment	lake sediment	lake sediment	dental calculus
ERR13950661	lake sediment	permafrost	lake sediment	permafrost
ERR13950662	lake sediment	permafrost	lake sediment	permafrost
ERR13950663	lake sediment	permafrost	lake sediment	permafrost
ERR13950664	lake sediment	permafrost	lake sediment	dental calculus
ERR13950665	lake sediment	lake sediment	lake sediment	lake sediment
ERR13950666	lake sediment	permafrost	lake sediment	dental calculus
ERR13950667	lake sediment	lake sediment	lake sediment	lake sediment
ERR13950668	lake sediment	permafrost	lake sediment	permafrost
ERR13950669	lake sediment	permafrost	lake sediment	permafrost
ERR13950670	lake sediment	lake sediment	lake sediment	lake sediment
ERR13950671	lake sediment	lake sediment	lake sediment	dental calculus
ERR13950673	lake sediment	permafrost	lake sediment	dental calculus
ERR13950674	lake sediment	permafrost	lake sediment	permafrost
ERR14057409	digestive tract contents	intestine	soil	dental calculus
ERR14057410	digestive tract contents	permafrost	soil	dental calculus
ERR14057411	digestive tract contents	dental calculus	lake sediment	dental calculus
ERR14057412	digestive tract contents	dental calculus	lake sediment	dental calculus
ERR14057413	digestive tract contents	dental calculus	sediment	dental calculus
ERR14057414	digestive tract contents	dental calculus	sediment	dental calculus
ERR14057415	digestive tract contents	dental calculus	sediment	dental calculus
ERR14057416	digestive tract contents	dental calculus	sediment	dental calculus
ERR14100444	digestive tract contents	intestine	soil	dental calculus
ERR14100445	digestive tract contents	permafrost	soil	dental calculus
ERR14100446	digestive tract contents	dental calculus	lake sediment	dental calculus
ERR14100447	digestive tract contents	dental calculus	lake sediment	dental calculus
ERR14100448	digestive tract contents	dental calculus	sediment	dental calculus
ERR14100449	digestive tract contents	dental calculus	sediment	dental calculus
ERR14100450	digestive tract contents	dental calculus	sediment	dental calculus
ERR14100451	digestive tract contents	dental calculus	sediment	dental calculus
ERR1560012	lake sediment	lake sediment	soil	lake sediment
ERR1560013	lake sediment	lake sediment	lake sediment	lake sediment
ERR1560014	lake sediment	lake sediment	lake sediment	lake sediment
ERR1560015	lake sediment	lake sediment	lake sediment	lake sediment
ERR1560016	lake sediment	lake sediment	lake sediment	lake sediment
ERR1560017	lake sediment	lake sediment	lake sediment	lake sediment
ERR1560018	lake sediment	sediment	soil	tooth
ERR1560019	lake sediment	permafrost	lake sediment	leaf
ERR1560020	lake sediment	lake sediment	lake sediment	leaf
ERR1560021	lake sediment	lake sediment	soil	leaf
ERR1560022	lake sediment	lake sediment	soil	lake sediment
ERR1560023	lake sediment	lake sediment	soil	lake sediment
ERR1560024	lake sediment	sediment	soil	tooth
ERR1560025	lake sediment	lake sediment	soil	tooth
ERR1560093	lake sediment	lake sediment	lake sediment	lake sediment
ERR1560094	lake sediment	lake sediment	lake sediment	lake sediment
ERR1560095	lake sediment	lake sediment	lake sediment	leaf
ERR1560096	lake sediment	sediment	soil	tooth
ERR1560097	lake sediment	sediment	soil	lake sediment
ERR1560098	lake sediment	permafrost	soil	lake sediment
ERR1560099	lake sediment	sediment	soil	lake sediment
ERR1560100	lake sediment	permafrost	soil	lake sediment
ERR1560101	lake sediment	sediment	soil	tooth
ERR1560102	lake sediment	lake sediment	soil	permafrost
ERR1560103	lake sediment	lake sediment	lake sediment	leaf
ERR1560104	lake sediment	lake sediment	soil	permafrost
ERR1560105	lake sediment	lake sediment	lake sediment	lake sediment
ERR1560106	lake sediment	lake sediment	lake sediment	lake sediment
ERR1560107	lake sediment	lake sediment	lake sediment	lake sediment
ERR1560108	lake sediment	lake sediment	lake sediment	lake sediment
ERR1560109	lake sediment	lake sediment	lake sediment	lake sediment
ERR1560110	lake sediment	lake sediment	soil	lake sediment
ERR1688747	sediment	midden	soil	lake sediment
ERR1688749	sediment	midden	soil	leaf
ERR1688750	sediment	permafrost	soil	lake sediment
ERR1688752	sediment	midden	soil	leaf
ERR1688754	sediment	midden	soil	lake sediment
ERR1688756	sediment	midden	soil	lake sediment
ERR1688758	sediment	permafrost	leaf	leaf
ERR1688760	sediment	midden	soil	lake sediment
ERR1688761	sediment	midden	soil	lake sediment
ERR1688762	sediment	midden	soil	lake sediment
ERR1688764	sediment	permafrost	soil	lake sediment
ERR1688765	sediment	permafrost	soil	leaf
ERR1688768	sediment	midden	soil	marine sediment
ERR1688769	sediment	permafrost	soil	leaf
ERR1688771	sediment	permafrost	soil	lake sediment
ERR1688772	sediment	dental calculus	soil	lake sediment
ERR1688775	sediment	dental calculus	soil	lake sediment
ERR1688778	sediment	midden	soil	lake sediment
ERR1688780	sediment	midden	soil	lake sediment
ERR1688782	sediment	midden	soil	marine sediment
ERR1688785	sediment	midden	soil	marine sediment
ERR1688788	sediment	permafrost	soil	tooth
ERR1688789	sediment	bone	soil	tooth
ERR1688797	sediment	leaf	soil	leaf
ERR1688799	sediment	midden	soil	leaf
ERR1688803	sediment	permafrost	soil	leaf
ERR1688804	sediment	leaf	soil	leaf
ERR1688808	sediment	midden	soil	leaf
ERR1688810	sediment	dental calculus	soil	lake sediment
ERR1777519	bone	tooth	lake sediment	tooth
ERR1777520	bone	tooth	muscle tissue	lake sediment
ERR1777521	tooth	tooth	muscle tissue	lake sediment
ERR1777522	bone	tooth	intestine	tooth
ERR1777523	bone	soil	muscle tissue	lake sediment
ERR1777524	tooth	tooth	intestine	tooth
ERR1777525	bone	tooth	muscle tissue	tooth
ERR1777526	bone	tooth	lake sediment	tooth
ERR1777527	tooth	tooth	tooth	tooth
ERR1777528	bone	tooth	muscle tissue	tooth
ERR1777529	bone	tooth	sediment	tooth
ERR1777530	tooth	tooth	sediment	tooth
ERR1777531	bone	tooth	muscle tissue	tooth
ERR1777532	bone	tooth	intestine	tooth
ERR1777533	tooth	tooth	tooth	tooth
ERR1777534	bone	tooth	lake sediment	tooth
ERR1777535	bone	tooth	sediment	tooth
ERR1777536	tooth	tooth	muscle tissue	tooth
ERR1777537	bone	midden	lake sediment	tooth
ERR1777538	bone	tooth	muscle tissue	tooth
ERR1777539	tooth	tooth	sediment	tooth
ERR1777540	bone	tooth	intestine	tooth
ERR1777541	bone	tooth	lake sediment	tooth
ERR1777542	tooth	tooth	intestine	tooth
ERR1777543	bone	tooth	intestine	tooth
ERR1777544	bone	tooth	muscle tissue	tooth
ERR1777545	tooth	tooth	intestine	tooth
ERR1777546	bone	tooth	muscle tissue	tooth
ERR1777547	tooth	soil	lake sediment	lake sediment
ERR1777548	bone	tooth	sediment	tooth
ERR1777549	tooth	tooth	intestine	tooth
ERR1777550	bone	tooth	sediment	tooth
ERR1777551	tooth	tooth	tooth	tooth
ERR1777552	bone	tooth	sediment	tooth
ERR1777553	tooth	tooth	tooth	tooth
ERR1777554	bone	tooth	sediment	tooth
ERR1777555	tooth	tooth	lake sediment	tooth
ERR1777556	bone	tooth	marine sediment	tooth
ERR1777557	tooth	tooth	muscle tissue	tooth
ERR1777558	bone	tooth	sediment	tooth
ERR1777559	tooth	midden	lake sediment	tooth
ERR1777560	bone	tooth	sediment	tooth
ERR1777561	tooth	tooth	muscle tissue	tooth
ERR1777562	bone	tooth	sediment	tooth
ERR1777563	tooth	tooth	lake sediment	tooth
ERR1777564	bone	tooth	sediment	tooth
ERR1777565	tooth	tooth	muscle tissue	tooth
ERR1777566	bone	tooth	sediment	tooth
ERR1777567	tooth	tooth	lake sediment	tooth
ERR1777568	bone	tooth	sediment	tooth
ERR1777569	tooth	dental calculus	shell	intestine
ERR1894879	shell	tooth	marine sediment	tooth
ERR1894880	shell	tooth	soil	tooth
ERR1894881	shell	tooth	marine sediment	dental calculus
ERR1894882	shell	tooth	marine sediment	dental calculus
ERR1894900	shell	tooth	marine sediment	bone
ERR1894901	shell	tooth	marine sediment	bone
ERR1894902	shell	tooth	marine sediment	dental calculus
ERR1894903	shell	tooth	marine sediment	bone
ERR1894904	shell	bone	tooth	bone
ERR1894905	shell	bone	soil	bone
ERR1894906	shell	bone	marine sediment	bone
ERR1894907	shell	marine sediment	marine sediment	dental calculus
ERR1894908	shell	tooth	soil	tooth
ERR1894909	shell	tooth	soil	tooth
ERR1894910	shell	tooth	marine sediment	tooth
ERR1894911	shell	tooth	marine sediment	tooth
ERR1894912	shell	bone	soil	bone
ERR1894913	shell	tooth	soil	bone
ERR1894914	shell	tooth	marine sediment	tooth
ERR1894915	shell	tooth	marine sediment	tooth
ERR1894916	shell	tooth	marine sediment	dental calculus
ERR1894917	shell	tooth	marine sediment	dental calculus
ERR1894918	shell	tooth	marine sediment	tooth
ERR1894919	shell	tooth	marine sediment	tooth
ERR2269773	leaf	leaf	lake sediment	leaf
ERR2269775	leaf	dental calculus	lake sediment	dental calculus
ERR2269776	leaf	leaf	lake sediment	leaf
ERR2269777	leaf	leaf	lake sediment	leaf
ERR2269778	leaf	leaf	lake sediment	leaf
ERR2269779	leaf	leaf	lake sediment	leaf
ERR2269780	leaf	leaf	lake sediment	leaf
ERR2269781	leaf	permafrost	lake sediment	leaf
ERR2269782	leaf	leaf	lake sediment	leaf
ERR2269783	leaf	leaf	lake sediment	leaf
ERR2269784	leaf	leaf	lake sediment	dental calculus
ERR2269785	leaf	leaf	lake sediment	leaf
ERR2269786	leaf	permafrost	lake sediment	leaf
ERR2269787	leaf	leaf	lake sediment	leaf
ERR2269788	leaf	leaf	lake sediment	leaf
ERR2269789	leaf	leaf	lake sediment	leaf
ERR2269790	leaf	marine sediment	soil	dental calculus
ERR2269791	leaf	leaf	lake sediment	leaf
ERR2269792	leaf	leaf	lake sediment	leaf
ERR2269793	leaf	leaf	lake sediment	leaf
ERR2269794	leaf	palaeofaeces	lake sediment	dental calculus
ERR2269795	leaf	leaf	lake sediment	leaf
ERR2269796	leaf	dental calculus	lake sediment	permafrost
ERR2269797	leaf	leaf	lake sediment	leaf
ERR2269798	leaf	dental calculus	lake sediment	dental calculus
ERR2269799	leaf	dental calculus	lake sediment	dental calculus
ERR2269800	leaf	palaeofaeces	lake sediment	dental calculus
ERR2269801	leaf	tooth	lake sediment	dental calculus
ERR2269802	leaf	dental calculus	lake sediment	dental calculus
ERR2269803	leaf	palaeofaeces	lake sediment	dental calculus
ERR2269804	leaf	leaf	soil	lake sediment
ERR2269805	leaf	leaf	lake sediment	leaf
ERR3579671	dental calculus	palaeofaeces	muscle tissue	dental calculus
ERR3579672	dental calculus	dental calculus	digestive tract contents	dental calculus
ERR3579673	dental calculus	dental calculus	muscle tissue	dental calculus
ERR3579674	dental calculus	bone	digestive tract contents	dental calculus
ERR3579675	dental calculus	dental calculus	palaeofaeces	dental calculus
ERR3579676	dental calculus	dental calculus	muscle tissue	dental calculus
ERR3579677	dental calculus	dental calculus	leaf	dental calculus
ERR3579678	dental calculus	dental calculus	leaf	dental calculus
ERR3579680	dental calculus	dental calculus	muscle tissue	dental calculus
ERR3579681	dental calculus	dental calculus	intestine	dental calculus
ERR3579682	dental calculus	dental calculus	muscle tissue	dental calculus
ERR3579683	dental calculus	dental calculus	intestine	dental calculus
ERR3579685	dental calculus	dental calculus	intestine	dental calculus
ERR3579687	dental calculus	dental calculus	intestine	dental calculus
ERR3579688	dental calculus	dental calculus	tooth	dental calculus
ERR3579699	dental calculus	dental calculus	sediment	dental calculus
ERR3579700	dental calculus	dental calculus	digestive tract contents	dental calculus
ERR3579701	dental calculus	dental calculus	digestive tract contents	dental calculus
ERR3579702	dental calculus	dental calculus	muscle tissue	dental calculus
ERR3579703	dental calculus	dental calculus	muscle tissue	dental calculus
ERR3579704	dental calculus	shell	intestine	dental calculus
ERR3579705	dental calculus	dental calculus	permafrost	dental calculus
ERR3579706	dental calculus	dental calculus	intestine	dental calculus
ERR3579707	dental calculus	dental calculus	leaf	dental calculus
ERR3579708	dental calculus	dental calculus	midden	dental calculus
ERR3579709	dental calculus	dental calculus	muscle tissue	dental calculus
ERR3579710	dental calculus	dental calculus	dental calculus	dental calculus
ERR3579711	dental calculus	dental calculus	digestive tract contents	dental calculus
ERR3579712	dental calculus	dental calculus	dental calculus	dental calculus
ERR3579713	dental calculus	dental calculus	shell	dental calculus
ERR3579714	dental calculus	unknown	shell	dental calculus
ERR3579715	dental calculus	dental calculus	digestive tract contents	dental calculus
ERR3579716	dental calculus	dental calculus	palaeofaeces	dental calculus
ERR3579719	dental calculus	tooth	tooth	dental calculus
ERR3579720	dental calculus	bone	intestine	dental calculus
ERR3579721	dental calculus	dental calculus	intestine	dental calculus
ERR3579722	dental calculus	dental calculus	midden	dental calculus
ERR3579723	dental calculus	dental calculus	bone	dental calculus
ERR3579726	dental calculus	dental calculus	muscle tissue	dental calculus
ERR3579727	dental calculus	dental calculus	muscle tissue	dental calculus
ERR3579728	dental calculus	dental calculus	leaf	dental calculus
ERR3579729	dental calculus	dental calculus	bone	dental calculus
ERR3579730	dental calculus	dental calculus	leaf	dental calculus
ERR3579731	dental calculus	dental calculus	leaf	dental calculus
ERR3579732	dental calculus	dental calculus	lake sediment	dental calculus
ERR3579733	dental calculus	dental calculus	leaf	dental calculus
ERR3579734	dental calculus	dental calculus	intestine	dental calculus
ERR3579735	dental calculus	dental calculus	palaeofaeces	dental calculus
ERR3579738	dental calculus	dental calculus	bone	dental calculus
ERR3579740	dental calculus	dental calculus	bone	dental calculus
ERR3579741	dental calculus	dental calculus	midden	dental calculus
ERR3579742	dental calculus	dental calculus	midden	dental calculus
ERR3579743	dental calculus	dental calculus	intestine	dental calculus
ERR3579744	dental calculus	dental calculus	muscle tissue	dental calculus
ERR3579745	dental calculus	dental calculus	leaf	dental calculus
ERR3579746	dental calculus	dental calculus	leaf	dental calculus
ERR3579747	dental calculus	dental calculus	leaf	dental calculus
ERR3579748	dental calculus	dental calculus	lake sediment	dental calculus
ERR3579749	dental calculus	dental calculus	leaf	dental calculus
ERR3579750	dental calculus	shell	intestine	dental calculus
ERR3579751	dental calculus	dental calculus	palaeofaeces	dental calculus
ERR3579752	dental calculus	dental calculus	palaeofaeces	dental calculus
ERR3579753	dental calculus	dental calculus	palaeofaeces	dental calculus
ERR3579754	dental calculus	bone	intestine	dental calculus
ERR3579755	dental calculus	dental calculus	muscle tissue	dental calculus
ERR3579756	dental calculus	dental calculus	muscle tissue	dental calculus
ERR3579757	dental calculus	dental calculus	muscle tissue	dental calculus
ERR3579758	dental calculus	dental calculus	muscle tissue	dental calculus
ERR3579759	dental calculus	dental calculus	bone	dental calculus
ERR3579760	dental calculus	dental calculus	midden	dental calculus
ERR3579761	dental calculus	dental calculus	midden	dental calculus
ERR3579762	dental calculus	dental calculus	midden	dental calculus
ERR3579763	dental calculus	dental calculus	digestive tract contents	dental calculus
ERR3579764	dental calculus	dental calculus	midden	dental calculus
ERR3579765	dental calculus	dental calculus	muscle tissue	dental calculus
ERR3579766	dental calculus	dental calculus	palaeofaeces	dental calculus
ERR3579767	dental calculus	dental calculus	palaeofaeces	dental calculus
ERR3579768	dental calculus	dental calculus	midden	dental calculus
ERR3579774	dental calculus	dental calculus	midden	dental calculus
ERR3579775	dental calculus	dental calculus	bone	dental calculus
ERR3579776	dental calculus	dental calculus	muscle tissue	dental calculus
ERR3579777	dental calculus	dental calculus	intestine	dental calculus
ERR3579779	dental calculus	dental calculus	intestine	dental calculus
ERR3579781	dental calculus	dental calculus	muscle tissue	dental calculus
ERR3579782	dental calculus	dental calculus	leaf	dental calculus
ERR3579783	dental calculus	dental calculus	leaf	dental calculus
ERR3579784	dental calculus	dental calculus	unknown	dental calculus
ERR3579785	dental calculus	dental calculus	intestine	dental calculus
ERR3579786	dental calculus	dental calculus	palaeofaeces	dental calculus
ERR3579787	dental calculus	dental calculus	bone	dental calculus
ERR3579788	dental calculus	dental calculus	sediment	dental calculus
ERR3579789	dental calculus	dental calculus	midden	dental calculus
ERR3579790	dental calculus	dental calculus	midden	dental calculus
ERR3579791	dental calculus	dental calculus	bone	dental calculus
ERR3579792	dental calculus	dental calculus	digestive tract contents	dental calculus
ERR3579793	dental calculus	dental calculus	digestive tract contents	dental calculus
ERR3579796	dental calculus	dental calculus	digestive tract contents	dental calculus
ERR3579797	dental calculus	dental calculus	digestive tract contents	dental calculus
ERR3579798	dental calculus	dental calculus	digestive tract contents	dental calculus
ERR3579799	dental calculus	dental calculus	digestive tract contents	dental calculus
ERR3579800	dental calculus	dental calculus	leaf	dental calculus
ERR3579801	dental calculus	dental calculus	midden	dental calculus
ERR3579802	dental calculus	dental calculus	bone	dental calculus
ERR3579803	dental calculus	dental calculus	midden	dental calculus
ERR3579804	dental calculus	dental calculus	midden	dental calculus
ERR3579805	dental calculus	dental calculus	midden	dental calculus
ERR3579806	dental calculus	dental calculus	bone	dental calculus
ERR3579807	dental calculus	tooth	intestine	dental calculus
ERR3579809	dental calculus	dental calculus	midden	dental calculus
ERR3579810	dental calculus	dental calculus	bone	dental calculus
ERR3579811	dental calculus	sediment	intestine	dental calculus
ERR3579812	dental calculus	sediment	intestine	dental calculus
ERR3579813	dental calculus	dental calculus	intestine	dental calculus
ERR3579814	dental calculus	dental calculus	intestine	dental calculus
ERR3579815	dental calculus	sediment	intestine	dental calculus
ERR3579816	dental calculus	bone	intestine	dental calculus
ERR3579817	dental calculus	dental calculus	leaf	dental calculus
ERR3579818	dental calculus	dental calculus	intestine	dental calculus
ERR3579827	dental calculus	dental calculus	midden	dental calculus
ERR3579828	dental calculus	dental calculus	intestine	dental calculus
ERR3579829	dental calculus	dental calculus	intestine	dental calculus
ERR3579830	dental calculus	tooth	intestine	dental calculus
ERR3609652	dental calculus	permafrost	lake sediment	dental calculus
ERR3609653	dental calculus	tooth	lake sediment	tooth
ERR3609654	dental calculus	permafrost	lake sediment	intestine
ERR3609655	dental calculus	permafrost	lake sediment	intestine
ERR3609656	dental calculus	permafrost	lake sediment	intestine
ERR3609657	dental calculus	intestine	lake sediment	dental calculus
ERR3609658	dental calculus	intestine	lake sediment	dental calculus
ERR3609659	dental calculus	bone	marine sediment	lake sediment
ERR3609660	dental calculus	dental calculus	digestive tract contents	dental calculus
ERR3609661	dental calculus	dental calculus	digestive tract contents	dental calculus
ERR3678173	dental calculus	dental calculus	muscle tissue	dental calculus
ERR3678174	dental calculus	dental calculus	palaeofaeces	dental calculus
ERR3678175	dental calculus	dental calculus	muscle tissue	dental calculus
ERR3678176	dental calculus	dental calculus	midden	dental calculus
ERR3678177	dental calculus	dental calculus	midden	dental calculus
ERR3678179	dental calculus	dental calculus	leaf	dental calculus
ERR3678180	dental calculus	dental calculus	intestine	dental calculus
ERR3678181	dental calculus	dental calculus	muscle tissue	dental calculus
ERR3678182	dental calculus	dental calculus	muscle tissue	dental calculus
ERR3678184	dental calculus	dental calculus	intestine	dental calculus
ERR3678186	dental calculus	dental calculus	intestine	dental calculus
ERR3678187	dental calculus	dental calculus	bone	dental calculus
ERR3678595	palaeofaeces	palaeofaeces	palaeofaeces	palaeofaeces
ERR3678596	palaeofaeces	palaeofaeces	palaeofaeces	palaeofaeces
ERR3678598	palaeofaeces	palaeofaeces	palaeofaeces	palaeofaeces
ERR3678599	palaeofaeces	palaeofaeces	palaeofaeces	palaeofaeces
ERR3678600	palaeofaeces	palaeofaeces	palaeofaeces	palaeofaeces
ERR3678602	palaeofaeces	palaeofaeces	palaeofaeces	palaeofaeces
ERR3678603	palaeofaeces	palaeofaeces	palaeofaeces	palaeofaeces
ERR3678604	palaeofaeces	palaeofaeces	palaeofaeces	palaeofaeces
ERR3678605	palaeofaeces	palaeofaeces	palaeofaeces	palaeofaeces
ERR3678606	palaeofaeces	palaeofaeces	palaeofaeces	palaeofaeces
ERR3678607	palaeofaeces	palaeofaeces	palaeofaeces	palaeofaeces
ERR3678609	palaeofaeces	palaeofaeces	palaeofaeces	palaeofaeces
ERR3678610	palaeofaeces	palaeofaeces	intestine	dental calculus
ERR3678611	palaeofaeces	palaeofaeces	palaeofaeces	palaeofaeces
ERR3678612	palaeofaeces	palaeofaeces	palaeofaeces	palaeofaeces
ERR3678613	palaeofaeces	palaeofaeces	palaeofaeces	palaeofaeces
ERR3678614	palaeofaeces	palaeofaeces	palaeofaeces	palaeofaeces
ERR3678615	palaeofaeces	palaeofaeces	palaeofaeces	palaeofaeces
ERR3678616	palaeofaeces	palaeofaeces	palaeofaeces	palaeofaeces
ERR3678617	palaeofaeces	palaeofaeces	palaeofaeces	palaeofaeces
ERR3678618	palaeofaeces	palaeofaeces	palaeofaeces	palaeofaeces
ERR3678619	palaeofaeces	palaeofaeces	palaeofaeces	palaeofaeces
ERR3678620	palaeofaeces	palaeofaeces	palaeofaeces	palaeofaeces
ERR3678622	palaeofaeces	palaeofaeces	palaeofaeces	palaeofaeces
ERR3678623	palaeofaeces	palaeofaeces	palaeofaeces	palaeofaeces
ERR3678625	palaeofaeces	palaeofaeces	palaeofaeces	palaeofaeces
ERR3678626	palaeofaeces	palaeofaeces	palaeofaeces	palaeofaeces
ERR3678627	palaeofaeces	palaeofaeces	palaeofaeces	palaeofaeces
ERR3678628	palaeofaeces	palaeofaeces	palaeofaeces	palaeofaeces
ERR3678629	palaeofaeces	palaeofaeces	palaeofaeces	palaeofaeces
ERR3678727	dental calculus	dental calculus	bone	dental calculus
ERR3728226	dental calculus	dental calculus	leaf	dental calculus
ERR3728227	dental calculus	dental calculus	leaf	dental calculus
ERR3728228	dental calculus	dental calculus	leaf	dental calculus
ERR3728238	dental calculus	midden	soil	dental calculus
ERR3728239	dental calculus	dental calculus	tooth	dental calculus
ERR3728240	dental calculus	midden	soil	dental calculus
ERR3728241	dental calculus	midden	soil	dental calculus
ERR3728245	dental calculus	dental calculus	permafrost	dental calculus
ERR3728246	dental calculus	dental calculus	leaf	dental calculus
ERR3728247	dental calculus	dental calculus	leaf	dental calculus
ERR3728248	dental calculus	dental calculus	leaf	dental calculus
ERR3728249	dental calculus	dental calculus	leaf	dental calculus
ERR3728250	dental calculus	dental calculus	permafrost	dental calculus
ERR3728251	dental calculus	dental calculus	leaf	dental calculus
ERR3728252	dental calculus	dental calculus	permafrost	dental calculus
ERR3728254	dental calculus	dental calculus	permafrost	dental calculus
ERR3728255	dental calculus	dental calculus	permafrost	dental calculus
ERR3728256	dental calculus	dental calculus	permafrost	dental calculus
ERR3728257	dental calculus	dental calculus	permafrost	dental calculus
ERR3761400	midden	sediment	unknown	sediment
ERR3761401	midden	dental calculus	unknown	sediment
ERR3761402	sediment	dental calculus	unknown	sediment
ERR3761403	midden	lake sediment	unknown	sediment
ERR3761404	sediment	dental calculus	unknown	dental calculus
ERR3761405	midden	dental calculus	unknown	dental calculus
ERR3761406	sediment	dental calculus	unknown	dental calculus
ERR3761407	palaeofaeces	palaeofaeces	palaeofaeces	palaeofaeces
ERR3761408	palaeofaeces	palaeofaeces	palaeofaeces	palaeofaeces
ERR3761409	palaeofaeces	palaeofaeces	palaeofaeces	palaeofaeces
ERR3761410	palaeofaeces	palaeofaeces	palaeofaeces	palaeofaeces
ERR3761411	palaeofaeces	palaeofaeces	palaeofaeces	palaeofaeces
ERR3761412	palaeofaeces	palaeofaeces	palaeofaeces	palaeofaeces
ERR3761413	palaeofaeces	palaeofaeces	palaeofaeces	palaeofaeces
ERR3772645	lake sediment	lake sediment	lake sediment	lake sediment
ERR3804374	lake sediment	lake sediment	lake sediment	lake sediment
ERR3804375	lake sediment	lake sediment	lake sediment	lake sediment
ERR3906046	dental calculus	dental calculus	leaf	dental calculus
ERR4172756	dental calculus	dental calculus	palaeofaeces	dental calculus
ERR4172758	dental calculus	dental calculus	palaeofaeces	dental calculus
ERR4172761	dental calculus	dental calculus	palaeofaeces	dental calculus
ERR4172763	dental calculus	dental calculus	palaeofaeces	dental calculus
ERR4172766	dental calculus	dental calculus	palaeofaeces	dental calculus
ERR4172783	dental calculus	dental calculus	palaeofaeces	dental calculus
ERR4172788	dental calculus	dental calculus	palaeofaeces	dental calculus
ERR4172789	dental calculus	dental calculus	soil	dental calculus
ERR4172797	dental calculus	dental calculus	soil	dental calculus
ERR4172799	dental calculus	dental calculus	sediment	dental calculus
ERR4172800	dental calculus	dental calculus	sediment	dental calculus
ERR4172802	dental calculus	dental calculus	soil	dental calculus
ERR4172804	dental calculus	dental calculus	soil	dental calculus
ERR4172806	dental calculus	dental calculus	sediment	dental calculus
ERR4172808	dental calculus	dental calculus	permafrost	dental calculus
ERR4172809	dental calculus	dental calculus	sediment	dental calculus
ERR4172811	dental calculus	dental calculus	sediment	dental calculus
ERR4172813	dental calculus	dental calculus	sediment	dental calculus
ERR4172814	dental calculus	dental calculus	sediment	dental calculus
ERR4172817	dental calculus	dental calculus	soil	dental calculus
ERR4172819	dental calculus	dental calculus	soil	dental calculus
ERR4172823	dental calculus	dental calculus	soil	dental calculus
ERR4172827	dental calculus	dental calculus	soil	dental calculus
ERR4172829	dental calculus	digestive tract contents	soil	dental calculus
ERR4172830	dental calculus	digestive tract contents	soil	dental calculus
ERR4172832	dental calculus	digestive tract contents	palaeofaeces	dental calculus
ERR4172834	dental calculus	digestive tract contents	palaeofaeces	dental calculus
ERR4172835	dental calculus	leaf	soil	lake sediment
ERR4172836	dental calculus	leaf	soil	lake sediment
ERR4172838	dental calculus	leaf	soil	leaf
ERR4172839	dental calculus	leaf	soil	leaf
ERR4172841	dental calculus	dental calculus	soil	dental calculus
ERR4172843	dental calculus	dental calculus	soil	dental calculus
ERR4172850	dental calculus	dental calculus	palaeofaeces	dental calculus
ERR4172854	dental calculus	dental calculus	palaeofaeces	dental calculus
ERR4172855	dental calculus	dental calculus	leaf	leaf
ERR4172857	dental calculus	dental calculus	soil	leaf
ERR4172860	dental calculus	dental calculus	soil	leaf
ERR4172872	dental calculus	dental calculus	leaf	leaf
ERR4172883	tooth	intestine	soil	dental calculus
ERR4172889	tooth	intestine	soil	dental calculus
ERR4172953	tooth	intestine	soil	dental calculus
ERR4172977	tooth	intestine	soil	dental calculus
ERR4172978	dental calculus	dental calculus	soil	dental calculus
ERR4172979	dental calculus	dental calculus	soil	dental calculus
ERR4172981	dental calculus	dental calculus	soil	dental calculus
ERR4172982	dental calculus	dental calculus	soil	dental calculus
ERR4172991	dental calculus	dental calculus	soil	dental calculus
ERR4173008	dental calculus	dental calculus	soil	dental calculus
ERR4173033	dental calculus	dental calculus	palaeofaeces	dental calculus
ERR4173039	dental calculus	dental calculus	soil	dental calculus
ERR4173041	dental calculus	dental calculus	soil	dental calculus
ERR4173043	dental calculus	dental calculus	soil	dental calculus
ERR4173045	dental calculus	dental calculus	soil	dental calculus
ERR4173049	dental calculus	dental calculus	soil	dental calculus
ERR4173051	dental calculus	dental calculus	soil	dental calculus
ERR4173057	dental calculus	dental calculus	soil	dental calculus
ERR4173060	dental calculus	dental calculus	soil	dental calculus
ERR4173061	dental calculus	dental calculus	soil	dental calculus
ERR4173063	dental calculus	dental calculus	soil	dental calculus
ERR4173066	dental calculus	dental calculus	soil	dental calculus
ERR4173068	dental calculus	dental calculus	soil	dental calculus
ERR4173070	dental calculus	dental calculus	palaeofaeces	dental calculus
ERR4173072	dental calculus	dental calculus	palaeofaeces	dental calculus
ERR4173073	dental calculus	dental calculus	palaeofaeces	dental calculus
ERR4173075	dental calculus	dental calculus	palaeofaeces	dental calculus
ERR4173082	dental calculus	dental calculus	palaeofaeces	dental calculus
ERR4334735	lake sediment	lake sediment	lake sediment	lake sediment
ERR4334736	lake sediment	lake sediment	lake sediment	lake sediment
ERR4373119	dental calculus	soil	tooth	dental calculus
ERR4373134	dental calculus	soil	soil	dental calculus
ERR4373146	dental calculus	dental calculus	tooth	dental calculus
ERR4373153	dental calculus	soil	soil	dental calculus
ERR4373159	dental calculus	soil	palaeofaeces	dental calculus
ERR4373979	dental calculus	dental calculus	leaf	dental calculus
ERR4373995	bone	soil	soil	dental calculus
ERR4373996	tooth	soil	soil	dental calculus
ERR4373997	bone	tooth	tooth	tooth
ERR4373998	bone	soil	soil	tooth
ERR4373999	tooth	soil	soil	dental calculus
ERR4374000	bone	soil	soil	dental calculus
ERR4374001	bone	tooth	tooth	tooth
ERR4374002	bone	soil	tooth	dental calculus
ERR4374003	bone	soil	soil	tooth
ERR4374004	bone	dental calculus	palaeofaeces	dental calculus
ERR4374005	bone	soil	tooth	tooth
ERR4374006	tooth	dental calculus	palaeofaeces	dental calculus
ERR4374007	tooth	palaeofaeces	palaeofaeces	dental calculus
ERR4374008	bone	palaeofaeces	palaeofaeces	tooth
ERR4374009	tooth	dental calculus	tooth	dental calculus
ERR4374010	tooth	dental calculus	tooth	dental calculus
ERR4374011	unknown	palaeofaeces	palaeofaeces	dental calculus
ERR4374012	tooth	palaeofaeces	palaeofaeces	tooth
ERR4374013	tooth	soil	tooth	tooth
ERR4374014	tooth	dental calculus	soil	dental calculus
ERR4374015	bone	palaeofaeces	tooth	tooth
ERR4374016	bone	dental calculus	soil	dental calculus
ERR4374017	unknown	soil	soil	tooth
ERR4374018	tooth	dental calculus	palaeofaeces	dental calculus
ERR4374019	bone	soil	soil	tooth
ERR4374020	bone	soil	palaeofaeces	tooth
ERR4374021	unknown	palaeofaeces	palaeofaeces	tooth
ERR4374022	tooth	dental calculus	soil	dental calculus
ERR4374023	tooth	dental calculus	palaeofaeces	tooth
ERR4374024	tooth	palaeofaeces	palaeofaeces	dental calculus
ERR4374025	bone	dental calculus	soil	dental calculus
ERR4374026	bone	dental calculus	tooth	dental calculus
ERR4374027	tooth	dental calculus	palaeofaeces	dental calculus
ERR4374028	tooth	dental calculus	tooth	dental calculus
ERR4374029	bone	dental calculus	soil	dental calculus
ERR4374030	bone	soil	palaeofaeces	tooth
ERR4374031	tooth	palaeofaeces	palaeofaeces	dental calculus
ERR4374032	bone	dental calculus	palaeofaeces	dental calculus
ERR4374033	bone	soil	palaeofaeces	dental calculus
ERR4374034	bone	soil	tooth	tooth
ERR4374035	unknown	soil	soil	dental calculus
ERR4374036	bone	soil	soil	tooth
ERR4374037	bone	dental calculus	tooth	dental calculus
ERR4374038	bone	dental calculus	palaeofaeces	dental calculus
ERR4374039	bone	soil	soil	dental calculus
ERR4374040	bone	dental calculus	palaeofaeces	dental calculus
ERR4374041	bone	marine sediment	soil	tooth
ERR4374042	tooth	dental calculus	soil	dental calculus
ERR4374043	bone	dental calculus	palaeofaeces	dental calculus
ERR4374044	tooth	dental calculus	palaeofaeces	dental calculus
ERR4374045	tooth	palaeofaeces	palaeofaeces	tooth
ERR4374046	unknown	soil	soil	tooth
ERR4374047	bone	dental calculus	tooth	dental calculus
ERR4374048	tooth	soil	soil	tooth
ERR4374049	tooth	palaeofaeces	palaeofaeces	dental calculus
ERR4374050	tooth	dental calculus	palaeofaeces	dental calculus
ERR4374051	tooth	palaeofaeces	palaeofaeces	dental calculus
ERR4374052	bone	dental calculus	tooth	dental calculus
ERR4374053	tooth	tooth	tooth	tooth
ERR4374055	bone	dental calculus	soil	dental calculus
ERR4374588	bone	dental calculus	muscle tissue	dental calculus
ERR4374589	tooth	dental calculus	palaeofaeces	dental calculus
ERR4374838	tooth	dental calculus	tooth	dental calculus
ERR4374839	bone	dental calculus	palaeofaeces	dental calculus
ERR4374851	bone	soil	palaeofaeces	dental calculus
ERR4374857	unknown	soil	soil	dental calculus
ERR4374858	tooth	palaeofaeces	palaeofaeces	tooth
ERR4374859	bone	soil	palaeofaeces	tooth
ERR4374860	tooth	dental calculus	palaeofaeces	dental calculus
ERR4374861	bone	soil	palaeofaeces	dental calculus
ERR4374862	bone	soil	tooth	tooth
ERR4374863	tooth	dental calculus	palaeofaeces	dental calculus
ERR4374864	tooth	soil	palaeofaeces	dental calculus
ERR4374865	tooth	dental calculus	palaeofaeces	dental calculus
ERR4374866	tooth	soil	palaeofaeces	dental calculus
ERR4374867	tooth	palaeofaeces	palaeofaeces	dental calculus
ERR4374868	tooth	soil	palaeofaeces	dental calculus
ERR4374869	tooth	palaeofaeces	palaeofaeces	tooth
ERR4374870	tooth	dental calculus	palaeofaeces	dental calculus
ERR4374871	tooth	soil	palaeofaeces	dental calculus
ERR4374872	tooth	dental calculus	palaeofaeces	dental calculus
ERR4374873	tooth	dental calculus	palaeofaeces	dental calculus
ERR4374874	tooth	palaeofaeces	palaeofaeces	tooth
ERR4374875	tooth	dental calculus	palaeofaeces	dental calculus
ERR4374912	bone	dental calculus	tooth	tooth
ERR4374913	bone	dental calculus	palaeofaeces	dental calculus
ERR4374914	tooth	palaeofaeces	soil	tooth
ERR4374915	bone	palaeofaeces	tooth	tooth
ERR4374916	bone	tooth	soil	tooth
ERR4374917	tooth	dental calculus	palaeofaeces	dental calculus
ERR4374918	bone	dental calculus	soil	dental calculus
ERR4374919	tooth	dental calculus	soil	dental calculus
ERR4374920	tooth	dental calculus	palaeofaeces	dental calculus
ERR4374921	tooth	dental calculus	tooth	dental calculus
ERR4374922	tooth	dental calculus	palaeofaeces	dental calculus
ERR4374923	bone	soil	palaeofaeces	dental calculus
ERR4374924	tooth	palaeofaeces	palaeofaeces	dental calculus
ERR4374925	tooth	dental calculus	palaeofaeces	dental calculus
ERR4374926	tooth	palaeofaeces	palaeofaeces	dental calculus
ERR4374927	bone	dental calculus	palaeofaeces	tooth
ERR4374928	bone	soil	palaeofaeces	dental calculus
ERR4374929	tooth	palaeofaeces	tooth	tooth
ERR4374948	bone	soil	palaeofaeces	tooth
ERR4374962	tooth	palaeofaeces	palaeofaeces	dental calculus
ERR4374963	tooth	palaeofaeces	tooth	tooth
ERR4375010	bone	marine sediment	soil	tooth
ERR4375011	tooth	palaeofaeces	palaeofaeces	dental calculus
ERR4375017	tooth	palaeofaeces	palaeofaeces	tooth
ERR4375025	bone	dental calculus	palaeofaeces	dental calculus
ERR4375032	tooth	palaeofaeces	palaeofaeces	dental calculus
ERR4375036	bone	dental calculus	tooth	tooth
ERR4375039	tooth	dental calculus	tooth	dental calculus
ERR4375040	bone	dental calculus	soil	dental calculus
ERR4375042	tooth	dental calculus	tooth	tooth
ERR4375045	tooth	palaeofaeces	palaeofaeces	dental calculus
ERR4375046	bone	dental calculus	palaeofaeces	dental calculus
ERR4375047	bone	soil	tooth	tooth
ERR4375048	tooth	dental calculus	palaeofaeces	dental calculus
ERR4375049	tooth	palaeofaeces	palaeofaeces	dental calculus
ERR4375050	bone	dental calculus	soil	dental calculus
ERR4375132	tooth	palaeofaeces	tooth	tooth
ERR4375133	tooth	palaeofaeces	palaeofaeces	dental calculus
ERR4375134	bone	dental calculus	palaeofaeces	dental calculus
ERR4375135	bone	soil	tooth	dental calculus
ERR4375136	bone	dental calculus	palaeofaeces	dental calculus
ERR4375137	tooth	dental calculus	palaeofaeces	dental calculus
ERR4375141	tooth	palaeofaeces	palaeofaeces	tooth
ERR4375142	tooth	dental calculus	palaeofaeces	dental calculus
ERR4375143	tooth	dental calculus	palaeofaeces	dental calculus
ERR4375144	bone	palaeofaeces	palaeofaeces	tooth
ERR4383828	bone	palaeofaeces	tooth	tooth
ERR4383829	bone	palaeofaeces	palaeofaeces	tooth
ERR4384927	bone	marine sediment	palaeofaeces	tooth
ERR4385800	bone	marine sediment	palaeofaeces	dental calculus
ERR4385809	bone	palaeofaeces	palaeofaeces	dental calculus
ERR4386464	dental calculus	dental calculus	leaf	dental calculus
ERR4386569	bone	palaeofaeces	palaeofaeces	dental calculus
ERR4386594	unknown	palaeofaeces	palaeofaeces	dental calculus
ERR4388102	unknown	palaeofaeces	palaeofaeces	dental calculus
ERR4388107	unknown	palaeofaeces	palaeofaeces	dental calculus
ERR4388231	unknown	palaeofaeces	palaeofaeces	dental calculus
ERR4388236	unknown	palaeofaeces	palaeofaeces	dental calculus
ERR4391165	dental calculus	dental calculus	tooth	dental calculus
ERR4391166	dental calculus	dental calculus	tooth	dental calculus
ERR4408185	tooth	soil	palaeofaeces	dental calculus
ERR4408187	bone	dental calculus	tooth	dental calculus
ERR4408188	tooth	palaeofaeces	soil	tooth
ERR4413529	dental calculus	dental calculus	leaf	dental calculus
ERR4426516	sediment	permafrost	intestine	dental calculus
ERR4426517	sediment	sediment	intestine	dental calculus
ERR4426518	sediment	sediment	intestine	dental calculus
ERR4426519	sediment	sediment	intestine	dental calculus
ERR4426520	sediment	sediment	intestine	dental calculus
ERR4426521	sediment	sediment	intestine	dental calculus
ERR4426522	sediment	sediment	intestine	dental calculus
ERR4426523	sediment	sediment	intestine	dental calculus
ERR4426524	sediment	sediment	intestine	dental calculus
ERR4426525	sediment	sediment	intestine	dental calculus
ERR4426526	sediment	sediment	intestine	sediment
ERR4426527	sediment	sediment	intestine	sediment
ERR4426529	sediment	sediment	intestine	dental calculus
ERR4426530	sediment	sediment	intestine	dental calculus
ERR4426531	sediment	sediment	intestine	dental calculus
ERR4426532	sediment	sediment	intestine	dental calculus
ERR4426533	sediment	sediment	intestine	dental calculus
ERR4426534	sediment	sediment	intestine	sediment
ERR4426535	sediment	sediment	intestine	sediment
ERR4426536	sediment	sediment	intestine	dental calculus
ERR4426537	sediment	sediment	intestine	dental calculus
ERR4426538	sediment	sediment	permafrost	midden
ERR4426539	sediment	sediment	intestine	sediment
ERR4426540	sediment	sediment	intestine	dental calculus
ERR4426541	sediment	sediment	intestine	dental calculus
ERR4426542	sediment	sediment	intestine	dental calculus
ERR4426543	sediment	sediment	permafrost	sediment
ERR4426545	sediment	sediment	intestine	sediment
ERR4426546	sediment	sediment	intestine	dental calculus
ERR4426547	sediment	sediment	intestine	dental calculus
ERR4426548	sediment	sediment	lake sediment	sediment
ERR4426549	sediment	sediment	intestine	dental calculus
ERR4426550	sediment	sediment	intestine	dental calculus
ERR4426552	sediment	sediment	intestine	dental calculus
ERR4596443	dental calculus	dental calculus	tooth	dental calculus
ERR4596813	dental calculus	dental calculus	soil	dental calculus
ERR4596815	dental calculus	dental calculus	tooth	dental calculus
ERR4596816	dental calculus	dental calculus	tooth	dental calculus
ERR4596817	dental calculus	dental calculus	tooth	dental calculus
ERR4596818	dental calculus	dental calculus	tooth	dental calculus
ERR4596819	dental calculus	dental calculus	tooth	dental calculus
ERR4596820	dental calculus	dental calculus	tooth	dental calculus
ERR4596822	dental calculus	dental calculus	tooth	dental calculus
ERR4596823	dental calculus	dental calculus	tooth	dental calculus
ERR4596824	dental calculus	dental calculus	tooth	dental calculus
ERR4596825	dental calculus	dental calculus	tooth	dental calculus
ERR4596826	dental calculus	dental calculus	dental calculus	dental calculus
ERR4596828	dental calculus	dental calculus	dental calculus	dental calculus
ERR5670952	dental calculus	dental calculus	soil	dental calculus
ERR5670953	dental calculus	dental calculus	digestive tract contents	dental calculus
ERR5670954	dental calculus	dental calculus	digestive tract contents	dental calculus
ERR5670955	dental calculus	dental calculus	tooth	dental calculus
ERR5670956	dental calculus	dental calculus	digestive tract contents	dental calculus
ERR5670957	dental calculus	dental calculus	digestive tract contents	dental calculus
ERR5670958	dental calculus	dental calculus	digestive tract contents	dental calculus
ERR5670959	dental calculus	dental calculus	digestive tract contents	dental calculus
ERR5670960	dental calculus	dental calculus	permafrost	dental calculus
ERR5670961	dental calculus	dental calculus	soil	dental calculus
ERR5670962	dental calculus	dental calculus	digestive tract contents	dental calculus
ERR5670963	dental calculus	dental calculus	digestive tract contents	dental calculus
ERR5670964	dental calculus	dental calculus	digestive tract contents	dental calculus
ERR5670965	dental calculus	dental calculus	dental calculus	dental calculus
ERR5670966	dental calculus	dental calculus	dental calculus	dental calculus
ERR5670967	dental calculus	dental calculus	digestive tract contents	dental calculus
ERR5670968	dental calculus	dental calculus	tooth	dental calculus
ERR5670969	dental calculus	dental calculus	tooth	dental calculus
ERR5670970	dental calculus	dental calculus	soil	dental calculus
ERR5670971	dental calculus	dental calculus	tooth	dental calculus
ERR567364	sediment	marine sediment	marine sediment	tooth
ERR567366	sediment	marine sediment	marine sediment	sediment
ERR5729614	dental calculus	dental calculus	leaf	dental calculus
ERR5729615	dental calculus	dental calculus	sediment	dental calculus
ERR5729616	dental calculus	dental calculus	leaf	dental calculus
ERR5729617	dental calculus	dental calculus	leaf	dental calculus
ERR5729618	dental calculus	dental calculus	intestine	dental calculus
ERR5729619	dental calculus	dental calculus	tooth	dental calculus
ERR5729620	dental calculus	dental calculus	intestine	dental calculus
ERR5729621	dental calculus	dental calculus	permafrost	dental calculus
ERR5729622	dental calculus	dental calculus	intestine	dental calculus
ERR5729623	dental calculus	dental calculus	lake sediment	dental calculus
ERR5729624	dental calculus	dental calculus	tooth	dental calculus
ERR5729625	dental calculus	dental calculus	intestine	dental calculus
ERR5729626	dental calculus	dental calculus	permafrost	dental calculus
ERR5729627	dental calculus	dental calculus	leaf	dental calculus
ERR5729628	dental calculus	dental calculus	permafrost	dental calculus
ERR5729629	dental calculus	dental calculus	intestine	dental calculus
ERR5729630	dental calculus	dental calculus	tooth	dental calculus
ERR5729631	dental calculus	dental calculus	permafrost	dental calculus
ERR5729632	dental calculus	dental calculus	intestine	dental calculus
ERR5729633	dental calculus	dental calculus	permafrost	dental calculus
ERR5729634	dental calculus	dental calculus	leaf	dental calculus
ERR5729635	dental calculus	permafrost	sediment	sediment
ERR5729636	dental calculus	dental calculus	intestine	dental calculus
ERR5729637	dental calculus	dental calculus	palaeofaeces	dental calculus
ERR5729638	dental calculus	dental calculus	permafrost	dental calculus
ERR5729639	dental calculus	dental calculus	leaf	dental calculus
ERR5729640	dental calculus	dental calculus	leaf	dental calculus
ERR5729641	dental calculus	dental calculus	leaf	dental calculus
ERR5729642	dental calculus	dental calculus	permafrost	dental calculus
ERR5729643	dental calculus	dental calculus	intestine	dental calculus
ERR5729644	dental calculus	dental calculus	permafrost	dental calculus
ERR5729645	dental calculus	dental calculus	leaf	dental calculus
ERR5729646	dental calculus	dental calculus	permafrost	dental calculus
ERR5729647	dental calculus	dental calculus	palaeofaeces	dental calculus
ERR5729648	dental calculus	dental calculus	tooth	dental calculus
ERR5729649	dental calculus	dental calculus	palaeofaeces	dental calculus
ERR5729650	dental calculus	dental calculus	leaf	dental calculus
ERR5729651	dental calculus	dental calculus	leaf	dental calculus
ERR5729652	dental calculus	dental calculus	permafrost	dental calculus
ERR5729653	dental calculus	dental calculus	permafrost	dental calculus
ERR5729654	dental calculus	dental calculus	leaf	dental calculus
ERR5729655	dental calculus	dental calculus	leaf	dental calculus
ERR5729656	dental calculus	dental calculus	intestine	dental calculus
ERR5729657	dental calculus	dental calculus	permafrost	dental calculus
ERR5766165	palaeofaeces	bone	palaeofaeces	dental calculus
ERR5766166	palaeofaeces	palaeofaeces	palaeofaeces	palaeofaeces
ERR5766167	palaeofaeces	palaeofaeces	palaeofaeces	palaeofaeces
ERR5766168	palaeofaeces	leaf	palaeofaeces	tooth
ERR5766169	palaeofaeces	palaeofaeces	palaeofaeces	palaeofaeces
ERR5766170	palaeofaeces	soil	palaeofaeces	soil
ERR5766171	palaeofaeces	bone	palaeofaeces	tooth
ERR5766172	palaeofaeces	palaeofaeces	palaeofaeces	palaeofaeces
ERR5766173	palaeofaeces	palaeofaeces	palaeofaeces	palaeofaeces
ERR5766174	palaeofaeces	bone	palaeofaeces	tooth
ERR5766175	palaeofaeces	bone	palaeofaeces	tooth
ERR5766176	palaeofaeces	marine sediment	palaeofaeces	palaeofaeces
ERR5766177	palaeofaeces	palaeofaeces	palaeofaeces	dental calculus
ERR5766178	palaeofaeces	palaeofaeces	palaeofaeces	dental calculus
ERR5766179	palaeofaeces	bone	palaeofaeces	tooth
ERR5766180	palaeofaeces	bone	palaeofaeces	tooth
ERR5766181	palaeofaeces	bone	palaeofaeces	tooth
ERR5766182	palaeofaeces	palaeofaeces	palaeofaeces	tooth
ERR5766183	palaeofaeces	sediment	palaeofaeces	tooth
ERR5863536	palaeofaeces	sediment	palaeofaeces	dental calculus
ERR6093854	dental calculus	digestive tract contents	intestine	dental calculus
ERR6093855	dental calculus	digestive tract contents	intestine	dental calculus
ERR6093856	dental calculus	digestive tract contents	intestine	dental calculus
ERR6093857	dental calculus	digestive tract contents	intestine	dental calculus
ERR6093858	dental calculus	digestive tract contents	intestine	dental calculus
ERR6093859	dental calculus	digestive tract contents	intestine	dental calculus
ERR6093860	dental calculus	digestive tract contents	intestine	dental calculus
ERR6093861	dental calculus	digestive tract contents	intestine	dental calculus
ERR6093862	dental calculus	dental calculus	intestine	dental calculus
ERR6093863	dental calculus	dental calculus	intestine	dental calculus
ERR6093864	dental calculus	dental calculus	intestine	dental calculus
ERR6093865	dental calculus	dental calculus	intestine	dental calculus
ERR6093866	dental calculus	digestive tract contents	digestive tract contents	digestive tract contents
ERR6093867	dental calculus	digestive tract contents	digestive tract contents	digestive tract contents
ERR6093868	dental calculus	digestive tract contents	digestive tract contents	digestive tract contents
ERR6093869	dental calculus	digestive tract contents	digestive tract contents	digestive tract contents
ERR6093870	dental calculus	digestive tract contents	digestive tract contents	dental calculus
ERR6093871	dental calculus	digestive tract contents	digestive tract contents	dental calculus
ERR6093872	dental calculus	digestive tract contents	digestive tract contents	dental calculus
ERR6093874	dental calculus	digestive tract contents	digestive tract contents	dental calculus
ERR6093875	dental calculus	digestive tract contents	digestive tract contents	digestive tract contents
ERR6093876	dental calculus	digestive tract contents	digestive tract contents	digestive tract contents
ERR6093877	dental calculus	digestive tract contents	digestive tract contents	digestive tract contents
ERR6093878	dental calculus	digestive tract contents	digestive tract contents	digestive tract contents
ERR6093879	dental calculus	digestive tract contents	digestive tract contents	digestive tract contents
ERR6093880	dental calculus	digestive tract contents	digestive tract contents	digestive tract contents
ERR6093881	dental calculus	digestive tract contents	digestive tract contents	digestive tract contents
ERR6093882	dental calculus	digestive tract contents	digestive tract contents	digestive tract contents
ERR6093883	dental calculus	digestive tract contents	digestive tract contents	digestive tract contents
ERR6093885	dental calculus	digestive tract contents	digestive tract contents	digestive tract contents
ERR6093886	dental calculus	digestive tract contents	digestive tract contents	digestive tract contents
ERR6093887	dental calculus	digestive tract contents	digestive tract contents	digestive tract contents
ERR6093888	dental calculus	digestive tract contents	digestive tract contents	dental calculus
ERR6093889	dental calculus	digestive tract contents	digestive tract contents	dental calculus
ERR6093890	dental calculus	digestive tract contents	digestive tract contents	dental calculus
ERR6093891	dental calculus	digestive tract contents	digestive tract contents	dental calculus
ERR6093893	dental calculus	intestine	intestine	dental calculus
ERR6093894	dental calculus	intestine	intestine	dental calculus
ERR6093896	dental calculus	intestine	intestine	dental calculus
ERR6093897	dental calculus	intestine	intestine	dental calculus
ERR6093899	dental calculus	digestive tract contents	digestive tract contents	digestive tract contents
ERR6093900	dental calculus	digestive tract contents	digestive tract contents	digestive tract contents
ERR6093901	dental calculus	digestive tract contents	digestive tract contents	digestive tract contents
ERR6093902	dental calculus	digestive tract contents	digestive tract contents	digestive tract contents
ERR6093903	dental calculus	digestive tract contents	digestive tract contents	dental calculus
ERR6093904	dental calculus	digestive tract contents	digestive tract contents	dental calculus
ERR6093905	dental calculus	digestive tract contents	digestive tract contents	dental calculus
ERR6093906	dental calculus	digestive tract contents	digestive tract contents	dental calculus
ERR6093907	dental calculus	digestive tract contents	digestive tract contents	digestive tract contents
ERR6093908	dental calculus	digestive tract contents	digestive tract contents	digestive tract contents
ERR6093909	dental calculus	digestive tract contents	digestive tract contents	digestive tract contents
ERR6093910	dental calculus	digestive tract contents	digestive tract contents	digestive tract contents
ERR6093912	dental calculus	digestive tract contents	digestive tract contents	dental calculus
ERR6093913	dental calculus	digestive tract contents	digestive tract contents	dental calculus
ERR6093914	dental calculus	digestive tract contents	digestive tract contents	dental calculus
ERR6093916	dental calculus	digestive tract contents	digestive tract contents	dental calculus
ERR6093917	dental calculus	digestive tract contents	digestive tract contents	digestive tract contents
ERR6093919	dental calculus	digestive tract contents	digestive tract contents	digestive tract contents
ERR6093920	dental calculus	digestive tract contents	digestive tract contents	digestive tract contents
ERR6093921	dental calculus	digestive tract contents	digestive tract contents	digestive tract contents
ERR6093922	dental calculus	digestive tract contents	digestive tract contents	dental calculus
ERR6093923	dental calculus	digestive tract contents	digestive tract contents	dental calculus
ERR6093924	dental calculus	digestive tract contents	digestive tract contents	dental calculus
ERR6093926	dental calculus	digestive tract contents	digestive tract contents	dental calculus
ERR6093927	dental calculus	digestive tract contents	digestive tract contents	dental calculus
ERR6093928	dental calculus	digestive tract contents	digestive tract contents	dental calculus
ERR6093929	dental calculus	digestive tract contents	digestive tract contents	dental calculus
ERR6093930	dental calculus	digestive tract contents	digestive tract contents	dental calculus
ERR6093931	dental calculus	digestive tract contents	digestive tract contents	dental calculus
ERR6093932	dental calculus	digestive tract contents	digestive tract contents	dental calculus
ERR6093934	dental calculus	digestive tract contents	digestive tract contents	dental calculus
ERR6093935	dental calculus	digestive tract contents	digestive tract contents	dental calculus
ERR6093936	dental calculus	digestive tract contents	digestive tract contents	dental calculus
ERR6093937	dental calculus	digestive tract contents	digestive tract contents	dental calculus
ERR6093938	dental calculus	digestive tract contents	digestive tract contents	dental calculus
ERR6093939	dental calculus	digestive tract contents	digestive tract contents	dental calculus
ERR6093941	dental calculus	digestive tract contents	digestive tract contents	digestive tract contents
ERR6093942	dental calculus	digestive tract contents	digestive tract contents	digestive tract contents
ERR6093943	dental calculus	digestive tract contents	digestive tract contents	digestive tract contents
ERR6093945	dental calculus	digestive tract contents	digestive tract contents	digestive tract contents
ERR6093946	dental calculus	digestive tract contents	digestive tract contents	digestive tract contents
ERR6093947	dental calculus	digestive tract contents	digestive tract contents	digestive tract contents
ERR6093948	dental calculus	digestive tract contents	digestive tract contents	digestive tract contents
ERR6093949	dental calculus	digestive tract contents	digestive tract contents	digestive tract contents
ERR6093950	dental calculus	digestive tract contents	digestive tract contents	digestive tract contents
ERR6093951	dental calculus	digestive tract contents	digestive tract contents	digestive tract contents
ERR6093952	dental calculus	digestive tract contents	digestive tract contents	digestive tract contents
ERR6093953	dental calculus	digestive tract contents	digestive tract contents	digestive tract contents
ERR6093954	dental calculus	digestive tract contents	muscle tissue	digestive tract contents
ERR6093955	dental calculus	digestive tract contents	intestine	digestive tract contents
ERR6093956	dental calculus	digestive tract contents	intestine	digestive tract contents
ERR6093957	dental calculus	digestive tract contents	intestine	digestive tract contents
ERR6093958	dental calculus	digestive tract contents	digestive tract contents	digestive tract contents
ERR6093959	dental calculus	digestive tract contents	digestive tract contents	digestive tract contents
ERR6093960	dental calculus	digestive tract contents	digestive tract contents	digestive tract contents
ERR6093961	dental calculus	digestive tract contents	digestive tract contents	digestive tract contents
ERR6093963	dental calculus	digestive tract contents	digestive tract contents	digestive tract contents
ERR6093964	dental calculus	digestive tract contents	digestive tract contents	digestive tract contents
ERR6093965	dental calculus	digestive tract contents	digestive tract contents	digestive tract contents
ERR6093966	dental calculus	digestive tract contents	digestive tract contents	digestive tract contents
ERR6093967	dental calculus	digestive tract contents	digestive tract contents	digestive tract contents
ERR6093968	dental calculus	digestive tract contents	digestive tract contents	digestive tract contents
ERR6093969	dental calculus	digestive tract contents	digestive tract contents	digestive tract contents
ERR6093970	dental calculus	digestive tract contents	digestive tract contents	digestive tract contents
ERR6093972	dental calculus	dental calculus	digestive tract contents	dental calculus
ERR6096533	dental calculus	dental calculus	digestive tract contents	dental calculus
ERR6096535	dental calculus	dental calculus	digestive tract contents	dental calculus
ERR6096536	dental calculus	dental calculus	digestive tract contents	dental calculus
ERR6096537	dental calculus	digestive tract contents	intestine	dental calculus
ERR6096538	dental calculus	digestive tract contents	intestine	dental calculus
ERR6096539	dental calculus	digestive tract contents	intestine	dental calculus
ERR6096540	dental calculus	digestive tract contents	intestine	dental calculus
ERR6096541	dental calculus	digestive tract contents	digestive tract contents	dental calculus
ERR6096542	dental calculus	digestive tract contents	digestive tract contents	dental calculus
ERR6096543	dental calculus	digestive tract contents	muscle tissue	dental calculus
ERR6096544	dental calculus	digestive tract contents	digestive tract contents	dental calculus
ERR6096545	dental calculus	digestive tract contents	digestive tract contents	digestive tract contents
ERR6096547	dental calculus	digestive tract contents	digestive tract contents	digestive tract contents
ERR6096548	dental calculus	digestive tract contents	digestive tract contents	digestive tract contents
ERR6096549	dental calculus	digestive tract contents	digestive tract contents	digestive tract contents
ERR6096550	dental calculus	digestive tract contents	digestive tract contents	dental calculus
ERR6096551	dental calculus	digestive tract contents	digestive tract contents	digestive tract contents
ERR6096552	dental calculus	digestive tract contents	digestive tract contents	dental calculus
ERR6096554	dental calculus	digestive tract contents	digestive tract contents	dental calculus
ERR6096555	dental calculus	digestive tract contents	intestine	dental calculus
ERR6096557	dental calculus	digestive tract contents	intestine	dental calculus
ERR6096570	dental calculus	digestive tract contents	intestine	dental calculus
ERR6096574	dental calculus	digestive tract contents	intestine	dental calculus
ERR6096575	dental calculus	digestive tract contents	digestive tract contents	digestive tract contents
ERR6096576	dental calculus	digestive tract contents	digestive tract contents	digestive tract contents
ERR6096579	dental calculus	digestive tract contents	digestive tract contents	digestive tract contents
ERR6096580	dental calculus	digestive tract contents	digestive tract contents	digestive tract contents
ERR6096581	dental calculus	digestive tract contents	digestive tract contents	digestive tract contents
ERR6096582	dental calculus	digestive tract contents	digestive tract contents	digestive tract contents
ERR6096739	dental calculus	digestive tract contents	digestive tract contents	digestive tract contents
ERR6096740	dental calculus	digestive tract contents	digestive tract contents	digestive tract contents
ERR6096741	dental calculus	digestive tract contents	digestive tract contents	dental calculus
ERR6096742	dental calculus	digestive tract contents	digestive tract contents	dental calculus
ERR6096743	dental calculus	digestive tract contents	digestive tract contents	dental calculus
ERR6096744	dental calculus	digestive tract contents	digestive tract contents	dental calculus
ERR6096745	dental calculus	digestive tract contents	digestive tract contents	dental calculus
ERR6096746	dental calculus	digestive tract contents	digestive tract contents	dental calculus
ERR6096747	dental calculus	digestive tract contents	digestive tract contents	dental calculus
ERR6096748	dental calculus	digestive tract contents	digestive tract contents	dental calculus
ERR6096749	dental calculus	dental calculus	muscle tissue	dental calculus
ERR6096752	dental calculus	dental calculus	muscle tissue	dental calculus
ERR6096755	dental calculus	dental calculus	muscle tissue	dental calculus
ERR6096759	dental calculus	dental calculus	muscle tissue	dental calculus
ERR6096760	dental calculus	digestive tract contents	intestine	dental calculus
ERR6096762	dental calculus	digestive tract contents	intestine	dental calculus
ERR6096764	dental calculus	digestive tract contents	intestine	dental calculus
ERR6096766	dental calculus	digestive tract contents	intestine	dental calculus
ERR6096776	dental calculus	digestive tract contents	digestive tract contents	digestive tract contents
ERR6096784	dental calculus	digestive tract contents	digestive tract contents	digestive tract contents
ERR6096796	dental calculus	digestive tract contents	digestive tract contents	digestive tract contents
ERR6096814	dental calculus	digestive tract contents	digestive tract contents	digestive tract contents
ERR6096818	dental calculus	digestive tract contents	digestive tract contents	dental calculus
ERR6096822	dental calculus	digestive tract contents	digestive tract contents	dental calculus
ERR6096826	dental calculus	digestive tract contents	digestive tract contents	dental calculus
ERR6096829	dental calculus	digestive tract contents	digestive tract contents	dental calculus
ERR6096835	dental calculus	digestive tract contents	digestive tract contents	dental calculus
ERR6096842	dental calculus	digestive tract contents	digestive tract contents	dental calculus
ERR6096847	dental calculus	digestive tract contents	digestive tract contents	dental calculus
ERR6096853	dental calculus	digestive tract contents	digestive tract contents	dental calculus
ERR6096886	dental calculus	digestive tract contents	digestive tract contents	dental calculus
ERR6096922	dental calculus	digestive tract contents	digestive tract contents	dental calculus
ERR6096923	dental calculus	digestive tract contents	digestive tract contents	dental calculus
ERR6096924	dental calculus	digestive tract contents	digestive tract contents	dental calculus
ERR6096925	dental calculus	digestive tract contents	digestive tract contents	digestive tract contents
ERR6096926	dental calculus	digestive tract contents	digestive tract contents	digestive tract contents
ERR6096927	dental calculus	digestive tract contents	digestive tract contents	digestive tract contents
ERR6096928	dental calculus	digestive tract contents	digestive tract contents	digestive tract contents
ERR6096929	dental calculus	digestive tract contents	muscle tissue	dental calculus
ERR6096930	dental calculus	digestive tract contents	muscle tissue	dental calculus
ERR6096931	dental calculus	digestive tract contents	intestine	dental calculus
ERR6096932	dental calculus	digestive tract contents	intestine	dental calculus
ERR6096933	dental calculus	dental calculus	lake sediment	dental calculus
ERR6096934	dental calculus	dental calculus	lake sediment	dental calculus
ERR6096935	dental calculus	dental calculus	lake sediment	dental calculus
ERR6096937	dental calculus	dental calculus	lake sediment	dental calculus
ERR6096955	dental calculus	digestive tract contents	digestive tract contents	digestive tract contents
ERR6097155	dental calculus	digestive tract contents	digestive tract contents	digestive tract contents
ERR6097156	dental calculus	digestive tract contents	digestive tract contents	digestive tract contents
ERR6097514	dental calculus	digestive tract contents	digestive tract contents	digestive tract contents
ERR6097549	dental calculus	digestive tract contents	digestive tract contents	digestive tract contents
ERR6097552	dental calculus	digestive tract contents	digestive tract contents	digestive tract contents
ERR6097573	dental calculus	digestive tract contents	digestive tract contents	digestive tract contents
ERR6097575	dental calculus	digestive tract contents	digestive tract contents	digestive tract contents
ERR6097576	dental calculus	dental calculus	intestine	dental calculus
ERR6097577	dental calculus	dental calculus	intestine	dental calculus
ERR6097579	dental calculus	dental calculus	intestine	dental calculus
ERR6097580	dental calculus	dental calculus	intestine	dental calculus
ERR6097581	dental calculus	digestive tract contents	digestive tract contents	digestive tract contents
ERR6097583	dental calculus	digestive tract contents	digestive tract contents	digestive tract contents
ERR6097619	dental calculus	digestive tract contents	digestive tract contents	digestive tract contents
ERR6097621	dental calculus	digestive tract contents	digestive tract contents	digestive tract contents
ERR6097622	dental calculus	digestive tract contents	digestive tract contents	digestive tract contents
ERR6097623	dental calculus	digestive tract contents	digestive tract contents	digestive tract contents
ERR6097625	dental calculus	digestive tract contents	digestive tract contents	digestive tract contents
ERR6097626	dental calculus	digestive tract contents	digestive tract contents	digestive tract contents
ERR6097627	dental calculus	digestive tract contents	intestine	dental calculus
ERR6097628	dental calculus	digestive tract contents	intestine	dental calculus
ERR6097629	dental calculus	digestive tract contents	intestine	dental calculus
ERR6097630	dental calculus	digestive tract contents	intestine	dental calculus
ERR6097759	dental calculus	digestive tract contents	digestive tract contents	digestive tract contents
ERR6098066	dental calculus	digestive tract contents	digestive tract contents	digestive tract contents
ERR6098349	dental calculus	digestive tract contents	digestive tract contents	digestive tract contents
ERR6098517	dental calculus	digestive tract contents	digestive tract contents	digestive tract contents
ERR6098519	dental calculus	digestive tract contents	digestive tract contents	digestive tract contents
ERR6098520	dental calculus	digestive tract contents	digestive tract contents	digestive tract contents
ERR6098552	dental calculus	digestive tract contents	digestive tract contents	digestive tract contents
ERR6098553	dental calculus	digestive tract contents	digestive tract contents	digestive tract contents
ERR6098554	dental calculus	digestive tract contents	digestive tract contents	dental calculus
ERR6098555	dental calculus	digestive tract contents	digestive tract contents	dental calculus
ERR6098556	dental calculus	digestive tract contents	digestive tract contents	dental calculus
ERR6098557	dental calculus	digestive tract contents	digestive tract contents	dental calculus
ERR6098559	dental calculus	digestive tract contents	digestive tract contents	digestive tract contents
ERR6098560	dental calculus	digestive tract contents	digestive tract contents	digestive tract contents
ERR6098730	dental calculus	digestive tract contents	digestive tract contents	digestive tract contents
ERR6098929	dental calculus	digestive tract contents	digestive tract contents	digestive tract contents
ERR6098930	dental calculus	digestive tract contents	digestive tract contents	digestive tract contents
ERR6098932	dental calculus	digestive tract contents	digestive tract contents	digestive tract contents
ERR6098934	dental calculus	digestive tract contents	digestive tract contents	digestive tract contents
ERR6098936	dental calculus	digestive tract contents	digestive tract contents	digestive tract contents
ERR6098937	dental calculus	digestive tract contents	muscle tissue	dental calculus
ERR6098938	dental calculus	digestive tract contents	muscle tissue	dental calculus
ERR6098939	dental calculus	digestive tract contents	muscle tissue	dental calculus
ERR6098940	dental calculus	digestive tract contents	muscle tissue	dental calculus
ERR6098982	dental calculus	digestive tract contents	digestive tract contents	digestive tract contents
ERR6098983	dental calculus	digestive tract contents	digestive tract contents	digestive tract contents
ERR6098984	dental calculus	digestive tract contents	digestive tract contents	digestive tract contents
ERR6098985	dental calculus	digestive tract contents	digestive tract contents	digestive tract contents
ERR6098990	dental calculus	dental calculus	intestine	dental calculus
ERR6099166	dental calculus	dental calculus	intestine	dental calculus
ERR6099349	dental calculus	dental calculus	intestine	dental calculus
ERR6099809	dental calculus	dental calculus	intestine	dental calculus
ERR6099810	dental calculus	digestive tract contents	digestive tract contents	digestive tract contents
ERR6099811	dental calculus	digestive tract contents	digestive tract contents	digestive tract contents
ERR6099812	dental calculus	digestive tract contents	digestive tract contents	digestive tract contents
ERR6099813	dental calculus	digestive tract contents	digestive tract contents	digestive tract contents
ERR6099814	dental calculus	digestive tract contents	digestive tract contents	digestive tract contents
ERR6099815	dental calculus	digestive tract contents	digestive tract contents	digestive tract contents
ERR6099816	dental calculus	digestive tract contents	digestive tract contents	digestive tract contents
ERR6099817	dental calculus	digestive tract contents	digestive tract contents	digestive tract contents
ERR6099818	dental calculus	digestive tract contents	digestive tract contents	digestive tract contents
ERR6099824	dental calculus	digestive tract contents	digestive tract contents	digestive tract contents
ERR6099825	dental calculus	digestive tract contents	digestive tract contents	digestive tract contents
ERR6099826	dental calculus	digestive tract contents	digestive tract contents	digestive tract contents
ERR6101230	dental calculus	digestive tract contents	digestive tract contents	digestive tract contents
ERR6108965	dental calculus	digestive tract contents	digestive tract contents	digestive tract contents
ERR6108966	dental calculus	digestive tract contents	digestive tract contents	digestive tract contents
ERR6108967	dental calculus	digestive tract contents	digestive tract contents	digestive tract contents
ERR6108968	dental calculus	digestive tract contents	digestive tract contents	digestive tract contents
ERR6108969	dental calculus	digestive tract contents	digestive tract contents	digestive tract contents
ERR6108970	dental calculus	digestive tract contents	digestive tract contents	digestive tract contents
ERR6108971	dental calculus	digestive tract contents	digestive tract contents	digestive tract contents
ERR6108972	dental calculus	digestive tract contents	digestive tract contents	digestive tract contents
ERR6108973	dental calculus	digestive tract contents	digestive tract contents	digestive tract contents
ERR6108974	dental calculus	digestive tract contents	digestive tract contents	digestive tract contents
ERR6108975	dental calculus	digestive tract contents	digestive tract contents	digestive tract contents
ERR6108976	dental calculus	digestive tract contents	digestive tract contents	digestive tract contents
ERR6108977	dental calculus	digestive tract contents	digestive tract contents	digestive tract contents
ERR6108978	dental calculus	digestive tract contents	digestive tract contents	digestive tract contents
ERR6108979	dental calculus	digestive tract contents	digestive tract contents	digestive tract contents
ERR6108980	dental calculus	digestive tract contents	digestive tract contents	digestive tract contents
ERR6108981	dental calculus	digestive tract contents	digestive tract contents	digestive tract contents
ERR6108982	dental calculus	digestive tract contents	digestive tract contents	digestive tract contents
ERR6108983	dental calculus	digestive tract contents	digestive tract contents	digestive tract contents
ERR6108984	dental calculus	digestive tract contents	digestive tract contents	digestive tract contents
ERR6108985	dental calculus	digestive tract contents	digestive tract contents	digestive tract contents
ERR6108986	dental calculus	digestive tract contents	digestive tract contents	digestive tract contents
ERR6108987	dental calculus	digestive tract contents	digestive tract contents	digestive tract contents
ERR6108988	dental calculus	digestive tract contents	digestive tract contents	dental calculus
ERR6108989	dental calculus	digestive tract contents	digestive tract contents	dental calculus
ERR6108990	dental calculus	digestive tract contents	digestive tract contents	dental calculus
ERR6108991	dental calculus	digestive tract contents	digestive tract contents	dental calculus
ERR6108992	dental calculus	digestive tract contents	digestive tract contents	digestive tract contents
ERR6108993	dental calculus	digestive tract contents	digestive tract contents	digestive tract contents
ERR6108994	dental calculus	digestive tract contents	digestive tract contents	digestive tract contents
ERR6108995	dental calculus	digestive tract contents	digestive tract contents	digestive tract contents
ERR6108996	dental calculus	digestive tract contents	digestive tract contents	digestive tract contents
ERR6108997	dental calculus	digestive tract contents	digestive tract contents	digestive tract contents
ERR6108998	dental calculus	digestive tract contents	digestive tract contents	digestive tract contents
ERR6109000	dental calculus	digestive tract contents	digestive tract contents	digestive tract contents
ERR6109001	dental calculus	digestive tract contents	digestive tract contents	digestive tract contents
ERR6109002	dental calculus	digestive tract contents	digestive tract contents	digestive tract contents
ERR6109003	dental calculus	digestive tract contents	digestive tract contents	digestive tract contents
ERR6109004	dental calculus	digestive tract contents	digestive tract contents	digestive tract contents
ERR6109005	dental calculus	digestive tract contents	digestive tract contents	digestive tract contents
ERR6109010	dental calculus	digestive tract contents	digestive tract contents	digestive tract contents
ERR6109011	dental calculus	digestive tract contents	digestive tract contents	digestive tract contents
ERR6109012	dental calculus	digestive tract contents	digestive tract contents	digestive tract contents
ERR6109013	dental calculus	dental calculus	intestine	dental calculus
ERR6109014	dental calculus	dental calculus	intestine	dental calculus
ERR6109015	dental calculus	dental calculus	intestine	dental calculus
ERR6109016	dental calculus	dental calculus	intestine	dental calculus
ERR6109017	dental calculus	digestive tract contents	digestive tract contents	digestive tract contents
ERR6109019	dental calculus	digestive tract contents	digestive tract contents	digestive tract contents
ERR6109020	dental calculus	digestive tract contents	digestive tract contents	digestive tract contents
ERR6109021	dental calculus	digestive tract contents	digestive tract contents	digestive tract contents
ERR6109022	dental calculus	digestive tract contents	digestive tract contents	digestive tract contents
ERR6109023	dental calculus	digestive tract contents	digestive tract contents	digestive tract contents
ERR6109024	dental calculus	digestive tract contents	digestive tract contents	digestive tract contents
ERR6109025	dental calculus	digestive tract contents	digestive tract contents	digestive tract contents
ERR6109027	dental calculus	digestive tract contents	digestive tract contents	digestive tract contents
ERR6109028	dental calculus	digestive tract contents	digestive tract contents	digestive tract contents
ERR6109049	dental calculus	digestive tract contents	digestive tract contents	digestive tract contents
ERR6109050	dental calculus	digestive tract contents	digestive tract contents	digestive tract contents
ERR6109051	dental calculus	dental calculus	lake sediment	dental calculus
ERR6109053	dental calculus	dental calculus	intestine	dental calculus
ERR6109054	dental calculus	dental calculus	muscle tissue	dental calculus
ERR6109055	dental calculus	dental calculus	lake sediment	dental calculus
ERR6109056	dental calculus	digestive tract contents	digestive tract contents	shell
ERR6109057	dental calculus	digestive tract contents	digestive tract contents	dental calculus
ERR6109058	dental calculus	digestive tract contents	digestive tract contents	dental calculus
ERR6109059	dental calculus	digestive tract contents	digestive tract contents	shell
ERR6178850	dental calculus	dental calculus	tooth	dental calculus
ERR6178851	dental calculus	dental calculus	tooth	dental calculus
ERR6178852	dental calculus	dental calculus	dental calculus	dental calculus
ERR6178853	dental calculus	dental calculus	intestine	dental calculus
ERR6178854	dental calculus	dental calculus	tooth	dental calculus
ERR6178855	dental calculus	dental calculus	soil	dental calculus
ERR6178856	dental calculus	dental calculus	dental calculus	dental calculus
ERR6178857	dental calculus	dental calculus	tooth	dental calculus
ERR6178858	dental calculus	dental calculus	digestive tract contents	dental calculus
ERR6178859	dental calculus	dental calculus	tooth	dental calculus
ERR6178860	dental calculus	dental calculus	sediment	dental calculus
ERR6178861	dental calculus	dental calculus	digestive tract contents	dental calculus
ERR6178862	dental calculus	dental calculus	palaeofaeces	dental calculus
ERR6178863	dental calculus	dental calculus	tooth	dental calculus
ERR6178864	dental calculus	dental calculus	tooth	dental calculus
ERR6178865	dental calculus	dental calculus	tooth	tooth
ERR6178866	dental calculus	dental calculus	soil	dental calculus
ERR6178867	dental calculus	dental calculus	dental calculus	dental calculus
ERR6178868	dental calculus	dental calculus	tooth	dental calculus
ERR6178869	dental calculus	dental calculus	tooth	dental calculus
ERR6178870	dental calculus	dental calculus	palaeofaeces	dental calculus
ERR6178871	dental calculus	dental calculus	tooth	dental calculus
ERR6178872	dental calculus	dental calculus	tooth	dental calculus
ERR6178873	dental calculus	dental calculus	tooth	tooth
ERR6178874	dental calculus	dental calculus	digestive tract contents	dental calculus
ERR6178875	dental calculus	dental calculus	soil	dental calculus
ERR6178876	dental calculus	dental calculus	soil	dental calculus
ERR6178877	dental calculus	dental calculus	soil	dental calculus
ERR6178878	dental calculus	dental calculus	soil	dental calculus
ERR6178879	dental calculus	dental calculus	soil	dental calculus
ERR6178880	dental calculus	dental calculus	soil	dental calculus
ERR6178881	dental calculus	dental calculus	soil	dental calculus
ERR6178882	dental calculus	dental calculus	soil	dental calculus
ERR6178883	dental calculus	dental calculus	tooth	dental calculus
ERR6178884	dental calculus	dental calculus	tooth	dental calculus
ERR6178885	dental calculus	dental calculus	sediment	dental calculus
ERR6178886	dental calculus	dental calculus	tooth	dental calculus
ERR6178887	dental calculus	dental calculus	sediment	dental calculus
ERR6178888	dental calculus	dental calculus	tooth	dental calculus
ERR6178889	dental calculus	dental calculus	sediment	dental calculus
ERR6178890	dental calculus	dental calculus	palaeofaeces	dental calculus
ERR6178891	dental calculus	dental calculus	digestive tract contents	dental calculus
ERR6178892	dental calculus	dental calculus	digestive tract contents	dental calculus
ERR6178893	dental calculus	dental calculus	tooth	dental calculus
ERR6178894	dental calculus	dental calculus	palaeofaeces	dental calculus
ERR6178895	dental calculus	dental calculus	tooth	dental calculus
ERR6178897	dental calculus	dental calculus	soil	dental calculus
ERR6178898	dental calculus	dental calculus	soil	dental calculus
ERR6178899	dental calculus	dental calculus	soil	dental calculus
ERR6178900	dental calculus	dental calculus	midden	dental calculus
ERR6178901	dental calculus	dental calculus	digestive tract contents	dental calculus
ERR6178902	dental calculus	dental calculus	tooth	dental calculus
ERR6178903	dental calculus	dental calculus	soil	dental calculus
ERR6178904	dental calculus	dental calculus	soil	dental calculus
ERR6178905	dental calculus	dental calculus	soil	dental calculus
ERR6178906	dental calculus	dental calculus	soil	dental calculus
ERR6178907	dental calculus	dental calculus	digestive tract contents	dental calculus
ERR6178908	dental calculus	dental calculus	tooth	dental calculus
ERR6178909	dental calculus	dental calculus	soil	dental calculus
ERR6178910	dental calculus	dental calculus	soil	dental calculus
ERR6178911	dental calculus	dental calculus	soil	dental calculus
ERR6178912	dental calculus	dental calculus	permafrost	dental calculus
ERR6178913	dental calculus	dental calculus	palaeofaeces	dental calculus
ERR6178914	dental calculus	dental calculus	digestive tract contents	dental calculus
ERR6178915	dental calculus	dental calculus	tooth	dental calculus
ERR6178916	dental calculus	dental calculus	digestive tract contents	dental calculus
ERR6178917	dental calculus	dental calculus	tooth	dental calculus
ERR6178918	dental calculus	dental calculus	tooth	dental calculus
ERR6178919	dental calculus	dental calculus	tooth	dental calculus
ERR6178920	dental calculus	dental calculus	dental calculus	dental calculus
ERR6178921	dental calculus	dental calculus	digestive tract contents	dental calculus
ERR6178923	dental calculus	dental calculus	palaeofaeces	dental calculus
ERR6178924	dental calculus	dental calculus	palaeofaeces	dental calculus
ERR6178925	dental calculus	dental calculus	soil	dental calculus
ERR6178926	dental calculus	dental calculus	palaeofaeces	dental calculus
ERR6178927	dental calculus	dental calculus	palaeofaeces	dental calculus
ERR6178928	dental calculus	dental calculus	midden	dental calculus
ERR6178929	dental calculus	dental calculus	dental calculus	dental calculus
ERR6178930	dental calculus	dental calculus	digestive tract contents	dental calculus
ERR6178931	dental calculus	dental calculus	digestive tract contents	dental calculus
ERR6178932	dental calculus	dental calculus	palaeofaeces	dental calculus
ERR6178933	dental calculus	dental calculus	soil	dental calculus
ERR6178934	dental calculus	dental calculus	tooth	dental calculus
ERR6178935	dental calculus	dental calculus	tooth	dental calculus
ERR6178936	dental calculus	dental calculus	palaeofaeces	dental calculus
ERR6178937	dental calculus	dental calculus	palaeofaeces	dental calculus
ERR6178938	dental calculus	dental calculus	digestive tract contents	dental calculus
ERR6178939	dental calculus	dental calculus	tooth	dental calculus
ERR6178940	dental calculus	dental calculus	sediment	dental calculus
ERR6178941	dental calculus	dental calculus	digestive tract contents	dental calculus
ERR6178942	dental calculus	dental calculus	midden	dental calculus
ERR6178943	dental calculus	dental calculus	tooth	dental calculus
ERR6178944	dental calculus	dental calculus	palaeofaeces	dental calculus
ERR6178945	dental calculus	dental calculus	palaeofaeces	dental calculus
ERR6178946	dental calculus	dental calculus	shell	dental calculus
ERR6178947	dental calculus	dental calculus	shell	dental calculus
ERR6178948	dental calculus	dental calculus	palaeofaeces	dental calculus
ERR6178949	dental calculus	dental calculus	soil	dental calculus
ERR6178950	dental calculus	dental calculus	soil	dental calculus
ERR6178951	dental calculus	dental calculus	palaeofaeces	dental calculus
ERR6178952	dental calculus	dental calculus	palaeofaeces	dental calculus
ERR6178953	dental calculus	dental calculus	soil	dental calculus
ERR6178954	dental calculus	dental calculus	sediment	dental calculus
ERR6178955	dental calculus	dental calculus	digestive tract contents	dental calculus
ERR6178956	dental calculus	dental calculus	tooth	dental calculus
ERR6178957	dental calculus	dental calculus	muscle tissue	dental calculus
ERR6178958	dental calculus	dental calculus	soil	dental calculus
ERR6178959	dental calculus	dental calculus	soil	dental calculus
ERR6178960	dental calculus	dental calculus	soil	dental calculus
ERR6178961	dental calculus	dental calculus	soil	dental calculus
ERR6178962	dental calculus	dental calculus	tooth	dental calculus
ERR6178963	dental calculus	dental calculus	tooth	dental calculus
ERR6178964	dental calculus	dental calculus	tooth	dental calculus
ERR6178965	dental calculus	dental calculus	soil	dental calculus
ERR6178966	dental calculus	dental calculus	dental calculus	dental calculus
ERR6178967	dental calculus	dental calculus	dental calculus	dental calculus
ERR6178968	dental calculus	dental calculus	soil	dental calculus
ERR6178969	dental calculus	dental calculus	soil	dental calculus
ERR6178970	dental calculus	dental calculus	tooth	dental calculus
ERR6178971	dental calculus	dental calculus	tooth	dental calculus
ERR6178972	dental calculus	dental calculus	tooth	dental calculus
ERR6178973	dental calculus	dental calculus	tooth	dental calculus
ERR6178974	dental calculus	dental calculus	soil	dental calculus
ERR6178975	dental calculus	dental calculus	palaeofaeces	dental calculus
ERR6178976	dental calculus	dental calculus	tooth	dental calculus
ERR6178977	dental calculus	dental calculus	tooth	dental calculus
ERR6178978	dental calculus	dental calculus	tooth	dental calculus
ERR6178979	dental calculus	dental calculus	tooth	dental calculus
ERR6178980	dental calculus	dental calculus	palaeofaeces	dental calculus
ERR6178981	dental calculus	dental calculus	palaeofaeces	dental calculus
ERR6178982	dental calculus	dental calculus	soil	dental calculus
ERR6178983	dental calculus	dental calculus	tooth	dental calculus
ERR6178984	dental calculus	dental calculus	tooth	dental calculus
ERR6178985	dental calculus	dental calculus	palaeofaeces	dental calculus
ERR6178986	dental calculus	dental calculus	tooth	dental calculus
ERR6178987	dental calculus	dental calculus	soil	dental calculus
ERR6178988	dental calculus	dental calculus	tooth	dental calculus
ERR6430820	marine sediment	lake sediment	lake sediment	lake sediment
ERR6430821	marine sediment	lake sediment	lake sediment	lake sediment
ERR6430822	marine sediment	marine sediment	lake sediment	lake sediment
ERR6430823	marine sediment	marine sediment	lake sediment	lake sediment
ERR6430825	marine sediment	lake sediment	lake sediment	lake sediment
ERR6430828	marine sediment	lake sediment	lake sediment	lake sediment
ERR6430830	marine sediment	lake sediment	lake sediment	lake sediment
ERR6430831	marine sediment	lake sediment	lake sediment	lake sediment
ERR6430832	marine sediment	lake sediment	lake sediment	lake sediment
ERR6430833	marine sediment	lake sediment	lake sediment	lake sediment
ERR6430834	marine sediment	marine sediment	lake sediment	lake sediment
ERR6430836	marine sediment	lake sediment	lake sediment	lake sediment
ERR6430838	marine sediment	lake sediment	lake sediment	lake sediment
ERR6430839	marine sediment	marine sediment	lake sediment	lake sediment
ERR6430840	marine sediment	marine sediment	lake sediment	lake sediment
ERR6430841	marine sediment	marine sediment	lake sediment	lake sediment
ERR6430842	marine sediment	marine sediment	lake sediment	lake sediment
ERR6430843	marine sediment	lake sediment	lake sediment	lake sediment
ERR6430845	marine sediment	lake sediment	lake sediment	lake sediment
ERR6430846	marine sediment	lake sediment	lake sediment	lake sediment
ERR6430847	marine sediment	lake sediment	lake sediment	lake sediment
ERR6430848	marine sediment	lake sediment	lake sediment	lake sediment
ERR6430849	marine sediment	lake sediment	lake sediment	lake sediment
ERR6430850	marine sediment	lake sediment	lake sediment	lake sediment
ERR6430851	marine sediment	lake sediment	lake sediment	lake sediment
ERR6589621	tooth	dental calculus	unknown	tooth
ERR6589622	tooth	dental calculus	tooth	dental calculus
ERR6589623	tooth	bone	unknown	tooth
ERR6589624	tooth	midden	unknown	tooth
ERR6589625	tooth	tooth	unknown	tooth
ERR6589626	tooth	midden	unknown	tooth
ERR6589627	tooth	dental calculus	tooth	tooth
ERR6589628	tooth	dental calculus	tooth	tooth
ERR6589629	tooth	dental calculus	tooth	dental calculus
ERR6589630	tooth	dental calculus	tooth	tooth
ERR7919459	dental calculus	dental calculus	unknown	dental calculus
ERR7919460	dental calculus	digestive tract contents	unknown	dental calculus
ERR7919462	dental calculus	dental calculus	palaeofaeces	dental calculus
ERR7919463	dental calculus	dental calculus	unknown	dental calculus
ERR7919464	dental calculus	dental calculus	unknown	palaeofaeces
ERR7919465	dental calculus	dental calculus	unknown	dental calculus
ERR7919466	dental calculus	dental calculus	unknown	dental calculus
ERR7919467	dental calculus	digestive tract contents	unknown	dental calculus
ERR7919468	dental calculus	dental calculus	unknown	dental calculus
ERR7919469	dental calculus	digestive tract contents	unknown	dental calculus
ERR7919470	dental calculus	dental calculus	unknown	dental calculus
ERR7919471	dental calculus	lake sediment	unknown	palaeofaeces
ERR7919472	dental calculus	dental calculus	unknown	dental calculus
ERR7919473	dental calculus	midden	unknown	dental calculus
ERR7919474	dental calculus	dental calculus	unknown	dental calculus
ERR7919475	dental calculus	dental calculus	unknown	dental calculus
ERR7919476	dental calculus	dental calculus	unknown	dental calculus
ERR7919477	dental calculus	digestive tract contents	unknown	dental calculus
ERR7919478	dental calculus	dental calculus	unknown	dental calculus
ERR7919479	dental calculus	dental calculus	tooth	dental calculus
ERR7919480	dental calculus	dental calculus	unknown	dental calculus
ERR7919481	dental calculus	dental calculus	unknown	dental calculus
ERR7919482	dental calculus	dental calculus	unknown	dental calculus
ERR7919483	dental calculus	dental calculus	unknown	dental calculus
ERR7919484	dental calculus	digestive tract contents	unknown	dental calculus
ERR7919485	dental calculus	dental calculus	unknown	dental calculus
ERR7919486	dental calculus	dental calculus	unknown	dental calculus
ERR7919487	dental calculus	dental calculus	unknown	dental calculus
ERR7919488	dental calculus	dental calculus	unknown	dental calculus
ERR7919489	dental calculus	dental calculus	unknown	dental calculus
ERR7919490	dental calculus	dental calculus	unknown	dental calculus
ERR7919491	dental calculus	digestive tract contents	unknown	dental calculus
ERR7919492	dental calculus	digestive tract contents	unknown	dental calculus
ERR7919493	dental calculus	dental calculus	unknown	dental calculus
ERR7919494	dental calculus	dental calculus	unknown	dental calculus
ERR7919495	dental calculus	dental calculus	unknown	dental calculus
ERR7919496	dental calculus	dental calculus	unknown	palaeofaeces
ERR7919497	dental calculus	dental calculus	unknown	dental calculus
ERR7919498	dental calculus	dental calculus	palaeofaeces	dental calculus
ERR7919499	dental calculus	lake sediment	unknown	palaeofaeces
ERR7919500	dental calculus	dental calculus	unknown	dental calculus
ERR7919501	dental calculus	dental calculus	unknown	dental calculus
ERR7919502	dental calculus	dental calculus	unknown	dental calculus
ERR7919503	dental calculus	dental calculus	unknown	dental calculus
ERR7919504	dental calculus	dental calculus	unknown	dental calculus
ERR7919505	dental calculus	intestine	unknown	dental calculus
ERR7919506	dental calculus	dental calculus	unknown	dental calculus
ERR7919507	dental calculus	dental calculus	palaeofaeces	dental calculus
ERR7919508	dental calculus	dental calculus	unknown	dental calculus
ERR7919509	dental calculus	lake sediment	unknown	palaeofaeces
ERR7919510	dental calculus	dental calculus	unknown	dental calculus
ERR7919511	dental calculus	dental calculus	unknown	dental calculus
ERR7919512	dental calculus	dental calculus	unknown	palaeofaeces
ERR7919513	dental calculus	dental calculus	tooth	dental calculus
ERR7919514	dental calculus	dental calculus	unknown	dental calculus
ERR7919515	dental calculus	dental calculus	unknown	dental calculus
ERR7919516	dental calculus	dental calculus	unknown	dental calculus
ERR7919517	dental calculus	digestive tract contents	unknown	palaeofaeces
ERR7919518	dental calculus	dental calculus	unknown	dental calculus
ERR7919519	dental calculus	dental calculus	unknown	dental calculus
ERR7919520	dental calculus	dental calculus	unknown	dental calculus
ERR7919521	dental calculus	dental calculus	unknown	dental calculus
ERR7919522	dental calculus	dental calculus	unknown	dental calculus
ERR7919523	dental calculus	dental calculus	unknown	dental calculus
ERR7919524	dental calculus	digestive tract contents	unknown	dental calculus
ERR7919525	dental calculus	intestine	unknown	dental calculus
ERR7919526	dental calculus	dental calculus	palaeofaeces	dental calculus
ERR7919527	dental calculus	dental calculus	unknown	dental calculus
ERR7919528	dental calculus	dental calculus	unknown	dental calculus
ERR7919529	dental calculus	intestine	unknown	dental calculus
ERR7919530	dental calculus	dental calculus	unknown	dental calculus
ERR7919531	dental calculus	dental calculus	unknown	dental calculus
ERR7919532	dental calculus	dental calculus	unknown	dental calculus
ERR7919533	dental calculus	dental calculus	unknown	dental calculus
ERR7919534	dental calculus	dental calculus	unknown	dental calculus
ERR7919535	dental calculus	intestine	unknown	dental calculus
ERR7919536	dental calculus	dental calculus	unknown	dental calculus
ERR7919537	dental calculus	dental calculus	unknown	dental calculus
ERR7919538	dental calculus	dental calculus	unknown	dental calculus
ERR7919539	dental calculus	dental calculus	unknown	dental calculus
ERR7919540	dental calculus	lake sediment	unknown	palaeofaeces
ERR7919541	dental calculus	midden	unknown	dental calculus
ERR7919542	dental calculus	dental calculus	unknown	dental calculus
ERR7919543	dental calculus	dental calculus	unknown	dental calculus
ERR7919544	dental calculus	dental calculus	unknown	dental calculus
ERR7919545	dental calculus	dental calculus	unknown	palaeofaeces
ERR7919546	dental calculus	digestive tract contents	unknown	palaeofaeces
ERR7919547	dental calculus	dental calculus	unknown	dental calculus
ERR7919548	dental calculus	dental calculus	unknown	dental calculus
ERR7919641	dental calculus	dental calculus	unknown	dental calculus
ERR7919642	dental calculus	dental calculus	unknown	dental calculus
ERR7919643	dental calculus	dental calculus	unknown	palaeofaeces
ERR7919644	dental calculus	digestive tract contents	unknown	palaeofaeces
ERR7919645	dental calculus	dental calculus	unknown	dental calculus
ERR7919646	dental calculus	dental calculus	permafrost	dental calculus
ERR8050978	dental calculus	dental calculus	midden	dental calculus
ERR9465622	lake sediment	lake sediment	lake sediment	lake sediment
ERR9465623	lake sediment	lake sediment	lake sediment	lake sediment
ERR9465624	lake sediment	lake sediment	lake sediment	lake sediment
ERR9465625	lake sediment	lake sediment	lake sediment	lake sediment
ERR9465626	lake sediment	lake sediment	lake sediment	lake sediment
ERR9465627	lake sediment	lake sediment	lake sediment	lake sediment
ERR9465628	lake sediment	lake sediment	lake sediment	lake sediment
ERR9465629	lake sediment	lake sediment	lake sediment	lake sediment
ERR9465630	lake sediment	lake sediment	sediment	lake sediment
ERR9465631	lake sediment	lake sediment	soil	lake sediment
ERR9465632	lake sediment	lake sediment	soil	dental calculus
ERR9612721	dental calculus	dental calculus	leaf	dental calculus
ERR9612722	dental calculus	dental calculus	leaf	dental calculus
ERR9612723	dental calculus	dental calculus	dental calculus	dental calculus
ERR9612724	dental calculus	dental calculus	digestive tract contents	dental calculus
ERR9612725	dental calculus	dental calculus	digestive tract contents	dental calculus
ERR9612726	dental calculus	dental calculus	digestive tract contents	dental calculus
ERR9612727	dental calculus	dental calculus	digestive tract contents	dental calculus
ERR9612728	dental calculus	dental calculus	midden	dental calculus
ERR9612729	dental calculus	dental calculus	leaf	dental calculus
ERR9612730	dental calculus	dental calculus	leaf	dental calculus
ERR9612731	dental calculus	dental calculus	midden	dental calculus
ERR9612732	dental calculus	dental calculus	midden	dental calculus
ERR9612733	dental calculus	dental calculus	midden	dental calculus
ERR9612734	dental calculus	dental calculus	midden	dental calculus
ERR9612735	dental calculus	dental calculus	dental calculus	dental calculus
ERR9612736	dental calculus	dental calculus	marine sediment	dental calculus
ERR9612737	dental calculus	dental calculus	tooth	dental calculus
ERR9612738	dental calculus	dental calculus	marine sediment	dental calculus
ERR9612739	dental calculus	dental calculus	dental calculus	dental calculus
ERR9612740	dental calculus	dental calculus	marine sediment	dental calculus
ERR9612741	dental calculus	dental calculus	sediment	tooth
ERR9612742	dental calculus	dental calculus	marine sediment	dental calculus
ERR9612743	dental calculus	dental calculus	digestive tract contents	dental calculus
ERR9612744	dental calculus	dental calculus	marine sediment	dental calculus
ERR9612745	dental calculus	dental calculus	marine sediment	dental calculus
ERR9612746	dental calculus	dental calculus	marine sediment	dental calculus
ERR9612747	dental calculus	dental calculus	dental calculus	dental calculus
ERR9612748	dental calculus	dental calculus	dental calculus	dental calculus
ERR9612749	dental calculus	dental calculus	marine sediment	dental calculus
ERR9612750	dental calculus	dental calculus	dental calculus	dental calculus
ERR9612751	dental calculus	dental calculus	tooth	dental calculus
ERR9612752	dental calculus	dental calculus	tooth	dental calculus
ERR9612753	dental calculus	dental calculus	leaf	intestine
ERR9612754	dental calculus	dental calculus	tooth	intestine
ERR9612755	dental calculus	dental calculus	tooth	dental calculus
ERR9612756	dental calculus	dental calculus	tooth	dental calculus
ERR9612757	dental calculus	dental calculus	tooth	dental calculus
ERR9612758	dental calculus	dental calculus	dental calculus	dental calculus
ERR9612759	dental calculus	dental calculus	leaf	dental calculus
ERR9612760	dental calculus	dental calculus	dental calculus	dental calculus
ERR9612761	dental calculus	dental calculus	dental calculus	dental calculus
ERR9612762	dental calculus	dental calculus	dental calculus	dental calculus
ERR9612763	dental calculus	dental calculus	tooth	dental calculus
ERR9612764	dental calculus	dental calculus	tooth	dental calculus
ERR9612765	dental calculus	dental calculus	leaf	dental calculus
ERR9612766	dental calculus	dental calculus	leaf	dental calculus
ERR9612767	dental calculus	dental calculus	dental calculus	dental calculus
ERR9612768	dental calculus	dental calculus	dental calculus	dental calculus
ERR9612769	dental calculus	dental calculus	tooth	dental calculus
ERR9612770	dental calculus	dental calculus	dental calculus	dental calculus
ERR9612771	dental calculus	dental calculus	leaf	dental calculus
ERR9612772	dental calculus	dental calculus	midden	dental calculus
ERR9612773	dental calculus	dental calculus	dental calculus	dental calculus
ERR9612774	dental calculus	dental calculus	dental calculus	dental calculus
ERR9612775	dental calculus	dental calculus	marine sediment	dental calculus
ERR9612776	dental calculus	dental calculus	marine sediment	dental calculus
ERR9612777	dental calculus	dental calculus	tooth	dental calculus
ERR9612778	dental calculus	dental calculus	tooth	dental calculus
ERR9612779	dental calculus	dental calculus	tooth	dental calculus
ERR9612780	dental calculus	dental calculus	tooth	dental calculus
ERR9612781	dental calculus	dental calculus	tooth	dental calculus
ERR9612782	dental calculus	dental calculus	dental calculus	dental calculus
ERR9612783	dental calculus	dental calculus	leaf	dental calculus
ERR9612784	dental calculus	dental calculus	midden	dental calculus
ERR9612785	dental calculus	dental calculus	tooth	dental calculus
ERR9612786	dental calculus	dental calculus	tooth	dental calculus
ERR9612787	dental calculus	dental calculus	marine sediment	dental calculus
ERR9612788	dental calculus	dental calculus	marine sediment	dental calculus
ERR9612789	dental calculus	dental calculus	tooth	dental calculus
ERR9612790	dental calculus	dental calculus	tooth	dental calculus
ERR9612791	dental calculus	dental calculus	tooth	dental calculus
ERR9612792	dental calculus	dental calculus	tooth	dental calculus
ERR9612793	dental calculus	dental calculus	dental calculus	dental calculus
ERR9612794	dental calculus	dental calculus	dental calculus	dental calculus
ERR9612795	dental calculus	dental calculus	digestive tract contents	dental calculus
ERR9612796	dental calculus	dental calculus	digestive tract contents	dental calculus
ERR9612797	dental calculus	dental calculus	tooth	dental calculus
ERR9612798	dental calculus	dental calculus	tooth	dental calculus
ERR9612799	dental calculus	dental calculus	tooth	dental calculus
ERR9612800	dental calculus	dental calculus	tooth	dental calculus
ERR9612801	dental calculus	dental calculus	dental calculus	dental calculus
ERR9612802	dental calculus	dental calculus	dental calculus	dental calculus
ERR9612803	dental calculus	dental calculus	dental calculus	dental calculus
ERR9612804	dental calculus	dental calculus	dental calculus	dental calculus
ERR9612805	dental calculus	dental calculus	tooth	dental calculus
ERR9612806	dental calculus	dental calculus	tooth	dental calculus
ERR9612807	dental calculus	dental calculus	digestive tract contents	dental calculus
ERR9612808	dental calculus	dental calculus	tooth	dental calculus
ERR9612809	dental calculus	dental calculus	leaf	dental calculus
ERR9612810	dental calculus	dental calculus	midden	dental calculus
ERR9612811	dental calculus	dental calculus	tooth	dental calculus
ERR9612812	dental calculus	dental calculus	digestive tract contents	dental calculus
ERR9612813	dental calculus	dental calculus	marine sediment	dental calculus
ERR9612814	dental calculus	dental calculus	tooth	dental calculus
ERR9612815	dental calculus	dental calculus	tooth	dental calculus
ERR9612816	dental calculus	dental calculus	tooth	dental calculus
ERR9612817	dental calculus	dental calculus	digestive tract contents	dental calculus
ERR9612818	dental calculus	dental calculus	dental calculus	dental calculus
ERR9612819	dental calculus	dental calculus	tooth	dental calculus
ERR9612820	dental calculus	dental calculus	tooth	dental calculus
ERR9612821	dental calculus	dental calculus	midden	dental calculus
ERR9612822	dental calculus	dental calculus	midden	dental calculus
ERR9612823	dental calculus	dental calculus	dental calculus	dental calculus
ERR9612824	dental calculus	dental calculus	dental calculus	dental calculus
ERR9612825	dental calculus	dental calculus	marine sediment	dental calculus
ERR9612826	dental calculus	dental calculus	tooth	dental calculus
ERR9612827	dental calculus	dental calculus	dental calculus	dental calculus
ERR9612828	dental calculus	dental calculus	dental calculus	dental calculus
ERR9612829	dental calculus	dental calculus	tooth	dental calculus
ERR9612830	dental calculus	dental calculus	tooth	dental calculus
ERR9612831	dental calculus	dental calculus	tooth	dental calculus
ERR9612832	dental calculus	dental calculus	tooth	dental calculus
ERR9612833	dental calculus	dental calculus	tooth	dental calculus
ERR9612834	dental calculus	dental calculus	tooth	dental calculus
ERR9612835	dental calculus	dental calculus	tooth	dental calculus
ERR9612836	dental calculus	dental calculus	tooth	dental calculus
ERR9612837	dental calculus	dental calculus	tooth	dental calculus
ERR9612838	dental calculus	dental calculus	tooth	dental calculus
ERR9612839	dental calculus	dental calculus	tooth	dental calculus
ERR9612840	dental calculus	dental calculus	tooth	dental calculus
ERR9612841	dental calculus	dental calculus	soil	dental calculus
ERR9612842	dental calculus	dental calculus	soil	dental calculus
ERR9612843	dental calculus	dental calculus	leaf	dental calculus
ERR9612844	dental calculus	dental calculus	leaf	dental calculus
ERR9612845	dental calculus	dental calculus	marine sediment	dental calculus
ERR9612846	dental calculus	dental calculus	marine sediment	dental calculus
ERR9612847	dental calculus	dental calculus	leaf	dental calculus
ERR9612848	dental calculus	dental calculus	leaf	dental calculus
ERR9612849	dental calculus	dental calculus	marine sediment	dental calculus
ERR9612850	dental calculus	dental calculus	dental calculus	dental calculus
ERR9612851	dental calculus	dental calculus	dental calculus	dental calculus
ERR9612852	dental calculus	dental calculus	dental calculus	dental calculus
ERR9612853	dental calculus	dental calculus	tooth	dental calculus
ERR9612854	dental calculus	dental calculus	digestive tract contents	dental calculus
ERR9612855	dental calculus	dental calculus	tooth	dental calculus
ERR9612856	dental calculus	dental calculus	tooth	dental calculus
ERR9612857	dental calculus	dental calculus	marine sediment	dental calculus
ERR9612858	dental calculus	dental calculus	marine sediment	dental calculus
ERR9612859	dental calculus	dental calculus	dental calculus	dental calculus
ERR9612860	dental calculus	dental calculus	dental calculus	dental calculus
ERR9612861	dental calculus	dental calculus	marine sediment	dental calculus
ERR9612862	dental calculus	dental calculus	marine sediment	dental calculus
ERR9612863	dental calculus	dental calculus	marine sediment	dental calculus
ERR9612864	dental calculus	dental calculus	palaeofaeces	dental calculus
ERR9612865	dental calculus	dental calculus	dental calculus	dental calculus
ERR9612866	dental calculus	dental calculus	digestive tract contents	dental calculus
ERR9612867	dental calculus	dental calculus	tooth	dental calculus
ERR9612868	dental calculus	dental calculus	dental calculus	dental calculus
ERR9612869	dental calculus	dental calculus	dental calculus	dental calculus
ERR9612870	dental calculus	dental calculus	dental calculus	dental calculus
ERR9612871	dental calculus	dental calculus	digestive tract contents	dental calculus
ERR9612872	dental calculus	dental calculus	digestive tract contents	dental calculus
ERR9612873	dental calculus	dental calculus	marine sediment	dental calculus
ERR9612874	dental calculus	dental calculus	marine sediment	dental calculus
ERR9612875	dental calculus	dental calculus	dental calculus	dental calculus
ERR9612876	dental calculus	dental calculus	dental calculus	dental calculus
ERR9612877	dental calculus	dental calculus	tooth	dental calculus
ERR9612878	dental calculus	dental calculus	tooth	dental calculus
ERR9612879	dental calculus	dental calculus	tooth	soil
ERR9612880	dental calculus	dental calculus	tooth	dental calculus
ERR9612881	dental calculus	dental calculus	dental calculus	dental calculus
ERR9612882	dental calculus	dental calculus	dental calculus	dental calculus
ERR9612883	dental calculus	dental calculus	tooth	dental calculus
ERR9612884	dental calculus	dental calculus	tooth	dental calculus
ERR9612885	dental calculus	dental calculus	tooth	dental calculus
ERR9612886	dental calculus	dental calculus	tooth	dental calculus
ERR9612887	dental calculus	dental calculus	tooth	dental calculus
ERR9612888	dental calculus	dental calculus	tooth	dental calculus
ERR9612889	dental calculus	dental calculus	digestive tract contents	dental calculus
ERR9612890	dental calculus	dental calculus	digestive tract contents	dental calculus
ERR9612891	dental calculus	dental calculus	tooth	dental calculus
ERR9612892	dental calculus	dental calculus	digestive tract contents	dental calculus
ERR9612893	dental calculus	dental calculus	midden	dental calculus
ERR9612894	dental calculus	dental calculus	midden	dental calculus
ERR9612895	dental calculus	dental calculus	dental calculus	dental calculus
ERR9612896	dental calculus	dental calculus	tooth	dental calculus
ERR9612897	dental calculus	dental calculus	tooth	dental calculus
ERR9612898	dental calculus	dental calculus	tooth	dental calculus
ERR9690357	permafrost	bone	sediment	lake sediment
ERR9690358	permafrost	sediment	sediment	tooth
ERR9690359	permafrost	dental calculus	sediment	lake sediment
ERR9690360	permafrost	dental calculus	sediment	lake sediment
ERR9690361	permafrost	dental calculus	sediment	lake sediment
ERR9690362	permafrost	lake sediment	permafrost	lake sediment
ERR9690363	permafrost	lake sediment	sediment	lake sediment
ERR9690364	permafrost	lake sediment	permafrost	lake sediment
ERR9690365	permafrost	lake sediment	permafrost	lake sediment
ERR9690366	permafrost	lake sediment	permafrost	lake sediment
SRR10156707	sediment	lake sediment	lake sediment	lake sediment
SRR10156708	sediment	lake sediment	lake sediment	lake sediment
SRR10156709	sediment	lake sediment	soil	lake sediment
SRR10156710	sediment	digestive tract contents	soil	marine sediment
SRR10156713	sediment	lake sediment	lake sediment	lake sediment
SRR10156724	sediment	lake sediment	lake sediment	lake sediment
SRR10156735	sediment	digestive tract contents	soil	marine sediment
SRR10156737	sediment	digestive tract contents	sediment	marine sediment
SRR10156738	sediment	lake sediment	soil	lake sediment
SRR10156739	sediment	lake sediment	soil	lake sediment
SRR10156740	sediment	lake sediment	soil	lake sediment
SRR10156741	sediment	lake sediment	lake sediment	lake sediment
SRR10156742	sediment	digestive tract contents	soil	lake sediment
SRR10156743	sediment	digestive tract contents	soil	lake sediment
SRR10156744	sediment	lake sediment	soil	lake sediment
SRR10156745	sediment	lake sediment	lake sediment	lake sediment
SRR10156746	sediment	lake sediment	lake sediment	lake sediment
SRR10156747	sediment	lake sediment	soil	lake sediment
SRR10156748	sediment	lake sediment	soil	lake sediment
SRR10156749	sediment	lake sediment	soil	lake sediment
SRR10156750	sediment	lake sediment	lake sediment	lake sediment
SRR10156751	sediment	lake sediment	lake sediment	lake sediment
SRR10156752	sediment	lake sediment	lake sediment	lake sediment
SRR10156753	sediment	lake sediment	lake sediment	lake sediment
SRR10156754	sediment	digestive tract contents	soil	lake sediment
SRR10156755	sediment	lake sediment	soil	lake sediment
SRR10156756	sediment	lake sediment	lake sediment	lake sediment
SRR10156757	sediment	midden	lake sediment	lake sediment
SRR10156758	sediment	midden	lake sediment	lake sediment
SRR1047998	palaeofaeces	palaeofaeces	intestine	dental calculus
SRR12136712	dental calculus	tooth	palaeofaeces	dental calculus
SRR12136713	dental calculus	dental calculus	dental calculus	dental calculus
SRR12462930	dental calculus	dental calculus	dental calculus	dental calculus
SRR12462931	dental calculus	dental calculus	digestive tract contents	dental calculus
SRR12462932	dental calculus	dental calculus	digestive tract contents	dental calculus
SRR12462933	dental calculus	dental calculus	digestive tract contents	dental calculus
SRR12462934	dental calculus	dental calculus	digestive tract contents	dental calculus
SRR12462935	dental calculus	dental calculus	digestive tract contents	dental calculus
SRR12462936	dental calculus	dental calculus	digestive tract contents	dental calculus
SRR12462937	dental calculus	dental calculus	tooth	dental calculus
SRR12462938	dental calculus	dental calculus	marine sediment	dental calculus
SRR12462939	dental calculus	dental calculus	marine sediment	dental calculus
SRR12462940	dental calculus	dental calculus	marine sediment	dental calculus
SRR12462941	dental calculus	dental calculus	marine sediment	dental calculus
SRR12462942	dental calculus	dental calculus	marine sediment	dental calculus
SRR12462943	dental calculus	dental calculus	marine sediment	dental calculus
SRR12462944	dental calculus	dental calculus	tooth	dental calculus
SRR12462945	dental calculus	dental calculus	digestive tract contents	dental calculus
SRR12462946	dental calculus	dental calculus	tooth	dental calculus
SRR12462947	dental calculus	dental calculus	dental calculus	dental calculus
SRR13355784	dental calculus	dental calculus	intestine	dental calculus
SRR13355785	dental calculus	dental calculus	tooth	tooth
SRR13355786	dental calculus	dental calculus	unknown	dental calculus
SRR13355787	dental calculus	dental calculus	tooth	dental calculus
SRR13355789	dental calculus	dental calculus	tooth	sediment
SRR13355790	dental calculus	dental calculus	unknown	tooth
SRR13355791	dental calculus	dental calculus	tooth	dental calculus
SRR13355792	dental calculus	dental calculus	unknown	dental calculus
SRR13355794	dental calculus	dental calculus	unknown	dental calculus
SRR13355796	dental calculus	dental calculus	tooth	dental calculus
SRR13355797	dental calculus	dental calculus	marine sediment	dental calculus
SRR13355798	dental calculus	dental calculus	marine sediment	dental calculus
SRR13355799	dental calculus	dental calculus	tooth	dental calculus
SRR13355800	dental calculus	dental calculus	tooth	dental calculus
SRR13355801	dental calculus	dental calculus	marine sediment	dental calculus
SRR13355802	dental calculus	dental calculus	permafrost	dental calculus
SRR13355803	dental calculus	dental calculus	unknown	dental calculus
SRR13355804	dental calculus	dental calculus	unknown	dental calculus
SRR13355805	dental calculus	dental calculus	unknown	dental calculus
SRR13355806	dental calculus	dental calculus	tooth	sediment
SRR13355807	dental calculus	dental calculus	tooth	sediment
SRR13355808	dental calculus	dental calculus	unknown	dental calculus
SRR13355809	dental calculus	dental calculus	unknown	dental calculus
SRR13355810	dental calculus	sediment	unknown	dental calculus
SRR13355811	dental calculus	dental calculus	tooth	tooth
SRR13355812	dental calculus	dental calculus	unknown	sediment
SRR13355813	dental calculus	dental calculus	tooth	dental calculus
SRR16071515	marine sediment	marine sediment	marine sediment	marine sediment
SRR16071516	marine sediment	marine sediment	marine sediment	marine sediment
SRR16071517	marine sediment	marine sediment	marine sediment	marine sediment
SRR16071520	marine sediment	marine sediment	marine sediment	marine sediment
SRR16071521	marine sediment	marine sediment	marine sediment	marine sediment
SRR17604731	dental calculus	tooth	tooth	dental calculus
SRR17604732	dental calculus	dental calculus	midden	dental calculus
SRR17604735	dental calculus	dental calculus	palaeofaeces	dental calculus
SRR17604736	dental calculus	dental calculus	midden	dental calculus
SRR17604737	dental calculus	dental calculus	tooth	dental calculus
SRR17604738	dental calculus	dental calculus	leaf	dental calculus
SRR17604739	dental calculus	dental calculus	palaeofaeces	dental calculus
SRR17604740	dental calculus	dental calculus	tooth	dental calculus
SRR17604741	dental calculus	dental calculus	intestine	dental calculus
SRR17604742	dental calculus	dental calculus	bone	dental calculus
SRR17604743	dental calculus	dental calculus	permafrost	dental calculus
SRR17604744	dental calculus	dental calculus	permafrost	dental calculus
SRR17604745	dental calculus	dental calculus	leaf	soil
SRR17604746	dental calculus	dental calculus	leaf	dental calculus
SRR17604747	dental calculus	dental calculus	palaeofaeces	dental calculus
SRR17604748	dental calculus	dental calculus	leaf	dental calculus
SRR17604749	dental calculus	dental calculus	bone	dental calculus
SRR17604750	dental calculus	dental calculus	midden	dental calculus
SRR17604751	dental calculus	dental calculus	midden	dental calculus
SRR17604752	dental calculus	dental calculus	bone	dental calculus
SRR17604753	dental calculus	dental calculus	palaeofaeces	dental calculus
SRR17604754	dental calculus	tooth	intestine	dental calculus
SRR17604755	dental calculus	dental calculus	tooth	dental calculus
SRR17604756	dental calculus	dental calculus	midden	dental calculus
SRR17604757	dental calculus	dental calculus	bone	dental calculus
SRR17604758	dental calculus	dental calculus	permafrost	dental calculus
SRR17604759	dental calculus	dental calculus	midden	dental calculus
SRR17604760	dental calculus	dental calculus	midden	dental calculus
SRR17604761	dental calculus	dental calculus	leaf	soil
SRR17604762	dental calculus	dental calculus	bone	dental calculus
SRR17604763	dental calculus	dental calculus	palaeofaeces	dental calculus
SRR17604764	dental calculus	dental calculus	leaf	dental calculus
SRR17604765	dental calculus	dental calculus	intestine	dental calculus
SRR17604766	dental calculus	dental calculus	intestine	dental calculus
SRR17604767	dental calculus	dental calculus	muscle tissue	dental calculus
SRR17604768	dental calculus	dental calculus	leaf	dental calculus
SRR17604769	dental calculus	dental calculus	intestine	dental calculus
SRR17604770	dental calculus	dental calculus	intestine	dental calculus
SRR17604771	dental calculus	dental calculus	leaf	dental calculus
SRR17604772	dental calculus	dental calculus	marine sediment	dental calculus
SRR17604773	dental calculus	dental calculus	intestine	dental calculus
SRR17604774	dental calculus	dental calculus	palaeofaeces	dental calculus
SRR17604775	dental calculus	dental calculus	dental calculus	dental calculus
SRR17604776	dental calculus	dental calculus	permafrost	dental calculus
SRR17604777	dental calculus	dental calculus	tooth	dental calculus
SRR17604778	dental calculus	dental calculus	leaf	dental calculus
SRR17604779	dental calculus	dental calculus	palaeofaeces	dental calculus
SRR17604780	dental calculus	dental calculus	permafrost	dental calculus
SRR17604781	dental calculus	tooth	tooth	dental calculus
SRR17604782	dental calculus	dental calculus	palaeofaeces	dental calculus
SRR17604783	dental calculus	tooth	muscle tissue	dental calculus
SRR17604784	dental calculus	dental calculus	leaf	dental calculus
SRR17604785	dental calculus	dental calculus	midden	dental calculus
SRR17604786	dental calculus	dental calculus	palaeofaeces	dental calculus
SRR17604787	dental calculus	dental calculus	dental calculus	dental calculus
SRR17604788	dental calculus	dental calculus	palaeofaeces	dental calculus
SRR17604789	dental calculus	dental calculus	palaeofaeces	dental calculus
SRR17604790	dental calculus	dental calculus	intestine	dental calculus
SRR17604791	dental calculus	dental calculus	midden	dental calculus
SRR17604792	dental calculus	dental calculus	bone	dental calculus
SRR17604793	dental calculus	dental calculus	bone	dental calculus
SRR17604794	dental calculus	dental calculus	intestine	dental calculus
SRR17604795	dental calculus	dental calculus	bone	dental calculus
SRR17604796	dental calculus	dental calculus	midden	dental calculus
SRR17604797	dental calculus	dental calculus	tooth	dental calculus
SRR17604798	dental calculus	dental calculus	tooth	dental calculus
SRR17604799	dental calculus	dental calculus	tooth	dental calculus
SRR17604800	dental calculus	dental calculus	palaeofaeces	dental calculus
SRR17604801	dental calculus	dental calculus	intestine	dental calculus
SRR17604802	dental calculus	tooth	intestine	dental calculus
SRR17604803	dental calculus	dental calculus	intestine	dental calculus
SRR17604804	dental calculus	dental calculus	tooth	dental calculus
SRR17604805	dental calculus	dental calculus	tooth	dental calculus
SRR17604806	dental calculus	tooth	muscle tissue	dental calculus
SRR17604807	dental calculus	dental calculus	midden	dental calculus
SRR17604808	dental calculus	dental calculus	midden	dental calculus
SRR19160147	intestine	dental calculus	sediment	dental calculus
SRR19160150	intestine	dental calculus	sediment	dental calculus
SRR19160161	intestine	tooth	sediment	dental calculus
SRR19160174	intestine	dental calculus	palaeofaeces	dental calculus
SRR19160175	intestine	dental calculus	sediment	dental calculus
SRR19160180	intestine	tooth	sediment	dental calculus
SRR19160184	intestine	tooth	sediment	tooth
SRR19160194	intestine	tooth	sediment	dental calculus
SRR19160206	intestine	dental calculus	sediment	dental calculus
SRR19160231	intestine	tooth	sediment	dental calculus
SRR19160251	intestine	dental calculus	soil	dental calculus
SRR20576738	marine sediment	marine sediment	unknown	sediment
SRR20576739	marine sediment	digestive tract contents	unknown	dental calculus
SRR20576742	marine sediment	marine sediment	unknown	lake sediment
SRR20576743	marine sediment	marine sediment	unknown	lake sediment
SRR20576744	marine sediment	digestive tract contents	unknown	palaeofaeces
SRR20576745	marine sediment	marine sediment	lake sediment	lake sediment
SRR20576746	marine sediment	marine sediment	unknown	lake sediment
SRR20576747	marine sediment	lake sediment	unknown	palaeofaeces
SRR20576748	marine sediment	marine sediment	lake sediment	lake sediment
SRR20576749	marine sediment	marine sediment	lake sediment	lake sediment
SRR20576750	marine sediment	marine sediment	unknown	lake sediment
SRR20576751	marine sediment	marine sediment	lake sediment	lake sediment
SRR20576752	marine sediment	marine sediment	lake sediment	lake sediment
SRR20576754	marine sediment	marine sediment	lake sediment	lake sediment
SRR20576755	marine sediment	marine sediment	lake sediment	lake sediment
SRR20576756	marine sediment	marine sediment	lake sediment	lake sediment
SRR20576757	marine sediment	marine sediment	lake sediment	lake sediment
SRR20576758	marine sediment	marine sediment	lake sediment	lake sediment
SRR20576759	marine sediment	marine sediment	lake sediment	lake sediment
SRR20576760	marine sediment	marine sediment	lake sediment	lake sediment
SRR20576761	marine sediment	marine sediment	unknown	lake sediment
SRR20576762	marine sediment	marine sediment	unknown	marine sediment
SRR20576763	marine sediment	marine sediment	unknown	lake sediment
SRR20576764	marine sediment	marine sediment	lake sediment	marine sediment
SRR20576765	marine sediment	marine sediment	lake sediment	lake sediment
SRR20576766	marine sediment	marine sediment	lake sediment	marine sediment
SRR20576767	marine sediment	marine sediment	unknown	lake sediment
SRR20576768	marine sediment	marine sediment	unknown	lake sediment
SRR20576769	marine sediment	marine sediment	unknown	lake sediment
SRR20576770	marine sediment	marine sediment	lake sediment	marine sediment
SRR20576771	marine sediment	marine sediment	lake sediment	lake sediment
SRR20576772	marine sediment	marine sediment	lake sediment	lake sediment
SRR20576773	marine sediment	marine sediment	unknown	lake sediment
SRR20576774	marine sediment	marine sediment	unknown	lake sediment
SRR20576775	marine sediment	marine sediment	unknown	lake sediment
SRR20576776	marine sediment	digestive tract contents	unknown	dental calculus
SRR20576779	marine sediment	midden	unknown	sediment
SRR20576780	marine sediment	marine sediment	unknown	sediment
SRR20576781	marine sediment	marine sediment	unknown	sediment
SRR20576782	marine sediment	marine sediment	unknown	lake sediment
SRR20576783	marine sediment	marine sediment	unknown	sediment
SRR20576784	marine sediment	marine sediment	unknown	lake sediment
SRR20576785	marine sediment	marine sediment	unknown	lake sediment
SRR20576786	marine sediment	marine sediment	unknown	lake sediment
SRR20576787	marine sediment	marine sediment	unknown	lake sediment
SRR20576794	marine sediment	marine sediment	unknown	palaeofaeces
SRR20576795	marine sediment	marine sediment	unknown	lake sediment
SRR20576796	marine sediment	marine sediment	lake sediment	lake sediment
SRR20576797	marine sediment	marine sediment	lake sediment	lake sediment
SRR20576798	marine sediment	marine sediment	unknown	lake sediment
SRR20576799	marine sediment	marine sediment	lake sediment	lake sediment
SRR20576800	marine sediment	marine sediment	lake sediment	lake sediment
SRR20576802	marine sediment	marine sediment	unknown	lake sediment
SRR20576803	marine sediment	digestive tract contents	unknown	palaeofaeces
SRR20576805	marine sediment	marine sediment	unknown	lake sediment
SRR20576807	marine sediment	marine sediment	unknown	lake sediment
SRR20576808	marine sediment	marine sediment	lake sediment	lake sediment
SRR20576809	marine sediment	marine sediment	unknown	dental calculus
SRR20576811	marine sediment	marine sediment	unknown	dental calculus
SRR20576812	marine sediment	marine sediment	unknown	lake sediment
SRR20576813	marine sediment	marine sediment	lake sediment	lake sediment
SRR20576814	marine sediment	marine sediment	unknown	lake sediment
SRR20576815	marine sediment	marine sediment	unknown	lake sediment
SRR20576816	marine sediment	lake sediment	unknown	lake sediment
SRR20576817	marine sediment	digestive tract contents	unknown	palaeofaeces
SRR21589119	soil	sediment	palaeofaeces	tooth
SRR21589120	soil	tooth	palaeofaeces	tooth
SRR2229974	dental calculus	bone	intestine	dental calculus
SRR2229975	tooth	bone	intestine	dental calculus
SRR2229976	dental calculus	bone	intestine	dental calculus
SRR2229977	tooth	bone	intestine	dental calculus
SRR23699551	dental calculus	dental calculus	midden	dental calculus
SRR23699552	dental calculus	dental calculus	bone	dental calculus
SRR23699553	dental calculus	dental calculus	leaf	dental calculus
SRR23699554	dental calculus	dental calculus	midden	dental calculus
SRR23699555	dental calculus	dental calculus	marine sediment	dental calculus
SRR23699556	dental calculus	dental calculus	bone	dental calculus
SRR23699557	dental calculus	dental calculus	midden	dental calculus
SRR23699558	dental calculus	dental calculus	tooth	dental calculus
SRR23699559	dental calculus	dental calculus	bone	dental calculus
SRR23699560	dental calculus	dental calculus	marine sediment	dental calculus
SRR23699561	dental calculus	dental calculus	bone	dental calculus
SRR23699562	dental calculus	dental calculus	marine sediment	dental calculus
SRR23699563	dental calculus	dental calculus	bone	dental calculus
SRR23699564	dental calculus	dental calculus	lake sediment	dental calculus
SRR23699565	dental calculus	dental calculus	digestive tract contents	dental calculus
SRR23699566	dental calculus	dental calculus	bone	dental calculus
SRR23699567	dental calculus	dental calculus	midden	dental calculus
SRR23699568	dental calculus	dental calculus	bone	dental calculus
SRR23699569	dental calculus	dental calculus	marine sediment	dental calculus
SRR23699570	dental calculus	dental calculus	tooth	dental calculus
SRR23699571	dental calculus	dental calculus	bone	dental calculus
SRR23699572	dental calculus	dental calculus	midden	dental calculus
SRR23699573	dental calculus	dental calculus	midden	dental calculus
SRR23699574	dental calculus	dental calculus	tooth	dental calculus
SRR23699575	dental calculus	dental calculus	marine sediment	dental calculus
SRR23699576	dental calculus	dental calculus	tooth	dental calculus
SRR23699577	dental calculus	dental calculus	midden	dental calculus
SRR23699578	dental calculus	dental calculus	midden	dental calculus
SRR24222601	lake sediment	marine sediment	marine sediment	marine sediment
SRR24222602	lake sediment	marine sediment	marine sediment	lake sediment
SRR24222603	lake sediment	marine sediment	marine sediment	marine sediment
SRR24222604	lake sediment	marine sediment	marine sediment	marine sediment
SRR24222605	lake sediment	marine sediment	marine sediment	lake sediment
SRR24222606	lake sediment	marine sediment	marine sediment	lake sediment
SRR24222607	lake sediment	marine sediment	marine sediment	marine sediment
SRR24222608	lake sediment	marine sediment	marine sediment	marine sediment
SRR24222609	lake sediment	marine sediment	lake sediment	lake sediment
SRR24222610	lake sediment	marine sediment	marine sediment	lake sediment
SRR24222612	lake sediment	marine sediment	marine sediment	lake sediment
SRR24222613	lake sediment	marine sediment	marine sediment	lake sediment
SRR24222614	lake sediment	marine sediment	marine sediment	lake sediment
SRR24222615	lake sediment	marine sediment	marine sediment	lake sediment
SRR24222616	lake sediment	marine sediment	marine sediment	marine sediment
SRR24222617	lake sediment	marine sediment	marine sediment	marine sediment
SRR24222618	lake sediment	marine sediment	marine sediment	marine sediment
SRR24222619	lake sediment	marine sediment	marine sediment	marine sediment
SRR24222620	lake sediment	marine sediment	marine sediment	lake sediment
SRR24222621	lake sediment	marine sediment	marine sediment	lake sediment
SRR24222623	lake sediment	marine sediment	marine sediment	marine sediment
SRR24222624	lake sediment	marine sediment	lake sediment	marine sediment
SRR24222625	lake sediment	marine sediment	marine sediment	marine sediment
SRR24222626	lake sediment	marine sediment	lake sediment	marine sediment
SRR24222627	lake sediment	marine sediment	lake sediment	marine sediment
SRR24222628	lake sediment	marine sediment	marine sediment	lake sediment
SRR24222629	lake sediment	marine sediment	marine sediment	marine sediment
SRR24222630	lake sediment	marine sediment	marine sediment	marine sediment
SRR24222631	lake sediment	marine sediment	lake sediment	lake sediment
SRR24222632	lake sediment	marine sediment	marine sediment	marine sediment
SRR25620676	permafrost	tooth	lake sediment	lake sediment
SRR25620681	permafrost	tooth	lake sediment	lake sediment
SRR25620753	permafrost	tooth	unknown	tooth
SRR25620756	permafrost	tooth	unknown	lake sediment
SRR25620780	permafrost	tooth	unknown	tooth
SRR25620786	permafrost	tooth	unknown	tooth
SRR25620790	permafrost	tooth	unknown	dental calculus
SRR25620795	permafrost	tooth	lake sediment	dental calculus
SRR30066258	dental calculus	dental calculus	intestine	dental calculus
SRR30066259	dental calculus	dental calculus	intestine	dental calculus
SRR30066260	dental calculus	dental calculus	leaf	dental calculus
SRR30066261	dental calculus	dental calculus	palaeofaeces	dental calculus
SRR30066262	dental calculus	dental calculus	palaeofaeces	dental calculus
SRR30066263	dental calculus	dental calculus	lake sediment	dental calculus
SRR30066264	dental calculus	dental calculus	bone	dental calculus
SRR30066265	dental calculus	dental calculus	soil	dental calculus
SRR30066269	dental calculus	dental calculus	tooth	dental calculus
SRR30066270	dental calculus	dental calculus	permafrost	dental calculus
SRR30066271	dental calculus	dental calculus	intestine	dental calculus
SRR30066272	dental calculus	dental calculus	intestine	dental calculus
SRR32023812	marine sediment	tooth	soil	tooth
SRR32023817	marine sediment	soil	marine sediment	dental calculus
SRR32023818	marine sediment	soil	soil	dental calculus
SRR32023819	marine sediment	marine sediment	marine sediment	dental calculus
SRR32023820	marine sediment	marine sediment	marine sediment	dental calculus
SRR32023821	marine sediment	soil	marine sediment	dental calculus
SRR32023822	marine sediment	marine sediment	marine sediment	dental calculus
SRR32023823	marine sediment	marine sediment	marine sediment	dental calculus
SRR32023824	marine sediment	soil	marine sediment	dental calculus
SRR32023825	marine sediment	marine sediment	marine sediment	dental calculus
SRR32023826	marine sediment	marine sediment	marine sediment	dental calculus
SRR32023827	marine sediment	marine sediment	marine sediment	dental calculus
SRR32023828	marine sediment	marine sediment	marine sediment	dental calculus
SRR32023829	marine sediment	soil	soil	dental calculus
SRR32023830	marine sediment	marine sediment	marine sediment	dental calculus
SRR32023831	marine sediment	tooth	marine sediment	tooth
SRR32023832	marine sediment	marine sediment	marine sediment	dental calculus
SRR32023833	marine sediment	marine sediment	marine sediment	dental calculus
SRR32023835	marine sediment	marine sediment	marine sediment	dental calculus
SRR32023836	marine sediment	marine sediment	marine sediment	dental calculus
SRR32023837	marine sediment	marine sediment	marine sediment	dental calculus
SRR32023838	marine sediment	soil	marine sediment	dental calculus
SRR32023839	marine sediment	marine sediment	marine sediment	dental calculus
SRR32023840	marine sediment	marine sediment	marine sediment	dental calculus
SRR32023841	marine sediment	marine sediment	marine sediment	dental calculus
SRR32023842	marine sediment	marine sediment	marine sediment	dental calculus
SRR32023845	marine sediment	marine sediment	marine sediment	dental calculus
SRR32023846	marine sediment	marine sediment	marine sediment	dental calculus
SRR32023847	marine sediment	marine sediment	marine sediment	dental calculus
SRR32023848	marine sediment	marine sediment	marine sediment	dental calculus
SRR32023849	marine sediment	tooth	marine sediment	dental calculus
SRR32023851	marine sediment	marine sediment	marine sediment	dental calculus
SRR32023854	marine sediment	marine sediment	marine sediment	dental calculus
SRR32023855	marine sediment	marine sediment	marine sediment	dental calculus
SRR32023858	marine sediment	soil	marine sediment	dental calculus
SRR32023859	marine sediment	marine sediment	marine sediment	dental calculus
SRR32023860	marine sediment	marine sediment	marine sediment	dental calculus
SRR32023861	marine sediment	marine sediment	marine sediment	dental calculus
SRR32023864	marine sediment	soil	marine sediment	dental calculus
SRR32023865	marine sediment	soil	soil	dental calculus
SRR32023867	marine sediment	marine sediment	marine sediment	dental calculus
SRR32023868	marine sediment	tooth	marine sediment	dental calculus
SRR32023870	marine sediment	soil	soil	dental calculus
SRR32023871	marine sediment	soil	soil	dental calculus
SRR32023872	marine sediment	soil	marine sediment	dental calculus
SRR32023873	marine sediment	marine sediment	marine sediment	dental calculus
SRR32023874	marine sediment	tooth	soil	dental calculus
SRR32023875	marine sediment	tooth	marine sediment	dental calculus
SRR4047197	leaf	bone	lake sediment	leaf
SRR4047199	leaf	midden	lake sediment	leaf
SRR4047201	leaf	midden	lake sediment	leaf
SRR4047203	leaf	tooth	lake sediment	lake sediment
SRR4047207	leaf	shell	lake sediment	lake sediment
SRR4047214	leaf	shell	lake sediment	lake sediment
SRR4047219	leaf	lake sediment	lake sediment	lake sediment
SRR4047221	leaf	midden	lake sediment	lake sediment
SRR4047223	leaf	midden	lake sediment	lake sediment
SRR4047225	leaf	midden	lake sediment	lake sediment
SRR4047228	leaf	midden	lake sediment	lake sediment
SRR5047040	tooth	tooth	lake sediment	tooth
SRR5047041	tooth	tooth	muscle tissue	tooth
SRR5047042	tooth	tooth	tooth	tooth
SRR5047043	tooth	tooth	muscle tissue	tooth
SRR5047044	tooth	tooth	lake sediment	tooth
SRR5047045	tooth	tooth	lake sediment	tooth
SRR5047046	tooth	tooth	muscle tissue	tooth
SRR5047047	tooth	tooth	tooth	tooth
SRR5047048	tooth	tooth	tooth	tooth
SRR5047049	tooth	tooth	tooth	tooth
SRR5047050	tooth	tooth	sediment	tooth
SRR5047051	tooth	tooth	muscle tissue	tooth
SRR5047052	tooth	tooth	muscle tissue	tooth
SRR5047053	tooth	tooth	sediment	tooth
SRR5047054	tooth	tooth	sediment	tooth
SRR5047055	tooth	lake sediment	muscle tissue	lake sediment
SRR5047056	tooth	tooth	tooth	tooth
SRR5047057	tooth	tooth	bone	tooth
SRR5047058	tooth	tooth	tooth	tooth
SRR5047059	tooth	tooth	sediment	tooth
SRR5047060	tooth	tooth	sediment	tooth
SRR5047061	tooth	tooth	tooth	tooth
SRR5047062	tooth	tooth	tooth	tooth
SRR5047063	tooth	tooth	tooth	tooth
SRR5047064	tooth	permafrost	sediment	tooth
SRR5047065	tooth	tooth	sediment	tooth
SRR5047066	tooth	tooth	muscle tissue	tooth
SRR5047067	tooth	tooth	sediment	tooth
SRR5047068	tooth	tooth	tooth	tooth
SRR5047069	tooth	tooth	tooth	tooth
SRR5047070	tooth	tooth	marine sediment	tooth
SRR5047071	tooth	tooth	tooth	tooth
SRR5047072	tooth	tooth	intestine	tooth
SRR5047073	tooth	tooth	tooth	tooth
SRR5047074	tooth	tooth	muscle tissue	tooth
SRR5047075	tooth	tooth	sediment	tooth
SRR5047076	tooth	tooth	sediment	tooth
SRR5047077	tooth	tooth	sediment	tooth
SRR5047078	tooth	tooth	sediment	tooth
SRR5047079	tooth	tooth	tooth	tooth
SRR5047080	tooth	tooth	muscle tissue	tooth
SRR5047081	tooth	tooth	tooth	tooth
SRR5047082	tooth	tooth	sediment	tooth
SRR5047083	tooth	tooth	lake sediment	tooth
SRR5047084	tooth	tooth	muscle tissue	tooth
SRR5047085	tooth	tooth	intestine	tooth
SRR5047086	tooth	tooth	muscle tissue	tooth
SRR5047087	tooth	tooth	tooth	tooth
SRR5047088	tooth	tooth	tooth	tooth
SRR5047089	tooth	tooth	tooth	tooth
SRR5047090	tooth	tooth	tooth	tooth
SRR5047091	tooth	tooth	tooth	tooth
SRR5047092	tooth	tooth	lake sediment	tooth
SRR5047093	tooth	tooth	intestine	tooth
SRR5047094	tooth	tooth	tooth	tooth
SRR5047095	tooth	tooth	tooth	tooth
SRR5047096	tooth	tooth	intestine	tooth
SRR5047097	tooth	tooth	sediment	tooth
SRR5047098	tooth	tooth	tooth	tooth
SRR5047099	tooth	tooth	sediment	tooth
SRR5047100	tooth	tooth	lake sediment	tooth
SRR5047101	tooth	tooth	sediment	tooth
SRR5047102	tooth	tooth	muscle tissue	tooth
SRR5047103	tooth	bone	muscle tissue	tooth
SRR5047104	tooth	tooth	tooth	tooth
SRR5047105	tooth	tooth	tooth	tooth
SRR5047106	tooth	tooth	intestine	tooth
SRR5047107	tooth	tooth	tooth	tooth
SRR5047108	tooth	tooth	tooth	tooth
SRR5047109	tooth	tooth	tooth	tooth
SRR5047110	tooth	tooth	sediment	tooth
SRR5047111	tooth	dental calculus	permafrost	dental calculus
SRR5047112	tooth	tooth	muscle tissue	lake sediment
SRR5047113	tooth	tooth	tooth	tooth
SRR5047114	tooth	tooth	lake sediment	tooth
SRR5047115	tooth	tooth	intestine	tooth
SRR5047116	tooth	tooth	tooth	tooth
SRR5047117	tooth	tooth	tooth	tooth
SRR5047118	tooth	tooth	sediment	tooth
SRR5047119	tooth	tooth	tooth	tooth
SRR5047120	tooth	tooth	sediment	tooth
SRR5047121	tooth	tooth	tooth	tooth
SRR5047122	tooth	tooth	tooth	tooth
SRR5047123	tooth	tooth	tooth	tooth
SRR5047124	tooth	tooth	lake sediment	tooth
SRR5047125	tooth	dental calculus	tooth	dental calculus
SRR5047126	tooth	tooth	muscle tissue	tooth
SRR5047127	tooth	tooth	tooth	tooth
SRR5047128	tooth	tooth	intestine	tooth
SRR5047129	tooth	tooth	lake sediment	tooth
SRR5047130	tooth	tooth	sediment	tooth
SRR5047131	tooth	tooth	muscle tissue	tooth
SRR5047132	tooth	tooth	sediment	tooth
SRR5047133	tooth	tooth	muscle tissue	tooth
SRR5047134	tooth	tooth	muscle tissue	tooth
SRR5047135	tooth	tooth	sediment	tooth
SRR5047136	tooth	tooth	lake sediment	tooth
SRR5047137	tooth	tooth	intestine	tooth
SRR5047138	tooth	tooth	intestine	tooth
SRR5047139	tooth	bone	muscle tissue	tooth
SRR5047140	tooth	tooth	sediment	tooth
SRR5047141	tooth	tooth	intestine	tooth
SRR5047142	tooth	tooth	intestine	bone
SRR5047143	tooth	tooth	sediment	tooth
SRR5047144	tooth	dental calculus	tooth	dental calculus
SRR5047145	tooth	tooth	muscle tissue	tooth
SRR5047146	tooth	tooth	tooth	tooth
SRR5047147	tooth	tooth	lake sediment	tooth
SRR5047148	tooth	tooth	lake sediment	tooth
SRR5047149	tooth	tooth	muscle tissue	tooth
SRR5047150	tooth	tooth	sediment	tooth
SRR5047151	tooth	tooth	tooth	tooth
SRR5047152	tooth	tooth	tooth	tooth
SRR5047153	tooth	tooth	tooth	tooth
SRR5047154	tooth	tooth	tooth	tooth
SRR5047155	tooth	tooth	tooth	tooth
SRR5047156	tooth	tooth	sediment	tooth
SRR5047157	tooth	tooth	muscle tissue	tooth
SRR5047158	tooth	tooth	muscle tissue	tooth
SRR5047159	tooth	dental calculus	sediment	dental calculus
SRR5047160	tooth	tooth	lake sediment	tooth
SRR5047161	tooth	tooth	bone	tooth
SRR5047162	tooth	tooth	tooth	tooth
SRR5047163	tooth	tooth	bone	tooth
SRR5047164	tooth	tooth	lake sediment	tooth
SRR5047165	tooth	tooth	muscle tissue	tooth
SRR5047166	tooth	tooth	sediment	tooth
SRR5047167	tooth	tooth	tooth	tooth
SRR5047168	tooth	tooth	tooth	tooth
SRR5047169	tooth	tooth	lake sediment	tooth
SRR5047170	tooth	tooth	tooth	tooth
SRR5047171	tooth	tooth	sediment	tooth
SRR5047172	tooth	tooth	tooth	tooth
SRR5047173	tooth	tooth	lake sediment	tooth
SRR5047174	tooth	tooth	tooth	tooth
SRR5047175	tooth	bone	marine sediment	tooth
SRR5047176	tooth	tooth	sediment	tooth
SRR5047177	tooth	tooth	marine sediment	tooth
SRR5047178	tooth	tooth	tooth	tooth
SRR5047179	tooth	tooth	tooth	tooth
SRR5047180	tooth	tooth	tooth	tooth
SRR5047181	tooth	tooth	lake sediment	tooth
SRR5047182	tooth	tooth	tooth	tooth
SRR5047183	tooth	tooth	sediment	tooth
SRR5047184	tooth	tooth	tooth	tooth
SRR5047185	tooth	tooth	intestine	tooth
SRR5047186	tooth	tooth	tooth	tooth
SRR5047187	tooth	tooth	bone	tooth
SRR5047188	tooth	dental calculus	tooth	dental calculus
SRR5047189	tooth	tooth	tooth	tooth
SRR5047190	tooth	tooth	marine sediment	tooth
SRR5047191	tooth	tooth	intestine	tooth
SRR5047192	tooth	tooth	muscle tissue	tooth
SRR5047193	tooth	tooth	sediment	tooth
SRR5047194	tooth	dental calculus	tooth	dental calculus
SRR5047195	tooth	tooth	intestine	tooth
SRR5047196	tooth	tooth	muscle tissue	tooth
SRR5047197	tooth	tooth	tooth	tooth
SRR5047198	tooth	tooth	sediment	tooth
SRR5047199	tooth	tooth	muscle tissue	tooth
SRR5047200	tooth	tooth	tooth	tooth
SRR5047201	tooth	tooth	lake sediment	tooth
SRR5047202	tooth	tooth	tooth	tooth
SRR5047203	tooth	tooth	muscle tissue	tooth
SRR5047204	tooth	tooth	sediment	tooth
SRR5297130	dental calculus	dental calculus	digestive tract contents	dental calculus
SRR5297131	dental calculus	dental calculus	digestive tract contents	dental calculus
SRR5297132	dental calculus	dental calculus	midden	dental calculus
SRR5297133	dental calculus	dental calculus	digestive tract contents	dental calculus
SRR5332455	lake sediment	lake sediment	lake sediment	lake sediment
SRR5332456	lake sediment	bone	lake sediment	lake sediment
SRR5332457	lake sediment	lake sediment	lake sediment	lake sediment
SRR5332458	lake sediment	lake sediment	lake sediment	lake sediment
SRR5332459	lake sediment	lake sediment	lake sediment	lake sediment
SRR5332461	lake sediment	lake sediment	muscle tissue	lake sediment
SRR5332462	lake sediment	lake sediment	lake sediment	lake sediment
SRR5332463	lake sediment	lake sediment	muscle tissue	lake sediment
SRR5332464	lake sediment	lake sediment	muscle tissue	lake sediment
SRR5332466	lake sediment	lake sediment	sediment	lake sediment
SRR5875718	intestine	midden	unknown	tooth
SRR5875719	intestine	dental calculus	permafrost	dental calculus
SRR5875720	intestine	midden	unknown	tooth
SRR5875721	intestine	dental calculus	permafrost	dental calculus
SRR5875726	muscle tissue	midden	unknown	tooth
SRR5875727	muscle tissue	dental calculus	permafrost	dental calculus
SRR5875728	muscle tissue	midden	unknown	dental calculus
SRR5875729	muscle tissue	dental calculus	permafrost	dental calculus
SRR6877282	dental calculus	dental calculus	intestine	dental calculus
SRR6877283	tooth	dental calculus	tooth	dental calculus
SRR6877284	dental calculus	dental calculus	leaf	dental calculus
SRR6877285	tooth	dental calculus	tooth	dental calculus
SRR6877286	dental calculus	dental calculus	leaf	dental calculus
SRR6877287	tooth	dental calculus	tooth	bone
SRR6877288	dental calculus	dental calculus	intestine	dental calculus
SRR6877289	tooth	dental calculus	tooth	dental calculus
SRR6877290	dental calculus	dental calculus	permafrost	dental calculus
SRR6877291	tooth	dental calculus	tooth	dental calculus
SRR6877292	dental calculus	dental calculus	leaf	dental calculus
SRR6877293	tooth	tooth	tooth	tooth
SRR6877294	dental calculus	dental calculus	tooth	dental calculus
SRR6877295	tooth	tooth	tooth	tooth
SRR6877296	dental calculus	dental calculus	tooth	dental calculus
SRR6877297	tooth	tooth	tooth	tooth
SRR6877298	tooth	dental calculus	tooth	dental calculus
SRR6877299	tooth	dental calculus	tooth	dental calculus
SRR6877300	dental calculus	dental calculus	leaf	dental calculus
SRR6877301	tooth	tooth	tooth	dental calculus
SRR6877302	tooth	tooth	tooth	tooth
SRR6877303	dental calculus	dental calculus	tooth	dental calculus
SRR6877304	dental calculus	dental calculus	tooth	dental calculus
SRR6877305	dental calculus	dental calculus	tooth	dental calculus
SRR6877306	tooth	permafrost	tooth	dental calculus
SRR6877307	tooth	tooth	soil	tooth
SRR6877308	dental calculus	tooth	tooth	dental calculus
SRR6877309	tooth	tooth	tooth	tooth
SRR6877310	dental calculus	dental calculus	permafrost	dental calculus
SRR6877311	tooth	dental calculus	tooth	dental calculus
SRR6877312	dental calculus	dental calculus	permafrost	dental calculus
SRR6877313	dental calculus	dental calculus	leaf	dental calculus
SRR6877314	tooth	dental calculus	tooth	dental calculus
SRR6877315	tooth	tooth	tooth	tooth
SRR6877316	dental calculus	dental calculus	tooth	dental calculus
SRR6877317	tooth	tooth	tooth	tooth
SRR6877318	dental calculus	tooth	tooth	dental calculus
SRR6877319	tooth	tooth	tooth	tooth
SRR6877320	dental calculus	dental calculus	tooth	dental calculus
SRR6877321	tooth	tooth	tooth	tooth
SRR6877322	dental calculus	dental calculus	tooth	dental calculus
SRR6877323	dental calculus	dental calculus	dental calculus	dental calculus
SRR6877324	dental calculus	dental calculus	intestine	dental calculus
SRR6877325	tooth	permafrost	tooth	bone
SRR6877326	dental calculus	dental calculus	permafrost	dental calculus
SRR6877327	tooth	tooth	tooth	tooth
SRR6877328	dental calculus	dental calculus	tooth	dental calculus
SRR6877329	tooth	tooth	tooth	tooth
SRR6877330	dental calculus	dental calculus	tooth	dental calculus
SRR6877331	tooth	tooth	tooth	tooth
SRR6877332	dental calculus	dental calculus	tooth	dental calculus
SRR6877333	tooth	tooth	tooth	tooth
SRR6877334	dental calculus	dental calculus	tooth	dental calculus
SRR6877335	tooth	tooth	tooth	tooth
SRR6877336	dental calculus	tooth	tooth	dental calculus
SRR6877337	tooth	tooth	tooth	tooth
SRR6877338	dental calculus	tooth	tooth	dental calculus
SRR6877339	dental calculus	dental calculus	leaf	dental calculus
SRR6877340	dental calculus	dental calculus	intestine	dental calculus
SRR6877341	tooth	tooth	tooth	dental calculus
SRR6877342	dental calculus	dental calculus	leaf	dental calculus
SRR6877343	tooth	dental calculus	tooth	dental calculus
SRR6877344	dental calculus	dental calculus	tooth	dental calculus
SRR6877345	tooth	tooth	tooth	tooth
SRR6877346	dental calculus	dental calculus	leaf	dental calculus
SRR6877347	tooth	dental calculus	tooth	dental calculus
SRR6877348	dental calculus	dental calculus	tooth	dental calculus
SRR6877349	tooth	tooth	tooth	tooth
SRR6877350	dental calculus	dental calculus	leaf	dental calculus
SRR6877351	tooth	tooth	tooth	tooth
SRR6877352	dental calculus	tooth	tooth	dental calculus
SRR6877353	tooth	dental calculus	tooth	dental calculus
SRR6877354	dental calculus	tooth	tooth	dental calculus
SRR6877355	tooth	tooth	tooth	tooth
SRR6877356	dental calculus	tooth	tooth	dental calculus
SRR6877357	tooth	tooth	tooth	tooth
SRR6877358	dental calculus	dental calculus	leaf	dental calculus
SRR6877359	tooth	tooth	tooth	tooth
SRR6877360	tooth	tooth	tooth	tooth
SRR6877361	dental calculus	dental calculus	tooth	dental calculus
SRR6877362	tooth	tooth	tooth	tooth
SRR6877363	dental calculus	tooth	tooth	dental calculus
SRR6877364	tooth	tooth	tooth	tooth
SRR6877365	dental calculus	tooth	tooth	dental calculus
SRR6877366	tooth	dental calculus	tooth	dental calculus
SRR6877367	dental calculus	tooth	tooth	dental calculus
SRR6877368	tooth	tooth	tooth	tooth
SRR6877369	dental calculus	dental calculus	tooth	dental calculus
SRR6877370	dental calculus	dental calculus	permafrost	dental calculus
SRR6877371	tooth	tooth	tooth	tooth
SRR6877372	dental calculus	tooth	tooth	dental calculus
SRR6877373	tooth	tooth	tooth	tooth
SRR6877374	dental calculus	tooth	tooth	dental calculus
SRR6877375	tooth	tooth	tooth	tooth
SRR6877376	dental calculus	dental calculus	tooth	dental calculus
SRR6877377	tooth	soil	tooth	dental calculus
SRR6877378	dental calculus	dental calculus	palaeofaeces	dental calculus
SRR6877379	tooth	tooth	tooth	tooth
SRR6877380	tooth	dental calculus	tooth	tooth
SRR6877381	tooth	tooth	tooth	tooth
SRR6877382	dental calculus	dental calculus	tooth	dental calculus
SRR6877383	tooth	tooth	tooth	tooth
SRR6877384	dental calculus	dental calculus	intestine	dental calculus
SRR6877385	tooth	tooth	tooth	tooth
SRR6877386	dental calculus	dental calculus	tooth	dental calculus
SRR6877387	tooth	tooth	tooth	tooth
SRR6877388	dental calculus	dental calculus	palaeofaeces	dental calculus
SRR6877389	tooth	dental calculus	tooth	tooth
SRR6877390	dental calculus	dental calculus	sediment	dental calculus
SRR6877391	tooth	dental calculus	tooth	tooth
SRR6877392	dental calculus	dental calculus	tooth	dental calculus
SRR6877393	dental calculus	dental calculus	permafrost	dental calculus
SRR6877394	tooth	tooth	tooth	tooth
SRR6877395	dental calculus	dental calculus	tooth	dental calculus
SRR6877396	tooth	tooth	tooth	tooth
SRR6877397	dental calculus	dental calculus	tooth	dental calculus
SRR6877398	tooth	dental calculus	tooth	dental calculus
SRR6877399	dental calculus	dental calculus	intestine	dental calculus
SRR6877400	tooth	tooth	tooth	tooth
SRR6877401	dental calculus	dental calculus	tooth	dental calculus
SRR6877402	tooth	tooth	tooth	dental calculus
SRR6877403	dental calculus	dental calculus	leaf	dental calculus
SRR7774469	midden	dental calculus	palaeofaeces	dental calculus
SRR7774470	midden	dental calculus	palaeofaeces	dental calculus
SRR7774471	midden	dental calculus	palaeofaeces	permafrost
SRR7774472	midden	permafrost	permafrost	soil
SRR7774473	midden	permafrost	palaeofaeces	soil
SRR7774474	midden	permafrost	palaeofaeces	soil
SRR7774475	midden	dental calculus	soil	dental calculus
SRR7774476	midden	permafrost	palaeofaeces	soil
SRR7774477	midden	permafrost	palaeofaeces	permafrost
SRR7774478	midden	dental calculus	sediment	dental calculus
SRR7774479	midden	permafrost	palaeofaeces	soil
SRR8652706	lake sediment	marine sediment	marine sediment	lake sediment
SRR8652707	lake sediment	marine sediment	sediment	lake sediment
SRR8652708	lake sediment	marine sediment	marine sediment	dental calculus
SRR8652709	lake sediment	marine sediment	sediment	lake sediment
SRR8652710	lake sediment	marine sediment	soil	lake sediment
SRR8652711	lake sediment	marine sediment	sediment	lake sediment
SRR8652712	lake sediment	lake sediment	sediment	lake sediment
SRR8652713	lake sediment	midden	lake sediment	midden
SRR8652714	lake sediment	midden	lake sediment	midden
SRR8652715	lake sediment	lake sediment	sediment	lake sediment
SRR8652716	lake sediment	midden	sediment	midden
SRR8652717	lake sediment	midden	sediment	midden
SRR866660	bone	tooth	lake sediment	tooth
SRR866662	bone	palaeofaeces	sediment	tooth
SRR866663	bone	midden	lake sediment	tooth
SRR866665	bone	tooth	sediment	tooth
SRR866666	bone	palaeofaeces	sediment	tooth
SRR867031	bone	tooth	muscle tissue	tooth
SRR867032	bone	tooth	muscle tissue	tooth
SRR867033	bone	tooth	muscle tissue	tooth
SRR867034	bone	tooth	muscle tissue	lake sediment
SRR867036	bone	palaeofaeces	muscle tissue	lake sediment
SRR867037	bone	tooth	muscle tissue	lake sediment
SRR867038	bone	tooth	muscle tissue	lake sediment
SRR867039	bone	tooth	muscle tissue	lake sediment
SRR8731955	palaeofaeces	shell	unknown	shell
SRR8731956	sediment	sediment	unknown	tooth
SRR8731957	palaeofaeces	shell	palaeofaeces	dental calculus
SRR8731958	palaeofaeces	shell	unknown	shell
SRR8731959	sediment	sediment	unknown	tooth
SRR957738	dental calculus	dental calculus	digestive tract contents	dental calculus
SRR957739	dental calculus	dental calculus	digestive tract contents	dental calculus
SRR957740	dental calculus	dental calculus	digestive tract contents	dental calculus
SRR957741	dental calculus	dental calculus	digestive tract contents	dental calculus
SRR957742	dental calculus	dental calculus	tooth	dental calculus
SRR957743	dental calculus	dental calculus	tooth	dental calculus
SRR957744	dental calculus	dental calculus	tooth	dental calculus
SRR957745	dental calculus	dental calculus	tooth	dental calculus
SRR957746	dental calculus	dental calculus	digestive tract contents	dental calculus
