2026-09-09 17:20:01 - root - INFO - Logging to file: results/search_v9_multitask/cv_results/fold_4/fold_4_training.log
2026-09-09 17:20:01 - __main__ - INFO - ================================================================================
2026-09-09 17:20:01 - __main__ - INFO - DIANA Multi-Task Hyperparameter Optimization
2026-09-09 17:20:01 - __main__ - INFO - ================================================================================
2026-09-09 17:20:01 - __main__ - INFO - Run config:   configs/train_config_v9_search_multitask.json
2026-09-09 17:20:01 - __main__ - INFO - Features:     data/matrices/matrix_v9_train/unitigs.frac.mat
2026-09-09 17:20:01 - __main__ - INFO - Metadata:     data/splits_v9/train_metadata.tsv
2026-09-09 17:20:01 - __main__ - INFO - Output dir:   results/search_v9_multitask
2026-09-09 17:20:01 - __main__ - INFO - Tasks:        ['community_type', 'feature', 'sample_host', 'material']
2026-09-09 17:20:01 - __main__ - INFO - Task types:   {'community_type': 'classification', 'feature': 'classification', 'sample_host': 'classification', 'material': 'classification'}
2026-09-09 17:20:01 - __main__ - INFO - Fold:         4 / 5
2026-09-09 17:20:01 - __main__ - INFO - Trials:       100  Max epochs: 200  Patience: 20
2026-09-09 17:20:01 - __main__ - INFO - GPU:          True  Seed: 42
2026-09-09 17:20:01 - __main__ - INFO - Loading data from data/matrices/matrix_v9_train/unitigs.frac.mat
2026-09-09 17:20:01 - diana.data.loader - INFO - Loading matrix from data/matrices/matrix_v9_train/unitigs.frac.mat
2026-09-09 17:20:23 - diana.data.loader - INFO - Loaded 110202 features × 2716 samples (before transpose)
2026-09-09 17:20:23 - diana.data.loader - INFO - Transposed to 2716 samples × 110202 features
2026-09-09 17:20:23 - diana.data.loader - INFO - Reading sample IDs from data/matrices/matrix_v9_train/kmer_matrix/kmtricks.fof
2026-09-09 17:20:23 - diana.data.loader - INFO - Sample IDs: ['ERR10114844', 'ERR10114845', 'ERR10114846']...
2026-09-09 17:20:23 - diana.data.loader - INFO - Loading metadata from data/splits_v9/train_metadata.tsv
2026-09-09 17:20:23 - diana.data.loader - INFO - Metadata: 2716 rows × 15 columns
2026-09-09 17:20:23 - diana.data.loader - INFO - Metadata aligned to matrix sample order
2026-09-09 17:20:23 - __main__ - INFO - Loaded 2716 samples with 110202 features
2026-09-09 17:20:23 - __main__ - INFO - Loaded 2716 samples × 110202 features
2026-09-09 17:20:23 - __main__ - INFO - === FOLD 4/4 ===
2026-09-09 17:20:23 - __main__ - INFO - Output directory: results/search_v9_multitask/cv_results/fold_4
2026-09-09 17:20:23 - __main__ - INFO - Using device: cuda
2026-09-09 17:20:23 - __main__ - INFO - Class imbalance: logit adjustment, tau SEARCHED in [0.05, 0.8]
2026-09-09 17:20:23 - __main__ - INFO - community_type: 5 classes, 2073 labelled, 643 masked - ['gut', 'oral', 'plant tissue', 'skeletal tissue', 'soft tissue']...
2026-09-09 17:20:23 - __main__ - INFO - feature: 10 classes, 608 labelled, 2108 masked - ['archeological site', 'cave', 'lake', 'midden', 'ocean']...
2026-09-09 17:20:23 - __main__ - INFO - sample_host: 24 classes, 2085 labelled, 631 masked - ['Alouatta palliata', 'Ambrosia artemisiifolia', 'Arabidopsis thaliana', 'Bison priscus', 'Canis lupus']...
2026-09-09 17:20:23 - __main__ - INFO - material: 16 classes, 2639 labelled, 77 masked - ['bone', 'dental calculus', 'digestive tract contents', 'intestine', 'lake sediment']...
2026-09-09 17:20:23 - __main__ - INFO - Grouping CV folds on 'archive_project': 68 groups over 2716 runs
2026-09-09 17:20:23 - __main__ - INFO - Outer fold 4 taken from data/splits_v9/dev_folds.tsv (5 dev folds)
2026-09-09 17:20:23 - __main__ - INFO - Train: 2227, Test: 489 (outer fold verified archive_project-disjoint)
2026-09-09 17:20:23 - __main__ - INFO - 3 inner folds verified archive_project-disjoint
2026-09-09 17:20:23 - __main__ - INFO - Starting Optuna optimization with 100 trials...
2026-09-09 17:20:23 - __main__ - INFO - Each trial will be evaluated on 3 inner CV folds
2026-09-09 17:20:24 - __main__ - INFO - community_type priors: [69, 944, 32, 64, 16]
2026-09-09 17:20:24 - __main__ - INFO - feature priors: [9, 34, 118, 46, 174, 2, 0, 24, 0, 10]
2026-09-09 17:20:24 - __main__ - INFO - sample_host priors: [0, 0, 32, 16, 12, 0, 0, 20, 6, 55, 34, 560, 0, 11, 16, 0, 0, 0, 0, 0, 0, 24, 0, 339]
2026-09-09 17:20:24 - __main__ - INFO - material priors: [0, 866, 16, 15, 118, 32, 138, 15, 4, 42, 10, 76, 24, 2, 142, 0]
2026-09-09 17:21:33 - __main__ - INFO - community_type priors: [35, 1174, 32, 90, 11]
2026-09-09 17:21:33 - __main__ - INFO - feature priors: [8, 34, 57, 31, 140, 2, 52, 0, 29, 0]
2026-09-09 17:21:33 - __main__ - INFO - sample_host priors: [6, 0, 32, 0, 11, 4, 4, 20, 23, 67, 45, 731, 16, 0, 0, 8, 11, 9, 0, 0, 0, 24, 4, 339]
2026-09-09 17:21:33 - __main__ - INFO - material priors: [84, 1037, 0, 0, 57, 32, 138, 0, 0, 35, 60, 96, 0, 2, 143, 11]
2026-09-09 17:23:32 - __main__ - INFO - community_type priors: [34, 584, 0, 146, 27]
2026-09-09 17:23:32 - __main__ - INFO - feature priors: [17, 0, 175, 15, 34, 0, 52, 24, 29, 10]
2026-09-09 17:23:32 - __main__ - INFO - sample_host priors: [6, 0, 0, 16, 1, 4, 4, 0, 17, 12, 11, 657, 16, 11, 16, 8, 11, 9, 0, 0, 0, 0, 4, 0]
2026-09-09 17:23:32 - __main__ - INFO - material priors: [84, 505, 16, 15, 175, 0, 0, 15, 4, 7, 70, 38, 24, 0, 141, 11]
2026-09-09 17:24:20 - __main__ - INFO - community_type priors: [69, 944, 32, 64, 16]
2026-09-09 17:24:20 - __main__ - INFO - feature priors: [9, 34, 118, 46, 174, 2, 0, 24, 0, 10]
2026-09-09 17:24:20 - __main__ - INFO - sample_host priors: [0, 0, 32, 16, 12, 0, 0, 20, 6, 55, 34, 560, 0, 11, 16, 0, 0, 0, 0, 0, 0, 24, 0, 339]
2026-09-09 17:24:20 - __main__ - INFO - material priors: [0, 866, 16, 15, 118, 32, 138, 15, 4, 42, 10, 76, 24, 2, 142, 0]
2026-09-09 17:24:43 - __main__ - INFO - community_type priors: [35, 1174, 32, 90, 11]
2026-09-09 17:24:43 - __main__ - INFO - feature priors: [8, 34, 57, 31, 140, 2, 52, 0, 29, 0]
2026-09-09 17:24:43 - __main__ - INFO - sample_host priors: [6, 0, 32, 0, 11, 4, 4, 20, 23, 67, 45, 731, 16, 0, 0, 8, 11, 9, 0, 0, 0, 24, 4, 339]
2026-09-09 17:24:43 - __main__ - INFO - material priors: [84, 1037, 0, 0, 57, 32, 138, 0, 0, 35, 60, 96, 0, 2, 143, 11]
2026-09-09 17:25:13 - __main__ - INFO - community_type priors: [34, 584, 0, 146, 27]
2026-09-09 17:25:13 - __main__ - INFO - feature priors: [17, 0, 175, 15, 34, 0, 52, 24, 29, 10]
2026-09-09 17:25:13 - __main__ - INFO - sample_host priors: [6, 0, 0, 16, 1, 4, 4, 0, 17, 12, 11, 657, 16, 11, 16, 8, 11, 9, 0, 0, 0, 0, 4, 0]
2026-09-09 17:25:13 - __main__ - INFO - material priors: [84, 505, 16, 15, 175, 0, 0, 15, 4, 7, 70, 38, 24, 0, 141, 11]
2026-09-09 17:25:35 - __main__ - INFO - community_type priors: [69, 944, 32, 64, 16]
2026-09-09 17:25:35 - __main__ - INFO - feature priors: [9, 34, 118, 46, 174, 2, 0, 24, 0, 10]
2026-09-09 17:25:35 - __main__ - INFO - sample_host priors: [0, 0, 32, 16, 12, 0, 0, 20, 6, 55, 34, 560, 0, 11, 16, 0, 0, 0, 0, 0, 0, 24, 0, 339]
2026-09-09 17:25:35 - __main__ - INFO - material priors: [0, 866, 16, 15, 118, 32, 138, 15, 4, 42, 10, 76, 24, 2, 142, 0]
2026-09-09 17:25:51 - __main__ - INFO - community_type priors: [35, 1174, 32, 90, 11]
2026-09-09 17:25:51 - __main__ - INFO - feature priors: [8, 34, 57, 31, 140, 2, 52, 0, 29, 0]
2026-09-09 17:25:51 - __main__ - INFO - sample_host priors: [6, 0, 32, 0, 11, 4, 4, 20, 23, 67, 45, 731, 16, 0, 0, 8, 11, 9, 0, 0, 0, 24, 4, 339]
2026-09-09 17:25:51 - __main__ - INFO - material priors: [84, 1037, 0, 0, 57, 32, 138, 0, 0, 35, 60, 96, 0, 2, 143, 11]
2026-09-09 17:26:17 - __main__ - INFO - community_type priors: [34, 584, 0, 146, 27]
2026-09-09 17:26:17 - __main__ - INFO - feature priors: [17, 0, 175, 15, 34, 0, 52, 24, 29, 10]
2026-09-09 17:26:17 - __main__ - INFO - sample_host priors: [6, 0, 0, 16, 1, 4, 4, 0, 17, 12, 11, 657, 16, 11, 16, 8, 11, 9, 0, 0, 0, 0, 4, 0]
2026-09-09 17:26:17 - __main__ - INFO - material priors: [84, 505, 16, 15, 175, 0, 0, 15, 4, 7, 70, 38, 24, 0, 141, 11]
2026-09-09 17:26:29 - __main__ - INFO - community_type priors: [69, 944, 32, 64, 16]
2026-09-09 17:26:29 - __main__ - INFO - feature priors: [9, 34, 118, 46, 174, 2, 0, 24, 0, 10]
2026-09-09 17:26:29 - __main__ - INFO - sample_host priors: [0, 0, 32, 16, 12, 0, 0, 20, 6, 55, 34, 560, 0, 11, 16, 0, 0, 0, 0, 0, 0, 24, 0, 339]
2026-09-09 17:26:29 - __main__ - INFO - material priors: [0, 866, 16, 15, 118, 32, 138, 15, 4, 42, 10, 76, 24, 2, 142, 0]
2026-09-09 17:26:43 - __main__ - INFO - community_type priors: [35, 1174, 32, 90, 11]
2026-09-09 17:26:43 - __main__ - INFO - feature priors: [8, 34, 57, 31, 140, 2, 52, 0, 29, 0]
2026-09-09 17:26:43 - __main__ - INFO - sample_host priors: [6, 0, 32, 0, 11, 4, 4, 20, 23, 67, 45, 731, 16, 0, 0, 8, 11, 9, 0, 0, 0, 24, 4, 339]
2026-09-09 17:26:43 - __main__ - INFO - material priors: [84, 1037, 0, 0, 57, 32, 138, 0, 0, 35, 60, 96, 0, 2, 143, 11]
2026-09-09 17:26:58 - __main__ - INFO - community_type priors: [34, 584, 0, 146, 27]
2026-09-09 17:26:58 - __main__ - INFO - feature priors: [17, 0, 175, 15, 34, 0, 52, 24, 29, 10]
2026-09-09 17:26:58 - __main__ - INFO - sample_host priors: [6, 0, 0, 16, 1, 4, 4, 0, 17, 12, 11, 657, 16, 11, 16, 8, 11, 9, 0, 0, 0, 0, 4, 0]
2026-09-09 17:26:58 - __main__ - INFO - material priors: [84, 505, 16, 15, 175, 0, 0, 15, 4, 7, 70, 38, 24, 0, 141, 11]
2026-09-09 17:27:16 - __main__ - INFO - community_type priors: [69, 944, 32, 64, 16]
2026-09-09 17:27:16 - __main__ - INFO - feature priors: [9, 34, 118, 46, 174, 2, 0, 24, 0, 10]
2026-09-09 17:27:16 - __main__ - INFO - sample_host priors: [0, 0, 32, 16, 12, 0, 0, 20, 6, 55, 34, 560, 0, 11, 16, 0, 0, 0, 0, 0, 0, 24, 0, 339]
2026-09-09 17:27:16 - __main__ - INFO - material priors: [0, 866, 16, 15, 118, 32, 138, 15, 4, 42, 10, 76, 24, 2, 142, 0]
2026-09-09 17:27:28 - __main__ - INFO - community_type priors: [35, 1174, 32, 90, 11]
2026-09-09 17:27:28 - __main__ - INFO - feature priors: [8, 34, 57, 31, 140, 2, 52, 0, 29, 0]
2026-09-09 17:27:28 - __main__ - INFO - sample_host priors: [6, 0, 32, 0, 11, 4, 4, 20, 23, 67, 45, 731, 16, 0, 0, 8, 11, 9, 0, 0, 0, 24, 4, 339]
2026-09-09 17:27:28 - __main__ - INFO - material priors: [84, 1037, 0, 0, 57, 32, 138, 0, 0, 35, 60, 96, 0, 2, 143, 11]
2026-09-09 17:27:54 - __main__ - INFO - community_type priors: [34, 584, 0, 146, 27]
2026-09-09 17:27:54 - __main__ - INFO - feature priors: [17, 0, 175, 15, 34, 0, 52, 24, 29, 10]
2026-09-09 17:27:54 - __main__ - INFO - sample_host priors: [6, 0, 0, 16, 1, 4, 4, 0, 17, 12, 11, 657, 16, 11, 16, 8, 11, 9, 0, 0, 0, 0, 4, 0]
2026-09-09 17:27:54 - __main__ - INFO - material priors: [84, 505, 16, 15, 175, 0, 0, 15, 4, 7, 70, 38, 24, 0, 141, 11]
2026-09-09 17:28:13 - __main__ - INFO - community_type priors: [69, 944, 32, 64, 16]
2026-09-09 17:28:13 - __main__ - INFO - feature priors: [9, 34, 118, 46, 174, 2, 0, 24, 0, 10]
2026-09-09 17:28:13 - __main__ - INFO - sample_host priors: [0, 0, 32, 16, 12, 0, 0, 20, 6, 55, 34, 560, 0, 11, 16, 0, 0, 0, 0, 0, 0, 24, 0, 339]
2026-09-09 17:28:13 - __main__ - INFO - material priors: [0, 866, 16, 15, 118, 32, 138, 15, 4, 42, 10, 76, 24, 2, 142, 0]
2026-09-09 17:29:05 - __main__ - INFO - community_type priors: [35, 1174, 32, 90, 11]
2026-09-09 17:29:06 - __main__ - INFO - feature priors: [8, 34, 57, 31, 140, 2, 52, 0, 29, 0]
2026-09-09 17:29:06 - __main__ - INFO - sample_host priors: [6, 0, 32, 0, 11, 4, 4, 20, 23, 67, 45, 731, 16, 0, 0, 8, 11, 9, 0, 0, 0, 24, 4, 339]
2026-09-09 17:29:06 - __main__ - INFO - material priors: [84, 1037, 0, 0, 57, 32, 138, 0, 0, 35, 60, 96, 0, 2, 143, 11]
2026-09-09 17:30:41 - __main__ - INFO - community_type priors: [34, 584, 0, 146, 27]
2026-09-09 17:30:41 - __main__ - INFO - feature priors: [17, 0, 175, 15, 34, 0, 52, 24, 29, 10]
2026-09-09 17:30:41 - __main__ - INFO - sample_host priors: [6, 0, 0, 16, 1, 4, 4, 0, 17, 12, 11, 657, 16, 11, 16, 8, 11, 9, 0, 0, 0, 0, 4, 0]
2026-09-09 17:30:41 - __main__ - INFO - material priors: [84, 505, 16, 15, 175, 0, 0, 15, 4, 7, 70, 38, 24, 0, 141, 11]
2026-09-09 17:31:53 - __main__ - INFO - community_type priors: [69, 944, 32, 64, 16]
2026-09-09 17:31:53 - __main__ - INFO - feature priors: [9, 34, 118, 46, 174, 2, 0, 24, 0, 10]
2026-09-09 17:31:53 - __main__ - INFO - sample_host priors: [0, 0, 32, 16, 12, 0, 0, 20, 6, 55, 34, 560, 0, 11, 16, 0, 0, 0, 0, 0, 0, 24, 0, 339]
2026-09-09 17:31:53 - __main__ - INFO - material priors: [0, 866, 16, 15, 118, 32, 138, 15, 4, 42, 10, 76, 24, 2, 142, 0]
2026-09-09 17:32:14 - __main__ - INFO - community_type priors: [35, 1174, 32, 90, 11]
2026-09-09 17:32:14 - __main__ - INFO - feature priors: [8, 34, 57, 31, 140, 2, 52, 0, 29, 0]
2026-09-09 17:32:14 - __main__ - INFO - sample_host priors: [6, 0, 32, 0, 11, 4, 4, 20, 23, 67, 45, 731, 16, 0, 0, 8, 11, 9, 0, 0, 0, 24, 4, 339]
2026-09-09 17:32:14 - __main__ - INFO - material priors: [84, 1037, 0, 0, 57, 32, 138, 0, 0, 35, 60, 96, 0, 2, 143, 11]
2026-09-09 17:32:53 - __main__ - INFO - community_type priors: [34, 584, 0, 146, 27]
2026-09-09 17:32:53 - __main__ - INFO - feature priors: [17, 0, 175, 15, 34, 0, 52, 24, 29, 10]
2026-09-09 17:32:53 - __main__ - INFO - sample_host priors: [6, 0, 0, 16, 1, 4, 4, 0, 17, 12, 11, 657, 16, 11, 16, 8, 11, 9, 0, 0, 0, 0, 4, 0]
2026-09-09 17:32:53 - __main__ - INFO - material priors: [84, 505, 16, 15, 175, 0, 0, 15, 4, 7, 70, 38, 24, 0, 141, 11]
2026-09-09 17:33:08 - __main__ - INFO - community_type priors: [69, 944, 32, 64, 16]
2026-09-09 17:33:08 - __main__ - INFO - feature priors: [9, 34, 118, 46, 174, 2, 0, 24, 0, 10]
2026-09-09 17:33:08 - __main__ - INFO - sample_host priors: [0, 0, 32, 16, 12, 0, 0, 20, 6, 55, 34, 560, 0, 11, 16, 0, 0, 0, 0, 0, 0, 24, 0, 339]
2026-09-09 17:33:08 - __main__ - INFO - material priors: [0, 866, 16, 15, 118, 32, 138, 15, 4, 42, 10, 76, 24, 2, 142, 0]
2026-09-09 17:33:34 - __main__ - INFO - community_type priors: [35, 1174, 32, 90, 11]
2026-09-09 17:33:34 - __main__ - INFO - feature priors: [8, 34, 57, 31, 140, 2, 52, 0, 29, 0]
2026-09-09 17:33:34 - __main__ - INFO - sample_host priors: [6, 0, 32, 0, 11, 4, 4, 20, 23, 67, 45, 731, 16, 0, 0, 8, 11, 9, 0, 0, 0, 24, 4, 339]
2026-09-09 17:33:34 - __main__ - INFO - material priors: [84, 1037, 0, 0, 57, 32, 138, 0, 0, 35, 60, 96, 0, 2, 143, 11]
2026-09-09 17:33:51 - __main__ - INFO - community_type priors: [34, 584, 0, 146, 27]
2026-09-09 17:33:51 - __main__ - INFO - feature priors: [17, 0, 175, 15, 34, 0, 52, 24, 29, 10]
2026-09-09 17:33:51 - __main__ - INFO - sample_host priors: [6, 0, 0, 16, 1, 4, 4, 0, 17, 12, 11, 657, 16, 11, 16, 8, 11, 9, 0, 0, 0, 0, 4, 0]
2026-09-09 17:33:51 - __main__ - INFO - material priors: [84, 505, 16, 15, 175, 0, 0, 15, 4, 7, 70, 38, 24, 0, 141, 11]
2026-09-09 17:34:01 - __main__ - INFO - community_type priors: [69, 944, 32, 64, 16]
2026-09-09 17:34:01 - __main__ - INFO - feature priors: [9, 34, 118, 46, 174, 2, 0, 24, 0, 10]
2026-09-09 17:34:01 - __main__ - INFO - sample_host priors: [0, 0, 32, 16, 12, 0, 0, 20, 6, 55, 34, 560, 0, 11, 16, 0, 0, 0, 0, 0, 0, 24, 0, 339]
2026-09-09 17:34:01 - __main__ - INFO - material priors: [0, 866, 16, 15, 118, 32, 138, 15, 4, 42, 10, 76, 24, 2, 142, 0]
2026-09-09 17:34:27 - __main__ - INFO - community_type priors: [35, 1174, 32, 90, 11]
2026-09-09 17:34:27 - __main__ - INFO - feature priors: [8, 34, 57, 31, 140, 2, 52, 0, 29, 0]
2026-09-09 17:34:27 - __main__ - INFO - sample_host priors: [6, 0, 32, 0, 11, 4, 4, 20, 23, 67, 45, 731, 16, 0, 0, 8, 11, 9, 0, 0, 0, 24, 4, 339]
2026-09-09 17:34:27 - __main__ - INFO - material priors: [84, 1037, 0, 0, 57, 32, 138, 0, 0, 35, 60, 96, 0, 2, 143, 11]
2026-09-09 17:34:52 - __main__ - INFO - community_type priors: [34, 584, 0, 146, 27]
2026-09-09 17:34:52 - __main__ - INFO - feature priors: [17, 0, 175, 15, 34, 0, 52, 24, 29, 10]
2026-09-09 17:34:52 - __main__ - INFO - sample_host priors: [6, 0, 0, 16, 1, 4, 4, 0, 17, 12, 11, 657, 16, 11, 16, 8, 11, 9, 0, 0, 0, 0, 4, 0]
2026-09-09 17:34:52 - __main__ - INFO - material priors: [84, 505, 16, 15, 175, 0, 0, 15, 4, 7, 70, 38, 24, 0, 141, 11]
2026-09-09 17:35:11 - __main__ - INFO - community_type priors: [69, 944, 32, 64, 16]
2026-09-09 17:35:11 - __main__ - INFO - feature priors: [9, 34, 118, 46, 174, 2, 0, 24, 0, 10]
2026-09-09 17:35:11 - __main__ - INFO - sample_host priors: [0, 0, 32, 16, 12, 0, 0, 20, 6, 55, 34, 560, 0, 11, 16, 0, 0, 0, 0, 0, 0, 24, 0, 339]
2026-09-09 17:35:11 - __main__ - INFO - material priors: [0, 866, 16, 15, 118, 32, 138, 15, 4, 42, 10, 76, 24, 2, 142, 0]
2026-09-09 17:35:49 - __main__ - INFO - community_type priors: [35, 1174, 32, 90, 11]
2026-09-09 17:35:49 - __main__ - INFO - feature priors: [8, 34, 57, 31, 140, 2, 52, 0, 29, 0]
2026-09-09 17:35:49 - __main__ - INFO - sample_host priors: [6, 0, 32, 0, 11, 4, 4, 20, 23, 67, 45, 731, 16, 0, 0, 8, 11, 9, 0, 0, 0, 24, 4, 339]
2026-09-09 17:35:49 - __main__ - INFO - material priors: [84, 1037, 0, 0, 57, 32, 138, 0, 0, 35, 60, 96, 0, 2, 143, 11]
2026-09-09 17:36:30 - __main__ - INFO - community_type priors: [34, 584, 0, 146, 27]
2026-09-09 17:36:30 - __main__ - INFO - feature priors: [17, 0, 175, 15, 34, 0, 52, 24, 29, 10]
2026-09-09 17:36:30 - __main__ - INFO - sample_host priors: [6, 0, 0, 16, 1, 4, 4, 0, 17, 12, 11, 657, 16, 11, 16, 8, 11, 9, 0, 0, 0, 0, 4, 0]
2026-09-09 17:36:30 - __main__ - INFO - material priors: [84, 505, 16, 15, 175, 0, 0, 15, 4, 7, 70, 38, 24, 0, 141, 11]
2026-09-09 17:37:01 - __main__ - INFO - community_type priors: [69, 944, 32, 64, 16]
2026-09-09 17:37:01 - __main__ - INFO - feature priors: [9, 34, 118, 46, 174, 2, 0, 24, 0, 10]
2026-09-09 17:37:01 - __main__ - INFO - sample_host priors: [0, 0, 32, 16, 12, 0, 0, 20, 6, 55, 34, 560, 0, 11, 16, 0, 0, 0, 0, 0, 0, 24, 0, 339]
2026-09-09 17:37:01 - __main__ - INFO - material priors: [0, 866, 16, 15, 118, 32, 138, 15, 4, 42, 10, 76, 24, 2, 142, 0]
2026-09-09 17:37:54 - __main__ - INFO - community_type priors: [35, 1174, 32, 90, 11]
2026-09-09 17:37:54 - __main__ - INFO - feature priors: [8, 34, 57, 31, 140, 2, 52, 0, 29, 0]
2026-09-09 17:37:54 - __main__ - INFO - sample_host priors: [6, 0, 32, 0, 11, 4, 4, 20, 23, 67, 45, 731, 16, 0, 0, 8, 11, 9, 0, 0, 0, 24, 4, 339]
2026-09-09 17:37:54 - __main__ - INFO - material priors: [84, 1037, 0, 0, 57, 32, 138, 0, 0, 35, 60, 96, 0, 2, 143, 11]
2026-09-09 17:39:25 - __main__ - INFO - community_type priors: [34, 584, 0, 146, 27]
2026-09-09 17:39:25 - __main__ - INFO - feature priors: [17, 0, 175, 15, 34, 0, 52, 24, 29, 10]
2026-09-09 17:39:25 - __main__ - INFO - sample_host priors: [6, 0, 0, 16, 1, 4, 4, 0, 17, 12, 11, 657, 16, 11, 16, 8, 11, 9, 0, 0, 0, 0, 4, 0]
2026-09-09 17:39:25 - __main__ - INFO - material priors: [84, 505, 16, 15, 175, 0, 0, 15, 4, 7, 70, 38, 24, 0, 141, 11]
2026-09-09 17:40:00 - __main__ - INFO - community_type priors: [69, 944, 32, 64, 16]
2026-09-09 17:40:00 - __main__ - INFO - feature priors: [9, 34, 118, 46, 174, 2, 0, 24, 0, 10]
2026-09-09 17:40:00 - __main__ - INFO - sample_host priors: [0, 0, 32, 16, 12, 0, 0, 20, 6, 55, 34, 560, 0, 11, 16, 0, 0, 0, 0, 0, 0, 24, 0, 339]
2026-09-09 17:40:00 - __main__ - INFO - material priors: [0, 866, 16, 15, 118, 32, 138, 15, 4, 42, 10, 76, 24, 2, 142, 0]
2026-09-09 17:40:12 - __main__ - INFO - community_type priors: [35, 1174, 32, 90, 11]
2026-09-09 17:40:12 - __main__ - INFO - feature priors: [8, 34, 57, 31, 140, 2, 52, 0, 29, 0]
2026-09-09 17:40:12 - __main__ - INFO - sample_host priors: [6, 0, 32, 0, 11, 4, 4, 20, 23, 67, 45, 731, 16, 0, 0, 8, 11, 9, 0, 0, 0, 24, 4, 339]
2026-09-09 17:40:12 - __main__ - INFO - material priors: [84, 1037, 0, 0, 57, 32, 138, 0, 0, 35, 60, 96, 0, 2, 143, 11]
2026-09-09 17:40:29 - __main__ - INFO - community_type priors: [34, 584, 0, 146, 27]
2026-09-09 17:40:29 - __main__ - INFO - feature priors: [17, 0, 175, 15, 34, 0, 52, 24, 29, 10]
2026-09-09 17:40:29 - __main__ - INFO - sample_host priors: [6, 0, 0, 16, 1, 4, 4, 0, 17, 12, 11, 657, 16, 11, 16, 8, 11, 9, 0, 0, 0, 0, 4, 0]
2026-09-09 17:40:29 - __main__ - INFO - material priors: [84, 505, 16, 15, 175, 0, 0, 15, 4, 7, 70, 38, 24, 0, 141, 11]
2026-09-09 17:40:50 - __main__ - INFO - community_type priors: [69, 944, 32, 64, 16]
2026-09-09 17:40:50 - __main__ - INFO - feature priors: [9, 34, 118, 46, 174, 2, 0, 24, 0, 10]
2026-09-09 17:40:50 - __main__ - INFO - sample_host priors: [0, 0, 32, 16, 12, 0, 0, 20, 6, 55, 34, 560, 0, 11, 16, 0, 0, 0, 0, 0, 0, 24, 0, 339]
2026-09-09 17:40:50 - __main__ - INFO - material priors: [0, 866, 16, 15, 118, 32, 138, 15, 4, 42, 10, 76, 24, 2, 142, 0]
2026-09-09 17:41:03 - __main__ - INFO - community_type priors: [35, 1174, 32, 90, 11]
2026-09-09 17:41:03 - __main__ - INFO - feature priors: [8, 34, 57, 31, 140, 2, 52, 0, 29, 0]
2026-09-09 17:41:03 - __main__ - INFO - sample_host priors: [6, 0, 32, 0, 11, 4, 4, 20, 23, 67, 45, 731, 16, 0, 0, 8, 11, 9, 0, 0, 0, 24, 4, 339]
2026-09-09 17:41:03 - __main__ - INFO - material priors: [84, 1037, 0, 0, 57, 32, 138, 0, 0, 35, 60, 96, 0, 2, 143, 11]
2026-09-09 17:41:24 - __main__ - INFO - community_type priors: [34, 584, 0, 146, 27]
2026-09-09 17:41:24 - __main__ - INFO - feature priors: [17, 0, 175, 15, 34, 0, 52, 24, 29, 10]
2026-09-09 17:41:24 - __main__ - INFO - sample_host priors: [6, 0, 0, 16, 1, 4, 4, 0, 17, 12, 11, 657, 16, 11, 16, 8, 11, 9, 0, 0, 0, 0, 4, 0]
2026-09-09 17:41:24 - __main__ - INFO - material priors: [84, 505, 16, 15, 175, 0, 0, 15, 4, 7, 70, 38, 24, 0, 141, 11]
2026-09-09 17:41:47 - __main__ - INFO - community_type priors: [69, 944, 32, 64, 16]
2026-09-09 17:41:47 - __main__ - INFO - feature priors: [9, 34, 118, 46, 174, 2, 0, 24, 0, 10]
2026-09-09 17:41:47 - __main__ - INFO - sample_host priors: [0, 0, 32, 16, 12, 0, 0, 20, 6, 55, 34, 560, 0, 11, 16, 0, 0, 0, 0, 0, 0, 24, 0, 339]
2026-09-09 17:41:47 - __main__ - INFO - material priors: [0, 866, 16, 15, 118, 32, 138, 15, 4, 42, 10, 76, 24, 2, 142, 0]
2026-09-09 17:42:39 - __main__ - INFO - community_type priors: [35, 1174, 32, 90, 11]
2026-09-09 17:42:39 - __main__ - INFO - feature priors: [8, 34, 57, 31, 140, 2, 52, 0, 29, 0]
2026-09-09 17:42:39 - __main__ - INFO - sample_host priors: [6, 0, 32, 0, 11, 4, 4, 20, 23, 67, 45, 731, 16, 0, 0, 8, 11, 9, 0, 0, 0, 24, 4, 339]
2026-09-09 17:42:39 - __main__ - INFO - material priors: [84, 1037, 0, 0, 57, 32, 138, 0, 0, 35, 60, 96, 0, 2, 143, 11]
2026-09-09 17:44:11 - __main__ - INFO - community_type priors: [34, 584, 0, 146, 27]
2026-09-09 17:44:11 - __main__ - INFO - feature priors: [17, 0, 175, 15, 34, 0, 52, 24, 29, 10]
2026-09-09 17:44:11 - __main__ - INFO - sample_host priors: [6, 0, 0, 16, 1, 4, 4, 0, 17, 12, 11, 657, 16, 11, 16, 8, 11, 9, 0, 0, 0, 0, 4, 0]
2026-09-09 17:44:11 - __main__ - INFO - material priors: [84, 505, 16, 15, 175, 0, 0, 15, 4, 7, 70, 38, 24, 0, 141, 11]
2026-09-09 17:45:15 - __main__ - INFO - community_type priors: [69, 944, 32, 64, 16]
2026-09-09 17:45:15 - __main__ - INFO - feature priors: [9, 34, 118, 46, 174, 2, 0, 24, 0, 10]
2026-09-09 17:45:15 - __main__ - INFO - sample_host priors: [0, 0, 32, 16, 12, 0, 0, 20, 6, 55, 34, 560, 0, 11, 16, 0, 0, 0, 0, 0, 0, 24, 0, 339]
2026-09-09 17:45:15 - __main__ - INFO - material priors: [0, 866, 16, 15, 118, 32, 138, 15, 4, 42, 10, 76, 24, 2, 142, 0]
2026-09-09 17:46:40 - __main__ - INFO - community_type priors: [35, 1174, 32, 90, 11]
2026-09-09 17:46:40 - __main__ - INFO - feature priors: [8, 34, 57, 31, 140, 2, 52, 0, 29, 0]
2026-09-09 17:46:40 - __main__ - INFO - sample_host priors: [6, 0, 32, 0, 11, 4, 4, 20, 23, 67, 45, 731, 16, 0, 0, 8, 11, 9, 0, 0, 0, 24, 4, 339]
2026-09-09 17:46:40 - __main__ - INFO - material priors: [84, 1037, 0, 0, 57, 32, 138, 0, 0, 35, 60, 96, 0, 2, 143, 11]
2026-09-09 17:47:42 - __main__ - INFO - community_type priors: [34, 584, 0, 146, 27]
2026-09-09 17:47:42 - __main__ - INFO - feature priors: [17, 0, 175, 15, 34, 0, 52, 24, 29, 10]
2026-09-09 17:47:42 - __main__ - INFO - sample_host priors: [6, 0, 0, 16, 1, 4, 4, 0, 17, 12, 11, 657, 16, 11, 16, 8, 11, 9, 0, 0, 0, 0, 4, 0]
2026-09-09 17:47:42 - __main__ - INFO - material priors: [84, 505, 16, 15, 175, 0, 0, 15, 4, 7, 70, 38, 24, 0, 141, 11]
2026-09-09 17:48:34 - __main__ - INFO - community_type priors: [69, 944, 32, 64, 16]
2026-09-09 17:48:34 - __main__ - INFO - feature priors: [9, 34, 118, 46, 174, 2, 0, 24, 0, 10]
2026-09-09 17:48:34 - __main__ - INFO - sample_host priors: [0, 0, 32, 16, 12, 0, 0, 20, 6, 55, 34, 560, 0, 11, 16, 0, 0, 0, 0, 0, 0, 24, 0, 339]
2026-09-09 17:48:34 - __main__ - INFO - material priors: [0, 866, 16, 15, 118, 32, 138, 15, 4, 42, 10, 76, 24, 2, 142, 0]
2026-09-09 17:48:49 - __main__ - INFO - community_type priors: [35, 1174, 32, 90, 11]
2026-09-09 17:48:49 - __main__ - INFO - feature priors: [8, 34, 57, 31, 140, 2, 52, 0, 29, 0]
2026-09-09 17:48:49 - __main__ - INFO - sample_host priors: [6, 0, 32, 0, 11, 4, 4, 20, 23, 67, 45, 731, 16, 0, 0, 8, 11, 9, 0, 0, 0, 24, 4, 339]
2026-09-09 17:48:49 - __main__ - INFO - material priors: [84, 1037, 0, 0, 57, 32, 138, 0, 0, 35, 60, 96, 0, 2, 143, 11]
2026-09-09 17:49:16 - __main__ - INFO - community_type priors: [34, 584, 0, 146, 27]
2026-09-09 17:49:16 - __main__ - INFO - feature priors: [17, 0, 175, 15, 34, 0, 52, 24, 29, 10]
2026-09-09 17:49:16 - __main__ - INFO - sample_host priors: [6, 0, 0, 16, 1, 4, 4, 0, 17, 12, 11, 657, 16, 11, 16, 8, 11, 9, 0, 0, 0, 0, 4, 0]
2026-09-09 17:49:16 - __main__ - INFO - material priors: [84, 505, 16, 15, 175, 0, 0, 15, 4, 7, 70, 38, 24, 0, 141, 11]
2026-09-09 17:49:33 - __main__ - INFO - community_type priors: [69, 944, 32, 64, 16]
2026-09-09 17:49:33 - __main__ - INFO - feature priors: [9, 34, 118, 46, 174, 2, 0, 24, 0, 10]
2026-09-09 17:49:33 - __main__ - INFO - sample_host priors: [0, 0, 32, 16, 12, 0, 0, 20, 6, 55, 34, 560, 0, 11, 16, 0, 0, 0, 0, 0, 0, 24, 0, 339]
2026-09-09 17:49:33 - __main__ - INFO - material priors: [0, 866, 16, 15, 118, 32, 138, 15, 4, 42, 10, 76, 24, 2, 142, 0]
2026-09-09 17:49:47 - __main__ - INFO - community_type priors: [35, 1174, 32, 90, 11]
2026-09-09 17:49:47 - __main__ - INFO - feature priors: [8, 34, 57, 31, 140, 2, 52, 0, 29, 0]
2026-09-09 17:49:47 - __main__ - INFO - sample_host priors: [6, 0, 32, 0, 11, 4, 4, 20, 23, 67, 45, 731, 16, 0, 0, 8, 11, 9, 0, 0, 0, 24, 4, 339]
2026-09-09 17:49:47 - __main__ - INFO - material priors: [84, 1037, 0, 0, 57, 32, 138, 0, 0, 35, 60, 96, 0, 2, 143, 11]
2026-09-09 17:50:13 - __main__ - INFO - community_type priors: [34, 584, 0, 146, 27]
2026-09-09 17:50:13 - __main__ - INFO - feature priors: [17, 0, 175, 15, 34, 0, 52, 24, 29, 10]
2026-09-09 17:50:13 - __main__ - INFO - sample_host priors: [6, 0, 0, 16, 1, 4, 4, 0, 17, 12, 11, 657, 16, 11, 16, 8, 11, 9, 0, 0, 0, 0, 4, 0]
2026-09-09 17:50:13 - __main__ - INFO - material priors: [84, 505, 16, 15, 175, 0, 0, 15, 4, 7, 70, 38, 24, 0, 141, 11]
2026-09-09 17:50:31 - __main__ - INFO - community_type priors: [69, 944, 32, 64, 16]
2026-09-09 17:50:31 - __main__ - INFO - feature priors: [9, 34, 118, 46, 174, 2, 0, 24, 0, 10]
2026-09-09 17:50:31 - __main__ - INFO - sample_host priors: [0, 0, 32, 16, 12, 0, 0, 20, 6, 55, 34, 560, 0, 11, 16, 0, 0, 0, 0, 0, 0, 24, 0, 339]
2026-09-09 17:50:31 - __main__ - INFO - material priors: [0, 866, 16, 15, 118, 32, 138, 15, 4, 42, 10, 76, 24, 2, 142, 0]
2026-09-09 17:50:45 - __main__ - INFO - community_type priors: [35, 1174, 32, 90, 11]
2026-09-09 17:50:45 - __main__ - INFO - feature priors: [8, 34, 57, 31, 140, 2, 52, 0, 29, 0]
2026-09-09 17:50:45 - __main__ - INFO - sample_host priors: [6, 0, 32, 0, 11, 4, 4, 20, 23, 67, 45, 731, 16, 0, 0, 8, 11, 9, 0, 0, 0, 24, 4, 339]
2026-09-09 17:50:45 - __main__ - INFO - material priors: [84, 1037, 0, 0, 57, 32, 138, 0, 0, 35, 60, 96, 0, 2, 143, 11]
2026-09-09 17:51:08 - __main__ - INFO - community_type priors: [34, 584, 0, 146, 27]
2026-09-09 17:51:08 - __main__ - INFO - feature priors: [17, 0, 175, 15, 34, 0, 52, 24, 29, 10]
2026-09-09 17:51:08 - __main__ - INFO - sample_host priors: [6, 0, 0, 16, 1, 4, 4, 0, 17, 12, 11, 657, 16, 11, 16, 8, 11, 9, 0, 0, 0, 0, 4, 0]
2026-09-09 17:51:08 - __main__ - INFO - material priors: [84, 505, 16, 15, 175, 0, 0, 15, 4, 7, 70, 38, 24, 0, 141, 11]
2026-09-09 17:51:30 - __main__ - INFO - community_type priors: [69, 944, 32, 64, 16]
2026-09-09 17:51:30 - __main__ - INFO - feature priors: [9, 34, 118, 46, 174, 2, 0, 24, 0, 10]
2026-09-09 17:51:30 - __main__ - INFO - sample_host priors: [0, 0, 32, 16, 12, 0, 0, 20, 6, 55, 34, 560, 0, 11, 16, 0, 0, 0, 0, 0, 0, 24, 0, 339]
2026-09-09 17:51:30 - __main__ - INFO - material priors: [0, 866, 16, 15, 118, 32, 138, 15, 4, 42, 10, 76, 24, 2, 142, 0]
2026-09-09 17:51:42 - __main__ - INFO - community_type priors: [35, 1174, 32, 90, 11]
2026-09-09 17:51:42 - __main__ - INFO - feature priors: [8, 34, 57, 31, 140, 2, 52, 0, 29, 0]
2026-09-09 17:51:42 - __main__ - INFO - sample_host priors: [6, 0, 32, 0, 11, 4, 4, 20, 23, 67, 45, 731, 16, 0, 0, 8, 11, 9, 0, 0, 0, 24, 4, 339]
2026-09-09 17:51:42 - __main__ - INFO - material priors: [84, 1037, 0, 0, 57, 32, 138, 0, 0, 35, 60, 96, 0, 2, 143, 11]
2026-09-09 17:52:03 - __main__ - INFO - community_type priors: [34, 584, 0, 146, 27]
2026-09-09 17:52:03 - __main__ - INFO - feature priors: [17, 0, 175, 15, 34, 0, 52, 24, 29, 10]
2026-09-09 17:52:03 - __main__ - INFO - sample_host priors: [6, 0, 0, 16, 1, 4, 4, 0, 17, 12, 11, 657, 16, 11, 16, 8, 11, 9, 0, 0, 0, 0, 4, 0]
2026-09-09 17:52:03 - __main__ - INFO - material priors: [84, 505, 16, 15, 175, 0, 0, 15, 4, 7, 70, 38, 24, 0, 141, 11]
2026-09-09 17:52:22 - __main__ - INFO - community_type priors: [69, 944, 32, 64, 16]
2026-09-09 17:52:22 - __main__ - INFO - feature priors: [9, 34, 118, 46, 174, 2, 0, 24, 0, 10]
2026-09-09 17:52:22 - __main__ - INFO - sample_host priors: [0, 0, 32, 16, 12, 0, 0, 20, 6, 55, 34, 560, 0, 11, 16, 0, 0, 0, 0, 0, 0, 24, 0, 339]
2026-09-09 17:52:22 - __main__ - INFO - material priors: [0, 866, 16, 15, 118, 32, 138, 15, 4, 42, 10, 76, 24, 2, 142, 0]
2026-09-09 17:52:44 - __main__ - INFO - community_type priors: [35, 1174, 32, 90, 11]
2026-09-09 17:52:44 - __main__ - INFO - feature priors: [8, 34, 57, 31, 140, 2, 52, 0, 29, 0]
2026-09-09 17:52:44 - __main__ - INFO - sample_host priors: [6, 0, 32, 0, 11, 4, 4, 20, 23, 67, 45, 731, 16, 0, 0, 8, 11, 9, 0, 0, 0, 24, 4, 339]
2026-09-09 17:52:44 - __main__ - INFO - material priors: [84, 1037, 0, 0, 57, 32, 138, 0, 0, 35, 60, 96, 0, 2, 143, 11]
2026-09-09 17:53:04 - __main__ - INFO - community_type priors: [34, 584, 0, 146, 27]
2026-09-09 17:53:04 - __main__ - INFO - feature priors: [17, 0, 175, 15, 34, 0, 52, 24, 29, 10]
2026-09-09 17:53:04 - __main__ - INFO - sample_host priors: [6, 0, 0, 16, 1, 4, 4, 0, 17, 12, 11, 657, 16, 11, 16, 8, 11, 9, 0, 0, 0, 0, 4, 0]
2026-09-09 17:53:04 - __main__ - INFO - material priors: [84, 505, 16, 15, 175, 0, 0, 15, 4, 7, 70, 38, 24, 0, 141, 11]
2026-09-09 17:53:19 - __main__ - INFO - community_type priors: [69, 944, 32, 64, 16]
2026-09-09 17:53:19 - __main__ - INFO - feature priors: [9, 34, 118, 46, 174, 2, 0, 24, 0, 10]
2026-09-09 17:53:19 - __main__ - INFO - sample_host priors: [0, 0, 32, 16, 12, 0, 0, 20, 6, 55, 34, 560, 0, 11, 16, 0, 0, 0, 0, 0, 0, 24, 0, 339]
2026-09-09 17:53:19 - __main__ - INFO - material priors: [0, 866, 16, 15, 118, 32, 138, 15, 4, 42, 10, 76, 24, 2, 142, 0]
2026-09-09 17:53:32 - __main__ - INFO - community_type priors: [35, 1174, 32, 90, 11]
2026-09-09 17:53:32 - __main__ - INFO - feature priors: [8, 34, 57, 31, 140, 2, 52, 0, 29, 0]
2026-09-09 17:53:32 - __main__ - INFO - sample_host priors: [6, 0, 32, 0, 11, 4, 4, 20, 23, 67, 45, 731, 16, 0, 0, 8, 11, 9, 0, 0, 0, 24, 4, 339]
2026-09-09 17:53:32 - __main__ - INFO - material priors: [84, 1037, 0, 0, 57, 32, 138, 0, 0, 35, 60, 96, 0, 2, 143, 11]
2026-09-09 17:53:50 - __main__ - INFO - community_type priors: [34, 584, 0, 146, 27]
2026-09-09 17:53:50 - __main__ - INFO - feature priors: [17, 0, 175, 15, 34, 0, 52, 24, 29, 10]
2026-09-09 17:53:50 - __main__ - INFO - sample_host priors: [6, 0, 0, 16, 1, 4, 4, 0, 17, 12, 11, 657, 16, 11, 16, 8, 11, 9, 0, 0, 0, 0, 4, 0]
2026-09-09 17:53:50 - __main__ - INFO - material priors: [84, 505, 16, 15, 175, 0, 0, 15, 4, 7, 70, 38, 24, 0, 141, 11]
2026-09-09 17:54:09 - __main__ - INFO - community_type priors: [69, 944, 32, 64, 16]
2026-09-09 17:54:09 - __main__ - INFO - feature priors: [9, 34, 118, 46, 174, 2, 0, 24, 0, 10]
2026-09-09 17:54:09 - __main__ - INFO - sample_host priors: [0, 0, 32, 16, 12, 0, 0, 20, 6, 55, 34, 560, 0, 11, 16, 0, 0, 0, 0, 0, 0, 24, 0, 339]
2026-09-09 17:54:09 - __main__ - INFO - material priors: [0, 866, 16, 15, 118, 32, 138, 15, 4, 42, 10, 76, 24, 2, 142, 0]
2026-09-09 17:54:23 - __main__ - INFO - community_type priors: [35, 1174, 32, 90, 11]
2026-09-09 17:54:23 - __main__ - INFO - feature priors: [8, 34, 57, 31, 140, 2, 52, 0, 29, 0]
2026-09-09 17:54:23 - __main__ - INFO - sample_host priors: [6, 0, 32, 0, 11, 4, 4, 20, 23, 67, 45, 731, 16, 0, 0, 8, 11, 9, 0, 0, 0, 24, 4, 339]
2026-09-09 17:54:23 - __main__ - INFO - material priors: [84, 1037, 0, 0, 57, 32, 138, 0, 0, 35, 60, 96, 0, 2, 143, 11]
2026-09-09 17:54:48 - __main__ - INFO - community_type priors: [34, 584, 0, 146, 27]
2026-09-09 17:54:48 - __main__ - INFO - feature priors: [17, 0, 175, 15, 34, 0, 52, 24, 29, 10]
2026-09-09 17:54:48 - __main__ - INFO - sample_host priors: [6, 0, 0, 16, 1, 4, 4, 0, 17, 12, 11, 657, 16, 11, 16, 8, 11, 9, 0, 0, 0, 0, 4, 0]
2026-09-09 17:54:48 - __main__ - INFO - material priors: [84, 505, 16, 15, 175, 0, 0, 15, 4, 7, 70, 38, 24, 0, 141, 11]
2026-09-09 17:55:08 - __main__ - INFO - community_type priors: [69, 944, 32, 64, 16]
2026-09-09 17:55:08 - __main__ - INFO - feature priors: [9, 34, 118, 46, 174, 2, 0, 24, 0, 10]
2026-09-09 17:55:08 - __main__ - INFO - sample_host priors: [0, 0, 32, 16, 12, 0, 0, 20, 6, 55, 34, 560, 0, 11, 16, 0, 0, 0, 0, 0, 0, 24, 0, 339]
2026-09-09 17:55:08 - __main__ - INFO - material priors: [0, 866, 16, 15, 118, 32, 138, 15, 4, 42, 10, 76, 24, 2, 142, 0]
2026-09-09 17:55:22 - __main__ - INFO - community_type priors: [35, 1174, 32, 90, 11]
2026-09-09 17:55:22 - __main__ - INFO - feature priors: [8, 34, 57, 31, 140, 2, 52, 0, 29, 0]
2026-09-09 17:55:22 - __main__ - INFO - sample_host priors: [6, 0, 32, 0, 11, 4, 4, 20, 23, 67, 45, 731, 16, 0, 0, 8, 11, 9, 0, 0, 0, 24, 4, 339]
2026-09-09 17:55:22 - __main__ - INFO - material priors: [84, 1037, 0, 0, 57, 32, 138, 0, 0, 35, 60, 96, 0, 2, 143, 11]
2026-09-09 17:55:46 - __main__ - INFO - community_type priors: [34, 584, 0, 146, 27]
2026-09-09 17:55:46 - __main__ - INFO - feature priors: [17, 0, 175, 15, 34, 0, 52, 24, 29, 10]
2026-09-09 17:55:46 - __main__ - INFO - sample_host priors: [6, 0, 0, 16, 1, 4, 4, 0, 17, 12, 11, 657, 16, 11, 16, 8, 11, 9, 0, 0, 0, 0, 4, 0]
2026-09-09 17:55:46 - __main__ - INFO - material priors: [84, 505, 16, 15, 175, 0, 0, 15, 4, 7, 70, 38, 24, 0, 141, 11]
2026-09-09 17:56:07 - __main__ - INFO - community_type priors: [69, 944, 32, 64, 16]
2026-09-09 17:56:07 - __main__ - INFO - feature priors: [9, 34, 118, 46, 174, 2, 0, 24, 0, 10]
2026-09-09 17:56:07 - __main__ - INFO - sample_host priors: [0, 0, 32, 16, 12, 0, 0, 20, 6, 55, 34, 560, 0, 11, 16, 0, 0, 0, 0, 0, 0, 24, 0, 339]
2026-09-09 17:56:07 - __main__ - INFO - material priors: [0, 866, 16, 15, 118, 32, 138, 15, 4, 42, 10, 76, 24, 2, 142, 0]
2026-09-09 17:56:20 - __main__ - INFO - community_type priors: [35, 1174, 32, 90, 11]
2026-09-09 17:56:21 - __main__ - INFO - feature priors: [8, 34, 57, 31, 140, 2, 52, 0, 29, 0]
2026-09-09 17:56:21 - __main__ - INFO - sample_host priors: [6, 0, 32, 0, 11, 4, 4, 20, 23, 67, 45, 731, 16, 0, 0, 8, 11, 9, 0, 0, 0, 24, 4, 339]
2026-09-09 17:56:21 - __main__ - INFO - material priors: [84, 1037, 0, 0, 57, 32, 138, 0, 0, 35, 60, 96, 0, 2, 143, 11]
2026-09-09 17:56:39 - __main__ - INFO - community_type priors: [34, 584, 0, 146, 27]
2026-09-09 17:56:39 - __main__ - INFO - feature priors: [17, 0, 175, 15, 34, 0, 52, 24, 29, 10]
2026-09-09 17:56:39 - __main__ - INFO - sample_host priors: [6, 0, 0, 16, 1, 4, 4, 0, 17, 12, 11, 657, 16, 11, 16, 8, 11, 9, 0, 0, 0, 0, 4, 0]
2026-09-09 17:56:39 - __main__ - INFO - material priors: [84, 505, 16, 15, 175, 0, 0, 15, 4, 7, 70, 38, 24, 0, 141, 11]
2026-09-09 17:56:59 - __main__ - INFO - community_type priors: [69, 944, 32, 64, 16]
2026-09-09 17:56:59 - __main__ - INFO - feature priors: [9, 34, 118, 46, 174, 2, 0, 24, 0, 10]
2026-09-09 17:56:59 - __main__ - INFO - sample_host priors: [0, 0, 32, 16, 12, 0, 0, 20, 6, 55, 34, 560, 0, 11, 16, 0, 0, 0, 0, 0, 0, 24, 0, 339]
2026-09-09 17:56:59 - __main__ - INFO - material priors: [0, 866, 16, 15, 118, 32, 138, 15, 4, 42, 10, 76, 24, 2, 142, 0]
2026-09-09 17:57:22 - __main__ - INFO - community_type priors: [35, 1174, 32, 90, 11]
2026-09-09 17:57:22 - __main__ - INFO - feature priors: [8, 34, 57, 31, 140, 2, 52, 0, 29, 0]
2026-09-09 17:57:22 - __main__ - INFO - sample_host priors: [6, 0, 32, 0, 11, 4, 4, 20, 23, 67, 45, 731, 16, 0, 0, 8, 11, 9, 0, 0, 0, 24, 4, 339]
2026-09-09 17:57:22 - __main__ - INFO - material priors: [84, 1037, 0, 0, 57, 32, 138, 0, 0, 35, 60, 96, 0, 2, 143, 11]
2026-09-09 17:57:48 - __main__ - INFO - community_type priors: [34, 584, 0, 146, 27]
2026-09-09 17:57:48 - __main__ - INFO - feature priors: [17, 0, 175, 15, 34, 0, 52, 24, 29, 10]
2026-09-09 17:57:48 - __main__ - INFO - sample_host priors: [6, 0, 0, 16, 1, 4, 4, 0, 17, 12, 11, 657, 16, 11, 16, 8, 11, 9, 0, 0, 0, 0, 4, 0]
2026-09-09 17:57:48 - __main__ - INFO - material priors: [84, 505, 16, 15, 175, 0, 0, 15, 4, 7, 70, 38, 24, 0, 141, 11]
2026-09-09 17:57:58 - __main__ - INFO - community_type priors: [69, 944, 32, 64, 16]
2026-09-09 17:57:58 - __main__ - INFO - feature priors: [9, 34, 118, 46, 174, 2, 0, 24, 0, 10]
2026-09-09 17:57:58 - __main__ - INFO - sample_host priors: [0, 0, 32, 16, 12, 0, 0, 20, 6, 55, 34, 560, 0, 11, 16, 0, 0, 0, 0, 0, 0, 24, 0, 339]
2026-09-09 17:57:58 - __main__ - INFO - material priors: [0, 866, 16, 15, 118, 32, 138, 15, 4, 42, 10, 76, 24, 2, 142, 0]
2026-09-09 17:58:10 - __main__ - INFO - community_type priors: [35, 1174, 32, 90, 11]
2026-09-09 17:58:10 - __main__ - INFO - feature priors: [8, 34, 57, 31, 140, 2, 52, 0, 29, 0]
2026-09-09 17:58:10 - __main__ - INFO - sample_host priors: [6, 0, 32, 0, 11, 4, 4, 20, 23, 67, 45, 731, 16, 0, 0, 8, 11, 9, 0, 0, 0, 24, 4, 339]
2026-09-09 17:58:10 - __main__ - INFO - material priors: [84, 1037, 0, 0, 57, 32, 138, 0, 0, 35, 60, 96, 0, 2, 143, 11]
2026-09-09 17:58:27 - __main__ - INFO - community_type priors: [34, 584, 0, 146, 27]
2026-09-09 17:58:27 - __main__ - INFO - feature priors: [17, 0, 175, 15, 34, 0, 52, 24, 29, 10]
2026-09-09 17:58:27 - __main__ - INFO - sample_host priors: [6, 0, 0, 16, 1, 4, 4, 0, 17, 12, 11, 657, 16, 11, 16, 8, 11, 9, 0, 0, 0, 0, 4, 0]
2026-09-09 17:58:27 - __main__ - INFO - material priors: [84, 505, 16, 15, 175, 0, 0, 15, 4, 7, 70, 38, 24, 0, 141, 11]
2026-09-09 17:58:46 - __main__ - INFO - community_type priors: [69, 944, 32, 64, 16]
2026-09-09 17:58:46 - __main__ - INFO - feature priors: [9, 34, 118, 46, 174, 2, 0, 24, 0, 10]
2026-09-09 17:58:46 - __main__ - INFO - sample_host priors: [0, 0, 32, 16, 12, 0, 0, 20, 6, 55, 34, 560, 0, 11, 16, 0, 0, 0, 0, 0, 0, 24, 0, 339]
2026-09-09 17:58:46 - __main__ - INFO - material priors: [0, 866, 16, 15, 118, 32, 138, 15, 4, 42, 10, 76, 24, 2, 142, 0]
2026-09-09 17:58:58 - __main__ - INFO - community_type priors: [35, 1174, 32, 90, 11]
2026-09-09 17:58:58 - __main__ - INFO - feature priors: [8, 34, 57, 31, 140, 2, 52, 0, 29, 0]
2026-09-09 17:58:58 - __main__ - INFO - sample_host priors: [6, 0, 32, 0, 11, 4, 4, 20, 23, 67, 45, 731, 16, 0, 0, 8, 11, 9, 0, 0, 0, 24, 4, 339]
2026-09-09 17:58:58 - __main__ - INFO - material priors: [84, 1037, 0, 0, 57, 32, 138, 0, 0, 35, 60, 96, 0, 2, 143, 11]
2026-09-09 17:59:20 - __main__ - INFO - community_type priors: [34, 584, 0, 146, 27]
2026-09-09 17:59:20 - __main__ - INFO - feature priors: [17, 0, 175, 15, 34, 0, 52, 24, 29, 10]
2026-09-09 17:59:20 - __main__ - INFO - sample_host priors: [6, 0, 0, 16, 1, 4, 4, 0, 17, 12, 11, 657, 16, 11, 16, 8, 11, 9, 0, 0, 0, 0, 4, 0]
2026-09-09 17:59:20 - __main__ - INFO - material priors: [84, 505, 16, 15, 175, 0, 0, 15, 4, 7, 70, 38, 24, 0, 141, 11]
2026-09-09 17:59:37 - __main__ - INFO - community_type priors: [69, 944, 32, 64, 16]
2026-09-09 17:59:37 - __main__ - INFO - feature priors: [9, 34, 118, 46, 174, 2, 0, 24, 0, 10]
2026-09-09 17:59:37 - __main__ - INFO - sample_host priors: [0, 0, 32, 16, 12, 0, 0, 20, 6, 55, 34, 560, 0, 11, 16, 0, 0, 0, 0, 0, 0, 24, 0, 339]
2026-09-09 17:59:37 - __main__ - INFO - material priors: [0, 866, 16, 15, 118, 32, 138, 15, 4, 42, 10, 76, 24, 2, 142, 0]
2026-09-09 17:59:48 - __main__ - INFO - community_type priors: [35, 1174, 32, 90, 11]
2026-09-09 17:59:48 - __main__ - INFO - feature priors: [8, 34, 57, 31, 140, 2, 52, 0, 29, 0]
2026-09-09 17:59:48 - __main__ - INFO - sample_host priors: [6, 0, 32, 0, 11, 4, 4, 20, 23, 67, 45, 731, 16, 0, 0, 8, 11, 9, 0, 0, 0, 24, 4, 339]
2026-09-09 17:59:48 - __main__ - INFO - material priors: [84, 1037, 0, 0, 57, 32, 138, 0, 0, 35, 60, 96, 0, 2, 143, 11]
2026-09-09 18:00:11 - __main__ - INFO - community_type priors: [34, 584, 0, 146, 27]
2026-09-09 18:00:11 - __main__ - INFO - feature priors: [17, 0, 175, 15, 34, 0, 52, 24, 29, 10]
2026-09-09 18:00:11 - __main__ - INFO - sample_host priors: [6, 0, 0, 16, 1, 4, 4, 0, 17, 12, 11, 657, 16, 11, 16, 8, 11, 9, 0, 0, 0, 0, 4, 0]
2026-09-09 18:00:11 - __main__ - INFO - material priors: [84, 505, 16, 15, 175, 0, 0, 15, 4, 7, 70, 38, 24, 0, 141, 11]
2026-09-09 18:00:25 - __main__ - INFO - community_type priors: [69, 944, 32, 64, 16]
2026-09-09 18:00:25 - __main__ - INFO - feature priors: [9, 34, 118, 46, 174, 2, 0, 24, 0, 10]
2026-09-09 18:00:25 - __main__ - INFO - sample_host priors: [0, 0, 32, 16, 12, 0, 0, 20, 6, 55, 34, 560, 0, 11, 16, 0, 0, 0, 0, 0, 0, 24, 0, 339]
2026-09-09 18:00:25 - __main__ - INFO - material priors: [0, 866, 16, 15, 118, 32, 138, 15, 4, 42, 10, 76, 24, 2, 142, 0]
2026-09-09 18:00:39 - __main__ - INFO - community_type priors: [35, 1174, 32, 90, 11]
2026-09-09 18:00:39 - __main__ - INFO - feature priors: [8, 34, 57, 31, 140, 2, 52, 0, 29, 0]
2026-09-09 18:00:39 - __main__ - INFO - sample_host priors: [6, 0, 32, 0, 11, 4, 4, 20, 23, 67, 45, 731, 16, 0, 0, 8, 11, 9, 0, 0, 0, 24, 4, 339]
2026-09-09 18:00:39 - __main__ - INFO - material priors: [84, 1037, 0, 0, 57, 32, 138, 0, 0, 35, 60, 96, 0, 2, 143, 11]
2026-09-09 18:01:01 - __main__ - INFO - community_type priors: [34, 584, 0, 146, 27]
2026-09-09 18:01:01 - __main__ - INFO - feature priors: [17, 0, 175, 15, 34, 0, 52, 24, 29, 10]
2026-09-09 18:01:01 - __main__ - INFO - sample_host priors: [6, 0, 0, 16, 1, 4, 4, 0, 17, 12, 11, 657, 16, 11, 16, 8, 11, 9, 0, 0, 0, 0, 4, 0]
2026-09-09 18:01:01 - __main__ - INFO - material priors: [84, 505, 16, 15, 175, 0, 0, 15, 4, 7, 70, 38, 24, 0, 141, 11]
2026-09-09 18:01:19 - __main__ - INFO - community_type priors: [69, 944, 32, 64, 16]
2026-09-09 18:01:19 - __main__ - INFO - feature priors: [9, 34, 118, 46, 174, 2, 0, 24, 0, 10]
2026-09-09 18:01:19 - __main__ - INFO - sample_host priors: [0, 0, 32, 16, 12, 0, 0, 20, 6, 55, 34, 560, 0, 11, 16, 0, 0, 0, 0, 0, 0, 24, 0, 339]
2026-09-09 18:01:19 - __main__ - INFO - material priors: [0, 866, 16, 15, 118, 32, 138, 15, 4, 42, 10, 76, 24, 2, 142, 0]
2026-09-09 18:01:35 - __main__ - INFO - community_type priors: [35, 1174, 32, 90, 11]
2026-09-09 18:01:35 - __main__ - INFO - feature priors: [8, 34, 57, 31, 140, 2, 52, 0, 29, 0]
2026-09-09 18:01:35 - __main__ - INFO - sample_host priors: [6, 0, 32, 0, 11, 4, 4, 20, 23, 67, 45, 731, 16, 0, 0, 8, 11, 9, 0, 0, 0, 24, 4, 339]
2026-09-09 18:01:35 - __main__ - INFO - material priors: [84, 1037, 0, 0, 57, 32, 138, 0, 0, 35, 60, 96, 0, 2, 143, 11]
2026-09-09 18:02:01 - __main__ - INFO - community_type priors: [34, 584, 0, 146, 27]
2026-09-09 18:02:02 - __main__ - INFO - feature priors: [17, 0, 175, 15, 34, 0, 52, 24, 29, 10]
2026-09-09 18:02:02 - __main__ - INFO - sample_host priors: [6, 0, 0, 16, 1, 4, 4, 0, 17, 12, 11, 657, 16, 11, 16, 8, 11, 9, 0, 0, 0, 0, 4, 0]
2026-09-09 18:02:02 - __main__ - INFO - material priors: [84, 505, 16, 15, 175, 0, 0, 15, 4, 7, 70, 38, 24, 0, 141, 11]
2026-09-09 18:02:22 - __main__ - INFO - community_type priors: [69, 944, 32, 64, 16]
2026-09-09 18:02:22 - __main__ - INFO - feature priors: [9, 34, 118, 46, 174, 2, 0, 24, 0, 10]
2026-09-09 18:02:22 - __main__ - INFO - sample_host priors: [0, 0, 32, 16, 12, 0, 0, 20, 6, 55, 34, 560, 0, 11, 16, 0, 0, 0, 0, 0, 0, 24, 0, 339]
2026-09-09 18:02:22 - __main__ - INFO - material priors: [0, 866, 16, 15, 118, 32, 138, 15, 4, 42, 10, 76, 24, 2, 142, 0]
2026-09-09 18:02:33 - __main__ - INFO - community_type priors: [35, 1174, 32, 90, 11]
2026-09-09 18:02:33 - __main__ - INFO - feature priors: [8, 34, 57, 31, 140, 2, 52, 0, 29, 0]
2026-09-09 18:02:33 - __main__ - INFO - sample_host priors: [6, 0, 32, 0, 11, 4, 4, 20, 23, 67, 45, 731, 16, 0, 0, 8, 11, 9, 0, 0, 0, 24, 4, 339]
2026-09-09 18:02:33 - __main__ - INFO - material priors: [84, 1037, 0, 0, 57, 32, 138, 0, 0, 35, 60, 96, 0, 2, 143, 11]
2026-09-09 18:02:52 - __main__ - INFO - community_type priors: [34, 584, 0, 146, 27]
2026-09-09 18:02:52 - __main__ - INFO - feature priors: [17, 0, 175, 15, 34, 0, 52, 24, 29, 10]
2026-09-09 18:02:52 - __main__ - INFO - sample_host priors: [6, 0, 0, 16, 1, 4, 4, 0, 17, 12, 11, 657, 16, 11, 16, 8, 11, 9, 0, 0, 0, 0, 4, 0]
2026-09-09 18:02:52 - __main__ - INFO - material priors: [84, 505, 16, 15, 175, 0, 0, 15, 4, 7, 70, 38, 24, 0, 141, 11]
2026-09-09 18:03:02 - __main__ - INFO - community_type priors: [69, 944, 32, 64, 16]
2026-09-09 18:03:02 - __main__ - INFO - feature priors: [9, 34, 118, 46, 174, 2, 0, 24, 0, 10]
2026-09-09 18:03:02 - __main__ - INFO - sample_host priors: [0, 0, 32, 16, 12, 0, 0, 20, 6, 55, 34, 560, 0, 11, 16, 0, 0, 0, 0, 0, 0, 24, 0, 339]
2026-09-09 18:03:02 - __main__ - INFO - material priors: [0, 866, 16, 15, 118, 32, 138, 15, 4, 42, 10, 76, 24, 2, 142, 0]
2026-09-09 18:03:15 - __main__ - INFO - community_type priors: [35, 1174, 32, 90, 11]
2026-09-09 18:03:15 - __main__ - INFO - feature priors: [8, 34, 57, 31, 140, 2, 52, 0, 29, 0]
2026-09-09 18:03:15 - __main__ - INFO - sample_host priors: [6, 0, 32, 0, 11, 4, 4, 20, 23, 67, 45, 731, 16, 0, 0, 8, 11, 9, 0, 0, 0, 24, 4, 339]
2026-09-09 18:03:15 - __main__ - INFO - material priors: [84, 1037, 0, 0, 57, 32, 138, 0, 0, 35, 60, 96, 0, 2, 143, 11]
2026-09-09 18:03:39 - __main__ - INFO - community_type priors: [34, 584, 0, 146, 27]
2026-09-09 18:03:39 - __main__ - INFO - feature priors: [17, 0, 175, 15, 34, 0, 52, 24, 29, 10]
2026-09-09 18:03:39 - __main__ - INFO - sample_host priors: [6, 0, 0, 16, 1, 4, 4, 0, 17, 12, 11, 657, 16, 11, 16, 8, 11, 9, 0, 0, 0, 0, 4, 0]
2026-09-09 18:03:39 - __main__ - INFO - material priors: [84, 505, 16, 15, 175, 0, 0, 15, 4, 7, 70, 38, 24, 0, 141, 11]
2026-09-09 18:03:56 - __main__ - INFO - community_type priors: [69, 944, 32, 64, 16]
2026-09-09 18:03:56 - __main__ - INFO - feature priors: [9, 34, 118, 46, 174, 2, 0, 24, 0, 10]
2026-09-09 18:03:56 - __main__ - INFO - sample_host priors: [0, 0, 32, 16, 12, 0, 0, 20, 6, 55, 34, 560, 0, 11, 16, 0, 0, 0, 0, 0, 0, 24, 0, 339]
2026-09-09 18:03:56 - __main__ - INFO - material priors: [0, 866, 16, 15, 118, 32, 138, 15, 4, 42, 10, 76, 24, 2, 142, 0]
2026-09-09 18:04:11 - __main__ - INFO - community_type priors: [35, 1174, 32, 90, 11]
2026-09-09 18:04:11 - __main__ - INFO - feature priors: [8, 34, 57, 31, 140, 2, 52, 0, 29, 0]
2026-09-09 18:04:11 - __main__ - INFO - sample_host priors: [6, 0, 32, 0, 11, 4, 4, 20, 23, 67, 45, 731, 16, 0, 0, 8, 11, 9, 0, 0, 0, 24, 4, 339]
2026-09-09 18:04:11 - __main__ - INFO - material priors: [84, 1037, 0, 0, 57, 32, 138, 0, 0, 35, 60, 96, 0, 2, 143, 11]
2026-09-09 18:04:36 - __main__ - INFO - community_type priors: [34, 584, 0, 146, 27]
2026-09-09 18:04:36 - __main__ - INFO - feature priors: [17, 0, 175, 15, 34, 0, 52, 24, 29, 10]
2026-09-09 18:04:36 - __main__ - INFO - sample_host priors: [6, 0, 0, 16, 1, 4, 4, 0, 17, 12, 11, 657, 16, 11, 16, 8, 11, 9, 0, 0, 0, 0, 4, 0]
2026-09-09 18:04:36 - __main__ - INFO - material priors: [84, 505, 16, 15, 175, 0, 0, 15, 4, 7, 70, 38, 24, 0, 141, 11]
2026-09-09 18:04:53 - __main__ - INFO - community_type priors: [69, 944, 32, 64, 16]
2026-09-09 18:04:53 - __main__ - INFO - feature priors: [9, 34, 118, 46, 174, 2, 0, 24, 0, 10]
2026-09-09 18:04:53 - __main__ - INFO - sample_host priors: [0, 0, 32, 16, 12, 0, 0, 20, 6, 55, 34, 560, 0, 11, 16, 0, 0, 0, 0, 0, 0, 24, 0, 339]
2026-09-09 18:04:53 - __main__ - INFO - material priors: [0, 866, 16, 15, 118, 32, 138, 15, 4, 42, 10, 76, 24, 2, 142, 0]
2026-09-09 18:05:08 - __main__ - INFO - community_type priors: [35, 1174, 32, 90, 11]
2026-09-09 18:05:08 - __main__ - INFO - feature priors: [8, 34, 57, 31, 140, 2, 52, 0, 29, 0]
2026-09-09 18:05:08 - __main__ - INFO - sample_host priors: [6, 0, 32, 0, 11, 4, 4, 20, 23, 67, 45, 731, 16, 0, 0, 8, 11, 9, 0, 0, 0, 24, 4, 339]
2026-09-09 18:05:08 - __main__ - INFO - material priors: [84, 1037, 0, 0, 57, 32, 138, 0, 0, 35, 60, 96, 0, 2, 143, 11]
2026-09-09 18:05:30 - __main__ - INFO - community_type priors: [34, 584, 0, 146, 27]
2026-09-09 18:05:30 - __main__ - INFO - feature priors: [17, 0, 175, 15, 34, 0, 52, 24, 29, 10]
2026-09-09 18:05:30 - __main__ - INFO - sample_host priors: [6, 0, 0, 16, 1, 4, 4, 0, 17, 12, 11, 657, 16, 11, 16, 8, 11, 9, 0, 0, 0, 0, 4, 0]
2026-09-09 18:05:30 - __main__ - INFO - material priors: [84, 505, 16, 15, 175, 0, 0, 15, 4, 7, 70, 38, 24, 0, 141, 11]
2026-09-09 18:05:48 - __main__ - INFO - community_type priors: [69, 944, 32, 64, 16]
2026-09-09 18:05:48 - __main__ - INFO - feature priors: [9, 34, 118, 46, 174, 2, 0, 24, 0, 10]
2026-09-09 18:05:48 - __main__ - INFO - sample_host priors: [0, 0, 32, 16, 12, 0, 0, 20, 6, 55, 34, 560, 0, 11, 16, 0, 0, 0, 0, 0, 0, 24, 0, 339]
2026-09-09 18:05:48 - __main__ - INFO - material priors: [0, 866, 16, 15, 118, 32, 138, 15, 4, 42, 10, 76, 24, 2, 142, 0]
2026-09-09 18:06:10 - __main__ - INFO - community_type priors: [35, 1174, 32, 90, 11]
2026-09-09 18:06:10 - __main__ - INFO - feature priors: [8, 34, 57, 31, 140, 2, 52, 0, 29, 0]
2026-09-09 18:06:10 - __main__ - INFO - sample_host priors: [6, 0, 32, 0, 11, 4, 4, 20, 23, 67, 45, 731, 16, 0, 0, 8, 11, 9, 0, 0, 0, 24, 4, 339]
2026-09-09 18:06:10 - __main__ - INFO - material priors: [84, 1037, 0, 0, 57, 32, 138, 0, 0, 35, 60, 96, 0, 2, 143, 11]
2026-09-09 18:06:34 - __main__ - INFO - community_type priors: [34, 584, 0, 146, 27]
2026-09-09 18:06:34 - __main__ - INFO - feature priors: [17, 0, 175, 15, 34, 0, 52, 24, 29, 10]
2026-09-09 18:06:34 - __main__ - INFO - sample_host priors: [6, 0, 0, 16, 1, 4, 4, 0, 17, 12, 11, 657, 16, 11, 16, 8, 11, 9, 0, 0, 0, 0, 4, 0]
2026-09-09 18:06:34 - __main__ - INFO - material priors: [84, 505, 16, 15, 175, 0, 0, 15, 4, 7, 70, 38, 24, 0, 141, 11]
2026-09-09 18:06:46 - __main__ - INFO - community_type priors: [69, 944, 32, 64, 16]
2026-09-09 18:06:46 - __main__ - INFO - feature priors: [9, 34, 118, 46, 174, 2, 0, 24, 0, 10]
2026-09-09 18:06:46 - __main__ - INFO - sample_host priors: [0, 0, 32, 16, 12, 0, 0, 20, 6, 55, 34, 560, 0, 11, 16, 0, 0, 0, 0, 0, 0, 24, 0, 339]
2026-09-09 18:06:46 - __main__ - INFO - material priors: [0, 866, 16, 15, 118, 32, 138, 15, 4, 42, 10, 76, 24, 2, 142, 0]
2026-09-09 18:07:00 - __main__ - INFO - community_type priors: [35, 1174, 32, 90, 11]
2026-09-09 18:07:00 - __main__ - INFO - feature priors: [8, 34, 57, 31, 140, 2, 52, 0, 29, 0]
2026-09-09 18:07:00 - __main__ - INFO - sample_host priors: [6, 0, 32, 0, 11, 4, 4, 20, 23, 67, 45, 731, 16, 0, 0, 8, 11, 9, 0, 0, 0, 24, 4, 339]
2026-09-09 18:07:00 - __main__ - INFO - material priors: [84, 1037, 0, 0, 57, 32, 138, 0, 0, 35, 60, 96, 0, 2, 143, 11]
2026-09-09 18:07:23 - __main__ - INFO - community_type priors: [34, 584, 0, 146, 27]
2026-09-09 18:07:23 - __main__ - INFO - feature priors: [17, 0, 175, 15, 34, 0, 52, 24, 29, 10]
2026-09-09 18:07:23 - __main__ - INFO - sample_host priors: [6, 0, 0, 16, 1, 4, 4, 0, 17, 12, 11, 657, 16, 11, 16, 8, 11, 9, 0, 0, 0, 0, 4, 0]
2026-09-09 18:07:23 - __main__ - INFO - material priors: [84, 505, 16, 15, 175, 0, 0, 15, 4, 7, 70, 38, 24, 0, 141, 11]
2026-09-09 18:07:41 - __main__ - INFO - community_type priors: [69, 944, 32, 64, 16]
2026-09-09 18:07:41 - __main__ - INFO - feature priors: [9, 34, 118, 46, 174, 2, 0, 24, 0, 10]
2026-09-09 18:07:41 - __main__ - INFO - sample_host priors: [0, 0, 32, 16, 12, 0, 0, 20, 6, 55, 34, 560, 0, 11, 16, 0, 0, 0, 0, 0, 0, 24, 0, 339]
2026-09-09 18:07:41 - __main__ - INFO - material priors: [0, 866, 16, 15, 118, 32, 138, 15, 4, 42, 10, 76, 24, 2, 142, 0]
2026-09-09 18:07:55 - __main__ - INFO - community_type priors: [35, 1174, 32, 90, 11]
2026-09-09 18:07:55 - __main__ - INFO - feature priors: [8, 34, 57, 31, 140, 2, 52, 0, 29, 0]
2026-09-09 18:07:55 - __main__ - INFO - sample_host priors: [6, 0, 32, 0, 11, 4, 4, 20, 23, 67, 45, 731, 16, 0, 0, 8, 11, 9, 0, 0, 0, 24, 4, 339]
2026-09-09 18:07:55 - __main__ - INFO - material priors: [84, 1037, 0, 0, 57, 32, 138, 0, 0, 35, 60, 96, 0, 2, 143, 11]
2026-09-09 18:08:22 - __main__ - INFO - community_type priors: [34, 584, 0, 146, 27]
2026-09-09 18:08:22 - __main__ - INFO - feature priors: [17, 0, 175, 15, 34, 0, 52, 24, 29, 10]
2026-09-09 18:08:22 - __main__ - INFO - sample_host priors: [6, 0, 0, 16, 1, 4, 4, 0, 17, 12, 11, 657, 16, 11, 16, 8, 11, 9, 0, 0, 0, 0, 4, 0]
2026-09-09 18:08:22 - __main__ - INFO - material priors: [84, 505, 16, 15, 175, 0, 0, 15, 4, 7, 70, 38, 24, 0, 141, 11]
2026-09-09 18:08:35 - __main__ - INFO - community_type priors: [69, 944, 32, 64, 16]
2026-09-09 18:08:35 - __main__ - INFO - feature priors: [9, 34, 118, 46, 174, 2, 0, 24, 0, 10]
2026-09-09 18:08:35 - __main__ - INFO - sample_host priors: [0, 0, 32, 16, 12, 0, 0, 20, 6, 55, 34, 560, 0, 11, 16, 0, 0, 0, 0, 0, 0, 24, 0, 339]
2026-09-09 18:08:35 - __main__ - INFO - material priors: [0, 866, 16, 15, 118, 32, 138, 15, 4, 42, 10, 76, 24, 2, 142, 0]
2026-09-09 18:08:48 - __main__ - INFO - community_type priors: [35, 1174, 32, 90, 11]
2026-09-09 18:08:49 - __main__ - INFO - feature priors: [8, 34, 57, 31, 140, 2, 52, 0, 29, 0]
2026-09-09 18:08:49 - __main__ - INFO - sample_host priors: [6, 0, 32, 0, 11, 4, 4, 20, 23, 67, 45, 731, 16, 0, 0, 8, 11, 9, 0, 0, 0, 24, 4, 339]
2026-09-09 18:08:49 - __main__ - INFO - material priors: [84, 1037, 0, 0, 57, 32, 138, 0, 0, 35, 60, 96, 0, 2, 143, 11]
2026-09-09 18:09:13 - __main__ - INFO - community_type priors: [34, 584, 0, 146, 27]
2026-09-09 18:09:13 - __main__ - INFO - feature priors: [17, 0, 175, 15, 34, 0, 52, 24, 29, 10]
2026-09-09 18:09:13 - __main__ - INFO - sample_host priors: [6, 0, 0, 16, 1, 4, 4, 0, 17, 12, 11, 657, 16, 11, 16, 8, 11, 9, 0, 0, 0, 0, 4, 0]
2026-09-09 18:09:13 - __main__ - INFO - material priors: [84, 505, 16, 15, 175, 0, 0, 15, 4, 7, 70, 38, 24, 0, 141, 11]
2026-09-09 18:09:34 - __main__ - INFO - community_type priors: [69, 944, 32, 64, 16]
2026-09-09 18:09:34 - __main__ - INFO - feature priors: [9, 34, 118, 46, 174, 2, 0, 24, 0, 10]
2026-09-09 18:09:34 - __main__ - INFO - sample_host priors: [0, 0, 32, 16, 12, 0, 0, 20, 6, 55, 34, 560, 0, 11, 16, 0, 0, 0, 0, 0, 0, 24, 0, 339]
2026-09-09 18:09:34 - __main__ - INFO - material priors: [0, 866, 16, 15, 118, 32, 138, 15, 4, 42, 10, 76, 24, 2, 142, 0]
2026-09-09 18:09:47 - __main__ - INFO - community_type priors: [35, 1174, 32, 90, 11]
2026-09-09 18:09:47 - __main__ - INFO - feature priors: [8, 34, 57, 31, 140, 2, 52, 0, 29, 0]
2026-09-09 18:09:47 - __main__ - INFO - sample_host priors: [6, 0, 32, 0, 11, 4, 4, 20, 23, 67, 45, 731, 16, 0, 0, 8, 11, 9, 0, 0, 0, 24, 4, 339]
2026-09-09 18:09:47 - __main__ - INFO - material priors: [84, 1037, 0, 0, 57, 32, 138, 0, 0, 35, 60, 96, 0, 2, 143, 11]
2026-09-09 18:10:11 - __main__ - INFO - community_type priors: [34, 584, 0, 146, 27]
2026-09-09 18:10:11 - __main__ - INFO - feature priors: [17, 0, 175, 15, 34, 0, 52, 24, 29, 10]
2026-09-09 18:10:11 - __main__ - INFO - sample_host priors: [6, 0, 0, 16, 1, 4, 4, 0, 17, 12, 11, 657, 16, 11, 16, 8, 11, 9, 0, 0, 0, 0, 4, 0]
2026-09-09 18:10:11 - __main__ - INFO - material priors: [84, 505, 16, 15, 175, 0, 0, 15, 4, 7, 70, 38, 24, 0, 141, 11]
2026-09-09 18:10:22 - __main__ - INFO - community_type priors: [69, 944, 32, 64, 16]
2026-09-09 18:10:22 - __main__ - INFO - feature priors: [9, 34, 118, 46, 174, 2, 0, 24, 0, 10]
2026-09-09 18:10:22 - __main__ - INFO - sample_host priors: [0, 0, 32, 16, 12, 0, 0, 20, 6, 55, 34, 560, 0, 11, 16, 0, 0, 0, 0, 0, 0, 24, 0, 339]
2026-09-09 18:10:22 - __main__ - INFO - material priors: [0, 866, 16, 15, 118, 32, 138, 15, 4, 42, 10, 76, 24, 2, 142, 0]
2026-09-09 18:10:37 - __main__ - INFO - community_type priors: [35, 1174, 32, 90, 11]
2026-09-09 18:10:37 - __main__ - INFO - feature priors: [8, 34, 57, 31, 140, 2, 52, 0, 29, 0]
2026-09-09 18:10:37 - __main__ - INFO - sample_host priors: [6, 0, 32, 0, 11, 4, 4, 20, 23, 67, 45, 731, 16, 0, 0, 8, 11, 9, 0, 0, 0, 24, 4, 339]
2026-09-09 18:10:37 - __main__ - INFO - material priors: [84, 1037, 0, 0, 57, 32, 138, 0, 0, 35, 60, 96, 0, 2, 143, 11]
2026-09-09 18:11:01 - __main__ - INFO - community_type priors: [34, 584, 0, 146, 27]
2026-09-09 18:11:01 - __main__ - INFO - feature priors: [17, 0, 175, 15, 34, 0, 52, 24, 29, 10]
2026-09-09 18:11:01 - __main__ - INFO - sample_host priors: [6, 0, 0, 16, 1, 4, 4, 0, 17, 12, 11, 657, 16, 11, 16, 8, 11, 9, 0, 0, 0, 0, 4, 0]
2026-09-09 18:11:01 - __main__ - INFO - material priors: [84, 505, 16, 15, 175, 0, 0, 15, 4, 7, 70, 38, 24, 0, 141, 11]
2026-09-09 18:11:10 - __main__ - INFO - community_type priors: [69, 944, 32, 64, 16]
2026-09-09 18:11:10 - __main__ - INFO - feature priors: [9, 34, 118, 46, 174, 2, 0, 24, 0, 10]
2026-09-09 18:11:10 - __main__ - INFO - sample_host priors: [0, 0, 32, 16, 12, 0, 0, 20, 6, 55, 34, 560, 0, 11, 16, 0, 0, 0, 0, 0, 0, 24, 0, 339]
2026-09-09 18:11:10 - __main__ - INFO - material priors: [0, 866, 16, 15, 118, 32, 138, 15, 4, 42, 10, 76, 24, 2, 142, 0]
2026-09-09 18:11:38 - __main__ - INFO - community_type priors: [35, 1174, 32, 90, 11]
2026-09-09 18:11:38 - __main__ - INFO - feature priors: [8, 34, 57, 31, 140, 2, 52, 0, 29, 0]
2026-09-09 18:11:38 - __main__ - INFO - sample_host priors: [6, 0, 32, 0, 11, 4, 4, 20, 23, 67, 45, 731, 16, 0, 0, 8, 11, 9, 0, 0, 0, 24, 4, 339]
2026-09-09 18:11:38 - __main__ - INFO - material priors: [84, 1037, 0, 0, 57, 32, 138, 0, 0, 35, 60, 96, 0, 2, 143, 11]
2026-09-09 18:12:25 - __main__ - INFO - community_type priors: [34, 584, 0, 146, 27]
2026-09-09 18:12:25 - __main__ - INFO - feature priors: [17, 0, 175, 15, 34, 0, 52, 24, 29, 10]
2026-09-09 18:12:25 - __main__ - INFO - sample_host priors: [6, 0, 0, 16, 1, 4, 4, 0, 17, 12, 11, 657, 16, 11, 16, 8, 11, 9, 0, 0, 0, 0, 4, 0]
2026-09-09 18:12:25 - __main__ - INFO - material priors: [84, 505, 16, 15, 175, 0, 0, 15, 4, 7, 70, 38, 24, 0, 141, 11]
2026-09-09 18:12:49 - __main__ - INFO - community_type priors: [69, 944, 32, 64, 16]
2026-09-09 18:12:49 - __main__ - INFO - feature priors: [9, 34, 118, 46, 174, 2, 0, 24, 0, 10]
2026-09-09 18:12:49 - __main__ - INFO - sample_host priors: [0, 0, 32, 16, 12, 0, 0, 20, 6, 55, 34, 560, 0, 11, 16, 0, 0, 0, 0, 0, 0, 24, 0, 339]
2026-09-09 18:12:49 - __main__ - INFO - material priors: [0, 866, 16, 15, 118, 32, 138, 15, 4, 42, 10, 76, 24, 2, 142, 0]
2026-09-09 18:13:00 - __main__ - INFO - community_type priors: [35, 1174, 32, 90, 11]
2026-09-09 18:13:00 - __main__ - INFO - feature priors: [8, 34, 57, 31, 140, 2, 52, 0, 29, 0]
2026-09-09 18:13:00 - __main__ - INFO - sample_host priors: [6, 0, 32, 0, 11, 4, 4, 20, 23, 67, 45, 731, 16, 0, 0, 8, 11, 9, 0, 0, 0, 24, 4, 339]
2026-09-09 18:13:00 - __main__ - INFO - material priors: [84, 1037, 0, 0, 57, 32, 138, 0, 0, 35, 60, 96, 0, 2, 143, 11]
2026-09-09 18:13:17 - __main__ - INFO - community_type priors: [34, 584, 0, 146, 27]
2026-09-09 18:13:17 - __main__ - INFO - feature priors: [17, 0, 175, 15, 34, 0, 52, 24, 29, 10]
2026-09-09 18:13:17 - __main__ - INFO - sample_host priors: [6, 0, 0, 16, 1, 4, 4, 0, 17, 12, 11, 657, 16, 11, 16, 8, 11, 9, 0, 0, 0, 0, 4, 0]
2026-09-09 18:13:17 - __main__ - INFO - material priors: [84, 505, 16, 15, 175, 0, 0, 15, 4, 7, 70, 38, 24, 0, 141, 11]
2026-09-09 18:13:31 - __main__ - INFO - community_type priors: [69, 944, 32, 64, 16]
2026-09-09 18:13:31 - __main__ - INFO - feature priors: [9, 34, 118, 46, 174, 2, 0, 24, 0, 10]
2026-09-09 18:13:31 - __main__ - INFO - sample_host priors: [0, 0, 32, 16, 12, 0, 0, 20, 6, 55, 34, 560, 0, 11, 16, 0, 0, 0, 0, 0, 0, 24, 0, 339]
2026-09-09 18:13:31 - __main__ - INFO - material priors: [0, 866, 16, 15, 118, 32, 138, 15, 4, 42, 10, 76, 24, 2, 142, 0]
2026-09-09 18:13:43 - __main__ - INFO - community_type priors: [35, 1174, 32, 90, 11]
2026-09-09 18:13:43 - __main__ - INFO - feature priors: [8, 34, 57, 31, 140, 2, 52, 0, 29, 0]
2026-09-09 18:13:43 - __main__ - INFO - sample_host priors: [6, 0, 32, 0, 11, 4, 4, 20, 23, 67, 45, 731, 16, 0, 0, 8, 11, 9, 0, 0, 0, 24, 4, 339]
2026-09-09 18:13:43 - __main__ - INFO - material priors: [84, 1037, 0, 0, 57, 32, 138, 0, 0, 35, 60, 96, 0, 2, 143, 11]
2026-09-09 18:14:02 - __main__ - INFO - community_type priors: [34, 584, 0, 146, 27]
2026-09-09 18:14:02 - __main__ - INFO - feature priors: [17, 0, 175, 15, 34, 0, 52, 24, 29, 10]
2026-09-09 18:14:02 - __main__ - INFO - sample_host priors: [6, 0, 0, 16, 1, 4, 4, 0, 17, 12, 11, 657, 16, 11, 16, 8, 11, 9, 0, 0, 0, 0, 4, 0]
2026-09-09 18:14:02 - __main__ - INFO - material priors: [84, 505, 16, 15, 175, 0, 0, 15, 4, 7, 70, 38, 24, 0, 141, 11]
2026-09-09 18:14:23 - __main__ - INFO - community_type priors: [69, 944, 32, 64, 16]
2026-09-09 18:14:23 - __main__ - INFO - feature priors: [9, 34, 118, 46, 174, 2, 0, 24, 0, 10]
2026-09-09 18:14:23 - __main__ - INFO - sample_host priors: [0, 0, 32, 16, 12, 0, 0, 20, 6, 55, 34, 560, 0, 11, 16, 0, 0, 0, 0, 0, 0, 24, 0, 339]
2026-09-09 18:14:23 - __main__ - INFO - material priors: [0, 866, 16, 15, 118, 32, 138, 15, 4, 42, 10, 76, 24, 2, 142, 0]
2026-09-09 18:14:35 - __main__ - INFO - community_type priors: [35, 1174, 32, 90, 11]
2026-09-09 18:14:35 - __main__ - INFO - feature priors: [8, 34, 57, 31, 140, 2, 52, 0, 29, 0]
2026-09-09 18:14:35 - __main__ - INFO - sample_host priors: [6, 0, 32, 0, 11, 4, 4, 20, 23, 67, 45, 731, 16, 0, 0, 8, 11, 9, 0, 0, 0, 24, 4, 339]
2026-09-09 18:14:35 - __main__ - INFO - material priors: [84, 1037, 0, 0, 57, 32, 138, 0, 0, 35, 60, 96, 0, 2, 143, 11]
2026-09-09 18:14:56 - __main__ - INFO - community_type priors: [34, 584, 0, 146, 27]
2026-09-09 18:14:56 - __main__ - INFO - feature priors: [17, 0, 175, 15, 34, 0, 52, 24, 29, 10]
2026-09-09 18:14:56 - __main__ - INFO - sample_host priors: [6, 0, 0, 16, 1, 4, 4, 0, 17, 12, 11, 657, 16, 11, 16, 8, 11, 9, 0, 0, 0, 0, 4, 0]
2026-09-09 18:14:56 - __main__ - INFO - material priors: [84, 505, 16, 15, 175, 0, 0, 15, 4, 7, 70, 38, 24, 0, 141, 11]
2026-09-09 18:15:15 - __main__ - INFO - community_type priors: [69, 944, 32, 64, 16]
2026-09-09 18:15:15 - __main__ - INFO - feature priors: [9, 34, 118, 46, 174, 2, 0, 24, 0, 10]
2026-09-09 18:15:15 - __main__ - INFO - sample_host priors: [0, 0, 32, 16, 12, 0, 0, 20, 6, 55, 34, 560, 0, 11, 16, 0, 0, 0, 0, 0, 0, 24, 0, 339]
2026-09-09 18:15:15 - __main__ - INFO - material priors: [0, 866, 16, 15, 118, 32, 138, 15, 4, 42, 10, 76, 24, 2, 142, 0]
2026-09-09 18:15:28 - __main__ - INFO - community_type priors: [35, 1174, 32, 90, 11]
2026-09-09 18:15:28 - __main__ - INFO - feature priors: [8, 34, 57, 31, 140, 2, 52, 0, 29, 0]
2026-09-09 18:15:28 - __main__ - INFO - sample_host priors: [6, 0, 32, 0, 11, 4, 4, 20, 23, 67, 45, 731, 16, 0, 0, 8, 11, 9, 0, 0, 0, 24, 4, 339]
2026-09-09 18:15:28 - __main__ - INFO - material priors: [84, 1037, 0, 0, 57, 32, 138, 0, 0, 35, 60, 96, 0, 2, 143, 11]
2026-09-09 18:15:53 - __main__ - INFO - community_type priors: [34, 584, 0, 146, 27]
2026-09-09 18:15:53 - __main__ - INFO - feature priors: [17, 0, 175, 15, 34, 0, 52, 24, 29, 10]
2026-09-09 18:15:53 - __main__ - INFO - sample_host priors: [6, 0, 0, 16, 1, 4, 4, 0, 17, 12, 11, 657, 16, 11, 16, 8, 11, 9, 0, 0, 0, 0, 4, 0]
2026-09-09 18:15:53 - __main__ - INFO - material priors: [84, 505, 16, 15, 175, 0, 0, 15, 4, 7, 70, 38, 24, 0, 141, 11]
2026-09-09 18:16:11 - __main__ - INFO - community_type priors: [69, 944, 32, 64, 16]
2026-09-09 18:16:11 - __main__ - INFO - feature priors: [9, 34, 118, 46, 174, 2, 0, 24, 0, 10]
2026-09-09 18:16:11 - __main__ - INFO - sample_host priors: [0, 0, 32, 16, 12, 0, 0, 20, 6, 55, 34, 560, 0, 11, 16, 0, 0, 0, 0, 0, 0, 24, 0, 339]
2026-09-09 18:16:11 - __main__ - INFO - material priors: [0, 866, 16, 15, 118, 32, 138, 15, 4, 42, 10, 76, 24, 2, 142, 0]
2026-09-09 18:16:29 - __main__ - INFO - community_type priors: [35, 1174, 32, 90, 11]
2026-09-09 18:16:29 - __main__ - INFO - feature priors: [8, 34, 57, 31, 140, 2, 52, 0, 29, 0]
2026-09-09 18:16:29 - __main__ - INFO - sample_host priors: [6, 0, 32, 0, 11, 4, 4, 20, 23, 67, 45, 731, 16, 0, 0, 8, 11, 9, 0, 0, 0, 24, 4, 339]
2026-09-09 18:16:29 - __main__ - INFO - material priors: [84, 1037, 0, 0, 57, 32, 138, 0, 0, 35, 60, 96, 0, 2, 143, 11]
2026-09-09 18:16:56 - __main__ - INFO - community_type priors: [34, 584, 0, 146, 27]
2026-09-09 18:16:56 - __main__ - INFO - feature priors: [17, 0, 175, 15, 34, 0, 52, 24, 29, 10]
2026-09-09 18:16:56 - __main__ - INFO - sample_host priors: [6, 0, 0, 16, 1, 4, 4, 0, 17, 12, 11, 657, 16, 11, 16, 8, 11, 9, 0, 0, 0, 0, 4, 0]
2026-09-09 18:16:56 - __main__ - INFO - material priors: [84, 505, 16, 15, 175, 0, 0, 15, 4, 7, 70, 38, 24, 0, 141, 11]
2026-09-09 18:17:16 - __main__ - INFO - community_type priors: [69, 944, 32, 64, 16]
2026-09-09 18:17:16 - __main__ - INFO - feature priors: [9, 34, 118, 46, 174, 2, 0, 24, 0, 10]
2026-09-09 18:17:16 - __main__ - INFO - sample_host priors: [0, 0, 32, 16, 12, 0, 0, 20, 6, 55, 34, 560, 0, 11, 16, 0, 0, 0, 0, 0, 0, 24, 0, 339]
2026-09-09 18:17:16 - __main__ - INFO - material priors: [0, 866, 16, 15, 118, 32, 138, 15, 4, 42, 10, 76, 24, 2, 142, 0]
2026-09-09 18:17:30 - __main__ - INFO - community_type priors: [35, 1174, 32, 90, 11]
2026-09-09 18:17:30 - __main__ - INFO - feature priors: [8, 34, 57, 31, 140, 2, 52, 0, 29, 0]
2026-09-09 18:17:30 - __main__ - INFO - sample_host priors: [6, 0, 32, 0, 11, 4, 4, 20, 23, 67, 45, 731, 16, 0, 0, 8, 11, 9, 0, 0, 0, 24, 4, 339]
2026-09-09 18:17:30 - __main__ - INFO - material priors: [84, 1037, 0, 0, 57, 32, 138, 0, 0, 35, 60, 96, 0, 2, 143, 11]
2026-09-09 18:17:57 - __main__ - INFO - community_type priors: [34, 584, 0, 146, 27]
2026-09-09 18:17:57 - __main__ - INFO - feature priors: [17, 0, 175, 15, 34, 0, 52, 24, 29, 10]
2026-09-09 18:17:57 - __main__ - INFO - sample_host priors: [6, 0, 0, 16, 1, 4, 4, 0, 17, 12, 11, 657, 16, 11, 16, 8, 11, 9, 0, 0, 0, 0, 4, 0]
2026-09-09 18:17:57 - __main__ - INFO - material priors: [84, 505, 16, 15, 175, 0, 0, 15, 4, 7, 70, 38, 24, 0, 141, 11]
2026-09-09 18:18:17 - __main__ - INFO - community_type priors: [69, 944, 32, 64, 16]
2026-09-09 18:18:17 - __main__ - INFO - feature priors: [9, 34, 118, 46, 174, 2, 0, 24, 0, 10]
2026-09-09 18:18:17 - __main__ - INFO - sample_host priors: [0, 0, 32, 16, 12, 0, 0, 20, 6, 55, 34, 560, 0, 11, 16, 0, 0, 0, 0, 0, 0, 24, 0, 339]
2026-09-09 18:18:17 - __main__ - INFO - material priors: [0, 866, 16, 15, 118, 32, 138, 15, 4, 42, 10, 76, 24, 2, 142, 0]
2026-09-09 18:18:33 - __main__ - INFO - community_type priors: [35, 1174, 32, 90, 11]
2026-09-09 18:18:33 - __main__ - INFO - feature priors: [8, 34, 57, 31, 140, 2, 52, 0, 29, 0]
2026-09-09 18:18:33 - __main__ - INFO - sample_host priors: [6, 0, 32, 0, 11, 4, 4, 20, 23, 67, 45, 731, 16, 0, 0, 8, 11, 9, 0, 0, 0, 24, 4, 339]
2026-09-09 18:18:33 - __main__ - INFO - material priors: [84, 1037, 0, 0, 57, 32, 138, 0, 0, 35, 60, 96, 0, 2, 143, 11]
2026-09-09 18:19:01 - __main__ - INFO - community_type priors: [34, 584, 0, 146, 27]
2026-09-09 18:19:01 - __main__ - INFO - feature priors: [17, 0, 175, 15, 34, 0, 52, 24, 29, 10]
2026-09-09 18:19:01 - __main__ - INFO - sample_host priors: [6, 0, 0, 16, 1, 4, 4, 0, 17, 12, 11, 657, 16, 11, 16, 8, 11, 9, 0, 0, 0, 0, 4, 0]
2026-09-09 18:19:01 - __main__ - INFO - material priors: [84, 505, 16, 15, 175, 0, 0, 15, 4, 7, 70, 38, 24, 0, 141, 11]
2026-09-09 18:19:14 - __main__ - INFO - community_type priors: [69, 944, 32, 64, 16]
2026-09-09 18:19:14 - __main__ - INFO - feature priors: [9, 34, 118, 46, 174, 2, 0, 24, 0, 10]
2026-09-09 18:19:14 - __main__ - INFO - sample_host priors: [0, 0, 32, 16, 12, 0, 0, 20, 6, 55, 34, 560, 0, 11, 16, 0, 0, 0, 0, 0, 0, 24, 0, 339]
2026-09-09 18:19:14 - __main__ - INFO - material priors: [0, 866, 16, 15, 118, 32, 138, 15, 4, 42, 10, 76, 24, 2, 142, 0]
2026-09-09 18:19:41 - __main__ - INFO - community_type priors: [35, 1174, 32, 90, 11]
2026-09-09 18:19:41 - __main__ - INFO - feature priors: [8, 34, 57, 31, 140, 2, 52, 0, 29, 0]
2026-09-09 18:19:41 - __main__ - INFO - sample_host priors: [6, 0, 32, 0, 11, 4, 4, 20, 23, 67, 45, 731, 16, 0, 0, 8, 11, 9, 0, 0, 0, 24, 4, 339]
2026-09-09 18:19:41 - __main__ - INFO - material priors: [84, 1037, 0, 0, 57, 32, 138, 0, 0, 35, 60, 96, 0, 2, 143, 11]
2026-09-09 18:20:18 - __main__ - INFO - community_type priors: [34, 584, 0, 146, 27]
2026-09-09 18:20:18 - __main__ - INFO - feature priors: [17, 0, 175, 15, 34, 0, 52, 24, 29, 10]
2026-09-09 18:20:18 - __main__ - INFO - sample_host priors: [6, 0, 0, 16, 1, 4, 4, 0, 17, 12, 11, 657, 16, 11, 16, 8, 11, 9, 0, 0, 0, 0, 4, 0]
2026-09-09 18:20:18 - __main__ - INFO - material priors: [84, 505, 16, 15, 175, 0, 0, 15, 4, 7, 70, 38, 24, 0, 141, 11]
2026-09-09 18:20:46 - __main__ - INFO - community_type priors: [69, 944, 32, 64, 16]
2026-09-09 18:20:46 - __main__ - INFO - feature priors: [9, 34, 118, 46, 174, 2, 0, 24, 0, 10]
2026-09-09 18:20:46 - __main__ - INFO - sample_host priors: [0, 0, 32, 16, 12, 0, 0, 20, 6, 55, 34, 560, 0, 11, 16, 0, 0, 0, 0, 0, 0, 24, 0, 339]
2026-09-09 18:20:46 - __main__ - INFO - material priors: [0, 866, 16, 15, 118, 32, 138, 15, 4, 42, 10, 76, 24, 2, 142, 0]
2026-09-09 18:21:18 - __main__ - INFO - community_type priors: [35, 1174, 32, 90, 11]
2026-09-09 18:21:18 - __main__ - INFO - feature priors: [8, 34, 57, 31, 140, 2, 52, 0, 29, 0]
2026-09-09 18:21:18 - __main__ - INFO - sample_host priors: [6, 0, 32, 0, 11, 4, 4, 20, 23, 67, 45, 731, 16, 0, 0, 8, 11, 9, 0, 0, 0, 24, 4, 339]
2026-09-09 18:21:18 - __main__ - INFO - material priors: [84, 1037, 0, 0, 57, 32, 138, 0, 0, 35, 60, 96, 0, 2, 143, 11]
2026-09-09 18:22:07 - __main__ - INFO - community_type priors: [34, 584, 0, 146, 27]
2026-09-09 18:22:07 - __main__ - INFO - feature priors: [17, 0, 175, 15, 34, 0, 52, 24, 29, 10]
2026-09-09 18:22:07 - __main__ - INFO - sample_host priors: [6, 0, 0, 16, 1, 4, 4, 0, 17, 12, 11, 657, 16, 11, 16, 8, 11, 9, 0, 0, 0, 0, 4, 0]
2026-09-09 18:22:07 - __main__ - INFO - material priors: [84, 505, 16, 15, 175, 0, 0, 15, 4, 7, 70, 38, 24, 0, 141, 11]
2026-09-09 18:22:28 - __main__ - INFO - community_type priors: [69, 944, 32, 64, 16]
2026-09-09 18:22:28 - __main__ - INFO - feature priors: [9, 34, 118, 46, 174, 2, 0, 24, 0, 10]
2026-09-09 18:22:28 - __main__ - INFO - sample_host priors: [0, 0, 32, 16, 12, 0, 0, 20, 6, 55, 34, 560, 0, 11, 16, 0, 0, 0, 0, 0, 0, 24, 0, 339]
2026-09-09 18:22:28 - __main__ - INFO - material priors: [0, 866, 16, 15, 118, 32, 138, 15, 4, 42, 10, 76, 24, 2, 142, 0]
2026-09-09 18:22:46 - __main__ - INFO - community_type priors: [35, 1174, 32, 90, 11]
2026-09-09 18:22:46 - __main__ - INFO - feature priors: [8, 34, 57, 31, 140, 2, 52, 0, 29, 0]
2026-09-09 18:22:46 - __main__ - INFO - sample_host priors: [6, 0, 32, 0, 11, 4, 4, 20, 23, 67, 45, 731, 16, 0, 0, 8, 11, 9, 0, 0, 0, 24, 4, 339]
2026-09-09 18:22:46 - __main__ - INFO - material priors: [84, 1037, 0, 0, 57, 32, 138, 0, 0, 35, 60, 96, 0, 2, 143, 11]
2026-09-09 18:23:15 - __main__ - INFO - community_type priors: [34, 584, 0, 146, 27]
2026-09-09 18:23:15 - __main__ - INFO - feature priors: [17, 0, 175, 15, 34, 0, 52, 24, 29, 10]
2026-09-09 18:23:15 - __main__ - INFO - sample_host priors: [6, 0, 0, 16, 1, 4, 4, 0, 17, 12, 11, 657, 16, 11, 16, 8, 11, 9, 0, 0, 0, 0, 4, 0]
2026-09-09 18:23:15 - __main__ - INFO - material priors: [84, 505, 16, 15, 175, 0, 0, 15, 4, 7, 70, 38, 24, 0, 141, 11]
2026-09-09 18:23:43 - __main__ - INFO - community_type priors: [69, 944, 32, 64, 16]
2026-09-09 18:23:43 - __main__ - INFO - feature priors: [9, 34, 118, 46, 174, 2, 0, 24, 0, 10]
2026-09-09 18:23:43 - __main__ - INFO - sample_host priors: [0, 0, 32, 16, 12, 0, 0, 20, 6, 55, 34, 560, 0, 11, 16, 0, 0, 0, 0, 0, 0, 24, 0, 339]
2026-09-09 18:23:43 - __main__ - INFO - material priors: [0, 866, 16, 15, 118, 32, 138, 15, 4, 42, 10, 76, 24, 2, 142, 0]
2026-09-09 18:23:56 - __main__ - INFO - community_type priors: [35, 1174, 32, 90, 11]
2026-09-09 18:23:56 - __main__ - INFO - feature priors: [8, 34, 57, 31, 140, 2, 52, 0, 29, 0]
2026-09-09 18:23:56 - __main__ - INFO - sample_host priors: [6, 0, 32, 0, 11, 4, 4, 20, 23, 67, 45, 731, 16, 0, 0, 8, 11, 9, 0, 0, 0, 24, 4, 339]
2026-09-09 18:23:56 - __main__ - INFO - material priors: [84, 1037, 0, 0, 57, 32, 138, 0, 0, 35, 60, 96, 0, 2, 143, 11]
2026-09-09 18:24:17 - __main__ - INFO - community_type priors: [34, 584, 0, 146, 27]
2026-09-09 18:24:17 - __main__ - INFO - feature priors: [17, 0, 175, 15, 34, 0, 52, 24, 29, 10]
2026-09-09 18:24:17 - __main__ - INFO - sample_host priors: [6, 0, 0, 16, 1, 4, 4, 0, 17, 12, 11, 657, 16, 11, 16, 8, 11, 9, 0, 0, 0, 0, 4, 0]
2026-09-09 18:24:17 - __main__ - INFO - material priors: [84, 505, 16, 15, 175, 0, 0, 15, 4, 7, 70, 38, 24, 0, 141, 11]
2026-09-09 18:24:35 - __main__ - INFO - community_type priors: [69, 944, 32, 64, 16]
2026-09-09 18:24:35 - __main__ - INFO - feature priors: [9, 34, 118, 46, 174, 2, 0, 24, 0, 10]
2026-09-09 18:24:35 - __main__ - INFO - sample_host priors: [0, 0, 32, 16, 12, 0, 0, 20, 6, 55, 34, 560, 0, 11, 16, 0, 0, 0, 0, 0, 0, 24, 0, 339]
2026-09-09 18:24:35 - __main__ - INFO - material priors: [0, 866, 16, 15, 118, 32, 138, 15, 4, 42, 10, 76, 24, 2, 142, 0]
2026-09-09 18:24:49 - __main__ - INFO - community_type priors: [35, 1174, 32, 90, 11]
2026-09-09 18:24:49 - __main__ - INFO - feature priors: [8, 34, 57, 31, 140, 2, 52, 0, 29, 0]
2026-09-09 18:24:49 - __main__ - INFO - sample_host priors: [6, 0, 32, 0, 11, 4, 4, 20, 23, 67, 45, 731, 16, 0, 0, 8, 11, 9, 0, 0, 0, 24, 4, 339]
2026-09-09 18:24:49 - __main__ - INFO - material priors: [84, 1037, 0, 0, 57, 32, 138, 0, 0, 35, 60, 96, 0, 2, 143, 11]
2026-09-09 18:25:15 - __main__ - INFO - community_type priors: [34, 584, 0, 146, 27]
2026-09-09 18:25:15 - __main__ - INFO - feature priors: [17, 0, 175, 15, 34, 0, 52, 24, 29, 10]
2026-09-09 18:25:15 - __main__ - INFO - sample_host priors: [6, 0, 0, 16, 1, 4, 4, 0, 17, 12, 11, 657, 16, 11, 16, 8, 11, 9, 0, 0, 0, 0, 4, 0]
2026-09-09 18:25:15 - __main__ - INFO - material priors: [84, 505, 16, 15, 175, 0, 0, 15, 4, 7, 70, 38, 24, 0, 141, 11]
2026-09-09 18:25:35 - __main__ - INFO - community_type priors: [69, 944, 32, 64, 16]
2026-09-09 18:25:35 - __main__ - INFO - feature priors: [9, 34, 118, 46, 174, 2, 0, 24, 0, 10]
2026-09-09 18:25:35 - __main__ - INFO - sample_host priors: [0, 0, 32, 16, 12, 0, 0, 20, 6, 55, 34, 560, 0, 11, 16, 0, 0, 0, 0, 0, 0, 24, 0, 339]
2026-09-09 18:25:35 - __main__ - INFO - material priors: [0, 866, 16, 15, 118, 32, 138, 15, 4, 42, 10, 76, 24, 2, 142, 0]
2026-09-09 18:25:49 - __main__ - INFO - community_type priors: [35, 1174, 32, 90, 11]
2026-09-09 18:25:49 - __main__ - INFO - feature priors: [8, 34, 57, 31, 140, 2, 52, 0, 29, 0]
2026-09-09 18:25:49 - __main__ - INFO - sample_host priors: [6, 0, 32, 0, 11, 4, 4, 20, 23, 67, 45, 731, 16, 0, 0, 8, 11, 9, 0, 0, 0, 24, 4, 339]
2026-09-09 18:25:49 - __main__ - INFO - material priors: [84, 1037, 0, 0, 57, 32, 138, 0, 0, 35, 60, 96, 0, 2, 143, 11]
2026-09-09 18:26:06 - __main__ - INFO - community_type priors: [34, 584, 0, 146, 27]
2026-09-09 18:26:06 - __main__ - INFO - feature priors: [17, 0, 175, 15, 34, 0, 52, 24, 29, 10]
2026-09-09 18:26:06 - __main__ - INFO - sample_host priors: [6, 0, 0, 16, 1, 4, 4, 0, 17, 12, 11, 657, 16, 11, 16, 8, 11, 9, 0, 0, 0, 0, 4, 0]
2026-09-09 18:26:06 - __main__ - INFO - material priors: [84, 505, 16, 15, 175, 0, 0, 15, 4, 7, 70, 38, 24, 0, 141, 11]
2026-09-09 18:26:17 - __main__ - INFO - community_type priors: [69, 944, 32, 64, 16]
2026-09-09 18:26:17 - __main__ - INFO - feature priors: [9, 34, 118, 46, 174, 2, 0, 24, 0, 10]
2026-09-09 18:26:17 - __main__ - INFO - sample_host priors: [0, 0, 32, 16, 12, 0, 0, 20, 6, 55, 34, 560, 0, 11, 16, 0, 0, 0, 0, 0, 0, 24, 0, 339]
2026-09-09 18:26:17 - __main__ - INFO - material priors: [0, 866, 16, 15, 118, 32, 138, 15, 4, 42, 10, 76, 24, 2, 142, 0]
2026-09-09 18:26:30 - __main__ - INFO - community_type priors: [35, 1174, 32, 90, 11]
2026-09-09 18:26:30 - __main__ - INFO - feature priors: [8, 34, 57, 31, 140, 2, 52, 0, 29, 0]
2026-09-09 18:26:30 - __main__ - INFO - sample_host priors: [6, 0, 32, 0, 11, 4, 4, 20, 23, 67, 45, 731, 16, 0, 0, 8, 11, 9, 0, 0, 0, 24, 4, 339]
2026-09-09 18:26:30 - __main__ - INFO - material priors: [84, 1037, 0, 0, 57, 32, 138, 0, 0, 35, 60, 96, 0, 2, 143, 11]
2026-09-09 18:26:45 - __main__ - INFO - community_type priors: [34, 584, 0, 146, 27]
2026-09-09 18:26:45 - __main__ - INFO - feature priors: [17, 0, 175, 15, 34, 0, 52, 24, 29, 10]
2026-09-09 18:26:45 - __main__ - INFO - sample_host priors: [6, 0, 0, 16, 1, 4, 4, 0, 17, 12, 11, 657, 16, 11, 16, 8, 11, 9, 0, 0, 0, 0, 4, 0]
2026-09-09 18:26:45 - __main__ - INFO - material priors: [84, 505, 16, 15, 175, 0, 0, 15, 4, 7, 70, 38, 24, 0, 141, 11]
2026-09-09 18:26:58 - __main__ - INFO - community_type priors: [69, 944, 32, 64, 16]
2026-09-09 18:26:58 - __main__ - INFO - feature priors: [9, 34, 118, 46, 174, 2, 0, 24, 0, 10]
2026-09-09 18:26:58 - __main__ - INFO - sample_host priors: [0, 0, 32, 16, 12, 0, 0, 20, 6, 55, 34, 560, 0, 11, 16, 0, 0, 0, 0, 0, 0, 24, 0, 339]
2026-09-09 18:26:58 - __main__ - INFO - material priors: [0, 866, 16, 15, 118, 32, 138, 15, 4, 42, 10, 76, 24, 2, 142, 0]
2026-09-09 18:27:11 - __main__ - INFO - community_type priors: [35, 1174, 32, 90, 11]
2026-09-09 18:27:11 - __main__ - INFO - feature priors: [8, 34, 57, 31, 140, 2, 52, 0, 29, 0]
2026-09-09 18:27:11 - __main__ - INFO - sample_host priors: [6, 0, 32, 0, 11, 4, 4, 20, 23, 67, 45, 731, 16, 0, 0, 8, 11, 9, 0, 0, 0, 24, 4, 339]
2026-09-09 18:27:11 - __main__ - INFO - material priors: [84, 1037, 0, 0, 57, 32, 138, 0, 0, 35, 60, 96, 0, 2, 143, 11]
2026-09-09 18:27:27 - __main__ - INFO - community_type priors: [34, 584, 0, 146, 27]
2026-09-09 18:27:27 - __main__ - INFO - feature priors: [17, 0, 175, 15, 34, 0, 52, 24, 29, 10]
2026-09-09 18:27:27 - __main__ - INFO - sample_host priors: [6, 0, 0, 16, 1, 4, 4, 0, 17, 12, 11, 657, 16, 11, 16, 8, 11, 9, 0, 0, 0, 0, 4, 0]
2026-09-09 18:27:27 - __main__ - INFO - material priors: [84, 505, 16, 15, 175, 0, 0, 15, 4, 7, 70, 38, 24, 0, 141, 11]
2026-09-09 18:27:38 - __main__ - INFO - community_type priors: [69, 944, 32, 64, 16]
2026-09-09 18:27:39 - __main__ - INFO - feature priors: [9, 34, 118, 46, 174, 2, 0, 24, 0, 10]
2026-09-09 18:27:39 - __main__ - INFO - sample_host priors: [0, 0, 32, 16, 12, 0, 0, 20, 6, 55, 34, 560, 0, 11, 16, 0, 0, 0, 0, 0, 0, 24, 0, 339]
2026-09-09 18:27:39 - __main__ - INFO - material priors: [0, 866, 16, 15, 118, 32, 138, 15, 4, 42, 10, 76, 24, 2, 142, 0]
2026-09-09 18:27:57 - __main__ - INFO - community_type priors: [35, 1174, 32, 90, 11]
2026-09-09 18:27:57 - __main__ - INFO - feature priors: [8, 34, 57, 31, 140, 2, 52, 0, 29, 0]
2026-09-09 18:27:57 - __main__ - INFO - sample_host priors: [6, 0, 32, 0, 11, 4, 4, 20, 23, 67, 45, 731, 16, 0, 0, 8, 11, 9, 0, 0, 0, 24, 4, 339]
2026-09-09 18:27:57 - __main__ - INFO - material priors: [84, 1037, 0, 0, 57, 32, 138, 0, 0, 35, 60, 96, 0, 2, 143, 11]
2026-09-09 18:28:29 - __main__ - INFO - community_type priors: [34, 584, 0, 146, 27]
2026-09-09 18:28:29 - __main__ - INFO - feature priors: [17, 0, 175, 15, 34, 0, 52, 24, 29, 10]
2026-09-09 18:28:29 - __main__ - INFO - sample_host priors: [6, 0, 0, 16, 1, 4, 4, 0, 17, 12, 11, 657, 16, 11, 16, 8, 11, 9, 0, 0, 0, 0, 4, 0]
2026-09-09 18:28:29 - __main__ - INFO - material priors: [84, 505, 16, 15, 175, 0, 0, 15, 4, 7, 70, 38, 24, 0, 141, 11]
2026-09-09 18:28:52 - __main__ - INFO - community_type priors: [69, 944, 32, 64, 16]
2026-09-09 18:28:52 - __main__ - INFO - feature priors: [9, 34, 118, 46, 174, 2, 0, 24, 0, 10]
2026-09-09 18:28:52 - __main__ - INFO - sample_host priors: [0, 0, 32, 16, 12, 0, 0, 20, 6, 55, 34, 560, 0, 11, 16, 0, 0, 0, 0, 0, 0, 24, 0, 339]
2026-09-09 18:28:52 - __main__ - INFO - material priors: [0, 866, 16, 15, 118, 32, 138, 15, 4, 42, 10, 76, 24, 2, 142, 0]
2026-09-09 18:29:06 - __main__ - INFO - community_type priors: [35, 1174, 32, 90, 11]
2026-09-09 18:29:06 - __main__ - INFO - feature priors: [8, 34, 57, 31, 140, 2, 52, 0, 29, 0]
2026-09-09 18:29:06 - __main__ - INFO - sample_host priors: [6, 0, 32, 0, 11, 4, 4, 20, 23, 67, 45, 731, 16, 0, 0, 8, 11, 9, 0, 0, 0, 24, 4, 339]
2026-09-09 18:29:06 - __main__ - INFO - material priors: [84, 1037, 0, 0, 57, 32, 138, 0, 0, 35, 60, 96, 0, 2, 143, 11]
2026-09-09 18:29:26 - __main__ - INFO - community_type priors: [34, 584, 0, 146, 27]
2026-09-09 18:29:26 - __main__ - INFO - feature priors: [17, 0, 175, 15, 34, 0, 52, 24, 29, 10]
2026-09-09 18:29:26 - __main__ - INFO - sample_host priors: [6, 0, 0, 16, 1, 4, 4, 0, 17, 12, 11, 657, 16, 11, 16, 8, 11, 9, 0, 0, 0, 0, 4, 0]
2026-09-09 18:29:26 - __main__ - INFO - material priors: [84, 505, 16, 15, 175, 0, 0, 15, 4, 7, 70, 38, 24, 0, 141, 11]
2026-09-09 18:29:44 - __main__ - INFO - community_type priors: [69, 944, 32, 64, 16]
2026-09-09 18:29:44 - __main__ - INFO - feature priors: [9, 34, 118, 46, 174, 2, 0, 24, 0, 10]
2026-09-09 18:29:44 - __main__ - INFO - sample_host priors: [0, 0, 32, 16, 12, 0, 0, 20, 6, 55, 34, 560, 0, 11, 16, 0, 0, 0, 0, 0, 0, 24, 0, 339]
2026-09-09 18:29:44 - __main__ - INFO - material priors: [0, 866, 16, 15, 118, 32, 138, 15, 4, 42, 10, 76, 24, 2, 142, 0]
2026-09-09 18:30:14 - __main__ - INFO - community_type priors: [35, 1174, 32, 90, 11]
2026-09-09 18:30:14 - __main__ - INFO - feature priors: [8, 34, 57, 31, 140, 2, 52, 0, 29, 0]
2026-09-09 18:30:14 - __main__ - INFO - sample_host priors: [6, 0, 32, 0, 11, 4, 4, 20, 23, 67, 45, 731, 16, 0, 0, 8, 11, 9, 0, 0, 0, 24, 4, 339]
2026-09-09 18:30:14 - __main__ - INFO - material priors: [84, 1037, 0, 0, 57, 32, 138, 0, 0, 35, 60, 96, 0, 2, 143, 11]
2026-09-09 18:30:58 - __main__ - INFO - community_type priors: [34, 584, 0, 146, 27]
2026-09-09 18:30:58 - __main__ - INFO - feature priors: [17, 0, 175, 15, 34, 0, 52, 24, 29, 10]
2026-09-09 18:30:58 - __main__ - INFO - sample_host priors: [6, 0, 0, 16, 1, 4, 4, 0, 17, 12, 11, 657, 16, 11, 16, 8, 11, 9, 0, 0, 0, 0, 4, 0]
2026-09-09 18:30:58 - __main__ - INFO - material priors: [84, 505, 16, 15, 175, 0, 0, 15, 4, 7, 70, 38, 24, 0, 141, 11]
2026-09-09 18:31:30 - __main__ - INFO - community_type priors: [69, 944, 32, 64, 16]
2026-09-09 18:31:30 - __main__ - INFO - feature priors: [9, 34, 118, 46, 174, 2, 0, 24, 0, 10]
2026-09-09 18:31:30 - __main__ - INFO - sample_host priors: [0, 0, 32, 16, 12, 0, 0, 20, 6, 55, 34, 560, 0, 11, 16, 0, 0, 0, 0, 0, 0, 24, 0, 339]
2026-09-09 18:31:30 - __main__ - INFO - material priors: [0, 866, 16, 15, 118, 32, 138, 15, 4, 42, 10, 76, 24, 2, 142, 0]
2026-09-09 18:31:43 - __main__ - INFO - community_type priors: [35, 1174, 32, 90, 11]
2026-09-09 18:31:43 - __main__ - INFO - feature priors: [8, 34, 57, 31, 140, 2, 52, 0, 29, 0]
2026-09-09 18:31:43 - __main__ - INFO - sample_host priors: [6, 0, 32, 0, 11, 4, 4, 20, 23, 67, 45, 731, 16, 0, 0, 8, 11, 9, 0, 0, 0, 24, 4, 339]
2026-09-09 18:31:43 - __main__ - INFO - material priors: [84, 1037, 0, 0, 57, 32, 138, 0, 0, 35, 60, 96, 0, 2, 143, 11]
2026-09-09 18:32:01 - __main__ - INFO - community_type priors: [34, 584, 0, 146, 27]
2026-09-09 18:32:01 - __main__ - INFO - feature priors: [17, 0, 175, 15, 34, 0, 52, 24, 29, 10]
2026-09-09 18:32:01 - __main__ - INFO - sample_host priors: [6, 0, 0, 16, 1, 4, 4, 0, 17, 12, 11, 657, 16, 11, 16, 8, 11, 9, 0, 0, 0, 0, 4, 0]
2026-09-09 18:32:01 - __main__ - INFO - material priors: [84, 505, 16, 15, 175, 0, 0, 15, 4, 7, 70, 38, 24, 0, 141, 11]
2026-09-09 18:32:21 - __main__ - INFO - community_type priors: [69, 944, 32, 64, 16]
2026-09-09 18:32:21 - __main__ - INFO - feature priors: [9, 34, 118, 46, 174, 2, 0, 24, 0, 10]
2026-09-09 18:32:21 - __main__ - INFO - sample_host priors: [0, 0, 32, 16, 12, 0, 0, 20, 6, 55, 34, 560, 0, 11, 16, 0, 0, 0, 0, 0, 0, 24, 0, 339]
2026-09-09 18:32:21 - __main__ - INFO - material priors: [0, 866, 16, 15, 118, 32, 138, 15, 4, 42, 10, 76, 24, 2, 142, 0]
2026-09-09 18:32:35 - __main__ - INFO - community_type priors: [35, 1174, 32, 90, 11]
2026-09-09 18:32:35 - __main__ - INFO - feature priors: [8, 34, 57, 31, 140, 2, 52, 0, 29, 0]
2026-09-09 18:32:35 - __main__ - INFO - sample_host priors: [6, 0, 32, 0, 11, 4, 4, 20, 23, 67, 45, 731, 16, 0, 0, 8, 11, 9, 0, 0, 0, 24, 4, 339]
2026-09-09 18:32:35 - __main__ - INFO - material priors: [84, 1037, 0, 0, 57, 32, 138, 0, 0, 35, 60, 96, 0, 2, 143, 11]
2026-09-09 18:32:53 - __main__ - INFO - community_type priors: [34, 584, 0, 146, 27]
2026-09-09 18:32:53 - __main__ - INFO - feature priors: [17, 0, 175, 15, 34, 0, 52, 24, 29, 10]
2026-09-09 18:32:53 - __main__ - INFO - sample_host priors: [6, 0, 0, 16, 1, 4, 4, 0, 17, 12, 11, 657, 16, 11, 16, 8, 11, 9, 0, 0, 0, 0, 4, 0]
2026-09-09 18:32:53 - __main__ - INFO - material priors: [84, 505, 16, 15, 175, 0, 0, 15, 4, 7, 70, 38, 24, 0, 141, 11]
2026-09-09 18:33:14 - __main__ - INFO - community_type priors: [69, 944, 32, 64, 16]
2026-09-09 18:33:14 - __main__ - INFO - feature priors: [9, 34, 118, 46, 174, 2, 0, 24, 0, 10]
2026-09-09 18:33:14 - __main__ - INFO - sample_host priors: [0, 0, 32, 16, 12, 0, 0, 20, 6, 55, 34, 560, 0, 11, 16, 0, 0, 0, 0, 0, 0, 24, 0, 339]
2026-09-09 18:33:14 - __main__ - INFO - material priors: [0, 866, 16, 15, 118, 32, 138, 15, 4, 42, 10, 76, 24, 2, 142, 0]
2026-09-09 18:33:27 - __main__ - INFO - community_type priors: [35, 1174, 32, 90, 11]
2026-09-09 18:33:27 - __main__ - INFO - feature priors: [8, 34, 57, 31, 140, 2, 52, 0, 29, 0]
2026-09-09 18:33:27 - __main__ - INFO - sample_host priors: [6, 0, 32, 0, 11, 4, 4, 20, 23, 67, 45, 731, 16, 0, 0, 8, 11, 9, 0, 0, 0, 24, 4, 339]
2026-09-09 18:33:27 - __main__ - INFO - material priors: [84, 1037, 0, 0, 57, 32, 138, 0, 0, 35, 60, 96, 0, 2, 143, 11]
2026-09-09 18:33:43 - __main__ - INFO - community_type priors: [34, 584, 0, 146, 27]
2026-09-09 18:33:43 - __main__ - INFO - feature priors: [17, 0, 175, 15, 34, 0, 52, 24, 29, 10]
2026-09-09 18:33:43 - __main__ - INFO - sample_host priors: [6, 0, 0, 16, 1, 4, 4, 0, 17, 12, 11, 657, 16, 11, 16, 8, 11, 9, 0, 0, 0, 0, 4, 0]
2026-09-09 18:33:43 - __main__ - INFO - material priors: [84, 505, 16, 15, 175, 0, 0, 15, 4, 7, 70, 38, 24, 0, 141, 11]
2026-09-09 18:34:04 - __main__ - INFO - community_type priors: [69, 944, 32, 64, 16]
2026-09-09 18:34:04 - __main__ - INFO - feature priors: [9, 34, 118, 46, 174, 2, 0, 24, 0, 10]
2026-09-09 18:34:04 - __main__ - INFO - sample_host priors: [0, 0, 32, 16, 12, 0, 0, 20, 6, 55, 34, 560, 0, 11, 16, 0, 0, 0, 0, 0, 0, 24, 0, 339]
2026-09-09 18:34:04 - __main__ - INFO - material priors: [0, 866, 16, 15, 118, 32, 138, 15, 4, 42, 10, 76, 24, 2, 142, 0]
2026-09-09 18:34:17 - __main__ - INFO - community_type priors: [35, 1174, 32, 90, 11]
2026-09-09 18:34:17 - __main__ - INFO - feature priors: [8, 34, 57, 31, 140, 2, 52, 0, 29, 0]
2026-09-09 18:34:17 - __main__ - INFO - sample_host priors: [6, 0, 32, 0, 11, 4, 4, 20, 23, 67, 45, 731, 16, 0, 0, 8, 11, 9, 0, 0, 0, 24, 4, 339]
2026-09-09 18:34:17 - __main__ - INFO - material priors: [84, 1037, 0, 0, 57, 32, 138, 0, 0, 35, 60, 96, 0, 2, 143, 11]
2026-09-09 18:34:35 - __main__ - INFO - community_type priors: [34, 584, 0, 146, 27]
2026-09-09 18:34:35 - __main__ - INFO - feature priors: [17, 0, 175, 15, 34, 0, 52, 24, 29, 10]
2026-09-09 18:34:35 - __main__ - INFO - sample_host priors: [6, 0, 0, 16, 1, 4, 4, 0, 17, 12, 11, 657, 16, 11, 16, 8, 11, 9, 0, 0, 0, 0, 4, 0]
2026-09-09 18:34:35 - __main__ - INFO - material priors: [84, 505, 16, 15, 175, 0, 0, 15, 4, 7, 70, 38, 24, 0, 141, 11]
2026-09-09 18:34:51 - __main__ - INFO - community_type priors: [69, 944, 32, 64, 16]
2026-09-09 18:34:51 - __main__ - INFO - feature priors: [9, 34, 118, 46, 174, 2, 0, 24, 0, 10]
2026-09-09 18:34:51 - __main__ - INFO - sample_host priors: [0, 0, 32, 16, 12, 0, 0, 20, 6, 55, 34, 560, 0, 11, 16, 0, 0, 0, 0, 0, 0, 24, 0, 339]
2026-09-09 18:34:51 - __main__ - INFO - material priors: [0, 866, 16, 15, 118, 32, 138, 15, 4, 42, 10, 76, 24, 2, 142, 0]
2026-09-09 18:35:05 - __main__ - INFO - community_type priors: [35, 1174, 32, 90, 11]
2026-09-09 18:35:06 - __main__ - INFO - feature priors: [8, 34, 57, 31, 140, 2, 52, 0, 29, 0]
2026-09-09 18:35:06 - __main__ - INFO - sample_host priors: [6, 0, 32, 0, 11, 4, 4, 20, 23, 67, 45, 731, 16, 0, 0, 8, 11, 9, 0, 0, 0, 24, 4, 339]
2026-09-09 18:35:06 - __main__ - INFO - material priors: [84, 1037, 0, 0, 57, 32, 138, 0, 0, 35, 60, 96, 0, 2, 143, 11]
2026-09-09 18:35:25 - __main__ - INFO - community_type priors: [34, 584, 0, 146, 27]
2026-09-09 18:35:25 - __main__ - INFO - feature priors: [17, 0, 175, 15, 34, 0, 52, 24, 29, 10]
2026-09-09 18:35:25 - __main__ - INFO - sample_host priors: [6, 0, 0, 16, 1, 4, 4, 0, 17, 12, 11, 657, 16, 11, 16, 8, 11, 9, 0, 0, 0, 0, 4, 0]
2026-09-09 18:35:25 - __main__ - INFO - material priors: [84, 505, 16, 15, 175, 0, 0, 15, 4, 7, 70, 38, 24, 0, 141, 11]
2026-09-09 18:35:46 - __main__ - INFO - community_type priors: [69, 944, 32, 64, 16]
2026-09-09 18:35:46 - __main__ - INFO - feature priors: [9, 34, 118, 46, 174, 2, 0, 24, 0, 10]
2026-09-09 18:35:46 - __main__ - INFO - sample_host priors: [0, 0, 32, 16, 12, 0, 0, 20, 6, 55, 34, 560, 0, 11, 16, 0, 0, 0, 0, 0, 0, 24, 0, 339]
2026-09-09 18:35:46 - __main__ - INFO - material priors: [0, 866, 16, 15, 118, 32, 138, 15, 4, 42, 10, 76, 24, 2, 142, 0]
2026-09-09 18:36:00 - __main__ - INFO - community_type priors: [35, 1174, 32, 90, 11]
2026-09-09 18:36:00 - __main__ - INFO - feature priors: [8, 34, 57, 31, 140, 2, 52, 0, 29, 0]
2026-09-09 18:36:00 - __main__ - INFO - sample_host priors: [6, 0, 32, 0, 11, 4, 4, 20, 23, 67, 45, 731, 16, 0, 0, 8, 11, 9, 0, 0, 0, 24, 4, 339]
2026-09-09 18:36:00 - __main__ - INFO - material priors: [84, 1037, 0, 0, 57, 32, 138, 0, 0, 35, 60, 96, 0, 2, 143, 11]
2026-09-09 18:36:17 - __main__ - INFO - community_type priors: [34, 584, 0, 146, 27]
2026-09-09 18:36:17 - __main__ - INFO - feature priors: [17, 0, 175, 15, 34, 0, 52, 24, 29, 10]
2026-09-09 18:36:17 - __main__ - INFO - sample_host priors: [6, 0, 0, 16, 1, 4, 4, 0, 17, 12, 11, 657, 16, 11, 16, 8, 11, 9, 0, 0, 0, 0, 4, 0]
2026-09-09 18:36:17 - __main__ - INFO - material priors: [84, 505, 16, 15, 175, 0, 0, 15, 4, 7, 70, 38, 24, 0, 141, 11]
2026-09-09 18:36:38 - __main__ - INFO - community_type priors: [69, 944, 32, 64, 16]
2026-09-09 18:36:38 - __main__ - INFO - feature priors: [9, 34, 118, 46, 174, 2, 0, 24, 0, 10]
2026-09-09 18:36:38 - __main__ - INFO - sample_host priors: [0, 0, 32, 16, 12, 0, 0, 20, 6, 55, 34, 560, 0, 11, 16, 0, 0, 0, 0, 0, 0, 24, 0, 339]
2026-09-09 18:36:38 - __main__ - INFO - material priors: [0, 866, 16, 15, 118, 32, 138, 15, 4, 42, 10, 76, 24, 2, 142, 0]
2026-09-09 18:36:52 - __main__ - INFO - community_type priors: [35, 1174, 32, 90, 11]
2026-09-09 18:36:52 - __main__ - INFO - feature priors: [8, 34, 57, 31, 140, 2, 52, 0, 29, 0]
2026-09-09 18:36:52 - __main__ - INFO - sample_host priors: [6, 0, 32, 0, 11, 4, 4, 20, 23, 67, 45, 731, 16, 0, 0, 8, 11, 9, 0, 0, 0, 24, 4, 339]
2026-09-09 18:36:52 - __main__ - INFO - material priors: [84, 1037, 0, 0, 57, 32, 138, 0, 0, 35, 60, 96, 0, 2, 143, 11]
2026-09-09 18:37:13 - __main__ - INFO - community_type priors: [34, 584, 0, 146, 27]
2026-09-09 18:37:13 - __main__ - INFO - feature priors: [17, 0, 175, 15, 34, 0, 52, 24, 29, 10]
2026-09-09 18:37:13 - __main__ - INFO - sample_host priors: [6, 0, 0, 16, 1, 4, 4, 0, 17, 12, 11, 657, 16, 11, 16, 8, 11, 9, 0, 0, 0, 0, 4, 0]
2026-09-09 18:37:13 - __main__ - INFO - material priors: [84, 505, 16, 15, 175, 0, 0, 15, 4, 7, 70, 38, 24, 0, 141, 11]
2026-09-09 18:37:34 - __main__ - INFO - community_type priors: [69, 944, 32, 64, 16]
2026-09-09 18:37:34 - __main__ - INFO - feature priors: [9, 34, 118, 46, 174, 2, 0, 24, 0, 10]
2026-09-09 18:37:34 - __main__ - INFO - sample_host priors: [0, 0, 32, 16, 12, 0, 0, 20, 6, 55, 34, 560, 0, 11, 16, 0, 0, 0, 0, 0, 0, 24, 0, 339]
2026-09-09 18:37:34 - __main__ - INFO - material priors: [0, 866, 16, 15, 118, 32, 138, 15, 4, 42, 10, 76, 24, 2, 142, 0]
2026-09-09 18:37:49 - __main__ - INFO - community_type priors: [35, 1174, 32, 90, 11]
2026-09-09 18:37:49 - __main__ - INFO - feature priors: [8, 34, 57, 31, 140, 2, 52, 0, 29, 0]
2026-09-09 18:37:49 - __main__ - INFO - sample_host priors: [6, 0, 32, 0, 11, 4, 4, 20, 23, 67, 45, 731, 16, 0, 0, 8, 11, 9, 0, 0, 0, 24, 4, 339]
2026-09-09 18:37:49 - __main__ - INFO - material priors: [84, 1037, 0, 0, 57, 32, 138, 0, 0, 35, 60, 96, 0, 2, 143, 11]
2026-09-09 18:38:16 - __main__ - INFO - community_type priors: [34, 584, 0, 146, 27]
2026-09-09 18:38:16 - __main__ - INFO - feature priors: [17, 0, 175, 15, 34, 0, 52, 24, 29, 10]
2026-09-09 18:38:16 - __main__ - INFO - sample_host priors: [6, 0, 0, 16, 1, 4, 4, 0, 17, 12, 11, 657, 16, 11, 16, 8, 11, 9, 0, 0, 0, 0, 4, 0]
2026-09-09 18:38:16 - __main__ - INFO - material priors: [84, 505, 16, 15, 175, 0, 0, 15, 4, 7, 70, 38, 24, 0, 141, 11]
2026-09-09 18:38:26 - __main__ - INFO - community_type priors: [69, 944, 32, 64, 16]
2026-09-09 18:38:26 - __main__ - INFO - feature priors: [9, 34, 118, 46, 174, 2, 0, 24, 0, 10]
2026-09-09 18:38:26 - __main__ - INFO - sample_host priors: [0, 0, 32, 16, 12, 0, 0, 20, 6, 55, 34, 560, 0, 11, 16, 0, 0, 0, 0, 0, 0, 24, 0, 339]
2026-09-09 18:38:26 - __main__ - INFO - material priors: [0, 866, 16, 15, 118, 32, 138, 15, 4, 42, 10, 76, 24, 2, 142, 0]
2026-09-09 18:38:45 - __main__ - INFO - community_type priors: [35, 1174, 32, 90, 11]
2026-09-09 18:38:45 - __main__ - INFO - feature priors: [8, 34, 57, 31, 140, 2, 52, 0, 29, 0]
2026-09-09 18:38:45 - __main__ - INFO - sample_host priors: [6, 0, 32, 0, 11, 4, 4, 20, 23, 67, 45, 731, 16, 0, 0, 8, 11, 9, 0, 0, 0, 24, 4, 339]
2026-09-09 18:38:45 - __main__ - INFO - material priors: [84, 1037, 0, 0, 57, 32, 138, 0, 0, 35, 60, 96, 0, 2, 143, 11]
2026-09-09 18:39:25 - __main__ - INFO - community_type priors: [34, 584, 0, 146, 27]
2026-09-09 18:39:25 - __main__ - INFO - feature priors: [17, 0, 175, 15, 34, 0, 52, 24, 29, 10]
2026-09-09 18:39:25 - __main__ - INFO - sample_host priors: [6, 0, 0, 16, 1, 4, 4, 0, 17, 12, 11, 657, 16, 11, 16, 8, 11, 9, 0, 0, 0, 0, 4, 0]
2026-09-09 18:39:25 - __main__ - INFO - material priors: [84, 505, 16, 15, 175, 0, 0, 15, 4, 7, 70, 38, 24, 0, 141, 11]
2026-09-09 18:39:50 - __main__ - INFO - community_type priors: [69, 944, 32, 64, 16]
2026-09-09 18:39:50 - __main__ - INFO - feature priors: [9, 34, 118, 46, 174, 2, 0, 24, 0, 10]
2026-09-09 18:39:50 - __main__ - INFO - sample_host priors: [0, 0, 32, 16, 12, 0, 0, 20, 6, 55, 34, 560, 0, 11, 16, 0, 0, 0, 0, 0, 0, 24, 0, 339]
2026-09-09 18:39:50 - __main__ - INFO - material priors: [0, 866, 16, 15, 118, 32, 138, 15, 4, 42, 10, 76, 24, 2, 142, 0]
2026-09-09 18:40:05 - __main__ - INFO - community_type priors: [35, 1174, 32, 90, 11]
2026-09-09 18:40:05 - __main__ - INFO - feature priors: [8, 34, 57, 31, 140, 2, 52, 0, 29, 0]
2026-09-09 18:40:05 - __main__ - INFO - sample_host priors: [6, 0, 32, 0, 11, 4, 4, 20, 23, 67, 45, 731, 16, 0, 0, 8, 11, 9, 0, 0, 0, 24, 4, 339]
2026-09-09 18:40:05 - __main__ - INFO - material priors: [84, 1037, 0, 0, 57, 32, 138, 0, 0, 35, 60, 96, 0, 2, 143, 11]
2026-09-09 18:40:31 - __main__ - INFO - community_type priors: [34, 584, 0, 146, 27]
2026-09-09 18:40:31 - __main__ - INFO - feature priors: [17, 0, 175, 15, 34, 0, 52, 24, 29, 10]
2026-09-09 18:40:31 - __main__ - INFO - sample_host priors: [6, 0, 0, 16, 1, 4, 4, 0, 17, 12, 11, 657, 16, 11, 16, 8, 11, 9, 0, 0, 0, 0, 4, 0]
2026-09-09 18:40:31 - __main__ - INFO - material priors: [84, 505, 16, 15, 175, 0, 0, 15, 4, 7, 70, 38, 24, 0, 141, 11]
2026-09-09 18:40:50 - __main__ - INFO - community_type priors: [69, 944, 32, 64, 16]
2026-09-09 18:40:50 - __main__ - INFO - feature priors: [9, 34, 118, 46, 174, 2, 0, 24, 0, 10]
2026-09-09 18:40:50 - __main__ - INFO - sample_host priors: [0, 0, 32, 16, 12, 0, 0, 20, 6, 55, 34, 560, 0, 11, 16, 0, 0, 0, 0, 0, 0, 24, 0, 339]
2026-09-09 18:40:50 - __main__ - INFO - material priors: [0, 866, 16, 15, 118, 32, 138, 15, 4, 42, 10, 76, 24, 2, 142, 0]
2026-09-09 18:41:14 - __main__ - INFO - community_type priors: [35, 1174, 32, 90, 11]
2026-09-09 18:41:14 - __main__ - INFO - feature priors: [8, 34, 57, 31, 140, 2, 52, 0, 29, 0]
2026-09-09 18:41:14 - __main__ - INFO - sample_host priors: [6, 0, 32, 0, 11, 4, 4, 20, 23, 67, 45, 731, 16, 0, 0, 8, 11, 9, 0, 0, 0, 24, 4, 339]
2026-09-09 18:41:14 - __main__ - INFO - material priors: [84, 1037, 0, 0, 57, 32, 138, 0, 0, 35, 60, 96, 0, 2, 143, 11]
2026-09-09 18:41:30 - __main__ - INFO - community_type priors: [34, 584, 0, 146, 27]
2026-09-09 18:41:30 - __main__ - INFO - feature priors: [17, 0, 175, 15, 34, 0, 52, 24, 29, 10]
2026-09-09 18:41:30 - __main__ - INFO - sample_host priors: [6, 0, 0, 16, 1, 4, 4, 0, 17, 12, 11, 657, 16, 11, 16, 8, 11, 9, 0, 0, 0, 0, 4, 0]
2026-09-09 18:41:30 - __main__ - INFO - material priors: [84, 505, 16, 15, 175, 0, 0, 15, 4, 7, 70, 38, 24, 0, 141, 11]
2026-09-09 18:41:45 - __main__ - INFO - community_type priors: [69, 944, 32, 64, 16]
2026-09-09 18:41:45 - __main__ - INFO - feature priors: [9, 34, 118, 46, 174, 2, 0, 24, 0, 10]
2026-09-09 18:41:45 - __main__ - INFO - sample_host priors: [0, 0, 32, 16, 12, 0, 0, 20, 6, 55, 34, 560, 0, 11, 16, 0, 0, 0, 0, 0, 0, 24, 0, 339]
2026-09-09 18:41:45 - __main__ - INFO - material priors: [0, 866, 16, 15, 118, 32, 138, 15, 4, 42, 10, 76, 24, 2, 142, 0]
2026-09-09 18:42:02 - __main__ - INFO - community_type priors: [35, 1174, 32, 90, 11]
2026-09-09 18:42:02 - __main__ - INFO - feature priors: [8, 34, 57, 31, 140, 2, 52, 0, 29, 0]
2026-09-09 18:42:02 - __main__ - INFO - sample_host priors: [6, 0, 32, 0, 11, 4, 4, 20, 23, 67, 45, 731, 16, 0, 0, 8, 11, 9, 0, 0, 0, 24, 4, 339]
2026-09-09 18:42:02 - __main__ - INFO - material priors: [84, 1037, 0, 0, 57, 32, 138, 0, 0, 35, 60, 96, 0, 2, 143, 11]
2026-09-09 18:42:33 - __main__ - INFO - community_type priors: [34, 584, 0, 146, 27]
2026-09-09 18:42:33 - __main__ - INFO - feature priors: [17, 0, 175, 15, 34, 0, 52, 24, 29, 10]
2026-09-09 18:42:33 - __main__ - INFO - sample_host priors: [6, 0, 0, 16, 1, 4, 4, 0, 17, 12, 11, 657, 16, 11, 16, 8, 11, 9, 0, 0, 0, 0, 4, 0]
2026-09-09 18:42:33 - __main__ - INFO - material priors: [84, 505, 16, 15, 175, 0, 0, 15, 4, 7, 70, 38, 24, 0, 141, 11]
2026-09-09 18:42:55 - __main__ - INFO - community_type priors: [69, 944, 32, 64, 16]
2026-09-09 18:42:55 - __main__ - INFO - feature priors: [9, 34, 118, 46, 174, 2, 0, 24, 0, 10]
2026-09-09 18:42:55 - __main__ - INFO - sample_host priors: [0, 0, 32, 16, 12, 0, 0, 20, 6, 55, 34, 560, 0, 11, 16, 0, 0, 0, 0, 0, 0, 24, 0, 339]
2026-09-09 18:42:55 - __main__ - INFO - material priors: [0, 866, 16, 15, 118, 32, 138, 15, 4, 42, 10, 76, 24, 2, 142, 0]
2026-09-09 18:43:09 - __main__ - INFO - community_type priors: [35, 1174, 32, 90, 11]
2026-09-09 18:43:09 - __main__ - INFO - feature priors: [8, 34, 57, 31, 140, 2, 52, 0, 29, 0]
2026-09-09 18:43:09 - __main__ - INFO - sample_host priors: [6, 0, 32, 0, 11, 4, 4, 20, 23, 67, 45, 731, 16, 0, 0, 8, 11, 9, 0, 0, 0, 24, 4, 339]
2026-09-09 18:43:09 - __main__ - INFO - material priors: [84, 1037, 0, 0, 57, 32, 138, 0, 0, 35, 60, 96, 0, 2, 143, 11]
2026-09-09 18:43:34 - __main__ - INFO - community_type priors: [34, 584, 0, 146, 27]
2026-09-09 18:43:34 - __main__ - INFO - feature priors: [17, 0, 175, 15, 34, 0, 52, 24, 29, 10]
2026-09-09 18:43:34 - __main__ - INFO - sample_host priors: [6, 0, 0, 16, 1, 4, 4, 0, 17, 12, 11, 657, 16, 11, 16, 8, 11, 9, 0, 0, 0, 0, 4, 0]
2026-09-09 18:43:34 - __main__ - INFO - material priors: [84, 505, 16, 15, 175, 0, 0, 15, 4, 7, 70, 38, 24, 0, 141, 11]
2026-09-09 18:43:53 - __main__ - INFO - community_type priors: [69, 944, 32, 64, 16]
2026-09-09 18:43:53 - __main__ - INFO - feature priors: [9, 34, 118, 46, 174, 2, 0, 24, 0, 10]
2026-09-09 18:43:53 - __main__ - INFO - sample_host priors: [0, 0, 32, 16, 12, 0, 0, 20, 6, 55, 34, 560, 0, 11, 16, 0, 0, 0, 0, 0, 0, 24, 0, 339]
2026-09-09 18:43:53 - __main__ - INFO - material priors: [0, 866, 16, 15, 118, 32, 138, 15, 4, 42, 10, 76, 24, 2, 142, 0]
2026-09-09 18:44:07 - __main__ - INFO - community_type priors: [35, 1174, 32, 90, 11]
2026-09-09 18:44:07 - __main__ - INFO - feature priors: [8, 34, 57, 31, 140, 2, 52, 0, 29, 0]
2026-09-09 18:44:07 - __main__ - INFO - sample_host priors: [6, 0, 32, 0, 11, 4, 4, 20, 23, 67, 45, 731, 16, 0, 0, 8, 11, 9, 0, 0, 0, 24, 4, 339]
2026-09-09 18:44:07 - __main__ - INFO - material priors: [84, 1037, 0, 0, 57, 32, 138, 0, 0, 35, 60, 96, 0, 2, 143, 11]
2026-09-09 18:44:24 - __main__ - INFO - community_type priors: [34, 584, 0, 146, 27]
2026-09-09 18:44:24 - __main__ - INFO - feature priors: [17, 0, 175, 15, 34, 0, 52, 24, 29, 10]
2026-09-09 18:44:24 - __main__ - INFO - sample_host priors: [6, 0, 0, 16, 1, 4, 4, 0, 17, 12, 11, 657, 16, 11, 16, 8, 11, 9, 0, 0, 0, 0, 4, 0]
2026-09-09 18:44:24 - __main__ - INFO - material priors: [84, 505, 16, 15, 175, 0, 0, 15, 4, 7, 70, 38, 24, 0, 141, 11]
2026-09-09 18:44:44 - __main__ - INFO - community_type priors: [69, 944, 32, 64, 16]
2026-09-09 18:44:44 - __main__ - INFO - feature priors: [9, 34, 118, 46, 174, 2, 0, 24, 0, 10]
2026-09-09 18:44:44 - __main__ - INFO - sample_host priors: [0, 0, 32, 16, 12, 0, 0, 20, 6, 55, 34, 560, 0, 11, 16, 0, 0, 0, 0, 0, 0, 24, 0, 339]
2026-09-09 18:44:44 - __main__ - INFO - material priors: [0, 866, 16, 15, 118, 32, 138, 15, 4, 42, 10, 76, 24, 2, 142, 0]
2026-09-09 18:44:57 - __main__ - INFO - community_type priors: [35, 1174, 32, 90, 11]
2026-09-09 18:44:57 - __main__ - INFO - feature priors: [8, 34, 57, 31, 140, 2, 52, 0, 29, 0]
2026-09-09 18:44:57 - __main__ - INFO - sample_host priors: [6, 0, 32, 0, 11, 4, 4, 20, 23, 67, 45, 731, 16, 0, 0, 8, 11, 9, 0, 0, 0, 24, 4, 339]
2026-09-09 18:44:57 - __main__ - INFO - material priors: [84, 1037, 0, 0, 57, 32, 138, 0, 0, 35, 60, 96, 0, 2, 143, 11]
2026-09-09 18:45:20 - __main__ - INFO - community_type priors: [34, 584, 0, 146, 27]
2026-09-09 18:45:20 - __main__ - INFO - feature priors: [17, 0, 175, 15, 34, 0, 52, 24, 29, 10]
2026-09-09 18:45:20 - __main__ - INFO - sample_host priors: [6, 0, 0, 16, 1, 4, 4, 0, 17, 12, 11, 657, 16, 11, 16, 8, 11, 9, 0, 0, 0, 0, 4, 0]
2026-09-09 18:45:20 - __main__ - INFO - material priors: [84, 505, 16, 15, 175, 0, 0, 15, 4, 7, 70, 38, 24, 0, 141, 11]
2026-09-09 18:45:40 - __main__ - INFO - community_type priors: [69, 944, 32, 64, 16]
2026-09-09 18:45:40 - __main__ - INFO - feature priors: [9, 34, 118, 46, 174, 2, 0, 24, 0, 10]
2026-09-09 18:45:40 - __main__ - INFO - sample_host priors: [0, 0, 32, 16, 12, 0, 0, 20, 6, 55, 34, 560, 0, 11, 16, 0, 0, 0, 0, 0, 0, 24, 0, 339]
2026-09-09 18:45:40 - __main__ - INFO - material priors: [0, 866, 16, 15, 118, 32, 138, 15, 4, 42, 10, 76, 24, 2, 142, 0]
2026-09-09 18:45:53 - __main__ - INFO - community_type priors: [35, 1174, 32, 90, 11]
2026-09-09 18:45:53 - __main__ - INFO - feature priors: [8, 34, 57, 31, 140, 2, 52, 0, 29, 0]
2026-09-09 18:45:53 - __main__ - INFO - sample_host priors: [6, 0, 32, 0, 11, 4, 4, 20, 23, 67, 45, 731, 16, 0, 0, 8, 11, 9, 0, 0, 0, 24, 4, 339]
2026-09-09 18:45:53 - __main__ - INFO - material priors: [84, 1037, 0, 0, 57, 32, 138, 0, 0, 35, 60, 96, 0, 2, 143, 11]
2026-09-09 18:46:11 - __main__ - INFO - community_type priors: [34, 584, 0, 146, 27]
2026-09-09 18:46:11 - __main__ - INFO - feature priors: [17, 0, 175, 15, 34, 0, 52, 24, 29, 10]
2026-09-09 18:46:11 - __main__ - INFO - sample_host priors: [6, 0, 0, 16, 1, 4, 4, 0, 17, 12, 11, 657, 16, 11, 16, 8, 11, 9, 0, 0, 0, 0, 4, 0]
2026-09-09 18:46:11 - __main__ - INFO - material priors: [84, 505, 16, 15, 175, 0, 0, 15, 4, 7, 70, 38, 24, 0, 141, 11]
2026-09-09 18:46:32 - __main__ - INFO - community_type priors: [69, 944, 32, 64, 16]
2026-09-09 18:46:32 - __main__ - INFO - feature priors: [9, 34, 118, 46, 174, 2, 0, 24, 0, 10]
2026-09-09 18:46:32 - __main__ - INFO - sample_host priors: [0, 0, 32, 16, 12, 0, 0, 20, 6, 55, 34, 560, 0, 11, 16, 0, 0, 0, 0, 0, 0, 24, 0, 339]
2026-09-09 18:46:32 - __main__ - INFO - material priors: [0, 866, 16, 15, 118, 32, 138, 15, 4, 42, 10, 76, 24, 2, 142, 0]
2026-09-09 18:46:57 - __main__ - INFO - community_type priors: [35, 1174, 32, 90, 11]
2026-09-09 18:46:57 - __main__ - INFO - feature priors: [8, 34, 57, 31, 140, 2, 52, 0, 29, 0]
2026-09-09 18:46:57 - __main__ - INFO - sample_host priors: [6, 0, 32, 0, 11, 4, 4, 20, 23, 67, 45, 731, 16, 0, 0, 8, 11, 9, 0, 0, 0, 24, 4, 339]
2026-09-09 18:46:57 - __main__ - INFO - material priors: [84, 1037, 0, 0, 57, 32, 138, 0, 0, 35, 60, 96, 0, 2, 143, 11]
2026-09-09 18:47:17 - __main__ - INFO - community_type priors: [34, 584, 0, 146, 27]
2026-09-09 18:47:17 - __main__ - INFO - feature priors: [17, 0, 175, 15, 34, 0, 52, 24, 29, 10]
2026-09-09 18:47:17 - __main__ - INFO - sample_host priors: [6, 0, 0, 16, 1, 4, 4, 0, 17, 12, 11, 657, 16, 11, 16, 8, 11, 9, 0, 0, 0, 0, 4, 0]
2026-09-09 18:47:17 - __main__ - INFO - material priors: [84, 505, 16, 15, 175, 0, 0, 15, 4, 7, 70, 38, 24, 0, 141, 11]
2026-09-09 18:47:29 - __main__ - INFO - community_type priors: [69, 944, 32, 64, 16]
2026-09-09 18:47:29 - __main__ - INFO - feature priors: [9, 34, 118, 46, 174, 2, 0, 24, 0, 10]
2026-09-09 18:47:29 - __main__ - INFO - sample_host priors: [0, 0, 32, 16, 12, 0, 0, 20, 6, 55, 34, 560, 0, 11, 16, 0, 0, 0, 0, 0, 0, 24, 0, 339]
2026-09-09 18:47:29 - __main__ - INFO - material priors: [0, 866, 16, 15, 118, 32, 138, 15, 4, 42, 10, 76, 24, 2, 142, 0]
2026-09-09 18:47:43 - __main__ - INFO - community_type priors: [35, 1174, 32, 90, 11]
2026-09-09 18:47:43 - __main__ - INFO - feature priors: [8, 34, 57, 31, 140, 2, 52, 0, 29, 0]
2026-09-09 18:47:43 - __main__ - INFO - sample_host priors: [6, 0, 32, 0, 11, 4, 4, 20, 23, 67, 45, 731, 16, 0, 0, 8, 11, 9, 0, 0, 0, 24, 4, 339]
2026-09-09 18:47:43 - __main__ - INFO - material priors: [84, 1037, 0, 0, 57, 32, 138, 0, 0, 35, 60, 96, 0, 2, 143, 11]
2026-09-09 18:48:04 - __main__ - INFO - community_type priors: [34, 584, 0, 146, 27]
2026-09-09 18:48:04 - __main__ - INFO - feature priors: [17, 0, 175, 15, 34, 0, 52, 24, 29, 10]
2026-09-09 18:48:04 - __main__ - INFO - sample_host priors: [6, 0, 0, 16, 1, 4, 4, 0, 17, 12, 11, 657, 16, 11, 16, 8, 11, 9, 0, 0, 0, 0, 4, 0]
2026-09-09 18:48:04 - __main__ - INFO - material priors: [84, 505, 16, 15, 175, 0, 0, 15, 4, 7, 70, 38, 24, 0, 141, 11]
2026-09-09 18:48:23 - __main__ - INFO - community_type priors: [69, 944, 32, 64, 16]
2026-09-09 18:48:23 - __main__ - INFO - feature priors: [9, 34, 118, 46, 174, 2, 0, 24, 0, 10]
2026-09-09 18:48:23 - __main__ - INFO - sample_host priors: [0, 0, 32, 16, 12, 0, 0, 20, 6, 55, 34, 560, 0, 11, 16, 0, 0, 0, 0, 0, 0, 24, 0, 339]
2026-09-09 18:48:23 - __main__ - INFO - material priors: [0, 866, 16, 15, 118, 32, 138, 15, 4, 42, 10, 76, 24, 2, 142, 0]
2026-09-09 18:48:39 - __main__ - INFO - community_type priors: [35, 1174, 32, 90, 11]
2026-09-09 18:48:39 - __main__ - INFO - feature priors: [8, 34, 57, 31, 140, 2, 52, 0, 29, 0]
2026-09-09 18:48:39 - __main__ - INFO - sample_host priors: [6, 0, 32, 0, 11, 4, 4, 20, 23, 67, 45, 731, 16, 0, 0, 8, 11, 9, 0, 0, 0, 24, 4, 339]
2026-09-09 18:48:39 - __main__ - INFO - material priors: [84, 1037, 0, 0, 57, 32, 138, 0, 0, 35, 60, 96, 0, 2, 143, 11]
2026-09-09 18:49:10 - __main__ - INFO - community_type priors: [34, 584, 0, 146, 27]
2026-09-09 18:49:10 - __main__ - INFO - feature priors: [17, 0, 175, 15, 34, 0, 52, 24, 29, 10]
2026-09-09 18:49:10 - __main__ - INFO - sample_host priors: [6, 0, 0, 16, 1, 4, 4, 0, 17, 12, 11, 657, 16, 11, 16, 8, 11, 9, 0, 0, 0, 0, 4, 0]
2026-09-09 18:49:10 - __main__ - INFO - material priors: [84, 505, 16, 15, 175, 0, 0, 15, 4, 7, 70, 38, 24, 0, 141, 11]
2026-09-09 18:49:27 - __main__ - INFO - community_type priors: [69, 944, 32, 64, 16]
2026-09-09 18:49:27 - __main__ - INFO - feature priors: [9, 34, 118, 46, 174, 2, 0, 24, 0, 10]
2026-09-09 18:49:27 - __main__ - INFO - sample_host priors: [0, 0, 32, 16, 12, 0, 0, 20, 6, 55, 34, 560, 0, 11, 16, 0, 0, 0, 0, 0, 0, 24, 0, 339]
2026-09-09 18:49:27 - __main__ - INFO - material priors: [0, 866, 16, 15, 118, 32, 138, 15, 4, 42, 10, 76, 24, 2, 142, 0]
2026-09-09 18:49:47 - __main__ - INFO - community_type priors: [35, 1174, 32, 90, 11]
2026-09-09 18:49:47 - __main__ - INFO - feature priors: [8, 34, 57, 31, 140, 2, 52, 0, 29, 0]
2026-09-09 18:49:47 - __main__ - INFO - sample_host priors: [6, 0, 32, 0, 11, 4, 4, 20, 23, 67, 45, 731, 16, 0, 0, 8, 11, 9, 0, 0, 0, 24, 4, 339]
2026-09-09 18:49:47 - __main__ - INFO - material priors: [84, 1037, 0, 0, 57, 32, 138, 0, 0, 35, 60, 96, 0, 2, 143, 11]
2026-09-09 18:50:27 - __main__ - INFO - community_type priors: [34, 584, 0, 146, 27]
2026-09-09 18:50:27 - __main__ - INFO - feature priors: [17, 0, 175, 15, 34, 0, 52, 24, 29, 10]
2026-09-09 18:50:27 - __main__ - INFO - sample_host priors: [6, 0, 0, 16, 1, 4, 4, 0, 17, 12, 11, 657, 16, 11, 16, 8, 11, 9, 0, 0, 0, 0, 4, 0]
2026-09-09 18:50:27 - __main__ - INFO - material priors: [84, 505, 16, 15, 175, 0, 0, 15, 4, 7, 70, 38, 24, 0, 141, 11]
2026-09-09 18:50:57 - __main__ - INFO - community_type priors: [69, 944, 32, 64, 16]
2026-09-09 18:50:57 - __main__ - INFO - feature priors: [9, 34, 118, 46, 174, 2, 0, 24, 0, 10]
2026-09-09 18:50:57 - __main__ - INFO - sample_host priors: [0, 0, 32, 16, 12, 0, 0, 20, 6, 55, 34, 560, 0, 11, 16, 0, 0, 0, 0, 0, 0, 24, 0, 339]
2026-09-09 18:50:57 - __main__ - INFO - material priors: [0, 866, 16, 15, 118, 32, 138, 15, 4, 42, 10, 76, 24, 2, 142, 0]
2026-09-09 18:51:18 - __main__ - INFO - community_type priors: [35, 1174, 32, 90, 11]
2026-09-09 18:51:18 - __main__ - INFO - feature priors: [8, 34, 57, 31, 140, 2, 52, 0, 29, 0]
2026-09-09 18:51:18 - __main__ - INFO - sample_host priors: [6, 0, 32, 0, 11, 4, 4, 20, 23, 67, 45, 731, 16, 0, 0, 8, 11, 9, 0, 0, 0, 24, 4, 339]
2026-09-09 18:51:18 - __main__ - INFO - material priors: [84, 1037, 0, 0, 57, 32, 138, 0, 0, 35, 60, 96, 0, 2, 143, 11]
2026-09-09 18:51:53 - __main__ - INFO - community_type priors: [34, 584, 0, 146, 27]
2026-09-09 18:51:53 - __main__ - INFO - feature priors: [17, 0, 175, 15, 34, 0, 52, 24, 29, 10]
2026-09-09 18:51:53 - __main__ - INFO - sample_host priors: [6, 0, 0, 16, 1, 4, 4, 0, 17, 12, 11, 657, 16, 11, 16, 8, 11, 9, 0, 0, 0, 0, 4, 0]
2026-09-09 18:51:53 - __main__ - INFO - material priors: [84, 505, 16, 15, 175, 0, 0, 15, 4, 7, 70, 38, 24, 0, 141, 11]
2026-09-09 18:52:23 - __main__ - INFO - community_type priors: [69, 944, 32, 64, 16]
2026-09-09 18:52:23 - __main__ - INFO - feature priors: [9, 34, 118, 46, 174, 2, 0, 24, 0, 10]
2026-09-09 18:52:23 - __main__ - INFO - sample_host priors: [0, 0, 32, 16, 12, 0, 0, 20, 6, 55, 34, 560, 0, 11, 16, 0, 0, 0, 0, 0, 0, 24, 0, 339]
2026-09-09 18:52:23 - __main__ - INFO - material priors: [0, 866, 16, 15, 118, 32, 138, 15, 4, 42, 10, 76, 24, 2, 142, 0]
2026-09-09 18:52:43 - __main__ - INFO - community_type priors: [35, 1174, 32, 90, 11]
2026-09-09 18:52:43 - __main__ - INFO - feature priors: [8, 34, 57, 31, 140, 2, 52, 0, 29, 0]
2026-09-09 18:52:43 - __main__ - INFO - sample_host priors: [6, 0, 32, 0, 11, 4, 4, 20, 23, 67, 45, 731, 16, 0, 0, 8, 11, 9, 0, 0, 0, 24, 4, 339]
2026-09-09 18:52:43 - __main__ - INFO - material priors: [84, 1037, 0, 0, 57, 32, 138, 0, 0, 35, 60, 96, 0, 2, 143, 11]
2026-09-09 18:53:07 - __main__ - INFO - community_type priors: [34, 584, 0, 146, 27]
2026-09-09 18:53:07 - __main__ - INFO - feature priors: [17, 0, 175, 15, 34, 0, 52, 24, 29, 10]
2026-09-09 18:53:07 - __main__ - INFO - sample_host priors: [6, 0, 0, 16, 1, 4, 4, 0, 17, 12, 11, 657, 16, 11, 16, 8, 11, 9, 0, 0, 0, 0, 4, 0]
2026-09-09 18:53:07 - __main__ - INFO - material priors: [84, 505, 16, 15, 175, 0, 0, 15, 4, 7, 70, 38, 24, 0, 141, 11]
2026-09-09 18:53:34 - __main__ - INFO - community_type priors: [69, 944, 32, 64, 16]
2026-09-09 18:53:34 - __main__ - INFO - feature priors: [9, 34, 118, 46, 174, 2, 0, 24, 0, 10]
2026-09-09 18:53:34 - __main__ - INFO - sample_host priors: [0, 0, 32, 16, 12, 0, 0, 20, 6, 55, 34, 560, 0, 11, 16, 0, 0, 0, 0, 0, 0, 24, 0, 339]
2026-09-09 18:53:34 - __main__ - INFO - material priors: [0, 866, 16, 15, 118, 32, 138, 15, 4, 42, 10, 76, 24, 2, 142, 0]
2026-09-09 18:53:54 - __main__ - INFO - community_type priors: [35, 1174, 32, 90, 11]
2026-09-09 18:53:54 - __main__ - INFO - feature priors: [8, 34, 57, 31, 140, 2, 52, 0, 29, 0]
2026-09-09 18:53:54 - __main__ - INFO - sample_host priors: [6, 0, 32, 0, 11, 4, 4, 20, 23, 67, 45, 731, 16, 0, 0, 8, 11, 9, 0, 0, 0, 24, 4, 339]
2026-09-09 18:53:54 - __main__ - INFO - material priors: [84, 1037, 0, 0, 57, 32, 138, 0, 0, 35, 60, 96, 0, 2, 143, 11]
2026-09-09 18:54:25 - __main__ - INFO - community_type priors: [34, 584, 0, 146, 27]
2026-09-09 18:54:25 - __main__ - INFO - feature priors: [17, 0, 175, 15, 34, 0, 52, 24, 29, 10]
2026-09-09 18:54:25 - __main__ - INFO - sample_host priors: [6, 0, 0, 16, 1, 4, 4, 0, 17, 12, 11, 657, 16, 11, 16, 8, 11, 9, 0, 0, 0, 0, 4, 0]
2026-09-09 18:54:25 - __main__ - INFO - material priors: [84, 505, 16, 15, 175, 0, 0, 15, 4, 7, 70, 38, 24, 0, 141, 11]
2026-09-09 18:54:54 - __main__ - INFO - community_type priors: [69, 944, 32, 64, 16]
2026-09-09 18:54:54 - __main__ - INFO - feature priors: [9, 34, 118, 46, 174, 2, 0, 24, 0, 10]
2026-09-09 18:54:54 - __main__ - INFO - sample_host priors: [0, 0, 32, 16, 12, 0, 0, 20, 6, 55, 34, 560, 0, 11, 16, 0, 0, 0, 0, 0, 0, 24, 0, 339]
2026-09-09 18:54:54 - __main__ - INFO - material priors: [0, 866, 16, 15, 118, 32, 138, 15, 4, 42, 10, 76, 24, 2, 142, 0]
2026-09-09 18:55:14 - __main__ - INFO - community_type priors: [35, 1174, 32, 90, 11]
2026-09-09 18:55:14 - __main__ - INFO - feature priors: [8, 34, 57, 31, 140, 2, 52, 0, 29, 0]
2026-09-09 18:55:14 - __main__ - INFO - sample_host priors: [6, 0, 32, 0, 11, 4, 4, 20, 23, 67, 45, 731, 16, 0, 0, 8, 11, 9, 0, 0, 0, 24, 4, 339]
2026-09-09 18:55:14 - __main__ - INFO - material priors: [84, 1037, 0, 0, 57, 32, 138, 0, 0, 35, 60, 96, 0, 2, 143, 11]
2026-09-09 18:55:51 - __main__ - INFO - community_type priors: [34, 584, 0, 146, 27]
2026-09-09 18:55:51 - __main__ - INFO - feature priors: [17, 0, 175, 15, 34, 0, 52, 24, 29, 10]
2026-09-09 18:55:51 - __main__ - INFO - sample_host priors: [6, 0, 0, 16, 1, 4, 4, 0, 17, 12, 11, 657, 16, 11, 16, 8, 11, 9, 0, 0, 0, 0, 4, 0]
2026-09-09 18:55:51 - __main__ - INFO - material priors: [84, 505, 16, 15, 175, 0, 0, 15, 4, 7, 70, 38, 24, 0, 141, 11]
2026-09-09 18:56:21 - __main__ - INFO - community_type priors: [69, 944, 32, 64, 16]
2026-09-09 18:56:21 - __main__ - INFO - feature priors: [9, 34, 118, 46, 174, 2, 0, 24, 0, 10]
2026-09-09 18:56:21 - __main__ - INFO - sample_host priors: [0, 0, 32, 16, 12, 0, 0, 20, 6, 55, 34, 560, 0, 11, 16, 0, 0, 0, 0, 0, 0, 24, 0, 339]
2026-09-09 18:56:21 - __main__ - INFO - material priors: [0, 866, 16, 15, 118, 32, 138, 15, 4, 42, 10, 76, 24, 2, 142, 0]
2026-09-09 18:56:40 - __main__ - INFO - community_type priors: [35, 1174, 32, 90, 11]
2026-09-09 18:56:40 - __main__ - INFO - feature priors: [8, 34, 57, 31, 140, 2, 52, 0, 29, 0]
2026-09-09 18:56:40 - __main__ - INFO - sample_host priors: [6, 0, 32, 0, 11, 4, 4, 20, 23, 67, 45, 731, 16, 0, 0, 8, 11, 9, 0, 0, 0, 24, 4, 339]
2026-09-09 18:56:40 - __main__ - INFO - material priors: [84, 1037, 0, 0, 57, 32, 138, 0, 0, 35, 60, 96, 0, 2, 143, 11]
2026-09-09 18:57:09 - __main__ - INFO - community_type priors: [34, 584, 0, 146, 27]
2026-09-09 18:57:09 - __main__ - INFO - feature priors: [17, 0, 175, 15, 34, 0, 52, 24, 29, 10]
2026-09-09 18:57:09 - __main__ - INFO - sample_host priors: [6, 0, 0, 16, 1, 4, 4, 0, 17, 12, 11, 657, 16, 11, 16, 8, 11, 9, 0, 0, 0, 0, 4, 0]
2026-09-09 18:57:09 - __main__ - INFO - material priors: [84, 505, 16, 15, 175, 0, 0, 15, 4, 7, 70, 38, 24, 0, 141, 11]
2026-09-09 18:57:39 - __main__ - INFO - community_type priors: [69, 944, 32, 64, 16]
2026-09-09 18:57:39 - __main__ - INFO - feature priors: [9, 34, 118, 46, 174, 2, 0, 24, 0, 10]
2026-09-09 18:57:39 - __main__ - INFO - sample_host priors: [0, 0, 32, 16, 12, 0, 0, 20, 6, 55, 34, 560, 0, 11, 16, 0, 0, 0, 0, 0, 0, 24, 0, 339]
2026-09-09 18:57:39 - __main__ - INFO - material priors: [0, 866, 16, 15, 118, 32, 138, 15, 4, 42, 10, 76, 24, 2, 142, 0]
2026-09-09 18:57:59 - __main__ - INFO - community_type priors: [35, 1174, 32, 90, 11]
2026-09-09 18:57:59 - __main__ - INFO - feature priors: [8, 34, 57, 31, 140, 2, 52, 0, 29, 0]
2026-09-09 18:57:59 - __main__ - INFO - sample_host priors: [6, 0, 32, 0, 11, 4, 4, 20, 23, 67, 45, 731, 16, 0, 0, 8, 11, 9, 0, 0, 0, 24, 4, 339]
2026-09-09 18:57:59 - __main__ - INFO - material priors: [84, 1037, 0, 0, 57, 32, 138, 0, 0, 35, 60, 96, 0, 2, 143, 11]
2026-09-09 18:58:29 - __main__ - INFO - community_type priors: [34, 584, 0, 146, 27]
2026-09-09 18:58:29 - __main__ - INFO - feature priors: [17, 0, 175, 15, 34, 0, 52, 24, 29, 10]
2026-09-09 18:58:29 - __main__ - INFO - sample_host priors: [6, 0, 0, 16, 1, 4, 4, 0, 17, 12, 11, 657, 16, 11, 16, 8, 11, 9, 0, 0, 0, 0, 4, 0]
2026-09-09 18:58:29 - __main__ - INFO - material priors: [84, 505, 16, 15, 175, 0, 0, 15, 4, 7, 70, 38, 24, 0, 141, 11]
2026-09-09 18:58:59 - __main__ - INFO - community_type priors: [69, 944, 32, 64, 16]
2026-09-09 18:58:59 - __main__ - INFO - feature priors: [9, 34, 118, 46, 174, 2, 0, 24, 0, 10]
2026-09-09 18:58:59 - __main__ - INFO - sample_host priors: [0, 0, 32, 16, 12, 0, 0, 20, 6, 55, 34, 560, 0, 11, 16, 0, 0, 0, 0, 0, 0, 24, 0, 339]
2026-09-09 18:58:59 - __main__ - INFO - material priors: [0, 866, 16, 15, 118, 32, 138, 15, 4, 42, 10, 76, 24, 2, 142, 0]
2026-09-09 18:59:18 - __main__ - INFO - community_type priors: [35, 1174, 32, 90, 11]
2026-09-09 18:59:18 - __main__ - INFO - feature priors: [8, 34, 57, 31, 140, 2, 52, 0, 29, 0]
2026-09-09 18:59:18 - __main__ - INFO - sample_host priors: [6, 0, 32, 0, 11, 4, 4, 20, 23, 67, 45, 731, 16, 0, 0, 8, 11, 9, 0, 0, 0, 24, 4, 339]
2026-09-09 18:59:18 - __main__ - INFO - material priors: [84, 1037, 0, 0, 57, 32, 138, 0, 0, 35, 60, 96, 0, 2, 143, 11]
2026-09-09 18:59:46 - __main__ - INFO - community_type priors: [34, 584, 0, 146, 27]
2026-09-09 18:59:46 - __main__ - INFO - feature priors: [17, 0, 175, 15, 34, 0, 52, 24, 29, 10]
2026-09-09 18:59:46 - __main__ - INFO - sample_host priors: [6, 0, 0, 16, 1, 4, 4, 0, 17, 12, 11, 657, 16, 11, 16, 8, 11, 9, 0, 0, 0, 0, 4, 0]
2026-09-09 18:59:46 - __main__ - INFO - material priors: [84, 505, 16, 15, 175, 0, 0, 15, 4, 7, 70, 38, 24, 0, 141, 11]
2026-09-09 19:00:06 - __main__ - INFO - community_type priors: [69, 944, 32, 64, 16]
2026-09-09 19:00:06 - __main__ - INFO - feature priors: [9, 34, 118, 46, 174, 2, 0, 24, 0, 10]
2026-09-09 19:00:06 - __main__ - INFO - sample_host priors: [0, 0, 32, 16, 12, 0, 0, 20, 6, 55, 34, 560, 0, 11, 16, 0, 0, 0, 0, 0, 0, 24, 0, 339]
2026-09-09 19:00:06 - __main__ - INFO - material priors: [0, 866, 16, 15, 118, 32, 138, 15, 4, 42, 10, 76, 24, 2, 142, 0]
2026-09-09 19:00:27 - __main__ - INFO - community_type priors: [35, 1174, 32, 90, 11]
2026-09-09 19:00:27 - __main__ - INFO - feature priors: [8, 34, 57, 31, 140, 2, 52, 0, 29, 0]
2026-09-09 19:00:27 - __main__ - INFO - sample_host priors: [6, 0, 32, 0, 11, 4, 4, 20, 23, 67, 45, 731, 16, 0, 0, 8, 11, 9, 0, 0, 0, 24, 4, 339]
2026-09-09 19:00:27 - __main__ - INFO - material priors: [84, 1037, 0, 0, 57, 32, 138, 0, 0, 35, 60, 96, 0, 2, 143, 11]
2026-09-09 19:01:08 - __main__ - INFO - community_type priors: [34, 584, 0, 146, 27]
2026-09-09 19:01:08 - __main__ - INFO - feature priors: [17, 0, 175, 15, 34, 0, 52, 24, 29, 10]
2026-09-09 19:01:08 - __main__ - INFO - sample_host priors: [6, 0, 0, 16, 1, 4, 4, 0, 17, 12, 11, 657, 16, 11, 16, 8, 11, 9, 0, 0, 0, 0, 4, 0]
2026-09-09 19:01:08 - __main__ - INFO - material priors: [84, 505, 16, 15, 175, 0, 0, 15, 4, 7, 70, 38, 24, 0, 141, 11]
2026-09-09 19:01:24 - __main__ - INFO - community_type priors: [69, 944, 32, 64, 16]
2026-09-09 19:01:24 - __main__ - INFO - feature priors: [9, 34, 118, 46, 174, 2, 0, 24, 0, 10]
2026-09-09 19:01:24 - __main__ - INFO - sample_host priors: [0, 0, 32, 16, 12, 0, 0, 20, 6, 55, 34, 560, 0, 11, 16, 0, 0, 0, 0, 0, 0, 24, 0, 339]
2026-09-09 19:01:24 - __main__ - INFO - material priors: [0, 866, 16, 15, 118, 32, 138, 15, 4, 42, 10, 76, 24, 2, 142, 0]
2026-09-09 19:01:38 - __main__ - INFO - community_type priors: [35, 1174, 32, 90, 11]
2026-09-09 19:01:38 - __main__ - INFO - feature priors: [8, 34, 57, 31, 140, 2, 52, 0, 29, 0]
2026-09-09 19:01:38 - __main__ - INFO - sample_host priors: [6, 0, 32, 0, 11, 4, 4, 20, 23, 67, 45, 731, 16, 0, 0, 8, 11, 9, 0, 0, 0, 24, 4, 339]
2026-09-09 19:01:38 - __main__ - INFO - material priors: [84, 1037, 0, 0, 57, 32, 138, 0, 0, 35, 60, 96, 0, 2, 143, 11]
2026-09-09 19:02:05 - __main__ - INFO - community_type priors: [34, 584, 0, 146, 27]
2026-09-09 19:02:05 - __main__ - INFO - feature priors: [17, 0, 175, 15, 34, 0, 52, 24, 29, 10]
2026-09-09 19:02:05 - __main__ - INFO - sample_host priors: [6, 0, 0, 16, 1, 4, 4, 0, 17, 12, 11, 657, 16, 11, 16, 8, 11, 9, 0, 0, 0, 0, 4, 0]
2026-09-09 19:02:05 - __main__ - INFO - material priors: [84, 505, 16, 15, 175, 0, 0, 15, 4, 7, 70, 38, 24, 0, 141, 11]
2026-09-09 19:02:26 - __main__ - INFO - community_type priors: [69, 944, 32, 64, 16]
2026-09-09 19:02:26 - __main__ - INFO - feature priors: [9, 34, 118, 46, 174, 2, 0, 24, 0, 10]
2026-09-09 19:02:26 - __main__ - INFO - sample_host priors: [0, 0, 32, 16, 12, 0, 0, 20, 6, 55, 34, 560, 0, 11, 16, 0, 0, 0, 0, 0, 0, 24, 0, 339]
2026-09-09 19:02:26 - __main__ - INFO - material priors: [0, 866, 16, 15, 118, 32, 138, 15, 4, 42, 10, 76, 24, 2, 142, 0]
2026-09-09 19:02:45 - __main__ - INFO - community_type priors: [35, 1174, 32, 90, 11]
2026-09-09 19:02:45 - __main__ - INFO - feature priors: [8, 34, 57, 31, 140, 2, 52, 0, 29, 0]
2026-09-09 19:02:45 - __main__ - INFO - sample_host priors: [6, 0, 32, 0, 11, 4, 4, 20, 23, 67, 45, 731, 16, 0, 0, 8, 11, 9, 0, 0, 0, 24, 4, 339]
2026-09-09 19:02:45 - __main__ - INFO - material priors: [84, 1037, 0, 0, 57, 32, 138, 0, 0, 35, 60, 96, 0, 2, 143, 11]
2026-09-09 19:03:08 - __main__ - INFO - community_type priors: [34, 584, 0, 146, 27]
2026-09-09 19:03:08 - __main__ - INFO - feature priors: [17, 0, 175, 15, 34, 0, 52, 24, 29, 10]
2026-09-09 19:03:08 - __main__ - INFO - sample_host priors: [6, 0, 0, 16, 1, 4, 4, 0, 17, 12, 11, 657, 16, 11, 16, 8, 11, 9, 0, 0, 0, 0, 4, 0]
2026-09-09 19:03:08 - __main__ - INFO - material priors: [84, 505, 16, 15, 175, 0, 0, 15, 4, 7, 70, 38, 24, 0, 141, 11]
2026-09-09 19:03:27 - __main__ - INFO - community_type priors: [69, 944, 32, 64, 16]
2026-09-09 19:03:27 - __main__ - INFO - feature priors: [9, 34, 118, 46, 174, 2, 0, 24, 0, 10]
2026-09-09 19:03:27 - __main__ - INFO - sample_host priors: [0, 0, 32, 16, 12, 0, 0, 20, 6, 55, 34, 560, 0, 11, 16, 0, 0, 0, 0, 0, 0, 24, 0, 339]
2026-09-09 19:03:27 - __main__ - INFO - material priors: [0, 866, 16, 15, 118, 32, 138, 15, 4, 42, 10, 76, 24, 2, 142, 0]
2026-09-09 19:03:52 - __main__ - INFO - community_type priors: [35, 1174, 32, 90, 11]
2026-09-09 19:03:52 - __main__ - INFO - feature priors: [8, 34, 57, 31, 140, 2, 52, 0, 29, 0]
2026-09-09 19:03:52 - __main__ - INFO - sample_host priors: [6, 0, 32, 0, 11, 4, 4, 20, 23, 67, 45, 731, 16, 0, 0, 8, 11, 9, 0, 0, 0, 24, 4, 339]
2026-09-09 19:03:52 - __main__ - INFO - material priors: [84, 1037, 0, 0, 57, 32, 138, 0, 0, 35, 60, 96, 0, 2, 143, 11]
2026-09-09 19:04:20 - __main__ - INFO - community_type priors: [34, 584, 0, 146, 27]
2026-09-09 19:04:20 - __main__ - INFO - feature priors: [17, 0, 175, 15, 34, 0, 52, 24, 29, 10]
2026-09-09 19:04:20 - __main__ - INFO - sample_host priors: [6, 0, 0, 16, 1, 4, 4, 0, 17, 12, 11, 657, 16, 11, 16, 8, 11, 9, 0, 0, 0, 0, 4, 0]
2026-09-09 19:04:20 - __main__ - INFO - material priors: [84, 505, 16, 15, 175, 0, 0, 15, 4, 7, 70, 38, 24, 0, 141, 11]
2026-09-09 19:04:43 - __main__ - INFO - community_type priors: [69, 944, 32, 64, 16]
2026-09-09 19:04:43 - __main__ - INFO - feature priors: [9, 34, 118, 46, 174, 2, 0, 24, 0, 10]
2026-09-09 19:04:43 - __main__ - INFO - sample_host priors: [0, 0, 32, 16, 12, 0, 0, 20, 6, 55, 34, 560, 0, 11, 16, 0, 0, 0, 0, 0, 0, 24, 0, 339]
2026-09-09 19:04:43 - __main__ - INFO - material priors: [0, 866, 16, 15, 118, 32, 138, 15, 4, 42, 10, 76, 24, 2, 142, 0]
2026-09-09 19:04:57 - __main__ - INFO - community_type priors: [35, 1174, 32, 90, 11]
2026-09-09 19:04:57 - __main__ - INFO - feature priors: [8, 34, 57, 31, 140, 2, 52, 0, 29, 0]
2026-09-09 19:04:57 - __main__ - INFO - sample_host priors: [6, 0, 32, 0, 11, 4, 4, 20, 23, 67, 45, 731, 16, 0, 0, 8, 11, 9, 0, 0, 0, 24, 4, 339]
2026-09-09 19:04:57 - __main__ - INFO - material priors: [84, 1037, 0, 0, 57, 32, 138, 0, 0, 35, 60, 96, 0, 2, 143, 11]
2026-09-09 19:05:12 - __main__ - INFO - community_type priors: [34, 584, 0, 146, 27]
2026-09-09 19:05:12 - __main__ - INFO - feature priors: [17, 0, 175, 15, 34, 0, 52, 24, 29, 10]
2026-09-09 19:05:12 - __main__ - INFO - sample_host priors: [6, 0, 0, 16, 1, 4, 4, 0, 17, 12, 11, 657, 16, 11, 16, 8, 11, 9, 0, 0, 0, 0, 4, 0]
2026-09-09 19:05:12 - __main__ - INFO - material priors: [84, 505, 16, 15, 175, 0, 0, 15, 4, 7, 70, 38, 24, 0, 141, 11]
2026-09-09 19:05:32 - __main__ - INFO - community_type priors: [69, 944, 32, 64, 16]
2026-09-09 19:05:32 - __main__ - INFO - feature priors: [9, 34, 118, 46, 174, 2, 0, 24, 0, 10]
2026-09-09 19:05:32 - __main__ - INFO - sample_host priors: [0, 0, 32, 16, 12, 0, 0, 20, 6, 55, 34, 560, 0, 11, 16, 0, 0, 0, 0, 0, 0, 24, 0, 339]
2026-09-09 19:05:32 - __main__ - INFO - material priors: [0, 866, 16, 15, 118, 32, 138, 15, 4, 42, 10, 76, 24, 2, 142, 0]
2026-09-09 19:05:47 - __main__ - INFO - community_type priors: [35, 1174, 32, 90, 11]
2026-09-09 19:05:47 - __main__ - INFO - feature priors: [8, 34, 57, 31, 140, 2, 52, 0, 29, 0]
2026-09-09 19:05:47 - __main__ - INFO - sample_host priors: [6, 0, 32, 0, 11, 4, 4, 20, 23, 67, 45, 731, 16, 0, 0, 8, 11, 9, 0, 0, 0, 24, 4, 339]
2026-09-09 19:05:47 - __main__ - INFO - material priors: [84, 1037, 0, 0, 57, 32, 138, 0, 0, 35, 60, 96, 0, 2, 143, 11]
2026-09-09 19:06:14 - __main__ - INFO - community_type priors: [34, 584, 0, 146, 27]
2026-09-09 19:06:14 - __main__ - INFO - feature priors: [17, 0, 175, 15, 34, 0, 52, 24, 29, 10]
2026-09-09 19:06:14 - __main__ - INFO - sample_host priors: [6, 0, 0, 16, 1, 4, 4, 0, 17, 12, 11, 657, 16, 11, 16, 8, 11, 9, 0, 0, 0, 0, 4, 0]
2026-09-09 19:06:14 - __main__ - INFO - material priors: [84, 505, 16, 15, 175, 0, 0, 15, 4, 7, 70, 38, 24, 0, 141, 11]
2026-09-09 19:06:35 - __main__ - INFO - community_type priors: [69, 944, 32, 64, 16]
2026-09-09 19:06:35 - __main__ - INFO - feature priors: [9, 34, 118, 46, 174, 2, 0, 24, 0, 10]
2026-09-09 19:06:35 - __main__ - INFO - sample_host priors: [0, 0, 32, 16, 12, 0, 0, 20, 6, 55, 34, 560, 0, 11, 16, 0, 0, 0, 0, 0, 0, 24, 0, 339]
2026-09-09 19:06:35 - __main__ - INFO - material priors: [0, 866, 16, 15, 118, 32, 138, 15, 4, 42, 10, 76, 24, 2, 142, 0]
2026-09-09 19:06:56 - __main__ - INFO - community_type priors: [35, 1174, 32, 90, 11]
2026-09-09 19:06:56 - __main__ - INFO - feature priors: [8, 34, 57, 31, 140, 2, 52, 0, 29, 0]
2026-09-09 19:06:56 - __main__ - INFO - sample_host priors: [6, 0, 32, 0, 11, 4, 4, 20, 23, 67, 45, 731, 16, 0, 0, 8, 11, 9, 0, 0, 0, 24, 4, 339]
2026-09-09 19:06:56 - __main__ - INFO - material priors: [84, 1037, 0, 0, 57, 32, 138, 0, 0, 35, 60, 96, 0, 2, 143, 11]
2026-09-09 19:07:29 - __main__ - INFO - community_type priors: [34, 584, 0, 146, 27]
2026-09-09 19:07:29 - __main__ - INFO - feature priors: [17, 0, 175, 15, 34, 0, 52, 24, 29, 10]
2026-09-09 19:07:29 - __main__ - INFO - sample_host priors: [6, 0, 0, 16, 1, 4, 4, 0, 17, 12, 11, 657, 16, 11, 16, 8, 11, 9, 0, 0, 0, 0, 4, 0]
2026-09-09 19:07:29 - __main__ - INFO - material priors: [84, 505, 16, 15, 175, 0, 0, 15, 4, 7, 70, 38, 24, 0, 141, 11]
2026-09-09 19:07:58 - __main__ - INFO - community_type priors: [69, 944, 32, 64, 16]
2026-09-09 19:07:58 - __main__ - INFO - feature priors: [9, 34, 118, 46, 174, 2, 0, 24, 0, 10]
2026-09-09 19:07:58 - __main__ - INFO - sample_host priors: [0, 0, 32, 16, 12, 0, 0, 20, 6, 55, 34, 560, 0, 11, 16, 0, 0, 0, 0, 0, 0, 24, 0, 339]
2026-09-09 19:07:58 - __main__ - INFO - material priors: [0, 866, 16, 15, 118, 32, 138, 15, 4, 42, 10, 76, 24, 2, 142, 0]
2026-09-09 19:08:13 - __main__ - INFO - community_type priors: [35, 1174, 32, 90, 11]
2026-09-09 19:08:13 - __main__ - INFO - feature priors: [8, 34, 57, 31, 140, 2, 52, 0, 29, 0]
2026-09-09 19:08:13 - __main__ - INFO - sample_host priors: [6, 0, 32, 0, 11, 4, 4, 20, 23, 67, 45, 731, 16, 0, 0, 8, 11, 9, 0, 0, 0, 24, 4, 339]
2026-09-09 19:08:13 - __main__ - INFO - material priors: [84, 1037, 0, 0, 57, 32, 138, 0, 0, 35, 60, 96, 0, 2, 143, 11]
2026-09-09 19:08:41 - __main__ - INFO - community_type priors: [34, 584, 0, 146, 27]
2026-09-09 19:08:41 - __main__ - INFO - feature priors: [17, 0, 175, 15, 34, 0, 52, 24, 29, 10]
2026-09-09 19:08:41 - __main__ - INFO - sample_host priors: [6, 0, 0, 16, 1, 4, 4, 0, 17, 12, 11, 657, 16, 11, 16, 8, 11, 9, 0, 0, 0, 0, 4, 0]
2026-09-09 19:08:41 - __main__ - INFO - material priors: [84, 505, 16, 15, 175, 0, 0, 15, 4, 7, 70, 38, 24, 0, 141, 11]
2026-09-09 19:08:57 - __main__ - INFO - community_type priors: [69, 944, 32, 64, 16]
2026-09-09 19:08:57 - __main__ - INFO - feature priors: [9, 34, 118, 46, 174, 2, 0, 24, 0, 10]
2026-09-09 19:08:57 - __main__ - INFO - sample_host priors: [0, 0, 32, 16, 12, 0, 0, 20, 6, 55, 34, 560, 0, 11, 16, 0, 0, 0, 0, 0, 0, 24, 0, 339]
2026-09-09 19:08:57 - __main__ - INFO - material priors: [0, 866, 16, 15, 118, 32, 138, 15, 4, 42, 10, 76, 24, 2, 142, 0]
2026-09-09 19:09:13 - __main__ - INFO - community_type priors: [35, 1174, 32, 90, 11]
2026-09-09 19:09:13 - __main__ - INFO - feature priors: [8, 34, 57, 31, 140, 2, 52, 0, 29, 0]
2026-09-09 19:09:13 - __main__ - INFO - sample_host priors: [6, 0, 32, 0, 11, 4, 4, 20, 23, 67, 45, 731, 16, 0, 0, 8, 11, 9, 0, 0, 0, 24, 4, 339]
2026-09-09 19:09:13 - __main__ - INFO - material priors: [84, 1037, 0, 0, 57, 32, 138, 0, 0, 35, 60, 96, 0, 2, 143, 11]
2026-09-09 19:09:39 - __main__ - INFO - community_type priors: [34, 584, 0, 146, 27]
2026-09-09 19:09:39 - __main__ - INFO - feature priors: [17, 0, 175, 15, 34, 0, 52, 24, 29, 10]
2026-09-09 19:09:39 - __main__ - INFO - sample_host priors: [6, 0, 0, 16, 1, 4, 4, 0, 17, 12, 11, 657, 16, 11, 16, 8, 11, 9, 0, 0, 0, 0, 4, 0]
2026-09-09 19:09:39 - __main__ - INFO - material priors: [84, 505, 16, 15, 175, 0, 0, 15, 4, 7, 70, 38, 24, 0, 141, 11]
2026-09-09 19:10:00 - __main__ - INFO - community_type priors: [69, 944, 32, 64, 16]
2026-09-09 19:10:00 - __main__ - INFO - feature priors: [9, 34, 118, 46, 174, 2, 0, 24, 0, 10]
2026-09-09 19:10:00 - __main__ - INFO - sample_host priors: [0, 0, 32, 16, 12, 0, 0, 20, 6, 55, 34, 560, 0, 11, 16, 0, 0, 0, 0, 0, 0, 24, 0, 339]
2026-09-09 19:10:00 - __main__ - INFO - material priors: [0, 866, 16, 15, 118, 32, 138, 15, 4, 42, 10, 76, 24, 2, 142, 0]
2026-09-09 19:10:15 - __main__ - INFO - community_type priors: [35, 1174, 32, 90, 11]
2026-09-09 19:10:15 - __main__ - INFO - feature priors: [8, 34, 57, 31, 140, 2, 52, 0, 29, 0]
2026-09-09 19:10:15 - __main__ - INFO - sample_host priors: [6, 0, 32, 0, 11, 4, 4, 20, 23, 67, 45, 731, 16, 0, 0, 8, 11, 9, 0, 0, 0, 24, 4, 339]
2026-09-09 19:10:15 - __main__ - INFO - material priors: [84, 1037, 0, 0, 57, 32, 138, 0, 0, 35, 60, 96, 0, 2, 143, 11]
2026-09-09 19:10:37 - __main__ - INFO - community_type priors: [34, 584, 0, 146, 27]
2026-09-09 19:10:37 - __main__ - INFO - feature priors: [17, 0, 175, 15, 34, 0, 52, 24, 29, 10]
2026-09-09 19:10:37 - __main__ - INFO - sample_host priors: [6, 0, 0, 16, 1, 4, 4, 0, 17, 12, 11, 657, 16, 11, 16, 8, 11, 9, 0, 0, 0, 0, 4, 0]
2026-09-09 19:10:37 - __main__ - INFO - material priors: [84, 505, 16, 15, 175, 0, 0, 15, 4, 7, 70, 38, 24, 0, 141, 11]
2026-09-09 19:10:54 - __main__ - INFO - community_type priors: [69, 944, 32, 64, 16]
2026-09-09 19:10:54 - __main__ - INFO - feature priors: [9, 34, 118, 46, 174, 2, 0, 24, 0, 10]
2026-09-09 19:10:54 - __main__ - INFO - sample_host priors: [0, 0, 32, 16, 12, 0, 0, 20, 6, 55, 34, 560, 0, 11, 16, 0, 0, 0, 0, 0, 0, 24, 0, 339]
2026-09-09 19:10:54 - __main__ - INFO - material priors: [0, 866, 16, 15, 118, 32, 138, 15, 4, 42, 10, 76, 24, 2, 142, 0]
2026-09-09 19:11:24 - __main__ - INFO - community_type priors: [35, 1174, 32, 90, 11]
2026-09-09 19:11:24 - __main__ - INFO - feature priors: [8, 34, 57, 31, 140, 2, 52, 0, 29, 0]
2026-09-09 19:11:24 - __main__ - INFO - sample_host priors: [6, 0, 32, 0, 11, 4, 4, 20, 23, 67, 45, 731, 16, 0, 0, 8, 11, 9, 0, 0, 0, 24, 4, 339]
2026-09-09 19:11:24 - __main__ - INFO - material priors: [84, 1037, 0, 0, 57, 32, 138, 0, 0, 35, 60, 96, 0, 2, 143, 11]
2026-09-09 19:12:00 - __main__ - INFO - community_type priors: [34, 584, 0, 146, 27]
2026-09-09 19:12:00 - __main__ - INFO - feature priors: [17, 0, 175, 15, 34, 0, 52, 24, 29, 10]
2026-09-09 19:12:00 - __main__ - INFO - sample_host priors: [6, 0, 0, 16, 1, 4, 4, 0, 17, 12, 11, 657, 16, 11, 16, 8, 11, 9, 0, 0, 0, 0, 4, 0]
2026-09-09 19:12:00 - __main__ - INFO - material priors: [84, 505, 16, 15, 175, 0, 0, 15, 4, 7, 70, 38, 24, 0, 141, 11]
2026-09-09 19:12:43 - __main__ - INFO - community_type priors: [69, 944, 32, 64, 16]
2026-09-09 19:12:43 - __main__ - INFO - feature priors: [9, 34, 118, 46, 174, 2, 0, 24, 0, 10]
2026-09-09 19:12:43 - __main__ - INFO - sample_host priors: [0, 0, 32, 16, 12, 0, 0, 20, 6, 55, 34, 560, 0, 11, 16, 0, 0, 0, 0, 0, 0, 24, 0, 339]
2026-09-09 19:12:43 - __main__ - INFO - material priors: [0, 866, 16, 15, 118, 32, 138, 15, 4, 42, 10, 76, 24, 2, 142, 0]
2026-09-09 19:12:55 - __main__ - INFO - community_type priors: [35, 1174, 32, 90, 11]
2026-09-09 19:12:55 - __main__ - INFO - feature priors: [8, 34, 57, 31, 140, 2, 52, 0, 29, 0]
2026-09-09 19:12:55 - __main__ - INFO - sample_host priors: [6, 0, 32, 0, 11, 4, 4, 20, 23, 67, 45, 731, 16, 0, 0, 8, 11, 9, 0, 0, 0, 24, 4, 339]
2026-09-09 19:12:55 - __main__ - INFO - material priors: [84, 1037, 0, 0, 57, 32, 138, 0, 0, 35, 60, 96, 0, 2, 143, 11]
2026-09-09 19:13:22 - __main__ - INFO - community_type priors: [34, 584, 0, 146, 27]
2026-09-09 19:13:22 - __main__ - INFO - feature priors: [17, 0, 175, 15, 34, 0, 52, 24, 29, 10]
2026-09-09 19:13:22 - __main__ - INFO - sample_host priors: [6, 0, 0, 16, 1, 4, 4, 0, 17, 12, 11, 657, 16, 11, 16, 8, 11, 9, 0, 0, 0, 0, 4, 0]
2026-09-09 19:13:22 - __main__ - INFO - material priors: [84, 505, 16, 15, 175, 0, 0, 15, 4, 7, 70, 38, 24, 0, 141, 11]
2026-09-09 19:13:43 - __main__ - INFO - community_type priors: [69, 944, 32, 64, 16]
2026-09-09 19:13:43 - __main__ - INFO - feature priors: [9, 34, 118, 46, 174, 2, 0, 24, 0, 10]
2026-09-09 19:13:43 - __main__ - INFO - sample_host priors: [0, 0, 32, 16, 12, 0, 0, 20, 6, 55, 34, 560, 0, 11, 16, 0, 0, 0, 0, 0, 0, 24, 0, 339]
2026-09-09 19:13:43 - __main__ - INFO - material priors: [0, 866, 16, 15, 118, 32, 138, 15, 4, 42, 10, 76, 24, 2, 142, 0]
2026-09-09 19:13:57 - __main__ - INFO - community_type priors: [35, 1174, 32, 90, 11]
2026-09-09 19:13:57 - __main__ - INFO - feature priors: [8, 34, 57, 31, 140, 2, 52, 0, 29, 0]
2026-09-09 19:13:57 - __main__ - INFO - sample_host priors: [6, 0, 32, 0, 11, 4, 4, 20, 23, 67, 45, 731, 16, 0, 0, 8, 11, 9, 0, 0, 0, 24, 4, 339]
2026-09-09 19:13:57 - __main__ - INFO - material priors: [84, 1037, 0, 0, 57, 32, 138, 0, 0, 35, 60, 96, 0, 2, 143, 11]
2026-09-09 19:14:22 - __main__ - INFO - community_type priors: [34, 584, 0, 146, 27]
2026-09-09 19:14:22 - __main__ - INFO - feature priors: [17, 0, 175, 15, 34, 0, 52, 24, 29, 10]
2026-09-09 19:14:22 - __main__ - INFO - sample_host priors: [6, 0, 0, 16, 1, 4, 4, 0, 17, 12, 11, 657, 16, 11, 16, 8, 11, 9, 0, 0, 0, 0, 4, 0]
2026-09-09 19:14:22 - __main__ - INFO - material priors: [84, 505, 16, 15, 175, 0, 0, 15, 4, 7, 70, 38, 24, 0, 141, 11]
2026-09-09 19:14:41 - __main__ - INFO - community_type priors: [69, 944, 32, 64, 16]
2026-09-09 19:14:41 - __main__ - INFO - feature priors: [9, 34, 118, 46, 174, 2, 0, 24, 0, 10]
2026-09-09 19:14:41 - __main__ - INFO - sample_host priors: [0, 0, 32, 16, 12, 0, 0, 20, 6, 55, 34, 560, 0, 11, 16, 0, 0, 0, 0, 0, 0, 24, 0, 339]
2026-09-09 19:14:41 - __main__ - INFO - material priors: [0, 866, 16, 15, 118, 32, 138, 15, 4, 42, 10, 76, 24, 2, 142, 0]
2026-09-09 19:14:53 - __main__ - INFO - community_type priors: [35, 1174, 32, 90, 11]
2026-09-09 19:14:53 - __main__ - INFO - feature priors: [8, 34, 57, 31, 140, 2, 52, 0, 29, 0]
2026-09-09 19:14:53 - __main__ - INFO - sample_host priors: [6, 0, 32, 0, 11, 4, 4, 20, 23, 67, 45, 731, 16, 0, 0, 8, 11, 9, 0, 0, 0, 24, 4, 339]
2026-09-09 19:14:53 - __main__ - INFO - material priors: [84, 1037, 0, 0, 57, 32, 138, 0, 0, 35, 60, 96, 0, 2, 143, 11]
2026-09-09 19:15:23 - __main__ - INFO - community_type priors: [34, 584, 0, 146, 27]
2026-09-09 19:15:23 - __main__ - INFO - feature priors: [17, 0, 175, 15, 34, 0, 52, 24, 29, 10]
2026-09-09 19:15:23 - __main__ - INFO - sample_host priors: [6, 0, 0, 16, 1, 4, 4, 0, 17, 12, 11, 657, 16, 11, 16, 8, 11, 9, 0, 0, 0, 0, 4, 0]
2026-09-09 19:15:23 - __main__ - INFO - material priors: [84, 505, 16, 15, 175, 0, 0, 15, 4, 7, 70, 38, 24, 0, 141, 11]
2026-09-09 19:15:41 - __main__ - INFO - Best hyperparameters (averaged over 3 folds): {'n_layers': 3, 'hidden_dim_0': 128, 'hidden_dim_1': 192, 'hidden_dim_2': 192, 'dropout': 0.3160366806080888, 'learning_rate': 0.0001931017321397217, 'weight_decay': 3.1288971751249643e-06, 'batch_size': 128, 'use_batch_norm': False, 'activation': 'gelu', 'logit_adjust_tau': 0.2653730880879917, 'task_weight_community_type': 1.403093216896315, 'task_weight_feature': 1.7378372508297648, 'task_weight_sample_host': 1.4877796653798336, 'task_weight_material': 1.2732944079942776, 'ls_community_type': 0.019138457577877077, 'ls_feature': 0.03745659478078932, 'ls_sample_host': 0.07305102484990547, 'ls_material': 0.10506422954286815}
2026-09-09 19:15:41 - __main__ - INFO - Best CV score: 0.2455
2026-09-09 19:15:41 - __main__ - INFO - Training final model with proper train/val split...
2026-09-09 19:15:41 - __main__ - INFO - sample_host: 20/24 classes have training support in this fold
2026-09-09 19:15:41 - __main__ - INFO - Final training split: 2004 train, 223 validation, 489 test
2026-09-09 19:15:41 - __main__ - INFO - community_type priors: [69, 1351, 32, 150, 27]
2026-09-09 19:15:41 - __main__ - INFO - feature priors: [17, 34, 175, 46, 174, 2, 52, 24, 29, 10]
2026-09-09 19:15:41 - __main__ - INFO - sample_host priors: [6, 0, 32, 16, 12, 4, 4, 20, 23, 67, 45, 974, 16, 11, 16, 8, 11, 9, 0, 0, 0, 24, 4, 339]
2026-09-09 19:15:41 - __main__ - INFO - material priors: [84, 1204, 16, 15, 175, 32, 138, 15, 4, 42, 70, 105, 24, 2, 213, 11]
2026-09-09 19:15:41 - diana.utils.checkpointing - INFO - CheckpointManager initialized: results/search_v9_multitask/cv_results/fold_4
2026-09-09 19:15:42 - diana.utils.checkpointing - INFO - Checkpoint saved: results/search_v9_multitask/cv_results/fold_4/checkpoint_epoch_1_20260909_191542.pth
2026-09-09 19:15:42 - diana.utils.checkpointing - INFO - New best model saved: results/search_v9_multitask/cv_results/fold_4/best_model.pth (val_loss: 9.6853)
2026-09-09 19:15:43 - diana.utils.checkpointing - INFO - Checkpoint saved: results/search_v9_multitask/cv_results/fold_4/checkpoint_epoch_2_20260909_191543.pth
2026-09-09 19:15:44 - diana.utils.checkpointing - INFO - New best model saved: results/search_v9_multitask/cv_results/fold_4/best_model.pth (val_loss: 9.2414)
2026-09-09 19:15:44 - diana.utils.checkpointing - INFO - Checkpoint saved: results/search_v9_multitask/cv_results/fold_4/checkpoint_epoch_3_20260909_191544.pth
2026-09-09 19:15:45 - diana.utils.checkpointing - INFO - New best model saved: results/search_v9_multitask/cv_results/fold_4/best_model.pth (val_loss: 8.7054)
2026-09-09 19:15:45 - diana.utils.checkpointing - INFO - Checkpoint saved: results/search_v9_multitask/cv_results/fold_4/checkpoint_epoch_4_20260909_191545.pth
2026-09-09 19:15:46 - diana.utils.checkpointing - INFO - New best model saved: results/search_v9_multitask/cv_results/fold_4/best_model.pth (val_loss: 8.2642)
2026-09-09 19:15:46 - diana.utils.checkpointing - INFO - Checkpoint saved: results/search_v9_multitask/cv_results/fold_4/checkpoint_epoch_5_20260909_191546.pth
2026-09-09 19:15:47 - diana.utils.checkpointing - INFO - New best model saved: results/search_v9_multitask/cv_results/fold_4/best_model.pth (val_loss: 7.9192)
2026-09-09 19:15:47 - diana.utils.checkpointing - INFO - Checkpoint saved: results/search_v9_multitask/cv_results/fold_4/checkpoint_epoch_6_20260909_191547.pth
2026-09-09 19:15:48 - diana.utils.checkpointing - INFO - New best model saved: results/search_v9_multitask/cv_results/fold_4/best_model.pth (val_loss: 7.6361)
2026-09-09 19:15:48 - diana.utils.checkpointing - INFO - Checkpoint saved: results/search_v9_multitask/cv_results/fold_4/checkpoint_epoch_7_20260909_191548.pth
2026-09-09 19:15:49 - diana.utils.checkpointing - INFO - New best model saved: results/search_v9_multitask/cv_results/fold_4/best_model.pth (val_loss: 7.3255)
2026-09-09 19:15:49 - diana.utils.checkpointing - INFO - Checkpoint saved: results/search_v9_multitask/cv_results/fold_4/checkpoint_epoch_8_20260909_191549.pth
2026-09-09 19:15:50 - diana.utils.checkpointing - INFO - New best model saved: results/search_v9_multitask/cv_results/fold_4/best_model.pth (val_loss: 7.0268)
2026-09-09 19:15:50 - diana.utils.checkpointing - INFO - Checkpoint saved: results/search_v9_multitask/cv_results/fold_4/checkpoint_epoch_9_20260909_191550.pth
2026-09-09 19:15:51 - diana.utils.checkpointing - INFO - New best model saved: results/search_v9_multitask/cv_results/fold_4/best_model.pth (val_loss: 6.7859)
2026-09-09 19:15:51 - diana.utils.checkpointing - INFO - Checkpoint saved: results/search_v9_multitask/cv_results/fold_4/checkpoint_epoch_10_20260909_191551.pth
2026-09-09 19:15:52 - diana.utils.checkpointing - INFO - New best model saved: results/search_v9_multitask/cv_results/fold_4/best_model.pth (val_loss: 6.5377)
2026-09-09 19:15:52 - diana.utils.checkpointing - INFO - Checkpoint saved: results/search_v9_multitask/cv_results/fold_4/checkpoint_epoch_11_20260909_191552.pth
2026-09-09 19:15:52 - diana.utils.checkpointing - INFO - New best model saved: results/search_v9_multitask/cv_results/fold_4/best_model.pth (val_loss: 6.3045)
2026-09-09 19:15:53 - diana.utils.checkpointing - INFO - Checkpoint saved: results/search_v9_multitask/cv_results/fold_4/checkpoint_epoch_12_20260909_191553.pth
2026-09-09 19:15:53 - diana.utils.checkpointing - INFO - New best model saved: results/search_v9_multitask/cv_results/fold_4/best_model.pth (val_loss: 6.0795)
2026-09-09 19:15:54 - diana.utils.checkpointing - INFO - Checkpoint saved: results/search_v9_multitask/cv_results/fold_4/checkpoint_epoch_13_20260909_191554.pth
2026-09-09 19:15:54 - diana.utils.checkpointing - INFO - New best model saved: results/search_v9_multitask/cv_results/fold_4/best_model.pth (val_loss: 5.8322)
2026-09-09 19:15:55 - diana.utils.checkpointing - INFO - Checkpoint saved: results/search_v9_multitask/cv_results/fold_4/checkpoint_epoch_14_20260909_191555.pth
2026-09-09 19:15:55 - diana.utils.checkpointing - INFO - New best model saved: results/search_v9_multitask/cv_results/fold_4/best_model.pth (val_loss: 5.6120)
2026-09-09 19:15:56 - diana.utils.checkpointing - INFO - Checkpoint saved: results/search_v9_multitask/cv_results/fold_4/checkpoint_epoch_15_20260909_191556.pth
2026-09-09 19:15:56 - diana.utils.checkpointing - INFO - New best model saved: results/search_v9_multitask/cv_results/fold_4/best_model.pth (val_loss: 5.5207)
2026-09-09 19:15:57 - diana.utils.checkpointing - INFO - Checkpoint saved: results/search_v9_multitask/cv_results/fold_4/checkpoint_epoch_16_20260909_191557.pth
2026-09-09 19:15:57 - diana.utils.checkpointing - INFO - New best model saved: results/search_v9_multitask/cv_results/fold_4/best_model.pth (val_loss: 5.3080)
2026-09-09 19:15:58 - diana.utils.checkpointing - INFO - Checkpoint saved: results/search_v9_multitask/cv_results/fold_4/checkpoint_epoch_17_20260909_191558.pth
2026-09-09 19:15:59 - diana.utils.checkpointing - INFO - Checkpoint saved: results/search_v9_multitask/cv_results/fold_4/checkpoint_epoch_18_20260909_191558.pth
2026-09-09 19:15:59 - diana.utils.checkpointing - INFO - New best model saved: results/search_v9_multitask/cv_results/fold_4/best_model.pth (val_loss: 5.1390)
2026-09-09 19:15:59 - diana.utils.checkpointing - INFO - Checkpoint saved: results/search_v9_multitask/cv_results/fold_4/checkpoint_epoch_19_20260909_191559.pth
2026-09-09 19:16:00 - diana.utils.checkpointing - INFO - New best model saved: results/search_v9_multitask/cv_results/fold_4/best_model.pth (val_loss: 5.0175)
2026-09-09 19:16:00 - diana.utils.checkpointing - INFO - Checkpoint saved: results/search_v9_multitask/cv_results/fold_4/checkpoint_epoch_20_20260909_191600.pth
2026-09-09 19:16:01 - diana.utils.checkpointing - INFO - New best model saved: results/search_v9_multitask/cv_results/fold_4/best_model.pth (val_loss: 4.9029)
2026-09-09 19:16:01 - __main__ - INFO - Epoch 20/200, Train Loss: 5.1108, Val Loss: 4.9029
2026-09-09 19:16:01 - diana.utils.checkpointing - INFO - Checkpoint saved: results/search_v9_multitask/cv_results/fold_4/checkpoint_epoch_21_20260909_191601.pth
2026-09-09 19:16:02 - diana.utils.checkpointing - INFO - New best model saved: results/search_v9_multitask/cv_results/fold_4/best_model.pth (val_loss: 4.7948)
2026-09-09 19:16:02 - diana.utils.checkpointing - INFO - Checkpoint saved: results/search_v9_multitask/cv_results/fold_4/checkpoint_epoch_22_20260909_191602.pth
2026-09-09 19:16:03 - diana.utils.checkpointing - INFO - New best model saved: results/search_v9_multitask/cv_results/fold_4/best_model.pth (val_loss: 4.7449)
2026-09-09 19:16:03 - diana.utils.checkpointing - INFO - Checkpoint saved: results/search_v9_multitask/cv_results/fold_4/checkpoint_epoch_23_20260909_191603.pth
2026-09-09 19:16:04 - diana.utils.checkpointing - INFO - New best model saved: results/search_v9_multitask/cv_results/fold_4/best_model.pth (val_loss: 4.7406)
2026-09-09 19:16:04 - diana.utils.checkpointing - INFO - Checkpoint saved: results/search_v9_multitask/cv_results/fold_4/checkpoint_epoch_24_20260909_191604.pth
2026-09-09 19:16:05 - diana.utils.checkpointing - INFO - New best model saved: results/search_v9_multitask/cv_results/fold_4/best_model.pth (val_loss: 4.7186)
2026-09-09 19:16:06 - diana.utils.checkpointing - INFO - Checkpoint saved: results/search_v9_multitask/cv_results/fold_4/checkpoint_epoch_25_20260909_191605.pth
2026-09-09 19:16:06 - diana.utils.checkpointing - INFO - New best model saved: results/search_v9_multitask/cv_results/fold_4/best_model.pth (val_loss: 4.6708)
2026-09-09 19:16:06 - diana.utils.checkpointing - INFO - Checkpoint saved: results/search_v9_multitask/cv_results/fold_4/checkpoint_epoch_26_20260909_191606.pth
2026-09-09 19:16:07 - diana.utils.checkpointing - INFO - New best model saved: results/search_v9_multitask/cv_results/fold_4/best_model.pth (val_loss: 4.5799)
2026-09-09 19:16:07 - diana.utils.checkpointing - INFO - Checkpoint saved: results/search_v9_multitask/cv_results/fold_4/checkpoint_epoch_27_20260909_191607.pth
2026-09-09 19:16:08 - diana.utils.checkpointing - INFO - New best model saved: results/search_v9_multitask/cv_results/fold_4/best_model.pth (val_loss: 4.5030)
2026-09-09 19:16:09 - diana.utils.checkpointing - INFO - Checkpoint saved: results/search_v9_multitask/cv_results/fold_4/checkpoint_epoch_28_20260909_191608.pth
2026-09-09 19:16:09 - diana.utils.checkpointing - INFO - New best model saved: results/search_v9_multitask/cv_results/fold_4/best_model.pth (val_loss: 4.4401)
2026-09-09 19:16:10 - diana.utils.checkpointing - INFO - Checkpoint saved: results/search_v9_multitask/cv_results/fold_4/checkpoint_epoch_29_20260909_191609.pth
2026-09-09 19:16:10 - diana.utils.checkpointing - INFO - Checkpoint saved: results/search_v9_multitask/cv_results/fold_4/checkpoint_epoch_30_20260909_191610.pth
2026-09-09 19:16:10 - diana.utils.checkpointing - INFO - New best model saved: results/search_v9_multitask/cv_results/fold_4/best_model.pth (val_loss: 4.3568)
2026-09-09 19:16:11 - diana.utils.checkpointing - INFO - Checkpoint saved: results/search_v9_multitask/cv_results/fold_4/checkpoint_epoch_31_20260909_191611.pth
2026-09-09 19:16:11 - diana.utils.checkpointing - INFO - New best model saved: results/search_v9_multitask/cv_results/fold_4/best_model.pth (val_loss: 4.3247)
2026-09-09 19:16:12 - diana.utils.checkpointing - INFO - Checkpoint saved: results/search_v9_multitask/cv_results/fold_4/checkpoint_epoch_32_20260909_191612.pth
2026-09-09 19:16:12 - diana.utils.checkpointing - INFO - New best model saved: results/search_v9_multitask/cv_results/fold_4/best_model.pth (val_loss: 4.2549)
2026-09-09 19:16:13 - diana.utils.checkpointing - INFO - Checkpoint saved: results/search_v9_multitask/cv_results/fold_4/checkpoint_epoch_33_20260909_191613.pth
2026-09-09 19:16:13 - diana.utils.checkpointing - INFO - New best model saved: results/search_v9_multitask/cv_results/fold_4/best_model.pth (val_loss: 4.2417)
2026-09-09 19:16:14 - diana.utils.checkpointing - INFO - Checkpoint saved: results/search_v9_multitask/cv_results/fold_4/checkpoint_epoch_34_20260909_191614.pth
2026-09-09 19:16:15 - diana.utils.checkpointing - INFO - Checkpoint saved: results/search_v9_multitask/cv_results/fold_4/checkpoint_epoch_35_20260909_191614.pth
2026-09-09 19:16:15 - diana.utils.checkpointing - INFO - New best model saved: results/search_v9_multitask/cv_results/fold_4/best_model.pth (val_loss: 4.1560)
2026-09-09 19:16:15 - diana.utils.checkpointing - INFO - Checkpoint saved: results/search_v9_multitask/cv_results/fold_4/checkpoint_epoch_36_20260909_191615.pth
2026-09-09 19:16:16 - diana.utils.checkpointing - INFO - New best model saved: results/search_v9_multitask/cv_results/fold_4/best_model.pth (val_loss: 4.0983)
2026-09-09 19:16:16 - diana.utils.checkpointing - INFO - Checkpoint saved: results/search_v9_multitask/cv_results/fold_4/checkpoint_epoch_37_20260909_191616.pth
2026-09-09 19:16:17 - diana.utils.checkpointing - INFO - New best model saved: results/search_v9_multitask/cv_results/fold_4/best_model.pth (val_loss: 4.0807)
2026-09-09 19:16:17 - diana.utils.checkpointing - INFO - Checkpoint saved: results/search_v9_multitask/cv_results/fold_4/checkpoint_epoch_38_20260909_191617.pth
2026-09-09 19:16:18 - diana.utils.checkpointing - INFO - New best model saved: results/search_v9_multitask/cv_results/fold_4/best_model.pth (val_loss: 4.0137)
2026-09-09 19:16:18 - diana.utils.checkpointing - INFO - Checkpoint saved: results/search_v9_multitask/cv_results/fold_4/checkpoint_epoch_39_20260909_191618.pth
2026-09-09 19:16:19 - diana.utils.checkpointing - INFO - Checkpoint saved: results/search_v9_multitask/cv_results/fold_4/checkpoint_epoch_40_20260909_191619.pth
2026-09-09 19:16:19 - diana.utils.checkpointing - INFO - New best model saved: results/search_v9_multitask/cv_results/fold_4/best_model.pth (val_loss: 3.9861)
2026-09-09 19:16:19 - __main__ - INFO - Epoch 40/200, Train Loss: 3.7507, Val Loss: 3.9861
2026-09-09 19:16:20 - diana.utils.checkpointing - INFO - Checkpoint saved: results/search_v9_multitask/cv_results/fold_4/checkpoint_epoch_41_20260909_191620.pth
2026-09-09 19:16:20 - diana.utils.checkpointing - INFO - New best model saved: results/search_v9_multitask/cv_results/fold_4/best_model.pth (val_loss: 3.9713)
2026-09-09 19:16:21 - diana.utils.checkpointing - INFO - Checkpoint saved: results/search_v9_multitask/cv_results/fold_4/checkpoint_epoch_42_20260909_191620.pth
2026-09-09 19:16:21 - diana.utils.checkpointing - INFO - New best model saved: results/search_v9_multitask/cv_results/fold_4/best_model.pth (val_loss: 3.9240)
2026-09-09 19:16:22 - diana.utils.checkpointing - INFO - Checkpoint saved: results/search_v9_multitask/cv_results/fold_4/checkpoint_epoch_43_20260909_191621.pth
2026-09-09 19:16:22 - diana.utils.checkpointing - INFO - New best model saved: results/search_v9_multitask/cv_results/fold_4/best_model.pth (val_loss: 3.8845)
2026-09-09 19:16:23 - diana.utils.checkpointing - INFO - Checkpoint saved: results/search_v9_multitask/cv_results/fold_4/checkpoint_epoch_44_20260909_191622.pth
2026-09-09 19:16:23 - diana.utils.checkpointing - INFO - New best model saved: results/search_v9_multitask/cv_results/fold_4/best_model.pth (val_loss: 3.8326)
2026-09-09 19:16:24 - diana.utils.checkpointing - INFO - Checkpoint saved: results/search_v9_multitask/cv_results/fold_4/checkpoint_epoch_45_20260909_191623.pth
2026-09-09 19:16:24 - diana.utils.checkpointing - INFO - Checkpoint saved: results/search_v9_multitask/cv_results/fold_4/checkpoint_epoch_46_20260909_191624.pth
2026-09-09 19:16:25 - diana.utils.checkpointing - INFO - New best model saved: results/search_v9_multitask/cv_results/fold_4/best_model.pth (val_loss: 3.7769)
2026-09-09 19:16:25 - diana.utils.checkpointing - INFO - Checkpoint saved: results/search_v9_multitask/cv_results/fold_4/checkpoint_epoch_47_20260909_191625.pth
2026-09-09 19:16:26 - diana.utils.checkpointing - INFO - Checkpoint saved: results/search_v9_multitask/cv_results/fold_4/checkpoint_epoch_48_20260909_191626.pth
2026-09-09 19:16:26 - diana.utils.checkpointing - INFO - New best model saved: results/search_v9_multitask/cv_results/fold_4/best_model.pth (val_loss: 3.7508)
2026-09-09 19:16:27 - diana.utils.checkpointing - INFO - Checkpoint saved: results/search_v9_multitask/cv_results/fold_4/checkpoint_epoch_49_20260909_191626.pth
2026-09-09 19:16:27 - diana.utils.checkpointing - INFO - Checkpoint saved: results/search_v9_multitask/cv_results/fold_4/checkpoint_epoch_50_20260909_191627.pth
2026-09-09 19:16:28 - diana.utils.checkpointing - INFO - New best model saved: results/search_v9_multitask/cv_results/fold_4/best_model.pth (val_loss: 3.7394)
2026-09-09 19:16:29 - diana.utils.checkpointing - INFO - Checkpoint saved: results/search_v9_multitask/cv_results/fold_4/checkpoint_epoch_51_20260909_191628.pth
2026-09-09 19:16:29 - diana.utils.checkpointing - INFO - New best model saved: results/search_v9_multitask/cv_results/fold_4/best_model.pth (val_loss: 3.7358)
2026-09-09 19:16:30 - diana.utils.checkpointing - INFO - Checkpoint saved: results/search_v9_multitask/cv_results/fold_4/checkpoint_epoch_52_20260909_191629.pth
2026-09-09 19:16:30 - diana.utils.checkpointing - INFO - New best model saved: results/search_v9_multitask/cv_results/fold_4/best_model.pth (val_loss: 3.6863)
2026-09-09 19:16:31 - diana.utils.checkpointing - INFO - Checkpoint saved: results/search_v9_multitask/cv_results/fold_4/checkpoint_epoch_53_20260909_191630.pth
2026-09-09 19:16:31 - diana.utils.checkpointing - INFO - Checkpoint saved: results/search_v9_multitask/cv_results/fold_4/checkpoint_epoch_54_20260909_191631.pth
2026-09-09 19:16:32 - diana.utils.checkpointing - INFO - Checkpoint saved: results/search_v9_multitask/cv_results/fold_4/checkpoint_epoch_55_20260909_191632.pth
2026-09-09 19:16:32 - diana.utils.checkpointing - INFO - New best model saved: results/search_v9_multitask/cv_results/fold_4/best_model.pth (val_loss: 3.6791)
2026-09-09 19:16:33 - diana.utils.checkpointing - INFO - Checkpoint saved: results/search_v9_multitask/cv_results/fold_4/checkpoint_epoch_56_20260909_191633.pth
2026-09-09 19:16:33 - diana.utils.checkpointing - INFO - New best model saved: results/search_v9_multitask/cv_results/fold_4/best_model.pth (val_loss: 3.6313)
2026-09-09 19:16:34 - diana.utils.checkpointing - INFO - Checkpoint saved: results/search_v9_multitask/cv_results/fold_4/checkpoint_epoch_57_20260909_191634.pth
2026-09-09 19:16:34 - diana.utils.checkpointing - INFO - New best model saved: results/search_v9_multitask/cv_results/fold_4/best_model.pth (val_loss: 3.6303)
2026-09-09 19:16:35 - diana.utils.checkpointing - INFO - Checkpoint saved: results/search_v9_multitask/cv_results/fold_4/checkpoint_epoch_58_20260909_191635.pth
2026-09-09 19:16:36 - diana.utils.checkpointing - INFO - Checkpoint saved: results/search_v9_multitask/cv_results/fold_4/checkpoint_epoch_59_20260909_191635.pth
2026-09-09 19:16:36 - diana.utils.checkpointing - INFO - Checkpoint saved: results/search_v9_multitask/cv_results/fold_4/checkpoint_epoch_60_20260909_191636.pth
2026-09-09 19:16:37 - diana.utils.checkpointing - INFO - New best model saved: results/search_v9_multitask/cv_results/fold_4/best_model.pth (val_loss: 3.6018)
2026-09-09 19:16:37 - __main__ - INFO - Epoch 60/200, Train Loss: 3.1040, Val Loss: 3.6018
2026-09-09 19:16:37 - diana.utils.checkpointing - INFO - Checkpoint saved: results/search_v9_multitask/cv_results/fold_4/checkpoint_epoch_61_20260909_191637.pth
2026-09-09 19:16:38 - diana.utils.checkpointing - INFO - New best model saved: results/search_v9_multitask/cv_results/fold_4/best_model.pth (val_loss: 3.5389)
2026-09-09 19:16:38 - diana.utils.checkpointing - INFO - Checkpoint saved: results/search_v9_multitask/cv_results/fold_4/checkpoint_epoch_62_20260909_191638.pth
2026-09-09 19:16:39 - diana.utils.checkpointing - INFO - Checkpoint saved: results/search_v9_multitask/cv_results/fold_4/checkpoint_epoch_63_20260909_191639.pth
2026-09-09 19:16:39 - diana.utils.checkpointing - INFO - New best model saved: results/search_v9_multitask/cv_results/fold_4/best_model.pth (val_loss: 3.5332)
2026-09-09 19:16:40 - diana.utils.checkpointing - INFO - Checkpoint saved: results/search_v9_multitask/cv_results/fold_4/checkpoint_epoch_64_20260909_191640.pth
2026-09-09 19:16:41 - diana.utils.checkpointing - INFO - Checkpoint saved: results/search_v9_multitask/cv_results/fold_4/checkpoint_epoch_65_20260909_191640.pth
2026-09-09 19:16:41 - diana.utils.checkpointing - INFO - Checkpoint saved: results/search_v9_multitask/cv_results/fold_4/checkpoint_epoch_66_20260909_191641.pth
2026-09-09 19:16:42 - diana.utils.checkpointing - INFO - New best model saved: results/search_v9_multitask/cv_results/fold_4/best_model.pth (val_loss: 3.5157)
2026-09-09 19:16:42 - diana.utils.checkpointing - INFO - Checkpoint saved: results/search_v9_multitask/cv_results/fold_4/checkpoint_epoch_67_20260909_191642.pth
2026-09-09 19:16:43 - diana.utils.checkpointing - INFO - Checkpoint saved: results/search_v9_multitask/cv_results/fold_4/checkpoint_epoch_68_20260909_191642.pth
2026-09-09 19:16:43 - diana.utils.checkpointing - INFO - New best model saved: results/search_v9_multitask/cv_results/fold_4/best_model.pth (val_loss: 3.4911)
2026-09-09 19:16:44 - diana.utils.checkpointing - INFO - Checkpoint saved: results/search_v9_multitask/cv_results/fold_4/checkpoint_epoch_69_20260909_191643.pth
2026-09-09 19:16:44 - diana.utils.checkpointing - INFO - New best model saved: results/search_v9_multitask/cv_results/fold_4/best_model.pth (val_loss: 3.4785)
2026-09-09 19:16:45 - diana.utils.checkpointing - INFO - Checkpoint saved: results/search_v9_multitask/cv_results/fold_4/checkpoint_epoch_70_20260909_191644.pth
2026-09-09 19:16:45 - diana.utils.checkpointing - INFO - New best model saved: results/search_v9_multitask/cv_results/fold_4/best_model.pth (val_loss: 3.4407)
2026-09-09 19:16:46 - diana.utils.checkpointing - INFO - Checkpoint saved: results/search_v9_multitask/cv_results/fold_4/checkpoint_epoch_71_20260909_191645.pth
2026-09-09 19:16:46 - diana.utils.checkpointing - INFO - Checkpoint saved: results/search_v9_multitask/cv_results/fold_4/checkpoint_epoch_72_20260909_191646.pth
2026-09-09 19:16:47 - diana.utils.checkpointing - INFO - New best model saved: results/search_v9_multitask/cv_results/fold_4/best_model.pth (val_loss: 3.4255)
2026-09-09 19:16:47 - diana.utils.checkpointing - INFO - Checkpoint saved: results/search_v9_multitask/cv_results/fold_4/checkpoint_epoch_73_20260909_191647.pth
2026-09-09 19:16:48 - diana.utils.checkpointing - INFO - New best model saved: results/search_v9_multitask/cv_results/fold_4/best_model.pth (val_loss: 3.4127)
2026-09-09 19:16:48 - diana.utils.checkpointing - INFO - Checkpoint saved: results/search_v9_multitask/cv_results/fold_4/checkpoint_epoch_74_20260909_191648.pth
2026-09-09 19:16:49 - diana.utils.checkpointing - INFO - Checkpoint saved: results/search_v9_multitask/cv_results/fold_4/checkpoint_epoch_75_20260909_191648.pth
2026-09-09 19:16:49 - diana.utils.checkpointing - INFO - New best model saved: results/search_v9_multitask/cv_results/fold_4/best_model.pth (val_loss: 3.3913)
2026-09-09 19:16:50 - diana.utils.checkpointing - INFO - Checkpoint saved: results/search_v9_multitask/cv_results/fold_4/checkpoint_epoch_76_20260909_191649.pth
2026-09-09 19:16:50 - diana.utils.checkpointing - INFO - Checkpoint saved: results/search_v9_multitask/cv_results/fold_4/checkpoint_epoch_77_20260909_191650.pth
2026-09-09 19:16:51 - diana.utils.checkpointing - INFO - New best model saved: results/search_v9_multitask/cv_results/fold_4/best_model.pth (val_loss: 3.3857)
2026-09-09 19:16:51 - diana.utils.checkpointing - INFO - Checkpoint saved: results/search_v9_multitask/cv_results/fold_4/checkpoint_epoch_78_20260909_191651.pth
2026-09-09 19:16:52 - diana.utils.checkpointing - INFO - Checkpoint saved: results/search_v9_multitask/cv_results/fold_4/checkpoint_epoch_79_20260909_191652.pth
2026-09-09 19:16:53 - diana.utils.checkpointing - INFO - Checkpoint saved: results/search_v9_multitask/cv_results/fold_4/checkpoint_epoch_80_20260909_191652.pth
2026-09-09 19:16:53 - diana.utils.checkpointing - INFO - New best model saved: results/search_v9_multitask/cv_results/fold_4/best_model.pth (val_loss: 3.3846)
2026-09-09 19:16:53 - __main__ - INFO - Epoch 80/200, Train Loss: 2.8009, Val Loss: 3.3846
2026-09-09 19:16:53 - diana.utils.checkpointing - INFO - Checkpoint saved: results/search_v9_multitask/cv_results/fold_4/checkpoint_epoch_81_20260909_191653.pth
2026-09-09 19:16:54 - diana.utils.checkpointing - INFO - Checkpoint saved: results/search_v9_multitask/cv_results/fold_4/checkpoint_epoch_82_20260909_191654.pth
2026-09-09 19:16:55 - diana.utils.checkpointing - INFO - Checkpoint saved: results/search_v9_multitask/cv_results/fold_4/checkpoint_epoch_83_20260909_191654.pth
2026-09-09 19:16:55 - diana.utils.checkpointing - INFO - Checkpoint saved: results/search_v9_multitask/cv_results/fold_4/checkpoint_epoch_84_20260909_191655.pth
2026-09-09 19:16:56 - diana.utils.checkpointing - INFO - Checkpoint saved: results/search_v9_multitask/cv_results/fold_4/checkpoint_epoch_85_20260909_191655.pth
2026-09-09 19:16:56 - diana.utils.checkpointing - INFO - New best model saved: results/search_v9_multitask/cv_results/fold_4/best_model.pth (val_loss: 3.3826)
2026-09-09 19:16:57 - diana.utils.checkpointing - INFO - Checkpoint saved: results/search_v9_multitask/cv_results/fold_4/checkpoint_epoch_86_20260909_191657.pth
2026-09-09 19:16:57 - diana.utils.checkpointing - INFO - New best model saved: results/search_v9_multitask/cv_results/fold_4/best_model.pth (val_loss: 3.3753)
2026-09-09 19:16:58 - diana.utils.checkpointing - INFO - Checkpoint saved: results/search_v9_multitask/cv_results/fold_4/checkpoint_epoch_87_20260909_191658.pth
2026-09-09 19:16:58 - diana.utils.checkpointing - INFO - New best model saved: results/search_v9_multitask/cv_results/fold_4/best_model.pth (val_loss: 3.3413)
2026-09-09 19:16:59 - diana.utils.checkpointing - INFO - Checkpoint saved: results/search_v9_multitask/cv_results/fold_4/checkpoint_epoch_88_20260909_191659.pth
2026-09-09 19:16:59 - diana.utils.checkpointing - INFO - New best model saved: results/search_v9_multitask/cv_results/fold_4/best_model.pth (val_loss: 3.3381)
2026-09-09 19:17:00 - diana.utils.checkpointing - INFO - Checkpoint saved: results/search_v9_multitask/cv_results/fold_4/checkpoint_epoch_89_20260909_191700.pth
2026-09-09 19:17:01 - diana.utils.checkpointing - INFO - Checkpoint saved: results/search_v9_multitask/cv_results/fold_4/checkpoint_epoch_90_20260909_191700.pth
2026-09-09 19:17:01 - diana.utils.checkpointing - INFO - New best model saved: results/search_v9_multitask/cv_results/fold_4/best_model.pth (val_loss: 3.3092)
2026-09-09 19:17:02 - diana.utils.checkpointing - INFO - Checkpoint saved: results/search_v9_multitask/cv_results/fold_4/checkpoint_epoch_91_20260909_191701.pth
2026-09-09 19:17:02 - diana.utils.checkpointing - INFO - New best model saved: results/search_v9_multitask/cv_results/fold_4/best_model.pth (val_loss: 3.3076)
2026-09-09 19:17:03 - diana.utils.checkpointing - INFO - Checkpoint saved: results/search_v9_multitask/cv_results/fold_4/checkpoint_epoch_92_20260909_191702.pth
2026-09-09 19:17:03 - diana.utils.checkpointing - INFO - Checkpoint saved: results/search_v9_multitask/cv_results/fold_4/checkpoint_epoch_93_20260909_191703.pth
2026-09-09 19:17:04 - diana.utils.checkpointing - INFO - Checkpoint saved: results/search_v9_multitask/cv_results/fold_4/checkpoint_epoch_94_20260909_191703.pth
2026-09-09 19:17:04 - diana.utils.checkpointing - INFO - Checkpoint saved: results/search_v9_multitask/cv_results/fold_4/checkpoint_epoch_95_20260909_191704.pth
2026-09-09 19:17:05 - diana.utils.checkpointing - INFO - Checkpoint saved: results/search_v9_multitask/cv_results/fold_4/checkpoint_epoch_96_20260909_191705.pth
2026-09-09 19:17:06 - diana.utils.checkpointing - INFO - Checkpoint saved: results/search_v9_multitask/cv_results/fold_4/checkpoint_epoch_97_20260909_191705.pth
2026-09-09 19:17:06 - diana.utils.checkpointing - INFO - Checkpoint saved: results/search_v9_multitask/cv_results/fold_4/checkpoint_epoch_98_20260909_191706.pth
2026-09-09 19:17:07 - diana.utils.checkpointing - INFO - Checkpoint saved: results/search_v9_multitask/cv_results/fold_4/checkpoint_epoch_99_20260909_191706.pth
2026-09-09 19:17:07 - diana.utils.checkpointing - INFO - Checkpoint saved: results/search_v9_multitask/cv_results/fold_4/checkpoint_epoch_100_20260909_191707.pth
2026-09-09 19:17:08 - diana.utils.checkpointing - INFO - New best model saved: results/search_v9_multitask/cv_results/fold_4/best_model.pth (val_loss: 3.3050)
2026-09-09 19:17:08 - __main__ - INFO - Epoch 100/200, Train Loss: 2.6174, Val Loss: 3.3050
2026-09-09 19:17:08 - diana.utils.checkpointing - INFO - Checkpoint saved: results/search_v9_multitask/cv_results/fold_4/checkpoint_epoch_101_20260909_191708.pth
2026-09-09 19:17:09 - diana.utils.checkpointing - INFO - New best model saved: results/search_v9_multitask/cv_results/fold_4/best_model.pth (val_loss: 3.2824)
2026-09-09 19:17:09 - diana.utils.checkpointing - INFO - Checkpoint saved: results/search_v9_multitask/cv_results/fold_4/checkpoint_epoch_102_20260909_191709.pth
2026-09-09 19:17:10 - diana.utils.checkpointing - INFO - New best model saved: results/search_v9_multitask/cv_results/fold_4/best_model.pth (val_loss: 3.2752)
2026-09-09 19:17:10 - diana.utils.checkpointing - INFO - Checkpoint saved: results/search_v9_multitask/cv_results/fold_4/checkpoint_epoch_103_20260909_191710.pth
2026-09-09 19:17:11 - diana.utils.checkpointing - INFO - New best model saved: results/search_v9_multitask/cv_results/fold_4/best_model.pth (val_loss: 3.2559)
2026-09-09 19:17:11 - diana.utils.checkpointing - INFO - Checkpoint saved: results/search_v9_multitask/cv_results/fold_4/checkpoint_epoch_104_20260909_191711.pth
2026-09-09 19:17:12 - diana.utils.checkpointing - INFO - Checkpoint saved: results/search_v9_multitask/cv_results/fold_4/checkpoint_epoch_105_20260909_191712.pth
2026-09-09 19:17:12 - diana.utils.checkpointing - INFO - New best model saved: results/search_v9_multitask/cv_results/fold_4/best_model.pth (val_loss: 3.2446)
2026-09-09 19:17:13 - diana.utils.checkpointing - INFO - Checkpoint saved: results/search_v9_multitask/cv_results/fold_4/checkpoint_epoch_106_20260909_191713.pth
2026-09-09 19:17:14 - diana.utils.checkpointing - INFO - Checkpoint saved: results/search_v9_multitask/cv_results/fold_4/checkpoint_epoch_107_20260909_191713.pth
2026-09-09 19:17:14 - diana.utils.checkpointing - INFO - Checkpoint saved: results/search_v9_multitask/cv_results/fold_4/checkpoint_epoch_108_20260909_191714.pth
2026-09-09 19:17:15 - diana.utils.checkpointing - INFO - New best model saved: results/search_v9_multitask/cv_results/fold_4/best_model.pth (val_loss: 3.2291)
2026-09-09 19:17:15 - diana.utils.checkpointing - INFO - Checkpoint saved: results/search_v9_multitask/cv_results/fold_4/checkpoint_epoch_109_20260909_191715.pth
2026-09-09 19:17:16 - diana.utils.checkpointing - INFO - New best model saved: results/search_v9_multitask/cv_results/fold_4/best_model.pth (val_loss: 3.2153)
2026-09-09 19:17:16 - diana.utils.checkpointing - INFO - Checkpoint saved: results/search_v9_multitask/cv_results/fold_4/checkpoint_epoch_110_20260909_191716.pth
2026-09-09 19:17:17 - diana.utils.checkpointing - INFO - New best model saved: results/search_v9_multitask/cv_results/fold_4/best_model.pth (val_loss: 3.1993)
2026-09-09 19:17:18 - diana.utils.checkpointing - INFO - Checkpoint saved: results/search_v9_multitask/cv_results/fold_4/checkpoint_epoch_111_20260909_191717.pth
2026-09-09 19:17:18 - diana.utils.checkpointing - INFO - Checkpoint saved: results/search_v9_multitask/cv_results/fold_4/checkpoint_epoch_112_20260909_191718.pth
2026-09-09 19:17:19 - diana.utils.checkpointing - INFO - New best model saved: results/search_v9_multitask/cv_results/fold_4/best_model.pth (val_loss: 3.1900)
2026-09-09 19:17:19 - diana.utils.checkpointing - INFO - Checkpoint saved: results/search_v9_multitask/cv_results/fold_4/checkpoint_epoch_113_20260909_191719.pth
2026-09-09 19:17:19 - diana.utils.checkpointing - INFO - New best model saved: results/search_v9_multitask/cv_results/fold_4/best_model.pth (val_loss: 3.1846)
2026-09-09 19:17:20 - diana.utils.checkpointing - INFO - Checkpoint saved: results/search_v9_multitask/cv_results/fold_4/checkpoint_epoch_114_20260909_191720.pth
2026-09-09 19:17:21 - diana.utils.checkpointing - INFO - Checkpoint saved: results/search_v9_multitask/cv_results/fold_4/checkpoint_epoch_115_20260909_191720.pth
2026-09-09 19:17:21 - diana.utils.checkpointing - INFO - Checkpoint saved: results/search_v9_multitask/cv_results/fold_4/checkpoint_epoch_116_20260909_191721.pth
2026-09-09 19:17:22 - diana.utils.checkpointing - INFO - Checkpoint saved: results/search_v9_multitask/cv_results/fold_4/checkpoint_epoch_117_20260909_191722.pth
2026-09-09 19:17:22 - diana.utils.checkpointing - INFO - New best model saved: results/search_v9_multitask/cv_results/fold_4/best_model.pth (val_loss: 3.1772)
2026-09-09 19:17:23 - diana.utils.checkpointing - INFO - Checkpoint saved: results/search_v9_multitask/cv_results/fold_4/checkpoint_epoch_118_20260909_191722.pth
2026-09-09 19:17:23 - diana.utils.checkpointing - INFO - New best model saved: results/search_v9_multitask/cv_results/fold_4/best_model.pth (val_loss: 3.1619)
2026-09-09 19:17:24 - diana.utils.checkpointing - INFO - Checkpoint saved: results/search_v9_multitask/cv_results/fold_4/checkpoint_epoch_119_20260909_191724.pth
2026-09-09 19:17:24 - diana.utils.checkpointing - INFO - New best model saved: results/search_v9_multitask/cv_results/fold_4/best_model.pth (val_loss: 3.1608)
2026-09-09 19:17:25 - diana.utils.checkpointing - INFO - Checkpoint saved: results/search_v9_multitask/cv_results/fold_4/checkpoint_epoch_120_20260909_191725.pth
2026-09-09 19:17:25 - diana.utils.checkpointing - INFO - New best model saved: results/search_v9_multitask/cv_results/fold_4/best_model.pth (val_loss: 3.1377)
2026-09-09 19:17:25 - __main__ - INFO - Epoch 120/200, Train Loss: 2.5219, Val Loss: 3.1377
2026-09-09 19:17:26 - diana.utils.checkpointing - INFO - Checkpoint saved: results/search_v9_multitask/cv_results/fold_4/checkpoint_epoch_121_20260909_191726.pth
2026-09-09 19:17:26 - diana.utils.checkpointing - INFO - New best model saved: results/search_v9_multitask/cv_results/fold_4/best_model.pth (val_loss: 3.1196)
2026-09-09 19:17:27 - diana.utils.checkpointing - INFO - Checkpoint saved: results/search_v9_multitask/cv_results/fold_4/checkpoint_epoch_122_20260909_191727.pth
2026-09-09 19:17:28 - diana.utils.checkpointing - INFO - Checkpoint saved: results/search_v9_multitask/cv_results/fold_4/checkpoint_epoch_123_20260909_191727.pth
2026-09-09 19:17:28 - diana.utils.checkpointing - INFO - Checkpoint saved: results/search_v9_multitask/cv_results/fold_4/checkpoint_epoch_124_20260909_191728.pth
2026-09-09 19:17:29 - diana.utils.checkpointing - INFO - New best model saved: results/search_v9_multitask/cv_results/fold_4/best_model.pth (val_loss: 3.1192)
2026-09-09 19:17:29 - diana.utils.checkpointing - INFO - Checkpoint saved: results/search_v9_multitask/cv_results/fold_4/checkpoint_epoch_125_20260909_191729.pth
2026-09-09 19:17:30 - diana.utils.checkpointing - INFO - Checkpoint saved: results/search_v9_multitask/cv_results/fold_4/checkpoint_epoch_126_20260909_191729.pth
2026-09-09 19:17:30 - diana.utils.checkpointing - INFO - Checkpoint saved: results/search_v9_multitask/cv_results/fold_4/checkpoint_epoch_127_20260909_191730.pth
2026-09-09 19:17:31 - diana.utils.checkpointing - INFO - Checkpoint saved: results/search_v9_multitask/cv_results/fold_4/checkpoint_epoch_128_20260909_191730.pth
2026-09-09 19:17:32 - diana.utils.checkpointing - INFO - Checkpoint saved: results/search_v9_multitask/cv_results/fold_4/checkpoint_epoch_129_20260909_191731.pth
2026-09-09 19:17:32 - diana.utils.checkpointing - INFO - Checkpoint saved: results/search_v9_multitask/cv_results/fold_4/checkpoint_epoch_130_20260909_191732.pth
2026-09-09 19:17:33 - diana.utils.checkpointing - INFO - Checkpoint saved: results/search_v9_multitask/cv_results/fold_4/checkpoint_epoch_131_20260909_191732.pth
2026-09-09 19:17:33 - diana.utils.checkpointing - INFO - New best model saved: results/search_v9_multitask/cv_results/fold_4/best_model.pth (val_loss: 3.1074)
2026-09-09 19:17:34 - diana.utils.checkpointing - INFO - Checkpoint saved: results/search_v9_multitask/cv_results/fold_4/checkpoint_epoch_132_20260909_191733.pth
2026-09-09 19:17:34 - diana.utils.checkpointing - INFO - Checkpoint saved: results/search_v9_multitask/cv_results/fold_4/checkpoint_epoch_133_20260909_191734.pth
2026-09-09 19:17:35 - diana.utils.checkpointing - INFO - Checkpoint saved: results/search_v9_multitask/cv_results/fold_4/checkpoint_epoch_134_20260909_191734.pth
2026-09-09 19:17:35 - diana.utils.checkpointing - INFO - Checkpoint saved: results/search_v9_multitask/cv_results/fold_4/checkpoint_epoch_135_20260909_191735.pth
2026-09-09 19:17:36 - diana.utils.checkpointing - INFO - New best model saved: results/search_v9_multitask/cv_results/fold_4/best_model.pth (val_loss: 3.1050)
2026-09-09 19:17:36 - diana.utils.checkpointing - INFO - Checkpoint saved: results/search_v9_multitask/cv_results/fold_4/checkpoint_epoch_136_20260909_191736.pth
2026-09-09 19:17:37 - diana.utils.checkpointing - INFO - New best model saved: results/search_v9_multitask/cv_results/fold_4/best_model.pth (val_loss: 3.0648)
2026-09-09 19:17:37 - diana.utils.checkpointing - INFO - Checkpoint saved: results/search_v9_multitask/cv_results/fold_4/checkpoint_epoch_137_20260909_191737.pth
2026-09-09 19:17:38 - diana.utils.checkpointing - INFO - Checkpoint saved: results/search_v9_multitask/cv_results/fold_4/checkpoint_epoch_138_20260909_191738.pth
2026-09-09 19:17:39 - diana.utils.checkpointing - INFO - Checkpoint saved: results/search_v9_multitask/cv_results/fold_4/checkpoint_epoch_139_20260909_191738.pth
2026-09-09 19:17:39 - diana.utils.checkpointing - INFO - Checkpoint saved: results/search_v9_multitask/cv_results/fold_4/checkpoint_epoch_140_20260909_191739.pth
2026-09-09 19:17:39 - __main__ - INFO - Epoch 140/200, Train Loss: 2.4148, Val Loss: 3.0975
2026-09-09 19:17:40 - diana.utils.checkpointing - INFO - Checkpoint saved: results/search_v9_multitask/cv_results/fold_4/checkpoint_epoch_141_20260909_191739.pth
2026-09-09 19:17:40 - diana.utils.checkpointing - INFO - Checkpoint saved: results/search_v9_multitask/cv_results/fold_4/checkpoint_epoch_142_20260909_191740.pth
2026-09-09 19:17:41 - diana.utils.checkpointing - INFO - New best model saved: results/search_v9_multitask/cv_results/fold_4/best_model.pth (val_loss: 3.0370)
2026-09-09 19:17:41 - diana.utils.checkpointing - INFO - Checkpoint saved: results/search_v9_multitask/cv_results/fold_4/checkpoint_epoch_143_20260909_191741.pth
2026-09-09 19:17:42 - diana.utils.checkpointing - INFO - Checkpoint saved: results/search_v9_multitask/cv_results/fold_4/checkpoint_epoch_144_20260909_191741.pth
2026-09-09 19:17:42 - diana.utils.checkpointing - INFO - Checkpoint saved: results/search_v9_multitask/cv_results/fold_4/checkpoint_epoch_145_20260909_191742.pth
2026-09-09 19:17:43 - diana.utils.checkpointing - INFO - Checkpoint saved: results/search_v9_multitask/cv_results/fold_4/checkpoint_epoch_146_20260909_191743.pth
2026-09-09 19:17:44 - diana.utils.checkpointing - INFO - Checkpoint saved: results/search_v9_multitask/cv_results/fold_4/checkpoint_epoch_147_20260909_191743.pth
2026-09-09 19:17:44 - diana.utils.checkpointing - INFO - Checkpoint saved: results/search_v9_multitask/cv_results/fold_4/checkpoint_epoch_148_20260909_191744.pth
2026-09-09 19:17:45 - diana.utils.checkpointing - INFO - Checkpoint saved: results/search_v9_multitask/cv_results/fold_4/checkpoint_epoch_149_20260909_191744.pth
2026-09-09 19:17:45 - diana.utils.checkpointing - INFO - Checkpoint saved: results/search_v9_multitask/cv_results/fold_4/checkpoint_epoch_150_20260909_191745.pth
2026-09-09 19:17:46 - diana.utils.checkpointing - INFO - Checkpoint saved: results/search_v9_multitask/cv_results/fold_4/checkpoint_epoch_151_20260909_191746.pth
2026-09-09 19:17:46 - diana.utils.checkpointing - INFO - New best model saved: results/search_v9_multitask/cv_results/fold_4/best_model.pth (val_loss: 3.0243)
2026-09-09 19:17:47 - diana.utils.checkpointing - INFO - Checkpoint saved: results/search_v9_multitask/cv_results/fold_4/checkpoint_epoch_152_20260909_191747.pth
2026-09-09 19:17:47 - diana.utils.checkpointing - INFO - New best model saved: results/search_v9_multitask/cv_results/fold_4/best_model.pth (val_loss: 3.0141)
2026-09-09 19:17:48 - diana.utils.checkpointing - INFO - Checkpoint saved: results/search_v9_multitask/cv_results/fold_4/checkpoint_epoch_153_20260909_191748.pth
2026-09-09 19:17:49 - diana.utils.checkpointing - INFO - Checkpoint saved: results/search_v9_multitask/cv_results/fold_4/checkpoint_epoch_154_20260909_191748.pth
2026-09-09 19:17:49 - diana.utils.checkpointing - INFO - Checkpoint saved: results/search_v9_multitask/cv_results/fold_4/checkpoint_epoch_155_20260909_191749.pth
2026-09-09 19:17:50 - diana.utils.checkpointing - INFO - Checkpoint saved: results/search_v9_multitask/cv_results/fold_4/checkpoint_epoch_156_20260909_191749.pth
2026-09-09 19:17:50 - diana.utils.checkpointing - INFO - Checkpoint saved: results/search_v9_multitask/cv_results/fold_4/checkpoint_epoch_157_20260909_191750.pth
2026-09-09 19:17:51 - diana.utils.checkpointing - INFO - Checkpoint saved: results/search_v9_multitask/cv_results/fold_4/checkpoint_epoch_158_20260909_191751.pth
2026-09-09 19:17:52 - diana.utils.checkpointing - INFO - Checkpoint saved: results/search_v9_multitask/cv_results/fold_4/checkpoint_epoch_159_20260909_191751.pth
2026-09-09 19:17:52 - diana.utils.checkpointing - INFO - Checkpoint saved: results/search_v9_multitask/cv_results/fold_4/checkpoint_epoch_160_20260909_191752.pth
2026-09-09 19:17:52 - __main__ - INFO - Epoch 160/200, Train Loss: 2.3620, Val Loss: 3.0268
2026-09-09 19:17:53 - diana.utils.checkpointing - INFO - Checkpoint saved: results/search_v9_multitask/cv_results/fold_4/checkpoint_epoch_161_20260909_191752.pth
2026-09-09 19:17:53 - diana.utils.checkpointing - INFO - Checkpoint saved: results/search_v9_multitask/cv_results/fold_4/checkpoint_epoch_162_20260909_191753.pth
2026-09-09 19:17:54 - diana.utils.checkpointing - INFO - Checkpoint saved: results/search_v9_multitask/cv_results/fold_4/checkpoint_epoch_163_20260909_191753.pth
2026-09-09 19:17:54 - diana.utils.checkpointing - INFO - Checkpoint saved: results/search_v9_multitask/cv_results/fold_4/checkpoint_epoch_164_20260909_191754.pth
2026-09-09 19:17:55 - diana.utils.checkpointing - INFO - New best model saved: results/search_v9_multitask/cv_results/fold_4/best_model.pth (val_loss: 3.0131)
2026-09-09 19:17:55 - diana.utils.checkpointing - INFO - Checkpoint saved: results/search_v9_multitask/cv_results/fold_4/checkpoint_epoch_165_20260909_191755.pth
2026-09-09 19:17:56 - diana.utils.checkpointing - INFO - Checkpoint saved: results/search_v9_multitask/cv_results/fold_4/checkpoint_epoch_166_20260909_191756.pth
2026-09-09 19:17:57 - diana.utils.checkpointing - INFO - Checkpoint saved: results/search_v9_multitask/cv_results/fold_4/checkpoint_epoch_167_20260909_191756.pth
2026-09-09 19:17:57 - diana.utils.checkpointing - INFO - Checkpoint saved: results/search_v9_multitask/cv_results/fold_4/checkpoint_epoch_168_20260909_191757.pth
2026-09-09 19:17:58 - diana.utils.checkpointing - INFO - Checkpoint saved: results/search_v9_multitask/cv_results/fold_4/checkpoint_epoch_169_20260909_191757.pth
2026-09-09 19:17:58 - diana.utils.checkpointing - INFO - New best model saved: results/search_v9_multitask/cv_results/fold_4/best_model.pth (val_loss: 2.9943)
2026-09-09 19:17:59 - diana.utils.checkpointing - INFO - Checkpoint saved: results/search_v9_multitask/cv_results/fold_4/checkpoint_epoch_170_20260909_191758.pth
2026-09-09 19:17:59 - diana.utils.checkpointing - INFO - New best model saved: results/search_v9_multitask/cv_results/fold_4/best_model.pth (val_loss: 2.9848)
2026-09-09 19:18:00 - diana.utils.checkpointing - INFO - Checkpoint saved: results/search_v9_multitask/cv_results/fold_4/checkpoint_epoch_171_20260909_191759.pth
2026-09-09 19:18:00 - diana.utils.checkpointing - INFO - Checkpoint saved: results/search_v9_multitask/cv_results/fold_4/checkpoint_epoch_172_20260909_191800.pth
2026-09-09 19:18:01 - diana.utils.checkpointing - INFO - Checkpoint saved: results/search_v9_multitask/cv_results/fold_4/checkpoint_epoch_173_20260909_191801.pth
2026-09-09 19:18:02 - diana.utils.checkpointing - INFO - Checkpoint saved: results/search_v9_multitask/cv_results/fold_4/checkpoint_epoch_174_20260909_191801.pth
2026-09-09 19:18:02 - diana.utils.checkpointing - INFO - New best model saved: results/search_v9_multitask/cv_results/fold_4/best_model.pth (val_loss: 2.9821)
2026-09-09 19:18:03 - diana.utils.checkpointing - INFO - Checkpoint saved: results/search_v9_multitask/cv_results/fold_4/checkpoint_epoch_175_20260909_191802.pth
2026-09-09 19:18:03 - diana.utils.checkpointing - INFO - New best model saved: results/search_v9_multitask/cv_results/fold_4/best_model.pth (val_loss: 2.9680)
2026-09-09 19:18:03 - diana.utils.checkpointing - INFO - Checkpoint saved: results/search_v9_multitask/cv_results/fold_4/checkpoint_epoch_176_20260909_191803.pth
2026-09-09 19:18:04 - diana.utils.checkpointing - INFO - Checkpoint saved: results/search_v9_multitask/cv_results/fold_4/checkpoint_epoch_177_20260909_191804.pth
2026-09-09 19:18:05 - diana.utils.checkpointing - INFO - Checkpoint saved: results/search_v9_multitask/cv_results/fold_4/checkpoint_epoch_178_20260909_191804.pth
2026-09-09 19:18:05 - diana.utils.checkpointing - INFO - Checkpoint saved: results/search_v9_multitask/cv_results/fold_4/checkpoint_epoch_179_20260909_191805.pth
2026-09-09 19:18:06 - diana.utils.checkpointing - INFO - Checkpoint saved: results/search_v9_multitask/cv_results/fold_4/checkpoint_epoch_180_20260909_191805.pth
2026-09-09 19:18:06 - __main__ - INFO - Epoch 180/200, Train Loss: 2.3018, Val Loss: 3.0159
2026-09-09 19:18:06 - diana.utils.checkpointing - INFO - Checkpoint saved: results/search_v9_multitask/cv_results/fold_4/checkpoint_epoch_181_20260909_191806.pth
2026-09-09 19:18:07 - diana.utils.checkpointing - INFO - Checkpoint saved: results/search_v9_multitask/cv_results/fold_4/checkpoint_epoch_182_20260909_191807.pth
2026-09-09 19:18:08 - diana.utils.checkpointing - INFO - Checkpoint saved: results/search_v9_multitask/cv_results/fold_4/checkpoint_epoch_183_20260909_191807.pth
2026-09-09 19:18:08 - diana.utils.checkpointing - INFO - Checkpoint saved: results/search_v9_multitask/cv_results/fold_4/checkpoint_epoch_184_20260909_191808.pth
2026-09-09 19:18:09 - diana.utils.checkpointing - INFO - Checkpoint saved: results/search_v9_multitask/cv_results/fold_4/checkpoint_epoch_185_20260909_191809.pth
2026-09-09 19:18:10 - diana.utils.checkpointing - INFO - Checkpoint saved: results/search_v9_multitask/cv_results/fold_4/checkpoint_epoch_186_20260909_191809.pth
2026-09-09 19:18:10 - diana.utils.checkpointing - INFO - Checkpoint saved: results/search_v9_multitask/cv_results/fold_4/checkpoint_epoch_187_20260909_191810.pth
2026-09-09 19:18:11 - diana.utils.checkpointing - INFO - New best model saved: results/search_v9_multitask/cv_results/fold_4/best_model.pth (val_loss: 2.9625)
2026-09-09 19:18:11 - diana.utils.checkpointing - INFO - Checkpoint saved: results/search_v9_multitask/cv_results/fold_4/checkpoint_epoch_188_20260909_191811.pth
2026-09-09 19:18:12 - diana.utils.checkpointing - INFO - Checkpoint saved: results/search_v9_multitask/cv_results/fold_4/checkpoint_epoch_189_20260909_191812.pth
2026-09-09 19:18:13 - diana.utils.checkpointing - INFO - Checkpoint saved: results/search_v9_multitask/cv_results/fold_4/checkpoint_epoch_190_20260909_191812.pth
2026-09-09 19:18:13 - diana.utils.checkpointing - INFO - New best model saved: results/search_v9_multitask/cv_results/fold_4/best_model.pth (val_loss: 2.9455)
2026-09-09 19:18:14 - diana.utils.checkpointing - INFO - Checkpoint saved: results/search_v9_multitask/cv_results/fold_4/checkpoint_epoch_191_20260909_191813.pth
2026-09-09 19:18:14 - diana.utils.checkpointing - INFO - Checkpoint saved: results/search_v9_multitask/cv_results/fold_4/checkpoint_epoch_192_20260909_191814.pth
2026-09-09 19:18:15 - diana.utils.checkpointing - INFO - New best model saved: results/search_v9_multitask/cv_results/fold_4/best_model.pth (val_loss: 2.9355)
2026-09-09 19:18:15 - diana.utils.checkpointing - INFO - Checkpoint saved: results/search_v9_multitask/cv_results/fold_4/checkpoint_epoch_193_20260909_191815.pth
2026-09-09 19:18:16 - diana.utils.checkpointing - INFO - Checkpoint saved: results/search_v9_multitask/cv_results/fold_4/checkpoint_epoch_194_20260909_191815.pth
2026-09-09 19:18:16 - diana.utils.checkpointing - INFO - Checkpoint saved: results/search_v9_multitask/cv_results/fold_4/checkpoint_epoch_195_20260909_191816.pth
2026-09-09 19:18:17 - diana.utils.checkpointing - INFO - New best model saved: results/search_v9_multitask/cv_results/fold_4/best_model.pth (val_loss: 2.9298)
2026-09-09 19:18:17 - diana.utils.checkpointing - INFO - Checkpoint saved: results/search_v9_multitask/cv_results/fold_4/checkpoint_epoch_196_20260909_191817.pth
2026-09-09 19:18:18 - diana.utils.checkpointing - INFO - Checkpoint saved: results/search_v9_multitask/cv_results/fold_4/checkpoint_epoch_197_20260909_191817.pth
2026-09-09 19:18:18 - diana.utils.checkpointing - INFO - Checkpoint saved: results/search_v9_multitask/cv_results/fold_4/checkpoint_epoch_198_20260909_191818.pth
2026-09-09 19:18:19 - diana.utils.checkpointing - INFO - Checkpoint saved: results/search_v9_multitask/cv_results/fold_4/checkpoint_epoch_199_20260909_191819.pth
2026-09-09 19:18:19 - diana.utils.checkpointing - INFO - New best model saved: results/search_v9_multitask/cv_results/fold_4/best_model.pth (val_loss: 2.9203)
2026-09-09 19:18:20 - diana.utils.checkpointing - INFO - Checkpoint saved: results/search_v9_multitask/cv_results/fold_4/checkpoint_epoch_200_20260909_191819.pth
2026-09-09 19:18:20 - __main__ - INFO - Epoch 200/200, Train Loss: 2.2846, Val Loss: 2.9583
2026-09-09 19:18:20 - diana.utils.checkpointing - INFO - Loading checkpoint: results/search_v9_multitask/cv_results/fold_4/best_model.pth
2026-09-09 19:18:20 - __main__ - INFO - Loaded best model from epoch 199 (val_loss: 2.9203)
2026-09-09 19:18:20 - __main__ - INFO - Evaluating on held-out test set...
2026-09-09 19:18:20 - __main__ - INFO - community_type test metrics: {'n_scored': 444, 'accuracy': 0.6959459459459459, 'f1_weighted': 0.7372057603719957, 'f1_macro': 0.7951651799130671, 'balanced_accuracy': 0.8461160714285714}
2026-09-09 19:18:20 - __main__ - INFO - feature test metrics: {'n_scored': 45, 'accuracy': 0.7333333333333333, 'f1_weighted': 0.7849361967009025, 'f1_macro': 0.4332399626517273, 'balanced_accuracy': 0.85}
2026-09-09 19:18:20 - __main__ - INFO - sample_host test metrics: {'n_scored': 444, 'accuracy': 0.9481981981981982, 'f1_weighted': 0.9426271159526154, 'f1_macro': 0.14134631525935873, 'balanced_accuracy': 0.19905437352245864}
2026-09-09 19:18:20 - __main__ - INFO - material test metrics: {'n_scored': 489, 'accuracy': 0.7648261758691206, 'f1_weighted': 0.7551362831866846, 'f1_macro': 0.44270067934694624, 'balanced_accuracy': 0.653942998297837}
2026-09-09 19:18:20 - diana.utils.checkpointing - INFO - Final model saved: results/search_v9_multitask/cv_results/fold_4/final_model_20260909_191820.pth
2026-09-09 19:18:20 - __main__ - INFO - Final model saved to results/search_v9_multitask/cv_results/fold_4/final_model_20260909_191820.pth
2026-09-09 19:18:20 - __main__ - INFO - Results saved to results/search_v9_multitask/cv_results/fold_4/multitask_fold_4_results_20260909_172023.json
2026-09-09 19:18:20 - __main__ - INFO - ================================================================================
2026-09-09 19:18:20 - __main__ - INFO - ================================================================================
2026-09-09 19:18:20 - __main__ - INFO - === FOLD COMPLETE ===
2026-09-09 19:18:20 - __main__ - INFO - ================================================================================
2026-09-09 19:18:20 - __main__ - INFO - Results: {'community_type': {'n_scored': 444, 'accuracy': 0.6959459459459459, 'f1_weighted': 0.7372057603719957, 'f1_macro': 0.7951651799130671, 'balanced_accuracy': 0.8461160714285714}, 'feature': {'n_scored': 45, 'accuracy': 0.7333333333333333, 'f1_weighted': 0.7849361967009025, 'f1_macro': 0.4332399626517273, 'balanced_accuracy': 0.85}, 'sample_host': {'n_scored': 444, 'accuracy': 0.9481981981981982, 'f1_weighted': 0.9426271159526154, 'f1_macro': 0.14134631525935873, 'balanced_accuracy': 0.19905437352245864}, 'material': {'n_scored': 489, 'accuracy': 0.7648261758691206, 'f1_weighted': 0.7551362831866846, 'f1_macro': 0.44270067934694624, 'balanced_accuracy': 0.653942998297837}}
