Run_accession	fold	y_true	p_Alouatta palliata	p_Ambrosia artemisiifolia	p_Arabidopsis thaliana	p_Bison priscus	p_Canis lupus	p_Conepatus chinga	p_Gerbilliscus boehmi	p_Gorilla beringei	p_Gorilla beringei beringei	p_Gorilla beringei graueri	p_Gorilla gorilla gorilla	p_Homo sapiens	p_Homo sapiens neanderthalensis	p_Lithobates pipiens	p_Mammuthus primigenius	p_Pan troglodytes ellioti	p_Pan troglodytes schweinfurthii	p_Pan troglodytes verus	p_Papio anubis	p_Papio hamadryas	p_Papio sp.	p_Rangifer tarandus	p_Strigocuscus celebensis	p_Ursus arctos
ERR3579671	0	Pan troglodytes verus	0.0	6.9477546e-06	0.00012020327	0.0012041212	0.00033248885	0.0	0.0	3.6052734e-05	0.0021331902	0.003468664	0.0133151235	0.9790054	0.0	3.17432e-05	1.9570627e-05	0.0	0.0	0.0	4.0706927e-05	0.0002191258	3.908735e-05	1.751213e-05	0.0	1.0083062e-05
ERR3579672	0	Pan troglodytes verus	0.0	6.3963255e-13	5.839456e-12	1.1447214e-07	2.69669e-10	0.0	0.0	9.694641e-10	1.5109887e-09	9.02097e-09	5.516016e-12	0.99997485	0.0	3.834324e-13	1.804062e-12	0.0	0.0	0.0	7.330586e-08	2.4920055e-05	8.825523e-09	4.111191e-11	0.0	4.016195e-12
ERR3579673	0	Homo sapiens neanderthalensis	0.0	1.4090069e-12	9.13134e-11	1.8645297e-06	1.4540782e-08	0.0	0.0	4.5478184e-05	0.00020180435	0.0007292747	0.029701645	0.96931803	0.0	5.089358e-07	1.8155125e-10	0.0	0.0	0.0	9.941323e-07	3.4351248e-07	3.6461778e-08	2.0194313e-09	0.0	2.0447212e-08
ERR3579674	0	Homo sapiens neanderthalensis	0.0	1.6486525e-12	9.541673e-12	2.0078563e-08	8.300583e-10	0.0	0.0	2.5626147e-07	9.213047e-06	9.358366e-06	0.0009257248	0.999046	0.0	1.7607688e-06	1.0447371e-11	0.0	0.0	0.0	6.972383e-06	5.9603633e-07	3.6800145e-08	2.2206723e-09	0.0	5.745199e-09
ERR3579675	0	Pan troglodytes schweinfurthii	0.0	2.8745228e-38	1.8751135e-38	2.2923144e-20	1.5563453e-32	0.0	0.0	1.2521409e-25	1.9872349e-22	1.2437782e-30	3.7265122e-32	0.060982093	0.0	4.45427e-40	1.2726948e-35	0.0	0.0	0.0	9.9557843e-23	0.9390179	1.1712102e-30	7.3337462e-34	0.0	6.4686513e-34
ERR3579676	0	Gorilla beringei graueri	0.0	5.1165744e-06	0.00022898558	0.00165254	0.0001662863	0.0	0.0	0.00092185347	0.00089267176	0.99412286	5.0209546e-05	0.001042413	0.0	0.00014113466	0.000117789765	0.0	0.0	0.0	4.0345196e-05	3.304448e-05	3.5377798e-05	0.00032535873	0.0	0.00022399472
ERR3579677	0	Homo sapiens	0.0	8.9756504e-14	8.595702e-14	1.2162388e-11	1.8517108e-13	0.0	0.0	1.5057908e-13	2.2309357e-11	3.225601e-14	1.9572553e-10	1.0	0.0	3.04545e-14	1.526421e-13	0.0	0.0	0.0	1.2078475e-12	7.7153317e-10	6.04634e-13	1.0770613e-13	0.0	1.4764523e-13
ERR3579678	0	Homo sapiens	0.0	3.3492096e-16	3.166687e-16	2.4653776e-13	1.1724504e-15	0.0	0.0	7.9460097e-16	2.2870128e-13	1.368633e-16	6.3727333e-13	1.0	0.0	9.674044e-17	5.6102015e-16	0.0	0.0	0.0	1.3106956e-14	8.480548e-11	6.8289283e-15	7.620778e-16	0.0	8.680295e-16
ERR3579680	0	Gorilla beringei beringei	0.0	2.7429307e-12	1.589986e-12	2.7370905e-07	1.0861922e-10	0.0	0.0	0.014883704	0.9752238	7.707664e-06	0.00988435	2.2620916e-13	0.0	1.2212019e-10	3.2337795e-09	0.0	0.0	0.0	2.7669164e-10	1.2892968e-07	7.1011317e-12	4.568383e-09	0.0	3.4017937e-08
ERR3579681	0	Gorilla gorilla gorilla	0.0	1.2742427e-05	1.7483999e-05	0.0015414869	0.00021731971	0.0	0.0	0.20146506	0.0058572316	0.20700756	0.5789379	0.00020848452	0.0	0.0015048037	0.00022446329	0.0	0.0	0.0	0.00032991552	7.727174e-05	0.00017315579	0.00039709234	0.0	0.0020280513
ERR3579682	0	Gorilla beringei beringei	0.0	1.150906e-05	4.893041e-06	0.00017901637	0.0003211887	0.0	0.0	0.98481715	0.0034238144	0.007463944	0.00071132265	1.1954188e-05	0.0	0.00023780245	5.5688824e-06	0.0	0.0	0.0	0.00030649328	5.447301e-05	6.42135e-05	0.0022655714	0.0	0.000121086705
ERR3579683	0	Gorilla beringei beringei	0.0	2.1681387e-07	1.0226362e-06	4.6380123e-05	1.5327723e-05	0.0	0.0	0.6772205	0.00014081427	0.30108407	0.00028960017	6.566305e-06	0.0	0.00070988	0.0004294855	0.0	0.0	0.0	0.0006563351	0.00021780835	1.7535069e-05	0.01737863	0.0	0.0017857831
ERR3579685	0	Gorilla beringei beringei	0.0	4.8642437e-07	3.621288e-06	2.5752548e-05	2.6670199e-05	0.0	0.0	0.4052984	0.0010075003	0.5732782	0.0006560016	7.5357293e-06	0.0	0.00032905192	3.2201177e-05	0.0	0.0	0.0	0.00013877725	4.0367053e-05	1.7071206e-05	0.019082392	0.0	5.59907e-05
ERR3579687	0	Gorilla beringei beringei	0.0	1.35477e-05	0.00017469533	0.00041495287	0.00017003206	0.0	0.0	0.16532905	0.028405529	0.50967133	0.00257754	0.0001337916	0.0	0.07119518	0.111526534	0.0	0.0	0.0	0.017188907	0.033174578	0.0006063287	0.046804763	0.0	0.012613253
ERR3579688	0	Homo sapiens neanderthalensis	0.0	0.0	6e-45	5.320085e-31	2.081e-42	0.0	0.0	1.0653551e-34	1.6342699e-30	6.908754e-35	4.4102456e-38	1.0	0.0	2.5e-44	1.718942e-39	0.0	0.0	0.0	9.950899e-32	3.0870985e-20	9.407945e-38	7.12599e-39	0.0	1.5786422e-38
ERR3579699	0	Gorilla gorilla gorilla	0.0	7.1040865e-17	1.610048e-16	5.1092854e-07	1.00057895e-13	0.0	0.0	1.3572852e-09	2.944157e-06	5.803758e-08	3.518244e-14	0.9912938	0.0	6.754668e-18	6.3844237e-13	0.0	0.0	0.0	4.156996e-09	0.008702673	3.044193e-11	2.3587402e-12	0.0	1.18219186e-14
ERR3579700	0	Pan troglodytes ellioti	0.0	6.811456e-15	3.6470016e-15	1.3988012e-08	5.1607617e-13	0.0	0.0	7.732238e-11	3.148041e-07	4.718288e-14	9.917511e-12	0.3573902	0.0	6.664074e-16	8.264524e-14	0.0	0.0	0.0	9.808075e-10	0.6426095	4.0633986e-11	1.84589e-14	0.0	1.5325046e-13
ERR3579701	0	Pan troglodytes ellioti	0.0	3.3876943e-10	2.2872979e-10	4.9122e-06	7.496433e-09	0.0	0.0	1.247055e-07	0.00015547451	2.7312094e-10	1.2998338e-06	0.6774736	0.0	6.134764e-11	2.101943e-09	0.0	0.0	0.0	7.193e-07	0.32236367	1.4012855e-07	5.504868e-10	0.0	4.321297e-09
ERR3579702	0	Pan troglodytes ellioti	0.0	4.288691e-09	3.5784367e-09	0.0002009721	2.6938446e-08	0.0	0.0	2.1174635e-06	0.0028851407	1.6384487e-06	1.8166636e-05	0.8912883	0.0	6.751906e-10	5.566884e-08	0.0	0.0	0.0	1.219468e-05	0.10559111	6.292218e-08	1.8015695e-07	0.0	1.7880227e-08
ERR3579703	0	Pan troglodytes ellioti	0.0	1.727223e-09	1.5511094e-09	0.00013772784	1.664534e-08	0.0	0.0	1.4393617e-06	0.018673588	1.7607083e-06	4.4911818e-07	0.87248814	0.0	2.2238525e-10	8.909215e-09	0.0	0.0	0.0	8.40787e-06	0.10868833	2.5438062e-08	8.289518e-08	0.0	7.532548e-09
ERR3579704	0	Homo sapiens neanderthalensis	0.0	1.210707e-07	1.730323e-05	1.2285047e-05	1.2208053e-05	0.0	0.0	8.7108865e-06	0.000102089405	0.022529487	0.0002559866	0.97497165	0.0	0.0017776967	1.2531173e-07	0.0	0.0	0.0	0.0001301758	0.00015261612	2.8465818e-05	1.2345484e-07	0.0	9.2713e-07
ERR3579705	0	Gorilla beringei graueri	0.0	3.356961e-09	1.4703509e-06	5.9789863e-06	1.0737024e-08	0.0	0.0	4.8293092e-05	1.6113034e-05	0.9998477	4.50186e-05	3.0799583e-05	0.0	1.3133672e-08	7.250452e-07	0.0	0.0	0.0	2.7183969e-08	1.0339374e-09	1.8845887e-09	3.837131e-06	0.0	5.7160554e-10
ERR3579706	0	Gorilla beringei graueri	0.0	1.3678396e-06	0.00019074118	8.9358955e-06	2.6421384e-07	0.0	0.0	0.00042972792	3.228801e-06	0.99836546	0.0007501501	4.136731e-05	0.0	2.2236572e-06	2.1602356e-05	0.0	0.0	0.0	1.0123397e-06	5.052994e-08	1.4334557e-07	0.00018370371	0.0	3.6608174e-08
ERR3579707	0	Homo sapiens	0.0	3.692783e-36	6.798623e-35	6.0439407e-25	8.334333e-33	0.0	0.0	1.42753435e-30	1.1863102e-31	2.3434004e-32	4.8252684e-37	1.0	0.0	2.9532917e-37	3.235386e-35	0.0	0.0	0.0	2.0751801e-26	4.74917e-17	4.671379e-29	3.229788e-34	0.0	5.793221e-34
ERR3579708	0	Pan troglodytes verus	0.0	1.8011755e-33	1.3594448e-31	1.2753172e-18	4.7324134e-29	0.0	0.0	8.395255e-26	2.6384643e-20	2.5554537e-26	1.573739e-30	0.8803049	0.0	2.1834493e-34	4.5696254e-29	0.0	0.0	0.0	2.3092155e-22	0.119695134	2.7774643e-26	4.1704866e-30	0.0	1.3408509e-30
ERR3579709	0	Pan troglodytes verus	0.0	1.0152929e-13	5.1147885e-11	4.583581e-08	1.2053308e-10	0.0	0.0	2.1449102e-09	2.7292935e-10	2.8323998e-07	4.568639e-13	0.9999963	0.0	3.239809e-11	1.7776278e-09	0.0	0.0	0.0	3.9261305e-09	3.3657432e-06	8.481521e-11	8.3457234e-11	0.0	4.3542206e-10
ERR3579710	0	Pan troglodytes verus	0.0	1.6381917e-19	2.5893888e-18	9.7096754e-11	1.8219319e-16	0.0	0.0	5.5035788e-15	1.0149738e-12	4.2438074e-15	4.1095174e-13	0.8761694	0.0	5.0587623e-20	3.5715045e-18	0.0	0.0	0.0	5.7824644e-13	0.12383061	1.9385298e-12	3.5065768e-19	0.0	4.7803177e-18
ERR3579711	0	Pan troglodytes verus	0.0	1.1521874e-16	3.1436592e-15	4.2981646e-11	3.6677502e-13	0.0	0.0	1.521516e-12	7.3860313e-13	2.3176713e-13	5.5376337e-14	0.99999994	0.0	1.4865988e-15	1.2859698e-15	0.0	0.0	0.0	2.9571645e-12	3.9085027e-08	9.005101e-14	7.6154054e-16	0.0	7.581692e-15
ERR3579712	0	Pan troglodytes verus	0.0	1.0198519e-26	2.2811271e-25	4.145872e-14	2.9191653e-22	0.0	0.0	5.311998e-19	2.2529835e-14	1.4336005e-16	5.000355e-25	0.9999387	0.0	2.9515733e-27	2.0624555e-24	0.0	0.0	0.0	4.922754e-15	6.128046e-05	1.4557844e-20	2.948233e-22	0.0	2.0347363e-24
ERR3579713	0	Gorilla gorilla gorilla	0.0	2.7404605e-21	3.6954216e-20	1.8870254e-09	7.310079e-17	0.0	0.0	2.6206736e-13	3.7003765e-08	3.636585e-12	1.0446756e-15	0.009110218	0.0	5.8829546e-22	6.850081e-19	0.0	0.0	0.0	2.5068145e-13	0.9908897	6.5957006e-17	2.3243994e-17	0.0	1.9202173e-18
ERR3579714	0	Gorilla gorilla gorilla	0.0	1.9964778e-38	1.9084013e-36	1.2786285e-18	3.0307398e-32	0.0	0.0	2.8194933e-26	5.280831e-20	3.878326e-24	9.490155e-30	0.0052110506	0.0	3.663352e-39	9.1029456e-35	0.0	0.0	0.0	5.5373338e-24	0.99478894	1.4014717e-31	2.6911771e-33	0.0	4.698973e-34
ERR3579715	0	Pan troglodytes ellioti	0.0	7.654015e-15	9.35424e-14	5.421825e-07	3.6584234e-12	0.0	0.0	4.401097e-11	5.0100592e-08	4.7905365e-12	1.6043925e-11	0.7574781	0.0	3.479315e-15	5.753598e-13	0.0	0.0	0.0	1.9119543e-08	0.24252124	9.463758e-10	7.5550346e-13	0.0	9.027737e-13
ERR3579716	0	Pan troglodytes ellioti	0.0	2.9230487e-09	1.7656477e-08	0.00025454277	2.2297998e-07	0.0	0.0	7.7133154e-07	1.5925047e-05	7.915005e-08	7.75702e-07	0.8581253	0.0	1.7881437e-09	2.7119917e-08	0.0	0.0	0.0	9.57463e-05	0.14147453	3.182738e-05	7.432254e-08	0.0	1.0973684e-07
ERR3579719	0	Homo sapiens	0.0	5.7332787e-09	3.9644842e-08	3.2627634e-06	5.2805507e-07	0.0	0.0	7.646953e-05	0.16717204	0.13350524	0.48266283	0.21261813	0.0	0.0032946733	1.9607462e-09	0.0	0.0	0.0	0.0006405261	8.499523e-06	1.7213393e-05	7.760358e-08	0.0	4.648237e-07
ERR3579720	0	Homo sapiens	0.0	0.004951807	0.002739777	0.01815011	0.0013853865	0.0	0.0	0.0015251432	0.08236671	0.0024886867	0.8073231	0.06754146	0.0	0.0023903071	0.0015653614	0.0	0.0	0.0	0.0017596878	0.0020743704	0.0016677424	0.0007362906	0.0	0.0013340517
ERR3579721	0	Gorilla gorilla gorilla	0.0	4.869796e-17	1.9530596e-16	4.432282e-09	2.499814e-13	0.0	0.0	5.5296763e-09	8.027474e-05	9.169939e-08	0.9998803	3.9292543e-05	0.0	2.0301122e-14	5.9080876e-13	0.0	0.0	0.0	5.3792712e-12	2.9455247e-11	1.219601e-13	9.007354e-15	0.0	4.0150036e-14
ERR3579722	0	Gorilla gorilla gorilla	0.0	2.4348774e-31	3.654115e-30	3.8577116e-17	1.1802433e-27	0.0	0.0	9.125204e-22	4.5587492e-17	9.228547e-21	2.3450722e-28	0.17472206	0.0	1.6903584e-32	8.141808e-28	0.0	0.0	0.0	1.07557e-17	0.8252779	8.280991e-24	9.411256e-26	0.0	1.3572152e-27
ERR3579723	0	Gorilla gorilla gorilla	0.0	0.0	1.7e-44	3.6041388e-28	3.3348e-41	0.0	0.0	2.7280213e-35	1.7589155e-28	3.1786605e-33	5.321357e-39	0.9709227	0.0	1e-45	1.81e-42	0.0	0.0	0.0	8.4613144e-29	0.029077286	6.782777e-35	1.988e-42	0.0	1.3797e-41
ERR3579726	0	Pan troglodytes ellioti	0.0	4.0257923e-08	3.676387e-08	0.00018583471	4.4492194e-07	0.0	0.0	5.3104337e-05	0.00017187823	2.0107156e-05	1.5670681e-05	0.98043483	0.0	1.5471054e-08	2.502646e-07	0.0	0.0	0.0	0.00063737127	0.01846721	7.66263e-06	4.7515164e-06	0.0	7.782397e-07
ERR3579727	0	Pan troglodytes ellioti	0.0	1.3572199e-07	1.2374488e-07	0.0005892611	1.3868987e-06	0.0	0.0	0.00016426377	0.012598184	7.7611156e-05	4.166379e-06	0.92832655	0.0	4.2487233e-08	1.5862493e-06	0.0	0.0	0.0	0.0016739371	0.056530118	2.1446309e-05	8.449296e-06	0.0	2.7189012e-06
ERR3579728	0	Homo sapiens	0.0	0.0	0.0	8.52718e-40	0.0	0.0	0.0	6e-45	0.0	0.0	0.0	1.0	0.0	0.0	0.0	0.0	0.0	0.0	4.92272e-40	2.7809128e-24	8.5e-44	0.0	0.0	0.0
ERR3579729	0	Homo sapiens	0.0	0.0	0.0	0.0	0.0	0.0	0.0	0.0	0.0	0.0	0.0	1.0	0.0	0.0	0.0	0.0	0.0	0.0	0.0	2.4500724e-32	0.0	0.0	0.0	0.0
ERR3579730	0	Homo sapiens	0.0	0.0	0.0	2.2771471e-38	0.0	0.0	0.0	1.249e-42	5e-44	0.0	0.0	1.0	0.0	0.0	0.0	0.0	0.0	0.0	6.5879e-41	1.1502444e-29	3.4e-44	0.0	0.0	0.0
ERR3579731	0	Homo sapiens	0.0	5.582513e-35	1.7791426e-32	5.4766225e-26	1.2071559e-30	0.0	0.0	4.7041745e-26	5.241039e-30	8.586397e-30	3.1942554e-32	1.0	0.0	7.56744e-28	4.1361405e-31	0.0	0.0	0.0	8.2498245e-24	3.60459e-19	6.986345e-28	1.03169165e-32	0.0	6.1999013e-29
ERR3579732	0	Homo sapiens	0.0	0.0	0.0	0.0	0.0	0.0	0.0	0.0	0.0	0.0	0.0	1.0	0.0	0.0	0.0	0.0	0.0	0.0	0.0	7.771353e-34	0.0	0.0	0.0	0.0
ERR3579733	0	Homo sapiens	0.0	3.185063e-39	1.2178947e-38	9.355576e-31	3.8233417e-37	0.0	0.0	1.1993604e-33	3.6782536e-34	1.1327397e-36	1.09712e-40	1.0	0.0	9.3134595e-38	1.1735698e-38	0.0	0.0	0.0	5.3695156e-29	1.931589e-20	1.8660875e-31	4.5709566e-38	0.0	5.9195452e-37
ERR3579734	0	Homo sapiens	0.0	9.6042326e-17	8.257822e-15	4.918339e-13	2.9759955e-16	0.0	0.0	1.3649717e-15	8.900975e-16	2.9435083e-14	4.8095365e-17	1.0	0.0	1.1034938e-13	1.1939576e-15	0.0	0.0	0.0	8.1599935e-14	3.972731e-13	5.3946076e-15	2.81334e-18	0.0	1.5116257e-16
ERR3579735	0	Homo sapiens	0.0	0.0	0.0	2.4097944e-34	1.3e-44	0.0	0.0	3.1639e-41	1.1188e-41	1.25e-43	0.0	1.0	0.0	0.0	0.0	0.0	0.0	0.0	1.3647293e-33	1.6023457e-19	2.0680603e-34	4.9e-44	0.0	1.4e-44
ERR3579738	0	Homo sapiens	0.0	0.0	0.0	0.0	0.0	0.0	0.0	0.0	0.0	0.0	0.0	1.0	0.0	0.0	0.0	0.0	0.0	0.0	0.0	3.1504824e-34	0.0	0.0	0.0	0.0
ERR3579740	0	Homo sapiens	0.0	0.0	0.0	0.0	0.0	0.0	0.0	0.0	0.0	0.0	0.0	1.0	0.0	0.0	0.0	0.0	0.0	0.0	0.0	3.923e-41	0.0	0.0	0.0	0.0
ERR3579741	0	Homo sapiens	0.0	0.0	0.0	0.0	0.0	0.0	0.0	0.0	0.0	0.0	0.0	1.0	0.0	0.0	0.0	0.0	0.0	0.0	0.0	1.7414927e-22	0.0	0.0	0.0	0.0
ERR3579742	0	Homo sapiens	0.0	0.0	0.0	0.0	0.0	0.0	0.0	0.0	0.0	0.0	0.0	1.0	0.0	0.0	0.0	0.0	0.0	0.0	0.0	8.503139e-28	0.0	0.0	0.0	0.0
ERR3579743	0	Gorilla beringei graueri	0.0	5.4780475e-07	4.222023e-06	0.0004249811	1.035214e-05	0.0	0.0	0.004944608	0.00054350117	0.27493116	0.7176756	0.0012889106	0.0	2.2656157e-05	8.459158e-05	0.0	0.0	0.0	2.2186658e-05	5.8662104e-06	1.0448715e-05	1.1805121e-05	0.0	1.8534518e-05
ERR3579744	0	Gorilla beringei graueri	0.0	3.2100854e-07	1.7491777e-06	0.0001597028	5.1424295e-06	0.0	0.0	0.0047724885	0.0031007365	0.1584173	0.8330698	0.00038534854	0.0	1.132903e-05	4.7936614e-05	0.0	0.0	0.0	1.1589947e-05	2.9531968e-06	5.448772e-06	2.1817261e-06	0.0	5.9750273e-06
ERR3579745	0	Homo sapiens neanderthalensis	0.0	7.677267e-21	4.498028e-20	7.652243e-16	2.3671839e-19	0.0	0.0	9.711735e-16	4.1926115e-14	5.902109e-15	2.5479908e-13	0.99999946	0.0	4.4509874e-17	7.6942484e-22	0.0	0.0	0.0	1.1918035e-12	5.206915e-07	3.6317862e-14	1.3633066e-18	0.0	2.1470964e-18
ERR3579746	0	Homo sapiens neanderthalensis	0.0	1.1625561e-32	4.6638197e-32	1.006349e-20	3.3397912e-29	0.0	0.0	3.1572805e-24	1.1265398e-15	3.5409915e-25	1.5694321e-14	1.0	0.0	1.7973448e-29	8.507691e-30	0.0	0.0	0.0	9.458114e-21	6.280706e-11	1.8271363e-23	1.2062883e-29	0.0	4.8574134e-28
ERR3579747	0	Homo sapiens neanderthalensis	0.0	8.38e-42	8.289e-41	2.8306571e-27	8.2050694e-38	0.0	0.0	3.352927e-32	1.1722049e-24	2.5049294e-33	1.9921977e-26	1.0	0.0	8.461119e-39	6.175538e-39	0.0	0.0	0.0	6.629024e-27	1.1301365e-14	9.950257e-31	5.23612e-39	0.0	4.1069735e-37
ERR3579748	0	Homo sapiens neanderthalensis	0.0	5.729766e-16	4.514187e-15	9.2498603e-10	3.2908255e-13	0.0	0.0	9.596872e-09	3.1447266e-06	5.0662425e-08	2.2506902e-05	0.99997425	0.0	2.9394276e-10	8.251022e-13	0.0	0.0	0.0	2.1983935e-09	5.2413154e-09	9.03666e-12	5.4992852e-14	0.0	2.9413002e-12
ERR3579749	0	Gorilla gorilla gorilla	0.0	6.6377605e-17	1.9014312e-14	6.547323e-08	1.1469376e-12	0.0	0.0	5.967738e-10	1.7580971e-10	1.2490932e-07	1.696637e-15	0.9966199	0.0	3.2071761e-15	8.996624e-12	0.0	0.0	0.0	1.4495263e-08	0.0033798947	3.3317028e-12	2.149893e-12	0.0	7.303921e-12
ERR3579750	0	Gorilla gorilla gorilla	0.0	2.1045116e-08	3.6448137e-06	7.163278e-05	7.0138576e-06	0.0	0.0	0.00014498402	1.9672862e-06	0.99324274	1.582205e-05	0.006441849	0.0	4.1675048e-05	1.8987956e-06	0.0	0.0	0.0	7.249636e-06	5.787164e-06	2.2051504e-06	3.1680147e-06	0.0	8.342897e-06
ERR3579751	0	Gorilla gorilla gorilla	0.0	1.8398302e-19	1.5007666e-16	1.4178227e-09	4.1085055e-14	0.0	0.0	8.4143345e-11	3.992072e-13	1.457907e-07	2.8505445e-17	0.9999718	0.0	7.1571547e-16	6.9663785e-16	0.0	0.0	0.0	9.879532e-10	2.8050214e-05	4.941302e-14	3.1729987e-13	0.0	7.743208e-14
ERR3579752	0	Homo sapiens neanderthalensis	0.0	8.450892e-39	1.5123924e-38	1.3089203e-27	1.2640524e-36	0.0	0.0	9.4785605e-33	6.236135e-32	1.3351307e-31	2.955e-42	1.0	0.0	2.572875e-39	1.8318842e-37	0.0	0.0	0.0	2.0063086e-26	8.943063e-19	9.675971e-31	6.95832e-34	0.0	1.0637935e-36
ERR3579753	0	Homo sapiens neanderthalensis	0.0	2.7e-44	3.1e-44	2.6121503e-28	9.5532e-41	0.0	0.0	2.6994467e-33	7.670727e-32	3.9952415e-33	1.54273e-40	1.0	0.0	1e-45	1.0904e-41	0.0	0.0	0.0	1.30908145e-27	8.1808785e-17	5.959245e-32	3.007227e-38	0.0	6.2552e-40
ERR3579754	0	Homo sapiens neanderthalensis	0.0	4.736742e-09	7.3161903e-09	3.9861845e-08	7.48282e-10	0.0	0.0	2.4270528e-09	1.0230533e-09	9.405674e-07	3.077024e-11	0.9999756	0.0	2.2719765e-05	1.399033e-12	0.0	0.0	0.0	4.921294e-07	1.2984468e-07	1.9146334e-08	4.846308e-13	0.0	1.3094008e-10
ERR3579755	0	Gorilla beringei graueri	0.0	7.433317e-17	6.6148945e-15	1.9518043e-09	7.505899e-13	0.0	0.0	6.559273e-09	6.7899764e-06	0.9999809	3.2020782e-07	1.1975981e-05	0.0	7.214123e-13	3.28062e-12	0.0	0.0	0.0	9.3778485e-11	3.090768e-10	6.333551e-13	1.997816e-12	0.0	3.693668e-12
ERR3579756	0	Gorilla beringei graueri	0.0	5.7739707e-13	7.473782e-11	6.834667e-08	7.842584e-10	0.0	0.0	2.876477e-07	2.662521e-06	0.99996746	1.5338883e-05	1.4152126e-05	0.0	2.431216e-10	2.2540705e-09	0.0	0.0	0.0	3.7084251e-09	3.8419397e-09	3.1584244e-10	1.5488011e-09	0.0	6.5690724e-09
ERR3579757	0	Gorilla beringei graueri	0.0	6.6967027e-13	2.4259045e-10	2.7960928e-08	7.177473e-10	0.0	0.0	9.95322e-06	2.2639503e-07	0.99997634	1.2456381e-05	4.3910126e-07	0.0	1.9341816e-07	3.927144e-08	0.0	0.0	0.0	5.506762e-08	4.3475474e-08	2.207104e-09	4.4439446e-08	0.0	2.0150368e-07
ERR3579758	0	Gorilla beringei graueri	0.0	4.681719e-11	1.5838538e-08	2.889719e-07	1.6238925e-08	0.0	0.0	3.9646846e-05	3.8117112e-06	0.99994254	1.2528164e-06	6.281577e-07	0.0	1.6220029e-06	6.938391e-07	0.0	0.0	0.0	4.2114308e-07	5.5470474e-07	2.998137e-08	3.1128627e-06	0.0	5.3440685e-06
ERR3579759	0	Pan troglodytes schweinfurthii	0.0	2.875e-42	1.4963e-41	4.3705516e-20	3.4475312e-35	0.0	0.0	1.0333651e-26	4.5810445e-20	5.0505182e-27	1.10659684e-29	0.94389045	0.0	3.66e-43	1.8675516e-36	0.0	0.0	0.0	2.462664e-25	0.056109555	1.6695168e-33	1.43773545e-36	0.0	2.7733887e-37
ERR3579760	0	Pan troglodytes schweinfurthii	0.0	1.2569048e-27	1.2504456e-27	2.3413612e-13	2.941407e-23	0.0	0.0	2.1059272e-18	1.4665495e-11	1.345653e-17	3.728671e-21	0.41238368	0.0	9.234868e-29	5.060609e-25	0.0	0.0	0.0	9.097438e-17	0.5876163	1.9576705e-23	6.5195914e-23	0.0	3.1007973e-25
ERR3579761	0	Pan troglodytes schweinfurthii	0.0	3.4779507e-30	3.3348e-30	3.281118e-14	5.790465e-25	0.0	0.0	1.7580968e-19	3.7473426e-13	5.0953405e-19	3.7503212e-22	0.7215522	0.0	3.6377022e-31	2.232012e-27	0.0	0.0	0.0	5.023901e-18	0.2784478	3.3441443e-25	2.929073e-24	0.0	4.8120665e-27
ERR3579762	0	Pan troglodytes schweinfurthii	0.0	1.5019117e-24	1.2217091e-24	1.39631995e-11	3.7226787e-21	0.0	0.0	1.7237966e-16	2.6920752e-10	1.7742077e-16	3.297592e-23	0.096852906	0.0	5.2190756e-27	1.6486924e-21	0.0	0.0	0.0	1.6497434e-13	0.9031471	3.9343395e-20	1.1796663e-19	0.0	1.8360865e-22
ERR3579763	0	Pan troglodytes schweinfurthii	0.0	4.130529e-39	7.823732e-39	1.9681959e-19	1.5045129e-33	0.0	0.0	1.2588838e-25	1.1342598e-22	1.0697693e-26	1.8182952e-32	0.9965337	0.0	1.8828e-41	2.3248631e-35	0.0	0.0	0.0	2.4963164e-23	0.003466287	4.4637144e-32	3.1117112e-34	0.0	3.0881646e-35
ERR3579764	0	Pan troglodytes schweinfurthii	0.0	5.5006485e-30	3.8897943e-30	1.0786758e-15	2.3355148e-26	0.0	0.0	3.8382783e-20	3.163522e-14	4.1372075e-23	6.2507896e-26	0.0002559857	0.0	6.4468753e-32	8.544535e-28	0.0	0.0	0.0	1.380208e-17	0.999744	2.292746e-24	8.6514073e-26	0.0	2.1855478e-27
ERR3579765	0	Pan troglodytes schweinfurthii	0.0	0.00042040242	0.00035856338	0.0032608018	0.00073381653	0.0	0.0	0.001531713	0.25220615	0.0005298765	0.53329253	0.19909263	0.0	0.0003131525	0.00081086677	0.0	0.0	0.0	0.0016233854	0.003075449	0.00075704075	0.001375937	0.0	0.00061768334
ERR3579766	0	Pan troglodytes schweinfurthii	0.0	1.6686855e-30	1.454049e-30	1.9536055e-16	1.3021975e-26	0.0	0.0	5.254009e-22	7.983059e-16	1.1985494e-24	1.037258e-25	0.63315475	0.0	2.410208e-32	5.9693943e-28	0.0	0.0	0.0	4.6152904e-19	0.36684522	6.433643e-26	4.1929078e-27	0.0	7.4621465e-28
ERR3579767	0	Pan troglodytes schweinfurthii	0.0	3.102922e-29	2.839922e-29	3.1864554e-15	7.7625353e-25	0.0	0.0	1.621182e-19	1.5881897e-15	3.2024105e-23	3.3840886e-24	0.86260444	0.0	2.4926288e-30	3.769684e-27	0.0	0.0	0.0	1.811245e-17	0.13739555	1.7944207e-24	1.0486629e-25	0.0	3.1172834e-26
ERR3579768	0	Pan troglodytes schweinfurthii	0.0	4.5368157e-17	9.266904e-17	1.9033763e-08	8.621273e-14	0.0	0.0	2.2764385e-10	2.1094957e-07	1.857817e-11	7.248901e-13	0.9890872	0.0	5.722932e-17	6.994557e-15	0.0	0.0	0.0	3.8259074e-10	0.0109125655	3.229637e-14	1.4264573e-13	0.0	8.795073e-15
ERR3579774	0	Homo sapiens	0.0	0.0	0.0	3e-45	0.0	0.0	0.0	0.0	0.0	0.0	0.0	1.0	0.0	0.0	0.0	0.0	0.0	0.0	0.0	5.7390955e-14	0.0	0.0	0.0	0.0
ERR3579775	0	Homo sapiens	0.0	0.0	0.0	0.0	0.0	0.0	0.0	0.0	0.0	0.0	0.0	1.0	0.0	0.0	0.0	0.0	0.0	0.0	0.0	4.9874484e-36	0.0	0.0	0.0	0.0
ERR3579776	0	Gorilla beringei beringei	0.0	1.0183105e-08	1.9397513e-08	7.148507e-06	2.6367268e-06	0.0	0.0	0.9969778	0.0008876084	0.00084412895	2.5905703e-05	3.6601037e-07	0.0	1.2386652e-06	3.0665072e-07	0.0	0.0	0.0	2.8669742e-06	4.4260918e-07	5.1226095e-07	0.0012471825	0.0	1.8320163e-06
ERR3579777	0	Gorilla beringei beringei	0.0	2.0011363e-08	2.782381e-07	5.5886954e-07	7.384087e-07	0.0	0.0	0.09670305	3.614046e-05	0.8894297	0.000194473	3.2269458e-05	0.0	0.012094654	1.7669443e-05	0.0	0.0	0.0	0.00021980368	4.8003254e-05	1.1815455e-05	1.1949564e-05	0.0	0.0011988706
ERR3579779	0	Gorilla beringei beringei	0.0	4.633567e-06	5.415702e-07	0.00020959061	4.5853776e-06	0.0	0.0	0.6127656	0.3727889	0.012573182	0.00091690774	1.526786e-08	0.0	1.0575696e-05	1.3475175e-05	0.0	0.0	0.0	8.047591e-06	1.0502503e-06	1.6803251e-06	0.00068771525	0.0	1.3490996e-05
ERR3579781	0	Gorilla beringei beringei	0.0	8.4243224e-10	3.122585e-08	6.1825364e-07	7.678658e-09	0.0	0.0	0.16520646	0.00036951667	0.00069968705	0.8337151	1.3081322e-11	0.0	7.602926e-09	2.7125968e-09	0.0	0.0	0.0	2.0947084e-08	2.1675174e-10	3.8147503e-09	8.562077e-06	0.0	6.1161214e-09
ERR3579782	0	Gorilla beringei beringei	0.0	7.1432346e-06	1.1350519e-06	7.7958764e-05	1.1064118e-08	0.0	0.0	0.00014851849	0.9966995	7.076215e-06	0.00011723556	5.0355527e-07	0.0	3.3832994e-09	3.400211e-08	0.0	0.0	0.0	3.2954663e-08	0.0026787394	2.4771434e-09	0.00026208282	0.0	3.9772484e-08
ERR3579783	0	Gorilla beringei beringei	0.0	0.0	0.0	7.153147e-29	0.0	0.0	0.0	2.3897706e-34	3.2955222e-29	4.5856e-41	4.327e-42	1.0	0.0	0.0	1e-44	0.0	0.0	0.0	1.309885e-39	2.635268e-15	0.0	1e-45	0.0	0.0
ERR3579784	0	Homo sapiens	0.0	6.261613e-29	8.865056e-28	3.6161035e-19	2.6017191e-27	0.0	0.0	6.0342124e-24	8.623871e-23	2.121358e-20	5.0578642e-33	1.0	0.0	1.1097124e-28	1.4752063e-27	0.0	0.0	0.0	2.360009e-19	2.2568968e-14	1.1387226e-25	5.6704456e-25	0.0	3.4529293e-28
ERR3579785	0	Homo sapiens	0.0	1.3400689e-18	1.089432e-18	4.1256062e-10	3.1934624e-15	0.0	0.0	1.0564003e-09	1.8684013e-08	3.3204323e-15	1.47941955e-05	0.99998516	0.0	4.033041e-18	1.924123e-13	0.0	0.0	0.0	6.5351065e-15	6.4419947e-15	2.2244655e-16	4.9014964e-16	0.0	4.1655433e-15
ERR3579786	0	Homo sapiens	0.0	5.02e-43	2.262e-42	1.4139015e-27	1.1061814e-37	0.0	0.0	1.6219054e-29	2.4420527e-29	8.6808e-37	1.6483788e-33	1.0	0.0	1.6779e-41	2.926399e-37	0.0	0.0	0.0	3.1597303e-33	3.443607e-28	4.6167353e-38	2.20926e-40	0.0	1.5989358e-38
ERR3579787	0	Homo sapiens	0.0	0.0	0.0	0.0	0.0	0.0	0.0	0.0	0.0	0.0	0.0	1.0	0.0	0.0	0.0	0.0	0.0	0.0	0.0	1.302132e-31	0.0	0.0	0.0	0.0
ERR3579788	0	Homo sapiens	0.0	0.0	0.0	5.8303315e-32	1.078e-42	0.0	0.0	4.019358e-34	4.6179933e-35	3.4975707e-36	8.3028e-41	1.0	0.0	2.8e-44	5.9e-44	0.0	0.0	0.0	1.9766954e-32	5.926248e-29	8.133e-41	8.241e-42	0.0	5.5e-43
ERR3579789	0	Homo sapiens	0.0	0.0	0.0	6e-45	0.0	0.0	0.0	0.0	0.0	0.0	0.0	1.0	0.0	0.0	0.0	0.0	0.0	0.0	0.0	1.8893477e-08	0.0	0.0	0.0	0.0
ERR3579790	0	Homo sapiens	0.0	0.0	0.0	0.0	0.0	0.0	0.0	0.0	0.0	0.0	0.0	1.0	0.0	0.0	0.0	0.0	0.0	0.0	0.0	1.1509409e-10	0.0	0.0	0.0	0.0
ERR3579791	0	Homo sapiens	0.0	0.0	0.0	0.0	0.0	0.0	0.0	0.0	0.0	0.0	0.0	1.0	0.0	0.0	0.0	0.0	0.0	0.0	0.0	2.0878054e-33	0.0	0.0	0.0	0.0
ERR3579792	0	Alouatta palliata	0.0	1.980909e-06	1.2121902e-05	0.012574358	1.2876214e-05	0.0	0.0	0.006818787	0.00027119557	0.00026784037	3.446765e-06	0.00032787016	0.0	5.857391e-07	0.00013628039	0.0	0.0	0.0	6.9134117e-06	1.607332e-06	3.435513e-07	0.97955775	0.0	6.0407806e-06
ERR3579793	0	Alouatta palliata	0.0	5.8909855e-08	0.00015079086	0.35901895	6.410584e-06	0.0	0.0	0.026236845	3.428007e-07	0.0016957186	2.5048147e-08	0.07415575	0.0	2.569187e-06	0.000232683	0.0	0.0	0.0	2.7384227e-05	9.531399e-06	1.086105e-07	0.5384578	0.0	5.0482026e-06
ERR3579796	0	Alouatta palliata	0.0	3.9193306e-05	0.0001845148	0.008770497	9.015342e-05	0.0	0.0	0.014187823	0.0007648557	0.0006515487	0.0017592725	0.00058481976	0.0	7.061263e-06	0.0011036755	0.0	0.0	0.0	3.3961e-05	9.237262e-06	6.33616e-06	0.9717386	0.0	6.845575e-05
ERR3579797	0	Alouatta palliata	0.0	3.6813816e-07	0.0009084177	0.29260337	1.9602407e-05	0.0	0.0	0.018708084	3.536219e-08	0.0020783243	8.4044174e-11	0.0696432	0.0	7.3670335e-06	0.0019235284	0.0	0.0	0.0	3.0294505e-05	4.51273e-05	1.4332181e-07	0.61402977	0.0	2.3816856e-06
ERR3579798	0	Alouatta palliata	0.0	9.6195174e-05	6.1731196e-05	0.86251366	0.00018249798	0.0	0.0	0.0314333	0.001814632	0.0071744514	0.0010444559	0.0029940652	0.0	3.5690373e-05	0.0019769098	0.0	0.0	0.0	7.102844e-05	2.3047112e-05	1.2621356e-05	0.09049147	0.0	7.425925e-05
ERR3579799	0	Alouatta palliata	0.0	0.00019962224	0.000471802	0.74233425	0.00014564708	0.0	0.0	0.066497356	0.02854049	0.02573043	0.0018710203	0.012946226	0.0	7.4005926e-05	0.039961316	0.0	0.0	0.0	0.00030356913	6.848454e-05	4.254912e-05	0.08024158	0.0	0.0005716834
ERR3579800	0	Homo sapiens	0.0	2.7429256e-34	1.24994355e-33	1.0014474e-24	1.1514641e-29	0.0	0.0	1.38983585e-24	8.055508e-21	6.154742e-29	1.132282e-23	1.0	0.0	2.4983992e-29	1.7648142e-30	0.0	0.0	0.0	1.1026518e-25	2.308705e-20	3.1421707e-29	8.820631e-32	0.0	4.0509078e-29
ERR3579801	0	Homo sapiens	0.0	0.0	0.0	0.0	0.0	0.0	0.0	0.0	0.0	0.0	0.0	1.0	0.0	0.0	0.0	0.0	0.0	0.0	0.0	1.3184699e-16	0.0	0.0	0.0	0.0
ERR3579802	0	Homo sapiens	0.0	0.0	0.0	0.0	0.0	0.0	0.0	0.0	0.0	0.0	0.0	1.0	0.0	0.0	0.0	0.0	0.0	0.0	0.0	2.7602918e-23	0.0	0.0	0.0	0.0
ERR3579803	0	Homo sapiens	0.0	0.0	0.0	0.0	0.0	0.0	0.0	0.0	0.0	0.0	0.0	1.0	0.0	0.0	0.0	0.0	0.0	0.0	0.0	5.6113547e-22	0.0	0.0	0.0	0.0
ERR3579804	0	Homo sapiens	0.0	0.0	0.0	0.0	0.0	0.0	0.0	0.0	0.0	0.0	0.0	1.0	0.0	0.0	0.0	0.0	0.0	0.0	0.0	5.982888e-28	0.0	0.0	0.0	0.0
ERR3579805	0	Homo sapiens	0.0	0.0	0.0	0.0	0.0	0.0	0.0	0.0	0.0	0.0	0.0	1.0	0.0	0.0	0.0	0.0	0.0	0.0	0.0	6.8987306e-23	0.0	0.0	0.0	0.0
ERR3579806	0	Homo sapiens	0.0	0.0	0.0	2.1609133e-36	0.0	0.0	0.0	4.2e-44	1.5000633e-37	0.0	2.2e-43	1.0	0.0	0.0	0.0	0.0	0.0	0.0	7.504e-42	5.14561e-22	0.0	0.0	0.0	0.0
ERR3579807	0	Homo sapiens neanderthalensis	0.0	3.593009e-09	6.3914065e-08	1.3996126e-07	2.1289142e-07	0.0	0.0	2.8959591e-06	5.231668e-05	9.154639e-05	0.00033936242	0.9946079	0.0	0.00437914	1.1532771e-09	0.0	0.0	0.0	0.0004285179	8.3806895e-05	1.38777295e-05	1.4648082e-08	0.0	1.482466e-07
ERR3579809	0	Homo sapiens	0.0	0.0	0.0	0.0	0.0	0.0	0.0	0.0	0.0	0.0	0.0	1.0	0.0	0.0	0.0	0.0	0.0	0.0	0.0	5.0217443e-14	0.0	0.0	0.0	0.0
ERR3579810	0	Homo sapiens	0.0	0.0	0.0	0.0	0.0	0.0	0.0	0.0	0.0	0.0	0.0	1.0	0.0	0.0	0.0	0.0	0.0	0.0	0.0	9.7126234e-27	0.0	0.0	0.0	0.0
ERR3579811	0	Homo sapiens	0.0	0.00032105233	0.00046801192	0.0011113879	0.00046275722	0.0	0.0	0.0006404804	0.034789808	0.0014383339	0.21761903	0.7341452	0.0	0.0028175088	0.00052154367	0.0	0.0	0.0	0.0018847999	0.0018578878	0.001032379	0.00033371325	0.0	0.00055604853
ERR3579812	0	Homo sapiens	0.0	1.5976048e-07	2.0741027e-07	3.6540223e-06	2.7584042e-07	0.0	0.0	8.320079e-07	1.758923e-05	1.117433e-06	3.398302e-05	0.9999149	0.0	3.9203277e-07	2.8863982e-07	0.0	0.0	0.0	5.9141744e-06	1.9525789e-05	6.1136717e-07	3.040212e-07	0.0	2.858287e-07
ERR3579813	0	Homo sapiens	0.0	1.3697247e-07	1.1259547e-07	5.7021894e-06	4.389643e-07	0.0	0.0	1.1763873e-05	0.00010790843	3.059179e-07	0.00034796415	0.9995189	0.0	1.4263996e-07	7.9073334e-07	0.0	0.0	0.0	1.3306532e-06	2.3216003e-06	3.324315e-07	1.0637134e-06	0.0	8.122805e-07
ERR3579814	0	Homo sapiens	0.0	1.65092e-07	1.2582103e-07	2.5466135e-05	5.5485214e-07	0.0	0.0	8.14006e-06	0.00033832632	4.6306155e-07	0.00013900986	0.9994787	0.0	1.1043704e-07	1.3909673e-06	0.0	0.0	0.0	1.5198294e-06	3.513454e-06	3.7011543e-07	1.2884907e-06	0.0	8.5905697e-07
ERR3579815	0	Homo sapiens	0.0	0.0006123428	0.0005781823	0.0016689649	0.00064333546	0.0	0.0	0.0008563377	0.089948796	0.00093244604	0.83397126	0.06457748	0.0	0.000646189	0.00083241507	0.0	0.0	0.0	0.0010299723	0.0011403536	0.0008655808	0.0010296789	0.0	0.0006666641
ERR3579816	0	Homo sapiens	0.0	0.0007308281	0.00064779015	0.0018434097	0.0007259268	0.0	0.0	0.0009500952	0.114848554	0.0010633224	0.73270446	0.13896838	0.0	0.0007394079	0.0010044682	0.0	0.0	0.0	0.0013003591	0.0015321495	0.0009959445	0.0011618624	0.0	0.00078305084
ERR3579817	0	Homo sapiens	0.0	1.5066492e-18	3.8715146e-18	1.6184924e-14	1.0110379e-17	0.0	0.0	1.6855117e-17	5.8135987e-12	1.1281245e-18	4.46436e-09	0.99999994	0.0	3.662803e-18	2.1133475e-17	0.0	0.0	0.0	1.8735429e-16	7.775714e-08	1.5074564e-17	3.1850933e-18	0.0	1.5516337e-17
ERR3579818	0	Homo sapiens	0.0	3.3624662e-22	1.2479017e-21	1.3091927e-16	1.4151662e-19	0.0	0.0	2.1185402e-15	1.4038822e-16	1.9150291e-20	7.764937e-17	1.0	0.0	6.937896e-20	1.7299505e-19	0.0	0.0	0.0	3.0264057e-18	4.5613022e-17	9.395658e-20	1.6936374e-20	0.0	6.6243906e-19
ERR3579827	0	Homo sapiens neanderthalensis	0.0	3.798083e-37	1.84905e-36	2.483961e-23	3.2161325e-35	0.0	0.0	2.0827863e-27	1.3894554e-30	7.1690946e-26	1.331866e-39	0.99999994	0.0	8.596425e-35	2.794568e-37	0.0	0.0	0.0	2.0744237e-19	7.1329865e-08	2.629744e-21	5.4223765e-33	0.0	4.5062309e-32
ERR3579828	0	Gorilla beringei graueri	0.0	4.6052567e-10	3.4174388e-07	4.4608066e-07	6.860023e-08	0.0	0.0	3.0192905e-05	5.8534e-09	0.99993104	2.0408452e-08	1.2232092e-06	0.0	2.8075809e-05	2.4021513e-06	0.0	0.0	0.0	3.7301996e-07	3.8759532e-07	4.7433428e-08	6.76876e-08	0.0	5.3224685e-06
ERR3579829	0	Gorilla beringei graueri	0.0	1.0130912e-08	3.7541352e-06	4.2664565e-06	1.1371247e-06	0.0	0.0	6.100478e-05	6.815292e-08	0.9997899	8.4288234e-07	6.837136e-06	0.0	7.693405e-05	1.5256898e-05	0.0	0.0	0.0	1.2884218e-06	1.2555024e-06	5.0019855e-07	8.76604e-07	0.0	3.6051046e-05
ERR3579830	0	Homo sapiens neanderthalensis	0.0	3.573233e-09	7.80934e-08	7.636265e-08	8.3517815e-09	0.0	0.0	1.1388096e-06	2.4989774e-08	6.567273e-05	1.007244e-10	0.9991356	0.0	0.00078791886	5.523382e-11	0.0	0.0	0.0	7.6049287e-06	1.5348644e-06	2.4719054e-07	2.6865075e-09	0.0	5.0590728e-08
ERR3678173	0	Pan troglodytes verus	0.0	1.0199196e-09	4.4541178e-08	1.769333e-05	2.7078755e-07	0.0	0.0	4.6212467e-08	5.6183744e-06	2.7173057e-06	2.000176e-06	0.9999316	0.0	1.8582236e-08	7.037829e-08	0.0	0.0	0.0	1.00482225e-07	3.9833983e-05	2.618146e-08	4.2667283e-09	0.0	4.3610537e-09
ERR3678174	0	Pan troglodytes verus	0.0	3.1681714e-28	6.808605e-27	2.3748533e-16	3.250918e-24	0.0	0.0	2.8123846e-21	6.3953566e-21	2.4276092e-20	8.323182e-30	0.99999666	0.0	8.989403e-29	3.1782578e-27	0.0	0.0	0.0	6.020423e-16	3.3367473e-06	2.1879566e-17	6.0584794e-25	0.0	3.0973077e-26
ERR3678175	0	Gorilla beringei graueri	0.0	8.091146e-09	9.0737376e-07	8.90121e-06	1.219337e-07	0.0	0.0	0.00013505493	6.808394e-07	0.9998475	4.989786e-07	6.5062557e-07	0.0	9.1291724e-07	6.636438e-07	0.0	0.0	0.0	2.2703088e-07	6.942736e-08	4.4255838e-08	1.2913174e-06	0.0	2.4841245e-06
ERR3678176	0	Homo sapiens	0.0	0.0	0.0	4.9e-44	0.0	0.0	0.0	0.0	0.0	0.0	0.0	1.0	0.0	0.0	0.0	0.0	0.0	0.0	0.0	3.67104e-21	0.0	0.0	0.0	0.0
ERR3678177	0	Homo sapiens	0.0	0.0	0.0	0.0	0.0	0.0	0.0	0.0	0.0	0.0	0.0	1.0	0.0	0.0	0.0	0.0	0.0	0.0	0.0	3.94275e-21	0.0	0.0	0.0	0.0
ERR3678179	0	Gorilla beringei beringei	0.0	6.79241e-14	5.773464e-14	1.9975714e-06	1.1783671e-12	0.0	0.0	0.0038866622	0.9916439	1.17253025e-08	9.644781e-07	1.3580198e-07	0.0	1.035794e-13	1.741464e-10	0.0	0.0	0.0	1.04492706e-10	0.0044663497	2.0838737e-14	8.237143e-10	0.0	6.65677e-11
ERR3678180	0	Gorilla gorilla gorilla	0.0	4.3077975e-08	8.257554e-08	2.1121781e-05	5.0661074e-06	0.0	0.0	0.12683032	0.000109443055	0.17415002	0.6987268	6.5883927e-07	0.0	6.506585e-05	1.5319672e-06	0.0	0.0	0.0	6.2387153e-06	2.5471735e-07	1.8151464e-06	1.6017913e-05	0.0	6.551076e-05
ERR3678181	0	Gorilla beringei beringei	0.0	9.878407e-07	7.0143926e-08	0.00031889352	5.52324e-06	0.0	0.0	0.9944508	0.00077792327	0.004361233	3.0506746e-06	7.57553e-07	0.0	2.419224e-06	1.2728847e-07	0.0	0.0	0.0	2.2063867e-05	4.852025e-06	4.0227943e-07	4.9620932e-05	0.0	1.2695878e-06
ERR3678182	0	Gorilla beringei beringei	0.0	7.618901e-12	4.5134138e-10	2.5282889e-06	5.162281e-09	0.0	0.0	0.055033885	1.9963136e-05	0.94444543	1.9918612e-07	5.91909e-08	0.0	2.8170296e-08	2.9578914e-07	0.0	0.0	0.0	4.957398e-06	8.091747e-07	2.675941e-09	0.00049113	0.0	7.26442e-07
ERR3678184	0	Gorilla beringei beringei	0.0	2.9012426e-09	2.4192435e-08	6.004839e-07	4.4524094e-07	0.0	0.0	0.15641446	0.0016648803	0.81484634	2.2372209e-05	1.1335713e-06	0.0	1.9762085e-06	2.2662586e-07	0.0	0.0	0.0	2.2687714e-06	4.8763155e-07	8.089456e-08	0.027044276	0.0	4.0376833e-07
ERR3678186	0	Gorilla beringei beringei	0.0	1.720326e-11	3.0167564e-09	2.2992015e-05	1.3933036e-08	0.0	0.0	0.02237288	0.10774745	0.8668543	4.691339e-07	0.00012693481	0.0	1.960694e-06	1.7991512e-06	0.0	0.0	0.0	0.00033538422	0.0025265687	1.36169e-07	4.8712513e-06	0.0	4.2155007e-06
ERR3678187	0	Homo sapiens neanderthalensis	0.0	0.0	0.0	0.0	0.0	0.0	0.0	0.0	0.0	0.0	0.0	1.0	0.0	0.0	0.0	0.0	0.0	0.0	0.0	2.3615323e-35	0.0	0.0	0.0	0.0
ERR3678595	0	Homo sapiens	0.0	2.8688765e-08	1.4161376e-06	4.332524e-06	3.4720204e-06	0.0	0.0	2.426733e-07	1.5944057e-07	4.2339057e-06	5.814538e-07	0.9999825	0.0	1.4815502e-06	4.2227068e-08	0.0	0.0	0.0	3.9004001e-07	8.381075e-07	2.0441284e-07	2.9265468e-08	0.0	5.2200626e-08
ERR3678596	0	Homo sapiens	0.0	6.122783e-10	9.504909e-09	2.2726683e-08	9.7961866e-08	0.0	0.0	2.2290493e-08	9.571521e-09	2.6190293e-08	9.584974e-08	0.9999995	0.0	8.47885e-08	2.5064124e-09	0.0	0.0	0.0	4.6603542e-08	5.1997468e-08	1.5912526e-08	1.3151149e-09	0.0	2.508504e-09
ERR3678598	0	Homo sapiens	0.0	1.0555842e-06	1.813814e-05	8.269305e-05	4.1760875e-05	0.0	0.0	3.6687645e-06	1.2433219e-05	1.4394304e-05	0.00013448346	0.99966013	0.0	8.740788e-06	2.301917e-06	0.0	0.0	0.0	5.4290394e-06	7.967279e-06	4.2192773e-06	1.0227543e-06	0.0	1.5437737e-06
ERR3678599	0	Homo sapiens	0.0	5.185095e-09	6.312677e-08	5.732593e-07	4.3487125e-07	0.0	0.0	1.2298298e-07	4.5117716e-07	6.2230505e-08	1.2661978e-06	0.9999955	0.0	5.04897e-07	2.188174e-08	0.0	0.0	0.0	3.5654037e-07	4.4156718e-07	1.3692502e-07	1.0107017e-08	0.0	3.510387e-08
ERR3678600	0	Canis lupus	0.0	0.0006819525	0.0011558561	0.029654855	0.022293221	0.0	0.0	0.0035026285	0.0029039937	0.0007242286	0.09003598	0.8225456	0.0	0.001417449	0.01101469	0.0	0.0	0.0	0.0009038155	0.001209802	0.00096620846	0.0037375477	0.0	0.0072521735
ERR3678602	0	Homo sapiens	0.0	4.8795164e-07	1.5417821e-05	2.7571366e-05	2.695024e-05	0.0	0.0	1.5872095e-06	3.6595786e-06	2.042129e-05	3.0647774e-05	0.9998608	0.0	4.4654403e-06	5.56904e-07	0.0	0.0	0.0	2.0827677e-06	2.804318e-06	1.6589889e-06	4.171917e-07	0.0	4.382365e-07
ERR3678603	0	Homo sapiens	0.0	8.1998036e-07	5.737212e-05	1.9544797e-05	1.7649045e-05	0.0	0.0	1.3641451e-06	6.967774e-07	2.3011136e-05	2.6221505e-06	0.9998533	0.0	1.2303587e-05	3.431211e-07	0.0	0.0	0.0	3.4191914e-06	5.7144634e-06	1.5027537e-06	1.1115832e-07	0.0	1.9266564e-07
ERR3678604	0	Homo sapiens	0.0	4.4106243e-11	6.9096245e-10	1.656554e-08	1.8369951e-08	0.0	0.0	2.199396e-09	9.2299646e-10	5.699148e-09	3.5787036e-09	0.9999999	0.0	2.149791e-08	3.5721004e-10	0.0	0.0	0.0	1.1145975e-08	2.2579613e-08	2.4729072e-09	8.953766e-12	0.0	2.33452e-10
ERR3678605	0	Homo sapiens	0.0	1.8621946e-10	6.77499e-09	7.678552e-08	4.5898275e-08	0.0	0.0	1.1963342e-08	1.915807e-08	1.8645993e-08	6.203793e-08	0.9999996	0.0	8.0950564e-08	1.3958802e-09	0.0	0.0	0.0	5.1804083e-08	4.326738e-08	1.45160035e-08	4.957823e-10	0.0	2.326577e-09
ERR3678606	0	Homo sapiens	0.0	2.0161002e-08	1.4486824e-07	2.443796e-06	1.4607651e-06	0.0	0.0	1.626446e-07	1.9402414e-07	9.787071e-07	5.323676e-07	0.9999916	0.0	1.0407731e-06	1.883754e-08	0.0	0.0	0.0	5.0810297e-07	6.7458217e-07	2.1034755e-07	8.344257e-09	0.0	3.0552915e-08
ERR3678607	0	Homo sapiens	0.0	6.3485594e-08	4.4379198e-07	2.164669e-06	2.526028e-06	0.0	0.0	7.9854243e-07	2.0496236e-06	4.0128046e-07	5.5151277e-06	0.9999795	0.0	1.6612024e-06	1.2570165e-07	0.0	0.0	0.0	1.8790857e-06	1.9343493e-06	6.567999e-07	5.306683e-08	0.0	2.2130922e-07
ERR3678609	0	Homo sapiens	0.0	7.6641193e-10	1.0606981e-08	3.848886e-08	1.06291054e-07	0.0	0.0	3.1571705e-08	6.790857e-08	4.4353587e-08	6.925308e-08	0.9999993	0.0	7.382522e-08	3.5500467e-09	0.0	0.0	0.0	8.2323076e-08	1.3566111e-07	2.9219471e-08	1.2920236e-09	0.0	5.657757e-09
ERR3678610	0	Canis lupus	0.0	0.0006054135	0.00053377927	0.001216633	0.00062416313	0.0	0.0	0.0006435599	0.09273091	0.0005995762	0.8670885	0.03108717	0.0	0.00054729544	0.00083058985	0.0	0.0	0.0	0.0006285249	0.0006172655	0.00061144074	0.0010151791	0.0	0.00061997486
ERR3678611	0	Homo sapiens	0.0	9.4407504e-08	8.275443e-07	2.1914832e-06	4.5144325e-06	0.0	0.0	1.0732899e-06	1.07406e-05	1.3987815e-06	3.177315e-05	0.9999377	0.0	2.9622333e-06	5.506098e-07	0.0	0.0	0.0	1.8946785e-06	2.6383773e-06	1.1119944e-06	1.7528487e-07	0.0	3.1999247e-07
ERR3678612	0	Canis lupus	0.0	0.00056373107	0.000943035	0.048641395	0.019023187	0.0	0.0	0.0026893718	0.0053960467	0.0007190681	0.027016852	0.8792245	0.0	0.0012289038	0.0035065666	0.0	0.0	0.0	0.0007270713	0.0011771333	0.0007995534	0.0028918753	0.0	0.0054517356
ERR3678613	0	Homo sapiens	0.0	1.4015866e-09	8.425859e-08	2.2286157e-07	5.344388e-07	0.0	0.0	2.1851628e-08	4.4654907e-08	8.621472e-07	5.2835237e-08	0.9999978	0.0	1.8569715e-07	6.968747e-09	0.0	0.0	0.0	6.032833e-08	8.502484e-08	4.0991104e-08	3.1586955e-09	0.0	3.7536907e-09
ERR3678614	0	Canis lupus	0.0	0.00024803245	0.00040707257	0.03806346	0.024343703	0.0	0.0	0.00065139437	0.000106450985	0.00040474435	0.00020808066	0.9306499	0.0	0.0003028991	0.0022434364	0.0	0.0	0.0	9.512773e-05	0.00015703177	0.00011264975	0.0007228487	0.0	0.0012831683
ERR3678615	0	Homo sapiens	0.0	5.6328638e-08	6.843871e-07	6.004294e-06	4.887344e-06	0.0	0.0	1.0209444e-06	8.819895e-07	1.4403413e-06	4.4075732e-05	0.9999349	0.0	1.5914762e-06	3.483655e-07	0.0	0.0	0.0	1.4483543e-06	1.4333283e-06	7.8091324e-07	1.5808574e-07	0.0	2.6684756e-07
ERR3678616	0	Homo sapiens	0.0	1.4802998e-08	2.0342634e-07	3.7951187e-07	1.4811329e-06	0.0	0.0	6.462721e-08	2.722448e-08	1.157331e-06	3.2513063e-07	0.9999957	0.0	2.6256285e-07	2.9670348e-08	0.0	0.0	0.0	1.0753536e-07	1.5418333e-07	7.153521e-08	5.9053034e-09	0.0	1.606474e-08
ERR3678617	0	Homo sapiens	0.0	2.0394353e-09	5.0887422e-08	1.9403475e-07	2.0670099e-07	0.0	0.0	7.107312e-08	9.835384e-08	4.2749555e-08	1.6888275e-07	0.9999986	0.0	1.7453519e-07	7.951358e-09	0.0	0.0	0.0	1.2549386e-07	1.7960026e-07	4.9988003e-08	2.5764966e-09	0.0	1.2116708e-08
ERR3678618	0	Canis lupus	0.0	2.5931835e-05	0.00018848946	0.005819714	0.004803754	0.0	0.0	0.00016204409	2.3327084e-05	9.369723e-05	9.5885836e-05	0.9880147	0.0	6.777637e-05	0.00025608353	0.0	0.0	0.0	2.4148892e-05	4.2432457e-05	3.074234e-05	5.9490314e-05	0.0	0.00029178517
ERR3678619	0	Homo sapiens	0.0	3.1538057e-09	6.621797e-08	3.280575e-07	3.5262929e-07	0.0	0.0	6.1991884e-08	4.8622024e-08	6.3610045e-08	3.461801e-07	0.9999982	0.0	1.7645914e-07	1.5836697e-08	0.0	0.0	0.0	1.1391632e-07	1.4986655e-07	5.713506e-08	1.5312003e-09	0.0	1.3383631e-08
ERR3678620	0	Canis lupus	0.0	2.4855524e-05	0.00025932002	0.0032125576	0.009305585	0.0	0.0	0.00032570102	0.000109765824	0.00033941263	0.0004925179	0.98407817	0.0	0.00010434512	0.00071601814	0.0	0.0	0.0	5.309324e-05	8.979511e-05	6.37489e-05	0.000340782	0.0	0.0004843335
ERR3678622	0	Homo sapiens	0.0	1.9687614e-06	0.00016206561	5.132335e-05	6.6872664e-05	0.0	0.0	2.606273e-06	2.4385554e-06	3.953284e-05	1.0484935e-05	0.99963754	0.0	1.21588e-05	1.0238501e-06	0.0	0.0	0.0	4.090278e-06	4.0151867e-06	2.752374e-06	5.3426044e-07	0.0	6.020872e-07
ERR3678623	0	Canis lupus	0.0	9.149591e-05	0.0006572695	0.030558951	0.031432386	0.0	0.0	0.0006289578	0.00016690945	0.00022895972	0.00015590434	0.9316191	0.0	0.00018728529	0.0011750879	0.0	0.0	0.0	9.5246694e-05	0.00013634132	0.00013434095	0.0013297737	0.0	0.0014019862
ERR3678625	0	Homo sapiens	0.0	8.483448e-07	1.1179271e-05	3.616409e-05	2.3433846e-05	0.0	0.0	1.6331858e-06	1.6491415e-06	1.7308328e-05	1.1194824e-05	0.9998802	0.0	6.2020436e-06	4.9700515e-07	0.0	0.0	0.0	2.5944257e-06	4.258971e-06	2.0655518e-06	3.659947e-07	0.0	3.9002356e-07
ERR3678626	0	Canis lupus	0.0	0.00013628013	0.0005005097	0.02344688	0.012980382	0.0	0.0	0.0012533261	0.00059487694	0.00025391686	0.00433123	0.94759303	0.0	0.00047932527	0.0043283333	0.0	0.0	0.0	0.00021974287	0.0003389543	0.0002567222	0.0009525253	0.0	0.0023339703
ERR3678627	0	Homo sapiens	0.0	5.638282e-09	1.2372678e-06	2.1409168e-07	4.118046e-07	0.0	0.0	2.7761534e-08	7.0799955e-10	1.1634801e-06	1.1073158e-08	0.99999505	0.0	1.6936194e-06	3.93399e-09	0.0	0.0	0.0	8.001001e-08	5.3374322e-08	3.0995967e-08	5.5064847e-10	0.0	3.7906247e-09
ERR3678628	0	Canis lupus	0.0	0.00092347333	0.00039909966	0.013314377	0.012223328	0.0	0.0	0.00024470175	2.17546e-05	0.00011652004	1.934205e-05	0.9713608	0.0	0.0001029517	0.0005280411	0.0	0.0	0.0	3.136846e-05	5.210751e-05	4.1845084e-05	0.000118102005	0.0	0.00050218776
ERR3678629	0	Canis lupus	0.0	3.5502608e-06	0.00029199352	0.00038698336	0.010386996	0.0	0.0	4.514212e-05	1.3415064e-06	9.647916e-05	5.1282445e-06	0.9885544	0.0	1.0021072e-05	5.584633e-05	0.0	0.0	0.0	4.5225497e-06	6.8543177e-06	6.7518913e-06	3.2767162e-05	0.0	0.000111178575
ERR3678727	0	Homo sapiens neanderthalensis	0.0	0.0	0.0	1.9625e-41	0.0	0.0	0.0	0.0	0.0	0.0	0.0	1.0	0.0	0.0	0.0	0.0	0.0	0.0	2.5e-44	1.233088e-21	0.0	0.0	0.0	0.0
ERR3906046	0	Gorilla beringei beringei	0.0	3.4771177e-15	7.342209e-16	2.2748942e-08	5.2236476e-17	0.0	0.0	2.3943991e-09	0.48204315	7.008339e-13	9.479992e-10	4.8839887e-05	0.0	6.0341456e-19	2.681461e-16	0.0	0.0	0.0	6.132857e-15	0.517908	2.7203811e-18	6.76652e-14	0.0	6.16671e-17
ERR5863536	0	Canis lupus	0.0	4.4064123e-12	4.198797e-11	3.2894237e-10	2.204379e-10	0.0	0.0	7.941073e-12	1.0098496e-17	6.4307186e-15	1.6625193e-19	1.0	0.0	3.3091428e-13	2.6184914e-08	0.0	0.0	0.0	4.62729e-13	3.4023932e-12	1.2783592e-13	1.7327227e-13	0.0	1.2470052e-11
ERR6093854	0	Ursus arctos	0.0	0.00030286235	0.00031126768	0.003920474	0.0010045895	0.0	0.0	0.003396445	0.08472915	0.00022883661	0.82763	0.0068123965	0.0	0.0005013458	0.0019058138	0.0	0.0	0.0	0.0007906513	0.0012186323	0.00050834223	0.0009746068	0.0	0.065764576
ERR6093855	0	Ursus arctos	0.0	0.00032064124	0.00031000652	0.0057262247	0.0012979583	0.0	0.0	0.0025213202	0.11456652	0.00018067686	0.78437173	0.009762386	0.0	0.00037171395	0.00063625065	0.0	0.0	0.0	0.0006569155	0.0011206737	0.00050597324	0.0012296385	0.0	0.076421365
ERR6093856	0	Ursus arctos	0.0	0.00020416192	0.0001953208	0.0034939868	0.0008375526	0.0	0.0	0.002806181	0.019181157	9.1385904e-05	0.9424665	0.0036979932	0.0	0.0002450499	0.0008713169	0.0	0.0	0.0	0.00034519064	0.00051791506	0.00031286202	0.0012469584	0.0	0.02348647
ERR6093857	0	Ursus arctos	0.0	3.9344293e-05	3.642942e-05	0.0007160567	0.00012638273	0.0	0.0	0.00040816228	0.0005009498	1.8146613e-05	0.9857921	0.0020127099	0.0	5.404775e-05	0.00013881379	0.0	0.0	0.0	7.543227e-05	0.00010020618	6.160283e-05	0.00013490791	0.0	0.009784705
ERR6093858	0	Ursus arctos	0.0	0.00041129751	0.00080281514	0.0069766333	0.0005750163	0.0	0.0	0.0009589426	0.020147687	0.00095486274	0.9085137	0.054715358	0.0	0.00058789697	0.0009854968	0.0	0.0	0.0	0.0006230803	0.0008499633	0.00057356665	0.00081636885	0.0	0.0015073143
ERR6093859	0	Ursus arctos	0.0	0.00020782082	0.00023845046	0.0017190308	0.0002795993	0.0	0.0	0.00035954028	0.009959491	0.00021599588	0.96617246	0.01831099	0.0	0.0001896896	0.00050068804	0.0	0.0	0.0	0.00027981016	0.0003710805	0.00023277782	0.00033075412	0.0	0.00063182483
ERR6093860	0	Ursus arctos	0.0	0.0011909778	0.0012491465	0.02036057	0.0016888387	0.0	0.0	0.0020234725	0.14662465	0.0011839657	0.76572615	0.04734208	0.0	0.0008774092	0.0029516916	0.0	0.0	0.0	0.001149044	0.0014636322	0.0010637122	0.0015056503	0.0	0.0035990146
ERR6093861	0	Ursus arctos	0.0	0.0015979621	0.0022774164	0.040485483	0.001929067	0.0	0.0	0.0022585192	0.31131333	0.0025065402	0.52724636	0.09356429	0.0	0.0013701816	0.0034578	0.0	0.0	0.0	0.0018212798	0.002320433	0.0015241075	0.0015179054	0.0	0.00480934
ERR6093862	0	Ursus arctos	0.0	2.1712847e-07	1.4233807e-06	3.2876635e-06	2.2345685e-06	0.0	0.0	3.7161582e-05	2.0586971e-05	1.4027168e-05	1.1581383e-06	2.9576722e-07	0.0	2.8103555e-05	4.2645697e-05	0.0	0.0	0.0	4.5397537e-06	1.2825873e-05	1.1138384e-06	0.00036127833	0.0	0.9994691
ERR6093863	0	Ursus arctos	0.0	9.0223246e-08	6.5483437e-07	2.9335902e-06	1.5178472e-06	0.0	0.0	2.094869e-05	1.4430038e-06	8.860285e-06	1.5704597e-06	1.139821e-07	0.0	1.212616e-05	2.6408747e-05	0.0	0.0	0.0	2.2552763e-06	5.8650844e-06	5.843272e-07	0.0003654109	0.0	0.9995492
ERR6093864	0	Ursus arctos	0.0	6.057987e-08	4.4498304e-07	1.0230405e-06	7.12144e-07	0.0	0.0	1.7982997e-05	2.4647134e-06	7.538496e-06	1.0546789e-06	7.983305e-08	0.0	1.0546666e-05	2.4738607e-05	0.0	0.0	0.0	1.939448e-06	4.4283024e-06	4.619542e-07	0.00028692267	0.0	0.99963963
ERR6093865	0	Ursus arctos	0.0	4.142791e-08	4.1466922e-07	1.5535858e-06	8.9053503e-07	0.0	0.0	1.5163085e-05	1.421318e-06	3.8007083e-06	5.0743785e-07	8.249845e-08	0.0	5.925953e-06	5.3440734e-05	0.0	0.0	0.0	1.4223385e-06	3.7521677e-06	3.8637725e-07	0.00040690476	0.0	0.99950427
ERR6093866	0	Ursus arctos	0.0	1.3001737e-06	1.6934151e-06	0.07730831	3.8648075e-05	0.0	0.0	0.00021195762	1.0077284e-05	2.620389e-07	0.005081292	0.0003548106	0.0	2.626332e-06	0.00018792665	0.0	0.0	0.0	8.910278e-06	3.1494066e-05	4.2484153e-06	5.3190073e-05	0.0	0.9167032
ERR6093867	0	Ursus arctos	0.0	1.6022703e-06	2.0196276e-06	0.024346326	0.00016096982	0.0	0.0	0.00027645312	1.3335851e-05	2.3016774e-07	0.025418889	0.00084221683	0.0	4.2592064e-06	0.00024850635	0.0	0.0	0.0	1.4324085e-05	6.724822e-05	5.750352e-06	0.00016700863	0.0	0.94843084
ERR6093868	0	Ursus arctos	0.0	1.0922276e-06	1.2217628e-06	0.020660056	6.311653e-05	0.0	0.0	0.00022028206	1.4848757e-05	3.1077687e-07	0.015650341	0.00026072675	0.0	1.8947742e-06	0.00017096518	0.0	0.0	0.0	1.0456423e-05	4.887947e-05	4.242692e-06	0.00011494856	0.0	0.9627766
ERR6093869	0	Ursus arctos	0.0	4.080132e-07	1.8528059e-06	0.01222258	6.284135e-05	0.0	0.0	0.0001998379	2.8106968e-05	1.579222e-07	0.011616745	0.00014276984	0.0	1.7354839e-06	8.4463085e-05	0.0	0.0	0.0	7.5230455e-06	2.265687e-05	3.07901e-06	0.00010249759	0.0	0.9755027
ERR6093870	0	Ursus arctos	0.0	1.9094086e-09	3.495722e-08	0.0032395567	1.1517837e-05	0.0	0.0	0.000104381725	4.110324e-08	4.8386543e-08	0.002945599	1.4225812e-07	0.0	7.4297867e-07	1.9605372e-05	0.0	0.0	0.0	7.427596e-07	1.0259182e-05	7.295797e-08	0.00018323884	0.0	0.993484
ERR6093871	0	Ursus arctos	0.0	1.8876445e-09	2.4708047e-08	0.0033182695	8.3893065e-06	0.0	0.0	7.869256e-05	2.4766678e-08	2.5076785e-08	0.0021827598	1.5473924e-07	0.0	5.1143627e-07	2.1116779e-05	0.0	0.0	0.0	5.13831e-07	8.907858e-06	5.96726e-08	0.0001429412	0.0	0.9942376
ERR6093872	0	Ursus arctos	0.0	1.9223487e-09	2.778897e-08	0.0022429787	9.490143e-06	0.0	0.0	7.7082026e-05	1.599449e-08	3.787618e-08	0.0011092767	1.1002071e-07	0.0	6.606191e-07	2.5026899e-05	0.0	0.0	0.0	4.432564e-07	1.174127e-05	5.7961447e-08	0.00018651564	0.0	0.9963365
ERR6093874	0	Ursus arctos	0.0	2.0370523e-09	2.819244e-08	0.0026047826	8.497152e-06	0.0	0.0	9.418637e-05	4.0533454e-08	5.1081265e-08	0.0006785268	3.161288e-07	0.0	5.208016e-07	1.5172237e-05	0.0	0.0	0.0	5.018839e-07	1.2790955e-05	6.791125e-08	0.00037159293	0.0	0.9962129
ERR6093875	0	Ursus arctos	0.0	7.724019e-10	4.3225734e-09	0.6353844	1.9437375e-05	0.0	0.0	0.00051461864	1.6776383e-07	2.262549e-09	0.0074344063	4.6653852e-07	0.0	1.5692143e-08	1.5045363e-05	0.0	0.0	0.0	2.4293823e-07	6.0505995e-06	2.6919684e-08	0.00018019164	0.0	0.35644493
ERR6093876	0	Ursus arctos	0.0	3.912718e-10	2.015565e-09	0.6675913	1.7241675e-05	0.0	0.0	0.0003091957	1.12071625e-07	1.2189117e-09	0.0011125802	4.1395808e-07	0.0	7.261586e-09	1.5835018e-05	0.0	0.0	0.0	1.3276309e-07	2.8393279e-06	1.3621769e-08	6.846026e-05	0.0	0.33088186
ERR6093877	0	Ursus arctos	0.0	3.7793177e-10	3.1420702e-09	0.46553904	1.4858606e-05	0.0	0.0	0.00047923464	1.192051e-07	1.6090763e-09	0.0029501256	5.080593e-07	0.0	9.555302e-09	1.2804784e-05	0.0	0.0	0.0	1.4859752e-07	3.0308356e-06	1.8779298e-08	0.00021222167	0.0	0.5307879
ERR6093878	0	Ursus arctos	0.0	3.9027753e-10	2.4913156e-09	0.66788656	1.3994029e-05	0.0	0.0	0.00033162744	4.4007976e-08	2.1757736e-09	0.004099871	8.239382e-07	0.0	1.1587466e-08	6.851117e-06	0.0	0.0	0.0	1.6337094e-07	3.2607136e-06	1.7070601e-08	0.00017536693	0.0	0.32748142
ERR6093879	0	Ursus arctos	0.0	1.649711e-08	3.8327835e-07	0.6871092	0.00012211208	0.0	0.0	0.00027882427	7.523009e-07	2.9001098e-06	0.024946518	2.8064245e-05	0.0	2.8083255e-07	8.7308996e-05	0.0	0.0	0.0	1.5963863e-06	2.7057229e-05	3.6429904e-07	3.3359087e-05	0.0	0.2873613
ERR6093880	0	Ursus arctos	0.0	2.3236537e-09	1.2799059e-07	0.9195644	3.4265682e-05	0.0	0.0	9.8273755e-05	3.4037524e-07	7.758578e-07	0.0014860356	1.1332173e-05	0.0	6.907406e-08	1.1729369e-05	0.0	0.0	0.0	4.7931684e-07	9.5641535e-06	1.0555521e-07	1.9707713e-05	0.0	0.07876273
ERR6093881	0	Ursus arctos	0.0	3.6424335e-09	1.9154325e-07	0.8767228	4.364034e-05	0.0	0.0	0.00013125435	3.3614785e-07	1.0693259e-06	0.011114819	6.5002837e-06	0.0	1.1391594e-07	1.3960053e-05	0.0	0.0	0.0	9.510659e-07	1.8991619e-05	1.4597201e-07	1.8717557e-05	0.0	0.11192649
ERR6093882	0	Ursus arctos	0.0	1.1189428e-08	4.9028154e-07	0.58822465	0.00016292169	0.0	0.0	0.00049290556	3.1253408e-06	2.8851614e-06	0.035196833	7.2026916e-05	0.0	3.4171572e-07	3.1521606e-05	0.0	0.0	0.0	2.0290934e-06	3.8966777e-05	5.063663e-07	5.2203668e-05	0.0	0.3757186
ERR6093883	0	Ursus arctos	0.0	1.4466373e-10	4.080802e-09	0.031193113	5.8216295e-07	0.0	0.0	9.086964e-05	3.0361351e-09	7.700913e-09	1.780983e-05	9.1035574e-10	0.0	2.3198687e-07	0.0005489713	0.0	0.0	0.0	3.4008585e-07	8.689649e-06	1.178212e-08	0.00019702988	0.0	0.96794236
ERR6093885	0	Ursus arctos	0.0	1.5728203e-10	5.3054654e-09	0.18427111	1.2936106e-06	0.0	0.0	0.00014267638	4.6155213e-09	3.8610724e-09	1.4898271e-05	1.929301e-09	0.0	1.6193412e-07	0.0015031062	0.0	0.0	0.0	3.1439544e-07	6.447715e-06	1.0668706e-08	0.0001359628	0.0	0.813924
ERR6093886	0	Ursus arctos	0.0	1.0451517e-10	7.0691413e-09	0.048341986	8.518369e-07	0.0	0.0	0.00013312323	4.0391566e-09	9.080551e-09	2.1634352e-05	1.3811721e-09	0.0	2.3678541e-07	0.00158646	0.0	0.0	0.0	4.076949e-07	1.1934479e-05	1.4246027e-08	0.00012856303	0.0	0.94977474
ERR6093887	0	Ursus arctos	0.0	1.4877748e-10	8.687675e-09	0.11655967	8.262392e-07	0.0	0.0	0.000113650996	2.129744e-09	4.820776e-09	5.0460665e-05	1.2051934e-09	0.0	1.7292678e-07	0.0011245467	0.0	0.0	0.0	3.9462438e-07	1.2376082e-05	1.3435565e-08	0.00014666728	0.0	0.8819912
ERR6093888	0	Ursus arctos	0.0	2.0593245e-10	5.4739996e-08	0.00014920732	4.2226934e-06	0.0	0.0	0.0003719927	6.009335e-08	4.5859974e-06	2.3233707e-07	0.0015386106	0.0	0.0046050246	7.824662e-05	0.0	0.0	0.0	0.00027706547	0.0010308851	4.9523987e-06	2.921441e-05	0.0	0.9919056
ERR6093889	0	Ursus arctos	0.0	2.2480315e-10	4.9139842e-08	0.00018249603	5.6303884e-06	0.0	0.0	0.00031774244	2.542539e-07	8.259445e-06	4.616335e-08	0.00563474	0.0	0.004002444	7.144562e-05	0.0	0.0	0.0	0.0003434301	0.00076985045	4.3739774e-06	0.00012677738	0.0	0.9885325
ERR6093890	0	Ursus arctos	0.0	1.8093488e-10	6.442225e-08	0.0007926774	4.8645124e-06	0.0	0.0	0.00046283487	8.1718454e-08	9.119416e-06	3.5403897e-08	0.007545793	0.0	0.0030035686	5.2009993e-05	0.0	0.0	0.0	0.00031750512	0.0009302736	3.701461e-06	5.538e-05	0.0	0.98682207
ERR6093891	0	Ursus arctos	0.0	1.9933036e-10	4.5821743e-08	7.837997e-05	5.070491e-06	0.0	0.0	0.00025823186	5.0368936e-08	8.87309e-06	1.0877205e-07	0.003919091	0.0	0.0024426605	0.00015298829	0.0	0.0	0.0	0.0001821102	0.00056585367	3.562766e-06	0.00010217109	0.0	0.9922808
ERR6093893	0	Ursus arctos	0.0	4.4784162e-08	0.00020144762	0.0006459276	1.982938e-05	0.0	0.0	8.097006e-05	1.3311168e-06	0.025406228	1.2465031e-07	0.0014202183	0.0	0.03486905	0.8078808	0.0	0.0	0.0	0.00082299253	0.008866815	3.902144e-05	4.1532508e-06	0.0	0.11974101
ERR6093894	0	Ursus arctos	0.0	7.976321e-08	0.00033048473	0.0010802684	1.50956e-05	0.0	0.0	0.00011046665	5.108027e-06	0.018959966	8.759159e-08	0.0024733248	0.0	0.06603672	0.7761703	0.0	0.0	0.0	0.0010094191	0.00841311	6.306199e-05	2.4339615e-06	0.0	0.12533006
ERR6093896	0	Ursus arctos	0.0	5.5207487e-08	0.00073030323	0.0011238646	1.5388856e-05	0.0	0.0	0.00012987644	1.3331239e-06	0.04643291	4.2771983e-08	0.0022673495	0.0	0.08271644	0.69978726	0.0	0.0	0.0	0.0013825067	0.008030398	5.2694308e-05	2.7128535e-06	0.0	0.15732685
ERR6093897	0	Ursus arctos	0.0	3.5367037e-08	0.00034427084	0.00053997786	1.763599e-05	0.0	0.0	0.00010798701	3.409148e-06	0.014646865	6.095268e-08	0.0011070141	0.0	0.039402965	0.8052613	0.0	0.0	0.0	0.00080765964	0.008491864	4.109063e-05	3.0999474e-06	0.0	0.12922478
ERR6093899	0	Ursus arctos	0.0	1.7366028e-09	1.5389343e-08	0.04872182	1.6822923e-05	0.0	0.0	0.0007149518	9.123721e-07	3.1831408e-07	1.3678824e-07	7.1272606e-09	0.0	2.8998457e-07	6.0918384e-05	0.0	0.0	0.0	7.087471e-07	1.4161894e-06	8.9479656e-08	0.14339396	0.0	0.8070876
ERR6093900	0	Ursus arctos	0.0	1.96198e-09	1.833949e-08	0.068577155	1.9619036e-05	0.0	0.0	0.0010416782	6.478917e-07	3.2592587e-07	2.874775e-07	5.951554e-09	0.0	3.7000027e-07	5.6467383e-05	0.0	0.0	0.0	9.14281e-07	1.4975759e-06	9.885286e-08	0.25151834	0.0	0.6787826
ERR6093901	0	Ursus arctos	0.0	1.2306987e-09	1.4352832e-08	0.048792277	1.4319057e-05	0.0	0.0	0.0007474654	5.8480265e-07	2.2939142e-07	1.08844176e-07	2.774479e-09	0.0	2.7375316e-07	6.410292e-05	0.0	0.0	0.0	7.309993e-07	1.5617137e-06	7.133205e-08	0.15900418	0.0	0.7913741
ERR6093902	0	Ursus arctos	0.0	1.6156346e-09	2.2271013e-08	0.10694725	2.2010092e-05	0.0	0.0	0.0009092651	1.7468606e-06	2.8358153e-07	9.675169e-08	6.420673e-09	0.0	3.6642987e-07	5.4220007e-05	0.0	0.0	0.0	9.225797e-07	1.9243814e-06	9.7454844e-08	0.19011484	0.0	0.7019469
ERR6093903	0	Ursus arctos	0.0	2.2344501e-08	1.636676e-07	1.960569e-05	2.0189214e-06	0.0	0.0	1.4996978e-05	1.1266008e-06	2.3212031e-05	6.684264e-08	2.2863741e-08	0.0	2.9834746e-06	4.8297174e-05	0.0	0.0	0.0	6.772229e-07	7.6772386e-07	2.5629936e-07	0.0080464985	0.0	0.9918393
ERR6093904	0	Ursus arctos	0.0	1.0470772e-08	8.361425e-08	1.1279195e-05	1.0770066e-06	0.0	0.0	1.0846964e-05	1.2283558e-06	1.0719401e-05	1.4082513e-08	1.1005916e-08	0.0	1.4254537e-06	4.6253288e-05	0.0	0.0	0.0	3.9997613e-07	3.033746e-07	1.44246e-07	0.0061630113	0.0	0.9937532
ERR6093905	0	Ursus arctos	0.0	9.979774e-09	6.9785514e-08	1.2252959e-05	1.2416994e-06	0.0	0.0	9.415285e-06	5.7900263e-07	6.8206496e-06	1.0856856e-07	2.1934476e-09	0.0	1.2414255e-06	5.4364038e-05	0.0	0.0	0.0	3.942616e-07	3.7451343e-07	1.3953542e-07	0.0043024956	0.0	0.9956105
ERR6093906	0	Ursus arctos	0.0	1.16687895e-08	1.21206e-07	9.600548e-06	1.5513101e-06	0.0	0.0	9.704446e-06	7.914497e-07	1.4207387e-05	5.687977e-08	2.3241984e-09	0.0	2.2225802e-06	0.00011433176	0.0	0.0	0.0	5.955754e-07	7.4913356e-07	1.7869415e-07	0.005474472	0.0	0.9943714
ERR6093907	0	Ursus arctos	0.0	1.9677118e-10	1.5601983e-09	0.70777005	4.746232e-08	0.0	0.0	0.00013073307	1.4089296e-07	1.72911e-08	0.0012353861	9.282378e-08	0.0	8.847302e-09	8.276665e-06	0.0	0.0	0.0	9.761638e-08	6.304593e-07	7.768086e-09	0.00011418771	0.0	0.29074034
ERR6093908	0	Ursus arctos	0.0	1.5313134e-10	1.1523437e-09	0.18284485	5.332971e-08	0.0	0.0	0.00013599054	1.5916986e-07	1.4937385e-08	0.0013492929	1.4187897e-07	0.0	9.7031965e-09	1.0199556e-05	0.0	0.0	0.0	1.380913e-07	6.5509136e-07	8.032001e-09	8.1530576e-05	0.0	0.815577
ERR6093909	0	Ursus arctos	0.0	2.0596996e-10	1.871491e-09	0.49953964	6.72989e-08	0.0	0.0	0.0001784252	1.7670003e-07	3.112444e-08	0.0006515439	9.113095e-08	0.0	1.6501398e-08	9.845252e-06	0.0	0.0	0.0	1.3109108e-07	8.906291e-07	8.399658e-09	0.000106541	0.0	0.49951258
ERR6093910	0	Ursus arctos	0.0	3.0418706e-10	2.7916658e-09	0.4770376	4.8502905e-08	0.0	0.0	0.00019844102	1.6253519e-07	3.6956372e-08	0.002837593	4.2605754e-07	0.0	1.8517525e-08	9.466815e-06	0.0	0.0	0.0	1.6735754e-07	9.0952193e-07	1.1000643e-08	5.690956e-05	0.0	0.5198582
ERR6093912	0	Ursus arctos	0.0	6.607507e-09	7.673091e-08	8.606098e-05	1.171035e-06	0.0	0.0	4.6504425e-05	1.886135e-08	4.9251476e-08	4.291641e-09	1.3254495e-08	0.0	1.3584643e-06	0.017219912	0.0	0.0	0.0	5.121665e-07	8.193229e-06	3.5449645e-08	3.1232355e-06	0.0	0.98263294
ERR6093913	0	Ursus arctos	0.0	4.0323886e-09	1.4863848e-07	0.0001528151	2.2226363e-06	0.0	0.0	6.8929294e-05	1.1794649e-08	1.03745826e-07	2.1568908e-08	2.7876753e-08	0.0	1.1308506e-06	0.007949304	0.0	0.0	0.0	7.2593656e-07	1.0237467e-05	5.341375e-08	1.3262771e-05	0.0	0.991801
ERR6093914	0	Ursus arctos	0.0	2.580669e-09	8.3661654e-08	0.00024952606	6.180956e-07	0.0	0.0	4.848147e-05	7.1307853e-09	8.0375116e-08	3.5175207e-09	5.9632505e-08	0.0	1.7209893e-06	0.006645192	0.0	0.0	0.0	5.488751e-07	5.0382764e-06	3.3912826e-08	5.469887e-06	0.0	0.9930431
ERR6093916	0	Ursus arctos	0.0	2.3409803e-09	1.393641e-07	5.934738e-05	9.4158196e-07	0.0	0.0	4.749984e-05	1.493067e-08	8.233665e-08	5.1092006e-09	3.6976754e-08	0.0	1.7593892e-06	0.004427763	0.0	0.0	0.0	5.457041e-07	7.181169e-06	4.1388013e-08	2.5050542e-06	0.0	0.9954521
ERR6093917	0	Ursus arctos	0.0	3.4555653e-11	5.825565e-11	0.9942789	8.935666e-08	0.0	0.0	5.52241e-06	2.345349e-07	1.8397484e-10	0.004218067	3.1937912e-08	0.0	7.835335e-11	1.1751824e-06	0.0	0.0	0.0	6.9483534e-09	3.5849272e-08	7.635122e-10	1.3160929e-05	0.0	0.0014827618
ERR6093919	0	Ursus arctos	0.0	2.5616616e-11	5.2149875e-11	0.99660784	6.747162e-08	0.0	0.0	6.209806e-06	1.10199565e-07	1.9989757e-10	0.0017297529	3.4611286e-08	0.0	7.09044e-11	1.0990577e-06	0.0	0.0	0.0	4.812121e-09	2.5019862e-08	6.462159e-10	1.7260061e-05	0.0	0.0016375676
ERR6093920	0	Ursus arctos	0.0	3.0165107e-11	9.11665e-11	0.99464726	1.2583796e-07	0.0	0.0	9.465685e-06	1.5524618e-07	3.899265e-10	0.0031534238	3.2223426e-08	0.0	1.4958773e-10	1.4631116e-06	0.0	0.0	0.0	8.551843e-09	4.329353e-08	9.887877e-10	1.6252805e-05	0.0	0.0021717502
ERR6093921	0	Ursus arctos	0.0	2.4416111e-11	4.1425183e-11	0.9916059	4.6453124e-08	0.0	0.0	6.9425882e-06	8.1968324e-08	4.5155563e-10	0.0063702073	8.353591e-09	0.0	9.319501e-11	4.3640264e-07	0.0	0.0	0.0	4.1604675e-09	2.0461565e-08	6.4140354e-10	8.519649e-06	0.0	0.0020078595
ERR6093922	0	Ursus arctos	0.0	1.7371237e-09	9.611423e-07	0.00020290725	6.280627e-07	0.0	0.0	0.0029836458	5.2400947e-06	8.602606e-05	0.0009434989	0.0045079924	0.0	0.030657027	0.00012724269	0.0	0.0	0.0	0.0036581242	0.025204241	2.3518884e-05	6.0138827e-06	0.0	0.93159294
ERR6093923	0	Ursus arctos	0.0	9.730281e-10	3.8612728e-07	0.0007460816	4.9323774e-07	0.0	0.0	0.0016606477	1.5932601e-06	4.2773507e-05	0.0018890835	0.0026274454	0.0	0.018738477	4.3720207e-05	0.0	0.0	0.0	0.0027160388	0.025292557	1.7329272e-05	2.0748414e-06	0.0	0.9462213
ERR6093924	0	Ursus arctos	0.0	1.784254e-09	5.693075e-07	0.00037518417	5.7240277e-07	0.0	0.0	0.0015807033	1.0831948e-05	8.67001e-05	0.00051365513	0.0017492676	0.0	0.02564858	3.4333934e-05	0.0	0.0	0.0	0.004092934	0.049711116	2.220298e-05	4.4847866e-06	0.0	0.91616887
ERR6093926	0	Ursus arctos	0.0	1.0634966e-09	4.0507234e-07	0.0003016663	5.961323e-07	0.0	0.0	0.0011565166	2.1228343e-06	3.9464398e-05	0.0019212689	0.00073387555	0.0	0.019729752	3.6340734e-05	0.0	0.0	0.0	0.0013270535	0.01419039	1.5387795e-05	8.308407e-06	0.0	0.96053684
ERR6093927	0	Ursus arctos	0.0	7.1021797e-09	1.3086446e-07	2.495265e-05	4.310482e-06	0.0	0.0	1.1232113e-05	5.2716683e-08	9.603428e-08	0.0001956013	9.084969e-09	0.0	8.8469346e-07	5.8118612e-06	0.0	0.0	0.0	5.110045e-07	6.093112e-06	1.1156682e-07	5.4396376e-05	0.0	0.9996958
ERR6093928	0	Ursus arctos	0.0	1.2007122e-08	3.3928018e-07	9.301385e-05	7.0637593e-06	0.0	0.0	1.9138939e-05	1.4075138e-07	1.8083509e-07	0.00014347347	5.7469918e-09	0.0	1.8473866e-06	6.8782894e-05	0.0	0.0	0.0	1.0102941e-06	1.0399893e-05	2.2245699e-07	6.6950066e-05	0.0	0.9995874
ERR6093929	0	Ursus arctos	0.0	6.1371757e-09	1.9083315e-07	7.137038e-05	3.860181e-06	0.0	0.0	8.389267e-06	6.686256e-08	1.265604e-07	0.000117392614	6.7317982e-09	0.0	7.389723e-07	1.3082897e-05	0.0	0.0	0.0	4.6837806e-07	6.3189095e-06	1.1523218e-07	3.6526442e-05	0.0	0.9997413
ERR6093930	0	Ursus arctos	0.0	1.1386544e-08	2.2233661e-07	7.240364e-05	5.9377603e-06	0.0	0.0	8.177058e-06	5.270007e-08	1.1977126e-07	0.00036133087	1.0319728e-08	0.0	1.4201883e-06	1.3709032e-05	0.0	0.0	0.0	5.956992e-07	6.7075575e-06	1.5476955e-07	2.9602877e-05	0.0	0.99949956
ERR6093931	0	Ursus arctos	0.0	0.00027980967	7.327343e-05	0.37594253	0.00013346513	0.0	0.0	3.1761094e-05	3.2004045e-06	1.9538852e-06	0.5299948	4.6528436e-05	0.0	2.438993e-06	0.00014562467	0.0	0.0	0.0	4.2129764e-06	2.3326753e-05	4.0869854e-06	2.3490553e-05	0.0	0.093289524
ERR6093932	0	Ursus arctos	0.0	0.00016036734	0.00011519387	0.86812615	8.380816e-05	0.0	0.0	2.2994538e-05	3.0715895e-05	3.3038743e-06	0.04506668	6.4402615e-05	0.0	2.994554e-06	8.659367e-05	0.0	0.0	0.0	4.4521335e-06	3.6715068e-05	3.5334656e-06	7.3590913e-06	0.0	0.08618472
ERR6093934	0	Ursus arctos	0.0	0.0001715562	0.00021555909	0.33671987	0.00012473438	0.0	0.0	4.6140933e-05	3.2809555e-06	3.3743165e-06	0.514166	2.5679139e-05	0.0	4.17462e-06	0.00015053846	0.0	0.0	0.0	5.510699e-06	3.8847225e-05	4.5449924e-06	8.931488e-06	0.0	0.14831127
ERR6093935	0	Ursus arctos	0.0	0.00045955423	0.00069306616	0.719026	0.00015423138	0.0	0.0	7.989319e-05	1.4122848e-05	8.170505e-06	0.079842836	0.00019316374	0.0	5.410106e-06	0.00020051662	0.0	0.0	0.0	7.821629e-06	5.1084357e-05	7.60819e-06	1.2470565e-05	0.0	0.19924405
ERR6093936	0	Ursus arctos	0.0	8.8802807e-07	1.0200417e-06	0.010975462	0.000243465	0.0	0.0	0.0007277496	0.0005901976	0.00031978692	0.0015747785	6.8819406e-07	0.0	7.691992e-06	0.0001475364	0.0	0.0	0.0	9.072309e-06	3.739949e-06	7.763219e-06	0.10823591	0.0	0.87715423
ERR6093937	0	Ursus arctos	0.0	7.3642866e-07	8.3180083e-07	0.028311348	0.00019034011	0.0	0.0	0.0007553974	0.00023453115	0.00021915887	0.0012357187	7.288351e-07	0.0	6.775682e-06	0.00022043574	0.0	0.0	0.0	9.844131e-06	3.224363e-06	7.0293995e-06	0.10988522	0.0	0.85891867
ERR6093938	0	Ursus arctos	0.0	1.082582e-06	1.3651189e-06	0.037472557	0.0003345594	0.0	0.0	0.0008194839	0.0011426797	0.0003746968	0.00090590015	1.2736562e-06	0.0	8.509825e-06	0.00044594833	0.0	0.0	0.0	1.3994171e-05	5.1903153e-06	1.0461049e-05	0.10523389	0.0	0.8532284
ERR6093939	0	Ursus arctos	0.0	1.1656375e-06	1.278742e-06	0.021462208	0.00041070697	0.0	0.0	0.0007199631	0.0017859607	0.00028853654	0.0013146937	6.615297e-07	0.0	6.0005277e-06	0.00016423459	0.0	0.0	0.0	1.1675074e-05	5.613489e-06	9.313074e-06	0.08121668	0.0	0.8926013
ERR6093941	0	Ursus arctos	0.0	1.9853221e-08	1.1430718e-08	0.9583366	7.774023e-06	0.0	0.0	0.0008736062	2.9150956e-06	1.8843403e-10	6.002844e-05	1.3439554e-05	0.0	6.28504e-09	1.5472624e-05	0.0	0.0	0.0	1.559654e-07	5.7382056e-07	2.0387455e-08	0.004054171	0.0	0.036635194
ERR6093942	0	Ursus arctos	0.0	1.1084487e-08	3.043791e-08	0.9268827	2.219263e-05	0.0	0.0	0.0018730003	1.1402838e-06	3.135678e-10	0.00087368774	3.0245383e-05	0.0	9.882921e-09	4.8365815e-05	0.0	0.0	0.0	2.94045e-07	7.490708e-07	4.4125965e-08	0.009418148	0.0	0.060849387
ERR6093943	0	Ursus arctos	0.0	2.6400944e-09	7.648959e-09	0.9599956	1.0587788e-05	0.0	0.0	0.00079282187	1.0483831e-06	1.3336744e-10	6.530927e-05	3.084359e-05	0.0	5.3725477e-09	9.9027775e-06	0.0	0.0	0.0	1.2283942e-07	3.2853308e-07	1.8487576e-08	0.0030576834	0.0	0.036035694
ERR6093945	0	Ursus arctos	0.0	1.698787e-08	3.415516e-08	0.86375725	3.2778215e-05	0.0	0.0	0.0033571692	2.4847354e-06	7.4929424e-10	0.00086887646	0.00041796375	0.0	1.8405094e-08	8.4907515e-05	0.0	0.0	0.0	5.1749083e-07	1.6202284e-06	6.8356506e-08	0.011093956	0.0	0.12038233
ERR6093946	0	Ursus arctos	0.0	6.648729e-05	0.00010597836	0.55162257	0.0054302476	0.0	0.0	0.07004807	0.05711382	1.763762e-05	0.10273582	0.0009265517	0.0	0.0002461873	0.005394765	0.0	0.0	0.0	0.00052213075	0.0009997234	0.00028441742	0.00962983	0.0	0.19485575
ERR6093947	0	Ursus arctos	0.0	8.102906e-05	0.00012820846	0.3244784	0.004268371	0.0	0.0	0.08544763	0.002907092	1.8218088e-05	0.35431388	0.0032801246	0.0	0.00020482154	0.0119827725	0.0	0.0	0.0	0.00057598035	0.0011728889	0.00031138316	0.004876815	0.0	0.20595239
ERR6093948	0	Ursus arctos	0.0	8.4351406e-05	0.00012233431	0.33955127	0.0051708417	0.0	0.0	0.098939195	0.0025802138	1.5530364e-05	0.27820364	0.0017839791	0.0	0.00021678282	0.006792927	0.0	0.0	0.0	0.000648935	0.0016217533	0.00030357097	0.008844061	0.0	0.25512064
ERR6093949	0	Ursus arctos	0.0	4.9774193e-05	7.22722e-05	0.35038203	0.0035386223	0.0	0.0	0.04485078	0.0010918191	1.9921437e-05	0.3719328	0.0011595425	0.0	0.00016209405	0.0036438743	0.0	0.0	0.0	0.000489264	0.0011300289	0.00021735879	0.0042408956	0.0	0.21701892
ERR6093950	0	Ursus arctos	0.0	1.1838071e-05	9.004844e-06	0.25179493	0.00023921992	0.0	0.0	0.0015126616	0.10015773	0.0001727669	0.32700044	0.0001975002	0.0	2.0872907e-05	0.00023024585	0.0	0.0	0.0	0.00011589716	5.1857533e-05	5.140866e-05	0.01272216	0.0	0.30571148
ERR6093951	0	Ursus arctos	0.0	1.1946724e-05	8.68404e-06	0.4552183	0.00020977572	0.0	0.0	0.0011386804	0.06992247	0.00014129218	0.2760269	0.00019483246	0.0	1.4950593e-05	0.00031305576	0.0	0.0	0.0	9.873748e-05	5.3741966e-05	4.889928e-05	0.031181775	0.0	0.16541597
ERR6093952	0	Ursus arctos	0.0	9.118349e-06	7.278525e-06	0.55071765	0.0001383189	0.0	0.0	0.0011225509	0.068625025	8.090029e-05	0.23633087	0.00023517376	0.0	1.5901169e-05	0.0001615728	0.0	0.0	0.0	8.396863e-05	3.8670638e-05	3.646438e-05	0.005508139	0.0	0.13688843
ERR6093953	0	Ursus arctos	0.0	1.6105947e-05	1.2056962e-05	0.429646	0.00022176797	0.0	0.0	0.0011945027	0.116324246	0.00013564715	0.26370546	0.00045717167	0.0	2.7530032e-05	0.00019498648	0.0	0.0	0.0	0.00012917376	7.616146e-05	6.317544e-05	0.010494474	0.0	0.17730157
ERR6093954	0	Ursus arctos	0.0	0.00022382184	0.00021618123	0.0015850457	0.000301626	0.0	0.0	0.0019484835	0.024606235	0.00017099947	0.9582736	0.007945561	0.0	0.0002815324	0.0004788594	0.0	0.0	0.0	0.00037095931	0.00035902776	0.00032554014	0.0010872807	0.0	0.0018252805
ERR6093955	0	Ursus arctos	0.0	0.0004925296	0.0004404979	0.003723785	0.0007289156	0.0	0.0	0.0054172557	0.059153963	0.00042018082	0.9011243	0.014383661	0.0	0.00082866335	0.0015056299	0.0	0.0	0.0	0.0008732956	0.0010354713	0.0006731578	0.0021738964	0.0	0.007024808
ERR6093956	0	Ursus arctos	0.0	0.00048941385	0.0004312892	0.0052175564	0.00073914835	0.0	0.0	0.006211338	0.05698981	0.00034955348	0.8889701	0.029842502	0.0	0.00064493343	0.0013006225	0.0	0.0	0.0	0.00079990574	0.0008315581	0.0007047859	0.002399831	0.0	0.0040776525
ERR6093957	0	Ursus arctos	0.0	0.00056207256	0.00045740115	0.005515634	0.0009001448	0.0	0.0	0.007258541	0.054369662	0.00046628833	0.89166445	0.02186946	0.0	0.0010041539	0.0021765372	0.0	0.0	0.0	0.0010452756	0.0012284623	0.0008193417	0.004092922	0.0	0.0065696556
ERR6093958	0	Ursus arctos	0.0	2.725318e-09	2.08029e-08	0.009745266	4.671294e-06	0.0	0.0	5.2653722e-05	8.6388616e-07	2.1323571e-07	3.2325545e-07	3.020636e-09	0.0	3.8880367e-07	1.9017298e-05	0.0	0.0	0.0	3.5513133e-07	6.688327e-07	5.6636637e-08	0.0018273649	0.0	0.9883481
ERR6093959	0	Ursus arctos	0.0	3.1879581e-09	3.5155168e-08	0.019352999	8.411175e-06	0.0	0.0	8.8683395e-05	3.2289802e-07	3.0645688e-07	4.4886698e-07	1.1203818e-08	0.0	4.983435e-07	8.94443e-05	0.0	0.0	0.0	5.8668735e-07	1.5823265e-06	8.450545e-08	0.005580392	0.0	0.97487617
ERR6093960	0	Ursus arctos	0.0	2.6890403e-09	2.3198485e-08	0.023997162	7.0750493e-06	0.0	0.0	6.5332875e-05	1.171527e-07	3.3881167e-07	1.0960549e-06	1.1972715e-08	0.0	5.2154974e-07	8.798934e-05	0.0	0.0	0.0	6.168793e-07	9.091415e-07	7.877741e-08	0.0030188903	0.0	0.9728198
ERR6093961	0	Ursus arctos	0.0	5.558249e-09	6.9966575e-08	0.03172665	1.246648e-05	0.0	0.0	8.656953e-05	3.392544e-08	4.6210408e-07	3.8201188e-06	4.4738528e-08	0.0	6.0860697e-07	9.819861e-05	0.0	0.0	0.0	7.370618e-07	1.5723252e-06	1.2529591e-07	0.003996763	0.0	0.96407187
ERR6093963	0	Ursus arctos	0.0	6.276007e-09	8.143347e-09	0.87759036	8.680943e-06	0.0	0.0	3.5085443e-05	1.3755849e-05	4.3037414e-08	0.009225388	1.570642e-08	0.0	5.178423e-09	5.839829e-06	0.0	0.0	0.0	1.2780622e-07	2.1215631e-07	3.9394095e-08	0.009267066	0.0	0.103853345
ERR6093964	0	Ursus arctos	0.0	4.028714e-09	2.3455076e-09	0.96116453	2.7848203e-06	0.0	0.0	1.7240744e-05	6.130148e-06	1.7729453e-08	0.008376987	1.2445128e-08	0.0	2.3949784e-09	1.5289357e-06	0.0	0.0	0.0	4.8971145e-08	7.4544566e-08	1.8378275e-08	0.0006544914	0.0	0.029776119
ERR6093965	0	Ursus arctos	0.0	3.8826404e-09	2.9357514e-09	0.9064374	5.725607e-06	0.0	0.0	2.7481527e-05	5.1658385e-06	6.5732834e-08	0.009140327	1.027561e-08	0.0	3.2871503e-09	1.0196677e-05	0.0	0.0	0.0	8.982461e-08	1.2195395e-07	3.487794e-08	0.005124896	0.0	0.07924847
ERR6093966	0	Ursus arctos	0.0	7.1371415e-09	5.6994383e-09	0.8815586	1.2865222e-05	0.0	0.0	4.260363e-05	7.797877e-06	5.0123464e-08	0.0352515	3.91699e-08	0.0	4.969234e-09	4.957394e-06	0.0	0.0	0.0	1.5694553e-07	2.3706694e-07	5.1433194e-08	0.007837135	0.0	0.075284004
ERR6093967	0	Ursus arctos	0.0	5.0599816e-08	5.8509755e-08	0.1110598	4.14168e-06	0.0	0.0	0.0004340131	2.9050878e-05	6.862936e-08	0.7041102	5.817057e-06	0.0	2.7981085e-07	8.336705e-05	0.0	0.0	0.0	2.055165e-06	8.242374e-06	4.7234437e-07	4.3982127e-05	0.0	0.18421836
ERR6093968	0	Ursus arctos	0.0	8.3522046e-08	1.1442026e-07	0.17734657	6.728533e-06	0.0	0.0	0.00095236406	5.9434773e-05	1.3618717e-07	0.37053612	2.2393044e-05	0.0	7.840324e-07	0.00024089844	0.0	0.0	0.0	4.490708e-06	1.9820418e-05	8.0873514e-07	7.8257355e-05	0.0	0.450731
ERR6093969	0	Ursus arctos	0.0	5.5977996e-08	9.418094e-08	0.25791278	4.968871e-06	0.0	0.0	0.00049304427	2.7113338e-05	1.1444166e-07	0.3810963	8.005995e-06	0.0	4.4083305e-07	0.00027810107	0.0	0.0	0.0	3.21432e-06	1.1699876e-05	5.797498e-07	2.5251975e-05	0.0	0.36013824
ERR6093970	0	Ursus arctos	0.0	8.303379e-08	1.5082928e-07	0.20763093	1.1631333e-05	0.0	0.0	0.00054492784	6.897384e-05	2.0811243e-07	0.38181946	9.48691e-06	0.0	6.7963583e-07	0.0001303301	0.0	0.0	0.0	4.7371154e-06	2.0595495e-05	8.721687e-07	6.0271203e-05	0.0	0.40969667
ERR6093972	0	Ursus arctos	0.0	3.955829e-09	1.2902072e-07	0.0010818756	5.3166928e-06	0.0	0.0	2.4264455e-05	7.839983e-07	1.0601087e-05	4.612328e-07	1.4621713e-07	0.0	2.0928194e-06	0.015375451	0.0	0.0	0.0	2.3757086e-06	3.5831595e-06	2.6397518e-07	0.030125465	0.0	0.9533672
ERR6096533	0	Ursus arctos	0.0	3.7153955e-09	1.2044767e-07	0.0014493841	1.015682e-05	0.0	0.0	3.5732934e-05	5.8444107e-07	1.34930715e-05	6.169848e-07	8.033739e-08	0.0	1.8429637e-06	0.008449065	0.0	0.0	0.0	2.3590155e-06	4.9194773e-06	2.9936442e-07	0.079103604	0.0	0.9109277
ERR6096535	0	Ursus arctos	0.0	3.9042196e-09	1.05657996e-07	0.0015005416	5.2479577e-06	0.0	0.0	2.5222957e-05	2.4738183e-06	1.5329611e-05	1.6803573e-07	5.846711e-08	0.0	2.2504855e-06	0.012324385	0.0	0.0	0.0	2.6325001e-06	4.524768e-06	2.751502e-07	0.07206013	0.0	0.91405666
ERR6096536	0	Ursus arctos	0.0	4.9825775e-09	1.3407819e-07	0.0019121687	1.2006776e-05	0.0	0.0	3.298425e-05	1.3976755e-06	1.8339988e-05	6.5215335e-07	3.7269132e-08	0.0	2.448973e-06	0.013424215	0.0	0.0	0.0	2.76424e-06	4.544231e-06	3.2931348e-07	0.08558637	0.0	0.8990016
ERR6096537	0	Ursus arctos	0.0	0.000620381	0.0005621539	0.0014080745	0.00062162284	0.0	0.0	0.0007607137	0.091952115	0.0007015347	0.8693857	0.02836537	0.0	0.0006021353	0.000893408	0.0	0.0	0.0	0.0006837835	0.0006553239	0.000652879	0.0013100439	0.0	0.00082476373
ERR6096538	0	Ursus arctos	0.0	0.0006798308	0.00061058946	0.0014297597	0.0007030618	0.0	0.0	0.0009023624	0.09565988	0.0008285953	0.86682945	0.025901778	0.0	0.00071832363	0.0013129162	0.0	0.0	0.0	0.0007256141	0.0006929838	0.0007199874	0.0013370258	0.0	0.0009478273
ERR6096539	0	Ursus arctos	0.0	0.0006752406	0.0006528394	0.0014680937	0.00080203166	0.0	0.0	0.0008653878	0.08745963	0.0007457746	0.8607717	0.040137842	0.0	0.00067459425	0.0011402692	0.0	0.0	0.0	0.00076853175	0.000786053	0.000727177	0.0012796412	0.0	0.0010451475
ERR6096540	0	Ursus arctos	0.0	0.00065844314	0.0006384113	0.001921314	0.0008004589	0.0	0.0	0.0009363637	0.095864534	0.00079929054	0.86095095	0.03125207	0.0	0.00071466784	0.00090509915	0.0	0.0	0.0	0.0007977057	0.00072945945	0.0007304251	0.001317146	0.0	0.0009836832
ERR6096541	0	Ursus arctos	0.0	0.00010665384	0.0006956726	0.0035965089	0.0002892242	0.0	0.0	0.011831457	0.29125875	0.03103573	0.029055156	0.009245742	0.0	0.008215613	0.0008543841	0.0	0.0	0.0	0.0021228408	0.001984943	0.0012111927	0.0032805211	0.0	0.6052156
ERR6096542	0	Ursus arctos	0.0	0.00017907762	0.0011736219	0.0117193395	0.0004592701	0.0	0.0	0.015474269	0.023915585	0.05950331	0.13358733	0.034450393	0.0	0.016064104	0.00076717726	0.0	0.0	0.0	0.0034216738	0.0029255822	0.0020473367	0.0072170566	0.0	0.68709487
ERR6096543	0	Ursus arctos	0.0	0.00016190358	0.0009782164	0.0026357698	0.00034212632	0.0	0.0	0.013114649	0.0091709625	0.043904264	0.21161903	0.027191032	0.0	0.008372313	0.0011971425	0.0	0.0	0.0	0.0025196641	0.0022801126	0.0013396186	0.0024678018	0.0	0.6727054
ERR6096544	0	Ursus arctos	0.0	0.00021728326	0.0015080929	0.006913883	0.0005312749	0.0	0.0	0.016531479	0.021071479	0.061152324	0.15555698	0.047852263	0.0	0.017293887	0.001200977	0.0	0.0	0.0	0.0046347147	0.003309983	0.002559154	0.004891493	0.0	0.6547747
ERR6096545	0	Ursus arctos	0.0	1.2449204e-10	2.2468327e-10	0.9996392	4.0476417e-07	0.0	0.0	6.5040817e-06	1.9473416e-07	3.5513045e-10	7.944313e-06	2.6778604e-08	0.0	2.326046e-10	4.1138392e-07	0.0	0.0	0.0	8.986592e-09	1.101621e-08	2.0224775e-09	9.1032896e-05	0.0	0.00025425808
ERR6096547	0	Ursus arctos	0.0	1.346735e-10	2.6832406e-10	0.99960184	5.65767e-07	0.0	0.0	7.931132e-06	1.24054e-07	3.3858133e-10	1.4213946e-05	2.7385829e-08	0.0	3.4371964e-10	3.8494696e-07	0.0	0.0	0.0	1.1114799e-08	1.4336304e-08	2.4724176e-09	8.572364e-05	0.0	0.0002891433
ERR6096548	0	Ursus arctos	0.0	1.3548952e-10	2.156291e-10	0.99958646	4.7615802e-07	0.0	0.0	8.8640145e-06	1.6057889e-07	4.312009e-10	2.9392133e-05	2.3860869e-08	0.0	4.1546436e-10	6.7438157e-07	0.0	0.0	0.0	1.303136e-08	1.47256305e-08	2.736821e-09	9.457504e-05	0.0	0.00027933964
ERR6096549	0	Ursus arctos	0.0	1.4375408e-10	2.334511e-10	0.9995298	6.0426396e-07	0.0	0.0	7.946455e-06	2.4236255e-07	2.5205987e-10	1.3245346e-05	1.515629e-08	0.0	3.288129e-10	5.651272e-07	0.0	0.0	0.0	1.0945343e-08	1.294863e-08	2.4325673e-09	0.00018421437	0.0	0.00026336618
ERR6096550	0	Ursus arctos	0.0	5.3689043e-08	3.1285447e-07	0.0049492614	1.5837859e-05	0.0	0.0	0.0008570195	3.7297839e-06	3.5219622e-07	0.0012046198	2.7680338e-07	0.0	2.8585205e-06	0.0009722145	0.0	0.0	0.0	4.4172357e-06	1.7756334e-05	7.8592893e-07	0.0012223701	0.0	0.9907481
ERR6096551	0	Ursus arctos	0.0	6.664694e-08	5.724642e-07	0.019484166	4.0436273e-05	0.0	0.0	0.0014332351	1.11409545e-05	4.7609572e-07	0.00071012805	9.132402e-07	0.0	3.3724361e-06	0.000499479	0.0	0.0	0.0	9.174119e-06	5.2121643e-05	1.3934975e-06	0.0032773998	0.0	0.9744759
ERR6096552	0	Ursus arctos	0.0	4.436863e-08	3.2746757e-07	0.007327863	2.3700608e-05	0.0	0.0	0.0012107327	3.2919543e-06	3.092928e-07	0.00090675015	1.6334248e-07	0.0	2.5026175e-06	0.00070400594	0.0	0.0	0.0	4.443333e-06	1.8172332e-05	6.930416e-07	0.0016370647	0.0	0.98815995
ERR6096554	0	Ursus arctos	0.0	3.508282e-08	3.1671055e-07	0.0047287787	1.1289559e-05	0.0	0.0	0.0007492493	6.8344793e-06	2.6300316e-07	0.00016299837	3.4378107e-07	0.0	1.9243369e-06	0.00022071454	0.0	0.0	0.0	4.5615425e-06	2.2195756e-05	6.09969e-07	0.0013381956	0.0	0.9927517
ERR6096555	0	Ursus arctos	0.0	8.62488e-07	4.9172368e-06	1.0463357e-05	3.6892503e-05	0.0	0.0	3.2181433e-05	4.3668417e-05	6.75601e-05	6.68506e-07	1.5803336e-06	0.0	6.782366e-05	5.5929264e-05	0.0	0.0	0.0	8.04502e-06	9.842652e-06	3.7737907e-06	0.004319411	0.0	0.99533635
ERR6096557	0	Ursus arctos	0.0	1.1623956e-06	5.245558e-06	1.0690192e-05	4.6971494e-05	0.0	0.0	4.2893556e-05	7.936467e-05	0.00010317043	6.285023e-07	1.2848773e-06	0.0	8.051752e-05	8.3235485e-05	0.0	0.0	0.0	9.2230875e-06	1.088316e-05	4.321035e-06	0.011174676	0.0	0.98834574
ERR6096570	0	Ursus arctos	0.0	8.9910196e-07	5.085158e-06	6.3289385e-06	4.0457868e-05	0.0	0.0	3.2875287e-05	2.7063097e-05	7.6096025e-05	2.2476295e-06	1.256503e-06	0.0	7.936788e-05	5.5597196e-05	0.0	0.0	0.0	8.764843e-06	1.0173325e-05	4.029502e-06	0.006240017	0.0	0.99340975
ERR6096574	0	Ursus arctos	0.0	9.1431684e-07	4.7394187e-06	7.3992787e-06	2.9290934e-05	0.0	0.0	3.1852796e-05	6.0450973e-05	7.5232354e-05	3.4071368e-07	1.2593107e-06	0.0	6.3226405e-05	9.598512e-05	0.0	0.0	0.0	6.7310853e-06	8.923302e-06	3.3845108e-06	0.004122829	0.0	0.99548745
ERR6096575	0	Ursus arctos	0.0	1.720036e-07	3.0418533e-07	0.008353117	3.582175e-05	0.0	0.0	0.00045169954	1.515469e-05	2.6991572e-07	0.74323547	5.724615e-06	0.0	1.5869297e-06	5.435434e-05	0.0	0.0	0.0	4.9083433e-06	1.661666e-05	1.7445956e-06	0.0001288053	0.0	0.24769424
ERR6096576	0	Ursus arctos	0.0	5.507087e-07	1.5475185e-06	0.104211934	9.261073e-05	0.0	0.0	0.0015660477	7.2729104e-05	2.028398e-06	0.37605092	4.1504496e-05	0.0	4.7033777e-06	0.00056605093	0.0	0.0	0.0	2.5471967e-05	0.00012678884	7.0856395e-06	0.00023269055	0.0	0.51699734
ERR6096579	0	Ursus arctos	0.0	3.2380282e-07	1.2006872e-06	0.06410403	6.523241e-05	0.0	0.0	0.001185129	2.893069e-05	1.2950379e-06	0.508267	3.2754127e-05	0.0	3.0053986e-06	8.461074e-05	0.0	0.0	0.0	1.3177799e-05	4.7765654e-05	4.379514e-06	0.000115768264	0.0	0.4260454
ERR6096580	0	Ursus arctos	0.0	2.274205e-07	6.7952965e-07	0.03064064	3.8342896e-05	0.0	0.0	0.00089682185	6.294315e-05	6.0451447e-07	0.73677695	1.6212083e-05	0.0	3.316509e-06	0.00016514777	0.0	0.0	0.0	9.274054e-06	3.8617494e-05	3.3601564e-06	0.00010261878	0.0	0.23124424
ERR6096581	0	Ursus arctos	0.0	2.18046e-10	4.6292822e-08	0.2234531	5.4990414e-06	0.0	0.0	0.00033880826	6.754326e-08	6.068954e-07	0.00035006064	2.2272278e-07	0.0	5.166731e-06	0.00021605124	0.0	0.0	0.0	4.9205355e-06	0.000107040105	1.4812636e-07	0.0007520413	0.0	0.7747662
ERR6096582	0	Ursus arctos	0.0	4.1989062e-10	1.8860254e-08	0.30971017	6.3872803e-06	0.0	0.0	0.00071935944	4.9570783e-08	1.2968337e-06	0.0013751909	2.547442e-07	0.0	8.613727e-06	0.00013666533	0.0	0.0	0.0	5.3536123e-06	8.02923e-05	1.873738e-07	0.00046912194	0.0	0.687487
ERR6096739	0	Ursus arctos	0.0	2.793908e-10	2.3215708e-08	0.51829606	4.475682e-06	0.0	0.0	0.0004142146	2.858056e-07	4.2111532e-07	7.02614e-05	3.4612523e-07	0.0	1.944132e-06	0.00020465009	0.0	0.0	0.0	3.424193e-06	5.3815835e-05	1.4526094e-07	0.0005478954	0.0	0.48040205
ERR6096740	0	Ursus arctos	0.0	3.4423803e-10	3.5254306e-08	0.6019783	4.5873817e-06	0.0	0.0	0.000334838	3.4328778e-08	4.6540532e-07	0.0008270625	8.843951e-08	0.0	2.7233784e-06	0.000238956	0.0	0.0	0.0	3.7195096e-06	7.804971e-05	1.16172124e-07	0.00049129373	0.0	0.39603972
ERR6096741	0	Ursus arctos	0.0	5.0805797e-06	9.846206e-06	0.0028296704	0.0005182035	0.0	0.0	0.00059532473	0.001825656	3.4897792e-05	0.00016688836	7.1056006e-06	0.0	8.130043e-05	0.0019337202	0.0	0.0	0.0	9.210965e-05	0.00015902538	2.235679e-05	0.056965247	0.0	0.9347536
ERR6096742	0	Ursus arctos	0.0	7.474074e-06	2.0028823e-05	0.008764953	0.00053882255	0.0	0.0	0.00096734246	0.0016444691	4.7700105e-05	0.00020700991	4.964622e-05	0.0	7.825647e-05	0.0024849435	0.0	0.0	0.0	0.00019274298	0.0002933045	3.9397455e-05	0.14645836	0.0	0.8382056
ERR6096743	0	Ursus arctos	0.0	7.0291244e-06	1.9220553e-05	0.0025627706	0.0004950502	0.0	0.0	0.00078475504	0.0015152766	5.8164005e-05	0.0002982871	3.7454e-05	0.0	0.00010794541	0.0030946783	0.0	0.0	0.0	0.00014671074	0.00024497567	3.4392546e-05	0.1297099	0.0	0.8608834
ERR6096744	0	Ursus arctos	0.0	4.600817e-06	1.5815747e-05	0.0023074043	0.00044071354	0.0	0.0	0.00053561106	0.0010154045	5.925771e-05	7.375736e-05	2.8756538e-05	0.0	5.477096e-05	0.0021710733	0.0	0.0	0.0	0.00010181289	0.00014557461	2.4976085e-05	0.16011125	0.0	0.8329092
ERR6096745	0	Ursus arctos	0.0	2.8669408e-05	7.061351e-05	0.00039063505	0.000119577366	0.0	0.0	0.0005956408	0.015440895	0.0012043695	0.0022509627	0.00011499815	0.0	0.00019332496	0.0005188641	0.0	0.0	0.0	0.0001645013	0.00013584194	8.971364e-05	0.0032198546	0.0	0.97546154
ERR6096746	0	Ursus arctos	0.0	2.8039118e-05	6.306403e-05	0.0010912351	0.00010529549	0.0	0.0	0.00061384327	0.014449383	0.0005489005	0.0022074	0.0002747385	0.0	0.00015037594	0.0002546742	0.0	0.0	0.0	0.00012744422	0.00011455201	9.0993875e-05	0.0018318439	0.0	0.9780482
ERR6096747	0	Ursus arctos	0.0	2.2079385e-05	5.4212436e-05	0.0006098995	0.000101939906	0.0	0.0	0.0006819419	0.011875977	0.0009009175	0.0017131474	0.0001703492	0.0	0.00017106051	0.00017495149	0.0	0.0	0.0	0.00014908845	0.00012215371	7.7012046e-05	0.00419113	0.0	0.9789841
ERR6096748	0	Ursus arctos	0.0	2.9657233e-05	5.4206354e-05	0.00039211498	9.994331e-05	0.0	0.0	0.0005083004	0.022570038	0.0014354903	0.0017608652	0.00014636833	0.0	0.00019133172	0.0004492917	0.0	0.0	0.0	0.00012884455	8.9388755e-05	8.0692516e-05	0.001696287	0.0	0.9703672
ERR6096749	0	Ursus arctos	0.0	1.991695e-05	4.7577578e-05	9.303616e-05	3.3897377e-05	0.0	0.0	0.0007984464	0.0061096866	0.0033983395	0.0018426685	0.00016242167	0.0	0.0003003198	3.682876e-05	0.0	0.0	0.0	6.652368e-05	4.32045e-05	6.999721e-05	0.0002918003	0.0	0.98668534
ERR6096752	0	Ursus arctos	0.0	1.870766e-05	3.545922e-05	5.0959337e-05	2.1823582e-05	0.0	0.0	0.0005054504	0.0015009544	0.0022363192	0.002360775	0.00013326961	0.0	0.00017695913	2.5590916e-05	0.0	0.0	0.0	4.2341253e-05	3.5952835e-05	4.810636e-05	0.0002154825	0.0	0.99259186
ERR6096755	0	Ursus arctos	0.0	2.0011756e-05	4.576249e-05	0.00010714723	3.211465e-05	0.0	0.0	0.00090813066	0.005144624	0.0034606697	0.0025493538	9.7616365e-05	0.0	0.0002941061	2.905925e-05	0.0	0.0	0.0	5.888318e-05	4.7017355e-05	6.356711e-05	0.00049661926	0.0	0.98664534
ERR6096759	0	Ursus arctos	0.0	1.9874497e-05	4.0719617e-05	7.262117e-05	3.1475407e-05	0.0	0.0	0.0008031561	0.005565291	0.0030283586	0.003208021	8.899603e-05	0.0	0.00021682488	2.6270283e-05	0.0	0.0	0.0	5.3116746e-05	3.3610213e-05	6.159264e-05	0.00044294968	0.0	0.98630714
ERR6096760	0	Ursus arctos	0.0	0.0004488102	0.00046373555	0.004247062	0.00069062796	0.0	0.0	0.0018814083	0.035184726	0.001289091	0.9119768	0.026036803	0.0	0.0007017492	0.0012432019	0.0	0.0	0.0	0.00081575435	0.000807731	0.00068070786	0.004510015	0.0	0.009021733
ERR6096762	0	Ursus arctos	0.0	0.00018427373	0.00020852879	0.0024683408	0.00028215122	0.0	0.0	0.0007428195	0.010700308	0.0004303708	0.96552986	0.013408814	0.0	0.00027687562	0.0003731589	0.0	0.0	0.0	0.00031649982	0.00027736576	0.0002809281	0.00061568234	0.0	0.0039039946
ERR6096764	0	Ursus arctos	0.0	0.00039762649	0.00042894226	0.00253447	0.0005702974	0.0	0.0	0.0017625052	0.05871122	0.0011663861	0.90018296	0.019862639	0.0	0.0007040905	0.00067485735	0.0	0.0	0.0	0.0007060337	0.000651659	0.0006183888	0.0023355	0.0	0.0086924145
ERR6096766	0	Ursus arctos	0.0	0.00023497942	0.00021925493	0.0013660887	0.0003001195	0.0	0.0	0.001165292	0.022882232	0.0008965345	0.95809245	0.0076012462	0.0	0.00042418635	0.00031936655	0.0	0.0	0.0	0.00038388843	0.0004181564	0.00036742236	0.0019910035	0.0	0.0033377477
ERR6096776	0	Ursus arctos	0.0	5.8567355e-09	2.9911188e-08	0.015944876	1.7014253e-06	0.0	0.0	0.0005166521	1.2799912e-06	4.6041087e-08	0.000108225875	2.917303e-07	0.0	2.3127377e-07	1.8943994e-05	0.0	0.0	0.0	5.5954285e-07	1.5195045e-06	1.0824025e-07	2.4817016e-05	0.0	0.98338073
ERR6096784	0	Ursus arctos	0.0	6.1542886e-09	3.456404e-08	0.028246617	1.7986973e-06	0.0	0.0	0.000626482	1.7101567e-06	5.339234e-08	0.00020819984	6.254131e-07	0.0	2.1997302e-07	1.1226109e-05	0.0	0.0	0.0	6.120532e-07	1.2169647e-06	1.3407099e-07	8.6049135e-05	0.0	0.970815
ERR6096796	0	Ursus arctos	0.0	7.3724284e-09	2.5337116e-08	0.041930523	1.3714586e-06	0.0	0.0	0.0006234491	8.5110605e-07	7.151558e-08	0.00020108723	1.9927232e-07	0.0	2.205354e-07	5.521808e-06	0.0	0.0	0.0	5.0405725e-07	1.0764772e-06	1.16633565e-07	3.272224e-05	0.0	0.95720226
ERR6096814	0	Ursus arctos	0.0	5.9265504e-09	3.357771e-08	0.025394969	1.9354673e-06	0.0	0.0	0.0005486773	6.307373e-07	4.0012015e-08	0.00019155965	4.341133e-07	0.0	2.6785258e-07	1.4954957e-05	0.0	0.0	0.0	6.673229e-07	1.8460519e-06	1.1477717e-07	2.985872e-05	0.0	0.973814
ERR6096818	0	Ursus arctos	0.0	5.31986e-05	3.409017e-05	0.035995256	0.0017020265	0.0	0.0	0.0061456244	0.033753525	0.00063635584	0.13374059	0.00013577445	0.0	0.0001056491	0.00047945237	0.0	0.0	0.0	0.00017324749	0.00011941332	0.00015556904	0.069258675	0.0	0.71751153
ERR6096822	0	Ursus arctos	0.0	2.16444e-05	1.583698e-05	0.009715213	0.00055925787	0.0	0.0	0.0044326554	0.014611805	0.00045836586	0.045830224	0.00012243465	0.0	5.8704238e-05	0.000415784	0.0	0.0	0.0	9.659355e-05	6.367392e-05	8.038494e-05	0.04733873	0.0	0.8761787
ERR6096826	0	Ursus arctos	0.0	3.0241907e-05	1.5614796e-05	0.015066983	0.0006436808	0.0	0.0	0.0041404753	0.026404599	0.00040349847	0.08192025	9.685804e-05	0.0	7.850554e-05	0.00051114353	0.0	0.0	0.0	0.00010974528	7.4910946e-05	8.7454566e-05	0.023623463	0.0	0.8467926
ERR6096829	0	Ursus arctos	0.0	3.7278103e-05	2.3470922e-05	0.016941255	0.0010088532	0.0	0.0	0.0068136877	0.08876608	0.000688695	0.03194257	0.00023218032	0.0	8.5099426e-05	0.00056377565	0.0	0.0	0.0	0.00014574667	0.00010882096	0.00012413187	0.05842123	0.0	0.7940971
ERR6096835	0	Ursus arctos	0.0	2.0103977e-05	2.4344334e-05	0.0023229127	0.0009772832	0.0	0.0	0.00041372053	0.0014007866	0.0007393412	0.001050625	2.4926525e-05	0.0	0.00010573457	0.000993668	0.0	0.0	0.0	7.322519e-05	5.6204124e-05	9.1916285e-05	0.11371502	0.0	0.8779902
ERR6096842	0	Ursus arctos	0.0	3.7663856e-05	3.1271826e-05	0.0015451827	0.0017216754	0.0	0.0	0.00076379115	0.0057326066	0.0008632218	0.0017653458	6.115299e-05	0.0	0.00019355326	0.0005958322	0.0	0.0	0.0	0.000106713844	8.639437e-05	0.00013743754	0.09697184	0.0	0.8893863
ERR6096847	0	Ursus arctos	0.0	2.4660212e-05	2.5424322e-05	0.000943247	0.0015358707	0.0	0.0	0.00046962005	0.0027664464	0.00063313625	0.004004338	3.085802e-05	0.0	0.00012861629	0.0006995863	0.0	0.0	0.0	8.3227154e-05	5.4801963e-05	9.793658e-05	0.065915234	0.0	0.922587
ERR6096853	0	Ursus arctos	0.0	2.0013347e-05	2.1653135e-05	0.00113416	0.0010405352	0.0	0.0	0.00033409527	0.0049284976	0.0006131042	0.0016865742	1.6111808e-05	0.0	7.1694165e-05	0.00038684168	0.0	0.0	0.0	5.714321e-05	3.527119e-05	7.552152e-05	0.05896938	0.0	0.9306094
ERR6096886	0	Ursus arctos	0.0	7.7940066e-10	5.38681e-08	0.00014342688	6.896324e-07	0.0	0.0	0.00067604956	2.6677144e-05	0.002809008	2.0863115e-06	6.271601e-05	0.0	0.0062275967	5.0259773e-06	0.0	0.0	0.0	0.0005212423	0.00016303331	8.416983e-06	0.0034753873	0.0	0.9858786
ERR6096922	0	Ursus arctos	0.0	9.752114e-10	5.0452975e-08	0.000111685	8.770668e-07	0.0	0.0	0.0005586893	2.577344e-05	0.0024343017	1.8163506e-06	7.6752716e-05	0.0	0.0086232275	1.3029963e-05	0.0	0.0	0.0	0.00051853666	0.00015901533	9.9001045e-06	0.0041236905	0.0	0.98334265
ERR6096923	0	Ursus arctos	0.0	1.5528846e-09	7.7874304e-08	0.0004963128	1.0970972e-06	0.0	0.0	0.0007961367	8.2630126e-05	0.002958963	1.3261266e-06	6.508434e-05	0.0	0.014204082	1.10125475e-05	0.0	0.0	0.0	0.00069157494	0.00026918494	1.1003133e-05	0.0028613415	0.0	0.97755015
ERR6096924	0	Ursus arctos	0.0	1.0859779e-09	3.8323055e-08	0.00018616466	7.841876e-07	0.0	0.0	0.0008384438	3.5357192e-05	0.0039286325	1.7258715e-06	0.00011390014	0.0	0.008196624	8.0359605e-06	0.0	0.0	0.0	0.00068519753	8.496321e-05	9.341913e-06	0.0042582275	0.0	0.98165256
ERR6096925	0	Ursus arctos	0.0	3.5820158e-10	3.3109602e-09	0.06701103	5.8460375e-07	0.0	0.0	0.0012135624	4.1593157e-08	1.3482221e-08	0.0044636824	3.0893784e-06	0.0	1.0175167e-07	2.3001005e-06	0.0	0.0	0.0	3.5172658e-07	3.6044719e-06	4.658791e-08	2.7583185e-06	0.0	0.92729884
ERR6096926	0	Ursus arctos	0.0	2.4791658e-10	3.0559106e-09	0.035581633	3.3534698e-07	0.0	0.0	0.001016034	3.103278e-07	9.713063e-09	0.0077469093	2.6926393e-06	0.0	9.802812e-08	4.5478558e-07	0.0	0.0	0.0	4.7498355e-07	4.556122e-06	4.093783e-08	1.8744695e-06	0.0	0.95564455
ERR6096927	0	Ursus arctos	0.0	5.154652e-10	3.0849772e-09	0.04075741	6.251648e-07	0.0	0.0	0.0010442779	1.172177e-07	1.2580132e-08	0.00550265	4.2726983e-06	0.0	1.5074346e-07	3.4101738e-06	0.0	0.0	0.0	5.761429e-07	5.468963e-06	5.5099523e-08	8.044514e-06	0.0	0.9526729
ERR6096928	0	Ursus arctos	0.0	3.3431066e-10	2.6694729e-09	0.034303702	5.395477e-07	0.0	0.0	0.0014771651	4.0000508e-08	1.628634e-08	0.030070413	2.6299283e-06	0.0	9.009013e-08	9.0177224e-07	0.0	0.0	0.0	3.8235768e-07	3.295887e-06	3.9908784e-08	1.8977269e-06	0.0	0.9341389
ERR6096929	0	Ursus arctos	0.0	0.00069731456	0.0005697163	0.0027029004	0.0036792508	0.0	0.0	0.00091336865	0.57795155	0.0009473963	0.15466371	0.005064805	0.0	0.00047207376	0.000500239	0.0	0.0	0.0	0.00073761394	0.0006333925	0.0008811852	0.008724397	0.0	0.24086106
ERR6096930	0	Ursus arctos	0.0	0.0006321048	0.0005710595	0.0025363758	0.0051719435	0.0	0.0	0.0010904295	0.3682111	0.0011319212	0.20265725	0.0036770573	0.0	0.00038892828	0.00062262564	0.0	0.0	0.0	0.0007313614	0.00059745146	0.0009050158	0.023243593	0.0	0.3878318
ERR6096931	0	Ursus arctos	0.0	0.0006336896	0.0005235209	0.0042116726	0.0043651685	0.0	0.0	0.0010376617	0.47047317	0.0008186954	0.12742266	0.0036771393	0.0	0.00052774575	0.001249291	0.0	0.0	0.0	0.00079358486	0.0006221367	0.000901698	0.014884733	0.0	0.36785746
ERR6096932	0	Ursus arctos	0.0	0.00083671225	0.00079075724	0.0055286135	0.004318028	0.0	0.0	0.0011735313	0.42595112	0.0011545618	0.15176903	0.0062364154	0.0	0.0005828216	0.0019120425	0.0	0.0	0.0	0.0009284523	0.0006802316	0.0011440523	0.01033855	0.0	0.3866551
ERR6096933	0	Ursus arctos	0.0	4.1532667e-07	1.4545715e-05	9.076867e-06	3.7583227e-06	0.0	0.0	7.51938e-05	7.916436e-05	9.53474e-05	7.357234e-07	1.4191198e-06	0.0	0.00035778663	0.012658321	0.0	0.0	0.0	5.0221905e-05	0.00032800614	6.673271e-06	0.00014222274	0.0	0.9861771
ERR6096934	0	Ursus arctos	0.0	3.8666775e-07	2.223566e-05	8.733058e-06	5.691277e-06	0.0	0.0	0.00010730867	2.6852598e-05	0.00011855737	2.0086209e-06	2.272363e-06	0.0	0.0005063382	0.013396896	0.0	0.0	0.0	5.9267426e-05	0.00041357416	8.662637e-06	0.0003311572	0.0	0.98499006
ERR6096935	0	Ursus arctos	0.0	3.3053425e-07	1.5731026e-05	6.5914483e-06	4.1322032e-06	0.0	0.0	7.80787e-05	2.5885529e-05	8.952267e-05	1.7618859e-06	9.410531e-07	0.0	0.00035648857	0.0090610245	0.0	0.0	0.0	5.2670843e-05	0.00036881195	6.666092e-06	0.00018402813	0.0	0.98974735
ERR6096937	0	Ursus arctos	0.0	4.6044426e-07	1.8522298e-05	1.0790928e-05	6.617466e-06	0.0	0.0	9.081814e-05	2.1208154e-05	0.000110160334	1.103238e-06	2.072191e-06	0.0	0.00036890974	0.008122595	0.0	0.0	0.0	5.225982e-05	0.00033187948	7.561146e-06	0.00040036545	0.0	0.9904547
ERR6096955	0	Ursus arctos	0.0	1.6592027e-14	2.9871914e-12	0.9988239	3.3401895e-09	0.0	0.0	1.4554043e-05	2.8708613e-10	3.109254e-10	2.0349803e-06	7.024042e-08	0.0	4.942494e-08	5.241408e-07	0.0	0.0	0.0	8.043135e-08	3.5178346e-06	2.8022706e-10	8.105689e-08	0.0	0.0011552282
ERR6097155	0	Ursus arctos	0.0	1.3715801e-14	1.1131362e-11	0.9966568	9.615768e-09	0.0	0.0	5.5946373e-05	1.7103592e-10	6.206573e-10	3.9793296e-05	3.44393e-07	0.0	8.49609e-08	6.486425e-07	0.0	0.0	0.0	2.1192669e-07	1.2695806e-05	5.624378e-10	1.1100396e-07	0.0	0.0032333813
ERR6097156	0	Ursus arctos	0.0	2.0297949e-14	6.145185e-12	0.99886906	3.3027368e-09	0.0	0.0	1.6048098e-05	7.2961456e-11	2.2901757e-10	2.7266271e-06	2.0953385e-07	0.0	4.5574783e-08	1.6260836e-07	0.0	0.0	0.0	5.7719333e-08	5.305029e-06	2.3983152e-10	1.5898733e-08	0.0	0.0011063406
ERR6097514	0	Ursus arctos	0.0	1.3149012e-14	7.2667484e-12	0.9968191	9.082372e-09	0.0	0.0	4.3141146e-05	2.5923048e-09	6.1666433e-10	2.0405687e-06	7.4312436e-07	0.0	1.4954438e-07	3.972828e-07	0.0	0.0	0.0	1.4598261e-07	1.5639878e-05	5.724688e-10	4.2313806e-07	0.0	0.003118216
ERR6097549	0	Ursus arctos	0.0	3.3395325e-10	3.637999e-09	0.47117546	1.3754471e-06	0.0	0.0	0.00080506847	5.454048e-08	3.1452247e-09	0.00019567029	6.1063606e-06	0.0	3.133209e-08	1.9099825e-05	0.0	0.0	0.0	2.3773816e-07	1.3375777e-06	3.4351782e-08	1.6511978e-05	0.0	0.52777904
ERR6097552	0	Ursus arctos	0.0	4.3402756e-10	6.3683654e-09	0.41276765	1.3283534e-06	0.0	0.0	0.0015890179	1.3782189e-07	5.6310796e-09	0.00027252623	1.7813636e-06	0.0	6.5197895e-08	1.6565125e-05	0.0	0.0	0.0	4.5274518e-07	4.789993e-06	4.7868017e-08	2.2442557e-05	0.0	0.5853232
ERR6097573	0	Ursus arctos	0.0	1.9155273e-10	2.4322457e-09	0.65596193	4.792361e-07	0.0	0.0	0.00058897934	6.7551944e-08	2.2028137e-09	3.9105817e-05	1.2100489e-06	0.0	2.0594856e-08	1.0161996e-05	0.0	0.0	0.0	1.2544801e-07	1.2510618e-06	2.007361e-08	7.657057e-06	0.0	0.34338897
ERR6097575	0	Ursus arctos	0.0	2.7483466e-10	2.353778e-09	0.6694249	8.763744e-07	0.0	0.0	0.0005610428	8.197114e-08	2.1883442e-09	6.863611e-05	6.0785544e-07	0.0	2.0606558e-08	2.3919954e-05	0.0	0.0	0.0	1.4651442e-07	9.411959e-07	1.732069e-08	9.944068e-06	0.0	0.32990885
ERR6097576	0	Ursus arctos	0.0	6.906935e-06	4.1939777e-05	2.4299557e-05	2.1869966e-05	0.0	0.0	0.000967691	0.0010710009	0.0010960199	0.00018583723	0.00011229035	0.0	0.0014468952	0.00042343445	0.0	0.0	0.0	0.00015913609	0.0003485018	3.4517358e-05	0.0021360498	0.0	0.99192363
ERR6097577	0	Ursus arctos	0.0	4.557609e-06	2.4625266e-05	1.6627626e-05	1.595902e-05	0.0	0.0	0.0006634489	0.00051091367	0.000844723	0.00023280169	3.879092e-05	0.0	0.001058024	8.769599e-05	0.0	0.0	0.0	0.00011539539	0.0001798301	2.1865118e-05	0.0012276206	0.0	0.99495715
ERR6097579	0	Ursus arctos	0.0	6.0240413e-06	2.9597155e-05	5.0990584e-05	1.9673907e-05	0.0	0.0	0.0009001018	0.0007095293	0.0008159183	0.00023518398	0.00011739104	0.0	0.0013291935	0.00042650924	0.0	0.0	0.0	0.00013523955	0.00024383329	3.2401338e-05	0.002588736	0.0	0.9923597
ERR6097580	0	Ursus arctos	0.0	3.8089624e-06	1.7443173e-05	4.068073e-05	1.2029054e-05	0.0	0.0	0.0005041594	0.00044043156	0.00042834217	8.139876e-05	5.8060035e-05	0.0	0.000717708	0.00019663863	0.0	0.0	0.0	7.333396e-05	0.00012343518	1.8044091e-05	0.0009293611	0.0	0.9963551
ERR6097581	0	Ursus arctos	0.0	4.0847678e-10	1.2412753e-09	0.9708708	2.905733e-07	0.0	0.0	2.0644036e-05	2.3140178e-06	1.3062788e-07	0.012467746	6.7471547e-07	0.0	1.6941415e-08	7.2577194e-07	0.0	0.0	0.0	1.6883592e-07	1.2186026e-06	3.4165645e-08	2.3610213e-05	0.0	0.01661164
ERR6097583	0	Ursus arctos	0.0	5.718794e-10	2.2520712e-09	0.81519556	4.5733864e-07	0.0	0.0	3.562673e-05	4.593652e-06	1.2469945e-07	0.15196434	2.8107506e-06	0.0	4.5099423e-08	1.6034099e-06	0.0	0.0	0.0	3.4293782e-07	2.1089104e-06	5.404335e-08	3.228226e-05	0.0	0.032760024
ERR6097619	0	Ursus arctos	0.0	1.7401006e-10	8.435306e-10	0.97328335	2.1472871e-07	0.0	0.0	8.4716985e-06	7.996127e-07	8.6032e-08	0.013976366	8.003992e-07	0.0	8.845209e-09	2.6958318e-07	0.0	0.0	0.0	1.3779892e-07	9.1940313e-07	1.6523934e-08	1.8294155e-05	0.0	0.012710246
ERR6097621	0	Ursus arctos	0.0	3.6728687e-10	1.5073703e-09	0.9265376	2.798466e-07	0.0	0.0	1.8729743e-05	1.8320908e-06	1.5758243e-07	0.062193934	6.369521e-07	0.0	2.0423983e-08	1.109867e-06	0.0	0.0	0.0	2.4131447e-07	1.7106073e-06	3.3072936e-08	1.45861295e-05	0.0	0.011229152
ERR6097622	0	Ursus arctos	0.0	1.8252353e-09	2.9098278e-08	0.6769681	5.71717e-06	0.0	0.0	0.0011009648	2.2566113e-07	2.2480016e-07	8.744846e-05	1.0105547e-06	0.0	3.502353e-07	0.010923837	0.0	0.0	0.0	1.7087875e-06	5.6553845e-06	1.1442084e-07	0.006327728	0.0	0.30457687
ERR6097623	0	Ursus arctos	0.0	1.4211481e-09	3.4232013e-08	0.65769714	4.294988e-06	0.0	0.0	0.0009359122	9.0383466e-08	2.591796e-07	4.9184753e-05	8.6453525e-07	0.0	2.4217152e-07	0.028779024	0.0	0.0	0.0	1.7726243e-06	8.805999e-06	9.570906e-08	0.005672961	0.0	0.3068493
ERR6097625	0	Ursus arctos	0.0	9.624949e-10	1.5066728e-08	0.7967591	3.324693e-06	0.0	0.0	0.00059344864	3.456964e-08	1.3689e-07	0.0002410047	6.254011e-07	0.0	2.2651301e-07	0.0060425242	0.0	0.0	0.0	9.1941155e-07	3.368669e-06	6.522111e-08	0.0017757696	0.0	0.19457941
ERR6097626	0	Ursus arctos	0.0	1.4088146e-09	2.5767717e-08	0.55289507	4.430437e-06	0.0	0.0	0.00095454126	9.448285e-08	4.0087923e-07	3.332602e-05	3.1724625e-07	0.0	3.4982878e-07	0.008659693	0.0	0.0	0.0	1.3034875e-06	5.0925355e-06	9.514146e-08	0.0061619636	0.0	0.4312833
ERR6097627	0	Ursus arctos	0.0	0.00042256303	0.00032823376	0.0014954265	0.0005323898	0.0	0.0	0.0010169232	0.03944291	0.00084591564	0.93179953	0.016942713	0.0	0.00046802513	0.0011782382	0.0	0.0	0.0	0.0005400366	0.0004962791	0.00050480047	0.0023343223	0.0	0.0016516946
ERR6097628	0	Ursus arctos	0.0	0.0007104204	0.0004977043	0.002643899	0.0010070842	0.0	0.0	0.0020571053	0.08400023	0.0016554418	0.8550832	0.033402663	0.0	0.00079975516	0.0021056398	0.0	0.0	0.0	0.0009987036	0.00090406457	0.00093567645	0.008931475	0.0	0.0042668963
ERR6097629	0	Ursus arctos	0.0	0.00046992075	0.00036180211	0.0015447848	0.000553839	0.0	0.0	0.0013088724	0.032890346	0.00085231086	0.93172866	0.0212959	0.0	0.00055865926	0.0011207825	0.0	0.0	0.0	0.0005464821	0.00059915776	0.0005655649	0.0025207787	0.0	0.0030821452
ERR6097630	0	Ursus arctos	0.0	0.0005575311	0.00035409865	0.0022952673	0.0005775525	0.0	0.0	0.0012773566	0.029601	0.00088961696	0.93460006	0.021358624	0.0	0.0005606991	0.0011716957	0.0	0.0	0.0	0.00059208955	0.000595921	0.0005713311	0.002690156	0.0	0.0023070022
ERR6097759	0	Ursus arctos	0.0	1.5609469e-11	5.685055e-10	0.7849429	4.015273e-07	0.0	0.0	0.000117272575	3.3652379e-09	6.49852e-09	1.2950117e-06	8.799612e-09	0.0	8.432388e-09	2.1164893e-05	0.0	0.0	0.0	7.55107e-08	2.3073716e-07	3.988198e-09	0.0058804825	0.0	0.20903611
ERR6098066	0	Ursus arctos	0.0	1.9866062e-11	1.7903798e-10	0.88897765	3.6691577e-07	0.0	0.0	6.095667e-05	1.1979656e-08	5.0767968e-09	6.723533e-08	3.0610312e-09	0.0	5.2417306e-09	8.370681e-06	0.0	0.0	0.0	3.8570867e-08	1.226543e-07	1.5220188e-09	0.001541134	0.0	0.10941125
ERR6098349	0	Ursus arctos	0.0	2.864871e-11	7.975811e-10	0.60941166	8.1702615e-07	0.0	0.0	0.00016190644	1.5501936e-08	8.870843e-09	3.004157e-07	1.608465e-08	0.0	1.7843789e-08	9.869192e-05	0.0	0.0	0.0	8.773493e-08	4.6706828e-07	4.8008655e-09	0.0091276355	0.0	0.38119835
ERR6098517	0	Ursus arctos	0.0	2.0792585e-11	3.4605022e-10	0.7841361	4.8825103e-07	0.0	0.0	9.93593e-05	1.8139495e-08	5.081135e-09	5.468989e-08	5.756929e-09	0.0	8.056092e-09	5.2750034e-05	0.0	0.0	0.0	5.2937487e-08	3.4071618e-07	2.7606293e-09	0.0037103447	0.0	0.21200046
ERR6098519	0	Ursus arctos	0.0	3.6122767e-08	1.441333e-07	0.6701287	3.197141e-05	0.0	0.0	0.0011621366	2.068173e-05	6.558753e-06	0.00013667399	2.0603773e-06	0.0	1.2711597e-06	4.7199755e-05	0.0	0.0	0.0	2.2907666e-06	1.7298147e-06	8.216835e-07	0.0055716657	0.0	0.32288608
ERR6098520	0	Ursus arctos	0.0	1.942945e-08	1.2130788e-07	0.58929896	2.201027e-05	0.0	0.0	0.00061933673	5.2743885e-06	2.110323e-06	0.0001712093	1.8835112e-06	0.0	8.0741484e-07	4.0445768e-05	0.0	0.0	0.0	2.3093626e-06	1.8039132e-06	5.075547e-07	0.007240445	0.0	0.40259278
ERR6098552	0	Ursus arctos	0.0	2.9752407e-08	1.394827e-07	0.52423245	3.1537467e-05	0.0	0.0	0.0007197481	3.6901456e-06	3.3717054e-06	0.0005130805	4.8267486e-07	0.0	1.0533525e-06	2.414579e-05	0.0	0.0	0.0	2.2430945e-06	2.2986042e-06	6.9122297e-07	0.008171728	0.0	0.46629333
ERR6098553	0	Ursus arctos	0.0	2.7318386e-08	2.060832e-07	0.2812764	3.2974654e-05	0.0	0.0	0.0010242059	8.029243e-06	2.828755e-06	0.00019069297	8.3457405e-07	0.0	9.790012e-07	5.7851703e-05	0.0	0.0	0.0	3.190765e-06	2.8663947e-06	6.413242e-07	0.0065604015	0.0	0.71083784
ERR6098554	0	Ursus arctos	0.0	0.00016090636	0.00013865194	0.013288656	0.00065251987	0.0	0.0	0.0057555474	0.25204912	0.0021042353	0.12212148	0.0018146478	0.0	0.0005794995	0.002295173	0.0	0.0	0.0	0.00048514892	0.00030326872	0.00046763656	0.019016303	0.0	0.5787672
ERR6098555	0	Ursus arctos	0.0	0.00010454694	9.856572e-05	0.009848613	0.0005338365	0.0	0.0	0.004727587	0.2184469	0.0023837413	0.044046756	0.0013590814	0.0	0.00041220928	0.0016368043	0.0	0.0	0.0	0.0004352682	0.00027706035	0.00035565425	0.020289727	0.0	0.6950437
ERR6098556	0	Ursus arctos	0.0	0.00017138617	0.00013189254	0.011902788	0.0007406149	0.0	0.0	0.0055071064	0.5396086	0.0019709244	0.10053209	0.0023035144	0.0	0.0005305291	0.0008061415	0.0	0.0	0.0	0.00053697906	0.00033870805	0.0004768596	0.01630766	0.0	0.3181342
ERR6098557	0	Ursus arctos	0.0	0.00013486251	0.00011511645	0.010038633	0.00060354854	0.0	0.0	0.003461588	0.72757643	0.0016492781	0.03365087	0.0016746502	0.0	0.00031793123	0.0018416335	0.0	0.0	0.0	0.0004341023	0.00023731659	0.00036671845	0.009473098	0.0	0.20842423
ERR6098559	0	Ursus arctos	0.0	3.0955447e-09	7.58222e-09	0.942628	4.929067e-06	0.0	0.0	0.00017726292	1.6868769e-06	2.590384e-10	0.028663259	1.5184651e-06	0.0	1.2612263e-08	2.3675319e-05	0.0	0.0	0.0	2.1876993e-07	3.3497752e-06	3.9333283e-08	3.73471e-06	0.0	0.028492277
ERR6098560	0	Ursus arctos	0.0	1.6931259e-09	3.967428e-09	0.9647414	2.8694901e-06	0.0	0.0	0.000121728895	1.4050414e-06	1.646035e-10	0.017623164	1.9861777e-06	0.0	7.463635e-09	1.1527318e-05	0.0	0.0	0.0	1.5261871e-07	2.1780334e-06	2.4517677e-08	1.970251e-06	0.0	0.017491575
ERR6098730	0	Ursus arctos	0.0	1.691788e-09	4.951379e-09	0.90617657	2.3524951e-06	0.0	0.0	0.000112447524	1.0561599e-06	2.3962177e-10	0.07369369	1.0973293e-06	0.0	6.1906196e-09	1.0438934e-05	0.0	0.0	0.0	1.6036354e-07	2.8390546e-06	2.5546514e-08	1.5758345e-06	0.0	0.019997738
ERR6098929	0	Ursus arctos	0.0	1.8658595e-09	6.3723213e-09	0.95129746	2.5832655e-06	0.0	0.0	0.00015674191	4.201871e-06	2.7888802e-10	0.028596718	8.99656e-07	0.0	1.9872319e-08	1.5641876e-05	0.0	0.0	0.0	2.421321e-07	3.979113e-06	3.8690693e-08	3.136876e-06	0.0	0.019918347
ERR6098930	0	Ursus arctos	0.0	7.84338e-08	1.1158772e-06	0.7595349	3.903399e-05	0.0	0.0	0.0036158755	3.1307918e-05	8.50214e-08	0.00024347192	8.284134e-06	0.0	1.3051521e-05	0.010679268	0.0	0.0	0.0	3.7580987e-05	0.0002553053	2.0984771e-06	0.002098395	0.0	0.22344016
ERR6098932	0	Ursus arctos	0.0	2.818494e-08	7.241123e-07	0.90120244	2.1508995e-05	0.0	0.0	0.0018873572	1.0328114e-05	4.0032155e-08	0.00011838976	8.28081e-06	0.0	5.6060303e-06	0.0038439394	0.0	0.0	0.0	2.2958511e-05	0.00013392355	1.03952e-06	0.00050630677	0.0	0.09223715
ERR6098934	0	Ursus arctos	0.0	6.069806e-08	7.595118e-07	0.8187638	2.9693098e-05	0.0	0.0	0.0023868377	1.8102917e-05	5.6275766e-08	8.588554e-05	3.6773235e-05	0.0	6.7116066e-06	0.0019911435	0.0	0.0	0.0	3.393469e-05	0.0001886037	1.554478e-06	0.0016565706	0.0	0.17479955
ERR6098936	0	Ursus arctos	0.0	1.15413506e-07	1.2258793e-06	0.656829	5.746544e-05	0.0	0.0	0.0047608507	2.5631347e-05	6.028816e-08	0.00039789005	2.8326114e-05	0.0	1.357912e-05	0.0037789051	0.0	0.0	0.0	4.7533602e-05	0.00027383797	2.2646254e-06	0.0010025444	0.0	0.33278075
ERR6098937	0	Ursus arctos	0.0	0.00013825938	0.00010003789	0.0006620179	0.0001854535	0.0	0.0	0.0004623056	0.014188319	0.00033134926	0.9781377	0.002529689	0.0	0.00010570966	0.00016919461	0.0	0.0	0.0	0.00018332014	0.00016747638	0.0001733036	0.0018196751	0.0	0.0006462142
ERR6098938	0	Ursus arctos	0.0	0.00017995732	0.0001268139	0.0007686528	0.0002483952	0.0	0.0	0.0006771902	0.017559288	0.00048591846	0.97228545	0.0023313656	0.0	0.00014866688	0.00024413147	0.0	0.0	0.0	0.0002595868	0.00023093018	0.00022756564	0.0028699087	0.0	0.0013561852
ERR6098939	0	Ursus arctos	0.0	0.00026612479	0.0001826504	0.0010515398	0.00035622763	0.0	0.0	0.0008607234	0.055241667	0.0006217495	0.92950463	0.005360643	0.0	0.0002381706	0.00033621362	0.0	0.0	0.0	0.0003346735	0.00032320232	0.0003313086	0.00367566	0.0	0.0013148086
ERR6098940	0	Ursus arctos	0.0	0.00038538323	0.00020683944	0.0018252351	0.0004545397	0.0	0.0	0.0012402744	0.024468232	0.00089120585	0.95338875	0.0067410087	0.0	0.0002910938	0.0003749288	0.0	0.0	0.0	0.00044339724	0.00037155356	0.00040160885	0.005960135	0.0	0.0025558157
ERR6098982	0	Ursus arctos	0.0	4.2033346e-08	9.530801e-08	0.023732675	1.1737439e-05	0.0	0.0	0.00032459968	7.8927915e-06	5.574993e-06	0.0005261035	2.389125e-07	0.0	1.136431e-06	1.4492739e-05	0.0	0.0	0.0	1.9881318e-06	2.3126988e-06	5.648238e-07	0.00011586881	0.0	0.97525465
ERR6098983	0	Ursus arctos	0.0	3.2476105e-08	8.230193e-08	0.0055250237	8.938267e-06	0.0	0.0	0.00021150234	2.1217038e-05	4.768762e-06	0.00015261146	6.309247e-07	0.0	7.848022e-07	1.6050437e-05	0.0	0.0	0.0	1.3351978e-06	1.2198833e-06	4.966346e-07	0.00033759518	0.0	0.99371773
ERR6098984	0	Ursus arctos	0.0	2.8854334e-08	7.4647765e-08	0.0066840122	4.8844067e-06	0.0	0.0	0.00014315126	9.516818e-06	5.5652995e-06	5.513303e-05	5.532788e-07	0.0	1.1024684e-06	8.6768505e-06	0.0	0.0	0.0	1.0281026e-06	1.465941e-06	3.7889876e-07	0.00019150246	0.0	0.9928929
ERR6098985	0	Ursus arctos	0.0	2.5327651e-08	6.4856316e-08	0.004673606	5.0926824e-06	0.0	0.0	9.820039e-05	4.1038443e-06	4.575079e-06	0.00048023713	1.507702e-07	0.0	4.9578375e-07	2.7906863e-06	0.0	0.0	0.0	6.79636e-07	7.743488e-07	2.9588682e-07	7.514446e-05	0.0	0.99465376
ERR6098990	0	Ursus arctos	0.0	7.8209814e-07	3.3683202e-06	4.257211e-06	2.4061368e-05	0.0	0.0	3.241034e-05	2.8283652e-05	7.199541e-05	4.355274e-07	3.0466904e-07	0.0	5.747192e-05	4.055922e-05	0.0	0.0	0.0	5.5084033e-06	8.28476e-06	2.8924917e-06	0.0082336245	0.0	0.9914858
ERR6099166	0	Ursus arctos	0.0	9.2279095e-07	2.8775428e-06	2.9970176e-06	2.6691443e-05	0.0	0.0	3.3947188e-05	1.1072089e-05	7.7164565e-05	8.8100603e-07	6.241771e-07	0.0	5.5079636e-05	3.535103e-05	0.0	0.0	0.0	6.150408e-06	8.895874e-06	2.9545567e-06	0.008968264	0.0	0.9907661
ERR6099349	0	Ursus arctos	0.0	8.9837044e-07	3.9159945e-06	4.600558e-06	3.101038e-05	0.0	0.0	3.7505124e-05	3.9963386e-05	8.28472e-05	3.0744792e-07	5.662494e-07	0.0	6.113592e-05	4.964965e-05	0.0	0.0	0.0	6.3442853e-06	9.755019e-06	3.181794e-06	0.008892645	0.0	0.99077564
ERR6099809	0	Ursus arctos	0.0	1.0408077e-06	4.4092008e-06	5.157227e-06	3.3754648e-05	0.0	0.0	3.7313894e-05	4.386381e-05	9.5488496e-05	3.890795e-07	5.340753e-07	0.0	7.200784e-05	5.3745563e-05	0.0	0.0	0.0	7.0848314e-06	9.99852e-06	3.590366e-06	0.007850704	0.0	0.99178094
ERR6099810	0	Ursus arctos	0.0	9.068796e-05	0.0014888135	0.14759503	1.7831399e-05	0.0	0.0	0.00028119975	1.1633176e-09	9.897779e-06	1.1440514e-09	2.6373127e-07	0.0	8.363799e-05	0.0015897924	0.0	0.0	0.0	2.771942e-06	2.4857502e-05	4.1472288e-07	0.00022939664	0.0	0.84858537
ERR6099811	0	Ursus arctos	0.0	6.3465035e-05	0.00070807437	0.33666894	4.234404e-05	0.0	0.0	0.00030856964	6.014223e-10	4.295317e-06	3.6255348e-09	1.5730562e-07	0.0	4.581762e-05	0.00032812604	0.0	0.0	0.0	1.5079149e-06	1.3367494e-05	3.51559e-07	0.0002445214	0.0	0.6615704
ERR6099812	0	Ursus arctos	0.0	7.119865e-05	0.0012896049	0.13278598	1.8829447e-05	0.0	0.0	0.00024855195	5.7303484e-10	5.5349306e-06	1.970932e-09	4.0852456e-07	0.0	4.5826393e-05	0.00038642113	0.0	0.0	0.0	1.6047468e-06	7.658957e-06	2.7759674e-07	0.00020211293	0.0	0.864936
ERR6099813	0	Ursus arctos	0.0	5.7916805e-05	0.0012336968	0.33819038	2.9004703e-05	0.0	0.0	0.0003260484	3.0010733e-10	1.03534385e-05	1.8195109e-09	7.2619974e-07	0.0	6.78988e-05	0.00060619315	0.0	0.0	0.0	1.8806626e-06	1.4490739e-05	3.621806e-07	0.00040985493	0.0	0.6590512
ERR6099814	0	Ursus arctos	0.0	3.4380165e-10	1.47803165e-08	0.40038812	8.420012e-06	0.0	0.0	0.000886665	2.1464102e-08	2.2590944e-10	0.0050195283	1.823724e-07	0.0	2.3150079e-07	0.0022742457	0.0	0.0	0.0	6.8067914e-07	0.00025112915	3.404682e-08	0.00018725342	0.0	0.5909835
ERR6099815	0	Ursus arctos	0.0	2.731493e-10	1.2746186e-08	0.46066	9.08683e-06	0.0	0.0	0.00085356616	1.640717e-08	2.0414029e-10	0.005413553	1.6917211e-07	0.0	2.0279758e-07	0.0030438546	0.0	0.0	0.0	6.4625596e-07	0.00015058347	3.1717946e-08	0.00034130755	0.0	0.52952695
ERR6099816	0	Ursus arctos	0.0	4.3481116e-10	2.4617076e-08	0.38634977	1.2383422e-05	0.0	0.0	0.00143202	1.7456962e-08	4.527994e-10	0.008122568	5.7265567e-07	0.0	3.9239865e-07	0.009197579	0.0	0.0	0.0	1.277915e-06	0.00026562053	5.5895356e-08	0.0002583959	0.0	0.59435934
ERR6099817	0	Ursus arctos	0.0	1.8911536e-10	1.2375312e-08	0.5956112	6.609718e-06	0.0	0.0	0.0005898538	1.1033018e-08	1.9386227e-10	0.0012892231	8.645178e-08	0.0	1.7816161e-07	0.0026938168	0.0	0.0	0.0	3.7814004e-07	8.4077066e-05	2.212425e-08	0.00024157646	0.0	0.39948294
ERR6099818	0	Ursus arctos	0.0	5.191869e-09	1.3154201e-08	0.7858817	2.440976e-05	0.0	0.0	0.0002473962	2.8469694e-07	1.8593509e-10	0.18666807	1.8859331e-06	0.0	9.259429e-09	9.471188e-05	0.0	0.0	0.0	3.036732e-07	4.4054764e-06	7.1920944e-08	3.826771e-05	0.0	0.027038453
ERR6099824	0	Ursus arctos	0.0	4.5062474e-09	1.2384107e-08	0.937935	1.6170341e-05	0.0	0.0	0.00020153857	2.430349e-07	1.3673795e-10	0.040319823	2.665962e-06	0.0	5.6104588e-09	7.995152e-05	0.0	0.0	0.0	2.5384674e-07	3.6972517e-06	5.0708337e-08	2.3213917e-05	0.0	0.021417378
ERR6099825	0	Ursus arctos	0.0	4.1549524e-09	1.2313698e-08	0.9312833	1.7796752e-05	0.0	0.0	0.00016880847	1.4674016e-07	1.1823123e-10	0.051057313	3.4955501e-06	0.0	6.4824923e-09	0.00010111444	0.0	0.0	0.0	2.4997425e-07	3.7380444e-06	4.7361894e-08	1.888424e-05	0.0	0.017345106
ERR6099826	0	Ursus arctos	0.0	7.4623845e-09	1.6988038e-08	0.9250613	2.7813205e-05	0.0	0.0	0.00027618854	8.888033e-07	2.5772576e-10	0.050923117	4.7819985e-06	0.0	1.0784696e-08	0.00014719438	0.0	0.0	0.0	4.5582578e-07	5.3956282e-06	8.104864e-08	3.1443524e-05	0.0	0.023521319
ERR6101230	0	Ursus arctos	0.0	5.786311e-10	1.4476842e-09	0.99843806	5.277213e-06	0.0	0.0	9.1103124e-05	1.1484862e-07	1.4484821e-09	6.6990256e-06	1.0182937e-07	0.0	4.8118665e-09	6.504817e-05	0.0	0.0	0.0	6.749495e-08	1.2222601e-07	1.0150906e-08	0.0006991322	0.0	0.000694282
ERR6108965	0	Ursus arctos	0.0	9.2079644e-10	1.9996842e-09	0.9974762	8.115416e-06	0.0	0.0	0.00013852937	3.911865e-07	2.942729e-09	5.8140786e-06	8.3363055e-08	0.0	7.2689486e-09	0.00010754825	0.0	0.0	0.0	1.0674548e-07	1.9434006e-07	1.3095651e-08	0.0012118815	0.0	0.0010510982
ERR6108966	0	Ursus arctos	0.0	6.28699e-10	1.8334857e-09	0.9988475	4.2273327e-06	0.0	0.0	7.4126256e-05	1.627837e-06	1.0888588e-09	4.6588926e-07	2.2461597e-07	0.0	4.2042445e-09	4.9695373e-05	0.0	0.0	0.0	6.5117916e-08	1.3646479e-07	9.038808e-09	0.00033555413	0.0	0.0006863496
ERR6108967	0	Ursus arctos	0.0	7.0984185e-10	1.7000761e-09	0.99846655	4.6465057e-06	0.0	0.0	9.366003e-05	4.7599949e-07	1.5936632e-09	3.453011e-06	1.3554335e-07	0.0	6.166397e-09	4.3882817e-05	0.0	0.0	0.0	9.034237e-08	1.796972e-07	1.042333e-08	0.0007562514	0.0	0.00063065026
ERR6108968	0	Ursus arctos	0.0	4.7868235e-07	1.9517984e-06	0.97873634	3.1081727e-05	0.0	0.0	0.0005579229	0.00011665355	2.5727916e-08	0.0075950576	0.0017122171	0.0	1.2250262e-06	0.0055073434	0.0	0.0	0.0	1.5093597e-05	5.7470304e-05	3.111743e-06	8.831877e-06	0.0	0.0056552114
ERR6108969	0	Ursus arctos	0.0	6.808545e-07	3.0473632e-06	0.9001344	3.688167e-05	0.0	0.0	0.00061318127	1.5101701e-05	4.1159442e-08	0.08189996	0.0026971558	0.0	1.8423517e-06	0.0084844185	0.0	0.0	0.0	2.2111208e-05	0.00011950878	4.3478844e-06	8.111947e-06	0.0	0.0059592105
ERR6108970	0	Ursus arctos	0.0	8.8869996e-07	3.972425e-06	0.94425005	4.5304496e-05	0.0	0.0	0.0011198324	3.80517e-05	5.836582e-08	0.024717439	0.0047312197	0.0	3.3780905e-06	0.009296314	0.0	0.0	0.0	3.3152057e-05	0.00013451232	6.7570345e-06	2.5138213e-05	0.0	0.015593928
ERR6108971	0	Ursus arctos	0.0	7.5567846e-07	3.659339e-06	0.9510819	2.7493383e-05	0.0	0.0	0.0007661987	3.912405e-05	3.5657692e-08	0.031007739	0.004862582	0.0	2.0762418e-06	0.0029970356	0.0	0.0	0.0	2.4444458e-05	9.927801e-05	4.780919e-06	8.295398e-06	0.0	0.009074615
ERR6108972	0	Ursus arctos	0.0	7.1279165e-09	1.1305043e-08	0.09682974	3.3526717e-06	0.0	0.0	2.6696163e-05	1.4836486e-05	2.623543e-09	0.9004819	3.8359894e-06	0.0	2.2872305e-08	4.243386e-06	0.0	0.0	0.0	2.8211645e-07	2.5001464e-06	6.6813875e-08	6.4352716e-06	0.0	0.002626066
ERR6108973	0	Ursus arctos	0.0	5.5263216e-09	6.6023604e-09	0.046198297	1.8928387e-06	0.0	0.0	1.9554962e-05	3.2247365e-06	1.2363485e-09	0.95096296	2.1895253e-06	0.0	1.5953962e-08	1.5511532e-06	0.0	0.0	0.0	1.435596e-07	1.4974813e-06	3.7438056e-08	4.555174e-06	0.0	0.0028040742
ERR6108974	0	Ursus arctos	0.0	5.516707e-09	7.3127926e-09	0.07972502	2.8390602e-06	0.0	0.0	2.3688728e-05	1.834829e-05	1.0640426e-09	0.9183001	1.6944387e-06	0.0	1.8412226e-08	1.7384019e-06	0.0	0.0	0.0	2.1916648e-07	1.8912898e-06	4.8376982e-08	3.3604974e-06	0.0	0.0019210526
ERR6108975	0	Ursus arctos	0.0	6.394368e-09	9.609616e-09	0.08440061	4.1721014e-06	0.0	0.0	2.641954e-05	1.5727557e-05	1.544834e-09	0.91300374	2.7073952e-06	0.0	1.960201e-08	2.2857503e-06	0.0	0.0	0.0	2.5438334e-07	1.8852666e-06	5.4199376e-08	1.9336546e-06	0.0	0.0025401865
ERR6108976	0	Ursus arctos	0.0	8.267898e-08	5.117524e-07	0.43914905	0.0003483049	0.0	0.0	0.0017256493	7.959205e-06	3.9280067e-08	0.39087003	0.000555586	0.0	2.8058e-06	6.59818e-05	0.0	0.0	0.0	2.5081765e-05	0.00026639164	3.9743363e-06	0.00014371374	0.0	0.16683483
ERR6108977	0	Ursus arctos	0.0	8.7121265e-08	5.187508e-07	0.38049814	0.00041033883	0.0	0.0	0.0019398016	2.9143803e-06	4.030302e-08	0.3507755	0.00043386928	0.0	2.792385e-06	8.512718e-05	0.0	0.0	0.0	2.768642e-05	0.00022640386	3.7629527e-06	0.0002311566	0.0	0.26536188
ERR6108978	0	Ursus arctos	0.0	1.0953527e-07	7.326033e-07	0.6871248	0.0005775176	0.0	0.0	0.0026974273	3.6667556e-05	4.1185157e-08	0.0414948	0.00030047784	0.0	3.5785697e-06	0.0002982432	0.0	0.0	0.0	2.944298e-05	0.0002628939	4.618081e-06	9.5778974e-05	0.0	0.26707286
ERR6108979	0	Ursus arctos	0.0	8.8379565e-08	4.5072696e-07	0.2916865	0.00035501504	0.0	0.0	0.0025010982	1.6218473e-05	3.5200504e-08	0.49885166	0.00025919217	0.0	3.5456742e-06	0.00022419878	0.0	0.0	0.0	2.3001197e-05	0.00029146054	4.662271e-06	0.00014222847	0.0	0.20564064
ERR6108980	0	Ursus arctos	0.0	5.6026076e-11	2.1236972e-10	0.99953556	1.5144396e-07	0.0	0.0	2.52752e-05	1.7878052e-07	5.7168704e-11	7.983723e-05	1.00540376e-07	0.0	1.0688176e-09	2.9458872e-06	0.0	0.0	0.0	3.873431e-08	4.3283018e-07	1.8628592e-09	2.0525862e-05	0.0	0.00033493267
ERR6108981	0	Ursus arctos	0.0	2.6108034e-11	1.167851e-10	0.99978864	8.648391e-08	0.0	0.0	1.2650613e-05	8.889827e-08	1.8804493e-11	6.0835273e-06	5.539988e-08	0.0	4.3857148e-10	6.2928525e-06	0.0	0.0	0.0	1.4287694e-08	1.9172444e-07	7.6084405e-10	1.4649924e-05	0.0	0.00017126338
ERR6108982	0	Ursus arctos	0.0	3.9726222e-11	1.2813016e-10	0.9996763	7.5622616e-08	0.0	0.0	1.2931539e-05	1.15689e-07	3.4183656e-11	3.3669523e-05	5.564636e-08	0.0	7.0636136e-10	3.707416e-06	0.0	0.0	0.0	1.9178957e-08	2.110687e-07	1.0393165e-09	5.0404237e-06	0.0	0.00026789668
ERR6108983	0	Ursus arctos	0.0	5.5550366e-11	2.74945e-10	0.99962115	1.316315e-07	0.0	0.0	3.3224023e-05	2.799758e-07	6.439972e-11	4.7615686e-05	1.5098696e-07	0.0	1.0753225e-09	3.9660704e-06	0.0	0.0	0.0	4.0862606e-08	5.9648664e-07	2.128788e-09	1.8635028e-05	0.0	0.00027418393
ERR6108984	0	Ursus arctos	0.0	1.0444917e-07	1.4201987e-07	0.17287323	1.6093209e-05	0.0	0.0	0.00024022907	4.6028934e-05	1.469641e-08	0.7674242	2.587649e-05	0.0	2.2902415e-07	0.00019630544	0.0	0.0	0.0	2.7854253e-06	2.3299679e-05	6.7019977e-07	1.8924819e-05	0.0	0.059131812
ERR6108985	0	Ursus arctos	0.0	6.434201e-08	8.3284625e-08	0.13567281	1.2727772e-05	0.0	0.0	0.00021667352	2.3449225e-05	9.091756e-09	0.83354276	6.055339e-06	0.0	1.2647268e-07	6.197358e-05	0.0	0.0	0.0	1.4627304e-06	1.5114718e-05	3.5800574e-07	1.068195e-05	0.0	0.030435672
ERR6108986	0	Ursus arctos	0.0	8.142256e-08	1.1546721e-07	0.20830561	2.2556856e-05	0.0	0.0	0.00056260347	4.181636e-05	1.5249666e-08	0.62199163	1.7225464e-05	0.0	3.062512e-07	0.00011687027	0.0	0.0	0.0	3.563934e-06	3.4308217e-05	6.9235006e-07	5.541014e-05	0.0	0.1688472
ERR6108987	0	Ursus arctos	0.0	7.0993195e-08	7.4466094e-08	0.18110317	1.1265323e-05	0.0	0.0	0.00021475759	8.490245e-06	1.1477562e-08	0.76904595	9.906039e-06	0.0	1.6170058e-07	4.0241706e-05	0.0	0.0	0.0	1.4808232e-06	1.1568872e-05	3.420938e-07	7.992567e-06	0.0	0.04954452
ERR6108988	0	Ursus arctos	0.0	1.0121714e-05	2.0486192e-05	0.023237497	1.9443557e-06	0.0	0.0	0.00013353188	4.3796604e-07	0.00016468712	7.0063053e-09	1.6066494e-08	0.0	1.7376457e-05	0.00046675943	0.0	0.0	0.0	1.1904683e-06	1.0897688e-06	3.8254169e-07	0.010534438	0.0	0.96541005
ERR6108989	0	Ursus arctos	0.0	4.9484074e-06	8.479876e-06	0.018058952	2.574526e-06	0.0	0.0	0.00015152845	4.6090156e-07	0.00014427981	6.53149e-09	1.2911188e-08	0.0	1.39117e-05	0.000110716624	0.0	0.0	0.0	9.41815e-07	7.921155e-07	2.993161e-07	0.005202095	0.0	0.9763
ERR6108990	0	Ursus arctos	0.0	4.747423e-06	2.4921817e-05	0.034457095	1.612952e-06	0.0	0.0	9.931686e-05	2.1928392e-07	0.0001901218	5.8963328e-09	2.770925e-08	0.0	1.1511312e-05	0.00025604878	0.0	0.0	0.0	1.1207844e-06	1.0049976e-06	3.1281127e-07	0.0023142325	0.0	0.9626377
ERR6108991	0	Ursus arctos	0.0	8.530529e-06	2.3150458e-06	0.12301815	1.8286365e-06	0.0	0.0	9.382509e-05	3.9527123e-07	0.00013128726	3.4863412e-09	3.7996838e-08	0.0	8.688032e-06	0.00019125277	0.0	0.0	0.0	8.861713e-07	6.675784e-07	2.804751e-07	0.004952303	0.0	0.87158954
ERR6108992	0	Ursus arctos	0.0	5.9195286e-06	2.042646e-05	0.032152187	3.6763606e-06	0.0	0.0	0.000166353	2.040113e-08	2.3607197e-07	9.8585915e-08	1.0674398e-08	0.0	6.45445e-07	1.4890537e-05	0.0	0.0	0.0	1.862817e-07	3.243667e-07	8.492865e-08	0.1938875	0.0	0.77374744
ERR6108993	0	Ursus arctos	0.0	3.2691084e-06	4.261167e-05	0.011112851	2.9486287e-06	0.0	0.0	9.3115246e-05	2.5945475e-09	1.2859837e-07	6.1733505e-07	3.1260041e-09	0.0	4.0701318e-07	2.9321898e-06	0.0	0.0	0.0	1.1039751e-07	2.4716587e-07	5.4773853e-08	0.1271738	0.0	0.8615669
ERR6108994	0	Ursus arctos	0.0	3.1340528e-06	1.4310096e-05	0.010157962	2.7409021e-06	0.0	0.0	0.0001250041	9.523744e-09	1.3442825e-07	9.294572e-07	1.5667606e-09	0.0	3.0170634e-07	1.7685671e-06	0.0	0.0	0.0	1.2620984e-07	2.1702499e-07	4.7196018e-08	0.061251946	0.0	0.92844135
ERR6108995	0	Ursus arctos	0.0	3.6915515e-06	1.6415277e-05	0.004938016	2.8662294e-06	0.0	0.0	0.00012854699	7.270672e-09	7.56543e-08	2.3275861e-07	2.9028913e-09	0.0	4.0446008e-07	3.573101e-06	0.0	0.0	0.0	1.0307959e-07	1.849381e-07	5.866226e-08	0.119878575	0.0	0.87502724
ERR6108996	0	Ursus arctos	0.0	9.383414e-09	2.4693243e-08	0.0033737444	8.419097e-06	0.0	0.0	8.287672e-06	1.0686744e-06	3.5181167e-11	0.9948771	5.5007336e-06	0.0	1.0309888e-08	2.3671726e-06	0.0	0.0	0.0	1.4803378e-07	5.2825008e-06	4.0313385e-08	1.138434e-08	0.0	0.0017179744
ERR6108997	0	Ursus arctos	0.0	1.4083877e-08	2.6083958e-08	0.008178633	7.770117e-06	0.0	0.0	1.5308522e-05	1.5613293e-06	5.3869728e-11	0.9890508	4.635883e-06	0.0	1.4403766e-08	4.7770427e-06	0.0	0.0	0.0	1.8282779e-07	7.3726696e-06	5.1384085e-08	1.6420046e-08	0.0	0.0027288273
ERR6108998	0	Ursus arctos	0.0	3.9333394e-09	8.314815e-09	0.002186581	3.604209e-06	0.0	0.0	4.892774e-06	4.2380222e-07	1.1106287e-11	0.99722064	1.369747e-06	0.0	5.7008434e-09	2.0446853e-06	0.0	0.0	0.0	7.565733e-08	2.7787955e-06	1.829609e-08	1.034006e-08	0.0	0.0005775677
ERR6109000	0	Ursus arctos	0.0	1.2202752e-08	2.5956519e-08	0.009651726	1.2311299e-05	0.0	0.0	2.1807873e-05	3.235588e-06	5.244995e-11	0.9870643	2.198178e-06	0.0	1.4556418e-08	3.6956492e-06	0.0	0.0	0.0	2.212179e-07	6.125353e-06	5.4276097e-08	2.7648003e-08	0.0	0.0032342495
ERR6109001	0	Ursus arctos	0.0	9.395379e-08	8.280767e-08	0.18195455	2.5913491e-06	0.0	0.0	0.0002559714	4.663789e-05	2.1737772e-07	0.8132935	4.4476907e-05	0.0	2.0965577e-07	9.1640235e-05	0.0	0.0	0.0	2.5174284e-06	9.064139e-06	6.47751e-07	0.00017976778	0.0	0.0041180435
ERR6109002	0	Ursus arctos	0.0	2.106423e-07	1.840096e-07	0.6203698	8.486701e-06	0.0	0.0	0.00087401096	0.0025086747	5.157971e-07	0.36093667	6.231892e-05	0.0	5.551594e-07	0.00032623636	0.0	0.0	0.0	6.671474e-06	1.7028033e-05	1.4735119e-06	0.00054270413	0.0	0.014344445
ERR6109003	0	Ursus arctos	0.0	6.798132e-08	5.9712264e-08	0.20756868	2.0041957e-06	0.0	0.0	0.00021243344	0.00020561657	9.416393e-08	0.7898021	3.6320314e-05	0.0	1.5424557e-07	5.6410692e-05	0.0	0.0	0.0	1.906912e-06	5.7580487e-06	4.5705008e-07	0.00012151297	0.0	0.001986459
ERR6109004	0	Ursus arctos	0.0	1.2828163e-07	1.0877818e-07	0.4434128	3.925827e-06	0.0	0.0	0.00053731486	0.00083770143	2.9548343e-07	0.5466282	4.6297962e-05	0.0	3.2887925e-07	0.00014444749	0.0	0.0	0.0	3.9120123e-06	1.1510721e-05	8.737553e-07	0.00023833272	0.0	0.008133827
ERR6109005	0	Ursus arctos	0.0	7.501412e-09	1.6377827e-08	0.62016666	5.4349166e-06	0.0	0.0	0.00034574862	3.107153e-06	1.6087432e-07	0.0075233243	3.2688112e-07	0.0	4.3079602e-08	9.081271e-06	0.0	0.0	0.0	3.137549e-07	3.9956106e-07	1.0595869e-07	0.0002301775	0.0	0.37171507
ERR6109010	0	Ursus arctos	0.0	7.4083966e-09	1.6652054e-08	0.46759236	7.995342e-06	0.0	0.0	0.0007295042	8.645102e-06	2.1062878e-07	0.018365515	1.04766e-06	0.0	1.0392101e-07	5.008109e-06	0.0	0.0	0.0	6.6362674e-07	1.1163505e-06	2.0774831e-07	0.00043729413	0.0	0.5128503
ERR6109011	0	Ursus arctos	0.0	1.0808684e-08	2.1198277e-08	0.5735716	6.9730872e-06	0.0	0.0	0.00049050053	4.7077056e-06	1.7195234e-07	0.035490025	8.3540067e-07	0.0	9.063203e-08	8.283385e-06	0.0	0.0	0.0	5.034051e-07	7.741809e-07	1.6699978e-07	0.0003533071	0.0	0.390072
ERR6109012	0	Ursus arctos	0.0	1.0119172e-08	8.139716e-09	0.58013505	6.8082777e-06	0.0	0.0	0.0003385916	2.2940822e-06	1.0212001e-07	0.0067417803	2.908246e-07	0.0	4.167703e-08	7.4761692e-06	0.0	0.0	0.0	3.491097e-07	5.6670706e-07	1.14703326e-07	0.00044041834	0.0	0.41232607
ERR6109013	0	Ursus arctos	0.0	0.000356908	0.00039754904	0.0029172574	0.0010581748	0.0	0.0	0.0007447976	0.11739293	0.00027145748	0.055902943	0.021146236	0.0	0.00039992318	0.0012138208	0.0	0.0	0.0	0.00062503223	0.0006391831	0.0004781682	0.00063778023	0.0	0.79581785
ERR6109014	0	Ursus arctos	0.0	0.00022496624	0.0002862578	0.0018365178	0.0009522989	0.0	0.0	0.0007222813	0.05891756	0.00022741605	0.15999337	0.0072236033	0.0	0.00026908965	0.000638992	0.0	0.0	0.0	0.00035243868	0.0004268052	0.00036471893	0.0012440517	0.0	0.76631963
ERR6109015	0	Ursus arctos	0.0	0.0001917788	0.00020062664	0.003027609	0.0010091924	0.0	0.0	0.00043032205	0.03119128	0.0002244454	0.08953573	0.0022577199	0.0	0.00017645584	0.00068340584	0.0	0.0	0.0	0.0003045066	0.00029605904	0.0002811472	0.0015923245	0.0	0.8685974
ERR6109016	0	Ursus arctos	0.0	0.00021874886	0.00023710921	0.0015454034	0.00071039714	0.0	0.0	0.00059222133	0.07550288	0.00028952744	0.05556939	0.0072541344	0.0	0.00028481375	0.0008392077	0.0	0.0	0.0	0.00039311082	0.00046544266	0.00035569418	0.0010932832	0.0	0.85464865
ERR6109017	0	Ursus arctos	0.0	1.452404e-08	5.7562605e-08	0.87407833	3.8900867e-05	0.0	0.0	0.0005854198	1.8103548e-06	2.5538252e-09	0.035801623	3.0693884e-06	0.0	1.6936504e-07	9.050603e-05	0.0	0.0	0.0	1.9781214e-06	2.5511808e-05	2.6872044e-07	5.863109e-05	0.0	0.0893137
ERR6109019	0	Ursus arctos	0.0	1.26381385e-08	4.634739e-08	0.801598	6.957475e-05	0.0	0.0	0.00060486904	7.198139e-07	2.295934e-09	0.100833215	3.207117e-06	0.0	1.8852833e-07	6.0531267e-05	0.0	0.0	0.0	1.8263332e-06	2.9510195e-05	2.3723557e-07	4.567435e-05	0.0	0.09675239
ERR6109020	0	Ursus arctos	0.0	2.1838234e-08	9.256993e-08	0.75212115	8.889562e-05	0.0	0.0	0.00076201407	2.6232035e-06	1.6829524e-09	0.1030063	1.1783323e-05	0.0	3.89959e-07	0.00013649945	0.0	0.0	0.0	3.0622753e-06	5.7857444e-05	4.4657952e-07	7.298905e-05	0.0	0.14373586
ERR6109021	0	Ursus arctos	0.0	1.2915007e-08	4.2705988e-08	0.8086297	5.22697e-05	0.0	0.0	0.00048628572	1.2284725e-06	1.4994509e-09	0.071815595	5.8183077e-06	0.0	1.5433909e-07	8.635087e-05	0.0	0.0	0.0	1.9701004e-06	3.468598e-05	2.5139917e-07	4.6429283e-05	0.0	0.118839204
ERR6109022	0	Ursus arctos	0.0	0.0042036315	0.0047899927	0.0006748844	6.193928e-06	0.0	0.0	0.00012176053	6.999991e-07	1.6286762e-06	3.0794595e-08	2.6633833e-08	0.0	1.0557876e-05	1.5860309e-05	0.0	0.0	0.0	1.4107628e-06	2.0438483e-06	8.361423e-07	0.98213637	0.0	0.00803407
ERR6109023	0	Ursus arctos	0.0	0.002437234	0.007907895	0.0030398476	6.91745e-06	0.0	0.0	9.193959e-05	5.773002e-07	8.290827e-07	4.659817e-08	4.767828e-08	0.0	7.986125e-06	9.757839e-06	0.0	0.0	0.0	1.4149012e-06	1.7259702e-06	7.4784333e-07	0.97888815	0.0	0.007604892
ERR6109024	0	Ursus arctos	0.0	0.0032661487	0.0045711147	0.0029526697	7.393675e-06	0.0	0.0	0.00010069032	4.796882e-07	1.1181495e-06	3.4831757e-08	7.26189e-08	0.0	1.1241659e-05	1.7659182e-05	0.0	0.0	0.0	1.2308633e-06	1.6154045e-06	7.8937614e-07	0.98159534	0.0	0.007472431
ERR6109025	0	Ursus arctos	0.0	0.0010199765	0.011616705	0.0056844284	8.015391e-06	0.0	0.0	9.9215504e-05	9.078621e-07	2.1822852e-06	2.0471813e-08	3.9145988e-08	0.0	8.202795e-06	9.9307235e-06	0.0	0.0	0.0	1.3577027e-06	1.87438e-06	7.1056945e-07	0.97427166	0.0	0.0072747543
ERR6109027	0	Ursus arctos	0.0	2.7689098e-09	7.544075e-09	0.79824084	7.166262e-06	0.0	0.0	5.1312003e-05	7.778927e-06	3.066469e-10	0.19963825	4.5396925e-07	0.0	1.45207695e-08	8.069869e-06	0.0	0.0	0.0	2.3319441e-07	7.2683183e-06	3.968958e-08	1.5203905e-06	0.0	0.002037071
ERR6109028	0	Ursus arctos	0.0	2.2707183e-09	7.0878325e-09	0.7265708	2.7584372e-06	0.0	0.0	3.279275e-05	3.850214e-06	2.0634998e-10	0.27139512	1.1062851e-06	0.0	9.032898e-09	3.7258476e-06	0.0	0.0	0.0	1.4463754e-07	3.8635408e-06	3.0064303e-08	1.0501541e-06	0.0	0.0019847637
ERR6109049	0	Ursus arctos	0.0	1.7582946e-09	4.440918e-09	0.43277583	2.3180621e-06	0.0	0.0	2.2716195e-05	1.3883948e-06	1.2841547e-10	0.5664582	5.8464826e-07	0.0	5.416762e-09	3.0737683e-06	0.0	0.0	0.0	1.0585632e-07	3.0767706e-06	1.9568347e-08	1.8843734e-07	0.0	0.00073243835
ERR6109050	0	Ursus arctos	0.0	3.091659e-09	1.0613964e-08	0.8015008	4.6744362e-06	0.0	0.0	7.56367e-05	3.1392979e-06	3.519843e-10	0.19332328	9.100018e-07	0.0	1.8174774e-08	1.0009963e-05	0.0	0.0	0.0	2.3880133e-07	8.926992e-06	5.0913542e-08	1.6358603e-06	0.0	0.005070694
ERR6109051	0	Ursus arctos	0.0	9.804264e-06	0.00032675327	9.533939e-05	2.827687e-06	0.0	0.0	0.00021296986	1.452138e-06	3.0459498e-05	1.50734e-08	2.9235443e-06	0.0	0.00013956547	0.0010241956	0.0	0.0	0.0	1.1444774e-05	5.1634528e-05	2.2565548e-06	0.0018867902	0.0	0.9962016
ERR6109053	0	Ursus arctos	0.0	2.519709e-05	0.00010592759	9.394225e-05	2.6778046e-06	0.0	0.0	0.00018173389	6.8341114e-07	2.5224334e-05	4.5861666e-09	2.6971181e-06	0.0	0.00015113033	0.0017875995	0.0	0.0	0.0	8.240888e-06	3.7019225e-05	1.9375198e-06	0.0014256759	0.0	0.9961503
ERR6109054	0	Ursus arctos	0.0	7.516835e-06	0.00024155824	8.438761e-05	1.9018212e-06	0.0	0.0	0.00015525377	1.6197849e-06	2.4739911e-05	1.00259685e-08	1.8885341e-06	0.0	0.00012051278	0.0012321288	0.0	0.0	0.0	9.455738e-06	5.3611257e-05	1.8581106e-06	0.00054586405	0.0	0.9975177
ERR6109055	0	Ursus arctos	0.0	4.2323685e-05	4.8255723e-05	9.952909e-05	2.2765748e-06	0.0	0.0	0.00017461556	1.5329218e-07	1.8723586e-05	2.1692799e-08	1.7795888e-06	0.0	0.00010043709	0.0015134596	0.0	0.0	0.0	7.811433e-06	2.7521557e-05	1.8072477e-06	0.0012036896	0.0	0.99675757
ERR6109056	0	Ursus arctos	0.0	4.194768e-07	4.5681995e-07	0.00019182428	8.540924e-06	0.0	0.0	1.0075502e-05	0.00011236358	4.5915268e-08	0.9990372	2.0666861e-05	0.0	4.535583e-07	5.1398474e-06	0.0	0.0	0.0	1.4469866e-06	4.7209514e-06	7.780318e-07	1.5657979e-06	0.0	0.0006042839
ERR6109057	0	Ursus arctos	0.0	7.198565e-07	6.4358255e-07	0.0001911573	1.16772935e-05	0.0	0.0	1.4337346e-05	0.00013059581	6.261922e-08	0.9985282	3.431837e-05	0.0	7.9744456e-07	1.1508322e-05	0.0	0.0	0.0	2.0557677e-06	6.7138303e-06	1.1811691e-06	1.8261298e-06	0.0	0.0010642278
ERR6109058	0	Ursus arctos	0.0	1.78796e-06	1.8173336e-06	0.0005536192	2.0985588e-05	0.0	0.0	3.8814745e-05	0.0009674334	2.000654e-07	0.9914864	9.2606446e-05	0.0	1.8875082e-06	2.1176636e-05	0.0	0.0	0.0	4.861018e-06	1.5962232e-05	3.2936687e-06	2.8660659e-06	0.0	0.006786304
ERR6109059	0	Ursus arctos	0.0	1.4172564e-06	1.2500414e-06	0.0004418123	2.2382588e-05	0.0	0.0	3.3832002e-05	0.0003762551	9.9994736e-08	0.996071	7.9985395e-05	0.0	1.1904972e-06	1.7363205e-05	0.0	0.0	0.0	4.2924494e-06	1.8876632e-05	2.3341381e-06	3.0162278e-06	0.0	0.0029248896
ERR8050978	0	Homo sapiens	0.0	0.0	0.0	0.0	0.0	0.0	0.0	0.0	0.0	0.0	0.0	1.0	0.0	0.0	0.0	0.0	0.0	0.0	0.0	4.0975694e-30	0.0	0.0	0.0	0.0
SRR1047998	0	Homo sapiens	0.0	0.00069484016	0.00084597414	0.0013447034	0.0006728783	0.0	0.0	0.0021929485	0.0711104	0.0034951367	0.89055896	0.016758991	0.0	0.0014358499	0.0007330037	0.0	0.0	0.0	0.0009429465	0.00084021676	0.000932222	0.0014745817	0.0	0.0059663504
SRR17604731	0	Homo sapiens	0.0	8.139164e-19	1.0347099e-17	5.35078e-15	2.851023e-19	0.0	0.0	1.03120425e-16	1.648465e-20	4.0743813e-17	2.0743322e-23	1.0	0.0	1.1840971e-16	1.6580247e-19	0.0	0.0	0.0	1.0559045e-12	5.080805e-10	1.3972937e-12	1.4534803e-22	0.0	2.7598269e-19
SRR17604732	0	Homo sapiens	0.0	0.0	0.0	0.0	0.0	0.0	0.0	0.0	0.0	0.0	0.0	1.0	0.0	0.0	0.0	0.0	0.0	0.0	0.0	1.3750354e-21	0.0	0.0	0.0	0.0
SRR17604735	0	Homo sapiens	0.0	0.0	0.0	4e-44	0.0	0.0	0.0	0.0	0.0	0.0	0.0	1.0	0.0	0.0	0.0	0.0	0.0	0.0	3e-44	4.433692e-18	6.67e-43	0.0	0.0	0.0
SRR17604736	0	Homo sapiens	0.0	0.0	0.0	0.0	0.0	0.0	0.0	0.0	0.0	0.0	0.0	1.0	0.0	0.0	0.0	0.0	0.0	0.0	0.0	1.3980539e-29	0.0	0.0	0.0	0.0
SRR17604737	0	Homo sapiens	0.0	0.0	0.0	0.0	0.0	0.0	0.0	0.0	0.0	0.0	0.0	1.0	0.0	0.0	0.0	0.0	0.0	0.0	0.0	1.2678323e-18	0.0	0.0	0.0	0.0
SRR17604738	0	Homo sapiens	0.0	1.8876758e-21	4.873798e-21	7.022288e-14	3.4416256e-19	0.0	0.0	1.0948609e-13	1.1374886e-14	5.584932e-20	2.7380861e-16	1.0	0.0	1.4434738e-21	5.287661e-18	0.0	0.0	0.0	4.0601965e-15	7.77014e-14	2.8945529e-19	4.426167e-19	0.0	8.122954e-19
SRR17604739	0	Homo sapiens	0.0	0.0	0.0	2.0077388e-36	0.0	0.0	0.0	1.3e-44	0.0	0.0	0.0	1.0	0.0	0.0	0.0	0.0	0.0	0.0	4.7604976e-33	3.549538e-12	1.053692e-34	0.0	0.0	0.0
SRR17604740	0	Homo sapiens	0.0	0.0	0.0	6.743485e-39	0.0	0.0	0.0	0.0	0.0	0.0	0.0	1.0	0.0	0.0	0.0	0.0	0.0	0.0	6.66599e-40	2.1481987e-23	7.003689e-38	0.0	0.0	0.0
SRR17604741	0	Homo sapiens	0.0	1.6601463e-07	1.2647921e-07	3.292085e-05	4.0941077e-07	0.0	0.0	1.8090095e-06	2.6143724e-05	6.5492236e-07	1.153547e-05	0.99830866	0.0	4.7090246e-08	2.586794e-07	0.0	0.0	0.0	5.5682754e-05	0.0015324486	2.7763674e-05	9.995075e-07	0.0	3.8877263e-07
SRR17604742	0	Homo sapiens	0.0	0.0	0.0	5.5602e-41	0.0	0.0	0.0	0.0	0.0	0.0	0.0	1.0	0.0	0.0	0.0	0.0	0.0	0.0	2.3514e-41	8.4016166e-17	0.0	0.0	0.0	0.0
SRR17604743	0	Homo sapiens	0.0	1.299e-42	9.43e-43	9.2532454e-29	5.641403e-39	0.0	0.0	7.4250406e-32	7.75463e-37	5.66e-43	7.41e-43	1.0	0.0	3e-45	4.2635e-39	0.0	0.0	0.0	7.811262e-30	3.2712537e-18	2.1242283e-30	1.004986e-39	0.0	2.4187698e-38
SRR17604744	0	Homo sapiens	0.0	1.9609843e-30	2.3216753e-30	2.3798796e-21	5.091604e-28	0.0	0.0	8.0091e-23	1.1498104e-24	3.2745243e-31	5.3940733e-28	1.0	0.0	3.0705749e-31	1.389125e-26	0.0	0.0	0.0	1.3158057e-25	2.9635818e-22	8.621157e-28	3.1003115e-28	0.0	3.0426446e-27
SRR17604745	0	Homo sapiens	0.0	0.0	0.0	3.1546e-41	0.0	0.0	0.0	0.0	0.0	0.0	0.0	1.0	0.0	0.0	0.0	0.0	0.0	0.0	0.0	1.9767647e-33	0.0	0.0	0.0	0.0
SRR17604746	0	Homo sapiens	0.0	0.0	0.0	1.414615e-37	0.0	0.0	0.0	0.0	2.7394e-41	0.0	0.0	1.0	0.0	0.0	0.0	0.0	0.0	0.0	3.4e-44	9.5700025e-29	0.0	0.0	0.0	0.0
SRR17604747	0	Homo sapiens	0.0	0.0	0.0	0.0	0.0	0.0	0.0	0.0	0.0	0.0	0.0	1.0	0.0	0.0	0.0	0.0	0.0	0.0	0.0	1.5974882e-27	0.0	0.0	0.0	0.0
SRR17604748	0	Homo sapiens	0.0	0.0	0.0	1.88964e-40	0.0	0.0	0.0	0.0	1e-45	0.0	0.0	1.0	0.0	0.0	0.0	0.0	0.0	0.0	0.0	6.957363e-32	0.0	0.0	0.0	0.0
SRR17604749	0	Homo sapiens	0.0	0.0	0.0	0.0	0.0	0.0	0.0	0.0	0.0	0.0	0.0	1.0	0.0	0.0	0.0	0.0	0.0	0.0	0.0	6.2507606e-30	0.0	0.0	0.0	0.0
SRR17604750	0	Homo sapiens	0.0	0.0	0.0	0.0	0.0	0.0	0.0	0.0	0.0	0.0	0.0	1.0	0.0	0.0	0.0	0.0	0.0	0.0	0.0	2.0715432e-28	0.0	0.0	0.0	0.0
SRR17604751	0	Homo sapiens	0.0	0.0	0.0	0.0	0.0	0.0	0.0	0.0	0.0	0.0	0.0	1.0	0.0	0.0	0.0	0.0	0.0	0.0	0.0	2.21667e-24	0.0	0.0	0.0	0.0
SRR17604752	0	Homo sapiens	0.0	0.0	0.0	2.16121e-40	0.0	0.0	0.0	0.0	0.0	0.0	0.0	1.0	0.0	0.0	0.0	0.0	0.0	0.0	5.540836e-39	3.0008644e-19	1.8961e-41	0.0	0.0	0.0
SRR17604753	0	Homo sapiens	0.0	0.0	0.0	0.0	0.0	0.0	0.0	0.0	0.0	0.0	0.0	1.0	0.0	0.0	0.0	0.0	0.0	0.0	0.0	3.281852e-23	4e-45	0.0	0.0	0.0
SRR17604754	0	Homo sapiens	0.0	0.000599411	0.0019603984	0.0019306612	6.357073e-06	0.0	0.0	4.2060406e-06	6.8533623e-06	3.259211e-05	1.2714784e-06	0.9954098	0.0	1.7612461e-05	5.7754555e-06	0.0	0.0	0.0	5.5255787e-06	1.0002813e-05	5.8439623e-06	1.1415924e-07	0.0	3.5878054e-06
SRR17604755	0	Homo sapiens	0.0	1e-45	1e-45	6.258233e-32	4.18e-43	0.0	0.0	4.128165e-39	2.9189e-41	1.89e-42	0.0	1.0	0.0	0.0	1e-45	0.0	0.0	0.0	1.4930995e-28	3.865735e-09	1.6366202e-24	1.094e-42	0.0	4.58e-43
SRR17604756	0	Homo sapiens	0.0	0.0	0.0	0.0	0.0	0.0	0.0	0.0	0.0	0.0	0.0	1.0	0.0	0.0	0.0	0.0	0.0	0.0	0.0	9.132802e-19	0.0	0.0	0.0	0.0
SRR17604757	0	Homo sapiens	0.0	0.0	0.0	9.917235e-36	0.0	0.0	0.0	0.0	0.0	0.0	0.0	1.0	0.0	0.0	0.0	0.0	0.0	0.0	4.81243e-36	4.152295e-21	2.5e-44	0.0	0.0	0.0
SRR17604758	0	Homo sapiens	0.0	0.0	0.0	8.816e-42	0.0	0.0	0.0	0.0	0.0	0.0	0.0	1.0	0.0	0.0	0.0	0.0	0.0	0.0	7e-45	2.6409639e-31	0.0	0.0	0.0	0.0
SRR17604759	0	Homo sapiens	0.0	0.0	0.0	3e-45	0.0	0.0	0.0	0.0	0.0	0.0	0.0	1.0	0.0	0.0	0.0	0.0	0.0	0.0	1.4e-44	5.0401797e-23	2e-44	0.0	0.0	0.0
SRR17604760	0	Homo sapiens	0.0	0.0	0.0	0.0	0.0	0.0	0.0	0.0	0.0	0.0	0.0	1.0	0.0	0.0	0.0	0.0	0.0	0.0	0.0	5.883612e-27	0.0	0.0	0.0	0.0
SRR17604761	0	Homo sapiens	0.0	0.0	0.0	2.0583229e-38	0.0	0.0	0.0	0.0	0.0	0.0	0.0	1.0	0.0	0.0	0.0	0.0	0.0	0.0	2.1e-44	7.871516e-37	0.0	0.0	0.0	0.0
SRR17604762	0	Homo sapiens	0.0	0.0	0.0	0.0	0.0	0.0	0.0	0.0	0.0	0.0	0.0	1.0	0.0	0.0	0.0	0.0	0.0	0.0	0.0	1.0941233e-34	0.0	0.0	0.0	0.0
SRR17604763	0	Homo sapiens	0.0	0.0	0.0	0.0	0.0	0.0	0.0	0.0	0.0	0.0	0.0	1.0	0.0	0.0	0.0	0.0	0.0	0.0	0.0	4.213571e-21	0.0	0.0	0.0	0.0
SRR17604764	0	Homo sapiens	0.0	3.6431464e-28	2.0603213e-27	1.9442934e-18	3.2866457e-28	0.0	0.0	2.994907e-22	3.6646533e-23	5.259097e-26	1.9400928e-24	1.0	0.0	4.3792295e-30	2.2356237e-25	0.0	0.0	0.0	1.663858e-24	1.2483343e-21	3.708841e-28	5.1772894e-30	0.0	1.627625e-27
SRR17604765	0	Homo sapiens	0.0	1.8756389e-06	1.5156735e-06	4.7175443e-05	2.6189277e-06	0.0	0.0	5.8785618e-06	0.0006686805	4.8925863e-06	0.0004001257	0.9987007	0.0	9.3560686e-07	3.282924e-06	0.0	0.0	0.0	1.317446e-05	0.00013650546	4.1541334e-06	5.7580432e-06	0.0	2.7512729e-06
SRR17604766	0	Homo sapiens	0.0	3.6638498e-06	2.994786e-06	9.7189884e-05	7.4600853e-06	0.0	0.0	2.1714892e-05	0.00011308296	3.9919414e-06	0.000104415674	0.92410254	0.0	1.1285091e-06	4.2768693e-06	0.0	0.0	0.0	0.00055016985	0.050828587	0.024141101	9.277005e-06	0.0	8.377898e-06
SRR17604767	0	Homo sapiens	0.0	6.977572e-07	5.611129e-07	7.8731224e-05	1.3024912e-06	0.0	0.0	4.794591e-06	0.001567748	3.1025636e-06	6.7028406e-05	0.9956881	0.0	2.219094e-07	1.1670091e-06	0.0	0.0	0.0	5.5572556e-05	0.0025078738	1.8500521e-05	3.534239e-06	0.0	1.1029468e-06
SRR17604768	0	Homo sapiens	0.0	7.9934335e-09	7.0761157e-09	1.5126919e-07	1.05525535e-08	0.0	0.0	1.1442593e-08	5.7416437e-06	8.577711e-09	3.520384e-05	0.9999526	0.0	5.0371307e-09	1.5865162e-08	0.0	0.0	0.0	2.7409348e-08	6.1759074e-06	1.2024726e-08	1.572006e-08	0.0	1.0940881e-08
SRR17604769	0	Homo sapiens	0.0	1.805382e-06	1.5516091e-06	5.5038152e-05	3.040431e-06	0.0	0.0	1.040882e-05	0.00018975319	3.1636573e-06	0.0004606987	0.99767816	0.0	7.1965144e-07	3.3434962e-06	0.0	0.0	0.0	8.0319485e-05	0.0013765562	0.00012679446	4.7821304e-06	0.0	3.8934472e-06
SRR17604770	0	Homo sapiens	0.0	9.835941e-07	8.616502e-07	2.9654666e-05	1.5844821e-06	0.0	0.0	4.2754946e-06	9.560732e-05	2.0681275e-06	7.578151e-05	0.9979622	0.0	3.6450172e-07	1.2238411e-06	0.0	0.0	0.0	6.281969e-05	0.0014468302	0.00031115403	2.9335226e-06	0.0	1.6694114e-06
SRR17604771	0	Homo sapiens	0.0	4.900042e-23	1.7951226e-23	6.583007e-14	1.3609084e-20	0.0	0.0	2.7369378e-17	3.3911515e-08	5.718848e-20	0.00062897475	0.999371	0.0	6.255338e-24	1.023099e-18	0.0	0.0	0.0	1.4186701e-18	1.9204315e-10	3.5118793e-21	1.4067192e-20	0.0	2.5344064e-19
SRR17604772	0	Homo sapiens	0.0	1.5544318e-15	7.0991377e-16	1.2878012e-09	1.7645744e-14	0.0	0.0	1.8410785e-12	5.261884e-07	1.7028793e-11	3.6011325e-09	0.9999992	0.0	2.1089776e-16	6.340737e-14	0.0	0.0	0.0	9.4948306e-11	2.3250128e-07	6.7266505e-14	1.5062746e-11	0.0	5.2876374e-14
SRR17604773	0	Homo sapiens	0.0	2.721002e-07	4.654541e-06	0.0017362809	3.1618343e-05	0.0	0.0	0.0064595384	0.04163803	0.010174335	5.1106426e-06	0.939681	0.0	3.5034616e-05	1.3698069e-05	0.0	0.0	0.0	3.559212e-05	5.6131605e-05	1.7429604e-05	8.160808e-05	0.0	2.965833e-05
SRR17604774	0	Homo sapiens	0.0	4.1223913e-11	2.1583114e-11	1.4418085e-08	3.3478417e-10	0.0	0.0	1.3027707e-07	1.3180407e-08	5.0262114e-11	2.6692248e-10	0.99998546	0.0	1.7314693e-11	2.6411742e-10	0.0	0.0	0.0	4.368202e-08	1.4268125e-05	5.8668245e-08	9.391379e-10	0.0	1.8558272e-09
SRR17604775	0	Homo sapiens	0.0	8.512563e-22	1.887511e-21	2.257795e-12	4.122983e-19	0.0	0.0	1.0489261e-13	8.55276e-10	1.2435676e-13	3.9869e-12	1.0	0.0	1.4200662e-20	2.0389617e-18	0.0	0.0	0.0	6.682539e-14	1.7234213e-10	2.7648715e-17	7.856385e-18	0.0	2.3824127e-18
SRR17604776	0	Homo sapiens	0.0	1.1886385e-34	4.619666e-35	4.0090243e-23	2.065038e-32	0.0	0.0	1.7138637e-27	7.6466257e-23	2.370616e-28	3.36054e-27	1.0	0.0	5.106807e-36	7.68976e-32	0.0	0.0	0.0	4.686157e-26	2.846914e-19	2.1909458e-30	3.364304e-30	0.0	3.5648133e-31
SRR17604777	0	Homo sapiens	0.0	0.0	0.0	0.0	0.0	0.0	0.0	0.0	0.0	0.0	0.0	1.0	0.0	0.0	0.0	0.0	0.0	0.0	0.0	6.4011256e-34	0.0	0.0	0.0	0.0
SRR17604778	0	Homo sapiens	0.0	1.7593883e-16	1.9542511e-15	1.4036666e-11	8.5078103e-14	0.0	0.0	4.4575055e-11	5.2425824e-09	2.092833e-11	2.61678e-10	1.0	0.0	1.7826624e-11	2.2774033e-15	0.0	0.0	0.0	2.8897959e-11	1.3385183e-08	5.2693017e-13	1.344771e-14	0.0	2.4918308e-13
SRR17604779	0	Homo sapiens	0.0	1.4169414e-23	2.311517e-23	8.675932e-16	1.0063695e-21	0.0	0.0	7.3976665e-18	4.449102e-16	2.1402228e-16	3.160009e-25	0.99999964	0.0	2.0038034e-21	1.9814e-23	0.0	0.0	0.0	2.457412e-12	3.5786758e-07	2.4843647e-13	1.3197441e-20	0.0	8.1205427e-22
SRR17604780	0	Homo sapiens	0.0	3.158468e-23	1.1799918e-21	5.932104e-14	8.3927467e-19	0.0	0.0	6.2177147e-12	3.7786468e-10	8.210674e-15	5.036802e-13	1.0	0.0	2.2484344e-16	1.4142558e-16	0.0	0.0	0.0	5.0000677e-14	2.1926906e-14	7.0677405e-18	1.8187561e-19	0.0	1.5792542e-16
SRR17604781	0	Homo sapiens	0.0	5.3937723e-14	5.8604536e-14	4.1568332e-11	1.9361985e-13	0.0	0.0	2.722356e-13	1.4301392e-12	1.462644e-13	1.6235793e-15	1.0	0.0	1.2818769e-14	3.843512e-14	0.0	0.0	0.0	3.6072357e-11	3.0132743e-09	6.169767e-11	3.271669e-14	0.0	7.654599e-14
SRR17604782	0	Homo sapiens	0.0	2.5577843e-32	2.1506064e-33	1.6906113e-20	3.1697786e-33	0.0	0.0	2.8527524e-28	1.4302656e-30	1.4619683e-26	1e-45	1.0	0.0	9.958186e-38	3.619579e-35	0.0	0.0	0.0	4.245771e-19	2.0789544e-08	1.5033271e-21	2.6282746e-32	0.0	4.026292e-34
SRR17604783	0	Homo sapiens	0.0	6.302861e-08	1.8059227e-07	2.3613781e-07	1.0109921e-07	0.0	0.0	9.9180234e-08	1.2692359e-06	8.1986265e-08	3.4291796e-07	0.9999968	0.0	5.80485e-08	1.6931821e-07	0.0	0.0	0.0	1.7651757e-07	2.145504e-07	1.0735699e-07	5.0699708e-08	0.0	8.724212e-08
SRR17604784	0	Homo sapiens	0.0	1.3087863e-25	5.1709413e-25	8.7104884e-20	1.1168785e-24	0.0	0.0	2.976836e-21	9.592921e-24	2.1385586e-26	1.0728329e-27	1.0	0.0	8.5377676e-26	1.337879e-24	0.0	0.0	0.0	7.0892327e-22	1.3160303e-19	1.2864521e-23	1.5202318e-25	0.0	2.6747069e-24
SRR17604785	0	Homo sapiens	0.0	0.0	0.0	5.7597228e-37	0.0	0.0	0.0	1.7e-44	1e-45	0.0	0.0	1.0	0.0	0.0	0.0	0.0	0.0	0.0	7.581651e-35	5.2632205e-17	1.6554077e-35	0.0	0.0	0.0
SRR17604786	0	Homo sapiens	0.0	0.0	0.0	8.7e-44	0.0	0.0	0.0	0.0	0.0	0.0	0.0	1.0	0.0	0.0	0.0	0.0	0.0	0.0	7.8977e-41	7.217864e-22	5.426e-42	0.0	0.0	0.0
SRR17604787	0	Homo sapiens	0.0	3.8843684e-37	5.6105053e-37	3.215618e-26	2.229378e-35	0.0	0.0	7.440422e-29	4.7026316e-32	3.2186032e-32	5.4894e-41	1.0	0.0	1.4786158e-38	8.43345e-36	0.0	0.0	0.0	7.7816925e-23	2.767835e-14	3.8762485e-25	3.1141597e-33	0.0	2.9806732e-34
SRR17604788	0	Homo sapiens	0.0	6.504892e-38	3.542425e-38	9.74366e-26	4.7733164e-36	0.0	0.0	1.2027452e-28	1.6527998e-31	1.5273067e-32	1e-45	1.0	0.0	2.7318e-41	1.8176347e-36	0.0	0.0	0.0	6.09038e-22	3.731332e-12	2.195847e-24	5.8437538e-33	0.0	5.006587e-35
SRR17604789	0	Homo sapiens	0.0	0.0	0.0	1.0206695e-33	0.0	0.0	0.0	2.2885e-41	1.5e-44	6.2488e-41	0.0	1.0	0.0	0.0	0.0	0.0	0.0	0.0	1.00942705e-29	7.962658e-16	1.8467296e-34	5e-44	0.0	0.0
SRR17604790	0	Homo sapiens	0.0	1.4886684e-11	8.991631e-12	4.050974e-07	1.686758e-10	0.0	0.0	6.4838296e-06	2.7759774e-05	1.8740087e-09	0.00021831981	0.99974704	0.0	6.468677e-12	2.6471316e-09	0.0	0.0	0.0	2.3777817e-09	8.9074514e-10	3.0367953e-10	3.110144e-09	0.0	2.2357882e-09
SRR17604791	0	Homo sapiens	0.0	0.0	0.0	0.0	0.0	0.0	0.0	0.0	0.0	0.0	0.0	1.0	0.0	0.0	0.0	0.0	0.0	0.0	0.0	1.7019709e-29	0.0	0.0	0.0	0.0
SRR17604792	0	Homo sapiens	0.0	0.0	0.0	0.0	0.0	0.0	0.0	0.0	0.0	0.0	0.0	1.0	0.0	0.0	0.0	0.0	0.0	0.0	0.0	8.419097e-29	0.0	0.0	0.0	0.0
SRR17604793	0	Homo sapiens	0.0	0.0	0.0	0.0	0.0	0.0	0.0	0.0	0.0	0.0	0.0	1.0	0.0	0.0	0.0	0.0	0.0	0.0	0.0	3.3994543e-27	0.0	0.0	0.0	0.0
SRR17604794	0	Homo sapiens	0.0	6.5123504e-07	6.0536155e-07	4.9483544e-05	1.2245193e-06	0.0	0.0	4.6968853e-06	0.00017268043	2.4730793e-06	5.1001698e-05	0.9956174	0.0	2.2203525e-07	1.4974497e-06	0.0	0.0	0.0	0.0001535336	0.003765729	0.00017275642	4.5175398e-06	0.0	1.5207657e-06
SRR17604795	0	Homo sapiens	0.0	0.0	0.0	0.0	0.0	0.0	0.0	0.0	0.0	0.0	0.0	1.0	0.0	0.0	0.0	0.0	0.0	0.0	0.0	1.3763663e-20	0.0	0.0	0.0	0.0
SRR17604796	0	Homo sapiens	0.0	0.0	0.0	7.5970057e-38	0.0	0.0	0.0	9.42e-43	0.0	0.0	0.0	1.0	0.0	0.0	0.0	0.0	0.0	0.0	1.539794e-35	1.9804084e-16	1.7548974e-33	0.0	0.0	0.0
SRR17604797	0	Homo sapiens	0.0	0.0	0.0	0.0	0.0	0.0	0.0	0.0	0.0	0.0	0.0	1.0	0.0	0.0	0.0	0.0	0.0	0.0	4.8e-43	7.300282e-24	0.0	0.0	0.0	0.0
SRR17604798	0	Homo sapiens	0.0	0.0	0.0	3e-45	0.0	0.0	0.0	0.0	0.0	0.0	0.0	1.0	0.0	0.0	0.0	0.0	0.0	0.0	1.15362e-40	1.3282223e-19	7.226e-42	0.0	0.0	0.0
SRR17604799	0	Homo sapiens	0.0	0.0	0.0	2.761578e-35	0.0	0.0	0.0	4.68e-43	2.124e-42	8e-45	0.0	1.0	0.0	0.0	0.0	0.0	0.0	0.0	1.4556365e-34	4.2346756e-21	7.934532e-37	0.0	0.0	0.0
SRR17604800	0	Homo sapiens	0.0	0.0	0.0	2.5837245e-33	0.0	0.0	0.0	6.9581e-41	5.7396e-41	2.8994e-41	0.0	1.0	0.0	0.0	0.0	0.0	0.0	0.0	1.6018804e-32	1.6824733e-17	3.0983244e-34	1.05e-43	0.0	0.0
SRR17604801	0	Homo sapiens	0.0	6.072534e-19	6.4887865e-18	1.0323517e-15	4.394016e-18	0.0	0.0	2.1186789e-16	3.6648323e-16	3.3868933e-16	2.143228e-18	1.0	0.0	2.2091955e-16	4.042525e-18	0.0	0.0	0.0	1.303967e-13	1.4204498e-11	6.741834e-15	6.262428e-19	0.0	6.8089533e-18
SRR17604802	0	Homo sapiens	0.0	0.018904118	0.026334874	0.058448307	0.0029728767	0.0	0.0	0.0026455855	0.24129896	0.0055554276	0.5061211	0.11815317	0.0	0.004253196	0.0026840318	0.0	0.0	0.0	0.0028375427	0.0035301954	0.0030104364	0.00068476243	0.0	0.0025654105
SRR17604803	0	Homo sapiens	0.0	5.8042574e-06	4.831072e-06	0.0003086437	3.878814e-06	0.0	0.0	1.4391553e-05	0.00023683936	1.1366398e-05	0.00013552807	0.9931843	0.0	1.1616859e-06	3.9611814e-06	0.0	0.0	0.0	0.0003651144	0.0052963397	0.00041815566	5.7198763e-06	0.0	3.944977e-06
SRR17604804	0	Homo sapiens	0.0	0.0	0.0	2.0020197e-38	0.0	0.0	0.0	0.0	0.0	0.0	0.0	1.0	0.0	0.0	0.0	0.0	0.0	0.0	1.6688777e-38	5.443735e-15	1.56624165e-30	0.0	0.0	0.0
SRR17604805	0	Homo sapiens	0.0	0.0	0.0	0.0	0.0	0.0	0.0	0.0	0.0	0.0	0.0	1.0	0.0	0.0	0.0	0.0	0.0	0.0	0.0	5.008941e-21	1e-45	0.0	0.0	0.0
SRR17604806	0	Homo sapiens	0.0	3.2927674e-09	2.0719049e-09	2.8036409e-08	2.9643699e-09	0.0	0.0	5.286046e-09	2.6856222e-08	6.492062e-09	3.3709107e-09	0.9999999	0.0	8.7903856e-10	4.9602473e-09	0.0	0.0	0.0	1.4102824e-08	3.71883e-08	5.2745044e-09	2.7680613e-09	0.0	2.1360393e-09
SRR17604807	0	Homo sapiens	0.0	0.0	0.0	5.5364e-41	0.0	0.0	0.0	0.0	0.0	0.0	0.0	1.0	0.0	0.0	0.0	0.0	0.0	0.0	1.4436714e-36	2.1714009e-12	1.981959e-34	0.0	0.0	0.0
SRR17604808	0	Homo sapiens	0.0	0.0	0.0	0.0	0.0	0.0	0.0	0.0	0.0	0.0	0.0	1.0	0.0	0.0	0.0	0.0	0.0	0.0	0.0	2.4642651e-15	0.0	0.0	0.0	0.0
SRR2229974	0	Homo sapiens	0.0	0.0006047818	0.0005327969	0.0012194307	0.000595803	0.0	0.0	0.0006369593	0.09308026	0.0006254539	0.8689784	0.02888744	0.0	0.0005498899	0.000816948	0.0	0.0	0.0	0.00062848907	0.00060961174	0.00061203324	0.0009978607	0.0	0.0006238327
SRR2229975	0	Homo sapiens	0.0	3.530437e-05	0.00012010569	0.00010254754	7.092785e-05	0.0	0.0	0.0006828984	0.030761437	0.0026684622	0.23232535	0.7007041	0.0	0.023797413	2.6105708e-05	0.0	0.0	0.0	0.004701668	0.0025792795	0.0012783003	2.9257792e-05	0.0	0.00011683786
SRR2229976	0	Homo sapiens	0.0	0.00059818884	0.00053182844	0.0012091356	0.00059155724	0.0	0.0	0.00064076105	0.09368219	0.0006286808	0.86744463	0.02986866	0.0	0.00055428414	0.0008058369	0.0	0.0	0.0	0.00062883395	0.0006048584	0.00060780963	0.0009816772	0.0	0.0006210814
SRR2229977	0	Homo sapiens	0.0	0.000667457	0.0006435299	0.0013836644	0.0006808023	0.0	0.0	0.0007946191	0.09639847	0.00092697813	0.8389915	0.05356138	0.0	0.0007341747	0.0009688899	0.0	0.0	0.0	0.0008451625	0.00080260984	0.00080770755	0.0010579329	0.0	0.000735117
SRR6933819	0	Strigocuscus celebensis	0.0	0.0008580693	0.0012398927	0.0064694937	0.005062026	0.0	0.0	0.00070849503	0.08799743	0.040083654	0.03616476	0.81485176	0.0	0.00053342304	0.000602931	0.0	0.0	0.0	0.00072173827	0.0010167032	0.00093140354	0.002207987	0.0	0.00055021426
SRR6933820	0	Strigocuscus celebensis	0.0	0.003409277	0.0010829383	0.0053440016	0.0024802596	0.0	0.0	0.0017392841	0.12475145	0.0016784844	0.60792893	0.23605424	0.0	0.0011474097	0.002623127	0.0	0.0	0.0	0.0015720659	0.0016745747	0.001646372	0.00479594	0.0	0.002071624
SRR6933821	0	Strigocuscus celebensis	0.0	0.00024612798	0.0010919308	0.0031847488	0.009602912	0.0	0.0	0.00051311415	0.014642203	0.21773165	0.018508662	0.7293187	0.0	0.0008569421	0.000596743	0.0	0.0	0.0	0.00044783935	0.0006276123	0.0006262012	0.0016281534	0.0	0.00037649658
SRR6933822	0	Strigocuscus celebensis	0.0	0.00555474	0.0020437066	0.00814887	0.008113861	0.0	0.0	0.0022121966	0.17780542	0.00819186	0.33378422	0.42578605	0.0	0.0013211969	0.0028900611	0.0	0.0	0.0	0.0021292467	0.002445904	0.0025427218	0.014101413	0.0	0.0029285392
SRR6933823	0	Conepatus chinga	0.0	0.0025446282	0.0026816924	0.005224191	0.0030089314	0.0	0.0	0.015911303	0.0062725507	0.07512976	0.2727134	0.085401736	0.0	0.008283743	0.0025944333	0.0	0.0	0.0	0.002676596	0.0027909288	0.0031374479	0.0057817027	0.0	0.5058469
SRR6933824	0	Conepatus chinga	0.0	0.0029430806	0.0021398154	0.011170958	0.02506296	0.0	0.0	0.002235619	0.08365571	0.0024658446	0.63631916	0.025936615	0.0	0.00087453285	0.005483572	0.0	0.0	0.0	0.0018347927	0.0015674283	0.0026740076	0.18410502	0.0	0.011530876
SRR6933825	0	Conepatus chinga	0.0	0.0012255586	0.0009712465	0.003300991	0.014377692	0.0	0.0	0.009918411	0.008386394	0.03294849	0.0630163	0.0013213335	0.0	0.0029503151	0.0011054551	0.0	0.0	0.0	0.0008715953	0.00062991463	0.001612583	0.36638942	0.0	0.49097428
SRR6933826	0	Conepatus chinga	0.0	0.001435964	0.011175206	0.059409045	0.04116178	0.0	0.0	0.007720242	0.059534475	0.35629094	0.0206674	0.13542242	0.0	0.0073551224	0.013605166	0.0	0.0	0.0	0.005146631	0.007990238	0.0044265827	0.22067103	0.0	0.047987767
SRR6974014	0	Gerbilliscus boehmi	0.0	0.040617242	0.009591428	0.05197153	0.012405659	0.0	0.0	0.0035685468	0.07817393	0.006905399	0.5329918	0.21765989	0.0	0.0037516106	0.0052661235	0.0	0.0	0.0	0.0035995797	0.0041479203	0.0048467494	0.017956033	0.0	0.006546499
SRR6974015	0	Gerbilliscus boehmi	0.0	0.007741721	0.0020153276	0.010153717	0.017095035	0.0	0.0	0.0029777824	0.35629433	0.0036050433	0.38032782	0.117026225	0.0	0.001512725	0.0063413335	0.0	0.0	0.0	0.0027153154	0.0026476323	0.003613217	0.077868134	0.0	0.008064628
SRR6974016	0	Gerbilliscus boehmi	0.0	0.0060755536	0.0020501586	0.009135708	0.031326413	0.0	0.0	0.0026238523	0.08372954	0.0031431918	0.55362535	0.05886171	0.0	0.0010572403	0.0046836855	0.0	0.0	0.0	0.002135586	0.0020113892	0.0033611753	0.22691151	0.0	0.009267964
SRR6974017	0	Gerbilliscus boehmi	0.0	0.0066709407	0.0022106455	0.0146717625	0.035245758	0.0	0.0	0.0030671635	0.09021461	0.0032157267	0.50006527	0.07058537	0.0	0.0011574021	0.006285121	0.0	0.0	0.0	0.0024761278	0.0023218358	0.0037221757	0.24681726	0.0	0.011272856
ERR3761407	1	Canis lupus	0.0002534606	0.00018473179	0.00049517635	0.058588553	0.4890046	0.35197896	0.042179894	0.00069827796	0.00034004735	0.0058757393	0.003682559	0.0015748846	0.0007931966	0.00046560235	0.0	9.22484e-05	6.5770044e-05	0.00041507688	6.0574894e-05	9.010175e-05	0.0001124369	0.035820816	0.0025457228	0.0046815467
ERR3761408	1	Homo sapiens	1.8066992e-11	5.877623e-11	9.541602e-11	1.0071555e-09	2.2608827e-12	4.0455594e-10	1.8569672e-11	1.3820727e-09	2.749056e-08	3.772885e-09	1.4845045e-08	0.99999976	8.598839e-09	1.4984154e-07	0.0	2.1622298e-12	2.9747288e-12	5.946337e-12	6.591834e-09	2.282724e-09	6.3727673e-10	1.1414317e-12	2.1385828e-10	1.1449957e-10
ERR3761409	1	Homo sapiens	3.923926e-06	1.395828e-06	4.033451e-06	0.00019418703	0.0006734892	4.114187e-06	7.456769e-07	1.5330852e-05	2.2861763e-05	0.00016099586	5.4196382e-05	0.99842566	1.7186343e-05	1.24486505e-05	0.0	1.6716847e-06	1.1365092e-06	5.918127e-06	4.97574e-06	1.4688734e-05	4.9037217e-06	8.581477e-06	0.00033373467	3.382675e-05
ERR3761410	1	Homo sapiens	5.7350353e-06	4.7818667e-06	3.598541e-06	8.616176e-05	0.99860644	2.146831e-05	1.880182e-06	1.9775192e-05	1.5223496e-05	4.450074e-05	9.5806536e-05	0.00035311122	6.2534527e-06	1.6337382e-05	0.0	3.5017295e-06	2.2896e-06	6.188489e-06	2.3616838e-06	4.505201e-06	3.176304e-06	7.864711e-05	2.9061062e-05	0.000589202
ERR3761411	1	Homo sapiens	4.8801036e-11	5.0288414e-13	1.3873218e-10	2.2288169e-10	4.5450206e-12	1.9241898e-07	1.2383503e-09	1.4467811e-08	6.0814347e-07	2.7691437e-08	1.1938913e-07	0.99999833	4.919061e-07	1.8199667e-07	0.0	3.929162e-12	6.0681555e-12	2.1013058e-11	3.053072e-08	1.8575907e-08	2.3216367e-09	3.1328215e-10	2.747479e-10	8.48753e-10
ERR3761412	1	Homo sapiens	5.1965628e-05	3.180576e-05	0.0015471529	0.021660253	0.13480863	0.6308523	6.360974e-05	0.0020676092	0.00021028923	0.016341036	0.0034061857	0.0038980923	0.00027488283	0.0023774104	0.0	1.8044562e-05	8.567073e-06	3.9597886e-05	1.354161e-05	3.1948042e-05	3.093772e-05	0.00084491714	2.0401196e-05	0.18140085
ERR3761413	1	Homo sapiens	4.2450836e-07	1.2473898e-06	5.945495e-06	2.4888539e-07	3.7470197e-06	1.7381435e-05	1.4205817e-05	0.00036399448	0.0016013902	1.331194e-05	0.00036194452	0.99093735	0.0010928288	0.005416177	0.0	6.9542483e-09	9.761672e-09	6.6404207e-09	6.427272e-05	6.716584e-05	4.531735e-06	4.0228306e-07	4.3417776e-09	3.3404463e-05
ERR6589621	1	Homo sapiens	1.3237798e-12	5.1900013e-14	7.130998e-13	2.2365022e-12	2.834071e-14	3.553391e-12	5.512395e-12	7.7564885e-11	1.2323126e-09	3.4584717e-11	3.5760345e-10	1.0	8.859591e-10	3.938038e-09	0.0	5.432911e-12	1.4922073e-12	1.8395724e-10	3.4126744e-09	2.157349e-09	6.738086e-11	2.5202204e-13	3.5253386e-14	1.8710448e-11
ERR6589622	1	Homo sapiens	0.0	0.0	0.0	5.5016e-40	0.0	0.0	0.0	3.786e-42	8.91394e-40	3e-45	1.6051618e-37	1.0	1.8446884e-34	0.0	0.0	2.190822e-37	3.531e-42	4.192414e-31	6.88084e-40	5.1215363e-31	1.4e-44	0.0	0.0	0.0
ERR6589623	1	Homo sapiens	3.9648047e-08	4.519651e-09	5.6788792e-08	1.2368489e-08	1.1529825e-08	1.3370921e-07	2.1965379e-08	2.3290595e-07	2.717749e-06	5.1975525e-07	5.0769347e-07	0.99997634	6.581411e-06	4.5224433e-06	0.0	1.50411e-08	1.3892865e-08	1.7106894e-08	2.5581767e-06	4.121841e-06	5.907663e-07	6.7003127e-09	2.4637912e-09	9.804513e-07
ERR6589624	1	Homo sapiens	1.2575514e-11	5.4213524e-13	2.4744559e-11	1.2127724e-12	2.2512774e-13	4.4051027e-11	3.318062e-11	2.7203456e-10	1.0397488e-08	6.454755e-10	7.152311e-10	0.9999999	8.385218e-08	2.0761416e-08	0.0	2.3234344e-12	2.6731065e-12	3.1959095e-12	1.1550698e-08	4.8953632e-09	5.524407e-10	5.8176066e-13	2.677639e-13	6.2910865e-10
ERR6589625	1	Homo sapiens	6.6944232e-09	7.2979023e-10	9.61605e-09	1.2972207e-09	1.1738012e-09	2.7565942e-08	1.0395267e-09	4.4229978e-08	5.717056e-07	1.1568794e-07	1.0317328e-07	0.99998456	1.1547725e-05	1.3752117e-06	0.0	2.4264089e-09	2.1947035e-09	2.7640967e-09	7.515526e-07	5.0015194e-07	1.2301861e-07	8.091483e-10	2.0085333e-09	2.6733844e-07
ERR6589626	1	Homo sapiens	1.7346873e-07	3.6941863e-08	1.4161635e-07	7.6267106e-08	5.306874e-07	7.176363e-08	1.0170647e-07	1.8167692e-07	4.6162157e-07	7.295373e-07	2.1734309e-07	0.9999844	4.44408e-06	4.5481966e-07	0.0	7.975076e-08	6.376188e-08	8.1767354e-08	7.794595e-07	1.3229966e-06	4.6185448e-07	5.1277375e-08	4.28624e-08	5.1065363e-06
ERR6589627	1	Homo sapiens	8.1e-44	0.0	0.0	1.651462e-39	0.0	0.0	0.0	2.90025e-40	3.6199734e-36	5.289e-42	1.660927e-34	1.0	2.346214e-30	1.4e-44	0.0	4.647138e-37	7.829838e-39	3.549676e-36	1.7688996e-37	4.2115525e-30	9.22e-43	9.4e-44	0.0	0.0
ERR6589628	1	Homo sapiens	1.981595e-20	7.083308e-23	7.641971e-21	2.634493e-20	6.17519e-23	1.6440623e-20	3.0774835e-21	4.453102e-19	4.084857e-17	8.61407e-19	1.9016148e-17	1.0	9.013639e-16	2.0245648e-17	0.0	1.0870801e-19	9.1512814e-20	4.5376523e-19	2.705935e-16	1.2787165e-15	4.2193183e-19	1.0199301e-20	7.0873725e-23	8.144088e-20
ERR6589629	1	Homo sapiens	1.7e-44	0.0	0.0	1.2489536e-37	0.0	0.0	0.0	1.3543499e-37	1.0322087e-35	8.268e-42	5.152179e-27	1.0	6.775814e-29	0.0	0.0	1.5299805e-32	5e-44	6.5182155e-32	1.5669687e-37	1.358048e-24	3.945e-42	6e-45	0.0	0.0
ERR6589630	1	Homo sapiens	1.7644823e-21	3.3251504e-26	1.823567e-24	2.5170835e-20	2.1050185e-26	1.6353862e-22	1.0090206e-23	1.9605326e-18	2.7014705e-16	2.2110197e-19	6.6428195e-15	1.0	2.6551049e-14	3.898403e-21	0.0	1.8609508e-18	2.5983431e-21	1.141741e-18	3.0899044e-17	2.8601978e-15	2.2931852e-20	2.425004e-22	4.1400337e-25	1.1598752e-21
ERR7919459	1	Gorilla beringei graueri	0.00040239267	8.507231e-06	2.8332497e-05	0.002548397	1.5242555e-06	3.5926919e-06	1.4286779e-06	0.009106857	0.0043194843	0.95434076	0.007969505	0.020321632	6.965463e-05	2.4218956e-05	0.0	2.541171e-06	9.940092e-07	6.7101964e-06	5.1222487e-06	7.494562e-06	5.167365e-06	0.0007389228	3.1597116e-05	5.5137727e-05
ERR7919460	1	Gorilla gorilla gorilla	5.253309e-07	7.0745716e-09	8.48115e-08	1.0776247e-06	6.224004e-11	3.3523735e-05	1.1663496e-06	0.008458913	0.68850785	0.09825439	0.1972288	1.9611982e-06	6.625247e-06	1.7117754e-06	0.0	1.239832e-08	1.0064668e-08	1.2503388e-07	5.673646e-08	4.966106e-07	2.6734499e-08	0.0074974922	3.7409896e-07	4.7912063e-06
ERR7919462	1	Gorilla gorilla gorilla	2.6129324e-05	5.3429346e-07	4.3089127e-05	0.0024026881	2.2011585e-07	1.0348236e-08	1.2213447e-09	9.360261e-05	0.00048748322	0.89534444	0.0023971135	0.09877699	0.00038050438	1.26291825e-05	0.0	2.686434e-08	4.913874e-09	1.4063042e-07	1.4055726e-07	1.6270825e-06	6.861857e-08	2.9585748e-05	8.627293e-09	2.9418206e-06
ERR7919463	1	Gorilla beringei graueri	3.892213e-07	7.033116e-11	2.6218736e-08	2.2244377e-07	1.2040486e-12	0.0018865581	3.922949e-07	0.0006789477	0.10864446	0.01524123	0.002825977	0.870102	0.00011031864	0.0004440144	0.0	3.907181e-09	2.534828e-09	1.0719523e-08	1.3735524e-05	3.3781519e-06	7.297253e-07	3.4229055e-05	4.601239e-08	1.3323976e-05
ERR7919464	1	Gorilla gorilla gorilla	0.0036283482	0.0030964336	0.0027811606	0.0053383643	0.25035778	0.0029073216	0.0036334507	0.0039746617	0.003811664	0.00375523	0.0037228954	0.63378346	0.0031336194	0.0034016834	0.0	0.00384856	0.0038287998	0.0038248533	0.0036609536	0.00363675	0.0038495725	0.004981401	0.012676158	0.03236688
ERR7919465	1	Gorilla beringei graueri	0.00011698289	3.138045e-05	0.02504069	0.0026875748	6.08909e-05	0.03533425	4.4780367e-07	0.010710887	0.0050639138	0.6680523	0.0133949835	0.007971504	0.00042470283	0.013099876	0.0	9.354925e-05	3.300038e-05	0.00042915362	0.00018310132	0.00039728184	0.00017639375	0.003448477	0.0074594906	0.20578916
ERR7919466	1	Gorilla beringei graueri	4.5654017e-10	6.5704155e-18	6.6436426e-14	1.2815842e-09	2.4902122e-19	2.853487e-15	1.3320784e-20	4.213145e-05	2.6388083e-05	0.99993014	5.4328467e-07	2.0259808e-11	1.28058545e-11	3.2050896e-12	0.0	8.616623e-17	4.702319e-18	7.038659e-16	7.174956e-15	1.10216984e-13	3.151908e-16	7.9872535e-07	1.1391167e-17	4.770865e-11
ERR7919467	1	Gorilla gorilla gorilla	8.294195e-07	1.078589e-08	5.2065434e-07	5.5711785e-06	4.3946773e-11	4.052472e-05	1.0927174e-06	0.009527086	0.61993563	0.1659964	0.20301871	1.0065299e-06	5.6155495e-06	3.4450154e-06	0.0	1.1682593e-08	1.40077265e-08	1.4809666e-07	8.817404e-08	4.7294753e-07	3.6124348e-08	0.0014536302	5.857657e-07	8.529553e-06
ERR7919468	1	Gorilla beringei graueri	2.518279e-07	4.2465895e-14	1.72044e-11	2.1754813e-07	5.4260994e-15	3.765007e-11	1.2795889e-14	9.952175e-05	0.0057056975	0.9925759	0.00015217057	0.0014650192	9.6370405e-09	4.176085e-09	0.0	1.016753e-11	7.615804e-13	5.1240436e-11	6.7773326e-10	2.1920927e-09	4.620187e-11	1.2253419e-06	1.5681177e-11	1.0701349e-08
ERR7919469	1	Gorilla beringei graueri	0.00060078455	0.004441511	0.073588304	0.003993267	6.016601e-05	0.0021075152	8.260908e-05	0.0043683043	0.0037853988	0.11526149	0.0029757293	0.73423094	0.013850291	0.0051395074	0.0	0.0001491	8.309804e-05	0.00072985684	0.00054859085	0.0012096801	0.000754526	9.800407e-05	0.030054104	0.0018872224
ERR7919470	1	Gorilla beringei graueri	0.000115177005	3.2022923e-05	0.016881144	0.0038547977	8.4075604e-05	0.020545363	4.0928595e-07	0.014488476	0.008674133	0.7176769	0.014062393	0.0028485917	0.00049404264	0.011313489	0.0	8.464168e-05	3.0314288e-05	0.00035252832	0.00016720107	0.00044929874	0.00014981713	0.0026629812	0.01909674	0.16593546
ERR7919471	1	Gorilla gorilla gorilla	0.0035758053	0.0030966748	0.0027480235	0.005356324	0.25144845	0.0029240206	0.0036467107	0.0038497644	0.0037495615	0.0036282055	0.0036953622	0.6331371	0.0031066895	0.0033973071	0.0	0.0038584126	0.0038495352	0.0038320057	0.003676765	0.0036710252	0.0038634602	0.0049721817	0.012753473	0.032163166
ERR7919472	1	Gorilla beringei graueri	2.5961006e-07	2.6104725e-14	3.2712413e-11	2.3645443e-07	6.279732e-15	1.7253221e-11	3.419511e-14	0.00013059235	0.0049947253	0.9945257	0.00011021691	0.00023459434	4.4895792e-08	3.4275491e-09	0.0	1.3406931e-11	8.634662e-13	5.998558e-11	7.0052447e-10	2.6634364e-09	4.1378578e-11	3.6700426e-06	1.876279e-11	5.945597e-09
ERR7919473	1	Gorilla beringei graueri	6.2952095e-06	2.7112721e-06	0.00031451223	6.1348896e-05	5.359557e-10	2.6545938e-06	5.494657e-10	0.007606412	0.0043071336	0.9849268	0.000252953	8.797779e-06	1.4482648e-05	0.00011836874	0.0	1.2255043e-08	4.555286e-09	7.257819e-08	7.4203666e-07	7.782982e-07	2.0527499e-07	0.0015128121	1.6946895e-07	0.00086268457
ERR7919474	1	Gorilla gorilla gorilla	7.978741e-08	9.5875185e-14	2.860349e-10	7.045199e-07	1.5578113e-14	1.3613651e-11	5.678035e-15	0.00021327853	1.9932038e-06	0.9997767	6.4944074e-06	5.101785e-07	5.8435914e-09	1.66184e-10	0.0	1.2527976e-13	1.2117306e-14	1.2556571e-12	7.727692e-12	4.4200962e-11	1.6268333e-12	1.2681672e-07	1.2412345e-13	7.457567e-08
ERR7919475	1	Gorilla gorilla gorilla	6.634964e-08	6.707468e-14	2.2137539e-10	8.9264347e-07	1.4360166e-14	7.350646e-12	7.917076e-15	0.00018846586	2.5879096e-06	0.99980044	6.264698e-06	9.178419e-07	4.4967527e-09	8.0144814e-11	0.0	1.2057223e-13	1.2351007e-14	1.1662376e-12	1.00803055e-11	3.876894e-11	1.2980264e-12	3.5969848e-07	1.9915355e-13	1.415821e-08
ERR7919476	1	Gorilla gorilla gorilla	8.790164e-06	5.7000037e-08	4.760634e-06	2.9049319e-05	2.2101975e-12	2.2108765e-08	3.0045486e-10	0.006124349	0.0017373057	0.9844247	0.0005195871	4.606533e-05	6.349576e-07	4.479847e-07	0.0	1.0907782e-09	2.2899134e-10	2.4871658e-09	1.4718476e-08	5.6804375e-09	5.319659e-09	0.00710386	7.9538454e-10	3.278515e-07
ERR7919477	1	Gorilla gorilla gorilla	8.156281e-07	1.7246412e-08	1.4757975e-07	2.0554335e-06	1.2648227e-10	5.1717332e-05	5.2448786e-07	0.009114588	0.6016782	0.17226663	0.21402232	9.60431e-07	2.3886057e-06	2.0646783e-06	0.0	9.987792e-09	1.046075e-08	1.13886095e-07	4.9444708e-08	2.8746157e-07	2.7825884e-08	0.002853657	3.1882183e-07	3.0963442e-06
ERR7919478	1	Gorilla beringei graueri	1.8528184e-11	5.3648075e-22	8.220819e-19	1.9829824e-12	1.72392e-21	4.6837157e-17	1.0470657e-22	4.681498e-07	1.5012344e-06	0.999995	2.3668435e-06	6.926265e-07	6.8529466e-12	2.8737747e-16	0.0	2.1973053e-19	2.7485968e-20	3.106958e-18	3.1295353e-17	1.3416472e-16	2.2799635e-18	8.4719146e-13	1.6780847e-20	1.03313345e-14
ERR7919479	1	Gorilla beringei beringei	7.802159e-11	4.2219504e-21	3.2559703e-16	3.1304312e-10	1.1345328e-23	6.8002813e-19	3.3555843e-23	0.030570053	0.90136003	0.06780722	0.00026252298	1.4411374e-08	4.8138013e-12	3.7172953e-13	0.0	4.0169468e-16	1.7053574e-18	3.039654e-16	5.4433974e-16	1.4419598e-13	2.0762496e-18	1.4323894e-07	3.8796992e-21	5.25553e-12
ERR7919480	1	Gorilla gorilla gorilla	8.96311e-06	2.7935047e-07	6.909951e-06	2.5871013e-06	1.085025e-11	1.355946e-08	1.1085323e-09	0.0029738604	0.00092271814	0.99302936	0.00061712734	1.5852409e-05	5.6965814e-07	2.7972467e-07	0.0	1.0155364e-09	2.4968708e-10	2.692358e-09	6.899039e-09	8.386188e-09	3.9926857e-09	0.0024201812	2.7350372e-10	1.2669028e-06
ERR7919481	1	Gorilla beringei graueri	0.0008541753	1.2884411e-05	0.00010123993	0.016541561	7.907426e-06	6.0364328e-06	4.598942e-06	0.012451767	0.008422371	0.9324125	0.015950054	0.011609587	0.00040431702	6.9177775e-05	0.0	7.0311894e-06	2.7601777e-06	1.6926117e-05	1.0680916e-05	1.0241593e-05	9.623441e-06	0.0007174715	4.2983553e-05	0.00033410595
ERR7919482	1	Gorilla beringei graueri	1.3491314e-05	1.8251977e-06	0.001224251	4.9197166e-05	1.2935427e-09	9.673994e-06	1.744711e-09	0.0096362075	0.009992014	0.966893	0.00027957186	0.00018540888	5.6763606e-06	0.0002944706	0.0	3.3386065e-08	1.166273e-08	1.4870311e-07	9.799805e-07	4.842474e-06	4.504807e-07	0.010132889	3.8112386e-08	0.0012758081
ERR7919483	1	Gorilla gorilla gorilla	0.00026640252	4.102762e-06	1.3916683e-05	0.0009414142	7.693259e-06	1.4162088e-05	7.884195e-07	0.0139935715	0.023523424	0.663649	0.089821026	0.20452377	0.00080707937	4.5976452e-05	0.0	4.7155427e-05	1.725365e-05	0.00039699784	2.523248e-05	5.7889123e-05	1.967041e-05	0.0001858173	0.0014598627	0.0001777492
ERR7919484	1	Gorilla beringei graueri	0.00085247547	0.022923036	0.3289463	0.0056795296	0.00013039219	0.0038866152	8.2552586e-05	0.007545601	0.0060777874	0.22305053	0.0074568572	0.298668	0.03163586	0.013084898	0.0	0.00022784513	0.00013143435	0.0012169307	0.0007826791	0.0013026531	0.0012627365	0.00013169005	0.042258628	0.0026649672
ERR7919485	1	Gorilla beringei graueri	5.3401317e-07	8.7837765e-11	4.8767482e-08	2.5302776e-07	1.7879847e-12	0.0027288615	7.170126e-07	0.0009594704	0.15025403	0.025460105	0.004368723	0.81500125	0.00011526445	0.0009011249	0.0	5.086561e-09	3.730769e-09	1.5595317e-08	2.059372e-05	5.863029e-06	9.766306e-07	0.00014154168	1.9874543e-08	4.06059e-05
ERR7919486	1	Gorilla beringei graueri	0.0009976908	6.130421e-05	3.1075153e-05	0.0054505942	5.199117e-06	9.070069e-06	8.819814e-06	0.011773022	0.008671141	0.9440074	0.013333428	0.0146296555	0.00031954865	5.995784e-05	0.0	5.78601e-06	2.3289126e-06	1.3317492e-05	1.0805689e-05	1.155216e-05	8.902235e-06	0.00039713774	5.044396e-05	0.00014182573
ERR7919487	1	Gorilla beringei graueri	3.1449815e-07	1.17861365e-14	7.318287e-12	1.8054727e-07	5.187915e-17	1.484642e-14	1.688925e-13	0.00020700262	0.0009077148	0.9954374	0.0034406588	6.134631e-09	1.4117922e-09	1.4417423e-12	0.0	2.367085e-15	1.9523879e-15	1.5451238e-14	7.855773e-14	4.3188044e-13	3.035728e-15	6.7651054e-06	8.990283e-17	3.9096222e-13
ERR7919488	1	Gorilla beringei graueri	6.029263e-09	5.3846563e-17	2.6697008e-14	4.364871e-09	1.9415148e-17	3.515522e-12	1.6040883e-14	0.023526782	0.0020947342	0.97394776	0.0004280704	1.222829e-12	3.8325957e-11	1.6313265e-12	0.0	1.0792989e-15	3.1979173e-16	8.811663e-15	6.621797e-14	2.6139066e-14	7.497718e-15	2.6530254e-06	1.1813417e-14	1.3015826e-12
ERR7919489	1	Gorilla beringei graueri	4.2107597e-09	5.3830006e-17	6.4464215e-14	5.2977916e-10	7.662371e-18	8.075568e-12	3.770497e-15	0.017247139	0.001348783	0.9810843	0.00031496372	3.612255e-13	1.8190064e-11	2.0860481e-12	0.0	6.00037e-16	2.1911701e-16	6.246942e-15	4.3054885e-14	1.6403879e-14	4.732994e-15	4.834983e-06	7.730496e-14	5.524444e-12
ERR7919490	1	Gorilla beringei graueri	1.2012303e-05	1.8011733e-06	0.0014246099	7.38889e-05	1.6887979e-09	1.2175467e-05	7.51124e-10	0.010287835	0.010988255	0.95979905	0.00035584628	9.280086e-06	1.9797497e-05	0.0003286622	0.0	2.723178e-08	1.0668753e-08	1.1556806e-07	1.2376895e-06	3.968587e-06	6.6800055e-07	0.014192769	3.2111802e-07	0.0024876834
ERR7919491	1	Gorilla gorilla gorilla	8.0577644e-07	1.2330468e-08	1.05037294e-07	5.6959457e-06	6.78074e-11	5.228348e-05	2.2048957e-06	0.015343433	0.45569894	0.2282005	0.2954338	3.8169924e-06	3.8266717e-06	4.10761e-06	0.0	1.2813779e-08	1.2858667e-08	1.4316237e-07	7.060265e-08	5.3960656e-07	4.0761847e-08	0.005246657	3.5304026e-07	2.6574917e-06
ERR7919492	1	Gorilla beringei graueri	0.0009808589	0.031117618	0.08923685	0.008704416	0.000114993505	0.008624261	0.00011031912	0.009779218	0.00945969	0.3286502	0.010865333	0.2796618	0.082500905	0.0132503575	0.0	0.00028130968	0.00016148068	0.001605047	0.000922906	0.0013893826	0.0014912793	0.00027529692	0.11775365	0.0030628056
ERR7919493	1	Gorilla beringei graueri	7.082443e-07	1.1262534e-10	7.686864e-08	5.530559e-07	3.3721665e-12	0.00066482223	6.117073e-07	0.0008326458	0.21649288	0.021377273	0.004536526	0.75509584	0.00011179971	0.00079166103	0.0	5.2824944e-09	4.437244e-09	1.6208485e-08	2.2684806e-05	6.9322805e-06	1.0542253e-06	5.278967e-05	9.467357e-08	1.1006955e-05
ERR7919494	1	Gorilla beringei graueri	2.478754e-07	4.5144925e-14	6.2732037e-12	4.2045843e-07	9.529274e-18	4.6618766e-15	1.575268e-13	0.00024445643	0.0009680098	0.99669075	0.0020911223	2.1633698e-08	8.4896834e-10	8.996851e-13	0.0	3.2481878e-15	2.3848632e-15	1.7438135e-14	5.935973e-14	3.198955e-13	2.9018432e-15	4.951971e-06	3.1759167e-16	2.4767566e-13
ERR7919495	1	Gorilla beringei graueri	5.201687e-06	1.6909132e-10	9.112957e-09	3.8501898e-05	3.7227924e-10	9.972724e-09	8.0823404e-11	0.010399383	0.0028318553	0.9848781	0.0017289487	8.721634e-05	2.6771952e-05	1.7270635e-07	0.0	2.7996303e-09	7.282117e-10	2.1671877e-08	2.7949985e-08	6.354027e-08	9.270003e-09	2.7263548e-06	1.2245323e-07	8.365614e-07
ERR7919496	1	Gorilla gorilla gorilla	0.0035758053	0.0030966748	0.0027480235	0.005356324	0.25144845	0.0029240206	0.0036467107	0.0038497644	0.0037495615	0.0036282055	0.0036953622	0.6331371	0.0031066895	0.0033973071	0.0	0.0038584126	0.0038495352	0.0038320057	0.003676765	0.0036710252	0.0038634602	0.0049721817	0.012753473	0.032163166
ERR7919497	1	Gorilla beringei graueri	2.9003997e-06	1.4641151e-10	1.550578e-08	6.0716693e-06	1.5945306e-10	7.238505e-09	4.0136935e-11	0.0057680453	0.0023669489	0.9909996	0.0006064954	0.00023973214	7.900487e-06	1.4787035e-07	0.0	1.649649e-09	4.0622783e-10	1.0904818e-08	9.077665e-09	7.62179e-08	3.5247276e-09	1.2074566e-06	2.0389793e-08	8.2262727e-07
ERR7919498	1	Gorilla gorilla gorilla	2.6524282e-05	4.5244187e-07	1.4889595e-05	0.0019797678	1.0266829e-07	1.5243318e-08	3.6068093e-10	0.00017922357	0.001005858	0.91922104	0.003460595	0.0736768	0.00039160476	7.3818483e-06	0.0	1.8324041e-08	3.3664564e-09	1.1854981e-07	1.3876013e-07	1.8837944e-06	5.5384167e-08	3.119181e-05	2.9150051e-08	2.298449e-06
ERR7919499	1	Gorilla gorilla gorilla	0.0037568558	0.0032454277	0.0027992644	0.005489369	0.25920153	0.0029799412	0.003718559	0.003970816	0.0038942504	0.0038544007	0.0039349035	0.6218612	0.0032902474	0.00357831	0.0	0.0039334483	0.003922702	0.003918099	0.0037543243	0.003736599	0.003940572	0.004932712	0.013103905	0.03318255
ERR7919500	1	Gorilla beringei beringei	1.2587044e-10	1.34501135e-20	2.0802303e-16	2.2202179e-10	7.0784083e-22	5.2055535e-18	2.1666456e-23	0.037127655	0.8725488	0.0900906	0.0002326676	5.709766e-09	1.389065e-11	2.793784e-13	0.0	4.5710186e-16	2.3764523e-18	3.2552188e-16	4.201368e-16	1.8516299e-13	3.9022853e-18	2.2092277e-07	1.1019027e-21	2.4835648e-12
ERR7919501	1	Gorilla beringei graueri	0.00015433865	6.5307344e-05	0.01011717	0.0040819338	0.00015317574	0.034438424	1.7850706e-06	0.014180645	0.0068231435	0.71935415	0.015062651	0.0019635085	0.00061113876	0.007578607	0.0	0.000110816036	4.2405823e-05	0.00055894046	0.00019967747	0.0004175937	0.0002060796	0.003131649	0.019646369	0.16110049
ERR7919502	1	Gorilla beringei graueri	7.5059303e-10	1.8958207e-17	9.982576e-14	7.160932e-10	7.821552e-19	6.6174724e-16	6.3112155e-20	8.0161895e-05	8.8478846e-05	0.9998293	1.5499977e-06	2.2089915e-11	1.8855723e-11	1.052254e-11	0.0	1.340332e-16	8.25433e-18	1.3415377e-15	1.221463e-14	2.630575e-13	8.355036e-16	5.131125e-07	6.6171322e-18	1.415427e-10
ERR7919503	1	Gorilla gorilla gorilla	1.3178055e-05	6.494054e-08	3.4771485e-06	1.048759e-06	8.1408985e-12	1.3385481e-08	1.6691265e-10	0.010469953	0.0034396616	0.97911936	0.0014003292	1.46375e-05	6.366924e-07	4.1847392e-07	0.0	1.0601405e-09	2.802651e-10	2.4232663e-09	7.249494e-09	1.0062611e-08	6.1534755e-09	0.005536357	2.8527194e-09	8.6064546e-07
ERR7919504	1	Gorilla beringei graueri	1.723881e-06	2.927748e-11	3.4741379e-06	2.08106e-05	2.0090951e-11	2.0119589e-07	2.454957e-13	0.02469922	0.10232096	0.7668811	0.023977019	0.056582935	9.741826e-05	0.0006696381	0.0	3.4373644e-09	2.5699147e-09	1.808783e-08	1.091302e-05	0.0007008479	7.784878e-08	8.171189e-05	8.474915e-11	0.023951896
ERR7919505	1	Gorilla beringei graueri	5.9202105e-08	1.0633967e-11	4.4398444e-08	3.4408458e-07	2.4457926e-13	1.8459106e-08	1.9796302e-12	0.042721868	0.248011	0.70742995	0.0016976304	8.565804e-09	1.0807487e-07	2.430588e-06	0.0	3.593588e-11	3.6215444e-11	3.253389e-10	8.632676e-09	1.7293006e-08	3.8602427e-10	0.00013524272	1.4877083e-10	1.2579202e-06
ERR7919506	1	Gorilla beringei graueri	1.3741205e-11	4.6170875e-19	9.091172e-16	7.8140217e-10	4.6659733e-19	1.6528588e-13	3.1274738e-16	4.3320644e-05	0.044180207	0.00018094189	0.95559525	2.453372e-07	4.6457266e-10	1.18339346e-14	0.0	7.649125e-10	3.329714e-10	7.060237e-10	1.5637809e-14	7.420915e-10	8.945492e-16	1.3175638e-10	7.752653e-15	1.9103467e-12
ERR7919507	1	Gorilla gorilla gorilla	4.0469506e-05	5.001234e-07	6.6665953e-06	0.0107360715	1.949582e-07	1.9928839e-08	8.759193e-09	0.00017856408	0.000650015	0.8582328	0.0031637063	0.12529927	0.0016660417	1.195007e-05	0.0	3.5777937e-08	7.694881e-09	2.2033913e-07	2.7319726e-07	1.9032728e-06	1.0164809e-07	7.070801e-06	1.6239225e-08	4.0681157e-06
ERR7919508	1	Gorilla beringei graueri	2.451882e-11	2.2694794e-22	1.5721439e-18	4.001626e-12	1.0573952e-21	5.349366e-18	1.8366138e-22	8.2119516e-07	2.5203872e-06	0.999992	4.5068073e-06	1.4334515e-07	2.3777771e-11	4.097501e-16	0.0	2.897959e-19	3.887769e-20	4.0295512e-18	7.572735e-17	2.590483e-16	3.5654582e-18	2.2103272e-12	1.4741782e-19	1.559068e-14
ERR7919509	1	Gorilla gorilla gorilla	0.0035746177	0.0030955435	0.002747003	0.0053555765	0.25139624	0.0029229517	0.0036453665	0.0038504407	0.003748295	0.0036265554	0.0036947115	0.633224	0.003106361	0.0033959874	0.0	0.0038582627	0.0038487087	0.003831558	0.003675404	0.00366971	0.0038620608	0.0049724383	0.01274856	0.032149628
ERR7919510	1	Gorilla beringei graueri	8.9362484e-10	2.2941222e-17	2.6459268e-13	1.8630053e-09	4.820041e-19	1.2604848e-15	2.3362821e-20	0.00012162853	3.8532155e-05	0.9998373	8.540585e-07	3.4110336e-11	9.2323836e-11	8.528812e-12	0.0	2.7432234e-16	1.5037239e-17	2.3621875e-15	2.886668e-14	4.4729118e-13	1.1689575e-15	1.6869244e-06	2.5978613e-17	6.510247e-10
ERR7919511	1	Gorilla gorilla gorilla	4.99944e-08	9.5034285e-14	9.1022086e-11	1.8834879e-07	1.7659789e-13	2.6164656e-11	4.587236e-15	0.00015266617	1.1409902e-06	0.9998406	4.7336266e-06	2.5460363e-07	3.2418779e-09	1.0529566e-10	0.0	1.1606569e-13	1.1736483e-14	1.2728777e-12	5.3566877e-12	4.0625128e-11	1.5209151e-12	3.3978822e-07	1.1311681e-13	3.1892473e-08
ERR7919512	1	Gorilla gorilla gorilla	0.0038052856	0.0034029474	0.0030012731	0.006103526	0.24843526	0.0030230365	0.0037413277	0.0042635887	0.004130744	0.0041067596	0.004171998	0.6232789	0.0035270406	0.0036258842	0.0	0.0040995497	0.004044451	0.0040907217	0.0039246464	0.003858489	0.004103908	0.005035457	0.014815114	0.037410088
ERR7919513	1	Gorilla beringei graueri	4.3044682e-07	4.9565515e-14	2.0521064e-11	2.7050768e-07	2.978192e-14	1.9296512e-11	2.5361767e-14	0.00021483058	0.009586884	0.98985416	0.00016387136	0.000176744	3.5394834e-08	2.635898e-09	0.0	1.6562043e-11	1.2104761e-12	7.358936e-11	9.119164e-10	2.7659475e-09	6.521736e-11	2.7513322e-06	1.8704292e-11	1.1086427e-08
ERR7919514	1	Gorilla beringei graueri	1.9428193e-11	2.388087e-18	3.1014334e-16	1.653117e-09	2.2483296e-18	7.905905e-14	7.011745e-16	1.6570828e-05	0.021026893	9.1062415e-05	0.97886515	3.1662924e-07	2.6443672e-10	1.6398873e-14	0.0	5.820123e-10	3.2226105e-10	5.9003097e-10	1.1565678e-14	4.4910475e-10	6.9708106e-16	7.4397315e-11	8.1817225e-15	1.4511003e-13
ERR7919515	1	Gorilla beringei graueri	0.0008521409	1.1627223e-05	3.8485658e-05	0.0046536913	2.5691602e-06	9.354983e-06	2.8556578e-06	0.021824792	0.011263503	0.94146264	0.013509694	0.0040265378	0.00020500757	3.8615002e-05	0.0	5.2994865e-06	2.1142132e-06	1.23024365e-05	1.09041075e-05	1.1435556e-05	8.83256e-06	0.0015890993	0.00018105858	0.0002774358
ERR7919516	1	Gorilla gorilla gorilla	6.590715e-08	1.00106745e-13	5.3945465e-10	1.03413306e-07	1.9517817e-13	3.526465e-11	2.1237426e-15	0.00013752707	1.8592056e-06	0.99985385	6.1434334e-06	2.8160426e-07	1.6905638e-08	5.846663e-11	0.0	1.6300321e-13	1.4541587e-14	1.5788822e-12	9.362978e-12	4.7056817e-11	2.031931e-12	1.03706924e-07	2.528852e-13	3.166389e-08
ERR7919517	1	Gorilla gorilla gorilla	0.0037106792	0.0031448717	0.0028179118	0.0055034757	0.2542154	0.0029625364	0.0037064105	0.0039852303	0.0040094466	0.0037849362	0.0039547095	0.62493396	0.0032237659	0.0034904738	0.0	0.0039255824	0.003894282	0.0039108573	0.003742068	0.0037356673	0.0039322474	0.0052620457	0.012944007	0.035209488
ERR7919518	1	Gorilla beringei beringei	1.14354144e-10	8.233254e-21	3.442228e-16	3.4254993e-10	1.974642e-21	5.2945527e-18	1.0748106e-23	0.028983431	0.85030115	0.12041352	0.00030154386	9.628089e-09	3.684995e-12	4.0371282e-13	0.0	5.4820354e-16	2.4992387e-18	4.372335e-16	6.103321e-16	2.0481113e-13	4.284449e-18	3.4732594e-07	3.8355977e-21	8.3027335e-12
ERR7919519	1	Gorilla gorilla gorilla	0.00029815256	5.004524e-06	1.5872147e-05	0.0008331221	9.123262e-06	7.1467407e-06	1.330702e-06	0.015762454	0.022715803	0.61911845	0.13453178	0.2038871	0.0005680997	2.8558492e-05	0.0	4.7364672e-05	1.6628244e-05	0.00030483006	2.1468228e-05	4.6201123e-05	1.6349954e-05	0.00021112384	0.0014942532	5.9755766e-05
ERR7919520	1	Gorilla beringei graueri	2.132759e-07	2.6370863e-15	3.9996114e-12	1.3059496e-07	4.8855367e-18	5.9013565e-15	2.4310516e-14	0.00023304773	0.0005533719	0.99609613	0.0031021815	1.0138335e-08	5.625205e-10	5.427206e-13	0.0	1.2159547e-15	7.9309786e-16	7.081112e-15	2.0720184e-14	1.4529797e-13	1.1216442e-15	1.4938854e-05	3.568622e-17	2.82655e-13
ERR7919521	1	Gorilla beringei beringei	9.5498824e-11	1.626897e-20	5.769521e-16	3.0636357e-10	2.2750138e-22	9.414211e-19	1.129304e-23	0.03344719	0.85874504	0.10759306	0.00021461399	6.0948246e-09	1.1763066e-11	4.1391096e-13	0.0	4.9518854e-16	2.121748e-18	3.1182536e-16	4.487643e-16	3.1418916e-13	2.7552406e-18	8.5546425e-08	1.520266e-21	5.9827325e-12
ERR7919522	1	Gorilla gorilla gorilla	1.0462775e-05	2.4284146e-08	2.7600372e-06	4.230787e-06	8.825942e-12	8.608658e-09	2.0678925e-10	0.0040135435	0.0015111481	0.98688114	0.0007333788	2.1002475e-05	3.3135458e-07	2.2302952e-07	0.0	9.516108e-10	2.1896453e-10	2.5001612e-09	9.57733e-09	4.575025e-09	3.8826014e-09	0.0068210475	1.7285936e-09	6.8967506e-07
ERR7919523	1	Gorilla gorilla gorilla	0.00022523534	2.9896853e-06	1.7470733e-05	0.0005245657	2.1983994e-06	7.5602265e-06	7.858939e-07	0.018007899	0.07136679	0.5862418	0.10791584	0.21016325	0.0005560378	3.0937972e-05	0.0	4.1942065e-05	1.7725097e-05	0.00029000244	2.7949349e-05	5.5743276e-05	2.1322965e-05	0.00019689415	0.004249905	3.515426e-05
ERR7919524	1	Gorilla beringei graueri	0.00029996707	0.007915373	0.03681238	0.0047862427	2.0106418e-05	0.001375959	4.3619286e-05	0.0026560253	0.0024228855	0.08478436	0.0021026363	0.8313031	0.010588269	0.004004377	0.0	7.912112e-05	4.2435036e-05	0.00045886182	0.00030292626	0.00039521535	0.00043499973	3.6895264e-05	0.007946153	0.001188064
ERR7919525	1	Gorilla beringei graueri	5.1146678e-08	2.3266029e-12	2.0171667e-08	2.7472058e-07	1.8111699e-13	7.890513e-08	5.405457e-13	0.04317025	0.124556705	0.8304546	0.0016675267	2.050189e-08	5.076357e-08	1.3299873e-06	0.0	4.0254636e-11	3.185561e-11	2.9018807e-10	9.62318e-09	1.7524819e-08	3.7072417e-10	0.00014821926	4.5431836e-10	8.781153e-07
ERR7919526	1	Gorilla gorilla gorilla	7.748167e-06	6.308845e-08	1.7740307e-06	0.0009437815	3.6167464e-08	2.3376254e-09	4.7862214e-10	8.294741e-05	0.0005124917	0.7837488	0.0009711499	0.21360083	0.00012164003	3.17784e-06	0.0	6.539413e-09	1.1113119e-09	4.0011464e-08	4.9713968e-08	1.8004308e-06	2.2697899e-08	2.3191906e-06	1.3096225e-09	1.3424489e-06
ERR7919527	1	Gorilla beringei graueri	3.6034116e-06	1.0690811e-10	7.368634e-09	5.7649063e-06	1.11064526e-10	7.766577e-09	1.919418e-11	0.00955279	0.0038272562	0.9857141	0.0007189953	0.00014517808	2.7660159e-05	2.2667803e-07	0.0	1.9645943e-09	4.635482e-10	1.3739195e-08	2.6749047e-08	6.283083e-08	5.5899885e-09	2.3466666e-06	8.433216e-08	1.8999937e-06
ERR7919528	1	Gorilla beringei graueri	2.5845083e-11	3.1882547e-22	6.0290377e-19	7.979298e-12	6.2389097e-23	1.8343978e-16	8.641663e-23	7.735596e-07	3.5012908e-06	0.99999297	2.5578295e-06	1.7785504e-07	3.5436626e-11	3.548146e-16	0.0	2.9139707e-19	3.142177e-20	4.1452754e-18	7.761883e-17	2.519617e-16	2.6420637e-18	6.645406e-12	4.555777e-20	7.007836e-15
ERR7919529	1	Gorilla beringei graueri	3.8713665e-08	2.3471023e-12	2.6743074e-08	1.2863407e-07	2.4815187e-13	4.8067324e-08	4.1593373e-13	0.030059123	0.21909615	0.74879754	0.0018433863	3.8982424e-08	6.879686e-08	1.3139602e-06	0.0	3.3963502e-11	2.7547324e-11	2.725186e-10	1.07287175e-08	9.672395e-09	3.3417827e-10	0.0002016728	1.0837129e-09	4.5482366e-07
ERR7919530	1	Gorilla beringei graueri	7.897352e-12	7.9181926e-19	2.363536e-16	2.9434244e-10	3.444558e-19	7.450331e-14	6.212335e-17	1.2735978e-05	0.020420965	6.461915e-05	0.9795007	9.898905e-07	1.4789664e-10	6.2742504e-15	0.0	4.829386e-10	2.6428712e-10	5.329755e-10	8.941214e-15	3.677598e-10	3.7568947e-16	3.4651403e-11	5.402829e-15	3.6970248e-13
ERR7919531	1	Gorilla beringei graueri	6.3086243e-09	1.0630251e-16	1.00656096e-13	2.9360494e-09	1.0714375e-17	2.0421694e-11	8.783639e-15	0.013325279	0.0012743066	0.98504734	0.00034948258	1.5185034e-12	4.3873738e-11	1.5215818e-12	0.0	1.112016e-15	4.3096263e-16	9.745397e-15	6.772295e-14	2.5812958e-14	6.846055e-15	3.569212e-06	2.3953804e-14	1.8317125e-12
ERR7919532	1	Gorilla beringei graueri	1.4800831e-06	9.659584e-12	1.6271661e-06	1.6569042e-05	8.397752e-12	5.8231947e-08	7.821955e-13	0.021031177	0.14656954	0.6871525	0.012739053	0.12452461	4.4229542e-05	0.0005929182	0.0	2.308736e-09	1.4310576e-09	8.517059e-09	8.341883e-06	0.00032696401	4.089334e-08	5.8090227e-05	2.3526412e-11	0.0069328
ERR7919533	1	Gorilla beringei graueri	5.888117e-10	1.1751315e-17	7.0845326e-13	3.0420094e-10	2.496551e-19	4.3129705e-16	5.774439e-21	5.370503e-05	6.234123e-05	0.9998828	8.3981286e-07	4.0445577e-11	1.4695594e-11	7.854449e-12	0.0	1.2661728e-16	8.096552e-18	1.3212814e-15	1.440947e-14	2.1523522e-13	5.239311e-16	3.150825e-07	2.5237967e-17	4.639466e-11
ERR7919534	1	Gorilla beringei graueri	1.565825e-07	3.264296e-14	1.86758e-12	1.8094579e-07	6.6637893e-18	6.632835e-15	4.0515016e-14	0.00018860975	0.0008504128	0.9974515	0.00150744	1.8817798e-09	2.9828273e-10	1.2490966e-12	0.0	1.2652798e-15	1.0568647e-15	7.8555335e-15	3.340852e-14	1.8169708e-13	1.3894865e-15	1.712006e-06	2.1724668e-16	2.7697698e-13
ERR7919535	1	Gorilla beringei graueri	7.087576e-08	2.3388826e-12	1.7057438e-08	5.448255e-07	1.3771421e-13	1.4116729e-08	2.570499e-13	0.06660333	0.23565131	0.6956013	0.0020675233	4.381634e-08	7.307112e-08	1.4144986e-06	0.0	4.5948235e-11	3.0444713e-11	3.610184e-10	1.4329611e-08	1.5334708e-08	4.636221e-10	7.273952e-05	6.329742e-10	1.6094109e-06
ERR7919536	1	Gorilla beringei graueri	2.8128767e-11	3.2940903e-22	1.0760309e-18	1.5988764e-11	1.4776695e-22	1.2953862e-17	2.7106793e-22	1.1807613e-06	3.3910826e-06	0.9999913	3.506289e-06	6.4996414e-07	2.0805694e-11	6.3447395e-16	0.0	3.6938262e-19	4.0279424e-20	4.7683505e-18	6.998073e-17	1.3350688e-16	4.3942394e-18	3.0011907e-12	1.1976978e-19	1.4780147e-14
ERR7919537	1	Gorilla gorilla gorilla	0.00015785969	1.2491606e-06	1.0570627e-05	0.0003148792	2.171765e-06	9.104071e-06	4.244157e-07	0.015737204	0.027010841	0.7271395	0.07916075	0.14938197	0.0003005106	2.7669683e-05	0.0	1.9183999e-05	7.687101e-06	0.000119029246	1.3135392e-05	3.4517187e-05	8.747551e-06	0.000105013634	0.00042094506	1.705887e-05
ERR7919538	1	Gorilla beringei graueri	5.949431e-07	9.870634e-11	3.816646e-08	3.7117036e-06	2.933397e-12	0.0016546376	3.1291555e-07	0.00092127646	0.14819413	0.018465132	0.004405156	0.82522535	0.00017065254	0.0008361523	0.0	6.2649983e-09	5.090713e-09	2.3017908e-08	2.945411e-05	6.4642486e-06	1.1289509e-06	7.466788e-05	8.7206736e-08	1.10343e-05
ERR7919539	1	Gorilla beringei graueri	7.757258e-05	1.4330724e-05	0.014760487	0.0021859235	7.400453e-05	0.03097314	2.3863913e-07	0.011458678	0.006158856	0.5982099	0.013179868	0.0006676898	0.000334617	0.007570914	0.0	6.644638e-05	2.5319503e-05	0.00035334265	0.00013662303	0.0003056574	0.00013683642	0.0021049138	0.019067174	0.29213744
ERR7919540	1	Gorilla gorilla gorilla	0.0035758053	0.0030966748	0.0027480235	0.005356324	0.25144845	0.0029240206	0.0036467107	0.0038497644	0.0037495615	0.0036282055	0.0036953622	0.6331371	0.0031066895	0.0033973071	0.0	0.0038584126	0.0038495352	0.0038320057	0.003676765	0.0036710252	0.0038634602	0.0049721817	0.012753473	0.032163166
ERR7919541	1	Gorilla beringei graueri	8.477916e-06	1.950001e-06	0.0031717352	3.0003104e-05	1.4399391e-09	2.152242e-06	1.3578745e-09	0.009717669	0.012359278	0.9697739	0.00028783127	1.8526007e-05	1.0526837e-05	0.00025307914	0.0	2.38182e-08	8.259807e-09	1.0078481e-07	8.331208e-07	2.4052579e-06	4.285663e-07	0.0024671003	1.3399102e-07	0.0018938717
ERR7919542	1	Gorilla beringei graueri	5.0003465e-12	5.9227735e-19	9.35543e-17	1.5022282e-10	1.2920618e-18	2.3049138e-13	4.2629792e-17	1.1484434e-05	0.021125712	4.2241474e-05	0.9788193	1.2794548e-06	8.0944765e-11	4.4313575e-15	0.0	3.9650677e-10	1.9128965e-10	3.3329361e-10	6.6960657e-15	2.4624963e-10	3.720496e-16	2.6119351e-11	3.8540368e-15	9.8931354e-14
ERR7919543	1	Gorilla beringei graueri	1.8429999e-07	1.4795756e-14	9.864851e-12	3.751184e-07	3.2974112e-15	5.893353e-12	3.5033948e-15	6.786699e-05	0.008249295	0.99059516	0.00018857731	0.00089693686	1.6533924e-08	2.4510058e-09	0.0	6.2850354e-12	4.360969e-13	3.25776e-11	5.3780336e-10	2.0977364e-09	3.1246603e-11	1.6011097e-06	5.84566e-12	2.364068e-09
ERR7919544	1	Gorilla beringei graueri	4.409747e-09	1.2551645e-16	1.2277888e-14	5.1513854e-10	6.293342e-18	4.2798035e-12	3.0712498e-15	0.014065446	0.0012179187	0.984436	0.00027779417	5.131398e-13	9.6405574e-12	9.152543e-13	0.0	5.078752e-16	1.9213962e-16	5.0385145e-15	1.9086742e-14	1.2510689e-14	3.6621287e-15	2.8665431e-06	8.8480614e-14	1.9824006e-12
ERR7919545	1	Gorilla gorilla gorilla	0.0036114997	0.0030663207	0.0027094802	0.005429592	0.2504877	0.0029700233	0.003630652	0.0039540343	0.0038436304	0.0037081093	0.0037558612	0.634582	0.0030784528	0.0033869364	0.0	0.003823547	0.0038151399	0.0038054222	0.0036423253	0.0036294938	0.0038307447	0.0049316706	0.01248684	0.03182056
ERR7919546	1	Gorilla beringei beringei	0.0035854194	0.0030735712	0.0027297225	0.0053441324	0.24918708	0.0029066869	0.0036115511	0.003894987	0.0037733507	0.0036742778	0.0036853442	0.63603157	0.0030905637	0.003369266	0.0	0.0038478144	0.0038400893	0.0038350443	0.0036539892	0.0036436326	0.0038504824	0.005034219	0.012759195	0.031578
ERR7919547	1	Gorilla gorilla gorilla	1.1778601e-09	2.7742597e-20	3.9985818e-17	1.9123687e-09	8.295174e-24	1.1681123e-16	5.1863717e-20	2.3444776e-05	8.196055e-05	0.9998668	2.7006497e-05	8.188118e-07	2.1331665e-09	4.2265037e-14	0.0	2.1631992e-19	7.6082754e-20	5.691564e-18	1.6906246e-15	5.92258e-15	2.823599e-17	8.527193e-11	2.1329902e-19	1.8635932e-13
ERR7919548	1	Gorilla gorilla gorilla	1.5994162e-16	5.364782e-20	9.9198226e-20	0.0011451686	5.825933e-18	1.1580905e-19	4.3835997e-20	1.0523078e-16	4.6010936e-16	5.160876e-19	3.4062133e-18	5.0547497e-21	6.1761866e-18	1.4659133e-19	0.0	2.0548939e-18	7.886747e-18	9.807253e-19	7.2237817e-19	4.650196e-17	2.5458463e-19	4.5300328e-17	1.4034428e-20	0.9988548
ERR7919641	1	Gorilla beringei graueri	6.4432946e-08	1.7249814e-17	1.8417217e-15	2.317588e-08	5.082718e-18	1.5654059e-17	3.8941004e-18	9.203197e-07	4.5756016e-07	0.9999723	2.5331881e-05	9.3577665e-07	1.4861151e-10	9.132402e-16	0.0	7.4881884e-16	1.1380588e-16	1.22055195e-14	1.1389668e-15	5.87544e-15	1.1814052e-16	3.2998204e-09	7.372354e-16	6.362197e-15
ERR7919642	1	Gorilla beringei graueri	5.9763344e-08	1.2916835e-17	3.6716763e-16	5.850585e-08	4.1615713e-18	1.2476008e-17	5.0242036e-18	9.596521e-07	3.8488088e-07	0.9999744	2.331786e-05	7.9533964e-07	1.8510017e-10	9.519425e-16	0.0	6.218064e-16	1.037688e-16	1.2644979e-14	8.542778e-16	7.23563e-15	1.1623927e-16	1.5092148e-08	5.4942893e-16	4.1256446e-15
ERR7919643	1	Gorilla gorilla gorilla	0.0033039565	0.0027595328	0.002472482	0.004758606	0.21607772	0.0028580402	0.0032572371	0.003445194	0.0034524314	0.0034522612	0.0035266033	0.6805883	0.0030782965	0.00307928	0.0	0.0035001093	0.0034725936	0.003461359	0.0033083085	0.0032509856	0.0034600885	0.0043508834	0.011034822	0.02805092
ERR7919644	1	Gorilla beringei beringei	0.0036499647	0.0033837664	0.0027976711	0.0063307825	0.2386562	0.0027164908	0.0036898104	0.0039245626	0.0039178217	0.0038127436	0.0038819844	0.63580155	0.0031919498	0.003459043	0.0	0.0039150696	0.0038915817	0.0039391047	0.0037394904	0.0038897025	0.003979681	0.0047230213	0.0147368945	0.037971128
ERR7919645	1	Gorilla gorilla gorilla	1.2368346e-09	1.516698e-20	2.3167362e-16	3.31192e-10	1.3307784e-23	3.3804225e-16	1.9936137e-19	2.0827883e-05	7.919042e-05	0.99987197	2.5474024e-05	2.5406366e-06	3.1827874e-10	2.3662828e-14	0.0	1.7252404e-19	6.8664734e-20	5.127954e-18	2.053829e-15	4.683337e-15	2.2383878e-17	1.8474427e-11	4.2960147e-19	5.7611386e-14
ERR7919646	1	Gorilla gorilla gorilla	6.407114e-17	2.0123795e-20	4.759355e-20	0.0008865065	3.5825325e-18	1.0423643e-19	6.994126e-21	5.870607e-17	2.5311264e-16	2.3872536e-19	1.8104444e-18	3.3384967e-22	3.712251e-18	5.6199627e-20	0.0	1.458822e-18	4.141258e-18	5.1220606e-19	3.3157232e-19	2.3522798e-17	1.1093993e-19	1.7199287e-17	1.0516801e-20	0.9991135
SRR13355784	1	Homo sapiens	4.2275795e-18	2.2498997e-22	1.5012663e-22	9.162658e-14	7.356258e-18	3.1939385e-22	8.269208e-22	8.4281405e-15	1.4928776e-18	7.152019e-20	1.9515062e-12	0.99961096	5.2435153e-12	1.0246944e-22	0.0	1.4188369e-10	1.3880936e-20	1.4690913e-08	2.6641696e-13	0.0003890148	1.12888214e-11	1.23195284e-17	4.081768e-22	5.199655e-18
SRR13355785	1	Homo sapiens	5.767916e-19	1.1852788e-20	8.28425e-21	1.2892032e-12	2.588173e-18	1.297477e-20	2.2193408e-20	2.5946514e-15	1.060291e-12	1.7075299e-18	6.3943313e-09	0.99999005	2.880998e-14	3.7216253e-21	0.0	2.6524153e-06	9.137131e-14	3.557393e-06	1.6037414e-15	3.737109e-06	1.7431462e-15	2.0432426e-18	2.1904187e-20	1.1704964e-18
SRR13355786	1	Homo sapiens	0.0010330547	1.2284021e-06	1.5006617e-06	0.03200118	0.004853617	2.0411542e-06	2.5127845e-06	0.025164714	0.0013804234	1.37860725e-05	0.011859709	0.7663537	0.000121154255	2.5634163e-06	0.0	0.005479591	5.6740944e-05	0.0032140703	4.7397916e-05	0.013531936	4.1103784e-05	8.9481284e-05	5.4843317e-06	0.134743
SRR13355787	1	Homo sapiens	6.145355e-13	9.725904e-15	8.142529e-15	2.7291453e-08	1.5439485e-12	1.134228e-14	1.9883719e-14	2.8109565e-10	2.2796437e-08	9.993285e-13	4.745585e-05	0.99954724	6.5361405e-10	5.004046e-15	0.0	0.00016608514	8.24176e-11	4.1681e-06	6.194098e-11	0.00023497434	3.154033e-11	1.7783306e-12	2.8854018e-14	3.7814482e-12
SRR13355789	1	Homo sapiens	6.402862e-17	5.2269704e-18	4.2983667e-18	1.6997259e-12	9.259042e-16	5.5070794e-18	8.361648e-18	1.906273e-14	6.173874e-14	4.0808635e-17	1.3218451e-10	0.9998867	6.773382e-12	1.4702908e-18	0.0	1.1500544e-07	2.3922353e-15	7.038045e-05	3.0944485e-13	4.283591e-05	1.131442e-11	1.3147267e-16	1.08357095e-17	4.4573367e-16
SRR13355790	1	Homo sapiens	1.0721348e-05	9.5021096e-07	1.0893268e-06	0.00025260157	0.0001320543	1.2870104e-06	1.4969565e-06	5.1852105e-05	0.00059190195	8.007217e-06	0.0016925596	0.99557024	1.0511354e-05	1.2890146e-06	0.0	0.00112132	4.38465e-05	0.00015274274	5.079319e-06	0.00026212787	2.033069e-06	1.0673424e-05	3.836158e-06	7.1771996e-05
SRR13355791	1	Homo sapiens	4e-45	0.0	0.0	1.0927811e-34	0.0	0.0	0.0	6.91713e-40	5.2179307e-32	1.78e-43	9.231662e-22	1.0	2.0321974e-26	0.0	0.0	2.8300432e-23	6.944684e-36	1.9499847e-24	8.23435e-40	6.237211e-20	1.08e-43	3e-45	0.0	0.0
SRR13355792	1	Homo sapiens	0.009280487	0.00013916667	0.00023649842	0.043417532	0.088709824	0.00023407808	0.0002751928	0.0047489363	0.0022681302	0.0007101063	0.0021078987	0.5922731	0.00041559493	0.00025743328	0.0	0.0017642529	0.00084901054	0.00101334	0.00073529803	0.003086447	0.0004748333	0.0014901498	0.00066342345	0.24484926
SRR13355794	1	Homo sapiens	8.4526575e-10	4.3815323e-11	4.0107417e-11	8.1270116e-08	3.1331715e-09	5.07225e-11	7.2552526e-11	6.175652e-09	4.4046677e-09	7.687366e-10	4.0478458e-08	0.9993961	1.6486657e-08	3.987063e-11	0.0	1.4525107e-06	3.5474617e-08	0.0006019094	3.3945277e-08	3.3101753e-07	1.5793077e-09	2.666027e-09	1.532238e-10	8.258287e-10
SRR13355796	1	Homo sapiens	0.0	0.0	0.0	7.897282e-39	0.0	0.0	0.0	3e-45	5.726122e-33	0.0	3.3997752e-22	1.0	2.5678144e-29	0.0	0.0	1.3665726e-31	8e-44	1.1512876e-32	0.0	1.4131757e-21	0.0	0.0	0.0	0.0
SRR13355797	1	Homo sapiens	0.0	0.0	0.0	0.0	0.0	0.0	0.0	0.0	0.0	0.0	5e-44	1.0	3.6707e-41	0.0	0.0	1.354774e-39	0.0	5.6034388e-34	0.0	1.4821328e-22	0.0	0.0	0.0	0.0
SRR13355798	1	Homo sapiens	0.0	0.0	0.0	0.0	0.0	0.0	0.0	0.0	0.0	0.0	6e-45	1.0	0.0	0.0	0.0	0.0	0.0	3.009e-42	0.0	1.7945829e-20	0.0	0.0	0.0	0.0
SRR13355799	1	Homo sapiens	0.0	0.0	0.0	0.0	0.0	0.0	0.0	0.0	0.0	0.0	1.9616145e-28	1.0	6.697334e-35	0.0	0.0	1.487237e-33	0.0	5.5736394e-36	0.0	3.802397e-15	0.0	0.0	0.0	0.0
SRR13355800	1	Homo sapiens	2.8936813e-38	0.0	0.0	1.0602007e-24	0.0	0.0	0.0	5.8851262e-30	2.7581843e-24	5.7683173e-38	1.5174082e-18	1.0	1.0188848e-27	0.0	0.0	2.7432763e-28	1.3638705e-35	4.2428214e-27	7e-45	5.581508e-21	0.0	2e-44	0.0	1.6441e-41
SRR13355801	1	Homo sapiens	0.0	0.0	0.0	2.59131e-39	0.0	0.0	0.0	0.0	0.0	0.0	1.7001562e-30	1.0	3.1526592e-31	0.0	0.0	7.6287125e-28	0.0	1.09951796e-23	0.0	6.2723104e-10	0.0	0.0	0.0	0.0
SRR13355802	1	Homo sapiens	8.486709e-09	3.1251193e-11	2.9161524e-11	2.1750766e-06	1.3809644e-08	3.2209277e-11	7.274919e-11	2.2869116e-07	2.5094114e-06	4.536095e-09	5.4710268e-05	0.9998564	1.8006565e-07	4.0036915e-11	0.0	3.9043818e-05	1.4895751e-07	3.7341793e-05	1.0105449e-08	7.1429613e-06	4.8244925e-10	1.1933395e-08	1.1359875e-10	4.2280885e-08
SRR13355803	1	Homo sapiens	1.9416287e-08	6.941914e-10	5.045752e-10	7.643229e-07	1.4397898e-05	7.43583e-10	1.3543909e-09	4.0591035e-06	1.0635932e-08	9.46685e-09	6.887347e-06	0.9978772	3.2725316e-07	1.1896119e-09	0.0	3.493896e-05	2.733732e-09	4.8781887e-05	1.0302318e-06	0.0020065696	4.0299055e-06	7.081312e-08	2.5734725e-09	9.2768664e-07
SRR13355804	1	Homo sapiens	9.659072e-05	4.120996e-06	4.1344038e-06	0.0007975053	0.0004734568	5.2296436e-06	6.532145e-06	0.000322434	0.00064524787	3.814429e-05	0.000934143	0.9928058	0.00019345092	5.1367156e-06	0.0	0.0008309333	5.5852222e-05	0.00055552094	5.4265125e-05	0.00056926423	2.9828483e-05	6.745138e-05	1.6388309e-05	0.0014886096
SRR13355805	1	Homo sapiens	1.1204264e-11	1.1558693e-12	9.988087e-13	7.2831643e-09	1.3060376e-10	1.3738152e-12	2.0169743e-12	3.0499123e-10	2.494935e-10	7.837967e-12	1.7759763e-08	0.99856955	8.377379e-10	8.505748e-13	0.0	2.3807609e-06	2.1954291e-10	0.0014222882	1.812638e-09	5.7266993e-06	4.5671436e-09	3.687998e-11	3.4427196e-12	3.2581576e-11
SRR13355806	1	Homo sapiens	1.4311475e-16	1.0691481e-17	8.242538e-18	2.5809948e-11	1.8367628e-15	1.1757921e-17	1.9097852e-17	8.3355645e-14	1.0173831e-13	9.982167e-17	7.00449e-10	0.9110066	5.480475e-13	3.1472218e-18	0.0	2.1684918e-06	1.0766048e-14	0.08865614	8.5941985e-13	0.00033506338	2.3455838e-11	6.367266e-16	1.9133043e-17	1.633753e-15
SRR13355807	1	Homo sapiens	4.1486706e-13	1.3437255e-13	1.1518514e-13	1.589198e-08	1.9848546e-11	1.3861395e-13	2.0015521e-13	1.559701e-10	5.6775815e-09	5.536408e-13	4.3417767e-06	0.9896569	3.1126876e-10	4.995532e-14	0.0	0.00036527193	5.2732006e-11	0.001038916	1.7824285e-10	0.008934489	7.231821e-09	7.7046925e-13	3.3109951e-13	7.1436464e-12
SRR13355808	1	Homo sapiens	6.8090665e-11	4.532081e-11	4.0154356e-11	4.7685724e-08	4.6779967e-09	4.447536e-11	6.011798e-11	7.8041035e-10	4.5935866e-11	2.989021e-11	1.0958716e-10	0.93240017	3.47127e-11	3.265869e-11	0.0	1.6946979e-07	2.678866e-09	0.06759937	5.983887e-09	2.3425751e-07	1.551461e-09	1.3175674e-10	9.4572655e-11	5.2152e-10
SRR13355809	1	Homo sapiens	0.0039448002	0.00031137286	0.00022488752	0.01436331	0.2112465	0.00033841399	0.00042991224	0.061786264	0.004776387	0.00075586134	0.0032966628	0.43238944	0.0010895162	0.0007365663	0.0	0.0027907838	0.00090917613	0.017374301	0.0010461239	0.004843585	0.00087411	0.003407076	0.0013263237	0.23173861
SRR13355810	1	Homo sapiens	0.00013942504	0.00010244959	9.5177864e-05	0.001134589	0.011794932	9.901478e-05	0.00012595775	0.00037822616	0.0006691938	0.00016465691	0.0011210756	0.9736032	0.00037975356	0.00010229879	0.0	0.0027075708	0.00030841565	0.0015348273	0.00029868283	0.002146959	0.00029558165	0.00024559308	0.00040022904	0.0021521787
SRR13355811	1	Homo sapiens	5.7629216e-13	2.5237909e-14	2.4978839e-14	3.0333027e-08	2.605945e-12	2.7846176e-14	4.403847e-14	2.968168e-10	2.1849691e-07	1.2322322e-12	2.99634e-05	0.9998885	2.5567443e-10	1.5026834e-14	0.0	6.019427e-05	4.654715e-10	1.9742974e-07	1.1050027e-11	2.092945e-05	2.689742e-12	1.2166676e-12	7.9683696e-14	7.063876e-12
SRR13355812	1	Homo sapiens	2.2149003e-09	9.894779e-10	8.296234e-10	8.337047e-07	2.7678965e-07	1.0123673e-09	1.4226174e-09	3.9747142e-08	5.445421e-09	1.0931093e-09	5.7214135e-07	0.99192375	4.1254222e-07	4.6516468e-10	0.0	3.903191e-05	5.8998e-10	0.0026351076	7.7285966e-07	0.005389031	1.014759e-05	2.453349e-09	2.6310194e-09	3.2725108e-08
SRR13355813	1	Homo sapiens	6.2730983e-21	2.3965248e-22	2.0591283e-22	1.9801898e-15	6.4158914e-20	2.598081e-22	3.9937622e-22	1.5439234e-19	2.759645e-16	5.3898285e-21	2.9564808e-18	1.0	3.1458112e-17	2.0015311e-22	0.0	3.5981404e-14	3.8869431e-16	4.161575e-11	3.3533682e-20	6.8316913e-16	6.6691957e-22	9.830683e-21	3.848504e-22	6.0167785e-21
SRR23699551	1	Homo sapiens	0.0	0.0	0.0	2.5327337e-34	0.0	0.0	0.0	2.13e-43	2.8191316e-34	0.0	3.0383248e-29	1.0	3.0177287e-23	0.0	0.0	8.3041013e-35	5.208756e-38	1.4618969e-28	0.0	3.363571e-19	0.0	0.0	0.0	0.0
SRR23699552	1	Homo sapiens	8.03e-43	0.0	0.0	1.4565884e-28	0.0	0.0	0.0	1.404515e-35	3.4773166e-21	1.458826e-39	2.9052654e-20	1.0	4.9330884e-20	0.0	0.0	1.247212e-25	1.8765587e-27	4.5064127e-22	0.0	6.657612e-24	0.0	3e-45	0.0	7e-45
SRR23699553	1	Homo sapiens	0.0	0.0	0.0	0.0	0.0	0.0	0.0	0.0	0.0	0.0	1.55328e-40	1.0	1.7783071e-34	0.0	0.0	5.611544e-36	0.0	1.5293712e-32	0.0	2.9091867e-19	0.0	0.0	0.0	0.0
SRR23699554	1	Homo sapiens	0.0	0.0	0.0	0.0	0.0	0.0	0.0	0.0	0.0	0.0	0.0	1.0	3.83e-43	0.0	0.0	0.0	0.0	0.0	0.0	8.954084e-33	0.0	0.0	0.0	0.0
SRR23699555	1	Homo sapiens	0.0	0.0	0.0	0.0	0.0	0.0	0.0	0.0	0.0	0.0	3.6581e-41	1.0	1.0641072e-26	0.0	0.0	3e-45	0.0	2.4979165e-38	0.0	7.287347e-27	0.0	0.0	0.0	0.0
SRR23699556	1	Homo sapiens	0.0	0.0	0.0	0.0	0.0	0.0	0.0	0.0	0.0	0.0	2.4e-44	1.0	1.3296217e-35	0.0	0.0	1e-45	0.0	2.693902e-39	0.0	7.176781e-25	0.0	0.0	0.0	0.0
SRR23699557	1	Homo sapiens	1.53e-43	0.0	0.0	2.3639686e-30	0.0	0.0	0.0	1.0219476e-37	1.0405216e-30	4e-45	1.2921414e-26	1.0	4.018708e-21	0.0	0.0	7.190202e-32	1.2607723e-33	2.3150156e-26	0.0	6.947556e-18	0.0	0.0	0.0	4.6e-44
SRR23699558	1	Homo sapiens	3.2783148e-34	4.77012e-40	1.1493e-40	3.8133764e-26	8.784875e-39	6.9984e-41	2.47063e-40	7.5118424e-31	2.0350044e-29	1.5679857e-33	4.4409647e-21	1.0	4.3155548e-17	1.1961e-41	0.0	2.005274e-20	1.9106503e-31	1.1517843e-18	2.6856104e-28	1.2125544e-10	9.895996e-29	3.5280938e-36	7.212e-41	2.7755389e-37
SRR23699559	1	Homo sapiens	0.0	0.0	0.0	0.0	0.0	0.0	0.0	0.0	0.0	0.0	0.0	1.0	0.0	0.0	0.0	0.0	0.0	0.0	0.0	3.5818927e-29	0.0	0.0	0.0	0.0
SRR23699560	1	Homo sapiens	0.0	0.0	0.0	0.0	0.0	0.0	0.0	0.0	0.0	0.0	0.0	1.0	1e-45	0.0	0.0	0.0	0.0	0.0	0.0	2.1968206e-24	0.0	0.0	0.0	0.0
SRR23699561	1	Homo sapiens	0.0	0.0	0.0	0.0	0.0	0.0	0.0	0.0	0.0	0.0	0.0	1.0	0.0	0.0	0.0	0.0	0.0	0.0	0.0	2.29091e-23	0.0	0.0	0.0	0.0
SRR23699562	1	Homo sapiens	0.0	0.0	0.0	0.0	0.0	0.0	0.0	0.0	0.0	0.0	0.0	1.0	1.11e-43	0.0	0.0	0.0	0.0	2.97e-43	0.0	3.883369e-21	0.0	0.0	0.0	0.0
SRR23699563	1	Homo sapiens	0.0	0.0	0.0	0.0	0.0	0.0	0.0	0.0	0.0	0.0	0.0	1.0	1.1429314e-38	0.0	0.0	0.0	9.4e-44	9.887678e-37	0.0	1.6349445e-38	0.0	0.0	0.0	0.0
SRR23699564	1	Homo sapiens	2.1505842e-21	1.5053355e-23	1.7090731e-23	3.2848225e-13	1.1562122e-24	2.2928622e-25	7.105485e-25	2.3981759e-18	2.252811e-12	1.8895223e-19	2.0806985e-09	0.9999903	7.997337e-09	8.810462e-24	0.0	1.782379e-12	2.9005845e-15	2.3614316e-14	2.7992043e-19	9.691947e-06	1.3476423e-23	6.8868913e-25	1.5799175e-26	2.786573e-20
SRR23699565	1	Homo sapiens	0.0	0.0	0.0	0.0	0.0	0.0	0.0	0.0	0.0	0.0	2.06827e-40	1.0	5.04872e-40	0.0	0.0	0.0	0.0	5.56e-42	0.0	2.113364e-27	0.0	0.0	0.0	0.0
SRR23699566	1	Homo sapiens	0.0	0.0	0.0	0.0	0.0	0.0	0.0	0.0	0.0	0.0	0.0	1.0	0.0	0.0	0.0	0.0	0.0	0.0	0.0	2.6037474e-30	0.0	0.0	0.0	0.0
SRR23699567	1	Homo sapiens	0.0	0.0	0.0	0.0	0.0	0.0	0.0	0.0	0.0	0.0	4e-45	1.0	1.5e-44	0.0	0.0	0.0	0.0	0.0	0.0	3.3239266e-31	0.0	0.0	0.0	0.0
SRR23699568	1	Homo sapiens	0.0	0.0	0.0	0.0	0.0	0.0	0.0	0.0	0.0	0.0	0.0	1.0	0.0	0.0	0.0	0.0	0.0	0.0	0.0	2.2896532e-29	0.0	0.0	0.0	0.0
SRR23699569	1	Homo sapiens	0.0	0.0	0.0	0.0	0.0	0.0	0.0	0.0	0.0	0.0	0.0	1.0	0.0	0.0	0.0	0.0	0.0	0.0	0.0	3.2628207e-25	0.0	0.0	0.0	0.0
SRR23699570	1	Homo sapiens	0.0	0.0	0.0	0.0	0.0	0.0	0.0	0.0	0.0	0.0	0.0	1.0	0.0	0.0	0.0	0.0	0.0	0.0	0.0	5.1239383e-24	0.0	0.0	0.0	0.0
SRR23699571	1	Homo sapiens	0.0	0.0	0.0	0.0	0.0	0.0	0.0	0.0	0.0	0.0	0.0	1.0	0.0	0.0	0.0	0.0	0.0	0.0	0.0	4.1498e-27	0.0	0.0	0.0	0.0
SRR23699572	1	Homo sapiens	0.0	0.0	0.0	0.0	0.0	0.0	0.0	0.0	0.0	0.0	0.0	1.0	0.0	0.0	0.0	0.0	0.0	0.0	0.0	3.236273e-28	0.0	0.0	0.0	0.0
SRR23699573	1	Homo sapiens	0.0	0.0	0.0	0.0	0.0	0.0	0.0	0.0	0.0	0.0	0.0	1.0	1.3e-44	0.0	0.0	0.0	0.0	0.0	0.0	2.0041653e-29	0.0	0.0	0.0	0.0
SRR23699574	1	Homo sapiens	0.0	0.0	0.0	2.7686513e-29	0.0	0.0	0.0	1.9787891e-36	1.8353767e-23	7.3e-44	1.2502837e-08	1.0	8.518389e-21	0.0	0.0	2.3439654e-26	1.4327229e-29	4.0545725e-34	0.0	4.2368027e-16	0.0	0.0	0.0	0.0
SRR23699575	1	Homo sapiens	0.0	0.0	0.0	0.0	0.0	0.0	0.0	0.0	0.0	0.0	0.0	1.0	0.0	0.0	0.0	0.0	0.0	0.0	0.0	1.5785442e-25	0.0	0.0	0.0	0.0
SRR23699576	1	Homo sapiens	0.0	0.0	0.0	0.0	0.0	0.0	0.0	0.0	0.0	0.0	0.0	1.0	0.0	0.0	0.0	0.0	0.0	0.0	0.0	8.98461e-29	0.0	0.0	0.0	0.0
SRR23699577	1	Homo sapiens	0.0	0.0	0.0	0.0	0.0	0.0	0.0	0.0	0.0	0.0	0.0	1.0	2.1e-44	0.0	0.0	0.0	0.0	0.0	0.0	5.912002e-25	0.0	0.0	0.0	0.0
SRR23699578	1	Homo sapiens	0.0	0.0	0.0	0.0	0.0	0.0	0.0	0.0	3.671e-42	0.0	3.0919912e-31	1.0	5.483918e-28	0.0	0.0	4e-45	1.817722e-36	4.893058e-39	0.0	1.2147669e-29	0.0	0.0	0.0	0.0
SRR5297130	1	Homo sapiens	0.0	0.0	0.0	5.75e-43	0.0	0.0	0.0	0.0	1.8e-44	0.0	3.3288626e-33	1.0	1.7766148e-28	0.0	0.0	1.3930864e-37	0.0	2.227984e-30	0.0	4.929492e-22	0.0	0.0	0.0	0.0
SRR5297131	1	Homo sapiens	2.1782535e-33	1.430168e-36	5.4549594e-37	6.229547e-23	4.516919e-34	1.8307202e-36	6.329925e-36	2.4645015e-29	3.496969e-23	3.824042e-33	9.359829e-18	0.99999934	9.734306e-16	3.247914e-37	0.0	3.6024197e-15	2.1813609e-23	7.484832e-08	1.2002604e-27	5.7391543e-07	1.0944964e-25	1.5704657e-32	7.075936e-36	2.1286166e-32
SRR5297132	1	Homo sapiens	0.0	0.0	0.0	2.7119458e-38	0.0	0.0	0.0	0.0	2.253373e-37	0.0	1.815923e-30	1.0	5.6845475e-27	0.0	0.0	5.805468e-28	2.2372093e-33	1.9892678e-21	1e-45	9.1111234e-15	0.0	0.0	0.0	0.0
SRR5297133	1	Homo sapiens	3.74e-43	0.0	0.0	5.428016e-28	1e-45	0.0	0.0	2.7164698e-38	1.0932578e-23	2.7362e-41	4.5081136e-22	1.0	1.1904749e-21	0.0	0.0	6.160633e-22	2.5849327e-21	3.3683044e-15	2.95172e-40	9.801792e-16	3.59e-43	1.37e-43	0.0	4.2839e-41
SRR5875714	1	Mammuthus primigenius	0.0018236282	0.000529384	0.016169405	0.02541804	0.031247536	0.0004779703	0.00031010836	0.0021482755	0.014707613	0.0047746412	0.000879354	0.007708427	0.00025004373	0.2014359	0.0	0.0008587155	0.0008172506	0.0010355212	0.007988638	0.11342575	0.0014836219	0.35344824	0.015036822	0.19802514
SRR5875715	1	Mammuthus primigenius	0.00042004237	1.5632624e-05	0.0036754136	0.039003216	0.0047617597	0.0020284976	0.008405463	0.00036586533	0.005708258	0.0020571281	0.00022006825	0.00014295551	0.00010500147	0.05178367	0.0	7.346441e-05	7.482354e-05	9.862969e-05	0.0016014901	0.06798373	0.00022187838	0.5875603	0.00011411433	0.22357862
SRR5875718	1	Mammuthus primigenius	0.0016048409	0.0005240207	0.034208737	0.124599	0.03437773	0.0002916831	8.083805e-05	0.0025233966	0.013453632	0.007812663	0.0010679635	0.006151469	0.0007572276	0.39517865	0.0	0.0008879345	0.00077199517	0.0013473991	0.0088196695	0.091578834	0.0016306188	0.11024031	0.0036594109	0.15843196
SRR5875719	1	Mammuthus primigenius	0.000107695036	6.644132e-05	0.0131651005	0.8037145	0.005399427	0.0001048452	9.675497e-05	5.699954e-05	0.0009915143	0.0014511336	8.3696126e-05	2.1145255e-05	0.00021394077	0.09750962	0.0	1.2227392e-05	9.752577e-06	2.7609056e-05	0.00025756357	0.023343094	5.2382966e-05	0.007026524	1.1571102e-05	0.046276443
SRR5875720	1	Mammuthus primigenius	0.0015439051	0.00030049827	0.017640866	0.05620653	0.021358792	0.00020276355	0.00040391964	0.0020910974	0.013038915	0.0069680815	0.0009823769	0.017638283	0.000515658	0.17311093	0.0	0.000725557	0.00064081716	0.0009693797	0.0085745305	0.11957478	0.0015635325	0.26520428	0.002793432	0.28795108
SRR5875721	1	Mammuthus primigenius	0.0006342003	2.7895048e-05	0.018823013	0.1073258	0.0015403336	0.0025633296	0.00083045685	0.0007996376	0.01163753	0.009233437	0.000849363	0.004504613	0.0008373159	0.21199931	0.0	0.00014498254	0.00011613443	0.0002914638	0.0045535807	0.09952633	0.00063327595	0.37073433	0.0007812991	0.15161237
SRR5875722	1	Mammuthus primigenius	0.0016538753	0.0007868271	0.014679077	0.0047028405	0.1127898	0.000171295	5.6023928e-05	0.0022773372	0.013038204	0.0041926326	0.0011993039	0.00619998	0.0005450053	0.3119401	0.0	0.0010256133	0.00096325483	0.0011727668	0.00630163	0.06785392	0.001469687	0.12021001	0.0018065389	0.32496428
SRR5875723	1	Mammuthus primigenius	0.0002588139	3.423484e-05	0.0042025503	0.014893005	0.004035767	2.6370439e-05	1.7456696e-05	0.00025923326	0.0040584663	0.0015847705	0.00021480833	0.0019781627	0.00010837246	0.07104488	0.0	4.7360085e-05	4.197487e-05	5.9650098e-05	0.0011692597	0.049306188	0.00014019806	0.050949372	1.2394659e-05	0.7955567
SRR5875724	1	Mammuthus primigenius	0.005191791	0.003352202	0.0050737066	0.010210326	0.38228285	0.07448282	0.014985785	0.0060418095	0.00991259	0.018739752	0.010075112	0.08338839	0.0016939007	0.011618925	0.0	0.003999912	0.0037333067	0.004105713	0.0039698076	0.00597794	0.00448219	0.014259912	0.0128844455	0.3095368
SRR5875725	1	Mammuthus primigenius	9.364727e-05	9.278447e-06	0.0001708389	0.0018652572	0.00045700325	0.60227853	0.34914166	0.00010698631	0.00040721105	0.0010809855	0.00038965966	0.000119480814	4.0276667e-05	0.00042955202	0.0	2.6083513e-05	2.2882998e-05	3.2155895e-05	8.2551975e-05	0.00020394601	8.1672006e-05	0.008649132	3.0516218e-05	0.03428067
SRR5875726	1	Mammuthus primigenius	0.0010517703	0.0002125344	0.016217614	0.008208862	0.018669175	0.00014620999	3.734058e-05	0.0016331023	0.010652051	0.004733061	0.000619861	0.22884306	0.00034670328	0.31584826	0.0	0.000506778	0.0004550441	0.0006293098	0.006995096	0.08796045	0.0012365592	0.16548806	0.00021355046	0.12929554
SRR5875727	1	Mammuthus primigenius	1.60695e-05	1.7931953e-07	0.00025496562	0.0012851601	1.1855539e-05	1.1372336e-05	4.918831e-07	3.102874e-05	0.0013581958	0.0002982496	2.510521e-05	0.9215079	2.9093822e-05	0.032785513	0.0	1.7894458e-06	1.4888383e-06	2.4740484e-06	0.00092688814	0.031193508	3.7132555e-05	0.0013585739	2.3380308e-07	0.008862746
SRR5875728	1	Mammuthus primigenius	0.00018405833	6.072345e-05	0.0019626357	0.0012515315	0.007921428	0.002149421	0.0026684331	0.00031101436	0.0027069063	0.00060844875	0.00015873135	0.002460423	2.0127085e-05	0.020975832	0.0	0.000104702	0.00011172017	0.00012777412	0.0009501309	0.010399688	0.00020503036	0.929433	3.222506e-05	0.015196007
SRR5875729	1	Mammuthus primigenius	0.00013358069	3.670588e-06	0.0023002115	0.032393895	0.00074477	0.05984376	0.025263721	0.00016033495	0.0042665177	0.001584348	0.00022751487	0.00017567535	4.8761773e-05	0.015408314	0.0	2.174795e-05	2.165846e-05	3.76985e-05	0.0009805235	0.039672535	0.00012007787	0.7611705	8.313854e-06	0.055411845
SRR5875730	1	Mammuthus primigenius	0.0008528535	0.00022508838	0.004550049	0.008567328	0.7816019	0.00017830516	4.6419336e-05	0.0010394701	0.0038529073	0.0026134886	0.0005722941	0.036581084	0.00019287804	0.04784612	0.0	0.00057292084	0.0005113166	0.0006362578	0.0028444203	0.013248607	0.00078702276	0.06609914	0.00075201876	0.025828086
SRR5875731	1	Mammuthus primigenius	0.0004544023	2.4962865e-05	0.009559701	0.0799798	0.36856258	0.00018854668	3.9473616e-05	0.0005224705	0.006840458	0.003979325	0.0004044799	0.015888494	0.00015083351	0.13873015	0.0	0.00011111276	9.383889e-05	0.0001617253	0.0023332501	0.14515686	0.0004167751	0.092376105	0.000100587065	0.13392405
SRR8731955	1	Homo sapiens	0.0003222408	0.00069584814	0.33159977	0.13702598	0.0087517705	0.005401228	1.0181107e-06	0.003352906	0.0015349088	0.31813228	0.0020398863	0.005904545	0.0010480155	0.050483983	0.0	7.3563686e-05	2.8831038e-05	0.0005644362	0.00039061555	0.0049381824	0.00015783396	0.0008918663	0.009027412	0.11763288
SRR8731957	1	Homo sapiens	2.0748308e-05	0.0007706285	0.82300997	0.055894833	2.990567e-05	1.4889104e-06	5.2696594e-09	9.050247e-05	2.2707378e-05	0.031116026	4.038663e-05	8.360581e-05	1.3541723e-05	0.0058756727	0.0	2.461897e-07	5.1727348e-08	1.9299453e-06	1.6778603e-06	3.876805e-05	3.3906372e-07	0.07011345	1.7545271e-07	0.012873363
SRR8731958	1	Homo sapiens	0.0007906511	0.00055488804	0.048509363	0.06663046	0.00726736	0.008575801	6.0051193e-06	0.007607545	0.004382487	0.2466034	0.005679037	0.040528737	0.0021990505	0.024806425	0.0	0.00041169825	0.00018388632	0.0026812872	0.0015738549	0.0071933796	0.0006800397	0.005545084	0.4122755	0.10531405
ERR11660399	2	Homo sapiens	3.5124562e-14	4.2432142e-20	0.0	0.0	1.17960576e-20	5.9451516e-22	2.903905e-21	1.1794794e-12	6.3245786e-15	3.2962702e-15	1.5784853e-13	0.9999896	2.3346869e-09	1.3425158e-23	3.3725498e-18	6.7075887e-11	1.1891485e-13	1.08177004e-13	1.6879614e-13	8.301204e-09	1.0350786e-05	1.96318e-18	5.835991e-21	4.5832078e-20
ERR11660400	2	Homo sapiens	9.222048e-15	1.3348598e-20	0.0	0.0	2.5689332e-21	2.1783668e-22	8.652222e-22	3.1175507e-13	1.3493638e-15	2.340886e-15	8.8935566e-14	0.99999714	4.5655693e-10	6.0550364e-24	1.0798365e-18	1.562317e-11	4.3794375e-14	4.8364528e-14	5.0735312e-14	3.831507e-09	2.831069e-06	8.299123e-19	1.3866989e-21	6.1045235e-21
ERR11660401	2	Homo sapiens	1.9413204e-05	5.8728458e-09	0.0	0.0	1.1703525e-07	1.3624678e-09	2.9284066e-09	4.3230935e-05	0.0024977655	0.00023697964	0.98873204	0.008304249	1.2544785e-05	8.49951e-10	6.4886063e-07	3.1413238e-06	9.1124133e-07	4.949758e-07	1.7076114e-06	5.6344566e-06	0.00014040756	1.0214853e-07	2.802932e-08	5.530808e-07
ERR11660402	2	Homo sapiens	5.827836e-15	6.3350714e-21	0.0	0.0	9.801215e-22	8.180454e-23	5.322551e-22	2.4116904e-13	1.755238e-16	1.3643365e-15	3.4705227e-14	0.99999696	6.3301425e-10	1.7397385e-24	7.629105e-19	1.478758e-11	3.371528e-14	3.700253e-14	3.7529333e-14	3.244502e-09	3.0384426e-06	2.9458148e-19	6.772406e-22	4.1619843e-21
ERR11660403	2	Homo sapiens	1.9434347e-15	2.0957128e-21	0.0	0.0	4.526424e-22	2.5375475e-23	1.461278e-22	8.8511846e-14	4.068351e-17	3.4242146e-16	1.3594595e-14	0.9999991	1.3035308e-10	6.9016573e-25	3.598105e-19	4.9603173e-12	1.0385893e-14	1.5159615e-14	1.2757144e-14	7.9955315e-10	8.9641526e-07	6.778422e-20	2.2712555e-22	5.8386526e-22
ERR11660404	2	Homo sapiens	5.2309665e-06	1.6918076e-09	0.0	0.0	4.639013e-08	2.9349703e-10	9.930615e-10	1.145072e-05	0.00010324194	6.869174e-05	0.9797721	0.019987071	3.8662192e-06	2.154538e-10	1.4825329e-07	8.289137e-07	2.710589e-07	1.7107183e-07	5.4669385e-07	1.5810358e-06	4.457954e-05	2.3861336e-08	5.6743508e-09	1.5540071e-07
ERR11660405	2	Homo sapiens	1.2974374e-11	6.656344e-17	0.0	0.0	3.3583877e-17	1.8039564e-18	8.530102e-18	2.7188388e-10	1.7027449e-11	8.724554e-12	6.2837335e-10	0.9998519	1.5379111e-08	8.712795e-20	6.198642e-15	3.1687795e-09	1.26928945e-11	9.679136e-12	2.623525e-11	9.651345e-08	0.00014800156	2.6654943e-15	2.330804e-17	1.2611288e-16
ERR11660406	2	Homo sapiens	2.3565079e-11	1.1820566e-16	0.0	0.0	8.512121e-17	4.1742185e-18	2.1008856e-17	5.346135e-10	3.6651546e-11	9.93576e-12	1.0533977e-09	0.99963456	2.8733682e-08	1.6279198e-19	7.626914e-15	6.28894e-09	2.183263e-11	2.6134369e-11	5.2541825e-11	1.8190866e-07	0.00036521605	4.6383863e-15	4.4193712e-17	2.7297805e-16
ERR11660407	2	Homo sapiens	2.6267317e-06	1.8142846e-09	0.0	0.0	1.52528e-08	5.112149e-10	1.4475331e-09	4.43682e-06	0.0004460624	2.0386988e-05	0.9988334	0.0006842973	1.2963999e-06	4.0609613e-10	9.9893256e-08	3.682309e-07	1.6521797e-07	1.1062119e-07	2.014517e-07	3.4419173e-07	5.955241e-06	2.2724526e-08	8.275568e-09	1.5355097e-07
ERR11660408	2	Homo sapiens	1.9777118e-12	1.33350225e-17	0.0	0.0	7.437193e-18	3.300865e-19	1.580069e-18	4.4683413e-11	9.016117e-13	1.3752886e-12	9.476306e-11	0.9999851	4.0850505e-09	1.8351412e-20	7.8522617e-16	4.8355087e-10	2.927752e-12	4.4867443e-12	4.8609888e-12	1.2407608e-08	1.4896222e-05	2.2866544e-16	3.1971244e-18	2.8188486e-17
ERR11660409	2	Homo sapiens	2.2143069e-12	1.02212574e-17	0.0	0.0	6.9197724e-18	2.1358338e-19	1.1918084e-18	3.9985314e-11	6.790983e-13	2.1830304e-12	6.0883194e-11	0.9999848	3.951268e-09	1.5149021e-20	1.6046571e-15	4.6366214e-10	2.8582367e-12	4.2688734e-12	4.22088e-12	1.9834255e-08	1.5194597e-05	4.3250847e-16	2.888229e-18	2.230596e-17
ERR11660410	2	Homo sapiens	4.4407384e-06	9.172539e-09	0.0	0.0	1.0790892e-07	2.8066476e-09	7.495714e-09	8.248159e-06	0.007261812	6.0788094e-05	0.99149674	0.0011576214	1.9062909e-06	2.4198636e-09	3.0706656e-07	6.576894e-07	5.686542e-07	3.0143295e-07	5.180724e-07	5.317872e-07	4.719385e-06	1.13774334e-07	3.919562e-08	5.2650364e-07
ERR11660411	2	Homo sapiens	4.305944e-14	7.635614e-20	0.0	0.0	1.2771761e-20	9.125242e-22	4.8076537e-21	1.8764454e-12	2.1299626e-14	1.3240551e-14	2.8530184e-13	0.9999892	1.7995242e-09	2.508272e-23	8.2795295e-18	8.948281e-11	2.0923697e-13	1.948378e-13	3.9908986e-13	1.177812e-08	1.0764599e-05	1.9576735e-18	8.383705e-21	2.1232978e-20
ERR11660412	2	Homo sapiens	1.5752643e-14	1.6346459e-20	0.0	0.0	4.5696486e-21	2.9677462e-22	1.4249726e-21	9.276516e-13	3.804679e-15	4.260236e-15	2.9877596e-14	0.999997	6.9638617e-10	8.322781e-24	2.0842623e-18	2.8298985e-11	6.4973085e-14	6.435849e-14	6.787332e-14	4.3118678e-09	2.987984e-06	7.2235305e-19	2.1155217e-21	1.386305e-20
ERR11660413	2	Homo sapiens	5.0739272e-06	1.5178137e-09	0.0	0.0	6.1868155e-09	3.006958e-10	1.0302504e-09	9.170461e-06	0.0018976089	7.2319664e-05	0.9943772	0.0036031387	2.6202083e-06	3.238165e-10	2.0058792e-07	7.0016176e-07	2.4538136e-07	1.255556e-07	3.2079151e-07	1.3269804e-06	2.9794981e-05	3.5580356e-08	5.559766e-09	1.0070355e-07
ERR11660414	2	Homo sapiens	1.7518064e-15	1.5924825e-21	0.0	0.0	3.0760317e-22	1.9548511e-23	1.2555532e-22	9.107185e-14	8.053992e-17	3.7321362e-16	3.242989e-15	0.9999989	9.282088e-11	3.805054e-25	1.449101e-19	5.291351e-12	1.2893357e-14	8.092766e-15	7.419017e-15	1.1373118e-09	1.0461018e-06	8.995982e-20	1.8551047e-22	1.4285027e-21
ERR11660415	2	Homo sapiens	5.140146e-15	4.8758945e-21	0.0	0.0	7.640127e-22	5.9969806e-23	3.2479047e-22	1.7378528e-13	1.2171639e-15	1.8504788e-15	2.5005063e-15	0.99999774	3.3788852e-10	8.399969e-25	4.3193045e-19	1.1042548e-11	4.6159474e-14	2.1362464e-14	2.340392e-14	3.2047331e-09	2.2856175e-06	1.5292026e-19	4.994935e-22	3.5031055e-21
ERR11660416	2	Homo sapiens	1.617338e-05	3.5226897e-09	0.0	0.0	3.355551e-08	8.018895e-10	1.8946527e-09	3.1099753e-05	0.0026184495	0.00015396465	0.96938455	0.02748182	1.12445105e-05	4.5790408e-10	3.1743784e-07	2.4520775e-06	7.022003e-07	5.5196784e-07	2.0470452e-06	4.544882e-06	0.00029166258	7.136472e-08	1.3637795e-08	3.1423744e-07
ERR11660417	2	Homo sapiens	6.154943e-13	9.298215e-19	0.0	0.0	7.892349e-19	1.6561639e-20	8.2303896e-20	1.6238837e-11	9.102889e-14	4.9138856e-13	9.410286e-12	0.999973	6.8231e-09	4.55659e-22	6.980471e-17	3.355594e-10	2.2158412e-12	1.7233526e-12	1.7688924e-12	3.6106947e-08	2.6981397e-05	5.5071055e-17	1.9675843e-19	9.337045e-19
ERR11660418	2	Homo sapiens	2.121124e-13	2.9270422e-19	0.0	0.0	1.3142472e-19	6.62984e-21	2.7987624e-20	8.191961e-12	5.836161e-14	9.666459e-14	8.865819e-13	0.9999888	3.3416596e-09	1.4820606e-22	4.0849772e-17	1.3723651e-10	9.445712e-13	8.0074223e-13	1.08161e-12	1.3485863e-08	1.1182069e-05	1.408186e-17	5.474537e-20	3.3347665e-19
ERR11660419	2	Homo sapiens	6.022867e-06	1.8418848e-09	0.0	0.0	2.322189e-08	3.8060347e-10	1.2944865e-09	7.3646947e-06	0.0067818426	7.982033e-05	0.98822486	0.0048547047	4.292608e-06	2.33534e-10	9.0484775e-08	8.813494e-07	4.6205628e-07	2.6266372e-07	5.362672e-07	1.2104068e-06	3.7420465e-05	3.6498303e-08	6.3313323e-09	1.506293e-07
ERR11660420	2	Homo sapiens	2.942058e-13	3.917278e-19	0.0	0.0	1.6576363e-19	8.634263e-21	3.6379678e-20	7.1354836e-12	1.227335e-13	1.3892349e-13	2.677098e-12	0.9999771	3.7793764e-09	2.560434e-22	6.8408604e-17	1.5657849e-10	7.3208345e-13	6.652975e-13	1.250098e-12	1.156814e-08	2.2853232e-05	1.6008076e-17	7.6684205e-20	3.6146692e-19
ERR11660421	2	Homo sapiens	5.572417e-13	1.082947e-18	0.0	0.0	1.9155165e-19	2.3088713e-20	7.258358e-20	1.2779781e-11	6.1900456e-14	3.3155913e-13	6.283551e-12	0.9999551	6.7110015e-09	5.0298726e-22	1.1223541e-16	3.342444e-10	1.6680653e-12	8.352156e-13	2.1143677e-12	2.6009083e-08	4.4843036e-05	2.1900268e-17	3.211095e-19	1.03356e-18
ERR11660422	2	Homo sapiens	2.6028954e-05	7.910414e-09	0.0	0.0	9.899531e-08	1.5763197e-09	4.6793533e-09	4.3902943e-05	0.0064472426	0.00024784214	0.9260541	0.06673853	2.0342577e-05	1.1749167e-09	6.901186e-07	3.5788748e-06	1.59197e-06	1.1002777e-06	2.5522666e-06	6.414902e-06	0.00040551266	6.528609e-08	2.4708406e-08	3.3326563e-07
ERR11660423	2	Homo sapiens	6.061062e-13	8.783999e-19	0.0	0.0	3.2053642e-19	1.4927251e-20	9.084993e-20	2.0475715e-11	1.2914837e-13	2.371014e-13	5.3894385e-12	0.99995095	1.04637135e-08	4.4744413e-22	9.074376e-17	5.0006926e-10	2.069678e-12	1.1292552e-12	2.4874664e-12	5.3552064e-08	4.897158e-05	5.238901e-17	1.8105783e-19	1.6340486e-18
ERR11660424	2	Homo sapiens	3.888753e-14	6.6981486e-20	0.0	0.0	1.9988429e-20	1.2021516e-21	6.430066e-21	1.0744619e-12	2.9118483e-15	1.4275829e-14	5.47218e-13	0.99999535	6.8250466e-10	2.7130984e-23	5.7325358e-18	3.086691e-11	1.0288791e-13	6.762018e-14	1.8516655e-13	2.8095175e-09	4.616369e-06	1.4220287e-18	1.3983913e-20	7.133005e-20
ERR11660425	2	Homo sapiens	2.1696167e-06	1.304601e-09	0.0	0.0	2.6709035e-08	3.6503228e-10	1.0209328e-09	3.5366863e-06	0.00022893025	1.8882476e-05	0.9986139	0.0011205088	1.1570833e-06	2.392152e-10	7.396057e-08	3.0732147e-07	1.3248247e-07	8.591699e-08	1.3813894e-07	3.596095e-07	9.684213e-06	1.6325416e-08	5.0938618e-09	7.7109945e-08
ERR11660426	2	Homo sapiens	1.3839598e-13	2.6669117e-19	0.0	0.0	9.6761604e-20	5.6624217e-21	2.6725269e-20	3.3499464e-12	8.147113e-14	3.596755e-14	6.2275846e-13	0.9999914	1.3499777e-09	1.1062531e-22	9.286983e-18	1.6131663e-10	3.9024762e-13	2.1633762e-13	7.334111e-13	5.560988e-09	8.557976e-06	1.14048735e-17	5.870399e-20	2.8931112e-19
ERR11660427	2	Homo sapiens	8.772735e-14	1.8193737e-19	0.0	0.0	8.654781e-20	3.3552025e-21	1.374109e-20	2.109277e-12	3.162927e-14	2.6208053e-14	3.4365672e-13	0.9999892	1.3184339e-09	1.0068853e-22	1.2593473e-17	1.0055012e-10	2.2351156e-13	2.213505e-13	4.93335e-13	6.5108443e-09	1.0808811e-05	1.1266733e-17	3.2280067e-20	2.018571e-19
ERR11660428	2	Homo sapiens	1.2762202e-06	4.4728682e-10	0.0	0.0	1.757298e-09	7.883256e-11	2.3427552e-10	2.205829e-06	8.3903884e-05	1.2378931e-05	0.9973852	0.0025019927	9.612037e-07	6.779505e-11	2.9342917e-08	1.9543792e-07	9.0030426e-08	4.2849575e-08	8.915082e-08	2.940011e-07	1.132839e-05	6.385608e-09	1.399491e-09	2.2175701e-08
ERR11660429	2	Homo sapiens	0.0009077932	0.00089706184	0.0	0.0	0.03576653	0.0008193765	0.0010051935	0.00097362173	0.089401715	0.0009684949	0.72344565	0.12295767	0.0007620045	0.0007838535	0.001357699	0.0009480731	0.0009802051	0.0009335384	0.00091383874	0.0008876081	0.00091940927	0.0017325614	0.004214378	0.008423709
ERR11660430	2	Homo sapiens	0.00012640751	7.3233125e-05	0.0	0.0	0.0016462159	9.101116e-05	8.664851e-05	0.000108080836	0.0058850003	0.0002205162	0.018720595	0.96964055	0.0006030274	0.0002603576	9.61456e-05	0.00011767985	0.00013165525	0.00013036792	0.00029804336	0.00030805668	0.00022196514	8.337109e-05	0.0002996761	0.0008514139
ERR11660431	2	Homo sapiens	3.654436e-05	1.6399463e-05	0.0	0.0	0.0005509094	1.5231587e-05	1.8300894e-05	3.404962e-05	0.001299915	0.00010202941	0.00295847	0.9937102	0.00034287467	0.00018407812	1.9149991e-05	3.4404587e-05	4.0714935e-05	3.7890404e-05	0.00010224361	0.00011334502	9.707356e-05	1.539832e-05	5.7508318e-05	0.00021322053
ERR11660432	2	Homo sapiens	0.0011700664	0.0010742088	0.0	0.0	0.05144651	0.0012207625	0.0016372453	0.0011463902	0.08750116	0.0013232976	0.39548907	0.428547	0.0012751349	0.0011734371	0.0016760452	0.0011864954	0.0012638462	0.0012162038	0.0012840551	0.0012218781	0.001333848	0.0017815627	0.006627189	0.009404628
ERR11660433	2	Homo sapiens	0.00063619437	0.0008624997	0.0	0.0	0.016745528	0.00043847153	0.0016912731	0.0006810782	0.03212841	0.00059619773	0.08679359	0.83308315	0.0004692634	0.0005383718	0.00096434884	0.0006670875	0.00069408177	0.0006714879	0.00065325166	0.000732627	0.00064085517	0.00089492544	0.014636277	0.004781037
ERR11660434	2	Homo sapiens	6.1179766e-05	5.859532e-05	0.0	0.0	0.0020396898	4.7329508e-05	7.751585e-05	6.015072e-05	0.002453024	5.5255994e-05	0.0031479788	0.9904748	5.9782993e-05	5.3781154e-05	0.000110666515	6.219584e-05	6.501996e-05	6.337475e-05	6.6940534e-05	7.084484e-05	5.9750168e-05	9.082791e-05	0.00030912118	0.0005121323
ERR11660435	2	Homo sapiens	0.0011716752	0.0015537452	0.0	0.0	0.034512833	0.0008306768	0.002999047	0.0012589198	0.06967147	0.0011376054	0.2794851	0.5602788	0.0008976756	0.0009531611	0.0016997745	0.0012239496	0.0012788987	0.0012397659	0.0011987751	0.0013405522	0.0011945833	0.0016927067	0.025364427	0.009015888
ERR11660436	2	Homo sapiens	0.0006200219	0.0006317727	0.0	0.0	0.021882035	0.0005280209	0.0007854222	0.00065634097	0.040068347	0.0006264124	0.12252486	0.7955631	0.000591752	0.0005693376	0.0011841517	0.0006473764	0.0006748885	0.0006534259	0.0006592189	0.0006726353	0.00062989426	0.0010329917	0.0032951024	0.0055029206
ERR11660437	2	Homo sapiens	0.001227172	0.0016799057	0.0	0.0	0.034608588	0.0008639514	0.0033099726	0.0013215505	0.07433378	0.0011604229	0.3139027	0.51518095	0.0008848578	0.0010252192	0.0017563427	0.0012876865	0.0013409178	0.0012973347	0.0012521311	0.0013949696	0.0012444576	0.0017861986	0.029739667	0.009401194
ERR11660438	2	Homo sapiens	1.5489398e-08	2.28326e-09	0.0	0.0	2.1857659e-07	1.1633938e-09	1.9545892e-09	6.963952e-09	4.731256e-08	1.9000845e-08	1.7679014e-08	0.99999803	1.1075414e-06	5.5094116e-08	3.286288e-08	9.378285e-09	9.965175e-09	1.0131333e-08	9.35444e-08	2.1448494e-07	4.543516e-08	1.4603733e-09	2.855541e-09	8.2198554e-08
ERR11660439	2	Homo sapiens	4.3127557e-08	3.3746843e-09	0.0	0.0	4.2386864e-07	1.8038584e-09	3.2301173e-09	1.3220018e-08	1.01113855e-07	4.337783e-08	1.5375109e-07	0.9999681	2.8314065e-05	7.9712834e-07	5.9258532e-08	2.336455e-08	2.48136e-08	2.5459268e-08	5.0980475e-07	1.0436449e-06	1.7387653e-07	1.6991982e-09	6.201541e-09	1.4198164e-07
ERR11660440	2	Homo sapiens	6.339258e-08	6.8730257e-09	0.0	0.0	5.9674437e-07	3.9210044e-09	4.6037143e-09	2.6202006e-08	1.596714e-07	1.271005e-07	2.8394354e-07	0.9999706	2.4191735e-05	9.687515e-07	1.4573412e-07	3.607051e-08	4.04779e-08	3.8527304e-08	1.0503077e-06	1.1575459e-06	2.8463592e-07	2.023103e-09	7.313535e-09	2.12776e-07
ERR11660441	2	Homo sapiens	1.3391238e-08	1.1815694e-09	0.0	0.0	5.4500095e-08	8.1455737e-10	1.2559226e-09	4.6418296e-09	3.910351e-08	1.3955535e-08	4.4306255e-08	0.9999979	1.257e-06	1.7675472e-07	4.483438e-08	6.6668777e-09	7.6112885e-09	7.40311e-09	1.5736305e-07	1.6585732e-07	4.9625324e-08	5.832611e-10	7.914911e-10	2.9643175e-08
ERR11660442	2	Homo sapiens	3.9635527e-08	5.134158e-09	0.0	0.0	4.7784334e-07	2.905007e-09	6.070979e-09	1.3221842e-08	1.0979957e-07	3.273118e-08	1.0216407e-07	0.9999925	5.0911717e-06	2.9881363e-07	1.00413935e-07	2.496808e-08	2.6153842e-08	2.6606513e-08	2.8810058e-07	6.093642e-07	1.2545549e-07	4.862399e-09	6.0913012e-09	1.4808255e-07
ERR11660443	2	Homo sapiens	7.36012e-08	1.6825906e-08	0.0	0.0	1.0841754e-06	5.598872e-09	8.938309e-09	2.715377e-08	7.9962564e-07	6.494036e-08	6.513687e-08	0.9999881	7.4526924e-06	3.524063e-07	2.8199253e-07	4.175932e-08	4.367637e-08	4.6033303e-08	5.1043446e-07	5.9866517e-07	2.2213545e-07	3.5224161e-09	1.4225804e-08	2.1732762e-07
ERR11660444	2	Homo sapiens	2.7911865e-08	3.1695448e-09	0.0	0.0	2.2063155e-07	1.9104134e-09	3.3781666e-09	9.7740696e-09	5.9814184e-08	3.5181387e-08	4.3475822e-08	0.99999595	2.5837992e-06	2.2854788e-07	1.0764701e-07	1.6017367e-08	1.7109999e-08	1.7394246e-08	2.6558575e-07	2.4894513e-07	8.09771e-08	1.4770035e-09	7.536364e-09	1.0083744e-07
ERR11660445	2	Homo sapiens	4.5346358e-08	5.8518097e-09	0.0	0.0	4.7992165e-07	3.3674732e-09	6.294356e-09	1.4397662e-08	1.1181045e-07	4.9133657e-08	1.0486474e-07	0.99999523	2.0707168e-06	1.4768827e-07	1.1299544e-07	2.5883995e-08	2.7888829e-08	2.8217004e-08	3.3728517e-07	8.490646e-07	1.214935e-07	5.2191296e-09	9.6422825e-09	1.9486075e-07
ERR11660446	2	Homo sapiens	1.857201e-09	2.596836e-10	0.0	0.0	8.449121e-09	3.2902406e-11	1.3537518e-10	7.38284e-10	1.9521826e-09	2.566284e-09	1.4901553e-09	0.99999696	2.8186264e-06	7.027704e-08	4.3012447e-09	9.1650787e-10	1.067302e-09	1.0000772e-09	5.2704795e-08	4.8031865e-08	1.2137571e-08	1.517402e-11	8.5115415e-11	6.1320895e-09
ERR11660447	2	Homo sapiens	5.424771e-09	5.674258e-10	0.0	0.0	5.3422514e-08	2.0404543e-10	4.2370382e-10	1.6773637e-09	1.451705e-08	6.611047e-09	1.0242151e-08	0.9999986	9.903465e-07	6.079844e-08	9.834874e-09	3.0823182e-09	3.2140892e-09	3.5033454e-09	8.768632e-08	6.215509e-08	2.0376081e-08	1.9535275e-10	5.262045e-10	2.2614877e-08
ERR11660448	2	Homo sapiens	9.6998114e-08	9.91174e-09	0.0	0.0	5.3713757e-07	6.173454e-09	1.9524851e-08	3.1593576e-08	2.9616447e-07	1.2239349e-07	3.560564e-07	0.99997526	1.8541594e-05	8.6656246e-07	2.7262993e-07	5.7969967e-08	6.118381e-08	6.3823855e-08	1.064581e-06	1.5821689e-06	3.4755155e-07	6.2820544e-09	2.7450248e-08	3.9728383e-07
ERR11660449	2	Homo sapiens	9.145488e-09	8.029937e-10	0.0	0.0	6.593708e-08	2.893891e-10	7.984567e-10	2.9545213e-09	2.2569743e-08	1.2073494e-08	3.6784915e-08	0.9999943	4.9648597e-06	1.6064259e-07	1.1803099e-08	5.0413234e-09	5.533719e-09	5.551757e-09	1.4070112e-07	1.837156e-07	4.213656e-08	2.9076136e-10	5.452544e-10	2.4484292e-08
ERR11660450	2	Homo sapiens	2.841902e-08	2.317524e-09	0.0	0.0	2.6241955e-07	1.106802e-09	3.0527556e-09	8.798702e-09	8.893036e-08	3.460215e-08	7.955819e-08	0.9999892	8.848195e-06	2.6654274e-07	5.985683e-08	1.5538983e-08	1.6671232e-08	1.6597209e-08	3.142731e-07	5.6160616e-07	1.1087013e-07	1.3326541e-09	3.6936427e-09	6.436764e-08
ERR11660451	2	Homo sapiens	0.0009879604	0.0012678509	0.0	0.0	0.02609272	0.0006344578	0.0024332732	0.0010875015	0.049292672	0.00094033463	0.1798553	0.697475	0.00065155164	0.00086162204	0.0017244734	0.0010058288	0.0010457609	0.0010121342	0.0009784423	0.0010995382	0.0009833195	0.001297979	0.02095426	0.008318028
ERR11660452	2	Homo sapiens	0.0009367586	0.00071220344	0.0	0.0	0.030768948	0.00053435104	0.0008379463	0.001010789	0.049681064	0.0011985418	0.21229029	0.6780835	0.00066908356	0.00070277747	0.0023267367	0.00087920704	0.00089491805	0.0008510689	0.0008131963	0.0008139068	0.0008463174	0.0018650237	0.00397551	0.009307903
ERR11660453	2	Homo sapiens	0.00061109575	0.000728162	0.0	0.0	0.014061569	0.0003597063	0.0014069694	0.0006209572	0.024967192	0.000587754	0.0754494	0.85813713	0.0003839474	0.00049124396	0.0009598041	0.0005881396	0.0006284284	0.0005967847	0.00056747114	0.0006288289	0.000581323	0.000881101	0.01262535	0.004137669
ERR11660454	2	Homo sapiens	0.0005439644	0.00029948083	0.0	0.0	0.011001424	0.00024125201	0.00037791635	0.0006408123	0.023645021	0.0007068354	0.14097418	0.8114516	0.00035408925	0.00029425832	0.0010897217	0.00042372226	0.00046176248	0.00042345826	0.0003872138	0.0003812031	0.00040960038	0.0010261545	0.0018927744	0.0029735595
ERR11660455	2	Homo sapiens	0.0010189022	0.0012179927	0.0	0.0	0.026986837	0.00069604535	0.0022272433	0.0010633918	0.056310188	0.0010271862	0.18727362	0.6851847	0.0007311367	0.00082436966	0.0015162567	0.0010375846	0.0010673958	0.0010379762	0.0009977935	0.0010870222	0.0010076495	0.0016356119	0.017446065	0.008605014
ERR11660456	2	Homo sapiens	5.4490516e-07	3.1873633e-14	0.0	0.0	1.3143376e-12	1.3702557e-15	1.6804124e-14	1.0109289e-08	0.00021155285	0.021445453	0.0014154583	0.9769259	1.0878326e-06	1.6496176e-12	4.2413206e-10	4.75143e-12	7.835106e-10	3.9440572e-11	1.4373497e-09	7.5372396e-11	1.324351e-10	2.1600348e-14	3.3394413e-14	7.192222e-11
ERR11660457	2	Homo sapiens	2.2119701e-07	1.1640134e-14	0.0	0.0	1.0347606e-12	4.0309395e-16	4.8430566e-15	7.992799e-09	7.91294e-05	0.0052154027	0.00028872266	0.9944163	2.0844124e-07	4.207581e-13	3.6428488e-10	2.4097113e-12	3.6450942e-10	1.9527456e-11	3.0307454e-10	2.935882e-11	4.2149437e-11	1.8271876e-14	1.8531395e-14	2.9657856e-11
ERR11660458	2	Homo sapiens	9.517713e-07	1.2201057e-13	0.0	0.0	2.586464e-12	3.607267e-15	4.5315097e-14	2.5895318e-08	0.00081095134	0.01720061	0.0010526283	0.9809336	1.2058813e-06	1.1404993e-12	1.2688929e-09	1.0815562e-11	1.409554e-09	8.624636e-11	1.7264639e-09	1.4056292e-10	2.3002517e-10	5.368745e-14	3.5324545e-13	2.1760072e-10
ERR11660459	2	Homo sapiens	3.981967e-06	5.955872e-13	0.0	0.0	2.961609e-11	3.172011e-14	1.7318139e-13	1.323358e-07	0.0015569568	0.1403423	0.018602254	0.83949137	2.9779333e-06	7.961474e-12	1.5498392e-08	7.11586e-11	7.439504e-09	4.5215673e-10	9.381241e-09	4.896254e-10	1.1025718e-09	6.29495e-13	1.0358872e-12	6.629624e-10
ERR11660460	2	Homo sapiens	0.00031834916	0.00038600073	0.0	0.0	0.0069403187	0.00017852968	0.00078984344	0.0003277559	0.011727623	0.0003016408	0.022154246	0.944289	0.00034895405	0.00024505932	0.00054009364	0.00032513877	0.0003302923	0.00041583946	0.00030089324	0.00034540484	0.00031833097	0.00038126056	0.0068273973	0.0022080124
ERR11660461	2	Homo sapiens	3.8121538e-16	3.4785535e-22	0.0	0.0	3.984159e-20	1.12169355e-23	9.5132346e-23	8.702525e-16	1.4351857e-17	1.5880147e-16	8.20265e-20	1.0	6.7676196e-15	1.4705082e-23	1.0957657e-18	3.720852e-17	5.750474e-16	2.9855624e-14	2.2372988e-16	1.954029e-15	4.4414388e-17	1.19358075e-20	1.7202928e-23	9.88363e-21
ERR11660462	2	Homo sapiens	2.8184998e-17	2.4836363e-23	0.0	0.0	1.604447e-21	4.0000272e-25	3.418143e-24	3.936763e-17	7.48619e-19	6.6387295e-18	9.1589274e-21	1.0	6.9858857e-16	5.3657525e-25	3.701601e-20	3.0438495e-18	3.7593238e-17	1.8134596e-15	9.434912e-18	8.334492e-17	2.4945331e-18	3.6345525e-22	9.969791e-25	1.5214697e-21
ERR11660463	2	Homo sapiens	2.3927298e-15	5.159123e-21	0.0	0.0	5.2478416e-19	1.877373e-22	9.655868e-22	3.8973396e-15	3.217621e-16	1.4283373e-15	1.5278088e-18	1.0	3.374263e-14	2.0049946e-22	5.5623454e-18	1.709216e-16	2.7499191e-15	2.252819e-13	1.4076666e-15	2.510554e-15	2.3922865e-16	7.2351685e-20	5.6031884e-22	2.2770938e-19
ERR11660464	2	Homo sapiens	2.9864465e-16	2.0910891e-22	0.0	0.0	1.3050457e-20	3.9110745e-24	2.8328983e-23	2.9699003e-16	4.874648e-18	1.7354067e-16	7.6711267e-19	1.0	3.877383e-15	9.0689374e-24	2.358235e-19	2.1085514e-17	4.1656644e-16	1.7985181e-14	9.941471e-17	7.0236803e-16	1.7072143e-17	6.565905e-21	1.0162211e-23	6.6111372e-21
ERR11660465	2	Homo sapiens	1.3343219e-15	4.3901953e-21	0.0	0.0	3.011469e-19	1.7816992e-22	1.0719645e-21	1.6958004e-15	7.6591174e-17	4.956989e-16	4.238117e-19	1.0	1.9138105e-14	2.6239043e-22	5.5002064e-18	6.355125e-17	1.4735067e-15	5.9103255e-14	4.549791e-16	1.5891754e-15	9.149309e-17	5.4654066e-20	3.5578682e-22	8.1720326e-20
ERR11660466	2	Homo sapiens	3.8017515e-16	3.6101774e-22	0.0	0.0	1.3617732e-20	8.696379e-24	8.412896e-23	4.496321e-16	1.714338e-17	2.3936672e-16	2.1358788e-19	1.0	5.0332294e-15	1.3601819e-23	2.3356665e-19	2.615641e-17	4.3207542e-16	2.4450163e-14	1.519711e-16	4.025582e-16	2.8656038e-17	4.5040154e-21	1.8780416e-23	9.360724e-21
ERR14057409	2	Bison priscus	0.0025252807	0.040628273	0.0	0.0	0.08170425	0.0021887373	0.0042590653	0.0020343445	0.17824738	0.006106943	0.48271638	0.14141902	0.0046895626	0.0031204447	0.0031356933	0.0024620662	0.0024675145	0.0029207848	0.0026969335	0.0033298049	0.0026729037	0.002623012	0.011779909	0.016271707
ERR14057410	2	Bison priscus	0.0037607644	0.0686496	0.0	0.0	0.08750564	0.0054746573	0.009248455	0.0030975835	0.0958205	0.012686716	0.45884106	0.11467694	0.00763798	0.004826024	0.007099914	0.0035778997	0.003515773	0.0043023364	0.0038224158	0.004230408	0.0040538497	0.0023312024	0.06855867	0.026281612
ERR14057411	2	Bison priscus	2.6443271e-05	0.8866808	0.0	0.0	2.6162772e-05	3.4680955e-08	1.2343794e-06	5.2181654e-06	7.1043296e-08	6.186109e-06	2.0022432e-07	0.0030156448	8.96294e-05	1.1177421e-05	0.010379936	3.2596447e-05	2.5004325e-05	2.1210792e-05	0.00011897232	0.0034828496	3.158554e-05	0.09604257	4.3386777e-07	2.0507862e-06
ERR14057412	2	Bison priscus	4.077697e-05	0.8494176	0.0	0.0	8.4728585e-05	5.2912778e-08	7.70183e-07	5.690487e-06	5.561948e-07	1.2267415e-05	1.7780366e-08	0.0051379795	0.00012349043	1.6406486e-05	0.026407935	4.1646243e-05	2.598987e-05	3.118688e-05	0.00028499233	0.0023565183	4.430812e-05	0.11596317	4.4637588e-07	3.4716688e-06
ERR14057413	2	Bison priscus	1.6984852e-16	1.18710566e-23	0.0	0.0	7.3638714e-23	3.336918e-21	2.1579652e-22	2.0570377e-18	5.860882e-22	1.416984e-22	6.340963e-23	1.723746e-24	2.6710298e-19	6.9997685e-22	1.240592e-18	3.755453e-21	1.2325191e-20	1.5327681e-21	2.4570253e-20	1.9623441e-19	4.8758674e-21	3.2248258e-17	3.248806e-24	1.0
ERR14057414	2	Bison priscus	8.713143e-17	5.628048e-24	0.0	0.0	1.7221018e-22	5.0455574e-22	1.6000304e-22	6.980718e-19	1.8234256e-22	2.918182e-23	2.9921977e-23	2.0352625e-24	2.6506892e-19	2.1580447e-22	3.559698e-19	1.8269288e-21	5.4745422e-21	5.876079e-22	1.05750695e-20	9.791365e-20	2.3558712e-21	1.28366784e-17	3.6258983e-25	1.0
ERR14057415	2	Bison priscus	1.8574175e-15	1.851957e-22	0.0	0.0	3.2038014e-20	5.370573e-22	3.9417445e-23	5.250295e-17	7.413029e-21	1.3386673e-23	1.2030833e-17	4.306842e-22	5.493013e-19	9.846716e-22	1.1316279e-17	1.07682236e-19	3.0027783e-19	5.1469404e-20	1.0904002e-19	2.9190544e-18	1.8991644e-20	1.155617e-16	8.148181e-24	1.0
ERR14057416	2	Bison priscus	2.7643068e-15	3.4691886e-22	0.0	0.0	2.6557908e-19	1.1171228e-21	7.734972e-23	5.8883646e-17	9.379872e-21	2.3670133e-23	4.1272483e-18	4.0005762e-22	9.306367e-19	1.8706136e-21	1.8534342e-17	1.5627109e-19	4.40438e-19	8.2508726e-20	1.5655444e-19	3.5755784e-18	2.884465e-20	1.7058677e-16	1.5443946e-23	1.0
ERR14100444	2	Bison priscus	0.0025252807	0.040628273	0.0	0.0	0.08170425	0.0021887373	0.0042590653	0.0020343445	0.17824738	0.006106943	0.48271638	0.14141902	0.0046895626	0.0031204447	0.0031356933	0.0024620662	0.0024675145	0.0029207848	0.0026969335	0.0033298049	0.0026729037	0.002623012	0.011779909	0.016271707
ERR14100445	2	Bison priscus	0.0037607644	0.0686496	0.0	0.0	0.08750564	0.0054746573	0.009248455	0.0030975835	0.0958205	0.012686716	0.45884106	0.11467694	0.00763798	0.004826024	0.007099914	0.0035778997	0.003515773	0.0043023364	0.0038224158	0.004230408	0.0040538497	0.0023312024	0.06855867	0.026281612
ERR14100446	2	Bison priscus	2.6443271e-05	0.8866808	0.0	0.0	2.6162772e-05	3.4680955e-08	1.2343794e-06	5.2181654e-06	7.1043296e-08	6.186109e-06	2.0022432e-07	0.0030156448	8.96294e-05	1.1177421e-05	0.010379936	3.2596447e-05	2.5004325e-05	2.1210792e-05	0.00011897232	0.0034828496	3.158554e-05	0.09604257	4.3386777e-07	2.0507862e-06
ERR14100447	2	Bison priscus	4.077697e-05	0.8494176	0.0	0.0	8.4728585e-05	5.2912778e-08	7.70183e-07	5.690487e-06	5.561948e-07	1.2267415e-05	1.7780366e-08	0.0051379795	0.00012349043	1.6406486e-05	0.026407935	4.1646243e-05	2.598987e-05	3.118688e-05	0.00028499233	0.0023565183	4.430812e-05	0.11596317	4.4637588e-07	3.4716688e-06
ERR14100448	2	Bison priscus	1.6984852e-16	1.18710566e-23	0.0	0.0	7.3638714e-23	3.336918e-21	2.1579652e-22	2.0570377e-18	5.860882e-22	1.416984e-22	6.340963e-23	1.723746e-24	2.6710298e-19	6.9997685e-22	1.240592e-18	3.755453e-21	1.2325191e-20	1.5327681e-21	2.4570253e-20	1.9623441e-19	4.8758674e-21	3.2248258e-17	3.248806e-24	1.0
ERR14100449	2	Bison priscus	8.713143e-17	5.628048e-24	0.0	0.0	1.7221018e-22	5.0455574e-22	1.6000304e-22	6.980718e-19	1.8234256e-22	2.918182e-23	2.9921977e-23	2.0352625e-24	2.6506892e-19	2.1580447e-22	3.559698e-19	1.8269288e-21	5.4745422e-21	5.876079e-22	1.05750695e-20	9.791365e-20	2.3558712e-21	1.28366784e-17	3.6258983e-25	1.0
ERR14100450	2	Bison priscus	1.8574175e-15	1.851957e-22	0.0	0.0	3.2038014e-20	5.370573e-22	3.9417445e-23	5.250295e-17	7.413029e-21	1.3386673e-23	1.2030833e-17	4.306842e-22	5.493013e-19	9.846716e-22	1.1316279e-17	1.07682236e-19	3.0027783e-19	5.1469404e-20	1.0904002e-19	2.9190544e-18	1.8991644e-20	1.155617e-16	8.148181e-24	1.0
ERR14100451	2	Bison priscus	2.7643068e-15	3.4691886e-22	0.0	0.0	2.6557908e-19	1.1171228e-21	7.734972e-23	5.8883646e-17	9.379872e-21	2.3670133e-23	4.1272483e-18	4.0005762e-22	9.306367e-19	1.8706136e-21	1.8534342e-17	1.5627109e-19	4.40438e-19	8.2508726e-20	1.5655444e-19	3.5755784e-18	2.884465e-20	1.7058677e-16	1.5443946e-23	1.0
ERR2269773	2	Arabidopsis thaliana	6.180687e-06	0.97525424	0.0	0.0	1.5820675e-05	1.0625973e-06	1.4174036e-05	1.9687204e-06	1.51390805e-05	3.3161803e-05	9.343378e-06	2.2379438e-06	8.762693e-06	7.3129966e-05	8.759881e-06	3.6447732e-06	3.5955775e-06	4.7987087e-06	5.35464e-06	9.328777e-06	5.1246498e-06	0.02451362	4.8818815e-06	5.6770004e-06
ERR2269775	2	Arabidopsis thaliana	1.0116037e-05	0.9315593	0.0	0.0	8.494391e-06	0.000109391345	4.6804226e-07	2.3590357e-05	2.2819129e-06	0.0012539377	7.969178e-07	2.4562265e-05	1.47288765e-05	0.00071848644	1.482805e-05	5.6314357e-06	4.6129194e-06	6.0603793e-06	8.382309e-06	1.3910244e-05	8.680193e-06	0.06494674	2.981536e-07	0.0012646627
ERR2269776	2	Arabidopsis thaliana	6.0705497e-06	0.9895799	0.0	0.0	2.2422892e-05	3.214567e-06	2.5954118e-05	2.0610476e-06	1.040517e-05	4.2435462e-05	1.2472081e-05	4.6368264e-06	1.4608253e-05	3.356416e-05	2.2567876e-06	3.7310547e-06	3.5866817e-06	4.8197326e-06	3.2262667e-06	4.9190858e-06	5.0018716e-06	0.010203865	5.590298e-06	5.228684e-06
ERR2269777	2	Arabidopsis thaliana	7.282998e-06	0.94856626	0.0	0.0	1.391184e-05	1.2845081e-06	6.376611e-06	2.6822295e-06	7.05581e-06	7.801372e-05	5.4004013e-06	4.189007e-06	1.1872279e-05	0.0001527992	3.05395e-05	4.206345e-06	3.913149e-06	6.800073e-06	8.420957e-06	1.7181914e-05	6.3965927e-06	0.051054772	4.8316947e-06	5.793263e-06
ERR2269778	2	Arabidopsis thaliana	1.2989821e-05	0.99195147	0.0	0.0	3.2883916e-05	4.0481764e-06	1.578114e-05	4.7336944e-06	5.4905468e-06	0.00039201876	6.18377e-06	0.000172141	0.0002565155	0.00034151567	1.474471e-06	7.3901097e-06	7.429796e-06	1.190682e-05	1.6126476e-05	3.548007e-05	2.0620315e-05	0.0066717085	2.5943074e-05	6.1329024e-06
ERR2269779	2	Arabidopsis thaliana	4.7384256e-06	0.9922002	0.0	0.0	1.706721e-05	1.8106655e-06	1.846751e-05	1.6453891e-06	1.2735326e-05	2.3916611e-05	7.762307e-06	4.7141657e-06	9.620747e-06	2.5771189e-05	1.8312503e-06	2.937277e-06	2.8723207e-06	3.5135968e-06	2.6897953e-06	3.586496e-06	3.8947687e-06	0.007641219	4.6728483e-06	4.3418327e-06
ERR2269780	2	Arabidopsis thaliana	4.3133373e-06	0.99258685	0.0	0.0	1.7320168e-05	1.701187e-06	2.1370295e-05	1.3244512e-06	5.287248e-06	2.9068853e-05	5.0388603e-06	2.0714895e-06	1.10722685e-05	2.8146436e-05	3.0362291e-06	2.4573117e-06	2.4199414e-06	3.1691438e-06	2.6020189e-06	3.1338454e-06	3.6462475e-06	0.007258381	4.561532e-06	3.0458461e-06
ERR2269781	2	Arabidopsis thaliana	4.3032287e-06	0.9921079	0.0	0.0	1.5327516e-05	1.7376018e-06	1.5002581e-05	1.514259e-06	7.1892932e-06	2.9685016e-05	7.944553e-06	3.2662988e-06	1.045802e-05	2.8545139e-05	1.3092883e-06	2.69199e-06	2.5735976e-06	3.5777075e-06	2.5678262e-06	3.2297544e-06	3.5897406e-06	0.0077366745	7.398053e-06	3.5051482e-06
ERR2269782	2	Arabidopsis thaliana	7.773028e-06	0.9553743	0.0	0.0	1.666476e-05	2.3358616e-06	9.990261e-06	2.2110792e-06	4.4264584e-06	0.00014745923	3.3321508e-06	9.572655e-07	1.667615e-05	0.00016773572	7.0988186e-05	4.3219115e-06	4.071945e-06	7.5003263e-06	8.38928e-06	1.8367453e-05	6.764515e-06	0.04409368	2.8809138e-05	3.2390599e-06
ERR2269783	2	Arabidopsis thaliana	1.5870528e-05	0.9726204	0.0	0.0	4.585508e-05	8.059285e-06	1.4903375e-05	4.8563743e-06	9.900466e-06	0.0032693439	4.7268353e-05	4.123899e-05	0.00015705211	7.029157e-05	1.7078919e-06	1.0451763e-05	9.142046e-06	3.8411803e-05	9.061264e-06	1.2935047e-05	1.576122e-05	0.022623122	0.0009708536	3.5043308e-06
ERR2269784	2	Arabidopsis thaliana	1.1895538e-05	0.6000002	0.0	0.0	6.9264765e-06	1.927924e-07	9.593746e-07	3.9056818e-06	2.6492878e-06	8.440439e-05	2.8122365e-06	1.5079482e-06	8.9329415e-06	0.0019484705	0.020047544	4.9694654e-06	4.529212e-06	9.86353e-06	3.2710104e-05	0.00017432902	9.035389e-06	0.3776229	1.1296358e-06	2.0115544e-05
ERR2269785	2	Arabidopsis thaliana	7.5940784e-06	0.98822993	0.0	0.0	3.3875676e-05	3.2892617e-06	1.8619285e-05	2.6543155e-06	9.530788e-06	0.00016024619	1.645364e-05	6.418784e-06	2.6884256e-05	4.812216e-05	1.735141e-06	4.7858166e-06	4.4591106e-06	8.289435e-06	4.1060807e-06	6.0240623e-06	6.7672895e-06	0.011373174	2.2148908e-05	4.8966867e-06
ERR2269786	2	Arabidopsis thaliana	6.3563302e-06	0.9910828	0.0	0.0	2.5994457e-05	2.7095316e-06	1.8999643e-05	2.1050598e-06	8.021305e-06	5.937175e-05	1.1170415e-05	3.890458e-06	1.6304442e-05	4.223589e-05	3.1928964e-06	3.8406756e-06	3.639348e-06	5.488213e-06	4.183293e-06	6.0643847e-06	5.3389117e-06	0.0086731	1.0600198e-05	4.6038153e-06
ERR2269787	2	Arabidopsis thaliana	7.1659465e-06	0.9769397	0.0	0.0	1.7018729e-05	1.0720705e-06	9.893983e-06	2.3255186e-06	6.0806947e-06	4.614132e-05	6.457444e-06	1.8968677e-06	1.1543668e-05	8.657096e-05	4.052751e-05	3.852493e-06	3.688858e-06	5.5425767e-06	6.778017e-06	1.6197218e-05	5.692641e-06	0.022768127	5.9398003e-06	7.80704e-06
ERR2269788	2	Arabidopsis thaliana	5.3993454e-06	0.9916873	0.0	0.0	1.9046085e-05	1.8202927e-06	1.6794056e-05	1.8470341e-06	1.2567829e-05	2.3355744e-05	1.1395778e-05	5.549365e-06	1.0542143e-05	2.5442183e-05	2.2089882e-06	3.2593678e-06	3.1745294e-06	3.920666e-06	2.9330383e-06	3.7520722e-06	4.358321e-06	0.008143688	7.041484e-06	4.6352006e-06
ERR2269789	2	Arabidopsis thaliana	5.0009635e-06	0.9919529	0.0	0.0	1.9165156e-05	1.5054687e-06	1.5490197e-05	1.69496e-06	8.41092e-06	3.3417185e-05	9.173131e-06	3.3776003e-06	1.1153862e-05	3.1810923e-05	2.7397941e-06	3.032265e-06	2.968155e-06	4.1405638e-06	3.1887253e-06	4.6313976e-06	4.290661e-06	0.007870425	7.730668e-06	3.7277798e-06
ERR2269790	2	Arabidopsis thaliana	0.00010625295	0.9542562	0.0	0.0	0.000356854	1.2223015e-05	2.565697e-05	6.5280125e-05	0.00021500366	0.0020285468	8.832262e-05	0.00045470207	0.0001844497	0.0026180386	0.0005240943	6.2694584e-05	5.8285674e-05	8.837506e-05	0.00021257058	0.00074793823	0.00012492189	0.036249597	2.6935504e-05	0.001493108
ERR2269791	2	Arabidopsis thaliana	5.0598833e-06	0.9926985	0.0	0.0	2.3501118e-05	2.446914e-06	1.1033944e-05	1.6745444e-06	5.534646e-06	0.00011386059	1.1728846e-05	3.9624606e-06	1.9559753e-05	3.1696472e-05	9.75524e-07	3.2074006e-06	2.963172e-06	5.58889e-06	2.7237932e-06	4.2208408e-06	4.5402967e-06	0.00702832	1.595466e-05	2.9777652e-06
ERR2269792	2	Arabidopsis thaliana	3.4773584e-06	0.9947162	0.0	0.0	1.1976242e-05	1.3403763e-06	1.7925338e-05	1.1787008e-06	6.7411115e-06	1.9519288e-05	6.181493e-06	1.954617e-06	8.51125e-06	1.9779936e-05	1.1120392e-06	2.1175667e-06	2.068545e-06	2.5999e-06	1.8733756e-06	2.3642058e-06	2.8153565e-06	0.0051619285	5.469025e-06	2.851033e-06
ERR2269793	2	Arabidopsis thaliana	4.519798e-06	0.99300617	0.0	0.0	1.4010102e-05	1.4712871e-06	2.2856748e-05	1.5712719e-06	1.1389676e-05	1.9166264e-05	7.4152117e-06	6.0275133e-06	8.293663e-06	2.2914184e-05	1.5120135e-06	2.7632607e-06	2.7170763e-06	3.120242e-06	2.5674117e-06	3.4496302e-06	3.7548555e-06	0.006845989	3.8048317e-06	4.5032234e-06
ERR2269794	2	Arabidopsis thaliana	2.4517772e-06	0.996406	0.0	0.0	2.0455984e-06	3.5948115e-06	2.2544148e-06	1.4272401e-06	2.4321216e-07	0.0016736066	3.947635e-07	1.3796407e-05	0.00014266591	0.00062396855	1.2681699e-07	1.2587362e-06	1.1771865e-06	2.4773283e-06	7.487459e-06	4.6478685e-06	6.65828e-06	0.0011000816	1.3659688e-06	2.2452061e-06
ERR2269795	2	Arabidopsis thaliana	5.918486e-06	0.9900921	0.0	0.0	2.0801795e-05	2.220288e-06	2.2354101e-05	2.0652647e-06	1.4700784e-05	2.961006e-05	1.2809482e-05	6.956365e-06	1.0676244e-05	3.1240517e-05	2.021563e-06	3.6577903e-06	3.5763378e-06	4.426386e-06	3.2846021e-06	4.482416e-06	4.856645e-06	0.009710862	5.4192255e-06	5.978291e-06
ERR2269796	2	Arabidopsis thaliana	6.5721492e-06	0.89940965	0.0	0.0	2.9280206e-06	1.263859e-07	6.2894997e-06	1.1420356e-06	1.0751556e-07	0.00041262872	2.1459637e-07	1.6473987e-05	3.3959896e-05	0.0001613975	0.00046872877	2.0988082e-06	1.8427838e-06	8.881494e-06	1.985349e-05	0.00012947968	5.9771414e-06	0.099305764	2.1500882e-06	3.757848e-06
ERR2269797	2	Arabidopsis thaliana	6.866926e-06	0.98816353	0.0	0.0	2.4505898e-05	2.5208499e-06	2.698911e-05	2.4098365e-06	1.5829622e-05	4.7056405e-05	1.5033943e-05	7.2900893e-06	1.3728199e-05	3.403153e-05	2.1264104e-06	4.2714196e-06	4.1701314e-06	5.496302e-06	3.7826203e-06	5.349978e-06	5.9160216e-06	0.011593561	9.519364e-06	6.036374e-06
ERR2269798	2	Arabidopsis thaliana	3.986459e-06	0.99040926	0.0	0.0	5.101403e-06	1.557913e-06	2.067918e-05	7.055756e-07	1.8381328e-07	0.002800313	1.3975234e-06	5.252933e-05	0.0002352862	2.4971709e-05	3.7280586e-07	2.045176e-06	1.7289378e-06	1.1507621e-05	2.6428213e-06	3.461349e-06	4.922262e-06	0.0062761973	0.00014088	2.7742206e-07
ERR2269799	2	Arabidopsis thaliana	2.7407955e-06	0.98332167	0.0	0.0	2.627588e-06	1.7134059e-07	2.5623601e-06	5.742636e-07	1.791201e-07	0.00011172173	1.0421687e-07	6.9532115e-07	2.596815e-05	0.00022003223	0.00030421533	1.1409844e-06	1.0470474e-06	2.8357872e-06	4.962456e-06	1.3951006e-05	3.0946812e-06	0.015975676	3.4684151e-06	5.757941e-07
ERR2269800	2	Arabidopsis thaliana	4.5066804e-06	0.9466379	0.0	0.0	2.2467268e-06	1.340311e-05	1.7388677e-06	2.7086398e-06	1.6469882e-07	0.008704006	7.9510784e-07	6.4575224e-06	7.074386e-05	7.186695e-05	6.948412e-07	2.2261513e-06	1.78948e-06	8.982335e-06	4.5932284e-06	1.1199306e-05	5.5563655e-06	0.044405907	3.9180708e-05	3.3032518e-06
ERR2269801	2	Arabidopsis thaliana	5.731709e-06	0.9696725	0.0	0.0	1.5742781e-06	2.6244695e-07	1.1944945e-05	1.3079696e-06	4.745223e-06	0.00088727486	3.3656286e-06	0.00031536657	0.0060825883	0.022446558	6.2121735e-08	2.8853974e-06	3.2437188e-06	4.3402697e-06	0.0001466656	4.7856698e-05	7.288599e-05	0.00028589182	1.9438792e-06	9.953137e-07
ERR2269802	2	Arabidopsis thaliana	3.080279e-06	0.9900832	0.0	0.0	3.4490677e-06	2.2337308e-07	3.7678517e-05	6.6747225e-07	2.0152746e-07	0.00041933227	3.831183e-07	8.491143e-07	8.5339896e-05	0.0006064992	1.0001153e-05	1.5249045e-06	1.4241656e-06	3.880084e-06	8.060538e-06	2.3594412e-05	6.6928587e-06	0.008699527	3.1893017e-06	1.1674333e-06
ERR2269803	2	Arabidopsis thaliana	4.239971e-06	0.9936988	0.0	0.0	2.6768305e-06	2.2012645e-07	2.0507414e-05	7.1981964e-07	9.91632e-08	5.423839e-05	2.9999063e-07	2.089601e-06	2.792191e-05	8.906114e-05	0.00019862868	1.3148862e-06	1.1999335e-06	2.4398034e-06	5.7853204e-06	1.7969538e-05	3.507829e-06	0.0058630276	5.5349557e-07	4.74509e-06
ERR2269804	2	Arabidopsis thaliana	0.00015013132	0.9866047	0.0	0.0	0.0015663258	9.613455e-05	0.00037132448	8.073973e-05	0.0015607643	0.0005703935	0.0036063148	0.0007632982	0.00032670298	0.0004497066	8.76008e-05	0.00011417419	0.00011406978	0.00012544057	0.00010937479	0.00013568251	0.00013676517	0.0024492266	0.00026982394	0.00031131628
ERR2269805	2	Arabidopsis thaliana	7.2605144e-06	0.9895251	0.0	0.0	2.5712588e-05	2.795381e-06	2.9035704e-05	2.807971e-06	1.9930843e-05	3.7786198e-05	1.6777063e-05	8.432057e-06	1.3714044e-05	3.6622718e-05	2.337194e-06	4.5824827e-06	4.515227e-06	5.525729e-06	4.0782375e-06	5.336898e-06	6.033567e-06	0.010225815	8.8561665e-06	6.974221e-06
ERR3728226	2	Homo sapiens	1.0968973e-26	5.0415976e-36	0.0	0.0	8.466741e-36	4.8632e-40	2.3561407e-38	1.2014044e-24	7.551881e-27	7.968601e-39	1.7547835e-25	1.0	2.2164777e-16	1.0424e-41	1.6156013e-34	3.5863268e-21	8.48508e-17	2.097395e-18	1.0632495e-25	1.967887e-15	4.4249777e-23	9.4517344e-36	4.23343e-40	1.9844834e-35
ERR3728227	2	Homo sapiens	2.9498536e-29	1.976652e-39	0.0	0.0	3.9017e-39	1.02e-43	7.746e-42	2.121487e-27	1.3976884e-29	1.7003e-41	6.988023e-30	1.0	1.07182755e-17	1e-45	8.224651e-38	5.8380973e-24	5.366173e-19	6.579486e-21	3.4693885e-28	1.649074e-17	1.142772e-25	5.344667e-39	1.29e-43	2.224706e-39
ERR3728228	2	Homo sapiens	1.692405e-31	1.288e-42	0.0	0.0	1.107e-42	0.0	4e-45	2.0890904e-29	5.929194e-33	3.9e-44	9.987828e-33	1.0	6.378939e-19	0.0	5.8941e-41	4.924875e-26	5.0236585e-21	2.1757585e-23	4.2768302e-30	5.935146e-18	3.5113823e-26	1.377e-42	0.0	1.648e-42
ERR3728238	2	Homo sapiens	0.00034208092	0.00019758154	0.0	0.0	0.0035941666	0.00011366688	0.00012277382	0.00033172106	0.04302444	0.00035325906	0.012521328	0.93292904	0.00077328953	0.00025637975	0.0002541838	0.00032360025	0.00040260237	0.00056345534	0.00038943972	0.0006596298	0.00030272827	0.00025213364	0.0011582809	0.0011342359
ERR3728239	2	Homo sapiens	1.4759852e-06	2.245467e-09	0.0	0.0	6.496867e-08	5.219018e-10	4.6478477e-10	1.8829469e-06	3.8260573e-06	2.5517426e-07	1.8438382e-06	0.9999345	2.385372e-05	4.2242393e-10	1.7390326e-08	6.1186465e-06	1.2634658e-05	7.5610234e-07	6.2321897e-06	5.3090357e-06	8.418252e-07	3.9492224e-07	4.7593893e-09	1.1923108e-08
ERR3728240	2	Homo sapiens	5.6093737e-05	1.6349826e-05	0.0	0.0	0.00046605454	1.6197653e-05	6.0422326e-06	3.9097067e-05	0.0006883775	5.0511546e-05	0.0013929995	0.9965436	0.00010156992	2.9768667e-05	3.560421e-05	3.1539705e-05	3.084229e-05	4.9380185e-05	5.185361e-05	6.290918e-05	3.5477005e-05	2.6302208e-05	0.00015999471	0.000109466935
ERR3728241	2	Homo sapiens	5.528011e-06	1.7677577e-06	0.0	0.0	0.0002468584	2.3196076e-06	6.011265e-07	7.789588e-06	0.0001420226	6.571047e-06	2.910809e-05	0.999455	1.6255173e-05	4.991125e-06	4.024978e-06	5.359604e-06	5.202815e-06	1.3906217e-05	1.0795385e-05	1.1729636e-05	8.174435e-06	2.0050197e-06	1.0402254e-05	9.590335e-06
ERR3728245	2	Homo sapiens	3.2966e-40	0.0	0.0	0.0	0.0	0.0	0.0	2.7805988e-37	0.0	0.0	0.0	1.0	1.4529716e-26	0.0	0.0	1.7817027e-33	9.410559e-32	3.88605e-34	5.2619903e-36	4.3369758e-23	2.5532198e-31	0.0	0.0	0.0
ERR3728246	2	Homo sapiens	4.02765e-40	0.0	0.0	0.0	0.0	0.0	0.0	2.1606864e-36	1.19e-43	0.0	0.0	1.0	4.4196558e-26	0.0	0.0	5.9283633e-34	3.199617e-30	6.922369e-33	2.1085078e-37	1.2195801e-21	6.5362235e-32	0.0	0.0	0.0
ERR3728247	2	Homo sapiens	9.407648e-38	0.0	0.0	0.0	0.0	0.0	0.0	6.8617283e-34	2.6936e-41	0.0	1e-45	1.0	8.0331826e-26	0.0	0.0	1.2564072e-31	3.5537268e-29	8.525364e-31	9.331035e-36	3.0842918e-23	6.5191694e-31	0.0	0.0	0.0
ERR3728248	2	Homo sapiens	6.074025e-39	0.0	0.0	0.0	0.0	0.0	0.0	5.3680133e-36	6.121e-42	0.0	0.0	1.0	8.489772e-26	0.0	0.0	2.2298353e-33	4.9251144e-30	1.5525126e-32	3.500509e-37	3.204491e-23	2.4048856e-31	0.0	0.0	0.0
ERR3728249	2	Homo sapiens	6.0644e-41	0.0	0.0	0.0	0.0	0.0	0.0	7.5602356e-38	2.4e-44	0.0	0.0	1.0	1.0950228e-26	0.0	0.0	5.2437116e-35	7.694765e-31	8.713415e-34	2.683481e-38	2.968044e-23	2.4778078e-33	0.0	0.0	0.0
ERR3728250	2	Homo sapiens	2.2257709e-38	0.0	0.0	0.0	0.0	0.0	0.0	2.944996e-36	1e-43	0.0	4e-45	1.0	6.919092e-27	0.0	0.0	8.8626185e-34	3.2138418e-30	3.2983547e-34	9.015738e-36	3.532726e-23	5.653253e-32	0.0	0.0	0.0
ERR3728251	2	Homo sapiens	4.67e-42	0.0	0.0	0.0	0.0	0.0	0.0	1.175862e-39	0.0	0.0	0.0	1.0	1.9405389e-29	0.0	0.0	1.1502681e-37	2.2381036e-33	1.6728351e-37	1.034884e-39	3.3925634e-25	8.1934235e-35	0.0	0.0	0.0
ERR3728252	2	Homo sapiens	1.6899989e-37	0.0	0.0	0.0	0.0	0.0	0.0	1.1108824e-35	1.02e-43	0.0	3e-45	1.0	3.919708e-27	0.0	0.0	9.095544e-34	8.783665e-31	2.2630222e-34	3.2463486e-35	2.9944043e-25	1.4600506e-33	0.0	0.0	0.0
ERR3728254	2	Homo sapiens	2.4247602e-25	7.29669e-40	0.0	0.0	2.237601e-35	1e-44	9.8e-43	1.2920136e-23	1.2760239e-25	8.562605e-35	1.0612374e-28	1.0	4.9195236e-20	1e-45	9.8683755e-36	5.050531e-26	1.5933673e-19	2.206175e-23	2.754773e-27	2.1964402e-21	7.003915e-33	1.60161e-40	6.7e-44	6.1569113e-37
ERR3728255	2	Homo sapiens	1.3006109e-27	4.906e-42	0.0	0.0	5.441389e-38	0.0	1e-44	8.652162e-26	3.619732e-28	3.11457e-37	9.9054876e-33	1.0	9.714079e-22	0.0	2.4940845e-38	3.9991654e-28	8.606345e-22	1.5910904e-25	5.250917e-29	3.679705e-23	1.3997619e-34	1.52e-42	0.0	2.650811e-39
ERR3728256	2	Homo sapiens	1.5712364e-31	0.0	0.0	0.0	2.07e-43	0.0	0.0	1.263159e-29	2.3445066e-31	4.104e-42	4.945751e-34	1.0	1.529649e-23	0.0	1.833e-42	9.489775e-31	8.432102e-24	7.2880675e-28	1.5679987e-32	3.6035695e-24	5.978062e-37	0.0	0.0	2.1e-44
ERR3728257	2	Homo sapiens	1.5305228e-26	6.0127e-41	0.0	0.0	5.1780375e-36	1e-45	2.21e-43	3.532627e-25	7.137832e-27	4.1455522e-36	9.772177e-32	1.0	2.0065477e-21	1e-45	7.663032e-37	4.3729395e-28	1.3951567e-21	9.806674e-25	1.7943575e-28	6.90814e-24	1.4974448e-34	1.3296e-41	4e-45	6.553162e-38
ERR4373119	2	Homo sapiens	5.063704e-06	0.00010285312	0.0	0.0	4.5152606e-06	1.0813208e-07	2.4901206e-07	3.5681755e-06	4.837807e-05	0.06722613	0.00030707114	0.8276442	0.09622217	0.007880655	1.4096305e-08	4.385842e-06	4.536512e-06	2.1813637e-05	0.0001943451	2.8881566e-05	0.0001432975	9.808534e-06	0.00014603398	1.9202287e-06
ERR4373134	2	Homo sapiens	2.093255e-05	7.3395845e-06	0.0	0.0	0.00022446745	1.1581064e-05	1.239037e-06	1.51531e-05	5.67109e-05	0.0025864711	0.00026338006	0.98914456	0.00055369706	2.2234803e-05	8.215628e-05	2.1189842e-05	1.3688022e-05	9.1094815e-05	2.6962845e-05	5.2732456e-05	6.3868814e-05	1.6733693e-05	0.006711035	1.2782074e-05
ERR4373146	2	Homo sapiens	1.12302416e-07	2.8744246e-08	0.0	0.0	2.6330454e-07	6.915891e-09	1.3571169e-09	3.6849406e-07	3.876919e-08	4.153433e-07	1.4713366e-07	0.99917465	6.218926e-06	3.1088851e-09	1.4285082e-08	8.812944e-07	4.712526e-07	0.0005956025	2.343952e-06	7.360512e-05	0.00013947886	2.0956973e-07	5.086072e-06	1.9940831e-08
ERR4373153	2	Homo sapiens	0.00046795263	0.0029972708	0.0	0.0	0.009629631	0.00028328216	7.7666795e-05	0.00035012022	0.0066876984	0.16417606	0.07326019	0.34574953	0.008299888	0.00039286033	0.0003819076	0.00047461214	0.0004069192	0.0027538582	0.0004194994	0.00047392072	0.0007055058	0.0005725195	0.3810814	0.0003577213
ERR4373159	2	Homo sapiens	0.0003373564	0.0022597169	0.0	0.0	0.004783164	0.00017974709	4.964154e-05	0.00019772138	0.0025862635	0.061939098	0.039517462	0.4259834	0.0065742624	0.00015735594	0.00051449024	0.00037913775	0.00032153568	0.002134113	0.00045466388	0.00049110886	0.00064479327	0.00015709068	0.45006192	0.00027594817
ERR4373979	2	Homo sapiens	9.2867926e-27	1.07619705e-30	0.0	0.0	4.9837893e-33	1.5341301e-34	2.5490898e-34	3.3460327e-25	1.5106981e-33	2.8283193e-32	9.974369e-35	1.0	8.683669e-17	5.675171e-34	1.9492254e-30	8.9262e-23	9.662587e-23	2.7044695e-18	2.1294105e-21	2.359131e-11	2.1218639e-13	7.427205e-33	8.278232e-33	6.417208e-32
ERR4373995	2	Homo sapiens	0.002356269	0.02101305	0.0	0.0	0.03608259	0.0018294737	0.0011380073	0.0015226884	0.05463222	0.066759534	0.389144	0.1435208	0.014284293	0.0058431095	0.0008691642	0.0022184593	0.0020802803	0.0049203965	0.0029047164	0.004693929	0.0036218956	0.004588668	0.2306029	0.0053735306
ERR4373996	2	Homo sapiens	0.0006691161	0.00035015718	0.0	0.0	0.008648491	0.0002761486	3.4009063e-05	0.000391135	0.012501394	0.056917094	0.11887063	0.31273028	0.0034574054	0.00030121632	0.0022172716	0.0005358615	0.0004761027	0.002469645	0.0009330126	0.0017799935	0.000774658	0.001602468	0.4722489	0.0018149911
ERR4373997	2	Homo sapiens	7.134145e-07	1.6833492e-07	0.0	0.0	5.050198e-07	5.714971e-08	2.9217226e-09	1.4400914e-06	1.8551347e-05	0.0026594745	0.00024396797	0.9869095	0.008213724	0.00182995	1.3495228e-08	6.5386706e-07	7.9634714e-07	1.6928667e-06	7.076597e-05	1.1004099e-05	2.997377e-05	1.7211742e-07	5.5087894e-06	1.3623113e-06
ERR4373998	2	Homo sapiens	0.00084972166	0.00086803536	0.0	0.0	0.036038138	0.000796036	0.00096422	0.0008778801	0.08306416	0.00082708977	0.7477724	0.10554726	0.00072491064	0.00073598186	0.0013742631	0.000880447	0.00090996595	0.0008822401	0.0008494671	0.00082841294	0.00085004675	0.0015106397	0.0037349402	0.009113764
ERR4373999	2	Homo sapiens	0.0006691161	0.00035015718	0.0	0.0	0.008648491	0.0002761486	3.4009063e-05	0.000391135	0.012501394	0.056917094	0.11887063	0.31273028	0.0034574054	0.00030121632	0.0022172716	0.0005358615	0.0004761027	0.002469645	0.0009330126	0.0017799935	0.000774658	0.001602468	0.4722489	0.0018149911
ERR4374000	2	Homo sapiens	0.002356269	0.02101305	0.0	0.0	0.03608259	0.0018294737	0.0011380073	0.0015226884	0.05463222	0.066759534	0.389144	0.1435208	0.014284293	0.0058431095	0.0008691642	0.0022184593	0.0020802803	0.0049203965	0.0029047164	0.004693929	0.0036218956	0.004588668	0.2306029	0.0053735306
ERR4374001	2	Homo sapiens	7.134145e-07	1.6833492e-07	0.0	0.0	5.050198e-07	5.714971e-08	2.9217226e-09	1.4400914e-06	1.8551347e-05	0.0026594745	0.00024396797	0.9869095	0.008213724	0.00182995	1.3495228e-08	6.5386706e-07	7.9634714e-07	1.6928667e-06	7.076597e-05	1.1004099e-05	2.997377e-05	1.7211742e-07	5.5087894e-06	1.3623113e-06
ERR4374002	2	Homo sapiens	0.00015798045	0.00017596855	0.0	0.0	0.002287066	0.0002171332	1.8101553e-05	0.00012499459	0.004100922	0.032775853	0.032345455	0.110824496	0.0018895748	9.274281e-05	0.00018493617	0.00017140525	0.00015188367	0.00084300135	0.00015994534	0.00015674537	0.0002497379	0.00049120956	0.81243336	0.00014746659
ERR4374003	2	Homo sapiens	0.00084972166	0.00086803536	0.0	0.0	0.036038138	0.000796036	0.00096422	0.0008778801	0.08306416	0.00082708977	0.7477724	0.10554726	0.00072491064	0.00073598186	0.0013742631	0.000880447	0.00090996595	0.0008822401	0.0008494671	0.00082841294	0.00085004675	0.0015106397	0.0037349402	0.009113764
ERR4374004	2	Homo sapiens	0.00082321226	0.016107993	0.0	0.0	0.011520859	0.00026426866	0.00017803891	0.00049877056	0.004279376	0.24401571	0.04452843	0.43624333	0.018919421	0.0014220679	0.0023168116	0.0007405691	0.0006312556	0.003630578	0.00088275794	0.0010299925	0.0010973313	0.0027883735	0.20701104	0.0010698271
ERR4374005	2	Homo sapiens	0.00048692964	0.00044293018	0.0	0.0	0.016235527	0.00018280426	0.00024319613	0.0004935233	0.032886032	0.0006514264	0.86777496	0.065343514	0.0008203521	0.0005364372	0.0019454845	0.0004995325	0.0005038057	0.00053491106	0.0006445213	0.00055609876	0.00063309085	0.00078211323	0.0032027266	0.0046000495
ERR4374006	2	Homo sapiens	0.0002643562	0.00022693702	0.0	0.0	0.0045764185	9.7881515e-05	4.2777636e-05	0.00018020872	0.0077507854	0.035517108	0.08747173	0.38724455	0.002449494	0.00014119527	0.000713809	0.00027699693	0.0002452906	0.0013319196	0.00022569949	0.00024792814	0.0003581313	0.00047464593	0.46976116	0.00040096225
ERR4374007	2	Homo sapiens	0.00010549556	9.6156866e-05	0.0	0.0	0.80154204	5.647175e-05	1.4637066e-05	8.5322295e-05	0.0011873173	0.017945109	0.003148253	0.05664856	0.0012159935	6.15827e-05	9.407676e-05	0.00011230017	9.9539815e-05	0.00059204054	9.955133e-05	0.0001024472	0.00015312781	0.00017431633	0.116336785	0.00012885079
ERR4374008	2	Homo sapiens	0.000939835	0.0020249966	0.0	0.0	0.012357521	0.00054864446	0.00056416745	0.00083862623	0.034525096	0.0047708214	0.17751928	0.42357364	0.004418667	0.001065108	0.0025396934	0.0009496558	0.0009372963	0.001517545	0.0011884009	0.0011037672	0.00137977	0.00077890867	0.32136193	0.005096633
ERR4374009	2	Homo sapiens	0.00022965735	0.00014913846	0.0	0.0	0.002829685	0.00021719812	3.0997377e-05	0.00017911069	0.006750472	0.042349014	0.050936725	0.5134356	0.0027040318	0.000125541	0.0002688273	0.00029955033	0.0002540549	0.006225388	0.00026528165	0.00037335014	0.00037310645	0.00037751842	0.3714628	0.00016295505
ERR4374010	2	Homo sapiens	0.00013183914	9.6313415e-05	0.0	0.0	0.000698508	3.2183027e-05	1.1577535e-05	0.00014942043	0.0033528544	0.045053184	0.02558473	0.6637156	0.006264004	0.0004012174	5.5858643e-05	0.00013675823	0.000112439884	0.00075315055	0.00034764683	0.00014758432	0.00029446007	0.00014060232	0.25240746	0.00011259442
ERR4374011	2	Homo sapiens	0.00012611818	0.000102899176	0.0	0.0	0.0015621826	0.00020824808	1.4273991e-05	0.00011663975	0.0038732414	0.008390292	0.022128075	0.1593114	0.0007580277	6.771524e-05	0.00021858864	0.0001356117	0.0001231944	0.00053163286	0.00011077968	0.000106557105	0.00016699883	0.0001865235	0.8015699	0.00019113721
ERR4374012	2	Homo sapiens	0.00043094912	0.00040641337	0.0	0.0	0.0051259953	5.333125e-05	0.00039296108	0.0003340028	0.016257474	0.00058049755	0.22602682	0.7317493	0.0011925068	0.001551678	0.0008793815	0.00040402886	0.0004398606	0.00040202762	0.0009090848	0.0005763856	0.0007281188	0.00041618722	0.0030482812	0.008094724
ERR4374013	2	Homo sapiens	0.0004406876	0.00024683954	0.0	0.0	0.0060670655	7.971307e-05	3.6210164e-05	0.0004371708	0.019206224	0.14616862	0.052840136	0.5156567	0.00782164	0.000831146	0.00020175181	0.00046454463	0.00042526764	0.0018579393	0.00077563635	0.00072065054	0.0009554397	0.0033069511	0.24010159	0.0013580516
ERR4374014	2	Homo sapiens	0.00027162902	0.00020006174	0.0	0.0	0.0018721968	0.00020264935	3.5406014e-05	0.00019901914	0.004256838	0.13549542	0.06642643	0.5130005	0.00963577	0.0005068494	0.00013350391	0.00026257086	0.0002351649	0.0013925984	0.0005364981	0.00033049678	0.00066592474	0.00026459468	0.26390925	0.0001666183
ERR4374015	2	Homo sapiens	6.0208502e-05	3.5397705e-05	0.0	0.0	0.0013989281	5.152828e-06	7.7759e-06	4.721881e-05	0.0035197395	0.0010946988	0.002173257	0.9819847	0.0015949656	0.0031410004	3.0327123e-05	5.5273566e-05	5.5824818e-05	9.4156276e-05	0.00026515312	0.00021571972	0.00029469852	1.2356345e-05	0.0033451675	0.0005683089
ERR4374016	2	Homo sapiens	0.00024344317	0.00019616037	0.0	0.0	0.007981379	0.00021212688	6.523647e-05	0.0001769043	0.0072133252	0.04358858	0.052701887	0.12198342	0.0020881402	0.00012140414	0.00024086307	0.00026045306	0.0002335718	0.001353315	0.00023640852	0.00021782731	0.00034942527	0.0005941229	0.7597215	0.00022049222
ERR4374017	2	Homo sapiens	0.0007745392	0.0007187084	0.0	0.0	0.031419624	0.0003124637	0.0005308494	0.000747602	0.06509418	0.00056284794	0.67275614	0.20013596	0.00060912455	0.00054959045	0.0038338264	0.00078563386	0.0008109713	0.00079226797	0.00072695134	0.00068028446	0.0007787904	0.0023225506	0.0037401095	0.011317015
ERR4374018	2	Homo sapiens	0.00031652913	0.00019700587	0.0	0.0	0.01831261	0.00011903311	4.318154e-05	0.0002687032	0.008130494	0.067888044	0.076952934	0.45809335	0.003237465	0.00022547356	0.00027777048	0.00033566303	0.00029133583	0.0016680753	0.00036101154	0.00040715837	0.00055400614	0.00043696447	0.36147562	0.00040759536
ERR4374019	2	Homo sapiens	0.00027145114	0.00028444335	0.0	0.0	0.0016755706	0.00014381218	6.2011495e-05	0.00017677473	0.008143523	0.01955563	0.022260834	0.5896438	0.0025560348	0.00044397672	0.00037108254	0.0002571436	0.0002555457	0.0007703567	0.000505718	0.00044906783	0.0006590306	0.00015958665	0.3507688	0.00058579084
ERR4374020	2	Homo sapiens	0.00019766582	0.0013280244	0.0	0.0	0.0012459836	7.5849784e-05	0.00030336308	0.00011133366	0.0009149835	0.010894616	0.001930299	0.9063306	0.021463213	0.0024040632	0.00025981638	0.00016645051	0.00016665956	0.0003864555	0.0007477591	0.0006127843	0.00076487416	3.6630616e-05	0.049306873	0.0003517229
ERR4374021	2	Homo sapiens	0.0007174652	0.0005545799	0.0	0.0	0.1382469	0.000256617	0.00042510786	0.0006978674	0.034998022	0.00062214176	0.40030798	0.40173006	0.0005823565	0.00046377667	0.0041729123	0.00069373776	0.00073093374	0.00076395855	0.00064888265	0.0005480367	0.000686379	0.0016503202	0.0028613482	0.0076406337
ERR4374022	2	Homo sapiens	0.00042223738	0.00032385607	0.0	0.0	0.006558086	0.00040540067	7.50518e-05	0.00037485978	0.01906903	0.05546637	0.15265194	0.36539385	0.0026138637	0.00022014954	0.00061692117	0.00045898376	0.00040311358	0.001954939	0.00037551095	0.000424956	0.0005663623	0.0006492829	0.390387	0.000588266
ERR4374023	2	Homo sapiens	6.158185e-05	3.8850663e-05	0.0	0.0	8.628078e-05	9.777935e-07	1.1430425e-06	0.0001601518	0.00097043795	0.004266162	0.0067092553	0.927167	0.051805563	0.0038966534	9.302726e-05	5.435937e-05	4.629668e-05	8.541413e-05	0.0017242428	0.0010379828	0.0010277592	7.457515e-06	0.00058302615	0.00017635617
ERR4374024	2	Homo sapiens	0.00021292368	0.00015461915	0.0	0.0	0.0027074874	8.3754814e-05	2.3913486e-05	0.00014292663	0.00482489	0.033175215	0.13507253	0.6523135	0.0042939065	0.00022882395	0.00014505965	0.00022438436	0.000200344	0.0009700803	0.00033787615	0.00040461478	0.0004051933	0.00018679861	0.16360022	0.0002910009
ERR4374025	2	Homo sapiens	0.00031055018	0.00032195606	0.0	0.0	0.00895762	0.0002866402	6.5515684e-05	0.00021455335	0.004837643	0.050032854	0.10444725	0.15350495	0.0034084106	0.00020811004	0.0002979184	0.0003183297	0.00028021506	0.0015786206	0.00028839833	0.00033170925	0.00044903567	0.0006171751	0.6689892	0.0002533617
ERR4374026	2	Homo sapiens	8.9118264e-05	0.0002340747	0.0	0.0	0.0003662472	4.2318523e-05	8.621552e-06	4.1952786e-05	0.0005460818	0.09995423	0.0038625912	0.7157741	0.056116786	0.0027909006	1.554168e-05	8.1467064e-05	7.658161e-05	0.00042930833	0.0007443495	0.00039903072	0.0005877771	1.5891314e-05	0.11774378	7.923827e-05
ERR4374027	2	Homo sapiens	0.0004708346	0.0014530142	0.0	0.0	0.01692301	0.00028046858	7.6001736e-05	0.00030146496	0.00761625	0.12296153	0.13547292	0.23787963	0.011073803	0.0003836923	0.000335965	0.0004759498	0.0004234503	0.002433614	0.00050137314	0.0004864164	0.00077042176	0.0003484379	0.45883515	0.0004965827
ERR4374028	2	Homo sapiens	0.00011273844	8.674919e-05	0.0	0.0	0.0029627925	0.00020675384	6.440556e-06	8.1159706e-05	0.002279658	0.020313228	0.007834094	0.031129116	0.0016800031	7.921287e-05	0.00011163428	0.0001082386	9.70545e-05	0.0005171254	0.00011346218	0.000122067315	0.00017923993	0.0002962605	0.93158305	9.9918696e-05
ERR4374029	2	Homo sapiens	0.00032033952	0.34236157	0.0	0.0	0.0015755409	0.000118891025	0.0001358783	0.00013110103	0.00058332767	0.45709	0.004915686	0.068125956	0.025150493	0.00072003657	0.00019261826	0.00023865116	0.00021541296	0.0011690436	0.0004126709	0.00033406366	0.00056529965	0.00016585666	0.09531963	0.00015795375
ERR4374030	2	Homo sapiens	0.00023788914	0.0011019066	0.0	0.0	0.00886727	4.1978416e-05	2.3740758e-05	0.00011845624	0.0009133997	0.04223419	0.008298594	0.7737651	0.016256997	0.0011171097	0.00028616717	0.000189179	0.00018126742	0.00071252865	0.0005079613	0.00056609674	0.0006297833	6.0387298e-05	0.14362842	0.0002615789
ERR4374031	2	Homo sapiens	0.00020138526	0.00015050519	0.0	0.0	0.003233965	0.00011355175	3.0656785e-05	0.00017306242	0.0069625108	0.027375802	0.062868185	0.6530134	0.0014496389	9.768201e-05	0.00023266328	0.00021478049	0.000192534	0.0009859146	0.0001764178	0.00018909661	0.00027512808	0.00030989983	0.24147078	0.00028238937
ERR4374032	2	Homo sapiens	0.00023377445	0.00040450826	0.0	0.0	0.0051549054	0.0001791215	3.001209e-05	0.00015427351	0.0030337211	0.060366467	0.02428467	0.28705642	0.004597299	0.00016494625	0.0012695937	0.00024193112	0.00021288688	0.0011539462	0.00023681308	0.00024413147	0.00038376087	0.00029201832	0.6099024	0.0004024387
ERR4374033	2	Homo sapiens	0.00025156722	0.0004747952	0.0	0.0	0.0016686869	0.000114938644	4.643067e-05	0.00016451345	0.0028854657	0.05754901	0.028274952	0.34788242	0.0040414375	0.00033859166	0.00055351143	0.00023509693	0.0002081605	0.0011326161	0.00023249704	0.00025760668	0.0004214776	0.00033512057	0.5524609	0.0004701697
ERR4374034	2	Homo sapiens	0.00012825929	0.0025182685	0.0	0.0	0.0003723014	6.722579e-06	2.750954e-06	0.000104364706	0.000403277	0.28572682	0.002666922	0.57849205	0.09196343	0.012654073	6.6689e-05	0.000103305945	9.3005554e-05	0.00046414038	0.0009493603	0.00043742362	0.00078582205	0.0004096671	0.021465238	0.00018612601
ERR4374035	2	Homo sapiens	0.0002977933	0.0002452464	0.0	0.0	0.005548725	0.00023162359	4.657114e-05	0.00023487292	0.010004367	0.052735426	0.10076104	0.2175475	0.0026795184	0.00014845788	0.00035184983	0.00031863694	0.000283599	0.0016721815	0.00027243947	0.0003093633	0.0004213804	0.0006632065	0.6049144	0.00031175645
ERR4374036	2	Homo sapiens	0.00079264614	0.0006687586	0.0	0.0	0.022957163	0.00035627297	0.00037748672	0.00072531524	0.035451543	0.001060781	0.5586893	0.35007173	0.00078523107	0.0005958431	0.0034555856	0.0007645147	0.0007849785	0.00091587903	0.0006894831	0.00080001005	0.00081052113	0.0020450947	0.010709025	0.0064928816
ERR4374037	2	Homo sapiens	6.0938684e-05	7.6632205e-05	0.0	0.0	0.00023882162	1.6265712e-05	9.092163e-07	4.3199285e-05	0.00021862214	0.056758124	0.0048118457	0.886765	0.029575957	0.002118256	9.841332e-05	4.941034e-05	4.4059027e-05	0.00023171226	0.00027228493	0.00021323885	0.00029450768	3.012844e-05	0.01801766	6.4021915e-05
ERR4374038	2	Homo sapiens	0.00029203112	0.0003021203	0.0	0.0	0.0034908631	0.00028111393	3.8350343e-05	0.0002493279	0.008908325	0.06767892	0.06623364	0.3816625	0.0038204645	0.00022755921	0.0002166139	0.0003001568	0.00027243406	0.0015822153	0.00034911142	0.000315112	0.0004618336	0.00030178615	0.46276006	0.00025546644
ERR4374039	2	Homo sapiens	0.00025897956	0.0003563142	0.0	0.0	0.0024220266	8.113469e-05	5.66371e-05	0.00019479152	0.0065791425	0.0031225113	0.015342181	0.9459362	0.00093180937	0.00043888166	0.002729173	0.00023926562	0.00021753265	0.000547517	0.00035083227	0.0003569441	0.00037200333	0.00038494452	0.016784567	0.0022966159
ERR4374040	2	Homo sapiens	8.787834e-05	3.2557455e-05	0.0	0.0	0.00059259014	8.167274e-05	5.261262e-06	5.5799745e-05	0.0012794909	0.040239338	0.01633003	0.7326298	0.0096905045	0.0004008671	7.312208e-05	9.205852e-05	8.1830505e-05	0.00045630996	0.00028400077	0.0001662052	0.00032415087	5.373784e-05	0.19694768	9.516396e-05
ERR4374041	2	Homo sapiens	0.0011974082	0.0010484093	0.0	0.0	0.01828914	0.00041958838	0.000507652	0.0008142342	0.03944658	0.021739623	0.103330955	0.7036455	0.017190715	0.0032805551	0.0015697561	0.0011041086	0.0010772708	0.0023140537	0.0028604616	0.0028325035	0.0028267822	0.0011857793	0.068841554	0.0044773165
ERR4374042	2	Homo sapiens	0.0003177875	0.00024594736	0.0	0.0	0.005523464	0.00022887059	4.8396098e-05	0.00028081844	0.011196373	0.065159395	0.13901213	0.23428078	0.0036118547	0.00018209376	0.00029866394	0.0003435941	0.00030664855	0.0018361466	0.00030513434	0.00033733176	0.0004625478	0.00057340454	0.5350275	0.00042107998
ERR4374043	2	Homo sapiens	0.00025480383	0.0045357873	0.0	0.0	0.001055555	5.3696232e-05	1.9610337e-05	9.687434e-05	0.0009752787	0.14910404	0.010623603	0.4228415	0.019633444	0.002163342	0.00038249092	0.00020541789	0.00017757251	0.0009292905	0.0006280898	0.0005303722	0.0006893889	0.00026116747	0.38461867	0.0002200234
ERR4374044	2	Homo sapiens	0.00033218096	0.00024736137	0.0	0.0	0.0041812984	0.00023401181	4.7294823e-05	0.00026507903	0.010161694	0.07616562	0.154271	0.33899444	0.0029114413	0.00020101081	0.0010057217	0.00036220351	0.00031491404	0.0016891977	0.00034750305	0.00031861197	0.00048282347	0.0004488251	0.40668717	0.00033057763
ERR4374045	2	Homo sapiens	0.00059022504	0.00046602995	0.0	0.0	0.021933686	0.00015631654	0.0002790665	0.00057626877	0.051570076	0.000528065	0.5170164	0.3855679	0.00058834895	0.0003688863	0.0026707717	0.0005911804	0.0006151656	0.00065616	0.00058367813	0.00054600195	0.00060787617	0.0014305504	0.005917094	0.006740238
ERR4374046	2	Homo sapiens	0.00083468074	0.0008827839	0.0	0.0	0.10909155	0.00024039143	0.00051808846	0.0008029878	0.084079124	0.00048576744	0.44354957	0.3330439	0.00066539715	0.0005633378	0.0040186257	0.0008443557	0.0008603691	0.0008208572	0.000781454	0.0007758739	0.00080666965	0.001727724	0.0027827367	0.011823773
ERR4374047	2	Homo sapiens	7.338028e-06	1.630716e-05	0.0	0.0	6.1886734e-05	2.182983e-06	5.808175e-07	4.328404e-06	7.645841e-05	0.00557875	0.00021588689	0.9906121	0.0014606755	9.3185656e-05	1.1924548e-06	6.7933947e-06	7.0083843e-06	3.7152917e-05	3.8390303e-05	2.1495278e-05	3.9209597e-05	1.6556196e-06	0.0017147189	2.7088586e-06
ERR4374048	2	Homo sapiens	0.0007986463	0.00089719205	0.0	0.0	0.01325258	0.00048369053	0.00033817734	0.0007494206	0.021303827	0.016510911	0.4076224	0.36133385	0.0028031017	0.00069274445	0.0025330482	0.0008663456	0.0007981956	0.0020634565	0.0008843743	0.00088920014	0.0010928309	0.0011521376	0.1607965	0.0021373595
ERR4374049	2	Homo sapiens	0.00048082287	0.00035607288	0.0	0.0	0.010252575	0.00012682493	0.00014815356	0.00034585627	0.018549165	0.05276536	0.11375571	0.3584667	0.0029486793	0.00026870568	0.0028308204	0.0005148521	0.00045417517	0.0020567644	0.0004907046	0.0005478976	0.00072358	0.0008026821	0.43080148	0.002312404
ERR4374050	2	Homo sapiens	0.00010709796	7.171241e-05	0.0	0.0	0.0014332461	8.692696e-05	1.13738715e-05	6.929324e-05	0.0024613554	0.01943223	0.020116603	0.23238644	0.0010101456	6.986053e-05	0.00016445617	0.00011441058	0.00010080296	0.00056079123	0.0001047094	0.00012176879	0.00017287298	0.0002201235	0.72101706	0.00016671192
ERR4374051	2	Homo sapiens	0.00028488148	0.00022942033	0.0	0.0	0.0050333985	0.00018520161	4.8068363e-05	0.00024845582	0.01276954	0.035951182	0.122249566	0.4716068	0.002073757	0.00014705863	0.00035986886	0.00030793605	0.00027450352	0.0014188383	0.00024947576	0.00025123305	0.00038230384	0.00041860898	0.34506306	0.00044684956
ERR4374052	2	Homo sapiens	3.7622453e-05	1.5145746e-05	0.0	0.0	0.00051904377	4.6659898e-05	1.1231044e-06	1.9682157e-05	0.0003306086	0.06837477	0.0012187295	0.849479	0.020689752	0.0024889016	2.9244e-06	3.402786e-05	3.456456e-05	0.00018874246	0.00033222788	0.00011863358	0.000307414	8.912012e-06	0.055734526	1.6953307e-05
ERR4374053	2	Homo sapiens	9.0692325e-08	4.6098823e-08	0.0	0.0	8.362964e-09	6.5122334e-09	2.3026605e-08	1.8583289e-07	3.9442986e-07	0.00015233773	1.0551337e-05	0.95610297	0.04280312	8.060045e-05	1.0692137e-10	4.0274534e-07	1.4873747e-07	4.6551926e-07	0.0001269173	6.967095e-05	0.0006479247	1.6723702e-10	4.110329e-06	6.8204895e-09
ERR4374055	2	Homo sapiens	0.000381833	0.0004526031	0.0	0.0	0.012787141	0.0002855788	6.661121e-05	0.00029186264	0.008308316	0.08223931	0.097397804	0.21267188	0.0036483733	0.00021793538	0.0005626527	0.000414256	0.00035588784	0.002165849	0.00033544784	0.00033670673	0.0005157715	0.000896748	0.5752091	0.00045837834
ERR4374588	2	Homo sapiens	0.00022943057	0.00017694273	0.0	0.0	0.0030164826	0.00015196226	3.869029e-05	0.00017388274	0.004366538	0.057159677	0.036247153	0.4756592	0.0026105654	0.00018920131	0.00039863304	0.00023518784	0.00021106726	0.0012971318	0.00025014312	0.00020847995	0.00036452117	0.00043689506	0.41633692	0.00024131319
ERR4374589	2	Homo sapiens	0.0002254953	0.00015906601	0.0	0.0	0.00362732	0.0002019627	4.9038532e-05	0.00016086001	0.0064724092	0.039801	0.08024694	0.34311986	0.0021051366	0.00011437148	0.00022868521	0.00024093676	0.00021300849	0.0012613878	0.00022154789	0.00021500366	0.00033445365	0.00040757074	0.520318	0.0002759977
ERR4374838	2	Homo sapiens	9.92848e-07	1.1262192e-07	0.0	0.0	6.7075143e-06	4.6468944e-08	1.6222762e-08	1.1510261e-06	2.524719e-06	0.00013776532	1.838129e-05	0.9994545	0.000277255	1.01535325e-05	1.7139097e-08	9.3317664e-07	9.556377e-07	1.94972e-05	1.6082624e-05	9.059687e-06	1.0249743e-05	1.1126967e-07	3.338676e-05	1.2823364e-07
ERR4374839	2	Homo sapiens	0.0006780543	0.012748808	0.0	0.0	0.0090355035	0.0003959232	0.00012525899	0.00043693036	0.004301179	0.26103622	0.09026047	0.22419521	0.01942198	0.001161559	0.0010061249	0.0005870437	0.000526077	0.0031413056	0.0007624268	0.0006955404	0.0011633291	0.0003135095	0.36745372	0.00055382453
ERR4374851	2	Homo sapiens	0.0008663884	0.023370117	0.0	0.0	0.012463187	0.00040524386	0.0033236237	0.0004942302	0.013807633	0.020743715	0.010902178	0.6971015	0.007360795	0.001619145	0.0047282213	0.00082771713	0.0007628171	0.0015493814	0.0011683274	0.0010628448	0.001442082	0.00021313343	0.19157311	0.0042146104
ERR4374857	2	Homo sapiens	0.00036596134	0.00034652388	0.0	0.0	0.0153413825	0.0003063327	6.559303e-05	0.00029562978	0.01062863	0.07293084	0.10096913	0.17454742	0.003580392	0.00020666761	0.00038265067	0.0003916165	0.0003530783	0.0021117332	0.00033910788	0.00033285894	0.00050618453	0.0007184358	0.614931	0.0003488618
ERR4374858	2	Homo sapiens	0.00029582425	0.0006150351	0.0	0.0	0.06455781	3.95888e-05	5.1700517e-05	0.00017755847	0.0046249395	0.0018760602	0.0034500514	0.90451795	0.0093033565	0.0016840281	0.00019393957	0.0002492852	0.0002630554	0.0002993108	0.0010138669	0.0013221566	0.00066742767	5.8896614e-05	0.003915088	0.0008230903
ERR4374859	2	Homo sapiens	2.6066613e-05	0.00053188176	0.0	0.0	8.565217e-05	2.472966e-06	3.3736771e-06	1.22761485e-05	0.00010835188	0.066600576	0.00082764396	0.6739952	0.24868141	0.005751981	1.9879194e-06	1.9628511e-05	2.08926e-05	9.754349e-05	0.0004086426	0.00013079339	0.00043275123	2.403535e-06	0.0022516171	6.85146e-06
ERR4374860	2	Homo sapiens	0.00023576987	0.00019139276	0.0	0.0	0.004945461	0.00013875599	2.3520277e-05	0.00016762113	0.008760875	0.02744693	0.10007717	0.49863863	0.0018465756	0.00011530163	0.00026578276	0.00024154891	0.00021697041	0.001136246	0.00021996327	0.0002322855	0.00033409198	0.00034550368	0.3540798	0.00033978297
ERR4374861	2	Homo sapiens	0.00026446496	0.0001747417	0.0	0.0	0.004119182	0.00018051069	4.2571075e-05	0.00017533684	0.005429394	0.06756586	0.06742007	0.3351579	0.0047350065	0.00025416174	0.0005717017	0.0002788955	0.00025173454	0.0014047942	0.0003030167	0.00030759542	0.00049778284	0.00028841867	0.51009315	0.00048371765
ERR4374862	2	Homo sapiens	0.00021963946	0.0050902204	0.0	0.0	0.000791572	3.934445e-05	2.6462905e-05	0.00010717856	0.0004953294	0.25233608	0.0030958436	0.600117	0.08300878	0.0075657275	8.580499e-05	0.00017828487	0.00015668794	0.00076694594	0.0009633605	0.00050949876	0.0012236338	0.00055674644	0.042477194	0.00018864297
ERR4374863	2	Homo sapiens	0.00029144628	0.00025576833	0.0	0.0	0.07523053	0.00018656232	3.2791046e-05	0.00019427507	0.00729109	0.03397173	0.043850143	0.30116972	0.0030130676	0.00014858595	0.00031959754	0.00031741423	0.00027493385	0.0015045357	0.00026634405	0.00030523952	0.0004119839	0.00047348737	0.53011173	0.00037902792
ERR4374864	2	Homo sapiens	0.00017847939	0.00013588648	0.0	0.0	0.003709133	0.00014496688	2.816746e-05	0.00013090474	0.005095699	0.024798261	0.04721962	0.6552111	0.0013811375	9.875937e-05	0.00011194173	0.00018685723	0.00016252045	0.0008621626	0.00015213176	0.00018473326	0.0002360696	0.00023481442	0.25954378	0.00019287723
ERR4374865	2	Homo sapiens	0.00032052796	0.00033215934	0.0	0.0	0.06313082	0.00027021827	3.987591e-05	0.0002658837	0.0075816484	0.03787763	0.036003545	0.33235472	0.0024232757	0.00017312968	0.0004169774	0.00034465757	0.00030314593	0.0016051998	0.00029298174	0.00029888123	0.00047145702	0.00043843675	0.5146297	0.00042509782
ERR4374866	2	Homo sapiens	0.0003364379	0.00030425622	0.0	0.0	0.011997042	0.0002098715	5.2454063e-05	0.00024537396	0.0076301824	0.06551549	0.10259661	0.35419723	0.003303203	0.00018977732	0.00037518903	0.00035259489	0.00030263097	0.0017639482	0.00031944687	0.00033565966	0.00048894685	0.00060714496	0.4482803	0.00059621123
ERR4374867	2	Homo sapiens	0.00027444385	0.00018570901	0.0	0.0	0.0049643377	0.00012472698	2.236127e-05	0.00021738544	0.009687281	0.027669622	0.09271797	0.46568757	0.0018609073	0.00013844781	0.00034647845	0.00027578624	0.0002457249	0.0012629043	0.00025510162	0.00024073257	0.00034691126	0.00072259485	0.39235657	0.00039642074
ERR4374868	2	Homo sapiens	0.00017870395	8.840174e-05	0.0	0.0	0.0019256612	6.0044353e-05	1.1012811e-05	9.955037e-05	0.0089043565	0.046286773	0.016532147	0.8076068	0.0018573676	9.1085065e-05	0.00028376322	0.00015510592	0.00012047947	0.00072099775	0.00014491628	0.00014587361	0.000225044	0.00022364537	0.114188984	0.00014924974
ERR4374869	2	Homo sapiens	0.00065609254	0.0006339929	0.0	0.0	0.098874636	0.0001922445	0.00036950177	0.00066383806	0.043372035	0.0005101437	0.31323266	0.5209161	0.00079511246	0.0005356712	0.0043547372	0.00067965704	0.00064694346	0.0006407732	0.0006940658	0.00067508064	0.0008154919	0.0008566553	0.0016028214	0.008281745
ERR4374870	2	Homo sapiens	0.0003273686	0.0003742644	0.0	0.0	0.021159917	0.00018692305	3.9450762e-05	0.0002711183	0.008487184	0.051735524	0.053740233	0.58939075	0.00507137	0.0003411997	0.00025400255	0.00033287276	0.00030677725	0.001559232	0.0003499713	0.00041717428	0.0005807705	0.0002928872	0.26437905	0.0004019457
ERR4374871	2	Homo sapiens	0.00017170815	0.000120132696	0.0	0.0	0.0031089042	0.00024810876	1.4777826e-05	0.00016234042	0.0035419397	0.022900533	0.051295362	0.27666607	0.0015220065	8.9139394e-05	0.0001992067	0.00017909701	0.00016413294	0.0009234155	0.00016205822	0.00018082291	0.00023581403	0.0003262407	0.63758886	0.00019929878
ERR4374872	2	Homo sapiens	0.00024037226	0.00017173172	0.0	0.0	0.082514994	0.00016270413	3.2954555e-05	0.00020447624	0.003931734	0.047797143	0.018079655	0.47615966	0.0023045037	0.0001392275	0.00020709877	0.0002582053	0.00022464385	0.001302235	0.00021472454	0.00021960224	0.0003445186	0.00048757906	0.3646301	0.0003721213
ERR4374873	2	Homo sapiens	0.00028145255	0.00019851886	0.0	0.0	0.0115223555	0.00015286168	3.5159912e-05	0.00023384477	0.008494121	0.039173987	0.12001966	0.39431605	0.002830919	0.00014460992	0.00029104255	0.0003072112	0.0002749424	0.0015852326	0.00026705576	0.00025594872	0.0003983377	0.0005856714	0.41834116	0.0002898613
ERR4374874	2	Homo sapiens	0.00032122852	0.00025232162	0.0	0.0	0.004317034	0.00016331325	6.4285676e-05	0.0002727318	0.008313155	0.018515678	0.09467338	0.6927215	0.0026459151	0.00027127433	0.00037352915	0.0003229569	0.00029611954	0.001121902	0.00034392954	0.0004352405	0.0005072457	0.00030923935	0.17306079	0.0006972221
ERR4374875	2	Homo sapiens	0.00025819053	0.00027060395	0.0	0.0	0.004970686	0.000103614075	4.9581853e-05	0.00017873693	0.009454139	0.030580062	0.09280234	0.4023583	0.0024649687	0.00015122295	0.00024147965	0.0002697464	0.00024247242	0.001296583	0.00026408644	0.00025714215	0.0003827953	0.00047132684	0.4526137	0.00031822012
ERR4374912	2	Homo sapiens	2.8422535e-06	2.4243093e-06	0.0	0.0	5.1539637e-06	8.018857e-07	1.10320194e-07	1.9064852e-06	1.4051977e-05	0.029413441	4.226286e-05	0.87615323	0.0892736	0.004842071	9.344795e-07	1.9393765e-06	2.1299754e-06	9.312277e-06	0.000105650804	2.1032212e-05	8.0502e-05	6.742e-08	2.6103986e-05	4.1565346e-07
ERR4374913	2	Homo sapiens	0.0005398066	0.0012253209	0.0	0.0	0.020087076	0.0008830353	0.00046069233	0.00036606495	0.0047798688	0.120043136	0.05451801	0.055935275	0.007914075	0.0003954192	0.0007641075	0.00048584558	0.0004465545	0.0026235445	0.00042500847	0.00038112485	0.0007993011	0.0015529889	0.725017	0.00035674122
ERR4374914	2	Homo sapiens	0.0004696244	0.00040997795	0.0	0.0	0.019939447	0.00013361842	0.00031206416	0.00042242263	0.046796665	0.00025735906	0.6246657	0.29202944	0.00037481007	0.00031017233	0.0021748766	0.00047459773	0.00048591694	0.00045477066	0.00043925171	0.00044310722	0.00045312848	0.0011060957	0.0013943174	0.0064526214
ERR4374915	2	Homo sapiens	3.992792e-08	2.0142032e-09	0.0	0.0	1.6337514e-08	6.159599e-09	2.1266418e-09	3.3377667e-08	1.045965e-05	0.00021701926	0.00011786845	0.99307597	0.0064460286	0.00010422948	9.485693e-11	4.6695703e-08	6.2879444e-08	2.3872755e-07	7.5375265e-06	3.8624188e-07	3.5804974e-06	6.206803e-10	1.6448355e-05	3.301848e-09
ERR4374916	2	Homo sapiens	0.0003760734	0.00042727232	0.0	0.0	0.0038050087	0.00019925403	0.00021479002	0.00035267803	0.0122687435	0.00419832	0.03208042	0.77489084	0.0023444714	0.00044114352	0.0006457459	0.00037914523	0.0003824658	0.00080776477	0.00048339783	0.00044085537	0.00055018935	0.00037550577	0.16262867	0.0017072561
ERR4374917	2	Homo sapiens	0.00025869664	0.00018922509	0.0	0.0	0.004676795	0.00013670113	3.844827e-05	0.00019352903	0.008579039	0.04327486	0.11904067	0.41719756	0.0023528386	0.0001275459	0.0002964721	0.00027472075	0.00024125761	0.0014219956	0.00023709708	0.00023512816	0.00036348254	0.00047511802	0.40003926	0.000349565
ERR4374918	2	Homo sapiens	0.0003161899	0.00029002482	0.0	0.0	0.005976427	0.0002616917	6.883964e-05	0.00024603066	0.00879645	0.072759494	0.08681093	0.2158323	0.0030679798	0.00016740967	0.00039906503	0.00034917123	0.00030149115	0.0018173411	0.00027941828	0.00027790648	0.00043396768	0.00073910214	0.6003931	0.00041568387
ERR4374919	2	Homo sapiens	0.00027599666	0.0001632883	0.0	0.0	0.002190283	4.864843e-05	1.70262e-05	0.00030557666	0.0016995968	0.07909711	0.017624015	0.7560127	0.020293562	0.00048147165	9.020476e-05	0.0002010778	0.00024337287	0.0012794517	0.00048807712	0.0007663614	0.00061762263	0.00022083565	0.11772433	0.00015940535
ERR4374920	2	Homo sapiens	0.00030500078	0.0002149739	0.0	0.0	0.0071182637	0.00015089312	4.0289946e-05	0.00026010218	0.009689116	0.04470225	0.15667257	0.38776737	0.0024769255	0.00014561511	0.00032542928	0.00031447082	0.0002797436	0.0016048327	0.0002738359	0.0002864266	0.00039739753	0.00056352455	0.38580224	0.00060875714
ERR4374921	2	Homo sapiens	2.1616477e-05	3.7211394e-05	0.0	0.0	0.00046275713	3.579376e-06	1.1494601e-06	1.4069397e-05	0.00015743206	0.06909392	0.00095461315	0.91015095	0.015582211	0.0012724263	1.3788771e-06	1.8945866e-05	1.7872864e-05	9.6191434e-05	0.00018305847	9.013429e-05	0.0002043146	2.7871931e-06	0.0016278274	5.576035e-06
ERR4374922	2	Homo sapiens	0.0001025032	7.195893e-05	0.0	0.0	0.19913857	4.706084e-05	1.3822408e-05	5.546192e-05	0.0016005712	0.0063420017	0.0056763203	0.68468463	0.002490466	3.7985435e-05	9.1727554e-05	0.00016905984	0.00020852213	0.0016383014	0.00022979017	0.0002710725	0.00030247885	0.00012365953	0.096611455	9.257215e-05
ERR4374923	2	Homo sapiens	0.00037873752	0.022829024	0.0	0.0	0.0027983172	5.2485753e-05	7.3730975e-05	0.00016590327	0.0015191524	0.46477622	0.013849608	0.3723164	0.03480856	0.0025845673	0.00076954707	0.00030404396	0.00027500567	0.0014359582	0.0006819751	0.00047166372	0.00084906153	5.3629647e-05	0.07835741	0.0006490029
ERR4374924	2	Homo sapiens	0.00030071076	0.00024377767	0.0	0.0	0.0054459763	0.00018265883	5.6044402e-05	0.0002412914	0.011527109	0.038596306	0.12963498	0.48589486	0.00228046	0.00015882372	0.0003586198	0.00032138388	0.00028471177	0.0014898045	0.0002735642	0.0002846208	0.00040595842	0.00048698703	0.32112762	0.00040373372
ERR4374925	2	Homo sapiens	0.00027684428	0.0002060903	0.0	0.0	0.0071088662	0.00016276118	3.459399e-05	0.00019946716	0.009907746	0.035845865	0.14785525	0.376944	0.0022836325	0.00012753124	0.0003666813	0.00029601468	0.0002613245	0.0014452316	0.00024054747	0.00024548202	0.00036371633	0.00045457977	0.41492173	0.0004520128
ERR4374926	2	Homo sapiens	0.0006050262	0.00043401067	0.0	0.0	0.024432292	0.00025730528	0.00012949898	0.00057197135	0.02950574	0.02703685	0.13858241	0.5762	0.0041219397	0.0005042645	0.0010008484	0.0006470032	0.0006016558	0.0020273495	0.000708406	0.0006659124	0.0009396499	0.00073875254	0.18797395	0.0023151424
ERR4374927	2	Homo sapiens	2.4880339e-05	3.08303e-05	0.0	0.0	5.8031008e-05	5.621269e-06	4.2296827e-07	1.3531906e-05	0.00046118457	0.0129817985	0.00716686	0.9323327	0.040596258	0.0010683257	1.0498412e-06	1.8519519e-05	2.1567834e-05	9.179187e-05	0.00029216893	0.00014178369	0.00023013643	4.469666e-06	0.0044477703	1.0285027e-05
ERR4374928	2	Homo sapiens	0.00030699885	0.0019183488	0.0	0.0	0.016037619	0.00011105122	7.429741e-05	0.00020109696	0.0018564599	0.026107349	0.013205289	0.7935289	0.0033090666	0.00028557196	0.0015712287	0.00027690455	0.00024246523	0.0011229569	0.0002911742	0.00039990185	0.00041999578	0.00018191416	0.13814661	0.0004048071
ERR4374929	2	Homo sapiens	0.00043383645	0.0002593845	0.0	0.0	0.005758304	0.00024156057	0.00033943466	0.00040953702	0.015085479	0.00072592404	0.08765476	0.8762157	0.0013256341	0.0009800713	0.001590296	0.00038802598	0.00042520365	0.00044017448	0.0006660766	0.0006837219	0.0006977931	0.00046838343	0.001955672	0.0032550385
ERR4374948	2	Homo sapiens	0.0009499895	0.0016588375	0.0	0.0	0.022008948	0.0005555059	0.0008542293	0.0007768233	0.15484025	0.001267009	0.04737764	0.6972351	0.0017217888	0.0010380211	0.004262439	0.0009328549	0.00092685106	0.0011053997	0.0013032423	0.0011303195	0.00137062	0.0016016309	0.050873075	0.0062094172
ERR4374962	2	Homo sapiens	2.0738606e-05	7.2323205e-06	0.0	0.0	6.8107125e-05	9.3887575e-06	2.2031018e-06	1.1502307e-05	0.0003770236	0.011343991	0.0015966478	0.94221336	0.0040494595	0.00014655286	4.8244624e-06	2.1024358e-05	1.9661815e-05	0.00010592066	6.937712e-05	5.1383355e-05	9.384914e-05	1.7318647e-05	0.039755795	1.4626416e-05
ERR4374963	2	Homo sapiens	1.5482754e-05	4.520524e-06	0.0	0.0	9.337479e-05	6.8628237e-06	2.6551438e-06	1.3374148e-05	0.0008605621	0.0007779886	0.0015233943	0.99214447	0.0015734899	0.0022073516	2.2930642e-06	1.5767677e-05	1.8095434e-05	2.5797697e-05	0.00020571348	0.00010039483	0.00015193419	2.243056e-06	0.00022464331	2.9603225e-05
ERR4375010	2	Homo sapiens	0.000523011	0.00060182565	0.0	0.0	0.20539285	0.00030747097	0.00021290318	0.00046452114	0.01101126	0.0016182711	0.00777941	0.74982613	0.0013192444	0.0010722211	0.0019662194	0.0004872004	0.00050428056	0.0005906675	0.0006540648	0.0009397685	0.0008705542	0.0005953978	0.008162271	0.0051004337
ERR4375011	2	Homo sapiens	0.00015847934	0.00010405795	0.0	0.0	0.0022986613	8.017893e-05	3.583921e-05	0.00012098655	0.0033959409	0.033515774	0.025224349	0.4358161	0.0023742644	0.00015911592	0.00017851891	0.00016771225	0.00015040774	0.00075489643	0.00022136631	0.00018558557	0.0003249522	0.00020831008	0.4942922	0.00023230075
ERR4375017	2	Homo sapiens	0.0008507335	0.00074245944	0.0	0.0	0.032759	0.00016861207	0.00058871054	0.00089739903	0.20044464	0.00076130993	0.4400315	0.28217393	0.0006654333	0.0006882563	0.0043376666	0.0008112785	0.0008432443	0.0007732992	0.0009517459	0.00092969404	0.0010436942	0.0016701493	0.0023003446	0.025566883
ERR4375025	2	Homo sapiens	0.00032925024	0.03352172	0.0	0.0	0.0012179182	4.8294587e-05	6.785073e-05	0.00016446538	0.00039347584	0.08900062	0.030163137	0.78076804	0.018429874	0.0008492941	0.00077582075	0.0002443427	0.00021051236	0.0012098867	0.00028470057	0.00021987132	0.0004507682	0.0014423146	0.040122334	8.550508e-05
ERR4375032	2	Homo sapiens	0.00029467884	0.00023009001	0.0	0.0	0.015116465	0.0001554233	4.3010525e-05	0.00022888272	0.008651399	0.04021833	0.09788736	0.441584	0.0029111933	0.0001851075	0.0003455032	0.00031920263	0.0002803357	0.0016428357	0.00026495836	0.0003097366	0.0004339454	0.0005543537	0.38795945	0.00038372865
ERR4375036	2	Homo sapiens	1.6549798e-07	1.5889682e-08	0.0	0.0	1.01382845e-07	3.2631956e-08	6.2144223e-09	1.2996254e-07	1.7796232e-05	0.0018703936	5.175248e-05	0.98883146	0.007908911	0.0012280069	4.6433407e-10	1.7114121e-07	2.2241511e-07	9.215734e-07	1.9123885e-05	9.282811e-07	1.1631109e-05	7.995802e-09	5.8214555e-05	1.2541381e-08
ERR4375039	2	Homo sapiens	7.686781e-05	2.9320845e-05	0.0	0.0	0.00015640099	4.2877677e-05	4.695508e-06	5.0485964e-05	0.0011675532	0.08762174	0.02949483	0.7855212	0.027939374	0.00082889927	5.8401315e-06	7.516779e-05	7.1249415e-05	0.00041503532	0.00032516898	0.00022821808	0.00039800556	2.7686274e-05	0.06547492	4.4470908e-05
ERR4375040	2	Homo sapiens	0.00035762333	0.00038645737	0.0	0.0	0.0058331857	0.00019974179	7.968469e-05	0.0002758202	0.0101041235	0.07979528	0.11055034	0.26496598	0.0035696721	0.00021676213	0.0005703799	0.00037706955	0.00033487738	0.0020425923	0.00033406657	0.00034147257	0.00048613021	0.000689369	0.5181529	0.00033647192
ERR4375042	2	Homo sapiens	1.490699e-08	2.2002038e-09	0.0	0.0	4.9665867e-09	1.353616e-10	4.220077e-09	9.270831e-08	1.7550013e-06	1.710943e-07	1.5525694e-06	0.99841136	0.0015728025	6.287095e-06	1.1083244e-10	1.2486316e-07	6.093954e-08	9.986184e-08	4.2859024e-06	5.342424e-07	8.1562587e-07	2.1998513e-10	3.2750158e-09	3.6774526e-09
ERR4375045	2	Homo sapiens	0.00020238016	0.00015952426	0.0	0.0	0.0033610817	0.00015638024	1.5853795e-05	0.00014347184	0.006165737	0.0285148	0.050606303	0.46928477	0.002074101	0.0001077405	0.0002958178	0.00020817005	0.00018998509	0.0009933736	0.00020187003	0.00022275126	0.00032511863	0.00032830113	0.43614894	0.0002935087
ERR4375046	2	Homo sapiens	0.00019565303	0.0016168983	0.0	0.0	0.07965992	0.00017340793	8.816949e-05	0.00013836907	0.0010580863	0.05244714	0.002621893	0.08505553	0.0026383474	0.00015283677	0.00025192706	0.0001888978	0.00016952427	0.0009010404	0.00018643493	0.00015209483	0.00027060945	0.00010719927	0.7717987	0.0001273474
ERR4375047	2	Homo sapiens	0.0024300034	0.006085508	0.0	0.0	0.029588342	0.000546754	0.0018233887	0.0024367254	0.1860625	0.020428607	0.2859674	0.24677645	0.0050110086	0.003332884	0.020047864	0.0025269075	0.002551817	0.00325488	0.0035281754	0.0034741217	0.003934551	0.014142996	0.10020128	0.055847824
ERR4375048	2	Homo sapiens	0.0002304706	0.00015980662	0.0	0.0	0.0046030623	0.000111640606	2.6177302e-05	0.00018014228	0.00948209	0.034645017	0.088896714	0.54881513	0.0021001813	0.00013535099	0.00029168266	0.00024408184	0.00021672326	0.0012816527	0.00021595175	0.00022741625	0.00032448763	0.00045133982	0.30706066	0.0003002442
ERR4375049	2	Homo sapiens	0.0009109447	0.0015593624	0.0	0.0	0.39391	6.574788e-05	0.0002757245	0.0046466864	0.0010381162	0.0017929053	0.021225633	0.5531754	0.002280637	0.0003434872	0.0027639964	0.000529409	0.00055602845	0.00066187885	0.0007108353	0.0009539295	0.001115995	0.0010863143	0.005987576	0.0044094357
ERR4375050	2	Homo sapiens	0.0003569387	0.0002616971	0.0	0.0	0.018005488	0.00026047585	5.3099335e-05	0.00030045258	0.009559961	0.07392163	0.09235048	0.17412508	0.0035098088	0.00022070823	0.00040792563	0.0003830413	0.00033481818	0.0020205248	0.0003566922	0.0003562257	0.0005386461	0.00067533384	0.6216636	0.00033741287
ERR4375132	2	Homo sapiens	0.00041529434	0.00026400006	0.0	0.0	0.0076202825	7.216276e-05	0.00023824988	0.0003728007	0.03532933	0.00058713404	0.19826007	0.74316484	0.0014010383	0.0015040473	0.000799868	0.00041078666	0.00044426505	0.00039118595	0.00076072814	0.00093392056	0.0007953864	0.00045136982	0.0008335146	0.004949707
ERR4375133	2	Homo sapiens	0.0002949639	0.00021782938	0.0	0.0	0.006558837	0.00017089043	3.8795348e-05	0.00023345828	0.010647916	0.03706546	0.1387389	0.38565862	0.00235842	0.00014448268	0.0003142967	0.00030994197	0.00027858475	0.0015251685	0.00026762666	0.00028022443	0.0003962102	0.0005141565	0.4135828	0.00040239457
ERR4375134	2	Homo sapiens	0.00033969874	0.0006053024	0.0	0.0	0.050486702	0.00016667698	0.00011123225	0.0002424494	0.0046572494	0.035021357	0.0137254195	0.7330578	0.0032518378	0.00026730727	0.00038370216	0.00032627105	0.00029884253	0.0012267648	0.0003621176	0.0003775521	0.0005706056	0.0004011145	0.15354703	0.00057295745
ERR4375135	2	Homo sapiens	0.00043297833	0.00043757894	0.0	0.0	0.0075429757	0.00018864905	8.711028e-05	0.00041425365	0.009557105	0.11180016	0.09921096	0.19334841	0.007071548	0.00031893264	0.0011999534	0.00042866424	0.00040800395	0.0021611229	0.00049391633	0.0005341009	0.00075483683	0.0006183049	0.562239	0.00075145054
ERR4375136	2	Homo sapiens	0.00028380335	0.00019936869	0.0	0.0	0.0033821089	5.987879e-05	1.8977771e-05	0.0002573181	0.0065364246	0.15157394	0.08202701	0.41965872	0.0029754124	0.0002116544	0.0002969045	0.00030081632	0.00026911387	0.0016337914	0.00035302172	0.00045063416	0.0005053464	0.0031969089	0.325035	0.0007738339
ERR4375137	2	Homo sapiens	0.0002254021	0.00016096249	0.0	0.0	0.0025722224	0.00010600748	2.4726787e-05	0.00018378378	0.007333224	0.0696095	0.08579386	0.40812522	0.007159777	0.00047690806	5.638337e-05	0.0002436635	0.0002192988	0.001307492	0.00042027613	0.00034627493	0.00057697744	0.00023464015	0.41452527	0.00029812305
ERR4375141	2	Homo sapiens	0.00055345654	0.00037271093	0.0	0.0	0.5362281	0.0003379807	8.5083484e-05	0.0004507899	0.012706169	0.00392323	0.10347805	0.28111172	0.0014059187	0.00042530213	0.0010409713	0.0005658671	0.00056267146	0.001138201	0.0005789471	0.00066877605	0.0007289374	0.0009863012	0.050185665	0.0024650998
ERR4375142	2	Homo sapiens	0.00029607964	0.00026255604	0.0	0.0	0.010240897	0.00020541996	4.348177e-05	0.00021957466	0.008705097	0.054175932	0.1174482	0.33807224	0.0047280183	0.00019096387	0.00018047987	0.00031165613	0.00028033508	0.0016587289	0.00031694843	0.0003436039	0.00046749358	0.00040517197	0.46110988	0.0003372375
ERR4375143	2	Homo sapiens	9.043136e-05	5.2010673e-05	0.0	0.0	0.0007869804	7.634438e-05	3.8197327e-06	6.4309366e-05	0.0029307136	0.021170082	0.016979542	0.6836286	0.001918178	0.00015578314	7.0916554e-05	9.371732e-05	8.796073e-05	0.0004470447	0.00014767275	0.0001410116	0.00022197634	9.3329254e-05	0.27074635	9.3196475e-05
ERR4375144	2	Homo sapiens	0.00010070923	0.000103547995	0.0	0.0	0.0011913563	5.9598216e-05	5.921769e-05	7.101702e-05	0.001829655	0.00031918325	0.0028102016	0.9839989	0.00034712412	0.00015302251	0.0021775207	9.361154e-05	8.897326e-05	0.00013379219	0.00014562612	0.0002124432	0.00019513705	5.0925526e-05	0.005411094	0.00044737282
ERR4383828	2	Homo sapiens	5.258978e-05	5.2903717e-05	0.0	0.0	0.00038737463	2.5121013e-05	1.5688214e-05	4.3016935e-05	0.0008739984	0.0003468524	0.0010489777	0.99159694	0.00046916606	0.0002784079	0.0010153675	5.1869847e-05	5.2420364e-05	7.776101e-05	0.00011954702	0.00015558385	0.00013712158	1.8639157e-05	0.0028735488	0.00030712943
ERR4383829	2	Homo sapiens	0.00024191497	0.0002660939	0.0	0.0	0.004266508	0.0001649475	7.6638746e-05	0.00019547314	0.005701784	0.0009284498	0.01465219	0.9521792	0.0012224145	0.00063721713	0.002189383	0.00022021389	0.00021276706	0.00032236395	0.0005671986	0.00044667677	0.0006105062	8.6609565e-05	0.013996012	0.000815455
ERR4384927	2	Homo sapiens	0.001245613	0.0019419929	0.0	0.0	0.029561237	0.00079144945	0.0008492506	0.0010804594	0.07761713	0.0022498164	0.3791672	0.4309123	0.0028534739	0.0013968983	0.004043042	0.0012528044	0.0012580185	0.001603533	0.0016659489	0.0018018257	0.0015954041	0.0016516495	0.04691269	0.008548291
ERR4385800	2	Homo sapiens	0.00039167132	0.00047802008	0.0	0.0	0.012406309	0.00014365217	5.982138e-05	0.0002665335	0.00837281	0.003589238	0.021184046	0.8273963	0.0019373714	0.0009911412	0.00081658317	0.00036796738	0.00033639916	0.00062312995	0.00063452526	0.0007376798	0.0006173366	0.0003455265	0.11636115	0.0019427993
ERR4385809	2	Homo sapiens	2.0760144e-05	3.8549548e-05	0.0	0.0	4.6381294e-05	1.3022577e-05	1.9867857e-06	8.636406e-06	7.615465e-05	0.0025612884	0.0002795224	0.9612639	0.0014074955	0.00016629895	1.549479e-05	1.6387721e-05	1.5018493e-05	4.8779606e-05	8.888863e-05	0.000109812296	9.1022615e-05	5.5232313e-06	0.033708718	1.6371605e-05
ERR4386464	2	Homo sapiens	7.56194e-40	0.0	0.0	0.0	0.0	0.0	0.0	4.0153627e-38	0.0	0.0	0.0	1.0	6.6951785e-24	0.0	0.0	7.6647713e-35	8.437548e-32	2.658773e-31	5.2067732e-34	1.1661577e-19	3.3665787e-27	0.0	0.0	0.0
ERR4386569	2	Homo sapiens	3.0109204e-05	0.0033302174	0.0	0.0	0.0005192562	5.5231803e-06	7.0236916e-07	9.166943e-06	4.169388e-06	0.10851458	8.9854e-06	0.72530526	0.1280237	0.031891715	1.5077088e-05	1.4695386e-05	1.4500292e-05	6.9539485e-05	0.000554766	0.0005164718	0.00036929295	9.367305e-06	0.0007887594	4.1592066e-06
ERR4386594	2	Homo sapiens	0.00011362611	9.366506e-05	0.0	0.0	0.0012863576	0.00010797369	1.1234394e-05	7.3152056e-05	0.0018744289	0.01429533	0.027838608	0.11246795	0.0012709921	6.222195e-05	0.00020187037	0.00010974743	9.8014454e-05	0.0005216223	0.000109010274	0.00015663687	0.00016808775	0.00012425236	0.83890027	0.00011493413
ERR4388102	2	Homo sapiens	0.00038716587	0.00032676206	0.0	0.0	0.007244756	0.0002460851	0.00012328726	0.000349054	0.0055691246	0.025766416	0.22416961	0.40175438	0.002035182	0.00023135122	0.00048658144	0.00041401197	0.00038145215	0.001503319	0.00034922932	0.0003671029	0.00049969176	0.00052428426	0.32635096	0.0009202053
ERR4388107	2	Homo sapiens	0.00046817726	0.00046584522	0.0	0.0	0.0107325055	0.000490031	7.456802e-05	0.00042677944	0.011177105	0.017790934	0.20051412	0.34684414	0.0019432778	0.00026712994	0.00067140517	0.00049428473	0.00045941328	0.0015641717	0.00041513736	0.00046396602	0.00057967193	0.0006759296	0.4022385	0.0012428985
ERR4388231	2	Homo sapiens	6.289869e-05	6.215606e-05	0.0	0.0	0.012274239	6.198389e-05	1.035016e-05	4.6678368e-05	0.00036476913	0.013880785	0.0018009484	0.05531696	0.0013055274	4.5960864e-05	0.00015741028	5.8312573e-05	5.4722124e-05	0.00028182502	0.000100828096	0.00010422777	0.00013083953	3.519564e-05	0.9138045	3.8886523e-05
ERR4388236	2	Homo sapiens	0.0001029389	0.00012935011	0.0	0.0	0.036296133	5.124226e-05	1.013168e-05	6.499397e-05	0.00026957627	0.01681863	0.0005756197	0.37190908	0.0028117283	0.0001499697	0.00040787	8.177894e-05	7.7070385e-05	0.00043311843	0.00017109908	0.00016359834	0.00022395303	4.470996e-05	0.569164	4.3428725e-05
ERR4391165	2	Homo sapiens	5.5690934e-12	1.010211e-11	0.0	0.0	4.6660633e-14	3.5841038e-17	2.8040335e-16	8.135393e-12	1.322716e-17	3.362901e-12	5.1509728e-17	0.9999965	3.9031536e-07	4.5189542e-15	1.0016204e-12	1.8809404e-11	9.0173605e-11	2.0846234e-09	1.9430962e-08	3.0846668e-06	9.574463e-09	8.667635e-15	1.3525442e-14	1.9791779e-14
ERR4391166	2	Homo sapiens	1.3661808e-11	2.3135556e-11	0.0	0.0	1.3357703e-13	6.792839e-17	6.769188e-16	1.6663141e-11	5.2147368e-17	1.7076129e-11	9.658673e-16	0.9999944	8.815109e-07	8.403454e-15	2.2377224e-12	5.580579e-11	2.9496508e-10	6.0126646e-09	5.2642644e-08	4.6230953e-06	2.4743352e-08	9.792531e-15	3.8699773e-13	1.5965744e-14
ERR4408185	2	Homo sapiens	0.00021862323	0.000118417294	0.0	0.0	0.025765551	0.000109376415	9.632862e-05	0.00018899045	0.0041408087	0.05832364	0.0052727154	0.6889046	0.005165868	0.00023138887	0.00013376579	0.00023061373	0.0002164006	0.0011984904	0.000334834	0.00030567005	0.00053047674	0.00066354265	0.20756674	0.00028318702
ERR4408187	2	Homo sapiens	0.00027855812	0.00015971123	0.0	0.0	0.004811109	0.00011127724	5.88202e-05	0.0002494451	0.0060814824	0.083504215	0.0798076	0.29405022	0.0030067884	0.00015423972	0.00023444807	0.00031066113	0.00026608974	0.0015864245	0.00027281925	0.0003080119	0.0004650679	0.001973369	0.5217151	0.00059455895
ERR4408188	2	Homo sapiens	0.000918684	0.0011360956	0.0	0.0	0.012358373	0.00024184861	0.00058988715	0.00068305235	0.18869323	0.0013853203	0.27442053	0.49168244	0.0023557742	0.0015950182	0.0023924217	0.0008600643	0.0008751555	0.0009096308	0.0013685367	0.0024182566	0.0018443494	0.0007868642	0.005251681	0.0072327876
ERR4413529	2	Homo sapiens	6.44681e-40	0.0	0.0	0.0	0.0	0.0	0.0	3.147292e-38	0.0	0.0	0.0	1.0	9.942525e-24	0.0	0.0	7.653505e-35	9.504811e-32	1.6230544e-31	2.783193e-34	9.8127286e-20	3.3191296e-27	0.0	0.0	0.0
ERR5729614	2	Homo sapiens	1.8e-44	0.0	0.0	0.0	0.0	0.0	0.0	3.76e-43	0.0	0.0	0.0	1.0	2.1704409e-30	0.0	0.0	9.068465e-39	1.9316984e-34	4.4836127e-36	2.18795e-40	1.711047e-24	1.2875102e-33	0.0	0.0	0.0
ERR5729615	2	Homo sapiens	5.7569677e-24	2.3495306e-34	0.0	0.0	2.4806065e-31	3.5965754e-38	1.178394e-36	7.2591814e-23	6.0663163e-28	1.4447965e-33	5.750029e-28	1.0	8.575462e-12	2.74086e-40	2.3735357e-32	1.0839487e-22	1.1370367e-17	1.9063547e-17	1.4699818e-22	1.8585421e-11	9.2958934e-17	4.0664637e-32	1.6725701e-37	3.4818235e-33
ERR5729616	2	Homo sapiens	4.14312e-40	0.0	0.0	0.0	0.0	0.0	0.0	7.26793e-38	0.0	0.0	0.0	1.0	1.2343587e-27	0.0	0.0	2.2771626e-34	1.1765991e-31	4.7124536e-33	2.2565633e-38	9.806235e-22	9.247568e-30	0.0	0.0	0.0
ERR5729617	2	Homo sapiens	2.5596562e-34	3e-45	0.0	0.0	9.579e-42	0.0	0.0	2.121271e-31	1.953e-42	0.0	8e-45	1.0	1.0972185e-24	0.0	5.45e-43	8.6453576e-33	6.1389365e-31	1.21574215e-29	3.480177e-32	1.0148647e-20	1.6177404e-24	1.5e-44	0.0	8.41e-43
ERR5729618	2	Homo sapiens	1.488586e-26	1.7583075e-37	0.0	0.0	2.359657e-38	7e-44	1.9568e-41	2.0300166e-24	4.48267e-28	4.484226e-32	1.7400029e-32	1.0	1.1711771e-11	5.25e-43	7.5683275e-36	4.1596793e-24	7.346352e-21	9.042627e-24	4.5310627e-26	4.2067822e-17	1.2377469e-23	9.7477e-41	2.731e-42	3.2316925e-38
ERR5729619	2	Homo sapiens	2.3192232e-12	3.8389284e-22	0.0	0.0	2.4176574e-18	2.0705799e-23	1.07015884e-23	2.7612516e-11	3.1460535e-12	2.7303615e-13	1.1471203e-13	1.0	2.4508218e-10	3.193376e-19	1.8904996e-18	2.9265286e-18	3.8359465e-16	4.8312864e-16	2.6098949e-16	2.5020557e-16	1.2470706e-17	2.5229686e-23	2.0985166e-21	6.8746327e-16
ERR5729620	2	Homo sapiens	4.1134202e-23	1.6679565e-33	0.0	0.0	2.3712396e-30	3.1789252e-37	2.1180693e-35	6.191839e-19	2.9897753e-22	4.855792e-28	3.0647434e-25	1.0	1.1433794e-11	5.9736765e-38	7.935599e-31	9.14727e-20	3.0987038e-18	7.2297605e-21	1.4311765e-25	8.496246e-21	2.0978927e-26	9.580677e-32	2.9328498e-36	6.996843e-32
ERR5729621	2	Homo sapiens	6.773986e-27	1.769079e-38	0.0	0.0	1.0305829e-34	2.867e-42	2.4611e-41	5.5873416e-26	2.110792e-25	1.6095136e-29	1.8443782e-34	1.0	9.693818e-17	5.764e-42	6.2782705e-33	3.3308248e-29	2.784135e-23	8.2008205e-24	3.918742e-30	6.960502e-27	3.9907746e-35	1.5595294e-36	8.875132e-39	6.124356e-38
ERR5729622	2	Homo sapiens	5.206315e-29	1.378233e-39	0.0	0.0	1.2521521e-38	9.61e-43	3.534e-42	1.3927583e-27	1.057218e-29	7.743644e-34	1.2262974e-33	1.0	2.7078277e-13	0.0	1.3233586e-37	5.4079125e-24	5.105038e-21	2.2423688e-22	3.051133e-28	1.468055e-16	2.486362e-21	1.9370598e-38	6.477e-42	2.76033e-40
ERR5729623	2	Homo sapiens	3.575326e-14	5.4514612e-25	0.0	0.0	1.6904533e-19	1.0467831e-27	9.202086e-27	1.8705899e-13	1.6725624e-14	3.9424225e-17	2.4639024e-16	1.0	1.18861e-11	2.2171192e-27	3.4643556e-21	4.8796816e-19	3.0284203e-14	5.2626984e-13	5.149485e-18	3.3508364e-16	2.9617024e-20	2.728566e-24	1.15525e-24	8.0220926e-20
ERR5729624	2	Homo sapiens	1.1888706e-08	2.1064801e-17	0.0	0.0	6.2453895e-15	2.5652166e-19	4.445522e-19	1.8034859e-08	1.9296074e-09	8.353433e-06	1.6661613e-11	0.9999563	3.5196215e-05	6.465156e-20	4.4149365e-15	7.993095e-12	7.972172e-09	8.1544115e-08	1.0974154e-09	5.8896804e-10	9.8401e-12	5.5076623e-15	9.759486e-16	1.3542606e-16
ERR5729625	2	Homo sapiens	2.07389e-39	0.0	0.0	0.0	0.0	0.0	0.0	1.0502342e-35	0.0	0.0	0.0	1.0	4.518649e-27	0.0	0.0	2.8391387e-34	1.2975547e-34	2.7755218e-37	5.9110065e-37	1.2153686e-24	2.8770217e-31	0.0	0.0	0.0
ERR5729626	2	Homo sapiens	4.0999e-41	0.0	0.0	0.0	0.0	0.0	0.0	5.922121e-39	0.0	0.0	0.0	1.0	2.4034326e-25	0.0	0.0	4.547362e-37	1.7608466e-31	1.0088856e-35	2.0351755e-38	4.06128e-22	1.3387311e-33	0.0	0.0	0.0
ERR5729627	2	Homo sapiens	1.7975939e-35	3.22e-43	0.0	0.0	0.0	0.0	1e-45	3.001948e-35	5.5428465e-36	2e-44	2.67897e-40	1.0	9.364996e-19	0.0	1.705e-42	1.3340974e-27	1.1968851e-24	7.821483e-25	6.537333e-32	6.382562e-19	1.965831e-26	1.06165e-40	0.0	4e-45
ERR5729628	2	Homo sapiens	4.9749274e-22	1.2916303e-34	0.0	0.0	5.1172636e-30	4.410199e-39	4.5777188e-37	4.5411885e-19	1.9558138e-27	7.363769e-33	1.2844767e-29	1.0	8.639173e-16	1.612337e-39	3.8874738e-31	5.8839537e-24	5.863232e-22	3.4525996e-23	1.9208172e-22	8.929674e-19	9.808175e-24	9.142498e-33	1.9060634e-37	2.3391143e-29
ERR5729629	2	Homo sapiens	1.8209471e-33	0.0	0.0	0.0	2.7e-44	0.0	0.0	8.813802e-31	1.7206686e-37	1.08e-43	1.911223e-39	1.0	1.630998e-18	0.0	1.85e-43	7.101234e-30	2.0899122e-26	3.5817765e-29	8.727247e-33	1.8297574e-20	9.994998e-28	0.0	0.0	6e-45
ERR5729630	2	Homo sapiens	3.5289756e-19	1.1896232e-23	0.0	0.0	3.5175695e-28	3.3170836e-29	6.9510124e-27	3.6094773e-19	1.4454084e-18	4.206884e-20	2.8513375e-27	0.9999999	1.4107488e-07	1.008135e-24	3.0287076e-27	3.4093703e-18	1.742415e-15	1.6890553e-15	1.6599167e-16	1.223878e-15	3.1191836e-19	2.411117e-24	9.700765e-28	2.9020118e-27
ERR5729631	2	Homo sapiens	6.429747e-34	1e-44	0.0	0.0	6e-44	0.0	0.0	4.4814805e-31	3.289372e-39	5.674e-42	1.604e-42	1.0	1.4938173e-21	0.0	4.2e-44	3.6287825e-32	2.6588794e-30	5.4225694e-33	2.2105562e-33	6.5885496e-26	1.9510025e-32	0.0	0.0	8e-45
ERR5729632	2	Homo sapiens	2.1951947e-38	0.0	0.0	0.0	0.0	0.0	0.0	8.523025e-35	6e-45	0.0	0.0	1.0	5.0828253e-24	0.0	0.0	2.8098092e-35	1.7822075e-32	3.012465e-35	6.674921e-37	3.89621e-24	2.982727e-31	0.0	0.0	0.0
ERR5729633	2	Homo sapiens	3.454522e-37	0.0	0.0	0.0	0.0	0.0	0.0	1.8774503e-34	1.712e-42	0.0	5.538e-42	1.0	2.390888e-24	0.0	0.0	1.6172692e-34	2.2945454e-29	1.180536e-33	1.0051932e-36	5.4946876e-23	7.729201e-33	0.0	0.0	0.0
ERR5729634	2	Homo sapiens	1.1199e-41	0.0	0.0	0.0	0.0	0.0	0.0	1.53777e-39	8e-45	0.0	0.0	1.0	1.9426096e-24	0.0	0.0	1.6654543e-36	4.63738e-31	7.3196197e-35	1.170751e-39	1.1343447e-24	3.2666848e-34	0.0	0.0	0.0
ERR5729635	2	Homo sapiens	5.158244e-06	1.9614502e-06	0.0	0.0	0.00014599203	1.8309257e-06	4.7438325e-06	4.0120312e-06	2.922531e-05	4.60065e-06	0.00010386254	0.9995676	3.4911045e-05	6.6506955e-06	7.642512e-06	4.258708e-06	4.274317e-06	4.447967e-06	9.652851e-06	1.292829e-05	6.3272078e-06	3.2957785e-06	6.6625553e-06	2.9909343e-05
ERR5729636	2	Homo sapiens	5.275e-41	0.0	0.0	0.0	0.0	0.0	0.0	8.1123e-41	4.08e-43	0.0	0.0	1.0	1.2598145e-23	0.0	0.0	1.6998408e-32	1.9972832e-29	7.333932e-31	2.9490875e-36	3.9018764e-21	9.874808e-29	0.0	0.0	0.0
ERR5729637	2	Homo sapiens	3.2747799e-34	1e-45	0.0	0.0	4.34e-43	0.0	0.0	1.4772297e-30	3.6345164e-36	1.8254953e-38	6.14e-43	1.0	4.106905e-17	0.0	6.6e-44	7.768465e-30	1.4791518e-26	2.264999e-31	3.5658468e-31	1.9285284e-21	2.2550515e-27	1e-45	0.0	0.0
ERR5729638	2	Homo sapiens	3.5287e-41	0.0	0.0	0.0	0.0	0.0	0.0	2.02896e-39	0.0	2.33e-43	0.0	1.0	2.61714e-26	0.0	0.0	2.825368e-34	2.27577e-34	1.6274263e-36	1.8330887e-33	2.4705666e-23	1.0765811e-28	0.0	0.0	0.0
ERR5729639	2	Homo sapiens	8.013944e-25	1.7224567e-35	0.0	0.0	8.098198e-32	1.992412e-39	1.0952674e-37	1.7486893e-24	3.2791727e-20	9.847982e-32	1.6000589e-26	1.0	2.48178e-13	6.88437e-40	1.8091569e-32	6.8538953e-26	3.0775837e-17	8.501786e-19	5.668585e-28	1.5361035e-21	7.91834e-31	1.3450837e-34	4.573635e-38	2.269459e-34
ERR5729640	2	Homo sapiens	3.224e-42	0.0	0.0	0.0	0.0	0.0	0.0	2.2565e-41	0.0	0.0	0.0	1.0	2.3166784e-27	0.0	0.0	3.053734e-34	2.5320024e-31	3.660103e-34	5.7414634e-38	7.1587777e-23	9.201522e-32	0.0	0.0	0.0
ERR5729641	2	Homo sapiens	1.95e-43	0.0	0.0	0.0	0.0	0.0	0.0	9.316e-42	0.0	0.0	0.0	1.0	7.242589e-29	0.0	0.0	1.8933964e-37	1.5798562e-32	9.558625e-36	1.11122e-40	5.460949e-24	3.162394e-34	0.0	0.0	0.0
ERR5729642	2	Homo sapiens	7.255035e-38	0.0	0.0	0.0	0.0	0.0	0.0	1.0985582e-34	9.44e-43	0.0	0.0	1.0	9.137635e-25	0.0	0.0	1.3648591e-34	4.5538087e-31	4.7203058e-35	4.2312473e-36	1.2218393e-22	2.7058893e-31	0.0	0.0	0.0
ERR5729643	2	Homo sapiens	1.613e-42	0.0	0.0	0.0	0.0	0.0	0.0	2.7912e-41	0.0	0.0	0.0	1.0	4.991682e-28	0.0	0.0	3.27739e-35	8.935859e-33	3.4827065e-35	6.377162e-39	4.582295e-24	1.265538e-32	0.0	0.0	0.0
ERR5729644	2	Homo sapiens	6.54079e-38	0.0	0.0	0.0	0.0	0.0	0.0	1.6652224e-38	1.704042e-39	1.3e-44	1.0598e-41	1.0	2.7123313e-21	0.0	1e-45	8.301417e-30	9.781309e-26	2.4116251e-29	8.1818373e-35	2.9057016e-20	1.6514946e-28	3e-45	0.0	0.0
ERR5729645	2	Homo sapiens	1.1386404e-37	0.0	0.0	0.0	0.0	0.0	0.0	6.6988066e-34	2.6786e-41	0.0	4.6e-44	1.0	4.2976464e-24	0.0	0.0	1.9040448e-31	6.20101e-28	5.601797e-31	9.343943e-35	1.0878745e-19	1.8905425e-29	0.0	0.0	0.0
ERR5729646	2	Homo sapiens	8.19307e-27	2.578626e-34	0.0	0.0	1.7503589e-36	2.6142772e-37	3.0323995e-36	4.4406327e-26	1.0788483e-25	4.9991617e-31	1.6633731e-28	1.0	1.7591168e-15	1.1109095e-38	1.150983e-32	1.1017555e-21	1.7595216e-21	7.281733e-23	4.6195078e-26	4.598506e-20	1.7515276e-25	5.303713e-32	6.2790534e-37	3.4392063e-35
ERR5729647	2	Homo sapiens	1.2184086e-34	0.0	0.0	0.0	9.2e-44	0.0	0.0	1.0837669e-31	1.0741732e-36	4.4e-43	3.4119897e-38	1.0	2.9140062e-22	0.0	5.9e-44	4.733171e-32	5.3426167e-27	1.863444e-30	5.9449176e-34	4.9907954e-23	3.284842e-32	0.0	0.0	0.0
ERR5729648	2	Homo sapiens	5.129982e-22	4.7066653e-35	0.0	0.0	4.8662545e-32	3.233828e-39	5.8893615e-37	9.059254e-20	2.5886778e-24	1.6948323e-29	3.0897463e-27	1.0	5.083356e-17	1.6236943e-38	1.8381894e-30	8.568566e-25	1.1963445e-21	2.8667573e-25	1.3090572e-24	3.0114193e-22	4.1608537e-28	1.132581e-34	2.027415e-37	1.24686676e-29
ERR5729649	2	Homo sapiens	5.826815e-17	8.313999e-26	0.0	0.0	3.2092142e-20	6.4677434e-29	3.1547308e-27	2.2642589e-13	1.2031203e-20	1.8926625e-23	1.6786376e-19	1.0	1.7138774e-13	9.262328e-28	2.3730718e-22	5.837011e-19	6.9129304e-17	2.414601e-16	4.6068137e-18	4.617409e-15	5.614564e-19	5.458609e-24	6.819525e-28	4.732286e-23
ERR5729650	2	Homo sapiens	6.050926e-35	0.0	0.0	0.0	1.4e-44	0.0	0.0	1.1929101e-32	2.0664e-40	1e-45	2.5045e-40	1.0	1.3535806e-22	0.0	6e-45	8.184504e-31	2.5335414e-26	3.8770895e-31	2.9625352e-32	9.621619e-19	1.6620606e-26	0.0	0.0	0.0
ERR5729651	2	Homo sapiens	7.3082e-08	2.8126383e-16	0.0	0.0	2.0045493e-12	4.071773e-18	7.2084516e-17	5.068065e-07	4.7683e-06	1.1762256e-10	0.0033408715	0.9966535	2.5709954e-07	1.5508897e-13	1.6099268e-12	1.0504239e-13	1.4208407e-09	9.4943914e-11	2.7992967e-11	9.3194494e-11	5.3083887e-12	2.9696287e-17	1.2571634e-16	4.2923496e-09
ERR5729652	2	Homo sapiens	0.0	0.0	0.0	0.0	0.0	0.0	0.0	0.0	0.0	0.0	0.0	1.0	1.02796964e-25	0.0	0.0	3.0245668e-38	4.714071e-35	1.3233894e-37	1.1174422e-38	5.5075636e-25	6.517682e-33	0.0	0.0	0.0
ERR5729653	2	Homo sapiens	1.58118e-40	0.0	0.0	0.0	0.0	0.0	0.0	1.914663e-39	2.3364e-41	0.0	1e-45	1.0	1.3386074e-27	0.0	0.0	7.587144e-34	1.0875466e-28	4.6998702e-36	1.3118177e-36	2.9188143e-26	2.5830635e-37	0.0	0.0	0.0
ERR5729654	2	Homo sapiens	2.0024495e-36	7.41e-43	0.0	0.0	3e-45	1e-45	4e-45	2.0283679e-37	1.2429265e-37	1.3e-43	1.408e-42	1.0	9.708119e-22	0.0	4.08e-43	8.5828755e-29	5.413764e-25	1.382293e-24	3.5531856e-31	3.351717e-17	4.3824647e-23	1.76614e-40	0.0	0.0
ERR5729655	2	Homo sapiens	6e-45	0.0	0.0	0.0	0.0	0.0	0.0	4e-44	0.0	0.0	0.0	1.0	3.0490037e-28	0.0	0.0	6.3273253e-37	5.210916e-34	4.7636957e-35	1.299739e-38	5.5975436e-24	2.3515916e-32	0.0	0.0	0.0
ERR5729656	2	Homo sapiens	1.669e-42	0.0	0.0	0.0	0.0	0.0	0.0	1.1835e-41	2.4e-44	0.0	0.0	1.0	5.6052743e-25	0.0	0.0	1.5579378e-32	5.815063e-32	1.432382e-32	1.1867629e-35	2.474691e-21	6.1769e-26	0.0	0.0	0.0
ERR5729657	2	Homo sapiens	6.7559466e-35	0.0	0.0	0.0	1e-45	0.0	0.0	2.500187e-32	1e-44	1.1639e-41	0.0	1.0	2.6354733e-24	0.0	3e-45	1.8548122e-31	8.162294e-29	3.085946e-32	4.389101e-30	1.198441e-18	2.6193017e-25	0.0	0.0	0.0
SRR30066258	2	Homo sapiens	1.5936878e-29	1.6722487e-37	0.0	0.0	8.73047e-40	4.4196e-40	8.24815e-40	4.7932018e-29	7.63317e-34	4.0837486e-35	4.0366705e-37	1.0	2.1015329e-17	7.29e-43	8.088213e-37	6.0337505e-24	2.5617234e-21	1.152041e-20	1.34965e-25	1.2932898e-14	1.5851285e-19	9.846564e-35	3.55462e-40	1.592415e-39
SRR30066259	2	Homo sapiens	8.515632e-38	3e-45	0.0	0.0	0.0	0.0	0.0	2.01331e-37	2.6043e-40	0.0	9.825e-42	1.0	9.461136e-23	0.0	3e-45	1.4738452e-28	4.9069278e-26	2.8257565e-26	2.0322973e-34	7.61904e-20	3.0852803e-26	2.89e-43	0.0	0.0
SRR30066260	2	Homo sapiens	4e-45	0.0	0.0	0.0	0.0	0.0	0.0	3.5e-44	0.0	0.0	0.0	1.0	3.2648242e-28	0.0	0.0	3.0175575e-37	5.137195e-33	3.0357033e-35	7.3364e-41	2.1042429e-24	5.2497054e-34	0.0	0.0	0.0
SRR30066261	2	Homo sapiens	1.8380549e-34	1.01e-42	0.0	0.0	1.8364e-41	0.0	1.7e-44	7.807553e-32	4e-45	5.47873e-40	0.0	1.0	1.1848817e-23	0.0	2.86e-43	1.2597966e-30	5.2394334e-30	2.5539077e-29	2.8248198e-27	5.0693247e-18	1.4034468e-24	9.4349e-40	0.0	0.0
SRR30066262	2	Homo sapiens	8.561513e-30	1.1017297e-36	0.0	0.0	5.417885e-37	5.16998e-40	7.559044e-39	6.203897e-28	8.14394e-31	7.460205e-35	2.003806e-39	1.0	8.052457e-23	4.25984e-40	6.948646e-35	3.6283312e-26	2.9722068e-24	7.4307305e-24	1.5954058e-29	3.1489217e-22	3.887805e-30	3.462057e-32	7.97965e-39	1.260087e-39
SRR30066263	2	Homo sapiens	1.5611002e-18	1.2532437e-20	0.0	0.0	3.364595e-27	3.8635293e-28	6.241269e-27	5.403956e-20	1.67505e-21	6.116902e-20	9.6360896e-30	1.0	1.2606653e-11	3.0156606e-28	6.1771216e-25	1.5950347e-18	1.0798227e-13	3.2908133e-13	6.6587755e-17	1.8366676e-11	1.3849858e-20	1.0140007e-20	1.00188453e-25	5.4115117e-29
SRR30066264	2	Homo sapiens	4.8178954e-20	6.894882e-29	0.0	0.0	4.65482e-29	2.000754e-32	3.3087112e-31	1.826976e-21	3.5199696e-19	3.5585584e-25	5.0260305e-29	1.0	2.893748e-18	1.6362903e-31	4.0673616e-26	9.693533e-22	5.209842e-17	6.360611e-16	4.5534144e-21	2.765114e-16	5.0432376e-25	5.4940904e-24	2.7917836e-31	1.5400011e-29
SRR30066265	2	Homo sapiens	4.112965e-05	8.059707e-06	0.0	0.0	0.00021726801	1.7850521e-06	1.67941e-05	2.8839182e-05	0.0001866758	1.806782e-05	0.00011353959	0.9983558	6.4268424e-05	1.0812643e-05	9.940554e-05	3.0433714e-05	6.16428e-05	7.614132e-05	9.708596e-05	0.00034176183	2.0461055e-05	3.1718624e-05	5.3134037e-05	0.00012518615
SRR30066269	2	Homo sapiens	8.3844826e-30	9.497033e-36	0.0	0.0	8.126646e-37	1.6502499e-38	3.259729e-37	3.5515656e-29	1.9915532e-28	3.336827e-34	3.493368e-37	1.0	6.7186886e-23	7.611474e-39	3.3530235e-34	5.621622e-26	3.0808608e-24	4.0583853e-24	3.0177058e-30	1.09205194e-23	2.9392214e-31	4.7691775e-33	1.3248926e-37	1.745186e-39
SRR30066270	2	Homo sapiens	1.8342802e-31	4.578e-42	0.0	0.0	3.681e-42	0.0	0.0	4.891782e-33	4.1718846e-34	2.3313367e-37	8.273013e-36	1.0	1.448526e-23	0.0	4.036478e-39	1.829356e-29	3.061055e-22	2.29638e-28	1.5570779e-30	5.4653607e-20	7.539451e-33	3.5089e-41	1e-45	3.43e-43
SRR30066271	2	Homo sapiens	3.31e-43	0.0	0.0	0.0	0.0	0.0	0.0	1.396999e-39	0.0	0.0	0.0	1.0	1.1136851e-28	0.0	0.0	8.840575e-38	1.5235374e-33	1.5532244e-35	1.90467e-40	7.5490616e-25	1.8180571e-34	0.0	0.0	0.0
SRR30066272	2	Homo sapiens	3.097e-42	0.0	0.0	0.0	0.0	0.0	0.0	6.53315e-40	0.0	0.0	0.0	1.0	2.951886e-28	0.0	0.0	9.5948134e-36	6.3238625e-34	4.9041257e-35	2.637419e-39	2.7564065e-25	2.6946433e-32	0.0	0.0	0.0
SRR6877282	2	Homo sapiens	8.67571e-27	4.89e-41	0.0	0.0	5.91585e-39	3e-45	3e-44	2.9215318e-24	1.4790662e-29	8.481761e-37	7.35999e-30	1.0	2.1013062e-15	0.0	1.867897e-38	5.3396295e-24	3.428765e-19	3.5994467e-23	8.252415e-27	6.023788e-17	3.0577819e-24	1.7459e-41	3e-45	2.726206e-38
SRR6877283	2	Homo sapiens	9.318834e-08	2.5927134e-09	0.0	0.0	1.4604684e-08	3.2943376e-06	2.3006865e-05	7.498834e-08	4.4674348e-07	1.3218782e-06	2.8384565e-07	0.99669296	0.0031388113	0.00012423994	7.3773737e-10	6.301979e-08	1.3645348e-07	1.0077813e-07	8.793399e-06	7.253882e-07	5.5524774e-06	7.066775e-09	4.22862e-08	1.8032877e-08
SRR6877284	2	Homo sapiens	1.513894e-39	0.0	0.0	0.0	0.0	0.0	0.0	4.7215272e-36	1.18e-43	0.0	4e-45	1.0	9.88738e-24	0.0	0.0	1.8224319e-30	1.7147081e-26	4.3128038e-29	1.9632211e-34	3.3055794e-18	3.8256882e-28	0.0	0.0	0.0
SRR6877285	2	Homo sapiens	1.9952523e-10	5.373149e-10	0.0	0.0	6.588272e-11	4.180129e-09	8.111879e-08	8.172611e-11	4.2417433e-10	5.9147074e-09	1.3076723e-12	0.9999817	1.7374938e-05	8.1833963e-07	1.2550677e-12	1.0400719e-10	2.0910973e-10	1.528354e-10	2.421614e-08	1.8963375e-09	1.0085725e-08	6.9020735e-12	1.5196022e-11	1.5658422e-11
SRR6877286	2	Homo sapiens	1.2089573e-31	2.36e-42	0.0	0.0	2.44064e-40	0.0	4e-45	4.202019e-29	3.6553129e-34	9.036e-42	1.03388446e-32	1.0	1.7532204e-19	0.0	5.4449e-41	5.1861303e-25	6.060246e-20	3.617576e-23	1.0465635e-28	1.9871672e-15	8.897742e-25	2.892e-42	0.0	4.62e-43
SRR6877287	2	Homo sapiens	1.2982362e-07	4.252974e-08	0.0	0.0	1.812136e-06	8.796276e-08	4.2457025e-08	1.1899034e-07	1.3323506e-06	1.0659176e-07	4.508072e-07	0.999992	1.1576909e-06	3.3820015e-07	7.61651e-08	1.0654986e-07	1.1940251e-07	1.170654e-07	3.6607378e-07	4.534584e-07	2.2547309e-07	7.1320684e-08	8.34751e-08	7.587865e-07
SRR6877288	2	Homo sapiens	5.8642257e-30	5.2627244e-38	0.0	0.0	3.7246193e-37	3.27e-42	1.78397e-40	2.1816282e-27	3.598423e-34	7.688668e-39	3.5590324e-35	1.0	1.2718552e-16	8e-45	2.916847e-38	1.0873125e-22	4.0225066e-21	1.0292936e-21	6.8047265e-26	2.2444405e-14	4.733389e-21	2.2346335e-36	4.179e-42	2.3114e-41
SRR6877289	2	Homo sapiens	4.010644e-11	1.2799787e-13	0.0	0.0	1.12525675e-11	1.5703785e-10	4.076693e-11	1.2346864e-10	1.5156924e-11	2.827041e-09	1.8803416e-12	0.9999995	4.5208074e-07	2.4181698e-08	7.2539917e-12	8.41113e-12	1.7960397e-11	2.4500922e-11	1.4861787e-09	1.087285e-10	7.273561e-10	4.9042747e-13	1.1335046e-11	5.0490636e-12
SRR6877290	2	Homo sapiens	1.1984129e-23	2.6541503e-37	0.0	0.0	2.0290486e-32	7.772e-42	5.82423e-40	5.04146e-22	3.0369874e-28	3.9026673e-33	7.8368034e-32	1.0	4.291596e-17	4.79e-43	3.4297913e-34	2.6694624e-25	3.464268e-21	1.4692465e-23	6.7758636e-25	8.458381e-21	2.2991248e-29	1.3310033e-36	9.3968e-41	2.4544738e-34
SRR6877291	2	Homo sapiens	4.560271e-15	2.4419717e-25	0.0	0.0	8.754263e-25	8.427157e-27	1.2757633e-24	4.2428947e-16	2.189372e-17	1.4837677e-16	6.882526e-23	1.0	7.275995e-11	1.8738676e-23	1.7657735e-23	4.8433457e-20	1.3342152e-15	2.2862116e-17	5.1843884e-15	7.195761e-18	2.2957601e-20	4.649737e-24	1.3802246e-26	3.257888e-22
SRR6877292	2	Homo sapiens	3.8470626e-38	0.0	0.0	0.0	0.0	0.0	0.0	1.0692247e-36	1.9501e-40	0.0	2.741e-42	1.0	3.5242537e-20	0.0	0.0	1.0621344e-30	1.8403633e-26	3.2092658e-29	3.2166677e-34	3.283585e-20	1.725733e-29	0.0	0.0	0.0
SRR6877293	2	Homo sapiens	1.2496942e-07	7.724766e-09	0.0	0.0	3.8326274e-08	1.5394102e-05	2.9877101e-05	1.138481e-07	1.2193008e-05	6.883596e-06	2.9100336e-06	0.9982152	0.00095619145	0.0007266449	7.07843e-10	1.362534e-07	2.4816228e-07	1.4960823e-07	2.1755728e-05	6.652972e-07	1.1266977e-05	3.133627e-08	1.682835e-07	2.6556226e-08
SRR6877294	2	Homo sapiens	1.4779793e-23	1.7169005e-28	0.0	0.0	1.2927957e-29	7.8566554e-31	4.117853e-30	6.495826e-22	3.3290924e-24	4.2140497e-29	2.6096316e-27	1.0	4.3900644e-14	2.1386228e-33	5.76321e-28	1.1911983e-14	8.196012e-18	1.4740684e-17	5.2100947e-20	1.2220422e-13	3.3878292e-14	1.4132474e-26	4.682685e-31	1.7776523e-30
SRR6877295	2	Homo sapiens	1.2938437e-05	1.0605216e-05	0.0	0.0	0.0009519463	1.0328503e-05	1.5107595e-05	1.4902927e-05	0.00034281923	9.613705e-06	0.000354767	0.99797076	2.408052e-05	1.0991688e-05	1.9136653e-05	1.9779001e-05	1.5259024e-05	1.5840445e-05	1.3714137e-05	1.411521e-05	1.28931615e-05	1.6900674e-05	3.3128938e-05	0.000110357956
SRR6877296	2	Homo sapiens	1.1497948e-16	8.42125e-24	0.0	0.0	2.4142435e-22	1.12725134e-26	1.5345394e-25	5.3204448e-15	5.268882e-18	2.3673621e-23	4.3301172e-21	1.0	4.241403e-12	1.0550848e-27	7.40562e-22	2.463935e-12	2.9561366e-13	1.2805086e-14	2.1336762e-15	1.6035158e-11	3.9088707e-15	6.6614963e-21	7.8651836e-26	1.3309346e-21
SRR6877297	2	Homo sapiens	3.3934622e-08	1.5839866e-09	0.0	0.0	1.0515807e-06	5.219435e-06	1.6530086e-06	2.8175572e-08	9.72947e-07	1.036777e-06	3.1378864e-08	0.99867266	0.0012347999	7.379377e-05	2.249939e-10	3.4768945e-08	6.526666e-08	4.0196518e-08	5.5201626e-06	2.7802108e-07	2.718794e-06	7.513125e-09	4.3902435e-08	7.466448e-09
SRR6877298	2	Homo sapiens	5.9233163e-10	1.9461873e-11	0.0	0.0	1.9459864e-11	1.2589564e-09	4.3340176e-08	2.0356719e-10	6.5972905e-10	1.0836755e-08	2.4197361e-11	0.999887	0.000112470734	4.0696378e-07	3.104481e-11	2.7635194e-10	1.0027149e-09	4.3168338e-10	3.759727e-08	3.3284164e-09	1.3250495e-08	1.319637e-11	1.38379455e-11	3.985786e-11
SRR6877299	2	Homo sapiens	2.9344668e-10	5.989923e-12	0.0	0.0	4.723985e-10	1.402821e-08	3.6395303e-08	2.9306013e-10	2.8895888e-09	3.7882737e-09	2.6500518e-10	0.9999901	9.408818e-06	3.3543907e-07	1.8157824e-12	1.122015e-09	1.5318723e-09	7.491346e-10	5.518212e-08	8.550076e-09	4.539484e-08	2.5074871e-11	1.6394588e-10	2.1566159e-11
SRR6877300	2	Homo sapiens	1.40861e-40	0.0	0.0	0.0	0.0	0.0	0.0	2.4775526e-38	0.0	0.0	0.0	1.0	1.8907167e-26	0.0	0.0	2.1837192e-35	7.7507776e-31	2.5746726e-34	3.2202817e-38	1.8611792e-21	1.2828721e-32	0.0	0.0	0.0
SRR6877301	2	Homo sapiens	2.5888739e-11	1.0193825e-14	0.0	0.0	1.1934825e-11	1.8306813e-11	1.2704803e-11	2.7066963e-11	1.098005e-11	3.2446407e-11	4.333752e-14	0.9999991	9.0889824e-07	1.7370137e-10	2.5762605e-14	4.6861833e-12	2.376644e-11	4.715684e-12	2.142415e-09	1.496783e-10	2.0756558e-10	1.9260918e-13	1.7455162e-13	1.5634217e-12
SRR6877302	2	Homo sapiens	1.1394081e-08	8.449949e-10	0.0	0.0	4.6715293e-08	1.3898349e-08	4.2160625e-08	1.19022845e-08	2.0285638e-06	7.1915383e-07	4.6817667e-07	0.9998171	8.802313e-05	8.872452e-05	5.3868927e-11	1.2766208e-08	2.134472e-08	1.4642112e-08	1.824247e-06	7.5554205e-08	8.697774e-07	6.708293e-10	4.0109462e-09	4.7745843e-09
SRR6877303	2	Homo sapiens	9.981474e-21	1.2058205e-26	0.0	0.0	2.0044228e-25	2.755641e-29	1.9975446e-28	3.866794e-18	9.18237e-21	2.0138648e-26	6.8029725e-26	1.0	2.5606448e-13	1.8234144e-30	2.8598227e-25	2.901467e-14	4.1460155e-17	5.296112e-18	4.0803653e-20	2.3053221e-15	1.02092524e-16	9.35498e-24	1.6405507e-28	5.8360934e-26
SRR6877304	2	Homo sapiens	5.052324e-09	1.1748372e-16	0.0	0.0	4.1415088e-12	6.5751413e-19	7.201081e-18	2.287913e-06	1.7449603e-11	1.4840747e-15	1.0851175e-13	0.9999977	2.56855e-10	3.2351722e-18	6.763685e-14	1.9856707e-11	1.3592427e-10	1.6704551e-09	2.8334285e-11	4.7730247e-11	4.0853296e-13	5.6268128e-14	8.205648e-18	2.1489395e-11
SRR6877305	2	Homo sapiens	7.490771e-14	3.3320493e-22	0.0	0.0	9.923427e-19	3.9827546e-25	7.768294e-24	1.6091387e-10	3.35957e-14	3.6304328e-22	5.0251824e-21	1.0	1.2491489e-12	6.7074535e-25	1.252856e-19	8.844586e-14	2.0440296e-13	2.5261486e-12	6.7308097e-15	2.8051465e-13	4.6690267e-16	9.628781e-20	2.957513e-24	4.3602113e-18
SRR6877306	2	Homo sapiens	6.785225e-11	1.6566387e-12	0.0	0.0	1.3691415e-11	2.7792484e-09	2.4199884e-09	2.7484175e-11	1.267632e-10	1.3073345e-09	3.1931773e-12	0.9999893	1.0637039e-05	4.715563e-08	7.778411e-13	3.1522222e-11	5.9374804e-11	5.4513307e-11	6.0032828e-09	5.1198107e-10	2.6786995e-09	9.733814e-13	1.8734148e-11	1.5199607e-11
SRR6877307	2	Homo sapiens	5.6931684e-05	4.5135017e-05	0.0	0.0	0.0019684888	4.9284194e-05	6.358311e-05	5.4578864e-05	0.001968163	4.8631686e-05	0.0030401652	0.9913685	9.841563e-05	4.4294746e-05	9.445661e-05	5.6326237e-05	6.024482e-05	5.7324858e-05	5.6560988e-05	5.731343e-05	5.5095294e-05	9.362539e-05	0.00020156086	0.00046137575
SRR6877308	2	Homo sapiens	2.9034426e-14	8.302899e-21	0.0	0.0	2.6848145e-20	1.9092677e-23	1.4626543e-22	1.4582908e-13	3.3222307e-11	2.089412e-17	4.785562e-15	0.99999994	2.4087806e-08	5.563024e-25	3.6773826e-19	8.8580376e-10	1.536594e-08	2.8304548e-14	1.180409e-12	2.0183133e-10	1.2879754e-16	6.436216e-18	1.1304459e-21	1.4208325e-20
SRR6877309	2	Homo sapiens	3.639983e-09	1.9246636e-10	0.0	0.0	1.2826195e-09	8.80831e-08	6.516269e-08	3.963812e-09	3.6436592e-07	2.4364758e-07	3.1116425e-08	0.99994534	3.221838e-05	2.0671654e-05	1.1669044e-11	3.5041652e-09	6.376004e-09	4.0533377e-09	6.660486e-07	2.4243054e-08	2.7182332e-07	2.3324068e-10	2.3932474e-09	1.0081895e-09
SRR6877310	2	Homo sapiens	1.0701502e-29	3.42255e-40	0.0	0.0	1.7474611e-38	9.4e-44	2.008e-42	1.5478931e-31	3.9225686e-26	4.2891947e-38	3.3184408e-33	1.0	2.6047633e-19	6e-45	1.254768e-37	9.6818894e-27	3.1318884e-20	1.7794992e-24	1.5129573e-32	2.5843519e-23	1.5361699e-33	1.98418e-40	1.04e-43	5.682616e-39
SRR6877311	2	Homo sapiens	1.2750413e-25	4.4980266e-36	0.0	0.0	1.9940683e-35	2.6892068e-37	2.7007817e-37	1.1971009e-27	1.2687078e-22	3.540635e-29	5.613676e-27	1.0	1.711294e-19	2.7163445e-35	7.9755146e-32	2.158849e-27	9.683701e-24	8.747059e-25	3.062656e-29	1.2835617e-25	1.0511383e-31	8.680616e-37	4.0046652e-38	3.0360783e-34
SRR6877312	2	Homo sapiens	7.941642e-26	2.9265327e-37	0.0	0.0	5.239279e-37	3.065e-41	2.102793e-39	1.1300321e-24	1.3765348e-24	1.4537431e-33	1.2213237e-26	1.0	3.094717e-16	9.16e-43	1.8558813e-34	2.9200066e-22	3.078901e-18	4.2434958e-23	7.1377463e-28	6.4298403e-20	6.4463907e-27	1.0860786e-37	2.96169e-40	2.2332464e-35
SRR6877313	2	Homo sapiens	3.321e-42	0.0	0.0	0.0	0.0	0.0	0.0	2.0448e-41	1.54e-43	0.0	3e-45	1.0	1.2974511e-24	0.0	0.0	3.6045175e-33	1.5855587e-29	1.2846612e-32	2.779514e-36	1.2781556e-20	1.118661e-30	0.0	0.0	0.0
SRR6877314	2	Homo sapiens	3.4927212e-17	2.7284183e-29	0.0	0.0	1.0234645e-27	4.4810594e-33	2.8838977e-31	9.135412e-16	2.4493246e-17	4.479981e-24	7.306681e-18	1.0	2.5997655e-12	3.2039138e-33	2.0290775e-25	5.869446e-18	9.6051436e-14	8.069227e-19	1.0012819e-19	2.5247265e-16	8.810451e-22	4.9499057e-29	2.6197147e-31	1.2232946e-25
SRR6877315	2	Homo sapiens	5.4671023e-08	2.6534386e-09	0.0	0.0	1.4317181e-08	1.4555443e-05	7.199585e-06	4.249328e-08	3.267817e-06	1.8113363e-06	5.684278e-07	0.9981983	0.0016327292	0.00012465326	6.0469874e-10	5.5700937e-08	1.0145777e-07	6.032642e-08	1.0837744e-05	7.238425e-07	4.94603e-06	1.2309002e-08	5.9575154e-08	1.1212795e-08
SRR6877316	2	Homo sapiens	1.7036316e-21	8.148298e-30	0.0	0.0	5.6358446e-29	1.2804969e-32	1.0320798e-31	7.195404e-20	4.189882e-25	7.4908136e-26	7.583959e-29	1.0	5.3751445e-15	1.0695806e-34	5.233459e-28	1.7029629e-17	3.4999377e-18	7.818558e-21	2.908608e-18	2.348593e-17	1.8397177e-22	2.6221007e-27	7.4383496e-32	3.122293e-28
SRR6877317	2	Homo sapiens	1.02851025e-08	8.379935e-10	0.0	0.0	1.2774652e-08	4.5344808e-10	1.4108837e-09	9.69217e-09	2.5129884e-07	1.360354e-07	2.556184e-07	0.9999364	5.0653936e-05	1.0974866e-05	1.890535e-09	9.346068e-09	1.2683734e-08	1.0528169e-08	8.0015036e-07	2.1329363e-07	2.0463337e-07	5.2072874e-10	2.6218487e-09	1.4388655e-08
SRR6877318	2	Homo sapiens	8.943503e-24	7.4559534e-30	0.0	0.0	1.0412604e-30	1.8197261e-32	1.1015984e-31	3.5376396e-24	2.0837302e-21	1.2297096e-28	1.52080875e-24	1.0	9.177654e-17	8.6560896e-35	1.1671568e-28	2.4192821e-17	1.3235801e-15	4.3057952e-18	1.8607593e-21	8.719056e-15	1.014099e-21	2.5926592e-28	2.587391e-32	1.8857872e-31
SRR6877319	2	Homo sapiens	1.5236743e-06	1.3264852e-06	0.0	0.0	5.752108e-06	4.1524183e-07	1.7421942e-05	1.5296423e-06	5.9744132e-05	4.5360034e-06	4.364187e-06	0.9998436	1.6087928e-05	9.382662e-06	5.703012e-07	1.505333e-06	1.5908619e-06	1.7799417e-06	6.1464343e-06	4.9720993e-06	5.1833363e-06	7.403861e-07	2.0049317e-06	9.845356e-06
SRR6877320	2	Homo sapiens	1.6868271e-22	4.060417e-27	0.0	0.0	1.0172978e-27	2.7110034e-29	1.3049251e-28	2.466725e-20	1.3720547e-23	4.0507444e-26	4.47521e-25	1.0	5.436528e-15	1.9709121e-31	1.1411534e-26	1.8614181e-14	2.9136124e-17	2.8120524e-18	9.955732e-19	3.846707e-14	3.977111e-16	8.86105e-25	5.8595624e-29	1.9788729e-28
SRR6877321	2	Homo sapiens	1.0590049e-07	1.5910942e-08	0.0	0.0	3.8856012e-07	1.0730286e-08	2.362313e-08	8.728888e-08	5.716453e-06	7.4433757e-07	4.7175276e-06	0.9999179	4.3178563e-05	2.1559958e-05	3.4795453e-09	9.586207e-08	1.176007e-07	1.0387368e-07	2.531533e-06	1.2114953e-06	1.1981085e-06	6.0887495e-09	4.7993183e-08	1.8856304e-07
SRR6877322	2	Homo sapiens	2.5755945e-28	8.683395e-32	0.0	0.0	9.9877964e-33	6.3164225e-34	4.0762067e-33	1.860218e-27	4.9595546e-23	7.076686e-34	4.6530945e-27	1.0	9.935697e-20	9.2209433e-35	1.8738638e-31	8.56626e-20	1.2563787e-18	1.7704673e-19	4.9708e-26	8.6694825e-19	2.5345603e-26	3.4922134e-31	8.6062436e-35	9.1876053e-35
SRR6877323	2	Homo sapiens	7.0915534e-25	1.7266323e-36	0.0	0.0	5.4992825e-33	2.2808e-41	3.907945e-39	2.520785e-21	6.7093583e-28	6.789307e-37	1.6413077e-29	1.0	3.206257e-13	2.83e-42	2.315329e-33	1.1776648e-22	5.436973e-20	1.0297881e-20	5.9889933e-24	1.2054866e-16	2.3811482e-23	2.0863844e-35	2.06757e-40	1.16340836e-32
SRR6877324	2	Homo sapiens	6.330489e-21	4.7058264e-33	0.0	0.0	8.484155e-31	2.1265866e-37	1.9916368e-35	1.0209861e-18	9.334808e-21	4.164696e-28	4.6633967e-21	1.0	5.755931e-14	1.0196681e-38	1.18385454e-29	1.6923232e-18	5.632672e-16	4.2688555e-20	7.102966e-23	8.359916e-17	1.7679832e-21	5.2581653e-34	4.2126384e-36	7.7680146e-32
SRR6877325	2	Homo sapiens	3.731253e-11	9.503388e-13	0.0	0.0	2.8825766e-11	4.597267e-12	1.2714346e-11	2.6234624e-11	2.994904e-09	4.6327245e-10	3.9653394e-10	0.9999974	2.5864376e-06	5.3370933e-08	1.6337356e-13	2.7318588e-11	4.614725e-11	3.661548e-11	5.6001705e-09	5.81861e-10	1.7589916e-09	3.285818e-13	1.5230263e-12	2.2248245e-11
SRR6877326	2	Homo sapiens	1.6617159e-30	1.413554e-39	0.0	0.0	4.37991e-40	1.63e-43	4.525e-42	2.150038e-28	2.936348e-31	1.233291e-38	5.1054096e-33	1.0	1.4265967e-19	1e-45	1.6691298e-38	4.798511e-23	1.8865791e-19	1.05830266e-22	8.709764e-27	3.5942202e-16	6.1319772e-27	4.9203105e-37	2.8e-43	1.016e-41
SRR6877327	2	Homo sapiens	4.4920774e-09	5.570909e-11	0.0	0.0	1.2804056e-09	1.3744663e-07	8.211809e-08	2.4777966e-09	1.4127626e-08	8.187889e-08	2.129285e-09	0.9999163	7.5938995e-05	5.9027234e-06	1.5913479e-09	2.6015734e-09	4.2122275e-09	3.1934577e-09	1.0552428e-06	2.5845682e-07	2.0475477e-07	1.5689904e-10	3.4000827e-10	1.3579574e-09
SRR6877328	2	Homo sapiens	7.2107304e-26	5.823606e-36	0.0	0.0	8.336486e-34	1.339532e-39	4.8442636e-38	3.2306956e-23	5.0900895e-25	9.4366706e-35	1.240048e-28	1.0	5.00238e-20	4.14473e-40	3.4266314e-33	6.327124e-23	1.965223e-21	7.3682153e-22	1.8466995e-27	2.3452978e-21	1.6541769e-26	7.3181705e-36	1.761994e-39	5.879833e-35
SRR6877329	2	Homo sapiens	1.6326569e-08	6.8938355e-10	0.0	0.0	3.3664869e-09	1.2673963e-06	2.1538958e-06	1.3655563e-08	1.0309058e-06	7.831815e-07	1.3727342e-07	0.9992305	0.0007324731	2.7247872e-05	5.1659312e-11	1.9288837e-08	3.369823e-08	1.9405627e-08	2.8327236e-06	1.3237921e-07	1.3312495e-06	3.6120869e-09	1.07736104e-08	3.2095677e-09
SRR6877330	2	Homo sapiens	1.7493767e-26	4.4709934e-32	0.0	0.0	1.4559e-33	1.2384982e-34	6.7798175e-34	7.509916e-24	1.2990752e-31	3.3768414e-32	4.4463027e-31	1.0	3.5419665e-17	1.9485746e-37	6.2308935e-32	3.598057e-18	5.124421e-22	1.4712377e-20	3.9746415e-22	5.7542705e-15	1.7821084e-15	9.731145e-30	8.624975e-35	2.3433048e-33
SRR6877331	2	Homo sapiens	4.933024e-11	1.779037e-12	0.0	0.0	1.33593475e-11	1.0813286e-09	1.0036915e-10	6.0541024e-11	3.969138e-09	6.3527217e-10	5.212713e-10	0.9999934	6.5520385e-06	4.130166e-08	3.2661344e-13	1.2221223e-10	1.2567208e-10	2.1455232e-10	8.726242e-09	6.9099293e-10	4.803546e-09	3.71078e-12	1.477774e-11	6.490853e-12
SRR6877332	2	Homo sapiens	9.895422e-25	4.6520464e-34	0.0	0.0	2.8845265e-34	1.39525e-37	2.5196745e-36	8.861141e-22	4.3777506e-25	6.857221e-30	9.584926e-30	1.0	7.20181e-16	7.84007e-40	1.0131643e-31	3.4783872e-20	4.52102e-19	7.1682785e-21	4.6249123e-23	2.8462547e-17	1.0325035e-23	7.705949e-32	8.256902e-37	2.512848e-34
SRR6877333	2	Homo sapiens	4.2803666e-05	3.5010147e-05	0.0	0.0	0.0012914671	3.1515166e-05	4.7649384e-05	4.3175314e-05	0.001517518	3.9331477e-05	0.0028712973	0.99312717	5.6242046e-05	3.435484e-05	5.5027067e-05	4.360981e-05	4.6756555e-05	4.3610107e-05	4.344155e-05	4.2896918e-05	4.1634055e-05	7.510817e-05	0.0001340612	0.00033633603
SRR6877334	2	Homo sapiens	7.3061807e-10	6.7204064e-17	0.0	0.0	8.027606e-15	2.347514e-19	1.847787e-18	1.5163423e-08	5.8455607e-10	1.0585955e-14	1.6986624e-11	0.9999999	2.5507378e-08	1.4139224e-19	3.1284925e-14	6.755026e-09	3.5115885e-08	6.216754e-11	7.067068e-11	7.045026e-09	1.9684783e-11	2.8231974e-14	1.3394051e-17	2.3181657e-13
SRR6877335	2	Homo sapiens	7.8747187e-10	3.8759804e-11	0.0	0.0	1.7241043e-10	2.0372448e-09	3.7275577e-10	1.0664805e-09	5.0569785e-08	2.9522214e-08	3.7805816e-09	0.9999678	2.7640805e-05	4.172896e-06	2.8108666e-11	8.2256624e-10	1.3939516e-09	9.2244146e-10	1.93555e-07	1.5933406e-08	5.4018333e-08	1.5964262e-10	3.403528e-10	7.451727e-10
SRR6877336	2	Homo sapiens	4.3627937e-18	1.8069589e-22	0.0	0.0	2.2277432e-22	3.03636e-24	1.1335872e-23	8.516575e-18	7.573474e-16	2.6847233e-21	3.3884395e-18	1.0	1.1360828e-13	1.3109623e-25	2.0599481e-21	3.8889275e-13	6.7939735e-13	3.009404e-14	5.306281e-17	8.126858e-14	1.3656019e-17	4.4148035e-21	5.8811426e-24	3.025861e-23
SRR6877337	2	Homo sapiens	8.9438045e-06	6.393388e-06	0.0	0.0	0.00041518963	6.0507377e-06	8.092867e-06	8.291176e-06	0.00017765039	7.761595e-06	0.0001519071	0.9990057	1.5073086e-05	7.3161304e-06	2.190093e-05	8.573234e-06	9.215532e-06	9.201584e-06	1.053835e-05	1.1673417e-05	8.786851e-06	1.2516334e-05	2.2914766e-05	6.632829e-05
SRR6877338	2	Homo sapiens	3.6733237e-24	1.0487811e-30	0.0	0.0	9.4708e-32	1.0751578e-33	1.08522314e-32	5.224214e-23	9.172428e-23	2.4822745e-30	5.11371e-25	1.0	6.634118e-14	4.1217733e-36	1.1987255e-29	7.712012e-16	1.0956615e-14	1.2800566e-16	4.5797497e-21	4.6960564e-13	5.2724693e-20	5.0195298e-29	8.633973e-34	3.2183757e-32
SRR6877339	2	Homo sapiens	3e-45	0.0	0.0	0.0	0.0	0.0	0.0	7.27e-43	0.0	0.0	0.0	1.0	1.7946304e-29	0.0	0.0	5.7184e-41	4.155442e-35	7.859614e-39	1.298e-42	1.0405764e-26	8.3171016e-38	0.0	0.0	0.0
SRR6877340	2	Homo sapiens	1.4682367e-38	0.0	0.0	0.0	0.0	0.0	0.0	9.2349425e-35	0.0	0.0	0.0	1.0	8.282235e-24	0.0	0.0	5.3129527e-33	1.3673746e-31	1.1279396e-33	6.68071e-35	7.5763144e-21	1.6785135e-29	0.0	0.0	0.0
SRR6877341	2	Homo sapiens	1.619187e-09	6.6105475e-11	0.0	0.0	7.277223e-11	1.4969926e-08	2.2001032e-08	2.1039015e-09	6.7899033e-09	2.94009e-08	6.236999e-11	0.9998297	0.00016971638	1.8795166e-07	3.2710844e-12	4.3831158e-10	8.4312973e-10	4.718506e-10	2.5502e-07	1.07424265e-08	3.4171983e-08	7.888429e-12	9.302124e-11	3.0993846e-10
SRR6877342	2	Homo sapiens	4.041e-42	0.0	0.0	0.0	0.0	0.0	0.0	4.34512e-40	0.0	0.0	0.0	1.0	3.2308496e-25	0.0	0.0	2.7289538e-35	2.3684025e-31	2.5774098e-34	1.0645525e-37	6.38932e-22	1.0813121e-31	0.0	0.0	0.0
SRR6877343	2	Homo sapiens	2.9362927e-12	1.677767e-16	0.0	0.0	3.0905562e-14	9.4492244e-14	1.6765352e-13	3.0505566e-12	8.9359883e-13	7.561078e-12	2.463913e-16	0.9999961	3.8890807e-06	2.0407581e-13	2.5628994e-16	9.535622e-12	3.7037887e-11	3.5437371e-12	7.785347e-09	1.7907179e-09	3.1484673e-09	6.819603e-14	1.2933325e-15	1.9613471e-16
SRR6877344	2	Homo sapiens	4.912353e-19	5.016289e-25	0.0	0.0	1.8763797e-25	1.6667959e-27	9.7731284e-27	3.96867e-17	3.4617842e-22	8.2198675e-24	9.9062464e-23	1.0	6.577781e-12	1.9019878e-29	2.3004864e-24	3.7540178e-13	2.5259017e-14	6.443387e-14	7.2785975e-16	1.7981738e-11	2.6948799e-14	1.560206e-21	4.2768175e-27	1.750877e-25
SRR6877345	2	Homo sapiens	7.483623e-06	5.653758e-06	0.0	0.0	0.00018246716	5.494327e-06	6.83555e-06	7.766619e-06	0.00017962224	8.203477e-06	0.00017136158	0.9992653	8.948186e-06	5.6919043e-06	1.0178933e-05	7.3445985e-06	7.672065e-06	7.434619e-06	6.8540257e-06	6.730161e-06	7.149007e-06	1.3744601e-05	2.3721637e-05	5.430553e-05
SRR6877346	2	Homo sapiens	1.145e-42	0.0	0.0	0.0	0.0	0.0	0.0	4.51522e-40	0.0	0.0	0.0	1.0	6.983383e-26	0.0	0.0	4.7965327e-35	1.5219985e-31	4.3293154e-34	6.551435e-38	5.3431076e-22	6.318181e-32	0.0	0.0	0.0
SRR6877347	2	Homo sapiens	7.294638e-09	5.828854e-10	0.0	0.0	3.19592e-08	3.3262387e-10	5.0055476e-10	4.5974415e-09	8.912337e-08	3.697636e-09	2.7862732e-10	0.9999997	7.0501564e-08	5.444354e-10	2.2321631e-09	7.005286e-09	1.1836926e-08	7.1233996e-09	1.907643e-08	1.8330347e-08	8.203676e-09	4.7008757e-09	9.2170094e-10	5.034031e-09
SRR6877348	2	Homo sapiens	1.6633706e-16	4.762691e-23	0.0	0.0	4.3583242e-20	7.6665817e-26	7.945851e-25	2.5393396e-12	6.6785236e-23	1.2847826e-24	3.5076132e-24	1.0	9.2353555e-11	5.271513e-27	6.8137483e-22	8.070703e-13	3.5969813e-15	4.105517e-14	7.544373e-14	8.8645924e-10	2.9778773e-11	2.9207405e-20	4.59955e-25	2.6730122e-20
SRR6877349	2	Homo sapiens	7.127657e-08	3.7731542e-09	0.0	0.0	1.9630072e-08	1.9115721e-05	6.1616774e-06	6.138263e-08	4.4295684e-06	3.0770072e-06	1.4536324e-06	0.9966847	0.0030805552	0.00018171979	2.376514e-10	7.529545e-08	1.3207138e-07	8.285162e-08	1.1573916e-05	5.426117e-07	6.1405144e-06	1.3260516e-08	6.605044e-08	1.9651383e-08
SRR6877350	2	Homo sapiens	6.3e-43	0.0	0.0	0.0	0.0	0.0	0.0	1.882e-42	0.0	0.0	0.0	1.0	3.8335938e-26	0.0	0.0	3.9263793e-35	2.3482774e-30	2.4276947e-33	1.8635476e-38	4.2790623e-22	4.870467e-32	0.0	0.0	0.0
SRR6877351	2	Homo sapiens	6.4123606e-06	4.317714e-06	0.0	0.0	0.00020477429	4.0458326e-06	5.338314e-06	5.555401e-06	0.0001314614	4.94619e-06	0.00014002774	0.9993538	1.1635236e-05	4.482426e-06	9.822654e-06	5.788698e-06	6.3302273e-06	6.1284595e-06	7.439488e-06	7.8663625e-06	6.057962e-06	6.919662e-06	1.2947697e-05	5.3879477e-05
SRR6877352	2	Homo sapiens	1.6894755e-11	1.5182976e-18	0.0	0.0	4.8815485e-18	4.6650624e-21	1.9602726e-20	4.958573e-10	3.0572095e-16	4.999016e-15	3.2061368e-15	0.9995555	3.6239666e-07	6.894198e-24	1.2113266e-17	3.841462e-09	1.2316369e-07	1.8193072e-10	2.7488524e-05	0.00041608108	4.285938e-07	6.6997663e-15	3.053777e-19	3.1882102e-17
SRR6877353	2	Homo sapiens	2.9915699e-09	4.6460993e-10	0.0	0.0	2.2052342e-08	4.3870507e-10	3.8090006e-10	1.5304324e-09	7.0219692e-09	2.5293359e-09	3.961498e-09	0.99999976	1.4190826e-07	9.94957e-09	1.705273e-09	2.0721418e-09	2.4295812e-09	2.1905506e-09	1.7239609e-08	1.751942e-08	6.913132e-09	2.740996e-10	1.8598671e-09	1.0149239e-08
SRR6877354	2	Homo sapiens	2.7980279e-15	9.831195e-21	0.0	0.0	1.5562129e-20	8.76095e-23	3.2242315e-22	1.6137069e-13	1.1398267e-17	3.6063176e-18	1.2889387e-18	1.0	2.8079268e-09	9.464888e-25	1.5409407e-19	2.6831287e-10	6.6194654e-12	2.5431794e-12	2.7889741e-12	4.541642e-10	4.1927507e-12	1.3729314e-17	4.739145e-22	5.101895e-20
SRR6877355	2	Homo sapiens	1.2662017e-05	9.144743e-06	0.0	0.0	0.0004149314	8.728267e-06	1.0286388e-05	1.274344e-05	0.00038992133	1.5623884e-05	0.00034086767	0.99849254	2.623308e-05	8.229036e-06	1.6506876e-05	1.2285046e-05	1.2702982e-05	1.403604e-05	1.2521754e-05	1.3788747e-05	1.2197287e-05	1.8494282e-05	4.729852e-05	9.824348e-05
SRR6877356	2	Homo sapiens	1.0867914e-17	4.3090157e-23	0.0	0.0	1.4259404e-23	2.9223478e-25	1.1976192e-24	9.512957e-17	4.5284255e-16	4.4845363e-21	1.928318e-19	1.0	3.3201435e-11	5.5358414e-27	4.0338883e-22	5.3738815e-12	5.362261e-12	1.036329e-11	3.827992e-16	3.2028988e-13	2.1229049e-16	1.3185018e-20	3.1100536e-25	8.158841e-25
SRR6877357	2	Homo sapiens	1.9397587e-05	1.5841453e-05	0.0	0.0	0.00072845136	1.6225991e-05	1.9644718e-05	1.8196555e-05	0.0006222725	1.5415155e-05	0.00061421737	0.9975037	2.6468988e-05	1.2152258e-05	2.426081e-05	1.8431034e-05	1.9439605e-05	1.911119e-05	2.1325955e-05	2.3344708e-05	1.8095663e-05	2.5090903e-05	5.7594836e-05	0.00016133135
SRR6877358	2	Homo sapiens	8.490492e-28	5.82901e-40	0.0	0.0	7.766631e-39	1.8e-44	9.82e-43	3.1658978e-25	2.4398621e-33	1.3738576e-36	3.7712128e-29	1.0	4.092675e-17	0.0	4.0316455e-38	1.1275254e-23	1.1573965e-18	1.2417586e-22	1.6174158e-22	9.772051e-12	2.2305817e-20	3.37087e-40	1.02e-43	9.32055e-40
SRR6877359	2	Homo sapiens	2.1257408e-08	1.4080894e-09	0.0	0.0	3.838637e-08	1.2299521e-09	7.7197243e-10	1.4913386e-08	9.3325013e-07	4.157088e-07	9.129804e-07	0.99996465	1.4985411e-05	1.6221664e-05	5.1255583e-10	1.9264268e-08	2.4997853e-08	2.0150393e-08	1.2382156e-06	1.1581965e-07	3.452623e-07	6.802827e-10	3.6337433e-09	2.7866687e-08
SRR6877360	2	Homo sapiens	1.3476257e-08	6.246792e-10	0.0	0.0	3.4091703e-09	7.9205597e-07	8.383781e-07	1.0823623e-08	1.0511213e-06	4.5447163e-07	1.4271156e-07	0.9994429	0.00051480543	3.5034518e-05	1.2559197e-10	1.4626934e-08	2.5814066e-08	1.5740142e-08	2.5612292e-06	1.294657e-07	1.1983977e-06	3.379047e-09	2.8824221e-08	3.1721632e-09
SRR6877361	2	Homo sapiens	2.2231544e-22	6.514024e-27	0.0	0.0	1.1038779e-27	3.6358587e-29	2.2669876e-28	5.825451e-21	1.2368521e-20	3.2290972e-27	5.210456e-22	1.0	7.490149e-15	2.3640532e-30	5.32084e-26	4.0175535e-15	5.475099e-16	3.7122633e-15	1.9271198e-20	8.8557956e-16	1.1051697e-19	2.1362575e-25	1.5022087e-29	2.4547325e-28
SRR6877362	2	Homo sapiens	8.041307e-09	6.067004e-10	0.0	0.0	7.1715043e-09	7.3466616e-10	7.622476e-09	6.24401e-09	2.0703083e-06	2.3149167e-07	2.0659775e-06	0.9996305	0.00035121903	1.2189801e-05	2.9735294e-11	9.197977e-09	1.3359541e-08	1.0000867e-08	1.1070729e-06	1.01503815e-07	4.174677e-07	1.9764108e-10	1.9915813e-09	6.036894e-09
SRR6877363	2	Homo sapiens	5.233811e-17	3.10005e-22	0.0	0.0	2.3548418e-23	2.0688108e-24	7.4415545e-24	2.5197384e-15	3.778091e-16	1.5699967e-20	3.1386707e-19	1.0	2.9269273e-10	3.0776043e-26	3.263227e-21	1.0282222e-10	5.4942956e-12	2.7395742e-12	6.3695273e-15	2.7295206e-12	7.859157e-16	2.86901e-19	3.9146047e-24	3.4875872e-23
SRR6877364	2	Homo sapiens	4.6335225e-09	2.5276212e-10	0.0	0.0	1.8488345e-09	1.188172e-07	2.591894e-07	4.2921693e-09	4.4435242e-07	2.3265127e-07	6.603107e-08	0.99992186	4.645041e-05	2.9288243e-05	2.1979928e-11	5.1171374e-09	9.197172e-09	8.937847e-09	8.4146814e-07	2.496324e-08	3.674605e-07	8.1501006e-10	1.3613705e-09	1.2087057e-09
SRR6877365	2	Homo sapiens	1.3026758e-13	4.0670294e-19	0.0	0.0	1.3602488e-17	3.834375e-21	2.1200862e-20	3.6086973e-12	4.4801904e-13	8.0192196e-17	1.5242645e-15	1.0	4.1807116e-10	1.7927458e-21	4.4731324e-17	1.8517014e-11	1.5644217e-11	1.7028811e-13	9.3786246e-14	3.5642867e-13	2.4988795e-15	1.8649401e-16	6.6909224e-20	3.959803e-17
SRR6877366	2	Homo sapiens	7.358251e-11	6.921884e-15	0.0	0.0	4.073848e-14	3.62966e-15	5.5979103e-15	6.796693e-11	1.0331848e-09	6.9603295e-10	7.705763e-13	0.9999987	1.231539e-06	2.7381866e-11	7.137002e-14	1.9641792e-11	1.7098131e-10	9.504635e-12	6.961947e-08	6.961515e-10	6.2267014e-10	4.2734737e-14	1.3798607e-14	3.4034004e-14
SRR6877367	2	Homo sapiens	1.587708e-29	8.012887e-35	0.0	0.0	3.867069e-35	2.5689323e-37	2.3281767e-36	1.5697804e-28	2.6591952e-27	2.771183e-35	1.0001751e-29	1.0	3.3272248e-20	1.0193147e-38	1.7557588e-34	1.5690571e-21	1.0403264e-21	1.996632e-22	2.7320942e-27	1.9065651e-19	1.5222039e-25	8.301337e-34	9.762779e-38	1.0744582e-37
SRR6877368	2	Homo sapiens	7.5746493e-06	5.351425e-06	0.0	0.0	0.00019925153	5.4717448e-06	6.734389e-06	6.6986054e-06	0.00018469761	7.2991343e-06	0.00014645363	0.99925643	9.673799e-06	6.004015e-06	1.1601909e-05	7.1794107e-06	7.5050216e-06	7.514628e-06	8.949768e-06	1.0272577e-05	8.043599e-06	9.624767e-06	2.0481608e-05	6.7213194e-05
SRR6877369	2	Homo sapiens	1.2346142e-10	2.689446e-18	0.0	0.0	5.7533582e-15	7.55829e-21	1.3417936e-19	1.6935128e-10	1.0514116e-12	6.517259e-17	4.1343657e-16	1.0	1.0805012e-12	1.1970447e-19	1.3615092e-15	9.1370975e-14	3.6807406e-12	4.1574037e-14	2.9528295e-13	4.3207305e-13	1.8127136e-15	7.1500555e-16	4.0670033e-19	1.5442443e-13
SRR6877370	2	Homo sapiens	4.4771784e-33	1.8e-44	0.0	0.0	8.21e-43	0.0	0.0	9.932782e-33	1.3206082e-37	7.931387e-39	2.0015158e-38	1.0	1.789813e-20	0.0	5.06e-43	1.3244626e-28	3.0881592e-25	2.3156692e-32	5.6595167e-30	1.064594e-21	3.6851007e-31	6e-45	0.0	3e-45
SRR6877371	2	Homo sapiens	6.575076e-05	5.7580266e-05	0.0	0.0	0.0022972885	5.5466804e-05	6.782202e-05	6.5333326e-05	0.002334475	5.6714973e-05	0.0051144753	0.9884092	9.146015e-05	5.0152055e-05	0.0001235143	6.516722e-05	6.775483e-05	6.661952e-05	6.803497e-05	6.457347e-05	6.205869e-05	8.366007e-05	0.00020885156	0.0005240052
SRR6877372	2	Homo sapiens	1.5537048e-12	9.648723e-19	0.0	0.0	2.880525e-18	7.712915e-21	2.8414478e-20	8.554186e-13	1.1058431e-12	6.410342e-14	2.0571171e-15	1.0	2.4282187e-08	2.6586193e-22	2.8675728e-17	2.6659902e-10	1.0165068e-09	1.1875292e-13	5.5913957e-11	1.0420586e-11	3.9589896e-14	2.264898e-15	3.9440535e-19	9.3611e-18
SRR6877373	2	Homo sapiens	1.9530606e-08	1.1693572e-09	0.0	0.0	5.8882113e-09	1.7823753e-06	1.0147606e-06	1.8053353e-08	1.8776568e-06	1.0189375e-06	3.8520224e-07	0.9989271	0.001010499	5.0704984e-05	7.3069606e-11	2.200243e-08	3.9159737e-08	2.4430028e-08	3.5159635e-06	1.7545563e-07	1.7601532e-06	2.532771e-09	1.8821991e-08	4.9919247e-09
SRR6877374	2	Homo sapiens	1.3228932e-18	3.555834e-25	0.0	0.0	2.8812549e-24	8.09595e-28	7.4639916e-27	2.9856952e-17	9.374086e-18	1.6537597e-22	1.12719256e-20	1.0	4.38921e-13	6.719236e-29	1.8521206e-23	6.419256e-14	1.1993111e-13	1.3600494e-16	2.6563105e-17	4.5605707e-15	5.3906524e-21	3.137723e-22	6.4185055e-27	1.7813982e-24
SRR6877375	2	Homo sapiens	3.1388872e-09	1.6021542e-10	0.0	0.0	1.161008e-09	1.4341007e-08	1.0118881e-07	3.0636218e-09	4.121242e-07	1.7148697e-07	5.190634e-08	0.9999537	2.4441859e-05	2.0125952e-05	1.2847753e-11	3.235561e-09	5.8109855e-09	3.720589e-09	6.6481607e-07	2.1695161e-08	2.549086e-07	1.7413544e-10	3.868873e-09	8.640476e-10
SRR6877376	2	Homo sapiens	1.5303809e-25	5.9927573e-29	0.0	0.0	1.58236e-29	6.331576e-31	4.536302e-30	4.089234e-25	3.97577e-19	3.2898754e-30	2.7949554e-22	1.0	1.4053903e-17	5.380905e-31	2.955747e-28	2.4457956e-18	5.671013e-18	6.822815e-17	6.958856e-27	8.9542e-21	2.687586e-26	4.2337636e-28	8.9509175e-32	1.5972106e-31
SRR6877377	2	Homo sapiens	1.4630987e-06	7.262431e-07	0.0	0.0	5.870745e-05	6.101285e-07	9.679801e-07	8.871031e-07	9.4296665e-06	4.3397014e-07	9.987768e-06	0.99988234	2.496406e-06	4.891538e-07	7.7338e-06	1.0209399e-06	1.1363423e-06	1.1256196e-06	1.834292e-06	3.4262223e-06	1.1819616e-06	9.437117e-07	9.202207e-07	1.2109137e-05
SRR6877378	2	Homo sapiens	0.0019689354	2.4110755e-10	0.0	0.0	3.255145e-06	2.392397e-12	2.7031904e-11	0.34674886	0.011115766	6.944747e-08	1.714736e-05	0.6400981	6.996086e-07	3.6642762e-11	1.0357425e-06	1.6780231e-07	4.163888e-06	2.7799757e-07	6.2264553e-07	2.81075e-07	1.3606104e-08	9.547096e-09	2.7317082e-10	4.058992e-05
SRR6877379	2	Homo sapiens	1.424308e-05	1.3059415e-05	0.0	0.0	0.00046917683	2.0234736e-05	8.192027e-06	1.1574773e-05	0.00026691725	1.1409026e-05	0.00018292779	0.9986595	1.942226e-05	1.0724397e-05	4.5830595e-05	1.2924067e-05	1.3679708e-05	1.2959889e-05	1.8920475e-05	2.941118e-05	1.4598078e-05	1.4035087e-05	7.212422e-05	7.812784e-05
SRR6877380	2	Homo sapiens	1.1584362e-11	3.4335848e-13	0.0	0.0	8.723009e-12	1.0035559e-12	1.38163665e-11	1.5819093e-11	1.2378833e-10	1.353037e-10	2.0332392e-11	0.9999993	6.7942005e-07	2.235899e-08	7.364293e-13	7.1876745e-12	1.0940155e-11	8.04168e-12	1.7047229e-09	2.1293145e-10	4.4513934e-10	3.95301e-14	7.035607e-13	3.0593921e-12
SRR6877381	2	Homo sapiens	7.2091636e-05	6.3283245e-05	0.0	0.0	0.0025246018	6.369862e-05	7.9591766e-05	7.4592914e-05	0.0031607281	7.014219e-05	0.0051233633	0.98706096	0.00010002019	5.722527e-05	8.245475e-05	7.364072e-05	7.993416e-05	7.5037504e-05	7.429116e-05	7.22009e-05	7.1352035e-05	0.00013775745	0.00025737364	0.0006256708
SRR6877382	2	Homo sapiens	1.3013688e-15	1.6685148e-21	0.0	0.0	3.408149e-21	6.952723e-24	3.660267e-23	1.885653e-14	6.395039e-17	1.9004371e-19	2.3094952e-16	1.0	1.4765695e-09	5.1157177e-26	1.8232725e-20	2.518113e-10	1.0739106e-10	3.757142e-12	8.522599e-13	6.8262374e-09	6.8685044e-11	5.9869223e-19	4.5431607e-23	1.4628595e-21
SRR6877383	2	Homo sapiens	8.438735e-10	5.3786166e-11	0.0	0.0	2.769755e-10	3.1596725e-10	1.072331e-09	9.117385e-10	2.6107884e-07	4.1199634e-08	8.152758e-08	0.99995816	3.8773604e-05	2.391351e-06	2.5982404e-12	9.460629e-10	1.6114508e-09	1.1209313e-09	1.8227945e-07	1.0741479e-08	6.8610966e-08	1.855273e-11	1.168379e-09	3.6102557e-10
SRR6877384	2	Homo sapiens	2.7327e-36	1.9e-43	0.0	0.0	0.0	0.0	1e-45	1.3766943e-35	1.6282416e-35	3.9e-44	1.1607e-39	1.0	2.1991367e-19	0.0	1e-43	3.9330093e-26	2.8441723e-24	2.964019e-25	3.925196e-32	7.374454e-19	1.0410171e-24	1.914e-42	0.0	0.0
SRR6877385	2	Homo sapiens	9.847078e-11	2.7439767e-12	0.0	0.0	2.997457e-09	3.6858192e-09	5.8367764e-09	6.396351e-11	4.410463e-10	1.325394e-09	4.012648e-12	0.9999937	6.220738e-06	7.7858026e-08	1.1098504e-12	9.510943e-11	1.5694239e-10	1.07863475e-10	1.9579401e-08	1.512728e-09	9.02332e-09	1.648271e-11	5.1672718e-11	1.910337e-11
SRR6877386	2	Homo sapiens	6.345059e-22	3.618865e-26	0.0	0.0	2.3919306e-26	3.0986467e-28	1.5700971e-27	1.0369977e-19	9.858279e-21	7.038736e-27	4.9164308e-23	1.0	1.8403111e-13	7.140171e-30	1.3225087e-25	1.3223148e-13	7.667267e-16	2.3179889e-15	3.820488e-20	1.0787937e-14	8.3038465e-17	4.667555e-24	1.8846031e-28	4.2365764e-28
SRR6877387	2	Homo sapiens	1.4761606e-06	6.8199773e-07	0.0	0.0	1.6290469e-05	1.3547054e-06	5.5361454e-07	1.41222e-06	1.9113371e-05	1.815389e-06	9.763048e-06	0.9999087	3.854708e-06	1.847922e-06	1.1744056e-06	1.2368275e-06	1.3215772e-06	1.2571919e-06	3.1028776e-06	3.5050577e-06	2.1313876e-06	8.350992e-07	7.564923e-06	1.1009688e-05
SRR6877388	2	Homo sapiens	6.9969454e-17	2.2707906e-31	0.0	0.0	1.1078145e-26	1.2066305e-35	1.181916e-33	1.1278354e-15	4.0213835e-19	2.116857e-23	1.8302833e-21	1.0	6.7746563e-16	6.1391094e-35	1.15129496e-26	1.8442876e-21	6.534045e-16	2.1412479e-19	4.593745e-19	6.0771146e-17	9.7868545e-24	7.470925e-31	3.4064876e-34	4.418096e-27
SRR6877389	2	Homo sapiens	4.6838498e-09	9.746385e-12	0.0	0.0	1.1833301e-09	5.327929e-12	4.4514444e-12	1.19923325e-08	2.9139244e-08	4.3961454e-10	1.5935064e-10	0.9999997	2.1466248e-07	2.944662e-09	6.541849e-10	3.3238265e-10	1.0146725e-09	3.9855788e-10	2.7471817e-08	1.1972003e-08	2.839851e-09	1.0753882e-11	6.5309494e-11	1.1575973e-08
SRR6877390	2	Homo sapiens	4.870341e-18	4.0452085e-22	0.0	0.0	5.835257e-23	9.1550534e-24	1.6011675e-23	5.57215e-17	5.6458106e-22	1.7466819e-22	4.012175e-23	0.9999993	2.0502086e-11	3.4285057e-26	2.8309777e-22	3.4916538e-12	1.6711582e-14	2.3450165e-11	5.16394e-15	1.7030105e-08	6.7708766e-07	1.02828806e-19	5.3955743e-24	7.946881e-24
SRR6877391	2	Homo sapiens	3.291579e-07	6.745506e-08	0.0	0.0	4.3636082e-06	1.7991034e-07	3.796683e-08	1.7278697e-07	1.355146e-06	2.1945218e-07	1.1757425e-06	0.9999843	8.667732e-07	3.6390279e-07	2.3301634e-06	1.9161652e-07	2.364077e-07	2.3045779e-07	5.7845205e-07	6.7160204e-07	3.355589e-07	1.3677551e-07	2.8563622e-07	1.5370856e-06
SRR6877392	2	Homo sapiens	6.781962e-22	2.7659202e-27	0.0	0.0	8.141683e-28	2.1318188e-29	8.6809216e-29	1.3071884e-21	1.9815218e-20	3.6148018e-25	3.933447e-23	1.0	3.4406085e-13	1.2759794e-31	1.7625487e-26	1.8892875e-15	7.9649864e-16	6.5734905e-17	1.30805956e-20	1.0652057e-15	1.3381002e-16	1.3097681e-25	5.0085018e-29	8.076516e-30
SRR6877393	2	Homo sapiens	8.376848e-28	3.4559728e-38	0.0	0.0	3.0743838e-38	1.3593e-41	3.15288e-40	6.282134e-27	4.5176053e-31	6.478481e-36	7.952532e-34	1.0	1.648957e-17	2.23e-43	1.0031124e-37	1.3391652e-21	1.8510144e-19	4.3329413e-23	1.5346878e-25	4.9046013e-16	2.6193691e-23	3.3414686e-36	1.5368e-41	1.1036401e-38
SRR6877394	2	Homo sapiens	1.1678185e-08	8.3803714e-10	0.0	0.0	1.084155e-08	3.2765244e-09	2.6163711e-09	1.1907192e-08	3.3899871e-06	3.7896316e-07	1.743941e-06	0.99952173	0.00045198528	1.803823e-05	3.9051e-11	1.2603077e-08	1.92374e-08	1.4145363e-08	1.7952096e-06	2.1979753e-07	5.958967e-07	1.7912788e-10	7.983316e-09	6.9913275e-09
SRR6877395	2	Homo sapiens	1.0830631e-13	4.574258e-19	0.0	0.0	2.2872747e-18	3.2690246e-21	1.357264e-20	1.6407502e-11	1.4426207e-16	1.0759214e-17	3.547446e-17	0.9999999	3.5694637e-08	9.655688e-23	1.8481992e-18	2.9083102e-08	8.1993e-11	3.228166e-10	1.5159672e-11	4.926143e-08	1.3562924e-08	1.4099936e-15	1.1571137e-20	2.9185618e-18
SRR6877396	2	Homo sapiens	4.739803e-09	2.5038768e-10	0.0	0.0	2.5376774e-09	6.7257266e-09	1.0236203e-08	4.9243463e-09	1.1510273e-06	1.7278218e-07	3.908542e-07	0.999658	0.00032470337	1.3842341e-05	9.727221e-12	5.644959e-09	8.353633e-09	6.1561605e-09	1.1800525e-06	8.621087e-08	4.3589893e-07	1.2337256e-10	7.080888e-10	2.1182158e-09
SRR6877397	2	Homo sapiens	1.1395231e-21	1.3388063e-26	0.0	0.0	1.7822445e-28	5.9048404e-29	1.5547248e-28	1.4030949e-19	6.191697e-25	2.3255165e-26	2.7260111e-27	1.0	7.735426e-12	7.399472e-32	1.34251e-26	2.9740107e-13	1.7091792e-16	2.3809338e-15	2.7814385e-17	2.2737114e-10	3.142789e-10	5.8136816e-24	6.715185e-29	7.5109667e-29
SRR6877398	2	Homo sapiens	5.564186e-12	2.9308133e-14	0.0	0.0	9.750613e-14	1.8076613e-11	1.1180504e-11	1.6743187e-11	2.2444106e-12	1.5686749e-11	2.466194e-14	0.9999892	1.03134025e-05	5.7286634e-11	7.364341e-15	3.7565246e-11	8.600138e-12	1.4659465e-11	1.8492335e-08	1.6827544e-08	4.522487e-07	1.7259764e-13	1.3995409e-13	7.811562e-14
SRR6877399	2	Homo sapiens	1.9204306e-38	0.0	0.0	0.0	0.0	0.0	0.0	3.765277e-37	3.1432e-40	0.0	4.221e-42	1.0	2.8533372e-20	0.0	0.0	4.590535e-28	5.826171e-26	5.7199363e-28	2.1010164e-32	3.5278416e-17	5.907016e-26	0.0	0.0	0.0
SRR6877400	2	Homo sapiens	3.391663e-08	1.7029826e-09	0.0	0.0	6.4202887e-09	3.7547265e-06	4.739041e-06	2.7632106e-08	2.121234e-06	1.0926663e-06	4.6886754e-07	0.9985234	0.0013824832	7.286776e-05	3.5241796e-10	3.75029e-08	6.7996886e-08	3.9214545e-08	5.4636807e-06	2.3780653e-07	3.0388924e-06	1.5012976e-08	5.226032e-08	9.151578e-09
SRR6877401	2	Homo sapiens	4.2335646e-16	2.705308e-24	0.0	0.0	1.0033944e-23	1.587539e-27	1.8381932e-26	9.0867045e-14	3.4924325e-20	4.9495314e-22	1.125395e-21	1.0	8.284262e-10	1.0834551e-29	7.350612e-23	8.245697e-12	9.413278e-12	1.205545e-13	4.510867e-12	1.175293e-08	2.2280684e-12	1.6496185e-20	2.9528755e-26	2.1539714e-22
SRR6877402	2	Homo sapiens	9.744671e-10	3.2480765e-12	0.0	0.0	1.7197727e-10	4.8323443e-09	1.5053963e-08	6.2784516e-10	1.5681161e-09	1.2640251e-08	3.9799657e-11	0.9999546	4.5023546e-05	5.5344678e-08	3.1538008e-12	7.2295936e-10	2.0606066e-09	6.017516e-10	1.9965302e-07	1.09004965e-08	6.15861e-08	1.7648964e-10	5.7482782e-11	7.11924e-11
SRR6877403	2	Homo sapiens	1.4523767e-37	0.0	0.0	0.0	0.0	0.0	0.0	1.6210208e-34	5.75e-43	0.0	2.05e-43	1.0	2.78821e-23	0.0	0.0	3.160845e-32	8.247925e-28	6.56531e-31	6.148317e-34	7.063803e-18	1.4600203e-28	0.0	0.0	0.0
ERR11413657	3	Homo sapiens	0.00041328988	0.00010401764	0.0012313854	0.0008604709	0.024771081	0.00038679485	6.915679e-05	0.0	0.0027594012	0.012864433	0.12342373	0.7840746	0.0016361774	0.0	0.00013340834	0.00028007894	0.00024587775	0.0009988844	0.0002834058	0.0004113845	0.00030331087	0.0	0.04384908	0.00089998986
ERR11413658	3	Homo sapiens	1.1780591e-25	2.4195625e-27	3.0416206e-27	1.9182066e-18	6.3848444e-25	6.454241e-28	1.1182149e-27	0.0	1.5236561e-12	4.6945892e-23	6.359012e-23	1.0	5.5559154e-27	0.0	1.4076186e-26	2.9968092e-17	1.1433762e-18	3.9274003e-17	2.6876087e-23	1.2230327e-18	3.5782657e-26	0.0	6.598854e-27	9.6370345e-27
ERR11413659	3	Homo sapiens	3.67e-43	0.0	0.0	4.6294698e-29	0.0	0.0	0.0	0.0	3.430286e-29	1.06472e-40	7.003549e-37	1.0	5.628e-42	0.0	0.0	8.340985e-22	3.6940877e-27	7.988086e-24	2.9612184e-32	7.548874e-17	2.7062826e-34	0.0	0.0	0.0
ERR11413660	3	Homo sapiens	3.2e-44	0.0	0.0	1.8599033e-30	0.0	0.0	0.0	0.0	1.9769184e-27	1.3502e-41	2.3845286e-35	1.0	8.7e-44	0.0	0.0	4.6199784e-23	8.787515e-26	2.7511855e-24	1.703172e-34	1.3079428e-18	5.7369415e-37	0.0	0.0	0.0
ERR11413661	3	Homo sapiens	1.052e-42	0.0	0.0	2.271124e-28	0.0	0.0	0.0	0.0	3.768057e-26	6.870701e-39	1.9425074e-30	1.0	0.0	0.0	0.0	1.3520407e-21	8.4154904e-22	6.8742456e-23	5.3690052e-34	9.877539e-18	3.43874e-40	0.0	0.0	0.0
ERR11413662	3	Homo sapiens	7.565803e-36	2.099975e-39	8.85695e-40	5.0031575e-25	1.6767667e-36	1.91143e-40	4.70168e-40	0.0	1.3107743e-18	4.0765556e-33	4.7017603e-28	1.0	8.2197765e-33	0.0	2.265926e-39	7.495062e-21	1.4484737e-20	1.1478807e-18	2.1449744e-32	4.071798e-20	1.452097e-32	0.0	6.232694e-39	6.09568e-40
ERR11413663	3	Homo sapiens	1.0765803e-37	5.62e-43	1.82e-43	7.6211744e-29	3.8222e-41	6.2e-44	8.7e-44	0.0	3.172435e-30	2.491037e-36	3.729341e-38	1.0	6.5729456e-34	0.0	9.5e-44	2.0742195e-22	8.462021e-31	1.6573296e-25	1.6697828e-26	4.5750185e-17	2.7787037e-26	0.0	4.271e-42	8.3e-44
ERR11413664	3	Homo sapiens	7.0174625e-05	8.848154e-06	0.00016371277	0.00025016855	0.0014890587	3.701855e-05	7.363355e-06	0.0	0.00082910055	0.0036153	0.0038822307	0.9691396	0.00041671793	0.0	2.0246127e-05	3.9910294e-05	3.2439646e-05	0.00020699823	4.1455594e-05	9.247468e-05	4.1603435e-05	0.0	0.019541482	7.41482e-05
ERR11413665	3	Homo sapiens	8.893713e-37	1.37e-43	2.5e-44	4.5877113e-25	3.5967e-41	3e-45	2.7e-44	0.0	7.4543016e-20	2.6394663e-34	8.193728e-28	1.0	5.582723e-39	0.0	2.75e-43	1.526069e-19	4.011985e-19	2.513171e-20	4.2907185e-31	8.773259e-17	5.885034e-35	0.0	3.5e-44	1.14e-43
ERR11413666	3	Homo sapiens	8.526887e-39	0.0	0.0	2.546001e-27	0.0	0.0	0.0	0.0	1.0161871e-26	1.3793937e-36	1.2074377e-31	1.0	0.0	0.0	0.0	1.585842e-19	2.8118743e-21	5.879981e-23	2.2291913e-30	1.0359622e-14	1.6883669e-36	0.0	0.0	0.0
ERR11413667	3	Homo sapiens	9.494571e-37	2.4e-44	4e-45	1.3593862e-24	4.5235e-41	0.0	3e-45	0.0	2.6196626e-17	1.9404095e-33	9.248506e-27	1.0	2.6e-43	0.0	1.15e-43	1.821868e-19	5.365152e-16	5.792968e-20	4.208601e-33	1.2862796e-18	4.04092e-40	0.0	6e-45	6.069e-42
ERR11413668	3	Homo sapiens	3.62894e-40	0.0	0.0	3.7927855e-27	1.4e-44	0.0	0.0	0.0	9.5384613e-20	2.3718743e-36	2.9759604e-28	1.0	3e-45	0.0	0.0	6.1532003e-21	9.621702e-18	2.61749e-21	2.4554867e-34	7.5699946e-19	3.7549e-41	0.0	0.0	0.0
ERR11413669	3	Homo sapiens	3.258e-42	0.0	0.0	2.3540093e-28	0.0	0.0	0.0	0.0	3.0644933e-24	2.9158883e-38	3.1792215e-33	1.0	1e-45	0.0	0.0	7.7506106e-22	3.6134828e-21	7.15572e-23	7.952396e-34	2.4463637e-19	2.1486e-41	0.0	0.0	0.0
ERR11413670	3	Homo sapiens	6.5602827e-28	3.9390564e-29	2.5272426e-29	1.2135158e-19	1.6860449e-26	1.11137315e-29	2.2904983e-29	0.0	1.9108894e-15	1.13104165e-26	5.792557e-20	1.0	1.2729554e-19	0.0	1.3621386e-29	2.9509884e-16	1.992913e-16	7.9523595e-13	5.0024668e-24	1.2316568e-14	2.7763459e-21	0.0	2.2978708e-28	4.8223115e-30
ERR11413671	3	Homo sapiens	4.7153054e-29	7.989734e-33	1.12161035e-32	3.5978283e-18	4.164304e-30	1.0553668e-33	3.8288977e-33	0.0	3.3337073e-11	1.1973973e-25	1.14015325e-17	1.0	2.3528156e-27	0.0	3.707295e-33	8.661357e-13	3.6871976e-13	1.1775191e-11	3.1396803e-26	2.148195e-12	9.82281e-25	0.0	3.153381e-32	3.8026834e-32
ERR11413672	3	Homo sapiens	0.0	0.0	0.0	9.3178986e-35	0.0	0.0	0.0	0.0	2.7936678e-33	1e-45	5.097e-42	1.0	0.0	0.0	0.0	3.504519e-24	3.196395e-29	4.170652e-28	1.1616512e-34	9.87038e-16	4.083988e-39	0.0	0.0	0.0
ERR11413673	3	Homo sapiens	4.9e-44	0.0	0.0	6.5234946e-32	0.0	0.0	0.0	0.0	1.3892378e-29	1.24989e-40	1.08e-43	1.0	0.0	0.0	0.0	1.3118111e-25	4.371064e-35	1.1547264e-28	2.3361988e-34	1.5458717e-24	8.72949e-40	0.0	0.0	0.0
ERR11413674	3	Homo sapiens	0.0	0.0	0.0	2.9994173e-34	0.0	0.0	0.0	0.0	8.74129e-29	4.89e-43	3.2533052e-38	1.0	3e-45	0.0	0.0	7.0307194e-25	2.03992e-27	1.8567355e-22	1.1616068e-37	1.828611e-21	1.887916e-39	0.0	0.0	0.0
ERR11413675	3	Homo sapiens	0.0	0.0	0.0	1.5360186e-35	0.0	0.0	0.0	0.0	1.07995796e-35	3e-45	1.3901272e-37	1.0	0.0	0.0	0.0	3.6212566e-29	1.8244929e-28	1.3093345e-27	2.923e-42	3.6762508e-24	0.0	0.0	0.0	0.0
ERR11413676	3	Homo sapiens	0.0	0.0	0.0	1.0950382e-35	0.0	0.0	0.0	0.0	4.1975643e-33	6e-45	6.051295e-38	1.0	0.0	0.0	0.0	1.4005098e-29	1.2730709e-27	1.2939841e-31	3.8135e-41	2.3252909e-23	0.0	0.0	0.0	0.0
ERR11413677	3	Homo sapiens	0.0	0.0	0.0	5.993e-41	0.0	0.0	0.0	0.0	2.2333516e-36	0.0	0.0	1.0	0.0	0.0	0.0	2.1572336e-31	4.452083e-32	1.6727356e-30	2.5e-43	1.3794624e-26	0.0	0.0	0.0	0.0
ERR11413678	3	Homo sapiens	4.4902514e-05	1.0774299e-05	0.00018080484	0.00013086859	0.00072832155	3.2686923e-05	8.462662e-06	0.0	0.00054830627	0.003998607	0.00240891	0.96844655	0.00043268493	0.0	1.2137008e-05	2.8253538e-05	2.4611334e-05	0.00015309842	3.7459504e-05	8.975318e-05	4.2742045e-05	0.0	0.022601413	3.8648675e-05
ERR11413679	3	Homo sapiens	2.113046e-36	0.0	0.0	1.2644748e-26	1.4e-44	0.0	0.0	0.0	5.9838137e-25	1.0752297e-30	4.153897e-28	1.0	6.272e-42	0.0	0.0	6.252852e-18	3.6223263e-22	7.1825596e-23	2.4273403e-25	1.7246343e-13	2.23027e-33	0.0	1e-44	0.0
ERR11413680	3	Homo sapiens	5.5185034e-35	2.791102e-39	6.792405e-39	2.7579506e-24	3.6628339e-37	1.087468e-39	6.2225e-40	0.0	2.1984406e-26	1.9513144e-31	1.445964e-31	1.0	9.551102e-32	0.0	2.17025e-40	2.233288e-20	7.080935e-28	3.1001994e-21	6.2279557e-28	6.1065844e-18	1.6436949e-25	0.0	1.439752e-36	5.3888e-41
ERR11413681	3	Homo sapiens	4.074801e-14	7.124264e-17	1.37899205e-17	2.751439e-12	1.1783475e-14	6.675916e-18	3.8619498e-17	0.0	1.1712635e-11	2.8287416e-14	4.582777e-12	1.0	8.132536e-16	0.0	7.717304e-17	1.5444998e-10	5.064579e-12	1.352867e-11	3.5484712e-11	1.4845997e-09	5.1135813e-14	0.0	3.4726098e-16	9.866612e-16
ERR11413682	3	Homo sapiens	6.4389895e-19	1.2364546e-21	2.9708603e-22	5.741351e-16	1.7285397e-19	1.2343442e-22	6.5892827e-22	0.0	6.258998e-14	2.6093243e-18	3.7095655e-18	1.0	3.7572895e-22	0.0	5.4581848e-21	1.9433043e-14	1.7429986e-15	2.4774218e-16	3.785891e-15	6.047692e-14	5.1022743e-20	0.0	5.8355205e-21	1.3920522e-21
ERR11413683	3	Homo sapiens	7.678504e-17	1.2256931e-19	2.990795e-20	2.7044895e-14	3.1617757e-18	1.2243149e-20	4.1716476e-20	0.0	1.2246794e-12	4.7296716e-16	6.784252e-16	1.0	1.902855e-20	0.0	4.3255947e-19	2.7423107e-12	2.5824883e-13	5.9452585e-14	2.757258e-13	1.6035779e-11	4.6903556e-18	0.0	3.4178896e-19	3.2599532e-19
ERR11413684	3	Homo sapiens	8.697329e-06	1.1945847e-05	5.259603e-06	2.396751e-05	0.00030325894	3.1808243e-06	1.041695e-05	0.0	0.000753021	6.239102e-06	0.0021515929	0.99643797	1.0731876e-05	0.0	1.8497842e-05	1.4971785e-05	1.4419524e-05	1.8611401e-05	9.154814e-06	2.1513575e-05	6.4876035e-06	0.0	9.168301e-05	7.836395e-05
ERR11413685	3	Homo sapiens	7.5432354e-22	2.399485e-26	2.771294e-27	9.525359e-18	2.4703402e-24	1.1554472e-27	9.0606214e-27	0.0	8.799966e-18	4.4784346e-21	5.9815296e-21	1.0	1.1416697e-27	0.0	3.3310077e-26	5.856749e-15	4.6672835e-18	8.748899e-18	3.679281e-17	5.0675508e-14	1.5940236e-22	0.0	1.0401073e-25	1.3519282e-26
ERR11413686	3	Homo sapiens	0.0	0.0	0.0	5.24e-43	0.0	0.0	0.0	0.0	6.15e-43	0.0	0.0	1.0	0.0	0.0	0.0	7.629058e-35	4.140208e-39	7.4255215e-35	1.0137e-41	1.4521516e-27	0.0	0.0	0.0	0.0
ERR11413687	3	Homo sapiens	2.725935e-34	2.09e-43	8e-45	1.9343847e-28	1.654313e-39	3e-45	3.1e-44	0.0	2.2925163e-33	1.3129699e-32	1.5991073e-30	1.0	9.938067e-35	0.0	2.1e-44	1.1238727e-20	3.5932134e-26	9.601425e-25	9.626889e-23	2.3067994e-11	4.606889e-27	0.0	4.43e-43	1.3e-44
ERR11413688	3	Homo sapiens	1.0616097e-09	4.863952e-12	1.5252532e-12	3.644839e-08	1.6076639e-10	1.0519993e-12	2.517557e-12	0.0	5.4190753e-08	2.205761e-09	8.838485e-08	0.99996096	9.494e-13	0.0	1.1300754e-11	1.2552113e-06	2.1168495e-07	3.5177262e-08	2.7115623e-06	3.4615994e-05	4.996211e-10	0.0	2.2697285e-11	1.9597901e-10
ERR11413689	3	Homo sapiens	0.0	0.0	0.0	2.6142375e-38	0.0	0.0	0.0	0.0	2.0897696e-36	0.0	0.0	1.0	0.0	0.0	0.0	5.5963834e-32	7.003046e-35	1.0679128e-31	9.076157e-38	7.926785e-28	0.0	0.0	0.0	0.0
ERR11413690	3	Homo sapiens	1.3514353e-24	1.1301085e-25	1.358234e-26	1.6476201e-18	6.1784537e-24	6.605616e-27	6.140446e-26	0.0	2.0112707e-13	2.8470187e-22	1.2257482e-22	1.0	2.5343764e-23	0.0	3.4787832e-26	2.0467145e-14	1.912906e-21	1.4166163e-17	1.4092711e-19	1.3041544e-13	1.8936307e-17	0.0	4.2002386e-25	1.0520216e-26
ERR11413691	3	Homo sapiens	1.07380535e-10	6.816525e-18	7.033628e-19	6.862373e-10	2.1446996e-14	1.5258645e-19	1.4482204e-18	0.0	2.902848e-15	2.241629e-13	3.817331e-11	0.9999994	1.29356195e-14	0.0	4.682084e-17	4.0728929e-10	1.1658564e-12	6.7448835e-13	5.4473205e-08	5.670321e-07	3.927027e-12	0.0	3.1620312e-17	9.617425e-14
ERR11413692	3	Homo sapiens	2.3435e-41	0.0	0.0	1.1665564e-31	1.5e-44	0.0	0.0	0.0	8.70447e-35	4.138141e-39	3.478014e-39	1.0	2.6024e-41	0.0	0.0	2.3297387e-22	5.594264e-34	6.1170555e-27	1.764443e-26	2.2655817e-15	2.828655e-29	0.0	0.0	0.0
ERR11413693	3	Homo sapiens	1.3663921e-12	3.71165e-25	1.9618422e-26	6.458517e-14	1.22299985e-17	1.9976287e-27	1.7970543e-26	0.0	4.7022872e-20	5.702304e-18	3.078866e-14	1.0	1.656997e-20	0.0	5.976557e-22	7.7233846e-18	4.112183e-18	1.1398568e-19	8.343057e-16	7.762517e-14	1.8084594e-21	0.0	4.012574e-25	1.6350048e-19
ERR11413694	3	Homo sapiens	3.756498e-31	1.03e-42	2.8e-44	1.0162121e-26	1.4121068e-38	4e-45	1.36e-43	0.0	1.9955172e-32	4.1630857e-31	7.561201e-28	1.0	1.4659802e-34	0.0	2.311e-42	2.8701663e-23	6.1940643e-26	2.3320113e-26	1.9510033e-24	5.2471463e-15	8.069714e-31	0.0	1.647e-42	4.19e-42
ERR11413695	3	Homo sapiens	0.0	0.0	0.0	5.290741e-38	0.0	0.0	0.0	0.0	4.4657498e-35	4e-45	1.94733e-40	1.0	0.0	0.0	0.0	4.1876624e-31	1.08535895e-30	7.33132e-30	9.14504e-40	5.249597e-26	0.0	0.0	0.0	0.0
ERR11413696	3	Homo sapiens	3.3632236e-11	1.3965942e-12	4.6968457e-13	1.1027346e-09	3.8530432e-11	3.1753186e-13	6.293002e-13	0.0	1.1384667e-08	3.7707896e-11	9.3371275e-09	0.9999998	6.7382462e-12	0.0	2.3511338e-12	1.1205185e-08	1.384539e-09	4.0029997e-09	5.4257696e-09	1.0901454e-07	6.105709e-11	0.0	5.0414607e-12	1.4592412e-11
ERR11413697	3	Homo sapiens	1.1407994e-06	7.5663115e-07	5.417372e-07	2.7763174e-06	1.3746826e-05	2.2204908e-07	5.6177043e-07	0.0	0.0007095553	1.0460475e-06	0.00020676867	0.9989108	1.6642058e-06	0.0	5.4300203e-06	7.36203e-06	4.137311e-06	3.9749675e-06	8.697792e-06	0.00010288051	1.2509847e-06	0.0	3.069547e-06	1.362573e-05
ERR11413698	3	Homo sapiens	0.00054803805	0.00056392665	0.00063878763	0.00036997054	0.007360517	0.00049209443	0.00025473902	0.0	0.041317675	0.0008691686	0.032414857	0.7084624	0.0004907494	0.0	0.0059269797	0.0004396174	0.00043264503	0.00050606235	0.0017927212	0.007034092	0.00048542165	0.0	0.002152923	0.18744658
ERR11413699	3	Homo sapiens	4.400388e-06	1.7330642e-07	1.4879703e-07	8.60431e-06	2.936596e-06	1.3194854e-07	7.2045786e-08	0.0	0.00037020247	1.0450763e-05	0.00084599014	0.99782616	1.0424068e-07	0.0	2.6050218e-06	9.030981e-05	4.706994e-05	1.6407932e-05	0.0002893531	0.00046513672	1.2272012e-06	0.0	5.799723e-07	1.7955734e-05
ERR11413700	3	Homo sapiens	0.00031833307	0.00016225818	0.00050443906	0.000786569	0.0051850653	0.00027787522	8.832636e-05	0.0	0.005452174	0.00423535	0.13180554	0.8061502	0.0006563225	0.0	0.00020787802	0.00037603884	0.00029029712	0.00093144516	0.0005986882	0.0018279005	0.0003623624	0.0	0.037395135	0.0023878221
ERR11413701	3	Homo sapiens	0.000977865	0.0015671949	0.0008620721	0.0012413791	0.025749529	0.0006144014	0.0014260093	0.0	0.11552841	0.0008678338	0.30739638	0.49247357	0.0009106986	0.0	0.0052567045	0.0009712623	0.0009841651	0.0010518805	0.0018735123	0.0041268924	0.0009540434	0.0	0.01238001	0.022786183
ERR11413702	3	Homo sapiens	0.00096671795	0.0011835992	0.00095574424	0.00074381457	0.017520292	0.0008267946	0.001000721	0.0	0.07009229	0.0009009081	0.28945225	0.4838593	0.0007238114	0.0	0.005868335	0.0007944878	0.00081032753	0.00086572504	0.0020485152	0.0049010133	0.00084334577	0.0	0.0059880954	0.10965389
ERR11413703	3	Homo sapiens	0.0011916027	0.0014967152	0.00089804333	0.0023258047	0.03186599	0.00072208577	0.0012520779	0.0	0.13016422	0.001590319	0.2864122	0.45969993	0.0008218941	0.0	0.007415305	0.0012541217	0.001121245	0.0013078575	0.0027195388	0.0047771106	0.0012038698	0.0	0.010492503	0.051267557
ERR11413704	3	Homo sapiens	6.372609e-35	5.439297e-39	3.61557e-40	1.7753285e-28	5.1237315e-37	2.02741e-40	1.764818e-39	0.0	1.4199414e-25	1.1307079e-34	1.2606546e-36	1.0	1.5879227e-34	0.0	2.213757e-39	5.66972e-24	2.195517e-30	5.4322754e-23	5.787791e-27	7.627919e-23	2.8544897e-29	0.0	5.487245e-39	7.4508e-41
ERR11413705	3	Homo sapiens	0.0009404323	0.0010802652	0.00071632146	0.0018019157	0.013376802	0.0004534005	0.0006672472	0.0	0.19634905	0.0010540705	0.0845383	0.5639322	0.0006923242	0.0	0.007520828	0.00082949444	0.00083409157	0.00084528973	0.002841584	0.011164566	0.0008601504	0.0	0.0044207787	0.10508092
ERR11413706	3	Homo sapiens	4.162798e-25	5.43245e-31	9.188165e-32	4.2840152e-21	2.3985813e-28	2.3915036e-32	1.799473e-31	0.0	6.833866e-20	1.7151048e-23	1.0243183e-18	1.0	2.3920162e-26	0.0	1.2086633e-30	5.2929217e-15	5.3433674e-13	1.5262139e-15	6.3007185e-19	2.2210525e-11	9.311377e-25	0.0	2.0952852e-30	2.2813846e-31
ERR11413707	3	Homo sapiens	0.00044162007	0.00055815844	0.00031966667	0.0005514658	0.011004063	0.00012678532	0.0005652461	0.0	0.05210467	0.00033202668	0.10981273	0.7940198	0.0001823623	0.0	0.0022581797	0.0005901338	0.0005148123	0.00072182127	0.0011798722	0.0026294845	0.0004131224	0.0	0.0047545037	0.016919466
ERR11413708	3	Homo sapiens	0.0008709703	0.0011886221	0.0006687599	0.0011297157	0.019275125	0.00067169644	0.001041156	0.0	0.13217719	0.0012385466	0.12629205	0.633297	0.000567374	0.0	0.0033760746	0.00085467775	0.0008599012	0.00091792503	0.0017514148	0.002852887	0.0008146105	0.0	0.009099239	0.061055027
ERR11413709	3	Homo sapiens	0.001494211	0.00239153	0.0015919046	0.0057452815	0.02095631	0.0018337745	0.0074432297	0.0	0.0452764	0.0020251088	0.076606855	0.70819	0.0008699537	0.0	0.010870922	0.0013046595	0.0012888192	0.0015439262	0.0027309633	0.006986655	0.0015303086	0.0	0.050179463	0.049139686
ERR11413710	3	Homo sapiens	1.7515e-41	0.0	0.0	1.955398e-28	3e-45	0.0	0.0	0.0	1.5905719e-23	2.3146251e-37	9.920503e-32	1.0	0.0	0.0	0.0	6.771332e-25	7.4652485e-21	4.137967e-25	1.1022203e-36	5.1950567e-22	0.0	0.0	0.0	0.0
ERR11413711	3	Homo sapiens	2.2679366e-07	3.6153217e-10	2.4203095e-10	5.6710303e-07	1.3136976e-06	8.663332e-11	3.6104106e-10	0.0	4.862609e-07	3.1900606e-07	3.4688665e-07	0.99999505	4.1250283e-09	0.0	3.2560552e-09	6.2626654e-08	6.601265e-08	1.494883e-08	1.4131349e-07	1.3382253e-06	1.4681104e-09	0.0	3.2642702e-09	2.5110547e-08
ERR11413712	3	Homo sapiens	0.0	0.0	0.0	1.576773e-37	0.0	0.0	0.0	0.0	7.115759e-38	0.0	1.37853e-40	1.0	0.0	0.0	0.0	1.3616321e-32	3.261849e-32	5.255332e-34	1.836e-42	3.4493601e-25	0.0	0.0	0.0	0.0
ERR11413713	3	Homo sapiens	0.0	0.0	0.0	1.036263e-35	0.0	0.0	0.0	0.0	2.5499365e-37	0.0	0.0	1.0	0.0	0.0	0.0	3.311466e-30	1.762227e-39	8.467688e-35	1.3533501e-37	4.697527e-22	3.48032e-40	0.0	0.0	0.0
ERR11413714	3	Homo sapiens	1.567691e-39	0.0	0.0	1.355765e-28	0.0	0.0	0.0	0.0	7.0331416e-31	8.072875e-37	1.3259935e-36	1.0	0.0	0.0	0.0	1.9186186e-21	2.3810317e-29	5.7311264e-29	9.2809154e-27	4.7667944e-16	1.5570838e-35	0.0	0.0	0.0
ERR11413715	3	Homo sapiens	2.4384526e-37	0.0	0.0	1.3052885e-26	0.0	0.0	0.0	0.0	4.7066568e-29	9.159806e-34	4.47425e-30	1.0	0.0	0.0	0.0	6.5423193e-24	2.1827934e-26	1.7369223e-28	6.854452e-30	1.5574112e-16	8.0612e-41	0.0	0.0	0.0
ERR11413716	3	Homo sapiens	5.4e-43	0.0	0.0	1.6909542e-29	0.0	0.0	0.0	0.0	1.676248e-26	8.182e-41	1.87118e-40	1.0	7.6e-44	0.0	0.0	1.994599e-25	9.2436185e-37	2.2173965e-26	2.1923906e-34	1.0963696e-22	2.3130377e-33	0.0	0.0	0.0
ERR11413717	3	Homo sapiens	6e-45	0.0	0.0	1.2699709e-32	0.0	0.0	0.0	0.0	6.724501e-32	1.4981e-41	5.0535115e-36	1.0	0.0	0.0	0.0	1.0338306e-27	3.3812953e-29	4.663045e-29	2.9957089e-37	5.714463e-22	1e-44	0.0	0.0	0.0
ERR11413718	3	Homo sapiens	1.154453e-36	6e-45	2.1e-44	1.1994778e-24	2.1263e-41	0.0	1e-45	0.0	1.3998582e-30	8.090341e-35	4.3655528e-34	1.0	9.948497e-36	0.0	3e-45	7.406205e-20	1.1680959e-27	3.4916558e-23	5.01203e-25	6.782122e-12	2.385603e-27	0.0	1.12e-43	1e-45
ERR11413719	3	Homo sapiens	4e-44	0.0	0.0	2.6371088e-33	0.0	0.0	0.0	0.0	7.7450663e-38	1.0787e-41	2.2152739e-35	1.0	1e-45	0.0	0.0	8.248335e-29	4.288366e-30	1.4161057e-30	3.867482e-36	6.751177e-19	4.55e-43	0.0	0.0	0.0
ERR11413720	3	Homo sapiens	1.4739917e-34	8e-45	0.0	3.8190714e-28	1.754096e-39	0.0	0.0	0.0	1.0087048e-27	7.9726326e-36	1.729043e-34	1.0	8.32945e-31	0.0	2.97e-43	9.315554e-26	1.7408947e-30	6.7959735e-27	5.911173e-29	1.9224203e-21	8.835007e-32	0.0	1e-45	1.22e-43
ERR11413721	3	Homo sapiens	5.7952e-41	0.0	0.0	1.3627795e-30	0.0	0.0	0.0	0.0	2.4548116e-26	5.055729e-37	7.584363e-32	1.0	0.0	0.0	0.0	2.9381109e-27	2.0780317e-22	2.3995106e-28	6.963451e-39	1.0158607e-24	0.0	0.0	0.0	0.0
ERR11413722	3	Homo sapiens	0.0	0.0	0.0	2.3399593e-34	0.0	0.0	0.0	0.0	3.975452e-36	0.0	0.0	1.0	0.0	0.0	0.0	2.3836742e-24	1.45777155e-36	2.1451614e-27	4.197101e-32	4.1239582e-17	4.057605e-36	0.0	0.0	0.0
ERR11413723	3	Homo sapiens	2.2368274e-38	1e-45	0.0	3.6378648e-27	6.5169e-40	0.0	0.0	0.0	2.0158754e-23	5.4303235e-37	9.689571e-32	1.0	1.503639e-32	0.0	0.0	8.4592213e-22	1.1350346e-26	1.2669381e-21	2.4561534e-31	4.812349e-16	9.436156e-30	0.0	0.0	0.0
ERR11413724	3	Homo sapiens	1e-45	0.0	0.0	4.848711e-34	0.0	0.0	0.0	0.0	6.106599e-26	4.9123e-41	4.2238524e-38	1.0	0.0	0.0	0.0	6.539175e-29	1.0617219e-27	1.7480665e-25	1.1912e-41	1.5596909e-28	0.0	0.0	0.0	0.0
ERR11413725	3	Homo sapiens	9.11e-43	0.0	0.0	2.699309e-31	0.0	0.0	0.0	0.0	7.1644575e-31	7.26387e-40	4.491718e-37	1.0	0.0	0.0	0.0	4.4287406e-30	5.0100025e-28	1.6488871e-32	1.05566e-39	3.1693825e-27	0.0	0.0	0.0	0.0
ERR11413726	3	Homo sapiens	0.0058973036	1.262619e-05	3.9830196e-05	0.0010039455	0.06005563	3.6724146e-06	2.614989e-06	0.0	0.012019476	0.0029513987	0.0008923629	0.6097034	7.38439e-05	0.0	0.00032475602	4.585388e-05	2.3267385e-05	3.2394848e-05	4.9345257e-05	0.00019758445	2.7350592e-05	0.0	3.6236957e-05	0.30660707
ERR11413727	3	Homo sapiens	4.879607e-35	4.5565724e-37	9.519824e-38	3.661938e-27	1.0000155e-34	4.9383737e-38	1.6137696e-37	0.0	1.7519058e-29	2.5214882e-35	5.2371124e-37	1.0	4.982663e-31	0.0	1.8100052e-38	8.9354906e-24	9.58969e-34	1.7144494e-23	3.6174065e-25	2.9708285e-20	6.4612895e-24	0.0	1.6666543e-37	1.229404e-39
ERR11413728	3	Homo sapiens	2e-44	0.0	0.0	1.6568817e-33	0.0	0.0	0.0	0.0	3.1412641e-38	2.58e-43	1.3e-44	1.0	3e-45	0.0	0.0	1.0140083e-28	2.493539e-39	5.381615e-30	2.408103e-31	4.161681e-22	2.5820953e-34	0.0	0.0	0.0
ERR11413729	3	Homo sapiens	8.0053766e-33	9.745987e-39	2.987277e-39	7.817386e-26	6.8557494e-34	1.32468e-40	1.078714e-39	0.0	3.749779e-32	2.528167e-35	6.443409e-38	1.0	3.086422e-34	0.0	2.142278e-39	5.28051e-24	1.5225479e-32	3.5741673e-25	9.671183e-23	4.346213e-18	2.731465e-26	0.0	7.29747e-40	5.444109e-38
ERR11413731	3	Homo sapiens	1.2218582e-31	0.0	0.0	3.7645768e-24	1.84e-43	0.0	0.0	0.0	1.7873986e-30	8.4980866e-36	2.6230465e-28	1.0	0.0	0.0	0.0	4.2764374e-28	5.2603888e-27	2.132761e-28	8.3386237e-32	7.2936884e-26	4e-45	0.0	0.0	3.49e-43
ERR11413732	3	Homo sapiens	1e-45	0.0	0.0	7.794117e-33	0.0	0.0	0.0	0.0	1.3733e-40	0.0	5.38e-43	1.0	0.0	0.0	0.0	2.6913685e-27	4.682247e-37	3.9450048e-28	2.3102627e-32	4.804313e-20	2.385804e-36	0.0	0.0	0.0
ERR11413733	3	Homo sapiens	8.4e-44	0.0	0.0	3.2090635e-30	0.0	0.0	0.0	0.0	2.203424e-24	2.7709e-40	3.8340515e-38	1.0	0.0	0.0	0.0	3.353571e-26	2.0667563e-28	9.624588e-24	1.6186801e-38	9.60915e-28	1e-44	0.0	0.0	0.0
ERR11413734	3	Homo sapiens	5.16e-43	0.0	0.0	1.3107903e-29	0.0	0.0	0.0	0.0	5.368574e-25	2.006225e-39	4.9130367e-37	1.0	0.0	0.0	0.0	2.0015094e-26	6.5704334e-29	1.4034016e-24	3.834299e-38	8.431314e-28	3e-45	0.0	0.0	0.0
ERR11413735	3	Homo sapiens	6e-45	0.0	0.0	9.824582e-32	0.0	0.0	0.0	0.0	5.1092256e-27	2.6157e-41	1.78971e-40	1.0	0.0	0.0	0.0	3.482975e-27	2.747902e-30	1.8302872e-25	3.010491e-39	3.6071219e-28	0.0	0.0	0.0	0.0
ERR11413736	3	Homo sapiens	8.624789e-05	1.1324477e-05	0.00010266321	0.006807703	0.050097607	1.6192862e-05	8.730824e-06	0.0	3.4085817e-05	0.0003451099	5.3341308e-05	0.93903303	0.00022015026	0.0	0.0017107278	2.8641685e-05	2.734237e-05	6.222821e-05	4.8510286e-05	0.00014487997	3.6726786e-05	0.0	0.0009818737	0.00014287105
ERR11413737	3	Homo sapiens	7.05e-43	0.0	0.0	1.5120855e-29	0.0	0.0	0.0	0.0	2.0667446e-33	1.245135e-39	2.559e-42	1.0	0.0	0.0	0.0	1.7080241e-23	2.6809063e-34	5.939545e-26	3.533536e-31	8.0860095e-19	5.3805237e-36	0.0	0.0	0.0
ERR11413738	3	Homo sapiens	2.0726024e-05	8.295646e-05	0.00039511247	0.00011416808	0.00033068776	9.051401e-06	4.4187655e-06	0.0	3.1156873e-05	7.3597585e-05	7.1084164e-06	0.9980977	0.00012704	0.0	0.00018710186	7.4143977e-06	7.1136883e-06	1.1822907e-05	3.2458025e-05	0.000110954934	1.2129995e-05	0.0	3.1681102e-06	0.0003340754
ERR11413739	3	Homo sapiens	6.841121e-11	7.97485e-14	1.3320934e-12	2.8493178e-08	1.1837132e-09	1.8843626e-13	3.2801798e-14	0.0	1.2523946e-12	2.644714e-09	2.9929353e-10	0.9917603	6.362704e-08	0.0	4.7909847e-14	2.4977803e-07	6.5149665e-12	2.6833263e-08	2.337459e-05	0.0080916695	0.00012428513	0.0	1.1619676e-10	1.1257681e-12
ERR11413740	3	Homo sapiens	0.0010035727	7.814643e-05	0.008456302	0.013404055	0.007100704	0.00053435407	5.6138004e-05	0.0	0.01356073	0.08545432	0.045585386	0.67875457	0.0095588425	0.0	0.003508563	0.00052016455	0.0004077741	0.003452543	0.0022100515	0.017305946	0.0007886317	0.0	0.102759846	0.005499388
ERR11413741	3	Homo sapiens	1.21881785e-05	4.9113584e-07	9.832555e-06	0.00071774586	3.9736817e-05	1.959552e-06	4.756401e-07	0.0	0.0008011081	0.0019159368	0.00062445755	0.99296093	1.781239e-05	0.0	6.792789e-07	7.1604234e-05	5.7493246e-05	0.00023550891	5.405592e-05	0.00029271102	6.180794e-06	0.0	0.0021766447	2.4327605e-06
ERR11413742	3	Homo sapiens	0.00016812238	2.3793244e-05	0.0008541133	0.0026600906	0.0026193303	0.00017508364	3.0083624e-05	0.0	0.0010475277	0.020610986	0.003999068	0.8243855	0.0017123632	0.0	5.3166354e-05	0.000103014754	8.568464e-05	0.000687841	0.00014875364	0.00044759168	0.00013307216	0.0	0.13979518	0.00025964098
ERR11413743	3	Homo sapiens	8.258779e-05	1.1885675e-05	0.0003660358	0.0008175177	0.001484527	8.232802e-05	8.623922e-06	0.0	0.0005387311	0.010270572	0.0020733643	0.9395643	0.00085517	0.0	1.958472e-05	5.08157e-05	4.031174e-05	0.00034949707	6.899138e-05	0.00018206073	5.9207774e-05	0.0	0.042945303	0.00012861157
ERR11413744	3	Homo sapiens	5.349754e-05	1.118733e-05	7.7625315e-05	0.00024724254	0.003817798	3.6591522e-05	1.1557973e-05	0.0	0.00023850302	0.00039751097	0.006926071	0.9865328	0.00023991408	0.0	3.377248e-05	3.6139616e-05	3.4274097e-05	9.2713046e-05	4.4336393e-05	7.2294e-05	3.335747e-05	0.0	0.0008317188	0.00023106382
ERR11413745	3	Homo sapiens	7.330161e-21	4.0197855e-24	6.275472e-23	8.1457613e-16	6.4164105e-21	4.275035e-24	9.601443e-25	0.0	5.9814497e-16	2.9730902e-18	1.1875555e-19	1.0	3.8873045e-17	0.0	3.865178e-23	9.713606e-14	2.4642399e-16	5.1246937e-14	2.6559575e-14	1.0277201e-08	6.1438734e-17	0.0	1.5115646e-21	1.7558375e-23
ERR11413746	3	Homo sapiens	0.0017997678	0.0001003277	0.010803227	0.012146878	0.008525257	0.0007343681	0.00011558401	0.0	0.0070412816	0.057971537	0.03134175	0.56537545	0.009491316	0.0	0.011506368	0.0005394985	0.00043294844	0.0036102599	0.005288074	0.09533197	0.0010831532	0.0	0.16864407	0.008116903
ERR11413747	3	Homo sapiens	3.5845472e-14	1.2915355e-15	3.8630235e-14	3.2725286e-10	1.2034938e-12	5.5124654e-15	6.802971e-16	0.0	2.2979141e-07	6.2431104e-13	4.212237e-14	0.99999976	4.0250425e-12	0.0	2.8367315e-14	1.4690022e-11	1.1430787e-12	3.1037364e-10	1.8339913e-12	3.390661e-11	5.798285e-14	0.0	1.4914086e-13	1.4361511e-14
ERR11413748	3	Homo sapiens	0.0009900987	9.577462e-05	0.0068149236	0.01970519	0.0047435905	0.0005048377	7.117956e-05	0.0	0.0110364575	0.07466326	0.044566523	0.5779984	0.006124278	0.0	0.0018849466	0.0005033835	0.0004108452	0.0032131444	0.0019186324	0.016793039	0.0008535053	0.0	0.22146408	0.005643889
ERR11413749	3	Homo sapiens	0.0019377957	8.907248e-05	0.012992373	0.022946674	0.0088682575	0.00055875507	7.2915085e-05	0.0	0.013768955	0.06617573	0.051455628	0.48915553	0.011775196	0.0	0.015418791	0.00064439146	0.0005203172	0.004398302	0.006712701	0.16542234	0.0011969192	0.0	0.11829714	0.00759222
ERR11413750	3	Homo sapiens	0.00089888915	0.00012019756	0.002865926	0.0035004138	0.008071002	0.0003713525	0.000105953484	0.0	0.024583159	0.021862915	0.034591433	0.8099037	0.003498859	0.0	0.004700174	0.0005658748	0.0004972748	0.00214575	0.0021934877	0.014612156	0.0007501695	0.0	0.055849086	0.00831222
ERR11413751	3	Homo sapiens	6.086967e-10	2.0607943e-15	3.584894e-13	2.3513993e-09	5.0728328e-11	1.4622692e-15	4.6761957e-16	0.0	6.5451215e-16	2.0723667e-09	1.1200875e-12	1.0	1.3335226e-10	0.0	2.865769e-12	3.5301373e-13	5.891646e-13	1.1476534e-12	7.780027e-11	2.0841536e-08	2.5355876e-13	0.0	4.2139399e-13	4.0700852e-11
ERR11413752	3	Homo sapiens	0.0	0.0	0.0	8.869809e-39	0.0	0.0	0.0	0.0	2.9525905e-36	0.0	0.0	1.0	0.0	0.0	0.0	3.9178296e-29	3.9084793e-37	2.8474998e-29	1.4891e-40	4.8148445e-24	5.5e-44	0.0	0.0	0.0
ERR11413753	3	Homo sapiens	0.0	0.0	0.0	9.186205e-37	0.0	0.0	0.0	0.0	7.0728714e-36	0.0	1.4e-44	1.0	0.0	0.0	0.0	1.2245368e-29	9.4282097e-35	1.3199537e-28	6.287e-41	8.730223e-25	1e-45	0.0	0.0	0.0
ERR11413754	3	Homo sapiens	1.3546709e-21	1.937872e-22	2.843173e-22	6.633277e-17	1.3042936e-19	8.9722086e-23	1.774473e-22	0.0	2.8833488e-11	3.197062e-20	6.024436e-20	1.0	3.902165e-22	0.0	3.3221306e-22	2.1215069e-16	6.875056e-18	3.0330258e-17	1.4134893e-20	6.493359e-17	7.0804313e-22	0.0	3.9810445e-22	3.0799802e-23
ERR11413755	3	Homo sapiens	9.4712936e-32	4.990195e-34	1.767862e-34	1.1191502e-22	8.482533e-32	5.0125306e-35	1.673955e-34	0.0	2.9604453e-12	6.091798e-28	1.0202154e-24	1.0	1.6270109e-34	0.0	2.6895224e-33	7.7921835e-20	1.3302907e-18	1.3548334e-19	8.163226e-30	2.5074851e-21	1.6351483e-33	0.0	4.8609355e-34	2.5807614e-35
ERR11413756	3	Homo sapiens	9.342287e-30	1.237536e-31	5.9769574e-32	3.1376952e-21	3.5630408e-29	2.1115953e-32	6.687621e-32	0.0	1.1231355e-15	5.64579e-28	6.842042e-24	1.0	1.3220399e-31	0.0	1.7300358e-31	1.5202798e-20	1.8855307e-21	1.03108516e-20	6.2686983e-28	6.7935277e-22	2.7351179e-30	0.0	1.0792194e-31	2.1084558e-31
ERR11413757	3	Homo sapiens	9.729435e-35	2.11254e-40	7.8808e-41	5.1776905e-27	7.6213316e-38	1.074e-41	4.6058e-41	0.0	6.912904e-24	4.6813755e-34	7.5749976e-34	1.0	1.1337787e-35	0.0	5.87328e-40	2.2760317e-24	1.1139106e-27	2.3801009e-26	4.334381e-29	4.5411485e-23	1.7000099e-32	0.0	8.7147e-41	1.1164e-41
ERR11413758	3	Homo sapiens	4.9007885e-32	7.549617e-34	2.8967923e-34	4.531336e-23	1.5793815e-31	1.2668289e-34	3.9053807e-34	0.0	1.1345505e-16	1.4745457e-30	6.0320194e-26	1.0	5.0271586e-31	0.0	5.12255e-34	1.8747176e-21	1.0562201e-21	1.3890067e-20	7.9409865e-29	5.768015e-22	8.743144e-31	0.0	5.0594893e-34	3.4149234e-34
ERR11413759	3	Homo sapiens	6.646697e-35	2.591914e-38	6.918457e-39	9.795079e-27	1.6006221e-35	2.506378e-39	8.268646e-39	0.0	2.5750706e-21	2.8585898e-33	5.797606e-30	1.0	1.2902573e-32	0.0	1.63056e-38	5.477161e-22	7.784367e-23	5.143596e-22	6.918863e-29	1.4002454e-20	1.1456481e-31	0.0	1.5550911e-38	1.91685e-40
ERR11656729	3	Homo sapiens	7.0901165e-06	1.794918e-06	1.9111741e-05	4.076213e-06	6.7614026e-05	3.166968e-06	4.5126726e-06	0.0	0.0001824532	1.389533e-05	0.00057921343	0.99862653	0.00017899943	0.0	2.128251e-06	4.507042e-06	4.64755e-06	4.8538022e-06	1.5168755e-05	0.00014332733	2.0470348e-05	0.0	1.0092014e-05	0.00010637326
ERR11656730	3	Homo sapiens	8.779077e-05	3.190702e-05	0.00018761997	0.0014145492	0.0033708634	7.6297474e-05	3.0974523e-05	0.0	0.0012884975	0.00033144394	0.00948861	0.98118234	0.00030828183	0.0	6.0014416e-05	7.585919e-05	7.426171e-05	0.000120077246	8.818875e-05	0.00014897082	8.926111e-05	0.0	0.00073105015	0.0008131641
ERR11656731	3	Homo sapiens	0.00013482351	6.8220324e-05	0.00021984121	0.00019643626	0.0069968845	0.00013580437	7.71056e-05	0.0	0.0049672103	0.00052460673	0.048348766	0.93463427	0.00023150728	0.0	0.0001354766	0.00012320206	0.00012343268	0.00020107182	0.00013051757	0.00015768207	0.00013719585	0.0	0.0012229147	0.0012330307
ERR11656732	3	Homo sapiens	3.9145434e-06	1.2002533e-06	1.1221229e-05	3.6509157e-06	3.5505604e-05	9.3175026e-07	1.7279312e-06	0.0	0.0001744671	1.4828769e-05	0.00012821145	0.9994415	6.0482747e-05	0.0	1.058877e-06	2.518056e-06	2.6935359e-06	2.9784048e-06	9.38752e-06	3.2938995e-05	1.0927267e-05	0.0	1.4223507e-05	4.5637218e-05
ERR11656733	3	Homo sapiens	5.0243827e-05	4.2974953e-05	5.1097508e-05	7.080882e-05	0.00255353	3.7395035e-05	4.6847832e-05	0.0	0.0034933463	5.5929362e-05	0.006890549	0.985256	5.5892873e-05	0.0	7.905614e-05	4.720256e-05	5.033475e-05	4.9940805e-05	5.5465993e-05	5.2430503e-05	4.9257298e-05	0.0	0.00018209204	0.000829587
ERR11656734	3	Homo sapiens	0.00011517011	6.277929e-05	0.00018783772	0.0003914303	0.005897103	0.00010777612	6.277846e-05	0.0	0.010294028	0.00029308224	0.009086299	0.9701037	0.00017050936	0.0	0.00013993158	0.000104894294	0.00010573611	0.00015439057	0.000111082096	0.00012790623	0.00010948971	0.0	0.0010644152	0.0013096726
ERR11656735	3	Homo sapiens	4.075128e-05	2.6358563e-05	4.730374e-05	4.8158745e-05	0.0015916831	2.575125e-05	2.8179034e-05	0.0	0.0019040642	7.304699e-05	0.0066421423	0.9883926	6.246242e-05	0.0	4.9944127e-05	3.6026828e-05	3.7339538e-05	4.5213146e-05	4.521686e-05	4.5635923e-05	4.309983e-05	0.0	0.00022706235	0.0005879618
ERR11656736	3	Homo sapiens	0.00015815206	0.0001224382	0.00017240383	0.0002966167	0.00736588	0.000111708585	0.00012090377	0.0	0.009249603	0.00022685969	0.03760564	0.93961835	0.00024187328	0.0	0.00022789963	0.00014899365	0.00015532895	0.00016872562	0.00018740467	0.00020766645	0.00017850638	0.0	0.0009062565	0.0025287862
ERR11656737	3	Homo sapiens	0.0002264132	0.00035381177	0.00046401648	0.00051005173	0.011943322	0.00016791956	0.00022530617	0.0	0.0105846515	0.00032070567	0.032753687	0.93644106	0.00032680607	0.0	0.000314896	0.00020421715	0.0002158654	0.00022602984	0.00022557109	0.00021155927	0.00022360083	0.0	0.0009558543	0.00310463
ERR11656738	3	Homo sapiens	0.000119431534	0.00010736252	0.00012547275	0.0001881358	0.0075881192	9.536794e-05	0.00012334572	0.0	0.008974723	0.00010863003	0.02401749	0.9549073	0.00014444893	0.0	0.00023683804	0.0001162314	0.0001229485	0.00012397575	0.00012036837	0.00010949356	0.00011109738	0.0	0.0004594395	0.002099779
ERR11656739	3	Homo sapiens	0.00055218907	0.0004947161	0.000573252	0.00084089994	0.047197666	0.00046637596	0.0005009392	0.0	0.06624998	0.0005324847	0.40759978	0.4553455	0.0005115002	0.0	0.00086490833	0.000537151	0.0005745326	0.00056534616	0.0005407243	0.00058594364	0.0005059116	0.0	0.0021618532	0.012798354
ERR11656740	3	Homo sapiens	0.00024841574	0.00022283303	0.0002598061	0.0003733792	0.018843967	0.00020058338	0.00023944878	0.0	0.024935368	0.00022527807	0.10327945	0.84261614	0.000314628	0.0	0.00026088845	0.00024462584	0.000261973	0.0002526843	0.00026920123	0.00026169306	0.00024777462	0.0	0.0010069057	0.0054349415
ERR11656741	3	Homo sapiens	0.00025073063	0.00023193394	0.00025950253	0.00039490956	0.02176476	0.0002060683	0.00024745968	0.0	0.026540019	0.00021753763	0.09756471	0.84423584	0.0002669253	0.0	0.00030362894	0.00024711757	0.00026416773	0.00025723138	0.00027316087	0.00027908594	0.00023486164	0.0	0.0010390063	0.004921373
ERR11656742	3	Homo sapiens	0.00052294414	0.0005376896	0.0005360235	0.0008968474	0.039320815	0.0005085486	0.00045946424	0.0	0.08181256	0.00060020655	0.71192807	0.14400373	0.0004894486	0.0	0.00073404866	0.00053254986	0.00056976074	0.000564873	0.0005513536	0.0005110822	0.00050242373	0.0	0.0028624379	0.0115551
ERR11656743	3	Homo sapiens	0.00036697622	0.00034578066	0.00037476854	0.00056040613	0.0355957	0.00031402343	0.00036637209	0.0	0.043160234	0.00031684252	0.19204657	0.71431464	0.00041517435	0.0	0.0004050862	0.00036267852	0.0003905668	0.0003788508	0.00038394448	0.0003975427	0.00034506913	0.0	0.0015477752	0.0076110265
ERR11656744	3	Homo sapiens	0.00012463845	0.000108975226	0.000118984164	0.00022380761	0.010055599	9.729314e-05	0.00011700723	0.0	0.010894701	9.778076e-05	0.03222477	0.9421874	0.00013118626	0.0	0.00014647418	0.000118436685	0.00012591062	0.00012284868	0.00013112073	0.00012844788	0.00011139712	0.0	0.00047257286	0.0022606296
ERR11656745	3	Homo sapiens	0.00054181117	0.0005350956	0.0005440713	0.0009376995	0.045922097	0.00051283743	0.00053452555	0.0	0.07756397	0.0005610014	0.53697544	0.31657177	0.000534447	0.0	0.0007225142	0.0005485163	0.0005888786	0.00057646347	0.0005604379	0.00053843285	0.00051959464	0.0	0.002337619	0.011872748
ERR11656746	3	Homo sapiens	0.00035680187	0.00031465705	0.0003788681	0.00054022553	0.03117802	0.00030639052	0.0003341224	0.0	0.033575933	0.0003699086	0.22492184	0.69714683	0.00040584448	0.0	0.0004062356	0.00034921576	0.00036734916	0.00036909938	0.00038473422	0.0003840881	0.00033857764	0.0	0.0013860129	0.006185246
ERR11656747	3	Homo sapiens	0.0002870432	0.0002523109	0.0003152814	0.00044978314	0.019164613	0.00028785173	0.00021314579	0.0	0.026533218	0.00034507085	0.12548684	0.81783724	0.0003605127	0.0	0.0003044156	0.00028181673	0.00029880428	0.00030864135	0.00030495357	0.00036255206	0.00029743076	0.0	0.0015975551	0.004710921
ERR11656748	3	Homo sapiens	0.00054522225	0.00056287996	0.00056264334	0.00096574816	0.04427557	0.00049032306	0.0005792965	0.0	0.083455205	0.0005495164	0.6245394	0.22515754	0.0005570813	0.0	0.0007276731	0.0005615162	0.0005993715	0.0005828884	0.0005913769	0.00059616775	0.0005385146	0.0	0.0025223787	0.011039723
ERR4172756	3	Gorilla beringei	3.5827663e-05	2.750363e-09	4.1113626e-08	2.759278e-05	2.1277918e-07	3.421955e-08	7.1362645e-11	0.0	0.7098952	0.28793013	9.2587435e-08	1.2380737e-05	1.910145e-07	0.0	6.1610785e-07	3.8208486e-07	1.5368572e-07	4.9561737e-07	9.557639e-07	1.8733306e-06	5.383278e-08	0.0	5.1166406e-08	0.0020937196
ERR4172758	3	Gorilla beringei	8.685045e-06	6.928772e-10	1.0537873e-08	1.3208848e-06	1.8513042e-08	5.941341e-09	1.2492858e-11	0.0	0.9016352	0.097500674	1.8190303e-07	1.6340296e-06	3.459053e-08	0.0	1.8857372e-07	9.299112e-08	4.375454e-08	1.2281173e-07	3.0467965e-07	5.3141775e-07	1.3438863e-08	0.0	6.674108e-09	0.00085088133
ERR4172761	3	Gorilla beringei	2.2495994e-06	2.614985e-12	3.5194472e-11	1.1838334e-07	2.5936302e-11	3.5090524e-12	8.498574e-15	0.0	0.971871	0.02812557	1.2489512e-07	8.336399e-08	6.370214e-10	0.0	7.2826123e-10	3.3878411e-09	1.4017401e-09	2.7928653e-09	8.0544735e-09	2.3288877e-08	7.518787e-11	0.0	2.9544072e-11	8.231044e-07
ERR4172763	3	Gorilla beringei	0.0018041391	0.00022004198	0.00066504726	0.002478743	0.08470189	0.003021004	5.912676e-05	0.0	0.41552922	0.14654934	0.022921927	0.08324869	0.0008232165	0.0	0.00074015034	0.00075377035	0.0005868693	0.000888236	0.0010245384	0.0008261282	0.00058858766	0.0	0.001039257	0.23153007
ERR4172766	3	Gorilla beringei	7.2995323e-07	1.0312967e-11	2.4574346e-11	1.27669475e-08	7.967559e-12	1.7180306e-13	3.687938e-15	0.0	0.99990773	8.195519e-05	9.537147e-06	1.2728517e-11	1.257267e-10	0.0	3.431486e-10	1.0316345e-11	1.9545912e-12	2.0159282e-11	4.8907944e-11	4.4214907e-10	4.6332335e-12	0.0	1.0275198e-12	4.3422798e-08
ERR4172783	3	Gorilla beringei	3.6127524e-06	8.906563e-11	9.048061e-10	2.5131294e-07	3.7711566e-12	2.8036667e-14	1.4772934e-15	0.0	0.99982065	0.00016872241	6.7622063e-06	2.8502892e-10	9.356683e-11	0.0	1.4552265e-10	3.877886e-11	5.5256e-12	6.103289e-11	1.5096698e-10	2.1649542e-09	4.9842504e-12	0.0	3.415587e-13	2.6508944e-08
ERR4172788	3	Gorilla beringei	1.1649861e-06	1.9888998e-11	7.9675856e-11	5.6221676e-08	8.56659e-13	2.2025225e-14	3.315321e-16	0.0	0.99994475	5.294902e-05	1.0897163e-06	2.0573739e-10	2.6627794e-11	0.0	2.2604081e-10	9.895504e-12	1.506023e-12	1.8742018e-11	5.6416843e-11	1.5693499e-09	2.3707017e-12	0.0	4.5352445e-14	1.9455836e-08
ERR4172789	3	Gorilla beringei	0.0011909328	5.0319113e-06	3.9922063e-05	1.0200778e-05	0.0014156798	2.1145524e-05	1.3506555e-06	0.0	0.5412635	0.17700133	0.2527032	0.0072270283	0.00084971904	0.0	5.444052e-05	8.4850535e-06	1.4332994e-05	9.989914e-06	0.0002279892	0.0014227069	0.00011749759	0.0	0.00022655033	0.016188981
ERR4172797	3	Gorilla beringei	0.0012562535	5.1363363e-06	3.9662158e-05	1.7751223e-05	0.010110278	4.562233e-06	3.0423806e-05	0.0	0.5575674	0.109046824	0.2876439	0.022993388	0.0005115847	0.0	3.33059e-05	9.534548e-06	1.6573447e-05	1.0958063e-05	0.00019330462	0.00088564726	9.5153206e-05	0.0	3.4093388e-05	0.009494259
ERR4172799	3	Gorilla beringei	0.0022047814	1.1399224e-07	7.2379967e-06	4.030192e-06	0.00015841427	1.7254912e-05	2.2327052e-07	0.0	0.058568705	0.493896	0.44206175	0.00097111234	0.00063964364	0.0	8.403337e-06	5.665069e-07	9.864577e-07	7.914536e-07	2.46721e-05	0.00036952464	1.3910475e-05	0.0	7.488051e-06	0.001044378
ERR4172800	3	Gorilla beringei	0.0026828637	1.927131e-07	1.606637e-05	3.010208e-06	0.0001493843	2.1529991e-05	4.871307e-07	0.0	0.14791207	0.75620764	0.0852018	0.0011382863	0.00059117744	0.0	1.8760418e-05	8.310155e-07	1.3262248e-06	1.2620164e-06	5.9472095e-05	0.0005404014	2.2106851e-05	0.0	0.00011175562	0.0053195544
ERR4172802	3	Gorilla beringei	0.00020486668	1.7735716e-06	1.0188641e-05	3.6012632e-06	0.00035548894	1.3682182e-05	1.3736415e-06	0.0	0.9469244	0.03006698	0.01359465	0.001017511	8.21589e-05	0.0	5.365322e-06	2.4561307e-06	4.644794e-06	2.892757e-06	3.344857e-05	0.0001572792	2.2283686e-05	0.0	1.8499957e-05	0.007476456
ERR4172804	3	Gorilla beringei	0.000725179	3.1163745e-06	3.6243368e-05	7.363739e-06	0.0008779305	6.0372222e-05	1.1755978e-06	0.0	0.6938045	0.044002283	0.23501424	0.0032656805	0.00028073636	0.0	1.2724279e-05	6.4870865e-06	1.2696323e-05	7.525287e-06	9.4647e-05	0.00036732858	5.7192636e-05	0.0	4.4913962e-05	0.02131768
ERR4172806	3	Gorilla beringei	0.010325172	1.1563316e-06	9.752187e-06	1.2719503e-05	0.00057539064	7.686972e-05	4.5428173e-05	0.0	0.30241987	0.4791604	0.14949284	0.0026999537	0.00037105696	0.0	9.9168414e-05	2.125189e-06	4.4948915e-06	2.6083032e-06	6.361727e-05	0.0005612228	3.9335187e-05	0.0	3.680435e-05	0.05400001
ERR4172808	3	Gorilla beringei	0.0044611488	4.2592438e-07	8.452094e-06	1.1434427e-05	0.00043334992	4.7127152e-05	1.2176901e-05	0.0	0.6392023	0.3197193	0.013212325	0.00014056577	0.00035047546	0.0	4.3357944e-05	1.127758e-06	2.5157822e-06	1.2838011e-06	3.6240992e-05	0.00039340978	2.092344e-05	0.0	0.00014529539	0.021756746
ERR4172809	3	Gorilla beringei	0.00013018119	8.7689233e-07	1.26451105e-05	3.533533e-06	0.000327403	1.3463494e-05	6.5995344e-05	0.0	0.97412777	0.012838685	0.011857595	0.00032819793	4.0272338e-05	0.0	4.139771e-06	3.3811086e-06	7.84484e-06	3.3106257e-06	2.2380797e-05	5.9976228e-05	1.7885968e-05	0.0	5.5587312e-05	7.8891164e-05
ERR4172811	3	Gorilla beringei	0.0018576307	1.1381577e-05	0.00010845652	6.29086e-05	0.0034723897	0.00046402935	0.00015616605	0.0	0.76751614	0.0970963	0.112568244	0.008915175	0.00034501663	0.0	8.4830455e-05	3.5254572e-05	8.186819e-05	3.5836576e-05	0.00026290293	0.0006569708	0.00019200127	0.0	0.0012000937	0.0048763882
ERR4172813	3	Gorilla beringei	0.003243761	2.9118198e-07	3.7419327e-06	2.6875026e-05	0.00034643002	0.00023136505	2.4814126e-05	0.0	0.13768852	0.4461118	0.41124442	0.00021076898	0.00012484354	0.0	1.65316e-05	3.0036565e-06	7.4464824e-06	2.9461444e-06	3.2898923e-05	0.000117922864	1.3874265e-05	0.0	0.00010238164	0.00044536384
ERR4172814	3	Gorilla beringei	0.001227812	1.8374286e-07	1.7099851e-06	5.1794823e-06	5.2193856e-05	4.6284735e-05	6.298241e-05	0.0	0.778986	0.19649677	0.022516377	0.00012400004	2.3341889e-05	0.0	1.1207739e-05	1.6223923e-06	3.3203687e-06	1.3728824e-06	1.2076665e-05	4.465303e-05	6.8580207e-06	0.0	1.5201327e-05	0.00036085004
ERR4172817	3	Rangifer tarandus	6.4120206e-05	2.2670196e-05	2.2125418e-05	0.0002554867	0.00016606542	0.18823208	0.8070822	0.0	0.00022021358	6.717161e-05	2.7538887e-05	1.5716578e-06	8.495385e-06	0.0	0.0019832598	1.571547e-05	1.7671213e-05	1.4112456e-05	8.723568e-06	1.0682538e-05	1.5739633e-05	0.0	0.00028985587	0.0014745181
ERR4172819	3	Rangifer tarandus	5.382874e-05	1.3479335e-05	3.6721965e-05	0.00017769566	0.00018338092	0.18418571	0.8130406	0.0	0.00037994806	4.323778e-05	2.241494e-05	4.2847178e-06	5.8092955e-06	0.0	0.0005359282	1.4519268e-05	1.5134932e-05	1.3022405e-05	8.533355e-06	1.0643755e-05	1.6144812e-05	0.0	0.00028687122	0.0009520621
ERR4172823	3	Rangifer tarandus	0.00030191624	2.7191605e-05	7.509559e-05	0.0058686943	0.00016476533	0.21646145	0.76867634	0.0	0.0026543005	0.0001789533	9.041071e-06	4.889518e-06	1.3970578e-05	0.0	0.0017038123	3.319218e-05	2.961475e-05	2.5165346e-05	1.8306617e-05	2.5816336e-05	2.4560588e-05	0.0	0.00037326838	0.003329675
ERR4172827	3	Rangifer tarandus	0.0001918641	6.8894384e-05	2.0128497e-05	0.0019682224	0.0017600061	0.17817403	0.812641	0.0	0.0005020123	0.00014534843	2.0493762e-06	3.8612325e-06	8.28034e-06	0.0	0.0012897631	2.2845124e-05	2.2134549e-05	1.7142416e-05	1.1301843e-05	1.4990783e-05	1.6581085e-05	0.0	0.00012956957	0.0029899655
ERR4172829	3	Rangifer tarandus	0.0015398525	0.000121157835	9.1922826e-05	0.0028106968	0.029040214	4.5100183e-05	6.249004e-05	0.0	0.0926228	0.0016436143	0.016970757	0.011743883	0.00014785376	0.0	0.0011709013	0.00022736478	0.00019973214	0.00018029581	0.00021413613	0.00018647543	0.00015577114	0.0	0.00052889815	0.8402961
ERR4172830	3	Rangifer tarandus	0.0024987168	0.00020192922	0.00018575849	0.0047684084	0.037513446	8.9132925e-05	0.000116870484	0.0	0.18063617	0.0019785976	0.044404306	0.030238403	0.0002263884	0.0	0.0026452027	0.00040028957	0.00034967376	0.00031962918	0.00036367512	0.00028936303	0.0002893334	0.0	0.0014004325	0.69108427
ERR4172832	3	Rangifer tarandus	0.0016759742	3.7213616e-05	4.6367215e-05	0.0040150196	0.58238775	1.5975995e-05	2.3949447e-05	0.0	0.013157488	0.0013728387	0.00071858324	0.0026511347	5.1635332e-05	0.0	0.0008393501	0.000100147416	7.582325e-05	8.246985e-05	8.985446e-05	7.881892e-05	5.964025e-05	0.0	0.00038544278	0.39213455
ERR4172834	3	Rangifer tarandus	0.0030039598	8.6536966e-05	7.422402e-05	0.0037044976	0.05921636	1.4516656e-05	6.120601e-05	0.0	0.074482866	0.0014033159	0.010117053	0.01047635	0.000114878385	0.0	0.0011716596	0.00019248232	0.00014859223	0.00013554946	0.00015642063	0.00012788804	0.00010249413	0.0	0.00029662673	0.83491254
ERR4172835	3	Rangifer tarandus	0.0008831859	0.015592235	0.011285397	0.0010632806	0.030052874	0.00044762643	0.0008585527	0.0	0.10598885	0.00040323738	0.74891907	0.06511647	0.000440538	0.0	0.0008357469	0.00062980695	0.00066004583	0.000648675	0.0006624647	0.00057383365	0.00060483126	0.0	0.0019192758	0.01241401
ERR4172836	3	Rangifer tarandus	0.00077282905	0.011921749	0.058900323	0.0007760165	0.020105839	0.0003462267	0.0007261493	0.0	0.05786945	0.0003317638	0.7964386	0.037944555	0.0003507133	0.0	0.00071667257	0.0005033252	0.0005084533	0.00051717565	0.0004769554	0.00045143656	0.0004980928	0.0	0.0010763253	0.008767392
ERR4172838	3	Rangifer tarandus	0.0010355491	0.049752872	0.28527823	0.00076096796	0.015372943	0.00030448564	0.001348878	0.0	0.03950443	0.00047606288	0.55974466	0.02622328	0.00029216398	0.0	0.0007302795	0.00053978054	0.0005303806	0.00054817303	0.0005152557	0.00046655996	0.00055554573	0.0	0.00094980217	0.0150697045
ERR4172839	3	Rangifer tarandus	0.0007932726	0.035343	0.54753965	0.0006196146	0.010561525	0.00021075412	0.0006946137	0.0	0.022857113	0.00034509803	0.33980185	0.022368567	0.0002639162	0.0	0.0004460066	0.00040581013	0.0004142098	0.0004229832	0.00041581353	0.00038116018	0.00040474464	0.0	0.0011685694	0.014541728
ERR4172841	3	Rangifer tarandus	0.00045991055	6.0356447e-06	0.0005603603	0.0018054376	0.00021861304	0.041453388	4.8960774e-06	0.0	0.000592588	0.54996365	4.30899e-05	0.016218482	0.00047324607	0.0	0.005526019	5.003875e-05	3.6031055e-05	0.0002774094	0.0001948513	0.0009513248	7.8889716e-05	0.0	0.02196484	0.3591209
ERR4172843	3	Rangifer tarandus	0.00032079284	5.5669157e-06	0.00033944854	0.0012917727	8.934224e-05	0.021280287	3.873703e-06	0.0	0.00051681703	0.51653403	2.36157e-05	0.01597638	0.0005058141	0.0	0.0016145923	3.0779065e-05	2.1417842e-05	0.00017188145	0.00014299717	0.0008804285	4.8911603e-05	0.0	0.0010172788	0.43918395
ERR4172850	3	Rangifer tarandus	0.00043394975	2.7375438e-06	0.000118865304	0.002764443	0.00010485317	0.04227227	3.4346485e-05	0.0	0.00017218637	0.24459797	1.121845e-06	0.0020287375	0.00014694229	0.0	0.06639084	1.3832259e-05	9.0404565e-06	7.021616e-05	0.000100617384	0.0007766393	2.318324e-05	0.0	8.227654e-05	0.6398549
ERR4172854	3	Rangifer tarandus	0.00035369705	1.974581e-06	0.0001140124	0.002441067	0.0058170906	0.04706357	4.0707464e-06	0.0	7.1546194e-05	0.2582985	5.5676857e-08	0.00038857813	0.00013907898	0.0	0.017496284	1.0530017e-05	7.2009816e-06	5.156114e-05	6.026267e-05	0.00044703766	1.5944253e-05	0.0	0.00036073365	0.6668572
ERR4172855	3	Rangifer tarandus	0.00055391353	0.012005537	0.35513377	0.0013111986	3.8172064e-05	2.4156616e-05	3.1809288e-06	0.0	0.0012427868	0.021402178	6.5791837e-06	5.848223e-06	2.4130431e-05	0.0	0.00045936235	1.4033166e-05	9.301014e-06	1.4955418e-05	3.2627086e-05	4.650321e-05	1.1454399e-05	0.0	7.705983e-06	0.6076526
ERR4172857	3	Rangifer tarandus	0.00064289296	0.0135796005	0.3037751	0.001617671	0.00018059429	3.7354086e-05	1.0024431e-05	0.0	0.0006913865	0.01863616	1.5153797e-06	3.820679e-06	3.172597e-05	0.0	0.001151954	1.5304811e-05	9.533491e-06	1.6972639e-05	3.8063037e-05	8.4088104e-05	1.4147351e-05	0.0	4.6183472e-06	0.6594575
ERR4172860	3	Rangifer tarandus	0.0003649298	0.008964972	0.5131445	0.002121569	8.709694e-06	4.4131775e-05	1.7064915e-06	0.0	1.5268426e-05	0.06653016	1.8948906e-08	1.0161465e-07	1.0372565e-05	0.0	0.005966374	2.6010293e-06	1.453209e-06	4.19293e-06	1.9664183e-05	8.462247e-05	2.8346587e-06	0.0	1.323304e-06	0.4027105
ERR4172872	3	Rangifer tarandus	0.0004286449	0.0083908215	0.5034809	0.004318101	2.0720357e-05	3.8454946e-05	1.8369882e-06	0.0	3.602251e-05	0.08223466	2.104256e-08	3.6780173e-07	1.5997239e-05	0.0	0.003829786	3.328703e-06	1.861502e-06	5.0850144e-06	2.2685033e-05	9.224595e-05	3.5415153e-06	0.0	2.2257062e-07	0.3970747
ERR4172883	3	Rangifer tarandus	1.856448e-05	8.5635575e-06	5.8249443e-05	3.9497452e-05	0.0013727914	0.24051912	0.5267487	0.0	9.993544e-05	2.6271498e-05	4.5136203e-06	1.6741225e-06	8.510151e-06	0.0	0.22822165	1.2790999e-05	1.5322548e-05	1.4994412e-05	6.328062e-05	0.00047757433	2.3204531e-05	0.0	6.7489054e-05	0.0021972596
ERR4172889	3	Rangifer tarandus	1.699643e-05	8.461604e-06	5.6011486e-05	3.7798094e-05	0.00014813304	0.19620563	0.47866088	0.0	0.0001162634	1.8760045e-05	9.642826e-06	1.9163558e-06	6.7265796e-06	0.0	0.31899083	1.1748321e-05	1.3955277e-05	1.3475333e-05	5.2200245e-05	0.00041316514	2.2182967e-05	0.0	5.3472468e-05	0.005141742
ERR4172953	3	Rangifer tarandus	1.1393955e-05	4.2580195e-06	3.8832433e-05	1.8600962e-05	3.099858e-05	0.1814813	0.1482378	0.0	6.0690218e-05	2.3140203e-05	7.4399677e-06	1.4770346e-06	5.821013e-06	0.0	0.6644222	7.209292e-06	8.365537e-06	8.440958e-06	3.9506547e-05	0.0003393774	1.417647e-05	0.0	2.5542058e-05	0.005213434
ERR4172977	3	Rangifer tarandus	8.367316e-06	2.7154335e-06	2.8907052e-05	1.2489525e-05	0.0003573928	0.115135	0.1424411	0.0	2.7423333e-05	1.2200533e-05	1.1906392e-06	1.139003e-06	4.389244e-06	0.0	0.73351073	5.3036542e-06	6.1611454e-06	6.210865e-06	2.9418321e-05	0.00024895385	1.0705336e-05	0.0	1.001044e-05	0.008140174
ERR4172978	3	Ursus arctos	7.5752355e-09	1.4558003e-09	2.8886482e-09	1.9777426e-07	3.0073146e-08	1.7836674e-08	2.609015e-10	0.0	6.983538e-07	3.4241014e-09	2.748598e-08	1.19647465e-08	2.9573874e-09	0.0	6.137755e-09	2.6403644e-09	2.8237923e-09	2.8140668e-09	4.4948973e-09	7.02368e-09	2.7406801e-09	0.0	4.1765005e-09	0.999999
ERR4172979	3	Ursus arctos	1.7070914e-08	3.7026837e-09	6.57122e-09	2.6949115e-07	8.739456e-08	1.5344598e-08	6.1914934e-10	0.0	2.2129893e-06	3.6962502e-09	2.6153216e-07	1.3478427e-07	6.6089285e-09	0.0	2.1540139e-08	6.2851506e-09	6.9272144e-09	6.4967014e-09	1.33216345e-08	2.2613564e-08	6.5968297e-09	0.0	3.1206346e-09	0.9999969
ERR4172981	3	Ursus arctos	7.899979e-12	2.554462e-13	9.535118e-13	6.9294557e-09	1.5461709e-12	3.7673024e-12	2.992622e-13	0.0	1.1291784e-11	9.922111e-13	2.1239282e-12	4.919907e-13	1.3734688e-12	0.0	6.4263365e-11	8.1161743e-13	8.985117e-13	9.291717e-13	2.8833758e-12	1.2495807e-11	7.841518e-13	0.0	1.4142985e-12	1.0
ERR4172982	3	Ursus arctos	8.125169e-11	3.3264513e-12	1.30354815e-11	1.1934749e-08	6.4031676e-11	1.2441027e-10	1.1031818e-12	0.0	7.207216e-10	8.788198e-12	8.8454875e-11	1.2490144e-11	1.6960702e-11	0.0	6.4350175e-10	1.2071497e-11	1.2446711e-11	1.1974382e-11	3.7577583e-11	1.8542866e-10	1.0671736e-11	0.0	5.2608517e-12	1.0
ERR4172991	3	Ursus arctos	2.0262208e-12	8.141776e-15	1.2580015e-14	1.3705701e-07	9.200197e-14	1.3280221e-10	2.4465195e-11	0.0	2.9924935e-14	1.6673071e-13	7.21383e-14	2.1739175e-17	2.3416192e-14	0.0	3.3465253e-12	6.588151e-14	7.58297e-14	2.6639022e-14	1.9663819e-14	1.4475746e-13	2.1532652e-14	0.0	2.8787134e-13	0.9999999
ERR4173008	3	Ursus arctos	2.528781e-13	5.752477e-16	9.85918e-16	4.446532e-08	1.1482064e-14	5.9656767e-12	2.6646764e-12	0.0	3.4705182e-15	1.222017e-14	6.498179e-15	2.8217726e-18	1.9475403e-15	0.0	4.658684e-13	6.993513e-15	7.642683e-15	3.0713946e-15	1.6868787e-15	1.1550609e-14	2.0884694e-15	0.0	5.8028643e-15	0.99999994
ERR4173033	3	Ursus arctos	1.8648562e-14	9.415184e-19	4.03574e-18	8.925724e-07	4.89149e-17	4.8219167e-15	3.9857042e-15	0.0	4.122494e-18	1.5398401e-16	5.2576884e-17	6.4287496e-21	1.05874875e-17	0.0	9.66086e-15	6.3604465e-17	6.247485e-17	2.5246811e-17	1.50439e-17	3.9506464e-16	8.1952745e-18	0.0	2.2890713e-17	0.9999991
ERR4173039	3	Ursus arctos	7.9357104e-11	3.680364e-12	1.5530115e-11	1.533775e-10	1.7063964e-10	1.9429593e-10	6.0360144e-14	0.0	2.7153e-09	9.656975e-10	4.946473e-11	2.5797912e-11	3.077246e-11	0.0	1.7257519e-10	8.002525e-12	7.901697e-12	8.0153e-12	4.945851e-11	1.6435793e-10	1.3403296e-11	0.0	2.733524e-12	1.0
ERR4173041	3	Ursus arctos	2.451692e-11	1.1024875e-12	5.026877e-12	5.966475e-11	2.0846096e-11	1.248983e-10	5.694986e-13	0.0	2.8178565e-10	2.5995978e-10	6.173316e-13	1.6857193e-11	8.925479e-12	0.0	6.72769e-11	2.0922391e-12	2.3152394e-12	2.2600932e-12	1.33256245e-11	7.354356e-11	4.123007e-12	0.0	7.085742e-13	1.0
ERR4173043	3	Ursus arctos	3.3735498e-13	1.346065e-15	1.4213115e-14	8.6828105e-12	7.09398e-14	2.5254141e-12	1.0813592e-15	0.0	2.9590078e-13	2.043974e-13	2.4010697e-15	1.8049506e-15	4.6306695e-14	0.0	9.72995e-13	4.985873e-15	5.8138283e-15	4.6887932e-15	5.869432e-14	9.77838e-13	1.28322705e-14	0.0	3.3000997e-16	1.0
ERR4173045	3	Ursus arctos	1.1066857e-12	4.167635e-15	6.535099e-14	2.1290487e-11	7.6139466e-14	4.9413377e-12	5.815519e-14	0.0	4.216655e-13	1.828968e-12	1.406506e-15	1.3273541e-14	1.1821403e-13	0.0	6.967673e-12	1.7190368e-14	1.8549854e-14	1.832203e-14	2.6820373e-13	2.9922627e-12	5.781428e-14	0.0	1.8948449e-14	1.0
ERR4173049	3	Ursus arctos	9.2206115e-08	1.8404059e-08	2.1991191e-07	5.4314347e-07	5.652041e-08	0.0051656542	2.26769e-05	0.0	3.664622e-06	2.9477778e-06	3.8747268e-09	1.2136984e-08	7.676045e-08	0.0	1.7266075e-05	3.9741284e-08	3.867098e-08	4.8457704e-08	2.8058287e-07	2.1767923e-06	9.7822095e-08	0.0	1.3162392e-08	0.99478406
ERR4173051	3	Ursus arctos	8.810974e-08	1.5504238e-08	2.5413533e-07	2.1238944e-07	5.7441518e-08	0.004571916	1.9159226e-05	0.0	4.3608975e-06	3.2117616e-06	4.71404e-09	1.28947795e-08	8.6379295e-08	0.0	1.9968924e-05	3.9527258e-08	3.7952308e-08	4.9415107e-08	2.598673e-07	1.3843459e-06	9.753073e-08	0.0	1.846392e-08	0.9953788
ERR4173057	3	Ursus arctos	7.44327e-08	3.7783496e-09	3.2594158e-07	7.858636e-07	1.6575953e-08	0.0039499714	5.570418e-06	0.0	5.0232444e-07	1.6326991e-06	8.4957225e-10	5.4962523e-09	8.0737756e-08	0.0	3.038276e-05	1.6922536e-08	1.4442959e-08	2.676806e-08	1.5571962e-07	2.2845393e-06	5.02543e-08	0.0	4.9463537e-08	0.99600804
ERR4173060	3	Ursus arctos	2.1332601e-08	2.2459667e-09	4.0231885e-08	4.6437884e-07	4.971019e-09	0.0013180294	1.5484623e-06	0.0	1.6934236e-07	5.2315676e-07	6.271118e-11	3.6574044e-09	1.5658985e-08	0.0	9.690549e-06	5.210337e-09	4.4720725e-09	7.6780164e-09	4.736092e-08	6.989683e-07	1.5422064e-08	0.0	5.6648988e-09	0.99866873
ERR4173061	3	Ursus arctos	8.476167e-11	2.5228994e-12	6.9519594e-12	2.2455602e-09	4.6100845e-10	6.720842e-11	5.1374063e-14	0.0	7.8408946e-10	6.96908e-10	1.04332355e-10	1.3553327e-10	1.681729e-11	0.0	6.624297e-11	8.679701e-12	8.986903e-12	6.6320734e-12	1.9495471e-11	8.8994236e-11	1.1786959e-11	0.0	1.1985056e-12	1.0
ERR4173063	3	Ursus arctos	4.6360704e-10	1.6249151e-11	4.4386415e-11	1.5381275e-08	7.579859e-10	2.5234687e-10	7.6426674e-13	0.0	3.773542e-09	4.4055612e-09	6.5523736e-10	2.2489755e-09	9.762437e-11	0.0	2.973891e-10	4.368937e-11	4.9309785e-11	4.047065e-11	9.6676875e-11	3.8418357e-10	6.322873e-11	0.0	1.0348042e-11	1.0
ERR4173066	3	Ursus arctos	3.1340016e-13	7.047836e-16	3.4339353e-15	8.5732804e-10	5.160364e-13	7.540031e-15	1.0735701e-17	0.0	1.160257e-13	9.2392396e-14	1.7604077e-13	2.0044355e-14	1.2730326e-14	0.0	9.543478e-14	6.700587e-15	7.819789e-15	3.815066e-15	1.9685459e-14	2.2856448e-13	5.8191197e-15	0.0	1.7281284e-16	1.0
ERR4173068	3	Ursus arctos	2.7571688e-12	5.3443006e-15	3.604588e-14	5.2103495e-09	9.501697e-13	1.2025718e-13	1.1396112e-16	0.0	5.8349603e-13	1.5520981e-12	6.1626273e-12	2.8270142e-12	1.05603785e-13	0.0	5.139407e-13	5.83874e-14	6.979165e-14	3.730064e-14	1.7993997e-13	2.414205e-12	6.850123e-14	0.0	2.0415914e-15	1.0
ERR4173070	3	Ursus arctos	1.2930718e-06	3.4313555e-07	3.188556e-07	1.0788285e-06	0.00032921814	7.070001e-06	1.0843813e-08	0.0	0.00065344485	5.5879493e-05	2.067258e-06	5.2535903e-05	7.645138e-07	0.0	5.9446035e-07	7.795059e-07	5.040228e-07	5.9138694e-07	1.0053982e-06	6.1558313e-07	6.8001015e-07	0.0	3.6599363e-07	0.9988908
ERR4173072	3	Ursus arctos	2.6311561e-06	6.809435e-07	6.835688e-07	1.4582882e-06	0.0002577909	5.329443e-05	1.1290434e-08	0.0	0.0008527682	0.00012733295	1.4524472e-05	0.00021341551	1.8959787e-06	0.0	1.3023831e-06	1.5133734e-06	9.900674e-07	1.2108983e-06	1.7021163e-06	1.0124805e-06	1.3984969e-06	0.0	4.5052116e-07	0.9984639
ERR4173073	3	Ursus arctos	8.9743185e-07	9.935714e-08	1.2598436e-07	4.724469e-07	0.00026043216	1.5194969e-05	7.7835394e-10	0.0	0.00045045995	2.8701386e-05	7.8087504e-07	4.095843e-05	3.8251017e-07	0.0	4.4388904e-07	3.499886e-07	2.0655663e-07	2.3933188e-07	4.649786e-07	3.0537595e-07	2.9000896e-07	0.0	4.1044007e-08	0.99919915
ERR4173075	3	Ursus arctos	1.9581238e-07	2.3410122e-08	2.8723221e-08	1.5747688e-07	9.215559e-05	2.7767705e-06	2.4181818e-10	0.0	5.0134724e-05	6.6264533e-06	9.415203e-08	4.9084733e-06	7.8773034e-08	0.0	7.613043e-08	8.2242146e-08	4.706685e-08	5.817487e-08	1.0624685e-07	5.8856678e-08	6.6537844e-08	0.0	1.3351934e-08	0.9998423
ERR4173082	3	Gorilla beringei	2.1302118e-05	7.624161e-10	3.2124068e-09	6.6800317e-07	1.3170348e-10	6.497475e-12	5.9440415e-14	0.0	0.9969124	0.0024568052	0.0006083184	9.1392377e-10	2.9203069e-09	0.0	1.2135247e-08	2.6449393e-10	5.5434168e-11	6.043038e-10	1.3634307e-09	6.7127917e-09	1.2070109e-10	0.0	1.6715877e-11	4.42277e-07
ERR9612721	3	Homo sapiens	3.6384574e-34	1.79663e-40	5.7037e-41	6.4271464e-24	5.9299386e-38	4.657e-42	4.0746e-41	0.0	3.110014e-16	1.8024287e-30	2.8250848e-22	1.0	9.65e-43	0.0	7.07974e-40	1.1020315e-18	2.0548846e-13	2.457923e-18	1.9521939e-30	5.12994e-18	1.285108e-38	0.0	6.4408e-41	5.22673e-40
ERR9612722	3	Homo sapiens	7.003447e-34	3.13322e-40	1.00933e-40	1.7386157e-23	7.0840026e-38	6.725e-42	6.9317e-41	0.0	5.0061837e-15	2.5164927e-30	1.1093347e-21	1.0	1.473e-42	0.0	1.174686e-39	4.237093e-18	1.2885269e-12	9.205211e-18	5.1421517e-30	1.6445831e-17	1.6229835e-38	0.0	1.64798e-40	1.181103e-39
ERR9612723	3	Homo sapiens	3.1454704e-33	7.7e-43	4.5e-44	1.2730003e-24	1.888899e-38	4e-45	4.6e-44	0.0	2.8896824e-27	3.3532328e-35	1.7110566e-26	1.0	4.996304e-38	0.0	2.925e-42	1.6506478e-20	3.0493276e-23	6.033258e-18	6.391268e-28	1.3383809e-15	1.2035511e-30	0.0	8.3e-44	1.87742e-40
ERR9612724	3	Homo sapiens	1.7806864e-33	2.47e-43	1.8e-44	3.953194e-24	4.962928e-39	1e-45	2e-44	0.0	1.934135e-26	4.088228e-35	1.0749387e-26	1.0	1.0369868e-38	0.0	4.3e-43	2.5041106e-20	3.752967e-23	6.013884e-18	6.350978e-28	4.927101e-15	9.069001e-31	0.0	2.7e-44	4.045e-41
ERR9612725	3	Homo sapiens	1.7391368e-38	0.0	0.0	1.8742068e-27	3.4e-44	0.0	0.0	0.0	1.13163414e-26	1.2738371e-35	1.9253304e-33	1.0	0.0	0.0	0.0	3.021836e-22	8.134786e-26	1.4790633e-22	9.825068e-31	9.776304e-21	6.941887e-38	0.0	0.0	0.0
ERR9612726	3	Homo sapiens	3.0306193e-38	0.0	0.0	6.3645017e-27	8.8e-44	0.0	0.0	0.0	2.282803e-26	2.7655433e-35	1.267969e-32	1.0	0.0	0.0	0.0	1.0890811e-21	1.2875616e-25	3.8819522e-22	2.0095416e-30	2.513568e-20	1.0615005e-37	0.0	0.0	0.0
ERR9612727	3	Homo sapiens	1.0245006e-35	9.099e-42	1.29e-42	1.1897576e-25	1.792737e-39	2.1e-43	1.697e-42	0.0	2.5308522e-25	2.0536083e-33	5.6959825e-32	1.0	4e-45	0.0	7.97e-42	8.62642e-22	7.506568e-26	2.543118e-21	8.681874e-30	5.305388e-22	1.4117591e-35	0.0	1.785e-42	3.01e-43
ERR9612728	3	Homo sapiens	7.350531e-36	4.21e-42	5.9e-43	2.0907121e-25	6.15948e-40	1.19e-43	7.85e-43	0.0	9.882641e-25	6.8474796e-34	9.5849756e-32	1.0	1e-45	0.0	5.525e-42	1.021772e-21	7.2676954e-26	2.5203571e-21	8.380492e-30	5.4397253e-22	9.7562415e-36	0.0	8.42e-43	4e-44
ERR9612729	3	Homo sapiens	3.081289e-34	2.96e-43	4.3e-44	4.8370986e-24	7.57361e-40	3e-45	3.1e-44	0.0	1.599655e-20	1.8808863e-32	4.9883458e-23	1.0	1e-44	0.0	1.839e-42	4.590101e-19	1.36255e-15	3.734065e-17	4.1655032e-30	1.2300751e-16	1.9560009e-38	0.0	6.3e-44	3.91451e-40
ERR9612730	3	Homo sapiens	9.9502805e-34	6.01e-43	9.8e-44	1.7864612e-23	3.2549e-40	7e-45	7.1e-44	0.0	1.6148799e-18	4.3450106e-32	3.9433862e-22	1.0	9.2e-44	0.0	2.384e-42	3.3644972e-18	1.0482714e-14	2.6762882e-16	1.9495002e-29	1.4015668e-15	5.3333324e-38	0.0	8.8e-44	5.516937e-39
ERR9612731	3	Homo sapiens	9.5026e-41	0.0	0.0	7.546184e-30	4e-45	0.0	0.0	0.0	1.5358873e-21	1.5500679e-38	2.6404523e-33	1.0	0.0	0.0	0.0	2.4857628e-25	1.897702e-23	1.7706911e-25	1.7961166e-35	3.9189494e-22	2.683e-42	0.0	0.0	0.0
ERR9612732	3	Homo sapiens	1.9493e-41	0.0	0.0	2.594053e-30	0.0	0.0	0.0	0.0	2.4347105e-23	1.440909e-39	9.58657e-34	1.0	0.0	0.0	0.0	6.5645e-26	4.14868e-24	5.461671e-26	2.9909609e-36	2.035185e-22	3.46e-43	0.0	0.0	0.0
ERR9612733	3	Homo sapiens	1.293515e-39	1e-45	0.0	8.519339e-28	7.8e-44	0.0	0.0	0.0	6.153047e-17	8.08114e-36	2.2454232e-28	1.0	0.0	0.0	4e-45	3.748338e-21	5.1518443e-17	1.04105134e-16	3.1400272e-35	3.3582585e-23	8.8e-44	0.0	0.0	0.0
ERR9612734	3	Homo sapiens	5.2546e-41	0.0	0.0	1.0923365e-28	3e-45	0.0	0.0	0.0	1.4307522e-18	8.5116465e-37	1.7392205e-29	1.0	0.0	0.0	0.0	3.1828829e-22	5.756942e-18	9.885408e-18	1.40759565e-36	3.7453696e-24	4e-45	0.0	0.0	0.0
ERR9612735	3	Homo sapiens	1.49006e-40	0.0	0.0	1.8616963e-29	0.0	0.0	0.0	0.0	3.432865e-27	4.4374414e-37	1.5425425e-34	1.0	0.0	0.0	0.0	1.420421e-20	1.0271854e-25	1.3574274e-21	4.8948746e-29	4.8356453e-17	1.5339969e-35	0.0	0.0	0.0
ERR9612736	3	Homo sapiens	5.4226e-41	0.0	0.0	5.0855297e-30	0.0	0.0	0.0	0.0	1.8544982e-27	2.3054227e-37	6.7461276e-35	1.0	0.0	0.0	0.0	1.3314487e-20	4.4303812e-26	8.291272e-22	2.4109989e-29	3.200661e-17	1.15458355e-35	0.0	0.0	0.0
ERR9612737	3	Homo sapiens	0.0	0.0	0.0	3.0703702e-38	0.0	0.0	0.0	0.0	1e-44	0.0	0.0	1.0	0.0	0.0	0.0	4.27923e-34	1.5e-44	9.815241e-35	6.750648e-38	1.0398078e-25	3.68476e-39	0.0	0.0	0.0
ERR9612738	3	Homo sapiens	3.5862785e-26	6.499786e-39	1.092096e-39	4.0686348e-22	4.2521436e-33	4.2244e-41	7.31097e-40	0.0	2.6169127e-25	1.8738778e-29	3.360705e-27	1.0	3.2089e-40	0.0	1.8030596e-36	1.868013e-25	1.10741434e-26	1.5448337e-24	7.9859943e-29	9.6394906e-24	6.758341e-36	0.0	1.076402e-39	1.7970416e-34
ERR9612739	3	Homo sapiens	0.0	0.0	0.0	0.0	0.0	0.0	0.0	0.0	0.0	0.0	0.0	1.0	0.0	0.0	0.0	4.2492e-41	0.0	6.8665e-41	0.0	2.1513795e-27	0.0	0.0	0.0	0.0
ERR9612740	3	Homo sapiens	0.0	0.0	0.0	6.50567e-40	0.0	0.0	0.0	0.0	3e-45	0.0	0.0	1.0	0.0	0.0	0.0	2.563765e-39	1.8e-44	4.854e-42	1e-45	1.576885e-33	0.0	0.0	0.0	0.0
ERR9612741	3	Homo sapiens	4.741418e-12	1.2342863e-14	1.7131439e-11	1.1506125e-11	6.4405095e-13	2.480413e-14	2.8392346e-14	0.0	1.2377019e-10	7.0397194e-10	2.9198288e-10	1.0	9.8408e-10	0.0	7.9026565e-16	1.7392683e-11	1.5069546e-11	4.3048942e-10	5.393626e-10	9.615414e-09	2.5334186e-11	0.0	3.8841123e-13	1.1374225e-13
ERR9612742	3	Homo sapiens	1e-45	0.0	0.0	3.483663e-34	0.0	0.0	0.0	0.0	2.733372e-38	0.0	1.17e-42	1.0	0.0	0.0	0.0	1.2664137e-34	2.3817031e-35	3.653803e-35	1.1265e-41	1.11901e-28	0.0	0.0	0.0	0.0
ERR9612743	3	Homo sapiens	0.0	0.0	0.0	3.9778e-40	0.0	0.0	0.0	0.0	0.0	0.0	0.0	1.0	0.0	0.0	0.0	1.0248276e-35	1e-45	1.2125593e-37	4.568e-42	8.281328e-25	1e-45	0.0	0.0	0.0
ERR9612744	3	Homo sapiens	1.158352e-38	0.0	0.0	8.048432e-31	0.0	0.0	0.0	0.0	3.102915e-33	1.62016e-39	1.048345e-39	1.0	0.0	0.0	0.0	1.0026176e-29	1.7961773e-32	1.11780825e-33	4.902561e-33	8.229927e-26	0.0	0.0	0.0	0.0
ERR9612745	3	Homo sapiens	8.951312e-32	0.0	0.0	1.3028557e-27	6.006e-42	0.0	0.0	0.0	1.5414614e-31	6.992936e-35	6.661267e-33	1.0	0.0	0.0	1e-45	7.430402e-31	1.0268075e-32	2.4047584e-34	2.1570516e-31	2.5768127e-25	1.6e-43	0.0	0.0	5.82e-43
ERR9612746	3	Homo sapiens	0.0	0.0	0.0	1e-44	0.0	0.0	0.0	0.0	0.0	0.0	0.0	1.0	0.0	0.0	0.0	2.3343e-40	1.1e-44	9.675e-42	0.0	2.108161e-30	0.0	0.0	0.0	0.0
ERR9612747	3	Homo sapiens	0.0	0.0	0.0	2.414375e-37	0.0	0.0	0.0	0.0	1.2185521e-34	0.0	7.4e-44	1.0	0.0	0.0	0.0	1.4466889e-33	9.472046e-34	1.1941022e-30	2.2e-44	5.16694e-29	0.0	0.0	0.0	0.0
ERR9612748	3	Homo sapiens	0.0	0.0	0.0	1.2776314e-38	0.0	0.0	0.0	0.0	3.0663833e-36	0.0	1.5e-44	1.0	0.0	0.0	0.0	2.352049e-34	9.409732e-35	1.3221194e-31	3e-45	8.456103e-30	0.0	0.0	0.0	0.0
ERR9612749	3	Homo sapiens	7.104884e-11	4.30693e-18	1.6280963e-18	5.3007315e-10	7.0927e-13	1.9696191e-19	5.698972e-19	0.0	2.717505e-11	1.0636283e-14	9.5453666e-11	1.0	6.544126e-18	0.0	1.7912648e-15	1.66899e-12	2.8902778e-13	5.7792256e-12	1.2833796e-13	1.242695e-10	8.4860017e-16	0.0	4.6989273e-18	2.8754054e-12
ERR9612750	3	Homo sapiens	1.7284538e-10	9.952805e-18	3.6295866e-18	1.1285314e-09	6.995611e-12	2.7498513e-19	1.0849783e-18	0.0	4.3167154e-12	2.124115e-14	1.680949e-10	1.0	2.901525e-17	0.0	4.421579e-15	3.964034e-12	5.3859955e-13	1.3415576e-11	3.5073122e-13	1.4319608e-10	2.1445894e-15	0.0	7.582893e-18	6.992771e-11
ERR9612751	3	Homo sapiens	9.91e-43	0.0	0.0	2.0991329e-29	1.7e-44	0.0	0.0	0.0	3.3209587e-32	1.0687e-40	4.458995e-39	1.0	4.5e-44	0.0	0.0	1.3019974e-24	2.9367519e-37	3.061932e-25	3.4752905e-31	6.2116627e-19	2.6572628e-28	0.0	0.0	0.0
ERR9612752	3	Homo sapiens	1.184e-42	0.0	0.0	7.10463e-29	1e-44	0.0	0.0	0.0	2.1604497e-32	1.74642e-40	1.3731806e-38	1.0	6.9e-44	0.0	0.0	2.3662788e-24	3.491949e-37	3.8311513e-25	9.132526e-31	1.700116e-18	8.236546e-28	0.0	0.0	0.0
ERR9612753	3	Homo sapiens	1e-45	0.0	0.0	3.3620637e-33	0.0	0.0	0.0	0.0	3.8082616e-29	1.705e-42	1.4973968e-37	1.0	3e-44	0.0	0.0	5.510419e-26	3.616786e-30	6.243056e-22	8.117616e-37	5.2242465e-23	1.17389914e-35	0.0	0.0	0.0
ERR9612754	3	Homo sapiens	1e-45	0.0	0.0	9.996492e-34	0.0	0.0	0.0	0.0	1.9028092e-29	7.31e-43	6.2153506e-38	1.0	5.2e-44	0.0	0.0	4.8824047e-26	9.784774e-31	4.435227e-22	4.0241395e-37	5.570665e-23	5.54442e-36	0.0	0.0	0.0
ERR9612755	3	Homo sapiens	5.9206426e-21	3.0863798e-34	1.0225757e-34	3.1536985e-19	1.9586671e-29	2.5061058e-36	1.6112721e-35	0.0	5.112302e-22	1.9825155e-23	7.919563e-19	1.0	1.2376151e-32	0.0	5.677908e-32	1.095113e-20	6.968322e-20	5.782881e-23	3.5663624e-22	4.900608e-19	1.9226814e-30	0.0	2.552787e-34	1.725759e-27
ERR9612756	3	Homo sapiens	1.1765474e-21	3.682432e-35	1.7256022e-35	2.2777457e-19	2.0146727e-28	1.1333076e-37	2.0529357e-36	0.0	3.0383378e-22	3.925753e-24	1.930864e-21	1.0	1.1254455e-33	0.0	4.418581e-33	1.8534533e-21	1.1604526e-20	9.567251e-24	5.2835105e-23	2.71878e-19	3.7592993e-31	0.0	3.48043e-35	1.2062938e-28
ERR9612757	3	Homo sapiens	2.050237e-10	1.502365e-17	4.8487074e-17	4.865176e-10	7.1631514e-13	2.880034e-19	6.8178253e-18	0.0	1.7349416e-09	2.5906714e-14	3.4628547e-09	1.0	5.56178e-15	0.0	1.319927e-15	6.087129e-13	1.0553408e-12	6.8163005e-13	5.7885375e-13	9.122348e-11	6.3003344e-15	0.0	2.2975635e-17	1.6539726e-11
ERR9612758	3	Homo sapiens	1.3101074e-09	8.956032e-17	2.7168801e-16	2.5067508e-09	6.207078e-12	3.0237323e-18	1.4225442e-17	0.0	5.1954338e-08	1.4598458e-13	1.5429153e-08	0.99999994	2.8583378e-14	0.0	4.107154e-15	2.7880055e-12	3.686485e-12	3.014966e-12	1.9459653e-12	8.5826823e-10	2.9198496e-14	0.0	1.636197e-16	5.2013893e-11
ERR9612759	3	Homo sapiens	4.080427e-23	1.1999052e-30	4.4439677e-31	1.4131921e-18	1.6085343e-25	1.387461e-32	1.1181761e-31	0.0	1.1550056e-17	1.5207696e-25	7.977894e-22	1.0	2.0810009e-29	0.0	1.7799565e-28	4.6699774e-19	5.978344e-19	1.0887567e-14	6.790779e-24	5.3024713e-18	1.9675508e-27	0.0	2.7550047e-31	1.1085402e-26
ERR9612760	3	Homo sapiens	9.0766456e-23	1.7898086e-30	6.1270156e-31	1.6595895e-18	8.067933e-26	2.7418226e-32	1.7412905e-31	0.0	6.93594e-18	3.3458118e-25	6.269541e-21	1.0	1.6188351e-29	0.0	5.100988e-28	1.3762897e-18	1.0876623e-18	2.0677157e-14	6.740656e-24	1.1371371e-17	4.008419e-27	0.0	4.839776e-31	3.0730474e-26
ERR9612761	3	Homo sapiens	9.461296e-23	1.996752e-31	4.999682e-32	8.0957616e-17	1.8722239e-25	4.0007506e-33	1.1842415e-32	0.0	6.514889e-25	2.3392216e-27	3.5519732e-25	1.0	5.245633e-29	0.0	5.4758755e-30	9.329301e-19	3.4476633e-23	4.2601596e-16	3.9144022e-20	5.279613e-15	3.01845e-22	0.0	1.2785733e-31	5.474941e-26
ERR9612762	3	Homo sapiens	7.1096165e-23	1.1423157e-31	1.706904e-32	2.0485608e-17	2.0043144e-26	8.223159e-34	6.884273e-33	0.0	8.1763687e-25	2.050968e-27	4.5115582e-24	1.0	3.49506e-29	0.0	1.5714237e-30	7.705499e-19	1.1994288e-23	1.6898686e-16	2.8161312e-20	5.036866e-15	2.0762507e-22	0.0	2.4205716e-32	8.773502e-27
ERR9612763	3	Homo sapiens	4.714839e-36	6.46e-43	5.58e-43	8.2152295e-25	2.06075e-40	1e-44	1.53e-43	0.0	1.1595717e-27	5.245971e-34	5.767265e-29	1.0	3.209e-42	0.0	7.4e-44	1.3867627e-19	1.0601406e-24	1.887761e-18	1.2495029e-26	1.244147e-16	1.402153e-30	0.0	9.7e-44	1.424e-42
ERR9612764	3	Homo sapiens	1.1927064e-35	2.161e-42	8.72e-43	2.533216e-24	3.98923e-40	3.9e-44	5.04e-43	0.0	2.9233985e-25	3.008634e-33	2.4597885e-29	1.0	1.857e-42	0.0	3.56e-43	7.4120527e-19	5.9951827e-24	9.345409e-18	7.707775e-26	3.0682122e-16	2.1108318e-30	0.0	4.68e-43	9.8e-43
ERR9612765	3	Homo sapiens	2.5240132e-26	4.5318162e-30	5.33791e-30	8.5710586e-18	3.9246273e-27	4.032718e-31	1.5688051e-30	0.0	2.7128899e-17	7.626171e-26	1.09864524e-17	1.0	2.0606293e-27	0.0	1.2147293e-29	6.916134e-16	8.206129e-15	8.254684e-10	4.3088318e-23	1.8137239e-13	3.8066436e-25	0.0	3.043182e-30	1.1420479e-28
ERR9612766	3	Homo sapiens	8.116821e-27	1.8335592e-30	1.6439966e-30	3.3313684e-18	7.659677e-28	1.0627374e-31	7.930821e-31	0.0	4.1614832e-16	1.8130248e-26	2.1096783e-19	1.0	5.050681e-28	0.0	2.4680394e-30	3.6571135e-16	4.7100923e-15	5.966918e-10	1.4561702e-23	9.743246e-14	1.3247696e-25	0.0	8.514655e-31	6.07181e-29
ERR9612767	3	Homo sapiens	5.94e-43	0.0	0.0	5.2018424e-33	0.0	0.0	0.0	0.0	8.1350715e-32	1.654e-42	1.495659e-39	1.0	0.0	0.0	0.0	8.959659e-30	7.9757674e-33	1.2233085e-26	1.5996938e-36	2.1840717e-24	2.13411e-40	0.0	0.0	0.0
ERR9612768	3	Homo sapiens	1.86e-43	0.0	0.0	9.496052e-34	0.0	0.0	0.0	0.0	4.6849166e-32	7.88e-43	9.8134e-41	1.0	0.0	0.0	0.0	3.9064777e-30	3.0775526e-33	8.106449e-27	3.823023e-37	4.1478755e-25	4.7746e-41	0.0	0.0	0.0
ERR9612769	3	Homo sapiens	3.098e-27	2.5399876e-33	6.804349e-34	1.8248402e-19	1.6031817e-30	1.022637e-34	7.410277e-34	0.0	4.6723908e-24	2.6676525e-28	2.4893688e-27	1.0	7.5954595e-34	0.0	4.08171e-33	8.024653e-19	2.3148142e-23	2.0800663e-17	8.803645e-21	3.2007909e-16	3.0953836e-26	0.0	6.9282434e-34	8.101095e-32
ERR9612770	3	Homo sapiens	1.0397768e-27	7.4519936e-34	1.9543911e-34	7.189794e-20	8.152465e-31	5.0085076e-35	2.7216065e-34	0.0	7.794296e-24	1.9585603e-28	9.168259e-28	1.0	2.126418e-34	0.0	9.738038e-34	3.1360852e-19	8.290638e-24	5.9311274e-18	3.3144101e-21	1.3736226e-16	4.785259e-27	0.0	1.2616106e-34	2.504545e-33
ERR9612771	3	Homo sapiens	6.427758e-29	4.1063914e-32	1.5690892e-32	1.7189227e-20	1.02792794e-29	2.7460701e-33	1.4551255e-32	0.0	8.3329606e-22	2.390745e-29	5.921613e-22	1.0	3.4112868e-28	0.0	1.5620943e-32	5.155884e-18	4.1207135e-18	2.1791182e-12	1.7125598e-23	4.9448864e-15	1.4484305e-25	0.0	1.0283673e-32	6.085654e-32
ERR9612772	3	Homo sapiens	7.006313e-30	3.8540933e-33	2.1619132e-33	3.452326e-21	2.2101852e-30	2.9011536e-34	1.4620591e-33	0.0	1.01151145e-23	9.504695e-30	3.9575523e-22	1.0	2.4423286e-29	0.0	1.4038897e-33	7.395587e-19	9.739435e-19	3.4242533e-13	2.5321007e-24	1.4193896e-15	2.2870711e-26	0.0	9.6568e-34	1.36382875e-33
ERR9612773	3	Homo sapiens	1.1430879e-24	7.4197835e-33	4.9135958e-33	1.5464706e-18	3.152689e-28	1.5491547e-34	1.0249653e-33	0.0	1.4105956e-22	3.9146984e-27	1.6565022e-23	1.0	2.3809067e-33	0.0	2.6871818e-32	3.5972087e-18	1.4265781e-20	1.1480855e-16	1.2598482e-20	2.0467202e-15	2.5157047e-26	0.0	1.4971812e-33	4.535303e-29
ERR9612774	3	Homo sapiens	8.6456813e-26	5.4309318e-34	2.100819e-34	1.118766e-19	2.2848017e-29	6.3309016e-36	5.3221253e-35	0.0	5.832922e-25	1.3131805e-28	2.001435e-24	1.0	5.9313803e-35	0.0	2.6660671e-33	3.0873157e-19	4.808547e-22	6.6225635e-18	7.1482925e-22	1.3247504e-16	7.3429267e-28	0.0	7.934796e-35	6.558047e-30
ERR9612775	3	Homo sapiens	1.487954e-15	1.1399565e-24	1.03564115e-24	9.500975e-13	6.65812e-18	1.5736273e-26	7.838055e-26	0.0	5.5364927e-16	3.188662e-19	2.6994989e-15	1.0	1.1430709e-23	0.0	7.2026015e-22	1.597365e-15	5.388441e-15	1.9824236e-16	1.37869104e-17	1.1571603e-11	9.43416e-22	0.0	1.1507201e-24	3.496688e-17
ERR9612776	3	Homo sapiens	1.0104186e-15	1.0074129e-24	1.025036e-24	4.7839743e-13	1.7223441e-18	2.2081337e-26	1.0057465e-25	0.0	5.5749903e-16	8.469225e-20	1.1804504e-14	1.0	5.1638472e-24	0.0	4.2140823e-22	8.89661e-16	2.6009964e-15	1.3026435e-16	1.1801361e-17	5.0317155e-12	6.7074654e-22	0.0	5.764711e-25	1.2765104e-16
ERR9612777	3	Homo sapiens	1.7087234e-37	0.0	0.0	3.9379016e-30	6.9e-44	0.0	0.0	0.0	6.2435187e-37	2.134414e-39	1.123094e-39	1.0	2.8e-44	0.0	0.0	4.468951e-28	6.5724684e-36	2.992473e-28	1.01994715e-29	9.827965e-22	5.649665e-34	0.0	0.0	0.0
ERR9612778	3	Homo sapiens	1.758889e-37	0.0	0.0	3.1702086e-30	7e-45	0.0	0.0	0.0	5.230648e-37	7.61056e-40	3.4032136e-38	1.0	4.3e-44	0.0	0.0	8.564288e-28	7.931976e-36	7.860139e-28	1.8401465e-29	1.8532455e-21	1.6483816e-33	0.0	0.0	0.0
ERR9612779	3	Homo sapiens	4.5347034e-24	2.6135234e-34	6.8023222e-34	1.843453e-19	7.0655794e-30	2.8124138e-36	3.4624706e-35	0.0	7.2396035e-21	3.360839e-25	1.2343358e-23	1.0	9.995623e-34	0.0	3.171753e-32	1.7517308e-22	2.2494755e-23	2.2119483e-23	1.5838246e-25	1.1886165e-19	9.494523e-31	0.0	2.040648e-34	2.993122e-29
ERR9612780	3	Homo sapiens	1.397617e-23	4.1359296e-34	1.2043732e-33	6.602264e-19	4.5145363e-29	3.6457806e-36	5.43979e-35	0.0	8.409071e-20	8.354714e-25	8.503904e-25	1.0	4.7597765e-33	0.0	7.642333e-32	2.4592354e-22	3.4674113e-23	4.7962595e-23	2.7119034e-25	1.767797e-19	1.7344927e-30	0.0	1.9705689e-34	2.069349e-28
ERR9612781	3	Homo sapiens	6.1014785e-28	5.946811e-37	5.0845426e-37	2.2568329e-21	1.3258083e-31	7.529912e-39	6.6943295e-38	0.0	1.1656115e-25	4.128316e-31	3.897221e-26	1.0	3.3541028e-36	0.0	5.4254205e-36	5.0066944e-21	2.765228e-23	4.2023635e-21	8.354745e-24	1.0432709e-15	1.2006017e-28	0.0	1.678771e-37	2.377002e-33
ERR9612782	3	Homo sapiens	2.2297217e-27	2.8164876e-36	2.3203614e-36	5.88139e-21	1.4809534e-30	3.0246198e-38	2.1829138e-37	0.0	1.3821493e-25	1.1464846e-30	4.984947e-25	1.0	2.3237407e-35	0.0	6.6453956e-35	2.905947e-20	1.1853686e-22	2.3432607e-20	4.320318e-23	2.6584802e-15	3.8991068e-28	0.0	7.0894806e-37	5.138543e-32
ERR9612783	3	Homo sapiens	1.72e-42	0.0	0.0	9.3944e-31	0.0	0.0	0.0	0.0	3.770854e-27	8.22279e-40	1.0974744e-35	1.0	0.0	0.0	0.0	1.6187504e-28	1.9996496e-26	2.6359494e-25	7.10991e-36	1.2001395e-25	0.0	0.0	0.0	0.0
ERR9612784	3	Homo sapiens	3.367e-42	0.0	0.0	1.7399284e-30	0.0	0.0	0.0	0.0	3.052243e-26	2.583582e-39	1.3887171e-35	1.0	0.0	0.0	0.0	4.8640863e-28	6.579014e-26	7.133923e-25	1.2785178e-35	2.32733e-25	0.0	0.0	0.0	0.0
ERR9612785	3	Homo sapiens	2.3708712e-37	0.0	0.0	3.6225182e-28	4.369e-42	0.0	0.0	0.0	9.2899736e-26	2.5511695e-38	6.520968e-37	1.0	3.2e-43	0.0	0.0	4.0114338e-26	4.355833e-28	2.7802614e-23	3.3702773e-31	9.792606e-23	7.61237e-40	0.0	0.0	3.1e-44
ERR9612786	3	Homo sapiens	3.9846765e-38	0.0	0.0	5.486127e-29	1.609e-42	0.0	0.0	0.0	3.651209e-28	2.925913e-39	1.0716112e-37	1.0	1.7e-44	0.0	0.0	3.0070786e-27	3.7187384e-29	4.3136666e-24	4.8550614e-32	8.513744e-24	2.03803e-40	0.0	0.0	1.4e-44
ERR9612787	3	Homo sapiens	5.2584727e-14	1.3596344e-24	6.1646857e-25	1.3792941e-12	2.2059914e-18	2.1502694e-26	1.2710597e-25	0.0	6.6248115e-19	1.4281342e-18	1.1548094e-16	1.0	4.4693127e-25	0.0	5.303795e-22	4.1985321e-16	2.421676e-15	4.6303284e-18	3.1207232e-16	6.9384403e-15	2.1317046e-23	0.0	1.3888829e-24	7.113729e-17
ERR9612788	3	Homo sapiens	1.1386473e-13	3.6618746e-24	1.8488941e-24	4.204117e-12	2.4263104e-18	7.380059e-26	3.118232e-25	0.0	1.7177237e-18	1.2620064e-17	5.7894744e-16	1.0	2.7622223e-24	0.0	1.3661403e-21	6.6788347e-16	4.629487e-15	1.0472188e-17	7.0878356e-16	2.160936e-14	1.0152546e-22	0.0	2.7100271e-24	8.694518e-17
ERR9612789	3	Homo sapiens	4.7182142e-18	7.574275e-27	1.5325497e-27	1.4142433e-13	1.5786099e-21	6.1245355e-29	8.537343e-28	0.0	2.5582187e-16	1.4374941e-21	6.707374e-17	1.0	2.1398264e-24	0.0	1.185583e-24	8.8599106e-16	8.9256485e-20	7.220926e-14	3.9569776e-17	8.669421e-12	1.0865965e-19	0.0	1.659631e-27	3.9935375e-22
ERR9612790	3	Homo sapiens	2.0901469e-18	3.5631437e-27	6.182614e-28	5.104235e-14	8.069277e-22	2.4645307e-29	3.631014e-28	0.0	1.4860397e-18	3.441489e-22	2.6518982e-15	1.0	9.356764e-25	0.0	3.9397343e-25	6.5134314e-16	4.105576e-20	4.0548507e-14	3.2990828e-17	5.4964817e-12	5.3946135e-20	0.0	7.8117216e-28	5.0456957e-23
ERR9612791	3	Homo sapiens	3.027156e-37	0.0	0.0	3.7271706e-28	3.15e-43	0.0	0.0	0.0	6.0115104e-32	7.4128065e-37	1.5323427e-35	1.0	0.0	0.0	0.0	9.360215e-27	1.2318519e-31	2.5263236e-29	2.880689e-31	3.558857e-23	6.813671e-38	0.0	0.0	2.8e-44
ERR9612792	3	Homo sapiens	1.3978e-36	0.0	0.0	9.743985e-28	5.707e-42	0.0	0.0	0.0	8.68512e-31	2.9794314e-36	2.0583355e-35	1.0	1e-45	0.0	0.0	5.2923187e-26	4.7646247e-31	9.9949144e-29	1.3362824e-30	7.090339e-23	4.495292e-37	0.0	0.0	3.1e-43
ERR9612793	3	Homo sapiens	8.011327e-32	1.58008e-40	1.7369e-41	5.570284e-25	3.1674917e-34	9.68e-43	1.3794e-41	0.0	1.0957143e-28	1.2442171e-35	5.6416742e-33	1.0	2.684372e-39	0.0	7.26712e-40	1.01667754e-23	2.8886662e-29	2.0149171e-22	7.469353e-27	2.8262157e-20	4.2829507e-30	0.0	3.0205e-41	4.6871234e-36
ERR9612794	3	Homo sapiens	7.717765e-31	1.525909e-39	2.0586e-40	1.5230211e-23	1.7604865e-33	1.2785e-41	1.43542e-40	0.0	3.0365876e-26	1.8867341e-34	2.4058587e-32	1.0	2.976446e-38	0.0	5.043544e-39	8.724592e-23	3.418789e-28	1.6542037e-21	5.2096584e-26	2.8900856e-19	3.2012952e-29	0.0	2.4507e-40	9.388896e-35
ERR9612795	3	Homo sapiens	4.5078335e-33	2.9836996e-37	2.908891e-37	3.903258e-24	3.2211427e-35	3.258393e-38	1.52359e-37	0.0	2.3761341e-23	3.674021e-32	5.8996587e-30	1.0	3.2932252e-36	0.0	1.638908e-37	7.694655e-22	3.2201748e-25	2.3701425e-18	2.4325352e-27	1.754916e-20	3.5098674e-30	0.0	8.1886255e-38	4.893238e-39
ERR9612796	3	Homo sapiens	6.972572e-33	2.8712496e-37	3.9679948e-37	9.738723e-24	3.4641457e-35	2.4612703e-38	1.9035303e-37	0.0	1.2303947e-22	9.6645166e-32	1.9978324e-30	1.0	6.326362e-36	0.0	1.555386e-37	1.3882036e-21	3.538461e-25	4.3000165e-18	6.4400767e-27	3.62583e-20	4.5362835e-30	0.0	7.424724e-37	8.407117e-39
ERR9612797	3	Homo sapiens	6.065287e-36	0.0	0.0	6.8674086e-27	2.209482e-39	0.0	0.0	0.0	2.6598025e-34	3.533226e-38	5.7203335e-38	1.0	1.749e-42	0.0	0.0	7.263266e-23	1.1084318e-32	3.2138392e-24	2.7689286e-26	5.578981e-18	1.7983807e-28	0.0	0.0	1.32e-43
ERR9612798	3	Homo sapiens	1.2530752e-37	0.0	0.0	4.158058e-29	1.83e-42	0.0	0.0	0.0	5.811765e-37	7.8899e-40	3.2850037e-38	1.0	1.3e-44	0.0	0.0	1.3440984e-24	2.4278075e-34	7.0395704e-26	6.9903813e-28	2.275171e-19	3.3901392e-30	0.0	0.0	1e-45
ERR9612799	3	Homo sapiens	5.94689e-22	2.7987756e-31	3.242174e-32	6.0683194e-18	1.204596e-25	2.7953101e-33	3.0076228e-32	0.0	1.7960108e-27	5.5908687e-28	1.833152e-23	1.0	1.3678794e-26	0.0	1.0057915e-30	4.23612e-18	2.5962393e-24	1.1405241e-17	4.80238e-17	6.260401e-14	2.1977157e-18	0.0	7.75474e-32	1.5718933e-27
ERR9612800	3	Homo sapiens	2.5335266e-21	2.430555e-30	2.0858997e-31	8.723432e-18	2.3858254e-24	2.514163e-32	1.6783699e-31	0.0	1.3611921e-24	5.211382e-27	1.5913741e-24	1.0	1.3601138e-25	0.0	6.469889e-30	2.7287074e-17	8.156738e-24	3.467186e-17	5.746985e-16	2.285853e-13	1.2916128e-17	0.0	6.1440085e-31	1.2092427e-26
ERR9612801	3	Homo sapiens	1.1763427e-23	6.8409134e-34	4.1225198e-34	1.33177e-18	3.4652157e-28	3.6832265e-36	4.7391157e-35	0.0	5.4913786e-21	2.086161e-27	3.0132725e-24	1.0	5.58416e-32	0.0	1.3985013e-31	5.7436354e-22	6.5261354e-22	3.8840587e-17	2.930123e-25	3.578657e-19	7.7530326e-30	0.0	1.1298843e-34	6.3849267e-28
ERR9612802	3	Homo sapiens	1.14145e-23	6.0375823e-34	3.400092e-34	3.851291e-19	3.786679e-28	3.9482035e-36	4.862104e-35	0.0	1.1898661e-21	1.9738646e-27	1.7524975e-22	1.0	9.7497035e-32	0.0	5.5001445e-32	5.810085e-22	6.79422e-22	4.6955424e-17	2.268106e-25	4.849292e-19	5.571502e-30	0.0	9.418806e-35	8.550772e-28
ERR9612803	3	Homo sapiens	1.61e-43	0.0	0.0	1.1196308e-32	3e-45	0.0	0.0	0.0	4.781537e-35	4e-44	6.85e-43	1.0	0.0	0.0	0.0	1.4208106e-30	1.016224e-34	8.743588e-28	2.7232265e-38	3.011275e-26	4.2e-43	0.0	0.0	0.0
ERR9612804	3	Homo sapiens	1.86e-43	0.0	0.0	3.4419303e-32	0.0	0.0	0.0	0.0	5.3812817e-35	1.8e-44	2.1256e-41	1.0	0.0	0.0	0.0	1.147508e-30	1.7558356e-34	1.0067717e-27	3.014424e-38	2.8567698e-26	7.38e-43	0.0	0.0	0.0
ERR9612805	3	Homo sapiens	4.8237e-41	0.0	0.0	5.6436285e-30	0.0	0.0	0.0	0.0	2.3577818e-27	9.306379e-39	4.28135e-40	1.0	0.0	0.0	0.0	4.60582e-29	2.680425e-32	5.620501e-28	3.5594484e-36	2.166817e-29	2.77e-43	0.0	0.0	0.0
ERR9612806	3	Homo sapiens	3.449e-42	0.0	0.0	1.0797904e-30	0.0	0.0	0.0	0.0	4.0397578e-29	3.5174e-40	2.1839e-41	1.0	0.0	0.0	0.0	4.5006812e-30	1.9761294e-33	4.1024462e-29	2.180889e-37	1.5270095e-30	1e-44	0.0	0.0	0.0
ERR9612807	3	Homo sapiens	5.367e-42	0.0	0.0	1.9128195e-29	1e-45	0.0	0.0	0.0	1.14459506e-29	5.94735e-40	5.051863e-38	1.0	7e-45	0.0	0.0	3.4177045e-23	1.1911701e-32	1.1523333e-22	4.2511076e-31	1.0358714e-18	1.1230762e-31	0.0	0.0	0.0
ERR9612808	3	Homo sapiens	3.43e-43	0.0	0.0	8.69994e-31	0.0	0.0	0.0	0.0	5.174163e-31	4.048e-41	2.065431e-39	1.0	0.0	0.0	0.0	1.6084908e-24	7.9985025e-34	4.802007e-24	1.922631e-32	1.4831786e-20	7.164467e-33	0.0	0.0	0.0
ERR9612809	3	Homo sapiens	8.2843487e-35	9.625294e-37	2.7855204e-37	4.7017735e-24	2.1994544e-34	8.563906e-38	4.6297704e-37	0.0	5.292026e-15	1.22922965e-32	1.3726182e-24	1.0	5.3092924e-34	0.0	1.0439038e-36	5.092401e-21	4.1409724e-18	1.7030267e-13	5.7480653e-33	7.681499e-22	6.1022133e-35	0.0	2.1699098e-37	4.0032807e-38
ERR9612810	3	Homo sapiens	2.7762668e-35	3.502149e-37	1.0147308e-37	1.7143685e-24	1.4195871e-34	2.9213595e-38	1.4415124e-37	0.0	1.809508e-15	6.96415e-33	3.380526e-25	1.0	2.5686579e-34	0.0	3.7164666e-37	2.1257213e-21	1.770969e-18	1.0360399e-13	2.4683111e-33	4.472873e-22	2.4986576e-35	0.0	1.5064185e-37	1.6048169e-38
ERR9612811	3	Homo sapiens	2.5e-43	0.0	0.0	5.2982555e-30	0.0	0.0	0.0	0.0	2.6813286e-34	1.2041e-41	1.0130864e-37	1.0	0.0	0.0	0.0	2.8164984e-25	1.0156727e-33	5.732936e-26	1.08006125e-32	3.773827e-20	1.07718e-36	0.0	0.0	0.0
ERR9612812	3	Homo sapiens	5.6e-44	0.0	0.0	6.896904e-30	0.0	0.0	0.0	0.0	9.051346e-35	2.091e-42	1.1696155e-38	1.0	0.0	0.0	0.0	6.3950864e-26	1.3258173e-34	1.476193e-26	2.5712806e-33	9.305275e-21	5.8605503e-37	0.0	0.0	0.0
ERR9612813	3	Homo sapiens	0.0	0.0	0.0	2.707862e-36	0.0	0.0	0.0	0.0	3e-45	0.0	0.0	1.0	0.0	0.0	0.0	2.8219738e-31	4.43e-43	1.7781422e-33	4.3495816e-37	2.701966e-24	2.2296e-41	0.0	0.0	0.0
ERR9612814	3	Homo sapiens	0.0	0.0	0.0	2.7445397e-37	0.0	0.0	0.0	0.0	0.0	0.0	0.0	1.0	0.0	0.0	0.0	2.9860657e-32	3.8e-44	1.7750675e-34	2.6027104e-38	2.1119788e-24	4.368e-42	0.0	0.0	0.0
ERR9612815	3	Homo sapiens	1.8780569e-28	4.3482e-41	1.3644e-41	3.6379107e-22	1.969598e-36	2.59e-43	3.887e-42	0.0	1.464717e-30	2.329682e-28	5.9606823e-27	1.0	6.7833e-41	0.0	2.84902e-40	1.1636953e-19	1.3985039e-24	2.9379337e-26	1.0515362e-21	3.241847e-15	1.5424624e-30	0.0	2.0533e-41	9.3349885e-37
ERR9612816	3	Homo sapiens	1.270433e-27	3.63769e-40	9.1421e-41	3.071653e-21	3.678825e-35	2.444e-42	2.6751e-41	0.0	5.4706004e-29	1.6647617e-27	3.2600888e-26	1.0	3.9632e-40	0.0	1.667949e-39	7.6702406e-19	1.0407177e-23	2.6512281e-25	9.074021e-21	2.3417327e-14	8.222686e-30	0.0	2.03539e-40	2.3259488e-36
ERR9612817	3	Homo sapiens	0.0	0.0	0.0	7.7235764e-35	0.0	0.0	0.0	0.0	1.0595224e-37	0.0	2.5e-43	1.0	0.0	0.0	0.0	5.9808955e-28	6.846179e-33	7.99895e-27	6.4752397e-37	1.3801978e-18	2.89291e-40	0.0	0.0	0.0
ERR9612818	3	Homo sapiens	0.0	0.0	0.0	6.9631435e-35	0.0	0.0	0.0	0.0	1.4101131e-37	0.0	1.18e-43	1.0	0.0	0.0	0.0	4.597483e-28	3.524162e-33	6.723557e-27	3.564992e-37	1.161513e-18	1.82991e-40	0.0	0.0	0.0
ERR9612819	3	Homo sapiens	0.0	0.0	0.0	1.4502089e-35	0.0	0.0	0.0	0.0	1.15234485e-35	0.0	6.7e-44	1.0	0.0	0.0	0.0	8.414374e-30	8.9682915e-36	7.3944337e-28	4.079838e-37	1.12664e-24	8.5664e-41	0.0	0.0	0.0
ERR9612820	3	Homo sapiens	0.0	0.0	0.0	1.5286718e-36	0.0	0.0	0.0	0.0	1.8035175e-36	0.0	4e-45	1.0	0.0	0.0	0.0	1.229993e-30	7.4994983e-37	1.4014578e-28	3.996251e-38	7.3362e-26	1.308e-41	0.0	0.0	0.0
ERR9612821	3	Homo sapiens	0.0	0.0	0.0	1.03389e-40	0.0	0.0	0.0	0.0	2.960808e-39	0.0	8e-45	1.0	0.0	0.0	0.0	6.876538e-32	5.032869e-35	9.5051534e-30	1.5191e-41	2.9746566e-24	0.0	0.0	0.0	0.0
ERR9612822	3	Homo sapiens	0.0	0.0	0.0	3.25345e-40	0.0	0.0	0.0	0.0	9.661381e-39	0.0	5.7e-44	1.0	0.0	0.0	0.0	1.8488716e-31	1.6175066e-34	2.2557104e-29	4.7721e-41	4.7074655e-24	0.0	0.0	0.0	0.0
ERR9612823	3	Homo sapiens	1.8201147e-34	2.4785e-41	4.792e-42	2.0734209e-24	1.8521843e-37	3.18e-43	5.13e-42	0.0	3.2034115e-25	3.9512764e-34	9.022501e-32	1.0	8.28e-43	0.0	1.1327e-40	1.3151665e-23	2.0944202e-26	3.0085358e-22	7.519434e-30	6.2978313e-22	1.3850931e-36	0.0	2.678e-42	1.15212e-40
ERR9612824	3	Homo sapiens	6.431053e-35	1.3963e-41	3.223e-42	4.5231056e-25	6.444249e-38	1.63e-43	1.885e-42	0.0	1.5282722e-25	1.0281779e-34	5.783389e-32	1.0	4.44e-43	0.0	7.7053e-41	7.124537e-24	9.2113585e-27	1.415484e-22	2.2307227e-30	2.8035645e-22	8.7756915e-37	0.0	2.05e-42	1.3921e-40
ERR9612825	3	Homo sapiens	5.6595843e-07	1.2474645e-16	3.3538677e-17	3.070346e-07	3.472661e-11	2.4718496e-18	1.0470052e-17	0.0	3.8158157e-09	5.9719304e-12	1.2302106e-06	0.9999979	4.2632413e-15	0.0	2.1644016e-13	4.9847895e-12	8.854189e-12	8.8709714e-13	1.3083907e-12	9.3909006e-11	3.5160568e-15	0.0	1.4571681e-16	2.2013265e-09
ERR9612826	3	Homo sapiens	3.7033365e-07	8.4391924e-17	2.222268e-17	1.3036603e-07	1.6564479e-11	1.4730563e-18	6.5926497e-18	0.0	2.4699127e-09	2.5830152e-12	1.8020957e-07	0.9999993	1.7995948e-15	0.0	3.651714e-13	2.5527237e-12	3.82759e-12	4.421758e-13	3.9473096e-13	4.923075e-11	1.5241934e-15	0.0	6.222134e-17	2.753436e-09
ERR9612827	3	Homo sapiens	6.735657e-34	3.4e-44	3.1e-44	3.0683233e-25	4.89081e-39	0.0	4e-45	0.0	1.4387394e-27	8.390988e-33	2.3544154e-28	1.0	9.08e-43	0.0	1.36e-43	1.2084344e-22	2.5052735e-24	2.3881868e-20	5.8322654e-29	9.842652e-19	1.6897391e-35	0.0	1.1e-44	3.659e-42
ERR9612828	3	Homo sapiens	1.9626467e-34	1.5e-44	8e-45	6.924442e-26	5.5664e-41	0.0	3e-45	0.0	1.0145306e-27	4.2983417e-33	9.7241623e-29	1.0	2.17e-43	0.0	1.8e-44	3.7920042e-23	8.532729e-25	6.681407e-21	1.3817219e-29	3.349293e-19	5.242412e-36	0.0	4e-45	7.165e-42
ERR9612829	3	Homo sapiens	6e-45	0.0	0.0	1.105522e-31	0.0	0.0	0.0	0.0	1.8005813e-34	2.07e-43	2.719e-42	1.0	3e-45	0.0	0.0	8.913076e-27	6.3571064e-37	2.389284e-25	3.3034683e-33	6.143001e-22	1.9379937e-31	0.0	0.0	0.0
ERR9612830	3	Homo sapiens	4e-45	0.0	0.0	2.4995565e-32	0.0	0.0	0.0	0.0	3.861209e-35	6.9e-44	3.991e-42	1.0	1e-45	0.0	0.0	5.1719874e-27	4.8557817e-37	1.5562774e-25	2.0386692e-33	3.9387817e-22	6.568725e-32	0.0	0.0	0.0
ERR9612831	3	Homo sapiens	4.8e-44	0.0	0.0	7.653702e-32	0.0	0.0	0.0	0.0	2.7531177e-35	4.13e-43	1.44e-43	1.0	0.0	0.0	0.0	6.648736e-28	1.195923e-37	8.847424e-27	1.6343449e-33	1.5968337e-23	4.0913233e-35	0.0	0.0	0.0
ERR9612832	3	Homo sapiens	2.28e-43	0.0	0.0	2.9001921e-31	0.0	0.0	0.0	0.0	2.2080508e-35	1.156e-42	2.382e-42	1.0	0.0	0.0	0.0	2.1291283e-27	3.6855085e-37	1.8972735e-26	2.9691599e-33	2.894357e-23	1.0063637e-34	0.0	0.0	0.0
ERR9612833	3	Homo sapiens	6.370086e-21	5.724927e-31	8.404448e-32	5.811894e-17	6.1105603e-26	1.8382035e-33	3.0488912e-32	0.0	8.718912e-19	1.9873615e-25	4.6363954e-21	1.0	8.278112e-30	0.0	8.795586e-30	3.485318e-18	6.7013464e-21	1.1653775e-15	4.146954e-21	3.7368163e-16	1.1749672e-24	0.0	5.236435e-32	5.476581e-26
ERR9612834	3	Homo sapiens	2.1796493e-20	1.5620551e-30	4.5433463e-31	6.448524e-17	1.5378201e-24	5.992172e-33	8.832311e-32	0.0	3.5217134e-19	5.104297e-25	5.0221154e-19	1.0	4.6225132e-29	0.0	3.5311396e-29	1.21712075e-17	1.6099167e-20	3.600144e-15	2.0805546e-20	1.1315605e-15	5.3683263e-24	0.0	2.3786044e-31	2.341553e-25
ERR9612835	3	Homo sapiens	4.5073916e-36	0.0	0.0	2.4806163e-28	4.13e-43	0.0	0.0	0.0	1.12387326e-35	4.4370105e-37	7.4865846e-36	1.0	0.0	0.0	0.0	2.2402345e-26	1.3616622e-31	9.437962e-27	1.2676438e-29	2.9891684e-22	1.1866486e-37	0.0	0.0	2.2e-44
ERR9612836	3	Homo sapiens	2.8829634e-36	0.0	0.0	1.6459765e-28	4.04e-43	0.0	0.0	0.0	7.714829e-36	2.838075e-37	2.7505606e-37	1.0	0.0	0.0	0.0	9.4057904e-27	5.6389363e-32	2.9126106e-27	2.6541694e-30	7.6155256e-23	6.9078353e-38	0.0	0.0	3.6e-44
ERR9612837	3	Homo sapiens	2.31e-43	0.0	0.0	2.5078485e-31	0.0	0.0	0.0	0.0	7.437249e-35	7.283e-42	4.11081e-40	1.0	0.0	0.0	0.0	1.3389609e-28	9.285289e-35	2.2673439e-28	7.112177e-36	3.4002475e-26	1.4676e-41	0.0	0.0	0.0
ERR9612838	3	Homo sapiens	3.666e-42	0.0	0.0	1.2089796e-29	0.0	0.0	0.0	0.0	1.9048288e-34	1.7917e-40	3.3226558e-38	1.0	0.0	0.0	0.0	1.2782191e-27	3.2861727e-34	1.7234288e-27	6.9037036e-35	2.2300782e-25	1.89687e-40	0.0	0.0	0.0
ERR9612839	3	Homo sapiens	2.7885018e-19	7.5782724e-31	2.571277e-31	5.6750615e-16	1.27753466e-26	1.706795e-32	1.0970795e-31	0.0	2.3783604e-20	4.436417e-22	2.6397277e-18	1.0	3.6832474e-30	0.0	4.2832453e-29	6.422013e-20	7.723239e-20	9.164322e-20	2.2777745e-21	3.2608498e-18	2.664885e-28	0.0	3.3731852e-31	9.4198355e-26
ERR9612840	3	Homo sapiens	3.2264534e-19	1.635897e-30	2.3731797e-31	2.628905e-15	5.419169e-26	1.1173498e-32	3.293311e-31	0.0	6.802554e-21	3.6182702e-22	1.4952238e-18	1.0	1.2979469e-30	0.0	1.3317317e-28	9.3661105e-20	1.2171134e-19	1.321061e-19	1.8960692e-21	4.298487e-18	3.4350403e-28	0.0	4.844539e-31	1.1239621e-24
ERR9612841	3	Homo sapiens	1.2610555e-07	9.329087e-12	4.4923583e-12	4.9060354e-06	0.0003275977	7.3757173e-13	1.8634794e-12	0.0	5.121542e-08	7.3735726e-11	1.826529e-09	0.9996613	3.332942e-10	0.0	3.4324574e-10	4.88402e-09	5.152024e-10	9.14406e-09	5.612192e-09	3.3427161e-06	9.158738e-10	0.0	1.2271574e-11	2.6160608e-06
ERR9612842	3	Homo sapiens	3.3268992e-07	3.977078e-11	1.7640047e-11	5.9998197e-06	0.008092	3.2344622e-12	8.188548e-12	0.0	5.412747e-08	1.558319e-10	8.783745e-09	0.9918715	8.5431745e-10	0.0	1.4213517e-09	1.8828626e-08	1.6547256e-09	2.2789235e-08	2.6260196e-08	7.137288e-06	2.6519746e-09	0.0	3.6542026e-11	2.2934824e-05
ERR9612843	3	Homo sapiens	4.317e-42	0.0	0.0	2.2411623e-31	0.0	0.0	0.0	0.0	9.788261e-25	3.4656e-41	5.882107e-35	1.0	0.0	0.0	0.0	7.573438e-29	2.2368932e-25	1.4872181e-28	1.650664e-37	9.295967e-24	0.0	0.0	0.0	0.0
ERR9612844	3	Homo sapiens	2.885e-42	0.0	0.0	9.881225e-32	0.0	0.0	0.0	0.0	1.5577616e-24	8.5652e-41	6.518641e-36	1.0	0.0	0.0	0.0	6.1254015e-29	4.2613443e-25	1.5841443e-28	1.2122181e-37	3.2203124e-24	0.0	0.0	0.0	0.0
ERR9612845	3	Homo sapiens	6.824103e-25	4.6019588e-37	7.3815605e-38	2.4601318e-19	1.592019e-30	2.271335e-39	2.243803e-38	0.0	1.4930478e-23	1.199249e-28	1.4636593e-25	1.0	5.753202e-38	0.0	4.161869e-35	7.451446e-21	9.687595e-22	1.291761e-20	5.224209e-25	2.1737411e-18	1.886165e-31	0.0	7.4492813e-38	1.2930184e-30
ERR9612846	3	Homo sapiens	7.769095e-24	9.1910694e-36	1.5264708e-36	3.336448e-18	8.009659e-30	4.937271e-38	6.024609e-37	0.0	1.187367e-22	2.7795872e-27	1.4351526e-23	1.0	1.5888588e-36	0.0	1.2322844e-33	1.0219218e-19	1.2065831e-20	2.2052377e-19	4.945947e-24	1.8324423e-17	1.968432e-30	0.0	1.9215083e-36	1.1788431e-28
ERR9612847	3	Homo sapiens	1.3262926e-38	3.9e-44	4.2e-44	1.394124e-26	6.625e-42	1e-45	1.5e-44	0.0	4.1202532e-24	1.5515162e-36	2.0793595e-26	1.0	8.00411e-39	0.0	1.7e-44	1.8774473e-20	5.4792024e-20	2.153501e-15	3.7498169e-31	3.0987697e-18	1.3513209e-35	0.0	4e-45	3.6e-44
ERR9612848	3	Homo sapiens	1.3344204e-37	5.09e-43	5.87e-43	2.9712964e-25	2.27548e-40	1.7e-44	1.68e-43	0.0	5.555898e-22	4.475109e-35	1.5420691e-26	1.0	1.01204e-37	0.0	1.49e-43	1.7039554e-19	5.9754757e-19	2.84553e-14	7.939226e-30	3.7826612e-17	2.2610677e-34	0.0	8.3e-44	3.449e-42
ERR9612849	3	Homo sapiens	4.6e-44	0.0	0.0	1.6852432e-34	0.0	0.0	0.0	0.0	2.757598e-39	1e-45	1.3524e-41	1.0	0.0	0.0	0.0	7.202625e-32	1.4056235e-36	2.036942e-31	9.850525e-38	1.9410286e-25	1.8e-44	0.0	0.0	0.0
ERR9612850	3	Homo sapiens	6e-45	0.0	0.0	3.3855982e-35	0.0	0.0	0.0	0.0	1.701909e-38	0.0	2.7e-44	1.0	0.0	0.0	0.0	1.2638715e-32	1.4077725e-37	2.5298128e-32	8.157936e-39	3.3571825e-26	3e-45	0.0	0.0	0.0
ERR9612851	3	Homo sapiens	4.0464923e-23	6.618229e-30	2.7649499e-30	7.782414e-18	1.26502135e-26	3.6892041e-31	1.5251401e-30	0.0	1.93927e-17	5.668912e-24	2.6101673e-20	1.0	6.392147e-30	0.0	3.9521437e-29	5.795978e-16	1.0868004e-15	6.934929e-15	1.5429368e-20	1.1404912e-15	1.3093547e-26	0.0	3.5602775e-30	9.594235e-27
ERR9612852	3	Homo sapiens	2.7755214e-22	9.932067e-29	2.278096e-29	1.2565951e-16	2.2157773e-23	4.410952e-30	2.802625e-29	0.0	4.8949194e-18	3.9318083e-23	1.0099326e-19	1.0	6.3716335e-29	0.0	2.183087e-28	2.5853137e-15	5.745553e-15	6.073108e-14	9.1523554e-20	6.1980946e-15	9.5147213e-26	0.0	5.248388e-29	1.5895297e-25
ERR9612853	3	Homo sapiens	1.1519965e-24	2.5793664e-26	1.0229196e-26	1.6952004e-16	1.0921737e-24	3.7479067e-27	1.1611083e-26	0.0	2.3548787e-13	6.499063e-23	2.9793826e-18	1.0	6.0891573e-29	0.0	2.2629195e-26	8.580307e-15	1.2428417e-17	1.3434722e-11	2.785906e-22	1.5165255e-15	4.8595296e-23	0.0	1.06380435e-26	1.905555e-27
ERR9612854	3	Homo sapiens	6.1546415e-25	1.2220276e-26	6.2001066e-27	9.369048e-17	2.062473e-24	1.4519437e-27	6.47529e-27	0.0	2.3679917e-14	3.2682927e-23	5.367658e-19	1.0	2.3681457e-29	0.0	1.5160352e-26	3.8076282e-15	6.2291676e-18	6.2691267e-12	1.234099e-22	7.480421e-16	2.5146372e-23	0.0	5.598779e-27	2.8840163e-27
ERR9612855	3	Homo sapiens	2.6510355e-34	1.272104e-39	2.14505e-40	8.096553e-24	1.5892216e-37	3.0267e-41	2.96512e-40	0.0	2.4563363e-28	4.6605697e-34	3.9388926e-32	1.0	1.810438e-39	0.0	4.955e-40	2.7171106e-21	1.0662268e-28	3.672935e-20	4.203535e-26	1.3886931e-17	1.5625072e-27	0.0	2.3368e-40	1.2886918e-38
ERR9612856	3	Homo sapiens	3.8526956e-34	1.580965e-39	2.52822e-40	1.57183e-23	1.8340845e-37	5.5065e-41	3.00793e-40	0.0	1.5501634e-27	4.8895183e-34	3.8862372e-32	1.0	5.522241e-39	0.0	9.04388e-40	3.6227554e-21	1.2881497e-28	6.737179e-20	7.5548297e-26	1.4464459e-17	4.019046e-27	0.0	2.98755e-40	2.379811e-39
ERR9612857	3	Homo sapiens	4.391731e-39	0.0	0.0	1.3270779e-30	0.0	0.0	0.0	0.0	2.8338347e-34	3.36599e-40	3.4994996e-33	1.0	0.0	0.0	0.0	6.434494e-29	5.5561156e-31	5.4285664e-29	1.73966e-35	1.2877384e-23	1e-44	0.0	0.0	0.0
ERR9612858	3	Homo sapiens	1.1156867e-38	0.0	0.0	2.7764878e-30	0.0	0.0	0.0	0.0	7.071688e-33	1.250105e-39	3.5438657e-34	1.0	0.0	0.0	0.0	2.034806e-28	2.098904e-30	1.4671182e-28	2.0463243e-35	2.8501844e-23	2.5e-44	0.0	0.0	0.0
ERR9612859	3	Homo sapiens	3.7933582e-27	1.2630161e-38	1.302168e-39	3.289532e-22	4.2234595e-32	4.6974e-41	6.13144e-40	0.0	2.2583406e-27	1.4209404e-30	3.4093756e-27	1.0	3.5486007e-36	0.0	3.2578021e-37	7.8283714e-22	6.3190066e-24	8.031087e-20	2.6198372e-24	6.406234e-19	5.323666e-31	0.0	1.82127e-39	5.6932e-34
ERR9612860	3	Homo sapiens	3.707468e-27	1.342941e-38	1.225641e-39	1.7490115e-22	6.198239e-33	5.682e-41	8.28725e-40	0.0	1.7682141e-28	2.5342959e-30	1.5366892e-26	1.0	2.9668973e-36	0.0	2.1289486e-37	4.5062365e-22	3.919205e-24	5.2711244e-20	1.5824715e-24	3.3133386e-19	6.9092027e-31	0.0	1.686359e-39	1.0159076e-33
ERR9612861	3	Homo sapiens	3.4939867e-11	7.5415304e-22	5.441704e-22	4.9844306e-10	2.4175377e-13	5.3927297e-24	6.833738e-23	0.0	8.487003e-13	2.667265e-15	1.5009153e-13	1.0	4.4246162e-20	0.0	2.0961006e-19	3.040096e-13	9.625703e-13	1.6465023e-15	1.0028097e-11	9.450627e-12	5.7722027e-20	0.0	4.0985408e-22	3.7852044e-16
ERR9612862	3	Homo sapiens	6.647779e-12	1.2917769e-22	1.2323435e-22	4.859577e-11	2.1963368e-14	5.782277e-25	1.0549091e-23	0.0	4.993004e-15	2.7292794e-16	3.736131e-14	1.0	9.245545e-21	0.0	5.3407343e-20	6.7412696e-14	1.3440388e-13	2.9556571e-16	2.6193678e-12	1.4577963e-12	1.01887075e-20	0.0	5.8879183e-23	9.628488e-16
ERR9612863	3	Homo sapiens	3.3658513e-11	1.5574263e-19	4.867581e-20	3.16614e-10	5.2241663e-15	3.846584e-21	1.916252e-20	0.0	8.5957986e-12	4.1200263e-15	3.661166e-12	1.0	1.6855039e-18	0.0	4.421152e-17	1.7942589e-13	3.3335753e-13	8.817724e-14	6.457295e-14	5.726762e-12	6.280092e-18	0.0	1.3190349e-19	1.0366251e-13
ERR9612864	3	Homo sapiens	1.432115e-10	9.46178e-19	2.2852664e-19	2.8558247e-10	1.1929985e-13	2.7241374e-20	1.04679946e-19	0.0	1.9991495e-11	1.5774676e-14	5.5984995e-12	1.0	2.9292315e-17	0.0	3.369959e-16	6.227369e-13	1.5512444e-12	2.8690646e-13	2.4183628e-13	2.3952833e-11	2.9959942e-17	0.0	7.2080694e-19	1.7350376e-12
ERR9612865	3	Homo sapiens	1.1e-44	0.0	0.0	1.9500731e-32	0.0	0.0	0.0	0.0	4.010118e-39	5.7e-44	7.53573e-40	1.0	0.0	0.0	0.0	4.305209e-27	5.1169757e-35	4.922151e-27	1.6063663e-34	2.4323616e-19	6.328078e-38	0.0	0.0	0.0
ERR9612866	3	Homo sapiens	1e-44	0.0	0.0	3.0154777e-32	0.0	0.0	0.0	0.0	8.4812435e-38	1.06e-43	3.3328e-41	1.0	0.0	0.0	0.0	5.563711e-27	1.0459634e-34	1.0299234e-26	2.807607e-34	3.0955208e-19	7.8239706e-38	0.0	0.0	0.0
ERR9612867	3	Homo sapiens	2.716e-40	0.0	0.0	2.5808012e-30	0.0	0.0	0.0	0.0	5.5785524e-35	1.6518e-40	1.830661e-35	1.0	0.0	0.0	0.0	6.343114e-25	2.5699675e-29	3.6963486e-24	2.8599635e-30	6.515271e-19	6.691585e-37	0.0	0.0	0.0
ERR9612868	3	Homo sapiens	7.57176e-40	0.0	0.0	7.0860936e-30	1.71e-43	0.0	0.0	0.0	3.502122e-35	5.15085e-40	9.7934234e-36	1.0	0.0	0.0	0.0	1.6026187e-24	4.3114722e-29	8.1592475e-24	3.3664797e-30	2.2449502e-18	1.8322482e-36	0.0	0.0	0.0
ERR9612869	3	Homo sapiens	4.0293748e-27	7.04458e-38	1.3311329e-38	7.995561e-21	4.8800883e-33	4.77205e-40	5.192633e-39	0.0	7.4691254e-25	9.647359e-31	6.513227e-24	1.0	2.3230638e-38	0.0	8.995335e-36	4.587278e-21	8.0707857e-22	6.312125e-20	6.4103054e-25	3.2551056e-18	2.825471e-32	0.0	9.428055e-39	1.84937e-33
ERR9612870	3	Homo sapiens	7.6616035e-27	1.0797665e-37	1.2874916e-38	7.259442e-21	1.8518451e-31	5.51428e-40	4.269138e-39	0.0	3.2675896e-25	1.1011475e-30	3.5160645e-25	1.0	3.6534278e-38	0.0	1.10300415e-35	4.1822866e-21	6.9123824e-22	6.665631e-20	9.254791e-25	3.992371e-18	3.0034906e-32	0.0	1.1516898e-38	8.248661e-33
ERR9612871	3	Homo sapiens	0.0	0.0	0.0	6.285359e-39	0.0	0.0	0.0	0.0	4.707e-42	0.0	0.0	1.0	0.0	0.0	0.0	1.5531442e-28	1.3130099e-37	4.404549e-28	1.0027469e-38	1.0054384e-17	7.938438e-39	0.0	0.0	0.0
ERR9612872	3	Homo sapiens	0.0	0.0	0.0	4.853399e-38	0.0	0.0	0.0	0.0	7.0258e-41	0.0	0.0	1.0	0.0	0.0	0.0	6.029481e-28	3.6599542e-37	2.23346e-27	4.4131684e-38	4.082303e-17	2.6149818e-38	0.0	0.0	0.0
ERR9612873	3	Homo sapiens	1.3082233e-34	0.0	0.0	6.1034334e-27	7.9e-43	0.0	0.0	0.0	8.643617e-30	1.4142237e-36	2.7793356e-36	1.0	0.0	0.0	1e-45	2.9524062e-30	7.310134e-33	2.3358887e-29	3.8341275e-37	7.1627435e-29	6e-45	0.0	0.0	1.0215e-41
ERR9612874	3	Homo sapiens	5.5814326e-35	0.0	0.0	4.544377e-27	4.10239e-40	0.0	0.0	0.0	6.8459484e-31	4.6978385e-37	4.981073e-38	1.0	0.0	0.0	1e-45	9.981005e-31	4.2942767e-33	1.0408012e-29	9.2479673e-38	1.9675472e-29	3e-45	0.0	0.0	1.474e-42
ERR9612875	3	Homo sapiens	1.6085527e-31	9.2136417e-38	1.9876024e-38	1.7392741e-22	1.5007875e-34	1.807342e-39	1.5744463e-38	0.0	1.2090273e-21	9.394771e-31	4.1668322e-28	1.0	8.695981e-37	0.0	3.2618585e-37	1.417556e-18	1.1951094e-22	3.492016e-17	1.3846435e-25	2.9697708e-16	2.0297819e-28	0.0	2.225087e-38	1.3915161e-35
ERR9612876	3	Homo sapiens	4.9934196e-31	6.05211e-37	1.0361348e-37	3.8687968e-22	8.54119e-34	1.3901647e-38	1.113114e-37	0.0	2.028717e-21	2.134449e-30	2.467044e-26	1.0	3.415787e-36	0.0	5.479521e-37	5.8082244e-18	4.2136832e-22	1.2065439e-16	3.3922678e-25	1.1714653e-15	8.8624e-28	0.0	1.219338e-37	4.6666822e-35
ERR9612877	3	Homo sapiens	3.7715794e-26	1.022125e-38	8.372107e-39	6.056225e-22	2.9023653e-33	2.7275e-41	5.52397e-40	0.0	9.46179e-25	4.9261767e-30	1.6043433e-25	1.0	7.501862e-34	0.0	2.3977782e-37	7.5594206e-22	5.2057945e-24	7.1159096e-22	2.0203779e-23	2.5519533e-18	1.1026977e-30	0.0	4.286884e-39	4.7551303e-33
ERR9612878	3	Homo sapiens	5.189643e-26	1.1410824e-38	8.433275e-39	1.068439e-21	9.6555444e-33	3.4475e-41	7.22245e-40	0.0	1.4881725e-25	4.546254e-30	2.0729517e-25	1.0	9.4475e-34	0.0	2.9028763e-37	8.174736e-22	7.064656e-24	6.92944e-22	2.5481854e-23	1.6171767e-18	1.7951738e-30	0.0	3.399106e-39	2.1002396e-33
ERR9612879	3	Homo sapiens	4.6521602e-37	8e-45	4e-45	8.177941e-28	3.7813e-41	0.0	1e-45	0.0	3.248987e-33	3.112254e-39	1.6544041e-38	1.0	3.205623e-34	0.0	0.0	2.9257134e-23	5.4195924e-34	3.0036933e-21	2.3106506e-27	3.6790934e-18	1.079287e-23	0.0	3e-45	2.7e-43
ERR9612880	3	Homo sapiens	2.393208e-37	3e-45	1e-45	2.2046457e-28	2.3508e-41	0.0	1e-45	0.0	1.5349098e-33	9.94594e-40	7.154604e-39	1.0	1.8818921e-34	0.0	0.0	2.7184387e-23	3.1869137e-34	3.5068593e-21	2.9191484e-27	1.1832641e-18	4.835238e-24	0.0	0.0	1.11e-43
ERR9612881	3	Homo sapiens	3.555e-42	0.0	0.0	1.0890761e-30	0.0	0.0	0.0	0.0	1.6817867e-32	1.5413e-41	1.829527e-39	1.0	0.0	0.0	0.0	3.2710252e-27	3.8329022e-31	2.2153912e-26	2.036591e-34	1.3070741e-22	1.918e-42	0.0	0.0	0.0
ERR9612882	3	Homo sapiens	2.07e-43	0.0	0.0	4.7276176e-32	0.0	0.0	0.0	0.0	1.0134498e-34	2.21e-42	5.61973e-40	1.0	0.0	0.0	0.0	2.8739634e-28	2.535665e-32	1.698344e-27	8.919506e-36	2.532632e-23	1.19e-43	0.0	0.0	0.0
ERR9612883	3	Homo sapiens	4.063535e-11	5.1222662e-20	9.621219e-21	4.4821105e-10	8.3839305e-16	1.0840811e-21	8.179502e-21	0.0	3.2408098e-09	7.71446e-14	7.671635e-08	0.99999994	9.043341e-20	0.0	1.19511e-17	5.3864612e-12	3.1850774e-12	5.9158765e-13	2.3870891e-14	6.4468387e-12	6.5197197e-18	0.0	4.2206723e-20	2.2155995e-15
ERR9612884	3	Homo sapiens	2.2240404e-11	4.2024833e-20	6.3632747e-21	1.2784236e-10	2.517361e-15	6.929835e-22	5.5608634e-21	0.0	2.1621673e-08	2.5343881e-14	2.6724036e-09	1.0	3.269665e-20	0.0	8.513625e-18	3.3339503e-12	9.618227e-13	4.561284e-13	9.186032e-15	3.1701182e-12	4.509189e-18	0.0	2.5477093e-20	1.041178e-15
ERR9612885	3	Homo sapiens	9.3121067e-35	1e-45	0.0	1.5458639e-25	1.29549e-40	0.0	0.0	0.0	1.9024649e-36	6.0800493e-37	1.7272297e-33	1.0	6.89525e-39	0.0	0.0	7.480344e-21	1.3349332e-31	5.277445e-21	1.7495162e-23	7.8293925e-13	8.36541e-25	0.0	0.0	3.6e-44
ERR9612886	3	Homo sapiens	1.3110074e-35	0.0	0.0	2.265006e-26	9.2e-42	0.0	0.0	0.0	1.1554253e-36	1.4928083e-37	5.946905e-35	1.0	1.533752e-39	0.0	0.0	2.830749e-21	3.8957902e-32	9.070678e-22	4.7534123e-24	2.5316806e-13	2.8134293e-25	0.0	0.0	6e-45
ERR9612887	3	Homo sapiens	7.043694e-38	9.347e-42	1.101e-42	3.0514582e-25	8.61384e-40	1.29e-43	1.708e-42	0.0	6.3234512e-27	2.3101094e-36	7.7718425e-31	1.0	3.68853e-40	0.0	1.085e-42	1.1703395e-20	1.5438986e-26	1.6999318e-17	3.7576428e-29	2.0369693e-17	1.4486291e-28	0.0	8.49e-43	3.53e-43
ERR9612888	3	Homo sapiens	2.2098818e-37	4.1292e-41	4.714e-42	3.0272956e-25	5.567436e-39	6.91e-43	5.963e-42	0.0	3.0208146e-26	8.716441e-36	1.2619251e-29	1.0	6.89603e-40	0.0	5.286e-42	3.3121882e-20	5.9778776e-26	5.193818e-17	1.1020422e-28	1.05643934e-16	8.389423e-28	0.0	3.065e-42	8.31e-43
ERR9612889	3	Homo sapiens	0.0	0.0	0.0	1.99792e-32	0.0	0.0	0.0	0.0	7.193893e-38	1e-45	4.26673e-40	1.0	0.0	0.0	0.0	1.6853872e-22	4.8815103e-33	1.1503187e-22	9.0327476e-30	9.84832e-13	2.6860735e-31	0.0	0.0	0.0
ERR9612890	3	Homo sapiens	0.0	0.0	0.0	3.6649898e-32	0.0	0.0	0.0	0.0	2.5444607e-38	8e-45	1.082852e-39	1.0	0.0	0.0	0.0	7.19189e-22	1.6151215e-32	3.8568283e-22	1.6199752e-29	3.8518863e-12	1.865567e-30	0.0	0.0	0.0
ERR9612891	3	Homo sapiens	1.386e-42	0.0	0.0	4.019371e-34	0.0	0.0	0.0	0.0	9.35e-43	1.7e-44	9.074887e-39	1.0	3e-45	0.0	0.0	2.3287269e-29	1.0297235e-33	9.8038074e-32	6.4378e-34	4.1697443e-17	1.4098621e-36	0.0	0.0	0.0
ERR9612892	3	Homo sapiens	3.149e-42	0.0	0.0	1.2389243e-33	0.0	0.0	0.0	0.0	4.774e-42	3.5e-44	1.042149e-36	1.0	4e-45	0.0	0.0	6.6881986e-29	1.3614974e-33	1.9340064e-31	1.7798334e-33	6.344543e-17	1.9800205e-36	0.0	0.0	0.0
ERR9612893	3	Homo sapiens	0.0	0.0	0.0	2.8562036e-36	0.0	0.0	0.0	0.0	2.2904596e-30	1.04e-43	7.03969e-40	1.0	0.0	0.0	0.0	1.2235844e-30	7.6092294e-29	1.437015e-27	7.953587e-39	1.294065e-25	0.0	0.0	0.0	0.0
ERR9612894	3	Homo sapiens	0.0	0.0	0.0	6.4962094e-37	0.0	0.0	0.0	0.0	8.4999373e-32	1.3e-44	8.52068e-40	1.0	0.0	0.0	0.0	3.5063776e-31	1.4434031e-29	3.422701e-28	1.284608e-39	4.6140684e-26	0.0	0.0	0.0	0.0
ERR9612895	3	Homo sapiens	1.0460302e-24	8.460773e-37	1.8166473e-36	3.0884255e-20	5.5881403e-30	4.4186e-39	7.043332e-38	0.0	1.0824454e-25	4.9481267e-30	1.8412158e-29	1.0	6.0667407e-33	0.0	2.391462e-35	7.250574e-23	9.376732e-27	4.1444354e-23	1.3222976e-22	1.7873254e-17	1.1931487e-27	0.0	2.1699356e-37	6.206278e-31
ERR9612896	3	Homo sapiens	3.5615603e-24	5.2282748e-36	3.5205166e-36	4.8043112e-20	3.194807e-28	2.7922738e-38	2.5860479e-37	0.0	2.295459e-25	2.7144752e-29	4.7343276e-29	1.0	1.6970265e-32	0.0	8.921453e-35	3.3486572e-22	3.3335385e-26	2.3358654e-22	5.6921527e-22	9.372328e-17	1.3357688e-26	0.0	1.4631858e-36	5.378294e-30
ERR9612897	3	Homo sapiens	1.184545e-31	8.6e-43	2.13e-43	1.307364e-24	2.181296e-38	3e-45	5.9e-44	0.0	4.3081207e-32	1.8242302e-34	2.9314602e-32	1.0	8.9914305e-38	0.0	4.25e-43	6.9756307e-22	9.980431e-31	3.59957e-23	4.148353e-24	2.1739929e-15	1.1488087e-26	0.0	1.61e-43	5.107165e-39
ERR9612898	3	Homo sapiens	1.7400362e-31	1.666e-42	3.36e-43	1.4123667e-24	4.1500194e-38	7e-45	1.23e-43	0.0	3.3217475e-32	8.266264e-34	1.9086026e-32	1.0	9.677376e-38	0.0	2.594e-42	9.357331e-22	1.2942975e-30	4.8631886e-23	6.4404064e-24	1.6105171e-15	1.2568744e-26	0.0	4.23e-43	4.35012e-38
SRR12136712	3	Homo sapiens	1.7808556e-08	3.4509564e-09	4.3215818e-09	1.1277612e-06	1.578224e-07	4.1445283e-08	6.7620676e-10	0.0	1.6568222e-06	3.455369e-08	3.2377711e-06	0.9987104	1.6208314e-09	0.0	1.0929641e-08	5.324549e-07	5.994705e-08	0.0012822727	7.454079e-08	2.2044284e-07	1.8089867e-08	0.0	1.2927919e-09	1.2968849e-07
SRR12136713	3	Homo sapiens	4.2840417e-20	6.0330904e-25	7.940066e-25	3.1827814e-16	5.4274615e-23	1.2570466e-24	1.0145863e-25	0.0	4.063602e-17	7.763058e-20	5.1175496e-23	1.0	3.3810932e-23	0.0	1.2271624e-23	1.2333084e-14	1.2352101e-18	8.136014e-14	4.961939e-15	1.8688447e-11	2.1642347e-18	0.0	5.02049e-26	8.772415e-22
SRR12462930	3	Homo sapiens	0.0	0.0	0.0	5.04e-43	0.0	0.0	0.0	0.0	0.0	0.0	0.0	1.0	0.0	0.0	0.0	1.94616e-34	6e-45	2.7690707e-35	6.39094e-39	2.4942182e-25	1.95e-43	0.0	0.0	0.0
SRR12462931	3	Homo sapiens	0.0	0.0	0.0	1.43033e-40	0.0	0.0	0.0	0.0	1e-45	0.0	0.0	1.0	0.0	0.0	0.0	3.2979364e-31	1.831e-42	2.943415e-35	2.808014e-38	6.2287495e-20	6.2468e-41	0.0	0.0	0.0
SRR12462932	3	Homo sapiens	0.0	0.0	0.0	7e-45	0.0	0.0	0.0	0.0	0.0	0.0	0.0	1.0	0.0	0.0	0.0	1.2072762e-36	0.0	2.05391e-40	1.2806e-41	1.670859e-26	4e-45	0.0	0.0	0.0
SRR12462933	3	Homo sapiens	0.0	0.0	0.0	0.0	0.0	0.0	0.0	0.0	0.0	0.0	0.0	1.0	0.0	0.0	0.0	1.55527e-40	0.0	4.9e-44	0.0	2.9437811e-30	0.0	0.0	0.0	0.0
SRR12462934	3	Homo sapiens	0.0	0.0	0.0	4.760533e-36	0.0	0.0	0.0	0.0	1e-44	0.0	0.0	1.0	0.0	0.0	0.0	2.3608535e-29	1.52694e-40	5.1319274e-29	5.9783893e-34	1.0240393e-16	4.704552e-34	0.0	0.0	0.0
SRR12462935	3	Homo sapiens	0.0	0.0	0.0	0.0	0.0	0.0	0.0	0.0	0.0	0.0	0.0	1.0	0.0	0.0	0.0	8.83e-43	0.0	3.5e-44	0.0	6.3953706e-28	0.0	0.0	0.0	0.0
SRR12462936	3	Homo sapiens	0.0	0.0	0.0	7e-45	0.0	0.0	0.0	0.0	0.0	0.0	0.0	1.0	0.0	0.0	0.0	6.9597664e-34	2e-44	2.909036e-35	3.667e-42	1.7405091e-23	3e-45	0.0	0.0	0.0
SRR12462937	3	Homo sapiens	3.6e-44	0.0	0.0	2.1042092e-35	0.0	0.0	0.0	0.0	1.676411e-39	3e-45	5.19638e-40	1.0	0.0	0.0	0.0	6.683474e-33	6.962946e-38	7.32508e-35	1.2405122e-36	2.9619395e-23	8.06e-43	0.0	0.0	0.0
SRR12462938	3	Homo sapiens	1.1944414e-38	0.0	0.0	1.2268135e-30	0.0	0.0	0.0	0.0	5.33144e-40	4.29e-43	1.0035785e-37	1.0	0.0	0.0	0.0	1.5127103e-32	1.93873e-35	2.5204923e-35	7.239273e-35	1.8285167e-24	0.0	0.0	0.0	0.0
SRR12462939	3	Homo sapiens	4.5596443e-22	7.905654e-37	5.150794e-38	4.826403e-21	1.4902262e-30	1.669508e-39	3.878061e-38	0.0	7.2955054e-31	3.3531095e-27	5.915842e-25	1.0	6.079678e-36	0.0	1.3621431e-34	1.674909e-23	7.160406e-23	3.2186854e-27	1.3093828e-21	1.266783e-18	3.2314204e-33	0.0	1.0761182e-36	5.1006543e-30
SRR12462940	3	Homo sapiens	2.06233e-35	0.0	0.0	1.3011709e-28	2.86e-43	0.0	0.0	0.0	4e-44	5.31581e-40	9.1237005e-37	1.0	1e-45	0.0	0.0	2.5251758e-28	7.251556e-35	5.9922665e-33	3.453122e-27	1.739027e-18	9.414331e-37	0.0	0.0	0.0
SRR12462941	3	Homo sapiens	0.0	0.0	0.0	5.5656257e-38	0.0	0.0	0.0	0.0	1e-44	0.0	1.36e-43	1.0	0.0	0.0	0.0	1.0926605e-37	1.16564e-40	6.43174e-40	7.379e-42	2.5366972e-28	0.0	0.0	0.0	0.0
SRR12462942	3	Homo sapiens	0.0	0.0	0.0	6e-45	0.0	0.0	0.0	0.0	0.0	0.0	0.0	1.0	0.0	0.0	0.0	1.57e-43	0.0	0.0	0.0	1.2960294e-29	0.0	0.0	0.0	0.0
SRR12462943	3	Homo sapiens	8.781904e-13	1.9095522e-25	4.0995306e-27	1.0891485e-12	2.2818126e-20	3.7951636e-28	1.7258546e-26	0.0	8.623959e-19	1.443066e-18	6.3071e-14	1.0	1.5070857e-22	0.0	4.3650596e-23	6.7986963e-18	2.712607e-18	9.831458e-20	1.398417e-15	1.678303e-14	2.6274204e-23	0.0	2.7015614e-25	4.976391e-19
SRR12462944	3	Homo sapiens	2.4565432e-25	1.2102998e-32	1.1753713e-33	1.0471005e-21	1.1083854e-30	4.3742243e-34	3.238157e-33	0.0	4.4199245e-24	5.002815e-26	1.1194142e-26	1.0	3.3025328e-31	0.0	5.998745e-33	3.4517316e-19	1.5006474e-22	1.8613872e-19	8.071207e-21	1.1818264e-17	4.246539e-26	0.0	1.5497926e-32	1.4339247e-32
SRR12462945	3	Homo sapiens	0.0	0.0	0.0	5.923e-42	0.0	0.0	0.0	0.0	1.8e-44	0.0	0.0	1.0	0.0	0.0	0.0	3.2576482e-34	0.0	2.1213896e-37	1.257618e-39	7.994774e-24	6.526e-42	0.0	0.0	0.0
SRR12462946	3	Homo sapiens	0.0	0.0	0.0	2.1172295e-37	0.0	0.0	0.0	0.0	2.1457737e-35	0.0	0.0	1.0	0.0	0.0	0.0	1.0664501e-30	3.775e-42	6.3483225e-29	1.139615e-38	1.2855742e-25	5.494333e-34	0.0	0.0	0.0
SRR12462947	3	Homo sapiens	0.0	0.0	0.0	2.6837805e-37	0.0	0.0	0.0	0.0	2.6962e-41	0.0	2.59e-43	1.0	0.0	0.0	0.0	7.2654864e-37	3.4613605e-38	1.5140289e-37	5.5e-44	9.314682e-28	0.0	0.0	0.0	0.0
SRR19160147	3	Lithobates pipiens	0.00024996887	3.9716117e-05	0.015181813	0.00014125441	7.545513e-05	3.468104e-05	3.9504754e-05	0.0	0.010296372	0.006325071	0.00048524875	0.13363422	0.07612409	0.0	0.22259755	6.701525e-05	7.668747e-05	0.00010693796	0.011972236	0.516337	0.0016053085	0.0	0.00018145132	0.004428422
SRR19160150	3	Lithobates pipiens	6.694267e-05	3.443857e-06	0.1070547	5.3620057e-05	9.022869e-06	2.0003763e-05	8.202144e-06	0.0	0.00032645225	0.021376155	0.00014033375	0.07117499	0.22724213	0.0	0.004547466	7.762484e-06	1.0159679e-05	1.6764443e-05	0.007581209	0.55861294	0.0009146546	0.0	2.9071566e-06	0.00083016173
SRR19160161	3	Lithobates pipiens	0.00010312729	1.6992988e-05	0.0074117957	7.7574456e-05	1.4585982e-05	1.0156838e-06	4.4498856e-06	0.0	0.001717313	0.02187481	0.000485926	0.5519206	0.113632165	0.0	0.009820722	1.8320245e-05	2.1007103e-05	3.9054845e-05	0.009076567	0.28158188	0.00091503514	0.0	7.863082e-05	0.0011884442
SRR19160174	3	Lithobates pipiens	1.6776721e-05	3.0160236e-06	0.023130348	7.6144674e-06	1.9545534e-05	3.003887e-07	6.253262e-06	0.0	1.3942184e-05	0.001617209	3.5416792e-07	0.67208713	0.026964897	0.0	0.0016271224	1.0596793e-06	1.4043462e-06	2.2045847e-06	0.0017395248	0.2724159	0.00021702392	0.0	2.4827384e-06	0.00012585749
SRR19160175	3	Lithobates pipiens	1.4742561e-06	1.8659199e-06	0.9130565	1.1114184e-06	4.053715e-09	1.3344471e-08	2.371132e-06	0.0	1.0308706e-06	0.00074166886	2.6114088e-07	0.019438902	0.03302866	0.0	1.2345856e-05	6.085742e-08	9.484631e-08	1.5050057e-07	0.00019803354	0.033483308	3.1207503e-05	0.0	5.301121e-08	8.640927e-07
SRR19160180	3	Lithobates pipiens	3.249979e-05	1.5276715e-06	0.020533198	1.9353713e-05	1.2085094e-06	1.5378735e-06	3.335518e-06	0.0	9.312274e-05	0.021015486	3.1471463e-05	0.35099164	0.21330893	0.0	0.0018855013	3.1849847e-06	4.256544e-06	9.081926e-06	0.00515078	0.3860669	0.00055804336	0.0	1.9026109e-05	0.00026990415
SRR19160184	3	Lithobates pipiens	7.063816e-05	3.0949657e-06	0.014280021	1.1482615e-05	1.1357573e-05	1.1772403e-05	3.5909795e-06	0.0	0.00047297764	0.0035027496	0.0029168702	0.36257842	0.122504346	0.0	0.007198802	1.2598664e-05	1.690421e-05	2.0459938e-05	0.006407377	0.47824037	0.0008086439	0.0	8.256765e-06	0.00091926847
SRR19160194	3	Lithobates pipiens	5.0648865e-05	2.5239766e-05	0.0066912444	1.2420769e-06	0.0018894661	6.2946594e-07	1.3252852e-06	0.0	0.0017033181	0.004538931	4.725826e-05	0.19761716	0.2703363	0.0	0.0007297926	7.82753e-06	1.0647207e-05	1.2412572e-05	0.011509788	0.50263995	0.00089785754	0.0	6.2841186e-06	0.0012826937
SRR19160206	3	Lithobates pipiens	8.492695e-05	1.6658789e-05	0.020543182	1.2345376e-05	3.0325639e-06	3.142519e-05	0.0032673683	0.0	0.00018843259	0.008107606	1.7854796e-05	0.01233071	0.2062565	0.0	0.04098882	8.983392e-06	1.1878267e-05	1.6286442e-05	0.0064952355	0.6986173	0.0010231691	0.0	9.6126234e-05	0.0018821617
SRR19160231	3	Lithobates pipiens	6.512523e-06	4.772076e-07	0.0391056	3.4866662e-06	1.1640108e-07	1.323867e-07	4.1597693e-07	0.0	1.191729e-05	0.007870352	6.510615e-06	0.5296912	0.10306761	0.0	4.1658655e-05	3.6800807e-07	5.086798e-07	1.0125405e-06	0.0010697617	0.3188387	0.0001452272	0.0	5.6639866e-08	0.00013832953
SRR19160251	3	Lithobates pipiens	2.9353276e-05	6.725186e-05	0.4759078	4.552317e-05	3.8016836e-07	2.8418575e-05	9.662964e-06	0.0	1.5066555e-05	0.025282752	2.5999122e-06	0.036881782	0.21107006	0.0	0.001955197	2.0672564e-06	2.4092767e-06	5.030508e-06	0.0019363861	0.24579057	0.00033988702	0.0	4.1226016e-08	0.0006277564
SRR957738	3	Homo sapiens	1.5089207e-37	0.0	0.0	6.824815e-30	1e-45	0.0	0.0	0.0	1e-45	7e-45	1.6243647e-38	1.0	1.06345e-40	0.0	0.0	2.5196857e-28	1.9432e-40	6.379526e-31	1.1986904e-28	8.1059405e-17	6.8998464e-30	0.0	0.0	0.0
SRR957739	3	Homo sapiens	1.648015e-39	0.0	0.0	1.2450085e-29	1e-44	0.0	0.0	0.0	8.8e-44	0.0	1.8612e-41	1.0	2.7009e-41	0.0	0.0	1.0412495e-28	1.1755e-41	2.2997103e-30	3.4440243e-30	9.7752195e-17	2.6850078e-29	0.0	0.0	0.0
SRR957740	3	Homo sapiens	2.0634315e-38	0.0	0.0	3.1657616e-30	5.9e-44	0.0	0.0	0.0	2.1e-44	1.3e-44	3.7651e-41	1.0	1.82708e-40	0.0	0.0	3.6097623e-28	4.3384e-41	6.845803e-30	2.7347201e-28	3.8900666e-17	1.0151089e-28	0.0	0.0	0.0
SRR957741	3	Homo sapiens	1e-44	0.0	0.0	2.7107958e-33	0.0	0.0	0.0	0.0	1e-45	0.0	0.0	1.0	0.0	0.0	0.0	1.3574301e-31	1.8e-44	4.745815e-33	4.241733e-34	4.3277905e-20	2.4434083e-34	0.0	0.0	0.0
SRR957742	3	Homo sapiens	1e-45	0.0	0.0	1.0293559e-35	0.0	0.0	0.0	0.0	0.0	0.0	0.0	1.0	0.0	0.0	0.0	1.653859e-37	1e-45	1.8047794e-35	1.2278117e-37	2.9050083e-26	2.56921e-40	0.0	0.0	0.0
SRR957743	3	Homo sapiens	4.64898e-37	3e-45	0.0	8.733158e-28	7.688741e-39	0.0	0.0	0.0	5.981257e-34	2.137e-42	2.14e-43	1.0	5.351431e-39	0.0	4.6e-44	2.3420763e-31	7.48621e-38	1.7510618e-28	2.1957562e-31	8.722644e-24	1.9551373e-34	0.0	1e-45	2.9206e-40
SRR957744	3	Homo sapiens	0.0	0.0	0.0	1.6224e-41	0.0	0.0	0.0	0.0	0.0	0.0	0.0	1.0	0.0	0.0	0.0	2.354e-42	0.0	4.01813e-40	8e-44	7.211295e-30	0.0	0.0	0.0	0.0
SRR957745	3	Homo sapiens	0.0	0.0	0.0	1.7386841e-35	0.0	0.0	0.0	0.0	4.3e-43	0.0	0.0	1.0	0.0	0.0	0.0	2.0194908e-38	0.0	2.9503175e-35	1.099738e-39	1.9546844e-29	2.5658e-41	0.0	0.0	0.0
SRR957746	3	Homo sapiens	2.273e-41	0.0	0.0	3.543338e-33	0.0	0.0	0.0	0.0	5.594e-42	4e-45	1.31009e-39	1.0	1.1e-43	0.0	0.0	2.2714444e-31	1.2672807e-38	1.348196e-30	2.8053177e-34	7.457155e-20	8.463715e-37	0.0	0.0	0.0
ERR12115113	4	Homo sapiens	0.0	0.0	0.0	0.0	0.0	0.0	0.0	0.0	0.0	0.0	0.0	1.0	0.0	0.0	0.0	0.0	0.0	5.2921527e-30	0.0	0.0	0.0	0.0	0.0	0.0
ERR12115114	4	Homo sapiens	3.066789e-33	0.0	0.0	9.737414e-31	2.5e-44	0.0	0.0	7.96508e-30	1.111665e-34	1.855e-42	7.3929146e-30	1.0	9.337e-42	0.0	3e-45	1.6122849e-31	8.745149e-34	3.9988773e-27	0.0	0.0	0.0	0.0	0.0	0.0
ERR12115115	4	Homo sapiens	7.966e-42	0.0	0.0	1.3923041e-32	0.0	0.0	0.0	4.219916e-36	1.3140397e-32	0.0	4.3756346e-27	1.0	0.0	0.0	0.0	3.144204e-35	6.704288e-32	5.7354317e-24	0.0	0.0	0.0	0.0	0.0	0.0
ERR12115116	4	Homo sapiens	0.0	0.0	0.0	0.0	0.0	0.0	0.0	0.0	0.0	0.0	0.0	1.0	0.0	0.0	0.0	0.0	0.0	0.0	0.0	0.0	0.0	0.0	0.0	0.0
ERR1777519	4	Homo sapiens	3.1368036e-06	0.0	2.9935366e-06	1.6669437e-06	4.6957707e-06	1.0617218e-06	1.9284053e-06	2.0908458e-06	0.00018910602	1.8835275e-05	0.00021722127	0.99701476	0.002045962	0.00046539184	6.296506e-07	1.4958829e-06	1.5061293e-06	1.7560303e-06	0.0	0.0	0.0	9.986312e-08	1.1162031e-05	1.4511963e-05
ERR1777520	4	Homo sapiens	0.0013589717	0.0	0.0011325843	0.0022396797	0.035535406	0.0007938317	0.00352856	0.0014109252	0.07623384	0.0012920192	0.40448168	0.4188586	0.0012325975	0.0013240749	0.0017944367	0.0013835129	0.0014633532	0.001425097	0.0	0.0	0.0	0.0018409856	0.030068774	0.012601084
ERR1777521	4	Homo sapiens	0.0007089286	0.0	0.00045250062	0.00082799146	0.015185887	0.00030010482	0.0013365453	0.00061977777	0.024461852	0.0006331404	0.12017717	0.8145521	0.0006026392	0.0006406595	0.0009862641	0.0005941367	0.0006456084	0.0006361956	0.0	0.0	0.0	0.0007769779	0.01091567	0.0049458095
ERR1777522	4	Homo sapiens	6.353507e-07	0.0	3.8239736e-07	2.3297646e-07	1.2511277e-08	6.2439154e-05	5.7473113e-05	3.931188e-07	4.906966e-05	0.00014890432	9.958418e-06	0.89622325	0.039268296	0.06415602	1.4029348e-08	1.2824837e-07	1.674779e-07	1.7039254e-07	0.0	0.0	0.0	3.5676568e-09	2.1948128e-05	5.3332394e-07
ERR1777523	4	Homo sapiens	0.000105206374	0.0	0.00010693516	9.883605e-05	0.00043094772	2.3210583e-05	4.6560883e-05	9.308319e-05	0.0044393693	0.0002470997	0.0026785652	0.9827743	0.00085826253	0.003658806	0.00045847867	6.815687e-05	6.92324e-05	7.67571e-05	0.0	0.0	0.0	0.00015198598	0.00044385705	0.0031703524
ERR1777524	4	Homo sapiens	9.4127574e-07	0.0	4.4719724e-07	2.2160658e-07	1.5231889e-08	0.00031007433	0.00018880663	5.817417e-07	4.4354303e-05	0.00017021058	7.231454e-06	0.81080973	0.052552566	0.13586888	4.696885e-08	1.578905e-07	2.1752585e-07	2.0891646e-07	0.0	0.0	0.0	6.2552137e-09	4.4756067e-05	5.712257e-07
ERR1777525	4	Homo sapiens	1.0129088e-06	0.0	4.963289e-07	3.6602398e-07	1.667835e-08	0.00076394615	0.0012064523	5.864498e-07	5.316114e-05	0.00015505044	1.1354341e-05	0.43466535	0.51718247	0.04594628	2.4391165e-08	1.9247216e-07	2.578876e-07	2.5183235e-07	0.0	0.0	0.0	1.2008831e-08	1.1846689e-05	8.5868044e-07
ERR1777526	4	Homo sapiens	9.378491e-06	0.0	1.0784331e-05	1.4233323e-05	4.388418e-06	2.9679798e-06	6.746668e-06	6.58168e-06	0.00043202876	9.989977e-05	0.00025572142	0.986755	0.009506166	0.0026637525	5.5165583e-06	4.5174097e-06	4.314248e-06	5.5655637e-06	0.0	0.0	0.0	9.5135135e-07	3.853517e-05	0.00017292105
ERR1777527	4	Homo sapiens	1.2406713e-07	0.0	5.1696315e-08	3.290469e-08	1.885257e-09	0.00011577956	1.187848e-05	7.223522e-08	5.3724593e-06	1.7230816e-05	4.6628696e-07	0.9481949	0.04490541	0.006743827	2.8097848e-09	2.1347942e-08	2.82081e-08	2.8151756e-08	0.0	0.0	0.0	7.6835316e-10	4.664536e-06	1.0000283e-07
ERR1777528	4	Homo sapiens	8.254113e-07	0.0	4.624469e-07	3.48746e-07	7.3496493e-09	0.00043259063	5.954901e-05	5.704929e-07	4.4851382e-05	0.00010429884	5.7190164e-06	0.6523014	0.2642282	0.08280503	6.670027e-08	1.3995695e-07	1.8501498e-07	1.8903344e-07	0.0	0.0	0.0	1.8715173e-08	1.3792945e-05	1.7499411e-06
ERR1777529	4	Homo sapiens	1.07154186e-07	0.0	6.847547e-08	3.566424e-08	5.8720167e-09	5.6468842e-08	7.772228e-08	7.819029e-08	3.0630177e-05	7.9241645e-06	1.2647355e-05	0.9818755	0.014161711	0.0039105755	8.707389e-09	2.4926853e-08	2.8255839e-08	3.2077256e-08	0.0	0.0	0.0	2.7499364e-10	3.5682538e-07	1.7854511e-07
ERR1777530	4	Homo sapiens	1.0948711e-06	0.0	5.3162995e-07	4.1436948e-07	1.6189386e-08	0.0022970242	0.0022093744	6.3964535e-07	3.797388e-05	0.00016420151	7.828473e-06	0.4389559	0.50484854	0.05145568	2.655018e-08	2.0232115e-07	2.7614243e-07	2.6836315e-07	0.0	0.0	0.0	1.8023131e-08	1.9060128e-05	9.333973e-07
ERR1777531	4	Homo sapiens	4.2062236e-08	0.0	1.8320717e-08	1.0384231e-08	1.066251e-09	9.2404875e-08	3.8611685e-07	2.9735974e-08	9.014202e-06	7.724849e-06	2.2975314e-06	0.98212177	0.014723989	0.0031341917	7.397009e-10	8.694448e-09	1.0566726e-08	1.1153772e-08	0.0	0.0	0.0	7.026118e-11	3.8218266e-07	5.2422823e-08
ERR1777532	4	Homo sapiens	1.2821822e-07	0.0	9.961096e-08	3.9313985e-08	5.2216618e-09	2.4842246e-08	2.4284823e-08	1.0801342e-07	4.027268e-05	9.738949e-06	1.0580457e-05	0.9744597	0.014678164	0.010799472	1.7132894e-08	3.1945945e-08	3.2633043e-08	4.397455e-08	0.0	0.0	0.0	1.0131511e-09	2.849207e-07	1.2360263e-06
ERR1777533	4	Homo sapiens	7.204183e-08	0.0	2.627472e-08	1.8452067e-08	4.764933e-10	1.4981718e-07	1.3288164e-06	4.448344e-08	6.6261946e-06	1.04499595e-05	8.260658e-07	0.9816283	0.011785898	0.006565846	8.491664e-09	9.409629e-09	1.0605962e-08	1.2699775e-08	0.0	0.0	0.0	1.7134283e-10	3.008491e-07	7.5328e-08
ERR1777534	4	Homo sapiens	4.0410446e-06	0.0	2.9032653e-06	2.152687e-06	1.3186635e-06	2.2753777e-06	1.4453836e-06	2.5629195e-06	0.0004452232	8.758486e-05	0.0010126571	0.95569724	0.036550365	0.0061314795	2.8714837e-07	1.6753994e-06	1.6512893e-06	2.0581952e-06	0.0	0.0	0.0	5.1456706e-08	3.68042e-05	1.6202799e-05
ERR1777535	4	Homo sapiens	0.0003021231	0.0	0.0001982164	0.00060635194	0.00638211	0.00014495077	0.0005629205	0.00027018457	0.007851155	0.0002650897	0.030444069	0.94342566	0.00026275188	0.00025144857	0.00043088174	0.00025941373	0.00028448863	0.000291098	0.0	0.0	0.0	0.0003350164	0.00535655	0.0020755036
ERR1777536	4	Homo sapiens	2.1958903e-07	0.0	1.4882959e-07	6.383915e-08	6.1636136e-09	2.2942531e-06	9.710635e-07	1.5087217e-07	3.247368e-05	2.8904375e-05	1.727138e-05	0.91954195	0.06779217	0.012581507	1.28604025e-08	4.682193e-08	5.4838665e-08	6.286734e-08	0.0	0.0	0.0	4.77599e-10	1.3659904e-06	3.0921026e-07
ERR1777537	4	Homo sapiens	8.511523e-07	0.0	5.230927e-07	2.542314e-07	4.690789e-07	2.3198636e-07	3.7008104e-07	4.036648e-07	6.660971e-05	1.6641696e-05	9.99224e-05	0.9868282	0.011529641	0.0014477081	8.315967e-08	2.990878e-07	2.794394e-07	3.849326e-07	0.0	0.0	0.0	8.957152e-09	2.5346646e-06	4.5701618e-06
ERR1777538	4	Homo sapiens	0.00012381883	0.0	8.1823506e-05	0.00012470411	0.0017458971	5.661536e-05	0.00019078427	9.980482e-05	0.0031466347	0.00011925236	0.006575768	0.98426247	0.00015164408	0.00015671544	0.0002972344	9.804862e-05	0.00010115049	0.00010462503	0.0	0.0	0.0	0.00010773576	0.0014987793	0.000956499
ERR1777539	4	Homo sapiens	1.0693482e-07	0.0	5.0335377e-08	2.644691e-08	3.8339825e-09	1.7145804e-07	1.7492317e-06	7.400825e-08	2.532253e-05	1.3620391e-05	8.734874e-06	0.9551007	0.04023014	0.004618132	2.7614568e-09	2.4896266e-08	2.9468332e-08	3.204204e-08	0.0	0.0	0.0	2.3518312e-10	9.4303385e-07	1.453058e-07
ERR1777540	4	Homo sapiens	1.6290256e-06	0.0	8.02246e-07	5.279074e-07	2.304106e-08	0.0019393858	0.0016859452	9.981284e-07	5.910842e-05	0.00034989323	1.0600936e-05	0.7132422	0.10482081	0.17779748	3.9484597e-08	2.9713797e-07	4.1843361e-07	3.924518e-07	0.0	0.0	0.0	2.0955662e-08	8.83607e-05	1.1120093e-06
ERR1777541	4	Homo sapiens	3.903154e-05	0.0	3.6023568e-05	5.4901342e-05	0.00015241883	1.3427863e-05	6.9243135e-05	2.7485528e-05	0.00095206575	0.00018774947	0.0013163666	0.9948241	0.00033351406	0.0006176727	3.486536e-05	2.3763625e-05	2.4156185e-05	2.7342785e-05	0.0	0.0	0.0	9.660404e-06	0.001022927	0.00023324412
ERR1777542	4	Homo sapiens	6.1670517e-07	0.0	4.5371587e-07	9.465108e-08	3.4284643e-08	1.7541353e-07	2.4056322e-07	4.5976654e-07	0.0001270544	4.4112712e-05	0.0002563066	0.94638157	0.007239359	0.045944996	3.0355352e-07	1.485667e-07	1.6356306e-07	1.9530991e-07	0.0	0.0	0.0	1.2272987e-09	2.7405856e-06	9.601829e-07
ERR1777543	4	Homo sapiens	1.6161178e-07	0.0	8.074518e-08	4.7409333e-08	3.026802e-09	2.8780969e-05	2.2346954e-05	1.11349195e-07	1.02419635e-05	3.8879458e-05	1.5922384e-06	0.9680005	0.010407442	0.021488143	3.4130943e-09	3.0471625e-08	4.11457e-08	4.0805357e-08	0.0	0.0	0.0	9.931418e-10	1.4780668e-06	1.1564157e-07
ERR1777544	4	Homo sapiens	0.000766901	0.0	0.00055931316	0.0011534716	0.017663578	0.00039011723	0.0018215901	0.0007389937	0.034424115	0.0006793142	0.10467306	0.8088026	0.00072943163	0.0007665253	0.0012461615	0.0007482711	0.0007863868	0.0007853027	0.0	0.0	0.0	0.001054613	0.015376168	0.006834094
ERR1777545	4	Homo sapiens	1.1916108e-08	0.0	5.5083382e-09	1.9000286e-09	3.251921e-10	6.7348824e-09	3.794576e-08	9.64906e-09	2.5263348e-06	2.312044e-06	1.0820858e-06	0.9978128	0.0004015961	0.0017794822	7.242201e-10	2.4221711e-09	2.940294e-09	3.2351164e-09	0.0	0.0	0.0	9.68332e-12	1.0418053e-07	1.183e-08
ERR1777546	4	Homo sapiens	2.4286126e-07	0.0	1.3157072e-07	8.223248e-08	2.9248923e-09	5.225316e-05	0.0001035551	1.560183e-07	1.3549723e-05	4.0173298e-05	1.8205383e-06	0.88496727	0.10303023	0.011782403	6.1366285e-09	4.6761937e-08	6.165067e-08	6.1630125e-08	0.0	0.0	0.0	1.2620568e-09	7.762315e-06	1.9438959e-07
ERR1777547	4	Homo sapiens	5.999051e-05	0.0	4.403324e-05	7.0353926e-05	0.0002492438	2.0980397e-05	5.2824704e-05	4.0340343e-05	0.0015464548	0.00017172677	0.0011086032	0.99343187	0.00096138654	0.0008379176	0.00021290922	3.526686e-05	3.4758035e-05	3.928352e-05	0.0	0.0	0.0	1.5422002e-05	0.0004090955	0.00065751455
ERR1777548	4	Homo sapiens	1.3314141e-06	0.0	6.4122804e-07	6.804858e-07	1.688704e-08	0.0072354865	0.0013522106	7.503395e-07	4.180161e-05	0.00020684753	7.5977164e-06	0.3277121	0.6026776	0.060722537	3.7630738e-08	2.442573e-07	3.3542096e-07	3.200694e-07	0.0	0.0	0.0	2.8551838e-08	3.8440794e-05	1.0081671e-06
ERR1777549	4	Homo sapiens	5.7225616e-08	0.0	8.298875e-09	7.803577e-09	8.7589175e-10	1.1380985e-08	7.1946724e-09	3.6544577e-08	6.6365e-06	1.6737314e-06	3.2388511e-06	0.99809784	0.0015252597	0.00036481387	2.002791e-09	7.824455e-09	8.888875e-09	1.0514583e-08	0.0	0.0	0.0	5.2871676e-11	3.5951103e-07	4.322306e-08
ERR1777550	4	Homo sapiens	1.1626272e-06	0.0	5.541357e-07	4.1543467e-07	1.3662674e-08	0.0064777145	0.0014420623	6.5735367e-07	3.211802e-05	0.00017843967	5.067927e-06	0.4224522	0.51731056	0.05203789	3.055303e-08	2.1286128e-07	2.9217844e-07	2.7924668e-07	0.0	0.0	0.0	2.293971e-08	5.939033e-05	8.9332724e-07
ERR1777551	4	Homo sapiens	4.58508e-06	0.0	2.8648767e-06	1.3231444e-05	3.0007075e-05	2.8957322e-06	3.1911402e-06	8.37091e-06	0.00027407095	9.379972e-06	0.00040345255	0.9990625	7.946551e-06	1.3143973e-05	5.7157426e-06	1.2245391e-05	9.9300205e-06	1.0132008e-05	0.0	0.0	0.0	1.7088075e-06	0.000105198866	1.944536e-05
ERR1777552	4	Homo sapiens	1.3035442e-06	0.0	6.472702e-07	5.0335234e-07	1.7133845e-08	0.0043398943	0.0032431856	7.3640666e-07	4.0069826e-05	0.00020356935	8.361044e-06	0.30142418	0.62846047	0.062239297	2.7276164e-08	2.3813021e-07	3.2696772e-07	3.1225247e-07	0.0	0.0	0.0	2.2543041e-08	3.578148e-05	1.0757733e-06
ERR1777553	4	Homo sapiens	1.4211902e-07	0.0	5.349708e-08	3.376132e-08	2.2938498e-09	2.3832254e-05	1.7200437e-05	8.490747e-08	5.6261542e-06	1.8811626e-05	1.6177685e-06	0.9473632	0.04508826	0.0074783214	4.292511e-09	2.3834843e-08	3.1151153e-08	3.1275366e-08	0.0	0.0	0.0	8.805009e-10	2.5962158e-06	1.3058614e-07
ERR1777554	4	Homo sapiens	1.1771142e-06	0.0	5.5786364e-07	4.4845635e-07	1.6076388e-08	0.002753813	0.0021476669	6.5033174e-07	4.080894e-05	0.00018697753	8.937684e-06	0.36865887	0.57105863	0.055119187	2.6690323e-08	2.1106862e-07	2.881985e-07	2.7846443e-07	0.0	0.0	0.0	1.9075403e-08	2.046866e-05	9.492038e-07
ERR1777555	4	Homo sapiens	1.2781918e-07	0.0	6.851774e-08	1.2015207e-07	5.6328176e-08	7.8972896e-08	1.7626707e-08	9.402915e-08	1.2872682e-05	1.6163971e-06	1.7235732e-05	0.9996222	0.0002724985	7.198276e-05	1.1811651e-08	7.780797e-08	9.6248776e-08	1.513786e-07	0.0	0.0	0.0	7.9295664e-10	4.5100853e-07	1.9459272e-07
ERR1777556	4	Homo sapiens	1.489761e-06	0.0	7.521068e-07	5.904989e-07	1.4328011e-08	0.0083666155	0.0031944483	8.422526e-07	3.4672546e-05	0.00021835846	5.888324e-06	0.22483699	0.6949829	0.068099014	3.7480838e-08	2.7370095e-07	3.752988e-07	3.5750546e-07	0.0	0.0	0.0	2.6104148e-08	0.00025525247	1.1192093e-06
ERR1777557	4	Homo sapiens	2.3360888e-06	0.0	1.5188506e-06	1.1528182e-06	1.7547519e-06	2.884049e-06	1.5561731e-06	1.5258379e-06	6.113214e-05	1.7497183e-05	6.737693e-05	0.99880564	0.00043840316	0.00048943324	1.2628468e-06	9.205157e-07	1.0489944e-06	1.1405468e-06	0.0	0.0	0.0	8.847924e-08	9.7540884e-05	5.798664e-06
ERR1777558	4	Homo sapiens	1.5148892e-06	0.0	7.019857e-07	5.4276035e-07	1.6362401e-08	0.0096823145	0.0019379525	8.809016e-07	3.8779403e-05	0.00022727679	8.107841e-06	0.26768923	0.65185684	0.06839438	4.2238273e-08	2.769596e-07	3.8336802e-07	3.6210213e-07	0.0	0.0	0.0	2.8089735e-08	0.00015927071	1.1260217e-06
ERR1777559	4	Homo sapiens	0.00016944966	0.0	0.00010526033	9.407141e-05	0.00083457545	8.4517844e-05	6.263347e-05	0.00011114354	0.0040652654	0.0002860712	0.0095231505	0.9750989	0.0014224	0.0021819775	0.0010320976	8.631323e-05	8.6813896e-05	9.937043e-05	0.0	0.0	0.0	3.7322854e-05	0.003952079	0.00066658144
ERR1777560	4	Homo sapiens	1.4356629e-06	0.0	6.859383e-07	5.263577e-07	1.5328476e-08	0.010846249	0.002374475	8.1200443e-07	3.6576064e-05	0.0002091402	6.716928e-06	0.24762675	0.6737016	0.065061696	3.7462655e-08	2.6325972e-07	3.6163016e-07	3.4353906e-07	0.0	0.0	0.0	2.6975583e-08	0.00013124	1.0630553e-06
ERR1777561	4	Homo sapiens	1.6280443e-05	0.0	1.875727e-05	9.636415e-06	2.0098829e-05	4.0057735e-06	3.5690782e-06	1.3471098e-05	0.0013071912	9.2781855e-05	0.00081713585	0.99112594	0.0021979427	0.0040512057	2.775767e-05	8.570724e-06	8.3949e-06	1.0314107e-05	0.0	0.0	0.0	3.163041e-06	0.00014921148	0.00011457069
ERR1777562	4	Homo sapiens	1.2218288e-06	0.0	5.968493e-07	4.6938985e-07	1.5006309e-08	0.0067336615	0.0015506926	6.9433935e-07	3.5331308e-05	0.00018867679	5.879572e-06	0.34887478	0.5856224	0.05692759	2.7991716e-08	2.2423372e-07	3.070461e-07	2.9361146e-07	0.0	0.0	0.0	2.2145503e-08	5.6175064e-05	9.651085e-07
ERR1777563	4	Homo sapiens	1.675967e-07	0.0	8.256705e-08	3.0883154e-08	9.844416e-09	6.3138066e-07	1.5611259e-07	1.00228476e-07	2.902157e-05	1.1206084e-05	1.882847e-05	0.9871293	0.009717971	0.0030907213	5.579331e-09	3.5477985e-08	4.2083084e-08	4.9172034e-08	0.0	0.0	0.0	4.120263e-10	1.470387e-06	2.1233483e-07
ERR1777564	4	Homo sapiens	1.1881829e-06	0.0	5.402921e-07	4.095641e-07	1.3152206e-08	0.0065245493	0.0018109877	6.535178e-07	3.037822e-05	0.00017498956	5.7262073e-06	0.36211643	0.5752188	0.054059498	3.1063774e-08	2.120693e-07	2.9563188e-07	2.79358e-07	0.0	0.0	0.0	2.3652277e-08	5.4117292e-05	9.0208795e-07
ERR1777565	4	Homo sapiens	2.0474728e-07	0.0	9.1621814e-08	5.105666e-08	2.8314984e-09	0.00031035233	5.1427174e-05	1.1491708e-07	6.5166287e-06	2.4530113e-05	9.611686e-07	0.92320204	0.06768635	0.008712054	5.665628e-09	3.372796e-08	4.5513428e-08	4.5448367e-08	0.0	0.0	0.0	1.5609607e-09	4.989338e-06	1.6603823e-07
ERR1777566	4	Homo sapiens	1.0476302e-06	0.0	5.272904e-07	4.1346186e-07	1.6729235e-08	0.0024318122	0.0012317569	6.053469e-07	4.5019333e-05	0.00017707418	9.556262e-06	0.42816326	0.51532394	0.052604135	1.9574369e-08	1.9307151e-07	2.6320853e-07	2.5445823e-07	0.0	0.0	0.0	1.7360437e-08	9.22319e-06	8.705102e-07
ERR1777567	4	Homo sapiens	2.7902317e-07	0.0	2.3559873e-07	5.7501854e-08	5.6654457e-08	1.4632765e-07	9.8398516e-08	2.2285563e-07	3.468692e-05	5.384367e-06	2.212688e-05	0.99535686	0.003937202	0.00064009347	3.160412e-08	8.5913975e-08	9.03793e-08	1.0760543e-07	0.0	0.0	0.0	1.0484434e-09	1.3279687e-06	8.817885e-07
ERR1777568	4	Homo sapiens	1.3051151e-06	0.0	6.390199e-07	4.882207e-07	1.4763303e-08	0.0067537213	0.0016968556	7.4725426e-07	3.8550384e-05	0.00019195976	6.311839e-06	0.35007748	0.57678866	0.06438079	3.6056576e-08	2.3813098e-07	3.2970186e-07	3.1240262e-07	0.0	0.0	0.0	3.1272247e-08	6.0587823e-05	9.762268e-07
ERR1777569	4	Homo sapiens	4.3434555e-22	0.0	8.18594e-28	1.7180887e-13	3.3391683e-25	9.71443e-29	1.9986292e-27	1.1084707e-16	8.6563265e-13	5.015513e-24	1.9955567e-12	0.99999994	1.3994598e-30	4.3674232e-27	1.8032601e-25	2.6669864e-12	2.021454e-12	4.6321063e-08	0.0	0.0	0.0	3.0691718e-24	2.722295e-26	1.3766706e-26
ERR3609652	4	Papio hamadryas	0.00010678661	0.0	0.00045337024	0.00055236893	5.567891e-05	2.9443263e-06	9.60584e-06	7.915629e-05	0.004146433	9.716727e-05	6.1141145e-05	0.79790634	0.0007768912	0.05198913	0.13954337	2.8092983e-05	2.5551059e-05	4.4013337e-05	0.0	0.0	0.0	0.00029581168	7.159159e-05	0.003754554
ERR3609653	4	Papio anubis	1.8906329e-06	0.0	4.3736877e-06	1.0967853e-05	3.7843037e-08	1.4519656e-08	3.711653e-08	2.5726895e-06	8.081075e-05	2.2319644e-05	2.6757791e-06	0.85301363	0.0041739647	0.14247122	0.00019781441	4.277356e-07	2.507801e-07	5.423055e-07	0.0	0.0	0.0	1.7183388e-07	3.7082205e-07	1.5907995e-05
ERR3609654	4	Papio anubis	4.409889e-05	0.0	0.00010938966	0.00077692425	1.4622113e-05	2.787971e-07	3.5734151e-06	4.367902e-05	0.00038765272	4.616651e-05	1.4240947e-05	0.90617377	0.0025013406	0.036141306	0.052451804	2.9579101e-05	1.0076343e-05	4.0348805e-05	0.0	0.0	0.0	8.268829e-05	3.984182e-05	0.0010886256
ERR3609655	4	Papio hamadryas	0.00037572088	0.0	0.0020563751	0.003786479	0.00012375214	5.5120217e-06	1.7553672e-05	0.00026611338	0.010746963	0.0012898651	0.0006618524	0.3018394	0.011448656	0.3858674	0.2712997	9.587199e-05	7.9964375e-05	0.00022394	0.0	0.0	0.0	0.00069658266	0.0012549622	0.007863359
ERR3609656	4	Papio hamadryas	0.00014901528	0.0	0.0003771334	0.0007513016	7.3662275e-05	7.18688e-07	6.0901025e-06	0.00023291793	0.002270044	0.00042515964	9.418658e-05	0.37013677	0.004090022	0.2642713	0.34995258	4.026169e-05	2.2770215e-05	6.125738e-05	0.0	0.0	0.0	0.00025620376	0.00023403403	0.0065545836
ERR3609657	4	Papio anubis	2.9096096e-05	0.0	5.7050704e-05	8.5401254e-05	1.6873195e-06	4.493723e-07	4.2839565e-07	3.5663914e-05	0.0039781323	0.000177111	0.0003590363	0.6478729	0.015477026	0.32834214	0.0032320942	9.827233e-06	5.5840624e-06	1.2292145e-05	0.0	0.0	0.0	1.1444928e-05	1.7870614e-06	0.00031085542
ERR3609658	4	Papio anubis	6.0615548e-05	0.0	0.0001396446	0.00048270097	9.285708e-05	1.0412823e-06	1.8992102e-06	7.953334e-05	0.001188879	6.712641e-05	5.2359115e-05	0.94659567	0.00050683535	0.011782499	0.036836635	6.462261e-05	2.1925709e-05	8.504759e-05	0.0	0.0	0.0	0.00026739744	2.6972728e-05	0.0016457402
ERR3609659	4	Papio sp.	3.0307703e-05	0.0	8.826047e-05	0.00027302542	0.00016398601	1.3701338e-05	0.00026837195	3.9545568e-05	0.0007089091	0.00020825736	0.00037587277	0.9963629	0.0005702645	0.000440479	2.8328002e-05	5.5477023e-05	1.2861514e-05	7.214507e-05	0.0	0.0	0.0	1.5028172e-05	4.9886185e-05	0.00022238499
ERR3609660	4	Papio hamadryas	2.2464896e-22	0.0	2.1945662e-35	9.246458e-14	6.0386816e-28	6.272453e-37	1.2414106e-35	4.612534e-16	1.9891536e-12	6.281301e-26	3.0696436e-05	0.01228008	2.0805087e-22	1.1872444e-34	1.1431428e-30	0.015409778	0.00023108858	0.97204834	0.0	0.0	0.0	5.526068e-29	1.5683824e-33	1.5638327e-33
ERR3609661	4	Papio hamadryas	0.0	0.0	0.0	0.0	0.0	0.0	0.0	0.0	0.0	0.0	0.0	1.0	0.0	0.0	0.0	4.7962e-41	1e-45	2.1220887e-30	0.0	0.0	0.0	0.0	0.0	0.0
ERR4596443	4	Homo sapiens	1.1e-44	0.0	0.0	1.3596059e-36	0.0	0.0	0.0	3.751e-42	7.566e-42	0.0	3.0534e-40	1.0	3e-45	0.0	0.0	2.0012867e-35	2.966821e-37	1.5873381e-30	0.0	0.0	0.0	0.0	0.0	0.0
ERR4596813	4	Homo sapiens	4.769342e-39	0.0	2.829e-42	8.3241504e-32	2.7448498e-37	4.062e-42	3.1381e-40	2.3249414e-35	2.547216e-36	3.765e-42	3.3982048e-37	1.0	1.067711e-38	1.3234e-41	4.25684e-40	1.5770573e-32	9.9202075e-37	2.4636073e-24	0.0	0.0	0.0	3.39554e-40	1.8124e-41	1.7e-42
ERR4596815	4	Homo sapiens	6.1036975e-29	0.0	2.0623545e-33	4.9197326e-26	2.64127e-27	1.8278821e-32	1.6234389e-31	3.9087516e-26	1.4724513e-32	3.488318e-32	6.091313e-30	1.0	5.0532056e-33	1.650727e-32	1.4246687e-30	4.2108e-24	6.515178e-30	5.241111e-18	0.0	0.0	0.0	5.0813254e-29	4.8637727e-32	1.3120533e-31
ERR4596816	4	Homo sapiens	1e-45	0.0	0.0	5.842e-42	0.0	0.0	0.0	4.44e-42	0.0	0.0	0.0	1.0	0.0	0.0	0.0	4.603393e-39	0.0	1.0260302e-31	0.0	0.0	0.0	0.0	0.0	0.0
ERR4596817	4	Homo sapiens	5.7e-44	0.0	0.0	1.1258697e-36	0.0	0.0	0.0	4.311973e-39	0.0	0.0	3.17e-43	1.0	0.0	0.0	0.0	3.7947776e-35	1.735e-42	4.4100565e-30	0.0	0.0	0.0	0.0	0.0	0.0
ERR4596818	4	Homo sapiens	0.0	0.0	0.0	2.51e-43	0.0	0.0	0.0	0.0	0.0	0.0	0.0	1.0	0.0	0.0	0.0	1.19997e-40	0.0	1.49103e-33	0.0	0.0	0.0	0.0	0.0	0.0
ERR4596819	4	Homo sapiens	5.886335e-27	0.0	4.2971433e-31	1.2434348e-24	5.6207734e-27	1.6460225e-30	5.16244e-29	3.0022434e-26	5.764637e-26	3.036678e-29	1.0541236e-27	1.0	5.5500035e-29	1.506219e-29	1.9696206e-25	1.7292545e-24	8.7339715e-26	1.4072535e-22	0.0	0.0	0.0	9.43721e-28	3.3397172e-29	3.5351836e-31
ERR4596820	4	Homo sapiens	0.0	0.0	0.0	2.378e-42	0.0	0.0	0.0	2.328e-42	0.0	0.0	0.0	1.0	0.0	0.0	0.0	6.46758e-40	0.0	8.634847e-30	0.0	0.0	0.0	0.0	0.0	0.0
ERR4596822	4	Homo sapiens	5.35401e-22	0.0	9.81654e-36	1.6488556e-22	1.6494962e-27	9.282202e-37	3.105339e-35	4.7070945e-19	3.3787737e-24	1.5584192e-29	6.2537306e-26	1.0	1.0147444e-31	4.9858533e-34	1.7029228e-28	2.2102295e-28	3.0381593e-29	3.8100055e-20	0.0	0.0	0.0	8.5427277e-32	1.7902797e-34	2.5228292e-30
ERR4596823	4	Homo sapiens	5.6373116e-35	0.0	0.0	2.0895228e-31	4.126343e-39	0.0	0.0	2.1373906e-29	1.6722924e-35	1.66739e-40	3.580151e-37	1.0	1.24844e-40	4.15e-43	9.39282e-40	6.4825384e-33	5.2758007e-36	2.4947156e-24	0.0	0.0	0.0	3.19354e-39	1e-45	3.1e-44
ERR4596824	4	Homo sapiens	6.99e-43	0.0	0.0	7.126871e-33	0.0	0.0	0.0	4.86007e-40	7.600158e-36	0.0	4.5073842e-33	1.0	2.33909e-40	0.0	0.0	7.73107e-29	1.8800693e-28	1.0541767e-23	0.0	0.0	0.0	0.0	0.0	0.0
ERR4596825	4	Homo sapiens	1.7254021e-11	0.0	1.0880532e-18	4.6765395e-12	2.9691202e-14	4.6022137e-19	7.579799e-18	2.4474842e-09	6.080049e-12	5.327077e-15	6.76938e-13	1.0	3.2471658e-15	7.33997e-18	6.1613914e-15	6.5168055e-15	1.958223e-15	8.4998476e-14	0.0	0.0	0.0	3.3971688e-15	2.177536e-17	1.4433048e-13
ERR4596826	4	Homo sapiens	3.18e-43	0.0	0.0	8.375869e-37	0.0	0.0	0.0	3.8130427e-38	1.21731e-40	0.0	2.877471e-39	1.0	5.29911e-40	0.0	0.0	1.755288e-33	1.757292e-33	9.331447e-26	0.0	0.0	0.0	0.0	0.0	0.0
ERR4596828	4	Homo sapiens	2.24391e-40	0.0	0.0	6.548458e-37	1e-45	0.0	0.0	1.1011142e-33	5.489e-42	0.0	6.5e-43	1.0	2.56e-43	0.0	0.0	1.9648e-40	0.0	1.6830801e-30	0.0	0.0	0.0	0.0	0.0	0.0
ERR5670952	4	Homo sapiens	0.0	0.0	0.0	0.0	0.0	0.0	0.0	0.0	0.0	0.0	0.0	1.0	0.0	0.0	0.0	0.0	0.0	0.0	0.0	0.0	0.0	0.0	0.0	0.0
ERR5670953	4	Homo sapiens	0.0	0.0	0.0	0.0	0.0	0.0	0.0	0.0	0.0	0.0	0.0	1.0	0.0	0.0	0.0	0.0	0.0	0.0	0.0	0.0	0.0	0.0	0.0	0.0
ERR5670954	4	Homo sapiens	0.0	0.0	0.0	0.0	0.0	0.0	0.0	0.0	0.0	0.0	0.0	1.0	0.0	0.0	0.0	0.0	0.0	0.0	0.0	0.0	0.0	0.0	0.0	0.0
ERR5670955	4	Homo sapiens	0.0	0.0	0.0	0.0	0.0	0.0	0.0	0.0	0.0	0.0	0.0	1.0	0.0	0.0	0.0	0.0	0.0	4.34e-43	0.0	0.0	0.0	0.0	0.0	0.0
ERR5670956	4	Homo sapiens	0.0	0.0	0.0	0.0	0.0	0.0	0.0	0.0	0.0	0.0	0.0	1.0	0.0	0.0	0.0	0.0	0.0	1.506e-42	0.0	0.0	0.0	0.0	0.0	0.0
ERR5670957	4	Homo sapiens	0.0	0.0	0.0	0.0	0.0	0.0	0.0	0.0	0.0	0.0	0.0	1.0	0.0	0.0	0.0	0.0	0.0	1.862e-42	0.0	0.0	0.0	0.0	0.0	0.0
ERR5670958	4	Homo sapiens	0.0	0.0	0.0	0.0	0.0	0.0	0.0	0.0	0.0	0.0	0.0	1.0	0.0	0.0	0.0	0.0	0.0	0.0	0.0	0.0	0.0	0.0	0.0	0.0
ERR5670959	4	Homo sapiens	0.0	0.0	0.0	0.0	0.0	0.0	0.0	0.0	0.0	0.0	0.0	1.0	0.0	0.0	0.0	0.0	0.0	5.24e-43	0.0	0.0	0.0	0.0	0.0	0.0
ERR5670960	4	Homo sapiens	0.0	0.0	0.0	0.0	0.0	0.0	0.0	0.0	0.0	0.0	0.0	1.0	0.0	0.0	0.0	1e-45	0.0	3.5878122e-35	0.0	0.0	0.0	0.0	0.0	0.0
ERR5670961	4	Homo sapiens	0.0	0.0	0.0	0.0	0.0	0.0	0.0	0.0	0.0	0.0	0.0	1.0	0.0	0.0	0.0	0.0	0.0	3.98409e-40	0.0	0.0	0.0	0.0	0.0	0.0
ERR5670962	4	Homo sapiens	0.0	0.0	0.0	0.0	0.0	0.0	0.0	0.0	0.0	0.0	0.0	1.0	0.0	0.0	0.0	0.0	0.0	0.0	0.0	0.0	0.0	0.0	0.0	0.0
ERR5670963	4	Homo sapiens	0.0	0.0	0.0	0.0	0.0	0.0	0.0	0.0	0.0	0.0	0.0	1.0	0.0	0.0	0.0	0.0	0.0	0.0	0.0	0.0	0.0	0.0	0.0	0.0
ERR5670964	4	Homo sapiens	0.0	0.0	0.0	0.0	0.0	0.0	0.0	0.0	0.0	0.0	0.0	1.0	0.0	0.0	0.0	0.0	0.0	3e-45	0.0	0.0	0.0	0.0	0.0	0.0
ERR5670965	4	Homo sapiens	0.0	0.0	0.0	0.0	0.0	0.0	0.0	0.0	0.0	0.0	0.0	1.0	0.0	0.0	0.0	0.0	0.0	0.0	0.0	0.0	0.0	0.0	0.0	0.0
ERR5670966	4	Homo sapiens	0.0	0.0	0.0	0.0	0.0	0.0	0.0	0.0	0.0	0.0	0.0	1.0	0.0	0.0	0.0	0.0	0.0	0.0	0.0	0.0	0.0	0.0	0.0	0.0
ERR5670967	4	Homo sapiens	0.0	0.0	0.0	0.0	0.0	0.0	0.0	0.0	0.0	0.0	0.0	1.0	0.0	0.0	0.0	0.0	0.0	0.0	0.0	0.0	0.0	0.0	0.0	0.0
ERR5670968	4	Homo sapiens	5.621816e-20	0.0	3.2590938e-24	1.7681743e-17	2.8144754e-21	1.1220899e-24	4.7287924e-24	7.177715e-18	6.9358453e-18	8.80317e-22	2.6128614e-17	1.0	3.9345643e-22	4.2090633e-23	2.1942968e-22	3.82769e-17	2.3889665e-18	5.6379234e-13	0.0	0.0	0.0	5.579718e-23	1.1735747e-23	5.0530283e-23
ERR5670969	4	Homo sapiens	0.0	0.0	0.0	0.0	0.0	0.0	0.0	0.0	0.0	0.0	0.0	1.0	0.0	0.0	0.0	3e-45	0.0	1.2308223e-33	0.0	0.0	0.0	0.0	0.0	0.0
ERR5670970	4	Homo sapiens	0.0	0.0	0.0	1.37288e-40	0.0	0.0	0.0	3.4e-44	1.7e-44	0.0	6e-45	1.0	0.0	0.0	0.0	1.364629e-39	1.246605e-39	7.5878188e-28	0.0	0.0	0.0	0.0	0.0	0.0
ERR5670971	4	Homo sapiens	0.0	0.0	0.0	0.0	0.0	0.0	0.0	0.0	0.0	0.0	0.0	1.0	0.0	0.0	0.0	0.0	0.0	5.049e-42	0.0	0.0	0.0	0.0	0.0	0.0
ERR5766165	4	Homo sapiens	0.0003574697	0.0	0.0019001774	0.020895945	0.11470832	0.00023982293	0.00076138787	0.0002565287	0.0033039954	0.0028034807	0.003959785	0.8315754	0.001281202	0.00034137315	0.00026089678	0.00026340105	0.0002311345	0.0007050136	0.0	0.0	0.0	9.5719115e-05	0.015418814	0.0006401142
ERR5766166	4	Homo sapiens	3.3177548e-07	0.0	5.059487e-05	2.2627302e-05	0.00039905898	1.2985558e-08	1.6996852e-07	2.6839152e-07	1.6781508e-08	5.2207283e-06	3.9069672e-08	0.9994974	1.2963933e-05	4.389544e-06	1.8320996e-07	7.3387135e-08	4.438388e-08	2.6907185e-07	0.0	0.0	0.0	3.3682735e-08	6.150482e-06	1.1448597e-07
ERR5766167	4	Homo sapiens	4.593514e-07	0.0	8.709978e-05	4.181236e-05	0.00017754908	2.68147e-08	3.6693962e-07	2.525843e-07	1.0134388e-08	9.017968e-06	5.923534e-08	0.9996074	5.8978363e-05	1.34118445e-05	2.06507e-07	7.591439e-08	4.1584585e-08	3.0336358e-07	0.0	0.0	0.0	1.5314787e-07	2.7208166e-06	5.8995667e-08
ERR5766168	4	Homo sapiens	5.3594367e-06	0.0	2.3899574e-06	1.3543905e-05	0.6196639	1.0156401e-06	2.9792143e-06	6.6190237e-06	3.8062546e-05	1.953788e-06	0.0002751042	0.37989125	1.941892e-06	3.388294e-06	8.430378e-06	4.080201e-06	4.7644567e-06	6.67421e-06	0.0	0.0	0.0	1.1855625e-05	9.824067e-06	4.6887224e-05
ERR5766169	4	Homo sapiens	2.1678645e-08	0.0	3.0017407e-06	7.1557685e-07	0.00018078224	2.02845e-09	1.5866306e-09	1.4093431e-08	1.1230843e-09	1.1173205e-07	4.267231e-09	0.9998149	9.554622e-08	6.725817e-08	8.0731555e-09	4.056112e-09	3.4486083e-09	2.1300332e-08	0.0	0.0	0.0	1.3005555e-07	8.7313126e-08	2.270569e-09
ERR5766170	4	Homo sapiens	4.0279765e-06	0.0	2.6533291e-06	2.9441424e-05	0.08427578	4.6334048e-07	2.704992e-06	5.430591e-06	3.553135e-05	1.2123224e-06	0.00023318797	0.91535157	1.535513e-06	2.7454998e-06	5.842269e-06	3.079979e-06	3.5730754e-06	4.8676284e-06	0.0	0.0	0.0	6.529389e-06	6.600613e-06	2.3249348e-05
ERR5766171	4	Homo sapiens	2.6974537e-06	0.0	9.3712237e-07	5.977685e-06	0.78772396	3.3146716e-07	2.0098203e-06	3.6657573e-06	4.3550102e-05	2.6270453e-07	0.00013455159	0.21204372	7.467998e-07	1.5699088e-06	5.624185e-06	2.368737e-06	2.672014e-06	2.8152954e-06	0.0	0.0	0.0	4.6162845e-06	3.8839444e-06	1.4053753e-05
ERR5766172	4	Homo sapiens	9.523314e-09	0.0	6.101633e-08	7.523985e-07	0.0010428374	3.4339333e-11	2.166212e-09	1.5220337e-08	9.043223e-10	8.01457e-10	1.565609e-09	0.9989562	2.2302393e-08	8.584221e-08	5.382834e-09	1.4101237e-09	1.0934309e-09	2.378594e-09	0.0	0.0	0.0	1.0721929e-09	1.3262884e-09	5.352398e-09
ERR5766173	4	Homo sapiens	7.449187e-08	0.0	4.496602e-07	7.968859e-06	0.0079630865	2.6449484e-10	7.3336217e-09	1.5262927e-07	7.057662e-09	9.437046e-09	2.035092e-08	0.9920274	2.6619017e-07	4.2683996e-07	3.156962e-08	1.1057272e-08	8.299213e-09	2.0071997e-08	0.0	0.0	0.0	1.4922781e-08	2.6671186e-08	3.7957665e-08
ERR5766174	4	Homo sapiens	1.085892e-05	0.0	4.9292316e-06	2.938511e-05	0.66090065	2.0540615e-06	9.347067e-06	1.3749942e-05	0.00021619661	1.7790778e-06	0.00076695776	0.33786678	3.1253815e-06	7.009458e-06	2.3726752e-05	9.827122e-06	1.0886319e-05	1.2090758e-05	0.0	0.0	0.0	2.0857313e-05	1.2666732e-05	7.709556e-05
ERR5766175	4	Homo sapiens	1.2920502e-05	0.0	5.7725324e-06	2.0898367e-05	0.2451706	1.5775183e-06	1.4956364e-05	1.6170616e-05	0.00022279406	1.7762499e-06	0.0008068444	0.7534682	3.850835e-06	8.1574335e-06	3.2346306e-05	1.1438002e-05	1.2621734e-05	1.2514822e-05	0.0	0.0	0.0	2.916308e-05	3.076943e-05	0.00011663223
ERR5766176	4	Homo sapiens	2.269552e-06	0.0	5.369478e-07	2.2766797e-06	0.9406797	1.0542833e-06	8.042232e-07	6.0934567e-06	1.4282862e-05	3.6729338e-07	3.880123e-05	0.05921768	1.2450649e-06	2.3325488e-06	2.9729536e-06	2.1542412e-06	1.8984299e-06	2.2461966e-06	0.0	0.0	0.0	2.632988e-06	6.5691283e-06	1.406679e-05
ERR5766177	4	Homo sapiens	3.116795e-10	0.0	1.3809383e-10	1.5361946e-10	3.350848e-07	1.1369282e-10	1.3585871e-10	1.8454186e-09	8.4273546e-11	1.2137209e-08	7.306962e-11	0.9999922	5.796276e-06	1.6789745e-06	4.4427712e-12	1.5012847e-11	1.1956935e-11	5.201363e-11	0.0	0.0	0.0	1.1211325e-12	2.4822172e-10	6.757799e-11
ERR5766178	4	Homo sapiens	1.0901272e-09	0.0	3.2331762e-10	1.5494807e-09	1.0654167e-06	8.6919205e-10	6.837037e-10	2.927033e-09	1.5202876e-10	1.1859404e-08	7.982582e-11	0.9999651	3.0292029e-05	3.556824e-06	3.003329e-11	4.167653e-11	3.1601482e-11	1.2478553e-10	0.0	0.0	0.0	6.7783604e-12	1.498631e-09	1.1720444e-10
ERR5766179	4	Homo sapiens	2.1024723e-06	0.0	6.1964e-07	2.3201578e-06	0.52040815	2.3238552e-07	5.708894e-07	4.6048167e-06	1.48866175e-05	5.0486443e-07	2.7961438e-05	0.47950104	1.6477052e-06	2.664603e-06	1.8345468e-06	1.863517e-06	1.6689241e-06	1.9659801e-06	0.0	0.0	0.0	2.5774925e-06	2.9828382e-06	1.9813235e-05
ERR5766180	4	Homo sapiens	3.5479792e-05	0.0	1.4368952e-05	4.5796613e-05	0.9175513	9.234434e-06	2.8560691e-05	6.335123e-05	0.00062306173	1.0879406e-05	0.0027397412	0.07829441	1.5367867e-05	3.2033713e-05	4.5923272e-05	3.5632034e-05	3.3894255e-05	3.4748366e-05	0.0	0.0	0.0	5.7532223e-05	0.00010643658	0.00022227083
ERR5766181	4	Homo sapiens	2.347866e-05	0.0	8.721906e-06	4.072003e-05	0.9490384	5.8641704e-06	1.6321554e-05	4.9357874e-05	0.00047084072	5.1056445e-06	0.0022477768	0.047679212	1.312017e-05	1.8551344e-05	2.1481135e-05	2.3217768e-05	2.1862897e-05	2.3484066e-05	0.0	0.0	0.0	3.2313037e-05	4.221883e-05	0.0002179879
ERR5766182	4	Homo sapiens	1.1084335e-09	0.0	4.820457e-10	4.9213544e-10	4.5745555e-06	3.21153e-11	7.7007845e-11	3.5464907e-09	9.730583e-10	8.312966e-09	5.073275e-10	0.9999878	5.5874825e-06	2.0621587e-06	4.266668e-11	1.0161964e-10	7.9072034e-11	2.4182206e-10	0.0	0.0	0.0	1.0619674e-11	4.533472e-09	8.5014973e-10
ERR5766183	4	Homo sapiens	1.9630424e-09	0.0	2.9093267e-10	3.8046655e-10	3.3792658e-05	1.3905371e-10	1.5948207e-10	7.625628e-09	6.7351738e-09	5.1209796e-09	9.468795e-09	0.99996275	2.5472289e-06	8.807779e-07	1.9362391e-10	3.4320685e-10	2.4395477e-10	6.7957834e-10	0.0	0.0	0.0	4.6595797e-11	5.171249e-10	1.8015056e-09
ERR6178850	4	Homo sapiens	1.8e-44	0.0	0.0	3.0020326e-35	0.0	0.0	0.0	2.448267e-39	4.3872922e-35	0.0	4.0069446e-32	1.0	0.0	0.0	0.0	3.757051e-29	6.5708106e-32	3.7633158e-24	0.0	0.0	0.0	0.0	0.0	0.0
ERR6178851	4	Homo sapiens	7.448283e-25	0.0	9.969318e-31	4.672087e-20	1.5054018e-26	4.1314724e-31	1.5963682e-30	9.529698e-23	5.921088e-20	6.1457244e-26	4.586385e-18	1.0	8.831874e-28	2.5052935e-30	2.4280745e-28	1.5138747e-17	3.8359136e-19	2.571701e-15	0.0	0.0	0.0	8.524569e-27	1.15363986e-29	2.5006248e-30
ERR6178852	4	Homo sapiens	2.2799735e-24	0.0	9.980814e-35	2.2487075e-18	1.258274e-30	1.5311778e-35	1.008064e-34	1.8812125e-21	1.6654022e-16	8.760675e-28	5.403579e-14	1.0	1.326074e-29	3.2493449e-34	6.005319e-31	3.955218e-16	3.8930048e-17	3.309261e-12	0.0	0.0	0.0	4.8931677e-30	1.4888846e-33	5.7702443e-33
ERR6178853	4	Homo sapiens	1.104095e-09	0.0	3.981593e-13	1.0283025e-07	1.153783e-10	2.0637394e-13	3.6129243e-13	8.056079e-09	6.567717e-06	4.1197077e-11	3.0825762e-05	0.99995446	8.0204645e-12	6.860181e-13	1.579479e-11	5.3631834e-07	1.3635697e-07	7.3603837e-06	0.0	0.0	0.0	3.0976655e-11	2.144803e-12	8.933304e-12
ERR6178854	4	Homo sapiens	0.0	0.0	0.0	2.432e-41	0.0	0.0	0.0	2.5e-44	4e-45	0.0	2.83e-42	1.0	0.0	0.0	0.0	4.1124457e-33	1.816e-42	2.0164514e-25	0.0	0.0	0.0	0.0	0.0	0.0
ERR6178855	4	Homo sapiens	3.8835262e-36	0.0	3e-45	2.7322016e-26	5.282845e-39	0.0	6e-45	8.614386e-33	1.3274683e-20	4.27e-42	1.1619986e-21	0.99999934	1.3278366e-25	1.7e-44	4.1194e-41	2.5988176e-22	1.0629252e-17	6.5482715e-07	0.0	0.0	0.0	2.57163e-40	2e-44	3.9e-44
ERR6178856	4	Homo sapiens	0.0	0.0	0.0	6e-45	0.0	0.0	0.0	0.0	1.2686e-41	0.0	1.044646e-39	1.0	1.7e-43	0.0	0.0	4.437438e-34	1.215109e-34	7.413043e-22	0.0	0.0	0.0	0.0	0.0	0.0
ERR6178857	4	Homo sapiens	2.1298876e-24	0.0	1.5794582e-29	4.657997e-20	2.3508112e-26	5.9853212e-30	1.7433602e-29	5.0202234e-23	2.0198055e-16	1.0395733e-26	1.2961535e-16	1.0	2.9429568e-18	2.6050327e-29	2.4911478e-27	1.2008774e-14	2.6692196e-15	3.0569987e-09	0.0	0.0	0.0	1.246144e-25	1.5360933e-28	5.261227e-29
ERR6178858	4	Homo sapiens	0.0	0.0	0.0	0.0	0.0	0.0	0.0	0.0	0.0	0.0	0.0	1.0	0.0	0.0	0.0	0.0	0.0	2.759177e-38	0.0	0.0	0.0	0.0	0.0	0.0
ERR6178859	4	Homo sapiens	3.2842764e-20	0.0	3.1632793e-27	9.368446e-17	1.700276e-23	1.0579172e-27	4.082204e-27	2.6500826e-18	6.4266123e-18	2.0489742e-21	9.066466e-15	1.0	3.001956e-21	6.8108694e-27	1.9172953e-24	5.593522e-13	2.4717856e-16	3.517099e-12	0.0	0.0	0.0	8.614568e-23	5.396771e-26	4.5298055e-25
ERR6178860	4	Homo sapiens	3.4032946e-05	0.0	3.8849056e-11	2.4544217e-06	1.3113089e-06	9.499878e-12	3.681875e-11	0.0022800257	3.8406984e-07	2.5980318e-10	2.177626e-07	0.9976788	7.714139e-10	1.4879621e-10	4.4264304e-08	6.6163355e-09	1.6657724e-09	4.986547e-09	0.0	0.0	0.0	1.2723209e-09	3.087347e-10	2.67289e-06
ERR6178861	4	Homo sapiens	1.5361566e-08	0.0	1.5238292e-16	2.5320877e-09	1.7225978e-10	2.7020905e-17	1.8096991e-16	3.6402296e-06	3.6503027e-12	5.626561e-15	3.0339224e-11	0.99999636	2.1261018e-14	9.176763e-16	3.886911e-12	1.4501807e-12	4.5480607e-14	8.2793305e-13	0.0	0.0	0.0	8.6499445e-15	1.7716524e-15	3.9701485e-11
ERR6178862	4	Homo sapiens	3.0769225e-31	0.0	0.0	1.8682584e-26	6.95e-42	0.0	0.0	4.335364e-27	3.2919441e-28	4.3229893e-34	5.999105e-24	1.0	2.4481315e-38	0.0	6.4e-43	1.0618288e-21	1.3056446e-26	3.3570396e-22	0.0	0.0	0.0	2.5974e-41	0.0	1e-45
ERR6178863	4	Homo sapiens	6.129861e-09	0.0	8.365297e-15	1.7992097e-07	3.498591e-11	3.123567e-15	1.0914377e-14	6.355063e-08	1.1370076e-06	7.739519e-10	1.2051685e-06	0.99999446	1.4880009e-11	2.3050768e-14	2.613355e-12	2.4008443e-06	7.7522095e-08	4.6129153e-07	0.0	0.0	0.0	7.684504e-11	1.2870248e-13	9.338837e-12
ERR6178864	4	Homo sapiens	5.5387532e-05	0.0	1.9769825e-20	5.4655374e-09	1.3712743e-14	1.1607534e-21	3.8505235e-20	2.8114639e-05	8.5198035e-06	4.5361956e-10	1.0145468e-06	0.99990696	4.097824e-15	2.0037363e-19	6.331463e-14	4.2609275e-16	8.141571e-16	6.464918e-15	0.0	0.0	0.0	1.3197292e-16	8.683113e-19	3.0432436e-13
ERR6178865	4	Homo sapiens	0.00048434138	0.0	1.2273601e-16	2.398779e-07	1.7342213e-12	1.7246886e-17	2.5216708e-16	5.4666132e-05	0.00022690836	6.5839595e-07	8.0799655e-05	0.99915236	2.7281391e-12	6.261133e-16	1.7594788e-11	5.969596e-14	6.8174666e-14	5.9168404e-13	0.0	0.0	0.0	1.2273703e-13	3.1550374e-15	9.015543e-11
ERR6178866	4	Homo sapiens	0.0	0.0	0.0	0.0	0.0	0.0	0.0	0.0	6e-45	0.0	5.3e-44	1.0	0.0	0.0	0.0	5.0811e-41	1.19483e-40	2.764506e-32	0.0	0.0	0.0	0.0	0.0	0.0
ERR6178867	4	Homo sapiens	0.0	0.0	0.0	0.0	0.0	0.0	0.0	0.0	0.0	0.0	0.0	1.0	0.0	0.0	0.0	0.0	0.0	1e-45	0.0	0.0	0.0	0.0	0.0	0.0
ERR6178868	4	Homo sapiens	7.4508434e-06	0.0	2.671317e-21	6.1707732e-09	2.5318125e-14	2.0041345e-22	4.09621e-21	3.0132825e-05	0.000121222954	1.6334505e-10	1.8884738e-06	0.9998393	2.5747162e-14	2.9678752e-20	8.453476e-15	4.6030525e-14	1.4038686e-13	1.4359699e-12	0.0	0.0	0.0	7.4438916e-17	1.3683204e-19	3.794178e-15
ERR6178869	4	Homo sapiens	8.7294786e-05	0.0	2.6335072e-16	1.08395575e-07	2.0446964e-11	3.6253817e-17	4.465564e-16	0.00015374097	9.742336e-05	7.9263025e-08	0.00024872518	0.99941266	1.0466917e-11	1.3200109e-15	2.9091288e-11	4.145851e-12	6.157589e-12	6.297166e-11	0.0	0.0	0.0	5.2929183e-13	8.1645624e-15	6.681431e-11
ERR6178870	4	Homo sapiens	2.0204069e-32	0.0	0.0	1.0031112e-27	1.2783e-41	0.0	0.0	1.9494847e-29	2.3355838e-24	5.767005e-36	9.951618e-24	1.0	1.7181013e-29	0.0	2.4e-44	5.573074e-24	1.7358125e-23	1.033892e-16	0.0	0.0	0.0	1.95e-43	0.0	0.0
ERR6178871	4	Homo sapiens	6.6755573e-10	0.0	3.3248525e-20	7.2413626e-09	1.1595534e-13	4.7652506e-21	3.3308647e-20	1.3832319e-09	6.309703e-05	1.1234668e-11	9.787138e-08	0.9999059	1.2556194e-11	1.6633266e-19	2.6674942e-16	4.5592176e-07	5.7543616e-07	2.9886385e-05	0.0	0.0	0.0	1.3015999e-13	1.1069313e-18	2.236799e-16
ERR6178872	4	Homo sapiens	1.2839226e-07	0.0	4.240065e-24	1.4533231e-11	6.330935e-18	3.580322e-25	1.2697435e-23	3.8763235e-07	1.3466368e-07	3.317846e-12	3.6771058e-07	0.999999	3.361687e-18	5.454467e-23	2.1244898e-17	4.2316284e-17	1.4628731e-16	8.03041e-15	0.0	0.0	0.0	3.9061885e-20	3.2220088e-22	2.4905457e-18
ERR6178873	4	Homo sapiens	0.0006825399	0.0	2.2923975e-13	2.3784078e-07	8.020814e-10	8.8831896e-14	6.681574e-13	0.0004464957	0.0015981772	0.00023822473	0.7066431	0.29039124	1.0214339e-10	1.2614729e-12	1.5444703e-09	3.709751e-11	2.9927668e-11	3.4624567e-10	0.0	0.0	0.0	3.8794943e-11	7.904197e-12	4.1484857e-10
ERR6178874	4	Homo sapiens	0.0	0.0	0.0	0.0	0.0	0.0	0.0	0.0	0.0	0.0	0.0	1.0	0.0	0.0	0.0	0.0	0.0	1e-45	0.0	0.0	0.0	0.0	0.0	0.0
ERR6178875	4	Homo sapiens	0.0	0.0	0.0	0.0	0.0	0.0	0.0	0.0	0.0	0.0	0.0	1.0	0.0	0.0	0.0	1.4e-44	0.0	1.1842153e-33	0.0	0.0	0.0	0.0	0.0	0.0
ERR6178876	4	Homo sapiens	0.0	0.0	0.0	8.18585e-40	0.0	0.0	0.0	3e-45	3.074922e-36	0.0	1.942446e-34	1.0	1.7476e-41	0.0	0.0	2.6751293e-36	4.0195765e-33	3.0422013e-27	0.0	0.0	0.0	0.0	0.0	0.0
ERR6178877	4	Homo sapiens	0.0	0.0	0.0	2.465506e-36	0.0	0.0	0.0	1e-45	4.3356077e-29	0.0	2.3650456e-33	1.0	0.0	0.0	0.0	6.0988227e-37	4.2002632e-32	1.1226508e-30	0.0	0.0	0.0	0.0	0.0	0.0
ERR6178878	4	Homo sapiens	1.5163279e-33	0.0	7.24e-43	8.115331e-26	2.0052202e-37	9.5e-44	1.341e-42	3.8632627e-31	3.4508833e-22	1.1177752e-36	4.6214e-23	1.0	8.725243e-26	2.022e-42	7.19716e-39	1.7499067e-24	3.4911134e-21	2.417524e-16	0.0	0.0	0.0	8.024669e-39	8.877e-42	1.669e-42
ERR6178879	4	Homo sapiens	1.7639262e-36	0.0	0.0	1.65958e-28	6.8644e-41	0.0	0.0	3.7713096e-34	4.501543e-24	5.394e-40	5.637795e-25	1.0	7.414846e-27	0.0	1.913e-42	1.614973e-26	7.539881e-23	1.4866972e-17	0.0	0.0	0.0	2.838e-42	1e-45	0.0
ERR6178880	4	Homo sapiens	6.7678133e-37	0.0	0.0	8.213862e-32	0.0	0.0	0.0	5.121232e-34	1.7268844e-25	2.6651e-41	7.729056e-29	1.0	6.9134e-41	0.0	0.0	1.3493691e-35	1.4157827e-34	9.801325e-32	0.0	0.0	0.0	0.0	0.0	0.0
ERR6178881	4	Homo sapiens	3.4378027e-17	0.0	5.3589387e-25	1.1528916e-15	1.4041819e-21	1.5343023e-25	1.1846371e-24	7.296672e-16	8.373858e-13	4.604435e-19	3.0987667e-14	1.0	6.7758817e-20	1.8082976e-24	3.591021e-21	4.4230472e-18	1.8046661e-18	1.07743504e-16	0.0	0.0	0.0	6.962945e-23	7.779607e-24	1.7477959e-21
ERR6178882	4	Homo sapiens	0.0	0.0	0.0	0.0	0.0	0.0	0.0	0.0	0.0	0.0	0.0	1.0	0.0	0.0	0.0	1.026e-42	0.0	2.6664069e-37	0.0	0.0	0.0	0.0	0.0	0.0
ERR6178883	4	Homo sapiens	1.379e-42	0.0	0.0	6.1356264e-34	1e-45	0.0	0.0	6.827391e-39	2.1751643e-35	1.98e-43	1.8684538e-34	1.0	1.64014e-40	0.0	0.0	3.38148e-30	1.2946845e-34	9.362263e-28	0.0	0.0	0.0	0.0	0.0	0.0
ERR6178884	4	Homo sapiens	0.0005902662	0.0	6.520911e-17	2.8346136e-07	7.754073e-12	5.4939343e-18	9.4876035e-17	0.00204004	0.00012726389	4.802289e-09	9.452956e-08	0.99724203	1.5402824e-12	7.106525e-16	6.006489e-11	5.1551614e-14	4.708601e-14	3.4768558e-13	0.0	0.0	0.0	1.7816888e-13	2.3781233e-15	6.454437e-10
ERR6178885	4	Homo sapiens	0.005750019	0.0	1.9744799e-13	8.447913e-06	1.426446e-08	3.2757397e-14	3.513828e-13	0.025847796	0.0072022076	7.2393885e-07	1.3176182e-05	0.96117735	8.448238e-10	1.546053e-12	1.6900673e-08	3.91301e-11	2.939151e-11	1.416962e-10	0.0	0.0	0.0	6.7702505e-10	6.60616e-12	2.5076767e-07
ERR6178886	4	Homo sapiens	1.9298029e-12	0.0	5.580121e-26	3.0210017e-13	8.883707e-19	2.520078e-27	7.641854e-26	6.0252366e-11	1.0081884e-12	5.012964e-20	8.451619e-16	1.0	6.181074e-21	6.7951325e-25	4.8587374e-20	7.098396e-19	3.50783e-19	2.4854909e-16	0.0	0.0	0.0	1.9823256e-21	1.3061893e-24	2.200892e-19
ERR6178887	4	Homo sapiens	0.000245637	0.0	4.5370685e-10	6.78546e-05	1.15337025e-05	9.7506024e-11	5.8576943e-10	0.004015721	0.0011136967	1.0152555e-08	1.6330698e-06	0.9943772	5.567392e-08	2.4269033e-09	8.433827e-07	9.1666365e-08	5.0718388e-08	3.947708e-07	0.0	0.0	0.0	6.703188e-07	5.3886233e-09	0.00016458958
ERR6178888	4	Homo sapiens	1.8022767e-08	0.0	6.3596578e-24	5.721727e-10	1.71812e-17	2.3975374e-25	9.061494e-24	3.0113713e-07	1.7918358e-08	1.7649036e-15	7.2570017e-10	0.99999964	1.5156834e-19	5.947098e-23	9.2612515e-18	4.905003e-17	2.707034e-17	6.8027406e-17	0.0	0.0	0.0	3.254718e-20	1.7505948e-22	6.950274e-17
ERR6178889	4	Homo sapiens	0.00016034604	0.0	1.3361917e-12	1.7991651e-05	2.2471882e-08	2.5037315e-13	1.7152059e-12	0.0004612244	8.477055e-05	6.6095627e-09	5.5092014e-06	0.99926996	4.823319e-10	5.724923e-12	1.30550175e-08	5.388009e-10	3.3731748e-10	8.355868e-10	0.0	0.0	0.0	8.165353e-10	1.7530357e-11	1.781433e-07
ERR6178890	4	Homo sapiens	1.4134727e-28	0.0	0.0	8.521751e-25	8.958361e-39	0.0	0.0	2.0532267e-23	6.182691e-22	4.018912e-34	8.650452e-21	1.0	5.732085e-37	0.0	5.855e-42	1.907196e-24	3.8820718e-25	3.260472e-20	0.0	0.0	0.0	2.07e-43	0.0	3e-45
ERR6178891	4	Homo sapiens	0.0	0.0	0.0	3.5e-44	0.0	0.0	0.0	0.0	0.0	0.0	6.757e-42	1.0	0.0	0.0	0.0	2.72756e-40	1e-45	2.1510291e-36	0.0	0.0	0.0	0.0	0.0	0.0
ERR6178892	4	Homo sapiens	0.0	0.0	0.0	0.0	0.0	0.0	0.0	0.0	0.0	0.0	0.0	1.0	0.0	0.0	0.0	1.2178342e-38	0.0	1.1782392e-30	0.0	0.0	0.0	0.0	0.0	0.0
ERR6178893	4	Homo sapiens	6.4601866e-25	0.0	3.1329552e-30	1.1229259e-19	2.6121645e-25	1.2957876e-30	5.7689783e-30	2.0202077e-21	4.151168e-21	2.2008162e-26	5.7103856e-21	1.0	7.726938e-26	7.841243e-30	1.3759194e-27	2.308029e-15	3.738731e-20	1.200227e-12	0.0	0.0	0.0	1.9085893e-26	3.3856202e-29	3.093128e-28
ERR6178894	4	Homo sapiens	0.0	0.0	0.0	0.0	0.0	0.0	0.0	0.0	0.0	0.0	0.0	1.0	0.0	0.0	0.0	3.01799e-39	1.754e-42	2.1185882e-32	0.0	0.0	0.0	0.0	0.0	0.0
ERR6178895	4	Homo sapiens	0.0	0.0	0.0	0.0	0.0	0.0	0.0	0.0	0.0	0.0	0.0	1.0	0.0	0.0	0.0	5.65718e-40	0.0	2.1143498e-30	0.0	0.0	0.0	0.0	0.0	0.0
ERR6178897	4	Homo sapiens	1.6179829e-38	0.0	0.0	2.0199565e-30	1.504e-42	0.0	0.0	4.0304006e-36	6.116545e-27	4.242e-42	1.3498937e-27	1.0	3.9903368e-25	0.0	1.3e-44	3.7518487e-27	1.0605553e-23	1.2351225e-18	0.0	0.0	0.0	7e-45	0.0	0.0
ERR6178898	4	Homo sapiens	3.3577529e-21	0.0	2.8411815e-26	2.3660476e-16	9.22411e-22	8.98703e-27	5.588451e-26	1.3851833e-19	6.447681e-14	8.312654e-24	2.6012848e-14	1.0	2.5984834e-10	6.386466e-26	1.2796641e-23	7.828618e-15	1.7638065e-12	2.3467124e-09	0.0	0.0	0.0	3.1953371e-24	2.3137172e-25	5.6422083e-25
ERR6178899	4	Homo sapiens	0.0	0.0	0.0	5.065604e-38	0.0	0.0	0.0	1.04e-43	1.7975386e-38	0.0	1.62438e-39	1.0	1.2295e-41	0.0	0.0	2.8664648e-33	2.6939008e-37	2.027807e-23	0.0	0.0	0.0	0.0	0.0	0.0
ERR6178900	4	Homo sapiens	4.2956076e-35	0.0	5.2504e-41	4.967619e-28	1.9802184e-37	1.4882e-41	8.2579e-41	2.6973972e-32	1.2839489e-28	1.1000746e-37	1.689871e-30	1.0	3.614676e-30	7.2949e-41	2.6919016e-38	1.1201846e-24	1.9590193e-28	7.451978e-18	0.0	0.0	0.0	5.7731344e-38	3.04041e-40	1.55924e-40
ERR6178901	4	Homo sapiens	0.0	0.0	0.0	0.0	0.0	0.0	0.0	0.0	0.0	0.0	0.0	1.0	0.0	0.0	0.0	7.287e-42	0.0	1.397011e-28	0.0	0.0	0.0	0.0	0.0	0.0
ERR6178902	4	Homo sapiens	0.0	0.0	0.0	7.906e-39	0.0	0.0	0.0	1.32e-43	9.2891e-40	0.0	5.2814e-41	1.0	8e-44	0.0	0.0	1.6408573e-33	1.6917003e-38	2.8239838e-23	0.0	0.0	0.0	0.0	0.0	0.0
ERR6178903	4	Homo sapiens	0.0	0.0	0.0	6.54e-43	0.0	0.0	0.0	0.0	2.0074e-41	0.0	3.8475e-41	1.0	0.0	0.0	0.0	1.9623055e-38	1.845312e-39	6.690742e-34	0.0	0.0	0.0	0.0	0.0	0.0
ERR6178904	4	Homo sapiens	8.968111e-19	0.0	2.6965088e-22	8.1574465e-15	2.2759696e-19	1.4272853e-22	3.9487593e-22	2.99003e-17	2.1622676e-13	2.3680434e-19	2.4949377e-14	1.0	3.4373328e-17	2.9458283e-22	8.727807e-21	5.0905647e-14	1.7787116e-15	2.387319e-13	0.0	0.0	0.0	1.3479474e-20	1.8122839e-21	3.5200264e-22
ERR6178905	4	Homo sapiens	0.0	0.0	0.0	6.2e-44	0.0	0.0	0.0	0.0	1.5e-44	0.0	1e-44	1.0	0.0	0.0	0.0	8.6102997e-38	3.0642e-41	1.3051444e-25	0.0	0.0	0.0	0.0	0.0	0.0
ERR6178906	4	Homo sapiens	0.0	0.0	0.0	2.44244e-40	0.0	0.0	0.0	0.0	6.20265e-40	0.0	1.4318e-41	1.0	2.02e-43	0.0	0.0	2.59753e-34	3.38246e-38	3.8474674e-23	0.0	0.0	0.0	0.0	0.0	0.0
ERR6178907	4	Homo sapiens	0.0	0.0	0.0	0.0	0.0	0.0	0.0	0.0	0.0	0.0	0.0	1.0	0.0	0.0	0.0	0.0	0.0	6.8816673e-37	0.0	0.0	0.0	0.0	0.0	0.0
ERR6178908	4	Homo sapiens	1.6939892e-23	0.0	1.4188243e-28	8.216767e-20	1.1436059e-24	6.041124e-29	2.4498655e-28	1.0319305e-21	1.2415043e-19	7.8267244e-25	5.7005624e-20	1.0	4.1634113e-23	3.0488742e-28	2.7308377e-26	1.1645583e-17	6.5070296e-21	1.5576944e-14	0.0	0.0	0.0	1.1263468e-25	1.2972209e-27	1.76381e-27
ERR6178909	4	Homo sapiens	0.0	0.0	0.0	0.0	0.0	0.0	0.0	0.0	0.0	0.0	0.0	1.0	0.0	0.0	0.0	0.0	0.0	2.166528e-39	0.0	0.0	0.0	0.0	0.0	0.0
ERR6178910	4	Homo sapiens	0.0	0.0	0.0	0.0	0.0	0.0	0.0	0.0	0.0	0.0	0.0	1.0	0.0	0.0	0.0	4e-45	0.0	7.3613307e-37	0.0	0.0	0.0	0.0	0.0	0.0
ERR6178911	4	Homo sapiens	1.0820694e-32	0.0	5.749785e-39	3.4892418e-26	1.1724878e-34	2.427887e-39	1.1774658e-38	1.3366574e-29	1.0132445e-28	1.3028796e-34	6.228826e-29	1.0	1.559655e-33	1.6256612e-38	5.061207e-36	2.3316596e-24	2.4624367e-28	3.3048543e-19	0.0	0.0	0.0	8.833608e-36	4.847978e-38	1.8092387e-38
ERR6178912	4	Homo sapiens	1.3103509e-09	0.0	2.1986987e-20	4.4471418e-10	3.4513842e-16	5.5290024e-21	2.4242287e-20	2.5260936e-11	1.4508699e-08	3.686272e-11	3.4476372e-10	1.0	3.800556e-17	5.1754096e-20	1.6660397e-16	7.3306194e-11	1.0852797e-10	1.1025214e-09	0.0	0.0	0.0	2.677831e-16	4.7775254e-19	2.1780297e-16
ERR6178913	4	Homo sapiens	5.3392154e-13	0.0	5.7789704e-28	2.6874932e-13	1.4971526e-22	8.193805e-29	7.883122e-28	1.607244e-14	9.927919e-13	7.6957734e-16	3.7129405e-12	1.0	2.2066073e-22	2.8362026e-27	7.3795685e-23	6.5085625e-14	4.795045e-14	3.0836778e-12	0.0	0.0	0.0	7.5765316e-22	3.1612895e-26	5.9782072e-24
ERR6178914	4	Homo sapiens	0.0	0.0	0.0	0.0	0.0	0.0	0.0	0.0	0.0	0.0	0.0	1.0	0.0	0.0	0.0	0.0	0.0	2.0452e-41	0.0	0.0	0.0	0.0	0.0	0.0
ERR6178915	4	Homo sapiens	2.4198516e-30	0.0	7.620227e-36	3.530764e-25	5.773659e-32	3.184922e-36	1.2408999e-35	1.2071925e-27	5.665062e-28	2.1589926e-32	1.1680767e-26	1.0	5.260715e-29	1.4342927e-35	2.0439927e-33	6.893477e-21	8.228057e-27	1.7460277e-17	0.0	0.0	0.0	3.9321362e-32	8.093364e-35	3.4807966e-35
ERR6178916	4	Homo sapiens	0.0	0.0	0.0	0.0	0.0	0.0	0.0	0.0	0.0	0.0	0.0	1.0	0.0	0.0	0.0	1e-45	0.0	8.110847e-37	0.0	0.0	0.0	0.0	0.0	0.0
ERR6178917	4	Homo sapiens	7.545986e-36	0.0	2.001e-42	3.0070325e-30	1.3042075e-38	9.4e-43	3.268e-42	5.7937428e-33	2.8495088e-32	1.6707238e-37	1.3299978e-31	1.0	3.8203768e-38	4.006e-42	5.15555e-40	7.25797e-25	1.9346324e-31	6.365987e-20	0.0	0.0	0.0	5.063869e-38	2.3599e-41	2.067e-42
ERR6178918	4	Homo sapiens	4.953723e-10	0.0	3.2730372e-26	5.582553e-13	1.3305279e-17	1.5850182e-27	6.477562e-26	1.1868189e-09	3.4736805e-10	4.5423074e-16	1.0929013e-09	1.0	1.9503888e-17	3.841987e-25	5.42304e-20	7.743925e-18	4.9142273e-16	4.3539343e-14	0.0	0.0	0.0	1.1998144e-21	1.3422996e-24	2.0373572e-20
ERR6178919	4	Homo sapiens	2.4927918e-09	0.0	9.5900514e-23	1.4706743e-12	1.7087684e-16	5.153112e-24	5.800389e-22	1.8259913e-08	3.936674e-10	1.0006473e-14	1.311562e-09	1.0	1.902282e-16	9.738948e-22	3.105995e-17	5.012332e-17	8.6056345e-16	2.9728373e-14	0.0	0.0	0.0	1.0476889e-18	2.9933922e-21	8.393971e-18
ERR6178920	4	Homo sapiens	0.0	0.0	0.0	0.0	0.0	0.0	0.0	0.0	0.0	0.0	0.0	1.0	0.0	0.0	0.0	0.0	0.0	1.6966711e-35	0.0	0.0	0.0	0.0	0.0	0.0
ERR6178921	4	Homo sapiens	0.0	0.0	0.0	0.0	0.0	0.0	0.0	0.0	0.0	0.0	0.0	1.0	0.0	0.0	0.0	7e-45	0.0	8.917491e-35	0.0	0.0	0.0	0.0	0.0	0.0
ERR6178923	4	Homo sapiens	8.4732567e-19	0.0	6.125888e-27	2.2427554e-14	2.7513816e-17	5.8810153e-28	1.6290304e-26	5.5133747e-15	1.2756598e-13	6.1252808e-27	4.6131854e-15	0.99934965	2.4353533e-15	1.5441395e-25	1.3491719e-22	7.498562e-16	1.585756e-12	0.000650365	0.0	0.0	0.0	2.080447e-23	3.178659e-26	2.297017e-22
ERR6178924	4	Homo sapiens	2.4054577e-08	0.0	3.6275805e-11	6.943286e-07	3.5178934e-07	1.9842293e-11	8.044261e-11	4.2006e-07	1.8066288e-07	1.7923012e-11	1.7592462e-06	0.9951007	2.3860571e-09	1.8454828e-10	5.3021747e-09	3.260928e-08	8.5397474e-08	0.004895705	0.0	0.0	0.0	7.8935375e-10	2.0138886e-10	6.0993e-08
ERR6178925	4	Homo sapiens	1.5881157e-19	0.0	7.2703067e-29	5.467738e-14	1.7567123e-19	5.719332e-30	1.8582496e-28	1.209982e-15	4.9793746e-12	1.2224692e-27	5.4358934e-11	0.8325518	1.3857429e-13	1.1659192e-27	4.143452e-24	5.2653626e-15	8.32676e-10	0.16744821	0.0	0.0	0.0	1.5042431e-24	5.2276585e-28	7.42565e-25
ERR6178926	4	Homo sapiens	7.937156e-14	0.0	7.0021e-26	3.6337621e-12	6.224562e-17	3.906804e-27	1.2048137e-25	1.2129129e-11	1.8893456e-13	4.2951676e-20	2.2126971e-13	1.0	3.2978508e-15	9.653136e-25	2.0424516e-20	1.8691518e-15	8.6984386e-13	3.2499403e-09	0.0	0.0	0.0	2.2883859e-19	1.3717319e-24	5.2694273e-21
ERR6178927	4	Homo sapiens	6.6255886e-08	0.0	9.209779e-16	5.666836e-08	1.0610931e-09	1.4613343e-16	1.8397573e-15	2.4613175e-07	1.13618256e-07	5.2212896e-14	1.5817788e-08	0.9999995	1.3732647e-14	1.0246729e-14	5.2620464e-12	1.2991727e-12	2.9802582e-13	1.0406398e-09	0.0	0.0	0.0	5.812018e-14	5.651931e-15	4.409305e-10
ERR6178928	4	Homo sapiens	1.2771033e-31	0.0	2.44e-43	4.137859e-25	4.2780665e-37	3.8e-44	5.09e-43	3.8558423e-30	6.1409885e-21	5.1484672e-36	1.3126033e-18	0.9999467	5.624971e-23	1.456e-42	1.0349192e-38	1.2343042e-20	2.583145e-14	5.3307598e-05	0.0	0.0	0.0	5.498693e-37	5.758e-42	6.012e-42
ERR6178929	4	Homo sapiens	0.0	0.0	0.0	2.69e-43	0.0	0.0	0.0	0.0	2.94e-43	0.0	4.044908e-36	1.0	2.9e-43	0.0	0.0	6.3815666e-37	6.918673e-39	1.4770377e-22	0.0	0.0	0.0	0.0	0.0	0.0
ERR6178930	4	Homo sapiens	0.0	0.0	0.0	0.0	0.0	0.0	0.0	0.0	0.0	0.0	0.0	1.0	0.0	0.0	0.0	1.6890858e-36	3e-45	7.481828e-27	0.0	0.0	0.0	0.0	0.0	0.0
ERR6178931	4	Homo sapiens	0.0	0.0	0.0	2.2802394e-38	0.0	0.0	0.0	4.89862e-40	3.4053e-41	0.0	5.1937335e-35	1.0	5.371305e-39	0.0	0.0	7.7271305e-34	6.76569e-39	3.452204e-21	0.0	0.0	0.0	0.0	0.0	0.0
ERR6178932	4	Homo sapiens	1.041941e-10	0.0	6.784966e-25	1.2460379e-12	4.5113273e-18	3.0193787e-26	1.4880061e-24	7.983311e-10	1.2145994e-10	1.4985442e-17	2.2493632e-12	1.0	1.7329546e-19	8.305331e-24	1.6274072e-18	2.0775325e-19	2.7198122e-18	8.8951536e-17	0.0	0.0	0.0	2.6914244e-21	1.7202452e-23	2.229663e-18
ERR6178933	4	Homo sapiens	0.0	0.0	0.0	1.98e-42	0.0	0.0	0.0	0.0	1.487e-42	0.0	9.390052e-39	1.0	0.0	0.0	0.0	1.9403624e-34	4.0181082e-36	4.2155116e-28	0.0	0.0	0.0	0.0	0.0	0.0
ERR6178934	4	Homo sapiens	4.0367377e-35	0.0	1.341e-42	6.7960105e-27	1.3134993e-36	3.66e-43	3.433e-42	3.5637547e-31	4.097159e-24	1.3937798e-38	1.9866574e-24	1.0	1.1839831e-28	6.911e-42	2.125796e-39	5.1266328e-21	3.901369e-21	6.836199e-10	0.0	0.0	0.0	8.3426786e-38	1.49e-41	7.116e-42
ERR6178935	4	Homo sapiens	3.3504342e-17	0.0	1.5233943e-20	7.072411e-14	3.239077e-16	9.4652274e-21	3.0901174e-20	8.540366e-16	3.5263823e-12	5.0328657e-19	1.8964557e-11	0.9999844	2.135529e-15	3.942322e-20	1.0780671e-18	2.1487442e-11	8.9374e-12	1.5612206e-05	0.0	0.0	0.0	4.558103e-18	1.0579237e-19	2.146582e-19
ERR6178936	4	Homo sapiens	4.0669508e-12	0.0	4.5130448e-23	1.0517092e-12	5.3860623e-15	5.327461e-24	1.3713653e-22	9.8767e-10	1.79194e-13	4.215379e-19	1.3313244e-13	1.0	3.1307314e-18	1.1582459e-21	8.208058e-18	1.4573134e-17	2.5653205e-16	4.5959243e-12	0.0	0.0	0.0	1.4665394e-18	1.5573399e-21	6.5174537e-18
ERR6178937	4	Homo sapiens	1.8204797e-05	0.0	1.5013123e-09	7.883611e-06	6.828414e-05	6.0460414e-10	3.2608651e-09	0.0017637733	3.0018608e-05	7.529446e-09	3.3077463e-06	0.9980827	2.0665253e-08	1.0250263e-08	9.068379e-07	1.1005837e-07	1.2465225e-07	1.2955827e-06	0.0	0.0	0.0	1.3842053e-06	2.3186736e-08	2.1936059e-05
ERR6178938	4	Homo sapiens	0.0	0.0	0.0	1.023e-42	0.0	0.0	0.0	0.0	1.4e-44	0.0	2.56125e-40	1.0	0.0	0.0	0.0	5.7736e-35	1.679375e-39	4.7502662e-28	0.0	0.0	0.0	0.0	0.0	0.0
ERR6178939	4	Homo sapiens	2.7373835e-17	0.0	1.7727781e-21	1.1974666e-13	7.494184e-18	9.906561e-22	3.1355014e-21	2.4656587e-15	3.2166408e-13	1.4172485e-18	4.0514938e-13	1.0	2.2737117e-18	4.6625873e-21	1.8727041e-19	1.3687294e-11	3.115999e-14	1.5673267e-10	0.0	0.0	0.0	3.570228e-18	2.2868932e-20	3.542387e-20
ERR6178940	4	Homo sapiens	3.2211237e-13	0.0	3.8749436e-22	3.692943e-11	1.2799214e-12	3.7986297e-23	1.6316469e-21	4.5271958e-10	7.542614e-09	3.3078002e-21	5.3596576e-08	0.93975186	2.4195575e-07	1.1815944e-20	2.7535852e-17	7.8165034e-14	1.1809523e-08	0.06024785	0.0	0.0	0.0	3.3646936e-18	4.766732e-21	3.7315884e-17
ERR6178941	4	Homo sapiens	1.015356e-39	0.0	0.0	1.3199138e-30	0.0	0.0	0.0	9.2740155e-36	3.285796e-27	1.58e-43	4.423024e-25	0.99999994	1.7267124e-24	0.0	0.0	5.7374113e-20	7.3841864e-20	8.207051e-08	0.0	0.0	0.0	7e-45	0.0	0.0
ERR6178942	4	Homo sapiens	9.929336e-21	0.0	5.360072e-29	1.8722798e-16	2.3164935e-22	1.1810664e-29	5.6454405e-29	2.4328206e-19	5.9773714e-13	5.6755308e-24	5.1216567e-13	0.5157267	3.221943e-08	1.4255931e-28	1.2743943e-25	1.9096417e-08	2.3636623e-08	0.48427323	0.0	0.0	0.0	5.2346702e-23	1.2480489e-27	2.8234693e-27
ERR6178943	4	Homo sapiens	7.261487e-24	0.0	7.467117e-33	1.2404004e-20	7.4952475e-25	1.6437702e-33	3.179844e-32	5.1418e-20	9.3154574e-18	1.8882384e-29	2.016533e-18	0.9999997	5.680194e-16	1.249678e-31	1.8914252e-28	3.3912182e-19	1.4345004e-17	2.732002e-07	0.0	0.0	0.0	1.0729487e-28	1.701624e-31	2.697459e-29
ERR6178944	4	Homo sapiens	1.6899203e-14	0.0	3.9894966e-20	1.4592522e-12	4.092179e-14	1.344544e-20	1.2262807e-19	1.0803856e-11	2.366222e-11	2.8803996e-18	1.3357055e-09	0.99992454	1.3259592e-09	3.6205985e-19	6.7847756e-17	3.6219222e-12	6.385505e-11	7.546323e-05	0.0	0.0	0.0	9.6687514e-17	6.0282524e-19	9.420459e-17
ERR6178945	4	Homo sapiens	3.9069957e-14	0.0	9.2167905e-29	5.973688e-14	5.75793e-20	7.165996e-30	1.5308491e-28	6.667157e-14	3.8989412e-10	2.2600653e-18	4.752198e-09	0.9999939	3.3800584e-12	8.52148e-28	4.054057e-23	2.543698e-15	1.1671825e-08	6.0912334e-06	0.0	0.0	0.0	1.4732158e-22	3.6241626e-27	1.9349284e-25
ERR6178946	4	Homo sapiens	4.0218146e-07	0.0	3.380525e-22	2.498472e-10	1.3414184e-15	2.224845e-23	5.847558e-22	2.3679709e-06	1.1873983e-08	1.4878566e-12	1.6143024e-09	0.9999972	3.9241243e-17	3.4420843e-21	6.2582225e-16	8.948364e-16	3.0062546e-15	8.863407e-15	0.0	0.0	0.0	1.4047833e-17	1.596432e-20	2.4746115e-16
ERR6178947	4	Homo sapiens	0.00012123089	0.0	1.4173182e-11	1.502101e-06	2.0784643e-07	3.8968603e-12	2.2815206e-11	0.0018531973	0.00037133644	1.2637355e-07	1.6123411e-07	0.99765074	2.5606066e-09	9.848778e-11	8.825334e-08	3.4379093e-09	3.0453002e-09	6.7885595e-09	0.0	0.0	0.0	6.5871674e-08	2.6310415e-10	1.3263217e-06
ERR6178948	4	Homo sapiens	1.4395912e-32	0.0	0.0	1.8407309e-28	3.0178666e-38	0.0	0.0	6.363129e-28	3.2213732e-32	9.891146e-39	1.2549828e-27	1.0	1.2895415e-31	0.0	9.05e-43	1.5086102e-24	2.3637071e-27	1.20412806e-17	0.0	0.0	0.0	3.3435e-41	0.0	6e-45
ERR6178949	4	Homo sapiens	0.0	0.0	0.0	0.0	0.0	0.0	0.0	0.0	0.0	0.0	0.0	1.0	0.0	0.0	0.0	6.7e-43	0.0	3.47008e-40	0.0	0.0	0.0	0.0	0.0	0.0
ERR6178950	4	Homo sapiens	4.74e-43	0.0	0.0	7.469223e-35	0.0	0.0	0.0	2.02413e-40	1.0528796e-36	2.7e-44	7.2421116e-35	1.0	4e-45	0.0	0.0	8.531251e-31	2.9816526e-35	2.3687281e-30	0.0	0.0	0.0	0.0	0.0	0.0
ERR6178951	4	Homo sapiens	8.217258e-12	0.0	7.368501e-25	6.8186836e-12	1.4616636e-18	5.0838425e-26	6.6313063e-25	4.640563e-12	6.3388197e-09	1.1072948e-16	1.3660577e-10	0.9999999	1.5527324e-11	3.8663256e-24	7.417465e-20	3.999176e-12	3.5669416e-08	6.0011665e-08	0.0	0.0	0.0	7.139825e-19	2.2373839e-23	4.0333023e-20
ERR6178952	4	Homo sapiens	2.6229465e-08	0.0	1.33012446e-17	5.644794e-08	3.9364874e-13	2.2636008e-18	1.2319011e-17	9.055991e-09	3.8739023e-07	1.5308824e-11	3.0578602e-07	0.999997	3.5610344e-09	7.161011e-17	1.079163e-13	5.5545524e-09	6.847673e-07	1.5268589e-06	0.0	0.0	0.0	2.929459e-12	2.7502183e-16	2.0242751e-13
ERR6178953	4	Homo sapiens	9.737401e-20	0.0	1.02766844e-32	1.6115147e-18	7.839662e-26	8.732907e-34	1.7757821e-32	2.2889439e-17	1.0572706e-17	1.9020079e-25	1.6837812e-15	1.0	1.06412734e-19	6.993609e-32	1.113431e-27	1.13386725e-17	1.811831e-18	8.3514426e-14	0.0	0.0	0.0	2.6359108e-28	3.587056e-31	2.8095042e-28
ERR6178954	4	Homo sapiens	1.3215488e-08	0.0	1.2476539e-13	2.2030235e-08	9.731811e-10	5.1476584e-14	1.9735982e-13	1.8563044e-07	6.425868e-07	4.6919583e-11	7.014749e-07	0.99999815	1.0845006e-09	4.190481e-13	2.1237071e-11	1.4946805e-08	3.1424703e-09	2.8080376e-07	0.0	0.0	0.0	2.6401022e-11	1.2835821e-12	2.0870196e-10
ERR6178955	4	Homo sapiens	0.0	0.0	0.0	0.0	0.0	0.0	0.0	0.0	0.0	0.0	0.0	1.0	0.0	0.0	0.0	0.0	0.0	2.490648e-34	0.0	0.0	0.0	0.0	0.0	0.0
ERR6178956	4	Homo sapiens	1.9400768e-21	0.0	2.2103164e-28	8.2410754e-17	1.1349578e-22	4.7757032e-29	5.895868e-28	1.2962817e-17	1.4088722e-13	2.6376337e-24	8.871136e-13	1.0	2.6025332e-22	1.234512e-27	3.3036933e-25	4.0957068e-16	9.12547e-16	1.0197799e-09	0.0	0.0	0.0	1.307006e-25	2.1830335e-27	3.4894877e-26
ERR6178957	4	Homo sapiens	1.299916e-07	0.0	3.30235e-09	2.0743453e-06	6.7225386e-07	2.5681568e-09	5.007989e-09	7.1063846e-07	4.9982053e-05	1.9075374e-08	0.007886623	0.9920025	1.0439113e-08	7.30363e-09	3.2795853e-08	1.4889165e-06	1.3093032e-06	5.4222983e-05	0.0	0.0	0.0	3.7327826e-08	1.9986865e-08	1.6586985e-07
ERR6178958	4	Homo sapiens	0.0	0.0	0.0	0.0	0.0	0.0	0.0	0.0	0.0	0.0	0.0	1.0	0.0	0.0	0.0	0.0	0.0	1.35833e-40	0.0	0.0	0.0	0.0	0.0	0.0
ERR6178959	4	Homo sapiens	0.0	0.0	0.0	0.0	0.0	0.0	0.0	0.0	0.0	0.0	0.0	1.0	0.0	0.0	0.0	0.0	0.0	7.7e-43	0.0	0.0	0.0	0.0	0.0	0.0
ERR6178960	4	Homo sapiens	0.0	0.0	0.0	0.0	0.0	0.0	0.0	0.0	0.0	0.0	0.0	1.0	0.0	0.0	0.0	0.0	0.0	1e-45	0.0	0.0	0.0	0.0	0.0	0.0
ERR6178961	4	Homo sapiens	0.0	0.0	0.0	0.0	0.0	0.0	0.0	0.0	0.0	0.0	0.0	1.0	0.0	0.0	0.0	0.0	0.0	7.346839e-36	0.0	0.0	0.0	0.0	0.0	0.0
ERR6178962	4	Homo sapiens	0.0	0.0	0.0	1.9162464e-38	0.0	0.0	0.0	7e-45	1.1393873e-37	0.0	3.7641016e-37	1.0	0.0	0.0	0.0	5.6501203e-31	3.7195623e-35	6.692323e-25	0.0	0.0	0.0	0.0	0.0	0.0
ERR6178963	4	Homo sapiens	0.0	0.0	0.0	0.0	0.0	0.0	0.0	0.0	0.0	0.0	0.0	1.0	0.0	0.0	0.0	0.0	0.0	2.3105367e-38	0.0	0.0	0.0	0.0	0.0	0.0
ERR6178964	4	Homo sapiens	5.279077e-29	0.0	2.3641604e-34	7.697431e-24	3.8416347e-31	1.092726e-34	3.4864905e-34	2.6481367e-27	3.8698252e-22	1.8696093e-29	2.9184504e-22	1.0	1.0240541e-30	3.1743311e-34	1.3072939e-32	2.013827e-20	1.423736e-22	5.2349e-18	0.0	0.0	0.0	3.7832597e-31	1.980636e-33	1.1286279e-34
ERR6178965	4	Homo sapiens	0.0	0.0	0.0	0.0	0.0	0.0	0.0	0.0	0.0	0.0	1e-45	1.0	0.0	0.0	0.0	6.36e-43	3.60313e-40	2.2681255e-31	0.0	0.0	0.0	0.0	0.0	0.0
ERR6178966	4	Homo sapiens	0.0	0.0	0.0	0.0	0.0	0.0	0.0	0.0	0.0	0.0	0.0	1.0	0.0	0.0	0.0	0.0	0.0	9.5e-44	0.0	0.0	0.0	0.0	0.0	0.0
ERR6178967	4	Homo sapiens	0.0	0.0	0.0	0.0	0.0	0.0	0.0	0.0	0.0	0.0	0.0	1.0	0.0	0.0	0.0	0.0	0.0	1.9485654e-37	0.0	0.0	0.0	0.0	0.0	0.0
ERR6178968	4	Homo sapiens	0.0	0.0	0.0	0.0	0.0	0.0	0.0	0.0	1.8e-44	0.0	1e-45	1.0	0.0	0.0	0.0	8.54911e-40	6.4793e-41	2.2077273e-33	0.0	0.0	0.0	0.0	0.0	0.0
ERR6178969	4	Homo sapiens	0.0	0.0	0.0	5.2279845e-38	0.0	0.0	0.0	3e-45	2.2830159e-37	0.0	6.5487e-38	1.0	0.0	0.0	0.0	1.7009149e-32	1.8469248e-35	2.5167693e-29	0.0	0.0	0.0	0.0	0.0	0.0
ERR6178970	4	Homo sapiens	0.0	0.0	0.0	0.0	0.0	0.0	0.0	0.0	0.0	0.0	0.0	1.0	0.0	0.0	0.0	1.3e-44	0.0	1.3194349e-30	0.0	0.0	0.0	0.0	0.0	0.0
ERR6178971	4	Homo sapiens	2.289281e-31	0.0	1.2381718e-34	1.7941859e-25	6.0220364e-31	8.353316e-35	2.6189622e-34	1.5363562e-28	3.6797415e-24	1.8499666e-33	2.7411182e-26	1.0	1.5392048e-30	2.7013124e-34	3.695934e-33	3.1818918e-22	7.794228e-26	1.3656518e-14	0.0	0.0	0.0	1.5869171e-32	5.12718e-34	3.2237172e-35
ERR6178972	4	Homo sapiens	0.0	0.0	0.0	0.0	0.0	0.0	0.0	0.0	0.0	0.0	0.0	1.0	0.0	0.0	0.0	0.0	0.0	2.482446e-36	0.0	0.0	0.0	0.0	0.0	0.0
ERR6178973	4	Homo sapiens	5.2501e-41	0.0	0.0	3.188384e-34	3.663e-42	0.0	1e-45	3.3383194e-37	8.670824e-37	1.37e-43	8.5695875e-38	1.0	7.9768e-41	1e-45	3.9e-44	3.0650585e-29	5.164026e-37	1.4056291e-22	0.0	0.0	0.0	1.314e-42	3e-45	0.0
ERR6178974	4	Homo sapiens	0.0	0.0	0.0	0.0	0.0	0.0	0.0	0.0	0.0	0.0	0.0	1.0	0.0	0.0	0.0	0.0	0.0	7.920312e-38	0.0	0.0	0.0	0.0	0.0	0.0
ERR6178975	4	Homo sapiens	7.632526e-24	0.0	1.57e-43	6.299646e-23	4.2075905e-35	6e-45	1.82e-43	3.025564e-21	2.0628277e-23	3.383651e-28	2.0005999e-19	1.0	5.049415e-35	9.87e-43	1.1936464e-36	1.1509902e-20	2.9052062e-23	1.3008218e-20	0.0	0.0	0.0	2.098531e-36	1.7326e-41	7.412973e-39
ERR6178976	4	Homo sapiens	7.27679e-10	0.0	2.147227e-20	2.5128186e-10	3.9210117e-15	4.60625e-21	2.8491134e-20	1.2359683e-08	2.0730229e-09	1.0333902e-12	6.336899e-08	0.99999994	6.3502735e-17	1.3670606e-19	1.3803443e-16	9.807085e-10	1.2089829e-10	6.7464845e-10	0.0	0.0	0.0	9.623478e-15	8.3340287e-19	9.3155426e-17
ERR6178977	4	Homo sapiens	0.0	0.0	0.0	0.0	0.0	0.0	0.0	0.0	0.0	0.0	0.0	1.0	0.0	0.0	0.0	0.0	0.0	1.2083495e-31	0.0	0.0	0.0	0.0	0.0	0.0
ERR6178978	4	Homo sapiens	0.0	0.0	0.0	0.0	0.0	0.0	0.0	0.0	0.0	0.0	0.0	1.0	0.0	0.0	0.0	0.0	0.0	1.8026049e-36	0.0	0.0	0.0	0.0	0.0	0.0
ERR6178979	4	Homo sapiens	6.4814e-41	0.0	0.0	1.940657e-34	1.02e-43	0.0	0.0	2.198632e-38	2.080408e-34	3.38e-43	3.0412544e-35	1.0	2.064e-42	0.0	1e-45	4.7422796e-29	6.2264485e-34	5.1386233e-22	0.0	0.0	0.0	5.04e-43	0.0	0.0
ERR6178980	4	Homo sapiens	2.3989113e-32	0.0	0.0	1.9636189e-27	2.03e-43	0.0	0.0	6.6646806e-29	1.4740073e-24	9.4633534e-35	1.2651079e-20	1.0	1.9363263e-36	0.0	2.07e-43	3.396248e-25	2.8651365e-27	1.4860417e-23	0.0	0.0	0.0	1.5e-44	0.0	0.0
ERR6178981	4	Homo sapiens	3.4085385e-22	0.0	2.7022945e-35	4.0550335e-19	9.169565e-31	3.0305728e-36	6.1718573e-35	4.1756384e-20	1.7788392e-17	9.52153e-24	7.738265e-15	1.0	9.916879e-27	6.054968e-35	1.5328855e-30	1.6717156e-18	1.9961439e-20	9.181268e-18	0.0	0.0	0.0	4.6636596e-31	9.141386e-34	3.8809158e-32
ERR6178982	4	Homo sapiens	0.0	0.0	0.0	1e-44	0.0	0.0	0.0	0.0	5.773e-42	0.0	2.5e-44	1.0	0.0	0.0	0.0	8.40804e-38	1.95824e-39	3.390923e-25	0.0	0.0	0.0	0.0	0.0	0.0
ERR6178983	4	Homo sapiens	1.6724631e-22	0.0	1.7974728e-25	5.7716176e-18	1.6348766e-22	1.1540839e-25	2.845772e-25	3.6784156e-21	3.2620268e-16	4.7686157e-24	4.357171e-18	1.0	1.4436584e-22	2.6813128e-25	2.4422163e-24	4.5622444e-16	2.5808877e-17	3.233405e-09	0.0	0.0	0.0	2.6371533e-23	6.340046e-25	1.7163629e-25
ERR6178984	4	Homo sapiens	0.0	0.0	0.0	0.0	0.0	0.0	0.0	0.0	0.0	0.0	0.0	1.0	0.0	0.0	0.0	0.0	0.0	2.715171e-32	0.0	0.0	0.0	0.0	0.0	0.0
ERR6178985	4	Homo sapiens	1.8355933e-13	0.0	7.7649438e-31	6.658562e-14	1.2689957e-25	3.6317215e-32	1.5035058e-30	1.718496e-12	1.8312964e-08	5.4666216e-17	9.7571355e-09	1.0	3.5649122e-22	3.2210253e-30	4.927418e-25	2.3253599e-17	1.6439791e-16	1.0051676e-15	0.0	0.0	0.0	1.0447145e-26	3.5696428e-29	1.6200642e-25
ERR6178986	4	Homo sapiens	4.6413743e-07	0.0	1.7198756e-17	7.3236284e-09	4.6116963e-14	4.8343558e-18	4.5851224e-17	1.4087298e-07	1.1952951e-05	4.0486828e-08	0.002452469	0.99753493	1.4660686e-13	5.2583607e-17	1.7775907e-13	1.1543378e-12	1.9354024e-12	1.4604044e-11	0.0	0.0	0.0	2.7912836e-15	4.3259688e-16	7.6545236e-14
ERR6178987	4	Homo sapiens	0.0	0.0	0.0	0.0	0.0	0.0	0.0	0.0	0.0	0.0	0.0	1.0	0.0	0.0	0.0	0.0	0.0	7.6e-44	0.0	0.0	0.0	0.0	0.0	0.0
ERR6178988	4	Homo sapiens	0.0	0.0	0.0	5.14e-42	0.0	0.0	0.0	0.0	5.83e-43	0.0	2.8e-44	1.0	0.0	0.0	0.0	4.644197e-35	1.82e-43	1.1626942e-29	0.0	0.0	0.0	0.0	0.0	0.0
SRR4047197	4	Ambrosia artemisiifolia	2.168114e-06	0.0	0.9957885	0.00022827635	1.0676914e-06	2.5222877e-07	6.1615116e-05	4.6939195e-07	6.121251e-07	3.4485658e-06	3.510789e-07	5.34188e-06	1.6589564e-06	1.9248125e-06	4.075824e-07	6.999853e-07	6.9736296e-07	8.212353e-07	0.0	0.0	0.0	0.003883697	1.675308e-05	1.1990056e-06
SRR4047199	4	Ambrosia artemisiifolia	2.3328055e-06	0.0	0.9944217	0.0002686829	1.1326833e-06	2.9004306e-07	6.781251e-05	5.175001e-07	6.536494e-07	3.4923883e-06	3.3678802e-07	5.8269093e-06	1.6554781e-06	2.069402e-06	4.530604e-07	7.564402e-07	7.541013e-07	8.648654e-07	0.0	0.0	0.0	0.0052039237	1.5433878e-05	1.3187262e-06
SRR4047201	4	Ambrosia artemisiifolia	4.0410487e-06	0.0	0.9967552	0.0005855804	2.5478605e-06	5.3576855e-07	0.00012445652	9.708757e-07	1.602544e-06	6.431931e-06	9.539924e-07	1.1163875e-05	3.427953e-06	3.6824877e-06	8.8672937e-07	1.4042616e-06	1.4037888e-06	1.5994915e-06	0.0	0.0	0.0	0.0024624558	2.8945837e-05	2.709642e-06
SRR4047203	4	Ambrosia artemisiifolia	6.387377e-06	0.0	0.99526185	0.0014201703	4.115355e-06	8.907626e-07	0.00021236825	1.6031205e-06	2.467597e-06	1.1531672e-05	1.5572073e-06	2.0082274e-05	5.761041e-06	5.999233e-06	1.406661e-06	2.294094e-06	2.2925012e-06	2.6495154e-06	0.0	0.0	0.0	0.002981058	5.1069495e-05	4.4353674e-06
SRR4047207	4	Ambrosia artemisiifolia	1.8943214e-06	0.0	0.99576443	0.00021160263	9.348702e-07	2.3286526e-07	5.995119e-05	4.1426037e-07	4.9183006e-07	2.950992e-06	2.7956293e-07	4.480563e-06	1.3546925e-06	1.733697e-06	3.5012087e-07	6.0328915e-07	5.99816e-07	7.064558e-07	0.0	0.0	0.0	0.0039341976	1.1746697e-05	1.0182054e-06
SRR4047214	4	Ambrosia artemisiifolia	9.980535e-07	0.0	0.99885505	0.00025329407	3.4075867e-07	8.756974e-08	3.0461379e-05	1.95141e-07	8.459501e-08	3.7153916e-06	1.274115e-07	1.4494117e-06	1.304432e-06	1.6455879e-06	4.8386687e-07	2.700065e-07	2.5303913e-07	4.5466115e-07	0.0	0.0	0.0	0.0008347703	1.4647851e-05	3.869879e-07
SRR4047219	4	Ambrosia artemisiifolia	1.2187555e-05	0.0	0.99213505	0.0026511508	1.1862013e-05	2.16509e-06	0.00023282807	3.3272677e-06	7.4604777e-06	2.5779782e-05	5.547634e-06	2.7283122e-05	1.1704025e-05	1.265836e-05	2.9902021e-06	4.584284e-06	4.610842e-06	5.2498276e-06	0.0	0.0	0.0	0.0047902963	4.2829735e-05	1.04094825e-05
SRR4047221	4	Ambrosia artemisiifolia	0.0004823941	0.0	0.7413494	0.22128786	0.0012023696	0.0001114535	0.008997402	0.00019460959	0.0015243439	0.0013472979	0.00095321884	0.010145939	0.00077681174	0.0005018157	0.00021826276	0.0002707832	0.00027797357	0.00031005865	0.0	0.0	0.0	0.0011491044	0.007966741	0.00093217153
SRR4047223	4	Ambrosia artemisiifolia	2.5730684e-05	0.0	0.9894887	0.0053668586	2.6204552e-05	4.4189137e-06	0.0004960903	7.1553313e-06	1.7227303e-05	5.98618e-05	1.1743415e-05	0.00011961152	2.7046215e-05	2.3805625e-05	6.8943923e-06	1.0230915e-05	1.0337022e-05	1.179356e-05	0.0	0.0	0.0	0.0040132324	0.000249894	2.3151011e-05
SRR4047225	4	Ambrosia artemisiifolia	0.0001654691	0.0	0.9662429	0.02293482	0.00030640443	3.627692e-05	0.0023947472	6.0333387e-05	0.00031907254	0.0004323361	0.00026476718	0.0021747774	0.00019228658	0.00018215047	6.361148e-05	7.78103e-05	7.9243604e-05	8.9831665e-05	0.0	0.0	0.0	0.0014981524	0.0022453011	0.0002396915
SRR4047228	4	Ambrosia artemisiifolia	9.950723e-06	0.0	0.9895073	0.00064187736	7.2406456e-06	1.3117385e-06	0.00022171799	2.6863468e-06	6.6975304e-06	1.3277183e-05	4.0420628e-06	4.0580053e-05	8.109286e-06	8.803211e-06	2.3341172e-06	3.7822945e-06	3.7953419e-06	4.275423e-06	0.0	0.0	0.0	0.009427455	7.6549506e-05	8.2253755e-06
SRR5047040	4	Homo sapiens	1.5494274e-05	0.0	1.3424057e-05	1.249644e-05	8.998719e-05	4.9131504e-06	2.617409e-06	1.4152466e-05	0.00041099294	2.7727883e-05	0.0009153481	0.9975319	0.00016988555	0.00030484257	7.0573056e-05	9.472852e-06	9.339348e-06	1.13537635e-05	0.0	0.0	0.0	1.1257399e-05	8.470854e-06	0.0003657637
SRR5047041	4	Homo sapiens	6.9994667e-06	0.0	4.16518e-06	5.6063595e-06	8.813219e-05	2.3305658e-06	3.9821603e-06	5.0019908e-06	0.0002093779	1.2343847e-05	0.00019558799	0.9993009	2.7319398e-05	3.656524e-05	1.7997412e-05	4.5271777e-06	4.6096443e-06	5.153355e-06	0.0	0.0	0.0	2.3817875e-06	7.770654e-06	5.9255883e-05
SRR5047042	4	Homo sapiens	1.552252e-07	0.0	6.758328e-08	4.9996526e-08	2.4808406e-09	0.0008461636	0.00016720011	8.489523e-08	4.2719794e-06	2.1029184e-05	5.8447506e-07	0.97917145	0.006577948	0.013210062	7.072264e-09	2.8093758e-08	3.8925133e-08	3.725258e-08	0.0	0.0	0.0	4.132064e-09	6.9785364e-07	1.2506824e-07
SRR5047043	4	Homo sapiens	4.4804427e-05	0.0	3.0869902e-05	5.6464785e-05	0.0013813265	2.7470813e-05	3.729597e-05	3.995549e-05	0.0019210441	3.8313257e-05	0.005348867	0.9902642	4.421893e-05	4.391276e-05	7.75603e-05	4.0525607e-05	4.2511445e-05	4.411268e-05	0.0	0.0	0.0	4.0544222e-05	0.00010698873	0.0003690181
SRR5047044	4	Homo sapiens	0.00022425751	0.0	0.0002501981	0.00014662326	0.0007705802	0.00010608993	7.6057375e-05	0.00019008532	0.024064608	0.0011773837	0.15884276	0.7744773	0.017536212	0.01962017	5.4349654e-05	0.00012152264	0.0001240445	0.00014202693	0.0	0.0	0.0	1.7214676e-05	0.00035762414	0.0017008757
SRR5047045	4	Homo sapiens	2.9161316e-09	0.0	3.5943113e-09	3.678213e-09	1.1451666e-09	3.4123807e-10	5.5265614e-10	2.9081084e-09	2.3168738e-07	7.411719e-08	1.0134161e-07	0.9999901	4.5505744e-06	4.91992e-06	3.2784764e-10	2.3595113e-09	1.7642909e-09	4.88751e-09	0.0	0.0	0.0	1.0318411e-11	2.4464124e-09	5.6585074e-09
SRR5047046	4	Homo sapiens	7.7771995e-07	0.0	6.9321567e-07	4.2587354e-07	1.7935636e-06	2.6356088e-07	2.0875888e-07	5.5004296e-07	2.8027382e-05	3.603322e-06	5.2712312e-05	0.9998396	3.790093e-05	2.3868943e-05	3.8232744e-07	4.0500416e-07	4.1742146e-07	4.882171e-07	0.0	0.0	0.0	4.639979e-08	1.1049182e-06	6.698656e-06
SRR5047047	4	Homo sapiens	3.6826953e-10	0.0	2.0561478e-10	9.6778266e-11	4.9610805e-11	2.1903895e-11	3.215425e-11	1.5894969e-10	3.44314e-08	3.5877115e-08	2.0407338e-09	0.9999928	1.317135e-06	5.8359096e-06	5.103159e-10	7.558316e-11	7.227313e-11	1.486731e-10	0.0	0.0	0.0	8.327091e-13	3.5245987e-10	2.136027e-09
SRR5047048	4	Homo sapiens	6.685126e-09	0.0	3.624142e-09	1.5087053e-09	5.030561e-10	1.7826801e-09	1.8084716e-09	5.2775984e-09	3.028034e-06	5.250272e-07	2.609539e-06	0.99846673	0.0012986157	0.00022846367	1.6917617e-10	1.5117718e-09	1.6266455e-09	1.9809414e-09	0.0	0.0	0.0	6.2650956e-12	1.8847353e-09	1.1937488e-08
SRR5047049	4	Homo sapiens	4.9234914e-09	0.0	1.6814526e-09	7.306653e-10	1.4696161e-10	2.1890591e-07	1.6502955e-07	2.9230212e-09	4.0942993e-07	7.250188e-07	7.005783e-08	0.999277	0.00021519227	0.0005062275	1.6784242e-10	8.270027e-10	1.1037369e-09	1.0897343e-09	0.0	0.0	0.0	3.5041033e-11	3.3487744e-09	4.5202952e-09
SRR5047050	4	Homo sapiens	2.2984477e-06	0.0	2.1525761e-06	7.549852e-06	1.7935627e-05	1.1933114e-06	8.244337e-07	1.3812237e-06	1.5043793e-05	2.4360983e-05	4.2178468e-05	0.9997659	9.866472e-06	1.8245188e-06	2.6030564e-06	1.6202642e-06	1.5085599e-06	4.035842e-06	0.0	0.0	0.0	1.1951662e-06	9.046554e-05	6.1089195e-06
SRR5047051	4	Homo sapiens	5.6782486e-05	0.0	3.8323873e-05	7.372437e-05	0.0019619484	4.163894e-05	5.3677097e-05	5.383054e-05	0.002590814	5.013162e-05	0.004587478	0.989332	4.04725e-05	4.924042e-05	9.995643e-05	5.3843334e-05	5.739381e-05	5.7227182e-05	0.0	0.0	0.0	7.385833e-05	0.00015551706	0.00057213544
SRR5047052	4	Homo sapiens	7.1661925e-05	0.0	4.9707858e-05	7.4135736e-05	0.0023894152	3.9135346e-05	6.276901e-05	6.0783736e-05	0.0026049917	5.2667587e-05	0.005962853	0.98706037	4.2453852e-05	5.4536187e-05	0.0002904726	6.0219256e-05	6.263961e-05	6.359876e-05	0.0	0.0	0.0	5.7204175e-05	0.00014567017	0.00079470116
SRR5047053	4	Homo sapiens	7.015167e-09	0.0	3.5484276e-09	1.4561933e-09	3.171557e-09	2.3578168e-09	5.16083e-10	3.413922e-09	4.043777e-07	6.421975e-08	9.3469076e-08	0.99995035	4.034162e-05	8.704891e-06	4.6916475e-09	1.891079e-09	1.9248783e-09	2.4988054e-09	0.0	0.0	0.0	3.7955843e-11	4.2323314e-09	3.0402543e-08
SRR5047054	4	Homo sapiens	2.0411513e-05	0.0	1.24751705e-05	1.6080941e-05	0.00010382639	4.9338146e-06	4.1147155e-06	1.5538733e-05	0.0005261735	1.4489391e-05	0.0021233445	0.995778	3.2967026e-05	0.000105880914	0.0010274086	1.1936573e-05	1.1756363e-05	1.3983173e-05	0.0	0.0	0.0	2.243585e-05	1.1348486e-05	0.00014288607
SRR5047055	4	Homo sapiens	0.0009125445	0.0	0.000800472	0.0016945776	0.038099494	0.00076648354	0.0009881947	0.0009428236	0.09404773	0.000937304	0.74235284	0.097135395	0.00082767115	0.0008805091	0.0013006291	0.0009363994	0.000990463	0.00096990244	0.0	0.0	0.0	0.0013393923	0.0033031444	0.010774033
SRR5047056	4	Homo sapiens	3.1172083e-05	0.0	2.3815417e-05	3.4338314e-05	0.0013504332	2.1419792e-05	2.6160309e-05	2.5366082e-05	0.0010718203	2.496935e-05	0.0025615648	0.9942512	1.7827464e-05	2.0562906e-05	6.57195e-05	2.6429936e-05	2.8234697e-05	3.1213138e-05	0.0	0.0	0.0	2.6246445e-05	6.3758234e-05	0.00029775637
SRR5047057	4	Homo sapiens	4.153051e-07	0.0	3.3971804e-07	1.3121877e-07	3.2210272e-07	9.098506e-08	5.3034043e-08	3.244541e-07	4.9340997e-05	7.394479e-06	3.746689e-05	0.9989019	0.00020564247	0.00079321425	5.569474e-08	1.5164436e-07	1.5488887e-07	1.9183271e-07	0.0	0.0	0.0	5.008568e-09	6.6141683e-07	2.1524609e-06
SRR5047058	4	Homo sapiens	2.5249755e-10	0.0	9.709884e-11	3.175106e-11	2.2201614e-11	1.07563194e-10	1.359045e-10	1.9119806e-10	5.6757155e-08	2.5809383e-08	1.0285476e-08	0.9999717	4.498533e-06	2.3695462e-05	1.2460976e-11	4.477676e-11	5.494713e-11	5.9339846e-11	0.0	0.0	0.0	2.0908683e-13	7.334692e-11	2.9475136e-10
SRR5047059	4	Homo sapiens	6.4472687e-07	0.0	2.8679315e-07	1.9119197e-07	6.7849757e-09	0.001319285	9.227214e-05	2.785542e-07	1.6224047e-05	9.141816e-05	3.5340418e-06	0.9041098	0.032930814	0.06142828	3.6280915e-07	8.837958e-08	1.211003e-07	1.309834e-07	0.0	0.0	0.0	1.1783551e-08	6.004294e-06	2.9537537e-07
SRR5047060	4	Homo sapiens	6.06448e-06	0.0	5.315927e-06	4.58205e-06	0.00017145407	7.356584e-05	2.2586637e-06	4.8325583e-06	0.0003730371	5.7850993e-05	8.011229e-05	0.9786388	0.019412244	0.0011123271	2.9967616e-06	2.8797529e-06	2.8914235e-06	3.7139905e-06	0.0	0.0	0.0	7.136368e-07	2.2718427e-06	4.2067055e-05
SRR5047061	4	Homo sapiens	1.0292245e-09	0.0	5.247649e-10	3.0932237e-10	2.8946573e-11	4.2461018e-10	3.861797e-09	6.666905e-10	1.15780495e-07	1.5758035e-07	1.0334272e-08	0.9998489	2.4305013e-05	0.00012647113	3.5263237e-11	1.827032e-10	2.2475423e-10	2.524913e-10	0.0	0.0	0.0	1.4444591e-12	9.098259e-09	1.0389384e-09
SRR5047062	4	Homo sapiens	4.5135576e-07	0.0	3.0313444e-07	1.8897205e-07	9.701624e-07	4.495256e-07	8.133444e-08	2.9409077e-07	1.2379256e-05	1.6535083e-06	2.0162257e-05	0.9998248	0.00011721345	1.6924085e-05	2.0806037e-07	2.1682871e-07	2.2270707e-07	2.601052e-07	0.0	0.0	0.0	2.685905e-08	6.160146e-07	2.5449683e-06
SRR5047063	4	Homo sapiens	1.567624e-39	0.0	2.7e-44	6.8762673e-34	5.02e-43	6.56e-43	8.135e-42	2.614737e-37	6.2866494e-34	4.423908e-39	3.9858094e-38	1.0	4.704413e-39	9.124528e-39	4.6e-44	3.7855918e-33	7.945505e-37	2.3890702e-26	0.0	0.0	0.0	2.62e-43	1.5e-43	1e-45
SRR5047064	4	Homo sapiens	7.0383714e-05	0.0	7.967448e-05	0.005234827	0.000114973474	3.8021033e-05	2.0743122e-05	2.4099898e-05	0.00012435249	0.0007669925	0.0005201675	0.9873747	0.00026108854	0.00014146393	0.0025542984	2.9991024e-05	2.6221129e-05	8.538812e-05	0.0	0.0	0.0	7.4395166e-06	0.0024073268	0.00011785174
SRR5047065	4	Homo sapiens	2.493203e-10	0.0	1.0316287e-10	3.0382974e-11	4.962514e-11	4.102187e-11	3.6942695e-11	1.3896348e-10	3.1533894e-08	1.387773e-08	7.9588585e-09	0.9999946	1.1623625e-06	4.2161514e-06	7.624024e-12	5.6099958e-11	6.133219e-11	7.53532e-11	0.0	0.0	0.0	3.8713713e-13	9.57832e-11	6.3342304e-10
SRR5047066	4	Homo sapiens	3.5493555e-05	0.0	2.3124312e-05	4.0754618e-05	0.00073387526	1.7479277e-05	2.3602752e-05	2.7706063e-05	0.0012136771	3.2251915e-05	0.0024602632	0.99470174	4.8253343e-05	4.2717988e-05	8.526416e-05	2.7981925e-05	2.9291192e-05	3.1214462e-05	0.0	0.0	0.0	2.819313e-05	6.770383e-05	0.0003293795
SRR5047067	4	Homo sapiens	4.419915e-08	0.0	1.5982035e-08	7.532146e-09	1.0636305e-09	2.0034454e-06	1.5229961e-06	2.462561e-08	3.857424e-06	6.502809e-06	1.1460038e-06	0.9823369	0.015017064	0.0026308266	2.8034108e-09	6.9981083e-09	8.674594e-09	9.371082e-09	0.0	0.0	0.0	1.1117878e-10	2.6558727e-08	3.7530565e-08
SRR5047068	4	Homo sapiens	1.0362718e-08	0.0	4.4244803e-09	1.7582794e-09	3.7440015e-10	6.7385464e-08	1.643583e-08	6.16396e-09	1.5211677e-06	1.2040886e-06	4.9200054e-07	0.99740034	0.0020824682	0.00051381893	4.170252e-10	2.0721083e-09	2.4239775e-09	2.632945e-09	0.0	0.0	0.0	1.724701e-11	4.9438107e-08	1.2589201e-08
SRR5047069	4	Homo sapiens	9.412549e-10	0.0	3.6048264e-10	1.7781981e-10	4.8443916e-10	1.00916955e-10	9.980035e-11	5.370698e-10	3.02726e-08	4.427294e-09	3.0902076e-08	0.9999965	2.871531e-06	5.484505e-07	1.0312006e-09	2.6449373e-10	2.539138e-10	4.1008472e-10	0.0	0.0	0.0	7.3218645e-12	1.8775043e-10	4.7259894e-09
SRR5047070	4	Homo sapiens	1.0598969e-07	0.0	5.1767472e-08	3.9624926e-08	1.9655397e-09	1.3876443e-06	8.333074e-06	7.45422e-08	1.5073606e-05	1.8817029e-05	3.1182683e-06	0.9600115	0.03345186	0.006489162	3.04538e-09	1.9761774e-08	2.4598224e-08	2.6936135e-08	0.0	0.0	0.0	2.434563e-10	2.8007938e-07	1.11612074e-07
SRR5047071	4	Homo sapiens	1.3223372e-10	0.0	4.894018e-11	1.5200199e-11	1.567594e-11	2.7686506e-11	7.592667e-11	7.50073e-11	1.603279e-08	1.0910371e-08	5.3053317e-09	0.9999922	1.1977314e-06	6.561719e-06	4.7763334e-12	2.7278017e-11	3.099363e-11	3.7868424e-11	0.0	0.0	0.0	1.3452627e-13	4.004982e-11	2.7086453e-10
SRR5047072	4	Homo sapiens	2.1998218e-08	0.0	3.407003e-08	3.3673142e-08	2.1138562e-09	1.0531999e-08	8.111055e-10	8.654015e-09	3.2120823e-07	5.329045e-05	6.1804525e-07	0.9997733	0.00014142935	2.6715135e-05	6.4368816e-10	6.1022836e-09	5.0414415e-09	4.194514e-08	0.0	0.0	0.0	1.07615555e-10	4.1141616e-06	8.152926e-09
SRR5047073	4	Homo sapiens	5.877652e-08	0.0	2.5179071e-08	1.47791175e-08	1.0225463e-09	8.67034e-05	0.00010031528	2.7623168e-08	1.268997e-06	8.640455e-06	1.1608154e-07	0.9924024	0.0022344857	0.005165721	7.88272e-09	9.303933e-09	1.30975835e-08	1.2553496e-08	0.0	0.0	0.0	1.2201433e-09	1.7027152e-07	3.7898886e-08
SRR5047074	4	Homo sapiens	1.5944343e-05	0.0	1.8267348e-05	6.334636e-05	0.00013971627	9.589396e-06	8.869553e-06	9.973772e-06	0.00020375992	0.00011040278	0.0010035874	0.9978617	3.5794048e-05	1.6909997e-05	2.0178719e-05	1.1259241e-05	1.10738265e-05	2.284422e-05	0.0	0.0	0.0	5.8836304e-06	0.00038249936	4.8431088e-05
SRR5047075	4	Homo sapiens	1.0910245e-05	0.0	7.023156e-06	9.590895e-06	1.7587014e-05	9.894423e-05	5.421255e-06	5.770464e-06	0.0009764708	9.632448e-05	0.001353982	0.97509146	0.02055066	0.0016803871	5.060086e-06	5.6329686e-06	5.8174255e-06	6.571109e-06	0.0	0.0	0.0	2.19298e-06	7.703574e-06	6.250745e-05
SRR5047076	4	Homo sapiens	0.00010535104	0.0	6.560918e-05	0.00010388836	0.0024237824	5.8697846e-05	7.731084e-05	7.879308e-05	0.0033386038	0.00010695779	0.04405825	0.94781566	0.00013941334	0.00011527589	0.00018799929	8.250166e-05	8.578625e-05	9.221263e-05	0.0	0.0	0.0	6.46147e-05	0.00018533361	0.0008139567
SRR5047077	4	Homo sapiens	2.4425062e-06	0.0	2.4853043e-06	8.8014895e-07	2.6275914e-06	6.707651e-07	6.424107e-07	1.7811739e-06	0.00031500895	2.4246772e-05	0.00052181486	0.99479854	0.0018629204	0.0024432284	3.7109157e-07	1.064389e-06	1.078802e-06	1.2863726e-06	0.0	0.0	0.0	4.8934837e-08	2.9855578e-06	1.5846574e-05
SRR5047078	4	Homo sapiens	7.902175e-05	0.0	4.6093846e-05	9.289543e-05	0.001972026	3.792738e-05	5.7560974e-05	6.0183032e-05	0.0018131131	5.2200103e-05	0.023442347	0.9707425	5.443771e-05	6.576732e-05	0.0004639998	6.531891e-05	6.7323475e-05	7.500617e-05	0.0	0.0	0.0	6.068769e-05	0.00013628388	0.00061528926
SRR5047079	4	Homo sapiens	3.4543237e-09	0.0	1.3623537e-09	5.2317983e-10	1.2012888e-10	4.5396657e-08	2.7883496e-07	2.287175e-09	4.0249594e-07	6.058928e-07	5.182184e-08	0.9995006	0.000107734384	0.00039031077	1.2208441e-10	6.1854033e-10	8.35327e-10	8.1609475e-10	0.0	0.0	0.0	1.7706336e-11	3.1034884e-09	3.5121706e-09
SRR5047080	4	Homo sapiens	4.8852857e-05	0.0	3.4348206e-05	4.842347e-05	0.000860951	3.4975787e-05	3.1898093e-05	4.035747e-05	0.0014681389	7.079249e-05	0.006920207	0.98945266	0.00013738123	0.00014274055	6.866442e-05	3.829959e-05	3.7908183e-05	4.1848667e-05	0.0	0.0	0.0	2.1185224e-05	7.77738e-05	0.00042258232
SRR5047081	4	Homo sapiens	5.6683686e-10	0.0	1.6900646e-10	6.3985095e-11	1.0233916e-11	2.030143e-07	3.7864062e-08	2.6073957e-10	1.1222026e-08	6.75155e-08	1.1383844e-09	0.99983424	0.00014535853	2.0053436e-05	1.9072018e-11	8.047687e-11	1.0171143e-10	1.14674666e-10	0.0	0.0	0.0	2.1142573e-12	8.2795676e-10	4.3248163e-10
SRR5047082	4	Homo sapiens	9.905758e-05	0.0	6.151596e-05	0.00012056658	0.0018904274	0.00010882192	3.6123703e-05	7.699109e-05	0.002964343	6.666208e-05	0.026837043	0.96550786	8.988188e-05	8.739261e-05	0.00048087855	8.2951425e-05	8.5044914e-05	8.6558306e-05	0.0	0.0	0.0	9.30429e-05	0.00033456535	0.0008902862
SRR5047083	4	Homo sapiens	5.941894e-06	0.0	5.48064e-06	3.1102065e-06	1.4078046e-05	2.187647e-06	1.7098639e-06	3.5533233e-06	0.000451299	5.745682e-05	0.0007793466	0.997119	0.00047811147	0.0010109625	1.0800142e-06	2.962305e-06	2.9744967e-06	3.4122127e-06	0.0	0.0	0.0	3.2670596e-07	1.043477e-05	4.654074e-05
SRR5047084	4	Homo sapiens	0.00076048856	0.0	0.000591665	0.0011562302	0.043100595	0.0005542868	0.0006461698	0.0007256783	0.042032927	0.0008542437	0.20115873	0.6925278	0.000714759	0.0006281623	0.0009493661	0.0007319498	0.0007748063	0.0008086204	0.0	0.0	0.0	0.0010689967	0.002802117	0.0074124434
SRR5047085	4	Homo sapiens	1.4166861e-06	0.0	1.196076e-06	5.4564396e-07	1.5076499e-06	5.974033e-07	3.7266324e-07	8.656005e-07	0.00012217219	2.3692155e-05	0.0002076919	0.99466145	0.0035427138	0.0014215083	2.151273e-07	6.119576e-07	5.6873995e-07	7.661982e-07	0.0	0.0	0.0	2.2006228e-08	1.2136177e-06	1.0895344e-05
SRR5047086	4	Homo sapiens	0.00044107524	0.0	0.0003221518	0.0006641117	0.01636479	0.0003048701	0.00038868142	0.00040231866	0.02519421	0.0003810892	0.09884524	0.848047	0.0003363015	0.00040218432	0.00076701195	0.00040087206	0.00041992086	0.00042118676	0.0	0.0	0.0	0.00049913285	0.0011374945	0.004260322
SRR5047087	4	Homo sapiens	8.312023e-06	0.0	3.9957517e-06	5.6446315e-06	0.00017898547	2.9867786e-06	4.6820355e-06	5.3931863e-06	0.00010815906	4.426578e-06	0.0008493096	0.9985581	3.7374475e-06	7.197295e-06	0.00016723528	5.9064932e-06	6.1828027e-06	7.3409474e-06	0.0	0.0	0.0	4.8219877e-06	1.1218823e-05	5.6359826e-05
SRR5047088	4	Homo sapiens	8.3153867e-10	0.0	2.1291337e-10	2.0042555e-10	2.3926143e-09	1.402112e-07	1.33344225e-08	3.7965975e-10	6.3274666e-09	6.946418e-08	2.9665276e-10	0.99980503	0.00016648232	2.8258166e-05	5.7847283e-11	1.2347999e-10	1.54332e-10	1.7134544e-10	0.0	0.0	0.0	7.924002e-12	1.2277936e-09	3.6794282e-10
SRR5047089	4	Homo sapiens	3.216937e-11	0.0	1.1354024e-11	3.19867e-12	9.936298e-13	9.971405e-11	2.2218165e-11	1.927681e-11	2.7832678e-09	2.7996112e-09	2.3993255e-10	0.99999505	3.5433816e-06	1.3953959e-06	2.9078675e-12	5.4308654e-12	6.3796555e-12	7.759925e-12	0.0	0.0	0.0	4.4291803e-14	4.614815e-11	4.8451396e-11
SRR5047090	4	Homo sapiens	6.0147e-11	0.0	1.6968624e-11	6.5977696e-12	3.3670683e-12	5.1231137e-11	3.852761e-11	3.462579e-11	9.693762e-09	6.5044943e-09	2.423262e-09	0.9999838	1.1960767e-05	4.251646e-06	1.8475041e-12	1.0070395e-11	1.1607872e-11	1.6179873e-11	0.0	0.0	0.0	4.2237183e-14	1.1520811e-11	6.4979085e-11
SRR5047091	4	Homo sapiens	6.0293126e-10	0.0	2.8671013e-10	9.386795e-11	2.8349316e-11	1.2980145e-10	3.0137843e-09	4.1839893e-10	1.2854815e-07	9.708712e-08	4.8648705e-08	0.99990636	9.090508e-06	8.429602e-05	2.6194345e-11	1.1528908e-10	1.3955298e-10	1.5919167e-10	0.0	0.0	0.0	5.2419923e-13	2.0078374e-10	1.1511986e-09
SRR5047092	4	Homo sapiens	0.00011139075	0.0	0.00022820017	0.0063011986	0.00010877832	7.785963e-06	1.6430741e-06	6.1344675e-05	0.0016647164	5.776587e-05	2.3177477e-05	0.43048695	2.2711882e-05	0.0028929093	0.54383546	3.2355543e-05	3.479785e-05	6.1466024e-05	0.0	0.0	0.0	0.0019272014	0.00028496675	0.0118552055
SRR5047093	4	Homo sapiens	1.9130164e-07	0.0	1.4385135e-07	4.210449e-08	6.476538e-08	1.739866e-08	1.08015215e-08	1.3874767e-07	2.0716181e-05	3.6499396e-06	2.0538104e-05	0.9977049	0.00031499902	0.0019317613	1.0471172e-07	5.6101136e-08	5.792405e-08	7.2410835e-08	0.0	0.0	0.0	4.8939013e-09	5.3454055e-08	2.481322e-06
SRR5047094	4	Homo sapiens	2.9318732e-09	0.0	1.7170593e-09	4.5681753e-10	3.7011952e-10	1.039898e-09	3.8558062e-10	2.1414053e-09	9.4018617e-07	2.6185134e-07	3.9629813e-07	0.9998398	3.3614942e-05	0.00012498979	1.1098706e-10	7.478886e-10	8.1427154e-10	9.639819e-10	0.0	0.0	0.0	5.1617348e-12	2.047411e-09	8.641555e-09
SRR5047095	4	Homo sapiens	4.1688772e-06	0.0	2.220002e-06	3.0138976e-06	0.00010585699	4.75411e-06	1.3417673e-06	2.9989783e-06	7.179693e-05	5.6876206e-06	7.7760495e-05	0.9996476	7.1433915e-06	6.3975344e-06	9.801836e-06	2.929562e-06	2.9364794e-06	3.245168e-06	0.0	0.0	0.0	2.0204927e-06	1.4717648e-05	2.3611154e-05
SRR5047096	4	Homo sapiens	8.2520006e-07	0.0	1.1124022e-06	1.0542562e-05	4.4504816e-07	4.998158e-07	1.0010346e-07	2.7155244e-07	2.6247353e-06	0.00013935374	1.021226e-05	0.9997039	4.384758e-05	6.1375727e-06	3.662806e-07	3.1076488e-07	2.5661595e-07	1.6578026e-06	0.0	0.0	0.0	4.9834767e-08	7.717319e-05	3.3331128e-07
SRR5047097	4	Homo sapiens	8.9876715e-07	0.0	7.6414926e-07	2.8423017e-07	2.0087379e-07	3.7366985e-07	9.691325e-08	6.4962904e-07	0.00018783825	1.8435827e-05	0.00016058084	0.96448505	0.029552447	0.005586576	4.7373896e-07	2.676394e-07	2.7238823e-07	3.4366602e-07	0.0	0.0	0.0	6.714785e-09	8.1462014e-07	3.6502104e-06
SRR5047098	4	Homo sapiens	5.7585266e-11	0.0	2.4526228e-11	8.613426e-12	2.1317355e-12	7.683226e-11	9.836733e-11	2.8590975e-11	6.758436e-09	7.519767e-09	8.4147994e-10	0.9999897	8.044538e-06	2.2599547e-06	4.6580053e-12	1.0670708e-11	1.16454546e-11	1.9046426e-11	0.0	0.0	0.0	7.13811e-14	2.6683749e-11	6.604247e-11
SRR5047099	4	Homo sapiens	9.047297e-06	0.0	9.280698e-06	2.251012e-05	8.6608285e-05	6.212318e-06	5.171298e-06	6.1324013e-06	8.845704e-05	0.00012291262	0.0006637022	0.9986346	2.1396167e-05	5.3543185e-06	9.681281e-06	6.794328e-06	6.312755e-06	1.877915e-05	0.0	0.0	0.0	5.1376255e-06	0.00025630757	1.5623125e-05
SRR5047100	4	Homo sapiens	1.7146255e-06	0.0	1.2220092e-06	9.794712e-07	9.37301e-06	6.332222e-07	6.7322327e-07	1.0374531e-06	3.5210374e-05	3.3836443e-06	0.00012184874	0.9997778	1.4070076e-05	1.2550898e-05	1.7778157e-06	9.45399e-07	9.677666e-07	1.1346765e-06	0.0	0.0	0.0	2.9076259e-07	1.4727468e-06	1.2894032e-05
SRR5047101	4	Homo sapiens	0.00068866956	0.0	0.0007164467	0.00079371635	0.008680322	0.00019368544	0.00019410132	0.0007541297	0.055158433	0.0007271287	0.10937366	0.78918636	0.0010349974	0.00384751	0.013601274	0.0005649977	0.0006026204	0.0006369784	0.0	0.0	0.0	0.0028782045	0.00088770926	0.009479058
SRR5047102	4	Homo sapiens	0.0002112466	0.0	0.00012529448	0.00024552588	0.006216019	0.00013437304	0.00016861015	0.00016938182	0.011659206	0.0001782248	0.033744514	0.9432575	0.00017908395	0.00023800587	0.0004044695	0.00017541827	0.00018366807	0.00019004029	0.0	0.0	0.0	0.00021006429	0.0004534469	0.001855899
SRR5047103	4	Homo sapiens	0.00056419877	0.0	0.0004513763	0.0009505175	0.019495012	0.00047610633	0.00056748564	0.0005507574	0.03749121	0.00055504247	0.8205222	0.10633392	0.00048754158	0.00053798745	0.0008736331	0.00056211965	0.00058609486	0.0005828831	0.0	0.0	0.0	0.00077083486	0.001802261	0.005838806
SRR5047104	4	Homo sapiens	1.3433191e-05	0.0	7.070051e-07	1.030226e-05	8.818186e-06	7.758852e-07	2.3205354e-07	6.2868535e-06	0.00059668254	1.5490657e-05	0.0011696694	0.99809664	1.8246486e-05	8.253873e-06	2.5581887e-06	1.2916102e-05	1.1327118e-05	1.1110869e-05	0.0	0.0	0.0	4.007021e-06	4.0134196e-06	8.546357e-06
SRR5047105	4	Homo sapiens	2.8357414e-07	0.0	1.50564e-07	5.6333874e-07	1.1157545e-06	1.0870497e-07	4.4583988e-08	1.2375997e-07	9.59187e-07	4.8615466e-06	3.2233565e-06	0.99997866	2.714626e-06	4.567962e-07	2.4970606e-07	1.4181902e-07	1.3200197e-07	3.9423372e-07	0.0	0.0	0.0	7.405172e-08	5.326169e-06	4.1214807e-07
SRR5047106	4	Homo sapiens	2.741873e-10	0.0	1.3782923e-10	3.6281433e-11	4.0319123e-11	1.4598807e-10	1.08637786e-10	1.6367797e-10	3.399969e-08	2.195127e-08	6.174799e-09	0.99998426	1.513681e-06	1.4148366e-05	8.751685e-12	6.3732075e-11	7.3981835e-11	8.918029e-11	0.0	0.0	0.0	4.1059812e-13	9.827072e-11	7.5743206e-10
SRR5047107	4	Homo sapiens	3.339836e-07	0.0	7.9041065e-08	1.5625275e-06	3.9731203e-06	6.1279486e-08	9.104796e-08	4.881531e-07	3.0071786e-05	2.0211458e-07	4.20141e-05	0.99991184	2.2997898e-07	1.3923646e-07	5.1383773e-07	1.5732963e-06	1.902633e-06	3.3424187e-06	0.0	0.0	0.0	1.456151e-07	2.4448022e-07	1.2009233e-06
SRR5047108	4	Homo sapiens	4.072635e-12	0.0	9.372862e-13	1.2859721e-12	1.8618772e-13	1.7416926e-11	4.3966475e-12	3.242569e-12	1.8988046e-10	3.720804e-10	1.2257382e-11	0.9999998	7.686294e-08	1.2309563e-07	1.4151573e-13	1.3774731e-12	8.654369e-13	3.305822e-10	0.0	0.0	0.0	6.3524735e-15	2.135351e-12	1.7421572e-12
SRR5047109	4	Homo sapiens	9.580165e-08	0.0	4.7981835e-08	2.60957e-08	1.2174999e-09	2.8121925e-05	8.137512e-06	5.59416e-08	3.6846384e-06	1.4845626e-05	1.1265807e-06	0.9774297	0.017304108	0.0052095144	8.682651e-08	1.663988e-08	2.1651116e-08	2.2115099e-08	0.0	0.0	0.0	9.775015e-10	1.6815054e-07	2.012672e-07
SRR5047110	4	Homo sapiens	1.0351529e-06	0.0	5.993997e-07	1.0884985e-06	7.4082427e-06	4.17719e-07	2.5812633e-07	5.1061016e-07	4.6900986e-06	6.648417e-06	2.4645295e-05	0.9999337	4.6382766e-06	1.1480047e-06	1.9298327e-06	5.64299e-07	5.202109e-07	1.1781776e-06	0.0	0.0	0.0	2.2909035e-07	5.8476567e-06	2.9519183e-06
SRR5047111	4	Homo sapiens	0.00016586072	0.0	1.5341098e-09	9.1141585e-05	3.7251227e-06	4.5740953e-10	2.186845e-09	0.0010859604	0.00023303382	3.5396585e-08	6.369006e-05	0.99806505	1.6578122e-07	6.02981e-09	1.780586e-06	1.3247002e-07	1.1827965e-07	2.2083454e-07	0.0	0.0	0.0	1.846287e-07	1.4554104e-08	0.00028884172
SRR5047112	4	Homo sapiens	0.0009238573	0.0	0.000802506	0.0016476798	0.03583769	0.00079668855	0.0009277712	0.0009525889	0.090073206	0.00100891	0.72663945	0.11899021	0.0008638544	0.00090134196	0.001248118	0.00094169687	0.0009949271	0.0009938766	0.0	0.0	0.0	0.0013319243	0.0038437312	0.010279972
SRR5047113	4	Homo sapiens	1.261603e-10	0.0	6.7535764e-12	6.567762e-12	1.6875827e-12	3.2973975e-12	7.496599e-12	8.126217e-11	4.1790223e-08	6.566604e-09	2.4245492e-09	0.99999547	3.0393937e-06	1.4471821e-06	1.1609736e-12	1.6553568e-11	1.6149315e-11	2.0651156e-11	0.0	0.0	0.0	3.141862e-14	8.487276e-12	9.7492625e-11
SRR5047114	4	Homo sapiens	6.202744e-06	0.0	3.7153716e-06	5.6078597e-06	9.4956944e-05	2.8961758e-06	3.1138256e-06	3.92114e-06	0.00013334879	1.0147963e-05	0.0002160568	0.9994096	1.2449023e-05	1.2540606e-05	1.2055325e-05	4.063773e-06	4.102911e-06	4.5574648e-06	0.0	0.0	0.0	2.1302883e-06	8.339888e-06	5.01724e-05
SRR5047115	4	Homo sapiens	1.7712912e-08	0.0	8.3401e-09	2.8563847e-09	7.1216855e-10	8.594183e-09	6.7704216e-09	1.1806545e-08	5.3833714e-06	2.9429543e-06	1.011271e-05	0.9965161	0.0005966688	0.0028686556	1.1205256e-09	3.351977e-09	3.882988e-09	4.5386686e-09	0.0	0.0	0.0	1.030829e-11	1.6387192e-08	2.1083238e-08
SRR5047116	4	Homo sapiens	4.6851434e-09	0.0	1.8915165e-09	7.7101164e-10	1.7517619e-10	1.8049452e-07	1.777652e-07	2.4978122e-09	2.3748662e-07	6.440803e-07	2.5193902e-08	0.99948514	0.00012816426	0.00038539857	2.0721916e-10	8.2470203e-10	1.0601875e-09	1.1325653e-09	0.0	0.0	0.0	1.9500991e-11	9.094776e-09	4.0888057e-09
SRR5047117	4	Homo sapiens	3.543039e-06	0.0	1.996257e-06	3.9184156e-06	7.0662085e-05	2.3935117e-06	2.284429e-06	2.8903535e-06	8.1391525e-05	3.045987e-06	0.00013203261	0.9996354	4.1697795e-06	4.3610676e-06	7.937728e-06	2.907911e-06	2.9290993e-06	3.23301e-06	0.0	0.0	0.0	2.9085484e-06	7.886329e-06	2.4127183e-05
SRR5047118	4	Homo sapiens	3.0279612e-06	0.0	1.5510946e-06	1.0564075e-06	6.931721e-08	0.012142176	0.000977957	1.8481272e-06	0.00017235933	0.00070268684	5.0048282e-05	0.4454994	0.21951057	0.32091168	7.880547e-08	5.4814177e-07	7.7674605e-07	7.25724e-07	0.0	0.0	0.0	5.863966e-08	2.0993815e-05	2.4163924e-06
SRR5047119	4	Homo sapiens	5.8442872e-08	0.0	3.103069e-08	7.8264755e-09	1.2010273e-08	1.9136062e-08	4.2649355e-09	3.1343557e-08	1.0468688e-05	1.7542706e-06	3.9138e-05	0.9982895	0.0003105611	0.0013481266	6.832412e-09	1.3303926e-08	1.44742085e-08	1.7616362e-08	0.0	0.0	0.0	1.2736304e-10	3.2322383e-08	1.9326414e-07
SRR5047120	4	Homo sapiens	9.2833525e-06	0.0	5.5505434e-06	6.749826e-06	0.00019353052	4.3168916e-06	5.788695e-06	6.690393e-06	0.00016363733	8.430377e-06	0.00069677783	0.99870944	8.160593e-06	9.895527e-06	3.1559306e-05	6.5015915e-06	6.813702e-06	7.366426e-06	0.0	0.0	0.0	4.8668135e-06	1.1854158e-05	0.00010276945
SRR5047121	4	Homo sapiens	7.878227e-10	0.0	3.1112246e-10	3.6481285e-10	2.2538549e-12	4.4696524e-08	2.6714687e-08	2.9748976e-10	6.043423e-09	1.4855707e-06	2.0918294e-09	0.9998457	0.000101771635	5.0946117e-05	5.2111846e-11	9.441898e-11	1.05213616e-10	2.9310973e-10	0.0	0.0	0.0	1.9435733e-12	5.5095708e-08	7.874978e-11
SRR5047122	4	Homo sapiens	4.2725884e-10	0.0	1.3771874e-10	1.2155627e-10	1.3487823e-11	7.377381e-10	1.4116794e-10	4.3341153e-10	1.1196401e-07	3.812992e-08	2.4022052e-08	0.99987954	9.6694355e-05	2.3611788e-05	8.695751e-12	1.2325245e-10	1.1746625e-10	1.7552515e-10	0.0	0.0	0.0	3.0614205e-13	1.3804213e-09	4.074682e-10
SRR5047123	4	Homo sapiens	1.4718198e-07	0.0	5.6562694e-08	4.3488754e-08	1.0320447e-09	0.00024398201	1.926154e-05	5.235909e-08	1.923034e-06	2.033453e-05	7.2337434e-07	0.9690412	0.023321962	0.007349416	2.4928772e-07	1.7530084e-08	2.3159254e-08	2.8853576e-08	0.0	0.0	0.0	1.6414606e-09	4.608315e-07	1.0090913e-07
SRR5047124	4	Homo sapiens	2.8544578e-08	0.0	1.33453195e-08	1.237259e-07	2.1841811e-11	1.4056046e-06	9.453858e-08	4.735421e-09	6.294555e-08	4.4596258e-05	6.4185643e-09	0.9947938	0.0020399797	0.0031187406	4.7631463e-08	1.08111e-09	1.352764e-09	6.2470327e-09	0.0	0.0	0.0	3.715213e-11	1.0937196e-06	1.4836442e-08
SRR5047125	4	Homo sapiens	3.6065277e-36	0.0	4e-45	2.3327863e-27	1.85e-43	1e-45	1e-45	2.3104405e-32	4.6943225e-27	6.4273985e-36	2.387156e-28	1.0	8.356435e-39	1.86039e-40	2.4e-43	5.829055e-24	8.739212e-27	9.3702425e-20	0.0	0.0	0.0	2.598e-42	7e-45	4e-45
SRR5047126	4	Homo sapiens	5.367376e-05	0.0	3.3197535e-05	6.056524e-05	0.001977906	3.298032e-05	4.393768e-05	4.4661414e-05	0.001998757	4.019305e-05	0.0045359405	0.99012583	3.486486e-05	4.6042187e-05	0.0001581443	4.653476e-05	4.9060407e-05	5.0492727e-05	0.0	0.0	0.0	4.782589e-05	0.00011678984	0.00050258596
SRR5047127	4	Homo sapiens	4.8522997e-10	0.0	5.8258575e-15	1.1992181e-10	1.178299e-15	6.9876153e-11	1.9461514e-11	1.1649766e-10	2.251849e-09	2.9882812e-09	2.7655035e-11	0.99999976	2.2723327e-07	1.5944421e-09	5.2211307e-14	6.191256e-12	5.5616505e-12	1.2131649e-11	0.0	0.0	0.0	7.515741e-14	4.0547722e-13	5.2748826e-13
SRR5047128	4	Homo sapiens	1.6665334e-08	0.0	1.6428997e-08	1.5627328e-09	9.6149755e-11	3.4873169e-09	3.8400363e-10	1.778875e-08	9.688926e-06	1.62689e-06	2.0837005e-07	0.8324605	0.00016519759	0.16736218	3.8226992e-07	2.3506264e-09	2.8326317e-09	3.538169e-09	0.0	0.0	0.0	2.847471e-09	1.49661e-08	1.0170338e-07
SRR5047129	4	Homo sapiens	5.564179e-08	0.0	4.1635342e-08	1.1339646e-07	3.671289e-10	5.9611733e-09	8.2625934e-10	1.6254159e-08	6.035054e-07	2.3007613e-06	2.104167e-08	0.9955633	6.398211e-05	0.004364975	3.1519282e-06	5.187901e-09	5.237067e-09	1.1500175e-08	0.0	0.0	0.0	7.613215e-10	2.183634e-07	1.1431775e-06
SRR5047130	4	Homo sapiens	0.00040157165	0.0	0.00045994122	0.00094075676	0.007356276	0.00037465725	0.00020291151	0.00030612454	0.010829854	0.0018573342	0.09709053	0.86807185	0.0011572373	0.00034743402	0.0004943945	0.000340447	0.00033023494	0.0006548111	0.0	0.0	0.0	0.00027690362	0.0067431866	0.0017635194
SRR5047131	4	Homo sapiens	6.506222e-06	0.0	9.563577e-06	3.4775534e-05	1.8105504e-05	7.836753e-06	1.1909358e-06	3.7549098e-06	5.917326e-05	0.00051401934	0.00030642794	0.9958515	3.891151e-05	4.2035267e-06	5.428404e-06	4.1742396e-06	3.5746266e-06	2.3434393e-05	0.0	0.0	0.0	2.4314231e-06	0.003101048	3.899911e-06
SRR5047132	4	Homo sapiens	4.456461e-06	0.0	4.231612e-06	2.137114e-06	2.0437215e-06	9.104598e-06	2.4519811e-06	3.6189597e-06	0.0012986404	0.00015880742	0.001407466	0.9731016	0.013181448	0.010801734	4.6045378e-07	1.5869124e-06	1.827473e-06	1.9841932e-06	0.0	0.0	0.0	5.0162473e-08	1.0888122e-06	1.5271213e-05
SRR5047133	4	Homo sapiens	1.926927e-05	0.0	1.3712611e-05	1.523735e-05	0.00017286421	9.07263e-06	9.119747e-06	1.0722813e-05	0.0007222322	3.1344793e-05	0.001349881	0.997179	7.551361e-05	9.564826e-05	2.3945384e-05	1.2417672e-05	1.2202715e-05	1.4107302e-05	0.0	0.0	0.0	7.089211e-06	2.5746553e-05	0.00020088113
SRR5047134	4	Homo sapiens	1.662803e-05	0.0	9.4448615e-06	1.892424e-05	0.000418921	9.866009e-06	1.1352078e-05	1.40180355e-05	0.0005303398	1.6114758e-05	0.00064686005	0.99800974	1.6275577e-05	1.7188884e-05	3.5252437e-05	1.3361794e-05	1.4065444e-05	1.4838816e-05	0.0	0.0	0.0	1.6005382e-05	3.2614815e-05	0.00013821638
SRR5047135	4	Homo sapiens	6.2755e-07	0.0	4.45183e-07	1.003304e-06	3.74876e-07	1.2477268e-07	7.242977e-08	3.3171617e-07	8.733197e-06	1.3856927e-05	2.539298e-05	0.99986476	5.7824036e-05	1.5012629e-05	3.0605412e-07	2.810922e-07	2.0099331e-07	6.957776e-07	0.0	0.0	0.0	3.7543735e-08	9.049918e-06	8.4224376e-07
SRR5047136	4	Homo sapiens	6.8221e-05	0.0	0.00016449612	0.0020221975	7.033642e-05	2.6383289e-06	1.7058239e-06	3.703978e-05	0.00075185753	9.856041e-05	3.1357093e-05	0.7916143	2.3646951e-05	0.002003134	0.19750115	2.1579928e-05	2.1997988e-05	5.0972318e-05	0.0	0.0	0.0	0.00089767744	0.00014838752	0.0044687265
SRR5047137	4	Homo sapiens	6.5660906e-08	0.0	4.041566e-08	1.586925e-08	7.52093e-08	2.1897586e-08	2.1960604e-08	3.7437317e-08	4.2025517e-06	1.065868e-06	1.209013e-06	0.9999077	2.3745293e-05	6.132329e-05	1.1079342e-08	2.3059028e-08	2.465159e-08	3.014982e-08	0.0	0.0	0.0	1.0572923e-09	3.9933386e-08	3.5293786e-07
SRR5047138	4	Homo sapiens	2.5217803e-08	0.0	1.0112087e-08	5.8124847e-09	8.680786e-10	2.844693e-07	1.6367032e-06	2.0180506e-08	4.258537e-06	5.458456e-06	1.1485e-06	0.9953109	0.0012184161	0.0034577837	5.099228e-10	5.204443e-09	6.35472e-09	7.457809e-09	0.0	0.0	0.0	6.9359296e-11	1.9221607e-08	2.2157138e-08
SRR5047139	4	Homo sapiens	0.001014907	0.0	0.00087071245	0.0018858392	0.037187222	0.00083737506	0.001067763	0.001011744	0.12903897	0.0011005447	0.32911864	0.47406316	0.000899152	0.000954643	0.0013644049	0.0010201851	0.001078837	0.0010954102	0.0	0.0	0.0	0.0013214306	0.0037588514	0.011310205
SRR5047140	4	Homo sapiens	2.780325e-07	0.0	1.9965007e-07	9.19059e-08	9.19996e-07	7.426109e-08	5.1481663e-08	1.4498667e-07	4.1755093e-06	1.7542874e-06	1.5106381e-05	0.9999315	1.9425932e-05	2.4078741e-05	2.3716326e-07	1.0190296e-07	1.0199426e-07	1.2923041e-07	0.0	0.0	0.0	6.659067e-09	1.3738233e-07	1.4583599e-06
SRR5047141	4	Homo sapiens	9.212487e-09	0.0	5.7982246e-09	1.3711562e-09	2.7037632e-09	2.5249498e-09	1.022748e-09	4.989894e-09	1.1198696e-06	2.7543015e-07	5.239905e-07	0.99987113	3.297823e-05	9.390049e-05	7.7914747e-10	2.673707e-09	2.683209e-09	3.4939678e-09	0.0	0.0	0.0	2.9584554e-11	1.1493312e-08	3.262425e-08
SRR5047142	4	Homo sapiens	5.045776e-07	0.0	7.879019e-07	1.3708008e-06	2.5007833e-07	3.3828533e-07	3.679919e-08	1.631533e-07	3.6932306e-06	0.00027566592	5.6164786e-06	0.9994476	0.00017632256	1.4066131e-05	1.09449395e-07	1.6330432e-07	1.3227516e-07	1.206697e-06	0.0	0.0	0.0	1.3107947e-08	7.175729e-05	2.0114719e-07
SRR5047143	4	Homo sapiens	1.8592722e-05	0.0	2.7893908e-05	0.0002841087	0.00011792564	1.4625883e-05	7.509152e-06	1.039001e-05	0.00033715903	0.000222248	0.00024612155	0.9968062	8.0108075e-05	1.2824922e-05	1.6985405e-05	1.2830216e-05	1.1435762e-05	3.6791163e-05	0.0	0.0	0.0	5.7166785e-06	0.001698336	3.22224e-05
SRR5047144	4	Homo sapiens	4.839674e-34	0.0	1.6069063e-36	4.4270894e-25	1.019027e-35	5.7372567e-37	1.2188703e-36	2.3777586e-28	1.2787671e-25	9.620668e-33	1.2267483e-24	1.0	4.707483e-33	2.096729e-31	1.4161179e-36	2.0238331e-24	9.028106e-28	1.652726e-24	0.0	0.0	0.0	1.9062716e-38	3.5428717e-36	7.263293e-37
SRR5047145	4	Homo sapiens	0.00020703317	0.0	0.00013655164	0.00028605366	0.0069404924	0.0001399653	0.00019943297	0.00019388145	0.01089054	0.00017805393	0.032714676	0.9438719	0.00016819534	0.00019511973	0.00034590642	0.00019350606	0.0002040298	0.00020624319	0.0	0.0	0.0	0.00027790514	0.00057100283	0.0020794908
SRR5047146	4	Homo sapiens	6.019499e-09	0.0	2.6667304e-09	1.1681695e-09	1.698382e-10	1.679097e-08	2.161132e-07	4.2348733e-09	5.737542e-07	1.4505248e-06	1.0280042e-07	0.9988769	0.00029324833	0.0008274019	1.8283715e-10	1.0525499e-09	1.3374386e-09	1.4266869e-09	0.0	0.0	0.0	1.1308588e-11	8.530259e-09	6.0967844e-09
SRR5047147	4	Homo sapiens	6.0647794e-06	0.0	5.147518e-06	4.055913e-06	8.025935e-05	2.4046053e-06	2.9670648e-06	4.528585e-06	0.00013931471	1.33382055e-05	0.00022581554	0.9993707	1.827656e-05	2.689868e-05	1.3976899e-05	3.876533e-06	4.119412e-06	4.6942623e-06	0.0	0.0	0.0	1.3076087e-06	7.398378e-06	6.4846136e-05
SRR5047148	4	Homo sapiens	2.1198048e-05	0.0	1.0965386e-05	1.9074767e-05	0.00070725894	1.0499734e-05	1.672031e-05	1.8326024e-05	0.00073181716	1.5396281e-05	0.0011702657	0.9968813	1.3744509e-05	1.8833898e-05	4.535336e-05	1.6708671e-05	1.7755747e-05	1.8319686e-05	0.0	0.0	0.0	2.1282829e-05	3.897893e-05	0.00020618184
SRR5047149	4	Homo sapiens	2.5759537e-05	0.0	2.0719406e-05	2.169848e-05	0.00014083937	1.0779627e-05	1.3833002e-05	1.615399e-05	0.0009312105	7.075129e-05	0.0017708201	0.99623567	0.00021483781	0.00017849875	2.810477e-05	1.7050888e-05	1.6868658e-05	1.9151825e-05	0.0	0.0	0.0	8.839964e-06	3.418189e-05	0.00022423387
SRR5047150	4	Homo sapiens	3.0350855e-05	0.0	3.5572113e-05	0.00017256034	0.00014939188	3.7048416e-05	1.3228338e-05	2.0110143e-05	0.00055344816	0.00045645228	0.001065162	0.99409616	0.00010627038	2.13044e-05	2.6498308e-05	2.1918038e-05	2.0132577e-05	6.6677545e-05	0.0	0.0	0.0	1.3245152e-05	0.0030464486	4.8004906e-05
SRR5047151	4	Homo sapiens	2.5894682e-09	0.0	1.8460585e-09	1.876159e-09	4.0421517e-11	4.1763514e-08	1.2205382e-08	1.4114365e-09	6.1897447e-07	4.8237735e-06	1.9619897e-08	0.9994588	0.00033785801	0.00019779115	2.948905e-11	4.1249218e-10	4.9164117e-10	1.1972134e-09	0.0	0.0	0.0	2.755373e-12	1.8268974e-08	7.0245365e-10
SRR5047152	4	Homo sapiens	1.0231946e-07	0.0	6.952803e-08	3.1955713e-07	6.6853895e-10	0.0005357971	1.5035923e-05	4.7013856e-08	2.2382615e-06	9.858617e-05	8.563546e-08	0.97711295	0.012411137	0.009820946	3.2270167e-09	1.5200552e-08	1.9854706e-08	3.5246803e-08	0.0	0.0	0.0	1.1346744e-09	2.6028197e-06	2.5362322e-08
SRR5047153	4	Homo sapiens	1.912662e-09	0.0	7.9398566e-10	3.004033e-10	5.5974902e-11	1.4410824e-08	4.9403113e-09	1.1065957e-09	2.7403044e-07	2.1359867e-07	3.1996407e-07	0.99951696	0.00039070443	9.148068e-05	6.691261e-11	3.332341e-10	3.9513395e-10	4.4642046e-10	0.0	0.0	0.0	2.3605228e-12	8.1232576e-10	1.8149132e-09
SRR5047154	4	Homo sapiens	2.689731e-18	0.0	6.850177e-24	4.476245e-17	9.765736e-24	2.4603655e-24	1.1679329e-23	3.7479425e-18	9.70835e-16	1.2217477e-17	9.313504e-18	1.0	2.3788654e-18	2.5883774e-18	8.2145866e-23	1.9878524e-16	8.661239e-18	4.9720604e-14	0.0	0.0	0.0	7.178733e-23	4.7819502e-23	2.7554347e-23
SRR5047155	4	Homo sapiens	3.198337e-10	0.0	1.9160626e-10	7.458494e-11	6.6062273e-12	9.448795e-11	3.080275e-10	2.4044403e-10	6.4794854e-08	2.5521821e-08	7.992992e-09	0.9999046	4.9988448e-05	4.5308116e-05	6.4201776e-11	5.700276e-11	6.429666e-11	8.128874e-11	0.0	0.0	0.0	1.0021119e-12	1.2289049e-10	7.43467e-10
SRR5047156	4	Homo sapiens	1.9266483e-05	0.0	1.1348526e-05	1.09063e-05	0.00015625845	8.4890635e-06	7.273479e-06	1.1958817e-05	0.00038220175	4.913682e-05	0.0028136151	0.99597734	0.00014528491	0.00018648732	2.7377402e-05	1.1293036e-05	1.1563714e-05	1.2758495e-05	0.0	0.0	0.0	4.353528e-06	1.6281592e-05	0.00013680021
SRR5047157	4	Homo sapiens	0.00014596264	0.0	0.00010624673	0.00019026866	0.0047244737	0.00010242296	0.0001239141	0.00012430474	0.005262443	0.000118210664	0.03733561	0.94897205	9.358819e-05	0.00011739464	0.0003806213	0.00013023341	0.00013684636	0.00013886826	0.0	0.0	0.0	0.00013782254	0.00032973563	0.0013290049
SRR5047158	4	Homo sapiens	0.00014946524	0.0	0.00012850581	0.00020285165	0.0061569554	0.000102711834	0.0001321307	0.00013197122	0.007531888	0.00011419235	0.021129021	0.9610949	8.971196e-05	0.00011354132	0.00026128322	0.000133674	0.00014324285	0.00014640472	0.0	0.0	0.0	0.00015010643	0.0003684591	0.0017189775
SRR5047159	4	Homo sapiens	1.9318286e-06	0.0	4.4385058e-11	1.9954507e-07	6.16191e-07	2.0550167e-11	2.6319632e-11	0.0027564573	0.00016554832	9.723547e-09	5.5805043e-07	0.9970744	6.525581e-09	1.312746e-09	5.815454e-09	3.2150965e-08	8.006103e-09	1.4459806e-07	0.0	0.0	0.0	1.4233155e-09	1.2079142e-09	6.9684155e-08
SRR5047160	4	Homo sapiens	2.8717806e-05	0.0	4.0290543e-05	0.00014926842	0.00012125795	2.062899e-06	1.6803805e-06	2.1918748e-05	0.00042123115	1.890987e-05	8.3425955e-05	0.9764901	9.8972205e-06	0.0004465336	0.0208978	1.2680253e-05	1.3767575e-05	1.793114e-05	0.0	0.0	0.0	0.00023952559	1.7703947e-05	0.0009652996
SRR5047161	4	Homo sapiens	1.4404146e-07	0.0	1.1726885e-07	5.136161e-08	2.1088161e-07	3.8064975e-08	5.0246623e-08	6.944352e-08	8.293569e-06	1.6363919e-06	7.5446237e-06	0.99973303	9.974927e-05	0.00014773734	2.0691326e-08	5.9331022e-08	5.615459e-08	7.5286685e-08	0.0	0.0	0.0	2.324671e-09	1.1076601e-07	1.0078278e-06
SRR5047162	4	Homo sapiens	1.5284403e-09	0.0	5.1896754e-10	2.5599886e-10	1.234354e-10	2.3055873e-09	3.1129513e-10	7.045181e-10	1.0580628e-07	9.8393684e-08	2.552105e-08	0.9998519	0.00011494169	3.295605e-05	1.3549475e-10	2.6661198e-10	3.0244315e-10	3.7695697e-10	0.0	0.0	0.0	2.1601085e-12	2.2430449e-09	2.3514122e-09
SRR5047163	4	Homo sapiens	9.903092e-07	0.0	7.1283375e-07	4.4183355e-07	1.7326498e-06	4.1089228e-07	3.1796833e-07	4.7558908e-07	4.3079148e-05	5.892026e-06	6.56624e-05	0.99907666	0.0006160801	0.00017666587	2.6259812e-07	4.4494038e-07	4.0239593e-07	5.260153e-07	0.0	0.0	0.0	4.0608043e-08	9.59637e-07	8.235029e-06
SRR5047164	4	Homo sapiens	1.0504224e-05	0.0	1.2326798e-05	5.3079857e-06	1.9540612e-05	1.10920655e-05	2.6908745e-06	9.575376e-06	0.001081122	9.730996e-05	0.0015220656	0.99257785	0.0018214837	0.0027423413	3.7663788e-06	5.1422776e-06	5.371735e-06	6.1010596e-06	0.0	0.0	0.0	5.174386e-07	1.9162027e-05	4.6702982e-05
SRR5047165	4	Homo sapiens	1.4479878e-05	0.0	1.21620005e-05	9.804183e-06	0.0001148676	5.318811e-06	6.582334e-06	1.0932856e-05	0.00058683543	7.276504e-05	0.0011144256	0.9971971	0.00036860892	0.0003167842	7.768342e-06	8.356772e-06	8.596294e-06	9.819005e-06	0.0	0.0	0.0	1.7501397e-06	1.4406273e-05	0.000118634474
SRR5047166	4	Homo sapiens	3.3254313e-05	0.0	3.4391946e-05	1.5669902e-05	5.0213894e-05	5.1203355e-05	1.7913235e-05	2.7313508e-05	0.004327235	0.00047694432	0.007943909	0.9675273	0.0071327197	0.012041379	1.3492463e-05	1.5940037e-05	1.7362996e-05	1.9453793e-05	0.0	0.0	0.0	1.6699476e-06	6.8580106e-05	0.00018408496
SRR5047167	4	Homo sapiens	1.0187253e-09	0.0	4.781378e-10	3.867128e-09	2.9563951e-08	3.0827793e-10	4.6697474e-10	3.0997303e-09	1.0476805e-08	6.678753e-10	3.484844e-08	0.9999973	1.6230531e-09	6.873273e-09	1.1111053e-09	5.607705e-09	9.097899e-10	2.5577972e-06	0.0	0.0	0.0	2.1350495e-10	9.276516e-10	3.7096082e-09
SRR5047168	4	Homo sapiens	1.166239e-12	0.0	2.8957583e-14	7.9799205e-12	9.483119e-15	5.624651e-12	3.2615176e-13	5.063139e-12	1.0226245e-09	3.605051e-11	1.4257494e-10	1.0	1.6537837e-09	5.6592326e-09	1.5763732e-14	1.33402785e-11	5.9988048e-12	5.7353042e-11	0.0	0.0	0.0	4.5779903e-15	1.5824847e-14	2.1159262e-13
SRR5047169	4	Homo sapiens	1.0627748e-06	0.0	8.8298594e-07	4.8013163e-07	4.2009515e-06	4.7734926e-07	2.594249e-07	5.5438755e-07	2.4741266e-05	4.477425e-06	3.9422746e-05	0.9998777	1.6508973e-05	1.7164792e-05	1.0856155e-06	5.5039493e-07	5.4658835e-07	6.749203e-07	0.0	0.0	0.0	9.2268195e-08	1.3599175e-06	7.786032e-06
SRR5047170	4	Homo sapiens	8.556572e-11	0.0	5.117023e-11	1.1463418e-10	2.6048582e-12	2.2333287e-10	4.332461e-11	2.2731189e-10	4.0618215e-08	1.01152615e-08	7.659153e-09	0.9999858	1.0284619e-05	3.846618e-06	1.9207103e-12	8.1562555e-11	6.015381e-11	1.5738455e-10	0.0	0.0	0.0	7.365289e-14	6.551245e-10	7.0090114e-11
SRR5047171	4	Homo sapiens	2.8611469e-06	0.0	1.7391983e-06	3.7867298e-06	7.6552744e-05	9.839137e-07	1.2742346e-06	2.1133706e-06	0.00012306102	1.6578811e-06	8.598832e-05	0.9996423	1.7422363e-06	2.0311375e-06	1.33168905e-05	2.2964662e-06	2.4914902e-06	2.6652242e-06	0.0	0.0	0.0	4.435407e-06	4.88625e-06	2.37825e-05
SRR5047172	4	Homo sapiens	2.8210187e-10	0.0	1.1619256e-10	4.918341e-11	1.5298337e-11	7.750723e-11	5.101154e-11	1.8273977e-10	4.4482903e-08	2.0595877e-08	1.423769e-08	0.9999498	4.040755e-05	9.72562e-06	9.01826e-12	5.8112917e-11	5.862414e-11	1.7020065e-10	0.0	0.0	0.0	1.4673657e-13	1.4794208e-10	5.8488425e-10
SRR5047173	4	Homo sapiens	3.8380695e-06	0.0	2.5530503e-06	3.1414982e-06	4.3884073e-05	1.3636129e-06	1.8256011e-06	2.908446e-06	0.00012969757	7.476359e-06	0.00018805859	0.99953043	1.3087034e-05	2.1665808e-05	3.3114657e-06	2.9453777e-06	2.6260211e-06	3.91933e-06	0.0	0.0	0.0	1.0059811e-06	4.139609e-06	3.2093245e-05
SRR5047174	4	Homo sapiens	9.077628e-06	0.0	1.2995492e-06	1.2898739e-05	5.509198e-05	9.498142e-07	1.618859e-06	8.028935e-06	4.960755e-05	3.245345e-06	0.00058701134	0.9991528	2.3735333e-06	2.8119593e-06	9.649866e-06	5.896395e-06	4.7115686e-06	2.6400703e-05	0.0	0.0	0.0	3.1420777e-06	3.3322383e-06	6.0092607e-05
SRR5047175	4	Homo sapiens	0.0010988186	0.0	0.0011013143	0.0022257438	0.040683605	0.0007681984	0.0010481765	0.0010471252	0.06254461	0.0013965694	0.6710098	0.1889066	0.0012153034	0.0009371024	0.0014133109	0.0010575907	0.0011011041	0.0012620743	0.0	0.0	0.0	0.0014207797	0.008901997	0.010860191
SRR5047176	4	Homo sapiens	0.0003420147	0.0	0.00032294143	0.0003557133	0.005971559	0.00015117139	0.00017087301	0.00028249048	0.018781718	0.0007132915	0.05173288	0.9107425	0.001992058	0.0020201802	0.00030963827	0.0002569917	0.00026190653	0.0002809427	0.0	0.0	0.0	0.00018701432	0.0010734631	0.004050653
SRR5047177	4	Homo sapiens	7.940636e-09	0.0	3.6612502e-09	2.3054412e-09	1.2405643e-10	8.381506e-07	3.4761558e-07	5.203377e-09	4.0862653e-07	1.1693786e-06	5.5855374e-08	0.9966992	0.0028797844	0.00041813	2.9138092e-10	1.4116441e-09	1.8054725e-09	1.923325e-09	0.0	0.0	0.0	2.0456555e-11	2.8659814e-08	8.530266e-09
SRR5047178	4	Homo sapiens	3.836295e-09	0.0	2.5379008e-09	1.0966944e-09	6.638952e-10	8.384482e-10	5.8061944e-10	3.4780825e-09	1.7336766e-06	5.1135004e-07	1.4343344e-07	0.9999299	1.8919798e-05	4.877863e-05	1.5685826e-10	9.806227e-10	1.0898655e-09	1.7602457e-09	0.0	0.0	0.0	8.918902e-12	2.4338243e-09	5.7846323e-09
SRR5047179	4	Homo sapiens	3.542031e-08	0.0	1.4716343e-08	7.5137905e-09	4.5323253e-10	4.397675e-05	9.267835e-06	1.772264e-08	7.702925e-07	8.032753e-06	8.078189e-08	0.9820402	0.016548222	0.0013487495	1.8909694e-09	5.498124e-09	7.107457e-09	9.000316e-09	0.0	0.0	0.0	2.0628395e-10	5.4046563e-07	2.0042231e-08
SRR5047180	4	Homo sapiens	2.2775464e-15	0.0	1.8799168e-17	2.887621e-12	1.1240647e-18	1.2548498e-13	4.2255072e-14	2.3853063e-13	1.3479269e-09	1.67034e-13	3.082039e-12	1.0	3.1458348e-13	2.9851711e-12	6.923925e-18	4.0882085e-12	7.217203e-13	5.8510584e-12	0.0	0.0	0.0	9.144745e-18	3.598592e-16	5.786734e-18
SRR5047181	4	Homo sapiens	2.009945e-06	0.0	0.00079778547	0.00022546909	3.2232e-07	5.1020584e-07	3.160775e-06	4.345106e-07	4.9088694e-06	7.488194e-05	4.0056316e-06	0.984843	0.01345469	0.00058369566	3.1238696e-07	4.0841746e-07	3.777227e-07	6.000251e-07	0.0	0.0	0.0	3.3678635e-10	1.1502707e-06	2.2845625e-06
SRR5047182	4	Homo sapiens	8.83111e-09	0.0	4.0697548e-09	1.2935238e-08	1.7067334e-10	5.697668e-06	1.4875419e-06	9.609445e-09	6.575548e-07	1.4026054e-06	1.0095407e-07	0.99663997	0.0029260612	0.0004245282	3.3924766e-10	6.2548673e-09	4.0723904e-09	6.4397856e-09	0.0	0.0	0.0	7.1902054e-11	6.318807e-08	5.2110263e-09
SRR5047183	4	Homo sapiens	1.240748e-06	0.0	3.288585e-07	2.4211195e-07	1.4573498e-08	0.0010456489	0.00011581803	4.980772e-07	1.7764754e-05	0.00014150569	2.6899437e-05	0.59119713	0.33135107	0.07609621	2.1405215e-06	1.434186e-07	1.9128477e-07	2.1136077e-07	0.0	0.0	0.0	1.1902028e-08	2.3975958e-06	5.1715205e-07
SRR5047184	4	Homo sapiens	4.343374e-09	0.0	1.4940706e-09	9.814235e-10	5.4927726e-11	7.3908222e-06	1.38828855e-05	2.0020041e-09	5.865119e-08	4.5467007e-07	3.161908e-09	0.9995441	0.00016137106	0.00027270758	3.3217723e-10	6.537517e-10	9.2612895e-10	8.9370616e-10	0.0	0.0	0.0	1.9982235e-10	4.830789e-09	3.0520377e-09
SRR5047185	4	Homo sapiens	1.5065138e-09	0.0	8.3670193e-10	2.331121e-10	1.3869625e-10	2.0420154e-09	1.3883164e-10	1.1177748e-09	4.668525e-07	1.7409222e-07	8.643938e-08	0.99984866	4.4564003e-05	0.00010602996	2.4219838e-11	3.5665904e-10	4.159609e-10	4.6766174e-10	0.0	0.0	0.0	2.035931e-12	1.8059156e-09	2.8973703e-09
SRR5047186	4	Homo sapiens	1.3727414e-09	0.0	5.255065e-10	1.7167041e-10	9.916695e-11	5.152706e-10	1.4543639e-10	8.3232027e-10	3.1410522e-07	8.9456016e-08	2.2169844e-07	0.9998601	9.652354e-05	4.272552e-05	9.8092645e-11	2.6692484e-10	3.0724606e-10	3.5392958e-10	0.0	0.0	0.0	1.070782e-12	5.3350907e-10	2.8233993e-09
SRR5047187	4	Homo sapiens	1.7587396e-07	0.0	1.6613406e-07	5.5412812e-08	1.7646889e-07	3.6257152e-08	3.7399047e-08	1.5256465e-07	1.5455034e-05	2.4716614e-06	1.300417e-05	0.99976987	3.5929825e-05	0.0001610596	4.4570413e-08	6.87814e-08	6.9098064e-08	8.856058e-08	0.0	0.0	0.0	2.2090458e-09	9.9825996e-08	1.0468425e-06
SRR5047188	4	Homo sapiens	3.2299838e-25	0.0	2.5962932e-29	2.0257839e-20	4.5951178e-29	2.5795397e-27	7.458422e-27	1.7108623e-22	4.0648353e-20	6.978917e-24	3.5198833e-21	1.0	2.4292809e-23	4.098332e-24	2.6914206e-29	1.3684226e-18	4.4595734e-21	4.0042805e-15	0.0	0.0	0.0	3.6452577e-28	1.8442805e-28	6.0640556e-30
SRR5047189	4	Homo sapiens	4.5053383e-09	0.0	5.418741e-09	8.3543855e-10	5.416644e-10	4.5128252e-09	3.3163464e-10	2.0764022e-09	4.0964457e-07	7.7319953e-07	1.81238e-07	0.9998384	0.00014631706	1.3835112e-05	1.80859e-10	1.2165473e-09	1.1060483e-09	2.93954e-09	0.0	0.0	0.0	9.575283e-12	3.450507e-08	7.027241e-09
SRR5047190	4	Homo sapiens	3.7226917e-07	0.0	1.6808995e-07	1.145098e-07	4.4992667e-09	0.0015810502	0.00055200886	1.8770159e-07	1.0438715e-05	3.1133015e-05	1.9247368e-06	0.8816178	0.10022965	0.015972454	3.6291393e-08	6.374056e-08	8.6123286e-08	8.405536e-08	0.0	0.0	0.0	1.1617772e-08	2.0487419e-06	3.8467076e-07
SRR5047191	4	Homo sapiens	1.759237e-09	0.0	9.738262e-10	1.8083145e-10	2.1161065e-10	1.7011444e-10	2.034057e-10	1.3646542e-09	3.578694e-07	8.4364125e-08	1.10027756e-07	0.99993765	7.599669e-06	5.420799e-05	1.7224948e-10	4.1596346e-10	4.2337076e-10	5.395912e-10	0.0	0.0	0.0	2.6408153e-12	4.51477e-10	5.373618e-09
SRR5047192	4	Homo sapiens	0.00092295476	0.0	0.0008120576	0.0017070324	0.038713068	0.00077940046	0.0010060888	0.0009580659	0.09417782	0.0009241919	0.7315889	0.10700118	0.0008340553	0.00087725295	0.0012983056	0.00094954594	0.0010054475	0.0009835945	0.0	0.0	0.0	0.0013731006	0.003347802	0.010740123
SRR5047193	4	Homo sapiens	6.1684426e-09	0.0	2.9012606e-09	9.507078e-10	6.3492905e-10	1.462939e-09	1.3494968e-09	2.4342997e-09	6.094798e-07	4.1569965e-07	2.9007697e-06	0.9994817	0.00038807266	0.00012628501	2.7609137e-10	1.4015897e-09	1.3743339e-09	1.8896147e-09	0.0	0.0	0.0	5.9190985e-12	2.427179e-09	2.1784741e-08
SRR5047194	4	Homo sapiens	3.2223042e-22	0.0	2.2923392e-29	9.191027e-20	8.6531605e-29	5.0951496e-30	4.2956284e-30	2.3211552e-22	9.274003e-18	1.0561496e-21	2.9499595e-16	1.0	8.6978436e-20	1.4598569e-24	2.0177976e-27	1.957525e-15	1.8599712e-14	1.0528715e-14	0.0	0.0	0.0	4.6784228e-27	1.8871162e-28	1.313915e-28
SRR5047195	4	Homo sapiens	2.450879e-08	0.0	1.2761767e-08	6.0181833e-09	1.2301201e-09	1.5453509e-08	1.2169243e-08	1.6513637e-08	4.976084e-06	3.2367914e-06	4.0127206e-06	0.9967906	0.00036670835	0.0028303207	5.188378e-09	5.159712e-09	5.960653e-09	6.9319954e-09	0.0	0.0	0.0	2.4454515e-11	2.4387534e-08	3.1535492e-08
SRR5047196	4	Homo sapiens	8.981839e-05	0.0	5.4384414e-05	0.00018895174	0.0019382585	5.272546e-05	5.9155675e-05	7.0472044e-05	0.003306292	0.00010015162	0.010335226	0.9822288	7.804322e-05	0.000116292234	0.0001774391	7.1323746e-05	7.494346e-05	7.99664e-05	0.0	0.0	0.0	7.311269e-05	0.00016225589	0.00074237015
SRR5047197	4	Homo sapiens	1.2844577e-06	0.0	6.187961e-07	3.7196708e-07	1.9699058e-08	0.008735659	0.0046996493	7.291688e-07	3.7057413e-05	0.0002567352	7.659705e-06	0.7847941	0.08484182	0.11661493	3.0703355e-08	2.2659826e-07	3.2130643e-07	3.0785415e-07	0.0	0.0	0.0	3.501862e-08	7.3892247e-06	1.0326323e-06
SRR5047198	4	Homo sapiens	1.4404808e-06	0.0	9.879919e-07	5.665718e-07	2.046327e-06	5.9151154e-07	3.1023518e-07	9.645753e-07	0.00014413128	1.629288e-05	0.00019404244	0.9977263	0.0014640421	0.00043737312	1.3726927e-07	5.268459e-07	5.294462e-07	6.7355944e-07	0.0	0.0	0.0	1.8697193e-08	1.0382963e-06	7.974537e-06
SRR5047199	4	Homo sapiens	6.565098e-05	0.0	4.319898e-05	0.00012004552	0.0016667106	4.1290936e-05	4.861453e-05	5.182958e-05	0.0018924345	7.1015886e-05	0.0062670917	0.9885289	5.3808122e-05	5.9469756e-05	0.00012362644	5.388306e-05	5.6055444e-05	6.525046e-05	0.0	0.0	0.0	5.9684506e-05	0.0001795776	0.0005518364
SRR5047200	4	Homo sapiens	1.2955932e-14	0.0	3.2156107e-15	8.029391e-13	2.795161e-16	1.4015957e-12	1.0673384e-12	1.8891033e-13	7.900578e-12	8.101256e-13	3.1119061e-12	1.0	9.451162e-11	3.3839134e-10	2.5582296e-16	3.1014498e-13	6.169759e-14	1.2814607e-11	0.0	0.0	0.0	6.097302e-17	6.7707973e-15	2.317394e-15
SRR5047201	4	Homo sapiens	2.3552986e-06	0.0	1.2438242e-06	2.8097138e-06	7.1662944e-06	8.884021e-07	7.3864567e-07	1.6002161e-06	6.979586e-05	5.7191664e-06	7.101938e-05	0.999727	4.6808673e-05	3.58541e-05	1.8747531e-06	1.1772455e-06	1.2421846e-06	1.409154e-06	0.0	0.0	0.0	2.7801894e-07	1.9262293e-06	1.9102934e-05
SRR5047202	4	Homo sapiens	8.4924595e-06	0.0	3.6437073e-06	6.704368e-06	0.00016055757	5.1080783e-06	2.2707552e-06	5.6733156e-06	0.00011481052	1.1421812e-05	0.0005378728	0.99898076	5.8862784e-06	5.2560918e-06	1.9096216e-05	5.6953436e-06	5.7270126e-06	8.1399485e-06	0.0	0.0	0.0	4.4746175e-06	6.76562e-05	4.0723226e-05
SRR5047203	4	Homo sapiens	0.00017951822	0.0	0.0001249297	0.00023419039	0.006770406	0.00012479699	0.00015808977	0.00015960996	0.008850589	0.00014559214	0.026294593	0.9534192	0.00013567752	0.00016187284	0.00032869165	0.00016645872	0.00017588245	0.00017437359	0.0	0.0	0.0	0.00023415365	0.00046531775	0.0016960198
SRR5047204	4	Homo sapiens	3.969391e-05	0.0	2.2958717e-05	5.159974e-05	0.0013357116	1.8609695e-05	2.7829496e-05	3.2493386e-05	0.001389993	2.8255996e-05	0.0024087462	0.9938483	2.1908727e-05	2.9029796e-05	9.529534e-05	3.1582844e-05	3.3759767e-05	3.4622142e-05	0.0	0.0	0.0	3.963993e-05	8.146567e-05	0.00042849767
SRR866660	4	Homo sapiens	1.1962504e-07	0.0	1.4267056e-06	1.8296192e-05	1.0452405e-06	1.1885636e-08	4.508815e-08	1.840915e-08	8.82302e-09	1.4860747e-06	7.754527e-09	0.9999727	3.4019629e-06	7.3844154e-07	3.3709532e-07	1.9586864e-08	1.7537017e-08	4.1890576e-08	0.0	0.0	0.0	3.7316636e-10	2.0263508e-07	8.527795e-08
SRR866662	4	Homo sapiens	2.0265224e-08	0.0	3.785548e-09	1.3638981e-08	8.443794e-07	6.398331e-10	6.6727126e-09	5.6712506e-09	3.4249037e-08	8.369121e-09	2.7648309e-08	0.9999987	2.5353408e-08	2.3224647e-08	2.2267207e-07	5.5451803e-09	5.3456453e-09	7.645393e-09	0.0	0.0	0.0	2.1146154e-09	7.3548194e-09	6.456979e-08
SRR866663	4	Homo sapiens	3.947236e-08	0.0	6.417267e-08	1.4140626e-07	1.6606413e-09	2.6268179e-11	9.077388e-11	6.746921e-09	1.9529757e-08	6.05076e-08	4.976569e-09	0.9988688	4.0260826e-07	3.695832e-05	0.0010932203	1.5854495e-09	1.4377581e-09	4.4580797e-09	0.0	0.0	0.0	2.1936912e-09	5.3362176e-10	2.6680132e-07
SRR866665	4	Homo sapiens	3.7375596e-11	0.0	2.8891804e-11	1.0880366e-10	1.4969448e-12	1.2241612e-12	4.7198417e-12	5.5707023e-12	1.463125e-10	1.6871943e-09	3.6291074e-11	0.99999416	5.327384e-06	5.103647e-07	1.5298998e-11	1.9147193e-12	1.7692843e-12	4.5591005e-12	0.0	0.0	0.0	2.2637174e-15	2.3047562e-12	1.2869228e-11
SRR866666	4	Homo sapiens	1.2468821e-07	0.0	3.3022133e-08	8.310598e-08	4.126273e-06	5.396908e-09	3.0632652e-08	5.388879e-08	2.0503978e-07	2.2267246e-08	7.116239e-07	0.9999788	5.0536404e-08	5.0580397e-08	1.5136082e-05	3.703072e-08	3.7522945e-08	4.8571593e-08	0.0	0.0	0.0	2.067826e-08	2.1746432e-08	4.3622998e-07
SRR867031	4	Homo sapiens	0.0009434959	0.0	0.0007391821	0.0015615143	0.035679273	0.0007110492	0.000978807	0.00093902764	0.07031346	0.00089028425	0.3362969	0.5302896	0.0007857368	0.00092022895	0.0016172411	0.0009333566	0.0009844616	0.0009789091	0.0	0.0	0.0	0.0013985867	0.002982055	0.010056875
SRR867032	4	Homo sapiens	0.00083966035	0.0	0.0006393224	0.0013755077	0.031217396	0.00062535814	0.00084148964	0.0008298591	0.06044306	0.0007850416	0.303298	0.58079946	0.0007427163	0.00079982344	0.0014823186	0.000834923	0.0008787471	0.00087237934	0.0	0.0	0.0	0.0011322657	0.0027498503	0.008812839
SRR867033	4	Homo sapiens	0.001070232	0.0	0.00085980573	0.001823355	0.042179473	0.0008343321	0.0011033587	0.0010795882	0.0958656	0.0010135538	0.48283425	0.34736592	0.0009353273	0.0010565929	0.001794661	0.0010738517	0.0011362757	0.0011212312	0.0	0.0	0.0	0.0015307268	0.0035607715	0.011761097
SRR867034	4	Homo sapiens	0.0010396766	0.0	0.0008568012	0.0017872216	0.041207477	0.0008312027	0.0010991786	0.001062853	0.08913126	0.001010384	0.52914596	0.30959365	0.0009877206	0.0009963341	0.0016549088	0.0010576573	0.001120414	0.0011016391	0.0	0.0	0.0	0.0014493602	0.0035802992	0.01128602
SRR867036	4	Homo sapiens	0.0007677579	0.0	0.0006729622	0.0015015439	0.02426547	0.00059972657	0.0008103167	0.0007495181	0.083746955	0.00079941424	0.28242034	0.5870901	0.00068002415	0.0008132596	0.0011792281	0.00076536916	0.000802553	0.0008064279	0.0	0.0	0.0	0.00086760597	0.0028711413	0.007790324
SRR867037	4	Homo sapiens	0.0005517447	0.0	0.00045188062	0.0008753057	0.019479694	0.00044805	0.00055854075	0.00057372043	0.036143236	0.00058513496	0.14467189	0.78371835	0.00047282682	0.0005809591	0.0008085595	0.00054828933	0.00057889917	0.0005752702	0.0	0.0	0.0	0.00072141056	0.001737565	0.0059186853
SRR867038	4	Homo sapiens	0.0008150803	0.0	0.00067363883	0.0015089741	0.030103289	0.00068229047	0.0008815376	0.00081803434	0.05799955	0.0007967299	0.64038134	0.24785703	0.00072462356	0.0007692062	0.0012047547	0.0008204946	0.0008647833	0.0008524625	0.0	0.0	0.0	0.0010741832	0.002657835	0.0085141715
SRR867039	4	Homo sapiens	0.00076420925	0.0	0.0006337046	0.0012534062	0.028571593	0.00062675856	0.0007863121	0.00076865545	0.053321432	0.0007684744	0.32042804	0.5754823	0.00064852566	0.0007224525	0.0011121222	0.0007655846	0.00080884324	0.0007969955	0.0	0.0	0.0	0.001013933	0.0024483297	0.008278301
