Run_accession	fold	y_true	p_gut	p_oral	p_plant tissue	p_skeletal tissue	p_soft tissue
ERR3579671	0	oral	0.040065102	0.74846125	0.0023689044	0.17526661	0.033838127
ERR3579672	0	oral	0.00016756542	0.9997289	3.261079e-07	9.739824e-05	5.7960833e-06
ERR3579673	0	oral	5.8910253e-05	0.99990964	3.4390195e-09	3.1428044e-05	2.1928814e-08
ERR3579674	0	oral	0.00092276547	0.98522717	1.00172464e-07	0.013849908	8.048533e-08
ERR3579675	0	oral	5.690423e-06	0.9999937	1.1866152e-15	6.5650784e-07	1.9769655e-13
ERR3579676	0	oral	0.07538464	0.8452533	0.0023145129	0.066889785	0.010157788
ERR3579677	0	oral	0.0021015098	0.96263045	0.00016266057	0.034197304	0.00090808154
ERR3579678	0	oral	0.0007885406	0.9842772	3.0628482e-05	0.014704706	0.00019892503
ERR3579680	0	oral	0.00030549688	0.999694	9.398181e-08	1.4479694e-07	2.876039e-07
ERR3579681	0	oral	0.2523618	0.5269295	0.0009666576	0.21531989	0.0044221696
ERR3579682	0	oral	0.03328889	0.18864653	0.0007727159	0.7766513	0.00064052147
ERR3579683	0	oral	0.035049397	0.9568449	4.5402405e-05	0.0056220978	0.0024382016
ERR3579685	0	oral	0.01169479	0.9828154	6.9155205e-05	0.004556859	0.00086383516
ERR3579687	0	oral	0.04602407	0.942448	0.00017774409	0.0020398495	0.009310298
ERR3579688	0	oral	1.0832403e-09	0.99999994	1.2442751e-16	4.4895376e-08	1.8971142e-13
ERR3579699	0	oral	1.2921906e-06	0.9999943	9.4463666e-11	4.2858333e-06	1.255526e-07
ERR3579700	0	oral	0.00028011543	0.9995745	9.02238e-08	0.00014305123	2.247322e-06
ERR3579701	0	oral	0.0020455604	0.99609846	5.789115e-06	0.0017786638	7.155749e-05
ERR3579702	0	oral	0.0118273385	0.6974089	4.4135337e-05	0.28950158	0.001218008
ERR3579703	0	oral	0.0068823076	0.76863694	2.5151612e-05	0.22411896	0.00033661159
ERR3579704	0	oral	0.047301132	0.41762125	0.00027614733	0.5345753	0.00022614915
ERR3579705	0	oral	2.3605839e-05	0.9998879	8.052696e-05	4.7869617e-06	3.2081894e-06
ERR3579706	0	oral	0.00025796314	0.99453235	0.004975186	0.00012233894	0.00011218103
ERR3579707	0	oral	1.5676789e-09	1.0	1.1456485e-13	1.5981745e-09	1.0633668e-12
ERR3579708	0	oral	2.582506e-07	0.99999964	9.640621e-14	1.1740903e-07	3.6493145e-11
ERR3579709	0	oral	0.0032134014	0.99545014	1.6223955e-06	0.0011115504	0.00022328038
ERR3579710	0	oral	4.6462938e-07	0.9999994	1.9240838e-10	1.3631345e-07	5.7433214e-09
ERR3579711	0	oral	0.0013495511	0.99860215	2.2237214e-07	4.6422338e-05	1.661806e-06
ERR3579712	0	oral	5.0249895e-07	0.99998593	2.0232336e-12	1.3539593e-05	2.9726063e-10
ERR3579713	0	oral	3.9125858e-05	0.9997147	1.0948908e-10	0.0002462066	2.265366e-08
ERR3579714	0	oral	1.936346e-06	0.9992312	4.856132e-15	0.0007668691	2.6929314e-12
ERR3579715	0	oral	0.00020442008	0.99976444	4.08684e-08	3.0038544e-05	1.0637706e-06
ERR3579716	0	oral	0.0018049924	0.9977247	5.5031333e-06	0.00041166038	5.3158445e-05
ERR3579719	0	oral	0.0026596277	0.89638704	2.9176053e-06	0.10095012	2.6063896e-07
ERR3579720	0	oral	0.09301958	0.110251985	0.02248705	0.7443395	0.029901825
ERR3579721	0	oral	1.2324967e-05	0.9999854	7.731099e-10	2.174393e-06	9.6828884e-08
ERR3579722	0	oral	5.43655e-07	0.99978685	1.5040279e-13	0.00021257499	6.18854e-11
ERR3579723	0	oral	1.5461598e-08	0.9999853	1.6507546e-17	1.4694332e-05	7.762612e-15
ERR3579726	0	oral	0.004984084	0.9381444	2.5914016e-05	0.056587666	0.00025794187
ERR3579727	0	oral	0.009027009	0.9149118	3.8158585e-05	0.07551249	0.00051052065
ERR3579728	0	oral	1.8247787e-10	1.0	3.6541687e-16	3.712562e-10	1.3864053e-15
ERR3579729	0	oral	1.4756386e-15	1.0	2.21984e-26	1.6679873e-13	4.877294e-27
ERR3579730	0	oral	5.2211063e-10	1.0	1.1899725e-14	2.4608017e-08	1.4601878e-13
ERR3579731	0	oral	2.128141e-05	0.9999783	7.069976e-12	3.972824e-07	2.8364968e-11
ERR3579732	0	oral	3.0770064e-11	1.0	1.8653466e-20	6.5285824e-12	6.459672e-19
ERR3579733	0	oral	5.81037e-08	0.99999845	1.82593e-12	1.5077078e-06	2.2831695e-12
ERR3579734	0	oral	0.02207742	0.6894215	0.00022940841	0.2882023	6.9413974e-05
ERR3579735	0	oral	3.883485e-10	1.0	2.5573202e-15	5.284853e-09	4.178014e-14
ERR3579738	0	oral	2.5796878e-17	1.0	5.2619483e-28	3.4387808e-15	2.6945414e-24
ERR3579740	0	oral	1.1666676e-15	1.0	1.2164005e-25	1.3568272e-10	4.1375664e-22
ERR3579741	0	oral	1.7317518e-18	1.0	1.6176257e-29	6.635018e-17	1.8115594e-27
ERR3579742	0	oral	7.526878e-18	1.0	9.578649e-29	3.0433947e-16	1.959478e-26
ERR3579743	0	oral	0.001172276	0.99769086	3.855134e-05	0.00077846635	0.00031984178
ERR3579744	0	oral	0.0011565413	0.99794436	2.9680565e-05	0.00060245564	0.0002669953
ERR3579745	0	oral	1.5578852e-06	0.99996793	1.3190967e-09	3.0523333e-05	1.0489388e-11
ERR3579746	0	oral	1.3214331e-09	1.0	3.932158e-15	2.706283e-08	4.9544312e-14
ERR3579747	0	oral	9.687696e-10	1.0	1.8439852e-16	2.8067195e-08	7.441671e-16
ERR3579748	0	oral	2.4088662e-05	0.999864	2.6773983e-09	0.00011192345	1.1086924e-08
ERR3579749	0	oral	0.00022493464	0.9997407	2.668613e-09	2.7499349e-05	6.864688e-06
ERR3579750	0	oral	0.1836816	0.67473936	0.00026917667	0.13911435	0.0021955154
ERR3579751	0	oral	0.0026878042	0.99461377	3.3972576e-09	0.0026977381	6.772526e-07
ERR3579752	0	oral	1.07238186e-07	0.99988395	1.2524731e-12	0.00011596719	1.4395676e-11
ERR3579753	0	oral	1.5916342e-10	1.0	1.2905298e-17	3.774248e-09	6.4853464e-16
ERR3579754	0	oral	0.027870122	0.0053301635	0.00048231677	0.9663172	2.0085994e-07
ERR3579755	0	oral	2.7348954e-06	0.99998915	1.5985792e-10	8.077112e-06	1.8851466e-08
ERR3579756	0	oral	5.053764e-05	0.99975014	8.084886e-08	0.0001933614	5.906005e-06
ERR3579757	0	oral	4.5644058e-05	0.9999519	1.3904687e-08	1.5151908e-06	9.342042e-07
ERR3579758	0	oral	0.00019720761	0.99976945	3.590321e-07	1.538454e-05	1.7621249e-05
ERR3579759	0	oral	9.9763284e-08	0.9999815	1.5394134e-17	1.8386427e-05	8.785375e-14
ERR3579760	0	oral	0.00016956427	0.9710655	2.3988042e-11	0.02876493	5.6850973e-09
ERR3579761	0	oral	5.4240638e-05	0.9796252	1.7003795e-12	0.020320525	5.8608385e-10
ERR3579762	0	oral	9.171103e-05	0.99184126	1.0140523e-10	0.008067003	5.040763e-08
ERR3579763	0	oral	3.5518488e-07	0.9999904	1.2986002e-15	9.235806e-06	5.7243067e-13
ERR3579764	0	oral	5.246878e-05	0.9971077	8.842296e-12	0.0028398277	1.1195691e-09
ERR3579765	0	oral	0.040070068	0.21195787	0.0047169765	0.71476877	0.02848629
ERR3579766	0	oral	6.665059e-05	0.99983656	2.5556183e-12	9.6775395e-05	1.6929234e-10
ERR3579767	0	oral	0.00014479704	0.9998331	2.038825e-12	2.20859e-05	1.2469319e-10
ERR3579768	0	oral	0.004615615	0.99037796	3.0434936e-08	0.0050043836	2.0175387e-06
ERR3579774	0	oral	2.441139e-16	1.0	3.3095596e-26	1.9286667e-14	2.3188963e-24
ERR3579775	0	oral	5.831392e-08	0.9999987	1.0763926e-18	1.2811047e-06	3.2741379e-15
ERR3579776	0	oral	0.0062944205	0.9904434	1.4095452e-05	0.0030284983	0.00021955057
ERR3579777	0	oral	0.049964156	0.93111885	2.2265061e-05	0.018800968	9.378799e-05
ERR3579779	0	oral	0.009548603	0.989387	0.0002619405	0.0006105968	0.00019187159
ERR3579781	0	oral	6.3064974e-05	0.9999001	1.5016843e-05	2.0140764e-05	1.6922423e-06
ERR3579782	0	oral	0.00052728754	0.99612206	0.0033269888	1.8053921e-05	5.6261874e-06
ERR3579783	0	oral	3.941919e-06	0.9999959	2.112055e-14	1.5106798e-07	1.8088694e-14
ERR3579784	0	oral	1.2581656e-05	0.9430313	1.575429e-09	0.05695608	4.2340034e-08
ERR3579785	0	oral	8.392499e-06	0.9999894	1.5026763e-09	1.7118687e-06	4.842384e-07
ERR3579786	0	oral	4.160836e-07	0.9999996	8.584076e-15	2.4126956e-08	1.4054155e-12
ERR3579787	0	oral	2.1314485e-13	0.99999994	5.964649e-23	8.213242e-08	6.217152e-20
ERR3579788	0	oral	1.53163e-08	0.9999953	8.973984e-17	4.668419e-06	6.1487663e-15
ERR3579789	0	oral	6.484705e-15	1.0	2.3773492e-25	4.1624795e-10	1.1901186e-22
ERR3579790	0	oral	1.4631856e-16	1.0	1.1622502e-27	1.6517916e-11	6.1544384e-25
ERR3579791	0	oral	2.3019393e-13	1.0	1.5400475e-25	1.4046921e-09	5.4044975e-24
ERR3579792	0	oral	0.015462379	0.9842327	0.00020334171	8.186433e-06	9.334253e-05
ERR3579793	0	oral	0.0122925	0.9876851	2.1221906e-05	2.717079e-07	9.307158e-07
ERR3579796	0	oral	0.0037438923	0.994879	0.00078229484	6.633434e-05	0.0005284893
ERR3579797	0	oral	0.026702533	0.9731013	0.00018107618	4.063645e-07	1.4637191e-05
ERR3579798	0	oral	0.02861211	0.969628	0.0007536269	0.00026713172	0.00073913357
ERR3579799	0	oral	0.009187522	0.986499	0.00065000297	0.00016037357	0.0035030907
ERR3579800	0	oral	1.2838507e-05	0.99998677	1.283118e-12	3.6809692e-07	1.3188235e-11
ERR3579801	0	oral	8.324685e-17	1.0	7.87127e-25	2.0184189e-12	1.412061e-23
ERR3579802	0	oral	2.2750532e-13	1.0	7.973324e-25	1.5925584e-08	1.0647661e-22
ERR3579803	0	oral	1.4428298e-13	1.0	4.2191555e-24	2.2946554e-10	1.0034731e-21
ERR3579804	0	oral	1.831485e-18	1.0	3.4436817e-31	1.5873729e-15	1.4360555e-28
ERR3579805	0	oral	5.879876e-15	1.0	9.7353355e-26	1.9632353e-11	1.2806545e-23
ERR3579806	0	oral	2.1396876e-11	1.0	6.668181e-20	1.4135744e-12	4.754541e-17
ERR3579807	0	oral	0.008513874	0.04555695	1.0056949e-05	0.9459176	1.5362706e-06
ERR3579809	0	oral	1.8352928e-15	1.0	9.16325e-23	1.5847186e-11	2.5038525e-21
ERR3579810	0	oral	6.35755e-19	1.0	4.656878e-31	3.3209794e-14	1.1970634e-30
ERR3579811	0	oral	0.02748375	0.18760623	0.003577288	0.7716524	0.009680351
ERR3579812	0	oral	0.009399378	0.27239123	0.00092524884	0.71404314	0.0032410293
ERR3579813	0	oral	0.011472497	0.7785336	0.00097996	0.20130728	0.0077066976
ERR3579814	0	oral	0.015020849	0.8072157	0.0011051049	0.16595165	0.010706679
ERR3579815	0	oral	0.03414658	0.13669139	0.0069957757	0.7899855	0.032180786
ERR3579816	0	oral	0.030921953	0.13476774	0.0063797417	0.7988795	0.029051065
ERR3579817	0	oral	0.0004122217	0.96690345	8.596823e-06	0.032633446	4.2259304e-05
ERR3579818	0	oral	0.0003321207	0.999524	4.635173e-08	0.00014280816	1.0189758e-06
ERR3579827	0	oral	6.503023e-10	1.0	1.0738899e-16	1.1435902e-09	6.7683003e-18
ERR3579828	0	oral	0.051523823	0.9461471	9.238462e-05	0.0018712633	0.00036547336
ERR3579829	0	oral	0.2044199	0.7633636	0.000726923	0.026593482	0.0048961295
ERR3579830	0	oral	0.15576003	0.12924853	0.0005752284	0.7144156	6.184603e-07
ERR3678173	0	oral	0.008392339	0.9688914	0.00012787317	0.017949628	0.004638766
ERR3678174	0	oral	1.09680286e-07	0.9999998	3.0136259e-13	4.0547118e-08	6.6642135e-12
ERR3678175	0	oral	0.0020241172	0.9978223	4.346393e-05	6.5975335e-05	4.4148113e-05
ERR3678176	0	oral	2.2097766e-12	1.0	5.200296e-18	2.0573388e-08	1.126807e-16
ERR3678177	0	oral	5.145818e-13	1.0	1.4952705e-19	5.884181e-09	3.805901e-18
ERR3678179	0	oral	0.00012338013	0.9998766	1.2633412e-08	1.06489315e-08	6.794941e-09
ERR3678180	0	oral	0.121743806	0.8755093	5.4681237e-05	0.002597241	9.494789e-05
ERR3678181	0	oral	0.14548682	0.72806805	0.0010719753	0.12505127	0.00032190053
ERR3678182	0	oral	0.00046964813	0.99950445	9.538722e-08	1.8273038e-05	7.512692e-06
ERR3678184	0	oral	0.00014646104	0.99983	8.736688e-07	2.014293e-05	2.4860435e-06
ERR3678186	0	oral	0.0002952948	0.99970335	5.9335177e-09	1.1379635e-06	2.3953206e-07
ERR3678187	0	oral	5.734598e-14	1.0	7.79869e-28	1.0061655e-12	6.700071e-25
ERR3678595	0	gut	0.9962038	0.0028666856	9.213851e-05	0.00069759786	0.00013979369
ERR3678596	0	gut	0.97664887	0.018190177	9.821253e-05	0.0048052515	0.00025746424
ERR3678598	0	gut	0.9839077	0.00727982	0.0005639646	0.0056281504	0.002620356
ERR3678599	0	gut	0.97934145	0.013568631	0.00011098863	0.0066386573	0.00034029837
ERR3678600	0	gut	0.97736764	0.0058713215	0.0007231878	0.0065525556	0.009485283
ERR3678602	0	gut	0.98105943	0.0086508775	0.0007021879	0.007895232	0.0016922738
ERR3678603	0	gut	0.99392813	0.0033420546	0.0007543871	0.0016813509	0.00029406702
ERR3678604	0	gut	0.9917321	0.0070531894	1.4895908e-05	0.001167513	3.2275566e-05
ERR3678605	0	gut	0.9699583	0.025534738	5.4018717e-05	0.004326023	0.0001269323
ERR3678606	0	gut	0.9899392	0.0061941724	9.594812e-05	0.0036058512	0.00016480901
ERR3678607	0	gut	0.9730331	0.021087322	0.00022696613	0.00536587	0.0002867751
ERR3678609	0	gut	0.95363575	0.036509667	0.000115131465	0.009430992	0.00030845884
ERR3678610	0	gut	0.042519424	0.12546729	0.009040663	0.7774991	0.04547356
ERR3678611	0	gut	0.9030132	0.04798585	0.00064641837	0.04562165	0.0027328725
ERR3678612	0	gut	0.98962444	0.004357005	0.00042734275	0.0024770522	0.0031141748
ERR3678613	0	gut	0.97396505	0.017246468	0.00016279765	0.007910768	0.0007149124
ERR3678614	0	gut	0.9976095	0.00037633252	0.000120556564	0.00017941323	0.0017141884
ERR3678615	0	gut	0.959289	0.017254066	0.00026678908	0.022068812	0.0011212956
ERR3678616	0	gut	0.9888083	0.004310271	0.00020849591	0.005852218	0.00082073826
ERR3678617	0	gut	0.9792107	0.017354438	0.00012005987	0.003016291	0.00029854124
ERR3678618	0	gut	0.9959558	0.00075403147	0.00020521703	0.00086949824	0.0022154115
ERR3678619	0	gut	0.9849905	0.012030612	0.000120854165	0.00246578	0.00039230127
ERR3678620	0	gut	0.98536175	0.0034911318	0.00029484453	0.0020063238	0.008845928
ERR3678622	0	gut	0.99520916	0.0016599754	0.0008404981	0.0017307266	0.0005596699
ERR3678623	0	gut	0.9956914	0.000615546	0.00024525446	0.0017494349	0.0016983281
ERR3678625	0	gut	0.98893034	0.0048863958	0.00061493117	0.0045151873	0.0010531399
ERR3678626	0	gut	0.9897267	0.0024849528	0.00029035937	0.0022177638	0.005280198
ERR3678627	0	gut	0.9992201	0.0004018562	9.666789e-05	0.00026109672	2.0331607e-05
ERR3678628	0	gut	0.9986303	0.00012947165	0.00032229148	0.0001942195	0.00072374573
ERR3678629	0	gut	0.99778104	0.0004001459	0.00016123943	0.00057803787	0.0010795126
ERR3678727	0	oral	3.3611238e-09	1.0	6.25027e-21	2.1945102e-11	2.5562648e-21
ERR3906046	0	oral	4.269393e-05	0.9999543	9.412348e-07	2.0865134e-06	2.1906303e-09
ERR5863536	0	gut	0.9633069	0.0013048105	0.003230379	0.006232142	0.02592579
ERR6093854	0	oral	0.05577792	0.39577183	0.0061081233	0.4977607	0.0445814
ERR6093855	0	oral	0.06332324	0.48891833	0.005971094	0.41488087	0.026906457
ERR6093856	0	oral	0.07223088	0.45317438	0.006623476	0.43195596	0.03601528
ERR6093857	0	oral	0.047666665	0.42472804	0.0051163137	0.4953808	0.027108198
ERR6093858	0	oral	0.07814716	0.17047225	0.009909865	0.6889256	0.05254511
ERR6093859	0	oral	0.08621484	0.2544934	0.0106762545	0.5864887	0.062126786
ERR6093860	0	oral	0.1252079	0.23810093	0.014258682	0.5599172	0.062515266
ERR6093861	0	oral	0.11673115	0.22249824	0.014077838	0.5867012	0.05999155
ERR6093862	0	oral	0.07261496	0.89870924	0.0011348415	0.013950583	0.013590395
ERR6093863	0	oral	0.10597551	0.86766493	0.00096468657	0.010259074	0.015135799
ERR6093864	0	oral	0.052089684	0.92693365	0.00066494325	0.0061036726	0.014208064
ERR6093865	0	oral	0.053023122	0.92074734	0.00060305715	0.0069109485	0.018715521
ERR6093866	0	oral	0.27011347	0.71226335	0.000697233	0.008376738	0.008549192
ERR6093867	0	oral	0.23769954	0.72139734	0.0007154751	0.02726832	0.012919341
ERR6093868	0	oral	0.086326934	0.9025075	0.00030304777	0.0057377364	0.005124772
ERR6093869	0	oral	0.1915223	0.7926749	0.00043976394	0.008827829	0.006535184
ERR6093870	0	oral	0.61908567	0.37905872	2.910662e-05	0.0011523876	0.00067410135
ERR6093871	0	oral	0.53057384	0.46820772	2.3490971e-05	0.00064121396	0.000553702
ERR6093872	0	oral	0.676744	0.32163727	2.859596e-05	0.0008245546	0.0007656001
ERR6093874	0	oral	0.4817819	0.51611423	3.096664e-05	0.0015550216	0.00051789783
ERR6093875	0	oral	0.96904105	0.030924844	5.706326e-07	3.964795e-06	2.9593288e-05
ERR6093876	0	oral	0.9845739	0.015402842	3.0284065e-07	2.567331e-06	2.037465e-05
ERR6093877	0	oral	0.9694275	0.030541785	4.9590506e-07	5.033798e-06	2.5146182e-05
ERR6093878	0	oral	0.97842014	0.021558682	3.3175598e-07	2.933648e-06	1.7940167e-05
ERR6093879	0	oral	0.7449792	0.2520508	2.297178e-05	0.00033481998	0.0026122422
ERR6093880	0	oral	0.59006697	0.40801403	1.7310002e-05	0.00028477807	0.0016169342
ERR6093881	0	oral	0.5459661	0.45216575	1.857284e-05	0.00023847357	0.0016111254
ERR6093882	0	oral	0.62620956	0.3716677	1.8934925e-05	0.00071711635	0.0013867052
ERR6093883	0	oral	0.7961317	0.20063165	6.605432e-06	6.2603736e-05	0.0031674653
ERR6093885	0	oral	0.9265131	0.069516525	3.4195014e-06	1.3019642e-05	0.00395395
ERR6093886	0	oral	0.79976165	0.19297788	7.271313e-06	5.7727797e-05	0.0071954494
ERR6093887	0	oral	0.8277932	0.16809113	8.325887e-06	5.915956e-05	0.0040482176
ERR6093888	0	oral	0.11752997	0.87290907	2.5779307e-06	0.008849356	0.0007090064
ERR6093889	0	oral	0.0857275	0.9057654	1.772208e-06	0.008196556	0.0003087858
ERR6093890	0	oral	0.0839173	0.9141446	1.1139105e-06	0.0018061599	0.00013083716
ERR6093891	0	oral	0.07037122	0.9197635	2.1312294e-06	0.009257593	0.00060553727
ERR6093893	0	oral	0.31815493	0.53514045	0.00026624487	0.004685313	0.14175306
ERR6093894	0	oral	0.5765397	0.26264617	0.00047397654	0.009334275	0.15100588
ERR6093896	0	oral	0.44938153	0.36250463	0.0005464249	0.00821937	0.17934804
ERR6093897	0	oral	0.39938924	0.33296236	0.00041805982	0.00898197	0.2582484
ERR6093899	0	oral	0.5332974	0.463194	1.8412464e-05	0.0008723517	0.0026177634
ERR6093900	0	oral	0.44674075	0.5497428	1.8779956e-05	0.00074519427	0.0027524438
ERR6093901	0	oral	0.5601695	0.4358552	1.7803173e-05	0.00096818275	0.0029892963
ERR6093902	0	oral	0.64861006	0.34861445	1.5941047e-05	0.0007569898	0.0020025703
ERR6093903	0	oral	0.1405099	0.78973514	0.000632286	0.03749251	0.031630192
ERR6093904	0	oral	0.15768147	0.7509646	0.0006886678	0.045791447	0.044873837
ERR6093905	0	oral	0.08964989	0.8507395	0.0004733534	0.018955335	0.04018194
ERR6093906	0	oral	0.10821169	0.7938484	0.0006256739	0.031143578	0.06617068
ERR6093907	0	oral	0.7385106	0.26121908	2.5028735e-06	2.1022342e-05	0.00024679714
ERR6093908	0	oral	0.4080215	0.59161913	1.8357816e-06	1.7108394e-05	0.000340392
ERR6093909	0	oral	0.5565602	0.44322604	1.8822745e-06	9.637879e-06	0.000202226
ERR6093910	0	oral	0.65389204	0.34593353	2.5056038e-06	1.790844e-05	0.0001540376
ERR6093912	0	oral	0.2800299	0.4885659	0.0002892215	0.0002468603	0.23086813
ERR6093913	0	oral	0.26950666	0.6039361	0.00025335743	0.00054389884	0.12576
ERR6093914	0	oral	0.45002374	0.392291	0.00019651938	0.00032867704	0.15716004
ERR6093916	0	oral	0.40956414	0.49386248	0.00030749134	0.001107692	0.09515821
ERR6093917	0	oral	0.78887373	0.21018812	2.7210551e-06	7.326081e-05	0.0008621451
ERR6093919	0	oral	0.8152178	0.18416952	2.9547978e-06	0.00016962537	0.00044008478
ERR6093920	0	oral	0.8773293	0.12209438	2.479096e-06	0.0001462565	0.0004276088
ERR6093921	0	oral	0.86777496	0.13190211	2.2006357e-06	0.00012121144	0.0001995269
ERR6093922	0	oral	0.07755226	0.92143995	1.5046088e-06	0.0009836988	2.2610084e-05
ERR6093923	0	oral	0.14643206	0.85212857	1.3676934e-06	0.001422641	1.5381149e-05
ERR6093924	0	oral	0.08392594	0.915662	9.049069e-07	0.00040562867	5.5097717e-06
ERR6093926	0	oral	0.17525245	0.8238706	1.4281513e-06	0.0008604061	1.5120875e-05
ERR6093927	0	oral	0.42325842	0.5694192	0.0002850302	0.0031850233	0.0038523185
ERR6093928	0	oral	0.51323575	0.46290568	0.0005305665	0.005201451	0.018126566
ERR6093929	0	oral	0.460894	0.53132224	0.00028872665	0.0018745112	0.0056205397
ERR6093930	0	oral	0.71363616	0.27429792	0.00039697532	0.0033352987	0.0083336355
ERR6093931	0	oral	0.79525834	0.17222193	0.022012832	0.004911849	0.0055950307
ERR6093932	0	oral	0.8694219	0.10733065	0.01689705	0.0044866097	0.0018637667
ERR6093934	0	oral	0.832147	0.1391907	0.020685084	0.0053293346	0.0026478723
ERR6093935	0	oral	0.785918	0.14869249	0.05008515	0.008775083	0.00652929
ERR6093936	0	oral	0.12994409	0.6976521	0.00039357523	0.16646431	0.005545939
ERR6093937	0	oral	0.20372562	0.5687471	0.0004643186	0.21809895	0.008963985
ERR6093938	0	oral	0.21801914	0.59107304	0.0004979282	0.17634332	0.014066609
ERR6093939	0	oral	0.12894292	0.6841137	0.00045858987	0.18009363	0.006391184
ERR6093941	0	oral	0.7765061	0.22342731	4.2512197e-06	9.989064e-07	6.128634e-05
ERR6093942	0	oral	0.6666137	0.33325848	3.95769e-06	1.4586401e-06	0.00012239588
ERR6093943	0	oral	0.86334157	0.13660917	1.3712138e-06	1.3356376e-06	4.657369e-05
ERR6093945	0	oral	0.7371741	0.26270556	2.17847e-06	1.3229802e-06	0.00011680946
ERR6093946	0	oral	0.47282162	0.45279944	0.0016675377	0.018403307	0.054308105
ERR6093947	0	oral	0.32408094	0.6070059	0.0016686987	0.01889023	0.048354253
ERR6093948	0	oral	0.35641855	0.58126307	0.0018070671	0.023510728	0.037000608
ERR6093949	0	oral	0.3031728	0.63678515	0.0015378034	0.028891657	0.029612577
ERR6093950	0	oral	0.096098214	0.86037743	0.0005149326	0.03562418	0.0073852586
ERR6093951	0	oral	0.067306355	0.90620023	0.00040362444	0.020591868	0.005497896
ERR6093952	0	oral	0.11624467	0.83595854	0.0004945634	0.04216681	0.0051354095
ERR6093953	0	oral	0.10675452	0.8392879	0.00061701145	0.04846815	0.0048724245
ERR6093954	0	oral	0.06730351	0.31047845	0.008259253	0.569057	0.04490183
ERR6093955	0	oral	0.07254548	0.32342175	0.007813265	0.5487052	0.047514305
ERR6093956	0	oral	0.078003705	0.2761338	0.007889656	0.5922315	0.045741342
ERR6093957	0	oral	0.08852662	0.35362977	0.007581075	0.50107545	0.049187124
ERR6093958	0	oral	0.6601051	0.3357517	6.4105756e-05	0.0011999515	0.002879124
ERR6093959	0	oral	0.63267255	0.3579249	6.889428e-05	0.0014257587	0.00790786
ERR6093960	0	oral	0.5989477	0.39311448	6.321405e-05	0.0018062146	0.0060683903
ERR6093961	0	oral	0.55720854	0.43552953	8.191076e-05	0.0011039586	0.006076071
ERR6093963	0	oral	0.47808143	0.5197793	4.5753543e-05	0.0012170478	0.00087641913
ERR6093964	0	oral	0.6061461	0.39157417	4.2543736e-05	0.0016501007	0.00058710633
ERR6093965	0	oral	0.48555645	0.5105582	3.8969894e-05	0.0022027276	0.0016436394
ERR6093966	0	oral	0.44453236	0.5522688	3.994395e-05	0.0023907067	0.0007681809
ERR6093967	0	oral	0.607735	0.38932744	5.121293e-05	0.00072401954	0.0021623743
ERR6093968	0	oral	0.5492691	0.44622174	5.9321046e-05	0.0012722806	0.0031775606
ERR6093969	0	oral	0.5840096	0.4128184	4.2245294e-05	0.00034116633	0.0027885935
ERR6093970	0	oral	0.6125453	0.38466147	4.593904e-05	0.0005708435	0.0021764608
ERR6093972	0	oral	0.18466008	0.4655836	5.9621172e-05	0.0020493947	0.3476473
ERR6096533	0	oral	0.16195859	0.6552412	4.489479e-05	0.0015792378	0.18117607
ERR6096535	0	oral	0.15587609	0.6497014	4.743738e-05	0.0015071555	0.1928679
ERR6096536	0	oral	0.21523488	0.58277214	4.7602025e-05	0.0009170973	0.20102829
ERR6096537	0	oral	0.04131039	0.14951949	0.009133577	0.754385	0.045651563
ERR6096538	0	oral	0.044363756	0.13962573	0.009327394	0.7539084	0.05277471
ERR6096539	0	oral	0.05374514	0.17829666	0.010268396	0.69687855	0.060811285
ERR6096540	0	oral	0.051802274	0.16385737	0.009466741	0.729064	0.0458096
ERR6096541	0	oral	0.07357664	0.7998175	0.0017555131	0.118857995	0.005992353
ERR6096542	0	oral	0.090677105	0.7621964	0.0016089414	0.1421215	0.0033960147
ERR6096543	0	oral	0.036617834	0.85953367	0.0015122675	0.09733951	0.0049967454
ERR6096544	0	oral	0.07118647	0.7573309	0.0019145926	0.16511486	0.004453159
ERR6096545	0	oral	0.8022051	0.19516405	1.932481e-05	0.00056077616	0.0020507816
ERR6096547	0	oral	0.72385156	0.27252063	2.2886301e-05	0.0007858394	0.002819082
ERR6096548	0	oral	0.8293778	0.1671421	1.5656111e-05	0.0003860977	0.0030783718
ERR6096549	0	oral	0.80156165	0.19587125	1.7233877e-05	0.00041194845	0.0021379378
ERR6096550	0	oral	0.16606644	0.8227174	9.10066e-05	0.00028463188	0.010840482
ERR6096551	0	oral	0.20870209	0.78570175	7.614942e-05	0.00055485044	0.004965146
ERR6096552	0	oral	0.1956961	0.7940235	7.8912264e-05	0.0002692887	0.009932178
ERR6096554	0	oral	0.12831722	0.86669695	7.196772e-05	0.00025012047	0.004663728
ERR6096555	0	oral	0.18488117	0.44120684	0.0038000464	0.27097172	0.09914023
ERR6096557	0	oral	0.19303967	0.44783598	0.003950455	0.26214734	0.093026556
ERR6096570	0	oral	0.17865394	0.39886546	0.0039417595	0.33105797	0.08748088
ERR6096574	0	oral	0.18328615	0.38566452	0.004298356	0.3160883	0.11066268
ERR6096575	0	oral	0.13409044	0.85643923	0.00015234828	0.0068406607	0.0024773306
ERR6096576	0	oral	0.115720235	0.87479997	0.00014254065	0.0061220215	0.0032152608
ERR6096579	0	oral	0.1635209	0.82260036	0.00019301118	0.011027514	0.0026582177
ERR6096580	0	oral	0.23490545	0.74843603	0.00020526854	0.0126431715	0.003810073
ERR6096581	0	oral	0.7293474	0.27018023	2.515573e-06	0.00027903536	0.00019082778
ERR6096582	0	oral	0.73001045	0.26969478	1.5922354e-06	0.00021241783	8.080265e-05
ERR6096739	0	oral	0.691212	0.30844858	2.2107547e-06	0.00014831417	0.00018888751
ERR6096740	0	oral	0.7574649	0.2422021	2.6976256e-06	0.00012948319	0.00020085255
ERR6096741	0	oral	0.18673363	0.6878502	0.0014175919	0.07577078	0.048227794
ERR6096742	0	oral	0.08400119	0.79735327	0.0012129083	0.08824317	0.02918949
ERR6096743	0	oral	0.08458569	0.76598036	0.0014132994	0.10736564	0.04065503
ERR6096744	0	oral	0.092715636	0.76693356	0.0012885308	0.107963845	0.031098438
ERR6096745	0	oral	0.025166053	0.70560586	0.0026730956	0.24704292	0.019512078
ERR6096746	0	oral	0.040514875	0.79290104	0.0026851383	0.14621139	0.017687581
ERR6096747	0	oral	0.035417262	0.8071071	0.0021143756	0.14167188	0.0136894
ERR6096748	0	oral	0.046156954	0.740814	0.0030100099	0.18286577	0.02715332
ERR6096749	0	oral	0.045181565	0.80665636	0.0025453307	0.13987347	0.005743255
ERR6096752	0	oral	0.032151565	0.8456349	0.002605871	0.113988005	0.005619674
ERR6096755	0	oral	0.048444454	0.8089291	0.00252238	0.13500659	0.005097486
ERR6096759	0	oral	0.03167502	0.81645733	0.0023755513	0.14456117	0.0049309554
ERR6096760	0	oral	0.057845216	0.31015134	0.00663512	0.58812374	0.037244618
ERR6096762	0	oral	0.093326084	0.26699764	0.0074688448	0.60008615	0.032121267
ERR6096764	0	oral	0.083383024	0.36291912	0.007636835	0.5108663	0.03519474
ERR6096766	0	oral	0.040566314	0.28254828	0.005655212	0.6486466	0.022583622
ERR6096776	0	oral	0.3851439	0.6124569	4.4399552e-05	0.00034886575	0.0020059252
ERR6096784	0	oral	0.39229283	0.60571855	4.426876e-05	0.00047214446	0.0014721914
ERR6096796	0	oral	0.47264722	0.52572733	4.7907586e-05	0.00036022635	0.0012173409
ERR6096814	0	oral	0.5727162	0.42594805	3.4922352e-05	0.00025548914	0.0010453511
ERR6096818	0	oral	0.08602379	0.72882587	0.0013912827	0.17240891	0.011350179
ERR6096822	0	oral	0.046499778	0.88765883	0.0006949397	0.05516413	0.009982339
ERR6096826	0	oral	0.052028835	0.8619966	0.0008337891	0.07378385	0.011356936
ERR6096829	0	oral	0.039154567	0.8844407	0.00073435454	0.06778232	0.007888029
ERR6096835	0	oral	0.028882658	0.1885104	0.0013728129	0.7709555	0.0102786375
ERR6096842	0	oral	0.021134285	0.14150874	0.0009914944	0.83148605	0.0048794253
ERR6096847	0	oral	0.01678762	0.099127814	0.0009249867	0.8769146	0.006244986
ERR6096853	0	oral	0.01896394	0.105704054	0.0010805124	0.8683132	0.005938298
ERR6096886	0	oral	0.09862546	0.87404805	1.8698133e-06	0.027315388	9.251419e-06
ERR6096922	0	oral	0.101213105	0.88523865	1.668746e-06	0.013532257	1.43294965e-05
ERR6096923	0	oral	0.26294276	0.7160325	2.6935786e-06	0.021007191	1.482634e-05
ERR6096924	0	oral	0.17900726	0.76960915	2.481359e-06	0.051368073	1.3044831e-05
ERR6096925	0	oral	0.36811075	0.6317179	2.7395563e-06	9.7866345e-05	7.071161e-05
ERR6096926	0	oral	0.22725938	0.772583	2.0121165e-06	0.00013834726	1.7271406e-05
ERR6096927	0	oral	0.33377504	0.6660121	2.6193352e-06	0.00013846057	7.179099e-05
ERR6096928	0	oral	0.27133322	0.72853386	2.11165e-06	0.00010689039	2.390322e-05
ERR6096929	0	oral	0.0102060605	0.1236459	0.003397073	0.85231173	0.010439239
ERR6096930	0	oral	0.0069441264	0.13381213	0.002732328	0.846369	0.01014238
ERR6096931	0	oral	0.012366385	0.14560294	0.003466022	0.8209919	0.01757275
ERR6096932	0	oral	0.009949525	0.09355597	0.003258256	0.8781749	0.015061338
ERR6096933	0	oral	0.045213986	0.5821919	0.0012233299	0.009509183	0.36186162
ERR6096934	0	oral	0.047947854	0.5183825	0.0011561366	0.010839644	0.42167386
ERR6096935	0	oral	0.036293954	0.5911974	0.0011934692	0.011202757	0.36011243
ERR6096937	0	oral	0.07808388	0.58844554	0.0016097261	0.020511113	0.31134972
ERR6096955	0	oral	0.9579343	0.042063694	5.1746714e-09	7.5192287e-07	1.2367227e-06
ERR6097155	0	oral	0.90850323	0.09149422	5.099252e-09	1.3965791e-06	1.1345868e-06
ERR6097156	0	oral	0.94016206	0.05983636	8.15775e-09	7.770301e-07	8.1245196e-07
ERR6097514	0	oral	0.9038552	0.09614255	3.829621e-09	1.3656679e-06	8.621238e-07
ERR6097549	0	oral	0.5262257	0.47310993	4.5413185e-06	0.00018362746	0.000476199
ERR6097552	0	oral	0.41814822	0.58140635	4.2768515e-06	0.00012320328	0.0003179672
ERR6097573	0	oral	0.62822324	0.37130943	3.5869584e-06	0.000103938306	0.0003598172
ERR6097575	0	oral	0.66789806	0.33145016	4.135509e-06	6.130236e-05	0.00058635976
ERR6097576	0	oral	0.14879179	0.784431	0.001866257	0.04274529	0.022165682
ERR6097577	0	oral	0.15269123	0.7855542	0.0017766384	0.05087484	0.009103134
ERR6097579	0	oral	0.15815485	0.79531544	0.0014827391	0.023920717	0.021126244
ERR6097580	0	oral	0.21536738	0.73364484	0.0017420371	0.030792745	0.01845301
ERR6097581	0	oral	0.6701098	0.32952085	3.290571e-06	0.0003046077	6.141865e-05
ERR6097583	0	oral	0.6415629	0.35794204	2.7625308e-06	0.00043251555	5.980687e-05
ERR6097619	0	oral	0.71318156	0.28649104	2.3046127e-06	0.00029294693	3.2186694e-05
ERR6097621	0	oral	0.58108413	0.4186912	2.8671768e-06	0.00016043165	6.136566e-05
ERR6097622	0	oral	0.49489588	0.49190947	9.990273e-06	0.0001162986	0.013068343
ERR6097623	0	oral	0.378625	0.59774655	1.0178222e-05	0.000101416765	0.02351683
ERR6097625	0	oral	0.6544495	0.33645743	6.372062e-06	4.7431124e-05	0.009039266
ERR6097626	0	oral	0.38333315	0.6045128	8.7466315e-06	5.2965268e-05	0.01209233
ERR6097627	0	oral	0.044417016	0.21312347	0.0069885245	0.6946774	0.04079357
ERR6097628	0	oral	0.03802887	0.2761926	0.0065999567	0.6418163	0.037362266
ERR6097629	0	oral	0.051006813	0.22529422	0.0074517834	0.6740049	0.042242296
ERR6097630	0	oral	0.05023687	0.24099065	0.007772042	0.6612452	0.039755218
ERR6097759	0	oral	0.51348114	0.48565573	1.0651911e-06	1.879029e-05	0.0008432576
ERR6098066	0	oral	0.6563111	0.34314847	1.1343327e-06	1.15026505e-05	0.0005278183
ERR6098349	0	oral	0.61877793	0.37959582	1.3514342e-06	1.8680443e-05	0.0016062168
ERR6098517	0	oral	0.4923928	0.50651604	1.2720167e-06	1.6651005e-05	0.0010732324
ERR6098519	0	oral	0.53331774	0.45750004	7.806052e-05	0.005327044	0.0037771296
ERR6098520	0	oral	0.6594873	0.3342675	6.027084e-05	0.0035880152	0.0025969099
ERR6098552	0	oral	0.45687366	0.5352156	7.7412406e-05	0.0053712204	0.0024620811
ERR6098553	0	oral	0.5804445	0.41285342	7.3074756e-05	0.003380578	0.003248408
ERR6098554	0	oral	0.045918066	0.8104635	0.0017626913	0.12504816	0.0168076
ERR6098555	0	oral	0.04087908	0.8863947	0.0013108138	0.06018922	0.011226186
ERR6098556	0	oral	0.072779655	0.644056	0.0024370963	0.26486686	0.015860384
ERR6098557	0	oral	0.049526155	0.756565	0.0024813178	0.16425148	0.027176054
ERR6098559	0	oral	0.8139822	0.18384174	2.1021058e-05	0.0002810083	0.0018740506
ERR6098560	0	oral	0.81666064	0.18194991	1.4903181e-05	0.00016487505	0.0012096515
ERR6098730	0	oral	0.7167074	0.2815971	1.865579e-05	0.00021493933	0.0014619183
ERR6098929	0	oral	0.8192858	0.17936796	1.438975e-05	0.00018888235	0.0011429873
ERR6098930	0	oral	0.78673106	0.20287408	4.5256893e-05	0.00014799558	0.010201594
ERR6098932	0	oral	0.8620822	0.13141423	3.3796907e-05	0.000120414916	0.0063493527
ERR6098934	0	oral	0.83322877	0.16125251	4.1054704e-05	0.00017337687	0.0053042932
ERR6098936	0	oral	0.8666498	0.12779227	4.5075976e-05	0.0002760445	0.0052367793
ERR6098937	0	oral	0.025777778	0.19666861	0.0048297574	0.7543704	0.018353496
ERR6098938	0	oral	0.022935625	0.2043938	0.0046232664	0.74960387	0.018443417
ERR6098939	0	oral	0.024350477	0.1721802	0.0047354605	0.7795606	0.019173251
ERR6098940	0	oral	0.028922245	0.22909294	0.005030518	0.7195308	0.017423477
ERR6098982	0	oral	0.32233915	0.6750345	7.032971e-05	0.0010557264	0.0015002668
ERR6098983	0	oral	0.15350391	0.84333485	5.4380656e-05	0.00084341207	0.00226341
ERR6098984	0	oral	0.3653942	0.6308774	8.832991e-05	0.0015886923	0.0020513819
ERR6098985	0	oral	0.15726466	0.8407938	6.3150575e-05	0.0011600906	0.0007182996
ERR6098990	0	oral	0.106294475	0.41221943	0.0036934465	0.43638247	0.041410193
ERR6099166	0	oral	0.076427825	0.45575303	0.003231672	0.41689128	0.0476962
ERR6099349	0	oral	0.13380565	0.40211877	0.003932502	0.40017354	0.059969537
ERR6099809	0	oral	0.12572671	0.43446517	0.004172215	0.3683689	0.06726702
ERR6099810	0	oral	0.91301495	0.015697144	0.06971239	0.00027221313	0.0013032923
ERR6099811	0	oral	0.96193874	0.005434169	0.031873126	0.00042030375	0.00033364116
ERR6099812	0	oral	0.92088807	0.01043659	0.06752126	0.00040884764	0.00074522395
ERR6099813	0	oral	0.9167703	0.020256782	0.061421923	0.00062103017	0.0009299893
ERR6099814	0	oral	0.7835619	0.21252945	3.0802319e-06	1.5316722e-05	0.0038902524
ERR6099815	0	oral	0.8236332	0.1714772	3.0292986e-06	1.6989596e-05	0.0048696063
ERR6099816	0	oral	0.81390804	0.17654687	3.7138348e-06	2.3172113e-05	0.009518204
ERR6099817	0	oral	0.8863102	0.1079896	2.7618519e-06	8.985925e-06	0.005688412
ERR6099818	0	oral	0.82626605	0.1645987	3.8309186e-05	0.0012251972	0.007871773
ERR6099824	0	oral	0.78523535	0.20430696	4.6045752e-05	0.0010681568	0.009343472
ERR6099825	0	oral	0.7619406	0.23077577	3.8348808e-05	0.0007890127	0.0064562485
ERR6099826	0	oral	0.6827012	0.30723456	4.5478595e-05	0.0010719039	0.008946922
ERR6101230	0	oral	0.97959393	0.018423416	6.3899997e-06	0.00019592479	0.0017803094
ERR6108965	0	oral	0.9713526	0.026318219	6.8251165e-06	0.00016010273	0.0021622516
ERR6108966	0	oral	0.98046374	0.01787386	6.8594836e-06	0.00011982493	0.0015356867
ERR6108967	0	oral	0.972037	0.02647139	6.3657894e-06	0.00010468724	0.0013805438
ERR6108968	0	oral	0.6922114	0.18637185	0.00058342225	0.0060782386	0.1147551
ERR6108969	0	oral	0.59063125	0.2586141	0.0007715843	0.011508307	0.13847479
ERR6108970	0	oral	0.70404446	0.19074103	0.0005641213	0.0051437137	0.09950668
ERR6108971	0	oral	0.6841076	0.22096235	0.00075657794	0.008704148	0.085469335
ERR6108972	0	oral	0.6082066	0.39045924	3.1867112e-05	0.00024514078	0.001057145
ERR6108973	0	oral	0.6348759	0.36410165	3.1611853e-05	0.0002025924	0.0007882386
ERR6108974	0	oral	0.5476686	0.45086786	3.6516172e-05	0.0003548997	0.0010721738
ERR6108975	0	oral	0.6860136	0.31238484	3.3541008e-05	0.0003565371	0.0012115053
ERR6108976	0	oral	0.26260716	0.73220515	3.726931e-05	0.0047524916	0.00039789802
ERR6108977	0	oral	0.20120142	0.7968754	2.9763067e-05	0.0014160064	0.00047742442
ERR6108978	0	oral	0.38143662	0.6133891	6.0742117e-05	0.0037357234	0.0013778475
ERR6108979	0	oral	0.2738106	0.7224333	3.710784e-05	0.0028248073	0.00089417567
ERR6108980	0	oral	0.94912463	0.05039172	2.640815e-06	9.597916e-05	0.00038500427
ERR6108981	0	oral	0.95754963	0.041250676	2.7603187e-06	5.443282e-05	0.001142483
ERR6108982	0	oral	0.93699324	0.062082306	3.1695386e-06	5.6581062e-05	0.00086470554
ERR6108983	0	oral	0.9342636	0.06501347	3.1093682e-06	0.00010696403	0.000612869
ERR6108984	0	oral	0.66505057	0.32519087	0.00013213523	0.0025041043	0.0071223113
ERR6108985	0	oral	0.66472954	0.3267542	0.0001204554	0.0014925125	0.0069032903
ERR6108986	0	oral	0.5497522	0.44542748	7.413949e-05	0.0013846774	0.0033615495
ERR6108987	0	oral	0.74365854	0.2510567	0.00011621823	0.0014059743	0.0037625625
ERR6108988	0	oral	0.75811034	0.21928403	0.016207846	0.00083698245	0.0055608004
ERR6108989	0	oral	0.72417414	0.26540577	0.006927325	0.0008605888	0.0026321663
ERR6108990	0	oral	0.82340026	0.1630047	0.0099754315	0.0013905092	0.0022291127
ERR6108991	0	oral	0.88251024	0.11054959	0.0038562252	0.0006902911	0.002393676
ERR6108992	0	oral	0.6987362	0.2747663	0.025689282	9.413589e-05	0.0007140777
ERR6108993	0	oral	0.632801	0.328215	0.038410068	0.00013791045	0.0004360255
ERR6108994	0	oral	0.5515187	0.4243058	0.023802387	0.0001076755	0.00026545947
ERR6108995	0	oral	0.5471498	0.4189141	0.0331029	0.00013515176	0.0006980895
ERR6108996	0	oral	0.88866484	0.10585601	0.0001867225	0.0016539812	0.0036384354
ERR6108997	0	oral	0.8785162	0.113209434	0.00022433163	0.0023871742	0.0056628464
ERR6108998	0	oral	0.8568622	0.1362775	0.00015893753	0.0010303913	0.005670965
ERR6109000	0	oral	0.92308134	0.07306674	0.000134892	0.0011151733	0.0026018566
ERR6109001	0	oral	0.2884099	0.70639384	7.845334e-05	0.0013717539	0.0037460856
ERR6109002	0	oral	0.4047395	0.58996	6.1863415e-05	0.0009826724	0.004255977
ERR6109003	0	oral	0.34593874	0.64854044	7.355417e-05	0.0012177458	0.004229519
ERR6109004	0	oral	0.34315157	0.65206665	6.0287286e-05	0.00107744	0.0036440538
ERR6109005	0	oral	0.5551298	0.44427165	1.7701406e-05	0.00016401379	0.000416827
ERR6109010	0	oral	0.3977336	0.6018439	9.144082e-06	0.00018215967	0.00023119208
ERR6109011	0	oral	0.45350856	0.54593635	1.609667e-05	0.00023695017	0.00030206097
ERR6109012	0	oral	0.5119867	0.4872257	1.6437105e-05	0.00026969268	0.0005014876
ERR6109013	0	oral	0.050854076	0.47861826	0.0071858657	0.41903085	0.04431097
ERR6109014	0	oral	0.04462607	0.40830904	0.005491301	0.5082841	0.03328953
ERR6109015	0	oral	0.04813984	0.5264312	0.005885217	0.38786468	0.03167908
ERR6109016	0	oral	0.037586845	0.5678668	0.005547878	0.35028797	0.038710505
ERR6109017	0	oral	0.7800597	0.21669282	3.8254475e-05	0.0010096541	0.0021995679
ERR6109019	0	oral	0.7509584	0.24729672	2.7353051e-05	0.00069820904	0.001019353
ERR6109020	0	oral	0.8671861	0.13096108	2.5176467e-05	0.00069480215	0.0011328363
ERR6109021	0	oral	0.7372433	0.26071304	2.3821483e-05	0.00037311556	0.0016467029
ERR6109022	0	oral	0.017749721	0.03842008	0.94170934	0.0017288493	0.00039198468
ERR6109023	0	oral	0.03617054	0.04094687	0.9215397	0.0010670357	0.00027580978
ERR6109024	0	oral	0.039687652	0.045189332	0.91357625	0.0012091086	0.00033766963
ERR6109025	0	oral	0.03964703	0.050495725	0.9076846	0.0018257011	0.00034693387
ERR6109027	0	oral	0.8708599	0.12577018	3.42321e-05	0.00073572464	0.0025999255
ERR6109028	0	oral	0.9293483	0.06923758	1.9864841e-05	0.00022167822	0.0011725647
ERR6109049	0	oral	0.92762727	0.07071234	2.2426279e-05	0.0002548665	0.0013830835
ERR6109050	0	oral	0.8574421	0.14096595	2.2625545e-05	0.00019184555	0.0013775285
ERR6109051	0	oral	0.19458127	0.7347013	0.031308748	0.00134501	0.038063675
ERR6109053	0	oral	0.19857757	0.67483115	0.038859207	0.0012694823	0.08646258
ERR6109054	0	oral	0.2100852	0.67495084	0.03225795	0.0018675195	0.080838494
ERR6109055	0	oral	0.21275283	0.68184954	0.038992453	0.0017738191	0.06463136
ERR6109056	0	oral	0.23216175	0.6526925	0.0027599738	0.09192264	0.02046316
ERR6109057	0	oral	0.24358979	0.66047496	0.0028280509	0.067555204	0.025552016
ERR6109058	0	oral	0.13063467	0.78827745	0.0024114407	0.061154887	0.017521553
ERR6109059	0	oral	0.2210253	0.67779726	0.0028464296	0.07389313	0.024437904
ERR8050978	0	oral	1.6317268e-20	1.0	7.126699e-35	3.8549062e-16	8.5113895e-33
SRR1047998	0	gut	0.05579312	0.30215225	0.00935746	0.596583	0.03611416
SRR17604731	0	oral	0.00024088	0.99760157	2.7325143e-06	0.002154817	1.8911132e-08
SRR17604732	0	oral	7.734081e-17	1.0	4.356309e-27	4.1174686e-13	1.0454737e-24
SRR17604735	0	oral	7.151067e-14	1.0	1.2220434e-20	1.0067999e-11	8.1559815e-20
SRR17604736	0	oral	6.850152e-18	1.0	2.3221862e-26	1.2705607e-14	1.4799954e-24
SRR17604737	0	oral	1.6165498e-15	1.0	3.245803e-22	5.2633004e-10	1.10498e-21
SRR17604738	0	oral	2.8590057e-05	0.99955875	2.4643214e-08	0.00041129178	1.3335941e-06
SRR17604739	0	oral	4.706306e-14	1.0	9.799877e-22	1.1483026e-12	1.3801824e-20
SRR17604740	0	oral	7.1778835e-13	1.0	9.4770486e-17	2.6375447e-11	3.3780704e-16
SRR17604741	0	oral	0.0052188872	0.8997424	0.00030973938	0.09306039	0.0016685405
SRR17604742	0	oral	1.3847292e-12	1.0	1.2616512e-21	5.8955756e-09	1.2456758e-19
SRR17604743	0	oral	1.396021e-10	1.0	3.743283e-16	6.304533e-12	5.012089e-14
SRR17604744	0	oral	2.495636e-05	0.99996936	2.1681412e-09	5.325547e-06	3.6927474e-07
SRR17604745	0	oral	1.04053925e-07	0.9999532	6.3299745e-13	4.6680736e-05	5.133038e-13
SRR17604746	0	oral	1.2247628e-08	0.99969715	7.508096e-14	0.00030281744	8.6183855e-12
SRR17604747	0	oral	1.2652505e-13	1.0	9.925231e-21	1.3630637e-13	1.9441196e-21
SRR17604748	0	oral	2.5696137e-08	0.9999156	3.8791138e-14	8.4391926e-05	3.9768917e-12
SRR17604749	0	oral	1.4438308e-13	1.0	3.493274e-21	1.696769e-08	1.421142e-19
SRR17604750	0	oral	4.1167305e-15	1.0	2.1419222e-22	1.4085834e-13	1.2654832e-22
SRR17604751	0	oral	1.4317489e-17	1.0	7.150586e-25	4.3879106e-15	9.901762e-24
SRR17604752	0	oral	7.7859175e-15	1.0	1.6169806e-20	2.4498572e-11	9.298625e-19
SRR17604753	0	oral	6.2321076e-15	1.0	7.518387e-22	2.8118529e-13	1.3232029e-20
SRR17604754	0	oral	0.08038455	0.013503171	0.2806919	0.62106735	0.004353017
SRR17604755	0	oral	2.6507145e-12	1.0	9.607876e-18	6.984087e-12	4.4402976e-17
SRR17604756	0	oral	1.1311361e-18	1.0	9.140982e-26	4.220552e-16	4.614882e-25
SRR17604757	0	oral	7.813016e-12	1.0	9.229003e-19	1.404178e-10	1.3463203e-18
SRR17604758	0	oral	1.1771003e-12	1.0	2.5952913e-19	7.992593e-12	7.038476e-17
SRR17604759	0	oral	5.462434e-15	1.0	7.404079e-21	2.6508945e-12	5.904539e-20
SRR17604760	0	oral	4.7006027e-19	1.0	7.5547712e-28	2.144784e-19	2.919369e-26
SRR17604761	0	oral	3.836952e-07	0.99997944	9.546386e-11	2.0166997e-05	7.724125e-12
SRR17604762	0	oral	5.1261625e-15	1.0	1.787651e-24	3.5670078e-12	1.1420792e-22
SRR17604763	0	oral	5.347276e-20	1.0	7.1739075e-28	1.7151036e-17	1.1813724e-26
SRR17604764	0	oral	8.115649e-05	0.998818	8.1789057e-07	0.001098655	1.3852907e-06
SRR17604765	0	oral	0.024044402	0.28330475	0.002241204	0.6775476	0.012862079
SRR17604766	0	oral	0.006637043	0.9149266	0.00075649703	0.073955126	0.0037247245
SRR17604767	0	oral	0.012089417	0.6618198	0.00076647714	0.32042775	0.0048965462
SRR17604768	0	oral	0.012811991	0.39186054	0.00170463	0.58377105	0.00985179
SRR17604769	0	oral	0.014587306	0.7357549	0.0014378167	0.2396417	0.0085782865
SRR17604770	0	oral	0.00970081	0.83765954	0.001029944	0.14656354	0.0050461767
SRR17604771	0	oral	2.2518164e-07	0.99999946	6.2074644e-11	2.99628e-07	1.5590462e-08
SRR17604772	0	oral	7.9357305e-05	0.9934651	2.2552676e-07	0.0064465846	8.725861e-06
SRR17604773	0	oral	0.0037031574	0.9925403	2.688713e-05	0.0034586145	0.0002710384
SRR17604774	0	oral	0.003081344	0.99546325	1.5660788e-05	0.0013387358	0.000100979814
SRR17604775	0	oral	2.1543654e-07	0.99999446	2.0699243e-11	5.332634e-06	1.3828532e-09
SRR17604776	0	oral	3.6443307e-08	0.9999993	6.473358e-13	6.6090723e-07	8.550641e-11
SRR17604777	0	oral	6.298475e-17	1.0	9.933781e-26	9.378802e-14	1.2662559e-22
SRR17604778	0	oral	0.001215656	0.99850714	5.6851594e-08	0.0002770964	3.4883097e-08
SRR17604779	0	oral	1.0217654e-05	0.99994326	7.857141e-11	4.6504556e-05	5.09088e-11
SRR17604780	0	oral	1.9391862e-05	0.9999806	2.876116e-12	6.1646355e-09	6.0664945e-10
SRR17604781	0	oral	0.00048308584	0.99545324	2.5248202e-05	0.0040013483	3.706606e-05
SRR17604782	0	oral	3.347085e-07	0.9999842	3.3562677e-11	1.5473473e-05	9.369905e-13
SRR17604783	0	oral	0.0062709986	0.25767416	0.0029680731	0.7242068	0.008879948
SRR17604784	0	oral	8.22683e-06	0.99998707	5.0920196e-08	4.6191335e-06	4.6082864e-08
SRR17604785	0	oral	8.165687e-14	1.0	5.197941e-19	4.7199238e-11	1.2732397e-17
SRR17604786	0	oral	1.14925e-15	1.0	3.2172075e-22	3.0167133e-14	4.0554666e-21
SRR17604787	0	oral	2.697604e-11	1.0	4.515159e-15	2.1439279e-08	2.7870123e-14
SRR17604788	0	oral	8.290708e-12	1.0	1.1290264e-15	8.319425e-09	2.962759e-14
SRR17604789	0	oral	9.107995e-13	1.0	1.5726817e-18	1.6270983e-08	6.24285e-17
SRR17604790	0	oral	1.5107509e-05	0.99996364	3.002252e-07	1.299403e-05	7.959667e-06
SRR17604791	0	oral	3.7955672e-17	1.0	4.72111e-26	2.407844e-13	3.7075824e-24
SRR17604792	0	oral	5.5169453e-17	1.0	4.101851e-26	2.3829818e-11	9.118157e-24
SRR17604793	0	oral	3.4160174e-16	1.0	1.0856768e-25	2.0447651e-14	1.255694e-24
SRR17604794	0	oral	0.006913785	0.8594481	0.0005197033	0.12962545	0.003493
SRR17604795	0	oral	3.87229e-19	1.0	1.9394526e-28	2.4129136e-14	1.4559394e-26
SRR17604796	0	oral	1.5606499e-14	1.0	4.753135e-19	3.1867707e-12	3.0400075e-17
SRR17604797	0	oral	1.4354612e-16	1.0	4.449826e-24	5.4095325e-14	5.8871484e-23
SRR17604798	0	oral	2.1505278e-16	1.0	5.5817143e-24	8.072616e-14	5.9925345e-24
SRR17604799	0	oral	6.7504283e-12	1.0	3.773164e-17	2.2455426e-10	6.124015e-16
SRR17604800	0	oral	5.109607e-11	0.9999993	3.011575e-16	7.313164e-07	1.19889086e-14
SRR17604801	0	oral	3.079362e-05	0.9978473	3.6966208e-07	0.0021211812	3.2603577e-07
SRR17604802	0	oral	0.109276146	0.07711415	0.058191903	0.7232354	0.03218237
SRR17604803	0	oral	0.018060746	0.7160849	0.0023378127	0.25810912	0.0054074205
SRR17604804	0	oral	3.0689053e-13	1.0	9.529183e-18	8.36116e-15	1.6451454e-18
SRR17604805	0	oral	3.396729e-15	1.0	3.7041828e-22	3.8360763e-15	1.6128173e-21
SRR17604806	0	oral	0.006495502	0.26114672	0.0016656765	0.72562695	0.0050651236
SRR17604807	0	oral	6.37442e-16	1.0	1.3135942e-21	3.581152e-15	1.3086636e-20
SRR17604808	0	oral	1.6143107e-18	1.0	6.582132e-27	1.5111241e-18	2.172074e-25
SRR2229974	0	oral	0.037488043	0.12809636	0.008871325	0.7811002	0.04444404
SRR2229975	0	skeletal tissue	0.018553933	0.170753	0.0006777546	0.8094125	0.00060281204
SRR2229976	0	oral	0.037229586	0.12905295	0.008770657	0.78172886	0.04321795
SRR2229977	0	skeletal tissue	0.028057763	0.10805918	0.0068991664	0.8271254	0.029858515
ERR3761407	1	gut	0.9798735	0.011205628	0.00038773264	0.0058366223	0.0026965467
ERR3761408	1	gut	0.9987613	0.0001847383	3.1675988e-06	0.0010508015	3.6535863e-10
ERR3761409	1	gut	0.9746856	0.004749954	0.000129119	0.020098351	0.00033699503
ERR3761410	1	gut	0.9938138	0.0020495877	0.00011394771	0.0008671613	0.0031555104
ERR3761411	1	gut	0.9677248	0.0152760185	1.0516814e-06	0.016998129	1.6069468e-08
ERR3761412	1	gut	0.9999505	2.807561e-05	3.4160912e-06	1.4861813e-05	3.1474403e-06
ERR3761413	1	gut	0.99477875	0.0029458583	7.3502386e-05	0.002201889	8.587939e-11
ERR6589621	1	oral	0.010643656	0.865838	4.552312e-06	0.123513825	2.2009485e-09
ERR6589622	1	oral	8.196026e-10	1.0	4.485543e-16	1.0747915e-09	1.6659304e-18
ERR6589623	1	oral	0.018375317	0.4394931	9.595615e-05	0.54203504	6.037128e-07
ERR6589624	1	oral	0.004805169	0.27904272	6.6552648e-06	0.71614546	2.6364653e-09
ERR6589625	1	oral	0.01103049	0.3112905	4.840971e-05	0.67763036	2.2511237e-07
ERR6589626	1	oral	0.00761306	0.74719375	0.00033095985	0.24482355	3.8681348e-05
ERR6589627	1	oral	3.8769747e-07	0.9999965	1.1701324e-13	3.113037e-06	2.9261304e-16
ERR6589628	1	oral	0.0010573292	0.98206425	2.2208826e-07	0.016878212	2.0080632e-10
ERR6589629	1	oral	5.066899e-11	1.0	6.6225056e-18	7.695347e-09	9.071053e-21
ERR6589630	1	oral	1.893482e-05	0.98966706	1.7885383e-09	0.010314014	6.198785e-13
ERR7919459	1	oral	0.03750748	0.8794253	0.0059776506	0.07689767	0.00019193515
ERR7919460	1	oral	0.00036894353	0.93656707	5.1971783e-05	0.063011944	5.265715e-08
ERR7919462	1	oral	0.6280847	0.26620567	0.017292013	0.08841632	1.2394833e-06
ERR7919463	1	oral	0.0029940752	0.9512841	1.9091375e-07	0.045721617	5.196905e-11
ERR7919464	1	oral	0.08878658	0.18415077	0.0073832883	0.68060154	0.03907781
ERR7919465	1	oral	0.14087811	0.7202457	0.0012765045	0.13655852	0.0010411282
ERR7919466	1	oral	4.8445905e-05	0.9999513	3.4848604e-08	2.3654258e-07	1.1558158e-11
ERR7919467	1	oral	0.00050378	0.9745586	8.323626e-05	0.024854353	2.1533152e-08
ERR7919468	1	oral	0.00010139353	0.9956997	6.781915e-08	0.0041988185	1.4036592e-09
ERR7919469	1	oral	0.048293777	0.28728527	0.03366016	0.6303148	0.00044598308
ERR7919470	1	oral	0.1276974	0.7694533	0.0008981346	0.10157838	0.00037277665
ERR7919471	1	oral	0.08924332	0.18439928	0.007346005	0.6796275	0.039383937
ERR7919472	1	oral	8.124356e-05	0.99871296	3.7295173e-08	0.0012057449	5.8631694e-10
ERR7919473	1	oral	0.010345656	0.98486376	0.0042190505	0.00057080423	7.38718e-07
ERR7919474	1	oral	0.00036592688	0.9995927	3.2504522e-06	3.8077545e-05	6.317853e-09
ERR7919475	1	oral	0.00015038632	0.99982107	2.3691691e-06	2.6172158e-05	2.483957e-08
ERR7919476	1	oral	0.0034962138	0.98436534	0.011817294	0.00032095812	2.1641358e-07
ERR7919477	1	oral	0.00038444178	0.9816478	7.997997e-05	0.017887728	5.870162e-08
ERR7919478	1	oral	2.859098e-05	0.9999148	3.6103753e-10	5.6608995e-05	1.801226e-12
ERR7919479	1	oral	1.623272e-05	0.9999837	7.989573e-10	2.7761573e-08	9.072885e-14
ERR7919480	1	oral	0.0014158919	0.98434794	0.013944687	0.0002913209	1.6374554e-07
ERR7919481	1	oral	0.11799061	0.7864839	0.010871171	0.08400869	0.0006456194
ERR7919482	1	oral	0.009163511	0.9857635	0.004688826	0.0003831508	1.0524101e-06
ERR7919483	1	oral	0.01028247	0.904184	0.00029266323	0.084913164	0.0003277213
ERR7919484	1	oral	0.072188325	0.36918306	0.10940719	0.44837672	0.0008446922
ERR7919485	1	oral	0.003410221	0.95999175	2.1943683e-07	0.036597818	4.7459404e-11
ERR7919486	1	oral	0.04119508	0.7674967	0.009237254	0.18189399	0.00017698843
ERR7919487	1	oral	0.00013438836	0.9995552	0.00026077585	4.9687842e-05	1.9791409e-09
ERR7919488	1	oral	1.6401164e-05	0.99995804	6.515548e-08	2.5520312e-05	7.750373e-10
ERR7919489	1	oral	1.673657e-05	0.99997044	9.908851e-08	1.2748186e-05	9.515845e-10
ERR7919490	1	oral	0.01402266	0.9798494	0.005373429	0.00075402256	5.103466e-07
ERR7919491	1	oral	0.00055960135	0.97270495	5.4435943e-05	0.026680974	1.4929189e-08
ERR7919492	1	oral	0.093094155	0.56897527	0.07592773	0.2605192	0.0014836214
ERR7919493	1	oral	0.003743473	0.9336805	3.4536512e-07	0.062575735	6.717333e-11
ERR7919494	1	oral	0.00015238693	0.9990768	0.0006142666	0.00015656669	1.7857482e-09
ERR7919495	1	oral	0.0012460062	0.9980897	2.197073e-06	0.00066194165	1.5590646e-07
ERR7919496	1	oral	0.08924332	0.18439928	0.007346005	0.6796275	0.039383937
ERR7919497	1	oral	0.0013409125	0.99703234	3.532132e-06	0.0016230075	1.8579262e-07
ERR7919498	1	oral	0.5264735	0.37510413	0.010569878	0.08785049	1.953381e-06
ERR7919499	1	oral	0.08875487	0.18018146	0.0072287987	0.68588203	0.037952818
ERR7919500	1	oral	3.905078e-05	0.9999609	1.0518988e-09	4.0110937e-08	1.4633955e-13
ERR7919501	1	oral	0.11751891	0.71854013	0.0011495495	0.1615949	0.0011965034
ERR7919502	1	oral	5.198857e-05	0.9999473	4.1578105e-08	6.676971e-07	1.5704682e-11
ERR7919503	1	oral	0.0008605705	0.9922942	0.005688348	0.0011567296	1.352685e-07
ERR7919504	1	oral	0.0024689552	0.99746984	1.6537845e-07	6.104137e-05	4.522251e-09
ERR7919505	1	oral	0.0013693494	0.9984864	2.0478824e-06	0.00014217032	1.1223479e-08
ERR7919506	1	oral	5.6443645e-05	0.9995974	1.1284648e-08	0.0003461709	2.1885231e-09
ERR7919507	1	oral	0.73795927	0.20430233	0.002438709	0.055299185	5.107384e-07
ERR7919508	1	oral	2.8445482e-05	0.99995005	1.8873951e-10	2.1486176e-05	1.2338355e-12
ERR7919509	1	oral	0.08925656	0.18452446	0.0073462143	0.6794839	0.03938886
ERR7919510	1	oral	4.7704787e-05	0.9999519	4.803697e-08	3.2767286e-07	2.552632e-11
ERR7919511	1	oral	8.2013605e-05	0.9998925	1.3331921e-06	2.4180214e-05	9.984279e-09
ERR7919512	1	oral	0.09258678	0.1896141	0.0077160303	0.6702262	0.03985687
ERR7919513	1	oral	3.2929926e-05	0.9983657	3.037519e-08	0.0016013373	4.4799628e-10
ERR7919514	1	oral	0.00040204453	0.99904984	4.516947e-08	0.00054802763	1.0825155e-08
ERR7919515	1	oral	0.0175005	0.9525609	0.0026513522	0.027125034	0.00016220547
ERR7919516	1	oral	3.3969092e-05	0.9999473	1.3805567e-06	1.7344957e-05	6.568534e-09
ERR7919517	1	oral	0.089287706	0.18727364	0.007280246	0.6772003	0.038958073
ERR7919518	1	oral	3.7051588e-05	0.99996287	1.1696835e-09	6.162663e-08	3.4056135e-13
ERR7919519	1	oral	0.008128395	0.87506294	0.00039292566	0.11595049	0.00046522537
ERR7919520	1	oral	0.000100515506	0.9995807	0.00024446027	7.433488e-05	2.5459554e-09
ERR7919521	1	oral	6.111499e-05	0.99993885	2.3497584e-09	2.426512e-08	2.3691753e-13
ERR7919522	1	oral	0.0021882232	0.99231523	0.00501607	0.00048021667	2.7887643e-07
ERR7919523	1	oral	0.008045614	0.9240024	0.0002600078	0.06760655	8.541895e-05
ERR7919524	1	oral	0.12074095	0.33038697	0.07582674	0.4721473	0.00089804974
ERR7919525	1	oral	0.00043511766	0.9994121	4.8464534e-07	0.00015227731	4.3606794e-09
ERR7919526	1	oral	0.5442044	0.40452898	0.0016186045	0.049647562	4.4679993e-07
ERR7919527	1	oral	0.00042051004	0.9993226	8.3499424e-07	0.00025596048	8.7365216e-08
ERR7919528	1	oral	2.6388992e-05	0.9999257	1.9830315e-10	4.7933252e-05	1.253231e-12
ERR7919529	1	oral	0.00056861027	0.99925023	6.810832e-07	0.00018045281	4.7573336e-09
ERR7919530	1	oral	0.00012647292	0.9990559	2.5555217e-08	0.00081755774	4.773913e-09
ERR7919531	1	oral	1.9592917e-05	0.99992275	1.8504697e-07	5.749035e-05	8.77929e-10
ERR7919532	1	oral	0.0042721527	0.9956031	1.49669e-07	0.00012461879	5.504221e-09
ERR7919533	1	oral	3.160894e-05	0.9999675	8.7344645e-08	7.626223e-07	1.4246265e-11
ERR7919534	1	oral	0.00043316037	0.9986509	0.00079836114	0.00011754895	7.488881e-09
ERR7919535	1	oral	0.0005945692	0.99934256	2.7609903e-07	6.259202e-05	3.0594958e-09
ERR7919536	1	oral	5.3782453e-05	0.99993163	1.9759476e-10	1.4598119e-05	2.3011968e-12
ERR7919537	1	oral	0.0059951427	0.9199676	0.00023849988	0.07359922	0.00019951552
ERR7919538	1	oral	0.007981994	0.9356129	3.9601517e-07	0.056404665	1.9500015e-10
ERR7919539	1	oral	0.08886241	0.77065074	0.0006475608	0.13932078	0.00051847805
ERR7919540	1	oral	0.08924332	0.18439928	0.007346005	0.6796275	0.039383937
ERR7919541	1	oral	0.009804854	0.98234063	0.0074426727	0.0004111333	7.1217914e-07
ERR7919542	1	oral	7.74727e-05	0.9992278	1.5314143e-08	0.00069469115	5.47544e-09
ERR7919543	1	oral	8.420352e-05	0.9983228	3.437591e-08	0.0015929947	4.6763465e-10
ERR7919544	1	oral	1.83336e-05	0.99993116	1.342764e-07	5.0382525e-05	8.905558e-10
ERR7919545	1	oral	0.08981159	0.18311775	0.0073019327	0.6805068	0.039261926
ERR7919546	1	oral	0.08816464	0.18483347	0.007262222	0.68111694	0.038622733
ERR7919547	1	oral	3.9675204e-05	0.9998449	5.137433e-09	0.000115407594	2.7435018e-13
ERR7919548	1	oral	0.12808116	0.87140685	1.524137e-05	0.00021881812	0.00027791213
ERR7919641	1	oral	0.000121237535	0.99963796	3.2263165e-06	0.00023733615	2.2276573e-07
ERR7919642	1	oral	0.00010274853	0.9997317	1.4007368e-06	0.00016400739	1.37441e-07
ERR7919643	1	oral	0.08244765	0.177327	0.006907717	0.6973883	0.035929337
ERR7919644	1	oral	0.09237582	0.19692266	0.007899684	0.6637284	0.03907344
ERR7919645	1	oral	1.0044445e-05	0.9998581	3.0952603e-09	0.000131893	1.5151107e-13
ERR7919646	1	oral	0.10647355	0.89312243	1.3940492e-05	0.00013859701	0.00025148757
SRR13355784	1	oral	3.2306315e-07	0.9999996	3.573165e-10	5.6948586e-08	1.2636205e-08
SRR13355785	1	oral	3.8885235e-05	0.99960274	1.9708914e-07	0.0003490894	9.080765e-06
SRR13355786	1	oral	0.011555455	0.9754831	0.00012535256	0.011468406	0.0013676536
SRR13355787	1	oral	0.0012197613	0.9911921	5.609691e-06	0.0074816165	0.0001008967
SRR13355789	1	oral	4.3253764e-05	0.9996804	7.682097e-07	0.0002668779	8.714795e-06
SRR13355790	1	oral	0.049687915	0.5923014	0.0016067523	0.34352335	0.012880533
SRR13355791	1	oral	1.2674181e-09	0.9999997	9.3268255e-15	2.8039528e-07	6.1610404e-12
SRR13355792	1	oral	0.11947015	0.60279524	0.0033264952	0.24627115	0.028136946
SRR13355794	1	oral	0.0033048564	0.9905474	7.143361e-05	0.0057034767	0.00037284015
SRR13355796	1	oral	5.8154686e-11	0.99999994	3.3465223e-19	3.1723907e-08	5.006218e-15
SRR13355797	1	oral	2.4951627e-17	1.0	8.210177e-24	5.357198e-14	3.4832233e-20
SRR13355798	1	oral	1.6133802e-20	1.0	1.8355156e-31	1.7932275e-18	2.6092474e-27
SRR13355799	1	oral	2.820319e-16	1.0	7.1448873e-25	5.0121587e-12	2.1913242e-20
SRR13355800	1	oral	2.6340226e-07	0.9999996	4.4359886e-15	1.7205356e-07	4.865564e-12
SRR13355801	1	oral	7.816687e-17	1.0	2.2949214e-24	3.8963602e-18	9.390775e-21
SRR13355802	1	oral	0.0032554988	0.9623361	3.8241225e-05	0.034014855	0.0003553044
SRR13355803	1	oral	0.0015869017	0.99767935	1.3508827e-05	0.0006489794	7.123319e-05
SRR13355804	1	oral	0.03929767	0.7590961	0.0013102795	0.19053361	0.009762375
SRR13355805	1	oral	0.0010457294	0.9976354	2.099182e-05	0.0010875813	0.00021026486
SRR13355806	1	oral	1.5327982e-05	0.99991256	2.6286426e-07	6.8466616e-05	3.3890208e-06
SRR13355807	1	oral	0.0010558246	0.99455696	1.567044e-05	0.004180277	0.00019128651
SRR13355808	1	oral	0.01108286	0.9867764	0.00014338388	0.0012816294	0.0007157373
SRR13355809	1	oral	0.03754395	0.8380402	0.0014135913	0.115891054	0.0071112434
SRR13355810	1	oral	0.0713307	0.43468073	0.0045039924	0.4571097	0.032374904
SRR13355811	1	oral	0.0065299585	0.7586557	6.723645e-05	0.23322353	0.0015235479
SRR13355812	1	oral	0.0034663966	0.9908422	9.952945e-05	0.004958328	0.00063352706
SRR13355813	1	oral	9.693085e-05	0.99935436	1.540391e-06	0.00049985026	4.7289548e-05
SRR23699551	1	oral	7.256745e-10	1.0	1.2621551e-17	6.527933e-12	5.251521e-15
SRR23699552	1	oral	1.1148691e-06	0.9999929	2.1466616e-13	6.0069337e-06	4.5441647e-11
SRR23699553	1	oral	2.3928164e-15	1.0	7.322012e-21	2.6413552e-14	8.003743e-19
SRR23699554	1	oral	8.994428e-18	1.0	2.2851664e-31	4.69191e-15	3.1251004e-28
SRR23699555	1	oral	4.238027e-15	1.0	8.461908e-25	1.4790022e-13	8.039894e-21
SRR23699556	1	oral	1.4192618e-17	1.0	1.761711e-28	2.1074173e-15	1.7662637e-24
SRR23699557	1	oral	9.995295e-09	1.0	9.665165e-16	5.86064e-11	1.7517503e-13
SRR23699558	1	oral	1.3132689e-09	1.0	3.470257e-13	6.1244547e-09	3.374739e-13
SRR23699559	1	oral	1.2458553e-18	1.0	1.3408524e-30	9.40177e-14	3.784201e-26
SRR23699560	1	oral	4.1320072e-20	1.0	6.0116306e-33	2.8168332e-16	2.5679324e-29
SRR23699561	1	oral	9.302016e-21	1.0	2.0387609e-33	7.247933e-17	1.0475589e-28
SRR23699562	1	oral	5.4851587e-19	1.0	5.7716513e-30	1.4670751e-15	6.306123e-26
SRR23699563	1	oral	1.2447195e-10	1.0	1.0028167e-17	1.5765156e-09	7.507973e-16
SRR23699564	1	oral	0.0061004055	0.6588924	1.9529341e-05	0.3349875	1.5158295e-07
SRR23699565	1	oral	1.7149803e-15	1.0	5.1681732e-26	3.9687e-14	4.0179708e-22
SRR23699566	1	oral	4.954764e-20	1.0	2.6301877e-34	3.1081087e-17	5.8178292e-30
SRR23699567	1	oral	2.7934772e-18	1.0	2.5332552e-31	8.6367294e-14	1.1572498e-25
SRR23699568	1	oral	1.97072e-22	1.0	8.2353546e-36	9.150589e-19	6.347461e-31
SRR23699569	1	oral	1.2416368e-21	1.0	1.0698036e-33	1.4301061e-19	1.2631031e-29
SRR23699570	1	oral	2.5146374e-22	1.0	6.4180127e-34	1.0942372e-19	5.093223e-29
SRR23699571	1	oral	1.1927606e-19	1.0	2.5277166e-32	2.6364656e-15	3.1426885e-29
SRR23699572	1	oral	8.20473e-23	1.0	3.9755925e-35	1.4530009e-18	2.273321e-30
SRR23699573	1	oral	2.387619e-19	1.0	1.209535e-31	3.3614035e-18	1.7379619e-27
SRR23699574	1	oral	4.617193e-07	0.0505925	1.11890835e-17	0.94940704	5.8067857e-13
SRR23699575	1	oral	7.974221e-20	1.0	2.7426917e-33	2.2712656e-16	9.919546e-28
SRR23699576	1	oral	5.0945475e-22	1.0	4.3221775e-34	5.2849132e-17	3.1946884e-29
SRR23699577	1	oral	4.913911e-21	1.0	9.0970607e-35	1.8385435e-18	6.9065405e-30
SRR23699578	1	oral	3.5233697e-08	0.9999787	1.5213554e-19	2.1265509e-05	2.6187807e-15
SRR5297130	1	oral	3.6889784e-12	1.0	2.770365e-20	2.9494357e-13	4.4013726e-18
SRR5297131	1	oral	9.448428e-07	0.999999	4.1377693e-11	8.628594e-08	4.686747e-10
SRR5297132	1	oral	6.594249e-09	1.0	2.7675e-14	2.1134197e-09	1.1798257e-13
SRR5297133	1	oral	9.068909e-05	0.99949455	1.13172985e-10	0.00041473584	2.3672625e-10
SRR5875714	1	soft tissue	0.5038033	0.21215269	0.008091752	0.25069973	0.025252549
SRR5875715	1	soft tissue	0.4248316	0.13496493	0.0023678383	0.43301636	0.004819281
SRR5875718	1	soft tissue	0.698008	0.093347386	0.008200574	0.167652	0.032792035
SRR5875719	1	soft tissue	0.9637299	0.0072236005	0.0063268244	0.020766376	0.0019532982
SRR5875720	1	soft tissue	0.43572834	0.24494842	0.007347259	0.24812773	0.06384824
SRR5875721	1	soft tissue	0.3441998	0.08883789	0.0021743043	0.559252	0.0055359816
SRR5875722	1	soft tissue	0.48035192	0.17027423	0.007981147	0.2861728	0.055219892
SRR5875723	1	soft tissue	0.6917544	0.093787126	0.004427887	0.18036528	0.029665288
SRR5875724	1	soft tissue	0.04632289	0.108503245	0.0028265757	0.83552456	0.006822712
SRR5875725	1	soft tissue	0.026727684	0.030716488	0.0005582876	0.941226	0.0007715464
SRR5875726	1	soft tissue	0.29281104	0.11761306	0.0041953796	0.5697049	0.015675617
SRR5875727	1	soft tissue	0.48452303	0.13299331	0.00042190283	0.381831	0.00023075785
SRR5875728	1	soft tissue	0.10955154	0.08518736	0.004647321	0.66315544	0.13745837
SRR5875729	1	soft tissue	0.19258735	0.061953567	0.0013777887	0.73078316	0.013298126
SRR5875730	1	soft tissue	0.48570818	0.09652115	0.005937683	0.34322396	0.06860904
SRR5875731	1	soft tissue	0.80457246	0.04175361	0.0017893167	0.13438974	0.01749486
SRR8731955	1	gut	0.8925659	0.09454011	0.0039126556	0.0087484745	0.00023287763
SRR8731957	1	gut	0.9958114	0.000121578174	0.0040667127	2.2293892e-07	8.481817e-08
SRR8731958	1	gut	0.1579346	0.7064852	0.0028431553	0.12860672	0.0041303304
ERR11660399	2	oral	1.063175e-23	1.0	1.1655606e-20	1.1605176e-23	3.6464335e-20
ERR11660400	2	oral	2.2877372e-23	1.0	1.7172678e-20	2.3883747e-23	5.3348907e-20
ERR11660401	2	oral	2.094168e-09	0.9999998	1.3900219e-08	5.7742806e-08	1.1536575e-07
ERR11660402	2	oral	4.283132e-24	1.0	4.9571008e-21	3.419169e-24	1.8446192e-20
ERR11660403	2	oral	6.693372e-24	1.0	6.6454895e-21	5.692008e-24	3.0406297e-20
ERR11660404	2	oral	1.4784227e-09	0.9999999	9.618025e-09	3.2060523e-08	6.9585006e-08
ERR11660405	2	oral	3.477987e-20	1.0	8.727928e-18	3.598526e-20	3.5367963e-17
ERR11660406	2	oral	3.65168e-20	1.0	1.0993729e-17	6.490519e-20	3.696677e-17
ERR11660407	2	oral	2.7769449e-08	0.99999774	1.4304011e-07	1.221891e-06	8.6162686e-07
ERR11660408	2	oral	4.571473e-20	1.0	1.04315325e-17	5.2166976e-20	3.3362573e-17
ERR11660409	2	oral	2.4422905e-20	1.0	6.8041114e-18	3.000616e-20	3.6859674e-17
ERR11660410	2	oral	2.6248304e-07	0.9999786	1.049832e-06	1.4966205e-05	5.0998333e-06
ERR11660411	2	oral	2.0895286e-23	1.0	1.9606468e-20	1.7701998e-23	7.7927955e-20
ERR11660412	2	oral	1.9978592e-23	1.0	1.4995297e-20	1.8740248e-23	5.921246e-20
ERR11660413	2	oral	2.695447e-09	0.99999976	1.6995262e-08	6.100302e-08	1.5209423e-07
ERR11660414	2	oral	4.458734e-24	1.0	4.9935585e-21	6.063067e-24	1.5627831e-20
ERR11660415	2	oral	2.479275e-24	1.0	3.4611184e-21	2.4063896e-24	1.1017544e-20
ERR11660416	2	oral	5.179691e-10	0.99999994	3.9673256e-09	1.2629939e-08	2.7994872e-08
ERR11660417	2	oral	2.450885e-22	1.0	1.586333e-19	4.426968e-22	4.9645e-19
ERR11660418	2	oral	2.3750807e-22	1.0	1.1744742e-19	2.2795308e-22	4.9092776e-19
ERR11660419	2	oral	7.9336454e-10	0.99999994	7.949544e-09	3.2595587e-08	4.0964824e-08
ERR11660420	2	oral	1.7428214e-22	1.0	1.03854e-19	2.0315698e-22	5.040931e-19
ERR11660421	2	oral	2.394186e-22	1.0	1.8824293e-19	4.711633e-22	7.8281747e-19
ERR11660422	2	oral	1.5494634e-09	0.9999999	9.297155e-09	2.7410517e-08	7.0074556e-08
ERR11660423	2	oral	7.0633955e-23	1.0	5.8523106e-20	9.92177e-23	2.129452e-19
ERR11660424	2	oral	1.1513588e-22	1.0	7.6177176e-20	1.2891763e-22	2.5574918e-19
ERR11660425	2	oral	9.0623065e-09	0.99999946	4.7727713e-08	1.9865567e-07	2.87482e-07
ERR11660426	2	oral	3.5456682e-22	1.0	1.7688908e-19	4.239457e-22	3.6470305e-19
ERR11660427	2	oral	2.332954e-22	1.0	1.1251141e-19	2.200861e-22	3.3284582e-19
ERR11660428	2	oral	2.3927744e-09	0.9999998	1.6278676e-08	7.791056e-08	1.0141342e-07
ERR11660429	2	oral	0.03870543	0.16968922	0.010896133	0.76419	0.016519183
ERR11660430	2	oral	0.011498452	0.07997991	0.002447162	0.90251	0.0035644644
ERR11660431	2	oral	0.019859327	0.22864982	0.002458894	0.7456529	0.0033790553
ERR11660432	2	oral	0.027735757	0.11159093	0.0076281945	0.8414802	0.011564919
ERR11660433	2	oral	0.017942524	0.054410517	0.00663841	0.91254836	0.008460209
ERR11660434	2	oral	0.01514854	0.10762434	0.0052937916	0.8636501	0.008283241
ERR11660435	2	oral	0.02393971	0.08192134	0.008479227	0.8749641	0.01069561
ERR11660436	2	oral	0.023211533	0.10792044	0.0073600733	0.8492561	0.012251876
ERR11660437	2	oral	0.024079505	0.07174402	0.00844872	0.8852533	0.010474451
ERR11660438	2	oral	0.002465822	0.6619464	0.00028479233	0.3338854	0.0014175598
ERR11660439	2	oral	0.0028014455	0.74531865	0.0001054496	0.2510686	0.00070589373
ERR11660440	2	oral	0.002987052	0.6806238	0.00015998486	0.31510517	0.0011239756
ERR11660441	2	oral	0.0029568467	0.7833777	0.00016470118	0.21195978	0.0015409649
ERR11660442	2	oral	0.0034417657	0.5305576	0.0002886506	0.46388534	0.0018266953
ERR11660443	2	oral	0.0033323134	0.765591	0.00041572578	0.22825578	0.0024051464
ERR11660444	2	oral	0.003944605	0.7177503	0.000269573	0.27569792	0.002337615
ERR11660445	2	oral	0.0023758926	0.52161044	0.00028456343	0.47401276	0.001716383
ERR11660446	2	oral	0.0025737323	0.7050644	0.00011946133	0.29144275	0.00079963985
ERR11660447	2	oral	0.0037556957	0.65916085	0.00017429198	0.3357898	0.0011193374
ERR11660448	2	oral	0.0023507492	0.7252627	0.00017921749	0.27083483	0.0013724902
ERR11660449	2	oral	0.0025409318	0.7333957	0.00010660832	0.2633196	0.0006371625
ERR11660450	2	oral	0.0020734938	0.66734356	0.00013391954	0.32937214	0.0010768775
ERR11660451	2	oral	0.024086088	0.06437182	0.007954799	0.8922699	0.011317403
ERR11660452	2	oral	0.027628653	0.13384743	0.008176713	0.81291026	0.01743694
ERR11660453	2	oral	0.018770412	0.05131651	0.006527153	0.91435635	0.00902958
ERR11660454	2	oral	0.02194043	0.1665973	0.007130745	0.78859675	0.015734794
ERR11660455	2	oral	0.022603894	0.06983811	0.0076192655	0.88969064	0.010248121
ERR11660456	2	oral	9.384189e-12	1.0	1.0605317e-11	1.203907e-09	1.5166853e-09
ERR11660457	2	oral	1.6773034e-11	1.0	1.562734e-11	1.9257012e-09	3.0941665e-09
ERR11660458	2	oral	1.2224814e-11	1.0	2.7174756e-11	2.6284184e-09	3.2978336e-09
ERR11660459	2	oral	8.106347e-11	0.99999994	1.4517255e-10	3.5684934e-08	2.7456869e-08
ERR11660460	2	oral	0.020525929	0.07384017	0.007034305	0.8887012	0.009898402
ERR11660461	2	oral	4.667184e-16	1.0	5.767277e-15	1.8219848e-15	1.5743349e-13
ERR11660462	2	oral	9.567801e-16	1.0	9.3525905e-15	5.6823476e-15	1.7630865e-13
ERR11660463	2	oral	1.4752827e-14	1.0	1.03131154e-13	9.19824e-14	1.5262284e-12
ERR11660464	2	oral	2.6602313e-15	1.0	1.17022404e-14	4.7222815e-15	1.9607928e-13
ERR11660465	2	oral	6.433546e-14	1.0	3.566852e-13	2.7545932e-13	6.9271346e-12
ERR11660466	2	oral	2.9164782e-15	1.0	2.5708204e-14	2.7378356e-14	3.2327792e-13
ERR14057409	2	gut	0.10335195	0.23177716	0.09534067	0.5408282	0.028701968
ERR14057410	2	gut	0.112177946	0.22535816	0.10785546	0.5152702	0.039338257
ERR14057411	2	gut	0.0034838414	0.3742847	0.5793224	4.304144e-06	0.042904753
ERR14057412	2	gut	0.003768688	0.37500894	0.5536337	4.010239e-06	0.067584716
ERR14057413	2	gut	6.6583534e-09	0.9999999	3.360185e-10	9.468342e-10	1.3886685e-07
ERR14057414	2	gut	6.401785e-09	0.9999999	2.6608898e-10	4.6986e-10	8.4827185e-08
ERR14057415	2	gut	7.7318994e-08	0.99999976	5.305259e-10	1.0525956e-10	1.7001405e-07
ERR14057416	2	gut	6.405197e-08	0.99999976	6.520511e-10	1.1498691e-10	1.7931715e-07
ERR14100444	2	gut	0.10335195	0.23177716	0.09534067	0.5408282	0.028701968
ERR14100445	2	gut	0.112177946	0.22535816	0.10785546	0.5152702	0.039338257
ERR14100446	2	gut	0.0034838414	0.3742847	0.5793224	4.304144e-06	0.042904753
ERR14100447	2	gut	0.003768688	0.37500894	0.5536337	4.010239e-06	0.067584716
ERR14100448	2	gut	6.6583534e-09	0.9999999	3.360185e-10	9.468342e-10	1.3886685e-07
ERR14100449	2	gut	6.401785e-09	0.9999999	2.6608898e-10	4.6986e-10	8.4827185e-08
ERR14100450	2	gut	7.7318994e-08	0.99999976	5.305259e-10	1.0525956e-10	1.7001405e-07
ERR14100451	2	gut	6.405197e-08	0.99999976	6.520511e-10	1.1498691e-10	1.7931715e-07
ERR2269773	2	plant tissue	0.0026594333	0.004006451	0.9920357	0.000445168	0.0008532718
ERR2269775	2	plant tissue	0.128094	0.012856994	0.85796845	4.8853977e-05	0.0010317162
ERR2269776	2	plant tissue	0.0021979918	0.004710567	0.992272	0.00046456212	0.00035488204
ERR2269777	2	plant tissue	0.0066736946	0.004411679	0.98674953	0.00027194642	0.00189314
ERR2269778	2	plant tissue	0.006698567	0.02114382	0.9707049	0.0011343355	0.00031837178
ERR2269779	2	plant tissue	0.0017548618	0.0037032247	0.9937565	0.00047061878	0.0003148301
ERR2269780	2	plant tissue	0.001963337	0.0030407354	0.9942506	0.00032686658	0.0004184856
ERR2269781	2	plant tissue	0.0019612673	0.003486955	0.9938494	0.00043396148	0.00026840926
ERR2269782	2	plant tissue	0.0050720717	0.0042261025	0.9875096	0.0002781267	0.0029140753
ERR2269783	2	plant tissue	0.009676682	0.02426317	0.9654066	0.00034661105	0.00030695897
ERR2269784	2	plant tissue	0.02412519	0.0034923404	0.86402315	0.00012596116	0.10823334
ERR2269785	2	plant tissue	0.0038848831	0.0063675228	0.9889936	0.0004352789	0.00031870327
ERR2269786	2	plant tissue	0.0028255472	0.0050220643	0.9912906	0.00040667184	0.0004550975
ERR2269787	2	plant tissue	0.0029995954	0.0051158755	0.98927474	0.00025650833	0.002353261
ERR2269788	2	plant tissue	0.0018056319	0.0042954152	0.9931016	0.00045210408	0.00034522396
ERR2269789	2	plant tissue	0.0021737332	0.003924893	0.99307424	0.00040242015	0.0004246986
ERR2269790	2	plant tissue	0.06335579	0.07729177	0.84220403	0.0042806133	0.012867784
ERR2269791	2	plant tissue	0.0031674048	0.005019563	0.9912475	0.00033010813	0.00023544951
ERR2269792	2	plant tissue	0.0016310763	0.0028531752	0.99493414	0.00034204553	0.00023953417
ERR2269793	2	plant tissue	0.0014921227	0.0034681014	0.9942758	0.00048784015	0.00027612873
ERR2269794	2	plant tissue	0.016978005	0.018743318	0.96398777	0.00020664066	8.424863e-05
ERR2269795	2	plant tissue	0.0021388545	0.004341346	0.9926585	0.00051862205	0.0003427035
ERR2269796	2	plant tissue	0.0100181475	0.03213599	0.9476877	2.186036e-05	0.010136333
ERR2269797	2	plant tissue	0.0022689232	0.004899836	0.9919242	0.00056744413	0.00033955925
ERR2269798	2	plant tissue	0.005276697	0.016593127	0.9779241	8.8426e-05	0.00011766117
ERR2269799	2	plant tissue	0.0046572825	0.0036888379	0.9847829	5.321424e-05	0.0068177665
ERR2269800	2	plant tissue	0.025067186	0.03367769	0.9410398	2.0116291e-05	0.00019523231
ERR2269801	2	plant tissue	0.026228463	0.10660641	0.8652571	0.0018413656	6.665504e-05
ERR2269802	2	plant tissue	0.0076685296	0.01569759	0.97559524	6.941557e-05	0.0009692598
ERR2269803	2	plant tissue	0.0027744367	0.010750317	0.980655	4.8192833e-05	0.005772011
ERR2269804	2	plant tissue	0.01757998	0.03890211	0.9205594	0.01898054	0.003977939
ERR2269805	2	plant tissue	0.0024173425	0.0051022167	0.9914069	0.0006948716	0.00037868114
ERR3728226	2	oral	1.6203317e-29	1.0	8.829244e-28	1.1607313e-31	7.478944e-28
ERR3728227	2	oral	2.9409435e-32	1.0	3.9234387e-30	1.4358628e-34	3.1063183e-30
ERR3728228	2	oral	1.4608798e-36	1.0	1.0087861e-33	2.038936e-39	7.0558057e-34
ERR3728238	2	oral	0.029615114	0.68349266	0.0055823918	0.27399105	0.007318783
ERR3728239	2	oral	1.9184886e-07	0.99999595	1.7415643e-07	3.328925e-06	3.846173e-07
ERR3728240	2	oral	0.03856923	0.68325484	0.004726365	0.26558614	0.007863439
ERR3728241	2	oral	0.0339669	0.682472	0.00307605	0.27512425	0.0053608115
ERR3728245	2	oral	6.7858e-41	1.0	4.86794e-37	4.97e-43	1.1126364e-37
ERR3728246	2	oral	1.3e-43	1.0	1.583668e-39	1e-45	1.093091e-39
ERR3728247	2	oral	1.109405e-36	1.0	9.542572e-34	4.311902e-39	9.932839e-34
ERR3728248	2	oral	1.6429e-41	1.0	5.844997e-38	3.5e-44	7.9832545e-38
ERR3728249	2	oral	1.53e-43	1.0	1.349471e-39	0.0	8.68256e-40
ERR3728250	2	oral	4.3e-44	1.0	2.902155e-39	4e-45	2.431204e-39
ERR3728251	2	oral	0.0	1.0	3.244e-42	0.0	2.76e-42
ERR3728252	2	oral	4.33202e-40	1.0	5.2138154e-36	8.5646e-41	3.504285e-36
ERR3728254	2	oral	4.3644083e-31	1.0	1.4425727e-28	1.5750028e-29	3.2077944e-27
ERR3728255	2	oral	2.3951715e-31	1.0	4.9292486e-29	3.356935e-30	6.4615263e-28
ERR3728256	2	oral	3.858552e-35	1.0	2.7838013e-32	5.0714862e-34	3.4339578e-31
ERR3728257	2	oral	2.4042439e-30	1.0	2.7642892e-28	1.16806515e-29	7.024134e-27
ERR4373119	2	oral	0.09420164	0.90214354	0.0011923773	0.0024546825	7.736266e-06
ERR4373134	2	oral	0.11837178	0.810325	0.0032514874	0.055307567	0.012744143
ERR4373146	2	oral	1.8055389e-06	0.99999726	5.5584604e-07	1.0546512e-07	2.4909193e-07
ERR4373153	2	oral	0.22050129	0.7252959	0.024057506	0.021952597	0.0081926845
ERR4373159	2	oral	0.22005194	0.74103993	0.019560443	0.010005846	0.00934185
ERR4373979	2	oral	5.5192524e-26	1.0	3.361056e-25	4.8027327e-33	1.1030113e-25
ERR4373995	2	skeletal tissue	0.17248738	0.46449733	0.061880104	0.28917235	0.011962864
ERR4373996	2	oral	0.081371196	0.8913845	0.0033924738	0.008848531	0.01500333
ERR4373997	2	skeletal tissue	0.2405904	0.7371283	7.9771475e-05	0.022169752	3.178015e-05
ERR4373998	2	skeletal tissue	0.04306932	0.1582801	0.011258039	0.7699167	0.01747581
ERR4373999	2	oral	0.081371196	0.8913845	0.0033924738	0.008848531	0.01500333
ERR4374000	2	skeletal tissue	0.17248738	0.46449733	0.061880104	0.28917235	0.011962864
ERR4374001	2	skeletal tissue	0.2405904	0.7371283	7.9771475e-05	0.022169752	3.178015e-05
ERR4374002	2	skeletal tissue	0.17586778	0.7368594	0.009722711	0.06742835	0.010121786
ERR4374003	2	skeletal tissue	0.04306932	0.1582801	0.011258039	0.7699167	0.01747581
ERR4374004	2	skeletal tissue	0.49975687	0.43748456	0.042981602	0.0064290473	0.0133479275
ERR4374005	2	skeletal tissue	0.08635387	0.4591263	0.0133771235	0.4055249	0.03561782
ERR4374006	2	oral	0.3475129	0.5996441	0.008207717	0.028233686	0.016401585
ERR4374007	2	oral	0.4329765	0.5241918	0.0073768543	0.027484935	0.007969899
ERR4374008	2	skeletal tissue	0.26153737	0.48254928	0.023268422	0.20166981	0.030975096
ERR4374009	2	oral	0.099047095	0.8683878	0.0040457905	0.022546835	0.0059724916
ERR4374010	2	oral	0.12721217	0.85542405	0.0023564019	0.013089038	0.0019183146
ERR4374011	2	soft tissue	0.377256	0.5000636	0.011432442	0.09237766	0.018870315
ERR4374012	2	oral	0.23616646	0.4065408	0.01124853	0.32455468	0.021489523
ERR4374013	2	oral	0.08949753	0.85036695	0.0034062776	0.05381794	0.0029113176
ERR4374014	2	oral	0.1915776	0.7426748	0.0052299225	0.055763084	0.0047545787
ERR4374015	2	skeletal tissue	0.29504588	0.5751535	0.002782195	0.123543926	0.003474478
ERR4374016	2	skeletal tissue	0.16742635	0.7608653	0.008088141	0.05377445	0.009845767
ERR4374017	2	soft tissue	0.084938966	0.2789396	0.015646981	0.5748892	0.045585267
ERR4374018	2	oral	0.3474846	0.6163667	0.005183076	0.024085436	0.00688023
ERR4374019	2	skeletal tissue	0.13629586	0.6930228	0.009310173	0.14778027	0.013590921
ERR4374020	2	skeletal tissue	0.3396021	0.54145503	0.019909315	0.08921771	0.009815795
ERR4374021	2	soft tissue	0.24931647	0.31360316	0.017087417	0.3607116	0.05928133
ERR4374022	2	oral	0.24196939	0.6761852	0.009023224	0.05882431	0.013997885
ERR4374023	2	oral	0.14721929	0.8413579	0.0007955164	0.008984559	0.0016427555
ERR4374024	2	oral	0.25669852	0.6943135	0.0049893516	0.03858427	0.0054143383
ERR4374025	2	skeletal tissue	0.2223967	0.6815137	0.010839846	0.074252464	0.010997243
ERR4374026	2	skeletal tissue	0.15956886	0.8296842	0.0022998587	0.0078010173	0.00064606173
ERR4374027	2	oral	0.36363137	0.5955413	0.014083792	0.019822728	0.0069208113
ERR4374028	2	oral	0.17304596	0.7685404	0.006839907	0.042820077	0.008753655
ERR4374029	2	skeletal tissue	0.19319491	0.42766237	0.36838707	0.0055234293	0.005232199
ERR4374030	2	skeletal tissue	0.5041343	0.46031037	0.012315859	0.016493455	0.0067460313
ERR4374031	2	oral	0.3829798	0.55025536	0.008134994	0.047600806	0.011029038
ERR4374032	2	skeletal tissue	0.25597	0.6899471	0.010787179	0.022436054	0.020859662
ERR4374033	2	skeletal tissue	0.45046377	0.49879253	0.011376925	0.025857782	0.013508984
ERR4374034	2	skeletal tissue	0.28567293	0.70252436	0.007214275	0.0037508428	0.000837549
ERR4374035	2	soft tissue	0.1786549	0.75661767	0.008050725	0.045532364	0.011144374
ERR4374036	2	skeletal tissue	0.14765291	0.35878003	0.015986366	0.43263617	0.044944547
ERR4374037	2	skeletal tissue	0.42102206	0.56843626	0.001947914	0.0060008587	0.0025929362
ERR4374038	2	skeletal tissue	0.22851813	0.6706417	0.010128602	0.08114039	0.009571124
ERR4374039	2	skeletal tissue	0.26157093	0.44644323	0.017145893	0.21311297	0.061726976
ERR4374040	2	skeletal tissue	0.26730144	0.7135922	0.0015773616	0.014798791	0.002730271
ERR4374041	2	skeletal tissue	0.13413744	0.645882	0.008620735	0.19816469	0.0131951505
ERR4374042	2	oral	0.2046752	0.7387319	0.007098858	0.040666353	0.008827654
ERR4374043	2	skeletal tissue	0.3785946	0.59370863	0.018327497	0.0046780207	0.0046912287
ERR4374044	2	oral	0.2680477	0.6442201	0.0091316085	0.057578452	0.021022167
ERR4374045	2	oral	0.1760552	0.40787852	0.01563389	0.35217535	0.04825706
ERR4374046	2	soft tissue	0.19870764	0.28786007	0.01946672	0.44168058	0.052285008
ERR4374047	2	skeletal tissue	0.23675944	0.71046853	0.0045261723	0.04683143	0.0014144117
ERR4374048	2	oral	0.20941198	0.595882	0.015366456	0.14783382	0.031505726
ERR4374049	2	oral	0.25764245	0.6866053	0.007230622	0.024777044	0.023744626
ERR4374050	2	oral	0.3265557	0.6145241	0.006618953	0.040917818	0.011383402
ERR4374051	2	oral	0.374108	0.56693685	0.0082537765	0.03938814	0.011313253
ERR4374052	2	skeletal tissue	0.18174683	0.7884191	0.0007897676	0.02861559	0.0004286549
ERR4374053	2	oral	0.0029341993	0.99686015	3.2555852e-06	0.000202201	1.8091015e-07
ERR4374055	2	skeletal tissue	0.23391372	0.69946265	0.010651001	0.04284492	0.013127699
ERR4374588	2	skeletal tissue	0.24884509	0.6351302	0.009438317	0.09097739	0.015608971
ERR4374589	2	oral	0.31634176	0.61672086	0.0075934497	0.0492928	0.010051144
ERR4374838	2	oral	0.01894186	0.97995764	6.179951e-05	0.0010126865	2.599593e-05
ERR4374839	2	skeletal tissue	0.3491909	0.5948673	0.036325477	0.009853125	0.009763224
ERR4374851	2	skeletal tissue	0.50748503	0.29151636	0.087390035	0.07173826	0.041870322
ERR4374857	2	soft tissue	0.22388297	0.7016554	0.0096290205	0.05369259	0.011140008
ERR4374858	2	oral	0.26223287	0.66078496	0.009152844	0.061858445	0.005970897
ERR4374859	2	skeletal tissue	0.41787705	0.56999743	0.0051213005	0.006735397	0.0002688164
ERR4374860	2	oral	0.34326756	0.6047481	0.0077713453	0.034040038	0.010172999
ERR4374861	2	skeletal tissue	0.31327412	0.6364434	0.00579625	0.032415718	0.0120705385
ERR4374862	2	skeletal tissue	0.27045748	0.69121325	0.020207306	0.016261518	0.0018604194
ERR4374863	2	oral	0.37263528	0.58261406	0.007273449	0.02823619	0.009241001
ERR4374864	2	oral	0.32007024	0.5908325	0.008071769	0.07325929	0.007766219
ERR4374865	2	oral	0.4355323	0.51049453	0.009161789	0.033701565	0.011109813
ERR4374866	2	oral	0.35307074	0.6063912	0.00685799	0.02521558	0.008464513
ERR4374867	2	oral	0.32516593	0.633422	0.0063096615	0.025369212	0.0097331945
ERR4374868	2	oral	0.20631053	0.7546413	0.004527416	0.02525796	0.009262821
ERR4374869	2	oral	0.27652866	0.3421805	0.017316662	0.3050167	0.05895748
ERR4374870	2	oral	0.39643276	0.5651209	0.007016234	0.025057316	0.0063728127
ERR4374871	2	oral	0.35772544	0.59296215	0.006615445	0.033008844	0.009688155
ERR4374872	2	oral	0.54498154	0.42400476	0.0052136136	0.019516397	0.006283661
ERR4374873	2	oral	0.3890132	0.5628415	0.0068046073	0.032331306	0.0090094395
ERR4374874	2	oral	0.33650163	0.58180857	0.008296407	0.061777607	0.0116158165
ERR4374875	2	oral	0.300491	0.6440909	0.008887116	0.037519984	0.009010992
ERR4374912	2	skeletal tissue	0.5012073	0.49114224	0.00031508348	0.0070561655	0.00027922814
ERR4374913	2	skeletal tissue	0.23928323	0.69643885	0.016202703	0.036328487	0.011746736
ERR4374914	2	oral	0.14382574	0.29033086	0.015755296	0.50379735	0.04629074
ERR4374915	2	skeletal tissue	0.15836944	0.8103462	1.5626752e-05	0.031263724	5.0416274e-06
ERR4374916	2	skeletal tissue	0.19189301	0.52499413	0.012909835	0.25153023	0.018672774
ERR4374917	2	oral	0.34125704	0.6124278	0.0070381686	0.029557837	0.009719201
ERR4374918	2	skeletal tissue	0.18933877	0.7527642	0.008259486	0.03907836	0.010559146
ERR4374919	2	oral	0.06806841	0.9117403	0.0021531316	0.016329495	0.0017086689
ERR4374920	2	oral	0.34410995	0.61200386	0.0066188485	0.028150413	0.009116924
ERR4374921	2	oral	0.30220237	0.6753813	0.0020334965	0.019932518	0.0004503357
ERR4374922	2	oral	0.12442078	0.86321545	0.0024705634	0.006839003	0.0030542132
ERR4374923	2	skeletal tissue	0.5239194	0.41726968	0.046251297	0.004943393	0.0076162354
ERR4374924	2	oral	0.3552788	0.59369683	0.007806481	0.033054244	0.010163638
ERR4374925	2	oral	0.33588842	0.6206457	0.006802876	0.026300322	0.010362703
ERR4374926	2	oral	0.2880831	0.64093626	0.0076234792	0.049678724	0.013678444
ERR4374927	2	skeletal tissue	0.26594797	0.7202837	0.0012927357	0.012224809	0.0002507869
ERR4374928	2	skeletal tissue	0.5648577	0.36647025	0.024991818	0.01900852	0.024671689
ERR4374929	2	oral	0.14859651	0.49483454	0.009290999	0.3171063	0.030171648
ERR4374948	2	skeletal tissue	0.20359144	0.36431876	0.022056624	0.36801508	0.0420181
ERR4374962	2	oral	0.25809485	0.6817416	0.0016254552	0.05696636	0.001571719
ERR4374963	2	oral	0.14045164	0.511304	0.001068994	0.34606746	0.0011078992
ERR4375010	2	skeletal tissue	0.22446762	0.31018665	0.014954186	0.41502613	0.035365395
ERR4375011	2	oral	0.3485067	0.5897214	0.005929735	0.04731553	0.008526695
ERR4375017	2	oral	0.17285877	0.4327627	0.015919318	0.33029434	0.048164852
ERR4375025	2	skeletal tissue	0.6004996	0.27877912	0.10698597	0.0037162285	0.010019115
ERR4375032	2	oral	0.3648331	0.5943223	0.0064995876	0.025391556	0.008953412
ERR4375036	2	skeletal tissue	0.3389467	0.64342535	2.9639668e-05	0.017591147	7.177934e-06
ERR4375039	2	oral	0.12459441	0.811212	0.0013145485	0.06216345	0.00071556866
ERR4375040	2	skeletal tissue	0.23836279	0.6806145	0.011100946	0.054851312	0.015070482
ERR4375042	2	oral	0.0017448917	0.9926566	7.4183304e-06	0.005588935	2.1540775e-06
ERR4375045	2	oral	0.2657493	0.68776727	0.0067139976	0.029605603	0.0101638185
ERR4375046	2	skeletal tissue	0.45867607	0.4657181	0.034113266	0.02856047	0.012932097
ERR4375047	2	skeletal tissue	0.075574875	0.5087538	0.022864064	0.35071442	0.042092863
ERR4375048	2	oral	0.3914908	0.55814666	0.006676583	0.033441667	0.01024434
ERR4375049	2	oral	0.23841219	0.65040284	0.021009943	0.06229793	0.027877096
ERR4375050	2	skeletal tissue	0.20224033	0.7306356	0.007521381	0.04891808	0.010684604
ERR4375132	2	oral	0.09635403	0.4034232	0.0073440806	0.4759709	0.016907807
ERR4375133	2	oral	0.33313093	0.6068979	0.007778337	0.041847315	0.010345542
ERR4375134	2	skeletal tissue	0.47551832	0.44795465	0.012961905	0.05226948	0.0112956315
ERR4375135	2	skeletal tissue	0.17736673	0.7772329	0.0069079483	0.025952801	0.012539627
ERR4375136	2	skeletal tissue	0.14176035	0.8059802	0.0049598315	0.04189818	0.005401448
ERR4375137	2	oral	0.3319684	0.6213859	0.0042991717	0.03958874	0.0027577996
ERR4375141	2	oral	0.29659307	0.44992855	0.011614368	0.2176285	0.024235532
ERR4375142	2	oral	0.3466736	0.5953783	0.007395278	0.043679833	0.0068729804
ERR4375143	2	oral	0.27055764	0.6923272	0.0036823833	0.028434975	0.0049978048
ERR4375144	2	skeletal tissue	0.21380202	0.21169928	0.012902907	0.4812856	0.08031017
ERR4383828	2	skeletal tissue	0.2640482	0.38562837	0.01044093	0.27786848	0.062014014
ERR4383829	2	skeletal tissue	0.27007812	0.47170347	0.01185954	0.20102113	0.04533775
ERR4384927	2	skeletal tissue	0.22022344	0.45391932	0.020889819	0.2674347	0.03753272
ERR4385800	2	skeletal tissue	0.3151364	0.53780293	0.012676542	0.11448276	0.019901354
ERR4385809	2	skeletal tissue	0.2751114	0.6636715	0.005937303	0.050621662	0.0046581347
ERR4386464	2	oral	9.378048e-39	1.0	3.2781366e-36	0.0	7.7773707e-38
ERR4386569	2	skeletal tissue	0.6147974	0.37735486	0.0070845103	0.00037960004	0.00038365764
ERR4386594	2	soft tissue	0.42541814	0.5264713	0.007592316	0.027540056	0.012978167
ERR4388102	2	soft tissue	0.35734415	0.5229846	0.01135189	0.09275881	0.0155605255
ERR4388107	2	soft tissue	0.33155465	0.51440483	0.013809656	0.12140338	0.018827453
ERR4388231	2	soft tissue	0.36174297	0.6026434	0.005670608	0.018908616	0.011034425
ERR4388236	2	soft tissue	0.64811695	0.30791363	0.0067175985	0.022450082	0.014801762
ERR4391165	2	oral	3.907815e-11	1.0	1.1264687e-10	4.09522e-16	1.4806786e-11
ERR4391166	2	oral	5.98641e-11	1.0	2.1252826e-10	1.7934616e-15	2.4101188e-11
ERR4408185	2	oral	0.23622122	0.6957596	0.004698297	0.057882257	0.0054386486
ERR4408187	2	skeletal tissue	0.14023718	0.82533383	0.004030767	0.025696376	0.004701862
ERR4408188	2	oral	0.095243506	0.3710428	0.013534377	0.49441937	0.025759969
ERR4413529	2	oral	2.483196e-39	1.0	8.817946e-37	0.0	1.6092478e-38
ERR5729614	2	oral	3.1e-44	1.0	4.57692e-40	0.0	9.2875e-41
ERR5729615	2	oral	2.5739222e-35	1.0	1.6894736e-33	2.386e-42	2.2767669e-33
ERR5729616	2	oral	7.95715e-40	1.0	3.769342e-37	4.6e-44	2.1426163e-37
ERR5729617	2	oral	3.04368e-39	1.0	5.7599685e-37	0.0	9.789711e-37
ERR5729618	2	oral	3.2399635e-35	1.0	1.7841477e-31	1.1884741e-35	2.067963e-31
ERR5729619	2	oral	1.1769159e-14	1.0	1.5187331e-16	2.2965067e-16	1.1510981e-14
ERR5729620	2	oral	2.5826588e-28	1.0	7.6198485e-26	6.825008e-28	3.2977295e-25
ERR5729621	2	oral	5.8270445e-28	1.0	5.678678e-27	4.8023376e-32	1.3423368e-24
ERR5729622	2	oral	3.293172e-39	1.0	2.213444e-35	2.66e-42	2.4084304e-35
ERR5729623	2	oral	3.800414e-20	1.0	1.997251e-20	4.7401077e-23	6.079367e-19
ERR5729624	2	oral	5.3212196e-20	1.0	1.4620253e-18	2.4861778e-20	7.956842e-18
ERR5729625	2	oral	2.03e-43	1.0	1.7195128e-37	1.53e-43	9.089152e-38
ERR5729626	2	oral	0.0	1.0	3.77e-43	0.0	3.76e-43
ERR5729627	2	oral	2.093725e-39	1.0	4.739945e-35	7.83e-43	1.1837971e-35
ERR5729628	2	oral	1.7514762e-29	1.0	1.024512e-28	1.5120173e-34	1.3301007e-27
ERR5729629	2	oral	2.637e-41	1.0	1.1610862e-37	8e-45	2.535676e-37
ERR5729630	2	oral	4.1330822e-20	1.0	4.665572e-19	3.550828e-21	2.2344154e-21
ERR5729631	2	oral	5.821211e-38	1.0	1.227635e-33	8.2524e-41	2.467302e-34
ERR5729632	2	oral	2e-44	1.0	1.09865e-40	0.0	2.11932e-40
ERR5729633	2	oral	2.234e-42	1.0	5.445936e-39	1e-45	2.1354679e-38
ERR5729634	2	oral	2.5e-44	1.0	2.68429e-40	0.0	1.8484e-40
ERR5729635	2	oral	0.008507155	0.2248547	0.0015719372	0.76213706	0.0029291273
ERR5729636	2	oral	4.9747e-41	1.0	1.0535315e-35	4.7587e-41	1.278648e-36
ERR5729637	2	oral	4.26594e-40	1.0	1.1412847e-36	3.636e-42	1.0780694e-36
ERR5729638	2	oral	1.3916e-41	1.0	4.488419e-36	6.588e-41	1.0455058e-36
ERR5729639	2	oral	4.8376107e-29	1.0	2.076329e-27	3.4922785e-32	1.5320594e-26
ERR5729640	2	oral	8.25e-43	1.0	4.3466467e-37	2.131e-42	1.1206049e-37
ERR5729641	2	oral	4e-45	1.0	1.0578e-40	0.0	2.4764e-41
ERR5729642	2	oral	1.32e-43	1.0	1.0740656e-38	3.5e-44	4.2409177e-38
ERR5729643	2	oral	1.277e-42	1.0	1.1844241e-37	8e-44	1.9787168e-38
ERR5729644	2	oral	1.6435311e-38	1.0	5.722244e-34	2.9227e-39	1.5127154e-34
ERR5729645	2	oral	1.77696e-40	1.0	5.2742184e-36	4.169e-42	3.201468e-36
ERR5729646	2	oral	4.7487567e-29	1.0	1.1159292e-25	8.114265e-29	1.571445e-25
ERR5729647	2	oral	1.7288265e-36	1.0	6.932721e-34	9.422702e-39	1.973039e-33
ERR5729648	2	oral	1.4240637e-27	1.0	1.309504e-25	1.5285957e-27	6.8533025e-24
ERR5729649	2	oral	4.1129863e-20	1.0	1.7972394e-20	3.2405446e-24	3.3106668e-19
ERR5729650	2	oral	2.281e-42	1.0	2.4503304e-38	0.0	2.140153e-38
ERR5729651	2	oral	4.480985e-12	1.0	1.4861718e-13	2.4479175e-12	1.2318678e-11
ERR5729652	2	oral	7e-45	1.0	3.97913e-40	1.1e-43	7.616e-42
ERR5729653	2	oral	4.903289e-35	1.0	5.744555e-30	2.6783357e-32	2.290816e-30
ERR5729654	2	oral	3.731953e-39	1.0	2.4107906e-34	3.34e-42	1.796679e-35
ERR5729655	2	oral	2.58e-43	1.0	4.5542427e-38	4e-45	2.26877e-39
ERR5729656	2	oral	1.0507532e-37	1.0	3.7848755e-34	6.919179e-39	8.7695186e-36
ERR5729657	2	oral	2.615e-42	1.0	2.8181348e-37	1.47e-43	1.5454634e-37
SRR30066258	2	oral	7.6548204e-35	1.0	1.0797776e-31	7.494798e-38	3.23539e-32
SRR30066259	2	oral	1.4806264e-37	1.0	3.5562729e-34	8.4006e-41	3.9897905e-35
SRR30066260	2	oral	2.2e-44	1.0	2.273279e-39	0.0	2.40062e-40
SRR30066261	2	oral	1.33398905e-36	1.0	1.40079915e-33	5.1112e-41	7.085828e-35
SRR30066262	2	oral	2.9863106e-25	1.0	9.7147425e-23	6.1380666e-25	2.1825176e-22
SRR30066263	2	oral	7.875607e-22	1.0	1.00871407e-16	2.479549e-22	7.1683524e-20
SRR30066264	2	oral	1.1385382e-21	1.0	5.2943698e-20	1.2096356e-21	7.0421e-19
SRR30066265	2	oral	0.0070997993	0.89420354	0.001739679	0.08963183	0.007325141
SRR30066269	2	oral	1.9441106e-22	1.0	7.1594156e-20	9.151714e-21	1.510364e-19
SRR30066270	2	oral	5.896745e-33	1.0	1.590996e-29	1.3663821e-32	1.2462494e-28
SRR30066271	2	oral	3e-45	1.0	6.1036e-41	0.0	1.9824e-41
SRR30066272	2	oral	1.1552e-41	1.0	3.4606539e-37	1.78e-43	1.2353204e-37
SRR6877282	2	oral	8.4340435e-36	1.0	1.6334962e-33	6.947148e-36	4.846229e-33
SRR6877283	2	skeletal tissue	0.0058692107	0.29487365	8.430555e-06	0.6992439	4.8086463e-06
SRR6877284	2	oral	5.108e-42	1.0	1.9875327e-38	0.0	5.055984e-39
SRR6877285	2	skeletal tissue	0.0047385693	0.4330149	7.143205e-05	0.562173	2.0789957e-06
SRR6877286	2	oral	2.0526137e-38	1.0	1.4918647e-34	1.388987e-39	6.548977e-35
SRR6877287	2	skeletal tissue	0.0027745904	0.13743146	0.00054121925	0.858512	0.00074073946
SRR6877288	2	oral	1.1203574e-35	1.0	2.0199053e-32	2.192973e-39	1.3036366e-33
SRR6877289	2	skeletal tissue	0.003302147	0.96942705	9.99283e-07	0.02726211	7.7034065e-06
SRR6877290	2	oral	4.2133622e-30	1.0	2.0691736e-28	6.326561e-32	1.6127707e-27
SRR6877291	2	skeletal tissue	9.4905004e-18	1.0	2.6851455e-18	2.4740968e-15	7.774507e-18
SRR6877292	2	oral	8.5e-44	1.0	2.348363e-39	1e-45	6.72665e-40
SRR6877293	2	skeletal tissue	0.010771078	0.19498748	1.2245911e-05	0.79422504	4.164525e-06
SRR6877294	2	oral	1.9322555e-25	1.0	1.1075567e-21	3.9428246e-23	4.5205405e-22
SRR6877295	2	skeletal tissue	0.013876202	0.26564944	0.0048707565	0.7083328	0.007270811
SRR6877296	2	oral	4.4763355e-21	1.0	5.625834e-19	8.021846e-20	1.6300769e-18
SRR6877297	2	skeletal tissue	0.0032245652	0.08403679	4.817892e-06	0.91273177	2.0355037e-06
SRR6877298	2	skeletal tissue	0.0012872715	0.9329998	4.080102e-06	0.0657042	4.6679065e-06
SRR6877299	2	skeletal tissue	0.00062528445	0.8587477	1.4141442e-06	0.14062484	7.20274e-07
SRR6877300	2	oral	0.0	1.0	5.113e-42	0.0	4.149e-42
SRR6877301	2	skeletal tissue	4.511456e-06	0.99745476	1.7438865e-08	0.0025406675	2.46438e-08
SRR6877302	2	skeletal tissue	0.021756943	0.40849814	2.219112e-05	0.56971526	7.4378754e-06
SRR6877303	2	oral	2.4306635e-22	1.0	6.580529e-20	2.0888209e-21	1.0159905e-19
SRR6877304	2	oral	3.096223e-13	1.0	9.8699776e-14	5.941505e-15	1.2531403e-12
SRR6877305	2	oral	1.6088306e-17	1.0	1.4098443e-17	1.3367805e-19	1.03987575e-16
SRR6877306	2	skeletal tissue	0.00071426533	0.18037984	1.6933581e-06	0.8189032	1.0031746e-06
SRR6877307	2	skeletal tissue	0.010914413	0.09287284	0.0038017014	0.8863074	0.006103633
SRR6877308	2	oral	6.1944558e-18	1.0	5.9060486e-15	5.5630518e-12	1.3740308e-14
SRR6877309	2	skeletal tissue	0.0044560563	0.14235175	6.4683463e-06	0.8531839	1.7979365e-06
SRR6877310	2	oral	1.5805913e-29	1.0	2.5251909e-26	9.691311e-28	1.0497254e-25
SRR6877311	2	skeletal tissue	5.277612e-24	1.0	5.513857e-23	1.6364198e-23	3.3331877e-21
SRR6877312	2	oral	1.1363362e-30	1.0	2.083433e-27	6.3295164e-29	1.0372305e-26
SRR6877313	2	oral	6.2823e-41	1.0	1.5844068e-37	9.547e-42	6.168411e-39
SRR6877314	2	skeletal tissue	2.5433682e-25	1.0	6.4222485e-23	7.707683e-23	1.8559772e-21
SRR6877315	2	skeletal tissue	0.0018584998	0.05942846	3.9773136e-06	0.9387068	2.2620104e-06
SRR6877316	2	oral	3.2200569e-24	1.0	4.174733e-21	2.810526e-21	8.568324e-21
SRR6877317	2	skeletal tissue	0.004768427	0.11761352	3.7598846e-05	0.8774838	9.6651806e-05
SRR6877318	2	oral	1.5935635e-24	1.0	2.5200694e-20	1.1850045e-19	2.629056e-20
SRR6877319	2	skeletal tissue	0.008137965	0.13146865	0.001719704	0.8574332	0.0012404697
SRR6877320	2	oral	6.138968e-22	1.0	2.2311897e-19	2.2774017e-20	9.2713046e-20
SRR6877321	2	skeletal tissue	0.0083717955	0.6141398	0.00016679397	0.3772138	0.000107845
SRR6877322	2	oral	2.6167143e-20	1.0	1.01348e-17	3.864679e-17	4.8033716e-18
SRR6877323	2	oral	2.4641557e-33	1.0	1.608784e-31	2.1003078e-37	9.9309195e-31
SRR6877324	2	oral	8.927906e-30	1.0	1.1868643e-26	6.938685e-28	1.3009322e-25
SRR6877325	2	skeletal tissue	0.0011726731	0.1877446	2.355142e-06	0.8110793	1.0677054e-06
SRR6877326	2	oral	2.3710661e-33	1.0	6.095058e-30	3.173642e-33	2.5093754e-30
SRR6877327	2	skeletal tissue	0.0016438153	0.6681819	2.999158e-06	0.3301434	2.7894197e-05
SRR6877328	2	oral	7.341165e-26	1.0	3.5817965e-24	7.120297e-26	1.991672e-23
SRR6877329	2	skeletal tissue	0.0019914422	0.16986214	4.799192e-06	0.8281402	1.4270585e-06
SRR6877330	2	oral	6.158539e-28	1.0	7.840299e-25	2.1727583e-28	1.7705793e-25
SRR6877331	2	skeletal tissue	0.0026634475	0.6716617	4.7089566e-06	0.32566798	2.2243262e-06
SRR6877332	2	oral	1.9961432e-31	1.0	5.07255e-27	2.3108818e-29	1.3079069e-26
SRR6877333	2	skeletal tissue	0.013724531	0.15012191	0.0048996243	0.8243168	0.0069371406
SRR6877334	2	oral	5.678217e-16	1.0	1.0700771e-14	1.2692905e-14	1.159229e-13
SRR6877335	2	skeletal tissue	0.00527021	0.24129961	8.971718e-06	0.75340956	1.1614633e-05
SRR6877336	2	oral	7.684495e-17	1.0	2.7477915e-14	5.0965444e-13	3.9536367e-14
SRR6877337	2	skeletal tissue	0.008994585	0.10661426	0.0030263718	0.8751976	0.006167178
SRR6877338	2	oral	2.0945033e-27	1.0	3.5835165e-23	2.4242723e-23	2.5194955e-23
SRR6877339	2	oral	0.0	1.0	3e-45	0.0	3e-45
SRR6877340	2	oral	1e-44	1.0	5.8883e-41	0.0	5.3642e-41
SRR6877341	2	skeletal tissue	0.00017289103	0.96713793	1.9435267e-06	0.032686934	3.238734e-07
SRR6877342	2	oral	0.0	1.0	1.623e-42	0.0	3.05e-43
SRR6877343	2	skeletal tissue	1.24438e-10	0.99999994	3.981881e-12	5.4392185e-08	3.1477017e-12
SRR6877344	2	oral	6.012303e-23	1.0	1.2122428e-20	1.4510118e-22	6.0570547e-21
SRR6877345	2	skeletal tissue	0.010627531	0.11343361	0.0038592538	0.8663393	0.0057402714
SRR6877346	2	oral	1e-45	1.0	4.2151e-41	0.0	4.104e-42
SRR6877347	2	skeletal tissue	0.00022640708	0.97016746	0.00012261859	0.029260425	0.00022306271
SRR6877348	2	oral	1.1670477e-20	1.0	6.217801e-20	5.3757747e-23	7.3846943e-20
SRR6877349	2	skeletal tissue	0.0022107614	0.08583243	4.650703e-06	0.9119509	1.2524595e-06
SRR6877350	2	oral	4e-45	1.0	6.15226e-40	0.0	7.4997e-41
SRR6877351	2	skeletal tissue	0.008239129	0.22199415	0.0033079644	0.76106554	0.005393195
SRR6877352	2	oral	8.0021e-24	1.0	2.7242573e-21	3.893682e-24	1.8747352e-21
SRR6877353	2	skeletal tissue	0.0015999775	0.34511414	0.00022121896	0.6526073	0.00045734947
SRR6877354	2	oral	1.3990395e-20	1.0	1.0015018e-17	3.2714848e-18	1.2489385e-17
SRR6877355	2	skeletal tissue	0.01346707	0.19029006	0.0042338427	0.7857848	0.006224224
SRR6877356	2	oral	1.6858503e-20	1.0	3.6061687e-17	2.4131789e-16	3.716195e-17
SRR6877357	2	skeletal tissue	0.010487198	0.22735864	0.004520581	0.75152934	0.0061042313
SRR6877358	2	oral	2.334925e-39	1.0	2.1199507e-35	2.9534e-40	1.372283e-35
SRR6877359	2	skeletal tissue	0.008422569	0.85332954	5.1695475e-05	0.13815159	4.4611825e-05
SRR6877360	2	skeletal tissue	0.002437593	0.09674849	4.4485264e-06	0.90080714	2.3490868e-06
SRR6877361	2	oral	1.8957463e-20	1.0	1.0016915e-17	1.858282e-17	9.684229e-18
SRR6877362	2	skeletal tissue	0.0053973068	0.19864222	1.7189674e-05	0.795938	5.2401188e-06
SRR6877363	2	oral	1.2942973e-20	1.0	5.5387746e-17	4.9068216e-16	6.326767e-17
SRR6877364	2	skeletal tissue	0.0077397088	0.40113434	9.713442e-06	0.59111303	3.1848635e-06
SRR6877365	2	oral	1.4927699e-14	1.0	1.8363734e-13	3.3241078e-13	8.2479596e-13
SRR6877366	2	skeletal tissue	1.751505e-08	0.99999976	1.8592715e-10	1.9984871e-07	6.288624e-10
SRR6877367	2	oral	1.2769424e-24	1.0	5.9133145e-22	4.3496194e-23	1.8876716e-22
SRR6877368	2	skeletal tissue	0.01103423	0.18834071	0.0040187524	0.7898943	0.0067120115
SRR6877369	2	oral	5.90778e-12	1.0	2.5468906e-12	1.3710361e-12	3.6257164e-11
SRR6877370	2	oral	4.851365e-37	1.0	2.4765477e-32	4.596993e-35	1.3179483e-32
SRR6877371	2	skeletal tissue	0.017713662	0.2113926	0.006255474	0.7541079	0.010530381
SRR6877372	2	oral	6.273914e-17	1.0	1.2543201e-14	1.7967381e-13	2.8667495e-14
SRR6877373	2	skeletal tissue	0.0019996974	0.06876711	4.3255786e-06	0.92922765	1.2221554e-06
SRR6877374	2	oral	3.1534638e-19	1.0	9.784621e-17	2.199434e-15	2.2043013e-16
SRR6877375	2	skeletal tissue	0.00653848	0.23059343	7.96399e-06	0.7628574	2.76967e-06
SRR6877376	2	oral	1.47842e-16	1.0	8.175742e-15	8.339943e-14	7.77182e-15
SRR6877377	2	skeletal tissue	0.0054889545	0.45291534	0.0028480585	0.52717996	0.011567674
SRR6877378	2	oral	6.2100702e-09	0.99999994	1.1218487e-09	6.712958e-10	6.2783144e-08
SRR6877379	2	skeletal tissue	0.0075660916	0.08445742	0.0034195038	0.897156	0.0074009937
SRR6877380	2	skeletal tissue	0.00354861	0.45750695	5.3072995e-06	0.5389285	1.0592385e-05
SRR6877381	2	skeletal tissue	0.015671676	0.17320171	0.005453459	0.79881203	0.0068611326
SRR6877382	2	oral	5.012455e-22	1.0	1.9103275e-19	7.682607e-21	1.7302877e-19
SRR6877383	2	skeletal tissue	0.0063324748	0.39791682	9.975775e-06	0.5957377	3.0214917e-06
SRR6877384	2	oral	2.67269e-38	1.0	1.5812188e-33	6.354465e-39	1.2690378e-34
SRR6877385	2	skeletal tissue	0.0009747982	0.32172328	2.1645064e-06	0.67729837	1.3467588e-06
SRR6877386	2	oral	9.953999e-21	1.0	4.7140196e-18	2.8626605e-18	2.477229e-18
SRR6877387	2	skeletal tissue	0.0045653665	0.11133066	0.0014216213	0.88062644	0.0020559237
SRR6877388	2	oral	1.7737618e-26	1.0	2.0701142e-25	5.5935003e-27	1.3632017e-23
SRR6877389	2	skeletal tissue	3.8987073e-05	0.99886763	1.3351329e-06	0.0010787247	1.3325861e-05
SRR6877390	2	oral	2.5309397e-22	1.0	2.380433e-20	1.7101946e-24	5.937716e-21
SRR6877391	2	skeletal tissue	0.0047654486	0.16914386	0.0009456842	0.8189032	0.0062417765
SRR6877392	2	oral	3.2417696e-23	1.0	1.0908658e-19	3.5782806e-20	7.12504e-20
SRR6877393	2	oral	3.4541123e-32	1.0	5.988086e-29	4.7793546e-30	1.5441219e-29
SRR6877394	2	skeletal tissue	0.0028395592	0.1444987	1.1086086e-05	0.85264724	3.4104648e-06
SRR6877395	2	oral	4.352482e-20	1.0	7.722208e-18	7.9386317e-19	4.8011283e-18
SRR6877396	2	skeletal tissue	0.0037951234	0.12511575	6.568316e-06	0.87108076	1.7690865e-06
SRR6877397	2	oral	9.045535e-26	1.0	1.1438805e-22	1.727342e-25	2.4250536e-23
SRR6877398	2	skeletal tissue	4.0341476e-08	0.9999973	5.490564e-10	2.6485907e-06	1.863166e-10
SRR6877399	2	oral	4.177e-42	1.0	5.156051e-37	4.67e-43	1.8475733e-38
SRR6877400	2	skeletal tissue	0.0032753074	0.098991215	5.6278864e-06	0.89772487	2.9607577e-06
SRR6877401	2	oral	4.3751296e-25	1.0	1.02906646e-22	6.272518e-25	1.0322494e-22
SRR6877402	2	skeletal tissue	5.8893434e-05	0.98753935	1.7835166e-07	0.012401382	1.7679474e-07
SRR6877403	2	oral	0.0	1.0	9.85e-42	0.0	7.269e-42
ERR11413657	3	oral	0.047687527	0.48002085	0.0037360385	0.4483492	0.02020638
ERR11413658	3	oral	0.003173002	0.9940011	1.9563457e-08	0.0028255302	3.8101624e-07
ERR11413659	3	oral	8.143335e-12	1.0	9.28188e-22	3.972132e-11	9.000478e-20
ERR11413660	3	oral	2.467064e-10	1.0	3.0594325e-20	1.5538307e-09	1.3163667e-18
ERR11413661	3	oral	3.109494e-10	0.99999976	1.119687e-20	2.1432417e-07	1.1180716e-18
ERR11413662	3	oral	6.988051e-07	0.99999833	4.501857e-14	9.720695e-07	1.4675999e-12
ERR11413663	3	oral	1.3277095e-11	1.0	5.019487e-19	6.223566e-12	7.828122e-18
ERR11413664	3	oral	0.031488597	0.50198066	0.0016213421	0.44951943	0.015389955
ERR11413665	3	oral	2.8672322e-09	0.9999987	4.226004e-17	1.2807734e-06	4.818361e-15
ERR11413666	3	oral	9.567711e-13	1.0	8.1549474e-23	1.910729e-08	3.666041e-20
ERR11413667	3	oral	3.2574755e-07	0.99941576	9.138757e-16	0.0005839038	3.6458916e-13
ERR11413668	3	oral	4.806159e-08	0.99877024	2.7279392e-16	0.0012297325	6.175374e-14
ERR11413669	3	oral	4.2946477e-10	0.99998456	6.0291675e-19	1.5433316e-05	2.691586e-16
ERR11413670	3	oral	2.918086e-06	0.9999971	7.801455e-12	2.6602518e-08	2.9642348e-11
ERR11413671	3	oral	2.4724724e-08	0.9999999	1.7788949e-14	9.652976e-08	8.038138e-13
ERR11413672	3	oral	9.69007e-14	1.0	5.2432557e-25	2.2573648e-11	3.654468e-23
ERR11413673	3	oral	3.9978448e-11	0.9999998	2.9702404e-19	1.9349044e-07	3.0828717e-17
ERR11413674	3	oral	5.291493e-12	1.0	4.021734e-20	1.4595801e-08	1.0943269e-18
ERR11413675	3	oral	2.5958105e-12	0.9999988	4.4147574e-22	1.1920448e-06	3.0306559e-19
ERR11413676	3	oral	6.1396188e-12	0.9999912	1.7924977e-22	8.811363e-06	9.314469e-20
ERR11413677	3	oral	1.7005231e-12	0.9999993	9.8791866e-23	7.1130734e-07	9.84911e-21
ERR11413678	3	oral	0.018646227	0.4482827	0.0016516615	0.52067995	0.01073951
ERR11413679	3	oral	5.601738e-14	1.0	4.207699e-22	2.7201335e-08	7.874553e-20
ERR11413680	3	oral	6.2370256e-09	1.0	1.771304e-16	8.212418e-10	4.2934686e-15
ERR11413681	3	oral	6.170297e-05	0.9983194	7.991117e-08	0.0016180126	7.918776e-07
ERR11413682	3	oral	0.00093696197	0.9733092	2.0809954e-07	0.025751062	2.5330269e-06
ERR11413683	3	oral	0.00042079145	0.8906523	2.6806703e-07	0.10892158	5.073413e-06
ERR11413684	3	oral	0.08477905	0.23706137	0.005955478	0.6530728	0.019131316
ERR11413685	3	oral	2.7811097e-06	0.99899423	1.10815884e-10	0.0010029747	3.7346077e-09
ERR11413686	3	oral	1.488972e-13	1.0	1.4743082e-22	8.060307e-09	1.4230991e-20
ERR11413687	3	oral	1.9758724e-14	1.0	1.6851671e-21	4.8744276e-11	4.0712014e-20
ERR11413688	3	oral	0.0039463066	0.8659146	7.435703e-06	0.13003503	9.662517e-05
ERR11413689	3	oral	1.6325085e-11	0.99999994	2.3815278e-20	7.6192926e-08	1.6190524e-18
ERR11413690	3	oral	5.888371e-07	0.99995655	1.3316148e-10	4.285542e-05	1.2489527e-09
ERR11413691	3	oral	4.910074e-06	0.99997663	7.686936e-11	1.8443443e-05	2.9765608e-09
ERR11413692	3	oral	1.1228236e-14	1.0	3.8757686e-23	5.818602e-13	4.252533e-22
ERR11413693	3	oral	1.1909472e-06	0.9999981	3.3427658e-13	7.029974e-07	2.2472127e-10
ERR11413694	3	oral	5.622716e-13	1.0	2.92082e-20	1.1152739e-09	2.5207076e-18
ERR11413695	3	oral	2.5120765e-11	0.9999959	1.2391429e-19	4.103399e-06	9.791812e-18
ERR11413696	3	oral	0.0031472875	0.96411115	1.8098843e-05	0.0325911	0.000132349
ERR11413697	3	oral	0.03136402	0.6502984	0.0026700043	0.29395735	0.021710219
ERR11413698	3	oral	0.28085747	0.3236281	0.014484065	0.27291083	0.10811952
ERR11413699	3	oral	0.039629046	0.7267424	0.00048724192	0.22702618	0.0061151483
ERR11413700	3	oral	0.13095133	0.510246	0.006102452	0.3003998	0.05230044
ERR11413701	3	oral	0.12412062	0.24716549	0.014181019	0.5298755	0.08465738
ERR11413702	3	oral	0.111379735	0.21288064	0.01288466	0.58134043	0.08151453
ERR11413703	3	oral	0.14401631	0.29636714	0.01254137	0.4646804	0.0823948
ERR11413704	3	oral	5.70303e-09	1.0	6.739715e-15	2.3359583e-08	1.3551946e-13
ERR11413705	3	oral	0.25315526	0.35007262	0.013108894	0.29404506	0.089618154
ERR11413706	3	oral	3.6456637e-08	0.99958926	8.271439e-13	0.00041068904	3.0200155e-11
ERR11413707	3	oral	0.103455275	0.3129929	0.011384503	0.49228147	0.07988588
ERR11413708	3	oral	0.1378472	0.2710311	0.011850546	0.5194497	0.05982146
ERR11413709	3	oral	0.24518272	0.18290186	0.01685198	0.4599226	0.095140815
ERR11413710	3	oral	3.209799e-08	0.99885917	3.0981884e-17	0.0011408079	2.1432066e-14
ERR11413711	3	oral	0.001732785	0.9619348	1.6162494e-05	0.036216076	0.00010017197
ERR11413712	3	oral	1.4493648e-11	1.0	7.422555e-24	1.109714e-08	1.9983896e-21
ERR11413713	3	oral	2.0085418e-14	1.0	3.3402153e-25	4.3074295e-13	4.3053356e-23
ERR11413714	3	oral	9.6021424e-14	1.0	1.7327997e-23	1.2766709e-10	1.3491504e-21
ERR11413715	3	oral	1.2235972e-13	1.0	6.701915e-25	8.062508e-10	4.0331941e-22
ERR11413716	3	oral	4.9156977e-11	1.0	7.8085016e-20	4.3926945e-12	3.4606367e-18
ERR11413717	3	oral	1.4715277e-13	1.0	2.1736899e-24	6.696791e-11	5.7819587e-22
ERR11413718	3	oral	2.4293978e-13	1.0	8.3700964e-22	6.785136e-13	3.9915358e-20
ERR11413719	3	oral	5.200693e-16	1.0	1.9027256e-26	1.2593872e-11	6.7160975e-24
ERR11413720	3	oral	2.0795147e-12	1.0	3.559287e-21	6.441155e-13	1.7300499e-19
ERR11413721	3	oral	6.693553e-08	0.9327623	4.7290792e-17	0.06723762	3.898181e-14
ERR11413722	3	oral	1.2792506e-14	1.0	9.887892e-25	1.4276534e-12	3.9492857e-23
ERR11413723	3	oral	1.415247e-13	1.0	2.5206189e-22	1.4270442e-14	1.33076155e-20
ERR11413724	3	oral	2.3086479e-08	0.9993566	1.1714344e-16	0.00064336666	1.4839678e-14
ERR11413725	3	oral	8.692294e-08	0.9961152	1.4522873e-17	0.0038847283	1.0357413e-14
ERR11413726	3	oral	0.0074048266	0.98771346	0.000111545276	0.004313925	0.000456246
ERR11413727	3	oral	7.0772645e-11	1.0	1.0197518e-15	3.619461e-12	1.7819485e-15
ERR11413728	3	oral	2.162335e-14	1.0	1.9164444e-22	2.4885967e-14	1.7685222e-21
ERR11413729	3	oral	2.3285046e-11	1.0	1.3200261e-17	7.12856e-13	2.2941666e-17
ERR11413731	3	oral	6.90875e-10	1.0	7.8633847e-22	6.6228476e-09	5.5025994e-18
ERR11413732	3	oral	1.5035683e-16	1.0	2.3124744e-28	1.4646603e-17	1.9216767e-26
ERR11413733	3	oral	2.1444676e-07	0.9999249	4.509793e-16	7.489428e-05	3.2820375e-14
ERR11413734	3	oral	8.8892915e-07	0.999475	2.287648e-15	0.0005241069	1.619428e-13
ERR11413735	3	oral	3.6134836e-08	0.9999317	6.208625e-17	6.825949e-05	6.515288e-15
ERR11413736	3	oral	0.13991772	0.20864612	0.004344329	0.58861566	0.058476157
ERR11413737	3	oral	4.0732544e-14	1.0	3.63808e-22	6.973847e-12	6.0485775e-22
ERR11413738	3	oral	0.064539865	0.43686494	0.07543864	0.39897564	0.0241809
ERR11413739	3	oral	4.9706347e-07	0.9999994	3.0389616e-10	1.2504539e-07	2.2372542e-09
ERR11413740	3	oral	0.0657597	0.7835424	0.0018863538	0.068918996	0.07989256
ERR11413741	3	oral	0.017035253	0.77793974	0.00021587822	0.20311998	0.0016891522
ERR11413742	3	oral	0.034823854	0.6599065	0.0017213121	0.28699243	0.016555903
ERR11413743	3	oral	0.025037345	0.6966093	0.0013084755	0.2667043	0.010340594
ERR11413744	3	oral	0.038708568	0.55687517	0.002030556	0.38984698	0.012538718
ERR11413745	3	oral	9.635296e-09	1.0	1.2472784e-12	1.596544e-08	5.0159477e-11
ERR11413746	3	oral	0.03658155	0.76416165	0.0016681777	0.08271396	0.11487469
ERR11413747	3	oral	0.0005887986	0.9992342	5.7580155e-07	0.00016137354	1.5077885e-05
ERR11413748	3	oral	0.06736263	0.7205947	0.0024891142	0.12599549	0.08355805
ERR11413749	3	oral	0.028052017	0.8043846	0.0012617848	0.04341965	0.12288195
ERR11413750	3	oral	0.03839218	0.75185734	0.0022817247	0.10633802	0.10113077
ERR11413751	3	oral	0.0010037262	0.99801564	9.708522e-07	0.00091900345	6.068231e-05
ERR11413752	3	oral	1.4036213e-13	1.0	2.5503316e-23	1.2076676e-09	7.7321606e-22
ERR11413753	3	oral	4.209882e-12	1.0	4.818746e-22	1.0885016e-08	4.7509e-20
ERR11413754	3	oral	0.0009901084	0.85035557	1.9105787e-06	0.14863499	1.7458582e-05
ERR11413755	3	oral	4.6251713e-05	0.7727513	5.206663e-10	0.22720245	3.9699525e-08
ERR11413756	3	oral	1.5745227e-05	0.998384	3.771684e-10	0.0016002294	8.80754e-09
ERR11413757	3	oral	1.8888908e-09	0.9999992	2.3299509e-15	7.63033e-07	1.4109247e-13
ERR11413758	3	oral	2.548226e-06	0.9999739	2.4703966e-11	2.3562636e-05	3.7323467e-10
ERR11413759	3	oral	2.4772044e-08	0.9999764	1.6096377e-13	2.3552444e-05	2.7432223e-12
ERR11656729	3	skeletal tissue	0.005656863	0.28451115	0.0008551576	0.7079979	0.0009788809
ERR11656730	3	skeletal tissue	0.062453397	0.23040417	0.0043554865	0.6872968	0.015490127
ERR11656731	3	skeletal tissue	0.038416512	0.20095304	0.0041925735	0.7334937	0.022944178
ERR11656732	3	skeletal tissue	0.008342426	0.36396962	0.0013151476	0.62481046	0.0015623326
ERR11656733	3	skeletal tissue	0.027901042	0.121735595	0.004443066	0.8307281	0.015192153
ERR11656734	3	skeletal tissue	0.051281296	0.26639873	0.0058464254	0.64802325	0.028450307
ERR11656735	3	skeletal tissue	0.03314977	0.20221063	0.0044687265	0.74041307	0.019757813
ERR11656736	3	skeletal tissue	0.03433457	0.14632109	0.0045729885	0.7974746	0.017296724
ERR11656737	3	skeletal tissue	0.052611742	0.17982505	0.012622061	0.73295575	0.021985406
ERR11656738	3	skeletal tissue	0.037942056	0.14585637	0.0056976625	0.7883981	0.022105815
ERR11656739	3	skeletal tissue	0.061462447	0.27787215	0.008395159	0.6190847	0.03318552
ERR11656740	3	skeletal tissue	0.046513565	0.28703564	0.0065987827	0.640077	0.019774986
ERR11656741	3	skeletal tissue	0.047085695	0.33285517	0.0069925063	0.58915746	0.023909159
ERR11656742	3	skeletal tissue	0.08844529	0.3211394	0.010573374	0.5373767	0.042465243
ERR11656743	3	skeletal tissue	0.052858554	0.30322358	0.007235822	0.6130052	0.023676831
ERR11656744	3	skeletal tissue	0.0418332	0.30186218	0.00621384	0.62979954	0.020291267
ERR11656745	3	skeletal tissue	0.07629615	0.30459613	0.009143094	0.5754359	0.03452872
ERR11656746	3	skeletal tissue	0.046628404	0.26876214	0.0066413395	0.6568788	0.021089284
ERR11656747	3	skeletal tissue	0.047644634	0.25863227	0.006379793	0.6671073	0.02023601
ERR11656748	3	skeletal tissue	0.07757346	0.29479334	0.009623641	0.5816599	0.036349624
ERR4172756	3	oral	0.013332784	0.98662126	1.7374455e-06	7.1118507e-06	3.7078124e-05
ERR4172758	3	oral	0.0073462473	0.9926184	1.4393593e-06	7.147825e-06	2.6780055e-05
ERR4172761	3	oral	0.0002929637	0.9997065	1.6005346e-08	3.2805838e-07	1.9936773e-07
ERR4172763	3	oral	0.39647076	0.55228835	0.0026599711	0.03853793	0.010043013
ERR4172766	3	oral	2.2350934e-05	0.9999774	8.2601055e-08	7.188116e-09	1.6354916e-07
ERR4172783	3	oral	5.6284243e-05	0.9999431	6.1069164e-07	6.748333e-09	2.4086786e-08
ERR4172788	3	oral	4.8802154e-05	0.9999508	2.3172726e-07	4.6535145e-09	1.1593372e-07
ERR4172789	3	oral	0.005556406	0.97974086	4.902458e-05	0.014481311	0.00017242649
ERR4172797	3	oral	0.0050588106	0.98522836	3.8879647e-05	0.009576629	9.734364e-05
ERR4172799	3	oral	0.00074290414	0.99813807	1.6744127e-06	0.0011133143	4.0535447e-06
ERR4172800	3	oral	0.00033835217	0.99943066	1.1622784e-06	0.00022603139	3.8083224e-06
ERR4172802	3	oral	0.007190706	0.9773017	8.198577e-05	0.015290154	0.00013545026
ERR4172804	3	oral	0.008700105	0.9834551	7.255264e-05	0.007627535	0.00014469592
ERR4172806	3	oral	0.0010503455	0.9986399	2.0207742e-06	0.0002953667	1.2411424e-05
ERR4172808	3	oral	0.0016735161	0.99794394	3.0722263e-06	0.00036660177	1.2879986e-05
ERR4172809	3	oral	0.006016457	0.9072615	0.00018008423	0.086163424	0.00037852995
ERR4172811	3	oral	0.011023234	0.88008386	0.00023202576	0.10786793	0.0007929494
ERR4172813	3	oral	0.0012981889	0.99612486	3.927496e-06	0.002543061	2.996404e-05
ERR4172814	3	oral	0.00060702255	0.9971766	3.7739762e-06	0.0021893333	2.3273531e-05
ERR4172817	3	oral	0.10560545	0.17978382	0.01489441	0.5630139	0.13670239
ERR4172819	3	oral	0.099986725	0.2063465	0.014068743	0.6014046	0.078193404
ERR4172823	3	oral	0.33689505	0.2559183	0.018385394	0.311728	0.07707327
ERR4172827	3	oral	0.43173805	0.2379634	0.02083646	0.24542503	0.06403706
ERR4172829	3	oral	0.16741025	0.6724614	0.0030880573	0.13150981	0.025530472
ERR4172830	3	oral	0.25735483	0.5373072	0.003960046	0.16798592	0.033392023
ERR4172832	3	oral	0.4269965	0.5126848	0.0019573034	0.0414864	0.016874975
ERR4172834	3	oral	0.35990417	0.5462372	0.002394218	0.077879235	0.013585215
ERR4172835	3	oral	0.0826422	0.22204334	0.21145062	0.44354528	0.04031857
ERR4172836	3	oral	0.064716294	0.17166132	0.4034146	0.32987735	0.0303304
ERR4172838	3	oral	0.029154439	0.09540888	0.7549734	0.10829224	0.012171016
ERR4172839	3	oral	0.017261544	0.06570505	0.806689	0.10249751	0.007846854
ERR4172841	3	oral	0.56154096	0.3463167	0.000588501	0.0036929974	0.08786084
ERR4172843	3	oral	0.46947828	0.48483118	0.0005455735	0.0019086354	0.04323632
ERR4172850	3	oral	0.60666686	0.2451585	0.000221994	0.0003457643	0.14760691
ERR4172854	3	oral	0.7800476	0.17589408	0.00017653209	0.00023781508	0.04364397
ERR4172855	3	oral	0.0348017	0.059813	0.9045178	0.00022464598	0.0006428152
ERR4172857	3	oral	0.028007504	0.06516369	0.90526414	0.00028108354	0.0012835782
ERR4172860	3	oral	0.032585796	0.019932644	0.94643205	1.5208145e-05	0.0010343101
ERR4172872	3	oral	0.05272692	0.027719632	0.9187682	1.540499e-05	0.00076981715
ERR4172883	3	skeletal tissue	0.02252226	0.03301707	0.0034129438	0.043155286	0.8978924
ERR4172889	3	skeletal tissue	0.0127114095	0.02740114	0.0026297143	0.034794293	0.9224634
ERR4172953	3	skeletal tissue	0.01066723	0.021016868	0.001596937	0.011875407	0.9548436
ERR4172977	3	skeletal tissue	0.0063559418	0.016327552	0.0010061105	0.0085120285	0.96779835
ERR4172978	3	oral	0.0140034035	0.9678797	0.0005732564	0.014420179	0.0031234552
ERR4172979	3	oral	0.016284244	0.96750045	0.0005682609	0.011311523	0.0043355366
ERR4172981	3	oral	0.012472009	0.9847285	6.315142e-05	0.00022039551	0.0025159267
ERR4172982	3	oral	0.010039265	0.9875554	6.9699425e-05	0.00041360242	0.001922078
ERR4172991	3	oral	0.04505679	0.9538088	1.994379e-05	0.00030603074	0.0008084313
ERR4173008	3	oral	0.06228635	0.9368796	9.988557e-06	0.000120395925	0.0007036914
ERR4173033	3	oral	0.09436821	0.9055008	7.067438e-07	1.08795175e-05	0.00011938771
ERR4173039	3	oral	0.010238402	0.98924816	4.7736306e-05	0.000103983715	0.00036174592
ERR4173041	3	oral	0.008699379	0.9908369	4.3337484e-05	0.00012618015	0.00029420544
ERR4173043	3	oral	0.0078489985	0.9919481	6.8844097e-06	1.3232424e-05	0.00018276711
ERR4173045	3	oral	0.0021992999	0.99766076	3.472357e-06	6.105091e-06	0.00013039632
ERR4173049	3	oral	0.18751761	0.7771714	0.0016141279	0.0022138092	0.03148309
ERR4173051	3	oral	0.15580903	0.80090004	0.0017317024	0.003977294	0.03758196
ERR4173057	3	oral	0.1134531	0.86404467	0.0005708898	0.00067644037	0.021254925
ERR4173060	3	oral	0.20295972	0.7436355	0.0010603392	0.002372857	0.0499716
ERR4173061	3	oral	0.027357824	0.97225565	3.0265675e-05	0.00013692399	0.00021934061
ERR4173063	3	oral	0.032257456	0.96677417	6.282727e-05	0.000604054	0.00030147342
ERR4173066	3	oral	0.017407754	0.98256	1.4287497e-06	1.584953e-06	2.9244622e-05
ERR4173068	3	oral	0.008578501	0.9913904	1.5022205e-06	9.261198e-06	2.030923e-05
ERR4173070	3	oral	0.37134543	0.6219743	0.0008027057	0.004500951	0.0013766289
ERR4173072	3	oral	0.39448884	0.5970237	0.0009152003	0.0063439677	0.0012282344
ERR4173073	3	oral	0.3291324	0.6691055	0.00029256547	0.000704346	0.0007651796
ERR4173075	3	oral	0.37949583	0.61843556	0.00032425037	0.0011589397	0.0005854054
ERR4173082	3	oral	5.5357927e-05	0.9999432	5.7356687e-07	6.336584e-09	8.5233853e-07
ERR9612721	3	oral	5.355596e-05	0.87595475	3.1614395e-13	0.12399171	2.4661443e-11
ERR9612722	3	oral	1.9845907e-05	0.9018588	1.8755788e-13	0.098121375	2.072536e-11
ERR9612723	3	oral	2.7584124e-11	1.0	4.377014e-20	1.2412515e-10	1.926656e-18
ERR9612724	3	oral	4.2864167e-12	1.0	6.1657736e-21	1.3536673e-11	3.8065872e-19
ERR9612725	3	oral	9.463356e-09	0.999968	2.3778701e-17	3.1999076e-05	1.8477748e-15
ERR9612726	3	oral	9.727703e-09	0.9999819	1.5072854e-17	1.8130297e-05	1.6929957e-15
ERR9612727	3	oral	3.391032e-07	0.9999516	8.492995e-15	4.8049907e-05	5.2169017e-13
ERR9612728	3	oral	2.2010192e-07	0.99998945	3.1449753e-15	1.034076e-05	3.0649655e-13
ERR9612729	3	oral	3.1995285e-08	0.99998796	3.4026346e-17	1.2035501e-05	5.2275405e-15
ERR9612730	3	oral	6.657712e-09	0.99999624	8.075055e-18	3.7692198e-06	1.4738635e-15
ERR9612731	3	oral	1.7235405e-09	0.99999875	5.3642265e-19	1.275498e-06	5.836679e-17
ERR9612732	3	oral	5.055131e-09	0.99999595	9.216512e-19	4.02142e-06	1.08752406e-16
ERR9612733	3	oral	6.497242e-08	0.9984069	1.5723773e-15	0.0015930645	3.2982804e-13
ERR9612734	3	oral	1.07879195e-07	0.9949296	1.3588938e-15	0.0050703026	1.8033188e-13
ERR9612735	3	oral	2.2385506e-10	0.99998593	4.5024754e-19	1.4049326e-05	2.2882895e-17
ERR9612736	3	oral	1.4284034e-10	0.9999871	3.537755e-19	1.2883788e-05	2.0848707e-17
ERR9612737	3	oral	1.3515111e-16	1.0	6.1290255e-27	1.5925242e-17	4.0989587e-25
ERR9612738	3	oral	2.425932e-08	0.99999994	1.873554e-16	2.2270765e-08	7.053612e-14
ERR9612739	3	oral	1.4583866e-18	1.0	2.5603792e-32	6.0064853e-16	5.500571e-30
ERR9612740	3	oral	1.7897767e-11	1.0	6.6471037e-25	4.4648626e-10	5.6025957e-22
ERR9612741	3	oral	0.00010396586	0.9411225	1.0316838e-06	0.058772452	1.0308391e-07
ERR9612742	3	oral	5.1334288e-11	0.99999994	2.373308e-23	8.118651e-08	1.34695e-19
ERR9612743	3	oral	1.6797836e-20	1.0	4.0699485e-32	7.264347e-18	3.0485858e-29
ERR9612744	3	oral	3.7755465e-09	0.9999915	3.987479e-20	8.537052e-06	3.8884076e-17
ERR9612745	3	oral	1.7851981e-10	0.99999994	1.9575969e-20	7.0151074e-08	2.5519524e-17
ERR9612746	3	oral	9.258118e-17	1.0	1.2972462e-29	2.2639373e-12	7.1652074e-27
ERR9612747	3	oral	4.8997134e-12	1.0	2.75065e-22	2.8927925e-09	1.6008995e-20
ERR9612748	3	oral	3.6336236e-12	1.0	2.0139471e-22	6.250561e-09	1.0689843e-20
ERR9612749	3	oral	1.7247744e-06	0.99999756	9.590365e-11	7.292979e-07	9.719571e-09
ERR9612750	3	oral	3.1296283e-06	0.9999958	1.4733881e-10	1.0451372e-06	2.1458668e-08
ERR9612751	3	oral	2.6695085e-13	1.0	8.194739e-21	1.0035227e-13	2.9783643e-20
ERR9612752	3	oral	1.5460831e-13	1.0	5.337259e-21	1.5487682e-13	2.5022606e-20
ERR9612753	3	oral	5.325123e-12	1.0	5.971826e-19	4.8097068e-11	4.0571447e-18
ERR9612754	3	oral	3.949401e-12	1.0	4.596615e-19	5.3406793e-11	3.1010985e-18
ERR9612755	3	oral	8.036206e-08	0.9998052	2.8734754e-15	0.00019468987	5.028318e-13
ERR9612756	3	oral	1.8767213e-07	0.9995263	3.5042676e-15	0.00047351528	5.017074e-13
ERR9612757	3	oral	6.2746067e-06	0.99999326	1.2283274e-10	4.406214e-07	1.8755768e-09
ERR9612758	3	oral	7.095384e-06	0.999992	1.9198766e-10	8.622225e-07	2.6208142e-09
ERR9612759	3	oral	1.3796073e-07	0.99999976	1.12202585e-13	8.5914614e-08	4.86093e-12
ERR9612760	3	oral	1.5762967e-07	0.99999976	1.3887505e-13	8.4640156e-08	1.321818e-11
ERR9612761	3	oral	4.174139e-09	1.0	1.1959421e-16	1.1670061e-11	6.3068557e-15
ERR9612762	3	oral	3.5090426e-09	1.0	6.555525e-17	7.1533656e-12	2.2062299e-15
ERR9612763	3	oral	2.4545e-10	1.0	6.4374235e-19	1.5188474e-09	2.680626e-18
ERR9612764	3	oral	1.2847934e-10	1.0	5.4422513e-19	1.8772166e-09	2.9323348e-18
ERR9612765	3	oral	1.7680509e-06	0.9999976	2.2150446e-12	6.3530206e-07	1.2859122e-11
ERR9612766	3	oral	1.6007306e-06	0.99999803	1.6217088e-12	3.882455e-07	7.357956e-12
ERR9612767	3	oral	1.249443e-12	1.0	3.1552184e-21	3.2020497e-12	1.30684245e-20
ERR9612768	3	oral	2.0721781e-12	1.0	4.9440807e-21	1.0513542e-11	2.741388e-20
ERR9612769	3	oral	6.017954e-08	0.99999994	9.3239125e-15	1.9623208e-08	7.790465e-14
ERR9612770	3	oral	4.348834e-08	0.99999994	4.2925135e-15	8.561353e-09	2.7354202e-14
ERR9612771	3	oral	1.3594247e-07	0.9999998	2.970034e-13	1.3744699e-08	9.605657e-13
ERR9612772	3	oral	5.2889543e-08	0.99999994	1.6453272e-13	2.2779345e-08	3.7542566e-13
ERR9612773	3	oral	7.506067e-09	1.0	1.0063384e-15	2.1272615e-09	1.0085968e-14
ERR9612774	3	oral	7.3126225e-09	1.0	7.175275e-16	8.1367246e-10	1.1052268e-14
ERR9612775	3	oral	1.0691143e-05	0.99998283	6.0189605e-12	6.4809497e-06	1.4195308e-09
ERR9612776	3	oral	8.856343e-06	0.99997836	6.909962e-12	1.2764438e-05	1.0613131e-09
ERR9612777	3	oral	1.7392485e-14	1.0	1.8689917e-24	4.1838057e-15	7.7663356e-23
ERR9612778	3	oral	2.9147193e-14	1.0	2.759465e-24	7.206377e-15	7.370813e-23
ERR9612779	3	oral	1.7317417e-08	0.9999998	2.2461552e-15	1.4195585e-07	2.5667866e-13
ERR9612780	3	oral	1.0733991e-08	0.9999999	1.3744013e-15	1.0543174e-07	1.8306893e-13
ERR9612781	3	oral	1.8208419e-09	1.0	4.030291e-17	1.3608896e-09	1.421438e-15
ERR9612782	3	oral	8.8792756e-10	1.0	3.5855226e-17	7.8980594e-10	2.4573014e-15
ERR9612783	3	oral	1.6726625e-08	0.99999064	1.2986579e-17	9.364893e-06	2.2421973e-16
ERR9612784	3	oral	2.9553961e-08	0.99998206	2.6952807e-17	1.7928436e-05	3.145281e-16
ERR9612785	3	oral	5.846942e-10	1.0	2.0890101e-19	1.5726846e-09	2.7621453e-18
ERR9612786	3	oral	4.1050835e-10	1.0	9.2623536e-20	3.931713e-10	6.769587e-19
ERR9612787	3	oral	0.0012076417	0.9927784	2.789832e-10	0.0060138796	6.310801e-08
ERR9612788	3	oral	0.0009462193	0.99549353	2.3567867e-10	0.003560223	5.28528e-08
ERR9612789	3	oral	1.8240981e-09	1.0	4.657468e-16	5.5627156e-11	2.4292176e-14
ERR9612790	3	oral	7.6327267e-10	1.0	1.6737817e-16	5.6719863e-12	7.38103e-15
ERR9612791	3	oral	8.471664e-11	1.0	4.338531e-20	1.0623021e-08	1.583859e-18
ERR9612792	3	oral	4.8011796e-11	1.0	3.1373623e-20	5.6764797e-09	2.7144103e-18
ERR9612793	3	oral	2.426906e-10	1.0	4.554153e-19	5.165214e-13	1.6246282e-17
ERR9612794	3	oral	4.9223203e-10	1.0	5.071916e-19	4.729599e-13	1.02590075e-17
ERR9612795	3	oral	4.3284828e-08	0.99999994	1.5426398e-14	2.7316382e-08	1.41339e-13
ERR9612796	3	oral	1.3417963e-08	1.0	3.984315e-15	1.26850335e-08	2.6433931e-14
ERR9612797	3	oral	1.4156919e-14	1.0	8.617549e-24	5.2903184e-16	3.1494286e-22
ERR9612798	3	oral	1.2241315e-14	1.0	6.333036e-24	3.4575496e-16	3.6562262e-22
ERR9612799	3	oral	2.9210858e-09	1.0	4.515221e-17	1.6522848e-12	9.910256e-16
ERR9612800	3	oral	4.973789e-10	1.0	2.2663802e-17	4.33838e-13	4.3287566e-16
ERR9612801	3	oral	1.477529e-08	1.0	3.5105463e-16	4.8363863e-10	1.4735031e-14
ERR9612802	3	oral	6.7738917e-09	1.0	2.7735125e-16	5.8147814e-10	1.2873099e-14
ERR9612803	3	oral	4.4649857e-12	1.0	6.9771347e-22	1.9757947e-12	4.9436142e-20
ERR9612804	3	oral	3.0565433e-12	1.0	8.4351637e-22	1.5588845e-12	6.836351e-20
ERR9612805	3	oral	1.1293644e-09	0.99999976	1.9986164e-17	2.4722158e-07	1.067044e-15
ERR9612806	3	oral	2.5478857e-09	0.99999964	2.240978e-17	3.3957704e-07	1.4209382e-15
ERR9612807	3	oral	6.767991e-14	1.0	1.5371638e-22	1.8076621e-13	1.1372244e-21
ERR9612808	3	oral	1.9605445e-13	1.0	5.761267e-22	7.9600394e-13	2.6433998e-21
ERR9612809	3	oral	1.1907856e-05	0.99996465	7.884447e-12	2.3425466e-05	1.2255481e-10
ERR9612810	3	oral	1.2718108e-05	0.9999448	7.3471325e-12	4.245527e-05	1.0075022e-10
ERR9612811	3	oral	1.2910269e-12	1.0	2.354639e-22	6.8340104e-12	1.4434074e-20
ERR9612812	3	oral	3.249878e-12	1.0	2.6440353e-22	7.403591e-12	1.0088949e-20
ERR9612813	3	oral	4.283252e-15	1.0	9.583372e-27	3.712813e-14	7.52366e-25
ERR9612814	3	oral	2.7018504e-15	1.0	4.0471708e-27	9.864366e-15	2.727453e-25
ERR9612815	3	oral	3.9374044e-08	0.9999662	1.9126032e-17	3.3783952e-05	1.5827569e-15
ERR9612816	3	oral	1.9200058e-08	0.99993914	2.12804e-17	6.0841012e-05	1.1168749e-15
ERR9612817	3	oral	6.2538555e-16	1.0	2.7958396e-27	2.6620656e-14	7.567528e-26
ERR9612818	3	oral	1.5103081e-15	1.0	5.2311304e-27	5.0645164e-14	1.00600424e-25
ERR9612819	3	oral	1.10591244e-13	1.0	8.174334e-23	1.448117e-11	3.0691453e-22
ERR9612820	3	oral	6.186884e-14	1.0	5.483001e-23	4.2913455e-12	2.0000484e-22
ERR9612821	3	oral	1.5152835e-15	1.0	1.5489644e-26	3.703911e-12	3.0220292e-25
ERR9612822	3	oral	2.617905e-15	1.0	1.8043212e-26	2.0650762e-12	4.708195e-25
ERR9612823	3	oral	1.6258592e-07	0.9999998	2.017511e-16	8.198667e-09	1.0709364e-14
ERR9612824	3	oral	9.7954405e-08	0.9999999	2.0664993e-16	9.307158e-09	7.404697e-15
ERR9612825	3	oral	3.646985e-05	0.9999423	3.6613093e-10	2.1131618e-05	1.05559465e-07
ERR9612826	3	oral	6.132426e-05	0.99993193	3.9901082e-10	6.5875583e-06	1.720712e-07
ERR9612827	3	oral	1.5823839e-09	1.0	8.0158387e-19	1.14491945e-08	1.3930777e-17
ERR9612828	3	oral	6.13295e-10	1.0	6.4743545e-19	1.12016565e-08	1.04795545e-17
ERR9612829	3	oral	1.4267511e-12	1.0	1.5026104e-20	2.8809458e-13	1.00500305e-19
ERR9612830	3	oral	4.700496e-13	1.0	5.730398e-21	8.472738e-14	5.433469e-20
ERR9612831	3	oral	7.0114704e-14	1.0	5.2815452e-23	1.9493775e-14	5.8025604e-22
ERR9612832	3	oral	8.6186985e-14	1.0	6.020304e-23	6.7241655e-15	7.67408e-22
ERR9612833	3	oral	2.8219526e-08	0.99999994	5.4279004e-16	2.2429278e-09	1.859563e-14
ERR9612834	3	oral	4.7399542e-08	0.99999994	7.4426297e-16	2.7301867e-09	3.3454447e-14
ERR9612835	3	oral	5.9091104e-10	1.0	9.271434e-20	5.793988e-09	7.350652e-18
ERR9612836	3	oral	1.6336704e-09	1.0	2.0861502e-19	7.464839e-09	1.8224256e-17
ERR9612837	3	oral	1.0236507e-11	1.0	2.0843043e-21	4.186312e-10	1.2464835e-19
ERR9612838	3	oral	3.4283867e-11	1.0	3.3286412e-21	2.3697652e-10	2.2132357e-19
ERR9612839	3	oral	1.8357025e-06	0.99999696	5.62229e-14	1.1790862e-06	3.2491336e-12
ERR9612840	3	oral	5.468934e-06	0.9999936	1.063786e-13	9.152903e-07	1.5022508e-11
ERR9612841	3	oral	0.0017431412	0.9982459	1.4719643e-07	7.958793e-06	2.8488002e-06
ERR9612842	3	oral	0.00087773026	0.99911356	1.3406934e-07	5.5722703e-06	2.990819e-06
ERR9612843	3	oral	4.1755706e-09	0.99999946	1.0351503e-19	5.299909e-07	1.6610071e-18
ERR9612844	3	oral	2.9969502e-09	0.9999987	1.4261126e-19	1.2821168e-06	1.6430123e-18
ERR9612845	3	oral	2.7593782e-07	0.9999989	3.0938622e-16	8.1280524e-07	1.1433943e-13
ERR9612846	3	oral	4.7254315e-07	0.99999815	6.850415e-16	1.3795444e-06	3.0618176e-13
ERR9612847	3	oral	1.4834277e-09	0.99999994	1.2449394e-17	2.8824257e-08	1.2695818e-16
ERR9612848	3	oral	6.54122e-10	1.0	6.9096667e-18	1.1174207e-08	6.356027e-17
ERR9612849	3	oral	3.190929e-13	1.0	1.0849774e-24	3.1335262e-12	1.4163748e-22
ERR9612850	3	oral	2.532684e-13	1.0	7.8445773e-25	1.6416299e-12	1.086308e-22
ERR9612851	3	oral	3.4368943e-06	0.99998903	1.2293772e-12	7.5591397e-06	2.57001e-11
ERR9612852	3	oral	2.0607144e-05	0.9999666	3.831922e-12	1.2751761e-05	7.145406e-11
ERR9612853	3	oral	0.00012537901	0.99952096	2.1994164e-09	0.00035362857	1.4786725e-08
ERR9612854	3	oral	0.00020329421	0.99931115	3.23052e-09	0.0004855372	3.0721164e-08
ERR9612855	3	oral	2.7192542e-09	1.0	6.8179336e-17	6.958915e-10	7.6382223e-16
ERR9612856	3	oral	1.2820381e-09	1.0	2.7631575e-17	1.1008837e-10	4.3906067e-16
ERR9612857	3	oral	2.2173188e-12	1.0	1.07872406e-23	1.3632225e-09	1.1916099e-20
ERR9612858	3	oral	3.475717e-12	1.0	1.7829203e-23	2.197971e-09	1.8049764e-20
ERR9612859	3	oral	9.217628e-10	1.0	3.1221537e-18	5.4812566e-10	1.5562761e-16
ERR9612860	3	oral	9.978254e-10	1.0	5.1823147e-18	8.383325e-10	3.1637236e-16
ERR9612861	3	oral	0.0009983393	0.9984305	3.8182478e-11	0.00057117414	3.1401532e-09
ERR9612862	3	oral	0.0008107123	0.9985412	4.369766e-11	0.0006481227	4.894827e-09
ERR9612863	3	oral	0.000111617075	0.9998451	5.4422117e-10	4.326253e-05	5.4545303e-08
ERR9612864	3	oral	8.1341735e-05	0.9999087	4.2465573e-10	9.942194e-06	2.8375572e-08
ERR9612865	3	oral	8.7465e-14	1.0	1.8043087e-24	7.2150364e-13	9.20426e-23
ERR9612866	3	oral	1.3858042e-13	1.0	1.5597175e-24	4.7204824e-13	9.887655e-23
ERR9612867	3	oral	3.9657713e-12	1.0	4.5757527e-22	4.8821464e-11	6.0267616e-21
ERR9612868	3	oral	8.299208e-12	1.0	7.254118e-22	5.415288e-11	1.2859667e-20
ERR9612869	3	oral	1.1656849e-08	1.0	2.9965693e-17	2.20326e-09	8.360681e-15
ERR9612870	3	oral	1.3261878e-08	1.0	2.384888e-17	1.2614838e-09	6.947914e-15
ERR9612871	3	oral	1.5242361e-18	1.0	3.2537127e-29	9.935014e-18	2.9095734e-28
ERR9612872	3	oral	3.833977e-18	1.0	5.89065e-29	1.927781e-17	8.638886e-28
ERR9612873	3	oral	7.695734e-08	0.99999875	2.385591e-17	1.1750834e-06	9.61484e-15
ERR9612874	3	oral	1.453958e-07	0.9999974	3.8340695e-17	2.4740696e-06	1.2339615e-14
ERR9612875	3	oral	9.658339e-10	1.0	4.0168817e-17	9.2782254e-10	1.5103509e-15
ERR9612876	3	oral	7.2967565e-10	1.0	4.9173522e-17	6.773682e-10	1.1656507e-15
ERR9612877	3	oral	1.1703942e-09	1.0	1.2867117e-18	1.2266985e-08	8.624707e-17
ERR9612878	3	oral	8.1056145e-10	1.0	1.0270751e-18	1.3505193e-08	6.230441e-17
ERR9612879	3	oral	3.104397e-14	1.0	1.5990286e-22	5.217426e-16	5.581921e-22
ERR9612880	3	oral	7.752904e-15	1.0	5.783053e-23	9.9330786e-17	2.884413e-22
ERR9612881	3	oral	7.14359e-11	1.0	3.6896193e-21	8.41832e-10	7.2579536e-19
ERR9612882	3	oral	2.7839434e-11	1.0	1.2962743e-21	4.3556783e-10	1.7436258e-19
ERR9612883	3	oral	3.432104e-07	0.9999966	6.9472826e-12	3.0706417e-06	1.0236517e-09
ERR9612884	3	oral	6.925504e-07	0.99999064	1.667479e-11	8.675875e-06	2.2374063e-09
ERR9612885	3	oral	9.476432e-15	1.0	1.1992041e-24	1.2154695e-16	1.4328933e-23
ERR9612886	3	oral	1.1106539e-14	1.0	1.1791447e-24	1.2505477e-16	1.708587e-23
ERR9612887	3	oral	1.3733836e-09	1.0	2.8425638e-17	2.8137442e-10	2.3496437e-16
ERR9612888	3	oral	1.6786821e-09	1.0	3.8042235e-17	2.3811192e-10	2.8408654e-16
ERR9612889	3	oral	7.4198994e-17	1.0	3.6382326e-28	2.7943135e-16	5.0512293e-27
ERR9612890	3	oral	4.0209005e-17	1.0	2.5098654e-28	1.2673623e-16	3.1643014e-27
ERR9612891	3	oral	1.8665344e-16	1.0	2.9270213e-28	4.932402e-15	6.158212e-27
ERR9612892	3	oral	1.2053096e-16	1.0	2.3487657e-28	4.2605092e-15	7.511627e-27
ERR9612893	3	oral	9.424627e-12	0.9999999	2.0653339e-21	1.4031042e-07	6.4890392e-21
ERR9612894	3	oral	1.28465285e-11	0.9999999	1.5450108e-21	1.4621165e-07	3.011935e-21
ERR9612895	3	oral	1.6609693e-09	1.0	2.005348e-18	2.2962125e-11	7.96341e-17
ERR9612896	3	oral	3.291708e-09	1.0	2.1996701e-18	2.0007714e-11	9.921989e-17
ERR9612897	3	oral	2.7019888e-13	1.0	2.8918452e-22	4.9102388e-14	2.7470246e-21
ERR9612898	3	oral	6.6872625e-13	1.0	6.4170813e-22	2.733268e-13	1.02606585e-20
SRR12136712	3	oral	0.26770094	0.7278027	0.0002539704	0.0030539175	0.0011884901
SRR12136713	3	oral	2.5581594e-06	0.99999744	4.8030174e-12	2.035652e-08	5.7747068e-11
SRR12462930	3	oral	2.4688227e-18	1.0	1.5950661e-28	4.886829e-18	5.9709695e-27
SRR12462931	3	oral	3.883646e-19	1.0	1.1368552e-30	3.7375978e-19	4.2162792e-29
SRR12462932	3	oral	4.1489334e-20	1.0	1.4178889e-31	3.2699721e-18	3.427765e-30
SRR12462933	3	oral	1.872354e-18	1.0	5.1973315e-30	2.3291275e-16	4.5181252e-28
SRR12462934	3	oral	6.340438e-19	1.0	1.4738004e-29	7.9570584e-22	1.60897e-28
SRR12462935	3	oral	1.9214451e-20	1.0	2.415877e-32	1.5625375e-15	1.8652697e-30
SRR12462936	3	oral	6.77086e-20	1.0	5.495345e-29	1.5043996e-14	9.004787e-28
SRR12462937	3	oral	3.0737724e-17	1.0	1.1087977e-27	1.5144765e-16	8.31277e-26
SRR12462938	3	oral	3.674858e-11	1.0	1.4565744e-23	1.1580957e-08	2.9379533e-20
SRR12462939	3	oral	1.0124521e-05	0.9955825	3.1863804e-14	0.0044073476	1.262469e-11
SRR12462940	3	oral	9.693214e-13	1.0	1.6451072e-24	1.14986085e-11	8.81154e-22
SRR12462941	3	oral	1.2904044e-14	1.0	1.3449494e-27	8.293257e-11	4.371707e-24
SRR12462942	3	oral	1.8932675e-18	1.0	6.194934e-33	1.314178e-16	2.6788621e-30
SRR12462943	3	oral	2.8650431e-06	0.9999955	3.0206705e-13	1.5853591e-06	7.569824e-11
SRR12462944	3	oral	7.927428e-07	0.9997613	8.649898e-13	0.00023792646	1.14605565e-11
SRR12462945	3	oral	8.291255e-21	1.0	7.528655e-32	6.235976e-19	4.3378412e-30
SRR12462946	3	oral	3.571772e-14	1.0	3.1370809e-21	1.2516528e-14	2.1439756e-20
SRR12462947	3	oral	3.377812e-17	1.0	3.769982e-29	1.6227347e-15	1.2107707e-25
SRR19160147	3	gut	0.039141092	0.75116324	0.0077172616	0.13535403	0.066624366
SRR19160150	3	gut	0.030550465	0.8408225	0.006107799	0.11895712	0.0035621296
SRR19160161	3	gut	0.015906619	0.77359605	0.003205096	0.19978635	0.0075058616
SRR19160174	3	gut	0.0692394	0.80258286	0.013529389	0.110042095	0.0046062814
SRR19160175	3	gut	0.0195319	0.54179907	0.36512598	0.072529584	0.0010134683
SRR19160180	3	gut	0.016098699	0.8008655	0.0023428635	0.17799513	0.002697846
SRR19160184	3	gut	0.0072578704	0.88283867	0.0015604867	0.1037099	0.0046330607
SRR19160194	3	gut	0.0043276576	0.94707465	0.0019371152	0.045865506	0.00079507445
SRR19160206	3	gut	0.018328171	0.8218035	0.00712353	0.1355949	0.017149903
SRR19160231	3	gut	0.028519321	0.94689155	0.00436676	0.019509103	0.0007132648
SRR19160251	3	gut	0.10785976	0.6000626	0.23718803	0.05169318	0.003196408
SRR957738	3	oral	6.399523e-17	1.0	3.3161688e-29	9.8722823e-20	1.4562009e-26
SRR957739	3	oral	1.7652491e-17	1.0	2.7388903e-29	3.759135e-22	4.7584983e-27
SRR957740	3	oral	1.4505036e-17	1.0	9.1939544e-29	1.3845367e-21	9.173971e-27
SRR957741	3	oral	2.1921017e-17	1.0	1.5911534e-29	6.8141886e-22	2.3617648e-27
SRR957742	3	oral	2.9504069e-16	1.0	2.5146434e-27	2.832767e-19	1.2093123e-25
SRR957743	3	oral	4.2921027e-12	1.0	2.2368276e-21	2.824587e-17	1.05844584e-19
SRR957744	3	oral	6.346243e-19	1.0	4.585137e-31	1.9253095e-21	5.5912996e-29
SRR957745	3	oral	1.8264305e-14	1.0	7.3339205e-25	3.7420364e-19	7.5522665e-23
SRR957746	3	oral	5.1629603e-18	1.0	2.7111626e-29	5.746043e-18	1.0311907e-26
ERR12115113	4	oral	2.9085389e-21	1.0	1.8771918e-31	2.304906e-16	1.1423562e-28
ERR12115114	4	oral	2.187886e-12	1.0	6.947379e-21	7.1037703e-12	1.7489945e-17
ERR12115115	4	oral	5.2248377e-14	1.0	6.285556e-24	1.3907528e-10	2.218058e-20
ERR12115116	4	oral	7.524229e-23	1.0	6.4097405e-35	2.0121125e-18	1.0084402e-32
ERR1777519	4	skeletal tissue	0.012922484	0.10972401	0.00027850928	0.8769258	0.00014917625
ERR1777520	4	skeletal tissue	0.10304881	0.3436688	0.006820965	0.49818134	0.048280094
ERR1777521	4	skeletal tissue	0.059987716	0.21483721	0.004447451	0.69338584	0.02734176
ERR1777522	4	skeletal tissue	0.028083557	0.014046205	8.217874e-06	0.95786065	1.3635685e-06
ERR1777523	4	skeletal tissue	0.028346434	0.11551923	0.0015135385	0.84936976	0.0052510537
ERR1777524	4	skeletal tissue	0.03647534	0.018067736	8.970618e-06	0.94544506	2.883197e-06
ERR1777525	4	skeletal tissue	0.012945989	0.020468783	5.647045e-06	0.9665786	9.5278597e-07
ERR1777526	4	skeletal tissue	0.019975241	0.14671908	0.0003853424	0.83268046	0.00023984016
ERR1777527	4	skeletal tissue	0.0067923423	0.009439684	3.1263237e-06	0.9837643	5.2721083e-07
ERR1777528	4	skeletal tissue	0.033141866	0.038716752	1.1497671e-05	0.9281263	3.6028698e-06
ERR1777529	4	skeletal tissue	0.0335564	0.093071625	3.277729e-05	0.8733282	1.0968288e-05
ERR1777530	4	skeletal tissue	0.010948429	0.01714219	4.7375406e-06	0.9719037	9.865101e-07
ERR1777531	4	skeletal tissue	0.03523939	0.052430965	1.1732801e-05	0.9123157	2.197695e-06
ERR1777532	4	skeletal tissue	0.062139027	0.16751336	5.2382376e-05	0.7702817	1.3574161e-05
ERR1777533	4	skeletal tissue	0.070053086	0.12727915	2.4039182e-05	0.8026324	1.1320218e-05
ERR1777534	4	skeletal tissue	0.021908807	0.16506368	0.0001375081	0.8128421	4.7908336e-05
ERR1777535	4	skeletal tissue	0.05736114	0.1508239	0.004000687	0.7627933	0.025020974
ERR1777536	4	skeletal tissue	0.05528242	0.090846114	2.5021633e-05	0.8538407	5.7521634e-06
ERR1777537	4	skeletal tissue	0.031176748	0.28054768	0.0001289202	0.6881112	3.5455298e-05
ERR1777538	4	skeletal tissue	0.044392526	0.17759469	0.0036535393	0.7501765	0.024182737
ERR1777539	4	skeletal tissue	0.026018148	0.060337916	1.3730476e-05	0.9136272	2.9764735e-06
ERR1777540	4	skeletal tissue	0.019552274	0.009362677	5.0536564e-06	0.97107905	9.4747986e-07
ERR1777541	4	skeletal tissue	0.018290717	0.07888541	0.00080109254	0.9007652	0.001257609
ERR1777542	4	skeletal tissue	0.14890072	0.11730299	0.000101676516	0.7335996	9.500635e-05
ERR1777543	4	skeletal tissue	0.024503035	0.011786873	6.1863443e-06	0.96370286	1.0567618e-06
ERR1777544	4	skeletal tissue	0.087833665	0.28567255	0.005885956	0.57806265	0.042545173
ERR1777545	4	skeletal tissue	0.033095457	0.016528271	1.1108738e-05	0.9503615	3.6685142e-06
ERR1777546	4	skeletal tissue	0.010169516	0.0143232765	4.945665e-06	0.9755014	8.701404e-07
ERR1777547	4	skeletal tissue	0.024746414	0.17540745	0.0014438111	0.7937799	0.0046223924
ERR1777548	4	skeletal tissue	0.01360076	0.016999468	5.051408e-06	0.9693938	9.48501e-07
ERR1777549	4	skeletal tissue	0.047139894	0.25645852	3.6586873e-05	0.6963455	1.9481282e-05
ERR1777550	4	skeletal tissue	0.008341694	0.011425996	3.6453857e-06	0.980228	6.339182e-07
ERR1777551	4	skeletal tissue	0.008699502	0.08714892	0.0006686811	0.90112215	0.0023607726
ERR1777552	4	skeletal tissue	0.012553773	0.018526984	4.946806e-06	0.96891356	7.5738103e-07
ERR1777553	4	skeletal tissue	0.010118081	0.016363768	4.151164e-06	0.9735132	7.9395255e-07
ERR1777554	4	skeletal tissue	0.01371522	0.021287743	5.2678993e-06	0.9649909	8.3720556e-07
ERR1777555	4	skeletal tissue	0.017629737	0.24063706	0.000100906225	0.7415884	4.3896795e-05
ERR1777556	4	skeletal tissue	0.010755061	0.0142378975	4.39926e-06	0.9750019	7.6088196e-07
ERR1777557	4	skeletal tissue	0.009622954	0.034825154	0.0001422068	0.95524925	0.00016041042
ERR1777558	4	skeletal tissue	0.011706019	0.0180896	4.932034e-06	0.9701985	9.452609e-07
ERR1777559	4	skeletal tissue	0.065573044	0.49504903	0.0025731835	0.41368052	0.023124203
ERR1777560	4	skeletal tissue	0.011260736	0.015843257	4.601593e-06	0.97289056	8.447789e-07
ERR1777561	4	skeletal tissue	0.030352706	0.15162644	0.00055505603	0.8166571	0.0008087064
ERR1777562	4	skeletal tissue	0.011173614	0.01603246	4.5491493e-06	0.97278863	7.473506e-07
ERR1777563	4	skeletal tissue	0.021304073	0.071163	2.090167e-05	0.90750825	3.754844e-06
ERR1777564	4	skeletal tissue	0.008705113	0.012323201	3.6708432e-06	0.97896737	6.435924e-07
ERR1777565	4	skeletal tissue	0.0056679305	0.0108702555	3.1407799e-06	0.98345816	5.3178485e-07
ERR1777566	4	skeletal tissue	0.01369341	0.019675644	5.233693e-06	0.966625	7.5404705e-07
ERR1777567	4	skeletal tissue	0.026045645	0.2477733	0.00013534351	0.72597605	6.966194e-05
ERR1777568	4	skeletal tissue	0.010763558	0.014158927	4.3122463e-06	0.97507244	7.66456e-07
ERR1777569	4	skeletal tissue	3.056653e-08	0.99941045	2.6463747e-12	0.000589531	9.116064e-11
ERR3609652	4	oral	0.37987185	0.29612038	0.008305065	0.15587117	0.15983157
ERR3609653	4	oral	0.68316436	0.18962982	0.00046543533	0.12516612	0.0015742481
ERR3609654	4	oral	0.520126	0.3845064	0.0026517932	0.043902166	0.048813652
ERR3609655	4	oral	0.37376863	0.42835486	0.0064479983	0.04816269	0.14326581
ERR3609656	4	oral	0.4799428	0.35132354	0.00334545	0.05353498	0.11185321
ERR3609657	4	oral	0.35400692	0.34447607	0.0009901887	0.29497495	0.005551865
ERR3609658	4	oral	0.34972054	0.39632484	0.0049030953	0.13674402	0.1123075
ERR3609659	4	oral	0.09349733	0.3067065	0.0034454751	0.59276927	0.0035814408
ERR3609660	4	oral	1.5555428e-12	1.0	2.2545929e-20	1.3272124e-10	1.0027564e-17
ERR3609661	4	oral	4.170799e-18	1.0	1.7228773e-28	5.4134058e-15	1.2783835e-25
ERR4596443	4	oral	5.7420317e-15	1.0	7.940995e-22	6.8546915e-13	1.5323889e-19
ERR4596813	4	oral	1.2597099e-09	1.0	1.6582665e-13	6.604026e-11	1.7486897e-12
ERR4596815	4	oral	1.2215735e-09	1.0	3.3008261e-13	3.904934e-12	4.5695145e-12
ERR4596816	4	oral	9.236029e-16	1.0	5.1606942e-21	3.4643038e-15	8.564823e-19
ERR4596817	4	oral	9.125202e-14	1.0	4.8432968e-21	9.339282e-15	9.944533e-19
ERR4596818	4	oral	1.5250087e-16	1.0	6.711981e-23	9.740529e-18	6.6286316e-21
ERR4596819	4	oral	3.8137915e-07	0.9999993	3.0675956e-10	1.6352546e-07	1.7859816e-07
ERR4596820	4	oral	3.4885065e-15	1.0	1.687088e-21	9.083635e-18	1.5094365e-19
ERR4596822	4	oral	5.459356e-09	1.0	3.903355e-14	2.9393714e-12	2.3904581e-11
ERR4596823	4	oral	2.295497e-10	1.0	2.0084857e-17	4.0133786e-14	6.1381695e-15
ERR4596824	4	oral	5.0668096e-15	1.0	4.460677e-22	1.7465494e-11	1.3606366e-19
ERR4596825	4	oral	1.3666933e-07	0.99999976	4.0015183e-10	6.25152e-08	1.1362493e-08
ERR4596826	4	oral	9.105972e-14	1.0	1.3874321e-21	8.6420705e-14	6.9986744e-19
ERR4596828	4	oral	1.6746343e-16	1.0	7.584952e-22	1.2691941e-20	1.1343254e-19
ERR5670952	4	oral	1.0497829e-22	1.0	5.784439e-32	3.123238e-17	1.2084862e-30
ERR5670953	4	oral	8.092355e-25	1.0	9.150955e-36	9.29092e-19	5.3863454e-33
ERR5670954	4	oral	3.4585868e-23	1.0	2.2141509e-33	2.1626379e-16	2.4385134e-31
ERR5670955	4	oral	8.67216e-22	1.0	2.049397e-30	7.4697003e-16	7.2242246e-29
ERR5670956	4	oral	2.1000699e-22	1.0	3.3401667e-31	1.0172041e-15	7.737539e-30
ERR5670957	4	oral	1.0016237e-19	1.0	1.8488529e-29	4.17895e-16	2.3205801e-26
ERR5670958	4	oral	1.4009924e-21	1.0	6.347722e-32	1.117835e-20	1.8941569e-29
ERR5670959	4	oral	2.4946608e-21	1.0	4.2360552e-29	1.3779483e-14	1.1032156e-27
ERR5670960	4	oral	2.5227114e-17	1.0	8.201171e-24	2.8899043e-15	1.0269803e-21
ERR5670961	4	oral	9.568918e-19	1.0	7.049172e-30	6.6537456e-11	5.6414215e-28
ERR5670962	4	oral	1.9365725e-19	1.0	9.161659e-30	2.5254409e-20	4.0578227e-27
ERR5670963	4	oral	2.9016556e-22	1.0	1.5244262e-33	9.138716e-17	4.1591943e-31
ERR5670964	4	oral	2.5903271e-22	1.0	7.709737e-34	4.3243755e-17	2.1296544e-31
ERR5670965	4	oral	2.3220619e-25	1.0	1.7403449e-36	1.8327922e-20	1.36404695e-33
ERR5670966	4	oral	4.5625956e-24	1.0	7.8618955e-36	2.6711866e-18	5.5015582e-33
ERR5670967	4	oral	1.1265243e-22	1.0	1.2420339e-31	7.482713e-15	3.1734917e-29
ERR5670968	4	oral	6.8368104e-07	0.99999136	1.1223522e-09	7.932142e-06	1.3619259e-08
ERR5670969	4	oral	3.2247313e-14	1.0	7.3089327e-19	7.342969e-14	1.653186e-18
ERR5670970	4	oral	3.6044837e-14	1.0	1.4037418e-19	4.5813258e-12	1.1693123e-18
ERR5670971	4	oral	4.2620394e-15	1.0	1.6559812e-24	7.228875e-15	9.230842e-22
ERR5766165	4	gut	0.612778	0.14508449	0.010557115	0.20048401	0.031096388
ERR5766166	4	gut	0.9897242	0.0014340892	0.0017653741	0.0069879363	8.837252e-05
ERR5766167	4	gut	0.9927464	0.00073835306	0.0011568501	0.0053307577	2.7634764e-05
ERR5766168	4	gut	0.8501051	0.050697327	0.0019755405	0.048459604	0.048762415
ERR5766169	4	gut	0.99803054	0.00029314763	0.0011837274	0.00032052523	0.00017205713
ERR5766170	4	gut	0.9023506	0.019300349	0.0015770388	0.054981444	0.021790572
ERR5766171	4	gut	0.89495796	0.033472285	0.0012332596	0.029161075	0.04117542
ERR5766172	4	gut	0.99995476	2.2446826e-05	1.14067e-05	9.474786e-06	1.9035348e-06
ERR5766173	4	gut	0.9999338	4.298974e-05	1.4428643e-05	6.4917554e-06	2.3067366e-06
ERR5766174	4	gut	0.6730744	0.084625654	0.003153473	0.13227749	0.10686897
ERR5766175	4	gut	0.7078099	0.0906552	0.0030901162	0.0990967	0.09934806
ERR5766176	4	gut	0.94255984	0.017866286	0.00069983816	0.0313197	0.007554324
ERR5766177	4	gut	0.999289	0.0004691196	4.6276324e-07	0.00024142476	3.239945e-08
ERR5766178	4	gut	0.9993784	0.00028775612	4.4638574e-07	0.00033336566	3.3209417e-08
ERR5766179	4	gut	0.8992722	0.027135767	0.0008378333	0.06692584	0.0058283797
ERR5766180	4	gut	0.81117487	0.07613094	0.0024636465	0.09399094	0.016239598
ERR5766181	4	gut	0.8566399	0.08105353	0.0019200272	0.042993464	0.017393054
ERR5766182	4	gut	0.9973545	0.0018646767	2.93611e-06	0.00077750406	3.891618e-07
ERR5766183	4	gut	0.99450445	0.0023315449	3.6464005e-06	0.0031576962	2.6359855e-06
ERR6178850	4	oral	2.0139568e-16	1.0	5.679899e-22	4.452738e-12	6.803972e-20
ERR6178851	4	oral	1.2187645e-09	0.9999999	5.2111196e-13	1.1966787e-07	2.1744377e-11
ERR6178852	4	oral	1.6260956e-11	0.99999994	4.413932e-16	3.0476937e-08	8.119862e-14
ERR6178853	4	oral	7.5998854e-05	0.9986996	4.3791727e-07	0.0012094869	1.4452499e-05
ERR6178854	4	oral	3.7964078e-16	1.0	5.482489e-21	4.09003e-14	2.2122506e-19
ERR6178855	4	oral	6.0281728e-12	1.0	3.960869e-18	1.2514666e-10	3.3780974e-16
ERR6178856	4	oral	1.418788e-18	1.0	2.4059909e-24	2.1203401e-12	1.3920329e-22
ERR6178857	4	oral	1.1446556e-09	0.99999946	1.0592107e-12	5.4265735e-07	2.4809361e-11
ERR6178858	4	oral	1.2962531e-21	1.0	8.259968e-30	1.502366e-15	1.6229702e-27
ERR6178859	4	oral	3.457934e-09	0.99999934	5.3844423e-13	6.567595e-07	3.0092043e-11
ERR6178860	4	oral	0.00047239906	0.99940574	1.0514093e-06	5.6961017e-05	6.3870626e-05
ERR6178861	4	oral	7.96908e-05	0.999912	2.5770335e-08	3.6577535e-06	4.618091e-06
ERR6178862	4	oral	1.3301979e-14	1.0	2.060791e-22	5.5710967e-11	1.9005422e-19
ERR6178863	4	oral	1.7135364e-05	0.9997054	8.752786e-09	0.00027698977	4.7646637e-07
ERR6178864	4	oral	2.1542844e-06	0.9999973	1.2362758e-10	3.7717285e-07	1.2580607e-07
ERR6178865	4	oral	4.3648824e-06	0.9999921	3.4937142e-09	2.4791354e-06	1.0823716e-06
ERR6178866	4	oral	5.7180333e-20	1.0	4.3322196e-28	7.908231e-12	2.122278e-25
ERR6178867	4	oral	1.7854416e-22	1.0	3.8432428e-31	5.6613133e-15	7.9866004e-29
ERR6178868	4	oral	1.6577248e-07	0.9999997	6.3442498e-12	1.4869143e-07	5.6797993e-09
ERR6178869	4	oral	2.0297891e-06	0.99999577	1.2610097e-09	1.9198994e-06	2.991467e-07
ERR6178870	4	oral	1.6557451e-14	1.0	5.305386e-22	2.854462e-10	5.537045e-19
ERR6178871	4	oral	7.4696246e-08	0.9999973	2.0980364e-12	2.579772e-06	4.29125e-10
ERR6178872	4	oral	3.78392e-08	0.99999976	3.5065095e-12	1.724232e-07	2.8866458e-09
ERR6178873	4	oral	3.887384e-06	0.9999804	3.891453e-08	1.2273492e-05	3.4260595e-06
ERR6178874	4	oral	4.4503206e-21	1.0	3.4042196e-28	2.188342e-14	5.693862e-26
ERR6178875	4	oral	1.6330202e-15	1.0	6.9925726e-22	1.9165992e-14	4.385335e-20
ERR6178876	4	oral	3.0853794e-16	1.0	2.8419136e-24	1.4433081e-12	5.6287874e-22
ERR6178877	4	oral	1.5741272e-14	0.99999374	8.609133e-21	6.250029e-06	5.248249e-18
ERR6178878	4	oral	1.431839e-10	0.9999999	2.2525142e-16	8.970308e-08	1.4110106e-14
ERR6178879	4	oral	1.0207971e-11	1.0	9.679412e-18	1.3242795e-08	7.6198793e-16
ERR6178880	4	oral	8.990115e-14	1.0	1.4080438e-19	2.5353808e-10	2.0427339e-16
ERR6178881	4	oral	5.10794e-08	0.99999875	7.6105275e-11	1.1656691e-06	6.779118e-09
ERR6178882	4	oral	6.1256074e-18	1.0	9.327703e-24	2.9203643e-11	9.031455e-22
ERR6178883	4	oral	3.4256072e-13	1.0	2.2074011e-17	2.3978906e-09	7.830702e-16
ERR6178884	4	oral	5.2930222e-06	0.9999933	1.5294622e-09	3.614858e-07	1.0492263e-06
ERR6178885	4	oral	1.7018909e-05	0.99997616	1.7287174e-08	1.8206646e-06	4.986616e-06
ERR6178886	4	oral	3.340637e-07	0.99999964	3.2066676e-12	5.029542e-09	1.2967843e-09
ERR6178887	4	oral	0.0009949583	0.99887365	1.32378e-06	4.9841823e-05	8.024261e-05
ERR6178888	4	oral	1.4617353e-06	0.99999845	8.816543e-12	6.98958e-08	7.894378e-09
ERR6178889	4	oral	0.0004118781	0.9995012	3.2975566e-07	3.8368238e-05	4.8223734e-05
ERR6178890	4	oral	3.4084775e-14	1.0	3.3853028e-22	1.023412e-10	1.6319953e-18
ERR6178891	4	oral	9.499254e-19	1.0	5.2842953e-28	2.9646173e-14	1.3649075e-24
ERR6178892	4	oral	8.2383834e-19	1.0	1.7013594e-26	1.4285653e-14	2.2736784e-24
ERR6178893	4	oral	2.024514e-09	1.0	1.7481691e-13	8.201466e-09	5.24712e-12
ERR6178894	4	oral	3.2720961e-18	1.0	7.832471e-27	1.2827287e-12	1.7400794e-24
ERR6178895	4	oral	3.0763535e-19	1.0	9.542513e-26	8.788291e-16	1.03306794e-23
ERR6178897	4	oral	3.3969464e-12	1.0	2.7701228e-18	2.0697308e-09	1.3272374e-16
ERR6178898	4	oral	3.6217065e-07	0.99999416	3.9990143e-11	5.4618163e-06	7.9495793e-10
ERR6178899	4	oral	1.8916893e-15	1.0	5.3899137e-20	3.382676e-12	3.0988512e-18
ERR6178900	4	oral	8.518564e-12	1.0	1.6064416e-15	3.6541806e-10	5.915184e-14
ERR6178901	4	oral	6.103993e-17	1.0	2.2619649e-22	1.6625106e-13	1.074093e-20
ERR6178902	4	oral	8.6556217e-14	1.0	7.924492e-18	3.6623495e-12	1.110527e-16
ERR6178903	4	oral	2.1703307e-16	1.0	1.2869819e-23	2.3790152e-09	3.3696915e-21
ERR6178904	4	oral	1.7303222e-06	0.999839	3.0864669e-09	0.00015921578	5.0164218e-08
ERR6178905	4	oral	1.9154016e-16	1.0	1.1786967e-21	7.416435e-13	4.434367e-20
ERR6178906	4	oral	2.2593045e-15	1.0	3.7062816e-20	4.8274397e-12	1.6578027e-18
ERR6178907	4	oral	2.6371053e-20	1.0	1.854184e-27	5.45565e-15	2.1694148e-25
ERR6178908	4	oral	2.181288e-08	0.9999998	9.730486e-12	1.7772965e-07	2.042169e-10
ERR6178909	4	oral	4.6643265e-21	1.0	7.5051197e-29	1.3603322e-13	4.7394347e-27
ERR6178910	4	oral	3.530514e-18	1.0	7.852428e-25	7.4090094e-14	1.2676477e-22
ERR6178911	4	oral	2.637831e-11	1.0	6.2443493e-15	1.4506121e-09	2.5966832e-13
ERR6178912	4	oral	7.003936e-06	0.99108016	1.6586651e-09	0.008912533	2.885862e-07
ERR6178913	4	oral	3.4852956e-08	0.99993837	3.1112312e-13	6.1580104e-05	1.2723525e-10
ERR6178914	4	oral	1.6583252e-22	1.0	6.4195406e-31	2.9242312e-16	1.3914272e-28
ERR6178915	4	oral	9.0540235e-11	1.0	2.3210568e-14	2.2227313e-09	6.006594e-13
ERR6178916	4	oral	3.6922677e-21	1.0	3.7616736e-27	6.3622203e-15	6.1295345e-25
ERR6178917	4	oral	7.7008734e-13	1.0	2.471861e-16	1.5874178e-10	7.318047e-15
ERR6178918	4	oral	6.030123e-07	0.99999934	2.2566395e-12	4.3795907e-08	1.4098528e-09
ERR6178919	4	oral	6.387182e-06	0.99999326	1.7671928e-10	2.5670792e-07	6.886386e-08
ERR6178920	4	oral	5.1591158e-20	1.0	8.094861e-27	2.5430146e-18	2.7802887e-25
ERR6178921	4	oral	1.520402e-20	1.0	8.0243967e-28	2.7479565e-16	4.3571324e-26
ERR6178923	4	oral	1.5148129e-06	0.9999985	1.8010953e-12	6.58223e-10	1.169673e-10
ERR6178924	4	oral	0.005125508	0.9946846	5.9429954e-06	7.049477e-05	0.000113469934
ERR6178925	4	oral	1.4272192e-07	0.9999999	7.61377e-14	5.417234e-10	5.64509e-12
ERR6178926	4	oral	7.2456737e-07	0.9999992	8.85688e-13	5.6389254e-08	2.5276942e-10
ERR6178927	4	oral	0.000293264	0.9997043	1.6929038e-08	7.560282e-08	2.3521254e-06
ERR6178928	4	oral	1.3976744e-12	1.0	1.3714172e-18	5.313683e-10	2.5552499e-16
ERR6178929	4	oral	2.3833863e-18	1.0	7.6110034e-26	2.8039467e-14	9.748392e-24
ERR6178930	4	oral	1.520668e-18	1.0	3.582939e-25	1.8635059e-14	3.1673668e-23
ERR6178931	4	oral	3.402118e-16	1.0	3.7894956e-23	3.892184e-17	8.520242e-22
ERR6178932	4	oral	6.5631816e-06	0.9999934	5.135057e-11	3.890761e-08	3.6389142e-08
ERR6178933	4	oral	1.0666523e-17	1.0	1.5190635e-25	7.1471426e-11	5.101422e-23
ERR6178934	4	oral	4.1935396e-12	1.0	3.3136703e-17	3.1212025e-10	1.644936e-15
ERR6178935	4	oral	2.0698087e-06	0.9999933	2.6404294e-09	4.533706e-06	5.5881422e-08
ERR6178936	4	oral	1.9356472e-05	0.9999806	1.4727221e-10	3.7292627e-09	3.4119562e-08
ERR6178937	4	oral	0.013656177	0.9855491	1.5973548e-05	0.00026201946	0.00051674177
ERR6178938	4	oral	9.375061e-18	1.0	9.6369183e-26	1.143988e-13	3.896592e-23
ERR6178939	4	oral	3.150005e-06	0.9999901	7.914524e-10	6.7295437e-06	1.7542398e-08
ERR6178940	4	oral	2.416915e-06	0.99999756	8.664879e-12	1.0652217e-10	9.48341e-10
ERR6178941	4	oral	7.819284e-15	1.0	1.2055666e-21	1.0371843e-09	1.5722758e-19
ERR6178942	4	oral	4.664011e-10	0.9999994	1.29690655e-14	6.1225e-07	1.0112181e-12
ERR6178943	4	oral	3.78903e-10	1.0	4.6335324e-15	4.7641877e-12	1.8528117e-13
ERR6178944	4	oral	2.6996527e-06	0.99999726	3.5530018e-10	3.577158e-08	1.0294462e-08
ERR6178945	4	oral	1.13365964e-07	0.9999977	1.7645225e-13	2.2136728e-06	5.1329774e-11
ERR6178946	4	oral	2.318836e-06	0.9999964	6.108025e-11	1.2402828e-06	3.8715488e-08
ERR6178947	4	oral	0.00048602576	0.99922615	1.13939e-06	0.00017832888	0.00010834157
ERR6178948	4	oral	5.0012915e-14	1.0	5.0987324e-22	6.281257e-14	1.5913029e-19
ERR6178949	4	oral	1.450636e-17	1.0	7.5279147e-25	1.0431782e-09	2.1301218e-22
ERR6178950	4	oral	1.3998655e-13	1.0	8.2103916e-19	4.0529877e-09	5.3351002e-17
ERR6178951	4	oral	3.127753e-06	0.99968266	1.2998689e-11	0.00031418903	3.758349e-09
ERR6178952	4	oral	9.642143e-05	0.9987843	6.1078738e-09	0.0011186453	6.4883847e-07
ERR6178953	4	oral	2.8655164e-10	1.0	1.6241691e-15	6.8883477e-10	1.7712794e-13
ERR6178954	4	oral	5.5422883e-05	0.9998947	1.1938835e-07	4.684446e-05	2.9313871e-06
ERR6178955	4	oral	3.6028527e-22	1.0	7.357932e-30	4.1669657e-17	7.822926e-28
ERR6178956	4	oral	2.8139033e-09	1.0	5.6595223e-13	1.9849109e-08	1.2053275e-11
ERR6178957	4	oral	0.0017516463	0.99506956	3.1157357e-05	0.0028843875	0.00026326472
ERR6178958	4	oral	6.8820155e-22	1.0	1.2035598e-28	1.3539828e-16	9.869918e-27
ERR6178959	4	oral	1.2782193e-23	1.0	5.199961e-32	1.6545538e-16	1.6186007e-29
ERR6178960	4	oral	7.961134e-24	1.0	1.6907689e-32	4.3593173e-17	3.2341675e-30
ERR6178961	4	oral	1.9252155e-22	1.0	7.7268827e-29	5.518441e-13	1.9911922e-26
ERR6178962	4	oral	9.8825435e-18	1.0	5.636269e-23	3.022028e-10	1.0998338e-20
ERR6178963	4	oral	2.434796e-20	1.0	7.0286135e-27	9.5936196e-11	1.0864275e-24
ERR6178964	4	oral	4.4482476e-10	0.9999988	3.166588e-13	1.1909345e-06	9.269252e-12
ERR6178965	4	oral	3.3640184e-19	1.0	3.25373e-26	2.164691e-09	6.554427e-24
ERR6178966	4	oral	1.5703397e-22	1.0	7.557694e-30	6.9147276e-13	8.654951e-28
ERR6178967	4	oral	4.040588e-21	1.0	2.463924e-27	2.287727e-15	2.4180127e-25
ERR6178968	4	oral	1.5360352e-18	1.0	4.0604983e-25	1.9088147e-09	8.7591625e-23
ERR6178969	4	oral	6.2372955e-16	1.0	2.2137144e-21	4.9062016e-10	2.4840567e-19
ERR6178970	4	oral	8.436301e-20	1.0	9.446457e-26	1.9707312e-14	4.8170896e-24
ERR6178971	4	oral	1.7908398e-10	1.0	5.39013e-13	7.0007835e-09	7.559745e-12
ERR6178972	4	oral	1.4294473e-21	1.0	8.407306e-28	1.5490265e-15	7.503312e-26
ERR6178973	4	oral	2.1039153e-13	1.0	8.019081e-17	2.4415593e-12	1.483506e-15
ERR6178974	4	oral	6.046543e-22	1.0	3.5271412e-29	3.3469395e-16	2.7822652e-27
ERR6178975	4	oral	2.5960885e-12	0.99999994	2.2838457e-19	5.3414333e-08	4.117777e-16
ERR6178976	4	oral	9.3787503e-07	0.9999476	5.8433494e-11	5.1461033e-05	6.6329404e-09
ERR6178977	4	oral	3.1782376e-20	1.0	2.595233e-26	1.4669566e-13	1.5510063e-24
ERR6178978	4	oral	1.643172e-20	1.0	1.352499e-26	4.4847406e-14	1.269745e-24
ERR6178979	4	oral	3.1398603e-14	1.0	5.71636e-18	3.3524235e-11	1.9732098e-16
ERR6178980	4	oral	2.821998e-14	1.0	1.2430833e-20	2.7389557e-09	7.08878e-18
ERR6178981	4	oral	2.1255574e-10	0.9999997	1.9857347e-15	2.788027e-07	6.0008167e-13
ERR6178982	4	oral	1.07051655e-17	1.0	5.2287692e-23	1.8005488e-11	3.990502e-21
ERR6178983	4	oral	6.8562596e-09	0.9999994	8.547196e-11	5.750028e-07	1.0695044e-09
ERR6178984	4	oral	1.7015165e-20	1.0	4.7197332e-26	1.9050715e-16	1.4097452e-24
ERR6178985	4	oral	4.9355425e-10	0.9999992	5.3981935e-15	7.826744e-07	4.5755955e-12
ERR6178986	4	oral	6.143511e-07	0.9999751	2.1796411e-09	2.3943012e-05	3.2642836e-07
ERR6178987	4	oral	8.2917813e-23	1.0	3.4394543e-30	8.228043e-16	3.1636994e-28
ERR6178988	4	oral	2.6016756e-17	1.0	4.9021887e-22	1.309878e-13	1.569006e-20
SRR4047197	4	plant tissue	0.002750627	0.002186522	0.9937862	0.001186664	8.994738e-05
SRR4047199	4	plant tissue	0.0028762782	0.0022124345	0.9936741	0.0011512724	8.590343e-05
SRR4047201	4	plant tissue	0.005106059	0.003356603	0.9893214	0.002070943	0.00014497193
SRR4047203	4	plant tissue	0.008205839	0.0042703827	0.98433906	0.002999708	0.00018502258
SRR4047207	4	plant tissue	0.002654928	0.0019384138	0.99424857	0.0010811893	7.692653e-05
SRR4047214	4	plant tissue	0.0038363645	0.0011767743	0.99412537	0.0007621048	9.936935e-05
SRR4047219	4	plant tissue	0.012835797	0.006713396	0.97555226	0.0045793294	0.00031919644
SRR4047221	4	plant tissue	0.24993217	0.07667852	0.57382774	0.0935615	0.0060000718
SRR4047223	4	plant tissue	0.021979228	0.011326491	0.95727915	0.008827738	0.0005873804
SRR4047225	4	plant tissue	0.0909135	0.04402814	0.81383973	0.048292745	0.0029258789
SRR4047228	4	plant tissue	0.0071725855	0.0068935486	0.981804	0.0038108071	0.0003190686
SRR5047040	4	oral	0.01467831	0.120431475	0.0011719324	0.86031264	0.0034056487
SRR5047041	4	oral	0.016855292	0.06992838	0.001114558	0.90720665	0.0048950943
SRR5047042	4	oral	0.0023631626	0.0012824549	1.0906255e-06	0.99635285	4.3400797e-07
SRR5047043	4	oral	0.024257228	0.10450787	0.0024512094	0.85675895	0.012024738
SRR5047044	4	oral	0.038257517	0.21357845	0.0008440038	0.74666995	0.00065007247
SRR5047045	4	oral	0.0035732402	0.027263796	2.7391352e-05	0.96913064	4.911365e-06
SRR5047046	4	oral	0.0023108388	0.036679033	0.00016647545	0.96074235	0.000101303805
SRR5047047	4	oral	0.0025052046	0.008430266	9.241973e-06	0.9890403	1.4991645e-05
SRR5047048	4	oral	0.022166165	0.098343454	1.976122e-05	0.8794656	5.0505555e-06
SRR5047049	4	oral	0.0041805124	0.0032655767	1.722128e-06	0.9925516	5.568271e-07
SRR5047050	4	oral	0.004304652	0.040070195	0.0006778678	0.95126224	0.0036850704
SRR5047051	4	oral	0.018810906	0.05422315	0.0020465625	0.91215706	0.012762293
SRR5047052	4	oral	0.023652062	0.11686506	0.0030293467	0.8315177	0.024935864
SRR5047053	4	oral	0.0033815957	0.057082076	4.2755448e-05	0.93946314	3.0461411e-05
SRR5047054	4	oral	0.04606785	0.151796	0.003367446	0.7036908	0.09507788
SRR5047055	4	oral	0.106512934	0.31319508	0.007200152	0.5178947	0.05519716
SRR5047056	4	oral	0.012039915	0.07064684	0.0018737096	0.90525675	0.010182779
SRR5047057	4	oral	0.010923572	0.029121196	6.3689964e-05	0.9598756	1.5980446e-05
SRR5047058	4	oral	0.009589427	0.008163482	4.8313473e-06	0.98224044	1.8476826e-06
SRR5047059	4	oral	0.010071591	0.00555579	4.476913e-06	0.9843603	7.869822e-06
SRR5047060	4	oral	0.0071991645	0.06019427	0.0001274395	0.932131	0.0003481102
SRR5047061	4	oral	0.0098839225	0.0063933744	4.606129e-06	0.98371714	9.566738e-07
SRR5047062	4	oral	0.0017891139	0.034513652	0.000113678114	0.9634998	8.3752544e-05
SRR5047063	4	oral	3.047993e-10	0.99999994	5.012778e-16	3.3180033e-08	1.222857e-16
SRR5047064	4	oral	0.16363503	0.16382723	0.0050415406	0.600209	0.06728719
SRR5047065	4	oral	0.0025432087	0.0085927015	5.9827325e-06	0.98885715	9.441905e-07
SRR5047066	4	oral	0.012556125	0.047661893	0.0014582879	0.93056786	0.0077558104
SRR5047067	4	oral	0.01314322	0.027813528	5.8925157e-06	0.9590359	1.495357e-06
SRR5047068	4	oral	0.007471115	0.01538953	5.0085446e-06	0.9771331	1.2621331e-06
SRR5047069	4	oral	0.0021787607	0.11479494	4.1435178e-05	0.8826573	0.00032756676
SRR5047070	4	oral	0.019306922	0.023422109	7.497558e-06	0.957262	1.4666376e-06
SRR5047071	4	oral	0.005077648	0.00976359	5.514461e-06	0.9851522	1.0352427e-06
SRR5047072	4	oral	0.003743587	0.049025953	3.639089e-05	0.9471821	1.1929696e-05
SRR5047073	4	oral	0.001985345	0.0015964425	1.1705986e-06	0.9964163	7.51875e-07
SRR5047074	4	oral	0.011604028	0.046662204	0.0012695453	0.9361422	0.0043219887
SRR5047075	4	oral	0.010646666	0.048402883	0.00014385347	0.9405098	0.0002967975
SRR5047076	4	oral	0.030661356	0.2389038	0.0028856148	0.7147755	0.012773695
SRR5047077	4	oral	0.013391372	0.05492274	0.00013373599	0.9314945	5.7668447e-05
SRR5047078	4	oral	0.049496	0.24676593	0.0042748745	0.65691316	0.042550057
SRR5047079	4	oral	0.0026820488	0.0018450549	1.3353487e-06	0.995471	5.308946e-07
SRR5047080	4	oral	0.02713319	0.11744583	0.0019117302	0.8462955	0.0072137592
SRR5047081	4	oral	0.000995038	0.004495476	8.6575e-07	0.9945085	1.0305012e-07
SRR5047082	4	oral	0.029131284	0.20538849	0.0031571363	0.7226072	0.039715894
SRR5047083	4	oral	0.007842064	0.04684178	0.00019552607	0.94503033	9.027458e-05
SRR5047084	4	oral	0.071540624	0.24833097	0.0051667662	0.6426334	0.032328255
SRR5047085	4	oral	0.020652935	0.181317	0.00018715412	0.7977696	7.332128e-05
SRR5047086	4	oral	0.04413042	0.14288935	0.0038190633	0.78453976	0.024621436
SRR5047087	4	oral	0.0176195	0.109886475	0.0024809067	0.8332173	0.036795788
SRR5047088	4	oral	0.0023027584	0.0038372993	1.1230854e-06	0.99385846	3.8944748e-07
SRR5047089	4	oral	0.0008857968	0.0028563582	1.079069e-06	0.9962563	4.5156725e-07
SRR5047090	4	oral	0.005856043	0.025081407	3.9621164e-06	0.9690578	7.93503e-07
SRR5047091	4	oral	0.009407925	0.008027361	4.6466675e-06	0.98255885	1.2116573e-06
SRR5047092	4	oral	0.08370683	0.04492404	0.004733501	0.095584415	0.7710512
SRR5047093	4	oral	0.03477793	0.07963111	0.00011785942	0.8853848	8.8306486e-05
SRR5047094	4	oral	0.01035307	0.022593666	1.1355779e-05	0.9670394	2.5090783e-06
SRR5047095	4	oral	0.0073912353	0.06996146	0.000967456	0.9175357	0.004144123
SRR5047096	4	oral	0.008190334	0.06327783	0.0004142796	0.92712796	0.0009896178
SRR5047097	4	oral	0.020790642	0.101173356	8.822665e-05	0.87788785	5.9956088e-05
SRR5047098	4	oral	0.0016129151	0.0071569383	2.242661e-06	0.99122673	1.1562967e-06
SRR5047099	4	oral	0.015782315	0.112539366	0.0018944929	0.85285217	0.016931672
SRR5047100	4	oral	0.0054716454	0.08021792	0.00050084863	0.9130192	0.0007903918
SRR5047101	4	oral	0.044205945	0.09653274	0.0037399067	0.7993728	0.056148615
SRR5047102	4	oral	0.037704542	0.15776846	0.0032258173	0.7807507	0.02055048
SRR5047103	4	oral	0.09491985	0.27396664	0.006413666	0.57774127	0.046958577
SRR5047104	4	oral	0.0070433435	0.45016235	0.00025756806	0.54159707	0.0009396676
SRR5047105	4	oral	0.0031238077	0.040022295	0.00032229992	0.95560825	0.000923335
SRR5047106	4	oral	0.0040083015	0.006881881	5.452183e-06	0.9891036	7.479839e-07
SRR5047107	4	oral	0.0054997876	0.10602397	0.00045279093	0.88507	0.0029534043
SRR5047108	4	oral	0.0050065243	0.09947041	4.409085e-06	0.8955176	1.0799711e-06
SRR5047109	4	oral	0.0035289922	0.0057677478	2.8190495e-06	0.99069697	3.470934e-06
SRR5047110	4	oral	0.0058391774	0.074086085	0.0007211334	0.9165594	0.002794191
SRR5047111	4	oral	0.004695797	0.99346757	1.2734899e-05	0.0011889332	0.00063495606
SRR5047112	4	oral	0.10230121	0.31082478	0.006953738	0.52736807	0.05255222
SRR5047113	4	oral	0.0072889654	0.085250676	3.16485e-06	0.9074567	5.089694e-07
SRR5047114	4	oral	0.007420784	0.07483512	0.0009066864	0.91413236	0.0027050273
SRR5047115	4	oral	0.059237767	0.049284443	1.8705643e-05	0.89145267	6.422942e-06
SRR5047116	4	oral	0.0030421757	0.0026337218	1.8798295e-06	0.9943219	3.4123886e-07
SRR5047117	4	oral	0.009978368	0.06459937	0.0012328919	0.9174751	0.006714279
SRR5047118	4	oral	0.017112643	0.007939651	4.6962064e-06	0.9749421	9.2750486e-07
SRR5047119	4	oral	0.030858727	0.10125908	4.962065e-05	0.86780864	2.3947023e-05
SRR5047120	4	oral	0.010689385	0.09827904	0.0016115309	0.8810063	0.008413736
SRR5047121	4	oral	0.0023163245	0.0032970172	1.1622052e-06	0.99438506	4.5828668e-07
SRR5047122	4	oral	0.011354553	0.018630028	4.394135e-06	0.97001004	9.58014e-07
SRR5047123	4	oral	0.005945873	0.013518984	4.941614e-06	0.98051554	1.4672425e-05
SRR5047124	4	oral	0.17019522	0.075390406	2.4025056e-05	0.75429857	9.1809874e-05
SRR5047125	4	oral	1.7310365e-11	0.9999972	2.3614453e-18	2.8142724e-06	9.228251e-18
SRR5047126	4	oral	0.020978786	0.077359974	0.0023431517	0.8819833	0.017334783
SRR5047127	4	oral	0.00058462983	0.659254	3.433764e-08	0.3401613	2.3344835e-08
SRR5047128	4	oral	0.044325113	0.0056642657	1.1708861e-05	0.94995916	3.9743292e-05
SRR5047129	4	oral	0.20054807	0.12048008	0.00023735783	0.677475	0.0012595052
SRR5047130	4	oral	0.044031776	0.26133212	0.003777637	0.66991436	0.020944087
SRR5047131	4	oral	0.01275173	0.17401129	0.0017201348	0.79429644	0.01722038
SRR5047132	4	oral	0.028738368	0.08796445	0.00012094988	0.8831258	5.0479386e-05
SRR5047133	4	oral	0.013916205	0.083202384	0.0010384097	0.8995631	0.0022799284
SRR5047134	4	oral	0.010474453	0.041993074	0.0012677559	0.94000816	0.0062565324
SRR5047135	4	oral	0.005709943	0.06512393	0.00023763718	0.92858446	0.00034404625
SRR5047136	4	oral	0.07785998	0.09558845	0.0056872168	0.1650482	0.65581614
SRR5047137	4	oral	0.003682406	0.010761754	3.8654838e-05	0.98550403	1.316024e-05
SRR5047138	4	oral	0.0131246885	0.007857322	3.5748449e-06	0.9790138	6.3976347e-07
SRR5047139	4	oral	0.06327248	0.1727907	0.0051046982	0.72593385	0.032898232
SRR5047140	4	oral	0.0049990364	0.04637851	0.00016799335	0.948313	0.00014144786
SRR5047141	4	oral	0.011364815	0.0378202	3.11459e-05	0.9507764	7.4190443e-06
SRR5047142	4	oral	0.006746366	0.26368016	0.0002936831	0.72896105	0.0003187404
SRR5047143	4	oral	0.029018555	0.14037985	0.0024228801	0.8211058	0.007072952
SRR5047144	4	oral	1.4485468e-05	0.98143774	7.914774e-12	0.018547798	3.3581944e-12
SRR5047145	4	oral	0.044711478	0.13230997	0.0036074254	0.79611504	0.023256082
SRR5047146	4	oral	0.018757325	0.014276346	5.9110967e-06	0.9669594	1.0200567e-06
SRR5047147	4	oral	0.005846126	0.040072184	0.0006580452	0.951988	0.0014356851
SRR5047148	4	oral	0.015951207	0.074182875	0.0018522157	0.8960756	0.011938076
SRR5047149	4	oral	0.01147632	0.058320984	0.0008255893	0.92778814	0.0015889563
SRR5047150	4	oral	0.031242093	0.20223148	0.0029836642	0.7476164	0.015926357
SRR5047151	4	oral	0.0052771526	0.006678795	2.5316888e-06	0.9880412	3.2664383e-07
SRR5047152	4	oral	0.0055467593	0.0011957426	1.4391529e-06	0.9932557	3.8722249e-07
SRR5047153	4	oral	0.0053589162	0.013374212	3.2760313e-06	0.9812625	1.1113441e-06
SRR5047154	4	oral	8.8208864e-05	0.9822894	7.87138e-10	0.017622417	1.897424e-09
SRR5047155	4	oral	0.007943903	0.011496438	4.9994082e-06	0.9805526	2.0274456e-06
SRR5047156	4	oral	0.010884048	0.051522467	0.0006078968	0.93577665	0.0012089579
SRR5047157	4	oral	0.026977051	0.09814749	0.0029423004	0.8517132	0.020219963
SRR5047158	4	oral	0.024805177	0.096446	0.0030368976	0.858087	0.017624933
SRR5047159	4	oral	0.00020775294	0.9992303	6.0911975e-07	0.0005575911	3.7335064e-06
SRR5047160	4	oral	0.06089373	0.083915964	0.0061392915	0.45354632	0.39550468
SRR5047161	4	oral	0.004318063	0.010224919	4.2054766e-05	0.98539925	1.5721489e-05
SRR5047162	4	oral	0.0026578365	0.018850189	5.579527e-06	0.9784849	1.4869474e-06
SRR5047163	4	oral	0.00697677	0.055540506	0.00011352588	0.9373243	4.4890454e-05
SRR5047164	4	oral	0.04374051	0.1657009	0.000597053	0.7891358	0.0008257282
SRR5047165	4	oral	0.010591643	0.050814923	0.00044403996	0.9376171	0.00053227233
SRR5047166	4	oral	0.023645576	0.07882455	0.00028975704	0.8969407	0.00029941375
SRR5047167	4	oral	0.009167318	0.7835777	0.00035088442	0.20639578	0.000508363
SRR5047168	4	oral	0.0049298764	0.19628038	5.628958e-07	0.7987887	4.3811968e-07
SRR5047169	4	oral	0.0071581146	0.11510917	0.00056552695	0.87632364	0.0008435594
SRR5047170	4	oral	0.0050262166	0.032958753	3.675714e-06	0.9620108	5.7619314e-07
SRR5047171	4	oral	0.004336906	0.02041252	0.00081250066	0.9609771	0.0134609835
SRR5047172	4	oral	0.014131913	0.103920475	1.2435022e-05	0.88193303	2.176049e-06
SRR5047173	4	oral	0.007926031	0.0754768	0.0006827101	0.91456544	0.0013490217
SRR5047174	4	oral	0.023092767	0.4806009	0.001481447	0.48471624	0.010108636
SRR5047175	4	oral	0.09275353	0.31315932	0.0070008608	0.5371706	0.049915724
SRR5047176	4	oral	0.029953912	0.1285347	0.0018997573	0.83448845	0.0051231957
SRR5047177	4	oral	0.004831248	0.009231053	2.8637498e-06	0.98593426	5.800165e-07
SRR5047178	4	oral	0.005741634	0.013934034	1.3758024e-05	0.9803067	3.8923886e-06
SRR5047179	4	oral	0.0018921307	0.006938702	1.5241452e-06	0.99116737	3.0653416e-07
SRR5047180	4	oral	0.00040336436	0.13463737	1.684227e-08	0.86495924	4.7434527e-09
SRR5047181	4	oral	0.040487874	0.034718655	0.007942446	0.91683525	1.5776735e-05
SRR5047182	4	oral	0.005188196	0.0152710285	2.062034e-06	0.9795384	3.5064969e-07
SRR5047183	4	oral	0.03660952	0.054434612	1.2477593e-05	0.90892625	1.7162085e-05
SRR5047184	4	oral	0.0003502501	0.00026614656	2.9784783e-07	0.99938315	1.8043141e-07
SRR5047185	4	oral	0.014511632	0.02115528	1.030399e-05	0.9643215	1.2887873e-06
SRR5047186	4	oral	0.008646956	0.047005657	1.1664305e-05	0.94433224	3.5081466e-06
SRR5047187	4	oral	0.0067415843	0.020655118	7.573733e-05	0.97249347	3.4065146e-05
SRR5047188	4	oral	1.07487494e-07	0.9997546	7.991932e-13	0.0002452605	3.1028955e-13
SRR5047189	4	oral	0.0045879507	0.10272047	3.555149e-05	0.892648	8.030023e-06
SRR5047190	4	oral	0.0034786544	0.0060481983	2.265954e-06	0.9904689	1.9907159e-06
SRR5047191	4	oral	0.010208293	0.020968715	1.4818953e-05	0.96880436	3.7987274e-06
SRR5047192	4	oral	0.10298623	0.29835162	0.0070688818	0.5388221	0.052771155
SRR5047193	4	oral	0.018994644	0.1646239	2.4382007e-05	0.81635386	3.193981e-06
SRR5047194	4	oral	8.893796e-08	0.9962905	2.3177383e-13	0.003709414	1.7289573e-12
SRR5047195	4	oral	0.04515242	0.024870107	2.2585915e-05	0.9299429	1.1981864e-05
SRR5047196	4	oral	0.028626304	0.07283894	0.0020966893	0.88367563	0.012762411
SRR5047197	4	oral	0.007072837	0.0039504697	2.339428e-06	0.9889739	4.4483744e-07
SRR5047198	4	oral	0.007554901	0.099603064	0.00010968581	0.89270145	3.090652e-05
SRR5047199	4	oral	0.025888905	0.061813127	0.0022311	0.895787	0.014279873
SRR5047200	4	oral	0.0019831047	0.24114469	6.3051294e-07	0.7568714	1.6047396e-07
SRR5047201	4	oral	0.011682068	0.057189435	0.000489003	0.9299277	0.000711793
SRR5047202	4	oral	0.013826837	0.10649539	0.0016081547	0.86539143	0.012678189
SRR5047203	4	oral	0.03981453	0.13530298	0.0036934617	0.7967	0.024489013
SRR5047204	4	oral	0.024197113	0.08556585	0.0025380102	0.8691102	0.018588813
SRR866660	4	skeletal tissue	0.023815216	0.0486875	0.003354056	0.9238541	0.0002891259
SRR866662	4	skeletal tissue	0.004452491	0.11309144	0.00050082855	0.8784541	0.0035011342
SRR866663	4	skeletal tissue	0.15920483	0.26511893	0.0034951214	0.4669927	0.10518842
SRR866665	4	skeletal tissue	0.02159993	0.10502323	3.1238887e-05	0.8733431	2.525467e-06
SRR866666	4	skeletal tissue	0.00843345	0.06722848	0.0012525305	0.9015157	0.021569837
SRR867031	4	skeletal tissue	0.080453284	0.22158732	0.005844642	0.64795595	0.044158783
SRR867032	4	skeletal tissue	0.074022636	0.20949033	0.005462535	0.66964996	0.041374523
SRR867033	4	skeletal tissue	0.09221392	0.25964966	0.006376994	0.59262764	0.049131785
SRR867034	4	skeletal tissue	0.08769983	0.24927153	0.0062293625	0.6104677	0.046331618
SRR867036	4	skeletal tissue	0.06906008	0.18138713	0.0053013284	0.7110883	0.033163182
SRR867037	4	skeletal tissue	0.050394826	0.14804456	0.004281483	0.769967	0.027312096
SRR867038	4	skeletal tissue	0.09013631	0.25380465	0.006221065	0.60598624	0.043851756
SRR867039	4	skeletal tissue	0.062471755	0.19035351	0.005103634	0.7086655	0.033405613
