2026-09-09 17:19:53 - root - INFO - Logging to file: results/search_v9_multitask/cv_results/fold_1/fold_1_training.log
2026-09-09 17:19:53 - __main__ - INFO - ================================================================================
2026-09-09 17:19:53 - __main__ - INFO - DIANA Multi-Task Hyperparameter Optimization
2026-09-09 17:19:53 - __main__ - INFO - ================================================================================
2026-09-09 17:19:53 - __main__ - INFO - Run config:   configs/train_config_v9_search_multitask.json
2026-09-09 17:19:53 - __main__ - INFO - Features:     data/matrices/matrix_v9_train/unitigs.frac.mat
2026-09-09 17:19:53 - __main__ - INFO - Metadata:     data/splits_v9/train_metadata.tsv
2026-09-09 17:19:53 - __main__ - INFO - Output dir:   results/search_v9_multitask
2026-09-09 17:19:53 - __main__ - INFO - Tasks:        ['community_type', 'feature', 'sample_host', 'material']
2026-09-09 17:19:53 - __main__ - INFO - Task types:   {'community_type': 'classification', 'feature': 'classification', 'sample_host': 'classification', 'material': 'classification'}
2026-09-09 17:19:53 - __main__ - INFO - Fold:         1 / 5
2026-09-09 17:19:53 - __main__ - INFO - Trials:       100  Max epochs: 200  Patience: 20
2026-09-09 17:19:53 - __main__ - INFO - GPU:          True  Seed: 42
2026-09-09 17:19:53 - __main__ - INFO - Loading data from data/matrices/matrix_v9_train/unitigs.frac.mat
2026-09-09 17:19:53 - diana.data.loader - INFO - Loading matrix from data/matrices/matrix_v9_train/unitigs.frac.mat
2026-09-09 17:21:26 - diana.data.loader - INFO - Loaded 110202 features × 2716 samples (before transpose)
2026-09-09 17:21:26 - diana.data.loader - INFO - Transposed to 2716 samples × 110202 features
2026-09-09 17:21:26 - diana.data.loader - INFO - Reading sample IDs from data/matrices/matrix_v9_train/kmer_matrix/kmtricks.fof
2026-09-09 17:21:26 - diana.data.loader - INFO - Sample IDs: ['ERR10114844', 'ERR10114845', 'ERR10114846']...
2026-09-09 17:21:26 - diana.data.loader - INFO - Loading metadata from data/splits_v9/train_metadata.tsv
2026-09-09 17:21:26 - diana.data.loader - INFO - Metadata: 2716 rows × 15 columns
2026-09-09 17:21:26 - diana.data.loader - INFO - Metadata aligned to matrix sample order
2026-09-09 17:21:26 - __main__ - INFO - Loaded 2716 samples with 110202 features
2026-09-09 17:21:26 - __main__ - INFO - Loaded 2716 samples × 110202 features
2026-09-09 17:21:26 - __main__ - INFO - === FOLD 1/4 ===
2026-09-09 17:21:26 - __main__ - INFO - Output directory: results/search_v9_multitask/cv_results/fold_1
2026-09-09 17:21:26 - __main__ - INFO - Using device: cuda
2026-09-09 17:21:26 - __main__ - INFO - Class imbalance: logit adjustment, tau SEARCHED in [0.05, 0.8]
2026-09-09 17:21:26 - __main__ - INFO - community_type: 5 classes, 2073 labelled, 643 masked - ['gut', 'oral', 'plant tissue', 'skeletal tissue', 'soft tissue']...
2026-09-09 17:21:26 - __main__ - INFO - feature: 10 classes, 608 labelled, 2108 masked - ['archeological site', 'cave', 'lake', 'midden', 'ocean']...
2026-09-09 17:21:26 - __main__ - INFO - sample_host: 24 classes, 2085 labelled, 631 masked - ['Alouatta palliata', 'Ambrosia artemisiifolia', 'Arabidopsis thaliana', 'Bison priscus', 'Canis lupus']...
2026-09-09 17:21:26 - __main__ - INFO - material: 16 classes, 2639 labelled, 77 masked - ['bone', 'dental calculus', 'digestive tract contents', 'intestine', 'lake sediment']...
2026-09-09 17:21:26 - __main__ - INFO - Grouping CV folds on 'archive_project': 68 groups over 2716 runs
2026-09-09 17:21:26 - __main__ - INFO - Outer fold 1 taken from data/splits_v9/dev_folds.tsv (5 dev folds)
2026-09-09 17:21:26 - __main__ - INFO - Train: 2417, Test: 299 (outer fold verified archive_project-disjoint)
2026-09-09 17:21:26 - __main__ - INFO - 3 inner folds verified archive_project-disjoint
2026-09-09 17:21:26 - __main__ - INFO - Starting Optuna optimization with 100 trials...
2026-09-09 17:21:26 - __main__ - INFO - Each trial will be evaluated on 3 inner CV folds
2026-09-09 17:21:27 - __main__ - INFO - community_type priors: [47, 979, 43, 70, 11]
2026-09-09 17:21:27 - __main__ - INFO - feature priors: [0, 34, 127, 0, 89, 0, 52, 0, 0, 10]
2026-09-09 17:21:27 - __main__ - INFO - sample_host priors: [0, 11, 32, 16, 0, 4, 4, 20, 0, 0, 0, 687, 0, 11, 0, 0, 0, 0, 4, 5, 1, 24, 4, 339]
2026-09-09 17:21:27 - __main__ - INFO - material priors: [64, 842, 16, 11, 127, 43, 53, 0, 0, 20, 62, 36, 0, 0, 143, 11]
2026-09-09 17:23:02 - __main__ - INFO - community_type priors: [67, 983, 11, 150, 0]
2026-09-09 17:23:02 - __main__ - INFO - feature priors: [6, 0, 189, 40, 7, 0, 0, 24, 29, 0]
2026-09-09 17:23:02 - __main__ - INFO - sample_host priors: [6, 11, 0, 16, 11, 0, 0, 20, 17, 12, 11, 1006, 16, 0, 0, 8, 11, 9, 4, 5, 1, 24, 0, 23]
2026-09-09 17:23:02 - __main__ - INFO - material priors: [63, 750, 16, 0, 189, 11, 5, 11, 0, 51, 0, 66, 24, 0, 320, 0]
2026-09-09 17:24:35 - __main__ - INFO - community_type priors: [42, 1112, 32, 208, 11]
2026-09-09 17:24:35 - __main__ - INFO - feature priors: [6, 34, 114, 40, 82, 0, 52, 24, 29, 10]
2026-09-09 17:24:35 - __main__ - INFO - sample_host priors: [6, 0, 32, 0, 11, 4, 4, 0, 17, 12, 11, 945, 16, 11, 0, 8, 11, 9, 0, 0, 0, 0, 4, 316]
2026-09-09 17:24:35 - __main__ - INFO - material priors: [127, 878, 0, 11, 114, 32, 48, 11, 0, 31, 62, 98, 24, 0, 315, 11]
2026-09-09 17:26:13 - __main__ - INFO - community_type priors: [47, 979, 43, 70, 11]
2026-09-09 17:26:13 - __main__ - INFO - feature priors: [0, 34, 127, 0, 89, 0, 52, 0, 0, 10]
2026-09-09 17:26:13 - __main__ - INFO - sample_host priors: [0, 11, 32, 16, 0, 4, 4, 20, 0, 0, 0, 687, 0, 11, 0, 0, 0, 0, 4, 5, 1, 24, 4, 339]
2026-09-09 17:26:13 - __main__ - INFO - material priors: [64, 842, 16, 11, 127, 43, 53, 0, 0, 20, 62, 36, 0, 0, 143, 11]
2026-09-09 17:27:09 - __main__ - INFO - community_type priors: [67, 983, 11, 150, 0]
2026-09-09 17:27:09 - __main__ - INFO - feature priors: [6, 0, 189, 40, 7, 0, 0, 24, 29, 0]
2026-09-09 17:27:09 - __main__ - INFO - sample_host priors: [6, 11, 0, 16, 11, 0, 0, 20, 17, 12, 11, 1006, 16, 0, 0, 8, 11, 9, 4, 5, 1, 24, 0, 23]
2026-09-09 17:27:09 - __main__ - INFO - material priors: [63, 750, 16, 0, 189, 11, 5, 11, 0, 51, 0, 66, 24, 0, 320, 0]
2026-09-09 17:27:50 - __main__ - INFO - community_type priors: [42, 1112, 32, 208, 11]
2026-09-09 17:27:50 - __main__ - INFO - feature priors: [6, 34, 114, 40, 82, 0, 52, 24, 29, 10]
2026-09-09 17:27:50 - __main__ - INFO - sample_host priors: [6, 0, 32, 0, 11, 4, 4, 0, 17, 12, 11, 945, 16, 11, 0, 8, 11, 9, 0, 0, 0, 0, 4, 316]
2026-09-09 17:27:50 - __main__ - INFO - material priors: [127, 878, 0, 11, 114, 32, 48, 11, 0, 31, 62, 98, 24, 0, 315, 11]
2026-09-09 17:28:57 - __main__ - INFO - community_type priors: [47, 979, 43, 70, 11]
2026-09-09 17:28:57 - __main__ - INFO - feature priors: [0, 34, 127, 0, 89, 0, 52, 0, 0, 10]
2026-09-09 17:28:57 - __main__ - INFO - sample_host priors: [0, 11, 32, 16, 0, 4, 4, 20, 0, 0, 0, 687, 0, 11, 0, 0, 0, 0, 4, 5, 1, 24, 4, 339]
2026-09-09 17:28:57 - __main__ - INFO - material priors: [64, 842, 16, 11, 127, 43, 53, 0, 0, 20, 62, 36, 0, 0, 143, 11]
2026-09-09 17:29:36 - __main__ - INFO - community_type priors: [67, 983, 11, 150, 0]
2026-09-09 17:29:36 - __main__ - INFO - feature priors: [6, 0, 189, 40, 7, 0, 0, 24, 29, 0]
2026-09-09 17:29:36 - __main__ - INFO - sample_host priors: [6, 11, 0, 16, 11, 0, 0, 20, 17, 12, 11, 1006, 16, 0, 0, 8, 11, 9, 4, 5, 1, 24, 0, 23]
2026-09-09 17:29:36 - __main__ - INFO - material priors: [63, 750, 16, 0, 189, 11, 5, 11, 0, 51, 0, 66, 24, 0, 320, 0]
2026-09-09 17:30:20 - __main__ - INFO - community_type priors: [42, 1112, 32, 208, 11]
2026-09-09 17:30:20 - __main__ - INFO - feature priors: [6, 34, 114, 40, 82, 0, 52, 24, 29, 10]
2026-09-09 17:30:20 - __main__ - INFO - sample_host priors: [6, 0, 32, 0, 11, 4, 4, 0, 17, 12, 11, 945, 16, 11, 0, 8, 11, 9, 0, 0, 0, 0, 4, 316]
2026-09-09 17:30:20 - __main__ - INFO - material priors: [127, 878, 0, 11, 114, 32, 48, 11, 0, 31, 62, 98, 24, 0, 315, 11]
2026-09-09 17:31:21 - __main__ - INFO - community_type priors: [47, 979, 43, 70, 11]
2026-09-09 17:31:21 - __main__ - INFO - feature priors: [0, 34, 127, 0, 89, 0, 52, 0, 0, 10]
2026-09-09 17:31:21 - __main__ - INFO - sample_host priors: [0, 11, 32, 16, 0, 4, 4, 20, 0, 0, 0, 687, 0, 11, 0, 0, 0, 0, 4, 5, 1, 24, 4, 339]
2026-09-09 17:31:21 - __main__ - INFO - material priors: [64, 842, 16, 11, 127, 43, 53, 0, 0, 20, 62, 36, 0, 0, 143, 11]
2026-09-09 17:32:03 - __main__ - INFO - community_type priors: [67, 983, 11, 150, 0]
2026-09-09 17:32:03 - __main__ - INFO - feature priors: [6, 0, 189, 40, 7, 0, 0, 24, 29, 0]
2026-09-09 17:32:03 - __main__ - INFO - sample_host priors: [6, 11, 0, 16, 11, 0, 0, 20, 17, 12, 11, 1006, 16, 0, 0, 8, 11, 9, 4, 5, 1, 24, 0, 23]
2026-09-09 17:32:03 - __main__ - INFO - material priors: [63, 750, 16, 0, 189, 11, 5, 11, 0, 51, 0, 66, 24, 0, 320, 0]
2026-09-09 17:32:29 - __main__ - INFO - community_type priors: [42, 1112, 32, 208, 11]
2026-09-09 17:32:29 - __main__ - INFO - feature priors: [6, 34, 114, 40, 82, 0, 52, 24, 29, 10]
2026-09-09 17:32:29 - __main__ - INFO - sample_host priors: [6, 0, 32, 0, 11, 4, 4, 0, 17, 12, 11, 945, 16, 11, 0, 8, 11, 9, 0, 0, 0, 0, 4, 316]
2026-09-09 17:32:29 - __main__ - INFO - material priors: [127, 878, 0, 11, 114, 32, 48, 11, 0, 31, 62, 98, 24, 0, 315, 11]
2026-09-09 17:33:22 - __main__ - INFO - community_type priors: [47, 979, 43, 70, 11]
2026-09-09 17:33:22 - __main__ - INFO - feature priors: [0, 34, 127, 0, 89, 0, 52, 0, 0, 10]
2026-09-09 17:33:22 - __main__ - INFO - sample_host priors: [0, 11, 32, 16, 0, 4, 4, 20, 0, 0, 0, 687, 0, 11, 0, 0, 0, 0, 4, 5, 1, 24, 4, 339]
2026-09-09 17:33:22 - __main__ - INFO - material priors: [64, 842, 16, 11, 127, 43, 53, 0, 0, 20, 62, 36, 0, 0, 143, 11]
2026-09-09 17:34:14 - __main__ - INFO - community_type priors: [67, 983, 11, 150, 0]
2026-09-09 17:34:14 - __main__ - INFO - feature priors: [6, 0, 189, 40, 7, 0, 0, 24, 29, 0]
2026-09-09 17:34:14 - __main__ - INFO - sample_host priors: [6, 11, 0, 16, 11, 0, 0, 20, 17, 12, 11, 1006, 16, 0, 0, 8, 11, 9, 4, 5, 1, 24, 0, 23]
2026-09-09 17:34:14 - __main__ - INFO - material priors: [63, 750, 16, 0, 189, 11, 5, 11, 0, 51, 0, 66, 24, 0, 320, 0]
2026-09-09 17:35:09 - __main__ - INFO - community_type priors: [42, 1112, 32, 208, 11]
2026-09-09 17:35:09 - __main__ - INFO - feature priors: [6, 34, 114, 40, 82, 0, 52, 24, 29, 10]
2026-09-09 17:35:09 - __main__ - INFO - sample_host priors: [6, 0, 32, 0, 11, 4, 4, 0, 17, 12, 11, 945, 16, 11, 0, 8, 11, 9, 0, 0, 0, 0, 4, 316]
2026-09-09 17:35:09 - __main__ - INFO - material priors: [127, 878, 0, 11, 114, 32, 48, 11, 0, 31, 62, 98, 24, 0, 315, 11]
2026-09-09 17:35:54 - __main__ - INFO - community_type priors: [47, 979, 43, 70, 11]
2026-09-09 17:35:54 - __main__ - INFO - feature priors: [0, 34, 127, 0, 89, 0, 52, 0, 0, 10]
2026-09-09 17:35:54 - __main__ - INFO - sample_host priors: [0, 11, 32, 16, 0, 4, 4, 20, 0, 0, 0, 687, 0, 11, 0, 0, 0, 0, 4, 5, 1, 24, 4, 339]
2026-09-09 17:35:54 - __main__ - INFO - material priors: [64, 842, 16, 11, 127, 43, 53, 0, 0, 20, 62, 36, 0, 0, 143, 11]
2026-09-09 17:37:15 - __main__ - INFO - community_type priors: [67, 983, 11, 150, 0]
2026-09-09 17:37:15 - __main__ - INFO - feature priors: [6, 0, 189, 40, 7, 0, 0, 24, 29, 0]
2026-09-09 17:37:15 - __main__ - INFO - sample_host priors: [6, 11, 0, 16, 11, 0, 0, 20, 17, 12, 11, 1006, 16, 0, 0, 8, 11, 9, 4, 5, 1, 24, 0, 23]
2026-09-09 17:37:15 - __main__ - INFO - material priors: [63, 750, 16, 0, 189, 11, 5, 11, 0, 51, 0, 66, 24, 0, 320, 0]
2026-09-09 17:38:34 - __main__ - INFO - community_type priors: [42, 1112, 32, 208, 11]
2026-09-09 17:38:34 - __main__ - INFO - feature priors: [6, 34, 114, 40, 82, 0, 52, 24, 29, 10]
2026-09-09 17:38:34 - __main__ - INFO - sample_host priors: [6, 0, 32, 0, 11, 4, 4, 0, 17, 12, 11, 945, 16, 11, 0, 8, 11, 9, 0, 0, 0, 0, 4, 316]
2026-09-09 17:38:34 - __main__ - INFO - material priors: [127, 878, 0, 11, 114, 32, 48, 11, 0, 31, 62, 98, 24, 0, 315, 11]
2026-09-09 17:39:51 - __main__ - INFO - community_type priors: [47, 979, 43, 70, 11]
2026-09-09 17:39:51 - __main__ - INFO - feature priors: [0, 34, 127, 0, 89, 0, 52, 0, 0, 10]
2026-09-09 17:39:51 - __main__ - INFO - sample_host priors: [0, 11, 32, 16, 0, 4, 4, 20, 0, 0, 0, 687, 0, 11, 0, 0, 0, 0, 4, 5, 1, 24, 4, 339]
2026-09-09 17:39:51 - __main__ - INFO - material priors: [64, 842, 16, 11, 127, 43, 53, 0, 0, 20, 62, 36, 0, 0, 143, 11]
2026-09-09 17:40:44 - __main__ - INFO - community_type priors: [67, 983, 11, 150, 0]
2026-09-09 17:40:44 - __main__ - INFO - feature priors: [6, 0, 189, 40, 7, 0, 0, 24, 29, 0]
2026-09-09 17:40:44 - __main__ - INFO - sample_host priors: [6, 11, 0, 16, 11, 0, 0, 20, 17, 12, 11, 1006, 16, 0, 0, 8, 11, 9, 4, 5, 1, 24, 0, 23]
2026-09-09 17:40:44 - __main__ - INFO - material priors: [63, 750, 16, 0, 189, 11, 5, 11, 0, 51, 0, 66, 24, 0, 320, 0]
2026-09-09 17:41:28 - __main__ - INFO - community_type priors: [42, 1112, 32, 208, 11]
2026-09-09 17:41:28 - __main__ - INFO - feature priors: [6, 34, 114, 40, 82, 0, 52, 24, 29, 10]
2026-09-09 17:41:28 - __main__ - INFO - sample_host priors: [6, 0, 32, 0, 11, 4, 4, 0, 17, 12, 11, 945, 16, 11, 0, 8, 11, 9, 0, 0, 0, 0, 4, 316]
2026-09-09 17:41:28 - __main__ - INFO - material priors: [127, 878, 0, 11, 114, 32, 48, 11, 0, 31, 62, 98, 24, 0, 315, 11]
2026-09-09 17:42:17 - __main__ - INFO - community_type priors: [47, 979, 43, 70, 11]
2026-09-09 17:42:17 - __main__ - INFO - feature priors: [0, 34, 127, 0, 89, 0, 52, 0, 0, 10]
2026-09-09 17:42:17 - __main__ - INFO - sample_host priors: [0, 11, 32, 16, 0, 4, 4, 20, 0, 0, 0, 687, 0, 11, 0, 0, 0, 0, 4, 5, 1, 24, 4, 339]
2026-09-09 17:42:17 - __main__ - INFO - material priors: [64, 842, 16, 11, 127, 43, 53, 0, 0, 20, 62, 36, 0, 0, 143, 11]
2026-09-09 17:43:02 - __main__ - INFO - community_type priors: [67, 983, 11, 150, 0]
2026-09-09 17:43:02 - __main__ - INFO - feature priors: [6, 0, 189, 40, 7, 0, 0, 24, 29, 0]
2026-09-09 17:43:02 - __main__ - INFO - sample_host priors: [6, 11, 0, 16, 11, 0, 0, 20, 17, 12, 11, 1006, 16, 0, 0, 8, 11, 9, 4, 5, 1, 24, 0, 23]
2026-09-09 17:43:02 - __main__ - INFO - material priors: [63, 750, 16, 0, 189, 11, 5, 11, 0, 51, 0, 66, 24, 0, 320, 0]
2026-09-09 17:43:48 - __main__ - INFO - community_type priors: [42, 1112, 32, 208, 11]
2026-09-09 17:43:48 - __main__ - INFO - feature priors: [6, 34, 114, 40, 82, 0, 52, 24, 29, 10]
2026-09-09 17:43:48 - __main__ - INFO - sample_host priors: [6, 0, 32, 0, 11, 4, 4, 0, 17, 12, 11, 945, 16, 11, 0, 8, 11, 9, 0, 0, 0, 0, 4, 316]
2026-09-09 17:43:48 - __main__ - INFO - material priors: [127, 878, 0, 11, 114, 32, 48, 11, 0, 31, 62, 98, 24, 0, 315, 11]
2026-09-09 17:44:29 - __main__ - INFO - community_type priors: [47, 979, 43, 70, 11]
2026-09-09 17:44:29 - __main__ - INFO - feature priors: [0, 34, 127, 0, 89, 0, 52, 0, 0, 10]
2026-09-09 17:44:29 - __main__ - INFO - sample_host priors: [0, 11, 32, 16, 0, 4, 4, 20, 0, 0, 0, 687, 0, 11, 0, 0, 0, 0, 4, 5, 1, 24, 4, 339]
2026-09-09 17:44:29 - __main__ - INFO - material priors: [64, 842, 16, 11, 127, 43, 53, 0, 0, 20, 62, 36, 0, 0, 143, 11]
2026-09-09 17:45:09 - __main__ - INFO - community_type priors: [67, 983, 11, 150, 0]
2026-09-09 17:45:09 - __main__ - INFO - feature priors: [6, 0, 189, 40, 7, 0, 0, 24, 29, 0]
2026-09-09 17:45:09 - __main__ - INFO - sample_host priors: [6, 11, 0, 16, 11, 0, 0, 20, 17, 12, 11, 1006, 16, 0, 0, 8, 11, 9, 4, 5, 1, 24, 0, 23]
2026-09-09 17:45:09 - __main__ - INFO - material priors: [63, 750, 16, 0, 189, 11, 5, 11, 0, 51, 0, 66, 24, 0, 320, 0]
2026-09-09 17:45:50 - __main__ - INFO - community_type priors: [42, 1112, 32, 208, 11]
2026-09-09 17:45:50 - __main__ - INFO - feature priors: [6, 34, 114, 40, 82, 0, 52, 24, 29, 10]
2026-09-09 17:45:50 - __main__ - INFO - sample_host priors: [6, 0, 32, 0, 11, 4, 4, 0, 17, 12, 11, 945, 16, 11, 0, 8, 11, 9, 0, 0, 0, 0, 4, 316]
2026-09-09 17:45:50 - __main__ - INFO - material priors: [127, 878, 0, 11, 114, 32, 48, 11, 0, 31, 62, 98, 24, 0, 315, 11]
2026-09-09 17:46:35 - __main__ - INFO - community_type priors: [47, 979, 43, 70, 11]
2026-09-09 17:46:35 - __main__ - INFO - feature priors: [0, 34, 127, 0, 89, 0, 52, 0, 0, 10]
2026-09-09 17:46:35 - __main__ - INFO - sample_host priors: [0, 11, 32, 16, 0, 4, 4, 20, 0, 0, 0, 687, 0, 11, 0, 0, 0, 0, 4, 5, 1, 24, 4, 339]
2026-09-09 17:46:35 - __main__ - INFO - material priors: [64, 842, 16, 11, 127, 43, 53, 0, 0, 20, 62, 36, 0, 0, 143, 11]
2026-09-09 17:47:32 - __main__ - INFO - community_type priors: [67, 983, 11, 150, 0]
2026-09-09 17:47:32 - __main__ - INFO - feature priors: [6, 0, 189, 40, 7, 0, 0, 24, 29, 0]
2026-09-09 17:47:32 - __main__ - INFO - sample_host priors: [6, 11, 0, 16, 11, 0, 0, 20, 17, 12, 11, 1006, 16, 0, 0, 8, 11, 9, 4, 5, 1, 24, 0, 23]
2026-09-09 17:47:32 - __main__ - INFO - material priors: [63, 750, 16, 0, 189, 11, 5, 11, 0, 51, 0, 66, 24, 0, 320, 0]
2026-09-09 17:48:27 - __main__ - INFO - community_type priors: [42, 1112, 32, 208, 11]
2026-09-09 17:48:28 - __main__ - INFO - feature priors: [6, 34, 114, 40, 82, 0, 52, 24, 29, 10]
2026-09-09 17:48:28 - __main__ - INFO - sample_host priors: [6, 0, 32, 0, 11, 4, 4, 0, 17, 12, 11, 945, 16, 11, 0, 8, 11, 9, 0, 0, 0, 0, 4, 316]
2026-09-09 17:48:28 - __main__ - INFO - material priors: [127, 878, 0, 11, 114, 32, 48, 11, 0, 31, 62, 98, 24, 0, 315, 11]
2026-09-09 17:49:07 - __main__ - INFO - community_type priors: [47, 979, 43, 70, 11]
2026-09-09 17:49:07 - __main__ - INFO - feature priors: [0, 34, 127, 0, 89, 0, 52, 0, 0, 10]
2026-09-09 17:49:07 - __main__ - INFO - sample_host priors: [0, 11, 32, 16, 0, 4, 4, 20, 0, 0, 0, 687, 0, 11, 0, 0, 0, 0, 4, 5, 1, 24, 4, 339]
2026-09-09 17:49:07 - __main__ - INFO - material priors: [64, 842, 16, 11, 127, 43, 53, 0, 0, 20, 62, 36, 0, 0, 143, 11]
2026-09-09 17:50:19 - __main__ - INFO - community_type priors: [67, 983, 11, 150, 0]
2026-09-09 17:50:19 - __main__ - INFO - feature priors: [6, 0, 189, 40, 7, 0, 0, 24, 29, 0]
2026-09-09 17:50:19 - __main__ - INFO - sample_host priors: [6, 11, 0, 16, 11, 0, 0, 20, 17, 12, 11, 1006, 16, 0, 0, 8, 11, 9, 4, 5, 1, 24, 0, 23]
2026-09-09 17:50:19 - __main__ - INFO - material priors: [63, 750, 16, 0, 189, 11, 5, 11, 0, 51, 0, 66, 24, 0, 320, 0]
2026-09-09 17:51:32 - __main__ - INFO - community_type priors: [42, 1112, 32, 208, 11]
2026-09-09 17:51:32 - __main__ - INFO - feature priors: [6, 34, 114, 40, 82, 0, 52, 24, 29, 10]
2026-09-09 17:51:32 - __main__ - INFO - sample_host priors: [6, 0, 32, 0, 11, 4, 4, 0, 17, 12, 11, 945, 16, 11, 0, 8, 11, 9, 0, 0, 0, 0, 4, 316]
2026-09-09 17:51:32 - __main__ - INFO - material priors: [127, 878, 0, 11, 114, 32, 48, 11, 0, 31, 62, 98, 24, 0, 315, 11]
2026-09-09 17:52:36 - __main__ - INFO - community_type priors: [47, 979, 43, 70, 11]
2026-09-09 17:52:36 - __main__ - INFO - feature priors: [0, 34, 127, 0, 89, 0, 52, 0, 0, 10]
2026-09-09 17:52:36 - __main__ - INFO - sample_host priors: [0, 11, 32, 16, 0, 4, 4, 20, 0, 0, 0, 687, 0, 11, 0, 0, 0, 0, 4, 5, 1, 24, 4, 339]
2026-09-09 17:52:36 - __main__ - INFO - material priors: [64, 842, 16, 11, 127, 43, 53, 0, 0, 20, 62, 36, 0, 0, 143, 11]
2026-09-09 17:53:17 - __main__ - INFO - community_type priors: [67, 983, 11, 150, 0]
2026-09-09 17:53:17 - __main__ - INFO - feature priors: [6, 0, 189, 40, 7, 0, 0, 24, 29, 0]
2026-09-09 17:53:17 - __main__ - INFO - sample_host priors: [6, 11, 0, 16, 11, 0, 0, 20, 17, 12, 11, 1006, 16, 0, 0, 8, 11, 9, 4, 5, 1, 24, 0, 23]
2026-09-09 17:53:17 - __main__ - INFO - material priors: [63, 750, 16, 0, 189, 11, 5, 11, 0, 51, 0, 66, 24, 0, 320, 0]
2026-09-09 17:53:49 - __main__ - INFO - community_type priors: [42, 1112, 32, 208, 11]
2026-09-09 17:53:49 - __main__ - INFO - feature priors: [6, 34, 114, 40, 82, 0, 52, 24, 29, 10]
2026-09-09 17:53:49 - __main__ - INFO - sample_host priors: [6, 0, 32, 0, 11, 4, 4, 0, 17, 12, 11, 945, 16, 11, 0, 8, 11, 9, 0, 0, 0, 0, 4, 316]
2026-09-09 17:53:49 - __main__ - INFO - material priors: [127, 878, 0, 11, 114, 32, 48, 11, 0, 31, 62, 98, 24, 0, 315, 11]
2026-09-09 17:54:46 - __main__ - INFO - community_type priors: [47, 979, 43, 70, 11]
2026-09-09 17:54:46 - __main__ - INFO - feature priors: [0, 34, 127, 0, 89, 0, 52, 0, 0, 10]
2026-09-09 17:54:46 - __main__ - INFO - sample_host priors: [0, 11, 32, 16, 0, 4, 4, 20, 0, 0, 0, 687, 0, 11, 0, 0, 0, 0, 4, 5, 1, 24, 4, 339]
2026-09-09 17:54:46 - __main__ - INFO - material priors: [64, 842, 16, 11, 127, 43, 53, 0, 0, 20, 62, 36, 0, 0, 143, 11]
2026-09-09 17:55:54 - __main__ - INFO - community_type priors: [67, 983, 11, 150, 0]
2026-09-09 17:55:54 - __main__ - INFO - feature priors: [6, 0, 189, 40, 7, 0, 0, 24, 29, 0]
2026-09-09 17:55:54 - __main__ - INFO - sample_host priors: [6, 11, 0, 16, 11, 0, 0, 20, 17, 12, 11, 1006, 16, 0, 0, 8, 11, 9, 4, 5, 1, 24, 0, 23]
2026-09-09 17:55:54 - __main__ - INFO - material priors: [63, 750, 16, 0, 189, 11, 5, 11, 0, 51, 0, 66, 24, 0, 320, 0]
2026-09-09 17:57:00 - __main__ - INFO - community_type priors: [42, 1112, 32, 208, 11]
2026-09-09 17:57:00 - __main__ - INFO - feature priors: [6, 34, 114, 40, 82, 0, 52, 24, 29, 10]
2026-09-09 17:57:00 - __main__ - INFO - sample_host priors: [6, 0, 32, 0, 11, 4, 4, 0, 17, 12, 11, 945, 16, 11, 0, 8, 11, 9, 0, 0, 0, 0, 4, 316]
2026-09-09 17:57:00 - __main__ - INFO - material priors: [127, 878, 0, 11, 114, 32, 48, 11, 0, 31, 62, 98, 24, 0, 315, 11]
2026-09-09 17:58:26 - __main__ - INFO - community_type priors: [47, 979, 43, 70, 11]
2026-09-09 17:58:26 - __main__ - INFO - feature priors: [0, 34, 127, 0, 89, 0, 52, 0, 0, 10]
2026-09-09 17:58:26 - __main__ - INFO - sample_host priors: [0, 11, 32, 16, 0, 4, 4, 20, 0, 0, 0, 687, 0, 11, 0, 0, 0, 0, 4, 5, 1, 24, 4, 339]
2026-09-09 17:58:26 - __main__ - INFO - material priors: [64, 842, 16, 11, 127, 43, 53, 0, 0, 20, 62, 36, 0, 0, 143, 11]
2026-09-09 17:59:44 - __main__ - INFO - community_type priors: [67, 983, 11, 150, 0]
2026-09-09 17:59:44 - __main__ - INFO - feature priors: [6, 0, 189, 40, 7, 0, 0, 24, 29, 0]
2026-09-09 17:59:44 - __main__ - INFO - sample_host priors: [6, 11, 0, 16, 11, 0, 0, 20, 17, 12, 11, 1006, 16, 0, 0, 8, 11, 9, 4, 5, 1, 24, 0, 23]
2026-09-09 17:59:44 - __main__ - INFO - material priors: [63, 750, 16, 0, 189, 11, 5, 11, 0, 51, 0, 66, 24, 0, 320, 0]
2026-09-09 18:00:38 - __main__ - INFO - community_type priors: [42, 1112, 32, 208, 11]
2026-09-09 18:00:38 - __main__ - INFO - feature priors: [6, 34, 114, 40, 82, 0, 52, 24, 29, 10]
2026-09-09 18:00:38 - __main__ - INFO - sample_host priors: [6, 0, 32, 0, 11, 4, 4, 0, 17, 12, 11, 945, 16, 11, 0, 8, 11, 9, 0, 0, 0, 0, 4, 316]
2026-09-09 18:00:38 - __main__ - INFO - material priors: [127, 878, 0, 11, 114, 32, 48, 11, 0, 31, 62, 98, 24, 0, 315, 11]
2026-09-09 18:02:17 - __main__ - INFO - community_type priors: [47, 979, 43, 70, 11]
2026-09-09 18:02:17 - __main__ - INFO - feature priors: [0, 34, 127, 0, 89, 0, 52, 0, 0, 10]
2026-09-09 18:02:17 - __main__ - INFO - sample_host priors: [0, 11, 32, 16, 0, 4, 4, 20, 0, 0, 0, 687, 0, 11, 0, 0, 0, 0, 4, 5, 1, 24, 4, 339]
2026-09-09 18:02:17 - __main__ - INFO - material priors: [64, 842, 16, 11, 127, 43, 53, 0, 0, 20, 62, 36, 0, 0, 143, 11]
2026-09-09 18:03:43 - __main__ - INFO - community_type priors: [67, 983, 11, 150, 0]
2026-09-09 18:03:43 - __main__ - INFO - feature priors: [6, 0, 189, 40, 7, 0, 0, 24, 29, 0]
2026-09-09 18:03:43 - __main__ - INFO - sample_host priors: [6, 11, 0, 16, 11, 0, 0, 20, 17, 12, 11, 1006, 16, 0, 0, 8, 11, 9, 4, 5, 1, 24, 0, 23]
2026-09-09 18:03:43 - __main__ - INFO - material priors: [63, 750, 16, 0, 189, 11, 5, 11, 0, 51, 0, 66, 24, 0, 320, 0]
2026-09-09 18:04:45 - __main__ - INFO - community_type priors: [42, 1112, 32, 208, 11]
2026-09-09 18:04:45 - __main__ - INFO - feature priors: [6, 34, 114, 40, 82, 0, 52, 24, 29, 10]
2026-09-09 18:04:45 - __main__ - INFO - sample_host priors: [6, 0, 32, 0, 11, 4, 4, 0, 17, 12, 11, 945, 16, 11, 0, 8, 11, 9, 0, 0, 0, 0, 4, 316]
2026-09-09 18:04:45 - __main__ - INFO - material priors: [127, 878, 0, 11, 114, 32, 48, 11, 0, 31, 62, 98, 24, 0, 315, 11]
2026-09-09 18:06:29 - __main__ - INFO - community_type priors: [47, 979, 43, 70, 11]
2026-09-09 18:06:29 - __main__ - INFO - feature priors: [0, 34, 127, 0, 89, 0, 52, 0, 0, 10]
2026-09-09 18:06:29 - __main__ - INFO - sample_host priors: [0, 11, 32, 16, 0, 4, 4, 20, 0, 0, 0, 687, 0, 11, 0, 0, 0, 0, 4, 5, 1, 24, 4, 339]
2026-09-09 18:06:29 - __main__ - INFO - material priors: [64, 842, 16, 11, 127, 43, 53, 0, 0, 20, 62, 36, 0, 0, 143, 11]
2026-09-09 18:07:16 - __main__ - INFO - community_type priors: [67, 983, 11, 150, 0]
2026-09-09 18:07:16 - __main__ - INFO - feature priors: [6, 0, 189, 40, 7, 0, 0, 24, 29, 0]
2026-09-09 18:07:16 - __main__ - INFO - sample_host priors: [6, 11, 0, 16, 11, 0, 0, 20, 17, 12, 11, 1006, 16, 0, 0, 8, 11, 9, 4, 5, 1, 24, 0, 23]
2026-09-09 18:07:16 - __main__ - INFO - material priors: [63, 750, 16, 0, 189, 11, 5, 11, 0, 51, 0, 66, 24, 0, 320, 0]
2026-09-09 18:08:40 - __main__ - INFO - community_type priors: [42, 1112, 32, 208, 11]
2026-09-09 18:08:40 - __main__ - INFO - feature priors: [6, 34, 114, 40, 82, 0, 52, 24, 29, 10]
2026-09-09 18:08:40 - __main__ - INFO - sample_host priors: [6, 0, 32, 0, 11, 4, 4, 0, 17, 12, 11, 945, 16, 11, 0, 8, 11, 9, 0, 0, 0, 0, 4, 316]
2026-09-09 18:08:40 - __main__ - INFO - material priors: [127, 878, 0, 11, 114, 32, 48, 11, 0, 31, 62, 98, 24, 0, 315, 11]
2026-09-09 18:10:18 - __main__ - INFO - community_type priors: [47, 979, 43, 70, 11]
2026-09-09 18:10:18 - __main__ - INFO - feature priors: [0, 34, 127, 0, 89, 0, 52, 0, 0, 10]
2026-09-09 18:10:18 - __main__ - INFO - sample_host priors: [0, 11, 32, 16, 0, 4, 4, 20, 0, 0, 0, 687, 0, 11, 0, 0, 0, 0, 4, 5, 1, 24, 4, 339]
2026-09-09 18:10:18 - __main__ - INFO - material priors: [64, 842, 16, 11, 127, 43, 53, 0, 0, 20, 62, 36, 0, 0, 143, 11]
2026-09-09 18:11:18 - __main__ - INFO - community_type priors: [67, 983, 11, 150, 0]
2026-09-09 18:11:18 - __main__ - INFO - feature priors: [6, 0, 189, 40, 7, 0, 0, 24, 29, 0]
2026-09-09 18:11:18 - __main__ - INFO - sample_host priors: [6, 11, 0, 16, 11, 0, 0, 20, 17, 12, 11, 1006, 16, 0, 0, 8, 11, 9, 4, 5, 1, 24, 0, 23]
2026-09-09 18:11:18 - __main__ - INFO - material priors: [63, 750, 16, 0, 189, 11, 5, 11, 0, 51, 0, 66, 24, 0, 320, 0]
2026-09-09 18:12:20 - __main__ - INFO - community_type priors: [42, 1112, 32, 208, 11]
2026-09-09 18:12:20 - __main__ - INFO - feature priors: [6, 34, 114, 40, 82, 0, 52, 24, 29, 10]
2026-09-09 18:12:20 - __main__ - INFO - sample_host priors: [6, 0, 32, 0, 11, 4, 4, 0, 17, 12, 11, 945, 16, 11, 0, 8, 11, 9, 0, 0, 0, 0, 4, 316]
2026-09-09 18:12:20 - __main__ - INFO - material priors: [127, 878, 0, 11, 114, 32, 48, 11, 0, 31, 62, 98, 24, 0, 315, 11]
2026-09-09 18:13:44 - __main__ - INFO - community_type priors: [47, 979, 43, 70, 11]
2026-09-09 18:13:44 - __main__ - INFO - feature priors: [0, 34, 127, 0, 89, 0, 52, 0, 0, 10]
2026-09-09 18:13:44 - __main__ - INFO - sample_host priors: [0, 11, 32, 16, 0, 4, 4, 20, 0, 0, 0, 687, 0, 11, 0, 0, 0, 0, 4, 5, 1, 24, 4, 339]
2026-09-09 18:13:44 - __main__ - INFO - material priors: [64, 842, 16, 11, 127, 43, 53, 0, 0, 20, 62, 36, 0, 0, 143, 11]
2026-09-09 18:14:27 - __main__ - INFO - community_type priors: [67, 983, 11, 150, 0]
2026-09-09 18:14:27 - __main__ - INFO - feature priors: [6, 0, 189, 40, 7, 0, 0, 24, 29, 0]
2026-09-09 18:14:27 - __main__ - INFO - sample_host priors: [6, 11, 0, 16, 11, 0, 0, 20, 17, 12, 11, 1006, 16, 0, 0, 8, 11, 9, 4, 5, 1, 24, 0, 23]
2026-09-09 18:14:27 - __main__ - INFO - material priors: [63, 750, 16, 0, 189, 11, 5, 11, 0, 51, 0, 66, 24, 0, 320, 0]
2026-09-09 18:15:41 - __main__ - INFO - community_type priors: [42, 1112, 32, 208, 11]
2026-09-09 18:15:41 - __main__ - INFO - feature priors: [6, 34, 114, 40, 82, 0, 52, 24, 29, 10]
2026-09-09 18:15:41 - __main__ - INFO - sample_host priors: [6, 0, 32, 0, 11, 4, 4, 0, 17, 12, 11, 945, 16, 11, 0, 8, 11, 9, 0, 0, 0, 0, 4, 316]
2026-09-09 18:15:41 - __main__ - INFO - material priors: [127, 878, 0, 11, 114, 32, 48, 11, 0, 31, 62, 98, 24, 0, 315, 11]
2026-09-09 18:17:26 - __main__ - INFO - community_type priors: [47, 979, 43, 70, 11]
2026-09-09 18:17:26 - __main__ - INFO - feature priors: [0, 34, 127, 0, 89, 0, 52, 0, 0, 10]
2026-09-09 18:17:26 - __main__ - INFO - sample_host priors: [0, 11, 32, 16, 0, 4, 4, 20, 0, 0, 0, 687, 0, 11, 0, 0, 0, 0, 4, 5, 1, 24, 4, 339]
2026-09-09 18:17:26 - __main__ - INFO - material priors: [64, 842, 16, 11, 127, 43, 53, 0, 0, 20, 62, 36, 0, 0, 143, 11]
2026-09-09 18:18:42 - __main__ - INFO - community_type priors: [67, 983, 11, 150, 0]
2026-09-09 18:18:42 - __main__ - INFO - feature priors: [6, 0, 189, 40, 7, 0, 0, 24, 29, 0]
2026-09-09 18:18:42 - __main__ - INFO - sample_host priors: [6, 11, 0, 16, 11, 0, 0, 20, 17, 12, 11, 1006, 16, 0, 0, 8, 11, 9, 4, 5, 1, 24, 0, 23]
2026-09-09 18:18:42 - __main__ - INFO - material priors: [63, 750, 16, 0, 189, 11, 5, 11, 0, 51, 0, 66, 24, 0, 320, 0]
2026-09-09 18:20:08 - __main__ - INFO - community_type priors: [42, 1112, 32, 208, 11]
2026-09-09 18:20:08 - __main__ - INFO - feature priors: [6, 34, 114, 40, 82, 0, 52, 24, 29, 10]
2026-09-09 18:20:08 - __main__ - INFO - sample_host priors: [6, 0, 32, 0, 11, 4, 4, 0, 17, 12, 11, 945, 16, 11, 0, 8, 11, 9, 0, 0, 0, 0, 4, 316]
2026-09-09 18:20:08 - __main__ - INFO - material priors: [127, 878, 0, 11, 114, 32, 48, 11, 0, 31, 62, 98, 24, 0, 315, 11]
2026-09-09 18:21:44 - __main__ - INFO - community_type priors: [47, 979, 43, 70, 11]
2026-09-09 18:21:44 - __main__ - INFO - feature priors: [0, 34, 127, 0, 89, 0, 52, 0, 0, 10]
2026-09-09 18:21:44 - __main__ - INFO - sample_host priors: [0, 11, 32, 16, 0, 4, 4, 20, 0, 0, 0, 687, 0, 11, 0, 0, 0, 0, 4, 5, 1, 24, 4, 339]
2026-09-09 18:21:44 - __main__ - INFO - material priors: [64, 842, 16, 11, 127, 43, 53, 0, 0, 20, 62, 36, 0, 0, 143, 11]
2026-09-09 18:23:06 - __main__ - INFO - community_type priors: [67, 983, 11, 150, 0]
2026-09-09 18:23:06 - __main__ - INFO - feature priors: [6, 0, 189, 40, 7, 0, 0, 24, 29, 0]
2026-09-09 18:23:06 - __main__ - INFO - sample_host priors: [6, 11, 0, 16, 11, 0, 0, 20, 17, 12, 11, 1006, 16, 0, 0, 8, 11, 9, 4, 5, 1, 24, 0, 23]
2026-09-09 18:23:06 - __main__ - INFO - material priors: [63, 750, 16, 0, 189, 11, 5, 11, 0, 51, 0, 66, 24, 0, 320, 0]
2026-09-09 18:23:59 - __main__ - INFO - community_type priors: [42, 1112, 32, 208, 11]
2026-09-09 18:23:59 - __main__ - INFO - feature priors: [6, 34, 114, 40, 82, 0, 52, 24, 29, 10]
2026-09-09 18:23:59 - __main__ - INFO - sample_host priors: [6, 0, 32, 0, 11, 4, 4, 0, 17, 12, 11, 945, 16, 11, 0, 8, 11, 9, 0, 0, 0, 0, 4, 316]
2026-09-09 18:23:59 - __main__ - INFO - material priors: [127, 878, 0, 11, 114, 32, 48, 11, 0, 31, 62, 98, 24, 0, 315, 11]
2026-09-09 18:25:38 - __main__ - INFO - community_type priors: [47, 979, 43, 70, 11]
2026-09-09 18:25:38 - __main__ - INFO - feature priors: [0, 34, 127, 0, 89, 0, 52, 0, 0, 10]
2026-09-09 18:25:38 - __main__ - INFO - sample_host priors: [0, 11, 32, 16, 0, 4, 4, 20, 0, 0, 0, 687, 0, 11, 0, 0, 0, 0, 4, 5, 1, 24, 4, 339]
2026-09-09 18:25:38 - __main__ - INFO - material priors: [64, 842, 16, 11, 127, 43, 53, 0, 0, 20, 62, 36, 0, 0, 143, 11]
2026-09-09 18:26:56 - __main__ - INFO - community_type priors: [67, 983, 11, 150, 0]
2026-09-09 18:26:56 - __main__ - INFO - feature priors: [6, 0, 189, 40, 7, 0, 0, 24, 29, 0]
2026-09-09 18:26:56 - __main__ - INFO - sample_host priors: [6, 11, 0, 16, 11, 0, 0, 20, 17, 12, 11, 1006, 16, 0, 0, 8, 11, 9, 4, 5, 1, 24, 0, 23]
2026-09-09 18:26:56 - __main__ - INFO - material priors: [63, 750, 16, 0, 189, 11, 5, 11, 0, 51, 0, 66, 24, 0, 320, 0]
2026-09-09 18:27:45 - __main__ - INFO - community_type priors: [42, 1112, 32, 208, 11]
2026-09-09 18:27:45 - __main__ - INFO - feature priors: [6, 34, 114, 40, 82, 0, 52, 24, 29, 10]
2026-09-09 18:27:45 - __main__ - INFO - sample_host priors: [6, 0, 32, 0, 11, 4, 4, 0, 17, 12, 11, 945, 16, 11, 0, 8, 11, 9, 0, 0, 0, 0, 4, 316]
2026-09-09 18:27:45 - __main__ - INFO - material priors: [127, 878, 0, 11, 114, 32, 48, 11, 0, 31, 62, 98, 24, 0, 315, 11]
2026-09-09 18:29:22 - __main__ - INFO - community_type priors: [47, 979, 43, 70, 11]
2026-09-09 18:29:22 - __main__ - INFO - feature priors: [0, 34, 127, 0, 89, 0, 52, 0, 0, 10]
2026-09-09 18:29:22 - __main__ - INFO - sample_host priors: [0, 11, 32, 16, 0, 4, 4, 20, 0, 0, 0, 687, 0, 11, 0, 0, 0, 0, 4, 5, 1, 24, 4, 339]
2026-09-09 18:29:22 - __main__ - INFO - material priors: [64, 842, 16, 11, 127, 43, 53, 0, 0, 20, 62, 36, 0, 0, 143, 11]
2026-09-09 18:30:45 - __main__ - INFO - community_type priors: [67, 983, 11, 150, 0]
2026-09-09 18:30:45 - __main__ - INFO - feature priors: [6, 0, 189, 40, 7, 0, 0, 24, 29, 0]
2026-09-09 18:30:45 - __main__ - INFO - sample_host priors: [6, 11, 0, 16, 11, 0, 0, 20, 17, 12, 11, 1006, 16, 0, 0, 8, 11, 9, 4, 5, 1, 24, 0, 23]
2026-09-09 18:30:45 - __main__ - INFO - material priors: [63, 750, 16, 0, 189, 11, 5, 11, 0, 51, 0, 66, 24, 0, 320, 0]
2026-09-09 18:31:36 - __main__ - INFO - community_type priors: [42, 1112, 32, 208, 11]
2026-09-09 18:31:36 - __main__ - INFO - feature priors: [6, 34, 114, 40, 82, 0, 52, 24, 29, 10]
2026-09-09 18:31:36 - __main__ - INFO - sample_host priors: [6, 0, 32, 0, 11, 4, 4, 0, 17, 12, 11, 945, 16, 11, 0, 8, 11, 9, 0, 0, 0, 0, 4, 316]
2026-09-09 18:31:36 - __main__ - INFO - material priors: [127, 878, 0, 11, 114, 32, 48, 11, 0, 31, 62, 98, 24, 0, 315, 11]
2026-09-09 18:33:13 - __main__ - INFO - community_type priors: [47, 979, 43, 70, 11]
2026-09-09 18:33:13 - __main__ - INFO - feature priors: [0, 34, 127, 0, 89, 0, 52, 0, 0, 10]
2026-09-09 18:33:13 - __main__ - INFO - sample_host priors: [0, 11, 32, 16, 0, 4, 4, 20, 0, 0, 0, 687, 0, 11, 0, 0, 0, 0, 4, 5, 1, 24, 4, 339]
2026-09-09 18:33:13 - __main__ - INFO - material priors: [64, 842, 16, 11, 127, 43, 53, 0, 0, 20, 62, 36, 0, 0, 143, 11]
2026-09-09 18:34:35 - __main__ - INFO - community_type priors: [67, 983, 11, 150, 0]
2026-09-09 18:34:35 - __main__ - INFO - feature priors: [6, 0, 189, 40, 7, 0, 0, 24, 29, 0]
2026-09-09 18:34:35 - __main__ - INFO - sample_host priors: [6, 11, 0, 16, 11, 0, 0, 20, 17, 12, 11, 1006, 16, 0, 0, 8, 11, 9, 4, 5, 1, 24, 0, 23]
2026-09-09 18:34:35 - __main__ - INFO - material priors: [63, 750, 16, 0, 189, 11, 5, 11, 0, 51, 0, 66, 24, 0, 320, 0]
2026-09-09 18:35:58 - __main__ - INFO - community_type priors: [42, 1112, 32, 208, 11]
2026-09-09 18:35:58 - __main__ - INFO - feature priors: [6, 34, 114, 40, 82, 0, 52, 24, 29, 10]
2026-09-09 18:35:58 - __main__ - INFO - sample_host priors: [6, 0, 32, 0, 11, 4, 4, 0, 17, 12, 11, 945, 16, 11, 0, 8, 11, 9, 0, 0, 0, 0, 4, 316]
2026-09-09 18:35:58 - __main__ - INFO - material priors: [127, 878, 0, 11, 114, 32, 48, 11, 0, 31, 62, 98, 24, 0, 315, 11]
2026-09-09 18:37:22 - __main__ - INFO - community_type priors: [47, 979, 43, 70, 11]
2026-09-09 18:37:22 - __main__ - INFO - feature priors: [0, 34, 127, 0, 89, 0, 52, 0, 0, 10]
2026-09-09 18:37:22 - __main__ - INFO - sample_host priors: [0, 11, 32, 16, 0, 4, 4, 20, 0, 0, 0, 687, 0, 11, 0, 0, 0, 0, 4, 5, 1, 24, 4, 339]
2026-09-09 18:37:22 - __main__ - INFO - material priors: [64, 842, 16, 11, 127, 43, 53, 0, 0, 20, 62, 36, 0, 0, 143, 11]
2026-09-09 18:38:15 - __main__ - INFO - community_type priors: [67, 983, 11, 150, 0]
2026-09-09 18:38:15 - __main__ - INFO - feature priors: [6, 0, 189, 40, 7, 0, 0, 24, 29, 0]
2026-09-09 18:38:15 - __main__ - INFO - sample_host priors: [6, 11, 0, 16, 11, 0, 0, 20, 17, 12, 11, 1006, 16, 0, 0, 8, 11, 9, 4, 5, 1, 24, 0, 23]
2026-09-09 18:38:15 - __main__ - INFO - material priors: [63, 750, 16, 0, 189, 11, 5, 11, 0, 51, 0, 66, 24, 0, 320, 0]
2026-09-09 18:39:12 - __main__ - INFO - community_type priors: [42, 1112, 32, 208, 11]
2026-09-09 18:39:12 - __main__ - INFO - feature priors: [6, 34, 114, 40, 82, 0, 52, 24, 29, 10]
2026-09-09 18:39:12 - __main__ - INFO - sample_host priors: [6, 0, 32, 0, 11, 4, 4, 0, 17, 12, 11, 945, 16, 11, 0, 8, 11, 9, 0, 0, 0, 0, 4, 316]
2026-09-09 18:39:12 - __main__ - INFO - material priors: [127, 878, 0, 11, 114, 32, 48, 11, 0, 31, 62, 98, 24, 0, 315, 11]
2026-09-09 18:40:50 - __main__ - INFO - community_type priors: [47, 979, 43, 70, 11]
2026-09-09 18:40:50 - __main__ - INFO - feature priors: [0, 34, 127, 0, 89, 0, 52, 0, 0, 10]
2026-09-09 18:40:50 - __main__ - INFO - sample_host priors: [0, 11, 32, 16, 0, 4, 4, 20, 0, 0, 0, 687, 0, 11, 0, 0, 0, 0, 4, 5, 1, 24, 4, 339]
2026-09-09 18:40:50 - __main__ - INFO - material priors: [64, 842, 16, 11, 127, 43, 53, 0, 0, 20, 62, 36, 0, 0, 143, 11]
2026-09-09 18:41:40 - __main__ - INFO - community_type priors: [67, 983, 11, 150, 0]
2026-09-09 18:41:40 - __main__ - INFO - feature priors: [6, 0, 189, 40, 7, 0, 0, 24, 29, 0]
2026-09-09 18:41:40 - __main__ - INFO - sample_host priors: [6, 11, 0, 16, 11, 0, 0, 20, 17, 12, 11, 1006, 16, 0, 0, 8, 11, 9, 4, 5, 1, 24, 0, 23]
2026-09-09 18:41:40 - __main__ - INFO - material priors: [63, 750, 16, 0, 189, 11, 5, 11, 0, 51, 0, 66, 24, 0, 320, 0]
2026-09-09 18:42:37 - __main__ - INFO - community_type priors: [42, 1112, 32, 208, 11]
2026-09-09 18:42:37 - __main__ - INFO - feature priors: [6, 34, 114, 40, 82, 0, 52, 24, 29, 10]
2026-09-09 18:42:37 - __main__ - INFO - sample_host priors: [6, 0, 32, 0, 11, 4, 4, 0, 17, 12, 11, 945, 16, 11, 0, 8, 11, 9, 0, 0, 0, 0, 4, 316]
2026-09-09 18:42:37 - __main__ - INFO - material priors: [127, 878, 0, 11, 114, 32, 48, 11, 0, 31, 62, 98, 24, 0, 315, 11]
2026-09-09 18:43:35 - __main__ - INFO - community_type priors: [47, 979, 43, 70, 11]
2026-09-09 18:43:35 - __main__ - INFO - feature priors: [0, 34, 127, 0, 89, 0, 52, 0, 0, 10]
2026-09-09 18:43:35 - __main__ - INFO - sample_host priors: [0, 11, 32, 16, 0, 4, 4, 20, 0, 0, 0, 687, 0, 11, 0, 0, 0, 0, 4, 5, 1, 24, 4, 339]
2026-09-09 18:43:35 - __main__ - INFO - material priors: [64, 842, 16, 11, 127, 43, 53, 0, 0, 20, 62, 36, 0, 0, 143, 11]
2026-09-09 18:44:36 - __main__ - INFO - community_type priors: [67, 983, 11, 150, 0]
2026-09-09 18:44:36 - __main__ - INFO - feature priors: [6, 0, 189, 40, 7, 0, 0, 24, 29, 0]
2026-09-09 18:44:36 - __main__ - INFO - sample_host priors: [6, 11, 0, 16, 11, 0, 0, 20, 17, 12, 11, 1006, 16, 0, 0, 8, 11, 9, 4, 5, 1, 24, 0, 23]
2026-09-09 18:44:36 - __main__ - INFO - material priors: [63, 750, 16, 0, 189, 11, 5, 11, 0, 51, 0, 66, 24, 0, 320, 0]
2026-09-09 18:45:28 - __main__ - INFO - community_type priors: [42, 1112, 32, 208, 11]
2026-09-09 18:45:28 - __main__ - INFO - feature priors: [6, 34, 114, 40, 82, 0, 52, 24, 29, 10]
2026-09-09 18:45:28 - __main__ - INFO - sample_host priors: [6, 0, 32, 0, 11, 4, 4, 0, 17, 12, 11, 945, 16, 11, 0, 8, 11, 9, 0, 0, 0, 0, 4, 316]
2026-09-09 18:45:28 - __main__ - INFO - material priors: [127, 878, 0, 11, 114, 32, 48, 11, 0, 31, 62, 98, 24, 0, 315, 11]
2026-09-09 18:46:18 - __main__ - INFO - community_type priors: [47, 979, 43, 70, 11]
2026-09-09 18:46:18 - __main__ - INFO - feature priors: [0, 34, 127, 0, 89, 0, 52, 0, 0, 10]
2026-09-09 18:46:18 - __main__ - INFO - sample_host priors: [0, 11, 32, 16, 0, 4, 4, 20, 0, 0, 0, 687, 0, 11, 0, 0, 0, 0, 4, 5, 1, 24, 4, 339]
2026-09-09 18:46:18 - __main__ - INFO - material priors: [64, 842, 16, 11, 127, 43, 53, 0, 0, 20, 62, 36, 0, 0, 143, 11]
2026-09-09 18:47:38 - __main__ - INFO - community_type priors: [67, 983, 11, 150, 0]
2026-09-09 18:47:38 - __main__ - INFO - feature priors: [6, 0, 189, 40, 7, 0, 0, 24, 29, 0]
2026-09-09 18:47:38 - __main__ - INFO - sample_host priors: [6, 11, 0, 16, 11, 0, 0, 20, 17, 12, 11, 1006, 16, 0, 0, 8, 11, 9, 4, 5, 1, 24, 0, 23]
2026-09-09 18:47:38 - __main__ - INFO - material priors: [63, 750, 16, 0, 189, 11, 5, 11, 0, 51, 0, 66, 24, 0, 320, 0]
2026-09-09 18:48:54 - __main__ - INFO - community_type priors: [42, 1112, 32, 208, 11]
2026-09-09 18:48:54 - __main__ - INFO - feature priors: [6, 34, 114, 40, 82, 0, 52, 24, 29, 10]
2026-09-09 18:48:54 - __main__ - INFO - sample_host priors: [6, 0, 32, 0, 11, 4, 4, 0, 17, 12, 11, 945, 16, 11, 0, 8, 11, 9, 0, 0, 0, 0, 4, 316]
2026-09-09 18:48:54 - __main__ - INFO - material priors: [127, 878, 0, 11, 114, 32, 48, 11, 0, 31, 62, 98, 24, 0, 315, 11]
2026-09-09 18:50:20 - __main__ - INFO - community_type priors: [47, 979, 43, 70, 11]
2026-09-09 18:50:20 - __main__ - INFO - feature priors: [0, 34, 127, 0, 89, 0, 52, 0, 0, 10]
2026-09-09 18:50:20 - __main__ - INFO - sample_host priors: [0, 11, 32, 16, 0, 4, 4, 20, 0, 0, 0, 687, 0, 11, 0, 0, 0, 0, 4, 5, 1, 24, 4, 339]
2026-09-09 18:50:20 - __main__ - INFO - material priors: [64, 842, 16, 11, 127, 43, 53, 0, 0, 20, 62, 36, 0, 0, 143, 11]
2026-09-09 18:51:17 - __main__ - INFO - community_type priors: [67, 983, 11, 150, 0]
2026-09-09 18:51:17 - __main__ - INFO - feature priors: [6, 0, 189, 40, 7, 0, 0, 24, 29, 0]
2026-09-09 18:51:17 - __main__ - INFO - sample_host priors: [6, 11, 0, 16, 11, 0, 0, 20, 17, 12, 11, 1006, 16, 0, 0, 8, 11, 9, 4, 5, 1, 24, 0, 23]
2026-09-09 18:51:17 - __main__ - INFO - material priors: [63, 750, 16, 0, 189, 11, 5, 11, 0, 51, 0, 66, 24, 0, 320, 0]
2026-09-09 18:52:15 - __main__ - INFO - community_type priors: [42, 1112, 32, 208, 11]
2026-09-09 18:52:15 - __main__ - INFO - feature priors: [6, 34, 114, 40, 82, 0, 52, 24, 29, 10]
2026-09-09 18:52:15 - __main__ - INFO - sample_host priors: [6, 0, 32, 0, 11, 4, 4, 0, 17, 12, 11, 945, 16, 11, 0, 8, 11, 9, 0, 0, 0, 0, 4, 316]
2026-09-09 18:52:15 - __main__ - INFO - material priors: [127, 878, 0, 11, 114, 32, 48, 11, 0, 31, 62, 98, 24, 0, 315, 11]
2026-09-09 18:53:24 - __main__ - INFO - community_type priors: [47, 979, 43, 70, 11]
2026-09-09 18:53:24 - __main__ - INFO - feature priors: [0, 34, 127, 0, 89, 0, 52, 0, 0, 10]
2026-09-09 18:53:24 - __main__ - INFO - sample_host priors: [0, 11, 32, 16, 0, 4, 4, 20, 0, 0, 0, 687, 0, 11, 0, 0, 0, 0, 4, 5, 1, 24, 4, 339]
2026-09-09 18:53:24 - __main__ - INFO - material priors: [64, 842, 16, 11, 127, 43, 53, 0, 0, 20, 62, 36, 0, 0, 143, 11]
2026-09-09 18:54:15 - __main__ - INFO - community_type priors: [67, 983, 11, 150, 0]
2026-09-09 18:54:15 - __main__ - INFO - feature priors: [6, 0, 189, 40, 7, 0, 0, 24, 29, 0]
2026-09-09 18:54:15 - __main__ - INFO - sample_host priors: [6, 11, 0, 16, 11, 0, 0, 20, 17, 12, 11, 1006, 16, 0, 0, 8, 11, 9, 4, 5, 1, 24, 0, 23]
2026-09-09 18:54:15 - __main__ - INFO - material priors: [63, 750, 16, 0, 189, 11, 5, 11, 0, 51, 0, 66, 24, 0, 320, 0]
2026-09-09 18:54:54 - __main__ - INFO - community_type priors: [42, 1112, 32, 208, 11]
2026-09-09 18:54:54 - __main__ - INFO - feature priors: [6, 34, 114, 40, 82, 0, 52, 24, 29, 10]
2026-09-09 18:54:54 - __main__ - INFO - sample_host priors: [6, 0, 32, 0, 11, 4, 4, 0, 17, 12, 11, 945, 16, 11, 0, 8, 11, 9, 0, 0, 0, 0, 4, 316]
2026-09-09 18:54:54 - __main__ - INFO - material priors: [127, 878, 0, 11, 114, 32, 48, 11, 0, 31, 62, 98, 24, 0, 315, 11]
2026-09-09 18:55:40 - __main__ - INFO - community_type priors: [47, 979, 43, 70, 11]
2026-09-09 18:55:40 - __main__ - INFO - feature priors: [0, 34, 127, 0, 89, 0, 52, 0, 0, 10]
2026-09-09 18:55:40 - __main__ - INFO - sample_host priors: [0, 11, 32, 16, 0, 4, 4, 20, 0, 0, 0, 687, 0, 11, 0, 0, 0, 0, 4, 5, 1, 24, 4, 339]
2026-09-09 18:55:40 - __main__ - INFO - material priors: [64, 842, 16, 11, 127, 43, 53, 0, 0, 20, 62, 36, 0, 0, 143, 11]
2026-09-09 18:56:58 - __main__ - INFO - community_type priors: [67, 983, 11, 150, 0]
2026-09-09 18:56:58 - __main__ - INFO - feature priors: [6, 0, 189, 40, 7, 0, 0, 24, 29, 0]
2026-09-09 18:56:58 - __main__ - INFO - sample_host priors: [6, 11, 0, 16, 11, 0, 0, 20, 17, 12, 11, 1006, 16, 0, 0, 8, 11, 9, 4, 5, 1, 24, 0, 23]
2026-09-09 18:56:58 - __main__ - INFO - material priors: [63, 750, 16, 0, 189, 11, 5, 11, 0, 51, 0, 66, 24, 0, 320, 0]
2026-09-09 18:58:20 - __main__ - INFO - community_type priors: [42, 1112, 32, 208, 11]
2026-09-09 18:58:20 - __main__ - INFO - feature priors: [6, 34, 114, 40, 82, 0, 52, 24, 29, 10]
2026-09-09 18:58:20 - __main__ - INFO - sample_host priors: [6, 0, 32, 0, 11, 4, 4, 0, 17, 12, 11, 945, 16, 11, 0, 8, 11, 9, 0, 0, 0, 0, 4, 316]
2026-09-09 18:58:20 - __main__ - INFO - material priors: [127, 878, 0, 11, 114, 32, 48, 11, 0, 31, 62, 98, 24, 0, 315, 11]
2026-09-09 18:59:12 - __main__ - INFO - community_type priors: [47, 979, 43, 70, 11]
2026-09-09 18:59:12 - __main__ - INFO - feature priors: [0, 34, 127, 0, 89, 0, 52, 0, 0, 10]
2026-09-09 18:59:12 - __main__ - INFO - sample_host priors: [0, 11, 32, 16, 0, 4, 4, 20, 0, 0, 0, 687, 0, 11, 0, 0, 0, 0, 4, 5, 1, 24, 4, 339]
2026-09-09 18:59:12 - __main__ - INFO - material priors: [64, 842, 16, 11, 127, 43, 53, 0, 0, 20, 62, 36, 0, 0, 143, 11]
2026-09-09 19:00:26 - __main__ - INFO - community_type priors: [67, 983, 11, 150, 0]
2026-09-09 19:00:26 - __main__ - INFO - feature priors: [6, 0, 189, 40, 7, 0, 0, 24, 29, 0]
2026-09-09 19:00:26 - __main__ - INFO - sample_host priors: [6, 11, 0, 16, 11, 0, 0, 20, 17, 12, 11, 1006, 16, 0, 0, 8, 11, 9, 4, 5, 1, 24, 0, 23]
2026-09-09 19:00:26 - __main__ - INFO - material priors: [63, 750, 16, 0, 189, 11, 5, 11, 0, 51, 0, 66, 24, 0, 320, 0]
2026-09-09 19:01:44 - __main__ - INFO - community_type priors: [42, 1112, 32, 208, 11]
2026-09-09 19:01:44 - __main__ - INFO - feature priors: [6, 34, 114, 40, 82, 0, 52, 24, 29, 10]
2026-09-09 19:01:44 - __main__ - INFO - sample_host priors: [6, 0, 32, 0, 11, 4, 4, 0, 17, 12, 11, 945, 16, 11, 0, 8, 11, 9, 0, 0, 0, 0, 4, 316]
2026-09-09 19:01:44 - __main__ - INFO - material priors: [127, 878, 0, 11, 114, 32, 48, 11, 0, 31, 62, 98, 24, 0, 315, 11]
2026-09-09 19:03:17 - __main__ - INFO - community_type priors: [47, 979, 43, 70, 11]
2026-09-09 19:03:17 - __main__ - INFO - feature priors: [0, 34, 127, 0, 89, 0, 52, 0, 0, 10]
2026-09-09 19:03:17 - __main__ - INFO - sample_host priors: [0, 11, 32, 16, 0, 4, 4, 20, 0, 0, 0, 687, 0, 11, 0, 0, 0, 0, 4, 5, 1, 24, 4, 339]
2026-09-09 19:03:17 - __main__ - INFO - material priors: [64, 842, 16, 11, 127, 43, 53, 0, 0, 20, 62, 36, 0, 0, 143, 11]
2026-09-09 19:04:01 - __main__ - INFO - community_type priors: [67, 983, 11, 150, 0]
2026-09-09 19:04:01 - __main__ - INFO - feature priors: [6, 0, 189, 40, 7, 0, 0, 24, 29, 0]
2026-09-09 19:04:01 - __main__ - INFO - sample_host priors: [6, 11, 0, 16, 11, 0, 0, 20, 17, 12, 11, 1006, 16, 0, 0, 8, 11, 9, 4, 5, 1, 24, 0, 23]
2026-09-09 19:04:01 - __main__ - INFO - material priors: [63, 750, 16, 0, 189, 11, 5, 11, 0, 51, 0, 66, 24, 0, 320, 0]
2026-09-09 19:04:55 - __main__ - INFO - community_type priors: [42, 1112, 32, 208, 11]
2026-09-09 19:04:55 - __main__ - INFO - feature priors: [6, 34, 114, 40, 82, 0, 52, 24, 29, 10]
2026-09-09 19:04:55 - __main__ - INFO - sample_host priors: [6, 0, 32, 0, 11, 4, 4, 0, 17, 12, 11, 945, 16, 11, 0, 8, 11, 9, 0, 0, 0, 0, 4, 316]
2026-09-09 19:04:55 - __main__ - INFO - material priors: [127, 878, 0, 11, 114, 32, 48, 11, 0, 31, 62, 98, 24, 0, 315, 11]
2026-09-09 19:06:15 - __main__ - INFO - community_type priors: [47, 979, 43, 70, 11]
2026-09-09 19:06:15 - __main__ - INFO - feature priors: [0, 34, 127, 0, 89, 0, 52, 0, 0, 10]
2026-09-09 19:06:15 - __main__ - INFO - sample_host priors: [0, 11, 32, 16, 0, 4, 4, 20, 0, 0, 0, 687, 0, 11, 0, 0, 0, 0, 4, 5, 1, 24, 4, 339]
2026-09-09 19:06:15 - __main__ - INFO - material priors: [64, 842, 16, 11, 127, 43, 53, 0, 0, 20, 62, 36, 0, 0, 143, 11]
2026-09-09 19:07:06 - __main__ - INFO - community_type priors: [67, 983, 11, 150, 0]
2026-09-09 19:07:06 - __main__ - INFO - feature priors: [6, 0, 189, 40, 7, 0, 0, 24, 29, 0]
2026-09-09 19:07:06 - __main__ - INFO - sample_host priors: [6, 11, 0, 16, 11, 0, 0, 20, 17, 12, 11, 1006, 16, 0, 0, 8, 11, 9, 4, 5, 1, 24, 0, 23]
2026-09-09 19:07:06 - __main__ - INFO - material priors: [63, 750, 16, 0, 189, 11, 5, 11, 0, 51, 0, 66, 24, 0, 320, 0]
2026-09-09 19:08:01 - __main__ - INFO - community_type priors: [42, 1112, 32, 208, 11]
2026-09-09 19:08:01 - __main__ - INFO - feature priors: [6, 34, 114, 40, 82, 0, 52, 24, 29, 10]
2026-09-09 19:08:01 - __main__ - INFO - sample_host priors: [6, 0, 32, 0, 11, 4, 4, 0, 17, 12, 11, 945, 16, 11, 0, 8, 11, 9, 0, 0, 0, 0, 4, 316]
2026-09-09 19:08:01 - __main__ - INFO - material priors: [127, 878, 0, 11, 114, 32, 48, 11, 0, 31, 62, 98, 24, 0, 315, 11]
2026-09-09 19:09:04 - __main__ - INFO - community_type priors: [47, 979, 43, 70, 11]
2026-09-09 19:09:04 - __main__ - INFO - feature priors: [0, 34, 127, 0, 89, 0, 52, 0, 0, 10]
2026-09-09 19:09:04 - __main__ - INFO - sample_host priors: [0, 11, 32, 16, 0, 4, 4, 20, 0, 0, 0, 687, 0, 11, 0, 0, 0, 0, 4, 5, 1, 24, 4, 339]
2026-09-09 19:09:04 - __main__ - INFO - material priors: [64, 842, 16, 11, 127, 43, 53, 0, 0, 20, 62, 36, 0, 0, 143, 11]
2026-09-09 19:09:56 - __main__ - INFO - community_type priors: [67, 983, 11, 150, 0]
2026-09-09 19:09:56 - __main__ - INFO - feature priors: [6, 0, 189, 40, 7, 0, 0, 24, 29, 0]
2026-09-09 19:09:56 - __main__ - INFO - sample_host priors: [6, 11, 0, 16, 11, 0, 0, 20, 17, 12, 11, 1006, 16, 0, 0, 8, 11, 9, 4, 5, 1, 24, 0, 23]
2026-09-09 19:09:56 - __main__ - INFO - material priors: [63, 750, 16, 0, 189, 11, 5, 11, 0, 51, 0, 66, 24, 0, 320, 0]
2026-09-09 19:11:19 - __main__ - INFO - community_type priors: [42, 1112, 32, 208, 11]
2026-09-09 19:11:19 - __main__ - INFO - feature priors: [6, 34, 114, 40, 82, 0, 52, 24, 29, 10]
2026-09-09 19:11:19 - __main__ - INFO - sample_host priors: [6, 0, 32, 0, 11, 4, 4, 0, 17, 12, 11, 945, 16, 11, 0, 8, 11, 9, 0, 0, 0, 0, 4, 316]
2026-09-09 19:11:19 - __main__ - INFO - material priors: [127, 878, 0, 11, 114, 32, 48, 11, 0, 31, 62, 98, 24, 0, 315, 11]
2026-09-09 19:12:55 - __main__ - INFO - community_type priors: [47, 979, 43, 70, 11]
2026-09-09 19:12:55 - __main__ - INFO - feature priors: [0, 34, 127, 0, 89, 0, 52, 0, 0, 10]
2026-09-09 19:12:55 - __main__ - INFO - sample_host priors: [0, 11, 32, 16, 0, 4, 4, 20, 0, 0, 0, 687, 0, 11, 0, 0, 0, 0, 4, 5, 1, 24, 4, 339]
2026-09-09 19:12:55 - __main__ - INFO - material priors: [64, 842, 16, 11, 127, 43, 53, 0, 0, 20, 62, 36, 0, 0, 143, 11]
2026-09-09 19:13:58 - __main__ - INFO - community_type priors: [67, 983, 11, 150, 0]
2026-09-09 19:13:58 - __main__ - INFO - feature priors: [6, 0, 189, 40, 7, 0, 0, 24, 29, 0]
2026-09-09 19:13:58 - __main__ - INFO - sample_host priors: [6, 11, 0, 16, 11, 0, 0, 20, 17, 12, 11, 1006, 16, 0, 0, 8, 11, 9, 4, 5, 1, 24, 0, 23]
2026-09-09 19:13:58 - __main__ - INFO - material priors: [63, 750, 16, 0, 189, 11, 5, 11, 0, 51, 0, 66, 24, 0, 320, 0]
2026-09-09 19:15:21 - __main__ - INFO - community_type priors: [42, 1112, 32, 208, 11]
2026-09-09 19:15:21 - __main__ - INFO - feature priors: [6, 34, 114, 40, 82, 0, 52, 24, 29, 10]
2026-09-09 19:15:21 - __main__ - INFO - sample_host priors: [6, 0, 32, 0, 11, 4, 4, 0, 17, 12, 11, 945, 16, 11, 0, 8, 11, 9, 0, 0, 0, 0, 4, 316]
2026-09-09 19:15:21 - __main__ - INFO - material priors: [127, 878, 0, 11, 114, 32, 48, 11, 0, 31, 62, 98, 24, 0, 315, 11]
2026-09-09 19:16:57 - __main__ - INFO - community_type priors: [47, 979, 43, 70, 11]
2026-09-09 19:16:57 - __main__ - INFO - feature priors: [0, 34, 127, 0, 89, 0, 52, 0, 0, 10]
2026-09-09 19:16:57 - __main__ - INFO - sample_host priors: [0, 11, 32, 16, 0, 4, 4, 20, 0, 0, 0, 687, 0, 11, 0, 0, 0, 0, 4, 5, 1, 24, 4, 339]
2026-09-09 19:16:57 - __main__ - INFO - material priors: [64, 842, 16, 11, 127, 43, 53, 0, 0, 20, 62, 36, 0, 0, 143, 11]
2026-09-09 19:17:42 - __main__ - INFO - community_type priors: [67, 983, 11, 150, 0]
2026-09-09 19:17:42 - __main__ - INFO - feature priors: [6, 0, 189, 40, 7, 0, 0, 24, 29, 0]
2026-09-09 19:17:42 - __main__ - INFO - sample_host priors: [6, 11, 0, 16, 11, 0, 0, 20, 17, 12, 11, 1006, 16, 0, 0, 8, 11, 9, 4, 5, 1, 24, 0, 23]
2026-09-09 19:17:42 - __main__ - INFO - material priors: [63, 750, 16, 0, 189, 11, 5, 11, 0, 51, 0, 66, 24, 0, 320, 0]
2026-09-09 19:18:27 - __main__ - INFO - community_type priors: [42, 1112, 32, 208, 11]
2026-09-09 19:18:27 - __main__ - INFO - feature priors: [6, 34, 114, 40, 82, 0, 52, 24, 29, 10]
2026-09-09 19:18:27 - __main__ - INFO - sample_host priors: [6, 0, 32, 0, 11, 4, 4, 0, 17, 12, 11, 945, 16, 11, 0, 8, 11, 9, 0, 0, 0, 0, 4, 316]
2026-09-09 19:18:27 - __main__ - INFO - material priors: [127, 878, 0, 11, 114, 32, 48, 11, 0, 31, 62, 98, 24, 0, 315, 11]
2026-09-09 19:19:49 - __main__ - INFO - community_type priors: [47, 979, 43, 70, 11]
2026-09-09 19:19:49 - __main__ - INFO - feature priors: [0, 34, 127, 0, 89, 0, 52, 0, 0, 10]
2026-09-09 19:19:49 - __main__ - INFO - sample_host priors: [0, 11, 32, 16, 0, 4, 4, 20, 0, 0, 0, 687, 0, 11, 0, 0, 0, 0, 4, 5, 1, 24, 4, 339]
2026-09-09 19:19:49 - __main__ - INFO - material priors: [64, 842, 16, 11, 127, 43, 53, 0, 0, 20, 62, 36, 0, 0, 143, 11]
2026-09-09 19:20:26 - __main__ - INFO - community_type priors: [67, 983, 11, 150, 0]
2026-09-09 19:20:26 - __main__ - INFO - feature priors: [6, 0, 189, 40, 7, 0, 0, 24, 29, 0]
2026-09-09 19:20:26 - __main__ - INFO - sample_host priors: [6, 11, 0, 16, 11, 0, 0, 20, 17, 12, 11, 1006, 16, 0, 0, 8, 11, 9, 4, 5, 1, 24, 0, 23]
2026-09-09 19:20:26 - __main__ - INFO - material priors: [63, 750, 16, 0, 189, 11, 5, 11, 0, 51, 0, 66, 24, 0, 320, 0]
2026-09-09 19:21:17 - __main__ - INFO - community_type priors: [42, 1112, 32, 208, 11]
2026-09-09 19:21:17 - __main__ - INFO - feature priors: [6, 34, 114, 40, 82, 0, 52, 24, 29, 10]
2026-09-09 19:21:17 - __main__ - INFO - sample_host priors: [6, 0, 32, 0, 11, 4, 4, 0, 17, 12, 11, 945, 16, 11, 0, 8, 11, 9, 0, 0, 0, 0, 4, 316]
2026-09-09 19:21:17 - __main__ - INFO - material priors: [127, 878, 0, 11, 114, 32, 48, 11, 0, 31, 62, 98, 24, 0, 315, 11]
2026-09-09 19:22:01 - __main__ - INFO - community_type priors: [47, 979, 43, 70, 11]
2026-09-09 19:22:01 - __main__ - INFO - feature priors: [0, 34, 127, 0, 89, 0, 52, 0, 0, 10]
2026-09-09 19:22:01 - __main__ - INFO - sample_host priors: [0, 11, 32, 16, 0, 4, 4, 20, 0, 0, 0, 687, 0, 11, 0, 0, 0, 0, 4, 5, 1, 24, 4, 339]
2026-09-09 19:22:01 - __main__ - INFO - material priors: [64, 842, 16, 11, 127, 43, 53, 0, 0, 20, 62, 36, 0, 0, 143, 11]
2026-09-09 19:23:11 - __main__ - INFO - community_type priors: [67, 983, 11, 150, 0]
2026-09-09 19:23:11 - __main__ - INFO - feature priors: [6, 0, 189, 40, 7, 0, 0, 24, 29, 0]
2026-09-09 19:23:11 - __main__ - INFO - sample_host priors: [6, 11, 0, 16, 11, 0, 0, 20, 17, 12, 11, 1006, 16, 0, 0, 8, 11, 9, 4, 5, 1, 24, 0, 23]
2026-09-09 19:23:11 - __main__ - INFO - material priors: [63, 750, 16, 0, 189, 11, 5, 11, 0, 51, 0, 66, 24, 0, 320, 0]
2026-09-09 19:23:48 - __main__ - INFO - community_type priors: [42, 1112, 32, 208, 11]
2026-09-09 19:23:48 - __main__ - INFO - feature priors: [6, 34, 114, 40, 82, 0, 52, 24, 29, 10]
2026-09-09 19:23:48 - __main__ - INFO - sample_host priors: [6, 0, 32, 0, 11, 4, 4, 0, 17, 12, 11, 945, 16, 11, 0, 8, 11, 9, 0, 0, 0, 0, 4, 316]
2026-09-09 19:23:48 - __main__ - INFO - material priors: [127, 878, 0, 11, 114, 32, 48, 11, 0, 31, 62, 98, 24, 0, 315, 11]
2026-09-09 19:24:28 - __main__ - INFO - community_type priors: [47, 979, 43, 70, 11]
2026-09-09 19:24:28 - __main__ - INFO - feature priors: [0, 34, 127, 0, 89, 0, 52, 0, 0, 10]
2026-09-09 19:24:28 - __main__ - INFO - sample_host priors: [0, 11, 32, 16, 0, 4, 4, 20, 0, 0, 0, 687, 0, 11, 0, 0, 0, 0, 4, 5, 1, 24, 4, 339]
2026-09-09 19:24:28 - __main__ - INFO - material priors: [64, 842, 16, 11, 127, 43, 53, 0, 0, 20, 62, 36, 0, 0, 143, 11]
2026-09-09 19:25:02 - __main__ - INFO - community_type priors: [67, 983, 11, 150, 0]
2026-09-09 19:25:02 - __main__ - INFO - feature priors: [6, 0, 189, 40, 7, 0, 0, 24, 29, 0]
2026-09-09 19:25:02 - __main__ - INFO - sample_host priors: [6, 11, 0, 16, 11, 0, 0, 20, 17, 12, 11, 1006, 16, 0, 0, 8, 11, 9, 4, 5, 1, 24, 0, 23]
2026-09-09 19:25:02 - __main__ - INFO - material priors: [63, 750, 16, 0, 189, 11, 5, 11, 0, 51, 0, 66, 24, 0, 320, 0]
2026-09-09 19:25:39 - __main__ - INFO - community_type priors: [42, 1112, 32, 208, 11]
2026-09-09 19:25:39 - __main__ - INFO - feature priors: [6, 34, 114, 40, 82, 0, 52, 24, 29, 10]
2026-09-09 19:25:39 - __main__ - INFO - sample_host priors: [6, 0, 32, 0, 11, 4, 4, 0, 17, 12, 11, 945, 16, 11, 0, 8, 11, 9, 0, 0, 0, 0, 4, 316]
2026-09-09 19:25:39 - __main__ - INFO - material priors: [127, 878, 0, 11, 114, 32, 48, 11, 0, 31, 62, 98, 24, 0, 315, 11]
2026-09-09 19:26:54 - __main__ - INFO - community_type priors: [47, 979, 43, 70, 11]
2026-09-09 19:26:54 - __main__ - INFO - feature priors: [0, 34, 127, 0, 89, 0, 52, 0, 0, 10]
2026-09-09 19:26:54 - __main__ - INFO - sample_host priors: [0, 11, 32, 16, 0, 4, 4, 20, 0, 0, 0, 687, 0, 11, 0, 0, 0, 0, 4, 5, 1, 24, 4, 339]
2026-09-09 19:26:54 - __main__ - INFO - material priors: [64, 842, 16, 11, 127, 43, 53, 0, 0, 20, 62, 36, 0, 0, 143, 11]
2026-09-09 19:27:56 - __main__ - INFO - community_type priors: [67, 983, 11, 150, 0]
2026-09-09 19:27:56 - __main__ - INFO - feature priors: [6, 0, 189, 40, 7, 0, 0, 24, 29, 0]
2026-09-09 19:27:56 - __main__ - INFO - sample_host priors: [6, 11, 0, 16, 11, 0, 0, 20, 17, 12, 11, 1006, 16, 0, 0, 8, 11, 9, 4, 5, 1, 24, 0, 23]
2026-09-09 19:27:56 - __main__ - INFO - material priors: [63, 750, 16, 0, 189, 11, 5, 11, 0, 51, 0, 66, 24, 0, 320, 0]
2026-09-09 19:28:39 - __main__ - INFO - community_type priors: [42, 1112, 32, 208, 11]
2026-09-09 19:28:39 - __main__ - INFO - feature priors: [6, 34, 114, 40, 82, 0, 52, 24, 29, 10]
2026-09-09 19:28:39 - __main__ - INFO - sample_host priors: [6, 0, 32, 0, 11, 4, 4, 0, 17, 12, 11, 945, 16, 11, 0, 8, 11, 9, 0, 0, 0, 0, 4, 316]
2026-09-09 19:28:39 - __main__ - INFO - material priors: [127, 878, 0, 11, 114, 32, 48, 11, 0, 31, 62, 98, 24, 0, 315, 11]
2026-09-09 19:29:27 - __main__ - INFO - community_type priors: [47, 979, 43, 70, 11]
2026-09-09 19:29:27 - __main__ - INFO - feature priors: [0, 34, 127, 0, 89, 0, 52, 0, 0, 10]
2026-09-09 19:29:27 - __main__ - INFO - sample_host priors: [0, 11, 32, 16, 0, 4, 4, 20, 0, 0, 0, 687, 0, 11, 0, 0, 0, 0, 4, 5, 1, 24, 4, 339]
2026-09-09 19:29:27 - __main__ - INFO - material priors: [64, 842, 16, 11, 127, 43, 53, 0, 0, 20, 62, 36, 0, 0, 143, 11]
2026-09-09 19:30:12 - __main__ - INFO - community_type priors: [67, 983, 11, 150, 0]
2026-09-09 19:30:12 - __main__ - INFO - feature priors: [6, 0, 189, 40, 7, 0, 0, 24, 29, 0]
2026-09-09 19:30:12 - __main__ - INFO - sample_host priors: [6, 11, 0, 16, 11, 0, 0, 20, 17, 12, 11, 1006, 16, 0, 0, 8, 11, 9, 4, 5, 1, 24, 0, 23]
2026-09-09 19:30:12 - __main__ - INFO - material priors: [63, 750, 16, 0, 189, 11, 5, 11, 0, 51, 0, 66, 24, 0, 320, 0]
2026-09-09 19:31:13 - __main__ - INFO - community_type priors: [42, 1112, 32, 208, 11]
2026-09-09 19:31:13 - __main__ - INFO - feature priors: [6, 34, 114, 40, 82, 0, 52, 24, 29, 10]
2026-09-09 19:31:13 - __main__ - INFO - sample_host priors: [6, 0, 32, 0, 11, 4, 4, 0, 17, 12, 11, 945, 16, 11, 0, 8, 11, 9, 0, 0, 0, 0, 4, 316]
2026-09-09 19:31:13 - __main__ - INFO - material priors: [127, 878, 0, 11, 114, 32, 48, 11, 0, 31, 62, 98, 24, 0, 315, 11]
2026-09-09 19:32:26 - __main__ - INFO - community_type priors: [47, 979, 43, 70, 11]
2026-09-09 19:32:26 - __main__ - INFO - feature priors: [0, 34, 127, 0, 89, 0, 52, 0, 0, 10]
2026-09-09 19:32:26 - __main__ - INFO - sample_host priors: [0, 11, 32, 16, 0, 4, 4, 20, 0, 0, 0, 687, 0, 11, 0, 0, 0, 0, 4, 5, 1, 24, 4, 339]
2026-09-09 19:32:26 - __main__ - INFO - material priors: [64, 842, 16, 11, 127, 43, 53, 0, 0, 20, 62, 36, 0, 0, 143, 11]
2026-09-09 19:33:45 - __main__ - INFO - community_type priors: [67, 983, 11, 150, 0]
2026-09-09 19:33:45 - __main__ - INFO - feature priors: [6, 0, 189, 40, 7, 0, 0, 24, 29, 0]
2026-09-09 19:33:45 - __main__ - INFO - sample_host priors: [6, 11, 0, 16, 11, 0, 0, 20, 17, 12, 11, 1006, 16, 0, 0, 8, 11, 9, 4, 5, 1, 24, 0, 23]
2026-09-09 19:33:45 - __main__ - INFO - material priors: [63, 750, 16, 0, 189, 11, 5, 11, 0, 51, 0, 66, 24, 0, 320, 0]
2026-09-09 19:34:35 - __main__ - INFO - community_type priors: [42, 1112, 32, 208, 11]
2026-09-09 19:34:35 - __main__ - INFO - feature priors: [6, 34, 114, 40, 82, 0, 52, 24, 29, 10]
2026-09-09 19:34:35 - __main__ - INFO - sample_host priors: [6, 0, 32, 0, 11, 4, 4, 0, 17, 12, 11, 945, 16, 11, 0, 8, 11, 9, 0, 0, 0, 0, 4, 316]
2026-09-09 19:34:35 - __main__ - INFO - material priors: [127, 878, 0, 11, 114, 32, 48, 11, 0, 31, 62, 98, 24, 0, 315, 11]
2026-09-09 19:35:38 - __main__ - INFO - community_type priors: [47, 979, 43, 70, 11]
2026-09-09 19:35:38 - __main__ - INFO - feature priors: [0, 34, 127, 0, 89, 0, 52, 0, 0, 10]
2026-09-09 19:35:38 - __main__ - INFO - sample_host priors: [0, 11, 32, 16, 0, 4, 4, 20, 0, 0, 0, 687, 0, 11, 0, 0, 0, 0, 4, 5, 1, 24, 4, 339]
2026-09-09 19:35:38 - __main__ - INFO - material priors: [64, 842, 16, 11, 127, 43, 53, 0, 0, 20, 62, 36, 0, 0, 143, 11]
2026-09-09 19:36:11 - __main__ - INFO - community_type priors: [67, 983, 11, 150, 0]
2026-09-09 19:36:11 - __main__ - INFO - feature priors: [6, 0, 189, 40, 7, 0, 0, 24, 29, 0]
2026-09-09 19:36:11 - __main__ - INFO - sample_host priors: [6, 11, 0, 16, 11, 0, 0, 20, 17, 12, 11, 1006, 16, 0, 0, 8, 11, 9, 4, 5, 1, 24, 0, 23]
2026-09-09 19:36:11 - __main__ - INFO - material priors: [63, 750, 16, 0, 189, 11, 5, 11, 0, 51, 0, 66, 24, 0, 320, 0]
2026-09-09 19:36:52 - __main__ - INFO - community_type priors: [42, 1112, 32, 208, 11]
2026-09-09 19:36:52 - __main__ - INFO - feature priors: [6, 34, 114, 40, 82, 0, 52, 24, 29, 10]
2026-09-09 19:36:52 - __main__ - INFO - sample_host priors: [6, 0, 32, 0, 11, 4, 4, 0, 17, 12, 11, 945, 16, 11, 0, 8, 11, 9, 0, 0, 0, 0, 4, 316]
2026-09-09 19:36:52 - __main__ - INFO - material priors: [127, 878, 0, 11, 114, 32, 48, 11, 0, 31, 62, 98, 24, 0, 315, 11]
2026-09-09 19:37:37 - __main__ - INFO - community_type priors: [47, 979, 43, 70, 11]
2026-09-09 19:37:37 - __main__ - INFO - feature priors: [0, 34, 127, 0, 89, 0, 52, 0, 0, 10]
2026-09-09 19:37:37 - __main__ - INFO - sample_host priors: [0, 11, 32, 16, 0, 4, 4, 20, 0, 0, 0, 687, 0, 11, 0, 0, 0, 0, 4, 5, 1, 24, 4, 339]
2026-09-09 19:37:37 - __main__ - INFO - material priors: [64, 842, 16, 11, 127, 43, 53, 0, 0, 20, 62, 36, 0, 0, 143, 11]
2026-09-09 19:38:09 - __main__ - INFO - community_type priors: [67, 983, 11, 150, 0]
2026-09-09 19:38:09 - __main__ - INFO - feature priors: [6, 0, 189, 40, 7, 0, 0, 24, 29, 0]
2026-09-09 19:38:09 - __main__ - INFO - sample_host priors: [6, 11, 0, 16, 11, 0, 0, 20, 17, 12, 11, 1006, 16, 0, 0, 8, 11, 9, 4, 5, 1, 24, 0, 23]
2026-09-09 19:38:09 - __main__ - INFO - material priors: [63, 750, 16, 0, 189, 11, 5, 11, 0, 51, 0, 66, 24, 0, 320, 0]
2026-09-09 19:38:58 - __main__ - INFO - community_type priors: [42, 1112, 32, 208, 11]
2026-09-09 19:38:58 - __main__ - INFO - feature priors: [6, 34, 114, 40, 82, 0, 52, 24, 29, 10]
2026-09-09 19:38:58 - __main__ - INFO - sample_host priors: [6, 0, 32, 0, 11, 4, 4, 0, 17, 12, 11, 945, 16, 11, 0, 8, 11, 9, 0, 0, 0, 0, 4, 316]
2026-09-09 19:38:58 - __main__ - INFO - material priors: [127, 878, 0, 11, 114, 32, 48, 11, 0, 31, 62, 98, 24, 0, 315, 11]
2026-09-09 19:39:46 - __main__ - INFO - community_type priors: [47, 979, 43, 70, 11]
2026-09-09 19:39:46 - __main__ - INFO - feature priors: [0, 34, 127, 0, 89, 0, 52, 0, 0, 10]
2026-09-09 19:39:46 - __main__ - INFO - sample_host priors: [0, 11, 32, 16, 0, 4, 4, 20, 0, 0, 0, 687, 0, 11, 0, 0, 0, 0, 4, 5, 1, 24, 4, 339]
2026-09-09 19:39:46 - __main__ - INFO - material priors: [64, 842, 16, 11, 127, 43, 53, 0, 0, 20, 62, 36, 0, 0, 143, 11]
2026-09-09 19:40:15 - __main__ - INFO - community_type priors: [67, 983, 11, 150, 0]
2026-09-09 19:40:15 - __main__ - INFO - feature priors: [6, 0, 189, 40, 7, 0, 0, 24, 29, 0]
2026-09-09 19:40:15 - __main__ - INFO - sample_host priors: [6, 11, 0, 16, 11, 0, 0, 20, 17, 12, 11, 1006, 16, 0, 0, 8, 11, 9, 4, 5, 1, 24, 0, 23]
2026-09-09 19:40:15 - __main__ - INFO - material priors: [63, 750, 16, 0, 189, 11, 5, 11, 0, 51, 0, 66, 24, 0, 320, 0]
2026-09-09 19:40:53 - __main__ - INFO - community_type priors: [42, 1112, 32, 208, 11]
2026-09-09 19:40:53 - __main__ - INFO - feature priors: [6, 34, 114, 40, 82, 0, 52, 24, 29, 10]
2026-09-09 19:40:53 - __main__ - INFO - sample_host priors: [6, 0, 32, 0, 11, 4, 4, 0, 17, 12, 11, 945, 16, 11, 0, 8, 11, 9, 0, 0, 0, 0, 4, 316]
2026-09-09 19:40:53 - __main__ - INFO - material priors: [127, 878, 0, 11, 114, 32, 48, 11, 0, 31, 62, 98, 24, 0, 315, 11]
2026-09-09 19:41:30 - __main__ - INFO - community_type priors: [47, 979, 43, 70, 11]
2026-09-09 19:41:30 - __main__ - INFO - feature priors: [0, 34, 127, 0, 89, 0, 52, 0, 0, 10]
2026-09-09 19:41:30 - __main__ - INFO - sample_host priors: [0, 11, 32, 16, 0, 4, 4, 20, 0, 0, 0, 687, 0, 11, 0, 0, 0, 0, 4, 5, 1, 24, 4, 339]
2026-09-09 19:41:30 - __main__ - INFO - material priors: [64, 842, 16, 11, 127, 43, 53, 0, 0, 20, 62, 36, 0, 0, 143, 11]
2026-09-09 19:42:03 - __main__ - INFO - community_type priors: [67, 983, 11, 150, 0]
2026-09-09 19:42:03 - __main__ - INFO - feature priors: [6, 0, 189, 40, 7, 0, 0, 24, 29, 0]
2026-09-09 19:42:03 - __main__ - INFO - sample_host priors: [6, 11, 0, 16, 11, 0, 0, 20, 17, 12, 11, 1006, 16, 0, 0, 8, 11, 9, 4, 5, 1, 24, 0, 23]
2026-09-09 19:42:03 - __main__ - INFO - material priors: [63, 750, 16, 0, 189, 11, 5, 11, 0, 51, 0, 66, 24, 0, 320, 0]
2026-09-09 19:42:52 - __main__ - INFO - community_type priors: [42, 1112, 32, 208, 11]
2026-09-09 19:42:52 - __main__ - INFO - feature priors: [6, 34, 114, 40, 82, 0, 52, 24, 29, 10]
2026-09-09 19:42:52 - __main__ - INFO - sample_host priors: [6, 0, 32, 0, 11, 4, 4, 0, 17, 12, 11, 945, 16, 11, 0, 8, 11, 9, 0, 0, 0, 0, 4, 316]
2026-09-09 19:42:52 - __main__ - INFO - material priors: [127, 878, 0, 11, 114, 32, 48, 11, 0, 31, 62, 98, 24, 0, 315, 11]
2026-09-09 19:43:50 - __main__ - INFO - community_type priors: [47, 979, 43, 70, 11]
2026-09-09 19:43:50 - __main__ - INFO - feature priors: [0, 34, 127, 0, 89, 0, 52, 0, 0, 10]
2026-09-09 19:43:50 - __main__ - INFO - sample_host priors: [0, 11, 32, 16, 0, 4, 4, 20, 0, 0, 0, 687, 0, 11, 0, 0, 0, 0, 4, 5, 1, 24, 4, 339]
2026-09-09 19:43:50 - __main__ - INFO - material priors: [64, 842, 16, 11, 127, 43, 53, 0, 0, 20, 62, 36, 0, 0, 143, 11]
2026-09-09 19:44:23 - __main__ - INFO - community_type priors: [67, 983, 11, 150, 0]
2026-09-09 19:44:23 - __main__ - INFO - feature priors: [6, 0, 189, 40, 7, 0, 0, 24, 29, 0]
2026-09-09 19:44:23 - __main__ - INFO - sample_host priors: [6, 11, 0, 16, 11, 0, 0, 20, 17, 12, 11, 1006, 16, 0, 0, 8, 11, 9, 4, 5, 1, 24, 0, 23]
2026-09-09 19:44:23 - __main__ - INFO - material priors: [63, 750, 16, 0, 189, 11, 5, 11, 0, 51, 0, 66, 24, 0, 320, 0]
2026-09-09 19:45:12 - __main__ - INFO - community_type priors: [42, 1112, 32, 208, 11]
2026-09-09 19:45:12 - __main__ - INFO - feature priors: [6, 34, 114, 40, 82, 0, 52, 24, 29, 10]
2026-09-09 19:45:12 - __main__ - INFO - sample_host priors: [6, 0, 32, 0, 11, 4, 4, 0, 17, 12, 11, 945, 16, 11, 0, 8, 11, 9, 0, 0, 0, 0, 4, 316]
2026-09-09 19:45:12 - __main__ - INFO - material priors: [127, 878, 0, 11, 114, 32, 48, 11, 0, 31, 62, 98, 24, 0, 315, 11]
2026-09-09 19:46:07 - __main__ - INFO - community_type priors: [47, 979, 43, 70, 11]
2026-09-09 19:46:07 - __main__ - INFO - feature priors: [0, 34, 127, 0, 89, 0, 52, 0, 0, 10]
2026-09-09 19:46:07 - __main__ - INFO - sample_host priors: [0, 11, 32, 16, 0, 4, 4, 20, 0, 0, 0, 687, 0, 11, 0, 0, 0, 0, 4, 5, 1, 24, 4, 339]
2026-09-09 19:46:07 - __main__ - INFO - material priors: [64, 842, 16, 11, 127, 43, 53, 0, 0, 20, 62, 36, 0, 0, 143, 11]
2026-09-09 19:46:58 - __main__ - INFO - community_type priors: [67, 983, 11, 150, 0]
2026-09-09 19:46:58 - __main__ - INFO - feature priors: [6, 0, 189, 40, 7, 0, 0, 24, 29, 0]
2026-09-09 19:46:58 - __main__ - INFO - sample_host priors: [6, 11, 0, 16, 11, 0, 0, 20, 17, 12, 11, 1006, 16, 0, 0, 8, 11, 9, 4, 5, 1, 24, 0, 23]
2026-09-09 19:46:58 - __main__ - INFO - material priors: [63, 750, 16, 0, 189, 11, 5, 11, 0, 51, 0, 66, 24, 0, 320, 0]
2026-09-09 19:47:42 - __main__ - INFO - community_type priors: [42, 1112, 32, 208, 11]
2026-09-09 19:47:42 - __main__ - INFO - feature priors: [6, 34, 114, 40, 82, 0, 52, 24, 29, 10]
2026-09-09 19:47:42 - __main__ - INFO - sample_host priors: [6, 0, 32, 0, 11, 4, 4, 0, 17, 12, 11, 945, 16, 11, 0, 8, 11, 9, 0, 0, 0, 0, 4, 316]
2026-09-09 19:47:42 - __main__ - INFO - material priors: [127, 878, 0, 11, 114, 32, 48, 11, 0, 31, 62, 98, 24, 0, 315, 11]
2026-09-09 19:48:24 - __main__ - INFO - community_type priors: [47, 979, 43, 70, 11]
2026-09-09 19:48:24 - __main__ - INFO - feature priors: [0, 34, 127, 0, 89, 0, 52, 0, 0, 10]
2026-09-09 19:48:24 - __main__ - INFO - sample_host priors: [0, 11, 32, 16, 0, 4, 4, 20, 0, 0, 0, 687, 0, 11, 0, 0, 0, 0, 4, 5, 1, 24, 4, 339]
2026-09-09 19:48:24 - __main__ - INFO - material priors: [64, 842, 16, 11, 127, 43, 53, 0, 0, 20, 62, 36, 0, 0, 143, 11]
2026-09-09 19:48:54 - __main__ - INFO - community_type priors: [67, 983, 11, 150, 0]
2026-09-09 19:48:54 - __main__ - INFO - feature priors: [6, 0, 189, 40, 7, 0, 0, 24, 29, 0]
2026-09-09 19:48:54 - __main__ - INFO - sample_host priors: [6, 11, 0, 16, 11, 0, 0, 20, 17, 12, 11, 1006, 16, 0, 0, 8, 11, 9, 4, 5, 1, 24, 0, 23]
2026-09-09 19:48:54 - __main__ - INFO - material priors: [63, 750, 16, 0, 189, 11, 5, 11, 0, 51, 0, 66, 24, 0, 320, 0]
2026-09-09 19:49:24 - __main__ - INFO - community_type priors: [42, 1112, 32, 208, 11]
2026-09-09 19:49:24 - __main__ - INFO - feature priors: [6, 34, 114, 40, 82, 0, 52, 24, 29, 10]
2026-09-09 19:49:24 - __main__ - INFO - sample_host priors: [6, 0, 32, 0, 11, 4, 4, 0, 17, 12, 11, 945, 16, 11, 0, 8, 11, 9, 0, 0, 0, 0, 4, 316]
2026-09-09 19:49:24 - __main__ - INFO - material priors: [127, 878, 0, 11, 114, 32, 48, 11, 0, 31, 62, 98, 24, 0, 315, 11]
2026-09-09 19:50:22 - __main__ - INFO - community_type priors: [47, 979, 43, 70, 11]
2026-09-09 19:50:22 - __main__ - INFO - feature priors: [0, 34, 127, 0, 89, 0, 52, 0, 0, 10]
2026-09-09 19:50:22 - __main__ - INFO - sample_host priors: [0, 11, 32, 16, 0, 4, 4, 20, 0, 0, 0, 687, 0, 11, 0, 0, 0, 0, 4, 5, 1, 24, 4, 339]
2026-09-09 19:50:22 - __main__ - INFO - material priors: [64, 842, 16, 11, 127, 43, 53, 0, 0, 20, 62, 36, 0, 0, 143, 11]
2026-09-09 19:51:06 - __main__ - INFO - community_type priors: [67, 983, 11, 150, 0]
2026-09-09 19:51:06 - __main__ - INFO - feature priors: [6, 0, 189, 40, 7, 0, 0, 24, 29, 0]
2026-09-09 19:51:06 - __main__ - INFO - sample_host priors: [6, 11, 0, 16, 11, 0, 0, 20, 17, 12, 11, 1006, 16, 0, 0, 8, 11, 9, 4, 5, 1, 24, 0, 23]
2026-09-09 19:51:06 - __main__ - INFO - material priors: [63, 750, 16, 0, 189, 11, 5, 11, 0, 51, 0, 66, 24, 0, 320, 0]
2026-09-09 19:51:54 - __main__ - INFO - community_type priors: [42, 1112, 32, 208, 11]
2026-09-09 19:51:54 - __main__ - INFO - feature priors: [6, 34, 114, 40, 82, 0, 52, 24, 29, 10]
2026-09-09 19:51:54 - __main__ - INFO - sample_host priors: [6, 0, 32, 0, 11, 4, 4, 0, 17, 12, 11, 945, 16, 11, 0, 8, 11, 9, 0, 0, 0, 0, 4, 316]
2026-09-09 19:51:54 - __main__ - INFO - material priors: [127, 878, 0, 11, 114, 32, 48, 11, 0, 31, 62, 98, 24, 0, 315, 11]
2026-09-09 19:52:56 - __main__ - INFO - community_type priors: [47, 979, 43, 70, 11]
2026-09-09 19:52:56 - __main__ - INFO - feature priors: [0, 34, 127, 0, 89, 0, 52, 0, 0, 10]
2026-09-09 19:52:56 - __main__ - INFO - sample_host priors: [0, 11, 32, 16, 0, 4, 4, 20, 0, 0, 0, 687, 0, 11, 0, 0, 0, 0, 4, 5, 1, 24, 4, 339]
2026-09-09 19:52:56 - __main__ - INFO - material priors: [64, 842, 16, 11, 127, 43, 53, 0, 0, 20, 62, 36, 0, 0, 143, 11]
2026-09-09 19:53:50 - __main__ - INFO - community_type priors: [67, 983, 11, 150, 0]
2026-09-09 19:53:50 - __main__ - INFO - feature priors: [6, 0, 189, 40, 7, 0, 0, 24, 29, 0]
2026-09-09 19:53:50 - __main__ - INFO - sample_host priors: [6, 11, 0, 16, 11, 0, 0, 20, 17, 12, 11, 1006, 16, 0, 0, 8, 11, 9, 4, 5, 1, 24, 0, 23]
2026-09-09 19:53:50 - __main__ - INFO - material priors: [63, 750, 16, 0, 189, 11, 5, 11, 0, 51, 0, 66, 24, 0, 320, 0]
2026-09-09 19:54:42 - __main__ - INFO - community_type priors: [42, 1112, 32, 208, 11]
2026-09-09 19:54:42 - __main__ - INFO - feature priors: [6, 34, 114, 40, 82, 0, 52, 24, 29, 10]
2026-09-09 19:54:42 - __main__ - INFO - sample_host priors: [6, 0, 32, 0, 11, 4, 4, 0, 17, 12, 11, 945, 16, 11, 0, 8, 11, 9, 0, 0, 0, 0, 4, 316]
2026-09-09 19:54:42 - __main__ - INFO - material priors: [127, 878, 0, 11, 114, 32, 48, 11, 0, 31, 62, 98, 24, 0, 315, 11]
2026-09-09 19:55:44 - __main__ - INFO - community_type priors: [47, 979, 43, 70, 11]
2026-09-09 19:55:44 - __main__ - INFO - feature priors: [0, 34, 127, 0, 89, 0, 52, 0, 0, 10]
2026-09-09 19:55:44 - __main__ - INFO - sample_host priors: [0, 11, 32, 16, 0, 4, 4, 20, 0, 0, 0, 687, 0, 11, 0, 0, 0, 0, 4, 5, 1, 24, 4, 339]
2026-09-09 19:55:44 - __main__ - INFO - material priors: [64, 842, 16, 11, 127, 43, 53, 0, 0, 20, 62, 36, 0, 0, 143, 11]
2026-09-09 19:56:32 - __main__ - INFO - community_type priors: [67, 983, 11, 150, 0]
2026-09-09 19:56:32 - __main__ - INFO - feature priors: [6, 0, 189, 40, 7, 0, 0, 24, 29, 0]
2026-09-09 19:56:32 - __main__ - INFO - sample_host priors: [6, 11, 0, 16, 11, 0, 0, 20, 17, 12, 11, 1006, 16, 0, 0, 8, 11, 9, 4, 5, 1, 24, 0, 23]
2026-09-09 19:56:32 - __main__ - INFO - material priors: [63, 750, 16, 0, 189, 11, 5, 11, 0, 51, 0, 66, 24, 0, 320, 0]
2026-09-09 19:57:24 - __main__ - INFO - community_type priors: [42, 1112, 32, 208, 11]
2026-09-09 19:57:24 - __main__ - INFO - feature priors: [6, 34, 114, 40, 82, 0, 52, 24, 29, 10]
2026-09-09 19:57:24 - __main__ - INFO - sample_host priors: [6, 0, 32, 0, 11, 4, 4, 0, 17, 12, 11, 945, 16, 11, 0, 8, 11, 9, 0, 0, 0, 0, 4, 316]
2026-09-09 19:57:24 - __main__ - INFO - material priors: [127, 878, 0, 11, 114, 32, 48, 11, 0, 31, 62, 98, 24, 0, 315, 11]
2026-09-09 19:58:23 - __main__ - INFO - community_type priors: [47, 979, 43, 70, 11]
2026-09-09 19:58:23 - __main__ - INFO - feature priors: [0, 34, 127, 0, 89, 0, 52, 0, 0, 10]
2026-09-09 19:58:23 - __main__ - INFO - sample_host priors: [0, 11, 32, 16, 0, 4, 4, 20, 0, 0, 0, 687, 0, 11, 0, 0, 0, 0, 4, 5, 1, 24, 4, 339]
2026-09-09 19:58:23 - __main__ - INFO - material priors: [64, 842, 16, 11, 127, 43, 53, 0, 0, 20, 62, 36, 0, 0, 143, 11]
2026-09-09 19:58:50 - __main__ - INFO - community_type priors: [67, 983, 11, 150, 0]
2026-09-09 19:58:50 - __main__ - INFO - feature priors: [6, 0, 189, 40, 7, 0, 0, 24, 29, 0]
2026-09-09 19:58:50 - __main__ - INFO - sample_host priors: [6, 11, 0, 16, 11, 0, 0, 20, 17, 12, 11, 1006, 16, 0, 0, 8, 11, 9, 4, 5, 1, 24, 0, 23]
2026-09-09 19:58:50 - __main__ - INFO - material priors: [63, 750, 16, 0, 189, 11, 5, 11, 0, 51, 0, 66, 24, 0, 320, 0]
2026-09-09 19:59:36 - __main__ - INFO - community_type priors: [42, 1112, 32, 208, 11]
2026-09-09 19:59:36 - __main__ - INFO - feature priors: [6, 34, 114, 40, 82, 0, 52, 24, 29, 10]
2026-09-09 19:59:36 - __main__ - INFO - sample_host priors: [6, 0, 32, 0, 11, 4, 4, 0, 17, 12, 11, 945, 16, 11, 0, 8, 11, 9, 0, 0, 0, 0, 4, 316]
2026-09-09 19:59:36 - __main__ - INFO - material priors: [127, 878, 0, 11, 114, 32, 48, 11, 0, 31, 62, 98, 24, 0, 315, 11]
2026-09-09 20:00:28 - __main__ - INFO - community_type priors: [47, 979, 43, 70, 11]
2026-09-09 20:00:28 - __main__ - INFO - feature priors: [0, 34, 127, 0, 89, 0, 52, 0, 0, 10]
2026-09-09 20:00:28 - __main__ - INFO - sample_host priors: [0, 11, 32, 16, 0, 4, 4, 20, 0, 0, 0, 687, 0, 11, 0, 0, 0, 0, 4, 5, 1, 24, 4, 339]
2026-09-09 20:00:28 - __main__ - INFO - material priors: [64, 842, 16, 11, 127, 43, 53, 0, 0, 20, 62, 36, 0, 0, 143, 11]
2026-09-09 20:01:10 - __main__ - INFO - community_type priors: [67, 983, 11, 150, 0]
2026-09-09 20:01:10 - __main__ - INFO - feature priors: [6, 0, 189, 40, 7, 0, 0, 24, 29, 0]
2026-09-09 20:01:10 - __main__ - INFO - sample_host priors: [6, 11, 0, 16, 11, 0, 0, 20, 17, 12, 11, 1006, 16, 0, 0, 8, 11, 9, 4, 5, 1, 24, 0, 23]
2026-09-09 20:01:10 - __main__ - INFO - material priors: [63, 750, 16, 0, 189, 11, 5, 11, 0, 51, 0, 66, 24, 0, 320, 0]
2026-09-09 20:01:59 - __main__ - INFO - community_type priors: [42, 1112, 32, 208, 11]
2026-09-09 20:01:59 - __main__ - INFO - feature priors: [6, 34, 114, 40, 82, 0, 52, 24, 29, 10]
2026-09-09 20:01:59 - __main__ - INFO - sample_host priors: [6, 0, 32, 0, 11, 4, 4, 0, 17, 12, 11, 945, 16, 11, 0, 8, 11, 9, 0, 0, 0, 0, 4, 316]
2026-09-09 20:01:59 - __main__ - INFO - material priors: [127, 878, 0, 11, 114, 32, 48, 11, 0, 31, 62, 98, 24, 0, 315, 11]
2026-09-09 20:02:53 - __main__ - INFO - community_type priors: [47, 979, 43, 70, 11]
2026-09-09 20:02:53 - __main__ - INFO - feature priors: [0, 34, 127, 0, 89, 0, 52, 0, 0, 10]
2026-09-09 20:02:53 - __main__ - INFO - sample_host priors: [0, 11, 32, 16, 0, 4, 4, 20, 0, 0, 0, 687, 0, 11, 0, 0, 0, 0, 4, 5, 1, 24, 4, 339]
2026-09-09 20:02:53 - __main__ - INFO - material priors: [64, 842, 16, 11, 127, 43, 53, 0, 0, 20, 62, 36, 0, 0, 143, 11]
2026-09-09 20:03:31 - __main__ - INFO - community_type priors: [67, 983, 11, 150, 0]
2026-09-09 20:03:31 - __main__ - INFO - feature priors: [6, 0, 189, 40, 7, 0, 0, 24, 29, 0]
2026-09-09 20:03:31 - __main__ - INFO - sample_host priors: [6, 11, 0, 16, 11, 0, 0, 20, 17, 12, 11, 1006, 16, 0, 0, 8, 11, 9, 4, 5, 1, 24, 0, 23]
2026-09-09 20:03:31 - __main__ - INFO - material priors: [63, 750, 16, 0, 189, 11, 5, 11, 0, 51, 0, 66, 24, 0, 320, 0]
2026-09-09 20:04:11 - __main__ - INFO - community_type priors: [42, 1112, 32, 208, 11]
2026-09-09 20:04:11 - __main__ - INFO - feature priors: [6, 34, 114, 40, 82, 0, 52, 24, 29, 10]
2026-09-09 20:04:11 - __main__ - INFO - sample_host priors: [6, 0, 32, 0, 11, 4, 4, 0, 17, 12, 11, 945, 16, 11, 0, 8, 11, 9, 0, 0, 0, 0, 4, 316]
2026-09-09 20:04:11 - __main__ - INFO - material priors: [127, 878, 0, 11, 114, 32, 48, 11, 0, 31, 62, 98, 24, 0, 315, 11]
2026-09-09 20:04:42 - __main__ - INFO - community_type priors: [47, 979, 43, 70, 11]
2026-09-09 20:04:42 - __main__ - INFO - feature priors: [0, 34, 127, 0, 89, 0, 52, 0, 0, 10]
2026-09-09 20:04:42 - __main__ - INFO - sample_host priors: [0, 11, 32, 16, 0, 4, 4, 20, 0, 0, 0, 687, 0, 11, 0, 0, 0, 0, 4, 5, 1, 24, 4, 339]
2026-09-09 20:04:42 - __main__ - INFO - material priors: [64, 842, 16, 11, 127, 43, 53, 0, 0, 20, 62, 36, 0, 0, 143, 11]
2026-09-09 20:05:08 - __main__ - INFO - community_type priors: [67, 983, 11, 150, 0]
2026-09-09 20:05:08 - __main__ - INFO - feature priors: [6, 0, 189, 40, 7, 0, 0, 24, 29, 0]
2026-09-09 20:05:08 - __main__ - INFO - sample_host priors: [6, 11, 0, 16, 11, 0, 0, 20, 17, 12, 11, 1006, 16, 0, 0, 8, 11, 9, 4, 5, 1, 24, 0, 23]
2026-09-09 20:05:08 - __main__ - INFO - material priors: [63, 750, 16, 0, 189, 11, 5, 11, 0, 51, 0, 66, 24, 0, 320, 0]
2026-09-09 20:05:55 - __main__ - INFO - community_type priors: [42, 1112, 32, 208, 11]
2026-09-09 20:05:55 - __main__ - INFO - feature priors: [6, 34, 114, 40, 82, 0, 52, 24, 29, 10]
2026-09-09 20:05:55 - __main__ - INFO - sample_host priors: [6, 0, 32, 0, 11, 4, 4, 0, 17, 12, 11, 945, 16, 11, 0, 8, 11, 9, 0, 0, 0, 0, 4, 316]
2026-09-09 20:05:55 - __main__ - INFO - material priors: [127, 878, 0, 11, 114, 32, 48, 11, 0, 31, 62, 98, 24, 0, 315, 11]
2026-09-09 20:06:46 - __main__ - INFO - community_type priors: [47, 979, 43, 70, 11]
2026-09-09 20:06:46 - __main__ - INFO - feature priors: [0, 34, 127, 0, 89, 0, 52, 0, 0, 10]
2026-09-09 20:06:46 - __main__ - INFO - sample_host priors: [0, 11, 32, 16, 0, 4, 4, 20, 0, 0, 0, 687, 0, 11, 0, 0, 0, 0, 4, 5, 1, 24, 4, 339]
2026-09-09 20:06:46 - __main__ - INFO - material priors: [64, 842, 16, 11, 127, 43, 53, 0, 0, 20, 62, 36, 0, 0, 143, 11]
2026-09-09 20:07:32 - __main__ - INFO - community_type priors: [67, 983, 11, 150, 0]
2026-09-09 20:07:32 - __main__ - INFO - feature priors: [6, 0, 189, 40, 7, 0, 0, 24, 29, 0]
2026-09-09 20:07:32 - __main__ - INFO - sample_host priors: [6, 11, 0, 16, 11, 0, 0, 20, 17, 12, 11, 1006, 16, 0, 0, 8, 11, 9, 4, 5, 1, 24, 0, 23]
2026-09-09 20:07:32 - __main__ - INFO - material priors: [63, 750, 16, 0, 189, 11, 5, 11, 0, 51, 0, 66, 24, 0, 320, 0]
2026-09-09 20:08:22 - __main__ - INFO - community_type priors: [42, 1112, 32, 208, 11]
2026-09-09 20:08:22 - __main__ - INFO - feature priors: [6, 34, 114, 40, 82, 0, 52, 24, 29, 10]
2026-09-09 20:08:22 - __main__ - INFO - sample_host priors: [6, 0, 32, 0, 11, 4, 4, 0, 17, 12, 11, 945, 16, 11, 0, 8, 11, 9, 0, 0, 0, 0, 4, 316]
2026-09-09 20:08:22 - __main__ - INFO - material priors: [127, 878, 0, 11, 114, 32, 48, 11, 0, 31, 62, 98, 24, 0, 315, 11]
2026-09-09 20:09:21 - __main__ - INFO - community_type priors: [47, 979, 43, 70, 11]
2026-09-09 20:09:21 - __main__ - INFO - feature priors: [0, 34, 127, 0, 89, 0, 52, 0, 0, 10]
2026-09-09 20:09:21 - __main__ - INFO - sample_host priors: [0, 11, 32, 16, 0, 4, 4, 20, 0, 0, 0, 687, 0, 11, 0, 0, 0, 0, 4, 5, 1, 24, 4, 339]
2026-09-09 20:09:21 - __main__ - INFO - material priors: [64, 842, 16, 11, 127, 43, 53, 0, 0, 20, 62, 36, 0, 0, 143, 11]
2026-09-09 20:09:54 - __main__ - INFO - community_type priors: [67, 983, 11, 150, 0]
2026-09-09 20:09:54 - __main__ - INFO - feature priors: [6, 0, 189, 40, 7, 0, 0, 24, 29, 0]
2026-09-09 20:09:54 - __main__ - INFO - sample_host priors: [6, 11, 0, 16, 11, 0, 0, 20, 17, 12, 11, 1006, 16, 0, 0, 8, 11, 9, 4, 5, 1, 24, 0, 23]
2026-09-09 20:09:54 - __main__ - INFO - material priors: [63, 750, 16, 0, 189, 11, 5, 11, 0, 51, 0, 66, 24, 0, 320, 0]
2026-09-09 20:10:41 - __main__ - INFO - community_type priors: [42, 1112, 32, 208, 11]
2026-09-09 20:10:41 - __main__ - INFO - feature priors: [6, 34, 114, 40, 82, 0, 52, 24, 29, 10]
2026-09-09 20:10:41 - __main__ - INFO - sample_host priors: [6, 0, 32, 0, 11, 4, 4, 0, 17, 12, 11, 945, 16, 11, 0, 8, 11, 9, 0, 0, 0, 0, 4, 316]
2026-09-09 20:10:41 - __main__ - INFO - material priors: [127, 878, 0, 11, 114, 32, 48, 11, 0, 31, 62, 98, 24, 0, 315, 11]
2026-09-09 20:11:38 - __main__ - INFO - community_type priors: [47, 979, 43, 70, 11]
2026-09-09 20:11:38 - __main__ - INFO - feature priors: [0, 34, 127, 0, 89, 0, 52, 0, 0, 10]
2026-09-09 20:11:38 - __main__ - INFO - sample_host priors: [0, 11, 32, 16, 0, 4, 4, 20, 0, 0, 0, 687, 0, 11, 0, 0, 0, 0, 4, 5, 1, 24, 4, 339]
2026-09-09 20:11:38 - __main__ - INFO - material priors: [64, 842, 16, 11, 127, 43, 53, 0, 0, 20, 62, 36, 0, 0, 143, 11]
2026-09-09 20:12:14 - __main__ - INFO - community_type priors: [67, 983, 11, 150, 0]
2026-09-09 20:12:14 - __main__ - INFO - feature priors: [6, 0, 189, 40, 7, 0, 0, 24, 29, 0]
2026-09-09 20:12:14 - __main__ - INFO - sample_host priors: [6, 11, 0, 16, 11, 0, 0, 20, 17, 12, 11, 1006, 16, 0, 0, 8, 11, 9, 4, 5, 1, 24, 0, 23]
2026-09-09 20:12:14 - __main__ - INFO - material priors: [63, 750, 16, 0, 189, 11, 5, 11, 0, 51, 0, 66, 24, 0, 320, 0]
2026-09-09 20:12:58 - __main__ - INFO - community_type priors: [42, 1112, 32, 208, 11]
2026-09-09 20:12:58 - __main__ - INFO - feature priors: [6, 34, 114, 40, 82, 0, 52, 24, 29, 10]
2026-09-09 20:12:58 - __main__ - INFO - sample_host priors: [6, 0, 32, 0, 11, 4, 4, 0, 17, 12, 11, 945, 16, 11, 0, 8, 11, 9, 0, 0, 0, 0, 4, 316]
2026-09-09 20:12:58 - __main__ - INFO - material priors: [127, 878, 0, 11, 114, 32, 48, 11, 0, 31, 62, 98, 24, 0, 315, 11]
2026-09-09 20:13:54 - __main__ - INFO - community_type priors: [47, 979, 43, 70, 11]
2026-09-09 20:13:54 - __main__ - INFO - feature priors: [0, 34, 127, 0, 89, 0, 52, 0, 0, 10]
2026-09-09 20:13:54 - __main__ - INFO - sample_host priors: [0, 11, 32, 16, 0, 4, 4, 20, 0, 0, 0, 687, 0, 11, 0, 0, 0, 0, 4, 5, 1, 24, 4, 339]
2026-09-09 20:13:54 - __main__ - INFO - material priors: [64, 842, 16, 11, 127, 43, 53, 0, 0, 20, 62, 36, 0, 0, 143, 11]
2026-09-09 20:14:35 - __main__ - INFO - community_type priors: [67, 983, 11, 150, 0]
2026-09-09 20:14:35 - __main__ - INFO - feature priors: [6, 0, 189, 40, 7, 0, 0, 24, 29, 0]
2026-09-09 20:14:35 - __main__ - INFO - sample_host priors: [6, 11, 0, 16, 11, 0, 0, 20, 17, 12, 11, 1006, 16, 0, 0, 8, 11, 9, 4, 5, 1, 24, 0, 23]
2026-09-09 20:14:35 - __main__ - INFO - material priors: [63, 750, 16, 0, 189, 11, 5, 11, 0, 51, 0, 66, 24, 0, 320, 0]
2026-09-09 20:15:14 - __main__ - INFO - community_type priors: [42, 1112, 32, 208, 11]
2026-09-09 20:15:14 - __main__ - INFO - feature priors: [6, 34, 114, 40, 82, 0, 52, 24, 29, 10]
2026-09-09 20:15:14 - __main__ - INFO - sample_host priors: [6, 0, 32, 0, 11, 4, 4, 0, 17, 12, 11, 945, 16, 11, 0, 8, 11, 9, 0, 0, 0, 0, 4, 316]
2026-09-09 20:15:14 - __main__ - INFO - material priors: [127, 878, 0, 11, 114, 32, 48, 11, 0, 31, 62, 98, 24, 0, 315, 11]
2026-09-09 20:16:01 - __main__ - INFO - community_type priors: [47, 979, 43, 70, 11]
2026-09-09 20:16:01 - __main__ - INFO - feature priors: [0, 34, 127, 0, 89, 0, 52, 0, 0, 10]
2026-09-09 20:16:01 - __main__ - INFO - sample_host priors: [0, 11, 32, 16, 0, 4, 4, 20, 0, 0, 0, 687, 0, 11, 0, 0, 0, 0, 4, 5, 1, 24, 4, 339]
2026-09-09 20:16:01 - __main__ - INFO - material priors: [64, 842, 16, 11, 127, 43, 53, 0, 0, 20, 62, 36, 0, 0, 143, 11]
2026-09-09 20:16:44 - __main__ - INFO - community_type priors: [67, 983, 11, 150, 0]
2026-09-09 20:16:44 - __main__ - INFO - feature priors: [6, 0, 189, 40, 7, 0, 0, 24, 29, 0]
2026-09-09 20:16:44 - __main__ - INFO - sample_host priors: [6, 11, 0, 16, 11, 0, 0, 20, 17, 12, 11, 1006, 16, 0, 0, 8, 11, 9, 4, 5, 1, 24, 0, 23]
2026-09-09 20:16:44 - __main__ - INFO - material priors: [63, 750, 16, 0, 189, 11, 5, 11, 0, 51, 0, 66, 24, 0, 320, 0]
2026-09-09 20:17:12 - __main__ - INFO - community_type priors: [42, 1112, 32, 208, 11]
2026-09-09 20:17:12 - __main__ - INFO - feature priors: [6, 34, 114, 40, 82, 0, 52, 24, 29, 10]
2026-09-09 20:17:12 - __main__ - INFO - sample_host priors: [6, 0, 32, 0, 11, 4, 4, 0, 17, 12, 11, 945, 16, 11, 0, 8, 11, 9, 0, 0, 0, 0, 4, 316]
2026-09-09 20:17:12 - __main__ - INFO - material priors: [127, 878, 0, 11, 114, 32, 48, 11, 0, 31, 62, 98, 24, 0, 315, 11]
2026-09-09 20:18:01 - __main__ - INFO - community_type priors: [47, 979, 43, 70, 11]
2026-09-09 20:18:01 - __main__ - INFO - feature priors: [0, 34, 127, 0, 89, 0, 52, 0, 0, 10]
2026-09-09 20:18:01 - __main__ - INFO - sample_host priors: [0, 11, 32, 16, 0, 4, 4, 20, 0, 0, 0, 687, 0, 11, 0, 0, 0, 0, 4, 5, 1, 24, 4, 339]
2026-09-09 20:18:01 - __main__ - INFO - material priors: [64, 842, 16, 11, 127, 43, 53, 0, 0, 20, 62, 36, 0, 0, 143, 11]
2026-09-09 20:18:38 - __main__ - INFO - community_type priors: [67, 983, 11, 150, 0]
2026-09-09 20:18:38 - __main__ - INFO - feature priors: [6, 0, 189, 40, 7, 0, 0, 24, 29, 0]
2026-09-09 20:18:38 - __main__ - INFO - sample_host priors: [6, 11, 0, 16, 11, 0, 0, 20, 17, 12, 11, 1006, 16, 0, 0, 8, 11, 9, 4, 5, 1, 24, 0, 23]
2026-09-09 20:18:38 - __main__ - INFO - material priors: [63, 750, 16, 0, 189, 11, 5, 11, 0, 51, 0, 66, 24, 0, 320, 0]
2026-09-09 20:19:21 - __main__ - INFO - community_type priors: [42, 1112, 32, 208, 11]
2026-09-09 20:19:21 - __main__ - INFO - feature priors: [6, 34, 114, 40, 82, 0, 52, 24, 29, 10]
2026-09-09 20:19:21 - __main__ - INFO - sample_host priors: [6, 0, 32, 0, 11, 4, 4, 0, 17, 12, 11, 945, 16, 11, 0, 8, 11, 9, 0, 0, 0, 0, 4, 316]
2026-09-09 20:19:21 - __main__ - INFO - material priors: [127, 878, 0, 11, 114, 32, 48, 11, 0, 31, 62, 98, 24, 0, 315, 11]
2026-09-09 20:19:58 - __main__ - INFO - community_type priors: [47, 979, 43, 70, 11]
2026-09-09 20:19:58 - __main__ - INFO - feature priors: [0, 34, 127, 0, 89, 0, 52, 0, 0, 10]
2026-09-09 20:19:58 - __main__ - INFO - sample_host priors: [0, 11, 32, 16, 0, 4, 4, 20, 0, 0, 0, 687, 0, 11, 0, 0, 0, 0, 4, 5, 1, 24, 4, 339]
2026-09-09 20:19:58 - __main__ - INFO - material priors: [64, 842, 16, 11, 127, 43, 53, 0, 0, 20, 62, 36, 0, 0, 143, 11]
2026-09-09 20:20:28 - __main__ - INFO - community_type priors: [67, 983, 11, 150, 0]
2026-09-09 20:20:28 - __main__ - INFO - feature priors: [6, 0, 189, 40, 7, 0, 0, 24, 29, 0]
2026-09-09 20:20:28 - __main__ - INFO - sample_host priors: [6, 11, 0, 16, 11, 0, 0, 20, 17, 12, 11, 1006, 16, 0, 0, 8, 11, 9, 4, 5, 1, 24, 0, 23]
2026-09-09 20:20:28 - __main__ - INFO - material priors: [63, 750, 16, 0, 189, 11, 5, 11, 0, 51, 0, 66, 24, 0, 320, 0]
2026-09-09 20:21:05 - __main__ - INFO - community_type priors: [42, 1112, 32, 208, 11]
2026-09-09 20:21:05 - __main__ - INFO - feature priors: [6, 34, 114, 40, 82, 0, 52, 24, 29, 10]
2026-09-09 20:21:05 - __main__ - INFO - sample_host priors: [6, 0, 32, 0, 11, 4, 4, 0, 17, 12, 11, 945, 16, 11, 0, 8, 11, 9, 0, 0, 0, 0, 4, 316]
2026-09-09 20:21:05 - __main__ - INFO - material priors: [127, 878, 0, 11, 114, 32, 48, 11, 0, 31, 62, 98, 24, 0, 315, 11]
2026-09-09 20:22:03 - __main__ - INFO - community_type priors: [47, 979, 43, 70, 11]
2026-09-09 20:22:03 - __main__ - INFO - feature priors: [0, 34, 127, 0, 89, 0, 52, 0, 0, 10]
2026-09-09 20:22:03 - __main__ - INFO - sample_host priors: [0, 11, 32, 16, 0, 4, 4, 20, 0, 0, 0, 687, 0, 11, 0, 0, 0, 0, 4, 5, 1, 24, 4, 339]
2026-09-09 20:22:03 - __main__ - INFO - material priors: [64, 842, 16, 11, 127, 43, 53, 0, 0, 20, 62, 36, 0, 0, 143, 11]
2026-09-09 20:22:42 - __main__ - INFO - community_type priors: [67, 983, 11, 150, 0]
2026-09-09 20:22:42 - __main__ - INFO - feature priors: [6, 0, 189, 40, 7, 0, 0, 24, 29, 0]
2026-09-09 20:22:42 - __main__ - INFO - sample_host priors: [6, 11, 0, 16, 11, 0, 0, 20, 17, 12, 11, 1006, 16, 0, 0, 8, 11, 9, 4, 5, 1, 24, 0, 23]
2026-09-09 20:22:42 - __main__ - INFO - material priors: [63, 750, 16, 0, 189, 11, 5, 11, 0, 51, 0, 66, 24, 0, 320, 0]
2026-09-09 20:23:33 - __main__ - INFO - community_type priors: [42, 1112, 32, 208, 11]
2026-09-09 20:23:33 - __main__ - INFO - feature priors: [6, 34, 114, 40, 82, 0, 52, 24, 29, 10]
2026-09-09 20:23:33 - __main__ - INFO - sample_host priors: [6, 0, 32, 0, 11, 4, 4, 0, 17, 12, 11, 945, 16, 11, 0, 8, 11, 9, 0, 0, 0, 0, 4, 316]
2026-09-09 20:23:33 - __main__ - INFO - material priors: [127, 878, 0, 11, 114, 32, 48, 11, 0, 31, 62, 98, 24, 0, 315, 11]
2026-09-09 20:24:09 - __main__ - INFO - community_type priors: [47, 979, 43, 70, 11]
2026-09-09 20:24:09 - __main__ - INFO - feature priors: [0, 34, 127, 0, 89, 0, 52, 0, 0, 10]
2026-09-09 20:24:09 - __main__ - INFO - sample_host priors: [0, 11, 32, 16, 0, 4, 4, 20, 0, 0, 0, 687, 0, 11, 0, 0, 0, 0, 4, 5, 1, 24, 4, 339]
2026-09-09 20:24:09 - __main__ - INFO - material priors: [64, 842, 16, 11, 127, 43, 53, 0, 0, 20, 62, 36, 0, 0, 143, 11]
2026-09-09 20:24:38 - __main__ - INFO - community_type priors: [67, 983, 11, 150, 0]
2026-09-09 20:24:38 - __main__ - INFO - feature priors: [6, 0, 189, 40, 7, 0, 0, 24, 29, 0]
2026-09-09 20:24:38 - __main__ - INFO - sample_host priors: [6, 11, 0, 16, 11, 0, 0, 20, 17, 12, 11, 1006, 16, 0, 0, 8, 11, 9, 4, 5, 1, 24, 0, 23]
2026-09-09 20:24:38 - __main__ - INFO - material priors: [63, 750, 16, 0, 189, 11, 5, 11, 0, 51, 0, 66, 24, 0, 320, 0]
2026-09-09 20:25:08 - __main__ - INFO - community_type priors: [42, 1112, 32, 208, 11]
2026-09-09 20:25:08 - __main__ - INFO - feature priors: [6, 34, 114, 40, 82, 0, 52, 24, 29, 10]
2026-09-09 20:25:08 - __main__ - INFO - sample_host priors: [6, 0, 32, 0, 11, 4, 4, 0, 17, 12, 11, 945, 16, 11, 0, 8, 11, 9, 0, 0, 0, 0, 4, 316]
2026-09-09 20:25:08 - __main__ - INFO - material priors: [127, 878, 0, 11, 114, 32, 48, 11, 0, 31, 62, 98, 24, 0, 315, 11]
2026-09-09 20:25:50 - __main__ - INFO - community_type priors: [47, 979, 43, 70, 11]
2026-09-09 20:25:50 - __main__ - INFO - feature priors: [0, 34, 127, 0, 89, 0, 52, 0, 0, 10]
2026-09-09 20:25:50 - __main__ - INFO - sample_host priors: [0, 11, 32, 16, 0, 4, 4, 20, 0, 0, 0, 687, 0, 11, 0, 0, 0, 0, 4, 5, 1, 24, 4, 339]
2026-09-09 20:25:50 - __main__ - INFO - material priors: [64, 842, 16, 11, 127, 43, 53, 0, 0, 20, 62, 36, 0, 0, 143, 11]
2026-09-09 20:26:17 - __main__ - INFO - community_type priors: [67, 983, 11, 150, 0]
2026-09-09 20:26:17 - __main__ - INFO - feature priors: [6, 0, 189, 40, 7, 0, 0, 24, 29, 0]
2026-09-09 20:26:17 - __main__ - INFO - sample_host priors: [6, 11, 0, 16, 11, 0, 0, 20, 17, 12, 11, 1006, 16, 0, 0, 8, 11, 9, 4, 5, 1, 24, 0, 23]
2026-09-09 20:26:17 - __main__ - INFO - material priors: [63, 750, 16, 0, 189, 11, 5, 11, 0, 51, 0, 66, 24, 0, 320, 0]
2026-09-09 20:26:45 - __main__ - INFO - community_type priors: [42, 1112, 32, 208, 11]
2026-09-09 20:26:45 - __main__ - INFO - feature priors: [6, 34, 114, 40, 82, 0, 52, 24, 29, 10]
2026-09-09 20:26:45 - __main__ - INFO - sample_host priors: [6, 0, 32, 0, 11, 4, 4, 0, 17, 12, 11, 945, 16, 11, 0, 8, 11, 9, 0, 0, 0, 0, 4, 316]
2026-09-09 20:26:45 - __main__ - INFO - material priors: [127, 878, 0, 11, 114, 32, 48, 11, 0, 31, 62, 98, 24, 0, 315, 11]
2026-09-09 20:27:29 - __main__ - INFO - community_type priors: [47, 979, 43, 70, 11]
2026-09-09 20:27:29 - __main__ - INFO - feature priors: [0, 34, 127, 0, 89, 0, 52, 0, 0, 10]
2026-09-09 20:27:29 - __main__ - INFO - sample_host priors: [0, 11, 32, 16, 0, 4, 4, 20, 0, 0, 0, 687, 0, 11, 0, 0, 0, 0, 4, 5, 1, 24, 4, 339]
2026-09-09 20:27:29 - __main__ - INFO - material priors: [64, 842, 16, 11, 127, 43, 53, 0, 0, 20, 62, 36, 0, 0, 143, 11]
2026-09-09 20:28:33 - __main__ - INFO - community_type priors: [67, 983, 11, 150, 0]
2026-09-09 20:28:33 - __main__ - INFO - feature priors: [6, 0, 189, 40, 7, 0, 0, 24, 29, 0]
2026-09-09 20:28:33 - __main__ - INFO - sample_host priors: [6, 11, 0, 16, 11, 0, 0, 20, 17, 12, 11, 1006, 16, 0, 0, 8, 11, 9, 4, 5, 1, 24, 0, 23]
2026-09-09 20:28:33 - __main__ - INFO - material priors: [63, 750, 16, 0, 189, 11, 5, 11, 0, 51, 0, 66, 24, 0, 320, 0]
2026-09-09 20:29:17 - __main__ - INFO - community_type priors: [42, 1112, 32, 208, 11]
2026-09-09 20:29:17 - __main__ - INFO - feature priors: [6, 34, 114, 40, 82, 0, 52, 24, 29, 10]
2026-09-09 20:29:17 - __main__ - INFO - sample_host priors: [6, 0, 32, 0, 11, 4, 4, 0, 17, 12, 11, 945, 16, 11, 0, 8, 11, 9, 0, 0, 0, 0, 4, 316]
2026-09-09 20:29:17 - __main__ - INFO - material priors: [127, 878, 0, 11, 114, 32, 48, 11, 0, 31, 62, 98, 24, 0, 315, 11]
2026-09-09 20:30:02 - __main__ - INFO - community_type priors: [47, 979, 43, 70, 11]
2026-09-09 20:30:02 - __main__ - INFO - feature priors: [0, 34, 127, 0, 89, 0, 52, 0, 0, 10]
2026-09-09 20:30:02 - __main__ - INFO - sample_host priors: [0, 11, 32, 16, 0, 4, 4, 20, 0, 0, 0, 687, 0, 11, 0, 0, 0, 0, 4, 5, 1, 24, 4, 339]
2026-09-09 20:30:02 - __main__ - INFO - material priors: [64, 842, 16, 11, 127, 43, 53, 0, 0, 20, 62, 36, 0, 0, 143, 11]
2026-09-09 20:30:38 - __main__ - INFO - community_type priors: [67, 983, 11, 150, 0]
2026-09-09 20:30:38 - __main__ - INFO - feature priors: [6, 0, 189, 40, 7, 0, 0, 24, 29, 0]
2026-09-09 20:30:38 - __main__ - INFO - sample_host priors: [6, 11, 0, 16, 11, 0, 0, 20, 17, 12, 11, 1006, 16, 0, 0, 8, 11, 9, 4, 5, 1, 24, 0, 23]
2026-09-09 20:30:38 - __main__ - INFO - material priors: [63, 750, 16, 0, 189, 11, 5, 11, 0, 51, 0, 66, 24, 0, 320, 0]
2026-09-09 20:31:25 - __main__ - INFO - community_type priors: [42, 1112, 32, 208, 11]
2026-09-09 20:31:25 - __main__ - INFO - feature priors: [6, 34, 114, 40, 82, 0, 52, 24, 29, 10]
2026-09-09 20:31:25 - __main__ - INFO - sample_host priors: [6, 0, 32, 0, 11, 4, 4, 0, 17, 12, 11, 945, 16, 11, 0, 8, 11, 9, 0, 0, 0, 0, 4, 316]
2026-09-09 20:31:25 - __main__ - INFO - material priors: [127, 878, 0, 11, 114, 32, 48, 11, 0, 31, 62, 98, 24, 0, 315, 11]
2026-09-09 20:32:21 - __main__ - INFO - community_type priors: [47, 979, 43, 70, 11]
2026-09-09 20:32:21 - __main__ - INFO - feature priors: [0, 34, 127, 0, 89, 0, 52, 0, 0, 10]
2026-09-09 20:32:21 - __main__ - INFO - sample_host priors: [0, 11, 32, 16, 0, 4, 4, 20, 0, 0, 0, 687, 0, 11, 0, 0, 0, 0, 4, 5, 1, 24, 4, 339]
2026-09-09 20:32:21 - __main__ - INFO - material priors: [64, 842, 16, 11, 127, 43, 53, 0, 0, 20, 62, 36, 0, 0, 143, 11]
2026-09-09 20:33:13 - __main__ - INFO - community_type priors: [67, 983, 11, 150, 0]
2026-09-09 20:33:13 - __main__ - INFO - feature priors: [6, 0, 189, 40, 7, 0, 0, 24, 29, 0]
2026-09-09 20:33:13 - __main__ - INFO - sample_host priors: [6, 11, 0, 16, 11, 0, 0, 20, 17, 12, 11, 1006, 16, 0, 0, 8, 11, 9, 4, 5, 1, 24, 0, 23]
2026-09-09 20:33:13 - __main__ - INFO - material priors: [63, 750, 16, 0, 189, 11, 5, 11, 0, 51, 0, 66, 24, 0, 320, 0]
2026-09-09 20:33:55 - __main__ - INFO - community_type priors: [42, 1112, 32, 208, 11]
2026-09-09 20:33:55 - __main__ - INFO - feature priors: [6, 34, 114, 40, 82, 0, 52, 24, 29, 10]
2026-09-09 20:33:55 - __main__ - INFO - sample_host priors: [6, 0, 32, 0, 11, 4, 4, 0, 17, 12, 11, 945, 16, 11, 0, 8, 11, 9, 0, 0, 0, 0, 4, 316]
2026-09-09 20:33:55 - __main__ - INFO - material priors: [127, 878, 0, 11, 114, 32, 48, 11, 0, 31, 62, 98, 24, 0, 315, 11]
2026-09-09 20:35:13 - __main__ - INFO - community_type priors: [47, 979, 43, 70, 11]
2026-09-09 20:35:13 - __main__ - INFO - feature priors: [0, 34, 127, 0, 89, 0, 52, 0, 0, 10]
2026-09-09 20:35:13 - __main__ - INFO - sample_host priors: [0, 11, 32, 16, 0, 4, 4, 20, 0, 0, 0, 687, 0, 11, 0, 0, 0, 0, 4, 5, 1, 24, 4, 339]
2026-09-09 20:35:13 - __main__ - INFO - material priors: [64, 842, 16, 11, 127, 43, 53, 0, 0, 20, 62, 36, 0, 0, 143, 11]
2026-09-09 20:35:49 - __main__ - INFO - community_type priors: [67, 983, 11, 150, 0]
2026-09-09 20:35:49 - __main__ - INFO - feature priors: [6, 0, 189, 40, 7, 0, 0, 24, 29, 0]
2026-09-09 20:35:49 - __main__ - INFO - sample_host priors: [6, 11, 0, 16, 11, 0, 0, 20, 17, 12, 11, 1006, 16, 0, 0, 8, 11, 9, 4, 5, 1, 24, 0, 23]
2026-09-09 20:35:49 - __main__ - INFO - material priors: [63, 750, 16, 0, 189, 11, 5, 11, 0, 51, 0, 66, 24, 0, 320, 0]
2026-09-09 20:36:20 - __main__ - INFO - community_type priors: [42, 1112, 32, 208, 11]
2026-09-09 20:36:20 - __main__ - INFO - feature priors: [6, 34, 114, 40, 82, 0, 52, 24, 29, 10]
2026-09-09 20:36:20 - __main__ - INFO - sample_host priors: [6, 0, 32, 0, 11, 4, 4, 0, 17, 12, 11, 945, 16, 11, 0, 8, 11, 9, 0, 0, 0, 0, 4, 316]
2026-09-09 20:36:20 - __main__ - INFO - material priors: [127, 878, 0, 11, 114, 32, 48, 11, 0, 31, 62, 98, 24, 0, 315, 11]
2026-09-09 20:36:58 - __main__ - INFO - community_type priors: [47, 979, 43, 70, 11]
2026-09-09 20:36:58 - __main__ - INFO - feature priors: [0, 34, 127, 0, 89, 0, 52, 0, 0, 10]
2026-09-09 20:36:58 - __main__ - INFO - sample_host priors: [0, 11, 32, 16, 0, 4, 4, 20, 0, 0, 0, 687, 0, 11, 0, 0, 0, 0, 4, 5, 1, 24, 4, 339]
2026-09-09 20:36:58 - __main__ - INFO - material priors: [64, 842, 16, 11, 127, 43, 53, 0, 0, 20, 62, 36, 0, 0, 143, 11]
2026-09-09 20:37:25 - __main__ - INFO - community_type priors: [67, 983, 11, 150, 0]
2026-09-09 20:37:25 - __main__ - INFO - feature priors: [6, 0, 189, 40, 7, 0, 0, 24, 29, 0]
2026-09-09 20:37:25 - __main__ - INFO - sample_host priors: [6, 11, 0, 16, 11, 0, 0, 20, 17, 12, 11, 1006, 16, 0, 0, 8, 11, 9, 4, 5, 1, 24, 0, 23]
2026-09-09 20:37:25 - __main__ - INFO - material priors: [63, 750, 16, 0, 189, 11, 5, 11, 0, 51, 0, 66, 24, 0, 320, 0]
2026-09-09 20:38:08 - __main__ - INFO - community_type priors: [42, 1112, 32, 208, 11]
2026-09-09 20:38:08 - __main__ - INFO - feature priors: [6, 34, 114, 40, 82, 0, 52, 24, 29, 10]
2026-09-09 20:38:08 - __main__ - INFO - sample_host priors: [6, 0, 32, 0, 11, 4, 4, 0, 17, 12, 11, 945, 16, 11, 0, 8, 11, 9, 0, 0, 0, 0, 4, 316]
2026-09-09 20:38:08 - __main__ - INFO - material priors: [127, 878, 0, 11, 114, 32, 48, 11, 0, 31, 62, 98, 24, 0, 315, 11]
2026-09-09 20:38:43 - __main__ - INFO - community_type priors: [47, 979, 43, 70, 11]
2026-09-09 20:38:43 - __main__ - INFO - feature priors: [0, 34, 127, 0, 89, 0, 52, 0, 0, 10]
2026-09-09 20:38:43 - __main__ - INFO - sample_host priors: [0, 11, 32, 16, 0, 4, 4, 20, 0, 0, 0, 687, 0, 11, 0, 0, 0, 0, 4, 5, 1, 24, 4, 339]
2026-09-09 20:38:43 - __main__ - INFO - material priors: [64, 842, 16, 11, 127, 43, 53, 0, 0, 20, 62, 36, 0, 0, 143, 11]
2026-09-09 20:39:14 - __main__ - INFO - community_type priors: [67, 983, 11, 150, 0]
2026-09-09 20:39:14 - __main__ - INFO - feature priors: [6, 0, 189, 40, 7, 0, 0, 24, 29, 0]
2026-09-09 20:39:14 - __main__ - INFO - sample_host priors: [6, 11, 0, 16, 11, 0, 0, 20, 17, 12, 11, 1006, 16, 0, 0, 8, 11, 9, 4, 5, 1, 24, 0, 23]
2026-09-09 20:39:14 - __main__ - INFO - material priors: [63, 750, 16, 0, 189, 11, 5, 11, 0, 51, 0, 66, 24, 0, 320, 0]
2026-09-09 20:39:48 - __main__ - INFO - community_type priors: [42, 1112, 32, 208, 11]
2026-09-09 20:39:48 - __main__ - INFO - feature priors: [6, 34, 114, 40, 82, 0, 52, 24, 29, 10]
2026-09-09 20:39:48 - __main__ - INFO - sample_host priors: [6, 0, 32, 0, 11, 4, 4, 0, 17, 12, 11, 945, 16, 11, 0, 8, 11, 9, 0, 0, 0, 0, 4, 316]
2026-09-09 20:39:48 - __main__ - INFO - material priors: [127, 878, 0, 11, 114, 32, 48, 11, 0, 31, 62, 98, 24, 0, 315, 11]
2026-09-09 20:40:41 - __main__ - INFO - community_type priors: [47, 979, 43, 70, 11]
2026-09-09 20:40:41 - __main__ - INFO - feature priors: [0, 34, 127, 0, 89, 0, 52, 0, 0, 10]
2026-09-09 20:40:41 - __main__ - INFO - sample_host priors: [0, 11, 32, 16, 0, 4, 4, 20, 0, 0, 0, 687, 0, 11, 0, 0, 0, 0, 4, 5, 1, 24, 4, 339]
2026-09-09 20:40:41 - __main__ - INFO - material priors: [64, 842, 16, 11, 127, 43, 53, 0, 0, 20, 62, 36, 0, 0, 143, 11]
2026-09-09 20:41:27 - __main__ - INFO - community_type priors: [67, 983, 11, 150, 0]
2026-09-09 20:41:27 - __main__ - INFO - feature priors: [6, 0, 189, 40, 7, 0, 0, 24, 29, 0]
2026-09-09 20:41:27 - __main__ - INFO - sample_host priors: [6, 11, 0, 16, 11, 0, 0, 20, 17, 12, 11, 1006, 16, 0, 0, 8, 11, 9, 4, 5, 1, 24, 0, 23]
2026-09-09 20:41:27 - __main__ - INFO - material priors: [63, 750, 16, 0, 189, 11, 5, 11, 0, 51, 0, 66, 24, 0, 320, 0]
2026-09-09 20:42:10 - __main__ - INFO - community_type priors: [42, 1112, 32, 208, 11]
2026-09-09 20:42:10 - __main__ - INFO - feature priors: [6, 34, 114, 40, 82, 0, 52, 24, 29, 10]
2026-09-09 20:42:10 - __main__ - INFO - sample_host priors: [6, 0, 32, 0, 11, 4, 4, 0, 17, 12, 11, 945, 16, 11, 0, 8, 11, 9, 0, 0, 0, 0, 4, 316]
2026-09-09 20:42:10 - __main__ - INFO - material priors: [127, 878, 0, 11, 114, 32, 48, 11, 0, 31, 62, 98, 24, 0, 315, 11]
2026-09-09 20:43:02 - __main__ - INFO - community_type priors: [47, 979, 43, 70, 11]
2026-09-09 20:43:02 - __main__ - INFO - feature priors: [0, 34, 127, 0, 89, 0, 52, 0, 0, 10]
2026-09-09 20:43:02 - __main__ - INFO - sample_host priors: [0, 11, 32, 16, 0, 4, 4, 20, 0, 0, 0, 687, 0, 11, 0, 0, 0, 0, 4, 5, 1, 24, 4, 339]
2026-09-09 20:43:02 - __main__ - INFO - material priors: [64, 842, 16, 11, 127, 43, 53, 0, 0, 20, 62, 36, 0, 0, 143, 11]
2026-09-09 20:43:43 - __main__ - INFO - community_type priors: [67, 983, 11, 150, 0]
2026-09-09 20:43:43 - __main__ - INFO - feature priors: [6, 0, 189, 40, 7, 0, 0, 24, 29, 0]
2026-09-09 20:43:43 - __main__ - INFO - sample_host priors: [6, 11, 0, 16, 11, 0, 0, 20, 17, 12, 11, 1006, 16, 0, 0, 8, 11, 9, 4, 5, 1, 24, 0, 23]
2026-09-09 20:43:43 - __main__ - INFO - material priors: [63, 750, 16, 0, 189, 11, 5, 11, 0, 51, 0, 66, 24, 0, 320, 0]
2026-09-09 20:44:22 - __main__ - INFO - community_type priors: [42, 1112, 32, 208, 11]
2026-09-09 20:44:22 - __main__ - INFO - feature priors: [6, 34, 114, 40, 82, 0, 52, 24, 29, 10]
2026-09-09 20:44:22 - __main__ - INFO - sample_host priors: [6, 0, 32, 0, 11, 4, 4, 0, 17, 12, 11, 945, 16, 11, 0, 8, 11, 9, 0, 0, 0, 0, 4, 316]
2026-09-09 20:44:22 - __main__ - INFO - material priors: [127, 878, 0, 11, 114, 32, 48, 11, 0, 31, 62, 98, 24, 0, 315, 11]
2026-09-09 20:45:04 - __main__ - INFO - community_type priors: [47, 979, 43, 70, 11]
2026-09-09 20:45:04 - __main__ - INFO - feature priors: [0, 34, 127, 0, 89, 0, 52, 0, 0, 10]
2026-09-09 20:45:04 - __main__ - INFO - sample_host priors: [0, 11, 32, 16, 0, 4, 4, 20, 0, 0, 0, 687, 0, 11, 0, 0, 0, 0, 4, 5, 1, 24, 4, 339]
2026-09-09 20:45:04 - __main__ - INFO - material priors: [64, 842, 16, 11, 127, 43, 53, 0, 0, 20, 62, 36, 0, 0, 143, 11]
2026-09-09 20:45:46 - __main__ - INFO - community_type priors: [67, 983, 11, 150, 0]
2026-09-09 20:45:46 - __main__ - INFO - feature priors: [6, 0, 189, 40, 7, 0, 0, 24, 29, 0]
2026-09-09 20:45:46 - __main__ - INFO - sample_host priors: [6, 11, 0, 16, 11, 0, 0, 20, 17, 12, 11, 1006, 16, 0, 0, 8, 11, 9, 4, 5, 1, 24, 0, 23]
2026-09-09 20:45:46 - __main__ - INFO - material priors: [63, 750, 16, 0, 189, 11, 5, 11, 0, 51, 0, 66, 24, 0, 320, 0]
2026-09-09 20:46:36 - __main__ - INFO - community_type priors: [42, 1112, 32, 208, 11]
2026-09-09 20:46:36 - __main__ - INFO - feature priors: [6, 34, 114, 40, 82, 0, 52, 24, 29, 10]
2026-09-09 20:46:36 - __main__ - INFO - sample_host priors: [6, 0, 32, 0, 11, 4, 4, 0, 17, 12, 11, 945, 16, 11, 0, 8, 11, 9, 0, 0, 0, 0, 4, 316]
2026-09-09 20:46:36 - __main__ - INFO - material priors: [127, 878, 0, 11, 114, 32, 48, 11, 0, 31, 62, 98, 24, 0, 315, 11]
2026-09-09 20:47:35 - __main__ - INFO - community_type priors: [47, 979, 43, 70, 11]
2026-09-09 20:47:35 - __main__ - INFO - feature priors: [0, 34, 127, 0, 89, 0, 52, 0, 0, 10]
2026-09-09 20:47:35 - __main__ - INFO - sample_host priors: [0, 11, 32, 16, 0, 4, 4, 20, 0, 0, 0, 687, 0, 11, 0, 0, 0, 0, 4, 5, 1, 24, 4, 339]
2026-09-09 20:47:35 - __main__ - INFO - material priors: [64, 842, 16, 11, 127, 43, 53, 0, 0, 20, 62, 36, 0, 0, 143, 11]
2026-09-09 20:48:20 - __main__ - INFO - community_type priors: [67, 983, 11, 150, 0]
2026-09-09 20:48:20 - __main__ - INFO - feature priors: [6, 0, 189, 40, 7, 0, 0, 24, 29, 0]
2026-09-09 20:48:20 - __main__ - INFO - sample_host priors: [6, 11, 0, 16, 11, 0, 0, 20, 17, 12, 11, 1006, 16, 0, 0, 8, 11, 9, 4, 5, 1, 24, 0, 23]
2026-09-09 20:48:20 - __main__ - INFO - material priors: [63, 750, 16, 0, 189, 11, 5, 11, 0, 51, 0, 66, 24, 0, 320, 0]
2026-09-09 20:49:01 - __main__ - INFO - community_type priors: [42, 1112, 32, 208, 11]
2026-09-09 20:49:01 - __main__ - INFO - feature priors: [6, 34, 114, 40, 82, 0, 52, 24, 29, 10]
2026-09-09 20:49:01 - __main__ - INFO - sample_host priors: [6, 0, 32, 0, 11, 4, 4, 0, 17, 12, 11, 945, 16, 11, 0, 8, 11, 9, 0, 0, 0, 0, 4, 316]
2026-09-09 20:49:01 - __main__ - INFO - material priors: [127, 878, 0, 11, 114, 32, 48, 11, 0, 31, 62, 98, 24, 0, 315, 11]
2026-09-09 20:49:56 - __main__ - INFO - community_type priors: [47, 979, 43, 70, 11]
2026-09-09 20:49:56 - __main__ - INFO - feature priors: [0, 34, 127, 0, 89, 0, 52, 0, 0, 10]
2026-09-09 20:49:56 - __main__ - INFO - sample_host priors: [0, 11, 32, 16, 0, 4, 4, 20, 0, 0, 0, 687, 0, 11, 0, 0, 0, 0, 4, 5, 1, 24, 4, 339]
2026-09-09 20:49:56 - __main__ - INFO - material priors: [64, 842, 16, 11, 127, 43, 53, 0, 0, 20, 62, 36, 0, 0, 143, 11]
2026-09-09 20:50:38 - __main__ - INFO - community_type priors: [67, 983, 11, 150, 0]
2026-09-09 20:50:38 - __main__ - INFO - feature priors: [6, 0, 189, 40, 7, 0, 0, 24, 29, 0]
2026-09-09 20:50:38 - __main__ - INFO - sample_host priors: [6, 11, 0, 16, 11, 0, 0, 20, 17, 12, 11, 1006, 16, 0, 0, 8, 11, 9, 4, 5, 1, 24, 0, 23]
2026-09-09 20:50:38 - __main__ - INFO - material priors: [63, 750, 16, 0, 189, 11, 5, 11, 0, 51, 0, 66, 24, 0, 320, 0]
2026-09-09 20:51:08 - __main__ - INFO - community_type priors: [42, 1112, 32, 208, 11]
2026-09-09 20:51:08 - __main__ - INFO - feature priors: [6, 34, 114, 40, 82, 0, 52, 24, 29, 10]
2026-09-09 20:51:08 - __main__ - INFO - sample_host priors: [6, 0, 32, 0, 11, 4, 4, 0, 17, 12, 11, 945, 16, 11, 0, 8, 11, 9, 0, 0, 0, 0, 4, 316]
2026-09-09 20:51:08 - __main__ - INFO - material priors: [127, 878, 0, 11, 114, 32, 48, 11, 0, 31, 62, 98, 24, 0, 315, 11]
2026-09-09 20:52:06 - __main__ - INFO - community_type priors: [47, 979, 43, 70, 11]
2026-09-09 20:52:06 - __main__ - INFO - feature priors: [0, 34, 127, 0, 89, 0, 52, 0, 0, 10]
2026-09-09 20:52:06 - __main__ - INFO - sample_host priors: [0, 11, 32, 16, 0, 4, 4, 20, 0, 0, 0, 687, 0, 11, 0, 0, 0, 0, 4, 5, 1, 24, 4, 339]
2026-09-09 20:52:06 - __main__ - INFO - material priors: [64, 842, 16, 11, 127, 43, 53, 0, 0, 20, 62, 36, 0, 0, 143, 11]
2026-09-09 20:52:55 - __main__ - INFO - community_type priors: [67, 983, 11, 150, 0]
2026-09-09 20:52:55 - __main__ - INFO - feature priors: [6, 0, 189, 40, 7, 0, 0, 24, 29, 0]
2026-09-09 20:52:55 - __main__ - INFO - sample_host priors: [6, 11, 0, 16, 11, 0, 0, 20, 17, 12, 11, 1006, 16, 0, 0, 8, 11, 9, 4, 5, 1, 24, 0, 23]
2026-09-09 20:52:55 - __main__ - INFO - material priors: [63, 750, 16, 0, 189, 11, 5, 11, 0, 51, 0, 66, 24, 0, 320, 0]
2026-09-09 20:53:47 - __main__ - INFO - community_type priors: [42, 1112, 32, 208, 11]
2026-09-09 20:53:47 - __main__ - INFO - feature priors: [6, 34, 114, 40, 82, 0, 52, 24, 29, 10]
2026-09-09 20:53:47 - __main__ - INFO - sample_host priors: [6, 0, 32, 0, 11, 4, 4, 0, 17, 12, 11, 945, 16, 11, 0, 8, 11, 9, 0, 0, 0, 0, 4, 316]
2026-09-09 20:53:47 - __main__ - INFO - material priors: [127, 878, 0, 11, 114, 32, 48, 11, 0, 31, 62, 98, 24, 0, 315, 11]
2026-09-09 20:54:31 - __main__ - INFO - community_type priors: [47, 979, 43, 70, 11]
2026-09-09 20:54:31 - __main__ - INFO - feature priors: [0, 34, 127, 0, 89, 0, 52, 0, 0, 10]
2026-09-09 20:54:31 - __main__ - INFO - sample_host priors: [0, 11, 32, 16, 0, 4, 4, 20, 0, 0, 0, 687, 0, 11, 0, 0, 0, 0, 4, 5, 1, 24, 4, 339]
2026-09-09 20:54:31 - __main__ - INFO - material priors: [64, 842, 16, 11, 127, 43, 53, 0, 0, 20, 62, 36, 0, 0, 143, 11]
2026-09-09 20:55:04 - __main__ - INFO - community_type priors: [67, 983, 11, 150, 0]
2026-09-09 20:55:04 - __main__ - INFO - feature priors: [6, 0, 189, 40, 7, 0, 0, 24, 29, 0]
2026-09-09 20:55:04 - __main__ - INFO - sample_host priors: [6, 11, 0, 16, 11, 0, 0, 20, 17, 12, 11, 1006, 16, 0, 0, 8, 11, 9, 4, 5, 1, 24, 0, 23]
2026-09-09 20:55:04 - __main__ - INFO - material priors: [63, 750, 16, 0, 189, 11, 5, 11, 0, 51, 0, 66, 24, 0, 320, 0]
2026-09-09 20:55:54 - __main__ - INFO - community_type priors: [42, 1112, 32, 208, 11]
2026-09-09 20:55:54 - __main__ - INFO - feature priors: [6, 34, 114, 40, 82, 0, 52, 24, 29, 10]
2026-09-09 20:55:54 - __main__ - INFO - sample_host priors: [6, 0, 32, 0, 11, 4, 4, 0, 17, 12, 11, 945, 16, 11, 0, 8, 11, 9, 0, 0, 0, 0, 4, 316]
2026-09-09 20:55:54 - __main__ - INFO - material priors: [127, 878, 0, 11, 114, 32, 48, 11, 0, 31, 62, 98, 24, 0, 315, 11]
2026-09-09 20:57:07 - __main__ - INFO - community_type priors: [47, 979, 43, 70, 11]
2026-09-09 20:57:07 - __main__ - INFO - feature priors: [0, 34, 127, 0, 89, 0, 52, 0, 0, 10]
2026-09-09 20:57:07 - __main__ - INFO - sample_host priors: [0, 11, 32, 16, 0, 4, 4, 20, 0, 0, 0, 687, 0, 11, 0, 0, 0, 0, 4, 5, 1, 24, 4, 339]
2026-09-09 20:57:07 - __main__ - INFO - material priors: [64, 842, 16, 11, 127, 43, 53, 0, 0, 20, 62, 36, 0, 0, 143, 11]
2026-09-09 20:58:03 - __main__ - INFO - community_type priors: [67, 983, 11, 150, 0]
2026-09-09 20:58:03 - __main__ - INFO - feature priors: [6, 0, 189, 40, 7, 0, 0, 24, 29, 0]
2026-09-09 20:58:03 - __main__ - INFO - sample_host priors: [6, 11, 0, 16, 11, 0, 0, 20, 17, 12, 11, 1006, 16, 0, 0, 8, 11, 9, 4, 5, 1, 24, 0, 23]
2026-09-09 20:58:03 - __main__ - INFO - material priors: [63, 750, 16, 0, 189, 11, 5, 11, 0, 51, 0, 66, 24, 0, 320, 0]
2026-09-09 20:58:55 - __main__ - INFO - community_type priors: [42, 1112, 32, 208, 11]
2026-09-09 20:58:55 - __main__ - INFO - feature priors: [6, 34, 114, 40, 82, 0, 52, 24, 29, 10]
2026-09-09 20:58:55 - __main__ - INFO - sample_host priors: [6, 0, 32, 0, 11, 4, 4, 0, 17, 12, 11, 945, 16, 11, 0, 8, 11, 9, 0, 0, 0, 0, 4, 316]
2026-09-09 20:58:55 - __main__ - INFO - material priors: [127, 878, 0, 11, 114, 32, 48, 11, 0, 31, 62, 98, 24, 0, 315, 11]
2026-09-09 21:00:10 - __main__ - INFO - community_type priors: [47, 979, 43, 70, 11]
2026-09-09 21:00:10 - __main__ - INFO - feature priors: [0, 34, 127, 0, 89, 0, 52, 0, 0, 10]
2026-09-09 21:00:10 - __main__ - INFO - sample_host priors: [0, 11, 32, 16, 0, 4, 4, 20, 0, 0, 0, 687, 0, 11, 0, 0, 0, 0, 4, 5, 1, 24, 4, 339]
2026-09-09 21:00:10 - __main__ - INFO - material priors: [64, 842, 16, 11, 127, 43, 53, 0, 0, 20, 62, 36, 0, 0, 143, 11]
2026-09-09 21:00:57 - __main__ - INFO - community_type priors: [67, 983, 11, 150, 0]
2026-09-09 21:00:57 - __main__ - INFO - feature priors: [6, 0, 189, 40, 7, 0, 0, 24, 29, 0]
2026-09-09 21:00:57 - __main__ - INFO - sample_host priors: [6, 11, 0, 16, 11, 0, 0, 20, 17, 12, 11, 1006, 16, 0, 0, 8, 11, 9, 4, 5, 1, 24, 0, 23]
2026-09-09 21:00:57 - __main__ - INFO - material priors: [63, 750, 16, 0, 189, 11, 5, 11, 0, 51, 0, 66, 24, 0, 320, 0]
2026-09-09 21:01:49 - __main__ - INFO - community_type priors: [42, 1112, 32, 208, 11]
2026-09-09 21:01:49 - __main__ - INFO - feature priors: [6, 34, 114, 40, 82, 0, 52, 24, 29, 10]
2026-09-09 21:01:49 - __main__ - INFO - sample_host priors: [6, 0, 32, 0, 11, 4, 4, 0, 17, 12, 11, 945, 16, 11, 0, 8, 11, 9, 0, 0, 0, 0, 4, 316]
2026-09-09 21:01:49 - __main__ - INFO - material priors: [127, 878, 0, 11, 114, 32, 48, 11, 0, 31, 62, 98, 24, 0, 315, 11]
2026-09-09 21:02:48 - __main__ - INFO - community_type priors: [47, 979, 43, 70, 11]
2026-09-09 21:02:48 - __main__ - INFO - feature priors: [0, 34, 127, 0, 89, 0, 52, 0, 0, 10]
2026-09-09 21:02:48 - __main__ - INFO - sample_host priors: [0, 11, 32, 16, 0, 4, 4, 20, 0, 0, 0, 687, 0, 11, 0, 0, 0, 0, 4, 5, 1, 24, 4, 339]
2026-09-09 21:02:48 - __main__ - INFO - material priors: [64, 842, 16, 11, 127, 43, 53, 0, 0, 20, 62, 36, 0, 0, 143, 11]
2026-09-09 21:03:41 - __main__ - INFO - community_type priors: [67, 983, 11, 150, 0]
2026-09-09 21:03:41 - __main__ - INFO - feature priors: [6, 0, 189, 40, 7, 0, 0, 24, 29, 0]
2026-09-09 21:03:41 - __main__ - INFO - sample_host priors: [6, 11, 0, 16, 11, 0, 0, 20, 17, 12, 11, 1006, 16, 0, 0, 8, 11, 9, 4, 5, 1, 24, 0, 23]
2026-09-09 21:03:41 - __main__ - INFO - material priors: [63, 750, 16, 0, 189, 11, 5, 11, 0, 51, 0, 66, 24, 0, 320, 0]
2026-09-09 21:04:30 - __main__ - INFO - community_type priors: [42, 1112, 32, 208, 11]
2026-09-09 21:04:30 - __main__ - INFO - feature priors: [6, 34, 114, 40, 82, 0, 52, 24, 29, 10]
2026-09-09 21:04:30 - __main__ - INFO - sample_host priors: [6, 0, 32, 0, 11, 4, 4, 0, 17, 12, 11, 945, 16, 11, 0, 8, 11, 9, 0, 0, 0, 0, 4, 316]
2026-09-09 21:04:30 - __main__ - INFO - material priors: [127, 878, 0, 11, 114, 32, 48, 11, 0, 31, 62, 98, 24, 0, 315, 11]
2026-09-09 21:05:23 - __main__ - INFO - community_type priors: [47, 979, 43, 70, 11]
2026-09-09 21:05:23 - __main__ - INFO - feature priors: [0, 34, 127, 0, 89, 0, 52, 0, 0, 10]
2026-09-09 21:05:23 - __main__ - INFO - sample_host priors: [0, 11, 32, 16, 0, 4, 4, 20, 0, 0, 0, 687, 0, 11, 0, 0, 0, 0, 4, 5, 1, 24, 4, 339]
2026-09-09 21:05:23 - __main__ - INFO - material priors: [64, 842, 16, 11, 127, 43, 53, 0, 0, 20, 62, 36, 0, 0, 143, 11]
2026-09-09 21:05:57 - __main__ - INFO - community_type priors: [67, 983, 11, 150, 0]
2026-09-09 21:05:57 - __main__ - INFO - feature priors: [6, 0, 189, 40, 7, 0, 0, 24, 29, 0]
2026-09-09 21:05:57 - __main__ - INFO - sample_host priors: [6, 11, 0, 16, 11, 0, 0, 20, 17, 12, 11, 1006, 16, 0, 0, 8, 11, 9, 4, 5, 1, 24, 0, 23]
2026-09-09 21:05:57 - __main__ - INFO - material priors: [63, 750, 16, 0, 189, 11, 5, 11, 0, 51, 0, 66, 24, 0, 320, 0]
2026-09-09 21:06:53 - __main__ - INFO - community_type priors: [42, 1112, 32, 208, 11]
2026-09-09 21:06:53 - __main__ - INFO - feature priors: [6, 34, 114, 40, 82, 0, 52, 24, 29, 10]
2026-09-09 21:06:53 - __main__ - INFO - sample_host priors: [6, 0, 32, 0, 11, 4, 4, 0, 17, 12, 11, 945, 16, 11, 0, 8, 11, 9, 0, 0, 0, 0, 4, 316]
2026-09-09 21:06:53 - __main__ - INFO - material priors: [127, 878, 0, 11, 114, 32, 48, 11, 0, 31, 62, 98, 24, 0, 315, 11]
2026-09-09 21:07:45 - __main__ - INFO - community_type priors: [47, 979, 43, 70, 11]
2026-09-09 21:07:45 - __main__ - INFO - feature priors: [0, 34, 127, 0, 89, 0, 52, 0, 0, 10]
2026-09-09 21:07:45 - __main__ - INFO - sample_host priors: [0, 11, 32, 16, 0, 4, 4, 20, 0, 0, 0, 687, 0, 11, 0, 0, 0, 0, 4, 5, 1, 24, 4, 339]
2026-09-09 21:07:45 - __main__ - INFO - material priors: [64, 842, 16, 11, 127, 43, 53, 0, 0, 20, 62, 36, 0, 0, 143, 11]
2026-09-09 21:08:36 - __main__ - INFO - community_type priors: [67, 983, 11, 150, 0]
2026-09-09 21:08:36 - __main__ - INFO - feature priors: [6, 0, 189, 40, 7, 0, 0, 24, 29, 0]
2026-09-09 21:08:36 - __main__ - INFO - sample_host priors: [6, 11, 0, 16, 11, 0, 0, 20, 17, 12, 11, 1006, 16, 0, 0, 8, 11, 9, 4, 5, 1, 24, 0, 23]
2026-09-09 21:08:36 - __main__ - INFO - material priors: [63, 750, 16, 0, 189, 11, 5, 11, 0, 51, 0, 66, 24, 0, 320, 0]
2026-09-09 21:09:10 - __main__ - INFO - community_type priors: [42, 1112, 32, 208, 11]
2026-09-09 21:09:10 - __main__ - INFO - feature priors: [6, 34, 114, 40, 82, 0, 52, 24, 29, 10]
2026-09-09 21:09:10 - __main__ - INFO - sample_host priors: [6, 0, 32, 0, 11, 4, 4, 0, 17, 12, 11, 945, 16, 11, 0, 8, 11, 9, 0, 0, 0, 0, 4, 316]
2026-09-09 21:09:10 - __main__ - INFO - material priors: [127, 878, 0, 11, 114, 32, 48, 11, 0, 31, 62, 98, 24, 0, 315, 11]
2026-09-09 21:10:03 - __main__ - INFO - community_type priors: [47, 979, 43, 70, 11]
2026-09-09 21:10:03 - __main__ - INFO - feature priors: [0, 34, 127, 0, 89, 0, 52, 0, 0, 10]
2026-09-09 21:10:03 - __main__ - INFO - sample_host priors: [0, 11, 32, 16, 0, 4, 4, 20, 0, 0, 0, 687, 0, 11, 0, 0, 0, 0, 4, 5, 1, 24, 4, 339]
2026-09-09 21:10:03 - __main__ - INFO - material priors: [64, 842, 16, 11, 127, 43, 53, 0, 0, 20, 62, 36, 0, 0, 143, 11]
2026-09-09 21:10:38 - __main__ - INFO - community_type priors: [67, 983, 11, 150, 0]
2026-09-09 21:10:38 - __main__ - INFO - feature priors: [6, 0, 189, 40, 7, 0, 0, 24, 29, 0]
2026-09-09 21:10:38 - __main__ - INFO - sample_host priors: [6, 11, 0, 16, 11, 0, 0, 20, 17, 12, 11, 1006, 16, 0, 0, 8, 11, 9, 4, 5, 1, 24, 0, 23]
2026-09-09 21:10:38 - __main__ - INFO - material priors: [63, 750, 16, 0, 189, 11, 5, 11, 0, 51, 0, 66, 24, 0, 320, 0]
2026-09-09 21:11:33 - __main__ - INFO - community_type priors: [42, 1112, 32, 208, 11]
2026-09-09 21:11:33 - __main__ - INFO - feature priors: [6, 34, 114, 40, 82, 0, 52, 24, 29, 10]
2026-09-09 21:11:33 - __main__ - INFO - sample_host priors: [6, 0, 32, 0, 11, 4, 4, 0, 17, 12, 11, 945, 16, 11, 0, 8, 11, 9, 0, 0, 0, 0, 4, 316]
2026-09-09 21:11:33 - __main__ - INFO - material priors: [127, 878, 0, 11, 114, 32, 48, 11, 0, 31, 62, 98, 24, 0, 315, 11]
2026-09-09 21:12:38 - __main__ - INFO - community_type priors: [47, 979, 43, 70, 11]
2026-09-09 21:12:38 - __main__ - INFO - feature priors: [0, 34, 127, 0, 89, 0, 52, 0, 0, 10]
2026-09-09 21:12:38 - __main__ - INFO - sample_host priors: [0, 11, 32, 16, 0, 4, 4, 20, 0, 0, 0, 687, 0, 11, 0, 0, 0, 0, 4, 5, 1, 24, 4, 339]
2026-09-09 21:12:38 - __main__ - INFO - material priors: [64, 842, 16, 11, 127, 43, 53, 0, 0, 20, 62, 36, 0, 0, 143, 11]
2026-09-09 21:13:09 - __main__ - INFO - community_type priors: [67, 983, 11, 150, 0]
2026-09-09 21:13:09 - __main__ - INFO - feature priors: [6, 0, 189, 40, 7, 0, 0, 24, 29, 0]
2026-09-09 21:13:09 - __main__ - INFO - sample_host priors: [6, 11, 0, 16, 11, 0, 0, 20, 17, 12, 11, 1006, 16, 0, 0, 8, 11, 9, 4, 5, 1, 24, 0, 23]
2026-09-09 21:13:09 - __main__ - INFO - material priors: [63, 750, 16, 0, 189, 11, 5, 11, 0, 51, 0, 66, 24, 0, 320, 0]
2026-09-09 21:14:01 - __main__ - INFO - community_type priors: [42, 1112, 32, 208, 11]
2026-09-09 21:14:01 - __main__ - INFO - feature priors: [6, 34, 114, 40, 82, 0, 52, 24, 29, 10]
2026-09-09 21:14:01 - __main__ - INFO - sample_host priors: [6, 0, 32, 0, 11, 4, 4, 0, 17, 12, 11, 945, 16, 11, 0, 8, 11, 9, 0, 0, 0, 0, 4, 316]
2026-09-09 21:14:01 - __main__ - INFO - material priors: [127, 878, 0, 11, 114, 32, 48, 11, 0, 31, 62, 98, 24, 0, 315, 11]
2026-09-09 21:14:48 - __main__ - INFO - community_type priors: [47, 979, 43, 70, 11]
2026-09-09 21:14:48 - __main__ - INFO - feature priors: [0, 34, 127, 0, 89, 0, 52, 0, 0, 10]
2026-09-09 21:14:48 - __main__ - INFO - sample_host priors: [0, 11, 32, 16, 0, 4, 4, 20, 0, 0, 0, 687, 0, 11, 0, 0, 0, 0, 4, 5, 1, 24, 4, 339]
2026-09-09 21:14:48 - __main__ - INFO - material priors: [64, 842, 16, 11, 127, 43, 53, 0, 0, 20, 62, 36, 0, 0, 143, 11]
2026-09-09 21:15:43 - __main__ - INFO - community_type priors: [67, 983, 11, 150, 0]
2026-09-09 21:15:43 - __main__ - INFO - feature priors: [6, 0, 189, 40, 7, 0, 0, 24, 29, 0]
2026-09-09 21:15:43 - __main__ - INFO - sample_host priors: [6, 11, 0, 16, 11, 0, 0, 20, 17, 12, 11, 1006, 16, 0, 0, 8, 11, 9, 4, 5, 1, 24, 0, 23]
2026-09-09 21:15:43 - __main__ - INFO - material priors: [63, 750, 16, 0, 189, 11, 5, 11, 0, 51, 0, 66, 24, 0, 320, 0]
2026-09-09 21:16:33 - __main__ - INFO - community_type priors: [42, 1112, 32, 208, 11]
2026-09-09 21:16:33 - __main__ - INFO - feature priors: [6, 34, 114, 40, 82, 0, 52, 24, 29, 10]
2026-09-09 21:16:33 - __main__ - INFO - sample_host priors: [6, 0, 32, 0, 11, 4, 4, 0, 17, 12, 11, 945, 16, 11, 0, 8, 11, 9, 0, 0, 0, 0, 4, 316]
2026-09-09 21:16:33 - __main__ - INFO - material priors: [127, 878, 0, 11, 114, 32, 48, 11, 0, 31, 62, 98, 24, 0, 315, 11]
2026-09-09 21:17:44 - __main__ - INFO - community_type priors: [47, 979, 43, 70, 11]
2026-09-09 21:17:44 - __main__ - INFO - feature priors: [0, 34, 127, 0, 89, 0, 52, 0, 0, 10]
2026-09-09 21:17:44 - __main__ - INFO - sample_host priors: [0, 11, 32, 16, 0, 4, 4, 20, 0, 0, 0, 687, 0, 11, 0, 0, 0, 0, 4, 5, 1, 24, 4, 339]
2026-09-09 21:17:44 - __main__ - INFO - material priors: [64, 842, 16, 11, 127, 43, 53, 0, 0, 20, 62, 36, 0, 0, 143, 11]
2026-09-09 21:18:17 - __main__ - INFO - community_type priors: [67, 983, 11, 150, 0]
2026-09-09 21:18:17 - __main__ - INFO - feature priors: [6, 0, 189, 40, 7, 0, 0, 24, 29, 0]
2026-09-09 21:18:17 - __main__ - INFO - sample_host priors: [6, 11, 0, 16, 11, 0, 0, 20, 17, 12, 11, 1006, 16, 0, 0, 8, 11, 9, 4, 5, 1, 24, 0, 23]
2026-09-09 21:18:17 - __main__ - INFO - material priors: [63, 750, 16, 0, 189, 11, 5, 11, 0, 51, 0, 66, 24, 0, 320, 0]
2026-09-09 21:19:10 - __main__ - INFO - community_type priors: [42, 1112, 32, 208, 11]
2026-09-09 21:19:10 - __main__ - INFO - feature priors: [6, 34, 114, 40, 82, 0, 52, 24, 29, 10]
2026-09-09 21:19:10 - __main__ - INFO - sample_host priors: [6, 0, 32, 0, 11, 4, 4, 0, 17, 12, 11, 945, 16, 11, 0, 8, 11, 9, 0, 0, 0, 0, 4, 316]
2026-09-09 21:19:10 - __main__ - INFO - material priors: [127, 878, 0, 11, 114, 32, 48, 11, 0, 31, 62, 98, 24, 0, 315, 11]
2026-09-09 21:20:03 - __main__ - INFO - community_type priors: [47, 979, 43, 70, 11]
2026-09-09 21:20:03 - __main__ - INFO - feature priors: [0, 34, 127, 0, 89, 0, 52, 0, 0, 10]
2026-09-09 21:20:03 - __main__ - INFO - sample_host priors: [0, 11, 32, 16, 0, 4, 4, 20, 0, 0, 0, 687, 0, 11, 0, 0, 0, 0, 4, 5, 1, 24, 4, 339]
2026-09-09 21:20:03 - __main__ - INFO - material priors: [64, 842, 16, 11, 127, 43, 53, 0, 0, 20, 62, 36, 0, 0, 143, 11]
2026-09-09 21:20:53 - __main__ - INFO - community_type priors: [67, 983, 11, 150, 0]
2026-09-09 21:20:53 - __main__ - INFO - feature priors: [6, 0, 189, 40, 7, 0, 0, 24, 29, 0]
2026-09-09 21:20:53 - __main__ - INFO - sample_host priors: [6, 11, 0, 16, 11, 0, 0, 20, 17, 12, 11, 1006, 16, 0, 0, 8, 11, 9, 4, 5, 1, 24, 0, 23]
2026-09-09 21:20:53 - __main__ - INFO - material priors: [63, 750, 16, 0, 189, 11, 5, 11, 0, 51, 0, 66, 24, 0, 320, 0]
2026-09-09 21:21:44 - __main__ - INFO - community_type priors: [42, 1112, 32, 208, 11]
2026-09-09 21:21:44 - __main__ - INFO - feature priors: [6, 34, 114, 40, 82, 0, 52, 24, 29, 10]
2026-09-09 21:21:44 - __main__ - INFO - sample_host priors: [6, 0, 32, 0, 11, 4, 4, 0, 17, 12, 11, 945, 16, 11, 0, 8, 11, 9, 0, 0, 0, 0, 4, 316]
2026-09-09 21:21:44 - __main__ - INFO - material priors: [127, 878, 0, 11, 114, 32, 48, 11, 0, 31, 62, 98, 24, 0, 315, 11]
2026-09-09 21:22:41 - __main__ - INFO - community_type priors: [47, 979, 43, 70, 11]
2026-09-09 21:22:41 - __main__ - INFO - feature priors: [0, 34, 127, 0, 89, 0, 52, 0, 0, 10]
2026-09-09 21:22:41 - __main__ - INFO - sample_host priors: [0, 11, 32, 16, 0, 4, 4, 20, 0, 0, 0, 687, 0, 11, 0, 0, 0, 0, 4, 5, 1, 24, 4, 339]
2026-09-09 21:22:41 - __main__ - INFO - material priors: [64, 842, 16, 11, 127, 43, 53, 0, 0, 20, 62, 36, 0, 0, 143, 11]
2026-09-09 21:23:42 - __main__ - INFO - community_type priors: [67, 983, 11, 150, 0]
2026-09-09 21:23:42 - __main__ - INFO - feature priors: [6, 0, 189, 40, 7, 0, 0, 24, 29, 0]
2026-09-09 21:23:42 - __main__ - INFO - sample_host priors: [6, 11, 0, 16, 11, 0, 0, 20, 17, 12, 11, 1006, 16, 0, 0, 8, 11, 9, 4, 5, 1, 24, 0, 23]
2026-09-09 21:23:42 - __main__ - INFO - material priors: [63, 750, 16, 0, 189, 11, 5, 11, 0, 51, 0, 66, 24, 0, 320, 0]
2026-09-09 21:24:37 - __main__ - INFO - community_type priors: [42, 1112, 32, 208, 11]
2026-09-09 21:24:37 - __main__ - INFO - feature priors: [6, 34, 114, 40, 82, 0, 52, 24, 29, 10]
2026-09-09 21:24:37 - __main__ - INFO - sample_host priors: [6, 0, 32, 0, 11, 4, 4, 0, 17, 12, 11, 945, 16, 11, 0, 8, 11, 9, 0, 0, 0, 0, 4, 316]
2026-09-09 21:24:37 - __main__ - INFO - material priors: [127, 878, 0, 11, 114, 32, 48, 11, 0, 31, 62, 98, 24, 0, 315, 11]
2026-09-09 21:25:41 - __main__ - INFO - community_type priors: [47, 979, 43, 70, 11]
2026-09-09 21:25:41 - __main__ - INFO - feature priors: [0, 34, 127, 0, 89, 0, 52, 0, 0, 10]
2026-09-09 21:25:41 - __main__ - INFO - sample_host priors: [0, 11, 32, 16, 0, 4, 4, 20, 0, 0, 0, 687, 0, 11, 0, 0, 0, 0, 4, 5, 1, 24, 4, 339]
2026-09-09 21:25:41 - __main__ - INFO - material priors: [64, 842, 16, 11, 127, 43, 53, 0, 0, 20, 62, 36, 0, 0, 143, 11]
2026-09-09 21:26:21 - __main__ - INFO - community_type priors: [67, 983, 11, 150, 0]
2026-09-09 21:26:21 - __main__ - INFO - feature priors: [6, 0, 189, 40, 7, 0, 0, 24, 29, 0]
2026-09-09 21:26:21 - __main__ - INFO - sample_host priors: [6, 11, 0, 16, 11, 0, 0, 20, 17, 12, 11, 1006, 16, 0, 0, 8, 11, 9, 4, 5, 1, 24, 0, 23]
2026-09-09 21:26:21 - __main__ - INFO - material priors: [63, 750, 16, 0, 189, 11, 5, 11, 0, 51, 0, 66, 24, 0, 320, 0]
2026-09-09 21:26:55 - __main__ - INFO - community_type priors: [42, 1112, 32, 208, 11]
2026-09-09 21:26:55 - __main__ - INFO - feature priors: [6, 34, 114, 40, 82, 0, 52, 24, 29, 10]
2026-09-09 21:26:55 - __main__ - INFO - sample_host priors: [6, 0, 32, 0, 11, 4, 4, 0, 17, 12, 11, 945, 16, 11, 0, 8, 11, 9, 0, 0, 0, 0, 4, 316]
2026-09-09 21:26:55 - __main__ - INFO - material priors: [127, 878, 0, 11, 114, 32, 48, 11, 0, 31, 62, 98, 24, 0, 315, 11]
2026-09-09 21:27:43 - __main__ - INFO - community_type priors: [47, 979, 43, 70, 11]
2026-09-09 21:27:43 - __main__ - INFO - feature priors: [0, 34, 127, 0, 89, 0, 52, 0, 0, 10]
2026-09-09 21:27:43 - __main__ - INFO - sample_host priors: [0, 11, 32, 16, 0, 4, 4, 20, 0, 0, 0, 687, 0, 11, 0, 0, 0, 0, 4, 5, 1, 24, 4, 339]
2026-09-09 21:27:43 - __main__ - INFO - material priors: [64, 842, 16, 11, 127, 43, 53, 0, 0, 20, 62, 36, 0, 0, 143, 11]
2026-09-09 21:28:24 - __main__ - INFO - community_type priors: [67, 983, 11, 150, 0]
2026-09-09 21:28:24 - __main__ - INFO - feature priors: [6, 0, 189, 40, 7, 0, 0, 24, 29, 0]
2026-09-09 21:28:24 - __main__ - INFO - sample_host priors: [6, 11, 0, 16, 11, 0, 0, 20, 17, 12, 11, 1006, 16, 0, 0, 8, 11, 9, 4, 5, 1, 24, 0, 23]
2026-09-09 21:28:24 - __main__ - INFO - material priors: [63, 750, 16, 0, 189, 11, 5, 11, 0, 51, 0, 66, 24, 0, 320, 0]
2026-09-09 21:29:00 - __main__ - INFO - community_type priors: [42, 1112, 32, 208, 11]
2026-09-09 21:29:00 - __main__ - INFO - feature priors: [6, 34, 114, 40, 82, 0, 52, 24, 29, 10]
2026-09-09 21:29:00 - __main__ - INFO - sample_host priors: [6, 0, 32, 0, 11, 4, 4, 0, 17, 12, 11, 945, 16, 11, 0, 8, 11, 9, 0, 0, 0, 0, 4, 316]
2026-09-09 21:29:00 - __main__ - INFO - material priors: [127, 878, 0, 11, 114, 32, 48, 11, 0, 31, 62, 98, 24, 0, 315, 11]
2026-09-09 21:30:17 - __main__ - INFO - community_type priors: [47, 979, 43, 70, 11]
2026-09-09 21:30:17 - __main__ - INFO - feature priors: [0, 34, 127, 0, 89, 0, 52, 0, 0, 10]
2026-09-09 21:30:17 - __main__ - INFO - sample_host priors: [0, 11, 32, 16, 0, 4, 4, 20, 0, 0, 0, 687, 0, 11, 0, 0, 0, 0, 4, 5, 1, 24, 4, 339]
2026-09-09 21:30:17 - __main__ - INFO - material priors: [64, 842, 16, 11, 127, 43, 53, 0, 0, 20, 62, 36, 0, 0, 143, 11]
2026-09-09 21:31:09 - __main__ - INFO - community_type priors: [67, 983, 11, 150, 0]
2026-09-09 21:31:09 - __main__ - INFO - feature priors: [6, 0, 189, 40, 7, 0, 0, 24, 29, 0]
2026-09-09 21:31:09 - __main__ - INFO - sample_host priors: [6, 11, 0, 16, 11, 0, 0, 20, 17, 12, 11, 1006, 16, 0, 0, 8, 11, 9, 4, 5, 1, 24, 0, 23]
2026-09-09 21:31:09 - __main__ - INFO - material priors: [63, 750, 16, 0, 189, 11, 5, 11, 0, 51, 0, 66, 24, 0, 320, 0]
2026-09-09 21:31:54 - __main__ - INFO - community_type priors: [42, 1112, 32, 208, 11]
2026-09-09 21:31:54 - __main__ - INFO - feature priors: [6, 34, 114, 40, 82, 0, 52, 24, 29, 10]
2026-09-09 21:31:54 - __main__ - INFO - sample_host priors: [6, 0, 32, 0, 11, 4, 4, 0, 17, 12, 11, 945, 16, 11, 0, 8, 11, 9, 0, 0, 0, 0, 4, 316]
2026-09-09 21:31:54 - __main__ - INFO - material priors: [127, 878, 0, 11, 114, 32, 48, 11, 0, 31, 62, 98, 24, 0, 315, 11]
2026-09-09 21:33:03 - __main__ - INFO - community_type priors: [47, 979, 43, 70, 11]
2026-09-09 21:33:03 - __main__ - INFO - feature priors: [0, 34, 127, 0, 89, 0, 52, 0, 0, 10]
2026-09-09 21:33:03 - __main__ - INFO - sample_host priors: [0, 11, 32, 16, 0, 4, 4, 20, 0, 0, 0, 687, 0, 11, 0, 0, 0, 0, 4, 5, 1, 24, 4, 339]
2026-09-09 21:33:03 - __main__ - INFO - material priors: [64, 842, 16, 11, 127, 43, 53, 0, 0, 20, 62, 36, 0, 0, 143, 11]
2026-09-09 21:34:00 - __main__ - INFO - community_type priors: [67, 983, 11, 150, 0]
2026-09-09 21:34:00 - __main__ - INFO - feature priors: [6, 0, 189, 40, 7, 0, 0, 24, 29, 0]
2026-09-09 21:34:00 - __main__ - INFO - sample_host priors: [6, 11, 0, 16, 11, 0, 0, 20, 17, 12, 11, 1006, 16, 0, 0, 8, 11, 9, 4, 5, 1, 24, 0, 23]
2026-09-09 21:34:00 - __main__ - INFO - material priors: [63, 750, 16, 0, 189, 11, 5, 11, 0, 51, 0, 66, 24, 0, 320, 0]
2026-09-09 21:34:34 - __main__ - INFO - community_type priors: [42, 1112, 32, 208, 11]
2026-09-09 21:34:34 - __main__ - INFO - feature priors: [6, 34, 114, 40, 82, 0, 52, 24, 29, 10]
2026-09-09 21:34:34 - __main__ - INFO - sample_host priors: [6, 0, 32, 0, 11, 4, 4, 0, 17, 12, 11, 945, 16, 11, 0, 8, 11, 9, 0, 0, 0, 0, 4, 316]
2026-09-09 21:34:34 - __main__ - INFO - material priors: [127, 878, 0, 11, 114, 32, 48, 11, 0, 31, 62, 98, 24, 0, 315, 11]
2026-09-09 21:35:43 - __main__ - INFO - community_type priors: [47, 979, 43, 70, 11]
2026-09-09 21:35:43 - __main__ - INFO - feature priors: [0, 34, 127, 0, 89, 0, 52, 0, 0, 10]
2026-09-09 21:35:43 - __main__ - INFO - sample_host priors: [0, 11, 32, 16, 0, 4, 4, 20, 0, 0, 0, 687, 0, 11, 0, 0, 0, 0, 4, 5, 1, 24, 4, 339]
2026-09-09 21:35:43 - __main__ - INFO - material priors: [64, 842, 16, 11, 127, 43, 53, 0, 0, 20, 62, 36, 0, 0, 143, 11]
2026-09-09 21:36:46 - __main__ - INFO - community_type priors: [67, 983, 11, 150, 0]
2026-09-09 21:36:46 - __main__ - INFO - feature priors: [6, 0, 189, 40, 7, 0, 0, 24, 29, 0]
2026-09-09 21:36:46 - __main__ - INFO - sample_host priors: [6, 11, 0, 16, 11, 0, 0, 20, 17, 12, 11, 1006, 16, 0, 0, 8, 11, 9, 4, 5, 1, 24, 0, 23]
2026-09-09 21:36:46 - __main__ - INFO - material priors: [63, 750, 16, 0, 189, 11, 5, 11, 0, 51, 0, 66, 24, 0, 320, 0]
2026-09-09 21:37:23 - __main__ - INFO - community_type priors: [42, 1112, 32, 208, 11]
2026-09-09 21:37:23 - __main__ - INFO - feature priors: [6, 34, 114, 40, 82, 0, 52, 24, 29, 10]
2026-09-09 21:37:23 - __main__ - INFO - sample_host priors: [6, 0, 32, 0, 11, 4, 4, 0, 17, 12, 11, 945, 16, 11, 0, 8, 11, 9, 0, 0, 0, 0, 4, 316]
2026-09-09 21:37:23 - __main__ - INFO - material priors: [127, 878, 0, 11, 114, 32, 48, 11, 0, 31, 62, 98, 24, 0, 315, 11]
2026-09-09 21:38:14 - __main__ - INFO - community_type priors: [47, 979, 43, 70, 11]
2026-09-09 21:38:14 - __main__ - INFO - feature priors: [0, 34, 127, 0, 89, 0, 52, 0, 0, 10]
2026-09-09 21:38:14 - __main__ - INFO - sample_host priors: [0, 11, 32, 16, 0, 4, 4, 20, 0, 0, 0, 687, 0, 11, 0, 0, 0, 0, 4, 5, 1, 24, 4, 339]
2026-09-09 21:38:14 - __main__ - INFO - material priors: [64, 842, 16, 11, 127, 43, 53, 0, 0, 20, 62, 36, 0, 0, 143, 11]
2026-09-09 21:38:58 - __main__ - INFO - community_type priors: [67, 983, 11, 150, 0]
2026-09-09 21:38:58 - __main__ - INFO - feature priors: [6, 0, 189, 40, 7, 0, 0, 24, 29, 0]
2026-09-09 21:38:58 - __main__ - INFO - sample_host priors: [6, 11, 0, 16, 11, 0, 0, 20, 17, 12, 11, 1006, 16, 0, 0, 8, 11, 9, 4, 5, 1, 24, 0, 23]
2026-09-09 21:38:58 - __main__ - INFO - material priors: [63, 750, 16, 0, 189, 11, 5, 11, 0, 51, 0, 66, 24, 0, 320, 0]
2026-09-09 21:39:52 - __main__ - INFO - community_type priors: [42, 1112, 32, 208, 11]
2026-09-09 21:39:52 - __main__ - INFO - feature priors: [6, 34, 114, 40, 82, 0, 52, 24, 29, 10]
2026-09-09 21:39:52 - __main__ - INFO - sample_host priors: [6, 0, 32, 0, 11, 4, 4, 0, 17, 12, 11, 945, 16, 11, 0, 8, 11, 9, 0, 0, 0, 0, 4, 316]
2026-09-09 21:39:52 - __main__ - INFO - material priors: [127, 878, 0, 11, 114, 32, 48, 11, 0, 31, 62, 98, 24, 0, 315, 11]
2026-09-09 21:40:57 - __main__ - INFO - community_type priors: [47, 979, 43, 70, 11]
2026-09-09 21:40:57 - __main__ - INFO - feature priors: [0, 34, 127, 0, 89, 0, 52, 0, 0, 10]
2026-09-09 21:40:57 - __main__ - INFO - sample_host priors: [0, 11, 32, 16, 0, 4, 4, 20, 0, 0, 0, 687, 0, 11, 0, 0, 0, 0, 4, 5, 1, 24, 4, 339]
2026-09-09 21:40:57 - __main__ - INFO - material priors: [64, 842, 16, 11, 127, 43, 53, 0, 0, 20, 62, 36, 0, 0, 143, 11]
2026-09-09 21:41:37 - __main__ - INFO - community_type priors: [67, 983, 11, 150, 0]
2026-09-09 21:41:37 - __main__ - INFO - feature priors: [6, 0, 189, 40, 7, 0, 0, 24, 29, 0]
2026-09-09 21:41:37 - __main__ - INFO - sample_host priors: [6, 11, 0, 16, 11, 0, 0, 20, 17, 12, 11, 1006, 16, 0, 0, 8, 11, 9, 4, 5, 1, 24, 0, 23]
2026-09-09 21:41:37 - __main__ - INFO - material priors: [63, 750, 16, 0, 189, 11, 5, 11, 0, 51, 0, 66, 24, 0, 320, 0]
2026-09-09 21:42:10 - __main__ - INFO - community_type priors: [42, 1112, 32, 208, 11]
2026-09-09 21:42:10 - __main__ - INFO - feature priors: [6, 34, 114, 40, 82, 0, 52, 24, 29, 10]
2026-09-09 21:42:10 - __main__ - INFO - sample_host priors: [6, 0, 32, 0, 11, 4, 4, 0, 17, 12, 11, 945, 16, 11, 0, 8, 11, 9, 0, 0, 0, 0, 4, 316]
2026-09-09 21:42:10 - __main__ - INFO - material priors: [127, 878, 0, 11, 114, 32, 48, 11, 0, 31, 62, 98, 24, 0, 315, 11]
2026-09-09 21:43:08 - __main__ - INFO - community_type priors: [47, 979, 43, 70, 11]
2026-09-09 21:43:08 - __main__ - INFO - feature priors: [0, 34, 127, 0, 89, 0, 52, 0, 0, 10]
2026-09-09 21:43:08 - __main__ - INFO - sample_host priors: [0, 11, 32, 16, 0, 4, 4, 20, 0, 0, 0, 687, 0, 11, 0, 0, 0, 0, 4, 5, 1, 24, 4, 339]
2026-09-09 21:43:08 - __main__ - INFO - material priors: [64, 842, 16, 11, 127, 43, 53, 0, 0, 20, 62, 36, 0, 0, 143, 11]
2026-09-09 21:44:01 - __main__ - INFO - community_type priors: [67, 983, 11, 150, 0]
2026-09-09 21:44:01 - __main__ - INFO - feature priors: [6, 0, 189, 40, 7, 0, 0, 24, 29, 0]
2026-09-09 21:44:01 - __main__ - INFO - sample_host priors: [6, 11, 0, 16, 11, 0, 0, 20, 17, 12, 11, 1006, 16, 0, 0, 8, 11, 9, 4, 5, 1, 24, 0, 23]
2026-09-09 21:44:01 - __main__ - INFO - material priors: [63, 750, 16, 0, 189, 11, 5, 11, 0, 51, 0, 66, 24, 0, 320, 0]
2026-09-09 21:44:50 - __main__ - INFO - community_type priors: [42, 1112, 32, 208, 11]
2026-09-09 21:44:50 - __main__ - INFO - feature priors: [6, 34, 114, 40, 82, 0, 52, 24, 29, 10]
2026-09-09 21:44:50 - __main__ - INFO - sample_host priors: [6, 0, 32, 0, 11, 4, 4, 0, 17, 12, 11, 945, 16, 11, 0, 8, 11, 9, 0, 0, 0, 0, 4, 316]
2026-09-09 21:44:50 - __main__ - INFO - material priors: [127, 878, 0, 11, 114, 32, 48, 11, 0, 31, 62, 98, 24, 0, 315, 11]
2026-09-09 21:45:55 - __main__ - INFO - community_type priors: [47, 979, 43, 70, 11]
2026-09-09 21:45:55 - __main__ - INFO - feature priors: [0, 34, 127, 0, 89, 0, 52, 0, 0, 10]
2026-09-09 21:45:55 - __main__ - INFO - sample_host priors: [0, 11, 32, 16, 0, 4, 4, 20, 0, 0, 0, 687, 0, 11, 0, 0, 0, 0, 4, 5, 1, 24, 4, 339]
2026-09-09 21:45:55 - __main__ - INFO - material priors: [64, 842, 16, 11, 127, 43, 53, 0, 0, 20, 62, 36, 0, 0, 143, 11]
2026-09-09 21:46:20 - __main__ - INFO - community_type priors: [67, 983, 11, 150, 0]
2026-09-09 21:46:20 - __main__ - INFO - feature priors: [6, 0, 189, 40, 7, 0, 0, 24, 29, 0]
2026-09-09 21:46:20 - __main__ - INFO - sample_host priors: [6, 11, 0, 16, 11, 0, 0, 20, 17, 12, 11, 1006, 16, 0, 0, 8, 11, 9, 4, 5, 1, 24, 0, 23]
2026-09-09 21:46:20 - __main__ - INFO - material priors: [63, 750, 16, 0, 189, 11, 5, 11, 0, 51, 0, 66, 24, 0, 320, 0]
2026-09-09 21:46:58 - __main__ - INFO - community_type priors: [42, 1112, 32, 208, 11]
2026-09-09 21:46:58 - __main__ - INFO - feature priors: [6, 34, 114, 40, 82, 0, 52, 24, 29, 10]
2026-09-09 21:46:58 - __main__ - INFO - sample_host priors: [6, 0, 32, 0, 11, 4, 4, 0, 17, 12, 11, 945, 16, 11, 0, 8, 11, 9, 0, 0, 0, 0, 4, 316]
2026-09-09 21:46:58 - __main__ - INFO - material priors: [127, 878, 0, 11, 114, 32, 48, 11, 0, 31, 62, 98, 24, 0, 315, 11]
2026-09-09 21:47:47 - __main__ - INFO - community_type priors: [47, 979, 43, 70, 11]
2026-09-09 21:47:47 - __main__ - INFO - feature priors: [0, 34, 127, 0, 89, 0, 52, 0, 0, 10]
2026-09-09 21:47:47 - __main__ - INFO - sample_host priors: [0, 11, 32, 16, 0, 4, 4, 20, 0, 0, 0, 687, 0, 11, 0, 0, 0, 0, 4, 5, 1, 24, 4, 339]
2026-09-09 21:47:47 - __main__ - INFO - material priors: [64, 842, 16, 11, 127, 43, 53, 0, 0, 20, 62, 36, 0, 0, 143, 11]
2026-09-09 21:48:19 - __main__ - INFO - community_type priors: [67, 983, 11, 150, 0]
2026-09-09 21:48:19 - __main__ - INFO - feature priors: [6, 0, 189, 40, 7, 0, 0, 24, 29, 0]
2026-09-09 21:48:19 - __main__ - INFO - sample_host priors: [6, 11, 0, 16, 11, 0, 0, 20, 17, 12, 11, 1006, 16, 0, 0, 8, 11, 9, 4, 5, 1, 24, 0, 23]
2026-09-09 21:48:19 - __main__ - INFO - material priors: [63, 750, 16, 0, 189, 11, 5, 11, 0, 51, 0, 66, 24, 0, 320, 0]
2026-09-09 21:48:53 - __main__ - INFO - community_type priors: [42, 1112, 32, 208, 11]
2026-09-09 21:48:53 - __main__ - INFO - feature priors: [6, 34, 114, 40, 82, 0, 52, 24, 29, 10]
2026-09-09 21:48:53 - __main__ - INFO - sample_host priors: [6, 0, 32, 0, 11, 4, 4, 0, 17, 12, 11, 945, 16, 11, 0, 8, 11, 9, 0, 0, 0, 0, 4, 316]
2026-09-09 21:48:53 - __main__ - INFO - material priors: [127, 878, 0, 11, 114, 32, 48, 11, 0, 31, 62, 98, 24, 0, 315, 11]
2026-09-09 21:49:48 - __main__ - INFO - Best hyperparameters (averaged over 3 folds): {'n_layers': 3, 'hidden_dim_0': 64, 'hidden_dim_1': 448, 'hidden_dim_2': 256, 'dropout': 0.38956102991265484, 'learning_rate': 0.0010210914203241143, 'weight_decay': 2.1487182752468544e-06, 'batch_size': 64, 'use_batch_norm': False, 'activation': 'relu', 'logit_adjust_tau': 0.08705797424625357, 'task_weight_community_type': 1.6741619511596786, 'task_weight_feature': 1.2352029944006158, 'task_weight_sample_host': 0.6550382441079852, 'task_weight_material': 1.8660332545060268, 'ls_community_type': 0.03270724255705327, 'ls_feature': 0.1172196740475889, 'ls_sample_host': 0.022715909184717047, 'ls_material': 0.14258883247162107}
2026-09-09 21:49:48 - __main__ - INFO - Best CV score: 0.3665
2026-09-09 21:49:48 - __main__ - INFO - Training final model with proper train/val split...
2026-09-09 21:49:48 - __main__ - INFO - feature: 9/10 classes have training support in this fold
2026-09-09 21:49:48 - __main__ - INFO - sample_host: 23/24 classes have training support in this fold
2026-09-09 21:49:48 - __main__ - INFO - material: 14/16 classes have training support in this fold
2026-09-09 21:49:48 - __main__ - INFO - Final training split: 2175 train, 242 validation, 299 test
2026-09-09 21:49:48 - __main__ - INFO - community_type priors: [78, 1537, 43, 214, 11]
2026-09-09 21:49:48 - __main__ - INFO - feature priors: [6, 34, 215, 40, 89, 0, 52, 24, 29, 10]
2026-09-09 21:49:48 - __main__ - INFO - sample_host priors: [6, 11, 32, 16, 11, 4, 4, 20, 17, 12, 11, 1319, 16, 11, 0, 8, 11, 9, 4, 5, 1, 24, 4, 339]
2026-09-09 21:49:48 - __main__ - INFO - material priors: [127, 1235, 16, 11, 215, 43, 53, 11, 0, 51, 62, 100, 24, 0, 389, 11]
2026-09-09 21:49:48 - diana.utils.checkpointing - INFO - CheckpointManager initialized: results/search_v9_multitask/cv_results/fold_1
2026-09-09 21:49:49 - diana.utils.checkpointing - INFO - Checkpoint saved: results/search_v9_multitask/cv_results/fold_1/checkpoint_epoch_1_20260909_214948.pth
2026-09-09 21:49:49 - diana.utils.checkpointing - INFO - New best model saved: results/search_v9_multitask/cv_results/fold_1/best_model.pth (val_loss: 7.0978)
2026-09-09 21:49:50 - diana.utils.checkpointing - INFO - Checkpoint saved: results/search_v9_multitask/cv_results/fold_1/checkpoint_epoch_2_20260909_214949.pth
2026-09-09 21:49:50 - diana.utils.checkpointing - INFO - New best model saved: results/search_v9_multitask/cv_results/fold_1/best_model.pth (val_loss: 6.3346)
2026-09-09 21:49:50 - diana.utils.checkpointing - INFO - Checkpoint saved: results/search_v9_multitask/cv_results/fold_1/checkpoint_epoch_3_20260909_214950.pth
2026-09-09 21:49:50 - diana.utils.checkpointing - INFO - New best model saved: results/search_v9_multitask/cv_results/fold_1/best_model.pth (val_loss: 5.8048)
2026-09-09 21:49:51 - diana.utils.checkpointing - INFO - Checkpoint saved: results/search_v9_multitask/cv_results/fold_1/checkpoint_epoch_4_20260909_214951.pth
2026-09-09 21:49:51 - diana.utils.checkpointing - INFO - New best model saved: results/search_v9_multitask/cv_results/fold_1/best_model.pth (val_loss: 5.4505)
2026-09-09 21:49:52 - diana.utils.checkpointing - INFO - Checkpoint saved: results/search_v9_multitask/cv_results/fold_1/checkpoint_epoch_5_20260909_214951.pth
2026-09-09 21:49:52 - diana.utils.checkpointing - INFO - Checkpoint saved: results/search_v9_multitask/cv_results/fold_1/checkpoint_epoch_6_20260909_214952.pth
2026-09-09 21:49:52 - diana.utils.checkpointing - INFO - New best model saved: results/search_v9_multitask/cv_results/fold_1/best_model.pth (val_loss: 5.3481)
2026-09-09 21:49:53 - diana.utils.checkpointing - INFO - Checkpoint saved: results/search_v9_multitask/cv_results/fold_1/checkpoint_epoch_7_20260909_214953.pth
2026-09-09 21:49:53 - diana.utils.checkpointing - INFO - New best model saved: results/search_v9_multitask/cv_results/fold_1/best_model.pth (val_loss: 4.9605)
2026-09-09 21:49:54 - diana.utils.checkpointing - INFO - Checkpoint saved: results/search_v9_multitask/cv_results/fold_1/checkpoint_epoch_8_20260909_214953.pth
2026-09-09 21:49:54 - diana.utils.checkpointing - INFO - New best model saved: results/search_v9_multitask/cv_results/fold_1/best_model.pth (val_loss: 4.8032)
2026-09-09 21:49:54 - diana.utils.checkpointing - INFO - Checkpoint saved: results/search_v9_multitask/cv_results/fold_1/checkpoint_epoch_9_20260909_214954.pth
2026-09-09 21:49:54 - diana.utils.checkpointing - INFO - New best model saved: results/search_v9_multitask/cv_results/fold_1/best_model.pth (val_loss: 4.7382)
2026-09-09 21:49:55 - diana.utils.checkpointing - INFO - Checkpoint saved: results/search_v9_multitask/cv_results/fold_1/checkpoint_epoch_10_20260909_214955.pth
2026-09-09 21:49:55 - diana.utils.checkpointing - INFO - New best model saved: results/search_v9_multitask/cv_results/fold_1/best_model.pth (val_loss: 4.5996)
2026-09-09 21:49:56 - diana.utils.checkpointing - INFO - Checkpoint saved: results/search_v9_multitask/cv_results/fold_1/checkpoint_epoch_11_20260909_214956.pth
2026-09-09 21:49:56 - diana.utils.checkpointing - INFO - New best model saved: results/search_v9_multitask/cv_results/fold_1/best_model.pth (val_loss: 4.4950)
2026-09-09 21:49:56 - diana.utils.checkpointing - INFO - Checkpoint saved: results/search_v9_multitask/cv_results/fold_1/checkpoint_epoch_12_20260909_214956.pth
2026-09-09 21:49:57 - diana.utils.checkpointing - INFO - New best model saved: results/search_v9_multitask/cv_results/fold_1/best_model.pth (val_loss: 4.3004)
2026-09-09 21:49:57 - diana.utils.checkpointing - INFO - Checkpoint saved: results/search_v9_multitask/cv_results/fold_1/checkpoint_epoch_13_20260909_214957.pth
2026-09-09 21:49:57 - diana.utils.checkpointing - INFO - New best model saved: results/search_v9_multitask/cv_results/fold_1/best_model.pth (val_loss: 4.2722)
2026-09-09 21:49:58 - diana.utils.checkpointing - INFO - Checkpoint saved: results/search_v9_multitask/cv_results/fold_1/checkpoint_epoch_14_20260909_214958.pth
2026-09-09 21:49:58 - diana.utils.checkpointing - INFO - Checkpoint saved: results/search_v9_multitask/cv_results/fold_1/checkpoint_epoch_15_20260909_214958.pth
2026-09-09 21:49:59 - diana.utils.checkpointing - INFO - New best model saved: results/search_v9_multitask/cv_results/fold_1/best_model.pth (val_loss: 4.1213)
2026-09-09 21:49:59 - diana.utils.checkpointing - INFO - Checkpoint saved: results/search_v9_multitask/cv_results/fold_1/checkpoint_epoch_16_20260909_214959.pth
2026-09-09 21:49:59 - diana.utils.checkpointing - INFO - New best model saved: results/search_v9_multitask/cv_results/fold_1/best_model.pth (val_loss: 3.8799)
2026-09-09 21:50:00 - diana.utils.checkpointing - INFO - Checkpoint saved: results/search_v9_multitask/cv_results/fold_1/checkpoint_epoch_17_20260909_215000.pth
2026-09-09 21:50:01 - diana.utils.checkpointing - INFO - Checkpoint saved: results/search_v9_multitask/cv_results/fold_1/checkpoint_epoch_18_20260909_215000.pth
2026-09-09 21:50:01 - diana.utils.checkpointing - INFO - Checkpoint saved: results/search_v9_multitask/cv_results/fold_1/checkpoint_epoch_19_20260909_215001.pth
2026-09-09 21:50:02 - diana.utils.checkpointing - INFO - Checkpoint saved: results/search_v9_multitask/cv_results/fold_1/checkpoint_epoch_20_20260909_215002.pth
2026-09-09 21:50:02 - __main__ - INFO - Epoch 20/200, Train Loss: 3.8749, Val Loss: 3.8891
2026-09-09 21:50:02 - diana.utils.checkpointing - INFO - Checkpoint saved: results/search_v9_multitask/cv_results/fold_1/checkpoint_epoch_21_20260909_215002.pth
2026-09-09 21:50:03 - diana.utils.checkpointing - INFO - Checkpoint saved: results/search_v9_multitask/cv_results/fold_1/checkpoint_epoch_22_20260909_215003.pth
2026-09-09 21:50:04 - diana.utils.checkpointing - INFO - Checkpoint saved: results/search_v9_multitask/cv_results/fold_1/checkpoint_epoch_23_20260909_215003.pth
2026-09-09 21:50:04 - diana.utils.checkpointing - INFO - Checkpoint saved: results/search_v9_multitask/cv_results/fold_1/checkpoint_epoch_24_20260909_215004.pth
2026-09-09 21:50:05 - diana.utils.checkpointing - INFO - Checkpoint saved: results/search_v9_multitask/cv_results/fold_1/checkpoint_epoch_25_20260909_215005.pth
2026-09-09 21:50:05 - diana.utils.checkpointing - INFO - New best model saved: results/search_v9_multitask/cv_results/fold_1/best_model.pth (val_loss: 3.8433)
2026-09-09 21:50:06 - diana.utils.checkpointing - INFO - Checkpoint saved: results/search_v9_multitask/cv_results/fold_1/checkpoint_epoch_26_20260909_215005.pth
2026-09-09 21:50:06 - diana.utils.checkpointing - INFO - New best model saved: results/search_v9_multitask/cv_results/fold_1/best_model.pth (val_loss: 3.7390)
2026-09-09 21:50:06 - diana.utils.checkpointing - INFO - Checkpoint saved: results/search_v9_multitask/cv_results/fold_1/checkpoint_epoch_27_20260909_215006.pth
2026-09-09 21:50:07 - diana.utils.checkpointing - INFO - Checkpoint saved: results/search_v9_multitask/cv_results/fold_1/checkpoint_epoch_28_20260909_215007.pth
2026-09-09 21:50:08 - diana.utils.checkpointing - INFO - Checkpoint saved: results/search_v9_multitask/cv_results/fold_1/checkpoint_epoch_29_20260909_215007.pth
2026-09-09 21:50:08 - diana.utils.checkpointing - INFO - Checkpoint saved: results/search_v9_multitask/cv_results/fold_1/checkpoint_epoch_30_20260909_215008.pth
2026-09-09 21:50:09 - diana.utils.checkpointing - INFO - Checkpoint saved: results/search_v9_multitask/cv_results/fold_1/checkpoint_epoch_31_20260909_215008.pth
2026-09-09 21:50:09 - diana.utils.checkpointing - INFO - New best model saved: results/search_v9_multitask/cv_results/fold_1/best_model.pth (val_loss: 3.7210)
2026-09-09 21:50:09 - diana.utils.checkpointing - INFO - Checkpoint saved: results/search_v9_multitask/cv_results/fold_1/checkpoint_epoch_32_20260909_215009.pth
2026-09-09 21:50:10 - diana.utils.checkpointing - INFO - New best model saved: results/search_v9_multitask/cv_results/fold_1/best_model.pth (val_loss: 3.6551)
2026-09-09 21:50:10 - diana.utils.checkpointing - INFO - Checkpoint saved: results/search_v9_multitask/cv_results/fold_1/checkpoint_epoch_33_20260909_215010.pth
2026-09-09 21:50:11 - diana.utils.checkpointing - INFO - Checkpoint saved: results/search_v9_multitask/cv_results/fold_1/checkpoint_epoch_34_20260909_215010.pth
2026-09-09 21:50:11 - diana.utils.checkpointing - INFO - Checkpoint saved: results/search_v9_multitask/cv_results/fold_1/checkpoint_epoch_35_20260909_215011.pth
2026-09-09 21:50:12 - diana.utils.checkpointing - INFO - Checkpoint saved: results/search_v9_multitask/cv_results/fold_1/checkpoint_epoch_36_20260909_215011.pth
2026-09-09 21:50:12 - diana.utils.checkpointing - INFO - Checkpoint saved: results/search_v9_multitask/cv_results/fold_1/checkpoint_epoch_37_20260909_215012.pth
2026-09-09 21:50:13 - diana.utils.checkpointing - INFO - Checkpoint saved: results/search_v9_multitask/cv_results/fold_1/checkpoint_epoch_38_20260909_215013.pth
2026-09-09 21:50:13 - diana.utils.checkpointing - INFO - New best model saved: results/search_v9_multitask/cv_results/fold_1/best_model.pth (val_loss: 3.6545)
2026-09-09 21:50:13 - diana.utils.checkpointing - INFO - Checkpoint saved: results/search_v9_multitask/cv_results/fold_1/checkpoint_epoch_39_20260909_215013.pth
2026-09-09 21:50:14 - diana.utils.checkpointing - INFO - New best model saved: results/search_v9_multitask/cv_results/fold_1/best_model.pth (val_loss: 3.6242)
2026-09-09 21:50:14 - diana.utils.checkpointing - INFO - Checkpoint saved: results/search_v9_multitask/cv_results/fold_1/checkpoint_epoch_40_20260909_215014.pth
2026-09-09 21:50:14 - __main__ - INFO - Epoch 40/200, Train Loss: 3.4577, Val Loss: 3.6560
2026-09-09 21:50:15 - diana.utils.checkpointing - INFO - Checkpoint saved: results/search_v9_multitask/cv_results/fold_1/checkpoint_epoch_41_20260909_215014.pth
2026-09-09 21:50:15 - diana.utils.checkpointing - INFO - Checkpoint saved: results/search_v9_multitask/cv_results/fold_1/checkpoint_epoch_42_20260909_215015.pth
2026-09-09 21:50:15 - diana.utils.checkpointing - INFO - New best model saved: results/search_v9_multitask/cv_results/fold_1/best_model.pth (val_loss: 3.6157)
2026-09-09 21:50:16 - diana.utils.checkpointing - INFO - Checkpoint saved: results/search_v9_multitask/cv_results/fold_1/checkpoint_epoch_43_20260909_215016.pth
2026-09-09 21:50:16 - diana.utils.checkpointing - INFO - New best model saved: results/search_v9_multitask/cv_results/fold_1/best_model.pth (val_loss: 3.5295)
2026-09-09 21:50:17 - diana.utils.checkpointing - INFO - Checkpoint saved: results/search_v9_multitask/cv_results/fold_1/checkpoint_epoch_44_20260909_215016.pth
2026-09-09 21:50:17 - diana.utils.checkpointing - INFO - Checkpoint saved: results/search_v9_multitask/cv_results/fold_1/checkpoint_epoch_45_20260909_215017.pth
2026-09-09 21:50:17 - diana.utils.checkpointing - INFO - New best model saved: results/search_v9_multitask/cv_results/fold_1/best_model.pth (val_loss: 3.4570)
2026-09-09 21:50:18 - diana.utils.checkpointing - INFO - Checkpoint saved: results/search_v9_multitask/cv_results/fold_1/checkpoint_epoch_46_20260909_215018.pth
2026-09-09 21:50:19 - diana.utils.checkpointing - INFO - Checkpoint saved: results/search_v9_multitask/cv_results/fold_1/checkpoint_epoch_47_20260909_215018.pth
2026-09-09 21:50:19 - diana.utils.checkpointing - INFO - Checkpoint saved: results/search_v9_multitask/cv_results/fold_1/checkpoint_epoch_48_20260909_215019.pth
2026-09-09 21:50:20 - diana.utils.checkpointing - INFO - Checkpoint saved: results/search_v9_multitask/cv_results/fold_1/checkpoint_epoch_49_20260909_215020.pth
2026-09-09 21:50:21 - diana.utils.checkpointing - INFO - Checkpoint saved: results/search_v9_multitask/cv_results/fold_1/checkpoint_epoch_50_20260909_215020.pth
2026-09-09 21:50:21 - diana.utils.checkpointing - INFO - Checkpoint saved: results/search_v9_multitask/cv_results/fold_1/checkpoint_epoch_51_20260909_215021.pth
2026-09-09 21:50:22 - diana.utils.checkpointing - INFO - Checkpoint saved: results/search_v9_multitask/cv_results/fold_1/checkpoint_epoch_52_20260909_215021.pth
2026-09-09 21:50:22 - diana.utils.checkpointing - INFO - New best model saved: results/search_v9_multitask/cv_results/fold_1/best_model.pth (val_loss: 3.4228)
2026-09-09 21:50:22 - diana.utils.checkpointing - INFO - Checkpoint saved: results/search_v9_multitask/cv_results/fold_1/checkpoint_epoch_53_20260909_215022.pth
2026-09-09 21:50:22 - diana.utils.checkpointing - INFO - New best model saved: results/search_v9_multitask/cv_results/fold_1/best_model.pth (val_loss: 3.3425)
2026-09-09 21:50:23 - diana.utils.checkpointing - INFO - Checkpoint saved: results/search_v9_multitask/cv_results/fold_1/checkpoint_epoch_54_20260909_215023.pth
2026-09-09 21:50:24 - diana.utils.checkpointing - INFO - Checkpoint saved: results/search_v9_multitask/cv_results/fold_1/checkpoint_epoch_55_20260909_215023.pth
2026-09-09 21:50:24 - diana.utils.checkpointing - INFO - Checkpoint saved: results/search_v9_multitask/cv_results/fold_1/checkpoint_epoch_56_20260909_215024.pth
2026-09-09 21:50:25 - diana.utils.checkpointing - INFO - Checkpoint saved: results/search_v9_multitask/cv_results/fold_1/checkpoint_epoch_57_20260909_215024.pth
2026-09-09 21:50:25 - diana.utils.checkpointing - INFO - Checkpoint saved: results/search_v9_multitask/cv_results/fold_1/checkpoint_epoch_58_20260909_215025.pth
2026-09-09 21:50:26 - diana.utils.checkpointing - INFO - Checkpoint saved: results/search_v9_multitask/cv_results/fold_1/checkpoint_epoch_59_20260909_215026.pth
2026-09-09 21:50:26 - diana.utils.checkpointing - INFO - Checkpoint saved: results/search_v9_multitask/cv_results/fold_1/checkpoint_epoch_60_20260909_215026.pth
2026-09-09 21:50:26 - diana.utils.checkpointing - INFO - New best model saved: results/search_v9_multitask/cv_results/fold_1/best_model.pth (val_loss: 3.3411)
2026-09-09 21:50:26 - __main__ - INFO - Epoch 60/200, Train Loss: 3.2021, Val Loss: 3.3411
2026-09-09 21:50:27 - diana.utils.checkpointing - INFO - Checkpoint saved: results/search_v9_multitask/cv_results/fold_1/checkpoint_epoch_61_20260909_215027.pth
2026-09-09 21:50:27 - diana.utils.checkpointing - INFO - New best model saved: results/search_v9_multitask/cv_results/fold_1/best_model.pth (val_loss: 3.2744)
2026-09-09 21:50:28 - diana.utils.checkpointing - INFO - Checkpoint saved: results/search_v9_multitask/cv_results/fold_1/checkpoint_epoch_62_20260909_215027.pth
2026-09-09 21:50:28 - diana.utils.checkpointing - INFO - Checkpoint saved: results/search_v9_multitask/cv_results/fold_1/checkpoint_epoch_63_20260909_215028.pth
2026-09-09 21:50:29 - diana.utils.checkpointing - INFO - Checkpoint saved: results/search_v9_multitask/cv_results/fold_1/checkpoint_epoch_64_20260909_215029.pth
2026-09-09 21:50:29 - diana.utils.checkpointing - INFO - Checkpoint saved: results/search_v9_multitask/cv_results/fold_1/checkpoint_epoch_65_20260909_215029.pth
2026-09-09 21:50:30 - diana.utils.checkpointing - INFO - Checkpoint saved: results/search_v9_multitask/cv_results/fold_1/checkpoint_epoch_66_20260909_215030.pth
2026-09-09 21:50:30 - diana.utils.checkpointing - INFO - Checkpoint saved: results/search_v9_multitask/cv_results/fold_1/checkpoint_epoch_67_20260909_215030.pth
2026-09-09 21:50:31 - diana.utils.checkpointing - INFO - Checkpoint saved: results/search_v9_multitask/cv_results/fold_1/checkpoint_epoch_68_20260909_215031.pth
2026-09-09 21:50:31 - diana.utils.checkpointing - INFO - Checkpoint saved: results/search_v9_multitask/cv_results/fold_1/checkpoint_epoch_69_20260909_215031.pth
2026-09-09 21:50:32 - diana.utils.checkpointing - INFO - Checkpoint saved: results/search_v9_multitask/cv_results/fold_1/checkpoint_epoch_70_20260909_215032.pth
2026-09-09 21:50:33 - diana.utils.checkpointing - INFO - Checkpoint saved: results/search_v9_multitask/cv_results/fold_1/checkpoint_epoch_71_20260909_215032.pth
2026-09-09 21:50:33 - diana.utils.checkpointing - INFO - Checkpoint saved: results/search_v9_multitask/cv_results/fold_1/checkpoint_epoch_72_20260909_215033.pth
2026-09-09 21:50:34 - diana.utils.checkpointing - INFO - Checkpoint saved: results/search_v9_multitask/cv_results/fold_1/checkpoint_epoch_73_20260909_215034.pth
2026-09-09 21:50:34 - diana.utils.checkpointing - INFO - Checkpoint saved: results/search_v9_multitask/cv_results/fold_1/checkpoint_epoch_74_20260909_215034.pth
2026-09-09 21:50:35 - diana.utils.checkpointing - INFO - Checkpoint saved: results/search_v9_multitask/cv_results/fold_1/checkpoint_epoch_75_20260909_215035.pth
2026-09-09 21:50:36 - diana.utils.checkpointing - INFO - Checkpoint saved: results/search_v9_multitask/cv_results/fold_1/checkpoint_epoch_76_20260909_215035.pth
2026-09-09 21:50:36 - diana.utils.checkpointing - INFO - Checkpoint saved: results/search_v9_multitask/cv_results/fold_1/checkpoint_epoch_77_20260909_215036.pth
2026-09-09 21:50:37 - diana.utils.checkpointing - INFO - Checkpoint saved: results/search_v9_multitask/cv_results/fold_1/checkpoint_epoch_78_20260909_215037.pth
2026-09-09 21:50:37 - diana.utils.checkpointing - INFO - Checkpoint saved: results/search_v9_multitask/cv_results/fold_1/checkpoint_epoch_79_20260909_215037.pth
2026-09-09 21:50:38 - diana.utils.checkpointing - INFO - Checkpoint saved: results/search_v9_multitask/cv_results/fold_1/checkpoint_epoch_80_20260909_215038.pth
2026-09-09 21:50:38 - __main__ - INFO - Epoch 80/200, Train Loss: 3.0836, Val Loss: 3.2990
2026-09-09 21:50:38 - diana.utils.checkpointing - INFO - Checkpoint saved: results/search_v9_multitask/cv_results/fold_1/checkpoint_epoch_81_20260909_215038.pth
2026-09-09 21:50:38 - __main__ - INFO - Early stopping triggered after 81 epochs (patience=20)
2026-09-09 21:50:38 - diana.utils.checkpointing - INFO - Loading checkpoint: results/search_v9_multitask/cv_results/fold_1/best_model.pth
2026-09-09 21:50:39 - __main__ - INFO - Loaded best model from epoch 61 (val_loss: 3.2744)
2026-09-09 21:50:39 - __main__ - INFO - Evaluating on held-out test set...
2026-09-09 21:50:39 - __main__ - INFO - community_type test metrics: {'n_scored': 190, 'accuracy': 0.9263157894736842, 'f1_weighted': 0.9137692716640085, 'f1_macro': 0.45707070707070707, 'balanced_accuracy': 0.7083333333333334}
2026-09-09 21:50:39 - __main__ - INFO - feature test metrics: {'n_scored': 109, 'accuracy': 0.42201834862385323, 'f1_weighted': 0.5621386169146557, 'f1_macro': 0.10527544351073763, 'balanced_accuracy': 0.16666666666666666}
2026-09-09 21:50:39 - __main__ - INFO - sample_host test metrics: {'n_scored': 190, 'accuracy': 0.4, 'f1_weighted': 0.31767458573839313, 'f1_macro': 0.10812611465968996, 'balanced_accuracy': 0.3287101787101787}
2026-09-09 21:50:39 - __main__ - INFO - material test metrics: {'n_scored': 291, 'accuracy': 0.6838487972508591, 'f1_weighted': 0.7336994196190274, 'f1_macro': 0.25966317432115477, 'balanced_accuracy': 0.3725757575757576}
2026-09-09 21:50:39 - diana.utils.checkpointing - INFO - Final model saved: results/search_v9_multitask/cv_results/fold_1/final_model_20260909_215039.pth
2026-09-09 21:50:39 - __main__ - INFO - Final model saved to results/search_v9_multitask/cv_results/fold_1/final_model_20260909_215039.pth
2026-09-09 21:50:39 - __main__ - INFO - Results saved to results/search_v9_multitask/cv_results/fold_1/multitask_fold_1_results_20260909_172126.json
2026-09-09 21:50:39 - __main__ - INFO - ================================================================================
2026-09-09 21:50:39 - __main__ - INFO - ================================================================================
2026-09-09 21:50:39 - __main__ - INFO - === FOLD COMPLETE ===
2026-09-09 21:50:39 - __main__ - INFO - ================================================================================
2026-09-09 21:50:39 - __main__ - INFO - Results: {'community_type': {'n_scored': 190, 'accuracy': 0.9263157894736842, 'f1_weighted': 0.9137692716640085, 'f1_macro': 0.45707070707070707, 'balanced_accuracy': 0.7083333333333334}, 'feature': {'n_scored': 109, 'accuracy': 0.42201834862385323, 'f1_weighted': 0.5621386169146557, 'f1_macro': 0.10527544351073763, 'balanced_accuracy': 0.16666666666666666}, 'sample_host': {'n_scored': 190, 'accuracy': 0.4, 'f1_weighted': 0.31767458573839313, 'f1_macro': 0.10812611465968996, 'balanced_accuracy': 0.3287101787101787}, 'material': {'n_scored': 291, 'accuracy': 0.6838487972508591, 'f1_weighted': 0.7336994196190274, 'f1_macro': 0.25966317432115477, 'balanced_accuracy': 0.3725757575757576}}
