Run_accession	fold	y_true	p_gut	p_oral	p_plant tissue	p_skeletal tissue	p_soft tissue
ERR3579671	0	oral	0.11058915	0.46970916	0.006972942	0.26837435	0.1443544
ERR3579672	0	oral	0.061291385	0.876506	0.0011337815	0.04205253	0.019016325
ERR3579673	0	oral	0.09533577	0.7784713	0.0010703813	0.105907604	0.019214986
ERR3579674	0	oral	0.06715844	0.64452726	0.002867104	0.26899847	0.016448725
ERR3579675	0	oral	0.00040138225	0.9271047	0.0	0.07169113	0.0008027645
ERR3579676	0	oral	0.11352766	0.5576351	0.026504911	0.20653586	0.09579643
ERR3579677	0	oral	0.08186545	0.7907974	0.0	0.053003043	0.07433406
ERR3579678	0	oral	0.054339956	0.84836984	0.0011616261	0.048663143	0.047465418
ERR3579680	0	oral	0.021003963	0.91923094	0.0069525726	0.04019877	0.012613752
ERR3579681	0	oral	0.10106655	0.6244805	0.009386516	0.21366781	0.051398635
ERR3579682	0	oral	0.09729566	0.6087217	0.020376375	0.21955188	0.054054398
ERR3579683	0	oral	0.07567216	0.76444894	0.009489177	0.093515955	0.056873802
ERR3579685	0	oral	0.089635536	0.7381325	0.021195034	0.09675614	0.05428084
ERR3579687	0	oral	0.16271928	0.6621892	0.012049722	0.08115154	0.08189028
ERR3579688	0	oral	0.009412128	0.95531565	0.0	0.035272196	0.0
ERR3579699	0	oral	0.006751585	0.95913476	0.0	0.03347386	0.00063976814
ERR3579700	0	oral	0.02295363	0.94171304	0.0011651012	0.026633764	0.00753448
ERR3579701	0	oral	0.06749462	0.8614835	0.00016980153	0.03926682	0.03158522
ERR3579702	0	oral	0.021192929	0.93532866	0.00016980153	0.026994446	0.01631417
ERR3579703	0	oral	0.017295163	0.93609977	0.0008162577	0.03187514	0.013913675
ERR3579704	0	oral	0.07058344	0.38812697	0.008312659	0.51389074	0.01908616
ERR3579705	0	oral	0.08319585	0.83680195	0.03162608	0.040635314	0.0077408147
ERR3579706	0	oral	0.08256934	0.77422017	0.074805	0.05193733	0.016468195
ERR3579707	0	oral	0.0032848956	0.9866176	0.0	0.008928516	0.0011689351
ERR3579708	0	oral	0.0048640403	0.96936595	0.0029616272	0.021606747	0.0012016575
ERR3579709	0	oral	0.0389189	0.89972675	0.0012021189	0.046114534	0.014037709
ERR3579710	0	oral	0.020531347	0.94966245	0.0004959868	0.021235319	0.00807487
ERR3579711	0	oral	0.054139502	0.87758225	0.0	0.049958568	0.018319687
ERR3579712	0	oral	0.0024545141	0.97766423	0.0	0.01988127	0.0
ERR3579713	0	oral	0.0070340107	0.94887173	0.0011113208	0.03931695	0.0036659974
ERR3579714	0	oral	0.0011615384	0.926028	0.0	0.07281044	0.0
ERR3579715	0	oral	0.015998375	0.95028687	0.0012020976	0.020579418	0.011933252
ERR3579716	0	oral	0.05974578	0.84728795	0.0033047989	0.056170277	0.03349117
ERR3579719	0	oral	0.08130058	0.5670788	0.006958901	0.33767673	0.0069849477
ERR3579720	0	oral	0.1391036	0.23593105	0.046625473	0.55591303	0.022426838
ERR3579721	0	oral	0.027657071	0.92627406	0.0012144037	0.03866586	0.006188591
ERR3579722	0	oral	0.0	0.9762079	0.0	0.023792112	0.0
ERR3579723	0	oral	0.0021354589	0.9471941	0.0	0.050670415	0.0
ERR3579726	0	oral	0.026178109	0.90854186	0.0	0.04722529	0.01805475
ERR3579727	0	oral	0.037586745	0.9139345	0.0	0.031308908	0.017169833
ERR3579728	0	oral	0.0024108933	0.9864535	0.0	0.010080744	0.0010549003
ERR3579729	0	oral	0.006838323	0.9344692	0.0	0.057500537	0.0011919071
ERR3579730	0	oral	0.0036482462	0.9921764	0.0	0.0041753533	0.0
ERR3579731	0	oral	0.051161554	0.7832263	0.0011323083	0.15335655	0.011123285
ERR3579732	0	oral	0.008225412	0.76432097	0.0029834125	0.222025	0.002445211
ERR3579733	0	oral	0.010243596	0.958761	0.0	0.029796228	0.001199187
ERR3579734	0	oral	0.08957542	0.6683888	0.020116195	0.18245728	0.039462302
ERR3579735	0	oral	0.00125	0.9967629	0.0	0.0019871467	0.0
ERR3579738	0	oral	0.0	0.9948119	0.0	0.0051881117	0.0
ERR3579740	0	oral	0.001086832	0.9881788	0.0	0.010734356	0.0
ERR3579741	0	oral	0.002240973	0.99775904	0.0	0.0	0.0
ERR3579742	0	oral	0.0	0.99804914	0.0	0.001950854	0.0
ERR3579743	0	oral	0.06374974	0.7882474	0.016588481	0.09128107	0.040133324
ERR3579744	0	oral	0.044811245	0.8162421	0.007894597	0.08659543	0.044456657
ERR3579745	0	oral	0.06336335	0.6721094	0.008317772	0.2521818	0.0040276474
ERR3579746	0	oral	0.005764313	0.89988554	0.0	0.09435017	0.0
ERR3579747	0	oral	0.020142976	0.81459844	0.0	0.16405758	0.0012009804
ERR3579748	0	oral	0.07782415	0.688496	0.0071384837	0.21811508	0.008426295
ERR3579749	0	oral	0.013738749	0.94938815	0.0022877913	0.031014519	0.003570783
ERR3579750	0	oral	0.06823286	0.7046276	0.011239615	0.1529654	0.062934555
ERR3579751	0	oral	0.019276727	0.8818534	0.0015851022	0.09026569	0.007019095
ERR3579752	0	oral	0.010571104	0.9655326	0.0	0.023896322	0.0
ERR3579753	0	oral	0.006487541	0.9658595	0.0	0.026403014	0.00125
ERR3579754	0	oral	0.18049586	0.25693727	0.08454938	0.46897423	0.0090432605
ERR3579755	0	oral	0.006851462	0.956088	0.0	0.031286564	0.0057739816
ERR3579756	0	oral	0.03336029	0.8991429	0.0033880812	0.048436057	0.015672654
ERR3579757	0	oral	0.051914394	0.8641146	0.00238282	0.05507422	0.026514001
ERR3579758	0	oral	0.08044211	0.8059542	0.008761826	0.060941722	0.0439001
ERR3579759	0	oral	0.0024553507	0.88219696	0.0	0.11431743	0.0010302294
ERR3579760	0	oral	0.00359158	0.9465651	0.0	0.049843334	0.0
ERR3579761	0	oral	0.0023331086	0.90741795	0.0	0.08903783	0.0012111292
ERR3579762	0	oral	0.0036708475	0.96223783	0.00016980153	0.029178966	0.0047425376
ERR3579763	0	oral	0.007626564	0.8833533	0.00066449813	0.10835565	0.0
ERR3579764	0	oral	0.0034967314	0.9586475	0.0	0.037855778	0.0
ERR3579765	0	oral	0.084467135	0.5694452	0.001487554	0.2563839	0.088216215
ERR3579766	0	oral	0.0015160381	0.9683562	0.0	0.029324979	0.0008027645
ERR3579767	0	oral	0.0016513822	0.96042156	0.0	0.037124306	0.0008027645
ERR3579768	0	oral	0.006640955	0.9672425	0.0011602871	0.022480091	0.0024761693
ERR3579774	0	oral	0.0	0.99875	0.0	0.00125	0.0
ERR3579775	0	oral	0.001240552	0.96192956	0.0	0.03682988	0.0
ERR3579776	0	oral	0.07900533	0.8038206	0.010632039	0.06690732	0.039634686
ERR3579777	0	oral	0.15027554	0.6540225	0.011329356	0.14482005	0.039552562
ERR3579779	0	oral	0.073717885	0.79614836	0.022279462	0.05944935	0.04840495
ERR3579781	0	oral	0.04675161	0.8782281	0.022707427	0.038089827	0.014223032
ERR3579782	0	oral	0.10482186	0.8094235	0.05568594	0.027773598	0.002295067
ERR3579783	0	oral	0.1274107	0.7488861	0.004205561	0.11615808	0.0033395546
ERR3579784	0	oral	0.009275921	0.9552768	0.0027894983	0.029794108	0.0028637124
ERR3579785	0	oral	0.031109653	0.9198052	0.001180162	0.04401629	0.0038886878
ERR3579786	0	oral	0.0054128114	0.9111023	0.0	0.083484925	0.0
ERR3579787	0	oral	0.0012139621	0.9969558	0.0	0.0018302065	0.0
ERR3579788	0	oral	0.008161289	0.67194265	0.0	0.3164095	0.0034865672
ERR3579789	0	oral	0.014865014	0.94371897	0.0	0.0368908	0.004525191
ERR3579790	0	oral	0.010772893	0.9371027	0.0	0.049766473	0.002357972
ERR3579791	0	oral	0.0012003244	0.90962136	0.0	0.08917834	0.0
ERR3579792	0	oral	0.09299749	0.8170841	0.02217227	0.04576201	0.021984175
ERR3579793	0	oral	0.1301305	0.7571762	0.040254712	0.054756995	0.01768154
ERR3579796	0	oral	0.10737607	0.72855073	0.06366048	0.05758492	0.042827804
ERR3579797	0	oral	0.17594545	0.6918948	0.05111602	0.054329477	0.026714219
ERR3579798	0	oral	0.109380774	0.72397107	0.03421921	0.07751255	0.054916408
ERR3579799	0	oral	0.0961594	0.7056323	0.05785507	0.07867942	0.061673753
ERR3579800	0	oral	0.031993516	0.8262718	0.0	0.14173469	0.0
ERR3579801	0	oral	0.0	0.9926546	0.0	0.0073453514	0.0
ERR3579802	0	oral	0.00125	0.974781	0.0	0.023968998	0.0
ERR3579803	0	oral	0.0	0.9988097	0.0	0.0011903273	0.0
ERR3579804	0	oral	0.0	0.99676573	0.0	0.0032342456	0.0
ERR3579805	0	oral	0.0	0.998937	0.0	0.0010629992	0.0
ERR3579806	0	oral	0.0011500784	0.9934495	0.0	0.0054004067	0.0
ERR3579807	0	oral	0.010746117	0.21131569	0.0011326335	0.77185696	0.00494861
ERR3579809	0	oral	0.0	0.9967576	0.0	0.0032423902	0.0
ERR3579810	0	oral	0.005525095	0.9452421	0.0004828184	0.04875001	0.0
ERR3579811	0	oral	0.038306262	0.35177752	0.0204578	0.5586215	0.03083685
ERR3579812	0	oral	0.043450277	0.7599512	0.0022334978	0.14060646	0.053758584
ERR3579813	0	oral	0.06806107	0.7489694	0.002172228	0.09464848	0.08614887
ERR3579814	0	oral	0.072850466	0.7557513	0.0044770343	0.081795506	0.085125685
ERR3579815	0	oral	0.055203106	0.36998975	0.005181652	0.53824955	0.031375915
ERR3579816	0	oral	0.045847826	0.34824514	0.0063939705	0.5596959	0.03981713
ERR3579817	0	oral	0.06377896	0.80758536	0.00567552	0.07963536	0.043324802
ERR3579818	0	oral	0.06395672	0.8363316	0.001990379	0.07092653	0.026794745
ERR3579827	0	oral	0.046939474	0.7189477	0.00079441885	0.2320684	0.00125
ERR3579828	0	oral	0.12504457	0.6939299	0.028626872	0.09891595	0.0534827
ERR3579829	0	oral	0.12521343	0.60489464	0.035814725	0.16129172	0.07278551
ERR3579830	0	oral	0.19656616	0.38394633	0.05322047	0.35117275	0.015094273
ERR3678173	0	oral	0.11238237	0.6729256	0.008463359	0.101931915	0.10429677
ERR3678174	0	oral	0.0055043255	0.974768	0.0	0.019727675	0.0
ERR3678175	0	oral	0.07675093	0.7926017	0.037667606	0.069253586	0.023726165
ERR3678176	0	oral	0.0012370785	0.98861647	0.0	0.008912132	0.0012343324
ERR3678177	0	oral	0.0	0.99134505	0.0012462091	0.0074087516	0.0
ERR3678179	0	oral	0.06496139	0.8671053	0.008541031	0.056052737	0.0033395546
ERR3678180	0	oral	0.13020752	0.7559823	0.013753046	0.07151551	0.028541664
ERR3678181	0	oral	0.064137846	0.80416304	0.01495996	0.09432202	0.02241713
ERR3678182	0	oral	0.027460137	0.90694666	0.004459785	0.05300637	0.008127027
ERR3678184	0	oral	0.050906606	0.87912405	0.01857806	0.029105177	0.02228611
ERR3678186	0	oral	0.027391756	0.9210654	0.0010730171	0.04023151	0.010238313
ERR3678187	0	oral	0.003587482	0.81367695	0.0	0.18273556	0.0
ERR3678595	0	gut	0.7984631	0.06943389	0.010568752	0.09719413	0.0243401
ERR3678596	0	gut	0.7311586	0.12564935	0.004462476	0.10878374	0.02994584
ERR3678598	0	gut	0.6907819	0.105935656	0.0079126805	0.1529157	0.04245405
ERR3678599	0	gut	0.69200027	0.13744636	0.0	0.14677958	0.023773778
ERR3678600	0	gut	0.6003181	0.17566313	0.0030110981	0.1393811	0.081626594
ERR3678602	0	gut	0.66023195	0.12690541	0.02325817	0.14497216	0.044632282
ERR3678603	0	gut	0.7328015	0.08953597	0.029724402	0.11625268	0.031685457
ERR3678604	0	gut	0.77184355	0.12420319	0.003206775	0.08414292	0.016603552
ERR3678605	0	gut	0.72038114	0.14502084	0.0027148104	0.10319461	0.028688598
ERR3678606	0	gut	0.7174459	0.121039405	0.0071282806	0.121327735	0.03305866
ERR3678607	0	gut	0.688068	0.1489164	0.014393559	0.12499899	0.023623064
ERR3678609	0	gut	0.6869689	0.14626056	0.0010865527	0.12898071	0.036703262
ERR3678610	0	gut	0.043560762	0.2641865	0.009228499	0.65121067	0.031813566
ERR3678611	0	gut	0.547006	0.20119284	0.0013815955	0.20658547	0.04383408
ERR3678612	0	gut	0.604643	0.17592661	0.017427158	0.13723452	0.06476875
ERR3678613	0	gut	0.7062828	0.10505926	0.010415281	0.13862213	0.03962051
ERR3678614	0	gut	0.7302403	0.117134914	0.015195701	0.07725395	0.06017514
ERR3678615	0	gut	0.6407682	0.16403574	0.0025520148	0.15018128	0.042462792
ERR3678616	0	gut	0.75468457	0.089750774	0.018417964	0.10636469	0.030781988
ERR3678617	0	gut	0.72761977	0.12936325	0.0031166037	0.1053706	0.034529753
ERR3678618	0	gut	0.68829226	0.15258631	0.005969313	0.08655378	0.06659831
ERR3678619	0	gut	0.72955555	0.12583336	0.0054866895	0.113162704	0.025961712
ERR3678620	0	gut	0.6540187	0.15151663	0.008472766	0.097700045	0.088291846
ERR3678622	0	gut	0.73014545	0.078807026	0.052038778	0.10448645	0.034522273
ERR3678623	0	gut	0.72040087	0.123677924	0.014762597	0.08825593	0.05290266
ERR3678625	0	gut	0.69444937	0.093888134	0.022429312	0.15900177	0.030231414
ERR3678626	0	gut	0.6388478	0.16071302	0.012936107	0.103879526	0.0836235
ERR3678627	0	gut	0.7378088	0.09710036	0.042612646	0.10333622	0.019141944
ERR3678628	0	gut	0.7568252	0.090168804	0.03466289	0.075279355	0.043063756
ERR3678629	0	gut	0.7548674	0.10820925	0.022616163	0.056381583	0.057925597
ERR3678727	0	oral	0.041531026	0.73578376	0.003400368	0.21808964	0.0011952111
ERR3906046	0	oral	0.11255498	0.8319211	0.015030051	0.040493887	0.0
ERR5863536	0	gut	0.48133895	0.22755833	0.05141026	0.14272837	0.09696407
ERR6093854	0	oral	0.12155216	0.43947172	0.004712826	0.30029523	0.13396807
ERR6093855	0	oral	0.10366425	0.45258817	0.0067037777	0.31605187	0.120991945
ERR6093856	0	oral	0.13041423	0.44157547	0.0074216714	0.31092462	0.10966403
ERR6093857	0	oral	0.09196756	0.45319194	0.002622779	0.3163922	0.13582551
ERR6093858	0	oral	0.11834337	0.35727385	0.006343774	0.45491964	0.06311936
ERR6093859	0	oral	0.11755002	0.3502566	0.0063654524	0.46601367	0.05981425
ERR6093860	0	oral	0.14670202	0.33628482	0.01256217	0.4023994	0.102051616
ERR6093861	0	oral	0.10892691	0.32940128	0.012523845	0.45328668	0.09586131
ERR6093862	0	oral	0.15863122	0.52075005	0.009591826	0.17779323	0.1332337
ERR6093863	0	oral	0.13770615	0.52910894	0.009870058	0.18753935	0.1357755
ERR6093864	0	oral	0.12793262	0.534267	0.010346795	0.1502525	0.17720105
ERR6093865	0	oral	0.13357145	0.50670755	0.006170491	0.19807114	0.1554794
ERR6093866	0	oral	0.29608497	0.46699056	0.004008767	0.116662666	0.11625303
ERR6093867	0	oral	0.3274941	0.43180144	0.0055759107	0.115145154	0.11998339
ERR6093868	0	oral	0.30013797	0.4686604	0.00438349	0.11651362	0.11030453
ERR6093869	0	oral	0.3423721	0.45420933	0.009507164	0.09341922	0.10049221
ERR6093870	0	oral	0.33482316	0.4993102	0.0024026495	0.085486576	0.077977404
ERR6093871	0	oral	0.36115247	0.46673012	0.004671955	0.076296635	0.09114884
ERR6093872	0	oral	0.39603877	0.44290143	0.0036559456	0.073836975	0.08356689
ERR6093874	0	oral	0.37999174	0.45869192	0.0034513446	0.0733103	0.08455471
ERR6093875	0	oral	0.4858826	0.42221096	0.0063766507	0.0323715	0.053158283
ERR6093876	0	oral	0.49180278	0.42616662	0.00533122	0.042417273	0.034282107
ERR6093877	0	oral	0.49955872	0.42767146	0.0009207904	0.03639683	0.03545218
ERR6093878	0	oral	0.50261253	0.41351485	0.00233342	0.041276027	0.040263176
ERR6093879	0	oral	0.4219298	0.42486894	0.00982543	0.052504733	0.09087109
ERR6093880	0	oral	0.4469852	0.40871844	0.0051822057	0.07658723	0.06252694
ERR6093881	0	oral	0.3916889	0.46592015	0.005714206	0.05808009	0.078596644
ERR6093882	0	oral	0.3995877	0.45330548	0.005630932	0.07030062	0.07117526
ERR6093883	0	oral	0.48090923	0.36142376	0.006207932	0.060697675	0.09076141
ERR6093885	0	oral	0.49530977	0.3505772	0.0070504765	0.06332029	0.083742246
ERR6093886	0	oral	0.49438277	0.35423788	0.01043722	0.05061905	0.09032307
ERR6093887	0	oral	0.4982229	0.3576502	0.008965834	0.06844111	0.06671997
ERR6093888	0	oral	0.3340587	0.3759438	0.011700196	0.2061155	0.07218177
ERR6093889	0	oral	0.35864583	0.38210046	0.006825082	0.1928107	0.05961794
ERR6093890	0	oral	0.38372824	0.3588248	0.0068929438	0.18494625	0.06560778
ERR6093891	0	oral	0.38096446	0.34403688	0.0060623772	0.19565009	0.073286206
ERR6093893	0	oral	0.27256206	0.32010278	0.021258932	0.18887341	0.1972028
ERR6093894	0	oral	0.26522285	0.34570083	0.025639072	0.18062048	0.18281679
ERR6093896	0	oral	0.31406906	0.31602696	0.027066473	0.15829948	0.18453802
ERR6093897	0	oral	0.28819868	0.3128646	0.02477965	0.1894938	0.18466327
ERR6093899	0	oral	0.30644393	0.48829028	0.0059227315	0.08021698	0.1191261
ERR6093900	0	oral	0.30915615	0.4825699	0.0104709435	0.07602184	0.12178115
ERR6093901	0	oral	0.3132762	0.4685641	0.007903535	0.085957766	0.124298416
ERR6093902	0	oral	0.31362295	0.48107648	0.0077850088	0.07250366	0.12501188
ERR6093903	0	oral	0.1409559	0.51142555	0.010737409	0.1710988	0.16578238
ERR6093904	0	oral	0.13374253	0.516157	0.0077699423	0.1441957	0.19813484
ERR6093905	0	oral	0.112273164	0.54372597	0.009447744	0.15663816	0.17791496
ERR6093906	0	oral	0.13589261	0.5337882	0.007222481	0.15615642	0.1669403
ERR6093907	0	oral	0.44852784	0.43474397	0.012866931	0.037745435	0.06611582
ERR6093908	0	oral	0.45871827	0.42846704	0.0038130553	0.04640046	0.06260118
ERR6093909	0	oral	0.4598183	0.42073345	0.009053107	0.043937143	0.06645799
ERR6093910	0	oral	0.4633499	0.43251553	0.010825281	0.04008295	0.053226333
ERR6093912	0	oral	0.2853688	0.38744456	0.02006128	0.11875692	0.18836845
ERR6093913	0	oral	0.28230116	0.3838234	0.026882539	0.10868626	0.19830665
ERR6093914	0	oral	0.3014166	0.3699568	0.014818151	0.1136352	0.20017326
ERR6093916	0	oral	0.29206622	0.39280596	0.019141022	0.11383146	0.18215531
ERR6093917	0	oral	0.44298422	0.46726838	0.004204285	0.039322864	0.046220254
ERR6093919	0	oral	0.42757478	0.4845827	0.0075550717	0.039367545	0.040919907
ERR6093920	0	oral	0.42174634	0.48697177	0.0	0.049543794	0.04173809
ERR6093921	0	oral	0.4284618	0.49626127	0.0030659146	0.031553525	0.0406575
ERR6093922	0	oral	0.39667127	0.39617968	0.0069529237	0.13879606	0.06140007
ERR6093923	0	oral	0.41525155	0.39285907	0.007847668	0.13025488	0.05378681
ERR6093924	0	oral	0.42841002	0.36969712	0.006717858	0.13891068	0.056264315
ERR6093926	0	oral	0.39439124	0.3851707	0.008482562	0.15490554	0.057049967
ERR6093927	0	oral	0.28201526	0.4569489	0.0077273115	0.1104228	0.14288573
ERR6093928	0	oral	0.27517125	0.46381208	0.008463672	0.121408746	0.13114426
ERR6093929	0	oral	0.27560735	0.46694043	0.0047829472	0.10089278	0.15177648
ERR6093930	0	oral	0.28771743	0.4624002	0.006818584	0.11647588	0.1265879
ERR6093931	0	oral	0.33646747	0.35111502	0.11358544	0.10747792	0.09135415
ERR6093932	0	oral	0.33921686	0.33513996	0.098883174	0.124417774	0.10234222
ERR6093934	0	oral	0.33508286	0.32811627	0.10399286	0.12142992	0.11137809
ERR6093935	0	oral	0.36486682	0.3209942	0.115831666	0.10317118	0.09513611
ERR6093936	0	oral	0.13479936	0.5732624	0.0037255215	0.1341621	0.15405065
ERR6093937	0	oral	0.14093168	0.5659877	0.0028681436	0.12735717	0.1628553
ERR6093938	0	oral	0.14041904	0.5420365	0.004032058	0.13761377	0.17589869
ERR6093939	0	oral	0.12854078	0.56202865	0.007655967	0.12776227	0.17401232
ERR6093941	0	oral	0.32326242	0.5926761	0.020777866	0.03951263	0.023770947
ERR6093942	0	oral	0.33559692	0.57518023	0.01046926	0.051724922	0.027028661
ERR6093943	0	oral	0.34535038	0.57517445	0.002025022	0.04818537	0.029264783
ERR6093945	0	oral	0.34544808	0.58054096	0.012464322	0.045101266	0.016445402
ERR6093946	0	oral	0.20801997	0.5044788	0.00777939	0.12692584	0.152796
ERR6093947	0	oral	0.1888774	0.5282522	0.00405014	0.1218866	0.1569337
ERR6093948	0	oral	0.19657661	0.5123074	0.004670092	0.14177954	0.14466634
ERR6093949	0	oral	0.17599678	0.530926	0.004419576	0.14638726	0.14227042
ERR6093950	0	oral	0.18406744	0.590864	0.003974725	0.09588024	0.12521358
ERR6093951	0	oral	0.20718636	0.5722268	0.0035958318	0.108984284	0.10800673
ERR6093952	0	oral	0.19242227	0.5942299	0.0028088295	0.104885824	0.10565323
ERR6093953	0	oral	0.24184515	0.5475227	0.0071239057	0.09225057	0.11125764
ERR6093954	0	oral	0.053159356	0.41182867	0.006175777	0.4500243	0.078811884
ERR6093955	0	oral	0.06291196	0.4296079	0.008287668	0.40629044	0.09290205
ERR6093956	0	oral	0.07461883	0.38730934	0.007822475	0.44907975	0.08116961
ERR6093957	0	oral	0.079562396	0.42070353	0.005495204	0.41327736	0.08096151
ERR6093958	0	oral	0.33527648	0.46295002	0.006672959	0.07916095	0.11593958
ERR6093959	0	oral	0.3472714	0.44118637	0.00979239	0.085404485	0.11634534
ERR6093960	0	oral	0.30765417	0.4770158	0.009517628	0.08893976	0.116872646
ERR6093961	0	oral	0.3451865	0.44983077	0.010442428	0.08179083	0.11274945
ERR6093963	0	oral	0.40761587	0.4676875	0.01763278	0.048728213	0.058335643
ERR6093964	0	oral	0.41655996	0.463415	0.0068381536	0.047503944	0.06568297
ERR6093965	0	oral	0.38618863	0.4829789	0.012073509	0.058014132	0.060744815
ERR6093966	0	oral	0.39708552	0.47630194	0.0059363265	0.057144087	0.06353212
ERR6093967	0	oral	0.36724332	0.5084391	0.0038739801	0.06519796	0.055245634
ERR6093968	0	oral	0.4114024	0.46719295	0.0054753833	0.048369028	0.06756024
ERR6093969	0	oral	0.34008488	0.52790946	0.0032346589	0.043095294	0.08567569
ERR6093970	0	oral	0.35316917	0.5130703	0.0056473706	0.05370249	0.07441071
ERR6093972	0	oral	0.23525168	0.45112735	0.0058687325	0.1186903	0.18906192
ERR6096533	0	oral	0.2242337	0.47798502	0.0024234673	0.122432016	0.1729258
ERR6096535	0	oral	0.21897814	0.46792817	0.009114155	0.12294669	0.18103284
ERR6096536	0	oral	0.2185976	0.4612819	0.004772404	0.12082975	0.19451834
ERR6096537	0	oral	0.029223053	0.28423002	0.008854139	0.6515269	0.02616586
ERR6096538	0	oral	0.03247269	0.29359034	0.008611713	0.635589	0.029736282
ERR6096539	0	oral	0.036290925	0.31399444	0.008221827	0.59852564	0.04296718
ERR6096540	0	oral	0.04288198	0.3054044	0.00876482	0.6121118	0.03083703
ERR6096541	0	oral	0.082993865	0.50947267	0.007661303	0.29845852	0.10141367
ERR6096542	0	oral	0.09012437	0.50484914	0.0066710315	0.32497162	0.07338385
ERR6096543	0	oral	0.05857927	0.5310282	0.0063500507	0.30918592	0.09485658
ERR6096544	0	oral	0.07949698	0.52583194	0.00742308	0.31073934	0.07650868
ERR6096545	0	oral	0.4362485	0.41568542	0.007116198	0.05963413	0.08131574
ERR6096547	0	oral	0.4705087	0.41709897	0.0054298523	0.047122788	0.059839703
ERR6096548	0	oral	0.44772297	0.40494224	0.004780806	0.057475228	0.08507876
ERR6096549	0	oral	0.4619875	0.42173195	0.0044660773	0.047220264	0.06459421
ERR6096550	0	oral	0.29015833	0.4773837	0.009997058	0.08868274	0.13377817
ERR6096551	0	oral	0.320635	0.4853345	0.008881973	0.071472466	0.11367608
ERR6096552	0	oral	0.31160045	0.48982856	0.011217731	0.0726422	0.11471107
ERR6096554	0	oral	0.34038422	0.47735804	0.007129659	0.06772163	0.107406475
ERR6096555	0	oral	0.101538114	0.40178204	0.007860462	0.33448976	0.15432964
ERR6096557	0	oral	0.09593859	0.4011873	0.010685281	0.31990618	0.17228265
ERR6096570	0	oral	0.083757326	0.40140566	0.0069111073	0.34197584	0.16595009
ERR6096574	0	oral	0.09101815	0.3787046	0.008186291	0.35520035	0.16689059
ERR6096575	0	oral	0.28936958	0.5145755	0.003631083	0.076219425	0.11620439
ERR6096576	0	oral	0.33587885	0.46691462	0.005262923	0.088400126	0.103543475
ERR6096579	0	oral	0.30226997	0.5110526	0.0021290323	0.08532404	0.09922433
ERR6096580	0	oral	0.3196797	0.4961661	0.0044551804	0.09611367	0.08358536
ERR6096581	0	oral	0.48341012	0.3467632	0.0038975957	0.092253976	0.073675126
ERR6096582	0	oral	0.5016896	0.35121992	0.006163335	0.06327517	0.07765194
ERR6096739	0	oral	0.48490813	0.35620147	0.00621369	0.077632144	0.07504457
ERR6096740	0	oral	0.4592176	0.36000597	0.010906001	0.08948342	0.08038701
ERR6096741	0	oral	0.14499779	0.52029985	0.012736618	0.14699915	0.1749666
ERR6096742	0	oral	0.126678	0.5173545	0.0061940136	0.17000827	0.17976522
ERR6096743	0	oral	0.14679217	0.5337944	0.0029675486	0.12761056	0.18883531
ERR6096744	0	oral	0.16074961	0.504296	0.0039398638	0.13151568	0.19949882
ERR6096745	0	oral	0.10268216	0.5018896	0.006104901	0.24896608	0.1403573
ERR6096746	0	oral	0.0993685	0.53105384	0.004181711	0.2373027	0.12809326
ERR6096747	0	oral	0.08252507	0.56332916	0.0077403323	0.25350308	0.092902385
ERR6096748	0	oral	0.06817318	0.52775806	0.0066981087	0.25418139	0.14318928
ERR6096749	0	oral	0.07223419	0.51047677	0.010978928	0.34506413	0.06124594
ERR6096752	0	oral	0.05258723	0.50619024	0.012320893	0.36608213	0.06281952
ERR6096755	0	oral	0.065974884	0.5074444	0.0141118225	0.3567983	0.055670597
ERR6096759	0	oral	0.05174271	0.5095957	0.010609849	0.3759312	0.052120518
ERR6096760	0	oral	0.05439816	0.4610377	0.0036527044	0.41882902	0.06208244
ERR6096762	0	oral	0.10100021	0.40359494	0.004344948	0.41613933	0.07492059
ERR6096764	0	oral	0.09388037	0.45810023	0.004495134	0.38203767	0.061486587
ERR6096766	0	oral	0.053148665	0.46030298	0.0050477916	0.4182271	0.06327345
ERR6096776	0	oral	0.3271473	0.52821976	0.00544681	0.058273952	0.080912165
ERR6096784	0	oral	0.33916602	0.5061719	0.0030066594	0.07409406	0.07756137
ERR6096796	0	oral	0.34647024	0.50745475	0.0035753502	0.06486014	0.07763954
ERR6096814	0	oral	0.38290498	0.49843016	0.003424783	0.055448487	0.059791576
ERR6096818	0	oral	0.11236615	0.53459585	0.00479731	0.16409762	0.1841431
ERR6096822	0	oral	0.13366568	0.5670898	0.006895362	0.15203294	0.14031625
ERR6096826	0	oral	0.10491442	0.56368965	0.001268111	0.16221862	0.16790922
ERR6096829	0	oral	0.12840717	0.5683939	0.00092392426	0.15228395	0.14999108
ERR6096835	0	oral	0.08056681	0.50429904	0.0063253064	0.26979876	0.13901009
ERR6096842	0	oral	0.08411213	0.49102637	0.007566403	0.2841292	0.13316591
ERR6096847	0	oral	0.08740631	0.4714823	0.012244489	0.27344248	0.15542442
ERR6096853	0	oral	0.08214355	0.5076497	0.007208259	0.25134686	0.15165164
ERR6096886	0	oral	0.32789162	0.43683428	0.008061746	0.18627001	0.040942345
ERR6096922	0	oral	0.31380135	0.43926656	0.0118899075	0.17628701	0.05875517
ERR6096923	0	oral	0.33900937	0.43362412	0.011211372	0.16992888	0.046226267
ERR6096924	0	oral	0.3120242	0.45097736	0.010248281	0.18044865	0.04630151
ERR6096925	0	oral	0.4444633	0.4406371	0.0047012554	0.061762214	0.048436105
ERR6096926	0	oral	0.46654356	0.43142432	0.0059406334	0.058054786	0.03803669
ERR6096927	0	oral	0.4491603	0.4306084	0.00815626	0.06558618	0.046488848
ERR6096928	0	oral	0.45285708	0.41864797	0.007516377	0.07564968	0.04532888
ERR6096929	0	oral	0.030654725	0.33138612	0.0054161022	0.5432574	0.08928562
ERR6096930	0	oral	0.03137687	0.350305	0.0071216323	0.5296554	0.081541084
ERR6096931	0	oral	0.037014518	0.344196	0.01093418	0.5382538	0.06960153
ERR6096932	0	oral	0.035635404	0.32981673	0.0055224793	0.5488663	0.08015913
ERR6096933	0	oral	0.10416681	0.43138286	0.010696842	0.19556111	0.25819236
ERR6096934	0	oral	0.10928349	0.38351262	0.013367548	0.2092377	0.28459865
ERR6096935	0	oral	0.104947455	0.4308355	0.007771417	0.21322547	0.24322018
ERR6096937	0	oral	0.11024238	0.38970533	0.008383484	0.20825419	0.2834146
ERR6096955	0	oral	0.46757045	0.42037374	0.0077364375	0.08453795	0.019781431
ERR6097155	0	oral	0.4623281	0.4211759	0.0019092746	0.08772607	0.026860647
ERR6097156	0	oral	0.48505375	0.39507204	0.007399377	0.08725077	0.025224047
ERR6097514	0	oral	0.4804773	0.401853	0.0063648457	0.084838666	0.026466195
ERR6097549	0	oral	0.5272799	0.37211388	0.0046122135	0.057563715	0.03843031
ERR6097552	0	oral	0.5053204	0.38800788	0.0065199854	0.059970465	0.04018121
ERR6097573	0	oral	0.54311806	0.36724478	0.004886298	0.04402336	0.04072754
ERR6097575	0	oral	0.54234624	0.36479723	0.0056785913	0.052691486	0.03448643
ERR6097576	0	oral	0.12972428	0.47621056	0.007905166	0.21804619	0.16811381
ERR6097577	0	oral	0.16006552	0.4719991	0.0074644983	0.21055622	0.14991465
ERR6097579	0	oral	0.18025987	0.45919192	0.0059933537	0.19812264	0.15643224
ERR6097580	0	oral	0.1764149	0.44879377	0.00915207	0.20653549	0.15910377
ERR6097581	0	oral	0.42586318	0.47973892	0.003021232	0.05497873	0.03639795
ERR6097583	0	oral	0.39268658	0.5152144	0.004855539	0.046079468	0.041164003
ERR6097619	0	oral	0.42850342	0.47526303	0.0045474363	0.058226634	0.033459492
ERR6097621	0	oral	0.43204495	0.4628498	0.008544923	0.061001383	0.035558946
ERR6097622	0	oral	0.3291843	0.50748354	0.011290801	0.063538335	0.08850305
ERR6097623	0	oral	0.2710529	0.5353911	0.00974033	0.080882914	0.102932744
ERR6097625	0	oral	0.35099044	0.4945698	0.009242305	0.06559627	0.079601176
ERR6097626	0	oral	0.34866244	0.4996904	0.008379534	0.05716043	0.08610721
ERR6097627	0	oral	0.034770478	0.4109012	0.003973074	0.51013535	0.040219918
ERR6097628	0	oral	0.06598354	0.38831952	0.006922765	0.484363	0.054411173
ERR6097629	0	oral	0.047301307	0.4090058	0.00625024	0.4751413	0.062301368
ERR6097630	0	oral	0.060921956	0.3941345	0.006265509	0.4569829	0.08169514
ERR6097759	0	oral	0.39243525	0.44428185	0.005266904	0.08237228	0.075643726
ERR6098066	0	oral	0.42946002	0.4177826	0.0064874855	0.07602415	0.070245735
ERR6098349	0	oral	0.453514	0.40987724	0.007716433	0.06708172	0.061810616
ERR6098517	0	oral	0.41571125	0.41401273	0.01521394	0.07054182	0.08452026
ERR6098519	0	oral	0.33135447	0.46188188	0.0056245746	0.08373029	0.1174088
ERR6098520	0	oral	0.3169207	0.48271987	0.006031415	0.07449191	0.11983612
ERR6098552	0	oral	0.31810564	0.46673203	0.0034685442	0.09221548	0.11947833
ERR6098553	0	oral	0.33500165	0.46635714	0.006989515	0.07726225	0.11438944
ERR6098554	0	oral	0.085403495	0.57096165	0.0055026542	0.20463969	0.13349248
ERR6098555	0	oral	0.09490884	0.61071193	0.003375318	0.18982902	0.10117488
ERR6098556	0	oral	0.087303445	0.57563996	0.0072552483	0.21524663	0.11455469
ERR6098557	0	oral	0.08872697	0.5908596	0.0031459315	0.20983033	0.10743716
ERR6098559	0	oral	0.5088889	0.39734113	0.0035883936	0.049534842	0.04064671
ERR6098560	0	oral	0.5212906	0.37611046	0.003119365	0.060900994	0.038578603
ERR6098730	0	oral	0.5008737	0.40813583	0.0035636034	0.045626413	0.041800436
ERR6098929	0	oral	0.5430917	0.37436467	0.0023729794	0.037759665	0.042410932
ERR6098930	0	oral	0.40708715	0.42983678	0.005357725	0.05307526	0.10464309
ERR6098932	0	oral	0.39324543	0.4230292	0.0096539315	0.057749614	0.116321795
ERR6098934	0	oral	0.39477214	0.41940933	0.007741064	0.06828341	0.10979405
ERR6098936	0	oral	0.4028564	0.4363494	0.0056237695	0.05924658	0.095923856
ERR6098937	0	oral	0.11778153	0.35134467	0.007731693	0.45525822	0.06788388
ERR6098938	0	oral	0.08525008	0.3572829	0.009274011	0.47361675	0.07457626
ERR6098939	0	oral	0.07195646	0.38405257	0.00619678	0.47015777	0.06763641
ERR6098940	0	oral	0.084066704	0.36148554	0.0057886997	0.4898402	0.058818832
ERR6098982	0	oral	0.3049339	0.5001059	0.0037189883	0.085680634	0.10556054
ERR6098983	0	oral	0.30247316	0.50642806	0.0026070918	0.0872039	0.10128782
ERR6098984	0	oral	0.30279732	0.50264055	0.004638038	0.08560054	0.10432359
ERR6098985	0	oral	0.30283988	0.49773982	0.00809884	0.087390155	0.10393131
ERR6098990	0	oral	0.10405296	0.37144187	0.011173486	0.36348304	0.14984864
ERR6099166	0	oral	0.09478581	0.3678492	0.014293741	0.33886114	0.1842101
ERR6099349	0	oral	0.111924276	0.35314596	0.0126268715	0.3612821	0.1610208
ERR6099809	0	oral	0.10850984	0.37189615	0.0153586585	0.3461538	0.15808155
ERR6099810	0	oral	0.26925015	0.309926	0.25185215	0.09544508	0.07352658
ERR6099811	0	oral	0.30151942	0.2647302	0.26206267	0.087270364	0.08441737
ERR6099812	0	oral	0.269331	0.29117435	0.24839209	0.107455544	0.083647005
ERR6099813	0	oral	0.2665476	0.27531666	0.2507187	0.10055087	0.10686617
ERR6099814	0	oral	0.5281829	0.33547378	0.0057991613	0.051449686	0.07909445
ERR6099815	0	oral	0.515591	0.35200652	0.006026169	0.053657416	0.0727189
ERR6099816	0	oral	0.53982425	0.33252898	0.004191902	0.05325632	0.07019854
ERR6099817	0	oral	0.5489398	0.31638962	0.002278843	0.040616836	0.09177491
ERR6099818	0	oral	0.4945407	0.3928852	0.0014126534	0.045246176	0.06591526
ERR6099824	0	oral	0.47609484	0.41935626	0.0011708604	0.041648485	0.06172957
ERR6099825	0	oral	0.47808653	0.4041444	0.001082838	0.0396906	0.07699562
ERR6099826	0	oral	0.48238817	0.39933133	0.0048305984	0.05065304	0.06279685
ERR6101230	0	oral	0.44288	0.40426072	0.009478661	0.057452008	0.08592862
ERR6108965	0	oral	0.478289	0.38171118	0.0054221777	0.056833595	0.07774404
ERR6108966	0	oral	0.5011219	0.342035	0.010425061	0.06300982	0.08340827
ERR6108967	0	oral	0.47133785	0.37744763	0.00742144	0.063605525	0.08018756
ERR6108968	0	oral	0.31050277	0.42676297	0.0049117417	0.0903414	0.16748111
ERR6108969	0	oral	0.30513626	0.4518411	0.0050830627	0.08939043	0.14854915
ERR6108970	0	oral	0.34868282	0.4035799	0.0047010123	0.087939546	0.15509672
ERR6108971	0	oral	0.31749162	0.4277357	0.008267495	0.09314399	0.15336122
ERR6108972	0	oral	0.42351428	0.48207206	0.0050187777	0.053958163	0.035436735
ERR6108973	0	oral	0.4406625	0.45713374	0.0032103348	0.050243285	0.048750114
ERR6108974	0	oral	0.42095056	0.47000757	0.0012295082	0.050500784	0.057311594
ERR6108975	0	oral	0.4505519	0.4410295	0.0016243842	0.05864138	0.048152857
ERR6108976	0	oral	0.44234133	0.41643086	0.0	0.08793311	0.053294696
ERR6108977	0	oral	0.42916453	0.43252245	0.005263303	0.081983894	0.05106585
ERR6108978	0	oral	0.43180138	0.42920226	0.004019787	0.08708191	0.047894675
ERR6108979	0	oral	0.4172897	0.4375032	0.0042138984	0.088580094	0.052413113
ERR6108980	0	oral	0.54209375	0.36603272	0.0015853025	0.04175161	0.04853662
ERR6108981	0	oral	0.53234583	0.36515993	0.0029611855	0.04557229	0.053960737
ERR6108982	0	oral	0.51572067	0.37144536	0.0021695017	0.050979674	0.059684772
ERR6108983	0	oral	0.5354731	0.36746743	0.0031445886	0.046509568	0.04740527
ERR6108984	0	oral	0.36375427	0.50394875	0.0014091245	0.06300784	0.06788004
ERR6108985	0	oral	0.40297785	0.4587511	0.0034165957	0.05963351	0.07522095
ERR6108986	0	oral	0.43623704	0.4433189	0.0029461177	0.049159348	0.06833859
ERR6108987	0	oral	0.41399127	0.45273134	0.004516716	0.067081705	0.06167896
ERR6108988	0	oral	0.20371616	0.46289346	0.13941093	0.10089369	0.09308576
ERR6108989	0	oral	0.20677236	0.49125513	0.11223822	0.099151365	0.09058291
ERR6108990	0	oral	0.20207903	0.4601409	0.11545347	0.11189611	0.110430464
ERR6108991	0	oral	0.22941229	0.43984985	0.11632559	0.11283465	0.10157764
ERR6108992	0	oral	0.33663788	0.3618055	0.17434704	0.075213164	0.051996388
ERR6108993	0	oral	0.3679597	0.32802087	0.18401319	0.06339701	0.056609213
ERR6108994	0	oral	0.33063072	0.3586064	0.18152942	0.07390938	0.055324093
ERR6108995	0	oral	0.3303965	0.35355213	0.17917472	0.08183404	0.055042602
ERR6108996	0	oral	0.4739607	0.38605186	0.005208648	0.058167096	0.07661169
ERR6108997	0	oral	0.45917225	0.37987718	0.0033926181	0.072498806	0.08505914
ERR6108998	0	oral	0.4815489	0.37829053	0.002117624	0.05480581	0.08323713
ERR6109000	0	oral	0.45994997	0.4038289	0.0012042429	0.059094507	0.07592241
ERR6109001	0	oral	0.3773141	0.52189225	0.0064826147	0.05302582	0.041285194
ERR6109002	0	oral	0.37564763	0.5079311	0.0036367152	0.04955485	0.0632297
ERR6109003	0	oral	0.3476076	0.5317752	0.004711107	0.06339792	0.052508183
ERR6109004	0	oral	0.34776515	0.5249961	0.0034037826	0.05683072	0.06700425
ERR6109005	0	oral	0.31752324	0.55788594	0.0082030725	0.059794527	0.056593172
ERR6109010	0	oral	0.34023815	0.53458613	0.006661753	0.063683264	0.054830685
ERR6109011	0	oral	0.27653944	0.59130377	0.009349177	0.06194138	0.06086624
ERR6109012	0	oral	0.32365838	0.5543644	0.0052417684	0.06220939	0.05452609
ERR6109013	0	oral	0.08840625	0.40814143	0.006386181	0.3572839	0.13978222
ERR6109014	0	oral	0.11908652	0.42569444	0.0022249108	0.3295112	0.12348294
ERR6109015	0	oral	0.13141619	0.43158472	0.006253459	0.3106548	0.12009086
ERR6109016	0	oral	0.11005547	0.43685228	0.00515463	0.31133342	0.1366042
ERR6109017	0	oral	0.48608968	0.39620456	0.004661279	0.050472703	0.06257175
ERR6109019	0	oral	0.48557484	0.4013836	0.0026192963	0.06091402	0.049508236
ERR6109020	0	oral	0.49798155	0.3978498	0.004752051	0.045766395	0.053650226
ERR6109021	0	oral	0.49414754	0.38165697	0.0010710291	0.04967821	0.07344625
ERR6109022	0	oral	0.15973978	0.29261154	0.43784174	0.07243597	0.037370987
ERR6109023	0	oral	0.14016983	0.32327396	0.41632032	0.07515636	0.045079518
ERR6109024	0	oral	0.17210425	0.3148954	0.40782505	0.061083365	0.044091955
ERR6109025	0	oral	0.15942673	0.30535224	0.40627104	0.07949248	0.049457524
ERR6109027	0	oral	0.49832168	0.37481198	0.0049066097	0.04923768	0.07272205
ERR6109028	0	oral	0.5024698	0.38016388	0.0042697084	0.051027942	0.062068693
ERR6109049	0	oral	0.49684155	0.40131608	0.0033982857	0.040900312	0.057543762
ERR6109050	0	oral	0.48530093	0.4184527	0.0034234913	0.045367025	0.047455847
ERR6109051	0	oral	0.17730732	0.35181546	0.16438632	0.15469547	0.15179543
ERR6109053	0	oral	0.1862125	0.33463326	0.1933962	0.14122239	0.14453566
ERR6109054	0	oral	0.14746404	0.35790214	0.16358994	0.16359283	0.16745105
ERR6109055	0	oral	0.15976551	0.34304655	0.15772009	0.17626308	0.16320477
ERR6109056	0	oral	0.26611894	0.43080774	0.0034884096	0.173478	0.1261069
ERR6109057	0	oral	0.28460395	0.45473886	0.0061742123	0.14940779	0.10507519
ERR6109058	0	oral	0.27769062	0.4542744	0.0017844316	0.14361215	0.122638434
ERR6109059	0	oral	0.26215935	0.43622828	0.0015246941	0.1518894	0.14819829
ERR8050978	0	oral	0.0	0.92504746	0.0	0.074952565	0.0
SRR1047998	0	gut	0.03841462	0.32784677	0.009823005	0.60015845	0.02375717
SRR17604731	0	oral	0.102308124	0.71982634	0.019649604	0.15006566	0.0081503
SRR17604732	0	oral	0.0	1.0	0.0	0.0	0.0
SRR17604735	0	oral	0.0022802274	0.99124193	0.0	0.0064778235	0.0
SRR17604736	0	oral	0.0	1.0	0.0	0.0	0.0
SRR17604737	0	oral	0.0011367142	0.99290407	0.0	0.004758226	0.0012009804
SRR17604738	0	oral	0.013216209	0.955232	0.0	0.027221248	0.004330521
SRR17604739	0	oral	0.0025	0.9975	0.0	0.0	0.0
SRR17604740	0	oral	0.0012341295	0.989873	0.0	0.007664789	0.0012281081
SRR17604741	0	oral	0.03440894	0.895806	0.0008162577	0.04209549	0.026873272
SRR17604742	0	oral	0.0	1.0	0.0	0.0	0.0
SRR17604743	0	oral	0.0012182846	0.9944425	0.0	0.0031733906	0.0011657979
SRR17604744	0	oral	0.012131153	0.9631511	0.0011679656	0.021165188	0.0023846105
SRR17604745	0	oral	0.02052665	0.94358647	0.009444604	0.024220128	0.0022221364
SRR17604746	0	oral	0.0	0.9711719	0.0	0.028828094	0.0
SRR17604747	0	oral	0.024366507	0.95891726	0.0072671254	0.009449078	0.0
SRR17604748	0	oral	0.00090030674	0.98396856	0.0	0.015131113	0.0
SRR17604749	0	oral	0.0024397918	0.9958334	0.0	0.0017267985	0.0
SRR17604750	0	oral	0.0009379068	0.9953217	0.0	0.0025484732	0.0011919071
SRR17604751	0	oral	0.0	0.9990799	0.0	0.0009201389	0.0
SRR17604752	0	oral	0.0	1.0	0.0	0.0	0.0
SRR17604753	0	oral	0.0	0.9977022	0.0	0.0022977958	0.0
SRR17604754	0	oral	0.14082724	0.16327877	0.32600567	0.3424056	0.027482735
SRR17604755	0	oral	0.0	0.9979015	0.0	0.0020984814	0.0
SRR17604756	0	oral	0.0	1.0	0.0	0.0	0.0
SRR17604757	0	oral	0.016617868	0.9546013	0.006038475	0.019567797	0.003174573
SRR17604758	0	oral	0.0	0.9967254	0.0	0.0032746233	0.0
SRR17604759	0	oral	0.0	0.99881065	0.0	0.0002369245	0.0009524365
SRR17604760	0	oral	0.0	0.9982009	0.0	0.001799082	0.0
SRR17604761	0	oral	0.024129044	0.9350253	0.010114817	0.028303733	0.002427161
SRR17604762	0	oral	0.0	0.99907607	0.0	0.00092391303	0.0
SRR17604763	0	oral	0.0	0.9956024	0.0	0.004397585	0.0
SRR17604764	0	oral	0.0447432	0.9052221	0.009771056	0.038245708	0.0020179239
SRR17604765	0	oral	0.054876566	0.7869411	0.00026584935	0.07808451	0.07983193
SRR17604766	0	oral	0.117479146	0.76600504	0.0023394485	0.07487717	0.03929917
SRR17604767	0	oral	0.038416605	0.8938264	0.0003743605	0.03945272	0.027929878
SRR17604768	0	oral	0.054328743	0.7925403	0.0009953447	0.095881894	0.05625372
SRR17604769	0	oral	0.06837996	0.8332646	0.00026584935	0.052533913	0.045555662
SRR17604770	0	oral	0.058037177	0.839549	0.0	0.05403246	0.048381332
SRR17604771	0	oral	0.03536917	0.9292426	0.0020306613	0.024862703	0.00849488
SRR17604772	0	oral	0.025723677	0.9507489	0.0	0.015161337	0.008366052
SRR17604773	0	oral	0.08024038	0.71453375	0.00832823	0.12483477	0.07206289
SRR17604774	0	oral	0.07901211	0.85567933	0.00023826413	0.036496434	0.02857383
SRR17604775	0	oral	0.007869487	0.9523105	0.0011191199	0.038700916	0.0
SRR17604776	0	oral	0.0032431865	0.98849463	0.0	0.005949004	0.0023131936
SRR17604777	0	oral	0.001033737	0.98023397	0.0	0.018732315	0.0
SRR17604778	0	oral	0.08219863	0.78619254	0.0049719377	0.119362205	0.00727468
SRR17604779	0	oral	0.011991121	0.91777	0.0011394422	0.06784942	0.00125
SRR17604780	0	oral	0.07777259	0.760277	0.0019365114	0.15504035	0.004973562
SRR17604781	0	oral	0.05017772	0.8572069	0.0	0.064497	0.028118413
SRR17604782	0	oral	0.029016145	0.93903506	0.015935933	0.016012834	0.0
SRR17604783	0	oral	0.08375578	0.44217217	0.010438683	0.39091927	0.07271409
SRR17604784	0	oral	0.044189513	0.898884	0.00458767	0.04181878	0.010520062
SRR17604785	0	oral	0.0	0.9969645	0.0	0.0030355088	0.0
SRR17604786	0	oral	0.0	0.9979435	0.0	0.0020565027	0.0
SRR17604787	0	oral	0.003036478	0.9841784	0.0	0.012785121	0.0
SRR17604788	0	oral	0.0	0.99356645	0.0	0.0064335726	0.0
SRR17604789	0	oral	0.0027891851	0.9883071	0.0	0.008145464	0.0007582453
SRR17604790	0	oral	0.028928354	0.9256295	0.0022865327	0.018421602	0.024734018
SRR17604791	0	oral	0.0	1.0	0.0	0.0	0.0
SRR17604792	0	oral	0.0	1.0	0.0	0.0	0.0
SRR17604793	0	oral	0.0	0.9969648	0.0	0.0030351824	0.0
SRR17604794	0	oral	0.045443337	0.89131075	0.0024791667	0.04396335	0.016803412
SRR17604795	0	oral	0.0	1.0	0.0	0.0	0.0
SRR17604796	0	oral	0.0	0.9916533	0.0	0.008346651	0.0
SRR17604797	0	oral	0.0	0.99875	0.0	0.00125	0.0
SRR17604798	0	oral	0.0012382963	0.9920843	0.0	0.006677377	0.0
SRR17604799	0	oral	0.0	1.0	0.0	0.0	0.0
SRR17604800	0	oral	0.0	0.9974742	0.0	0.00252581	0.0
SRR17604801	0	oral	0.040903963	0.8716474	0.0	0.07707952	0.010369085
SRR17604802	0	oral	0.18590128	0.19660906	0.078537524	0.5189692	0.019982938
SRR17604803	0	oral	0.092750415	0.7871886	0.0013215658	0.07323068	0.045508776
SRR17604804	0	oral	0.007936908	0.98061824	0.0024351107	0.0068311486	0.002178617
SRR17604805	0	oral	0.0	0.9988028	0.0	0.0011972262	0.0
SRR17604806	0	oral	0.06492007	0.74379945	0.008207553	0.13139226	0.051680706
SRR17604807	0	oral	0.0012181096	0.9958109	0.0	0.0029709518	0.0
SRR17604808	0	oral	0.0	0.9962831	0.0	0.0037168905	0.0
SRR2229974	0	oral	0.030155044	0.26586547	0.00953972	0.67085195	0.023587843
SRR2229975	0	skeletal tissue	0.015813312	0.43796265	0.00013244268	0.53877103	0.007320527
SRR2229976	0	oral	0.028241614	0.2585677	0.00953972	0.6806114	0.023039628
SRR2229977	0	skeletal tissue	0.027155701	0.2733521	0.008303164	0.6710332	0.020155827
ERR3761407	1	gut	0.6970927	0.15176772	0.013535115	0.10042282	0.037181616
ERR3761408	1	gut	0.78690475	0.084071815	0.008467407	0.11943891	0.0011171339
ERR3761409	1	gut	0.8405181	0.081197135	0.0072591268	0.05282845	0.01819716
ERR3761410	1	gut	0.8720032	0.06044556	0.00508347	0.038996637	0.023471123
ERR3761411	1	gut	0.8494352	0.058709316	0.0	0.09061208	0.0012434036
ERR3761412	1	gut	0.7753171	0.15718254	0.0054641645	0.04691633	0.015119906
ERR3761413	1	gut	0.7173028	0.1093361	0.046060983	0.12605889	0.0012412041
ERR6589621	1	oral	0.065364055	0.55221957	0.0	0.3763198	0.006096548
ERR6589622	1	oral	0.05555992	0.67984205	0.0	0.26335284	0.0012452046
ERR6589623	1	oral	0.025319545	0.4664933	0.001173913	0.50483865	0.0021745511
ERR6589624	1	oral	0.04045313	0.46757874	0.00088235294	0.4910858	0.0
ERR6589625	1	oral	0.043749146	0.5028504	0.003464611	0.4438794	0.0060564247
ERR6589626	1	oral	0.045794986	0.51150167	0.006858276	0.40901873	0.026826303
ERR6589627	1	oral	0.051025294	0.66685975	0.0	0.28087935	0.001235623
ERR6589628	1	oral	0.09533986	0.6252292	0.0007827591	0.27400902	0.004639174
ERR6589629	1	oral	0.021823771	0.755709	0.0	0.21999697	0.0024702891
ERR6589630	1	oral	0.052205276	0.6180417	0.0010881193	0.3262145	0.0024504266
ERR7919459	1	oral	0.066767834	0.7425199	0.07208102	0.11492692	0.0037042918
ERR7919460	1	oral	0.13133693	0.65167946	0.054711077	0.15606417	0.00620837
ERR7919462	1	oral	0.24950276	0.59772086	0.051618367	0.09741197	0.0037460318
ERR7919463	1	oral	0.07723153	0.5604368	0.0018803127	0.35920963	0.0012417817
ERR7919464	1	oral	0.16156511	0.1938486	0.011653534	0.61475825	0.018174535
ERR7919465	1	oral	0.10228903	0.5772642	0.03374705	0.2449687	0.041731022
ERR7919466	1	oral	0.0731204	0.84216976	0.01920442	0.06435584	0.0011495984
ERR7919467	1	oral	0.10604335	0.65861636	0.07264586	0.15668906	0.0060053794
ERR7919468	1	oral	0.03946346	0.84932154	0.006913684	0.10211692	0.0021843622
ERR7919469	1	oral	0.10402467	0.3940497	0.14988513	0.33486736	0.017173111
ERR7919470	1	oral	0.11480305	0.59099424	0.038572337	0.22531612	0.030314226
ERR7919471	1	oral	0.16495809	0.17869069	0.011653534	0.62652314	0.018174535
ERR7919472	1	oral	0.034747228	0.87105536	0.002961232	0.08774111	0.003495052
ERR7919473	1	oral	0.092216216	0.6019325	0.17299753	0.12832734	0.004526377
ERR7919474	1	oral	0.07712342	0.7997955	0.034004547	0.084364936	0.004711598
ERR7919475	1	oral	0.09221123	0.78840166	0.029774226	0.0859325	0.0036803985
ERR7919476	1	oral	0.087831564	0.6974932	0.15896039	0.053319898	0.0023949875
ERR7919477	1	oral	0.10623682	0.6443374	0.073272154	0.17020705	0.0059465524
ERR7919478	1	oral	0.02816801	0.8758816	0.0011626866	0.09362565	0.0011620433
ERR7919479	1	oral	0.07699189	0.81055564	0.005263855	0.10473544	0.0024531847
ERR7919480	1	oral	0.06325741	0.73851883	0.13810892	0.05765271	0.0024621221
ERR7919481	1	oral	0.06563983	0.77103686	0.06098578	0.09646782	0.005869689
ERR7919482	1	oral	0.10105119	0.6036666	0.19893785	0.093877405	0.0024669704
ERR7919483	1	oral	0.075821504	0.71344584	0.024073256	0.17197627	0.014683157
ERR7919484	1	oral	0.123268515	0.33911243	0.17285438	0.34695825	0.0178064
ERR7919485	1	oral	0.0853594	0.53784525	0.0060276077	0.36745125	0.0033165107
ERR7919486	1	oral	0.072034515	0.74991083	0.058901154	0.10853743	0.010616078
ERR7919487	1	oral	0.06868334	0.8523164	0.030700002	0.04830029	0.0
ERR7919488	1	oral	0.03595365	0.89014286	0.008502449	0.06209099	0.0033100327
ERR7919489	1	oral	0.032734416	0.9036797	0.014199877	0.04705406	0.0023319023
ERR7919490	1	oral	0.097622894	0.6076131	0.16859412	0.12394481	0.0022250833
ERR7919491	1	oral	0.10311293	0.69130564	0.04668583	0.15292215	0.0059734625
ERR7919492	1	oral	0.114448436	0.36522856	0.17293842	0.3330633	0.014321273
ERR7919493	1	oral	0.068805054	0.56238395	0.0053178514	0.35901976	0.004473409
ERR7919494	1	oral	0.080272496	0.8337859	0.044417117	0.040274475	0.00125
ERR7919495	1	oral	0.069958284	0.8157391	0.015018564	0.092027664	0.00725639
ERR7919496	1	oral	0.16495809	0.17869069	0.011653534	0.62652314	0.018174535
ERR7919497	1	oral	0.06991878	0.82721096	0.011782756	0.085121274	0.0059662457
ERR7919498	1	oral	0.27344853	0.58217525	0.043267887	0.0967643	0.004344018
ERR7919499	1	oral	0.16452567	0.1878795	0.011487426	0.61793286	0.018174535
ERR7919500	1	oral	0.072183445	0.8184246	0.007121216	0.101099335	0.001171446
ERR7919501	1	oral	0.12438064	0.56132656	0.039761398	0.24286126	0.031670123
ERR7919502	1	oral	0.058205742	0.86365134	0.017816907	0.05908479	0.0012412434
ERR7919503	1	oral	0.067638494	0.73144287	0.12734774	0.06994265	0.0036282549
ERR7919504	1	oral	0.13723415	0.7074216	0.007071197	0.14330281	0.004970248
ERR7919505	1	oral	0.07671306	0.8197119	0.011851484	0.0819956	0.009727944
ERR7919506	1	oral	0.041839927	0.8912403	0.0036448897	0.057310175	0.005964715
ERR7919507	1	oral	0.3039982	0.55640024	0.023866817	0.11271282	0.0030219117
ERR7919508	1	oral	0.03295786	0.8677972	0.005533296	0.092500836	0.0012108067
ERR7919509	1	oral	0.1648043	0.18084157	0.011653534	0.6245261	0.018174535
ERR7919510	1	oral	0.06285398	0.8633888	0.015646342	0.057033535	0.001077348
ERR7919511	1	oral	0.06938644	0.803376	0.024185978	0.09852655	0.0045250193
ERR7919512	1	oral	0.16208111	0.19971238	0.011362128	0.6092292	0.017615184
ERR7919513	1	oral	0.038373884	0.8573407	0.004866876	0.09458433	0.0048342366
ERR7919514	1	oral	0.04766961	0.8648313	0.0011949936	0.079332314	0.0069717364
ERR7919515	1	oral	0.066610426	0.78192145	0.04788287	0.096881896	0.0067033567
ERR7919516	1	oral	0.06432412	0.7964985	0.037933797	0.096300684	0.004942895
ERR7919517	1	oral	0.1635397	0.1926402	0.011653534	0.61399204	0.018174535
ERR7919518	1	oral	0.05985244	0.8371932	0.0077138767	0.095240474	0.0
ERR7919519	1	oral	0.088082135	0.6846313	0.022338247	0.18524317	0.019705145
ERR7919520	1	oral	0.08027522	0.82457787	0.03892048	0.055066075	0.0011603774
ERR7919521	1	oral	0.069062114	0.806164	0.00585616	0.118917696	0.0
ERR7919522	1	oral	0.08448759	0.7156218	0.13772787	0.061027553	0.001135145
ERR7919523	1	oral	0.08415592	0.7140511	0.030654809	0.15493552	0.016202621
ERR7919524	1	oral	0.13941294	0.33123767	0.188688	0.31889334	0.021768054
ERR7919525	1	oral	0.0872268	0.80848265	0.011262917	0.09069193	0.0023357193
ERR7919526	1	oral	0.26515052	0.6021352	0.029794049	0.09400178	0.008918501
ERR7919527	1	oral	0.048903048	0.860506	0.0072636553	0.08219214	0.001135145
ERR7919528	1	oral	0.031976245	0.8795834	0.0023958597	0.08355672	0.0024877512
ERR7919529	1	oral	0.07765457	0.81365937	0.010863567	0.089329526	0.008492955
ERR7919530	1	oral	0.041359805	0.8915133	0.0035994765	0.058593776	0.0049336287
ERR7919531	1	oral	0.043094575	0.88189226	0.016881818	0.0520524	0.006078955
ERR7919532	1	oral	0.13035113	0.7261694	0.0043371804	0.13668461	0.0024576834
ERR7919533	1	oral	0.055328548	0.86834973	0.017849537	0.0560901	0.0023820712
ERR7919534	1	oral	0.06462753	0.8517632	0.03900924	0.043389577	0.001210493
ERR7919535	1	oral	0.07622713	0.82387567	0.013072866	0.0831268	0.003697541
ERR7919536	1	oral	0.0349287	0.8613935	0.0011620036	0.10251577	0.0
ERR7919537	1	oral	0.08008924	0.7373595	0.016762126	0.14704055	0.018748533
ERR7919538	1	oral	0.07654579	0.55935997	0.0027920294	0.3589188	0.002383416
ERR7919539	1	oral	0.11688605	0.5878128	0.02981013	0.21796082	0.047530234
ERR7919540	1	oral	0.16495809	0.17869069	0.011653534	0.62652314	0.018174535
ERR7919541	1	oral	0.08692197	0.6256709	0.17118092	0.11048366	0.005742568
ERR7919542	1	oral	0.043270715	0.89452773	0.0020605212	0.05416091	0.0059801065
ERR7919543	1	oral	0.052207984	0.8433156	0.0046819095	0.09731263	0.0024818615
ERR7919544	1	oral	0.03333787	0.89255697	0.015176257	0.056479156	0.002449778
ERR7919545	1	oral	0.16363454	0.19523537	0.011202345	0.6117532	0.018174535
ERR7919546	1	oral	0.16444348	0.18396735	0.011653534	0.6217611	0.018174535
ERR7919547	1	oral	0.06763091	0.7968363	0.008648037	0.12688474	0.0
ERR7919548	1	oral	0.061052077	0.8955302	0.0	0.027967107	0.015450619
ERR7919641	1	oral	0.027973251	0.92236036	0.012172476	0.0350858	0.00240811
ERR7919642	1	oral	0.027082259	0.9211515	0.01670339	0.032733437	0.0023293812
ERR7919643	1	oral	0.15892147	0.19426368	0.011653534	0.6169868	0.018174535
ERR7919644	1	oral	0.16557047	0.20139068	0.010942855	0.6041642	0.017931826
ERR7919645	1	oral	0.05725172	0.8143373	0.0057559256	0.122655034	0.0
ERR7919646	1	oral	0.05304788	0.91851413	0.00077106635	0.018177012	0.009489936
SRR13355784	1	oral	0.07610237	0.85525876	0.0023787387	0.05103086	0.015229274
SRR13355785	1	oral	0.051059566	0.88284135	0.0	0.05113022	0.014968879
SRR13355786	1	oral	0.120072275	0.7017534	0.002364658	0.11708812	0.058721572
SRR13355787	1	oral	0.056842588	0.8433916	0.0011103026	0.07628369	0.022371821
SRR13355789	1	oral	0.06108571	0.84667	0.0011557031	0.07195767	0.019130921
SRR13355790	1	oral	0.08463945	0.7181824	0.004131705	0.17261602	0.020430455
SRR13355791	1	oral	0.0019756868	0.99122536	0.0	0.0067989607	0.0
SRR13355792	1	oral	0.12554584	0.6033342	0.0064129285	0.23784205	0.026864972
SRR13355794	1	oral	0.09050961	0.80991566	0.0010526152	0.083979405	0.014542736
SRR13355796	1	oral	0.0024660898	0.95857424	0.0	0.038959675	0.0
SRR13355797	1	oral	0.001077487	0.99337107	0.0	0.0055514695	0.0
SRR13355798	1	oral	0.00085227273	0.9911042	0.0	0.008043545	0.0
SRR13355799	1	oral	0.001077487	0.97693014	0.0	0.021992393	0.0
SRR13355800	1	oral	0.017331226	0.9366863	0.0	0.044737782	0.0012447078
SRR13355801	1	oral	0.008330006	0.9829653	0.0	0.008704681	0.0
SRR13355802	1	oral	0.046445634	0.85939276	0.0026384199	0.071338594	0.020184575
SRR13355803	1	oral	0.13138494	0.75427383	0.0009800369	0.09054883	0.022812376
SRR13355804	1	oral	0.075998954	0.7356239	0.0030608203	0.14637074	0.038945597
SRR13355805	1	oral	0.10180333	0.780238	0.00054872327	0.08620178	0.031208208
SRR13355806	1	oral	0.07947352	0.8099595	0.0019449391	0.08008232	0.028539766
SRR13355807	1	oral	0.11276233	0.7428119	0.0026678299	0.10930748	0.032450408
SRR13355808	1	oral	0.22899434	0.47240844	0.0034016587	0.1774995	0.11769605
SRR13355809	1	oral	0.09072557	0.6318174	0.0028468308	0.20479429	0.06981591
SRR13355810	1	oral	0.13274397	0.4930957	0.0062213135	0.34210762	0.025831394
SRR13355811	1	oral	0.040047448	0.8560603	0.0011557031	0.07639397	0.026342573
SRR13355812	1	oral	0.1494523	0.6315235	0.0023984478	0.17393744	0.042688344
SRR13355813	1	oral	0.042902585	0.8320624	0.0018981881	0.071651116	0.051485687
SRR23699551	1	oral	0.00650458	0.9588343	0.0	0.03355729	0.0011038316
SRR23699552	1	oral	0.0031425315	0.98768884	0.0	0.009168608	0.0
SRR23699553	1	oral	0.003219668	0.99330795	0.0	0.0034724118	0.0
SRR23699554	1	oral	0.008486002	0.96057606	0.0	0.030937944	0.0
SRR23699555	1	oral	0.0	0.989221	0.0	0.010779021	0.0
SRR23699556	1	oral	0.003178194	0.98054403	0.0	0.016277773	0.0
SRR23699557	1	oral	0.011879861	0.9575132	0.0	0.026004031	0.0046028653
SRR23699558	1	oral	0.004704004	0.98109376	0.0	0.011723105	0.0024791232
SRR23699559	1	oral	0.0046751588	0.98410606	0.0	0.011218766	0.0
SRR23699560	1	oral	0.011865603	0.9725088	0.0	0.015625596	0.0
SRR23699561	1	oral	0.0035331193	0.9901722	0.0	0.0062946924	0.0
SRR23699562	1	oral	0.0029856274	0.9846657	0.0	0.012348685	0.0
SRR23699563	1	oral	0.0073588258	0.9871569	0.0	0.005484268	0.0
SRR23699564	1	oral	0.08263372	0.786082	0.025176493	0.097564235	0.008543503
SRR23699565	1	oral	0.0033568682	0.9706766	0.0	0.025966542	0.0
SRR23699566	1	oral	0.022516957	0.9470039	0.0	0.030479161	0.0
SRR23699567	1	oral	0.0072334367	0.96606404	0.0	0.026702527	0.0
SRR23699568	1	oral	0.007196352	0.9732281	0.0	0.019575575	0.0
SRR23699569	1	oral	0.003576211	0.9873081	0.0	0.009115691	0.0
SRR23699570	1	oral	0.0	0.9905981	0.0	0.009401928	0.0
SRR23699571	1	oral	0.0023523099	0.9735866	0.0	0.024061045	0.0
SRR23699572	1	oral	0.0024269917	0.9762942	0.0	0.021278812	0.0
SRR23699573	1	oral	0.0029689444	0.9771199	0.0	0.019911112	0.0
SRR23699574	1	oral	0.015572138	0.8899808	0.0	0.093200274	0.0012468214
SRR23699575	1	oral	0.003624122	0.986876	0.0	0.00949984	0.0
SRR23699576	1	oral	0.0	0.99195665	0.0	0.008043351	0.0
SRR23699577	1	oral	0.0071871383	0.9673133	0.0	0.025499567	0.0
SRR23699578	1	oral	0.0058580576	0.9361337	0.0	0.058008242	0.0
SRR5297130	1	oral	0.0023091107	0.9906393	0.0	0.0070515657	0.0
SRR5297131	1	oral	0.021147085	0.9562202	0.0	0.020177092	0.0024556038
SRR5297132	1	oral	0.025545774	0.942124	0.0012412365	0.02625799	0.0048309653
SRR5297133	1	oral	0.015301824	0.94982064	0.0	0.031176733	0.0037007947
SRR5875714	1	soft tissue	0.13431603	0.43532524	0.01331871	0.40856364	0.008476377
SRR5875715	1	soft tissue	0.1537163	0.5361942	0.005922003	0.28237125	0.021796236
SRR5875718	1	soft tissue	0.13649411	0.41161326	0.024802567	0.4144348	0.012655272
SRR5875719	1	soft tissue	0.27025297	0.37599173	0.07221689	0.24999551	0.031542912
SRR5875720	1	soft tissue	0.10494942	0.427417	0.016810782	0.43368527	0.017137516
SRR5875721	1	soft tissue	0.16398984	0.47577274	0.025035128	0.31694126	0.018261041
SRR5875722	1	soft tissue	0.15176262	0.42621556	0.019032676	0.37326568	0.029723458
SRR5875723	1	soft tissue	0.1942836	0.47161302	0.028259216	0.26126635	0.044577807
SRR5875724	1	soft tissue	0.12924679	0.41010943	0.007108687	0.42727587	0.026259227
SRR5875725	1	soft tissue	0.1311139	0.5200824	0.009357494	0.3144522	0.024993986
SRR5875726	1	soft tissue	0.13392505	0.41212535	0.010563252	0.41495132	0.028435014
SRR5875727	1	soft tissue	0.2392356	0.4542975	0.0062633613	0.2876056	0.012597924
SRR5875728	1	soft tissue	0.098851316	0.320164	0.010874025	0.51926714	0.05084349
SRR5875729	1	soft tissue	0.18972075	0.4495551	0.014366686	0.31187776	0.034479707
SRR5875730	1	soft tissue	0.14870301	0.35087213	0.0071478183	0.43435782	0.05891923
SRR5875731	1	soft tissue	0.20773053	0.41872728	0.005471446	0.31501806	0.05305269
SRR8731955	1	gut	0.36278698	0.37902817	0.074510515	0.1489219	0.034752443
SRR8731957	1	gut	0.3996427	0.35913563	0.16211663	0.07127137	0.007833688
SRR8731958	1	gut	0.2346671	0.44388652	0.03342752	0.21829724	0.06972163
ERR11660399	2	oral	0.0022857666	0.99547416	0.0	0.002240086	0.0
ERR11660400	2	oral	0.00096767594	0.9967168	0.0	0.0023155024	0.0
ERR11660401	2	oral	0.03511776	0.92323196	0.0	0.024681017	0.016969249
ERR11660402	2	oral	0.0	0.9953045	0.0	0.0022358596	0.0024596232
ERR11660403	2	oral	0.0010747232	0.99892527	0.0	0.0	0.0
ERR11660404	2	oral	0.035617437	0.93151325	0.000799439	0.018711077	0.013358779
ERR11660405	2	oral	0.0010747232	0.99668926	0.0	0.0022360447	0.0
ERR11660406	2	oral	0.00125	0.9964524	0.0	0.0022976333	0.0
ERR11660407	2	oral	0.02904589	0.9267641	0.0	0.022259863	0.021930162
ERR11660408	2	oral	0.0022857666	0.9930817	0.0	0.0033825156	0.00125
ERR11660409	2	oral	0.0010747232	0.9977929	0.0	0.0011323624	0.0
ERR11660410	2	oral	0.035166003	0.9093602	0.0024653324	0.028851816	0.02415666
ERR11660411	2	oral	0.0022347036	0.9931271	0.0	0.0034285465	0.0012096232
ERR11660412	2	oral	0.0010747232	0.99324715	0.0	0.0044305995	0.0012475125
ERR11660413	2	oral	0.034319606	0.93622357	0.0	0.013496343	0.015960507
ERR11660414	2	oral	0.0030975752	0.9897684	0.0	0.004643343	0.0024906758
ERR11660415	2	oral	0.0	0.9953278	0.0	0.0046722083	0.0
ERR11660416	2	oral	0.029330932	0.93327826	0.0	0.021887235	0.015503575
ERR11660417	2	oral	0.0	0.9987904	0.0	0.0	0.0012096232
ERR11660418	2	oral	0.0011599803	0.99770766	0.0	0.0011323624	0.0
ERR11660419	2	oral	0.02224943	0.9518085	0.0	0.019847134	0.006094934
ERR11660420	2	oral	0.0033038463	0.9966962	0.0	0.0	0.0
ERR11660421	2	oral	0.0010747232	0.9976753	0.0	0.0	0.00125
ERR11660422	2	oral	0.027525712	0.9264437	0.0	0.020538256	0.02549233
ERR11660423	2	oral	0.002908413	0.99535507	0.0	0.0017365133	0.0
ERR11660424	2	oral	0.0021446513	0.996723	0.0	0.0011323624	0.0
ERR11660425	2	oral	0.038007215	0.92195094	0.00026092865	0.02271462	0.017066307
ERR11660426	2	oral	0.0010747232	0.9978176	0.0	0.0011077236	0.0
ERR11660427	2	oral	0.002716109	0.9944536	0.0	0.0016206616	0.0012096232
ERR11660428	2	oral	0.0202445	0.93892545	0.0	0.020069947	0.02076011
ERR11660429	2	oral	0.09077054	0.1515856	0.0143381925	0.7433057	0.0
ERR11660430	2	oral	0.03637084	0.31764242	0.0013050396	0.6341935	0.010488225
ERR11660431	2	oral	0.033386808	0.4412597	0.0017043784	0.51707023	0.0065788776
ERR11660432	2	oral	0.08365565	0.14120224	0.007970229	0.7663581	0.00081380655
ERR11660433	2	oral	0.0796135	0.13724038	0.015923748	0.76722234	0.0
ERR11660434	2	oral	0.051673897	0.2539371	0.007174392	0.6835171	0.0036975096
ERR11660435	2	oral	0.08000666	0.13389885	0.015749704	0.7666231	0.0037217021
ERR11660436	2	oral	0.07456949	0.1675336	0.009904089	0.7479928	0.0
ERR11660437	2	oral	0.08748385	0.13425985	0.016388716	0.7618676	0.0
ERR11660438	2	oral	0.06301489	0.6812475	0.0025799212	0.19827016	0.05488754
ERR11660439	2	oral	0.059939954	0.68821615	0.0	0.18380652	0.06803739
ERR11660440	2	oral	0.06267168	0.6898287	0.0	0.19842128	0.049078315
ERR11660441	2	oral	0.052394535	0.6911428	0.0	0.20271227	0.053750392
ERR11660442	2	oral	0.044761088	0.69582576	0.0005415009	0.19601525	0.06285641
ERR11660443	2	oral	0.045751788	0.6618603	0.0024920942	0.22231784	0.06757798
ERR11660444	2	oral	0.06386821	0.6768262	0.0	0.20472811	0.05457749
ERR11660445	2	oral	0.04694583	0.6856848	0.00011695068	0.22121301	0.046039425
ERR11660446	2	oral	0.10485677	0.6229201	0.005727718	0.19154292	0.07495249
ERR11660447	2	oral	0.06944814	0.6447187	0.0	0.20561521	0.08021793
ERR11660448	2	oral	0.072277494	0.65671647	0.0036135702	0.2051504	0.06224209
ERR11660449	2	oral	0.067469254	0.6810594	0.0	0.21083854	0.040632807
ERR11660450	2	oral	0.061242558	0.6799955	0.0	0.19401535	0.064746626
ERR11660451	2	oral	0.083337285	0.16826938	0.01603105	0.72929347	0.0030688276
ERR11660452	2	oral	0.06266792	0.38433078	0.0062311813	0.5263471	0.020423038
ERR11660453	2	oral	0.06778705	0.2023683	0.008887765	0.7163181	0.0046388204
ERR11660454	2	oral	0.04342997	0.4883526	0.003384266	0.45314127	0.011691902
ERR11660455	2	oral	0.08137425	0.14288175	0.012856225	0.75817233	0.0047154217
ERR11660456	2	oral	0.015447688	0.95789284	0.0	0.017055772	0.009603714
ERR11660457	2	oral	0.009322379	0.9745738	0.0	0.008724796	0.007379031
ERR11660458	2	oral	0.0053164833	0.9693596	0.0	0.01674393	0.008579988
ERR11660459	2	oral	0.0111989295	0.9649194	0.0	0.01655053	0.0073311278
ERR11660460	2	oral	0.06813581	0.4484764	0.0062979404	0.47363958	0.0034502742
ERR11660461	2	oral	0.0	0.9966996	0.0	0.0033004223	0.0
ERR11660462	2	oral	0.0012208904	0.99665684	0.0	0.0021222995	0.0
ERR11660463	2	oral	0.00459283	0.9913824	0.0	0.0040247715	0.0
ERR11660464	2	oral	0.0024392572	0.9963108	0.0	0.0	0.00125
ERR11660465	2	oral	0.0046569547	0.9891441	0.0	0.0037145873	0.0024843642
ERR11660466	2	oral	0.0033259166	0.9952693	0.0	0.0014047755	0.0
ERR14057409	2	gut	0.09249817	0.26858172	0.10987551	0.4982534	0.030791203
ERR14057410	2	gut	0.10500797	0.32604176	0.078768365	0.4590489	0.031133007
ERR14057411	2	gut	0.11144014	0.6563709	0.1681118	0.017785566	0.0462916
ERR14057412	2	gut	0.10196363	0.6625009	0.14198028	0.027171964	0.06638322
ERR14057413	2	gut	0.0034227236	0.99215007	0.0	0.00442722	0.0
ERR14057414	2	gut	0.0010637343	0.99656767	0.0	0.0011325476	0.0012360237
ERR14057415	2	gut	0.0023383622	0.99518776	0.0	0.0	0.0024738675
ERR14057416	2	gut	0.0010883621	0.99543303	0.0	0.0022286067	0.00125
ERR14100444	2	gut	0.09249817	0.26858172	0.10987551	0.4982534	0.030791203
ERR14100445	2	gut	0.10500797	0.32604176	0.078768365	0.4590489	0.031133007
ERR14100446	2	gut	0.11144014	0.6563709	0.1681118	0.017785566	0.0462916
ERR14100447	2	gut	0.10196363	0.6625009	0.14198028	0.027171964	0.06638322
ERR14100448	2	gut	0.0034227236	0.99215007	0.0	0.00442722	0.0
ERR14100449	2	gut	0.0010637343	0.99656767	0.0	0.0011325476	0.0012360237
ERR14100450	2	gut	0.0023383622	0.99518776	0.0	0.0	0.0024738675
ERR14100451	2	gut	0.0010883621	0.99543303	0.0	0.0022286067	0.00125
ERR2269773	2	plant tissue	0.05822724	0.15407099	0.6914657	0.0640012	0.032234885
ERR2269775	2	plant tissue	0.11202538	0.26401547	0.5581655	0.04048723	0.02530644
ERR2269776	2	plant tissue	0.04479021	0.12686649	0.744297	0.075542875	0.008503428
ERR2269777	2	plant tissue	0.073077165	0.19605738	0.5938918	0.080400564	0.056573085
ERR2269778	2	plant tissue	0.09964501	0.21244073	0.5622555	0.11629853	0.0093602305
ERR2269779	2	plant tissue	0.039094616	0.12105775	0.76575595	0.07230879	0.0017828807
ERR2269780	2	plant tissue	0.043557275	0.1365109	0.74135345	0.067240715	0.011337686
ERR2269781	2	plant tissue	0.03821546	0.10573422	0.77626014	0.077440806	0.00234936
ERR2269782	2	plant tissue	0.0744982	0.18907551	0.61655575	0.07502365	0.044846874
ERR2269783	2	plant tissue	0.08392585	0.18348998	0.6767123	0.05475761	0.0011142545
ERR2269784	2	plant tissue	0.11909195	0.22157371	0.4332089	0.061923202	0.16420221
ERR2269785	2	plant tissue	0.06154478	0.1431328	0.72174263	0.07120641	0.0023733643
ERR2269786	2	plant tissue	0.052309576	0.13292514	0.7248629	0.07372134	0.016181076
ERR2269787	2	plant tissue	0.045371335	0.1911558	0.61950034	0.07134437	0.07262813
ERR2269788	2	plant tissue	0.027590387	0.118540965	0.7699028	0.07348322	0.010482615
ERR2269789	2	plant tissue	0.04129297	0.13018191	0.7400045	0.07291066	0.015610013
ERR2269790	2	plant tissue	0.1120478	0.31589985	0.4099214	0.09738382	0.06474714
ERR2269791	2	plant tissue	0.057733875	0.12852773	0.75408256	0.059655834	0.0
ERR2269792	2	plant tissue	0.038055062	0.101769716	0.79499376	0.06185102	0.003330431
ERR2269793	2	plant tissue	0.02541112	0.10567293	0.78600025	0.08235517	0.0005605432
ERR2269794	2	plant tissue	0.1857158	0.24897313	0.49748436	0.053620283	0.014206429
ERR2269795	2	plant tissue	0.02904635	0.11503332	0.7703211	0.08559926	0.0
ERR2269796	2	plant tissue	0.18792927	0.26813552	0.37850085	0.05580097	0.109633386
ERR2269797	2	plant tissue	0.043216188	0.12864785	0.7474022	0.07950109	0.001232687
ERR2269798	2	plant tissue	0.11100212	0.18996917	0.63779235	0.044268645	0.016967747
ERR2269799	2	plant tissue	0.15718585	0.2266323	0.46684763	0.06152561	0.08780861
ERR2269800	2	plant tissue	0.13140638	0.2404702	0.56681067	0.040118355	0.021194411
ERR2269801	2	plant tissue	0.21312538	0.2428817	0.42965627	0.10356135	0.010775293
ERR2269802	2	plant tissue	0.16333213	0.25079277	0.4979684	0.054938234	0.032968458
ERR2269803	2	plant tissue	0.16683757	0.3109397	0.37599504	0.0634636	0.0827641
ERR2269804	2	plant tissue	0.053994164	0.16722943	0.5524549	0.22454527	0.0017762261
ERR2269805	2	plant tissue	0.032831747	0.11207268	0.7643909	0.08900344	0.0017012205
ERR3728226	2	oral	0.0	0.980816	0.0	0.019183995	0.0
ERR3728227	2	oral	0.0	0.98321885	0.0	0.016781123	0.0
ERR3728228	2	oral	0.0	0.9843664	0.0	0.01563359	0.0
ERR3728238	2	oral	0.052761216	0.7755623	0.0012482156	0.122417174	0.0480111
ERR3728239	2	oral	0.006981736	0.98494834	0.0	0.00438733	0.0036826164
ERR3728240	2	oral	0.086541295	0.7389304	0.0	0.124767005	0.049761266
ERR3728241	2	oral	0.0999156	0.7626253	0.0011825691	0.10227157	0.03400499
ERR3728245	2	oral	0.0	0.98630786	0.0	0.013692113	0.0
ERR3728246	2	oral	0.0	0.98754233	0.0	0.012457684	0.0
ERR3728247	2	oral	0.0	0.9875294	0.0	0.012470574	0.0
ERR3728248	2	oral	0.0	0.9838348	0.0	0.016165216	0.0
ERR3728249	2	oral	0.0	0.98502356	0.0	0.014976418	0.0
ERR3728250	2	oral	0.0	0.9807632	0.0	0.019236783	0.0
ERR3728251	2	oral	0.0	0.99084604	0.0	0.009153938	0.0
ERR3728252	2	oral	0.0	0.99094117	0.0	0.009058829	0.0
ERR3728254	2	oral	0.0	0.99205226	0.0	0.007947742	0.0
ERR3728255	2	oral	0.0	0.99771005	0.0	0.0022899748	0.0
ERR3728256	2	oral	0.0	0.98268235	0.0	0.017317655	0.0
ERR3728257	2	oral	0.0	0.9988237	0.0	0.0011762757	0.0
ERR4373119	2	oral	0.31808928	0.4780176	0.10151561	0.09600499	0.0063725305
ERR4373134	2	oral	0.13923979	0.6281906	0.0065287477	0.13916276	0.08687809
ERR4373146	2	oral	0.093303815	0.84649795	0.004984132	0.026233584	0.028980521
ERR4373153	2	oral	0.18165253	0.55931973	0.08174935	0.15154465	0.025733735
ERR4373159	2	oral	0.24835129	0.56941587	0.042098023	0.09967469	0.040460162
ERR4373979	2	oral	0.014676736	0.97300565	0.0012304346	0.0073484983	0.0037386601
ERR4373995	2	skeletal tissue	0.11567865	0.48880044	0.1178116	0.2609197	0.016789611
ERR4373996	2	oral	0.16891356	0.59422445	0.012508477	0.1665167	0.057836797
ERR4373997	2	skeletal tissue	0.22336152	0.58406055	0.013557793	0.15694536	0.022074776
ERR4373998	2	skeletal tissue	0.108434595	0.1976234	0.022619927	0.66517675	0.006145301
ERR4373999	2	oral	0.16891356	0.59422445	0.012508477	0.1665167	0.057836797
ERR4374000	2	skeletal tissue	0.11567865	0.48880044	0.1178116	0.2609197	0.016789611
ERR4374001	2	skeletal tissue	0.22336152	0.58406055	0.013557793	0.15694536	0.022074776
ERR4374002	2	skeletal tissue	0.16961195	0.53897023	0.021426618	0.24683025	0.023160974
ERR4374003	2	skeletal tissue	0.108434595	0.1976234	0.022619927	0.66517675	0.006145301
ERR4374004	2	skeletal tissue	0.30726275	0.46045575	0.10372575	0.09368553	0.034870226
ERR4374005	2	skeletal tissue	0.15762334	0.3693935	0.011678754	0.43284288	0.028461546
ERR4374006	2	oral	0.26739743	0.49170214	0.016897898	0.2019655	0.022037044
ERR4374007	2	oral	0.30264315	0.4662169	0.018059306	0.19379048	0.019290159
ERR4374008	2	skeletal tissue	0.23784284	0.45318618	0.019258108	0.26378638	0.025926476
ERR4374009	2	oral	0.1721339	0.637175	0.014784986	0.15436402	0.021542069
ERR4374010	2	oral	0.24608137	0.5577307	0.013357087	0.15660878	0.026222067
ERR4374011	2	soft tissue	0.2646867	0.47128513	0.0138053065	0.2248361	0.025386775
ERR4374012	2	oral	0.260079	0.4027422	0.0020748046	0.30646735	0.028636644
ERR4374013	2	oral	0.16449611	0.5696505	0.0070599252	0.22768553	0.031107942
ERR4374014	2	oral	0.15815663	0.5887611	0.019050214	0.20781009	0.02622194
ERR4374015	2	skeletal tissue	0.18339585	0.59638137	0.00396568	0.19849503	0.017762078
ERR4374016	2	skeletal tissue	0.14253017	0.547391	0.019540437	0.2694789	0.021059506
ERR4374017	2	soft tissue	0.155501	0.23148303	0.014744137	0.5708325	0.027439335
ERR4374018	2	oral	0.26415327	0.5038003	0.015654951	0.1909403	0.025451187
ERR4374019	2	skeletal tissue	0.15399538	0.5353347	0.011259301	0.26596147	0.03344912
ERR4374020	2	skeletal tissue	0.27085447	0.48005983	0.049768977	0.16639723	0.0329195
ERR4374021	2	soft tissue	0.3039589	0.2671742	0.007344932	0.3893957	0.032126267
ERR4374022	2	oral	0.21201439	0.5133618	0.01780854	0.23189221	0.024923034
ERR4374023	2	oral	0.2805405	0.5595613	0.020343741	0.11211068	0.027443789
ERR4374024	2	oral	0.2700495	0.502484	0.008553706	0.19714144	0.021771345
ERR4374025	2	skeletal tissue	0.16035154	0.55023	0.020861145	0.24490757	0.023649676
ERR4374026	2	skeletal tissue	0.1986248	0.6005606	0.02438813	0.16814443	0.0082820235
ERR4374027	2	oral	0.27838773	0.4688802	0.046543166	0.18334101	0.0228479
ERR4374028	2	oral	0.15056625	0.60214496	0.02196583	0.19678295	0.028540028
ERR4374029	2	skeletal tissue	0.25541836	0.3624634	0.2733232	0.08482986	0.023965137
ERR4374030	2	skeletal tissue	0.2648906	0.54420424	0.039819565	0.11264588	0.038439702
ERR4374031	2	oral	0.3156028	0.4457311	0.01571533	0.20505716	0.017893609
ERR4374032	2	skeletal tissue	0.25302842	0.5386946	0.027686965	0.1439888	0.036601204
ERR4374033	2	skeletal tissue	0.23485987	0.51311255	0.028691435	0.17986448	0.04347168
ERR4374034	2	skeletal tissue	0.30219018	0.51039195	0.06371191	0.091676004	0.03202995
ERR4374035	2	soft tissue	0.17276861	0.53586894	0.018760167	0.24884254	0.023759758
ERR4374036	2	skeletal tissue	0.22357927	0.36865482	0.014803971	0.36751834	0.025443604
ERR4374037	2	skeletal tissue	0.2590653	0.5621651	0.031007512	0.115470335	0.032291807
ERR4374038	2	skeletal tissue	0.16463	0.5529771	0.01624329	0.24923165	0.016917968
ERR4374039	2	skeletal tissue	0.19242881	0.5609028	0.010962198	0.19536568	0.04034056
ERR4374040	2	skeletal tissue	0.255574	0.5664242	0.0036647483	0.15276462	0.021572469
ERR4374041	2	skeletal tissue	0.16400541	0.54542416	0.009162202	0.2524951	0.028913096
ERR4374042	2	oral	0.16992036	0.544544	0.027344164	0.23795499	0.02023649
ERR4374043	2	skeletal tissue	0.32059714	0.46860132	0.088947944	0.0990694	0.022784188
ERR4374044	2	oral	0.19475824	0.5091728	0.016604714	0.24258243	0.036881834
ERR4374045	2	oral	0.2586048	0.31909546	0.0074642887	0.3884679	0.026367567
ERR4374046	2	soft tissue	0.27329862	0.29733694	0.008562019	0.39720643	0.023596004
ERR4374047	2	skeletal tissue	0.16775748	0.6082922	0.04065313	0.16839729	0.014899881
ERR4374048	2	oral	0.18122555	0.46509415	0.010160251	0.31008247	0.0334376
ERR4374049	2	oral	0.26021305	0.52387226	0.016277468	0.17080294	0.028834281
ERR4374050	2	oral	0.24657536	0.51139486	0.019826138	0.20420001	0.01800362
ERR4374051	2	oral	0.27224517	0.45960283	0.019593956	0.2294018	0.019156247
ERR4374052	2	skeletal tissue	0.17426646	0.62585753	0.006240748	0.1755846	0.018050648
ERR4374053	2	oral	0.15075308	0.7375248	0.016037524	0.07371949	0.021965114
ERR4374055	2	skeletal tissue	0.17202716	0.5296596	0.043751888	0.22262022	0.031941127
ERR4374588	2	skeletal tissue	0.1935378	0.5595709	0.022093836	0.19855136	0.026246103
ERR4374589	2	oral	0.22240314	0.48874858	0.016901124	0.24936117	0.022585982
ERR4374838	2	oral	0.22212353	0.6785161	0.0024666553	0.06369666	0.03319705
ERR4374839	2	skeletal tissue	0.21944351	0.56544197	0.07220517	0.11024057	0.032668784
ERR4374851	2	skeletal tissue	0.2924936	0.42832702	0.070209384	0.18315148	0.025818475
ERR4374857	2	soft tissue	0.18329783	0.52979094	0.023423813	0.23879637	0.024691064
ERR4374858	2	oral	0.25316063	0.5862899	0.019899538	0.104992986	0.035656955
ERR4374859	2	skeletal tissue	0.32596675	0.49416754	0.07281171	0.09581833	0.011235686
ERR4374860	2	oral	0.28363714	0.4728904	0.01818303	0.20724873	0.018040692
ERR4374861	2	skeletal tissue	0.22116852	0.5643299	0.020870745	0.1788426	0.014788219
ERR4374862	2	skeletal tissue	0.27761385	0.5061037	0.094747834	0.08609562	0.035438992
ERR4374863	2	oral	0.292068	0.4700221	0.012586855	0.20494989	0.02037312
ERR4374864	2	oral	0.23147942	0.5402676	0.01298123	0.19729652	0.017975232
ERR4374865	2	oral	0.3119721	0.44657254	0.017859021	0.20406914	0.019527208
ERR4374866	2	oral	0.25225607	0.52959263	0.015058681	0.18008646	0.023006143
ERR4374867	2	oral	0.3157603	0.46441984	0.01739834	0.18078886	0.021632629
ERR4374868	2	oral	0.2137268	0.5868466	0.012910556	0.14882593	0.03769012
ERR4374869	2	oral	0.26643318	0.34397033	0.0083326325	0.33849326	0.042770594
ERR4374870	2	oral	0.27264675	0.49125588	0.015604127	0.19788066	0.022612594
ERR4374871	2	oral	0.24777368	0.5021938	0.015049025	0.21430987	0.020673629
ERR4374872	2	oral	0.29529408	0.48540622	0.017679757	0.18792966	0.013690286
ERR4374873	2	oral	0.2813648	0.47367346	0.020730084	0.20252126	0.021710409
ERR4374874	2	oral	0.29477182	0.4532349	0.008713629	0.21448296	0.028796693
ERR4374875	2	oral	0.24717756	0.48803443	0.030861516	0.21002963	0.023896856
ERR4374912	2	skeletal tissue	0.261892	0.57809365	0.026087457	0.10565949	0.028267397
ERR4374913	2	skeletal tissue	0.2090273	0.54971534	0.050429665	0.16335113	0.027476553
ERR4374914	2	oral	0.23090343	0.25037575	0.012800875	0.48698416	0.018935801
ERR4374915	2	skeletal tissue	0.17456506	0.53508234	0.0037386478	0.27822867	0.008385281
ERR4374916	2	skeletal tissue	0.21224056	0.5059369	0.01070119	0.23789847	0.0332229
ERR4374917	2	oral	0.28091788	0.45870045	0.02367531	0.21673612	0.019970238
ERR4374918	2	skeletal tissue	0.1705425	0.55922246	0.028385526	0.21823607	0.023613423
ERR4374919	2	oral	0.17379199	0.65476483	0.0086936215	0.12145983	0.041289724
ERR4374920	2	oral	0.26851672	0.51079416	0.015699577	0.17968392	0.025305603
ERR4374921	2	oral	0.19161819	0.6024525	0.021559453	0.15793182	0.02643803
ERR4374922	2	oral	0.30155608	0.5446016	0.0069318363	0.11732265	0.029587787
ERR4374923	2	skeletal tissue	0.27514672	0.50005835	0.09611994	0.10180746	0.026867539
ERR4374924	2	oral	0.26686248	0.465938	0.021919366	0.22583969	0.01944046
ERR4374925	2	oral	0.28554866	0.48195767	0.017427923	0.18991043	0.025155317
ERR4374926	2	oral	0.2635983	0.4886477	0.00994739	0.21421379	0.023592815
ERR4374927	2	skeletal tissue	0.2822688	0.53460467	0.039383367	0.12584041	0.01790277
ERR4374928	2	skeletal tissue	0.2887675	0.48620513	0.049479447	0.12267598	0.052871954
ERR4374929	2	oral	0.20484214	0.43887985	0.007745188	0.3222062	0.026326614
ERR4374948	2	skeletal tissue	0.20876847	0.3488472	0.020634089	0.38466325	0.037086956
ERR4374962	2	oral	0.24220188	0.5700662	0.0	0.17025645	0.017475478
ERR4374963	2	oral	0.12769134	0.53997254	0.0011033909	0.31752437	0.013708312
ERR4375010	2	skeletal tissue	0.20227174	0.42086568	0.018093884	0.32186964	0.036899064
ERR4375011	2	oral	0.25141954	0.503015	0.022459796	0.20310955	0.019996144
ERR4375017	2	oral	0.24148133	0.35312507	0.005019337	0.38256162	0.01781265
ERR4375025	2	skeletal tissue	0.2735614	0.41326937	0.18497977	0.08212201	0.04606746
ERR4375032	2	oral	0.2654621	0.50617874	0.014036315	0.19144824	0.022874622
ERR4375036	2	skeletal tissue	0.2078376	0.56806856	0.008696932	0.2012941	0.014102819
ERR4375039	2	oral	0.08951979	0.65956545	0.006120569	0.23473458	0.010059621
ERR4375040	2	skeletal tissue	0.16117798	0.53948796	0.024182951	0.25328737	0.021863712
ERR4375042	2	oral	0.13082471	0.79485184	0.0057320897	0.05142336	0.01716801
ERR4375045	2	oral	0.26888087	0.48543224	0.021062983	0.19574672	0.028877163
ERR4375046	2	skeletal tissue	0.26787373	0.47141728	0.064871	0.17343144	0.022406539
ERR4375047	2	skeletal tissue	0.14486738	0.4587996	0.015919494	0.35327402	0.027139526
ERR4375048	2	oral	0.297066	0.48205754	0.012164407	0.18710211	0.021609934
ERR4375049	2	oral	0.30572614	0.5202492	0.02164323	0.10808977	0.04429169
ERR4375050	2	skeletal tissue	0.1664489	0.5537196	0.017016867	0.23546866	0.027345996
ERR4375132	2	oral	0.14679544	0.36087942	0.008479827	0.46119592	0.022649396
ERR4375133	2	oral	0.27927873	0.46894333	0.012548696	0.21515332	0.024075918
ERR4375134	2	skeletal tissue	0.29867843	0.45958045	0.027143225	0.17832029	0.03627761
ERR4375135	2	skeletal tissue	0.20739377	0.59957534	0.017772526	0.14288984	0.03236851
ERR4375136	2	skeletal tissue	0.2170629	0.5443899	0.026802065	0.17046528	0.041279867
ERR4375137	2	oral	0.22233874	0.5390277	0.009839225	0.20925595	0.01953843
ERR4375141	2	oral	0.27636746	0.36883366	0.010367252	0.32486415	0.019567475
ERR4375142	2	oral	0.24995306	0.47137344	0.022593845	0.23680758	0.019272083
ERR4375143	2	oral	0.23443489	0.5339775	0.005331167	0.20798945	0.018266996
ERR4375144	2	skeletal tissue	0.23708683	0.45265728	0.00793726	0.2621163	0.040202312
ERR4383828	2	skeletal tissue	0.22864068	0.4899604	0.0036046775	0.23199631	0.045797918
ERR4383829	2	skeletal tissue	0.24141154	0.46095768	0.011627069	0.25248718	0.03351653
ERR4384927	2	skeletal tissue	0.22278877	0.34967998	0.021055982	0.37919503	0.027280245
ERR4385800	2	skeletal tissue	0.29774493	0.44206306	0.031089032	0.19931732	0.029785674
ERR4385809	2	skeletal tissue	0.28173652	0.52757263	0.021856545	0.12859644	0.040237844
ERR4386464	2	oral	0.021794278	0.97218066	0.0012317762	0.0035728954	0.0012203992
ERR4386569	2	skeletal tissue	0.41323182	0.42750877	0.06947861	0.056896254	0.032884564
ERR4386594	2	soft tissue	0.31185988	0.4617986	0.012551521	0.166375	0.047415007
ERR4388102	2	soft tissue	0.26688522	0.45579472	0.012285127	0.24678455	0.018250372
ERR4388107	2	soft tissue	0.28877127	0.428293	0.011830061	0.25153905	0.019566622
ERR4388231	2	soft tissue	0.40326554	0.44432345	0.008354889	0.09451897	0.049537163
ERR4388236	2	soft tissue	0.4253077	0.4043295	0.016462896	0.094600104	0.05929982
ERR4391165	2	oral	0.060675386	0.92171204	0.008690218	0.0064289668	0.0024934001
ERR4391166	2	oral	0.04903607	0.9292177	0.009885647	0.004942972	0.006917635
ERR4408185	2	oral	0.24278878	0.5041828	0.008654234	0.2126601	0.031714093
ERR4408187	2	skeletal tissue	0.24142037	0.5256299	0.013641026	0.19670898	0.02259974
ERR4408188	2	oral	0.15659247	0.3325034	0.018300107	0.4644785	0.028125526
ERR4413529	2	oral	0.01841268	0.9744758	0.0012317762	0.0046654535	0.0012142614
ERR5729614	2	oral	0.0	0.99887466	0.0	0.0011253157	0.0
ERR5729615	2	oral	0.0010747232	0.99768186	0.0	0.0	0.0012434002
ERR5729616	2	oral	0.0005176088	0.9634759	0.0	0.036006488	0.0
ERR5729617	2	oral	0.0	1.0	0.0	0.0	0.0
ERR5729618	2	oral	0.008653866	0.9876318	0.0	0.0024709636	0.0012434002
ERR5729619	2	oral	0.010210408	0.9783381	0.0	0.0090362625	0.0024152312
ERR5729620	2	oral	0.0	0.9840203	0.0	0.01597971	0.0
ERR5729621	2	oral	0.010379494	0.9801826	0.0	0.0033126108	0.006125329
ERR5729622	2	oral	0.0	0.9975818	0.0	0.0011747995	0.0012434002
ERR5729623	2	oral	0.0	0.99887246	0.0	0.0011275609	0.0
ERR5729624	2	oral	0.0012137106	0.99535537	0.0	0.002180898	0.00125
ERR5729625	2	oral	0.0	0.9761234	0.0	0.023876615	0.0
ERR5729626	2	oral	0.0	0.9977843	0.0	0.0022156832	0.0
ERR5729627	2	oral	0.0011476608	0.9954514	0.0	0.0034009195	0.0
ERR5729628	2	oral	0.0	1.0	0.0	0.0	0.0
ERR5729629	2	oral	0.0	0.9954012	0.0	0.004598807	0.0
ERR5729630	2	oral	0.02564697	0.95966446	0.003680654	0.011007906	0.0
ERR5729631	2	oral	0.0009275871	0.9867816	0.0	0.012290796	0.0
ERR5729632	2	oral	0.0	0.9920122	0.0	0.007987803	0.0
ERR5729633	2	oral	0.0	0.9932995	0.0	0.0067005227	0.0
ERR5729634	2	oral	0.0	0.99098015	0.0	0.00901984	0.0
ERR5729635	2	oral	0.0560375	0.5665449	0.0011583944	0.33749214	0.038767047
ERR5729636	2	oral	0.0	0.99658316	0.0	0.003416852	0.0
ERR5729637	2	oral	0.0	1.0	0.0	0.0	0.0
ERR5729638	2	oral	0.0035136663	0.99178946	0.0	0.0046968837	0.0
ERR5729639	2	oral	0.0	0.9987566	0.0	0.0	0.0012434002
ERR5729640	2	oral	0.0	0.98754054	0.0	0.012459448	0.0
ERR5729641	2	oral	0.0	0.99330264	0.0	0.0066973697	0.0
ERR5729642	2	oral	0.0	0.9920595	0.0	0.007940442	0.0
ERR5729643	2	oral	0.0	0.98399657	0.0	0.016003443	0.0
ERR5729644	2	oral	0.0	0.9898126	0.0	0.01018741	0.0
ERR5729645	2	oral	0.0	0.988501	0.0	0.011498966	0.0
ERR5729646	2	oral	0.0	0.9841604	0.0	0.015839566	0.0
ERR5729647	2	oral	0.0012267081	0.9928803	0.0	0.0046495902	0.0012434002
ERR5729648	2	oral	0.0	0.9988724	0.0	0.0011276223	0.0
ERR5729649	2	oral	0.0029166988	0.9965099	0.0	0.0005733891	0.0
ERR5729650	2	oral	0.0	1.0	0.0	0.0	0.0
ERR5729651	2	oral	0.024360443	0.94767255	0.0	0.016904127	0.01106288
ERR5729652	2	oral	0.0034553257	0.97997785	0.0	0.01656682	0.0
ERR5729653	2	oral	0.0	0.9828503	0.0	0.017149694	0.0
ERR5729654	2	oral	0.0	1.0	0.0	0.0	0.0
ERR5729655	2	oral	0.0	1.0	0.0	0.0	0.0
ERR5729656	2	oral	0.0	0.9831524	0.0	0.016847594	0.0
ERR5729657	2	oral	0.0	0.9976575	0.0	0.0023425	0.0
SRR30066258	2	oral	0.0045766924	0.9919997	0.0	0.00342362	0.0
SRR30066259	2	oral	0.0023989093	0.99196297	0.0	0.0043881466	0.00125
SRR30066260	2	oral	0.0012285083	0.98845756	0.0	0.009070538	0.0012434002
SRR30066261	2	oral	0.0112507865	0.98115724	0.0	0.0063750725	0.001216922
SRR30066262	2	oral	0.001230239	0.9921546	0.0	0.006615187	0.0
SRR30066263	2	oral	0.02980245	0.92127466	0.034731988	0.011706598	0.0024843207
SRR30066264	2	oral	0.006004678	0.9823478	0.0	0.01039752	0.00125
SRR30066265	2	oral	0.07440506	0.7928438	0.0	0.08299264	0.049758468
SRR30066269	2	oral	0.0011091549	0.99433255	0.0	0.0045583034	0.0
SRR30066270	2	oral	0.009829729	0.98528564	0.0	0.0048846514	0.0
SRR30066271	2	oral	0.0	0.9943564	0.0	0.005643604	0.0
SRR30066272	2	oral	0.0	0.986425	0.0	0.013575016	0.0
SRR6877282	2	oral	0.0010094794	0.96611327	0.0	0.032877255	0.0
SRR6877283	2	skeletal tissue	0.10789138	0.7142534	0.0	0.15218656	0.025668638
SRR6877284	2	oral	0.0	0.9885051	0.0	0.011494888	0.0
SRR6877285	2	skeletal tissue	0.19746037	0.56790984	0.040555615	0.16493754	0.029136647
SRR6877286	2	oral	0.0	0.97607356	0.0	0.023926418	0.0
SRR6877287	2	skeletal tissue	0.051741425	0.6139043	0.0	0.2950609	0.03929334
SRR6877288	2	oral	0.0	0.9988354	0.0	0.001164622	0.0
SRR6877289	2	skeletal tissue	0.15082763	0.67321926	0.0	0.1207467	0.05520638
SRR6877290	2	oral	0.0	0.9988256	0.0	0.0011744186	0.0
SRR6877291	2	skeletal tissue	0.004815265	0.9808012	0.0	0.014383503	0.0
SRR6877292	2	oral	0.0	0.9862299	0.0	0.013770127	0.0
SRR6877293	2	skeletal tissue	0.006765504	0.37696332	0.0	0.6150242	0.0012469536
SRR6877294	2	oral	0.0	0.97039795	0.0	0.028358627	0.001243428
SRR6877295	2	skeletal tissue	0.0437373	0.48576152	0.007668988	0.45326552	0.009566676
SRR6877296	2	oral	0.0	1.0	0.0	0.0	0.0
SRR6877297	2	skeletal tissue	0.017131403	0.46547973	0.0	0.5112326	0.006156269
SRR6877298	2	skeletal tissue	0.12769839	0.74260104	0.0045045232	0.088707566	0.036488492
SRR6877299	2	skeletal tissue	0.051655397	0.8494723	0.0	0.0842263	0.014645988
SRR6877300	2	oral	0.0	0.9897489	0.0	0.010251124	0.0
SRR6877301	2	skeletal tissue	0.046856537	0.8853277	0.0	0.04950509	0.01831068
SRR6877302	2	skeletal tissue	0.0099793235	0.4420026	0.0	0.54678136	0.0012367398
SRR6877303	2	oral	0.0	0.99648213	0.0	0.0035178643	0.0
SRR6877304	2	oral	0.0	0.99876255	0.0	0.0012374528	0.0
SRR6877305	2	oral	0.0	1.0	0.0	0.0	0.0
SRR6877306	2	skeletal tissue	0.11574549	0.6571171	0.0	0.17620689	0.050930496
SRR6877307	2	skeletal tissue	0.047798213	0.23491007	0.0041046706	0.7107393	0.0024477232
SRR6877308	2	oral	0.0010825688	0.97835785	0.0	0.020559551	0.0
SRR6877309	2	skeletal tissue	0.014737268	0.41240647	0.0	0.569219	0.0036372899
SRR6877310	2	oral	0.0	0.9820333	0.0	0.017966686	0.0
SRR6877311	2	skeletal tissue	0.0	0.996615	0.0	0.0033850246	0.0
SRR6877312	2	oral	0.0	0.9630138	0.0	0.036986172	0.0
SRR6877313	2	oral	0.0	0.96958184	0.0	0.030418182	0.0
SRR6877314	2	skeletal tissue	0.0	0.99881065	0.0	0.0011893592	0.0
SRR6877315	2	skeletal tissue	0.0029321068	0.31028646	0.0	0.6845186	0.0022628382
SRR6877316	2	oral	0.0	0.99102867	0.0	0.008971317	0.0
SRR6877317	2	skeletal tissue	0.033721365	0.52007484	0.0	0.42853788	0.01766593
SRR6877318	2	oral	0.0	0.98288065	0.0	0.017119324	0.0
SRR6877319	2	skeletal tissue	0.08459798	0.48176494	0.005982452	0.4180035	0.009651141
SRR6877320	2	oral	0.0	0.9874395	0.0	0.012560495	0.0
SRR6877321	2	skeletal tissue	0.017089935	0.5707783	0.00026092865	0.4082583	0.00361251
SRR6877322	2	oral	0.0	0.95456755	0.0	0.04543243	0.0
SRR6877323	2	oral	0.0	1.0	0.0	0.0	0.0
SRR6877324	2	oral	0.0	0.9635787	0.0	0.03642129	0.0
SRR6877325	2	skeletal tissue	0.06746762	0.69154173	0.0	0.21711743	0.023873197
SRR6877326	2	oral	0.0	0.9910131	0.0	0.0089869145	0.0
SRR6877327	2	skeletal tissue	0.13839214	0.6091807	0.0	0.2029213	0.049505886
SRR6877328	2	oral	0.0	0.98511684	0.0	0.014883143	0.0
SRR6877329	2	skeletal tissue	0.037215613	0.5898456	0.0	0.3597213	0.01321748
SRR6877330	2	oral	0.0	0.98399967	0.0	0.016000345	0.0
SRR6877331	2	skeletal tissue	0.083774894	0.79231745	0.0	0.11541255	0.008495111
SRR6877332	2	oral	0.0	0.997799	0.0	0.0022009958	0.0
SRR6877333	2	skeletal tissue	0.045110006	0.24399881	0.00739864	0.6916491	0.011843445
SRR6877334	2	oral	0.0	0.9966562	0.0	0.0033438115	0.0
SRR6877335	2	skeletal tissue	0.029736152	0.6741066	0.0	0.29005668	0.0061005875
SRR6877336	2	oral	0.0	0.99888283	0.0	0.0011171876	0.0
SRR6877337	2	skeletal tissue	0.05973595	0.35389414	0.0049122847	0.5655525	0.01590518
SRR6877338	2	oral	0.0	0.970378	0.0	0.029622039	0.0
SRR6877339	2	oral	0.002292113	0.98531646	0.0	0.012391455	0.0
SRR6877340	2	oral	0.0	0.97777236	0.0	0.022227665	0.0
SRR6877341	2	skeletal tissue	0.086674266	0.74573374	0.011160023	0.11863876	0.037793186
SRR6877342	2	oral	0.0	0.9830529	0.0	0.016947115	0.0
SRR6877343	2	skeletal tissue	0.021118559	0.9513512	0.0	0.02430153	0.0032286886
SRR6877344	2	oral	0.0	0.9965797	0.0	0.0034202642	0.0
SRR6877345	2	skeletal tissue	0.011841571	0.6336964	0.0013459974	0.34824836	0.004867694
SRR6877346	2	oral	0.0	0.9886155	0.0	0.010141081	0.0012434002
SRR6877347	2	skeletal tissue	0.04039568	0.887019	0.0	0.04616719	0.026418164
SRR6877348	2	oral	0.0	0.9965179	0.0	0.0022566163	0.0012254902
SRR6877349	2	skeletal tissue	0.006582236	0.34177917	0.0	0.64800924	0.0036293792
SRR6877350	2	oral	0.0	0.9876189	0.0	0.012381097	0.0
SRR6877351	2	skeletal tissue	0.025495218	0.39979213	0.0013158245	0.5554507	0.017946154
SRR6877352	2	oral	0.0	1.0	0.0	0.0	0.0
SRR6877353	2	skeletal tissue	0.05939497	0.66233253	0.0	0.22310026	0.055172227
SRR6877354	2	oral	0.0	1.0	0.0	0.0	0.0
SRR6877355	2	skeletal tissue	0.03796111	0.38831818	0.0015623134	0.5600188	0.012139643
SRR6877356	2	oral	0.0	0.9977624	0.0	0.0022375975	0.0
SRR6877357	2	skeletal tissue	0.0383758	0.35681677	0.00457499	0.58143437	0.01879808
SRR6877358	2	oral	0.0	0.982891	0.0	0.017108949	0.0
SRR6877359	2	skeletal tissue	0.030585563	0.7433902	0.0	0.20683642	0.019187838
SRR6877360	2	skeletal tissue	0.011861561	0.43961158	0.0	0.5398317	0.008695146
SRR6877361	2	oral	0.0	0.98182595	0.0	0.018174041	0.0
SRR6877362	2	skeletal tissue	0.028454185	0.46523142	0.0	0.5063144	0.0
SRR6877363	2	oral	0.0	0.9908528	0.0	0.009147235	0.0
SRR6877364	2	skeletal tissue	0.02889394	0.592918	0.0	0.3720467	0.006141366
SRR6877365	2	oral	0.0	1.0	0.0	0.0	0.0
SRR6877366	2	skeletal tissue	0.021074487	0.9610291	0.0	0.011962838	0.0059335483
SRR6877367	2	oral	0.0011549613	0.96561426	0.0	0.033230755	0.0
SRR6877368	2	skeletal tissue	0.008297867	0.6995018	0.00035253604	0.28699043	0.004857355
SRR6877369	2	oral	0.0024903687	0.99629015	0.0012195122	0.0	0.0
SRR6877370	2	oral	0.0010576923	0.97241145	0.0	0.026530856	0.0
SRR6877371	2	skeletal tissue	0.052132223	0.34272054	0.00366145	0.59368396	0.0078018596
SRR6877372	2	oral	0.0	0.9988908	0.0	0.001109199	0.0
SRR6877373	2	skeletal tissue	0.004291325	0.40599462	0.0	0.58971405	0.0
SRR6877374	2	oral	0.0	0.99197525	0.0	0.00802476	0.0
SRR6877375	2	skeletal tissue	0.0013279269	0.4092007	0.0	0.5894714	0.0
SRR6877376	2	oral	0.0021971858	0.9409586	0.0	0.056844193	0.0
SRR6877377	2	skeletal tissue	0.043791126	0.6060319	0.0004123851	0.27589524	0.07386936
SRR6877378	2	oral	0.006863501	0.98382604	0.0	0.004377876	0.004932552
SRR6877379	2	skeletal tissue	0.04331968	0.32705206	0.014107536	0.5903241	0.025196644
SRR6877380	2	skeletal tissue	0.13630322	0.6436899	0.0012464488	0.17544237	0.043318123
SRR6877381	2	skeletal tissue	0.058667727	0.20359851	0.009471942	0.727262	0.0009997681
SRR6877382	2	oral	0.0	0.9988384	0.0	0.0	0.0011615914
SRR6877383	2	skeletal tissue	0.017943382	0.5497363	0.0	0.43108356	0.0012367398
SRR6877384	2	oral	0.0014979251	0.9876272	0.0	0.010874856	0.0
SRR6877385	2	skeletal tissue	0.08472002	0.74888194	0.0	0.14385933	0.022538694
SRR6877386	2	oral	0.00094822963	0.9651453	0.0	0.033906505	0.0
SRR6877387	2	skeletal tissue	0.025961107	0.45209092	0.001097864	0.5077891	0.013061029
SRR6877388	2	oral	0.0021506445	0.99784935	0.0	0.0	0.0
SRR6877389	2	skeletal tissue	0.06562055	0.82822514	0.0	0.067126565	0.039027747
SRR6877390	2	oral	0.0	1.0	0.0	0.0	0.0
SRR6877391	2	skeletal tissue	0.06540975	0.6172961	0.00011695068	0.23889025	0.078286976
SRR6877392	2	oral	0.0	0.98860085	0.0	0.011399151	0.0
SRR6877393	2	oral	0.0	0.9626995	0.0	0.037300505	0.0
SRR6877394	2	skeletal tissue	0.022133589	0.47612467	0.0	0.49684238	0.0048993477
SRR6877395	2	oral	0.0	1.0	0.0	0.0	0.0
SRR6877396	2	skeletal tissue	0.05393015	0.44515392	0.0	0.50091594	0.0
SRR6877397	2	oral	0.0	0.99770075	0.0	0.002299238	0.0
SRR6877398	2	skeletal tissue	0.063009284	0.85782665	0.0024590883	0.057211753	0.019493204
SRR6877399	2	oral	0.00125	0.9736329	0.0	0.024210636	0.00090649736
SRR6877400	2	skeletal tissue	0.020246709	0.45258355	0.0	0.5259956	0.0011741403
SRR6877401	2	oral	0.0	1.0	0.0	0.0	0.0
SRR6877402	2	skeletal tissue	0.05593222	0.86024445	0.0	0.06561367	0.018209673
SRR6877403	2	oral	0.0	0.9795377	0.0	0.0204623	0.0
ERR11413657	3	oral	0.09775863	0.43415946	0.027003163	0.3406309	0.10044787
ERR11413658	3	oral	0.056887027	0.8595278	0.0024545784	0.05733915	0.023791442
ERR11413659	3	oral	0.008289119	0.98026156	0.0	0.011449303	0.0
ERR11413660	3	oral	0.008174613	0.977186	0.0	0.014639347	0.0
ERR11413661	3	oral	0.0070937783	0.97545284	0.0	0.01745337	0.0
ERR11413662	3	oral	0.021738844	0.9533902	0.0012045784	0.020210546	0.0034558226
ERR11413663	3	oral	0.0069984146	0.9787392	0.0009584981	0.009708442	0.0035954379
ERR11413664	3	oral	0.07231691	0.4928691	0.007522294	0.30569142	0.12160025
ERR11413665	3	oral	0.004762387	0.9706943	0.0	0.023314923	0.0012283706
ERR11413666	3	oral	0.0046942756	0.9800536	0.0	0.015252094	0.0
ERR11413667	3	oral	0.0071883025	0.9535621	0.0	0.039249618	0.0
ERR11413668	3	oral	0.00706288	0.9618922	0.0	0.03104493	0.0
ERR11413669	3	oral	0.00853166	0.9708055	0.0	0.019430835	0.0012319939
ERR11413670	3	oral	0.08560652	0.8233603	0.0020472077	0.051143333	0.037842624
ERR11413671	3	oral	0.034814168	0.90548724	0.0	0.051925726	0.0077728834
ERR11413672	3	oral	0.0058585815	0.9796091	0.0	0.014532319	0.0
ERR11413673	3	oral	0.0012099964	0.9691373	0.0	0.029652674	0.0
ERR11413674	3	oral	0.003479044	0.9789899	0.0	0.016355872	0.0011751604
ERR11413675	3	oral	0.0	0.9753433	0.0	0.024656713	0.0
ERR11413676	3	oral	0.0010303739	0.97811097	0.0	0.020858627	0.0
ERR11413677	3	oral	0.0023778158	0.979073	0.0	0.018549193	0.0
ERR11413678	3	oral	0.06993454	0.44911405	0.02065871	0.37739617	0.08289651
ERR11413679	3	oral	0.0031558655	0.9830684	0.0	0.013775708	0.0
ERR11413680	3	oral	0.003966694	0.988487	0.0	0.0063213813	0.0012249444
ERR11413681	3	oral	0.004019923	0.98237395	0.0	0.013606102	0.0
ERR11413682	3	oral	0.006533961	0.9725698	0.0	0.019661482	0.0012347449
ERR11413683	3	oral	0.0025	0.9835286	0.0	0.010767805	0.0032035757
ERR11413684	3	oral	0.10810355	0.53066784	0.019165626	0.2560898	0.08597316
ERR11413685	3	oral	0.0023458223	0.98507804	0.0	0.012576169	0.0
ERR11413686	3	oral	0.0011540438	0.9883107	0.0	0.010535289	0.0
ERR11413687	3	oral	0.0	1.0	0.0	0.0	0.0
ERR11413688	3	oral	0.013901296	0.9434639	0.0021511293	0.028920615	0.011563026
ERR11413689	3	oral	0.0	0.99371535	0.0	0.0062846364	0.0
ERR11413690	3	oral	0.021751272	0.9298801	0.0010273686	0.03875869	0.008582595
ERR11413691	3	oral	0.0059287497	0.96376765	0.0	0.026630258	0.0036733362
ERR11413692	3	oral	0.0023237364	0.99556917	0.0	0.0021070905	0.0
ERR11413693	3	oral	0.009405454	0.9596579	0.0	0.028740814	0.0021958365
ERR11413694	3	oral	0.0011765227	0.9932236	0.0	0.005599893	0.0
ERR11413695	3	oral	0.0012229264	0.99264777	0.0	0.006129287	0.0
ERR11413696	3	oral	0.02315396	0.9421341	0.0	0.024279468	0.0104324855
ERR11413697	3	oral	0.052564602	0.78502715	0.0064900937	0.09459469	0.061323486
ERR11413698	3	oral	0.13392304	0.44828704	0.015620567	0.26381856	0.1383508
ERR11413699	3	oral	0.025022157	0.9159214	0.0	0.036028404	0.023028068
ERR11413700	3	oral	0.17854016	0.501263	0.007503445	0.22906613	0.083627254
ERR11413701	3	oral	0.17128316	0.36094812	0.0200509	0.3718719	0.07584594
ERR11413702	3	oral	0.15588832	0.38900208	0.026825737	0.32336488	0.10491897
ERR11413703	3	oral	0.17354459	0.49334237	0.013295635	0.23695056	0.082866855
ERR11413704	3	oral	0.001223772	0.990882	0.0	0.007894219	0.0
ERR11413705	3	oral	0.13392062	0.56431675	0.02174851	0.20194398	0.078070164
ERR11413706	3	oral	0.004636922	0.9876999	0.0	0.007663124	0.0
ERR11413707	3	oral	0.12895602	0.59441274	0.011809476	0.1734658	0.09135598
ERR11413708	3	oral	0.15677291	0.49976775	0.01528293	0.26899078	0.059185624
ERR11413709	3	oral	0.1794576	0.39434823	0.02108721	0.3237981	0.081308864
ERR11413710	3	oral	0.0023672716	0.9604964	0.0	0.035919983	0.0012163402
ERR11413711	3	oral	0.04440249	0.84065974	0.0018547288	0.07076105	0.042321973
ERR11413712	3	oral	0.00125	0.9873818	0.0	0.011368174	0.0
ERR11413713	3	oral	0.0012205936	0.97999644	0.0	0.018782975	0.0
ERR11413714	3	oral	0.0011272697	0.9824831	0.0	0.016389664	0.0
ERR11413715	3	oral	0.0011141305	0.9906428	0.0	0.008243055	0.0
ERR11413716	3	oral	0.0049267984	0.9465444	0.0012324667	0.046107974	0.0011883369
ERR11413717	3	oral	0.0036567403	0.9881777	0.0	0.008165556	0.0
ERR11413718	3	oral	0.005273351	0.9827606	0.0	0.011966038	0.0
ERR11413719	3	oral	0.0012276678	0.98361677	0.0	0.015155577	0.0
ERR11413720	3	oral	0.0036200422	0.9866182	0.0	0.00858664	0.001175107
ERR11413721	3	oral	0.0049774414	0.95087427	0.0	0.042906728	0.0012415478
ERR11413722	3	oral	0.005847773	0.9843853	0.0	0.009766912	0.0
ERR11413723	3	oral	0.0022445412	0.9828725	0.0	0.01488296	0.0
ERR11413724	3	oral	0.0	0.9587738	0.0	0.040403757	0.0008224399
ERR11413725	3	oral	0.003712009	0.9645861	0.0	0.031701908	0.0
ERR11413726	3	oral	0.05512845	0.82644016	0.008640477	0.07315865	0.036632255
ERR11413727	3	oral	0.020748993	0.9542974	0.0	0.020083247	0.0048703174
ERR11413728	3	oral	0.0011172715	0.9943773	0.0	0.003330241	0.0011751604
ERR11413729	3	oral	0.010046096	0.9787132	0.00069771113	0.010542989	0.0
ERR11413731	3	oral	0.009266482	0.95284635	0.0	0.03788715	0.0
ERR11413732	3	oral	0.0	0.9917123	0.0	0.008287713	0.0
ERR11413733	3	oral	0.006903133	0.9563488	0.0	0.0367481	0.0
ERR11413734	3	oral	0.005853765	0.94413126	0.0	0.04879866	0.0012163402
ERR11413735	3	oral	0.0048994464	0.9603498	0.0	0.033534434	0.0012163402
ERR11413736	3	oral	0.0996861	0.4588734	0.015969768	0.28696364	0.1385071
ERR11413737	3	oral	0.015822465	0.9609273	0.0	0.022116693	0.0011335616
ERR11413738	3	oral	0.09040981	0.3705993	0.14566725	0.27186486	0.1214588
ERR11413739	3	oral	0.03663835	0.8677752	0.0022964915	0.06136116	0.031928774
ERR11413740	3	oral	0.13046356	0.4120239	0.013223721	0.25722012	0.1870687
ERR11413741	3	oral	0.07362627	0.7291086	0.004251916	0.13257103	0.06044219
ERR11413742	3	oral	0.08998817	0.43915564	0.009690803	0.35285532	0.10831007
ERR11413743	3	oral	0.08702734	0.45921567	0.01147679	0.3336214	0.10865878
ERR11413744	3	oral	0.07292639	0.5065771	0.0019323914	0.33714166	0.08142249
ERR11413745	3	oral	0.01705352	0.94598156	0.0	0.026202865	0.010762044
ERR11413746	3	oral	0.07042347	0.47139505	0.030137526	0.22680317	0.2012408
ERR11413747	3	oral	0.062311184	0.79801494	0.00925536	0.06220956	0.068208955
ERR11413748	3	oral	0.09180416	0.41693178	0.022900082	0.27486902	0.19349493
ERR11413749	3	oral	0.08317733	0.5136335	0.016964167	0.19060992	0.19561507
ERR11413750	3	oral	0.096298665	0.45459098	0.023126246	0.2621912	0.1637929
ERR11413751	3	oral	0.050619777	0.8496996	0.0023734497	0.048618797	0.04868837
ERR11413752	3	oral	0.0	0.9723835	0.0	0.027616512	0.0
ERR11413753	3	oral	0.0011193029	0.98241156	0.0	0.016469138	0.0
ERR11413754	3	oral	0.039287295	0.8573717	0.0011913033	0.07899952	0.023150202
ERR11413755	3	oral	0.024085956	0.91217726	0.0	0.05334632	0.010390432
ERR11413756	3	oral	0.021619145	0.93965673	0.0011930173	0.028352255	0.009178821
ERR11413757	3	oral	0.0074532786	0.97764665	0.0	0.012436187	0.0024638989
ERR11413758	3	oral	0.023035713	0.94279784	0.0	0.029497707	0.0046687573
ERR11413759	3	oral	0.0030334485	0.98350304	0.0	0.012240464	0.0012230603
ERR11656729	3	skeletal tissue	0.021590091	0.5023032	0.00282632	0.45398167	0.019298727
ERR11656730	3	skeletal tissue	0.09524473	0.40467817	0.00364612	0.46907285	0.027358139
ERR11656731	3	skeletal tissue	0.09566876	0.35540685	0.0067466446	0.5109894	0.03118829
ERR11656732	3	skeletal tissue	0.021915548	0.46014225	0.005712058	0.4893684	0.022861727
ERR11656733	3	skeletal tissue	0.084169686	0.3239011	0.006288197	0.56851614	0.017124904
ERR11656734	3	skeletal tissue	0.09100463	0.3577429	0.005764332	0.5142568	0.031231351
ERR11656735	3	skeletal tissue	0.06431811	0.3898481	0.0051209703	0.51555043	0.025162347
ERR11656736	3	skeletal tissue	0.085154675	0.34787422	0.008558866	0.5325245	0.025887726
ERR11656737	3	skeletal tissue	0.14675571	0.29455096	0.05877023	0.47547844	0.024444673
ERR11656738	3	skeletal tissue	0.08403485	0.33717042	0.008985751	0.53941536	0.030393645
ERR11656739	3	skeletal tissue	0.10777309	0.38569033	0.011753832	0.45928678	0.035495944
ERR11656740	3	skeletal tissue	0.10144058	0.37386966	0.0076652206	0.49397594	0.023048606
ERR11656741	3	skeletal tissue	0.09072568	0.36264926	0.007554585	0.5190253	0.020045118
ERR11656742	3	skeletal tissue	0.16071261	0.35207972	0.015100163	0.45436504	0.017742464
ERR11656743	3	skeletal tissue	0.10979859	0.31455985	0.010908571	0.54130983	0.023423182
ERR11656744	3	skeletal tissue	0.0854251	0.3791405	0.005921759	0.5144648	0.015047841
ERR11656745	3	skeletal tissue	0.12575844	0.33931133	0.010558712	0.49141273	0.03295879
ERR11656746	3	skeletal tissue	0.10446837	0.34213367	0.011417941	0.5256387	0.016341304
ERR11656747	3	skeletal tissue	0.10871252	0.3366459	0.011084167	0.52129626	0.022261139
ERR11656748	3	skeletal tissue	0.14338735	0.3406812	0.011338872	0.48685136	0.017741224
ERR4172756	3	oral	0.06366468	0.88226086	0.0062528057	0.029506203	0.018315423
ERR4172758	3	oral	0.05690099	0.89612657	0.004728276	0.029700588	0.012543597
ERR4172761	3	oral	0.0267607	0.94696784	0.0	0.017878821	0.008392669
ERR4172763	3	oral	0.1834643	0.63652474	0.013929231	0.111381486	0.054700267
ERR4172766	3	oral	0.037711583	0.93608207	0.0022651637	0.015511776	0.008429409
ERR4172783	3	oral	0.045952793	0.9242046	0.0061681117	0.018786123	0.004888365
ERR4172788	3	oral	0.063796476	0.90956146	0.007064977	0.013723438	0.0058536544
ERR4172789	3	oral	0.043257747	0.73476297	0.009706328	0.15904105	0.053231902
ERR4172797	3	oral	0.03917526	0.7439658	0.012537574	0.1630365	0.041284848
ERR4172799	3	oral	0.038118	0.83869505	0.0022941504	0.09342144	0.027471377
ERR4172800	3	oral	0.037916165	0.8188036	0.0032620106	0.1077099	0.03230833
ERR4172802	3	oral	0.044133723	0.7452496	0.0057722176	0.15325296	0.051591456
ERR4172804	3	oral	0.058937196	0.7345347	0.0036701595	0.15225422	0.05060374
ERR4172806	3	oral	0.04373201	0.834739	0.005625379	0.08345759	0.032445986
ERR4172808	3	oral	0.034383256	0.8554935	0.0034336476	0.069798134	0.03689148
ERR4172809	3	oral	0.049517777	0.7596761	0.0056840586	0.13928959	0.045832496
ERR4172811	3	oral	0.03837406	0.7626662	0.007471871	0.1295958	0.06189207
ERR4172813	3	oral	0.030896677	0.868629	0.0035201216	0.06774627	0.02920795
ERR4172814	3	oral	0.0382276	0.8713137	0.006933639	0.062473077	0.021051984
ERR4172817	3	oral	0.08887865	0.6633532	0.03282728	0.13757099	0.07736991
ERR4172819	3	oral	0.09741807	0.6530441	0.032301895	0.13298362	0.08425228
ERR4172823	3	oral	0.10851721	0.72790724	0.024484232	0.08708241	0.05200889
ERR4172827	3	oral	0.10594954	0.72027665	0.027269999	0.09455071	0.051953092
ERR4172829	3	oral	0.118368335	0.72712857	0.005408111	0.09052874	0.058566246
ERR4172830	3	oral	0.11257011	0.71885794	0.0054926933	0.102970466	0.060108766
ERR4172832	3	oral	0.16243042	0.73524004	0.0028051625	0.044259343	0.055265035
ERR4172834	3	oral	0.15660541	0.7381221	0.005835015	0.057721455	0.041715994
ERR4172835	3	oral	0.15313813	0.23309015	0.3003158	0.29034573	0.02311019
ERR4172836	3	oral	0.13537447	0.24818794	0.3770592	0.22056063	0.01881778
ERR4172838	3	oral	0.11819265	0.20268096	0.49364462	0.16742231	0.01805948
ERR4172839	3	oral	0.118429214	0.20308524	0.49621132	0.16186261	0.020411626
ERR4172841	3	oral	0.15154013	0.618236	0.011355783	0.10436197	0.11450609
ERR4172843	3	oral	0.13430077	0.61624825	0.019707128	0.11723204	0.11251179
ERR4172850	3	oral	0.16008382	0.6641402	0.0044199172	0.081708856	0.0896472
ERR4172854	3	oral	0.1698736	0.6568959	0.01028529	0.078614436	0.08433082
ERR4172855	3	oral	0.0808236	0.63437665	0.21190087	0.054054543	0.018844333
ERR4172857	3	oral	0.07829397	0.6037872	0.22633548	0.07054158	0.02104179
ERR4172860	3	oral	0.09077141	0.6393817	0.19514042	0.054171536	0.020534908
ERR4172872	3	oral	0.08472094	0.6564088	0.18568699	0.058767255	0.014416045
ERR4172883	3	skeletal tissue	0.087518446	0.43818745	0.014581809	0.16155241	0.2981599
ERR4172889	3	skeletal tissue	0.10308491	0.42829457	0.012842312	0.15004227	0.30573595
ERR4172953	3	skeletal tissue	0.108061925	0.43240082	0.015113844	0.12636742	0.318056
ERR4172977	3	skeletal tissue	0.106640436	0.41299632	0.012831788	0.127999	0.33953246
ERR4172978	3	oral	0.07741682	0.7727001	0.0030223134	0.08177137	0.065089434
ERR4172979	3	oral	0.09475829	0.76482224	0.0025180746	0.06511563	0.072785765
ERR4172981	3	oral	0.088380314	0.79202694	0.0027473895	0.036067642	0.080777735
ERR4172982	3	oral	0.07653465	0.80427444	0.0023665505	0.036546506	0.08027783
ERR4172991	3	oral	0.04253648	0.92646664	0.0	0.011074129	0.019922772
ERR4173008	3	oral	0.055400815	0.91754967	0.0	0.015601188	0.011448324
ERR4173033	3	oral	0.03672547	0.95402515	0.0	0.0057091643	0.003540233
ERR4173039	3	oral	0.071967915	0.8270134	0.00011468774	0.050618105	0.050285924
ERR4173041	3	oral	0.06352827	0.79536456	0.004232811	0.06988305	0.066991314
ERR4173043	3	oral	0.05420295	0.85317135	0.0017283163	0.050738495	0.04015887
ERR4173045	3	oral	0.047077972	0.84981793	0.002579258	0.05727894	0.043245926
ERR4173049	3	oral	0.07715542	0.72097576	0.01161445	0.08797581	0.10227857
ERR4173051	3	oral	0.08750372	0.718776	0.0067402	0.09682814	0.09015195
ERR4173057	3	oral	0.06725473	0.7236089	0.017993923	0.09576624	0.09537619
ERR4173060	3	oral	0.06928176	0.72493213	0.016111683	0.081624866	0.10804958
ERR4173061	3	oral	0.087747216	0.7869676	0.002601206	0.059848744	0.06283525
ERR4173063	3	oral	0.09565851	0.78179526	0.0020111501	0.059130814	0.061404247
ERR4173066	3	oral	0.066081725	0.8667184	0.00044046465	0.0330444	0.033714972
ERR4173068	3	oral	0.07823374	0.83990407	0.0011240576	0.0423818	0.038356338
ERR4173070	3	oral	0.2510604	0.5954291	0.0032957336	0.08739047	0.06282426
ERR4173072	3	oral	0.26444098	0.59853375	0.003329423	0.0836746	0.050021257
ERR4173073	3	oral	0.2659097	0.6033182	0.0025330505	0.07584243	0.05239659
ERR4173075	3	oral	0.2633182	0.5952797	0.003412877	0.07865911	0.059330128
ERR4173082	3	oral	0.048802964	0.9208005	0.0072790636	0.017144272	0.00597319
ERR9612721	3	oral	0.008054643	0.9486294	0.0	0.042622834	0.00069312524
ERR9612722	3	oral	0.00351564	0.9470543	0.0	0.04741255	0.0020174761
ERR9612723	3	oral	0.004555673	0.9914505	0.0	0.0039938153	0.0
ERR9612724	3	oral	0.0022348915	0.9837947	0.0	0.0139704365	0.0
ERR9612725	3	oral	0.0033744853	0.9751744	0.0	0.021451106	0.0
ERR9612726	3	oral	0.006741986	0.969809	0.0	0.020263761	0.0031852531
ERR9612727	3	oral	0.0047800024	0.97223085	0.0	0.021772789	0.0012163402
ERR9612728	3	oral	0.004624351	0.9704219	0.0	0.023794718	0.0011590365
ERR9612729	3	oral	0.0024276557	0.9707739	0.0	0.02555692	0.0012415478
ERR9612730	3	oral	0.006363562	0.95861894	0.0011322342	0.03388529	0.0
ERR9612731	3	oral	0.0072427685	0.95424247	0.0	0.034945086	0.0035696698
ERR9612732	3	oral	0.007940865	0.95309865	0.0	0.038960468	0.0
ERR9612733	3	oral	0.009787888	0.9336507	0.0	0.051541403	0.00502001
ERR9612734	3	oral	0.0072096777	0.9304638	0.0	0.060398933	0.0019276018
ERR9612735	3	oral	0.0022169438	0.97290546	0.0	0.023702467	0.0011751604
ERR9612736	3	oral	0.0	0.9818196	0.0	0.016999975	0.0011804106
ERR9612737	3	oral	0.0	0.9925003	0.0	0.0074997204	0.0
ERR9612738	3	oral	0.005857139	0.96667665	0.0	0.027466236	0.0
ERR9612739	3	oral	0.0011172715	0.9867943	0.0	0.012088461	0.0
ERR9612740	3	oral	0.005798657	0.9546771	0.0	0.039524242	0.0
ERR9612741	3	oral	0.032264218	0.7562431	0.0017125852	0.19503763	0.014742431
ERR9612742	3	oral	0.0045972676	0.96156174	0.0	0.033841003	0.0
ERR9612743	3	oral	0.0011606218	0.9679707	0.0	0.03086864	0.0
ERR9612744	3	oral	0.0057264343	0.9384752	0.0	0.055798378	0.0
ERR9612745	3	oral	0.009219867	0.93911755	0.0	0.050434258	0.0012283291
ERR9612746	3	oral	0.0035061883	0.971642	0.0	0.024851773	0.0
ERR9612747	3	oral	0.0033986853	0.9553592	0.0	0.041242067	0.0
ERR9612748	3	oral	0.0047048335	0.95398825	0.0	0.041306924	0.0
ERR9612749	3	oral	0.016979057	0.9508951	0.0	0.027472207	0.0046536704
ERR9612750	3	oral	0.02374338	0.9447285	0.0	0.028053697	0.0034744262
ERR9612751	3	oral	0.018053293	0.9275496	0.0	0.053216714	0.0011804106
ERR9612752	3	oral	0.018048057	0.9290839	0.0	0.04972595	0.0031421
ERR9612753	3	oral	0.011253913	0.9596171	0.0	0.027912652	0.0012163402
ERR9612754	3	oral	0.016527522	0.9509873	0.0	0.031424046	0.0010611407
ERR9612755	3	oral	0.0048285755	0.9593176	0.0	0.034673177	0.0011806056
ERR9612756	3	oral	0.010877899	0.94445795	0.0	0.0438704	0.0007937525
ERR9612757	3	oral	0.03759591	0.8973088	0.0010565382	0.054995548	0.0090431785
ERR9612758	3	oral	0.035246573	0.91639197	0.0034805243	0.037730023	0.0071508843
ERR9612759	3	oral	0.010162219	0.95752466	0.0	0.030346606	0.0019665053
ERR9612760	3	oral	0.012708456	0.9516016	0.0	0.030930635	0.0047592795
ERR9612761	3	oral	0.016589116	0.9481103	0.0012045784	0.030855916	0.0032401055
ERR9612762	3	oral	0.01514937	0.9582172	0.0	0.026633427	0.0
ERR9612763	3	oral	0.010568919	0.95347244	0.0	0.034742318	0.0012163402
ERR9612764	3	oral	0.005824966	0.977074	0.0	0.017100977	0.0
ERR9612765	3	oral	0.025233973	0.91438884	0.0	0.055578858	0.0047983145
ERR9612766	3	oral	0.04238539	0.9134646	0.0011844437	0.034185085	0.008780493
ERR9612767	3	oral	0.005948523	0.969856	0.0	0.022990424	0.0012050036
ERR9612768	3	oral	0.0032891333	0.9720908	0.0	0.023492444	0.0011276223
ERR9612769	3	oral	0.0023606585	0.97086984	0.0	0.024295006	0.0024744899
ERR9612770	3	oral	0.0035460084	0.98115045	0.0011892857	0.0128979385	0.0012163402
ERR9612771	3	oral	0.027186334	0.9317964	0.0	0.036643308	0.0043739835
ERR9612772	3	oral	0.024992395	0.93293095	0.0012045784	0.03680799	0.0040641157
ERR9612773	3	oral	0.0079494305	0.967401	0.0	0.023435622	0.0012138989
ERR9612774	3	oral	0.0045090197	0.9732187	0.0	0.018783202	0.0034890804
ERR9612775	3	oral	0.015476725	0.94667906	0.0	0.034239974	0.003604267
ERR9612776	3	oral	0.01988353	0.94294214	0.0011756374	0.03478333	0.001215379
ERR9612777	3	oral	0.002293233	0.97436684	0.0	0.023339907	0.0
ERR9612778	3	oral	0.0043546525	0.9771309	0.0	0.01851444	0.0
ERR9612779	3	oral	0.011978582	0.937293	0.0	0.048804153	0.0019242986
ERR9612780	3	oral	0.0060920483	0.9434	0.0	0.046936616	0.0035713138
ERR9612781	3	oral	0.016962452	0.9590531	0.0	0.023984473	0.0
ERR9612782	3	oral	0.00973916	0.9636968	0.0	0.023585223	0.0029788336
ERR9612783	3	oral	0.0047539	0.9312457	0.0	0.06155706	0.0024433683
ERR9612784	3	oral	0.01823411	0.9114879	0.0	0.06823699	0.0020410204
ERR9612785	3	oral	0.005428219	0.9544542	0.0	0.040117573	0.0
ERR9612786	3	oral	0.008309673	0.9475504	0.0	0.044139925	0.0
ERR9612787	3	oral	0.021421792	0.9428121	0.0	0.03334028	0.0024258473
ERR9612788	3	oral	0.012656002	0.94448394	0.0	0.040529907	0.002330154
ERR9612789	3	oral	0.00967324	0.9645837	0.0	0.025743067	0.0
ERR9612790	3	oral	0.012624764	0.95231897	0.0	0.028316088	0.0067401985
ERR9612791	3	oral	0.004763072	0.9657515	0.0	0.02857535	0.0009100499
ERR9612792	3	oral	0.002061616	0.96831495	0.0	0.029623423	0.0
ERR9612793	3	oral	0.011566838	0.977058	0.0	0.011375186	0.0
ERR9612794	3	oral	0.013898658	0.9629369	0.0	0.020800361	0.0023640972
ERR9612795	3	oral	0.0106582865	0.9589479	0.0012096479	0.026721809	0.0024623657
ERR9612796	3	oral	0.0021876446	0.9742452	0.0	0.01995839	0.0036087972
ERR9612797	3	oral	0.0	0.99438184	0.0	0.005618153	0.0
ERR9612798	3	oral	0.002164732	0.99250185	0.0	0.0041582733	0.0011751604
ERR9612799	3	oral	0.008332886	0.97157323	0.0	0.01646621	0.0036276751
ERR9612800	3	oral	0.006550944	0.9681286	0.0	0.024085239	0.001235218
ERR9612801	3	oral	0.009464513	0.9518757	0.0	0.037866022	0.0007937525
ERR9612802	3	oral	0.009467211	0.9544033	0.0011930173	0.03175736	0.0031791346
ERR9612803	3	oral	0.0068358025	0.97774833	0.0	0.014195039	0.0012208029
ERR9612804	3	oral	0.0064887386	0.9694986	0.0	0.023042032	0.0009706745
ERR9612805	3	oral	0.010421034	0.93884426	0.0	0.046048313	0.0046864003
ERR9612806	3	oral	0.01127516	0.95208865	0.0	0.03546101	0.0011751604
ERR9612807	3	oral	0.00125	0.96980375	0.0	0.026534406	0.0024118507
ERR9612808	3	oral	0.0052570784	0.9751565	0.0	0.019586407	0.0
ERR9612809	3	oral	0.04035652	0.9068422	0.0012045784	0.03415191	0.017444815
ERR9612810	3	oral	0.044224408	0.8939282	0.0011930173	0.051169034	0.009485364
ERR9612811	3	oral	0.0048561404	0.960485	0.0	0.034658857	0.0
ERR9612812	3	oral	0.0035387569	0.9621869	0.0	0.034274355	0.0
ERR9612813	3	oral	0.0035386553	0.9806891	0.0	0.01577224	0.0
ERR9612814	3	oral	0.0012141301	0.9810443	0.0	0.017741567	0.0
ERR9612815	3	oral	0.0037147505	0.9553645	0.0	0.040920734	0.0
ERR9612816	3	oral	0.0037177624	0.9686219	0.0	0.025282308	0.0023780437
ERR9612817	3	oral	0.0044604284	0.9688139	0.0	0.026725654	0.0
ERR9612818	3	oral	0.0046646497	0.9698126	0.0	0.02552278	0.0
ERR9612819	3	oral	0.004475133	0.9664427	0.0	0.0266894	0.002392776
ERR9612820	3	oral	0.004563539	0.9702083	0.0	0.02522816	0.0
ERR9612821	3	oral	0.0009825615	0.9754361	0.0	0.023581333	0.0
ERR9612822	3	oral	0.0036301245	0.97703606	0.0	0.018225014	0.0011087761
ERR9612823	3	oral	0.0056419144	0.96454346	0.0	0.029814601	0.0
ERR9612824	3	oral	0.0041310927	0.9670717	0.0	0.027577719	0.001219467
ERR9612825	3	oral	0.022265458	0.95090395	0.0	0.023149397	0.0036811929
ERR9612826	3	oral	0.015703702	0.9666642	0.0012045784	0.00997946	0.0064480663
ERR9612827	3	oral	0.0023718702	0.9699474	0.0	0.027680757	0.0
ERR9612828	3	oral	0.002326773	0.9693917	0.0	0.0282815	0.0
ERR9612829	3	oral	0.012972418	0.9670767	0.0	0.01889023	0.0010606453
ERR9612830	3	oral	0.0066238297	0.97478163	0.0	0.018594567	0.0
ERR9612831	3	oral	0.0045965766	0.97971123	0.0	0.01569219	0.0
ERR9612832	3	oral	0.005061575	0.98216707	0.0	0.011582999	0.0011883369
ERR9612833	3	oral	0.011337414	0.96756995	0.0	0.019864287	0.0012283706
ERR9612834	3	oral	0.013468537	0.9621574	0.0	0.024374012	0.0
ERR9612835	3	oral	0.003255056	0.9750449	0.0	0.021700019	0.0
ERR9612836	3	oral	0.001022175	0.9785043	0.0	0.019298391	0.0011751604
ERR9612837	3	oral	0.0068629216	0.96283937	0.0	0.029117307	0.0011804106
ERR9612838	3	oral	0.0069481404	0.9702827	0.0	0.022769172	0.0
ERR9612839	3	oral	0.007258073	0.9586254	0.0	0.032888215	0.0012283291
ERR9612840	3	oral	0.0064815283	0.9640981	0.0	0.028225953	0.0011944148
ERR9612841	3	oral	0.08357708	0.84389	0.0011544422	0.04257896	0.028799476
ERR9612842	3	oral	0.08328809	0.83042824	0.0019928748	0.047706842	0.03658395
ERR9612843	3	oral	0.011157968	0.91299117	0.0	0.07505713	0.0007937525
ERR9612844	3	oral	0.009474919	0.9027889	0.0011801188	0.0853388	0.0012172965
ERR9612845	3	oral	0.0045796665	0.9723699	0.0	0.022090832	0.00095958915
ERR9612846	3	oral	0.008204439	0.972675	0.0	0.01912051	0.0
ERR9612847	3	oral	0.004154734	0.9707154	0.0	0.023917506	0.0012123656
ERR9612848	3	oral	0.011409685	0.9524273	0.0	0.034982592	0.0011804106
ERR9612849	3	oral	0.0035745252	0.9811762	0.0	0.015249252	0.0
ERR9612850	3	oral	0.004458007	0.9754442	0.0	0.02009779	0.0
ERR9612851	3	oral	0.008481596	0.9779959	0.0	0.012295309	0.0012272231
ERR9612852	3	oral	0.0036258851	0.9791426	0.0	0.016009325	0.001222166
ERR9612853	3	oral	0.03158138	0.9028464	0.0012027777	0.05490375	0.009465675
ERR9612854	3	oral	0.030273423	0.8938252	0.0011516452	0.06118918	0.01356055
ERR9612855	3	oral	0.0034094155	0.99003834	0.0	0.0065522618	0.0
ERR9612856	3	oral	0.0035887621	0.97809875	0.0	0.01710967	0.0012028302
ERR9612857	3	oral	0.0025	0.96861666	0.0	0.028883338	0.0
ERR9612858	3	oral	0.004435271	0.96029884	0.0	0.035265893	0.0
ERR9612859	3	oral	0.005958905	0.9674046	0.0	0.026636463	0.0
ERR9612860	3	oral	0.004779812	0.9808589	0.0	0.014361284	0.0
ERR9612861	3	oral	0.015353548	0.92514014	0.0010565382	0.053979	0.0044707987
ERR9612862	3	oral	0.019142183	0.9384461	0.0	0.037895378	0.004516313
ERR9612863	3	oral	0.015787205	0.94948184	0.0012096479	0.031106396	0.0024148966
ERR9612864	3	oral	0.017402072	0.9595531	0.0011930173	0.021851787	0.0
ERR9612865	3	oral	0.004395007	0.98713505	0.0	0.008469947	0.0
ERR9612866	3	oral	0.0022281357	0.98318857	0.0	0.014583279	0.0
ERR9612867	3	oral	0.004718751	0.97428566	0.0	0.020995613	0.0
ERR9612868	3	oral	0.002322781	0.99094254	0.0	0.0067346916	0.0
ERR9612869	3	oral	0.007761006	0.97511226	0.0	0.017126745	0.0
ERR9612870	3	oral	0.0058226725	0.97304666	0.0	0.019880662	0.00125
ERR9612871	3	oral	0.004093522	0.98436224	0.0	0.0115442565	0.0
ERR9612872	3	oral	0.0011193905	0.98987925	0.0	0.009001387	0.0
ERR9612873	3	oral	0.011391809	0.90384394	0.0	0.08476427	0.0
ERR9612874	3	oral	0.010238386	0.8942589	0.0	0.09342327	0.0020794505
ERR9612875	3	oral	0.007028081	0.977725	0.0	0.0152468635	0.0
ERR9612876	3	oral	0.004778815	0.9746499	0.0	0.019691994	0.00087928766
ERR9612877	3	oral	0.0047041667	0.9683935	0.0	0.026902355	0.0
ERR9612878	3	oral	0.001232687	0.9678247	0.0	0.030942632	0.0
ERR9612879	3	oral	0.0059966096	0.97688407	0.0	0.017119328	0.0
ERR9612880	3	oral	0.0101478025	0.9695432	0.0	0.019091664	0.0012172965
ERR9612881	3	oral	0.0034936804	0.9800497	0.0	0.016456602	0.0
ERR9612882	3	oral	0.002462009	0.98294085	0.0	0.014597164	0.0
ERR9612883	3	oral	0.006890411	0.96465206	0.0	0.023587432	0.004870076
ERR9612884	3	oral	0.011675398	0.96349806	0.0	0.020332817	0.0044937287
ERR9612885	3	oral	0.0023745021	0.9900732	0.0	0.007552317	0.0
ERR9612886	3	oral	0.0	0.9860061	0.0	0.012818788	0.0011751604
ERR9612887	3	oral	0.008049848	0.95524985	0.0	0.033128966	0.0035713306
ERR9612888	3	oral	0.010895522	0.95234776	0.0	0.036756717	0.0
ERR9612889	3	oral	0.0071899896	0.97483844	0.0	0.017971573	0.0
ERR9612890	3	oral	0.005878752	0.97770256	0.0	0.015448006	0.0009706745
ERR9612891	3	oral	0.010602336	0.94788766	0.0	0.041509997	0.0
ERR9612892	3	oral	0.006937374	0.96244335	0.0	0.030619252	0.0
ERR9612893	3	oral	0.007121452	0.92246544	0.0	0.06920071	0.0012123656
ERR9612894	3	oral	0.008457047	0.9198615	0.0	0.071681455	0.0
ERR9612895	3	oral	0.006972716	0.9567415	0.0	0.03386857	0.0024171767
ERR9612896	3	oral	0.01018548	0.954797	0.0	0.035017464	0.0
ERR9612897	3	oral	0.0035460955	0.979646	0.0	0.016807878	0.0
ERR9612898	3	oral	0.0022101598	0.9817445	0.0	0.016045328	0.0
SRR12136712	3	oral	0.14500804	0.67737764	0.001255179	0.09692445	0.07943472
SRR12136713	3	oral	0.011878245	0.9715118	0.0	0.015359971	0.00125
SRR12462930	3	oral	0.009309756	0.9824842	0.0010467155	0.004741215	0.0024181204
SRR12462931	3	oral	0.0069692507	0.9853941	0.0	0.0076366104	0.0
SRR12462932	3	oral	0.0012090361	0.9836984	0.0	0.015092564	0.0
SRR12462933	3	oral	0.0	0.9909272	0.0	0.009072772	0.0
SRR12462934	3	oral	0.0	0.99793893	0.0	0.002061088	0.0
SRR12462935	3	oral	0.0	0.9883056	0.0	0.01169437	0.0
SRR12462936	3	oral	0.0	0.98444325	0.0	0.0155567415	0.0
SRR12462937	3	oral	0.0	0.9795386	0.0	0.02046138	0.0
SRR12462938	3	oral	0.008262762	0.96397173	0.0	0.027765488	0.0
SRR12462939	3	oral	0.0053538494	0.9350177	0.0	0.059628468	0.0
SRR12462940	3	oral	0.008051808	0.9674537	0.0	0.024494452	0.0
SRR12462941	3	oral	0.0	0.9638237	0.0	0.03617633	0.0
SRR12462942	3	oral	0.0024219588	0.9691514	0.0	0.028426664	0.0
SRR12462943	3	oral	0.013077154	0.9654014	0.0	0.021521408	0.0
SRR12462944	3	oral	0.007330132	0.9694373	0.0	0.022001402	0.0012311889
SRR12462945	3	oral	0.0034573753	0.9855135	0.0	0.010053093	0.00097602396
SRR12462946	3	oral	0.018591845	0.9528615	0.0	0.026106155	0.0024405045
SRR12462947	3	oral	0.0059954207	0.97780716	0.0	0.016197398	0.0
SRR19160147	3	gut	0.038143765	0.47970673	0.06256072	0.30794972	0.11163907
SRR19160150	3	gut	0.018862983	0.455356	0.08733158	0.37360814	0.06484132
SRR19160161	3	gut	0.028522784	0.4786869	0.047741268	0.35984582	0.08520324
SRR19160174	3	gut	0.12068408	0.40978807	0.11056448	0.3085366	0.05042679
SRR19160175	3	gut	0.031304386	0.3216538	0.3213852	0.29693925	0.028717339
SRR19160180	3	gut	0.019577308	0.49615708	0.060348857	0.35980254	0.064114235
SRR19160184	3	gut	0.021296714	0.48803398	0.03398034	0.3665474	0.090141565
SRR19160194	3	gut	0.018146874	0.457359	0.06976507	0.39611122	0.058617827
SRR19160206	3	gut	0.020230653	0.4660166	0.057085082	0.38137516	0.07529249
SRR19160231	3	gut	0.053209957	0.4554834	0.10865021	0.3338403	0.04881612
SRR19160251	3	gut	0.031714328	0.38991296	0.24072565	0.30366483	0.033982206
SRR957738	3	oral	0.0032723886	0.9763526	0.0	0.019464994	0.0009100499
SRR957739	3	oral	0.009664325	0.9803169	0.0	0.008768824	0.00125
SRR957740	3	oral	0.005617033	0.9788249	0.0	0.015558067	0.0
SRR957741	3	oral	0.0069278656	0.98175937	0.0	0.011312778	0.0
SRR957742	3	oral	0.020977557	0.9528082	0.0	0.024993451	0.0012208029
SRR957743	3	oral	0.04376036	0.8986805	0.0	0.045185484	0.012373666
SRR957744	3	oral	0.007846207	0.9643519	0.0	0.027801905	0.0
SRR957745	3	oral	0.02258606	0.94271904	0.0	0.028133484	0.0065614143
SRR957746	3	oral	0.005386362	0.97342086	0.0	0.021192763	0.0
ERR12115113	4	oral	0.0	0.9743343	0.0	0.025665684	0.0
ERR12115114	4	oral	0.0036824325	0.96631694	0.0	0.030000653	0.0
ERR12115115	4	oral	0.001202151	0.98231256	0.0	0.016485296	0.0
ERR12115116	4	oral	0.0058937683	0.9680688	0.0	0.026037438	0.0
ERR1777519	4	skeletal tissue	0.026728198	0.18191698	0.003883395	0.7800164	0.007454995
ERR1777520	4	skeletal tissue	0.1715115	0.24081501	0.0043945373	0.5658941	0.017384857
ERR1777521	4	skeletal tissue	0.108851425	0.21692048	0.0019403863	0.645777	0.026510742
ERR1777522	4	skeletal tissue	0.0061121522	0.029071864	0.0012340959	0.96358186	0.0
ERR1777523	4	skeletal tissue	0.052492753	0.23164313	0.0111388825	0.6672949	0.037430305
ERR1777524	4	skeletal tissue	0.020464651	0.033252005	0.0	0.9405817	0.005701693
ERR1777525	4	skeletal tissue	0.004982491	0.021247227	0.0012340959	0.9725362	0.0
ERR1777526	4	skeletal tissue	0.046888594	0.20273449	0.00617877	0.724855	0.019343156
ERR1777527	4	skeletal tissue	0.006939264	0.018714944	0.0	0.9743458	0.0
ERR1777528	4	skeletal tissue	0.031843584	0.04360894	0.00069153396	0.91511583	0.008740082
ERR1777529	4	skeletal tissue	0.041074965	0.078854844	0.0031769588	0.8750364	0.0018567854
ERR1777530	4	skeletal tissue	0.002603772	0.016876906	0.0	0.9805193	0.0
ERR1777531	4	skeletal tissue	0.0065911743	0.028910512	0.0	0.9634418	0.0010565005
ERR1777532	4	skeletal tissue	0.06543833	0.11647621	0.0029795417	0.8094563	0.005649643
ERR1777533	4	skeletal tissue	0.032390326	0.13398291	0.0	0.82222104	0.01140572
ERR1777534	4	skeletal tissue	0.029121144	0.16340613	0.0022162758	0.80156785	0.0036886071
ERR1777535	4	skeletal tissue	0.092957765	0.1834718	0.00284844	0.6913169	0.02940512
ERR1777536	4	skeletal tissue	0.028587477	0.057814658	0.0016038157	0.90874696	0.0032470773
ERR1777537	4	skeletal tissue	0.04516972	0.17889264	0.0012340959	0.7687396	0.0059639364
ERR1777538	4	skeletal tissue	0.08253994	0.21708122	0.0059869294	0.6625033	0.03188862
ERR1777539	4	skeletal tissue	0.008053279	0.0449999	0.0012340959	0.94571275	0.0
ERR1777540	4	skeletal tissue	0.0071866093	0.020914255	0.0	0.97189915	0.0
ERR1777541	4	skeletal tissue	0.038560003	0.19894232	0.0024470577	0.7418034	0.018247193
ERR1777542	4	skeletal tissue	0.051452737	0.10205296	0.001887103	0.83689463	0.0077125975
ERR1777543	4	skeletal tissue	0.0060267365	0.021965833	0.0	0.97200745	0.0
ERR1777544	4	skeletal tissue	0.14343217	0.2297213	0.003969954	0.6002568	0.022619803
ERR1777545	4	skeletal tissue	0.013326768	0.04950765	0.002387747	0.9335534	0.0012244165
ERR1777546	4	skeletal tissue	0.0047700703	0.01186278	0.0	0.98336715	0.0
ERR1777547	4	skeletal tissue	0.056828868	0.23786229	0.0056547862	0.6666486	0.0330054
ERR1777548	4	skeletal tissue	0.003744049	0.018116547	0.0	0.9772551	0.00088431593
ERR1777549	4	skeletal tissue	0.049106903	0.28560483	0.0011536512	0.6467561	0.017378459
ERR1777550	4	skeletal tissue	0.0038480484	0.014269478	0.0	0.98188245	0.0
ERR1777551	4	skeletal tissue	0.03822783	0.4207499	0.0015465558	0.5064342	0.033041555
ERR1777552	4	skeletal tissue	0.004041516	0.01614869	0.0	0.9798098	0.0
ERR1777553	4	skeletal tissue	0.0068639596	0.027916163	0.0	0.9639883	0.0012315942
ERR1777554	4	skeletal tissue	0.004818506	0.015887402	0.0	0.9792941	0.0
ERR1777555	4	skeletal tissue	0.053917997	0.3320314	0.0045800037	0.5886734	0.02079717
ERR1777556	4	skeletal tissue	0.005272769	0.018716246	0.0	0.976011	0.0
ERR1777557	4	skeletal tissue	0.02901134	0.19836491	0.0026783098	0.7542898	0.015655598
ERR1777558	4	skeletal tissue	0.003744049	0.021855926	0.0	0.97440004	0.0
ERR1777559	4	skeletal tissue	0.05461078	0.28780323	0.0036471877	0.5906517	0.06328711
ERR1777560	4	skeletal tissue	0.004198312	0.016207129	0.0	0.9785939	0.0010006742
ERR1777561	4	skeletal tissue	0.05450932	0.2366278	0.009383601	0.666904	0.032575283
ERR1777562	4	skeletal tissue	0.004198312	0.015412803	0.0	0.9803889	0.0
ERR1777563	4	skeletal tissue	0.023000618	0.109686956	0.0011918604	0.8592735	0.0068470943
ERR1777564	4	skeletal tissue	0.004198312	0.018427592	0.0	0.9773741	0.0
ERR1777565	4	skeletal tissue	0.009679533	0.023941629	0.0	0.96637887	0.0
ERR1777566	4	skeletal tissue	0.0038480484	0.015998248	0.0	0.9801537	0.0
ERR1777567	4	skeletal tissue	0.041481517	0.150052	0.00168428	0.7974613	0.009320932
ERR1777568	4	skeletal tissue	0.004198312	0.015900156	0.0	0.97990155	0.0
ERR1777569	4	skeletal tissue	0.004743674	0.9827495	0.0	0.009070089	0.0034367074
ERR3609652	4	oral	0.16408026	0.36336076	0.017237907	0.29428324	0.16103785
ERR3609653	4	oral	0.22644968	0.4115613	0.0047975746	0.29882792	0.058363542
ERR3609654	4	oral	0.16334611	0.49990886	0.014988722	0.19980867	0.12194763
ERR3609655	4	oral	0.1504714	0.39268255	0.013644674	0.2898705	0.15333088
ERR3609656	4	oral	0.1975483	0.34465554	0.010140918	0.28722867	0.16042656
ERR3609657	4	oral	0.19123238	0.45115164	0.004237053	0.2864389	0.066940024
ERR3609658	4	oral	0.13692018	0.5702146	0.012796003	0.17594042	0.10412876
ERR3609659	4	oral	0.1216096	0.3277961	0.009994219	0.502965	0.037635133
ERR3609660	4	oral	0.0	0.9923398	0.0	0.0076602185	0.0
ERR3609661	4	oral	0.0011599595	0.99256825	0.0	0.006271765	0.0
ERR4596443	4	oral	0.010137505	0.95329344	0.0	0.034130536	0.0024385238
ERR4596813	4	oral	0.07949405	0.77289236	0.0023829686	0.09038728	0.05484337
ERR4596815	4	oral	0.041667398	0.8828268	0.0	0.055400018	0.02010575
ERR4596816	4	oral	0.012569193	0.9481682	0.0	0.036806762	0.0024557991
ERR4596817	4	oral	0.008469143	0.9740299	0.0	0.0163125	0.0011884669
ERR4596818	4	oral	0.015512719	0.95335454	0.0011655698	0.028759332	0.0012078414
ERR4596819	4	oral	0.05208958	0.82078993	0.0012253108	0.067438066	0.05845712
ERR4596820	4	oral	0.022057308	0.9601933	0.0	0.011851491	0.0058978996
ERR4596822	4	oral	0.029179625	0.91601455	0.00107401	0.045677807	0.008054012
ERR4596823	4	oral	0.013009419	0.9563299	0.0	0.025719183	0.0049415417
ERR4596824	4	oral	0.004759638	0.9802266	0.0	0.015013789	0.0
ERR4596825	4	oral	0.055198707	0.8413012	0.0023270838	0.059728004	0.04144502
ERR4596826	4	oral	0.010591791	0.97964084	0.0	0.008578873	0.0011884669
ERR4596828	4	oral	0.02562218	0.9202059	0.0022289292	0.039820015	0.012122983
ERR5670952	4	oral	0.0010352761	0.9695562	0.0	0.029408524	0.0
ERR5670953	4	oral	0.0012231609	0.99460125	0.0	0.004175598	0.0
ERR5670954	4	oral	0.0	0.991581	0.0	0.0071885223	0.0012304401
ERR5670955	4	oral	0.0011432926	0.99568325	0.0	0.0031734589	0.0
ERR5670956	4	oral	0.001106438	0.99889356	0.0	0.0	0.0
ERR5670957	4	oral	0.0	0.99136305	0.0	0.008636931	0.0
ERR5670958	4	oral	0.0	0.98621136	0.0	0.012558192	0.0012304401
ERR5670959	4	oral	0.0029513692	0.9904373	0.0	0.006611299	0.0
ERR5670960	4	oral	0.0049558105	0.9849816	0.0	0.010062589	0.0
ERR5670961	4	oral	0.002247441	0.9753205	0.0	0.022432065	0.0
ERR5670962	4	oral	0.0048674415	0.97603005	0.0	0.019102488	0.0
ERR5670963	4	oral	0.0	0.986515	0.0	0.013485032	0.0
ERR5670964	4	oral	0.0	0.98869413	0.0	0.011305886	0.0
ERR5670965	4	oral	0.00125	0.97470087	0.0	0.024049157	0.0
ERR5670966	4	oral	0.0023822342	0.97766954	0.0	0.01994824	0.0
ERR5670967	4	oral	0.0023381496	0.9856489	0.0	0.01076298	0.00125
ERR5670968	4	oral	0.03220318	0.91041887	0.0	0.042880356	0.014497624
ERR5670969	4	oral	0.015110681	0.97092474	0.0	0.0103232805	0.0036412748
ERR5670970	4	oral	0.002063085	0.9878416	0.0	0.010095293	0.0
ERR5670971	4	oral	0.0034657293	0.9785959	0.0	0.016802773	0.0011355989
ERR5766165	4	gut	0.2882636	0.22426383	0.026014881	0.3515105	0.109947205
ERR5766166	4	gut	0.7512427	0.09613681	0.02484959	0.098131165	0.02963976
ERR5766167	4	gut	0.7390398	0.12886217	0.03329066	0.079643555	0.019163849
ERR5766168	4	gut	0.32998002	0.23405021	0.0077182553	0.2728662	0.15538535
ERR5766169	4	gut	0.83402383	0.05242343	0.037096173	0.053487677	0.022968912
ERR5766170	4	gut	0.37554166	0.19654214	0.0057304287	0.26850286	0.1536829
ERR5766171	4	gut	0.45159784	0.21800861	0.0037371283	0.17507768	0.15157874
ERR5766172	4	gut	0.77205133	0.15136431	0.011293252	0.052712966	0.0125781065
ERR5766173	4	gut	0.7803436	0.14983226	0.010632607	0.045139384	0.014052119
ERR5766174	4	gut	0.28325704	0.24718325	0.00475028	0.28245732	0.18235211
ERR5766175	4	gut	0.34497416	0.24934389	0.003530525	0.24756883	0.15458259
ERR5766176	4	gut	0.44689837	0.23057456	0.004347283	0.22947653	0.08870327
ERR5766177	4	gut	0.72855324	0.15221556	0.0036436615	0.10264006	0.012947493
ERR5766178	4	gut	0.76827306	0.12996583	0.0049440986	0.084235765	0.012581268
ERR5766179	4	gut	0.4526562	0.21879645	0.0015640599	0.25741994	0.06956336
ERR5766180	4	gut	0.37338412	0.24959469	0.0028925636	0.31206596	0.06206269
ERR5766181	4	gut	0.39252537	0.23895375	0.008619115	0.27423367	0.08566809
ERR5766182	4	gut	0.7829539	0.1105247	0.002462623	0.089789435	0.014269332
ERR5766183	4	gut	0.7638125	0.12587062	0.0018668561	0.09350348	0.014946541
ERR6178850	4	oral	0.0	0.9958156	0.0	0.0041844044	0.0
ERR6178851	4	oral	0.00223954	0.9915895	0.0	0.0012643111	0.004906684
ERR6178852	4	oral	0.0	0.9979009	0.0	0.0020990868	0.0
ERR6178853	4	oral	0.009096279	0.9711157	0.0	0.010546068	0.009241938
ERR6178854	4	oral	0.0	0.99559045	0.0	0.00440957	0.0
ERR6178855	4	oral	0.0011685063	0.9931819	0.0	0.005649596	0.0
ERR6178856	4	oral	0.0	0.99885666	0.0	0.0011433131	0.0
ERR6178857	4	oral	0.0035451257	0.9919247	0.0	0.0033108722	0.0012192697
ERR6178858	4	oral	0.0	0.9969227	0.0	0.0030773552	0.0
ERR6178859	4	oral	0.0023425464	0.9910708	0.0	0.005389804	0.0011968462
ERR6178860	4	oral	0.048041947	0.8602222	0.0023412073	0.051235493	0.038159143
ERR6178861	4	oral	0.05089865	0.8706182	0.0023938157	0.047159918	0.02892937
ERR6178862	4	oral	0.0	0.9891481	0.0	0.010851921	0.0
ERR6178863	4	oral	0.008244254	0.9669631	0.0	0.017660474	0.007132177
ERR6178864	4	oral	0.009369484	0.93587446	0.0	0.051368278	0.0033877618
ERR6178865	4	oral	0.0121271275	0.93549705	0.0024060872	0.038975243	0.010994477
ERR6178866	4	oral	0.0	0.9989878	0.0	0.0010121914	0.0
ERR6178867	4	oral	0.0	0.9979529	0.0	0.002047138	0.0
ERR6178868	4	oral	0.008220155	0.94949085	0.0	0.039875206	0.002413772
ERR6178869	4	oral	0.011138558	0.9607153	0.0	0.028146172	0.0
ERR6178870	4	oral	0.0	0.98809797	0.0	0.011902051	0.0
ERR6178871	4	oral	0.0036649983	0.98940676	0.0	0.00450759	0.002420663
ERR6178872	4	oral	0.005972436	0.9273372	0.0	0.065519676	0.0011706629
ERR6178873	4	oral	0.016242467	0.93567806	0.0	0.026541313	0.021538185
ERR6178874	4	oral	0.0	0.99794626	0.0	0.0020537295	0.0
ERR6178875	4	oral	0.0	0.995542	0.0	0.004458029	0.0
ERR6178876	4	oral	0.0	0.99561095	0.0	0.004389034	0.0
ERR6178877	4	oral	0.0019169353	0.97012687	0.0	0.027956182	0.0
ERR6178878	4	oral	0.0	0.9977732	0.0	0.0022268337	0.0
ERR6178879	4	oral	0.0	0.99339586	0.0	0.0066041406	0.0
ERR6178880	4	oral	0.0010761905	0.9682606	0.0	0.030663202	0.0
ERR6178881	4	oral	0.013069069	0.96461004	0.00107401	0.014002442	0.007244458
ERR6178882	4	oral	0.0	0.9989605	0.0	0.0010395215	0.0
ERR6178883	4	oral	0.0035214564	0.99344426	0.0	0.0030342783	0.0
ERR6178884	4	oral	0.01992412	0.9610106	0.0	0.014158877	0.004906433
ERR6178885	4	oral	0.020472083	0.95095044	0.0	0.017035063	0.011542406
ERR6178886	4	oral	0.011592588	0.9757037	0.0	0.01149834	0.0012053252
ERR6178887	4	oral	0.037260946	0.92012244	0.0011409736	0.021459827	0.020015832
ERR6178888	4	oral	0.009433207	0.9513247	0.0	0.03799212	0.00125
ERR6178889	4	oral	0.02663688	0.9437585	0.0	0.01373847	0.015866188
ERR6178890	4	oral	0.0	0.9855533	0.0	0.014446696	0.0
ERR6178891	4	oral	0.0	0.99460554	0.0	0.005394431	0.0
ERR6178892	4	oral	0.0	0.99794674	0.0	0.0020532396	0.0
ERR6178893	4	oral	0.0049252557	0.9871075	0.0	0.006735434	0.001231805
ERR6178894	4	oral	0.0	0.99558985	0.0	0.0031796994	0.0012304401
ERR6178895	4	oral	0.0	0.99877745	0.0	0.0012225495	0.0
ERR6178897	4	oral	0.0	0.9935054	0.0	0.0064945836	0.0
ERR6178898	4	oral	0.01544415	0.9517964	0.0	0.0222926	0.0104668625
ERR6178899	4	oral	0.0	0.9987785	0.0	0.0012214719	0.0
ERR6178900	4	oral	0.0049294964	0.98824567	0.0	0.0031427112	0.0036820986
ERR6178901	4	oral	0.001225944	0.99671054	0.0	0.0020634986	0.0
ERR6178902	4	oral	0.0035791523	0.9945351	0.0	0.0018857823	0.0
ERR6178903	4	oral	0.0010883006	0.99471897	0.0	0.004192702	0.0
ERR6178904	4	oral	0.016083505	0.9540142	0.0035506124	0.022810487	0.0035412237
ERR6178905	4	oral	0.0024409795	0.9929292	0.0	0.004629786	0.0
ERR6178906	4	oral	0.0009945685	0.99328077	0.0	0.0033771172	0.0023475583
ERR6178907	4	oral	0.0012258411	0.99661404	0.0	0.0021600937	0.0
ERR6178908	4	oral	0.0073116096	0.96977246	0.0	0.014904092	0.008011848
ERR6178909	4	oral	0.0024758412	0.9920346	0.0	0.005489566	0.0
ERR6178910	4	oral	0.0	0.99662036	0.0	0.0033796518	0.0
ERR6178911	4	oral	0.009486217	0.9820282	0.0	0.0062362584	0.002249347
ERR6178912	4	oral	0.0042756386	0.9622042	0.0	0.032270133	0.00125
ERR6178913	4	oral	0.004741608	0.950609	0.0	0.043421526	0.0012278238
ERR6178914	4	oral	0.0	0.9989184	0.0	0.0010815939	0.0
ERR6178915	4	oral	0.003577811	0.9891367	0.0	0.0060428847	0.001242609
ERR6178916	4	oral	0.0012240143	0.99569917	0.0	0.0030767922	0.0
ERR6178917	4	oral	0.0058563896	0.9876201	0.0	0.0041045486	0.002418949
ERR6178918	4	oral	0.0035864837	0.9610626	0.0	0.034123074	0.0012278238
ERR6178919	4	oral	0.009357341	0.96419007	0.0	0.025232727	0.0012198822
ERR6178920	4	oral	0.0	0.9988503	0.0	0.0011496883	0.0
ERR6178921	4	oral	0.0	0.9957178	0.0	0.004282179	0.0
ERR6178923	4	oral	0.024620494	0.95548326	0.0	0.014990411	0.0049058334
ERR6178924	4	oral	0.11961975	0.724515	0.001091618	0.07546589	0.079307705
ERR6178925	4	oral	0.008725691	0.9831184	0.0	0.005765256	0.0023906461
ERR6178926	4	oral	0.007189904	0.9815309	0.0	0.00759912	0.003680091
ERR6178927	4	oral	0.07679259	0.8704841	0.0	0.024294935	0.02842835
ERR6178928	4	oral	0.0023435494	0.9932461	0.0	0.004410363	0.0
ERR6178929	4	oral	0.0	0.9883957	0.0	0.0116042895	0.0
ERR6178930	4	oral	0.001056797	0.9979263	0.0	0.0010168859	0.0
ERR6178931	4	oral	0.001218205	0.99142075	0.0	0.0073610363	0.0
ERR6178932	4	oral	0.014565847	0.94952446	0.0	0.033541117	0.0023685517
ERR6178933	4	oral	0.0	0.99795693	0.0	0.00204308	0.0
ERR6178934	4	oral	0.0023311898	0.9953915	0.0	0.0022773515	0.0
ERR6178935	4	oral	0.008906922	0.96680486	0.0	0.017467564	0.0068206624
ERR6178936	4	oral	0.018374735	0.9671072	0.0	0.012050041	0.0024680397
ERR6178937	4	oral	0.081386	0.83361584	0.0012356658	0.046724778	0.037037704
ERR6178938	4	oral	0.0	0.9987925	0.0	0.0012074749	0.0
ERR6178939	4	oral	0.0056355107	0.9825993	0.0	0.008083004	0.0036821435
ERR6178940	4	oral	0.041238308	0.92895246	0.0	0.021308897	0.008500369
ERR6178941	4	oral	0.0011336033	0.99015766	0.0	0.008708729	0.0
ERR6178942	4	oral	0.00097254675	0.9913428	0.0	0.0064878203	0.0011968462
ERR6178943	4	oral	0.0012143373	0.9933185	0.0	0.0054671555	0.0
ERR6178944	4	oral	0.02234118	0.94930476	0.001091618	0.013753128	0.013509305
ERR6178945	4	oral	0.0057974057	0.96678317	0.0	0.02629364	0.0011257946
ERR6178946	4	oral	0.0062041366	0.9621264	0.0	0.030498838	0.0011706629
ERR6178947	4	oral	0.024373611	0.92477846	0.0015028567	0.024207028	0.025138067
ERR6178948	4	oral	0.0	0.992081	0.0	0.007919039	0.0
ERR6178949	4	oral	0.0	0.9915189	0.0	0.008481062	0.0
ERR6178950	4	oral	0.0	0.9975771	0.0	0.002422921	0.0
ERR6178951	4	oral	0.0010764109	0.98207664	0.0	0.016846973	0.0
ERR6178952	4	oral	0.006780332	0.9705122	0.0	0.016829157	0.005878294
ERR6178953	4	oral	0.00077648944	0.9933403	0.0	0.005883213	0.0
ERR6178954	4	oral	0.029323593	0.92013186	0.0	0.031304102	0.019240445
ERR6178955	4	oral	0.0	0.9969225	0.0	0.0030775163	0.0
ERR6178956	4	oral	0.00473318	0.98975873	0.0	0.004319599	0.0011884669
ERR6178957	4	oral	0.042906668	0.8727004	0.0	0.044610336	0.03978261
ERR6178958	4	oral	0.0012258411	0.99760205	0.0	0.0011720898	0.0
ERR6178959	4	oral	0.0010866432	0.98941773	0.0	0.00949563	0.0
ERR6178960	4	oral	0.0	0.9957704	0.0	0.004229591	0.0
ERR6178961	4	oral	0.0	0.9945665	0.0	0.0054334924	0.0
ERR6178962	4	oral	0.0	0.9978185	0.0	0.0021814448	0.0
ERR6178963	4	oral	0.0	0.9979263	0.0	0.0020737033	0.0
ERR6178964	4	oral	0.00460748	0.98849386	0.0	0.0045241485	0.002374531
ERR6178965	4	oral	0.0	0.99554145	0.0	0.0044585634	0.0
ERR6178966	4	oral	0.0	0.99789864	0.0	0.002101341	0.0
ERR6178967	4	oral	0.0	0.99584794	0.0	0.004152032	0.0
ERR6178968	4	oral	0.0011161312	0.9959007	0.0	0.0029832001	0.0
ERR6178969	4	oral	0.0	0.99555117	0.0	0.0032170461	0.001231805
ERR6178970	4	oral	0.0	0.9981049	0.0	0.0018951122	0.0
ERR6178971	4	oral	0.010264602	0.97018605	0.0012326958	0.008767462	0.009549208
ERR6178972	4	oral	0.0	0.9989781	0.0	0.0010219034	0.0
ERR6178973	4	oral	0.011391507	0.9792185	0.0	0.0050521977	0.004337826
ERR6178974	4	oral	0.0	0.99799365	0.0	0.002006373	0.0
ERR6178975	4	oral	0.002295493	0.9832968	0.0	0.014407695	0.0
ERR6178976	4	oral	0.004244551	0.9795102	0.0	0.01624527	0.0
ERR6178977	4	oral	0.0	0.99882793	0.0	0.0011720898	0.0
ERR6178978	4	oral	0.0	0.9967469	0.0	0.003253127	0.0
ERR6178979	4	oral	0.002282741	0.9942728	0.0	0.0034444472	0.0
ERR6178980	4	oral	0.0	0.9840959	0.0	0.015904138	0.0
ERR6178981	4	oral	0.0023030313	0.9776448	0.0	0.020052178	0.0
ERR6178982	4	oral	0.0	0.9966462	0.0	0.0033537974	0.0
ERR6178983	4	oral	0.014468449	0.96869636	0.0	0.010852616	0.0059825936
ERR6178984	4	oral	0.0	0.9987948	0.0	0.001205196	0.0
ERR6178985	4	oral	0.004690947	0.9375396	0.0	0.05776949	0.0
ERR6178986	4	oral	0.013672644	0.9541392	0.0012246927	0.026077079	0.004886404
ERR6178987	4	oral	0.0012258411	0.9953587	0.0	0.0034154307	0.0
ERR6178988	4	oral	0.0012258411	0.99585503	0.0	0.0029191396	0.0
SRR4047197	4	plant tissue	0.0731177	0.055231784	0.80130726	0.06455437	0.005788909
SRR4047199	4	plant tissue	0.0786255	0.0489846	0.8050074	0.062458687	0.004923808
SRR4047201	4	plant tissue	0.11168724	0.077342495	0.7120245	0.08892145	0.010024279
SRR4047203	4	plant tissue	0.12549786	0.080477566	0.68286234	0.101305805	0.009856398
SRR4047207	4	plant tissue	0.06427869	0.04754258	0.82402045	0.059526153	0.0046320995
SRR4047214	4	plant tissue	0.067197144	0.04971932	0.8044424	0.06790429	0.010736848
SRR4047219	4	plant tissue	0.13599958	0.09358078	0.64056563	0.1205379	0.009316114
SRR4047221	4	plant tissue	0.25409743	0.14661573	0.3373231	0.246645	0.015318752
SRR4047223	4	plant tissue	0.14413144	0.10858562	0.60267925	0.12990469	0.01469903
SRR4047225	4	plant tissue	0.20507717	0.14533788	0.43105942	0.20160727	0.016918268
SRR4047228	4	plant tissue	0.12939978	0.0863669	0.6702057	0.105073884	0.008953699
SRR5047040	4	oral	0.060176373	0.26723573	0.0048870826	0.6269972	0.04070363
SRR5047041	4	oral	0.04306505	0.21024476	0.0037116704	0.7126591	0.03031938
SRR5047042	4	oral	0.0069043813	0.022238068	0.0	0.97085756	0.0
SRR5047043	4	oral	0.07492765	0.15076585	0.0007921719	0.7551384	0.018375935
SRR5047044	4	oral	0.046871398	0.22788657	0.004455778	0.7149708	0.00581544
SRR5047045	4	oral	0.058963243	0.36513695	0.0032003173	0.55522245	0.017477002
SRR5047046	4	oral	0.018877383	0.22543643	0.0010825777	0.74198234	0.012621272
SRR5047047	4	oral	0.05299272	0.13529836	0.0	0.8047091	0.0069998554
SRR5047048	4	oral	0.0092278775	0.09456437	0.0023981605	0.8847023	0.009107293
SRR5047049	4	oral	0.007938722	0.022462146	0.0	0.96834916	0.00125
SRR5047050	4	oral	0.03931657	0.20596571	0.0049405866	0.70059395	0.04918316
SRR5047051	4	oral	0.06268662	0.13655347	0.0036590076	0.7798765	0.017224414
SRR5047052	4	oral	0.0452686	0.13793425	0.0018943985	0.7944099	0.0204929
SRR5047053	4	oral	0.046380777	0.23741925	0.004736108	0.6842047	0.027259162
SRR5047054	4	oral	0.047064517	0.26839688	0.007055768	0.57630837	0.10117448
SRR5047055	4	oral	0.19772634	0.24331233	0.005015283	0.5351989	0.018747143
SRR5047056	4	oral	0.044613875	0.11058221	0.0035171837	0.8177665	0.023520228
SRR5047057	4	oral	0.036341067	0.1806923	0.002955883	0.7687109	0.011299861
SRR5047058	4	oral	0.02814397	0.073627055	0.0	0.8875574	0.010671571
SRR5047059	4	oral	0.03894525	0.040862776	0.0011536512	0.91088825	0.008150041
SRR5047060	4	oral	0.045706913	0.20251581	0.0015988948	0.7163032	0.033875126
SRR5047061	4	oral	0.017280694	0.057219155	0.0	0.923344	0.0021561414
SRR5047062	4	oral	0.0226829	0.18718669	0.0041958555	0.76873875	0.017195804
SRR5047063	4	oral	0.0057192207	0.7695637	0.0	0.2247171	0.0
SRR5047064	4	oral	0.08889981	0.30747643	0.0144937495	0.4738623	0.1152677
SRR5047065	4	oral	0.02761044	0.12502344	0.0037739817	0.8389989	0.0045932517
SRR5047066	4	oral	0.040011436	0.12232556	0.0024716603	0.8200596	0.015131738
SRR5047067	4	oral	0.01760743	0.04405011	0.0	0.9371383	0.0012041607
SRR5047068	4	oral	0.011136476	0.036146987	0.0011825763	0.94925183	0.00228211
SRR5047069	4	oral	0.060035102	0.2369213	0.0018404041	0.66653407	0.03466911
SRR5047070	4	oral	0.006218906	0.032352917	0.0	0.96142817	0.0
SRR5047071	4	oral	0.03112471	0.115104005	0.00070452667	0.8502709	0.0027958306
SRR5047072	4	oral	0.036970172	0.21139857	0.0011572802	0.7398944	0.010579567
SRR5047073	4	oral	0.024749307	0.017596338	0.0	0.95674473	0.0009096244
SRR5047074	4	oral	0.04387861	0.15484534	0.0060523353	0.75864315	0.036580563
SRR5047075	4	oral	0.03827773	0.16217369	0.005551958	0.7704568	0.023539867
SRR5047076	4	oral	0.04617928	0.1825064	0.004275282	0.74143904	0.025599997
SRR5047077	4	oral	0.030720536	0.16954547	0.0015541257	0.7899155	0.008264365
SRR5047078	4	oral	0.07183935	0.23366165	0.0022320987	0.6310681	0.061198782
SRR5047079	4	oral	0.005698189	0.018054383	0.0	0.97465783	0.0015896171
SRR5047080	4	oral	0.04644761	0.19437845	0.005175539	0.7370057	0.016992666
SRR5047081	4	oral	0.010635983	0.054577455	0.0	0.932865	0.001921553
SRR5047082	4	oral	0.050136406	0.2041402	0.0031047026	0.6724218	0.07019686
SRR5047083	4	oral	0.031207606	0.18823798	0.0032591585	0.76726466	0.010030606
SRR5047084	4	oral	0.14252305	0.22067918	0.0048674396	0.6071797	0.02475063
SRR5047085	4	oral	0.030805133	0.17786837	0.0032572579	0.7792033	0.008865939
SRR5047086	4	oral	0.09004605	0.18689464	0.003004944	0.70098215	0.019072192
SRR5047087	4	oral	0.03340905	0.1882719	0.0036270542	0.71561754	0.05907448
SRR5047088	4	oral	0.040651843	0.06999685	0.0012063001	0.88303304	0.005111992
SRR5047089	4	oral	0.009582443	0.045834072	0.00091228174	0.94069	0.0029812362
SRR5047090	4	oral	0.018670874	0.08680275	0.0011918604	0.88860476	0.004729779
SRR5047091	4	oral	0.010892081	0.032050807	0.0	0.9559642	0.001092932
SRR5047092	4	oral	0.079191655	0.35852015	0.019487519	0.32174262	0.22105806
SRR5047093	4	oral	0.073494926	0.21878411	0.004354361	0.6796401	0.023726474
SRR5047094	4	oral	0.029075796	0.09324208	0.0022983358	0.8753838	0.0
SRR5047095	4	oral	0.021350848	0.19852014	0.0031981731	0.7481707	0.028760191
SRR5047096	4	oral	0.05712929	0.31968373	0.008807166	0.56432045	0.05005937
SRR5047097	4	oral	0.060342047	0.17382675	0.0011485115	0.743582	0.021100694
SRR5047098	4	oral	0.014368806	0.048395954	0.001149099	0.9354264	0.00065970497
SRR5047099	4	oral	0.06207572	0.22369106	0.0059555904	0.63230187	0.075975746
SRR5047100	4	oral	0.018145671	0.21349162	0.006034756	0.7480184	0.014309548
SRR5047101	4	oral	0.065370135	0.21235384	0.009707059	0.6597578	0.052811183
SRR5047102	4	oral	0.062361795	0.17379259	0.0041821767	0.7331004	0.026563037
SRR5047103	4	oral	0.16961691	0.23127255	0.005015283	0.5740911	0.020004172
SRR5047104	4	oral	0.020711564	0.7637499	0.0022409258	0.18350658	0.029791014
SRR5047105	4	oral	0.04851562	0.3020078	0.005095972	0.6026041	0.04177654
SRR5047106	4	oral	0.028635055	0.10159052	0.0022983358	0.8650261	0.0024499875
SRR5047107	4	oral	0.042270705	0.60842013	0.0036661297	0.29151228	0.054130718
SRR5047108	4	oral	0.03628666	0.1568084	0.0011746362	0.80005294	0.005677363
SRR5047109	4	oral	0.019887729	0.029921606	0.0	0.94218343	0.008007222
SRR5047110	4	oral	0.04059579	0.2679897	0.008250847	0.6435031	0.039660547
SRR5047111	4	oral	0.04424972	0.8860072	0.0020855493	0.042832553	0.024824997
SRR5047112	4	oral	0.18606627	0.23531511	0.005015283	0.5551337	0.018469607
SRR5047113	4	oral	0.032885026	0.35696822	0.0011746362	0.6016102	0.0073619285
SRR5047114	4	oral	0.044214014	0.19118558	0.0041799457	0.7401084	0.020312073
SRR5047115	4	oral	0.019266319	0.052044787	0.0	0.9250699	0.0036189582
SRR5047116	4	oral	0.018935032	0.04407638	0.0011839535	0.93458897	0.0012156839
SRR5047117	4	oral	0.03139899	0.17098133	0.0035871547	0.75099796	0.04303455
SRR5047118	4	oral	0.0065664155	0.0162738	0.0	0.9771598	0.0
SRR5047119	4	oral	0.05032168	0.13663632	0.0011064752	0.8043147	0.00762088
SRR5047120	4	oral	0.043470893	0.16134319	0.002141204	0.77587926	0.017165428
SRR5047121	4	oral	0.018189391	0.097871944	0.0	0.8786194	0.005319288
SRR5047122	4	oral	0.030147107	0.09198444	0.0	0.8717679	0.006100599
SRR5047123	4	oral	0.03443886	0.059128176	0.0	0.8813345	0.02509849
SRR5047124	4	oral	0.13183446	0.17481005	0.0014817168	0.6596471	0.03222666
SRR5047125	4	oral	0.0011861442	0.8992391	0.0	0.09710931	0.0024654295
SRR5047126	4	oral	0.04973575	0.12732433	0.0024768861	0.7941885	0.026274512
SRR5047127	4	oral	0.028628204	0.61132306	0.0011645373	0.35203335	0.0068508633
SRR5047128	4	oral	0.23541544	0.09259183	0.0020729748	0.6449447	0.024974992
SRR5047129	4	oral	0.16824886	0.24978991	0.0035227335	0.5136966	0.06474189
SRR5047130	4	oral	0.09679085	0.18970668	0.004793813	0.67539996	0.0333087
SRR5047131	4	oral	0.051141843	0.2298041	0.0042504417	0.6388801	0.07592354
SRR5047132	4	oral	0.034072533	0.14491497	0.0024155541	0.8067191	0.0118778385
SRR5047133	4	oral	0.030482741	0.16116479	0.0026005965	0.7918115	0.01394035
SRR5047134	4	oral	0.02861136	0.13107069	0.0032749546	0.8143011	0.022741918
SRR5047135	4	oral	0.047941413	0.36844912	0.0033190704	0.54624236	0.034048054
SRR5047136	4	oral	0.068715215	0.34123695	0.015333516	0.3417652	0.23294914
SRR5047137	4	oral	0.03712168	0.16808242	0.0021988896	0.7850593	0.0075377184
SRR5047138	4	oral	0.007615589	0.055683646	0.0	0.93309534	0.0036054465
SRR5047139	4	oral	0.12118031	0.16815445	0.0045850193	0.68719065	0.018889533
SRR5047140	4	oral	0.033182353	0.27531615	0.0041258708	0.649849	0.03752664
SRR5047141	4	oral	0.035921164	0.14773084	0.0	0.8127217	0.0036262493
SRR5047142	4	oral	0.04200764	0.2641639	0.0046538417	0.6647618	0.024412856
SRR5047143	4	oral	0.056361917	0.19924518	0.009454606	0.6879688	0.046969492
SRR5047144	4	oral	0.0420067	0.79814947	0.0	0.15741001	0.0024337925
SRR5047145	4	oral	0.088184245	0.171051	0.004805075	0.71173584	0.024223836
SRR5047146	4	oral	0.010612227	0.042955305	0.0011536512	0.9392666	0.0060121873
SRR5047147	4	oral	0.03422366	0.1793679	0.0023150002	0.76682144	0.017271996
SRR5047148	4	oral	0.037472054	0.14447893	0.0048246067	0.78648496	0.026739454
SRR5047149	4	oral	0.037983295	0.19116125	0.0020045084	0.7493099	0.019541064
SRR5047150	4	oral	0.051757246	0.24183999	0.010340234	0.65065825	0.04540428
SRR5047151	4	oral	0.011262263	0.047081396	0.0	0.93678683	0.004869497
SRR5047152	4	oral	0.009054549	0.029458089	0.0	0.96148735	0.0
SRR5047153	4	oral	0.003975545	0.036514968	0.0	0.95863724	0.00087222486
SRR5047154	4	oral	0.013213917	0.7946659	0.0	0.18964902	0.0024711816
SRR5047155	4	oral	0.05709508	0.0563002	0.002467604	0.87957644	0.0045606657
SRR5047156	4	oral	0.039102986	0.25055295	0.004067657	0.6776055	0.028670877
SRR5047157	4	oral	0.05114447	0.1272056	0.0039044595	0.7925961	0.025149375
SRR5047158	4	oral	0.076775655	0.13808997	0.004451746	0.76938635	0.011296301
SRR5047159	4	oral	0.038477357	0.88032866	0.002405241	0.053931724	0.024857027
SRR5047160	4	oral	0.08079869	0.28820372	0.015944958	0.43702218	0.17803046
SRR5047161	4	oral	0.036029045	0.16188695	0.001403374	0.7909747	0.009705955
SRR5047162	4	oral	0.028850833	0.10935616	0.00091228174	0.8574575	0.00342323
SRR5047163	4	oral	0.031763565	0.20053987	0.004253775	0.7551175	0.008325335
SRR5047164	4	oral	0.054105043	0.21603605	0.0038597719	0.7081134	0.01788577
SRR5047165	4	oral	0.030874612	0.19810975	0.0045078704	0.7554977	0.0110101
SRR5047166	4	oral	0.03485735	0.19394864	0.0049224934	0.7520863	0.014185227
SRR5047167	4	oral	0.07262988	0.41772023	0.00469084	0.4519255	0.053033553
SRR5047168	4	oral	0.045370698	0.5668062	0.00023681717	0.37756628	0.010020005
SRR5047169	4	oral	0.035801522	0.2013771	0.004544591	0.7444285	0.013848278
SRR5047170	4	oral	0.036073193	0.23278528	0.0	0.72305423	0.008087274
SRR5047171	4	oral	0.04414726	0.13652845	0.0021701427	0.73157805	0.08557609
SRR5047172	4	oral	0.02293567	0.10341121	0.0	0.8656729	0.007980256
SRR5047173	4	oral	0.04200158	0.2543458	0.0021945613	0.6766245	0.024833588
SRR5047174	4	oral	0.046586044	0.5679859	0.0047015822	0.28869575	0.09203076
SRR5047175	4	oral	0.14074312	0.2018676	0.008382136	0.62440366	0.024603486
SRR5047176	4	oral	0.070965596	0.21178396	0.0038293805	0.6868832	0.026537888
SRR5047177	4	oral	0.0047420515	0.022470767	0.0	0.97039014	0.0023970467
SRR5047178	4	oral	0.03681796	0.12027805	0.00125	0.84079605	0.00085793796
SRR5047179	4	oral	0.011662187	0.04786424	0.0	0.939226	0.0012476152
SRR5047180	4	oral	0.031287625	0.6032067	0.0011970339	0.35153788	0.012770724
SRR5047181	4	oral	0.09310824	0.22366579	0.10893687	0.5536925	0.02059658
SRR5047182	4	oral	0.038782794	0.1053588	0.0009353042	0.84262264	0.012300467
SRR5047183	4	oral	0.041907985	0.08218072	0.0011536512	0.8570433	0.017714327
SRR5047184	4	oral	0.0068789274	0.030170815	0.0	0.9594581	0.0034921255
SRR5047185	4	oral	0.034661766	0.086337924	0.0011968462	0.87673575	0.0010676864
SRR5047186	4	oral	0.037599623	0.086497754	0.0011918604	0.8674176	0.0072931787
SRR5047187	4	oral	0.03802999	0.19482765	0.0008701482	0.7544625	0.011809743
SRR5047188	4	oral	0.0077771815	0.7489062	0.0	0.24331665	0.0
SRR5047189	4	oral	0.03777463	0.15166707	0.0032238795	0.8025365	0.0047979234
SRR5047190	4	oral	0.009119233	0.018148204	0.0	0.97186035	0.00087222486
SRR5047191	4	oral	0.04580021	0.18969281	0.0011918604	0.7515143	0.011800823
SRR5047192	4	oral	0.19440585	0.23659928	0.004670054	0.5476812	0.016643617
SRR5047193	4	oral	0.01576736	0.1219211	0.0011064752	0.85700375	0.0042013475
SRR5047194	4	oral	0.0072833784	0.8294626	0.0	0.16100056	0.0022534449
SRR5047195	4	oral	0.023173383	0.07155665	0.0011918604	0.8967514	0.0073267263
SRR5047196	4	oral	0.06079546	0.15146837	0.006293285	0.748465	0.03297786
SRR5047197	4	oral	0.0058293412	0.011304007	0.0	0.98286664	0.0
SRR5047198	4	oral	0.032051783	0.20956556	0.0021087464	0.74901277	0.0072611514
SRR5047199	4	oral	0.058567803	0.15544683	0.0022361346	0.75844055	0.025308667
SRR5047200	4	oral	0.048807923	0.43390173	0.0	0.50891596	0.008374389
SRR5047201	4	oral	0.030089507	0.1849581	0.008438363	0.756758	0.019756058
SRR5047202	4	oral	0.048036475	0.23111734	0.003405408	0.6742823	0.043158464
SRR5047203	4	oral	0.10001437	0.18605189	0.005018648	0.68347555	0.025439525
SRR5047204	4	oral	0.051433653	0.14368887	0.0037421915	0.7636553	0.03748
SRR866660	4	skeletal tissue	0.110995434	0.35392016	0.04353624	0.43894464	0.052603506
SRR866662	4	skeletal tissue	0.06298167	0.4448036	0.0057301754	0.37551373	0.11097082
SRR866663	4	skeletal tissue	0.20079565	0.41381025	0.031360447	0.19132978	0.16270389
SRR866665	4	skeletal tissue	0.09644551	0.26468965	0.0147829065	0.58829665	0.03578525
SRR866666	4	skeletal tissue	0.07158185	0.38190338	0.019112282	0.3962621	0.13114035
SRR867031	4	skeletal tissue	0.14216329	0.21377583	0.0053872913	0.6168435	0.021830052
SRR867032	4	skeletal tissue	0.13315682	0.1919477	0.0039266953	0.649133	0.021835754
SRR867033	4	skeletal tissue	0.15238278	0.21699229	0.0053988704	0.60083675	0.024389317
SRR867034	4	skeletal tissue	0.16041692	0.2166703	0.004893698	0.59589595	0.02212314
SRR867036	4	skeletal tissue	0.1275642	0.18954153	0.0047782524	0.6597623	0.018353695
SRR867037	4	skeletal tissue	0.12638827	0.19107112	0.0036353045	0.6636989	0.015206404
SRR867038	4	skeletal tissue	0.15339579	0.20025437	0.0065857493	0.6254743	0.0142898215
SRR867039	4	skeletal tissue	0.1124057	0.16635339	0.0037048166	0.70383966	0.013696404
