Run_accession	fold	y_true	p_gut	p_oral	p_plant tissue	p_skeletal tissue	p_soft tissue
ERR3579671	0	oral	0.027202733	0.78157693	0.0017974725	0.14999206	0.039430767
ERR3579672	0	oral	0.00059877185	0.9989132	6.189553e-07	0.0004727254	1.46454e-05
ERR3579673	0	oral	2.6036914e-05	0.9999503	1.7929772e-09	2.3645869e-05	1.3937159e-09
ERR3579674	0	oral	0.00052424776	0.99336046	5.1543715e-08	0.0061152293	2.842873e-09
ERR3579675	0	oral	7.344879e-05	0.9999218	1.7494084e-15	4.7801454e-06	1.3764169e-13
ERR3579676	0	oral	0.040197443	0.8696594	0.0013929384	0.08618756	0.0025626083
ERR3579677	0	oral	0.0013134996	0.9756602	8.462309e-05	0.022408366	0.00053329463
ERR3579678	0	oral	0.00047224073	0.9894888	1.4592373e-05	0.009920057	0.00010430217
ERR3579680	0	oral	0.00016547945	0.9998344	3.7351573e-08	7.152587e-08	1.6582042e-08
ERR3579681	0	oral	0.24814278	0.47124726	0.00077930215	0.27827197	0.0015586881
ERR3579682	0	oral	0.03202454	0.22752258	0.0006203213	0.73963857	0.00019402138
ERR3579683	0	oral	0.01789422	0.9786331	2.3379493e-05	0.003161577	0.00028774486
ERR3579685	0	oral	0.0070184018	0.98910826	4.275505e-05	0.003641717	0.00018888745
ERR3579687	0	oral	0.0412875	0.95459634	0.0001432636	0.0016385282	0.0023343484
ERR3579688	0	oral	1.1347188e-09	0.99999994	3.9627536e-17	5.192675e-08	7.309342e-15
ERR3579699	0	oral	2.597791e-06	0.9999905	7.478672e-11	6.7334518e-06	1.3669784e-07
ERR3579700	0	oral	0.0010578135	0.9986043	1.2864638e-07	0.00033318342	4.551051e-06
ERR3579701	0	oral	0.003963339	0.9940798	5.545978e-06	0.0018536878	9.7594515e-05
ERR3579702	0	oral	0.013858242	0.81784284	2.8630726e-05	0.16696359	0.0013066758
ERR3579703	0	oral	0.007528782	0.8522979	1.4863871e-05	0.13988838	0.00027004653
ERR3579704	0	oral	0.023666566	0.43767768	0.00018001818	0.538444	3.1754225e-05
ERR3579705	0	oral	9.124747e-06	0.99995905	3.0096968e-05	1.5770192e-06	1.2943447e-07
ERR3579706	0	oral	0.00012478349	0.9974691	0.002343517	5.42344e-05	8.32699e-06
ERR3579707	0	oral	9.285483e-10	1.0	3.2889073e-14	1.7489638e-09	1.1217576e-13
ERR3579708	0	oral	2.9802047e-06	0.9999933	2.4480214e-13	3.7043674e-06	3.5686665e-11
ERR3579709	0	oral	0.0019503977	0.9971107	1.0222298e-06	0.00086069823	7.714643e-05
ERR3579710	0	oral	1.8123378e-06	0.9999972	3.6690062e-10	9.707046e-07	1.06365485e-08
ERR3579711	0	oral	0.0025394873	0.99732465	2.661402e-07	0.00013458909	1.0109065e-06
ERR3579712	0	oral	2.1218398e-06	0.999916	2.605998e-12	8.1878425e-05	2.8944416e-10
ERR3579713	0	oral	5.3416592e-05	0.9995608	6.668794e-11	0.0003858055	1.6332494e-08
ERR3579714	0	oral	2.4513067e-06	0.99888253	1.5870354e-15	0.001114996	3.5079356e-13
ERR3579715	0	oral	0.0005035155	0.9994321	4.6481038e-08	6.308676e-05	1.2772474e-06
ERR3579716	0	oral	0.003522154	0.99583066	5.891747e-06	0.00057247916	6.8824935e-05
ERR3579719	0	oral	0.0014031853	0.95828253	1.4053151e-06	0.040312894	7.5006765e-09
ERR3579720	0	oral	0.13547897	0.19767661	0.024837375	0.59900916	0.042997885
ERR3579721	0	oral	8.808973e-06	0.9999907	3.4881986e-10	4.857307e-07	1.8757772e-08
ERR3579722	0	oral	1.2991177e-06	0.99960834	8.659694e-14	0.00039034686	1.9930741e-11
ERR3579723	0	oral	3.9182904e-08	0.9999438	9.626393e-18	5.615242e-05	6.7689987e-16
ERR3579726	0	oral	0.007822767	0.94075733	2.1587066e-05	0.05111789	0.0002804495
ERR3579727	0	oral	0.014498777	0.8952467	3.260019e-05	0.08974752	0.00047440836
ERR3579728	0	oral	1.1803443e-10	1.0	6.651333e-17	5.210909e-10	2.3337983e-17
ERR3579729	0	oral	2.0863019e-15	1.0	2.2008108e-27	3.3219182e-13	4.1568016e-30
ERR3579730	0	oral	1.9481688e-10	1.0	1.678571e-15	1.8898275e-08	3.3033489e-15
ERR3579731	0	oral	1.877831e-05	0.9999805	4.929949e-12	7.01387e-07	3.2547532e-13
ERR3579732	0	oral	1.410443e-11	1.0	3.8837463e-21	5.7511227e-12	6.2938347e-22
ERR3579733	0	oral	4.5660524e-08	0.99999774	6.3830343e-13	2.2092056e-06	7.8445605e-14
ERR3579734	0	oral	0.013567275	0.6488297	0.00012566843	0.33747295	4.3996547e-06
ERR3579735	0	oral	2.1943816e-09	0.99999994	2.6820792e-15	5.8517912e-08	1.8939357e-14
ERR3579738	0	oral	7.6607976e-17	1.0	1.0508604e-28	8.294011e-15	1.529793e-25
ERR3579740	0	oral	4.674048e-16	1.0	4.9488892e-27	4.3050608e-11	3.8655194e-24
ERR3579741	0	oral	6.0445164e-17	1.0	1.5881766e-29	2.4056477e-15	3.135054e-28
ERR3579742	0	oral	2.394025e-16	1.0	1.0304553e-28	1.7010507e-14	3.6420017e-27
ERR3579743	0	oral	0.0006579433	0.99877125	1.9887979e-05	0.0004852523	6.564645e-05
ERR3579744	0	oral	0.00061318587	0.9990146	1.4166616e-05	0.00030722894	5.0826297e-05
ERR3579745	0	oral	2.2444033e-06	0.9999277	1.1967637e-09	7.0032715e-05	3.5960856e-13
ERR3579746	0	oral	1.460418e-09	1.0	1.5619235e-15	1.9700105e-08	1.4061775e-15
ERR3579747	0	oral	1.5838612e-09	0.99999994	8.4091214e-17	4.886201e-08	1.1602747e-17
ERR3579748	0	oral	1.0389433e-05	0.999942	1.0276607e-09	4.7576155e-05	1.5780888e-10
ERR3579749	0	oral	0.00025299395	0.99964845	2.4155007e-09	9.5370015e-05	3.176153e-06
ERR3579750	0	oral	0.07923185	0.8158228	0.00015695655	0.104337335	0.00045110268
ERR3579751	0	oral	0.0012981795	0.99757266	1.4483683e-09	0.0011291004	8.410321e-08
ERR3579752	0	oral	1.8650724e-07	0.99982965	5.5660094e-13	0.00017018609	1.8333848e-12
ERR3579753	0	oral	1.3869149e-09	0.99999994	1.4444622e-17	4.055294e-08	1.6314946e-16
ERR3579754	0	oral	0.021660643	0.00400139	0.00029274775	0.9740452	5.8827054e-09
ERR3579755	0	oral	4.9974943e-07	0.9999962	2.7491372e-11	3.292351e-06	2.21003e-10
ERR3579756	0	oral	1.180687e-05	0.999878	2.1418604e-08	0.000109880166	2.9419326e-07
ERR3579757	0	oral	1.0064805e-05	0.9999889	4.1552486e-09	9.770281e-07	1.6148952e-08
ERR3579758	0	oral	6.2420644e-05	0.99992555	1.5483856e-07	1.0718991e-05	1.1222024e-06
ERR3579759	0	oral	2.2604944e-07	0.9999805	5.684181e-18	1.9273333e-05	9.729387e-15
ERR3579760	0	oral	0.00023586325	0.98533916	8.710559e-12	0.014424995	1.6175293e-09
ERR3579761	0	oral	6.0514765e-05	0.99333864	4.796527e-13	0.006600818	1.1780509e-10
ERR3579762	0	oral	0.00022456373	0.99248433	5.465598e-11	0.0072910604	4.178394e-08
ERR3579763	0	oral	5.3791035e-07	0.999995	3.4286448e-16	4.4901108e-06	6.420425e-14
ERR3579764	0	oral	0.00014857175	0.9964315	4.9396147e-12	0.003419926	5.914807e-10
ERR3579765	0	oral	0.051105008	0.33163896	0.004900011	0.56513566	0.04722034
ERR3579766	0	oral	0.0006822813	0.9984934	4.1055505e-12	0.0008243588	1.5998028e-10
ERR3579767	0	oral	0.0013401471	0.99853206	3.1830456e-12	0.00012777348	1.2559886e-10
ERR3579768	0	oral	0.003958127	0.9943308	1.2368047e-08	0.0017102634	7.6385913e-07
ERR3579774	0	oral	3.3894118e-14	1.0	1.408121e-25	6.0915353e-12	2.9755518e-24
ERR3579775	0	oral	1.7341424e-08	0.9999995	6.338682e-20	4.4774674e-07	4.568221e-17
ERR3579776	0	oral	0.003559398	0.99523044	6.604767e-06	0.0011511049	5.2458403e-05
ERR3579777	0	oral	0.027607623	0.9575722	1.3707797e-05	0.014801741	4.709513e-06
ERR3579779	0	oral	0.008062131	0.991287	0.00013806809	0.00047863636	3.4188986e-05
ERR3579781	0	oral	4.4416687e-05	0.99993354	8.366225e-06	1.3420103e-05	2.56263e-07
ERR3579782	0	oral	0.0005019126	0.9975923	0.0018857864	1.8428987e-05	1.5944601e-06
ERR3579783	0	oral	2.0605823e-06	0.99999774	3.8656364e-15	2.1675235e-07	6.977239e-17
ERR3579784	0	oral	2.397338e-06	0.9907207	1.6940148e-10	0.009276937	1.6039516e-09
ERR3579785	0	oral	4.077464e-06	0.9999952	4.9738674e-10	6.945636e-07	6.5628804e-08
ERR3579786	0	oral	3.0583743e-07	0.99999964	2.776224e-15	2.4273803e-08	3.8260688e-14
ERR3579787	0	oral	6.9437145e-14	1.0	2.2563317e-24	2.57162e-08	4.719741e-22
ERR3579788	0	oral	2.1678708e-09	0.9999997	5.297414e-18	2.9388957e-07	9.843074e-18
ERR3579789	0	oral	4.5417805e-14	1.0	5.249217e-26	4.3218615e-10	9.47979e-24
ERR3579790	0	oral	9.939271e-16	1.0	2.3232223e-28	2.5112228e-11	2.714149e-26
ERR3579791	0	oral	1.6262218e-13	1.0	1.2183635e-26	1.0963902e-09	9.268293e-27
ERR3579792	0	oral	0.023117617	0.97660035	0.00021294027	1.4411032e-05	5.4678774e-05
ERR3579793	0	oral	0.013165149	0.9868111	2.2831282e-05	8.480525e-07	6.645287e-08
ERR3579796	0	oral	0.0035150524	0.9955835	0.0005909002	7.191787e-05	0.00023866622
ERR3579797	0	oral	0.049006153	0.9506449	0.00034365585	2.0735924e-06	3.216914e-06
ERR3579798	0	oral	0.03277943	0.96584946	0.0006306541	0.00040955775	0.000330871
ERR3579799	0	oral	0.009164	0.9885044	0.0004583952	0.0001441022	0.0017291204
ERR3579800	0	oral	9.366047e-06	0.99998975	6.769449e-13	8.626231e-07	2.0741259e-13
ERR3579801	0	oral	4.786339e-15	1.0	1.7686522e-24	1.4278005e-10	5.189351e-24
ERR3579802	0	oral	1.0856105e-13	1.0	2.62148e-26	3.0565213e-09	2.2226067e-25
ERR3579803	0	oral	6.073935e-13	1.0	7.7911714e-25	5.7209054e-10	4.3309177e-23
ERR3579804	0	oral	4.7883044e-17	1.0	1.8993665e-31	4.3695838e-14	8.776367e-30
ERR3579805	0	oral	1.3838244e-13	1.0	6.423941e-26	3.6317543e-10	2.4899976e-24
ERR3579806	0	oral	1.4373323e-10	1.0	8.4202624e-20	4.2781844e-11	1.9801569e-17
ERR3579807	0	oral	0.009537602	0.07507839	1.162863e-05	0.91537225	1.4797477e-07
ERR3579809	0	oral	1.3057569e-14	1.0	5.330532e-23	1.3383124e-10	2.7662805e-22
ERR3579810	0	oral	4.2078624e-18	1.0	1.0995125e-31	2.371122e-13	5.2362168e-33
ERR3579811	0	oral	0.0315886	0.33888307	0.003623978	0.61832374	0.007580634
ERR3579812	0	oral	0.010318184	0.39562812	0.0008062447	0.59049183	0.0027556496
ERR3579813	0	oral	0.00916436	0.8748671	0.0006278592	0.10928249	0.006058234
ERR3579814	0	oral	0.01115272	0.9056795	0.00063330843	0.07516007	0.007374373
ERR3579815	0	oral	0.048145507	0.26039377	0.0082327565	0.6270837	0.056144238
ERR3579816	0	oral	0.041109096	0.22270301	0.007096234	0.682038	0.047053635
ERR3579817	0	oral	0.00016479398	0.9819162	3.0217113e-06	0.017908812	7.1908257e-06
ERR3579818	0	oral	0.00011436709	0.999814	1.3554502e-08	7.159308e-05	5.278973e-08
ERR3579827	0	oral	1.8505048e-08	0.9999999	4.5562966e-16	8.6806985e-08	8.51673e-19
ERR3579828	0	oral	0.022132387	0.9757287	5.579187e-05	0.0020618297	2.1319396e-05
ERR3579829	0	oral	0.082437016	0.8915485	0.00042926468	0.025063507	0.0005216687
ERR3579830	0	oral	0.08797452	0.07709499	0.0003321397	0.83459836	1.08215e-08
ERR3678173	0	oral	0.0075389547	0.96744764	0.00011145592	0.021053854	0.003848119
ERR3678174	0	oral	2.4491874e-06	0.9999958	1.3575006e-12	1.7062923e-06	1.7116216e-11
ERR3678175	0	oral	0.0008711121	0.99904335	1.9993126e-05	6.227359e-05	3.295619e-06
ERR3678176	0	oral	3.7531298e-12	0.99999994	1.1410789e-18	3.1781486e-08	1.0045339e-17
ERR3678177	0	oral	1.1195247e-12	1.0	3.0861243e-20	9.841555e-09	2.6798124e-19
ERR3678179	0	oral	9.525092e-05	0.99990475	5.9435052e-09	1.1918933e-08	2.8454258e-10
ERR3678180	0	oral	0.079218	0.91843724	3.025905e-05	0.0023064625	8.0233895e-06
ERR3678181	0	oral	0.119812064	0.7472493	0.000624575	0.13226172	5.2309777e-05
ERR3678182	0	oral	0.00015554276	0.999838	2.7869511e-08	6.151444e-06	2.890642e-07
ERR3678184	0	oral	7.365753e-05	0.99990714	4.6375862e-07	1.8508352e-05	2.2912972e-07
ERR3678186	0	oral	0.00028980637	0.999709	4.0072594e-09	1.1359054e-06	1.5219014e-08
ERR3678187	0	oral	1.4336492e-13	1.0	2.0466715e-28	4.5916803e-12	1.0532163e-27
ERR3678595	0	gut	0.9947051	0.0037029919	9.3218565e-05	0.0014360507	6.263965e-05
ERR3678596	0	gut	0.9622235	0.03318706	9.2847775e-05	0.00438159	0.00011502376
ERR3678598	0	gut	0.9804763	0.00958105	0.0005266744	0.0073759276	0.0020400367
ERR3678599	0	gut	0.9752052	0.020171098	9.5440606e-05	0.004347758	0.00018052074
ERR3678600	0	gut	0.977228	0.005162758	0.00058710855	0.009243336	0.007778832
ERR3678602	0	gut	0.9734075	0.013712502	0.00069628365	0.010962036	0.0012216489
ERR3678603	0	gut	0.9925552	0.0034727543	0.00074498425	0.0030849064	0.00014216121
ERR3678604	0	gut	0.9880084	0.010631094	1.331214e-05	0.0013392856	7.956347e-06
ERR3678605	0	gut	0.9481497	0.047889434	5.0554925e-05	0.0038694262	4.0911826e-05
ERR3678606	0	gut	0.9851611	0.010006256	8.5909756e-05	0.0046913396	5.539375e-05
ERR3678607	0	gut	0.96593213	0.029341929	0.00018411691	0.0044293576	0.00011246966
ERR3678609	0	gut	0.93830395	0.0519975	0.00010400039	0.009467691	0.0001268851
ERR3678610	0	gut	0.059293725	0.23847528	0.01067167	0.6055903	0.085969046
ERR3678611	0	gut	0.88257176	0.08992965	0.0005743732	0.025063956	0.0018602957
ERR3678612	0	gut	0.9904986	0.004063604	0.00032541735	0.0026435978	0.0024687548
ERR3678613	0	gut	0.95280254	0.032194052	0.00018071939	0.014459629	0.00036308597
ERR3678614	0	gut	0.9975337	0.00034456712	0.00011175502	0.00041273425	0.0015972768
ERR3678615	0	gut	0.9532609	0.023089755	0.00024121317	0.022756157	0.00065197796
ERR3678616	0	gut	0.98280346	0.006572382	0.00021752724	0.00990817	0.00049847236
ERR3678617	0	gut	0.97375685	0.02359808	0.000108783	0.0023722514	0.00016404907
ERR3678618	0	gut	0.99576044	0.0007137316	0.00017580901	0.0014708987	0.0018791023
ERR3678619	0	gut	0.9795618	0.01799953	0.000112064474	0.0020941617	0.00023243034
ERR3678620	0	gut	0.98180735	0.003922611	0.00029680986	0.0045099705	0.009463268
ERR3678622	0	gut	0.99311805	0.0019417108	0.0008679032	0.0036915108	0.0003808256
ERR3678623	0	gut	0.9948583	0.00054182997	0.00020600796	0.0032074777	0.0011863788
ERR3678625	0	gut	0.9849324	0.005968747	0.0005967334	0.0078026145	0.0006995088
ERR3678626	0	gut	0.98954713	0.0024111038	0.00024800072	0.004027986	0.0037657525
ERR3678627	0	gut	0.99866885	0.0006106728	0.00011097153	0.00060352153	5.9736076e-06
ERR3678628	0	gut	0.9986444	9.882816e-05	0.00026239443	0.00042528508	0.0005690818
ERR3678629	0	gut	0.9969243	0.00046279636	0.00017424684	0.0014855829	0.0009530893
ERR3678727	0	oral	1.9538897e-08	1.0	8.786881e-21	9.922851e-10	2.414453e-23
ERR3906046	0	oral	3.962763e-05	0.9999575	3.3055574e-07	2.5478898e-06	1.6113694e-10
ERR5863536	0	gut	0.97603804	0.00071904203	0.002367025	0.015075322	0.0058005475
ERR6093854	0	oral	0.061717346	0.44144493	0.005890423	0.4302971	0.06065018
ERR6093855	0	oral	0.06577875	0.6311114	0.005452931	0.25699735	0.040659595
ERR6093856	0	oral	0.0739783	0.54206264	0.005831929	0.33685195	0.0412752
ERR6093857	0	oral	0.04929446	0.5256616	0.0046437304	0.3880658	0.032334417
ERR6093858	0	oral	0.08684291	0.21110868	0.009792408	0.6122199	0.08003604
ERR6093859	0	oral	0.09787736	0.32342172	0.01018882	0.4775192	0.090992905
ERR6093860	0	oral	0.13501918	0.33963788	0.012786971	0.4402968	0.07225917
ERR6093861	0	oral	0.13000272	0.30413228	0.013095742	0.4773599	0.07540935
ERR6093862	0	oral	0.05600615	0.9258468	0.0008959788	0.010448561	0.0068025207
ERR6093863	0	oral	0.08041241	0.9035716	0.0007556874	0.0063007115	0.008959581
ERR6093864	0	oral	0.039354026	0.9466291	0.00054012984	0.0035994055	0.009877358
ERR6093865	0	oral	0.03717925	0.9492819	0.00044604798	0.004370892	0.008721915
ERR6093866	0	oral	0.26172888	0.72428614	0.0005613321	0.007772413	0.0056512672
ERR6093867	0	oral	0.22846602	0.7279263	0.0005904098	0.035725728	0.0072915107
ERR6093868	0	oral	0.07000752	0.9224511	0.00021786964	0.004201293	0.0031222238
ERR6093869	0	oral	0.17431685	0.81223136	0.00037140123	0.0075633903	0.0055170176
ERR6093870	0	oral	0.53668576	0.4617098	3.0265239e-05	0.0012363846	0.0003377789
ERR6093871	0	oral	0.39069352	0.608363	2.2287844e-05	0.0007070757	0.00021412403
ERR6093872	0	oral	0.5851313	0.41342646	3.079243e-05	0.0010601864	0.0003512407
ERR6093874	0	oral	0.3831832	0.614482	3.0776566e-05	0.002105735	0.00019830864
ERR6093875	0	oral	0.9784084	0.021573553	4.314277e-07	4.864716e-06	1.2761081e-05
ERR6093876	0	oral	0.99069774	0.009291346	2.158488e-07	3.6806273e-06	7.0362867e-06
ERR6093877	0	oral	0.9787873	0.021194154	3.9414894e-07	7.399816e-06	1.0730466e-05
ERR6093878	0	oral	0.98655945	0.013428777	2.4734183e-07	3.8265907e-06	7.716903e-06
ERR6093879	0	oral	0.67312944	0.3236081	2.5581016e-05	0.00063192326	0.0026049374
ERR6093880	0	oral	0.4579823	0.54019284	1.7160693e-05	0.0004176675	0.0013900083
ERR6093881	0	oral	0.46114793	0.536925	1.9171994e-05	0.00036150104	0.0015463622
ERR6093882	0	oral	0.5066276	0.49083084	2.00268e-05	0.0012812674	0.0012402489
ERR6093883	0	oral	0.8088794	0.18955001	6.5981085e-06	5.8348018e-05	0.0015056703
ERR6093885	0	oral	0.92624456	0.071479015	3.4461582e-06	1.1726638e-05	0.0022612507
ERR6093886	0	oral	0.813212	0.1834088	7.562355e-06	6.5286185e-05	0.0033063798
ERR6093887	0	oral	0.8530142	0.14516732	8.5490765e-06	7.261822e-05	0.0017373144
ERR6093888	0	oral	0.08684212	0.9020894	2.3337238e-06	0.011017844	4.8308022e-05
ERR6093889	0	oral	0.051162194	0.9405119	1.3769926e-06	0.008308039	1.6525117e-05
ERR6093890	0	oral	0.06506669	0.9323768	1.0097452e-06	0.0025479652	7.5580924e-06
ERR6093891	0	oral	0.048041463	0.94010097	1.870991e-06	0.011815921	3.9794202e-05
ERR6093893	0	oral	0.2503634	0.7189758	0.00031977627	0.0054630064	0.024877988
ERR6093894	0	oral	0.6339593	0.3149032	0.000736711	0.021413427	0.028987346
ERR6093896	0	oral	0.4792382	0.45688695	0.00091915723	0.016277852	0.046677843
ERR6093897	0	oral	0.46406844	0.4483449	0.00073121756	0.023095803	0.063759625
ERR6093899	0	oral	0.54898685	0.44830814	1.7657863e-05	0.0015623923	0.0011249792
ERR6093900	0	oral	0.47181085	0.5254946	1.8596522e-05	0.0013743512	0.0013015944
ERR6093901	0	oral	0.61141664	0.38514614	1.8012453e-05	0.0019689687	0.0014502346
ERR6093902	0	oral	0.6794269	0.31816354	1.5741844e-05	0.0015622523	0.00083152624
ERR6093903	0	oral	0.106651075	0.85121286	0.00047889684	0.025273679	0.01638348
ERR6093904	0	oral	0.11704231	0.8219487	0.0005423829	0.039398395	0.021068187
ERR6093905	0	oral	0.07013775	0.89216	0.00038049012	0.014320984	0.023000764
ERR6093906	0	oral	0.084807254	0.8599321	0.00049324456	0.024312986	0.030454393
ERR6093907	0	oral	0.7439923	0.25583905	1.9759957e-06	1.8891422e-05	0.00014775699
ERR6093908	0	oral	0.3514939	0.6482959	1.3157385e-06	1.10198425e-05	0.00019787438
ERR6093909	0	oral	0.5519599	0.44792116	1.5002968e-06	9.368853e-06	0.00010809372
ERR6093910	0	oral	0.6071216	0.39279103	1.8903849e-06	1.5082828e-05	7.0408e-05
ERR6093912	0	oral	0.39283827	0.5058396	0.00043269992	0.0011745222	0.09971495
ERR6093913	0	oral	0.298831	0.6651363	0.00029788972	0.0016012936	0.034133546
ERR6093914	0	oral	0.55475605	0.37792537	0.00025494228	0.0010228961	0.06604073
ERR6093916	0	oral	0.49587741	0.47397143	0.00040703765	0.004739627	0.025004497
ERR6093917	0	oral	0.8009318	0.1982667	1.7898501e-06	3.92741e-05	0.0007604536
ERR6093919	0	oral	0.82725024	0.17235844	2.0141006e-06	0.00015002441	0.00023926464
ERR6093920	0	oral	0.90369487	0.09591484	1.6588441e-06	0.00010591437	0.0002827112
ERR6093921	0	oral	0.88139766	0.118412726	1.39868e-06	8.074707e-05	0.00010747704
ERR6093922	0	oral	0.06918748	0.92958623	1.6686404e-06	0.0012227137	1.929967e-06
ERR6093923	0	oral	0.19938707	0.7975973	2.1503315e-06	0.0030112949	2.2149404e-06
ERR6093924	0	oral	0.114937566	0.884004	1.4043947e-06	0.001056475	5.5180203e-07
ERR6093926	0	oral	0.20393497	0.7940777	2.0328694e-06	0.001983831	1.5046393e-06
ERR6093927	0	oral	0.33473647	0.65923244	0.00030028785	0.0029881818	0.0027426637
ERR6093928	0	oral	0.46225187	0.51827645	0.00063019455	0.0065358346	0.0123056155
ERR6093929	0	oral	0.40925187	0.5835878	0.00034840356	0.0023477338	0.004464186
ERR6093930	0	oral	0.6744976	0.31303626	0.0004930186	0.0038486416	0.00812445
ERR6093931	0	oral	0.7930996	0.17768882	0.017299889	0.008795692	0.0031160272
ERR6093932	0	oral	0.87221605	0.104059875	0.012908131	0.010088711	0.0007272048
ERR6093934	0	oral	0.82560724	0.14591467	0.016045617	0.011468587	0.0009639002
ERR6093935	0	oral	0.80406964	0.1320891	0.041078784	0.0191743	0.0035881943
ERR6093936	0	oral	0.1393419	0.6307843	0.00032410046	0.2264795	0.0030702332
ERR6093937	0	oral	0.20459382	0.4391319	0.0003612542	0.35174558	0.004167461
ERR6093938	0	oral	0.24421196	0.4566444	0.000423792	0.2901474	0.008572483
ERR6093939	0	oral	0.15254702	0.5227027	0.00041784413	0.31992537	0.0044070985
ERR6093941	0	oral	0.8363483	0.16361696	2.686769e-06	1.6456186e-06	3.043639e-05
ERR6093942	0	oral	0.71804416	0.28188112	2.851479e-06	2.4539438e-06	6.9431815e-05
ERR6093943	0	oral	0.889049	0.110924385	9.657343e-07	2.3212178e-06	2.3358289e-05
ERR6093945	0	oral	0.7834547	0.21646875	1.566176e-06	1.8966775e-06	7.306611e-05
ERR6093946	0	oral	0.50996125	0.3735257	0.0016482666	0.01830895	0.09655579
ERR6093947	0	oral	0.32943758	0.58964705	0.0015591752	0.01773917	0.061617035
ERR6093948	0	oral	0.36930594	0.55749226	0.0016926145	0.021776283	0.049732912
ERR6093949	0	oral	0.3172601	0.6194433	0.0014127707	0.024829963	0.037053887
ERR6093950	0	oral	0.10681996	0.85866517	0.00041827862	0.023811145	0.010285435
ERR6093951	0	oral	0.07365264	0.9048971	0.00031114818	0.0149705345	0.006168562
ERR6093952	0	oral	0.14138174	0.814204	0.00041885237	0.03810349	0.005891932
ERR6093953	0	oral	0.116831586	0.84396327	0.00046817132	0.034031276	0.00470571
ERR6093954	0	oral	0.076713964	0.4320916	0.008124374	0.41267818	0.070391886
ERR6093955	0	oral	0.08330555	0.42993724	0.0074644485	0.41479257	0.064500175
ERR6093956	0	oral	0.08781337	0.39316002	0.007733394	0.4427734	0.06851982
ERR6093957	0	oral	0.09380634	0.43352354	0.006911051	0.40340245	0.06235662
ERR6093958	0	oral	0.6474718	0.34982225	5.955343e-05	0.0012105501	0.0014358858
ERR6093959	0	oral	0.62160134	0.37255055	6.561443e-05	0.0015020159	0.0042804643
ERR6093960	0	oral	0.55147976	0.4441168	5.609351e-05	0.001798277	0.0025490448
ERR6093961	0	oral	0.48656383	0.50978774	7.024357e-05	0.000892234	0.002685921
ERR6093963	0	oral	0.5140644	0.48434576	3.142501e-05	0.0010046703	0.0005537824
ERR6093964	0	oral	0.6568277	0.34115672	2.879809e-05	0.0016259257	0.00036086407
ERR6093965	0	oral	0.567552	0.42908305	2.88324e-05	0.0020867197	0.0012494255
ERR6093966	0	oral	0.49734303	0.50008124	2.7323069e-05	0.0020590238	0.0004893906
ERR6093967	0	oral	0.6479088	0.34928504	4.3175725e-05	0.00063185504	0.002131118
ERR6093968	0	oral	0.61617035	0.3794899	5.119839e-05	0.0012227948	0.003065793
ERR6093969	0	oral	0.63541895	0.36135915	3.7164555e-05	0.0003207712	0.0028639715
ERR6093970	0	oral	0.659577	0.33765423	3.8858278e-05	0.00045134075	0.0022785875
ERR6093972	0	oral	0.20449603	0.5958311	6.274627e-05	0.0028925987	0.19671752
ERR6096533	0	oral	0.1799848	0.72410405	4.7547655e-05	0.00305125	0.09281236
ERR6096535	0	oral	0.18907616	0.70824087	5.4071952e-05	0.0036870183	0.09894186
ERR6096536	0	oral	0.22747476	0.6722613	4.6471403e-05	0.0013379027	0.09887957
ERR6096537	0	oral	0.05556929	0.28102294	0.01049312	0.56945634	0.08345831
ERR6096538	0	oral	0.05921387	0.26011136	0.010730512	0.57610714	0.093837105
ERR6096539	0	oral	0.06876355	0.3233193	0.011234215	0.489738	0.106944956
ERR6096540	0	oral	0.068015985	0.2989172	0.010726906	0.53816825	0.084171645
ERR6096541	0	oral	0.055335972	0.87776387	0.0013393293	0.061625805	0.0039350414
ERR6096542	0	oral	0.06719633	0.85055065	0.0011962462	0.07905232	0.0020044604
ERR6096543	0	oral	0.023521055	0.93236476	0.0010039794	0.040104784	0.0030054427
ERR6096544	0	oral	0.05228523	0.854352	0.001446453	0.08919186	0.0027244305
ERR6096545	0	oral	0.84053105	0.1575416	1.3199318e-05	0.0004241239	0.0014900364
ERR6096547	0	oral	0.78667355	0.20996383	1.7198428e-05	0.00069404586	0.0026513597
ERR6096548	0	oral	0.8757446	0.12088388	1.0686193e-05	0.00021064491	0.0031501916
ERR6096549	0	oral	0.8351883	0.16266826	1.2050323e-05	0.00029809077	0.0018332957
ERR6096550	0	oral	0.17146325	0.8180194	9.4743475e-05	0.0003308543	0.0100917425
ERR6096551	0	oral	0.21331099	0.7817535	7.8731886e-05	0.0007517933	0.004105025
ERR6096552	0	oral	0.21961729	0.76804924	9.393861e-05	0.0004054216	0.011834089
ERR6096554	0	oral	0.14736108	0.84698236	8.499917e-05	0.00036834224	0.0052032415
ERR6096555	0	oral	0.14852832	0.54149765	0.0036101656	0.20794733	0.098416544
ERR6096557	0	oral	0.16232029	0.49947616	0.0038729904	0.23772652	0.096604034
ERR6096570	0	oral	0.15287857	0.4766715	0.004028924	0.26563305	0.10078797
ERR6096574	0	oral	0.150939	0.43508437	0.004189685	0.31082523	0.09896174
ERR6096575	0	oral	0.107656024	0.8857931	0.00011830227	0.00431469	0.0021178636
ERR6096576	0	oral	0.10822608	0.8834919	0.000121548845	0.0061931005	0.0019674145
ERR6096579	0	oral	0.14257921	0.8471814	0.00016332993	0.007842535	0.0022335176
ERR6096580	0	oral	0.20501445	0.7812016	0.00017349923	0.010884289	0.0027261465
ERR6096581	0	oral	0.76134855	0.2379996	2.8659185e-06	0.0006118995	3.7112815e-05
ERR6096582	0	oral	0.73208654	0.26741093	1.7287991e-06	0.00048854575	1.2253219e-05
ERR6096739	0	oral	0.6828387	0.3169057	2.22712e-06	0.00021508787	3.827556e-05
ERR6096740	0	oral	0.7874943	0.21217965	2.9144146e-06	0.00028605477	3.7060643e-05
ERR6096741	0	oral	0.21382484	0.6366057	0.0014624868	0.10463073	0.043476265
ERR6096742	0	oral	0.07501391	0.830649	0.0009433897	0.07852929	0.014864412
ERR6096743	0	oral	0.083161734	0.776035	0.0012728618	0.11026624	0.029264128
ERR6096744	0	oral	0.08074798	0.7768907	0.0010123518	0.12781435	0.01353463
ERR6096745	0	oral	0.021910291	0.7942357	0.0020891437	0.16734555	0.014419283
ERR6096746	0	oral	0.03175053	0.8740886	0.0019261169	0.0769315	0.0153032765
ERR6096747	0	oral	0.03177061	0.8602776	0.0017549638	0.09198322	0.014213637
ERR6096748	0	oral	0.0391887	0.8251602	0.0024104305	0.10436263	0.028878003
ERR6096749	0	oral	0.03317826	0.87000215	0.0018725618	0.09044171	0.004505345
ERR6096752	0	oral	0.022846526	0.90447724	0.0018323959	0.06635252	0.004491298
ERR6096755	0	oral	0.037037913	0.86806613	0.0019268134	0.08856398	0.004405152
ERR6096759	0	oral	0.022583961	0.8883961	0.001685983	0.083232515	0.004101432
ERR6096760	0	oral	0.06671138	0.44637427	0.006459005	0.4261466	0.05430878
ERR6096762	0	oral	0.11225037	0.4338166	0.0075530116	0.39916453	0.04721548
ERR6096764	0	oral	0.091301925	0.5462143	0.0072108014	0.30160385	0.05366913
ERR6096766	0	oral	0.047091532	0.40712675	0.0055713295	0.5080429	0.032167505
ERR6096776	0	oral	0.3938299	0.6036839	4.2595835e-05	0.00027358052	0.0021699956
ERR6096784	0	oral	0.38332725	0.6147262	4.095026e-05	0.00037946724	0.0015261468
ERR6096796	0	oral	0.5119969	0.48632276	4.4448265e-05	0.000314831	0.001321017
ERR6096814	0	oral	0.5804663	0.41840252	3.22526e-05	0.00021814926	0.0008808402
ERR6096818	0	oral	0.09673736	0.70563775	0.0011929418	0.18300687	0.0134250885
ERR6096822	0	oral	0.048318278	0.8828355	0.0005710628	0.057661377	0.010613755
ERR6096826	0	oral	0.055998903	0.85348576	0.0006846202	0.07802664	0.011804108
ERR6096829	0	oral	0.039873123	0.8879362	0.0005703304	0.06404159	0.0075787716
ERR6096835	0	oral	0.021546911	0.13709712	0.00086096936	0.8368906	0.003604427
ERR6096842	0	oral	0.015281887	0.10180213	0.00060639327	0.8806327	0.0016768734
ERR6096847	0	oral	0.010958674	0.0620949	0.00051759835	0.9245422	0.0018866209
ERR6096853	0	oral	0.01616709	0.095253095	0.00079565763	0.88492954	0.002854609
ERR6096886	0	oral	0.10029451	0.86239773	1.761514e-06	0.03730547	5.0711776e-07
ERR6096922	0	oral	0.09143132	0.891351	1.3792e-06	0.017215695	6.398086e-07
ERR6096923	0	oral	0.28192726	0.679105	2.5385489e-06	0.038964543	6.7021216e-07
ERR6096924	0	oral	0.17537375	0.73629516	2.3250086e-06	0.088328086	6.6232275e-07
ERR6096925	0	oral	0.39433083	0.60548663	2.7921637e-06	0.00014346046	3.6289883e-05
ERR6096926	0	oral	0.24675077	0.7530105	1.9857519e-06	0.0002300547	6.666678e-06
ERR6096927	0	oral	0.35084578	0.64889044	2.5467248e-06	0.00022960751	3.1602292e-05
ERR6096928	0	oral	0.26916462	0.7306517	1.9876795e-06	0.00017310701	8.5783495e-06
ERR6096929	0	oral	0.01502167	0.24127875	0.0042155273	0.72023004	0.019254008
ERR6096930	0	oral	0.011103447	0.31062406	0.0037021893	0.6527334	0.02183694
ERR6096931	0	oral	0.01766962	0.26527664	0.00413352	0.68325067	0.02966955
ERR6096932	0	oral	0.01441814	0.17730878	0.003950367	0.78064936	0.02367333
ERR6096933	0	oral	0.043294743	0.65577966	0.0013617995	0.008628995	0.2909348
ERR6096934	0	oral	0.04369283	0.5567614	0.0012886919	0.008796194	0.38946092
ERR6096935	0	oral	0.036370147	0.5514706	0.0013824082	0.0091842525	0.4015926
ERR6096937	0	oral	0.07743249	0.64748704	0.0018797037	0.022748956	0.25045183
ERR6096955	0	oral	0.9573806	0.04261871	4.611365e-09	5.823327e-07	9.7645774e-08
ERR6097155	0	oral	0.92315733	0.076840945	4.863021e-09	1.6412799e-06	8.490537e-08
ERR6097156	0	oral	0.9513163	0.048682842	6.8299846e-09	8.0593236e-07	4.7629822e-08
ERR6097514	0	oral	0.9163486	0.08364982	3.6485694e-09	1.5493091e-06	6.598625e-08
ERR6097549	0	oral	0.49299678	0.5066219	3.7136106e-06	0.0001635287	0.00021407241
ERR6097552	0	oral	0.39875248	0.6009769	3.6451968e-06	9.732586e-05	0.00016969779
ERR6097573	0	oral	0.68005425	0.31962207	3.2246958e-06	0.00012395995	0.00019651034
ERR6097575	0	oral	0.66621065	0.3334363	3.3589274e-06	5.4041426e-05	0.00029564454
ERR6097576	0	oral	0.13213271	0.8072066	0.0018780584	0.035806406	0.022976238
ERR6097577	0	oral	0.12330844	0.83450687	0.0016165571	0.032330334	0.00823779
ERR6097579	0	oral	0.11314621	0.85313886	0.0012269063	0.013442962	0.019045046
ERR6097580	0	oral	0.17728205	0.7846242	0.0015487678	0.020430686	0.016114267
ERR6097581	0	oral	0.6776272	0.3221266	2.3205853e-06	0.00021687585	2.6977708e-05
ERR6097583	0	oral	0.5957345	0.40398818	1.866966e-06	0.00025192086	2.3591856e-05
ERR6097619	0	oral	0.7174525	0.28232473	1.6660472e-06	0.00020647442	1.461411e-05
ERR6097621	0	oral	0.5492194	0.45066476	1.9676088e-06	8.562696e-05	2.8186436e-05
ERR6097622	0	oral	0.5008144	0.49096063	9.18228e-06	0.000104330546	0.008111478
ERR6097623	0	oral	0.39577463	0.59107625	9.797887e-06	0.000117971875	0.013021308
ERR6097625	0	oral	0.60521793	0.38990617	5.6347326e-06	3.8883558e-05	0.0048313704
ERR6097626	0	oral	0.34380987	0.64995736	7.4280106e-06	4.3811855e-05	0.0061815195
ERR6097627	0	oral	0.053359095	0.3372011	0.006864143	0.5489513	0.053624317
ERR6097628	0	oral	0.043006744	0.40578663	0.0061103115	0.499415	0.04568131
ERR6097629	0	oral	0.060422838	0.34478918	0.007256217	0.52996427	0.057567507
ERR6097630	0	oral	0.05819419	0.37380803	0.007205378	0.5135326	0.047259834
ERR6097759	0	oral	0.54972017	0.44987786	9.62036e-07	2.157564e-05	0.0003794199
ERR6098066	0	oral	0.6556744	0.34412405	9.0808913e-07	1.0865965e-05	0.00018978321
ERR6098349	0	oral	0.6366986	0.3626354	1.1710881e-06	1.9231522e-05	0.0006455678
ERR6098517	0	oral	0.4834224	0.5162268	9.982448e-07	1.6327387e-05	0.0003334705
ERR6098519	0	oral	0.4893625	0.5048734	5.9197446e-05	0.0034189653	0.0022859066
ERR6098520	0	oral	0.63886994	0.35697943	4.9969203e-05	0.002161544	0.001939125
ERR6098552	0	oral	0.43610907	0.55766314	6.300286e-05	0.0047099455	0.0014548509
ERR6098553	0	oral	0.58607996	0.4087837	6.358167e-05	0.0023079861	0.0027647845
ERR6098554	0	oral	0.043797363	0.84249157	0.0012820383	0.09965536	0.012773675
ERR6098555	0	oral	0.03387615	0.9210691	0.0008488343	0.036611002	0.0075948983
ERR6098556	0	oral	0.07910656	0.68490124	0.0020301612	0.21702349	0.016938511
ERR6098557	0	oral	0.049854875	0.80050635	0.0019582883	0.12017052	0.027509984
ERR6098559	0	oral	0.82299346	0.1751782	1.7498547e-05	0.00027463766	0.0015362116
ERR6098560	0	oral	0.8202059	0.17861155	1.2154195e-05	0.0001466939	0.0010236595
ERR6098730	0	oral	0.72442675	0.27411106	1.5498921e-05	0.00019714655	0.001249548
ERR6098929	0	oral	0.8350463	0.16390559	1.1579372e-05	0.00015999084	0.00087656727
ERR6098930	0	oral	0.8079307	0.18434505	4.556209e-05	0.00015560439	0.0075230827
ERR6098932	0	oral	0.8518793	0.14306231	3.486662e-05	0.00010057016	0.0049229586
ERR6098934	0	oral	0.8473277	0.14727038	4.1941857e-05	0.00014800993	0.005211958
ERR6098936	0	oral	0.88197887	0.11318531	4.6675646e-05	0.000294856	0.004494318
ERR6098937	0	oral	0.033494744	0.33125567	0.00511877	0.60108876	0.02904209
ERR6098938	0	oral	0.029672682	0.3222421	0.0048977137	0.61376286	0.029424604
ERR6098939	0	oral	0.032749485	0.29204455	0.0051977	0.63683236	0.03317589
ERR6098940	0	oral	0.035128348	0.34090662	0.0048943902	0.5942949	0.024775727
ERR6098982	0	oral	0.43365082	0.56266713	7.9494945e-05	0.002096222	0.0015063415
ERR6098983	0	oral	0.16362627	0.83268833	5.2503918e-05	0.0009548566	0.0026780372
ERR6098984	0	oral	0.41203886	0.5839334	8.63006e-05	0.0017292317	0.0022121994
ERR6098985	0	oral	0.15798111	0.8400033	5.499624e-05	0.0014739527	0.0004866094
ERR6098990	0	oral	0.084480666	0.43524528	0.0034527902	0.44639304	0.03042824
ERR6099166	0	oral	0.061230835	0.5227822	0.003068483	0.37108365	0.041834828
ERR6099349	0	oral	0.11131353	0.44068983	0.003843734	0.3900905	0.054062393
ERR6099809	0	oral	0.09976535	0.5063708	0.0039244844	0.3346344	0.055304956
ERR6099810	0	oral	0.91590524	0.009496107	0.073546745	0.0006538209	0.00039809587
ERR6099811	0	oral	0.96350867	0.0029896768	0.032095876	0.0013202017	8.558337e-05
ERR6099812	0	oral	0.9189663	0.0054699443	0.07408438	0.0011787111	0.00030066964
ERR6099813	0	oral	0.9161962	0.014051499	0.067624286	0.0018519774	0.00027602375
ERR6099814	0	oral	0.7855223	0.21150894	3.556163e-06	1.913583e-05	0.002946057
ERR6099815	0	oral	0.85718226	0.13885173	3.7280763e-06	3.0183603e-05	0.003932116
ERR6099816	0	oral	0.8321035	0.16017358	4.462577e-06	3.376256e-05	0.0076846965
ERR6099817	0	oral	0.88710594	0.1076414	3.3025171e-06	1.0291905e-05	0.005239078
ERR6099818	0	oral	0.8277576	0.16375495	3.3363944e-05	0.0012995885	0.007154483
ERR6099824	0	oral	0.79947627	0.1905582	4.0449886e-05	0.0012674702	0.008657624
ERR6099825	0	oral	0.74437016	0.2502897	3.1941498e-05	0.00084627065	0.004461933
ERR6099826	0	oral	0.64314836	0.34906834	3.702373e-05	0.001017258	0.006729022
ERR6101230	0	oral	0.9850613	0.01378611	4.9566315e-06	0.00024633424	0.000901298
ERR6108965	0	oral	0.9759373	0.022750573	5.390313e-06	0.00017274842	0.0011339792
ERR6108966	0	oral	0.9842352	0.014839176	5.257932e-06	0.00012757028	0.00079278066
ERR6108967	0	oral	0.976036	0.02314598	4.8117377e-06	0.000102259706	0.00071090815
ERR6108968	0	oral	0.68303216	0.18689837	0.00047889975	0.0031943738	0.1263962
ERR6108969	0	oral	0.55096734	0.29612368	0.0006425642	0.005621725	0.14664467
ERR6108970	0	oral	0.6852368	0.18487765	0.00047669988	0.0023308708	0.12707795
ERR6108971	0	oral	0.6585791	0.21717772	0.0006220929	0.0034121037	0.12020899
ERR6108972	0	oral	0.5924917	0.4061298	2.5823123e-05	0.00018014901	0.001172539
ERR6108973	0	oral	0.61935645	0.37962896	2.5521374e-05	0.00016544708	0.00082364155
ERR6108974	0	oral	0.5780868	0.420288	3.2076674e-05	0.00040617626	0.001186942
ERR6108975	0	oral	0.6622135	0.33617437	2.7332604e-05	0.00029331434	0.0012914643
ERR6108976	0	oral	0.2601161	0.7318361	3.6557758e-05	0.007842948	0.00016830687
ERR6108977	0	oral	0.16525374	0.83325666	2.4457053e-05	0.0012510996	0.00021405573
ERR6108978	0	oral	0.3620429	0.63200027	5.7585636e-05	0.0053490344	0.000550216
ERR6108979	0	oral	0.2653034	0.72949106	3.4814802e-05	0.0048460686	0.00032468326
ERR6108980	0	oral	0.96487236	0.03482489	1.8934486e-06	9.5344345e-05	0.00020551782
ERR6108981	0	oral	0.97262704	0.026631465	1.8999974e-06	4.5580022e-05	0.0006939904
ERR6108982	0	oral	0.95194757	0.047499143	2.1985625e-06	4.317953e-05	0.0005079247
ERR6108983	0	oral	0.9595436	0.039958365	2.2389352e-06	9.871588e-05	0.00039708804
ERR6108984	0	oral	0.6791522	0.31141388	0.00011294105	0.0025455141	0.006775454
ERR6108985	0	oral	0.6824995	0.30771917	0.00010106947	0.0011929955	0.008487221
ERR6108986	0	oral	0.563212	0.4320636	6.314169e-05	0.001236726	0.0034245334
ERR6108987	0	oral	0.7751915	0.21865918	0.0001010748	0.0012583288	0.004789911
ERR6108988	0	oral	0.81453866	0.16925883	0.013034535	0.0016333855	0.0015346052
ERR6108989	0	oral	0.744622	0.24802126	0.005367959	0.0013207536	0.0006680341
ERR6108990	0	oral	0.85235035	0.13648543	0.008005834	0.0026939	0.00046448383
ERR6108991	0	oral	0.9198549	0.075356804	0.0027470845	0.0014646695	0.00057656545
ERR6108992	0	oral	0.76035255	0.2099739	0.028973345	0.00030743735	0.00039274138
ERR6108993	0	oral	0.7194372	0.23902415	0.040890228	0.00040479822	0.0002436208
ERR6108994	0	oral	0.6155894	0.35804465	0.025942095	0.0002793144	0.00014454432
ERR6108995	0	oral	0.61988604	0.3424775	0.03684707	0.00034547283	0.00044393755
ERR6108996	0	oral	0.89466935	0.09757892	0.00019251152	0.0015284494	0.00603079
ERR6108997	0	oral	0.8990576	0.0891365	0.00022301993	0.002608281	0.008974564
ERR6108998	0	oral	0.8616265	0.12777664	0.00015576887	0.00085576077	0.009585304
ERR6109000	0	oral	0.92931104	0.06545326	0.00013593733	0.0010508716	0.0040488755
ERR6109001	0	oral	0.29072705	0.70467734	6.0669132e-05	0.0012436768	0.0032912549
ERR6109002	0	oral	0.35752052	0.63873583	4.1350613e-05	0.00070082734	0.0030014608
ERR6109003	0	oral	0.2880071	0.7081342	4.7032343e-05	0.0007332011	0.0030784726
ERR6109004	0	oral	0.32540956	0.6708948	4.271837e-05	0.00088713644	0.0027657552
ERR6109005	0	oral	0.60357505	0.39584756	1.5132337e-05	0.00024745654	0.00031480845
ERR6109010	0	oral	0.43708208	0.5624591	8.062483e-06	0.00025069565	0.0002000431
ERR6109011	0	oral	0.4615446	0.537967	1.2947538e-05	0.0002704572	0.00020496851
ERR6109012	0	oral	0.53625405	0.46301788	1.3427192e-05	0.00032145967	0.00039316944
ERR6109013	0	oral	0.048358187	0.6010839	0.0061220345	0.2922547	0.052181214
ERR6109014	0	oral	0.046368986	0.5319924	0.0048549897	0.3777712	0.039012454
ERR6109015	0	oral	0.04820896	0.6451935	0.0050546117	0.26524958	0.03629332
ERR6109016	0	oral	0.035044152	0.6837242	0.0046140584	0.2303064	0.046311148
ERR6109017	0	oral	0.820522	0.17657077	3.570733e-05	0.0013341265	0.0015373561
ERR6109019	0	oral	0.7939575	0.20452645	2.4847217e-05	0.0008386845	0.0006525706
ERR6109020	0	oral	0.89443827	0.10368889	2.4866114e-05	0.0009878409	0.00086016057
ERR6109021	0	oral	0.7775963	0.22072119	2.2072909e-05	0.00045835215	0.0012020941
ERR6109022	0	oral	0.022198068	0.024420256	0.94738334	0.005838179	0.00016015358
ERR6109023	0	oral	0.04524893	0.027108649	0.9245253	0.00299746	0.00011965415
ERR6109024	0	oral	0.049524188	0.031602804	0.9145453	0.0042079063	0.00011977636
ERR6109025	0	oral	0.048392273	0.031154819	0.9148688	0.005447177	0.00013694225
ERR6109027	0	oral	0.88449967	0.1115359	2.9528659e-05	0.00047987685	0.0034550366
ERR6109028	0	oral	0.9302824	0.06793764	1.7133261e-05	0.0001457115	0.0016170942
ERR6109049	0	oral	0.9185589	0.079456195	1.8600638e-05	0.00012127387	0.001845041
ERR6109050	0	oral	0.87272197	0.1256895	1.9505309e-05	0.00017100111	0.0013980496
ERR6109051	0	oral	0.19206604	0.7472477	0.038966168	0.0042425236	0.017477546
ERR6109053	0	oral	0.18744017	0.7225956	0.04230478	0.0027089014	0.044950556
ERR6109054	0	oral	0.24443558	0.6448623	0.046777204	0.0063883583	0.057536576
ERR6109055	0	oral	0.22135305	0.7017741	0.04551232	0.006742244	0.024618251
ERR6109056	0	oral	0.19696388	0.7165697	0.0022090694	0.059559822	0.02469751
ERR6109057	0	oral	0.19745791	0.7342184	0.0021090189	0.040734194	0.02548043
ERR6109058	0	oral	0.10637761	0.82756305	0.0018949182	0.045028564	0.01913587
ERR6109059	0	oral	0.20264292	0.70555437	0.0024484985	0.056296613	0.033057585
ERR8050978	0	oral	2.707181e-19	1.0	2.6022676e-35	5.070018e-15	4.9352975e-35
SRR1047998	0	gut	0.06340194	0.49533853	0.009418037	0.37454787	0.057293635
SRR17604731	0	oral	0.0012542522	0.9746046	6.5678223e-06	0.024134543	3.0240928e-09
SRR17604732	0	oral	3.5997712e-16	1.0	7.542624e-28	5.693555e-13	4.3442598e-26
SRR17604735	0	oral	2.8682026e-12	1.0	2.960881e-20	6.7185696e-10	8.315503e-20
SRR17604736	0	oral	3.299572e-17	1.0	4.9289216e-27	2.4147546e-14	6.6272784e-26
SRR17604737	0	oral	5.583301e-15	1.0	6.011833e-23	8.6887775e-10	4.614857e-23
SRR17604738	0	oral	1.7136526e-05	0.9997639	1.024972e-08	0.00021861057	3.1778768e-07
SRR17604739	0	oral	4.1734858e-12	1.0	3.9973136e-21	1.0823739e-10	3.2758575e-20
SRR17604740	0	oral	5.169729e-12	1.0	1.1299418e-16	2.7750333e-10	1.5435957e-16
SRR17604741	0	oral	0.0074702525	0.9059658	0.00027178292	0.08421334	0.00207883
SRR17604742	0	oral	6.275765e-12	1.0	3.0506188e-22	6.864301e-09	1.2713771e-20
SRR17604743	0	oral	1.5470519e-09	1.0	9.966044e-16	9.357135e-11	1.12542625e-13
SRR17604744	0	oral	3.262062e-05	0.9999592	1.6495136e-09	7.964948e-06	2.4778865e-07
SRR17604745	0	oral	1.5934434e-08	0.9999936	2.6318208e-14	6.3745265e-06	4.9278564e-15
SRR17604746	0	oral	6.3463196e-10	0.9999914	1.663004e-15	8.5999245e-06	6.5137464e-14
SRR17604747	0	oral	4.910503e-12	1.0	1.8672292e-20	9.8489905e-12	9.102413e-22
SRR17604748	0	oral	3.2070764e-09	0.99999094	1.8832469e-15	9.047285e-06	7.676908e-14
SRR17604749	0	oral	1.4429579e-13	1.0	2.8310946e-22	6.8905237e-09	3.1654837e-21
SRR17604750	0	oral	3.3781117e-14	1.0	1.3724485e-22	2.801639e-12	4.7002427e-24
SRR17604751	0	oral	1.00903415e-16	1.0	2.8846499e-25	1.3897401e-14	1.3357511e-24
SRR17604752	0	oral	2.645418e-14	1.0	5.910217e-21	4.992512e-11	1.3952159e-19
SRR17604753	0	oral	6.407571e-13	1.0	4.3160947e-21	6.859152e-11	3.4866325e-20
SRR17604754	0	oral	0.09078828	0.01315228	0.21840985	0.6748501	0.00279949
SRR17604755	0	oral	1.1103926e-09	1.0	2.8882664e-16	1.0348187e-08	8.869547e-16
SRR17604756	0	oral	9.4160365e-17	1.0	2.6294368e-25	3.8034473e-14	3.707431e-25
SRR17604757	0	oral	5.073869e-11	1.0	4.481528e-19	5.5479066e-10	1.9826687e-19
SRR17604758	0	oral	3.324327e-12	1.0	1.5845296e-19	4.650567e-11	1.9733563e-17
SRR17604759	0	oral	2.306124e-13	1.0	2.0827797e-20	2.46549e-10	5.821513e-20
SRR17604760	0	oral	4.494536e-17	1.0	3.4964834e-27	5.685662e-17	2.94569e-26
SRR17604761	0	oral	3.464844e-07	0.9999505	2.244084e-11	4.9109367e-05	3.6143923e-13
SRR17604762	0	oral	2.3532424e-14	1.0	5.0082003e-25	2.0309561e-11	6.70898e-24
SRR17604763	0	oral	8.5977024e-19	1.0	4.7672226e-28	2.4794444e-16	1.2707809e-27
SRR17604764	0	oral	3.160737e-05	0.99946314	1.9569356e-07	0.00050495716	9.31082e-08
SRR17604765	0	oral	0.026538318	0.5069811	0.001984251	0.44868445	0.01581188
SRR17604766	0	oral	0.012522773	0.8850039	0.00090232893	0.094303764	0.007267221
SRR17604767	0	oral	0.014107718	0.7671223	0.00059575745	0.21246015	0.0057140435
SRR17604768	0	oral	0.010667127	0.5742583	0.0012569305	0.40445104	0.009366542
SRR17604769	0	oral	0.016573401	0.80101997	0.0011682198	0.17076884	0.010469563
SRR17604770	0	oral	0.013926595	0.82291496	0.0010140669	0.15451933	0.0076250713
SRR17604771	0	oral	7.643449e-08	0.9999998	1.1856368e-11	7.106607e-08	1.6512248e-09
SRR17604772	0	oral	9.014232e-05	0.992684	1.3239739e-07	0.007219589	6.101974e-06
SRR17604773	0	oral	0.0019128778	0.9942946	1.512185e-05	0.0037153303	6.210085e-05
SRR17604774	0	oral	0.006119185	0.9902887	1.8164987e-05	0.0034696094	0.000104340295
SRR17604775	0	oral	1.892087e-07	0.9999942	9.5495755e-12	5.5866735e-06	2.0731947e-10
SRR17604776	0	oral	2.6505433e-08	0.9999994	1.6738519e-13	5.7031e-07	1.1098103e-11
SRR17604777	0	oral	1.3882965e-16	1.0	1.8256348e-26	1.1101676e-13	2.4114277e-24
SRR17604778	0	oral	0.0009060942	0.99877566	3.1895436e-08	0.00031822902	1.2696164e-09
SRR17604779	0	oral	9.715012e-05	0.9993773	1.8327481e-10	0.00052552624	1.5015975e-11
SRR17604780	0	oral	1.4348029e-05	0.99998564	1.4409399e-12	4.773173e-09	8.248205e-12
SRR17604781	0	oral	0.0010335582	0.9881822	3.1712123e-05	0.010712564	3.995199e-05
SRR17604782	0	oral	1.6201506e-05	0.99872375	1.3534912e-10	0.0012600311	1.6168258e-12
SRR17604783	0	oral	0.005310001	0.22702482	0.002307237	0.757583	0.007774914
SRR17604784	0	oral	1.0506535e-05	0.99997324	4.189671e-08	1.6176304e-05	1.13693135e-08
SRR17604785	0	oral	4.968136e-13	1.0	3.8099282e-19	3.3373707e-10	3.7799606e-18
SRR17604786	0	oral	4.5813176e-14	1.0	7.067593e-22	1.4429082e-12	3.1707951e-21
SRR17604787	0	oral	4.721119e-11	1.0	1.7726105e-15	2.5608587e-08	2.6754702e-15
SRR17604788	0	oral	4.851828e-11	0.99999994	1.0981571e-15	4.1551093e-08	1.8826974e-14
SRR17604789	0	oral	8.553832e-12	0.9999999	1.2562003e-18	1.01308814e-07	3.0027252e-17
SRR17604790	0	oral	9.0015255e-06	0.99998206	1.23395e-07	5.980239e-06	2.826701e-06
SRR17604791	0	oral	8.3191156e-16	1.0	4.9727043e-26	9.514745e-12	1.2165915e-24
SRR17604792	0	oral	7.984577e-17	1.0	3.1463259e-27	1.3715363e-11	1.6164544e-25
SRR17604793	0	oral	1.2221609e-14	1.0	1.5974141e-25	1.6302327e-12	3.2273042e-25
SRR17604794	0	oral	0.008227084	0.89153653	0.00040385124	0.09619782	0.0036347334
SRR17604795	0	oral	4.555467e-18	1.0	7.302275e-29	2.7814868e-13	1.1048422e-27
SRR17604796	0	oral	9.551313e-14	1.0	4.692736e-19	2.6199067e-11	8.107729e-18
SRR17604797	0	oral	1.4913796e-15	1.0	2.9016197e-24	3.77691e-13	5.4146774e-24
SRR17604798	0	oral	7.174299e-15	1.0	8.9497784e-24	2.8215947e-12	7.176047e-25
SRR17604799	0	oral	5.3430472e-11	1.0	4.2471235e-17	2.5210363e-09	3.16833e-16
SRR17604800	0	oral	4.5461943e-10	0.99998236	4.1700178e-16	1.7652768e-05	5.2895446e-15
SRR17604801	0	oral	3.184512e-05	0.99711907	2.715203e-07	0.0028487996	4.3177124e-08
SRR17604802	0	oral	0.15292205	0.11894325	0.062049612	0.61882067	0.04726444
SRR17604803	0	oral	0.0208406	0.775321	0.0017905168	0.19685039	0.005197479
SRR17604804	0	oral	5.0274982e-11	1.0	1.4685733e-16	5.2546687e-12	8.62745e-18
SRR17604805	0	oral	2.668182e-13	1.0	1.927617e-21	8.253751e-13	2.5237727e-21
SRR17604806	0	oral	0.0064510047	0.45031244	0.0013308169	0.5375102	0.0043955264
SRR17604807	0	oral	2.8361772e-14	1.0	4.5323944e-21	2.2448415e-13	1.9080855e-20
SRR17604808	0	oral	2.227071e-16	1.0	4.5563956e-26	6.310815e-16	4.2691584e-25
SRR2229974	0	oral	0.052142233	0.24483268	0.010480348	0.60824645	0.08429828
SRR2229975	0	skeletal tissue	0.022496106	0.3676983	0.0007385056	0.6088016	0.00026544684
SRR2229976	0	oral	0.05164477	0.24791795	0.010361082	0.6087719	0.08130426
SRR2229977	0	skeletal tissue	0.038541473	0.20189148	0.008080924	0.7018077	0.04967843
ERR3761407	1	gut	0.9796381	0.014146508	0.0003075312	0.004390442	0.0015174234
ERR3761408	1	gut	0.99828005	0.00016080198	3.025255e-06	0.0015561403	9.9393604e-11
ERR3761409	1	gut	0.9777271	0.0024726389	8.877434e-05	0.019562552	0.00014894005
ERR3761410	1	gut	0.99622595	0.0012909919	7.462078e-05	0.00065617095	0.0017522491
ERR3761411	1	gut	0.9682341	0.017159412	9.883695e-07	0.014605502	2.7291724e-09
ERR3761412	1	gut	0.9998745	7.5449636e-05	5.4837014e-06	4.131486e-05	3.2564583e-06
ERR3761413	1	gut	0.99683076	0.0013459283	5.0643346e-05	0.0017726825	1.6714054e-11
ERR6589621	1	oral	0.010259935	0.8467851	4.971768e-06	0.14294997	5.0241533e-10
ERR6589622	1	oral	6.31976e-10	1.0	5.1439427e-16	5.8147194e-09	1.9863823e-19
ERR6589623	1	oral	0.022570722	0.5115523	0.0001205875	0.46575618	2.8238702e-07
ERR6589624	1	oral	0.0042054337	0.35242048	7.700859e-06	0.6433664	6.350912e-10
ERR6589625	1	oral	0.010455239	0.42343318	5.5728287e-05	0.5660558	8.0559886e-08
ERR6589626	1	oral	0.0054069934	0.67956954	0.00031123412	0.31469303	1.9178633e-05
ERR6589627	1	oral	1.1120835e-07	0.9999925	8.079517e-14	7.4131394e-06	2.133643e-17
ERR6589628	1	oral	0.00042369487	0.9827424	1.7218821e-07	0.0168337	2.6827903e-11
ERR6589629	1	oral	3.783615e-11	1.0	4.7981716e-18	1.3219566e-08	5.1840435e-22
ERR6589630	1	oral	1.0820092e-05	0.9833098	1.5533529e-09	0.016679363	6.5692054e-14
ERR7919459	1	oral	0.03419303	0.90183395	0.0049029347	0.058963995	0.0001060929
ERR7919460	1	oral	0.00019130616	0.9579129	2.6879205e-05	0.041868865	7.275849e-09
ERR7919462	1	oral	0.62869424	0.26842353	0.013444154	0.089437716	3.6364335e-07
ERR7919463	1	oral	0.0007297417	0.9789974	8.905994e-08	0.020272737	3.7373915e-12
ERR7919464	1	oral	0.14845942	0.18956426	0.009775218	0.593603	0.058598105
ERR7919465	1	oral	0.042217564	0.8686403	0.00077846163	0.087913394	0.00045028704
ERR7919466	1	oral	1.1392436e-05	0.99998844	1.40578225e-08	1.7127866e-07	9.304784e-13
ERR7919467	1	oral	0.00018569286	0.9906504	3.2248357e-05	0.009131667	2.1927118e-09
ERR7919468	1	oral	6.356695e-05	0.9947491	4.954439e-08	0.0051872525	2.1764815e-10
ERR7919469	1	oral	0.0370293	0.2981376	0.028006349	0.63658094	0.0002457788
ERR7919470	1	oral	0.038631327	0.881383	0.00054519606	0.07929528	0.00014517567
ERR7919471	1	oral	0.14892186	0.18904313	0.009703531	0.5933424	0.058989067
ERR7919472	1	oral	4.1282892e-05	0.9989263	2.2770946e-08	0.0010323923	7.30043e-11
ERR7919473	1	oral	0.0031874035	0.99329704	0.002727475	0.0007878264	2.625155e-07
ERR7919474	1	oral	0.00011562003	0.99985486	1.6319194e-06	2.7899267e-05	9.083499e-10
ERR7919475	1	oral	5.2117997e-05	0.99992496	1.2506598e-06	2.167559e-05	4.3344146e-09
ERR7919476	1	oral	0.0017347464	0.99003214	0.007965403	0.00026765405	7.502651e-08
ERR7919477	1	oral	0.00015819642	0.99371094	3.0422822e-05	0.006100443	6.8459567e-09
ERR7919478	1	oral	4.043626e-06	0.99997205	8.881634e-11	2.392423e-05	6.244474e-14
ERR7919479	1	oral	2.850022e-06	0.99999714	2.7948618e-10	2.9395355e-08	3.1395708e-15
ERR7919480	1	oral	0.00060894026	0.9916301	0.0075887227	0.00017220712	4.53821e-08
ERR7919481	1	oral	0.09394436	0.8341195	0.008958512	0.06259891	0.00037870454
ERR7919482	1	oral	0.0028082042	0.994023	0.0028545612	0.0003138035	3.8379213e-07
ERR7919483	1	oral	0.006671748	0.95146626	0.00017822812	0.041568793	0.0001149532
ERR7919484	1	oral	0.05271328	0.37922007	0.08836071	0.47921142	0.00049451925
ERR7919485	1	oral	0.0010403569	0.9761108	1.2785323e-07	0.02284867	4.6759376e-12
ERR7919486	1	oral	0.04301881	0.84455705	0.0070563154	0.105276726	9.109744e-05
ERR7919487	1	oral	9.581899e-05	0.9997149	0.00016547597	2.3776904e-05	4.4110499e-10
ERR7919488	1	oral	9.547119e-06	0.99998033	3.1783117e-08	1.0119927e-05	1.16029124e-10
ERR7919489	1	oral	7.726847e-06	0.9999872	4.826725e-08	5.052971e-06	1.6073419e-10
ERR7919490	1	oral	0.004660322	0.99092454	0.003613093	0.00080188166	1.6638056e-07
ERR7919491	1	oral	0.00022190069	0.98972017	2.0796546e-05	0.01003716	1.4995389e-09
ERR7919492	1	oral	0.062347423	0.72914094	0.05376292	0.15396044	0.00078826037
ERR7919493	1	oral	0.0014345254	0.9623494	2.1797076e-07	0.036215845	6.726384e-12
ERR7919494	1	oral	0.00013610553	0.999373	0.00041649526	7.435239e-05	4.3784446e-10
ERR7919495	1	oral	0.00058559835	0.99905485	1.1741894e-06	0.00035833378	3.4948094e-08
ERR7919496	1	oral	0.14892186	0.18904313	0.009703531	0.5933424	0.058989067
ERR7919497	1	oral	0.0005433574	0.99829066	1.8612099e-06	0.0011640665	3.5281268e-08
ERR7919498	1	oral	0.51803356	0.38705894	0.008111669	0.0867952	6.1118436e-07
ERR7919499	1	oral	0.14875428	0.18661425	0.009583206	0.59812784	0.05692044
ERR7919500	1	oral	7.5672924e-06	0.9999924	3.3325176e-10	3.3788265e-08	4.7121074e-15
ERR7919501	1	oral	0.046485253	0.7691901	0.00085161044	0.18281488	0.00065818016
ERR7919502	1	oral	1.2847262e-05	0.99998677	1.6002138e-08	3.795724e-07	1.2607833e-12
ERR7919503	1	oral	0.00054010097	0.9946948	0.0038945372	0.0008704655	4.5174204e-08
ERR7919504	1	oral	0.00057882926	0.9993018	1.14582164e-07	0.00011924968	4.9976956e-10
ERR7919505	1	oral	0.000378952	0.9995317	1.0562754e-06	8.830464e-05	2.143362e-09
ERR7919506	1	oral	1.5948934e-05	0.99987715	4.4651567e-09	0.00010687607	2.6567107e-10
ERR7919507	1	oral	0.66544574	0.27837813	0.002001421	0.05417457	1.3656548e-07
ERR7919508	1	oral	3.5944663e-06	0.9999895	4.5041294e-11	6.8901413e-06	4.1634448e-14
ERR7919509	1	oral	0.1489384	0.1891892	0.009703667	0.59317374	0.058995
ERR7919510	1	oral	1.5350111e-05	0.9999842	2.7325894e-08	4.4348934e-07	3.515427e-12
ERR7919511	1	oral	2.4511673e-05	0.99996465	5.1904595e-07	1.0341399e-05	1.2607411e-09
ERR7919512	1	oral	0.15288903	0.1959498	0.010108652	0.58195674	0.059095766
ERR7919513	1	oral	2.1484131e-05	0.99849075	1.9534186e-08	0.0014877357	5.890578e-11
ERR7919514	1	oral	0.00013893646	0.99959326	2.1150566e-08	0.00026775425	1.7436547e-09
ERR7919515	1	oral	0.015704159	0.9645216	0.002108889	0.01757665	8.871111e-05
ERR7919516	1	oral	1.606708e-05	0.9999577	9.548978e-07	2.530044e-05	1.379185e-09
ERR7919517	1	oral	0.14896144	0.1935846	0.009627725	0.58946526	0.05836095
ERR7919518	1	oral	6.8917475e-06	0.999993	3.97349e-10	5.838705e-08	1.1880347e-14
ERR7919519	1	oral	0.007052838	0.9336753	0.00027709358	0.058792394	0.0002024124
ERR7919520	1	oral	7.655256e-05	0.99970114	0.00017351858	4.87934e-05	6.168179e-10
ERR7919521	1	oral	1.1933121e-05	0.999988	8.767428e-10	2.5315986e-08	1.0249173e-14
ERR7919522	1	oral	0.0010499969	0.99468964	0.0037325968	0.000527664	1.0141742e-07
ERR7919523	1	oral	0.005625322	0.95597136	0.00017180532	0.03820046	3.104103e-05
ERR7919524	1	oral	0.07968086	0.41104868	0.059715085	0.44902962	0.0005257454
ERR7919525	1	oral	9.98221e-05	0.99981254	2.209321e-07	8.742596e-05	6.046775e-10
ERR7919526	1	oral	0.5419744	0.37576103	0.0014214903	0.08084295	1.3167605e-07
ERR7919527	1	oral	0.00019934715	0.99966556	4.5804595e-07	0.00013464548	2.041701e-08
ERR7919528	1	oral	4.143046e-06	0.9999776	5.214752e-11	1.825876e-05	4.4982e-14
ERR7919529	1	oral	0.00011908915	0.9997945	2.905305e-07	8.615288e-05	6.019419e-10
ERR7919530	1	oral	3.1648633e-05	0.9996667	1.033106e-08	0.0003016273	6.6839645e-10
ERR7919531	1	oral	1.2379996e-05	0.9999576	1.01564055e-07	2.990688e-05	1.4606366e-10
ERR7919532	1	oral	0.001084548	0.99861914	1.1656749e-07	0.00029619847	6.5188394e-10
ERR7919533	1	oral	8.7763065e-06	0.99999064	3.7802973e-08	5.6213e-07	1.2890183e-12
ERR7919534	1	oral	0.000334569	0.99910986	0.00049782544	5.7764566e-05	1.7965092e-09
ERR7919535	1	oral	0.00013289478	0.9998256	1.2992679e-07	4.1360243e-05	4.2369783e-10
ERR7919536	1	oral	6.522616e-06	0.9999877	4.8197165e-11	5.7730626e-06	7.954462e-14
ERR7919537	1	oral	0.0054426133	0.9459847	0.00018999008	0.04828715	9.5537776e-05
ERR7919538	1	oral	0.002823447	0.96858084	2.3372927e-07	0.028595503	2.0563263e-11
ERR7919539	1	oral	0.032213368	0.82388455	0.00045469424	0.14321566	0.00023172547
ERR7919540	1	oral	0.14892186	0.18904313	0.009703531	0.5933424	0.058989067
ERR7919541	1	oral	0.0035637477	0.99055505	0.0053467844	0.0005341552	2.6338498e-07
ERR7919542	1	oral	2.0850839e-05	0.9997806	5.654231e-09	0.0001985646	7.0144063e-10
ERR7919543	1	oral	3.9043203e-05	0.99892676	1.7697214e-08	0.0010342003	4.287703e-11
ERR7919544	1	oral	8.557733e-06	0.9999686	6.164009e-08	2.2796854e-05	1.2447737e-10
ERR7919545	1	oral	0.15038675	0.18823247	0.009658276	0.59281373	0.058908775
ERR7919546	1	oral	0.14742328	0.1901799	0.00960441	0.5950012	0.05779118
ERR7919547	1	oral	1.24277285e-05	0.99992365	1.9828525e-09	6.3949614e-05	1.1967548e-14
ERR7919548	1	oral	0.071671344	0.9282812	3.1437398e-06	8.549065e-06	3.5763194e-05
ERR7919641	1	oral	9.394879e-05	0.999766	1.9838124e-06	0.00013798726	6.4961135e-08
ERR7919642	1	oral	6.502586e-05	0.99986947	6.771889e-07	6.482695e-05	2.8464337e-08
ERR7919643	1	oral	0.14483516	0.20202363	0.009543464	0.58743536	0.056162402
ERR7919644	1	oral	0.1526838	0.20300657	0.010293871	0.5764566	0.057559196
ERR7919645	1	oral	3.1140326e-06	0.9999478	1.0858017e-09	4.90757e-05	5.939532e-15
ERR7919646	1	oral	0.062031686	0.93792534	2.872215e-06	4.428997e-06	3.5647015e-05
SRR13355784	1	oral	2.0790562e-06	0.9999974	1.2258016e-09	5.123092e-07	3.558725e-08
SRR13355785	1	oral	0.00011207334	0.99909467	3.468401e-07	0.0007775732	1.531474e-05
SRR13355786	1	oral	0.022944054	0.95457333	0.0001983465	0.02010327	0.0021809768
SRR13355787	1	oral	0.0027567854	0.9850804	8.274437e-06	0.012019847	0.00013467281
SRR13355789	1	oral	0.00017032426	0.9988295	1.8445464e-06	0.0009790541	1.928073e-05
SRR13355790	1	oral	0.0742579	0.5249929	0.0019695833	0.38250688	0.0162728
SRR13355791	1	oral	1.2317808e-09	0.99999887	9.0510155e-15	1.1091172e-06	3.2473236e-12
SRR13355792	1	oral	0.18497549	0.50554955	0.004258352	0.2648645	0.04035213
SRR13355794	1	oral	0.0075756703	0.98253924	0.000118920005	0.009122574	0.00064361846
SRR13355796	1	oral	4.696543e-11	0.99999994	1.8972609e-19	8.5112056e-08	9.138038e-16
SRR13355797	1	oral	1.5606192e-16	1.0	2.6139966e-23	3.0279535e-12	4.7425728e-20
SRR13355798	1	oral	1.07321767e-19	1.0	3.2204925e-31	6.931542e-17	7.3359774e-28
SRR13355799	1	oral	7.9376596e-16	1.0	8.917826e-25	7.0650805e-11	7.22735e-21
SRR13355800	1	oral	2.0482052e-07	0.99999964	2.1997547e-15	1.2998801e-07	1.0177909e-12
SRR13355801	1	oral	1.9631666e-15	1.0	1.2396307e-23	2.54953e-16	2.0074455e-20
SRR13355802	1	oral	0.004788004	0.9541435	4.5067023e-05	0.040628627	0.00039476968
SRR13355803	1	oral	0.0039189244	0.9947999	2.2949956e-05	0.0011501617	0.000108038206
SRR13355804	1	oral	0.056840304	0.7651583	0.0015458751	0.16433646	0.012119095
SRR13355805	1	oral	0.0035998253	0.99296176	4.8482732e-05	0.002856985	0.00053295837
SRR13355806	1	oral	0.00010435626	0.99953055	8.5948676e-07	0.00035366992	1.05875515e-05
SRR13355807	1	oral	0.0035040113	0.9851878	3.276543e-05	0.010896195	0.00037920845
SRR13355808	1	oral	0.04292121	0.95143634	0.00036022245	0.0030819848	0.0022002198
SRR13355809	1	oral	0.06603661	0.7818961	0.0018920512	0.14038314	0.00979209
SRR13355810	1	oral	0.11371834	0.42124772	0.005685324	0.41353312	0.04581549
SRR13355811	1	oral	0.010323244	0.6376366	8.29923e-05	0.35019335	0.0017638061
SRR13355812	1	oral	0.009047399	0.98277307	0.00016606663	0.0069281305	0.0010853343
SRR13355813	1	oral	0.000113115726	0.99945724	1.4275438e-06	0.00037985024	4.8379734e-05
SRR23699551	1	oral	4.028991e-10	1.0	5.5270004e-18	7.344391e-12	8.790489e-16
SRR23699552	1	oral	6.624134e-07	0.99998885	1.1699235e-13	1.0457112e-05	1.2848587e-11
SRR23699553	1	oral	1.0763368e-14	1.0	1.7059545e-20	5.1304127e-13	9.045741e-19
SRR23699554	1	oral	6.218513e-18	1.0	8.958994e-32	2.7241228e-14	1.2751433e-29
SRR23699555	1	oral	5.6453463e-15	1.0	8.1155274e-25	2.0407007e-12	2.0511165e-21
SRR23699556	1	oral	1.5888965e-17	1.0	1.5703437e-28	4.6663025e-14	2.6011138e-25
SRR23699557	1	oral	6.554157e-09	1.0	5.021376e-16	6.535358e-11	4.1024628e-14
SRR23699558	1	oral	3.1437075e-09	0.99999994	5.9194083e-13	5.0171217e-08	2.907563e-13
SRR23699559	1	oral	6.045512e-19	1.0	3.6817012e-31	2.4516373e-13	1.6904382e-27
SRR23699560	1	oral	3.4967267e-20	1.0	2.1975489e-33	1.2271383e-15	1.0347242e-30
SRR23699561	1	oral	1.7942221e-20	1.0	1.6733362e-33	1.9226176e-15	1.1135698e-29
SRR23699562	1	oral	1.1393975e-18	1.0	6.364644e-30	3.8324856e-14	1.10183014e-26
SRR23699563	1	oral	5.165949e-11	1.0	5.0062927e-18	3.3503416e-09	1.3700438e-16
SRR23699564	1	oral	0.0027281542	0.7838215	1.0598428e-05	0.21343967	4.5110568e-08
SRR23699565	1	oral	1.58605e-15	1.0	3.140956e-26	2.911052e-13	4.295747e-23
SRR23699566	1	oral	1.922401e-20	1.0	4.4908846e-35	5.643666e-17	9.4386854e-32
SRR23699567	1	oral	4.327503e-19	1.0	2.0689443e-32	3.8623452e-14	1.2137343e-27
SRR23699568	1	oral	1.7217634e-22	1.0	3.3725585e-36	1.0799391e-17	2.5126483e-32
SRR23699569	1	oral	2.257693e-21	1.0	8.600975e-34	3.2771244e-18	1.2741802e-30
SRR23699570	1	oral	4.997739e-22	1.0	3.7366966e-34	1.0029709e-18	4.0123594e-30
SRR23699571	1	oral	8.9124885e-20	1.0	1.3562608e-32	4.2024845e-14	1.2252074e-30
SRR23699572	1	oral	2.7956533e-23	1.0	1.11188184e-35	1.184967e-17	5.4389506e-32
SRR23699573	1	oral	5.563665e-19	1.0	1.1620056e-31	7.330463e-17	2.899391e-28
SRR23699574	1	oral	1.1368303e-07	0.07582082	3.0744887e-18	0.9241791	5.4977863e-14
SRR23699575	1	oral	1.0017239e-19	1.0	1.3223739e-33	1.7706651e-15	6.789749e-29
SRR23699576	1	oral	7.0087265e-22	1.0	2.2465954e-34	5.975143e-16	1.9704919e-30
SRR23699577	1	oral	5.209913e-21	1.0	3.8264003e-35	1.6340304e-17	3.085323e-31
SRR23699578	1	oral	4.725504e-09	0.99997723	3.120424e-20	2.275035e-05	1.8731205e-16
SRR5297130	1	oral	1.3329719e-11	1.0	6.059408e-20	5.1209514e-12	3.7252244e-18
SRR5297131	1	oral	6.0911193e-06	0.9999929	1.4953276e-10	1.0121977e-06	1.2454971e-09
SRR5297132	1	oral	1.22937545e-08	1.0	4.5852634e-14	1.6373356e-08	9.6863774e-14
SRR5297133	1	oral	6.635818e-05	0.99942863	7.720194e-11	0.00050503935	6.2856546e-11
SRR5875714	1	soft tissue	0.6209505	0.13327968	0.00906134	0.20945118	0.027257264
SRR5875715	1	soft tissue	0.49543375	0.09342768	0.002783193	0.40440193	0.003953452
SRR5875718	1	soft tissue	0.74216557	0.055959523	0.00875216	0.16140431	0.031718437
SRR5875719	1	soft tissue	0.95552087	0.005760823	0.007072895	0.030204665	0.0014407224
SRR5875720	1	soft tissue	0.46658596	0.15653805	0.0083592795	0.30628493	0.06223174
SRR5875721	1	soft tissue	0.27503574	0.05236529	0.002134925	0.66731966	0.0031443702
SRR5875722	1	soft tissue	0.5846433	0.10125151	0.0084099965	0.2518421	0.0538531
SRR5875723	1	soft tissue	0.71502143	0.06593413	0.004619535	0.19292775	0.021497123
SRR5875724	1	soft tissue	0.08853447	0.13766299	0.0041898163	0.7588923	0.010720404
SRR5875725	1	soft tissue	0.034424115	0.04216999	0.0007549885	0.92183685	0.0008140797
SRR5875726	1	soft tissue	0.38545743	0.10531461	0.0051969085	0.48978168	0.014249387
SRR5875727	1	soft tissue	0.46308103	0.11475078	0.0005075071	0.42155394	0.00010674821
SRR5875728	1	soft tissue	0.1284187	0.07386037	0.005332919	0.6679305	0.12445755
SRR5875729	1	soft tissue	0.13491541	0.030705346	0.0012165587	0.8260648	0.0070978743
SRR5875730	1	soft tissue	0.569526	0.0674279	0.0064566345	0.28737184	0.06921759
SRR5875731	1	soft tissue	0.83482444	0.030418469	0.0018200204	0.12224193	0.010695143
SRR8731955	1	gut	0.82301307	0.15512289	0.0051614917	0.016483927	0.00021862955
SRR8731957	1	gut	0.99163854	0.0002233582	0.00813661	1.3895797e-06	1.09960006e-07
SRR8731958	1	gut	0.11213391	0.7911769	0.0022334857	0.09197803	0.0024776885
ERR11660399	2	oral	1.9562127e-21	1.0	5.538024e-19	5.650691e-22	3.1527216e-18
ERR11660400	2	oral	3.67389e-21	1.0	7.56613e-19	1.0559006e-21	4.2499547e-18
ERR11660401	2	oral	1.1964828e-08	0.9999996	3.3910876e-08	8.347295e-08	3.1577298e-07
ERR11660402	2	oral	8.557325e-22	1.0	2.5738632e-19	1.8775579e-22	1.753107e-18
ERR11660403	2	oral	1.3238137e-21	1.0	3.548279e-19	3.4513086e-22	2.989937e-18
ERR11660404	2	oral	8.205665e-09	0.99999976	2.1319739e-08	3.22139e-08	1.7546319e-07
ERR11660405	2	oral	2.870787e-18	1.0	2.0215458e-16	7.039376e-19	1.3509454e-15
ERR11660406	2	oral	3.6757487e-18	1.0	3.1002454e-16	2.0136233e-18	1.6917744e-15
ERR11660407	2	oral	1.185532e-07	0.9999963	2.825968e-07	1.468802e-06	1.8389661e-06
ERR11660408	2	oral	3.5633477e-18	1.0	2.386294e-16	1.1155606e-18	1.2260792e-15
ERR11660409	2	oral	1.8268085e-18	1.0	1.4485861e-16	4.9086185e-19	1.2896822e-15
ERR11660410	2	oral	1.0391386e-06	0.9999661	2.0245018e-06	2.0535235e-05	1.034114e-05
ERR11660411	2	oral	4.080146e-21	1.0	9.599409e-19	8.860808e-22	6.948416e-18
ERR11660412	2	oral	2.9475668e-21	1.0	6.020718e-19	6.879988e-22	4.2722088e-18
ERR11660413	2	oral	1.4883859e-08	0.9999994	4.1999368e-08	9.809887e-08	4.1427737e-07
ERR11660414	2	oral	7.8875625e-22	1.0	2.4185298e-19	2.8161214e-22	1.422367e-18
ERR11660415	2	oral	4.1595048e-22	1.0	1.5938063e-19	1.0298419e-22	9.529107e-19
ERR11660416	2	oral	2.4761186e-09	0.9999999	8.762298e-09	1.4442672e-08	7.090865e-08
ERR11660417	2	oral	3.332292e-20	1.0	5.7549826e-18	1.5430104e-20	3.1006637e-17
ERR11660418	2	oral	2.6721528e-20	1.0	3.7203734e-18	6.158684e-21	2.7312993e-17
ERR11660419	2	oral	3.9211e-09	0.9999998	1.7636086e-08	4.4814104e-08	9.875555e-08
ERR11660420	2	oral	1.841622e-20	1.0	3.1077356e-18	5.173122e-21	2.6014978e-17
ERR11660421	2	oral	3.093265e-20	1.0	6.5727035e-18	1.5354852e-20	4.7206807e-17
ERR11660422	2	oral	8.1658795e-09	0.99999976	2.1146798e-08	3.3237647e-08	1.8119336e-07
ERR11660423	2	oral	8.8875815e-21	1.0	1.9857397e-18	2.9746515e-21	1.26952355e-17
ERR11660424	2	oral	1.3353577e-20	1.0	2.4113258e-18	3.303342e-21	1.4299278e-17
ERR11660425	2	oral	4.3555755e-08	0.99999887	1.0584882e-07	2.9828658e-07	6.955759e-07
ERR11660426	2	oral	4.468863e-20	1.0	5.9507704e-18	1.1998478e-20	2.1618754e-17
ERR11660427	2	oral	2.752395e-20	1.0	3.6272465e-18	6.1071132e-21	1.8951916e-17
ERR11660428	2	oral	1.1129701e-08	0.99999964	3.3029888e-08	7.506338e-08	2.2928117e-07
ERR11660429	2	oral	0.06709589	0.15169157	0.012384037	0.7500947	0.018733805
ERR11660430	2	oral	0.021103108	0.09231369	0.0031373058	0.8786335	0.0048124227
ERR11660431	2	oral	0.038252134	0.36013108	0.0033298088	0.59339684	0.004890156
ERR11660432	2	oral	0.052650213	0.12055389	0.009495025	0.8028867	0.014414153
ERR11660433	2	oral	0.031438205	0.061705913	0.008285843	0.8879889	0.010581126
ERR11660434	2	oral	0.028856108	0.20992786	0.0077468953	0.74149835	0.011970785
ERR11660435	2	oral	0.038201943	0.07526664	0.009502158	0.8650185	0.0120107485
ERR11660436	2	oral	0.047444128	0.16559987	0.010451415	0.75922674	0.017277839
ERR11660437	2	oral	0.038329795	0.06303422	0.009350573	0.87765235	0.011633061
ERR11660438	2	oral	0.001245196	0.7538791	0.00019226737	0.24362104	0.0010624378
ERR11660439	2	oral	0.0011767267	0.8803465	5.9315924e-05	0.11796014	0.00045736524
ERR11660440	2	oral	0.0014020118	0.80505085	0.00010011269	0.1926495	0.0007975461
ERR11660441	2	oral	0.0013229421	0.88163286	9.8004784e-05	0.11590079	0.001045376
ERR11660442	2	oral	0.0019296163	0.69726855	0.00020465443	0.2991753	0.0014219137
ERR11660443	2	oral	0.0014607449	0.8649769	0.00024630546	0.13174178	0.0015743135
ERR11660444	2	oral	0.001507483	0.89253175	0.00013973154	0.10448937	0.0013316736
ERR11660445	2	oral	0.0013626325	0.67679304	0.00020645006	0.32024902	0.0013888731
ERR11660446	2	oral	0.00092618226	0.87639534	6.327855e-05	0.12211092	0.0005042994
ERR11660447	2	oral	0.0016217083	0.82138586	0.00010363307	0.17613202	0.00075677404
ERR11660448	2	oral	0.0009757058	0.8536041	0.00010174645	0.14444369	0.00087479997
ERR11660449	2	oral	0.0011216857	0.8567183	6.320175e-05	0.14165826	0.00043856507
ERR11660450	2	oral	0.0010660591	0.70344836	9.335722e-05	0.294538	0.0008542366
ERR11660451	2	oral	0.036130644	0.054615084	0.008514275	0.8885581	0.012181927
ERR11660452	2	oral	0.047832865	0.13996218	0.009771321	0.7817229	0.020710727
ERR11660453	2	oral	0.027440002	0.04314711	0.00691235	0.91289794	0.009602596
ERR11660454	2	oral	0.037679177	0.19289605	0.008743085	0.74147373	0.019207986
ERR11660455	2	oral	0.03324233	0.056778874	0.007977262	0.8912532	0.01074839
ERR11660456	2	oral	1.1971757e-11	1.0	7.483209e-12	2.4469976e-10	1.1709925e-09
ERR11660457	2	oral	1.8387842e-11	1.0	1.00364725e-11	3.3175482e-10	2.1882194e-09
ERR11660458	2	oral	1.2803098e-11	1.0	1.654094e-11	3.9294504e-10	2.2217412e-09
ERR11660459	2	oral	1.068914e-10	1.0	1.0270686e-10	6.4535675e-09	2.1019467e-08
ERR11660460	2	oral	0.03117767	0.07355043	0.007973199	0.87598646	0.011312268
ERR11660461	2	oral	1.88392e-15	1.0	1.1194975e-14	9.239344e-16	4.4315845e-13
ERR11660462	2	oral	3.6371646e-15	1.0	1.7401384e-14	2.6911467e-15	4.571012e-13
ERR11660463	2	oral	4.8759773e-14	1.0	1.7592152e-13	4.363682e-14	3.5626326e-12
ERR11660464	2	oral	1.4049834e-14	1.0	3.0015453e-14	4.4450133e-15	7.0584917e-13
ERR11660465	2	oral	1.8443935e-13	1.0	5.3237975e-13	1.0302229e-13	1.3992677e-11
ERR11660466	2	oral	9.424818e-15	1.0	4.198016e-14	1.0620687e-14	7.280105e-13
ERR14057409	2	gut	0.16052754	0.19613437	0.101250954	0.5114898	0.030597348
ERR14057410	2	gut	0.16930383	0.19450594	0.11236463	0.48301837	0.040807236
ERR14057411	2	gut	0.00416174	0.23161586	0.7045386	5.952411e-06	0.05967788
ERR14057412	2	gut	0.0044146664	0.26351932	0.64555997	4.6960326e-06	0.086501345
ERR14057413	2	gut	4.1322133e-11	1.0	3.5772169e-12	2.8879882e-13	1.0983128e-09
ERR14057414	2	gut	4.5732296e-11	1.0	3.3208466e-12	2.0071535e-13	8.0234525e-10
ERR14057415	2	gut	5.0831794e-10	1.0	5.2792974e-12	2.753832e-14	1.282124e-09
ERR14057416	2	gut	4.174819e-10	1.0	5.603655e-12	1.966102e-14	1.1590369e-09
ERR14100444	2	gut	0.16052754	0.19613437	0.101250954	0.5114898	0.030597348
ERR14100445	2	gut	0.16930383	0.19450594	0.11236463	0.48301837	0.040807236
ERR14100446	2	gut	0.00416174	0.23161586	0.7045386	5.952411e-06	0.05967788
ERR14100447	2	gut	0.0044146664	0.26351932	0.64555997	4.6960326e-06	0.086501345
ERR14100448	2	gut	4.1322133e-11	1.0	3.5772169e-12	2.8879882e-13	1.0983128e-09
ERR14100449	2	gut	4.5732296e-11	1.0	3.3208466e-12	2.0071535e-13	8.0234525e-10
ERR14100450	2	gut	5.0831794e-10	1.0	5.2792974e-12	2.753832e-14	1.282124e-09
ERR14100451	2	gut	4.174819e-10	1.0	5.603655e-12	1.966102e-14	1.1590369e-09
ERR2269773	2	plant tissue	0.0032833328	0.003133238	0.99233943	0.0004190195	0.0008249529
ERR2269775	2	plant tissue	0.06600433	0.015057654	0.9179174	7.880546e-05	0.0009418634
ERR2269776	2	plant tissue	0.002611721	0.003571248	0.9929717	0.0005021583	0.0003431295
ERR2269777	2	plant tissue	0.006914349	0.0035316937	0.98741543	0.00029982344	0.0018387188
ERR2269778	2	plant tissue	0.007702811	0.018061547	0.9727962	0.0011124127	0.00032705622
ERR2269779	2	plant tissue	0.002093678	0.0029969753	0.9941512	0.00045292507	0.00030521755
ERR2269780	2	plant tissue	0.0023732185	0.0024851742	0.99443036	0.0003044262	0.00040681643
ERR2269781	2	plant tissue	0.0024161052	0.0026664108	0.9942296	0.00042815585	0.00025970206
ERR2269782	2	plant tissue	0.0057279845	0.0030077375	0.9880903	0.0003378331	0.0028361615
ERR2269783	2	plant tissue	0.010455602	0.020935828	0.96790594	0.00040054915	0.00030205562
ERR2269784	2	plant tissue	0.022161333	0.0028630004	0.86950505	0.00014655877	0.10532408
ERR2269785	2	plant tissue	0.0045561194	0.0049111797	0.9897444	0.00048081877	0.00030743302
ERR2269786	2	plant tissue	0.0033802297	0.003945237	0.9918298	0.00039853144	0.00044617656
ERR2269787	2	plant tissue	0.0035856979	0.0037000405	0.9901462	0.00027905064	0.0022889809
ERR2269788	2	plant tissue	0.0021854402	0.0036696263	0.99341345	0.00039325442	0.00033821876
ERR2269789	2	plant tissue	0.002620913	0.0031098125	0.99346745	0.000389157	0.00041267506
ERR2269790	2	plant tissue	0.07171462	0.06424054	0.84679645	0.0047942745	0.012454134
ERR2269791	2	plant tissue	0.003729203	0.00395525	0.99173796	0.00035082063	0.00022675392
ERR2269792	2	plant tissue	0.0019797815	0.0023328885	0.99513674	0.00031797864	0.00023261091
ERR2269793	2	plant tissue	0.0018147219	0.0028943117	0.99459034	0.00043097817	0.00026964967
ERR2269794	2	plant tissue	0.013858788	0.023331946	0.96253926	0.00018938164	8.062525e-05
ERR2269795	2	plant tissue	0.0025926656	0.003557243	0.9930378	0.00048054056	0.00033175267
ERR2269796	2	plant tissue	0.0077320123	0.032054197	0.9494011	2.687565e-05	0.010785814
ERR2269797	2	plant tissue	0.0027388004	0.0040062834	0.9923933	0.0005317491	0.00032985024
ERR2269798	2	plant tissue	0.0047583054	0.016732542	0.97828317	0.000105593674	0.000120373756
ERR2269799	2	plant tissue	0.0040938994	0.0029113533	0.9861307	7.824153e-05	0.0067857825
ERR2269800	2	plant tissue	0.015959635	0.03240584	0.95141655	3.3676988e-05	0.00018430894
ERR2269801	2	plant tissue	0.02647654	0.10462902	0.8669386	0.0018808383	7.5039694e-05
ERR2269802	2	plant tissue	0.007697712	0.016967999	0.97430474	6.6093584e-05	0.00096345705
ERR2269803	2	plant tissue	0.0022742085	0.011598622	0.980188	5.1697134e-05	0.005887475
ERR2269804	2	plant tissue	0.023507806	0.031826448	0.92353916	0.017154712	0.003971864
ERR2269805	2	plant tissue	0.0029678403	0.004188909	0.9918399	0.00063462724	0.00036874067
ERR3728226	2	oral	1.6334675e-27	1.0	3.0383323e-26	7.472996e-31	6.1732477e-26
ERR3728227	2	oral	2.8404258e-30	1.0	1.282919e-28	6.3567323e-34	2.5186014e-28
ERR3728228	2	oral	3.2656122e-34	1.0	6.1016044e-32	1.5009262e-38	1.1695931e-31
ERR3728238	2	oral	0.03972367	0.7388938	0.0057662963	0.20776005	0.007856164
ERR3728239	2	oral	8.7348405e-07	0.9999904	4.7067016e-07	6.963601e-06	1.2883644e-06
ERR3728240	2	oral	0.048403703	0.71147144	0.004841387	0.2268576	0.008425879
ERR3728241	2	oral	0.039856125	0.76147777	0.0030113726	0.19006284	0.005591886
ERR3728245	2	oral	5.6645114e-38	1.0	8.390471e-35	1.1028e-41	6.5877935e-35
ERR3728246	2	oral	9.5881e-41	1.0	2.6494202e-37	1.3e-44	6.3214784e-37
ERR3728247	2	oral	3.7057216e-34	1.0	9.2760663e-32	8.0027275e-38	2.6384147e-31
ERR3728248	2	oral	6.187515e-39	1.0	5.5283674e-36	3.43e-43	2.3145446e-35
ERR3728249	2	oral	7.886e-41	1.0	1.5510166e-37	3e-45	3.3251734e-37
ERR3728250	2	oral	3.4794e-41	1.0	4.229733e-37	4.3e-44	1.1859312e-36
ERR3728251	2	oral	3.5e-44	1.0	4.83804e-40	0.0	1.495068e-39
ERR3728252	2	oral	1.4027729e-37	1.0	3.443687e-34	4.5437e-40	6.888479e-34
ERR3728254	2	oral	6.3646425e-30	1.0	5.8231903e-28	1.6728107e-30	2.3425499e-26
ERR3728255	2	oral	3.764444e-30	1.0	2.165955e-28	3.8619372e-31	5.3385284e-27
ERR3728256	2	oral	7.933097e-34	1.0	1.706966e-31	7.1969756e-35	4.474029e-30
ERR3728257	2	oral	1.6568921e-29	1.0	5.837049e-28	4.705e-31	2.4909782e-26
ERR4373119	2	oral	0.054162357	0.9431276	0.00081005704	0.0018940208	5.971308e-06
ERR4373134	2	oral	0.09551277	0.83684087	0.0028291382	0.05272827	0.012088975
ERR4373146	2	oral	8.092599e-06	0.9999889	1.6379267e-06	4.013979e-07	9.2519576e-07
ERR4373153	2	oral	0.21671475	0.73553586	0.021078657	0.019273423	0.00739731
ERR4373159	2	oral	0.23759241	0.7243567	0.018645959	0.009879578	0.009525317
ERR4373979	2	oral	8.529697e-24	1.0	2.783612e-23	4.765838e-31	2.7394205e-23
ERR4373995	2	skeletal tissue	0.23783293	0.39299056	0.06306625	0.2936909	0.012419349
ERR4373996	2	oral	0.087984465	0.888671	0.0029896053	0.0071563106	0.013198612
ERR4373997	2	skeletal tissue	0.15294364	0.82779986	6.12202e-05	0.019167975	2.7277763e-05
ERR4373998	2	skeletal tissue	0.07392047	0.14059646	0.012706906	0.7531057	0.019670432
ERR4373999	2	oral	0.087984465	0.888671	0.0029896053	0.0071563106	0.013198612
ERR4374000	2	skeletal tissue	0.23783293	0.39299056	0.06306625	0.2936909	0.012419349
ERR4374001	2	skeletal tissue	0.15294364	0.82779986	6.12202e-05	0.019167975	2.7277763e-05
ERR4374002	2	skeletal tissue	0.17479724	0.7542804	0.008341301	0.053713404	0.008867684
ERR4374003	2	skeletal tissue	0.07392047	0.14059646	0.012706906	0.7531057	0.019670432
ERR4374004	2	skeletal tissue	0.47956142	0.46423897	0.03829846	0.0056841434	0.012216995
ERR4374005	2	skeletal tissue	0.13116793	0.47595707	0.014217418	0.3403576	0.03829996
ERR4374006	2	oral	0.3417262	0.61526805	0.0069818166	0.021723533	0.014300363
ERR4374007	2	oral	0.48774344	0.47855803	0.006177507	0.020636914	0.006884116
ERR4374008	2	skeletal tissue	0.312143	0.5045547	0.020893015	0.13429524	0.028114084
ERR4374009	2	oral	0.1072154	0.8618439	0.0037217194	0.021515474	0.005703506
ERR4374010	2	oral	0.10054052	0.8899379	0.0016194216	0.006515924	0.0013862608
ERR4374011	2	soft tissue	0.4003323	0.4941881	0.010156025	0.07824568	0.017077908
ERR4374012	2	oral	0.3237717	0.42473128	0.010787036	0.21960887	0.021101123
ERR4374013	2	oral	0.08475843	0.87320036	0.0027197876	0.036958337	0.0023630676
ERR4374014	2	oral	0.17131537	0.7797866	0.0042306846	0.04064286	0.0040244972
ERR4374015	2	skeletal tissue	0.30573046	0.6127822	0.002290615	0.07611308	0.0030836863
ERR4374016	2	skeletal tissue	0.18064043	0.7553363	0.0072861025	0.04770133	0.009035872
ERR4374017	2	soft tissue	0.13751476	0.28306586	0.017398056	0.51169777	0.05032358
ERR4374018	2	oral	0.36870226	0.5995455	0.0045373077	0.020876367	0.0063385554
ERR4374019	2	skeletal tissue	0.14287579	0.72523355	0.008164553	0.11133313	0.012392974
ERR4374020	2	skeletal tissue	0.34579626	0.56055194	0.017206568	0.067204714	0.0092405295
ERR4374021	2	soft tissue	0.3674564	0.2870574	0.016710833	0.27070516	0.0580702
ERR4374022	2	oral	0.24805433	0.6788647	0.008117036	0.051969618	0.012994306
ERR4374023	2	oral	0.16061048	0.8275782	0.00080163137	0.0089830225	0.0020266937
ERR4374024	2	oral	0.25883332	0.69937503	0.0043334267	0.03245094	0.005007307
ERR4374025	2	skeletal tissue	0.24147958	0.6700997	0.009922867	0.06807303	0.010424847
ERR4374026	2	skeletal tissue	0.11575373	0.8760841	0.0017069771	0.005915675	0.00053953053
ERR4374027	2	oral	0.38283497	0.5789048	0.012715859	0.019014535	0.006529829
ERR4374028	2	oral	0.18405914	0.7597207	0.0062964815	0.041642927	0.0082807895
ERR4374029	2	skeletal tissue	0.18361638	0.46713609	0.33881015	0.005345768	0.005091611
ERR4374030	2	skeletal tissue	0.47547013	0.49023646	0.011382309	0.01613412	0.0067769685
ERR4374031	2	oral	0.38535127	0.56254154	0.006955323	0.035359964	0.009791897
ERR4374032	2	skeletal tissue	0.2312313	0.72238344	0.00909287	0.019285947	0.018006457
ERR4374033	2	skeletal tissue	0.4093199	0.5478754	0.009805627	0.021052377	0.011946717
ERR4374034	2	skeletal tissue	0.1714448	0.8204898	0.005030425	0.002401014	0.0006339326
ERR4374035	2	soft tissue	0.18827797	0.7545123	0.0071983677	0.039769314	0.0102420505
ERR4374036	2	skeletal tissue	0.21185505	0.35564306	0.016565522	0.369354	0.046582352
ERR4374037	2	skeletal tissue	0.22999558	0.7633803	0.0013264038	0.003364959	0.0019327665
ERR4374038	2	skeletal tissue	0.24148785	0.670125	0.009118726	0.070259355	0.0090090465
ERR4374039	2	skeletal tissue	0.27653447	0.5375728	0.014886271	0.11634621	0.05466022
ERR4374040	2	skeletal tissue	0.21829727	0.76591665	0.0012601463	0.012204887	0.0023210554
ERR4374041	2	skeletal tissue	0.17510876	0.6264273	0.008516079	0.17618532	0.01376255
ERR4374042	2	oral	0.20681226	0.7440644	0.00620291	0.0349932	0.007927225
ERR4374043	2	skeletal tissue	0.32111877	0.65372413	0.016055696	0.004777305	0.0043240963
ERR4374044	2	oral	0.2802254	0.6397078	0.0083248895	0.051679373	0.020062532
ERR4374045	2	oral	0.25576475	0.38237956	0.015803723	0.29762036	0.048431616
ERR4374046	2	soft tissue	0.30676305	0.27660194	0.020041293	0.3427544	0.053839322
ERR4374047	2	skeletal tissue	0.18566881	0.77317566	0.0036749172	0.036202163	0.0012784405
ERR4374048	2	oral	0.25680274	0.57202375	0.014549147	0.12620386	0.03042053
ERR4374049	2	oral	0.2674409	0.6869593	0.006164571	0.019057015	0.020378212
ERR4374050	2	oral	0.32857057	0.62488776	0.0056213965	0.03102508	0.009895207
ERR4374051	2	oral	0.38786963	0.5614339	0.007264248	0.03310985	0.0103223855
ERR4374052	2	skeletal tissue	0.14428338	0.83021575	0.00062014663	0.024509043	0.00037168048
ERR4374053	2	oral	0.005349797	0.99378043	6.364957e-06	0.0008628654	5.272612e-07
ERR4374055	2	skeletal tissue	0.2332931	0.70746994	0.009440893	0.037946	0.011850055
ERR4374588	2	skeletal tissue	0.24506682	0.66383797	0.008146015	0.06894476	0.014004418
ERR4374589	2	oral	0.33243224	0.6057876	0.0068400064	0.04560921	0.009330989
ERR4374838	2	oral	0.021969428	0.9771205	5.820695e-05	0.00082237093	2.9482868e-05
ERR4374839	2	skeletal tissue	0.3505185	0.5952156	0.03391318	0.010790483	0.009562212
ERR4374851	2	skeletal tissue	0.52922165	0.31573775	0.07436467	0.044246186	0.036429718
ERR4374857	2	soft tissue	0.24619693	0.6845189	0.00882469	0.049970597	0.010488924
ERR4374858	2	oral	0.31593665	0.63143486	0.008026217	0.038818758	0.0057835258
ERR4374859	2	skeletal tissue	0.27073333	0.7212121	0.003653005	0.004174627	0.00022694921
ERR4374860	2	oral	0.35760355	0.59722644	0.0068759355	0.028955322	0.009338737
ERR4374861	2	skeletal tissue	0.3192935	0.6398759	0.0049385913	0.025374025	0.010517986
ERR4374862	2	skeletal tissue	0.22054729	0.7451076	0.017072642	0.015601406	0.0016710481
ERR4374863	2	oral	0.40569875	0.5557688	0.0063939146	0.023760144	0.00837843
ERR4374864	2	oral	0.33225164	0.5872701	0.007314976	0.06589529	0.0072680325
ERR4374865	2	oral	0.4601206	0.49539554	0.007882164	0.026668578	0.009933142
ERR4374866	2	oral	0.34839076	0.6170779	0.005963083	0.021068366	0.0074999062
ERR4374867	2	oral	0.32946736	0.636089	0.005451545	0.020360274	0.008631805
ERR4374868	2	oral	0.17539194	0.79788893	0.003482694	0.015806625	0.007429812
ERR4374869	2	oral	0.38550612	0.3386055	0.016636059	0.20114578	0.058106545
ERR4374870	2	oral	0.40759996	0.5599602	0.0060697165	0.020536045	0.0058341054
ERR4374871	2	oral	0.37087637	0.58516717	0.005892354	0.029184235	0.008879881
ERR4374872	2	oral	0.50522125	0.4658678	0.0047538537	0.018339701	0.00581738
ERR4374873	2	oral	0.40362906	0.5534585	0.006022552	0.028653651	0.008236185
ERR4374874	2	oral	0.35422137	0.57822245	0.007291306	0.049575746	0.01068912
ERR4374875	2	oral	0.30259827	0.6502342	0.0077295266	0.03135163	0.008086369
ERR4374912	2	skeletal tissue	0.3004815	0.6926979	0.0002594561	0.0062800376	0.00028109568
ERR4374913	2	skeletal tissue	0.23557474	0.7081471	0.0140228355	0.031941306	0.010314013
ERR4374914	2	oral	0.22518948	0.28601262	0.016880238	0.42242467	0.049493004
ERR4374915	2	skeletal tissue	0.10038071	0.8687489	1.1506786e-05	0.03085418	4.6750692e-06
ERR4374916	2	skeletal tissue	0.22787316	0.5710616	0.011919339	0.17137957	0.017766317
ERR4374917	2	oral	0.34739888	0.6111304	0.006210295	0.026438234	0.008822135
ERR4374918	2	skeletal tissue	0.19076505	0.76123023	0.007095911	0.031689383	0.009219414
ERR4374919	2	oral	0.072095394	0.9125665	0.0018561272	0.011851089	0.0016309117
ERR4374920	2	oral	0.35151836	0.61272395	0.0056763925	0.021997986	0.00808329
ERR4374921	2	oral	0.24703877	0.73150915	0.0017506164	0.01926455	0.00043691258
ERR4374922	2	oral	0.14698902	0.8426671	0.0022480653	0.005147674	0.0029481165
ERR4374923	2	skeletal tissue	0.4812278	0.46419218	0.04197485	0.005225927	0.007379255
ERR4374924	2	oral	0.36197317	0.5945662	0.006813185	0.027445821	0.009201571
ERR4374925	2	oral	0.33947244	0.6240548	0.005886596	0.02137648	0.009209704
ERR4374926	2	oral	0.3316862	0.6075785	0.00683182	0.04132947	0.012574019
ERR4374927	2	skeletal tissue	0.22026739	0.7667444	0.0011103745	0.011627597	0.00025029192
ERR4374928	2	skeletal tissue	0.5477074	0.3922763	0.02205839	0.0146791	0.02327882
ERR4374929	2	oral	0.20089632	0.5549143	0.009093981	0.20454344	0.030551959
ERR4374948	2	skeletal tissue	0.27621788	0.3961039	0.02186664	0.26369998	0.042111587
ERR4374962	2	oral	0.19600332	0.76280147	0.001209387	0.038729172	0.0012566632
ERR4374963	2	oral	0.16718538	0.6027122	0.0009912583	0.22796074	0.0011503827
ERR4375010	2	skeletal tissue	0.29604775	0.363229	0.015126642	0.28937122	0.03622539
ERR4375011	2	oral	0.3428731	0.6080758	0.00502878	0.036485333	0.007536987
ERR4375017	2	oral	0.25251478	0.4177674	0.016100887	0.26491383	0.048703108
ERR4375025	2	skeletal tissue	0.4900281	0.39806795	0.09916807	0.0030104837	0.009725374
ERR4375032	2	oral	0.38212013	0.58233184	0.005714222	0.021656437	0.008177392
ERR4375036	2	skeletal tissue	0.2362104	0.74720955	2.3361437e-05	0.016549867	6.8026297e-06
ERR4375039	2	oral	0.09769363	0.8475316	0.0010415904	0.05311619	0.0006169787
ERR4375040	2	skeletal tissue	0.24134497	0.6850092	0.0099462075	0.04979207	0.013907531
ERR4375042	2	oral	0.0019245995	0.99371576	6.853216e-06	0.0043502566	2.5397749e-06
ERR4375045	2	oral	0.2676639	0.6910924	0.005913151	0.026110344	0.00922024
ERR4375046	2	skeletal tissue	0.47919068	0.46252158	0.028047908	0.019208271	0.011031559
ERR4375047	2	skeletal tissue	0.10680918	0.4857383	0.023401638	0.3424573	0.041593585
ERR4375048	2	oral	0.38329124	0.57407963	0.0057750545	0.027654635	0.009199411
ERR4375049	2	oral	0.37062478	0.5396112	0.020277034	0.041222006	0.028264929
ERR4375050	2	skeletal tissue	0.22256942	0.7142706	0.0069320956	0.04606482	0.010163085
ERR4375132	2	oral	0.15660411	0.5040521	0.0080673685	0.311817	0.019459423
ERR4375133	2	oral	0.34668645	0.6019158	0.006849664	0.03514911	0.009399024
ERR4375134	2	skeletal tissue	0.46835086	0.47423232	0.010965592	0.036613904	0.009837302
ERR4375135	2	skeletal tissue	0.18740705	0.7707387	0.0062655476	0.02386423	0.011724459
ERR4375136	2	skeletal tissue	0.14634177	0.8098214	0.004325382	0.034661945	0.004849478
ERR4375137	2	oral	0.3309893	0.6255602	0.0038393014	0.037022274	0.002588904
ERR4375141	2	oral	0.39624706	0.38644788	0.010856893	0.18335254	0.023095628
ERR4375142	2	oral	0.3699131	0.58055705	0.006508217	0.03673355	0.006288069
ERR4375143	2	oral	0.26049197	0.7073328	0.0031517888	0.02455121	0.004472233
ERR4375144	2	skeletal tissue	0.2656813	0.25503033	0.013267313	0.37912628	0.08689479
ERR4383828	2	skeletal tissue	0.29265392	0.48582342	0.009492197	0.15089086	0.06113962
ERR4383829	2	skeletal tissue	0.29425928	0.53440017	0.010395364	0.11917119	0.041773997
ERR4384927	2	skeletal tissue	0.2975228	0.44958922	0.020008475	0.19646426	0.03641523
ERR4385800	2	skeletal tissue	0.35668743	0.54553473	0.010733613	0.06952979	0.01751442
ERR4385809	2	skeletal tissue	0.23414229	0.7229428	0.0047074417	0.034191437	0.004016038
ERR4386464	2	oral	2.0253194e-36	1.0	3.8064847e-34	1.1e-44	3.7296665e-35
ERR4386569	2	skeletal tissue	0.40045762	0.59279096	0.0060662543	0.00028935206	0.00039582397
ERR4386594	2	soft tissue	0.42770344	0.526721	0.0068738516	0.0264377	0.012264016
ERR4388102	2	soft tissue	0.4067635	0.47877905	0.010527188	0.08916385	0.014766428
ERR4388107	2	soft tissue	0.38840342	0.4762931	0.012619262	0.105173945	0.017510315
ERR4388231	2	soft tissue	0.3561833	0.61672294	0.0045509255	0.0133664785	0.009176352
ERR4388236	2	soft tissue	0.60296357	0.36543676	0.005397862	0.013478928	0.0127228685
ERR4391165	2	oral	1.6834611e-10	1.0	3.743223e-10	7.755325e-16	9.0874315e-11
ERR4391166	2	oral	2.489484e-10	1.0	7.62142e-10	4.3295496e-15	1.6181867e-10
ERR4408185	2	oral	0.26038492	0.68848294	0.0040305587	0.04229395	0.0048076552
ERR4408187	2	skeletal tissue	0.13553046	0.83810496	0.0033006214	0.01917361	0.0038903386
ERR4408188	2	oral	0.14279826	0.36054042	0.014639716	0.4528771	0.029144496
ERR4413529	2	oral	5.02799e-37	1.0	1.0571477e-34	8e-45	7.812496e-36
ERR5729614	2	oral	4.5517e-41	1.0	1.1820391e-37	0.0	8.8356717e-38
ERR5729615	2	oral	4.839739e-33	1.0	7.2093204e-32	1.151e-41	2.5624528e-31
ERR5729616	2	oral	4.7171603e-37	1.0	6.070965e-35	1.169e-42	1.2366217e-34
ERR5729617	2	oral	1.4647969e-36	1.0	5.5741885e-35	0.0	2.8763277e-34
ERR5729618	2	oral	2.295572e-33	1.0	3.708075e-30	2.5341583e-35	1.0163284e-29
ERR5729619	2	oral	5.3245825e-15	1.0	4.7813296e-17	9.268378e-18	3.9681795e-15
ERR5729620	2	oral	8.9569715e-28	1.0	8.2193236e-26	1.8557313e-29	4.8074253e-25
ERR5729621	2	oral	1.9544463e-28	1.0	1.024346e-27	9.875871e-35	2.7318776e-25
ERR5729622	2	oral	6.181205e-37	1.0	1.0190752e-33	1.4555e-41	2.6622556e-33
ERR5729623	2	oral	5.558521e-20	1.0	1.2724543e-20	1.78936e-24	4.937424e-19
ERR5729624	2	oral	4.2571814e-19	1.0	3.3799677e-18	9.197427e-21	2.5129803e-17
ERR5729625	2	oral	1.8241e-40	1.0	1.853779e-35	9.56e-43	2.840253e-35
ERR5729626	2	oral	6e-45	1.0	2.3447e-41	0.0	8.3226e-41
ERR5729627	2	oral	1.3800148e-37	1.0	1.0178158e-33	9.53e-43	6.3790933e-34
ERR5729628	2	oral	3.53631e-28	1.0	5.2578234e-28	3.7930597e-35	1.3356215e-26
ERR5729629	2	oral	5.811536e-39	1.0	5.225682e-36	2.1e-44	3.1102128e-35
ERR5729630	2	oral	4.2101306e-20	1.0	4.2955086e-19	7.0585416e-22	3.2893445e-21
ERR5729631	2	oral	3.7747004e-36	1.0	1.8596534e-32	5.1355e-41	8.899893e-33
ERR5729632	2	oral	5.56e-42	1.0	6.108773e-39	0.0	3.6725746e-38
ERR5729633	2	oral	2.11427e-40	1.0	1.2838109e-37	0.0	1.4664935e-36
ERR5729634	2	oral	7.028e-42	1.0	1.6383778e-38	0.0	3.5056043e-38
ERR5729635	2	oral	0.007976158	0.23507476	0.0014360463	0.75265765	0.0028553666
ERR5729636	2	oral	3.6793978e-38	1.0	1.7033246e-33	9.38339e-40	6.7608117e-34
ERR5729637	2	oral	7.6533003e-38	1.0	4.2266673e-35	7.425e-42	1.0399697e-34
ERR5729638	2	oral	4.1684453e-38	1.0	1.8600341e-33	6.404926e-39	1.5824288e-33
ERR5729639	2	oral	5.534557e-29	1.0	1.0879184e-27	2.7790434e-34	1.0377484e-26
ERR5729640	2	oral	5.6555e-40	1.0	5.53555e-35	1.9453e-41	4.7189532e-35
ERR5729641	2	oral	5.626e-42	1.0	2.1396105e-38	0.0	1.8883339e-38
ERR5729642	2	oral	8.5434e-41	1.0	1.1183136e-36	1.98e-43	1.3440667e-35
ERR5729643	2	oral	1.229337e-39	1.0	2.0823677e-35	1.359e-42	1.1301937e-35
ERR5729644	2	oral	2.4564926e-36	1.0	2.2792224e-32	6.790709e-39	1.6513941e-32
ERR5729645	2	oral	6.357717e-38	1.0	4.0761015e-34	2.4973e-41	6.98127e-34
ERR5729646	2	oral	1.0149971e-28	1.0	1.1391651e-25	2.7522445e-30	2.5251373e-25
ERR5729647	2	oral	8.7205277e-35	1.0	8.868068e-33	3.608464e-39	5.933968e-32
ERR5729648	2	oral	6.561442e-27	1.0	2.061151e-25	9.093861e-29	1.6212245e-23
ERR5729649	2	oral	2.3291067e-19	1.0	3.1020856e-20	4.3945065e-25	8.723579e-19
ERR5729650	2	oral	2.173362e-39	1.0	3.7865913e-36	7e-45	1.068191e-35
ERR5729651	2	oral	3.1830651e-12	1.0	6.6939516e-14	1.6055183e-13	6.1137376e-12
ERR5729652	2	oral	6.002e-42	1.0	8.246359e-38	3.115e-42	6.725595e-39
ERR5729653	2	oral	3.791796e-33	1.0	1.2826799e-28	2.7933625e-32	1.2598188e-28
ERR5729654	2	oral	4.232357e-36	1.0	6.4638806e-32	3.04756e-40	1.5080682e-32
ERR5729655	2	oral	3.13812e-40	1.0	1.14465334e-35	1.43e-43	2.1865872e-36
ERR5729656	2	oral	4.107498e-35	1.0	5.1896007e-32	3.7758864e-37	4.1892337e-33
ERR5729657	2	oral	9.28039e-39	1.0	1.3432185e-34	1.3273e-41	2.7663742e-34
SRR30066258	2	oral	1.237378e-32	1.0	7.489499e-30	2.446864e-36	5.860162e-30
SRR30066259	2	oral	1.7792278e-35	1.0	2.2485761e-32	1.1503e-39	6.913026e-33
SRR30066260	2	oral	2.233e-41	1.0	5.331063e-37	2e-44	2.069672e-37
SRR30066261	2	oral	1.0672831e-33	1.0	3.0390479e-31	8.77253e-39	5.2443764e-32
SRR30066262	2	oral	1.2502895e-24	1.0	2.2466804e-22	1.6760251e-25	7.060115e-22
SRR30066263	2	oral	1.4434909e-21	1.0	1.7290691e-16	1.3755431e-22	1.8115453e-19
SRR30066264	2	oral	3.614727e-21	1.0	6.522845e-20	8.367021e-23	1.1393851e-18
SRR30066265	2	oral	0.011363022	0.8418507	0.0022974983	0.134052	0.010436789
SRR30066269	2	oral	4.3174905e-22	1.0	9.411439e-20	1.2498403e-21	2.474386e-19
SRR30066270	2	oral	4.1124758e-32	1.0	8.2149495e-29	5.41266e-33	1.3393146e-27
SRR30066271	2	oral	3.465e-42	1.0	1.4902944e-38	0.0	1.6483528e-38
SRR30066272	2	oral	2.5324058e-38	1.0	1.2719301e-34	1.1998e-41	1.5033035e-34
SRR6877282	2	oral	1.32361215e-33	1.0	6.924586e-32	2.9769894e-35	5.423484e-31
SRR6877283	2	skeletal tissue	0.0041209534	0.46474445	7.061353e-06	0.53112274	4.816543e-06
SRR6877284	2	oral	6.627825e-39	1.0	4.441448e-36	1e-44	4.2576995e-36
SRR6877285	2	skeletal tissue	0.0011170437	0.66149926	3.488809e-05	0.3373476	1.2276686e-06
SRR6877286	2	oral	1.4382843e-35	1.0	1.8562146e-32	1.9706826e-38	2.4544118e-32
SRR6877287	2	skeletal tissue	0.0018059243	0.11373492	0.00039280474	0.8835173	0.0005490483
SRR6877288	2	oral	7.3373314e-33	1.0	2.5508412e-30	5.49197e-38	4.9553594e-31
SRR6877289	2	skeletal tissue	0.00049830193	0.99431795	2.6050057e-07	0.005181087	2.388819e-06
SRR6877290	2	oral	4.91099e-29	1.0	6.756673e-28	6.962791e-33	9.392718e-27
SRR6877291	2	skeletal tissue	4.0076744e-18	1.0	1.2978561e-18	2.9388332e-16	5.5981003e-18
SRR6877292	2	oral	4.5677e-41	1.0	2.4891153e-37	4e-45	2.4617312e-37
SRR6877293	2	skeletal tissue	0.010206672	0.4377536	1.2371427e-05	0.5520226	4.803499e-06
SRR6877294	2	oral	1.6462136e-22	1.0	2.195281e-19	9.746027e-21	2.1109757e-19
SRR6877295	2	skeletal tissue	0.017339617	0.32280037	0.00513033	0.6472511	0.0074785724
SRR6877296	2	oral	6.2607677e-19	1.0	2.1141466e-17	1.8151478e-18	1.1783376e-16
SRR6877297	2	skeletal tissue	0.0030117836	0.18039756	4.9830246e-06	0.8165832	2.4373335e-06
SRR6877298	2	skeletal tissue	0.00024732205	0.98388207	1.3078542e-06	0.015867444	1.8352387e-06
SRR6877299	2	skeletal tissue	0.00026782887	0.9300722	7.557414e-07	0.069658786	4.4476226e-07
SRR6877300	2	oral	2.1e-44	1.0	9.36248e-40	0.0	2.783336e-39
SRR6877301	2	skeletal tissue	1.3209726e-06	0.99880844	7.81974e-09	0.001190223	1.3336383e-08
SRR6877302	2	skeletal tissue	0.015798008	0.7626323	1.6332979e-05	0.22154695	6.401168e-06
SRR6877303	2	oral	2.2436306e-20	1.0	1.872391e-18	3.6201243e-20	4.979286e-18
SRR6877304	2	oral	1.4953868e-12	1.0	2.1317189e-13	3.8787837e-15	3.4081709e-12
SRR6877305	2	oral	3.3675044e-16	1.0	1.0324712e-16	3.6282272e-19	1.1386264e-15
SRR6877306	2	skeletal tissue	0.00027333884	0.4556952	1.1841298e-06	0.5440294	8.715564e-07
SRR6877307	2	skeletal tissue	0.014359953	0.11628899	0.004223759	0.8584614	0.006665891
SRR6877308	2	oral	1.798424e-16	1.0	5.285733e-14	1.22884185e-11	1.8883326e-13
SRR6877309	2	skeletal tissue	0.003572611	0.28371117	6.191547e-06	0.71270806	1.977844e-06
SRR6877310	2	oral	1.4004839e-29	1.0	1.3564747e-26	5.54475e-30	8.015322e-26
SRR6877311	2	skeletal tissue	2.3856103e-25	1.0	2.416327e-24	7.765705e-27	1.6033558e-22
SRR6877312	2	oral	1.2476108e-29	1.0	9.208869e-27	1.452481e-29	8.091186e-26
SRR6877313	2	oral	2.295653e-38	1.0	1.46134e-35	7.838e-41	2.1918975e-36
SRR6877314	2	skeletal tissue	2.3680543e-24	1.0	2.1024192e-22	1.5716051e-23	9.4753644e-21
SRR6877315	2	skeletal tissue	0.0015149781	0.10682479	3.812926e-06	0.89165395	2.4790795e-06
SRR6877316	2	oral	4.559645e-22	1.0	1.2249015e-19	2.0049617e-20	5.054896e-19
SRR6877317	2	skeletal tissue	0.005144121	0.2873597	4.478934e-05	0.7073166	0.00013479819
SRR6877318	2	oral	1.0077799e-22	1.0	4.879563e-19	4.5520395e-19	9.998073e-19
SRR6877319	2	skeletal tissue	0.012692245	0.3008596	0.002364658	0.68231356	0.0017699515
SRR6877320	2	oral	1.8504388e-19	1.0	1.8741555e-17	1.9588383e-18	1.647189e-17
SRR6877321	2	skeletal tissue	0.008070311	0.72475904	0.00014371258	0.26692194	0.00010502856
SRR6877322	2	oral	2.7160424e-19	1.0	5.5045687e-17	4.5780026e-17	4.053758e-17
SRR6877323	2	oral	1.5306793e-31	1.0	2.190014e-30	1.5547598e-37	3.009708e-29
SRR6877324	2	oral	4.3103126e-28	1.0	1.7809929e-25	1.3878481e-27	3.5530895e-24
SRR6877325	2	skeletal tissue	0.00036540444	0.15712923	1.2035337e-06	0.8425035	6.797765e-07
SRR6877326	2	oral	3.374929e-31	1.0	2.1826969e-28	1.10060456e-32	2.3252876e-28
SRR6877327	2	skeletal tissue	0.0005246	0.74782705	1.5788723e-06	0.2516295	1.7261691e-05
SRR6877328	2	oral	3.651404e-24	1.0	6.091653e-23	2.3857518e-25	6.0811013e-22
SRR6877329	2	skeletal tissue	0.0015653071	0.33245465	4.43741e-06	0.6659741	1.5126411e-06
SRR6877330	2	oral	1.6371544e-24	1.0	3.660631e-22	1.3063966e-25	2.3181441e-22
SRR6877331	2	skeletal tissue	0.0011065721	0.8831954	2.483039e-06	0.11569416	1.4097598e-06
SRR6877332	2	oral	2.4276692e-29	1.0	1.4012386e-25	1.2718066e-28	7.09085e-25
SRR6877333	2	skeletal tissue	0.023406027	0.25912964	0.0065331375	0.70182526	0.00910594
SRR6877334	2	oral	1.2591805e-14	1.0	8.1854615e-14	3.629834e-14	1.323103e-12
SRR6877335	2	skeletal tissue	0.0033838062	0.5333835	7.4780514e-06	0.4632139	1.13563065e-05
SRR6877336	2	oral	1.2700178e-15	1.0	1.8602687e-13	1.2214416e-12	3.9100423e-13
SRR6877337	2	skeletal tissue	0.011600579	0.15661712	0.0034819972	0.82127964	0.007020653
SRR6877338	2	oral	4.736958e-25	1.0	1.9622818e-21	3.807173e-22	3.0065135e-21
SRR6877339	2	oral	0.0	1.0	1.2e-43	0.0	5.9e-43
SRR6877340	2	oral	1.1045e-41	1.0	1.2087018e-38	0.0	4.182248e-38
SRR6877341	2	skeletal tissue	5.1600236e-05	0.9840837	8.738574e-07	0.01586365	1.7906251e-07
SRR6877342	2	oral	6.6e-44	1.0	3.80105e-40	0.0	2.91153e-40
SRR6877343	2	skeletal tissue	2.3557867e-10	0.9999999	6.97248e-12	1.1160178e-07	8.086055e-12
SRR6877344	2	oral	1.4692842e-20	1.0	7.523716e-19	6.3611966e-21	8.2507797e-19
SRR6877345	2	skeletal tissue	0.02038849	0.27526027	0.0059580565	0.68965465	0.0087385215
SRR6877346	2	oral	2.137e-42	1.0	9.838074e-39	0.0	4.019919e-39
SRR6877347	2	skeletal tissue	0.00020162237	0.98016167	0.0001015002	0.01933949	0.00019571508
SRR6877348	2	oral	3.8010128e-18	1.0	4.415447e-18	3.1522979e-21	1.17545475e-17
SRR6877349	2	skeletal tissue	0.0017468965	0.14887384	4.293634e-06	0.84937364	1.3280304e-06
SRR6877350	2	oral	3.636e-42	1.0	1.144365e-37	3e-45	5.31011e-38
SRR6877351	2	skeletal tissue	0.008677571	0.2896051	0.0032910744	0.693148	0.0052782395
SRR6877352	2	oral	5.0308846e-21	1.0	2.9980086e-19	3.440805e-22	5.219604e-19
SRR6877353	2	skeletal tissue	0.0008850784	0.42605805	0.00016348487	0.572525	0.00036834646
SRR6877354	2	oral	1.7873107e-18	1.0	3.226348e-16	6.670987e-17	7.5445256e-16
SRR6877355	2	skeletal tissue	0.016637884	0.26553032	0.0046278634	0.7065283	0.00667561
SRR6877356	2	oral	1.1384992e-18	1.0	6.9517884e-16	2.0590386e-15	1.1743864e-15
SRR6877357	2	skeletal tissue	0.013159341	0.3190285	0.0049006124	0.65648973	0.0064218077
SRR6877358	2	oral	1.1375332e-35	1.0	1.256e-32	3.962058e-38	3.277243e-32
SRR6877359	2	skeletal tissue	0.0061168387	0.91587406	3.593198e-05	0.07793705	3.6112608e-05
SRR6877360	2	skeletal tissue	0.00199801	0.2213192	4.4658345e-06	0.77667564	2.6910861e-06
SRR6877361	2	oral	8.924733e-19	1.0	1.6011145e-16	1.1217191e-16	2.6408928e-16
SRR6877362	2	skeletal tissue	0.0046927216	0.23227747	1.5262749e-05	0.76300895	5.5942132e-06
SRR6877363	2	oral	6.4790974e-19	1.0	8.50504e-16	3.677243e-15	1.5645115e-15
SRR6877364	2	skeletal tissue	0.0042057456	0.6074272	6.6201787e-06	0.388358	2.451711e-06
SRR6877365	2	oral	1.1838e-13	1.0	6.817956e-13	4.4104211e-13	4.158697e-12
SRR6877366	2	skeletal tissue	1.8759529e-08	0.9999998	1.9257419e-10	1.5382973e-07	9.500778e-10
SRR6877367	2	oral	1.03579015e-22	1.0	1.5075743e-20	3.1197793e-22	9.7277595e-21
SRR6877368	2	skeletal tissue	0.017224751	0.3801166	0.005238935	0.5886725	0.008747187
SRR6877369	2	oral	1.4142586e-11	1.0	3.1738188e-12	3.207067e-13	5.450054e-11
SRR6877370	2	oral	4.7117854e-35	1.0	5.662056e-31	4.857387e-35	8.156729e-31
SRR6877371	2	skeletal tissue	0.028770277	0.38769782	0.008015045	0.5622356	0.013281288
SRR6877372	2	oral	1.0697695e-15	1.0	7.8414644e-14	3.5508358e-13	2.7446185e-13
SRR6877373	2	skeletal tissue	0.0018145618	0.14791426	4.5521374e-06	0.85026515	1.4914131e-06
SRR6877374	2	oral	5.1199043e-18	1.0	5.51579e-16	2.2809104e-15	1.9395759e-15
SRR6877375	2	skeletal tissue	0.004271323	0.36849198	6.4270967e-06	0.6272277	2.5583536e-06
SRR6877376	2	oral	4.3990661e-16	1.0	1.6227303e-14	3.2404513e-14	1.8627545e-14
SRR6877377	2	skeletal tissue	0.0049238303	0.6012168	0.002534624	0.3810012	0.010323556
SRR6877378	2	oral	1.493712e-08	0.9999999	1.4190205e-09	2.9703043e-10	8.15819e-08
SRR6877379	2	skeletal tissue	0.011607549	0.14047056	0.00444802	0.8339367	0.009537168
SRR6877380	2	skeletal tissue	0.0011856279	0.6657567	2.9482576e-06	0.3330475	7.217319e-06
SRR6877381	2	skeletal tissue	0.023546275	0.25043216	0.0065370067	0.71141666	0.008067915
SRR6877382	2	oral	1.209707e-19	1.0	1.1449e-17	3.3581816e-19	2.2253183e-17
SRR6877383	2	skeletal tissue	0.003911576	0.62065864	7.322814e-06	0.3754198	2.6654513e-06
SRR6877384	2	oral	1.5233227e-35	1.0	2.2863144e-31	2.1698815e-37	5.393336e-32
SRR6877385	2	skeletal tissue	0.00036413682	0.44389543	1.2698868e-06	0.5557383	9.030039e-07
SRR6877386	2	oral	1.2725238e-18	1.0	2.013453e-16	1.05512406e-16	1.8883702e-16
SRR6877387	2	skeletal tissue	0.006495435	0.18960665	0.001779614	0.79949105	0.0026272724
SRR6877388	2	oral	2.024482e-25	1.0	7.0314535e-25	1.1411635e-27	7.885074e-23
SRR6877389	2	skeletal tissue	1.4888646e-05	0.9996695	5.976874e-07	0.00030819004	6.831423e-06
SRR6877390	2	oral	9.881261e-20	1.0	2.617674e-18	3.107601e-22	1.4776629e-18
SRR6877391	2	skeletal tissue	0.0045361966	0.2870117	0.00096930016	0.70094866	0.006534148
SRR6877392	2	oral	4.2223955e-21	1.0	4.4096738e-18	8.072808e-19	5.3208935e-18
SRR6877393	2	oral	4.3141113e-30	1.0	2.0548873e-27	2.1220991e-29	1.3222078e-27
SRR6877394	2	skeletal tissue	0.0024867589	0.1953247	1.015813e-05	0.8021746	3.7446741e-06
SRR6877395	2	oral	1.0222941e-17	1.0	4.3192203e-16	4.1750922e-17	5.349298e-16
SRR6877396	2	skeletal tissue	0.0036011778	0.19454555	6.553219e-06	0.80184454	2.1569774e-06
SRR6877397	2	oral	1.2069702e-22	1.0	3.5949987e-20	9.901911e-23	2.0239137e-20
SRR6877398	2	skeletal tissue	6.3673944e-08	0.99998796	1.0481714e-09	1.19783745e-05	5.266499e-10
SRR6877399	2	oral	4.043172e-39	1.0	1.0531803e-34	1.462e-41	1.4078798e-35
SRR6877400	2	skeletal tissue	0.0029135467	0.25889936	5.992601e-06	0.73817754	3.5849594e-06
SRR6877401	2	oral	2.7926893e-22	1.0	1.2481172e-20	5.0906797e-23	3.2029732e-20
SRR6877402	2	skeletal tissue	2.4171675e-05	0.9926199	9.576415e-08	0.0073557766	1.1322167e-07
SRR6877403	2	oral	1.278e-42	1.0	3.297346e-39	0.0	1.0467551e-38
ERR11413657	3	oral	0.046748247	0.65016514	0.0034713238	0.27545822	0.024157068
ERR11413658	3	oral	0.0024379743	0.99454504	7.097581e-09	0.0030168635	8.5114515e-08
ERR11413659	3	oral	1.8471964e-11	1.0	3.699171e-22	5.4472815e-10	2.3659135e-20
ERR11413660	3	oral	6.6020245e-10	1.0	1.2709706e-20	1.8070422e-08	4.2620696e-19
ERR11413661	3	oral	3.862825e-10	0.99999946	1.8081138e-21	5.1324884e-07	1.2354182e-19
ERR11413662	3	oral	6.980139e-07	0.99999636	1.4216057e-14	2.9259008e-06	3.0692715e-13
ERR11413663	3	oral	2.9793938e-11	1.0	4.4355637e-19	1.6701633e-10	5.630945e-18
ERR11413664	3	oral	0.022490466	0.76445526	0.0012701898	0.1966196	0.015164464
ERR11413665	3	oral	4.135212e-09	0.9999969	1.1772671e-17	3.108225e-06	1.3486613e-15
ERR11413666	3	oral	2.715336e-12	0.9999999	3.1049975e-23	1.195677e-07	2.0183953e-20
ERR11413667	3	oral	2.396203e-07	0.9997939	1.1462301e-16	0.00020587331	7.732575e-14
ERR11413668	3	oral	3.4752322e-08	0.99874806	3.7335277e-17	0.0012519163	7.454873e-15
ERR11413669	3	oral	1.5492518e-10	0.99999255	3.8106324e-20	7.4704535e-06	9.895038e-18
ERR11413670	3	oral	4.554365e-06	0.9999953	5.735794e-12	1.5673655e-07	1.3701593e-11
ERR11413671	3	oral	3.3874418e-08	0.9999998	6.624831e-15	1.567028e-07	3.0385438e-13
ERR11413672	3	oral	4.1735755e-13	1.0	3.1800953e-25	1.3120802e-09	1.4888006e-23
ERR11413673	3	oral	6.5966996e-11	0.999999	8.116286e-20	1.0177863e-06	4.9055665e-18
ERR11413674	3	oral	1.769549e-11	0.99999934	2.7614336e-20	6.4870943e-07	3.7580976e-19
ERR11413675	3	oral	2.3201968e-12	0.9999982	5.02206e-23	1.7998577e-06	2.832643e-20
ERR11413676	3	oral	3.4972277e-12	0.999992	1.1635172e-23	8.005867e-06	2.8798091e-21
ERR11413677	3	oral	1.3360219e-12	0.99999577	1.2779926e-23	4.225257e-06	5.5793837e-22
ERR11413678	3	oral	0.012970829	0.58200353	0.0013744034	0.39364856	0.010002681
ERR11413679	3	oral	4.683725e-14	0.99999994	7.718194e-23	6.713458e-08	1.0227806e-20
ERR11413680	3	oral	1.5463238e-08	0.99999994	1.7776606e-16	2.5811584e-08	3.0380124e-15
ERR11413681	3	oral	7.844109e-05	0.99741304	6.244962e-08	0.0025075974	8.619112e-07
ERR11413682	3	oral	0.00095713657	0.91066766	1.5833041e-07	0.08837328	1.7847082e-06
ERR11413683	3	oral	0.00027634585	0.86184025	1.2401443e-07	0.13788116	2.1423966e-06
ERR11413684	3	oral	0.10390925	0.3082241	0.006560351	0.5523806	0.02892569
ERR11413685	3	oral	4.212335e-06	0.9965368	7.7468365e-11	0.0034590191	3.2195566e-09
ERR11413686	3	oral	1.559174e-13	0.9999998	4.1969842e-23	1.5903863e-07	2.2024795e-21
ERR11413687	3	oral	5.913294e-14	1.0	1.552682e-21	1.6674995e-09	3.3542403e-20
ERR11413688	3	oral	0.004485096	0.86739254	5.994303e-06	0.12799512	0.000121241756
ERR11413689	3	oral	1.0747963e-11	0.99999964	4.587209e-21	3.653386e-07	2.419523e-19
ERR11413690	3	oral	2.1299975e-06	0.9995196	1.7915329e-10	0.0004782724	1.3332374e-09
ERR11413691	3	oral	1.3741433e-05	0.99989223	1.0073534e-10	9.404325e-05	6.0483227e-09
ERR11413692	3	oral	4.8623266e-14	1.0	4.5472644e-23	5.5113542e-11	3.8684237e-22
ERR11413693	3	oral	1.6800072e-06	0.99999696	2.2722732e-13	1.3759444e-06	2.3743546e-10
ERR11413694	3	oral	1.1880466e-12	1.0	1.952896e-20	1.6071791e-08	1.6048337e-18
ERR11413695	3	oral	1.7371233e-11	0.9999822	2.2320676e-20	1.7836746e-05	1.0560362e-18
ERR11413696	3	oral	0.0032209083	0.95769227	1.40591255e-05	0.03895124	0.000121526755
ERR11413697	3	oral	0.04101059	0.6158692	0.0027578876	0.31339663	0.026965646
ERR11413698	3	oral	0.26505372	0.32181013	0.015626393	0.24368465	0.1538251
ERR11413699	3	oral	0.045793623	0.65909964	0.00049041444	0.28731987	0.007296479
ERR11413700	3	oral	0.13270484	0.49387616	0.006542991	0.26849985	0.09837617
ERR11413701	3	oral	0.17829053	0.23275317	0.016074283	0.42650053	0.1463815
ERR11413702	3	oral	0.15130107	0.20073648	0.015157675	0.488293	0.14451179
ERR11413703	3	oral	0.18798226	0.27489412	0.013682547	0.3994314	0.12400966
ERR11413704	3	oral	8.918915e-09	0.9999997	5.374006e-15	3.03225e-07	9.795937e-14
ERR11413705	3	oral	0.27737117	0.32328284	0.013900413	0.26545337	0.11999222
ERR11413706	3	oral	2.8783e-08	0.99929756	3.3668492e-13	0.00070243987	1.5334477e-11
ERR11413707	3	oral	0.15126199	0.29710838	0.012836827	0.40721947	0.13157335
ERR11413708	3	oral	0.17481102	0.2727262	0.01291535	0.45224866	0.087298766
ERR11413709	3	oral	0.25098607	0.14342484	0.01620951	0.47346336	0.11591624
ERR11413710	3	oral	9.882986e-09	0.99972117	1.6223314e-18	0.000278823	7.108802e-16
ERR11413711	3	oral	0.0016689223	0.9507194	1.2779092e-05	0.04752021	7.867553e-05
ERR11413712	3	oral	2.674009e-11	0.99999994	1.7060715e-24	8.5616584e-08	3.1199762e-22
ERR11413713	3	oral	8.589067e-14	1.0	1.6686393e-25	7.399508e-12	1.7468957e-23
ERR11413714	3	oral	1.5377501e-13	1.0	4.595439e-24	5.855774e-10	3.2292265e-22
ERR11413715	3	oral	1.2310892e-13	1.0	9.165822e-26	1.2671274e-09	5.205886e-23
ERR11413716	3	oral	3.571945e-10	1.0	7.16605e-20	8.684995e-11	2.3633307e-18
ERR11413717	3	oral	1.6478834e-13	1.0	2.8951215e-25	1.6962443e-10	3.855907e-23
ERR11413718	3	oral	4.6644996e-13	1.0	4.284652e-22	1.0869242e-11	1.3910861e-20
ERR11413719	3	oral	7.5404615e-16	1.0	3.9888236e-27	8.635174e-11	7.1401807e-25
ERR11413720	3	oral	2.307002e-12	1.0	9.352529e-22	3.8141716e-12	1.3752469e-20
ERR11413721	3	oral	2.8157567e-08	0.9817458	3.3513735e-18	0.018254174	2.5388794e-15
ERR11413722	3	oral	5.074023e-14	1.0	6.5005684e-25	6.005749e-11	1.8688096e-23
ERR11413723	3	oral	4.746249e-13	1.0	1.4657133e-22	2.759521e-13	4.6106825e-21
ERR11413724	3	oral	1.4004911e-08	0.99918675	1.5180382e-17	0.00081324374	1.0902837e-15
ERR11413725	3	oral	4.369053e-08	0.9990797	1.0393311e-18	0.0009202598	7.4155786e-16
ERR11413726	3	oral	0.0037053488	0.9912776	7.3602336e-05	0.004686127	0.0002573751
ERR11413727	3	oral	2.530911e-10	1.0	1.6232981e-15	1.2513236e-10	2.127682e-15
ERR11413728	3	oral	5.3265985e-14	1.0	1.0718925e-22	4.5190815e-13	5.400232e-22
ERR11413729	3	oral	6.154121e-11	1.0	1.5534257e-17	2.9214298e-11	1.7753382e-17
ERR11413731	3	oral	9.791571e-10	1.0	1.655753e-22	9.368033e-09	2.1514302e-18
ERR11413732	3	oral	1.6091697e-15	1.0	2.8111408e-28	1.5099088e-15	2.1901025e-26
ERR11413733	3	oral	4.4700803e-07	0.9995945	1.5162082e-16	0.00040506895	8.216137e-15
ERR11413734	3	oral	1.4719918e-06	0.9984729	5.864193e-16	0.0015256198	3.0774367e-14
ERR11413735	3	oral	5.1648268e-08	0.999744	1.5013446e-17	0.00025595725	1.1388845e-15
ERR11413736	3	oral	0.1122908	0.2527114	0.003939544	0.5881324	0.04292589
ERR11413737	3	oral	1.0307714e-13	1.0	1.6478639e-22	2.2447987e-10	1.1772526e-22
ERR11413738	3	oral	0.04179379	0.44778967	0.06955712	0.4195614	0.021298049
ERR11413739	3	oral	4.3618786e-07	0.99999905	2.9173902e-10	4.9430406e-07	1.9925823e-09
ERR11413740	3	oral	0.040337704	0.8274226	0.0015994173	0.06389674	0.06674351
ERR11413741	3	oral	0.0091695255	0.76197416	0.00013403919	0.22785215	0.0008701347
ERR11413742	3	oral	0.01833392	0.65140057	0.0012609458	0.31660268	0.012401887
ERR11413743	3	oral	0.012280917	0.6796088	0.0009094032	0.300405	0.006795864
ERR11413744	3	oral	0.032051057	0.5544215	0.0019015279	0.39707127	0.014554646
ERR11413745	3	oral	2.6167355e-09	1.0	2.737053e-13	1.0414779e-08	6.074968e-12
ERR11413746	3	oral	0.02444014	0.8134875	0.0014261067	0.07546013	0.08518612
ERR11413747	3	oral	0.00019666816	0.9997402	1.8485817e-07	5.9304988e-05	3.640266e-06
ERR11413748	3	oral	0.043221153	0.8024599	0.0019581378	0.08830626	0.06405458
ERR11413749	3	oral	0.019254249	0.8429139	0.0010953175	0.036771998	0.09996452
ERR11413750	3	oral	0.0283122	0.7746282	0.0020222708	0.094701044	0.100336276
ERR11413751	3	oral	0.00031286708	0.9986093	4.5627806e-07	0.0010629735	1.44224805e-05
ERR11413752	3	oral	5.065533e-13	0.99999994	1.4924401e-23	7.575354e-08	2.732753e-22
ERR11413753	3	oral	8.72784e-12	0.9999999	1.4458924e-22	1.1990484e-07	7.492516e-21
ERR11413754	3	oral	0.0009923313	0.73997426	1.1437859e-06	0.25902313	9.110826e-06
ERR11413755	3	oral	3.0509364e-05	0.73322856	1.2424015e-10	0.2667409	6.5105437e-09
ERR11413756	3	oral	8.890023e-06	0.9991063	7.319412e-11	0.0008848367	1.0983533e-09
ERR11413757	3	oral	1.7164361e-09	0.9999959	8.5012224e-16	4.1179396e-06	3.1287693e-14
ERR11413758	3	oral	1.679815e-06	0.9999751	5.934531e-12	2.3262566e-05	5.303512e-11
ERR11413759	3	oral	1.720753e-08	0.9999225	4.6919516e-14	7.747222e-05	4.4855585e-13
ERR11656729	3	skeletal tissue	0.008681164	0.33937144	0.0010751225	0.6502507	0.00062160974
ERR11656730	3	skeletal tissue	0.095777534	0.3734509	0.0058534853	0.49823192	0.026686165
ERR11656731	3	skeletal tissue	0.0614223	0.30852255	0.005691657	0.5793935	0.044970002
ERR11656732	3	skeletal tissue	0.01220854	0.5107957	0.0016641564	0.4740763	0.0012552631
ERR11656733	3	skeletal tissue	0.068786494	0.2560591	0.0077051357	0.63107324	0.036376007
ERR11656734	3	skeletal tissue	0.07202853	0.38583615	0.007315777	0.4806951	0.054124445
ERR11656735	3	skeletal tissue	0.061757714	0.3304113	0.006482253	0.5618419	0.039506864
ERR11656736	3	skeletal tissue	0.07384266	0.2719205	0.007196203	0.6109071	0.036133587
ERR11656737	3	skeletal tissue	0.10128522	0.30649498	0.018090107	0.52805865	0.046071053
ERR11656738	3	skeletal tissue	0.07779459	0.26156363	0.008826303	0.5997137	0.05210179
ERR11656739	3	skeletal tissue	0.10279419	0.357777	0.010715538	0.4633365	0.06537678
ERR11656740	3	skeletal tissue	0.07445076	0.40681905	0.008347358	0.47509208	0.035290748
ERR11656741	3	skeletal tissue	0.06929113	0.46378198	0.008390838	0.41569534	0.04284071
ERR11656742	3	skeletal tissue	0.14414382	0.3822404	0.012815226	0.3769176	0.08388294
ERR11656743	3	skeletal tissue	0.07769649	0.36369875	0.008661315	0.5080841	0.041859366
ERR11656744	3	skeletal tissue	0.064390525	0.45604146	0.0077122925	0.43512937	0.036726356
ERR11656745	3	skeletal tissue	0.12034109	0.3669708	0.011117721	0.43599263	0.06557775
ERR11656746	3	skeletal tissue	0.07778486	0.37563	0.008546475	0.49970317	0.038335495
ERR11656747	3	skeletal tissue	0.0856762	0.42361963	0.008560827	0.44427198	0.03787136
ERR11656748	3	skeletal tissue	0.1281545	0.34442273	0.01197965	0.44266406	0.072779074
ERR4172756	3	oral	0.002557907	0.9974316	6.1765974e-07	3.893824e-06	6.0112675e-06
ERR4172758	3	oral	0.001580931	0.99841	5.3564617e-07	3.83391e-06	4.685591e-06
ERR4172761	3	oral	4.5165423e-05	0.9999547	3.7169716e-09	1.4921888e-07	8.56127e-09
ERR4172763	3	oral	0.296138	0.6587376	0.0025096338	0.030595949	0.012018826
ERR4172766	3	oral	6.6987664e-06	0.99999326	3.191377e-08	5.993439e-09	1.7811693e-08
ERR4172783	3	oral	1.641795e-05	0.9999833	2.325987e-07	1.0988428e-08	1.1761577e-09
ERR4172788	3	oral	1.4076697e-05	0.9999858	8.033058e-08	4.183701e-09	7.180768e-09
ERR4172789	3	oral	0.0024627335	0.99097455	3.0602398e-05	0.0064975997	3.4518893e-05
ERR4172797	3	oral	0.0027632054	0.9912058	2.8048828e-05	0.0059795757	2.3352197e-05
ERR4172799	3	oral	0.00027805744	0.9986915	1.0753251e-06	0.0010290272	3.6041465e-07
ERR4172800	3	oral	0.00011345714	0.9997028	6.930314e-07	0.00018275516	3.0720855e-07
ERR4172802	3	oral	0.0030717414	0.9918025	4.4005013e-05	0.0050551514	2.6578688e-05
ERR4172804	3	oral	0.0038077217	0.9935151	4.374823e-05	0.0025953404	3.814255e-05
ERR4172806	3	oral	0.00037092864	0.99936795	1.2293477e-06	0.000258188	1.6891364e-06
ERR4172808	3	oral	0.0005413349	0.9991848	1.8492511e-06	0.00027045296	1.5623185e-06
ERR4172809	3	oral	0.0038919507	0.9629407	0.00012061429	0.032950334	9.639578e-05
ERR4172811	3	oral	0.0066342726	0.9527327	0.00014959158	0.040280845	0.00020262547
ERR4172813	3	oral	0.0005728634	0.9982278	2.2317972e-06	0.0011921466	5.001574e-06
ERR4172814	3	oral	0.00025208897	0.9987729	1.913138e-06	0.0009702661	2.8357122e-06
ERR4172817	3	oral	0.14212829	0.22621128	0.01432087	0.50975305	0.107586496
ERR4172819	3	oral	0.13756135	0.25572622	0.014310578	0.5158289	0.07657292
ERR4172823	3	oral	0.3823588	0.29310286	0.016139226	0.24478093	0.06361821
ERR4172827	3	oral	0.5177026	0.24632919	0.015969155	0.17844307	0.041556
ERR4172829	3	oral	0.17670077	0.719919	0.0025329876	0.07282082	0.02802638
ERR4172830	3	oral	0.2902739	0.5787526	0.0033662026	0.089805506	0.037801825
ERR4172832	3	oral	0.49073616	0.465006	0.0015600324	0.024522198	0.018175613
ERR4172834	3	oral	0.4030894	0.54065305	0.001850369	0.042013366	0.012393777
ERR4172835	3	oral	0.13715044	0.23699218	0.25656778	0.29330856	0.075981066
ERR4172836	3	oral	0.09922606	0.16785032	0.474063	0.20932879	0.049531825
ERR4172838	3	oral	0.038172856	0.082925536	0.79308474	0.07031501	0.015501832
ERR4172839	3	oral	0.022858718	0.05651238	0.84414965	0.06648969	0.009989577
ERR4172841	3	oral	0.20854998	0.66440517	0.0006953082	0.010172356	0.1161772
ERR4172843	3	oral	0.13324973	0.81791514	0.00049837364	0.0037035574	0.044633195
ERR4172850	3	oral	0.23375261	0.5974008	0.000276495	0.0013568666	0.16721325
ERR4172854	3	oral	0.38206908	0.5788582	0.00023454393	0.0007511426	0.038087033
ERR4172855	3	oral	0.019883025	0.079911254	0.89949435	0.0003860818	0.00032526816
ERR4172857	3	oral	0.016922532	0.081652686	0.90024155	0.000515302	0.00066790025
ERR4172860	3	oral	0.017454697	0.03578785	0.9464215	3.6815585e-05	0.00029914628
ERR4172872	3	oral	0.026153544	0.044766687	0.9287919	4.1985422e-05	0.0002459046
ERR4172883	3	skeletal tissue	0.03534989	0.039646365	0.0045239865	0.06305433	0.85742545
ERR4172889	3	skeletal tissue	0.01975998	0.034845766	0.0035152512	0.054578472	0.88730055
ERR4172953	3	skeletal tissue	0.016325481	0.033150576	0.002390998	0.021292763	0.9268402
ERR4172977	3	skeletal tissue	0.0092042005	0.025936306	0.0014322497	0.014827297	0.94859993
ERR4172978	3	oral	0.006389585	0.98895174	0.00023141252	0.00301338	0.001413879
ERR4172979	3	oral	0.0071874186	0.9882653	0.00022318786	0.0024544823	0.0018696634
ERR4172981	3	oral	0.002503165	0.9970228	1.3624163e-05	2.9316481e-05	0.00043108742
ERR4172982	3	oral	0.0027252242	0.99681485	1.8607474e-05	7.981917e-05	0.00036149146
ERR4172991	3	oral	0.00935923	0.9905697	2.0721018e-06	1.074334e-05	5.821726e-05
ERR4173008	3	oral	0.011570556	0.9883761	9.209338e-07	3.2024018e-06	4.9235186e-05
ERR4173033	3	oral	0.02256155	0.9774344	5.2902852e-08	2.4641716e-07	3.7349948e-06
ERR4173039	3	oral	0.0014162991	0.99847406	1.3005982e-05	2.5929641e-05	7.0724454e-05
ERR4173041	3	oral	0.0012844071	0.99858487	1.3851375e-05	6.615819e-05	5.0692597e-05
ERR4173043	3	oral	0.00055993925	0.9994229	1.0884995e-06	1.833106e-06	1.4259973e-05
ERR4173045	3	oral	0.00015507302	0.99983567	5.523589e-07	1.1540692e-06	7.5602843e-06
ERR4173049	3	oral	0.04396749	0.94298214	0.0008695833	0.0014424596	0.010738304
ERR4173051	3	oral	0.03486718	0.9513581	0.0008916768	0.0031208135	0.009762255
ERR4173057	3	oral	0.014997806	0.9821194	0.00019311858	0.00038418226	0.002305485
ERR4173060	3	oral	0.036901966	0.9523874	0.00046001942	0.0016134391	0.008637153
ERR4173061	3	oral	0.003934195	0.99599797	7.029635e-06	2.4200197e-05	3.6603986e-05
ERR4173063	3	oral	0.005348749	0.99446326	1.546139e-05	0.0001250114	4.7513124e-05
ERR4173066	3	oral	0.0019836014	0.9980132	2.3322578e-07	2.1668255e-07	2.766786e-06
ERR4173068	3	oral	0.0009667953	0.9990306	2.1799829e-07	7.215817e-07	1.6804825e-06
ERR4173070	3	oral	0.13008039	0.8655037	0.0005175536	0.0029270155	0.0009713196
ERR4173072	3	oral	0.14030509	0.8534793	0.00061229063	0.004795681	0.00080762524
ERR4173073	3	oral	0.090049356	0.9088816	0.0001650457	0.00036893834	0.0005350716
ERR4173075	3	oral	0.10865785	0.8901034	0.00018705377	0.0007133486	0.0003383441
ERR4173082	3	oral	1.6669333e-05	0.9999829	2.5259823e-07	4.8361826e-09	1.8195848e-07
ERR9612721	3	oral	5.6026343e-05	0.8444722	8.089889e-14	0.15547176	5.1708876e-12
ERR9612722	3	oral	1.9509542e-05	0.9155699	4.4192917e-14	0.08441059	5.158602e-12
ERR9612723	3	oral	1.5294717e-10	1.0	5.457193e-20	6.78115e-09	1.6193757e-18
ERR9612724	3	oral	2.99857e-11	1.0	9.3515596e-21	8.618059e-10	5.072923e-19
ERR9612725	3	oral	1.9923485e-08	0.99986935	9.272324e-18	0.00013063187	4.484617e-16
ERR9612726	3	oral	1.9357792e-08	0.9999376	5.4581426e-18	6.239976e-05	4.9339473e-16
ERR9612727	3	oral	8.9064196e-07	0.99972117	5.124542e-15	0.00027791073	3.168106e-13
ERR9612728	3	oral	6.6071766e-07	0.99991065	2.223446e-15	8.871385e-05	2.5394953e-13
ERR9612729	3	oral	5.0176787e-08	0.999971	1.0159208e-17	2.8984527e-05	1.3783474e-15
ERR9612730	3	oral	8.254121e-09	0.9999951	1.885901e-18	4.8612524e-06	3.8519932e-16
ERR9612731	3	oral	1.152614e-09	0.99999815	7.8354826e-20	1.820281e-06	3.4409123e-18
ERR9612732	3	oral	2.8818297e-09	0.999994	1.2309696e-19	5.9874365e-06	5.63989e-18
ERR9612733	3	oral	3.0162276e-08	0.9988041	1.8827586e-16	0.0011958946	2.9733987e-14
ERR9612734	3	oral	5.053841e-08	0.99556607	1.6777548e-16	0.0044339043	1.5470657e-14
ERR9612735	3	oral	8.8874147e-10	0.9995847	3.841964e-19	0.00041532592	1.8966312e-17
ERR9612736	3	oral	4.953387e-10	0.9996517	2.802503e-19	0.00034830975	1.6776492e-17
ERR9612737	3	oral	8.6820364e-16	1.0	7.975384e-27	1.844133e-15	5.392478e-25
ERR9612738	3	oral	2.6000475e-08	0.99999994	6.089483e-17	2.2782158e-08	2.1333663e-14
ERR9612739	3	oral	3.3765721e-18	1.0	4.93368e-33	1.29822554e-14	3.748898e-31
ERR9612740	3	oral	1.54186e-11	1.0	5.738666e-26	6.2724126e-10	3.5681346e-23
ERR9612741	3	oral	4.567528e-05	0.9660938	6.1975095e-07	0.03385991	3.9274837e-09
ERR9612742	3	oral	3.9095265e-11	0.99999994	2.3940031e-24	7.8319935e-08	1.1772161e-20
ERR9612743	3	oral	1.5940832e-19	1.0	3.832058e-32	8.400273e-16	2.019487e-29
ERR9612744	3	oral	3.436989e-09	0.99997616	8.725801e-21	2.3853554e-05	8.3669195e-18
ERR9612745	3	oral	1.9985098e-10	0.9999999	5.5180875e-21	1.2898165e-07	4.93534e-18
ERR9612746	3	oral	1.6153706e-16	1.0	1.9507133e-30	1.5760443e-11	5.4412966e-28
ERR9612747	3	oral	5.7362418e-12	1.0	5.499683e-23	1.0296085e-08	6.477887e-22
ERR9612748	3	oral	3.843509e-12	1.0	3.7242922e-23	2.1518831e-08	3.5926442e-22
ERR9612749	3	oral	2.5407535e-06	0.99999547	8.214268e-11	1.966524e-06	7.864928e-09
ERR9612750	3	oral	4.4386725e-06	0.999993	1.2945464e-10	2.5114664e-06	2.3625754e-08
ERR9612751	3	oral	3.26026e-12	1.0	1.3620732e-20	4.3624236e-12	1.3179767e-20
ERR9612752	3	oral	2.2555321e-12	1.0	1.00991265e-20	1.0111265e-11	1.20980165e-20
ERR9612753	3	oral	2.0603982e-11	1.0	5.980095e-19	1.9962092e-09	1.6542162e-18
ERR9612754	3	oral	1.4982772e-11	1.0	4.4855533e-19	1.9369997e-09	1.2135828e-18
ERR9612755	3	oral	1.234301e-07	0.99969983	1.3101349e-15	0.0003000337	1.6579536e-13
ERR9612756	3	oral	3.6040043e-07	0.99953294	1.6326259e-15	0.00046671805	1.9374957e-13
ERR9612757	3	oral	9.999409e-06	0.9999892	1.0775841e-10	7.5963e-07	5.7844723e-10
ERR9612758	3	oral	1.220576e-05	0.99998647	1.8258914e-10	1.3348716e-06	1.0836425e-09
ERR9612759	3	oral	2.1023405e-07	0.9999994	7.159777e-14	3.7924673e-07	1.2727886e-12
ERR9612760	3	oral	2.9908566e-07	0.99999917	1.1804055e-13	5.512969e-07	7.70584e-12
ERR9612761	3	oral	9.258916e-09	1.0	1.1578633e-16	1.0122847e-10	6.0238866e-15
ERR9612762	3	oral	9.60402e-09	1.0	7.1569645e-17	9.559653e-11	1.7140616e-15
ERR9612763	3	oral	1.7694626e-09	0.99999994	8.4581523e-19	3.0969233e-08	1.3550775e-18
ERR9612764	3	oral	9.084471e-10	0.99999994	6.9452757e-19	5.748195e-08	1.192194e-18
ERR9612765	3	oral	2.9420162e-06	0.9999954	1.3660978e-12	1.6412067e-06	3.4407982e-12
ERR9612766	3	oral	2.1216808e-06	0.9999972	8.095088e-13	6.83809e-07	1.5725652e-12
ERR9612767	3	oral	2.6154799e-12	1.0	1.8381641e-21	4.407414e-11	1.0188463e-21
ERR9612768	3	oral	3.3323721e-12	1.0	2.3296962e-21	1.0830886e-10	2.0018072e-21
ERR9612769	3	oral	1.1427564e-07	0.9999998	5.05566e-15	5.7371626e-08	2.786788e-14
ERR9612770	3	oral	7.540629e-08	0.9999999	2.2199516e-15	2.6223582e-08	8.502393e-15
ERR9612771	3	oral	2.576752e-07	0.99999964	2.1491144e-13	7.260448e-08	3.1605065e-13
ERR9612772	3	oral	1.2459546e-07	0.9999997	1.3106972e-13	1.5389841e-07	1.06400945e-13
ERR9612773	3	oral	1.713081e-08	0.99999994	8.028214e-16	1.3521579e-08	4.905528e-15
ERR9612774	3	oral	1.262222e-08	1.0	4.467216e-16	3.569408e-09	4.7974117e-15
ERR9612775	3	oral	1.4039747e-05	0.9999742	3.75484e-12	1.1783323e-05	8.104834e-10
ERR9612776	3	oral	1.1270453e-05	0.9999736	3.706005e-12	1.510835e-05	4.706287e-10
ERR9612777	3	oral	1.2426021e-13	1.0	2.7772558e-24	1.8060113e-13	4.7508302e-23
ERR9612778	3	oral	3.0878685e-13	1.0	5.7612255e-24	5.985781e-13	6.8273595e-23
ERR9612779	3	oral	1.1846388e-08	0.99999994	5.283273e-16	6.558454e-08	1.8728686e-14
ERR9612780	3	oral	7.2453936e-09	0.99999994	3.034325e-16	5.0032593e-08	1.1164707e-14
ERR9612781	3	oral	3.8044363e-09	1.0	2.7954867e-17	9.39714e-09	5.002777e-16
ERR9612782	3	oral	1.5957835e-09	1.0	2.4230756e-17	5.075627e-09	1.1154253e-15
ERR9612783	3	oral	7.802438e-09	0.9999964	1.2774074e-18	3.5560986e-06	3.9474817e-18
ERR9612784	3	oral	1.6789535e-08	0.9999912	2.9493567e-18	8.829234e-06	5.337474e-18
ERR9612785	3	oral	4.5261755e-10	1.0	5.3681737e-20	4.449666e-09	1.167107e-19
ERR9612786	3	oral	3.738956e-10	1.0	2.503987e-20	1.3665541e-09	2.7508728e-20
ERR9612787	3	oral	0.0022147652	0.98491275	2.199219e-10	0.012872381	7.852332e-08
ERR9612788	3	oral	0.0016354646	0.9919575	1.7392511e-10	0.0064069834	5.6008805e-08
ERR9612789	3	oral	5.4061347e-09	1.0	4.535539e-16	2.9873548e-10	1.3340587e-14
ERR9612790	3	oral	2.984525e-09	1.0	2.0639571e-16	3.8297365e-11	5.833352e-15
ERR9612791	3	oral	1.6392178e-10	0.99999994	1.4834712e-20	3.9004625e-08	1.3704915e-19
ERR9612792	3	oral	8.915995e-11	1.0	1.0823087e-20	1.672033e-08	3.310724e-19
ERR9612793	3	oral	5.8203464e-10	1.0	3.6324127e-19	6.2057434e-12	1.0919942e-17
ERR9612794	3	oral	8.9550056e-10	1.0	3.2003716e-19	4.9178686e-12	3.960829e-18
ERR9612795	3	oral	9.91463e-08	0.99999976	1.1745628e-14	1.5053958e-07	5.347448e-14
ERR9612796	3	oral	2.6080688e-08	0.9999999	2.5981698e-15	6.8323295e-08	6.125416e-15
ERR9612797	3	oral	1.09466086e-13	1.0	1.3499212e-23	2.5729361e-14	4.6696996e-22
ERR9612798	3	oral	1.2102759e-13	1.0	1.32276875e-23	2.4339343e-14	9.099386e-22
ERR9612799	3	oral	3.4007122e-08	0.99999994	2.0407782e-16	1.5625316e-10	7.0657655e-15
ERR9612800	3	oral	4.291476e-09	1.0	7.786107e-17	2.179332e-11	2.4197059e-15
ERR9612801	3	oral	1.5618854e-08	1.0	1.2048492e-16	6.705459e-10	1.6099546e-15
ERR9612802	3	oral	6.5345636e-09	1.0	9.570425e-17	7.476622e-10	1.812742e-15
ERR9612803	3	oral	7.433704e-12	1.0	2.3745117e-22	1.2219287e-11	7.1734944e-21
ERR9612804	3	oral	4.910575e-12	1.0	3.483222e-22	1.65407e-11	1.1305261e-20
ERR9612805	3	oral	8.894091e-10	0.9999998	2.9841837e-18	1.8488218e-07	5.322974e-17
ERR9612806	3	oral	1.6102973e-09	0.9999998	2.5963934e-18	1.4985629e-07	5.860483e-17
ERR9612807	3	oral	4.623849e-13	1.0	1.68023e-22	7.1914037e-12	3.4153078e-22
ERR9612808	3	oral	1.5072762e-12	1.0	6.8666714e-22	4.09175e-11	5.7933314e-22
ERR9612809	3	oral	1.1018901e-05	0.9999576	2.3049648e-12	3.133423e-05	2.2083613e-11
ERR9612810	3	oral	1.341078e-05	0.99991333	2.2904359e-12	7.3244024e-05	1.5538144e-11
ERR9612811	3	oral	1.1199637e-11	1.0	2.5592311e-22	1.5555711e-10	1.518671e-20
ERR9612812	3	oral	3.0841222e-11	1.0	3.0374717e-22	2.5506572e-10	8.04389e-21
ERR9612813	3	oral	3.2235255e-14	1.0	8.3451916e-27	1.4264856e-12	4.862605e-25
ERR9612814	3	oral	2.504067e-14	1.0	3.7617903e-27	3.5332934e-13	2.0586253e-25
ERR9612815	3	oral	1.9729555e-07	0.9998369	1.6613473e-17	0.00016287043	1.7223263e-15
ERR9612816	3	oral	1.3728078e-07	0.99947536	2.4041938e-17	0.0005245211	1.2839695e-15
ERR9612817	3	oral	5.9918984e-15	1.0	3.649632e-27	4.1393946e-12	1.9898349e-26
ERR9612818	3	oral	1.147061e-14	1.0	5.376734e-27	6.2069954e-12	1.732614e-26
ERR9612819	3	oral	3.336322e-13	1.0	4.8471195e-23	3.045664e-10	1.4355284e-23
ERR9612820	3	oral	1.6986759e-13	1.0	3.0000327e-23	6.9295104e-11	1.088544e-23
ERR9612821	3	oral	2.705337e-15	1.0	3.9214634e-27	4.7705975e-11	1.138272e-26
ERR9612822	3	oral	4.6444832e-15	1.0	4.859715e-27	2.6571141e-11	2.5425694e-26
ERR9612823	3	oral	2.0246239e-07	0.99999976	5.6764753e-17	1.0899871e-08	2.3773439e-15
ERR9612824	3	oral	1.0104748e-07	0.9999999	5.2462094e-17	1.3675455e-08	1.0735593e-15
ERR9612825	3	oral	6.1025545e-05	0.99991	2.9012903e-10	2.8867571e-05	9.9846375e-08
ERR9612826	3	oral	8.4401814e-05	0.9999064	3.008943e-10	8.969387e-06	1.7870822e-07
ERR9612827	3	oral	8.261944e-09	0.99999994	7.500591e-19	8.0502105e-08	5.2220243e-18
ERR9612828	3	oral	1.934967e-09	0.99999994	4.2399128e-19	5.1981647e-08	2.999802e-18
ERR9612829	3	oral	1.4766776e-11	1.0	3.1186877e-20	3.803738e-11	8.176552e-20
ERR9612830	3	oral	3.9433825e-12	1.0	9.942868e-21	7.1629183e-12	4.772638e-20
ERR9612831	3	oral	2.383118e-13	1.0	3.068138e-23	2.1890657e-13	1.2498303e-22
ERR9612832	3	oral	3.7626193e-13	1.0	4.2807133e-23	1.2679952e-13	1.9206023e-22
ERR9612833	3	oral	1.3106323e-07	0.9999998	8.182213e-16	4.6193488e-08	1.36851e-14
ERR9612834	3	oral	2.6933924e-07	0.99999964	1.4428007e-15	7.11682e-08	4.052642e-14
ERR9612835	3	oral	2.7513765e-09	0.9999999	9.88524e-20	9.363165e-08	9.78207e-18
ERR9612836	3	oral	6.079618e-09	0.99999994	1.7579021e-19	7.692958e-08	1.7884005e-17
ERR9612837	3	oral	2.7325931e-11	1.0	8.493349e-22	2.3583488e-09	2.1766781e-20
ERR9612838	3	oral	1.225866e-10	1.0	1.5929151e-21	1.3510029e-09	5.431894e-20
ERR9612839	3	oral	5.1150264e-06	0.9999932	4.0682935e-14	1.6579145e-06	2.3442864e-12
ERR9612840	3	oral	2.2738799e-05	0.99997467	1.1633622e-13	2.6190683e-06	2.6143613e-11
ERR9612841	3	oral	0.0022863667	0.99769765	1.3185632e-07	1.2418957e-05	3.4247794e-06
ERR9612842	3	oral	0.0012608023	0.99872863	1.1513471e-07	7.168993e-06	3.2511925e-06
ERR9612843	3	oral	2.2450675e-09	0.9999993	1.5720913e-20	7.130531e-07	2.4372886e-20
ERR9612844	3	oral	1.2841961e-09	0.99999857	1.6863318e-20	1.4142327e-06	1.4334307e-20
ERR9612845	3	oral	7.3576723e-07	0.999994	2.3960032e-16	5.2855535e-06	1.2302561e-13
ERR9612846	3	oral	1.0074507e-06	0.99999505	4.2461698e-16	3.9561146e-06	3.5655024e-13
ERR9612847	3	oral	2.6486404e-09	0.9999999	4.722342e-18	1.1827262e-07	1.3779897e-17
ERR9612848	3	oral	1.1609874e-09	0.99999994	2.7352408e-18	4.799789e-08	7.586187e-18
ERR9612849	3	oral	1.3203373e-12	1.0	7.01344e-25	7.142678e-11	3.5403898e-23
ERR9612850	3	oral	9.096867e-13	1.0	4.890133e-25	6.430241e-11	2.3676108e-23
ERR9612851	3	oral	5.206748e-06	0.9999753	7.401831e-13	1.9449542e-05	1.4242495e-11
ERR9612852	3	oral	3.723214e-05	0.99992293	2.7351925e-12	3.9835166e-05	6.218929e-11
ERR9612853	3	oral	0.00039402823	0.99786437	2.3720195e-09	0.001741588	1.0026164e-08
ERR9612854	3	oral	0.00069263484	0.9967597	3.7101249e-09	0.0025476501	2.3548337e-08
ERR9612855	3	oral	1.4763827e-08	1.0	7.918998e-17	1.05816005e-08	6.6427204e-16
ERR9612856	3	oral	5.6453606e-09	1.0	2.5508718e-17	1.0086403e-09	3.2454343e-16
ERR9612857	3	oral	5.1974627e-12	1.0	3.746858e-24	1.1272091e-08	2.0471747e-21
ERR9612858	3	oral	8.7795535e-12	1.0	6.5322456e-24	1.6214978e-08	3.719648e-21
ERR9612859	3	oral	1.9910695e-09	1.0	2.1245787e-18	3.9547206e-09	8.501219e-17
ERR9612860	3	oral	3.190379e-09	1.0	5.4337432e-18	8.730284e-09	4.2612698e-16
ERR9612861	3	oral	0.0010602616	0.9983935	1.6040717e-11	0.0005462625	8.7247237e-10
ERR9612862	3	oral	0.0007680936	0.9987804	1.7342822e-11	0.000451492	1.4377298e-09
ERR9612863	3	oral	0.00016070329	0.9997743	3.8693257e-10	6.499039e-05	4.492049e-08
ERR9612864	3	oral	0.00012106994	0.9998623	3.1364292e-10	1.6622529e-05	2.3107342e-08
ERR9612865	3	oral	3.4319233e-13	1.0	1.1195628e-24	1.679498e-11	3.4421154e-23
ERR9612866	3	oral	5.923581e-13	1.0	1.053616e-24	1.113904e-11	5.2282552e-23
ERR9612867	3	oral	1.9892808e-11	1.0	4.4192897e-22	2.1665105e-09	2.218621e-21
ERR9612868	3	oral	4.4044594e-11	1.0	6.6621053e-22	1.5116348e-09	6.0613404e-21
ERR9612869	3	oral	2.1390571e-08	0.99999994	2.0687145e-17	1.5498946e-08	6.349267e-15
ERR9612870	3	oral	2.9283488e-08	0.99999994	1.8321298e-17	1.026009e-08	6.1876536e-15
ERR9612871	3	oral	1.2936465e-17	1.0	2.9610667e-29	1.3168638e-15	8.78261e-29
ERR9612872	3	oral	3.0203587e-17	1.0	4.8878053e-29	1.9792663e-15	2.7553148e-28
ERR9612873	3	oral	9.613782e-08	0.99999887	5.7921817e-18	1.0358546e-06	1.7126858e-15
ERR9612874	3	oral	1.9508309e-07	0.9999973	8.836315e-18	2.459332e-06	1.6186662e-15
ERR9612875	3	oral	2.8683962e-09	1.0	3.0741522e-17	1.0506357e-08	6.512154e-16
ERR9612876	3	oral	1.4772347e-09	1.0	2.4987543e-17	2.7942275e-09	4.221226e-16
ERR9612877	3	oral	2.0191975e-09	0.99999994	7.1363663e-19	4.782262e-08	2.2700324e-17
ERR9612878	3	oral	1.4142003e-09	0.99999994	5.508253e-19	6.735818e-08	1.3629148e-17
ERR9612879	3	oral	3.2753927e-13	1.0	4.0114953e-22	9.617675e-14	3.787115e-22
ERR9612880	3	oral	7.130726e-14	1.0	1.3352926e-22	1.3294007e-14	2.3326635e-22
ERR9612881	3	oral	1.9553632e-10	1.0	1.7856818e-21	8.297374e-09	2.7964205e-19
ERR9612882	3	oral	7.6970735e-11	1.0	6.2369125e-22	3.616493e-09	8.127208e-20
ERR9612883	3	oral	5.8048846e-07	0.99999374	5.2177897e-12	5.69947e-06	8.9142366e-10
ERR9612884	3	oral	1.0107274e-06	0.9999904	9.945561e-12	8.593776e-06	1.5936472e-09
ERR9612885	3	oral	1.546352e-13	1.0	3.2183661e-24	1.4046362e-14	2.514667e-23
ERR9612886	3	oral	1.3991447e-13	1.0	2.5736469e-24	6.967358e-15	3.0632138e-23
ERR9612887	3	oral	1.0188616e-08	1.0	4.0997864e-17	7.521056e-09	1.8197219e-16
ERR9612888	3	oral	1.8449319e-08	0.99999994	8.334148e-17	1.6744199e-08	2.8448324e-16
ERR9612889	3	oral	9.64916e-16	1.0	4.392047e-28	2.6715504e-14	2.3491756e-27
ERR9612890	3	oral	4.457196e-16	1.0	2.7614171e-28	1.3910051e-14	9.9124e-28
ERR9612891	3	oral	1.1605102e-15	1.0	3.4180988e-28	4.0853548e-13	1.1564324e-27
ERR9612892	3	oral	6.7713466e-16	1.0	2.5773392e-28	2.657291e-13	1.9408112e-27
ERR9612893	3	oral	2.977447e-12	0.9999999	1.6598739e-22	9.692168e-08	2.3732339e-23
ERR9612894	3	oral	4.688849e-12	0.9999999	1.2697701e-22	1.09368976e-07	8.3990715e-24
ERR9612895	3	oral	3.4534622e-09	1.0	1.3519053e-18	9.987964e-11	2.396095e-17
ERR9612896	3	oral	6.7145005e-09	1.0	1.5898905e-18	1.455297e-10	2.8701225e-17
ERR9612897	3	oral	1.8221277e-12	1.0	4.7728367e-22	2.470042e-12	2.1438744e-21
ERR9612898	3	oral	4.559897e-12	1.0	1.0757099e-21	1.632501e-11	6.890275e-21
SRR12136712	3	oral	0.17710204	0.8166813	0.0002470009	0.0043637203	0.0016058793
SRR12136713	3	oral	1.9958438e-06	0.9999979	3.687153e-12	9.65734e-08	2.2991269e-11
SRR12462930	3	oral	5.102568e-18	1.0	1.482845e-28	1.5455514e-15	1.587953e-27
SRR12462931	3	oral	1.167013e-18	1.0	8.39462e-31	8.261205e-17	1.1210392e-29
SRR12462932	3	oral	2.8814436e-19	1.0	7.937306e-32	2.9445181e-16	6.4701367e-31
SRR12462933	3	oral	2.4307283e-17	1.0	6.376239e-30	7.1085905e-14	3.668216e-28
SRR12462934	3	oral	5.615754e-18	1.0	2.3553422e-29	2.9057245e-19	1.6377558e-28
SRR12462935	3	oral	7.259432e-20	1.0	8.618376e-33	9.532535e-14	1.9579349e-31
SRR12462936	3	oral	2.4937694e-19	1.0	2.2557426e-29	5.8748416e-13	1.1702552e-28
SRR12462937	3	oral	5.073734e-17	1.0	3.3481743e-28	1.2409215e-15	6.773703e-27
SRR12462938	3	oral	1.1883318e-10	0.99999994	4.8555564e-24	8.122931e-08	6.568079e-21
SRR12462939	3	oral	1.3846733e-05	0.9898483	1.5694917e-14	0.010137824	1.1578037e-11
SRR12462940	3	oral	3.847729e-12	1.0	9.887703e-25	1.6097108e-10	5.9073863e-22
SRR12462941	3	oral	2.8674647e-14	1.0	3.1934877e-28	8.5523766e-10	4.563557e-25
SRR12462942	3	oral	1.0356037e-17	1.0	2.7246365e-33	6.1674066e-15	3.932904e-31
SRR12462943	3	oral	6.7141755e-06	0.9999902	2.3663376e-13	3.062229e-06	1.271921e-10
SRR12462944	3	oral	1.0402337e-06	0.9990722	4.8398633e-13	0.0009267597	5.9057342e-12
SRR12462945	3	oral	3.2647814e-20	1.0	5.13949e-32	1.05944955e-16	1.4280778e-30
SRR12462946	3	oral	3.0407065e-13	1.0	6.4175075e-21	2.3356063e-12	2.5460902e-20
SRR12462947	3	oral	4.1850253e-17	1.0	5.9165095e-30	1.2119091e-14	1.0569372e-26
SRR19160147	3	gut	0.030548457	0.8312564	0.007377527	0.12477847	0.006039157
SRR19160150	3	gut	0.018230943	0.81402	0.0060185804	0.1616255	0.00010501487
SRR19160161	3	gut	0.010617185	0.86601484	0.0024963878	0.120513864	0.00035772202
SRR19160174	3	gut	0.053335983	0.7257647	0.015521536	0.20527583	0.00010194623
SRR19160175	3	gut	0.009254858	0.56399757	0.3544759	0.072256535	1.5197061e-05
SRR19160180	3	gut	0.0074829496	0.86200106	0.0017493466	0.12871833	4.8339065e-05
SRR19160184	3	gut	0.0054016104	0.9436514	0.0013037275	0.04944793	0.00019535983
SRR19160194	3	gut	0.0034602499	0.9630673	0.0017133099	0.031726293	3.2870008e-05
SRR19160206	3	gut	0.009150984	0.8948903	0.005205186	0.09027589	0.0004776496
SRR19160231	3	gut	0.010320667	0.96881634	0.0041500884	0.016696159	1.6758884e-05
SRR19160251	3	gut	0.042044695	0.61272043	0.22893359	0.11621703	8.425555e-05
SRR957738	3	oral	2.6437129e-15	1.0	1.623868e-28	9.186928e-17	9.124115e-26
SRR957739	3	oral	6.81759e-16	1.0	1.2855249e-28	3.4564838e-19	2.3601604e-26
SRR957740	3	oral	4.032968e-16	1.0	3.7426248e-28	8.9949e-19	3.7199593e-26
SRR957741	3	oral	5.6238885e-16	1.0	4.8790676e-29	3.9235102e-19	6.909952e-27
SRR957742	3	oral	5.772363e-16	1.0	1.2144971e-27	6.0099163e-18	1.1488521e-26
SRR957743	3	oral	4.120187e-12	1.0	8.968889e-22	2.1622593e-16	1.5999662e-20
SRR957744	3	oral	1.7811002e-18	1.0	2.2120267e-31	8.796195e-20	5.670379e-30
SRR957745	3	oral	1.8402714e-14	1.0	1.8639564e-25	1.6938163e-18	8.6031845e-24
SRR957746	3	oral	2.5436327e-17	1.0	2.4321048e-29	3.8692552e-16	3.3918014e-27
ERR12115113	4	oral	1.2137667e-21	1.0	2.0256176e-32	1.2655396e-16	3.2836135e-31
ERR12115114	4	oral	2.3460164e-12	1.0	2.4114433e-21	2.8940518e-12	6.486465e-19
ERR12115115	4	oral	2.426252e-13	1.0	3.3329073e-24	1.6471471e-10	4.711563e-22
ERR12115116	4	oral	2.5975989e-23	1.0	3.1994152e-36	3.0026377e-19	1.386923e-36
ERR1777519	4	skeletal tissue	0.022056147	0.11915206	0.00030180096	0.858454	3.602327e-05
ERR1777520	4	skeletal tissue	0.15838294	0.3016062	0.007357618	0.4525979	0.08005534
ERR1777521	4	skeletal tissue	0.08420728	0.18771188	0.004601867	0.6859958	0.037483145
ERR1777522	4	skeletal tissue	0.041542474	0.017633663	1.0196363e-05	0.9408136	7.0258686e-08
ERR1777523	4	skeletal tissue	0.06207084	0.19449772	0.001984333	0.738085	0.0033621632
ERR1777524	4	skeletal tissue	0.05528701	0.023084605	1.1818845e-05	0.9216164	1.65108e-07
ERR1777525	4	skeletal tissue	0.018260906	0.020719524	6.713474e-06	0.9610128	4.8211675e-08
ERR1777526	4	skeletal tissue	0.032196663	0.1702113	0.0003909331	0.79715824	4.283483e-05
ERR1777527	4	skeletal tissue	0.0078105438	0.009513535	3.451334e-06	0.98267245	2.3917531e-08
ERR1777528	4	skeletal tissue	0.048200957	0.04399006	1.4551751e-05	0.90779424	1.8967422e-07
ERR1777529	4	skeletal tissue	0.04514732	0.097625494	3.491604e-05	0.8571917	5.9151154e-07
ERR1777530	4	skeletal tissue	0.015308038	0.018348182	5.8308624e-06	0.9663379	5.464594e-08
ERR1777531	4	skeletal tissue	0.042265255	0.04325094	1.20535e-05	0.9144716	9.7038345e-08
ERR1777532	4	skeletal tissue	0.073169604	0.16815408	4.9774866e-05	0.758626	5.8841454e-07
ERR1777533	4	skeletal tissue	0.081595875	0.12339402	2.484269e-05	0.7949849	4.0997566e-07
ERR1777534	4	skeletal tissue	0.03505851	0.15357308	0.0001433758	0.8112183	6.732946e-06
ERR1777535	4	skeletal tissue	0.07950948	0.14242636	0.004216684	0.73709714	0.03675034
ERR1777536	4	skeletal tissue	0.06730116	0.09092426	2.6096961e-05	0.84174824	2.5104274e-07
ERR1777537	4	skeletal tissue	0.034749757	0.18117075	0.00010387957	0.78397274	2.8943593e-06
ERR1777538	4	skeletal tissue	0.065245174	0.20072205	0.004001109	0.7005685	0.02946315
ERR1777539	4	skeletal tissue	0.03392419	0.05393712	1.467733e-05	0.91212386	1.4931524e-07
ERR1777540	4	skeletal tissue	0.029678859	0.011433723	6.521498e-06	0.95888084	5.1009643e-08
ERR1777541	4	skeletal tissue	0.035284024	0.12294805	0.0009943419	0.8400877	0.0006858859
ERR1777542	4	skeletal tissue	0.17943692	0.102480486	9.5390824e-05	0.71798235	4.825355e-06
ERR1777543	4	skeletal tissue	0.03162266	0.01274552	7.137065e-06	0.95562464	5.023485e-08
ERR1777544	4	skeletal tissue	0.12239869	0.23283088	0.0060281456	0.57742256	0.061319746
ERR1777545	4	skeletal tissue	0.033474103	0.015767593	1.0576562e-05	0.9507476	1.3586771e-07
ERR1777546	4	skeletal tissue	0.0121419765	0.012986357	5.2686196e-06	0.9748664	3.7227256e-08
ERR1777547	4	skeletal tissue	0.04408287	0.22359309	0.0015786899	0.7285422	0.0022031432
ERR1777548	4	skeletal tissue	0.020413747	0.019637795	6.5347044e-06	0.95994186	5.2692833e-08
ERR1777549	4	skeletal tissue	0.07199449	0.23477243	4.148446e-05	0.69319016	1.4279549e-06
ERR1777550	4	skeletal tissue	0.011523934	0.012399184	4.4255776e-06	0.97607243	3.1497834e-08
ERR1777551	4	skeletal tissue	0.014163553	0.09348039	0.00071858935	0.88986474	0.0017727272
ERR1777552	4	skeletal tissue	0.018358303	0.020804966	6.2241556e-06	0.96083045	3.982781e-08
ERR1777553	4	skeletal tissue	0.012585267	0.015944837	4.599842e-06	0.9714653	3.5174185e-08
ERR1777554	4	skeletal tissue	0.020050177	0.0239643	6.6101506e-06	0.9559789	4.3399822e-08
ERR1777555	4	skeletal tissue	0.022996146	0.18153399	9.169511e-05	0.7953728	5.372175e-06
ERR1777556	4	skeletal tissue	0.01515393	0.014781649	5.30101e-06	0.9700591	3.746169e-08
ERR1777557	4	skeletal tissue	0.011823674	0.028911648	0.00012240454	0.95911634	2.5917921e-05
ERR1777558	4	skeletal tissue	0.017094001	0.019488296	6.140991e-06	0.9634115	4.9893423e-08
ERR1777559	4	skeletal tissue	0.11166624	0.5368272	0.0027566822	0.33533108	0.013418755
ERR1777560	4	skeletal tissue	0.016635908	0.017366298	5.8036467e-06	0.965992	4.5221544e-08
ERR1777561	4	skeletal tissue	0.057455007	0.19982554	0.00065349997	0.7418299	0.00023607742
ERR1777562	4	skeletal tissue	0.016115578	0.017651299	5.672883e-06	0.9662274	3.9215735e-08
ERR1777563	4	skeletal tissue	0.022301713	0.051619012	1.7619319e-05	0.9260615	1.5366314e-07
ERR1777564	4	skeletal tissue	0.01218253	0.013318746	4.4890276e-06	0.9744942	3.259589e-08
ERR1777565	4	skeletal tissue	0.006240841	0.009944636	3.3015156e-06	0.9838112	2.2691717e-08
ERR1777566	4	skeletal tissue	0.01969286	0.021912558	6.5177182e-06	0.95838803	3.9528345e-08
ERR1777567	4	skeletal tissue	0.04378941	0.25897288	0.00015842004	0.6970696	9.683412e-06
ERR1777568	4	skeletal tissue	0.015697747	0.015847744	5.4449683e-06	0.968449	4.0803876e-08
ERR1777569	4	skeletal tissue	1.85209e-07	0.99912065	3.2159926e-12	0.00087915343	3.5414956e-11
ERR3609652	4	oral	0.3829363	0.4719418	0.0069525787	0.10107323	0.037096098
ERR3609653	4	oral	0.6342296	0.28012344	0.00039795402	0.08516888	8.0120764e-05
ERR3609654	4	oral	0.42287087	0.53016514	0.00206787	0.038000893	0.0068952227
ERR3609655	4	oral	0.3652919	0.53100914	0.0061409934	0.053070784	0.044487197
ERR3609656	4	oral	0.41033876	0.5396635	0.0025795372	0.028805234	0.018612977
ERR3609657	4	oral	0.37679818	0.40566796	0.00080341875	0.21633917	0.0003912793
ERR3609658	4	oral	0.33256882	0.5573119	0.0038361787	0.07557058	0.030712502
ERR3609659	4	oral	0.13770786	0.430524	0.0035524706	0.42629826	0.0019174259
ERR3609660	4	oral	5.0324724e-13	1.0	3.2975234e-21	2.8761271e-11	1.581974e-19
ERR3609661	4	oral	1.016985e-18	1.0	1.3274666e-29	1.2643445e-15	4.079524e-28
ERR4596443	4	oral	9.649105e-16	1.0	6.9651117e-23	1.3294984e-13	6.849876e-22
ERR4596813	4	oral	1.1369954e-09	1.0	7.243086e-14	5.124896e-11	2.585971e-13
ERR4596815	4	oral	1.6731693e-09	1.0	2.3155566e-13	3.761603e-12	1.3234262e-12
ERR4596816	4	oral	1.160222e-15	1.0	2.5353152e-21	3.903989e-15	5.4749333e-20
ERR4596817	4	oral	1.1014057e-13	1.0	1.971547e-21	6.9949175e-15	6.8683495e-20
ERR4596818	4	oral	1.00542116e-16	1.0	1.4640307e-23	3.7030068e-18	1.5999353e-22
ERR4596819	4	oral	3.744021e-07	0.99999887	3.2164182e-10	6.775768e-07	7.1914094e-08
ERR4596820	4	oral	2.924944e-15	1.0	6.3180736e-22	1.37865796e-17	3.90354e-21
ERR4596822	4	oral	3.839483e-08	0.99999994	8.289755e-14	8.138443e-12	2.066029e-11
ERR4596823	4	oral	2.48777e-10	1.0	7.6547956e-18	1.4664236e-14	2.3376206e-16
ERR4596824	4	oral	5.9255953e-16	1.0	3.09147e-23	2.4526906e-12	6.185506e-22
ERR4596825	4	oral	1.3255881e-07	0.9999998	2.697648e-10	4.784374e-08	3.1507947e-09
ERR4596826	4	oral	3.28796e-14	1.0	2.8648752e-22	2.4518466e-14	2.8644567e-20
ERR4596828	4	oral	8.950074e-17	1.0	1.6376915e-22	2.7244345e-21	3.1504329e-21
ERR5670952	4	oral	2.3912636e-23	1.0	4.3147405e-33	1.1763391e-17	4.365714e-34
ERR5670953	4	oral	1.3920113e-25	1.0	3.2543973e-37	1.2364702e-19	2.036839e-36
ERR5670954	4	oral	3.16176e-24	1.0	6.068494e-35	3.1485118e-17	5.4821504e-35
ERR5670955	4	oral	2.0262397e-22	1.0	1.4508052e-31	3.0291997e-16	1.1045121e-31
ERR5670956	4	oral	3.3810313e-23	1.0	1.7527398e-32	3.7656523e-16	6.164108e-33
ERR5670957	4	oral	4.5389465e-20	1.0	2.056603e-30	1.7404056e-16	7.215866e-29
ERR5670958	4	oral	3.317257e-22	1.0	3.753684e-33	1.9787612e-21	1.9678197e-32
ERR5670959	4	oral	3.975645e-22	1.0	2.8976007e-30	7.745004e-15	1.4252369e-30
ERR5670960	4	oral	5.755756e-18	1.0	1.1744403e-24	2.211861e-15	4.0478883e-24
ERR5670961	4	oral	9.788576e-20	1.0	1.7255535e-31	5.072065e-12	4.218556e-32
ERR5670962	4	oral	4.7221618e-20	1.0	5.400103e-31	2.1691606e-21	3.4466852e-30
ERR5670963	4	oral	6.860473e-23	1.0	6.748013e-35	1.5887201e-17	1.6202549e-34
ERR5670964	4	oral	5.089383e-23	1.0	2.6224972e-35	4.6489445e-18	4.708441e-35
ERR5670965	4	oral	3.7018663e-26	1.0	5.807205e-38	2.408012e-21	2.3678236e-37
ERR5670966	4	oral	7.5459787e-25	1.0	2.2080433e-37	2.7441324e-19	7.1105714e-37
ERR5670967	4	oral	1.9226323e-23	1.0	5.0599658e-33	9.97215e-16	1.4947469e-32
ERR5670968	4	oral	1.7964725e-06	0.9999858	1.3632814e-09	1.2371768e-05	7.498111e-09
ERR5670969	4	oral	1.540508e-14	1.0	1.834949e-19	7.057393e-14	1.6490427e-20
ERR5670970	4	oral	2.1635202e-14	1.0	3.854612e-20	4.2857697e-12	2.280936e-20
ERR5670971	4	oral	6.9969013e-15	1.0	6.3872125e-25	4.974993e-15	1.3467926e-23
ERR5766165	4	gut	0.60940003	0.16051568	0.008895386	0.19121036	0.029978553
ERR5766166	4	gut	0.9898992	0.0016297926	0.0013925412	0.0070570926	2.1353631e-05
ERR5766167	4	gut	0.9940552	0.0007562774	0.00082862034	0.0043556336	4.237393e-06
ERR5766168	4	gut	0.86132574	0.03616166	0.0014399587	0.025704745	0.07536788
ERR5766169	4	gut	0.9982561	0.00026638625	0.0010706387	0.00021618398	0.00019067721
ERR5766170	4	gut	0.9283072	0.013765917	0.0011298858	0.026266744	0.030530304
ERR5766171	4	gut	0.9053064	0.019672995	0.00083223096	0.013660413	0.060527954
ERR5766172	4	gut	0.99997205	9.683232e-06	8.150163e-06	9.464831e-06	6.4444146e-07
ERR5766173	4	gut	0.99996287	2.1018895e-05	9.938033e-06	5.4594784e-06	7.466892e-07
ERR5766174	4	gut	0.70526546	0.05870404	0.002303974	0.06905759	0.16466896
ERR5766175	4	gut	0.7319305	0.06217537	0.0022419326	0.050450955	0.15320127
ERR5766176	4	gut	0.97428226	0.0077170446	0.00039827544	0.01055199	0.0070504076
ERR5766177	4	gut	0.9994058	0.00034078167	3.9335382e-07	0.00025302925	1.2267615e-09
ERR5766178	4	gut	0.99946976	0.00021950377	3.7036884e-07	0.00031033912	1.2915792e-09
ERR5766179	4	gut	0.96221566	0.016735887	0.00046531376	0.016203608	0.0043795276
ERR5766180	4	gut	0.89847046	0.034594033	0.0015807248	0.0502361	0.015118659
ERR5766181	4	gut	0.92030036	0.04160855	0.0012140576	0.01857415	0.0183029
ERR5766182	4	gut	0.9983836	0.0010475155	2.0744976e-06	0.0005667997	2.4569593e-08
ERR5766183	4	gut	0.99682325	0.0016018153	2.3176835e-06	0.0015724249	2.1713278e-07
ERR6178850	4	oral	1.07448796e-16	1.0	1.5732899e-22	3.4039525e-12	2.7392476e-21
ERR6178851	4	oral	1.0829357e-09	0.9999999	3.0566166e-13	1.224445e-07	5.5008394e-12
ERR6178852	4	oral	3.3121228e-11	0.99999994	3.4567097e-16	4.470149e-08	1.9546674e-14
ERR6178853	4	oral	0.00015385436	0.9983163	5.1372564e-07	0.001512458	1.6901666e-05
ERR6178854	4	oral	2.0219832e-16	1.0	1.7026188e-21	2.8297224e-14	1.408114e-20
ERR6178855	4	oral	9.665448e-12	1.0	2.3226605e-18	1.4198479e-10	5.4689595e-17
ERR6178856	4	oral	2.0475653e-19	1.0	2.6157306e-25	1.0054058e-12	1.2036978e-24
ERR6178857	4	oral	6.4400957e-10	0.9999995	4.6734367e-13	4.7157272e-07	3.903111e-12
ERR6178858	4	oral	1.6502172e-22	1.0	4.2281385e-31	3.2941252e-16	1.8596324e-30
ERR6178859	4	oral	1.782211e-09	0.9999997	1.8712045e-13	3.083917e-07	3.5467228e-12
ERR6178860	4	oral	0.0006030373	0.99930996	8.8486274e-07	4.1328734e-05	4.4773897e-05
ERR6178861	4	oral	9.257269e-05	0.99990296	1.85124e-08	2.189077e-06	2.2518923e-06
ERR6178862	4	oral	5.7194684e-15	1.0	3.244002e-23	1.0971928e-11	2.9840357e-21
ERR6178863	4	oral	1.7655324e-05	0.9998354	5.4152296e-09	0.0001467932	1.904276e-07
ERR6178864	4	oral	8.346878e-06	0.9999912	1.700306e-10	3.6083375e-07	8.721078e-08
ERR6178865	4	oral	1.4210046e-05	0.9999827	4.6135837e-09	2.205462e-06	8.459223e-07
ERR6178866	4	oral	4.7618405e-21	1.0	1.566743e-29	8.798988e-13	2.7833436e-28
ERR6178867	4	oral	1.5658305e-23	1.0	1.2495312e-32	8.2898347e-16	4.6583663e-32
ERR6178868	4	oral	4.967237e-07	0.99999934	6.91171e-12	1.2777376e-07	2.2743836e-09
ERR6178869	4	oral	5.4111397e-06	0.9999923	1.5030119e-09	2.0944085e-06	1.6453643e-07
ERR6178870	4	oral	8.737733e-15	1.0	1.1465186e-22	1.360884e-10	9.5367196e-21
ERR6178871	4	oral	1.0327e-07	0.99999833	1.4011094e-12	1.5951101e-06	1.2129515e-10
ERR6178872	4	oral	1.623257e-07	0.9999996	5.3868784e-12	2.6718786e-07	1.6421889e-09
ERR6178873	4	oral	1.374286e-05	0.99996704	6.117924e-08	1.536715e-05	3.7709112e-06
ERR6178874	4	oral	7.597691e-22	1.0	2.7352963e-29	9.5176425e-15	2.2560524e-28
ERR6178875	4	oral	1.6732559e-15	1.0	3.0755915e-22	3.018119e-14	3.2383303e-21
ERR6178876	4	oral	4.0464488e-17	1.0	1.8047764e-25	2.1352467e-13	2.0071954e-24
ERR6178877	4	oral	6.599107e-15	0.99999666	1.3936656e-21	3.3431097e-06	6.596615e-20
ERR6178878	4	oral	5.443562e-11	0.99999994	4.87858e-17	4.0614765e-08	5.2336234e-16
ERR6178879	4	oral	2.8616176e-12	1.0	1.647882e-18	4.4848574e-09	2.1352303e-17
ERR6178880	4	oral	7.285503e-14	1.0	4.999042e-20	1.5764745e-10	1.446479e-17
ERR6178881	4	oral	4.2036287e-08	0.9999992	3.815204e-11	7.541949e-07	1.293695e-09
ERR6178882	4	oral	6.5697765e-19	1.0	5.933432e-25	6.157894e-12	3.775833e-24
ERR6178883	4	oral	7.894699e-14	1.0	3.4480598e-18	8.3087853e-10	2.1877698e-17
ERR6178884	4	oral	1.6180466e-05	0.9999827	1.9850626e-09	3.1701052e-07	8.068188e-07
ERR6178885	4	oral	4.463821e-05	0.99994975	2.0821906e-08	1.4116496e-06	4.1581648e-06
ERR6178886	4	oral	1.0096821e-06	0.999999	3.7168276e-12	5.5222875e-09	6.283889e-10
ERR6178887	4	oral	0.002070196	0.9977939	1.5712482e-06	4.960295e-05	8.4708874e-05
ERR6178888	4	oral	7.1366935e-06	0.9999928	1.3705741e-11	7.358551e-08	7.844545e-09
ERR6178889	4	oral	0.0010699999	0.9988433	4.1365138e-07	3.4315723e-05	5.1966268e-05
ERR6178890	4	oral	4.7249565e-14	1.0	1.1908798e-22	5.1373815e-11	6.0639344e-20
ERR6178891	4	oral	4.566135e-19	1.0	7.9633135e-29	1.4042699e-14	1.0526984e-26
ERR6178892	4	oral	1.4902159e-19	1.0	1.2017056e-27	2.5124393e-15	8.323703e-27
ERR6178893	4	oral	1.3979632e-09	1.0	6.78965e-14	4.222452e-09	7.25541e-13
ERR6178894	4	oral	4.4944016e-19	1.0	4.4477104e-28	2.2732711e-13	3.1992135e-27
ERR6178895	4	oral	9.147327e-20	1.0	1.3127428e-26	4.2781808e-16	1.0571092e-25
ERR6178897	4	oral	4.4185e-13	1.0	2.497914e-19	3.1134104e-10	1.5378719e-18
ERR6178898	4	oral	1.07758375e-07	0.999998	9.550727e-12	1.9372917e-06	5.900162e-11
ERR6178899	4	oral	7.2662346e-16	1.0	1.14777926e-20	2.0187936e-12	9.749278e-20
ERR6178900	4	oral	3.7475617e-12	1.0	4.567222e-16	1.9915274e-10	4.4221002e-15
ERR6178901	4	oral	3.737328e-17	1.0	7.13185e-23	2.282453e-13	5.380623e-22
ERR6178902	4	oral	8.183887e-14	1.0	4.4383373e-18	7.1589718e-12	1.6824587e-17
ERR6178903	4	oral	2.8241055e-17	1.0	8.314127e-25	5.186798e-10	1.15459575e-23
ERR6178904	4	oral	1.4177085e-06	0.9998819	1.6129611e-09	0.00011664257	1.3831945e-08
ERR6178905	4	oral	8.090509e-17	1.0	2.6576668e-22	6.724161e-13	1.2593514e-21
ERR6178906	4	oral	1.178662e-15	1.0	1.1345198e-20	6.7360067e-12	7.2220254e-20
ERR6178907	4	oral	3.8985212e-21	1.0	1.4287131e-28	1.8248685e-15	6.862008e-28
ERR6178908	4	oral	1.3840516e-08	0.9999999	4.2336443e-12	1.12343244e-07	3.583501e-11
ERR6178909	4	oral	8.618248e-22	1.0	6.2754e-30	1.00982014e-13	1.21163375e-29
ERR6178910	4	oral	1.6534637e-18	1.0	1.4782074e-25	5.4214584e-14	2.0381825e-24
ERR6178911	4	oral	2.3973858e-11	1.0	3.0556087e-15	1.4625403e-09	3.9902404e-14
ERR6178912	4	oral	1.1731887e-05	0.99140024	1.4611112e-09	0.008587913	1.3740576e-07
ERR6178913	4	oral	4.5001208e-08	0.99995816	1.8699915e-13	4.1798838e-05	2.3355562e-11
ERR6178914	4	oral	1.7836751e-23	1.0	2.896678e-32	6.215375e-17	1.8031905e-31
ERR6178915	4	oral	4.995861e-11	1.0	8.439347e-15	1.4417852e-09	6.894583e-14
ERR6178916	4	oral	9.511131e-22	1.0	4.794109e-28	3.3283435e-15	5.648643e-27
ERR6178917	4	oral	5.0306254e-13	1.0	1.00813306e-16	1.3560117e-10	8.4070937e-16
ERR6178918	4	oral	1.7825188e-06	0.99999815	2.430783e-12	3.530693e-08	6.476786e-10
ERR6178919	4	oral	2.4003213e-05	0.9999756	2.7006072e-10	3.018204e-07	6.900967e-08
ERR6178920	4	oral	8.4546324e-21	1.0	7.8689164e-28	1.0306175e-18	1.700813e-27
ERR6178921	4	oral	2.1446267e-21	1.0	6.062131e-29	1.145019e-16	1.205492e-28
ERR6178923	4	oral	5.3061667e-06	0.9999947	1.7748992e-12	6.218216e-10	4.7250617e-11
ERR6178924	4	oral	0.013833451	0.9858867	8.471718e-06	0.000102601356	0.0001688015
ERR6178925	4	oral	5.488398e-07	0.99999946	6.4690034e-14	4.9791976e-10	1.2544575e-12
ERR6178926	4	oral	1.6048822e-06	0.99999833	5.821954e-13	3.5651063e-08	4.180277e-11
ERR6178927	4	oral	0.0007989581	0.9991982	2.0210974e-08	5.7645547e-08	2.7455933e-06
ERR6178928	4	oral	1.3321117e-12	1.0	5.461296e-19	3.3044095e-10	2.268643e-17
ERR6178929	4	oral	6.193694e-19	1.0	8.3202385e-27	7.497854e-15	4.9185487e-26
ERR6178930	4	oral	2.740602e-19	1.0	3.3584665e-26	5.3473563e-15	1.8958035e-25
ERR6178931	4	oral	1.2764916e-16	1.0	5.5071157e-24	1.0818638e-17	7.748568e-24
ERR6178932	4	oral	2.6168587e-05	0.9999738	7.4851e-11	4.3737874e-08	3.1651908e-08
ERR6178933	4	oral	2.0919247e-18	1.0	1.343756e-26	2.2688214e-11	3.102384e-25
ERR6178934	4	oral	4.829735e-12	1.0	1.962139e-17	4.1220855e-10	3.2808977e-16
ERR6178935	4	oral	3.3912547e-06	0.99999034	2.6923352e-09	6.2392905e-06	4.8221903e-08
ERR6178936	4	oral	7.964335e-05	0.9999203	2.2931912e-10	3.8481187e-09	4.361884e-08
ERR6178937	4	oral	0.03100591	0.96795195	2.1243555e-05	0.0003024173	0.00071845594
ERR6178938	4	oral	2.3791367e-18	1.0	1.10871565e-26	3.5984694e-14	3.5100696e-25
ERR6178939	4	oral	3.3818965e-06	0.9999908	5.4448607e-10	5.7600632e-06	7.476308e-09
ERR6178940	4	oral	4.7066533e-06	0.9999953	6.1891833e-12	4.7108255e-11	3.382421e-10
ERR6178941	4	oral	2.1325573e-15	1.0	1.7217529e-22	4.152919e-10	1.8044351e-21
ERR6178942	4	oral	2.9661304e-10	0.9999996	5.2516225e-15	4.25967e-07	1.1942404e-13
ERR6178943	4	oral	5.296402e-10	1.0	2.8349039e-15	3.5707659e-12	3.317571e-14
ERR6178944	4	oral	4.3634277e-06	0.9999956	3.1980882e-10	3.1456295e-08	6.0782166e-09
ERR6178945	4	oral	2.0351791e-07	0.99999815	1.1965383e-13	1.6573139e-06	8.582974e-12
ERR6178946	4	oral	8.046924e-06	0.99999064	7.656987e-11	1.2672419e-06	2.1330221e-08
ERR6178947	4	oral	0.001077506	0.9986513	1.3339196e-06	0.0001724811	9.738238e-05
ERR6178948	4	oral	1.8833776e-14	1.0	7.0185415e-23	1.1121884e-14	1.6433843e-21
ERR6178949	4	oral	1.3151279e-18	1.0	3.8490406e-26	2.226627e-10	4.943812e-25
ERR6178950	4	oral	2.1944735e-14	1.0	8.506474e-20	1.001479e-09	6.4193134e-19
ERR6178951	4	oral	4.2281704e-06	0.9997762	8.903226e-12	0.00021961326	1.0610124e-09
ERR6178952	4	oral	0.00014947947	0.99898964	5.0107696e-09	0.00086061296	2.8325343e-07
ERR6178953	4	oral	1.8913296e-10	1.0	5.062906e-16	2.0405488e-10	1.1634235e-14
ERR6178954	4	oral	6.348374e-05	0.99990845	8.264301e-08	2.6532787e-05	1.4291722e-06
ERR6178955	4	oral	4.034597e-23	1.0	3.877294e-31	9.424603e-18	1.6253922e-30
ERR6178956	4	oral	6.808321e-09	0.99999994	5.3425233e-13	3.0183774e-08	4.000053e-12
ERR6178957	4	oral	0.003645457	0.9924663	3.932936e-05	0.0034720562	0.00037691472
ERR6178958	4	oral	1.2360044e-22	1.0	9.515596e-30	5.082266e-17	3.6231515e-29
ERR6178959	4	oral	2.1682209e-24	1.0	2.568313e-33	2.9130727e-17	1.9335228e-32
ERR6178960	4	oral	1.1410586e-24	1.0	7.936452e-34	8.376191e-18	3.783143e-33
ERR6178961	4	oral	2.852137e-23	1.0	4.815317e-30	1.9689148e-13	4.0314104e-29
ERR6178962	4	oral	2.978649e-18	1.0	8.690225e-24	1.6498101e-10	1.6616422e-22
ERR6178963	4	oral	3.2387148e-21	1.0	4.692884e-28	3.8600692e-11	2.978295e-27
ERR6178964	4	oral	2.4122732e-10	0.99999917	1.2125328e-13	8.221285e-07	1.3823393e-12
ERR6178965	4	oral	2.5832535e-20	1.0	1.3182755e-27	4.5898474e-10	8.215779e-27
ERR6178966	4	oral	1.5913898e-23	1.0	4.1864667e-31	3.678639e-13	1.2701983e-30
ERR6178967	4	oral	1.0199616e-21	1.0	3.3854218e-28	1.8145146e-15	2.1927386e-27
ERR6178968	4	oral	1.1898961e-19	1.0	1.7721492e-26	3.7459671e-10	1.531195e-25
ERR6178969	4	oral	8.5367124e-17	1.0	1.8043059e-22	1.07057176e-10	1.8731658e-21
ERR6178970	4	oral	3.4088368e-20	1.0	1.7599091e-26	1.8774121e-14	8.1197675e-26
ERR6178971	4	oral	2.3388494e-10	1.0	4.468529e-13	1.340129e-08	3.4613614e-12
ERR6178972	4	oral	5.218576e-22	1.0	1.365838e-28	1.5740023e-15	8.280877e-28
ERR6178973	4	oral	1.5444597e-13	1.0	3.6655096e-17	2.5928146e-12	2.166025e-16
ERR6178974	4	oral	1.3474898e-22	1.0	3.3328353e-30	1.9275014e-16	1.26192046e-29
ERR6178975	4	oral	3.055893e-12	0.99999994	1.023141e-19	3.9627018e-08	2.86286e-17
ERR6178976	4	oral	1.6248571e-06	0.9999338	5.510642e-11	6.461148e-05	2.821832e-09
ERR6178977	4	oral	7.974862e-21	1.0	3.3745424e-27	1.218742e-13	1.25207964e-26
ERR6178978	4	oral	6.3146673e-21	1.0	2.4717834e-27	5.5102963e-14	1.6875397e-26
ERR6178979	4	oral	2.805691e-14	1.0	3.126962e-18	5.7475715e-11	2.9259383e-17
ERR6178980	4	oral	2.7041774e-14	1.0	4.217634e-21	1.9466504e-09	2.7643308e-19
ERR6178981	4	oral	3.2238145e-10	0.99999976	1.2590254e-15	2.6276797e-07	1.096399e-13
ERR6178982	4	oral	4.636204e-18	1.0	1.1089637e-23	1.780235e-11	9.4486585e-23
ERR6178983	4	oral	1.0222347e-08	0.99999917	7.603166e-11	8.3918076e-07	6.326547e-10
ERR6178984	4	oral	3.0783537e-21	1.0	4.851564e-27	7.970266e-17	7.802766e-27
ERR6178985	4	oral	1.353833e-09	0.9999993	5.0044295e-15	7.0440575e-07	1.501417e-12
ERR6178986	4	oral	1.412618e-06	0.9999776	2.3447286e-09	2.0794658e-05	2.2166019e-07
ERR6178987	4	oral	1.1084334e-23	1.0	1.9741976e-31	2.8458293e-16	4.910118e-31
ERR6178988	4	oral	6.270828e-18	1.0	7.1111507e-23	6.6561286e-14	2.0131131e-22
SRR4047197	4	plant tissue	0.0031701515	0.0017295912	0.9937341	0.0012843008	8.180674e-05
SRR4047199	4	plant tissue	0.003319559	0.0018033393	0.99353987	0.001262529	7.4729964e-05
SRR4047201	4	plant tissue	0.005935451	0.0027394737	0.9889431	0.0022546665	0.00012732812
SRR4047203	4	plant tissue	0.009494076	0.0035199295	0.98344606	0.0033837254	0.00015623408
SRR4047207	4	plant tissue	0.0030440285	0.0015581113	0.99413645	0.0011944486	6.694457e-05
SRR4047214	4	plant tissue	0.004059891	0.0010032733	0.9937542	0.001109913	7.270962e-05
SRR4047219	4	plant tissue	0.0152517855	0.0054539978	0.9740602	0.004949153	0.00028485883
SRR4047221	4	plant tissue	0.28502706	0.06521678	0.5476355	0.096604384	0.0055162907
SRR4047223	4	plant tissue	0.025443371	0.009353108	0.95507807	0.009587031	0.0005384497
SRR4047225	4	plant tissue	0.107988715	0.03628841	0.8026242	0.050281066	0.0028175807
SRR4047228	4	plant tissue	0.008440167	0.005570693	0.9816904	0.0039939736	0.00030473687
SRR5047040	4	oral	0.020336159	0.1369122	0.0011715408	0.8398382	0.0017418913
SRR5047041	4	oral	0.0225007	0.07688751	0.0011422219	0.8960588	0.00341078
SRR5047042	4	oral	0.002795211	0.0015522053	1.303856e-06	0.99565125	2.5309971e-08
SRR5047043	4	oral	0.02307845	0.070820875	0.0020001729	0.89243287	0.011667664
SRR5047044	4	oral	0.083681755	0.26015228	0.0010147304	0.6549106	0.00024059221
SRR5047045	4	oral	0.0021373574	0.014638263	1.4329051e-05	0.98320985	1.9623738e-07
SRR5047046	4	oral	0.0025886772	0.03479597	0.00013859545	0.9624548	2.1986018e-05
SRR5047047	4	oral	0.0014498981	0.006829704	5.479899e-06	0.9917144	4.7426676e-07
SRR5047048	4	oral	0.021164298	0.057005633	1.596578e-05	0.9218139	2.1650511e-07
SRR5047049	4	oral	0.003773172	0.0028501132	1.6206818e-06	0.99337506	2.2873255e-08
SRR5047050	4	oral	0.0032437176	0.03793765	0.00051408936	0.9554661	0.0028384677
SRR5047051	4	oral	0.018875984	0.037814412	0.0017368876	0.9271405	0.014432247
SRR5047052	4	oral	0.025056819	0.09099702	0.0027202165	0.852494	0.028731948
SRR5047053	4	oral	0.0026333681	0.038506534	2.8848352e-05	0.95882934	1.9088293e-06
SRR5047054	4	oral	0.054996856	0.15005179	0.0033516975	0.704588	0.08701166
SRR5047055	4	oral	0.16992928	0.26217866	0.007769408	0.46567675	0.0944459
SRR5047056	4	oral	0.010906702	0.048966993	0.0014999638	0.92838055	0.01024579
SRR5047057	4	oral	0.010302226	0.017782921	4.2645243e-05	0.9718712	1.0204568e-06
SRR5047058	4	oral	0.0077790776	0.005876493	3.885825e-06	0.98634046	6.445398e-08
SRR5047059	4	oral	0.012273911	0.0066758273	5.414578e-06	0.98104435	4.7223259e-07
SRR5047060	4	oral	0.023364926	0.1731814	0.00025759573	0.80300033	0.00019576207
SRR5047061	4	oral	0.00648232	0.0037174036	3.1084141e-06	0.9897971	2.3996062e-08
SRR5047062	4	oral	0.0018686183	0.02692833	8.769783e-05	0.9711003	1.5098876e-05
SRR5047063	4	oral	3.9539444e-10	0.9999999	3.547581e-16	9.388155e-08	5.2909915e-19
SRR5047064	4	oral	0.09265278	0.113467336	0.0028695012	0.7703378	0.020672582
SRR5047065	4	oral	0.0023467196	0.0074119153	4.9002524e-06	0.9902364	4.4286868e-08
SRR5047066	4	oral	0.0117317345	0.032416947	0.0011678464	0.94811165	0.0065718475
SRR5047067	4	oral	0.0126148695	0.020478856	5.2682453e-06	0.96690094	4.8159173e-08
SRR5047068	4	oral	0.00695964	0.009927236	4.2513793e-06	0.9831088	4.7004413e-08
SRR5047069	4	oral	0.0012387703	0.08583288	2.6259902e-05	0.9128713	3.078272e-05
SRR5047070	4	oral	0.018430818	0.013894834	6.3064e-06	0.967668	4.7357986e-08
SRR5047071	4	oral	0.0037602282	0.006084797	3.9631072e-06	0.990151	3.7439566e-08
SRR5047072	4	oral	0.0022441559	0.054803558	2.2250357e-05	0.94292927	7.4849896e-07
SRR5047073	4	oral	0.0019305281	0.0018009262	1.2168517e-06	0.9962673	3.2663213e-08
SRR5047074	4	oral	0.0066282097	0.030981272	0.00073981355	0.95964813	0.0020025636
SRR5047075	4	oral	0.020929204	0.089804076	0.00020274635	0.8889548	0.00010913631
SRR5047076	4	oral	0.03817892	0.23280469	0.0028369012	0.7133777	0.012801761
SRR5047077	4	oral	0.020513302	0.058089435	0.00013888863	0.92124885	9.539892e-06
SRR5047078	4	oral	0.05771813	0.20626947	0.00403804	0.6828301	0.049144287
SRR5047079	4	oral	0.0025378433	0.0017255546	1.3138155e-06	0.9957353	2.398824e-08
SRR5047080	4	oral	0.046370577	0.1325438	0.002247663	0.81099075	0.007847219
SRR5047081	4	oral	0.00058447476	0.0028993927	6.0822777e-07	0.9965155	2.3880435e-09
SRR5047082	4	oral	0.031766392	0.17271698	0.0028823568	0.7487089	0.043925352
SRR5047083	4	oral	0.010450308	0.038568854	0.0001709374	0.95079243	1.7457154e-05
SRR5047084	4	oral	0.10187221	0.2037685	0.005358933	0.6390479	0.04995242
SRR5047085	4	oral	0.025995106	0.12147536	0.00015774595	0.8523633	8.512287e-06
SRR5047086	4	oral	0.054556794	0.106294334	0.0036195235	0.8035742	0.03195512
SRR5047087	4	oral	0.012939133	0.075579174	0.001787072	0.88195413	0.027740482
SRR5047088	4	oral	0.0016196404	0.0025106864	8.6898945e-07	0.9958688	1.2890228e-08
SRR5047089	4	oral	0.00037569331	0.001198882	5.5483395e-07	0.9984249	8.4870955e-09
SRR5047090	4	oral	0.003866399	0.016290246	2.8891775e-06	0.97984046	2.1438215e-08
SRR5047091	4	oral	0.00695532	0.005422823	3.442481e-06	0.9876184	3.3616473e-08
SRR5047092	4	oral	0.08596105	0.06463617	0.0054263244	0.1446268	0.69934964
SRR5047093	4	oral	0.033623163	0.064272515	9.116361e-05	0.90200704	6.092934e-06
SRR5047094	4	oral	0.009412626	0.018503021	9.2054215e-06	0.97207505	1.0208218e-07
SRR5047095	4	oral	0.0073587243	0.063466914	0.000831938	0.92540294	0.0029394752
SRR5047096	4	oral	0.008102163	0.08576662	0.0003473113	0.90540904	0.00037486435
SRR5047097	4	oral	0.022593634	0.06653151	7.0355716e-05	0.9108008	3.67442e-06
SRR5047098	4	oral	0.0008421244	0.0034650906	1.3212963e-06	0.9956914	3.2111448e-08
SRR5047099	4	oral	0.010827237	0.09001491	0.0013500879	0.8823274	0.015480394
SRR5047100	4	oral	0.005141441	0.06327102	0.00038934647	0.9309108	0.00028734762
SRR5047101	4	oral	0.0707069	0.0969985	0.004168742	0.7635005	0.06462537
SRR5047102	4	oral	0.043584067	0.12172285	0.0029392983	0.8104593	0.021294493
SRR5047103	4	oral	0.15275246	0.24761271	0.0070369714	0.5146511	0.077946715
SRR5047104	4	oral	0.008311567	0.29796016	0.0002141043	0.69317317	0.00034101494
SRR5047105	4	oral	0.0034179469	0.065000705	0.00031157458	0.93070513	0.00056465913
SRR5047106	4	oral	0.0025937567	0.0035923824	3.3381286e-06	0.9938105	2.2753815e-08
SRR5047107	4	oral	0.0072453255	0.10767933	0.0004510824	0.88167816	0.002946076
SRR5047108	4	oral	0.0034951668	0.049952935	3.0004555e-06	0.9465489	2.831477e-08
SRR5047109	4	oral	0.0027569036	0.004595834	2.1633107e-06	0.992645	7.94243e-08
SRR5047110	4	oral	0.007680482	0.10426884	0.0007305636	0.8852615	0.0020586227
SRR5047111	4	oral	0.007329463	0.9912229	1.218997e-05	0.0009265145	0.0005088976
SRR5047112	4	oral	0.16218631	0.26056555	0.0075090807	0.48026416	0.0894749
SRR5047113	4	oral	0.0043760277	0.039621897	1.8926919e-06	0.95600015	9.558533e-09
SRR5047114	4	oral	0.007659958	0.06671334	0.00074956095	0.92337126	0.0015059095
SRR5047115	4	oral	0.05625457	0.032325145	1.52470175e-05	0.91140485	1.9415674e-07
SRR5047116	4	oral	0.0026250905	0.0022540556	1.622681e-06	0.9951192	1.1587353e-08
SRR5047117	4	oral	0.011012586	0.05982842	0.0011750286	0.9206616	0.007322335
SRR5047118	4	oral	0.028713305	0.010571954	6.596947e-06	0.9607081	5.7728077e-08
SRR5047119	4	oral	0.042438988	0.12578255	5.4366163e-05	0.83172226	1.8187136e-06
SRR5047120	4	oral	0.01324752	0.108670965	0.0016436882	0.86790377	0.008534052
SRR5047121	4	oral	0.0011533969	0.0031615924	7.8450347e-07	0.9956842	9.047914e-09
SRR5047122	4	oral	0.008979627	0.011009691	3.4401523e-06	0.98000723	3.1138462e-08
SRR5047123	4	oral	0.0056450022	0.014817966	4.9843356e-06	0.97953147	5.6868964e-07
SRR5047124	4	oral	0.11572158	0.12355231	2.3742676e-05	0.7606993	3.1089614e-06
SRR5047125	4	oral	5.8111925e-11	0.99998933	2.3207694e-18	1.0664958e-05	8.295919e-20
SRR5047126	4	oral	0.020925911	0.059011348	0.0020134929	0.89927286	0.018776381
SRR5047127	4	oral	0.0005934448	0.66164654	3.0319214e-08	0.33775997	4.252165e-10
SRR5047128	4	oral	0.037271272	0.0042173048	9.490766e-06	0.958501	9.351372e-07
SRR5047129	4	oral	0.1463949	0.08931641	0.00016764125	0.7640737	4.730657e-05
SRR5047130	4	oral	0.04537463	0.24574432	0.0032670305	0.68569094	0.019923082
SRR5047131	4	oral	0.0073050815	0.16478111	0.0011108338	0.8145911	0.012211897
SRR5047132	4	oral	0.058966216	0.12772349	0.00015583493	0.8131468	7.653227e-06
SRR5047133	4	oral	0.013648933	0.06269859	0.00079367496	0.9219329	0.0009259066
SRR5047134	4	oral	0.01053796	0.034692824	0.0010861475	0.94816244	0.005520609
SRR5047135	4	oral	0.005692366	0.07549961	0.00019497509	0.9185274	8.560503e-05
SRR5047136	4	oral	0.07574812	0.14931509	0.006270654	0.27894416	0.48972198
SRR5047137	4	oral	0.0040496048	0.009812501	3.079116e-05	0.986106	1.1425503e-06
SRR5047138	4	oral	0.013708187	0.006109201	3.372104e-06	0.9801792	2.3595913e-08
SRR5047139	4	oral	0.08921871	0.14967826	0.0053097974	0.70574987	0.050043363
SRR5047140	4	oral	0.007035488	0.06279865	0.00017515694	0.92995805	3.2658732e-05
SRR5047141	4	oral	0.0096873315	0.021089861	2.104121e-05	0.9692014	3.6181376e-07
SRR5047142	4	oral	0.004869917	0.2851197	0.00018251706	0.70978194	4.5931716e-05
SRR5047143	4	oral	0.014805339	0.10021088	0.0013616142	0.88029087	0.0033312766
SRR5047144	4	oral	2.2421673e-05	0.974516	5.181551e-12	0.025461618	4.0345385e-14
SRR5047145	4	oral	0.05439235	0.10000554	0.0034198	0.8119876	0.030194726
SRR5047146	4	oral	0.01677386	0.011277521	5.1070633e-06	0.9719435	3.1443456e-08
SRR5047147	4	oral	0.00788704	0.041941203	0.0006209753	0.9488509	0.00069984864
SRR5047148	4	oral	0.014648787	0.049064327	0.0015077333	0.9225754	0.012203738
SRR5047149	4	oral	0.021820966	0.08886557	0.0010161429	0.8872896	0.0010077127
SRR5047150	4	oral	0.022748303	0.16929522	0.0021778126	0.79226965	0.013509039
SRR5047151	4	oral	0.003370382	0.0059815375	1.8510409e-06	0.99064624	8.315111e-09
SRR5047152	4	oral	0.004294821	0.0011637316	1.2958518e-06	0.99454015	1.4823742e-08
SRR5047153	4	oral	0.0037950287	0.008105096	2.4454025e-06	0.98809737	3.548004e-08
SRR5047154	4	oral	0.00016314263	0.96348405	9.0258057e-10	0.03635282	4.6639078e-11
SRR5047155	4	oral	0.0043939212	0.0058575724	2.9192342e-06	0.98974556	3.9029548e-08
SRR5047156	4	oral	0.01572924	0.05500128	0.0006047978	0.9280683	0.0005963918
SRR5047157	4	oral	0.02896423	0.07356255	0.0026156958	0.871237	0.023620572
SRR5047158	4	oral	0.027091376	0.06960097	0.0027196938	0.8790558	0.021532156
SRR5047159	4	oral	0.00032732286	0.9990626	5.383692e-07	0.0006085782	9.752852e-07
SRR5047160	4	oral	0.061954085	0.09163921	0.0060583293	0.48683468	0.3535137
SRR5047161	4	oral	0.0038951933	0.006497661	2.90581e-05	0.98957664	1.4779563e-06
SRR5047162	4	oral	0.001669946	0.011217764	3.6764693e-06	0.9871086	4.5601798e-08
SRR5047163	4	oral	0.0054663243	0.022005169	6.2477164e-05	0.9724623	3.7576247e-06
SRR5047164	4	oral	0.10861915	0.2564265	0.0008678496	0.6337226	0.0003638736
SRR5047165	4	oral	0.02094052	0.0624065	0.00051951373	0.9159049	0.00022859128
SRR5047166	4	oral	0.051600203	0.112982996	0.00037717173	0.8349629	7.674439e-05
SRR5047167	4	oral	0.014130945	0.6812444	0.00035356721	0.3040507	0.00022041162
SRR5047168	4	oral	0.0057809516	0.22418892	5.751322e-07	0.77002954	1.8397953e-08
SRR5047169	4	oral	0.011184183	0.120102555	0.0006073118	0.8677003	0.0004056861
SRR5047170	4	oral	0.0040319045	0.016137965	2.624085e-06	0.97982746	1.7064664e-08
SRR5047171	4	oral	0.0030129533	0.015214904	0.00060131005	0.9666221	0.014548694
SRR5047172	4	oral	0.0088353995	0.045335013	7.5640614e-06	0.945822	5.181649e-08
SRR5047173	4	oral	0.014899579	0.12310741	0.0008542045	0.860178	0.0009608338
SRR5047174	4	oral	0.027176494	0.43076456	0.001411817	0.53069466	0.00995243
SRR5047175	4	oral	0.13956645	0.26564568	0.0074942037	0.5005673	0.086726345
SRR5047176	4	oral	0.07321738	0.20074391	0.0026492914	0.71840495	0.0049844794
SRR5047177	4	oral	0.003922304	0.0071712662	2.388933e-06	0.988904	1.7199659e-08
SRR5047178	4	oral	0.00505404	0.012458915	1.0804721e-05	0.98247606	2.085853e-07
SRR5047179	4	oral	0.001495111	0.0054218746	1.2511293e-06	0.99308175	8.211799e-09
SRR5047180	4	oral	0.000376881	0.04394007	9.816395e-09	0.95568305	6.451473e-11
SRR5047181	4	oral	0.042297732	0.04320117	0.0069569554	0.9075428	1.3297665e-06
SRR5047182	4	oral	0.0053031663	0.010284809	1.8854087e-06	0.9844101	1.2493339e-08
SRR5047183	4	oral	0.041732535	0.05406376	1.2815873e-05	0.90419036	5.3777626e-07
SRR5047184	4	oral	0.0002717155	0.00025884932	2.8903355e-07	0.99946916	9.337914e-09
SRR5047185	4	oral	0.015828952	0.019955482	9.7585435e-06	0.96420574	5.786962e-08
SRR5047186	4	oral	0.0069004684	0.024181465	8.064085e-06	0.9689099	1.0877642e-07
SRR5047187	4	oral	0.007870802	0.013319219	5.839715e-05	0.978748	3.5313226e-06
SRR5047188	4	oral	2.5182595e-07	0.9993651	9.691135e-13	0.0006346821	5.4546004e-15
SRR5047189	4	oral	0.0024826631	0.039192412	1.7884962e-05	0.9583067	3.1206926e-07
SRR5047190	4	oral	0.004238228	0.006453412	2.7523258e-06	0.98930544	1.4210073e-07
SRR5047191	4	oral	0.0066964943	0.010452891	8.7649705e-06	0.98284173	1.07899005e-07
SRR5047192	4	oral	0.16340238	0.25184876	0.0076182126	0.48776937	0.08936129
SRR5047193	4	oral	0.011010789	0.051273856	1.20588575e-05	0.93770325	6.1653516e-08
SRR5047194	4	oral	4.2607805e-08	0.9964215	9.806059e-14	0.0035784482	1.051685e-14
SRR5047195	4	oral	0.03195805	0.011668096	1.4653752e-05	0.95635885	3.4137878e-07
SRR5047196	4	oral	0.029218173	0.04994823	0.001731483	0.907536	0.011566144
SRR5047197	4	oral	0.010624688	0.005633396	3.1283482e-06	0.9837388	2.3907582e-08
SRR5047198	4	oral	0.011439737	0.086258665	0.00010245161	0.90219504	4.1138796e-06
SRR5047199	4	oral	0.023427512	0.039982226	0.0017550624	0.9208244	0.01401082
SRR5047200	4	oral	0.002068458	0.1365105	5.0593445e-07	0.8614205	4.425227e-09
SRR5047201	4	oral	0.015633913	0.0686907	0.0004963376	0.9148863	0.00029274472
SRR5047202	4	oral	0.011193423	0.06757982	0.0011955252	0.9085182	0.011513019
SRR5047203	4	oral	0.047698718	0.102359444	0.003488767	0.81462413	0.03182896
SRR5047204	4	oral	0.023063866	0.05730516	0.0020959468	0.8977082	0.019826833
SRR866660	4	skeletal tissue	0.009630601	0.041186802	0.0016793046	0.9474733	3.0029862e-05
SRR866662	4	skeletal tissue	0.0024391734	0.08462648	0.00031446735	0.9112759	0.0013439823
SRR866663	4	skeletal tissue	0.07548678	0.3454119	0.0023394092	0.5694987	0.007263183
SRR866665	4	skeletal tissue	0.005918009	0.052685685	1.2841624e-05	0.9413834	2.7034858e-08
SRR866666	4	skeletal tissue	0.00549192	0.055734377	0.0008922587	0.92531216	0.012569268
SRR867031	4	skeletal tissue	0.1152005	0.17842136	0.006023446	0.6331071	0.06724756
SRR867032	4	skeletal tissue	0.10366932	0.16655996	0.0055675316	0.66236037	0.061842833
SRR867033	4	skeletal tissue	0.13643757	0.20966227	0.0066533373	0.5702341	0.07701272
SRR867034	4	skeletal tissue	0.1298713	0.2010267	0.0065122037	0.5895113	0.07307855
SRR867036	4	skeletal tissue	0.09823878	0.16179366	0.0055476143	0.68620044	0.048219483
SRR867037	4	skeletal tissue	0.08248536	0.14848737	0.0049166935	0.7192052	0.04490538
SRR867038	4	skeletal tissue	0.13459584	0.21438123	0.006582246	0.5746811	0.06975957
SRR867039	4	skeletal tissue	0.09361706	0.1709681	0.005504537	0.6772209	0.052689433
