Run_accession	fold	y_true	p_bone	p_dental calculus	p_digestive tract contents	p_intestine	p_lake sediment	p_leaf	p_marine sediment	p_midden	p_muscle tissue	p_palaeofaeces	p_permafrost	p_sediment	p_shell	p_soil	p_tooth	p_unknown
ERR13950600	0	lake sediment	3.6788148e-05	0.0017406412	0.0007074615	0.007327022	0.64399725	0.07338319	0.00037182053	0.014808338	0.0004980871	6.517034e-05	0.25394678	0.0022950186	2.326705e-06	0.0007856711	3.392484e-05	5.0791687e-07
ERR13950601	0	lake sediment	0.0001206912	0.0010658769	0.0008586636	0.0050808713	0.49809232	0.06914848	0.00037393317	0.007093374	0.00033538343	0.00010390947	0.4028565	0.013810062	1.5346506e-05	0.0010168401	2.7576858e-05	1.7198674e-07
ERR13950606	0	lake sediment	1.063196e-05	0.00025598987	0.0012812878	8.727956e-05	0.69162923	0.003360577	0.020588944	0.008149379	5.247261e-05	4.8416096e-05	0.21075283	0.062965095	6.0451308e-05	0.0007522745	1.6229261e-06	3.4963161e-06
ERR13950607	0	lake sediment	1.1661904e-05	0.00017495223	0.0002911513	0.00014783771	0.414927	0.0038701089	0.0036723178	0.0044500073	7.2454575e-05	2.0820642e-05	0.556092	0.015870698	6.4406986e-06	0.0003899682	1.1571848e-06	1.3879052e-06
ERR13950608	0	lake sediment	2.924024e-06	8.402717e-05	0.00013178187	7.884494e-05	0.8876515	0.0024141879	0.0060474104	0.003930119	7.178646e-05	1.0825706e-05	0.09132072	0.007860787	1.1959253e-05	0.00038208347	4.3399058e-07	6.158918e-07
ERR13950609	0	lake sediment	0.00017355615	0.00040704737	0.00030649005	0.000625064	0.31039017	0.0010950691	0.0060966043	0.046456907	0.00085911556	5.667263e-05	0.57234144	0.057320144	2.1381502e-05	0.0038353142	1.4151892e-05	8.9433905e-07
ERR13950611	0	lake sediment	5.2458017e-05	0.0016747629	0.00067174353	0.008268551	0.6590698	0.13330355	0.0006126552	0.008948903	0.00042186186	0.00017522713	0.18377794	0.0022483768	2.010993e-06	0.0007589999	1.2727998e-05	4.65354e-07
ERR13950612	0	lake sediment	2.2779903e-05	0.0005086275	0.00018960238	0.00056816934	0.8037022	0.008202333	0.0007103088	0.018617678	0.00023055662	4.5589837e-05	0.16389108	0.0023782882	1.9825302e-06	0.0009208442	9.620864e-06	3.9498644e-07
ERR13950613	0	lake sediment	7.462377e-05	0.00067477673	0.0014280609	0.0010406851	0.40996227	0.09074929	0.00083877414	0.0021713723	8.813331e-05	6.939822e-05	0.48841864	0.0038891009	1.044166e-05	0.0005750723	8.399494e-06	9.63786e-07
ERR13950614	0	lake sediment	2.1621647e-05	0.00040933344	0.00061300385	0.0005366197	0.4754202	0.021024626	0.0020391408	0.015050343	5.8930633e-05	3.9517316e-05	0.47734043	0.0065053836	1.2015504e-05	0.00092022185	6.426067e-06	2.1840024e-06
ERR13950615	0	lake sediment	1.1848716e-05	0.0001928372	0.00033556417	0.0002358084	0.69477373	0.0004147669	0.101411805	0.0060281316	0.00018034509	2.9577186e-05	0.16283573	0.03246391	0.00022775099	0.00083556224	1.4851314e-05	7.80473e-06
ERR13950620	0	lake sediment	0.00023243262	0.0008263462	1.8426e-05	0.0055728937	0.9603363	0.008474251	1.5957146e-05	0.0061435318	2.7165566e-05	8.79998e-05	0.014628987	0.0028729865	2.579175e-07	0.00059777405	0.00016466234	2.793738e-10
ERR13950621	0	lake sediment	7.071063e-05	0.0003833743	0.00039681798	0.00010154383	0.78470194	0.0006987901	0.0057235146	0.047996737	9.2258204e-05	4.992158e-05	0.1349623	0.022517912	0.00015268127	0.0020733525	5.420576e-05	2.3945326e-05
ERR13950622	0	lake sediment	1.4131519e-05	0.00017864682	0.0004627782	8.815326e-05	0.9325556	7.412187e-05	0.0068155946	0.0024771905	0.000115198745	3.329968e-05	0.027262386	0.028896682	0.0002981112	0.00068675657	1.7360007e-05	2.3952356e-05
ERR13950623	0	lake sediment	2.4804574e-05	0.0002290666	0.00080017664	0.0002423861	0.7566224	0.00067243923	0.022732075	0.013740343	0.00037807913	7.529694e-05	0.11507372	0.08811245	0.00026731822	0.0010072025	1.0521763e-05	1.1739431e-05
ERR13950624	0	lake sediment	1.2088639e-05	0.00019548066	0.0005856844	0.00023850282	0.52817464	0.00029444898	0.064132795	0.01062813	0.00049432664	6.770507e-05	0.34470716	0.048529845	0.00020608594	0.0017112766	7.835689e-06	1.39998365e-05
ERR13950625	0	lake sediment	1.2577929e-05	0.00030798552	0.00043229837	0.001287472	0.90386873	0.00024392235	0.014165354	0.018562974	0.0018260081	4.4325385e-05	0.040712412	0.017431779	3.834775e-05	0.0010550643	2.9988037e-06	7.74769e-06
ERR13950627	0	lake sediment	2.0434447e-05	0.00035238822	0.00042359883	0.00037421365	0.53406113	0.009272534	0.002418976	0.02044447	0.000117035604	3.9010847e-05	0.41952997	0.011791238	1.3459731e-05	0.0011295443	1.03200655e-05	1.6631202e-06
ERR13950628	0	lake sediment	5.808288e-05	0.0007863665	0.00013678563	0.0007127601	0.81584996	0.016570926	0.00022681378	0.0070163575	0.000119413206	2.699003e-05	0.15166536	0.0055661704	4.749366e-06	0.001199491	5.9638216e-05	1.1036049e-07
ERR13950629	0	lake sediment	1.5718533e-05	0.00026357634	0.00041015982	5.8707275e-05	0.73609936	0.0059865965	0.012316487	0.011939856	7.252096e-05	2.9705849e-05	0.12528418	0.10659367	5.781365e-05	0.00086605316	1.4334705e-06	4.1903395e-06
ERR13950630	0	lake sediment	2.4232233e-05	0.000245103	0.0014741715	0.00012514372	0.6686664	0.0019314582	0.018971926	0.005203358	8.075598e-05	7.41653e-05	0.16523997	0.1368499	0.0001709492	0.00092856114	6.5310796e-06	7.3357764e-06
ERR13950631	0	lake sediment	5.4085285e-06	0.00021993894	0.00029463644	0.00036531367	0.91066456	0.003073443	0.014748216	0.017780958	0.00020520712	5.1393377e-05	0.027155096	0.024565991	8.9552195e-06	0.0008559761	1.4522706e-06	3.4704867e-06
ERR13950632	0	lake sediment	6.1182805e-06	0.00021418238	0.00017464867	0.00021109747	0.93744504	0.0017109545	0.0034416548	0.010049184	0.00016384563	2.8598155e-05	0.024871448	0.021247234	5.916689e-06	0.00042077142	1.6981463e-06	7.606473e-06
ERR13950633	0	lake sediment	9.29276e-06	0.000102212885	0.00025419917	5.579517e-05	0.53213507	0.0016846217	0.009213941	0.0055871936	7.989968e-05	2.4737483e-05	0.42687765	0.023406712	5.469291e-06	0.00055928406	5.2382126e-07	3.389713e-06
ERR13950634	0	lake sediment	2.553753e-05	0.00027658223	0.00039223957	0.00016766899	0.5071325	0.0069136205	0.0034881665	0.0073338593	9.2005794e-05	1.9769222e-05	0.44246608	0.030946793	2.280837e-05	0.0007186534	1.9886431e-06	1.768279e-06
ERR13950635	0	lake sediment	6.108028e-06	0.00020372645	0.0004111553	0.00012973115	0.88678443	0.0051130154	0.017425347	0.0041481014	0.00016325878	2.0170854e-05	0.059720423	0.025309978	4.8810656e-05	0.00051121047	2.1673002e-06	2.3805287e-06
ERR13950637	0	lake sediment	5.006872e-05	0.00077980536	0.0015351952	0.0006117301	0.47108316	0.10801303	0.00057472463	0.0032487886	0.0001215773	6.634591e-05	0.38464588	0.028722735	2.3152175e-05	0.00051667955	2.718838e-06	4.433221e-06
ERR13950638	0	lake sediment	0.000103335	0.0006660037	0.00092786615	0.0012786313	0.17135777	0.11966742	0.000287489	0.0018406492	7.022593e-05	3.515255e-05	0.6990799	0.0042894008	4.430361e-06	0.0003834419	7.5536263e-06	7.4334105e-07
ERR13950639	0	lake sediment	0.00041423293	0.0011158382	0.0022272365	0.00017381563	0.6201983	0.0022152616	0.007838539	0.069340624	0.00019588585	0.000119053206	0.2227488	0.06886229	0.0006836027	0.0036797065	0.000116405776	7.0391274e-05
ERR13950640	0	lake sediment	4.7877224e-05	0.0008103352	0.0006673457	0.00035597035	0.82039917	0.00035077395	0.043853324	0.014677071	0.00030216138	9.568567e-05	0.065026626	0.050439365	0.0009551565	0.0019298728	5.5334098e-05	3.3941385e-05
ERR13950641	0	lake sediment	7.340551e-05	0.00060955767	0.00040247093	0.00022006953	0.88691115	0.00011790247	0.020954935	0.0049349987	0.000303642	6.0576862e-05	0.013344715	0.06948604	0.0011507833	0.001236295	0.00010773477	8.573615e-05
ERR13950642	0	lake sediment	2.445941e-05	0.00022599417	0.00031043595	0.00013480894	0.93201226	0.0001283108	0.0070375134	0.0021534627	0.0001474845	4.6630325e-05	0.013857196	0.041711714	0.0014588493	0.0006899509	2.766836e-05	3.3268116e-05
ERR13950643	0	lake sediment	2.9185334e-05	0.0002184634	0.00049512653	0.00019647232	0.8333225	0.00020456211	0.038219757	0.00428123	0.00020859926	7.885946e-05	0.041060913	0.080203496	0.00053382636	0.0009182856	1.8534709e-05	1.0136678e-05
ERR13950644	0	lake sediment	8.758247e-05	0.0005183692	0.0015999472	0.0005117151	0.7856887	0.000116633295	0.083257854	0.003584303	0.00060978776	0.00014200564	0.04081994	0.07999433	0.001825611	0.0011467303	4.345364e-05	5.3022115e-05
ERR13950646	0	lake sediment	1.0926608e-05	0.00011648304	0.00040890527	0.00021654423	0.8661088	0.00034630296	0.020298757	0.0031563204	0.0001629707	3.8565606e-05	0.029483506	0.07897752	0.00017748629	0.00048870954	2.611191e-06	5.602376e-06
ERR13950647	0	lake sediment	6.743522e-05	0.00040561042	0.0010687511	0.00019463437	0.4364818	0.0005414557	0.029960623	0.017035818	0.00020870192	7.146718e-05	0.16977793	0.34226674	0.0003763939	0.001503109	2.3739267e-05	1.5789003e-05
ERR13950648	0	lake sediment	8.58923e-05	0.00044807227	0.00043216592	0.00019139954	0.69417477	0.0006605684	0.027071297	0.021099646	0.00017643895	0.000109447006	0.046971437	0.2066907	0.00077813765	0.001064435	2.600017e-05	1.959464e-05
ERR13950649	0	lake sediment	3.119511e-05	0.00030136906	0.0015546945	0.00025336488	0.48693225	0.00031548404	0.09197234	0.014740516	0.000621107	8.896746e-05	0.3234019	0.07681093	0.00043482165	0.0025195263	8.634606e-06	1.2888031e-05
ERR13950650	0	lake sediment	9.207281e-06	0.0003072626	0.00032059665	0.0019040045	0.91406864	0.00030944886	0.014222731	0.015206822	0.002597575	0.00011229038	0.028885148	0.020223705	0.00033020016	0.0014802344	9.585758e-06	1.25274455e-05
ERR13950653	0	lake sediment	0.0021855321	0.005811347	0.00033783593	0.01830873	0.4635825	0.06489028	0.0008508117	0.03516458	0.00016254916	0.00056046294	0.39728752	0.0055886237	9.114706e-06	0.003285365	0.0019747699	1.5138761e-08
ERR13950654	0	lake sediment	0.00011817698	0.0007802747	7.2409875e-06	0.014624497	0.9567475	0.001900303	2.6989897e-05	0.017559355	0.0007933569	4.0584426e-05	0.006537036	0.0001814741	9.5359276e-08	0.00066532166	1.7808175e-05	4.0384793e-10
ERR13950655	0	lake sediment	0.0045768037	0.0058066994	0.0005083099	0.050001062	0.4698899	0.22248927	9.864034e-05	0.013336852	0.00033977185	0.00039379855	0.2289421	0.0014603522	1.3906994e-05	0.0016294164	0.0005130924	6.128319e-09
ERR13950658	0	lake sediment	2.0379632e-05	0.0002778171	0.00012559646	0.00036313914	0.56071526	0.0040416247	0.0048276167	0.01671203	0.00020848543	4.0415132e-05	0.34617472	0.065788545	1.5278172e-05	0.00068704924	1.587526e-06	4.3824352e-07
ERR13950659	0	lake sediment	2.849611e-05	0.0012497195	7.58532e-05	0.009641694	0.7200404	0.008795656	0.0010651096	0.026946321	0.0028599065	9.047804e-05	0.22225913	0.005224639	3.1632533e-06	0.0017081716	1.1183914e-05	7.6265984e-08
ERR13950660	0	lake sediment	1.141129e-05	0.0007400324	7.157763e-05	0.004592842	0.93136305	0.007700209	0.0031677368	0.012340985	0.0014501109	4.91857e-05	0.034262784	0.003516986	3.883777e-06	0.00071835757	1.0837396e-05	3.9405382e-08
ERR13950661	0	lake sediment	0.00018248976	0.0007332432	0.00064845046	0.0002092728	0.62423575	0.0120783085	0.007537819	0.0063107545	4.4409888e-05	5.7539142e-05	0.33861366	0.008066178	0.00010000336	0.0011776951	3.8725775e-06	5.3258117e-07
ERR13950662	0	lake sediment	0.00015052309	0.00050047983	9.467429e-05	0.00060353905	0.3796255	0.003476608	0.00044344555	0.0050897417	6.1706516e-05	2.3668723e-05	0.6067603	0.0012656986	2.920969e-06	0.0018258424	7.531639e-05	2.2575334e-08
ERR13950663	0	lake sediment	0.0002742634	0.0013533079	4.9565762e-05	0.0028495863	0.45439395	0.0029951658	0.0003923568	0.04404034	0.00021570812	5.5968103e-05	0.48288426	0.005588358	3.5701435e-06	0.0047547314	0.00014885532	1.5353468e-08
ERR13950664	0	lake sediment	0.0001941079	0.0010625039	0.0005372938	0.0022614398	0.6247754	0.040432606	0.0010826465	0.015013915	0.00021381491	5.17257e-05	0.30859524	0.004671067	1.5827312e-05	0.001081259	1.0783133e-05	3.7008365e-07
ERR13950665	0	lake sediment	2.643985e-05	0.0010436192	7.5779295e-05	0.013467023	0.90369976	0.038197186	7.3231764e-05	0.0068036355	0.0004995983	7.841257e-05	0.034525692	0.0011420439	2.429705e-06	0.00034603983	1.905639e-05	4.9954334e-08
ERR13950666	0	lake sediment	0.0018567981	0.004191802	0.00012602074	0.014468996	0.79699874	0.016462222	8.140046e-05	0.023063198	0.00031427995	0.00022719362	0.12763087	0.011199918	1.2708172e-06	0.002626286	0.00075099134	2.7913745e-09
ERR13950667	0	lake sediment	9.6836075e-06	0.00034134538	0.00020085026	0.00037374184	0.68138397	0.0037471708	0.0067998013	0.02170078	0.00022375368	7.0179034e-05	0.26268503	0.021497011	8.22458e-06	0.0009556515	1.5602894e-06	1.287544e-06
ERR13950668	0	lake sediment	3.324827e-05	0.00014571552	0.00019562959	0.00018131598	0.7777977	0.0015660198	0.0057015554	0.010400636	0.00020757205	2.9386549e-05	0.17789876	0.024545189	3.0645067e-05	0.0012639785	1.8004105e-06	8.728372e-07
ERR13950669	0	lake sediment	2.17941e-05	0.00018286741	0.00014821351	0.00014492247	0.71238494	0.0018541418	0.0038505474	0.010925084	0.00025285236	3.8140814e-05	0.2592124	0.009817757	1.6852384e-05	0.0011466704	1.9693289e-06	8.60995e-07
ERR13950670	0	lake sediment	3.556751e-05	0.00031324304	0.002314031	0.0001834434	0.51521236	0.006183961	0.056110483	0.013920485	0.0001508334	9.053027e-05	0.26638135	0.1374169	0.0003402868	0.0013257426	4.1797825e-06	1.6556003e-05
ERR13950671	0	lake sediment	6.81291e-05	0.00069921865	0.0015888249	0.00084407453	0.4813792	0.0011662362	0.045209613	0.023395723	0.0005689452	0.000102573904	0.35011473	0.09122277	0.0019762453	0.0015238215	7.413667e-05	6.574846e-05
ERR13950673	0	lake sediment	0.0003536401	0.0013615862	4.4091765e-05	0.006852946	0.8006876	0.0042026998	8.659985e-05	0.0203608	0.00016167217	0.00012806933	0.15923932	0.0032562066	1.9497206e-06	0.003006301	0.00025651278	2.792412e-09
ERR13950674	0	lake sediment	4.196782e-05	0.00038011125	0.00015807606	0.00044887987	0.46067545	0.0029406848	0.001879773	0.029480979	9.619215e-05	3.3219785e-05	0.49869362	0.0030550791	1.2628978e-05	0.002091562	1.1718653e-05	5.4793535e-08
ERR3579671	0	dental calculus	0.07794563	0.4480096	0.020075437	0.001664606	0.0021772003	0.0030825462	0.010175829	0.0035768799	0.00080197287	0.026464952	0.011350817	0.010142797	0.094816804	0.00085165486	0.24226882	0.046594452
ERR3579672	0	dental calculus	2.9724346e-08	0.9828977	6.8362315e-05	5.9559163e-08	9.706851e-08	9.9361216e-08	2.5335575e-07	5.598633e-07	1.0365898e-07	3.8783714e-05	6.5953014e-07	4.6719222e-07	1.9461158e-06	2.2334986e-07	0.016989008	1.6376196e-06
ERR3579673	0	dental calculus	1.1772544e-05	0.98700637	6.5226454e-06	3.0276801e-06	1.2328135e-07	1.36654315e-08	1.2791888e-08	4.8393276e-06	2.0680974e-07	1.37315665e-05	1.6549134e-07	4.0212126e-07	2.810556e-07	1.1609342e-06	0.01295139	4.1039258e-10
ERR3579674	0	dental calculus	0.002346886	0.48827875	4.281754e-05	0.00031842914	3.66334e-05	4.86399e-07	8.347968e-07	0.00011654128	4.2620988e-05	0.00020956954	4.3928235e-06	5.6946457e-05	6.0748384e-06	5.997121e-05	0.50847906	6.5295264e-10
ERR3579675	0	dental calculus	8.33272e-30	1.0	2.2425848e-11	7.999761e-22	9.896181e-21	2.6594067e-24	1.3231562e-21	2.5750467e-18	8.991788e-20	1.3416727e-15	6.510552e-21	3.50677e-19	4.0727547e-23	8.102587e-18	1.081674e-08	7.223977e-22
ERR3579676	0	dental calculus	0.056293175	0.8430304	0.009407845	0.0023010538	0.0009472396	0.0022070094	0.0016486516	0.0066619674	0.0003423992	0.021051079	0.0034431543	0.006367507	0.005656562	0.000961019	0.03893742	0.00074355694
ERR3579677	0	dental calculus	1.7561444e-05	0.9757388	0.0012104549	9.267481e-06	0.0003705081	1.0649484e-05	0.0005863429	5.891752e-05	2.3880126e-05	6.545057e-05	7.182208e-05	0.0008301152	7.183872e-05	2.5894706e-05	0.02078334	0.00012513128
ERR3579678	0	dental calculus	6.3331544e-07	0.9895965	0.00035071658	1.151454e-06	4.5071065e-05	9.172107e-07	6.8636866e-05	1.06766365e-05	3.088519e-06	8.161009e-06	6.6553785e-06	0.00010097714	6.7027977e-06	4.3528257e-06	0.00978133	1.445523e-05
ERR3579680	0	dental calculus	4.4276133e-13	0.99999887	8.3788336e-07	2.3323617e-08	4.9497304e-09	2.541686e-10	1.00210035e-10	6.9880265e-08	4.210705e-09	2.6959905e-08	1.7288773e-10	9.25634e-09	4.226005e-12	4.520443e-09	1.4734736e-07	6.883423e-13
ERR3579681	0	dental calculus	0.03903856	0.8408651	0.010870276	0.00454368	0.0028951713	0.0004071683	0.0065927147	0.0143087115	0.0006546714	0.026138471	0.007033084	0.028472215	0.007290873	0.00089128106	0.009838112	0.0001599426
ERR3579682	0	dental calculus	0.033204388	0.82202005	0.0063605797	0.0015025607	0.005348122	0.00060897885	0.0045148255	0.009012088	0.001693722	0.0060244687	0.0034444188	0.05465924	0.035826273	0.0008484875	0.014881035	5.0779017e-05
ERR3579683	0	dental calculus	0.00010784871	0.98981607	0.00018502172	0.0034277951	6.4264896e-05	1.3105234e-05	5.2134495e-05	0.0009759822	0.00038071585	0.0010184245	9.055222e-06	0.00040631273	3.4098266e-05	4.0009032e-05	0.0034677447	1.4093746e-06
ERR3579685	0	dental calculus	0.00020623206	0.99728256	6.2481835e-05	0.00051536347	3.792948e-05	1.9475743e-05	1.1581315e-05	0.00023992476	4.3929293e-05	0.00055449625	2.0757881e-05	9.3905925e-05	4.7398848e-05	7.388713e-06	0.0008540824	2.5123088e-06
ERR3579687	0	dental calculus	0.00013405934	0.91903925	0.00046066556	0.052241296	0.00078303006	0.00012567599	0.00055819243	0.0035328853	0.0046466244	0.002162787	0.0003885262	0.0017764715	0.00023926042	0.00019876967	0.01370178	1.0703843e-05
ERR3579688	0	dental calculus	2.7227707e-27	0.99999845	7.694482e-13	9.925987e-19	7.320352e-20	1.452719e-22	3.5978184e-21	8.7944205e-18	6.732011e-18	3.9247636e-18	1.3944467e-19	4.6995765e-19	1.10186024e-23	1.3748304e-17	1.5714664e-06	4.6950972e-23
ERR3579699	0	dental calculus	5.3850645e-14	0.99788755	6.6944795e-06	9.327389e-12	1.1906348e-11	6.524266e-13	1.3217451e-10	6.333002e-10	1.9651539e-10	4.2837373e-10	2.129501e-10	5.870279e-09	6.6065933e-12	1.9384363e-09	0.002105774	1.7027606e-10
ERR3579700	0	dental calculus	2.4972528e-11	0.99807185	5.5902172e-05	1.7020825e-09	1.2093025e-07	2.8128042e-10	9.3721916e-08	2.1385429e-07	1.2007615e-08	6.3058604e-07	1.0333763e-08	7.407885e-08	2.9797902e-09	1.0212197e-07	0.0018709343	3.8895664e-08
ERR3579701	0	dental calculus	1.6460761e-07	0.978041	0.0013697147	5.42852e-07	3.678747e-05	2.2614654e-07	9.863506e-05	2.635238e-05	3.1886889e-06	7.033257e-05	5.051762e-06	4.600709e-05	2.9421992e-06	1.1577096e-05	0.020275595	1.191001e-05
ERR3579702	0	dental calculus	1.5131617e-06	0.9221241	0.00972498	2.7637582e-06	9.1541384e-05	1.4994768e-06	0.00018639554	4.9648497e-05	1.3632053e-05	3.96086e-05	6.0314505e-05	0.0003352224	2.185984e-05	2.3681214e-05	0.067274414	4.8810383e-05
ERR3579703	0	dental calculus	9.237883e-07	0.9488083	0.0056870533	1.0753208e-06	3.0551342e-05	8.225391e-07	9.932722e-05	2.1174152e-05	4.3931195e-06	1.9915307e-05	2.679652e-05	0.00013018852	1.4908293e-05	1.0946894e-05	0.045131665	1.1971161e-05
ERR3579704	0	dental calculus	0.58766985	0.03098113	0.0002655247	0.004457789	0.00028268425	0.00040672283	4.8692156e-05	0.000876687	0.00010056771	0.005785026	0.00025443523	0.00040963877	0.0026109256	0.00015019356	0.36568978	1.0323705e-05
ERR3579705	0	dental calculus	7.0871655e-09	0.999852	1.1004934e-05	7.122824e-07	3.6655325e-07	2.0458913e-06	1.3582874e-08	2.0515514e-05	3.11377e-07	7.016562e-08	7.4434036e-05	6.561994e-06	3.3087768e-09	1.8396692e-06	3.010787e-05	5.3466925e-11
ERR3579706	0	dental calculus	1.2147234e-06	0.9961707	7.8052806e-05	3.5639492e-05	3.7683843e-05	0.00022420076	2.2593624e-06	0.00067305734	1.4760045e-05	2.4752887e-06	0.0017538004	0.0008001297	7.33492e-07	3.6845155e-05	0.00016842774	1.4977374e-08
ERR3579707	0	dental calculus	4.9687705e-20	0.99991256	7.599118e-10	3.6694785e-16	2.4621294e-16	1.6481768e-16	4.8621115e-16	2.2676817e-14	1.0560114e-15	3.5825626e-13	2.2527695e-15	8.547815e-16	1.8487896e-15	1.7755447e-14	8.746659e-05	9.077782e-16
ERR3579708	0	dental calculus	5.0371737e-25	0.9999996	8.040103e-11	8.4782315e-18	1.1294215e-17	5.377267e-20	9.299237e-19	8.7012254e-16	5.7276044e-17	1.5263994e-14	3.1277155e-18	2.6543764e-17	8.2853454e-20	5.2016214e-16	3.921952e-07	1.1425691e-18
ERR3579709	0	dental calculus	2.1993252e-07	0.99749863	2.7065193e-05	1.8882296e-06	2.9049048e-07	6.06255e-08	9.581253e-07	5.7056423e-05	1.4417255e-06	3.691253e-05	1.2402584e-06	4.5754146e-07	4.780148e-07	1.0285424e-06	0.002372038	2.1881944e-07
ERR3579710	0	dental calculus	1.5073426e-14	0.9996544	3.8113063e-07	6.495098e-12	2.7288675e-11	1.3890548e-12	7.0773582e-12	2.1550159e-10	1.4381362e-11	2.4957343e-09	1.935243e-11	3.3214112e-11	4.9973784e-12	1.6490925e-10	0.00034522518	8.957584e-11
ERR3579711	0	dental calculus	2.0285796e-08	0.99413633	1.9716015e-05	7.2978935e-08	5.2482456e-08	1.3718487e-08	1.2264023e-07	6.274487e-07	8.635755e-08	0.00031339674	1.511691e-07	3.9204906e-07	2.896804e-07	3.2966975e-07	0.005528272	1.5159331e-07
ERR3579712	0	dental calculus	1.2029644e-18	0.99997663	7.207097e-09	1.4995822e-15	1.5662955e-15	1.6257375e-16	2.2452834e-15	1.1740893e-13	1.14002105e-14	1.8999318e-12	1.0286184e-14	5.953744e-14	2.222924e-15	1.7996253e-13	2.3379222e-05	4.8051235e-15
ERR3579713	0	dental calculus	1.051274e-16	0.99981976	1.0847664e-06	2.1439282e-13	4.596936e-13	2.3162207e-14	1.6197803e-13	1.4679967e-11	6.1328774e-13	9.576071e-11	5.799884e-13	3.2945398e-12	3.0203016e-13	9.013317e-12	0.00017913683	1.7492287e-12
ERR3579714	0	dental calculus	1.4568982e-27	0.99999934	1.9243443e-10	6.082665e-21	3.5973047e-21	6.947003e-23	1.9782305e-21	7.438114e-18	8.924262e-20	1.7363922e-17	2.9918302e-20	1.9902927e-19	2.8094942e-22	9.0395844e-18	6.6059084e-07	3.0796451e-21
ERR3579715	0	dental calculus	1.756119e-10	0.99962074	4.206428e-05	1.1946396e-09	8.695005e-09	3.6880685e-10	1.1617849e-08	7.152607e-08	4.9536415e-09	5.7017587e-07	4.624159e-08	3.1285698e-08	8.110311e-09	4.1030834e-08	0.00033637515	9.9316155e-09
ERR3579716	0	dental calculus	2.736013e-06	0.98518884	0.002167203	1.6816006e-06	1.2996852e-05	1.1917772e-06	2.8239958e-05	4.080207e-05	3.440786e-06	0.00018475986	4.979152e-05	5.0082184e-05	2.6549878e-05	1.09212615e-05	0.012215617	1.5149114e-05
ERR3579719	0	dental calculus	0.035863668	0.20918712	0.0001033097	0.003013637	0.00017259132	1.550102e-05	2.491949e-06	0.00043952468	0.00021225082	0.0004434978	0.00010284698	0.00025717067	5.33778e-05	0.0001535267	0.7499795	2.2899187e-09
ERR3579720	0	dental calculus	0.1982365	0.032629166	0.074532956	0.0038668714	0.09451246	0.010722928	0.15741928	0.015042888	0.0038515474	0.01018616	0.08642792	0.14641784	0.081213936	0.0038853418	0.06365087	0.017403325
ERR3579721	0	dental calculus	2.8514038e-10	0.9982522	1.5908707e-05	2.1359067e-08	9.343448e-09	5.6042455e-11	9.57057e-09	4.435803e-08	1.3272822e-08	5.2859907e-08	5.9199845e-08	7.00854e-08	5.08452e-10	2.8020807e-07	0.0017313374	1.340407e-10
ERR3579722	0	dental calculus	2.3084642e-22	0.99995285	1.9520117e-09	2.8113338e-17	1.4553524e-16	6.2521676e-19	3.4324263e-17	1.668658e-14	1.4904407e-15	1.6278959e-14	5.463215e-17	1.3425231e-15	7.3051386e-19	1.003914e-14	4.7163103e-05	1.3629829e-17
ERR3579723	0	dental calculus	1.8299721e-29	0.99999076	2.2688063e-13	2.1099542e-21	2.4007138e-22	8.301535e-25	2.2233163e-24	3.4823988e-19	3.4346096e-20	2.338434e-18	9.930578e-23	6.7802145e-21	2.1904446e-25	1.7671653e-18	9.267459e-06	3.446196e-24
ERR3579726	0	dental calculus	1.23586615e-05	0.94918334	0.0042930203	3.953434e-06	0.00012115527	3.4816628e-06	0.00026803033	0.00015822929	2.0625157e-05	0.000125046	6.5533175e-05	0.00069927983	4.026768e-05	2.4999381e-05	0.044952817	2.784176e-05
ERR3579727	0	dental calculus	1.7304625e-05	0.94349337	0.005790178	6.1734963e-06	0.00024368154	3.9022907e-06	0.00045779697	0.00017477034	2.544217e-05	0.00026780384	9.1528585e-05	0.0012546608	4.5944384e-05	3.4526245e-05	0.048060615	3.2290616e-05
ERR3579728	0	dental calculus	2.597935e-27	0.99999976	1.7449066e-13	7.544013e-21	6.957323e-21	3.9256594e-22	1.7800856e-21	9.742381e-19	2.0910955e-19	2.709764e-17	1.4893266e-20	1.4257618e-19	8.964094e-22	5.4595554e-18	2.5701587e-07	1.4627691e-22
ERR3579729	0	dental calculus	0.0	1.0	2.1684716e-20	1.2090604e-33	1.9213108e-34	9.378376e-37	2.8986832e-37	3.2260888e-30	4.6640398e-32	4.9575898e-29	2.6920694e-34	3.3292924e-33	8.0995993e-38	1.6423577e-28	1.4391347e-08	1.602696e-39
ERR3579730	0	dental calculus	5.4226606e-24	0.99998754	1.6484732e-11	8.748905e-19	1.1835216e-18	6.2673575e-20	1.8658103e-18	1.4164911e-16	2.2238865e-17	2.318014e-16	1.7841432e-18	1.5044399e-17	1.4118734e-19	3.1875242e-16	1.245123e-05	1.9323319e-19
ERR3579731	0	dental calculus	2.1499114e-13	0.9991416	2.0717998e-09	9.553545e-09	4.0555025e-12	1.4190019e-13	1.796184e-13	6.3379946e-10	4.0432618e-10	4.045725e-08	4.198183e-12	5.5640345e-12	5.2033193e-14	7.066112e-10	0.00085834955	6.4678476e-17
ERR3579732	0	dental calculus	5.4445456e-31	0.9999996	1.2071473e-16	2.3077617e-20	2.1387195e-23	5.715221e-27	8.6523293e-26	2.4838174e-19	2.6441622e-20	4.6426846e-19	6.3833796e-24	4.1722588e-23	1.3541096e-27	3.6793555e-19	3.9289947e-07	3.644647e-30
ERR3579733	0	dental calculus	1.243788e-16	0.9989187	9.103192e-10	7.4689725e-14	1.9235022e-13	1.6521512e-15	1.2452788e-14	8.897447e-13	3.0317722e-13	5.204933e-12	2.3766859e-14	5.406417e-13	3.3703742e-15	1.6411441e-12	0.0010813164	2.5604075e-16
ERR3579734	0	dental calculus	0.019216713	0.24118544	0.001474916	0.0012068424	0.0007123828	4.1965563e-05	7.0128364e-05	0.0026926529	0.0002800601	0.00031858572	0.0010640725	0.0007427807	0.00037743893	0.0010005797	0.729615	4.3480634e-07
ERR3579735	0	dental calculus	3.4874747e-25	0.99994457	4.5958824e-11	1.4276986e-19	1.3011385e-18	8.192379e-20	2.1360878e-18	2.3207581e-17	9.660527e-18	1.0075329e-15	2.3818823e-18	1.168152e-17	1.1834001e-19	3.4697566e-17	5.5420624e-05	9.269016e-19
ERR3579738	0	dental calculus	0.0	0.999985	1.2880404e-16	1.1559374e-34	6.53833e-35	1.3336185e-36	4.3205497e-34	2.6120854e-30	1.1563646e-31	1.2426535e-29	1.9247899e-33	9.6039035e-33	5.2701625e-36	1.192825e-28	1.5045861e-05	6.3485066e-34
ERR3579740	0	dental calculus	0.0	0.99989045	5.024746e-16	1.5981867e-33	2.2940493e-34	3.4653022e-35	6.7046304e-34	1.02049626e-29	7.504213e-31	3.2798805e-30	3.0163752e-32	8.326127e-33	7.7969094e-35	2.1627748e-28	0.000109567016	6.6369866e-33
ERR3579741	0	dental calculus	0.0	0.99998486	4.4819044e-19	1.09990315e-36	3.200772e-37	1.212272e-37	6.9043235e-37	3.5482112e-32	2.0106508e-33	3.3471742e-29	3.9708874e-35	4.94146e-35	2.100057e-37	1.2029583e-30	1.5136589e-05	2.6417594e-36
ERR3579742	0	dental calculus	0.0	0.9999984	6.129635e-19	1.8993062e-36	2.0189442e-36	8.060439e-38	2.456352e-36	3.0466633e-32	1.8435078e-33	8.692658e-30	1.3924659e-35	6.6094994e-35	1.0741396e-37	7.3025066e-31	1.6060472e-06	3.9708216e-36
ERR3579743	0	dental calculus	0.0012215455	0.9702658	0.0019401454	0.0003052285	0.00019360185	5.716814e-05	0.0003892355	0.0003640403	5.537913e-05	0.00033178428	0.00046264235	0.00026871366	0.00042065265	0.000112397305	0.02359982	1.1819589e-05
ERR3579744	0	dental calculus	0.0010452194	0.9761995	0.0018813135	0.00020687871	0.00021211989	4.460423e-05	0.0003127342	0.0004495708	6.608366e-05	0.00036371013	0.0005671603	0.001130864	0.00035970914	0.00012111282	0.01702914	1.027328e-05
ERR3579745	0	dental calculus	1.8516534e-11	0.9996667	6.4654184e-09	2.1518427e-09	3.4922404e-10	5.4950103e-11	3.8982313e-13	6.7197377e-09	2.755311e-10	3.6941603e-09	1.15402146e-10	6.865628e-10	1.6831613e-12	1.047005e-09	0.00033328077	2.758051e-16
ERR3579746	0	dental calculus	4.4007234e-19	0.9999617	1.2072274e-10	3.6239936e-15	3.6303193e-15	3.4813174e-18	2.13083e-17	5.899464e-14	9.343503e-15	3.665466e-14	3.6596876e-15	1.879237e-14	3.7836395e-18	3.9133245e-13	3.8314323e-05	8.952556e-20
ERR3579747	0	dental calculus	3.7639488e-23	0.99999565	3.320454e-12	9.688777e-18	1.4382806e-18	5.88149e-21	5.132842e-21	4.0726676e-16	1.4780492e-17	3.5837882e-16	5.2636145e-18	1.7597255e-17	1.5116485e-21	2.8299682e-15	4.3530054e-06	1.272453e-23
ERR3579748	0	dental calculus	9.623157e-07	0.9852159	1.9719732e-06	7.5594194e-06	5.266005e-07	1.1115884e-09	5.572513e-09	4.591664e-06	1.0115125e-06	9.954842e-07	2.2173268e-07	3.0114546e-07	1.0894608e-08	1.7522797e-06	0.014764175	6.3754877e-13
ERR3579749	0	dental calculus	1.0549267e-11	0.99981594	1.2157766e-06	1.1256408e-09	1.7032112e-10	2.096846e-11	3.8898257e-10	4.1364302e-08	1.6892102e-09	3.0492467e-07	1.8922586e-10	1.3424171e-09	7.080496e-11	6.41223e-09	0.00018250085	8.7244845e-10
ERR3579750	0	dental calculus	0.04869169	0.894726	0.00288304	0.0019415518	0.00010710005	0.00023586996	0.0009431007	0.006055951	7.3273586e-05	0.014401225	0.00057882525	0.0022685146	0.0013369541	0.00014962238	0.02552539	8.189076e-05
ERR3579751	0	dental calculus	2.4237255e-12	0.9991189	5.205563e-07	3.3903838e-09	1.6713068e-11	7.21093e-12	6.818448e-11	9.858293e-09	1.6796924e-09	1.05749656e-07	1.0123373e-10	1.02501896e-10	1.4089916e-11	1.9384243e-09	0.0008804041	6.310019e-12
ERR3579752	0	dental calculus	3.3361456e-18	0.99605435	7.681162e-09	3.946041e-15	7.906625e-15	2.87663e-16	3.4926273e-15	7.97934e-14	4.515607e-14	3.0859581e-13	7.6834684e-14	1.12630635e-13	6.948908e-16	1.2298859e-13	0.0039456286	2.2409149e-16
ERR3579753	0	dental calculus	1.8677455e-27	0.99999493	4.414075e-12	2.4119747e-21	1.6118997e-20	1.1618673e-22	5.421093e-21	3.5066244e-19	2.313717e-19	1.5034049e-17	9.769348e-20	2.599903e-19	1.8173244e-22	2.3515388e-18	5.069981e-06	9.408092e-23
ERR3579754	0	dental calculus	0.89563155	0.006089939	0.0002180076	0.010681209	0.005680888	0.0004786396	2.8694901e-06	0.007823387	0.0002890889	0.0012876402	0.0019003156	0.0007967971	7.297715e-05	0.0026098639	0.0664368	3.1834406e-09
ERR3579755	0	dental calculus	6.8498736e-09	0.9975664	3.392272e-07	1.4775316e-08	5.6386146e-11	6.45986e-11	1.003481e-10	1.0730245e-07	1.463033e-09	5.9130535e-08	6.815694e-10	7.5432345e-09	2.197492e-10	1.3968465e-08	0.0024330197	6.447318e-12
ERR3579756	0	dental calculus	7.1390127e-06	0.994357	1.51159375e-05	9.077694e-07	4.6985686e-08	8.3229175e-08	3.178734e-07	9.682931e-06	2.1807261e-07	1.2757671e-05	2.805845e-07	4.8312736e-06	4.9842157e-07	1.1663461e-06	0.005589907	5.6884762e-08
ERR3579757	0	dental calculus	1.4027006e-06	0.99731195	8.9670647e-07	4.777188e-05	6.442986e-08	5.4237912e-08	6.854237e-09	8.331404e-06	5.276808e-07	1.2589951e-05	1.9717685e-08	4.8902137e-08	1.034221e-08	4.4802533e-07	0.0026158602	4.25456e-10
ERR3579758	0	dental calculus	1.40132815e-05	0.9960665	8.218966e-06	0.0001685683	1.3956111e-06	1.251693e-06	3.875977e-07	6.881729e-05	4.5121815e-06	7.5321164e-05	1.5122507e-07	1.1569938e-06	3.2686216e-07	2.5471325e-06	0.003586785	3.983151e-08
ERR3579759	0	dental calculus	4.1623403e-32	0.9999999	7.0219616e-12	2.7443436e-23	5.037581e-24	3.487966e-27	6.1461956e-24	1.4551755e-19	8.490391e-21	6.049089e-20	3.6854733e-23	3.4222183e-21	7.540671e-26	4.0731852e-19	1.10262704e-07	1.0065916e-24
ERR3579760	0	dental calculus	2.506206e-21	0.99999094	7.1167754e-08	4.1545185e-16	6.4384368e-15	4.6803517e-18	5.092339e-15	1.2923595e-13	1.7233932e-14	1.4888328e-13	2.75262e-15	1.1543232e-13	6.637616e-17	2.4109382e-13	8.989747e-06	3.2950204e-16
ERR3579761	0	dental calculus	2.7065818e-23	0.99999845	1.0705591e-08	7.381141e-18	6.589686e-17	4.9020885e-20	1.0230378e-16	4.403954e-15	7.874424e-16	3.446809e-15	5.9497024e-17	3.7986433e-15	1.2647245e-18	1.5392227e-14	1.5515509e-06	5.5583324e-18
ERR3579762	0	dental calculus	3.528032e-19	0.99994993	1.0041766e-06	3.2934735e-15	1.21707e-13	2.2858587e-16	7.1281024e-13	4.1202723e-12	3.3384447e-13	2.7014129e-12	3.4608045e-13	9.822799e-12	2.2276988e-15	7.966467e-12	4.9070783e-05	8.5785843e-14
ERR3579763	0	dental calculus	2.4455921e-30	0.9999998	6.212936e-11	5.4464997e-22	1.3394518e-21	1.1469961e-24	1.2367181e-21	2.0570948e-17	1.7550442e-19	2.4028304e-18	9.781626e-21	2.3260833e-19	1.0132752e-23	3.957616e-17	1.6147344e-07	1.1962756e-22
ERR3579764	0	dental calculus	3.415247e-22	0.9999984	3.3963605e-08	4.2018002e-17	3.2959786e-15	1.3009931e-18	2.388503e-15	7.660847e-14	2.7112625e-15	6.088732e-14	6.5038334e-16	2.3092447e-14	1.1589083e-17	5.0513796e-14	1.5701892e-06	1.4949492e-16
ERR3579765	0	dental calculus	0.08102633	0.14612728	0.052635334	0.002163029	0.057302818	0.003332487	0.1692571	0.010901599	0.0038332317	0.010175951	0.036408022	0.18743336	0.048362628	0.002859096	0.16162725	0.026554473
ERR3579766	0	dental calculus	1.5877211e-23	0.9999995	4.5905098e-09	1.0455745e-17	6.7539723e-16	2.1208391e-19	1.8189426e-16	4.315159e-15	5.277922e-16	7.4514315e-13	2.3779182e-16	2.604935e-15	1.6227653e-18	1.3395751e-14	4.731525e-07	1.5208521e-17
ERR3579767	0	dental calculus	3.7487626e-23	0.9999998	5.081219e-09	2.4731208e-17	9.37127e-16	3.2011776e-19	1.9245032e-16	1.5643262e-14	1.0377237e-15	2.4718847e-12	2.2183302e-16	8.682555e-15	2.8410461e-18	1.9052934e-14	1.8862842e-07	3.765669e-17
ERR3579768	0	dental calculus	4.7862647e-13	0.9998472	1.1861715e-05	2.1646238e-10	1.1723236e-09	4.0284243e-12	1.8340615e-09	1.6054432e-08	1.3818957e-09	3.3725417e-08	7.5237466e-10	1.6141842e-08	4.2831922e-11	1.1681315e-08	0.000140907	1.841378e-10
ERR3579774	0	dental calculus	4.3e-44	0.99955124	6.279323e-16	3.7962843e-32	8.4216723e-32	1.5533937e-32	1.9898259e-32	1.1648448e-28	2.2239545e-29	1.3209417e-25	4.137227e-31	1.0403487e-30	3.1602305e-32	6.213104e-28	0.00044877382	3.4662418e-31
ERR3579775	0	dental calculus	1.4355997e-37	0.99999946	1.8796904e-12	6.940415e-27	5.0356855e-27	3.7287238e-29	5.6799145e-27	1.2576947e-24	3.7547906e-25	3.8364956e-22	5.7367044e-26	3.3678497e-26	1.6192464e-28	1.5080117e-22	5.482947e-07	1.4401717e-26
ERR3579776	0	dental calculus	5.576602e-05	0.99715936	0.0002599335	3.0381281e-05	5.052544e-05	2.8466466e-06	6.690243e-05	0.00013300365	1.8491599e-05	0.00030896816	5.5666536e-05	0.00027989954	4.8501093e-05	1.9405637e-05	0.001507548	2.8088828e-06
ERR3579777	0	dental calculus	0.0031116554	0.974874	2.621315e-05	0.012983925	0.00025065182	1.1892848e-05	4.9319176e-05	0.003416635	0.0002208458	0.0023457876	1.090242e-05	8.88612e-05	3.8800572e-05	6.105296e-05	0.002509427	3.4697067e-08
ERR3579779	0	dental calculus	6.2852846e-06	0.99763143	0.00067480514	6.429067e-05	0.00023381787	2.6479924e-05	1.7624945e-05	0.00015675188	1.2736882e-05	6.258037e-05	0.00014308425	0.0006757304	1.2379443e-05	2.0385167e-05	0.00026120766	4.0003707e-07
ERR3579781	0	dental calculus	1.0465628e-07	0.99993163	2.1593607e-05	4.3446036e-07	3.992562e-06	1.795156e-06	1.1048247e-07	6.6076527e-06	1.1830323e-07	8.2375544e-07	2.251764e-06	4.843462e-06	1.2190074e-07	7.18632e-07	2.4858318e-05	2.9423703e-09
ERR3579782	0	dental calculus	7.994301e-11	0.9998206	0.00014407616	4.97259e-08	4.809336e-06	1.7576234e-05	1.5368053e-08	3.1032648e-06	1.9671297e-08	5.4480235e-08	1.8036582e-06	4.3397986e-06	1.0544323e-09	2.407297e-07	3.298778e-06	2.544156e-09
ERR3579783	0	dental calculus	7.506833e-36	1.0	2.1976641e-13	2.1082877e-22	6.0964334e-24	1.0017175e-25	4.2149714e-28	2.523514e-20	2.0345258e-22	1.1702208e-21	3.1717458e-24	2.4551211e-24	6.303683e-32	4.5308566e-20	8.13735e-11	1.0667732e-29
ERR3579784	0	dental calculus	6.598975e-13	0.9633522	1.4235898e-06	1.7446346e-11	1.1250044e-11	2.5036882e-12	9.300685e-12	5.00949e-10	5.9335266e-11	8.504282e-11	6.0397846e-11	1.4594932e-10	4.1096317e-11	1.3933651e-10	0.036646377	3.5708973e-12
ERR3579785	0	dental calculus	7.42815e-11	0.99512005	0.000114692826	2.7042109e-09	1.3447797e-08	4.3289077e-11	6.92845e-08	6.193425e-08	1.1786269e-08	4.989029e-08	9.4254375e-08	3.021394e-07	7.040088e-10	2.6156454e-07	0.004764375	3.5966802e-10
ERR3579786	0	dental calculus	1.5294891e-20	0.9998735	6.4908727e-09	7.173713e-16	3.7583064e-16	3.0101252e-19	2.3447577e-16	6.281933e-14	4.436293e-15	7.08576e-13	2.4868775e-15	1.9607446e-14	1.7648326e-18	3.1347138e-12	0.00012649222	3.154889e-19
ERR3579787	0	dental calculus	4.22e-43	0.9999606	2.8842401e-15	2.050821e-31	5.4156365e-32	7.4819775e-33	1.1078492e-31	4.6851313e-28	4.8318067e-29	3.4803374e-28	1.0680545e-30	9.948251e-31	1.6941667e-32	8.497226e-27	3.9422048e-05	4.056869e-31
ERR3579788	0	dental calculus	1.7354102e-21	0.99485964	1.3171127e-10	2.3357968e-16	1.2943164e-18	1.4001184e-20	5.7235796e-19	2.3868025e-15	4.341029e-16	1.8849446e-15	1.7362951e-17	1.8909838e-16	4.287927e-20	1.9782676e-14	0.0051403414	9.5894026e-23
ERR3579789	0	dental calculus	0.0	0.9998638	5.096651e-15	2.4362038e-33	2.6959378e-32	7.39865e-35	4.11079e-32	7.8842354e-29	4.8520814e-30	5.4398583e-29	1.3712829e-31	6.033428e-30	9.989546e-35	2.1989606e-27	0.00013618595	2.8411032e-33
ERR3579790	0	dental calculus	0.0	0.99996376	2.0988272e-16	5.1637837e-36	2.8682762e-35	6.9976877e-38	3.7411072e-35	1.3049212e-31	1.7349497e-32	1.598643e-31	1.3318113e-34	3.85833e-33	9.537126e-38	9.13068e-30	3.625285e-05	1.9767081e-36
ERR3579791	0	dental calculus	4.085e-42	0.99985266	8.7186385e-17	1.9336495e-30	4.957465e-33	3.1165983e-34	3.1834203e-34	3.161784e-28	1.9709731e-29	6.3057458e-27	8.890386e-32	4.1629045e-32	1.462928e-34	4.9159497e-27	0.00014737192	1.4696731e-35
ERR3579792	0	dental calculus	1.459443e-07	0.99696124	0.0022164006	3.7660502e-06	1.4062929e-05	8.446863e-06	1.5608028e-05	0.0002752587	3.4058514e-06	3.635562e-05	0.00010712072	0.00025867068	1.4303791e-07	7.687553e-05	2.2382877e-05	9.408445e-08
ERR3579793	0	dental calculus	1.2895314e-10	0.9997802	7.113518e-05	5.346282e-07	4.594713e-07	6.341345e-08	2.730749e-08	0.00013038726	3.4968065e-07	1.2550764e-06	2.9169003e-06	9.586722e-07	1.5794961e-10	1.075332e-05	9.525224e-07	1.957209e-12
ERR3579796	0	dental calculus	1.4563149e-05	0.9796612	0.007398009	4.5139208e-05	0.0006129134	0.00020182897	0.0006450103	0.00053926447	3.112119e-05	9.73499e-05	0.0011561826	0.008706477	1.0194724e-05	0.0005208532	0.00035393363	5.9117206e-06
ERR3579797	0	dental calculus	8.1219453e-10	0.9989756	5.882708e-05	4.2441834e-06	1.0416186e-06	4.0662337e-07	7.213181e-08	0.00088972907	7.8198167e-07	4.0998902e-06	2.3428494e-05	1.5001362e-06	1.6160527e-10	4.0027775e-05	2.7745824e-07	1.6273191e-11
ERR3579798	0	dental calculus	2.4016614e-05	0.96712905	0.023964595	6.529322e-05	0.0003138887	5.4952816e-05	0.0003621369	0.0012656128	3.5035868e-05	8.458305e-05	0.005108975	0.000922422	4.0697847e-05	0.00044866314	0.00017733687	2.7316516e-06
ERR3579799	0	dental calculus	2.0862952e-05	0.969225	0.017648995	0.0001013912	0.0003141362	7.683459e-05	0.0011673145	0.0009624732	0.00015264303	0.000110600595	0.0062787756	0.0017543207	8.20552e-05	0.001400931	0.000686896	1.6776476e-05
ERR3579800	0	dental calculus	4.655221e-15	0.9999789	9.494902e-10	1.0652836e-11	1.2850383e-13	9.91961e-16	7.752776e-15	2.9223863e-11	3.9866435e-12	3.2786949e-09	6.5660926e-13	8.917294e-12	9.837499e-15	1.8026003e-10	2.1120853e-05	1.2150168e-17
ERR3579801	0	dental calculus	1.0675e-41	0.99982035	2.1269181e-16	1.3297851e-30	9.803792e-30	6.56932e-32	1.5539076e-30	1.1472483e-26	2.5150232e-27	2.0455984e-26	5.392529e-29	9.516888e-28	4.3775885e-31	8.2757795e-26	0.00017961989	1.3486008e-31
ERR3579802	0	dental calculus	1e-45	0.9999802	1.0548059e-15	2.2460679e-32	3.3807908e-32	2.2237779e-35	2.516904e-33	1.0105519e-28	9.483394e-30	1.9815148e-29	1.7671747e-32	3.547873e-30	5.3952573e-35	2.3049641e-27	1.9764886e-05	5.240748e-35
ERR3579803	0	dental calculus	0.0	0.99999964	2.523115e-16	3.1287145e-33	2.5327057e-32	9.376318e-35	1.5097184e-32	2.3731134e-29	5.897606e-30	7.2390266e-28	5.35425e-32	1.5128298e-30	6.262523e-35	3.3249192e-28	3.8281425e-07	9.230643e-33
ERR3579804	0	dental calculus	0.0	1.0	9.530716e-21	1.5004e-41	9.4174e-41	9.2e-44	7.0861e-41	1.744634e-36	9.00639e-38	2.0222837e-34	3.21983e-40	2.5649538e-38	8.7e-44	3.247013e-34	2.1022812e-08	8.694e-42
ERR3579805	0	dental calculus	0.0	0.9999995	7.012124e-18	9.476478e-36	1.4489791e-34	5.9154037e-37	2.409024e-35	3.6271136e-32	2.5863e-32	8.1780116e-30	1.7070133e-34	2.5716066e-33	1.9180265e-37	1.1652552e-30	4.933991e-07	6.0489303e-35
ERR3579806	0	dental calculus	1.08825185e-35	1.0	7.794226e-15	1.758464e-26	2.4320604e-25	1.6510867e-28	4.3332385e-26	1.4837765e-23	2.841991e-24	5.738253e-21	6.3614325e-25	1.656889e-24	3.0954456e-28	4.260569e-22	2.0859199e-10	3.0379027e-26
ERR3579807	0	dental calculus	0.82026047	0.004719742	3.3205197e-05	0.00807987	0.00051789806	3.016533e-05	2.0394253e-05	0.0005426443	0.00025035592	0.0012061007	6.834591e-05	0.0005299102	0.00022893125	0.00014704165	0.1633649	1.9901693e-08
ERR3579809	0	dental calculus	8.9781e-41	0.99999994	3.4761226e-17	2.1792947e-30	3.9783164e-29	1.7443282e-31	1.5315079e-29	1.0336782e-26	9.01564e-28	1.7444893e-26	7.9451026e-29	3.117757e-28	2.1500478e-31	1.2052848e-25	4.082022e-08	4.2127696e-31
ERR3579810	0	dental calculus	0.0	0.9999992	6.295706e-22	1.14822e-39	1.23593e-39	1.579e-42	6.536e-42	2.1467275e-35	5.649027e-37	1.9308592e-34	2.000411e-39	6.385363e-39	4.23e-43	3.7767587e-33	7.557062e-07	7.8e-44
ERR3579811	0	dental calculus	0.46199766	0.039447997	0.0125931995	0.00397782	0.049536638	0.0024328344	0.05476914	0.007859832	0.0031625151	0.0057590716	0.018634168	0.13918044	0.03130715	0.0032769265	0.16284585	0.0032187677
ERR3579812	0	dental calculus	0.063625775	0.4108547	0.020984976	0.00145046	0.023243941	0.0009165345	0.03941201	0.005112373	0.0017177558	0.003177084	0.009411852	0.08720486	0.016849218	0.0016983557	0.31157428	0.0027658136
ERR3579813	0	dental calculus	0.005364867	0.53436553	0.020285428	0.00048447523	0.0058237286	0.0004393554	0.0210205	0.002566919	0.0008590945	0.002392745	0.009422824	0.03278413	0.005919036	0.0012771252	0.35390553	0.0030887213
ERR3579814	0	dental calculus	0.0032277328	0.5037738	0.03968953	0.00045894855	0.004435668	0.00046674992	0.030112104	0.0032835903	0.0009522715	0.0023174284	0.012893431	0.029618122	0.0077486867	0.0014409088	0.35645172	0.0031293028
ERR3579815	0	dental calculus	0.19326708	0.040899947	0.033583894	0.00271347	0.069536425	0.0047412994	0.21243523	0.008748881	0.0035764887	0.008510584	0.041505534	0.16566126	0.06868742	0.0023920825	0.11815055	0.025589861
ERR3579816	0	dental calculus	0.22754666	0.040689416	0.029783448	0.0026221236	0.059750825	0.0041929875	0.18492764	0.008557585	0.0034480498	0.008735225	0.039492264	0.17014465	0.0741675	0.0025704617	0.11980068	0.023570491
ERR3579817	0	dental calculus	1.7052596e-08	0.9994448	1.0774034e-05	7.045387e-08	3.5611026e-06	8.550572e-09	8.214046e-07	1.0379813e-06	1.3230226e-07	2.2258683e-07	3.2068652e-07	4.819279e-06	1.0712227e-07	8.382178e-07	0.00053246965	2.9679121e-08
ERR3579818	0	dental calculus	1.4748557e-07	0.82995665	6.071823e-05	7.4034915e-07	4.336491e-07	6.6359624e-09	4.0074386e-07	1.037899e-05	3.7244112e-07	1.8938767e-05	4.4752514e-07	7.1431937e-06	5.9588576e-08	1.1153995e-05	0.16993241	1.09242055e-08
ERR3579827	0	dental calculus	2.2617433e-24	0.9999977	1.879865e-12	1.0831514e-17	4.4429124e-18	6.057608e-20	5.319621e-21	3.5674915e-16	8.4261076e-18	4.4934357e-16	7.389148e-19	1.8137194e-18	8.744646e-22	1.4299124e-16	2.3350956e-06	3.437821e-25
ERR3579828	0	dental calculus	0.0002952857	0.9938654	3.8033453e-05	0.002194887	5.895508e-06	2.851523e-05	2.7024882e-06	0.002197834	3.870425e-05	0.00069320877	5.1229763e-06	1.0995083e-05	2.8030358e-06	1.2718772e-05	0.00060787366	3.397072e-08
ERR3579829	0	dental calculus	0.0065829805	0.9646033	0.0004507963	0.0066446345	0.00013678083	0.00028165182	0.0001023087	0.011887545	0.000114751805	0.006479064	7.259015e-05	0.00024699446	0.00010169557	7.918618e-05	0.0022111097	4.5796573e-06
ERR3579830	0	dental calculus	0.5691788	0.21041293	0.00023223805	0.047875065	0.0036361266	0.00093242194	3.605437e-06	0.06680221	0.000444322	0.010596199	0.00058486976	0.001063949	3.2113607e-05	0.0018407048	0.0863644	1.6595098e-09
ERR3678173	0	dental calculus	0.00033947817	0.86383504	0.0042402344	0.00016667235	6.4178166e-05	6.0252532e-05	0.00038680836	0.00034681187	5.787943e-05	0.0016153075	0.00032418573	0.0006606097	0.0014203726	8.1815815e-05	0.12575603	0.00064430974
ERR3678174	0	dental calculus	1.5061064e-18	0.9993126	1.0776802e-08	4.481269e-15	4.5039944e-15	1.8164003e-15	1.6913905e-15	2.3109525e-13	2.779188e-14	8.757006e-11	3.2182824e-14	5.4938018e-14	1.7494095e-14	1.1173212e-13	0.0006873892	1.1136869e-14
ERR3678175	0	dental calculus	9.158315e-06	0.99939126	4.337841e-05	6.144196e-05	6.904879e-06	8.840805e-06	6.7073137e-07	0.00015785507	1.841365e-06	9.110349e-05	1.22886295e-05	6.551732e-06	4.874817e-07	1.9450454e-05	0.00018867983	6.012692e-08
ERR3678176	0	dental calculus	6.3040224e-34	0.99999905	1.3540002e-13	3.8515256e-25	1.2558654e-23	1.2046389e-25	7.34736e-24	3.9212322e-22	5.188023e-23	6.65834e-23	2.167521e-24	3.6548232e-23	8.6886773e-26	6.152586e-22	9.2576425e-07	1.8019735e-24
ERR3678177	0	dental calculus	3.981393e-37	0.99999905	2.7854035e-14	2.918909e-27	9.002298e-26	7.354901e-28	2.766241e-26	6.701117e-24	7.698587e-25	1.0894753e-24	2.0218554e-26	2.0108099e-25	3.3681794e-28	9.841805e-24	9.4697407e-07	7.113941e-27
ERR3678179	0	dental calculus	2.0479966e-19	1.0	1.1439259e-08	6.8985403e-12	7.0366125e-13	9.317e-14	3.8923735e-15	3.2298136e-10	3.0450757e-12	1.4548686e-11	6.545928e-14	4.2638653e-12	1.2129608e-17	2.3433333e-11	1.7996987e-09	1.7300911e-17
ERR3678180	0	dental calculus	0.00018807725	0.9924424	0.00028594866	0.00031311362	1.8277873e-05	1.1257365e-05	6.5526724e-06	0.0007589409	2.1828211e-05	0.0040176627	2.9310286e-05	0.000723793	8.893229e-06	5.010833e-05	0.001123683	1.5164231e-07
ERR3678181	0	dental calculus	3.4247107e-05	0.9958285	0.0013704428	3.926248e-05	5.4013984e-05	2.014109e-05	6.506057e-06	0.0004390477	1.8317674e-05	0.00017613039	8.24488e-05	0.0013208857	4.130339e-05	3.9258986e-05	0.00052918185	2.9883012e-07
ERR3678182	0	dental calculus	4.3993614e-10	0.99992985	1.518013e-06	1.1507727e-06	1.0840443e-08	4.8340127e-09	1.9191309e-09	6.645684e-07	1.9650282e-07	4.799331e-07	2.1406255e-09	9.4198775e-08	6.4922256e-10	3.823611e-08	6.601844e-05	5.2101802e-11
ERR3678184	0	dental calculus	4.8686616e-08	0.9999713	3.185101e-07	2.337036e-06	4.0074852e-08	8.675511e-08	1.5431341e-09	1.8176797e-06	1.579158e-07	1.5583919e-06	2.780318e-08	1.2910391e-07	6.043283e-09	4.098633e-08	2.2148433e-05	2.511001e-10
ERR3678186	0	dental calculus	2.1382006e-11	0.99996483	2.0095054e-07	1.1908014e-06	5.053444e-09	1.8593166e-10	2.7609773e-10	1.0670376e-07	4.883872e-08	1.8134544e-07	1.0016961e-09	1.0776422e-08	7.6414625e-11	1.2478602e-08	3.3414264e-05	1.2158434e-12
ERR3678187	0	dental calculus	0.0	0.99999994	5.203069e-21	7.1756895e-32	8.1949124e-35	1.2743827e-38	9.445601e-38	5.4862176e-30	6.760474e-31	8.7302916e-29	2.080606e-35	2.3478454e-34	1.46298e-40	5.024806e-29	5.2342855e-08	4.514e-41
ERR3678595	0	palaeofaeces	0.0019482378	0.0006472557	0.00010172948	5.217087e-05	8.387308e-06	2.2165528e-05	6.49056e-06	0.00053501176	1.6549993e-05	0.9942277	7.013991e-05	5.1119583e-05	2.2000911e-05	0.00027340246	0.0019604412	5.7205696e-05
ERR3678596	0	palaeofaeces	0.0055990024	0.0015547432	0.00012055092	0.00016910519	5.1028732e-05	1.6951028e-05	3.2637174e-05	0.002288965	6.0908347e-05	0.96363425	0.00013677184	0.0007629449	7.395568e-05	0.0014856101	0.023920773	9.178321e-05
ERR3678598	0	palaeofaeces	0.0078110956	0.0015343854	0.0013833918	0.0003501487	0.0002291791	0.00015636088	0.00043820968	0.0021398435	0.00020470821	0.96382153	0.0014595842	0.0018176796	0.0009336554	0.001721582	0.012856904	0.0031417534
ERR3678599	0	palaeofaeces	0.007431195	0.0019735408	0.0005357112	0.00036570855	0.000117273135	2.7910051e-05	0.00011842227	0.0039936383	0.00019530382	0.9514982	0.00049065077	0.001561351	0.00043667704	0.0029139498	0.02805899	0.00028148876
ERR3678600	0	palaeofaeces	0.011458531	0.0062488704	0.0107646715	0.0011158806	0.0019410463	0.00032525393	0.011253345	0.01153886	0.0005146513	0.8943482	0.0057449583	0.024284514	0.0040124166	0.003252533	0.0049296455	0.008266629
ERR3678602	0	palaeofaeces	0.0060611875	0.0017414414	0.00068658934	0.00020397748	9.694219e-05	0.0001851098	0.00015929883	0.0028446373	7.999964e-05	0.9748902	0.00077253405	0.0005878802	0.0005657786	0.0010169682	0.008609415	0.001498059
ERR3678603	0	palaeofaeces	0.0037036731	0.0010761479	0.00027005363	0.00017171737	0.00013310715	0.00018889435	1.8814006e-05	0.0015719329	5.680668e-05	0.9885003	0.00028542988	0.00029950863	5.5156426e-05	0.0010474379	0.002456249	0.00016476477
ERR3678604	0	palaeofaeces	0.003370042	0.00065490836	4.686869e-05	7.20997e-05	6.78523e-06	1.7373513e-06	7.839571e-06	0.0005778928	2.5929712e-05	0.98622	7.994591e-05	5.6777964e-05	1.9836953e-05	0.0011280276	0.0077269315	4.376096e-06
ERR3678605	0	palaeofaeces	0.012603131	0.0016048611	0.0002943593	0.00024120329	7.314399e-05	1.1321397e-05	5.968627e-05	0.0016383352	0.00010502591	0.9078273	0.00024669425	0.0004176945	0.00010675115	0.0024773597	0.07223895	5.417906e-05
ERR3678606	0	palaeofaeces	0.010455373	0.00092494587	0.00032149235	0.00015080495	4.064548e-05	2.8163742e-05	2.9068513e-05	0.0016982378	7.855839e-05	0.970613	0.00036755757	0.00026698783	0.00010331172	0.00096767134	0.013856936	9.723527e-05
ERR3678607	0	palaeofaeces	0.003969781	0.0023984096	0.000441542	0.00017512839	0.0001834189	4.0121504e-05	0.00011663335	0.004560256	0.00018997895	0.9645908	0.00047254027	0.0020633617	0.0004081462	0.002188411	0.018104374	9.708962e-05
ERR3678609	0	palaeofaeces	0.009611079	0.0019511658	0.00014172708	0.00015928759	6.681572e-05	1.3552526e-05	4.5331934e-05	0.0019320286	0.00010784305	0.9603121	0.00014639925	0.00064592983	0.00034909797	0.001606406	0.022843312	6.789792e-05
ERR3678610	0	palaeofaeces	0.18476424	0.03023744	0.030331733	0.0026908815	0.06635172	0.004763804	0.23343089	0.008871523	0.0033390305	0.009390292	0.04282602	0.19231188	0.071458034	0.0022778364	0.08420566	0.032749023
ERR3678611	0	palaeofaeces	0.049880773	0.009627068	0.0018753525	0.0011097941	0.00078804017	0.0001842375	0.0041618603	0.011394067	0.0006141779	0.84451354	0.0028673965	0.0054720133	0.0041583334	0.006001923	0.055879686	0.0014717662
ERR3678612	0	palaeofaeces	0.0041332575	0.004520071	0.008853688	0.00074203307	0.00081024546	0.00024344682	0.0057718977	0.0070152497	0.00028596364	0.9344716	0.0052560815	0.014022449	0.004410104	0.001847822	0.0032613259	0.004354737
ERR3678613	0	palaeofaeces	0.019552005	0.0015208281	0.0001836626	0.00018221438	1.532842e-05	4.5186698e-05	2.4506737e-05	0.0013119731	5.8209564e-05	0.94449914	0.00010277611	0.00013316907	0.00015548276	0.00079569063	0.031166766	0.00025304413
ERR3678614	0	palaeofaeces	0.00055695407	0.0010362418	0.0014805114	0.00013658962	7.494773e-05	3.175814e-05	0.0002866108	0.0028230306	3.4586927e-05	0.98974067	0.00033616464	0.00072066596	0.00022020577	0.0005613489	0.0002404294	0.0017192564
ERR3678615	0	palaeofaeces	0.021612877	0.004548552	0.0012470088	0.0002675707	0.00036855516	5.3656175e-05	0.000542417	0.005802811	0.00038056905	0.93463093	0.0010772957	0.0023016543	0.0006745901	0.0025200367	0.023244394	0.0007271
ERR3678616	0	palaeofaeces	0.00709777	0.00087104697	0.00010238108	0.0001022689	2.0387013e-05	1.8998435e-05	2.193907e-05	0.0017910356	3.2607597e-05	0.985916	0.00019164487	0.00019919536	9.313343e-05	0.00057910016	0.002650075	0.00031238736
ERR3678617	0	palaeofaeces	0.004344719	0.001551792	0.0002623255	0.00018556883	6.777295e-05	2.247798e-05	6.7242254e-05	0.0017318238	9.410899e-05	0.9708779	0.00055037736	0.000706323	0.00023688178	0.0017469943	0.017369973	0.00018371688
ERR3678618	0	palaeofaeces	0.0024103231	0.0012487632	0.0018268899	0.0001860155	8.153881e-05	6.27241e-05	0.0002527344	0.0021646584	5.231726e-05	0.98603326	0.00053657946	0.00091287715	0.00040046737	0.00089937245	0.000532925	0.0023985717
ERR3678619	0	palaeofaeces	0.0029471866	0.0015964048	0.00028062786	0.00013631802	7.697286e-05	1.6928101e-05	6.2888685e-05	0.0031489034	0.00011660708	0.97753066	0.0007609898	0.00090504746	0.00017797011	0.0019893663	0.0100249415	0.00022817645
ERR3678620	0	palaeofaeces	0.0029395851	0.0024013207	0.0012872625	0.00021554777	5.456798e-05	8.2266175e-05	0.00050721393	0.0024190817	6.822419e-05	0.97914964	0.000298105	0.001494626	0.0008704585	0.0007308365	0.0016512466	0.0058300365
ERR3678622	0	palaeofaeces	0.004855353	0.0010285366	0.00037018853	0.00011160597	0.00010324441	0.00018561649	3.3536628e-05	0.001429983	4.1916952e-05	0.98789626	0.000432149	0.00053306785	8.447491e-05	0.0011560495	0.0011520803	0.000585952
ERR3678623	0	palaeofaeces	0.0033755018	0.0015712068	0.003584037	0.00020369193	0.00014384216	7.453974e-05	0.0006849206	0.0047188606	0.000103496204	0.97753304	0.0007075492	0.0030133035	0.0008236777	0.0011247491	0.0006373544	0.0017002014
ERR3678625	0	palaeofaeces	0.01016413	0.001605073	0.00094039866	0.0003000796	0.00019676093	0.00017899295	6.1502054e-05	0.0019890529	0.00010356856	0.9717303	0.0006899861	0.00062641833	0.00041952872	0.0016493067	0.008027651	0.0013172331
ERR3678626	0	palaeofaeces	0.005274952	0.002832241	0.005110729	0.0005815817	0.00021930011	0.00012572962	0.003138915	0.006800186	0.00022336571	0.9558027	0.0021364223	0.008307519	0.0015826735	0.0016694167	0.0021342784	0.0040600053
ERR3678627	0	palaeofaeces	0.0016565104	0.00057246385	3.4452056e-05	0.000120563716	2.6767157e-05	2.556085e-05	1.7006764e-06	0.0013509992	8.984052e-06	0.99474835	4.7646052e-05	7.5078744e-05	2.6673579e-06	0.00065058074	0.0006704354	7.249608e-06
ERR3678628	0	palaeofaeces	0.0003557962	0.00044665707	0.00074018136	6.2251915e-05	8.897433e-05	3.852563e-05	0.00030037112	0.0028700412	1.989564e-05	0.9930301	0.0004566456	0.0002762455	5.5825447e-05	0.000537199	4.5367262e-05	0.00067597476
ERR3678629	0	palaeofaeces	0.00034235438	0.00045829776	0.00010217172	1.8666788e-05	6.061125e-06	9.288899e-06	2.697522e-05	0.0013342598	9.9658055e-06	0.99697447	2.0270536e-05	0.00011182851	5.164529e-05	0.00015848817	7.5467324e-05	0.00029980685
ERR3678727	0	dental calculus	2.4720794e-38	1.0	4.5611622e-17	6.2558605e-26	2.1552321e-28	1.6542313e-30	1.0983086e-31	1.8331135e-23	2.4765601e-26	1.7235566e-21	1.8991527e-28	5.3858718e-28	2.8311054e-34	8.5553076e-23	5.1050525e-10	3.7261598e-35
ERR3906046	0	dental calculus	5.418686e-21	0.99999994	4.3393428e-08	3.5873075e-14	1.8383702e-12	4.4103808e-13	3.9035932e-16	2.265267e-12	9.5541115e-15	6.8051643e-14	9.107278e-13	5.153102e-13	3.8883527e-18	1.2357421e-12	1.7720203e-09	2.878775e-17
ERR4334735	0	lake sediment	0.00034018618	0.0003973574	0.00019517116	2.4589443e-05	0.92071486	3.977e-06	0.012792554	0.0041806744	7.460293e-05	0.000103295955	0.0025341215	0.05702104	0.00048039565	0.0010017199	0.00010926037	2.6214602e-05
ERR4334736	0	lake sediment	4.4838824e-05	8.955602e-05	3.5507066e-05	1.587544e-05	0.98472536	5.352799e-06	0.00055519724	0.002374241	2.5490566e-05	3.6293342e-05	0.0056444705	0.005571099	1.0620345e-05	0.00086096127	4.6761797e-06	4.4619142e-07
ERR4426516	0	sediment	0.07151866	0.044414885	0.036373932	0.0041531674	0.028439932	0.0043116384	0.38828316	0.016979463	0.0035847267	0.010893646	0.09033413	0.08540224	0.13676067	0.0033554903	0.05267199	0.022522276
ERR4426517	0	sediment	0.3645051	0.032249812	0.015620268	0.0072958744	0.028186793	0.002602886	0.06442247	0.01075538	0.0029661758	0.007556158	0.025517736	0.1420334	0.06421016	0.003292342	0.2272654	0.0015200219
ERR4426518	0	sediment	0.22468354	0.16841713	0.01647925	0.015362453	0.06290214	0.010757772	0.013564591	0.09986428	0.0056067584	0.020732766	0.17122515	0.092375435	0.010993471	0.018799232	0.06772848	0.0005075637
ERR4426519	0	sediment	0.32264495	0.03441606	0.015908709	0.0018622372	0.09288288	0.0019739147	0.06965438	0.036633126	0.0035161318	0.0057884427	0.045180492	0.20388643	0.07869055	0.008718314	0.0718261	0.006417262
ERR4426520	0	sediment	0.33308524	0.038500667	0.02032192	0.0025208897	0.15837789	0.0012742864	0.072511815	0.050429	0.0030889777	0.005407788	0.0556182	0.15938699	0.02066338	0.009392935	0.06480001	0.004620009
ERR4426521	0	sediment	0.22753717	0.033586536	0.022554975	0.0030442495	0.14602329	0.002712506	0.052032106	0.019187376	0.0039010062	0.0069087516	0.06654136	0.1635827	0.20362025	0.0043946067	0.035315905	0.009057207
ERR4426522	0	sediment	0.29430416	0.0332139	0.02335633	0.0021211354	0.05565562	0.0021397232	0.11710591	0.01519523	0.0031033086	0.0068008923	0.061092712	0.18567039	0.0691246	0.00411409	0.1105404	0.016461603
ERR4426523	0	sediment	0.11477694	0.0131461825	0.014327732	0.002711307	0.1778482	0.0008252161	0.0044041765	0.2873758	0.003802097	0.0029218644	0.100939326	0.18832517	0.04706535	0.033557065	0.0077475403	0.00022601073
ERR4426524	0	sediment	0.49186122	0.05471489	0.038355395	0.0042217975	0.019051362	0.002135799	0.045585692	0.041068286	0.0020856315	0.008023148	0.120434195	0.04837002	0.062057696	0.006135551	0.05011633	0.005782988
ERR4426525	0	sediment	0.7266468	0.024197886	0.00096056453	0.010462553	0.034785148	0.00023888079	0.0053739096	0.0079037035	0.0023184444	0.003168136	0.003005256	0.045781765	0.0022294344	0.0016597264	0.13123266	3.5131023e-05
ERR4426526	0	sediment	0.12928899	0.033152	0.0040607317	0.0048605124	0.14791521	0.00087541516	0.007484359	0.21982855	0.0065884083	0.0064700865	0.067809984	0.2728436	0.0074402634	0.04203417	0.049120106	0.00022761444
ERR4426527	0	sediment	0.029140225	0.008433362	0.0062919497	0.002530849	0.09565697	0.0012313495	0.010601924	0.45749775	0.0042501655	0.0030423861	0.14930764	0.17903379	0.0047060316	0.04301082	0.0048635276	0.00040128556
ERR4426529	0	sediment	0.05333517	0.04348385	0.004131954	0.003649178	0.14497921	0.0005479414	0.029542917	0.100285664	0.0033517275	0.003757644	0.07738373	0.45666873	0.02934679	0.014290848	0.032544572	0.0027000778
ERR4426530	0	sediment	0.085241124	0.03160053	0.023747014	0.0025608337	0.1712237	0.0025026852	0.17593393	0.014310956	0.003699278	0.0055914894	0.037412915	0.3303521	0.04126997	0.0034649218	0.05337135	0.01771721
ERR4426531	0	sediment	0.09575655	0.03108296	0.015085491	0.002169703	0.1619705	0.0015948167	0.2067235	0.017551586	0.0033949707	0.0053392965	0.027717713	0.3265131	0.02916961	0.0038439517	0.06012799	0.011958238
ERR4426532	0	sediment	0.10604823	0.033257965	0.016839175	0.003224212	0.19657902	0.0025445619	0.14382625	0.014790235	0.003747642	0.006849828	0.024942104	0.2640059	0.123087995	0.0033488125	0.03813101	0.018777072
ERR4426533	0	sediment	0.13619494	0.030035041	0.018883193	0.0024521681	0.088284895	0.0023421035	0.16055048	0.0123387575	0.0030542528	0.0065553556	0.04298016	0.36308613	0.043157242	0.0027449375	0.06577046	0.021569878
ERR4426534	0	sediment	0.03243869	0.03503333	0.003963164	0.0075886464	0.047151435	0.00049270876	0.03331245	0.20537277	0.009048966	0.0064791846	0.04708602	0.45013833	0.015817137	0.01911937	0.08500838	0.0019494253
ERR4426535	0	sediment	0.113791704	0.030407997	0.00883938	0.0028819882	0.06483932	0.0005197716	0.17788503	0.075346865	0.00341843	0.0036374733	0.10200519	0.29703587	0.028809097	0.0076570874	0.07787605	0.0050487565
ERR4426536	0	sediment	0.15153338	0.025690056	0.013067069	0.0022875986	0.18669936	0.0028225791	0.10203165	0.04381681	0.002335913	0.0054987622	0.046356224	0.30345213	0.021687	0.007176811	0.07865856	0.006886098
ERR4426537	0	sediment	0.063896276	0.029792774	0.011007481	0.0056611123	0.1694166	0.0015281369	0.036925577	0.3415749	0.003426588	0.0041790744	0.06476405	0.20292318	0.011950997	0.019923527	0.03170231	0.0013273992
ERR4426538	0	sediment	0.019149097	0.051208127	0.0029874349	0.007660671	0.03388947	0.00014940255	0.019910574	0.36201733	0.015684262	0.004734383	0.20341617	0.16930059	0.0026698783	0.08590007	0.020949729	0.00037280808
ERR4426539	0	sediment	0.0599184	0.030976007	0.007490719	0.0025214453	0.09211411	0.0004501879	0.19616766	0.09646726	0.0038187148	0.0022571664	0.085652314	0.35132468	0.014102844	0.009446375	0.044222973	0.0030691437
ERR4426540	0	sediment	0.14086881	0.030006727	0.006913248	0.002884333	0.18072054	0.0016710154	0.07027405	0.07786343	0.0034984231	0.004739292	0.028843489	0.35774726	0.015641304	0.007485927	0.065435976	0.0054061897
ERR4426541	0	sediment	0.08360276	0.031000882	0.01397328	0.0030911148	0.2862887	0.0015279144	0.117471024	0.032976843	0.0039020185	0.00636013	0.015184715	0.30259597	0.053545702	0.0048881774	0.03620036	0.007390396
ERR4426542	0	sediment	0.13529046	0.030554438	0.020823961	0.003095318	0.12671657	0.003383122	0.17793374	0.019143479	0.0035305754	0.0063750483	0.048735313	0.2656206	0.094032444	0.0043601305	0.04649308	0.013911751
ERR4426543	0	sediment	0.016574059	0.020095611	0.0023793136	0.0094069885	0.06281585	0.00021693457	0.007901306	0.516701	0.012680983	0.004264032	0.13320872	0.14667833	0.003420869	0.04846274	0.014845519	0.00034776828
ERR4426545	0	sediment	0.057593133	0.022836316	0.024304627	0.003868142	0.19303708	0.0033769575	0.04542675	0.31329274	0.0022927814	0.009874415	0.11415753	0.13619594	0.0228054	0.045313187	0.004556547	0.0010684417
ERR4426546	0	sediment	0.059273172	0.01570037	0.05117928	0.003885987	0.18513633	0.013217141	0.06308879	0.043437593	0.004217704	0.015005773	0.15341967	0.27408248	0.058218062	0.018653408	0.027168663	0.014315573
ERR4426547	0	sediment	0.07401899	0.015040724	0.020079115	0.0040015485	0.15516433	0.0074686273	0.033678256	0.08701607	0.0037069032	0.005460054	0.17868513	0.3568106	0.02245985	0.022882646	0.009664212	0.0038629381
ERR4426548	0	sediment	0.018559614	0.010124213	0.025123723	0.0037359535	0.33329472	0.006852231	0.051656764	0.10607058	0.004838211	0.008436818	0.19640854	0.12970714	0.015498889	0.057212375	0.026752057	0.005728183
ERR4426549	0	sediment	0.06441789	0.0073576686	0.010354789	0.0032447847	0.2466233	0.0029717286	0.0028507512	0.2694094	0.0026548402	0.004935663	0.23487847	0.0754324	0.006005682	0.06264126	0.0054513207	0.00077006145
ERR4426550	0	sediment	0.012556408	0.0065190266	0.004226612	0.011255313	0.058593217	0.0011871594	0.0038409869	0.63878757	0.012273454	0.0038086842	0.056372195	0.13625795	0.00021122044	0.051618323	0.002243269	0.00024862727
ERR4426552	0	sediment	0.36094165	0.030869715	0.0027629184	0.00691951	0.043915953	0.00045587594	0.0047975895	0.046588793	0.003583433	0.0048177694	0.08579153	0.06960529	0.00891112	0.011211304	0.3187919	3.5641384e-05
ERR5863536	0	palaeofaeces	0.00015515799	0.0037105917	0.00023723341	0.00015894225	0.009498929	1.793654e-06	0.00086244085	0.32170194	0.004949738	0.40276462	0.039961074	0.05154876	5.963891e-05	0.16424048	0.00012528071	2.336806e-05
ERR6093854	0	dental calculus	0.10254317	0.1933614	0.07034422	0.002161292	0.08410263	0.002166527	0.13518776	0.022679457	0.0022542002	0.009616548	0.03457391	0.21938771	0.03741057	0.003868217	0.059963427	0.020378968
ERR6093855	0	dental calculus	0.07208081	0.18013413	0.079886146	0.002102018	0.04894604	0.0022235468	0.1972876	0.012207972	0.0020887908	0.010871795	0.02544716	0.22940585	0.04497613	0.004694772	0.06400522	0.023642
ERR6093856	0	dental calculus	0.084825374	0.16675538	0.075981796	0.0023297397	0.055002313	0.0020977482	0.15933378	0.012378026	0.0022926116	0.009958029	0.024505036	0.30257213	0.0404897	0.0031891088	0.04366594	0.014623268
ERR6093857	0	dental calculus	0.11795309	0.22069427	0.08328256	0.0020765709	0.07891662	0.0021899482	0.13425954	0.023349207	0.0022515007	0.008531186	0.040019777	0.15962002	0.05013239	0.0030735584	0.056840055	0.016809713
ERR6093858	0	dental calculus	0.24678755	0.055561423	0.0764666	0.0034690758	0.051889468	0.0050241905	0.12648696	0.011214494	0.0037289644	0.010099644	0.07715922	0.12539953	0.10007243	0.0031326807	0.07114932	0.032358464
ERR6093859	0	dental calculus	0.11556973	0.05737109	0.0616969	0.0029983476	0.056107394	0.003701496	0.17549205	0.017063411	0.0041692792	0.013933025	0.08751289	0.15192665	0.105704315	0.004348807	0.10876438	0.033640232
ERR6093860	0	dental calculus	0.1276781	0.058978878	0.09564371	0.0036912053	0.029902933	0.005791119	0.1292236	0.011598577	0.0035992288	0.013899009	0.11265035	0.12259458	0.19083622	0.0034376096	0.06989453	0.020580372
ERR6093861	0	dental calculus	0.12917091	0.06353989	0.09753573	0.0037463007	0.03894052	0.0057342597	0.11457811	0.013661404	0.0032094673	0.01161366	0.15283847	0.09947831	0.18714899	0.0032890507	0.05356491	0.021950025
ERR6093862	0	dental calculus	0.0019194521	0.91683155	0.0041869427	0.017399056	0.005338878	0.00058665057	0.0065638605	0.023219697	0.005001327	0.0065216213	0.0010568638	0.0014311619	0.0036142303	0.00039498394	0.0056948313	0.00023889366
ERR6093863	0	dental calculus	0.0012219001	0.92039	0.005483809	0.012033832	0.0057042683	0.0003822112	0.005070909	0.02343488	0.0040708436	0.010271603	0.0005153976	0.0031810245	0.0014785936	0.00038559322	0.006070668	0.00030445328
ERR6093864	0	dental calculus	0.00096104643	0.936531	0.003505697	0.013494329	0.0055416604	0.0003981402	0.0060873004	0.013419679	0.00414999	0.0062650098	0.0003918774	0.002620699	0.00090244267	0.00026637368	0.005140192	0.00032452846
ERR6093865	0	dental calculus	0.0011948805	0.9337959	0.004350721	0.011024782	0.00528139	0.00026076118	0.0053418996	0.016413348	0.0046805935	0.007293659	0.0002975365	0.0021820287	0.0007746872	0.0003573709	0.0065446445	0.00020578441
ERR6093866	0	dental calculus	0.0011437474	0.44967505	0.4913924	0.00033519155	0.0024744351	5.605888e-05	0.012532475	0.009310646	0.0003230587	0.005410605	0.0010908028	0.010851588	0.0018396097	0.007493661	0.0055593555	0.0005113059
ERR6093867	0	dental calculus	0.004525585	0.52229464	0.34937838	0.0006043064	0.00719568	6.215464e-05	0.024889203	0.019409386	0.0008960566	0.013326019	0.002563464	0.025295323	0.004908306	0.012652555	0.010908313	0.0010906475
ERR6093868	0	dental calculus	0.001452512	0.6380177	0.27455172	0.00029872957	0.0037288186	4.1482017e-05	0.029466512	0.008289973	0.00044455993	0.006792161	0.001381407	0.006964619	0.0030116916	0.009233534	0.015640361	0.0006842074
ERR6093869	0	dental calculus	0.00158978	0.5901393	0.31470415	0.00040350584	0.0034881397	3.8450704e-05	0.02296096	0.008241402	0.0005436361	0.010653252	0.001512579	0.020405248	0.0027763287	0.010769263	0.010643055	0.0011309397
ERR6093870	0	dental calculus	2.026013e-05	0.8786182	0.1065526	0.00033702308	0.0010347002	9.782682e-07	0.0006054498	0.0077321376	0.00032936427	0.003101188	1.920378e-05	0.0002673231	2.0698182e-05	0.0007541485	0.0006003281	6.3984926e-06
ERR6093871	0	dental calculus	2.0903568e-05	0.85020036	0.13780478	0.0003622229	0.00060934975	1.0267543e-06	0.0010391226	0.0043360842	0.00031393042	0.0027140034	1.8726096e-05	0.0004329827	1.7027918e-05	0.0009337732	0.0011913636	4.382331e-06
ERR6093872	0	dental calculus	1.4958045e-05	0.90890604	0.0794886	0.00033981554	0.00044422952	1.0680843e-06	0.0005192932	0.005892975	0.00022060989	0.0026463957	1.0384991e-05	0.00025899717	2.4669649e-05	0.0006679708	0.00055998366	4.027751e-06
ERR6093874	0	dental calculus	2.2557218e-05	0.9305534	0.062348675	0.00021147096	0.0003253299	8.1792575e-07	0.00025064353	0.0033124005	0.00016479961	0.0017038977	1.410163e-05	0.00016965234	2.6656084e-05	0.0003667304	0.00052658387	2.278214e-06
ERR6093875	0	dental calculus	8.3533706e-07	0.32082728	0.66211337	1.1689862e-05	7.905942e-05	7.095984e-08	4.404802e-05	0.000509165	1.2886954e-05	0.015795639	1.5494692e-05	0.0002990644	1.929732e-06	0.00021998501	6.7288325e-05	2.2432214e-06
ERR6093876	0	dental calculus	1.0729922e-06	0.2971822	0.6846877	6.3515695e-06	4.514478e-05	4.3159858e-08	2.5720583e-05	0.0003326839	1.0062938e-05	0.01734684	7.67943e-06	0.00013501439	1.0049673e-06	0.0001909409	2.6342392e-05	1.2348938e-06
ERR6093877	0	dental calculus	1.0952576e-06	0.3535004	0.6307591	8.93254e-06	6.780769e-05	5.0186724e-08	4.502711e-05	0.000280973	8.854199e-06	0.014848054	2.1303113e-05	0.00018522442	1.0529108e-06	0.00021456984	5.5790922e-05	1.7787219e-06
ERR6093878	0	dental calculus	9.447031e-07	0.31341615	0.6715801	7.456214e-06	7.510613e-05	3.9269775e-08	3.4234028e-05	0.00021965518	9.687029e-06	0.014256946	8.987392e-06	0.00017782678	7.9121054e-07	0.0001636406	4.6242152e-05	2.208044e-06
ERR6093879	0	dental calculus	6.1535226e-05	0.59718245	0.39499602	4.523978e-05	3.306705e-05	1.6091325e-06	8.694975e-05	0.001984657	2.3311974e-05	0.004356382	6.533805e-05	0.0001064486	0.00011397824	0.0003981607	0.0004594262	8.5422085e-05
ERR6093880	0	dental calculus	2.760418e-05	0.4867384	0.50968057	1.5930505e-05	3.3327262e-05	9.754906e-07	4.070238e-05	0.0009769339	1.3852222e-05	0.0015327206	2.7995115e-05	3.7674592e-05	4.1476065e-05	0.00015484719	0.00062087865	5.6104236e-05
ERR6093881	0	dental calculus	2.4979874e-05	0.5622798	0.4343043	3.0499856e-05	2.6201269e-05	1.3309486e-06	4.4645163e-05	0.0010530901	1.0980876e-05	0.0015241301	3.1047384e-05	2.9783403e-05	3.9276987e-05	8.964129e-05	0.00046431125	4.597415e-05
ERR6093882	0	dental calculus	9.586275e-05	0.7339082	0.25906327	3.0021436e-05	3.3864602e-05	1.020557e-06	0.00010935104	0.0017739554	1.137018e-05	0.0039174794	4.2413776e-05	4.190126e-05	0.000102177895	0.00031157662	0.0004915968	6.595856e-05
ERR6093883	0	dental calculus	2.2314498e-06	0.67155266	0.32064763	0.0007460127	0.0001776615	2.8129284e-07	0.00012411174	0.0047811246	0.000808787	0.00039201704	4.605956e-05	8.075764e-05	1.5792638e-06	0.0004290059	0.00020854763	1.5255188e-06
ERR6093885	0	dental calculus	6.645927e-07	0.30658394	0.6785143	0.0010849221	0.00012180912	2.0924759e-07	0.0002594851	0.010655904	0.00096739456	0.0006933504	8.77026e-05	6.372903e-05	2.9403568e-06	0.00069038296	0.00026853516	4.7176864e-06
ERR6093886	0	dental calculus	2.3246619e-06	0.59364134	0.3968672	0.00084459997	0.000114813076	2.8838673e-07	0.00017167177	0.0057344576	0.0011060095	0.000374707	4.2622956e-05	7.49233e-05	1.8168058e-06	0.00070537016	0.00031513753	2.7352996e-06
ERR6093887	0	dental calculus	1.2871668e-06	0.5275874	0.46232322	0.0004953595	0.00022949769	2.397716e-07	0.00018570553	0.0066370675	0.0011926471	0.00033978865	8.114606e-05	7.949771e-05	5.684733e-07	0.0006686112	0.00017631016	1.6637425e-06
ERR6093888	0	dental calculus	0.00723002	0.56881464	0.0013343631	0.11638262	0.0005326108	2.5324741e-06	6.0518498e-05	0.006241815	0.015938692	0.0056655947	3.690377e-05	0.0012122883	3.6995173e-06	0.003520078	0.27302307	5.4305735e-07
ERR6093889	0	dental calculus	0.00874212	0.5813416	0.0013441809	0.064374685	0.0002972335	2.6505152e-06	3.6505648e-05	0.0064017796	0.019704401	0.006883095	3.253388e-05	0.0010936351	3.6404604e-06	0.0024521286	0.30728945	3.3799452e-07
ERR6093890	0	dental calculus	0.0050392267	0.67589074	0.0019877085	0.06504731	0.00016628203	2.2181039e-06	2.8179025e-05	0.003814917	0.00895183	0.0058661154	1.268966e-05	0.0008231284	1.4511203e-06	0.0022380226	0.23012994	2.0467857e-07
ERR6093891	0	dental calculus	0.010718694	0.64065206	0.00094588613	0.06422998	0.00022908478	2.6409552e-06	4.405287e-05	0.010010781	0.027983885	0.007486533	3.4976114e-05	0.00092296436	3.278065e-06	0.0035313468	0.23320334	5.085385e-07
ERR6093893	0	dental calculus	0.004841986	0.41204327	0.001250936	0.4980616	0.0011957076	0.00022266463	0.0033228619	0.02189092	0.023980608	0.017424244	0.0016876231	0.0003722743	0.0002989623	0.0004823327	0.012920725	3.2591072e-06
ERR6093894	0	dental calculus	0.009124101	0.24277127	0.0014544067	0.6768498	0.0010851562	0.00042571366	0.004726165	0.014917323	0.023561724	0.016677976	0.0021128738	0.000589402	0.00029960054	0.00070028176	0.0047015054	2.7359836e-06
ERR6093896	0	dental calculus	0.0072325794	0.26127222	0.0012953196	0.6701989	0.0015354175	0.00036050347	0.0032528297	0.014349951	0.022063015	0.011163491	0.0020001202	0.0003866305	0.00017951844	0.00064638694	0.004058717	4.4105154e-06
ERR6093897	0	dental calculus	0.0057849716	0.19683883	0.0010885746	0.7232916	0.0016928175	0.00026525973	0.009797572	0.019127907	0.019730946	0.012849663	0.0013280445	0.00042174317	0.0003507423	0.00058530155	0.0068404647	5.614914e-06
ERR6093899	0	dental calculus	4.1984807e-05	0.8015043	0.18033418	0.00045044883	0.0006325732	2.905568e-06	0.0035748945	0.007336234	0.00052713696	0.002368239	2.6277905e-05	0.002138842	5.0091498e-05	0.00024676917	0.00075278274	1.2304105e-05
ERR6093900	0	dental calculus	3.1429012e-05	0.8244143	0.16036376	0.00035993953	0.00026314287	2.426229e-06	0.0023839583	0.0081327995	0.00038936458	0.0011806593	1.8417777e-05	0.0015972671	3.3562577e-05	0.00019383509	0.0006235866	1.1528092e-05
ERR6093901	0	dental calculus	3.807552e-05	0.802975	0.1801592	0.00039718184	0.00036602854	2.6678342e-06	0.0018643835	0.008550566	0.0007083029	0.0018528638	2.2432314e-05	0.0019397263	4.325177e-05	0.0002481929	0.00081914244	1.2964377e-05
ERR6093902	0	dental calculus	3.7518475e-05	0.75516546	0.2233782	0.0004901471	0.00048599602	2.602454e-06	0.005513281	0.009494267	0.0006437193	0.0024823667	1.8681128e-05	0.0012689887	0.00011284002	0.00026153712	0.0006331236	1.127117e-05
ERR6093903	0	dental calculus	0.002582025	0.8904632	0.019791983	0.010179581	0.0019139011	0.00021998123	0.0125909615	0.016821003	0.015236034	0.004844933	0.001557118	0.004921458	0.002233209	0.00046086087	0.015832782	0.00035101976
ERR6093904	0	dental calculus	0.0036714813	0.88908756	0.019549431	0.015875246	0.0017561668	0.00018262026	0.011787401	0.015776087	0.013596982	0.0065365164	0.0018315221	0.0057718656	0.002301445	0.00071706955	0.011188909	0.00036968166
ERR6093905	0	dental calculus	0.0015356166	0.9095599	0.018186573	0.008918497	0.0010701666	0.00016460173	0.0145479515	0.012742806	0.010303132	0.00400227	0.002018821	0.0041431906	0.0022749614	0.00053036434	0.009638762	0.00036238375
ERR6093906	0	dental calculus	0.0013987186	0.8857542	0.013361408	0.014236872	0.0010560091	0.00014633214	0.020225314	0.017664619	0.019656906	0.0043262127	0.0011496263	0.009739531	0.001965122	0.00049669296	0.008491343	0.00033105272
ERR6093907	0	dental calculus	8.6025454e-07	0.19719361	0.8013013	9.988887e-06	5.7917972e-05	5.8026217e-08	3.8592887e-05	0.0009622594	6.9613925e-06	0.0001593335	5.322996e-06	1.1996148e-05	1.59503e-07	0.00015902899	9.0843736e-05	1.7839658e-06
ERR6093908	0	dental calculus	7.9984443e-07	0.42387104	0.57402253	1.4587319e-05	3.4977027e-05	6.422489e-08	3.2320007e-05	0.0013786968	1.3893573e-05	0.00019383975	8.038417e-06	1.8618579e-05	1.8804045e-07	0.00013320852	0.00027374658	3.4380976e-06
ERR6093909	0	dental calculus	5.118317e-07	0.35718837	0.6410324	1.8497345e-05	5.4539672e-05	6.33455e-08	3.3381693e-05	0.0011715454	1.2715216e-05	0.00017358357	6.8192885e-06	1.836017e-05	3.536589e-07	0.00016022257	0.00012715053	1.5072969e-06
ERR6093910	0	dental calculus	9.847174e-07	0.28138924	0.71559453	1.1713178e-05	4.391423e-05	9.861854e-08	4.7272344e-05	0.002271748	1.25387405e-05	0.00020913959	9.521428e-06	1.3680677e-05	7.6288103e-07	0.00027551752	0.00011801602	1.3215871e-06
ERR6093912	0	dental calculus	0.00016580896	0.86473465	0.02505347	0.02918817	0.0016464059	4.3555614e-05	0.0026015718	0.04171794	0.012618127	0.011651357	0.00020525556	0.0065920437	0.00010462747	0.002781549	0.00082548277	7.001403e-05
ERR6093913	0	dental calculus	0.00026238896	0.84651995	0.03297836	0.022865465	0.002649776	3.4016834e-05	0.0034676224	0.05328079	0.010477345	0.014437189	0.0002725821	0.0062249275	0.000108201864	0.0045483615	0.0018205628	5.246423e-05
ERR6093914	0	dental calculus	0.00015938074	0.8349016	0.04735245	0.026902385	0.002452366	2.6061052e-05	0.0042671836	0.053432472	0.008981493	0.011029058	0.00019424036	0.005921483	8.415164e-05	0.0033064825	0.00090483506	8.439044e-05
ERR6093916	0	dental calculus	0.00031364083	0.8573714	0.018484455	0.020306928	0.002224663	3.4708984e-05	0.0016503794	0.06433647	0.011125325	0.015447843	0.0001398302	0.004621976	8.3368264e-05	0.0029373898	0.000898919	2.2723296e-05
ERR6093917	0	dental calculus	1.1287991e-07	0.018246407	0.98150826	2.6525132e-07	7.838413e-06	4.000934e-09	2.768565e-05	4.3836048e-05	2.261365e-06	1.0099414e-05	8.7228855e-06	4.5537934e-05	3.489021e-07	5.85666e-05	3.8625363e-05	1.4404474e-06
ERR6093919	0	dental calculus	2.9278203e-07	0.019792141	0.9799346	2.249778e-07	8.736219e-06	3.560739e-09	2.5604482e-05	7.392832e-05	1.5358593e-06	9.012564e-06	8.486424e-06	3.6771573e-05	3.5406296e-07	7.6650125e-05	3.1262072e-05	4.2453308e-07
ERR6093920	0	dental calculus	3.8537343e-07	0.025840634	0.97391856	3.8188549e-07	8.589579e-06	4.415004e-09	2.9313429e-05	5.8009453e-05	1.5565965e-06	1.1344114e-05	6.860799e-06	3.4313085e-05	2.6210446e-07	6.648662e-05	2.266357e-05	6.269814e-07
ERR6093921	0	dental calculus	1.6921905e-07	0.020152252	0.97960174	1.948642e-07	6.121728e-06	3.8428065e-09	2.6945208e-05	7.7220706e-05	1.166222e-06	8.905048e-06	8.917131e-06	4.785451e-05	3.2030064e-07	4.811034e-05	1.9854826e-05	2.504999e-07
ERR6093922	0	dental calculus	0.0005218821	0.90616417	0.0007948765	0.044598095	0.001099164	1.926278e-06	1.1415097e-05	0.011690481	0.0016123225	0.003127315	9.241484e-06	7.1703376e-05	1.2669536e-06	0.0007033692	0.029592782	1.29031275e-08
ERR6093923	0	dental calculus	0.00088943454	0.93051857	0.0018280221	0.035250984	0.0010623062	1.6486647e-06	1.8161929e-05	0.010929627	0.0016265637	0.0037969458	7.146381e-06	4.2542535e-05	1.8154807e-06	0.0005462304	0.013480009	1.297882e-08
ERR6093924	0	dental calculus	0.000364096	0.9181806	0.00095042976	0.042698245	0.0010059086	1.7458498e-06	2.5036492e-05	0.010188183	0.0009936023	0.0052341097	9.199109e-06	6.747004e-05	2.3793677e-06	0.0006141959	0.019664796	5.043467e-09
ERR6093926	0	dental calculus	0.00049942924	0.91646945	0.0014470803	0.038938846	0.0006529214	2.1219455e-06	1.4635625e-05	0.012577572	0.0015195779	0.004934632	8.259709e-06	7.929598e-05	1.7808475e-06	0.00055506645	0.022299314	1.0290954e-08
ERR6093927	0	dental calculus	0.00011619326	0.8823609	0.035324506	0.003417094	0.0014843653	4.451588e-05	0.01975979	0.028055344	0.0027146474	0.021521885	0.00026290258	0.0013645604	0.0014457732	0.0006184957	0.0014307293	7.834281e-05
ERR6093928	0	dental calculus	0.00015028859	0.8311359	0.0700937	0.00974384	0.0035194103	6.842493e-05	0.03446748	0.024998166	0.0045203203	0.014234709	0.00040596086	0.0028995052	0.00160683	0.0009127239	0.0011269834	0.0001157487
ERR6093929	0	dental calculus	0.000109009	0.8451481	0.06658902	0.004270525	0.0029380296	4.1803003e-05	0.0327912	0.018534457	0.002832213	0.020837495	0.00047574536	0.0016583623	0.0014630107	0.00080039474	0.001406581	0.00010405248
ERR6093930	0	dental calculus	0.00013630197	0.7856712	0.08625613	0.008537678	0.003947872	8.117024e-05	0.026272219	0.035842348	0.0048146085	0.037451595	0.0007100662	0.0045332927	0.0030237432	0.0011637186	0.0013202151	0.0002378967
ERR6093931	0	dental calculus	0.00045252463	0.0637162	0.88488585	0.00013346874	0.0033376636	0.00039088243	0.0011173184	0.012266971	0.00015647526	0.006164629	0.0043352814	0.016974183	0.00022859225	0.004666251	0.00075812056	0.00041561143
ERR6093932	0	dental calculus	0.00062182243	0.04583036	0.9319901	9.0589616e-05	0.0019611511	0.00037251686	0.0007879783	0.004994383	0.00011523437	0.0038293353	0.0013322615	0.004955033	0.000113674156	0.0024589647	0.00044034075	0.000106248415
ERR6093934	0	dental calculus	0.0006372996	0.09310751	0.8594189	0.00023078154	0.0031261048	0.0006122216	0.0010198697	0.012539147	0.00013543668	0.0073593324	0.0021142033	0.013539845	0.0003533402	0.005192495	0.0004745435	0.00013892139
ERR6093935	0	dental calculus	0.0008790783	0.07369854	0.88412285	0.00014426846	0.0036770462	0.0013814257	0.0014206608	0.012021755	0.00018009267	0.005867515	0.003529534	0.0056556948	0.0002988436	0.0060971947	0.00045232262	0.000573172
ERR6093936	0	dental calculus	0.010752155	0.7078265	0.12615989	0.0005476645	0.0018007878	0.00011281014	0.04275632	0.017859757	0.0009548583	0.0026976946	0.0029562416	0.06586869	0.009228702	0.0004598166	0.009839438	0.00017866267
ERR6093937	0	dental calculus	0.014805786	0.6426513	0.20734528	0.00060266344	0.0020822582	9.717975e-05	0.025407791	0.019411933	0.0012184369	0.0025916419	0.001979184	0.06420432	0.008406541	0.00050932873	0.008501616	0.00018472181
ERR6093938	0	dental calculus	0.0104106115	0.5899426	0.22432558	0.0005708804	0.0015783029	0.00010773204	0.047771454	0.014612082	0.0010302222	0.0033747684	0.0028217682	0.08189109	0.010111236	0.00069497636	0.010389981	0.00036674427
ERR6093939	0	dental calculus	0.0069529205	0.64015347	0.16171174	0.0005022461	0.0016537477	0.00012100346	0.03272898	0.0111976	0.0009950713	0.0028395369	0.0037345595	0.11115342	0.017219005	0.0005608551	0.008239907	0.00023593471
ERR6093941	0	dental calculus	3.7745775e-07	0.49490696	0.49894705	1.1703847e-06	5.426744e-05	1.3203673e-07	2.0406087e-05	0.0009888412	2.890118e-06	0.003720516	1.6344115e-05	0.0005086955	1.2699046e-07	0.00080419076	2.2493092e-05	5.5298337e-06
ERR6093942	0	dental calculus	6.035386e-07	0.56340235	0.43149677	1.3308296e-06	5.848711e-05	1.214502e-07	2.6197167e-05	0.00084869383	3.6353401e-06	0.00298338	1.5448992e-05	0.0003721118	8.8705164e-08	0.00074772176	3.4944835e-05	8.098879e-06
ERR6093943	0	dental calculus	7.547271e-07	0.47013155	0.5223088	1.5478457e-06	2.9762667e-05	5.7166172e-08	2.8285955e-05	0.0005674202	2.9802802e-06	0.0057682055	2.608717e-05	0.00025797513	1.7981284e-07	0.0008203457	4.982752e-05	6.2195263e-06
ERR6093945	0	dental calculus	7.683082e-07	0.71083266	0.27753267	1.8419693e-06	4.4453893e-05	8.2256726e-08	3.115554e-05	0.0010863155	4.046205e-06	0.0090617705	3.2592292e-05	0.00031689063	2.3404466e-07	0.0010018075	4.0173327e-05	1.2530572e-05
ERR6093946	0	dental calculus	0.00334702	0.16096884	0.27364007	0.0006693493	0.010797286	0.0001823756	0.2783219	0.0065388465	0.00052006944	0.008641661	0.002889195	0.23369434	0.0044652023	0.0029442012	0.0024245088	0.009955155
ERR6093947	0	dental calculus	0.007208084	0.21493638	0.2545772	0.0007446763	0.012780159	0.00021892022	0.25237492	0.010277394	0.0008480144	0.010565796	0.004509051	0.215005	0.003319178	0.0031039158	0.0043097646	0.005221555
ERR6093948	0	dental calculus	0.004743372	0.24210972	0.22564563	0.0006680023	0.011426409	0.00021503857	0.26422217	0.011745704	0.0005559185	0.010670412	0.0039152023	0.20678242	0.005672756	0.0033481903	0.0034232675	0.0048557934
ERR6093949	0	dental calculus	0.006453481	0.27007046	0.26818177	0.0005905555	0.015465151	0.00017799082	0.22321312	0.008100847	0.0006874385	0.0069296486	0.0029920002	0.18181144	0.0047760983	0.0035152752	0.0032170047	0.003817738
ERR6093950	0	dental calculus	0.0043810317	0.4063654	0.5064559	0.00026096214	0.005988665	0.00013943523	0.01549874	0.0020866042	0.0003016977	0.0011387272	0.0038631582	0.028992753	0.0033893683	0.0006887315	0.018258631	0.0021901797
ERR6093951	0	dental calculus	0.0026731521	0.38681293	0.5201176	0.00020945138	0.0058000125	8.82346e-05	0.02508382	0.0014959207	0.00041910008	0.0010169161	0.004660332	0.015418084	0.0028686614	0.000909403	0.03110752	0.0013188813
ERR6093952	0	dental calculus	0.0051729437	0.26461276	0.6616626	0.00020216258	0.0040334994	8.336968e-05	0.020379107	0.0023983852	0.0003178005	0.0007801219	0.005747003	0.013334088	0.0018961498	0.00089136965	0.017288068	0.0012005551
ERR6093953	0	dental calculus	0.0046845395	0.31995615	0.57418084	0.00025669523	0.011648967	0.00012900881	0.017971272	0.0029795107	0.0005227695	0.0013932666	0.0077368063	0.02287649	0.004184518	0.0010843546	0.029194245	0.0012005473
ERR6093954	0	dental calculus	0.107953414	0.09020144	0.054698396	0.0023561763	0.08872127	0.003485057	0.24566405	0.011510665	0.0031068893	0.010611028	0.04746462	0.18279722	0.055738	0.0031207849	0.06469673	0.02787427
ERR6093955	0	dental calculus	0.14183247	0.11589177	0.058869515	0.0034009316	0.10392633	0.0035956707	0.21801685	0.017126398	0.0029671558	0.012058518	0.045959778	0.12120916	0.055796847	0.0035386977	0.07221389	0.023596022
ERR6093956	0	dental calculus	0.16199353	0.08696809	0.06663694	0.0027261106	0.06469719	0.0034882152	0.22546938	0.009126973	0.00314598	0.011105348	0.04452811	0.15921877	0.0526259	0.0032721453	0.07921509	0.025782228
ERR6093957	0	dental calculus	0.12786148	0.11756443	0.0629668	0.0033270735	0.07382125	0.0029331155	0.18848063	0.017938007	0.003196392	0.011410985	0.0465646	0.197999	0.055349406	0.0031944679	0.0663776	0.021014746
ERR6093958	0	dental calculus	4.871656e-05	0.7622684	0.21204959	0.0012605134	0.0007948113	1.027406e-05	0.003997183	0.01317077	0.0014739578	0.0021901978	9.181753e-05	0.0012911285	0.00024158742	0.0005777105	0.00051531737	1.8027753e-05
ERR6093959	0	dental calculus	7.539963e-05	0.7316937	0.24918574	0.0015915699	0.0011020792	7.222315e-06	0.003435382	0.005911758	0.0019255191	0.0017473967	0.00025095264	0.0013377588	0.00014327098	0.0007989991	0.0007635088	2.9771887e-05
ERR6093960	0	dental calculus	7.109076e-05	0.70972914	0.26855028	0.0015241979	0.0009798896	6.5795007e-06	0.0033000323	0.0076465127	0.0023352136	0.0015925851	0.00012963318	0.0023570664	0.00013398225	0.0006037505	0.0010238207	1.620707e-05
ERR6093961	0	dental calculus	6.369666e-05	0.68523985	0.2942126	0.001564527	0.00087955175	1.0144774e-05	0.004875949	0.0056148036	0.0015882396	0.001827538	0.00015757611	0.0013684458	9.866549e-05	0.00092658	0.0015404078	3.1373864e-05
ERR6093963	0	dental calculus	5.6146855e-06	0.06522519	0.9337216	2.99081e-06	1.0238557e-05	2.690026e-07	0.000120514786	0.00011455181	1.3537325e-05	3.809202e-05	7.9444275e-05	0.00048999407	1.1786051e-05	4.6328892e-05	0.00011702136	2.807641e-06
ERR6093964	0	dental calculus	4.959276e-06	0.038076818	0.9613635	1.4902922e-06	7.781576e-06	1.3118917e-07	7.365045e-05	7.201331e-05	5.7470543e-06	1.7963524e-05	4.717143e-05	0.00021708362	6.490945e-06	3.3819335e-05	7.001408e-05	1.3579144e-06
ERR6093965	0	dental calculus	4.8595857e-06	0.063478135	0.9355383	2.1681872e-06	1.4192505e-05	1.273787e-07	0.00025045883	0.000103049475	1.48814315e-05	2.7856291e-05	6.643072e-05	0.00033949295	2.0598482e-05	3.578448e-05	0.00010098854	2.677387e-06
ERR6093966	0	dental calculus	8.982821e-06	0.07883933	0.92006946	2.734359e-06	9.507632e-06	2.0715963e-07	0.00010170174	9.953627e-05	1.5542775e-05	4.2401498e-05	6.715437e-05	0.00045602839	2.8490871e-05	4.987104e-05	0.00020621176	2.8540956e-06
ERR6093967	0	dental calculus	6.017321e-05	0.30790946	0.68411714	4.2461495e-05	0.00056126306	1.75822e-06	0.0017049444	0.0021777893	4.1487696e-05	0.0010412153	0.00038853462	0.0005465558	5.7605826e-05	0.0006224319	0.00066762645	5.9547896e-05
ERR6093968	0	dental calculus	8.0030775e-05	0.37157455	0.6187964	6.7636916e-05	0.0009841855	1.5211364e-06	0.0017294728	0.003885959	4.528754e-05	0.0006718486	0.0002933537	0.0007507091	5.781324e-05	0.00052960636	0.0004742225	5.7388384e-05
ERR6093969	0	dental calculus	3.5572753e-05	0.26975736	0.7217897	5.6262797e-05	0.0010994236	1.2139718e-06	0.0024499907	0.0021295461	5.194936e-05	0.00077057927	0.0002820786	0.00066521077	3.728214e-05	0.0004908001	0.00033737652	4.5603854e-05
ERR6093970	0	dental calculus	4.0289033e-05	0.26771054	0.7210417	5.7793386e-05	0.0009908294	2.0241089e-06	0.0017599397	0.0046868813	5.1232422e-05	0.0010601038	0.0002722986	0.0009286423	7.009682e-05	0.0005589467	0.0006946127	7.413115e-05
ERR6093972	0	dental calculus	0.00049382757	0.7550726	0.06381215	0.017036665	0.0013491341	3.2723485e-05	0.018112043	0.014888867	0.08828504	0.011830563	0.0005079639	0.006564688	0.00014267523	0.0010783351	0.019923935	0.00086881075
ERR6096533	0	dental calculus	0.00035286532	0.79017365	0.057926714	0.011660413	0.0010993292	2.5559106e-05	0.010506578	0.009763419	0.06988635	0.010228273	0.00028670405	0.012108691	9.384608e-05	0.0010687057	0.024295816	0.0005230995
ERR6096535	0	dental calculus	0.00041708635	0.8120536	0.055216543	0.013726413	0.0010056228	2.2626837e-05	0.013371914	0.012070153	0.058298595	0.007770176	0.00038581144	0.0067938445	0.00015931432	0.000826539	0.017488662	0.00039306397
ERR6096536	0	dental calculus	0.00020408549	0.77189654	0.073990144	0.015160508	0.001026258	2.8736904e-05	0.012999445	0.013673331	0.06169904	0.012607694	0.00030209628	0.010969599	0.00012796118	0.0009834712	0.02382881	0.00050228817
ERR6096537	0	dental calculus	0.18213499	0.03451666	0.032161813	0.0027649885	0.072185345	0.0048090704	0.23833527	0.0083791325	0.0033418857	0.008449461	0.04233549	0.18037638	0.06947102	0.0022814132	0.0870196	0.031437498
ERR6096538	0	dental calculus	0.17906599	0.034648318	0.031328112	0.0030204565	0.075074926	0.004824907	0.24440461	0.009893643	0.003397134	0.008691466	0.040961392	0.17859015	0.07155973	0.0023619253	0.08197221	0.030205034
ERR6096539	0	dental calculus	0.15198745	0.03539573	0.030201435	0.0030945323	0.06038048	0.0045689596	0.23697509	0.009535957	0.0034559958	0.010813496	0.035079088	0.230209	0.060490247	0.0025276914	0.08656288	0.03872199
ERR6096540	0	dental calculus	0.17826414	0.03909761	0.037061322	0.0028928658	0.07744064	0.0049567726	0.22421753	0.008820989	0.0031789744	0.009300198	0.040916115	0.18602733	0.070834324	0.0022861413	0.082613304	0.032091748
ERR6096541	0	dental calculus	0.064334065	0.42407086	0.033152558	0.010627238	0.08043854	0.002651986	0.13939159	0.025541073	0.0019303316	0.017885946	0.009997486	0.05510234	0.013306641	0.0031313812	0.11536035	0.0030776148
ERR6096542	0	dental calculus	0.09942417	0.4016084	0.04811743	0.008325134	0.076887764	0.0029818157	0.09994333	0.04166545	0.0031757376	0.015976379	0.01263878	0.047431607	0.0148091195	0.0029937427	0.12167438	0.0023467382
ERR6096543	0	dental calculus	0.0654231	0.46465793	0.022266204	0.0072494047	0.08987613	0.0029807177	0.089167796	0.033838242	0.0027502514	0.014403521	0.01180673	0.054286543	0.012994569	0.0021206988	0.12311741	0.0030607556
ERR6096544	0	dental calculus	0.103083186	0.38689375	0.03288057	0.009118807	0.10343329	0.0033809482	0.092064984	0.04451691	0.0030057777	0.014593827	0.007851607	0.054285176	0.014805686	0.0025778462	0.12498582	0.0025218243
ERR6096545	0	dental calculus	2.9428336e-06	0.013749084	0.9853257	9.599826e-07	2.1690934e-05	1.077813e-07	0.00033034195	6.03809e-05	8.3695e-06	3.6568166e-05	3.263455e-05	0.00026018254	1.5970656e-05	5.4325996e-05	9.385868e-05	6.8865825e-06
ERR6096547	0	dental calculus	3.4292789e-06	0.014352708	0.9844571	1.0196262e-06	4.4548335e-05	9.235211e-08	0.00052019855	5.6003424e-05	9.031981e-06	2.5777186e-05	4.4362503e-05	0.00027296846	1.1874546e-05	6.0716215e-05	0.00012807963	1.210796e-05
ERR6096548	0	dental calculus	1.5655551e-06	0.01281619	0.98591846	1.4057706e-06	3.896466e-05	7.7042614e-08	0.00044700244	7.437921e-05	8.651082e-06	4.1671105e-05	4.7787304e-05	0.00038176813	7.772304e-06	7.6664604e-05	0.0001233395	1.4309256e-05
ERR6096549	0	dental calculus	2.2859108e-06	0.01454198	0.98439324	1.1255294e-06	2.6781436e-05	9.464952e-08	0.0003993466	8.945491e-05	1.0085091e-05	3.357211e-05	3.336662e-05	0.00028130424	1.3862615e-05	5.899527e-05	0.0001060389	8.456775e-06
ERR6096550	0	dental calculus	7.0068294e-05	0.8687183	0.10807382	0.00090755714	0.0037458714	1.5723896e-05	0.008546018	0.0028393741	0.00043550745	0.0025774338	0.00012597814	0.0025500504	4.142549e-05	0.0004133654	0.00079216337	0.00014731042
ERR6096551	0	dental calculus	7.5265874e-05	0.87259626	0.11201066	0.00042462727	0.0023776728	9.864085e-06	0.0046336865	0.002461819	0.00026117134	0.0021826266	0.00012137709	0.0019104965	4.1687465e-05	0.0003747989	0.0004381476	7.9836784e-05
ERR6096552	0	dental calculus	4.3917964e-05	0.89166975	0.094132505	0.00062914594	0.00083614385	1.0599736e-05	0.003933912	0.0036188758	0.0002645514	0.0020371403	0.00013168607	0.0018278236	3.8726434e-05	0.00040928103	0.00027529153	0.00014065558
ERR6096554	0	dental calculus	4.044596e-05	0.92186576	0.065631784	0.00033832103	0.0012891903	7.676425e-06	0.0024237547	0.00477157	0.00015753579	0.0015582229	9.972949e-05	0.001101037	1.8989018e-05	0.00026551497	0.0003325647	9.7895354e-05
ERR6096555	0	dental calculus	0.026402025	0.5198878	0.014438989	0.04432963	0.022206891	0.0028758375	0.06416819	0.056746602	0.063236326	0.04229645	0.003945007	0.027453592	0.015926529	0.0019553592	0.07734187	0.016788868
ERR6096557	0	dental calculus	0.02414285	0.57758355	0.011682869	0.04681094	0.01902865	0.0027656246	0.052279558	0.06401805	0.0556646	0.040833894	0.0044459975	0.015590078	0.021268658	0.0021029578	0.048748802	0.01303293
ERR6096570	0	dental calculus	0.025190156	0.52764994	0.01083512	0.049955774	0.024855431	0.0028857852	0.071991414	0.057646185	0.061745998	0.043783695	0.004681167	0.026260197	0.017206825	0.0016921901	0.058604147	0.015015989
ERR6096574	0	dental calculus	0.030592183	0.5118918	0.011738357	0.046906933	0.020349003	0.0033184031	0.06867156	0.08364211	0.055659153	0.044023037	0.0038637356	0.023576729	0.027642366	0.0018471149	0.053826198	0.012451324
ERR6096575	0	dental calculus	0.0006988233	0.7101786	0.24490891	0.00017540813	0.0031840748	1.1581367e-05	0.015601864	0.0058656437	0.00015097353	0.0026198416	0.00097042636	0.0077778352	0.0003896292	0.0027104078	0.00449426	0.00026167897
ERR6096576	0	dental calculus	0.00051763223	0.61141145	0.34751976	0.00023394461	0.0018755428	1.1330381e-05	0.0146309575	0.0076370127	0.00018585112	0.0020855274	0.0018359103	0.003564133	0.0011033708	0.0024908455	0.004770398	0.00012630297
ERR6096579	0	dental calculus	0.00063741376	0.5642813	0.38557616	0.000107437976	0.00532816	9.309018e-06	0.024290152	0.004721532	0.00016416764	0.0016944224	0.0005372456	0.0060827164	0.000385081	0.001848569	0.004109612	0.00022673834
ERR6096580	0	dental calculus	0.0011010255	0.56205696	0.38668525	0.0001984734	0.00438058	1.0174764e-05	0.017460614	0.006145047	0.00018061046	0.0025335478	0.0019820663	0.008626392	0.0002685131	0.0039028903	0.0042682267	0.00019964477
ERR6096581	0	dental calculus	1.0490882e-05	0.84317464	0.14657079	0.00082441163	9.447327e-05	2.3730799e-07	0.00014952694	0.0069743227	0.0005552217	0.00063249184	7.29978e-06	5.260827e-05	3.1308623e-06	0.00045817342	0.0004920974	8.454722e-08
ERR6096582	0	dental calculus	9.638753e-06	0.8396627	0.14916106	0.0010680559	0.0001550656	1.7693709e-07	0.0001523514	0.0077420035	0.00034777806	0.0005060784	2.7347112e-06	2.81799e-05	4.500415e-06	0.0003904582	0.0007692068	4.3857526e-08
ERR6096739	0	dental calculus	6.6684424e-06	0.7186527	0.27010188	0.0006604263	0.00010317788	2.563325e-07	0.00012229239	0.008017072	0.00038964633	0.0007409974	6.3322814e-06	2.7509219e-05	4.2474758e-06	0.00037669134	0.00078995316	1.2522501e-07
ERR6096740	0	dental calculus	4.0209316e-06	0.73167527	0.26057395	0.00064276333	0.00023077626	2.8583926e-07	0.00016875299	0.0040782047	0.00073214	0.0006266789	6.3721764e-06	4.2726308e-05	3.735554e-06	0.0005295495	0.00068468275	1.0312702e-07
ERR6096741	0	dental calculus	0.010886413	0.7266271	0.07300232	0.014360527	0.0058592637	0.00050564937	0.0341349	0.025552949	0.011954969	0.011788724	0.0010685996	0.049108114	0.0047232574	0.001677765	0.026601076	0.0021483863
ERR6096742	0	dental calculus	0.012433495	0.72804123	0.08954968	0.0073037185	0.0050320495	0.00047701088	0.02291889	0.022188742	0.012262915	0.0054606088	0.0024782105	0.027819704	0.0040425127	0.0017628149	0.05711567	0.0011127208
ERR6096743	0	dental calculus	0.013806942	0.76320654	0.047425862	0.0089076	0.004843909	0.0005450058	0.035477478	0.010630987	0.012977123	0.006155769	0.0021532446	0.034622822	0.0050960737	0.0012124262	0.051645372	0.001292867
ERR6096744	0	dental calculus	0.010383618	0.78266644	0.047746267	0.00741487	0.0053415555	0.0006168907	0.008029741	0.014472743	0.012012881	0.00888116	0.0010958099	0.02456268	0.004574771	0.0014214829	0.070009954	0.000769129
ERR6096745	0	dental calculus	0.058893144	0.6146558	0.029061334	0.0046194624	0.041211527	0.0024508073	0.0927414	0.024456821	0.0054173237	0.0074435817	0.01054068	0.041610125	0.018961938	0.0019364278	0.0414459	0.004553744
ERR6096746	0	dental calculus	0.05184416	0.50379425	0.05653933	0.0037492565	0.042392306	0.0028074698	0.12803932	0.022590062	0.0030732169	0.010132503	0.010472027	0.0747877	0.025799483	0.002010757	0.053045552	0.00892259
ERR6096747	0	dental calculus	0.038533404	0.6396738	0.035216466	0.004376913	0.05043404	0.0020689112	0.09002108	0.016193643	0.0029272586	0.009558203	0.006474273	0.03626027	0.009504449	0.001488421	0.049813308	0.007455542
ERR6096748	0	dental calculus	0.045064032	0.53580743	0.03305671	0.004400159	0.0524824	0.0021167146	0.13682736	0.022886679	0.0028590388	0.011460575	0.011104772	0.06837517	0.014831	0.0014793895	0.04854579	0.008702779
ERR6096749	0	dental calculus	0.065755785	0.54000133	0.01751944	0.003602758	0.058955044	0.0032028165	0.13449341	0.028179642	0.00096717296	0.017109383	0.0073526837	0.070047885	0.013564639	0.0013198	0.032354377	0.005573822
ERR6096752	0	dental calculus	0.044027317	0.51402783	0.013716991	0.0028150135	0.0621731	0.0033592165	0.17221041	0.035124395	0.0009571381	0.01669636	0.013171783	0.06437089	0.024832781	0.0014410996	0.024798315	0.0062773637
ERR6096755	0	dental calculus	0.048610512	0.5743755	0.018447474	0.003181241	0.058537465	0.0030530472	0.12402286	0.030955713	0.0009987031	0.016799033	0.007468643	0.0672218	0.014346841	0.0012911595	0.024934042	0.005755938
ERR6096759	0	dental calculus	0.052365772	0.5292908	0.016003383	0.002329338	0.054561228	0.0029866248	0.15231301	0.035765365	0.00093469216	0.014315857	0.008272194	0.07498607	0.01730578	0.001346868	0.03053335	0.0066896477
ERR6096760	0	dental calculus	0.143196	0.10740203	0.05698387	0.0026740693	0.07278137	0.0036289839	0.23806924	0.010123799	0.0028059904	0.008286254	0.027025068	0.17726213	0.04034987	0.0027705494	0.08385709	0.022783693
ERR6096762	0	dental calculus	0.1385551	0.080440804	0.07129908	0.002288884	0.07015445	0.003098402	0.28480542	0.012884989	0.0026316165	0.012147682	0.042987008	0.13987806	0.04254878	0.002819859	0.07306187	0.020397982
ERR6096764	0	dental calculus	0.09625798	0.09857756	0.051589314	0.0033529813	0.071206436	0.0038816747	0.2955098	0.010802734	0.0027818505	0.013530952	0.03920599	0.13860965	0.046967395	0.002691778	0.09971512	0.025318805
ERR6096766	0	dental calculus	0.17264538	0.107085004	0.04708117	0.0026669868	0.06410659	0.0035854443	0.2629278	0.010313645	0.0025991732	0.0075544845	0.035378575	0.13455099	0.047046695	0.002502088	0.07939633	0.020559642
ERR6096776	0	dental calculus	5.1864372e-05	0.62675023	0.3535745	0.00013278748	0.0011397225	3.502965e-06	0.0069710137	0.005546693	7.237789e-05	0.0012756806	0.00019476614	0.0023480922	3.522844e-05	0.0013493547	0.00047169146	8.248558e-05
ERR6096784	0	dental calculus	5.905076e-05	0.5810562	0.40097395	9.3661e-05	0.00088102	3.0983426e-06	0.006295168	0.0048885164	5.638115e-05	0.00118562	0.00019380078	0.0026344575	2.6916714e-05	0.00097273797	0.0005890171	9.044577e-05
ERR6096796	0	dental calculus	6.0999766e-05	0.50198877	0.48475733	9.764279e-05	0.0008382801	3.5790663e-06	0.0047925813	0.0024599524	4.012538e-05	0.0010168462	0.0002607606	0.0025545363	4.193481e-05	0.00071432116	0.0002876753	8.4640924e-05
ERR6096814	0	dental calculus	4.9336064e-05	0.62232774	0.35881808	0.00019011038	0.0013529718	2.8502884e-06	0.0052149794	0.0063415333	6.283421e-05	0.0020010106	0.00017891872	0.001805542	2.38832e-05	0.0012546399	0.0003300344	4.5507746e-05
ERR6096818	0	dental calculus	0.047101386	0.5076522	0.17619285	0.0006720009	0.0073256055	0.00057082815	0.043756597	0.008258946	0.001102657	0.0044643627	0.004302112	0.16248107	0.009536883	0.00092451746	0.020057855	0.005600122
ERR6096822	0	dental calculus	0.027628632	0.65863043	0.09337507	0.00068911776	0.004258199	0.0003895948	0.03293028	0.0050726677	0.0006049112	0.004272903	0.0031655394	0.13939379	0.006640223	0.0007514066	0.017213097	0.0049841516
ERR6096826	0	dental calculus	0.030840563	0.60039836	0.1306217	0.0011058431	0.005958485	0.00043408514	0.02511724	0.008290209	0.00091600633	0.004039752	0.005156946	0.14481334	0.008904443	0.001064501	0.02724215	0.005096349
ERR6096829	0	dental calculus	0.036792096	0.6318577	0.12187593	0.00082833273	0.0074717673	0.0005139701	0.028895088	0.007989843	0.0009412601	0.0037013395	0.003932402	0.11920139	0.0097255185	0.0008668392	0.020953057	0.0044535003
ERR6096835	0	dental calculus	0.13927957	0.42444724	0.04705523	0.003931582	0.005216066	0.00094088604	0.06947114	0.014376788	0.0093888035	0.0070246053	0.011310973	0.10231301	0.102345094	0.0016676607	0.060362175	0.0008691688
ERR6096842	0	dental calculus	0.19028637	0.36938646	0.026890898	0.0025623513	0.004838801	0.0007078669	0.16113442	0.015228647	0.0042098784	0.005563027	0.009737395	0.095091105	0.082192935	0.0012459692	0.030230587	0.0006932785
ERR6096847	0	dental calculus	0.23678301	0.34253764	0.030223427	0.0041050017	0.0064910813	0.0009821577	0.10302346	0.014437869	0.0056336788	0.008276021	0.007080583	0.08456082	0.10226955	0.0012744822	0.051247314	0.0010738757
ERR6096853	0	dental calculus	0.15449624	0.3168355	0.03716245	0.0019994008	0.0061084093	0.00088664657	0.16088107	0.013857579	0.0051827864	0.006986592	0.012246119	0.15217306	0.100520134	0.0015893762	0.027827155	0.001247488
ERR6096886	0	dental calculus	0.009464246	0.8940002	0.0009747965	0.018984215	0.00010548637	4.071305e-06	2.5710855e-05	0.0076418472	0.0026083481	0.0013990409	2.0025374e-05	0.00017677732	1.218231e-05	0.00011335977	0.0644697	5.0217674e-09
ERR6096922	0	dental calculus	0.006451147	0.7407391	0.0009230978	0.03919002	0.00014324274	4.2718084e-06	1.2554033e-05	0.011451684	0.0025941406	0.0019976348	2.2131098e-05	0.00034295453	1.0186517e-05	0.00021334852	0.19590446	8.055883e-09
ERR6096923	0	dental calculus	0.007744074	0.79621404	0.0019223101	0.0667799	0.00015886873	6.16905e-06	2.2870092e-05	0.016262177	0.00325831	0.0027093913	3.223711e-05	0.0005222423	3.8579237e-05	0.00023369535	0.10409511	6.5227748e-09
ERR6096924	0	dental calculus	0.012153899	0.8429852	0.0011755853	0.029810773	9.247956e-05	3.530638e-06	1.1750464e-05	0.009514114	0.00205468	0.0017960344	2.0588308e-05	0.0004649517	1.3044564e-05	0.00015119035	0.09975217	5.20904e-09
ERR6096925	0	dental calculus	1.3019472e-05	0.6995786	0.29664174	1.7584847e-05	0.00016237638	1.1822759e-07	6.045015e-05	0.0021458261	9.265988e-06	0.00050068693	9.637238e-06	0.0002393026	9.3378287e-07	0.00044531518	0.00017359629	1.5612187e-06
ERR6096926	0	dental calculus	3.2318105e-05	0.7392433	0.2573162	1.6126243e-05	0.00019670273	1.5182056e-07	4.9772458e-05	0.0016054602	5.5022942e-06	0.0005164396	1.043888e-05	0.000151614	1.0154299e-06	0.00052003143	0.00033416756	7.4647653e-07
ERR6096927	0	dental calculus	3.3670723e-05	0.69875324	0.29537505	3.256806e-05	0.00012644696	1.5396958e-07	8.5432366e-05	0.0030170607	2.1140713e-05	0.0009643564	2.2986895e-05	0.00034117387	1.2686934e-06	0.00067312625	0.00055012485	2.1951048e-06
ERR6096928	0	dental calculus	2.3583269e-05	0.69638807	0.29875126	1.7504844e-05	0.00040681288	1.2069933e-07	0.00013531702	0.0023469871	6.5418844e-06	0.00072874245	1.261299e-05	0.00026079765	8.513544e-07	0.0005249022	0.00039491965	9.74928e-07
ERR6096929	0	dental calculus	0.1595732	0.086265385	0.031888627	0.0015564064	0.029927187	0.003204316	0.17092061	0.0063557136	0.004380567	0.0060431706	0.032434907	0.15476057	0.16951156	0.0019553017	0.12431013	0.01691236
ERR6096930	0	dental calculus	0.15584609	0.11476552	0.029703626	0.0014061289	0.02644698	0.0030379202	0.1218816	0.004562475	0.004562453	0.005094981	0.022233255	0.16681617	0.15561251	0.0017484209	0.17012942	0.016152458
ERR6096931	0	dental calculus	0.18813296	0.1021306	0.041053176	0.001549938	0.032762647	0.0024337533	0.16228022	0.007120069	0.005434836	0.0053548077	0.022801269	0.17324467	0.12011558	0.0015684761	0.118434206	0.015582794
ERR6096932	0	dental calculus	0.22826774	0.08995805	0.03847753	0.0015858664	0.028655298	0.0028632595	0.11188446	0.006708706	0.005281349	0.0053050965	0.027490852	0.11969858	0.23393564	0.0018278871	0.085364655	0.012695026
ERR6096933	0	dental calculus	0.0023478325	0.5517598	0.003928231	0.1801101	0.06636596	0.0012035333	0.073366724	0.037311252	0.03289597	0.014341808	0.0014800937	0.013314985	0.0010936329	0.0014076765	0.016603874	0.0024685285
ERR6096934	0	dental calculus	0.0028826243	0.57115936	0.0036766801	0.1437735	0.06262291	0.0013121511	0.06058114	0.040813427	0.05090616	0.018167011	0.0018292323	0.009233254	0.00066448917	0.0016207909	0.026222639	0.004534646
ERR6096935	0	dental calculus	0.0020021615	0.6112096	0.003405571	0.13005129	0.06695248	0.0010350125	0.065239	0.03265953	0.040063933	0.011195376	0.0018346991	0.013709146	0.0006569288	0.0013888692	0.015347984	0.003248448
ERR6096937	0	dental calculus	0.004963958	0.5748034	0.0042650094	0.14136484	0.064609826	0.0013827661	0.07194345	0.025373196	0.04981924	0.02295202	0.0018584093	0.014228977	0.0011446683	0.0017319958	0.017018545	0.0025396773
ERR6096955	0	dental calculus	6.1673e-08	0.3776302	0.6205551	0.00026513505	7.72243e-06	1.0271657e-09	5.587626e-07	0.00071299344	5.314536e-05	5.2779542e-05	3.686502e-07	4.7166682e-07	2.0873547e-09	0.00021287834	0.00050854305	1.3836379e-10
ERR6097155	0	dental calculus	1.0677686e-07	0.61805373	0.3802441	0.00015818661	8.360782e-06	7.918654e-10	3.8234356e-07	0.00090297376	3.9093382e-05	6.9544345e-05	1.911016e-07	8.8929505e-07	2.1362845e-09	0.0002077752	0.00031465522	1.15745746e-10
ERR6097156	0	dental calculus	9.285853e-08	0.4920202	0.5064963	0.00016985068	7.950248e-06	1.5070999e-09	1.587523e-07	0.0005791576	3.9625465e-05	6.144665e-05	7.7223694e-07	5.0136265e-07	3.146352e-09	0.0002873307	0.000336566	9.938768e-11
ERR6097514	0	dental calculus	1.5242462e-07	0.5753262	0.42252323	0.00027719358	7.957912e-06	7.5732554e-10	5.5136604e-07	0.0008074931	6.0343787e-05	5.9762013e-05	4.6869354e-07	3.4249697e-07	2.8985485e-09	0.00022857972	0.000707714	1.3796078e-10
ERR6097549	0	dental calculus	1.2084984e-05	0.3294209	0.66490984	1.5452351e-05	0.00014885417	1.1683303e-07	0.00037999626	0.0018084135	3.6304493e-05	0.00055850536	7.795253e-05	0.00046430426	2.1547596e-06	0.0016956636	0.00046483905	4.6475334e-06
ERR6097552	0	dental calculus	7.378704e-06	0.39198175	0.6034015	1.5391504e-05	0.00015718209	1.5476013e-07	0.00067517394	0.0014315981	3.0204726e-05	0.00042988666	6.3128544e-05	0.00027207163	3.053701e-06	0.00092297845	0.0006048739	3.6895187e-06
ERR6097573	0	dental calculus	6.1384644e-06	0.24761419	0.7490175	1.4727552e-05	9.491962e-05	8.636402e-08	0.0003904727	0.0015907395	1.5305915e-05	0.00032794985	2.8578894e-05	0.00022778707	1.8315659e-06	0.00057531556	9.1932365e-05	2.5785587e-06
ERR6097575	0	dental calculus	2.9335124e-06	0.18704943	0.8081853	1.1849176e-05	0.000107077765	7.494423e-08	0.00048806408	0.0019807508	2.6335305e-05	0.00042169855	2.0104111e-05	0.00048585224	3.1357808e-06	0.0010263604	0.0001871202	3.908442e-06
ERR6097576	0	dental calculus	0.010689127	0.74146885	0.0048489184	0.04485919	0.04128012	0.0012733601	0.048167992	0.030168675	0.0028370272	0.03144181	0.0010916293	0.009471366	0.0010574984	0.001633174	0.026385313	0.0033259778
ERR6097577	0	dental calculus	0.008488413	0.7992796	0.004723412	0.02710068	0.04236862	0.0012475034	0.033718154	0.03030498	0.0022881352	0.021927478	0.0007620638	0.0053305454	0.0010601932	0.00088761543	0.018964564	0.0015480905
ERR6097579	0	dental calculus	0.0088097835	0.729396	0.008580623	0.032501765	0.048115637	0.0012403574	0.041949734	0.04455264	0.003938228	0.02969499	0.0012791115	0.007983919	0.0011136592	0.0017829774	0.03465021	0.0044104094
ERR6097580	0	dental calculus	0.009248884	0.73371017	0.009248561	0.0346533	0.051964164	0.0011976234	0.03784152	0.043920968	0.0033465372	0.037972953	0.00097111583	0.007836745	0.0013539072	0.001554147	0.021864396	0.0033150343
ERR6097581	0	dental calculus	4.2580014e-06	0.111677736	0.88729286	4.4565195e-06	2.9616544e-05	4.1425526e-08	7.579182e-05	0.00015284371	7.6157667e-06	7.315482e-05	3.685849e-05	7.4030504e-05	3.0371732e-06	0.00016732578	0.00039985857	5.198012e-07
ERR6097583	0	dental calculus	7.677055e-06	0.119703636	0.8785022	5.5980195e-06	2.991656e-05	5.4949382e-08	0.00016662625	0.00024119158	1.0372266e-05	9.645379e-05	5.620536e-05	9.516991e-05	3.445705e-06	0.00020875377	0.0008720931	6.0603304e-07
ERR6097619	0	dental calculus	4.2277434e-06	0.09587121	0.90330994	3.0541576e-06	2.2207687e-05	3.4889002e-08	8.18866e-05	0.00012671533	6.2505637e-06	7.640719e-05	1.7915612e-05	2.9068213e-05	1.2000739e-06	9.968376e-05	0.00034986046	3.19723e-07
ERR6097621	0	dental calculus	2.4863673e-06	0.110111006	0.8885597	5.5811424e-06	3.2374566e-05	5.7248958e-08	0.00013226757	0.00024944392	8.381947e-06	6.555833e-05	3.7897746e-05	3.539888e-05	2.5039362e-06	0.00019431344	0.0005624502	5.560684e-07
ERR6097622	0	dental calculus	4.608236e-06	0.662089	0.33098108	0.00014410682	0.00017933824	2.9368792e-07	0.0012745134	0.0032786329	0.0002607607	0.0003334694	3.24545e-05	0.00055386295	4.487037e-06	0.0006879309	0.00016819789	7.251679e-06
ERR6097623	0	dental calculus	4.5943584e-06	0.6386788	0.34966537	0.00015574998	0.00052600936	3.5792772e-07	0.0022042426	0.0057888613	0.00053673756	0.0003296446	1.8412196e-05	0.00048807103	2.143783e-06	0.0012180685	0.00037366315	9.295266e-06
ERR6097625	0	dental calculus	2.86649e-06	0.5520332	0.43965808	0.00017188842	0.00029230549	2.366239e-07	0.0016338618	0.0039840457	0.0003694157	0.0005140939	2.640275e-05	0.00021346992	2.192969e-06	0.00080045976	0.00029015238	7.3517303e-06
ERR6097626	0	dental calculus	2.4976307e-06	0.70217407	0.29080433	0.00018128334	0.00043156737	4.4037284e-07	0.0009258638	0.003620238	0.00028499385	0.00029289958	1.6839265e-05	0.00012773345	2.954858e-06	0.0006909894	0.00043547992	7.824725e-06
ERR6097627	0	dental calculus	0.20189978	0.06301964	0.03846396	0.0026261224	0.058362767	0.0038547188	0.20691441	0.014014348	0.0033598964	0.00854574	0.03573533	0.2079472	0.059507165	0.0023648122	0.073509425	0.019874683
ERR6097628	0	dental calculus	0.19620354	0.07350071	0.03629327	0.0024826291	0.04831525	0.0035489008	0.20395286	0.013786884	0.0028493274	0.008248256	0.037449032	0.19931598	0.053255763	0.002652273	0.098689556	0.019455757
ERR6097629	0	dental calculus	0.20781226	0.06934224	0.036784414	0.002668318	0.047962736	0.0037688923	0.20625082	0.016314615	0.0032428398	0.009262239	0.032000575	0.21401674	0.060060516	0.0029816255	0.064398296	0.02313287
ERR6097630	0	dental calculus	0.191812	0.067005396	0.044377267	0.0028622495	0.04508552	0.0042559304	0.19562729	0.017120263	0.0036725025	0.008656048	0.050028387	0.16653691	0.10366408	0.0029210255	0.07664529	0.01972984
ERR6097759	0	dental calculus	3.9837997e-07	0.44604588	0.55188394	5.9358692e-05	3.304025e-05	5.5090993e-08	0.0002675988	0.00068844605	0.00015560495	0.00015911373	5.813699e-06	6.349519e-05	5.646785e-07	0.00018801524	0.0004475114	1.1548731e-06
ERR6098066	0	dental calculus	2.0377048e-07	0.40643743	0.5921828	4.7081518e-05	2.9709945e-05	6.0337804e-08	0.00011357336	0.00042356402	0.00012700129	0.00013886545	6.302036e-06	4.6021356e-05	1.2501562e-06	0.00021990738	0.00022562013	5.8645014e-07
ERR6098349	0	dental calculus	5.170323e-07	0.52925014	0.4673244	6.1368286e-05	3.3510838e-05	7.4024086e-08	0.0002482312	0.0019691759	0.00029281678	0.00022285925	8.905011e-06	5.6102395e-05	9.2484305e-07	0.00022678693	0.000302949	1.2442505e-06
ERR6098517	0	dental calculus	5.3063104e-07	0.40970767	0.5878833	5.648505e-05	2.1705111e-05	5.8687494e-08	0.00013135048	0.00096872274	0.00023596802	0.00014324667	6.150763e-06	5.3984757e-05	8.461453e-07	0.00025123838	0.0005380987	6.3012595e-07
ERR6098519	0	dental calculus	0.00022489259	0.30308396	0.67916423	0.00015805439	0.0005159145	7.8316425e-06	0.0065181246	0.0013095505	0.00020885318	0.0006926336	0.00040765692	0.004220682	0.00022773423	0.0009098364	0.0022456415	0.000104406136
ERR6098520	0	dental calculus	0.00014762091	0.3331568	0.6529105	0.00014986539	0.0006801034	5.0849644e-06	0.005172889	0.0022558616	0.00029386542	0.00092118524	0.00011859375	0.0019527628	5.5488006e-05	0.0006496123	0.0014522613	7.752173e-05
ERR6098552	0	dental calculus	0.0002137105	0.3770782	0.60390973	0.00018648109	0.0003582438	9.378787e-06	0.006469199	0.0019045346	0.00035130288	0.0007058627	0.0003460738	0.0054684207	0.00031378068	0.000928339	0.0016848583	7.184654e-05
ERR6098553	0	dental calculus	0.0001695287	0.41819268	0.5547343	0.00013566822	0.00046693432	9.2169885e-06	0.008912261	0.0038643363	0.00035499432	0.0015004007	0.00034019345	0.008528095	0.00012948306	0.0009254849	0.0016191746	0.00011725723
ERR6098554	0	dental calculus	0.09289525	0.4728593	0.09649592	0.002178968	0.025719438	0.0013435436	0.09315784	0.01211102	0.0019390924	0.0049029677	0.014316372	0.099078454	0.032634623	0.002190835	0.04312065	0.00505574
ERR6098555	0	dental calculus	0.049917422	0.573073	0.091098	0.0024437099	0.021910943	0.0012990143	0.056731865	0.014616332	0.001926173	0.0057837637	0.018889671	0.08147508	0.01587133	0.0018318758	0.058723416	0.0044083726
ERR6098556	0	dental calculus	0.09872368	0.4267595	0.09859029	0.0021704608	0.024097672	0.001567211	0.080098964	0.010572926	0.0015680956	0.0065936795	0.020327622	0.15040208	0.027881874	0.0019104533	0.040585525	0.008149957
ERR6098557	0	dental calculus	0.07744013	0.3670392	0.11316193	0.002839878	0.034910273	0.0015645366	0.14938556	0.012495845	0.0021507908	0.005886047	0.020468343	0.11274229	0.028484434	0.002334908	0.059988357	0.009107483
ERR6098559	0	dental calculus	3.6747135e-06	0.035698473	0.9628181	2.9995326e-06	5.673327e-05	9.156553e-08	0.0002658313	0.00043357554	6.0766856e-06	9.759683e-05	4.1340125e-05	0.00025780426	5.663915e-06	0.00022922027	7.1948096e-05	1.0896061e-05
ERR6098560	0	dental calculus	1.8846661e-06	0.029936574	0.9687655	2.5159438e-06	3.1678286e-05	6.254893e-08	0.00016625102	0.00037738067	4.1228323e-06	8.7033615e-05	3.2552412e-05	0.00024621616	2.964492e-06	0.00023823361	9.825484e-05	8.762954e-06
ERR6098730	0	dental calculus	1.9469728e-06	0.035927556	0.9627007	1.9499998e-06	5.7353842e-05	4.85041e-08	0.0003305793	0.0003392869	3.7680907e-06	6.6303146e-05	7.079777e-05	0.00021331609	2.973156e-06	0.00020391116	7.0086775e-05	9.387758e-06
ERR6098929	0	dental calculus	2.6328805e-06	0.03689296	0.9617737	4.6245877e-06	8.34259e-05	6.3279444e-08	0.0002149471	0.00029297144	5.6471627e-06	7.957484e-05	5.7990732e-05	0.00021039497	1.9852991e-06	0.00027128606	0.000100064055	7.733627e-06
ERR6098930	0	dental calculus	4.6800906e-05	0.3855917	0.57972956	0.0018375517	0.0046536177	7.643342e-06	0.0049773874	0.012710684	0.0010215164	0.0029455	0.00019869082	0.002466855	1.8086292e-05	0.0026421952	0.0010719484	8.0300095e-05
ERR6098932	0	dental calculus	4.289157e-05	0.27493086	0.6880735	0.0012213802	0.004279166	4.8858346e-06	0.007785744	0.013568561	0.0011196799	0.0030339167	0.00016528739	0.0020737534	1.2731221e-05	0.0027910545	0.00082605705	7.051392e-05
ERR6098934	0	dental calculus	5.9122904e-05	0.3293439	0.63676673	0.0010694008	0.00367646	7.65253e-06	0.007271609	0.011112942	0.00088967953	0.004135418	0.00016864784	0.0014636028	2.716724e-05	0.0029053066	0.0009576771	0.00014471583
ERR6098936	0	dental calculus	9.139869e-05	0.3943628	0.5604807	0.0014467747	0.007594497	8.213119e-06	0.0081509845	0.015170282	0.0013194701	0.004571536	0.000102197664	0.0031275675	2.4999877e-05	0.0027979135	0.0006439999	0.000106653344
ERR6098937	0	dental calculus	0.19800754	0.0920708	0.047290076	0.002143204	0.049467947	0.0033817785	0.21084951	0.0073432955	0.0029290973	0.008969134	0.041687354	0.15858379	0.054017052	0.0024442538	0.09895687	0.021858314
ERR6098938	0	dental calculus	0.22143427	0.1174462	0.045371003	0.0025005867	0.04660213	0.0034170717	0.1856609	0.008817188	0.0023197273	0.0077429377	0.047116242	0.14335819	0.0614861	0.0021502874	0.0821593	0.02241787
ERR6098939	0	dental calculus	0.23449184	0.09237205	0.04366787	0.0024773788	0.04809732	0.0035688537	0.17686252	0.010359807	0.0024975035	0.007794324	0.04789309	0.14619313	0.054838065	0.0026099335	0.10120294	0.025073368
ERR6098940	0	dental calculus	0.20444593	0.11789349	0.051741205	0.002581775	0.046140295	0.0040124403	0.15789287	0.011091867	0.002461995	0.009080968	0.05505091	0.14516588	0.07538668	0.0026189522	0.09280207	0.021632696
ERR6098982	0	dental calculus	0.000485026	0.6603013	0.3207469	0.00028652462	0.001208287	1.6011465e-05	0.0024545558	0.002484669	0.00014753957	0.0035734158	0.00037643674	0.0058114924	0.00018846978	0.0005250649	0.001229844	0.00016442846
ERR6098983	0	dental calculus	0.00039419602	0.7830789	0.18668212	0.00031884736	0.0007777256	1.7667247e-05	0.004439097	0.003499971	0.00019093943	0.0042567877	0.00045312135	0.011539259	0.00014723495	0.00084199	0.0027181522	0.00064400525
ERR6098984	0	dental calculus	0.00051784766	0.7166895	0.25232542	0.00054937135	0.001423584	2.1737414e-05	0.004863657	0.0054126414	0.0001710927	0.006448335	0.0004423264	0.008330658	0.00031640293	0.0005651256	0.0015492208	0.0003730493
ERR6098985	0	dental calculus	0.000426223	0.76073414	0.2095835	0.00031978227	0.0013818936	2.1522761e-05	0.0059471587	0.003115966	0.00010842307	0.0035227265	0.00059901754	0.011183317	0.0002989067	0.00063727924	0.00197579	0.00014433353
ERR6098990	0	dental calculus	0.029952582	0.63635576	0.006949498	0.039256603	0.017570293	0.0025130482	0.059401043	0.062906966	0.033530746	0.027866784	0.00318517	0.016268037	0.019679818	0.0014944216	0.038998377	0.004070835
ERR6099166	0	dental calculus	0.029041156	0.6391665	0.0058177738	0.033861294	0.017515602	0.0023521103	0.065505974	0.049809363	0.034650516	0.025554184	0.0031107971	0.018140735	0.012633195	0.0016142069	0.054179844	0.0070468057
ERR6099349	0	dental calculus	0.023063803	0.6071329	0.007132747	0.03962083	0.014506087	0.0025662528	0.059486832	0.0651952	0.03533276	0.040877625	0.0031283612	0.0253339	0.02166299	0.0015677862	0.045734476	0.0076574553
ERR6099809	0	dental calculus	0.026989898	0.58713293	0.007808876	0.044200845	0.019294526	0.0030200274	0.0690741	0.055493843	0.04107652	0.036174364	0.0033946794	0.018680595	0.025772838	0.001821297	0.051673274	0.00839141
ERR6099810	0	dental calculus	0.00013047297	0.51181024	0.26562592	0.01112043	0.01160286	0.009305526	0.00022703687	0.17910533	0.0002167098	0.0021969192	0.0033500248	0.002372807	6.5962345e-06	0.0029177452	8.600525e-06	2.7537865e-06
ERR6099811	0	dental calculus	0.00032760916	0.31803137	0.3733719	0.0050060283	0.0051896423	0.0039267573	0.0001712382	0.28423706	0.00023849394	0.0026359658	0.004074175	0.0011492459	6.357407e-06	0.0016270181	5.019212e-06	2.1246408e-06
ERR6099812	0	dental calculus	0.00019810656	0.38543123	0.18933298	0.0042390362	0.005118114	0.005097841	6.7628964e-05	0.39904	0.00012528939	0.0019141698	0.0064497977	0.0010312519	5.4849843e-06	0.0019420603	2.9424807e-06	4.075542e-06
ERR6099813	0	dental calculus	0.0002915351	0.41646013	0.22730757	0.0055634757	0.0033102217	0.003827944	6.165509e-05	0.3362659	0.0001591041	0.00092333765	0.0029574446	0.0010553896	4.150436e-06	0.0018031184	6.7481146e-06	2.2731842e-06
ERR6099814	0	dental calculus	1.8174666e-07	0.49331442	0.49934062	0.00030503565	0.00025121676	7.961579e-08	0.0002755303	0.0034887018	0.0007411451	0.0007733844	6.3798066e-06	0.00021046524	6.473988e-07	0.0009686588	0.00031623305	7.312299e-06
ERR6099815	0	dental calculus	3.365114e-07	0.41537046	0.57778037	0.00023315477	0.00015471166	6.514907e-08	0.00016649431	0.003953553	0.0005345413	0.0006174999	4.306138e-06	0.00013147472	4.0103953e-07	0.00074067153	0.0003037822	8.187884e-06
ERR6099816	0	dental calculus	4.5516524e-07	0.54646415	0.44555438	0.00034015806	0.00016531815	9.276712e-08	0.0002859116	0.0041827327	0.00066808634	0.0008962765	6.6546627e-06	0.000117271054	3.3071137e-07	0.00096989074	0.0003351543	1.3163981e-05
ERR6099817	0	dental calculus	1.7666503e-07	0.3085973	0.6869725	0.0001775587	0.000113681075	7.017927e-08	0.00021809839	0.0017424169	0.00056945375	0.0005429021	4.0076543e-06	8.5018335e-05	2.2317558e-07	0.0006342473	0.0003312768	1.1088197e-05
ERR6099818	0	dental calculus	7.5965995e-06	0.038376145	0.9562858	3.818138e-06	9.558015e-05	1.0444666e-07	0.0008594653	0.00046286086	2.1633488e-05	0.00032595318	9.095566e-05	0.0027413946	2.2674225e-05	0.00051165913	0.00015369378	4.0707117e-05
ERR6099824	0	dental calculus	9.108519e-06	0.03714644	0.9600907	3.556821e-06	7.657957e-05	1.2198662e-07	0.0005914935	0.00063409936	1.7027356e-05	0.00026179187	5.129213e-05	0.0006235835	2.2975299e-05	0.00030688924	0.00012921567	3.5099896e-05
ERR6099825	0	dental calculus	7.1616787e-06	0.033713978	0.96322566	3.5644812e-06	7.1401235e-05	1.0929965e-07	0.00051163	0.00072199403	1.7317061e-05	0.00025994188	7.232097e-05	0.0006029761	2.0506726e-05	0.00046809917	0.00028254444	2.0816715e-05
ERR6099826	0	dental calculus	1.2571962e-05	0.049576752	0.946211	5.323227e-06	0.00019484565	1.5162722e-07	0.0011022898	0.0004752057	2.3451454e-05	0.00029247624	5.2355856e-05	0.0010720076	2.3949478e-05	0.000636949	0.0002835444	3.717546e-05
ERR6101230	0	dental calculus	9.064113e-06	0.050201442	0.94170034	1.5414686e-05	8.4639e-05	1.7824006e-07	0.0015180141	0.0026853732	0.00011282392	0.0006140153	5.3477037e-05	0.0023629048	1.8759392e-05	0.00053020654	8.667452e-05	6.6539305e-06
ERR6108965	0	dental calculus	9.2100145e-06	0.061780524	0.9314512	2.4620602e-05	8.568717e-05	2.1367883e-07	0.0015248881	0.0020156575	0.000112741385	0.0006508022	2.9465138e-05	0.0016313716	2.112553e-05	0.0005371979	0.00011811759	7.188412e-06
ERR6108966	0	dental calculus	6.628695e-06	0.052985515	0.9399798	2.7492073e-05	7.018193e-05	2.6159225e-07	0.0009947842	0.0025488823	9.7823235e-05	0.00080850755	5.1213236e-05	0.0016695443	4.518558e-05	0.00061890803	8.724055e-05	8.055352e-06
ERR6108967	0	dental calculus	6.6006623e-06	0.051564597	0.9420607	1.9637044e-05	6.510662e-05	2.6446182e-07	0.0009654251	0.0017084251	8.571622e-05	0.0005971941	2.7451859e-05	0.002159339	9.327877e-06	0.00055836665	0.0001645359	7.319891e-06
ERR6108968	0	dental calculus	0.0003338502	0.036526725	0.881109	0.00012478449	0.005951407	8.78383e-06	0.045168303	0.004341027	0.0003060043	0.0014445805	0.0040379553	0.008597891	0.00036824384	0.007882463	0.0028083413	0.0009906621
ERR6108969	0	dental calculus	0.00040414027	0.0461718	0.80370975	0.00013934587	0.009982173	9.609958e-06	0.101639606	0.0064568706	0.00034268663	0.0009080599	0.0058571575	0.012391335	0.00035357897	0.007553797	0.0031452489	0.00093483046
ERR6108970	0	dental calculus	0.00029569602	0.06537486	0.79750913	0.00019755855	0.013348932	1.1616605e-05	0.077416174	0.005399937	0.00043848067	0.0021559773	0.0057763443	0.014794881	0.00044937857	0.012767187	0.0026165387	0.0014473025
ERR6108971	0	dental calculus	0.00029562737	0.045073558	0.81022596	0.00012949275	0.016874567	1.1558941e-05	0.09639043	0.0043989327	0.0003187881	0.001468679	0.0033268502	0.009063528	0.0003764517	0.008099187	0.0025762008	0.0013701915
ERR6108972	0	dental calculus	1.0845178e-05	0.10305976	0.89246124	8.853563e-06	0.00049963087	6.758094e-07	0.00091096846	0.00025721014	1.9624333e-05	0.0007223042	6.468322e-05	0.001028721	1.5443069e-05	0.0002680214	0.00060650206	6.5502136e-05
ERR6108973	0	dental calculus	1.1789285e-05	0.10182311	0.89302367	1.0608613e-05	0.00042749126	7.85113e-07	0.0010704868	0.00027460177	1.5224181e-05	0.0008704074	6.205709e-05	0.0015996599	1.9778803e-05	0.00024480495	0.00048098256	6.457773e-05
ERR6108974	0	dental calculus	9.8251885e-06	0.08781438	0.9061126	8.088882e-06	0.0007507094	4.9685895e-07	0.0011590569	0.0003763215	1.3705844e-05	0.00040237096	5.9364957e-05	0.0025421823	1.1419994e-05	0.00019040823	0.0004844298	6.4637665e-05
ERR6108975	0	dental calculus	1.3106007e-05	0.07049224	0.92165583	8.923601e-06	0.0003582658	5.15166e-07	0.0018352272	0.0003535814	1.482746e-05	0.00076708425	9.5215786e-05	0.003422121	1.556125e-05	0.00036818397	0.00049873115	0.000100590885
ERR6108976	0	dental calculus	0.0008136719	0.47129077	0.5003331	8.668884e-05	0.003137602	1.927907e-06	0.0017811089	0.0054272716	0.00020881217	0.0027920962	0.00013287239	0.0049370355	0.00028337183	0.0031839374	0.0055744615	1.5316433e-05
ERR6108977	0	dental calculus	0.00017349322	0.52658945	0.44857797	0.00010312149	0.0013158433	2.2401364e-06	0.0009307659	0.0041528996	0.00022301888	0.0026917136	0.00013262389	0.0046313875	0.00036496684	0.0035576685	0.006533071	1.9775378e-05
ERR6108978	0	dental calculus	0.00046203285	0.36751422	0.60530776	0.00011684613	0.0012732655	2.350881e-06	0.0018645654	0.004641439	0.00027539165	0.0025981166	0.00014218228	0.0054176818	0.00030625967	0.004243507	0.0058128764	2.15062e-05
ERR6108979	0	dental calculus	0.0007103311	0.49242485	0.47986415	0.0001394686	0.00096793217	2.6201076e-06	0.0017043059	0.0043300907	0.0002270416	0.0035240245	0.00014651768	0.007541243	0.00036343315	0.0030993496	0.0049392222	1.5415428e-05
ERR6108980	0	dental calculus	1.3964917e-06	0.025968317	0.97343105	5.373255e-06	3.4103363e-05	2.5674554e-08	2.9790881e-05	0.00026136992	1.2298664e-05	4.862723e-05	6.361213e-06	4.463744e-05	3.6265334e-07	8.924054e-05	6.579197e-05	1.2272535e-06
ERR6108981	0	dental calculus	6.795555e-07	0.016255315	0.98328376	3.7640725e-06	2.891345e-05	1.648807e-08	1.5633053e-05	0.00022177493	9.350885e-06	2.8426768e-05	3.6535248e-06	2.8257116e-05	2.3046914e-07	7.835019e-05	3.9934308e-05	1.9422348e-06
ERR6108982	0	dental calculus	8.030566e-07	0.018323269	0.9811894	5.2219007e-06	3.0279514e-05	2.260256e-08	1.550487e-05	0.00020436048	9.601566e-06	2.9959341e-05	7.719437e-06	5.686325e-05	3.4941777e-07	8.1484206e-05	4.3579406e-05	1.5433521e-06
ERR6108983	0	dental calculus	1.2483829e-06	0.026067697	0.97317946	5.809433e-06	3.6818517e-05	2.766829e-08	2.9565406e-05	0.0003256542	8.50303e-06	5.0720053e-05	9.313361e-06	8.810142e-05	3.2720928e-07	0.000131394	6.298022e-05	2.3952634e-06
ERR6108984	0	dental calculus	0.00015100853	0.11861752	0.8687382	3.548175e-05	0.0007322599	1.735468e-06	0.0014642511	0.0044906423	6.23511e-05	0.0010372311	0.00041283664	0.0021557654	0.00010687827	0.0010343224	0.0007819066	0.00017763385
ERR6108985	0	dental calculus	7.661323e-05	0.09804526	0.8926525	2.7933404e-05	0.00043868372	1.7851362e-06	0.0010276056	0.0019151656	3.7873655e-05	0.0007785466	0.00023857021	0.0029673022	6.965561e-05	0.000868996	0.0005808176	0.0002727003
ERR6108986	0	dental calculus	9.357757e-05	0.20353764	0.78576565	4.4135733e-05	0.000774021	1.2213094e-06	0.0016487454	0.003122451	3.119127e-05	0.0009896674	0.00028530412	0.0015677974	5.1856914e-05	0.0012551683	0.00070089585	0.00013069941
ERR6108987	0	dental calculus	6.480311e-05	0.101371	0.8909696	2.9160545e-05	0.0004723452	1.5353801e-06	0.0010144291	0.0016798442	3.0279072e-05	0.00073095434	0.0003039827	0.001985891	8.928459e-05	0.00070591335	0.00039488255	0.00015615145
ERR6108988	0	dental calculus	0.000112806054	0.75087214	0.16371836	0.0035646353	0.011478317	0.0038605933	0.0002660153	0.059973482	0.0006251284	0.0012282359	0.0018468018	0.0017829523	0.0001231994	0.00044042687	0.00010055431	6.35028e-06
ERR6108989	0	dental calculus	9.882856e-05	0.77377176	0.13525115	0.0035679485	0.01773977	0.0010765634	0.00042170763	0.06182512	0.0005236598	0.0014675619	0.0023046187	0.0010089122	0.00014927922	0.00060522737	0.00018201061	5.875912e-06
ERR6108990	0	dental calculus	0.00030924217	0.7020733	0.2032845	0.0028569645	0.01861773	0.0018100954	0.0004888039	0.06383307	0.0008589429	0.0016395681	0.0014693789	0.0019386221	0.00015193225	0.00059535046	6.968611e-05	2.8344534e-06
ERR6108991	0	dental calculus	0.00018523594	0.58200634	0.3396421	0.0021088803	0.007939152	0.00071632187	0.00024208408	0.060584236	0.00081708084	0.0018676805	0.0017895687	0.0013065231	0.00011488223	0.00056269724	0.000109737855	7.443169e-06
ERR6108992	0	dental calculus	3.122598e-05	0.43120283	0.50961477	0.00013256342	0.0025180525	0.0016197971	0.0001487766	0.023598718	3.9494742e-05	0.0016321191	0.0011728082	0.027525138	2.0678256e-06	0.00071982323	2.2648004e-05	1.9188621e-05
ERR6108993	0	dental calculus	2.2255252e-05	0.5381939	0.3741573	0.00011369821	0.0012444108	0.0018729025	0.0001874675	0.0394263	2.5420839e-05	0.0016774128	0.0011676479	0.040581737	1.8049263e-06	0.0012928	1.8278446e-05	1.6636652e-05
ERR6108994	0	dental calculus	2.192481e-05	0.54456216	0.3928257	8.345319e-05	0.002113505	0.001430964	0.00015403854	0.029359387	2.1189802e-05	0.0014418035	0.00047260724	0.02675246	3.4791994e-06	0.0007346564	1.4019327e-05	8.667551e-06
ERR6108995	0	dental calculus	2.271436e-05	0.6453541	0.27588725	0.00011157557	0.0037774672	0.0023180386	0.00022343453	0.030119183	2.9889312e-05	0.0016930428	0.0014264678	0.038319718	2.2861914e-06	0.0006793536	1.1931004e-05	2.3574352e-05
ERR6108996	0	dental calculus	7.142488e-05	0.08647513	0.8555015	5.235518e-05	0.0021911561	4.20311e-06	0.01613983	0.0015586754	0.00015301016	0.010949454	0.00059625914	0.021673523	0.00027849164	0.0027778435	0.0008499068	0.00072724314
ERR6108997	0	dental calculus	8.4549094e-05	0.06630642	0.9047914	3.2991382e-05	0.0019004239	3.0489703e-06	0.005084034	0.0016186313	9.627261e-05	0.0052145715	0.00035680103	0.01179226	0.00016989303	0.0015184365	0.00038402248	0.000646229
ERR6108998	0	dental calculus	3.80605e-05	0.07940547	0.88260984	4.6312387e-05	0.0026185522	3.1325683e-06	0.0056110513	0.0013649515	0.00011612452	0.007358918	0.0003961615	0.015951786	0.00013487045	0.0027138907	0.00090415403	0.0007266927
ERR6109000	0	dental calculus	4.9591144e-05	0.070985496	0.90085495	2.846349e-05	0.0018288518	2.2651818e-06	0.006290522	0.0012594319	7.0656046e-05	0.00703382	0.00024530452	0.008754691	0.00011112065	0.0016537944	0.00043068835	0.0004003366
ERR6109001	0	dental calculus	8.960538e-05	0.2051366	0.7847029	2.593449e-05	0.000658323	2.4748385e-06	0.002787369	0.0013989151	4.4403303e-05	0.0003719512	0.00050748215	0.0023369691	9.472014e-05	0.00048394996	0.0012501403	0.000108290646
ERR6109002	0	dental calculus	5.3991815e-05	0.15939152	0.8312462	2.053268e-05	0.00041380277	1.8480266e-06	0.0021157325	0.001843923	4.59013e-05	0.00044211606	0.00029675936	0.0017575412	6.1723134e-05	0.0006280795	0.001575372	0.00010493146
ERR6109003	0	dental calculus	5.57733e-05	0.12780228	0.8618375	2.1734018e-05	0.0008126587	2.0041698e-06	0.0031841525	0.0006920024	4.9260783e-05	0.0003268016	0.00033425057	0.002409965	6.716766e-05	0.00055143	0.0017259815	0.0001270214
ERR6109004	0	dental calculus	6.64054e-05	0.17375116	0.8188752	1.8962397e-05	0.00054396095	1.5907805e-06	0.0017602032	0.0015046385	3.962594e-05	0.00032696076	0.0002678978	0.0012841525	5.4593726e-05	0.00039909992	0.0010118352	9.373473e-05
ERR6109005	0	dental calculus	1.7327638e-05	0.18384968	0.81101274	6.7168903e-06	0.000119921395	7.3401577e-07	0.0011785179	0.00026285875	1.4874072e-05	0.00039221553	2.7005395e-05	0.002840064	8.695313e-06	0.00015460001	0.00010548411	8.546354e-06
ERR6109010	0	dental calculus	3.6892598e-05	0.32008678	0.675498	1.0785561e-05	8.438729e-05	6.2145165e-07	0.0011275385	0.00040709763	1.8289134e-05	0.0005369449	3.117122e-05	0.0016976665	2.6793883e-05	0.00018289879	0.00023928762	1.4836778e-05
ERR6109011	0	dental calculus	3.1656953e-05	0.21877457	0.7767828	1.2807356e-05	7.663525e-05	8.5808364e-07	0.00077793206	0.0005439041	1.5657775e-05	0.00038957485	5.2154945e-05	0.0021649145	3.125635e-05	0.00013272636	0.00020443904	8.122147e-06
ERR6109012	0	dental calculus	1.6584272e-05	0.19121109	0.804559	7.92114e-06	7.3369905e-05	5.3282605e-07	0.0011983373	0.00045386495	2.743756e-05	0.00033243137	3.5321267e-05	0.0018052988	2.5796235e-05	0.00011466972	0.00012800445	1.0371056e-05
ERR6109013	0	dental calculus	0.13130285	0.19428602	0.060609892	0.004024908	0.03427136	0.0035522357	0.12146981	0.011196569	0.0054128263	0.016126331	0.038136862	0.16515988	0.08814476	0.0037650194	0.09476417	0.027776515
ERR6109014	0	dental calculus	0.16187033	0.22779039	0.052917495	0.0031251523	0.027500173	0.0027428616	0.104369886	0.014973328	0.0046412316	0.01861065	0.053477958	0.14990157	0.05992605	0.0032722987	0.08482716	0.03005347
ERR6109015	0	dental calculus	0.08599272	0.22989647	0.07359368	0.0030693305	0.025547795	0.002542426	0.13949902	0.01448526	0.005602945	0.012473102	0.036411937	0.14977539	0.13672616	0.0037635602	0.06400217	0.016618019
ERR6109016	0	dental calculus	0.101954155	0.24063826	0.052382424	0.0028001743	0.03109779	0.0028637976	0.13508326	0.013158171	0.0041470733	0.01155277	0.026062895	0.18027736	0.05832702	0.0024800326	0.11201009	0.025164718
ERR6109017	0	dental calculus	3.8905855e-05	0.12973677	0.86187416	2.6694865e-05	0.00084820966	6.8601406e-07	0.0015585774	0.0022277208	7.900814e-05	0.000851479	3.903297e-05	0.0013231523	1.6531574e-05	0.001064864	0.00028766575	2.651817e-05
ERR6109019	0	dental calculus	2.2556756e-05	0.19146001	0.8004545	3.264378e-05	0.0005817078	5.486706e-07	0.0016879189	0.0016278418	7.320074e-05	0.0010892203	5.395698e-05	0.001305165	2.9006518e-05	0.0011156492	0.00045127937	1.4770478e-05
ERR6109020	0	dental calculus	3.244586e-05	0.1950568	0.7914735	7.4157026e-05	0.0010942414	7.506462e-07	0.003268874	0.0016869386	6.886256e-05	0.0022846544	8.6953674e-05	0.0028093061	3.2718992e-05	0.0016065734	0.0003950256	2.8184204e-05
ERR6109021	0	dental calculus	1.8780773e-05	0.17422254	0.81767356	3.3141674e-05	0.0006065144	5.45504e-07	0.0010601504	0.0015552839	8.3353465e-05	0.0014665324	4.7318277e-05	0.0012330597	1.4582302e-05	0.0013845111	0.0005700212	3.0097055e-05
ERR6109022	0	dental calculus	0.00069465855	0.3618726	0.053333484	0.00084353576	0.15199584	0.34450406	0.00013227794	0.029677862	0.00012992002	0.00040728218	0.01624572	0.03922065	8.138448e-05	0.0008091636	3.5174544e-05	1.6381873e-05
ERR6109023	0	dental calculus	0.00049365545	0.3808526	0.10701752	0.0006071379	0.097911686	0.33685237	0.00013135029	0.024186607	9.427395e-05	0.0005012434	0.02319481	0.027186463	0.00014945572	0.00077959325	2.7212634e-05	1.400515e-05
ERR6109024	0	dental calculus	0.00069449045	0.37074745	0.11164166	0.00063211354	0.085942745	0.316627	0.00015133397	0.03770631	0.00017513399	0.000523864	0.019428615	0.054759283	0.00011583878	0.0008032238	3.8793027e-05	1.2162448e-05
ERR6109025	0	dental calculus	0.0007872757	0.36157554	0.15392867	0.0005311594	0.0947396	0.33253276	0.00018307117	0.020269372	0.00011253304	0.00035137712	0.010513195	0.023532705	0.00011357412	0.0007796987	3.4832614e-05	1.46252e-05
ERR6109027	0	dental calculus	3.3964084e-06	0.016198851	0.98156476	2.8961424e-06	0.00027162416	1.0279344e-07	0.00072288356	0.00015164583	1.2356552e-05	9.502419e-05	2.2788261e-05	0.00057197886	5.0892318e-06	0.0002446282	0.000105111016	2.6868343e-05
ERR6109028	0	dental calculus	2.5427341e-06	0.014390087	0.9836366	2.4115545e-06	0.00017808512	1.0993555e-07	0.0005864485	0.00026382197	5.183569e-06	0.00017481981	2.36554e-05	0.0003683332	3.1845852e-06	0.0002341386	9.644686e-05	3.413052e-05
ERR6109049	0	dental calculus	2.5755746e-06	0.013306673	0.9847055	2.65529e-06	0.00015179906	1.0801247e-07	0.0007099562	0.00023478421	4.6679866e-06	0.00016278416	2.9613406e-05	0.00026349328	4.995358e-06	0.0002798949	0.000112322945	2.8164268e-05
ERR6109050	0	dental calculus	3.2643577e-06	0.02977874	0.9679825	4.3008267e-06	0.00017096927	1.5344924e-07	0.00061150896	0.00022772809	7.004981e-06	0.00020351284	2.355231e-05	0.0004590417	5.4902953e-06	0.00036620398	0.00013624366	1.982564e-05
ERR6109051	0	dental calculus	0.0013196203	0.75292933	0.00982292	0.030343994	0.03287051	0.023116447	0.004270984	0.11639929	0.0016914381	0.017772654	0.0011899612	0.0058509004	0.00040612914	0.0011173554	0.00060747	0.00029102384
ERR6109053	0	dental calculus	0.0014342689	0.7564968	0.013226389	0.02853517	0.021505574	0.02669567	0.0043976367	0.11702817	0.003807599	0.014843828	0.002878493	0.00562845	0.0003637233	0.0019023282	0.0005720151	0.0006838786
ERR6109054	0	dental calculus	0.0016058944	0.76528245	0.01271643	0.0338854	0.028042251	0.020919831	0.0038314695	0.09858227	0.003435363	0.015943037	0.0030085305	0.009934904	0.00036080842	0.00137472	0.0003808975	0.0006957534
ERR6109055	0	dental calculus	0.0029208579	0.73496413	0.013936638	0.03432586	0.036135644	0.015522728	0.005379672	0.12031444	0.002536144	0.019849151	0.004955346	0.006266506	0.00018546048	0.0018168009	0.00051898457	0.00037162812
ERR6109056	0	dental calculus	0.011298782	0.33622304	0.3868714	0.0010452516	0.032574434	0.00037650106	0.06304035	0.01904048	0.0012763299	0.017560909	0.009123523	0.06336424	0.010564189	0.006133522	0.030838165	0.010668895
ERR6109057	0	dental calculus	0.009032938	0.3869642	0.30852106	0.001174978	0.047343094	0.00033456573	0.07571273	0.016790954	0.0015355882	0.01719265	0.009336494	0.0815267	0.010809033	0.0060365717	0.019990278	0.007698143
ERR6109058	0	dental calculus	0.0120226955	0.39544368	0.3187498	0.0009162937	0.043424357	0.0003726691	0.079341866	0.009709024	0.0011515856	0.010005352	0.007970547	0.0735173	0.007764035	0.0044667805	0.026499672	0.008644353
ERR6109059	0	dental calculus	0.008964543	0.3800151	0.34057987	0.00079508394	0.04059921	0.0003641898	0.043643698	0.014351067	0.0011897973	0.017335217	0.0074811764	0.08823919	0.0089891525	0.0065095983	0.028394695	0.012548417
ERR8050978	0	dental calculus	0.0	0.99999875	2.6389907e-23	1.089e-42	2e-44	0.0	3e-45	2.162784e-39	1.1534e-39	6.835588e-38	8.4e-44	1.0578e-41	0.0	9.032647e-37	1.2498649e-06	0.0
SRR1047998	0	palaeofaeces	0.12369903	0.063813	0.025470922	0.0029830758	0.07182934	0.004851528	0.36156678	0.012538536	0.0027430586	0.010263656	0.02850403	0.15224196	0.05162949	0.0019294434	0.060692187	0.025243962
SRR17604731	0	dental calculus	1.2088557e-05	0.5508574	4.001787e-05	2.1730259e-05	0.00040509502	2.400023e-07	3.4582828e-07	0.005086719	3.5382805e-06	1.3579965e-05	2.587879e-05	0.0001470266	6.7635483e-07	0.0005910626	0.4427946	1.00294995e-10
SRR17604732	0	dental calculus	0.0	0.9999991	1.10640966e-17	8.8541744e-36	1.23483e-34	3.0338314e-37	8.446455e-35	1.0091145e-31	1.841564e-32	1.0053277e-30	2.7888234e-34	1.12989296e-32	2.7470898e-37	8.584705e-30	9.2364667e-07	1.0662335e-35
SRR17604735	0	dental calculus	1.3007699e-35	0.99992913	8.560686e-14	1.9197513e-26	5.425659e-25	2.6120935e-26	1.859289e-25	3.8271227e-23	7.234885e-24	8.937163e-22	5.5011762e-25	1.580254e-24	1.7466836e-26	6.415764e-23	7.084153e-05	1.5294217e-25
SRR17604736	0	dental calculus	1e-45	0.9999944	2.0995852e-17	2.2189482e-33	6.992721e-33	4.8163493e-34	2.8642927e-32	8.415053e-30	4.9598858e-30	1.3021072e-28	3.1862517e-31	7.1062226e-31	2.8874572e-34	3.5552067e-28	5.598998e-06	4.2385024e-33
SRR17604737	0	dental calculus	4.38137e-40	0.99984133	1.7791117e-14	1.1049119e-29	3.945606e-28	1.4470578e-29	5.526451e-29	3.882474e-26	1.021063e-26	2.9871632e-27	5.729859e-28	1.5810645e-27	2.0062807e-30	4.934301e-25	0.00015868932	3.0735677e-30
SRR17604738	0	dental calculus	3.4344708e-11	0.9948381	2.7342252e-05	1.2933947e-09	1.5593352e-08	7.247534e-11	3.3448107e-08	7.761151e-08	7.0470305e-09	3.028373e-08	8.468089e-08	6.3387716e-08	2.0441349e-09	1.9247642e-07	0.0051340205	6.4143046e-10
SRR17604739	0	dental calculus	1.7708779e-36	0.9999824	6.8055086e-14	3.34157e-27	9.1624074e-26	3.3697033e-27	1.159685e-25	3.3371227e-23	2.6314394e-24	1.9741408e-21	3.2019736e-25	4.734789e-24	4.568682e-27	1.4625381e-22	1.7581577e-05	1.4453064e-26
SRR17604740	0	dental calculus	1.057757e-25	0.99469715	4.4882906e-11	1.3254354e-19	2.3552938e-18	5.8637884e-20	1.164066e-18	8.159021e-17	7.245384e-18	5.650829e-17	1.963321e-18	9.377864e-18	1.8342593e-19	1.1667158e-16	0.005302846	3.6285428e-19
SRR17604741	0	dental calculus	0.0005019167	0.5944456	0.01888359	9.475341e-05	0.002725328	0.0001528839	0.007934682	0.0006421053	0.00024998587	0.00084418355	0.0021803174	0.007080908	0.0019157857	0.0002017409	0.36116612	0.0009801097
SRR17604742	0	dental calculus	1.543114e-39	0.9999545	1.7701693e-13	7.2438853e-29	1.0487278e-27	1.1749379e-29	1.65862e-27	1.754867e-25	5.448776e-26	3.0794294e-24	8.1587115e-27	2.2610492e-26	2.8032837e-29	2.7976427e-24	4.546989e-05	1.2994734e-28
SRR17604743	0	dental calculus	1.2238866e-25	0.99997574	2.8105074e-10	4.353771e-19	8.6327456e-18	2.3056514e-20	4.561127e-17	5.8443e-16	2.1080061e-17	8.803434e-15	3.279147e-17	8.186238e-17	1.4903068e-19	1.0772099e-14	2.425088e-05	3.542447e-18
SRR17604744	0	dental calculus	1.8814179e-14	0.99833626	1.1713098e-05	4.409891e-11	2.8122468e-10	1.4783778e-12	3.8081778e-09	4.6244315e-09	2.47926e-10	6.668857e-09	1.2833721e-09	3.5014518e-09	2.3443986e-11	1.563402e-08	0.0016519848	1.2544625e-10
SRR17604745	0	dental calculus	3.1545307e-30	0.9999974	7.992423e-10	2.298988e-21	2.285992e-20	1.0293033e-21	8.980761e-22	5.2656183e-19	2.5673875e-20	1.8249433e-20	4.5224846e-20	1.24675675e-20	9.38529e-23	1.5141806e-17	2.6401449e-06	3.213305e-22
SRR17604746	0	dental calculus	1.3997942e-26	0.9996332	1.016482e-09	1.3027227e-19	4.273045e-19	5.8952278e-21	4.6646664e-19	9.618098e-18	3.881933e-18	5.9831245e-19	1.0943069e-18	1.8009732e-18	1.0244653e-20	6.060166e-17	0.00036678012	1.5376507e-19
SRR17604747	0	dental calculus	5.134e-42	0.9999998	7.286257e-15	1.7587347e-29	1.7170745e-28	5.726186e-29	8.085141e-30	8.7682925e-26	2.6587382e-27	1.4284599e-24	1.49697325e-27	3.1216556e-28	9.746589e-31	8.0175967e-25	1.8393062e-07	8.435402e-30
SRR17604748	0	dental calculus	1.8304133e-27	0.9999711	4.86003e-10	3.0447733e-20	9.4587185e-20	1.0134432e-21	1.974404e-19	2.7883839e-18	7.7504993e-19	4.1804814e-19	1.699366e-19	3.095655e-19	3.0978197e-21	2.829202e-17	2.8921542e-05	5.031322e-20
SRR17604749	0	dental calculus	1.121936e-39	0.9998547	3.9399277e-14	1.0957838e-28	7.8598814e-28	2.1011953e-29	4.369349e-28	1.8710872e-25	5.1252543e-26	5.7711646e-26	3.6659745e-27	1.1426174e-26	1.4654335e-29	1.5199178e-24	0.00014533738	1.2967669e-28
SRR17604750	0	dental calculus	3.3766896e-38	0.9999987	2.5825825e-16	3.2183845e-28	8.545873e-28	3.939264e-29	7.914969e-29	2.3502471e-25	4.7995145e-26	4.9020775e-24	9.856861e-28	2.8508516e-27	7.262486e-30	1.9905797e-24	1.2818683e-06	2.070433e-30
SRR17604751	0	dental calculus	1.753e-42	0.99967444	1.9628381e-15	2.1284435e-30	2.0788306e-29	4.093981e-31	2.1273995e-29	1.7845043e-26	1.4461574e-27	9.65936e-27	1.1239513e-29	1.1328604e-28	2.5712733e-31	7.2260066e-26	0.00032553106	1.0977739e-29
SRR17604752	0	dental calculus	6.147683e-35	0.9999924	4.9581243e-14	2.1933432e-26	2.5174095e-25	9.964881e-27	1.7247576e-24	8.724736e-23	1.2535655e-23	2.0869126e-23	9.215375e-24	1.0711104e-23	2.2000385e-26	7.094956e-22	7.6494825e-06	4.8057862e-26
SRR17604753	0	dental calculus	1.9505714e-37	0.99979603	2.2897452e-14	4.0726423e-27	7.836845e-26	2.0152394e-27	3.930257e-26	6.687884e-24	2.227917e-24	3.624999e-22	1.5243621e-25	5.1372274e-25	1.3342722e-27	2.110145e-23	0.00020397802	3.5543117e-26
SRR17604754	0	dental calculus	0.28372684	0.013190413	0.09285028	0.0020762258	0.16390213	0.06537393	0.012734394	0.08088555	0.0015079326	0.00411217	0.16373149	0.05195271	0.03472271	0.012993623	0.01398819	0.0022514213
SRR17604755	0	dental calculus	3.8715044e-28	0.9984012	1.5477593e-11	3.5158137e-21	2.9467686e-19	5.1492474e-21	1.2689974e-19	3.7224203e-18	8.37489e-19	9.355531e-16	2.1597237e-19	1.7773e-18	6.7906415e-21	5.7572805e-18	0.0015987764	4.0636566e-20
SRR17604756	0	dental calculus	1.42e-43	0.9999821	4.143066e-17	7.9699975e-32	1.6241286e-30	5.8951006e-32	6.188156e-31	5.926327e-28	1.2254563e-28	6.843856e-27	4.514738e-30	2.3417614e-29	3.5800544e-32	3.7426828e-27	1.7866187e-05	1.1102294e-31
SRR17604757	0	dental calculus	1.4782543e-36	0.99999964	2.052518e-12	3.6719176e-27	1.3419566e-25	8.247293e-27	1.4775182e-25	5.510739e-22	2.5411302e-24	3.055529e-22	1.7858115e-23	1.4927858e-23	1.3788909e-27	7.277648e-21	3.6134463e-07	2.4872093e-27
SRR17604758	0	dental calculus	1.2626187e-33	0.9999996	3.1760258e-13	1.1022714e-24	8.250796e-24	3.2140393e-26	3.798875e-23	5.733427e-21	1.5686479e-22	5.5134746e-21	4.294738e-23	1.2524444e-22	9.251265e-26	3.0533443e-20	4.2935113e-07	3.881701e-24
SRR17604759	0	dental calculus	5.458846e-36	0.99995655	2.7406522e-14	1.4604234e-26	2.3965338e-25	1.3337938e-26	8.746473e-26	3.2009025e-23	4.449928e-24	7.738919e-23	5.154852e-25	1.4066447e-24	4.022427e-27	7.48405e-23	4.3477878e-05	3.900318e-26
SRR17604760	0	dental calculus	0.0	1.0	1.643433e-19	1.3724087e-34	3.259739e-33	5.0335477e-36	8.203995e-34	1.3950328e-30	1.5406994e-31	4.1875413e-28	5.8362788e-33	1.9355972e-32	5.075298e-36	1.226965e-28	1.25638655e-08	1.2684782e-34
SRR17604761	0	dental calculus	5.0174563e-22	0.99941295	1.5753988e-08	1.1705897e-16	8.385982e-15	1.7280471e-16	1.0029261e-16	1.4132913e-13	1.2811235e-15	1.3874843e-14	4.605926e-15	4.4473202e-15	3.782678e-17	1.2287595e-13	0.0005870366	3.3914025e-17
SRR17604762	0	dental calculus	0.0	0.999999	5.427881e-17	7.33407e-33	1.8860559e-32	2.6247432e-34	1.6831167e-32	2.8098587e-29	4.1712656e-30	5.6347303e-28	8.689799e-32	5.170625e-31	1.628551e-34	4.456532e-28	1.0029253e-06	7.624357e-33
SRR17604763	0	dental calculus	1e-45	0.9999906	3.3073202e-18	1.2683525e-33	5.016923e-33	7.709574e-34	2.139547e-32	2.6889015e-29	1.7557795e-30	1.5286663e-28	1.0300086e-31	6.5708e-31	2.5377637e-34	1.620431e-28	9.397131e-06	4.307999e-34
SRR17604764	0	dental calculus	6.7438575e-14	0.99963975	7.534316e-05	6.378308e-11	7.226019e-10	5.968713e-11	2.7574398e-10	3.946156e-09	1.7200924e-10	1.14225115e-10	3.3473672e-08	9.767214e-10	3.022514e-11	5.848179e-08	0.000284802	2.4771994e-12
SRR17604765	0	dental calculus	0.021840366	0.3156451	0.057026453	0.0010938498	0.029111726	0.0014228111	0.08313048	0.007771081	0.0018960149	0.004479756	0.017414296	0.09099815	0.019740114	0.0017756517	0.3353435	0.0113106575
SRR17604766	0	dental calculus	0.0028903447	0.39216235	0.021385686	0.0003045374	0.008543325	0.0006259485	0.026495483	0.0022571413	0.0006916099	0.0029519147	0.0052477815	0.027513003	0.007724165	0.00055888994	0.49621227	0.00443555
SRR17604767	0	dental calculus	0.001994124	0.53348863	0.03382033	0.00023429174	0.0054464885	0.0003839272	0.020576505	0.0012881156	0.00052528334	0.0014839515	0.0044278675	0.021072827	0.0046466063	0.00045770386	0.36719838	0.0029549869
SRR17604768	0	dental calculus	0.00436918	0.7552065	0.016878061	0.00045659218	0.013197053	0.00055945345	0.027954986	0.0015303463	0.000700839	0.0015793615	0.0051847673	0.03154576	0.006263711	0.0005807096	0.12987989	0.0041127815
SRR17604769	0	dental calculus	0.004683678	0.47917753	0.032602098	0.00050572405	0.0127957435	0.0007577617	0.04699517	0.003616753	0.0010471081	0.0032975625	0.009336188	0.04347628	0.010092016	0.0009984872	0.34467852	0.0059393733
SRR17604770	0	dental calculus	0.0038204708	0.49271485	0.024600744	0.00038992136	0.009970581	0.000687895	0.030352633	0.001916482	0.000688475	0.0028770168	0.0057175606	0.030738527	0.00781296	0.00063306023	0.38242295	0.0046558687
SRR17604771	0	dental calculus	7.802415e-17	0.99999934	5.785916e-08	1.3725284e-13	1.6281169e-12	5.928013e-15	4.4481207e-12	3.352134e-12	2.6150933e-12	6.447416e-12	2.1769187e-11	8.371166e-11	5.848435e-14	3.286515e-11	5.702804e-07	1.0021389e-13
SRR17604772	0	dental calculus	1.15241164e-10	0.9995166	2.3455354e-05	1.4603732e-09	5.8445803e-08	6.943029e-10	1.291126e-07	2.0438154e-08	9.597117e-09	1.7569374e-08	5.681134e-08	1.6322812e-07	6.288939e-09	1.6094765e-08	0.00045946875	7.663054e-09
SRR17604773	0	dental calculus	0.0034450232	0.9539633	0.0023563963	0.00027519223	0.00013905684	5.2777585e-05	6.3328014e-05	0.00047493321	4.405521e-05	0.0009220239	0.00042478752	0.00020447272	0.0025566926	9.793929e-05	0.03495777	2.2295146e-05
SRR17604774	0	dental calculus	3.874643e-06	0.97466695	0.00076332927	4.099954e-06	6.066149e-05	2.943685e-06	0.000106606734	2.7640257e-05	1.07612495e-05	0.0007153256	9.9809076e-05	0.00046582485	2.7994736e-05	1.4535484e-05	0.023016559	1.30778335e-05
SRR17604775	0	dental calculus	5.9489326e-14	0.9996667	3.3808016e-07	6.698975e-12	1.3793454e-11	1.4203759e-13	1.1493759e-11	1.1686606e-10	3.817929e-11	3.2129615e-11	1.6359308e-11	2.5503819e-10	1.0685539e-12	1.2098422e-10	0.00033295716	1.2940387e-13
SRR17604776	0	dental calculus	1.4712322e-20	0.9999957	3.6109056e-09	2.3984987e-16	2.5208912e-15	1.814855e-17	2.9804614e-15	9.9591e-15	7.439872e-15	2.5411685e-14	1.1789022e-14	7.027463e-14	8.175057e-17	2.9935947e-14	4.289478e-06	2.7376544e-16
SRR17604777	0	dental calculus	7.678e-42	0.9999705	8.3589056e-17	2.9249373e-30	7.02336e-31	1.0748084e-32	1.4939278e-30	1.5197813e-27	2.0808583e-27	2.395217e-27	1.2067023e-29	3.2332463e-30	4.7733556e-33	4.9986988e-26	2.9475206e-05	1.17608335e-32
SRR17604778	0	dental calculus	3.5683572e-06	0.99202764	3.4890863e-06	6.4232713e-06	3.1442332e-07	1.623933e-08	1.1781777e-08	1.7153715e-06	2.9232945e-07	4.4413544e-05	4.9893504e-07	1.1878815e-06	6.455306e-08	1.9098352e-06	0.007908479	4.6558007e-11
SRR17604779	0	dental calculus	3.255674e-12	0.8195072	4.913817e-07	3.7324252e-10	2.9306443e-10	9.193914e-12	8.715308e-12	6.0157956e-10	5.076054e-10	3.6026293e-08	4.4778595e-10	7.609952e-10	1.806254e-11	1.2109576e-09	0.18049227	5.8206735e-14
SRR17604780	0	dental calculus	4.1913335e-12	0.9998213	6.316055e-08	3.8652722e-08	1.1789206e-10	4.1916102e-13	5.6818625e-12	2.998747e-09	9.149394e-09	2.2588817e-07	6.223241e-10	8.501766e-10	4.146668e-13	1.3275135e-08	0.00017834902	1.210673e-15
SRR17604781	0	dental calculus	2.3054983e-05	0.4525451	0.0012663681	8.732094e-06	0.00038366142	7.947674e-06	0.00040203196	0.00027653936	2.0712527e-05	0.00023358653	0.00015369226	0.00054195465	0.0002804939	6.1823695e-05	0.5437655	2.8793444e-05
SRR17604782	0	dental calculus	1.7365962e-21	0.99875695	9.5388735e-08	7.5311426e-17	1.29800405e-14	1.6044849e-15	3.176831e-16	1.3102307e-13	2.0309633e-15	1.6135808e-13	7.43174e-14	9.369173e-15	8.808745e-17	8.6377344e-14	0.001242978	1.7768827e-17
SRR17604783	0	dental calculus	0.055980284	0.015049993	0.0025587059	0.0004991005	0.108394146	0.00021935417	0.023239205	0.02517191	0.00087608193	0.0014401431	0.0053203665	0.33640856	0.01313442	0.0019508944	0.4067128	0.0030440292
SRR17604784	0	dental calculus	2.8465535e-10	0.98690265	1.1122317e-05	6.7834236e-09	2.3874742e-07	1.3220817e-09	1.379385e-08	5.8321154e-07	1.2040555e-08	2.8478098e-07	4.2264087e-08	1.2280154e-07	6.4785968e-09	2.4693065e-07	0.013084641	1.1972798e-09
SRR17604785	0	dental calculus	2.4844033e-31	0.99999166	3.243698e-13	7.016844e-24	6.3566734e-23	3.0078623e-24	1.741295e-22	1.4776372e-20	1.1553593e-21	3.6838537e-21	2.4399513e-22	1.6077493e-21	6.22113e-24	1.24393545e-20	8.3441355e-06	1.1981067e-23
SRR17604786	0	dental calculus	8.804505e-37	0.99999344	4.074403e-15	2.0118917e-27	2.660374e-26	2.0467077e-27	2.8965657e-26	2.5811336e-24	1.1155901e-24	1.3506454e-22	1.7507062e-25	5.0508146e-25	1.6758135e-27	8.019449e-24	6.536795e-06	6.902126e-27
SRR17604787	0	dental calculus	3.6068632e-20	0.99119794	6.0001887e-10	1.2778276e-16	4.718822e-16	2.2832352e-17	3.209217e-16	2.3086115e-14	3.094961e-15	6.8355127e-15	1.8698102e-15	1.1823391e-14	1.8447382e-16	2.4847058e-14	0.008802032	8.585598e-18
SRR17604788	0	dental calculus	3.9066686e-23	0.99786615	2.7945835e-10	1.0381264e-18	4.7349254e-17	6.5632434e-19	7.511338e-17	1.8141906e-15	1.6697071e-16	5.1930695e-16	1.806433e-16	1.3513439e-15	9.0627935e-18	1.0351598e-15	0.002133871	4.495025e-18
SRR17604789	0	dental calculus	1.4874238e-29	0.99057674	1.2762134e-11	4.1592893e-23	8.4667923e-22	5.0587245e-23	1.9595287e-21	1.4289499e-19	2.2966599e-20	1.1693674e-19	1.1151619e-20	9.455094e-20	2.139056e-22	1.5618774e-19	0.009423234	2.4822694e-22
SRR17604790	0	dental calculus	1.1492478e-07	0.97659653	0.0006504015	5.211163e-07	4.5731604e-06	1.4189162e-07	9.228757e-06	1.0339142e-05	1.1574745e-06	2.8623133e-06	1.521281e-05	1.6570211e-05	1.4122159e-06	3.0326078e-06	0.022686953	9.58956e-07
SRR17604791	0	dental calculus	0.0	0.99999833	3.848616e-18	2.6228932e-34	2.6426887e-33	1.4900015e-35	6.867787e-34	2.2817327e-30	2.2754846e-31	1.4253275e-29	2.5705742e-33	1.1904015e-32	6.366494e-36	2.9387693e-29	1.6804136e-06	1.16693335e-33
SRR17604792	0	dental calculus	0.0	0.99998313	6.811886e-17	1.290564e-34	5.700426e-34	7.707963e-36	1.1682518e-33	1.8227964e-30	2.4306183e-31	2.5940581e-31	4.7995816e-33	1.919556e-32	5.4189217e-36	2.8450237e-29	1.6849575e-05	1.8882714e-34
SRR17604793	0	dental calculus	0.0	0.9999999	3.169274e-18	4.2581456e-34	5.616864e-33	3.9252038e-35	7.861511e-34	1.354242e-30	4.499632e-31	4.0288923e-28	3.6769382e-33	1.991999e-32	1.310994e-35	2.5481115e-29	1.2026295e-07	3.3043504e-34
SRR17604794	0	dental calculus	0.0012726868	0.48799244	0.019463135	0.00021255722	0.0038686714	0.00031721135	0.014618212	0.00096890645	0.0004015761	0.001399716	0.003368787	0.01784601	0.0035796673	0.0003319047	0.44280824	0.0015502992
SRR17604795	0	dental calculus	0.0	0.99999654	8.1358326e-19	8.877221e-37	8.971291e-36	8.936755e-38	3.018496e-36	1.3306317e-32	2.2409365e-33	1.9216131e-32	4.598669e-36	2.2756808e-34	4.704796e-38	1.0647114e-31	3.4787681e-06	1.5059646e-36
SRR17604796	0	dental calculus	9.081896e-30	0.9999908	1.6970404e-13	9.1964653e-23	3.5985876e-22	6.984032e-24	1.1600379e-21	1.828518e-19	6.7102753e-21	4.3620423e-20	4.135814e-21	1.2358322e-20	1.8905372e-23	3.7247633e-19	9.171017e-06	2.4977504e-23
SRR17604797	0	dental calculus	5.584685e-38	0.999924	8.543676e-16	1.9894618e-28	7.132598e-28	2.2109668e-29	5.192669e-28	2.6091168e-25	1.3467204e-25	2.8841995e-24	4.749306e-27	2.7542003e-26	2.7223525e-29	3.005181e-24	7.6018674e-05	8.7491356e-30
SRR17604798	0	dental calculus	6.715989e-37	0.99615246	1.8799193e-15	3.767774e-27	3.3788164e-27	3.5999393e-28	5.5498035e-28	1.3958211e-24	4.176312e-25	2.52601e-23	2.2273412e-26	2.3107217e-26	1.2949362e-28	5.8731645e-24	0.0038475187	6.664284e-30
SRR17604799	0	dental calculus	6.875331e-28	0.99973667	1.634003e-11	4.9319913e-21	3.95314e-20	2.8439e-21	6.100015e-20	7.1133805e-19	4.2513917e-19	1.2647165e-17	2.97353e-19	8.082969e-19	3.712889e-21	2.6984836e-18	0.00026330363	1.299444e-20
SRR17604800	0	dental calculus	1.0981789e-25	0.9973697	7.7680494e-11	7.205494e-20	4.1095553e-19	8.115493e-21	1.8660238e-19	2.2335547e-17	6.980259e-18	6.9040047e-18	3.7787676e-19	3.5992163e-18	1.411398e-20	1.4505499e-17	0.0026302862	2.6124033e-20
SRR17604801	0	dental calculus	3.1496586e-06	0.5007601	1.1072272e-05	5.592768e-06	5.706561e-05	8.1190564e-08	2.1439882e-06	5.097929e-05	3.4544505e-06	4.278593e-06	2.3632242e-06	0.00017395236	2.2191566e-06	1.6840748e-05	0.49890673	9.251559e-09
SRR17604802	0	dental calculus	0.1550679	0.026149115	0.08828773	0.003417125	0.12541679	0.0249422	0.14916237	0.01640592	0.0029986382	0.009175312	0.10452245	0.14540853	0.09441158	0.0051372037	0.030248076	0.019249076
SRR17604803	0	dental calculus	0.004051105	0.5342942	0.05031006	0.0004104657	0.010240158	0.0013540172	0.02860252	0.0030155787	0.0007674068	0.002426482	0.008820481	0.028649416	0.012074198	0.0009138286	0.31124094	0.0028291224
SRR17604804	0	dental calculus	7.7090925e-29	0.9999516	2.655682e-12	2.0988266e-21	9.5761355e-20	2.0711354e-21	4.3024043e-21	3.8199312e-18	1.07794714e-19	1.6362738e-16	8.476092e-20	2.1464094e-19	6.1006953e-22	4.3853907e-18	4.839959e-05	2.7129965e-21
SRR17604805	0	dental calculus	1.5100644e-37	0.999896	5.715636e-15	6.0432654e-27	1.1430553e-25	1.4175115e-27	2.414073e-26	1.3909292e-23	1.788941e-24	1.7104471e-21	3.1612307e-26	4.915791e-25	9.219483e-28	4.8443355e-23	0.000104030245	1.5814743e-26
SRR17604806	0	dental calculus	0.027395865	0.057440497	0.005774336	0.00023337237	0.0042066337	0.0002610426	0.010974124	0.006773834	0.0005665968	0.0010951348	0.009158141	0.0364011	0.0058576805	0.00092701195	0.8312529	0.001681756
SRR17604807	0	dental calculus	4.6368624e-36	0.99999917	1.796581e-15	9.609034e-27	1.3390019e-25	6.3579015e-27	2.630646e-25	3.617804e-23	3.791709e-24	5.613271e-22	1.4989356e-24	4.2687275e-24	6.726156e-27	1.7139346e-22	8.568565e-07	2.0554127e-26
SRR17604808	0	dental calculus	0.0	1.0	3.9792314e-19	6.305251e-34	7.032974e-32	3.2924389e-35	1.10819796e-32	1.0241211e-29	6.9896173e-31	2.4497369e-27	1.1889001e-32	2.152026e-31	3.3086794e-35	3.1646903e-28	7.1303377e-09	1.2648181e-33
SRR2229974	0	dental calculus	0.19045056	0.030711107	0.030322127	0.0026731407	0.067262284	0.0048076673	0.23763898	0.008188048	0.0033049148	0.0080186725	0.042982392	0.18134761	0.07256381	0.002211152	0.08543104	0.032086488
SRR2229975	0	tooth	0.32341102	0.01720045	0.0016144362	0.0053161685	0.01949903	0.0006178396	0.0046452284	0.003155464	0.0011439066	0.0023326185	0.0029958645	0.025013052	0.0062556844	0.0010701856	0.58561265	0.000116388415
SRR2229976	0	dental calculus	0.19745868	0.03046264	0.030034788	0.0026652594	0.06736823	0.0047973245	0.23383144	0.008085724	0.0033223818	0.008025156	0.042603783	0.18116765	0.07119385	0.0022018885	0.08563325	0.031147957
SRR2229977	0	tooth	0.27362588	0.029587127	0.026355637	0.0025600498	0.064969175	0.0042759343	0.1921457	0.007742097	0.0034329162	0.007377628	0.03888391	0.16749054	0.064752646	0.0021888737	0.09222134	0.022390539
ERR3761400	1	midden	0.010568426	0.0037806516	0.0006946204	9.787259e-05	0.0059889946	5.083548e-05	0.0038776633	0.0004254486	0.0	0.0018684844	0.005545641	0.9313214	0.0026938813	0.0	0.032627698	0.0004584237
ERR3761401	1	midden	0.044370566	0.012712164	0.042037085	0.00056120154	0.23963858	0.04083484	0.0007397992	0.004083864	0.0	0.0041534407	0.15721725	0.4424179	0.009747526	0.0	0.0011865449	0.00029927003
ERR3761402	1	sediment	0.006825875	0.0077715954	0.020170597	0.0005217045	0.27734074	0.007921501	0.0007859949	0.0021037136	0.0	0.0015321755	0.050292786	0.61552083	0.00797308	0.0	0.0010125177	0.00022686347
ERR3761403	1	midden	0.03518467	0.013705592	0.0017567087	0.00032049607	0.035505615	0.00017469199	0.040606998	0.0007673766	0.0	0.0025679092	0.008764009	0.7328481	0.03351591	0.0	0.092509404	0.0017724916
ERR3761404	1	sediment	0.07917906	0.020525582	0.009747918	0.001298921	0.17867945	0.0077962624	0.0003330388	0.0018724864	0.0	0.0019875795	0.017075192	0.668603	0.0041827867	0.0	0.008637911	8.07881e-05
ERR3761405	1	midden	0.11116277	0.055596266	0.037213612	0.022229219	0.46276698	0.07164868	0.0014163919	0.0048555178	0.0	0.013479513	0.045847002	0.0955758	0.03382907	0.0	0.044303004	7.619713e-05
ERR3761406	1	sediment	0.34232664	0.065629415	0.034624677	0.034811348	0.048101902	0.0059063933	0.0044433447	0.0033893767	0.0	0.014749329	0.13763821	0.060610324	0.025945568	0.0	0.22174108	8.2396225e-05
ERR3761407	1	palaeofaeces	0.00075635285	0.0021794278	0.000670956	3.6255078e-05	1.2725604e-05	3.3997556e-05	9.295827e-05	0.0022583387	0.0	0.9881274	0.00030350854	0.0016446179	0.00076583074	0.0	0.0019628312	0.0011547833
ERR3761408	1	palaeofaeces	0.03994199	0.00082111155	9.1064074e-05	0.0061405185	0.0002184314	1.5655354e-05	6.876484e-07	0.0022132227	0.0	0.9475447	3.8129077e-05	2.4487654e-05	1.8643452e-05	0.0	0.0029313422	1.1863442e-08
ERR3761409	1	palaeofaeces	0.01663517	0.0015942784	0.0003178041	9.654321e-05	5.290241e-05	1.5729642e-05	8.9927016e-05	0.002842167	0.0	0.9754689	0.00012658651	0.00027274727	0.0014685813	0.0	0.0007638793	0.00025480796
ERR3761410	1	palaeofaeces	0.00018234192	0.00045857433	9.9082994e-05	1.4827647e-05	1.0493383e-05	6.0652224e-06	0.00014362943	0.00084429234	0.0	0.9961309	0.00015600599	0.00055856677	0.000111899986	0.0	0.00014723882	0.0011361188
ERR3761411	1	palaeofaeces	0.044529065	0.0063436627	6.614129e-06	0.0032498415	1.1587591e-05	8.73558e-07	1.0601285e-06	0.001393095	0.0	0.8569731	2.0279736e-06	1.2025421e-05	7.7296645e-06	0.0	0.08746924	4.6989538e-08
ERR3761412	1	palaeofaeces	1.8920255e-05	0.000109460176	1.6417493e-05	6.2186987e-06	7.8017223e-07	3.5345914e-07	7.802136e-06	0.005245008	0.0	0.9945612	1.6151243e-05	6.0292405e-06	3.656016e-06	0.0	1.5653728e-06	6.4419796e-06
ERR3761413	1	palaeofaeces	0.012775102	0.01905955	4.612161e-05	0.0129419165	0.0014985455	0.00014880035	1.1677122e-06	0.007881392	0.0	0.9451671	1.1732804e-05	3.1370037e-05	4.1117005e-06	0.0	0.00043308656	7.8465245e-10
ERR6430820	1	marine sediment	0.00011994724	0.0012564954	0.0019897206	0.00019028796	0.3978277	5.2793792e-05	0.51781917	0.00039486066	0.0	0.00078910013	0.012486593	0.054714594	0.011970755	0.0	8.7627384e-05	0.0003003679
ERR6430821	1	marine sediment	0.00074004324	0.0034207348	0.020420775	0.00037448344	0.53379214	0.0020850184	0.22321922	0.001398164	0.0	0.0012198765	0.17724746	0.020017568	0.015729345	0.0	0.000113216345	0.00022195405
ERR6430822	1	marine sediment	0.00052704645	0.0010078544	0.0033640484	0.00025913026	0.8470155	0.011461809	0.016517513	0.0019844736	0.0	0.00022793592	0.113843225	0.002934863	0.00084098347	0.0	3.6057306e-06	1.202656e-05
ERR6430823	1	marine sediment	0.00019053904	0.0009901123	0.003844024	0.0002208607	0.77942455	0.01123486	0.0263268	0.0024241458	0.0	0.00022669001	0.1658637	0.008239703	0.0010031555	0.0	4.021016e-06	6.8634167e-06
ERR6430825	1	marine sediment	0.00012577529	0.0005904869	0.00065769866	6.538258e-05	0.07005784	4.622356e-05	0.8972148	0.00016524184	0.0	0.00044491526	0.0042386404	0.013863612	0.01226671	0.0	0.00015411699	0.00010859148
ERR6430828	1	marine sediment	7.1044575e-05	0.00070665224	0.0018982494	0.00013715567	0.82674325	0.0006799673	0.12173728	0.000744646	0.0	0.00029552274	0.04230843	0.0036116913	0.0010302215	0.0	1.2286756e-05	2.3627295e-05
ERR6430830	1	marine sediment	5.5430784e-05	0.00048060642	0.0011754432	7.197878e-05	0.82556057	0.0003482599	0.13164227	0.00026243366	0.0	0.00024407778	0.028196365	0.007606307	0.004313711	0.0	6.510312e-06	3.603471e-05
ERR6430831	1	marine sediment	9.6374584e-05	0.0004947793	0.0008727299	0.00014216169	0.89137745	0.0004451817	0.05432178	0.0005840084	0.0	0.00022259347	0.03535442	0.014745557	0.0013144932	0.0	1.8806742e-05	9.658051e-06
ERR6430832	1	marine sediment	0.00020602501	0.00093995925	0.0031668611	0.00019437973	0.6164916	0.0048899	0.028338857	0.0032113006	0.0	0.00022684516	0.32321945	0.018983461	0.000113755734	0.0	2.5100826e-06	1.5089671e-05
ERR6430833	1	marine sediment	3.1915104e-05	0.0004899848	0.0010318457	0.00017428103	0.8292458	0.0046077506	0.007507479	0.0015375013	0.0	0.00010328259	0.14657202	0.00862592	6.940729e-05	0.0	1.25157e-06	1.5357534e-06
ERR6430834	1	marine sediment	0.001013517	0.0026030457	0.0065139765	0.0004192128	0.37085825	0.0011202234	0.33635283	0.0013757076	0.0	0.0013175858	0.20950499	0.055723913	0.01299204	0.0	6.297609e-05	0.00014173663
ERR6430836	1	marine sediment	0.00027034053	0.0010593343	0.00060954754	0.00017060153	0.2592279	3.710356e-05	0.6929162	0.00034731586	0.0	0.0004358178	0.007564374	0.025191559	0.012013376	0.0	0.00012260392	3.3918735e-05
ERR6430838	1	marine sediment	0.00011274709	0.00036022023	0.0017158564	7.457264e-05	0.6948604	0.00021871286	0.2770568	0.00047777256	0.0	0.00027929852	0.019420812	0.00392429	0.0014792844	0.0	6.9883636e-06	1.2239238e-05
ERR6430839	1	marine sediment	8.520801e-05	0.00026246562	0.0014511711	4.8165606e-05	0.87568945	0.00021314475	0.08092055	0.00024295083	0.0	0.00022535963	0.036983818	0.0026112963	0.0012399849	0.0	7.78854e-06	1.8670069e-05
ERR6430840	1	marine sediment	0.00011594336	0.00041698822	0.0013088827	6.920364e-05	0.87187	0.0018579438	0.083023235	0.0007205953	0.0	0.00022136213	0.033381436	0.005925621	0.0010712164	0.0	2.8674065e-06	1.4751684e-05
ERR6430841	1	marine sediment	0.00033201315	0.00078400114	0.004814526	0.00012330193	0.44634604	0.0011596942	0.45632625	0.00051295647	0.0	0.00049708097	0.08329084	0.0034650776	0.002278411	0.0	1.3487866e-05	5.6329485e-05
ERR6430842	1	marine sediment	0.00016784413	0.00039724653	0.001579139	0.0001966773	0.746149	0.00020418776	0.22990276	0.00029273314	0.0	0.0003574663	0.011828561	0.0058102	0.003069474	0.0	3.151594e-05	1.3196525e-05
ERR6430843	1	marine sediment	0.00025875427	0.00047993797	0.0026523687	7.2915456e-05	0.49689484	0.0001393464	0.4714106	0.00029304804	0.0	0.00042764086	0.015716977	0.0056741517	0.005877624	0.0	1.4238413e-05	8.755343e-05
ERR6430845	1	marine sediment	0.0001663506	0.0004979472	0.0018839645	6.918031e-05	0.49148083	0.00022136336	0.48126593	0.00031344846	0.0	0.00048221587	0.010594418	0.008158301	0.004784785	0.0	1.90574e-05	6.22117e-05
ERR6430846	1	marine sediment	0.00030217203	0.0006150644	0.0005923725	6.913559e-05	0.16062495	4.4316992e-05	0.8113551	0.0001812696	0.0	0.00032833393	0.004956989	0.010584091	0.010206551	0.0	4.488874e-05	9.477058e-05
ERR6430847	1	marine sediment	8.8247674e-05	0.00042038356	0.0013158778	9.329459e-05	0.3152225	6.364272e-05	0.6406529	0.00036836092	0.0	0.00028512854	0.0105824545	0.027190719	0.0036712282	0.0	1.4939404e-05	3.035301e-05
ERR6430848	1	marine sediment	7.118025e-05	0.0003249448	0.0012180986	4.5389435e-05	0.82129157	0.00058035506	0.15235716	0.00025176816	0.0	0.00014028662	0.020056771	0.0016197691	0.0020049296	0.0	4.890208e-06	3.2896805e-05
ERR6430849	1	marine sediment	7.181897e-05	0.00046287876	0.00021438728	4.344959e-05	0.13364594	8.164071e-06	0.8254987	9.206563e-05	0.0	0.00024378185	0.0043410305	0.030169193	0.0050142244	0.0	0.00010970896	8.4632156e-05
ERR6430850	1	marine sediment	5.6571553e-05	0.00033276438	0.00032593793	2.675007e-05	0.1445016	1.4946517e-05	0.8386388	7.5568045e-05	0.0	0.00015332237	0.0027305149	0.009298811	0.003774845	0.0	2.5578298e-05	4.399563e-05
ERR6430851	1	marine sediment	0.00015469013	0.00082906295	0.0004530998	4.7840967e-05	0.22984385	1.28703805e-05	0.70818204	0.000113252616	0.0	0.00028322302	0.0034723287	0.04550575	0.010901762	0.0	0.000107465225	9.275061e-05
ERR6589621	1	tooth	0.020560885	0.014644168	2.8039085e-05	0.0041071526	0.00016203563	4.6150935e-06	1.3607606e-05	3.2194712e-05	0.0	0.00024950897	4.4138633e-05	9.924287e-05	3.6269626e-05	0.0	0.96001816	2.0593358e-09
ERR6589622	1	tooth	3.5442413e-16	0.84082276	3.038302e-10	2.0779179e-11	1.880771e-13	2.8125255e-16	1.1033766e-14	4.837404e-12	0.0	1.7665302e-11	1.5231675e-14	7.6892635e-14	3.681269e-15	0.0	0.15917724	7.3838706e-19
ERR6589623	1	tooth	0.19223624	0.0058269724	0.00018076447	0.0041715982	0.0041163056	6.935164e-05	0.00021992	0.00015615161	0.0	0.0018358662	0.0005014841	0.0044625844	0.00049364445	0.0	0.7857286	5.3553697e-07
ERR6589624	1	tooth	0.5212575	0.004017563	9.176528e-06	0.004340307	0.00071502547	3.597492e-06	1.6790926e-05	8.596703e-05	0.0	0.00029562533	7.625412e-05	0.0028204243	7.1255025e-05	0.0	0.4662905	3.1896403e-09
ERR6589625	1	tooth	0.26475838	0.00490702	6.222055e-05	0.0032233938	0.0026223292	1.8206323e-05	0.00010914474	0.000107580294	0.0	0.0008940015	0.0002362443	0.0041929143	0.0005675314	0.0	0.7183008	1.7740561e-07
ERR6589626	1	tooth	0.12802407	0.0071339244	0.00035828867	0.0007318989	0.006433841	4.949519e-05	0.0017366066	0.0003561309	0.0	0.0021921103	0.0023209997	0.09249107	0.013968299	0.0	0.7441771	2.6174144e-05
ERR6589627	1	tooth	1.12645536e-13	0.4444774	7.894829e-10	8.393769e-10	6.127525e-12	7.133879e-15	2.2329205e-14	2.8419687e-11	0.0	2.931947e-10	1.2615868e-12	1.8195842e-12	1.07183597e-13	0.0	0.55552256	1.0553059e-17
ERR6589628	1	tooth	6.911965e-06	0.00075312133	5.3619765e-08	2.1531878e-05	8.612625e-07	2.774039e-09	5.1879847e-09	1.11351945e-07	0.0	1.5095071e-06	2.8822078e-07	1.983248e-06	4.701429e-08	0.0	0.9992136	7.456375e-12
ERR6589629	1	tooth	2.1852874e-19	0.46305883	5.0521656e-11	6.7738885e-14	4.4396853e-16	4.355055e-19	3.9645013e-17	4.491424e-13	0.0	7.9412707e-14	2.4767497e-16	2.8071696e-16	1.13007025e-17	0.0	0.5369412	1.6831559e-22
ERR6589630	1	tooth	1.2556418e-06	0.017118251	1.0681942e-07	1.4605582e-06	1.10644905e-07	1.6408042e-10	1.2675089e-09	1.013779e-07	0.0	6.254185e-08	5.0529176e-09	1.02941435e-07	7.0527197e-09	0.0	0.9828785	5.4135736e-14
ERR7919459	1	dental calculus	0.040788945	0.60275894	0.07823186	0.0027861288	0.003991863	0.016484043	0.0024378703	0.010928484	0.0	0.011320422	0.10228079	0.023655616	0.010197126	0.0	0.0937476	0.0003902811
ERR7919460	1	dental calculus	0.008272165	0.97063905	5.6346154e-05	0.0008201157	1.4084364e-05	9.269948e-05	2.8237978e-06	0.0031050383	0.0	0.0003673264	0.00011535325	3.732309e-05	2.7585515e-05	0.0	0.016450029	7.774812e-08
ERR7919462	1	dental calculus	0.0094228685	0.27270547	0.007392393	0.0044348184	0.000849152	0.0025585978	6.518528e-05	0.6423647	0.0	0.028759658	0.014505299	0.014003849	2.3959965e-05	0.0	0.0029130324	1.022967e-06
ERR7919463	1	dental calculus	0.044957668	0.37831244	1.501977e-05	0.008918854	2.0356061e-05	1.7641839e-06	4.3673467e-07	0.00021177871	0.0	0.00025012548	7.109417e-06	5.7621037e-06	2.0518124e-05	0.0	0.5672782	1.9816522e-10
ERR7919464	1	dental calculus	0.2107344	0.034395482	0.025353134	0.0012237538	0.05244922	0.004412344	0.24100308	0.0015899448	0.0	0.03669516	0.041479558	0.16519447	0.0644983	0.0	0.090861164	0.030109994
ERR7919465	1	dental calculus	0.063284785	0.8270251	0.0034692325	0.0052347966	0.0007652217	0.0023579553	0.00079639204	0.039751828	0.0	0.025268938	0.0026451054	0.00237188	0.0069448734	0.0	0.01917079	0.00091308716
ERR7919466	1	dental calculus	4.6757958e-08	0.9981456	1.3041593e-05	4.7737336e-05	3.3410753e-08	5.271573e-07	1.8763774e-10	0.00068435795	0.0	1.2353142e-06	3.6070676e-07	1.0712656e-08	1.3140653e-09	0.0	0.0011070496	2.0593922e-11
ERR7919467	1	dental calculus	0.0043020127	0.9852724	8.253354e-05	0.00062444777	1.815783e-05	0.00014339002	1.9926633e-06	0.002569638	0.0	0.00021270126	4.6914876e-05	1.5634729e-05	1.02433905e-05	0.0	0.006699925	2.507442e-08
ERR7919468	1	dental calculus	0.0035169004	0.76898867	9.877149e-05	0.000561186	1.6444194e-06	1.555766e-06	1.780154e-07	0.00045038896	0.0	2.2602133e-05	1.4682803e-05	2.454309e-06	1.7580022e-06	0.0	0.22633919	6.538327e-09
ERR7919469	1	dental calculus	0.6811572	0.120564505	0.010694871	0.0039284467	0.017347941	0.057657328	0.00031125944	0.0061162277	0.0	0.0145497965	0.014999159	0.0050843074	0.019736784	0.0	0.047450926	0.00040127875
ERR7919470	1	dental calculus	0.07371855	0.82121503	0.0037593576	0.004525849	0.0011486285	0.0017056251	0.00049266603	0.04231034	0.0	0.024324968	0.0015273879	0.0016725856	0.0054687383	0.0	0.01777131	0.0003589654
ERR7919471	1	dental calculus	0.2108891	0.034038592	0.025388071	0.0012185106	0.05256081	0.0043626665	0.24320744	0.0015770022	0.0	0.03679807	0.041095816	0.16254276	0.06447548	0.0	0.09154843	0.03029726
ERR7919472	1	dental calculus	0.0008006587	0.9179997	5.6496854e-05	0.00029626192	1.1097754e-06	7.724005e-07	2.4717096e-07	0.00037001373	0.0	1.7782359e-05	4.567121e-06	1.186936e-06	1.1095431e-06	0.0	0.08045013	2.4297413e-09
ERR7919473	1	dental calculus	0.0005141896	0.97344804	0.00086361263	0.001866313	0.0016861499	0.008798817	1.6900563e-07	0.010683862	0.0	0.0006477255	0.0004323598	7.975925e-05	3.3504086e-05	0.0	0.0009449101	5.843206e-07
ERR7919474	1	dental calculus	1.9773417e-05	0.9953097	0.00026089977	9.740837e-05	7.675102e-06	1.1204149e-05	8.761117e-08	0.0018294217	0.0	5.6842386e-05	7.0859336e-05	5.443105e-06	1.4508348e-06	0.0	0.002329182	1.2930899e-08
ERR7919475	1	dental calculus	1.9966057e-05	0.99482703	0.00023273674	5.5963566e-05	4.1470003e-06	8.070754e-06	3.8510613e-08	0.0013580869	0.0	5.0194863e-05	6.2654464e-05	3.4247691e-06	1.4152326e-06	0.0	0.0033762231	5.9527906e-08
ERR7919476	1	dental calculus	0.0005291317	0.8939953	0.009324169	0.0010494333	0.0028379497	0.06796743	8.61087e-06	0.014898343	0.0	0.00045218342	0.0063515254	0.00034535228	1.5007769e-05	0.0	0.0022251112	4.5725676e-07
ERR7919477	1	dental calculus	0.0017623677	0.9795935	6.99809e-05	0.00066909887	9.090145e-06	0.00019909945	1.8302993e-06	0.0031883575	0.0	0.00033690562	5.7607056e-05	4.344617e-05	3.5229594e-05	0.0	0.014033392	9.17834e-08
ERR7919478	1	dental calculus	1.1676584e-05	0.940334	4.2395554e-06	1.1384602e-05	1.6815078e-09	8.477171e-09	6.5767175e-10	0.000119748474	0.0	3.7106374e-06	6.644009e-08	1.958407e-08	5.2473808e-09	0.0	0.05951514	5.501967e-12
ERR7919479	1	dental calculus	8.124636e-10	0.9994364	1.1815823e-07	1.0670084e-05	8.387749e-10	3.0960856e-09	4.613751e-13	6.33761e-05	0.0	1.3805477e-07	1.0836425e-09	4.187565e-11	4.8384436e-13	0.0	0.0004893118	6.380011e-14
ERR7919480	1	dental calculus	0.00016367197	0.88148266	0.0021845512	0.0006375955	0.00088317465	0.08097229	6.2736144e-06	0.010443277	0.0	0.000567383	0.018992621	0.0009728019	1.5386888e-05	0.0	0.0026779692	3.2382266e-07
ERR7919481	1	dental calculus	0.04329158	0.53018105	0.14894845	0.0033960284	0.0062891776	0.022997102	0.0030344669	0.011422357	0.0	0.014149646	0.12806737	0.026675196	0.0123395305	0.0	0.04834007	0.0008679678
ERR7919482	1	dental calculus	0.0005059452	0.9638444	0.001070379	0.0031999617	0.0036628828	0.011772567	1.7380233e-06	0.012235031	0.0	0.000933571	0.0010509208	0.00021779406	4.369953e-05	0.0	0.0014596831	1.3884128e-06
ERR7919483	1	dental calculus	0.063490115	0.5620958	0.008414248	0.001326507	0.0006302599	0.0012547558	0.0021386368	0.0035380134	0.0	0.0099257985	0.007040948	0.007254664	0.011315518	0.0	0.3208992	0.0006755194
ERR7919484	1	dental calculus	0.41662124	0.20330034	0.01548528	0.0058544762	0.046173237	0.19835316	0.00066100195	0.009208073	0.0	0.019199837	0.022056019	0.01093083	0.014592013	0.0	0.036809687	0.0007548122
ERR7919485	1	dental calculus	0.051317237	0.55935055	1.8756471e-05	0.01225615	2.7420196e-05	3.0073627e-06	7.432691e-07	0.00033248196	0.0	0.00034093278	7.644755e-06	1.0277822e-05	1.6009697e-05	0.0	0.3763188	2.45516e-10
ERR7919486	1	dental calculus	0.06401628	0.5161612	0.08148369	0.0027363263	0.0052717826	0.018574797	0.0030069079	0.010409015	0.0	0.008838101	0.18520713	0.026939718	0.014041526	0.0	0.0630417	0.00027183097
ERR7919487	1	dental calculus	1.4802287e-08	0.9976851	0.00030153376	1.5421765e-05	2.5160896e-06	3.7150683e-05	7.9984495e-08	0.000695615	0.0	4.3762384e-07	0.0010410426	1.3970896e-05	3.7984623e-08	0.0	0.00020708307	3.527188e-10
ERR7919488	1	dental calculus	6.680685e-07	0.99830574	3.1694213e-05	1.09910425e-05	2.0587551e-08	5.0179364e-07	1.1261897e-08	9.576014e-05	0.0	7.9780534e-07	1.3762653e-06	5.0468e-08	6.538498e-08	0.0	0.0015522968	5.933249e-10
ERR7919489	1	dental calculus	3.1958137e-07	0.9996323	7.1471004e-06	6.882303e-06	1.1045089e-08	4.1267083e-07	7.22923e-09	6.215708e-05	0.0	6.5278454e-07	3.1787798e-07	1.1717011e-08	4.1960565e-08	0.0	0.00028973183	4.0795228e-10
ERR7919490	1	dental calculus	0.00049918477	0.96116215	0.0012187157	0.0043241736	0.002943732	0.011052988	8.993389e-07	0.014029343	0.0	0.00097012246	0.0018109615	0.00042104715	3.4508907e-05	0.0	0.0015316438	5.422403e-07
ERR7919491	1	dental calculus	0.0037245997	0.9568555	0.00014716166	0.0010763182	8.207687e-06	0.00017926638	1.4999441e-06	0.0037332482	0.0	0.00043417676	7.786909e-05	5.231667e-05	4.0596962e-05	0.0	0.03366925	2.851852e-08
ERR7919492	1	dental calculus	0.25368387	0.33423784	0.023016749	0.0077865967	0.030126775	0.13409588	0.00084051583	0.014114716	0.0	0.030965433	0.06707099	0.014552412	0.021452578	0.0	0.0663615	0.0016941457
ERR7919493	1	dental calculus	0.069262445	0.5274416	3.4395216e-05	0.015581643	4.1060168e-05	4.940371e-06	1.0351251e-06	0.0002737727	0.0	0.00028467932	2.1313452e-05	8.157644e-06	2.0623998e-05	0.0	0.3870243	3.088855e-10
ERR7919494	1	dental calculus	3.5448707e-08	0.9907656	0.00071667077	1.4085966e-05	4.7679086e-06	7.4347525e-05	4.4843738e-08	0.00066797447	0.0	4.5867932e-07	0.0074681593	6.5713025e-06	6.2709795e-08	0.0	0.00028122237	2.7848052e-10
ERR7919495	1	dental calculus	0.0012406085	0.9512347	0.0010687805	0.00033238513	2.6440115e-05	2.3497247e-05	1.4288862e-06	0.00048285906	0.0	0.00044844256	0.00017144166	1.7740582e-05	9.565211e-05	0.0	0.044855487	5.154121e-07
ERR7919496	1	dental calculus	0.2108891	0.034038592	0.025388071	0.0012185106	0.05256081	0.0043626665	0.24320744	0.0015770022	0.0	0.03679807	0.041095816	0.16254276	0.06447548	0.0	0.09154843	0.03029726
ERR7919497	1	dental calculus	0.0013807418	0.9342487	0.00044850138	0.00038212034	8.79869e-06	3.3131073e-05	1.9660415e-06	0.0005710047	0.0	0.00046450377	0.000107266635	1.749341e-05	7.830385e-05	0.0	0.06225708	4.2573424e-07
ERR7919498	1	dental calculus	0.009692276	0.4378377	0.0075497176	0.0034039852	0.00053102855	0.0012808477	8.366951e-05	0.4904023	0.0	0.029587928	0.007756426	0.0077095116	1.4809396e-05	0.0	0.0041482467	1.5586896e-06
ERR7919499	1	dental calculus	0.21076164	0.033774197	0.025234122	0.001240063	0.051966608	0.0043322784	0.24152254	0.0015893773	0.0	0.036638085	0.042044643	0.16454847	0.064830504	0.0	0.09187405	0.029643428
ERR7919500	1	dental calculus	1.0037801e-09	0.9990295	1.3485423e-07	1.3125184e-05	1.1423081e-09	4.028253e-09	4.9073847e-13	0.00012652708	0.0	5.592478e-07	3.3715446e-09	1.7858746e-10	4.0638323e-13	0.0	0.00083012576	1.1329193e-13
ERR7919501	1	dental calculus	0.0881965	0.8023245	0.0043342137	0.0034328029	0.000935689	0.001859343	0.00072675396	0.038675155	0.0	0.02642732	0.0034905416	0.0027722362	0.013052747	0.0	0.012753242	0.0010190033
ERR7919502	1	dental calculus	2.3623414e-07	0.99832594	7.860915e-06	9.3193616e-05	7.1735826e-08	4.724579e-07	7.093217e-10	0.0007577382	0.0	1.2213779e-06	1.7764243e-07	1.3681197e-08	3.0680964e-09	0.0	0.0008130815	2.6640365e-11
ERR7919503	1	dental calculus	0.00075502275	0.9318876	0.0015175459	0.0010334001	0.0014088595	0.03635498	1.1393705e-05	0.012450891	0.0	0.0004226728	0.0077684866	0.0006644193	2.1752068e-05	0.0	0.0057025794	3.4014005e-07
ERR7919504	1	dental calculus	5.7989237e-05	0.93671095	8.244776e-06	0.00956004	6.1186215e-06	7.185096e-07	2.3836101e-08	0.0017347507	0.0	0.00010655581	4.754206e-06	4.4815815e-07	2.1183575e-07	0.0	0.051809177	1.1188331e-08
ERR7919505	1	dental calculus	4.51429e-06	0.9985452	1.2497847e-05	0.000437447	6.5013313e-07	4.61483e-06	2.317598e-08	0.0006121957	0.0	9.745214e-06	1.335343e-06	1.7533254e-07	3.2720448e-07	0.0	0.00037124637	3.3217566e-09
ERR7919506	1	dental calculus	3.0874347e-08	0.9952078	2.729044e-06	8.892833e-07	4.5089728e-09	5.2862332e-09	2.2004554e-09	4.53725e-06	0.0	1.3597905e-06	9.4715226e-08	9.84241e-09	2.1051347e-08	0.0	0.0047825444	2.400795e-10
ERR7919507	1	dental calculus	0.0055492814	0.41982675	0.014688888	0.0040399097	0.0013952453	0.000524458	0.00023300051	0.4559165	0.0	0.04289337	0.041251015	0.006582921	5.1643754e-05	0.0	0.0070461724	8.6829067e-07
ERR7919508	1	dental calculus	6.1679984e-06	0.97720253	3.4608715e-06	9.505433e-06	1.7829843e-09	3.9878665e-09	9.752983e-10	0.00010512583	0.0	2.613395e-06	4.791188e-08	1.0885154e-08	2.4975908e-09	0.0	0.022670545	4.1924238e-12
ERR7919509	1	dental calculus	0.2108546	0.03404055	0.025390884	0.0012185292	0.052563537	0.0043625953	0.24319996	0.0015770721	0.0	0.036799602	0.041092962	0.16253065	0.06447227	0.0	0.09159935	0.03029743
ERR7919510	1	dental calculus	1.2690055e-07	0.9992135	7.554872e-06	3.7631595e-05	2.9575501e-08	4.0866928e-07	1.682131e-10	0.00042179556	0.0	7.9103813e-07	1.8044884e-07	1.3574482e-08	1.0982175e-09	0.0	0.0003179623	3.033045e-11
ERR7919511	1	dental calculus	3.33432e-05	0.99263567	0.00012927511	5.6384422e-05	3.0181188e-06	8.190795e-06	1.0683306e-07	0.0017389782	0.0	5.1836378e-05	2.411586e-05	5.3085814e-06	2.3970063e-06	0.0	0.0053113205	3.5920507e-08
ERR7919512	1	dental calculus	0.20428807	0.035691064	0.02655938	0.0012531235	0.05308279	0.0045925016	0.22496352	0.0016487065	0.0	0.037176266	0.043768164	0.17741127	0.07084136	0.0	0.088150606	0.03057319
ERR7919513	1	dental calculus	0.003166168	0.84257257	8.0011036e-05	0.00025744468	5.2308e-07	1.1738038e-06	3.41639e-07	0.00057982735	0.0	1.5908416e-05	1.2910173e-05	1.7344412e-06	1.2155714e-06	0.0	0.15331016	3.161691e-09
ERR7919514	1	dental calculus	1.032522e-07	0.99648523	1.0373084e-05	2.2811653e-06	1.3866458e-08	2.0964224e-08	1.7080348e-08	1.2924687e-05	0.0	5.3629324e-06	2.2045965e-07	1.3653162e-08	8.661637e-08	0.0	0.003483355	1.1940674e-09
ERR7919515	1	dental calculus	0.020323383	0.74013025	0.049200576	0.0017755557	0.0022096932	0.011120311	0.002019368	0.007874468	0.0	0.006587856	0.040844712	0.024421813	0.004689115	0.0	0.08845043	0.00035246636
ERR7919516	1	dental calculus	5.1304894e-05	0.9951502	8.4291045e-05	4.4321005e-05	2.060119e-06	1.5561414e-05	8.588766e-08	0.0015799253	0.0	3.798179e-05	2.3156439e-05	7.608825e-06	2.1331043e-06	0.0	0.0030013325	3.0659297e-08
ERR7919517	1	dental calculus	0.21081938	0.035094913	0.025651636	0.0012251992	0.051720016	0.0043593803	0.24416232	0.0015871609	0.0	0.037084293	0.04198391	0.16085093	0.06410854	0.0	0.09122423	0.030128099
ERR7919518	1	dental calculus	1.5457413e-09	0.9994334	1.5769429e-07	1.3244629e-05	9.450406e-10	2.4231883e-09	5.376065e-13	0.00014779405	0.0	3.2110538e-07	2.0384698e-09	2.286306e-10	4.935031e-13	0.0	0.00040507075	1.8057855e-13
ERR7919519	1	dental calculus	0.044210676	0.64303017	0.007754392	0.00088231446	0.00077717385	0.0014760895	0.0015263209	0.002425717	0.0	0.007579408	0.010449773	0.010888783	0.012137166	0.0	0.2561688	0.0006931916
ERR7919520	1	dental calculus	4.4109836e-08	0.99717885	0.00037647213	1.4601898e-05	2.9039068e-06	3.1585314e-05	4.0677165e-08	0.0006904959	0.0	4.2170782e-07	0.0013727117	3.289289e-06	1.1205276e-07	0.0	0.00032847107	4.85296e-10
ERR7919521	1	dental calculus	4.5366147e-10	0.9996396	1.3519578e-07	1.3892014e-05	5.8035937e-10	5.94766e-09	3.1803558e-13	0.00013232768	0.0	3.1020528e-07	2.4018627e-09	1.4422502e-10	3.047323e-13	0.0	0.00021375208	1.1174161e-13
ERR7919522	1	dental calculus	0.00021951528	0.9633196	0.001892108	0.00056016934	0.00045097418	0.017175436	8.720242e-06	0.009958517	0.0	0.00049391185	0.0031460999	0.0005213069	2.538447e-05	0.0	0.002227794	4.3453082e-07
ERR7919523	1	dental calculus	0.027070671	0.62375814	0.0050903307	0.0008589755	0.0008094619	0.0011732029	0.000611807	0.001597415	0.0	0.008664389	0.0034018867	0.0049142446	0.010567886	0.0	0.3113253	0.00015628275
ERR7919524	1	dental calculus	0.46978575	0.2419653	0.023218356	0.0054272576	0.032983396	0.1000591	0.00049938593	0.01105744	0.0	0.026883382	0.02723097	0.0083955955	0.019319592	0.0	0.0323699	0.00080457627
ERR7919525	1	dental calculus	1.3978686e-05	0.9980916	8.849007e-06	0.00034793757	2.553613e-07	1.6567923e-06	1.9104816e-08	0.0005492523	0.0	7.964174e-06	6.1196823e-07	1.04471894e-07	5.867994e-07	0.0	0.0009772202	2.2578277e-09
ERR7919526	1	dental calculus	0.004459283	0.39278716	0.004861753	0.004811151	0.0012913193	0.0002607821	0.00010237458	0.5422374	0.0	0.027572142	0.011084077	0.0020164521	4.7921705e-05	0.0	0.008467619	5.645496e-07
ERR7919527	1	dental calculus	0.0001837514	0.95031357	0.00017599766	0.00017181753	5.918652e-06	8.819121e-06	8.57144e-07	0.00018149546	0.0	0.00020374027	5.5167155e-05	5.305097e-06	4.3162938e-05	0.0	0.04865016	2.5336314e-07
ERR7919528	1	dental calculus	7.1018917e-06	0.9617173	6.0778807e-06	1.07444275e-05	1.0116078e-09	4.4887956e-09	2.864589e-09	0.00018743142	0.0	2.70912e-06	1.268608e-07	1.1328051e-08	4.795683e-09	0.0	0.0380685	4.3391297e-12
ERR7919529	1	dental calculus	1.4770125e-05	0.9979864	7.3475153e-06	0.0003256871	4.7377102e-07	2.1312496e-06	1.5664794e-08	0.00073694275	0.0	1.274124e-05	1.386018e-06	7.99686e-08	4.7110652e-07	0.0	0.0009115899	2.2360682e-09
ERR7919530	1	dental calculus	7.5392244e-08	0.9974985	2.8654636e-06	9.383918e-07	1.1132754e-08	7.313169e-09	4.2471027e-09	5.4981215e-06	0.0	1.652688e-06	8.013369e-08	4.834736e-09	2.1201913e-08	0.0	0.0024903072	3.1654038e-10
ERR7919531	1	dental calculus	7.7293737e-07	0.9982908	2.7779135e-05	1.0004851e-05	2.8617563e-08	9.55743e-07	6.6978947e-09	7.57211e-05	0.0	9.774882e-07	1.3881947e-06	4.16117e-08	7.6157235e-08	0.0	0.0015914516	4.823677e-10
ERR7919532	1	dental calculus	0.000119872304	0.9431391	1.0323541e-05	0.014279642	1.270006e-05	5.9704513e-07	2.183069e-08	0.0028704247	0.0	0.00015591946	4.687142e-06	6.8127036e-07	2.499211e-07	0.0	0.0394058	1.3347993e-08
ERR7919533	1	dental calculus	2.318734e-07	0.99867094	6.4661904e-06	6.361491e-05	1.1303214e-07	1.410499e-06	3.0467437e-10	0.00056812953	0.0	9.276296e-07	2.3555111e-07	1.4814463e-08	1.2861209e-09	0.0	0.000687895	1.935435e-11
ERR7919534	1	dental calculus	4.5184834e-08	0.996185	0.00067960226	2.2880567e-05	4.324004e-06	8.105615e-05	5.6510974e-08	0.00072909205	0.0	6.489009e-07	0.0021268406	5.0474364e-06	4.310638e-08	0.0	0.00016535995	8.073272e-10
ERR7919535	1	dental calculus	1.09655975e-05	0.99756616	1.38934265e-05	0.0003262598	2.661882e-07	1.3097626e-06	9.895397e-09	0.00047548502	0.0	9.570493e-06	1.0748096e-06	7.838827e-08	2.9775455e-07	0.0	0.0015946429	2.1120992e-09
ERR7919536	1	dental calculus	4.261115e-06	0.93585545	1.0364365e-05	1.6746715e-05	9.855227e-10	6.3247385e-09	1.285091e-09	0.00018658789	0.0	4.234163e-06	1.3156667e-07	1.7280556e-08	4.565429e-09	0.0	0.06392217	1.0187097e-11
ERR7919537	1	dental calculus	0.04725389	0.6483782	0.0053361664	0.0010805586	0.00069337303	0.000985327	0.0009135948	0.0020004176	0.0	0.005228113	0.0034248324	0.0028904495	0.005284328	0.0	0.2761736	0.00035714434
ERR7919538	1	dental calculus	0.04005049	0.40705502	8.694204e-05	0.01194434	2.1800273e-05	3.4396753e-06	5.679265e-07	0.0002489897	0.0	0.00021976707	9.143779e-06	5.2043665e-06	2.0328529e-05	0.0	0.540334	5.877811e-10
ERR7919539	1	dental calculus	0.077332765	0.82818484	0.003024006	0.003900286	0.00069776655	0.001260796	0.0006864653	0.04223636	0.0	0.019530013	0.0029392703	0.003169279	0.0043518394	0.0	0.01220191	0.00048442476
ERR7919540	1	dental calculus	0.2108891	0.034038592	0.025388071	0.0012185106	0.05256081	0.0043626665	0.24320744	0.0015770022	0.0	0.03679807	0.041095816	0.16254276	0.06447548	0.0	0.09154843	0.03029726
ERR7919541	1	dental calculus	0.00042646183	0.963922	0.0006510373	0.0025412743	0.0025856607	0.017304448	5.47294e-07	0.01037816	0.0	0.0007956089	0.00038454772	0.00050627737	2.382482e-05	0.0	0.00047946512	6.368946e-07
ERR7919542	1	dental calculus	8.903153e-08	0.99589896	2.8480001e-06	1.2604653e-06	8.956413e-09	8.409403e-09	5.046729e-09	9.877436e-06	0.0	2.3277805e-06	2.2806066e-07	6.0895857e-09	5.220528e-08	0.0	0.004084306	6.5163763e-10
ERR7919543	1	dental calculus	0.0017082513	0.68994147	0.00010773603	0.00044850932	3.8343967e-07	1.2636569e-06	1.533986e-07	0.00037295386	0.0	1.610425e-05	5.8425207e-06	1.7482005e-06	1.1858725e-06	0.0	0.30739442	2.4731117e-09
ERR7919544	1	dental calculus	1.0024663e-06	0.9991846	1.2177065e-05	7.807537e-06	1.9307643e-08	6.400888e-07	1.3232958e-08	7.7806326e-05	0.0	9.067144e-07	4.87934e-07	3.7085865e-08	7.207654e-08	0.0	0.0007144018	3.8183434e-10
ERR7919545	1	dental calculus	0.2113303	0.033806253	0.025494734	0.0012185456	0.052188482	0.0043143234	0.24420902	0.0015773044	0.0	0.036620002	0.041067965	0.16350476	0.064115934	0.0	0.090406224	0.03014615
ERR7919546	1	dental calculus	0.21224122	0.03424956	0.025333287	0.0012163481	0.052184496	0.0043543703	0.2424627	0.0015747227	0.0	0.036765713	0.04106923	0.16174322	0.064242214	0.0	0.09267612	0.0298868
ERR7919547	1	dental calculus	1.7705e-06	0.99341637	1.2868371e-05	4.604692e-05	1.3844547e-08	2.484416e-08	4.216978e-10	0.0002667043	0.0	1.3327718e-07	2.4445595e-07	2.6569213e-09	2.5524798e-09	0.0	0.00625582	2.804842e-13
ERR7919548	1	dental calculus	2.1988496e-06	0.9455652	0.05262529	2.0480375e-06	0.00035300173	1.4549884e-07	8.8281355e-05	0.00020794553	0.0	0.0010754354	7.1786335e-06	2.5305191e-05	4.826767e-06	0.0	2.6400678e-05	1.6728402e-05
ERR7919641	1	dental calculus	1.2392292e-06	0.90040237	0.002428588	6.294476e-06	2.9351426e-07	7.021041e-06	4.1137469e-07	0.0002995014	0.0	4.771883e-06	0.0009899614	1.7532499e-05	3.252205e-06	0.0	0.09583859	1.6207547e-07
ERR7919642	1	dental calculus	1.6754896e-06	0.8873412	0.0034504759	5.2937426e-06	1.5060878e-07	4.0218592e-06	4.9325763e-07	0.00018432345	0.0	3.3644585e-06	0.0009376479	7.794928e-06	1.8156232e-06	0.0	0.10806165	1.1790678e-07
ERR7919643	1	dental calculus	0.21022107	0.034417685	0.024723908	0.001213616	0.04980378	0.0042194766	0.23432958	0.0015745753	0.0	0.035749074	0.039743975	0.17431566	0.064515196	0.0	0.09623799	0.028934414
ERR7919644	1	dental calculus	0.192412	0.036157258	0.027042039	0.001260021	0.051127914	0.00472657	0.23620814	0.0015932383	0.0	0.036153845	0.042751368	0.16829789	0.08750177	0.0	0.0853732	0.029394742
ERR7919645	1	dental calculus	3.1504796e-06	0.98838836	5.3486233e-06	3.6977588e-05	7.2979107e-09	3.149766e-08	4.2294968e-10	0.00017337414	0.0	1.05460806e-07	1.7173704e-07	4.4352175e-09	3.1934733e-09	0.0	0.0113924425	2.3806385e-13
ERR7919646	1	dental calculus	9.72654e-07	0.9421798	0.05656732	1.1855149e-06	0.00033083503	1.08232335e-07	8.131917e-05	0.00017457652	0.0	0.00060991955	1.0512555e-05	1.4618229e-05	4.191656e-06	0.0	1.2119613e-05	1.2514533e-05
SRR13355784	1	dental calculus	3.119385e-12	0.9914378	6.025078e-06	6.712127e-10	4.8532773e-09	3.5212336e-10	7.1310474e-08	2.9600077e-08	0.0	8.307534e-07	4.181045e-09	9.452482e-09	2.2459918e-09	0.0	0.008555222	5.3142446e-09
SRR13355785	1	dental calculus	2.613291e-09	0.41148117	0.0006166948	8.020277e-08	2.9749276e-06	1.0708256e-07	1.2408951e-05	7.8709144e-07	0.0	6.056646e-06	4.9404895e-07	1.0340231e-06	5.70294e-07	0.0	0.58787596	1.6671074e-06
SRR13355786	1	dental calculus	0.0002070008	0.88776755	0.018621791	8.378286e-05	0.0050956956	8.003817e-05	0.01053215	0.0005670768	0.0	0.008425738	0.0010777529	0.003071096	0.0016181078	0.0	0.06177553	0.0010766953
SRR13355787	1	dental calculus	6.727154e-07	0.15301703	0.0039147143	1.4676963e-06	3.91707e-05	2.3640662e-06	0.00026653535	1.0084406e-05	0.0	0.0001146886	1.892391e-05	2.8276754e-05	1.7930399e-05	0.0	0.84255147	1.6655997e-05
SRR13355789	1	dental calculus	7.525957e-08	0.3682622	0.0005419395	3.964746e-07	1.4731017e-05	6.859653e-07	5.9483096e-05	3.1842076e-06	0.0	3.53445e-05	5.1110405e-06	9.999502e-06	3.9863794e-06	0.0	0.6310582	4.643436e-06
SRR13355790	1	dental calculus	0.0051606665	0.107955284	0.03203845	0.00039767448	0.024488756	0.00093532435	0.055727687	0.00077199674	0.0	0.014559603	0.010356658	0.032964487	0.011963601	0.0	0.69567966	0.007000153
SRR13355791	1	dental calculus	4.8207394e-23	0.9664112	1.2411999e-08	1.2721203e-16	1.5601303e-16	3.1524985e-17	5.682206e-15	7.314794e-14	0.0	2.4230678e-14	6.672098e-16	3.4338696e-17	1.8336296e-17	0.0	0.03358883	2.8140592e-16
SRR13355792	1	dental calculus	0.022526145	0.23435734	0.08408046	0.0009682494	0.11929616	0.001745216	0.11781375	0.0024197963	0.0	0.050190806	0.030618643	0.06755645	0.06551239	0.0	0.1794115	0.023503095
SRR13355794	1	dental calculus	0.00013277131	0.783397	0.008316694	3.9958e-05	0.0006773372	8.850576e-05	0.006355738	0.00012119015	0.0	0.0040559	0.0012778445	0.0021716375	0.0007169513	0.0	0.19216098	0.0004874477
SRR13355796	1	dental calculus	1.7595619e-33	0.99981934	1.0093984e-10	1.0202264e-22	5.312066e-23	3.218363e-25	6.2140215e-21	8.7773e-18	0.0	3.6565183e-19	2.9544648e-22	1.1510285e-24	3.5710148e-25	0.0	0.00018067221	8.682627e-23
SRR13355797	1	dental calculus	4.9773e-41	0.9999876	5.737973e-16	4.096295e-28	1.4832958e-28	2.5188144e-29	3.1436203e-27	1.785327e-24	0.0	2.5148128e-24	3.141234e-28	2.7681831e-30	2.3604767e-30	0.0	1.2424699e-05	5.185776e-28
SRR13355798	1	dental calculus	0.0	0.99999994	2.1521581e-19	6.723679e-36	1.6160415e-37	1.723838e-39	1.060589e-35	9.764857e-30	0.0	3.348941e-30	2.3550646e-37	2.9301e-40	1.40717e-40	0.0	4.556472e-08	6.3879373e-38
SRR13355799	1	dental calculus	2.068e-42	0.99989825	8.6661084e-15	1.1418894e-28	7.605536e-29	5.818505e-31	1.3680777e-27	8.9144745e-24	0.0	1.0759328e-24	6.7776665e-29	1.6084768e-31	3.6168659e-31	0.0	0.00010174468	2.0145433e-29
SRR13355800	1	dental calculus	8.29057e-25	0.9971888	3.486871e-07	1.8795137e-16	3.5153396e-17	1.875177e-19	2.7292126e-15	2.1530477e-12	0.0	3.8207087e-13	3.307053e-16	3.768195e-18	4.576523e-19	0.0	0.0028108489	6.3700795e-17
SRR13355801	1	dental calculus	3.447965e-38	0.9999999	1.005642e-14	2.6225795e-26	3.6786763e-26	2.3370895e-28	5.080611e-25	1.780355e-21	0.0	1.3553422e-20	1.344651e-26	7.51775e-28	1.6368982e-28	0.0	1.4478306e-07	3.30423e-26
SRR13355802	1	dental calculus	3.3933888e-05	0.6131205	0.0073862495	1.6877977e-05	0.00029724662	2.0230367e-05	0.0018400297	0.00012487323	0.0	0.0007065516	0.0006654074	0.0004815601	0.00019209828	0.0	0.3749748	0.00013968178
SRR13355803	1	dental calculus	5.967268e-05	0.92814815	0.002937661	2.0524309e-05	0.00030233958	2.5221087e-05	0.0023096898	0.00010953187	0.0	0.0049787057	0.00021558038	0.0005578277	0.00027707472	0.0	0.059946157	0.000111848494
SRR13355804	1	dental calculus	0.0078448225	0.3317509	0.040695067	0.00050951226	0.02049672	0.0009989319	0.116650075	0.0013446826	0.0	0.020438615	0.020002903	0.028806787	0.015459706	0.0	0.3863231	0.008678188
SRR13355805	1	dental calculus	2.123697e-05	0.8016632	0.004550246	1.6973516e-05	0.0004397299	3.0266168e-05	0.0028979536	7.6443845e-05	0.0	0.0020302837	0.0004423388	0.00070007687	0.00024004765	0.0	0.18653114	0.0003600399
SRR13355806	1	dental calculus	1.268688e-08	0.37862778	0.00049016724	2.265615e-07	8.977958e-06	3.422846e-07	3.7369922e-05	1.7511908e-06	0.0	2.3240651e-05	2.3728128e-06	6.73563e-06	2.0327018e-06	0.0	0.6207962	2.7770636e-06
SRR13355807	1	dental calculus	2.148865e-06	0.08498753	0.0030447147	3.6625243e-06	0.00024902218	6.979985e-06	0.00052719907	1.8871262e-05	0.0	0.00025742906	5.035489e-05	0.0001368614	5.8785336e-05	0.0	0.9105954	6.103597e-05
SRR13355808	1	dental calculus	0.00021303864	0.7157885	0.014230133	0.00010619834	0.0026452425	0.00018319023	0.01762509	0.000299753	0.0	0.0610111	0.0034269525	0.007559606	0.0015453043	0.0	0.17234665	0.0030192572
SRR13355809	1	dental calculus	0.023383226	0.50097805	0.031139735	0.00097146677	0.021155164	0.0015623099	0.093603775	0.0026721663	0.0	0.04742925	0.015176196	0.08705299	0.024572194	0.0	0.14048474	0.00981874
SRR13355810	1	dental calculus	0.064163685	0.084856264	0.036739226	0.0010399991	0.05587013	0.003186382	0.21472861	0.0015989805	0.0	0.032537997	0.027654625	0.115196064	0.04033647	0.0	0.29462364	0.027467936
SRR13355811	1	dental calculus	4.8494007e-06	0.058593955	0.0072593973	4.374472e-06	0.0002120078	7.0948945e-06	0.00068765593	2.0430934e-05	0.0	0.00012760362	9.5747295e-05	0.00016783313	6.1614846e-05	0.0	0.9326703	8.712206e-05
SRR13355812	1	dental calculus	0.00029013623	0.29628593	0.014353309	6.559941e-05	0.0029561429	0.00015692413	0.010977907	0.00029363157	0.0	0.005597605	0.0012667234	0.0055543506	0.0019902347	0.0	0.6590868	0.0011246615
SRR13355813	1	dental calculus	8.9164914e-08	0.94813955	0.00091125886	4.3463862e-07	1.7241524e-05	5.1434023e-07	5.1724834e-05	1.6814688e-06	0.0	8.906054e-06	3.379969e-06	4.659037e-06	2.1953663e-06	0.0	0.050846457	1.1898457e-05
SRR20576738	1	marine sediment	0.012804913	0.039934214	0.022921758	0.0014997077	0.28335857	0.0016468482	0.064057335	0.0024226527	0.0	0.019462686	0.07431215	0.31293234	0.12982586	0.0	0.02107196	0.013749004
SRR20576739	1	marine sediment	0.20638981	0.03448768	0.034290925	0.0012620736	0.06582927	0.0036479775	0.21637796	0.0017488649	0.0	0.03730271	0.04520181	0.18030272	0.0675069	0.0	0.077274814	0.028376468
SRR20576742	1	marine sediment	0.0038650765	0.0029651532	0.0030607388	0.00018546458	0.039027296	0.0002617421	0.8419411	0.00025390755	0.0	0.002372872	0.022563541	0.010615023	0.06913586	0.0	0.0022956752	0.0014565152
SRR20576743	1	marine sediment	0.02074738	0.016055929	0.012632132	0.000974336	0.18895845	0.0016197854	0.4679593	0.0011758262	0.0	0.014707258	0.07165201	0.050854623	0.11711994	0.0	0.01986	0.015683021
SRR20576744	1	marine sediment	0.2108891	0.034038592	0.025388071	0.0012185106	0.05256081	0.0043626665	0.24320744	0.0015770022	0.0	0.03679807	0.041095816	0.16254276	0.06447548	0.0	0.09154843	0.03029726
SRR20576745	1	marine sediment	0.0002970041	0.005633467	0.0058949627	0.0004669943	0.38327074	0.00011006612	0.36270332	0.000825071	0.0	0.0011869291	0.13386749	0.06272459	0.041519504	0.0	0.00036910057	0.0011307694
SRR20576746	1	marine sediment	0.0026057207	0.005736529	0.002998471	0.0003135707	0.069924004	0.00040150236	0.7757819	0.00043448448	0.0	0.004057956	0.052553117	0.011859573	0.068411514	0.0	0.001971141	0.0029504632
SRR20576747	1	marine sediment	0.20484011	0.034438077	0.025392465	0.0012383313	0.05380163	0.0043553575	0.2471213	0.0016133166	0.0	0.037783615	0.04101894	0.15886788	0.06818378	0.0	0.0909393	0.030405896
SRR20576748	1	marine sediment	0.0030683004	0.009429044	0.004048802	0.00049034395	0.12718941	0.0004983448	0.57377625	0.0006706267	0.0	0.004871302	0.063412346	0.045099933	0.16093485	0.0	0.0037173273	0.0027931405
SRR20576749	1	marine sediment	0.00035256546	0.005592392	0.0035782333	0.0005125857	0.41420478	8.0602185e-05	0.30627295	0.0007111343	0.0	0.000861279	0.14139041	0.035250608	0.09036451	0.0	0.00037448257	0.00045347377
SRR20576750	1	marine sediment	0.0072719776	0.0060905027	0.01268259	0.00054741424	0.05396406	0.0010297119	0.6945599	0.00068990287	0.0	0.0049470128	0.06767494	0.021344678	0.123468965	0.0	0.0019857674	0.0037425735
SRR20576751	1	marine sediment	0.0005882135	0.002862502	0.0050910236	0.00036877877	0.4700821	0.00020289156	0.3680115	0.00038147872	0.0	0.001334422	0.04817015	0.033915643	0.067416295	0.0	0.00048230114	0.001092697
SRR20576752	1	marine sediment	0.0010631058	0.005463069	0.0029532732	0.00051934144	0.2678148	0.00019775737	0.5358959	0.00063665723	0.0	0.0014205839	0.113673545	0.01384243	0.054883473	0.0	0.0007326167	0.0009034819
SRR20576754	1	marine sediment	0.00060099177	0.00473885	0.0054164	0.0003152824	0.29949415	0.000306015	0.4409104	0.00047144928	0.0	0.0018828459	0.107731864	0.032210276	0.10430254	0.0	0.0004287113	0.0011902159
SRR20576755	1	marine sediment	0.00057012227	0.0038576012	0.0039926837	0.0003302565	0.23717634	0.00011501984	0.5666386	0.00039911835	0.0	0.0015831823	0.08699919	0.028986534	0.068022504	0.0	0.00033417242	0.0009946997
SRR20576756	1	marine sediment	0.00037914168	0.004939025	0.0019158091	0.0003070692	0.21731849	0.000100448495	0.5939428	0.00045301495	0.0	0.001260452	0.06002101	0.07217143	0.04551396	0.0	0.0007832647	0.0008940388
SRR20576757	1	marine sediment	0.0019257818	0.0039569284	0.003372382	0.00029916325	0.072898984	0.00020347859	0.71414036	0.00046686313	0.0	0.0024195653	0.04598159	0.02655586	0.12625542	0.0	0.0005965611	0.0009270508
SRR20576758	1	marine sediment	0.00028220503	0.004501152	0.007926031	0.0005153803	0.41703597	0.00017532024	0.33288467	0.0008823977	0.0	0.0011058757	0.14378805	0.016095385	0.07401971	0.0	0.00031499844	0.00047286047
SRR20576759	1	marine sediment	0.00047031554	0.006270396	0.011679261	0.0006444232	0.233173	0.00013602767	0.47827035	0.00068499224	0.0	0.0017786442	0.1316084	0.05194148	0.08144907	0.0	0.00072341785	0.0011702285
SRR20576760	1	marine sediment	0.00052182574	0.004527083	0.0066624302	0.0003349382	0.176625	0.00023221338	0.6077669	0.0004933984	0.0	0.0015980959	0.12646218	0.017011754	0.055671193	0.0	0.00073696225	0.0013559882
SRR20576761	1	marine sediment	0.001240922	0.008614684	0.007474148	0.0005387537	0.11072933	0.00028114294	0.44435993	0.00090640533	0.0	0.0039652335	0.22669522	0.04640971	0.14480215	0.0	0.0021616742	0.0018206714
SRR20576762	1	marine sediment	0.0020429154	0.0046159383	0.0026378697	0.00028704904	0.08572827	0.0002783603	0.7695955	0.000470172	0.0	0.0031840906	0.036307413	0.02957835	0.060702514	0.0	0.0021948526	0.002376669
SRR20576763	1	marine sediment	0.007094645	0.0037833632	0.0035738912	0.00019233851	0.028193235	0.00041076945	0.87847954	0.00024602286	0.0	0.0032303669	0.01580801	0.0085062375	0.04201432	0.0	0.0054084063	0.0030588463
SRR20576764	1	marine sediment	0.00026966317	0.0017493234	0.0019864119	0.000101793245	0.06503123	0.0001296332	0.8293819	0.00018431077	0.0	0.00092305196	0.03068489	0.009644928	0.05899486	0.0	0.00037170778	0.0005463156
SRR20576765	1	marine sediment	0.000397864	0.002047676	0.0032699544	0.00017826774	0.18851691	9.5774296e-05	0.6468944	0.00025505316	0.0	0.0013293241	0.04661401	0.017966837	0.090895906	0.0	0.00043034507	0.0011076748
SRR20576766	1	marine sediment	0.0011054268	0.0026852218	0.0054582437	0.00024491097	0.11195025	0.00025340062	0.6572929	0.00036275724	0.0	0.0016302192	0.06562063	0.019018939	0.13277443	0.0	0.0007675266	0.000835132
SRR20576767	1	marine sediment	0.0017395555	0.005324844	0.0058655925	0.00026473316	0.047563963	0.00042180842	0.6681018	0.00040288997	0.0	0.0035976386	0.02680876	0.023653803	0.21201748	0.0	0.0018453021	0.0023918166
SRR20576768	1	marine sediment	0.11614594	0.028697416	0.03150585	0.0012969495	0.05856071	0.0043156715	0.24637738	0.0016062659	0.0	0.029444363	0.08098605	0.19091953	0.13470472	0.0	0.051201116	0.024238044
SRR20576769	1	marine sediment	0.009136055	0.0041279956	0.007328618	0.0003095204	0.04642884	0.00060243445	0.7718161	0.00033882467	0.0	0.003647734	0.021366034	0.012611189	0.116409585	0.0	0.002866163	0.0030109521
SRR20576770	1	marine sediment	0.00018928935	0.0009520219	0.0005889447	5.4380573e-05	0.21247365	3.4457313e-05	0.75085175	8.828811e-05	0.0	0.00056610844	0.006439604	0.010720528	0.01623628	0.0	0.00018587525	0.00061884563
SRR20576771	1	marine sediment	0.0013327771	0.0027597046	0.0036086298	0.0002636797	0.14144541	0.0002390293	0.66482586	0.00034174652	0.0	0.0015870833	0.06780495	0.017725734	0.09565527	0.0	0.0013751133	0.0010349903
SRR20576772	1	marine sediment	0.00045380017	0.0014889182	0.0016452674	0.00012589498	0.073620886	0.000103736005	0.8687146	0.00014155285	0.0	0.0009243688	0.0072993836	0.011953088	0.032407872	0.0	0.00033367568	0.00078697695
SRR20576773	1	marine sediment	0.0013513109	0.0027896843	0.0025409444	0.00019735485	0.063815355	0.00020433494	0.7518948	0.0002462991	0.0	0.0019386596	0.038470548	0.023943642	0.10876777	0.0	0.002264904	0.0015744495
SRR20576774	1	marine sediment	0.00053127063	0.00085780607	0.0008616719	5.953425e-05	0.05090787	4.339531e-05	0.8973565	8.663156e-05	0.0	0.0005983477	0.0072275847	0.020539265	0.020175805	0.0	0.00039682974	0.00035747714
SRR20576775	1	marine sediment	0.0024500214	0.0027050914	0.00718711	0.00021548789	0.06283945	0.00039946026	0.7932716	0.00032665374	0.0	0.0024871079	0.03687947	0.013279914	0.074086346	0.0	0.0017911417	0.0020811239
SRR20576776	1	marine sediment	0.21335532	0.03516523	0.024943652	0.0013637741	0.051682316	0.0045364057	0.23264079	0.0016195468	0.0	0.037314687	0.04417207	0.16172858	0.06533753	0.0	0.09547763	0.030662471
SRR20576779	1	marine sediment	0.012823182	0.051201627	0.0367315	0.0022965013	0.18893145	0.001726925	0.05016861	0.0029808383	0.0	0.019479576	0.12127446	0.37453526	0.093204774	0.0	0.032839037	0.011806267
SRR20576780	1	marine sediment	0.0062487274	0.0361416	0.0131050125	0.0017418377	0.26026908	0.0008162323	0.07289065	0.0016945936	0.0	0.010583576	0.059273418	0.43714783	0.083797246	0.0	0.010011236	0.0062789656
SRR20576781	1	marine sediment	0.005869084	0.030213604	0.026535138	0.0015968599	0.22027366	0.0010484428	0.04334274	0.0020804934	0.0	0.012068042	0.1487394	0.4208119	0.07755815	0.0	0.0058047036	0.004057803
SRR20576782	1	marine sediment	0.005896803	0.02852201	0.010801887	0.0019614277	0.29899925	0.00078597886	0.1714256	0.0017899405	0.0	0.013802218	0.1278456	0.24402922	0.06389432	0.0	0.016839467	0.013406287
SRR20576783	1	marine sediment	0.04593135	0.026183514	0.023580417	0.0010988497	0.095462814	0.0021502108	0.20863518	0.0013004509	0.0	0.020586278	0.09941679	0.12802453	0.29454008	0.0	0.038555708	0.01453382
SRR20576784	1	marine sediment	0.06634187	0.024482725	0.015770134	0.0011401696	0.15967682	0.0019866668	0.3722088	0.0014106528	0.0	0.020196503	0.054952424	0.1169694	0.11223695	0.0	0.038369287	0.014257591
SRR20576785	1	marine sediment	0.005369035	0.01803636	0.006590167	0.00072282733	0.119972855	0.0006728356	0.3650808	0.0010879632	0.0	0.009135901	0.058314558	0.26937035	0.13612242	0.0	0.0049700565	0.004553869
SRR20576786	1	marine sediment	0.017281352	0.017009977	0.012308894	0.0009995623	0.0695486	0.0020379822	0.40764037	0.0014115792	0.0	0.017650682	0.05903236	0.14464433	0.21879406	0.0	0.018244218	0.013396028
SRR20576787	1	marine sediment	0.0031361065	0.003245207	0.0023069386	0.00022662281	0.05120652	0.00018173955	0.84574455	0.00032608045	0.0	0.0026938901	0.022358378	0.013119111	0.052013516	0.0	0.0017219206	0.0017194195
SRR20576794	1	marine sediment	0.21069923	0.034022372	0.025361173	0.0012178245	0.052687835	0.0043582623	0.24368976	0.001576195	0.0	0.036753252	0.041026108	0.16257398	0.06438155	0.0	0.09134645	0.030306017
SRR20576795	1	marine sediment	0.0068458435	0.014076542	0.013881692	0.0009738085	0.094354294	0.0008886639	0.51250684	0.0013690016	0.0	0.008736692	0.08820028	0.09234717	0.15381724	0.0	0.0059555415	0.006046364
SRR20576796	1	marine sediment	0.00028789116	0.0037149952	0.005121177	0.00023515287	0.09445851	0.000109264955	0.78301984	0.0009344282	0.0	0.006905077	0.03327442	0.0058907834	0.06421838	0.0	0.0006170841	0.0012130137
SRR20576797	1	marine sediment	0.0011137855	0.0051944265	0.003100321	0.00034885315	0.15766971	0.00033767518	0.67976934	0.0004672705	0.0	0.0027482917	0.041019022	0.019991422	0.08348435	0.0	0.0021329985	0.0026225199
SRR20576798	1	marine sediment	0.03396497	0.0138616115	0.0077191177	0.00069510256	0.080446675	0.00125134	0.67056584	0.000828024	0.0	0.011542765	0.028357597	0.07420591	0.046056226	0.0	0.021598777	0.008906046
SRR20576799	1	marine sediment	0.0010783357	0.004197227	0.0037224502	0.00035823626	0.12203088	0.00020552818	0.6780014	0.00048977067	0.0	0.001905424	0.0754981	0.01700403	0.09234975	0.0	0.0015464835	0.0016124095
SRR20576800	1	marine sediment	0.001126034	0.0018388951	0.0016592349	0.00017353923	0.1318028	0.00011564661	0.7999848	0.00017820108	0.0	0.00080015237	0.012663974	0.004826223	0.04373069	0.0	0.00070302706	0.00039676353
SRR20576802	1	marine sediment	0.0018134579	0.001674519	0.0015649041	9.1492555e-05	0.045243453	8.1173595e-05	0.91529137	0.00015048543	0.0	0.0014704651	0.005255903	0.014993039	0.010368104	0.0	0.001073721	0.0009279186
SRR20576803	1	marine sediment	0.21086124	0.0340522	0.025442228	0.0012182455	0.052683853	0.004360264	0.24321176	0.0015765511	0.0	0.036799215	0.041122578	0.1623623	0.064498276	0.0	0.09150894	0.030302342
SRR20576805	1	marine sediment	0.0023400104	0.0028655743	0.0032894046	0.00021382143	0.05104239	0.00026217874	0.7927444	0.0002785278	0.0	0.0024078826	0.013367115	0.045929834	0.08104325	0.0	0.0020572876	0.002158343
SRR20576807	1	marine sediment	0.013339292	0.044101745	0.027921809	0.0016503432	0.26267007	0.0021655376	0.110796936	0.0023808808	0.0	0.016843904	0.10490097	0.23313707	0.14412545	0.0	0.021682983	0.014283015
SRR20576808	1	marine sediment	0.0034773985	0.020803345	0.0076105194	0.0009293073	0.39450827	0.00019897982	0.06293213	0.0020197376	0.0	0.0038284888	0.038623217	0.44667953	0.01151351	0.0	0.0036176983	0.0032578742
SRR20576809	1	marine sediment	0.121757954	0.038969044	0.020675	0.0013451653	0.10461224	0.0046806196	0.21488495	0.0015294224	0.0	0.03331249	0.041260254	0.24921353	0.06974207	0.0	0.06495521	0.033062052
SRR20576811	1	marine sediment	0.1061555	0.03111497	0.021983262	0.0011990443	0.07939688	0.0030923875	0.24930483	0.0014974771	0.0	0.03064418	0.052961383	0.121812806	0.20019138	0.0	0.073596	0.027049886
SRR20576812	1	marine sediment	0.0029453519	0.007035756	0.0045323945	0.00045793445	0.11554185	0.0005190892	0.5775227	0.00051095366	0.0	0.0036620041	0.0261247	0.079902574	0.17626067	0.0	0.0024438633	0.0025401718
SRR20576813	1	marine sediment	0.0014962715	0.0043737832	0.0030863944	0.00034983983	0.16541958	0.00020954435	0.69648254	0.00047219673	0.0	0.0024164664	0.033525594	0.045829132	0.0430373	0.0	0.0014974829	0.0018038492
SRR20576814	1	marine sediment	0.03264812	0.016632782	0.015273079	0.0008137721	0.08041798	0.0015122369	0.54407215	0.0010436289	0.0	0.014604175	0.047386266	0.06013351	0.15163976	0.0	0.018464785	0.015357729
SRR20576815	1	marine sediment	0.0016173844	0.0036778408	0.004426107	0.00023271902	0.11304023	0.0002632548	0.72727156	0.00032979975	0.0	0.0030600186	0.029704511	0.022947034	0.0905454	0.0	0.0013043776	0.0015797446
SRR20576816	1	marine sediment	0.047559794	0.016667921	0.008984387	0.0005664417	0.06831992	0.0011659046	0.6467289	0.00081218855	0.0	0.013613877	0.014018329	0.11689987	0.022917412	0.0	0.030851122	0.010893998
SRR20576817	1	marine sediment	0.17099354	0.03718577	0.025240518	0.0012856831	0.060199868	0.004522871	0.24362782	0.001666485	0.0	0.037488937	0.0447853	0.16451922	0.081638634	0.0	0.085258424	0.041586943
SRR21589119	1	soil	0.0063384655	0.0036930267	0.009053876	0.0004407584	0.072044656	0.00040178603	0.00290364	0.006637095	0.0	0.042688448	0.013958186	0.8260815	0.0054654023	0.0	0.009653359	0.00063976494
SRR21589120	1	soil	0.0032606376	0.008495389	0.017632669	0.0015479303	0.17484221	0.0012262941	0.0006496373	0.023532005	0.0	0.089048095	0.03655307	0.6353282	0.0029482464	0.0	0.004417689	0.0005179426
SRR23699551	1	dental calculus	1.1767495e-31	1.0	1.7218247e-12	2.492482e-22	9.175348e-22	4.277547e-25	3.5609802e-21	5.371966e-17	0.0	1.2771612e-16	1.638418e-21	8.8157044e-24	4.329925e-24	0.0	8.6044655e-10	2.8798858e-22
SRR23699552	1	dental calculus	4.339834e-25	0.99998814	1.4790576e-08	1.27304536e-17	1.2312906e-16	3.196827e-19	8.3553335e-17	2.0345515e-14	0.0	6.899424e-14	1.2395328e-16	5.6913454e-19	1.1852242e-18	0.0	1.1863529e-05	1.4102774e-17
SRR23699553	1	dental calculus	1.551642e-33	0.99999726	2.1509336e-14	6.962989e-24	2.002495e-23	8.01658e-25	8.6029e-23	7.083284e-21	0.0	7.734109e-20	1.1001801e-23	5.7277267e-25	1.2042522e-24	0.0	2.7232945e-06	2.7798046e-24
SRR23699554	1	dental calculus	0.0	1.0	2.1147119e-21	2.450881e-39	4.3388e-41	3.9e-44	1.00972e-40	1.0858011e-32	0.0	4.1982498e-33	5.1897e-41	3e-45	0.0	0.0	8.910225e-11	2.13e-43
SRR23699555	1	dental calculus	0.0	1.0	8.0283015e-18	3.8950822e-32	1.0859692e-32	1.0401067e-34	1.5859897e-31	1.13264965e-26	0.0	4.695128e-26	1.087777e-31	2.9460236e-35	3.840401e-35	0.0	1.7520688e-09	1.5326261e-32
SRR23699556	1	dental calculus	0.0	1.0	2.590505e-20	2.6630961e-36	5.132916e-37	7.19302e-40	5.988553e-36	3.5078425e-30	0.0	4.0323188e-30	3.6024298e-37	8.93703e-40	1.11192e-40	0.0	1.7911168e-10	9.182163e-38
SRR23699557	1	dental calculus	3.726543e-28	1.0	2.5122692e-11	5.118273e-20	4.0883958e-19	1.7130435e-22	9.092416e-19	2.4135302e-15	0.0	1.1257298e-14	4.4523384e-19	2.4485837e-21	1.9270336e-21	0.0	4.266562e-09	6.598292e-20
SRR23699558	1	dental calculus	6.5498767e-18	0.99727356	2.577746e-08	5.1842828e-14	2.4912619e-13	9.551322e-15	4.4692375e-14	2.206052e-11	0.0	2.1682342e-11	4.948309e-13	2.5847992e-13	8.877928e-14	0.0	0.0027263826	3.9128094e-15
SRR23699559	1	dental calculus	0.0	1.0	4.999646e-21	6.71788e-40	1.25952e-40	2.47e-43	4.94227e-40	8.579667e-34	0.0	1.9260287e-34	6.5518e-41	6e-45	3.8e-44	0.0	3.2151004e-10	6.341e-42
SRR23699560	1	dental calculus	0.0	1.0	9.742194e-22	1.01098e-40	1.166e-42	1.3e-44	1.8705e-41	1.6015289e-34	0.0	1.2703549e-34	1.918e-42	0.0	1e-45	0.0	1.5834688e-08	5.7e-44
SRR23699561	1	dental calculus	0.0	1.0	1.20670475e-23	1.375e-42	3.9e-44	0.0	8.48e-43	7.644819e-36	0.0	5.8564278e-36	3e-44	0.0	0.0	0.0	3.3905073e-11	1e-44
SRR23699562	1	dental calculus	0.0	0.99999994	6.2654125e-21	1.2928875e-36	2.56482e-38	2.57964e-40	1.2708565e-37	8.098025e-32	0.0	7.0789475e-32	1.5404069e-38	4.7749e-41	1.6569e-41	0.0	3.650476e-08	6.093709e-39
SRR23699563	1	dental calculus	3.5120627e-32	1.0	1.3382021e-13	6.042086e-23	6.5375806e-23	6.7674193e-25	1.6824844e-22	2.0869471e-20	0.0	5.1523896e-19	8.407971e-24	2.217742e-25	1.3085648e-25	0.0	2.3327601e-08	5.9351457e-24
SRR23699564	1	dental calculus	2.5207886e-10	0.9914783	0.00056734163	1.7032497e-07	2.3244274e-06	1.4623223e-08	4.6523625e-09	1.6097157e-06	0.0	1.11546456e-07	3.5838282e-06	6.2996975e-08	7.633886e-09	0.0	0.007946415	2.4056387e-10
SRR23699565	1	dental calculus	0.0	1.0	1.8039587e-17	8.75853e-33	2.9473761e-33	3.108792e-36	3.1528578e-32	1.575612e-26	0.0	6.873719e-27	1.128256e-32	2.6692299e-36	1.0322578e-36	0.0	1.2883903e-09	6.4122854e-34
SRR23699566	1	dental calculus	0.0	1.0	2.0988549e-22	1.258e-42	2.7e-44	0.0	1.28e-43	3.3422398e-35	0.0	9.860068e-36	2e-44	0.0	0.0	0.0	4.1417935e-11	1e-45
SRR23699567	1	dental calculus	0.0	1.0	2.1494623e-20	8.2511e-41	4.389e-42	1.1e-44	3.21566e-40	1.6579266e-33	0.0	2.8241082e-35	3.82e-42	0.0	1e-45	0.0	2.5332383e-10	2.846e-42
SRR23699568	1	dental calculus	0.0	1.0	1.3642618e-24	1e-45	0.0	0.0	0.0	4.2781225e-38	0.0	8.98378e-39	0.0	0.0	0.0	0.0	8.104133e-12	0.0
SRR23699569	1	dental calculus	0.0	1.0	1.1025962e-23	3.695e-42	7.3e-44	3e-45	4.099e-42	6.9933355e-36	0.0	4.2360047e-35	1.8e-44	0.0	0.0	0.0	1.3833314e-11	3.2e-44
SRR23699570	1	dental calculus	0.0	1.0	1.0176556e-21	1.03051e-40	2.095e-42	9.4e-44	1.77002e-40	1.6449156e-34	0.0	7.10488e-35	3.981e-42	3e-45	1e-45	0.0	5.477556e-09	4.571e-42
SRR23699571	1	dental calculus	0.0	0.99999946	2.3070174e-21	1.5716891e-38	4.6663e-41	9.5e-43	8.32395e-40	5.7313332e-33	0.0	5.001369e-33	1.22713e-40	1.8e-44	1.4e-44	0.0	5.145504e-07	7.75e-43
SRR23699572	1	dental calculus	0.0	1.0	1.1682615e-23	2.44e-43	7e-45	0.0	1.81e-43	2.2704615e-36	0.0	1.9952679e-37	3.4e-44	0.0	0.0	0.0	5.7159116e-10	1e-45
SRR23699573	1	dental calculus	0.0	1.0	5.2378934e-21	3.615536e-39	5.19066e-40	7.54e-43	5.89478e-39	9.5645144e-32	0.0	5.673467e-32	1.555038e-39	1.53e-43	4.6e-44	0.0	1.7272242e-10	7.553e-41
SRR23699574	1	dental calculus	2.1095842e-34	0.98710084	6.103738e-09	7.0272796e-23	5.5462227e-24	6.06491e-26	8.3302283e-22	2.0596417e-17	0.0	3.4941314e-19	2.704696e-22	5.0810605e-26	6.2068014e-26	0.0	0.012899146	1.3874309e-23
SRR23699575	1	dental calculus	0.0	1.0	1.1593043e-22	7.1e-43	1.3e-44	0.0	1.404e-42	5.6916545e-36	0.0	1.1557184e-35	2.1e-44	0.0	0.0	0.0	1.7988401e-10	3.5e-44
SRR23699576	1	dental calculus	0.0	0.99999994	1.615932e-22	3.732e-42	1.5e-44	4e-45	5.996e-42	5.132998e-36	0.0	2.1556643e-36	1.37e-43	0.0	0.0	0.0	4.640182e-08	4e-44
SRR23699577	1	dental calculus	0.0	1.0	2.226995e-23	1.1e-43	1e-45	0.0	8.3e-44	5.302888e-36	0.0	3.4081283e-36	8e-45	0.0	0.0	0.0	1.18076625e-11	1e-45
SRR23699578	1	dental calculus	1.5e-43	1.0	1.782837e-15	7.0440986e-30	1.2925573e-30	2.2185538e-33	1.9554538e-28	1.4389321e-23	0.0	3.3561068e-23	9.689004e-29	5.968899e-33	1.0046208e-33	0.0	7.685187e-11	4.7256505e-30
SRR25620676	1	permafrost	0.0013684438	0.0024970672	0.06490684	0.00032449208	0.63352865	0.07342835	0.00035880262	0.0015353791	0.0	0.0016931171	0.10017802	0.11624843	0.0034476153	0.0	7.80411e-05	0.00040676666
SRR25620681	1	permafrost	0.00070986635	0.0012645788	0.011978083	0.00016465827	0.49445924	0.32744858	0.00016126485	0.0014307623	0.0	0.00042449488	0.1499604	0.011126913	0.00076772604	0.0	4.1513664e-05	6.191734e-05
SRR25620753	1	permafrost	0.04167243	0.012183996	0.1783943	0.0013374933	0.33536685	0.034022164	0.0032022868	0.0028185903	0.0	0.010957787	0.16550668	0.15008833	0.045104478	0.0	0.010666292	0.008678327
SRR25620756	1	permafrost	0.013887391	0.0050260345	0.06452939	0.0007237153	0.59212136	0.05663528	0.0017607389	0.002396686	0.0	0.004037704	0.08615292	0.14792493	0.023762934	0.0	0.00045358087	0.0005873507
SRR25620780	1	permafrost	0.0061395396	0.0022364922	0.030504456	0.00040287434	0.15735164	0.2586028	7.577668e-05	0.0030795776	0.0	0.0009078088	0.509582	0.029526765	0.00030933853	0.0	0.00040527273	0.0008756893
SRR25620786	1	permafrost	0.006673375	0.0032904465	0.040672082	0.00038931795	0.69048953	0.12268932	0.0011156792	0.0018156251	0.0	0.003115956	0.09750835	0.02789312	0.0037171768	0.0	0.00015284984	0.00047718437
SRR25620790	1	permafrost	0.00090942846	0.0013308688	0.012405391	0.00019619269	0.29905766	0.592572	0.000103472295	0.0012936937	0.0	0.00079272303	0.066857785	0.023954405	0.00040846455	0.0	2.0456493e-05	9.747602e-05
SRR25620795	1	permafrost	0.0011167253	0.0008526692	0.008741513	9.758869e-05	0.21797737	0.7242682	0.00012819273	0.0011243758	0.0	0.00033503462	0.038106028	0.006937887	0.00024833964	0.0	1.0573562e-05	5.5486493e-05
SRR5297130	1	dental calculus	3.0680623e-34	0.9999999	2.2550786e-13	1.8129507e-23	4.628615e-24	2.4342087e-26	6.106767e-23	9.796828e-19	0.0	2.6887882e-18	1.4750548e-22	1.6777326e-25	1.3920818e-25	0.0	9.655119e-08	1.1658023e-24
SRR5297131	1	dental calculus	6.9566134e-17	0.99893636	5.7584003e-07	2.0707533e-12	3.674299e-11	3.5502287e-13	3.3473762e-11	2.0411615e-10	0.0	1.3122412e-08	1.3072404e-11	3.4076461e-12	3.7474147e-12	0.0	0.0010630612	3.603728e-12
SRR5297132	1	dental calculus	6.609097e-24	0.9999967	2.1895881e-10	3.2835236e-17	7.1864234e-17	1.3958114e-18	9.679494e-17	5.3049928e-15	0.0	3.5482202e-13	2.2169941e-16	5.9127346e-18	7.156704e-18	0.0	3.2890534e-06	3.875994e-18
SRR5297133	1	dental calculus	7.1127516e-18	0.9977856	1.0868188e-06	8.700266e-13	3.0219304e-12	9.963856e-15	7.3422675e-13	2.7461939e-11	0.0	9.780218e-10	2.3868628e-12	1.1546891e-13	9.21661e-14	0.0	0.0022132841	2.2851999e-14
SRR5875718	1	intestine	0.025137406	0.05207691	0.08368281	0.052370805	0.04376941	0.0052535585	0.03223629	0.014104769	0.0	0.012458203	0.34228975	0.21038896	0.020731166	0.0	0.075075306	0.03042465
SRR5875719	1	intestine	0.003656086	0.0069172904	0.05341092	0.02502302	0.0065033743	0.0006545301	0.00030563964	0.009951459	0.0	0.0028221163	0.88098055	0.004948695	0.0012259387	0.0	0.0021549354	0.0014454185
SRR5875720	1	intestine	0.04473285	0.055279337	0.053362805	0.04284856	0.07757112	0.0040131784	0.0120835425	0.013206625	0.0	0.011357	0.27531615	0.12145112	0.08188578	0.0	0.16057248	0.046319462
SRR5875721	1	intestine	0.056863032	0.03801864	0.023902062	0.07677679	0.012391411	0.00090423174	0.0028077513	0.023199175	0.0	0.0065111206	0.52853733	0.065872125	0.06131731	0.0	0.09721264	0.005686353
SRR5875726	1	muscle tissue	0.07651575	0.03619221	0.018223995	0.058878373	0.033150766	0.00206838	0.013184369	0.0094131	0.0	0.009576185	0.1467763	0.2464229	0.009613582	0.0	0.3266304	0.013353663
SRR5875727	1	muscle tissue	0.059989408	0.013922759	0.0047838897	0.19383328	0.0038448828	7.295273e-05	0.00027341276	0.0120933615	0.0	0.0033554786	0.12214279	0.03550071	0.0035098922	0.0	0.546442	0.00023518737
SRR5875728	1	muscle tissue	0.07324695	0.026890554	0.014588714	0.025820902	0.014886541	0.0020682742	0.019525984	0.008492338	0.0	0.009828676	0.091715254	0.15570049	0.02225156	0.0	0.41185838	0.12312539
SRR5875729	1	muscle tissue	0.041852828	0.03167705	0.019268006	0.045873318	0.0065572355	0.00027216898	0.021999478	0.02231524	0.0	0.0071289684	0.59736854	0.047787633	0.041820124	0.0	0.10065502	0.015424403
SRR8731955	1	palaeofaeces	0.010473021	0.34311768	0.01340755	0.009271199	0.0024048837	0.004203364	0.00046282043	0.41804177	0.0	0.1622699	0.005863404	0.008319679	0.019822992	0.0	0.0018300327	0.0005117013
SRR8731956	1	sediment	0.2774693	0.036862675	0.02030171	0.0014085027	0.11515613	0.0047353134	0.1145633	0.0021623287	0.0	0.032219067	0.03320897	0.06493162	0.20874521	0.0	0.06938862	0.018847257
SRR8731957	1	palaeofaeces	2.54477e-07	0.0018812642	4.7096717e-05	4.738381e-05	1.472885e-05	0.00017897927	8.287661e-08	0.93226725	0.0	0.065149546	0.00035351972	5.961411e-05	1.3560542e-07	0.0	1.3435488e-08	1.4477496e-07
SRR8731958	1	palaeofaeces	0.09143743	0.5044339	0.015646307	0.007327377	0.0026445033	0.0030897777	0.0029139337	0.099244565	0.0	0.036120374	0.006010392	0.0222697	0.17169629	0.0	0.032540545	0.004624966
SRR8731959	1	sediment	0.047075152	0.014579331	0.009257858	0.00094733795	0.06514714	0.0024500338	0.50075775	0.0011256385	0.0	0.0154918665	0.077296436	0.02116267	0.2116247	0.0	0.023509052	0.009575017
ERR10114878	2	sediment	0.0003485624	0.011044518	0.0	0.004361699	0.006692178	0.00020466265	0.013885669	0.12606524	0.017913757	0.008022874	0.5728001	0.08798824	0.0	0.14995776	0.00071470987	0.0
ERR10114879	2	sediment	0.030088307	0.041923463	0.0	0.0020483916	0.0010196572	3.37372e-05	0.019184994	0.103277214	0.028221	0.06253762	0.042831793	0.5346689	0.0	0.079405345	0.05475954	0.0
ERR10114880	2	sediment	0.024139872	0.00747475	0.0	0.0004843878	0.0028672572	2.0454638e-05	0.00763075	0.077062085	0.0037381756	0.020062046	0.0016712907	0.77261025	0.0	0.016740734	0.06549797	0.0
ERR10114881	2	sediment	0.025407264	0.06601994	0.0	0.01221648	0.0023664546	0.00041029704	0.08242804	0.047580574	0.1262819	0.28253153	0.019612143	0.19516598	0.0	0.02786574	0.11211366	0.0
ERR10114882	2	sediment	0.0032078233	0.016168432	0.0	0.0016602459	0.0018770386	2.2342516e-05	0.012584463	0.08596238	0.0153752435	0.091638505	0.03213518	0.6118769	0.0	0.11466687	0.0128246015	0.0
ERR10114883	2	sediment	0.0021892998	0.1403589	0.0	0.004303816	0.00024538286	4.0537037e-05	0.01972379	0.06656773	0.035381064	0.28823608	0.23201859	0.079612024	0.0	0.12935959	0.0019632122	0.0
ERR10493277	2	permafrost	2.404792e-06	0.0019799348	0.0	0.004849818	0.16734262	0.00034126456	0.023997657	0.008312254	0.006537395	0.00037708835	0.7693795	0.0039503826	0.0	0.01291411	1.5603335e-05	0.0
ERR10493281	2	permafrost	2.4973457e-07	0.0006610935	0.0	0.0017298313	0.08022407	0.00033658525	0.04181816	0.0012468548	0.0012348285	0.00038727562	0.86308604	0.0021452417	0.0	0.0071271304	2.6282148e-06	0.0
ERR10493283	2	permafrost	6.485844e-07	0.00063735846	0.0	0.002828631	0.15136573	0.0024946316	0.024100471	0.002036925	0.0017297892	0.00023458428	0.80519617	0.0060838787	0.0	0.0032821242	9.085717e-06	0.0
ERR10493285	2	permafrost	4.235507e-06	0.0012184803	0.0	0.0054018586	0.3920871	0.007510972	0.046591993	0.0070473403	0.0058581186	0.0004161879	0.5133291	0.01467466	0.0	0.005774115	8.587191e-05	0.0
ERR10493287	2	permafrost	2.2765971e-06	0.0013710592	0.0	0.004994832	0.59377104	0.0062064636	0.06495808	0.0026688203	0.004253734	0.000338507	0.29863158	0.01711136	0.0	0.0056786416	1.3593341e-05	0.0
ERR10493289	2	permafrost	5.53112e-06	0.0014522044	0.0	0.007163538	0.37009144	0.014035988	0.051195234	0.005563792	0.0027797811	0.00040242614	0.52009004	0.023337945	0.0	0.0038363452	4.572443e-05	0.0
ERR10493291	2	permafrost	9.4682855e-06	0.0018837317	0.0	0.0090145515	0.7806003	0.0004699844	0.1085729	0.0034078585	0.0060976506	0.001752074	0.03671242	0.04726112	0.0	0.0040102336	0.00020768243	0.0
ERR10493292	2	permafrost	2.0708062e-06	0.0011785725	0.0	0.007143617	0.6250536	0.0016426353	0.02807178	0.0050878637	0.006294195	0.00069168134	0.28248623	0.036034524	0.0	0.006274686	3.8568927e-05	0.0
ERR10493294	2	permafrost	2.286788e-06	0.0016730067	0.0	0.00727797	0.48305872	0.0016240991	0.028015198	0.013307604	0.008012985	0.0007785082	0.37964615	0.050807796	0.0	0.025769986	2.569959e-05	0.0
ERR10493297	2	permafrost	7.96512e-07	0.00064799626	0.0	0.0015395482	0.6921367	0.0012857908	0.014487748	0.0035843246	0.0015729303	0.00027635728	0.25834793	0.021764275	0.0	0.0043435385	1.2046856e-05	0.0
ERR10493299	2	permafrost	5.374819e-07	0.0013555038	0.0	0.0038728344	0.71873176	0.0014665115	0.02086984	0.0077634617	0.0025787784	0.00059264665	0.18484771	0.04944137	0.0	0.008466225	1.2825571e-05	0.0
ERR10493301	2	permafrost	3.5294458e-06	0.0016166583	0.0	0.0026417086	0.5070374	0.0020108004	0.013215897	0.013727257	0.0017573967	0.0007893353	0.39340004	0.048825067	0.0	0.014952838	2.207009e-05	0.0
ERR10493303	2	permafrost	1.2245483e-06	0.0013990183	0.0	0.0032958388	0.19377099	0.0006944349	0.014400681	0.004098601	0.0048442953	0.00028272756	0.7441197	0.018014343	0.0	0.01506962	8.504604e-06	0.0
ERR10493304	2	permafrost	1.2094125e-06	0.0028907883	0.0	0.0046318495	0.5999219	0.00070119236	0.027656196	0.009561355	0.007735583	0.0014002854	0.29817447	0.02266497	0.0	0.024652809	7.3955894e-06	0.0
ERR10493306	2	permafrost	1.0259624e-06	0.0011065075	0.0	0.0045424616	0.28278393	0.0010831874	0.019522073	0.0051892283	0.005653014	0.00030232983	0.6486132	0.019884968	0.0	0.011309869	8.2236065e-06	0.0
ERR10493308	2	permafrost	9.183648e-07	0.0005977166	0.0	0.0017501607	0.015338454	0.0007815559	0.013934793	0.0015949069	0.0016534639	0.00013911759	0.959815	0.00042129992	0.0	0.003966751	5.8628702e-06	0.0
ERR10493310	2	permafrost	4.7352125e-07	0.0006077555	0.0	0.002827745	0.17828692	0.0028888155	0.07239878	0.0015289456	0.002508803	0.00023572131	0.7273474	0.006329545	0.0	0.00503077	8.361105e-06	0.0
ERR10493311	2	permafrost	1.0000563e-05	0.0056180176	0.0	0.07850463	0.69615084	0.008074264	0.015939131	0.0076117497	0.021437775	0.00083430327	0.1347271	0.018069794	0.0	0.012163074	0.00085930055	0.0
ERR10493312	2	permafrost	1.3107389e-06	0.0006910959	0.0	0.004252979	0.05834624	0.01096233	0.10717362	0.0028351475	0.002314177	0.00027348692	0.80166763	0.0074476725	0.0	0.0040227966	1.1529788e-05	0.0
ERR10493314	2	permafrost	2.4505374e-05	0.0035393087	0.0	0.012421025	0.42256728	0.00055832695	0.007982491	0.011136872	0.0048005707	0.0066367257	0.31402662	0.101396866	0.0	0.11452989	0.0003795374	0.0
ERR10493316	2	permafrost	1.9605388e-06	0.0008739387	0.0	0.0019409215	0.10827566	0.00047400384	0.0085384855	0.0061646025	0.0025090955	0.005074374	0.7953083	0.045751464	0.0	0.025079135	8.096816e-06	0.0
ERR10493318	2	permafrost	1.4517319e-05	0.003173948	0.0	0.009690929	0.673631	0.0005067329	0.005702472	0.0107369395	0.008052301	0.0035702325	0.14181255	0.076313116	0.0	0.06648151	0.00031372515	0.0
ERR10493320	2	permafrost	4.41581e-06	0.0010155309	0.0	0.00288744	0.34089178	0.0056172046	0.009570925	0.006363811	0.0017475035	0.0007696802	0.57072777	0.053196747	0.0	0.007159124	4.8077283e-05	0.0
ERR10493322	2	permafrost	0.0001166118	0.0016923042	0.0	0.00027198263	0.30260503	0.16209415	0.004575973	0.0026594219	9.956103e-05	0.0008402193	0.51593554	0.007883022	0.0	0.0011493444	7.687303e-05	0.0
ERR10493324	2	permafrost	2.1566733e-05	0.0013233251	0.0	0.0007350836	0.11839809	0.07193369	0.001239688	0.0016322914	0.00016031046	0.0005442393	0.78284544	0.020274175	0.0	0.0008774515	1.4628054e-05	0.0
ERR10493326	2	permafrost	2.434856e-07	0.00051290315	0.0	0.0013749882	0.08824109	0.00081301096	0.035066295	0.001182469	0.0011638957	0.00088643975	0.84057903	0.019778721	0.0	0.0103975	3.391438e-06	0.0
ERR10493328	2	permafrost	8.8043026e-07	0.0005899262	0.0	0.0017946765	0.11153987	0.00046801544	0.024085406	0.0023391163	0.0025987818	0.0013681597	0.8293684	0.0098632	0.0	0.015978128	5.4083084e-06	0.0
ERR10493330	2	permafrost	3.584353e-05	0.006698379	0.0	0.02919607	0.46302068	0.083479226	0.011545984	0.0071185664	0.004077052	0.002638493	0.35685378	0.01867876	0.0	0.011711012	0.004946129	0.0
ERR10493332	2	permafrost	0.023779918	0.0703487	0.0	0.011188975	0.26638153	0.06043004	0.17581372	0.013689037	0.0041569206	0.04515231	0.096584566	0.20440812	0.0	0.006001652	0.022064513	0.0
ERR10493333	2	permafrost	0.0021998275	0.012423398	0.0	0.007731793	0.08163067	0.0061926264	0.14216612	0.015633767	0.019729152	0.027769094	0.6290412	0.03367505	0.0	0.012158116	0.009649213	0.0
ERR10493334	2	permafrost	0.049286023	0.06743179	0.0	0.010526089	0.19968033	0.019772263	0.193612	0.006511548	0.0031516596	0.04284695	0.028558334	0.34158787	0.0	0.0032344062	0.033800762	0.0
ERR10493335	2	permafrost	0.22075886	0.07953879	0.0	0.005125081	0.10934464	0.009672295	0.19286406	0.010775903	0.004092363	0.058140982	0.01819402	0.22045884	0.0	0.0033250095	0.06770916	0.0
ERR10493336	2	permafrost	0.04443456	0.05839104	0.0	0.007866184	0.18033257	0.028038032	0.30480894	0.01076943	0.0034589388	0.050577693	0.11986561	0.14665185	0.0	0.004371584	0.040433563	0.0
ERR10493337	2	permafrost	0.0025179079	0.013609502	0.0	0.007983944	0.089299075	0.006373129	0.15375435	0.01661646	0.018776923	0.029610904	0.59063894	0.045509253	0.0	0.014261931	0.011047685	0.0
ERR10493338	2	permafrost	0.08826475	0.05861316	0.0	0.006087414	0.13626233	0.009303666	0.300314	0.011723335	0.0035908627	0.03610279	0.029148504	0.26471362	0.0	0.002969787	0.052905794	0.0
ERR10493339	2	permafrost	0.13007557	0.07303738	0.0	0.004948436	0.12087652	0.029329231	0.21204971	0.01173349	0.0033359511	0.04814982	0.021309482	0.28954703	0.0	0.0029924584	0.052614912	0.0
ERR10493340	2	permafrost	0.08046299	0.07501996	0.0	0.007299035	0.20080121	0.032731466	0.17656372	0.012009488	0.0045377393	0.045257267	0.030756371	0.27335873	0.0	0.003994187	0.05720782	0.0
ERR10493341	2	permafrost	4.2802053e-06	0.0013649579	0.0	0.0052264943	0.29856002	0.003904293	0.013452049	0.0074990406	0.0035059564	0.0026541725	0.6088339	0.03764955	0.0	0.017208142	0.00013711023	0.0
ERR10493343	2	permafrost	1.2837823e-05	0.0022411675	0.0	0.0034769138	0.07488682	0.05655382	0.012183809	0.0023997535	0.0017822614	0.0021789586	0.8117055	0.028244639	0.0	0.0042326753	0.00010082206	0.0
ERR10493344	2	permafrost	0.0049916063	0.040431548	0.0	0.0209449	0.040204372	0.034571018	0.4388947	0.013378507	0.008168086	0.034904476	0.2676493	0.077781685	0.0	0.007918249	0.0101615805	0.0
ERR10493345	2	permafrost	0.005886844	0.045054577	0.0	0.028025554	0.081718914	0.013120744	0.3980478	0.011304583	0.014797346	0.036091927	0.26787645	0.07612081	0.0	0.0074788593	0.014475585	0.0
ERR10493346	2	permafrost	0.023779918	0.0703487	0.0	0.011188975	0.26638153	0.06043004	0.17581372	0.013689037	0.0041569206	0.04515231	0.096584566	0.20440812	0.0	0.006001652	0.022064513	0.0
ERR10493347	2	permafrost	0.064664066	0.08975778	0.0	0.012350022	0.12099186	0.04889327	0.29028285	0.013540262	0.0051209056	0.059554596	0.083708964	0.17443833	0.0	0.0049482067	0.031748906	0.0
ERR10493348	2	permafrost	0.103415005	0.055385068	0.0	0.0043402705	0.094383	0.011632311	0.41634443	0.0072314255	0.002456309	0.045743857	0.014576991	0.1925013	0.0	0.0022291588	0.04976087	0.0
ERR10493349	2	permafrost	0.09678936	0.05882965	0.0	0.0047656065	0.10987231	0.009214342	0.2890504	0.0082341805	0.0032847011	0.046749603	0.023815267	0.27582896	0.0	0.0028383862	0.070727214	0.0
ERR10493357	2	permafrost	0.16628097	0.03387635	0.0	0.0027518321	0.12973791	0.004787409	0.4144014	0.007193082	0.0036713555	0.03348258	0.005023832	0.1070287	0.0	0.0019650813	0.08979949	0.0
ERR10493358	2	permafrost	0.19771542	0.034849092	0.0	0.0073473225	0.13433312	0.0018843975	0.24086073	0.0055640773	0.004088148	0.022551443	0.0011151629	0.122785345	0.0	0.0019827085	0.22492304	0.0
ERR10493359	2	permafrost	0.057416487	0.026734348	0.0	0.0038573628	0.14844558	0.003822343	0.63776237	0.007352232	0.0032882395	0.01626804	0.0029962466	0.036799036	0.0	0.0015614672	0.053696256	0.0
ERR10493360	2	permafrost	5.861132e-06	0.0030636988	0.0	0.048847284	0.640072	0.0024481064	0.072093345	0.013038376	0.07241002	0.000989275	0.107442416	0.020016821	0.0	0.01940208	0.00017075667	0.0
ERR10493361	2	permafrost	7.2444263e-06	0.0022631215	0.0	0.04581539	0.58960724	0.02632989	0.049315	0.002960815	0.03579373	0.0055659935	0.21941617	0.011701923	0.0	0.0110836895	0.00013980009	0.0
ERR10493362	2	permafrost	5.540454e-06	0.0018356063	0.0	0.080509186	0.7285468	0.016658535	0.032486983	0.00594815	0.052068554	0.00094208994	0.07083183	0.003283367	0.0	0.006831283	5.2071508e-05	0.0
ERR10493363	2	permafrost	2.153935e-06	0.00066740334	0.0	0.008464692	0.7407205	0.013815328	0.08645092	0.0011277156	0.0056890016	0.0005708231	0.13710804	0.0030258119	0.0	0.0023463028	1.1262344e-05	0.0
ERR11660399	2	tooth	1.4739152e-22	1.0	0.0	6.2687004e-20	5.18204e-20	2.5144786e-19	1.3970042e-20	1.2474648e-18	2.1913907e-18	5.8391165e-19	2.4397558e-16	2.927715e-20	0.0	3.2803826e-18	1.2189785e-10	0.0
ERR11660400	2	tooth	2.6523955e-22	1.0	0.0	6.0711276e-20	3.9172434e-20	2.6120722e-19	1.5951592e-20	1.0531835e-18	3.2823335e-18	7.595729e-19	2.1527754e-16	1.3702801e-20	0.0	3.142046e-18	1.3963217e-10	0.0
ERR11660401	2	tooth	1.0399311e-06	0.9999377	0.0	5.2483465e-08	1.9815693e-07	7.585527e-08	2.642812e-07	3.817421e-07	3.0454214e-07	2.88164e-07	5.283266e-06	4.778932e-07	0.0	1.5889249e-07	5.37644e-05	0.0
ERR11660402	2	tooth	2.516139e-23	1.0	0.0	2.0015522e-20	1.8347398e-20	1.1199653e-19	5.777031e-21	5.7532635e-19	1.2271448e-18	2.7354312e-19	1.0498449e-16	1.593282e-20	0.0	1.8383456e-18	1.6281611e-10	0.0
ERR11660403	2	tooth	4.0930537e-23	1.0	0.0	1.9767323e-20	1.22254855e-20	1.068244e-19	4.4626543e-21	5.277363e-19	1.5536604e-18	2.8594096e-19	9.690559e-17	2.1360534e-20	0.0	2.0598365e-18	9.2877414e-11	0.0
ERR11660404	2	tooth	5.5584565e-07	0.9999638	0.0	3.13868e-08	1.7905697e-07	5.433645e-08	2.1382694e-07	2.2741028e-07	1.5681549e-07	2.366235e-07	3.4721988e-06	4.066219e-07	0.0	1.06999515e-07	3.0547537e-05	0.0
ERR11660405	2	tooth	8.3094087e-19	1.0	0.0	3.6143336e-17	8.562479e-17	1.7605785e-16	2.3883305e-17	7.709997e-16	1.3273085e-15	6.3490705e-16	8.945381e-14	5.1510446e-17	0.0	1.1493615e-15	3.1090075e-09	0.0
ERR11660406	2	tooth	1.6918531e-18	1.0	0.0	4.5182977e-17	1.0669319e-16	2.1788235e-16	4.0588303e-17	1.091668e-15	1.5228648e-15	5.697326e-16	8.5997304e-14	2.5665947e-17	0.0	1.1934365e-15	2.4067706e-09	0.0
ERR11660407	2	tooth	2.751499e-05	0.99963766	0.0	4.4364128e-07	2.3083423e-06	9.548414e-07	3.241482e-06	2.8118848e-06	1.8542567e-06	2.5167635e-06	3.2044965e-05	4.0611035e-06	0.0	1.1660508e-06	0.00028344718	0.0
ERR11660408	2	tooth	1.0236818e-18	1.0	0.0	2.8881554e-17	3.6028536e-17	1.3289936e-16	1.6318397e-17	3.840406e-16	7.8339997e-16	4.50285e-16	5.332815e-14	2.0582659e-17	0.0	1.0434544e-15	1.6375477e-09	0.0
ERR11660409	2	tooth	4.826454e-19	1.0	0.0	2.635314e-17	4.1402683e-17	7.629492e-17	1.3262281e-17	4.7306885e-16	9.475685e-16	2.9026032e-16	3.9646993e-14	2.7365244e-17	0.0	8.714329e-16	1.4077743e-09	0.0
ERR11660410	2	tooth	0.000111681555	0.9991726	0.0	1.8265916e-06	1.2646737e-05	3.9647216e-06	2.1758811e-05	8.199481e-06	6.4270575e-06	1.082825e-05	7.927626e-05	2.6236325e-05	0.0	4.014095e-06	0.000540494	0.0
ERR11660411	2	tooth	2.3467582e-22	1.0	0.0	8.236867e-20	6.610173e-20	3.6918332e-19	2.4275722e-20	1.5302535e-18	4.0765988e-18	8.874028e-19	3.3332488e-16	2.3957028e-20	0.0	4.8583845e-18	1.4112383e-10	0.0
ERR11660412	2	tooth	1.9899998e-22	1.0	0.0	8.328787e-20	7.614047e-20	3.1207806e-19	1.7421136e-20	1.6283327e-18	4.4190197e-18	8.6305083e-19	3.826483e-16	4.107692e-20	0.0	5.205493e-18	1.7252916e-10	0.0
ERR11660413	2	tooth	1.3543598e-06	0.9999321	0.0	6.963871e-08	2.2818983e-07	9.6432274e-08	2.6316897e-07	2.455394e-07	2.9222872e-07	3.1098082e-07	1.1460813e-05	7.740075e-07	0.0	1.5900974e-07	5.2621934e-05	0.0
ERR11660414	2	tooth	4.687446e-23	1.0	0.0	1.923695e-20	2.3688563e-20	8.7851925e-20	6.6845e-21	4.180644e-19	1.0038761e-18	2.5615876e-19	9.8134934e-17	6.2454232e-21	0.0	1.3969323e-18	1.1458298e-10	0.0
ERR11660415	2	tooth	1.7434097e-23	1.0	0.0	1.2886221e-20	1.0875125e-20	6.810954e-20	7.2216915e-21	4.7967454e-19	7.539823e-19	1.832059e-19	1.204966e-16	4.3791733e-21	0.0	1.1609673e-18	1.3867597e-10	0.0
ERR11660416	2	tooth	4.7420275e-07	0.9999531	0.0	1.8525153e-08	6.558011e-08	3.1713626e-08	8.6092996e-08	1.5461616e-07	1.1983991e-07	1.0883335e-07	2.0729149e-06	1.067292e-07	0.0	5.1201184e-08	4.3591834e-05	0.0
ERR11660417	2	tooth	2.9588895e-21	1.0	0.0	3.2360727e-19	7.096785e-19	1.742172e-18	1.6073978e-19	6.9181718e-18	1.5556725e-17	4.8552057e-18	1.2768863e-15	2.319869e-19	0.0	2.303446e-17	1.864439e-10	0.0
ERR11660418	2	tooth	1.3866254e-21	1.0	0.0	3.476084e-19	4.7341733e-19	1.2758294e-18	1.07352805e-19	6.7059164e-18	1.32405535e-17	5.478513e-18	1.5131937e-15	2.9864666e-19	0.0	2.22528e-17	2.892956e-10	0.0
ERR11660419	2	tooth	1.0205797e-06	0.99993855	0.0	2.9333798e-08	2.2973315e-07	6.0987546e-08	1.610689e-07	2.6325787e-07	1.7780164e-07	1.4954817e-07	3.602372e-06	4.0845035e-07	0.0	1.0518459e-07	5.525146e-05	0.0
ERR11660420	2	tooth	3.6609172e-21	1.0	0.0	6.3264805e-19	4.82533e-19	1.994125e-18	2.0169861e-19	1.7627282e-17	1.9368992e-17	6.091708e-18	2.5201765e-15	3.1116392e-19	0.0	3.421786e-17	5.7481636e-10	0.0
ERR11660421	2	tooth	4.5561023e-21	1.0	0.0	6.7799027e-19	8.3702354e-19	2.9794374e-18	2.884588e-19	1.951845e-17	3.7369456e-17	6.530126e-18	2.6954367e-15	3.4963787e-19	0.0	3.0383214e-17	4.9937804e-10	0.0
ERR11660422	2	tooth	7.404975e-07	0.99992204	0.0	3.914359e-08	1.746865e-07	6.392278e-08	1.7862241e-07	1.7558574e-07	2.1379113e-07	2.5926929e-07	3.4830348e-06	2.711391e-07	0.0	1.0450304e-07	7.2257964e-05	0.0
ERR11660423	2	tooth	1.2421785e-21	1.0	0.0	3.2202395e-19	3.469567e-19	1.1961519e-18	9.5383915e-20	1.06693734e-17	1.1278762e-17	2.7919825e-18	1.3906699e-15	3.039265e-19	0.0	1.6703933e-17	3.3452166e-10	0.0
ERR11660424	2	tooth	2.1951724e-21	1.0	0.0	4.4534256e-19	4.9366775e-19	1.8608487e-18	1.9840541e-19	1.6184252e-17	2.2560827e-17	5.7534576e-18	2.0598505e-15	3.857438e-19	0.0	3.810537e-17	6.9319345e-10	0.0
ERR11660425	2	tooth	4.130743e-06	0.9998773	0.0	1.6973222e-07	1.1445406e-06	3.1264977e-07	1.8250151e-06	1.2756017e-06	7.561836e-07	1.0632349e-06	1.0988107e-05	5.3954354e-06	0.0	4.5212266e-07	9.522359e-05	0.0
ERR11660426	2	tooth	5.0691712e-21	1.0	0.0	5.743235e-19	9.905626e-19	4.1896644e-18	2.6810805e-19	1.721566e-17	3.0650172e-17	1.3158307e-17	2.7533882e-15	3.8399634e-19	0.0	3.7329156e-17	6.3674843e-10	0.0
ERR11660427	2	tooth	3.8123648e-21	1.0	0.0	4.6486325e-19	9.229817e-19	2.5361937e-18	1.8952183e-19	1.8680906e-17	3.125277e-17	9.222506e-18	1.9558874e-15	3.0827548e-19	0.0	3.9636907e-17	7.3072864e-10	0.0
ERR11660428	2	tooth	1.2505576e-06	0.999917	0.0	5.833299e-08	2.1803594e-07	1.0656635e-07	4.1099267e-07	4.852179e-07	2.7671518e-07	3.4541355e-07	6.5176464e-06	6.4160287e-07	0.0	1.8834989e-07	7.2537914e-05	0.0
ERR11660429	2	tooth	0.31989297	0.053105284	0.0	0.0027416197	0.0739743	0.0074774646	0.17955944	0.008915207	0.0035087217	0.04013115	0.006910376	0.21430285	0.0	0.0021870008	0.08729363	0.0
ERR11660430	2	tooth	0.64957625	0.030437194	0.0	0.0021438957	0.032714084	0.0020116442	0.031948615	0.0050350535	0.0023053486	0.015968034	0.0013360287	0.067520306	0.0	0.0017127902	0.15729074	0.0
ERR11660431	2	tooth	0.3673197	0.031466804	0.0	0.0026687223	0.022660503	0.0012149863	0.025078075	0.004317599	0.0020392658	0.014219166	0.0010010189	0.046600834	0.0	0.0015827167	0.47983062	0.0
ERR11660432	2	tooth	0.4034772	0.04738395	0.0	0.0026553504	0.061139707	0.0061156433	0.15217914	0.009122862	0.003481071	0.03610181	0.0060615456	0.16887066	0.0	0.0021813214	0.101229765	0.0
ERR11660433	2	tooth	0.46321028	0.034832407	0.0	0.0022212283	0.14556001	0.008257999	0.09121042	0.00780479	0.0029388648	0.030438371	0.0054001464	0.10906971	0.0	0.0018900025	0.09716576	0.0
ERR11660434	2	tooth	0.41643512	0.020677255	0.0	0.0013443411	0.03328049	0.0031617344	0.037892222	0.010844312	0.0020025538	0.016226731	0.0057819476	0.062078528	0.0	0.0016193042	0.38865545	0.0
ERR11660435	2	tooth	0.3911721	0.040385284	0.0	0.0024003014	0.17092416	0.008727452	0.109457366	0.00823	0.0030661484	0.03379964	0.005467576	0.14129017	0.0	0.002022103	0.08305767	0.0
ERR11660436	2	tooth	0.37187517	0.036848444	0.0	0.0024119858	0.06658507	0.0059053903	0.11194649	0.009388578	0.00324786	0.030693352	0.0075232866	0.14662118	0.0	0.002056659	0.20489654	0.0
ERR11660437	2	tooth	0.40407014	0.040436566	0.0	0.0024515798	0.16280676	0.009368422	0.11183344	0.007871246	0.0031218466	0.035039872	0.005496323	0.1452095	0.0	0.00196046	0.070333846	0.0
ERR11660438	2	tooth	0.0788277	0.0009090845	0.0	0.00012274447	0.00038175416	4.099072e-06	9.5248826e-05	0.0025240825	0.00010037972	0.00016407897	3.7612328e-05	0.0039298465	0.0	0.0003113577	0.912592	0.0
ERR11660439	2	tooth	0.017740043	0.00053077546	0.0	0.00014359533	0.00037029438	9.607223e-07	6.428719e-05	0.004056415	0.00010622932	7.320036e-05	5.2776973e-06	0.0024426032	0.0	0.0002979526	0.97416836	0.0
ERR11660440	2	tooth	0.102382965	0.0012849312	0.0	0.00023199982	0.00058527966	2.5595266e-06	0.00011493998	0.007252073	0.00020708486	0.00014488972	1.4340336e-05	0.005182223	0.0	0.00061663263	0.88198006	0.0
ERR11660441	2	tooth	0.039434243	0.00076078036	0.0	0.0001879136	0.0004976732	1.8082653e-06	0.00011602245	0.0054993276	0.00022759473	0.000111058034	1.8932622e-05	0.0038497304	0.0	0.00037075314	0.9489242	0.0
ERR11660442	2	tooth	0.040910657	0.000576606	0.0	0.00011386168	0.00041704587	2.9551966e-06	0.00010150991	0.004349535	0.00013236729	0.00011448621	1.4881951e-05	0.0025966025	0.0	0.00029719464	0.9503723	0.0
ERR11660443	2	tooth	0.047622807	0.001106698	0.0	0.00030300362	0.0006522757	6.6746475e-06	0.0004261073	0.0070134443	0.00013970425	0.000190616	6.742303e-05	0.0047691995	0.0	0.0007526295	0.93694943	0.0
ERR11660444	2	tooth	0.032048807	0.0006839038	0.0	0.00018346064	0.0005183829	2.4151177e-06	0.00017194577	0.007828185	0.00017390106	0.00013137901	2.7666987e-05	0.0042315884	0.0	0.0004643118	0.95353407	0.0
ERR11660445	2	tooth	0.10495325	0.0010553566	0.0	0.00013545247	0.00061025063	5.0967233e-06	0.0001756177	0.006085764	0.00019615384	0.00017800098	4.022605e-05	0.0038401394	0.0	0.0005064514	0.88221824	0.0
ERR11660446	2	tooth	0.03478243	0.00068039115	0.0	0.00032933507	0.00025359038	1.0080503e-06	4.0261297e-05	0.0070027835	0.00016906534	5.4900567e-05	8.3419045e-06	0.002943333	0.0	0.00056328974	0.95317125	0.0
ERR11660447	2	tooth	0.05095824	0.00076121656	0.0	0.00019800894	0.0005853567	1.6682073e-06	0.00012202502	0.003920963	0.00014765984	0.00014519614	2.8667051e-05	0.0043396275	0.0	0.0004140249	0.9383773	0.0
ERR11660448	2	tooth	0.029902589	0.0006272459	0.0	9.937736e-05	0.0002928232	1.853885e-06	9.200856e-05	0.0041131494	0.00014978838	8.247063e-05	1.2668481e-05	0.0028183083	0.0	0.00023181789	0.9615759	0.0
ERR11660449	2	tooth	0.034493804	0.0006585774	0.0	0.0001856928	0.0004605995	1.2502954e-06	8.4768115e-05	0.0064417347	0.0001149883	8.619747e-05	8.893109e-06	0.004256424	0.0	0.00043083794	0.95277625	0.0
ERR11660450	2	tooth	0.08407163	0.0008784383	0.0	0.0002599355	0.0005094293	1.9738584e-06	0.00016115571	0.011104024	0.00014772368	0.000108429136	1.5279931e-05	0.0034856575	0.0	0.0005125422	0.8987438	0.0
ERR11660451	2	tooth	0.46051794	0.03963363	0.0	0.0024853712	0.1282684	0.008262118	0.108539365	0.0082824305	0.0031746277	0.033846732	0.0060399654	0.13298012	0.0	0.0020852422	0.06588403	0.0
ERR11660452	2	tooth	0.49266326	0.054270692	0.0	0.0024909684	0.049002804	0.0056359405	0.12586944	0.009653493	0.003221552	0.034470282	0.00799725	0.11670641	0.0	0.0020831893	0.09593472	0.0
ERR11660453	2	tooth	0.57028073	0.033444602	0.0	0.002122818	0.10275199	0.0068654213	0.081731774	0.0075061587	0.0027430106	0.027939586	0.0055767465	0.09878419	0.0	0.0018358703	0.05841712	0.0
ERR11660454	2	tooth	0.51543564	0.056431595	0.0	0.0022160106	0.038245697	0.004990318	0.09159203	0.0070029753	0.0031815253	0.027725937	0.008212198	0.10642217	0.0	0.002192808	0.13635111	0.0
ERR11660455	2	tooth	0.50263417	0.03815408	0.0	0.0022852432	0.10943459	0.0076020802	0.102498874	0.0077291937	0.002949165	0.03190211	0.005774256	0.118939124	0.0	0.0019677428	0.06812936	0.0
ERR11660456	2	tooth	1.3558754e-07	0.9998765	0.0	4.959444e-08	6.944378e-10	1.1067254e-10	2.5632036e-09	3.2546126e-08	3.494519e-08	2.9606417e-09	9.631912e-07	2.7614655e-09	0.0	2.9085678e-07	0.00012199938	0.0
ERR11660457	2	tooth	1.9669699e-07	0.99966806	0.0	5.207983e-08	7.8495965e-10	1.4850834e-10	3.5734145e-09	4.124201e-08	7.493664e-08	5.4492175e-09	1.861306e-06	2.6592961e-09	0.0	3.8227694e-07	0.00032934526	0.0
ERR11660458	2	tooth	3.123321e-07	0.9998647	0.0	5.1766172e-08	9.819414e-10	2.4231203e-10	7.6111535e-09	4.3648498e-08	8.651268e-08	5.4202074e-09	2.9957712e-06	3.919846e-09	0.0	5.451557e-07	0.00013126519	0.0
ERR11660459	2	tooth	7.721082e-07	0.9999252	0.0	6.133621e-08	1.704653e-09	5.555528e-10	1.2509371e-08	6.464887e-08	1.5853543e-07	1.0709949e-08	3.4762033e-06	1.5289888e-08	0.0	4.8733114e-07	6.974459e-05	0.0
ERR11660460	2	tooth	0.5558358	0.04228276	0.0	0.0020436111	0.10687704	0.0068432903	0.068745114	0.006216433	0.002972375	0.029943187	0.005975917	0.090627804	0.0	0.0020452165	0.07959147	0.0
ERR11660461	2	tooth	9.177891e-15	0.9999804	0.0	1.1114939e-13	2.1833248e-14	3.984712e-14	7.4096436e-14	5.3912187e-12	3.0019682e-12	1.7149636e-12	4.6091692e-10	5.2877177e-14	0.0	3.684753e-11	1.9610472e-05	0.0
ERR11660462	2	tooth	1.4453857e-14	0.9999542	0.0	7.796141e-14	1.7584379e-14	4.457052e-14	4.9743897e-14	1.7543647e-12	1.9697477e-12	2.840047e-12	3.394117e-10	2.1649542e-14	0.0	3.8400932e-11	4.579831e-05	0.0
ERR11660463	2	tooth	1.591576e-13	0.99995315	0.0	5.083297e-13	1.02125516e-13	3.683355e-13	2.5221535e-13	1.44747565e-11	1.0447726e-11	1.7241913e-11	2.286542e-09	2.8717819e-13	0.0	1.6415412e-10	4.6867724e-05	0.0
ERR11660464	2	tooth	1.6300473e-14	0.99998724	0.0	1.1467675e-13	1.4192402e-14	4.4640117e-14	4.581853e-14	1.6653014e-12	1.6452089e-12	4.6936044e-12	3.6471817e-10	1.2485527e-14	0.0	3.789891e-11	1.2780205e-05	0.0
ERR11660465	2	tooth	6.4850913e-13	0.9998645	0.0	3.1925777e-12	7.484523e-13	1.2685219e-12	2.7900646e-12	5.647409e-11	4.427614e-11	6.4318904e-11	4.251238e-09	6.823949e-13	0.0	8.3769813e-10	0.00013549543	0.0
ERR11660466	2	tooth	5.3622376e-14	0.9999577	0.0	2.2592782e-13	4.0262427e-14	1.11384826e-13	6.6501634e-14	5.079262e-12	4.2135115e-12	4.9151993e-12	3.8550563e-10	9.709867e-14	0.0	5.975524e-11	4.2307252e-05	0.0
ERR12814413	2	lake sediment	5.3490032e-05	0.29494125	0.0	0.24951655	0.22979121	0.0014415932	0.022006609	0.023129528	0.024130976	0.034513097	0.07771234	0.028216254	0.0	0.012201636	0.0023454905	0.0
ERR12814414	2	lake sediment	7.5248954e-06	0.14865427	0.0	0.1711301	0.5223217	0.000717398	0.007746847	0.014329892	0.0061270203	0.015067417	0.09174612	0.008397799	0.0	0.013258378	0.00049551344	0.0
ERR12814415	2	lake sediment	8.827976e-05	0.00946979	0.0	0.4086032	0.5455858	0.00083601713	0.001981476	0.005680307	0.01530756	0.0003592484	0.000100936435	0.0054197256	0.0	0.004992484	0.001575172	0.0
ERR12814416	2	lake sediment	1.4443286e-05	0.005327659	0.0	0.46337244	0.5125935	2.9335482e-05	0.0003506879	0.0050659333	0.0041017346	0.0001843941	8.3154424e-05	0.001671265	0.0	0.0048547853	0.002350651	0.0
ERR12814417	2	lake sediment	7.28152e-06	0.016002493	0.0	0.07728156	0.8397759	0.00028268326	0.00321243	0.015458118	0.009805935	0.0012931883	0.015558493	0.0053820964	0.0	0.015814643	0.0001251609	0.0
ERR12814418	2	lake sediment	4.0577734e-06	0.0070191496	0.0	0.062356558	0.91106695	0.00010363649	0.0005372629	0.0055104443	0.00293901	0.0005114202	0.0012594098	0.002468722	0.0	0.006154981	6.841185e-05	0.0
ERR12814419	2	lake sediment	1.4490765e-05	0.024173591	0.0	0.2064602	0.6441762	0.00037481196	0.0050626304	0.026501365	0.030882135	0.003809732	0.023654725	0.006128152	0.0	0.028203985	0.00055800274	0.0
ERR12814422	2	lake sediment	4.630013e-06	0.012762743	0.0	0.056797247	0.80725867	0.0021505319	0.003760797	0.04067917	0.011047554	0.0019612247	0.031279024	0.016430862	0.0	0.01567693	0.00019062961	0.0
ERR12814423	2	lake sediment	0.00020366891	0.048446607	0.0	0.3978478	0.3222909	0.005948422	0.06649939	0.030107252	0.06820543	0.0059530735	0.017569954	0.028639404	0.0	0.0066178907	0.0016701916	0.0
ERR12814424	2	lake sediment	3.2987862e-06	0.018343432	0.0	0.13450599	0.8123601	0.00030986822	0.003340268	0.008985177	0.004926846	0.00093261845	0.002298326	0.0040012314	0.0	0.009878725	0.000114120354	0.0
ERR12814425	2	lake sediment	1.8068705e-06	0.001346394	0.0	0.019327482	0.9534034	0.0011091455	0.0023361836	0.003984853	0.003910478	0.00019734613	0.008378403	0.0033445258	0.0	0.0026294068	3.0545536e-05	0.0
ERR12814427	2	lake sediment	6.6788084e-06	0.0037775293	0.0	0.09428129	0.6192829	0.0042167082	0.003271944	0.040011726	0.032293484	0.00090403034	0.09851318	0.092060536	0.0	0.011264928	0.00011505107	0.0
ERR12814428	2	lake sediment	4.6137793e-06	0.004055292	0.0	0.070704065	0.6290638	0.0032211056	0.0021015357	0.019002955	0.022674983	0.0010770112	0.068724096	0.16052203	0.0	0.018743085	0.000105422725	0.0
ERR12814429	2	lake sediment	0.0003353777	0.0076501695	0.0	0.047240958	0.555236	0.0002832319	0.13561936	0.019184446	0.027068067	0.0018499653	0.022748778	0.17416142	0.0	0.0064911298	0.002131124	0.0
ERR12814430	2	lake sediment	0.0001543164	0.008116258	0.0	0.069849744	0.521016	0.0011482852	0.07321044	0.037241556	0.027167572	0.0023972294	0.05835269	0.18623509	0.0	0.013979878	0.001130962	0.0
ERR12814431	2	lake sediment	2.1859291e-06	0.0008809907	0.0	0.017133398	0.84229255	0.0013780061	0.0034165552	0.015044191	0.021827511	0.00043838003	0.026502226	0.063586056	0.0	0.007447675	5.0264756e-05	0.0
ERR12814432	2	lake sediment	1.9651209e-06	0.0008423644	0.0	0.029395498	0.7976188	0.0008231013	0.0023338285	0.01130734	0.023633355	0.00042855318	0.033606324	0.09053719	0.0	0.009417877	5.3809596e-05	0.0
ERR12814433	2	lake sediment	0.3522528	0.050054185	0.0	0.0029387171	0.07558731	0.006868519	0.16320424	0.009345334	0.003534612	0.040527318	0.006153191	0.1983608	0.0	0.0020586604	0.08911431	0.0
ERR12814434	2	lake sediment	7.286361e-07	4.4224347e-05	0.0	0.000105539264	0.9871256	7.794144e-05	0.0014224823	0.003858543	9.581959e-05	8.526742e-06	0.00382073	0.0028597757	0.0	0.0005761863	3.9229835e-06	0.0
ERR12814435	2	lake sediment	1.2231663e-05	0.0011831213	0.0	0.02515663	0.7722121	0.0017982809	0.008207712	0.028641619	0.032014363	0.0002077937	0.056301903	0.0666128	0.0	0.007560273	9.118934e-05	0.0
ERR12814436	2	lake sediment	2.7685785e-06	0.0014717003	0.0	0.02704778	0.7667853	0.0020759648	0.01754276	0.028388023	0.027881382	0.0003097791	0.05033522	0.070144944	0.0	0.0079614315	5.2908643e-05	0.0
ERR12814437	2	lake sediment	4.4567486e-07	0.00016740785	0.0	0.0025977509	0.9658993	0.00043438483	0.00095185195	0.004307704	0.001918686	4.078674e-05	0.011214434	0.010859646	0.0	0.001605247	2.3690402e-06	0.0
ERR12814438	2	lake sediment	5.4150263e-07	0.00033778715	0.0	0.008198444	0.93121165	0.0004677561	0.0014312951	0.006469151	0.004696547	5.8375444e-05	0.03174004	0.0116771385	0.0	0.003707605	3.6761603e-06	0.0
ERR12814439	2	lake sediment	2.7657582e-06	0.00066141546	0.0	0.019427005	0.90055496	0.0014936543	0.0026320645	0.0123957675	0.014928069	0.00032139986	0.018957146	0.022538466	0.0	0.0060404628	4.684721e-05	0.0
ERR12814440	2	lake sediment	1.1815653e-06	0.0006748004	0.0	0.0104551725	0.8434642	0.0008523285	0.0013076409	0.019637942	0.017634379	0.00027593094	0.021653432	0.07744367	0.0	0.006545174	5.4157885e-05	0.0
ERR12814442	2	lake sediment	3.2951404e-05	0.0023015563	0.0	0.051427435	0.6587792	0.0009887286	0.012643341	0.061946772	0.038706057	0.00023285719	0.05137471	0.11408507	0.0	0.0073719793	0.000109344764	0.0
ERR12814443	2	lake sediment	1.0053816e-05	0.0013573194	0.0	0.017928006	0.7696248	0.0003105461	0.01191508	0.018077154	0.044210196	0.00016740101	0.03157338	0.10097802	0.0	0.0037820817	6.590815e-05	0.0
ERR12814444	2	lake sediment	1.528061e-06	0.00039656518	0.0	0.0029144534	0.88221055	0.0012666632	0.0018464875	0.011425513	0.0042507206	7.0314905e-05	0.051681075	0.04091991	0.0	0.002977394	3.8832564e-05	0.0
ERR12814445	2	lake sediment	2.460491e-06	0.00039457236	0.0	0.00796072	0.91940206	0.00079146144	0.00096656993	0.0155354915	0.0067513906	5.3733216e-05	0.023004321	0.023219392	0.0	0.0018928159	2.5032612e-05	0.0
ERR12814446	2	lake sediment	1.9092815e-06	0.00054274005	0.0	0.009420803	0.8936793	0.00096151006	0.0018839712	0.016706303	0.011298154	5.1124487e-05	0.02728613	0.034902174	0.0	0.0032143479	5.1499246e-05	0.0
ERR12814447	2	lake sediment	1.4300181e-06	0.00043900026	0.0	0.0105550345	0.93356586	0.00095794006	0.0025628603	0.0033528039	0.0070099505	6.054523e-05	0.026764456	0.013667658	0.0	0.0010499428	1.2523745e-05	0.0
ERR12814448	2	lake sediment	5.154909e-07	0.00033631484	0.0	0.010198909	0.93453735	0.00059560925	0.001432794	0.0025284651	0.005574562	5.7140085e-05	0.029419305	0.0138616245	0.0	0.0014498107	7.5806456e-06	0.0
ERR12814449	2	lake sediment	6.725403e-06	0.0014219928	0.0	0.012412133	0.8813134	0.0008036321	0.005166893	0.04242247	0.00853055	0.00020355987	0.01373367	0.030555198	0.0	0.0033822253	4.7571186e-05	0.0
ERR12814450	2	lake sediment	1.3805757e-06	0.0007235495	0.0	0.00775217	0.8979414	0.0006220745	0.0034350515	0.01500073	0.0063023046	9.0813446e-05	0.013278125	0.052138526	0.0	0.002704916	8.962152e-06	0.0
ERR12814452	2	lake sediment	1.0624492e-05	0.0016620806	0.0	0.022389382	0.8573117	0.0005046675	0.0194334	0.03141631	0.023392787	0.00018554777	0.019201446	0.01685486	0.0	0.0074585467	0.00017863332	0.0
ERR12814453	2	lake sediment	2.201714e-06	0.00076696783	0.0	0.007132007	0.93857306	0.00027022924	0.0053404905	0.01148263	0.015697323	6.456405e-05	0.011949334	0.005537784	0.0	0.0031057352	7.7651326e-05	0.0
ERR12814454	2	lake sediment	8.8719145e-07	6.49929e-05	0.0	0.0002107716	0.9670997	0.00029696606	0.0029338377	0.0034267413	0.00024790937	3.626352e-05	0.011876188	0.013288903	0.0	0.0005066488	1.0179089e-05	0.0
ERR12814455	2	lake sediment	2.537768e-07	7.166164e-05	0.0	8.632264e-05	0.9833002	0.00024381328	0.0020778805	0.0016529417	0.00018938928	1.7698832e-05	0.0017938068	0.010089208	0.0	0.0004750078	1.8000591e-06	0.0
ERR12814456	2	lake sediment	6.240043e-07	0.00026948933	0.0	0.004714498	0.95531803	0.0008124693	0.00074328383	0.0045832354	0.0024920055	2.4466159e-05	0.011068721	0.019098898	0.0	0.0008672309	7.028782e-06	0.0
ERR12814457	2	lake sediment	7.588151e-07	0.00026752413	0.0	0.004832031	0.9542604	0.0008653609	0.0005090434	0.009719994	0.0030789853	2.0223966e-05	0.01565434	0.009433734	0.0	0.001353573	4.004583e-06	0.0
ERR12814458	2	lake sediment	1.3265708e-07	0.0002514821	0.0	0.003771867	0.9748222	0.0001560176	0.0026947868	0.0036010568	0.0014388708	4.57629e-05	0.0079185385	0.0038922003	0.0	0.0013977613	9.317919e-06	0.0
ERR12814460	2	lake sediment	2.8689215e-05	0.0011794501	0.0	0.0020990714	0.6706841	0.0024313887	0.0069768135	0.06824831	0.0038829558	0.00036780146	0.09751338	0.14206566	0.0	0.0044625853	5.9791473e-05	0.0
ERR12814461	2	lake sediment	1.6320447e-06	0.00014357311	0.0	0.00049537275	0.8998241	0.0008599793	0.008608058	0.0049412507	0.00080528273	4.9480335e-05	0.06585934	0.017260287	0.0	0.0011419591	9.702013e-06	0.0
ERR12814462	2	lake sediment	7.069182e-06	0.0038945316	0.0	0.042848103	0.74197215	0.00128334	0.016470278	0.025679208	0.046296366	0.0023875386	0.005776552	0.09845925	0.0	0.014741535	0.00018409858	0.0
ERR12814463	2	lake sediment	8.4969e-06	0.003515697	0.0	0.037700634	0.78181005	0.00019698763	0.024667107	0.024831587	0.050410148	0.0011421228	0.010361128	0.051475845	0.0	0.013743118	0.00013708134	0.0
ERR12814464	2	lake sediment	9.079551e-07	0.00072692987	0.0	0.0150991	0.85154366	0.0009198654	0.004145833	0.022355394	0.0136781195	0.0001117994	0.035243496	0.04941845	0.0	0.0067387107	1.774574e-05	0.0
ERR12814465	2	lake sediment	5.1593765e-06	0.0004495107	0.0	0.0013176147	0.811598	0.00030663994	0.004244314	0.01719954	0.0020367715	0.00012312582	0.08582987	0.0712652	0.0	0.005564098	6.013079e-05	0.0
ERR12814467	2	lake sediment	2.4506974e-06	0.0001788107	0.0	0.00020656225	0.87600213	0.00022864474	0.0032007853	0.0048355116	0.00042547937	7.158599e-05	0.010866734	0.10300118	0.0	0.00097371347	6.3980583e-06	0.0
ERR12814468	2	lake sediment	0.0007652529	0.0029577515	0.0	0.0020595647	0.2585481	0.0005217684	0.08872641	0.0066857166	0.0020657333	0.0017006268	0.010179738	0.6236788	0.0	0.0011657219	0.00094478985	0.0
ERR12814469	2	lake sediment	5.7158545e-06	0.0003001725	0.0	0.00027755392	0.6381915	0.00046693932	0.0060730986	0.00935863	0.0006396117	0.00016311252	0.04151837	0.3009358	0.0	0.0020551942	1.4266561e-05	0.0
ERR12814470	2	lake sediment	8.6381414e-07	0.0004738907	0.0	0.0015449328	0.92096305	0.0015213625	0.0010018402	0.007080437	0.0005569442	4.6853278e-05	0.02397362	0.041826144	0.0	0.0010051734	4.908948e-06	0.0
ERR12814471	2	lake sediment	6.6483703e-06	0.00032193057	0.0	0.000783567	0.747271	0.0002471142	0.0019649367	0.015376756	0.00047779843	0.00014700217	0.01611556	0.21521032	0.0	0.002025635	5.174915e-05	0.0
ERR12814472	2	lake sediment	9.0186795e-06	0.0010917091	0.0	0.007237401	0.91261333	4.6757228e-05	0.003196705	0.026197165	0.009456372	0.00015475837	0.00895601	0.024744183	0.0	0.006225522	7.106025e-05	0.0
ERR12814473	2	lake sediment	1.166293e-06	6.0718914e-05	0.0	0.0001414613	0.97446966	0.00011712653	0.0004580598	0.003152756	0.0002590644	2.1924856e-05	0.0052169682	0.015475225	0.0	0.0006194029	6.445601e-06	0.0
ERR12814474	2	lake sediment	1.325834e-06	0.000256497	0.0	0.0027271335	0.9189495	0.00053652975	0.0003885966	0.006114128	0.0014452467	4.2168027e-05	0.0060785227	0.062394764	0.0	0.0010546228	1.0986105e-05	0.0
ERR12814475	2	lake sediment	4.699771e-07	5.6419365e-05	0.0	8.145008e-05	0.96209496	0.0002489135	0.00026696717	0.0017913897	0.0002021306	2.4679752e-05	0.0051630815	0.029402277	0.0	0.0006640632	3.2121552e-06	0.0
ERR12814476	2	lake sediment	1.3444221e-05	0.00028498843	0.0	0.00025777137	0.8868091	7.345982e-05	0.0020674127	0.014855785	0.0004901858	0.00025281118	0.008512413	0.08409727	0.0	0.0021618197	0.00012350241	0.0
ERR14057409	2	digestive tract contents	0.18378924	0.0720167	0.0	0.006952053	0.18107745	0.04488621	0.18019518	0.015325583	0.0034438998	0.06296342	0.03866061	0.16731107	0.0	0.0047708564	0.03860774	0.0
ERR14057410	2	digestive tract contents	0.11820494	0.05912352	0.0	0.0065021943	0.13499747	0.024699382	0.24084382	0.011022804	0.003920631	0.053423055	0.059042297	0.25692737	0.0	0.004993132	0.026299387	0.0
ERR14057411	2	digestive tract contents	1.0443355e-06	0.5291226	0.0	0.019527422	0.08757392	0.108127154	0.013989977	0.0020419266	0.02021862	0.0058333506	0.20321284	0.0013542647	0.0	0.00762615	0.0013707178	0.0
ERR14057412	2	digestive tract contents	8.908658e-07	0.55541074	0.0	0.01661171	0.071725525	0.07894022	0.01035521	0.0010184095	0.020822423	0.005016736	0.22745621	0.0022022594	0.0	0.008948985	0.0014906953	0.0
ERR14057413	2	digestive tract contents	1.0692713e-12	1.0	0.0	1.0950961e-11	1.4881372e-12	6.3213e-14	4.54071e-11	8.860908e-12	7.08974e-11	6.5056696e-11	2.4495837e-12	3.6394912e-14	0.0	4.489122e-10	2.3229838e-11	0.0
ERR14057414	2	digestive tract contents	1.5355436e-12	1.0	0.0	8.418384e-12	1.4884153e-12	8.860455e-14	3.58493e-11	1.1534638e-11	5.1039502e-11	9.792605e-11	1.9386463e-12	1.744952e-14	0.0	4.1014317e-10	1.7527237e-11	0.0
ERR14057415	2	digestive tract contents	2.4280642e-14	1.0	0.0	1.1366063e-12	1.166556e-12	2.9376082e-14	1.7725474e-11	3.3920568e-12	7.309821e-12	5.5715654e-10	1.0034191e-12	2.1287022e-14	0.0	5.043679e-10	1.5835428e-12	0.0
ERR14057416	2	digestive tract contents	1.8117698e-14	1.0	0.0	1.581479e-12	7.5958326e-13	5.6713135e-14	2.8001096e-11	4.010683e-12	8.4516985e-12	6.1521055e-10	9.903919e-13	2.6117654e-14	0.0	8.171671e-10	4.44375e-12	0.0
ERR14100444	2	digestive tract contents	0.18378924	0.0720167	0.0	0.006952053	0.18107745	0.04488621	0.18019518	0.015325583	0.0034438998	0.06296342	0.03866061	0.16731107	0.0	0.0047708564	0.03860774	0.0
ERR14100445	2	digestive tract contents	0.11820494	0.05912352	0.0	0.0065021943	0.13499747	0.024699382	0.24084382	0.011022804	0.003920631	0.053423055	0.059042297	0.25692737	0.0	0.004993132	0.026299387	0.0
ERR14100446	2	digestive tract contents	1.0443355e-06	0.5291226	0.0	0.019527422	0.08757392	0.108127154	0.013989977	0.0020419266	0.02021862	0.0058333506	0.20321284	0.0013542647	0.0	0.00762615	0.0013707178	0.0
ERR14100447	2	digestive tract contents	8.908658e-07	0.55541074	0.0	0.01661171	0.071725525	0.07894022	0.01035521	0.0010184095	0.020822423	0.005016736	0.22745621	0.0022022594	0.0	0.008948985	0.0014906953	0.0
ERR14100448	2	digestive tract contents	1.0692713e-12	1.0	0.0	1.0950961e-11	1.4881372e-12	6.3213e-14	4.54071e-11	8.860908e-12	7.08974e-11	6.5056696e-11	2.4495837e-12	3.6394912e-14	0.0	4.489122e-10	2.3229838e-11	0.0
ERR14100449	2	digestive tract contents	1.5355436e-12	1.0	0.0	8.418384e-12	1.4884153e-12	8.860455e-14	3.58493e-11	1.1534638e-11	5.1039502e-11	9.792605e-11	1.9386463e-12	1.744952e-14	0.0	4.1014317e-10	1.7527237e-11	0.0
ERR14100450	2	digestive tract contents	2.4280642e-14	1.0	0.0	1.1366063e-12	1.166556e-12	2.9376082e-14	1.7725474e-11	3.3920568e-12	7.309821e-12	5.5715654e-10	1.0034191e-12	2.1287022e-14	0.0	5.043679e-10	1.5835428e-12	0.0
ERR14100451	2	digestive tract contents	1.8117698e-14	1.0	0.0	1.581479e-12	7.5958326e-13	5.6713135e-14	2.8001096e-11	4.010683e-12	8.4516985e-12	6.1521055e-10	9.903919e-13	2.6117654e-14	0.0	8.171671e-10	4.44375e-12	0.0
ERR1894879	2	shell	0.2136383	0.039579123	0.0	0.0025930924	0.15895648	0.010496511	0.3524593	0.007812811	0.003038038	0.033174735	0.0058321045	0.12339522	0.0	0.002205086	0.046819203	0.0
ERR1894880	2	shell	0.26606673	0.042872794	0.0	0.0029105134	0.18406942	0.011571919	0.24913211	0.008383329	0.0031772868	0.03626807	0.0061240625	0.1395629	0.0	0.0023709692	0.047489908	0.0
ERR1894881	2	shell	0.057220053	0.35287613	0.0	0.0040398603	0.08231778	0.006179447	0.23527755	0.0021676705	0.0014884114	0.1728448	0.010718707	0.031868685	0.0	0.0011717421	0.041829173	0.0
ERR1894882	2	shell	0.0426962	0.29769692	0.0	0.003725928	0.074440405	0.005439904	0.34706554	0.0020295156	0.0013863404	0.14885674	0.008365297	0.031457536	0.0	0.0011105062	0.03572917	0.0
ERR1894900	2	shell	0.078816056	0.024034653	0.0	0.002287548	0.30930966	0.0033225326	0.44205117	0.01799318	0.0043617925	0.0120674195	0.003664643	0.06443359	0.0	0.0037195587	0.03393819	0.0
ERR1894901	2	shell	0.061335355	0.015664905	0.0	0.0021239421	0.2216195	0.0018283408	0.19922571	0.025628386	0.0022631183	0.00861018	0.0048885257	0.4093719	0.0	0.0048298608	0.042610258	0.0
ERR1894902	2	shell	0.051792562	0.02346444	0.0	0.0034431252	0.23784296	0.0065000234	0.39306068	0.02114306	0.0043440494	0.016996616	0.004575795	0.12611368	0.0	0.0032243342	0.107498646	0.0
ERR1894903	2	shell	0.08435303	0.020137662	0.0	0.0018415321	0.23646063	0.005602246	0.29205948	0.02118646	0.0021335504	0.016964069	0.010151301	0.2857257	0.0	0.00321429	0.02017003	0.0
ERR1894904	2	shell	0.11480657	0.009415386	0.0	0.001041438	0.0900055	0.0030709747	0.0053495495	0.38477638	0.0018816843	0.0042533465	0.02396042	0.13803709	0.0	0.0076669026	0.21573476	0.0
ERR1894905	2	shell	0.25579748	0.030877026	0.0	0.0017919703	0.21578145	0.0042932327	0.07172474	0.16823836	0.002466872	0.012999538	0.007542193	0.15827025	0.0	0.008694393	0.061522488	0.0
ERR1894906	2	shell	0.11741413	0.0227999	0.0	0.0040458636	0.12053499	0.0037205578	0.143708	0.31954962	0.0046988195	0.011373674	0.012882973	0.14119405	0.0	0.010004264	0.08807315	0.0
ERR1894907	2	shell	0.032826252	0.022843052	0.0	0.0030842808	0.17191194	0.0037398264	0.6381998	0.003897362	0.00233124	0.025362656	0.0017837986	0.08202962	0.0	0.0018234357	0.010166726	0.0
ERR1894908	2	shell	0.2095039	0.049315855	0.0	0.003096288	0.18732311	0.018114593	0.18406758	0.013327952	0.0040001073	0.040632695	0.009578689	0.23817575	0.0	0.0028629412	0.04000056	0.0
ERR1894909	2	shell	0.19580144	0.046374094	0.0	0.002929533	0.19892803	0.0174535	0.20773786	0.012628395	0.003954492	0.038149785	0.008969927	0.22547434	0.0	0.0026943104	0.03890429	0.0
ERR1894910	2	shell	0.17707548	0.062326934	0.0	0.0032701967	0.19543344	0.014450996	0.2847742	0.008994988	0.003145066	0.050573282	0.00900422	0.14660238	0.0	0.002540318	0.041808523	0.0
ERR1894911	2	shell	0.13244127	0.048364006	0.0	0.0026729603	0.15317792	0.011133444	0.38581383	0.007027673	0.0025741984	0.038444728	0.006739273	0.16123478	0.0	0.0020792165	0.04829672	0.0
ERR1894912	2	shell	0.38205308	0.03975155	0.0	0.0028867344	0.17876488	0.01079363	0.11511696	0.009677335	0.0030676462	0.03229517	0.0057220357	0.1505759	0.0	0.0023275395	0.06696753	0.0
ERR1894913	2	shell	0.33075282	0.036169197	0.0	0.0023336546	0.24059545	0.007068758	0.13165629	0.008937491	0.0029180786	0.028549733	0.005026944	0.14552319	0.0	0.002263463	0.05820494	0.0
ERR1894914	2	shell	0.54878694	0.03339946	0.0	0.002304837	0.12049421	0.003179206	0.118481435	0.0041991454	0.005936992	0.017330213	0.0011572049	0.045013618	0.0	0.002513034	0.097203694	0.0
ERR1894915	2	shell	0.46575904	0.03873926	0.0	0.0025708585	0.13983151	0.003765278	0.11702991	0.006556055	0.0059869397	0.0214836	0.0015212887	0.068108045	0.0	0.0025748156	0.1260734	0.0
ERR1894916	2	shell	0.27090114	0.040151767	0.0	0.0032194152	0.06502667	0.007965161	0.3842092	0.011502115	0.0049885986	0.03804058	0.019107396	0.09340195	0.0	0.004684246	0.0568018	0.0
ERR1894917	2	shell	0.23371607	0.03944093	0.0	0.003652992	0.091257885	0.008632528	0.36837062	0.009419735	0.005036327	0.040871102	0.020754026	0.11561586	0.0	0.0044910354	0.05874088	0.0
ERR1894918	2	shell	0.14354783	0.050956354	0.0	0.0030350336	0.18412748	0.009909343	0.38176724	0.010421424	0.0026210349	0.03995513	0.006416201	0.13751957	0.0	0.002271599	0.027451763	0.0
ERR1894919	2	shell	0.14108033	0.040065255	0.0	0.0026003532	0.22991166	0.009910536	0.40191886	0.008096218	0.002524541	0.033135854	0.0047933324	0.09836349	0.0	0.0020997536	0.025499828	0.0
ERR2269773	2	leaf	0.00032453923	0.004630112	0.0	0.0014344971	0.14344282	0.745509	0.0013043395	0.0018876768	0.00030486408	0.0012698222	0.05549816	0.04364005	0.0	0.0005602696	0.00019382263	0.0
ERR2269775	2	leaf	0.00015591773	0.07020587	0.0	0.008999271	0.040022235	0.77974194	0.0030715168	0.0021291662	0.00018929369	0.024121555	0.049423102	0.020537969	0.0	0.0012781823	0.00012396999	0.0
ERR2269776	2	leaf	0.00060651684	0.0043190024	0.0	0.00057908526	0.14295848	0.7207598	0.0018517309	0.0014697246	0.000104171886	0.0014193468	0.08570679	0.03943153	0.0	0.0006234305	0.00017040114	0.0
ERR2269777	2	leaf	0.00030354684	0.01003345	0.0	0.0053084055	0.12893978	0.7227965	0.0014231191	0.0019077329	0.0006079488	0.0028289584	0.09144433	0.033471007	0.0	0.0006889355	0.00024628523	0.0
ERR2269778	2	leaf	0.001471119	0.01278593	0.0	0.0024049254	0.37667972	0.50219977	0.0014228799	0.0017764036	0.00025430787	0.0028967285	0.05536115	0.040197697	0.0	0.0013426552	0.0012067147	0.0
ERR2269779	2	leaf	0.0005170533	0.0033419486	0.0	0.00039840624	0.15231131	0.74342436	0.0012535538	0.0013908435	0.00010802496	0.0011073712	0.06829999	0.0271827	0.0	0.0005104714	0.00015395311	0.0
ERR2269780	2	leaf	0.00032227117	0.0036134624	0.0	0.0006076261	0.19869988	0.64175165	0.0023949994	0.0014286231	0.00012443913	0.0012932925	0.11405822	0.034972932	0.0	0.0006177429	0.00011483756	0.0
ERR2269781	2	leaf	0.00052715576	0.004137766	0.0	0.00044243626	0.16377579	0.7208087	0.0018361689	0.0011817751	0.00010499846	0.0012364615	0.076680586	0.028671665	0.0	0.00047896596	0.00011752893	0.0
ERR2269782	2	leaf	0.00034356935	0.009646469	0.0	0.006795909	0.2396302	0.4169796	0.0024844403	0.0022078305	0.0008531363	0.002579825	0.23446395	0.08291406	0.0	0.0009015619	0.00019942383	0.0
ERR2269783	2	leaf	0.00056703703	0.03662187	0.0	0.0009304532	0.10206819	0.62073946	0.0012895581	0.00114112	0.00011847974	0.008297165	0.1965016	0.030700497	0.0	0.0005891459	0.00043540337	0.0
ERR2269784	2	leaf	0.00013658928	0.020545598	0.0	0.24267276	0.0928108	0.42214227	0.0022454702	0.0054382104	0.017180085	0.0044450415	0.14849801	0.04180581	0.0	0.0017109952	0.0003683647	0.0
ERR2269785	2	leaf	0.0005897118	0.0072998023	0.0	0.0007203549	0.14214717	0.6862796	0.0015029004	0.0011276354	0.00010299428	0.0024121369	0.11534738	0.04175795	0.0	0.000518378	0.00019397232	0.0
ERR2269786	2	leaf	0.00038307835	0.005325937	0.0	0.00079721137	0.14433102	0.6814232	0.0019945204	0.0021875168	0.00015082829	0.0016840054	0.096080825	0.06483693	0.0	0.0006382905	0.00016667008	0.0
ERR2269787	2	leaf	0.00029396918	0.0074660773	0.0	0.0046473206	0.24491368	0.5541437	0.0042918785	0.0020537095	0.0006987054	0.001627574	0.107624464	0.07102936	0.0	0.0010519456	0.00015757327	0.0
ERR2269788	2	leaf	0.00041711805	0.0035602932	0.0	0.00038324908	0.11635958	0.75719583	0.0017559474	0.0012781289	0.00011801656	0.0011964387	0.07578884	0.041226793	0.0	0.0005470165	0.00017273395	0.0
ERR2269789	2	leaf	0.0004294224	0.0042676344	0.0	0.0005282191	0.21417479	0.6640307	0.0019822528	0.0012617969	0.00014779982	0.0013083888	0.08251474	0.028744157	0.0	0.00047520112	0.00013492421	0.0
ERR2269790	2	leaf	0.0023283886	0.10042404	0.0	0.052985057	0.20644651	0.38931313	0.025968378	0.02366929	0.004093247	0.02205566	0.11975302	0.040244095	0.0	0.008962256	0.0037569343	0.0
ERR2269791	2	leaf	0.00044794835	0.0065364633	0.0	0.0005572979	0.12240199	0.7199973	0.0015331135	0.0009536254	7.98771e-05	0.002063784	0.11949237	0.025370728	0.0	0.00042355424	0.00014198413	0.0
ERR2269792	2	leaf	0.00038845616	0.0032516937	0.0	0.0004006949	0.23119363	0.6181087	0.0013357816	0.0011264051	9.436766e-05	0.0011346068	0.119463414	0.022875484	0.0	0.00051181886	0.00011493236	0.0
ERR2269793	2	leaf	0.00041006776	0.0027400898	0.0	0.0002669303	0.089531496	0.82214916	0.0008918203	0.0012033031	0.00010261616	0.0008929837	0.044160202	0.037062008	0.0	0.00045694225	0.00013238378	0.0
ERR2269794	2	leaf	0.00038614025	0.04028487	0.0	0.009286392	0.28782436	0.48307654	0.0033804195	0.0017542088	0.00027262507	0.007214357	0.13151987	0.03201069	0.0	0.001850686	0.0011388584	0.0
ERR2269795	2	leaf	0.0005089047	0.0037522027	0.0	0.00040667682	0.13331303	0.7645832	0.0012787108	0.0013645133	0.00010967176	0.0012818774	0.054142684	0.038601115	0.0	0.00049860263	0.00015886038	0.0
ERR2269796	2	leaf	1.8936222e-05	0.05559239	0.0	0.03931855	0.11138488	0.11158848	0.007956857	0.003772282	0.0030451948	0.0036774413	0.65338117	0.008180932	0.0	0.0017835863	0.00029931698	0.0
ERR2269797	2	leaf	0.0005720395	0.0043663504	0.0	0.00041345166	0.1109941	0.776284	0.001187679	0.0013596369	0.00010722376	0.0014227023	0.06376742	0.038849935	0.0	0.0005083311	0.00016715133	0.0
ERR2269798	2	leaf	0.00018016947	0.027445331	0.0	0.000825624	0.106914416	0.19802943	0.001989318	0.0010843048	9.117571e-05	0.0046101445	0.651234	0.0068618217	0.0	0.00054941844	0.00018486405	0.0
ERR2269799	2	leaf	4.9543698e-05	0.00797907	0.0	0.026953185	0.36440784	0.11701379	0.0014414806	0.0040769195	0.0015678536	0.0010340326	0.43988922	0.03412018	0.0	0.0013465651	0.00012032402	0.0
ERR2269800	2	leaf	3.5218294e-05	0.10743199	0.0	0.0026524046	0.15742417	0.33881402	0.0041997484	0.00064142444	0.00019607622	0.018114937	0.36218035	0.0073306346	0.0	0.000747127	0.00023189936	0.0
ERR2269801	2	leaf	0.0005624275	0.005272253	0.0	0.00628927	0.93439364	0.04004852	0.00058304245	0.000516006	0.00024296777	0.00057424756	0.0015172996	0.006369284	0.0	0.00090055773	0.0027304566	0.0
ERR2269802	2	leaf	8.0938094e-05	0.026200527	0.0	0.021618435	0.38976642	0.3053455	0.00468802	0.0031337386	0.0013416517	0.0036645706	0.20639314	0.033924274	0.0	0.0014388497	0.002403931	0.0
ERR2269803	2	leaf	3.769431e-05	0.010665343	0.0	0.00906814	0.13000195	0.09293352	0.007420459	0.0056669074	0.0008277804	0.00078297453	0.7311821	0.009368272	0.0	0.001921781	0.00012309913	0.0
ERR2269804	2	leaf	0.009030564	0.017617604	0.0	0.00161448	0.19080114	0.54789466	0.014757111	0.008859552	0.0008172736	0.008782916	0.077383935	0.117571965	0.0	0.0024569933	0.0024118184	0.0
ERR2269805	2	leaf	0.00061032793	0.004058216	0.0	0.00039175185	0.11394903	0.784274	0.0014761133	0.0017257204	0.00012431218	0.0013926222	0.049811684	0.04145026	0.0	0.0005544387	0.00018154972	0.0
ERR3728226	2	dental calculus	3.169374e-39	1.0	0.0	2.4514794e-31	1.8708978e-31	2.85082e-30	6.2301665e-32	7.766212e-30	5.140548e-29	2.4175242e-26	2.4235446e-27	4.819444e-34	0.0	1.7929275e-26	2.8080063e-15	0.0
ERR3728227	2	dental calculus	2.758e-42	1.0	0.0	3.636417e-34	2.9815927e-34	8.379419e-33	6.2437484e-35	3.2508487e-32	3.1240041e-31	6.6812394e-29	2.1273118e-29	5.4331646e-37	0.0	1.1866014e-28	3.7210875e-17	0.0
ERR3728228	2	dental calculus	0.0	1.0	0.0	1.9265013e-37	1.0350701e-37	4.8401496e-36	1.3841567e-38	2.8525508e-35	1.6687448e-34	2.954941e-32	2.2590944e-32	7.1012e-41	0.0	1.3740062e-31	4.1104978e-19	0.0
ERR3728238	2	dental calculus	0.06416902	0.19264163	0.0	0.0036196385	0.016363643	0.0032108265	0.08526403	0.016933965	0.0028758142	0.029880343	0.013426795	0.26401448	0.0	0.0040248046	0.303575	0.0
ERR3728239	2	dental calculus	1.4252947e-06	0.9208921	0.0	4.657886e-07	1.4961261e-06	6.3661093e-07	5.950918e-06	4.05159e-06	1.7367328e-06	1.04873725e-05	3.0601648e-05	1.2739981e-05	0.0	2.341539e-06	0.07903596	0.0
ERR3728240	2	dental calculus	0.11904427	0.1662764	0.0	0.0026922417	0.015459374	0.0026085554	0.07729146	0.012558015	0.003058598	0.044903148	0.010657072	0.12502283	0.0	0.0039883526	0.4164397	0.0
ERR3728241	2	dental calculus	0.11224537	0.21144764	0.0	0.0028403406	0.009024534	0.0013973052	0.04873965	0.008775839	0.0029953816	0.040437326	0.0069116373	0.15413347	0.0	0.0038907512	0.39716077	0.0
ERR3728245	2	dental calculus	0.0	1.0	0.0	4.10793e-40	1.25933e-40	1.3936206e-38	5.49e-42	6.6251205e-38	6.207949e-37	1.8582845e-35	6.865679e-35	6.7e-44	0.0	1.0144444e-33	9.269814e-18	0.0
ERR3728246	2	dental calculus	0.0	1.0	0.0	4.47e-43	7e-44	9.853e-42	6e-45	9.2336e-41	1.272847e-39	3.250519e-38	9.715142e-38	0.0	0.0	1.5186834e-36	2.0559248e-20	0.0
ERR3728247	2	dental calculus	0.0	1.0	0.0	5.6442477e-37	1.0630741e-37	8.144413e-36	1.0120867e-38	4.018554e-35	3.609444e-34	3.751604e-32	8.6381665e-33	1.52784e-40	0.0	1.9063403e-31	6.6851433e-17	0.0
ERR3728248	2	dental calculus	0.0	1.0	0.0	4.7206e-41	2.62e-42	7.21442e-40	4.93e-43	9.503343e-39	8.2531665e-38	3.0331238e-36	8.853596e-36	4e-45	0.0	1.2669511e-34	3.115193e-19	0.0
ERR3728249	2	dental calculus	0.0	1.0	0.0	3.62e-43	4.9e-44	9.319e-42	1e-45	5.0206e-41	8.93661e-40	3.5109382e-38	8.7478994e-38	0.0	0.0	1.4103096e-36	3.313247e-20	0.0
ERR3728250	2	dental calculus	0.0	1.0	0.0	3.578e-42	4.61e-43	1.18614e-40	1.35e-43	1.619433e-39	8.754902e-39	6.261492e-38	7.5852475e-36	0.0	0.0	2.4393055e-35	6.677886e-19	0.0
ERR3728251	2	dental calculus	0.0	1.0	0.0	3e-45	0.0	9.1e-44	0.0	2.105e-42	1.5563e-41	1.08587e-40	7.814928e-39	0.0	0.0	6.110594e-38	4.008064e-21	0.0
ERR3728252	2	dental calculus	0.0	1.0	0.0	7.705683e-39	1.15264e-39	1.5838928e-37	3.99222e-40	1.9749164e-36	8.438673e-36	1.0774267e-34	4.0705492e-33	4.88e-43	0.0	2.559202e-32	8.645058e-17	0.0
ERR3728254	2	dental calculus	3.186663e-39	1.0	0.0	2.7144142e-31	2.6052302e-32	6.938505e-31	3.597604e-32	2.3570068e-29	1.3010088e-28	2.555504e-27	1.1178407e-25	3.677555e-35	0.0	1.8355758e-25	3.4181867e-12	0.0
ERR3728255	2	dental calculus	1.728364e-39	1.0	0.0	7.886138e-32	9.6603184e-33	2.4668064e-31	1.438237e-32	8.499296e-30	6.344138e-29	1.5854332e-27	1.7691446e-26	9.322809e-36	0.0	6.5324875e-26	8.3077073e-13	0.0
ERR3728256	2	dental calculus	2.2e-44	1.0	0.0	5.5785765e-35	3.101299e-36	9.680258e-35	2.0719752e-36	3.501249e-33	5.382115e-32	4.7238007e-31	6.977219e-30	1.563695e-39	0.0	1.0420932e-28	6.440898e-14	0.0
ERR3728257	2	dental calculus	3.7956232e-38	1.0	0.0	2.5292076e-30	1.7104515e-31	3.249567e-30	2.0559335e-31	1.1475815e-28	9.676218e-28	1.733616e-26	3.4701577e-25	4.9921817e-34	0.0	8.493114e-25	5.1923734e-12	0.0
ERR4373119	2	dental calculus	0.0065128496	0.14361444	0.0	0.012877222	0.0077710557	0.00096277014	8.038643e-05	0.0005013487	0.0004685074	0.055985115	0.00020545757	0.012615797	0.0	0.0016710057	0.756734	0.0
ERR4373134	2	dental calculus	0.06156139	0.44414526	0.0	0.005317724	0.003156082	0.0010780356	0.020710034	0.014110955	0.0028721683	0.1278657	0.045788556	0.0636238	0.0	0.002607735	0.20716257	0.0
ERR4373146	2	dental calculus	6.158272e-07	0.99493223	0.0	9.751582e-07	2.0691507e-06	2.3554799e-06	5.165829e-06	1.3913035e-06	1.1957967e-06	0.00012917447	1.306783e-05	5.408599e-06	0.0	2.0906173e-06	0.0049042697	0.0
ERR4373153	2	dental calculus	0.013950341	0.28520873	0.0	0.004070037	0.016278861	0.01187898	0.021275349	0.00281821	0.0035578904	0.38295427	0.062174547	0.08309014	0.0	0.00307002	0.10967262	0.0
ERR4373159	2	dental calculus	0.005505337	0.27051255	0.0	0.0028488631	0.0058890367	0.0075145783	0.020912046	0.0027020369	0.002908558	0.45835474	0.048476815	0.10052109	0.0	0.0035734267	0.07028092	0.0
ERR4373979	2	dental calculus	7.2252783e-32	1.0	0.0	7.0554686e-24	1.692857e-25	1.7223107e-24	2.313463e-26	2.9647742e-24	6.7908946e-23	4.672881e-21	3.0882612e-22	2.9352786e-27	0.0	5.33883e-21	2.6730528e-12	0.0
ERR4373995	2	bone	0.10166469	0.16819565	0.0	0.007332379	0.20000668	0.02524069	0.09311622	0.008888387	0.0026757093	0.10318626	0.024778051	0.18922609	0.0	0.0036088408	0.07208036	0.0
ERR4373996	2	tooth	0.0070663174	0.36942312	0.0	0.0083676865	0.023638573	0.0027768204	0.13656418	0.0028318583	0.0068959943	0.28388932	0.012346033	0.039281305	0.0	0.0026307607	0.104288034	0.0
ERR4373997	2	bone	0.006781815	0.04586339	0.0	0.019841928	0.002425976	1.7737982e-05	0.00035071917	0.0006051223	0.0007209288	0.0389326	6.7828128e-06	0.011294007	0.0	0.0012354965	0.8719235	0.0
ERR4373998	2	bone	0.3034191	0.049437135	0.0	0.0029597534	0.07433454	0.0075849355	0.18478529	0.009104059	0.003396812	0.044633448	0.0066480977	0.22594547	0.0	0.002305496	0.08544585	0.0
ERR4373999	2	tooth	0.0070663174	0.36942312	0.0	0.0083676865	0.023638573	0.0027768204	0.13656418	0.0028318583	0.0068959943	0.28388932	0.012346033	0.039281305	0.0	0.0026307607	0.104288034	0.0
ERR4374000	2	bone	0.10166469	0.16819565	0.0	0.007332379	0.20000668	0.02524069	0.09311622	0.008888387	0.0026757093	0.10318626	0.024778051	0.18922609	0.0	0.0036088408	0.07208036	0.0
ERR4374001	2	bone	0.006781815	0.04586339	0.0	0.019841928	0.002425976	1.7737982e-05	0.00035071917	0.0006051223	0.0007209288	0.0389326	6.7828128e-06	0.011294007	0.0	0.0012354965	0.8719235	0.0
ERR4374002	2	bone	0.0175606	0.24041913	0.0	0.0031803828	0.014092586	0.004115625	0.033434797	0.0024439802	0.0038086257	0.32475403	0.019862238	0.08273031	0.0	0.002337734	0.25125995	0.0
ERR4374003	2	bone	0.3034191	0.049437135	0.0	0.0029597534	0.07433454	0.0075849355	0.18478529	0.009104059	0.003396812	0.044633448	0.0066480977	0.22594547	0.0	0.002305496	0.08544585	0.0
ERR4374004	2	bone	0.0033394182	0.20241901	0.0	0.0049402313	0.009358513	0.014016526	0.018578425	0.0017496602	0.0034891036	0.56525844	0.041642606	0.08762749	0.0	0.0058385036	0.04174208	0.0
ERR4374005	2	bone	0.10228611	0.041354902	0.0	0.0037095028	0.06120157	0.005527108	0.09099446	0.007263488	0.01136586	0.07455538	0.0059001776	0.33974403	0.0	0.0049491213	0.25114828	0.0
ERR4374006	2	tooth	0.012132198	0.17140524	0.0	0.0024540361	0.00604468	0.0034432095	0.02603604	0.002096771	0.0035366982	0.5521333	0.009185289	0.0943307	0.0	0.0026389253	0.11456286	0.0
ERR4374007	2	tooth	0.009773006	0.13991663	0.0	0.002168972	0.0074710464	0.0028160033	0.017296832	0.0014068434	0.0024364188	0.6311697	0.010235343	0.0928873	0.0	0.0022410925	0.08018082	0.0
ERR4374008	2	bone	0.061029747	0.070679404	0.0	0.0059231	0.04038631	0.009310853	0.097975	0.007437842	0.008559131	0.24925032	0.008366437	0.23372473	0.0	0.009307126	0.19805	0.0
ERR4374009	2	tooth	0.010979648	0.3432012	0.0	0.0023086488	0.009583181	0.002765606	0.019578882	0.001384225	0.0034471794	0.27831915	0.011689783	0.049162578	0.0	0.0015304022	0.26604953	0.0
ERR4374010	2	tooth	0.008887379	0.2775152	0.0	0.0040284363	0.010431861	0.0014511801	0.008269001	0.0011607191	0.0024119648	0.23657581	0.006727255	0.05740671	0.0	0.0022453808	0.3828891	0.0
ERR4374011	2	unknown	0.02797988	0.14314887	0.0	0.0034381975	0.012115004	0.0046395864	0.041654713	0.0023700404	0.0036347173	0.47780886	0.010683133	0.15544681	0.0	0.0030210067	0.11405918	0.0
ERR4374012	2	tooth	0.06475802	0.029145578	0.0	0.0048648627	0.03906853	0.004058232	0.06060875	0.006684471	0.011314283	0.14095567	0.0017985466	0.30598608	0.0	0.008481419	0.32227558	0.0
ERR4374013	2	tooth	0.018924043	0.21011885	0.0	0.003499735	0.010593943	0.0023784605	0.014127092	0.0021348456	0.0026137598	0.15185855	0.004809432	0.034651697	0.0	0.0020913025	0.5421983	0.0
ERR4374014	2	tooth	0.04849306	0.30257136	0.0	0.0042403927	0.011526353	0.0029282612	0.0204914	0.0015099565	0.004581363	0.2843404	0.010497698	0.037532598	0.0	0.0022292647	0.2690579	0.0
ERR4374015	2	bone	0.051518075	0.044723038	0.0	0.010140894	0.008666368	0.0011132853	0.0068772696	0.0015725954	0.005151174	0.08476088	0.00043613143	0.060278617	0.0	0.0033647371	0.7213969	0.0
ERR4374016	2	bone	0.025892481	0.28479373	0.0	0.003032552	0.013216672	0.0045517264	0.0467483	0.0025006311	0.003887305	0.3456355	0.02418935	0.06829898	0.0	0.001750676	0.17550209	0.0
ERR4374017	2	unknown	0.13597925	0.03890556	0.0	0.0029954189	0.06689615	0.0068240333	0.12710263	0.008002315	0.011923812	0.081742354	0.008722728	0.32448334	0.0	0.004625651	0.18179677	0.0
ERR4374018	2	tooth	0.011829694	0.17646237	0.0	0.0024319699	0.005968746	0.0022393803	0.022080114	0.001336155	0.0032824806	0.5599967	0.008395751	0.0971757	0.0	0.00236843	0.106432505	0.0
ERR4374019	2	bone	0.09009271	0.1706799	0.0	0.00856893	0.03618342	0.0056719035	0.059653047	0.0038276596	0.008592117	0.20555753	0.0065343375	0.12661868	0.0	0.0048257234	0.27319404	0.0
ERR4374020	2	bone	0.0416874	0.07324439	0.0	0.015536519	0.07461379	0.0039134114	0.01947536	0.005123333	0.013287735	0.23580512	0.007503924	0.16376035	0.0	0.016287455	0.3297612	0.0
ERR4374021	2	unknown	0.058655236	0.029923351	0.0	0.002535502	0.03587017	0.0051390803	0.089691184	0.006209128	0.010678266	0.19487707	0.005311798	0.4079704	0.0	0.006290266	0.14684856	0.0
ERR4374022	2	tooth	0.024506696	0.20063403	0.0	0.0030902708	0.013619735	0.004546249	0.038048405	0.0025107914	0.005076138	0.40834296	0.018150503	0.11832762	0.0	0.002450884	0.1606957	0.0
ERR4374023	2	tooth	0.013186778	0.15017788	0.0	0.019035045	0.008469349	0.00035475512	0.0015572181	0.001403868	0.004296623	0.13566008	0.00023984369	0.060087554	0.0	0.005397062	0.60013396	0.0
ERR4374024	2	tooth	0.01527709	0.14479472	0.0	0.0021721125	0.007450964	0.0023774889	0.016038286	0.0012953421	0.0044942014	0.4189635	0.0045937863	0.11310096	0.0	0.0040493417	0.2653922	0.0
ERR4374025	2	bone	0.035814423	0.26187995	0.0	0.0039048693	0.015082982	0.0051976554	0.04617247	0.003023061	0.0035663312	0.35367492	0.02434723	0.077600405	0.0	0.0024194978	0.1673162	0.0
ERR4374026	2	bone	0.011032882	0.17239603	0.0	0.008747899	0.018270273	0.0011968525	0.0026021297	0.0010265927	0.001779771	0.17106615	0.0013526686	0.018871082	0.0	0.0017766735	0.589881	0.0
ERR4374027	2	tooth	0.010044068	0.18488891	0.0	0.003568896	0.013301739	0.0047106254	0.02157197	0.002249346	0.0028082398	0.5350471	0.0274206	0.108174376	0.0	0.0041406592	0.08207347	0.0
ERR4374028	2	tooth	0.023962017	0.2733534	0.0	0.0034873646	0.014843396	0.0034161024	0.028287752	0.0019170596	0.0049199187	0.33153036	0.022709986	0.069612294	0.0	0.0024520278	0.2195083	0.0
ERR4374029	2	bone	0.004296149	0.20435795	0.0	0.005200304	0.043487925	0.07371914	0.008650042	0.0044766287	0.0022520043	0.22195935	0.35790452	0.045509767	0.0	0.0072394367	0.020946782	0.0
ERR4374030	2	bone	0.011221715	0.13267526	0.0	0.008779528	0.015077178	0.003780035	0.0124915475	0.0043296646	0.0055900523	0.5070876	0.012610627	0.12412179	0.0	0.008341483	0.1538935	0.0
ERR4374031	2	tooth	0.013477778	0.14370655	0.0	0.002197528	0.0068310834	0.0032566648	0.024904324	0.0015959431	0.0031209702	0.5597958	0.009752142	0.11732281	0.0	0.0028041503	0.11123427	0.0
ERR4374032	2	bone	0.010659881	0.21797416	0.0	0.0030478945	0.008549995	0.003523113	0.02313441	0.0028625058	0.004166839	0.49829775	0.024801826	0.0662318	0.0	0.002433358	0.13431647	0.0
ERR4374033	2	bone	0.014126347	0.21100958	0.0	0.0044641593	0.011122899	0.0037688669	0.02237702	0.0023785247	0.004134688	0.56421375	0.021634044	0.047083005	0.0	0.0029582514	0.09072884	0.0
ERR4374034	2	bone	0.002660407	0.22144088	0.0	0.017707799	0.009000236	0.0026513792	0.0017510358	0.0010429787	0.0017389533	0.19226012	0.004916138	0.013275668	0.0	0.0062157046	0.5253387	0.0
ERR4374035	2	unknown	0.024699736	0.27737427	0.0	0.003613762	0.013993753	0.0047778264	0.047512595	0.0022494637	0.004041872	0.36304	0.023257164	0.08419013	0.0	0.0020283568	0.14922105	0.0
ERR4374036	2	bone	0.1166556	0.053615324	0.0	0.0033353572	0.05425922	0.00702509	0.11733788	0.007253815	0.013133274	0.14904384	0.0071223374	0.23480439	0.0	0.006249628	0.23016423	0.0
ERR4374037	2	bone	0.0052340883	0.22434206	0.0	0.01641709	0.004119855	0.00050938	0.0022730294	0.0011305269	0.0046236566	0.32466507	0.003444849	0.03786357	0.0	0.002915147	0.37246165	0.0
ERR4374038	2	bone	0.04431836	0.276745	0.0	0.005184738	0.017641904	0.005719432	0.03729565	0.002744284	0.0028661785	0.35705602	0.019822309	0.06617511	0.0	0.0021745057	0.16225652	0.0
ERR4374039	2	bone	0.05466384	0.1557808	0.0	0.010866812	0.01411806	0.006874985	0.07780039	0.008047675	0.015228461	0.24124534	0.01148301	0.21266201	0.0	0.006216429	0.18501218	0.0
ERR4374040	2	bone	0.009709245	0.117429815	0.0	0.0026786826	0.0036074568	0.0006648155	0.0052134492	0.00064190675	0.002713583	0.34187734	0.0008750737	0.025759999	0.0	0.0020352898	0.48679334	0.0
ERR4374041	2	bone	0.081227615	0.10929145	0.0	0.0068426174	0.029120462	0.0041252733	0.07274942	0.0064988304	0.012319722	0.12661517	0.0044425502	0.17878212	0.0	0.005930047	0.36205474	0.0
ERR4374042	2	tooth	0.019776791	0.24163829	0.0	0.0029942493	0.012502727	0.0038555777	0.030690726	0.0021325406	0.0039769206	0.39929628	0.016139813	0.096155174	0.0	0.001992193	0.16884871	0.0
ERR4374043	2	bone	0.0061762524	0.20141168	0.0	0.009233162	0.010943876	0.007084075	0.0048869294	0.0026820155	0.0037787058	0.5301366	0.013916358	0.046693306	0.0	0.007115765	0.15594131	0.0
ERR4374044	2	tooth	0.023167597	0.20379035	0.0	0.003426062	0.011590612	0.0039540953	0.027260218	0.002105058	0.004909728	0.42838755	0.020640824	0.12996444	0.0	0.0023454002	0.13845807	0.0
ERR4374045	2	tooth	0.08205177	0.038630303	0.0	0.0029168592	0.03447413	0.0055765235	0.09316056	0.0056301574	0.010418545	0.16028172	0.005436852	0.35401165	0.0	0.0072380323	0.2001729	0.0
ERR4374046	2	unknown	0.080419056	0.033478614	0.0	0.002565007	0.038664244	0.006731417	0.11858953	0.0063003134	0.011467611	0.15647909	0.0061556874	0.40249854	0.0	0.0071648783	0.12948601	0.0
ERR4374047	2	bone	0.041289322	0.19496313	0.0	0.011607532	0.012176752	0.0021475973	0.008122039	0.003858409	0.002333931	0.20364244	0.005153025	0.04060351	0.0	0.0038555565	0.47024676	0.0
ERR4374048	2	tooth	0.053456992	0.11825914	0.0	0.004665231	0.028835606	0.0074276035	0.071506865	0.0068393648	0.010195965	0.24410242	0.015252014	0.24403726	0.0	0.0043481723	0.19107336	0.0
ERR4374049	2	tooth	0.011962295	0.21897475	0.0	0.0026779154	0.0062902234	0.0031755865	0.034489382	0.002219772	0.0026416832	0.50038046	0.0077332174	0.08567897	0.0	0.0034004971	0.12037525	0.0
ERR4374050	2	tooth	0.0118207075	0.17551808	0.0	0.0021684472	0.0066833296	0.002120208	0.024485579	0.0014368137	0.0030077656	0.51669407	0.01011298	0.09675206	0.0	0.0021283359	0.1470716	0.0
ERR4374051	2	tooth	0.012181052	0.13848305	0.0	0.0021534727	0.0073716133	0.0034379913	0.023044406	0.001788401	0.0035238923	0.5425788	0.010584593	0.14759073	0.0	0.0025364598	0.10472551	0.0
ERR4374052	2	bone	0.030586025	0.12898445	0.0	0.0070809955	0.003384797	0.00030913737	0.0023615889	0.0007519143	0.001947782	0.10512128	0.0005091914	0.009742695	0.0	0.0008465022	0.70837367	0.0
ERR4374053	2	tooth	0.018856036	0.7482538	0.0	0.008471717	0.00063605775	1.3543768e-05	6.0095816e-05	0.00023172094	7.010802e-05	0.0108930655	2.2520335e-06	0.00050971494	0.0	0.00033057603	0.2116713	0.0
ERR4374055	2	bone	0.023236308	0.26980186	0.0	0.0035677105	0.016046787	0.0052713854	0.0361996	0.0023210102	0.0037872456	0.40303326	0.030519102	0.065714926	0.0	0.0020530934	0.1384477	0.0
ERR4374588	2	bone	0.034194876	0.26927742	0.0	0.0037682634	0.011180176	0.0041365223	0.028768672	0.0028206082	0.005197523	0.3732778	0.019492846	0.102503255	0.0	0.0018621762	0.14351985	0.0
ERR4374589	2	tooth	0.017253628	0.17945799	0.0	0.0023444288	0.0073654708	0.0030350864	0.025773095	0.0016983021	0.003651077	0.5110986	0.011682363	0.11315499	0.0	0.0022647716	0.121220194	0.0
ERR4374838	2	tooth	0.0033292188	0.70358133	0.0	0.0016300444	0.00083665183	7.2559706e-05	0.0005278459	0.00020490646	0.00031122635	0.05784666	0.0001596681	0.0024508222	0.0	0.0008517471	0.2281973	0.0
ERR4374839	2	bone	0.0079130065	0.26452824	0.0	0.0059630936	0.018327806	0.015257813	0.019938182	0.0030767089	0.0045475494	0.45269716	0.10234909	0.04788829	0.0	0.004075612	0.053437456	0.0
ERR4374851	2	bone	0.013979933	0.06628351	0.0	0.006972973	0.07699906	0.011669206	0.066028826	0.0047645234	0.00898276	0.38405088	0.07554761	0.1981625	0.0	0.015401992	0.07115623	0.0
ERR4374857	2	unknown	0.025017455	0.26909518	0.0	0.0035153513	0.016491216	0.004485525	0.038877927	0.0025634423	0.0039840206	0.39511496	0.029173022	0.07903522	0.0	0.0020441588	0.13060254	0.0
ERR4374858	2	tooth	0.016358823	0.09304419	0.0	0.0052201427	0.034342222	0.0024952001	0.016959958	0.0053624446	0.010992729	0.18574005	0.003948281	0.09389494	0.0	0.011366293	0.5202747	0.0
ERR4374859	2	bone	0.0051261466	0.11232203	0.0	0.013204917	0.014640074	0.0010672307	0.0006135031	0.0009590078	0.0024050754	0.22743395	0.0014763715	0.01121441	0.0	0.0050931014	0.6044442	0.0
ERR4374860	2	tooth	0.013818206	0.15349044	0.0	0.002162923	0.0076615834	0.0031672246	0.01973724	0.001808813	0.0033534528	0.55099744	0.00915533	0.13981384	0.0	0.0026614012	0.09217212	0.0
ERR4374861	2	bone	0.015897654	0.22954363	0.0	0.0028112198	0.0070153824	0.0021560339	0.032273397	0.0016066328	0.0020013954	0.5068379	0.0055990317	0.05644758	0.0	0.0020083168	0.13580187	0.0
ERR4374862	2	bone	0.020903505	0.22569513	0.0	0.021089252	0.02315944	0.007251011	0.0064958404	0.0023038844	0.004376596	0.2394724	0.016435988	0.069860734	0.0	0.008591279	0.35436493	0.0
ERR4374863	2	tooth	0.011002532	0.14443569	0.0	0.0020593444	0.0065418594	0.0030575488	0.020271733	0.0014663248	0.002657505	0.58579177	0.009485423	0.115059	0.0	0.0022376343	0.095933616	0.0
ERR4374864	2	tooth	0.026648732	0.18276541	0.0	0.0023831015	0.0077958438	0.0033803657	0.039158594	0.002920854	0.0021003436	0.45092282	0.013346217	0.13993587	0.0	0.00210395	0.1265379	0.0
ERR4374865	2	tooth	0.009552631	0.12391122	0.0	0.0021849717	0.008299299	0.0034030003	0.019199926	0.0018480599	0.003041465	0.5915189	0.010053166	0.12903613	0.0	0.0026965505	0.095254734	0.0
ERR4374866	2	tooth	0.008708621	0.17672503	0.0	0.0022593841	0.006424476	0.0029815165	0.02654485	0.0017737846	0.0022165328	0.5655173	0.008969259	0.10359278	0.0	0.0019801508	0.09230629	0.0
ERR4374867	2	tooth	0.010443303	0.16937606	0.0	0.002239634	0.0054161693	0.0029116985	0.024444532	0.001649565	0.0032351143	0.55667907	0.009423379	0.08794336	0.0	0.0030001153	0.123237975	0.0
ERR4374868	2	tooth	0.0088216765	0.19870065	0.0	0.0022705998	0.006134872	0.002084133	0.019662146	0.0019254779	0.0034279008	0.40980873	0.009210492	0.08260246	0.0	0.0024692204	0.25288162	0.0
ERR4374869	2	tooth	0.05887422	0.029851764	0.0	0.0024875738	0.035165478	0.0040819207	0.063584454	0.0056645437	0.01239853	0.1740899	0.006394405	0.49512365	0.0	0.007845486	0.1044381	0.0
ERR4374870	2	tooth	0.0092638945	0.1398591	0.0	0.003106232	0.008026892	0.0029950577	0.015250258	0.0019061362	0.0031299233	0.5436374	0.009904496	0.12069521	0.0	0.002725076	0.13950033	0.0
ERR4374871	2	tooth	0.010771563	0.17546596	0.0	0.002470193	0.006968785	0.0028587738	0.021137638	0.0018563039	0.0025529286	0.5662505	0.007988361	0.08849889	0.0	0.0021403967	0.111039676	0.0
ERR4374872	2	tooth	0.00825038	0.13423769	0.0	0.0016718348	0.0043352344	0.0021630006	0.015650379	0.001471858	0.0019199369	0.67967874	0.0075251446	0.06394765	0.0	0.0017583993	0.07738977	0.0
ERR4374873	2	tooth	0.013040923	0.15542111	0.0	0.0023063377	0.0070873643	0.0026623239	0.024211092	0.0012278345	0.002761111	0.5956286	0.009937082	0.08021088	0.0	0.002613416	0.10289191	0.0
ERR4374874	2	tooth	0.019246385	0.113988906	0.0	0.0031341615	0.010296459	0.0034131885	0.02963772	0.0026779925	0.0052105663	0.4268406	0.008131391	0.1722933	0.0	0.00405981	0.20106952	0.0
ERR4374875	2	tooth	0.014096511	0.18400678	0.0	0.0029695875	0.008818008	0.004009641	0.026830418	0.0022047951	0.0032612248	0.487713	0.012904561	0.10491246	0.0	0.0031687694	0.14510426	0.0
ERR4374912	2	bone	0.036970288	0.18881734	0.0	0.08550672	0.005007824	0.00011475246	0.00059926795	0.0019758674	0.005385541	0.19379951	0.00032089054	0.010000707	0.0	0.0042939894	0.46720728	0.0
ERR4374913	2	bone	0.016802795	0.28194124	0.0	0.0034375829	0.022957364	0.005410751	0.0291233	0.002474147	0.0044313027	0.39165166	0.062459998	0.048532322	0.0	0.0026175103	0.12816003	0.0
ERR4374914	2	tooth	0.07285095	0.026499351	0.0	0.0021733334	0.035227593	0.005380543	0.09223715	0.0060549374	0.009509463	0.11261289	0.004127434	0.4798712	0.0	0.0059125875	0.14754257	0.0
ERR4374915	2	bone	0.022573449	0.019538332	0.0	0.0049700253	0.00020602554	3.075857e-06	1.9585352e-05	4.9529415e-05	0.00014384396	0.020953309	4.552207e-07	0.0010655177	0.0	0.00016870465	0.93030816	0.0
ERR4374916	2	bone	0.0671897	0.08811974	0.0	0.004124203	0.031622447	0.0046386733	0.083824635	0.0055889804	0.0091895405	0.19487315	0.010508189	0.30165356	0.0	0.004885586	0.19378158	0.0
ERR4374917	2	tooth	0.012366606	0.16276576	0.0	0.0021583845	0.007010664	0.002931558	0.021873163	0.001448199	0.003193901	0.5518716	0.01040192	0.11027626	0.0	0.0023680534	0.111333914	0.0
ERR4374918	2	bone	0.018787263	0.27322796	0.0	0.0030927528	0.015123417	0.0037900482	0.03363292	0.0026012843	0.0033590319	0.37053683	0.021662528	0.09360167	0.0	0.0021175297	0.15846676	0.0
ERR4374919	2	tooth	0.02425296	0.43914372	0.0	0.0035068565	0.007991814	0.0019728614	0.007875405	0.00096827553	0.003543625	0.18735231	0.008464773	0.021897316	0.0	0.003410134	0.28961995	0.0
ERR4374920	2	tooth	0.009568299	0.17281869	0.0	0.0023081782	0.006061049	0.0028879105	0.01981041	0.0017978229	0.002867545	0.5451369	0.009203906	0.1417956	0.0	0.002362311	0.08338136	0.0
ERR4374921	2	tooth	0.035379324	0.29115966	0.0	0.016681291	0.015342892	0.0010411149	0.0024176713	0.001706288	0.0017513811	0.20881855	0.0026724844	0.020073282	0.0	0.0034854629	0.3994706	0.0
ERR4374922	2	tooth	0.0040781107	0.37905478	0.0	0.0015002089	0.0038626667	0.0016849241	0.009696658	0.00088251	0.0015872084	0.41795683	0.0053550643	0.057375893	0.0	0.0015991238	0.115366034	0.0
ERR4374923	2	bone	0.005550662	0.19745104	0.0	0.009188777	0.014922926	0.010342916	0.008515898	0.004615264	0.0029347984	0.50387245	0.07198028	0.11001851	0.0	0.010157802	0.050448675	0.0
ERR4374924	2	tooth	0.011320078	0.13884696	0.0	0.0021281561	0.007310747	0.003185314	0.023976838	0.0016488263	0.0034693081	0.5306836	0.010269925	0.14664754	0.0	0.0026821215	0.1178306	0.0
ERR4374925	2	tooth	0.00929715	0.14666072	0.0	0.0020344306	0.0061720894	0.0028362297	0.023326902	0.0013192967	0.0031598206	0.5536288	0.009884047	0.13798186	0.0	0.0024964018	0.10120226	0.0
ERR4374926	2	tooth	0.018271878	0.12690413	0.0	0.003607768	0.010514822	0.0038107233	0.035716534	0.0025486397	0.005184869	0.41733387	0.00965256	0.1908116	0.0	0.0036419912	0.1720006	0.0
ERR4374927	2	bone	0.0153514445	0.1528651	0.0	0.006817026	0.0042705513	0.00070924766	0.0011114209	0.00041332943	0.0023174523	0.26528543	0.0003685261	0.04170388	0.0	0.0024177183	0.5063689	0.0
ERR4374928	2	bone	0.007906121	0.109246984	0.0	0.00365438	0.013157743	0.006110872	0.02108903	0.0050940025	0.0051981355	0.61272025	0.04179717	0.12291883	0.0	0.006456975	0.044649485	0.0
ERR4374929	2	tooth	0.09906209	0.047699884	0.0	0.005080737	0.033094585	0.003887095	0.05635682	0.0044688885	0.014597625	0.10671166	0.0027435743	0.22424392	0.0	0.0066237864	0.3954293	0.0
ERR4374948	2	bone	0.046956036	0.03408079	0.0	0.0032386023	0.024003068	0.0068815206	0.071614824	0.009454984	0.014387707	0.15332887	0.006702247	0.39118725	0.0	0.008096253	0.23006785	0.0
ERR4374962	2	tooth	0.024591025	0.105830744	0.0	0.0039651287	0.0028696286	0.00056380534	0.0026040545	0.0011069967	0.002438228	0.22764494	0.0007543622	0.029840233	0.0	0.0019381988	0.5958527	0.0
ERR4374963	2	tooth	0.06919261	0.025253749	0.0	0.009729808	0.009990468	0.00027819106	0.0028996903	0.0011350568	0.0024468738	0.025379814	8.842586e-05	0.0336107	0.0	0.0017610715	0.81823355	0.0
ERR4375010	2	bone	0.097625	0.0542952	0.0	0.006394201	0.059914332	0.0060099554	0.06376318	0.010950161	0.014409883	0.16948393	0.003934577	0.2724546	0.0	0.006120876	0.2346441	0.0
ERR4375011	2	tooth	0.015943242	0.15345238	0.0	0.0028065827	0.007268076	0.0022986555	0.012613531	0.0014946439	0.004247261	0.5062722	0.0057160696	0.09848616	0.0	0.0028764005	0.18652481	0.0
ERR4375017	2	tooth	0.08137562	0.04362491	0.0	0.0028931096	0.034007706	0.0058771153	0.07176927	0.0066878404	0.011261566	0.14758497	0.0040197833	0.43098134	0.0	0.006783107	0.15313366	0.0
ERR4375025	2	bone	0.00180805	0.10684432	0.0	0.005212129	0.029302265	0.026944302	0.0038201949	0.0038784689	0.003702269	0.4737733	0.07951819	0.2178646	0.0	0.008038434	0.039293453	0.0
ERR4375032	2	tooth	0.008554651	0.14390491	0.0	0.0022644377	0.0052957274	0.0027091308	0.022228338	0.0014539983	0.002657825	0.5318891	0.009680486	0.16130163	0.0	0.0020754111	0.10598439	0.0
ERR4375036	2	bone	0.014510062	0.041064274	0.0	0.022099731	0.0007948718	8.451986e-06	9.5311785e-05	0.00012211349	0.00035857846	0.04274011	3.2791859e-06	0.0048941816	0.0	0.00048207052	0.872827	0.0
ERR4375039	2	tooth	0.070804596	0.24322146	0.0	0.007382231	0.008669207	0.00068679	0.0046807635	0.0012092884	0.0015871933	0.12923901	0.001825539	0.029307272	0.0	0.0011916674	0.50019497	0.0
ERR4375040	2	bone	0.025896613	0.27963233	0.0	0.0042912676	0.015961768	0.005813664	0.038620744	0.0024328262	0.0046199486	0.38160217	0.02461167	0.08550755	0.0	0.0020224142	0.12898704	0.0
ERR4375042	2	tooth	0.0027629999	0.184213	0.0	0.0016269139	0.00054531614	6.3554776e-06	2.6473821e-05	0.00013623688	0.00021263602	0.0014585037	4.6461625e-07	0.00042496945	0.0	0.00031116212	0.808275	0.0
ERR4375045	2	tooth	0.013108687	0.1604637	0.0	0.0024230282	0.0061206403	0.0029648936	0.0221468	0.0014764066	0.00311674	0.48408732	0.007973629	0.1255891	0.0	0.002715872	0.16781317	0.0
ERR4375046	2	bone	0.009244783	0.15874878	0.0	0.0032312854	0.015908146	0.007828096	0.0331029	0.0026425198	0.0036805773	0.5788807	0.049086906	0.081600584	0.0	0.0042382577	0.051806424	0.0
ERR4375047	2	bone	0.054848764	0.08817121	0.0	0.0044759735	0.05273209	0.008663721	0.09551134	0.014514164	0.0091615245	0.09459705	0.012059327	0.22855052	0.0	0.00592992	0.33078438	0.0
ERR4375048	2	tooth	0.012243423	0.15562898	0.0	0.0023782807	0.006699363	0.002676878	0.0198414	0.001279768	0.0034051922	0.5773146	0.009081153	0.09981727	0.0	0.0023018888	0.1073318	0.0
ERR4375049	2	tooth	0.024140084	0.16027579	0.0	0.003527937	0.020801937	0.009711287	0.036092903	0.007751294	0.007850097	0.42199558	0.018349007	0.20661034	0.0	0.011437716	0.07145602	0.0
ERR4375050	2	bone	0.029317928	0.26398686	0.0	0.0040774886	0.0126080625	0.0042152386	0.0361405	0.0021122645	0.0036960004	0.38115236	0.020536704	0.0835873	0.0	0.002018009	0.15655129	0.0
ERR4375132	2	tooth	0.10307414	0.032908153	0.0	0.00398672	0.048250604	0.0029895734	0.04342101	0.0050840904	0.011605501	0.060797725	0.001810378	0.16804633	0.0	0.004859547	0.51316625	0.0
ERR4375133	2	tooth	0.014511972	0.16934913	0.0	0.0023250012	0.0069981716	0.0033562153	0.029205287	0.0016080757	0.0034002222	0.5230759	0.011355402	0.11843666	0.0	0.0026731782	0.11370478	0.0
ERR4375134	2	bone	0.018669026	0.12118634	0.0	0.0030586119	0.012266529	0.004500253	0.021518586	0.002889497	0.0044325218	0.5828622	0.010221851	0.10153226	0.0	0.0039022134	0.112960115	0.0
ERR4375135	2	bone	0.014160448	0.30128053	0.0	0.003220515	0.018547196	0.0029914887	0.027407797	0.002265317	0.0038951288	0.39714038	0.018158302	0.0809275	0.0	0.0023108127	0.12769456	0.0
ERR4375136	2	bone	0.011720187	0.31018168	0.0	0.0028489365	0.007666423	0.0025314956	0.011844467	0.0017944888	0.0021872146	0.33509478	0.008671302	0.09038885	0.0	0.0022617776	0.2128084	0.0
ERR4375137	2	tooth	0.031717762	0.23918462	0.0	0.00436826	0.0077801254	0.002512009	0.0200655	0.001296328	0.0017281156	0.41690642	0.005642254	0.0748046	0.0	0.0022126928	0.19178134	0.0
ERR4375141	2	tooth	0.061408825	0.07199927	0.0	0.0033200984	0.023560654	0.0044838605	0.05272678	0.004049598	0.0066186623	0.3081738	0.005950153	0.2681393	0.0	0.004534088	0.1850349	0.0
ERR4375142	2	tooth	0.014494455	0.19301568	0.0	0.002745275	0.008505817	0.0031260303	0.023997365	0.0016121755	0.0022890288	0.52147025	0.009433267	0.11698315	0.0	0.0021038356	0.10022366	0.0
ERR4375143	2	tooth	0.014061092	0.16823323	0.0	0.0034781261	0.0058546774	0.0019216377	0.012359894	0.0015618801	0.0029696228	0.40005085	0.0033811575	0.07682443	0.0	0.002358561	0.30694485	0.0
ERR4375144	2	bone	0.06685788	0.019387167	0.0	0.0037097854	0.008566222	0.001706772	0.047648814	0.006393176	0.014421961	0.11866585	0.0061378586	0.5439294	0.0	0.008126623	0.15444851	0.0
ERR4383828	2	bone	0.019808216	0.021831598	0.0	0.0056451256	0.009698202	0.0014089682	0.04385804	0.0077835256	0.01440576	0.11089809	0.0021238504	0.42869332	0.0	0.006561252	0.32728404	0.0
ERR4383829	2	bone	0.019809598	0.023009075	0.0	0.0035653166	0.011098729	0.0019534405	0.04215888	0.006018667	0.011954714	0.13037306	0.0026109167	0.44319233	0.0	0.005613302	0.29864198	0.0
ERR4384927	2	bone	0.051338308	0.047217183	0.0	0.00394547	0.041849066	0.006916345	0.10025661	0.0070455633	0.011073375	0.16849534	0.005176555	0.3492202	0.0	0.008372946	0.19909303	0.0
ERR4385800	2	bone	0.035541046	0.07605571	0.0	0.008143314	0.03728753	0.003969572	0.08128413	0.0055352696	0.0064195576	0.27281666	0.004982145	0.19161898	0.0	0.0078183	0.2685278	0.0
ERR4385809	2	bone	0.025732221	0.12879004	0.0	0.014261022	0.016568597	0.0015723286	0.022641376	0.0028945494	0.005387715	0.2634457	0.0032797386	0.085128345	0.0	0.009155815	0.42114255	0.0
ERR4386464	2	dental calculus	0.0	1.0	0.0	9.2241545e-36	1.651436e-39	3.4883305e-37	2.1354e-41	1.2931039e-36	5.38634e-35	1.32512505e-33	1.9715042e-33	2.73e-43	0.0	1.8872242e-31	6.940902e-18	0.0
ERR4386569	2	bone	0.002481983	0.26004204	0.0	0.12019335	0.011824436	0.0031206864	0.001138768	0.0040584607	0.005008364	0.3890594	0.004611694	0.032440003	0.0	0.030959666	0.13506114	0.0
ERR4386594	2	unknown	0.012758561	0.15767547	0.0	0.0026781147	0.0076492904	0.0028477623	0.024354856	0.0023852256	0.0033958931	0.62057793	0.00790113	0.0745011	0.0	0.0024358996	0.08083877	0.0
ERR4388102	2	unknown	0.037137	0.15223514	0.0	0.0034615465	0.01638006	0.0049397647	0.04326177	0.0028889477	0.0033283103	0.44441608	0.009685202	0.18257219	0.0	0.003237228	0.09645677	0.0
ERR4388107	2	unknown	0.0378995	0.13426255	0.0	0.0032739479	0.016817324	0.005733252	0.055735726	0.003297048	0.0039045766	0.395116	0.010033718	0.22217341	0.0	0.0036895885	0.108063355	0.0
ERR4388231	2	unknown	0.0051993653	0.15674445	0.0	0.0030786272	0.008234083	0.0014767529	0.037583236	0.0013819288	0.0040793433	0.632106	0.0064120684	0.05859124	0.0	0.0041214237	0.0809915	0.0
ERR4388236	2	unknown	0.0051264795	0.09293719	0.0	0.0045521194	0.0061453036	0.0010652117	0.019733006	0.00124674	0.0055318996	0.6693598	0.006462125	0.10863528	0.0	0.005165961	0.07403887	0.0
ERR4391165	2	dental calculus	4.6023624e-15	0.9999905	0.0	1.360813e-10	2.6388404e-11	5.4922115e-11	6.4245033e-12	2.4194112e-11	3.0747543e-10	1.0085862e-08	3.015783e-08	1.24816876e-11	0.0	5.400549e-09	9.441182e-06	0.0
ERR4391166	2	dental calculus	8.9930615e-15	0.99999267	0.0	9.272604e-11	4.5256195e-11	1.3798601e-10	3.8725806e-12	2.5990534e-11	2.1822211e-10	1.1003039e-08	2.3650962e-08	1.0375161e-11	0.0	3.3562395e-09	7.3226206e-06	0.0
ERR4408185	2	tooth	0.016987506	0.25618893	0.0	0.0031444738	0.009323975	0.0021483188	0.041052524	0.0019977044	0.003392788	0.40032443	0.008057702	0.05849856	0.0	0.0021596763	0.1967234	0.0
ERR4408187	2	bone	0.009127428	0.23847991	0.0	0.0022274295	0.005828798	0.0023584263	0.025886582	0.0013263588	0.0022316773	0.35260367	0.009690051	0.063114256	0.0	0.001845023	0.28528038	0.0
ERR4408188	2	tooth	0.15823166	0.041558437	0.0	0.0048825387	0.036669377	0.0065671825	0.071570314	0.010685624	0.01465965	0.08012446	0.0040958263	0.30500534	0.0	0.0066879727	0.2592616	0.0
ERR4413529	2	dental calculus	0.0	1.0	0.0	1.4562525e-36	2.222656e-39	7.065779e-38	1.0555e-41	5.06579e-37	2.257055e-35	4.0343577e-34	5.58896e-34	3.1e-44	0.0	4.6097064e-32	3.3180127e-18	0.0
ERR567364	2	sediment	0.043732427	0.017592706	0.0	0.0033305841	0.39640483	0.00042861328	0.27491027	0.02357954	0.0037945402	0.012022062	0.0003404009	0.16105554	0.0	0.010016702	0.052791793	0.0
ERR567366	2	sediment	9.66994e-05	0.000556569	0.0	7.4316435e-05	0.0030525809	8.291437e-06	0.9745675	0.0011762966	0.000210262	0.0005769459	3.6840414e-05	0.018009583	0.0	0.00095220376	0.0006819099	0.0
ERR5729614	2	dental calculus	0.0	1.0	0.0	2.243e-42	1.7e-43	1.40035e-40	3.8e-44	2.50202e-40	4.257115e-39	1.7561619e-37	5.0431244e-36	0.0	0.0	1.2142168e-35	1.0729595e-20	0.0
ERR5729615	2	dental calculus	1.1557e-41	1.0	0.0	1.3475879e-34	8.46332e-35	2.0760762e-33	1.10705065e-35	4.1995913e-33	6.9145117e-32	1.3603635e-29	1.887603e-29	1.2174279e-36	0.0	2.6626e-29	5.7322975e-22	0.0
ERR5729616	2	dental calculus	0.0	1.0	0.0	5.813822e-39	2.35782e-39	3.0836343e-38	4.3887e-41	6.8372877e-37	4.3718977e-36	4.887824e-34	3.7578304e-35	3.05e-43	0.0	1.3192648e-32	1.6151748e-18	0.0
ERR5729617	2	dental calculus	0.0	1.0	0.0	8.1111096e-38	2.0977615e-38	9.616695e-37	4.265561e-39	4.3911594e-36	4.0075096e-35	1.0779964e-32	6.577394e-33	6.99e-41	0.0	7.7459524e-32	3.4809702e-23	0.0
ERR5729618	2	dental calculus	4.624e-42	1.0	0.0	1.04234074e-32	4.970274e-34	4.704204e-33	6.569249e-36	5.0011003e-31	2.1147847e-30	6.1209594e-31	6.2564277e-28	1.6110127e-36	0.0	1.1194405e-27	3.5217504e-15	0.0
ERR5729619	2	dental calculus	3.0012415e-16	1.0	0.0	3.0079623e-13	1.5203995e-15	7.308012e-17	2.435186e-15	1.6704811e-14	4.7159637e-14	5.019708e-13	1.3161777e-13	8.376572e-17	0.0	4.1669238e-12	4.9072812e-09	0.0
ERR5729620	2	dental calculus	1.1971992e-37	1.0	0.0	3.5390268e-30	4.769062e-31	1.9149427e-29	9.027014e-32	4.0967452e-29	7.963329e-28	8.486096e-27	2.2154986e-25	6.487971e-33	0.0	5.60037e-26	2.7613731e-15	0.0
ERR5729621	2	dental calculus	2.4822435e-37	1.0	0.0	1.9599727e-28	3.198205e-31	2.202366e-29	5.4646203e-31	1.9710221e-28	1.6400554e-26	1.8846474e-25	2.867806e-23	5.7325004e-32	0.0	5.425006e-25	1.8426686e-16	0.0
ERR5729622	2	dental calculus	0.0	1.0	0.0	4.9588287e-38	2.508784e-39	9.651364e-37	1.564519e-39	2.170348e-36	3.3507096e-35	1.5644403e-34	4.6357483e-32	6.9238e-41	0.0	5.957671e-33	4.324592e-21	0.0
ERR5729623	2	dental calculus	9.362748e-24	1.0	0.0	1.02428596e-20	8.991415e-22	2.7700288e-21	1.6279099e-21	8.63014e-20	1.7387906e-19	3.9643746e-17	2.28881e-16	2.3830698e-22	0.0	7.6127364e-17	1.4206796e-13	0.0
ERR5729624	2	dental calculus	5.3630384e-20	1.0	0.0	8.5814786e-18	5.7218203e-19	1.0302277e-17	1.4950272e-18	3.0042035e-17	1.4028501e-16	4.3515518e-16	4.7661967e-13	7.4697713e-19	0.0	1.015076e-15	1.5173812e-09	0.0
ERR5729625	2	dental calculus	0.0	1.0	0.0	5.69038e-40	3.4929e-41	2.5723933e-38	8.04e-42	4.3074536e-38	5.6131994e-37	4.6579174e-37	1.865977e-33	2e-44	0.0	8.92597e-34	7.7238625e-17	0.0
ERR5729626	2	dental calculus	0.0	1.0	0.0	0.0	0.0	7e-45	0.0	4.3e-44	2.301e-42	3.117e-41	5.02821e-40	0.0	0.0	8.900867e-39	7.032038e-23	0.0
ERR5729627	2	dental calculus	0.0	1.0	0.0	1.8838001e-38	5.610953e-39	1.707039e-36	2.6427e-40	1.0876852e-36	2.9541688e-35	4.9704424e-35	2.6797572e-33	4.3529e-41	0.0	8.590675e-34	1.1782093e-19	0.0
ERR5729628	2	dental calculus	4.160791e-37	1.0	0.0	3.6003756e-30	2.6539057e-30	1.731919e-29	3.218099e-30	1.6777269e-28	1.5893879e-27	1.3418612e-24	1.3975811e-25	6.354973e-33	0.0	1.4143833e-24	1.553613e-16	0.0
ERR5729629	2	dental calculus	0.0	1.0	0.0	9.6741e-41	1.453e-41	1.7169e-39	2.266e-42	7.343446e-39	1.5544643e-37	3.826385e-36	1.0212537e-34	6e-45	0.0	2.666152e-34	1.3188666e-21	0.0
ERR5729630	2	dental calculus	5.0013336e-23	1.0	0.0	1.1641017e-18	6.3453484e-20	1.0573586e-19	8.078665e-23	1.2983052e-18	1.5427767e-18	1.806313e-18	1.5954152e-17	3.773504e-21	0.0	3.7294073e-17	1.53995e-08	0.0
ERR5729631	2	dental calculus	0.0	1.0	0.0	5.222677e-37	5.363151e-38	1.6700697e-35	1.2261357e-38	3.5492232e-35	1.2817985e-34	2.800785e-33	1.9587953e-30	1.5081e-41	0.0	9.692446e-31	3.551584e-19	0.0
ERR5729632	2	dental calculus	0.0	1.0	0.0	2.47e-43	2e-44	6.346e-42	6e-45	3.9564e-41	7.66393e-40	4.3236983e-38	3.2172806e-37	0.0	0.0	2.138266e-36	2.7867992e-22	0.0
ERR5729633	2	dental calculus	0.0	1.0	0.0	8.46e-43	1e-43	1.4244e-41	3.4e-44	1.43626e-40	3.174433e-39	2.3720642e-37	2.3710517e-36	0.0	0.0	1.5259024e-35	3.6127944e-22	0.0
ERR5729634	2	dental calculus	0.0	1.0	0.0	6.7e-44	3e-45	2.152e-42	0.0	3.468e-42	1.36891e-40	6.577085e-39	1.960264e-37	0.0	0.0	5.103562e-37	7.2605127e-22	0.0
ERR5729635	2	dental calculus	0.11412138	0.005017337	0.0	0.00019577742	0.012836319	5.5971166e-05	0.008040339	0.018379023	0.00071256905	0.0013923356	0.0004437547	0.80057013	0.0	0.0013596977	0.03687534	0.0
ERR5729636	2	dental calculus	0.0	1.0	0.0	3.5460645e-38	8.705242e-39	1.889054e-36	2.32674e-40	3.399425e-36	5.7392364e-35	1.9504272e-35	1.0912905e-32	1.1706e-41	0.0	1.4180125e-32	9.730611e-16	0.0
ERR5729637	2	dental calculus	0.0	1.0	0.0	3.4939216e-37	4.709838e-39	8.305901e-37	2.24918e-40	3.165972e-36	2.729254e-34	3.6638979e-34	1.7745486e-32	1.46444e-40	0.0	3.4665472e-32	7.657186e-18	0.0
ERR5729638	2	dental calculus	3e-45	1.0	0.0	1.7544854e-36	2.9248947e-38	2.576665e-35	6.69849e-40	4.4386647e-35	2.0254493e-33	1.0551742e-34	9.085244e-31	7.41606e-40	0.0	7.7877764e-32	2.4486294e-13	0.0
ERR5729639	2	dental calculus	4.69188e-37	1.0	0.0	1.1500745e-29	4.3896236e-31	1.3557454e-29	5.344763e-31	6.9868736e-29	5.644078e-28	1.9325097e-26	7.9617187e-25	2.6039107e-32	0.0	2.192206e-25	5.31483e-18	0.0
ERR5729640	2	dental calculus	0.0	1.0	0.0	2.95475e-40	1.4948e-41	1.4381012e-38	1.394e-42	1.7950342e-38	5.1182393e-37	2.153585e-37	3.7842488e-34	2.2e-44	0.0	3.6102513e-34	2.0249182e-16	0.0
ERR5729641	2	dental calculus	0.0	1.0	0.0	5.6e-44	1e-45	2.78e-42	0.0	5.346e-42	1.96393e-40	6.675546e-39	2.3739539e-37	0.0	0.0	6.145349e-37	1.8643581e-20	0.0
ERR5729642	2	dental calculus	0.0	1.0	0.0	1.1115e-40	4.476e-42	8.76153e-40	2.133e-42	5.370129e-39	2.5468833e-37	2.0907936e-37	9.846635e-35	4e-45	0.0	3.244843e-34	1.6773658e-18	0.0
ERR5729643	2	dental calculus	0.0	1.0	0.0	4.9872e-41	5.324e-42	3.794982e-39	1.394e-42	5.780416e-39	1.0108899e-37	4.031115e-37	5.0568854e-35	3e-45	0.0	1.3485187e-34	1.4998133e-17	0.0
ERR5729644	2	dental calculus	0.0	1.0	0.0	4.6647637e-38	7.133526e-39	3.0825797e-36	6.16528e-40	3.1591335e-36	9.052325e-35	1.7176106e-34	5.621606e-32	2.8544e-41	0.0	2.503667e-32	4.333779e-17	0.0
ERR5729645	2	dental calculus	0.0	1.0	0.0	1.520443e-38	2.22138e-39	3.279615e-37	4.88654e-40	4.6483034e-37	1.4633794e-35	3.3127678e-35	3.9008224e-34	4.942e-42	0.0	4.949996e-33	1.0538347e-17	0.0
ERR5729646	2	dental calculus	1.1634167e-35	1.0	0.0	4.320011e-29	8.3709116e-30	7.043188e-28	2.148173e-30	1.0455341e-27	1.7477938e-26	1.1413049e-26	2.0947138e-24	2.0865645e-31	0.0	3.7615146e-25	2.3891392e-13	0.0
ERR5729647	2	dental calculus	0.0	1.0	0.0	1.3772444e-36	5.061616e-38	6.847132e-36	2.709301e-38	2.5886885e-35	1.5451544e-33	5.9779877e-32	1.5602469e-31	1.96944e-40	0.0	1.050836e-30	9.625542e-18	0.0
ERR5729648	2	dental calculus	2.559774e-32	1.0	0.0	1.15854924e-26	1.7595727e-27	8.215864e-27	7.183115e-27	1.1733765e-25	1.7656545e-24	8.041816e-24	2.6193456e-22	6.2392223e-30	0.0	7.6482985e-22	1.9626958e-12	0.0
ERR5729649	2	dental calculus	1.4392487e-24	1.0	0.0	1.7409346e-20	5.9261256e-22	1.214173e-20	1.5753736e-20	4.8476713e-20	6.313089e-19	1.5504013e-16	5.6982864e-18	9.847905e-22	0.0	5.9225126e-17	7.648086e-12	0.0
ERR5729650	2	dental calculus	0.0	1.0	0.0	1.57915e-40	2.1644e-41	5.693707e-39	1.47e-41	1.2672469e-38	3.0949206e-37	5.4771856e-36	1.4963005e-34	5.5e-44	0.0	4.4275886e-34	2.9350006e-21	0.0
ERR5729651	2	dental calculus	5.267598e-11	0.99999994	0.0	1.6285717e-10	1.0172503e-11	2.6450275e-13	1.280301e-11	2.043454e-11	4.4707973e-11	1.9173618e-10	3.7285845e-11	1.9490056e-12	0.0	1.4025469e-09	7.3072805e-08	0.0
ERR5729652	2	dental calculus	0.0	1.0	0.0	6.61741e-40	1.823e-42	1.87234e-40	3e-45	4.378485e-39	7.497177e-38	2.517524e-39	7.476818e-37	3e-45	0.0	2.1385919e-35	1.3865073e-15	0.0
ERR5729653	2	dental calculus	7.151e-42	1.0	0.0	3.889865e-33	4.769482e-34	1.156406e-31	5.284352e-35	6.6803156e-32	1.8994273e-30	4.487768e-31	2.0548677e-27	2.3738016e-36	0.0	2.609516e-28	2.1671134e-11	0.0
ERR5729654	2	dental calculus	2.24e-43	1.0	0.0	5.8000738e-36	9.020158e-36	1.2582092e-33	4.3193427e-37	7.093172e-34	1.082203e-32	5.2654087e-33	1.687127e-30	9.3228863e-38	0.0	3.790016e-31	1.3597948e-17	0.0
ERR5729655	2	dental calculus	0.0	1.0	0.0	1.57492e-40	5.595e-42	1.1670604e-38	2.63e-43	7.001246e-39	1.3350114e-37	3.9793047e-37	9.087637e-34	3.1e-44	0.0	4.4625603e-35	9.393432e-18	0.0
ERR5729656	2	dental calculus	6.07e-43	1.0	0.0	7.957029e-34	1.3077848e-35	1.387311e-34	6.1668304e-38	3.6832826e-33	1.6651605e-32	2.5240288e-33	5.147575e-32	3.0947695e-37	0.0	3.314184e-30	8.058028e-15	0.0
ERR5729657	2	dental calculus	0.0	1.0	0.0	2.312322e-38	2.194499e-39	1.5027449e-36	2.327646e-39	3.1710567e-36	3.0834947e-35	9.4749924e-35	8.4115766e-32	1.2893e-41	0.0	2.164881e-32	1.3611958e-16	0.0
ERR9465622	2	lake sediment	5.114463e-06	0.00029234437	0.0	0.00010988089	0.91482645	1.7693787e-05	0.0735826	0.0038726444	0.00011601966	0.0001242467	0.0034016187	0.0016625717	0.0	0.0019420246	4.676137e-05	0.0
ERR9465623	2	lake sediment	7.8581965e-05	0.0014197323	0.0	0.00026991995	0.7686424	9.487379e-05	0.136172	0.032983214	0.00077923766	0.00055861054	0.024525616	0.024809577	0.0	0.009222918	0.00044328804	0.0
ERR9465624	2	lake sediment	5.7953202e-05	0.0008562995	0.0	0.00023588355	0.8831549	3.6913807e-05	0.050905984	0.01836174	0.00084389356	0.00069168716	0.010629907	0.027665444	0.0	0.0060317027	0.0005276414	0.0
ERR9465625	2	lake sediment	0.007563821	0.006120577	0.0	0.00063584256	0.7417677	0.00155629	0.15408763	0.0032300325	0.00047603072	0.0046055075	0.0023894745	0.07433194	0.0	0.0017583624	0.0014767649	0.0
ERR9465626	2	lake sediment	0.0003219941	0.0012779369	0.0	0.00016069434	0.83233434	0.00072594784	0.041004762	0.014757655	0.00019101138	0.00067711034	0.025325343	0.08090903	0.0	0.0020474566	0.00026674292	0.0
ERR9465627	2	lake sediment	0.005359242	0.007148445	0.0	0.00061029714	0.5985937	0.0008795645	0.14981195	0.013180794	0.0005328266	0.0051411106	0.006851627	0.20147559	0.0	0.002778567	0.0076362747	0.0
ERR9465628	2	lake sediment	0.00030363834	0.0016018043	0.0	0.00018322132	0.7572834	0.00029918476	0.059307132	0.022465743	0.00023741524	0.0010131934	0.019405153	0.13507512	0.0	0.0026392313	0.00018575204	0.0
ERR9465629	2	lake sediment	0.013793062	0.009708918	0.0	0.0008030483	0.5017584	0.00096700044	0.13505735	0.0095057385	0.0011783665	0.0068184184	0.002143523	0.31203908	0.0	0.002216235	0.004010854	0.0
ERR9465630	2	lake sediment	0.048368193	0.02210943	0.0	0.0015330297	0.23398806	0.005737663	0.09115748	0.006036081	0.0015831069	0.016618334	0.0056744264	0.55193347	0.0	0.0019062803	0.013354467	0.0
ERR9465631	2	lake sediment	0.23269098	0.040596366	0.0	0.0024304953	0.093122356	0.0084845675	0.15975049	0.00823735	0.0029958424	0.038009826	0.006269482	0.35366276	0.0	0.002655786	0.05109369	0.0
ERR9465632	2	lake sediment	0.32393774	0.049204145	0.0	0.0027669077	0.07497027	0.0075138477	0.1811244	0.009126221	0.0035111173	0.040538017	0.0068399063	0.21118216	0.0	0.002181623	0.087103635	0.0
SRR30066258	2	dental calculus	5.922885e-39	1.0	0.0	1.8814401e-32	1.900946e-32	2.147838e-31	1.436359e-34	1.8287252e-30	5.4611985e-30	1.2265421e-29	3.0287586e-28	2.7377677e-34	0.0	2.9669399e-28	2.597644e-16	0.0
SRR30066259	2	dental calculus	0.0	1.0	0.0	6.0940798e-37	1.2940713e-37	1.012913e-35	2.595139e-39	1.18545334e-35	1.5507007e-34	1.2925645e-33	5.7516957e-33	3.76766e-40	0.0	1.3084024e-32	2.7380607e-18	0.0
SRR30066260	2	dental calculus	0.0	1.0	0.0	5.029e-42	2.72e-43	1.46673e-40	3e-45	5.85383e-40	9.096135e-39	1.6849026e-38	6.087775e-36	0.0	0.0	6.8233975e-36	1.2846657e-18	0.0
SRR30066261	2	dental calculus	3.889699e-39	1.0	0.0	7.3759226e-32	2.6523055e-31	2.7267801e-31	2.821016e-34	3.5522288e-29	2.0540786e-29	1.8966554e-28	2.1510567e-28	2.1172923e-33	0.0	1.3122645e-27	2.6195804e-13	0.0
SRR30066262	2	dental calculus	2.981294e-31	1.0	0.0	2.7138616e-24	4.907358e-25	5.21508e-24	1.357277e-26	4.5975265e-23	2.3799522e-22	1.6226982e-22	2.215998e-21	1.6732033e-26	0.0	4.7058706e-22	1.1886397e-08	0.0
SRR30066263	2	dental calculus	4.3183084e-25	1.0	0.0	4.9498927e-20	3.411357e-19	2.3606103e-17	1.6586598e-22	4.341244e-18	4.436884e-19	4.5597954e-19	1.6633491e-14	4.1873575e-21	0.0	1.4620952e-17	2.505892e-08	0.0
SRR30066264	2	dental calculus	3.1416758e-25	0.99999946	0.0	1.7160384e-19	9.821739e-21	7.8304956e-20	3.3320281e-21	2.6085394e-19	4.6101646e-18	3.422206e-18	7.1107145e-17	1.4704369e-22	0.0	1.5727671e-17	5.402088e-07	0.0
SRR30066265	2	dental calculus	0.023517527	0.37686026	0.0	0.0027112921	0.07920059	0.00094421266	0.103472285	0.031388767	0.0044516977	0.015182262	0.0021851328	0.057753675	0.0	0.003920335	0.29841194	0.0
SRR30066269	2	dental calculus	1.4965224e-28	0.9999983	0.0	3.7939792e-22	6.460898e-22	1.6262804e-21	1.8562448e-23	1.232934e-20	2.341741e-20	2.117035e-20	2.877365e-19	1.4453898e-23	0.0	1.1673318e-19	1.7066156e-06	0.0
SRR30066270	2	dental calculus	2.97908e-39	1.0	0.0	3.395378e-30	2.9744182e-31	3.8134492e-31	2.5717937e-33	4.4919698e-29	3.7105412e-28	2.0515973e-29	1.7274826e-26	2.1679188e-34	0.0	8.931548e-26	7.240251e-13	0.0
SRR30066271	2	dental calculus	0.0	1.0	0.0	1.376e-42	7.8e-44	2.3435e-41	1e-45	8.3667e-41	1.89339e-39	2.407827e-38	5.5274417e-37	0.0	0.0	2.489198e-36	6.564219e-20	0.0
SRR30066272	2	dental calculus	0.0	1.0	0.0	5.007417e-39	3.47275e-40	1.1298639e-37	1.439e-41	4.8081703e-37	7.1222316e-36	2.600064e-35	3.293258e-33	9.087e-42	0.0	5.1734105e-33	2.2471172e-17	0.0
SRR32023812	2	marine sediment	0.32140812	0.045502212	0.0	0.0024793884	0.08685619	0.0068787294	0.19462082	0.008801505	0.0033841585	0.041303087	0.0065615773	0.20847198	0.0	0.002051685	0.07168056	0.0
SRR32023817	2	marine sediment	0.18100522	0.03299297	0.0	0.0020780107	0.12722607	0.003705	0.3599076	0.010730217	0.0025973525	0.026922574	0.0031219758	0.20068014	0.0	0.00223643	0.046796434	0.0
SRR32023818	2	marine sediment	0.2347764	0.042855848	0.0	0.0023591728	0.13772655	0.0067952857	0.26489803	0.012474749	0.0032309808	0.031996142	0.0053493944	0.19401002	0.0	0.002458572	0.06106886	0.0
SRR32023819	2	marine sediment	0.24660382	0.03262483	0.0	0.0020746018	0.13906567	0.0044423253	0.3055458	0.007935383	0.0025662847	0.025476897	0.003346787	0.19114763	0.0	0.0019031324	0.037266836	0.0
SRR32023820	2	marine sediment	0.12855631	0.027226347	0.0	0.0016761913	0.23624255	0.0032315862	0.40195808	0.0058809104	0.0023476873	0.022281926	0.002946331	0.10939701	0.0	0.0018773098	0.05637777	0.0
SRR32023821	2	marine sediment	0.07534449	0.018671501	0.0	0.0012518913	0.11203146	0.0022015253	0.64776903	0.0065552928	0.0016498024	0.016148794	0.0021186324	0.0966095	0.0	0.0021255533	0.017522536	0.0
SRR32023822	2	marine sediment	0.15832286	0.02683635	0.0	0.0017677344	0.11961385	0.0038221579	0.4945726	0.0062290686	0.002090727	0.027052715	0.002836205	0.12510857	0.0	0.0018979982	0.029849174	0.0
SRR32023823	2	marine sediment	0.16257806	0.029245216	0.0	0.0017727077	0.1530331	0.004203992	0.43265533	0.0069247666	0.0024033526	0.023655571	0.0028368712	0.12237184	0.0	0.0018684921	0.056450717	0.0
SRR32023824	2	marine sediment	0.101149626	0.02760627	0.0	0.0018888126	0.07607595	0.003544665	0.48126298	0.008287022	0.002593877	0.02380776	0.0027500694	0.24307732	0.0	0.0020080905	0.025947556	0.0
SRR32023825	2	marine sediment	0.17133337	0.03417295	0.0	0.0022819194	0.20695297	0.0042012744	0.31244782	0.0073876856	0.0032329983	0.027334236	0.0036173747	0.18011849	0.0	0.0020093499	0.044909567	0.0
SRR32023826	2	marine sediment	0.18044165	0.04121882	0.0	0.0026479894	0.17315829	0.0067011435	0.2989169	0.010662188	0.0031329112	0.034203563	0.007356435	0.1856268	0.0	0.0023176172	0.05361569	0.0
SRR32023827	2	marine sediment	0.15866402	0.032508995	0.0	0.0019057044	0.16488925	0.0034391917	0.35805377	0.0082051065	0.0028312623	0.028697558	0.0035538943	0.18845929	0.0	0.0024320723	0.046359885	0.0
SRR32023828	2	marine sediment	0.14962842	0.031259235	0.0	0.0026357416	0.19216482	0.004447897	0.3581279	0.008700952	0.0025369725	0.031133814	0.0062887734	0.16241615	0.0	0.0026212863	0.04803803	0.0
SRR32023829	2	marine sediment	0.16549271	0.028678317	0.0	0.0016598335	0.25334364	0.0027634702	0.25465137	0.008517425	0.0023156845	0.021085024	0.002772511	0.19810967	0.0	0.0022330564	0.058377266	0.0
SRR32023830	2	marine sediment	0.13390848	0.026236162	0.0	0.0021580318	0.12845686	0.0032024113	0.5278651	0.005152453	0.0019443323	0.022813322	0.0023622143	0.11531771	0.0	0.0013849721	0.02919796	0.0
SRR32023831	2	marine sediment	0.22923936	0.040600773	0.0	0.0025573599	0.09339204	0.005773383	0.29554582	0.0104851695	0.0032386202	0.04219237	0.006175382	0.18491513	0.0	0.0024096176	0.08347498	0.0
SRR32023832	2	marine sediment	0.20634972	0.032866567	0.0	0.00232559	0.12680236	0.004188277	0.35024536	0.01017842	0.0026661057	0.027168948	0.0039511803	0.16994844	0.0	0.0022052787	0.061103746	0.0
SRR32023833	2	marine sediment	0.20030177	0.038150817	0.0	0.0026795722	0.07659775	0.005183647	0.35359874	0.008947339	0.0027087412	0.03261389	0.004317776	0.20883238	0.0	0.0024362502	0.063631326	0.0
SRR32023835	2	marine sediment	0.14823431	0.032512344	0.0	0.0018680949	0.20029485	0.004971709	0.35477504	0.0071151173	0.0026222111	0.027098438	0.00428714	0.17401475	0.0	0.002050966	0.040155042	0.0
SRR32023836	2	marine sediment	0.17143926	0.03452583	0.0	0.0023371316	0.121145874	0.0053349426	0.43927836	0.007573181	0.002623572	0.026684612	0.0059139337	0.1357567	0.0	0.0019246371	0.045461975	0.0
SRR32023837	2	marine sediment	0.1522405	0.03306388	0.0	0.0022817545	0.19908504	0.004643416	0.3723471	0.0072579067	0.002597723	0.028306307	0.004795723	0.14415818	0.0	0.00204985	0.047172606	0.0
SRR32023838	2	marine sediment	0.15963957	0.035498407	0.0	0.002309298	0.0912637	0.004593239	0.42128104	0.009963243	0.002799674	0.02524488	0.004212626	0.17333655	0.0	0.0020357522	0.06782201	0.0
SRR32023839	2	marine sediment	0.06912165	0.017392706	0.0	0.0011835587	0.18288323	0.0018237031	0.59121555	0.0030723405	0.001658582	0.01932973	0.0016999317	0.088676125	0.0	0.0015959839	0.020346928	0.0
SRR32023840	2	marine sediment	0.11930444	0.026933288	0.0	0.0014771845	0.31429982	0.0036586076	0.3716153	0.0057812524	0.0022040172	0.0211849	0.003175928	0.10124358	0.0	0.0016971047	0.027424611	0.0
SRR32023841	2	marine sediment	0.18097764	0.039825592	0.0	0.0026977058	0.108586915	0.007014237	0.39158997	0.013061259	0.0031478975	0.03375066	0.0068344204	0.13022196	0.0	0.0024948749	0.079796866	0.0
SRR32023842	2	marine sediment	0.20531973	0.043611504	0.0	0.0024952956	0.1334017	0.007894343	0.3227666	0.010111702	0.00321165	0.033591617	0.005936617	0.18569945	0.0	0.0022288414	0.043730967	0.0
SRR32023845	2	marine sediment	0.12352105	0.024194632	0.0	0.0015652528	0.13787854	0.0025700121	0.3784729	0.0065201735	0.0020853856	0.022313228	0.002361428	0.26333636	0.0	0.001663503	0.03351754	0.0
SRR32023846	2	marine sediment	0.12423329	0.03369475	0.0	0.002441335	0.11484786	0.006193089	0.46098474	0.008868629	0.002780338	0.026697041	0.003821837	0.17691581	0.0	0.0021575699	0.03636373	0.0
SRR32023847	2	marine sediment	0.107372575	0.025822423	0.0	0.0018133968	0.17084956	0.0039975187	0.5214282	0.007393064	0.0022656717	0.02241871	0.005659285	0.092703134	0.0	0.0018044623	0.03647197	0.0
SRR32023848	2	marine sediment	0.036293924	0.011861231	0.0	0.001052438	0.16822831	0.002005779	0.6813749	0.0026571744	0.0010141542	0.009273682	0.0013819367	0.0717869	0.0	0.0011314087	0.011938117	0.0
SRR32023849	2	marine sediment	0.18874452	0.04446583	0.0	0.0027339058	0.09987479	0.007108943	0.41339818	0.009927769	0.0033077924	0.03241906	0.0058105295	0.13642012	0.0	0.00233661	0.05345195	0.0
SRR32023851	2	marine sediment	0.03439268	0.010013251	0.0	0.00090277643	0.037790067	0.0015554442	0.84090877	0.0028840592	0.00091159367	0.008523693	0.0012286996	0.05204668	0.0	0.0011276309	0.0077146287	0.0
SRR32023854	2	marine sediment	0.09733531	0.02335621	0.0	0.0014744994	0.1577445	0.0034073002	0.5577422	0.0063833995	0.0020418656	0.020374712	0.0028162138	0.09211291	0.0	0.0018204643	0.033390462	0.0
SRR32023855	2	marine sediment	0.029205484	0.012640465	0.0	0.0009036517	0.050253972	0.0018333283	0.815716	0.003967859	0.0013005206	0.010839651	0.0017816729	0.05813842	0.0	0.001441725	0.0119772265	0.0
SRR32023858	2	marine sediment	0.21265319	0.035177857	0.0	0.0020849672	0.07169787	0.0042365934	0.46973017	0.010941024	0.0025378163	0.025209649	0.0036343173	0.10468176	0.0	0.002060542	0.055354234	0.0
SRR32023859	2	marine sediment	0.13931592	0.021161424	0.0	0.0015188085	0.101524554	0.0032172182	0.6093846	0.0056180996	0.0020264362	0.017783038	0.00333681	0.06285248	0.0	0.0017562552	0.03050438	0.0
SRR32023860	2	marine sediment	0.12712541	0.032520317	0.0	0.0016779634	0.11249348	0.00485343	0.49472702	0.0065442324	0.003058596	0.03140221	0.004597448	0.13977352	0.0	0.002090155	0.039136235	0.0
SRR32023861	2	marine sediment	0.055033874	0.015432454	0.0	0.0011168806	0.15492006	0.0021452531	0.67996025	0.00395452	0.0013019099	0.010950956	0.0013132389	0.06052428	0.0	0.0012376736	0.012108669	0.0
SRR32023864	2	marine sediment	0.19616535	0.037455145	0.0	0.0021127118	0.13978645	0.0054373275	0.38499743	0.009091639	0.0028811852	0.02877208	0.0039760983	0.12313856	0.0	0.0021252926	0.06406073	0.0
SRR32023865	2	marine sediment	0.26653498	0.043856084	0.0	0.0024679191	0.11626837	0.0065469155	0.25300965	0.009084434	0.0031937503	0.03512453	0.005207914	0.18452846	0.0	0.0021884395	0.071988545	0.0
SRR32023867	2	marine sediment	0.09121857	0.02269659	0.0	0.0015158604	0.09706529	0.00258169	0.6129292	0.006139459	0.0021438173	0.021100083	0.002115282	0.098444566	0.0	0.0017706997	0.040278833	0.0
SRR32023868	2	marine sediment	0.20992853	0.042364564	0.0	0.002822329	0.10219926	0.0077456553	0.3728207	0.008469093	0.0033383213	0.03436658	0.006488195	0.14162236	0.0	0.0021639804	0.065670416	0.0
SRR32023870	2	marine sediment	0.20014232	0.04090145	0.0	0.002246579	0.12791987	0.00526227	0.28317878	0.009349199	0.003230087	0.031930946	0.0049977847	0.21601938	0.0	0.0022193512	0.072602	0.0
SRR32023871	2	marine sediment	0.2698869	0.043199405	0.0	0.0024757187	0.12113656	0.0070789154	0.2825288	0.010011853	0.003173786	0.034051914	0.005665011	0.14296958	0.0	0.002214562	0.07560699	0.0
SRR32023872	2	marine sediment	0.1999326	0.029554296	0.0	0.001888095	0.13144468	0.0041957865	0.4522325	0.007568595	0.002584692	0.0224841	0.0038046415	0.0763055	0.0	0.0017861448	0.06621835	0.0
SRR32023873	2	marine sediment	0.19044979	0.028145205	0.0	0.0017602528	0.21564437	0.0040604076	0.31971592	0.006754105	0.0021907643	0.021720337	0.002570307	0.17006244	0.0	0.0016988174	0.03522728	0.0
SRR32023874	2	marine sediment	0.2598354	0.04109781	0.0	0.0023758404	0.06932743	0.005624465	0.27073017	0.012441855	0.0034682527	0.034659192	0.0051136813	0.23423149	0.0	0.0022361134	0.058858324	0.0
SRR32023875	2	marine sediment	0.24026129	0.036085013	0.0	0.002286533	0.10335011	0.004063717	0.3259543	0.009655179	0.0027480153	0.028463941	0.004618033	0.18550418	0.0	0.0019064375	0.05510326	0.0
SRR6877282	2	dental calculus	3.4e-44	1.0	0.0	2.1744489e-35	6.361728e-37	1.1083921e-35	1.7657032e-37	6.614855e-34	3.0607432e-33	1.1246258e-31	5.682757e-31	3.96929e-40	0.0	4.0338215e-30	2.077643e-16	0.0
SRR6877283	2	tooth	0.31609055	0.016904868	0.0	0.002506674	0.00010231564	1.3149141e-06	9.5614865e-05	0.00029651585	0.00026041412	0.0006652528	4.087454e-07	0.0008678459	0.0	0.00017417014	0.66203403	0.0
SRR6877284	2	dental calculus	0.0	1.0	0.0	3.443e-42	2.76e-43	3.20132e-40	1.4e-44	9.2047e-40	1.2857126e-38	1.695753e-36	2.8657776e-36	3e-45	0.0	6.871349e-36	1.4873905e-20	0.0
SRR6877285	2	tooth	0.41483673	0.0021378573	0.0	0.0015057788	0.0014966629	6.044784e-07	9.043986e-06	0.0042576944	0.00013229725	7.2975825e-05	3.490703e-06	0.007062385	0.0	0.0010552383	0.56742924	0.0
SRR6877286	2	dental calculus	0.0	1.0	0.0	1.1136734e-38	3.956087e-39	8.527114e-37	3.0963e-40	1.2812796e-36	2.5413663e-35	6.660143e-34	9.990663e-33	2.0198e-41	0.0	1.1791002e-32	1.1598522e-18	0.0
SRR6877287	2	tooth	0.5719471	0.0036306123	0.0	0.0002469572	0.0075553986	6.2838604e-05	0.0011158298	0.00958977	0.00035490576	0.00080470607	9.043687e-05	0.029702436	0.0	0.00067034876	0.37422863	0.0
SRR6877288	2	dental calculus	1.37e-43	1.0	0.0	3.8612625e-35	1.6119335e-35	2.711911e-33	9.28595e-37	2.7958567e-33	1.9012782e-32	1.2914828e-30	3.5440147e-30	2.7834292e-37	0.0	2.6186469e-30	7.967924e-18	0.0
SRR6877289	2	tooth	0.008980632	0.004361392	0.0	0.00033383592	2.6320113e-06	1.2939927e-08	8.3605056e-07	7.459338e-05	4.300471e-05	0.00010709054	5.100385e-07	0.00010311262	0.0	5.9802962e-05	0.9859325	0.0
SRR6877290	2	dental calculus	4.8232093e-38	1.0	0.0	4.42189e-31	8.7140807e-32	2.8281967e-30	9.0048704e-32	3.0791828e-29	1.5882258e-28	3.1888642e-26	7.584426e-26	2.6219484e-34	0.0	1.595177e-25	2.0985563e-15	0.0
SRR6877291	2	tooth	2.5054515e-14	0.99993217	0.0	2.3341607e-14	1.256045e-16	6.6449453e-18	7.4127e-18	3.4168008e-13	4.457895e-14	4.6654596e-15	4.3756086e-14	8.517739e-17	0.0	3.519298e-12	6.784749e-05	0.0
SRR6877292	2	dental calculus	0.0	1.0	0.0	4.01e-43	2.2e-44	8.359e-42	1e-45	2.6283e-41	8.45095e-40	6.247354e-39	1.4542515e-37	0.0	0.0	1.0162785e-36	1.4902594e-20	0.0
SRR6877293	2	tooth	0.14030953	0.0011565282	0.0	0.0008289389	0.0001984352	1.1819368e-06	2.252326e-05	8.472453e-05	0.00017662843	0.00033208227	6.3330276e-08	0.0002308668	0.0	4.7052916e-05	0.85661143	0.0
SRR6877294	2	dental calculus	2.7578516e-29	1.0	0.0	5.9036425e-24	2.7797123e-23	2.1720173e-22	3.400789e-24	1.7054523e-22	8.960004e-22	5.9125834e-22	2.1497133e-20	1.2071067e-24	0.0	7.550331e-21	1.9092244e-08	0.0
SRR6877295	2	tooth	0.39575216	0.026023572	0.0	0.0008793232	0.021431716	0.0017347872	0.01866873	0.015347799	0.0016335661	0.009611066	0.003161517	0.045272734	0.0	0.0014646543	0.45901838	0.0
SRR6877296	2	dental calculus	4.356332e-25	0.9999999	0.0	1.6781144e-20	5.2631974e-20	1.0916383e-19	4.3423043e-20	2.8680275e-19	8.082518e-19	7.102359e-18	1.3653455e-17	1.6278841e-21	0.0	3.0602917e-17	1.2484918e-07	0.0
SRR6877297	2	tooth	0.34563723	0.00076928985	0.0	0.00034666524	7.6909884e-05	3.878457e-07	3.9864426e-06	7.826774e-05	9.160412e-05	0.00018291375	3.6406895e-08	8.452675e-05	0.0	3.1183252e-05	0.652697	0.0
SRR6877298	2	tooth	0.019401358	0.010860081	0.0	0.00074844045	1.8706933e-05	5.7290464e-08	8.493036e-06	0.00038636415	8.461377e-05	4.662016e-05	2.2184104e-06	7.159301e-05	0.0	0.00026445466	0.968107	0.0
SRR6877299	2	tooth	0.0011671257	0.00043479787	0.0	1.8976407e-05	3.9451375e-06	9.820514e-09	3.80171e-07	1.8078461e-05	8.25445e-06	4.8115517e-06	3.2556715e-09	1.0038833e-05	0.0	5.1482934e-06	0.99832845	0.0
SRR6877300	2	dental calculus	0.0	1.0	0.0	7e-45	1e-45	1.53e-43	0.0	4.526e-42	3.7282e-41	4.9641e-41	1.0921726e-38	0.0	0.0	1.6968257e-37	2.5496804e-20	0.0
SRR6877301	2	tooth	0.0007792832	0.0021915466	0.0	2.4571066e-06	1.8555605e-07	5.049215e-10	1.1522496e-08	8.3957e-06	1.3749758e-06	6.991104e-07	1.258911e-09	1.0138777e-06	0.0	1.6985506e-06	0.99701333	0.0
SRR6877302	2	tooth	0.036026474	0.00039354703	0.0	0.00048752013	0.00012234971	7.102979e-07	5.24281e-06	6.0071503e-05	4.627653e-05	0.0001555962	4.619071e-08	0.00013466748	0.0	2.501578e-05	0.9625425	0.0
SRR6877303	2	dental calculus	4.3251414e-27	1.0	0.0	8.438047e-22	2.1394837e-21	7.9427724e-21	6.280831e-22	1.3716377e-20	2.8418284e-20	1.880497e-19	6.03478e-19	5.709704e-23	0.0	7.022279e-19	2.3696675e-08	0.0
SRR6877304	2	dental calculus	3.2383255e-15	0.9999989	0.0	1.7044196e-13	4.3055593e-13	1.9149577e-13	1.2951077e-12	7.9698243e-13	1.4584468e-12	3.0092548e-10	1.127574e-11	6.148388e-14	0.0	2.677548e-11	1.0999091e-06	0.0
SRR6877305	2	dental calculus	3.8883956e-22	1.0	0.0	4.3055326e-18	6.3465925e-18	6.551158e-18	1.6326223e-17	3.5539448e-17	4.5696647e-17	3.438814e-14	8.7140166e-16	6.8428134e-19	0.0	3.3164493e-15	1.2708881e-08	0.0
SRR6877306	2	tooth	0.53465366	0.0013785845	0.0	0.00016607103	1.17390255e-05	2.6458586e-08	3.588959e-06	0.0011088114	5.510368e-05	2.7249776e-05	5.674461e-07	0.00018286759	0.0	0.0001277918	0.46228394	0.0
SRR6877307	2	tooth	0.59606427	0.01788715	0.0	0.0009941885	0.033902004	0.0016366934	0.026710128	0.01370336	0.0015688435	0.009854162	0.0028765046	0.14931385	0.0	0.0012282211	0.14426062	0.0
SRR6877308	2	dental calculus	1.7388542e-21	0.9799336	0.0	1.2052263e-17	1.7860828e-17	1.7099054e-16	1.3714977e-17	2.4662508e-16	8.871323e-16	5.191031e-16	1.8595329e-13	4.4486567e-18	0.0	1.2970356e-14	0.020066366	0.0
SRR6877309	2	tooth	0.22149827	0.0008092535	0.0	0.0005313727	0.0001429779	4.1671177e-07	7.612502e-06	0.00019544004	5.170845e-05	0.000105914536	5.4111293e-08	0.00022952764	0.0	3.565696e-05	0.7763918	0.0
SRR6877310	2	dental calculus	2.320029e-39	1.0	0.0	3.9694606e-31	8.8466694e-32	1.5970586e-30	1.592406e-32	1.6615014e-29	9.292512e-29	8.841798e-29	4.5747674e-26	2.9809246e-34	0.0	1.715815e-26	3.6140484e-14	0.0
SRR6877311	2	tooth	8.314488e-29	1.0	0.0	1.5904784e-22	7.24658e-25	3.8639194e-25	3.3187871e-25	1.9354132e-22	1.1278819e-21	6.282849e-23	1.9825776e-21	7.7565735e-27	0.0	1.7006062e-19	1.6590897e-10	0.0
SRR6877312	2	dental calculus	5.335632e-39	1.0	0.0	1.2190666e-31	2.8006988e-32	6.5378617e-31	7.98985e-33	8.6484546e-30	4.6651945e-29	9.517224e-29	2.2547754e-26	1.8341817e-34	0.0	1.1714547e-26	1.8429112e-15	0.0
SRR6877313	2	dental calculus	0.0	1.0	0.0	1.231687e-39	2.2873e-41	1.187093e-39	1.2e-43	1.4879997e-38	3.3377434e-37	1.41782365e-36	1.3156236e-36	2.2e-44	0.0	3.6284329e-34	1.3088879e-16	0.0
SRR6877314	2	tooth	8.971725e-30	1.0	0.0	1.9423945e-24	3.7593467e-25	1.2858319e-24	6.6992854e-25	2.6043634e-23	1.02202036e-22	1.8428614e-22	4.8774404e-20	4.6285705e-27	0.0	3.7376524e-20	1.3986602e-10	0.0
SRR6877315	2	tooth	0.45078036	0.0012580766	0.0	0.0006013779	0.00012886702	6.154809e-07	1.1701684e-05	0.00014987683	0.00013702153	0.00019839106	6.347494e-08	0.00024153858	0.0	5.3744763e-05	0.54643834	0.0
SRR6877316	2	dental calculus	4.5858896e-28	0.99999124	0.0	1.521633e-22	9.4183504e-23	1.820024e-21	2.0506114e-22	5.0621373e-21	1.6098938e-20	4.4078274e-20	5.4125496e-18	5.966092e-24	0.0	8.1684597e-19	8.779025e-06	0.0
SRR6877317	2	tooth	0.24070394	0.0007892049	0.0	0.00069857406	0.00017302728	2.03351e-06	1.4436964e-05	0.00032577617	0.00014428384	0.00011616181	3.4913833e-07	0.00031348332	0.0	8.3477666e-05	0.75663525	0.0
SRR6877318	2	dental calculus	5.7260964e-28	0.9999571	0.0	1.6401126e-22	2.409772e-22	2.9706629e-21	6.057757e-23	4.749026e-21	2.825175e-20	2.7330999e-21	6.936167e-18	1.2031521e-23	0.0	5.476032e-19	4.2911055e-05	0.0
SRR6877319	2	tooth	0.41006768	0.0075682225	0.0	0.0008844893	0.0059102527	0.0004802389	0.0043336577	0.0033410804	0.0008820712	0.0035674754	0.00039425073	0.006494339	0.0	0.0006373754	0.5554389	0.0
SRR6877320	2	dental calculus	2.6628986e-26	0.9999972	0.0	3.1261015e-21	9.7091124e-21	7.212738e-20	1.4888446e-21	7.6972025e-20	2.7774812e-19	1.8740685e-18	7.055771e-18	1.4708233e-21	0.0	2.1825973e-18	2.782147e-06	0.0
SRR6877321	2	tooth	0.041693628	0.0008684628	0.0	0.00034261303	0.00083969295	6.5775585e-06	4.794539e-05	0.0005566788	6.1723644e-05	0.00020607593	2.0867283e-06	0.0010477585	0.0	8.86806e-05	0.95423806	0.0
SRR6877322	2	dental calculus	2.3661365e-27	0.999997	0.0	3.4387077e-21	6.1493996e-21	2.0192325e-20	4.372667e-22	1.5820896e-20	1.4445542e-19	1.5397292e-19	4.0296434e-19	3.3901786e-22	0.0	1.0628872e-18	2.9935836e-06	0.0
SRR6877323	2	dental calculus	1.305e-42	1.0	0.0	2.7704703e-34	1.1350316e-34	2.0364486e-33	3.324792e-35	1.7059268e-32	1.7864366e-31	6.084188e-29	4.7875673e-30	1.8736581e-37	0.0	7.88322e-29	1.5374301e-18	0.0
SRR6877324	2	dental calculus	9.827335e-37	1.0	0.0	5.391269e-30	2.7107095e-30	2.3083957e-29	1.561829e-30	4.822244e-28	1.3864517e-27	5.5908375e-27	8.309433e-25	1.2004331e-32	0.0	2.9308576e-25	4.5271024e-14	0.0
SRR6877325	2	tooth	0.72001374	0.00058635714	0.0	0.00021312632	0.00021597173	4.313808e-08	2.3724183e-06	0.0017550914	2.5384312e-05	2.46813e-05	3.8516024e-08	0.0031700155	0.0	0.00013262666	0.27386057	0.0
SRR6877326	2	dental calculus	1.791e-42	1.0	0.0	2.086041e-33	6.9605e-34	5.040161e-32	1.7276626e-35	7.814571e-32	8.753312e-31	1.4383758e-29	1.6487411e-28	3.9922917e-36	0.0	4.0442573e-29	1.0124394e-13	0.0
SRR6877327	2	tooth	0.024859192	0.0008822046	0.0	0.0005069517	3.1142037e-05	1.8295884e-08	5.6812055e-06	0.00072548416	0.000101373786	1.9845353e-05	4.553862e-08	0.00017756264	0.0	5.5107586e-05	0.9726354	0.0
SRR6877328	2	dental calculus	1.165462e-33	1.0	0.0	2.0385083e-26	5.3686672e-27	4.9799014e-26	6.988338e-27	3.738969e-25	1.877738e-24	9.7854636e-23	9.908286e-23	1.2067563e-28	0.0	4.882591e-22	5.986368e-11	0.0
SRR6877329	2	tooth	0.26545817	0.0011008392	0.0	0.00023130936	9.536521e-05	4.404659e-07	4.123294e-06	4.268613e-05	6.4364605e-05	0.000109204826	2.8942091e-08	8.997973e-05	0.0	1.915164e-05	0.73278433	0.0
SRR6877330	2	dental calculus	3.3567828e-32	1.0	0.0	6.325437e-26	1.2305041e-25	3.1898243e-24	2.2536363e-26	2.184342e-24	1.4320788e-23	1.6501529e-22	3.9153484e-22	7.929544e-27	0.0	1.8192791e-22	2.5931415e-09	0.0
SRR6877331	2	tooth	0.014614739	0.0013482169	0.0	6.4576314e-05	1.625182e-05	8.004753e-08	7.4669634e-07	3.3753968e-05	2.1238093e-05	6.243942e-05	2.0251031e-08	3.0343397e-05	0.0	1.5816737e-05	0.98379177	0.0
SRR6877332	2	dental calculus	3.475919e-36	1.0	0.0	3.071925e-29	1.9555368e-29	6.5375567e-28	3.4512134e-30	1.8209192e-27	8.1236696e-27	5.0220206e-27	2.4007132e-24	3.24432e-31	0.0	2.0287984e-25	1.6642177e-11	0.0
SRR6877333	2	tooth	0.4490041	0.021646388	0.0	0.0010957533	0.033022504	0.002565534	0.02886183	0.0081113735	0.0017471507	0.01313653	0.003616302	0.067459226	0.0	0.0011531191	0.36858016	0.0
SRR6877334	2	dental calculus	5.500449e-18	0.9999971	0.0	2.440424e-15	2.3721873e-15	4.9609843e-15	8.678326e-15	1.0698993e-14	2.8277981e-14	2.0377297e-13	2.0526014e-12	1.0969314e-15	0.0	5.183956e-13	2.9020587e-06	0.0
SRR6877335	2	tooth	0.10570906	0.00044540985	0.0	0.0004685311	2.542831e-05	2.3044592e-07	1.2911723e-06	3.9865237e-05	8.776299e-05	5.8306046e-05	2.582954e-08	2.7410892e-05	0.0	1.8206938e-05	0.8931185	0.0
SRR6877336	2	dental calculus	1.5263315e-19	0.99536204	0.0	5.088682e-16	2.1962042e-15	5.244116e-15	7.908642e-16	6.0614406e-15	2.155328e-14	1.0432928e-14	7.776693e-13	2.562711e-16	0.0	9.4972045e-14	0.004637947	0.0
SRR6877337	2	tooth	0.46115357	0.010698186	0.0	0.00064855005	0.016620817	0.0008644216	0.0113019515	0.021968225	0.0017811457	0.0069829873	0.003262063	0.0346185	0.0	0.001343606	0.428756	0.0
SRR6877338	2	dental calculus	5.1813774e-33	0.99999994	0.0	3.3139033e-26	4.788818e-26	6.937008e-25	8.0586286e-27	1.16196e-24	8.197635e-24	2.5388183e-24	5.4439804e-22	1.1102888e-27	0.0	1.5645521e-22	6.7207665e-08	0.0
SRR6877339	2	dental calculus	0.0	1.0	0.0	0.0	0.0	0.0	0.0	3e-45	7e-44	6.57e-43	1.883e-42	0.0	0.0	4.84624e-40	4.576252e-22	0.0
SRR6877340	2	dental calculus	0.0	1.0	0.0	1.6e-43	1.3e-44	1.959e-42	1e-45	1.5225e-41	3.76336e-40	2.5440787e-38	1.5641714e-38	0.0	0.0	7.495191e-37	1.7449265e-20	0.0
SRR6877341	2	tooth	0.10213157	0.03851714	0.0	0.0005196813	0.00028904024	3.4742794e-07	1.2344815e-05	0.0018796119	0.0001248355	8.918196e-05	4.3860715e-07	0.00087156164	0.0	0.00037217693	0.85519207	0.0
SRR6877342	2	dental calculus	0.0	1.0	0.0	4e-45	0.0	8.3e-44	0.0	2.31e-43	9.312e-42	2.30647e-40	1.399232e-39	0.0	0.0	1.7271773e-38	7.999427e-21	0.0
SRR6877343	2	tooth	6.487906e-07	0.08282544	0.0	1.7270485e-08	2.2641689e-09	1.4601001e-11	7.7427426e-11	7.506629e-08	4.742511e-08	1.0222723e-08	1.8034059e-10	6.1398304e-09	0.0	5.409339e-08	0.9171737	0.0
SRR6877344	2	dental calculus	6.607211e-27	0.9999999	0.0	4.7233846e-22	1.1803321e-21	1.2023317e-20	2.1696512e-22	1.422465e-20	5.3078648e-20	6.647281e-19	3.161069e-18	2.7177712e-22	0.0	3.5114357e-19	9.2974176e-08	0.0
SRR6877345	2	tooth	0.51513654	0.013755215	0.0	0.0007861337	0.012534375	0.0017467968	0.020574607	0.0041816393	0.0012583386	0.009677841	0.0040386813	0.025124764	0.0	0.00081827375	0.39036682	0.0
SRR6877346	2	dental calculus	0.0	1.0	0.0	4.6e-44	3e-45	1.449e-42	0.0	6.027e-42	1.51316e-40	1.885406e-39	1.4909044e-38	0.0	0.0	1.0796813e-37	6.197107e-20	0.0
SRR6877347	2	tooth	0.036650497	0.016938042	0.0	2.8475239e-05	0.00041092915	2.6056905e-05	0.00014752582	0.0011734595	0.00012410012	0.00031312864	0.00020105609	0.0009727194	0.0	0.00016400935	0.94285	0.0
SRR6877348	2	dental calculus	1.8165941e-25	1.0	0.0	8.334864e-21	6.84276e-20	7.304951e-20	1.4788888e-20	2.530774e-19	4.0185988e-19	1.8483962e-16	2.728705e-18	1.2610204e-21	0.0	1.8882219e-17	4.1153436e-09	0.0
SRR6877349	2	tooth	0.46409902	0.0014764104	0.0	0.00046443936	0.00021586899	5.5703714e-07	1.0223173e-05	0.000108566186	8.62289e-05	0.00017528105	7.509336e-08	0.00026588055	0.0	3.5268447e-05	0.53306216	0.0
SRR6877350	2	dental calculus	0.0	1.0	0.0	2.13e-43	7e-45	1.2706e-41	0.0	2.6518e-41	5.42535e-40	1.720394e-39	6.409822e-37	0.0	0.0	8.649079e-37	3.6551493e-19	0.0
SRR6877351	2	tooth	0.35046828	0.008590458	0.0	0.00043398057	0.014185208	0.00059971603	0.008542442	0.017965218	0.0012088302	0.0040085088	0.0015713226	0.047321897	0.0	0.0008757123	0.54422843	0.0
SRR6877352	2	dental calculus	1.4816389e-23	1.0	0.0	4.447371e-21	1.532193e-20	2.4471813e-19	6.5969637e-21	2.8488809e-19	8.4321406e-19	5.7897924e-18	1.6929215e-16	8.995589e-21	0.0	6.6533917e-18	1.789762e-08	0.0
SRR6877353	2	tooth	0.14188775	0.00255117	0.0	0.00014723733	0.001675514	5.1508923e-06	0.0003411749	0.03352416	0.000278314	0.0002150603	7.355092e-05	0.027417915	0.0	0.0009329979	0.79095	0.0
SRR6877354	2	dental calculus	3.5682188e-22	0.99999624	0.0	6.0025457e-19	2.4160378e-18	1.2329544e-17	7.6598445e-19	1.2491804e-17	4.8248674e-17	4.2833748e-17	4.015672e-15	4.2570602e-19	0.0	2.2098679e-16	3.741733e-06	0.0
SRR6877355	2	tooth	0.5393531	0.015693814	0.0	0.000755055	0.01651435	0.0012386141	0.016012812	0.014079599	0.0011369728	0.009453258	0.0026489543	0.032431684	0.0	0.0012430929	0.3494387	0.0
SRR6877356	2	dental calculus	3.704567e-23	0.9999495	0.0	5.0572287e-19	1.2769762e-18	6.5442196e-18	2.8532008e-19	9.319688e-18	3.0044093e-17	8.031899e-18	3.9165423e-15	1.8112576e-19	0.0	1.9565347e-16	5.0483162e-05	0.0
SRR6877357	2	tooth	0.35910773	0.010068762	0.0	0.0005276541	0.018526867	0.0011556584	0.0152832875	0.010903301	0.0007862585	0.0057726377	0.0018722691	0.01211167	0.0	0.00092820916	0.5629557	0.0
SRR6877358	2	dental calculus	3e-45	1.0	0.0	3.475697e-37	5.210252e-38	1.139303e-35	2.3636222e-38	6.7616117e-35	5.187978e-34	1.7180903e-32	1.0883874e-30	3.3894e-40	0.0	7.733005e-31	6.971761e-17	0.0
SRR6877359	2	tooth	0.019313142	0.0006078447	0.0	0.00040209532	0.00030863407	1.2597778e-06	2.4632158e-05	0.00035365857	3.566559e-05	9.448058e-05	4.98046e-07	0.000337464	0.0	5.249341e-05	0.9784681	0.0
SRR6877360	2	tooth	0.17315389	0.00044641536	0.0	0.00029961334	6.1034665e-05	2.58827e-07	3.4749914e-06	4.705276e-05	7.4164614e-05	9.6672746e-05	3.0025493e-08	9.099715e-05	0.0	2.4119483e-05	0.82570225	0.0
SRR6877361	2	dental calculus	2.5631028e-25	0.9999883	0.0	4.235059e-20	1.4958124e-19	4.1586467e-19	1.9498151e-20	6.268988e-19	3.2265274e-18	3.2639292e-18	2.204682e-17	5.969178e-21	0.0	2.3323871e-17	1.16847e-05	0.0
SRR6877362	2	tooth	0.39993572	0.0014208572	0.0	0.00067772274	0.0006397712	1.8105123e-06	1.4344693e-05	0.00021014154	6.3146384e-05	0.00027670406	1.6320377e-07	0.0006205332	0.0	7.408505e-05	0.596065	0.0
SRR6877363	2	dental calculus	2.7473734e-23	0.99989605	0.0	3.2565845e-19	1.6155161e-18	6.628095e-18	2.3570395e-19	6.761413e-18	2.7877558e-17	3.9502846e-18	1.9185432e-15	1.6760039e-19	0.0	7.270589e-17	0.00010392882	0.0
SRR6877364	2	tooth	0.07374942	0.0003347013	0.0	0.00021581275	7.386346e-05	2.3206628e-07	1.7799862e-06	5.5493394e-05	4.3914537e-05	6.093114e-05	2.0406999e-08	6.0411574e-05	0.0	1.819563e-05	0.92538524	0.0
SRR6877365	2	dental calculus	1.6273331e-17	0.99989617	0.0	1.0412227e-14	2.0552263e-14	4.307047e-14	1.6871785e-14	8.0446514e-14	1.9874232e-13	1.2501975e-12	5.8783026e-12	6.929772e-15	0.0	2.4643937e-12	0.000103810955	0.0
SRR6877366	2	tooth	2.8111208e-06	0.0526086	0.0	1.1525492e-06	3.713562e-08	2.5597505e-10	2.6114346e-09	9.474626e-07	2.1382964e-07	1.7078673e-07	7.816503e-09	4.6906887e-08	0.0	6.880945e-07	0.9473853	0.0
SRR6877367	2	dental calculus	3.3521688e-31	0.99999994	0.0	1.7198183e-24	1.959421e-24	1.593931e-23	1.3367268e-25	1.0143687e-23	1.5315e-22	6.879435e-22	1.627092e-21	3.7252625e-26	0.0	5.8440977e-21	5.057175e-08	0.0
SRR6877368	2	tooth	0.32565182	0.010688866	0.0	0.00071242533	0.013131546	0.0010672137	0.020308545	0.0065993667	0.0011764334	0.0069616227	0.0026230614	0.018126482	0.0	0.000992324	0.5919603	0.0
SRR6877369	2	dental calculus	8.488769e-14	0.9999877	0.0	2.6409935e-12	2.2575893e-12	1.8130351e-12	4.1770736e-11	1.10168975e-11	2.0075247e-11	1.2860784e-09	1.6788258e-10	1.0358442e-12	0.0	9.754705e-10	1.2257691e-05	0.0
SRR6877370	2	dental calculus	1.49e-43	1.0	0.0	3.6302445e-35	1.7132506e-35	7.4308343e-34	8.6690475e-37	2.4777772e-32	5.538084e-32	7.6486943e-32	1.3554056e-28	2.1404367e-38	0.0	4.7604733e-29	8.965126e-13	0.0
SRR6877371	2	tooth	0.29305312	0.018448805	0.0	0.0011474978	0.027903516	0.0023235048	0.04111643	0.014922882	0.0018271779	0.01324294	0.0033671488	0.042798463	0.0	0.001340221	0.5385083	0.0
SRR6877372	2	dental calculus	3.0462673e-17	0.9982851	0.0	2.0863717e-15	6.9865425e-15	2.0537039e-14	3.1725064e-15	6.4470754e-14	1.1918393e-13	1.03549154e-13	4.082718e-11	2.0998154e-15	0.0	7.0435465e-13	0.0017148817	0.0
SRR6877373	2	tooth	0.506494	0.00096654444	0.0	0.00035123012	0.00012773265	5.4575463e-07	6.151659e-06	8.82811e-05	6.9330585e-05	0.00014683486	4.619853e-08	0.00012406739	0.0	2.721936e-05	0.49159804	0.0
SRR6877374	2	dental calculus	8.706931e-24	0.99968815	0.0	5.374662e-19	6.012455e-19	4.072594e-18	4.4465244e-19	9.0036525e-18	2.908599e-17	6.148061e-17	2.3088661e-15	6.2275165e-20	0.0	6.052557e-16	0.00031185788	0.0
SRR6877375	2	tooth	0.1062064	0.00030344762	0.0	0.0002778609	8.6655054e-05	1.9776735e-07	2.826913e-06	0.00012845524	3.383221e-05	5.886084e-05	2.4765697e-08	7.81877e-05	0.0	2.1055353e-05	0.8928022	0.0
SRR6877376	2	dental calculus	9.70077e-24	0.9999723	0.0	3.845927e-18	1.2030889e-17	1.23631e-17	1.0984829e-18	1.7038906e-17	7.6906674e-17	2.3831415e-16	2.5887278e-16	3.9765697e-19	0.0	4.3293572e-16	2.770852e-05	0.0
SRR6877377	2	tooth	0.14476582	0.008346381	0.0	0.00058388675	0.018437741	0.0002247522	0.03904856	0.05776602	0.0014526752	0.0023862382	0.002053103	0.050587974	0.0	0.0022791591	0.6720677	0.0
SRR6877378	2	dental calculus	9.910492e-10	0.99999285	0.0	1.943503e-09	5.562443e-09	1.3779693e-09	6.060959e-08	9.907987e-09	6.4096106e-09	5.412296e-07	5.8357728e-08	3.1300373e-09	0.0	4.3935803e-08	6.4194055e-06	0.0
SRR6877379	2	tooth	0.35332856	0.01572948	0.0	0.0012585411	0.028292822	0.0017530582	0.026341464	0.029092552	0.0018000654	0.008882788	0.0025871177	0.11795133	0.0	0.0025455903	0.41043663	0.0
SRR6877380	2	tooth	0.0925521	0.0005982015	0.0	0.0003554935	0.0001552077	4.0483005e-08	2.2223437e-06	0.0015439191	7.350376e-05	3.770365e-05	1.1417086e-07	0.0010067695	0.0	0.00017960438	0.90349513	0.0
SRR6877381	2	tooth	0.50152504	0.02144926	0.0	0.0010482294	0.025517529	0.002581293	0.031282734	0.010746535	0.00158539	0.013490495	0.003782971	0.07219688	0.0	0.0011743716	0.3136193	0.0
SRR6877382	2	dental calculus	2.404882e-24	0.9999999	0.0	1.4900051e-20	6.0454476e-20	3.1486328e-19	1.9278775e-20	4.1899826e-19	1.4386524e-18	5.0989613e-18	1.1352449e-16	9.7444154e-21	0.0	1.2668313e-17	1.2071199e-07	0.0
SRR6877383	2	tooth	0.06892062	0.0003360983	0.0	0.00024607815	0.00012057987	2.4841745e-07	2.9156522e-06	9.1615635e-05	2.8646476e-05	7.953229e-05	2.1488228e-08	8.627202e-05	0.0	2.8026696e-05	0.9300593	0.0
SRR6877384	2	dental calculus	1e-45	1.0	0.0	1.1355626e-36	6.8119755e-37	4.7726445e-35	1.2391168e-38	5.6990957e-35	1.8249474e-33	7.926482e-34	5.845945e-32	1.495962e-39	0.0	3.1362275e-32	1.1711303e-16	0.0
SRR6877385	2	tooth	0.111434095	0.00010750845	0.0	3.116552e-05	7.5065955e-06	1.1405752e-08	2.4145407e-07	0.0001308592	1.9834612e-05	1.2210096e-05	7.3907303e-09	2.3345632e-05	0.0	1.3854433e-05	0.88821936	0.0
SRR6877386	2	dental calculus	1.0747259e-25	0.99999815	0.0	1.5982853e-20	6.269641e-20	2.3861625e-19	5.814126e-21	3.1724307e-19	8.274865e-19	1.9347078e-18	1.3925574e-17	4.456829e-21	0.0	6.4015603e-18	1.8216444e-06	0.0
SRR6877387	2	tooth	0.38179338	0.0080225635	0.0	0.00050504523	0.010650842	0.0004239628	0.004894163	0.008164895	0.0006359411	0.0030913572	0.000430745	0.0107714785	0.0	0.0007850998	0.56983054	0.0
SRR6877388	2	dental calculus	6.360349e-30	1.0	0.0	5.186393e-25	2.067122e-26	1.3660284e-25	1.0475968e-25	1.0464781e-23	3.8229932e-23	9.507172e-22	1.0409055e-20	2.6679816e-28	0.0	1.5435727e-20	3.1679766e-11	0.0
SRR6877389	2	tooth	0.000303107	0.0070465724	0.0	1.9549263e-05	1.8285813e-05	8.3036845e-08	3.0030653e-06	0.00059653545	1.4915051e-05	1.6530325e-05	6.6406085e-07	8.2031285e-05	0.0	5.3295804e-05	0.9918454	0.0
SRR6877390	2	dental calculus	6.0059266e-24	1.0	0.0	5.700728e-21	4.8263433e-20	2.1360582e-19	7.615395e-21	1.4081101e-19	5.4582386e-19	4.903578e-18	1.34482586e-17	1.5549663e-20	0.0	1.2865696e-18	1.2227161e-10	0.0
SRR6877391	2	tooth	0.07454187	0.0025081055	0.0	0.00017713977	0.0015455452	4.235507e-05	0.0020980989	0.009592457	0.000781421	0.00088717375	0.00037454843	0.0046966285	0.0	0.0008770006	0.90187764	0.0
SRR6877392	2	dental calculus	9.451133e-26	0.9999999	0.0	1.4483957e-21	3.4113966e-21	2.6065424e-20	5.98347e-22	3.313178e-20	1.1099802e-19	3.1774518e-20	2.779062e-17	5.6990735e-22	0.0	8.65629e-19	9.70182e-08	0.0
SRR6877393	2	dental calculus	2.81543e-40	1.0	0.0	4.030914e-32	2.2003346e-32	2.322529e-31	4.3273616e-34	2.158377e-30	9.086342e-30	3.5565564e-29	3.6078934e-28	2.550571e-35	0.0	1.3091496e-27	2.6913174e-12	0.0
SRR6877394	2	tooth	0.31226802	0.0010283035	0.0	0.00041524143	0.00063143414	1.0066109e-06	1.4734346e-05	0.00051675446	4.8971844e-05	0.00013183944	9.086433e-08	0.00024355059	0.0	6.74995e-05	0.68463254	0.0
SRR6877395	2	dental calculus	1.9481815e-22	0.9999989	0.0	7.0706913e-19	2.7361278e-18	9.829556e-18	9.600502e-19	8.934841e-18	2.7095715e-17	1.4874806e-16	9.60158e-16	2.3524443e-19	0.0	1.4704125e-16	1.0762207e-06	0.0
SRR6877396	2	tooth	0.44414553	0.0018114061	0.0	0.00079373067	0.00042941124	1.0831112e-06	9.997311e-06	0.00025091472	5.7113626e-05	0.00021146474	5.808019e-08	0.00031250334	0.0	5.4304757e-05	0.5519225	0.0
SRR6877397	2	dental calculus	3.824476e-29	1.0	0.0	2.7079522e-24	1.0862528e-23	1.8433781e-22	8.59164e-25	1.6968113e-22	6.749969e-22	2.8763301e-21	2.9309843e-20	9.60226e-25	0.0	2.5041833e-21	2.9219305e-09	0.0
SRR6877398	2	tooth	0.00036577327	0.121728905	0.0	2.1666733e-06	5.916926e-07	1.4989183e-09	8.5315355e-09	2.6255417e-05	2.1116932e-06	1.3660623e-06	6.614778e-09	1.9069631e-06	0.0	6.204629e-06	0.8778647	0.0
SRR6877399	2	dental calculus	0.0	1.0	0.0	1.7565e-40	3.5897e-41	1.1240705e-38	2.16e-43	1.0126125e-38	3.35255e-37	5.5643185e-37	1.4041248e-35	1.06e-43	0.0	7.0204076e-35	1.20799074e-17	0.0
SRR6877400	2	tooth	0.17648642	0.0006305537	0.0	0.00029512038	7.1868526e-05	4.2936998e-07	4.281086e-06	3.92605e-05	0.00016345292	0.00017875308	3.6907e-08	9.502242e-05	0.0	2.8828661e-05	0.822006	0.0
SRR6877401	2	dental calculus	1.5860989e-28	1.0	0.0	9.687389e-24	1.0158544e-23	2.8744766e-22	1.4900554e-23	3.2531049e-22	1.9548673e-21	4.954572e-20	2.7178299e-19	1.4777866e-24	0.0	5.179454e-20	1.7442309e-08	0.0
SRR6877402	2	tooth	0.0028084326	0.0008471176	0.0	6.8342433e-06	6.9398607e-07	4.5879602e-09	9.7850695e-08	6.3237326e-06	1.0056783e-05	3.7731152e-06	2.7501288e-09	1.0007428e-06	0.0	4.109274e-06	0.99631155	0.0
SRR6877403	2	dental calculus	0.0	1.0	0.0	2.1e-44	0.0	3.35e-43	0.0	2.643e-42	6.4966e-41	2.298548e-39	2.7383045e-38	0.0	0.0	3.02038e-37	1.5408391e-20	0.0
SRR7774469	2	midden	0.0016558281	0.1637977	0.0	0.1436485	0.015251957	0.003342064	4.1609663e-05	0.0019578133	0.0005929704	0.6227529	0.0039007477	0.010507774	0.0	0.030606706	0.0019434128	0.0
SRR7774470	2	midden	0.00015303677	0.032337118	0.0	0.021895044	0.23608875	0.18596587	0.0013740147	0.0038416372	0.001489861	0.42734206	0.044529255	0.0053977477	0.0	0.038650725	0.0009348798	0.0
SRR7774471	2	midden	3.1267027e-06	0.004568227	0.0	0.0011220581	0.005769867	0.042835884	0.00040804714	0.00035995964	0.0001658494	0.11085297	0.83014375	0.0012907668	0.0	0.002473492	5.9786316e-06	0.0
SRR7774472	2	midden	1.6050754e-07	0.17446932	0.0	0.0017818667	0.00011820771	1.5197724e-05	0.000114242364	0.0002769128	0.0011475479	0.0031415515	0.8083481	2.0394142e-05	0.0	0.010566187	2.7083095e-07	0.0
SRR7774473	2	midden	5.3775443e-07	0.22132629	0.0	0.002195685	0.0001055253	1.5669848e-05	0.0001489678	0.0005010153	0.0032783225	0.021338327	0.7275593	1.5387486e-05	0.0	0.023514431	5.0978605e-07	0.0
SRR7774474	2	midden	1.3440268e-06	0.007240095	0.0	0.0070211035	0.0024224855	0.0068893684	0.0017186889	0.0006938964	0.0020060441	0.16079623	0.7981116	0.0013869869	0.0	0.011708427	3.7058937e-06	0.0
SRR7774475	2	midden	9.746234e-05	0.37956592	0.0	0.524097	0.00010830384	3.0945434e-06	0.0016035555	0.010476741	0.011119956	0.038410716	0.00043319803	0.0007418422	0.0	0.008158868	0.0251833	0.0
SRR7774476	2	midden	6.862391e-07	0.0033659	0.0	0.008984778	0.0023271472	0.002840091	0.0006291972	0.0008881552	0.0034018774	0.08086319	0.87749994	0.0031195213	0.0	0.01607476	4.776458e-06	0.0
SRR7774477	2	midden	1.0446886e-06	0.0008076998	0.0	1.1879947e-05	1.0715822e-05	0.0001563843	2.7138669e-05	0.00020657922	8.935743e-06	0.0021681197	0.99583507	7.9920224e-05	0.0	0.0006860908	4.5138827e-07	0.0
SRR7774478	2	midden	0.010292168	0.4338756	0.0	0.05162353	0.016511692	0.0060603367	0.056667875	0.011711417	0.010236346	0.29922307	0.0038832794	0.08395038	0.0	0.00621422	0.009750088	0.0
SRR7774479	2	midden	1.1041793e-06	0.008170976	0.0	0.017120028	0.0022362438	0.0033723556	0.004002772	0.0016939627	0.0097349305	0.030495062	0.9115749	0.00049495837	0.0	0.011091352	1.1346292e-05	0.0
SRR8652706	2	lake sediment	0.13465677	0.250165	0.0	0.011906772	0.123500645	0.0005324001	0.0925801	0.0028881326	0.003133376	0.114590004	0.0001258789	0.18707554	0.0	0.0044007804	0.074444614	0.0
SRR8652707	2	lake sediment	0.1333646	0.02209949	0.0	0.004595886	0.16232671	0.00043105622	0.04220227	0.0028354665	0.0044385316	0.013194433	0.00021777152	0.5063297	0.0	0.002370769	0.1055933	0.0
SRR8652708	2	lake sediment	0.10969179	0.04316506	0.0	0.0070843594	0.076631226	0.0004988252	0.034388848	0.0038228354	0.004712247	0.014811022	0.00033963643	0.54946667	0.0	0.0022834179	0.15310405	0.0
SRR8652709	2	lake sediment	0.018983405	0.0042799194	0.0	0.0006226596	0.07142442	2.6026702e-05	0.029858522	0.019024687	0.00042401906	0.0010074305	0.0001970867	0.8417019	0.0	0.0026602964	0.009789625	0.0
SRR8652710	2	lake sediment	0.06817369	0.025269542	0.0	0.0031424735	0.20678066	0.0010061626	0.12808307	0.0029018323	0.0030986457	0.017354973	0.0012316221	0.5115504	0.0	0.0025985206	0.028808348	0.0
SRR8652711	2	lake sediment	0.18007752	0.013865672	0.0	0.001543725	0.14075515	0.00041466416	0.07691089	0.0030458674	0.002377822	0.01241143	0.0010024923	0.5460547	0.0	0.0028761886	0.018663831	0.0
SRR8652712	2	lake sediment	0.014174745	0.007549156	0.0	0.0005895663	0.2917493	0.00015974835	0.123272456	0.0055466583	0.0007833952	0.0037574614	0.00042784694	0.54384524	0.0	0.0014661466	0.0066782795	0.0
SRR8652713	2	lake sediment	0.033972144	0.0047598495	0.0	0.000118959804	0.21060872	1.9857238e-05	0.009887519	0.10833176	0.00043844135	0.000812374	0.00020575343	0.6235623	0.0	0.0023829518	0.004899373	0.0
SRR8652714	2	lake sediment	0.008744828	0.004118793	0.0	0.0002392329	0.2348754	3.474548e-05	0.013960456	0.19688426	0.0005689006	0.00074330356	0.00036414163	0.5323992	0.0	0.003917375	0.003149397	0.0
SRR8652715	2	lake sediment	0.036671627	0.0046315193	0.0	0.0005641146	0.1962741	1.1470897e-05	0.003909437	0.09391502	0.0007544622	0.00072136306	0.00017450245	0.6491748	0.0	0.007822461	0.0053751254	0.0
SRR8652716	2	lake sediment	0.011913706	0.00946861	0.0	0.0011713279	0.27070874	0.00018292206	0.003968582	0.23280348	0.0009174517	0.0011706748	0.013208544	0.44069567	0.0	0.013134196	0.0006561039	0.0
SRR8652717	2	lake sediment	0.0053269863	0.0125491815	0.0	0.0018282881	0.3439571	0.0005340214	0.0036319264	0.20317651	0.0009219517	0.0010560781	0.014874052	0.39890748	0.0	0.012942881	0.00029352924	0.0
ERR11413657	3	dental calculus	0.28657714	0.04683304	0.0074488386	0.0015087039	0.0068529886	0.0028251242	0.03096282	0.008275133	0.0010592483	0.031894013	0.0090203155	0.15179984	0.026807962	0.0012291817	0.36694354	0.019962128
ERR11413658	3	dental calculus	1.9856351e-13	0.9498305	5.6928184e-05	1.3070262e-09	4.7746243e-09	2.5783462e-11	9.732882e-10	2.9660652e-09	1.3172161e-09	3.0780643e-07	5.604095e-10	4.3983758e-10	8.1991436e-10	5.3316613e-09	0.050112255	5.53002e-10
ERR11413659	3	dental calculus	6.6688848e-37	0.9999901	3.7226578e-13	3.6950814e-25	1.309324e-25	1.1159909e-28	2.1520765e-27	4.435962e-24	4.662502e-25	5.112642e-22	2.8031269e-27	2.1290243e-27	1.7329063e-27	1.970807e-23	9.879737e-06	1.5075016e-26
ERR11413660	3	dental calculus	8.4901615e-36	0.99997073	2.199685e-12	4.4094895e-24	2.554083e-24	2.3633396e-27	4.355604e-26	6.90349e-23	7.863467e-24	1.8616834e-20	8.3240486e-26	2.1653726e-26	2.5330986e-26	2.8957617e-22	2.927857e-05	2.0508607e-25
ERR11413661	3	dental calculus	9.9419485e-37	0.99947464	1.0566288e-11	7.5032106e-25	1.8060857e-25	2.4370523e-28	5.5870935e-27	1.9483593e-23	1.6680117e-24	5.0592495e-22	5.358034e-27	1.968886e-26	5.7990344e-27	1.1156809e-22	0.0005253533	3.4963973e-26
ERR11413662	3	dental calculus	2.9288285e-23	0.99768895	2.3106237e-08	2.6186328e-16	1.2221169e-15	1.4621076e-18	5.8852425e-17	4.1484883e-15	4.875129e-16	7.0887225e-13	1.6327084e-17	1.2940132e-16	1.4618414e-17	9.509475e-15	0.0023110376	2.1593064e-16
ERR11413663	3	dental calculus	4.8694196e-29	0.99971414	2.7288675e-12	1.0745408e-20	3.2937514e-21	5.875374e-23	3.93573e-22	3.2839724e-19	1.502765e-20	1.7570373e-17	6.467772e-22	8.510338e-22	9.231468e-22	2.34508e-19	0.00028586315	1.1653785e-21
ERR11413664	3	dental calculus	0.2501495	0.03354085	0.0038222284	0.0015702283	0.002576597	0.0009368138	0.014617853	0.011075777	0.0005535073	0.017266028	0.0048459857	0.15791997	0.043784346	0.0013913108	0.44319797	0.01275104
ERR11413665	3	dental calculus	9.007453e-31	0.9999917	1.6159667e-10	3.786707e-21	1.8326716e-20	3.526353e-24	4.5956674e-22	8.1071235e-20	8.400691e-21	1.6243178e-19	7.057713e-23	8.247832e-23	5.5830924e-23	1.1392063e-19	8.273076e-06	6.1594456e-22
ERR11413666	3	dental calculus	2.0586e-40	0.9999969	7.683937e-14	1.3698387e-27	3.5656836e-28	1.0622096e-31	2.0648137e-29	2.749895e-26	1.7757236e-27	3.9188443e-26	4.0080964e-30	3.8704626e-29	4.3444244e-30	3.903589e-25	3.0722288e-06	5.513674e-29
ERR11413667	3	dental calculus	2.0814556e-31	0.999999	5.759606e-10	3.0896327e-21	5.6768295e-21	1.4148731e-24	1.5705321e-22	5.52702e-20	4.6721855e-21	1.331612e-19	4.7038362e-23	8.104833e-23	2.6399902e-23	1.1016775e-19	1.0264571e-06	1.8570174e-21
ERR11413668	3	dental calculus	7.533172e-32	0.99998957	1.7469365e-10	1.0012471e-21	1.4753776e-21	6.810702e-25	3.5005343e-23	1.4407874e-20	1.7733811e-21	1.9361285e-20	1.2104433e-23	7.9577046e-24	1.0373217e-23	2.832133e-20	1.0423816e-05	1.1920066e-22
ERR11413669	3	dental calculus	7.913464e-35	0.9999175	8.87909e-12	1.0472378e-23	1.6664099e-24	3.05575e-27	6.2669175e-26	2.849155e-22	1.0522086e-23	1.5319863e-22	6.2811435e-26	2.1313328e-25	6.4214406e-26	2.7303672e-22	8.24768e-05	6.0741225e-25
ERR11413670	3	dental calculus	8.261488e-18	0.9999409	4.633573e-08	3.783405e-13	2.8866425e-12	8.828759e-15	2.2983164e-13	3.547244e-12	4.1082453e-13	2.1499722e-09	1.7112622e-13	2.676375e-13	1.513624e-13	4.3714962e-12	5.908595e-05	2.0107849e-13
ERR11413671	3	dental calculus	1.6495127e-23	0.9999097	1.0369631e-08	1.8670385e-16	6.1218794e-15	8.769754e-19	5.8390415e-17	2.5430983e-15	1.8014349e-16	2.9645472e-14	3.1752298e-18	1.8069808e-17	1.2807702e-17	3.024548e-15	9.031115e-05	2.3626205e-16
ERR11413672	3	dental calculus	1e-44	0.9999996	1.4006117e-16	3.1318688e-30	1.3068752e-30	1.8221107e-34	6.6395396e-33	4.3960058e-29	4.2104515e-30	8.564056e-27	1.6776156e-32	4.0317267e-33	3.9044603e-33	7.810154e-28	3.9181432e-07	1.5767902e-32
ERR11413673	3	dental calculus	2.3835727e-33	0.99400795	2.1108513e-11	9.746856e-23	4.2640788e-23	1.7152948e-25	2.3419314e-24	3.7271325e-21	2.5865005e-22	2.299852e-21	1.4241709e-24	1.0191029e-24	1.734435e-24	4.0215344e-21	0.0059920284	5.3321593e-24
ERR11413674	3	dental calculus	3.7736327e-35	0.99992824	3.277271e-13	2.8917736e-24	4.3475544e-24	5.2697426e-27	5.761706e-26	1.6175255e-23	9.4232425e-24	1.2166487e-21	7.751949e-26	3.363299e-26	4.0450134e-26	1.850263e-22	7.179276e-05	1.0900066e-25
ERR11413675	3	dental calculus	8.573e-42	0.9999912	6.3224416e-14	4.7811254e-28	4.4548995e-29	2.9399164e-32	1.870788e-30	1.2315815e-26	7.8413905e-28	5.4865237e-27	8.499846e-31	1.4028346e-30	3.4539734e-31	3.2619645e-25	8.822429e-06	1.5709651e-29
ERR11413676	3	dental calculus	4.005e-42	0.9999233	1.5541515e-13	2.2862045e-28	1.1272616e-29	1.2104887e-32	6.4540263e-31	9.406261e-27	4.210519e-28	2.4714043e-27	4.1209136e-31	7.6541205e-31	2.092287e-31	1.6416067e-25	7.6711985e-05	1.2648782e-30
ERR11413677	3	dental calculus	1.65e-43	0.9999974	9.221442e-16	1.0596507e-29	3.8790813e-30	2.2193433e-33	3.2796263e-32	3.643144e-28	4.2413154e-29	3.5965467e-27	6.3933386e-32	2.6580058e-32	1.8013458e-32	5.3426783e-27	2.634364e-06	9.881471e-32
ERR11413678	3	dental calculus	0.12662505	0.024645567	0.0018040473	0.0008646978	0.020778919	0.0007134376	0.008083397	0.013248186	0.0005680387	0.010713102	0.0016115302	0.2678457	0.09119947	0.001654585	0.42134598	0.00829831
ERR11413679	3	dental calculus	4.5889982e-36	0.9996989	6.5188374e-14	1.236497e-25	9.8817216e-27	1.9435497e-28	4.98957e-28	8.497126e-25	1.4336606e-25	6.2161307e-25	5.6202204e-28	7.383278e-27	3.4421214e-27	4.528503e-24	0.00030111437	3.441718e-27
ERR11413680	3	dental calculus	5.9375304e-24	0.9460523	4.5222883e-09	6.139124e-17	1.6282198e-17	6.920572e-19	1.4047121e-18	6.436916e-16	3.0393508e-17	1.7497295e-13	1.761611e-18	3.665706e-18	3.1019974e-17	5.4794773e-16	0.053947676	2.5709558e-17
ERR11413681	3	dental calculus	3.1659713e-11	0.9961345	1.2098895e-05	6.353305e-09	1.5974718e-08	8.7463153e-10	1.1266576e-08	2.5033115e-08	5.813086e-09	6.0004005e-08	4.58492e-09	1.1192294e-08	3.705366e-08	1.0593291e-08	0.0038531828	4.945967e-09
ERR11413682	3	dental calculus	7.1427256e-12	0.9992921	9.239171e-06	3.4722567e-09	5.2325584e-09	2.1903077e-10	1.0858227e-09	2.7786866e-09	2.7893294e-09	6.467759e-08	1.5306036e-09	1.616187e-09	3.6525052e-09	1.8656212e-09	0.0006985842	6.511748e-10
ERR11413683	3	dental calculus	2.2709312e-11	0.9859263	2.8210714e-05	6.464297e-09	8.8961905e-09	7.786894e-10	4.7231064e-09	1.938166e-08	8.590151e-09	1.8670487e-08	1.7934562e-09	4.2811172e-09	1.3030563e-08	5.7033187e-09	0.014045423	1.9866724e-09
ERR11413684	3	dental calculus	0.10208133	0.08352847	0.022326253	0.0043512415	0.06350957	0.0034539201	0.067201845	0.02185157	0.0045807227	0.035849474	0.019406555	0.25067827	0.11796105	0.0044322675	0.18520065	0.013586804
ERR11413685	3	dental calculus	5.362908e-17	0.9988278	4.3077702e-07	5.777733e-13	1.0359769e-12	3.0688817e-14	5.0828075e-13	4.570422e-12	6.6576866e-13	4.7532572e-12	2.2643606e-13	2.7883097e-13	1.1035121e-12	2.6198375e-12	0.0011717622	3.7069943e-13
ERR11413686	3	dental calculus	1.6933e-41	0.99999785	2.3918831e-16	2.0323843e-28	4.3526435e-29	5.900785e-32	6.693557e-31	1.6674484e-27	5.339317e-28	1.2891624e-26	7.729061e-31	5.9086017e-31	1.3845218e-30	4.4157084e-26	2.1334288e-06	1.2792688e-30
ERR11413687	3	dental calculus	2.6117036e-35	0.9999999	1.3988791e-15	1.6512499e-25	3.2662934e-26	4.4996286e-28	3.3163416e-27	3.632774e-24	2.0531421e-25	5.6624834e-24	2.825491e-27	8.556259e-27	1.432788e-26	1.1560032e-23	1.1287946e-07	1.78668e-27
ERR11413688	3	dental calculus	2.8395077e-08	0.95518285	0.00083986734	1.3529202e-06	3.1763082e-06	2.3170954e-07	3.4074847e-06	2.251067e-06	1.3037533e-06	4.4502785e-06	9.1005927e-07	2.8654608e-06	4.8563297e-06	6.680548e-07	0.04395102	7.423066e-07
ERR11413689	3	dental calculus	1.997017e-37	0.99999684	1.5876872e-14	5.629806e-26	2.3121643e-26	7.336598e-29	7.530019e-28	9.313433e-25	1.8303035e-25	1.19966385e-23	9.021787e-28	1.5954234e-27	2.6732926e-27	1.2815584e-23	3.1746026e-06	3.1899326e-27
ERR11413690	3	dental calculus	7.221592e-15	0.9306308	1.6236111e-06	2.3347966e-11	2.949059e-10	2.5341985e-12	1.6786024e-11	2.293161e-10	3.7246407e-11	3.6027903e-10	3.8368414e-12	1.4273335e-11	6.262929e-11	1.3166028e-10	0.06936757	1.3003936e-11
ERR11413691	3	dental calculus	1.045728e-15	0.99949723	8.105576e-07	6.2962526e-12	5.689772e-12	7.1258835e-14	4.408322e-12	7.93462e-11	2.9656867e-12	3.0756514e-10	5.124068e-12	7.1627717e-12	6.7502774e-12	9.143907e-11	0.00050194474	1.2132342e-12
ERR11413692	3	dental calculus	7.774491e-39	0.99999994	1.1407778e-16	2.539259e-27	4.6003615e-28	3.082086e-30	1.2808754e-29	8.629009e-26	4.9476374e-27	2.7258765e-24	3.9441255e-29	3.0288525e-29	1.0930046e-28	1.7454794e-25	8.3058524e-08	1.8786109e-29
ERR11413693	3	dental calculus	7.8175295e-20	0.9999847	4.9130353e-08	4.05556e-14	3.023871e-15	9.523921e-18	9.468212e-15	1.1119073e-12	1.7331905e-14	3.5786482e-12	2.9511248e-15	2.3257936e-14	1.5067429e-15	3.314206e-12	1.5292022e-05	1.2995268e-15
ERR11413694	3	dental calculus	8.980029e-34	0.9999999	2.4616768e-14	2.5606107e-24	1.6514118e-25	1.6441481e-27	4.1665744e-26	2.6039986e-23	2.8772794e-24	6.182799e-23	7.135127e-26	1.6074683e-25	1.1269343e-25	3.734987e-22	9.249412e-08	2.5098525e-26
ERR11413695	3	dental calculus	4.964475e-37	0.999998	2.5061831e-14	1.0404215e-25	5.4953505e-26	6.39796e-29	1.0312006e-27	1.5995227e-24	2.6279296e-25	3.96907e-24	1.4723091e-27	1.1756225e-27	2.930155e-27	2.5770819e-23	2.017252e-06	1.9150467e-27
ERR11413696	3	dental calculus	2.7463028e-07	0.975478	0.00052391825	3.394702e-06	1.1780632e-05	1.1251202e-06	1.1429658e-05	1.2955826e-05	3.0617991e-06	2.437067e-05	2.7927094e-06	6.4940805e-06	1.9503628e-05	2.4986332e-06	0.02389543	2.9722428e-06
ERR11413697	3	dental calculus	0.012059915	0.6760473	0.018381665	0.008343298	0.03833783	0.002672208	0.016859218	0.014382008	0.0073291594	0.0143371	0.004833576	0.017539943	0.021998346	0.0013888353	0.1404443	0.0050452924
ERR11413698	3	dental calculus	0.07353179	0.12049153	0.018418264	0.03892683	0.12930527	0.012477113	0.15740341	0.03924353	0.021723574	0.11536974	0.023075208	0.08032811	0.09171915	0.0033821254	0.056891616	0.017712748
ERR11413699	3	dental calculus	0.00010124368	0.9342345	0.0058690333	0.0008417815	0.0012330164	0.00012859362	0.0012356294	0.0007917628	0.00041644383	0.001935323	0.00028525435	0.00057865086	0.0012093792	8.9459834e-05	0.050868135	0.0001817785
ERR11413700	3	dental calculus	0.10239755	0.14954749	0.020563425	0.009556928	0.037217554	0.009240877	0.034025084	0.016304616	0.003486324	0.079615615	0.01752976	0.05162384	0.24333407	0.0019329435	0.16999635	0.05362757
ERR11413701	3	dental calculus	0.121680275	0.071448505	0.028373554	0.017934248	0.10722194	0.012403433	0.124051005	0.02359237	0.0113523705	0.05132799	0.03486685	0.10310873	0.19939566	0.0036530867	0.060637586	0.028952416
ERR11413702	3	dental calculus	0.115958765	0.07635056	0.020255776	0.016556038	0.11797355	0.010356353	0.13797633	0.029250741	0.01583767	0.05113951	0.03413086	0.0973477	0.19674951	0.003624874	0.05211189	0.02437987
ERR11413703	3	dental calculus	0.09457208	0.09764615	0.036957934	0.017789904	0.1337897	0.010303751	0.14215228	0.0208789	0.012143379	0.050400425	0.035881158	0.0521317	0.20148076	0.003244259	0.068056375	0.022571227
ERR11413704	3	dental calculus	3.1782064e-24	0.9999572	1.4667866e-10	3.1233847e-17	3.6118494e-17	5.9218925e-19	4.0534944e-18	1.2640703e-16	6.5293905e-17	5.964611e-15	2.6767689e-18	1.0557576e-18	9.4431245e-18	2.2654992e-16	4.278289e-05	5.188008e-18
ERR11413705	3	dental calculus	0.08225711	0.14433162	0.040240545	0.028657423	0.11173236	0.012045068	0.115656406	0.05406534	0.023659427	0.089576654	0.035412937	0.08629654	0.09936799	0.0038488747	0.053890694	0.01896101
ERR11413706	3	dental calculus	5.6536954e-23	0.9999988	1.1991895e-10	4.930886e-17	7.320528e-17	6.0387416e-19	9.9489926e-18	5.4938483e-16	7.21774e-17	2.2078532e-16	4.9265165e-18	9.273613e-18	2.2597322e-17	4.790626e-16	1.1740852e-06	4.7204964e-18
ERR11413707	3	dental calculus	0.09122923	0.12148464	0.031235501	0.01491407	0.10901466	0.010405124	0.16442756	0.024009049	0.015202236	0.051292762	0.035059832	0.06276913	0.1485175	0.0036504264	0.090230465	0.0265578
ERR11413708	3	dental calculus	0.11187278	0.093241766	0.029020945	0.013033118	0.11176425	0.010801191	0.12315505	0.025228731	0.011964511	0.060400583	0.034198098	0.06551305	0.20473896	0.0034415508	0.07876529	0.022860117
ERR11413709	3	dental calculus	0.077062525	0.041514225	0.027915295	0.0126591865	0.05531499	0.009076968	0.10654254	0.017537687	0.012347289	0.044587392	0.03418074	0.036516536	0.4815282	0.003002286	0.026434889	0.013779263
ERR11413710	3	dental calculus	1.6266752e-33	0.99997425	1.07698794e-10	2.0225534e-22	4.2670092e-23	1.8320144e-26	1.0635924e-24	3.0434766e-21	1.1818173e-22	2.0937163e-21	1.6717473e-24	7.634243e-25	3.8036223e-25	1.619185e-20	2.5764959e-05	7.224e-24
ERR11413711	3	dental calculus	4.051196e-06	0.7891438	0.001380139	1.1627983e-05	0.00017238146	1.1462931e-06	4.7581056e-05	0.00029508947	1.1097638e-05	0.0001162942	3.5047204e-05	0.0004592951	8.118583e-05	4.6603353e-05	0.20818688	7.763769e-06
ERR11413712	3	dental calculus	2.7e-44	0.9999993	2.8181654e-15	7.143113e-30	2.911019e-31	9.433803e-35	1.982691e-32	1.7622886e-28	1.1640508e-29	5.9874537e-26	3.0882194e-32	1.821084e-32	1.8562883e-33	1.0999554e-26	7.328465e-07	3.6749298e-32
ERR11413713	3	dental calculus	3.3414e-41	0.9988536	3.0304078e-14	1.4884087e-27	1.0015956e-28	1.6300429e-31	3.818128e-30	9.523396e-27	1.852477e-27	1.3138773e-24	1.4723002e-29	7.8995605e-30	2.3952394e-30	4.0142287e-25	0.0011463821	1.7003819e-29
ERR11413714	3	dental calculus	3.70423e-40	0.99999046	1.917742e-14	9.579561e-28	1.3945777e-28	3.5586547e-31	7.515942e-30	6.026976e-26	1.9544443e-27	3.193162e-26	4.2674064e-30	5.2378295e-29	8.2012055e-30	1.5904072e-25	9.546617e-06	1.1486866e-29
ERR11413715	3	dental calculus	1.17e-42	0.9999947	4.3130935e-14	3.6341693e-29	1.5866813e-31	1.4902567e-33	3.2220294e-32	8.907647e-28	2.8552676e-29	1.6549996e-27	7.482294e-32	8.535782e-31	5.929024e-32	1.3414811e-26	5.2807413e-06	2.2608071e-31
ERR11413716	3	dental calculus	1.5942842e-31	0.99673504	1.3253627e-10	3.4600614e-21	9.854889e-22	3.4434914e-24	7.32004e-23	5.109079e-20	6.961308e-21	8.31799e-18	1.4354858e-22	2.9303185e-23	2.5491851e-23	2.2079294e-19	0.0032649795	5.9367773e-22
ERR11413717	3	dental calculus	5.092e-42	0.99999624	6.351672e-15	1.3696145e-28	7.296216e-30	4.2547635e-33	1.6096162e-31	3.6404274e-27	1.5165928e-28	8.900344e-26	5.6281635e-31	9.076698e-31	1.8502655e-31	5.757385e-26	3.7763639e-06	8.124674e-31
ERR11413718	3	dental calculus	1.5451879e-35	0.9999947	2.2613878e-13	2.7200472e-24	3.3659314e-25	1.5523332e-27	8.5723835e-27	9.37842e-23	9.380111e-25	1.2611317e-22	3.473521e-26	1.2800768e-25	4.1486796e-26	1.1845187e-22	5.331701e-06	4.2823767e-26
ERR11413719	3	dental calculus	4e-45	0.9999997	1.232661e-16	4.1016186e-31	4.336589e-33	5.586523e-36	4.2328734e-34	1.6663012e-29	4.0685167e-31	1.1829583e-29	1.1567569e-33	1.5925643e-33	1.2970817e-34	3.0256078e-28	2.9517867e-07	4.3132703e-34
ERR11413720	3	dental calculus	3.9982677e-34	0.9999999	2.5618469e-14	3.5168492e-24	2.0058694e-25	1.1925537e-27	1.379789e-25	1.4903972e-22	5.0393046e-24	1.7121551e-20	1.3497495e-25	3.2475653e-25	1.3861647e-26	1.1413951e-21	1.1276444e-07	7.762412e-27
ERR11413721	3	dental calculus	2.0377738e-33	0.9997956	3.1658137e-10	1.2736587e-22	2.1467969e-23	1.6971506e-26	1.503085e-24	1.7984336e-21	1.7725779e-22	8.051502e-22	1.2945783e-24	2.3719474e-24	2.89695e-25	1.9472426e-20	0.00020441267	5.1282968e-24
ERR11413722	3	dental calculus	9.96e-43	0.9999906	5.437562e-16	1.0177834e-28	9.70348e-30	2.688455e-32	3.1527908e-31	4.2566644e-28	1.0482608e-28	4.4597096e-26	7.991119e-31	2.4574535e-31	2.5096341e-31	4.5697557e-27	9.427985e-06	6.50546e-31
ERR11413723	3	dental calculus	1.1947779e-34	0.99997926	2.36678e-13	7.849159e-24	3.5606692e-24	4.184604e-27	9.3420273e-26	8.27669e-23	1.26379264e-23	2.6403836e-20	1.9800834e-25	6.738721e-26	3.8507093e-26	6.5260915e-22	2.0753117e-05	5.4026983e-25
ERR11413724	3	dental calculus	4.3824447e-31	0.99592286	3.004683e-10	2.6964099e-21	1.4080474e-21	3.702078e-24	2.0044191e-22	1.0802742e-20	9.859358e-21	2.1154511e-19	1.6743617e-22	2.6518935e-23	4.6877677e-23	3.8150826e-19	0.004077124	3.0653916e-22
ERR11413725	3	dental calculus	2.4520851e-34	0.9999439	3.6774542e-10	3.527033e-23	4.020504e-24	3.717506e-27	4.978949e-25	5.595833e-22	4.7143107e-23	3.6879018e-22	2.8543283e-25	5.6915654e-25	5.4377415e-26	1.1842152e-20	5.6108714e-05	1.722205e-24
ERR11413726	3	dental calculus	0.0013660631	0.76093036	0.0041708387	0.00028332145	0.013948083	8.136756e-05	0.0020718426	0.022385657	0.00031274869	0.015956266	0.0014934635	0.041271694	0.0012722651	0.002035075	0.13205992	0.0003610632
ERR11413727	3	dental calculus	4.3268298e-23	0.999686	1.4668966e-10	1.2183756e-16	2.8799607e-16	7.0547836e-18	4.09652e-17	8.643544e-16	1.8317522e-16	5.2840087e-14	5.0684023e-17	2.3615912e-17	5.5313938e-17	1.3569954e-15	0.00031402396	3.035968e-17
ERR11413728	3	dental calculus	3.0447506e-36	0.9999954	1.11033585e-14	3.0686292e-25	5.043846e-26	9.258672e-28	5.763394e-27	6.54721e-24	5.4411346e-25	2.2979662e-22	1.2588734e-26	6.0992934e-27	5.0565888e-27	2.980833e-23	4.5852275e-06	5.3927564e-27
ERR11413729	3	dental calculus	8.446984e-29	0.99999964	9.850585e-13	2.1475124e-20	1.494169e-20	1.4625777e-22	7.3574166e-22	5.0404406e-19	1.1140673e-20	2.5970563e-17	5.700148e-21	2.4974225e-21	5.5127645e-22	6.19357e-19	3.532789e-07	4.44484e-22
ERR11413731	3	dental calculus	3.6858656e-38	0.99999744	6.667331e-12	1.1392144e-25	4.1142667e-27	4.168648e-31	2.1586628e-27	3.559321e-24	9.544126e-26	8.55162e-22	1.61082585e-27	2.3576244e-27	1.8839396e-29	5.574154e-22	2.5429429e-06	7.7124435e-27
ERR11413732	3	dental calculus	0.0	0.99999976	1.9814432e-17	1.7006976e-31	7.9622595e-33	3.6341455e-36	3.7591506e-34	2.4258163e-30	2.0847776e-31	8.405898e-27	8.062558e-34	6.442743e-34	5.191184e-35	5.217732e-28	2.3710318e-07	1.0301045e-33
ERR11413733	3	dental calculus	7.080637e-30	0.99505687	7.815052e-09	3.1191033e-20	3.77509e-20	1.1845466e-22	2.330121e-21	2.2000618e-19	1.2912947e-19	1.4418777e-17	1.4662722e-21	4.519355e-22	7.905547e-22	1.4644356e-18	0.0049431087	1.0959438e-20
ERR11413734	3	dental calculus	3.9618413e-29	0.9966139	1.6290404e-08	8.965316e-20	5.0199685e-20	2.867267e-22	4.6508735e-21	6.342448e-19	2.6133673e-19	2.5844401e-17	9.365372e-21	9.66369e-22	1.6310801e-21	4.0509107e-18	0.0033860817	2.9040815e-20
ERR11413735	3	dental calculus	1.858449e-31	0.99610996	1.5011323e-09	3.122374e-21	1.6511222e-21	4.741425e-24	8.37297e-23	4.3845322e-20	9.702228e-21	4.2234206e-19	1.1728191e-22	9.192377e-23	3.9852694e-23	2.3650309e-19	0.0038900103	4.909069e-22
ERR11413736	3	dental calculus	0.086053096	0.012325712	0.011574277	0.0033634235	0.005695015	0.00023595727	0.013629591	0.0509753	0.001476665	0.0070106396	0.009207624	0.70586336	0.024341166	0.0052441666	0.06148845	0.0015155672
ERR11413737	3	dental calculus	8.469271e-39	0.9998224	2.773256e-13	3.6747757e-26	1.4834643e-26	8.523858e-29	7.358307e-29	2.9505262e-24	4.0131998e-26	6.8543823e-25	8.9766805e-28	7.4182546e-27	1.2760646e-28	9.59106e-24	0.00017763066	6.371028e-29
ERR11413738	3	dental calculus	0.012256189	0.010966594	0.0017742323	0.0014308555	0.084323935	0.0008108204	0.01061548	0.24282253	0.0017729455	0.0021857948	0.007960015	0.5913389	0.005389533	0.0120682875	0.013650178	0.0006337657
ERR11413739	3	dental calculus	1.09941535e-11	0.9953587	4.6488648e-07	1.0562231e-09	1.9321449e-09	1.1739242e-10	5.8671584e-10	1.693826e-08	4.0637327e-10	6.886882e-08	2.4002222e-10	2.2489727e-08	5.890607e-09	2.343002e-09	0.004640703	6.2836114e-10
ERR11413740	3	dental calculus	0.08102899	0.08794884	0.00942945	0.04745527	0.022811048	0.0031314439	0.022826301	0.028768957	0.004888191	0.045964327	0.0021291215	0.33857065	0.06524949	0.0018763739	0.21806832	0.019853225
ERR11413741	3	dental calculus	0.0072392845	0.24904111	0.0074600982	0.00043273796	0.0008274866	0.00019413467	0.0009040932	0.006060595	0.00013038055	0.0035226648	0.0004512737	0.023319349	0.023823446	0.00029174853	0.67513573	0.0011658529
ERR11413742	3	dental calculus	0.10883656	0.028081693	0.004158405	0.0018591535	0.011988753	0.00080445764	0.0056720376	0.016600104	0.00053399516	0.011621159	0.0012697874	0.08341876	0.12934572	0.0011893507	0.58496034	0.009659702
ERR11413743	3	dental calculus	0.09290885	0.021057073	0.0023356755	0.001073858	0.0048593446	0.0005872032	0.0028910637	0.013043424	0.0003471892	0.008576348	0.0007633904	0.05275734	0.07575503	0.00073119055	0.7165303	0.0057827206
ERR11413744	3	dental calculus	0.091748156	0.02831384	0.0054914723	0.0018618231	0.06701855	0.000494307	0.03593553	0.061775304	0.0009711591	0.013184615	0.0028212238	0.26449895	0.06006118	0.003329946	0.35241875	0.01007517
ERR11413745	3	dental calculus	1.6514944e-17	0.99998105	1.1471091e-09	3.3642197e-13	5.6298777e-14	3.708308e-15	6.0513563e-15	2.901148e-12	1.1435232e-13	1.2230717e-12	8.197439e-15	2.3502644e-13	8.9863555e-14	5.216e-13	1.895981e-05	1.6050058e-14
ERR11413746	3	dental calculus	0.12499486	0.12302378	0.0075453473	0.077867016	0.026166653	0.0026522775	0.036222495	0.038846802	0.010806882	0.044831336	0.0058322996	0.104423724	0.07543656	0.0025238176	0.30619168	0.012634475
ERR11413747	3	dental calculus	3.9902062e-08	0.96747863	0.00024059736	2.6984544e-06	1.2473988e-05	1.4322946e-07	3.6908432e-06	1.7339487e-05	1.4693203e-06	1.4239705e-05	3.6289674e-07	2.1077398e-05	2.1716992e-06	1.6060214e-06	0.032202132	1.3044082e-06
ERR11413748	3	dental calculus	0.15913041	0.09033335	0.016211063	0.043066736	0.011861115	0.004802135	0.035701465	0.012355806	0.0044444753	0.047974434	0.00504072	0.03646846	0.110832416	0.0015097264	0.39922702	0.02104066
ERR11413749	3	dental calculus	0.074808896	0.12797417	0.0099295275	0.0990448	0.01769418	0.0026059153	0.027689513	0.03377164	0.012076966	0.035829023	0.004124018	0.05020603	0.053122763	0.0022189477	0.4340865	0.014817102
ERR11413750	3	dental calculus	0.06344171	0.093793206	0.00827463	0.02183965	0.051838744	0.0025333401	0.0139267845	0.033491503	0.009346581	0.031096656	0.005193044	0.16360186	0.03495099	0.0017222968	0.4422382	0.022710811
ERR11413751	3	dental calculus	5.2589677e-08	0.97754866	0.00011009276	9.313223e-06	1.9343666e-07	4.177621e-08	2.2942909e-07	1.0626753e-05	5.951924e-07	2.3930408e-05	1.6037427e-07	3.2193852e-06	1.9906743e-07	3.9791253e-06	0.02228861	8.414856e-08
ERR11413752	3	dental calculus	1.5459e-41	0.997845	1.899331e-14	6.218463e-28	2.2754446e-28	6.853222e-31	2.7574502e-30	1.7696303e-26	2.153262e-27	2.3408316e-25	4.2873807e-30	1.3043024e-30	2.8190771e-30	8.622993e-26	0.0021549778	1.3667413e-29
ERR11413753	3	dental calculus	6.37834e-39	0.9985061	3.0964798e-13	3.4088603e-26	3.3965554e-27	9.565881e-30	1.8691868e-28	4.0658754e-25	8.083789e-26	1.1806251e-23	3.949756e-28	8.2080486e-29	6.8653113e-29	9.438648e-24	0.001493847	4.5738453e-28
ERR11413754	3	dental calculus	3.1732443e-09	0.08639497	0.00023046439	8.5553744e-08	7.166822e-06	1.28749225e-08	9.1855657e-07	1.7200622e-06	1.6347535e-07	7.736163e-07	5.3741612e-08	6.520345e-07	3.9057466e-07	5.4988345e-07	0.91336167	3.8739896e-07
ERR11413755	3	dental calculus	9.732824e-18	0.93271154	6.733375e-06	1.1013845e-12	4.6969508e-11	2.4711365e-14	9.372824e-13	1.4659265e-11	2.8031722e-12	8.387454e-12	7.236016e-14	5.3625496e-13	3.6917293e-13	1.1757601e-11	0.0672817	1.5005561e-12
ERR11413756	3	dental calculus	2.2849738e-16	0.9783566	1.3005219e-05	4.125301e-12	3.0819184e-11	2.209327e-13	4.3018354e-12	6.457363e-11	1.0072066e-11	7.2316736e-11	3.9715206e-13	2.0449376e-12	2.5738127e-12	3.9158742e-11	0.021630395	7.0800284e-12
ERR11413757	3	dental calculus	1.0461162e-24	0.9870142	2.8458718e-09	3.4107714e-17	1.665893e-16	9.8365546e-20	7.3918795e-18	4.0520493e-15	6.1407215e-17	1.7360517e-16	3.8430028e-19	7.648843e-18	7.296706e-18	1.336503e-15	0.012985812	4.6264026e-18
ERR11413758	3	dental calculus	2.3619946e-18	0.9985176	7.774674e-07	2.4578283e-13	3.2949249e-12	9.769329e-15	3.1580725e-13	2.6334009e-12	4.8708466e-13	1.28481635e-11	3.5126856e-14	4.3762784e-14	9.568966e-14	3.3849768e-12	0.0014816691	2.0832045e-13
ERR11413759	3	dental calculus	8.624852e-23	0.99956954	1.9656101e-09	1.3278607e-16	4.7114736e-16	2.629343e-18	3.6809825e-17	2.004153e-15	2.967521e-16	2.0945835e-15	1.028593e-17	4.9050053e-17	4.1412285e-17	1.4153249e-15	0.00043043675	3.1102828e-17
ERR11656729	3	bone	0.4611844	0.019675877	0.001989522	0.00040822473	0.011588722	0.0005171305	0.004066945	0.0033096299	0.0018590469	0.0052267406	0.0037570784	0.017215623	0.017045263	0.0015855813	0.45033854	0.0002316647
ERR11656730	3	bone	0.27032387	0.039385334	0.04044598	0.0036934682	0.018613726	0.003504245	0.05880418	0.008340932	0.00193382	0.023194669	0.04115457	0.04147512	0.043675903	0.0021903277	0.3860338	0.017230034
ERR11656731	3	bone	0.21162453	0.042268172	0.013441193	0.00334961	0.034202844	0.0035594848	0.13010015	0.015237468	0.0025370573	0.030144442	0.024825606	0.045006853	0.06541061	0.002322345	0.3471222	0.028847441
ERR11656732	3	bone	0.2818723	0.019458368	0.0027583223	0.0006560591	0.009865295	0.0007058683	0.006159583	0.0060248156	0.0011724839	0.005868058	0.0051412694	0.023068186	0.01982019	0.0016175627	0.61530304	0.00050861435
ERR11656733	3	bone	0.23497783	0.040277537	0.021068836	0.0033343597	0.059811026	0.0044513247	0.14395712	0.012892654	0.0045635863	0.026384106	0.04232085	0.07139385	0.06745602	0.0027411513	0.24519745	0.019172307
ERR11656734	3	bone	0.14341718	0.03306565	0.017907353	0.003811763	0.02504018	0.002875283	0.10086931	0.014203824	0.002167409	0.021543909	0.053535324	0.03438412	0.12508665	0.0023453827	0.39233428	0.027412392
ERR11656735	3	bone	0.25968415	0.040652324	0.015412895	0.0030197091	0.03987047	0.003719904	0.123787634	0.010920385	0.0033186204	0.025239587	0.025407732	0.06593367	0.059936892	0.0026453848	0.30002892	0.020421742
ERR11656736	3	bone	0.26959562	0.044530667	0.022793213	0.0036549417	0.06823911	0.004506048	0.13384196	0.011289895	0.0041466774	0.026509976	0.03759059	0.09101926	0.062236387	0.0028785442	0.1984741	0.018693026
ERR11656737	3	bone	0.19774085	0.048099697	0.03115744	0.0039310213	0.06836856	0.007825191	0.14618094	0.016724296	0.0040388727	0.029161273	0.0745349	0.066987164	0.091535285	0.004851393	0.1840623	0.02480081
ERR11656738	3	bone	0.17440404	0.036527306	0.020540344	0.003624668	0.05663043	0.003918525	0.20325106	0.01651585	0.0037032207	0.024351262	0.03748043	0.101424344	0.06261282	0.0031792875	0.22743644	0.024399975
ERR11656739	3	bone	0.124115445	0.043775227	0.023298675	0.0041194735	0.06645635	0.0053008236	0.20644255	0.020442398	0.0037549573	0.026963778	0.036845457	0.13225903	0.08194052	0.003753777	0.19219895	0.028332597
ERR11656740	3	bone	0.12844582	0.037461203	0.01911569	0.002966593	0.08514149	0.004182113	0.10996645	0.014105168	0.0031112682	0.022927409	0.026229013	0.11638649	0.07314273	0.0032341643	0.33331507	0.020269321
ERR11656741	3	bone	0.09493328	0.030033069	0.016295498	0.002579361	0.070682794	0.0035601328	0.12474106	0.013702153	0.0026710567	0.01859304	0.019936487	0.1128611	0.064239465	0.0030805005	0.40145078	0.02064023
ERR11656742	3	bone	0.10209198	0.051188722	0.028631685	0.0039402083	0.07607444	0.0067581246	0.27636388	0.012167206	0.0038910138	0.033082232	0.051286727	0.09108337	0.080676444	0.0029453614	0.1441614	0.035657205
ERR11656743	3	bone	0.1071944	0.03780082	0.018906986	0.0028598302	0.07287219	0.0043298095	0.129501	0.018450605	0.0031188107	0.023318425	0.023014825	0.11277274	0.060384728	0.0030193704	0.35942104	0.02303441
ERR11656744	3	bone	0.110880405	0.02853524	0.016752474	0.002475848	0.051698625	0.0033511294	0.08096528	0.012307758	0.0024244455	0.018514276	0.02162087	0.055434942	0.05967268	0.002150513	0.51461154	0.018603986
ERR11656745	3	bone	0.11522215	0.0486786	0.026496062	0.0039313035	0.07691988	0.0058554388	0.20399298	0.016322726	0.0037291823	0.031827472	0.042069286	0.11640272	0.06925834	0.0032930167	0.20374094	0.032259893
ERR11656746	3	bone	0.1297389	0.0392984	0.019423414	0.0029037811	0.076280914	0.004399714	0.13507095	0.01758001	0.0035837158	0.023505395	0.027549263	0.15939607	0.06750261	0.0035425157	0.26841074	0.021813609
ERR11656747	3	bone	0.16064917	0.041843213	0.021402493	0.003306519	0.061392535	0.004769871	0.17075917	0.012417403	0.0032475616	0.027199792	0.032843366	0.10556182	0.064164355	0.0027074104	0.2662332	0.021502104
ERR11656748	3	bone	0.11970273	0.04534209	0.027665267	0.0036392212	0.0732385	0.0065346994	0.23962644	0.011837831	0.004016083	0.030773161	0.039526828	0.101030566	0.09061027	0.0029802907	0.17069733	0.03277869
ERR1560012	3	lake sediment	0.0068777567	0.0036712687	0.0037205592	0.00058730034	0.80818826	0.01962167	0.051247947	0.0037301495	0.0004940546	0.0031170826	0.036825184	0.016782653	0.040339768	0.0010631703	0.0018041565	0.0019290169
ERR1560013	3	lake sediment	0.00011754897	6.812752e-05	0.00011366611	1.6963795e-05	0.98454845	0.0049413014	0.001663965	0.00028784643	1.161507e-05	5.3517117e-05	0.007178244	0.0006674441	0.00020569116	0.00010636858	5.072882e-06	1.4188491e-05
ERR1560014	3	lake sediment	0.00010128264	0.00012180519	0.00020410019	1.3819565e-05	0.9757279	0.01093106	0.00087354163	0.0005979922	2.1450489e-05	6.617389e-05	0.0096449135	0.0012454537	0.000264702	0.00014855614	1.513044e-05	2.2078517e-05
ERR1560015	3	lake sediment	0.0036499703	0.0015702278	0.0026438793	0.00019804068	0.91119653	0.036234874	0.008811707	0.0029026556	0.00018004229	0.0007943676	0.01683383	0.005037317	0.008320291	0.0006630698	0.000496314	0.0004669131
ERR1560016	3	lake sediment	0.00026788918	0.00023914086	0.0011066337	2.9825576e-05	0.55095154	0.35376447	0.0012704034	0.0015677799	1.6739968e-05	7.439819e-05	0.089598805	0.00033977383	0.00052253157	0.00022222259	4.367863e-06	2.3509006e-05
ERR1560017	3	lake sediment	0.00028240384	0.00031276263	0.00086075626	3.795257e-05	0.16845077	0.66141474	0.0008932793	0.0029685998	2.1960946e-05	5.8385467e-05	0.163736	0.00040256127	0.00030019038	0.0002525428	2.6901855e-06	4.4171748e-06
ERR1560018	3	lake sediment	0.23914921	0.070156105	0.01992916	0.0026840603	0.23178019	0.024923567	0.018108472	0.0255679	0.004780674	0.017563	0.1919822	0.056041952	0.050165802	0.0073827067	0.039404996	0.00038002728
ERR1560019	3	lake sediment	0.00033276837	0.00016046214	0.0013493422	2.465152e-05	0.06478508	0.7298986	0.00037945792	0.0009578308	6.356894e-06	4.36129e-05	0.20154557	4.2601478e-05	0.00038417408	7.7043995e-05	8.684282e-07	1.1590047e-05
ERR1560020	3	lake sediment	0.0016132633	0.00073078286	0.0008721796	1.557312e-05	0.26904348	0.4701467	0.0004746737	0.0030393987	4.9755145e-05	7.821029e-05	0.25177127	0.0012198826	0.0005553988	0.0003754939	1.2990175e-05	9.5053764e-07
ERR1560021	3	lake sediment	0.0041528	0.0011199828	0.0018951567	4.373048e-05	0.116897345	0.529509	0.00054611027	0.0038472451	6.127212e-05	0.00019252709	0.33887237	0.00066052855	0.0016900297	0.00047555348	2.9567018e-05	6.7767214e-06
ERR1560022	3	lake sediment	0.0011023061	0.00088711316	0.0028238746	0.00011747504	0.19976863	0.42696416	0.0009335841	0.0028358614	3.8021397e-05	0.00021090459	0.36141905	0.00094872864	0.0014495775	0.0004717755	1.4677278e-05	1.4270275e-05
ERR1560023	3	lake sediment	0.0034987736	0.004991775	0.014496819	0.0005777692	0.23623568	0.10804893	0.010570985	0.014770343	0.0002272259	0.0012694497	0.5921257	0.0038409631	0.0054696617	0.0036822176	0.00016310553	3.0553496e-05
ERR1560024	3	lake sediment	0.17413631	0.053745765	0.025186367	0.0058294265	0.106482856	0.0071305837	0.095170066	0.018708905	0.006292432	0.033196043	0.047098577	0.079666905	0.1876634	0.0037525452	0.15209271	0.0038471005
ERR1560025	3	lake sediment	0.1764693	0.08902461	0.018483708	0.0023064057	0.23675779	0.0097909495	0.022833848	0.031458296	0.0071117864	0.028124386	0.11216343	0.112029746	0.062949695	0.011374853	0.07902952	9.167592e-05
ERR1560093	3	lake sediment	0.00013877005	0.00014849112	0.001573539	1.8043651e-05	0.33453432	0.58164924	0.0031314455	0.00080076273	1.4042529e-05	4.1826395e-05	0.0770692	0.00015469766	0.00055432715	0.00015444089	1.4371363e-06	1.5394997e-05
ERR1560094	3	lake sediment	0.00024532783	0.0003014499	0.0016222997	3.3968056e-05	0.59845036	0.32387844	0.004585959	0.0010956402	1.9484904e-05	0.00012972386	0.06781527	0.00046650047	0.0010684746	0.00024228782	2.824952e-06	4.2011674e-05
ERR1560095	3	lake sediment	0.0001624949	0.00016414291	0.0014413608	1.7981163e-05	0.24380358	0.6049121	0.004765144	0.0009455251	1.0742432e-05	4.55832e-05	0.14249288	9.292635e-05	0.0009908132	0.00013704089	1.1312438e-06	1.6556418e-05
ERR1560096	3	lake sediment	0.15279686	0.040544204	0.029131746	0.0041727913	0.0890246	0.008759443	0.16956094	0.009795616	0.0040131686	0.03350081	0.04502084	0.08338608	0.2189038	0.0027062232	0.07588605	0.03279683
ERR1560097	3	lake sediment	0.11084759	0.030554663	0.032262076	0.0034773133	0.11315301	0.011169123	0.117944896	0.009451983	0.0032524327	0.024195202	0.09776925	0.07000534	0.32491234	0.0028377795	0.029551044	0.018615963
ERR1560098	3	lake sediment	0.013051533	0.006652935	0.035357278	0.0006612527	0.28676537	0.3372547	0.008482913	0.008767292	0.00039258032	0.0028260262	0.2501729	0.0068369587	0.039690692	0.0016462982	0.00036633646	0.0010749102
ERR1560099	3	lake sediment	0.034449004	0.015649687	0.060309444	0.0020921146	0.17102975	0.02491533	0.067839354	0.007945789	0.0015239908	0.011061975	0.14806725	0.03774207	0.40382016	0.002949134	0.0043237293	0.0062812166
ERR1560100	3	lake sediment	0.030198187	0.0136604505	0.047231607	0.00134491	0.2325699	0.147334	0.017476285	0.011448596	0.0009340952	0.0065821167	0.37957472	0.015826417	0.08793791	0.0031906385	0.001457532	0.00323264
ERR1560101	3	lake sediment	0.12037983	0.034705527	0.04314843	0.0039038796	0.16006301	0.009830312	0.14139187	0.010237742	0.0033869206	0.028230233	0.08843588	0.078419976	0.21648405	0.0030890068	0.036090758	0.02220256
ERR1560102	3	lake sediment	0.038690746	0.019122422	0.07628108	0.0019746423	0.14039151	0.027199717	0.04253295	0.01186982	0.0011847701	0.009918501	0.4801211	0.027535733	0.11145563	0.004603317	0.0021298137	0.004988233
ERR1560103	3	lake sediment	0.00082979305	0.0006135038	0.0025767006	4.320082e-05	0.090487376	0.5880387	0.0009356953	0.005540668	4.1738338e-05	0.00016305415	0.30522266	0.0003942697	0.0046317964	0.00043527418	1.1363665e-05	3.4253677e-05
ERR1560104	3	lake sediment	0.021886643	0.01219814	0.055463374	0.0012318031	0.17789885	0.101424284	0.013151338	0.010563309	0.0005392113	0.005318125	0.52345836	0.018113194	0.052586056	0.0036319594	0.0007188814	0.0018164701
ERR1560105	3	lake sediment	0.00044519675	0.00064483803	0.0025238232	7.447394e-05	0.56644297	0.25872973	0.0009797954	0.008937904	4.4071858e-05	0.00014175664	0.15607819	0.002591089	0.0014699012	0.0008452686	1.8703853e-05	3.2293417e-05
ERR1560106	3	lake sediment	0.00027230845	0.00031548555	0.0013009274	4.6202666e-05	0.6323481	0.20378125	0.00024543508	0.0066942796	1.575231e-05	7.6177e-05	0.153448	0.0005195915	0.0004522799	0.0004585866	1.2353084e-05	1.3224481e-05
ERR1560107	3	lake sediment	0.0016260808	0.0018763908	0.009119798	0.0003087451	0.424931	0.21729098	0.0013377303	0.009885479	0.00019571868	0.0005414874	0.32783464	0.0021538038	0.0012725117	0.0015019815	8.0846476e-05	4.2825664e-05
ERR1560108	3	lake sediment	0.0023597789	0.0006164183	0.0014800732	9.2804505e-05	0.61816466	0.24873705	0.0012915529	0.0038852294	7.862805e-05	0.00014574641	0.12130976	0.00026397576	0.001090178	0.0004474781	2.1249876e-05	1.5432957e-05
ERR1560109	3	lake sediment	0.0011429574	0.0008120442	0.0053306576	0.00017732347	0.21692376	0.28725612	0.00073157373	0.004168446	7.8988945e-05	0.00016893508	0.48038113	0.0012562849	0.0009797987	0.0005461283	1.3722288e-05	3.215423e-05
ERR1560110	3	lake sediment	0.009261392	0.003816018	0.012842279	0.0005473538	0.37792286	0.09351933	0.007575244	0.03188225	0.000358227	0.0013394417	0.43536237	0.0063179964	0.01474095	0.0040111784	0.000302186	0.00020092157
ERR1688747	3	sediment	0.1115985	0.033763725	0.032117788	0.0033715626	0.15317883	0.12299938	0.12667264	0.021185802	0.002839804	0.02594377	0.18675335	0.023576647	0.08468597	0.0030329104	0.045557313	0.022722019
ERR1688749	3	sediment	0.010415607	0.004337231	0.0048018685	0.001147266	0.3419464	0.512739	0.035685424	0.02481308	0.0009735128	0.0051632854	0.034758754	0.0028374842	0.006504605	0.0015489925	0.007744862	0.004582625
ERR1688750	3	sediment	0.07514749	0.03190036	0.033701926	0.006769855	0.20586339	0.014995155	0.2520047	0.025790036	0.0053630252	0.025559463	0.07232563	0.063116506	0.092196845	0.004642155	0.065216705	0.025406778
ERR1688752	3	sediment	0.006654862	0.0026872393	0.0018349494	0.00034343073	0.11350916	0.80871946	0.014081461	0.00835211	0.0003182159	0.0012668882	0.032359462	0.00080350327	0.005047245	0.00042068542	0.0018250399	0.0017763
ERR1688754	3	sediment	0.07343229	0.025765195	0.015988376	0.002141236	0.19967242	0.33144376	0.10440723	0.019941958	0.002206065	0.014976025	0.111435235	0.011145376	0.04068431	0.0019810689	0.027110282	0.017669175
ERR1688756	3	sediment	0.05101625	0.019060994	0.014318822	0.002433327	0.3085824	0.28052706	0.11306114	0.02900157	0.0020296802	0.013039197	0.07544653	0.012717548	0.040926136	0.0025188585	0.02348403	0.011836468
ERR1688758	3	sediment	0.0024975657	0.0011019912	0.0009875065	0.00013317494	0.047788482	0.9159598	0.0040127244	0.0029705667	9.335352e-05	0.00047005675	0.020496171	0.0002696278	0.002110893	0.00012095187	0.0005836411	0.0004035365
ERR1688760	3	sediment	0.08569428	0.018240774	0.013524218	0.0016705218	0.26217568	0.3595241	0.08120975	0.021627072	0.0015329939	0.009517838	0.08132041	0.0074599646	0.029278142	0.0016470377	0.018999314	0.006577902
ERR1688761	3	sediment	0.06622624	0.022944205	0.017479979	0.0034059037	0.3053345	0.124218434	0.19118902	0.024308378	0.002526863	0.014178664	0.08517798	0.019799823	0.08100319	0.0026087875	0.025499037	0.014099003
ERR1688762	3	sediment	0.07536724	0.020870933	0.012713329	0.0025558937	0.3481275	0.1443358	0.13116848	0.034620233	0.0022459237	0.0142880725	0.088660546	0.01428619	0.06296015	0.0029210793	0.029472027	0.015406575
ERR1688764	3	sediment	0.050390936	0.016900504	0.013806354	0.0027454202	0.23090671	0.31788963	0.11693172	0.037046097	0.0026194819	0.015506928	0.09296549	0.015996901	0.04249583	0.003460025	0.02295589	0.017382085
ERR1688765	3	sediment	0.016869964	0.006312815	0.004846376	0.0009275239	0.19908836	0.64651155	0.028166581	0.017347017	0.0008004198	0.0064070676	0.043675162	0.0030123217	0.010309955	0.0012294792	0.009599246	0.004896158
ERR1688768	3	sediment	0.13349092	0.046267807	0.030792218	0.0042672236	0.07120877	0.011452429	0.26976243	0.0115122795	0.0043041445	0.036802173	0.06007333	0.06531615	0.0869043	0.0031049952	0.1149616	0.049779244
ERR1688769	3	sediment	0.014036316	0.0054467604	0.0064578806	0.00095797615	0.1262956	0.722291	0.029198803	0.01600916	0.0007603307	0.0055268407	0.050130624	0.0029111416	0.0061054486	0.001111851	0.008380804	0.0043794564
ERR1688771	3	sediment	0.099365	0.025698056	0.013801095	0.004571839	0.17464541	0.040532812	0.32122654	0.035484776	0.0033717602	0.02711713	0.0644701	0.041075323	0.06331895	0.005444385	0.05549381	0.024383022
ERR1688772	3	sediment	0.06874376	0.02619925	0.013629999	0.004865227	0.12616688	0.010959338	0.36903837	0.028670693	0.00509924	0.0338784	0.051040202	0.07989711	0.05891315	0.0054472573	0.0902977	0.027153399
ERR1688775	3	sediment	0.08498102	0.031702477	0.016739508	0.0051947944	0.18754289	0.030359467	0.21243788	0.030382305	0.005497759	0.029554084	0.07221759	0.05292512	0.059174217	0.0052127675	0.13575126	0.040326852
ERR1688778	3	sediment	0.033097267	0.017494801	0.016995285	0.0036968638	0.15261002	0.32244304	0.17923234	0.0419213	0.003327131	0.020524342	0.09665598	0.018068742	0.032936297	0.003949514	0.03655696	0.020490134
ERR1688780	3	sediment	0.027890785	0.011740634	0.0073095523	0.0021257512	0.3592316	0.2603479	0.17211284	0.017740538	0.0018948051	0.011964301	0.07689543	0.008420954	0.014825633	0.0023847313	0.017272659	0.007841884
ERR1688782	3	sediment	0.05865298	0.026746713	0.024461357	0.005540579	0.0781364	0.0030046536	0.4367391	0.020121992	0.0043323436	0.023330597	0.05655211	0.07196426	0.1313649	0.0041481033	0.035758846	0.019145096
ERR1688785	3	sediment	0.052459765	0.026899695	0.0284098	0.006660269	0.0569688	0.0035275735	0.36262023	0.023224073	0.008338891	0.058048666	0.054743532	0.07940646	0.07373413	0.009462044	0.11584125	0.039654806
ERR1688788	3	sediment	0.14125594	0.039271206	0.026388576	0.004547814	0.065791495	0.009936133	0.18541007	0.013693698	0.006307459	0.039966363	0.08929653	0.055847593	0.085944764	0.0040224358	0.16370945	0.068610474
ERR1688789	3	sediment	0.1430293	0.041100454	0.028424418	0.006258274	0.062555924	0.011755907	0.16814934	0.017750472	0.008086916	0.040319514	0.088700496	0.070495166	0.096776545	0.0040440555	0.12723833	0.085314885
ERR1688797	3	sediment	0.006334955	0.003067434	0.0033435007	0.0008237548	0.19078068	0.6845828	0.015334991	0.01205863	0.00078150816	0.003167742	0.06610324	0.0013376268	0.004366861	0.0009582874	0.0040805996	0.0028773712
ERR1688799	3	sediment	0.0036648256	0.0015858724	0.0015993917	0.00026571483	0.16012171	0.7721211	0.013529338	0.0059217415	0.00026027375	0.0011278515	0.034796625	0.00040907902	0.001785436	0.00044151145	0.0012269492	0.0011426142
ERR1688803	3	sediment	0.0028919454	0.0012177455	0.0012895787	0.00019136758	0.10967048	0.8439965	0.004407113	0.0032969639	0.00020983127	0.0006970462	0.027874669	0.0003286766	0.0014377083	0.00023366195	0.0011306679	0.0011260197
ERR1688804	3	sediment	0.0032883696	0.0014920568	0.0014611329	0.00025686322	0.12414814	0.81774455	0.009300113	0.0045470074	0.00029405754	0.0009106105	0.030964347	0.00048053372	0.0019896668	0.00035088242	0.0014686108	0.0013030708
ERR1688808	3	sediment	0.005767013	0.0033828565	0.0031751287	0.0016957613	0.264419	0.5447566	0.05227356	0.055931803	0.0015815543	0.006198256	0.03522172	0.0034038418	0.0061336774	0.002863385	0.0097278925	0.003467997
ERR1688810	3	sediment	0.11200669	0.03314479	0.028527621	0.004786948	0.10268969	0.02633509	0.23374927	0.03218905	0.0043374277	0.04215938	0.06361233	0.061064903	0.11571799	0.005497699	0.10352124	0.030659879
ERR3772645	3	lake sediment	1.7180788e-05	2.1860766e-05	2.901664e-05	0.0008333836	0.97472405	0.0015195595	0.00026256533	0.0039326316	0.00038945413	6.4412097e-06	0.01795829	5.4714452e-05	2.1316757e-06	0.00024302593	3.3523997e-06	2.3475488e-06
ERR3804374	3	lake sediment	0.00031635206	0.00046272489	0.0003599736	0.00011150465	0.93795353	1.7685563e-05	0.038495917	0.008868257	8.5892796e-05	0.0005027076	0.004107713	0.006761021	0.0010067926	0.0007835127	5.3091804e-05	0.000113319526
ERR3804375	3	lake sediment	0.00017851687	0.00026316757	0.0013274072	0.00016831036	0.8540843	0.00021521612	0.0111388415	0.01272793	7.549715e-05	0.0003070464	0.106189564	0.009573031	8.9179055e-05	0.0036088221	4.624073e-06	4.8528433e-05
ERR4172756	3	dental calculus	7.8836484e-07	0.99812204	7.6310636e-05	8.838856e-06	4.203767e-07	6.107307e-07	6.4435665e-07	8.521761e-05	2.5249608e-06	0.001555625	1.219551e-06	6.113487e-06	1.065834e-06	3.8641756e-06	0.00013424129	4.897625e-07
ERR4172758	3	dental calculus	2.557051e-07	0.99872214	2.169373e-05	3.1640734e-06	4.6832264e-07	2.8280957e-07	3.8901896e-07	7.70344e-05	1.6726772e-06	0.0010609588	4.052926e-07	1.04892615e-05	3.8795687e-07	1.5201034e-06	9.8978984e-05	1.8530756e-07
ERR4172761	3	dental calculus	2.1492879e-09	0.99995565	1.1815255e-06	4.4905825e-08	1.546819e-09	1.5525227e-09	5.076338e-10	1.1166932e-06	1.2548326e-08	2.3792574e-05	4.1821044e-09	7.9367204e-08	9.727367e-10	3.7305387e-08	1.8095785e-05	1.8519196e-10
ERR4172763	3	dental calculus	0.020172216	0.53858495	0.021904172	0.0020494368	0.019844348	0.0030280438	0.064650156	0.025958786	0.002028253	0.19526668	0.010028746	0.04232078	0.009206519	0.0017628658	0.033326622	0.009867416
ERR4172766	3	dental calculus	5.320685e-10	0.9999884	1.2815226e-06	7.227134e-08	3.1605957e-08	3.936896e-08	8.073359e-10	3.0747333e-06	2.8243742e-08	5.816017e-06	1.07848175e-08	1.4592349e-08	1.3216654e-09	2.2861922e-08	1.243116e-06	3.027419e-10
ERR4172783	3	dental calculus	2.745834e-10	0.9999939	1.0415962e-06	7.823484e-09	6.601129e-09	7.553176e-08	1.4687918e-11	1.2410126e-06	2.1869928e-09	3.4757388e-06	8.2049184e-10	1.116406e-09	1.32999506e-11	1.0371098e-08	1.9797511e-07	5.871935e-12
ERR4172788	3	dental calculus	1.650128e-10	0.99999297	8.33167e-07	1.982219e-08	8.262026e-09	2.456452e-08	3.210842e-11	9.876052e-07	7.528193e-09	4.777699e-06	2.7564633e-09	9.733282e-10	2.4397012e-11	1.6167894e-08	3.5180437e-07	2.3317692e-11
ERR4172789	3	dental calculus	0.00046469216	0.9934454	6.3766835e-05	1.1561271e-05	0.00010120304	8.299603e-06	0.00010152052	0.00033121093	6.0518596e-05	0.0036847237	4.2108917e-05	0.0003105756	6.293553e-05	2.669415e-05	0.0012838709	9.231188e-07
ERR4172797	3	dental calculus	0.00064136786	0.9914822	0.000114853356	1.2537743e-05	9.9134966e-05	1.1227228e-05	0.00012165482	0.0008579825	4.9754075e-05	0.0043451986	8.271719e-05	0.0008981977	5.7248355e-05	2.8024308e-05	0.0011964056	1.4700063e-06
ERR4172799	3	dental calculus	1.6943488e-05	0.99940765	4.0268974e-06	2.7408302e-07	1.1513507e-06	1.6358173e-07	4.8068944e-07	2.8069175e-05	3.7379414e-06	0.0003927303	6.285884e-07	3.8252536e-05	1.3269356e-06	9.436912e-07	0.00010362959	3.250948e-09
ERR4172800	3	dental calculus	1.0336413e-05	0.9994535	2.8408328e-06	4.5941547e-07	1.8274357e-06	2.1036097e-07	9.45595e-07	4.2287975e-05	3.9227384e-06	0.00035306928	9.093193e-07	2.2016708e-05	2.1393832e-06	9.783822e-07	0.00010453756	4.468803e-09
ERR4172802	3	dental calculus	0.0004894337	0.99293905	0.000120535246	1.1084281e-05	0.00016842077	1.8894516e-05	0.00015638862	0.00046589095	4.8491052e-05	0.004094746	5.014934e-05	0.00039633794	0.0001509326	1.7921384e-05	0.00086988916	1.850795e-06
ERR4172804	3	dental calculus	0.00024610994	0.99121547	0.00012594255	1.1980106e-05	0.00019899341	1.802491e-05	0.00018064592	0.00041091852	5.8986294e-05	0.00537663	7.243395e-05	0.0005147252	8.857677e-05	2.2650927e-05	0.0014546188	3.2833068e-06
ERR4172806	3	dental calculus	4.2350316e-06	0.9993387	5.076214e-06	2.1870159e-07	1.3898873e-06	1.5958564e-07	1.1304779e-06	2.7495596e-05	6.179939e-06	0.0005367576	1.7644e-06	3.3329678e-05	1.5809828e-06	1.0179582e-06	4.095306e-05	1.5527625e-08
ERR4172808	3	dental calculus	3.5952519e-06	0.9994606	8.044984e-06	8.3616555e-07	1.7650879e-06	1.9614386e-07	4.7255803e-06	2.8059038e-05	3.8555854e-06	0.00042478667	1.6024385e-06	2.401132e-05	2.3970629e-06	1.1625405e-06	3.439262e-05	1.0585694e-08
ERR4172809	3	dental calculus	0.0012076845	0.9868334	0.00035872226	1.9914007e-05	0.0004450878	3.641717e-05	0.0006411962	0.00072165614	0.0001555875	0.002882938	0.00028419812	0.0017348676	0.00047488604	3.9931117e-05	0.0041576074	5.9362114e-06
ERR4172811	3	dental calculus	0.0014631235	0.9809614	0.00064039626	1.9552894e-05	0.00041813074	3.7226353e-05	0.00047274432	0.001040827	0.000314496	0.00383875	0.00031713548	0.0037636107	0.00060062535	5.9230606e-05	0.0060440633	8.719211e-06
ERR4172813	3	dental calculus	3.0855342e-06	0.9996371	1.9867544e-05	2.579117e-07	1.9915356e-06	1.8634962e-07	1.8020374e-06	1.5530013e-05	5.65652e-06	0.00015058754	8.8957876e-07	3.0768642e-05	4.000465e-06	1.1075545e-06	0.00012712351	2.7902859e-08
ERR4172814	3	dental calculus	3.623896e-06	0.99959755	1.3681704e-05	2.2474295e-07	1.9327028e-06	2.566544e-07	2.1258263e-06	2.5196252e-05	8.161583e-06	0.00011689703	2.3244856e-06	4.593842e-05	7.369057e-06	1.2387358e-06	0.0001734762	2.1007098e-08
ERR4172817	3	dental calculus	0.02742681	0.1459584	0.039927736	0.0017952543	0.006961103	0.0035816028	0.10098307	0.007572697	0.022005478	0.016904328	0.097200036	0.052831825	0.46543038	0.0016672335	0.007050405	0.002703651
ERR4172819	3	dental calculus	0.028298879	0.12564224	0.02937842	0.0014347861	0.0073236795	0.0030040762	0.102633685	0.0038932574	0.017649401	0.01723885	0.1255262	0.042473096	0.48353785	0.0013270678	0.0073414897	0.0032970326
ERR4172823	3	dental calculus	0.009182671	0.21366033	0.09446682	0.0017496683	0.00714721	0.0022602673	0.059540752	0.0053198803	0.013708694	0.021188287	0.19636077	0.03628279	0.33276293	0.0017492622	0.0028778662	0.0017418198
ERR4172827	3	dental calculus	0.0083728805	0.20890199	0.07965549	0.0020311514	0.0054753628	0.0027561754	0.062050227	0.003912175	0.0128425	0.04667461	0.17748743	0.041268423	0.341159	0.002254276	0.003735817	0.0014225157
ERR4172829	3	dental calculus	0.02448567	0.458038	0.055613436	0.0038425757	0.028701356	0.0021628253	0.10498066	0.013811685	0.0028096852	0.071199805	0.019138217	0.09104056	0.025321398	0.0027289242	0.08483724	0.011287959
ERR4172830	3	dental calculus	0.0318048	0.36953753	0.06603897	0.0052936724	0.03183981	0.0023926564	0.16531639	0.015952412	0.003003716	0.10358353	0.03112163	0.061858997	0.028664846	0.003432953	0.067795105	0.012362975
ERR4172832	3	dental calculus	0.006989729	0.52683073	0.05381988	0.0032916584	0.013925229	0.00070587976	0.092839144	0.011551491	0.0015612904	0.18044803	0.02559694	0.03347181	0.010912962	0.0029942947	0.029453099	0.0056078597
ERR4172834	3	dental calculus	0.009870201	0.5483103	0.048677742	0.0034258836	0.01570761	0.0011073742	0.06905991	0.018381918	0.001919884	0.1520274	0.02031293	0.056926288	0.011446935	0.003143599	0.035251535	0.004430483
ERR4172835	3	dental calculus	0.08632397	0.04133191	0.033138715	0.0032409707	0.18369006	0.17144845	0.19224235	0.015575702	0.0027515446	0.020732379	0.11698869	0.020986818	0.03703774	0.0019852237	0.048784133	0.023741344
ERR4172836	3	dental calculus	0.06650424	0.034246806	0.025198644	0.0023382881	0.172007	0.36293295	0.105488256	0.018210834	0.002006921	0.014446154	0.11964977	0.014888964	0.01622625	0.0015898702	0.02937552	0.014889522
ERR4172838	3	dental calculus	0.022119043	0.018698635	0.010433036	0.0008229859	0.1039083	0.69922817	0.03472065	0.009596522	0.000749507	0.005419999	0.07219745	0.0037088399	0.0053880136	0.0006247203	0.008065798	0.004318318
ERR4172839	3	dental calculus	0.025272109	0.014929687	0.008738231	0.00057956594	0.10364206	0.73385566	0.023403151	0.0071447147	0.0005958455	0.0033304107	0.06300873	0.0028223486	0.0033583464	0.0005058878	0.0055158273	0.0032974272
ERR4172841	3	dental calculus	0.009530008	0.58917725	0.0035329158	0.005875184	0.00043278906	0.0005255272	0.0021265682	0.015679665	0.003329049	0.33440113	0.0015781568	0.0046999906	0.01137411	0.00064106955	0.005058293	0.012038317
ERR4172843	3	dental calculus	0.00493185	0.6552628	0.0032665678	0.0068088835	0.00036955232	0.00060320774	0.0015589653	0.008712568	0.0018848993	0.2902952	0.0009317413	0.003508297	0.0072005363	0.00066371955	0.0063903467	0.007610835
ERR4172850	3	dental calculus	0.0010694071	0.6359842	0.001965822	0.008004043	0.00012061483	0.00010508115	0.0008121987	0.008853217	0.0038362	0.3314583	0.0004683526	0.0013475182	0.0014030284	0.00055027736	0.0009547623	0.003067019
ERR4172854	3	dental calculus	0.000586154	0.5051121	0.0019186025	0.006710649	8.3419196e-05	8.210938e-05	0.0006442337	0.0069995783	0.0017534791	0.47123414	0.00040373977	0.001169617	0.0010072648	0.00041343295	0.00090356276	0.0009779214
ERR4172855	3	dental calculus	0.00012173323	0.22299358	0.0044626268	0.0003104549	0.031060973	0.7024802	0.00032638892	0.013974185	0.000114213646	0.0038236158	0.019903632	0.000108690045	0.00010639303	0.00016363544	2.401168e-05	2.5643796e-05
ERR4172857	3	dental calculus	0.00015792756	0.25536957	0.0048648412	0.0003831453	0.01841327	0.6789636	0.00044597068	0.029665845	0.0002256829	0.0028554313	0.008120701	0.00016819296	0.00012647313	0.00019173163	2.2108488e-05	2.5507305e-05
ERR4172860	3	dental calculus	2.3081295e-05	0.4483618	0.0034150549	0.0015758069	0.0065093297	0.45427313	5.9489263e-05	0.058828037	0.00040578225	0.0053577484	0.020921707	4.8787384e-05	7.908492e-06	0.00020675099	1.8846512e-06	3.6793012e-06
ERR4172872	3	dental calculus	2.3294078e-05	0.45564085	0.0045937453	0.0011496999	0.0072400495	0.4678514	0.00012139662	0.047804687	0.00026488624	0.0057167504	0.009330818	7.419671e-05	1.05177205e-05	0.00017259391	1.5885864e-06	3.520851e-06
ERR4172883	3	tooth	0.01972609	0.061891127	0.008414811	0.05257165	0.008549529	0.0033945784	0.025511026	0.009319294	0.65760976	0.016535264	0.01902834	0.020514242	0.08987864	0.0009751202	0.001672739	0.004407762
ERR4172889	3	tooth	0.020462902	0.054519482	0.006763764	0.042651273	0.0065055545	0.0028272064	0.021873515	0.007898786	0.7263939	0.011559084	0.017577404	0.016653009	0.05699233	0.00089977373	0.0014876282	0.0049343887
ERR4172953	3	tooth	0.011462907	0.052152816	0.0041253325	0.048750203	0.0058725905	0.0019088244	0.016556635	0.0075977547	0.7815094	0.012972351	0.012517214	0.0100848265	0.029726997	0.00070535566	0.00091932376	0.003137465
ERR4172977	3	tooth	0.0101163285	0.049151972	0.002769765	0.0433648	0.0036655725	0.0011597499	0.00925589	0.007519769	0.8213118	0.0103889005	0.011405125	0.007683113	0.016497623	0.00068690634	0.00083292526	0.0041897804
ERR4172978	3	dental calculus	0.0025454096	0.9593337	0.006165206	0.0005669422	0.0020582804	0.00027111947	0.009397127	0.0018746442	0.00039605636	0.004031705	0.0025146522	0.0055137496	0.0020363475	0.0002862756	0.0018020822	0.0012066918
ERR4172979	3	dental calculus	0.0033402336	0.9520164	0.004944837	0.0009920909	0.002400418	0.00025691884	0.017007954	0.0016498135	0.0005529306	0.0061996654	0.0017196565	0.003757015	0.0013987649	0.0004469211	0.0017467017	0.0015696471
ERR4172981	3	dental calculus	2.0921649e-05	0.99647	0.0015543952	0.00024066759	7.888365e-05	6.3984926e-06	0.00021290744	0.00025023878	4.4210505e-05	0.00072211697	7.228894e-05	0.00013271545	5.8797916e-05	5.8620462e-05	3.492607e-05	4.195351e-05
ERR4172982	3	dental calculus	6.142208e-05	0.99620265	0.00084477727	0.0001757488	0.00013376342	8.563517e-06	0.00048218304	0.00043475593	9.185046e-05	0.0011984747	7.355727e-05	0.000100717436	3.4047876e-05	5.440332e-05	5.7350808e-05	4.5738565e-05
ERR4172991	3	dental calculus	8.002567e-07	0.9974813	0.0023759871	2.0602356e-06	1.4259197e-06	1.0434619e-07	7.341451e-06	1.3797847e-05	9.6990425e-06	6.177595e-05	1.1626853e-05	5.836728e-06	2.068342e-05	5.7698603e-06	7.809534e-07	1.0215692e-06
ERR4173008	3	dental calculus	3.5077053e-07	0.9967661	0.0030871623	1.4324551e-06	6.705637e-07	5.6926467e-08	6.054197e-06	5.9779536e-06	6.388759e-06	9.2465976e-05	7.342835e-06	4.728673e-06	1.1871556e-05	6.2426657e-06	2.096899e-06	1.0631063e-06
ERR4173033	3	dental calculus	2.9774975e-08	0.9908581	0.009105948	5.1194627e-07	3.9687354e-08	2.1007667e-09	4.3666765e-07	3.4987338e-06	1.4246696e-06	2.6668005e-05	1.0424337e-06	2.0850392e-07	2.1003035e-07	1.5458909e-06	3.152128e-07	3.9458765e-08
ERR4173039	3	dental calculus	2.9452287e-05	0.9967735	9.5214295e-05	8.312289e-05	0.00012151102	1.1969618e-05	0.00027157023	0.0002274887	3.821221e-05	0.002157087	1.9235133e-05	0.00010579372	1.957062e-05	1.5625894e-05	1.6400469e-05	1.4275708e-05
ERR4173041	3	dental calculus	2.919625e-05	0.997357	6.51542e-05	5.2133735e-05	4.791081e-05	7.764255e-06	0.00037883632	0.00020774383	3.7292135e-05	0.001448823	3.153758e-05	0.00027628796	3.2155076e-05	1.4100667e-05	8.111295e-06	5.964601e-06
ERR4173043	3	dental calculus	1.1965273e-06	0.9993258	4.813649e-05	2.7194594e-05	8.293579e-06	5.4186387e-07	4.3981054e-05	6.672436e-05	1.2685409e-05	0.00043380365	1.7831153e-06	2.2057906e-05	1.4055939e-06	4.0466857e-06	1.7246913e-06	6.157683e-07
ERR4173045	3	dental calculus	1.1758846e-06	0.99951804	3.11138e-05	2.2222e-05	4.2839747e-06	5.899221e-07	1.9998999e-05	7.650675e-05	1.3112897e-05	0.00027350968	1.6831125e-06	2.6654438e-05	3.862011e-06	4.5139955e-06	2.3275386e-06	3.9634511e-07
ERR4173049	3	dental calculus	0.0004848352	0.9263355	0.0018380987	0.0057908916	0.0020548096	0.00057027553	0.010379357	0.003634184	0.011812542	0.024401076	0.002085701	0.0031399063	0.0069398545	0.000215695	0.000107119304	0.00021012977
ERR4173051	3	dental calculus	0.0011047528	0.9190046	0.0012223682	0.003774848	0.0014847959	0.00061001384	0.020229958	0.0042447024	0.013030111	0.024202034	0.0013415999	0.0039453134	0.0052857706	0.00022501394	0.00010102318	0.00019306838
ERR4173057	3	dental calculus	0.00043586033	0.93740225	0.0011937144	0.007033978	0.00058151974	0.00028686243	0.007265309	0.001882029	0.010469915	0.02672366	0.0007504566	0.0025967332	0.0028980174	0.00019530805	0.00022985945	5.4502678e-05
ERR4173060	3	dental calculus	0.0005352295	0.936697	0.0019552216	0.005303202	0.0008635862	0.0002536475	0.015074189	0.0022901546	0.010668861	0.021205215	0.00059590366	0.002167435	0.0019901062	0.00020956449	0.00010046688	9.021792e-05
ERR4173061	3	dental calculus	1.3688147e-05	0.99715835	0.00020919532	8.83867e-06	0.0001254508	1.8333681e-06	0.000137834	0.00023759714	9.426642e-06	0.0019998106	1.822826e-05	3.1186366e-05	8.92194e-06	1.7999304e-05	1.4229019e-05	7.4062336e-06
ERR4173063	3	dental calculus	8.057347e-05	0.994736	0.0005592172	2.166836e-05	0.0002676107	6.8340205e-06	0.0003235143	0.0005580689	1.856459e-05	0.0030833026	5.7723002e-05	0.00014797038	4.3444452e-05	4.4613844e-05	3.5857003e-05	1.5010423e-05
ERR4173066	3	dental calculus	1.3667831e-07	0.9991163	0.00023416885	1.8788252e-06	1.0814868e-05	4.0834202e-08	1.121066e-05	9.077679e-05	9.38959e-07	0.0005143486	8.485297e-07	4.084882e-06	2.2681756e-07	1.1319971e-05	2.3392245e-06	5.622623e-07
ERR4173068	3	dental calculus	5.559566e-07	0.99941814	0.00019795883	1.1193539e-06	8.271876e-06	5.45195e-08	7.250435e-06	5.727413e-05	1.0796684e-06	0.0002954962	4.6904157e-07	2.8820737e-06	3.2168617e-07	5.2019914e-06	3.582886e-06	3.67046e-07
ERR4173070	3	dental calculus	0.0023425068	0.7681655	0.0030738714	0.0002815273	0.0070105884	0.00036585372	0.017275197	0.010405875	0.0002676422	0.17351688	0.0014594467	0.010077153	0.0021319685	0.00044347934	0.0020298376	0.0011526524
ERR4173072	3	dental calculus	0.0038010117	0.71512926	0.0028224557	0.0003031685	0.0067626	0.0005041075	0.018714244	0.012848393	0.00026680826	0.22197506	0.0017698826	0.008795768	0.0025124163	0.0005527529	0.002231455	0.0010106257
ERR4173073	3	dental calculus	0.0003228677	0.78981113	0.0010521814	0.00014699441	0.0022099137	0.00011131024	0.010267346	0.006558827	0.00012137092	0.18232694	0.000492057	0.0043948693	0.00056346814	0.0003042869	0.0007877908	0.00052865286
ERR4173075	3	dental calculus	0.0006187681	0.7747378	0.0015194074	0.00013804692	0.0021851312	0.00012784138	0.011582997	0.0072003114	0.00013302648	0.19463398	0.0005941887	0.0042165047	0.00072399195	0.0003492992	0.00084858335	0.00039017145
ERR4173082	3	dental calculus	5.7124594e-10	0.9999825	3.1905206e-06	2.3391289e-07	4.3231665e-08	2.2471961e-07	6.13685e-10	4.445193e-06	2.1618233e-08	7.780063e-06	1.4293162e-08	1.07668905e-08	8.7462904e-10	4.9224937e-08	1.4881886e-06	2.0335715e-09
ERR9612721	3	dental calculus	2.3185265e-25	0.9997668	4.6948617e-08	1.0252457e-17	5.679687e-17	1.8657863e-20	1.0184116e-18	8.447457e-17	2.5446837e-17	4.0094305e-15	9.24771e-19	9.38049e-19	3.135618e-19	2.2478912e-16	0.00023311444	1.3846057e-18
ERR9612722	3	dental calculus	3.962059e-26	0.9997378	2.862498e-08	5.109495e-18	3.0129475e-17	1.1644199e-20	5.922262e-19	2.251587e-17	1.615391e-17	9.650913e-16	8.390506e-19	8.0295296e-19	1.7119506e-19	1.6489925e-16	0.00026217886	1.2590611e-18
ERR9612723	3	dental calculus	2.6982358e-33	0.99999845	6.4781866e-13	2.3853593e-23	1.7970636e-23	1.2022081e-26	5.588381e-25	4.3712714e-22	6.1651234e-23	1.8056433e-19	2.3785136e-24	1.7297751e-24	1.9019371e-25	3.8800336e-21	1.563273e-06	4.514845e-25
ERR9612724	3	dental calculus	4.707255e-34	0.9999985	6.45218e-13	7.158727e-24	9.016619e-24	3.6058173e-27	1.8729253e-25	1.7812711e-22	1.639456e-23	3.4896727e-20	6.1097997e-25	2.749933e-25	4.3133937e-26	2.4550822e-21	1.5055307e-06	3.1830976e-25
ERR9612725	3	dental calculus	1.2930603e-30	0.9938089	4.4120277e-10	2.4109348e-21	5.2843892e-21	6.4411428e-24	7.134288e-23	6.103686e-20	2.1489366e-20	9.757253e-19	2.1304366e-22	1.830628e-22	4.5363285e-23	1.946929e-19	0.006191078	2.6556095e-22
ERR9612726	3	dental calculus	2.3868935e-31	0.99431527	4.664065e-10	1.2762876e-21	1.8609823e-21	3.3936887e-24	4.1064224e-23	5.779286e-20	1.1867829e-20	5.5833714e-19	6.246105e-23	7.426076e-23	2.6986143e-23	1.1435184e-19	0.0056847367	2.1835334e-22
ERR9612727	3	dental calculus	6.3025167e-26	0.9832025	2.5780581e-08	5.7560773e-18	1.1596835e-17	4.9701625e-20	9.489796e-19	5.0166542e-17	2.0657837e-17	2.1556629e-15	1.0363684e-18	3.1670194e-19	2.3537918e-19	1.2805579e-16	0.01679745	3.5999376e-18
ERR9612728	3	dental calculus	1.3373074e-26	0.9898264	2.6437162e-08	3.3526445e-18	6.505198e-18	1.8389674e-20	4.6743997e-19	3.259438e-17	9.140395e-18	1.122304e-15	4.777709e-19	1.2549469e-19	1.3816148e-19	6.934106e-17	0.010173565	2.768335e-18
ERR9612729	3	dental calculus	4.3530357e-32	0.99999905	4.2779454e-11	5.373429e-22	6.7040146e-22	1.3461127e-25	2.3042083e-23	6.5689983e-21	8.96161e-22	1.7667903e-19	2.3202523e-23	3.7612582e-23	3.644909e-24	5.617359e-20	9.703206e-07	2.5104867e-23
ERR9612730	3	dental calculus	3.0209553e-33	0.99999946	1.3244788e-11	9.552519e-23	1.7749233e-22	2.7154007e-26	5.4206932e-24	8.1062367e-22	1.4516013e-22	2.635958e-20	5.579435e-24	5.4333943e-24	6.0815826e-25	1.2908661e-20	5.2201256e-07	8.4823066e-24
ERR9612731	3	dental calculus	2.3522202e-33	0.9998497	1.4130609e-11	7.6019667e-23	2.5761446e-22	2.2854273e-26	2.8014218e-24	2.9214583e-21	2.3215788e-22	6.0951333e-20	1.034589e-24	2.7605296e-24	7.522443e-25	1.5951475e-20	0.00015031378	8.364859e-25
ERR9612732	3	dental calculus	1.2030659e-33	0.99993545	1.1025547e-11	4.180924e-23	6.2329383e-23	1.23982195e-26	2.6844394e-24	1.1621371e-21	1.5664696e-22	4.4302575e-20	7.119141e-25	9.936186e-25	4.180064e-25	1.3949204e-20	6.457846e-05	4.469962e-25
ERR9612733	3	dental calculus	1.7271955e-29	0.9998223	1.0351443e-09	3.321564e-20	1.5804707e-19	6.878905e-23	3.2478578e-21	2.5049805e-19	1.0786664e-19	1.3393114e-18	1.3106493e-21	1.0110072e-21	5.94085e-22	1.3465303e-18	0.00017767899	1.00106714e-20
ERR9612734	3	dental calculus	1.01854e-29	0.99988306	1.0166726e-09	1.2584061e-20	9.407936e-20	2.664678e-23	1.9948674e-21	1.6168927e-19	7.314038e-20	9.080011e-19	5.872394e-22	5.2517336e-22	2.8588223e-22	6.2490585e-19	0.00011693988	3.3459484e-21
ERR9612735	3	dental calculus	6.370144e-34	0.98939806	9.459211e-12	3.1021416e-23	9.4311406e-24	6.9640986e-26	6.3704827e-25	1.670312e-22	9.042719e-23	5.12227e-21	1.7076202e-24	1.1441408e-24	6.161717e-25	8.176541e-22	0.010601945	1.3131447e-24
ERR9612736	3	dental calculus	3.2186392e-34	0.9873723	5.836746e-12	2.0941946e-23	6.4749892e-24	5.2363065e-26	4.710846e-25	1.3580788e-22	6.062688e-23	3.4382837e-21	1.0084682e-24	5.7941005e-25	4.2084097e-25	5.2698776e-22	0.012627732	1.200156e-24
ERR9612737	3	dental calculus	1.95e-43	0.99999994	5.021968e-17	1.00465835e-29	4.4198917e-31	1.3305679e-33	3.6554057e-32	1.487907e-28	1.6656092e-29	5.321273e-26	8.3463555e-32	1.5051194e-32	1.2484288e-32	3.0624636e-27	8.536327e-08	1.4398529e-31
ERR9612738	3	dental calculus	1.1880309e-25	0.99991953	6.1792775e-09	5.1539267e-18	9.635148e-19	9.240954e-22	9.303073e-19	1.3516265e-16	5.5902115e-18	2.0036206e-15	8.0816885e-19	1.0360604e-18	4.2692972e-20	2.6358988e-15	8.044856e-05	2.7646966e-19
ERR9612739	3	dental calculus	0.0	0.9999998	2.9588173e-20	7.5074414e-38	1.08187e-39	2.55e-43	1.1447e-41	2.4166724e-36	1.8884037e-37	9.999166e-34	2.3533e-41	2.2173e-41	1.928e-42	1.0617189e-33	1.905232e-07	3.5742e-41
ERR9612740	3	dental calculus	3e-45	0.99999326	4.5183085e-14	3.3504358e-30	4.260984e-32	4.1653654e-35	8.8528544e-33	7.027337e-29	7.3583095e-30	1.7216096e-26	1.10858764e-32	7.04829e-33	7.2404685e-34	9.1892504e-27	6.722314e-06	3.9645766e-32
ERR9612741	3	dental calculus	0.0001239776	0.008497363	2.8881857e-06	3.8900986e-08	4.6159535e-06	6.405086e-08	4.5731678e-08	2.2258757e-05	1.1886956e-06	5.9465533e-06	1.4655065e-07	0.00013973014	9.0066845e-07	3.3241333e-06	0.9911975	2.7161512e-10
ERR9612742	3	dental calculus	4.389e-42	0.9999933	2.279052e-13	3.217672e-28	1.822595e-29	1.4911802e-33	1.3504465e-30	3.9655045e-26	3.0491162e-28	2.0564563e-25	1.9451938e-31	5.8929078e-30	5.2239034e-32	9.734409e-25	6.6693365e-06	3.152895e-30
ERR9612743	3	dental calculus	0.0	0.99999976	1.9285056e-19	2.7307098e-35	3.865062e-37	6.868e-41	1.59855e-38	8.467384e-34	2.5828986e-35	9.692409e-33	1.8478608e-38	7.440028e-38	1.782656e-39	1.7125102e-31	2.6290041e-07	2.1367347e-38
ERR9612744	3	dental calculus	4.3399828e-37	0.99998873	1.2171187e-12	1.4815493e-25	7.908674e-27	7.7419344e-30	7.34413e-27	9.594659e-24	4.2905967e-25	2.6677607e-22	3.5112133e-27	3.322244e-27	3.486993e-28	1.8727135e-22	1.128828e-05	2.9801513e-27
ERR9612745	3	dental calculus	3.9997768e-33	0.9999914	4.7815207e-12	1.1877325e-23	7.187839e-25	3.4166416e-28	4.474872e-25	9.61517e-22	2.6901227e-23	7.299519e-21	3.2152583e-25	1.5505522e-24	1.4312864e-26	3.0074578e-20	8.560123e-06	6.473622e-26
ERR9612746	3	dental calculus	0.0	0.9999995	3.446291e-18	1.5043198e-35	4.754207e-37	5.8095e-41	3.427803e-39	5.4327923e-34	2.5030103e-35	3.692691e-33	4.842854e-39	1.8911361e-38	1.109166e-39	1.2628111e-31	4.7501055e-07	1.3956082e-38
ERR9612747	3	dental calculus	8.0550066e-38	0.9998208	3.0974195e-13	5.0018767e-26	2.0675001e-26	5.3668013e-30	1.126177e-28	3.7256698e-25	1.8640717e-25	4.821788e-23	7.7322847e-28	5.3423274e-28	3.2314155e-29	6.3680456e-23	0.00017918303	6.5036566e-29
ERR9612748	3	dental calculus	5.2373547e-38	0.9996986	1.4687509e-13	2.3844581e-26	8.554222e-27	2.0537169e-30	1.1310225e-28	3.981189e-25	1.028679e-25	2.665911e-23	2.4817557e-28	1.1888255e-28	1.391062e-29	4.5935434e-23	0.00030143242	3.0202695e-29
ERR9612749	3	dental calculus	7.467592e-14	0.99980456	1.7979418e-06	6.665123e-11	9.060605e-11	6.209845e-13	1.5987328e-10	1.4965088e-09	4.9906346e-11	8.216775e-09	5.15762e-11	1.1470921e-10	1.7783696e-11	1.4003033e-09	0.00019364369	1.1840391e-11
ERR9612750	3	dental calculus	4.9963245e-14	0.99986297	1.6496797e-06	7.393869e-11	7.624039e-11	6.428649e-13	2.1652602e-10	1.3471161e-09	4.66774e-11	1.1119994e-08	6.5607846e-11	1.8274064e-10	1.4479542e-11	2.3628468e-09	0.00013536496	2.9014305e-11
ERR9612751	3	dental calculus	2.2858763e-30	0.94389737	2.4856603e-11	6.328572e-21	1.2559463e-20	1.5202132e-23	6.543875e-23	1.8933284e-19	1.5484842e-20	4.9297797e-18	2.0988381e-22	1.2113286e-22	6.7272354e-23	5.5408047e-19	0.056102615	5.5516276e-23
ERR9612752	3	dental calculus	2.3626575e-30	0.9674798	2.5458064e-11	3.6916933e-21	6.967747e-21	7.890714e-24	4.228627e-23	1.3950052e-19	1.1951003e-20	1.7622578e-18	1.2299037e-22	1.0153089e-22	3.5901177e-23	3.9624192e-19	0.03252015	3.245611e-23
ERR9612753	3	dental calculus	3.637662e-30	0.9994755	4.9892963e-12	5.182785e-21	2.7724396e-20	3.2724733e-23	3.0897475e-22	1.7436001e-20	1.5959098e-20	5.208535e-18	2.9295573e-22	8.445141e-23	1.7872905e-22	1.7683125e-19	0.0005245329	2.537951e-22
ERR9612754	3	dental calculus	2.4447053e-30	0.9990089	3.9182906e-12	4.2634476e-21	2.4073641e-20	3.159751e-23	1.9732294e-22	1.8581167e-20	1.9541675e-20	5.480328e-18	3.0851098e-22	1.22487e-22	1.3930683e-22	2.254657e-19	0.0009911099	2.1427557e-22
ERR9612755	3	dental calculus	2.7753777e-23	0.9934781	1.3531839e-08	1.9447226e-17	2.660132e-18	1.5886345e-20	3.436138e-18	4.7592775e-16	7.997325e-17	7.8844054e-15	1.08895614e-17	1.9367254e-17	4.595065e-19	6.2495717e-15	0.0065218452	5.207284e-19
ERR9612756	3	dental calculus	1.1058691e-23	0.99747485	1.4471404e-08	1.35218785e-17	1.1944585e-18	7.978537e-21	8.349654e-19	4.9487243e-16	2.9276956e-17	4.149457e-15	2.1402459e-18	2.014643e-17	2.872946e-19	6.094838e-15	0.0025251342	2.2741612e-19
ERR9612757	3	dental calculus	6.0017134e-12	0.99860615	4.4435965e-06	3.409577e-10	3.771903e-09	5.8925044e-12	2.8365774e-10	6.4536487e-09	1.0112483e-09	6.317112e-07	8.4847174e-10	5.1082494e-09	1.276441e-10	7.000787e-09	0.0013887276	9.944964e-12
ERR9612758	3	dental calculus	8.060185e-12	0.99965143	3.3961032e-06	2.7156502e-10	5.467144e-09	4.5288487e-12	3.5083642e-10	4.657606e-09	6.6266587e-10	3.380515e-07	5.258972e-10	6.0089085e-09	7.8728e-11	6.725734e-09	0.00034480303	1.0644279e-11
ERR9612759	3	dental calculus	3.028227e-20	0.99979687	1.6255617e-08	6.501736e-15	8.688041e-15	1.6482088e-17	2.0297084e-15	7.012049e-14	1.16760044e-14	1.1462937e-11	4.718241e-15	5.5695927e-15	2.3798158e-16	5.4545897e-13	0.00020310539	2.1832323e-16
ERR9612760	3	dental calculus	2.0775937e-20	0.9999239	1.0898654e-08	7.815844e-15	3.393319e-15	1.2601093e-17	2.3206172e-15	4.042399e-14	6.112227e-15	1.1233058e-11	3.92648e-15	2.2594763e-15	1.8940832e-16	3.8763502e-13	7.609419e-05	5.933006e-16
ERR9612761	3	dental calculus	2.253391e-24	0.99996966	1.2853826e-09	2.940139e-17	1.2921117e-17	3.214216e-20	6.501023e-18	2.9928443e-16	2.7509923e-17	2.2491449e-13	1.24691364e-17	8.810385e-18	6.84044e-19	2.389029e-15	3.035475e-05	1.7581211e-18
ERR9612762	3	dental calculus	8.373426e-25	0.9999908	4.6003154e-10	1.0530055e-17	9.075582e-18	1.2456807e-20	2.358517e-18	2.4334767e-16	9.726131e-18	1.8554011e-13	2.5291266e-18	2.5006454e-18	2.1461714e-19	9.075456e-16	9.1969005e-06	3.6856824e-19
ERR9612763	3	dental calculus	1.4746776e-29	0.9774742	1.8644242e-10	7.597286e-21	1.8601938e-20	3.6761972e-23	1.6652233e-22	2.7126106e-19	6.902415e-20	1.06501966e-16	1.4399585e-21	1.0303087e-21	1.3410464e-22	9.22203e-19	0.022525769	1.0889589e-22
ERR9612764	3	dental calculus	1.9236027e-29	0.9791851	1.6676377e-10	4.1889153e-21	8.145326e-21	2.4293142e-23	1.5045439e-22	7.766823e-20	7.438522e-20	4.0463833e-17	1.40032e-21	9.55537e-22	9.0255646e-23	1.0587258e-18	0.020814868	6.5924904e-23
ERR9612765	3	dental calculus	4.2267517e-20	0.9999664	2.5109836e-08	7.0684743e-15	9.624698e-14	6.168398e-17	4.2141062e-15	3.8791605e-14	2.876083e-14	2.1668526e-11	1.3347779e-14	2.6724036e-15	4.673436e-16	5.572893e-13	3.3612407e-05	8.4417506e-16
ERR9612766	3	dental calculus	2.6006893e-20	0.9999831	1.7996449e-08	6.640043e-15	7.672884e-14	5.3263235e-17	1.7434139e-15	3.543857e-14	1.6064429e-14	1.703547e-11	8.196949e-15	2.8048217e-15	4.2837198e-16	3.1057714e-13	1.6882257e-05	5.7205376e-16
ERR9612767	3	dental calculus	2.6694116e-32	0.9999541	2.457582e-13	1.1496795e-23	5.9104974e-23	2.804197e-26	1.4975934e-25	5.057479e-22	3.4310267e-22	4.251465e-19	2.8213234e-24	3.459275e-24	1.5934495e-25	1.08031016e-20	4.5896646e-05	2.0643082e-26
ERR9612768	3	dental calculus	1.2952239e-32	0.9999579	1.2201253e-13	9.0726695e-24	3.6669054e-23	1.6440447e-26	7.0681875e-26	8.819261e-22	1.5099478e-22	2.5473164e-19	8.861633e-25	8.837696e-25	7.3927896e-26	8.378251e-21	4.209591e-05	2.5438019e-26
ERR9612769	3	dental calculus	1.5504424e-23	0.9990604	8.970993e-09	1.5198876e-16	7.588206e-17	8.808423e-19	2.4935098e-17	9.230396e-16	2.2132224e-16	1.401312e-13	1.1037844e-16	1.7182025e-17	4.839143e-18	3.2736962e-15	0.00093957025	8.961551e-18
ERR9612770	3	dental calculus	1.5256999e-23	0.99920666	6.781637e-09	7.3732405e-17	3.9754026e-17	5.918224e-19	2.1273125e-17	3.1232797e-16	1.6788098e-16	1.3795658e-13	4.1952288e-17	1.00306824e-17	3.768663e-18	2.8965522e-15	0.00079333625	4.181819e-18
ERR9612771	3	dental calculus	8.251664e-21	0.9994974	1.2379488e-08	3.5124777e-15	7.291124e-14	1.1705003e-16	1.6090222e-15	1.1283182e-14	1.9380329e-14	1.8376318e-11	4.933551e-15	1.1727962e-15	5.3868627e-16	1.2542894e-13	0.00050258747	7.387347e-16
ERR9612772	3	dental calculus	9.300529e-21	0.9995972	9.192955e-09	2.6130424e-15	6.522683e-14	5.750138e-17	5.389683e-16	1.0409642e-14	9.230599e-15	6.521792e-12	3.669471e-15	5.4582237e-16	2.6283027e-16	8.129179e-14	0.00040278104	2.1406648e-16
ERR9612773	3	dental calculus	1.1608358e-24	0.99999166	5.3263344e-10	7.060981e-18	1.6461788e-17	1.8141199e-20	1.9607837e-18	1.366814e-16	1.5656026e-17	1.7081764e-14	2.5771048e-18	3.46937e-18	2.8316104e-19	9.508493e-16	8.327529e-06	2.756531e-19
ERR9612774	3	dental calculus	3.0820243e-25	0.9999894	4.8504106e-10	6.6643254e-18	7.11763e-18	1.17295624e-20	1.3845274e-18	1.2938262e-16	6.9314265e-18	1.4540545e-14	2.1686244e-18	2.2198434e-18	1.6232669e-19	6.559134e-16	1.0602012e-05	2.7152007e-19
ERR9612775	3	dental calculus	1.50715e-17	0.9997694	6.055496e-07	4.365447e-13	5.349692e-13	4.7221886e-16	1.9584636e-13	1.4133919e-11	3.3808676e-13	2.2953464e-10	1.2615697e-13	9.456193e-13	1.11107616e-14	5.731267e-11	0.0002300126	4.8368383e-14
ERR9612776	3	dental calculus	2.2317533e-17	0.9998481	4.755378e-07	5.389269e-13	4.322203e-13	5.8726864e-16	4.4431364e-13	5.7099963e-12	3.73177e-13	2.591446e-10	1.8683345e-13	1.2854158e-12	1.9420428e-14	6.1383724e-11	0.00015139201	4.0237284e-14
ERR9612777	3	dental calculus	2.4132068e-37	0.99999475	5.2435566e-15	1.2116956e-26	1.1385688e-27	3.7765105e-30	1.1383763e-28	2.6385854e-25	9.605776e-26	8.546489e-22	6.2141675e-28	2.4239856e-27	1.8036403e-29	1.4397403e-23	5.2358246e-06	2.931883e-29
ERR9612778	3	dental calculus	2.9581117e-37	0.9999969	4.373485e-15	9.705018e-27	1.9511637e-27	3.4258935e-30	9.121336e-29	3.7110813e-25	9.659521e-26	1.2108163e-21	7.992454e-28	1.5480206e-27	3.214159e-29	1.6827632e-23	3.0748731e-06	3.0084894e-29
ERR9612779	3	dental calculus	1.5194003e-21	0.99552244	5.225658e-08	6.2429584e-16	5.8605405e-16	6.3406496e-19	1.01321876e-16	1.3443732e-14	8.669586e-16	6.08015e-14	5.56167e-17	4.3841737e-16	1.068383e-17	1.4345269e-13	0.0044774977	5.1693763e-18
ERR9612780	3	dental calculus	1.7201819e-21	0.9913341	7.9107586e-08	4.174851e-16	3.5175552e-16	5.754096e-19	6.968243e-17	2.464869e-14	1.1286124e-15	4.9342085e-14	3.3236703e-17	8.4478005e-16	1.2983775e-17	1.7731494e-13	0.008665828	5.7792363e-18
ERR9612781	3	dental calculus	9.912341e-26	0.9999261	4.1037224e-10	1.3933532e-18	2.667262e-18	1.3604341e-21	9.562405e-20	7.472243e-17	1.627929e-18	4.057426e-15	1.2237124e-19	2.661657e-19	2.1756511e-20	2.2286842e-16	7.3926436e-05	2.4159367e-20
ERR9612782	3	dental calculus	2.7326228e-26	0.9999608	1.762048e-10	6.6911565e-19	1.7746786e-18	8.639926e-22	7.1329497e-20	4.0165244e-17	1.7290244e-18	1.8990225e-15	1.1683363e-19	7.047733e-19	1.0828108e-20	9.076442e-17	3.919999e-05	3.1271062e-20
ERR9612783	3	dental calculus	1.1315439e-30	0.99972314	6.2997385e-11	6.4162134e-22	1.4417775e-21	8.1544557e-25	7.58416e-24	1.1043978e-20	6.2570745e-21	1.3631901e-18	1.2190688e-22	9.7374725e-23	3.681929e-24	2.3083977e-19	0.0002768565	2.4761691e-24
ERR9612784	3	dental calculus	2.5987628e-30	0.99949956	1.357354e-10	1.3900508e-21	3.807177e-21	2.041452e-24	1.9078549e-23	2.3547814e-20	1.7870336e-20	2.0953397e-18	4.673198e-22	2.769706e-22	9.197213e-24	4.7462233e-19	0.0005004509	3.7978166e-24
ERR9612785	3	dental calculus	2.7325878e-31	0.99994993	2.6333501e-12	1.4358805e-22	3.319616e-22	1.2045101e-25	2.0616562e-24	3.219218e-21	1.2830494e-21	2.9734376e-18	2.2835852e-23	1.341191e-23	9.461465e-25	5.5687233e-20	5.007612e-05	2.1640848e-25
ERR9612786	3	dental calculus	7.741992e-32	0.9999468	1.8426413e-12	8.704517e-23	1.3800947e-22	7.28328e-26	1.6917063e-24	4.0728204e-21	7.1011896e-22	3.5008157e-18	1.7929663e-23	1.4087748e-23	7.8085456e-25	4.8953318e-20	5.3209817e-05	1.3612308e-25
ERR9612787	3	dental calculus	1.6882579e-16	0.99963397	8.052321e-06	2.3026771e-12	8.471439e-13	2.5579379e-15	4.4035374e-12	1.0261924e-10	8.77307e-13	9.885653e-10	1.4161893e-12	1.900758e-12	1.0850584e-13	2.003037e-10	0.00035800255	8.3515595e-13
ERR9612788	3	dental calculus	2.2324003e-16	0.9993469	1.1014932e-05	2.5842085e-12	1.1744273e-12	4.2382107e-15	2.6722752e-12	4.8149238e-11	1.4166601e-12	1.3941247e-09	1.7307932e-12	3.4957412e-12	1.85657e-13	3.0786856e-10	0.0006420743	9.291947e-13
ERR9612789	3	dental calculus	9.753605e-23	0.9999699	2.0623367e-09	1.3631606e-16	3.1361124e-17	2.6623382e-19	4.541056e-17	2.2071078e-15	2.8488391e-16	4.0414983e-13	9.2271104e-17	3.1851867e-16	4.0559635e-18	9.942677e-15	3.0070145e-05	2.7260159e-18
ERR9612790	3	dental calculus	4.1593635e-23	0.9999702	1.1320436e-09	1.337473e-16	4.240465e-17	1.3935111e-19	2.2517754e-17	1.2478282e-15	2.2295355e-16	4.9227647e-13	1.3024763e-16	1.9320045e-16	2.8810415e-18	6.730089e-15	2.9794608e-05	2.080174e-18
ERR9612791	3	dental calculus	4.2143344e-31	0.97741336	8.951666e-11	5.152416e-22	1.108677e-22	2.0087162e-25	9.743685e-24	3.152888e-20	2.4957172e-21	5.538991e-19	1.3514486e-23	7.7313184e-23	1.7737664e-24	2.8037292e-19	0.022586618	1.6378343e-24
ERR9612792	3	dental calculus	2.4788066e-31	0.9866021	6.16372e-11	3.3330625e-22	8.777654e-23	1.3611921e-25	1.339638e-23	4.062688e-20	2.5524332e-21	3.8042383e-19	7.431687e-24	1.179598e-22	2.480429e-24	1.9827015e-19	0.01339789	3.0183711e-24
ERR9612793	3	dental calculus	9.0786615e-30	0.99999917	3.110717e-12	7.245126e-21	4.3949184e-21	5.0202307e-24	4.9545837e-22	1.3564294e-19	9.043093e-21	7.823342e-16	1.9899645e-21	1.6525597e-22	1.285138e-22	9.467013e-19	8.138598e-07	3.9124747e-22
ERR9612794	3	dental calculus	2.0680068e-29	0.999999	8.27211e-12	1.0956253e-20	5.240618e-21	1.00372e-23	9.04546e-22	2.7269622e-19	1.3377895e-20	1.6402491e-15	1.906388e-21	4.370574e-22	1.6800956e-22	1.793815e-18	1.019305e-06	3.3225842e-22
ERR9612795	3	dental calculus	3.4683268e-22	0.9911308	2.5836389e-08	5.510518e-16	3.279503e-15	1.548822e-17	1.6528698e-16	4.6235666e-15	3.1794184e-15	5.8172716e-13	2.3712973e-16	1.340612e-16	6.634472e-17	2.1934123e-14	0.008869153	1.0736581e-16
ERR9612796	3	dental calculus	4.7553313e-22	0.9871455	2.0641679e-08	2.5774003e-16	1.5608086e-15	7.801752e-18	7.871379e-17	2.3507233e-15	2.4913158e-15	2.8895468e-13	9.4083655e-17	1.3196015e-16	4.3406928e-17	1.3069309e-14	0.012854517	2.788109e-17
ERR9612797	3	dental calculus	1.9729798e-36	0.99999666	4.437643e-14	2.7519795e-25	4.8698775e-26	1.4384866e-28	6.2519854e-27	9.358912e-24	4.9376964e-25	1.8504537e-21	1.4809126e-26	6.3546763e-27	1.5381077e-27	1.0295709e-22	3.3577508e-06	5.4452522e-27
ERR9612798	3	dental calculus	9.437993e-37	0.999998	2.034082e-14	2.4350889e-25	6.146659e-26	8.785748e-29	5.8461777e-27	9.648748e-24	5.0822334e-25	2.426164e-21	6.8749844e-27	6.6335244e-27	9.203408e-28	7.577695e-23	2.0399823e-06	6.549832e-27
ERR9612799	3	dental calculus	7.833311e-25	0.9999952	2.0350914e-10	6.4790795e-18	4.996549e-18	1.1029322e-20	2.10286e-18	7.201467e-17	6.3691447e-18	3.5689382e-13	4.818463e-18	5.714389e-19	3.364341e-19	6.46812e-16	4.821021e-06	5.9755895e-19
ERR9612800	3	dental calculus	6.0657364e-25	0.9999956	7.8223907e-11	7.514723e-18	4.457506e-18	1.30389465e-20	2.007742e-18	8.665238e-17	4.4705187e-18	1.9400334e-13	6.6561987e-18	1.0765924e-18	3.0715178e-19	5.299061e-16	4.392456e-06	5.480929e-19
ERR9612801	3	dental calculus	1.2441474e-23	0.9999459	2.4197904e-09	3.1892597e-17	1.644239e-17	1.6704079e-20	6.594038e-18	4.3448346e-16	8.0864747e-17	2.8333518e-13	1.7101814e-17	1.4163044e-17	3.3703836e-19	1.1739244e-14	5.4147316e-05	2.6400498e-19
ERR9612802	3	dental calculus	1.1958242e-23	0.999978	9.1752606e-10	1.5336858e-17	1.6319587e-17	1.1084865e-20	3.0079817e-18	1.7295034e-16	3.2602907e-17	1.593039e-13	7.98029e-18	3.4517573e-18	1.5325196e-19	5.672924e-15	2.1975446e-05	3.7124192e-19
ERR9612803	3	dental calculus	3.8831058e-36	0.9999991	5.44937e-14	4.0802743e-25	2.2833855e-25	6.406208e-29	5.76978e-27	1.0441714e-23	1.203229e-24	7.200195e-21	1.0768158e-26	6.3989997e-27	6.106662e-28	3.3432877e-22	8.890164e-07	4.684375e-27
ERR9612804	3	dental calculus	1.4539941e-35	0.9999978	1.692302e-13	1.6418827e-24	1.0792096e-24	1.7545443e-28	2.0692526e-26	3.1622076e-23	2.7555876e-24	8.4468065e-21	4.202052e-26	2.006523e-26	2.2560143e-27	5.1859453e-22	2.2011352e-06	1.1698194e-26
ERR9612805	3	dental calculus	8.521879e-28	0.9667384	7.3158244e-09	1.1374627e-19	1.501597e-19	4.7105346e-22	4.5988253e-21	2.3231942e-18	7.850413e-19	8.45057e-18	7.540665e-21	6.227371e-21	2.074644e-21	9.410841e-18	0.03326159	6.789466e-21
ERR9612806	3	dental calculus	3.6689122e-28	0.97060436	1.0877029e-08	8.567573e-20	5.3470176e-20	3.4333764e-22	3.8648903e-21	2.1441067e-18	6.033781e-19	8.861022e-18	5.413483e-21	5.9474536e-21	1.2571166e-21	1.058018e-17	0.029395605	5.686417e-21
ERR9612807	3	dental calculus	7.693838e-34	0.9833281	2.0551733e-12	1.3855256e-23	2.2720685e-23	4.1680202e-26	1.6656608e-25	6.079223e-22	1.056002e-22	3.5722383e-20	2.9593466e-25	1.5729999e-24	1.0755966e-25	2.9297764e-21	0.016671875	1.3621615e-25
ERR9612808	3	dental calculus	1.0281306e-32	0.9685926	4.540977e-12	5.293707e-23	7.493904e-23	1.7794297e-25	1.081865e-24	8.900504e-22	4.112796e-22	1.3747313e-19	2.0258526e-24	3.333573e-24	6.699106e-25	9.3423265e-21	0.031407397	1.715578e-25
ERR9612809	3	dental calculus	2.6423463e-21	0.998782	1.7211501e-07	1.1497074e-14	2.0659162e-13	2.2160184e-16	6.821861e-15	4.6692125e-14	3.5478666e-14	1.30253e-11	3.2598931e-15	5.2139775e-16	1.1627155e-15	2.0868443e-13	0.001217823	8.825003e-15
ERR9612810	3	dental calculus	2.864905e-21	0.9992182	1.1491643e-07	8.5673546e-15	1.7566638e-13	1.3363371e-16	3.7387467e-15	3.7629262e-14	2.5833285e-14	1.1131454e-11	1.842843e-15	2.7817322e-16	8.42622e-16	1.3316883e-13	0.0007816512	4.105914e-15
ERR9612811	3	dental calculus	8.888345e-37	0.9991392	1.9118708e-12	1.0889683e-24	2.6753357e-25	3.0802062e-28	5.8748633e-27	3.4176503e-23	2.643479e-24	7.014358e-21	2.7320574e-26	1.467022e-26	3.2051409e-27	2.326981e-22	0.0008608398	5.0474704e-26
ERR9612812	3	dental calculus	2.1837902e-36	0.9985227	7.463954e-12	1.8653985e-24	4.6964735e-25	4.981547e-28	1.0167768e-26	6.0866816e-23	5.1633064e-24	1.3296822e-20	3.789009e-26	5.109596e-26	3.1802698e-27	4.917564e-22	0.0014773164	4.9453607e-26
ERR9612813	3	dental calculus	1.18e-43	0.99956924	6.6959123e-15	2.5819793e-29	9.822855e-31	1.963033e-33	7.200589e-32	4.362666e-28	4.9904456e-29	7.6833505e-26	9.6373574e-32	1.3566497e-31	2.3016497e-32	2.3395653e-26	0.00043075398	1.0259817e-31
ERR9612814	3	dental calculus	1.8e-44	0.9988946	5.793266e-15	1.6388298e-29	8.577219e-31	9.223525e-34	2.9743357e-32	7.059456e-28	3.428168e-29	6.5888307e-26	8.212105e-32	3.4751292e-32	1.4570611e-32	1.7855304e-26	0.0011054203	7.1918884e-32
ERR9612815	3	dental calculus	2.4704298e-30	0.9944334	5.6345967e-10	3.9415976e-21	2.4157125e-22	1.7651717e-24	9.3627446e-23	5.811163e-20	7.9661726e-21	4.5022113e-18	4.551307e-22	6.88633e-22	2.5218771e-23	1.3947197e-18	0.0055665784	7.6376e-23
ERR9612816	3	dental calculus	2.5702558e-30	0.99514025	5.8985905e-10	4.6144997e-21	4.465069e-22	1.8966476e-24	1.1401436e-22	7.9967886e-20	7.7151725e-21	1.9517932e-18	3.6878755e-22	7.6171106e-22	3.2123423e-23	1.1457327e-18	0.00485973	4.1883065e-23
ERR9612817	3	dental calculus	1.14e-43	0.99999833	6.454365e-17	8.313525e-31	2.3030351e-30	5.7039876e-35	4.9643445e-34	1.00084284e-28	8.107255e-30	4.9513018e-26	1.4790227e-32	1.4639144e-32	6.342772e-34	3.5041883e-27	1.6426345e-06	6.016446e-34
ERR9612818	3	dental calculus	2.31e-43	0.9999978	9.6530336e-17	1.2697384e-30	4.2901594e-30	9.353185e-35	9.15883e-34	1.6816162e-28	1.0347099e-29	1.1651746e-25	9.405207e-33	2.9008065e-32	7.6877574e-34	4.0965115e-27	2.1994235e-06	5.7660744e-34
ERR9612819	3	dental calculus	2.6364146e-34	0.99743754	2.2889744e-13	2.9877308e-25	1.2053513e-24	7.0936795e-28	8.314831e-28	8.635661e-24	8.429956e-24	1.2090493e-21	2.0006147e-26	9.8559935e-27	2.2335493e-27	1.5087939e-22	0.0025624465	1.8885222e-28
ERR9612820	3	dental calculus	1.0543289e-34	0.9958623	2.5934943e-13	3.6104312e-25	9.939594e-25	9.512094e-28	1.0029331e-27	5.2146873e-24	7.875354e-24	1.1260737e-21	2.787689e-26	1.1752085e-26	2.3187235e-27	1.1806731e-22	0.004137667	3.7595433e-28
ERR9612821	3	dental calculus	4.6e-44	0.9999409	1.0209293e-16	1.3248219e-30	5.045869e-31	1.9490224e-34	8.901229e-34	3.311337e-29	8.704788e-30	5.040084e-27	7.8101035e-33	1.5858583e-32	1.5522754e-33	1.4782414e-27	5.9141938e-05	4.2901604e-34
ERR9612822	3	dental calculus	2.2e-44	0.9999553	1.1750379e-16	1.1874046e-30	8.376954e-31	2.1165139e-34	1.14231685e-33	1.09857e-29	1.0386095e-29	6.641813e-27	6.057534e-33	1.1883614e-32	1.061592e-33	1.864287e-27	4.472538e-05	9.295373e-34
ERR9612823	3	dental calculus	1.9192907e-27	0.999793	2.5155995e-09	5.6138473e-19	8.192155e-19	1.1497004e-21	4.7829354e-20	1.976787e-17	3.0018333e-18	8.343396e-15	2.4532373e-19	3.7988738e-20	9.707039e-21	6.397567e-17	0.00020701061	1.1665706e-19
ERR9612824	3	dental calculus	2.7615522e-27	0.9998634	1.2082721e-09	4.612856e-19	4.1603338e-19	1.1929226e-21	4.4542645e-20	9.5985244e-18	2.0128867e-18	4.646403e-15	1.2466933e-19	4.6807837e-20	1.00501725e-20	7.9234374e-17	0.00013663422	4.612429e-20
ERR9612825	3	dental calculus	4.893145e-13	0.99976003	2.5518933e-05	3.3463313e-10	3.656592e-10	5.910387e-13	1.0770635e-09	5.8579728e-09	1.4005558e-10	3.8016903e-08	4.1839449e-10	8.90166e-10	3.5464912e-11	6.577214e-09	0.00021440504	4.7388083e-11
ERR9612826	3	dental calculus	4.3459108e-13	0.999713	2.7857634e-05	5.203513e-10	3.0644723e-10	1.0249183e-12	2.4383289e-09	6.731998e-09	2.1746194e-10	8.893458e-08	2.8634423e-10	2.3346618e-09	5.5636693e-11	1.9512191e-08	0.00025903076	9.910064e-11
ERR9612827	3	dental calculus	1.0804301e-30	0.9995784	3.8841583e-11	9.897916e-22	1.0042817e-21	6.229886e-25	2.5972808e-23	3.504705e-20	7.881129e-21	3.0953208e-17	1.7631156e-22	1.687672e-22	3.538306e-24	8.0405693e-19	0.00042161308	5.769973e-24
ERR9612828	3	dental calculus	1.2325055e-30	0.99958265	2.7776097e-11	1.2436461e-21	3.6329784e-22	5.8446443e-25	3.7122507e-23	3.1996283e-20	6.0798486e-21	1.3997143e-17	1.2657635e-22	2.1812678e-22	6.887422e-24	7.668512e-19	0.000417358	9.641017e-24
ERR9612829	3	dental calculus	2.4142649e-31	0.9976707	8.144033e-12	8.002552e-22	2.226467e-21	3.0287703e-24	2.4447678e-23	6.79321e-21	3.9923307e-21	3.349509e-18	7.2074466e-23	2.8390624e-23	1.3654267e-23	5.166014e-20	0.002329299	2.1109369e-23
ERR9612830	3	dental calculus	3.1556566e-32	0.9987626	2.05746e-12	3.1802378e-22	4.8661904e-22	1.0362974e-24	7.675564e-24	1.4518025e-21	9.272245e-22	1.1743629e-18	3.3797556e-23	4.701741e-24	3.8239595e-24	1.961069e-20	0.0012374073	1.3994648e-23
ERR9612831	3	dental calculus	1.5155988e-35	0.9996954	2.3761158e-13	7.5861854e-25	2.031187e-25	1.4668933e-27	7.989668e-27	1.24253016e-23	4.688496e-24	4.4817304e-21	5.305786e-26	1.3090116e-26	4.8634014e-27	1.544989e-22	0.0003045562	8.221482e-27
ERR9612832	3	dental calculus	2.4557122e-35	0.9996209	4.48663e-13	2.651112e-24	5.0022434e-25	3.5255477e-27	2.6271102e-26	3.5052103e-23	9.012315e-24	1.4505547e-20	1.02877113e-25	3.5854702e-26	1.3237749e-26	2.8146991e-22	0.00037909774	1.6515148e-26
ERR9612833	3	dental calculus	1.7195777e-22	0.99994814	4.3775232e-09	7.0993775e-17	8.8115574e-17	9.569094e-20	1.031694e-17	4.2710074e-15	1.5706398e-16	2.450182e-12	3.7597142e-17	3.2925312e-17	1.9935222e-18	9.111451e-15	5.187428e-05	1.808504e-18
ERR9612834	3	dental calculus	1.9735703e-22	0.9999361	2.9073544e-09	8.8901805e-17	1.5484998e-16	1.06137696e-19	2.3475096e-17	5.9473097e-15	2.0122412e-16	6.44942e-12	3.51418e-17	1.0676247e-16	2.733758e-18	1.1405503e-14	6.3881984e-05	4.6917734e-18
ERR9612835	3	dental calculus	2.53387e-33	0.99959505	1.1088153e-11	6.365101e-23	6.1956003e-24	1.1379777e-26	2.3042337e-24	1.4384985e-21	1.4826792e-22	5.783067e-19	1.3426155e-23	4.3227925e-24	2.2720197e-25	5.898516e-20	0.00040497282	2.9431872e-24
ERR9612836	3	dental calculus	5.4857148e-33	0.99927586	1.8120156e-11	2.6633042e-22	8.719805e-24	3.1384162e-26	9.136715e-24	2.7145753e-21	1.8297832e-22	1.996619e-18	2.7852224e-23	8.938692e-24	6.8348013e-25	1.3952313e-19	0.0007241522	6.999571e-24
ERR9612837	3	dental calculus	7.37426e-35	0.9950247	1.330774e-11	5.4877046e-24	4.0721686e-24	3.1942016e-27	5.0998502e-26	1.3534187e-22	3.126546e-23	1.0007257e-20	1.4189944e-25	1.212854e-25	1.9798409e-26	1.5182395e-21	0.004975331	7.633457e-26
ERR9612838	3	dental calculus	6.6737986e-35	0.9969009	4.3199038e-11	1.0857462e-23	3.8418548e-24	5.8575384e-27	1.3090943e-25	2.8485462e-22	4.2197883e-23	2.4716664e-20	3.0313065e-25	1.3988762e-25	3.6317246e-26	3.337715e-21	0.0030990979	1.94694e-25
ERR9612839	3	dental calculus	5.3189155e-21	0.99845916	3.6047393e-07	4.7982977e-15	1.5474352e-15	3.2132919e-18	1.971194e-15	1.5148662e-14	3.5922506e-15	8.211983e-12	3.085785e-15	1.2605047e-15	7.6586357e-17	7.215052e-13	0.0015405043	2.6935134e-16
ERR9612840	3	dental calculus	4.1482296e-21	0.9992099	7.7712036e-07	5.048172e-15	1.1331761e-15	3.523042e-18	2.1551267e-15	2.2675861e-14	4.9560766e-15	1.0165909e-11	6.220228e-15	7.1930885e-16	8.737925e-17	8.824833e-13	0.0007893657	1.1999414e-15
ERR9612841	3	dental calculus	8.2170765e-10	0.9995404	0.0001185146	8.5280426e-08	1.5801959e-07	2.3569302e-09	5.522846e-07	8.5459635e-07	3.594094e-08	6.932763e-05	1.9608176e-07	1.4991359e-07	5.5627105e-08	5.9105076e-07	0.00026898368	8.512382e-08
ERR9612842	3	dental calculus	1.6250411e-09	0.99945	8.5516185e-05	1.01605266e-07	3.920956e-07	3.2771716e-09	6.407478e-07	9.773389e-07	6.777466e-08	9.7421216e-05	3.3669082e-07	9.0851586e-08	4.834878e-08	7.575142e-07	0.0003634803	1.3384414e-07
ERR9612843	3	dental calculus	3.1497874e-32	0.9999797	2.5109728e-12	5.5681838e-24	8.880456e-23	2.3592316e-27	3.1947757e-26	1.1129225e-21	1.7483342e-22	2.9802353e-19	2.540574e-25	9.002914e-25	2.747252e-26	7.111607e-21	2.0308187e-05	2.6098107e-27
ERR9612844	3	dental calculus	2.9689437e-32	0.9999629	1.6931584e-12	8.6697005e-24	7.7838786e-23	3.554563e-27	2.8620388e-26	9.618802e-22	1.1988515e-22	2.1779958e-19	1.8186759e-25	1.5654385e-24	2.4100092e-26	7.451183e-21	3.708397e-05	1.810387e-27
ERR9612845	3	dental calculus	1.13654834e-26	0.9999465	4.280871e-09	1.0465254e-18	4.555612e-19	1.682323e-22	1.2959139e-19	3.3752374e-17	8.5176695e-19	4.046691e-15	1.0873876e-19	7.758443e-20	6.2874996e-21	4.4176527e-16	5.351207e-05	9.795441e-20
ERR9612846	3	dental calculus	2.1984438e-26	0.9999154	7.831517e-09	3.1953216e-18	1.2238594e-18	4.0859749e-22	4.042079e-19	7.0601884e-17	1.6562663e-18	7.811661e-15	5.1080626e-19	2.6250553e-19	1.8488223e-20	9.344794e-16	8.4569525e-05	3.4259862e-19
ERR9612847	3	dental calculus	2.4866259e-30	0.9999968	5.9222137e-12	8.629448e-22	3.3109192e-21	2.1375557e-24	1.9436613e-23	8.4053384e-21	5.3720183e-21	4.102377e-18	6.5540135e-23	3.441249e-23	8.273264e-24	1.2808872e-19	3.2452072e-06	1.719225e-23
ERR9612848	3	dental calculus	8.564537e-31	0.99999493	5.619037e-12	5.7225495e-22	3.2896252e-21	1.6977208e-24	1.100558e-23	3.393003e-21	3.5441595e-21	1.8211026e-18	8.44202e-23	2.977836e-23	4.7272076e-24	5.994896e-20	5.0398253e-06	1.24762864e-23
ERR9612849	3	dental calculus	1.60749e-40	0.99999297	9.766251e-15	4.9629183e-28	1.9702561e-29	1.9224229e-32	1.5840021e-30	2.6992555e-26	1.2667717e-27	2.6477435e-23	7.2665555e-30	7.801243e-30	2.734967e-31	1.1424418e-24	7.058341e-06	7.07977e-31
ERR9612850	3	dental calculus	1.96285e-40	0.99998957	1.2215642e-14	3.3617673e-28	1.7358668e-29	2.17268e-32	8.21692e-31	1.6458604e-26	1.9307937e-27	2.397887e-23	5.606026e-30	1.15744064e-29	2.16665e-31	8.0259147e-25	1.0452421e-05	9.066088e-31
ERR9612851	3	dental calculus	9.718914e-21	0.9999435	3.5389988e-08	2.8979786e-15	1.2411352e-14	2.379192e-17	1.9152433e-15	8.41914e-15	4.4376852e-15	2.6272313e-12	2.7230114e-15	9.403875e-16	2.5664548e-16	9.0857884e-14	5.647024e-05	5.7289555e-16
ERR9612852	3	dental calculus	1.5203263e-20	0.9999638	1.037178e-07	7.163387e-15	1.4426021e-14	5.855089e-17	7.280117e-15	2.4936738e-14	1.1849665e-14	8.5831975e-12	6.83076e-15	2.2696328e-15	9.868446e-16	1.5556814e-13	3.606693e-05	2.569911e-15
ERR9612853	3	dental calculus	1.566991e-14	0.1519736	4.107789e-05	1.4875448e-10	9.735169e-10	9.234146e-12	1.6460333e-10	2.3883406e-10	2.6167224e-10	3.7676738e-08	2.1187348e-10	8.5098775e-11	5.6165867e-11	9.714998e-10	0.84798527	9.207268e-11
ERR9612854	3	dental calculus	1.6086172e-14	0.11526729	4.210259e-05	1.2837581e-10	9.209284e-10	9.0236455e-12	2.798672e-10	3.0792344e-10	2.3433602e-10	4.6106482e-08	1.5026694e-10	7.560203e-11	4.6604807e-11	8.7073804e-10	0.8846906	1.3822576e-10
ERR9612855	3	dental calculus	2.7908503e-26	0.9990587	1.8155492e-09	1.2793192e-18	1.5159976e-18	8.235398e-21	9.680962e-20	1.24340044e-17	4.7480126e-18	4.0610457e-15	4.2219508e-19	1.3435716e-19	3.968323e-20	4.810779e-17	0.00094124617	1.7757131e-19
ERR9612856	3	dental calculus	5.1751987e-27	0.99879706	1.3446214e-09	1.3020579e-18	5.9504256e-19	4.9587907e-21	8.0429834e-20	1.0332447e-17	1.9182389e-18	2.0927776e-15	1.5864412e-19	6.334666e-20	2.1140775e-20	3.2361393e-17	0.0012029542	1.109995e-19
ERR9612857	3	dental calculus	4.84196e-40	0.9999956	2.849334e-14	7.745516e-28	1.6737606e-29	1.2542293e-32	6.801575e-30	1.9490978e-26	1.7428491e-27	7.133176e-24	8.47071e-30	2.5603764e-29	2.9254683e-31	1.7915418e-24	4.402572e-06	1.9491891e-30
ERR9612858	3	dental calculus	3.12209e-40	0.9999967	2.8749277e-14	1.0525389e-27	4.721318e-29	1.3356549e-32	3.5651717e-30	1.7054821e-26	1.875181e-27	7.681107e-24	1.6352194e-29	3.2063715e-29	3.3170062e-31	2.957076e-24	3.2640983e-06	3.123431e-30
ERR9612859	3	dental calculus	1.5792406e-29	0.999992	1.6689422e-11	7.1274e-21	1.4827264e-21	3.821552e-24	6.4579016e-22	1.4796245e-19	1.6553425e-20	9.7848253e-17	2.8331825e-21	3.2111624e-21	3.5971552e-23	4.164156e-18	7.97341e-06	1.4235702e-22
ERR9612860	3	dental calculus	1.7311613e-29	0.9999962	1.0713604e-11	9.5844674e-21	7.963399e-22	4.798147e-24	4.309402e-22	7.482001e-20	1.1961876e-20	8.411651e-17	4.6049573e-21	1.3324874e-21	6.409479e-23	3.0269262e-18	3.7897478e-06	3.8117426e-22
ERR9612861	3	dental calculus	6.284633e-17	0.9987417	2.653372e-06	4.3227333e-13	3.392724e-14	1.0274217e-15	3.5312654e-13	5.828735e-11	8.8563586e-13	2.897873e-09	2.6045827e-13	4.983684e-12	2.1938672e-14	6.154329e-11	0.0012556838	4.7092216e-14
ERR9612862	3	dental calculus	2.3956127e-17	0.9988404	1.6087398e-06	4.802261e-13	2.7954913e-14	8.956028e-16	3.2871164e-13	3.7768753e-11	7.949213e-13	2.441296e-09	2.6242693e-13	6.7795374e-12	1.8960892e-14	4.4498728e-11	0.0011580049	5.5271573e-14
ERR9612863	3	dental calculus	5.5039984e-14	0.9994738	1.3192947e-05	8.1555256e-11	3.5962344e-11	5.152635e-13	1.8433738e-10	1.123378e-09	6.648367e-11	3.0659358e-08	1.0062818e-10	1.7702362e-10	2.0583413e-11	1.7206551e-09	0.00051293586	2.859587e-11
ERR9612864	3	dental calculus	2.2620476e-14	0.999818	3.8763096e-06	4.39081e-11	3.171662e-11	3.5853417e-13	1.7992305e-10	6.5626965e-10	3.662973e-11	4.2286164e-08	8.540191e-11	2.947054e-10	9.188562e-12	1.0730289e-09	0.00017803216	1.0779731e-11
ERR9612865	3	dental calculus	8.8526e-41	0.99998784	8.2372955e-15	9.532252e-28	5.043223e-29	7.013973e-32	2.4650865e-30	1.5025828e-26	1.3258966e-27	6.1783247e-24	2.8096215e-29	4.909364e-30	9.07288e-31	5.329444e-25	1.2179904e-05	3.0772983e-30
ERR9612866	3	dental calculus	5.9751e-41	0.9999536	1.3486613e-14	7.530858e-28	7.9572004e-29	1.0243989e-31	4.498606e-30	2.6363168e-26	2.4027224e-27	1.2680793e-23	2.2706052e-29	6.210405e-30	9.62735e-31	1.3886104e-24	4.6378027e-05	9.707957e-30
ERR9612867	3	dental calculus	2.3176987e-36	0.9999758	6.3620773e-14	1.4021682e-25	1.9792046e-26	8.4645566e-29	1.5887478e-27	3.823865e-24	5.8933747e-25	7.120439e-21	1.9627026e-26	8.0187164e-27	4.707899e-28	5.224682e-23	2.4192697e-05	5.683698e-28
ERR9612868	3	dental calculus	1.1057551e-36	0.99998087	7.997966e-14	1.515486e-25	3.0674514e-26	8.0240796e-29	1.6246866e-27	2.85791e-24	7.52435e-25	1.0825096e-20	1.2821027e-26	1.0293459e-26	5.6595483e-28	7.5851576e-23	1.9154331e-05	1.11140275e-27
ERR9612869	3	dental calculus	6.7686168e-28	0.999992	2.1939055e-10	1.904268e-19	1.0983052e-19	6.002654e-23	2.9079945e-20	2.5222747e-18	2.734239e-19	1.4845042e-15	5.4587794e-20	3.4276245e-20	2.3022216e-21	3.77903e-17	7.979405e-06	1.21941625e-20
ERR9612870	3	dental calculus	5.0554467e-28	0.999998	1.0723539e-10	1.1921704e-19	1.0236742e-19	3.012877e-23	1.301743e-20	1.6751361e-18	1.5431335e-19	1.5661739e-15	2.4084806e-20	4.2109403e-20	7.708851e-22	3.018561e-17	2.0010277e-06	8.361553e-21
ERR9612871	3	dental calculus	0.0	0.99999857	2.3862029e-18	1.7310224e-32	1.16570895e-32	4.048059e-36	2.1934614e-35	5.589275e-31	6.9499746e-32	1.5214343e-28	1.0743109e-34	1.606832e-35	3.087348e-35	8.97974e-30	1.4325681e-06	2.1040482e-35
ERR9612872	3	dental calculus	0.0	0.9999986	3.963768e-18	2.8582803e-32	1.2971179e-32	3.6398787e-36	1.9420164e-35	8.348717e-31	9.852705e-32	1.9114248e-28	1.5295547e-34	3.7316895e-35	2.194283e-35	1.2733659e-29	1.3723962e-06	4.040573e-35
ERR9612873	3	dental calculus	8.6285026e-29	0.99593955	9.452921e-09	1.3011828e-19	1.8627314e-20	9.1715446e-24	4.6427204e-21	1.7393677e-18	1.6381667e-19	1.8913456e-16	1.4247624e-20	2.1011262e-20	1.6025721e-22	1.0363385e-16	0.004060429	4.7372775e-21
ERR9612874	3	dental calculus	4.063411e-28	0.99221665	2.4891271e-08	2.6003185e-19	3.7489732e-20	1.9569615e-23	8.9694635e-21	5.0372925e-18	3.726882e-19	3.962428e-16	2.1159618e-20	1.741304e-20	3.8771928e-22	1.9578241e-16	0.0077833016	8.012432e-21
ERR9612875	3	dental calculus	2.3692915e-27	0.9999115	2.0169172e-10	3.2186619e-19	7.7015556e-19	7.3588227e-22	2.4567486e-20	4.6616727e-18	6.0864766e-19	2.5666147e-16	4.8733536e-20	1.10449316e-20	9.833464e-21	1.696329e-17	8.84993e-05	1.578542e-20
ERR9612876	3	dental calculus	1.5239257e-27	0.99996865	1.4726417e-10	2.6943141e-19	6.427932e-19	1.009892e-21	4.8948927e-20	3.359758e-18	6.437344e-19	2.2908175e-16	5.971329e-20	1.5249498e-20	8.635964e-21	1.6038124e-17	3.13244e-05	2.714586e-20
ERR9612877	3	dental calculus	2.0333992e-28	0.9999811	1.2294591e-11	4.09838e-21	1.1542092e-21	2.043129e-24	1.4338759e-22	2.365573e-19	1.5361813e-20	4.9354228e-17	4.1993552e-22	2.5517332e-21	5.5471203e-23	1.4633736e-18	1.890162e-05	1.7949252e-23
ERR9612878	3	dental calculus	2.4291807e-28	0.99998355	1.5347095e-11	3.2951105e-21	1.4878477e-21	1.5277783e-24	1.1477453e-22	3.2986427e-19	1.31349544e-20	2.985135e-17	4.140658e-22	5.6439175e-21	4.029229e-23	1.4040082e-18	1.6450933e-05	1.757179e-23
ERR9612879	3	dental calculus	3.2436003e-32	0.99986905	2.543034e-13	2.6225687e-23	3.6854556e-23	1.4396943e-25	6.961819e-25	8.856831e-22	2.4184617e-22	7.8622757e-19	2.4370455e-24	1.5902924e-24	6.8690517e-25	4.5133725e-21	0.0001309399	2.7873456e-25
ERR9612880	3	dental calculus	3.651309e-33	0.9999234	7.9808434e-14	9.778699e-24	7.698439e-24	4.3658253e-26	4.399386e-25	8.3161994e-22	7.3122307e-23	2.227366e-19	7.1675917e-25	7.696369e-25	2.0315791e-25	1.1029961e-21	7.660509e-05	1.3812946e-25
ERR9612881	3	dental calculus	3.3579849e-37	0.99993944	1.3141497e-12	6.848111e-25	6.6018845e-26	8.074363e-29	7.939537e-27	8.237056e-24	1.0610227e-24	1.4580201e-21	2.4672087e-26	5.487497e-27	1.1964914e-27	3.3463406e-22	6.0549217e-05	1.1813941e-26
ERR9612882	3	dental calculus	5.287375e-38	0.99997145	3.5944771e-13	1.2241747e-25	3.2923982e-26	2.1345855e-29	1.4331144e-27	9.949503e-25	2.6276116e-25	5.5028715e-22	3.7292313e-27	7.237188e-28	2.4062718e-28	5.178692e-23	2.8542181e-05	4.4693504e-27
ERR9612883	3	dental calculus	6.021969e-16	0.9964849	4.0068435e-06	4.8702266e-12	5.3309e-12	5.5960614e-14	1.0827017e-11	4.7643285e-11	7.031443e-12	2.2808733e-10	2.1548605e-12	1.793753e-11	1.3924482e-12	4.948432e-11	0.0035111157	1.2559596e-12
ERR9612884	3	dental calculus	1.0616149e-15	0.998596	2.7803917e-06	8.196679e-12	3.0400001e-12	6.357872e-14	7.2702157e-12	7.696908e-11	6.870125e-12	3.1429745e-10	3.8248263e-12	2.6909822e-11	1.5584257e-12	4.780422e-11	0.0014012273	1.4283636e-12
ERR9612885	3	dental calculus	2.3154345e-37	0.99995023	2.0573504e-14	8.002686e-26	1.311528e-26	3.4384765e-29	1.1994337e-27	3.2857173e-24	1.8730737e-25	3.0810632e-21	4.736251e-27	1.9758217e-27	2.9718141e-28	1.0068054e-22	4.9761038e-05	5.657791e-28
ERR9612886	3	dental calculus	1.0570178e-37	0.99997723	1.3152323e-14	5.4889386e-26	1.3694912e-26	1.3580504e-29	1.1607631e-27	3.3023035e-24	1.2501224e-25	2.7848096e-21	5.9129177e-27	1.3676711e-27	1.5249454e-28	4.137616e-23	2.2791426e-05	5.318914e-28
ERR9612887	3	dental calculus	1.27213065e-26	0.9512696	3.3393526e-09	1.8510195e-18	1.05568884e-17	1.1344661e-20	1.7600867e-19	2.0877413e-17	1.3813879e-17	2.2518501e-14	3.8811312e-19	1.7127204e-19	4.7145796e-20	2.7246612e-16	0.048730366	3.1757674e-19
ERR9612888	3	dental calculus	2.0898938e-26	0.97929835	1.6245881e-09	2.0873239e-18	6.7893967e-18	1.1514017e-20	1.6196887e-19	2.1846864e-17	9.775715e-18	3.5093043e-14	5.045896e-19	1.2305325e-19	5.6984356e-20	2.2740738e-16	0.020701624	2.2697278e-19
ERR9612889	3	dental calculus	3e-45	0.99992424	8.491919e-17	5.7787876e-31	9.4300525e-32	1.5099269e-34	9.692531e-34	2.0453821e-29	3.7405615e-30	1.6076612e-26	1.2707013e-32	4.2325937e-33	8.73728e-34	5.8602716e-28	7.576168e-05	1.3735449e-33
ERR9612890	3	dental calculus	7e-45	0.9998091	6.919884e-17	9.8640715e-31	1.2525981e-31	2.389793e-34	1.06785975e-33	6.6154255e-29	6.262707e-30	2.6982325e-26	8.648457e-33	1.3878039e-32	1.0271297e-33	8.710433e-28	0.00019090222	1.5400598e-33
ERR9612891	3	dental calculus	2.17e-43	0.99999684	1.1379356e-17	2.3815553e-31	2.1212616e-31	1.3441784e-35	1.9013543e-34	6.5412116e-29	3.8851615e-30	6.3999096e-26	1.3170607e-33	1.03320936e-32	1.6432501e-34	5.2511293e-27	3.1684629e-06	2.077101e-35
ERR9612892	3	dental calculus	1.36e-43	0.99999875	1.1224595e-17	2.5860777e-31	9.073249e-32	9.472081e-36	1.7763974e-34	6.815285e-29	2.279008e-30	2.729196e-26	1.541395e-33	1.7793292e-32	1.2110028e-34	4.3469005e-27	1.2591531e-06	2.8616802e-35
ERR9612893	3	dental calculus	4.6922468e-36	0.9999635	1.7499992e-14	9.9626615e-27	6.3091394e-26	1.5565512e-29	1.4220206e-29	1.344232e-24	4.3519213e-25	5.964226e-23	4.872248e-28	1.3612992e-27	3.070568e-29	1.22142876e-23	3.64673e-05	1.1496589e-30
ERR9612894	3	dental calculus	6.449787e-36	0.9998976	2.3577769e-14	1.01010534e-26	8.951484e-26	1.3714054e-29	2.3854325e-29	2.0282326e-24	4.9163937e-25	1.1678195e-22	4.1053816e-28	1.1158707e-27	2.6218714e-29	1.8129188e-23	0.000102417616	6.0884264e-31
ERR9612895	3	dental calculus	2.5098734e-26	0.9999609	2.2180047e-10	2.7925075e-19	4.7349728e-20	1.3440637e-22	9.531982e-21	1.2729892e-17	6.119272e-19	6.4668094e-15	8.493208e-20	9.513604e-20	2.4787758e-21	1.6793908e-16	3.9118993e-05	1.760327e-21
ERR9612896	3	dental calculus	1.3229709e-26	0.9999685	1.05521585e-10	1.5225941e-19	3.7671847e-20	8.9015254e-23	1.3399107e-20	6.176919e-18	4.5998526e-19	1.08809285e-14	4.963896e-20	7.29106e-20	1.7857802e-21	1.1747406e-16	3.146371e-05	1.5344175e-21
ERR9612897	3	dental calculus	2.6106932e-33	0.99987173	3.848859e-13	1.3516614e-23	3.2442757e-24	8.534419e-27	3.0094992e-25	4.0605798e-22	3.0060072e-23	2.4711897e-19	1.1826373e-24	1.3646162e-24	6.891119e-26	7.947316e-21	0.00012826896	5.473054e-26
ERR9612898	3	dental calculus	1.4316206e-32	0.99979764	6.6502256e-13	3.0510243e-23	7.8918e-24	1.4647124e-26	9.383757e-25	1.2375523e-21	1.0314181e-22	4.9992527e-19	2.964325e-24	3.5134086e-24	2.1057905e-25	1.03097845e-20	0.00020233623	9.1931335e-26
ERR9690357	3	permafrost	0.0056834216	0.0005109964	0.00067393226	0.00014473592	0.1023165	0.05067068	0.001510543	0.38734695	0.00011816404	7.6945245e-05	0.4028759	0.04386929	0.00049647695	0.0036881955	1.5743684e-05	1.5276328e-06
ERR9690358	3	permafrost	0.04234836	0.0036087215	0.0011617928	0.0010714376	0.008928188	7.1740105e-05	0.005030269	0.05239967	0.0005228749	0.0020529712	0.009948828	0.76848525	0.049591437	0.002728324	0.051379018	0.0006711433
ERR9690359	3	permafrost	0.0008032158	0.00044518782	0.00084991934	0.0005317996	0.21040007	0.036934275	0.0016173257	0.2838067	9.44881e-05	5.8302347e-05	0.4222366	0.036935117	0.00040588135	0.004849901	2.6927995e-05	4.2472416e-06
ERR9690360	3	permafrost	0.0004797375	0.0009894348	0.0020225192	0.0045300256	0.19798172	0.09616173	0.0026411	0.17464627	0.0010192018	0.00026445702	0.47120184	0.043581683	0.00018742916	0.004271162	9.378941e-06	1.2327307e-05
ERR9690361	3	permafrost	0.026719144	0.0032248632	0.0046306355	0.009359931	0.0021382351	4.86009e-05	0.007816406	0.035970222	0.0031849544	0.0041219834	0.04680277	0.76574653	0.02738088	0.008469156	0.043932904	0.010452801
ERR9690362	3	permafrost	0.014756618	0.001166057	0.0003495336	0.0003085371	0.050241906	0.0039921375	0.0017842144	0.5635979	0.00016677666	5.0057915e-05	0.30578095	0.048493817	1.4172309e-05	0.0092002945	9.686651e-05	1.4663482e-07
ERR9690363	3	permafrost	0.0050795428	0.0026979325	0.0019517133	0.0021307932	0.027009705	1.9496778e-05	0.0024516815	0.26091668	0.00038908422	0.00034120222	0.0286991	0.65139	0.00012154807	0.015546039	0.001239609	1.5885484e-05
ERR9690364	3	permafrost	0.0008106475	0.0009971174	0.0008185543	0.0024118738	0.14405523	0.0022970992	0.0055303713	0.34781736	0.00029680322	0.00034013423	0.4226168	0.05510478	1.0039398e-05	0.016873455	1.9080591e-05	6.37124e-07
ERR9690365	3	permafrost	0.00086308713	0.00090425083	0.00038879475	0.011375073	0.061706368	0.0029107968	0.002610785	0.6489137	0.0033450949	0.0002954328	0.22919624	0.02682236	5.1011716e-06	0.0106469905	1.311563e-05	2.840405e-06
ERR9690366	3	permafrost	0.016701456	0.0025599732	0.002068585	0.00531795	0.024844026	9.336122e-06	0.007307239	0.27963847	0.0024427758	0.0013766732	0.17121972	0.42189375	0.00024267974	0.05779795	0.0060801995	0.00049919786
SRR10156707	3	sediment	0.0019729433	0.003658335	0.0022736383	0.0007789312	0.88768524	0.00014959497	0.043248076	0.008170111	0.00060700736	0.0026043258	0.0052577774	0.028761422	0.0076855756	0.0013573723	0.0042052143	0.0015844536
SRR10156708	3	sediment	0.00024238424	0.00076275854	0.00056251604	0.00029007412	0.96011186	3.7353184e-05	0.010962819	0.0037474162	0.00017487255	0.0009590934	0.0029640212	0.014937531	0.0029083034	0.0007306643	0.00042888557	0.0001794728
SRR10156709	3	sediment	0.03499591	0.021011157	0.0093235	0.0024399885	0.54366326	0.0018530386	0.13979378	0.009028327	0.0025798474	0.024316614	0.04087803	0.08882684	0.03440035	0.0030319402	0.03180201	0.012055394
SRR10156710	3	sediment	0.11486028	0.045777217	0.03053551	0.0041387556	0.10427006	0.0075697917	0.29061234	0.01300396	0.004342282	0.03398582	0.060390424	0.07100716	0.08398202	0.00296158	0.0974574	0.035105392
SRR10156713	3	sediment	0.004693364	0.0067911763	0.008279435	0.0011918274	0.7762055	0.001336481	0.05430243	0.011217447	0.000934072	0.0074414266	0.043753624	0.058493588	0.016704753	0.0027642597	0.0039813826	0.0019092415
SRR10156724	3	sediment	0.006698216	0.008853905	0.008086884	0.0024648895	0.70131516	0.0009625794	0.10143027	0.04111944	0.0022740562	0.0057854936	0.015796708	0.04298684	0.037159324	0.0046682185	0.013359259	0.0070387623
SRR10156735	3	sediment	0.09654978	0.044606667	0.03518567	0.0053604683	0.13343541	0.0058223675	0.24633549	0.0124587035	0.004497048	0.03513517	0.07411992	0.1081054	0.06949751	0.0038514684	0.091684684	0.033354253
SRR10156737	3	sediment	0.076508865	0.041828968	0.030576298	0.0043724207	0.12779288	0.008493769	0.25995684	0.01639512	0.003948557	0.029001614	0.059404463	0.15119028	0.11130172	0.0026339672	0.052787974	0.023806257
SRR10156738	3	sediment	0.10288881	0.045112982	0.027784038	0.0038287605	0.11943084	0.006966511	0.27839398	0.012674975	0.0038457727	0.030326448	0.062842004	0.12015469	0.06399409	0.0029978852	0.08836204	0.030396184
SRR10156739	3	sediment	0.08691179	0.04061229	0.027340077	0.003133368	0.19093996	0.0074082934	0.29123107	0.010759223	0.0036838313	0.024740633	0.058461383	0.11386691	0.049917087	0.0029593161	0.055969045	0.03206573
SRR10156740	3	sediment	0.059517078	0.02869269	0.040486723	0.003556699	0.25254536	0.02270326	0.113438554	0.022049656	0.0031433771	0.016797055	0.1882403	0.06138799	0.16108786	0.0050104107	0.011984653	0.00935835
SRR10156741	3	sediment	0.025978712	0.017700667	0.02197442	0.0024172287	0.6188569	0.0108516095	0.09840129	0.015827004	0.001450324	0.009163412	0.074266106	0.043751795	0.0449457	0.0035531626	0.0049637766	0.005897868
SRR10156742	3	sediment	0.118186094	0.045959685	0.033644244	0.0049903155	0.07164451	0.007958816	0.27945346	0.015508919	0.0038797383	0.03945428	0.06422301	0.049956854	0.13718101	0.0035743942	0.09378546	0.030599222
SRR10156743	3	sediment	0.08261868	0.044698674	0.042066365	0.0031408777	0.24809937	0.012614358	0.19752924	0.014575447	0.0036075907	0.025970953	0.10161975	0.083948426	0.08233471	0.0042197183	0.030901242	0.022054596
SRR10156744	3	sediment	0.031916507	0.022324536	0.027553974	0.0029193256	0.5217105	0.006729423	0.15259504	0.012406772	0.002450043	0.015017137	0.021082813	0.072491944	0.07935494	0.0035699105	0.018061627	0.009815484
SRR10156745	3	sediment	0.0073654354	0.0075694183	0.009375014	0.00072056666	0.798816	0.0028403357	0.07562403	0.0062809614	0.00081562484	0.0049826647	0.02243495	0.038593207	0.015372131	0.0018385886	0.003887573	0.003483477
SRR10156746	3	sediment	0.00028421	0.0020048846	0.0013329042	0.0027853288	0.93772197	0.00017672965	0.008323624	0.007538204	0.0010302344	0.00082472916	0.018513938	0.013516358	0.003798992	0.0014718535	0.00041741345	0.0002586262
SRR10156747	3	sediment	0.03698553	0.026847042	0.021154057	0.0031808342	0.41685385	0.006203957	0.2127048	0.018515829	0.0036581696	0.017974818	0.054887377	0.09074857	0.041117497	0.004136166	0.031855717	0.013175787
SRR10156748	3	sediment	0.056322176	0.032191303	0.02404668	0.0039597196	0.21754591	0.0057222587	0.3405784	0.012285107	0.003526717	0.019977039	0.055315595	0.11233497	0.052143667	0.0037608761	0.04226571	0.018023865
SRR10156749	3	sediment	0.09832314	0.041799437	0.03332976	0.0042237514	0.16016573	0.0077627627	0.23122112	0.010712773	0.0037480216	0.030478751	0.058627952	0.1103946	0.108093634	0.0030122078	0.068352826	0.029753536
SRR10156750	3	sediment	0.00174588	0.00085506256	0.0011265053	0.00015953946	0.96020955	7.4251846e-05	0.0053742775	0.0019374449	0.0002799741	0.00095954555	0.0009928265	0.02003732	0.0047397064	0.00065537065	0.00036105284	0.0004916777
SRR10156751	3	sediment	0.005086828	0.004522395	0.0027938676	0.0007712179	0.75938296	0.0001740138	0.14571136	0.0052108346	0.0008875425	0.00487374	0.0050970735	0.030021714	0.02299809	0.0012300138	0.007730644	0.0035076847
SRR10156752	3	sediment	0.00058464555	0.0005694673	0.00060989277	0.00018023762	0.9743241	3.7520844e-05	0.0017488231	0.0031803094	0.0001910088	0.0011234658	0.0018144869	0.010478064	0.003609771	0.00087997	0.00038019766	0.00028802312
SRR10156753	3	sediment	0.00024944724	0.0010270802	0.00033535826	0.0004896681	0.9324333	1.681384e-05	0.02845472	0.0045939554	0.0004989993	0.0017165361	0.0019624063	0.019922376	0.004839496	0.0009020926	0.0017822139	0.00077552156
SRR10156754	3	sediment	0.070036925	0.03016911	0.01835675	0.0027625847	0.271226	0.0035170354	0.33603784	0.0057507157	0.0028763697	0.0234174	0.03357503	0.08413761	0.039113592	0.002353135	0.051196992	0.025472898
SRR10156755	3	sediment	0.028941927	0.01988443	0.016463509	0.0031873195	0.50536567	0.0033209315	0.1845559	0.010596283	0.0026749836	0.02225007	0.033583883	0.062423114	0.046103343	0.002628713	0.04568797	0.012331957
SRR10156756	3	sediment	0.028572742	0.015049891	0.008058359	0.00147158	0.59658414	0.0010658073	0.14026438	0.012357516	0.001948523	0.017550642	0.025524361	0.0935809	0.020874359	0.003604728	0.023274735	0.01021732
SRR10156757	3	sediment	0.00049591553	0.0018571238	0.0014615114	0.00096461823	0.87865317	6.902669e-05	0.06596085	0.012602768	0.00092026783	0.0010324485	0.0029056824	0.015596287	0.010034327	0.0017217732	0.005038807	0.0006854451
SRR10156758	3	sediment	0.016790777	0.012771248	0.0033849122	0.0027195576	0.39198655	0.00038753796	0.15475641	0.07477768	0.0025475929	0.01045154	0.013959201	0.040429004	0.041518427	0.004921072	0.2215085	0.007089987
SRR12136712	3	dental calculus	0.00016951884	0.7217288	0.009499486	0.00017709182	0.0014191507	0.00016949548	0.0039830846	0.0013421117	0.0004194801	0.11866894	0.0019874924	0.00083921273	0.00050516677	0.00038024707	0.13664961	0.0020611088
SRR12136713	3	dental calculus	2.2553467e-17	0.99854296	7.386922e-08	8.597645e-12	5.301169e-13	4.3544422e-14	2.7001218e-13	1.4451543e-11	5.038799e-12	1.9515758e-09	1.2257889e-12	7.799458e-13	4.714883e-13	9.495863e-12	0.0014569619	6.003243e-14
SRR12462930	3	dental calculus	0.0	1.0	2.464119e-20	1.5585373e-32	3.9186307e-34	1.8141609e-36	2.8030373e-37	6.2696806e-31	5.989082e-32	1.1382199e-29	4.1327975e-36	1.6040985e-36	1.8711606e-36	6.3203444e-31	1.8587374e-09	1.2789026e-36
SRR12462931	3	dental calculus	0.0	1.0	2.0421094e-20	5.5949553e-35	5.551325e-36	2.708482e-39	3.502896e-39	3.5168918e-33	2.1157996e-34	6.8078126e-32	1.1164466e-38	4.706841e-39	1.502243e-38	1.29174e-32	2.4029734e-09	1.023769e-38
SRR12462932	3	dental calculus	0.0	0.9999837	4.495488e-19	6.567592e-35	2.5899969e-36	8.764697e-39	1.3402331e-38	1.7431532e-33	2.9274438e-34	6.1292597e-32	6.0108507e-38	9.472138e-38	1.3600099e-37	4.726927e-32	1.628559e-05	5.005611e-38
SRR12462933	3	dental calculus	0.0	0.99997413	2.5514382e-18	3.932114e-34	1.1367077e-35	2.6007758e-38	1.1485344e-37	9.846903e-33	8.870896e-34	2.8999457e-31	4.147317e-37	1.4222923e-37	4.0855944e-37	5.610657e-31	2.5892547e-05	1.5425097e-36
SRR12462934	3	dental calculus	0.0	1.0	5.55983e-20	7.690927e-33	1.1204709e-33	6.4943816e-37	4.2900862e-36	1.9999971e-31	7.984453e-33	3.862214e-28	1.9868169e-35	5.7464117e-36	2.0678375e-35	7.1907145e-30	1.1885268e-10	1.3608659e-35
SRR12462935	3	dental calculus	0.0	0.9999959	5.538127e-21	1.7728772e-37	3.258652e-39	2.618e-42	1.2177e-41	2.4543872e-36	2.40433e-37	2.2082512e-35	1.4775e-41	4.0398e-41	5.966e-41	5.6342055e-34	4.12721e-06	1.8297e-41
SRR12462936	3	dental calculus	0.0	0.99999315	2.5877317e-19	9.272947e-34	2.4185743e-34	3.0112187e-37	1.714878e-37	2.814921e-32	2.6411712e-33	8.41655e-33	8.180363e-37	2.1380622e-36	3.596524e-36	6.8167e-31	6.8675677e-06	5.6441204e-37
SRR12462937	3	dental calculus	1.356e-42	0.9999997	5.6123166e-17	6.8575655e-30	9.012574e-31	2.3553598e-34	1.2602256e-32	7.5787573e-28	1.8559012e-29	1.07471436e-26	1.0784435e-32	9.9061815e-31	1.174172e-32	1.7191509e-26	2.7325333e-07	2.249395e-33
SRR12462938	3	dental calculus	8.1156e-41	0.9999847	1.0980821e-13	5.7243424e-28	1.8565789e-29	1.7228122e-33	5.603774e-31	6.0978393e-26	7.835346e-28	9.800302e-24	2.0576935e-30	1.0799467e-29	1.716517e-31	7.664189e-24	1.529806e-05	2.6331529e-30
SRR12462939	3	dental calculus	8.633217e-26	0.9998464	4.2519672e-09	2.958312e-18	1.9585763e-19	4.989129e-22	2.9057017e-19	9.789806e-17	2.1289456e-18	2.420132e-15	4.4272123e-19	9.536277e-19	5.509309e-20	1.590411e-15	0.00015358502	1.9091433e-19
SRR12462940	3	dental calculus	8.0349e-41	0.9999953	1.1078373e-14	3.3502278e-28	9.690498e-30	6.120525e-33	1.2928255e-30	4.1450536e-26	4.7169587e-28	3.5851977e-24	2.2057377e-30	9.237644e-30	5.592506e-31	1.9784233e-24	4.7181275e-06	2.4581915e-30
SRR12462941	3	dental calculus	0.0	0.9999998	1.8152814e-17	5.616056e-33	9.2528315e-35	6.073232e-39	1.2054892e-36	9.667012e-31	1.2089474e-32	6.42842e-29	5.2899057e-36	5.966784e-35	7.616598e-37	1.2565678e-28	1.836728e-07	4.3534065e-36
SRR12462942	3	dental calculus	0.0	0.99999934	4.737354e-20	3.7546958e-37	8.510097e-39	2.66e-43	3.4103e-41	1.1977955e-34	1.4659042e-36	4.333573e-32	1.12353e-40	3.97174e-40	2.1877e-41	3.1582947e-32	6.465039e-07	4.9072e-41
SRR12462943	3	dental calculus	1.32260566e-20	0.99998194	8.8952945e-08	6.706446e-15	8.837621e-16	2.8166406e-18	1.0557159e-15	7.0071824e-14	3.1875802e-15	5.5343096e-12	6.6336105e-15	3.3002862e-15	7.2965244e-16	7.1809214e-13	1.7955255e-05	1.1256579e-15
SRR12462944	3	dental calculus	2.6768841e-20	0.896832	8.586207e-08	4.4287368e-15	4.2128674e-15	1.08949275e-16	1.5219826e-15	3.966949e-14	1.13707405e-14	6.541948e-13	2.5078647e-15	2.128748e-15	1.5422727e-15	1.1144781e-13	0.10316791	1.0234999e-15
SRR12462945	3	dental calculus	0.0	0.9999882	1.3241245e-19	3.3335156e-34	4.2923574e-36	1.1012512e-37	6.318963e-39	8.815876e-33	3.6316464e-34	6.919242e-31	5.0769284e-38	7.533031e-37	8.232676e-36	5.661735e-32	1.1784763e-05	1.1831858e-36
SRR12462946	3	dental calculus	1.2557671e-32	0.9990553	5.3571275e-13	2.7056036e-22	7.068553e-22	1.5998549e-24	5.52992e-24	3.896231e-21	8.769264e-22	2.3115658e-19	4.0572718e-24	6.431727e-24	1.8514182e-23	2.6945396e-20	0.00094466424	2.4042963e-23
SRR12462947	3	dental calculus	0.0	1.0	1.0604544e-17	6.4038655e-33	5.3578394e-34	8.02045e-39	6.233077e-36	3.654835e-31	7.104901e-33	2.7039996e-30	3.6353296e-36	2.5170815e-35	3.0018416e-36	5.3255406e-29	6.2272116e-09	8.026865e-36
SRR19160147	3	intestine	0.093320966	0.286605	0.0029068857	0.08545574	0.03339499	0.0065251333	0.0006431055	0.037696674	0.2351209	0.032104325	0.0046210582	0.06251123	0.0020562222	0.002474986	0.11455336	9.425077e-06
SRR19160150	3	intestine	0.29847518	0.3926693	0.001086159	0.013528643	0.024649855	0.0028662186	7.912655e-05	0.088313006	0.069144905	0.016826224	0.004030582	0.027407633	5.208156e-05	0.0016834531	0.059187546	8.524511e-08
SRR19160161	3	intestine	0.2912538	0.2639651	0.0013473768	0.030592144	0.015052256	0.0020173742	0.00018788937	0.11354153	0.07889244	0.016490135	0.0062064687	0.035754565	0.00072677043	0.002138489	0.1418326	1.0707214e-06
SRR19160174	3	intestine	0.15376513	0.2662832	0.0007456325	0.015968181	0.02401686	0.0034222698	7.252913e-05	0.2602791	0.14374135	0.032774877	0.0038349775	0.01515052	0.000115050156	0.0043839966	0.075446285	2.1519279e-08
SRR19160175	3	intestine	0.12037497	0.33595252	0.00068845006	0.0041110273	0.06670453	0.11051429	1.4243144e-05	0.23348375	0.06522613	0.0056519737	0.020062674	0.009291738	9.292585e-06	0.00261768	0.025296733	4.9754103e-09
SRR19160180	3	intestine	0.3255749	0.34172714	0.00047144963	0.0058377283	0.008056843	0.0010876394	1.990281e-05	0.05692706	0.09767426	0.011856631	0.0013595431	0.043980468	8.297731e-05	0.0014780785	0.10386535	3.8383703e-08
SRR19160184	3	intestine	0.21790811	0.25868505	0.0006453293	0.012325671	0.017972207	0.0014805822	0.00016638933	0.037632193	0.17047295	0.014235582	0.0015484322	0.02253974	0.0002013014	0.0013652081	0.24282078	4.4355144e-07
SRR19160194	3	intestine	0.24225253	0.33448073	0.00021802574	0.009602143	0.030587865	0.0026985342	0.00013402716	0.065610774	0.09065749	0.022005552	0.0018905515	0.019746121	0.00017080015	0.0018633265	0.17808133	1.8688067e-07
SRR19160206	3	intestine	0.10900399	0.35410297	0.0004171638	0.013132427	0.014191345	0.0015954897	0.00021929816	0.07134867	0.337272	0.012350641	0.022721678	0.0357826	0.00052535394	0.0024791758	0.024857016	1.9246366e-07
SRR19160231	3	intestine	0.09478666	0.5816955	0.00044788086	0.008428818	0.021172693	0.0038780067	4.1428957e-05	0.11519682	0.06191031	0.025478095	0.00076820905	0.007943493	5.9628394e-05	0.0016118379	0.07658064	1.8057124e-08
SRR19160251	3	intestine	0.13542008	0.3865834	0.0011176212	0.0057953065	0.047966167	0.040930837	6.540272e-05	0.29334742	0.057918444	0.015259498	0.0056539625	0.0041243434	3.684455e-05	0.0028177628	0.0029628677	3.0613446e-08
SRR957738	3	dental calculus	7e-45	1.0	1.1745538e-17	4.5927693e-31	1.3321272e-32	1.7534671e-36	1.6963403e-33	9.511373e-29	4.190525e-31	1.710511e-25	3.6412348e-33	4.9791362e-33	1.2792718e-34	6.2281204e-27	7.234868e-09	2.487717e-33
SRR957739	3	dental calculus	5.2e-44	1.0	1.3094444e-17	2.1188788e-30	2.855539e-31	1.578999e-35	9.517855e-33	2.8802102e-28	2.17842e-30	2.3080264e-24	3.0122766e-32	1.9610822e-32	7.6432456e-34	2.1554652e-26	1.8362442e-09	2.058534e-32
SRR957740	3	dental calculus	2.65e-43	1.0	1.19749324e-17	6.871305e-30	3.7847765e-31	1.1228811e-34	2.9509196e-32	4.3709187e-28	5.396755e-30	2.1470102e-24	8.963461e-32	6.1000634e-32	3.6576256e-33	2.812691e-26	5.680648e-09	4.3108863e-32
SRR957741	3	dental calculus	1e-45	1.0	4.015982e-18	3.5315908e-31	7.0878383e-32	2.2751636e-36	1.0750407e-33	4.7443894e-29	3.1745297e-31	3.488168e-25	1.9277321e-33	8.115686e-34	1.4621212e-34	2.3522887e-27	1.3159225e-09	2.4372417e-33
SRR957742	3	dental calculus	1.951499e-39	0.99999964	2.9422142e-16	3.4997036e-28	3.209674e-29	1.2477853e-32	1.932337e-30	5.6193385e-26	1.2784846e-27	3.4071486e-23	2.5586807e-30	1.2432096e-29	3.5730263e-31	3.901131e-24	3.5561095e-07	1.2726361e-31
SRR957743	3	dental calculus	5.6388464e-31	0.9999996	7.684961e-13	1.3227378e-21	8.228123e-22	2.3260459e-25	3.4819465e-23	3.961157e-20	1.8366932e-21	9.133651e-17	3.5268977e-23	4.9787836e-23	8.023931e-24	1.1629618e-18	4.1295436e-07	1.00668654e-23
SRR957744	3	dental calculus	0.0	0.9999999	2.6217305e-18	3.753675e-32	1.9708722e-33	3.6834545e-37	2.6875018e-35	6.2485262e-30	1.7239197e-31	3.3091548e-27	1.7519594e-34	1.9388174e-34	2.2512386e-35	4.4684767e-28	1.1883554e-07	7.5298334e-36
SRR957745	3	dental calculus	5.511131e-37	0.9999998	8.305219e-15	2.5137598e-25	3.9663165e-26	9.1728e-30	2.5145585e-27	1.0800569e-23	2.651085e-25	2.3054425e-20	2.1567026e-27	4.5721126e-27	4.0525596e-28	4.569121e-22	1.8203093e-07	1.4297564e-27
SRR957746	3	dental calculus	1.54e-43	1.0	8.73278e-18	4.8990852e-31	1.7945275e-32	3.5044354e-36	5.5587934e-34	2.9584944e-29	9.886345e-31	2.2183524e-27	7.1818246e-34	1.2664751e-32	1.8011893e-34	3.870851e-27	2.2312102e-08	1.0816516e-34
ERR12115113	4	dental calculus	0.0	0.9999998	8.480351e-21	9.803532e-39	7.6011137e-38	5.149e-41	6.506e-42	7.3239805e-36	1.15603455e-35	4.78189e-33	1.0021924e-38	2.2073e-41	2.539e-42	1.1909913e-33	1.8752046e-07	6.41848e-40
ERR12115114	4	dental calculus	1.5177088e-33	0.99989974	2.0042175e-11	8.937209e-24	7.52286e-23	2.5797357e-26	2.7025034e-25	8.9570316e-21	7.704532e-22	5.9436737e-19	9.173449e-23	5.299808e-25	2.5039705e-26	1.6545095e-19	0.00010024686	4.5755964e-25
ERR12115115	4	dental calculus	3.07e-42	0.9999991	8.2899636e-14	5.8672568e-30	2.8300668e-29	5.3437143e-33	3.9644355e-33	7.8504695e-27	1.0374528e-27	4.988999e-25	7.935133e-30	2.1403195e-32	5.0455253e-34	4.2739024e-25	8.7488195e-07	1.636285e-31
ERR12115116	4	dental calculus	0.0	0.9999992	9.603144e-22	4.8086e-41	2.63083e-40	7e-45	0.0	9.0680524e-38	2.2595833e-38	1.241816e-35	1.185e-42	0.0	0.0	2.6011233e-35	7.528294e-07	1e-45
ERR1777519	4	bone	0.20165735	0.010216604	0.00055775826	0.0031885933	0.017355181	0.00030967756	0.00031348283	0.0016086525	0.0009189686	0.004656741	0.0009103026	0.010388593	0.012751545	0.0005768797	0.7345822	7.463284e-06
ERR1777520	4	bone	0.10051572	0.040666465	0.024192693	0.0025948228	0.043967277	0.0026877967	0.12454838	0.0070065316	0.0030533348	0.032262657	0.03270043	0.14801085	0.28149	0.0020433427	0.12548791	0.028771786
ERR1777521	4	tooth	0.10892722	0.039466947	0.016524293	0.001980645	0.029435392	0.00205274	0.067175604	0.0077253096	0.0034132297	0.026164973	0.029018184	0.1850275	0.25049412	0.002068753	0.21432097	0.016204122
ERR1777522	4	bone	0.23045541	0.02670127	0.00010945158	0.040972933	0.010245874	9.390661e-05	8.755336e-06	0.0011544554	0.0011660489	0.0059404145	7.588329e-05	0.0012347776	0.0031676448	0.00032273724	0.67835045	1.0715326e-08
ERR1777523	4	bone	0.25701576	0.03853991	0.006851709	0.01664134	0.057455525	0.0020131331	0.013009937	0.010571298	0.010363193	0.01742112	0.008713731	0.037857153	0.06108958	0.0026821445	0.4591483	0.00062617863
ERR1777524	4	tooth	0.1180723	0.027880527	7.915275e-05	0.05484481	0.008550764	7.390157e-05	8.6637665e-06	0.0013047206	0.0012278816	0.005888332	6.540014e-05	0.001462327	0.0022587893	0.00033352224	0.7779489	1.11452065e-08
ERR1777525	4	bone	0.16211165	0.03240154	7.8693934e-05	0.022974757	0.0057638334	6.429594e-05	5.5934192e-06	0.0009066285	0.001164295	0.0050631845	3.98054e-05	0.0008040119	0.0031292744	0.00023807691	0.7652544	7.187435e-09
ERR1777526	4	bone	0.2072423	0.021651577	0.0014056155	0.011538689	0.048467465	0.00054844486	0.00050608715	0.004478399	0.0036115565	0.007411239	0.0013215352	0.006611494	0.018018452	0.0013187482	0.66586137	7.03745e-06
ERR1777527	4	tooth	0.08652208	0.012758833	2.4786896e-05	0.012809042	0.0031265412	2.231184e-05	1.0387913e-06	0.0006652122	0.00035053014	0.0019397567	1.4828174e-05	0.00021379808	0.0011372512	0.00012981643	0.8802842	3.0549583e-09
ERR1777528	4	bone	0.10186406	0.045742176	0.000103097125	0.08605987	0.009262441	9.7812044e-05	8.680691e-06	0.0012688382	0.00295837	0.006763117	3.8413047e-05	0.00073331926	0.0020279728	0.00036553794	0.7427063	8.645253e-09
ERR1777529	4	bone	0.102383405	0.012784364	6.207869e-05	0.028106801	0.009534126	5.699017e-05	7.2360453e-06	0.0015041846	0.0007361805	0.002604083	7.4886455e-05	0.0016024564	0.0008434383	0.00032751632	0.8393722	1.9360298e-08
ERR1777530	4	tooth	0.14006901	0.025643457	6.293385e-05	0.020761667	0.0040396587	5.1645933e-05	4.2446686e-06	0.0005308706	0.0010371966	0.0041515706	3.320167e-05	0.0005956194	0.0023674506	0.00019110928	0.80046034	8.448198e-09
ERR1777531	4	bone	0.43172073	0.024204219	6.392598e-05	0.033909563	0.007713745	5.7281522e-05	5.0147937e-06	0.001078866	0.0006419238	0.0048187883	7.777499e-05	0.00087480596	0.0010317876	0.00029161992	0.49350995	8.936469e-09
ERR1777532	4	bone	0.2636188	0.022473259	8.239103e-05	0.07306663	0.008634544	0.000115764786	9.381454e-06	0.0018587485	0.0011427416	0.0038713051	6.9800066e-05	0.0007174552	0.00063019316	0.0004327533	0.62327623	1.7302005e-08
ERR1777533	4	tooth	0.1020117	0.038282227	7.757058e-05	0.090505034	0.010529785	7.901013e-05	4.091087e-06	0.0022555897	0.0016722267	0.0047705905	8.4351086e-05	0.00072414073	0.0014787312	0.0004423387	0.7470826	6.1466197e-09
ERR1777534	4	bone	0.1990937	0.013221669	0.00030583754	0.00795463	0.019035349	0.00019836248	8.789031e-05	0.0012872142	0.0007164383	0.004391331	0.0004754965	0.0045241574	0.007293988	0.0004542386	0.74095875	9.4521533e-07
ERR1777535	4	bone	0.09981055	0.04023674	0.021218177	0.0021146275	0.03072876	0.002085266	0.06694394	0.010574268	0.002842008	0.028033972	0.02959161	0.12905928	0.23075041	0.0020937908	0.28479457	0.019122003
ERR1777536	4	tooth	0.16294065	0.031553224	8.643232e-05	0.037633885	0.0153994905	8.94944e-05	1.0114403e-05	0.0024428526	0.0012890056	0.0067321304	8.301261e-05	0.0012534604	0.0015435147	0.00040289684	0.7385398	1.1955776e-08
ERR1777537	4	bone	0.36009088	0.016041243	0.00019719207	0.008179933	0.019878607	0.00015553918	7.036224e-05	0.0017384299	0.0009525536	0.006570187	0.0003557427	0.0067661474	0.005063362	0.0008165969	0.57312286	3.7031973e-07
ERR1777538	4	bone	0.2651231	0.037678406	0.012980645	0.0030175452	0.035762355	0.0018731307	0.053108606	0.008610676	0.0038426167	0.025756657	0.022522265	0.10540637	0.21949469	0.003206207	0.191384	0.010232734
ERR1777539	4	tooth	0.3973535	0.020512074	6.306355e-05	0.024873396	0.006562405	5.6480218e-05	5.3996246e-06	0.00088149245	0.0006470404	0.0044793133	7.71232e-05	0.0010577802	0.0010019658	0.00027618426	0.54215276	1.238435e-08
ERR1777540	4	bone	0.1411149	0.02501817	8.505628e-05	0.037822332	0.006262781	6.871989e-05	8.254655e-06	0.00081886403	0.0011413626	0.0052440255	4.568518e-05	0.0009864427	0.0026256703	0.00023326634	0.77852446	8.393701e-09
ERR1777541	4	bone	0.25948438	0.022310892	0.0047572237	0.0048789117	0.05128134	0.0009540802	0.006472158	0.004933273	0.00312295	0.012753777	0.006361628	0.04835378	0.100279175	0.0017685348	0.4719882	0.00029970182
ERR1777542	4	tooth	0.37249497	0.021477379	0.00014587326	0.10213645	0.034214824	0.00021321098	4.1434803e-05	0.00404867	0.0020570466	0.00930409	0.0004266966	0.0040309504	0.0016325526	0.0009047505	0.44687104	7.863781e-08
ERR1777543	4	bone	0.22259547	0.018304897	6.270162e-05	0.033425894	0.005737652	5.803633e-05	4.1942208e-06	0.0008541931	0.0007439079	0.004231494	4.8054924e-05	0.00075203844	0.0016715591	0.00022810708	0.7112818	6.9643034e-09
ERR1777544	4	bone	0.21222325	0.037506897	0.021675961	0.0025904204	0.03786378	0.0024095506	0.09443538	0.0071893046	0.0031250168	0.03134231	0.032699615	0.12611026	0.2334918	0.0021698836	0.13203421	0.02313238
ERR1777545	4	tooth	0.24345866	0.00967924	3.3924603e-05	0.037095096	0.0071072704	4.0614315e-05	4.066498e-06	0.0011389409	0.00038932328	0.0028322926	8.181553e-05	0.0005794669	0.00040754737	0.00026482614	0.6968869	6.6631225e-09
ERR1777546	4	bone	0.15417281	0.020464875	5.1576022e-05	0.021883685	0.004612382	4.759265e-05	2.8976506e-06	0.00071749405	0.00068485615	0.0034374043	3.4818608e-05	0.0004471574	0.002002395	0.000170664	0.7912694	5.228146e-09
ERR1777547	4	tooth	0.18218227	0.02643272	0.005288334	0.0074936454	0.074212834	0.0011842514	0.006173808	0.007717584	0.0042205364	0.014583715	0.011230882	0.034494568	0.09973343	0.0024999876	0.5221773	0.0003741697
ERR1777548	4	bone	0.0995599	0.027289957	7.63558e-05	0.020251045	0.0041206614	5.273786e-05	3.3722813e-06	0.00058268924	0.0010358212	0.0044950014	2.437167e-05	0.0006857741	0.0029566907	0.00017463295	0.838691	5.843256e-09
ERR1777549	4	tooth	0.064690605	0.06008656	0.0001235181	0.025944935	0.010616174	8.3720864e-05	8.613945e-06	0.0022616354	0.00072425965	0.005272664	0.00024322534	0.0021778438	0.0016755325	0.0005550747	0.8255356	5.1793034e-08
ERR1777550	4	bone	0.09625625	0.02153046	5.0092844e-05	0.015792556	0.0032109914	4.0283707e-05	3.005345e-06	0.00053586444	0.0007994761	0.003389199	2.1896449e-05	0.00043333994	0.0021304039	0.00013347859	0.8556727	4.3686206e-09
ERR1777551	4	tooth	0.027681151	0.020969138	0.0034212533	0.00084291014	0.016083844	0.00035238356	0.0031322513	0.0026310254	0.0009137286	0.004594777	0.0029704294	0.012576912	0.037505582	0.0006855977	0.86499494	0.00064404303
ERR1777552	4	bone	0.10869905	0.028195737	6.758781e-05	0.020106046	0.0040903343	5.4958164e-05	4.926114e-06	0.0006212113	0.0010703253	0.0043384186	3.9239232e-05	0.00067075447	0.0028944148	0.00018514066	0.82896185	5.4145914e-09
ERR1777553	4	tooth	0.082618006	0.017350119	3.0331255e-05	0.015214145	0.003780535	2.531711e-05	2.5571437e-06	0.00078371936	0.0005726793	0.002851806	2.6215903e-05	0.0005837082	0.0015529506	0.00017375569	0.8744342	3.5492618e-09
ERR1777554	4	bone	0.110989995	0.0293438	6.743236e-05	0.019748468	0.0041163415	5.3063515e-05	3.9943798e-06	0.00057105144	0.0010429624	0.0044482676	2.978027e-05	0.00072170555	0.0031040634	0.00019516953	0.8255639	5.2269176e-09
ERR1777555	4	tooth	0.07539813	0.017590692	0.00023701039	0.0030856803	0.010277705	8.048676e-05	3.8370294e-05	0.002037833	0.00059034274	0.0027245206	0.00025093328	0.002604369	0.0043992153	0.00056400424	0.88012	6.9638895e-07
ERR1777556	4	bone	0.12758015	0.02965104	7.498416e-05	0.025087712	0.0047126305	5.938541e-05	6.625297e-06	0.00067611027	0.0011271714	0.004777931	4.5682795e-05	0.00063178927	0.002887423	0.00019937077	0.802482	6.2891425e-09
ERR1777557	4	tooth	0.47647744	0.013773183	0.0006344616	0.0042643724	0.014468075	0.0002675106	0.0002892604	0.003748497	0.001791417	0.006547985	0.0023181282	0.01412204	0.017184373	0.00089196867	0.44321206	9.20807e-06
ERR1777558	4	bone	0.10039086	0.027461905	6.5040884e-05	0.02265958	0.0039254073	5.0566898e-05	5.255729e-06	0.00055892655	0.0010297016	0.0042913565	3.0026837e-05	0.0006735828	0.0023913586	0.00017822826	0.8362882	6.038273e-09
ERR1777559	4	tooth	0.10115281	0.036688663	0.0055777244	0.009018071	0.08841552	0.0014555296	0.014200047	0.007955581	0.0068088295	0.024414988	0.024808254	0.1139918	0.09734043	0.003662199	0.46353352	0.0009760457
ERR1777560	4	bone	0.113235235	0.028733311	6.932275e-05	0.022935338	0.004272935	5.47941e-05	5.6864405e-06	0.0006243568	0.0011074838	0.004632212	3.5597903e-05	0.0006817102	0.0028767672	0.00018951866	0.82054573	6.3165446e-09
ERR1777561	4	tooth	0.19887763	0.03437878	0.0015196127	0.01763241	0.033971503	0.00076520926	0.0013378604	0.009724939	0.0067300196	0.012038648	0.0020246333	0.03078219	0.018142449	0.0026603858	0.6293858	2.7872362e-05
ERR1777562	4	bone	0.096180156	0.025216721	5.9828333e-05	0.018893281	0.003722748	4.827721e-05	3.8928943e-06	0.0005500416	0.000909607	0.003925922	2.9216026e-05	0.0005605412	0.0025679893	0.00015959845	0.8471722	5.115037e-09
ERR1777563	4	tooth	0.19461404	0.014711267	4.8848342e-05	0.015026556	0.008149959	5.0918876e-05	7.3329443e-06	0.0015122525	0.0004712819	0.0032138622	7.035335e-05	0.0012292934	0.0012011578	0.00031608218	0.75937676	1.4192511e-08
ERR1777564	4	bone	0.11343242	0.025904095	5.6659468e-05	0.018817296	0.003404086	4.4737022e-05	3.5894657e-06	0.00057139323	0.0010165361	0.0038684073	2.796707e-05	0.0007339772	0.0026843753	0.00016732325	0.82926714	4.940391e-09
ERR1777565	4	tooth	0.08467155	0.015820771	2.5792971e-05	0.01004032	0.0030261136	2.5656303e-05	1.406338e-06	0.0008942654	0.0006403514	0.0021997835	1.4200958e-05	0.0003047931	0.0016281917	0.0001535364	0.88055325	3.0488758e-09
ERR1777566	4	bone	0.114376016	0.027352436	6.6207125e-05	0.019682892	0.0044477484	5.527346e-05	3.9270067e-06	0.0006094796	0.000926252	0.0043293373	3.1445074e-05	0.00065710465	0.0029883857	0.00018017365	0.8242933	5.396431e-09
ERR1777567	4	tooth	0.13379343	0.021302957	0.00018717753	0.01816692	0.029681481	0.00021629465	9.828824e-05	0.0025160525	0.0010472382	0.0055428706	0.00026968576	0.005324341	0.005744646	0.00089248497	0.77521545	6.860612e-07
ERR1777568	4	bone	0.092505105	0.025181038	5.908686e-05	0.019243808	0.0036600572	4.887451e-05	3.3228755e-06	0.00059125194	0.0010446939	0.0040334947	3.018119e-05	0.00062098214	0.0025413882	0.0001651811	0.8502715	5.1781632e-09
ERR1777569	4	tooth	7.311788e-19	0.9995442	3.4614987e-07	4.8388244e-15	2.2279277e-13	5.5161184e-16	6.575616e-16	9.0855586e-14	5.4184806e-14	2.2137286e-13	6.950532e-15	9.727638e-16	4.0128343e-15	9.95806e-14	0.000455438	4.979283e-15
ERR3609652	4	dental calculus	0.00408413	0.03448544	0.005193881	0.48160616	0.10518731	0.0029730317	0.013026749	0.044301126	0.13016094	0.013886002	0.007048051	0.01709915	0.035857417	0.004585998	0.10043537	6.923816e-05
ERR3609653	4	dental calculus	0.001175672	0.024855236	0.00026802305	0.8501107	0.041271284	0.00015614148	6.097763e-05	0.0076680784	0.02043797	0.0036847396	0.00019981152	0.0008091194	0.0003502251	0.0009254617	0.048026532	3.0768422e-08
ERR3609654	4	dental calculus	0.0007371935	0.07068748	0.0038429238	0.6047446	0.10254893	0.0011030355	0.0016746679	0.010236319	0.08834858	0.010584611	0.0017061059	0.0019439772	0.018072827	0.0027568645	0.08100406	7.806714e-06
ERR3609655	4	dental calculus	0.002147997	0.03570762	0.0035745653	0.65688294	0.09288344	0.002509825	0.004187796	0.025062816	0.07974239	0.008065724	0.005964786	0.008847442	0.026928902	0.0023543385	0.04507763	6.179648e-05
ERR3609656	4	dental calculus	0.0007469903	0.037638508	0.0016444316	0.69733	0.070616044	0.0007103878	0.0016049856	0.016183337	0.09565096	0.010689033	0.002231149	0.0030651824	0.0058258865	0.0020056712	0.054045998	1.1450552e-05
ERR3609657	4	dental calculus	0.004662677	0.039426472	0.0007694622	0.69828963	0.026415614	0.0004888565	0.00034904218	0.015971126	0.04609752	0.0054746536	0.0009786469	0.0041108625	0.0005090213	0.0013346351	0.15512133	4.3811252e-07
ERR3609658	4	dental calculus	0.00260777	0.14186719	0.010260366	0.3501307	0.0778141	0.0029966098	0.014989546	0.03328568	0.16541281	0.021061404	0.007817151	0.013625873	0.012775058	0.0047285906	0.14048325	0.00014389053
ERR3609659	4	dental calculus	0.09839485	0.10879238	0.022662695	0.012527903	0.04751279	0.0049667987	0.078113206	0.013025545	0.0049225334	0.03183599	0.05409302	0.06651677	0.08677738	0.0038766859	0.36511517	0.0008662978
ERR3609660	4	dental calculus	7.7320574e-32	0.9999627	2.1664389e-11	1.02255456e-23	1.6579878e-22	2.3598424e-25	1.5611678e-25	8.825166e-21	2.1935263e-21	1.9600032e-20	3.497072e-23	3.0885833e-24	1.0887137e-25	1.18628355e-20	3.732063e-05	6.6076524e-24
ERR3609661	4	dental calculus	0.0	0.9999983	1.4809244e-17	7.441243e-35	3.0991223e-35	7.0437283e-37	2.1275141e-38	1.1050313e-31	2.9307446e-32	3.1384828e-29	4.096145e-34	1.3907794e-37	8.246865e-38	2.5885578e-30	1.7163625e-06	1.3480845e-35
ERR4596443	4	dental calculus	3.987485e-33	0.5668548	4.4219e-11	1.9606975e-23	2.6201355e-22	3.421725e-25	1.3359879e-24	2.9149292e-20	5.1285206e-21	3.3706859e-21	1.9152055e-22	9.978412e-24	1.4111949e-24	1.2705771e-19	0.43314525	8.621079e-25
ERR4596813	4	dental calculus	1.4395985e-17	0.9379738	2.3600845e-07	2.2989984e-13	2.0356323e-12	4.367056e-14	4.3434356e-13	3.0923306e-12	3.2609286e-12	1.5762093e-10	9.401556e-13	1.3926225e-12	3.368789e-13	1.2810921e-11	0.062025942	6.675791e-13
ERR4596815	4	dental calculus	4.4913045e-15	0.7827128	5.965576e-07	1.1359447e-11	2.8342835e-11	4.238841e-12	8.4969504e-11	1.3828169e-10	2.8457667e-10	3.0027433e-08	2.1657498e-10	1.3062722e-10	5.654148e-11	1.8026504e-10	0.21728654	1.679727e-11
ERR4596816	4	dental calculus	1.2110249e-28	0.86744624	1.831044e-11	1.1240505e-20	3.5270464e-20	5.727362e-22	7.3821593e-22	5.148192e-19	7.1324e-19	6.3160104e-18	2.5043467e-19	1.3943755e-21	5.8275445e-22	5.03104e-18	0.13255377	1.5266346e-21
ERR4596817	4	dental calculus	7.3166676e-31	0.9971883	7.8358035e-11	5.2752924e-22	4.010604e-21	1.3426977e-23	8.8119543e-23	2.3074312e-19	3.711203e-20	5.0332327e-18	6.7157328e-21	2.9500656e-23	1.220575e-23	1.1361762e-18	0.0028116622	2.1300042e-22
ERR4596818	4	dental calculus	3.692517e-30	0.90678555	4.1034127e-11	6.329626e-22	3.3401842e-22	5.8192395e-23	9.989417e-23	5.1333158e-20	4.19925e-20	4.786938e-19	8.261379e-21	1.6734407e-22	2.2314756e-23	1.8619986e-19	0.09321444	1.8465702e-22
ERR4596819	4	dental calculus	4.6105164e-12	0.76292706	3.7116265e-06	4.9074886e-09	4.3671107e-09	8.180517e-11	1.6141902e-09	3.1657365e-08	7.8909295e-08	1.7143334e-07	2.1630175e-08	1.0520354e-08	4.3511506e-09	1.3918509e-08	0.2370689	8.347844e-10
ERR4596820	4	dental calculus	1.1216652e-29	0.9984936	6.4290908e-12	2.376539e-21	5.118133e-21	5.814175e-23	8.0735187e-23	5.164099e-19	1.8418178e-19	4.7205384e-17	3.179791e-20	2.580013e-22	9.482763e-23	1.8803641e-18	0.0015063981	1.00102624e-22
ERR4596822	4	dental calculus	8.658711e-20	0.9998845	1.7496058e-07	3.4098704e-14	4.8214718e-14	3.2138317e-16	9.159393e-15	8.148417e-13	4.8212416e-13	7.302338e-10	5.479367e-12	2.172767e-14	9.894556e-16	2.2819463e-11	0.00011530929	1.5440457e-14
ERR4596823	4	dental calculus	4.994756e-24	0.99888754	1.576839e-09	1.04064516e-16	9.045153e-18	4.175782e-19	5.3624056e-19	1.264686e-15	2.6645795e-15	1.3161737e-12	1.181883e-16	6.463347e-18	7.206517e-20	7.9496854e-15	0.0011124598	9.108929e-19
ERR4596824	4	dental calculus	3.053467e-34	0.9953047	5.989971e-12	3.37469e-25	7.246274e-24	1.1453574e-26	1.1006607e-26	1.8769391e-22	1.2081528e-22	4.7113067e-23	1.5765491e-24	4.801423e-26	3.925474e-27	1.2037258e-21	0.0046953075	8.5931044e-26
ERR4596825	4	dental calculus	7.9713014e-11	0.99835277	6.498655e-06	1.6813014e-09	3.8382204e-08	1.02352064e-10	1.6314191e-09	2.4588078e-07	6.681868e-09	1.799567e-07	1.5730025e-08	1.0825756e-08	9.015633e-09	5.8287807e-08	0.0016401934	6.3909295e-10
ERR4596826	4	dental calculus	3.2526477e-35	0.9999803	3.1511772e-13	4.508959e-25	1.7848605e-24	1.09643346e-26	1.9290988e-26	3.6556707e-23	5.0811512e-23	2.509049e-20	1.05048094e-23	2.2084807e-26	4.6039737e-27	1.2743225e-21	1.9752484e-05	5.6083474e-25
ERR4596828	4	dental calculus	2.1621103e-29	0.99999946	1.7690461e-12	1.7337641e-21	1.2616059e-20	2.341758e-23	3.6747675e-22	1.9973842e-19	4.507528e-20	1.26221425e-17	1.5452886e-20	7.005923e-22	7.246236e-23	2.8105012e-18	5.640266e-07	3.7085066e-22
ERR5670952	4	dental calculus	0.0	0.9999531	1.8230994e-20	1.7731324e-35	1.00524985e-35	7.911584e-39	5.1031e-41	8.247613e-34	1.0421357e-33	3.0378826e-33	1.0028137e-37	2.23227e-40	6.5449e-41	7.9359845e-32	4.689756e-05	7.7804e-41
ERR5670953	4	dental calculus	0.0	0.9999999	1.3076204e-22	1.92e-43	1.278e-42	0.0	0.0	7.58135e-40	2.14722e-40	2.372457e-38	3.8e-44	0.0	0.0	1.1368816e-37	1.3265623e-07	1e-45
ERR5670954	4	dental calculus	0.0	0.99999905	1.5124594e-21	1.30625e-40	8.1341e-41	2.13e-43	0.0	9.544786e-38	2.9908308e-38	4.1255438e-37	1.1181e-41	0.0	3e-45	7.737441e-36	9.319968e-07	8.5e-44
ERR5670955	4	dental calculus	0.0	0.99999714	1.1553445e-19	4.0932282e-37	3.104753e-36	1.1318574e-38	1.8955e-40	7.031916e-34	4.253789e-34	2.5151772e-33	1.1055754e-37	1.07988e-40	2.04022e-40	1.1917845e-32	2.8616034e-06	1.9734975e-38
ERR5670956	4	dental calculus	0.0	0.9999994	1.1707638e-20	1.5305371e-38	8.497279e-38	1.42146e-40	1.554e-42	9.000557e-36	8.742018e-36	3.0478187e-35	5.132773e-39	1.418e-42	1.824e-42	6.834647e-34	5.993798e-07	8.7365e-41
ERR5670957	4	dental calculus	0.0	0.9999757	6.406213e-17	2.7205315e-34	1.0739141e-33	7.735877e-37	3.7892823e-37	5.290765e-31	7.773433e-32	6.850232e-30	2.7470731e-34	2.2591622e-37	6.643215e-38	1.7374872e-29	2.433562e-05	7.712779e-36
ERR5670958	4	dental calculus	0.0	0.9999997	1.7984735e-19	1.352707e-36	1.4815922e-35	1.185134e-39	6.00248e-40	3.63289e-33	8.65795e-34	1.1384875e-30	2.7627409e-37	2.32237e-40	6.298e-41	3.704105e-31	2.9913613e-07	1.1827102e-38
ERR5670959	4	dental calculus	0.0	0.9999996	1.759157e-19	1.8448563e-35	3.284141e-34	3.3892188e-37	5.501934e-39	8.210032e-33	1.2110439e-32	7.315196e-33	5.507412e-36	2.925274e-38	8.578309e-39	1.2226708e-31	4.4194704e-07	2.5251732e-37
ERR5670960	4	dental calculus	8.9279155e-36	0.9999864	3.2564057e-15	2.3466843e-26	6.1800824e-26	2.6130033e-28	3.4737743e-29	1.9161734e-23	2.859397e-24	5.2890337e-23	8.066971e-26	1.5827694e-27	2.2124065e-28	2.1312272e-23	1.3592659e-05	9.460421e-29
ERR5670961	4	dental calculus	0.0	0.9999924	2.8531258e-19	3.948868e-37	1.3119531e-36	9.232e-41	1.104e-42	5.525329e-35	7.7948517e-35	4.211197e-34	1.004789e-38	2.768e-42	8.13e-43	1.1028572e-32	7.640039e-06	2.263e-42
ERR5670962	4	dental calculus	0.0	0.99999917	1.4412912e-17	1.0021053e-32	4.0147487e-32	6.6324334e-36	1.2495125e-36	2.174795e-29	2.3993895e-30	3.813082e-27	1.2277667e-33	3.367577e-36	3.913611e-37	5.9146705e-28	8.4859516e-07	2.0057748e-35
ERR5670963	4	dental calculus	0.0	0.99999446	2.5267528e-20	5.88404e-40	5.10087e-40	5.37e-43	4e-45	2.632975e-37	2.457551e-37	1.3101487e-35	4.3461e-41	3e-45	8e-45	4.6695457e-35	5.5299047e-06	9.11e-43
ERR5670964	4	dental calculus	0.0	0.9999999	8.624344e-22	1.0402e-41	2.6908e-41	7e-45	0.0	2.6725065e-38	1.6376272e-38	9.189511e-36	5.86e-43	1e-45	0.0	5.447125e-36	1.298911e-07	1.8e-44
ERR5670965	4	dental calculus	0.0	1.0	1.2441888e-22	1.82e-43	7.29e-43	0.0	0.0	5.89481e-40	6.85459e-40	2.2283546e-38	3.9e-44	0.0	0.0	1.9111902e-37	2.4582873e-08	0.0
ERR5670966	4	dental calculus	0.0	0.99999994	2.787816e-22	2.56e-43	1.108e-42	0.0	0.0	7.25301e-40	1.55178e-40	3.4327e-38	8e-45	0.0	0.0	1.7842098e-37	5.198699e-08	0.0
ERR5670967	4	dental calculus	0.0	0.99910253	1.907572e-19	2.018634e-37	1.9604217e-37	5.34234e-40	5.499e-42	1.4548397e-35	2.0903887e-34	6.309985e-35	3.9114834e-38	1.508e-41	4.955e-42	7.5597e-33	0.0008974878	3.5943e-40
ERR5670968	4	dental calculus	2.7614373e-11	0.9626473	8.065901e-06	1.2597153e-09	8.953272e-09	2.1444792e-10	1.1928004e-09	1.0203202e-08	6.199143e-09	8.690617e-08	4.149431e-09	3.0025917e-09	8.076356e-10	6.3905903e-09	0.037344478	6.78793e-10
ERR5670969	4	dental calculus	2.764536e-29	0.9999394	9.440718e-13	9.860323e-20	1.2093291e-19	7.017055e-22	8.594603e-24	3.3151675e-19	7.9882734e-19	1.2009151e-18	1.2431988e-21	1.3281067e-22	1.2716177e-23	6.7133715e-19	6.064165e-05	8.585527e-24
ERR5670970	4	dental calculus	3.4630387e-32	0.99999833	5.867447e-14	1.5718879e-23	8.8295636e-23	3.4597157e-25	2.4852456e-25	2.2276398e-21	4.601879e-22	2.344408e-20	1.378789e-23	6.1398775e-25	1.2151163e-25	1.6397274e-20	1.6659793e-06	2.9944019e-25
ERR5670971	4	dental calculus	2.7948766e-38	0.9999923	7.573518e-14	4.3274494e-27	1.21451854e-26	1.5668178e-30	2.9881144e-30	3.8765165e-24	1.9843042e-25	4.3056013e-22	1.1475086e-27	4.0383618e-30	3.6825896e-31	1.0973602e-22	7.714867e-06	1.6092643e-29
ERR5766165	4	palaeofaeces	0.18617918	0.037494957	0.057481643	0.0029148888	0.012486907	0.006945889	0.012178612	0.00833355	0.0017297658	0.2566022	0.04718867	0.07836224	0.11638736	0.0063637863	0.12122224	0.048128102
ERR5766166	4	palaeofaeces	0.026066862	0.0015708245	0.0007444649	0.00028192563	0.0014149555	0.00056775694	9.406885e-05	0.005587023	5.230394e-05	0.95877934	0.0010054124	0.0003212709	6.068423e-05	0.0022650457	0.0011464882	4.1594005e-05
ERR5766167	4	palaeofaeces	0.013593543	0.0012166365	0.0004540817	0.0003624997	0.0010697866	0.0003985838	2.5615716e-05	0.0056298757	4.0623476e-05	0.97239363	0.0019016884	0.00030501277	1.9587953e-05	0.002055713	0.00052464346	8.451165e-06
ERR5766168	4	palaeofaeces	0.011345284	0.0032306546	0.0045152283	0.0003723516	0.0010154535	0.00031154093	0.008642534	0.0011331445	0.00065233867	0.75964546	0.0069001503	0.060930062	0.0057403934	0.0034675472	0.06237835	0.06971948
ERR5766169	4	palaeofaeces	0.00015946537	0.00010509449	8.5757674e-05	8.452519e-06	3.9676735e-05	0.00011106978	2.70293e-06	0.00034701542	9.675624e-06	0.9979346	0.00013592084	0.0003914813	5.0362855e-06	0.00035361756	0.00012660399	0.00018386704
ERR5766170	4	palaeofaeces	0.013753669	0.0020642364	0.006000801	0.0003768755	0.0009025631	0.0003218325	0.006838152	0.0006727987	0.0006142913	0.8401645	0.012612202	0.039352696	0.0034708234	0.0035154822	0.03089056	0.03844851
ERR5766171	4	palaeofaeces	0.0074752467	0.0017663339	0.0036421397	0.00027650097	0.0012907461	0.00015224364	0.008399651	0.0007292142	0.00074954174	0.82425034	0.0042551663	0.040415984	0.0031503676	0.0026891078	0.04470754	0.056049876
ERR5766172	4	palaeofaeces	1.8215447e-05	1.099061e-05	3.0198056e-05	3.7882587e-06	2.9644581e-05	1.5549006e-06	1.3846377e-06	9.485645e-05	3.296594e-06	0.9994995	3.7619768e-05	3.6946818e-05	5.38689e-07	0.00022442211	5.735357e-06	1.291357e-06
ERR5766173	4	palaeofaeces	9.820591e-06	1.8184644e-05	3.747725e-05	3.299627e-06	1.5445034e-05	2.1084609e-06	1.1169996e-06	8.651847e-05	2.4192418e-06	0.99955744	3.5331817e-05	3.4456756e-05	3.879066e-07	0.00018622223	8.393433e-06	1.3957022e-06
ERR5766174	4	palaeofaeces	0.031861793	0.004524112	0.00938187	0.00076145376	0.0027456775	0.00053204055	0.024644598	0.0014951851	0.0018386396	0.49074394	0.0135259675	0.09692559	0.008198144	0.005195379	0.15396474	0.15366086
ERR5766175	4	palaeofaeces	0.02277904	0.005078733	0.006892048	0.0006853016	0.0051121153	0.000463985	0.018712021	0.0022200192	0.0018385291	0.59909487	0.007976523	0.08135198	0.012760347	0.0046920795	0.10508091	0.12526149
ERR5766176	4	palaeofaeces	0.006454443	0.002085543	0.0021517049	0.0002555477	0.00097387854	0.0001107906	0.0075810957	0.0013293554	0.00042117888	0.9304146	0.0017945052	0.026401991	0.0024350258	0.0014209184	0.011192163	0.004977249
ERR5766177	4	palaeofaeces	0.00014340905	0.0003662216	5.7985613e-07	8.381626e-05	3.0923493e-06	3.650404e-07	4.5376387e-09	0.00014690349	1.9920483e-06	0.9983524	1.7314937e-07	6.369363e-06	9.3715386e-08	3.4456767e-05	0.00086013414	2.0402259e-10
ERR5766178	4	palaeofaeces	0.0001465711	0.00036545616	1.1233336e-06	7.2441246e-05	2.703473e-06	2.6155013e-07	2.4365474e-09	0.00017404472	3.5698733e-06	0.9985062	4.2111e-07	8.499065e-06	2.2617935e-07	5.8295915e-05	0.0006601723	2.1916789e-10
ERR5766179	4	palaeofaeces	0.0088443905	0.0030572363	0.0021314714	0.00039909204	0.0014862211	0.00013225341	0.005095357	0.0014589456	0.00035469138	0.92162806	0.0021326698	0.017812286	0.002231232	0.0019344859	0.027526654	0.0037749328
ERR5766180	4	palaeofaeces	0.034219675	0.015531774	0.012162015	0.001371178	0.01113032	0.00073562487	0.06758652	0.008728352	0.0015487534	0.6809331	0.013292429	0.073256716	0.026798772	0.0029663495	0.036543585	0.013194829
ERR5766181	4	palaeofaeces	0.01425939	0.010903303	0.011277835	0.00093935424	0.0056668352	0.000582484	0.05808997	0.003919618	0.0011358508	0.70303583	0.010009842	0.09333385	0.015041327	0.0038212943	0.047916878	0.020066325
ERR5766182	4	palaeofaeces	0.0004867547	0.00040820066	2.3859902e-06	0.00014754948	1.8915956e-05	1.3785684e-06	3.354327e-08	0.00018358477	9.6936255e-06	0.99702036	2.8197667e-06	4.4909164e-05	2.4991364e-06	9.826029e-05	0.0015726386	5.2638702e-09
ERR5766183	4	palaeofaeces	0.0009112359	0.0003209235	2.77199e-06	9.0422654e-05	1.876841e-05	8.1591025e-07	2.837883e-07	0.00022887062	1.4647827e-05	0.9950142	2.628297e-06	9.8060205e-05	2.8267061e-06	0.00014074771	0.0031527684	4.2244235e-08
ERR6178850	4	dental calculus	2.4104248e-33	0.99999297	1.0739369e-13	1.1085674e-25	1.6616034e-24	1.3357409e-26	5.2304444e-27	1.7826889e-23	1.5696186e-23	3.7722202e-23	3.7824788e-25	3.040725e-27	3.1773376e-27	2.293517e-23	7.0068945e-06	1.5242611e-25
ERR6178851	4	dental calculus	1.2366078e-17	0.9994441	4.8372435e-08	1.4523769e-14	1.3934666e-13	4.072746e-15	1.8836271e-14	4.0337333e-13	1.8731547e-13	9.807548e-13	9.8828084e-14	2.3189951e-14	7.553254e-15	1.5972022e-13	0.000555798	5.849437e-14
ERR6178852	4	dental calculus	1.2062971e-24	0.9999782	1.2081558e-09	4.2256514e-19	5.9318826e-18	4.7238488e-20	1.1008665e-19	3.1080173e-17	8.3756e-18	1.6104652e-17	2.742165e-18	5.464921e-20	5.3317445e-20	3.0883996e-17	2.1829652e-05	8.0496073e-19
ERR6178853	4	dental calculus	1.03833475e-08	0.98550045	0.00036614592	8.603805e-08	6.8667146e-07	3.991622e-08	9.99013e-07	6.516011e-07	2.1492099e-07	1.1662605e-06	9.965557e-07	5.8914696e-07	3.3535537e-07	2.340437e-07	0.014126838	5.653774e-07
ERR6178854	4	dental calculus	3.9167765e-30	0.9992184	8.3623484e-13	1.3532116e-22	1.422113e-21	3.443692e-23	2.2084199e-23	3.297362e-21	1.2080354e-20	3.900179e-20	1.3407982e-21	7.284561e-23	2.060448e-23	1.082154e-20	0.00078157405	1.436411e-22
ERR6178855	4	dental calculus	3.0117138e-32	1.0	2.0444842e-13	8.185137e-24	4.268612e-22	2.5317953e-25	6.6265677e-25	7.2218143e-22	3.4503733e-22	1.0392411e-19	6.966649e-23	6.70691e-25	9.768469e-26	6.1257575e-21	2.6384464e-09	1.5723099e-23
ERR6178856	4	dental calculus	1.35724e-40	0.9999998	8.8872856e-18	2.0188672e-30	7.130149e-29	1.7735449e-31	2.736265e-32	1.7852969e-28	5.218709e-28	5.054422e-28	5.9011227e-30	5.4118514e-32	2.7200263e-32	1.8433815e-27	1.8092793e-07	4.466809e-31
ERR6178857	4	dental calculus	2.1086674e-18	0.999887	3.9580383e-09	4.6872317e-15	1.188313e-13	1.6932639e-15	8.833416e-15	1.04401344e-13	7.472439e-14	1.9114349e-13	3.9365866e-14	1.5520581e-14	4.129187e-15	6.468094e-14	0.00011299685	6.757758e-15
ERR6178858	4	dental calculus	0.0	0.9999649	2.6300625e-18	2.9793871e-35	9.89521e-35	5.324669e-37	2.9785765e-38	2.991765e-32	2.3383987e-32	3.0359155e-32	9.873063e-35	9.966801e-38	4.0799533e-38	4.185846e-31	3.512814e-05	7.4251353e-37
ERR6178859	4	dental calculus	5.08217e-18	0.98042595	1.2298443e-07	2.3856837e-14	1.2709885e-13	6.1326545e-15	3.2780348e-14	1.348568e-12	4.0619689e-13	9.397343e-13	3.598309e-13	8.353131e-14	1.875391e-14	5.195522e-13	0.019573946	3.188528e-14
ERR6178860	4	dental calculus	2.4315986e-07	0.9921207	0.0012948002	1.5556666e-06	4.2824693e-05	2.5836388e-07	2.4569845e-05	4.719406e-05	2.4933356e-06	0.00023825589	2.0636318e-05	1.6969423e-05	6.027559e-06	1.5554298e-05	0.0061642663	3.658066e-06
ERR6178861	4	dental calculus	3.8047354e-10	0.9953957	0.00027664343	2.3149537e-08	3.8067174e-07	2.0052058e-09	1.8483676e-07	1.4860562e-06	5.893523e-08	1.1012301e-05	3.7134606e-07	1.0530316e-07	4.7698116e-08	9.793288e-07	0.0043129465	3.635358e-08
ERR6178862	4	dental calculus	1.2726177e-35	0.9999143	1.1368512e-12	2.6044557e-26	4.342601e-26	7.060048e-28	1.1549369e-27	3.4677133e-23	6.403516e-24	5.630421e-23	3.8441825e-25	1.5564312e-27	6.5861257e-28	7.285558e-23	8.5729545e-05	6.5017515e-27
ERR6178863	4	dental calculus	2.7622094e-11	0.9801439	8.546277e-05	1.0824451e-09	3.2796497e-09	3.6163703e-10	5.9221876e-09	1.859277e-08	7.167328e-09	6.090163e-08	2.9784394e-08	1.18431815e-08	2.5868092e-09	9.573526e-09	0.019770466	3.5450076e-09
ERR6178864	4	dental calculus	2.0374658e-13	0.9771604	0.0005214062	1.1522326e-10	2.3454386e-10	3.8934836e-12	9.551137e-11	1.772268e-08	1.3014994e-09	7.433417e-08	1.0240738e-07	5.2533095e-10	2.7107809e-11	5.820551e-08	0.02231795	2.0758693e-10
ERR6178865	4	dental calculus	2.0675202e-10	0.8373124	0.004005857	8.8974454e-09	1.2989157e-08	9.517579e-10	1.6424117e-08	6.0661296e-07	7.822757e-08	6.2810096e-07	5.4551433e-06	1.2064808e-07	7.533325e-09	1.3972897e-06	0.1586734	2.1949518e-08
ERR6178866	4	dental calculus	0.0	0.9999656	6.961859e-18	3.6931117e-35	1.4842972e-34	5.484532e-37	5.213246e-38	1.6030274e-32	1.8238549e-32	5.674299e-33	3.1793994e-35	5.300971e-38	2.8199167e-38	3.84973e-31	3.4413784e-05	3.5580655e-36
ERR6178867	4	dental calculus	0.0	0.9999927	3.477655e-20	6.4354307e-38	1.9853202e-37	6.95158e-40	2.0096e-41	2.5019545e-35	4.8486726e-35	1.2856235e-34	1.5595656e-38	3.1688e-41	1.4094e-41	1.1190354e-33	7.2782354e-06	1.305018e-39
ERR6178868	4	dental calculus	5.2206897e-16	0.996762	1.940315e-05	1.3651267e-12	1.4172106e-12	5.0129636e-14	7.4546673e-13	1.3457303e-10	1.4215645e-11	7.2406803e-10	5.3627147e-10	3.976424e-12	2.1594116e-13	4.6035076e-10	0.0032186161	1.054252e-12
ERR6178869	4	dental calculus	3.3546877e-11	0.9879359	0.00024433204	1.0078295e-09	1.9366642e-09	1.4228967e-10	2.7695002e-09	9.205888e-08	1.29059865e-08	2.0054665e-07	2.8269682e-07	1.4302127e-08	1.0074889e-09	1.00674754e-07	0.011819036	1.4921454e-09
ERR6178870	4	dental calculus	1.2577404e-36	0.99998295	9.920137e-14	3.418976e-27	4.7459047e-27	6.4843413e-29	3.1553082e-29	7.2795517e-25	7.3683617e-25	1.3706935e-23	2.2008226e-25	5.8038067e-28	1.2310092e-29	2.8583917e-23	1.7051794e-05	1.1761808e-27
ERR6178871	4	dental calculus	1.00410255e-17	0.99862367	3.684506e-07	2.888908e-14	3.9754766e-14	4.299874e-15	2.9397336e-14	1.4571633e-12	5.276343e-13	5.7977768e-12	1.954018e-12	1.02699885e-13	9.746394e-15	2.4050545e-12	0.001375967	7.466593e-14
ERR6178872	4	dental calculus	5.75687e-16	0.988889	2.3551735e-05	1.0484192e-12	1.1698488e-12	4.8704964e-14	4.4074228e-13	1.2281529e-10	1.1703436e-11	2.577552e-10	7.244494e-10	1.555657e-12	2.1335254e-13	3.235248e-10	0.011087477	6.917344e-13
ERR6178873	4	dental calculus	4.834971e-08	0.78932804	0.002418028	2.1618588e-07	3.5642307e-07	6.353787e-08	1.042977e-06	2.8898394e-06	9.367283e-07	4.224881e-06	3.7454643e-05	2.9009984e-06	5.014076e-07	3.467216e-06	0.20819941	4.3917095e-07
ERR6178874	4	dental calculus	0.0	0.99997425	2.651318e-18	5.8725843e-34	7.0995076e-33	1.4833767e-35	1.9004142e-36	1.6754948e-31	2.712413e-31	8.5157407e-32	3.0952924e-34	5.3217217e-37	9.277046e-37	5.5187094e-30	2.5740817e-05	8.3859985e-35
ERR6178875	4	dental calculus	2.0599339e-35	0.9999997	1.5149979e-14	6.8202295e-26	5.039405e-25	1.2158514e-27	3.0289678e-27	1.9716925e-23	4.526405e-24	8.013103e-22	3.0614116e-25	5.919591e-28	2.326682e-28	2.9909246e-22	2.7009693e-07	4.2836706e-26
ERR6178876	4	dental calculus	9.9e-43	0.9999999	1.5155023e-16	8.900374e-31	1.1624962e-29	7.455487e-33	8.910443e-33	8.31982e-28	1.7569747e-28	9.3070326e-27	1.9207518e-30	2.8538224e-33	1.32595e-33	1.7186423e-26	1.0046283e-07	9.3728024e-32
ERR6178877	4	dental calculus	2.667775e-38	0.9999906	5.956438e-14	3.8654558e-28	2.0911624e-27	6.873e-30	3.938129e-30	3.180604e-26	3.8578075e-26	7.5937345e-27	5.615999e-27	4.0679637e-31	6.886413e-31	5.8411462e-24	9.43057e-06	8.688644e-29
ERR6178878	4	dental calculus	4.5819977e-29	0.99999976	3.2466738e-12	6.8190096e-22	9.1794535e-21	2.6074898e-23	8.53862e-23	8.6898315e-20	2.6280748e-20	1.0829709e-18	2.401992e-21	4.5542552e-23	2.1030424e-23	6.863216e-19	2.4037345e-07	2.9616123e-22
ERR6178879	4	dental calculus	7.056095e-32	0.99999994	1.6488459e-13	9.6751116e-24	1.2014827e-22	2.8111204e-25	6.1026985e-25	1.6421546e-21	4.531731e-22	1.7202365e-20	4.7567192e-23	3.7546574e-25	1.2460841e-25	1.465209e-20	5.622621e-08	4.212074e-24
ERR6178880	4	dental calculus	1.1092363e-32	0.9999994	1.6747991e-12	3.5453322e-24	3.3196766e-23	4.6507748e-26	2.5140837e-25	5.341368e-22	1.827237e-22	1.6543203e-21	5.4590424e-23	3.2649058e-26	2.4492866e-26	2.7532707e-20	5.985709e-07	2.9626085e-24
ERR6178881	4	dental calculus	3.8980986e-15	0.9997633	5.22743e-07	2.4807192e-12	2.1861173e-11	2.1641524e-13	4.352453e-12	6.4930755e-11	9.813262e-12	1.007747e-10	3.0181517e-11	3.881437e-12	7.1697607e-13	1.4753851e-10	0.00023617913	2.9277657e-12
ERR6178882	4	dental calculus	4.28999e-39	0.9998472	1.7069017e-15	9.9773986e-29	9.261841e-28	4.602164e-30	1.0786731e-30	2.5952642e-26	1.2741891e-26	2.422767e-27	2.0773718e-28	7.6138645e-31	7.6078615e-31	2.1535553e-25	0.00015280193	1.5825506e-29
ERR6178883	4	dental calculus	1.8983774e-26	0.99972355	2.5246817e-11	2.4624441e-20	3.1023368e-19	3.5701354e-21	6.41909e-21	1.8425417e-18	8.000278e-19	5.0594264e-19	7.087277e-20	4.018835e-21	2.7028084e-21	3.512648e-18	0.0002764271	1.8521988e-20
ERR6178884	4	dental calculus	4.508449e-11	0.9903358	0.0012090252	3.6520402e-09	9.413897e-09	1.8700186e-10	5.1447975e-09	3.0560685e-07	2.1695849e-08	6.5378504e-07	1.2378927e-06	1.5826208e-08	2.0528557e-09	5.536885e-07	0.008452327	6.2759447e-09
ERR6178885	4	dental calculus	3.8933257e-09	0.9904364	0.001795872	5.7670444e-08	1.4194684e-07	5.005063e-09	2.4615622e-07	3.404348e-06	2.2341345e-07	6.6591924e-06	2.1861591e-05	6.9463823e-07	6.5302096e-08	2.299803e-06	0.0077319765	1.3974734e-07
ERR6178886	4	dental calculus	1.3822596e-16	0.9998938	5.4567004e-06	5.4692833e-13	5.5956247e-12	1.27637345e-14	8.1562784e-13	1.1818803e-10	3.69347e-12	2.9879998e-09	7.44717e-11	1.0769415e-12	4.9608318e-14	3.365991e-10	0.00010075597	8.6716723e-13
ERR6178887	4	dental calculus	1.143042e-06	0.9941133	0.0025409746	1.7724241e-06	8.965208e-06	2.8491755e-07	1.731954e-05	6.008944e-05	3.714901e-06	0.00042265066	0.00012274875	3.197783e-05	4.563099e-06	1.3700296e-05	0.002649027	7.729241e-06
ERR6178888	4	dental calculus	1.7751487e-16	0.9996866	5.3715714e-05	8.2427153e-13	6.1277706e-12	2.5131464e-14	1.0552711e-12	1.7200534e-10	1.0447909e-11	2.4529734e-09	2.0316966e-10	1.0119519e-12	1.144046e-13	1.0744454e-09	0.0002596858	2.9918349e-12
ERR6178889	4	dental calculus	4.6929035e-08	0.9841777	0.0061324146	4.082512e-07	2.2501004e-06	4.870252e-08	2.9344246e-06	1.3770249e-05	1.0963064e-06	5.1756168e-05	3.4849596e-05	4.7299395e-06	5.251299e-07	1.1468662e-05	0.009564425	1.5833025e-06
ERR6178890	4	dental calculus	1.054363e-36	0.9999706	1.5923735e-12	7.756217e-27	2.2030773e-26	6.363224e-29	8.91367e-29	2.5080963e-23	1.6805037e-24	1.585208e-22	3.2445716e-25	2.6710224e-28	2.0472136e-29	2.2737087e-22	2.9391691e-05	5.028832e-27
ERR6178891	4	dental calculus	0.0	0.9999818	2.8106578e-16	1.8764716e-33	2.5329866e-33	1.0538264e-35	2.1054547e-36	7.112457e-30	1.1369551e-30	4.2311796e-29	2.2474528e-32	1.2160508e-35	1.3649185e-36	1.377059e-28	1.817519e-05	3.940804e-34
ERR6178892	4	dental calculus	7.61e-43	0.99998593	1.0494424e-16	3.3203982e-31	9.457262e-31	9.920321e-33	2.6464661e-33	1.2230726e-28	8.953986e-29	7.7758304e-28	3.9886103e-31	3.210837e-33	1.610386e-33	7.539844e-28	1.4075696e-05	3.9526853e-32
ERR6178893	4	dental calculus	1.9178788e-18	0.9937983	5.89814e-08	2.1463163e-14	2.1127686e-13	4.8798915e-15	3.7822854e-14	8.698747e-13	3.1078024e-13	5.2881553e-12	2.2878701e-13	6.212276e-14	1.3379645e-14	6.4999254e-13	0.0062016416	2.9698625e-14
ERR6178894	4	dental calculus	1e-45	0.99989635	4.3140976e-17	9.647893e-33	2.948444e-32	1.6000704e-34	1.7220147e-35	1.7110964e-30	4.6807798e-30	1.3960972e-28	6.7152924e-32	1.0632508e-34	1.506532e-35	1.5295791e-28	0.00010362727	2.9293822e-34
ERR6178895	4	dental calculus	3.8771e-40	0.99999106	7.4459257e-16	1.409651e-29	1.0201202e-28	7.159394e-31	1.4417515e-31	4.5450113e-27	4.501887e-27	8.236927e-27	1.201795e-28	2.5780606e-31	8.884575e-32	2.1325208e-26	8.931186e-06	7.0297684e-30
ERR6178897	4	dental calculus	5.0749452e-33	0.9999994	9.973153e-14	3.900878e-24	3.7656954e-23	1.5870185e-25	3.8772952e-25	8.550636e-22	2.5545757e-22	7.481542e-21	2.8388668e-23	3.382892e-25	8.199658e-26	7.853648e-21	5.9916925e-07	9.453604e-25
ERR6178898	4	dental calculus	8.5341723e-19	0.99999076	6.198021e-09	1.24679235e-14	1.6100435e-13	1.1563589e-15	1.7466895e-14	2.8876684e-13	7.5324865e-14	3.4562054e-12	7.8740616e-14	4.6968184e-14	3.6168824e-15	7.418568e-13	9.216109e-06	8.956626e-15
ERR6178899	4	dental calculus	4.8454953e-32	0.9999945	1.09167124e-13	9.95808e-24	1.2524597e-22	5.83302e-25	1.0729771e-24	1.2375033e-21	4.368404e-22	5.851428e-22	2.9683182e-23	2.635082e-25	2.1853343e-25	4.1971843e-21	5.4637353e-06	5.167874e-24
ERR6178900	4	dental calculus	1.4588933e-23	0.99997914	1.236218e-10	3.625069e-18	4.71084e-17	5.583811e-19	2.809496e-18	2.1072466e-16	9.21204e-17	1.9802639e-16	2.0219439e-17	1.5493494e-18	5.930126e-19	4.460671e-16	2.0873256e-05	5.665239e-18
ERR6178901	4	dental calculus	1.6540906e-35	0.999997	4.057408e-15	1.5879718e-26	3.6148461e-25	1.3901991e-27	1.100114e-27	2.6480335e-24	2.1781106e-24	9.436333e-24	4.06036e-26	3.596415e-28	3.0630515e-28	1.8734863e-23	2.9849234e-06	2.9527615e-26
ERR6178902	4	dental calculus	3.8569385e-26	0.9999617	6.401226e-12	4.0088323e-20	7.272194e-19	8.719977e-21	2.0205368e-20	1.4277597e-18	1.4476507e-18	1.6970222e-17	1.6226962e-19	8.798624e-21	5.3175043e-21	4.881343e-18	3.830188e-05	8.3529655e-20
ERR6178903	4	dental calculus	3.0753e-41	0.99978167	4.957509e-15	9.354241e-30	6.1031853e-29	2.111633e-31	6.7379495e-32	4.5464354e-27	2.4302501e-27	7.8352545e-28	3.669778e-29	3.369645e-32	2.8132007e-32	9.1954866e-26	0.00021832109	7.4640083e-31
ERR6178904	4	dental calculus	6.7822495e-13	0.9896212	5.6434637e-06	1.0839098e-10	1.2203685e-09	3.5575112e-11	6.113765e-10	1.4978436e-09	6.8646144e-10	2.4921145e-09	1.016172e-09	7.0941036e-10	1.7559611e-10	2.0154738e-09	0.01037314	2.5818273e-10
ERR6178905	4	dental calculus	1.7971898e-35	0.9999993	2.6106803e-15	2.4580713e-26	3.5884767e-25	1.5434148e-27	1.3010453e-27	3.3232687e-24	2.1987814e-24	8.5592615e-24	6.225097e-26	4.292827e-28	3.5856877e-28	2.3905813e-23	7.0986783e-07	1.4860443e-26
ERR6178906	4	dental calculus	3.1176064e-32	0.9999979	3.6696466e-14	3.0605312e-24	4.2702265e-23	2.2236165e-25	2.396906e-25	2.983313e-22	1.9659131e-22	5.66069e-22	1.0935446e-23	1.8733884e-25	8.568253e-26	1.6531133e-21	2.0639065e-06	2.0553958e-24
ERR6178907	4	dental calculus	1e-45	0.9999987	1.9901672e-18	3.873602e-33	1.2369283e-32	9.330937e-35	1.4407104e-35	9.818556e-31	1.2606787e-30	3.200769e-30	2.146092e-32	6.8166246e-36	6.169936e-36	2.490897e-29	1.3379729e-06	1.6877963e-34
ERR6178908	4	dental calculus	4.763872e-16	0.997889	1.82211e-07	6.747818e-13	6.5660455e-12	1.5758048e-13	1.7523694e-12	1.4038234e-11	5.383557e-12	5.6229785e-11	4.9654382e-12	1.2208261e-12	5.0714934e-13	9.614881e-12	0.0021108645	7.87735e-13
ERR6178909	4	dental calculus	0.0	0.9999992	2.8275886e-20	1.8128101e-36	1.7252238e-35	4.073755e-38	3.090974e-39	5.008261e-34	1.1201467e-33	5.4875408e-33	1.8290327e-36	9.90818e-40	1.404907e-39	2.915124e-32	7.5780645e-07	7.423457e-38
ERR6178910	4	dental calculus	9.0211e-41	0.9999967	4.678697e-16	1.3830745e-29	3.0136753e-29	2.8329842e-31	1.5672756e-31	2.8609664e-27	1.7108334e-27	7.415083e-27	8.1706495e-29	4.5092384e-32	3.8406016e-32	7.379244e-26	3.273187e-06	3.1575287e-30
ERR6178911	4	dental calculus	3.471993e-22	0.9999711	5.917961e-10	3.2241962e-17	1.3391463e-16	3.609276e-18	2.4483049e-17	2.2734176e-15	5.213699e-16	2.0508226e-15	4.0238202e-16	2.3012838e-17	4.9110503e-18	3.234205e-15	2.8912375e-05	5.499679e-17
ERR6178912	4	dental calculus	2.6899659e-14	0.94264483	3.3574208e-05	1.00167635e-11	3.4903223e-11	2.0665386e-12	2.6500238e-11	4.2900827e-10	1.5373637e-10	5.0936555e-10	2.180388e-09	2.6641177e-11	9.341523e-12	9.60625e-10	0.057321575	2.6448716e-11
ERR6178913	4	dental calculus	6.24704e-21	0.9931542	2.7879156e-07	3.5444173e-16	8.6735443e-16	3.004272e-17	2.3352574e-16	5.759703e-14	9.9501325e-15	6.928914e-14	1.12540694e-13	1.2684987e-16	7.0783116e-17	1.810236e-13	0.0068454985	3.3794076e-16
ERR6178914	4	dental calculus	0.0	0.9999999	6.241012e-21	4.0824844e-38	1.8372711e-37	6.85414e-40	4.0593e-41	3.6860426e-35	2.6446585e-35	8.106959e-35	2.0059917e-38	2.6514e-41	2.2453e-41	7.01645e-34	1.05049565e-07	2.150623e-39
ERR6178915	4	dental calculus	3.043854e-20	0.99948984	2.5581548e-09	6.2991183e-16	6.7970294e-15	1.8663603e-16	9.237543e-16	2.4788133e-14	1.3741895e-14	4.8515106e-14	6.933591e-15	1.0439915e-15	4.2108705e-16	1.7580445e-14	0.0005101834	7.7930133e-16
ERR6178916	4	dental calculus	9.88e-43	0.99998367	1.9184077e-17	1.0723089e-31	4.3784973e-31	1.03748095e-32	1.0122835e-33	7.599363e-30	4.5519414e-29	8.77333e-30	4.511253e-31	9.3380325e-34	7.5841417e-34	1.6425479e-28	1.6313359e-05	4.0925938e-32
ERR6178917	4	dental calculus	1.5727445e-22	0.99926853	3.2995776e-10	1.0041704e-17	6.804139e-17	3.1829662e-18	7.081184e-18	3.544953e-16	2.531738e-16	3.7214255e-16	7.794658e-17	8.516106e-18	3.7446016e-18	3.1143437e-16	0.000731452	1.33719156e-17
ERR6178918	4	dental calculus	5.351404e-18	0.9993831	3.6823062e-06	8.1117465e-14	1.9033791e-13	2.3603513e-15	4.787452e-14	1.2620463e-11	1.0738657e-12	9.987573e-10	4.6167924e-11	7.9390176e-14	6.366138e-15	8.18678e-11	0.0006132277	1.5039303e-13
ERR6178919	4	dental calculus	2.3763374e-14	0.9973731	3.5380614e-05	4.326077e-11	6.653361e-11	1.8462972e-12	3.3167497e-11	3.3013308e-09	2.8469097e-10	2.1633974e-07	1.0339966e-08	5.2767103e-11	9.868247e-12	9.624048e-09	0.0025912914	1.06104306e-10
ERR6178920	4	dental calculus	3.785e-42	0.9999998	4.609391e-18	9.465837e-31	7.212906e-30	3.561354e-32	1.6128303e-32	2.0379745e-28	1.1939591e-28	4.244263e-27	8.262135e-31	4.043182e-33	5.2299845e-33	8.4509055e-28	2.0416374e-07	1.1972693e-31
ERR6178921	4	dental calculus	1e-44	0.9999978	1.418677e-18	1.0998856e-32	2.9582138e-32	4.191904e-34	9.174944e-35	1.696138e-30	3.3403758e-30	2.0043848e-29	3.1912203e-32	1.1808368e-34	4.344575e-35	2.1402021e-29	2.216839e-06	4.320917e-34
ERR6178923	4	dental calculus	9.35847e-20	0.99999994	1.9748589e-08	4.7497622e-15	1.2083558e-13	1.047224e-16	5.1719976e-15	1.7678621e-13	2.739855e-14	1.2453851e-09	2.8597604e-14	6.0991145e-15	1.8794586e-16	1.3837949e-12	3.239531e-08	1.2189132e-14
ERR6178924	4	dental calculus	8.462831e-07	0.99502444	0.0010529801	2.3308085e-06	2.3359666e-05	5.3674376e-07	3.8566843e-05	1.559457e-05	3.441802e-06	0.0029372557	2.8688646e-05	3.8042406e-05	5.303194e-06	1.1003006e-05	0.0008017638	1.5838194e-05
ERR6178925	4	dental calculus	4.8261598e-23	1.0	2.4281501e-09	2.0483417e-17	6.1913736e-16	4.3363943e-19	9.961419e-18	3.0308192e-15	2.8300324e-16	5.8309e-12	3.7521386e-16	2.1462991e-17	6.0250275e-19	1.7278612e-14	1.3873012e-08	3.0197337e-17
ERR6178926	4	dental calculus	2.7048476e-20	0.9999846	1.0940783e-07	2.3642826e-15	4.4013306e-15	5.2793052e-17	8.019779e-16	3.507714e-13	2.5014746e-14	5.5419433e-11	1.2498517e-13	6.74671e-15	8.833249e-17	1.9526542e-12	1.5281794e-05	2.8687117e-15
ERR6178927	4	dental calculus	4.426715e-10	0.99839365	0.00078458374	3.0998272e-08	1.6180586e-06	2.5225855e-09	4.0240266e-07	8.7656866e-07	1.03577364e-07	0.00027738552	7.9331335e-07	9.3252446e-08	3.6759157e-08	3.4922336e-06	0.0005365926	3.5817573e-07
ERR6178928	4	dental calculus	1.2020193e-31	1.0	3.065395e-13	4.1356877e-24	3.5822388e-23	3.4184792e-25	4.2500143e-25	1.6898755e-22	4.8661994e-22	1.4028665e-20	1.7995692e-22	1.4053029e-24	1.023646e-25	2.534583e-21	2.4632794e-08	8.3119244e-24
ERR6178929	4	dental calculus	4.88e-43	0.99997103	1.723646e-16	3.9014942e-31	6.242722e-31	1.2445945e-32	3.5651362e-33	8.698589e-29	3.2527746e-28	3.0715684e-27	7.1999055e-29	1.1405858e-32	1.4343225e-33	5.1692992e-27	2.895838e-05	1.4353393e-32
ERR6178930	4	dental calculus	2.55192e-40	0.99999666	1.5445646e-16	9.0630795e-30	4.1985122e-29	8.325033e-31	2.3563078e-31	1.0461242e-27	2.972646e-27	3.4116925e-27	9.703526e-29	4.575267e-31	1.6896328e-31	7.8368585e-27	3.3571528e-06	1.1795992e-30
ERR6178931	4	dental calculus	5.042021e-35	0.99999875	2.1592576e-14	1.0347391e-25	5.5434483e-25	3.626846e-27	8.3676895e-27	1.2252715e-23	1.2931891e-23	4.6652247e-21	1.0011295e-24	7.812122e-27	1.7727253e-27	8.571245e-23	1.2622961e-06	3.941085e-27
ERR6178932	4	dental calculus	1.6924447e-15	0.9995835	4.0747735e-05	6.3001804e-12	8.359192e-11	1.7845714e-13	1.497812e-11	1.3548757e-09	7.2272965e-11	8.363075e-08	9.918005e-10	6.1684334e-12	1.2110842e-12	8.616151e-09	0.00037566348	1.8240381e-11
ERR6178933	4	dental calculus	1.28e-43	0.9999736	4.762923e-16	1.1944801e-31	1.3366017e-30	3.154424e-33	4.984636e-34	4.254261e-29	4.6335855e-29	5.139101e-29	2.6686832e-31	3.861588e-34	4.360753e-34	4.820222e-28	2.6404177e-05	3.2016913e-32
ERR6178934	4	dental calculus	1.1296083e-27	0.9999994	3.815131e-12	4.2132937e-21	7.199734e-20	4.60865e-22	9.86952e-22	1.4560144e-19	1.7043578e-19	7.7024776e-18	1.9113162e-20	2.1047128e-21	3.1333025e-22	3.615472e-19	5.8329357e-07	1.2050752e-20
ERR6178935	4	dental calculus	1.0610236e-12	0.99952674	1.8511357e-06	9.278012e-11	1.9699613e-09	4.0884407e-11	7.585288e-10	7.53501e-10	8.498875e-10	3.1873597e-08	1.3419096e-09	1.1060047e-09	1.6853596e-10	8.0292084e-10	0.00047137376	8.61035e-10
ERR6178936	4	dental calculus	1.574559e-14	0.99997133	1.24587e-05	1.7352125e-11	2.7946067e-11	9.464485e-13	4.0792664e-11	1.0990256e-09	1.3207209e-10	9.958646e-07	2.2706181e-09	6.1379256e-11	3.602904e-12	4.0796824e-09	1.5230474e-05	1.3816005e-10
ERR6178937	4	dental calculus	2.5315901e-05	0.97709054	0.0041132616	1.5093093e-05	7.133848e-05	3.7325508e-06	0.00024184688	0.00027966584	2.9255112e-05	0.014875174	0.00023391706	0.00033022644	5.5671415e-05	7.092226e-05	0.002485665	7.836589e-05
ERR6178938	4	dental calculus	7.709e-42	0.99997306	1.5326525e-15	2.8586384e-30	1.8641547e-29	6.957242e-32	2.017657e-32	3.9684405e-28	9.146057e-28	5.7200447e-27	9.9809544e-30	5.8698416e-32	1.2345745e-32	1.3629432e-26	2.6948213e-05	8.606931e-31
ERR6178939	4	dental calculus	1.359778e-12	0.97878736	2.1380663e-05	2.0758238e-10	2.229464e-09	7.2178014e-11	1.0888144e-09	2.3679898e-09	1.6370857e-09	2.6949783e-08	3.905404e-09	2.2139264e-09	5.656248e-10	1.8049439e-09	0.021191236	5.1033683e-10
ERR6178940	4	dental calculus	3.3339819e-18	0.99999994	4.436372e-08	4.895102e-14	3.520411e-13	1.4512227e-15	4.353422e-14	3.2395824e-12	3.0159181e-13	1.3936385e-08	1.1984082e-12	2.481014e-13	3.429233e-15	1.2416422e-11	2.0031978e-08	2.147458e-13
ERR6178941	4	dental calculus	3.902692e-37	0.99999547	3.842345e-15	1.3870382e-27	2.2262025e-26	9.0664645e-29	5.951371e-29	2.1622145e-25	3.1132936e-25	2.1454983e-24	1.283813e-26	1.1775893e-28	2.6286536e-29	1.7415526e-24	4.5596157e-06	2.4284152e-28
ERR6178942	4	dental calculus	4.7539484e-23	0.9999329	2.756061e-10	5.1128034e-18	1.3983619e-16	1.0060523e-18	4.35253e-18	2.9117205e-16	1.5338155e-16	8.8421886e-16	7.6110423e-17	8.260928e-18	1.9702292e-18	2.359812e-16	6.7099616e-05	4.838045e-18
ERR6178943	4	dental calculus	1.5449498e-22	0.9999998	2.0797146e-10	2.3313295e-17	2.8900677e-16	1.5274289e-18	9.327901e-18	7.990866e-16	4.2409455e-16	6.5280523e-13	7.5839624e-16	8.646367e-17	2.5470177e-18	2.940638e-15	1.7121502e-07	2.3579222e-17
ERR6178944	4	dental calculus	5.4948528e-14	0.99998975	5.760327e-07	2.1114926e-11	1.057918e-10	3.0100395e-12	6.561132e-11	2.4581326e-10	1.06558276e-10	9.469883e-08	4.6598125e-10	3.2635694e-10	1.23488025e-11	3.5504616e-10	9.594182e-06	5.312511e-11
ERR6178945	4	dental calculus	8.431544e-23	0.99992025	1.5156072e-08	2.090201e-17	2.8234166e-17	1.1081063e-18	4.8986215e-18	2.0275502e-15	8.7387426e-16	3.3254644e-13	1.3124193e-14	3.4553736e-17	9.385535e-19	2.7095498e-14	7.971115e-05	2.4613497e-17
ERR6178946	4	dental calculus	3.073833e-15	0.9977465	4.2307718e-05	6.7426563e-12	1.44329245e-11	2.3872774e-13	3.880984e-12	1.3783308e-09	3.965827e-11	8.874052e-09	2.1154019e-09	3.5854258e-12	1.4746247e-12	2.8643103e-09	0.0022111584	6.172311e-12
ERR6178947	4	dental calculus	6.746778e-07	0.9761135	0.0018214601	1.394935e-06	3.4208763e-06	2.4987176e-07	5.4361144e-06	3.2408632e-05	3.2770565e-06	0.0002266464	0.00011410544	1.3006266e-05	3.2180926e-06	1.9369614e-05	0.02163804	3.8010376e-06
ERR6178948	4	dental calculus	8.6021253e-35	0.99999344	2.733944e-13	1.6714524e-25	3.4778094e-25	4.3452905e-27	8.6578286e-27	9.368543e-23	2.6350857e-23	2.1375006e-20	4.5835564e-24	3.991111e-26	1.312772e-27	9.567729e-22	6.542285e-06	2.7639726e-26
ERR6178949	4	dental calculus	2.294e-42	0.9994137	1.0517056e-15	9.032698e-31	5.5056954e-30	2.4019188e-32	7.739231e-33	1.4942324e-28	2.243119e-28	4.9577376e-29	2.3313122e-30	2.805637e-33	3.5961017e-33	4.8860515e-27	0.0005862545	5.341005e-32
ERR6178950	4	dental calculus	6.3806336e-29	0.99731773	1.519782e-11	8.718914e-22	6.2634944e-21	7.243008e-23	1.2067846e-22	4.7854767e-20	4.024235e-20	2.3363876e-20	3.919769e-21	1.1711332e-22	6.516763e-23	3.429474e-19	0.0026822446	1.7272983e-22
ERR6178951	4	dental calculus	3.954727e-20	0.9997565	1.317599e-07	2.8563266e-15	1.0126541e-14	1.2702367e-16	1.2222967e-15	3.31345e-13	5.5131392e-14	4.9331264e-12	6.882116e-13	2.0297154e-15	4.0552303e-16	1.1306138e-12	0.00024332984	3.033413e-15
ERR6178952	4	dental calculus	6.894365e-14	0.99765813	2.2167458e-05	3.356968e-11	5.3932962e-11	4.095208e-12	5.311497e-11	1.2378008e-09	2.4702912e-10	8.779298e-09	7.669095e-09	1.499906e-10	2.239975e-11	2.1677424e-09	0.0023196572	4.707001e-11
ERR6178953	4	dental calculus	5.8999664e-23	0.998845	8.669112e-09	3.3545406e-17	7.5360437e-16	2.1444579e-18	1.3162502e-17	1.6193867e-14	1.1973662e-15	7.640616e-14	1.8143014e-15	2.3197178e-17	1.0489094e-17	2.9999962e-14	0.0011550345	1.0647328e-17
ERR6178954	4	dental calculus	8.142815e-09	0.9736732	0.00028965832	9.2290755e-08	1.1707532e-06	2.9255524e-08	8.7300657e-07	1.3385943e-06	2.9019117e-07	7.676218e-06	1.8573728e-06	7.119321e-07	3.4508392e-07	7.0037817e-07	0.026021793	2.4178797e-07
ERR6178955	4	dental calculus	0.0	0.9999999	1.4695543e-19	1.6104133e-35	2.1301308e-34	4.4417713e-37	7.7129726e-38	5.749705e-33	9.9223206e-33	1.4767248e-32	1.2609093e-35	3.517828e-38	3.2936114e-38	1.0475113e-31	1.12108864e-07	1.7200302e-36
ERR6178956	4	dental calculus	3.0695545e-18	0.99999124	1.7639286e-08	5.350881e-15	1.0552346e-13	7.363307e-16	2.1265103e-15	1.5431287e-13	4.0329434e-14	5.4875783e-12	3.4526398e-14	4.573789e-15	1.3877168e-15	1.4397274e-13	8.730525e-06	7.152223e-15
ERR6178957	4	dental calculus	7.2835035e-05	0.9513324	0.0041830703	3.852384e-05	0.00032442607	2.1946966e-05	0.0009196142	0.000110007706	4.326527e-05	0.0013582084	0.00032007004	0.000768797	0.0002721531	4.7166985e-05	0.040011775	0.00017574524
ERR6178958	4	dental calculus	0.0	0.99999684	1.1214594e-18	1.414743e-33	1.458863e-32	5.622335e-35	7.222859e-36	9.896386e-31	4.820409e-31	4.355231e-31	6.2832653e-34	1.923572e-36	4.1416334e-36	4.0138257e-30	3.1377058e-06	1.8565397e-34
ERR6178959	4	dental calculus	0.0	0.9999958	1.0568244e-19	2.2610109e-38	4.0853506e-38	3.74528e-40	1.6266e-41	1.469532e-35	2.2575871e-35	1.2188375e-35	2.4288356e-38	3.06e-42	8.58e-42	4.3453476e-34	4.175965e-06	1.149959e-39
ERR6178960	4	dental calculus	0.0	0.99999285	1.0565008e-20	4.014864e-39	9.528367e-39	5.3743e-41	2.173e-42	8.950859e-37	5.0021776e-36	1.3263353e-35	9.402779e-39	7.36e-43	8.66e-43	1.8377494e-34	7.152348e-06	1.68356e-40
ERR6178961	4	dental calculus	0.0	0.999974	6.77273e-19	2.365081e-35	1.2852868e-34	1.3727234e-36	6.018491e-38	1.17164424e-32	2.1253724e-32	3.3032711e-34	5.785066e-35	2.9622326e-38	5.5441146e-38	2.111203e-31	2.601384e-05	2.4951394e-36
ERR6178962	4	dental calculus	9.323269e-37	0.99998075	7.001872e-15	6.252707e-28	4.2220783e-27	6.01465e-29	2.0558011e-29	1.112732e-25	1.301437e-25	4.758935e-27	2.7907794e-27	7.97356e-30	1.2366463e-29	3.2074108e-25	1.9250892e-05	3.0452474e-28
ERR6178963	4	dental calculus	1e-45	0.99975514	1.1297391e-17	1.7404024e-33	1.4613362e-32	9.2690473e-35	8.491417e-36	7.7299667e-31	1.0665051e-30	5.265347e-32	2.3003985e-33	1.690414e-36	4.036419e-36	1.3947201e-29	0.00024483365	2.4434726e-34
ERR6178964	4	dental calculus	8.520946e-19	0.99912196	1.0830058e-08	2.3012483e-15	4.6568476e-14	8.021848e-16	4.1304677e-15	8.791179e-14	3.506729e-14	3.7292902e-14	9.750764e-15	2.838174e-15	1.4040408e-15	6.720471e-14	0.00087803573	8.340227e-15
ERR6178965	4	dental calculus	0.0	0.9999481	5.3009026e-18	8.273804e-34	5.3749744e-33	2.2143768e-35	3.3901217e-36	1.715536e-31	3.788344e-31	5.391821e-32	1.3241665e-33	1.0813722e-36	1.21857775e-36	9.5304395e-30	5.193695e-05	3.987254e-35
ERR6178966	4	dental calculus	0.0	0.99999005	1.9048923e-20	1.7342639e-37	7.3199307e-37	6.135309e-39	2.48972e-40	2.9366392e-35	1.7192583e-34	2.4283776e-35	5.987992e-37	1.04631e-40	1.58691e-40	4.1147078e-33	9.93847e-06	7.958539e-39
ERR6178967	4	dental calculus	3.53e-43	0.99999356	6.181831e-18	5.54702e-32	5.63914e-31	4.4063292e-33	6.0126e-34	7.7450084e-30	2.4040693e-29	1.1287527e-29	1.7267112e-31	7.2937197e-34	3.8483534e-34	1.0518802e-28	6.409454e-06	1.793067e-32
ERR6178968	4	dental calculus	3.64e-43	0.999952	1.1657709e-16	7.905808e-32	5.752399e-31	2.9158558e-33	5.7048954e-34	1.4611675e-29	2.662053e-29	8.443305e-31	1.2842591e-31	1.6083548e-34	2.9333612e-34	4.251909e-28	4.7969294e-05	6.309554e-33
ERR6178969	4	dental calculus	2.5932315e-34	0.9999439	7.171691e-14	7.155024e-26	5.105046e-25	6.979885e-27	4.825776e-27	8.569976e-24	8.587888e-24	9.288089e-25	2.1438873e-25	2.3711818e-27	2.0048678e-27	5.97612e-23	5.60984e-05	2.3885261e-26
ERR6178970	4	dental calculus	1.0667e-41	0.99999976	1.07099855e-17	4.333628e-31	2.0012138e-29	2.8518824e-32	8.42652e-33	8.932293e-29	1.250918e-28	1.9505208e-28	3.6400182e-31	2.0225337e-33	3.1907387e-33	5.787936e-28	2.2955285e-07	2.929941e-31
ERR6178971	4	dental calculus	1.4203113e-17	0.99986166	6.8579893e-09	2.0346877e-14	6.475456e-13	6.5050644e-15	7.011852e-14	4.1808576e-13	2.4306227e-13	1.697536e-12	1.0064019e-13	2.9981734e-14	1.18174555e-14	4.791907e-13	0.00013831575	1.6993275e-13
ERR6178972	4	dental calculus	3.1e-44	0.9999993	2.6427804e-18	7.674951e-33	5.132813e-32	5.340392e-34	7.442426e-35	1.1604038e-30	3.0844272e-30	1.1009093e-30	8.273271e-33	4.049282e-35	4.022495e-35	1.6151106e-29	7.291556e-07	3.2816136e-33
ERR6178973	4	dental calculus	5.421129e-23	0.9998702	9.339669e-11	6.892368e-18	6.740684e-17	2.0960593e-18	5.550138e-18	1.338866e-16	1.5124762e-16	5.040465e-16	3.399932e-17	6.325723e-18	2.718369e-18	1.9263402e-16	0.00012981895	1.5796652e-17
ERR6178974	4	dental calculus	0.0	0.99999946	5.3762056e-19	1.2998525e-34	1.5395897e-33	5.575523e-36	7.568401e-37	6.278971e-32	6.717633e-32	6.9449705e-32	5.77566e-35	2.010157e-37	3.8134564e-37	3.3722037e-31	5.135015e-07	3.16708e-35
ERR6178975	4	dental calculus	1.2541803e-30	0.9995011	1.205533e-10	4.104829e-23	8.357483e-23	1.0514269e-24	3.3003613e-24	3.8526758e-20	4.2561973e-21	6.896082e-20	1.774611e-21	1.1846243e-23	1.3659829e-24	9.989109e-20	0.0004989117	1.4243202e-23
ERR6178976	4	dental calculus	1.0281462e-14	0.9918271	7.032765e-06	3.2740763e-12	9.469799e-12	4.589336e-13	6.8080034e-12	1.2378128e-10	2.3739734e-11	6.565594e-10	7.018794e-11	2.1904643e-11	2.606153e-12	1.2373254e-10	0.008165886	5.197769e-12
ERR6178977	4	dental calculus	4.1e-43	0.99999946	3.5863296e-18	3.0912298e-32	7.027883e-31	2.102409e-33	3.4360214e-34	3.3590904e-30	1.0607693e-29	6.2868673e-30	4.599312e-32	1.1718036e-34	1.4663612e-34	6.716844e-29	5.186274e-07	1.1276667e-32
ERR6178978	4	dental calculus	1.387e-42	0.9999982	1.1703113e-17	6.6241364e-32	6.465121e-31	6.508503e-33	8.879393e-34	1.05312625e-29	3.1535388e-29	1.0539319e-29	1.2205506e-31	2.487998e-34	5.274699e-34	1.4630878e-28	1.8150546e-06	3.856555e-32
ERR6178979	4	dental calculus	4.1905915e-26	0.9999929	2.7573525e-12	1.1655664e-20	1.4762863e-19	3.723769e-21	6.179785e-21	6.487402e-19	6.299643e-19	1.1562654e-18	1.1776728e-19	3.8494817e-21	2.0254006e-21	8.944958e-19	7.06631e-06	3.216918e-20
ERR6178980	4	dental calculus	9.707543e-34	0.9998248	3.6123441e-12	5.2795556e-25	3.624279e-24	1.7904459e-26	2.3200878e-26	2.0759295e-22	8.483982e-23	2.5103876e-22	3.694271e-23	1.7277847e-26	8.823524e-27	2.3499325e-21	0.0001751868	1.169825e-25
ERR6178981	4	dental calculus	5.8430687e-24	0.9971603	1.342339e-08	4.740734e-18	4.1465595e-17	2.9455563e-19	1.1329514e-18	3.9369837e-16	1.5562575e-16	8.1576494e-16	4.537764e-16	1.608371e-18	5.2452986e-19	4.3076623e-15	0.0028396891	4.543284e-18
ERR6178982	4	dental calculus	2.6738016e-38	0.9999999	1.764173e-16	4.675295e-29	1.4086212e-27	4.1853166e-30	1.7480897e-30	5.3777803e-27	9.294339e-27	8.189445e-27	6.841996e-29	4.0901547e-31	4.766315e-31	3.7623057e-26	1.16846806e-07	6.832108e-29
ERR6178983	4	dental calculus	1.0584692e-14	0.99985754	1.021021e-07	1.8977899e-12	4.262497e-11	1.1127449e-12	1.263179e-11	2.0151228e-11	1.4777329e-11	5.3200642e-11	1.4287397e-11	6.143572e-12	2.2724925e-12	2.3954585e-11	0.00014237096	1.9727692e-11
ERR6178984	4	dental calculus	1.47572e-40	0.99999356	4.393472e-17	3.758933e-30	7.135965e-29	2.8598052e-31	9.390092e-32	3.9731807e-28	1.3790783e-27	2.5232068e-27	1.4983819e-29	5.9850307e-32	3.0090016e-32	1.4323112e-26	6.4277947e-06	5.7799255e-31
ERR6178985	4	dental calculus	1.7050853e-23	0.99980783	4.5234533e-08	3.759892e-18	4.8622434e-17	2.5129592e-19	8.620241e-19	5.9839103e-16	1.6714333e-16	9.659222e-16	1.4411625e-15	4.759092e-19	4.743015e-19	8.603339e-15	0.00019213968	6.8166784e-18
ERR6178986	4	dental calculus	1.0415351e-11	0.9435601	0.0001787275	7.388837e-10	1.9878752e-09	1.4706987e-10	1.7197264e-09	1.7576193e-08	4.9615267e-09	1.6072464e-08	1.9507492e-07	2.2399158e-09	1.1254805e-09	4.1308162e-08	0.056260847	1.9066266e-09
ERR6178987	4	dental calculus	0.0	0.99998784	7.005442e-20	3.4019556e-36	1.5837719e-35	1.02571e-37	6.819811e-39	2.1323407e-33	2.3865219e-33	2.2659072e-33	3.502704e-36	2.623812e-39	4.20552e-39	4.476496e-32	1.2181566e-05	1.4289154e-37
ERR6178988	4	dental calculus	1.4932336e-32	0.9999635	2.3801196e-14	7.0351143e-25	7.100874e-24	1.061621e-25	6.5306016e-26	1.3737143e-22	7.7431475e-23	7.8127314e-23	2.1794123e-24	6.9586924e-26	4.6852335e-26	2.1484888e-22	3.649655e-05	2.0172583e-25
SRR16071515	4	marine sediment	0.0061771083	0.00520746	0.0006424035	0.0020658958	0.5349085	0.0004050779	0.01317261	0.085372314	0.002770865	0.015364231	0.120840736	0.18377224	0.0005890318	0.028565686	0.00014465387	1.1989036e-06
SRR16071516	4	marine sediment	0.0007264132	0.0024774643	0.0017294699	0.0004014423	0.19081023	0.00015367148	0.0902088	0.042192884	0.0016134958	0.006548996	0.121373415	0.5061808	0.007770204	0.027449332	0.00027633295	8.699517e-05
SRR16071517	4	marine sediment	0.0034564645	0.0017064568	0.0025139474	0.0003451562	0.060763393	5.9918057e-05	0.5170915	0.004522618	0.00050834584	0.007831451	0.028357476	0.34993747	0.018379489	0.0037893958	0.00024203178	0.0004948623
SRR16071520	4	marine sediment	0.0008270983	0.0014440645	0.0016515235	0.00023705224	0.027201667	4.9914946e-05	0.51267695	0.008404967	0.0010238417	0.008849076	0.029958813	0.38918972	0.009129944	0.008424625	0.00049085624	0.000439862
SRR16071521	4	marine sediment	0.0011958684	0.004837002	0.0018296613	0.0004052863	0.11059008	0.000110976864	0.3332449	0.03627731	0.0013122512	0.0138658	0.02741076	0.43409568	0.013840089	0.020631023	0.00022764388	0.00012568652
SRR24222601	4	lake sediment	0.004740183	0.0044557876	0.008677213	0.00045825454	0.46323252	0.040905952	0.29276073	0.0051360205	0.00033359753	0.0016970236	0.041678842	0.12665175	0.006205107	0.0015845539	0.0003834677	0.0010990002
SRR24222602	4	lake sediment	0.0054897303	0.005034261	0.0131878955	0.0007181616	0.2948687	0.0276065	0.14754388	0.0074984524	0.00041620497	0.0026390818	0.056969892	0.41541484	0.017720273	0.0028206	0.00068582303	0.0013857061
SRR24222603	4	lake sediment	0.0060922815	0.002684244	0.0059667565	0.000470187	0.07195976	0.0015345393	0.8120427	0.001953296	0.00036692628	0.0019493125	0.047591873	0.01822138	0.026483802	0.0010711609	0.00061392045	0.0009978374
SRR24222604	4	lake sediment	0.0006893144	0.0011894635	0.0024388507	0.0001769127	0.39533868	0.102144055	0.39324003	0.002907283	7.669451e-05	0.0002704381	0.06660363	0.031650424	0.0023388215	0.0007461533	2.2203665e-05	0.00016704483
SRR24222605	4	lake sediment	0.0010712758	0.0009504371	0.0030877604	0.000252979	0.428135	0.011755083	0.45095107	0.0017463453	0.00013211046	0.00046727227	0.08043341	0.015887097	0.004083139	0.00074167026	4.992244e-05	0.0002554209
SRR24222606	4	lake sediment	0.0032423364	0.0026793608	0.006236726	0.00073475036	0.15924399	0.0015741992	0.6888605	0.0031702747	0.00037219728	0.00180363	0.058787692	0.055236615	0.015302827	0.0013516129	0.00061956764	0.00078376365
SRR24222607	4	lake sediment	0.00209505	0.0010821527	0.002868635	0.00026623782	0.18252364	0.00053174025	0.7624114	0.0008670146	0.00015493753	0.0006176183	0.02074986	0.014929374	0.0097278515	0.00059067714	0.00019159525	0.00039218302
SRR24222608	4	lake sediment	0.014433619	0.0058238017	0.0045566573	0.0005180949	0.019373178	0.00035968702	0.87285304	0.0013674576	0.00046772216	0.0042739813	0.0045168786	0.052048523	0.0093658855	0.00058252667	0.005547797	0.0039111525
SRR24222609	4	lake sediment	0.043859433	0.016744206	0.028182626	0.0014965311	0.21102996	0.004309984	0.3603154	0.0072713755	0.0015866902	0.011177936	0.043370962	0.19453788	0.056600075	0.0035552497	0.008061617	0.007900064
SRR24222610	4	lake sediment	0.027822752	0.0132193705	0.062556915	0.0018129437	0.14384548	0.0082581015	0.38075858	0.00838435	0.0012029245	0.009931909	0.09444955	0.1431359	0.08904816	0.0048653246	0.0047097034	0.005998014
SRR24222612	4	lake sediment	0.010431848	0.006936221	0.026488794	0.0009925932	0.26367924	0.007430949	0.4925569	0.012287588	0.00080870546	0.0045678415	0.05021862	0.08915136	0.025753325	0.0034278035	0.0023615544	0.0029066857
SRR24222613	4	lake sediment	0.009775073	0.0053398027	0.019318363	0.0007728692	0.17258385	0.0019202807	0.647415	0.00551552	0.0005995385	0.004751755	0.042947967	0.05807042	0.024036378	0.0029712042	0.001752539	0.0022294493
SRR24222614	4	lake sediment	0.008613368	0.003889911	0.0141493445	0.00077153574	0.08352126	0.0027939947	0.7480409	0.0026013686	0.0003590684	0.0028627692	0.07217417	0.024388231	0.031703174	0.0013466103	0.0010886376	0.0016956608
SRR24222615	4	lake sediment	0.0029048596	0.002354729	0.012621333	0.0005962974	0.2302315	0.0032712033	0.623805	0.0066913096	0.0003732158	0.001212612	0.047320552	0.040008493	0.025598673	0.0021938197	0.00024238399	0.00057401275
SRR24222616	4	lake sediment	0.0016796592	0.0017160699	0.0049757194	0.0004411014	0.25300536	0.0020778151	0.5967761	0.00229909	0.00025603446	0.000960025	0.06480054	0.054919306	0.013954475	0.0014497163	0.00023631168	0.00045264413
SRR24222617	4	lake sediment	0.001173524	0.0014742773	0.0058432803	0.0002523973	0.17202757	0.0011012516	0.72518045	0.0035064523	0.00022086145	0.00099771	0.045761555	0.023568595	0.016749108	0.0016091387	0.00013793318	0.00039586442
SRR24222618	4	lake sediment	0.0037790346	0.0023076567	0.0074975924	0.00039497134	0.04210107	0.0007085155	0.8722714	0.0012138119	0.00029728402	0.0019192158	0.017139526	0.018989265	0.028462186	0.00074362074	0.00070835836	0.001466481
SRR24222619	4	lake sediment	0.0007046968	0.0008659193	0.0032127898	0.00014389252	0.184668	0.00051947363	0.7656705	0.0008686027	0.00011001582	0.0005345693	0.013484823	0.020664837	0.007527107	0.00060287624	0.00011245039	0.0003094876
SRR24222620	4	lake sediment	0.024915542	0.013416565	0.008100435	0.0011824367	0.06928016	0.0019047357	0.68477005	0.0037881131	0.0011158529	0.009676397	0.027374178	0.11088652	0.023337774	0.0018929527	0.009197808	0.009160482
SRR24222621	4	lake sediment	0.0110060815	0.007453082	0.026672006	0.0009366662	0.18120405	0.006108505	0.5888583	0.0061473083	0.0008112048	0.0055081067	0.047147617	0.05567016	0.05389412	0.0028377858	0.0017994575	0.003945523
SRR24222623	4	lake sediment	0.0058402866	0.004304106	0.014746248	0.00058586	0.42129004	0.0062390235	0.39750215	0.0075493115	0.0005222735	0.0027403755	0.0272358	0.08510927	0.021638826	0.002881031	0.00078196893	0.0010334319
SRR24222624	4	lake sediment	0.00044249606	0.0010807159	0.0024881896	0.00015019151	0.65696377	0.017549276	0.17331496	0.00559385	0.00012294968	0.00042739775	0.093459375	0.042803995	0.0040915348	0.0012499586	4.3095923e-05	0.00021824476
SRR24222625	4	lake sediment	0.0005926461	0.0014047795	0.0031763504	0.00021103054	0.54381704	0.024007691	0.33360058	0.004659526	0.00014628448	0.00052076427	0.03272023	0.04817789	0.005059366	0.0015324366	3.176805e-05	0.0003415983
SRR24222626	4	lake sediment	5.8948164e-05	0.00018432792	0.00043336803	3.2960645e-05	0.83243567	0.013377101	0.08032598	0.004910283	2.4527699e-05	4.269858e-05	0.051746655	0.015460891	0.000252191	0.0006897706	2.7923381e-06	2.1838496e-05
SRR24222627	4	lake sediment	0.00010841813	0.00024960132	0.0012383305	4.9206683e-05	0.61874425	0.0012731111	0.2961822	0.0018394011	4.8140046e-05	9.810231e-05	0.05991826	0.018405646	0.0011979868	0.00061623054	5.8075043e-06	2.5307247e-05
SRR24222628	4	lake sediment	0.00032454767	0.0011382237	0.0082979305	0.0008198373	0.17580192	0.005237852	0.45086432	0.0032286693	0.0001605571	0.0007283797	0.33867744	0.00871713	0.004073873	0.0014112545	2.2706492e-05	0.000495386
SRR24222629	4	lake sediment	0.0030197646	0.003253478	0.017596632	0.0005039963	0.29688442	0.018268762	0.51788473	0.0072178612	0.00042140856	0.0016878315	0.0686624	0.04221155	0.019031147	0.0021931466	0.00025382428	0.0009090859
SRR24222630	4	lake sediment	0.0012870963	0.0017302501	0.0035429734	0.00019768973	0.5251172	0.14357154	0.22237173	0.0053036017	9.3673094e-05	0.0004082275	0.05500236	0.038811415	0.0012755339	0.0010275104	3.9360497e-05	0.0002198403
SRR24222631	4	lake sediment	0.000101408354	0.00017732901	0.0007246877	6.4980944e-05	0.6389476	0.05416515	0.040352073	0.0052629807	1.6519003e-05	3.0817446e-05	0.24015552	0.01941009	0.00013867537	0.00044015964	8.317848e-07	1.116338e-05
SRR24222632	4	lake sediment	0.008222111	0.0051534907	0.011361116	0.000728045	0.06874248	0.0016666929	0.75807357	0.002055459	0.0005476522	0.003833122	0.023377448	0.03380476	0.075845525	0.0011684566	0.002731853	0.0026882195
SRR4047197	4	leaf	0.0014347034	0.0021275366	0.007820717	0.00018323692	0.1819524	0.6443933	0.0016169338	0.0049448786	5.7880472e-05	0.00035379606	0.12387742	0.02805463	0.0025420755	0.00040957294	4.163742e-05	0.00018923848
SRR4047199	4	leaf	0.00146521	0.00216527	0.008698163	0.00018504384	0.16308466	0.6700263	0.0014420091	0.0049607363	5.960044e-05	0.0003700334	0.1115817	0.032695603	0.002634447	0.0004132251	4.652883e-05	0.00017149553
SRR4047201	4	leaf	0.0022845445	0.0029613078	0.013515544	0.0002665663	0.21117027	0.5571263	0.0024126258	0.006575492	9.018976e-05	0.00057403423	0.16333604	0.03433554	0.004410735	0.00060291134	7.581143e-05	0.0002621222
SRR4047203	4	leaf	0.0025962451	0.0032850825	0.01872894	0.00031642933	0.19961405	0.48516423	0.005072959	0.006815708	0.00010566755	0.00068973866	0.23609322	0.035409424	0.0050046532	0.0007348438	8.466817e-05	0.00028415478
SRR4047207	4	leaf	0.0012633902	0.0018670547	0.0072871004	0.0001752839	0.20928927	0.61342424	0.00205677	0.0047492953	5.2995754e-05	0.00032156796	0.13515845	0.021450283	0.002346179	0.00036810798	3.6102054e-05	0.00015391817
SRR4047214	4	leaf	0.0011778533	0.0013192774	0.0049957302	0.00021784095	0.058100373	0.6374435	0.0025553617	0.0036251403	3.352898e-05	0.00025556344	0.28453887	0.0038531788	0.0015770936	0.00022298678	1.088453e-05	7.282657e-05
SRR4047219	4	leaf	0.0039840173	0.004627328	0.025218133	0.00043700877	0.24235772	0.39798042	0.0064537018	0.009827791	0.0001479072	0.0009977372	0.24938959	0.0527688	0.004257617	0.00095811894	0.00013619922	0.00045790605
SRR4047221	4	leaf	0.0249368	0.01629204	0.14953493	0.0019866065	0.18713513	0.11204523	0.024081191	0.018894462	0.000791901	0.007340603	0.22683321	0.10937501	0.11158823	0.004065945	0.002016058	0.0030826526
SRR4047223	4	leaf	0.0055817505	0.006063389	0.031879436	0.00058461464	0.28527585	0.31211096	0.007404911	0.010032114	0.00021125232	0.0015544875	0.26840603	0.055907305	0.01254432	0.0014959988	0.00024475678	0.00070281746
SRR4047225	4	leaf	0.014261322	0.011296107	0.04896949	0.0012598373	0.28144363	0.14930494	0.015231668	0.013880836	0.00047369537	0.003943356	0.2963439	0.113976315	0.044387333	0.0026667444	0.00079118746	0.0017696449
SRR4047228	4	leaf	0.0033381993	0.004302557	0.013231691	0.00038125718	0.17406955	0.60754913	0.0036689602	0.0073777395	0.00013372599	0.00094821356	0.124543056	0.05078054	0.008260548	0.00075701874	0.0001687594	0.0004890781
SRR5047040	4	tooth	0.24685466	0.019984012	0.002221643	0.0037152206	0.015818307	0.0007157119	0.004997337	0.0075125224	0.0035268364	0.0070111095	0.004478803	0.058291774	0.012593203	0.0020448582	0.60989994	0.00033407126
SRR5047041	4	tooth	0.2644535	0.013393216	0.0030647146	0.0016482457	0.015091517	0.00065358117	0.013061798	0.003341397	0.0019802838	0.009347765	0.008641974	0.018918786	0.013553052	0.0011987514	0.6308472	0.00080422143
SRR5047042	4	tooth	0.048961416	0.0027468977	1.0016189e-05	0.004577293	0.00041376377	8.148531e-06	1.0525541e-06	0.00016260252	0.00033270178	0.00072609074	1.4122455e-05	9.830871e-05	0.000114699455	5.2102656e-05	0.9417808	4.3405843e-09
SRR5047043	4	tooth	0.23230426	0.023217179	0.008086443	0.0011720607	0.01644186	0.0010417105	0.04350027	0.009083795	0.0016756766	0.014859948	0.018901834	0.06726917	0.043962702	0.001543086	0.5086971	0.008242909
SRR5047044	4	tooth	0.43360576	0.024141187	0.0026945395	0.0063474406	0.037093967	0.0012328131	0.004311536	0.0033239115	0.002552632	0.014958176	0.007262863	0.035325363	0.010974537	0.0016554126	0.4144484	7.145488e-05
SRR5047045	4	tooth	0.23340413	0.00748672	6.091086e-05	0.0024656777	0.00772331	3.4268352e-05	1.3679771e-05	0.0009937368	0.00018597353	0.0006772694	8.6830565e-05	0.0030294135	0.0002526269	0.00024282324	0.7433426	6.481644e-08
SRR5047046	4	tooth	0.2612046	0.005924652	0.0003013622	0.0008826056	0.004901031	0.00012754164	0.00028979607	0.0038754893	0.000559396	0.0017924131	0.0013556989	0.009299952	0.0071566533	0.0005929533	0.7017257	1.0120896e-05
SRR5047047	4	tooth	0.25511906	0.0008477815	4.8644356e-06	0.0021375925	0.00035927154	6.975927e-06	4.116377e-07	0.0006911276	8.263857e-05	0.0003288166	2.7031414e-05	0.0001970287	3.3275872e-05	0.000109230714	0.74005485	1.8659433e-08
SRR5047048	4	tooth	0.3088701	0.008280044	2.7432696e-05	0.01208018	0.0022162828	3.3658427e-05	3.874017e-06	0.0006912384	0.00025429935	0.0019291872	0.00011881654	0.0009286941	0.000114257746	0.00024395723	0.66420794	1.6234985e-08
SRR5047049	4	tooth	0.14521538	0.0029221918	6.7404208e-06	0.005703138	0.00044757425	7.585139e-06	6.0989066e-07	0.00022018635	0.00018566671	0.0007096285	1.6826058e-05	0.00013572343	4.5165045e-05	5.7056935e-05	0.84432656	2.9021512e-09
SRR5047050	4	tooth	0.54225224	0.023249233	0.0028843544	0.00069575495	0.005961223	0.0006328413	0.0023508102	0.0068958546	0.0006045005	0.0062447498	0.004653408	0.037482753	0.037508704	0.0007167803	0.32301375	0.0048530544
SRR5047051	4	tooth	0.30311584	0.020046826	0.0098582	0.0012593373	0.013311607	0.0012166258	0.04587583	0.0068138666	0.001635439	0.014656578	0.021075172	0.032175697	0.037001234	0.0012967861	0.4777882	0.012872761
SRR5047052	4	tooth	0.10167708	0.025888272	0.008784442	0.0016221653	0.020912742	0.0011630817	0.088379644	0.030479867	0.0025478213	0.015385693	0.022493334	0.091720514	0.07980901	0.0027927363	0.49316132	0.013182266
SRR5047053	4	tooth	0.34824422	0.00507336	3.27781e-05	0.0029157028	0.004519776	2.484593e-05	1.8381324e-05	0.0019463651	0.00041198108	0.0008823145	0.00027049385	0.0048159584	0.00026486127	0.00047795475	0.63010085	1.3508769e-07
SRR5047054	4	tooth	0.2513494	0.023648879	0.0057857228	0.0052519	0.017017307	0.0012025522	0.031285327	0.01263195	0.009751759	0.020389473	0.04455199	0.09780853	0.015700875	0.004798561	0.45098716	0.007838622
SRR5047055	4	tooth	0.15640451	0.04622369	0.029564982	0.0027319568	0.027860478	0.0032437637	0.258907	0.0076721087	0.003336657	0.035433665	0.044007596	0.17207445	0.08027219	0.0021641213	0.095117256	0.03498557
SRR5047056	4	tooth	0.14635353	0.021233223	0.0061537027	0.0010673769	0.015924117	0.0008207524	0.06353648	0.020631514	0.0017401136	0.01084468	0.016452575	0.04720727	0.09809179	0.0020033983	0.5383874	0.009552039
SRR5047057	4	tooth	0.71441567	0.0053958935	0.00011960224	0.0036211496	0.006777899	7.948104e-05	7.1004244e-05	0.001122621	0.0004907975	0.00241359	0.000544451	0.0024994898	0.00092494336	0.00038855843	0.2611346	2.4244216e-07
SRR5047058	4	tooth	0.21971339	0.005700196	1.2007174e-05	0.01671735	0.0021086861	1.6850536e-05	2.0907032e-06	0.0013141594	0.00026641446	0.0013152022	4.0479765e-05	0.00069470535	5.835314e-05	0.00023968874	0.7518004	7.008288e-09
SRR5047059	4	tooth	0.1369829	0.011012176	3.385643e-05	0.034706883	0.0010918843	3.2380653e-05	4.1268886e-06	0.0007161982	0.001814053	0.0028521083	6.83256e-05	0.00083409593	0.00020904739	0.0003365235	0.8093054	2.1714685e-08
SRR5047060	4	tooth	0.11201174	0.011454182	0.00042689254	0.0032480191	0.004286104	0.00018432633	0.00017267666	0.0009347971	0.0019976094	0.0045482083	0.00086314173	0.007261642	0.0006786085	0.00053262536	0.8513718	2.7598424e-05
SRR5047061	4	tooth	0.2399107	0.0033577855	1.3584749e-05	0.010100579	0.0014384569	1.4646832e-05	9.280656e-07	0.0005634933	0.00012862752	0.0007656599	3.159628e-05	8.948456e-05	0.00010243023	0.00012409128	0.7433579	2.6000764e-09
SRR5047062	4	tooth	0.111957274	0.003500176	0.00013549965	0.0004231956	0.0028975469	6.7606496e-05	8.7281165e-05	0.0016182502	0.00032430765	0.0010819598	0.0005005063	0.004588748	0.0013089214	0.00028148323	0.87122244	4.830051e-06
SRR5047063	4	tooth	5.5494273e-18	0.9254052	1.0979839e-10	1.2894027e-13	2.0725217e-14	8.7848864e-17	6.6764834e-19	2.5772738e-14	4.469945e-14	2.042824e-13	8.342949e-17	5.2976557e-17	5.810963e-17	2.8337623e-14	0.0745948	3.3731058e-21
SRR5047064	4	tooth	0.26185152	0.035815027	0.023655914	0.0075705466	0.009975681	0.001333649	0.00555932	0.015547533	0.0019311055	0.016508104	0.07470232	0.31301835	0.15169747	0.002789293	0.076395184	0.0016489667
SRR5047065	4	tooth	0.42531452	0.004106538	1.1807396e-05	0.004201308	0.007467892	1.4180285e-05	2.57694e-06	0.00080427196	0.000117919684	0.00067731796	3.3444227e-05	0.0023945745	0.000106053616	0.0002114537	0.5545361	1.2938365e-08
SRR5047066	4	tooth	0.31923243	0.01568069	0.0059935995	0.0011098041	0.010198455	0.00086983136	0.02165891	0.0069496143	0.0017035541	0.010758461	0.012455998	0.024864325	0.038631868	0.0013703806	0.523798	0.004724097
SRR5047067	4	tooth	0.2773877	0.024903461	2.8154713e-05	0.019302782	0.0033538535	2.9184655e-05	3.1669795e-06	0.0012132211	0.00063044165	0.0032493675	4.9595146e-05	0.0017309644	0.0003069249	0.00026684353	0.6675443	3.5489442e-09
SRR5047068	4	tooth	0.25038612	0.010296626	2.0480247e-05	0.015502046	0.003281242	2.08277e-05	1.7619657e-06	0.001052339	0.00028503512	0.0018702771	4.061745e-05	0.0008331207	0.00018707571	0.00022759716	0.71599483	6.1958962e-09
SRR5047069	4	tooth	0.023190483	0.0002873475	2.539264e-06	0.0002066909	0.00015007891	2.0101388e-06	8.726812e-07	0.00010398248	6.725375e-05	0.00010971269	1.2742428e-05	0.0004850808	8.555921e-06	0.00012135127	0.9752506	7.2640074e-07
SRR5047070	4	tooth	0.622653	0.020692382	5.9054306e-05	0.024534792	0.0029621832	5.5630662e-05	4.452414e-06	0.00074311084	0.00067026296	0.00392304	8.4110565e-05	0.0006037826	0.00039553602	0.00022853396	0.32239014	5.547832e-09
SRR5047071	4	tooth	0.19491722	0.001992399	6.231551e-06	0.0042566154	0.0011334422	8.125055e-06	1.158242e-06	0.000811854	8.1055725e-05	0.00054314686	2.9660017e-05	0.00023792966	8.9948226e-05	0.00012377823	0.7957674	3.7450962e-09
SRR5047072	4	tooth	0.1983288	0.0040810974	1.740102e-05	0.00066423643	0.00018394843	4.0662686e-05	7.484436e-07	0.00051128725	2.7587806e-05	0.0005247204	3.7067606e-05	0.00016896935	0.0005895333	3.101616e-05	0.7947928	1.7673277e-07
SRR5047073	4	tooth	0.02544128	0.0019093008	4.994038e-06	0.004137901	0.00029636166	4.730814e-06	4.5625805e-07	0.00016841016	0.0002708768	0.0004105358	1.3265133e-05	9.518365e-05	6.7227236e-05	5.1752824e-05	0.96712774	2.4233524e-09
SRR5047074	4	tooth	0.26409364	0.02042287	0.00498975	0.0009992487	0.0054643154	0.000993083	0.009800317	0.007389133	0.00093838223	0.009160447	0.0151315	0.02738733	0.12028697	0.0010811532	0.50916904	0.0026928503
SRR5047075	4	tooth	0.23554507	0.016877102	0.0008446594	0.0058861845	0.0071395123	0.00024498432	0.0005354086	0.0014614773	0.0017867177	0.0070057088	0.0017880659	0.0104645	0.0029394745	0.0009475085	0.70649916	3.4482848e-05
SRR5047076	4	tooth	0.05724898	0.028256366	0.0059766388	0.0011586027	0.013064285	0.0007996915	0.02348343	0.015263398	0.0022438052	0.0140882535	0.025611214	0.16401516	0.06358548	0.0023019975	0.5783561	0.0045466097
SRR5047077	4	tooth	0.37351298	0.00904421	0.0002848888	0.005185776	0.010848417	0.00019050554	0.00022670707	0.0011407363	0.00075574586	0.0037772122	0.00078041974	0.015547563	0.001556836	0.00059089984	0.5765545	2.6444839e-06
SRR5047078	4	tooth	0.04956556	0.030202968	0.008916324	0.0018746303	0.014921555	0.0008991226	0.084961824	0.01889133	0.0025319797	0.018832546	0.04066924	0.16187401	0.08273277	0.0035233956	0.46918014	0.010422611
SRR5047079	4	tooth	0.096343435	0.002107772	5.4123702e-06	0.004909449	0.00046845403	6.536329e-06	3.4113742e-07	0.00018117772	0.00014923788	0.0005515859	1.0187845e-05	7.043009e-05	3.6815647e-05	4.7343256e-05	0.8951118	3.2928629e-09
SRR5047080	4	tooth	0.2611965	0.030759286	0.008044795	0.0027386264	0.025345	0.0013867721	0.038052816	0.008683034	0.002196939	0.020955376	0.017568674	0.06696323	0.045433093	0.0023429203	0.46444455	0.0038883865
SRR5047081	4	tooth	0.066600844	0.0032023543	1.7267176e-06	0.0017128875	0.00020221321	2.298274e-06	1.1175766e-07	0.00044857766	6.832952e-05	0.00030098215	4.4712015e-06	9.278589e-05	0.00012285984	5.24888e-05	0.9271871	2.9684533e-10
SRR5047082	4	tooth	0.17114718	0.021237366	0.006198134	0.0011848491	0.011827599	0.0007591471	0.024502175	0.007302958	0.002517693	0.013581195	0.015426404	0.39746505	0.036708456	0.0027109159	0.27318707	0.014243803
SRR5047083	4	tooth	0.23814207	0.0055237557	0.00038857586	0.0020787497	0.008746111	0.000215222	0.00041464443	0.0011385975	0.0004162841	0.002744822	0.0008910632	0.0036383197	0.002259424	0.000362344	0.7330342	5.8116816e-06
SRR5047084	4	tooth	0.13789369	0.047089826	0.020527693	0.0021276658	0.019120261	0.0025061085	0.15280646	0.008469745	0.0027907586	0.034599576	0.03546119	0.17107783	0.073837265	0.0021046642	0.26213413	0.027453132
SRR5047085	4	tooth	0.19740558	0.007887508	0.00019072347	0.0033306235	0.0061992314	0.00013823333	0.000108623535	0.001364833	0.0007095375	0.0031483462	0.0008504867	0.004383496	0.0010481016	0.0003758045	0.77285796	8.8386605e-07
SRR5047086	4	tooth	0.4355762	0.032399964	0.016203837	0.0017645127	0.01980639	0.0019158403	0.107294045	0.009383258	0.0026689654	0.023274112	0.028718483	0.06290194	0.06773746	0.0023009754	0.17025802	0.017796014
SRR5047087	4	tooth	0.09100019	0.02011175	0.0035494994	0.0013623774	0.012025704	0.00052249356	0.021859983	0.043202247	0.0022537995	0.009197382	0.020717401	0.11952508	0.07670791	0.0034203446	0.5690209	0.0055228802
SRR5047088	4	tooth	0.0733179	0.0023774423	3.1223549e-06	0.0019089446	0.00033813232	2.1423393e-06	1.0957209e-07	0.00043248653	0.00012791887	0.0006803526	5.0004514e-06	0.00021349402	3.249854e-05	0.00010407476	0.92045635	1.9005937e-09
SRR5047089	4	tooth	0.2774459	0.0010848297	1.4875742e-06	0.001790449	0.00025148733	2.4461915e-06	1.16962234e-07	0.0002311022	5.7797955e-05	0.00023618252	3.7321126e-06	4.0270977e-05	1.695932e-05	4.5690274e-05	0.71879154	1.2487781e-09
SRR5047090	4	tooth	0.1490482	0.005300348	4.377017e-06	0.0070643923	0.002502633	5.922559e-06	3.3853757e-07	0.0010092307	0.000113935144	0.0005760694	1.7752458e-05	0.00073442317	3.5110974e-05	0.00015106991	0.8334362	1.3018636e-09
SRR5047091	4	tooth	0.116456404	0.002779512	8.407059e-06	0.013533479	0.0015754085	1.1402465e-05	1.3049264e-06	0.0008076356	0.00013654055	0.00084390544	3.0958487e-05	0.0003075956	0.0001367229	0.00012963757	0.8632411	2.7110645e-09
SRR5047092	4	tooth	0.005420325	0.039840464	0.031777788	0.39752007	0.09918803	0.0029389074	0.036173467	0.03537819	0.113476634	0.010461352	0.018069861	0.0077758804	0.047037035	0.0036197577	0.14763407	0.0036881834
SRR5047093	4	tooth	0.282892	0.013332059	0.00013629784	0.026859911	0.008861396	0.00015605999	8.723295e-05	0.003709849	0.001620251	0.004338054	0.00064625667	0.0051265727	0.0003831785	0.00084896426	0.6510014	4.9548777e-07
SRR5047094	4	tooth	0.14886582	0.0033807887	1.2446695e-05	0.006111257	0.0029173028	1.577107e-05	2.5026013e-06	0.00075337035	0.0001460866	0.000896227	2.8442173e-05	0.0008702499	5.541554e-05	0.00015552992	0.8357888	1.01962305e-08
SRR5047095	4	tooth	0.1818735	0.016465498	0.00233738	0.0007802317	0.008279343	0.0004137923	0.00828071	0.016120585	0.0012960301	0.006332785	0.0057369764	0.040876657	0.019896049	0.0016368402	0.6879867	0.0016869195
SRR5047096	4	tooth	0.57089263	0.018516151	0.0016180874	0.00093888195	0.00083493174	0.0006281182	0.00014316892	0.0016159744	0.0003575316	0.0048456565	0.0028921561	0.009537203	0.016444147	0.0003944608	0.37012023	0.00022065698
SRR5047097	4	tooth	0.45605904	0.015049652	0.0001304561	0.022458274	0.0075461743	0.00014166211	5.5442393e-05	0.0028554103	0.001374651	0.003771057	0.00085300213	0.0022985365	0.0004986431	0.00063888886	0.48626894	1.7832441e-07
SRR5047098	4	tooth	0.12766242	0.001884537	2.5098357e-06	0.0034013013	0.0003102596	4.1602893e-06	1.857674e-07	0.00056206365	0.000100225254	0.00039483406	1.5918427e-05	0.00013953586	9.091263e-05	9.124619e-05	0.8653399	4.485302e-09
SRR5047099	4	tooth	0.47339338	0.02404917	0.0036460238	0.0005879815	0.0016568823	0.0009701321	0.003984473	0.004237255	0.0006119077	0.011214115	0.008566179	0.02201874	0.028866794	0.0007838999	0.40071684	0.014696232
SRR5047100	4	tooth	0.11454413	0.009066927	0.00067264156	0.0007553818	0.016874298	0.0001906318	0.001118456	0.0050404747	0.00082851003	0.003178374	0.0022018927	0.062229108	0.012042721	0.00097092456	0.77017176	0.00011377198
SRR5047101	4	tooth	0.25535956	0.04699145	0.015607722	0.016692627	0.03200634	0.0030059174	0.07432052	0.022491796	0.015269865	0.026479777	0.02145654	0.2114484	0.04200455	0.0029323157	0.2033747	0.010557918
SRR5047102	4	tooth	0.2167465	0.028956342	0.012808852	0.0018953389	0.020424558	0.0015034468	0.08942023	0.010626382	0.0029392622	0.020765174	0.03705158	0.073472254	0.05446362	0.002617779	0.4153717	0.0109370025
SRR5047103	4	tooth	0.15864374	0.046493623	0.026007758	0.0027363508	0.022684218	0.0029285324	0.23356272	0.009415988	0.0031644285	0.03444526	0.04459033	0.19090027	0.08519174	0.0023440055	0.10761776	0.029273277
SRR5047104	4	tooth	0.026881844	0.05806673	0.0022327285	0.00039293632	0.0021274271	0.00011005078	0.00078065775	0.0010905563	0.00034769223	0.0015926565	0.002082788	0.0029057267	0.001591713	0.00035094767	0.89938277	6.279241e-05
SRR5047105	4	tooth	0.26973256	0.015521501	0.0010349101	0.0003710784	0.0009722262	0.00023846832	0.00076155935	0.0035047678	0.0003537038	0.003647742	0.002947428	0.00963174	0.00789453	0.00047419334	0.68253744	0.00037613272
SRR5047106	4	tooth	0.45553297	0.0024843642	8.7057815e-06	0.00519831	0.0025199524	1.053544e-05	2.2813515e-06	0.0009457477	0.00010434905	0.0005676961	3.114375e-05	0.0005829351	0.00014272537	0.000159791	0.5317085	5.9086713e-09
SRR5047107	4	tooth	0.030630605	0.07048609	0.006317516	0.0003840386	0.007496794	0.00022060971	0.008646448	0.0046496796	0.0010190926	0.0038418286	0.007896348	0.012565135	0.015860584	0.0009926826	0.827226	0.0017665694
SRR5047108	4	tooth	0.03228313	0.012437213	3.897282e-06	0.001552491	0.00015375136	3.4519112e-06	1.031325e-07	9.656247e-05	5.838316e-05	0.00038584945	7.5728003e-06	2.6159794e-05	1.3917718e-05	3.3845747e-05	0.9529437	8.4457286e-10
SRR5047109	4	tooth	0.2051896	0.005676161	1.3612077e-05	0.0077114305	0.00057505356	1.473892e-05	7.774897e-07	0.00040370884	0.0006772281	0.0012483365	1.6261336e-05	0.00017127309	0.000105809515	0.00010721931	0.7780888	3.5738315e-09
SRR5047110	4	tooth	0.3379497	0.020720642	0.0020107017	0.0006454953	0.0030694408	0.0004717907	0.003907578	0.008813047	0.0010595622	0.008504612	0.0083378665	0.031662483	0.02662407	0.0014748708	0.54362047	0.0011276642
SRR5047111	4	tooth	8.0171285e-06	0.93727314	0.011049422	1.4075894e-05	9.762508e-05	2.1769451e-06	0.00015214254	0.0003267798	2.6954445e-05	0.0014733644	0.0007121289	7.383148e-05	4.5398163e-05	0.00013428037	0.04857177	3.8889262e-05
SRR5047112	4	tooth	0.15807863	0.04689203	0.028671207	0.0027006234	0.027306966	0.0032437572	0.24650456	0.007641652	0.0032921485	0.035624534	0.0423402	0.17352472	0.080095895	0.002135733	0.10691492	0.03503242
SRR5047113	4	tooth	0.0702543	0.016349692	5.301232e-06	0.0031972206	0.0005885414	3.9453107e-06	3.0925608e-07	0.0010329857	6.330943e-05	0.00064660254	1.8572542e-05	0.00014223934	4.9551167e-05	0.0001253709	0.907522	5.596761e-10
SRR5047114	4	tooth	0.29873773	0.016541628	0.0028754466	0.0009795538	0.014685085	0.00045722938	0.006807951	0.01685297	0.001858513	0.006972554	0.012607135	0.058508907	0.023677528	0.0016644929	0.5358294	0.0009438481
SRR5047115	4	tooth	0.47467485	0.015818192	3.9669572e-05	0.054711	0.005380064	5.41511e-05	6.622218e-06	0.0019711824	0.00042318692	0.0039363783	0.00014777033	0.001390036	0.00022976968	0.00047983733	0.44073728	7.887986e-09
SRR5047116	4	tooth	0.09274015	0.003803944	7.3845304e-06	0.005448915	0.00076669734	8.089867e-06	5.4639463e-07	0.0006640765	0.00015361088	0.00064299424	1.1180955e-05	0.00023748106	0.0001469761	7.923554e-05	0.8952887	1.7070994e-09
SRR5047117	4	tooth	0.20433246	0.014397399	0.0038932522	0.0006652497	0.009550495	0.00050739245	0.009666742	0.0070335297	0.0017883194	0.00790129	0.012545394	0.05708473	0.02439759	0.0014435382	0.6400767	0.0047158934
SRR5047118	4	tooth	0.13644724	0.024171073	8.0800855e-05	0.029049555	0.0030420914	6.734972e-05	9.587195e-06	0.0007494337	0.0010460562	0.0047568055	4.4502776e-05	0.0010300642	0.0006414049	0.00019274635	0.7986713	8.050231e-09
SRR5047119	4	tooth	0.085384965	0.0061310097	2.9091145e-05	0.0142483	0.005206711	3.9480517e-05	2.413475e-05	0.00073050783	0.00031821287	0.0017396921	0.0001206057	0.0015957078	0.00018614353	0.00037146278	0.88387394	3.712701e-08
SRR5047120	4	tooth	0.076054685	0.018169077	0.0035145634	0.0010419055	0.014638828	0.0005419144	0.02475834	0.027711146	0.0017072718	0.008061868	0.009504386	0.0989734	0.054539386	0.0021665676	0.65538883	0.0032278434
SRR5047121	4	tooth	0.06520059	0.0030543052	2.3405676e-06	0.0020648774	6.4887616e-05	3.929205e-06	2.4609603e-08	0.00017595993	5.175214e-05	0.00027540483	4.881948e-06	4.763478e-05	6.258025e-05	2.7563747e-05	0.92896324	5.595648e-10
SRR5047122	4	tooth	0.27288243	0.008669966	1.5467507e-05	0.007903272	0.0013445414	1.1665877e-05	1.8410689e-06	0.0003700377	0.00015120707	0.0013007879	1.8984761e-05	0.00011948115	4.304775e-05	0.000116046576	0.7070512	2.5601812e-09
SRR5047123	4	tooth	0.10871363	0.009227893	1.4522186e-05	0.015726062	0.00065482955	1.61708e-05	1.2346957e-06	0.0005517506	0.0014236819	0.0014157029	3.108204e-05	0.00019425622	0.00015313539	0.00017822618	0.8616978	5.9888263e-09
SRR5047124	4	tooth	0.015262578	0.03603026	4.754336e-05	0.22288759	0.0039027818	2.7713884e-05	1.9461254e-06	0.00094532955	0.0017134434	0.0045120167	3.967297e-05	0.00015214246	0.00036380938	0.00024433722	0.71386886	3.0624137e-09
SRR5047125	4	tooth	1.5526797e-24	0.97751963	5.2417168e-11	2.361697e-18	6.555083e-19	1.1553772e-21	1.0894566e-23	1.6549748e-18	1.8163664e-18	9.918157e-19	1.656268e-20	5.2590234e-22	1.4178018e-22	4.874836e-18	0.022480365	6.136081e-25
SRR5047126	4	tooth	0.20670596	0.026066951	0.008784482	0.0015148108	0.014110736	0.001043935	0.056128554	0.0169177	0.0020733397	0.015359163	0.024695668	0.089349836	0.052119453	0.0022075048	0.47053027	0.012391631
SRR5047127	4	tooth	1.7778079e-07	0.17237012	1.0043053e-06	2.876534e-06	1.2670124e-07	2.0872044e-09	1.6235681e-10	5.9598364e-07	3.709702e-07	9.193432e-07	3.1163136e-08	2.269126e-08	2.020802e-08	2.9977951e-07	0.8276234	2.0548136e-13
SRR5047128	4	tooth	0.031050848	0.0023132653	4.0331083e-06	0.85004985	0.0010710701	1.4642599e-05	5.1383284e-07	0.0011550462	0.005671225	0.00057728327	8.673688e-06	0.00020249299	4.410011e-06	7.1203605e-05	0.107805416	1.0717608e-09
SRR5047129	4	tooth	0.020855686	0.017697755	0.0001809312	0.64157844	0.028492238	0.00012664693	4.4973196e-05	0.007100681	0.019406678	0.0036274386	0.0006034589	0.0033730753	0.0005323633	0.0010468753	0.2553327	5.7787513e-08
SRR5047130	4	tooth	0.41501442	0.04907565	0.011556794	0.0018421722	0.005849141	0.0020545104	0.04059332	0.009607983	0.0014595861	0.024725452	0.029825138	0.10158846	0.07588729	0.001464537	0.21899207	0.010463467
SRR5047131	4	tooth	0.29864776	0.027277581	0.0023240715	0.0004311153	0.0006163781	0.0010233069	0.0012643016	0.0027253681	0.00040168877	0.008040902	0.004604166	0.007969155	0.063014425	0.00046996356	0.57136685	0.009822979
SRR5047132	4	tooth	0.3772083	0.024014533	0.00050800375	0.015130124	0.01928769	0.00031948506	0.0002668355	0.0023018934	0.0014968888	0.0075068674	0.0011142314	0.011051479	0.0014231642	0.00085032213	0.5375189	1.2319019e-06
SRR5047133	4	tooth	0.33135363	0.011243671	0.0024160377	0.0013875077	0.012923992	0.00048680426	0.005692463	0.0046826005	0.0015019974	0.0074307597	0.0087696975	0.015976654	0.02610641	0.0012946551	0.56830823	0.00042485222
SRR5047134	4	tooth	0.37492982	0.01598046	0.005621805	0.0010384158	0.014052513	0.0007420898	0.023408256	0.007811793	0.0015195396	0.00938362	0.014229731	0.035508405	0.016360333	0.0013531329	0.4736182	0.0044418797
SRR5047135	4	tooth	0.40968475	0.011148885	0.00050030486	0.0010309725	0.0014064355	0.00022371735	9.785066e-05	0.0024513833	0.00058587303	0.0031146614	0.0016327887	0.008823965	0.010839011	0.0010247154	0.54739463	4.0053885e-05
SRR5047136	4	tooth	0.012607552	0.05731771	0.019205121	0.296437	0.045092564	0.002963871	0.024743853	0.025833592	0.09847391	0.01085032	0.021222387	0.006907956	0.04164005	0.0027923218	0.33121845	0.00269336
SRR5047137	4	tooth	0.3674796	0.003877122	9.096182e-05	0.0023014713	0.004394234	7.175595e-05	7.2418145e-05	0.0015337089	0.0002682195	0.0013393342	0.0002466252	0.0018320871	0.0004553661	0.00024732683	0.61578935	3.9512574e-07
SRR5047138	4	tooth	0.4982822	0.013575703	3.1979253e-05	0.0206857	0.0019469004	2.9508989e-05	3.2781709e-06	0.0007400827	0.00039506017	0.0024185956	4.465855e-05	0.0003871646	0.00014422725	0.00015380817	0.46116114	4.0315338e-09
SRR5047139	4	tooth	0.267182	0.043609012	0.025085574	0.002590617	0.0264171	0.002961352	0.15259935	0.010055792	0.0030365002	0.030600084	0.037232477	0.11362293	0.09905446	0.0023919388	0.15477	0.028790796
SRR5047140	4	tooth	0.19307394	0.010133088	0.00026197522	0.0020751634	0.028259337	0.00011763457	0.00029737523	0.0054106554	0.0010283483	0.003049846	0.001732054	0.102482826	0.004838279	0.001196075	0.64603615	7.26454e-06
SRR5047141	4	tooth	0.21627316	0.004923229	3.0814208e-05	0.0047317976	0.0045327605	3.2931097e-05	1.87325e-05	0.0015370932	0.00025639893	0.0013269581	0.00011641344	0.0020767099	0.0002612665	0.00028830126	0.7635934	4.7745843e-08
SRR5047142	4	tooth	0.3222102	0.015531334	0.0002073843	0.0006735974	0.00059643295	0.0002248623	4.4639382e-05	0.0040855804	0.00016677337	0.002479208	0.0005628677	0.00259885	0.008846795	0.00023528341	0.641523	1.3202998e-05
SRR5047143	4	tooth	0.25500998	0.029995162	0.008309557	0.0009278161	0.002797857	0.0012123074	0.0068296054	0.008284589	0.0007410884	0.01223522	0.020658435	0.05013258	0.13080141	0.00108037	0.46744514	0.003538924
SRR5047144	4	tooth	1.7095314e-15	0.024796478	2.4616066e-08	1.630716e-11	1.4753216e-11	3.7890253e-15	2.2682057e-16	3.2350858e-11	1.5251435e-12	1.3284418e-11	8.443065e-15	2.0679234e-14	7.668224e-15	1.2146403e-11	0.9752035	4.670956e-18
SRR5047145	4	tooth	0.26738447	0.030274669	0.015854254	0.0018968678	0.016729642	0.0018456603	0.07958046	0.0069198473	0.0024886013	0.025293397	0.040541884	0.07238432	0.05207285	0.001868591	0.3667816	0.018082885
SRR5047146	4	tooth	0.14410275	0.011304221	2.105264e-05	0.017669328	0.0020196086	2.7351107e-05	2.0320433e-06	0.001086749	0.00030603065	0.0019742409	4.3179938e-05	0.001119051	0.00024248369	0.00017076122	0.8199111	2.8857567e-09
SRR5047147	4	tooth	0.16625428	0.012792885	0.0020233945	0.0013078357	0.022337243	0.00055226585	0.008099712	0.0070309187	0.001881759	0.0071216654	0.0060974513	0.047713686	0.042113155	0.0016791346	0.6726362	0.0003583775
SRR5047148	4	tooth	0.22993529	0.020906255	0.006829719	0.0014494061	0.022117073	0.000883907	0.040177215	0.0106983585	0.0018046445	0.012934526	0.017263053	0.049995277	0.049181715	0.001768429	0.5247852	0.009269934
SRR5047149	4	tooth	0.5096799	0.013327081	0.0032867782	0.0015010544	0.02163868	0.00081438135	0.008839875	0.002510144	0.0019067794	0.008775519	0.0060653645	0.022418758	0.012380131	0.0011738924	0.38529968	0.0003819705
SRR5047150	4	tooth	0.19449715	0.048187185	0.008045104	0.0009280551	0.004336239	0.0017236782	0.008008067	0.00885617	0.0010017568	0.014998761	0.014861037	0.057610136	0.1828856	0.0012381994	0.440857	0.011965855
SRR5047151	4	tooth	0.18014301	0.008071835	1.1140451e-05	0.007530303	0.00036931538	1.6796443e-05	3.4105173e-07	0.000653092	9.0326306e-05	0.0008670765	1.2772964e-05	0.0002937482	0.00018564002	7.569782e-05	0.8016789	2.159946e-09
SRR5047152	4	tooth	0.26962572	0.0059701917	3.4940145e-05	0.009440877	0.00024098052	2.4405479e-05	3.2644095e-07	0.00018870733	0.00028079707	0.0013584776	2.6527152e-05	7.983894e-05	0.00015693557	5.9735044e-05	0.71251154	4.479702e-09
SRR5047153	4	tooth	0.25710577	0.006107521	9.512658e-06	0.007644496	0.00088082394	1.1753072e-05	1.3808362e-06	0.0006261273	0.0003027376	0.0012885965	2.0180967e-05	0.00031451296	9.528223e-05	0.00018596082	0.72540534	5.736657e-09
SRR5047154	4	tooth	1.1069654e-09	0.22245502	7.438894e-07	6.165799e-08	2.475287e-09	3.8194344e-11	1.7052466e-12	1.3949058e-08	6.978146e-09	1.4530162e-08	8.444014e-10	3.0452071e-10	3.600084e-11	1.3566453e-08	0.77754414	2.108435e-14
SRR5047155	4	tooth	0.17408364	0.0032183079	7.227275e-06	0.014949917	0.000797488	1.1281188e-05	4.3334407e-07	0.00094566133	0.00052760943	0.0008209818	1.810443e-05	5.8497422e-05	6.330231e-05	0.00014945396	0.8043481	1.9818243e-09
SRR5047156	4	tooth	0.69640684	0.020130027	0.0019450239	0.0015656954	0.017032623	0.00049093796	0.004796373	0.004864957	0.0019208152	0.008451826	0.0054899384	0.09692104	0.015469438	0.0016678739	0.12257027	0.0002763095
SRR5047157	4	tooth	0.21615916	0.030447675	0.011855413	0.0016837396	0.019268531	0.0014538876	0.08998444	0.017167492	0.0021635073	0.018336575	0.021315921	0.08785887	0.058932655	0.0024096938	0.4055769	0.015385506
SRR5047158	4	tooth	0.11760412	0.024082653	0.011202563	0.0014854282	0.021029228	0.001497179	0.15755577	0.013930666	0.0026563536	0.016694969	0.026249435	0.035541903	0.100283556	0.0019093505	0.4533483	0.0149285095
SRR5047159	4	tooth	3.2177438e-06	0.9706755	0.00027279923	1.8010684e-06	1.4668765e-05	2.9501714e-07	1.8473849e-06	2.661412e-05	2.930401e-06	0.00018171601	7.26407e-06	1.662274e-05	4.0191376e-06	4.210248e-06	0.028786262	1.9174156e-07
SRR5047160	4	tooth	0.055218004	0.046707295	0.018135708	0.10863387	0.07408507	0.0032523645	0.04183593	0.027436825	0.071160145	0.016691508	0.029292561	0.022198115	0.017092468	0.004110105	0.4579203	0.0062297382
SRR5047161	4	tooth	0.41393286	0.0026676108	9.8661905e-05	0.0027180156	0.0039736507	6.909685e-05	7.787273e-05	0.0011381858	0.00022706784	0.0015294846	0.00034933264	0.0015860312	0.0011420328	0.00030931452	0.57018006	7.4628474e-07
SRR5047162	4	tooth	0.07230708	0.0013231671	2.9505538e-06	0.0015955048	0.00059390895	3.1116094e-06	1.9858273e-07	0.0006989304	4.340387e-05	0.00019370293	1.17032405e-05	0.00010588679	4.127499e-05	7.1189184e-05	0.92300797	1.6779029e-09
SRR5047163	4	tooth	0.61780727	0.00400702	0.00018087002	0.0013265056	0.0041856775	8.678077e-05	0.00014361861	0.0011453192	0.00044630087	0.002532735	0.0006422803	0.0029440492	0.0015170074	0.0002857828	0.3627475	1.2754364e-06
SRR5047164	4	tooth	0.13278934	0.016169738	0.0011563823	0.0068153082	0.015423733	0.0006395325	0.0013156831	0.003826181	0.0026379977	0.011002305	0.0019713503	0.020633638	0.0049389573	0.000980937	0.7796546	4.4280852e-05
SRR5047165	4	tooth	0.57506174	0.01482831	0.002092045	0.0026371528	0.015179946	0.00069745444	0.004512738	0.0025131707	0.0016299356	0.009528643	0.0054428126	0.022386713	0.010724613	0.0010763861	0.33159205	9.629787e-05
SRR5047166	4	tooth	0.23630773	0.026419837	0.0011203113	0.0103542395	0.020912591	0.0006042428	0.001015313	0.004056755	0.0021113066	0.011273146	0.003862925	0.01983066	0.004459643	0.0010887726	0.65657026	1.2272961e-05
SRR5047167	4	tooth	0.007966417	0.037752938	0.00072726933	0.00022682585	0.0011311072	5.5237426e-05	0.0003639874	0.000496004	0.00018157683	0.002927023	0.00079054554	0.0043191193	0.0010051474	0.0002075107	0.94182056	2.8741459e-05
SRR5047168	4	tooth	2.4767733e-05	0.020562438	2.32259e-06	6.7388435e-05	1.2023955e-05	6.146674e-08	4.831676e-09	5.0444205e-06	3.5340731e-06	1.627377e-05	1.2551769e-07	9.76771e-07	2.2955078e-07	3.360443e-06	0.97930145	6.081816e-11
SRR5047169	4	tooth	0.1283017	0.0108801415	0.00073876645	0.0013987231	0.02593751	0.00023608436	0.0015421034	0.009393321	0.0012520578	0.0047674384	0.003518351	0.06969481	0.016351927	0.0012699515	0.72461337	0.00010374758
SRR5047170	4	tooth	0.06938992	0.01783948	1.7132028e-05	0.004719033	0.0007968767	1.0422751e-05	6.6323577e-07	0.0004239752	8.746108e-05	0.00061251165	1.2230059e-05	0.00013923897	4.8098067e-05	7.378674e-05	0.9058292	2.1650748e-09
SRR5047171	4	tooth	0.29680157	0.009493598	0.003429382	0.00074789836	0.004392912	0.00046374468	0.017204525	0.009041758	0.0019397961	0.005968985	0.014219305	0.03705926	0.016433094	0.0017371099	0.5579344	0.023132673
SRR5047172	4	tooth	0.20131065	0.008828386	1.1496053e-05	0.006818036	0.002321067	1.2708711e-05	1.068656e-06	0.0011522784	0.00018412854	0.0010856022	5.6205357e-05	0.0006181545	0.00013594262	0.00018659812	0.77727765	2.8721685e-09
SRR5047173	4	tooth	0.104937114	0.015395065	0.0022068918	0.0011482115	0.017190184	0.00050911005	0.005356766	0.004132325	0.0012815498	0.00565082	0.007783302	0.017282022	0.012984742	0.0011911347	0.80256987	0.0003809088
SRR5047174	4	tooth	0.014562402	0.0673893	0.0058542425	0.0004629489	0.0046754526	0.00026240546	0.011861103	0.008347165	0.0010001458	0.0064492254	0.006680731	0.022068603	0.017849471	0.0013241085	0.8287189	0.0024937717
SRR5047175	4	tooth	0.11392936	0.03548283	0.019397283	0.0021562788	0.019005304	0.0024328108	0.40930265	0.007587272	0.0023513513	0.026222462	0.04437458	0.14086343	0.079048835	0.0018074142	0.06726751	0.028770616
SRR5047176	4	tooth	0.33707416	0.03886499	0.01073137	0.0050196145	0.03554306	0.0025519535	0.037835665	0.008065974	0.0036583452	0.024233153	0.020204654	0.08717051	0.03837187	0.002332277	0.34597507	0.00236733
SRR5047177	4	tooth	0.25908625	0.008262417	1.4715674e-05	0.00878962	0.0012398482	1.5475574e-05	2.1906055e-06	0.000597101	0.00029095772	0.0012979145	2.4755738e-05	0.00030842613	0.00013968677	0.000121415505	0.71980923	2.2840136e-09
SRR5047178	4	tooth	0.23941955	0.0018918533	1.40415505e-05	0.0025717814	0.0005178206	1.7342638e-05	1.8380114e-06	0.0002648303	6.693474e-05	0.00057966233	5.5120167e-05	0.0002558121	9.023814e-05	5.631793e-05	0.7541968	2.4024825e-08
SRR5047179	4	tooth	0.04283944	0.0063830945	5.363278e-06	0.0033243347	0.00046017737	6.1225146e-06	4.619264e-07	0.00034688323	0.00018423983	0.000588636	6.851753e-06	0.00015650413	0.00012315011	5.8116268e-05	0.94551665	7.1003825e-10
SRR5047180	4	tooth	8.203136e-07	0.10138563	4.101941e-06	3.9501315e-06	1.445637e-06	4.2979345e-09	3.0161987e-10	6.414824e-07	4.804237e-07	1.0661546e-06	4.183565e-09	3.8606995e-08	3.502439e-08	2.0744187e-07	0.8986016	7.330547e-13
SRR5047181	4	tooth	0.31729698	0.016807565	0.003986128	0.011675358	0.30841905	0.004998921	0.00017752207	0.09303847	0.0009772404	0.003978585	0.061940614	0.021864388	0.0077539203	0.018873664	0.12821072	8.569056e-07
SRR5047182	4	tooth	0.03329073	0.023288526	2.1894872e-05	0.005737588	0.00066434254	1.0207981e-05	8.334946e-07	0.00032704268	0.00024221741	0.0010736543	1.07872875e-05	0.00013346405	0.00011591551	8.054733e-05	0.93500227	1.2885951e-09
SRR5047183	4	tooth	0.05540965	0.03962888	4.567568e-05	0.051228512	0.0019537723	3.9811566e-05	6.5330646e-06	0.0028657597	0.0029618698	0.0056151203	7.1562186e-05	0.00434411	0.0005217071	0.00051222154	0.8347948	3.647565e-09
SRR5047184	4	tooth	0.033119112	0.00046140936	1.447918e-06	0.0008534119	6.374438e-05	1.4624843e-06	8.2777234e-08	4.3673535e-05	9.3056486e-05	0.00012236669	5.349506e-06	1.2118766e-05	1.6940448e-05	1.5360418e-05	0.9651905	1.8827009e-09
SRR5047185	4	tooth	0.1078498	0.005136241	1.4212405e-05	0.009587287	0.00234177	2.036178e-05	2.442489e-06	0.0010077549	0.00010372487	0.0010193172	2.8206847e-05	0.00085677084	9.7280914e-05	0.000121280624	0.87181354	6.255025e-09
SRR5047186	4	tooth	0.11434027	0.0047618747	1.0828721e-05	0.008991912	0.0017592217	1.364444e-05	2.4744384e-06	0.0017167017	0.00013534926	0.00097041304	5.207538e-05	0.0009571018	8.431028e-05	0.00018130643	0.8660225	4.9778617e-09
SRR5047187	4	tooth	0.6919619	0.0049924203	0.00015504254	0.004488615	0.008713406	0.00012788262	9.5479656e-05	0.0018319916	0.0005065391	0.0025981867	0.00050548493	0.003969269	0.0012209316	0.00051774015	0.27831414	1.003952e-06
SRR5047188	4	tooth	2.6040552e-14	0.8161552	1.0570381e-08	6.187448e-11	1.2248e-11	7.2668413e-14	6.7007395e-16	7.539723e-12	1.814252e-11	3.0412492e-11	7.056965e-14	1.6044384e-13	9.3753076e-14	6.4813983e-12	0.18384477	4.946625e-18
SRR5047189	4	tooth	0.21976167	0.004026712	1.0419766e-05	0.0014823796	0.00088671566	3.124793e-05	1.3122896e-06	0.00044696365	7.02761e-05	0.0007243127	3.2053147e-05	0.00043751806	0.00035538358	9.002379e-05	0.771643	3.8796955e-08
SRR5047190	4	tooth	0.09423893	0.0056656497	1.5148654e-05	0.0070610465	0.00044997953	1.4303164e-05	1.6990731e-06	0.00018898366	0.00084975886	0.0014860351	2.3922821e-05	0.0002555027	0.000116708085	0.00013827193	0.88949406	1.8671843e-08
SRR5047191	4	tooth	0.48150733	0.0058305855	1.8495424e-05	0.011052132	0.0029313073	2.9322766e-05	5.9015274e-06	0.0016434499	0.00028247427	0.0013058168	0.00011174617	0.00047656882	0.00018196025	0.00028685978	0.49433604	1.10226415e-08
SRR5047192	4	tooth	0.16098459	0.045855764	0.029503921	0.0027084064	0.027843412	0.0032361632	0.25622734	0.007831567	0.0032808902	0.0352099	0.044254985	0.16716072	0.07896336	0.0021327944	0.10041829	0.034387875
SRR5047193	4	tooth	0.5612412	0.0077639134	1.9464333e-05	0.006439734	0.0017591054	2.5264013e-05	3.7964649e-06	0.0020743194	0.00027346227	0.0018265616	0.000120697485	0.0013527857	0.00029405064	0.00035982142	0.41644582	5.1264695e-09
SRR5047194	4	tooth	2.323582e-15	0.6135584	7.7278886e-09	4.827944e-12	4.012355e-12	2.825757e-15	4.334733e-17	6.573209e-11	4.6368716e-12	6.011309e-13	2.976262e-14	1.7275049e-13	1.3104313e-14	5.9935694e-12	0.3864416	1.7197203e-18
SRR5047195	4	tooth	0.570704	0.008609416	4.5266377e-05	0.0320572	0.005505225	4.585837e-05	8.440976e-06	0.0010957516	0.0004338793	0.0024325487	0.00011734355	0.0016338166	0.00019554817	0.00033143527	0.37678427	1.2397183e-08
SRR5047196	4	tooth	0.5891813	0.019344896	0.010902157	0.0015032047	0.010556424	0.0010834483	0.029304286	0.006161023	0.0020155227	0.015583975	0.017668152	0.0536553	0.027224172	0.0016764445	0.20639479	0.007744897
SRR5047197	4	tooth	0.026657198	0.0056094257	1.6936701e-05	0.0068779457	0.00063869153	1.6297265e-05	2.8512077e-06	0.00018135879	0.00033217366	0.0012835304	2.6694132e-05	0.00022660205	0.00019446058	5.681111e-05	0.957879	2.1253181e-09
SRR5047198	4	tooth	0.36659473	0.011984739	0.00025947223	0.002700536	0.010100304	0.00015028604	0.00017378063	0.0015983727	0.0007118953	0.0036340156	0.0009747676	0.023928912	0.0021096384	0.0006155239	0.57446164	1.3569837e-06
SRR5047199	4	tooth	0.4311172	0.01917722	0.010376215	0.0013477929	0.010598056	0.0012857389	0.035956636	0.0053134	0.0014269815	0.01606727	0.024253875	0.021842603	0.032995943	0.0013530646	0.37702686	0.009861141
SRR5047200	4	tooth	0.00011984944	0.014535055	2.6316493e-06	8.603565e-05	1.7741439e-05	1.4491913e-07	7.2702258e-09	2.972109e-06	6.0467405e-06	2.403681e-05	1.2252028e-07	7.487772e-07	6.998064e-07	2.512624e-06	0.9852014	5.3432366e-11
SRR5047201	4	tooth	0.28093162	0.01021919	0.0017676097	0.0014967844	0.013921845	0.00033883995	0.0038094586	0.0047071357	0.0015061485	0.0059235943	0.0039490717	0.011749687	0.011043274	0.0010880559	0.6474542	9.346848e-05
SRR5047202	4	tooth	0.21892357	0.024208268	0.0040963097	0.00073121063	0.0050075133	0.00052943465	0.016330479	0.016658733	0.0013030882	0.011309481	0.015207366	0.042484947	0.07107573	0.0019019283	0.5620273	0.0082046585
SRR5047203	4	tooth	0.17087956	0.029382413	0.014015688	0.0017696068	0.01472144	0.0017242713	0.10097972	0.010670156	0.0023205034	0.021853263	0.03454486	0.06879313	0.049857583	0.0018208519	0.45919117	0.01747579
SRR5047204	4	tooth	0.18330143	0.019957557	0.009623405	0.0013115463	0.017132368	0.0010419626	0.056584727	0.008287724	0.0020062097	0.014786661	0.019985246	0.05610051	0.043261472	0.0019136897	0.5528462	0.01185929
SRR5332455	4	lake sediment	0.075832956	0.03953012	0.019621156	0.0048816376	0.10497316	0.0025125684	0.13339798	0.008024304	0.0053302944	0.028474344	0.019634372	0.2801308	0.16954817	0.0020933293	0.08313799	0.022876812
SRR5332456	4	lake sediment	0.10890362	0.03917948	0.023282953	0.0024367087	0.054169714	0.0025084722	0.12982872	0.0067640003	0.002954134	0.03126188	0.028287418	0.1920131	0.26007557	0.0019777438	0.087999426	0.028357077
SRR5332457	4	lake sediment	0.10903932	0.04536966	0.024417846	0.0037332515	0.057043016	0.0029962023	0.1290825	0.008040145	0.0042908923	0.032179266	0.029735291	0.18168025	0.23867254	0.0021964712	0.10363564	0.027887719
SRR5332458	4	lake sediment	0.10981298	0.039673652	0.02344414	0.0024860972	0.0579186	0.0024849048	0.13077277	0.0065493695	0.0029580994	0.030756855	0.028972436	0.18436685	0.25725886	0.0020097368	0.09151114	0.029023517
SRR5332459	4	lake sediment	0.081310764	0.032551322	0.018978052	0.0020458498	0.09007859	0.0019682257	0.13978903	0.006031106	0.0024887477	0.026459923	0.020718953	0.28198296	0.21157642	0.0019217458	0.059454963	0.022643352
SRR5332461	4	lake sediment	0.10885784	0.040141363	0.02408492	0.002504777	0.05097293	0.002610204	0.1336913	0.0066445693	0.0030006142	0.031011423	0.029086106	0.18233104	0.25912973	0.0020213989	0.09433844	0.029573357
SRR5332462	4	lake sediment	0.091133334	0.035437807	0.020749837	0.0022244838	0.06735119	0.002124183	0.18251479	0.0060376893	0.0027211695	0.02714309	0.022323394	0.20408988	0.23115352	0.0019626722	0.07616926	0.0268637
SRR5332463	4	lake sediment	0.10969154	0.04090894	0.025528101	0.0026096483	0.04474796	0.0027895216	0.14301246	0.0069221193	0.0030820842	0.032657847	0.032034826	0.14561205	0.2765372	0.0020504082	0.1009651	0.030850196
SRR5332464	4	lake sediment	0.103665665	0.04005768	0.02469953	0.002551532	0.047030687	0.0026843306	0.14323892	0.0066716583	0.0030249117	0.031621274	0.030702319	0.15664592	0.27775615	0.0020333258	0.097228	0.030388108
SRR5332466	4	lake sediment	0.078604884	0.035627056	0.020756403	0.002432209	0.05905594	0.0021517437	0.1894233	0.005836252	0.0028720307	0.02726304	0.02609091	0.22227512	0.21918228	0.0019917092	0.0789487	0.027488418
SRR866660	4	bone	0.16171518	0.014792019	0.0038052236	0.0012220012	0.11753853	0.00043557194	0.00021900052	0.2520358	0.0013434023	0.0024978388	0.025596134	0.21133174	0.006654147	0.018236272	0.18256353	1.3613104e-05
SRR866662	4	bone	0.03421822	0.007359155	0.00033237238	0.00031649304	0.028369624	3.294341e-05	0.0013232803	0.07099715	0.001350522	0.0018043085	0.0059921485	0.47950846	0.01567064	0.006833874	0.3455846	0.00030621813
SRR866663	4	bone	0.0021948034	0.0179792	0.00020440265	0.29843917	0.21416947	0.000108475506	0.0005114803	0.2219713	0.12013833	0.0013138533	0.0048363376	0.07876825	0.0005114764	0.007906201	0.03094677	4.6323854e-07
SRR866665	4	bone	0.19411907	0.020260943	2.822645e-05	0.020778818	0.022928115	2.0499245e-05	8.543099e-07	0.10436051	0.00072791014	0.0012795742	0.00057117804	0.049461346	0.00026681373	0.0067725903	0.57842356	1.8618433e-09
SRR866666	4	bone	0.016699782	0.006395268	0.0005272982	0.00039820268	0.016410606	4.9129456e-05	0.014742613	0.18357977	0.001105779	0.0024148636	0.012775171	0.66349584	0.009472977	0.0055720923	0.065765105	0.00059547427
SRR867031	4	bone	0.2488944	0.041261803	0.025473485	0.002564377	0.02521777	0.0028118175	0.17623208	0.008477452	0.003465541	0.032995354	0.048553053	0.12894067	0.067277476	0.002315343	0.15625596	0.029263418
SRR867032	4	bone	0.2789761	0.039646458	0.024229256	0.002464838	0.02332493	0.0026426006	0.16073996	0.008555309	0.0033556467	0.031823378	0.045812014	0.11890359	0.069640376	0.0023111228	0.15974289	0.027831497
SRR867033	4	bone	0.23190923	0.042581458	0.026533274	0.002604446	0.02537071	0.0028766464	0.20119108	0.008212032	0.003372865	0.034113772	0.048443526	0.14983946	0.0707667	0.0023123675	0.11934627	0.030526165
SRR867034	4	bone	0.26488402	0.04165938	0.026074518	0.002536141	0.024295675	0.0028539978	0.19628626	0.00810409	0.0032622048	0.033328537	0.045144267	0.14269818	0.070060484	0.0022169885	0.10618561	0.030409629
SRR867036	4	bone	0.121654645	0.037676435	0.023431461	0.0027383273	0.024202961	0.0027434302	0.16090359	0.009622681	0.0029467086	0.02904849	0.04546265	0.10043919	0.111883424	0.0021490855	0.3021842	0.02291274
SRR867037	4	bone	0.13973358	0.037455402	0.021420218	0.0024112198	0.026131896	0.0025650107	0.1547197	0.008708609	0.0030658778	0.028483221	0.043408714	0.11069383	0.06735261	0.0020108277	0.32805118	0.023788126
SRR867038	4	bone	0.14577328	0.044350475	0.028034145	0.002670875	0.027090713	0.0029594146	0.2045643	0.009438793	0.0033088422	0.034663714	0.046349958	0.14634001	0.08465812	0.0023073312	0.18671384	0.03077618
SRR867039	4	bone	0.1408137	0.041307878	0.023199629	0.002358739	0.024559356	0.0026669458	0.17140962	0.009469399	0.003065812	0.030278487	0.042970795	0.13676344	0.07394023	0.0021423479	0.26796868	0.027084937
