Run_accession	fold	y_true	p_Alouatta palliata	p_Ambrosia artemisiifolia	p_Arabidopsis thaliana	p_Bison priscus	p_Canis lupus	p_Conepatus chinga	p_Gerbilliscus boehmi	p_Gorilla beringei	p_Gorilla beringei beringei	p_Gorilla beringei graueri	p_Gorilla gorilla gorilla	p_Homo sapiens	p_Homo sapiens neanderthalensis	p_Lithobates pipiens	p_Mammuthus primigenius	p_Pan troglodytes ellioti	p_Pan troglodytes schweinfurthii	p_Pan troglodytes verus	p_Papio anubis	p_Papio hamadryas	p_Papio sp.	p_Rangifer tarandus	p_Strigocuscus celebensis	p_Ursus arctos
ERR3579671	0	Pan troglodytes verus	0.0	0.0021193498	0.005412289	0.035068262	0.006645178	0.0	0.0	0.020441461	0.03465945	0.043891776	0.059599772	0.7026401	0.0	0.0	0.020065565	0.0	0.0	0.0	0.0033333334	0.0	0.0	0.0428625	0.0	0.023260973
ERR3579672	0	Pan troglodytes verus	0.0	0.0	0.0018692211	0.027629668	0.006648246	0.0	0.0	0.023227861	0.0041029346	0.05044366	0.031052845	0.6530481	0.0	0.0	0.009686432	0.0	0.0	0.0	0.043296445	0.07642772	0.023288418	0.034031533	0.0	0.015246895
ERR3579673	0	Homo sapiens neanderthalensis	0.0	0.0	0.00046747102	0.026446426	0.0066455444	0.0	0.0	0.14961715	0.013328951	0.33029553	0.19860399	0.20401078	0.0	0.02	0.00659182	0.0	0.0	0.0	0.006666667	0.003319661	0.0	0.008180671	0.0	0.025825316
ERR3579674	0	Homo sapiens neanderthalensis	0.0	0.0	0.0032663057	0.011248798	0.0066455444	0.0	0.0	0.03500344	0.02997097	0.28989822	0.16039921	0.38632497	0.0	0.019990228	0.0032587263	0.0	0.0	0.0	0.0066596046	0.006598392	0.006645232	0.013173003	0.0	0.020917354
ERR3579675	0	Pan troglodytes schweinfurthii	0.0	0.0	0.0	0.006666667	0.016615527	0.0	0.0	0.016542522	0.0	0.01615268	0.003145927	0.79471177	0.0	0.0033012049	0.0	0.0	0.0	0.0	0.029957812	0.09642751	0.009973102	0.0065053124	0.0	0.0
ERR3579676	0	Gorilla beringei graueri	0.0	0.004210895	0.016557463	0.027008211	0.0	0.0	0.0	0.0678144	0.0064652353	0.36210284	0.12630394	0.2117517	0.0	0.006566139	0.028371379	0.0	0.0	0.0	0.0	0.0	0.0	0.094279096	0.0	0.04856872
ERR3579677	0	Homo sapiens	0.0	0.0	0.008342866	0.033329286	0.009981248	0.0	0.0	0.021501198	0.01945992	0.027080925	0.059287515	0.65554523	0.0	0.0	0.039993625	0.0	0.0	0.0	0.00998139	0.01985184	0.029898467	0.046167124	0.0	0.019579388
ERR3579678	0	Homo sapiens	0.0	0.0	0.0032911643	0.0065376833	0.009981385	0.0	0.0	0.02052373	0.0082867155	0.02848512	0.04306766	0.68680656	0.0	0.0033333334	0.016615706	0.0	0.0	0.0	0.023309141	0.02313535	0.01996535	0.078530475	0.0	0.028130643
ERR3579680	0	Gorilla beringei beringei	0.0	0.0	0.0	0.008069474	0.009962577	0.0	0.0	0.1250504	0.21498741	0.29000294	0.093081996	0.22627085	0.0	0.0029760667	0.004745763	0.0	0.0	0.0	0.0	0.0	0.0	0.009755077	0.0	0.0150974225
ERR3579681	0	Gorilla gorilla gorilla	0.0	0.0014538815	0.008666196	0.012113648	0.0	0.0	0.0	0.17096679	0.008281513	0.28076932	0.17117058	0.2071858	0.0	0.0	0.025918541	0.0	0.0	0.0	0.0	0.0031528745	0.0	0.061892357	0.0	0.048428513
ERR3579682	0	Gorilla beringei beringei	0.0	0.010266265	0.006744406	0.01383221	0.0	0.0	0.0	0.16334486	0.004195877	0.21919686	0.07365058	0.31743783	0.0	0.012251633	0.052569803	0.0	0.0	0.0	0.0	0.0	0.0	0.0969048	0.0	0.029604876
ERR3579683	0	Gorilla beringei beringei	0.0	0.0	0.006371117	0.013225037	0.0	0.0	0.0	0.13384968	0.0064776153	0.32082587	0.12778267	0.15832576	0.0	0.019422144	0.047521602	0.0	0.0	0.0	0.0	0.0029537422	0.0	0.112913765	0.0	0.050330993
ERR3579685	0	Gorilla beringei beringei	0.0	0.0032913387	0.0110937385	0.0	0.0	0.0	0.0	0.19460809	0.005091238	0.3776389	0.1537062	0.102471925	0.0	0.008443677	0.040815286	0.0	0.0	0.0	0.0033333334	0.0015180467	0.0	0.07360265	0.0	0.024385577
ERR3579687	0	Gorilla beringei beringei	0.0	0.0	0.008350598	0.029380474	0.0	0.0	0.0	0.07857507	0.01167788	0.21604946	0.122496456	0.19365609	0.0	0.043598715	0.09171774	0.0	0.0	0.0	0.01996806	0.018137315	0.0033280717	0.11463926	0.0	0.048424818
ERR3579688	0	Homo sapiens neanderthalensis	0.0	0.0	0.0	0.0064775967	0.0	0.0	0.0	0.0132180825	0.016579092	0.043087475	0.010760279	0.8268675	0.0	0.006637635	0.0033333334	0.0	0.0	0.0	0.03662942	0.013253345	0.016637174	0.0032986943	0.0	0.003220339
ERR3579699	0	Gorilla gorilla gorilla	0.0	0.0	0.0	0.016388021	0.0	0.0	0.0	0.008391427	0.0033333334	0.06374386	0.027750479	0.6812262	0.0	0.0	0.00657632	0.0	0.0	0.0	0.029973166	0.14970277	0.006647776	0.0033333334	0.0	0.0029333334
ERR3579700	0	Pan troglodytes ellioti	0.0	0.0	0.0	0.013164331	0.0133042475	0.0	0.0	0.014421378	0.0066562416	0.012384171	0.015838105	0.7796938	0.0	0.0	0.0063257837	0.0	0.0	0.0	0.026560744	0.0865396	0.016637135	0.006573859	0.0	0.001900602
ERR3579701	0	Pan troglodytes ellioti	0.0	0.0	0.0031720838	0.032986626	0.0066506	0.0	0.0	0.004683761	0.0052918545	0.02055459	0.018718528	0.6944564	0.0	0.0	0.0033333334	0.0	0.0	0.0	0.039912105	0.10967856	0.023279864	0.030638635	0.0	0.006643043
ERR3579702	0	Pan troglodytes ellioti	0.0	0.0	0.0	0.03630779	0.0	0.0	0.0	0.025823563	0.026635928	0.028888894	0.037430957	0.69407755	0.0	0.0	0.008152583	0.0	0.0	0.0	0.019949812	0.036501955	0.009978763	0.055153616	0.0	0.021098558
ERR3579703	0	Pan troglodytes ellioti	0.0	0.0	0.0	0.04148771	0.006653316	0.0	0.0	0.018267937	0.012807607	0.05457888	0.041488748	0.7072325	0.0	0.0032961192	0.0031527348	0.0	0.0	0.0	0.019933933	0.059838302	0.006656063	0.009993698	0.0	0.014612448
ERR3579704	0	Homo sapiens neanderthalensis	0.0	0.0026546048	0.029721508	0.015858332	0.0	0.0	0.0	0.010862745	0.0	0.07080637	0.008426632	0.77382874	0.0	0.043539066	0.018104674	0.0	0.0	0.0	0.0	0.0050422493	0.0	0.010171276	0.0	0.0109837875
ERR3579705	0	Gorilla beringei graueri	0.0	0.0016107382	0.01363586	0.024335898	0.0	0.0	0.0	0.07020102	0.017325118	0.5440512	0.15708552	0.114125416	0.0	0.009903615	0.0125493305	0.0	0.0	0.0	0.0	0.0033300659	0.0	0.030605962	0.0	0.00124031
ERR3579706	0	Gorilla beringei graueri	0.0	0.015634475	0.04245935	0.009703329	0.0	0.0	0.0	0.06452891	0.0046120277	0.49354708	0.23236062	0.05755867	0.0	0.015104916	0.018791655	0.0	0.0	0.0	0.0	0.0023577237	0.0	0.043341234	0.0	0.0
ERR3579707	0	Homo sapiens	0.0	0.0	0.0	0.0098089315	0.0	0.0	0.0	0.0097296145	0.0	0.0033333334	0.0	0.9605111	0.0	0.0	0.0	0.0	0.0	0.0	0.0033333334	0.0066506965	0.0033224844	0.0033104902	0.0	0.0
ERR3579708	0	Pan troglodytes verus	0.0	0.0	0.0	0.011357288	0.0033175978	0.0	0.0	0.004442714	0.00657888	0.016479582	0.0033333334	0.7982853	0.0	0.0	0.0	0.0	0.0	0.0	0.023306832	0.11974079	0.009981335	0.0	0.0	0.0031763474
ERR3579709	0	Pan troglodytes verus	0.0	0.0	0.0	0.05749979	0.013301157	0.0	0.0	0.02710048	0.006666667	0.049757108	0.031170234	0.6658551	0.0	0.006593002	0.024419352	0.0	0.0	0.0	0.03325912	0.033239778	0.013306987	0.030015308	0.0	0.0078159
ERR3579710	0	Pan troglodytes verus	0.0	0.0	0.0	0.025202459	0.0033278822	0.0	0.0	0.009704241	0.0099153975	0.025289536	0.010098178	0.7735224	0.0	0.0	0.0	0.0	0.0	0.0	0.013306873	0.12312869	0.003328017	0.0	0.0	0.0031763474
ERR3579711	0	Pan troglodytes verus	0.0	0.0	0.0062531484	0.040035665	0.009978776	0.0	0.0	0.021629	0.016633764	0.03696809	0.03491644	0.6604037	0.0	0.0032856006	0.016144462	0.0	0.0	0.0	0.053253453	0.046562225	0.009970866	0.029436732	0.0	0.014528034
ERR3579712	0	Pan troglodytes verus	0.0	0.0	0.0	0.015264412	0.0066534	0.0	0.0	0.0064656506	0.009909559	0.022308635	0.010785838	0.77555674	0.0	0.0	0.0	0.0	0.0	0.0	0.019939335	0.119857095	0.0099841375	0.0032751784	0.0	0.0
ERR3579713	0	Gorilla gorilla gorilla	0.0	0.0	0.0	0.03318307	0.0066506853	0.0	0.0	0.013994174	0.013235138	0.034887794	0.0126910005	0.6931217	0.0	0.0	0.0031175425	0.0	0.0	0.0	0.0299387	0.11977505	0.016631996	0.01977389	0.0	0.0029992631
ERR3579714	0	Gorilla gorilla gorilla	0.0	0.0	0.0	0.013157782	0.00996279	0.0	0.0	0.01321309	0.023207279	0.026591035	0.0044670007	0.75191396	0.0	0.0	0.0	0.0	0.0	0.0	0.013306565	0.11969895	0.0066532753	0.011234186	0.0	0.0065940563
ERR3579715	0	Pan troglodytes ellioti	0.0	0.0	0.003295579	0.0054100254	0.00998144	0.0	0.0	0.006260454	0.013242893	0.021715486	0.013818968	0.75006473	0.0	0.0	0.0	0.0	0.0	0.0	0.02328301	0.13297413	0.013309449	0.006643824	0.0	0.0
ERR3579716	0	Pan troglodytes ellioti	0.0	0.0	0.0	0.016419658	0.0099787535	0.0	0.0	0.0156197855	0.0066634594	0.029136192	0.018959416	0.6159038	0.0	0.0	0.006576061	0.0	0.0	0.0	0.06319797	0.12969646	0.049874503	0.03277994	0.0	0.0051940153
ERR3579719	0	Homo sapiens	0.0	0.0	0.0031470442	0.0056835506	0.0	0.0	0.0	0.042044073	0.006666667	0.2826226	0.23879851	0.39839104	0.0	0.009929528	0.0	0.0	0.0	0.0	0.0	0.0	0.0	0.010742451	0.0	0.0019745124
ERR3579720	0	Homo sapiens	0.0	0.027667556	0.019979931	0.121880785	0.0	0.0	0.0	0.0	0.19690679	0.028401408	0.24711218	0.31318018	0.0	0.0	0.014452683	0.0	0.0	0.0	0.0	0.0	0.0	0.025791435	0.0	0.004627046
ERR3579721	0	Gorilla gorilla gorilla	0.0	0.0	0.0	0.019727448	0.016631916	0.0	0.0	0.05386898	0.08628025	0.271952	0.23400524	0.25900498	0.0	0.0	0.0	0.0	0.0	0.0	0.02997048	0.009974409	0.0	0.00826127	0.0	0.010323037
ERR3579722	0	Gorilla gorilla gorilla	0.0	0.0	0.0	0.011360387	0.0	0.0	0.0	0.01160568	0.006612402	0.019591544	0.0032394365	0.7278766	0.0	0.0	0.0033333334	0.0	0.0	0.0	0.006656	0.20305797	0.0	0.006666667	0.0	0.0
ERR3579723	0	Gorilla gorilla gorilla	0.0	0.0	0.0	0.004744065	0.0033251164	0.0	0.0	0.0043705152	0.026490495	0.01296123	0.0008675799	0.7011953	0.0	0.0066153468	0.0	0.0	0.0	0.0	0.026637463	0.19962172	0.0099760005	0.0031951573	0.0	0.0
ERR3579726	0	Pan troglodytes ellioti	0.0	0.0	0.00204065	0.019714229	0.0	0.0	0.0	0.02702975	0.0027147941	0.06289074	0.02968344	0.6612468	0.0	0.0	0.013147305	0.0	0.0	0.0	0.019970655	0.09650008	0.023290986	0.027091822	0.0	0.014678772
ERR3579727	0	Pan troglodytes ellioti	0.0	0.0	0.0	0.03519299	0.009978664	0.0	0.0	0.015496926	0.006657849	0.025957648	0.023299323	0.6493023	0.0	0.0	0.006627042	0.0	0.0	0.0	0.036571514	0.10643992	0.01663469	0.057976663	0.0	0.009864454
ERR3579728	0	Homo sapiens	0.0	0.0	0.0	0.0033038822	0.0	0.0	0.0	0.00325	0.0	0.0	0.0	0.986798	0.0	0.0	0.0	0.0	0.0	0.0	0.0033306982	0.0	0.0033174097	0.0	0.0	0.0
ERR3579729	0	Homo sapiens	0.0	0.0	0.0	0.0033167214	0.0066476804	0.0	0.0	0.0	0.003326621	0.002995932	0.0	0.9704332	0.0	0.0033064517	0.0	0.0	0.0	0.0	0.003322768	0.0033333334	0.0033173077	0.0	0.0	0.0
ERR3579730	0	Homo sapiens	0.0	0.0	0.0	0.0032234432	0.0	0.0	0.0	0.010702827	0.0	0.0022633744	0.0	0.9738759	0.0	0.0	0.0	0.0	0.0	0.0	0.0	0.0032864949	0.006647994	0.0	0.0	0.0
ERR3579731	0	Homo sapiens	0.0	0.0	0.0	0.003201856	0.016623717	0.0	0.0	0.030233052	0.049583334	0.051369347	0.031585593	0.73039305	0.0	0.0058039217	0.0	0.0	0.0	0.0	0.053272154	0.006629365	0.013306764	0.0	0.0	0.007997858
ERR3579732	0	Homo sapiens	0.0	0.0	0.0	0.01786132	0.009964614	0.0	0.0	0.011785093	0.02661144	0.012574964	0.0071814065	0.81491435	0.0	0.0026060937	0.0	0.0	0.0	0.0	0.056602698	0.016636707	0.023261307	0.0	0.0	0.0
ERR3579733	0	Homo sapiens	0.0	0.0	0.0	0.0033106394	0.0	0.0	0.0	0.0	0.0	0.0058846516	0.0	0.98081523	0.0	0.0	0.0	0.0	0.0	0.0	0.0033333334	0.0033280922	0.0033280798	0.0	0.0	0.0
ERR3579734	0	Homo sapiens	0.0	0.002044282	0.010558851	0.029245421	0.003325453	0.0	0.0	0.015681585	0.0066388547	0.09979061	0.029162904	0.64718133	0.0	0.028853925	0.042737294	0.0	0.0	0.0	0.009994677	0.01987479	0.006655956	0.035551336	0.0	0.012702748
ERR3579735	0	Homo sapiens	0.0	0.0	0.0	0.0	0.0	0.0	0.0	0.0	0.0	0.0	0.0	0.99666935	0.0	0.0	0.0	0.0	0.0	0.0	0.0	0.0033306582	0.0	0.0	0.0	0.0
ERR3579738	0	Homo sapiens	0.0	0.0	0.0	0.0	0.0	0.0	0.0	0.0	0.0	0.0	0.0	0.990136	0.0	0.0	0.0	0.0	0.0	0.0	0.0	0.009863979	0.0	0.0	0.0	0.0
ERR3579740	0	Homo sapiens	0.0	0.0	0.0	0.0	0.0033280465	0.0	0.0	0.003299788	0.0	0.0	0.0	0.9834051	0.0	0.0	0.0	0.0	0.0	0.0	0.0033254158	0.0033243024	0.0033173077	0.0	0.0	0.0
ERR3579741	0	Homo sapiens	0.0	0.0	0.0	0.006578659	0.0	0.0	0.0	0.003299788	0.0	0.0	0.0	0.9835553	0.0	0.0	0.0	0.0	0.0	0.0	0.0	0.006566242	0.0	0.0	0.0	0.0
ERR3579742	0	Homo sapiens	0.0	0.0	0.0	0.0	0.0	0.0	0.0	0.0	0.0	0.0	0.0	0.9934338	0.0	0.0	0.0	0.0	0.0	0.0	0.0	0.006566242	0.0	0.0	0.0	0.0
ERR3579743	0	Gorilla beringei graueri	0.0	0.0	0.0030209455	0.008528355	0.0	0.0	0.0	0.16830777	0.0032926167	0.37815356	0.2651826	0.09709322	0.0	0.0	0.0121392645	0.0	0.0	0.0	0.0	0.0	0.0033280298	0.046738416	0.0	0.014215211
ERR3579744	0	Gorilla beringei graueri	0.0	0.0	0.0033240782	0.012823481	0.0	0.0	0.0	0.18823224	0.012443003	0.3875274	0.25077525	0.09709733	0.0	0.0	0.0065201465	0.0	0.0	0.0	0.0033306878	0.0	0.0	0.025961982	0.0	0.011964376
ERR3579745	0	Homo sapiens neanderthalensis	0.0	0.0	0.0	0.015627863	0.013178082	0.0	0.0	0.03887084	0.02663102	0.07028376	0.027196418	0.5945786	0.0	0.013217509	0.0	0.0	0.0	0.0	0.059944123	0.07629944	0.063216455	0.0	0.0	0.0009558398
ERR3579746	0	Homo sapiens neanderthalensis	0.0	0.0	0.0	0.013133745	0.0033279	0.0	0.0	0.009879739	0.06930421	0.027583348	0.023410877	0.7702247	0.0	0.006645553	0.0	0.0	0.0	0.0	0.013322654	0.029966889	0.026586782	0.0010741083	0.0	0.005539513
ERR3579747	0	Homo sapiens neanderthalensis	0.0	0.0	0.0032663057	0.009857088	0.006655822	0.0	0.0	0.01290625	0.069839865	0.021210574	0.019167311	0.777294	0.0	0.006645553	0.0	0.0	0.0	0.0	0.026645415	0.023284417	0.019952232	0.0032751784	0.0	0.0
ERR3579748	0	Homo sapiens neanderthalensis	0.0	0.0	0.0	0.006666667	0.0066451114	0.0	0.0	0.11037281	0.083186045	0.29105294	0.17886324	0.26011452	0.0	0.02660158	0.0066504986	0.0	0.0	0.0	0.0033280882	0.006644784	0.006653394	0.006666667	0.0	0.0065536723
ERR3579749	0	Gorilla gorilla gorilla	0.0	0.0	0.0	0.018163547	0.0033252032	0.0	0.0	0.018351141	0.019997312	0.032238152	0.021014003	0.6638447	0.0	0.0	0.005959468	0.0	0.0	0.0	0.039957788	0.123035036	0.013296131	0.019682694	0.0	0.021134792
ERR3579750	0	Gorilla gorilla gorilla	0.0	0.0	0.021598408	0.04130251	0.0033252493	0.0	0.0	0.05853679	0.008830202	0.23532939	0.098892905	0.28597412	0.0	0.021183481	0.044727255	0.0	0.0	0.0	0.0	0.0	0.0	0.14021222	0.0	0.040087488
ERR3579751	0	Gorilla gorilla gorilla	0.0	0.0	0.0	0.011961586	0.019834273	0.0	0.0	0.009748542	0.02321922	0.0995149	0.02718994	0.6596925	0.0	0.0066587175	0.00978421	0.0	0.0	0.0	0.03993139	0.059867322	0.0	0.01	0.0	0.0225974
ERR3579752	0	Homo sapiens neanderthalensis	0.0	0.0	0.0	0.0032762645	0.003325282	0.0	0.0	0.007853855	0.006659616	0.009473543	0.0044577727	0.91527176	0.0	0.0	0.0032784743	0.0	0.0	0.0	0.00666404	0.013232806	0.019955195	0.0033130925	0.0	0.0032383215
ERR3579753	0	Homo sapiens neanderthalensis	0.0	0.0	0.0	0.009936057	0.0033279613	0.0	0.0	0.0065633873	0.0	0.011095535	0.0015589034	0.9243121	0.0	0.0	0.0	0.0	0.0	0.0	0.01331193	0.006661342	0.019957576	0.0032751784	0.0	0.0
ERR3579754	0	Homo sapiens neanderthalensis	0.0	0.054706056	0.104313694	0.009842608	0.0	0.0	0.0	0.0	0.0	0.022379072	0.0076469053	0.6948319	0.0	0.09978462	0.0033087071	0.0	0.0	0.0	0.0	0.0	0.0	0.003186406	0.0	0.0
ERR3579755	0	Gorilla beringei graueri	0.0	0.0	0.00082689896	0.034646213	0.0066560972	0.0	0.0	0.041971892	0.024563927	0.48684746	0.09618021	0.25465456	0.0	0.0033333334	0.0032039338	0.0	0.0	0.0	0.013322798	0.0066477363	0.0033253268	0.020101802	0.0	0.0037178118
ERR3579756	0	Gorilla beringei graueri	0.0	0.0	0.0011722012	0.015637737	0.0	0.0	0.0	0.073231	0.016652241	0.51264167	0.14322339	0.15571108	0.0	0.0	0.011524126	0.0	0.0	0.0	0.0033281087	0.013290627	0.0	0.043164562	0.0	0.010423266
ERR3579757	0	Gorilla beringei graueri	0.0	0.0	0.0	0.00723598	0.0	0.0	0.0	0.09789937	0.019888548	0.5734411	0.17583258	0.06575469	0.0	0.015381281	0.008842737	0.0	0.0	0.0	0.0	0.00573152	0.0	0.021591032	0.0	0.008401154
ERR3579758	0	Gorilla beringei graueri	0.0	0.0032913387	0.006243771	0.014503788	0.0	0.0	0.0	0.103591815	0.0066640126	0.5542072	0.15541303	0.07060117	0.0	0.011672138	0.027144836	0.0	0.0	0.0	0.0	0.005585321	0.0	0.03178821	0.0	0.009293339
ERR3579759	0	Pan troglodytes schweinfurthii	0.0	0.0	0.0	0.017837068	0.016618395	0.0	0.0	0.014813336	0.02328767	0.027119745	0.0031626583	0.7422578	0.0	0.0033012049	0.0020059352	0.0	0.0	0.0	0.033285756	0.09314252	0.013298679	0.0032751784	0.0	0.0065940563
ERR3579760	0	Pan troglodytes schweinfurthii	0.0	0.0	0.0	0.013130915	0.006653204	0.0	0.0	0.006447354	0.013315002	0.06288201	0.014492085	0.78683245	0.0	0.0	0.006666667	0.0	0.0	0.0	0.029949816	0.046391167	0.006645269	0.0	0.0	0.0065940563
ERR3579761	0	Pan troglodytes schweinfurthii	0.0	0.0	0.0	0.009689755	0.016618272	0.0	0.0	0.009861219	0.0033333334	0.044532415	0.009415522	0.78687143	0.0	0.0	0.0033265755	0.0	0.0	0.0	0.02328853	0.07323608	0.013301357	0.0032214595	0.0	0.0033040468
ERR3579762	0	Pan troglodytes schweinfurthii	0.0	0.0	0.0	0.008787057	0.0033280798	0.0	0.0	0.0	0.0	0.018776912	0.017338656	0.79532015	0.0	0.0	0.0	0.0	0.0	0.0	0.013301413	0.12983853	0.013309205	0.0	0.0	0.0
ERR3579763	0	Pan troglodytes schweinfurthii	0.0	0.0	0.0	0.0198919	0.01329569	0.0	0.0	0.019401897	0.01994994	0.01313363	0.002988258	0.74851483	0.0	0.0033012049	0.0	0.0	0.0	0.0	0.03658655	0.096408755	0.019933268	0.0	0.0	0.0065940563
ERR3579764	0	Pan troglodytes schweinfurthii	0.0	0.0	0.0	0.0	0.0	0.0	0.0	0.01324726	0.0	0.021904107	0.005825425	0.8293182	0.0	0.0	0.0	0.0	0.0	0.0	0.013296444	0.103147954	0.009970583	0.0	0.0	0.0032900092
ERR3579765	0	Pan troglodytes schweinfurthii	0.0	0.0020637992	0.009949757	0.050732013	0.0033279178	0.0	0.0	0.010326381	0.07690365	0.02659623	0.16733539	0.42322543	0.0	0.0	0.054140244	0.0	0.0	0.0	0.0033252428	0.0066258404	0.003316722	0.14120895	0.0	0.020922428
ERR3579766	0	Pan troglodytes schweinfurthii	0.0	0.0	0.0	0.0033183382	0.00665309	0.0	0.0	0.007913815	0.00332458	0.025199251	0.0	0.8521709	0.0	0.0	0.0031175425	0.0	0.0	0.0	0.009970905	0.06986795	0.009983785	0.0032751784	0.0	0.0052046487
ERR3579767	0	Pan troglodytes schweinfurthii	0.0	0.0	0.0	0.0033199894	0.003325282	0.0	0.0	0.009726511	0.00332458	0.035423946	0.01145176	0.81739473	0.0	0.0033012049	0.0064508757	0.0	0.0	0.0	0.023269586	0.0664928	0.009973366	0.0032751784	0.0	0.003270192
ERR3579768	0	Pan troglodytes schweinfurthii	0.0	0.0	0.0029376498	0.022854308	0.006653164	0.0	0.0	0.024378795	0.006594871	0.103387155	0.038585484	0.708918	0.0	0.0	0.0064508757	0.0	0.0	0.0	0.023277814	0.033080164	0.0	0.016215088	0.0	0.006666667
ERR3579774	0	Homo sapiens	0.0	0.0	0.0	0.0	0.0	0.0	0.0	0.0	0.0	0.0	0.0	0.9868002	0.0	0.0	0.0	0.0	0.0	0.0	0.0	0.013199812	0.0	0.0	0.0	0.0
ERR3579775	0	Homo sapiens	0.0	0.0	0.0	0.0033069202	0.0066450946	0.0	0.0	0.0097481925	0.029944446	0.037575632	0.0064909505	0.89636296	0.0	0.0	0.0033333334	0.0	0.0	0.0	0.0	0.003326717	0.0	0.0032657306	0.0	0.0
ERR3579776	0	Gorilla beringei beringei	0.0	0.0	0.008233075	0.014806731	0.0033226837	0.0	0.0	0.27501518	0.013301704	0.2942873	0.099505514	0.14908688	0.0	0.003303953	0.01104223	0.0	0.0	0.0	0.0	0.0066586877	0.0	0.092242934	0.0	0.029193165
ERR3579777	0	Gorilla beringei beringei	0.0	0.0032277086	0.008008426	0.002051282	0.0	0.0	0.0	0.14080979	0.0	0.42774495	0.17174056	0.109482735	0.0	0.032904122	0.036131952	0.0	0.0	0.0	0.0	0.0032910053	0.0	0.026301177	0.0	0.038306285
ERR3579779	0	Gorilla beringei beringei	0.0	0.0	0.007376103	0.015100794	0.0066507007	0.0	0.0	0.24541435	0.009400468	0.4108419	0.1602468	0.083139226	0.0	0.0	0.009860438	0.0	0.0	0.0	0.0	0.0	0.0	0.023607267	0.0	0.02836193
ERR3579781	0	Gorilla beringei beringei	0.0	0.005053946	0.011153193	0.0002564072	0.0033226837	0.0	0.0	0.3564549	0.016635504	0.3726959	0.1423616	0.060899466	0.0	0.006070438	0.0	0.0	0.0	0.0	0.0	0.0	0.0	0.016902918	0.0	0.008193055
ERR3579782	0	Gorilla beringei beringei	0.0	0.0151488	0.029636413	0.027696446	0.0033229492	0.0	0.0	0.082266204	0.08676309	0.2377595	0.09982452	0.36072585	0.0	0.0	0.0062454604	0.0	0.0	0.0	0.0	0.0	0.0	0.03450761	0.0	0.016103154
ERR3579783	0	Gorilla beringei beringei	0.0	0.0066617536	0.027348433	0.03219314	0.056488816	0.0	0.0	0.029868204	0.28363338	0.057797693	0.03203425	0.40762275	0.0	0.023114959	0.0	0.0	0.0	0.0	0.0	0.0066546267	0.003328017	0.02831099	0.0	0.0049429955
ERR3579784	0	Homo sapiens	0.0	0.0030753552	0.0035054253	0.008917841	0.0	0.0	0.0	0.013110512	0.0033333334	0.044003315	0.009417284	0.85300475	0.0	0.0033227091	0.0	0.0	0.0	0.0	0.006661384	0.009953431	0.0033280465	0.029519685	0.0	0.00884694
ERR3579785	0	Homo sapiens	0.0	0.0	0.0	0.014933631	0.0	0.0	0.0	0.090860896	0.023282062	0.12480221	0.07844061	0.6217942	0.0	0.003304302	0.0048888302	0.0	0.0	0.0	0.0033306857	0.0066552884	0.0	0.014135305	0.0	0.013571953
ERR3579786	0	Homo sapiens	0.0	0.0	0.0	0.013106347	0.009975996	0.0	0.0	0.035111323	0.066538386	0.060862098	0.026312688	0.76484	0.0	0.0	0.0	0.0	0.0	0.0	0.009981223	0.009949213	0.0033227091	0.0	0.0	0.0
ERR3579787	0	Homo sapiens	0.0	0.0	0.0	0.0032397297	0.0	0.0	0.0	0.0	0.0	0.0	0.0	0.99676025	0.0	0.0	0.0	0.0	0.0	0.0	0.0	0.0	0.0	0.0	0.0	0.0
ERR3579788	0	Homo sapiens	0.0	0.0	0.0	0.006615546	0.013304108	0.0	0.0	0.03934437	0.05642785	0.07030643	0.030033259	0.7274643	0.0	0.01	0.0	0.0	0.0	0.0	0.023274042	0.019901937	0.0033281452	0.0	0.0	0.0
ERR3579789	0	Homo sapiens	0.0	0.0	0.0	0.0	0.0	0.0	0.0	0.0033153838	0.0	0.00628128	0.0	0.80140644	0.0	0.0	0.0	0.0	0.0	0.0	0.023298388	0.12909791	0.036600627	0.0	0.0	0.0
ERR3579790	0	Homo sapiens	0.0	0.0	0.0	0.0033187533	0.0	0.0	0.0	0.0	0.0	0.0032569976	0.0	0.7977691	0.0	0.0	0.0	0.0	0.0	0.0	0.02662646	0.13242804	0.036600627	0.0	0.0	0.0
ERR3579791	0	Homo sapiens	0.0	0.0	0.0	0.0	0.0	0.0	0.0	0.003299788	0.0066424385	0.0	0.0065101665	0.9503082	0.0	0.0	0.0	0.0	0.0	0.0	0.0066561014	0.023257898	0.0033254158	0.0	0.0	0.0
ERR3579792	0	Alouatta palliata	0.0	0.025192453	0.022125417	0.05767287	0.0066482015	0.0	0.0	0.08341928	0.0066040806	0.24670118	0.14298318	0.22262068	0.0	0.0033266156	0.019725563	0.0	0.0	0.0	0.0033333334	0.0	0.0033174097	0.113908656	0.0	0.04242108
ERR3579793	0	Alouatta palliata	0.0	0.0060746227	0.056581832	0.06625735	0.009976163	0.0	0.0	0.08582888	0.016647728	0.2963307	0.14059916	0.15366046	0.0	0.03459941	0.021133108	0.0	0.0	0.0	0.0033333334	0.005606131	0.0033174097	0.083734214	0.0	0.016319515
ERR3579796	0	Alouatta palliata	0.0	0.03820244	0.022629375	0.029210135	0.00997621	0.0	0.0	0.11258877	0.003325053	0.26629075	0.14441168	0.20488381	0.0	0.0	0.01847024	0.0	0.0	0.0	0.0	0.0	0.0	0.10644534	0.0	0.0435662
ERR3579797	0	Alouatta palliata	0.0	0.0037743163	0.095775545	0.07571405	0.013301553	0.0	0.0	0.074899234	0.016229313	0.23583838	0.12454263	0.14865075	0.0	0.044360995	0.014198057	0.0	0.0	0.0	0.0033333334	0.009903887	0.0033174097	0.109771356	0.0	0.026389185
ERR3579798	0	Alouatta palliata	0.0	0.015612204	0.018805783	0.027587015	0.00332021	0.0	0.0	0.13396318	0.0	0.26889843	0.1877412	0.16239107	0.0	0.0032867857	0.013183029	0.0	0.0	0.0	0.0	0.0031732223	0.0	0.11963386	0.0	0.042404007
ERR3579799	0	Alouatta palliata	0.0	0.021644352	0.015500896	0.023337686	0.0	0.0	0.0	0.08976112	0.0	0.25389752	0.15890512	0.20835322	0.0	0.0032867857	0.037488554	0.0	0.0	0.0	0.0	0.0	0.0	0.11063718	0.0	0.07718758
ERR3579800	0	Homo sapiens	0.0	0.0	0.0032663057	0.013299573	0.0133066615	0.0	0.0	0.07261002	0.11297166	0.13135037	0.056616705	0.5337484	0.0	0.016623192	0.0	0.0	0.0	0.0	0.019986607	0.016489055	0.0033227177	0.0	0.0	0.006408745
ERR3579801	0	Homo sapiens	0.0	0.0	0.0	0.0032561133	0.0	0.0	0.0	0.0	0.0	0.0	0.0	0.99674386	0.0	0.0	0.0	0.0	0.0	0.0	0.0	0.0	0.0	0.0	0.0	0.0
ERR3579802	0	Homo sapiens	0.0	0.0	0.0	0.0032561133	0.0	0.0	0.0	0.0030021293	0.0066551194	0.0	0.0063707707	0.97072643	0.0	0.0	0.0	0.0	0.0	0.0	0.0033333334	0.0033280212	0.0033280798	0.0	0.0	0.0
ERR3579803	0	Homo sapiens	0.0	0.0	0.0	0.0	0.0	0.0	0.0	0.0	0.0	0.003264984	0.0	0.9835057	0.0	0.0	0.0	0.0	0.0	0.0	0.0	0.013229294	0.0	0.0	0.0	0.0
ERR3579804	0	Homo sapiens	0.0	0.0	0.0	0.0	0.0	0.0	0.0	0.0	0.0	0.0	0.0	0.98689777	0.0	0.0	0.0	0.0	0.0	0.0	0.0	0.013102248	0.0	0.0	0.0	0.0
ERR3579805	0	Homo sapiens	0.0	0.0	0.0	0.0	0.0	0.0	0.0	0.0	0.0	0.0	0.0	0.9900587	0.0	0.0	0.0	0.0	0.0	0.0	0.0	0.009941278	0.0	0.0	0.0	0.0
ERR3579806	0	Homo sapiens	0.0	0.0	0.0	0.006557535	0.0033252165	0.0	0.0	0.008817179	0.0066519403	0.00068329484	0.009535357	0.94777876	0.0	0.0	0.0	0.0	0.0	0.0	0.009992107	0.0033306582	0.0033279613	0.0	0.0	0.0
ERR3579807	0	Homo sapiens neanderthalensis	0.0	0.0	0.0062017464	0.0	0.0	0.0	0.0	0.0033095616	0.0	0.02243211	0.0050985026	0.9481286	0.0	0.00653503	0.0017873063	0.0	0.0	0.0	0.0	0.0	0.0	0.0031995885	0.0	0.0033075898
ERR3579809	0	Homo sapiens	0.0	0.0	0.0	0.0	0.0	0.0	0.0	0.0	0.0	0.0	0.0030123997	0.99365693	0.0	0.0	0.0	0.0	0.0	0.0	0.0	0.0033306666	0.0	0.0	0.0	0.0
ERR3579810	0	Homo sapiens	0.0	0.0	0.0	0.0	0.0	0.0	0.0	0.0	0.003325478	0.0	0.0	0.9734692	0.0	0.0	0.0	0.0	0.0	0.0	0.0066585937	0.013229294	0.0033174097	0.0	0.0	0.0
ERR3579811	0	Homo sapiens	0.0	0.015451468	0.011874626	0.016672773	0.0	0.0	0.0	0.0031762242	0.056520894	0.009215988	0.09592161	0.7149609	0.0	0.0	0.041659422	0.0	0.0	0.0	0.0	0.0	0.0	0.015241102	0.0	0.019305037
ERR3579812	0	Homo sapiens	0.0	0.0	0.0030921053	0.026295193	0.013301675	0.0	0.0	0.008979548	0.021666653	0.03693452	0.04849359	0.6414144	0.0	0.0	0.035587437	0.0	0.0	0.0	0.019981313	0.009909871	0.0	0.11129978	0.0	0.023043923
ERR3579813	0	Homo sapiens	0.0	0.0005245282	0.0031762652	0.03354992	0.006645538	0.0	0.0	0.12134013	0.006679177	0.15066202	0.07750816	0.40576422	0.0	0.0033270777	0.047947854	0.0	0.0	0.0	0.0033306624	0.0	0.0033280298	0.09706545	0.0	0.039150957
ERR3579814	0	Homo sapiens	0.0	0.0	0.0010739265	0.047917467	0.0	0.0	0.0	0.1142033	0.0031615463	0.13563335	0.09025525	0.4346589	0.0	0.0	0.039352592	0.0	0.0	0.0	0.0033306624	0.003319661	0.0	0.08527229	0.0	0.04182105
ERR3579815	0	Homo sapiens	0.0	0.0016684516	0.008521098	0.029715471	0.0	0.0	0.0	0.0	0.23505503	0.00926692	0.34023154	0.2953436	0.0	0.0	0.0038805287	0.0	0.0	0.0	0.006666667	0.009928084	0.0033278777	0.04898063	0.0	0.0074141007
ERR3579816	0	Homo sapiens	0.0	0.00323956	0.0037819743	0.015039104	0.009971058	0.0	0.0	0.00958934	0.23022093	0.0032995876	0.34573218	0.30555663	0.0	0.0	0.0169135	0.0	0.0	0.0	0.0033172043	0.009907053	0.0066560083	0.026902108	0.0	0.009873767
ERR3579817	0	Homo sapiens	0.0	0.0	0.0068382095	0.042625524	0.013306973	0.0	0.0	0.044914372	0.036169033	0.1271835	0.087202735	0.48775187	0.0	0.0032751784	0.04520623	0.0	0.0	0.0	0.0033306559	0.009884634	0.0	0.07601671	0.0	0.016294377
ERR3579818	0	Homo sapiens	0.0	0.0	0.0032626342	0.015577424	0.013296607	0.0	0.0	0.11823156	0.013292407	0.18401636	0.087873235	0.5035804	0.0	0.006603107	0.009405373	0.0	0.0	0.0	0.0	0.0	0.0	0.020197174	0.0	0.024663731
ERR3579827	0	Homo sapiens neanderthalensis	0.0	0.0	0.0	0.015258216	0.013170171	0.0	0.0	0.014681711	0.013302072	0.018731348	0.013663672	0.788179	0.0	0.016607	0.0	0.0	0.0	0.0	0.03994441	0.009975772	0.049899105	0.004580039	0.0	0.0020074777
ERR3579828	0	Gorilla beringei graueri	0.0	0.008491607	0.018493712	0.011751754	0.0	0.0	0.0	0.075226195	0.008368367	0.4276824	0.21084347	0.09763716	0.0	0.037398208	0.0392795	0.0	0.0	0.0	0.003325428	0.0029537422	0.0	0.029641367	0.0	0.028907066
ERR3579829	0	Gorilla beringei graueri	0.0	0.02483287	0.01944162	0.023733607	0.0	0.0	0.0	0.092508815	0.0025814387	0.34970605	0.1377575	0.15066132	0.0	0.026643226	0.048131406	0.0	0.0	0.0	0.003285865	0.0032700421	0.0	0.057175662	0.0	0.06027058
ERR3579830	0	Homo sapiens neanderthalensis	0.0	0.009074009	0.032690465	0.006196344	0.0	0.0	0.0	0.061912604	0.003321424	0.15552284	0.052383345	0.5686833	0.0	0.07178998	0.0033333334	0.0	0.0	0.0	0.003325314	0.0066298964	0.0	0.0102923075	0.0	0.014844807
ERR3678173	0	Pan troglodytes verus	0.0	0.0030662718	0.014037018	0.06344547	0.023277123	0.0	0.0	0.019872997	0.026174309	0.09056791	0.040605947	0.5152905	0.0	0.007833755	0.055495247	0.0	0.0	0.0	0.013303921	0.009951061	0.0	0.08197344	0.0	0.03510501
ERR3678174	0	Pan troglodytes verus	0.0	0.0	0.0	0.0033085896	0.003322726	0.0	0.0	0.0	0.0033333334	0.008933456	0.0032399253	0.9180966	0.0	0.0	0.0	0.0	0.0	0.0	0.0033333334	0.046453055	0.009978998	0.0	0.0	0.0
ERR3678175	0	Gorilla beringei graueri	0.0	0.004308243	0.028714012	0.0033333334	0.0	0.0	0.0	0.12580179	0.0	0.5291148	0.17731695	0.074628375	0.0	0.0065308725	0.006523123	0.0	0.0	0.0	0.0	0.0	0.0	0.034958083	0.0	0.008770415
ERR3678176	0	Homo sapiens	0.0	0.0	0.0	0.0	0.0	0.0	0.0	0.0	0.0	0.0	0.0	0.99335206	0.0	0.0	0.0	0.0	0.0	0.0	0.0	0.0	0.006647957	0.0	0.0	0.0
ERR3678177	0	Homo sapiens	0.0	0.0	0.0	0.0	0.0033279613	0.0	0.0	0.0	0.0	0.0	0.0	0.99003464	0.0	0.0	0.0	0.0	0.0	0.0	0.0	0.0	0.0066373884	0.0	0.0	0.0
ERR3678179	0	Gorilla beringei beringei	0.0	0.012931929	0.0023348534	0.03352658	0.009973526	0.0	0.0	0.055021822	0.26402935	0.1595997	0.07055747	0.33494875	0.0	0.01596291	0.0018023662	0.0	0.0	0.0	0.01	0.009978027	0.0	0.0030989884	0.0	0.016233733
ERR3678180	0	Gorilla gorilla gorilla	0.0	0.0026337449	0.0032684319	0.0036081192	0.009968132	0.0	0.0	0.2480404	0.008516174	0.37694567	0.21747693	0.072851844	0.0	0.0066173417	0.008237224	0.0	0.0	0.0	0.0	0.0033214616	0.0	0.018515436	0.0	0.019999083
ERR3678181	0	Gorilla beringei beringei	0.0	0.007964357	0.012760859	0.028177127	0.0	0.0	0.0	0.19411989	0.0033238828	0.31235263	0.08868503	0.22499226	0.0	0.008099075	0.022258317	0.0	0.0	0.0	0.0	0.0	0.0	0.06953664	0.0	0.027729943
ERR3678182	0	Gorilla beringei beringei	0.0	0.0	0.0	0.009891304	0.016621402	0.0	0.0	0.13701427	0.012671533	0.49399862	0.097107165	0.21413054	0.0	0.0	0.0010473017	0.0	0.0	0.0	0.0	0.0022691537	0.0	0.0066402745	0.0	0.008608447
ERR3678184	0	Gorilla beringei beringei	0.0	0.0	0.0013635522	0.00068059337	0.0033252882	0.0	0.0	0.1756205	0.00997559	0.5020743	0.13810185	0.11376012	0.0	0.0018163054	0.0074861376	0.0	0.0	0.0	0.0	0.008179506	0.0	0.024335949	0.0	0.013280312
ERR3678186	0	Gorilla beringei beringei	0.0	0.0	0.0063748914	0.018489532	0.006650731	0.0	0.0	0.08933313	0.046493873	0.22269735	0.059825446	0.40455484	0.0	0.025518134	0.020749355	0.0	0.0	0.0	0.05659782	0.019899227	0.009970615	0.012845027	0.0	0.0
ERR3678187	0	Homo sapiens neanderthalensis	0.0	0.0	0.0	0.012958219	0.003325282	0.0	0.0	0.0	0.03320133	0.015958242	0.003101214	0.84576595	0.0	0.0092324065	0.0	0.0	0.0	0.0	0.0432802	0.01659521	0.013306753	0.0032751784	0.0	0.0
ERR3678595	0	Homo sapiens	0.0	0.017721184	0.027999492	0.014537265	0.033244845	0.0	0.0	0.01172356	0.0	0.059749886	0.02866571	0.69783163	0.0	0.0032010376	0.027075065	0.0	0.0	0.0	0.0	0.009882156	0.0	0.039325744	0.0	0.029042445
ERR3678596	0	Homo sapiens	0.0	0.003530618	0.021985143	0.010343904	0.009978719	0.0	0.0	0.008925357	0.0018410317	0.058047704	0.03351008	0.7446591	0.0	0.0098905545	0.03617312	0.0	0.0	0.0	0.0033333334	0.0089176	0.0	0.03791262	0.0	0.010951082
ERR3678598	0	Homo sapiens	0.0	0.009227922	0.019088622	0.02384725	0.006637314	0.0	0.0	0.010903096	0.01147996	0.031078923	0.0106655285	0.8045351	0.0	0.0033333334	0.0303748	0.0	0.0	0.0	0.0	0.0	0.0	0.032458674	0.0	0.0063694688
ERR3678599	0	Homo sapiens	0.0	0.0	0.014050648	0.008046752	0.01330392	0.0	0.0	0.01703311	0.0035063715	0.028881991	0.019092461	0.78486854	0.0	0.013261521	0.034978066	0.0	0.0	0.0	0.0033306624	0.0	0.0	0.037561838	0.0	0.022084123
ERR3678600	0	Canis lupus	0.0	0.008535631	0.015651327	0.06934323	0.019954551	0.0	0.0	0.01888062	0.048367538	0.017927608	0.036975607	0.5678453	0.0	0.0031689089	0.04981665	0.0	0.0	0.0	0.0	0.0	0.0	0.08813688	0.0	0.055396188
ERR3678602	0	Homo sapiens	0.0	0.014707496	0.026893778	0.026208373	0.013285302	0.0	0.0	0.0065729315	0.0032618025	0.04398493	0.020640092	0.74689436	0.0	0.0	0.028990543	0.0	0.0	0.0	0.0	0.0	0.0	0.047704108	0.0	0.020856267
ERR3678603	0	Homo sapiens	0.0	0.042013425	0.06194066	0.036788445	0.016615754	0.0	0.0	0.009797115	0.0032618025	0.06624569	0.024035765	0.64382446	0.0	0.004961392	0.03540981	0.0	0.0	0.0	0.0	0.0	0.0	0.043548346	0.0	0.011557366
ERR3678604	0	Homo sapiens	0.0	0.003988541	0.013263874	0.009118895	0.043237053	0.0	0.0	0.012347114	0.0	0.06310723	0.049310315	0.6911479	0.0	0.01973827	0.036330603	0.0	0.0	0.0	0.0066640275	0.0032703413	0.0	0.025623688	0.0	0.02285211
ERR3678605	0	Homo sapiens	0.0	0.0056588403	0.009316079	0.0027728123	0.009975919	0.0	0.0	0.021655066	0.0	0.0481713	0.025045447	0.7640447	0.0	0.009788778	0.0405299	0.0	0.0	0.0	0.0	0.002317449	0.0033200742	0.040505014	0.0	0.016898599
ERR3678606	0	Homo sapiens	0.0	0.0031263516	0.008357322	0.00027447066	0.009973098	0.0	0.0	0.008856132	0.00501453	0.0396585	0.027456297	0.8295774	0.0	0.0031089503	0.014357314	0.0	0.0	0.0	0.0033306472	0.0031528745	0.0	0.031012574	0.0	0.01274354
ERR3678607	0	Homo sapiens	0.0	0.018337669	0.028952168	0.019082049	0.0033253012	0.0	0.0	0.021826986	0.0	0.032978024	0.034440063	0.71784914	0.0	0.0032497388	0.038393788	0.0	0.0	0.0	0.003327851	0.005562342	0.0	0.052035592	0.0	0.02063928
ERR3678609	0	Homo sapiens	0.0	0.0056222677	0.019438036	0.009132381	0.013298268	0.0	0.0	0.011817419	0.0014420532	0.0547728	0.022010127	0.7526948	0.0	0.004736148	0.02456434	0.0	0.0	0.0	0.0033333334	0.0	0.0033200742	0.041518323	0.0	0.032299627
ERR3678610	0	Canis lupus	0.0	0.004000679	0.006534756	0.017547352	0.0	0.0	0.0	0.0	0.37289643	0.0	0.50639296	0.079954945	0.0	0.0	0.0012875958	0.0	0.0	0.0	0.0	0.0	0.0	0.011385294	0.0	0.0
ERR3678611	0	Homo sapiens	0.0	0.0	0.007340902	0.01802445	0.006648346	0.0	0.0	0.013317614	0.0	0.044849813	0.014452137	0.76848423	0.0	0.0065384572	0.052306958	0.0	0.0	0.0	0.0033281005	0.0032448925	0.0	0.048407834	0.0	0.013056238
ERR3678612	0	Canis lupus	0.0	0.009901696	0.02856668	0.0778888	0.0066505503	0.0	0.0	0.01877606	0.039439224	0.021636494	0.04060546	0.5909831	0.0	0.0031689089	0.033555377	0.0	0.0	0.0	0.0	0.0	0.0	0.094733015	0.0	0.03409464
ERR3678613	0	Homo sapiens	0.0	0.004934597	0.024496056	0.0065008537	0.029930443	0.0	0.0	0.008904571	0.0032811277	0.04818253	0.018425297	0.772186	0.0	0.0	0.02972919	0.0	0.0	0.0	0.0	0.0	0.0	0.042530525	0.0	0.010898856
ERR3678614	0	Canis lupus	0.0	0.027787777	0.039728664	0.04773305	0.039893977	0.0	0.0	0.013086818	0.0	0.03919106	0.014849424	0.5202319	0.0	0.016350279	0.05540036	0.0	0.0	0.0	0.0	0.0	0.0	0.098002	0.0	0.08774469
ERR3678615	0	Homo sapiens	0.0	0.0	0.005940846	0.009401986	0.00664834	0.0	0.0	0.015028253	0.0019625726	0.056611467	0.027397754	0.7764203	0.0	0.0099105	0.027760644	0.0	0.0	0.0	0.0	0.0	0.0	0.046747457	0.0	0.016169872
ERR3678616	0	Homo sapiens	0.0	0.009642022	0.0270953	0.026879985	0.01661028	0.0	0.0	0.014730932	0.0032618025	0.06146576	0.02263963	0.72466266	0.0	0.0017310189	0.050378785	0.0	0.0	0.0	0.0	0.0031528745	0.0	0.036456488	0.0	0.0012924898
ERR3678617	0	Homo sapiens	0.0	0.0063497187	0.013904199	0.008370313	0.006647806	0.0	0.0	0.014265794	0.0031734982	0.027957728	0.02032365	0.77879405	0.0	0.003240382	0.04008665	0.0	0.0	0.0	0.0	0.012060023	0.0033278777	0.043711614	0.0	0.017786684
ERR3678618	0	Canis lupus	0.0	0.00941597	0.016446853	0.052837074	0.02992783	0.0	0.0	0.022561489	0.008622868	0.0386123	0.022185622	0.5738603	0.0	0.013117717	0.04399355	0.0	0.0	0.0	0.0	0.0032703413	0.0	0.08451674	0.0	0.080631346
ERR3678619	0	Homo sapiens	0.0	0.0	0.018524649	0.011889388	0.019949073	0.0	0.0	0.01470373	0.0031734982	0.041037906	0.025551878	0.74818647	0.0	0.009986646	0.030564591	0.0	0.0	0.0	0.0	0.003317435	0.0	0.05557937	0.0	0.017535342
ERR3678620	0	Canis lupus	0.0	0.01104381	0.020197786	0.056946527	0.023279957	0.0	0.0	0.02535	0.017001789	0.045464944	0.015989829	0.5698169	0.0	0.016437694	0.045901816	0.0	0.0	0.0	0.0	0.0032703413	0.0	0.0737613	0.0	0.0755373
ERR3678622	0	Homo sapiens	0.0	0.028103959	0.097954944	0.031188212	0.016623734	0.0	0.0	0.017122962	0.0	0.06247385	0.023445373	0.6258684	0.0	0.0	0.032729678	0.0	0.0	0.0	0.0	0.00558779	0.0	0.045804918	0.0	0.013096192
ERR3678623	0	Canis lupus	0.0	0.017548015	0.019090164	0.047814548	0.03658655	0.0	0.0	0.01306013	0.0063360324	0.030216625	0.02718221	0.5371453	0.0	0.0153657785	0.06152161	0.0	0.0	0.0	0.0	0.006593008	0.0	0.10248385	0.0	0.07905619
ERR3678625	0	Homo sapiens	0.0	0.015660899	0.01976469	0.027539173	0.016626267	0.0	0.0	0.0065715066	0.0025814387	0.06735235	0.015749352	0.7441214	0.0	0.009804089	0.030973738	0.0	0.0	0.0	0.0	0.0	0.0	0.03389106	0.0	0.009364063
ERR3678626	0	Canis lupus	0.0	0.008502972	0.02384364	0.051235512	0.016629465	0.0	0.0	0.026524857	0.023322972	0.03298072	0.021004109	0.599698	0.0	0.0031689089	0.06578579	0.0	0.0	0.0	0.0	0.0032703413	0.0	0.061086502	0.0	0.062946215
ERR3678627	0	Homo sapiens	0.0	0.049112663	0.09743623	0.02351604	0.019951478	0.0	0.0	0.016339391	0.0032381534	0.05688872	0.030713491	0.5968457	0.0	0.021261953	0.03514767	0.0	0.0	0.0	0.0	0.013141823	0.0	0.028218875	0.0	0.008187801
ERR3678628	0	Canis lupus	0.0	0.04777526	0.057721943	0.041573133	0.043215945	0.0	0.0	0.019714752	0.0032618025	0.04866798	0.019523498	0.47782725	0.0	0.02175553	0.05307746	0.0	0.0	0.0	0.0	0.0032703413	0.0	0.08104274	0.0	0.08157236
ERR3678629	0	Canis lupus	0.0	0.029414026	0.033708155	0.03528983	0.0664993	0.0	0.0	0.020773783	0.0032618025	0.04403334	0.012757212	0.47901687	0.0	0.01966617	0.06058501	0.0	0.0	0.0	0.0	0.009920089	0.0	0.10196075	0.0	0.08311366
ERR3678727	0	Homo sapiens neanderthalensis	0.0	0.0	0.0	0.014786164	0.029907001	0.0	0.0	0.0033333334	0.039830085	0.024295181	0.0050482503	0.8053102	0.0	0.0	0.0	0.0	0.0	0.0	0.033314932	0.009896409	0.026599914	0.007678513	0.0	0.0
ERR3906046	0	Gorilla beringei beringei	0.0	0.014719351	0.02205654	0.032694235	0.006642873	0.0	0.0	0.054648887	0.15335989	0.159596	0.06909755	0.43760616	0.0	0.0	0.0	0.0	0.0	0.0	0.0	0.0	0.0	0.043476917	0.0	0.0061015943
ERR5863536	0	Canis lupus	0.0	0.049699683	0.08409355	0.02739982	0.06622367	0.0	0.0	0.049009763	0.0064338744	0.048065502	0.056795686	0.2637005	0.0	0.024057714	0.12846065	0.0	0.0	0.0	0.006666667	0.0212292	0.0033174097	0.110433765	0.0	0.05441257
ERR6093854	0	Ursus arctos	0.0	0.0	0.00453389	0.02500811	0.0	0.0	0.0	0.007974661	0.09031459	0.023792574	0.1652996	0.18356134	0.0	0.0031798414	0.03365879	0.0	0.0	0.0	0.0	0.003319661	0.0	0.056016833	0.0	0.4033401
ERR6093855	0	Ursus arctos	0.0	0.0	0.0067497026	0.02066147	0.0032514671	0.0	0.0	0.009242551	0.074589744	0.015926398	0.13964012	0.19878617	0.0	0.0	0.037941575	0.0	0.0	0.0	0.0	0.0	0.0	0.057917617	0.0	0.43529317
ERR6093856	0	Ursus arctos	0.0	0.0	0.0016912984	0.028208137	0.0	0.0	0.0	0.008873116	0.08542994	0.03524117	0.17203031	0.15858683	0.0	0.0	0.055110708	0.0	0.0	0.0	0.0	0.0	0.0	0.081743166	0.0	0.37308532
ERR6093857	0	Ursus arctos	0.0	0.0	0.003687494	0.04160555	0.0033252493	0.0	0.0	0.011170798	0.07084043	0.022265943	0.14777158	0.14958563	0.0	0.0	0.026777416	0.0	0.0	0.0	0.0	0.0	0.0	0.056132372	0.0	0.46683753
ERR6093858	0	Ursus arctos	0.0	0.003026682	0.009591736	0.041662987	0.0	0.0	0.0	0.00739003	0.15895684	0.021637503	0.23296694	0.35287848	0.0	0.0	0.024552455	0.0	0.0	0.0	0.0	0.0032667732	0.0	0.06022546	0.0	0.083844095
ERR6093859	0	Ursus arctos	0.0	0.0026744404	0.00820486	0.06547854	0.0	0.0	0.0	0.006612358	0.16355947	0.020528339	0.23727763	0.32846713	0.0	0.0	0.022214198	0.0	0.0	0.0	0.0	0.0	0.0	0.05800944	0.0	0.08697361
ERR6093860	0	Ursus arctos	0.0	0.0022655628	0.013028222	0.0704841	0.0	0.0	0.0	0.017530667	0.17691122	0.015672179	0.26305577	0.2696943	0.0	0.0011963048	0.036511377	0.0	0.0	0.0	0.0	0.0	0.0	0.03827955	0.0	0.095370755
ERR6093861	0	Ursus arctos	0.0	0.0027900909	0.026845379	0.044656806	0.0	0.0	0.0	0.000777605	0.1687759	0.033061996	0.22998278	0.3277562	0.0	0.0033017127	0.035585344	0.0	0.0	0.0	0.0	0.0	0.0	0.049337786	0.0	0.077128395
ERR6093862	0	Ursus arctos	0.0	0.0	0.0011838208	0.015014882	0.0	0.0	0.0	0.005501915	0.0018819261	0.033543512	0.033177502	0.07176236	0.0	0.0053199236	0.027423939	0.0	0.0	0.0	0.0	0.0022607786	0.0	0.08061181	0.0	0.72231764
ERR6093863	0	Ursus arctos	0.0	0.0	0.004702589	0.010956634	0.0	0.0	0.0	0.008408761	0.004561067	0.03597994	0.026968097	0.0804928	0.0	0.0024836147	0.033551574	0.0	0.0	0.0	0.003285865	0.0032667732	0.0	0.057122264	0.0	0.72822005
ERR6093864	0	Ursus arctos	0.0	0.0	0.007862143	0.012279524	0.0	0.0	0.0	0.008267122	0.012245988	0.027808696	0.026776806	0.06839963	0.0	0.018433338	0.058340818	0.0	0.0	0.0	0.0	0.0032667732	0.0	0.075085625	0.0	0.6812335
ERR6093865	0	Ursus arctos	0.0	0.0	0.0055367034	0.0133910235	0.0	0.0	0.0	0.0102598155	0.0085243685	0.034019142	0.019565146	0.060094155	0.0	0.0124637345	0.052060343	0.0	0.0	0.0	0.0	0.0022607786	0.0	0.055138685	0.0	0.7266861
ERR6093866	0	Ursus arctos	0.0	0.0	0.0049385675	0.06523513	0.003322641	0.0	0.0	0.010612538	0.0028417069	0.020560103	0.08724488	0.07599603	0.0	0.0	0.02686769	0.0	0.0	0.0	0.0033333334	0.003319661	0.0	0.0320591	0.0	0.66366863
ERR6093867	0	Ursus arctos	0.0	0.002601969	0.0040319576	0.091045566	0.0033252493	0.0	0.0	0.007378406	0.0	0.028113201	0.08768028	0.06665557	0.0	0.0	0.021116104	0.0	0.0	0.0	0.0033333334	0.0033051644	0.0	0.03513854	0.0	0.6462747
ERR6093868	0	Ursus arctos	0.0	0.0030662718	0.0	0.090486355	0.003322641	0.0	0.0	0.0032981667	0.0	0.023512749	0.078557566	0.07340517	0.0	0.00077625574	0.01357855	0.0	0.0	0.0	0.0033333334	0.0	0.0	0.0505236	0.0	0.6561393
ERR6093869	0	Ursus arctos	0.0	0.0033275327	0.006824102	0.07805096	0.0033253653	0.0	0.0	0.0046711676	0.0	0.017242095	0.06942071	0.08593867	0.0	0.003944447	0.022503758	0.0	0.0	0.0	0.0033333334	0.0033051644	0.0	0.051825173	0.0	0.6462875
ERR6093870	0	Ursus arctos	0.0	0.0	0.0	0.19553462	0.0	0.0	0.0	0.009447313	0.0033177084	0.039210033	0.1323777	0.043029707	0.0	0.016637634	0.011280572	0.0	0.0	0.0	0.0	0.003328017	0.0	0.024628246	0.0	0.52120847
ERR6093871	0	Ursus arctos	0.0	0.0	0.0037701223	0.18748178	0.0	0.0	0.0	0.01488046	0.0033177084	0.021268984	0.13283081	0.052358504	0.0	0.012228797	0.02704262	0.0	0.0	0.0	0.0	0.00325416	0.0	0.029886067	0.0	0.51168
ERR6093872	0	Ursus arctos	0.0	0.0	0.0	0.24210122	0.0	0.0	0.0	0.008593527	0.0	0.02926559	0.11891516	0.036125775	0.0	0.019857751	0.016238624	0.0	0.0	0.0	0.0	0.0	0.0	0.021479957	0.0	0.5074224
ERR6093874	0	Ursus arctos	0.0	0.0	0.002880127	0.19004898	0.0	0.0	0.0	0.0044076135	0.009906028	0.031221738	0.12300325	0.06363527	0.0	0.011430255	0.017839426	0.0	0.0	0.0	0.0	0.00325416	0.0	0.035301905	0.0	0.50707126
ERR6093875	0	Ursus arctos	0.0	0.0	0.0	0.4335868	0.013309326	0.0	0.0	0.008058488	0.0	0.025204008	0.100116156	0.046750337	0.0	0.003304302	0.004858757	0.0	0.0	0.0	0.0	0.0	0.0	0.03260405	0.0	0.33220777
ERR6093876	0	Ursus arctos	0.0	0.0	0.003230214	0.4389073	0.013233583	0.0	0.0	0.011104839	0.0	0.034624815	0.10797664	0.052815042	0.0	0.003304302	0.01	0.0	0.0	0.0	0.0	0.00325416	0.0	0.035996187	0.0	0.28555295
ERR6093877	0	Ursus arctos	0.0	0.0	0.0010868434	0.44984722	0.00998411	0.0	0.0	0.0057232925	0.0	0.02201546	0.09240005	0.06701833	0.0	0.0	0.008162818	0.0	0.0	0.0	0.0	0.00325416	0.0	0.020818407	0.0	0.3196893
ERR6093878	0	Ursus arctos	0.0	0.0	0.00050169043	0.42563474	0.013306781	0.0	0.0	0.0068420554	0.0	0.040585328	0.09845529	0.06757473	0.0	0.0	0.0081708925	0.0	0.0	0.0	0.0	0.00325416	0.0	0.027039621	0.0	0.30863473
ERR6093879	0	Ursus arctos	0.0	0.0032222222	0.0021865896	0.28546083	0.0	0.0	0.0	0.013630234	0.00928749	0.027502542	0.11438036	0.06049533	0.0	0.0014930991	0.01811587	0.0	0.0	0.0	0.0	0.0	0.0	0.03544846	0.0	0.42877698
ERR6093880	0	Ursus arctos	0.0	0.0	0.002011071	0.2758164	0.0	0.0	0.0	0.011926321	0.006648413	0.029621819	0.12511691	0.06184862	0.0	0.0	0.00615438	0.0	0.0	0.0	0.0	0.0	0.0	0.026191067	0.0	0.45466498
ERR6093881	0	Ursus arctos	0.0	0.0	0.00050169043	0.30540738	0.0	0.0	0.0	0.009438527	0.0	0.026545087	0.103263676	0.06543283	0.0	0.0	0.017313588	0.0	0.0	0.0	0.0	0.0065593245	0.0	0.03500846	0.0	0.43052945
ERR6093882	0	Ursus arctos	0.0	0.0	0.0038665393	0.30305773	0.0033252493	0.0	0.0	0.006108872	0.0033177084	0.029853472	0.12440801	0.053600594	0.0	0.0	0.0131624425	0.0	0.0	0.0	0.0	0.00325416	0.0	0.02029805	0.0	0.43574718
ERR6093883	0	Ursus arctos	0.0	0.0	0.006636426	0.3467543	0.003322726	0.0	0.0	0.0099648	0.0033307045	0.038898904	0.07295412	0.05891747	0.0	0.02094404	0.065645866	0.0	0.0	0.0	0.0	0.006505379	0.0	0.03215981	0.0	0.33396545
ERR6093885	0	Ursus arctos	0.0	0.0	0.0011914099	0.3427059	0.0064767944	0.0	0.0	0.009973524	0.0	0.02713516	0.0980285	0.048712526	0.0	0.009299437	0.06592558	0.0	0.0	0.0	0.0	0.008860291	0.0	0.04226536	0.0	0.3394255
ERR6093886	0	Ursus arctos	0.0	0.0	0.002488118	0.35646284	0.0	0.0	0.0	0.014996916	0.0	0.034450587	0.0650493	0.04497975	0.0	0.028216308	0.06939839	0.0	0.0	0.0	0.0	0.0032484077	0.0	0.03886371	0.0	0.34184566
ERR6093887	0	Ursus arctos	0.0	0.0	0.0015271413	0.36646196	0.0	0.0	0.0	0.002035961	0.0	0.026513979	0.08255846	0.041411385	0.0	0.009764244	0.07250072	0.0	0.0	0.0	0.0	0.019697525	0.0	0.037499283	0.0	0.34002933
ERR6093888	0	Ursus arctos	0.0	0.0	0.0049372246	0.101942405	0.0033279872	0.0	0.0	0.00627331	0.0033333334	0.07046456	0.0639157	0.16980079	0.0	0.14245217	0.0401856	0.0	0.0	0.0	0.0	0.010804023	0.0	0.02248977	0.0	0.36007315
ERR6093889	0	Ursus arctos	0.0	0.0	0.009948067	0.0965721	0.0033279872	0.0	0.0	0.01625704	0.0033333334	0.06880339	0.074871376	0.1849921	0.0	0.14910525	0.046607006	0.0	0.0	0.0	0.0	0.0015180467	0.0	0.023628276	0.0	0.321036
ERR6093890	0	Ursus arctos	0.0	0.0	0.007480307	0.09337484	0.0033279872	0.0	0.0	0.009123713	0.0	0.07431316	0.057811752	0.17804018	0.0	0.16913103	0.03864561	0.0	0.0	0.0	0.0033333334	0.0032484077	0.0	0.02411753	0.0	0.33805215
ERR6093891	0	Ursus arctos	0.0	0.0	0.009511999	0.089829504	0.0033279872	0.0	0.0	0.024367498	0.009033523	0.06696552	0.06872806	0.18865979	0.0	0.1788824	0.028775765	0.0	0.0	0.0	0.0033333334	0.0047664545	0.0	0.01578451	0.0	0.30803365
ERR6093893	0	Ursus arctos	0.0	0.0	0.041168325	0.019515276	0.0	0.0	0.0	0.021939145	0.0	0.05592977	0.019152371	0.11503795	0.0	0.11012457	0.1553195	0.0	0.0	0.0	0.0	0.0045432593	0.0	0.04738707	0.0	0.40988275
ERR6093894	0	Ursus arctos	0.0	0.0	0.037213504	0.023509575	0.0	0.0	0.0	0.0007051526	0.0031734982	0.056084275	0.022101037	0.12638621	0.0	0.09329098	0.1554233	0.0	0.0	0.0	0.003285865	0.01615397	0.0	0.034541447	0.0	0.4281312
ERR6093896	0	Ursus arctos	0.0	0.0	0.027375296	0.015064887	0.0033251566	0.0	0.0	0.0061504603	0.0	0.04704597	0.020068642	0.15113474	0.0	0.1239666	0.16514415	0.0	0.0	0.0	0.0066191982	0.0014067278	0.0	0.048204083	0.0	0.3844941
ERR6093897	0	Ursus arctos	0.0	0.0	0.028069263	0.011480814	0.0	0.0	0.0	0.00087804237	0.0	0.0745145	0.013907295	0.16152892	0.0	0.09064141	0.18952917	0.0	0.0	0.0	0.0	0.009785659	0.0	0.02912419	0.0	0.39054075
ERR6093899	0	Ursus arctos	0.0	0.0	0.0	0.32450095	0.0	0.0	0.0	0.013280833	0.0	0.04541281	0.041058253	0.068449765	0.0	0.0040805577	0.049461458	0.0	0.0	0.0	0.0	0.009834724	0.0	0.038106915	0.0	0.40581372
ERR6093900	0	Ursus arctos	0.0	0.0	0.0	0.33936128	0.0	0.0	0.0	0.016122147	0.0	0.046236344	0.03753247	0.08037679	0.0	0.007821719	0.01575283	0.0	0.0	0.0	0.0	0.0	0.0	0.04613584	0.0	0.41066056
ERR6093901	0	Ursus arctos	0.0	0.0	0.0	0.35934967	0.0	0.0	0.0	0.009341787	0.0	0.038943406	0.039753314	0.07044831	0.0	0.004797401	0.018119477	0.0	0.0	0.0	0.0	0.006583505	0.0	0.05633842	0.0	0.39632472
ERR6093902	0	Ursus arctos	0.0	0.0	0.0	0.35987192	0.0	0.0	0.0	0.017193828	0.0	0.03685212	0.04911824	0.073404044	0.0	0.0048264326	0.025601733	0.0	0.0	0.0	0.0	0.009834724	0.0	0.045243423	0.0	0.37805352
ERR6093903	0	Ursus arctos	0.0	0.0	0.0050342893	0.06809941	0.0	0.0	0.0	0.0022029055	0.0	0.02597568	0.03542886	0.069762364	0.0	0.001330734	0.05019009	0.0	0.0	0.0	0.0	0.0032667732	0.0	0.09772313	0.0	0.6409858
ERR6093904	0	Ursus arctos	0.0	0.0	0.0035028893	0.051242013	0.0032514671	0.0	0.0	0.0049563404	0.003254987	0.03440151	0.029547015	0.06951851	0.0	0.0020918304	0.050700758	0.0	0.0	0.0	0.0	0.0	0.0	0.08816212	0.0	0.65937054
ERR6093905	0	Ursus arctos	0.0	0.0	0.0071898913	0.048707496	0.0	0.0	0.0	0.009120258	0.0020647517	0.03420137	0.034517556	0.06671203	0.0	0.004844748	0.05090139	0.0	0.0	0.0	0.0	0.0	0.0	0.08786005	0.0	0.6538805
ERR6093906	0	Ursus arctos	0.0	0.0	0.006469234	0.07011098	0.0	0.0	0.0	0.014598201	0.0031734982	0.020964827	0.043378044	0.06502249	0.0	0.0037218204	0.051768012	0.0	0.0	0.0	0.0	0.003280339	0.0	0.13026899	0.0	0.58724356
ERR6093907	0	Ursus arctos	0.0	0.0030662718	0.0	0.5537088	0.0	0.0	0.0	0.016438978	0.0	0.03260135	0.057898648	0.070689835	0.0	0.0	0.0033333334	0.0	0.0	0.0	0.0	0.0033051644	0.0	0.022473048	0.0	0.23648459
ERR6093908	0	Ursus arctos	0.0	0.0	0.0	0.53018963	0.0032494944	0.0	0.0	0.005922072	0.0	0.022888435	0.06505405	0.04276017	0.0	0.0	0.0065920595	0.0	0.0	0.0	0.0033333334	0.0	0.0	0.018625535	0.0	0.3013852
ERR6093909	0	Ursus arctos	0.0	0.0016666667	0.0041053286	0.5114895	0.0	0.0	0.0	0.010372954	0.0	0.026523387	0.06506484	0.028375667	0.0	0.0	0.005883428	0.0	0.0	0.0	0.0	0.0	0.0	0.03609463	0.0	0.31042355
ERR6093910	0	Ursus arctos	0.0	0.0030662718	0.0	0.560274	0.0	0.0	0.0	0.009102412	0.0	0.03875174	0.085145846	0.038883366	0.0	0.0	0.0064944	0.0	0.0	0.0	0.0	0.0033051644	0.0	0.030439802	0.0	0.22453701
ERR6093912	0	Ursus arctos	0.0	0.00032228456	0.0061562867	0.114139736	0.0033278463	0.0	0.0	0.007070535	0.003254987	0.028607706	0.03377576	0.05793325	0.0	0.021470457	0.10322953	0.0	0.0	0.0	0.0	0.012186695	0.0	0.04366649	0.0	0.56485844
ERR6093913	0	Ursus arctos	0.0	0.00032228456	0.012574623	0.11965313	0.0066533303	0.0	0.0	0.016241496	0.0	0.03462381	0.039791588	0.065030664	0.0	0.012738805	0.08637604	0.0	0.0	0.0	0.0	0.01123864	0.0	0.04651196	0.0	0.54824364
ERR6093914	0	Ursus arctos	0.0	0.007845208	0.0106911175	0.07978958	0.003325096	0.0	0.0	0.018648505	0.003254987	0.014836662	0.041500762	0.084193215	0.0	0.00423686	0.09452534	0.0	0.0	0.0	0.0	0.011304141	0.0	0.04698067	0.0	0.57886785
ERR6093916	0	Ursus arctos	0.0	0.006557418	0.0072113737	0.107777305	0.009904797	0.0	0.0	0.022971801	0.0	0.02792605	0.035254978	0.06602403	0.0	0.02435155	0.11484794	0.0	0.0	0.0	0.0	0.013583739	0.0	0.04112942	0.0	0.52245957
ERR6093917	0	Ursus arctos	0.0	0.0	0.0	0.6263517	0.0	0.0	0.0	0.01078041	0.0	0.022560375	0.06522785	0.05126313	0.0	0.0	0.0065920595	0.0	0.0	0.0	0.0	0.0	0.0	0.021656716	0.0	0.19556773
ERR6093919	0	Ursus arctos	0.0	0.0	0.0	0.6369394	0.0	0.0	0.0	0.0053178435	0.0	0.014162959	0.059379358	0.069231875	0.0	0.0	0.0033126776	0.0	0.0	0.0	0.0	0.0	0.0	0.023068113	0.0	0.18858777
ERR6093920	0	Ursus arctos	0.0	0.0	0.0	0.5875278	0.0	0.0	0.0	0.012463846	0.0	0.026385603	0.06123697	0.05917039	0.0	0.0	0.006646011	0.0	0.0	0.0	0.0	0.0	0.0	0.01862948	0.0	0.22793987
ERR6093921	0	Ursus arctos	0.0	0.0	0.009298464	0.60580826	0.0	0.0	0.0	0.005945581	0.0	0.026744736	0.057221364	0.05054695	0.0	0.0	0.013090669	0.0	0.0	0.0	0.0	0.0	0.0	0.030027246	0.0	0.20131673
ERR6093922	0	Ursus arctos	0.0	0.0	0.0017246555	0.09281811	0.0065767164	0.0	0.0	0.009561999	0.0	0.089877315	0.09201647	0.18414801	0.0	0.16750737	0.047925472	0.0	0.0	0.0	0.0	0.011358326	0.0	0.0348825	0.0	0.26160306
ERR6093923	0	Ursus arctos	0.0	0.0	0.003120013	0.12198331	0.0	0.0	0.0	0.010188199	0.0065068314	0.07560393	0.06721369	0.17116779	0.0	0.15058482	0.041326597	0.0	0.0	0.0	0.0	0.011345464	0.0	0.019239383	0.0	0.32171997
ERR6093924	0	Ursus arctos	0.0	0.0	0.0064890455	0.12800121	0.0033253653	0.0	0.0	0.0057764696	0.0066586216	0.06131452	0.09420095	0.18128379	0.0	0.14883266	0.046548113	0.0	0.0	0.0	0.0	0.015554555	0.0	0.025946155	0.0	0.27606854
ERR6093926	0	Ursus arctos	0.0	0.0	0.000346908	0.109509006	0.0	0.0	0.0	0.007101893	0.00990032	0.07892069	0.072357126	0.17098044	0.0	0.15799773	0.054466907	0.0	0.0	0.0	0.0	0.017963156	0.0	0.03522526	0.0	0.28523055
ERR6093927	0	Ursus arctos	0.0	0.0	0.0038046958	0.08258137	0.0	0.0	0.0	0.0022029055	0.0	0.024709493	0.05092622	0.052762914	0.0	0.003734454	0.034756176	0.0	0.0	0.0	0.0	0.003280339	0.0	0.035763513	0.0	0.7054779
ERR6093928	0	Ursus arctos	0.0	0.0	0.013051126	0.11558839	0.0	0.0	0.0	0.0068125413	0.0	0.03101416	0.059927657	0.0636099	0.0	0.01026085	0.04481213	0.0	0.0	0.0	0.0	0.003280339	0.0	0.034109913	0.0	0.61753297
ERR6093929	0	Ursus arctos	0.0	0.0	0.00050169043	0.074308336	0.0	0.0	0.0	0.005046951	0.0058526406	0.023434317	0.05491948	0.05835526	0.0	0.007023757	0.026323846	0.0	0.0	0.0	0.0	0.003280339	0.0	0.033749193	0.0	0.7072042
ERR6093930	0	Ursus arctos	0.0	0.0	0.0016697968	0.10087747	0.003322641	0.0	0.0	0.009182355	0.0016570088	0.0076480526	0.06916644	0.058795586	0.0	0.013683253	0.033162594	0.0	0.0	0.0	0.0	0.0	0.0	0.026396139	0.0	0.67443866
ERR6093931	0	Ursus arctos	0.0	0.027111068	0.018462561	0.1595585	0.009975881	0.0	0.0	0.011704488	0.003254987	0.030100692	0.10398966	0.10050658	0.0	0.0033333334	0.015384956	0.0	0.0	0.0	0.0	0.003251219	0.0	0.04194544	0.0	0.47142062
ERR6093932	0	Ursus arctos	0.0	0.022516862	0.026329327	0.21986872	0.0033279913	0.0	0.0	0.013926769	0.0	0.029837819	0.079722516	0.10633355	0.0	0.0	0.023056557	0.0	0.0	0.0	0.0	0.003319661	0.0	0.028024273	0.0	0.44373596
ERR6093934	0	Ursus arctos	0.0	0.031309236	0.0291101	0.19085783	0.0033279913	0.0	0.0	0.012909672	0.0	0.041261114	0.069835	0.08070363	0.0	0.0064581176	0.030847097	0.0	0.0	0.0	0.0	0.003319661	0.0	0.05120546	0.0	0.44885507
ERR6093935	0	Ursus arctos	0.0	0.03223643	0.026450206	0.20893817	0.0	0.0	0.0	0.007810108	0.0	0.035286438	0.083285406	0.08417453	0.0	0.0034624885	0.013180629	0.0	0.0	0.0	0.0	0.0	0.0	0.045389026	0.0	0.45978656
ERR6093936	0	Ursus arctos	0.0	0.0	0.0	0.15724319	0.0	0.0	0.0	0.023403833	0.0019343828	0.05330405	0.040336907	0.081741296	0.0	0.0	0.036228877	0.0	0.0	0.0	0.0	0.0065805633	0.0	0.10970443	0.0	0.48952246
ERR6093937	0	Ursus arctos	0.0	0.0	0.0032699523	0.16011503	0.0	0.0	0.0	0.0156424	0.005953514	0.041916847	0.03990036	0.085381344	0.0	0.0032727732	0.024010247	0.0	0.0	0.0	0.0	0.003251219	0.0	0.12245541	0.0	0.4948309
ERR6093938	0	Ursus arctos	0.0	0.0	0.0049447534	0.13528274	0.0	0.0	0.0	0.015688144	0.0027147941	0.045672707	0.043803655	0.08988369	0.0	0.005552364	0.042361602	0.0	0.0	0.0	0.0	0.006505379	0.0	0.106967494	0.0	0.5006227
ERR6093939	0	Ursus arctos	0.0	0.0	0.00616965	0.1550647	0.0	0.0	0.0	0.019248722	0.003842387	0.048175126	0.07260867	0.07480775	0.0	0.008880497	0.033559665	0.0	0.0	0.0	0.0	0.0033293446	0.0	0.09262666	0.0	0.48168683
ERR6093941	0	Ursus arctos	0.0	0.005898743	0.0074262023	0.40457463	0.016626382	0.0	0.0	0.021205772	0.0	0.036547877	0.08883189	0.08876778	0.0	0.0	0.00819209	0.0	0.0	0.0	0.0	0.0	0.0	0.09900307	0.0	0.22292556
ERR6093942	0	Ursus arctos	0.0	0.010894255	0.001184603	0.34203625	0.02993296	0.0	0.0	0.023200002	0.0	0.039200965	0.066951305	0.11537405	0.0	0.0	0.0	0.0	0.0	0.0	0.0033333334	0.0065735187	0.0	0.09663714	0.0	0.2646816
ERR6093943	0	Ursus arctos	0.0	0.0033333334	0.0	0.3703371	0.02329339	0.0	0.0	0.023177544	0.0033245173	0.05569697	0.06586967	0.10681878	0.0	0.0014930991	0.0033333334	0.0	0.0	0.0	0.0	0.0033048433	0.0	0.10263508	0.0	0.23738235
ERR6093945	0	Ursus arctos	0.0	0.0	0.0004526749	0.36250496	0.01995996	0.0	0.0	0.041693754	0.0066508	0.026360316	0.062809825	0.10899541	0.0	0.0	0.0	0.0	0.0	0.0	0.0	0.00325416	0.0	0.105381824	0.0	0.26193634
ERR6093946	0	Ursus arctos	0.0	0.0	0.00394692	0.07039571	0.0	0.0	0.0	0.036954712	0.018078132	0.02430934	0.10842288	0.20617554	0.0	0.0039451644	0.076213606	0.0	0.0	0.0	0.0	0.003319661	0.0	0.07019322	0.0	0.3780451
ERR6093947	0	Ursus arctos	0.0	0.0	0.00528673	0.09200213	0.0	0.0	0.0	0.03530512	0.021301946	0.037626207	0.116371006	0.1864549	0.0	0.00634875	0.046815164	0.0	0.0	0.0	0.0	0.003280339	0.0	0.060273904	0.0	0.3889338
ERR6093948	0	Ursus arctos	0.0	0.0060387976	0.0	0.060391404	0.0	0.0	0.0	0.03726769	0.021550333	0.033588823	0.095625415	0.19015417	0.0	0.0031689089	0.06554512	0.0	0.0	0.0	0.0033333334	0.0	0.0	0.10004114	0.0	0.38329488
ERR6093949	0	Ursus arctos	0.0	0.0	0.0065716393	0.066164754	0.0	0.0	0.0	0.038230244	0.022145187	0.020407382	0.096683435	0.16186829	0.0	0.0039451644	0.06074484	0.0	0.0	0.0	0.0	0.0	0.0	0.08796323	0.0	0.43527582
ERR6093950	0	Ursus arctos	0.0	0.0	0.0031572205	0.20004077	0.0	0.0	0.0	0.010337473	0.0017696292	0.044193942	0.056213114	0.09383879	0.0	0.003168191	0.00510798	0.0	0.0	0.0	0.0	0.006545402	0.0	0.04970882	0.0	0.52591866
ERR6093951	0	Ursus arctos	0.0	0.0	0.0	0.18024477	0.0	0.0	0.0	0.021047698	0.009021198	0.04823828	0.054126684	0.122920275	0.0	0.0	0.012699998	0.0	0.0	0.0	0.0	0.0066248253	0.0	0.06038256	0.0	0.4846937
ERR6093952	0	Ursus arctos	0.0	0.0	0.0	0.16001001	0.0	0.0	0.0	0.016419828	0.010881203	0.034548234	0.07214182	0.10071547	0.0	0.00077625574	0.025878813	0.0	0.0	0.0	0.0	0.006573821	0.0	0.039342944	0.0	0.5327116
ERR6093953	0	Ursus arctos	0.0	0.0	0.0019090523	0.1606916	0.0	0.0	0.0	0.027259804	0.0064342907	0.050766215	0.07154366	0.11397115	0.0	0.003304302	0.028697528	0.0	0.0	0.0	0.0	0.0033051644	0.0	0.055220723	0.0	0.47689652
ERR6093954	0	Ursus arctos	0.0	0.0025883275	0.0036702575	0.031628642	0.0	0.0	0.0	0.025842175	0.21518576	0.036288813	0.3015927	0.1753994	0.0	0.0	0.02143015	0.0	0.0	0.0	0.0	0.0	0.0	0.051516537	0.0	0.13485724
ERR6093955	0	Ursus arctos	0.0	0.00060834154	0.009347179	0.042677797	0.0	0.0	0.0	0.023661088	0.19035402	0.01929521	0.2671391	0.18811968	0.0	0.0	0.04617546	0.0	0.0	0.0	0.0	0.0	0.0	0.08592817	0.0	0.12669395
ERR6093956	0	Ursus arctos	0.0	0.0027150316	0.0032196536	0.040147755	0.0	0.0	0.0	0.038289152	0.15075998	0.046920918	0.26151994	0.22272374	0.0	0.0	0.04362471	0.0	0.0	0.0	0.0	0.0	0.0	0.060714636	0.0	0.12936449
ERR6093957	0	Ursus arctos	0.0	0.00090733235	0.00817264	0.031940162	0.0	0.0	0.0	0.022033751	0.21048875	0.030567115	0.28110412	0.18668759	0.0	0.0	0.027443817	0.0	0.0	0.0	0.0	0.0	0.0	0.065330885	0.0	0.13532384
ERR6093958	0	Ursus arctos	0.0	0.0	0.00032581453	0.23117194	0.0	0.0	0.0	0.0069158883	0.0	0.03977405	0.06266183	0.052208208	0.0	0.008140303	0.012180355	0.0	0.0	0.0	0.0	0.0	0.0	0.034680877	0.0	0.55194074
ERR6093959	0	Ursus arctos	0.0	0.0	0.0028538813	0.22300151	0.0	0.0	0.0	0.01927452	0.0033333334	0.038496938	0.076133974	0.06221306	0.0	0.008528293	0.017219532	0.0	0.0	0.0	0.0	0.0	0.0	0.045088455	0.0	0.50385654
ERR6093960	0	Ursus arctos	0.0	0.0	0.0034788265	0.20994468	0.0	0.0	0.0	0.025804367	0.0027147941	0.040045906	0.070036896	0.049903203	0.0	0.008153064	0.018090673	0.0	0.0	0.0	0.0	0.003319661	0.0	0.03953743	0.0	0.5289705
ERR6093961	0	Ursus arctos	0.0	0.0	0.0	0.22315937	0.0	0.0	0.0	0.0054356973	0.0027147941	0.026862668	0.08516418	0.045710053	0.0	0.007045463	0.019620314	0.0	0.0	0.0	0.0	0.00325416	0.0	0.040762845	0.0	0.54027045
ERR6093963	0	Ursus arctos	0.0	0.0063511785	0.0	0.47504213	0.0	0.0	0.0	0.014721013	0.0	0.022611616	0.050218925	0.063279465	0.0	0.0	0.009904738	0.0	0.0	0.0	0.0	0.0	0.0	0.01643818	0.0	0.34143275
ERR6093964	0	Ursus arctos	0.0	0.0	0.0	0.51551604	0.0	0.0	0.0	0.021331945	0.0	0.011910742	0.058772422	0.06459475	0.0	0.0	0.014261879	0.0	0.0	0.0	0.0	0.0	0.0	0.015854036	0.0	0.2977582
ERR6093965	0	Ursus arctos	0.0	0.0	0.00032581453	0.49973273	0.0	0.0	0.0	0.014673928	0.0	0.02088434	0.060715985	0.05356285	0.0	0.003304302	0.008599766	0.0	0.0	0.0	0.0	0.0	0.0	0.021767454	0.0	0.31643283
ERR6093966	0	Ursus arctos	0.0	0.0026337449	0.0	0.48943928	0.0	0.0	0.0	0.010093317	0.0	0.02340363	0.05889253	0.06565843	0.0	0.0	0.011226864	0.0	0.0	0.0	0.0	0.0	0.0	0.028943744	0.0	0.30970848
ERR6093967	0	Ursus arctos	0.0	0.0	0.0	0.2652982	0.0	0.0	0.0	0.008354699	0.0023271427	0.03584941	0.10407875	0.06613493	0.0	0.003304302	0.014863573	0.0	0.0	0.0	0.0	0.0066248253	0.0	0.030941855	0.0	0.46222234
ERR6093968	0	Ursus arctos	0.0	0.0	0.0	0.26222742	0.0	0.0	0.0	0.012921878	0.00068261573	0.030536465	0.10091049	0.06414156	0.0	0.003304302	0.008435928	0.0	0.0	0.0	0.0	0.0065864343	0.0	0.053777143	0.0	0.45647576
ERR6093969	0	Ursus arctos	0.0	0.0	0.0010868434	0.27304095	0.006577566	0.0	0.0	0.02175285	0.0	0.032009233	0.08232315	0.059121624	0.0	0.003304302	0.015762093	0.0	0.0	0.0	0.0	0.0033051644	0.0	0.03253153	0.0	0.4691847
ERR6093970	0	Ursus arctos	0.0	0.0	0.0	0.28474388	0.0	0.0	0.0	0.005924295	0.0	0.027027324	0.08385997	0.06380341	0.0	0.005412688	0.012461059	0.0	0.0	0.0	0.0	0.0033051644	0.0	0.040670928	0.0	0.47279128
ERR6093972	0	Ursus arctos	0.0	0.0	0.006175643	0.16538006	0.0	0.0	0.0	0.014255835	0.0	0.07362935	0.040198606	0.059703864	0.0	0.018476421	0.07491424	0.0	0.0	0.0	0.0	0.009717095	0.0	0.08803095	0.0	0.44951794
ERR6096533	0	Ursus arctos	0.0	0.0	0.0018029317	0.20094821	0.0	0.0	0.0	0.023000259	0.0031734982	0.06332938	0.05296077	0.065158606	0.0	0.0088383425	0.069154486	0.0	0.0	0.0	0.0	0.009793956	0.0	0.08544438	0.0	0.4163952
ERR6096535	0	Ursus arctos	0.0	0.0	0.009728082	0.16549449	0.0033253012	0.0	0.0	0.010551887	0.0	0.06767829	0.05003831	0.062851556	0.0	0.0088383425	0.06995657	0.0	0.0	0.0	0.0	0.009636158	0.0	0.083366744	0.0	0.45853427
ERR6096536	0	Ursus arctos	0.0	0.0	0.009519626	0.18278429	0.0033279872	0.0	0.0	0.008249154	0.0031734982	0.06309638	0.03848321	0.052635152	0.0	0.007902794	0.07907365	0.0	0.0	0.0	0.0	0.0065805633	0.0	0.08375265	0.0	0.46142104
ERR6096537	0	Ursus arctos	0.0	0.004000679	0.006126975	0.017073397	0.0	0.0	0.0	0.0	0.3589344	0.013980908	0.4778267	0.08468421	0.0	0.0	0.0077713192	0.0	0.0	0.0	0.0	0.0	0.0	0.013778332	0.0	0.015823068
ERR6096538	0	Ursus arctos	0.0	0.004000679	0.006412651	0.029664516	0.0	0.0	0.0	0.0	0.34768555	0.006528418	0.47823155	0.0923705	0.0	0.0	0.0026900913	0.0	0.0	0.0	0.0	0.0	0.0	0.025925916	0.0	0.006490151
ERR6096539	0	Ursus arctos	0.0	0.00219298	0.006974664	0.018258289	0.0	0.0	0.0	0.0033333334	0.34143716	0.009677501	0.48870656	0.089062825	0.0	0.0	0.01260186	0.0	0.0	0.0	0.0	0.0	0.0	0.02477756	0.0	0.0029772497
ERR6096540	0	Ursus arctos	0.0	0.0037016885	0.005821749	0.020636166	0.0	0.0	0.0	0.0	0.33866748	0.0174624	0.46381083	0.08791846	0.0	0.0	0.0135747	0.0	0.0	0.0	0.0	0.0	0.0	0.038009934	0.0	0.010396566
ERR6096541	0	Ursus arctos	0.0	0.002858069	0.021227844	0.027695477	0.0	0.0	0.0	0.008347501	0.050511964	0.09798261	0.07935527	0.27662185	0.0	0.006666667	0.045527626	0.0	0.0	0.0	0.0	0.0032667732	0.0	0.11446702	0.0	0.26547134
ERR6096542	0	Ursus arctos	0.0	0.0005245282	0.015756778	0.03763316	0.0	0.0	0.0	0.011542519	0.04748823	0.07695881	0.07789899	0.32707882	0.0	0.00039134565	0.030405551	0.0	0.0	0.0	0.0	0.0033051644	0.0	0.12990637	0.0	0.24110973
ERR6096543	0	Ursus arctos	0.0	0.0005245282	0.015821256	0.023878133	0.0	0.0	0.0	0.020732833	0.03443191	0.08801177	0.07920593	0.35121486	0.0	0.0	0.055060565	0.0	0.0	0.0	0.0	0.0	0.0	0.08518624	0.0	0.24593198
ERR6096544	0	Ursus arctos	0.0	0.0005245282	0.01077762	0.04664232	0.0	0.0	0.0	0.017694896	0.026202818	0.06995869	0.08343089	0.32249126	0.0	0.0	0.05382056	0.0	0.0	0.0	0.0	0.0032667732	0.0	0.11427986	0.0	0.25090978
ERR6096545	0	Ursus arctos	0.0	0.0	0.0	0.49566427	0.0	0.0	0.0	0.012623008	0.0	0.02914808	0.036181286	0.05683419	0.0	0.0	0.0033126776	0.0	0.0	0.0	0.0	0.0	0.0	0.02712089	0.0	0.3391156
ERR6096547	0	Ursus arctos	0.0	0.0	0.0	0.46320507	0.0	0.0	0.0	0.009763498	0.0033307045	0.03274661	0.06298137	0.08076787	0.0	0.003304302	0.0038722213	0.0	0.0	0.0	0.0	0.0	0.0	0.032547478	0.0	0.3074809
ERR6096548	0	Ursus arctos	0.0	0.0	0.0	0.47194678	0.003322726	0.0	0.0	0.008920693	0.0031329063	0.02004441	0.068305984	0.08507498	0.0	0.0	0.0067139235	0.0	0.0	0.0	0.0	0.00325416	0.0	0.015072688	0.0	0.31421074
ERR6096549	0	Ursus arctos	0.0	0.0	0.0	0.47133073	0.0	0.0	0.0	0.010545837	0.0031329063	0.036534227	0.071274966	0.05777083	0.0	0.003304302	0.00465546	0.0	0.0	0.0	0.0033333334	0.00325416	0.0	0.013203299	0.0	0.32165992
ERR6096550	0	Ursus arctos	0.0	0.0	0.0010868434	0.17270805	0.006645589	0.0	0.0	0.009853533	0.00068261573	0.02408836	0.09100167	0.05946992	0.0	0.0	0.026197666	0.0	0.0	0.0	0.0	0.00325416	0.0	0.02219179	0.0	0.5828198
ERR6096551	0	Ursus arctos	0.0	0.0016073391	0.0031704449	0.15882713	0.0032514671	0.0	0.0	0.009206715	0.01291315	0.026198119	0.08968748	0.052813556	0.0	0.002765054	0.026008695	0.0	0.0	0.0	0.0	0.0	0.0	0.042313274	0.0	0.57123756
ERR6096552	0	Ursus arctos	0.0	0.0	0.006014108	0.16122682	0.0	0.0	0.0	0.005318202	0.0	0.039330382	0.0715835	0.09180933	0.0	0.0	0.023220355	0.0	0.0	0.0	0.0	0.006534499	0.0	0.035044614	0.0	0.55991817
ERR6096554	0	Ursus arctos	0.0	0.0	0.0	0.15150945	0.0032514671	0.0	0.0	0.009930435	0.0065563717	0.033452764	0.0983051	0.053108804	0.0	0.00077625574	0.031983484	0.0	0.0	0.0	0.0	0.003280339	0.0	0.045618534	0.0	0.562227
ERR6096555	0	Ursus arctos	0.0	0.0	0.0029838209	0.02016412	0.0	0.0	0.0	0.0029786618	0.014009284	0.024273077	0.01983679	0.06122185	0.0	0.005086643	0.036999382	0.0	0.0	0.0	0.0	0.0	0.0	0.14707375	0.0	0.6653726
ERR6096557	0	Ursus arctos	0.0	0.0	0.005801894	0.029679388	0.0033279872	0.0	0.0	0.0055362387	0.005891193	0.021949537	0.018866237	0.05706675	0.0	0.0017349941	0.04256186	0.0	0.0	0.0	0.0	0.0	0.0	0.14962517	0.0	0.65795875
ERR6096570	0	Ursus arctos	0.0	0.0	0.006289492	0.019339103	0.0033279872	0.0	0.0	0.0009210152	0.0111900475	0.026404185	0.020493058	0.071198	0.0	0.005086643	0.027526295	0.0	0.0	0.0	0.0	0.0	0.0	0.14212783	0.0	0.6660963
ERR6096574	0	Ursus arctos	0.0	0.0	0.0022634093	0.013300918	0.0033279872	0.0	0.0	0.0029786618	0.012861417	0.035460744	0.021693181	0.061122168	0.0	0.005086643	0.037962932	0.0	0.0	0.0	0.0	0.0	0.0	0.14524621	0.0	0.65869576
ERR6096575	0	Ursus arctos	0.0	0.0	0.006084095	0.13381413	0.0	0.0	0.0	0.008678057	0.014804181	0.016405175	0.1129458	0.054303702	0.0	0.0	0.030785402	0.0	0.0	0.0	0.0	0.0	0.0	0.032738272	0.0	0.5894412
ERR6096576	0	Ursus arctos	0.0	0.0	0.00050169043	0.15300937	0.0	0.0	0.0	0.012346632	0.009820774	0.03092785	0.117545806	0.06028098	0.0	0.003304302	0.026473312	0.0	0.0	0.0	0.0	0.0	0.0	0.020592928	0.0	0.56519634
ERR6096579	0	Ursus arctos	0.0	0.0	0.007096798	0.1400272	0.0	0.0	0.0	0.01224598	0.009820774	0.02555738	0.13179955	0.09343767	0.0	0.005711876	0.019604104	0.0	0.0	0.0	0.0033333334	0.006584226	0.0	0.038625088	0.0	0.506156
ERR6096580	0	Ursus arctos	0.0	0.0	0.0038581148	0.15350413	0.0033253906	0.0	0.0	0.01681099	0.0033177084	0.013130385	0.10987772	0.070412435	0.0	0.0	0.025765186	0.0	0.0	0.0	0.0	0.003328017	0.0	0.034202684	0.0	0.5624672
ERR6096581	0	Ursus arctos	0.0	0.0	0.0034096134	0.3602734	0.0032494944	0.0	0.0	0.024728687	0.0	0.037052155	0.08325922	0.058953796	0.0	0.02796836	0.03406144	0.0	0.0	0.0	0.0	0.0	0.0	0.024655752	0.0	0.3423881
ERR6096582	0	Ursus arctos	0.0	0.0	0.00957806	0.37946674	0.0032050936	0.0	0.0	0.018863818	0.0024074074	0.056387313	0.11028609	0.07071078	0.0	0.031627625	0.028198963	0.0	0.0	0.0	0.0	0.00325416	0.0	0.021333301	0.0	0.26468065
ERR6096739	0	Ursus arctos	0.0	0.0	0.0	0.4150338	0.0	0.0	0.0	0.020202229	0.0	0.05814861	0.08875927	0.0754468	0.0	0.015523148	0.005883428	0.0	0.0	0.0	0.0	0.003280339	0.0033200742	0.03025164	0.0	0.28415066
ERR6096740	0	Ursus arctos	0.0	0.0060700104	0.0032355967	0.40054184	0.0	0.0	0.0	0.021934634	0.0033333334	0.034082193	0.096512645	0.04980124	0.0	0.02965413	0.030274466	0.0	0.0	0.0	0.0	0.0	0.0	0.030149387	0.0	0.2944105
ERR6096741	0	Ursus arctos	0.0	0.0	0.006205136	0.081403136	0.0	0.0	0.0	0.009268087	0.0020466237	0.021795793	0.028835477	0.083963074	0.0	0.0020793546	0.032660216	0.0	0.0	0.0	0.0	0.003319661	0.0	0.076930664	0.0	0.6514928
ERR6096742	0	Ursus arctos	0.0	0.0	0.011415791	0.09145618	0.0	0.0	0.0	0.016845591	0.001756924	0.028741216	0.058001105	0.07860487	0.0	0.0035724537	0.032990858	0.0	0.0	0.0	0.0	0.0	0.0	0.07534512	0.0	0.6012699
ERR6096743	0	Ursus arctos	0.0	0.0	0.0042204265	0.060865484	0.0	0.0	0.0	0.006481698	0.0068279374	0.014350591	0.03191655	0.08468035	0.0	0.003976714	0.045751836	0.0	0.0	0.0	0.0	0.0	0.0	0.09208947	0.0	0.64883894
ERR6096744	0	Ursus arctos	0.0	0.0	0.006702591	0.07393469	0.0	0.0	0.0	0.003202026	0.0036515554	0.023303462	0.045574646	0.08597209	0.0	0.0014930991	0.038251787	0.0	0.0	0.0	0.0	0.0033051644	0.0	0.05096592	0.0	0.66364294
ERR6096745	0	Ursus arctos	0.0	0.0005245282	0.010128078	0.025137724	0.0	0.0	0.0	0.0044958666	0.03679553	0.03083848	0.08264257	0.107550055	0.0	0.0016005649	0.036697462	0.0	0.0	0.0	0.0	0.0033051644	0.0	0.06973116	0.0	0.5905528
ERR6096746	0	Ursus arctos	0.0	0.0005245282	0.012589301	0.041811526	0.0	0.0	0.0	0.008306238	0.049918998	0.013840198	0.070172586	0.12512246	0.0	0.0	0.025827965	0.0	0.0	0.0	0.0	0.0032667732	0.0	0.089968875	0.0	0.55865055
ERR6096747	0	Ursus arctos	0.0	0.0005245282	0.013222064	0.036830336	0.0	0.0	0.0	0.013404416	0.034634538	0.0243203	0.06632694	0.12649466	0.0	0.00040426006	0.015494304	0.0	0.0	0.0	0.0	0.0	0.0	0.08181306	0.0	0.58653057
ERR6096748	0	Ursus arctos	0.0	0.0	0.010002803	0.032654032	0.0	0.0	0.0	0.006154834	0.034377266	0.027597181	0.069101505	0.13487852	0.0	0.0	0.044375226	0.0	0.0	0.0	0.0	0.0	0.0	0.07572053	0.0	0.5651381
ERR6096749	0	Ursus arctos	0.0	0.0064373654	0.011057024	0.012179937	0.0	0.0	0.0	0.013480137	0.101273224	0.037396055	0.13933721	0.09697198	0.0	0.0	0.016829276	0.0	0.0	0.0	0.0	0.0	0.0	0.052462175	0.0	0.5125756
ERR6096752	0	Ursus arctos	0.0	0.00078062806	0.0075279507	0.00864689	0.0	0.0	0.0	0.008864004	0.10636955	0.021253724	0.14132693	0.093323894	0.0	0.0	0.017373405	0.0	0.0	0.0	0.0	0.0	0.0	0.048768204	0.0	0.5457648
ERR6096755	0	Ursus arctos	0.0	0.00078062806	0.007852173	0.01451445	0.0	0.0	0.0	0.011993626	0.08413483	0.0437214	0.12289339	0.11029263	0.0	0.0	0.013855998	0.0	0.0	0.0	0.0	0.0	0.0	0.057348695	0.0	0.5326122
ERR6096759	0	Ursus arctos	0.0	0.003435233	0.0075567523	0.014071827	0.0	0.0	0.0	0.008431351	0.089468755	0.046358418	0.13075832	0.08323531	0.0	0.0	0.016737808	0.0	0.0	0.0	0.0	0.0	0.0	0.050932515	0.0	0.54901373
ERR6096760	0	Ursus arctos	0.0	0.0011757606	0.0030936543	0.03224365	0.0	0.0	0.0	0.014110203	0.16331907	0.038825948	0.24123244	0.266199	0.0	0.0	0.019673483	0.0	0.0	0.0	0.0	0.006556047	0.0	0.066887274	0.0	0.14668347
ERR6096762	0	Ursus arctos	0.0	0.0011757606	0.006684369	0.032973908	0.0	0.0	0.0	0.012215311	0.15527195	0.037229467	0.26119643	0.21331942	0.0	0.0	0.03947799	0.0	0.0	0.0	0.0	0.0	0.0	0.084671	0.0	0.1557844
ERR6096764	0	Ursus arctos	0.0	0.0012856475	0.0054185507	0.026241908	0.0	0.0	0.0	0.003991382	0.15281364	0.043869488	0.2688246	0.193354	0.0	0.0031798414	0.044422187	0.0	0.0	0.0	0.0	0.0	0.0	0.14000933	0.0	0.11658942
ERR6096766	0	Ursus arctos	0.0	0.00323956	0.0054264097	0.035516087	0.0	0.0	0.0	0.014769512	0.18340956	0.03020385	0.26760215	0.22178477	0.0	0.0	0.018351885	0.0	0.0	0.0	0.0	0.0	0.0	0.08447822	0.0	0.13521801
ERR6096776	0	Ursus arctos	0.0	0.0	0.0028191248	0.20222159	0.0	0.0	0.0	0.005438552	0.0	0.022316815	0.08241663	0.045735918	0.0	0.0040805577	0.013984841	0.0	0.0	0.0	0.0	0.0	0.0	0.02407595	0.0	0.59691
ERR6096784	0	Ursus arctos	0.0	0.0	0.0	0.19148743	0.0	0.0	0.0	0.0131751215	0.0	0.033703826	0.08862352	0.044702798	0.0	0.0040805577	0.011695469	0.0	0.0	0.0	0.0	0.0065593245	0.0	0.013729168	0.0	0.5922428
ERR6096796	0	Ursus arctos	0.0	0.0	0.0	0.1912783	0.0	0.0	0.0	0.017295258	0.0	0.025340911	0.073548496	0.046006743	0.0	0.00077625574	0.013224656	0.0	0.0	0.0	0.0	0.00325416	0.0	0.041552708	0.0	0.58772254
ERR6096814	0	Ursus arctos	0.0	0.0	0.0047916393	0.22700466	0.0	0.0	0.0	0.009930435	0.0	0.021730052	0.07122961	0.055720657	0.0	0.00077625574	0.009242965	0.0	0.0	0.0	0.0	0.0	0.0	0.03430499	0.0	0.56526875
ERR6096818	0	Ursus arctos	0.0	0.0	0.006473439	0.09846971	0.0	0.0	0.0	0.02138046	0.010378537	0.042568423	0.05153555	0.11778574	0.0	0.0	0.029810404	0.0	0.0	0.0	0.0	0.0	0.0	0.09657659	0.0	0.52502114
ERR6096822	0	Ursus arctos	0.0	0.0	0.003417471	0.08327891	0.0	0.0	0.0	0.032853857	0.010326731	0.046457175	0.07795408	0.11082735	0.0	0.0	0.02470119	0.0	0.0	0.0	0.0	0.0	0.0	0.08201983	0.0	0.5281634
ERR6096826	0	Ursus arctos	0.0	0.0	0.0037553578	0.10774677	0.0	0.0	0.0	0.021030668	0.014068765	0.042680398	0.07135973	0.11068233	0.0	0.0	0.01953726	0.0	0.0	0.0	0.0	0.0	0.0	0.075146	0.0	0.5339927
ERR6096829	0	Ursus arctos	0.0	0.0	0.00046747102	0.109567806	0.0	0.0	0.0	0.018585585	0.015816983	0.034159984	0.08260042	0.098507985	0.0	0.0033333334	0.016350895	0.0	0.0	0.0	0.0	0.0033051644	0.0	0.0561444	0.0	0.56115997
ERR6096835	0	Ursus arctos	0.0	0.0	0.010767854	0.034519687	0.0	0.0	0.0	0.01141971	0.010997999	0.040580526	0.037689216	0.15397517	0.0	0.0033333334	0.036741566	0.0	0.0	0.0	0.0	0.0	0.0	0.124085926	0.0	0.535889
ERR6096842	0	Ursus arctos	0.0	0.0	0.0011333607	0.026097355	0.0	0.0	0.0	0.015089368	0.014489565	0.02923304	0.038558785	0.15173583	0.0	0.0	0.04001969	0.0	0.0	0.0	0.0	0.0	0.0	0.11771716	0.0	0.56592584
ERR6096847	0	Ursus arctos	0.0	0.0	0.0055503524	0.033451386	0.0	0.0	0.0	0.015786206	0.0118193505	0.04018523	0.043225456	0.12759915	0.0	0.0	0.037820507	0.0	0.0	0.0	0.0	0.0	0.0	0.11306189	0.0	0.5715005
ERR6096853	0	Ursus arctos	0.0	0.0	0.011529165	0.03623186	0.0	0.0	0.0	0.009168689	0.013618954	0.028267471	0.050414953	0.13884841	0.0	0.0033333334	0.04104703	0.0	0.0	0.0	0.0	0.0	0.0	0.09553731	0.0	0.5720028
ERR6096886	0	Ursus arctos	0.0	0.0	0.0046048257	0.14468214	0.0	0.0	0.0	0.023508605	0.0055809054	0.10105497	0.06090138	0.14589825	0.0	0.09103102	0.039904356	0.0	0.0	0.0	0.0	0.004227598	0.0	0.03047699	0.0	0.34812894
ERR6096922	0	Ursus arctos	0.0	0.0	0.007979076	0.15188707	0.0	0.0	0.0	0.026661089	0.0	0.13353446	0.07915308	0.1534831	0.0	0.109202154	0.026417533	0.0	0.0	0.0	0.0	0.0060226503	0.0	0.026932005	0.0	0.27872777
ERR6096923	0	Ursus arctos	0.0	0.0	0.0014894219	0.14614272	0.0	0.0	0.0	0.026936594	0.0	0.101323836	0.07855888	0.15014268	0.0	0.13053638	0.034107197	0.0	0.0	0.0	0.0	0.0	0.0	0.031476546	0.0	0.29928577
ERR6096924	0	Ursus arctos	0.0	0.0	0.00046747102	0.151825	0.0	0.0	0.0	0.02560926	0.005738112	0.11124254	0.08327042	0.17688246	0.0	0.10793196	0.017337818	0.0	0.0	0.0	0.0	0.0027095517	0.0	0.0338085	0.0	0.2831769
ERR6096925	0	Ursus arctos	0.0	0.0	0.0076206387	0.3362254	0.0	0.0	0.0	0.022977484	0.0	0.030850075	0.10247832	0.07279404	0.0	0.006637635	0.0073499586	0.0	0.0	0.0	0.0	0.00325416	0.0	0.016786931	0.0	0.39302537
ERR6096926	0	Ursus arctos	0.0	0.0	0.013468301	0.37395242	0.0032514671	0.0	0.0	0.010470052	0.0	0.047423925	0.10495803	0.08570814	0.0	0.006666667	0.0025500944	0.0	0.0	0.0	0.0	0.0	0.0	0.012929045	0.0	0.33862185
ERR6096927	0	Ursus arctos	0.0	0.0	0.0049272645	0.3311475	0.006577566	0.0	0.0	0.025057448	0.006598548	0.0643458	0.08313004	0.055582136	0.0	0.0090532005	0.012058464	0.0	0.0	0.0	0.0	0.00325416	0.0033200742	0.008493522	0.0	0.38645428
ERR6096928	0	Ursus arctos	0.0	0.0028331585	0.0054445514	0.33066848	0.0	0.0	0.0	0.037452444	0.0	0.03708838	0.08892318	0.06643224	0.0	0.006666667	0.0064713517	0.0	0.0	0.0	0.0	0.00325416	0.0	0.0072909	0.0	0.4074745
ERR6096929	0	Ursus arctos	0.0	0.0007611193	0.004119965	0.020456197	0.0	0.0	0.0	0.0011000436	0.12948625	0.0006493826	0.18331324	0.10093674	0.0	0.00077625574	0.021360803	0.0	0.0	0.0	0.0	0.0	0.0	0.05931746	0.0	0.47772256
ERR6096930	0	Ursus arctos	0.0	0.0007611193	0.0034637365	0.010628754	0.0	0.0	0.0	0.012342287	0.10919298	0.016787494	0.15389386	0.11641886	0.0	0.0	0.022723215	0.0	0.0	0.0	0.0	0.0	0.0	0.0663145	0.0	0.4874732
ERR6096931	0	Ursus arctos	0.0	0.00025609988	0.0010497244	0.0164402	0.0	0.0	0.0	0.0057819807	0.11422399	0.0018231097	0.16888991	0.10680729	0.0	0.0	0.020683974	0.0	0.0	0.0	0.0	0.0033051644	0.0	0.086039126	0.0	0.47469944
ERR6096932	0	Ursus arctos	0.0	0.0012856475	0.001139164	0.010979018	0.0	0.0	0.0	0.0025491887	0.113419324	0.013427653	0.16645595	0.08646365	0.0	0.0	0.030776428	0.0	0.0	0.0	0.0	0.0	0.0	0.056929093	0.0	0.51657486
ERR6096933	0	Ursus arctos	0.0	0.0	0.02076749	0.0	0.0	0.0	0.0	0.0022029055	0.0057981457	0.020590486	0.011271031	0.08449847	0.0	0.012108589	0.14755236	0.0	0.0	0.0	0.0	0.003280339	0.0	0.08456561	0.0	0.6073646
ERR6096934	0	Ursus arctos	0.0	0.0	0.023794359	0.0046141804	0.0	0.0	0.0	0.00269402	0.0012509295	0.035322044	0.013731199	0.08849281	0.0	0.023918094	0.14175756	0.0	0.0	0.0	0.0	0.009712956	0.0	0.091271	0.0	0.56344086
ERR6096935	0	Ursus arctos	0.0	0.0	0.02093399	0.013512367	0.0	0.0	0.0	0.00269402	0.0031289684	0.023895118	0.0065021412	0.07046434	0.0	0.028682219	0.1284194	0.0	0.0	0.0	0.0	0.0	0.0	0.07297619	0.0	0.6287913
ERR6096937	0	Ursus arctos	0.0	0.0	0.026983816	0.012022987	0.0	0.0	0.0	0.00269402	0.0031289684	0.02000664	0.009476733	0.06735766	0.0	0.021818548	0.1525942	0.0	0.0	0.0	0.0	0.0	0.0	0.084795624	0.0	0.5991208
ERR6096955	0	Ursus arctos	0.0	0.0	0.0031835686	0.5940142	0.013309253	0.0	0.0	0.011199141	0.013264866	0.07568125	0.048619807	0.100418776	0.0	0.07003976	0.0033333334	0.0	0.0	0.0	0.0	0.0	0.0033200742	0.018979056	0.0	0.044636868
ERR6097155	0	Ursus arctos	0.0	0.0	0.0	0.64162874	0.009902919	0.0	0.0	0.007879694	0.015664019	0.06446005	0.064825065	0.06317569	0.0	0.07704216	0.009315581	0.0	0.0	0.0	0.0	0.0	0.0	0.009599325	0.0	0.03650674
ERR6097156	0	Ursus arctos	0.0	0.0	0.0031835686	0.64519644	0.009902841	0.0	0.0	0.016947933	0.009927479	0.06358058	0.049203813	0.07749598	0.0	0.04964195	0.0046919733	0.0	0.0	0.0	0.0	0.0	0.0	0.0065000854	0.0	0.06372739
ERR6097514	0	Ursus arctos	0.0	0.0	0.0012967079	0.6507358	0.009902841	0.0	0.0	0.01050487	0.009984026	0.06359718	0.050028745	0.054224152	0.0	0.06236498	0.012136675	0.0	0.0	0.0	0.0	0.0023577237	0.0	0.016435279	0.0	0.056431003
ERR6097549	0	Ursus arctos	0.0	0.0	0.0049548694	0.42674753	0.0	0.0	0.0	0.012607189	0.0	0.038831536	0.064139016	0.08007069	0.0	0.0033333334	0.01916116	0.0	0.0	0.0	0.0	0.0	0.0	0.012603928	0.0	0.33755076
ERR6097552	0	Ursus arctos	0.0	0.0	0.003230214	0.4615093	0.0032514671	0.0	0.0	0.008251536	0.0	0.033768617	0.085570306	0.06839028	0.0	0.0033333334	0.0	0.0	0.0	0.0	0.0033333334	0.0	0.0	0.02110504	0.0	0.3082566
ERR6097573	0	Ursus arctos	0.0	0.0	0.004861222	0.44365513	0.0	0.0	0.0	0.0075355195	0.003254987	0.044182837	0.07775257	0.06439367	0.0	0.013291713	0.01330466	0.0	0.0	0.0	0.0033333334	0.00325416	0.0	0.008783868	0.0	0.31239632
ERR6097575	0	Ursus arctos	0.0	0.0	0.0030738818	0.4390626	0.0033253906	0.0	0.0	0.0055362387	0.0066407374	0.023411829	0.092035934	0.052296482	0.0	0.009890387	0.008039602	0.0	0.0	0.0	0.0033333334	0.0	0.0	0.013673739	0.0	0.33967984
ERR6097576	0	Ursus arctos	0.0	0.00025609988	0.016818088	0.015557675	0.0	0.0	0.0	0.005424194	0.023026472	0.060646985	0.059461005	0.15455635	0.0	0.0073161633	0.04017619	0.0	0.0	0.0	0.0	0.0031365314	0.0	0.13637273	0.0	0.47725153
ERR6097577	0	Ursus arctos	0.0	0.00035224165	0.013178846	0.01686752	0.0	0.0	0.0	0.0055362387	0.019431343	0.04242549	0.036272407	0.099839665	0.0	0.0020554243	0.03681756	0.0	0.0	0.0	0.0	0.0	0.0	0.13368253	0.0	0.5935407
ERR6097579	0	Ursus arctos	0.0	0.00025609988	0.0095927995	0.016552662	0.0	0.0	0.0	0.0022029055	0.026010998	0.049698673	0.059997283	0.120844804	0.0	0.0075515034	0.04331653	0.0	0.0	0.0	0.0	0.0033051644	0.0	0.115659796	0.0	0.5450108
ERR6097580	0	Ursus arctos	0.0	0.0	0.011490355	0.0116337985	0.003322641	0.0	0.0	0.010566306	0.016883714	0.05323716	0.04006606	0.162279	0.0	0.0024960905	0.045557365	0.0	0.0	0.0	0.0	0.0064045563	0.0	0.116498545	0.0	0.51956445
ERR6097581	0	Ursus arctos	0.0	0.003230575	9.999399e-05	0.5035657	0.0	0.0	0.0	0.0071754437	0.0	0.034212627	0.07328678	0.09479954	0.0	0.0030534351	0.007813488	0.0	0.0	0.0	0.0033333334	0.0	0.0	0.01124057	0.0	0.25818846
ERR6097583	0	Ursus arctos	0.0	0.0	0.0062989723	0.5275333	0.0	0.0	0.0	0.012677554	0.0	0.025363231	0.0843259	0.10662569	0.0	0.0063867685	0.012921582	0.0	0.0	0.0	0.0033333334	0.0	0.0	0.012804796	0.0	0.20172891
ERR6097619	0	Ursus arctos	0.0	0.0	0.0031641715	0.549367	0.0	0.0	0.0	0.011627134	0.0	0.028154979	0.061497264	0.08075554	0.0	0.00488884	0.013002169	0.0	0.0	0.0	0.0033333334	0.0	0.0	0.020108357	0.0	0.22410122
ERR6097621	0	Ursus arctos	0.0	0.0	0.0	0.5404085	0.0	0.0	0.0	0.007297361	0.0031734982	0.035775896	0.06752965	0.096437246	0.0	0.0	0.0065291193	0.0	0.0	0.0	0.0033333334	0.0	0.0	0.031330068	0.0	0.20818533
ERR6097622	0	Ursus arctos	0.0	0.0	0.0	0.36377436	0.0	0.0	0.0	0.012615251	0.0	0.04964057	0.10698262	0.05929171	0.0	0.0014930991	0.021012962	0.0	0.0	0.0	0.0	0.00325416	0.0	0.050287057	0.0	0.3316482
ERR6097623	0	Ursus arctos	0.0	0.0	0.0	0.36677256	0.0	0.0	0.0	0.026523268	0.0	0.04710966	0.097763054	0.050593592	0.0	0.006586434	0.02441761	0.0	0.0	0.0	0.0	0.0033300659	0.0	0.06156008	0.0	0.31534368
ERR6097625	0	Ursus arctos	0.0	0.0	0.0030738818	0.33837003	0.0	0.0	0.0	0.014819301	0.0	0.05124986	0.08835202	0.07054845	0.0	0.0014930991	0.023391355	0.0	0.0	0.0	0.0	0.0033051644	0.0	0.039291415	0.0	0.36610544
ERR6097626	0	Ursus arctos	0.0	0.0	0.0028191248	0.3270705	0.0	0.0	0.0	0.030118851	0.0	0.05080407	0.0875457	0.0740183	0.0	0.0047752312	0.03457506	0.0	0.0	0.0	0.0	0.0	0.0	0.032768153	0.0	0.355505
ERR6097627	0	Ursus arctos	0.0	0.00106011	0.0027301314	0.04460457	0.0	0.0	0.0	0.025080362	0.24012317	0.030291239	0.3443418	0.19282813	0.0	0.0	0.010708468	0.0	0.0	0.0	0.0	0.0	0.0	0.06318506	0.0	0.045046933
ERR6097628	0	Ursus arctos	0.0	0.0018407382	0.0035150547	0.029388733	0.0	0.0	0.0	0.014255273	0.24902244	0.023146205	0.29641268	0.21912497	0.0	0.0	0.024854453	0.0	0.0	0.0	0.0	0.0	0.0	0.0869272	0.0	0.051512264
ERR6097629	0	Ursus arctos	0.0	0.00090733235	0.0055445083	0.025945013	0.0	0.0	0.0	0.008808272	0.23887178	0.017046357	0.32927594	0.22959179	0.0	0.0	0.020728327	0.0	0.0	0.0	0.0	0.0	0.0	0.06324809	0.0	0.06003261
ERR6097630	0	Ursus arctos	0.0	0.00323956	0.002389009	0.025321849	0.0	0.0	0.0	0.014223926	0.23226611	0.02003752	0.33268407	0.2230285	0.0	0.0033333334	0.030107386	0.0	0.0	0.0	0.0	0.0	0.0	0.06478131	0.0	0.04858745
ERR6097759	0	Ursus arctos	0.0	0.0	0.0030738818	0.5007242	0.003328034	0.0	0.0	0.018277578	0.0	0.058852963	0.04608894	0.0389485	0.0	0.013656759	0.009925393	0.0	0.0	0.0	0.0	0.003251219	0.0	0.038011257	0.0	0.2658613
ERR6098066	0	Ursus arctos	0.0	0.0055516954	0.0010897217	0.520642	0.0033280298	0.0	0.0	0.011836735	0.0	0.052094333	0.046788514	0.055244703	0.0	0.010332249	0.022341656	0.0	0.0	0.0	0.0	0.0	0.0	0.027791765	0.0	0.2429586
ERR6098349	0	Ursus arctos	0.0	0.0033182686	0.0	0.5413709	0.0	0.0	0.0	0.015118835	0.0	0.04571099	0.04807495	0.07138232	0.0	0.016560929	0.0099865915	0.0	0.0	0.0	0.0	0.003251219	0.0	0.0319579	0.0	0.21326706
ERR6098517	0	Ursus arctos	0.0	0.0	0.0	0.51234573	0.0033279913	0.0	0.0	0.005529195	0.0	0.04769661	0.05836605	0.06826183	0.0	0.016983578	0.02230008	0.0	0.0	0.0	0.0	0.0033293446	0.0	0.018164385	0.0	0.24369518
ERR6098519	0	Ursus arctos	0.0	0.0	0.0	0.2862695	0.0	0.0	0.0	0.006063424	0.0	0.04080425	0.051444326	0.0767611	0.0	0.0014930991	0.020292236	0.0	0.0	0.0	0.0	0.00325416	0.0	0.056455996	0.0	0.4571619
ERR6098520	0	Ursus arctos	0.0	0.0	0.0028538813	0.26624706	0.0	0.0	0.0	0.01882196	0.0	0.038472075	0.066191174	0.058773153	0.0	0.002248062	0.020629501	0.0	0.0	0.0	0.0	0.0033051644	0.0	0.046396222	0.0	0.47606176
ERR6098552	0	Ursus arctos	0.0	0.0	0.0067482833	0.24700664	0.0	0.0	0.0	0.009574724	0.0027147941	0.029812066	0.068248525	0.08196661	0.0	0.005694127	0.02870326	0.0	0.0	0.0	0.0	0.003251219	0.0	0.042396657	0.0	0.4738831
ERR6098553	0	Ursus arctos	0.0	0.0	0.0011722012	0.2707285	0.0	0.0	0.0	0.011897853	0.0027147941	0.025487658	0.059548475	0.07829846	0.0	0.002248062	0.025556445	0.0	0.0	0.0	0.0	0.0	0.0	0.045395087	0.0	0.47695246
ERR6098554	0	Ursus arctos	0.0	0.0005245282	0.0053765494	0.077111654	0.0	0.0	0.0	0.037792005	0.034802586	0.042713452	0.100434415	0.12061498	0.0	0.0	0.024637425	0.0	0.0	0.0	0.0	0.0033051644	0.0	0.09749802	0.0	0.45518923
ERR6098555	0	Ursus arctos	0.0	0.0	0.008320273	0.05262793	0.0	0.0	0.0	0.01869007	0.052110776	0.053420544	0.10076861	0.114389785	0.0	0.0025112499	0.013932071	0.0	0.0	0.0	0.0	0.0	0.0	0.08273812	0.0	0.5004906
ERR6098556	0	Ursus arctos	0.0	0.0	0.0039664726	0.07147508	0.0	0.0	0.0	0.01716362	0.0627829	0.03916149	0.097194135	0.13928512	0.0	0.0	0.0122813145	0.0	0.0	0.0	0.0	0.003319661	0.0	0.10409799	0.0	0.44927222
ERR6098557	0	Ursus arctos	0.0	0.0	0.0040357457	0.05028781	0.0	0.0	0.0	0.022208627	0.044541605	0.042941533	0.10121884	0.17887908	0.0	0.006637635	0.040249072	0.0	0.0	0.0	0.0	0.0065864343	0.0	0.061267983	0.0	0.44114563
ERR6098559	0	Ursus arctos	0.0	0.0	0.0	0.40541604	0.0	0.0	0.0	0.0034051198	0.0	0.022455579	0.091036454	0.07195988	0.0	0.0	0.01730849	0.0	0.0	0.0	0.0033333334	0.00325416	0.0	0.008746744	0.0	0.3730842
ERR6098560	0	Ursus arctos	0.0	0.0	0.0	0.43348804	0.0	0.0	0.0	0.0	0.0033177084	0.020845467	0.09470203	0.066099755	0.0	0.0	0.008785925	0.0	0.0	0.0	0.0033333334	0.009839663	0.0	0.016841987	0.0	0.3427461
ERR6098730	0	Ursus arctos	0.0	0.0	0.0	0.3980908	0.0032514671	0.0	0.0	0.0053948867	0.0031329063	0.019958576	0.10594207	0.082474455	0.0	0.0	0.0032863482	0.0	0.0	0.0	0.0033333334	0.0	0.0	0.011364128	0.0	0.36377102
ERR6098929	0	Ursus arctos	0.0	0.0	0.0	0.36624506	0.0032514671	0.0	0.0	0.0010306007	0.0033177084	0.018671105	0.11136594	0.06425006	0.0	0.0033333334	0.014298943	0.0	0.0	0.0	0.0033333334	0.0	0.0	0.013084572	0.0	0.39781788
ERR6098930	0	Ursus arctos	0.0	0.0	0.0019641207	0.29505163	0.003322641	0.0	0.0	0.0075344387	0.0024535952	0.039604116	0.07812567	0.08104385	0.0	0.00890699	0.035018954	0.0	0.0	0.0	0.0	0.0065593245	0.0	0.04119866	0.0	0.399216
ERR6098932	0	Ursus arctos	0.0	0.0	0.0055961586	0.24616571	0.0033279913	0.0	0.0	0.018850004	0.0	0.030431079	0.07598812	0.06930166	0.0	0.0037085619	0.04681469	0.0	0.0	0.0	0.0	0.006534499	0.0	0.038303964	0.0	0.45497754
ERR6098934	0	Ursus arctos	0.0	0.0	0.0015885339	0.25978062	0.0	0.0	0.0	0.006919604	0.0	0.023394827	0.080698736	0.056284484	0.0	0.0011805157	0.035395898	0.0	0.0	0.0	0.0	0.003280339	0.0	0.046365272	0.0	0.48511118
ERR6098936	0	Ursus arctos	0.0	0.0	0.004242602	0.23107553	0.003322641	0.0	0.0	0.013944502	0.0	0.013963734	0.086574405	0.06579878	0.0	0.0041028713	0.041059878	0.0	0.0	0.0	0.0033333334	0.009864565	0.0	0.050891507	0.0	0.47182566
ERR6098937	0	Ursus arctos	0.0	0.0028678095	0.004055977	0.03019528	0.0	0.0	0.0	0.008277579	0.21513873	0.028273435	0.3073819	0.14799671	0.0	0.0	0.022190755	0.0	0.0	0.0	0.0	0.0	0.0	0.09369455	0.0	0.13992725
ERR6098938	0	Ursus arctos	0.0	0.001113361	0.00545949	0.030512389	0.0	0.0	0.0	0.009245766	0.22436471	0.030653415	0.3283413	0.113646574	0.0	0.0	0.022127159	0.0	0.0	0.0	0.0	0.0032667732	0.0	0.115500905	0.0	0.115768164
ERR6098939	0	Ursus arctos	0.0	0.0037445794	0.0047101043	0.020512031	0.0	0.0	0.0	0.016613616	0.26865745	0.02223048	0.337257	0.12084643	0.0	0.0	0.025130808	0.0	0.0	0.0	0.0	0.0	0.0	0.11755034	0.0	0.062747166
ERR6098940	0	Ursus arctos	0.0	0.00298346	0.002133114	0.025763897	0.0	0.0	0.0	0.001968659	0.22113162	0.028158445	0.3280198	0.15560155	0.0	0.0011963048	0.013574295	0.0	0.0	0.0	0.0	0.0	0.0	0.12157656	0.0	0.09789229
ERR6098982	0	Ursus arctos	0.0	0.0	0.0036366726	0.18314923	0.0	0.0	0.0	0.023455739	0.0044844234	0.02331524	0.067840904	0.08210492	0.0	0.0020793546	0.028906254	0.0	0.0	0.0	0.0	0.0033051644	0.0	0.03525331	0.0	0.5424688
ERR6098983	0	Ursus arctos	0.0	0.002601969	0.0053962353	0.13297088	0.0	0.0	0.0	0.009175192	0.0031734982	0.019303268	0.07550016	0.0645274	0.0	0.0030243178	0.020862294	0.0	0.0	0.0	0.0	0.0	0.0	0.052838605	0.0	0.61062616
ERR6098984	0	Ursus arctos	0.0	0.0	0.0028538813	0.16193451	0.0033253653	0.0	0.0	0.013610208	0.0048388382	0.050692704	0.06931587	0.06516329	0.0	0.002248062	0.015990194	0.0	0.0	0.0	0.0	0.0033051644	0.0	0.028326068	0.0	0.57839584
ERR6098985	0	Ursus arctos	0.0	0.0	0.0043753064	0.19214486	0.0	0.0	0.0	0.00732091	0.0	0.020520456	0.0703049	0.053633377	0.0	0.002248062	0.02198865	0.0	0.0	0.0	0.0	0.0033051644	0.0	0.04283637	0.0	0.58132195
ERR6098990	0	Ursus arctos	0.0	0.0	0.0035459336	0.009857552	0.0	0.0	0.0	0.00269402	0.008955261	0.014575216	0.016927455	0.06744349	0.0	0.008358361	0.038706135	0.0	0.0	0.0	0.0	0.0033248488	0.0	0.1406633	0.0	0.68494844
ERR6099166	0	Ursus arctos	0.0	0.0	0.0022634093	0.0036108908	0.0	0.0	0.0	0.00269402	0.011769988	0.024008002	0.021152232	0.0449172	0.0	0.00961818	0.052335452	0.0	0.0	0.0	0.0	0.0	0.0	0.14636974	0.0	0.6812609
ERR6099349	0	Ursus arctos	0.0	0.0	0.00500876	0.0069373376	0.0	0.0	0.0	0.0022029055	0.013360096	0.022729335	0.021954134	0.055141196	0.0	0.00961818	0.03531051	0.0	0.0	0.0	0.0	0.0032258064	0.0	0.14568497	0.0	0.67882675
ERR6099809	0	Ursus arctos	0.0	0.0016426943	0.003519338	0.011817871	0.0033279872	0.0	0.0	0.00269402	0.011769988	0.021186823	0.017533962	0.061381128	0.0	0.011591167	0.03932054	0.0	0.0	0.0	0.0	0.0032258064	0.0	0.13610467	0.0	0.674884
ERR6099810	0	Ursus arctos	0.0	0.04940179	0.08731293	0.12635075	0.0	0.0	0.0	0.018469367	0.0065883207	0.049755	0.047845695	0.053702738	0.0	0.020747632	0.03357677	0.0	0.0	0.0	0.0	0.0065714293	0.0	0.03977265	0.0	0.45990494
ERR6099811	0	Ursus arctos	0.0	0.06922304	0.084774025	0.13088866	0.0033279913	0.0	0.0	0.0075075813	0.0	0.034075484	0.06360813	0.04990958	0.0	0.018962022	0.01712049	0.0	0.0	0.0	0.0	0.008832208	0.0	0.045032267	0.0	0.46673852
ERR6099812	0	Ursus arctos	0.0	0.06297132	0.094941966	0.11936356	0.0	0.0	0.0	0.016919302	0.0	0.032887377	0.05206717	0.05626298	0.0	0.018247418	0.018782107	0.0	0.0	0.0	0.0	0.0	0.0	0.049514297	0.0	0.4780425
ERR6099813	0	Ursus arctos	0.0	0.06706555	0.06177561	0.11881458	0.006653363	0.0	0.0	0.007677976	0.0	0.029826464	0.04094726	0.058720957	0.0	0.025265038	0.026277112	0.0	0.0	0.0	0.0	0.012080615	0.0	0.03148248	0.0	0.513413
ERR6099814	0	Ursus arctos	0.0	0.0030662718	0.0048263925	0.43792692	0.013232955	0.0	0.0	0.0012022144	0.0	0.033058036	0.08741769	0.039840583	0.0	0.0133418115	0.057520363	0.0	0.0	0.0	0.0033333334	0.004660888	0.0	0.04712769	0.0	0.25344485
ERR6099815	0	Ursus arctos	0.0	0.0	0.0064272974	0.50110686	0.006650675	0.0	0.0	0.002518741	0.0	0.031246316	0.089377046	0.03771173	0.0	0.0132713895	0.039362844	0.0	0.0	0.0	0.0033333334	0.0023577237	0.0	0.026122749	0.0	0.2405133
ERR6099816	0	Ursus arctos	0.0	0.0	0.003927556	0.42946947	0.0	0.0	0.0	0.008291859	0.003254987	0.027791513	0.090673506	0.046113316	0.0	0.0151282055	0.044431444	0.0	0.0	0.0	0.0033333334	0.0014067278	0.0	0.032878052	0.0	0.29330003
ERR6099817	0	Ursus arctos	0.0	0.0030662718	0.0037258824	0.4392244	0.0066534244	0.0	0.0	0.014890621	0.0	0.027385468	0.09452252	0.056828614	0.0	0.006678284	0.050687768	0.0	0.0	0.0	0.0033333334	0.0065805633	0.0	0.027831301	0.0	0.25859156
ERR6099818	0	Ursus arctos	0.0	0.0030662718	0.0004007866	0.3481713	0.0	0.0	0.0	0.0051622824	0.0	0.024053285	0.1180994	0.06666873	0.0	0.0	0.018138798	0.0	0.0	0.0	0.0033306624	0.0061398237	0.0	0.027455889	0.0	0.37931278
ERR6099824	0	Ursus arctos	0.0	0.0	0.0	0.3732184	0.0032514671	0.0	0.0	0.010509672	0.0033177084	0.010766197	0.13448332	0.06166155	0.0	0.003304302	0.014066901	0.0	0.0	0.0	0.0	0.006534499	0.0	0.014730645	0.0	0.36415535
ERR6099825	0	Ursus arctos	0.0	0.0	0.0	0.39409715	0.0	0.0	0.0	0.0022974755	0.0	0.015247093	0.119801395	0.041202582	0.0	0.0	0.019268448	0.0	0.0	0.0	0.0	0.0	0.0	0.011033837	0.0	0.39705202
ERR6099826	0	Ursus arctos	0.0	0.0	0.0	0.3352854	0.0032514671	0.0	0.0	0.0073992996	0.0	0.020226145	0.13841702	0.06681116	0.0	0.0	0.018693613	0.0	0.0	0.0	0.0	0.00325416	0.0	0.020032587	0.0	0.38662916
ERR6101230	0	Ursus arctos	0.0	0.0	0.0	0.42465472	0.009981292	0.0	0.0	0.025282623	0.0	0.05392169	0.06384616	0.045853678	0.0	0.003304302	0.01499556	0.0	0.0	0.0	0.0	0.0033293446	0.0	0.025480663	0.0	0.32934996
ERR6108965	0	Ursus arctos	0.0	0.0	0.005030384	0.42754996	0.003328034	0.0	0.0	0.023958066	0.0033013844	0.035655074	0.05860341	0.058284815	0.0	0.006637635	0.012593514	0.0	0.0	0.0	0.0	0.0033293446	0.0	0.034886133	0.0	0.32684225
ERR6108966	0	Ursus arctos	0.0	0.0	0.0016970506	0.44817835	0.003328034	0.0	0.0	0.021930106	0.0031329063	0.028298799	0.060383115	0.06835014	0.0	0.0055813952	0.015342218	0.0	0.0	0.0	0.0	0.0033293446	0.0	0.02006827	0.0	0.32038027
ERR6108967	0	Ursus arctos	0.0	0.0	0.0	0.44358394	0.003328034	0.0	0.0	0.01953065	0.0	0.04663462	0.06802567	0.06601299	0.0	0.005552364	0.01311282	0.0	0.0	0.0	0.0	0.00325416	0.0	0.03450865	0.0	0.2964561
ERR6108968	0	Ursus arctos	0.0	0.0	0.009423983	0.20779015	0.0	0.0	0.0	0.018882956	0.0033226325	0.021364687	0.12454331	0.08896385	0.0	0.0074362047	0.047741454	0.0	0.0	0.0	0.0	0.0	0.0	0.05069031	0.0	0.41984046
ERR6108969	0	Ursus arctos	0.0	0.0	0.006810859	0.17391258	0.0033252493	0.0	0.0	0.015753353	0.0033177084	0.019398332	0.1282046	0.10802462	0.0	0.0074362047	0.052409977	0.0	0.0	0.0	0.0	0.009420163	0.0	0.046482943	0.0	0.42550343
ERR6108970	0	Ursus arctos	0.0	0.0	0.006349243	0.18945129	0.0	0.0	0.0	0.0066636316	0.0033177084	0.028575907	0.10111207	0.11250501	0.0	0.0040805577	0.05851694	0.0	0.0	0.0	0.0033333334	0.0032874558	0.0	0.03422984	0.0	0.44857702
ERR6108971	0	Ursus arctos	0.0	0.0	0.009221012	0.17609513	0.0	0.0	0.0	0.01751135	0.00895761	0.031999126	0.12159715	0.11373338	0.0	0.004109589	0.05028867	0.0	0.0	0.0	0.0	0.0	0.0	0.06270018	0.0	0.4037868
ERR6108972	0	Ursus arctos	0.0	0.0	0.00013071895	0.31553847	0.0032514671	0.0	0.0	0.014835232	0.0057713035	0.028346062	0.16090134	0.09377221	0.0	0.006357737	0.00980741	0.0	0.0	0.0	0.0	0.00325416	0.0	0.0396186	0.0	0.31841528
ERR6108973	0	Ursus arctos	0.0	0.0030662718	0.0	0.33845422	0.0065722205	0.0	0.0	0.011272119	0.0	0.04326811	0.12965102	0.08497595	0.0	0.0	0.0016411338	0.0	0.0	0.0	0.0	0.0033051644	0.0	0.028309554	0.0	0.34948424
ERR6108974	0	Ursus arctos	0.0	0.0030329097	0.0	0.31718627	0.006650726	0.0	0.0	0.006622853	0.0	0.028044874	0.1408994	0.07400741	0.0	0.0	0.0015254237	0.0	0.0	0.0	0.0	0.0	0.0	0.027339835	0.0	0.3946903
ERR6108975	0	Ursus arctos	0.0	0.0	0.0	0.34871772	0.0	0.0	0.0	0.014102756	0.0	0.03434324	0.12980317	0.091088265	0.0	0.0	0.01600891	0.0	0.0	0.0	0.0	0.0	0.0	0.036980372	0.0	0.32895556
ERR6108976	0	Ursus arctos	0.0	0.0	0.0	0.24282521	0.0032514671	0.0	0.0	0.00952833	0.0056623947	0.02301515	0.13754946	0.10427323	0.0	0.006603823	0.020345459	0.0	0.0	0.0	0.0	0.006522185	0.0	0.023894114	0.0	0.41652918
ERR6108977	0	Ursus arctos	0.0	0.0	0.0030921053	0.3003571	0.0	0.0	0.0	0.011525771	0.0031734982	0.040717598	0.13706973	0.029804913	0.0	0.0066216574	0.016972275	0.0	0.0	0.0	0.0	0.009862516	0.0	0.017546495	0.0	0.4232563
ERR6108978	0	Ursus arctos	0.0	0.0030662718	0.0	0.24071497	0.0032514671	0.0	0.0	0.014183402	0.0066510416	0.030876083	0.12507106	0.11004992	0.0	0.006637635	0.012796486	0.0	0.0	0.0	0.0	0.0	0.0	0.02341139	0.0	0.42329025
ERR6108979	0	Ursus arctos	0.0	0.0	0.002880127	0.24643803	0.0033252493	0.0	0.0	0.0077088308	0.0033177084	0.03112604	0.14677872	0.081980996	0.0	0.0066061066	0.017790953	0.0	0.0	0.0	0.0	0.003280339	0.0	0.016473385	0.0	0.43229353
ERR6108980	0	Ursus arctos	0.0	0.0	0.0	0.6047598	0.0	0.0	0.0	0.012018579	0.0	0.017337043	0.08570542	0.047927335	0.0	0.0033333334	0.016365033	0.0	0.0	0.0	0.0	0.00325416	0.0	0.018312294	0.0	0.19098698
ERR6108981	0	Ursus arctos	0.0	0.0	0.003230214	0.5959562	0.0	0.0	0.0	0.006063424	0.0057344353	0.012360216	0.087871656	0.033533666	0.0	0.003330194	0.0033126776	0.0	0.0	0.0	0.0	0.006583505	0.0	0.016410418	0.0	0.22561337
ERR6108982	0	Ursus arctos	0.0	0.0	0.0	0.6024416	0.0033253012	0.0	0.0	0.0045378017	0.0	0.013633504	0.06050676	0.037242964	0.0	0.0	0.013116226	0.0	0.0	0.0	0.0	0.00325416	0.0	0.016505465	0.0	0.24543624
ERR6108983	0	Ursus arctos	0.0	0.0	0.0	0.5951668	0.0	0.0	0.0	0.012083216	0.0	0.014143759	0.0743176	0.038559448	0.0	0.00077625574	0.02053196	0.0	0.0	0.0	0.0	0.00325416	0.0	0.01913767	0.0	0.2220291
ERR6108984	0	Ursus arctos	0.0	0.0	0.0	0.2590002	0.0032514671	0.0	0.0	0.0086826645	0.0057085822	0.031776853	0.13405624	0.081178196	0.0	0.0	0.017668158	0.0	0.0	0.0	0.0	0.0	0.0	0.031578787	0.0	0.42709884
ERR6108985	0	Ursus arctos	0.0	0.0	0.0	0.2725749	0.0	0.0	0.0	0.008560034	0.0	0.029736154	0.12449415	0.093280725	0.0	0.0	0.023678152	0.0	0.0	0.0	0.0	0.0033051644	0.0	0.02803841	0.0	0.4163323
ERR6108986	0	Ursus arctos	0.0	0.0	0.0	0.2540207	0.003322641	0.0	0.0	0.007543301	0.007671586	0.022742655	0.14348237	0.057570647	0.0	0.003304302	0.0140166255	0.0	0.0	0.0	0.0	0.00325416	0.0	0.023597024	0.0	0.459474
ERR6108987	0	Ursus arctos	0.0	0.0	0.0	0.26207134	0.0065767164	0.0	0.0	0.006597101	0.0031734982	0.016195744	0.13056986	0.04538725	0.0	0.003304302	0.017259056	0.0	0.0	0.0	0.0	0.00325416	0.0	0.026332712	0.0	0.47927824
ERR6108988	0	Ursus arctos	0.0	0.028477672	0.032145943	0.17787449	0.0	0.0	0.0	0.01752238	0.0	0.06421827	0.04454718	0.05488986	0.0	0.009627747	0.024786562	0.0	0.0	0.0	0.0	0.006505379	0.0	0.08030275	0.0	0.45910177
ERR6108989	0	Ursus arctos	0.0	0.018647803	0.016831733	0.20134743	0.0	0.0	0.0	0.018707654	0.0	0.06553486	0.05733848	0.06803404	0.0	0.013217927	0.021060904	0.0	0.0	0.0	0.0	0.003317269	0.0	0.07962367	0.0	0.43633825
ERR6108990	0	Ursus arctos	0.0	0.013441748	0.05189425	0.19957915	0.0	0.0	0.0	0.025784504	0.0	0.0570116	0.036917776	0.08543124	0.0	0.007038756	0.04234402	0.0	0.0	0.0	0.0	0.0064904913	0.0	0.068565026	0.0	0.40550146
ERR6108991	0	Ursus arctos	0.0	0.018664652	0.0372855	0.19291747	0.0	0.0	0.0	0.019593915	0.0	0.08911269	0.045674805	0.06747243	0.0	0.009949128	0.0188057	0.0	0.0	0.0	0.0	0.0	0.0	0.06959292	0.0	0.4309308
ERR6108992	0	Ursus arctos	0.0	0.048009917	0.060437307	0.21102363	0.0	0.0	0.0	0.014181409	0.0	0.044514306	0.08291941	0.035179656	0.0	0.011120903	0.009333064	0.0	0.0	0.0	0.0	0.0065593245	0.0	0.048806243	0.0	0.42791483
ERR6108993	0	Ursus arctos	0.0	0.054424375	0.083902486	0.19809616	0.0033279913	0.0	0.0	0.016928667	0.0	0.041005865	0.07638409	0.035783958	0.0	0.0050110337	0.00635597	0.0	0.0	0.0	0.0	0.0033051644	0.0	0.06072028	0.0	0.41475394
ERR6108994	0	Ursus arctos	0.0	0.04345152	0.07467982	0.23676212	0.0033279913	0.0	0.0	0.014774229	0.0	0.031119103	0.0634308	0.047449313	0.0	0.006070438	0.0065384614	0.0	0.0	0.0	0.0	0.0	0.0	0.05962327	0.0	0.41277292
ERR6108995	0	Ursus arctos	0.0	0.03449298	0.061433766	0.2621995	0.0	0.0	0.0	0.019690055	0.0	0.04445378	0.0741048	0.027720297	0.0	0.0010574332	0.0	0.0	0.0	0.0	0.0	0.009810544	0.0	0.06975143	0.0	0.39528543
ERR6108996	0	Ursus arctos	0.0	0.0	0.0014549242	0.2230256	0.019783612	0.0	0.0	0.00872373	0.0052918824	0.014496713	0.1697177	0.0498165	0.0	0.0	0.02301527	0.0	0.0	0.0	0.0	0.0033193585	0.0	0.007916456	0.0	0.47343823
ERR6108997	0	Ursus arctos	0.0	0.0	0.0014549242	0.22128053	0.023043117	0.0	0.0	0.0054854155	0.009825699	0.015365148	0.16693127	0.08658019	0.0	0.0	0.01930025	0.0	0.0	0.0	0.0	0.0	0.0	0.009455481	0.0	0.44127798
ERR6108998	0	Ursus arctos	0.0	0.0	0.0004007866	0.22575551	0.019743586	0.0	0.0	0.0054592784	0.0052918824	0.0106262425	0.13447648	0.062433083	0.0	0.0033297054	0.024497595	0.0	0.0	0.0	0.0	0.0028856634	0.0	0.0070938915	0.0	0.49800628
ERR6109000	0	Ursus arctos	0.0	0.0030662718	0.0008242936	0.23112713	0.00989711	0.0	0.0	0.007543301	0.010545666	0.021401975	0.14069952	0.056936756	0.0	0.0	0.023712285	0.0	0.0	0.0	0.0	0.0	0.0	0.023707896	0.0	0.47053778
ERR6109001	0	Ursus arctos	0.0	0.0	0.0003033392	0.30026624	0.0	0.0	0.0	0.02954547	0.008944802	0.050136443	0.13249205	0.10040333	0.0	0.0	0.02445908	0.0	0.0	0.0	0.0	0.0033051644	0.0	0.057756897	0.0	0.2923872
ERR6109002	0	Ursus arctos	0.0	0.0	0.0	0.24866065	0.0	0.0	0.0	0.023265867	0.0033279613	0.06413649	0.14267574	0.12779596	0.0	0.0	0.02940213	0.0	0.0	0.0	0.0	0.0065593245	0.0	0.07025944	0.0	0.28391644
ERR6109003	0	Ursus arctos	0.0	0.0	0.0	0.33795938	0.0	0.0	0.0	0.027941823	0.0	0.05292163	0.09625101	0.10123938	0.0	0.003304302	0.02938733	0.0	0.0	0.0	0.0	0.0033051644	0.0	0.0570781	0.0	0.29061186
ERR6109004	0	Ursus arctos	0.0	0.0	0.0	0.26625708	0.0	0.0	0.0	0.029816428	0.0	0.037954245	0.14198196	0.109503694	0.0	0.0	0.012424344	0.0	0.0	0.0	0.0	0.0065593245	0.0	0.077820696	0.0	0.31768224
ERR6109005	0	Ursus arctos	0.0	0.0	0.0028191248	0.40088537	0.0	0.0	0.0	0.031023495	0.0024074074	0.046816338	0.06286412	0.054874815	0.0	0.0	0.016399609	0.0	0.0	0.0	0.0	0.0	0.0	0.026236879	0.0	0.35567284
ERR6109010	0	Ursus arctos	0.0	0.0	0.0031449394	0.38069135	0.0	0.0	0.0	0.025050778	0.0	0.042956527	0.06533971	0.051495545	0.0	0.0033333334	0.006441825	0.0	0.0	0.0	0.0	0.0	0.0	0.03919552	0.0	0.38235047
ERR6109011	0	Ursus arctos	0.0	0.0033333334	0.0031154037	0.37011638	0.0	0.0	0.0	0.03056924	0.0	0.032822467	0.09324332	0.0592402	0.0	0.0	0.0031830985	0.0	0.0	0.0	0.0	0.0	0.0	0.029830921	0.0	0.37454563
ERR6109012	0	Ursus arctos	0.0	0.006422505	0.0031641715	0.35091218	0.0	0.0	0.0	0.024031041	0.0	0.035421815	0.06683226	0.065895274	0.0	0.0	0.013097859	0.0	0.0	0.0	0.0	0.0	0.0	0.034372415	0.0	0.3998505
ERR6109013	0	Ursus arctos	0.0	0.0	0.003357781	0.009121395	0.0	0.0	0.0	0.00956598	0.07401969	0.009416715	0.090906724	0.14472294	0.0	0.0	0.02736345	0.0	0.0	0.0	0.0	0.0032667732	0.0	0.043400723	0.0	0.5848578
ERR6109014	0	Ursus arctos	0.0	0.0007611193	0.010718364	0.013935154	0.0	0.0	0.0	0.006545747	0.07022316	0.0062557184	0.08802334	0.16340306	0.0	0.0	0.026310079	0.0	0.0	0.0	0.0	0.0032667732	0.0	0.03810965	0.0	0.57244784
ERR6109015	0	Ursus arctos	0.0	0.00025609988	0.0007796332	0.010891456	0.0	0.0	0.0	0.006513554	0.077250324	0.012695719	0.11765143	0.11651323	0.0	0.0	0.020271834	0.0	0.0	0.0	0.0	0.0032667732	0.0	0.047931697	0.0	0.58597827
ERR6109016	0	Ursus arctos	0.0	0.00025609988	0.0067687	0.016044261	0.003322641	0.0	0.0	0.0022029055	0.05994918	0.0023351205	0.09732552	0.17082115	0.0	0.0	0.021985976	0.0	0.0	0.0	0.0	0.0032667732	0.0	0.04792416	0.0	0.56779754
ERR6109017	0	Ursus arctos	0.0	0.002601969	0.003230214	0.33746743	0.009899473	0.0	0.0	0.0041159876	0.0	0.016266596	0.1162534	0.054463185	0.0	0.0047346074	0.016395612	0.0	0.0	0.0	0.0033333334	0.004772207	0.0	0.015489778	0.0	0.41097623
ERR6109019	0	Ursus arctos	0.0	0.0	0.0	0.34717458	0.003322641	0.0	0.0	0.005658632	0.0033177084	0.018412938	0.09987019	0.061682943	0.0	0.01382969	0.008475346	0.0	0.0	0.0	0.0033333334	0.00325416	0.0	0.019746732	0.0	0.4119211
ERR6109020	0	Ursus arctos	0.0	0.0	0.0	0.31924665	0.0	0.0	0.0	0.0022029055	0.0	0.0095301075	0.116508745	0.038824476	0.0	0.004109589	0.014064186	0.0	0.0	0.0	0.0	0.003280339	0.0	0.023851551	0.0	0.46838146
ERR6109021	0	Ursus arctos	0.0	0.0	0.0	0.35069066	0.0033253653	0.0	0.0	0.011503252	0.0	0.012136817	0.10027834	0.06082913	0.0	0.006383629	0.011450566	0.0	0.0	0.0	0.0033333334	0.0033051644	0.0	0.023745678	0.0	0.41301805
ERR6109022	0	Ursus arctos	0.0	0.08130851	0.13259877	0.11063572	0.0	0.0	0.0	0.021384902	0.0	0.056020115	0.053740017	0.04468279	0.0	0.011729228	0.008016786	0.0	0.0	0.0	0.0	0.0	0.0	0.11321163	0.0	0.36667153
ERR6109023	0	Ursus arctos	0.0	0.08439152	0.15166077	0.10967092	0.0	0.0	0.0	0.015151321	0.0	0.04550538	0.056143552	0.038039807	0.0	0.010360002	0.015034619	0.0	0.0	0.0	0.0	0.0	0.0	0.1153832	0.0	0.3586589
ERR6109024	0	Ursus arctos	0.0	0.08618252	0.16828977	0.092168055	0.0	0.0	0.0	0.015919508	0.0033227007	0.045816313	0.03252389	0.05744598	0.0	0.0032443048	0.006666667	0.0	0.0	0.0	0.0	0.003319661	0.0	0.084191166	0.0	0.40090945
ERR6109025	0	Ursus arctos	0.0	0.067962624	0.13215409	0.08809594	0.0	0.0	0.0	0.023265168	0.0	0.048077717	0.045817457	0.034133222	0.0	0.008793505	0.0033333334	0.0	0.0	0.0	0.0	0.0	0.0	0.103302926	0.0	0.445064
ERR6109027	0	Ursus arctos	0.0	0.0	0.0	0.3851546	0.0	0.0	0.0	0.016716493	0.0033177084	0.010202298	0.108742654	0.052548546	0.0	0.0	0.018936625	0.0	0.0	0.0	0.0	0.0	0.0	0.032290824	0.0	0.37209025
ERR6109028	0	Ursus arctos	0.0	0.0	0.0062588863	0.37804705	0.0	0.0	0.0	0.0023559083	0.0060325023	0.012304723	0.13035202	0.062179726	0.0	0.0033333334	0.005883428	0.0	0.0	0.0	0.0033333334	0.00325416	0.0	0.0170457	0.0	0.36961922
ERR6109049	0	Ursus arctos	0.0	0.0	0.0031850715	0.40901315	0.0	0.0	0.0	0.012709106	0.0033177084	0.009427917	0.117665954	0.084374115	0.0	0.0	0.013995428	0.0	0.0	0.0	0.0	0.0065593245	0.0	0.010692534	0.0	0.32905966
ERR6109050	0	Ursus arctos	0.0	0.0	0.0	0.3878275	0.0032514671	0.0	0.0	0.0071299262	0.0033177084	0.008177388	0.109068826	0.05993987	0.0	0.0	0.015728515	0.0	0.0	0.0	0.0033333334	0.0032874558	0.0	0.026621277	0.0	0.37231675
ERR6109051	0	Ursus arctos	0.0	0.037185	0.09527008	0.040219896	0.0	0.0	0.0	0.009458816	0.0	0.048269283	0.011273438	0.07008443	0.0	0.01682453	0.038308293	0.0	0.0	0.0	0.0	0.0	0.0	0.053120863	0.0	0.5799854
ERR6109053	0	Ursus arctos	0.0	0.05161185	0.055022012	0.038428444	0.0	0.0	0.0	0.013736608	0.0	0.025779286	0.017344207	0.06551699	0.0	0.009390849	0.056914274	0.0	0.0	0.0	0.0	0.0	0.0	0.056502298	0.0	0.6097532
ERR6109054	0	Ursus arctos	0.0	0.04953493	0.0394293	0.014811372	0.0033170732	0.0	0.0	0.009940811	0.0	0.03447363	0.011165308	0.067117475	0.0	0.016193952	0.040696897	0.0	0.0	0.0	0.0	0.006458861	0.0	0.072493546	0.0	0.63436687
ERR6109055	0	Ursus arctos	0.0	0.04963439	0.05653285	0.01707889	0.0	0.0	0.0	0.011490069	0.0	0.037130527	0.004000886	0.06966346	0.0	0.013924673	0.051400673	0.0	0.0	0.0	0.0	0.009236638	0.0	0.054425552	0.0	0.6254814
ERR6109056	0	Ursus arctos	0.0	0.0	0.007304769	0.089885846	0.0066478904	0.0	0.0	0.013802102	0.016416572	0.030610424	0.11826798	0.13126664	0.0	0.00077625574	0.032224063	0.0	0.0	0.0	0.0	0.0	0.0	0.06470022	0.0	0.48809722
ERR6109057	0	Ursus arctos	0.0	0.0	0.0041475487	0.075109854	0.0	0.0	0.0	0.02141799	0.02028447	0.013937535	0.11497797	0.09816839	0.0	0.0	0.038840972	0.0	0.0	0.0	0.0	0.0	0.0	0.03735768	0.0	0.57575756
ERR6109058	0	Ursus arctos	0.0	0.0	0.0061082128	0.08244926	0.0	0.0	0.0	0.0055203224	0.02413435	0.013983658	0.12759608	0.11427214	0.0	0.0	0.03416512	0.0	0.0	0.0	0.0	0.0	0.0	0.03240059	0.0	0.5593703
ERR6109059	0	Ursus arctos	0.0	0.0	0.006897989	0.092810586	0.0032514671	0.0	0.0	0.008977235	0.008999809	0.01562988	0.15752988	0.100901574	0.0	0.0	0.050159365	0.0	0.0	0.0	0.0	0.0	0.0	0.02790711	0.0	0.5269351
ERR8050978	0	Homo sapiens	0.0	0.0	0.0	0.0	0.0033280086	0.0	0.0	0.0	0.0033253906	0.0	0.0	0.98671114	0.0	0.0	0.0	0.0	0.0	0.0	0.0033333334	0.003302132	0.0	0.0	0.0	0.0
SRR1047998	0	Homo sapiens	0.0	0.0037016885	0.0076780673	0.016241502	0.0	0.0	0.0	0.0056608063	0.33068678	0.033772342	0.45272213	0.06821811	0.0	0.0	0.003129028	0.0	0.0	0.0	0.0	0.0	0.0	0.037590295	0.0	0.040599227
SRR17604731	0	Homo sapiens	0.0	0.0052651144	0.010517501	0.023059435	0.0033176593	0.0	0.0	0.0063843937	0.0	0.020076782	0.028270999	0.69101715	0.0	0.0069220234	0.0032933194	0.0	0.0	0.0	0.05655497	0.082940795	0.053213187	0.009166654	0.0	0.0
SRR17604732	0	Homo sapiens	0.0	0.0	0.0	0.0	0.0	0.0	0.0	0.0	0.003322843	0.0	0.0	0.98343456	0.0	0.0	0.0	0.0	0.0	0.0	0.0	0.0132425865	0.0	0.0	0.0	0.0
SRR17604735	0	Homo sapiens	0.0	0.0	0.0	0.0	0.0	0.0	0.0	0.0	0.0	0.0	0.0	0.99671996	0.0	0.0	0.0	0.0	0.0	0.0	0.0	0.0	0.0	0.0	0.0	0.0032800264
SRR17604736	0	Homo sapiens	0.0	0.0	0.0	0.0	0.0	0.0	0.0	0.0	0.0	0.0	0.0	0.9967037	0.0	0.0	0.0	0.0	0.0	0.0	0.0	0.0032963257	0.0	0.0	0.0	0.0
SRR17604737	0	Homo sapiens	0.0	0.0	0.0	0.0	0.0	0.0	0.0	0.0	0.0	0.0	0.0	0.99335456	0.0	0.0	0.0	0.0	0.0	0.0	0.0	0.0033280212	0.0033174097	0.0	0.0	0.0
SRR17604738	0	Homo sapiens	0.0	0.0	0.0	0.026390882	0.0033252493	0.0	0.0	0.029749334	0.009943741	0.064487815	0.04713636	0.77518153	0.0	0.0	0.0	0.0	0.0	0.0	0.00999187	0.009898107	0.0033200954	0.010643313	0.0	0.009931697
SRR17604739	0	Homo sapiens	0.0	0.0	0.0	0.0	0.0	0.0	0.0	0.0	0.0	0.0	0.0	0.99000716	0.0	0.0	0.0	0.0	0.0	0.0	0.0	0.009992845	0.0	0.0	0.0	0.0
SRR17604740	0	Homo sapiens	0.0	0.0	0.0	0.0	0.0	0.0	0.0	0.0	0.0	0.0	0.0	1.0	0.0	0.0	0.0	0.0	0.0	0.0	0.0	0.0	0.0	0.0	0.0	0.0
SRR17604741	0	Homo sapiens	0.0	0.0	0.0032288402	0.03726348	0.0	0.0	0.0	0.021049395	0.0050622327	0.017572891	0.01999401	0.70180047	0.0	0.0	0.013136104	0.0	0.0	0.0	0.033304118	0.059709642	0.029943919	0.043995474	0.0	0.013939436
SRR17604742	0	Homo sapiens	0.0	0.0	0.0	0.0033111547	0.0	0.0	0.0	0.0	0.0	0.0	0.0	0.98007905	0.0	0.0	0.0	0.0	0.0	0.0	0.0	0.016609766	0.0	0.0	0.0	0.0
SRR17604743	0	Homo sapiens	0.0	0.0	0.0	0.0033333334	0.0	0.0	0.0	0.0	0.0	0.0	0.0	0.98668486	0.0	0.0	0.0	0.0	0.0	0.0	0.0	0.009981801	0.0	0.0	0.0	0.0
SRR17604744	0	Homo sapiens	0.0	0.0	0.0	0.0	0.006645792	0.0	0.0	0.019815374	0.0066570095	0.046326473	0.003130853	0.9074397	0.0	0.0	0.0	0.0	0.0	0.0	0.0033306538	0.0033287138	0.0033254218	0.0	0.0	0.0
SRR17604745	0	Homo sapiens	0.0	0.0058627715	0.0048352997	0.02799072	0.0033229492	0.0	0.0	0.009726744	0.016603649	0.023748843	0.0	0.8923157	0.0	0.005651997	0.0	0.0	0.0	0.0	0.0033306188	0.0032933012	0.0033174097	0.0	0.0	0.0
SRR17604746	0	Homo sapiens	0.0	0.0	0.0	0.011309469	0.0	0.0	0.0	0.020943476	0.016530726	0.037120126	0.025795424	0.85525066	0.0	0.0	0.0032883955	0.0	0.0	0.0	0.009991942	0.006654801	0.0033279657	0.006453675	0.0	0.0033333334
SRR17604747	0	Homo sapiens	0.0	0.0	0.0	0.009764333	0.0	0.0	0.0	0.0031519274	0.0	0.0	0.0	0.9837663	0.0	0.0	0.0	0.0	0.0	0.0	0.0	0.0	0.0033174097	0.0	0.0	0.0
SRR17604748	0	Homo sapiens	0.0	0.0	0.0	0.003201856	0.006653281	0.0	0.0	0.009842017	0.003322843	0.017439267	0.008334616	0.93122745	0.0	0.0	0.0	0.0	0.0	0.0	0.0033306188	0.0066560037	0.0033253715	0.0033333334	0.0	0.0033333334
SRR17604749	0	Homo sapiens	0.0	0.0	0.0	0.0	0.0	0.0	0.0	0.0	0.0	0.0	0.0	1.0	0.0	0.0	0.0	0.0	0.0	0.0	0.0	0.0	0.0	0.0	0.0	0.0
SRR17604750	0	Homo sapiens	0.0	0.0	0.0	0.0	0.0	0.0	0.0	0.0	0.0	0.0	0.0	0.9966826	0.0	0.0	0.0	0.0	0.0	0.0	0.0	0.0	0.0033174097	0.0	0.0	0.0
SRR17604751	0	Homo sapiens	0.0	0.0	0.0	0.0	0.0	0.0	0.0	0.0	0.0	0.0	0.0	1.0	0.0	0.0	0.0	0.0	0.0	0.0	0.0	0.0	0.0	0.0	0.0	0.0
SRR17604752	0	Homo sapiens	0.0	0.0	0.0	0.0	0.0	0.0	0.0	0.0	0.0	0.0	0.0	1.0	0.0	0.0	0.0	0.0	0.0	0.0	0.0	0.0	0.0	0.0	0.0	0.0
SRR17604753	0	Homo sapiens	0.0	0.0	0.0	0.0	0.0	0.0	0.0	0.0	0.0	0.0	0.0	1.0	0.0	0.0	0.0	0.0	0.0	0.0	0.0	0.0	0.0	0.0	0.0	0.0
SRR17604754	0	Homo sapiens	0.0	0.19601962	0.22370568	0.09670721	0.0	0.0	0.0	0.0	0.01672203	0.03327964	0.031650193	0.34061265	0.0	0.0032010376	0.03076142	0.0	0.0	0.0	0.0	0.0	0.0	0.02081062	0.0	0.006529927
SRR17604755	0	Homo sapiens	0.0	0.0	0.0	0.0	0.0	0.0	0.0	0.0032444445	0.0	0.0	0.0	0.9435595	0.0	0.0	0.0	0.0	0.0	0.0	0.0	0.04320152	0.0033278328	0.006666667	0.0	0.0
SRR17604756	0	Homo sapiens	0.0	0.0	0.0	0.0	0.0	0.0	0.0	0.0	0.0	0.0	0.0	1.0	0.0	0.0	0.0	0.0	0.0	0.0	0.0	0.0	0.0	0.0	0.0	0.0
SRR17604757	0	Homo sapiens	0.0	0.0	0.0	0.008129658	0.0	0.0	0.0	0.0031519274	0.0	0.0016675574	0.0	0.94714427	0.0	0.0	0.0	0.0	0.0	0.0	0.0	0.036589194	0.0033174097	0.0	0.0	0.0
SRR17604758	0	Homo sapiens	0.0	0.0	0.0	0.0	0.0	0.0	0.0	0.0	0.0	0.0	0.0	0.99666667	0.0	0.0	0.0	0.0	0.0	0.0	0.0	0.0	0.0	0.0	0.0	0.0033333334
SRR17604759	0	Homo sapiens	0.0	0.0	0.0	0.0	0.0	0.0	0.0	0.0	0.0	0.0	0.0	1.0	0.0	0.0	0.0	0.0	0.0	0.0	0.0	0.0	0.0	0.0	0.0	0.0
SRR17604760	0	Homo sapiens	0.0	0.0	0.0	0.0	0.0	0.0	0.0	0.0	0.0	0.0	0.0	1.0	0.0	0.0	0.0	0.0	0.0	0.0	0.0	0.0	0.0	0.0	0.0	0.0
SRR17604761	0	Homo sapiens	0.0	0.0057942113	0.015872194	0.034396827	0.009978632	0.0	0.0	0.012946221	0.0	0.012198109	0.010859113	0.8658183	0.0	0.0	0.0065201465	0.0	0.0	0.0	0.0	0.006623199	0.006645401	0.009014296	0.0	0.0033333334
SRR17604762	0	Homo sapiens	0.0	0.0	0.0	0.0	0.0	0.0	0.0	0.0	0.0	0.0	0.0	1.0	0.0	0.0	0.0	0.0	0.0	0.0	0.0	0.0	0.0	0.0	0.0	0.0
SRR17604763	0	Homo sapiens	0.0	0.0	0.0	0.0	0.0	0.0	0.0	0.0	0.0	0.0	0.0	0.9900348	0.0	0.0	0.0	0.0	0.0	0.0	0.0	0.0	0.009965189	0.0	0.0	0.0
SRR17604764	0	Homo sapiens	0.0	0.017593328	0.015999531	0.025164124	0.0033252689	0.0	0.0	0.056482434	0.013288288	0.084693216	0.05449812	0.6998173	0.0	0.009851015	0.0	0.0	0.0	0.0	0.0	0.0	0.0	0.013106709	0.0	0.006180661
SRR17604765	0	Homo sapiens	0.0	0.00055509066	0.0055328375	0.040498096	0.009976144	0.0	0.0	0.016451167	0.026642695	0.034896106	0.10607533	0.51629984	0.0	0.0044559734	0.03213811	0.0	0.0	0.0	0.016656196	0.023196358	0.006655995	0.10985117	0.0	0.050118912
SRR17604766	0	Homo sapiens	0.0	0.0	0.0031619284	0.016538821	0.0066482048	0.0	0.0	0.014362238	0.007823085	0.010655814	0.02683083	0.7143496	0.0	0.0	0.0036566276	0.0	0.0	0.0	0.046632092	0.06303589	0.053221647	0.026476137	0.0	0.006607063
SRR17604767	0	Homo sapiens	0.0	0.0	0.0031619284	0.056380548	0.0033280086	0.0	0.0	0.014053858	0.008700761	0.030651562	0.036117382	0.6657559	0.0	0.0	0.019164253	0.0	0.0	0.0	0.026637262	0.056302514	0.023280358	0.045394607	0.0	0.011071005
SRR17604768	0	Homo sapiens	0.0	0.00025609988	0.009701237	0.040512785	0.0066455654	0.0	0.0	0.021009186	0.044555634	0.03768666	0.09961423	0.51284456	0.0	0.003304117	0.06796536	0.0	0.0	0.0	0.0	0.0032542194	0.0	0.13174453	0.0	0.020905793
SRR17604769	0	Homo sapiens	0.0	0.0	0.006427633	0.019607004	0.0033255694	0.0	0.0	0.011542263	0.007007311	0.025470063	0.022848226	0.6991887	0.0	0.0011963048	0.0033333334	0.0	0.0	0.0	0.043283287	0.043077495	0.03326712	0.057406086	0.0	0.023019584
SRR17604770	0	Homo sapiens	0.0	0.0	0.006926513	0.023430683	0.0033199573	0.0	0.0	0.017226512	0.019617137	0.030254846	0.026490828	0.71724117	0.0	0.0	0.0032015503	0.0	0.0	0.0	0.019978838	0.0595661	0.02993638	0.032984987	0.0	0.0098245
SRR17604771	0	Homo sapiens	0.0	0.0	0.006371634	0.029945165	0.013306948	0.0	0.0	0.05285167	0.046585064	0.1297407	0.04951286	0.62825614	0.0	0.006608512	0.0	0.0	0.0	0.0	0.006664019	0.003325123	0.0033280298	0.010404975	0.0	0.013099133
SRR17604772	0	Homo sapiens	0.0	0.0	0.0	0.009981274	0.009973274	0.0	0.0	0.030765032	0.013299971	0.11763798	0.05220554	0.69693494	0.0	0.0	0.0066301944	0.0	0.0	0.0	0.009986468	0.016598998	0.0	0.03271487	0.0	0.0032714617
SRR17604773	0	Homo sapiens	0.0	0.0	0.0061689573	0.027755002	0.003325428	0.0	0.0	0.19008487	0.0033226325	0.17589998	0.099343404	0.297383	0.0	0.0065912977	0.029368436	0.0	0.0	0.0	0.0	0.0065738806	0.0	0.10736272	0.0	0.046820384
SRR17604774	0	Homo sapiens	0.0	0.0	0.0032878867	0.013180067	0.019817404	0.0	0.0	0.026304962	0.0016250091	0.016613847	0.014365746	0.7657522	0.0	0.0	0.0	0.0	0.0	0.0	0.01996826	0.05312187	0.049891166	0.00013272514	0.0	0.01593886
SRR17604775	0	Homo sapiens	0.0	0.0	0.0	0.009931217	0.0033280212	0.0	0.0	0.017504431	0.02932271	0.070295446	0.04097003	0.795374	0.0	0.0033333334	0.0	0.0	0.0	0.0	0.0066561387	0.009994032	0.013290665	0.0	0.0	0.0
SRR17604776	0	Homo sapiens	0.0	0.0	0.0	0.013163039	0.009830429	0.0	0.0	0.02089962	0.006666667	0.022829108	0.023680251	0.8696885	0.0	0.0	0.0	0.0	0.0	0.0	0.0066640084	0.0066157207	0.016634746	0.0033278824	0.0	0.0
SRR17604777	0	Homo sapiens	0.0	0.0	0.0	0.0033219568	0.0	0.0	0.0	0.0	0.0	0.0	0.0	0.9733877	0.0	0.0	0.0	0.0	0.0	0.0	0.013317427	0.0033277778	0.006645096	0.0	0.0	0.0
SRR17604778	0	Homo sapiens	0.0	0.0	0.0032663057	0.008377218	0.01982019	0.0	0.0	0.13563068	0.07654952	0.196737	0.10846878	0.36581394	0.0	0.026521295	0.0065132026	0.0	0.0	0.0	0.0033225545	0.0	0.0	0.039377898	0.0	0.009601397
SRR17604779	0	Homo sapiens	0.0	0.0	0.0030067244	0.009933043	0.0	0.0	0.0	0.016859991	0.0	0.042517498	0.029748125	0.79478276	0.0	0.0033122196	0.0033260004	0.0	0.0	0.0	0.023303974	0.029969288	0.04324037	0.0	0.0	0.0
SRR17604780	0	Homo sapiens	0.0	0.0	0.0034533807	0.015016789	0.019957429	0.0	0.0	0.11671481	0.08655715	0.23022123	0.09060025	0.3752796	0.0	0.027779736	0.005152194	0.0	0.0	0.0	0.006653215	0.0032484077	0.0	0.006469753	0.0	0.012896049
SRR17604781	0	Homo sapiens	0.0	0.0	0.0	0.022998445	0.0033254717	0.0	0.0	0.013930268	0.002115699	0.01581	0.006667135	0.8224567	0.0	0.0033254407	0.009974595	0.0	0.0	0.0	0.006645569	0.03639709	0.046563216	0.003312051	0.0	0.0064782803
SRR17604782	0	Homo sapiens	0.0	0.0075919633	0.0042132246	0.014710457	0.0	0.0	0.0	0.0031519274	0.0	0.0016675574	0.009560991	0.8578193	0.0	0.0002769775	0.0	0.0	0.0	0.0	0.0033306961	0.07322062	0.023275025	0.0011812678	0.0	0.0
SRR17604783	0	Homo sapiens	0.0	0.0032622432	0.0058428943	0.03437567	0.0033196833	0.0	0.0	0.00622158	0.013035651	0.020025007	0.026422838	0.80640763	0.0	0.0	0.02665322	0.0	0.0	0.0	0.0033280256	0.0033280922	0.0	0.031834073	0.0	0.015943388
SRR17604784	0	Homo sapiens	0.0	0.0	0.0	0.02755877	0.009983854	0.0	0.0	0.04311211	0.013275944	0.05445642	0.022021411	0.77618814	0.0	0.0	0.0032065907	0.0	0.0	0.0	0.00997349	0.003319661	0.019962987	0.0045877616	0.0	0.012352877
SRR17604785	0	Homo sapiens	0.0	0.0	0.0	0.0	0.0	0.0	0.0	0.0	0.0	0.0	0.0	1.0	0.0	0.0	0.0	0.0	0.0	0.0	0.0	0.0	0.0	0.0	0.0	0.0
SRR17604786	0	Homo sapiens	0.0	0.0	0.0	0.0	0.0	0.0	0.0	0.0	0.0	0.0	0.0	1.0	0.0	0.0	0.0	0.0	0.0	0.0	0.0	0.0	0.0	0.0	0.0	0.0
SRR17604787	0	Homo sapiens	0.0	0.0	0.0	0.0033111547	0.0	0.0	0.0	0.0	0.0	0.008405443	0.004510466	0.97380465	0.0	0.0	0.0	0.0	0.0	0.0	0.0	0.0033204798	0.0066477885	0.0	0.0	0.0
SRR17604788	0	Homo sapiens	0.0	0.0	0.0	0.0066053336	0.0	0.0	0.0	0.0031553148	0.0	0.0	0.0	0.9702774	0.0	0.0	0.0	0.0	0.0	0.0	0.0	0.0133057935	0.006656101	0.0	0.0	0.0
SRR17604789	0	Homo sapiens	0.0	0.0	0.0	0.0032762645	0.0	0.0	0.0	0.0	0.0	0.0030841702	0.0	0.9736768	0.0	0.0	0.0	0.0	0.0	0.0	0.00666404	0.0	0.013298735	0.0	0.0	0.0
SRR17604790	0	Homo sapiens	0.0	0.0	0.0	0.016564693	0.009984054	0.0	0.0	0.026337136	0.0033020834	0.109549865	0.04149176	0.69124216	0.0	0.0	0.0	0.0	0.0	0.0	0.029952368	0.013306325	0.016603157	0.025347143	0.0	0.016319225
SRR17604791	0	Homo sapiens	0.0	0.0	0.0	0.0	0.0	0.0	0.0	0.0	0.0	0.0	0.0	1.0	0.0	0.0	0.0	0.0	0.0	0.0	0.0	0.0	0.0	0.0	0.0	0.0
SRR17604792	0	Homo sapiens	0.0	0.0	0.0	0.0	0.0	0.0	0.0	0.0	0.0	0.0	0.0	1.0	0.0	0.0	0.0	0.0	0.0	0.0	0.0	0.0	0.0	0.0	0.0	0.0
SRR17604793	0	Homo sapiens	0.0	0.0	0.0	0.0	0.0	0.0	0.0	0.0	0.0	0.0	0.0	1.0	0.0	0.0	0.0	0.0	0.0	0.0	0.0	0.0	0.0	0.0	0.0	0.0
SRR17604794	0	Homo sapiens	0.0	0.0	0.0	0.028338496	0.0033279744	0.0	0.0	0.015953885	0.015093526	0.027029492	0.029347489	0.71011543	0.0	0.0033333334	0.0046216734	0.0	0.0	0.0	0.023304066	0.05634729	0.036595	0.0326884	0.0	0.013903955
SRR17604795	0	Homo sapiens	0.0	0.0	0.0	0.0	0.0	0.0	0.0	0.0	0.0	0.0	0.0	0.996672	0.0	0.0	0.0	0.0	0.0	0.0	0.0	0.0033280212	0.0	0.0	0.0	0.0
SRR17604796	0	Homo sapiens	0.0	0.0	0.0	0.0	0.0	0.0	0.0	0.0	0.0	0.003256958	0.0	0.99341756	0.0	0.0	0.0	0.0	0.0	0.0	0.0	0.003325478	0.0	0.0	0.0	0.0
SRR17604797	0	Homo sapiens	0.0	0.0	0.0	0.0	0.0	0.0	0.0	0.0033333334	0.0	0.0	0.0	0.99001825	0.0	0.0	0.0	0.0	0.0	0.0	0.0	0.003328586	0.0033198271	0.0	0.0	0.0
SRR17604798	0	Homo sapiens	0.0	0.0	0.0	0.0	0.0	0.0	0.0	0.0	0.0	0.0	0.0	0.99667144	0.0	0.0	0.0	0.0	0.0	0.0	0.0	0.003328586	0.0	0.0	0.0	0.0
SRR17604799	0	Homo sapiens	0.0	0.0	0.0	0.0	0.0	0.0	0.0	0.0	0.0	0.0030696518	0.0	0.9936646	0.0	0.0	0.0	0.0	0.0	0.0	0.0	0.0	0.0	0.0032657306	0.0	0.0
SRR17604800	0	Homo sapiens	0.0	0.0	0.0	0.0	0.0	0.0	0.0	0.0	0.0033253906	0.0	0.0031034483	0.980256	0.0	0.0033333334	0.0	0.0	0.0	0.0	0.0033333334	0.0033204798	0.003328017	0.0	0.0	0.0
SRR17604801	0	Homo sapiens	0.0	0.0	0.006451377	0.03555004	0.0	0.0	0.0	0.0065116873	0.0033198707	0.03512521	0.022276562	0.8276579	0.0	0.0	0.0032800853	0.0	0.0	0.0	0.016653296	0.006626441	0.023274839	0.006666667	0.0	0.0066060605
SRR17604802	0	Homo sapiens	0.0	0.04661263	0.030105675	0.15802333	0.0	0.0	0.0	0.0	0.2251592	0.022378705	0.26466128	0.21192569	0.0	0.0	0.0051962105	0.0	0.0	0.0	0.0033280717	0.0	0.0	0.02623689	0.0	0.006372312
SRR17604803	0	Homo sapiens	0.0	0.0	0.003783565	0.025891772	0.013306568	0.0	0.0	0.018070253	0.015716122	0.019265898	0.032028433	0.6420048	0.0	0.0033333334	0.01244323	0.0	0.0	0.0	0.029965699	0.053137302	0.063181564	0.059428316	0.0	0.008443166
SRR17604804	0	Homo sapiens	0.0	0.0	0.0	0.0032730175	0.0	0.0	0.0	0.0	0.0	0.0	0.0033333334	0.98342544	0.0	0.0	0.0	0.0	0.0	0.0	0.0033306773	0.0	0.0066375053	0.0	0.0	0.0
SRR17604805	0	Homo sapiens	0.0	0.0	0.0	0.0	0.0	0.0	0.0	0.0	0.0	0.0	0.0	1.0	0.0	0.0	0.0	0.0	0.0	0.0	0.0	0.0	0.0	0.0	0.0	0.0
SRR17604806	0	Homo sapiens	0.0	0.005099612	0.008943993	0.05560438	0.006650623	0.0	0.0	0.04439359	0.016533028	0.06247852	0.04383584	0.52736616	0.0	0.0	0.027428184	0.0	0.0	0.0	0.016637547	0.026574358	0.0132932635	0.08990489	0.0	0.055255983
SRR17604807	0	Homo sapiens	0.0	0.0	0.0	0.0	0.0	0.0	0.0	0.0	0.0	0.0033333334	0.0	0.99666667	0.0	0.0	0.0	0.0	0.0	0.0	0.0	0.0	0.0	0.0	0.0	0.0
SRR17604808	0	Homo sapiens	0.0	0.0	0.0	0.0	0.0	0.0	0.0	0.0	0.0	0.0	0.0	0.9900917	0.0	0.0	0.0	0.0	0.0	0.0	0.0	0.0066455808	0.0	0.0	0.0	0.003262745
SRR2229974	0	Homo sapiens	0.0	0.004000679	0.0061906404	0.01778615	0.0	0.0	0.0	0.0	0.3812498	0.0	0.51064014	0.06745972	0.0	0.0	0.0012875958	0.0	0.0	0.0	0.0	0.0	0.0	0.011385294	0.0	0.0
SRR2229975	0	Homo sapiens	0.0	0.0	0.0093829995	0.0017527235	0.0	0.0	0.0	0.0032006246	0.025473706	0.006454822	0.03971957	0.89355594	0.0	0.013075195	0.005724274	0.0	0.0	0.0	0.0	0.0	0.0	0.0016601301	0.0	0.0
SRR2229976	0	Homo sapiens	0.0	0.0036484376	0.005187864	0.016580805	0.0	0.0	0.0	0.0	0.36247885	0.0	0.47352472	0.12709346	0.0	0.0	0.0012875958	0.0	0.0	0.0	0.0	0.0	0.0	0.010198277	0.0	0.0
SRR2229977	0	Homo sapiens	0.0	0.0033494467	0.0036125644	0.01556683	0.0	0.0	0.0	0.0	0.32120526	0.0	0.42910573	0.2136707	0.0	0.0	0.004441691	0.0	0.0	0.0	0.0	0.0	0.0	0.00904779	0.0	0.0
SRR6933819	0	Strigocuscus celebensis	0.0	0.015412684	0.015725454	0.043832485	0.0	0.0	0.0	0.0031762242	0.1067467	0.019395648	0.13313076	0.5974497	0.0	0.0	0.025122626	0.0	0.0	0.0	0.0	0.0	0.0	0.03547999	0.0	0.0045276848
SRR6933820	0	Strigocuscus celebensis	0.0	0.01642103	0.0062511303	0.027532643	0.0	0.0	0.0	0.0031762242	0.3081486	0.00031581675	0.4133225	0.15693133	0.0	0.0	0.026493365	0.0	0.0	0.0	0.0	0.0	0.0	0.03391312	0.0	0.0074942424
SRR6933821	0	Strigocuscus celebensis	0.0	0.021000106	0.015454057	0.05671699	0.0	0.0	0.0	0.0031762242	0.046671797	0.03688662	0.0744205	0.6104836	0.0	0.0	0.04493869	0.0	0.0	0.0	0.0	0.0	0.0	0.078727484	0.0	0.011523915
SRR6933822	0	Strigocuscus celebensis	0.0	0.018401917	0.019331684	0.056194257	0.0	0.0	0.0	0.0031762242	0.14816062	0.019883767	0.20750062	0.374312	0.0	0.0	0.057922773	0.0	0.0	0.0	0.0	0.0	0.0	0.07872669	0.0	0.016389417
SRR6933823	0	Conepatus chinga	0.0	0.013027078	0.014020042	0.043185167	0.0	0.0	0.0	0.004704451	0.08205894	0.091418274	0.1366224	0.31900498	0.0	0.003269992	0.054801706	0.0	0.0	0.0	0.0	0.0	0.0	0.09523302	0.0	0.14265396
SRR6933824	0	Conepatus chinga	0.0	0.0055890335	0.0061762575	0.022154484	0.0	0.0	0.0	0.0031762242	0.21302603	0.003787584	0.31328472	0.14515872	0.0	0.0	0.05327852	0.0	0.0	0.0	0.0	0.0	0.0	0.17104064	0.0	0.06332779
SRR6933825	0	Conepatus chinga	0.0	0.009126201	0.013824285	0.017009022	0.0	0.0	0.0	0.00812825	0.12011549	0.042876586	0.17853025	0.17828791	0.0	0.0	0.04948604	0.0	0.0	0.0	0.0	0.0	0.0	0.22195439	0.0	0.1606616
SRR6933826	0	Conepatus chinga	0.0	0.0138519015	0.018243691	0.061321817	0.0	0.0	0.0	0.004704451	0.06192298	0.041123588	0.0738536	0.39075997	0.0	0.00039134565	0.06029697	0.0	0.0	0.0	0.0	0.0	0.0	0.18173954	0.0	0.09179015
SRR6974014	0	Gerbilliscus boehmi	0.0	0.09136015	0.059991315	0.11238255	0.0	0.0	0.0	0.0060127624	0.15690027	0.021046482	0.21652812	0.20021245	0.0	0.0	0.04054543	0.0	0.0	0.0	0.0	0.0	0.0	0.084069915	0.0	0.010950563
SRR6974015	0	Gerbilliscus boehmi	0.0	0.0156404	0.00995465	0.020598426	0.0	0.0	0.0	0.0031762242	0.25056654	0.005831559	0.3337355	0.17306972	0.0	0.0	0.059927132	0.0	0.0	0.0	0.0	0.0	0.0	0.10472394	0.0	0.022775916
SRR6974016	0	Gerbilliscus boehmi	0.0	0.02182871	0.010043453	0.025777854	0.0	0.0	0.0	0.0031762242	0.20991339	0.006000536	0.2959026	0.19637516	0.0	0.0	0.054888666	0.0	0.0	0.0	0.0	0.0	0.0	0.1488205	0.0	0.027272893
SRR6974017	0	Gerbilliscus boehmi	0.0	0.015896501	0.009129787	0.025910188	0.0	0.0	0.0	0.0031762242	0.2191331	0.005831559	0.31178403	0.18148696	0.0	0.0	0.054888666	0.0	0.0	0.0	0.0	0.0	0.0	0.14266579	0.0	0.030097188
ERR3761407	1	Canis lupus	0.0	0.011073698	0.023593163	0.026427004	0.21692303	0.050591342	0.073415056	0.006534121	0.0	0.0032893247	0.0024237242	0.36900696	0.0038613863	0.0	0.0	0.0	0.0	0.0031618907	0.0033284023	0.0033244782	0.0	0.05871477	0.03876824	0.10556341
ERR3761408	1	Homo sapiens	0.0	0.0077117877	0.0057115215	0.003144517	0.009982051	0.0	0.0032964058	0.011553547	0.009762278	0.0	0.0	0.8182546	0.046646982	0.035693053	0.0	0.0	0.0	0.0	0.0	0.0	0.0	0.0037247506	0.0033333334	0.0411852
ERR3761409	1	Homo sapiens	0.0	0.0	0.0062915254	0.0063927122	0.11150768	0.007051975	0.014619823	0.003081212	0.0067059277	0.00836779	0.0063607767	0.7037292	0.0032356533	0.006336171	0.0	0.0	0.0	0.0	0.0033033034	0.0065201395	0.0	0.012907366	0.027693722	0.06589502
ERR3761410	1	Homo sapiens	0.0	0.0024447138	0.005945926	0.0053483252	0.57904303	0.0040455167	0.009323038	0.005419637	0.000272753	0.0032648067	0.0	0.26394436	0.0007751938	0.0	0.0	0.0	0.0	0.0	0.0033308023	0.009762093	0.0	0.018904578	0.020450307	0.06772493
ERR3761411	1	Homo sapiens	0.0	0.0	0.0	0.0	0.016549585	0.0033091477	0.0	0.012752784	0.0077873557	0.0069288784	0.004930826	0.83000004	0.0675523	0.026194403	0.0	0.0	0.0	0.0	0.0	0.0	0.0	0.0	0.0	0.02399466
ERR3761412	1	Homo sapiens	0.0	0.004137525	0.017778983	0.007813673	0.32490408	0.040607627	0.018646559	0.013134263	0.0035396095	0.016492128	0.0032586136	0.3604647	0.0062115304	0.01036807	0.0	0.0	0.0	0.0032378854	0.0	0.0	0.0	0.04465806	0.012779056	0.111967646
ERR3761413	1	Homo sapiens	0.0	0.006562916	0.031137729	0.0	0.120900035	0.0	0.0	0.020179816	0.008107141	0.0033000768	0.016421042	0.62520385	0.08621066	0.03753645	0.0	0.0	0.0	0.0	0.0	0.0032633787	0.0	0.006618616	0.0	0.034558296
ERR6589621	1	Homo sapiens	0.0	0.0	0.015696589	0.0018270385	0.0030666445	0.0032504145	0.0	0.0066367043	0.002844908	0.0	0.0031746032	0.79430133	0.03221007	0.013161316	0.0	0.009997477	0.0033333334	0.021405788	0.02990546	0.003307613	0.006654144	0.016246403	0.0	0.032980137
ERR6589622	1	Homo sapiens	0.013328244	0.0	0.006230077	0.006622253	0.003296131	0.0	0.0	0.0021310432	0.009844515	0.0	0.016297702	0.7519376	0.056599688	0.0065442207	0.0	0.016532473	0.01983754	0.016641604	0.033295374	0.0032969962	0.01331319	0.0032794117	0.0	0.020971894
ERR6589623	1	Homo sapiens	0.0	0.0	0.009122366	0.0	0.0017290699	0.009926226	0.0	0.0	0.0030977621	0.0	0.0031990232	0.88370407	0.04500168	0.009851234	0.0	0.0	0.0	0.0	0.0	0.0	0.0	0.01119055	0.0060713277	0.01710672
ERR6589624	1	Homo sapiens	0.0	0.0	0.008930768	0.0	0.0	0.0033234642	0.0	0.0032705523	0.003310895	0.0	0.0031990232	0.9089222	0.04499634	0.009932649	0.0	0.0	0.0	0.0	0.0	0.0	0.0	0.0	0.0033111006	0.010802987
ERR6589625	1	Homo sapiens	0.0	0.0	0.0	0.0030561332	0.0032789034	0.009926226	0.0	0.0031856229	0.0032808988	0.0	0.0032708177	0.89935756	0.025693705	0.013194003	0.0	0.0	0.0	0.0	0.0	0.006572705	0.0	0.0	0.0	0.029183429
ERR6589626	1	Homo sapiens	0.0	0.0	0.00670905	0.023875346	0.0068739406	0.0064852224	0.0066423877	0.0033333334	0.0015317097	0.0029580342	0.0032895056	0.8068374	0.0055477424	0.014834723	0.0	0.0	0.0	0.0	0.0	0.003244576	0.0	0.01951664	0.019165419	0.06915497
ERR6589627	1	Homo sapiens	0.0033333334	0.0	0.006471685	0.009549322	0.009839352	0.0	0.0	0.0066391393	0.02198653	0.0065451027	0.013135837	0.66386276	0.06508473	0.022908414	0.0	0.006666667	0.029845862	0.0065879873	0.043245465	0.013254486	0.02994222	0.006666667	0.0	0.034434434
ERR6589628	1	Homo sapiens	0.0033333334	0.0	0.0057953717	0.008589357	0.0	0.0037958575	0.0023387442	0.003234127	0.0065230597	0.006542794	0.009845063	0.7361045	0.060374275	0.0429436	0.0	0.0033256705	0.0	0.0033333334	0.036587622	0.009954408	0.0033281972	0.0070417556	0.0	0.047008913
ERR6589629	1	Homo sapiens	0.006666667	0.0	0.0029851089	0.0033209417	0.0	0.0	0.0	0.006542033	0.01508202	0.008108761	0.029420435	0.6767505	0.11862499	0.0031427448	0.0	0.019871604	0.013179189	0.0065218145	0.029959362	0.033139102	0.016634263	0.0	0.0	0.010050498
ERR6589630	1	Homo sapiens	0.006661651	0.0	0.006332367	0.0032472138	0.006569778	0.0	0.0	0.016191892	0.019026019	0.01635275	0.020331921	0.6172504	0.0983739	0.026269833	0.0	0.013269034	0.013244903	0.013200656	0.046555508	0.009966027	0.019954557	0.009629507	0.0	0.03757211
ERR7919459	1	Gorilla beringei graueri	0.008409597	0.018749774	0.021986146	0.012602495	0.0017445146	0.0	0.0	0.121105574	0.08444481	0.25836918	0.031773213	0.22429365	0.01439416	0.0033333334	0.0	0.0	0.0033080808	0.0049684085	0.0033256528	0.0	0.0	0.07262068	0.0032720831	0.11129865
ERR7919460	1	Gorilla gorilla gorilla	0.007582994	0.006524981	0.009134228	0.006629709	0.008458609	0.004639472	0.002962963	0.18762967	0.12900339	0.22108473	0.09803376	0.15243022	0.028539691	0.009937989	0.0	0.0	0.0	0.01318403	0.0	0.0	0.0033257748	0.027588079	0.008125566	0.07518415
ERR7919462	1	Gorilla gorilla gorilla	0.02	0.016210148	0.06893776	0.011337059	0.030560322	0.0018487489	0.0024235602	0.088459484	0.06663338	0.2417666	0.053141586	0.1870864	0.027595252	0.009828224	0.0	0.0033305737	0.0	0.0	0.0	0.0131715415	0.0	0.06856762	0.0014789992	0.08762273
ERR7919463	1	Gorilla beringei graueri	0.007595512	0.0	0.004672962	0.0	0.0	0.0032581137	0.0	0.041983537	0.10249854	0.0696625	0.046673223	0.45429918	0.12774153	0.04614346	0.0	0.0033333334	0.0	0.0	0.0	0.0	0.0	0.029520636	0.0	0.06261747
ERR7919464	1	Gorilla gorilla gorilla	0.0	0.015957084	0.0043340544	0.036726993	0.24015054	0.014498424	0.07505316	0.0016562144	0.001577347	0.0	0.0	0.27925965	0.0	0.0	0.0	0.0	0.0	0.0	0.0	0.0	0.0	0.01992718	0.21083671	0.100022644
ERR7919465	1	Gorilla beringei graueri	0.0	0.012088366	0.031096047	0.006791142	0.0065495777	0.07540639	0.021028051	0.026721245	0.027735123	0.048932638	0.019079927	0.3631098	0.018122787	0.0031503339	0.0	0.0	0.0031364798	0.0033003301	0.0	0.001983008	0.0	0.08361601	0.083069265	0.16508348
ERR7919466	1	Gorilla beringei graueri	0.011926328	0.0	0.0003125	0.0	0.0	0.0	0.0	0.17205097	0.17664042	0.37625748	0.048204336	0.10394508	0.047515742	0.013008945	0.0	0.0	0.0	0.0	0.0	0.0	0.0	0.013167132	0.0	0.036971066
ERR7919467	1	Gorilla gorilla gorilla	0.004634146	0.003281123	0.03990026	0.005770401	0.019750882	0.0077041164	0.014670006	0.1685431	0.1341845	0.18601903	0.07532475	0.16568911	0.036132716	0.006605347	0.0	0.0	0.0	0.009860132	0.0	0.0033307928	0.0	0.022759993	0.0066259042	0.08921371
ERR7919468	1	Gorilla beringei graueri	0.013296969	0.0	0.006221165	0.0	0.0049666534	0.0	0.0	0.103787325	0.22161143	0.3207109	0.05839974	0.13468587	0.05505714	0.0066581545	0.0	0.0	0.0	0.0	0.0	0.0021356703	0.0	0.017739903	0.0	0.054729074
ERR7919469	1	Gorilla beringei graueri	0.0	0.055575836	0.051853947	0.03852842	0.0021602134	0.009206467	0.023003962	0.049971517	0.024196874	0.047249537	0.019533124	0.47481307	0.016378058	0.0066575655	0.0	0.0	0.0	0.0021842544	0.0	0.0	0.0	0.060165294	0.022554941	0.0959669
ERR7919470	1	Gorilla beringei graueri	0.0	0.008220724	0.041595194	0.016831497	0.010064376	0.059186902	0.011934282	0.024180964	0.03678214	0.08651645	0.021040296	0.3287926	0.0076469793	0.0033333334	0.0	0.0016011236	0.0033080808	0.0	0.0	0.0065156217	0.0	0.061578568	0.040649712	0.23022115
ERR7919471	1	Gorilla gorilla gorilla	0.0	0.015957084	0.0045106956	0.036726993	0.24302049	0.014498424	0.07505316	0.0	0.0	0.0	0.0	0.28954035	0.0	0.0	0.0	0.0	0.0	0.0	0.0	0.0	0.0	0.013502894	0.21567069	0.09151921
ERR7919472	1	Gorilla beringei graueri	0.016574902	0.0	0.0	0.0033333334	0.0	0.0	0.0	0.11052488	0.21097423	0.3362189	0.05791857	0.17236614	0.027175639	0.009980531	0.0	0.0	0.0	0.0	0.0033133733	0.003326861	0.0	0.019865546	0.0	0.028427104
ERR7919473	1	Gorilla beringei graueri	0.0033282558	0.0073532835	0.038945805	0.014655498	0.0	0.006411748	0.0	0.1877865	0.105836056	0.26091698	0.06386787	0.14261088	0.01317402	0.01622057	0.0	0.0	0.0	0.0	0.0	0.0065966486	0.0	0.035569616	0.0	0.096726276
ERR7919474	1	Gorilla gorilla gorilla	0.0066640866	0.0	0.01853452	0.0052599683	0.009616427	0.0	0.0	0.19467963	0.07679591	0.3458387	0.06355613	0.13017789	0.046221428	0.009900391	0.0	0.0	0.0	0.0	0.0	0.0	0.0	0.03085279	0.0	0.06190214
ERR7919475	1	Gorilla gorilla gorilla	0.016628241	0.0	0.019708034	0.0033211457	0.0042333547	0.0	0.0	0.1702683	0.09772984	0.36899212	0.0650325	0.1268077	0.027982093	0.006532553	0.0	0.0	0.0	0.0	0.0	0.0042798184	0.0	0.026087059	0.0032957331	0.059101485
ERR7919476	1	Gorilla gorilla gorilla	0.0032098766	0.0148592	0.027492492	0.011994597	0.0	0.0	0.0023419645	0.18005164	0.121168	0.3204192	0.06769548	0.12814844	0.018126454	0.013018745	0.0	0.0	0.0	0.0013309298	0.0	0.003244576	0.0	0.03185953	0.007423007	0.047615886
ERR7919477	1	Gorilla gorilla gorilla	0.003362369	0.009713446	0.017102038	0.0030831099	0.0028305417	0.0023713012	0.010311698	0.16566034	0.09658108	0.30390126	0.06544438	0.14581282	0.026760735	0.01556121	0.0	0.0	0.0	0.0032881186	0.0	0.0041975663	0.0	0.036818944	0.003308642	0.083890416
ERR7919478	1	Gorilla beringei graueri	0.024611473	0.0	0.0068839355	0.0	0.0	0.0	0.0	0.07769326	0.1547678	0.38285825	0.041890483	0.17196548	0.07131859	0.01	0.0	0.0	0.0	0.0033333334	0.0	0.0032937098	0.0	0.0072873235	0.0	0.044096366
ERR7919479	1	Gorilla beringei beringei	0.0028571428	0.0	0.002858375	0.0	0.0014965247	0.0	0.0	0.17378937	0.24232115	0.11507871	0.05242622	0.17055142	0.10116516	0.04546426	0.0	0.0033333334	0.003328347	0.0033333334	0.006658982	0.0	0.0	0.0	0.0	0.07533768
ERR7919480	1	Gorilla gorilla gorilla	0.0033300493	0.029828276	0.054842938	0.0065735336	0.0016333199	0.006130624	0.0032856618	0.13967171	0.10242758	0.32334265	0.055004783	0.135132	0.01451342	0.009938681	0.0	0.0	0.0032630411	0.0	0.0033266533	0.0032633787	0.0	0.0554121	0.0029550034	0.046124607
ERR7919481	1	Gorilla beringei graueri	0.0	0.0124709485	0.024342263	0.032221645	0.0031220342	0.0033113724	0.0	0.10829328	0.087835126	0.25304776	0.045223467	0.22754824	0.01611212	0.006510924	0.0	0.0033034156	0.00491756	0.0	0.0066641583	0.0009617756	0.0	0.058946993	0.009859504	0.0953074
ERR7919482	1	Gorilla beringei graueri	0.006631526	0.027452363	0.061409336	0.006463853	0.0010678871	0.008327298	0.0032688442	0.140163	0.120188236	0.24558616	0.058083627	0.14065251	0.017017873	0.012833508	0.0	0.0	0.0	0.0	0.0	0.0	0.0	0.055634268	0.0014789992	0.0937407
ERR7919483	1	Gorilla gorilla gorilla	0.0	0.004894986	0.010518393	0.0043818178	0.009341346	0.0065919925	0.0	0.09612359	0.10152522	0.17745763	0.055086292	0.2927522	0.024388405	0.009963845	0.0	0.0	0.00628657	0.0065864916	0.003325854	0.0132003585	0.0	0.064412884	0.02638543	0.0867767
ERR7919484	1	Gorilla beringei graueri	0.0	0.07082583	0.11578783	0.042025827	0.007272448	0.012811868	0.007821754	0.045628358	0.033303536	0.060744382	0.013735293	0.38640228	0.020066977	0.0065947757	0.0	0.0	0.0	0.0	0.0	0.0	0.0	0.07019432	0.039065637	0.0677189
ERR7919485	1	Gorilla beringei graueri	0.0	0.003330317	0.0047277566	0.0	0.0033333334	0.0	0.0	0.061826706	0.09134397	0.08315701	0.028338244	0.44263673	0.1510174	0.042403966	0.0	0.0	0.0	0.0	0.0	0.0	0.0	0.02302287	0.0	0.06486169
ERR7919486	1	Gorilla beringei graueri	0.0033333334	0.021339731	0.020420747	0.015038492	0.0050778477	0.003313551	0.0	0.11422903	0.07921047	0.2507524	0.057762645	0.21697529	0.012518154	0.006595695	0.0	0.0	0.0	0.0	0.0	0.00634883	0.0	0.07332146	0.0065955645	0.10716677
ERR7919487	1	Gorilla beringei graueri	0.049982972	0.0028319089	0.033766113	0.0071083116	0.0055403314	0.0	0.0	0.08960024	0.18716806	0.344842	0.07835319	0.116054825	0.02854506	0.0030208332	0.0	0.0033333334	0.0033333334	0.0	0.003330877	0.003044553	0.0	0.016014095	0.0	0.024129972
ERR7919488	1	Gorilla beringei graueri	0.01	0.0	0.0064494573	0.005768658	0.0016333199	0.0	0.0	0.1881867	0.23604135	0.3265362	0.094271295	0.07372832	0.02516479	0.0	0.0	0.0033333334	0.0	0.0	0.0	0.0009617756	0.0	0.011972495	0.0	0.01595229
ERR7919489	1	Gorilla beringei graueri	0.019982288	0.0	0.0032880844	0.0	0.004908205	0.0	0.0	0.26194417	0.19119793	0.33247402	0.0757941	0.04486923	0.036618717	0.0	0.0	0.0	0.0	0.0	0.0	0.0	0.0	0.01070373	0.003320532	0.014898958
ERR7919490	1	Gorilla beringei graueri	0.0033333334	0.009559445	0.057497554	0.009385987	0.0016333199	0.0028111157	0.002971129	0.17057122	0.10990387	0.23005898	0.062204722	0.14022286	0.014414234	0.016486017	0.0	0.0	0.0	0.0	0.0	0.013934271	0.0	0.04508506	0.0030775024	0.106849365
ERR7919491	1	Gorilla gorilla gorilla	0.0	0.0066376715	0.008615943	0.007816181	0.014127942	0.0046342243	0.011007654	0.16560903	0.13792318	0.229687	0.09676804	0.13340518	0.027017886	0.0066481843	0.0	0.0032704403	0.0	0.00985892	0.0	0.0	0.0	0.043315407	0.006675008	0.08698211
ERR7919492	1	Gorilla beringei graueri	0.0	0.06015494	0.094505355	0.030519143	0.0017717456	0.017369904	0.016763803	0.047318906	0.031565174	0.047838893	0.025533132	0.44662377	0.015452585	0.0034981736	0.0	0.0	0.0031364798	0.0	0.0	0.0	0.0	0.031123536	0.050592177	0.07623228
ERR7919493	1	Gorilla beringei graueri	0.0	0.0	0.0061281365	0.0013380281	0.0	0.006575919	0.0	0.06781483	0.09300758	0.1093473	0.04865913	0.43953478	0.11321722	0.03331766	0.0	0.0	0.0	0.0	0.0	0.0004743368	0.0028460207	0.010969697	0.0	0.06676938
ERR7919494	1	Gorilla beringei graueri	0.049984924	0.005269599	0.008334005	0.0030701568	0.00020100782	0.0	0.0030151173	0.085179985	0.2035637	0.35389888	0.06937968	0.15014331	0.028035786	0.0030208332	0.0	0.0033333334	0.0	0.0	0.003330877	0.0	0.0	0.013845435	0.0	0.016393382
ERR7919495	1	Gorilla beringei graueri	0.0	0.0	0.0	0.0085271085	0.0	0.0028483921	0.0	0.19647479	0.1209731	0.30039912	0.05065443	0.21081021	0.02095328	0.02194326	0.0	0.0	0.0	0.0	0.0033333334	0.0	0.0	0.023561005	0.0063946517	0.03312732
ERR7919496	1	Gorilla gorilla gorilla	0.0	0.015957084	0.0045106956	0.036726993	0.24302049	0.014498424	0.07505316	0.0	0.0	0.0	0.0	0.28954035	0.0	0.0	0.0	0.0	0.0	0.0	0.0	0.0	0.0	0.013502894	0.21567069	0.09151921
ERR7919497	1	Gorilla beringei graueri	0.0	0.0	0.0037362366	0.002751661	0.009515991	0.0065556406	0.0	0.14535682	0.15742892	0.30058485	0.050501145	0.18475318	0.017949367	0.0132799465	0.0	0.0032881186	0.0	0.0	0.0033308696	0.004225561	0.0	0.041413628	0.0032735872	0.052054472
ERR7919498	1	Gorilla gorilla gorilla	0.029898098	0.018051626	0.038223486	0.017155495	0.028265962	0.0	0.0	0.06107608	0.07571621	0.2184177	0.051530417	0.23042168	0.016226336	0.014607002	0.0	0.0	0.0	0.0	0.0	0.0032979262	0.0	0.072074726	0.00661919	0.11841806
ERR7919499	1	Gorilla gorilla gorilla	0.0	0.015957084	0.0045106956	0.03941203	0.23010334	0.014498424	0.07505316	0.0	0.0017052992	0.008107284	0.0	0.2956331	0.0	0.0	0.0	0.0	0.0	0.0	0.0	0.0	0.0	0.016836228	0.20702887	0.09115447
ERR7919500	1	Gorilla beringei beringei	0.016626457	0.0	0.0029584186	0.0	0.0	0.0	0.0	0.19114438	0.24004945	0.11183918	0.06700237	0.14121453	0.112588376	0.03633389	0.0	0.0	0.0012649982	0.0	0.0	0.0037835331	0.0028460207	0.0	0.0	0.072348386
ERR7919501	1	Gorilla beringei graueri	0.0	0.015470714	0.04033105	0.010788107	0.0111069	0.044111557	0.0038955284	0.029460788	0.033193123	0.0539841	0.026510738	0.32841176	0.00928714	0.0037424366	0.0	0.0	0.0032889873	0.0032377425	0.0	0.0	0.0	0.05293415	0.088393435	0.24185173
ERR7919502	1	Gorilla beringei graueri	0.0066641886	0.0	0.0003125	0.0	0.0033333334	0.0	0.0	0.14778358	0.20507838	0.36665252	0.05269769	0.09528626	0.055180084	0.01854779	0.0	0.0	0.0	0.0013309298	0.0	0.0	0.0	0.0056353076	0.0	0.041497424
ERR7919503	1	Gorilla gorilla gorilla	0.0033333334	0.010396362	0.03257498	0.014354128	0.0008642658	0.0029381965	0.0032984293	0.13520202	0.12087902	0.37267476	0.0488336	0.12841168	0.017911887	0.0033223766	0.0	0.0	0.0	0.0	0.0	0.0	0.0	0.04769579	0.0032862104	0.054022953
ERR7919504	1	Gorilla beringei graueri	0.009962349	0.0	0.02150015	0.003311884	0.015471886	0.006594576	0.0	0.14874911	0.10042281	0.1469527	0.054130383	0.16044572	0.040129784	0.1160682	0.0	0.0032983245	0.0	0.0	0.0	0.022852622	0.0	0.026156737	0.0	0.12395274
ERR7919505	1	Gorilla beringei graueri	0.010931373	0.0	0.0031908622	0.0042994013	0.0047694272	0.0	0.0	0.20260297	0.20123835	0.30627453	0.05799455	0.09666448	0.015592561	0.0066542616	0.0	0.0033333334	0.0	0.0	0.0033307888	0.0033238546	0.0	0.028509624	0.0033234053	0.047966223
ERR7919506	1	Gorilla beringei graueri	0.026627019	0.0	0.00066319894	0.0051215445	0.0010678871	0.0	0.0	0.091183595	0.19914782	0.21185827	0.090433195	0.20179361	0.031968642	0.0	0.0	0.04664897	0.013538653	0.019939553	0.009992492	0.0030662424	0.0066539417	0.006963525	0.0	0.033331838
ERR7919507	1	Gorilla gorilla gorilla	0.015264607	0.014598965	0.023707794	0.026063891	0.010232346	0.0	0.006330907	0.071794204	0.065360814	0.19890083	0.05445747	0.26152268	0.03313135	0.027734062	0.0	0.0	0.0033063327	0.0	0.0	0.003308119	0.0	0.04573075	0.008949133	0.12960574
ERR7919508	1	Gorilla beringei graueri	0.026664106	0.0	0.0	0.0026060217	0.0033333334	0.0	0.0	0.06616147	0.16063201	0.31356815	0.05218815	0.19639626	0.0985813	0.019901484	0.0	0.0	0.0	0.0	0.0	0.0	0.0	0.007226629	0.0	0.05274109
ERR7919509	1	Gorilla gorilla gorilla	0.0	0.015957084	0.0045106956	0.036726993	0.24241596	0.014498424	0.07505316	0.0	0.0	0.0	0.0	0.2923888	0.0	0.0	0.0	0.0	0.0	0.0	0.0	0.0	0.0	0.013502894	0.21349439	0.091451615
ERR7919510	1	Gorilla beringei graueri	0.013288116	0.0	0.0	0.0021680861	0.0	0.0	0.0	0.1644346	0.17214552	0.37298447	0.05996798	0.08496884	0.039085273	0.035637192	0.0	0.0033333334	0.0033333334	0.0	0.0	0.0	0.0033208113	0.016239455	0.0	0.029093
ERR7919511	1	Gorilla gorilla gorilla	0.0033333334	0.0	0.023144823	0.005987963	0.007356162	0.0	0.0	0.15222499	0.06540027	0.36228526	0.06489438	0.17490089	0.036272265	0.006666667	0.0	0.0	0.0	0.0	0.0	0.009577936	0.0	0.025543652	0.0	0.06241142
ERR7919512	1	Gorilla gorilla gorilla	0.0	0.014180785	0.0045106956	0.039424717	0.23216674	0.014498424	0.07219834	0.0006360023	0.0	0.0013250047	0.0013250047	0.30343917	0.0	0.0	0.0	0.0	0.0	0.0	0.0	0.0	0.0	0.01663932	0.19852287	0.10113293
ERR7919513	1	Gorilla beringei graueri	0.0052671307	0.0	0.0030630631	0.0	0.0022069977	0.0	0.0	0.121902145	0.18774876	0.3206903	0.03348732	0.16338186	0.039752744	0.019946836	0.0	0.0	0.0	0.0	0.0	0.0	0.0	0.046454318	0.0031853928	0.052913133
ERR7919514	1	Gorilla beringei graueri	0.01999496	0.0	0.0	0.0	0.004015321	0.0	0.0	0.1404366	0.20736842	0.20403542	0.08673445	0.17069995	0.03788159	0.006666667	0.0	0.0366133	0.016605208	0.016666668	0.013096459	0.0032940889	0.0	0.0065484117	0.003320532	0.02602195
ERR7919515	1	Gorilla beringei graueri	0.0022321856	0.007875208	0.007965444	0.015046095	0.0034361253	0.001314554	0.0066341846	0.13762322	0.08306831	0.26930487	0.048872616	0.24061657	0.01014265	0.0032578616	0.0	0.0	0.0	0.0	0.0	0.0009617756	0.0	0.05036558	0.015082707	0.096200034
ERR7919516	1	Gorilla gorilla gorilla	0.0066616274	0.009104358	0.018867563	0.006654479	0.0043408885	0.0	0.0	0.18013944	0.060515642	0.33480674	0.0561555	0.16103686	0.04162162	0.019830296	0.0	0.0	0.0	0.0013309298	0.0	0.006615969	0.0	0.038045682	0.0	0.054272387
ERR7919517	1	Gorilla gorilla gorilla	0.0	0.015957084	0.0045106956	0.054200754	0.2328819	0.008699676	0.07377794	0.0	0.0	0.0033173682	0.0	0.28750014	0.0	0.0	0.0	0.0	0.0	0.0	0.0	0.0	0.0	0.012264207	0.20841956	0.09847067
ERR7919518	1	Gorilla beringei beringei	0.016623907	0.0	0.0	0.009920482	0.0	0.0	0.0	0.18792832	0.23630285	0.1543435	0.04950918	0.13573483	0.098291	0.029619146	0.0	0.0033333334	0.0	0.006666667	0.0033308514	0.0	0.0	0.0032962821	0.0	0.06509964
ERR7919519	1	Gorilla gorilla gorilla	0.0052671307	0.006334821	0.01723909	0.008027284	0.008546151	0.0032757607	0.0	0.1095884	0.0719728	0.16937898	0.063398324	0.29692551	0.019989818	0.0	0.0	0.013292714	0.006554902	0.009798106	0.006659909	0.016381977	0.0033210875	0.054003797	0.02575368	0.08428975
ERR7919520	1	Gorilla beringei graueri	0.046535548	0.0	0.01074882	0.00046413502	0.0061894464	0.0	0.0030151173	0.094332196	0.22840986	0.3660439	0.08001417	0.09405424	0.016126001	0.009577043	0.0	0.0	0.003294347	0.0	0.0	0.00078365207	0.0	0.02206616	0.0	0.018345382
ERR7919521	1	Gorilla beringei beringei	0.009939475	0.0	0.0	0.009828695	0.0	0.0	0.0	0.15947068	0.27252474	0.09823941	0.06563872	0.15997513	0.10096499	0.042785138	0.0	0.006621452	0.0	0.0033333334	0.0	0.0033308677	0.0	0.0	0.0	0.06734737
ERR7919522	1	Gorilla gorilla gorilla	0.00654321	0.009144549	0.04040558	0.0036403255	0.003311193	0.0	0.0032984293	0.14633764	0.12858102	0.38387942	0.054457895	0.117317215	0.013115592	0.00973565	0.0	0.0	0.0	0.0013309298	0.0	0.0	0.0	0.019695813	0.0033086785	0.05589686
ERR7919523	1	Gorilla gorilla gorilla	0.0033333334	0.0	0.0139790615	0.019141065	0.0052239145	0.0	0.0025930672	0.09794557	0.10335475	0.17823996	0.06005538	0.3349138	0.014810042	0.0032673993	0.0	0.0	0.0032015617	0.0	0.0066615827	0.00992311	0.0	0.027632149	0.020456476	0.09526779
ERR7919524	1	Gorilla beringei graueri	0.0033208113	0.065475486	0.059138853	0.03027686	0.005036309	0.022530546	0.0125771575	0.033363096	0.024294393	0.056907605	0.029228609	0.41906157	0.017284006	0.009845045	0.0	0.0	0.0	0.0	0.0	0.0031042544	0.0	0.06772365	0.041871924	0.09895982
ERR7919525	1	Gorilla beringei graueri	0.009997501	0.0	0.012798005	0.0010734464	0.002701207	0.0065686014	0.0	0.19243236	0.20020439	0.27390933	0.07775509	0.091060944	0.024074884	0.021474848	0.0	0.0033333334	0.003259369	0.0	0.0	0.0032833351	0.0	0.027755562	0.0033183857	0.04499941
ERR7919526	1	Gorilla gorilla gorilla	0.0099848965	0.004547887	0.05952157	0.01731749	0.011766746	0.009906869	0.011375954	0.08572573	0.056410406	0.23656361	0.048530646	0.22217341	0.035489284	0.023157079	0.0	0.0	0.0	0.0	0.0	0.0	0.0033208113	0.051455658	0.0	0.11275195
ERR7919527	1	Gorilla beringei graueri	0.015559674	0.0	0.0033333334	0.0032717062	0.0047132294	0.0028483921	0.0	0.18806389	0.15267378	0.30964124	0.05584012	0.14280072	0.025439277	0.0033232323	0.0	0.0	0.0	0.0	0.0066451905	0.0	0.0033283804	0.033676196	0.0	0.048841637
ERR7919528	1	Gorilla beringei graueri	0.029501049	0.0	0.0032616754	0.0	0.0	0.0	0.0	0.0739808	0.14141494	0.33100876	0.09016509	0.15807085	0.092302084	0.016525898	0.0	0.0	0.0	0.0	0.0	0.003326191	0.0033256763	0.010567022	0.0	0.046549954
ERR7919529	1	Gorilla beringei graueri	0.0033333334	0.0	0.0033333334	0.006533993	0.0	0.005712634	0.0065834452	0.12930399	0.19877109	0.3182961	0.050452616	0.08810921	0.04783965	0.023919402	0.0	0.0	0.0	0.0	0.0	0.0	0.0	0.038533658	0.0	0.07927755
ERR7919530	1	Gorilla beringei graueri	0.019996716	0.0	0.0	0.0033333334	0.0022069977	0.0	0.0	0.10748361	0.20060582	0.2019476	0.103727445	0.20164952	0.023360208	0.013152227	0.0	0.046551365	0.023294292	0.013328362	0.0033333334	0.003329547	0.0033232092	0.0056130723	0.0	0.023763329
ERR7919531	1	Gorilla beringei graueri	0.006666667	0.0	0.0032822757	0.0	0.0	0.0	0.0	0.21255662	0.22469416	0.293898	0.07848355	0.09480788	0.031682838	0.0033333334	0.0	0.0	0.0	0.0033333334	0.0033283057	0.0009617756	0.0	0.009102843	0.003318307	0.03055014
ERR7919532	1	Gorilla beringei graueri	0.009997438	0.0	0.015819618	0.008572342	0.012776791	0.0	0.0	0.09589393	0.120868765	0.17894708	0.06442636	0.16353634	0.06138843	0.1075772	0.0	0.0033333334	0.0	0.0	0.0	0.009960866	0.0	0.019773988	0.0	0.12712753
ERR7919533	1	Gorilla beringei graueri	0.033272896	0.0	0.0033216332	0.0	0.0	0.0	0.0	0.10587455	0.20209277	0.386307	0.039368734	0.11917471	0.04006252	0.03139737	0.0	0.0	0.003294783	0.0	0.0	0.0017966158	0.0	0.007359378	0.0	0.026677046
ERR7919534	1	Gorilla beringei graueri	0.02332836	0.0024632118	0.012023333	0.008585513	0.0035778198	0.0	0.0	0.08557184	0.17039953	0.43304276	0.062353633	0.13430956	0.017730147	0.0033333334	0.0	0.0033333334	0.0	0.0	0.0	0.0	0.0	0.021153027	0.0	0.018794585
ERR7919535	1	Gorilla beringei graueri	0.006666667	0.0	0.0031908622	0.0	0.003223156	0.0	0.0	0.17743038	0.23663107	0.28324124	0.072579265	0.09656104	0.03572601	0.011706598	0.0	0.0	0.004798051	0.0	0.003330877	0.0033282712	0.0	0.013916064	0.002685278	0.044985175
ERR7919536	1	Gorilla beringei graueri	0.03658088	0.0	0.0	0.0047741076	0.0	0.0	0.0	0.038623773	0.14533539	0.35022685	0.06280787	0.20241551	0.090595715	0.023070183	0.0	0.0	0.0	0.0	0.0	0.0	0.0	0.00395399	0.0	0.04161574
ERR7919537	1	Gorilla gorilla gorilla	0.0	0.0	0.021874301	0.018593762	0.0020924055	0.0	0.0032588732	0.102003664	0.06163377	0.21543355	0.06510957	0.31442705	0.013675027	0.0033223766	0.0	0.006666667	0.004978056	0.008213691	0.00998999	0.009937369	0.0066567077	0.040460713	0.006001312	0.085671134
ERR7919538	1	Gorilla beringei graueri	0.0066615795	0.0	0.003235368	0.003311884	0.0016333199	0.0	0.0	0.07842148	0.08970012	0.082249425	0.03525234	0.45714456	0.1164688	0.039501205	0.0	0.0	0.0	0.0	0.0	0.0	0.0	0.023019105	0.0	0.063400805
ERR7919539	1	Gorilla beringei graueri	0.0	0.012680324	0.017963497	0.011681323	0.015699139	0.0638209	0.006601321	0.02878733	0.024738744	0.07040609	0.025453897	0.39485565	0.015738029	0.001876374	0.0	0.0	0.0	0.0	0.0033033034	0.0	0.0	0.054450504	0.07971504	0.17222853
ERR7919540	1	Gorilla gorilla gorilla	0.0	0.015957084	0.0045106956	0.036726993	0.24302049	0.014498424	0.07505316	0.0	0.0	0.0	0.0	0.28954035	0.0	0.0	0.0	0.0	0.0	0.0	0.0	0.0	0.0	0.013502894	0.21567069	0.09151921
ERR7919541	1	Gorilla beringei graueri	0.0	0.023729565	0.03590265	0.006755927	0.012353972	0.0028125	0.0066266777	0.14452556	0.11864783	0.28440717	0.06677355	0.10691296	0.023029443	0.015380729	0.0	0.0	0.0	0.0	0.0	0.0031042544	0.0	0.04249275	0.003271237	0.10327324
ERR7919542	1	Gorilla beringei graueri	0.0052671307	0.0	0.003312808	0.0	0.0	0.0	0.0	0.11504467	0.2281191	0.22202098	0.101498924	0.1621218	0.017597193	0.0	0.0	0.041667715	0.01983317	0.01990945	0.0066616843	0.0033308328	0.0033181242	0.017260943	0.003320532	0.02971494
ERR7919543	1	Gorilla beringei graueri	0.013328246	0.0	0.006207274	0.0	0.0033333334	0.0	0.0	0.09075933	0.2192045	0.3200817	0.03803011	0.123209745	0.07815474	0.016666668	0.0	0.0	0.0	0.0	0.006661542	0.003326191	0.0	0.02353321	0.0	0.057503395
ERR7919544	1	Gorilla beringei graueri	0.0066616163	0.0	0.0	0.0	0.0	0.0	0.0	0.23405819	0.23880932	0.29426458	0.08230824	0.09024548	0.026519561	0.0	0.0	0.0	0.0	0.0	0.0	0.0009617756	0.0	0.00983414	0.003320532	0.013016568
ERR7919545	1	Gorilla gorilla gorilla	0.0	0.015957084	0.004605726	0.035598066	0.24212676	0.014498424	0.07505316	0.0	0.0	0.0	0.0	0.28720877	0.0	0.0	0.0	0.0	0.0	0.0	0.0	0.0	0.0	0.013502894	0.21782926	0.093619876
ERR7919546	1	Gorilla beringei beringei	0.0	0.015178281	0.003505788	0.03488237	0.23662153	0.012030682	0.07505316	0.0035712959	0.0	0.0017984763	0.00089923816	0.29257286	0.0	0.0	0.0	0.0	0.0	0.0	0.0	0.0	0.0	0.013502894	0.20802492	0.102358505
ERR7919547	1	Gorilla gorilla gorilla	0.039959826	0.0	0.0033885883	0.0	0.00020100782	0.0	0.0030151173	0.08159025	0.10187536	0.28327256	0.078402616	0.18492022	0.122737855	0.03973683	0.0	0.0	0.001713019	0.0	0.0	0.0	0.0	0.007383593	0.0	0.051803146
ERR7919548	1	Gorilla gorilla gorilla	0.0	0.0	0.00052135583	0.005980067	0.015958216	0.002942837	0.0	0.0	0.0	0.0	0.0	0.030870097	0.0	0.0	0.0	0.0	0.0	0.0033333334	0.0	0.0	0.0	0.006242128	0.0032957331	0.9308562
ERR7919641	1	Gorilla beringei graueri	0.046522945	0.0	0.0033333334	0.0	0.0	0.0028125	0.0	0.06525099	0.10523688	0.37743202	0.059259616	0.24725506	0.017661877	0.01	0.0	0.0033333334	0.0	0.0032663576	0.0	0.0033221268	0.0	0.037188184	0.0	0.018124765
ERR7919642	1	Gorilla beringei graueri	0.04984805	0.0	0.0032935324	0.006632023	0.0033249308	0.0028125	0.0	0.07993148	0.103033274	0.36066273	0.05380857	0.22395173	0.020650377	0.0	0.0	0.0	0.006591079	0.0032663576	0.0066516586	0.0	0.0	0.050677817	0.003318307	0.021545602
ERR7919643	1	Gorilla gorilla gorilla	0.0	0.014180785	0.0045106956	0.03619483	0.23853952	0.0130390925	0.07133868	0.0	0.0	0.0	0.0	0.31035838	0.0	0.0	0.0	0.0	0.0	0.0	0.0	0.0	0.0	0.013502894	0.20750828	0.090826854
ERR7919644	1	Gorilla beringei beringei	0.0	0.014976376	0.0045106956	0.03816653	0.23581585	0.014498424	0.0725058	0.0	0.0	0.0	0.0	0.28958824	0.0	0.0	0.0	0.0	0.0	0.0	0.0	0.0	0.0	0.013502894	0.21011186	0.106323354
ERR7919645	1	Gorilla gorilla gorilla	0.023289816	0.0	0.0033885883	0.0	0.00020100782	0.0	0.0030151173	0.07032832	0.11356512	0.26244217	0.08315235	0.21795677	0.13428818	0.026519503	0.0	0.0	0.001713019	0.0	0.0	0.0	0.0	0.008163376	0.0	0.051976692
ERR7919646	1	Gorilla gorilla gorilla	0.0	0.0	0.0049791886	0.009190457	0.0033333334	0.0	0.0	0.0064027347	0.0	0.0033000768	0.0	0.018793408	0.0	0.0	0.0	0.0033333334	0.0	0.0	0.0	0.0033084948	0.0	0.0077754664	0.0	0.9395835
SRR13355784	1	Homo sapiens	0.01	0.0012441359	0.0	0.019702066	0.011352945	0.0	0.0	0.01714713	0.01728286	0.004596889	0.009933182	0.55504394	0.013147713	0.0	0.0	0.036428377	0.006542919	0.019920219	0.049946032	0.086115524	0.06984891	0.029223736	0.0	0.04252341
SRR13355785	1	Homo sapiens	0.0033333334	0.0	0.0	0.022920068	0.0066070603	0.0	0.0	0.00963881	0.0066013304	0.00970564	0.016552582	0.6321706	0.006657865	0.0	0.0	0.053113833	0.033135228	0.04304568	0.019979697	0.046518173	0.029947726	0.015488337	0.0	0.04458399
SRR13355786	1	Homo sapiens	0.04330446	0.0	0.0037076303	0.03732226	0.077541426	0.0032283464	0.0	0.035812486	0.028082741	0.0112922685	0.009902817	0.3725057	0.007829653	0.0	0.0	0.0033333334	0.016362272	0.016540794	0.036626305	0.036365148	0.016625792	0.045097675	0.008495849	0.19002305
SRR13355787	1	Homo sapiens	0.009970759	0.0	0.00052135583	0.022613458	0.0032136752	0.0	0.0	0.026739534	0.042292595	0.00891234	0.023119083	0.599161	0.0	0.0	0.0	0.061390437	0.034270406	0.009977728	0.013325832	0.029880723	0.013310379	0.041906733	0.0030130115	0.056380942
SRR13355789	1	Homo sapiens	0.0	0.0	0.0	0.0099601485	0.00193573	0.0	0.0033133433	0.019027779	0.0065988586	0.0032773537	0.016525563	0.6341692	0.006524957	0.0	0.0	0.056380354	0.019949248	0.033082485	0.023306947	0.03026395	0.06605142	0.033011187	0.0045460714	0.032075375
SRR13355790	1	Homo sapiens	0.008359207	0.0039262	0.00027825407	0.026225312	0.034766093	0.007755356	0.025258137	0.04909394	0.019292675	0.0066631055	0.0066045886	0.37604913	0.0076908013	0.0	0.0	0.026475552	0.016331809	0.006621689	0.0	0.0066360007	0.0033283208	0.12362852	0.05564123	0.18937407
SRR13355791	1	Homo sapiens	0.0033208209	0.0	0.0	0.0033141982	0.0	0.0	0.0	0.0032303922	0.0031614136	0.003299045	0.0066348272	0.92749256	0.0065374803	0.0	0.0	0.016660597	0.013211395	0.00651462	0.0033256528	0.0	0.0	0.0032970225	0.0	0.0
SRR13355792	1	Homo sapiens	0.043231193	0.002369376	0.006732798	0.055018302	0.07462399	0.003310777	0.0045992034	0.025604079	0.0032655038	0.0066391593	0.0	0.30106083	0.0	0.0066583287	0.0	0.006589994	0.009879545	0.0033151093	0.0033333334	0.0066257147	0.003328347	0.04698783	0.05274712	0.33407947
SRR13355794	1	Homo sapiens	0.0	0.0018838127	0.0034212423	0.038997702	0.01588806	0.0018897073	0.0027021666	0.009871858	0.009640539	0.0032829808	0.025992166	0.53823155	0.0064243954	0.0	0.0	0.023265086	0.016518598	0.06302993	0.02330051	0.016284658	0.0066543026	0.09329745	0.011353579	0.08806972
SRR13355796	1	Homo sapiens	0.0066537466	0.0	0.0	0.0064849043	0.0	0.0	0.0	0.0	0.0032553035	0.0	0.019828437	0.90415376	0.0098330015	0.0	0.0	0.0099523505	0.01	0.006583684	0.0033283508	0.016598081	0.0033284023	0.0	0.0	0.0
SRR13355797	1	Homo sapiens	0.0	0.0	0.0	0.0	0.0	0.0	0.0	0.0	0.0	0.0	0.0066134757	0.9867363	0.003316913	0.0	0.0	0.0	0.0033333334	0.0	0.0	0.0	0.0	0.0	0.0	0.0
SRR13355798	1	Homo sapiens	0.0	0.0	0.0	0.0033333334	0.0	0.0	0.0	0.0	0.0	0.0	0.0066035357	0.9504688	0.006465349	0.0	0.0	0.0	0.006666667	0.0	0.0	0.026462322	0.0	0.0	0.0	0.0
SRR13355799	1	Homo sapiens	0.0	0.0	0.0	0.0	0.0	0.0	0.0	0.0	0.0	0.0	0.0	0.95492804	0.006483225	0.0	0.0	0.003330787	0.006666667	0.0033333334	0.0	0.023211438	0.0	0.0	0.0	0.002046497
SRR13355800	1	Homo sapiens	0.009997481	0.0	0.0	0.0032490706	0.0	0.0	0.0	0.007672308	0.0097279735	0.00328	0.025218002	0.88127625	0.013151834	0.0	0.0	0.0132407965	0.016569283	0.009955257	0.0	0.0	0.0033284277	0.0	0.0	0.0033333334
SRR13355801	1	Homo sapiens	0.0	0.0	0.0	0.0033333334	0.0033333334	0.0	0.0	0.0	0.008006702	0.0	0.01990607	0.9304256	0.0	0.0	0.0	0.0066640624	0.009940916	0.0	0.0	0.01331425	0.0033282558	0.001747473	0.0	0.0
SRR13355802	1	Homo sapiens	0.015003868	0.0	0.0	0.018266631	0.01314823	0.0	0.0032671385	0.031252895	0.016373185	0.022722714	0.028248398	0.43602914	0.0033333334	0.0	0.0	0.018014431	0.041591663	0.041059572	0.009975435	0.036418334	0.0066516106	0.08383198	0.0033257287	0.17148572
SRR13355803	1	Homo sapiens	0.0	0.0012441359	0.0007653234	0.012152158	0.057400014	0.0	0.0	0.038704462	0.013189504	0.0033010433	0.016304666	0.48541513	0.0065813162	0.0	0.0	0.016617097	0.013185736	0.009941602	0.053209566	0.056744643	0.07271384	0.031722687	0.006058327	0.10474876
SRR13355804	1	Homo sapiens	0.009987534	0.006189955	0.0041125705	0.038828857	0.03741762	0.0025471854	0.006973761	0.03409127	0.0153752575	0.008855666	0.016221168	0.38017327	0.0	0.0033333334	0.0	0.019866666	0.017131906	0.015837535	0.009989745	0.023221832	0.013303029	0.08106723	0.026761848	0.22871278
SRR13355805	1	Homo sapiens	0.0066641974	0.0	0.0007653234	0.014858954	0.021276934	0.0	0.0	0.024331076	0.00979289	0.0033245382	0.009732255	0.5890683	0.00351945	0.0	0.0	0.026494673	0.02465526	0.06963925	0.036400627	0.027485726	0.012348776	0.056127284	0.0019168301	0.061597653
SRR13355806	1	Homo sapiens	0.0033302724	0.0	0.0	0.014225447	0.008172622	0.0	0.0	0.01599484	0.0	0.0	0.013298944	0.5551564	0.0032534332	0.0	0.0	0.039735265	0.0032380952	0.14971061	0.026617594	0.033089012	0.07650088	0.031404328	0.0032448885	0.023027364
SRR13355807	1	Homo sapiens	0.0	0.0	0.0007653234	0.038645174	0.01234081	0.0	0.011636468	0.009283872	0.009508644	0.0033231708	0.023168178	0.5398303	0.0033333334	0.0066407546	0.0	0.05315084	0.010130916	0.04309569	0.043287598	0.043884505	0.06557565	0.018637508	0.008818719	0.05494249
SRR13355808	1	Homo sapiens	0.0	0.0014849519	0.001788948	0.01396409	0.068529636	0.007018273	0.015254268	0.0032906404	0.0	0.0	0.0	0.5253158	0.0033333334	0.0	0.0	0.016463079	0.0067794695	0.14957225	0.029966963	0.023604231	0.03255358	0.0075451927	0.042460103	0.051075157
SRR13355809	1	Homo sapiens	0.0	0.002616016	0.0015262631	0.03145935	0.04719371	0.0032283464	0.0061834906	0.06051324	0.021295968	0.006609064	0.012907021	0.2818249	0.003140655	0.0	0.0	0.01	0.00978021	0.039753098	0.016641473	0.0066335374	0.006653973	0.030311786	0.03399647	0.36773145
SRR13355810	1	Homo sapiens	0.0	0.005900674	0.00485344	0.038374692	0.15924485	0.014498424	0.040889602	0.009628221	0.0	0.0032626262	0.0	0.37848943	0.0	0.0	0.0	0.0066516856	0.0045726974	0.013150982	0.0033333334	0.023168044	0.0033232092	0.038932852	0.12358108	0.12814415
SRR13355811	1	Homo sapiens	0.0	0.002682064	0.00052135583	0.028441925	0.007599043	0.0	0.00537954	0.016197998	0.013143889	0.009882288	0.016538426	0.56883544	0.00022190408	0.0017860954	0.0	0.04458967	0.03795454	0.011075253	0.026414793	0.023189748	0.019949602	0.050670143	0.0	0.11492629
SRR13355812	1	Homo sapiens	0.0	0.0045907926	0.0020066318	0.015975075	0.036514603	0.0009558729	0.017123789	0.0110916365	0.003233905	0.0	0.009936299	0.5194276	0.003278607	0.0	0.0	0.009959718	0.008710058	0.03426149	0.059905212	0.07339421	0.07933356	0.02526135	0.028436776	0.05660279
SRR13355813	1	Homo sapiens	0.0	0.002682064	0.0	0.03264822	0.02196411	0.0	0.0032849608	0.0097447615	0.009647431	0.0	0.016393464	0.5959251	0.012641815	0.0	0.0	0.028114967	0.024760168	0.06971044	0.009994927	0.0	0.0	0.050605696	0.003175205	0.108706675
SRR23699551	1	Homo sapiens	0.013333334	0.0	0.0	0.0	0.0	0.0	0.0	0.0066329716	0.006386771	0.0065831444	0.013242695	0.84798026	0.012799082	0.0	0.0	0.01993677	0.0033333334	0.023250552	0.013318094	0.009959238	0.0066541755	0.0031810491	0.0	0.013408501
SRR23699552	1	Homo sapiens	0.016653838	0.0	0.0	0.01294001	0.0033333334	0.0	0.0	0.020458354	0.061220706	0.0	0.0098564	0.8050112	0.02302305	0.0	0.0	0.013253602	0.013207918	0.0	0.0	0.0033230293	0.0	0.0	0.0	0.017718533
SRR23699553	1	Homo sapiens	0.0	0.0	0.0	0.0	0.0	0.0	0.0	0.0033218786	0.0	0.0	0.0099909315	0.9554722	0.016455358	0.0	0.0	0.0032733632	0.0033333334	0.0032934728	0.0	0.0033245317	0.0	0.0	0.0	0.001534937
SRR23699554	1	Homo sapiens	0.0	0.0	0.0	0.0	0.0	0.0	0.0	0.0	0.0032233058	0.0	0.0	0.9609341	0.022775296	0.0	0.0	0.0	0.0033333334	0.0	0.0	0.0066572065	0.0	0.0	0.0	0.003076746
SRR23699555	1	Homo sapiens	0.0033308421	0.0	0.0	0.0	0.0	0.0	0.0	0.0	0.0	0.0	0.0033333334	0.9138237	0.049547646	0.0	0.0	0.0	0.01	0.009990203	0.0	0.0033075933	0.0	0.0	0.0	0.006666667
SRR23699556	1	Homo sapiens	0.0033204134	0.0	0.0	0.0	0.0	0.0	0.0	0.0017164134	0.007981764	0.0	0.0033333334	0.93121666	0.019571146	0.0	0.0	0.0	0.026486905	0.0033333334	0.0	0.0	0.0	0.0	0.0	0.0030400374
SRR23699557	1	Homo sapiens	0.02662577	0.0	0.0032399807	0.0033333334	0.0	0.0	0.0	0.009718116	0.01631472	0.0	0.018247377	0.76997715	0.024691828	0.0	0.0	0.033214454	0.013319778	0.026548404	0.026644036	0.0066277394	0.01330832	0.0	0.0	0.008188998
SRR23699558	1	Homo sapiens	0.0	0.0	0.0	0.0033333334	0.0	0.0	0.0	0.016294166	0.003311012	0.003299045	0.009949723	0.8979901	0.019619355	0.0	0.0	0.013315768	0.0032483758	0.0099837035	0.0033140655	0.009975043	0.0033282249	0.0	0.0	0.003038054
SRR23699559	1	Homo sapiens	0.0	0.0	0.0	0.0	0.0	0.0	0.0	0.0	0.007238244	0.0	0.0065600304	0.9585131	0.005369957	0.0	0.0	0.0	0.009967072	0.0	0.0	0.0099821165	0.0	0.0	0.0	0.0023695019
SRR23699560	1	Homo sapiens	0.0	0.0	0.0	0.0	0.0	0.0	0.0	0.0	0.0	0.0	0.009923154	0.9638423	0.01627177	0.0	0.0	0.0	0.0033333334	0.0	0.0	0.0066294447	0.0	0.0	0.0	0.0
SRR23699561	1	Homo sapiens	0.0	0.0	0.0	0.0	0.0	0.0	0.0	0.0	0.0012052832	0.0	0.003268897	0.97355694	0.0053444677	0.0	0.0	0.0	0.0	0.0	0.0	0.016624393	0.0	0.0	0.0	0.0
SRR23699562	1	Homo sapiens	0.0	0.0	0.0	0.0	0.0	0.0	0.0	0.0	0.0	0.0	0.0065750084	0.98027897	0.003235222	0.003124502	0.0	0.0	0.0	0.0	0.0	0.0066488436	0.0	0.0	0.0	0.00013744143
SRR23699563	1	Homo sapiens	0.0	0.0	0.0	0.0	0.0	0.0	0.0	0.0065488517	0.0	0.0	0.009970653	0.93867767	0.0033283208	0.0	0.0	0.0	0.009985665	0.00982009	0.006648938	0.0	0.0033281972	0.0	0.0	0.0116916215
SRR23699564	1	Homo sapiens	0.019948566	0.012429229	0.030960374	0.038038857	0.014036977	0.0026646927	0.0	0.016148249	0.036551937	0.027244266	0.0316966	0.48938924	0.022587085	0.020708429	0.0	0.039886136	0.0066448464	0.006572627	0.026635816	0.013260979	0.013294147	0.03778059	0.006632963	0.086887404
SRR23699565	1	Homo sapiens	0.0	0.0	0.0	0.0	0.0	0.0	0.0	0.0	0.0	0.0	0.0032614279	0.9772323	0.016232423	0.0	0.0	0.0	0.0	0.003273898	0.0	0.0	0.0	0.0	0.0	0.0
SRR23699566	1	Homo sapiens	0.0	0.0	0.0	0.0	0.0	0.0	0.0	0.0	0.0027803136	0.0	0.0065294504	0.9542867	0.013064994	0.0	0.0	0.0	0.0066337385	0.0032659175	0.0	0.013226827	0.0	0.0	0.0	0.00021205781
SRR23699567	1	Homo sapiens	0.0	0.0	0.0	0.0	0.0	0.0	0.0	0.0	0.0	0.00328	0.009828629	0.9638622	0.013107052	0.0	0.0	0.0	0.0033004053	0.0	0.0	0.006621753	0.0	0.0	0.0	0.0
SRR23699568	1	Homo sapiens	0.0	0.0	0.0	0.0	0.0	0.0	0.0	0.0	0.0	0.0	0.0065353657	0.9703197	0.0033213182	0.0	0.0	0.0	0.0066337385	0.0	0.0	0.013189895	0.0	0.0	0.0	0.0
SRR23699569	1	Homo sapiens	0.0	0.0	0.0	0.0	0.0	0.0	0.0	0.0	0.0	0.0	0.006642538	0.98013437	0.0033028864	0.0	0.0	0.0	0.0	0.003273898	0.0	0.006646298	0.0	0.0	0.0	0.0
SRR23699570	1	Homo sapiens	0.0	0.0	0.0	0.0	0.0	0.0	0.0	0.0	0.012595286	0.0	0.006599802	0.96745366	0.0064769816	0.0	0.0	0.0	0.0033333334	0.0	0.0	0.0033288556	0.0	0.0	0.0	0.00021205781
SRR23699571	1	Homo sapiens	0.0	0.0	0.0	0.0	0.0	0.0	0.0	0.0017553368	0.0	0.0015045743	0.006567169	0.94741595	0.022881394	0.0	0.0	0.0	0.006666667	0.006561639	0.0	0.0066472855	0.0	0.0	0.0	0.0
SRR23699572	1	Homo sapiens	0.0	0.0	0.0	0.0	0.0	0.0	0.0	0.0	0.0012052832	0.0033276074	0.003268897	0.95496345	0.011875597	0.0	0.0	0.0	0.0	0.003273898	0.0	0.019927824	0.0	0.0	0.0	0.002157444
SRR23699573	1	Homo sapiens	0.0	0.0	0.0	0.0	0.0017342368	0.0	0.0	0.0	0.0	0.0	0.0	0.9835719	0.007044606	0.0010405421	0.0	0.0	0.0	0.0032934728	0.0	0.0033152704	0.0	0.0	0.0	0.0
SRR23699574	1	Homo sapiens	0.033291772	0.0	0.0	0.0030728076	0.0	0.0	0.0	0.0049329586	0.021156188	0.009822292	0.028265677	0.82977945	0.014588895	0.0	0.0	0.0033284132	0.029909851	0.006666667	0.0066610025	0.006618655	0.0	0.0	0.0	0.0019053782
SRR23699575	1	Homo sapiens	0.0	0.0	0.0	0.0	0.0	0.0	0.0	0.0	0.0	0.0	0.0065353657	0.9703413	0.0032498774	0.0	0.0	0.0	0.0033004053	0.0	0.0	0.016573006	0.0	0.0	0.0	0.0
SRR23699576	1	Homo sapiens	0.0	0.0	0.0	0.0	0.0	0.0	0.0	0.0	0.0	0.0	0.0	0.97688067	0.006579836	0.0	0.0	0.0	0.0	0.0	0.0	0.013206163	0.0	0.0	0.0	0.0033333334
SRR23699577	1	Homo sapiens	0.0	0.0	0.0	0.0	0.0	0.0	0.0	0.0	0.0027803136	0.0	0.003268897	0.96758	0.013040842	0.0	0.0	0.0	0.0033004053	0.0	0.0	0.009817453	0.0	0.0	0.0	0.00021205781
SRR23699578	1	Homo sapiens	0.006666667	0.0	0.0	0.0	0.0	0.0	0.0	0.0017164134	0.034061212	0.0032792129	0.0085206535	0.8288905	0.053929936	0.0	0.0	0.0	0.0363153	0.0066049383	0.003328221	0.016519148	0.0	0.0	0.0	0.00016779038
SRR5297130	1	Homo sapiens	0.0	0.0	0.0	0.0	0.0	0.0	0.0	0.0	0.006617992	0.0032520324	0.008388249	0.9356114	0.014443575	0.0	0.0	0.0	0.006666667	0.00995593	0.0	0.0033123659	0.0033282712	0.0031810491	0.0	0.005242464
SRR5297131	1	Homo sapiens	0.0	0.0	0.0	0.0032780292	0.0033333334	0.0	0.0	0.011032682	0.005384387	0.0032658959	0.026519118	0.80525273	0.016407307	0.0	0.0	0.036437154	0.0	0.03327066	0.013304078	0.01327117	0.01663629	0.006637416	0.0	0.0059697526
SRR5297132	1	Homo sapiens	0.0	0.0	0.0	0.006666667	0.0	0.0	0.0	0.0033333334	0.007991699	0.0050848024	0.019781884	0.8111755	0.009757565	0.0	0.0	0.026643356	0.016473673	0.02652901	0.0033307434	0.016624514	0.033259325	0.006540753	0.0	0.006807155
SRR5297133	1	Homo sapiens	0.0	0.0	0.0	0.016145125	0.0	0.0	0.0032852988	0.013279487	0.019552827	0.0033256589	0.029741328	0.7882208	0.026054444	0.0032746822	0.0	0.023256745	0.019839179	0.016554812	0.0	0.0066586607	0.0	0.015811782	0.0	0.014999169
SRR5875714	1	Mammuthus primigenius	0.0	0.0042808657	0.02351777	0.067869656	0.037745632	0.028409122	0.0433673	0.0	0.0032006877	0.0033282442	0.00646246	0.37309527	0.0	0.012292594	0.0	0.0	0.0	0.0	0.0	0.016195126	0.0	0.1370759	0.09600253	0.14715685
SRR5875715	1	Mammuthus primigenius	0.0	0.0070334333	0.03043946	0.060941815	0.013089673	0.043306574	0.08076768	0.003158151	0.003857924	0.006582125	0.003299045	0.31157836	0.0011232449	0.0156153	0.0	0.0	0.0	0.0	0.0	0.019520838	0.0	0.15941076	0.045830857	0.19444475
SRR5875718	1	Mammuthus primigenius	0.0	0.009220694	0.033176523	0.09154968	0.030830655	0.029586375	0.029697647	0.00019410977	0.0032006877	0.003259039	0.003260234	0.4138444	0.0	0.012088027	0.0	0.0	0.0	0.0	0.0	0.009450986	0.0	0.13894063	0.065391615	0.1263087
SRR5875719	1	Mammuthus primigenius	0.0	0.036506344	0.10032887	0.08023502	0.021841023	0.037539355	0.054307774	0.006835096	0.0039617433	0.009372107	0.0	0.25471005	0.00444594	0.03937601	0.0	0.0	0.0	0.0015356289	0.0	0.009559921	0.0	0.13434312	0.048713673	0.15638831
SRR5875720	1	Mammuthus primigenius	0.0	0.0087346835	0.024785817	0.052175075	0.029754922	0.021569893	0.060857393	0.0032007876	0.006065512	0.003253881	0.0	0.48543286	0.0	0.008860194	0.0	0.0	0.0	0.0	0.0	0.0032648067	0.0	0.11325592	0.067210644	0.111577615
SRR5875721	1	Mammuthus primigenius	0.0	0.004958495	0.034476634	0.064632334	0.01935843	0.037112705	0.08699962	0.005653686	0.008770495	0.0055386266	0.0013146499	0.34425825	0.004061899	0.066033565	0.0	0.0	0.0	0.0	0.0	0.012906064	0.0	0.111544	0.05734074	0.13503982
SRR5875722	1	Mammuthus primigenius	0.0	0.0069023264	0.03664939	0.05370301	0.057670016	0.024588054	0.024100628	0.0	0.0063624913	0.003259039	0.003260234	0.40673018	0.0032914511	0.01823825	0.0	0.0	0.0	0.0	0.0	0.0029533887	0.0	0.111807	0.06739293	0.1730916
SRR5875723	1	Mammuthus primigenius	0.0	0.0051255757	0.043842014	0.07045209	0.032073073	0.02348275	0.035628483	0.003158151	0.012920035	0.009695704	0.006545429	0.31147385	0.0030110262	0.02526913	0.0	0.0	0.0	0.0	0.0	0.019497003	0.0	0.13749267	0.05025171	0.21008132
SRR5875724	1	Mammuthus primigenius	0.0	0.008366746	0.011369191	0.07859763	0.06679121	0.05045646	0.09839191	0.0	0.0028979222	0.0	0.0010593631	0.315343	0.0	0.007021969	0.0	0.0	0.0	0.0	0.0	0.0	0.0	0.068165265	0.11009996	0.1814394
SRR5875725	1	Mammuthus primigenius	0.0	0.0	0.012812843	0.039666053	0.005837717	0.110589035	0.1723684	0.009102142	0.01372851	0.0039304653	0.0075819506	0.27138114	0.0032856425	0.013765803	0.0	0.0	0.0	0.0	0.0	0.0009033318	0.0	0.10243731	0.037658416	0.19495124
SRR5875726	1	Mammuthus primigenius	0.0	0.0039224126	0.015135364	0.058126677	0.03718654	0.03994643	0.02765971	0.00019410977	0.0071150963	0.0	0.003260234	0.47714692	0.0011232449	0.02498721	0.0	0.0	0.0	0.0	0.0	0.009785243	0.0	0.14795767	0.030730542	0.115722604
SRR5875727	1	Mammuthus primigenius	0.0	0.0009742886	0.041573457	0.048070323	0.00641578	0.026724393	0.0073184446	0.0	0.006755605	0.009369205	0.0065842397	0.4550138	0.017277062	0.12236546	0.0	0.0	0.0	0.0	0.0066379113	0.032720868	0.0	0.07828433	0.016250174	0.11766465
SRR5875728	1	Mammuthus primigenius	0.0	0.0036062966	0.013284901	0.033167683	0.022792367	0.072894454	0.14971268	0.0031276296	0.0071150963	0.0	0.0	0.31078404	0.0011232449	0.02193778	0.0	0.0	0.0	0.0	0.0	0.0051449616	0.0	0.1795664	0.07817457	0.09756791
SRR5875729	1	Mammuthus primigenius	0.0	0.0028889964	0.03814507	0.040336706	0.031148491	0.07683377	0.11047954	0.0030911188	0.009730329	0.012188443	0.0031049533	0.28704444	0.004378749	0.044893883	0.0	0.0	0.0	0.0	0.0	0.019460158	0.0	0.14743815	0.022192454	0.14664473
SRR5875730	1	Mammuthus primigenius	0.0	0.005433205	0.034145642	0.066361	0.047986936	0.020789066	0.025443042	0.0	0.003243714	0.0	0.004319597	0.4813296	0.0032164596	0.005526861	0.0	0.0	0.0	0.0	0.0	0.005166211	0.0	0.11442115	0.07796681	0.10465072
SRR5875731	1	Mammuthus primigenius	0.0	0.0016662525	0.052089445	0.044851966	0.031494226	0.024479873	0.048816796	0.00019410977	0.0063274386	0.012910491	0.0	0.3812237	0.006242689	0.031012338	0.0	0.0	0.0032779037	0.0	0.0	0.026137726	0.0	0.11369342	0.04165105	0.17393057
SRR8731955	1	Homo sapiens	0.0	0.024086107	0.061432615	0.041151453	0.044118702	0.056043327	0.0026617527	0.0050052134	0.0060700974	0.012930267	0.013027065	0.37890068	0.011068724	0.007780006	0.0	0.0	0.0	0.0032819384	0.0	0.0029533887	0.0	0.09223367	0.032942638	0.20431235
SRR8731957	1	Homo sapiens	0.0032098766	0.051155917	0.1824511	0.054175936	0.11719797	0.009750499	0.0	0.014595498	0.010348317	0.032220725	0.017710991	0.18269646	0.003906653	0.025516873	0.0	0.0	0.0	0.0032819384	0.006637244	0.0	0.0	0.115993544	0.011479226	0.15767123
SRR8731958	1	Homo sapiens	0.0	0.016346607	0.037930503	0.058977883	0.013372666	0.04566841	0.008580704	0.008555362	0.006306006	0.019469809	0.0064727124	0.46878427	0.0096631115	0.006245736	0.0	0.0	0.0017150149	0.0015925139	0.0	0.0	0.0	0.060093116	0.09235795	0.13786761
ERR11660399	2	Homo sapiens	0.0032742782	0.0	0.0	0.0	0.0	0.0	0.0	0.0031192661	0.0	0.009573696	0.013910387	0.9168128	0.025355414	0.0	0.0	0.01	0.0	0.0032927655	0.0	0.0066546225	0.0066491873	0.0	0.0	0.0013576017
ERR11660400	2	Homo sapiens	0.0	0.0	0.0	0.0	0.0	0.0	0.0	0.0008377897	0.0065199602	0.0049530524	0.013612017	0.9148103	0.029472847	0.0	0.0	0.016666668	0.0065216897	0.0032723576	0.0033333334	0.0	0.0	0.0	0.0	0.0
ERR11660401	2	Homo sapiens	0.006666667	0.0	0.0	0.0	0.02125631	0.0	0.0	0.054123845	0.026235756	0.0898253	0.07711041	0.39641756	0.022990827	0.0	0.015998961	0.033266783	0.007746917	0.009859801	0.056516636	0.042879153	0.056526933	0.054839265	0.0	0.027738882
ERR11660402	2	Homo sapiens	0.0	0.0	0.0	0.0	0.0	0.0	0.0	0.0032956493	0.003203125	0.0060383067	0.016004048	0.91766036	0.025887592	0.0	0.0	0.01	0.0032698258	0.006653253	0.0	0.0066302703	0.0	0.0	0.0	0.0013576017
ERR11660403	2	Homo sapiens	0.0033199196	0.0	0.0	0.0	0.0	0.0	0.0	0.01063054	0.007870083	0.008891874	0.0178005	0.90538913	0.02292377	0.0	0.0	0.0033299595	0.0032698258	0.006653253	0.0	0.005343864	0.0	0.0	0.0	0.004577287
ERR11660404	2	Homo sapiens	0.00328125	0.0002640583	0.0	0.0	0.007243571	0.0	0.0022444956	0.041283824	0.033779737	0.07280068	0.12423179	0.37752518	0.019532647	0.0	0.012595311	0.04646972	0.010455693	0.007979818	0.0566089	0.036309745	0.06980933	0.04236439	0.0006400156	0.034579836
ERR11660405	2	Homo sapiens	0.0033199196	0.0	0.0	0.0	0.0	0.0	0.0	0.015670666	0.016071588	0.013381698	0.027224274	0.84480166	0.009812197	0.0	0.0	0.02319979	0.0033298864	0.013258578	0.0066424473	0.003324843	0.016629105	0.0	0.0	0.0033333334
ERR11660406	2	Homo sapiens	0.0	0.0	0.0	0.0	0.0	0.0	0.0	0.0	0.009648432	0.019024128	0.025934486	0.86552846	0.019463249	0.0	0.0	0.009894772	0.0	0.016605692	0.0033298538	0.0099930065	0.016625477	0.0	0.0	0.003952463
ERR11660407	2	Homo sapiens	0.0033195876	0.0	0.0	0.0	0.010818175	0.0	0.0	0.06273691	0.035256274	0.08852074	0.1210651	0.3176207	0.019896926	0.0	0.03168457	0.036606636	0.01947245	0.009908298	0.053305857	0.042331	0.05986087	0.053547673	0.0065254713	0.02752276
ERR11660408	2	Homo sapiens	0.0	0.0	0.0	0.0	0.0	0.0	0.0	0.0065088626	0.007897679	0.0054613343	0.033327665	0.84919155	0.022838986	0.0	0.0	0.016573152	0.00990372	0.019884793	0.0066631245	0.008406682	0.009979806	0.0	0.0	0.003362659
ERR11660409	2	Homo sapiens	0.0033333334	0.0	0.0	0.0	0.0	0.0	0.0	0.0032723576	0.016427467	0.0059765414	0.022702958	0.85533094	0.022802154	0.0	0.0	0.0066632926	0.009870661	0.01662226	0.013309736	0.0066442583	0.013306326	0.0	0.0	0.0037377195
ERR11660410	2	Homo sapiens	0.0064134337	0.00058315834	0.0	0.0	0.009148803	0.0	0.0028488855	0.054896053	0.04662968	0.12386788	0.09992768	0.3073159	0.03055913	0.0	0.025910381	0.016655857	0.023394821	0.004634856	0.05318052	0.029673586	0.019942123	0.082553886	0.0034936683	0.058369737
ERR11660411	2	Homo sapiens	0.0033298503	0.0	0.0	0.0	0.0	0.0	0.0	0.0064149154	0.003316835	0.0034712297	0.025820144	0.8886287	0.025862455	0.0	0.0	0.013329915	0.006541729	0.006654539	0.0	0.0	0.013296308	0.0	0.0	0.0033333334
ERR11660412	2	Homo sapiens	0.0	0.0	0.0	0.0	0.0	0.0	0.0	0.0041334387	0.0	0.009582	0.01857059	0.89853364	0.019485611	0.0	0.0	0.016476912	0.0033333334	0.013258944	0.0	0.0033195876	0.013305921	0.0	0.0	0.0
ERR11660413	2	Homo sapiens	0.0033299697	0.0	0.0	0.0	0.005603429	0.0	0.0	0.06985937	0.024758963	0.08375332	0.09421333	0.37912914	0.00998935	0.0	0.016392596	0.03651495	0.009804006	0.013274615	0.0765921	0.029669752	0.0531877	0.045340307	0.00325145	0.045335658
ERR11660414	2	Homo sapiens	0.0	0.0	0.0	0.0	0.0	0.0	0.0	0.0032579482	0.0041429843	0.006203366	0.015458763	0.9140928	0.024960244	0.0	0.0	0.016592965	0.0	0.0033210958	0.0	0.0033333334	0.0033264463	0.0	0.0	0.005310065
ERR11660415	2	Homo sapiens	0.0	0.0	0.0	0.0	0.0	0.0	0.0	0.0	0.0029431721	0.0059765414	0.0064409515	0.9475702	0.016168099	0.0	0.0	0.009973933	0.0032681655	0.0	0.0	0.0033264956	0.00332315	0.0	0.0	0.001009291
ERR11660416	2	Homo sapiens	0.0	0.0	0.0	0.0	0.0077129765	0.0	0.0	0.040227864	0.052741397	0.07121795	0.09679328	0.3586978	0.029836338	0.0	0.014964714	0.043193724	0.0051310575	0.006597565	0.0665409	0.0558938	0.06650101	0.051492106	0.0	0.032457538
ERR11660417	2	Homo sapiens	0.0	0.0	0.0	0.0	0.0	0.0	0.0	0.006528403	0.0064954637	0.011244038	0.018387705	0.9224376	0.019367281	0.0	0.0	0.0033333334	0.0	0.0032723576	0.0	0.0033297797	0.0	0.0	0.0	0.005604034
ERR11660418	2	Homo sapiens	0.006659751	0.0	0.0	0.0	0.0	0.0	0.0	0.006427617	0.0032332332	0.009671402	0.022384213	0.88915896	0.0293882	0.0	0.0	0.0066476976	0.0065378635	0.0033298503	0.0033333334	0.0032820513	0.0033264463	0.003286052	0.0	0.0033333334
ERR11660419	2	Homo sapiens	0.0033333334	0.0	0.0	0.0	0.00991431	0.0	0.0	0.04623459	0.037036702	0.095431596	0.09096353	0.37710783	0.023727251	0.0	0.019254418	0.019891893	0.009780196	0.0033333334	0.04660523	0.056083567	0.059860144	0.059529386	0.00325145	0.03866125
ERR11660420	2	Homo sapiens	0.0031746032	0.0	0.0	0.0	0.0	0.0	0.0	0.004043177	0.009795408	0.0059003704	0.0185305	0.9022936	0.026023315	0.0	0.0	0.009938587	0.0032585796	0.0	0.0	0.003324843	0.009979287	0.0	0.0	0.0037377195
ERR11660421	2	Homo sapiens	0.0	0.0	0.0	0.0	0.0	0.0	0.0	0.0	0.0	0.008538812	0.022529922	0.8915383	0.029440144	0.0	0.0	0.013333334	0.006586985	0.01317848	0.0033299967	0.0065871384	0.0	0.001603507	0.0	0.0033333334
ERR11660422	2	Homo sapiens	0.016607746	0.0002640583	0.0	0.0	0.0066482504	0.0	0.0028488855	0.044942457	0.03329782	0.06945554	0.07741927	0.38115984	0.039842762	0.0033333334	0.030772375	0.03999272	0.021332555	0.017858796	0.053288158	0.022985827	0.07647693	0.02607364	0.0010073166	0.03439171
ERR11660423	2	Homo sapiens	0.0	0.0	0.0	0.0	0.0	0.0	0.0	0.012966665	0.003203125	0.0028572755	0.006127127	0.88797295	0.023177216	0.0	0.0	0.026588071	0.0066013713	0.009926884	0.009996683	0.006630142	0.0	0.0033333334	0.0	0.00061912986
ERR11660424	2	Homo sapiens	0.0	0.0	0.0	0.0	0.0032163742	0.0	0.0	0.006534802	0.0032972086	0.0077233138	0.025652787	0.90985394	0.0066519254	0.0	0.0	0.013197639	0.0	0.0066056913	0.0	0.006606119	0.00332664	0.0	0.0	0.007333559
ERR11660425	2	Homo sapiens	0.00328125	0.0	0.0	0.0	0.01756578	0.0	0.0	0.05481024	0.025063938	0.11051392	0.11113232	0.31728935	0.022917544	0.0	0.023051543	0.019973418	0.007676719	0.013229635	0.06328179	0.045845926	0.056540556	0.062513135	0.003914037	0.0413989
ERR11660426	2	Homo sapiens	0.0	0.0	0.0	0.0	0.0	0.0	0.0	0.009699907	0.009717055	0.011244038	0.015949503	0.8828205	0.025844628	0.0	0.0	0.01	0.013184081	0.0066056913	0.0	0.0033057567	0.0066496516	0.0	0.0	0.00497921
ERR11660427	2	Homo sapiens	0.0	0.0	0.0	0.0	0.0	0.0	0.0	0.0032391525	0.0	0.019288713	0.036205262	0.87834114	0.016408475	0.0	0.0	0.019986967	0.006547501	0.006666667	0.0	0.0033333334	0.006649434	0.0	0.0	0.0033333334
ERR11660428	2	Homo sapiens	0.0033333334	0.0	0.0	0.0	0.006666667	0.0	0.0	0.061243113	0.017687235	0.102231696	0.073266365	0.4073037	0.013041739	0.0	0.022210773	0.02314485	0.009735988	0.023054488	0.06983012	0.048968427	0.05319866	0.044865247	0.0	0.020217614
ERR11660429	2	Homo sapiens	0.0	0.007855857	0.0	0.0	0.11596469	0.01219974	0.06047143	0.0	0.14431126	0.003980517	0.37764993	0.06543563	0.0	0.0	0.0	0.0	0.0032339299	0.0	0.0	0.0	0.0	0.023209993	0.1518282	0.033858817
ERR11660430	2	Homo sapiens	0.0	0.00071209855	0.0	0.0	0.025320195	0.0122502	0.009980303	0.010228808	0.034782372	0.027494473	0.07996955	0.67469823	0.0	0.003080808	0.01747833	0.0	0.0	0.0	0.0033299932	0.0032721714	0.0033204537	0.025157722	0.028513156	0.04041113
ERR11660431	2	Homo sapiens	0.0	0.00029039374	0.0	0.0	0.025261555	0.0036810932	0.0059832116	0.008407118	0.022697762	0.041042693	0.0745748	0.69434613	0.0066061215	0.0	0.0107575655	0.0	0.0	0.0027217176	0.0033292144	0.0	0.0033202614	0.016480116	0.041630764	0.038869504
ERR11660432	2	Homo sapiens	0.0	0.004185413	0.0	0.0	0.1036202	0.01214264	0.03896143	0.0	0.10569704	0.010584337	0.26167223	0.29324296	0.0	0.0	0.008414488	0.0	0.0	0.0	0.0	0.0	0.0	0.010653359	0.12397941	0.026846493
ERR11660433	2	Homo sapiens	0.0	0.009409792	0.0	0.0	0.09677233	0.014312353	0.064234935	0.0	0.12637123	0.0031732041	0.32057244	0.17831834	0.0	0.0	0.0	0.0	0.0	0.0	0.0	0.0	0.0	0.011252851	0.14594468	0.029637847
ERR11660434	2	Homo sapiens	0.0	0.007203173	0.0	0.0	0.05655776	0.0071065356	0.03632273	0.0	0.07866537	0.0019006117	0.20098826	0.46514648	0.0020862028	0.0	0.004859489	0.0	0.0	0.0	0.0	0.0	0.0	0.017090319	0.091137536	0.030935531
ERR11660435	2	Homo sapiens	0.0	0.008781404	0.0	0.0	0.10104674	0.013405158	0.06584127	0.0	0.12252022	0.0	0.3159907	0.17475717	0.0	0.0	0.0014329258	0.0	0.0	0.0	0.0	0.0	0.0	0.011658318	0.15258361	0.03198248
ERR11660436	2	Homo sapiens	0.0	0.006297563	0.0	0.0	0.089070074	0.009833167	0.06773534	0.00043063954	0.10651664	0.0033533843	0.28663906	0.25124088	0.0	0.0	0.0	0.0	0.0	0.0	0.0	0.0	0.0	0.01929761	0.12635379	0.03323186
ERR11660437	2	Homo sapiens	0.0	0.010032411	0.0	0.0	0.108445555	0.016042817	0.06780124	0.0	0.13671264	0.0	0.35350972	0.10622387	0.0	0.0	0.0	0.0	0.0	0.0	0.0	0.0	0.0	0.011658318	0.16147368	0.028099744
ERR11660438	2	Homo sapiens	0.0	0.0	0.0	0.0	0.0064526843	0.02601446	0.006577353	0.007836251	0.0055173556	0.027992923	0.029828658	0.6728554	0.037636153	0.015182346	0.053071886	0.0	0.0	0.0	0.0	0.020657538	0.0	0.01902111	0.014064	0.05729193
ERR11660439	2	Homo sapiens	0.0	0.0	0.0	0.0	0.0066082324	0.019248081	0.007851207	0.0026153845	0.007782363	0.033226654	0.026381982	0.6428271	0.04373094	0.020635681	0.073625125	0.0	0.0	0.0	0.0	0.044229396	0.0	0.020874612	0.007812579	0.04255064
ERR11660440	2	Homo sapiens	0.0	0.009666544	0.0	0.0	0.0016465625	0.008551863	0.0036824509	0.00915687	0.0036048049	0.031380598	0.033276945	0.6715717	0.024893858	0.02763202	0.07287656	0.0	0.0	0.0	0.0	0.034675103	0.0	0.01087321	0.016612044	0.039898895
ERR11660441	2	Homo sapiens	0.0	0.0	0.0	0.0	0.0052896566	0.009681672	0.0066492846	0.013105432	0.011791168	0.044250607	0.033614013	0.68682176	0.040802684	0.020757796	0.048415534	0.0	0.0032458797	0.0	0.0	0.024740411	0.0	0.0089242235	0.0066035073	0.035306387
ERR11660442	2	Homo sapiens	0.0	0.0063080806	0.0	0.0	0.003048433	0.015869617	0.0033005404	0.0030708835	0.0062927674	0.028821988	0.019908609	0.7018182	0.021908373	0.016454633	0.08509046	0.0	0.0032357723	0.0	0.0	0.019668879	0.0	0.015537291	0.0009704673	0.048694987
ERR11660443	2	Homo sapiens	0.0	0.0062281336	0.0	0.0	0.009403113	0.012926719	0.0061919186	0.0057743876	0.003149403	0.035416987	0.020314172	0.67566675	0.030522022	0.01720453	0.047978085	0.0032216583	0.0032458797	0.0	0.0	0.014826322	0.0	0.03368487	0.019148365	0.055096697
ERR11660444	2	Homo sapiens	0.0	0.0	0.0	0.0	0.0031689678	0.011652394	0.015147378	0.0061202543	0.0026727223	0.036369488	0.026564673	0.6707562	0.03799439	0.025366778	0.07269689	0.0	0.0	0.0031036937	0.0	0.021482762	0.0	0.0092275785	0.008687449	0.04898839
ERR11660445	2	Homo sapiens	0.0	0.0	0.0	0.0	0.012186347	0.006623112	0.006577353	0.0032458797	0.0030635926	0.028358184	0.031490788	0.7178486	0.025511246	0.013343799	0.052161567	0.0	0.0032458797	0.0	0.0	0.018191008	0.0	0.028386276	0.006175653	0.043590732
ERR11660446	2	Homo sapiens	0.0033242009	0.0066533512	0.0	0.0	0.01839693	0.014456692	0.009369006	0.0064158593	0.012216884	0.038410734	0.029769257	0.58536386	0.06827404	0.050590917	0.07186131	0.0	0.0032357723	0.0	0.0	0.021685136	0.0	0.012578417	0.001273854	0.046123788
ERR11660447	2	Homo sapiens	0.0	0.0	0.0	0.0	0.0065949927	0.004344933	0.008721765	0.009121315	0.0059227752	0.046750646	0.022812832	0.693814	0.029168837	0.030471282	0.061054654	0.0	0.0032357723	0.0	0.0	0.02480773	0.0	0.013795152	0.0	0.039383326
ERR11660448	2	Homo sapiens	0.0	0.003964624	0.0	0.0	0.006217401	0.013906196	0.0164807	0.00898796	0.010959406	0.023808546	0.022270398	0.6528855	0.027387507	0.038039718	0.083271176	0.0	0.0	0.0	0.0	0.017361594	0.0	0.011726676	0.018402345	0.044330228
ERR11660449	2	Homo sapiens	0.0	0.006075942	0.0	0.0	0.0031689678	0.009084547	0.0	0.010929759	0.0	0.027636778	0.012712452	0.6893979	0.042375993	0.021917682	0.073284745	0.0	0.0	0.0	0.0	0.024640994	0.0	0.022060195	0.0	0.056714073
ERR11660450	2	Homo sapiens	0.0	0.0	0.0	0.0	0.006086833	0.012458136	0.00332274	0.011259995	0.0016843271	0.025618803	0.011790078	0.6963639	0.050780922	0.016114507	0.06645501	0.0032216583	0.0	0.0	0.0	0.029040955	0.0	0.009257263	0.0032872425	0.053257596
ERR11660451	2	Homo sapiens	0.0	0.008893064	0.0	0.0	0.09648217	0.014708709	0.058571037	0.0	0.12674037	0.004084263	0.313202	0.17371726	0.0	0.0	0.0	0.0	0.0	0.0	0.0	0.0	0.0	0.01630205	0.15517074	0.03212834
ERR11660452	2	Homo sapiens	0.0	0.003945081	0.0	0.0	0.07070438	0.0068131452	0.03205022	0.0028486028	0.08745825	0.020836039	0.22228508	0.25235504	0.0	0.002740717	0.030276591	0.0	0.003299595	0.0	0.0	0.0	0.0	0.0421059	0.11454393	0.10773744
ERR11660453	2	Homo sapiens	0.0	0.0075945077	0.0	0.0	0.08652194	0.014708709	0.054574937	0.0	0.11293819	0.004059376	0.27527383	0.23225895	0.0013217236	0.0	0.0064770477	0.0	0.0013255965	0.0	0.0	0.0	0.0	0.025602046	0.13476582	0.042577352
ERR11660454	2	Homo sapiens	0.0	0.005881668	0.0	0.0	0.052354947	0.0054651275	0.026599063	0.0085380245	0.064736724	0.035999697	0.17311041	0.35778576	0.0065453737	0.0	0.028289841	0.0	0.0	0.0	0.0	0.0	0.0	0.06253612	0.08073243	0.09142482
ERR11660455	2	Homo sapiens	0.0	0.0073997015	0.0	0.0	0.09694782	0.0145816635	0.050883412	0.0	0.12624986	0.0018372845	0.3045904	0.16297309	0.0	0.0	0.0064804703	0.0	0.003299595	0.0	0.0	0.0	0.0	0.030770522	0.15555723	0.03842894
ERR11660456	2	Homo sapiens	0.06647389	0.0	0.0	0.0	0.0031935177	0.0	0.0025409749	0.023330247	0.060842164	0.34973177	0.16369763	0.2013881	0.058157258	0.0	0.009877658	0.0024570278	0.0	0.003254748	0.00666002	0.00028233055	0.0	0.033896305	0.0	0.014216359
ERR11660457	2	Homo sapiens	0.07989154	0.0	0.0	0.0	0.0027941177	0.006575297	0.0	0.05687014	0.059592646	0.3352355	0.1726606	0.178096	0.027548406	0.0	0.020710532	0.0024570278	0.0	0.001673246	0.0033266866	0.0032192897	0.0	0.033142626	0.0	0.016206361
ERR11660458	2	Homo sapiens	0.086474076	0.0	0.0	0.0	0.006174617	0.0	0.0	0.026836501	0.04928978	0.3441358	0.1541053	0.20811813	0.04163242	0.0	0.0060823294	0.0033333334	0.0	0.0	0.003329911	0.006521932	0.0	0.040122107	0.0	0.02384377
ERR11660459	2	Homo sapiens	0.063306294	0.0	0.0	0.0	0.0027941177	0.0031282327	0.0	0.02694536	0.046232797	0.38737443	0.16117835	0.2009761	0.03628631	0.0	0.00889093	0.0	0.0032650973	0.001673246	0.0	0.004999113	0.0	0.029824458	0.0	0.023125153
ERR11660460	2	Homo sapiens	0.0	0.0065063215	0.0	0.0	0.055449143	0.010539349	0.05361696	0.0031304348	0.06939309	0.0002796944	0.16616367	0.42903048	0.0	0.0	0.022072855	0.0	0.0	0.0	0.0	0.003319239	0.0	0.018271133	0.1272384	0.03498923
ERR11660461	2	Homo sapiens	0.0	0.0	0.0	0.0	0.0	0.0	0.0	0.003285024	0.012761663	0.028924154	0.03382208	0.8283847	0.0032992153	0.0	0.0028843926	0.016573247	0.009951856	0.029749619	0.009986563	0.006657617	0.0066394038	0.0027789073	0.0	0.0043015885
ERR11660462	2	Homo sapiens	0.0033298612	0.0	0.0	0.0	0.0065912986	0.0	0.0	0.00639169	0.0044265706	0.021779722	0.018504411	0.85214925	0.0066325488	0.0	0.0032592593	0.0133232605	0.0	0.033234343	0.0	0.013281628	0.013306032	0.0031946702	0.0	0.00059543666
ERR11660463	2	Homo sapiens	0.0	0.0	0.0	0.0	0.0	0.0	0.0	0.00909315	0.008971191	0.012218965	0.037473716	0.8343934	0.004942443	0.0	0.0	0.033184163	0.016380006	0.016649798	0.0066530914	0.016590856	0.0033266533	0.0	0.0	0.00012259686
ERR11660464	2	Homo sapiens	0.0033298826	0.0	0.0	0.0	0.0	0.0	0.0	0.017228797	0.0032799465	0.023968488	0.021613926	0.8154617	0.0	0.0033144427	0.0	0.019933132	0.013243124	0.033112347	0.0	0.026558466	0.0066495645	0.007948739	0.0	0.0043574204
ERR11660465	2	Homo sapiens	0.0	0.0	0.0	0.0	0.0033333334	0.0	0.0	0.0022239191	0.003239531	0.036446232	0.03492419	0.8273842	0.0065334667	0.0	0.0	0.013292929	0.0033333334	0.036580127	0.0066121607	0.013275947	0.009979495	0.0	0.0	0.0028411536
ERR11660466	2	Homo sapiens	0.0	0.0	0.0	0.0	0.0033333334	0.0	0.0	0.012907146	0.015117249	0.019539135	0.022464707	0.82741696	0.006607294	0.0	0.0	0.013091183	0.009885545	0.023333333	0.009979636	0.019873288	0.0066531007	0.0033333334	0.0032235906	0.0032411865
ERR14057409	2	Bison priscus	0.0	0.10034867	0.0	0.0	0.069645934	0.012509992	0.058276977	0.0	0.086123936	0.0262736	0.23139195	0.14928573	0.0	0.0	0.032129433	0.0	0.0	0.0	0.0	0.0	0.0	0.057509962	0.13403907	0.042464737
ERR14057410	2	Bison priscus	0.0	0.06550468	0.0	0.0	0.06331745	0.015813757	0.08057225	0.0020418854	0.08114125	0.025037516	0.21729691	0.17076263	0.0	0.00039548022	0.029309243	0.0	0.0	0.0	0.0	0.0	0.0	0.06402609	0.14041129	0.04436958
ERR14057411	2	Bison priscus	0.0033333334	0.12210404	0.0	0.0	0.01133891	0.0	0.005017717	0.012917344	0.019894408	0.036663596	0.06003458	0.41467386	0.0040001804	0.0020921149	0.06640683	0.013322253	0.0065582623	0.013202487	0.023222856	0.038579643	0.026567768	0.083122686	0.0014994382	0.035447698
ERR14057412	2	Bison priscus	0.012429015	0.108316906	0.0	0.0	0.0054405658	0.0037053612	0.0033264817	0.016331375	0.007932466	0.055101145	0.04671159	0.40538192	0.001944072	0.007080711	0.054412823	0.041941866	0.0140288295	0.027994527	0.029826406	0.0360949	0.023278734	0.05905515	0.0	0.039665177
ERR14057413	2	Bison priscus	0.009993208	0.0	0.0	0.0	0.0	0.0	0.0	0.011354302	0.011998673	0.020474795	0.03786482	0.014996081	0.0028583545	0.0026696166	0.003197458	0.0	0.0030659537	0.0	0.0	0.0	0.0	0.0064931163	0.0	0.8750336
ERR14057414	2	Bison priscus	0.0066563785	0.0	0.0	0.0	0.0	0.0	0.0	0.00902654	0.012923073	0.009408719	0.022978432	0.0094491355	0.0028583545	0.0065419064	0.0062508266	0.0	0.0	0.0	0.0	0.0	0.0	0.0	0.0	0.91390663
ERR14057415	2	Bison priscus	0.0	0.0	0.0	0.0	0.00661687	0.0033201124	0.0	0.007932042	0.0016614215	0.0023357393	0.07433234	0.0059987064	0.0	0.0	0.0	0.0	0.0	0.0	0.0	0.0	0.0	0.0	0.0	0.89780277
ERR14057416	2	Bison priscus	0.0	0.0	0.0	0.0	0.0033160236	0.0033201124	0.0	0.0051320414	0.0	0.0031767862	0.06450302	0.011326205	0.0028583545	0.0	0.0032575757	0.0	0.0	0.0	0.0	0.0	0.0	0.0	0.0	0.90310985
ERR14100444	2	Bison priscus	0.0	0.10034867	0.0	0.0	0.069645934	0.012509992	0.058276977	0.0	0.086123936	0.0262736	0.23139195	0.14928573	0.0	0.0	0.032129433	0.0	0.0	0.0	0.0	0.0	0.0	0.057509962	0.13403907	0.042464737
ERR14100445	2	Bison priscus	0.0	0.06550468	0.0	0.0	0.06331745	0.015813757	0.08057225	0.0020418854	0.08114125	0.025037516	0.21729691	0.17076263	0.0	0.00039548022	0.029309243	0.0	0.0	0.0	0.0	0.0	0.0	0.06402609	0.14041129	0.04436958
ERR14100446	2	Bison priscus	0.0033333334	0.12210404	0.0	0.0	0.01133891	0.0	0.005017717	0.012917344	0.019894408	0.036663596	0.06003458	0.41467386	0.0040001804	0.0020921149	0.06640683	0.013322253	0.0065582623	0.013202487	0.023222856	0.038579643	0.026567768	0.083122686	0.0014994382	0.035447698
ERR14100447	2	Bison priscus	0.012429015	0.108316906	0.0	0.0	0.0054405658	0.0037053612	0.0033264817	0.016331375	0.007932466	0.055101145	0.04671159	0.40538192	0.001944072	0.007080711	0.054412823	0.041941866	0.0140288295	0.027994527	0.029826406	0.0360949	0.023278734	0.05905515	0.0	0.039665177
ERR14100448	2	Bison priscus	0.009993208	0.0	0.0	0.0	0.0	0.0	0.0	0.011354302	0.011998673	0.020474795	0.03786482	0.014996081	0.0028583545	0.0026696166	0.003197458	0.0	0.0030659537	0.0	0.0	0.0	0.0	0.0064931163	0.0	0.8750336
ERR14100449	2	Bison priscus	0.0066563785	0.0	0.0	0.0	0.0	0.0	0.0	0.00902654	0.012923073	0.009408719	0.022978432	0.0094491355	0.0028583545	0.0065419064	0.0062508266	0.0	0.0	0.0	0.0	0.0	0.0	0.0	0.0	0.91390663
ERR14100450	2	Bison priscus	0.0	0.0	0.0	0.0	0.00661687	0.0033201124	0.0	0.007932042	0.0016614215	0.0023357393	0.07433234	0.0059987064	0.0	0.0	0.0	0.0	0.0	0.0	0.0	0.0	0.0	0.0	0.0	0.89780277
ERR14100451	2	Bison priscus	0.0	0.0	0.0	0.0	0.0033160236	0.0033201124	0.0	0.0051320414	0.0	0.0031767862	0.06450302	0.011326205	0.0028583545	0.0	0.0032575757	0.0	0.0	0.0	0.0	0.0	0.0	0.0	0.0	0.90310985
ERR2269773	2	Arabidopsis thaliana	0.0031004508	0.66108865	0.0	0.0	0.017823273	0.0039554457	0.02181604	0.0	0.014192888	0.016596008	0.032857645	0.042372543	0.00011893446	0.0018393437	0.02549696	0.0	0.0	0.0	0.0	0.0020771818	0.0	0.11722264	0.020669626	0.018772379
ERR2269775	2	Arabidopsis thaliana	0.0031004508	0.5241186	0.0	0.0	0.021330748	0.07305252	0.012026616	0.0033572374	0.0067770635	0.06204572	0.014990895	0.04019864	0.0022051374	0.0042533097	0.03436796	0.0	0.0	0.0	0.0	0.0021391124	0.0	0.0920828	0.008968382	0.094984815
ERR2269776	2	Arabidopsis thaliana	0.0031004508	0.7052942	0.0	0.0	0.0128941685	0.00066132797	0.018374415	0.0	0.013145974	0.021601118	0.030205132	0.031055158	0.00011893446	0.0015379253	0.0037614198	0.0	0.0	0.0	0.0	0.0	0.0	0.1137014	0.029522596	0.015025761
ERR2269777	2	Arabidopsis thaliana	0.0031004508	0.60918343	0.0	0.0	0.016513942	0.003855925	0.010578393	0.0	0.0097004445	0.029661817	0.023026967	0.063297644	0.0029764995	0.0050474363	0.034683477	0.0	0.0	0.0013352428	0.0	0.0066569475	0.0	0.11310143	0.03722237	0.03005759
ERR2269778	2	Arabidopsis thaliana	0.0031004508	0.5426203	0.0	0.0	0.0033669027	0.009833729	0.009787561	0.001989354	0.006870048	0.062920235	0.01529927	0.18884961	0.019656077	0.005154055	0.00807874	0.0	0.0	0.0	0.0	0.0065906737	0.0	0.07915971	0.020941403	0.015781889
ERR2269779	2	Arabidopsis thaliana	0.0031004508	0.7251279	0.0	0.0	0.015096009	0.00066132797	0.0214571	0.0	0.01168949	0.015992666	0.033316273	0.02649721	0.00011893446	0.0018393437	0.003876701	0.0	0.0	0.0	0.0	0.0	0.0	0.10615133	0.023861384	0.0112139145
ERR2269780	2	Arabidopsis thaliana	0.0031004508	0.68251884	0.0	0.0	0.008304016	0.005130014	0.02231475	0.0	0.009547322	0.023558607	0.024327245	0.06388277	0.00011893446	0.0018393437	0.012480078	0.0	0.0	0.0	0.0	0.0032801065	0.0	0.095316194	0.023577707	0.020703636
ERR2269781	2	Arabidopsis thaliana	0.0031004508	0.69851226	0.0	0.0	0.014041568	0.00066132797	0.015268372	0.0	0.015084907	0.019151524	0.04079009	0.01631959	0.00011893446	0.0018393437	0.003948349	0.0	0.0	0.0	0.0	0.0032801065	0.0	0.09880715	0.05198393	0.017092114
ERR2269782	2	Arabidopsis thaliana	0.0031004508	0.6048829	0.0	0.0	0.021004831	0.0085473005	0.008927099	0.0	0.0063825897	0.024353169	0.016402861	0.07624707	0.00011893446	0.0020772102	0.0680015	0.0	0.0	0.0031036937	0.0	0.0012936181	0.0	0.10780675	0.02487063	0.02287938
ERR2269783	2	Arabidopsis thaliana	0.0031004508	0.5937208	0.0	0.0	0.009716294	0.0032681655	0.019313667	0.0	0.010530324	0.04545028	0.02573104	0.07569196	0.0031707317	0.0018393437	0.006942662	0.0	0.0	0.0	0.0	0.0	0.0	0.093915686	0.096303105	0.011305514
ERR2269784	2	Arabidopsis thaliana	0.0031004508	0.40743133	0.0	0.0	0.016559206	0.0072216745	0.01010769	0.0	0.0044081076	0.032936342	0.0056449245	0.06619475	0.004867134	0.027122656	0.21934262	0.0	0.0	0.0	0.0	0.004606226	0.0	0.104400456	0.026736077	0.05932035
ERR2269785	2	Arabidopsis thaliana	0.0031004508	0.66404694	0.0	0.0	0.016695876	0.0010947037	0.020318065	0.0	0.0152872065	0.038196705	0.035409473	0.033497706	0.00011893446	0.0018393437	0.00061501557	0.0	0.0	0.0	0.0	0.0	0.0	0.10272038	0.05222228	0.014836923
ERR2269786	2	Arabidopsis thaliana	0.0031004508	0.6797797	0.0	0.0	0.020285854	0.00066132797	0.012631104	0.0	0.01118921	0.026465958	0.027830228	0.050110903	0.00011893446	0.0033921734	0.010311286	0.0	0.0	0.0	0.0	0.0	0.0	0.10084301	0.03720633	0.016073495
ERR2269787	2	Arabidopsis thaliana	0.0031004508	0.6222426	0.0	0.0	0.02097469	0.007055255	0.010374098	0.0	0.009755863	0.027874017	0.023127025	0.058577508	0.00011893446	0.0018393437	0.059275966	0.0	0.0	0.0	0.0	0.0012936181	0.0	0.11747982	0.014188839	0.022721909
ERR2269788	2	Arabidopsis thaliana	0.0031004508	0.7070272	0.0	0.0	0.01234485	0.00066132797	0.020614138	0.0	0.0155667905	0.01488286	0.036958594	0.030634476	0.00011893446	0.0018393437	0.0042820643	0.0	0.0	0.0	0.0	0.0	0.0	0.105851635	0.030363131	0.015754202
ERR2269789	2	Arabidopsis thaliana	0.0031004508	0.7101118	0.0	0.0	0.012872591	0.010104844	0.012826526	0.0	0.012423177	0.02051879	0.032755952	0.032369997	0.00011893446	0.0015379253	0.017064422	0.0	0.0	0.0	0.0	0.0	0.0	0.10119059	0.020525476	0.012478534
ERR2269790	2	Arabidopsis thaliana	0.0031004508	0.3986857	0.0	0.0	0.022068877	0.025769247	0.025027614	0.0	0.008647131	0.041793432	0.033801477	0.12179615	0.0054996978	0.016568769	0.05348411	0.0	0.0	0.0	0.0	0.007528902	0.0	0.13466041	0.0344698	0.06709825
ERR2269791	2	Arabidopsis thaliana	0.0031004508	0.7131118	0.0	0.0	0.015632993	0.00066132797	0.012506397	0.0	0.0137209175	0.03716491	0.033755835	0.02584932	0.0032896663	0.0018393437	0.0037867327	0.0	0.0	0.0	0.0	0.0	0.0	0.09135247	0.032519743	0.011708063
ERR2269792	2	Arabidopsis thaliana	0.0031004508	0.7671649	0.0	0.0	0.010980949	0.0018378327	0.014188447	0.0	0.01353966	0.012936782	0.031333346	0.012211336	0.00011893446	0.0020772102	0.00061501557	0.0	0.0	0.0	0.0	0.0	0.0	0.09855135	0.017722256	0.013621558
ERR2269793	2	Arabidopsis thaliana	0.0031004508	0.7284897	0.0	0.0	0.015018962	0.0018378327	0.018016648	0.0	0.015029681	0.017485993	0.039458677	0.019519422	0.00011893446	0.0018393437	0.0058280365	0.0	0.0	0.0	0.0	0.0	0.0	0.104166254	0.021441285	0.008648785
ERR2269794	2	Arabidopsis thaliana	0.0031004508	0.45247242	0.0	0.0	0.008238505	0.020977126	0.00489448	0.012430055	0.0019174605	0.0947676	0.026544504	0.16244875	0.04788489	0.016258694	0.016296787	0.0	0.0	0.0	0.0	0.014040272	0.0	0.05903899	0.0104057435	0.04828327
ERR2269795	2	Arabidopsis thaliana	0.0031004508	0.71433634	0.0	0.0	0.016913705	0.00066132797	0.023897016	0.0	0.0177783	0.017487941	0.0437678	0.012746252	0.00011893446	0.0018393437	0.0035550855	0.0	0.0	0.0	0.0	0.0	0.0	0.10469274	0.029960385	0.009144394
ERR2269796	2	Arabidopsis thaliana	0.0031004508	0.41350943	0.0	0.0	0.020020239	0.009248023	0.011394122	0.009968361	0.0043914802	0.054170642	0.026122104	0.114407346	0.011211425	0.011928854	0.14501444	0.0	0.0	0.0031036937	0.0	0.01145192	0.0	0.077735715	0.020647531	0.05257423
ERR2269797	2	Arabidopsis thaliana	0.0031004508	0.705865	0.0	0.0	0.014777834	0.00066132797	0.023897016	0.0	0.016666234	0.019208595	0.0420055	0.0148120895	0.00011893446	0.0018393437	0.00061501557	0.0	0.0	0.0	0.0	0.0	0.0	0.11161813	0.035941474	0.008873052
ERR2269798	2	Arabidopsis thaliana	0.0031004508	0.5945561	0.0	0.0	0.022037711	0.0108085	0.0077522206	0.0014184397	0.0013327418	0.05514657	0.012574888	0.117238656	0.012667895	0.00023786658	0.026155468	0.0	0.0	0.0	0.0	0.0	0.0	0.0563482	0.055783954	0.02284035
ERR2269799	2	Arabidopsis thaliana	0.0031004508	0.48810482	0.0	0.0	0.025952542	0.011659828	0.0061670537	0.0	0.0020302418	0.051739182	0.012606623	0.14063264	0.012347249	0.006904533	0.11774989	0.0	0.0	0.0	0.0	0.0012936181	0.0	0.07604058	0.01197488	0.031695876
ERR2269800	2	Arabidopsis thaliana	0.0031004508	0.57694125	0.0	0.0	0.013251807	0.032929704	0.008032961	0.005414897	0.0036828662	0.0765087	0.010055141	0.057701703	0.013001256	0.0035239665	0.02817586	0.0	0.0	0.0	0.0	0.0	0.0	0.071584515	0.036497224	0.059597675
ERR2269801	2	Arabidopsis thaliana	0.0031004508	0.31692114	0.0	0.0	0.003961507	0.0	0.007057423	0.0068147685	0.00094944437	0.043463986	0.028636336	0.377428	0.06773251	0.06338506	0.021051856	0.0	0.0	0.0	0.0033299492	0.0032721714	0.0	0.025992157	0.0029283904	0.023974838
ERR2269802	2	Arabidopsis thaliana	0.0031004508	0.5076955	0.0	0.0	0.014025127	0.011128324	0.0186759	0.0	0.003245304	0.06645973	0.012633752	0.1396801	0.02372013	0.025533276	0.049099997	0.0	0.0	0.0	0.0	0.007922817	0.0	0.06703586	0.013744161	0.036299575
ERR2269803	2	Arabidopsis thaliana	0.0063642706	0.4569075	0.0	0.0	0.00701792	0.0063140667	0.001657959	0.010616019	0.012019641	0.040074807	0.03574817	0.12928973	0.030330623	0.015825512	0.10406128	0.0	0.0	0.003288026	0.0	0.003317107	0.0	0.07256041	0.00654475	0.05806219
ERR2269804	2	Arabidopsis thaliana	0.0031004508	0.50061244	0.0	0.0	0.04040221	0.0076738363	0.05868465	0.0	0.039238375	0.024416173	0.11257552	0.038853977	0.00011893446	0.0036835691	0.00039179562	0.0	0.0	0.00029838525	0.0	0.0	0.0	0.10656855	0.05158883	0.011792282
ERR2269805	2	Arabidopsis thaliana	0.0031004508	0.69631594	0.0	0.0	0.017052755	0.0025300346	0.026188465	0.0	0.018649668	0.017958615	0.044816982	0.018995347	0.00011893446	0.003288089	0.00061501557	0.0	0.0	0.0	0.0	0.0	0.0	0.11095621	0.029480038	0.009933434
ERR3728226	2	Homo sapiens	0.0033333334	0.0	0.0	0.0	0.0	0.0	0.0	0.0	0.0065302644	0.0028287326	0.024711818	0.9100899	0.032653786	0.0	0.0	0.0	0.009900106	0.0033333334	0.0	0.006618707	0.0	0.0	0.0	0.0
ERR3728227	2	Homo sapiens	0.0	0.0	0.0	0.0	0.0	0.0	0.0	0.0	0.006524755	0.0022033898	0.015914192	0.92267853	0.026244795	0.0	0.0	0.0013821138	0.0151170995	0.0	0.0	0.0099351	0.0	0.0	0.0	0.0
ERR3728228	2	Homo sapiens	0.0033333334	0.0	0.0	0.0	0.0	0.0	0.0	0.0	0.0065288558	0.0028287326	0.0030676553	0.96493864	0.01280019	0.0	0.0	0.0	0.0065025873	0.0	0.0	0.0	0.0	0.0	0.0	0.0
ERR3728238	2	Homo sapiens	0.0	0.00046940637	0.0	0.0	0.012725272	0.008106798	0.00898368	0.018760594	0.016362742	0.066840485	0.04151096	0.4530781	0.010367663	0.0065663657	0.08314439	0.003280318	0.018162776	0.0032960705	0.013329929	0.013296517	0.0099793915	0.06557337	0.041041322	0.10512387
ERR3728239	2	Homo sapiens	0.0033333334	0.0	0.0	0.0	0.0032720463	0.0032931608	0.0	0.012142545	0.015975628	0.03570501	0.05217347	0.6557168	0.013110724	0.0	0.015586068	0.02971346	0.01436732	0.016519025	0.029800786	0.046595447	0.016632685	0.0071772607	0.006598864	0.022286413
ERR3728240	2	Homo sapiens	0.009945557	0.0041443105	0.0	0.0	0.0056091864	0.017838981	0.014659626	0.016011741	0.010594686	0.043603104	0.027588423	0.5551214	0.008478652	0.006409195	0.060180537	0.0	0.0098182745	0.0064031496	0.0066633266	0.009972372	0.0033265166	0.040836863	0.04529956	0.09749454
ERR3728241	2	Homo sapiens	0.0	0.005796586	0.0	0.0	0.017770799	0.007150788	0.00825362	0.011800728	0.009567006	0.07598713	0.052464988	0.5328339	0.010324494	0.01275397	0.065250054	0.0033027523	0.018290365	0.013077085	0.023319965	0.032361504	0.009973144	0.022699948	0.0078885015	0.05913268
ERR3728245	2	Homo sapiens	0.0	0.0	0.0	0.0	0.0	0.0	0.0	0.0	0.0	0.0	0.0	0.993497	0.0	0.0	0.0	0.0	0.00323126	0.0	0.0	0.0032717318	0.0	0.0	0.0	0.0
ERR3728246	2	Homo sapiens	0.0	0.0	0.0	0.0	0.0	0.0	0.0	0.0	0.0	0.0	0.00301353	0.9870808	0.0	0.0	0.0	0.0	0.0032486978	0.0	0.0	0.006656986	0.0	0.0	0.0	0.0
ERR3728247	2	Homo sapiens	0.0	0.0	0.0	0.0	0.0	0.0	0.0	0.0	0.0	0.0	0.0	0.99667	0.0	0.0	0.0	0.0	0.0	0.0	0.0	0.0033299867	0.0	0.0	0.0	0.0
ERR3728248	2	Homo sapiens	0.0	0.0	0.0	0.0	0.0	0.0	0.0	0.0	0.0	0.0	0.0030322985	0.9905026	0.0	0.0	0.0	0.0	0.006465091	0.0	0.0	0.0	0.0	0.0	0.0	0.0
ERR3728249	2	Homo sapiens	0.0	0.0	0.0	0.0	0.0	0.0	0.0	0.0	0.0	0.0	0.0060418528	0.9907243	0.0	0.0	0.0	0.0	0.003233831	0.0	0.0	0.0	0.0	0.0	0.0	0.0
ERR3728250	2	Homo sapiens	0.0	0.0	0.0	0.0	0.0	0.0	0.0	0.0	0.0	0.0	0.0090741515	0.9612763	0.0033166548	0.0	0.0	0.0	0.0065645934	0.0	0.0	0.019768298	0.0	0.0	0.0	0.0
ERR3728251	2	Homo sapiens	0.0	0.0	0.0	0.0	0.0	0.0	0.0	0.0	0.00326713	0.0	0.0060418528	0.96438956	0.0	0.0	0.0	0.0	0.006465091	0.0	0.0	0.01983636	0.0	0.0	0.0	0.0
ERR3728252	2	Homo sapiens	0.0	0.0	0.0	0.0	0.0	0.0	0.0	0.0	0.0	0.0	0.0	0.99671364	0.0	0.0	0.0	0.0	0.0	0.0	0.0	0.003286385	0.0	0.0	0.0	0.0
ERR3728254	2	Homo sapiens	0.0033264104	0.0	0.0	0.0	0.0	0.0	0.0	0.0	0.0	0.0012376824	0.017662106	0.93616194	0.0065913787	0.0	0.0	0.0	0.01322664	0.0033333334	0.0	0.016510267	0.0	0.0	0.0	0.0019502244
ERR3728255	2	Homo sapiens	0.0	0.0	0.0	0.0	0.0	0.0	0.0	0.0	0.0	0.0	0.021549389	0.92229646	0.016391208	0.0	0.0	0.0	0.01658281	0.0	0.0	0.023180123	0.0	0.0	0.0	0.0
ERR3728256	2	Homo sapiens	0.0	0.0	0.0	0.0	0.0	0.0	0.0	0.0	0.0014702941	0.0012376824	0.011301952	0.9480468	0.011545642	0.0	0.0	0.0	0.006559974	0.0	0.0	0.019837644	0.0	0.0	0.0	0.0
ERR3728257	2	Homo sapiens	0.003323222	0.0	0.0	0.0	0.0	0.0	0.0	0.0	0.0029946691	0.0	0.015729073	0.93150324	0.01317304	0.0	0.0	0.0	0.016652778	0.0033333334	0.0	0.0132906735	0.0	0.0	0.0	0.0
ERR4373119	2	Homo sapiens	0.0	0.043409195	0.0	0.0	0.0032969937	0.008989192	0.0016658203	0.015966417	0.00725993	0.088560835	0.04731386	0.51344275	0.11915329	0.0435891	0.022054812	0.0	0.0	0.0	0.0	0.006569552	0.0	0.029812811	0.028361745	0.020553656
ERR4373134	2	Homo sapiens	0.0033242009	0.006819761	0.0	0.0	0.015164689	0.016912533	0.0015033891	0.004111349	0.0105233975	0.071917415	0.04148519	0.45347652	0.0126301255	0.0	0.06565166	0.0033333334	0.0032371134	0.0033333334	0.049809776	0.049413044	0.009979236	0.035407737	0.10500954	0.036956638
ERR4373146	2	Homo sapiens	0.0033264956	0.0	0.0	0.0	0.0094948	0.0	0.0	0.008606307	0.009791307	0.007667689	0.022474816	0.57906353	0.0228554	0.0	0.0	0.03945468	0.006535955	0.1496443	0.04655073	0.03306879	0.036567874	0.006540357	0.009872526	0.00848443
ERR4373153	2	Homo sapiens	0.0	0.0760188	0.0	0.0	0.04106128	0.014571183	0.019431382	0.004371713	0.02248107	0.07994024	0.06453056	0.31228375	0.00886234	0.00030141845	0.035277147	0.0	0.0	0.003611352	0.0	0.0	0.0	0.05259882	0.23560475	0.029054204
ERR4373159	2	Homo sapiens	0.0	0.05277912	0.0	0.0	0.036872208	0.0037869946	0.015021985	0.009577548	0.01277945	0.067265995	0.029768573	0.37591913	0.003018571	0.0	0.050056513	0.006666667	0.0032371134	0.005649163	0.026075589	0.05328773	0.016632533	0.04046523	0.1511131	0.040026788
ERR4373979	2	Homo sapiens	0.0	0.0	0.0	0.0	0.0	0.0	0.0	0.0	0.0	0.0071762553	0.0064671533	0.91122186	0.006254061	0.0	0.0	0.0	0.0058842404	0.043046806	0.0033265445	0.013201435	0.0033128625	0.0	0.0	0.00010875051
ERR4373995	2	Homo sapiens	0.0	0.10667407	0.0	0.0	0.036047455	0.01289204	0.026360137	0.0	0.03142234	0.061307173	0.09131721	0.3265641	0.0	0.0	0.0063339216	0.0	0.0	0.00029838525	0.0	0.0065915035	0.0	0.07956025	0.17642553	0.03820588
ERR4373996	2	Homo sapiens	0.003326778	0.0037900868	0.0	0.0	0.055239506	0.027140679	0.017138513	0.0027090881	0.026185498	0.06554734	0.06533183	0.3083086	0.012280851	0.0	0.060316466	0.0	0.0	0.00029838525	0.0	0.0	0.0	0.04470725	0.24337839	0.06430075
ERR4373997	2	Homo sapiens	0.0	0.0030246277	0.0	0.0	0.0	0.0	0.003201258	0.01632005	0.0148531115	0.06784667	0.02563385	0.65285206	0.105103746	0.056824163	0.009145906	0.0	0.0	0.0	0.0	0.006263226	0.0	0.010423151	0.0	0.02850818
ERR4373998	2	Homo sapiens	0.0	0.010712923	0.0	0.0	0.106446184	0.019941768	0.059865642	0.0	0.13600075	0.00036340853	0.34656975	0.09455671	0.0	0.0	0.0063966885	0.0	0.0	0.0	0.0	0.0	0.0	0.021787085	0.14790548	0.049453598
ERR4373999	2	Homo sapiens	0.003326778	0.0037900868	0.0	0.0	0.055239506	0.027140679	0.017138513	0.0027090881	0.026185498	0.06554734	0.06533183	0.3083086	0.012280851	0.0	0.060316466	0.0	0.0	0.00029838525	0.0	0.0	0.0	0.04470725	0.24337839	0.06430075
ERR4374000	2	Homo sapiens	0.0	0.10667407	0.0	0.0	0.036047455	0.01289204	0.026360137	0.0	0.03142234	0.061307173	0.09131721	0.3265641	0.0	0.0	0.0063339216	0.0	0.0	0.00029838525	0.0	0.0065915035	0.0	0.07956025	0.17642553	0.03820588
ERR4374001	2	Homo sapiens	0.0	0.0030246277	0.0	0.0	0.0	0.0	0.003201258	0.01632005	0.0148531115	0.06784667	0.02563385	0.65285206	0.105103746	0.056824163	0.009145906	0.0	0.0	0.0	0.0	0.006263226	0.0	0.010423151	0.0	0.02850818
ERR4374002	2	Homo sapiens	0.0	0.025944093	0.0	0.0	0.046404056	0.016769815	0.03186178	0.0	0.028521553	0.06698342	0.065193176	0.30738693	0.012389867	0.0	0.031849295	0.0	0.0	0.0026803524	0.0	0.0035920471	0.0	0.04839852	0.28735256	0.024672544
ERR4374003	2	Homo sapiens	0.0	0.010712923	0.0	0.0	0.106446184	0.019941768	0.059865642	0.0	0.13600075	0.00036340853	0.34656975	0.09455671	0.0	0.0	0.0063966885	0.0	0.0	0.0	0.0	0.0	0.0	0.021787085	0.14790548	0.049453598
ERR4374004	2	Homo sapiens	0.003326778	0.10516031	0.0	0.0	0.042214904	0.010129706	0.013122787	0.010861095	0.011992426	0.08661718	0.037256032	0.3059231	0.012670977	0.0	0.051538266	0.0	0.0	0.00029838525	0.0	0.0	0.0	0.0721948	0.188762	0.047931243
ERR4374005	2	Homo sapiens	0.0	0.0028692074	0.0	0.0	0.061085835	0.016019471	0.04523049	0.00039180624	0.060310252	0.016562955	0.1596618	0.35858718	0.0031437126	0.0032361515	0.040384386	0.0	0.0	0.00029838525	0.0	0.0033136248	0.0	0.029329931	0.14904182	0.050533008
ERR4374006	2	Homo sapiens	0.0	0.015182618	0.0	0.0	0.050651904	0.013118765	0.02514546	0.0031813676	0.02856032	0.056504015	0.07811076	0.30934733	0.011305808	0.0	0.043074176	0.0	0.0	0.0026803524	0.0	0.0	0.0	0.02790193	0.30770415	0.027531046
ERR4374007	2	Homo sapiens	0.0	0.0053099026	0.0	0.0	0.07012864	0.015574058	0.022910584	0.0030832083	0.027347691	0.039260615	0.07531682	0.32822776	0.008135076	0.0	0.043747228	0.0	0.0	0.0058683367	0.0	0.0	0.0	0.018046657	0.30246675	0.034576654
ERR4374008	2	Homo sapiens	0.0	0.00967319	0.0	0.0	0.060030237	0.025672572	0.047323152	0.00620311	0.034750015	0.044923645	0.06669924	0.4360283	0.0025651096	0.0015379253	0.047318798	0.0	0.0	0.00029838525	0.0	0.006579	0.0	0.027693413	0.13419473	0.048509184
ERR4374009	2	Homo sapiens	0.0	0.0074048117	0.0	0.0	0.05383155	0.013792534	0.0058625024	0.0031813676	0.025471974	0.048858617	0.051992435	0.3430095	0.0024353478	0.0	0.0474662	0.003259334	0.009783012	0.042385105	0.0033264675	0.013225	0.003326432	0.025442313	0.24814928	0.047796227
ERR4374010	2	Homo sapiens	0.0	0.011064566	0.0	0.0	0.027249878	0.006215962	0.017494941	0.0087224515	0.015223846	0.11383612	0.05766668	0.43131247	0.021982482	0.0032615385	0.03730093	0.0033298575	0.0	0.0058683367	0.0	0.0	0.0	0.039657902	0.16340788	0.036404155
ERR4374011	2	Homo sapiens	0.0	0.0026679456	0.0	0.0	0.066569895	0.0231281	0.03877914	0.0064113024	0.03805594	0.040385403	0.10074935	0.2510142	0.008924582	0.0	0.044691283	0.0	0.0	0.0034863697	0.0	0.0	0.0	0.019209635	0.32460946	0.03131738
ERR4374012	2	Homo sapiens	0.0	0.008439818	0.0	0.0	0.06729437	0.004569354	0.015927048	0.0042870357	0.032563154	0.027480159	0.08226899	0.5301873	0.005631315	0.0031790421	0.04725279	0.0	0.0	0.0	0.006593214	0.0032653755	0.006649639	0.023263693	0.076065384	0.055082317
ERR4374013	2	Homo sapiens	0.0	0.0036518443	0.0	0.0	0.04380673	0.017596208	0.01904466	0.014859791	0.022087093	0.07960446	0.05771324	0.41326177	0.016194826	0.0028663669	0.031358365	0.0	0.0	0.0058810157	0.0	0.0	0.0	0.04298326	0.19268021	0.036410153
ERR4374014	2	Homo sapiens	0.0	0.021122944	0.0	0.0	0.027869165	0.018527221	0.021424558	0.0031813676	0.016462663	0.10685357	0.044866744	0.4352957	0.017556971	0.00997924	0.02884489	0.0	0.0	0.0026803524	0.0	0.0	0.0	0.023047969	0.20479092	0.01749571
ERR4374015	2	Homo sapiens	0.0	0.00648756	0.0	0.0	0.036363132	0.0046029296	0.0153111955	0.0076162308	0.01619888	0.051350422	0.023123067	0.6501818	0.018513694	0.0071610925	0.025638364	0.0	0.0	0.00029838525	0.0	0.0052967905	0.0	0.030424703	0.048922867	0.05250894
ERR4374016	2	Homo sapiens	0.0	0.01629123	0.0	0.0	0.05003169	0.02660752	0.024069915	0.0030832083	0.033567637	0.052862104	0.08867018	0.25293192	0.0059632426	0.0	0.034105428	0.0	0.0	0.0023819671	0.0	0.0	0.0	0.0274317	0.36393234	0.018069923
ERR4374017	2	Homo sapiens	0.0	0.0065848767	0.0	0.0	0.113632105	0.01143691	0.05084034	0.0030832083	0.11555494	0.0041142604	0.28900185	0.17335348	0.0	0.0	0.032170795	0.0	0.0	0.0	0.0	0.0	0.0	0.030527093	0.121253915	0.048446205
ERR4374018	2	Homo sapiens	0.0	0.01144729	0.0	0.0	0.0672203	0.016688231	0.011988797	0.0072356975	0.034179833	0.051477537	0.08249058	0.34114826	0.014506621	0.004363182	0.040039036	0.0	0.0	0.0026803524	0.0	0.0	0.0	0.031547572	0.25251946	0.030467277
ERR4374019	2	Homo sapiens	0.0	0.008844633	0.0	0.0	0.04007732	0.0154513065	0.033840008	0.0030832083	0.022449197	0.07876626	0.05381162	0.44988218	0.020632122	0.0031761625	0.029014653	0.0	0.0	0.00029838525	0.0	0.0	0.0	0.020916162	0.17492084	0.044835936
ERR4374020	2	Homo sapiens	0.0	0.035032213	0.0	0.0	0.022014827	0.0098635005	0.02698873	0.010991116	0.005615264	0.13667077	0.022790793	0.48448595	0.038100883	0.0156327	0.041004527	0.0	0.0	0.001673246	0.0	0.0	0.0	0.04321827	0.06656795	0.03934927
ERR4374021	2	Homo sapiens	0.0	0.007851906	0.0	0.0	0.10380885	0.016086308	0.039451748	0.001105668	0.09537557	0.009483357	0.21263634	0.2587785	0.0	0.0	0.033719793	0.0	0.0	0.0	0.0	0.0	0.0	0.037885025	0.1066229	0.077194035
ERR4374022	2	Homo sapiens	0.0	0.002835591	0.0	0.0	0.07096301	0.016496273	0.034538805	0.0031813676	0.042419467	0.05241584	0.10635783	0.2639523	0.008800408	0.0	0.042385496	0.0	0.0	0.0026803524	0.0	0.0	0.0	0.023631604	0.29881865	0.030522976
ERR4374023	2	Homo sapiens	0.003329932	0.0027013875	0.0	0.0	0.013053504	0.0026731219	0.0032525253	0.030752165	0.019829966	0.08667948	0.044247255	0.49043968	0.056521185	0.032548748	0.026973683	0.00662078	0.0	0.0033333334	0.046552803	0.032741085	0.023278054	0.017614698	0.016453333	0.04040328
ERR4374024	2	Homo sapiens	0.0	0.0062409523	0.0	0.0	0.057599396	0.015254061	0.024117623	0.004595176	0.025286982	0.07621407	0.0580654	0.42763865	0.02103857	0.0018850772	0.039265167	0.0	0.0	0.00029838525	0.0	0.003281787	0.0	0.016458804	0.20054545	0.022214463
ERR4374025	2	Homo sapiens	0.0	0.019038387	0.0	0.0	0.05767277	0.019153073	0.030348785	0.0	0.03103519	0.05059213	0.07262064	0.2852309	0.014203879	0.0	0.038916685	0.0	0.0	0.0023819671	0.0	0.0032801065	0.0	0.037900265	0.31439328	0.023231957
ERR4374026	2	Homo sapiens	0.0	0.029546056	0.0	0.0	0.011909194	0.034883454	0.0017381845	0.004381036	0.0066683614	0.14724854	0.026829973	0.497081	0.057275772	0.00959655	0.02898977	0.0	0.0	0.00029838525	0.0	0.016325882	0.0	0.013980387	0.09159087	0.021656564
ERR4374027	2	Homo sapiens	0.0	0.038022548	0.0	0.0	0.053986486	0.014446402	0.01754855	0.0031813676	0.022694673	0.06701469	0.059712693	0.35414636	0.017249392	0.0033333334	0.037400946	0.0	0.0	0.0026803524	0.0	0.0	0.0	0.03856622	0.24637504	0.023640938
ERR4374028	2	Homo sapiens	0.0	0.017231476	0.0	0.0	0.050491527	0.028720263	0.01353338	0.0078013083	0.028827181	0.052292507	0.07476613	0.31273466	0.0059632426	0.0	0.043824058	0.0	0.0	0.0026803524	0.0	0.0	0.0	0.04584499	0.28487596	0.030412953
ERR4374029	2	Homo sapiens	0.0	0.22581454	0.0	0.0	0.03252603	0.00806357	0.036133982	0.002533071	0.0050192	0.13917172	0.021978322	0.27042055	0.014846842	0.0031267605	0.047181707	0.0	0.0	0.00029838525	0.0	0.0024982034	0.0	0.051416174	0.11733767	0.021633275
ERR4374030	2	Homo sapiens	0.0	0.04914212	0.0	0.0	0.05482841	0.0067633204	0.019258922	0.0050559686	0.014984541	0.12713578	0.04020464	0.42754063	0.030675376	0.0048251157	0.060538877	0.0	0.0	0.00029838525	0.0	0.0033097167	0.0	0.037844546	0.084021874	0.03357178
ERR4374031	2	Homo sapiens	0.0	0.0073932176	0.0	0.0	0.06362121	0.016469173	0.03045478	0.0031813676	0.029106343	0.042172853	0.08623797	0.31839985	0.00561089	0.0	0.033244424	0.0	0.0	0.0026803524	0.0	0.0	0.0	0.018247949	0.31869242	0.024487225
ERR4374032	2	Homo sapiens	0.0	0.022920765	0.0	0.0	0.05274869	0.017416598	0.028713493	0.0041333064	0.018039076	0.074355364	0.0528632	0.35527083	0.0105348425	0.0	0.041228905	0.0	0.0	0.0	0.0	0.0068574226	0.0	0.028662056	0.23154974	0.05470571
ERR4374033	2	Homo sapiens	0.0	0.022054374	0.0	0.0	0.02948056	0.0041628294	0.046702903	0.0017405405	0.014033011	0.09535602	0.030675905	0.37260562	0.0106114885	0.0	0.055167418	0.0	0.0	0.00029838525	0.0	0.0	0.0	0.045452565	0.2343695	0.037288886
ERR4374034	2	Homo sapiens	0.0	0.06588678	0.0	0.0	0.035463028	0.013396734	0.007920454	0.008512236	0.008742253	0.16351257	0.022386681	0.4055989	0.071291044	0.032430314	0.03974738	0.0	0.0	0.0032429718	0.0	0.006483575	0.0	0.0344081	0.03351404	0.047462914
ERR4374035	2	Homo sapiens	0.0	0.0109355515	0.0	0.0	0.04731904	0.015326673	0.035623666	0.0031813676	0.035829455	0.0388938	0.106193475	0.27010995	0.009133974	0.0	0.03422862	0.0	0.0	0.0026803524	0.0	0.0	0.0	0.020438602	0.34557146	0.024534
ERR4374036	2	Homo sapiens	0.0	0.009695652	0.0	0.0	0.07565448	0.010600084	0.050723575	0.0031304348	0.07499531	0.014189605	0.17694937	0.2663467	0.0	0.0032160312	0.04068705	0.0	0.0	0.0	0.0	0.0	0.0	0.038121082	0.16743217	0.068258464
ERR4374037	2	Homo sapiens	0.0	0.032727268	0.0	0.0	0.03032129	0.012951794	0.0033163612	0.0026153845	0.015795033	0.15396145	0.03632542	0.38665032	0.09041888	0.013331352	0.053975847	0.0	0.0	0.0	0.0	0.013067902	0.0	0.029433636	0.073095456	0.052012593
ERR4374038	2	Homo sapiens	0.0	0.0141658485	0.0	0.0	0.04523879	0.017022295	0.03003476	0.005302313	0.029810768	0.06377479	0.06998241	0.31194162	0.021497378	0.0	0.035306696	0.0	0.0	0.0026803524	0.0	0.0	0.0	0.016779765	0.3127363	0.023725886
ERR4374039	2	Homo sapiens	0.0	0.012761097	0.0	0.0	0.048829474	0.017713789	0.03987541	0.0	0.024637436	0.059167296	0.052178673	0.38089916	0.009682413	0.0	0.078426056	0.0	0.0	0.0	0.0	0.003312608	0.0	0.03763596	0.15588297	0.078997664
ERR4374040	2	Homo sapiens	0.0	0.01213288	0.0	0.0	0.031356644	0.010322269	0.01197533	0.0063697733	0.009675577	0.09178571	0.02579647	0.53100604	0.061140034	0.0032542578	0.02383129	0.0	0.0	0.00029838525	0.0	0.0032653755	0.0	0.01854268	0.13581978	0.023427539
ERR4374041	2	Homo sapiens	0.0	0.0036518443	0.0	0.0	0.038743626	0.012509632	0.025867274	0.0016260638	0.025786992	0.06848492	0.05930604	0.52881825	0.012907054	0.006146285	0.027826	0.0	0.0	0.0	0.0	0.0	0.0	0.024703484	0.13020891	0.03341361
ERR4374042	2	Homo sapiens	0.0	0.018582588	0.0	0.0	0.05794617	0.020015638	0.020906348	0.0	0.032645196	0.05242955	0.091211855	0.29766318	0.009133974	0.0	0.030895287	0.0	0.0	0.0026803524	0.0	0.0	0.0	0.024235547	0.31464317	0.027011154
ERR4374043	2	Homo sapiens	0.0	0.0735903	0.0	0.0	0.037879296	0.0080554625	0.014113627	0.004738488	0.00558996	0.13540544	0.031977765	0.40782043	0.016875127	0.019114802	0.050123114	0.0	0.0	0.00029838525	0.0	0.0	0.0	0.02639288	0.121641524	0.046383392
ERR4374044	2	Homo sapiens	0.0	0.004981291	0.0	0.0	0.057896238	0.014825947	0.036418878	0.0008585798	0.03727799	0.06649998	0.0909465	0.26516274	0.008487429	0.0	0.05492765	0.0	0.0	0.0026803524	0.0	0.0	0.0	0.018817658	0.30910486	0.031113902
ERR4374045	2	Homo sapiens	0.0	0.0034767506	0.0	0.0	0.094854094	0.011484453	0.03803515	0.0042361026	0.08105517	0.008436961	0.19789787	0.27937302	0.0	0.0	0.033914424	0.0	0.0	0.0	0.0	0.0	0.0	0.025734289	0.16267836	0.05882335
ERR4374046	2	Homo sapiens	0.0	0.009479592	0.0	0.0	0.12682116	0.009835424	0.039278384	0.0	0.09659791	0.008607243	0.22248419	0.24468167	0.0	0.0	0.035914477	0.0	0.0	0.0	0.0	0.0	0.0	0.031843886	0.10847422	0.065981835
ERR4374047	2	Homo sapiens	0.0	0.032134704	0.0	0.0	0.027044697	0.008939852	0.018472038	0.0055100597	0.0052358173	0.10920172	0.014744197	0.50889057	0.05898588	0.012862314	0.028565472	0.0	0.0	0.0056056883	0.0	0.0032932933	0.0	0.023390781	0.118830286	0.018292652
ERR4374048	2	Homo sapiens	0.0	0.0092062615	0.0	0.0	0.07375094	0.022937018	0.04662234	0.0	0.04860916	0.0329317	0.119241744	0.30912057	0.0	0.0	0.052522343	0.0	0.0	0.0	0.009976636	0.003320588	0.0	0.016495466	0.2207719	0.034493323
ERR4374049	2	Homo sapiens	0.0	0.008611253	0.0	0.0	0.067453146	0.013622716	0.029924998	0.0044630826	0.026482033	0.056559816	0.08511722	0.2982036	0.008889246	0.0	0.029236117	0.0	0.0	0.0	0.0033333334	0.0	0.0	0.02784644	0.28586328	0.05439372
ERR4374050	2	Homo sapiens	0.0	0.0076987133	0.0	0.0	0.058323257	0.022047825	0.017731758	0.0	0.030652856	0.075817026	0.07440316	0.30732855	0.008781622	0.0	0.033003543	0.0	0.0	0.0023819671	0.0	0.0	0.0	0.024935577	0.3024445	0.03444964
ERR4374051	2	Homo sapiens	0.0	0.008624857	0.0	0.0	0.06678105	0.017223053	0.029357478	0.0	0.037389923	0.03827268	0.1025115	0.2874312	0.00561089	0.0	0.032148317	0.0	0.0	0.0058683367	0.0	0.0	0.0	0.020052832	0.31976476	0.028963095
ERR4374052	2	Homo sapiens	0.0	0.0033065057	0.0	0.0	0.02709514	0.0105954	0.011921051	0.0	0.0052882805	0.10001289	0.040026523	0.54345644	0.060076885	0.013042205	0.026683642	0.0	0.0	0.00029838525	0.0	0.006594159	0.0	0.029238211	0.09588436	0.026479926
ERR4374053	2	Homo sapiens	0.01	0.0030246277	0.0	0.0	0.013222169	0.0	0.0032760268	0.012698472	0.012517795	0.022976179	0.029405404	0.39978847	0.064980775	0.029269133	0.008240961	0.023073142	0.0044701155	0.024761898	0.1422935	0.07975788	0.10305887	0.0019096056	0.003326613	0.007948375
ERR4374055	2	Homo sapiens	0.0	0.028694384	0.0	0.0	0.06557071	0.019313963	0.024948545	0.0012136112	0.033782527	0.04944231	0.08683049	0.26728302	0.009133974	0.0	0.040319923	0.0	0.0	0.00029838525	0.0	0.0	0.0	0.040780503	0.2982525	0.03413515
ERR4374588	2	Homo sapiens	0.0	0.020825278	0.0	0.0	0.04895863	0.017696178	0.015232806	0.006514701	0.027462572	0.070299946	0.072904505	0.3003479	0.014012925	0.0	0.04127336	0.0	0.0	0.0026803524	0.0	0.0	0.0	0.029319841	0.29971415	0.03275686
ERR4374589	2	Homo sapiens	0.0	0.008305757	0.0	0.0	0.05068823	0.021535456	0.033568673	0.0	0.03247884	0.04791301	0.086825706	0.2861027	0.00561089	0.0	0.036588307	0.0	0.0	0.0026803524	0.0	0.0	0.0	0.021482145	0.33921328	0.027006648
ERR4374838	2	Homo sapiens	0.006659857	0.0	0.0	0.0	0.026108347	0.00066613057	0.0	0.019363508	0.008529184	0.093668595	0.04436779	0.48289123	0.025487762	0.016142884	0.025886165	0.019905785	0.003226453	0.042991996	0.03997278	0.05232793	0.01661973	0.02190102	0.025249472	0.028033372
ERR4374839	2	Homo sapiens	0.0	0.08589446	0.0	0.0	0.020531783	0.016822213	0.033235386	0.009184826	0.012067151	0.0995679	0.03107795	0.32154045	0.014486869	0.004893295	0.06020062	0.0	0.0	0.0	0.0033299562	0.0066275187	0.0	0.050501294	0.19397576	0.036062565
ERR4374851	2	Homo sapiens	0.0	0.06811372	0.0	0.0	0.04862128	0.009491523	0.080660015	0.007155585	0.015690524	0.09656875	0.027433816	0.3723493	0.01071421	0.0	0.056045294	0.0	0.0	0.00029838525	0.0	0.0	0.0	0.04085133	0.11013616	0.055870116
ERR4374857	2	Homo sapiens	0.0	0.016193273	0.0	0.0	0.0676207	0.02113876	0.022277318	0.006213643	0.037942473	0.047469642	0.100032575	0.25323832	0.009133974	0.0	0.03422862	0.0	0.0	0.0026803524	0.0	0.0	0.0	0.029828308	0.330696	0.021306034
ERR4374858	2	Homo sapiens	0.009979167	0.026004102	0.0	0.0	0.029190477	0.024752889	0.014839479	0.015961898	0.020534107	0.08826942	0.047733102	0.45374158	0.015513559	0.007996381	0.055311743	0.0	0.0032088123	0.003316413	0.019979531	0.019487772	0.0	0.04509488	0.036176875	0.06290779
ERR4374859	2	Homo sapiens	0.0	0.051528327	0.0	0.0	0.021819547	0.0033392522	0.012759294	0.009728659	0.006649281	0.11268	0.02407001	0.48661897	0.1184043	0.024698079	0.031633537	0.0	0.0	0.0	0.0	0.0032932933	0.0	0.014146634	0.04107178	0.037559036
ERR4374860	2	Homo sapiens	0.0	0.0115118725	0.0	0.0	0.064285	0.012303366	0.012559105	0.0063118027	0.03548421	0.05218197	0.097643495	0.31305873	0.011357189	0.0	0.033919714	0.0	0.0	0.0026803524	0.0	0.0	0.0	0.02251355	0.29496992	0.029219735
ERR4374861	2	Homo sapiens	0.0	0.014969037	0.0	0.0	0.054206967	0.014448593	0.02481829	0.0043865354	0.020428829	0.087187625	0.06531937	0.31123698	0.008868208	0.0	0.038619135	0.0	0.0	0.0034863697	0.0	0.003227408	0.0	0.016494077	0.27921352	0.053089045
ERR4374862	2	Homo sapiens	0.0	0.043212134	0.0	0.0	0.017263079	0.009454985	0.01691307	0.014784417	0.010399482	0.17021053	0.03502471	0.41320533	0.063998565	0.0221382	0.03286749	0.0	0.0	0.0	0.0	0.009898159	0.0	0.04718885	0.06708986	0.026351161
ERR4374863	2	Homo sapiens	0.0	0.0053099026	0.0	0.0	0.06819467	0.013011557	0.015462884	0.0	0.034173135	0.05423717	0.095567964	0.31424016	0.011305808	0.0033193864	0.032954432	0.0	0.0	0.0026803524	0.0	0.0033264104	0.0	0.015389013	0.3038373	0.026989855
ERR4374864	2	Homo sapiens	0.0	0.008996567	0.0	0.0	0.042716376	0.009295263	0.01092477	0.0	0.023301132	0.047225896	0.07586003	0.38770306	0.011676346	0.0	0.032472778	0.0	0.0	0.0059097223	0.0	0.0	0.0	0.025372991	0.28123122	0.037313852
ERR4374865	2	Homo sapiens	0.0033333334	0.011836163	0.0	0.0	0.07254336	0.011715555	0.026312243	0.001105668	0.031011524	0.050912168	0.0916078	0.30162436	0.00561089	0.0	0.032587636	0.0	0.0	0.0058683367	0.0	0.0	0.0	0.024441015	0.30031636	0.029173605
ERR4374866	2	Homo sapiens	0.0	0.0106758885	0.0	0.0	0.067296535	0.014449925	0.01382963	0.0007443637	0.022534411	0.07163464	0.059619956	0.30720574	0.014584719	0.0	0.04700513	0.0	0.0	0.0026803524	0.0	0.0	0.0	0.026406685	0.2938696	0.04746241
ERR4374867	2	Homo sapiens	0.0	0.006191129	0.0	0.0	0.056360736	0.020670073	0.012259529	0.0063697733	0.03131998	0.05476731	0.09390152	0.3263289	0.005699728	0.0	0.028859444	0.0	0.0	0.0054048686	0.0	0.0	0.0	0.03419809	0.288377	0.029291915
ERR4374868	2	Homo sapiens	0.0	0.011269329	0.0	0.0	0.05411293	0.009410517	0.01632488	0.012483898	0.019561699	0.08721599	0.07340846	0.31838197	0.022430485	0.0	0.061646987	0.0	0.0	0.006013686	0.0	0.0	0.0	0.056199245	0.19544324	0.056096688
ERR4374869	2	Homo sapiens	0.0	0.0055390294	0.0	0.0	0.09357501	0.016587565	0.033985335	0.0063971765	0.073755264	0.021322824	0.1477255	0.32838926	0.00316848	0.0	0.054338258	0.0	0.004184001	0.0015781462	0.006666667	0.016472964	0.0033263525	0.05008221	0.07448925	0.058416717
ERR4374870	2	Homo sapiens	0.0	0.02237172	0.0	0.0	0.04634602	0.015934551	0.021786362	0.005714439	0.021006828	0.06617061	0.059642844	0.41237065	0.008733627	0.0	0.030999975	0.0	0.0	0.0026803524	0.0066565657	0.0	0.0	0.029800734	0.22112307	0.02866163
ERR4374871	2	Homo sapiens	0.0	0.011926208	0.0	0.0	0.062304433	0.0178497	0.011522957	0.0031304348	0.029687906	0.044993047	0.07780782	0.30087212	0.0114549715	0.0	0.04577194	0.0	0.0	0.0026803524	0.0	0.0	0.0	0.024525652	0.30952546	0.04594698
ERR4374872	2	Homo sapiens	0.0	0.011926208	0.0	0.0	0.06496756	0.029161379	0.02539029	0.000732434	0.027167123	0.07100459	0.08098771	0.27352664	0.011281952	0.0	0.03422862	0.0	0.0	0.0023819671	0.0	0.0	0.0	0.023673953	0.30428803	0.03928158
ERR4374873	2	Homo sapiens	0.0	0.009186983	0.0	0.0	0.070942774	0.017386535	0.025596337	0.0031813676	0.028799953	0.043269917	0.07522924	0.30487642	0.0073671034	0.0	0.035187554	0.0	0.0	0.0026803524	0.0	0.0	0.0	0.02501503	0.32123744	0.030042993
ERR4374874	2	Homo sapiens	0.0	0.0069678617	0.0	0.0	0.05595619	0.012004585	0.021138811	0.0031813676	0.02645266	0.050540574	0.0787936	0.42318386	0.010686984	0.0	0.040077485	0.0	0.0	0.006013686	0.0	0.0	0.0	0.014606923	0.21862993	0.031765487
ERR4374875	2	Homo sapiens	0.0	0.028490381	0.0	0.0	0.060060117	0.017895835	0.02922159	0.0	0.032047447	0.050189722	0.0828688	0.32414186	0.008781622	0.0	0.037348516	0.0	0.0	0.0026803524	0.0	0.0	0.0	0.02570387	0.27985746	0.02071243
ERR4374912	2	Homo sapiens	0.0	0.019547537	0.0	0.0	0.016217323	0.0005095416	0.0039851214	0.009767671	0.010513427	0.08328797	0.027893148	0.5393147	0.098366916	0.10384414	0.035998635	0.0	0.0	0.0	0.0033299355	0.0065779467	0.00332664	0.006639205	0.0077189007	0.023161251
ERR4374913	2	Homo sapiens	0.0	0.058626503	0.0	0.0	0.038555127	0.028999386	0.034702197	0.006608701	0.017828986	0.068899825	0.038407557	0.24326122	0.0035278948	0.0	0.046574824	0.0	0.0	0.0026803524	0.0	0.0	0.0	0.052167274	0.3145237	0.04463644
ERR4374914	2	Homo sapiens	0.0	0.0034546962	0.0	0.0	0.10467817	0.012104137	0.043630704	0.006213643	0.101188056	0.0050530354	0.25300914	0.2574689	0.0	0.0	0.031792678	0.0	0.0	0.0	0.0	0.0	0.0	0.02843148	0.09658589	0.05638945
ERR4374915	2	Homo sapiens	0.0	0.0	0.0	0.0	0.009444979	0.0	0.0	0.002533071	0.003276152	0.05139259	0.009182072	0.78730184	0.095839106	0.021483563	0.0032905561	0.0	0.0	0.0	0.0	0.0	0.0	0.003072519	0.00976553	0.0034180183
ERR4374916	2	Homo sapiens	0.0	0.012377937	0.0	0.0	0.04405581	0.011675696	0.051166393	0.00039180624	0.03250435	0.045004193	0.09102367	0.41507125	0.0031895174	0.0	0.049755782	0.0	0.0	0.0032429718	0.0	0.0	0.0	0.035635732	0.15146911	0.053435795
ERR4374917	2	Homo sapiens	0.0	0.012328516	0.0	0.0	0.06951353	0.022753159	0.021083357	0.0031813676	0.03439518	0.044169575	0.094763406	0.28698954	0.014545901	0.0	0.032148317	0.0	0.0	0.0026803524	0.0	0.0	0.0	0.03085965	0.30832002	0.022268137
ERR4374918	2	Homo sapiens	0.0	0.022081377	0.0	0.0	0.05807507	0.018512424	0.023331866	0.0031813676	0.034270883	0.048436604	0.093776606	0.26481465	0.009133974	0.0	0.025963522	0.0	0.0	0.0026803524	0.0	0.0	0.0	0.02689346	0.3416077	0.027240153
ERR4374919	2	Homo sapiens	0.0	0.025262631	0.0	0.0	0.031927783	0.010837209	0.00979686	0.015364605	0.017586056	0.09977577	0.053401217	0.40862894	0.02058432	0.006146285	0.057539094	0.0	0.0032371134	0.008130196	0.00665646	0.025012149	0.0066497223	0.050588373	0.10407654	0.038798686
ERR4374920	2	Homo sapiens	0.0	0.008624857	0.0	0.0	0.064295284	0.013954887	0.023763942	0.0031296476	0.03349443	0.058586273	0.09433986	0.2855687	0.010537835	0.0	0.043364566	0.0	0.0	0.0026803524	0.0	0.0	0.0	0.02267402	0.29429838	0.04068696
ERR4374921	2	Homo sapiens	0.0	0.025109103	0.0	0.0	0.014491304	0.021489652	0.008593933	0.0076377043	0.003603688	0.10852033	0.037950188	0.48147786	0.0877691	0.037001465	0.024588915	0.0	0.0	0.0032293696	0.0033230134	0.0035570129	0.0033202614	0.023991214	0.07360894	0.030736951
ERR4374922	2	Homo sapiens	0.0	0.01053475	0.0	0.0	0.055016406	0.008866076	0.0063502938	0.001105668	0.023438953	0.053042702	0.07200184	0.36175972	0.012237446	0.006562104	0.02402697	0.013257497	0.009092977	0.01965829	0.05658799	0.016032265	0.0033202614	0.02908782	0.18807648	0.02994349
ERR4374923	2	Homo sapiens	0.0	0.10598513	0.0	0.0	0.04267605	0.0072202394	0.021912236	0.015588568	0.008272938	0.15742083	0.032030873	0.36462697	0.026361268	0.009399002	0.035373226	0.0	0.0	0.0	0.0	0.0033097167	0.0	0.024870701	0.09836208	0.046590183
ERR4374924	2	Homo sapiens	0.0	0.009506084	0.0	0.0	0.06751424	0.01644235	0.028955795	0.004188876	0.026474634	0.05678155	0.077956334	0.314268	0.00561089	0.0	0.034847856	0.0	0.0	0.0026803524	0.0	0.0	0.0	0.030453172	0.29792097	0.026398888
ERR4374925	2	Homo sapiens	0.0	0.005681612	0.0	0.0	0.07425259	0.015579524	0.024285026	0.0030832083	0.037626162	0.046935104	0.10121074	0.27372432	0.008781622	0.0	0.037033748	0.0	0.0	0.0026803524	0.0	0.0	0.0	0.024131222	0.305007	0.039987758
ERR4374926	2	Homo sapiens	0.0	0.0037313045	0.0	0.0	0.063188255	0.015635474	0.023150638	0.0	0.035526372	0.05476529	0.08180267	0.39308456	0.00869537	0.0	0.043658964	0.0	0.0	0.0	0.0	0.0032653755	0.0	0.024076618	0.2141712	0.03524793
ERR4374927	2	Homo sapiens	0.0	0.026339121	0.0	0.0	0.013235685	0.00082769326	0.0029373057	0.008346469	0.0058704196	0.09159204	0.030069238	0.58129513	0.07925621	0.022777224	0.037078973	0.0	0.0	0.0	0.0	0.0	0.0	0.038822375	0.044903383	0.016648738
ERR4374928	2	Homo sapiens	0.0	0.040232148	0.0	0.0	0.05920196	0.018499902	0.022314114	0.0051046535	0.015114492	0.09237139	0.03432152	0.33557108	0.014909066	0.0033193864	0.07777615	0.0	0.0	0.00029838525	0.0	0.0	0.0	0.05129817	0.161511	0.06815658
ERR4374929	2	Homo sapiens	0.0	0.013037876	0.0	0.0	0.044800427	0.023847181	0.027658248	0.013841722	0.027393349	0.026230648	0.061996996	0.52628815	0.006105127	0.0032987911	0.049914375	0.0	0.0	0.0	0.0	0.009905375	0.0033265166	0.044128098	0.07771098	0.040516123
ERR4374948	2	Homo sapiens	0.0	0.013477377	0.0	0.0	0.08091945	0.01396693	0.07422123	0.0	0.049246393	0.019080646	0.10349184	0.36843032	0.0054690554	0.0031325608	0.040321957	0.0	0.0	0.0	0.0	0.0032653755	0.0	0.027097628	0.15588939	0.041989848
ERR4374962	2	Homo sapiens	0.0	0.00609824	0.0	0.0	0.030789705	0.011223286	0.014413989	0.008033876	0.0057672616	0.10896397	0.021396965	0.50230753	0.04765672	0.012479038	0.031517427	0.0	0.0	0.00029838525	0.0	0.0032721714	0.0	0.016947536	0.13833049	0.04050342
ERR4374963	2	Homo sapiens	0.0	0.0033266668	0.0	0.0	0.013251864	0.02015616	0.028357793	0.0065025045	0.011433819	0.045869306	0.01002973	0.7159335	0.034575045	0.021952974	0.015323443	0.0	0.0	0.0	0.0033333334	0.00028233055	0.0	0.0014898031	0.04936597	0.018815773
ERR4375010	2	Homo sapiens	0.0	0.014287398	0.0	0.0	0.052496567	0.015790343	0.06354175	0.007493191	0.027809188	0.038808506	0.054290805	0.46314517	0.008275627	0.0034524365	0.05234657	0.0	0.0	0.0	0.0	0.0011239297	0.0	0.016094457	0.10885969	0.0721844
ERR4375011	2	Homo sapiens	0.0	0.0077779773	0.0	0.0	0.05097541	0.014946334	0.029311785	0.0030832083	0.016036987	0.07321431	0.049813226	0.404071	0.019550359	0.0033147114	0.03366242	0.0	0.0	0.0023819671	0.0033333334	0.0	0.0	0.023985153	0.22746615	0.037075676
ERR4375017	2	Homo sapiens	0.0	0.0047200844	0.0	0.0	0.08345815	0.016110422	0.042741537	0.0030832083	0.08659279	0.009031569	0.18950866	0.26942742	0.0	0.0	0.040506564	0.0	0.0	0.0	0.0	0.0033136248	0.0	0.03832235	0.10658538	0.10659824
ERR4375025	2	Homo sapiens	0.0	0.14054368	0.0	0.0	0.029908326	0.030564312	0.019534415	0.0048196907	0.012647885	0.10172425	0.044980448	0.317302	0.01264212	0.0037101917	0.04839365	0.0	0.0	0.0023819671	0.0	0.0	0.0	0.07737436	0.13211747	0.02135522
ERR4375032	2	Homo sapiens	0.0	0.008611253	0.0	0.0	0.061672192	0.01955588	0.015534755	0.0	0.0271971	0.04272504	0.093957774	0.31955606	0.011386526	0.002740717	0.01954346	0.0	0.0	0.0026803524	0.0	0.0032653755	0.0	0.033582725	0.30820575	0.02978504
ERR4375036	2	Homo sapiens	0.0	0.0	0.0	0.0	0.0033333334	0.0	0.0	0.006656357	0.008758161	0.076214366	0.017823692	0.70034313	0.09027062	0.05369326	0.0087765595	0.0	0.0	0.0	0.0	0.0031998665	0.0	0.008352037	0.012338099	0.010240535
ERR4375039	2	Homo sapiens	0.0	0.012485615	0.0	0.0	0.007941472	0.018862976	0.014251813	0.006718747	0.007608542	0.1333148	0.038808804	0.5409036	0.042124752	0.0031761625	0.017966857	0.0	0.0	0.0	0.0	0.0033281385	0.0	0.017886842	0.11636493	0.018255895
ERR4375040	2	Homo sapiens	0.0	0.030158695	0.0	0.0	0.055510744	0.018941522	0.027945146	0.0	0.031054096	0.049665187	0.09138627	0.2856918	0.011226165	0.0	0.040720526	0.0	0.0	0.0023819671	0.0	0.0	0.0	0.022112105	0.30675605	0.026449725
ERR4375042	2	Homo sapiens	0.0033333334	0.003092296	0.0	0.0	0.0063571543	0.0005095416	0.001273854	0.031890653	0.03691254	0.054894958	0.035272453	0.5155462	0.11277145	0.051895674	0.019713255	0.019955823	0.0	0.006599732	0.019972606	0.019576538	0.019944998	0.0059960997	0.001273854	0.03321697
ERR4375045	2	Homo sapiens	0.0	0.0057122107	0.0	0.0	0.053164255	0.014962905	0.015205373	0.009462614	0.027252503	0.052322283	0.07175151	0.3349433	0.009664777	0.0	0.034173608	0.0	0.0	0.0026803524	0.0	0.0	0.0	0.026266834	0.30166066	0.040776815
ERR4375046	2	Homo sapiens	0.0	0.07921881	0.0	0.0	0.06610551	0.0167002	0.042450797	0.009363871	0.02257326	0.09489592	0.055477165	0.2548621	0.008135076	0.00030141845	0.044025388	0.0	0.0	0.00029838525	0.0	0.0	0.0	0.032874744	0.24626593	0.026451418
ERR4375047	2	Homo sapiens	0.0	0.019322468	0.0	0.0	0.052691337	0.009338059	0.07405301	0.0051202127	0.027811678	0.04590941	0.0693137	0.40264007	0.0032320826	0.0033278158	0.044068832	0.0	0.0	0.00029838525	0.0	0.0	0.0	0.054151896	0.122519344	0.066201694
ERR4375048	2	Homo sapiens	0.0	0.0077123176	0.0	0.0	0.058786325	0.014511101	0.021057118	0.0030832083	0.0274217	0.047644917	0.06766488	0.35978383	0.00561089	0.003268084	0.030936968	0.0	0.0	0.0026803524	0.0	0.0	0.0	0.026725499	0.29538107	0.027731732
ERR4375049	2	Homo sapiens	0.0033333334	0.0154284295	0.0	0.0	0.05168918	0.0072790068	0.015979853	0.04829432	0.012566787	0.09509915	0.067734204	0.32548755	0.0053611947	0.0	0.034970056	0.006666667	0.0032371134	0.0036317187	0.016646117	0.049654454	0.016629096	0.084808506	0.062118087	0.07338517
ERR4375050	2	Homo sapiens	0.0	0.013048349	0.0	0.0	0.0610084	0.021065418	0.022409737	0.0	0.033430204	0.03957709	0.09374852	0.29468244	0.009222812	0.0	0.034173608	0.0	0.0	0.0026803524	0.0	0.0	0.0	0.024281904	0.326373	0.024298139
ERR4375132	2	Homo sapiens	0.0	0.010381542	0.0	0.0	0.060484905	0.0057919575	0.01901749	0.006213643	0.043212757	0.03099787	0.09685392	0.55900514	0.0094407955	0.0032361515	0.02552087	0.0	0.0	0.0	0.0	0.0	0.0	0.026140638	0.056687143	0.0470152
ERR4375133	2	Homo sapiens	0.0	0.006018139	0.0	0.0	0.05563542	0.014706373	0.028356805	0.0031813676	0.035467584	0.04471869	0.094983205	0.3198462	0.00561089	0.0	0.040615078	0.0	0.0	0.0026803524	0.0	0.0	0.0	0.022796027	0.29446274	0.030921122
ERR4375134	2	Homo sapiens	0.0	0.033975046	0.0	0.0	0.053004727	0.012947096	0.053747524	0.004188876	0.021610618	0.04785512	0.06414211	0.39394522	0.0031755425	0.0	0.03101294	0.0	0.0	0.00029838525	0.0	0.0024982034	0.0	0.038046896	0.1898563	0.049695402
ERR4375135	2	Homo sapiens	0.0	0.017929684	0.0	0.0	0.053173214	0.016534049	0.04082221	0.0063697733	0.01977472	0.08535415	0.044108577	0.34397483	0.018091127	0.0	0.046015646	0.0	0.0	0.00029838525	0.0	0.0032514788	0.0	0.016053095	0.21825537	0.06999369
ERR4375136	2	Homo sapiens	0.0	0.026265355	0.0	0.0	0.03563012	0.02207318	0.02063268	0.009634971	0.017678184	0.0912178	0.040751513	0.3496786	0.017598527	0.0028129518	0.04550825	0.0	0.0	0.00029838525	0.0	0.0	0.0	0.0640688	0.20258382	0.053566854
ERR4375137	2	Homo sapiens	0.0	0.01108325	0.0	0.0	0.0265774	0.015441775	0.034583747	0.0	0.010223688	0.0946216	0.045536995	0.43342197	0.031539027	0.0	0.028689813	0.0	0.0	0.0055826306	0.0	0.003281787	0.0	0.022752495	0.2076875	0.028976321
ERR4375141	2	Homo sapiens	0.0	0.00758207	0.0	0.0	0.087515265	0.011447273	0.04050248	0.0	0.053260613	0.016366757	0.14017509	0.3575197	0.003146876	0.0	0.031072691	0.0	0.0	0.0	0.0	0.0	0.0	0.013821875	0.20095666	0.036632665
ERR4375142	2	Homo sapiens	0.0	0.010649628	0.0	0.0	0.051668845	0.018806677	0.02195858	0.0	0.032145128	0.074394815	0.07070187	0.32505882	0.008781622	0.0064534666	0.03085661	0.0	0.0	0.0026803524	0.0	0.0	0.0	0.019672006	0.29680893	0.029362677
ERR4375143	2	Homo sapiens	0.0	0.0045067295	0.0	0.0	0.03950527	0.021308707	0.02013397	0.0	0.017505374	0.086481236	0.04040106	0.51688385	0.019295378	0.003268084	0.034868393	0.0	0.0	0.0026803524	0.0	0.00028233055	0.0	0.008641509	0.156139	0.02809878
ERR4375144	2	Homo sapiens	0.0	0.018877512	0.0	0.0	0.04895694	0.027263524	0.04538224	0.0066721304	0.016049778	0.031750005	0.043553397	0.5076202	0.0063579977	0.003257075	0.06171355	0.0	0.0	0.0	0.0	0.0065255607	0.0	0.018179039	0.1061728	0.051668223
ERR4383828	2	Homo sapiens	0.0	0.00029283905	0.0	0.0	0.051538505	0.007855978	0.030464426	0.006851962	0.010800454	0.05847285	0.026866527	0.55022407	0.01267049	0.0028129518	0.06458089	0.0	0.0	0.0033333334	0.0	0.0	0.0	0.022298297	0.0787024	0.07223402
ERR4383829	2	Homo sapiens	0.0	0.005054564	0.0	0.0	0.051776644	0.023867581	0.020592228	0.011169147	0.016713012	0.054937597	0.045110397	0.51932263	0.012394606	0.008142048	0.057276245	0.0	0.0	0.0033333334	0.0	0.0	0.0	0.01862809	0.112561114	0.039120734
ERR4384927	2	Homo sapiens	0.0	0.02274365	0.0	0.0	0.07491109	0.016703505	0.06427621	0.00043063954	0.05253781	0.021984866	0.12403263	0.3671528	0.0032369145	0.0038312355	0.04107964	0.0	0.0	0.0	0.0	0.0	0.0	0.025705332	0.12812851	0.053245146
ERR4385800	2	Homo sapiens	0.0	0.023053411	0.0	0.0	0.055801116	0.023014827	0.024930522	0.006176459	0.023547702	0.054350413	0.05164655	0.44777533	0.009735443	0.0047062393	0.03148918	0.0	0.0	0.0	0.0	0.0032653755	0.0	0.045264628	0.12148507	0.07375772
ERR4385809	2	Homo sapiens	0.0	0.03667967	0.0	0.0	0.032976586	0.014119454	0.014054193	0.0033933423	0.009358372	0.106268935	0.025371326	0.4994627	0.0420669	0.028970938	0.035659056	0.0	0.0	0.0032429718	0.0	0.016377037	0.0	0.014062914	0.061878465	0.056057155
ERR4386464	2	Homo sapiens	0.009972136	0.0	0.0	0.0	0.0	0.0	0.0	0.0	0.0048674378	0.0028388442	0.022931313	0.9159935	0.013502856	0.0	0.0	0.0	0.0033333334	0.009937107	0.0	0.016514724	0.0	0.0	0.0	0.00010875051
ERR4386569	2	Homo sapiens	0.0033333334	0.039010964	0.0	0.0	0.023636252	0.0068591004	0.0073285103	0.011391429	0.003276152	0.12100345	0.05929958	0.4101734	0.08447518	0.0651555	0.039391443	0.0	0.0	0.0	0.0032727884	0.016280705	0.0	0.029758176	0.01987478	0.056479283
ERR4386594	2	Homo sapiens	0.0	0.011418313	0.0	0.0	0.067588866	0.016527371	0.033605143	0.0008585798	0.02141015	0.05306073	0.058953997	0.31727222	0.0056060795	0.003146592	0.05935726	0.0	0.0	0.0055699516	0.0	0.0032114037	0.0	0.019956484	0.27750087	0.044955976
ERR4388102	2	Homo sapiens	0.0	0.011849651	0.0	0.0	0.068553336	0.016876386	0.045514356	0.0	0.043722283	0.038992886	0.113874875	0.27280125	0.009002997	0.0	0.032148317	0.0	0.0	0.0034863697	0.0	0.0	0.0	0.02672514	0.28135705	0.035095125
ERR4388107	2	Homo sapiens	0.0	0.012967952	0.0	0.0	0.083178475	0.01763333	0.037720352	0.0031304348	0.041291315	0.022519588	0.10991813	0.26395294	0.0065676486	0.0	0.035638403	0.0	0.0	0.0058683367	0.0	0.0	0.0	0.03300279	0.2850994	0.041510917
ERR4388231	2	Homo sapiens	0.0	0.021873174	0.0	0.0	0.061324887	0.01547192	0.030111618	0.0049870443	0.013358321	0.08189691	0.030233622	0.409164	0.02976529	0.0	0.061878145	0.0	0.0	0.00029838525	0.0	0.006373147	0.0	0.020733383	0.1639558	0.048574354
ERR4388236	2	Homo sapiens	0.0	0.016609635	0.0	0.0	0.054554038	0.01369263	0.017352924	0.0062307618	0.009059088	0.10035195	0.02228568	0.4075133	0.024434734	0.006368493	0.050199058	0.0	0.0	0.0034863697	0.0	0.0064714598	0.0	0.040728595	0.16072287	0.059938427
ERR4391165	2	Homo sapiens	0.0033333334	0.0030840258	0.0	0.0	0.0033333334	0.0	0.0	0.0045441226	0.014295024	0.008749023	0.041577064	0.74997616	0.012553442	0.0	0.003268945	0.01987449	0.009354694	0.07613996	0.009989612	0.03189238	0.006646001	0.0	0.0	0.0013884
ERR4391166	2	Homo sapiens	0.0	0.0	0.0	0.0	0.0	0.0	0.0	0.004552672	0.003248386	0.010799403	0.040860437	0.7776869	0.01861873	0.0016410257	0.0	0.026513185	0.013319838	0.056409795	0.0066597285	0.023077719	0.016612172	0.0	0.0	0.0
ERR4408185	2	Homo sapiens	0.0	0.011597596	0.0	0.0	0.04943967	0.020562693	0.026612008	0.0	0.022707388	0.09675201	0.056031182	0.33664885	0.012822175	0.0	0.04071701	0.0	0.0	0.0	0.0	0.0064550303	0.0	0.037422672	0.2503474	0.031884305
ERR4408187	2	Homo sapiens	0.0	0.011314269	0.0	0.0	0.05020617	0.023208803	0.038806096	0.0059432723	0.024953272	0.05022387	0.0632698	0.31077525	0.012272566	0.0	0.040373847	0.0	0.0	0.0026803524	0.0	0.0	0.0	0.0388741	0.290594	0.03650431
ERR4408188	2	Homo sapiens	0.0	0.013754401	0.0	0.0	0.07133896	0.010754824	0.028955486	0.0	0.043481	0.026479283	0.122473866	0.48032886	0.0031385913	0.0	0.037264228	0.0	0.0	0.0034990485	0.0	0.0	0.0	0.017508691	0.102978796	0.038043965
ERR4413529	2	Homo sapiens	0.016631879	0.0	0.0	0.0	0.0	0.0	0.0	0.0	0.0038731939	0.0035516338	0.016866561	0.90211356	0.023367206	0.0	0.0	0.0	0.0033333334	0.0132704405	0.0	0.0131917	0.0033165154	0.0	0.0	0.00048400738
ERR5729614	2	Homo sapiens	0.0	0.0	0.0	0.0	0.0	0.0	0.0	0.0	0.0	0.0	0.0030676553	0.99039763	0.0032052514	0.0	0.0	0.0	0.0	0.0	0.0	0.0033294528	0.0	0.0	0.0	0.0
ERR5729615	2	Homo sapiens	0.0	0.0	0.0	0.0	0.0	0.0	0.0	0.0	0.0032007953	0.0022033898	0.0	0.9454414	0.03264792	0.0	0.0	0.0033333334	0.006548207	0.0	0.0	0.0032982826	0.00332664	0.0	0.0	0.0
ERR5729616	2	Homo sapiens	0.0	0.0	0.0	0.0	0.0	0.0	0.0	0.0	0.0	0.0	0.0	0.99666667	0.0	0.0	0.0	0.0	0.0033333334	0.0	0.0	0.0	0.0	0.0	0.0	0.0
ERR5729617	2	Homo sapiens	0.0	0.0	0.0	0.0	0.0	0.0	0.0	0.0	0.00322	0.0022033898	0.0	0.96821433	0.01639149	0.0	0.0	0.0	0.0033333334	0.0	0.0	0.0066374633	0.0	0.0	0.0	0.0
ERR5729618	2	Homo sapiens	0.0131541	0.0	0.0	0.0	0.0	0.0	0.0	0.0033333334	0.0	0.000626318	0.01119077	0.9028173	0.04835016	0.0	0.0	0.0	0.0063879504	0.0	0.0	0.013221068	0.0	0.0	0.0	0.00091898325
ERR5729619	2	Homo sapiens	0.05643531	0.0	0.0	0.0	0.0	0.0	0.0	0.036844958	0.06406935	0.092560396	0.07575728	0.5522741	0.04787725	0.002084727	0.0	0.0033333334	0.009922028	0.02656071	0.0033263888	0.003320334	0.0	0.0	0.0	0.025633805
ERR5729620	2	Homo sapiens	0.0033333334	0.0	0.0	0.0	0.0	0.0	0.0	0.0065387203	0.006324804	0.008099911	0.034361493	0.85805523	0.042641878	0.0	0.0	0.0	0.01988154	0.0033107991	0.006659919	0.0032651671	0.0	0.0	0.0	0.0075271903
ERR5729621	2	Homo sapiens	0.00984127	0.0	0.0	0.0	0.0	0.0	0.0	0.009965017	0.025992865	0.013097942	0.030427627	0.7629667	0.07142414	0.0	0.0029933213	0.006666667	0.023200985	0.029808978	0.0	0.009897924	0.0	0.0	0.0	0.0037165715
ERR5729622	2	Homo sapiens	0.0	0.0	0.0	0.0	0.0	0.0	0.0	0.0	0.0031676607	0.0	0.00301175	0.9187813	0.04202394	0.0	0.0	0.0	0.006548207	0.0	0.0	0.026467137	0.0	0.0	0.0	0.0
ERR5729623	2	Homo sapiens	0.006663303	0.0	0.0	0.0	0.0032028113	0.0	0.0	0.0066229887	0.016018273	0.019019539	0.028445782	0.7161889	0.11430481	0.0	0.0	0.0065279505	0.009790202	0.063221894	0.0033264675	0.0065582995	0.0	0.0	0.0	0.00010875051
ERR5729624	2	Homo sapiens	0.0066631944	0.0	0.0	0.0	0.0	0.0	0.0	0.012727127	0.011107155	0.021291712	0.048340052	0.7085715	0.0445527	0.0	0.0	0.00653883	0.025721213	0.039899517	0.013316197	0.03306466	0.013302653	0.013226768	0.0	0.0016767372
ERR5729625	2	Homo sapiens	0.0	0.0	0.0	0.0	0.0	0.0	0.0	0.0032983508	0.0031469401	0.0	0.0	0.9771216	0.0	0.0	0.0	0.0	0.0	0.003245347	0.0	0.013187788	0.0	0.0	0.0	0.0
ERR5729626	2	Homo sapiens	0.0	0.0	0.0	0.0	0.0	0.0	0.0	0.0	0.00326713	0.0	0.0060418528	0.9609645	0.0065860213	0.0	0.0	0.0	0.0	0.0	0.0	0.019827627	0.0033128625	0.0	0.0	0.0
ERR5729627	2	Homo sapiens	0.0	0.0	0.0	0.0	0.0	0.0	0.0	0.0	0.0	0.0	0.0	0.967229	0.019671662	0.0	0.0	0.0	0.003245078	0.006574446	0.0	0.0032797859	0.0	0.0	0.0	0.0
ERR5729628	2	Homo sapiens	0.0	0.0	0.0	0.0	0.0	0.0	0.0	0.0	0.0	0.0	0.0056791077	0.95460767	0.029363992	0.0	0.0	0.0	0.0033128834	0.0	0.0033299285	0.0033232016	0.0	0.0	0.0	0.00038323805
ERR5729629	2	Homo sapiens	0.0	0.0	0.0	0.0	0.0	0.0	0.0	0.0032983508	0.0	0.0022033898	0.0	0.95179576	0.029497242	0.0	0.0	0.0	0.0	0.0	0.0	0.01320527	0.0	0.0	0.0	0.0
ERR5729630	2	Homo sapiens	0.0	0.0	0.0	0.0	0.0	0.0	0.0	0.0032410554	0.019628555	0.020832457	0.030902604	0.74184966	0.1133371	0.0033333334	0.0	0.0033333334	0.02983252	0.009931708	0.009986118	0.003323222	0.0033260947	0.0	0.0	0.007142237
ERR5729631	2	Homo sapiens	0.0	0.0	0.0	0.0	0.0	0.0	0.0	0.0	0.0	0.0	0.0030576922	0.97723603	0.016393386	0.0	0.0	0.0	0.0033128834	0.0	0.0	0.0	0.0	0.0	0.0	0.0
ERR5729632	2	Homo sapiens	0.0	0.0	0.0	0.0	0.0	0.0	0.0	0.0	0.003310116	0.0022033898	0.0042364076	0.96835047	0.01198245	0.0	0.0	0.0	0.0	0.0	0.0	0.009917157	0.0	0.0	0.0	0.0
ERR5729633	2	Homo sapiens	0.0	0.0	0.0	0.0	0.0	0.0	0.0	0.0	0.005242381	0.0022033898	0.016685963	0.9527649	0.013207884	0.0	0.0	0.0	0.0	0.0	0.0	0.009895437	0.0	0.0	0.0	0.0
ERR5729634	2	Homo sapiens	0.0	0.0	0.0	0.0	0.0	0.0	0.0	0.0	0.003310116	0.0	0.0031097562	0.96721613	0.012939928	0.0	0.0	0.0	0.00323126	0.0	0.0	0.009969217	0.0	0.0	0.0	0.00022357724
ERR5729635	2	Homo sapiens	0.0	0.0061474047	0.0	0.0	0.013679713	0.004598417	0.014413732	0.001638323	0.010121539	0.021898663	0.020925846	0.75621057	0.0048201475	0.0032534134	0.03853173	0.0032216583	0.0	0.0	0.0	0.0033026421	0.0	0.04057974	0.015884943	0.040771488
ERR5729636	2	Homo sapiens	0.0	0.0	0.0	0.0	0.0	0.0	0.0	0.0	0.0	0.0	0.0	0.98341954	0.0033333334	0.0	0.0	0.0	0.0033333334	0.0	0.0	0.009913815	0.0	0.0	0.0	0.0
ERR5729637	2	Homo sapiens	0.0	0.0	0.0	0.0	0.0	0.0	0.0	0.0	0.0013121448	0.0041254046	0.013089382	0.87283933	0.09195802	0.0	0.0	0.0	0.0	0.0	0.0	0.016576525	0.0	0.0	0.0	9.917373e-05
ERR5729638	2	Homo sapiens	0.0	0.0	0.0	0.0	0.0	0.0	0.0	0.0	0.0	0.0	0.0031085422	0.9770776	0.0033133132	0.0	0.0	0.0	0.0	0.0	0.0	0.016500523	0.0	0.0	0.0	0.0
ERR5729639	2	Homo sapiens	0.0	0.0	0.0	0.0	0.0033333334	0.0	0.0	0.006640827	0.013118935	0.006579552	0.018701117	0.79575163	0.1174813	0.0	0.0	0.0	0.01988154	0.0033333334	0.0	0.009861911	0.0033263306	0.0	0.0	0.001990172
ERR5729640	2	Homo sapiens	0.0	0.0	0.0	0.0	0.0	0.0	0.0	0.0	0.0065721665	0.0	0.0030676553	0.9738916	0.0	0.0	0.0	0.0	0.0	0.0	0.0	0.016468538	0.0	0.0	0.0	0.0
ERR5729641	2	Homo sapiens	0.0	0.0	0.0	0.0	0.0	0.0	0.0	0.0	0.0019322647	0.0	0.0042533632	0.9676438	0.0031954022	0.0	0.0	0.0	0.003233831	0.0	0.0	0.019741355	0.0	0.0	0.0	0.0
ERR5729642	2	Homo sapiens	0.0	0.0	0.0	0.0	0.0	0.0	0.0	0.0	0.0	0.0	0.006344491	0.97052604	0.0033163785	0.0	0.0	0.0	0.003233831	0.0	0.0	0.016579278	0.0	0.0	0.0	0.0
ERR5729643	2	Homo sapiens	0.0	0.0	0.0	0.0	0.0	0.0	0.0	0.0	0.0	0.0	0.00301353	0.99375266	0.0	0.0	0.0	0.0	0.003233831	0.0	0.0	0.0	0.0	0.0	0.0	0.0
ERR5729644	2	Homo sapiens	0.0	0.0	0.0	0.0	0.0	0.0	0.0	0.0	0.0033333334	0.0	0.003275862	0.96057177	0.0064573423	0.0	0.0	0.0	0.003245078	0.009899624	0.0	0.013216971	0.0	0.0	0.0	0.0
ERR5729645	2	Homo sapiens	0.0	0.0	0.0	0.0	0.0033333334	0.0	0.0	0.0	0.0	0.0	0.0057580373	0.98733336	0.003192036	0.0	0.0	0.0	0.0	0.0	0.0	0.0	0.0	0.0	0.0	0.00038323805
ERR5729646	2	Homo sapiens	0.0	0.0	0.0	0.0	0.0	0.0	0.0	0.0032983508	0.0066248956	0.0071816556	0.023922922	0.9090601	0.029754326	0.0	0.0	0.003254825	0.0065487716	0.0066445163	0.0	0.0	0.0033263525	0.0	0.0	0.00038323805
ERR5729647	2	Homo sapiens	0.0	0.0	0.0	0.0	0.0	0.0	0.0	0.0	0.0	0.0053936145	0.0063468637	0.9323484	0.04604654	0.0	0.0	0.0	0.0065863454	0.0032782368	0.0	0.0	0.0	0.0	0.0	0.0
ERR5729648	2	Homo sapiens	0.0	0.0	0.0	0.0	0.0	0.0	0.0	0.0031910767	0.007522947	0.0046274955	0.003991311	0.9575038	0.0	0.0	0.0	0.0033333334	0.019830026	0.0	0.0	0.0	0.0	0.0	0.0	0.0
ERR5729649	2	Homo sapiens	0.00998301	0.0	0.0	0.0	0.0032366216	0.0	0.0	0.0129064955	0.006526386	0.011834309	0.032639883	0.8596545	0.032455724	0.0	0.002037037	0.0	0.013185234	0.0033333334	0.0	0.0	0.0	0.0012962963	0.0	0.010911158
ERR5729650	2	Homo sapiens	0.0	0.0	0.0	0.0	0.0	0.0	0.0	0.0	0.0	0.0	0.003304765	0.96058786	0.016259048	0.0	0.0	0.0	0.0	0.0	0.0	0.019848332	0.0	0.0	0.0	0.0
ERR5729651	2	Homo sapiens	0.029808983	0.0	0.0	0.0	0.0033034529	0.0	0.0	0.15767221	0.083368495	0.124645695	0.12332546	0.29673627	0.13061719	0.0060194456	0.0033333334	0.0	0.0033333334	0.0	0.0032140422	0.0	0.0	0.002815735	0.0	0.03180635
ERR5729652	2	Homo sapiens	0.0	0.0	0.0	0.0	0.0	0.0	0.0	0.0	0.0014702941	0.0	0.00633785	0.9639586	0.011655039	0.0	0.0	0.0	0.0033333334	0.0	0.0033299967	0.0099148825	0.0	0.0	0.0	0.0
ERR5729653	2	Homo sapiens	0.0	0.0	0.0	0.0	0.0	0.0	0.0	0.0	0.0032327296	0.0	0.0	0.976933	0.0065253694	0.0	0.0	0.0	0.0033333334	0.0	0.0	0.006642217	0.0	0.0	0.0	0.0033333334
ERR5729654	2	Homo sapiens	0.0	0.0	0.0	0.0	0.0	0.0	0.0	0.0	0.0	0.0	0.0032518737	0.97383124	0.006422317	0.0	0.0	0.0	0.0	0.0	0.0	0.016494555	0.0	0.0	0.0	0.0
ERR5729655	2	Homo sapiens	0.0	0.0	0.0	0.0	0.0	0.0	0.0	0.0	0.0	0.0028388442	0.0032624814	0.9609583	0.0	0.0	0.0	0.0	0.0	0.0033333334	0.0	0.029607067	0.0	0.0	0.0	0.0
ERR5729656	2	Homo sapiens	0.0	0.0	0.0	0.0	0.0	0.0	0.0	0.0	0.0032007953	0.0	0.0095733795	0.9475676	0.0163451	0.0033333334	0.0	0.0	0.0	0.006666667	0.0033299967	0.009983163	0.0	0.0	0.0	0.0
ERR5729657	2	Homo sapiens	0.0	0.0	0.0	0.0	0.0	0.0	0.0	0.0	0.0	0.0	0.0032563473	0.9570067	0.0	0.0	0.0	0.0	0.0	0.0	0.0	0.039736982	0.0	0.0	0.0	0.0
SRR30066258	2	Homo sapiens	0.0	0.0	0.0	0.0	0.0	0.0	0.0	0.0	0.0	0.0	0.009488292	0.91119516	0.016240519	0.0	0.0	0.0032735723	0.019956786	0.0033333334	0.0099625215	0.023211312	0.0033092038	0.0	0.0	2.9325513e-05
SRR30066259	2	Homo sapiens	0.0	0.0	0.0	0.0	0.0	0.0	0.0	0.0	0.0	0.0	0.0031788298	0.977184	0.0063878456	0.0	0.0	0.0	0.0	0.0033288319	0.0033300165	0.006590461	0.0	0.0	0.0	0.0
SRR30066260	2	Homo sapiens	0.0	0.0	0.0	0.0	0.0	0.0	0.0	0.0	0.0	0.0	0.0	0.97686994	0.0	0.0	0.0	0.0	0.0	0.0	0.0033265445	0.019803513	0.0	0.0	0.0	0.0
SRR30066261	2	Homo sapiens	0.0	0.0	0.0	0.0	0.0	0.0	0.0	0.0	0.0	0.0	0.006131986	0.92458385	0.012880472	0.0	0.0	0.0	0.0033333334	0.006643813	0.006632639	0.033151094	0.0066427845	0.0	0.0	0.0
SRR30066262	2	Homo sapiens	0.0	0.0	0.0	0.0	0.0	0.0	0.0	0.0	0.0031650485	0.0	0.0	0.95702195	0.0065816995	0.0	0.0	0.0033234127	0.01	0.0033333334	0.0	0.013264317	0.0	0.0033102653	0.0	0.0
SRR30066263	2	Homo sapiens	0.0033333334	0.0030821918	0.0	0.0	0.0	0.0	0.0	0.0	0.0	0.007495728	0.032221615	0.80415994	0.0032448077	0.0033333334	0.0023551492	0.015538376	0.036558308	0.03	0.008081581	0.0251174	0.009972824	0.010186995	0.0	0.0053184
SRR30066264	2	Homo sapiens	0.009827733	0.0	0.0	0.0	0.013078185	0.0	0.0	0.0022794863	0.017106887	0.011504025	0.018481268	0.85333306	0.013070494	0.0	0.0	0.0033333334	0.023226641	0.006597972	0.00325	0.016515473	0.0033195163	0.004925152	0.0	0.00015079796
SRR30066265	2	Homo sapiens	0.006666667	0.0020798212	0.0	0.0	0.01102221	0.017007096	0.012853126	0.0157678	0.019446176	0.037273273	0.048636153	0.4589185	0.0	0.0062141386	0.07254738	0.0098853195	0.00610888	0.0065884483	0.011412011	0.03498929	0.009956597	0.10768326	0.014100499	0.090843335
SRR30066269	2	Homo sapiens	0.0	0.0	0.0	0.0	0.0	0.0	0.0	0.0	0.0019322647	0.0	0.013901666	0.945182	0.003310742	0.0	0.0	0.0033333334	0.013239719	0.0033333334	0.0066327346	0.0032825202	0.0	0.0033102653	0.0	0.0025413802
SRR30066270	2	Homo sapiens	0.0031746032	0.0017333333	0.0	0.0	0.0	0.0	0.0	0.0	0.0036992612	0.0062025576	0.012689636	0.9265272	0.009933617	0.0	0.0	0.0032826234	0.0066487193	0.003243762	0.0033299832	0.013186643	0.0033262935	0.0016	0.0	0.0014217868
SRR30066271	2	Homo sapiens	0.0	0.0	0.0	0.0	0.0	0.0	0.0	0.0	0.00326713	0.0	0.0	0.95738584	0.0128703285	0.0	0.0	0.0	0.0	0.0	0.0033060946	0.023170633	0.0	0.0	0.0	0.0
SRR30066272	2	Homo sapiens	0.0033298612	0.0	0.0	0.0	0.0	0.0	0.0	0.0	0.0	0.0	0.0031809146	0.9606023	0.009704155	0.0	0.0	0.0	0.0032700421	0.0	0.0	0.01991275	0.0	0.0	0.0	0.0
SRR6877282	2	Homo sapiens	0.006666667	0.0	0.0	0.0	0.0	0.0	0.0	0.0	0.0	0.0030584193	0.022374293	0.88172495	0.033075184	0.0	0.0	0.0	0.013333334	0.0066582365	0.003329925	0.029778993	0.0	0.0	0.0	0.0
SRR6877283	2	Homo sapiens	0.016612353	0.0	0.0	0.0	0.009789977	0.0	0.009492926	0.013123311	0.034192927	0.07001261	0.02283559	0.5605445	0.10339536	0.06627112	0.020870343	0.0032216583	0.0033333334	0.0033333334	0.009926522	0.006283836	0.00997988	0.013784746	0.0	0.022995684
SRR6877284	2	Homo sapiens	0.0	0.0	0.0	0.0	0.0	0.0	0.0	0.0	0.0	0.0	0.0061052637	0.97397673	0.0	0.0	0.0	0.0	0.0	0.0	0.0	0.019917997	0.0	0.0	0.0	0.0
SRR6877285	2	Homo sapiens	0.009985679	0.0	0.0	0.0	0.011488961	0.0011020154	0.005487908	0.008361746	0.0075436234	0.07728117	0.0347988	0.53376836	0.14837845	0.06522942	0.033803202	0.0032216583	0.0	0.0	0.009982673	0.0066556307	0.0033202614	0.012006649	0.0	0.027583793
SRR6877286	2	Homo sapiens	0.0	0.0	0.0	0.0	0.0	0.0	0.0	0.0	0.00326713	0.0	0.0121658845	0.9385781	0.0031954022	0.0	0.0	0.0	0.016361618	0.0	0.0	0.026431864	0.0	0.0	0.0	0.0
SRR6877287	2	Homo sapiens	0.0	0.0	0.0	0.0	0.011023067	0.011959935	0.010507471	0.0075537865	0.01866786	0.020795219	0.014437153	0.72767484	0.009701513	0.008636867	0.051269658	0.0032216583	0.0	0.0	0.006656289	0.019397104	0.0	0.020432064	0.012968794	0.045096744
SRR6877288	2	Homo sapiens	0.0	0.0	0.0	0.0	0.0	0.0	0.0	0.0	0.0	0.0	0.0032518737	0.9868687	0.0033333334	0.0	0.0	0.0	0.0	0.0	0.0	0.0065461127	0.0	0.0	0.0	0.0
SRR6877289	2	Homo sapiens	0.013326492	0.0	0.0	0.0	0.0	0.0	0.0	0.06277651	0.017315611	0.10515291	0.05862442	0.45772037	0.11201265	0.090400755	0.018665927	0.0033163265	0.0	0.0033333334	0.0033333334	0.0032830315	0.0	0.021469407	0.0	0.029268904
SRR6877290	2	Homo sapiens	0.0	0.0	0.0	0.0	0.0	0.0	0.0	0.0	0.0	0.0023339519	0.016313476	0.9320074	0.013081082	0.0	0.0	0.0032428063	0.01315889	0.0	0.0	0.019862441	0.0	0.0	0.0	0.0
SRR6877291	2	Homo sapiens	0.039735828	0.0	0.0	0.0	0.0	0.0	0.0	0.019452745	0.042689085	0.040752694	0.060638066	0.6250251	0.053202257	0.0045337062	0.0	0.013159027	0.019821988	0.029902251	0.023302699	0.013138149	0.013288791	0.0	0.0	0.0013576017
SRR6877292	2	Homo sapiens	0.0033231603	0.0	0.0	0.0	0.0	0.0	0.0	0.0	0.0032575757	0.0	0.0030376085	0.96412367	0.009650383	0.0	0.0	0.0	0.0033333334	0.0	0.0	0.013274261	0.0	0.0	0.0	0.0
SRR6877293	2	Homo sapiens	0.0	0.0	0.0	0.0	0.0	0.0033482958	0.012218449	0.0	0.0	0.008010131	0.004708307	0.9106296	0.05133559	0.009355182	0.0	0.0	0.0	0.0	0.0	0.0	0.0	0.0003862381	0.0	8.237849e-06
SRR6877294	2	Homo sapiens	0.0	0.0	0.0	0.0	0.0	0.0	0.0	0.0	0.0030601625	0.0	0.003275862	0.98701274	0.0066512106	0.0	0.0	0.0	0.0	0.0	0.0	0.0	0.0	0.0	0.0	0.0
SRR6877295	2	Homo sapiens	0.0	0.005292845	0.0	0.0	0.050611794	0.003114454	0.018513199	0.004104459	0.05142324	0.009365468	0.10673227	0.56460786	0.0	0.0	0.030561946	0.006666667	0.01488147	0.0	0.0033198653	0.0033230241	0.0033202614	0.015711976	0.03597376	0.07247542
SRR6877296	2	Homo sapiens	0.0	0.0	0.0	0.0	0.0033333334	0.0	0.0	0.0032105944	0.003203125	0.0	0.022385564	0.9248351	0.006666667	0.0	0.0	0.009937785	0.0	0.009983114	0.0	0.016444735	0.0	0.0	0.0	0.0
SRR6877297	2	Homo sapiens	0.0	0.0	0.0	0.0	0.0	0.0028910951	0.0064674546	0.011497492	0.0	0.025371019	0.0034396325	0.8404191	0.090536796	0.013176413	0.0025	0.0	0.0	0.0	0.0	0.0	0.0	0.0033333334	0.0	0.00036766453
SRR6877298	2	Homo sapiens	0.013323073	0.006518567	0.0	0.0	0.0033090187	0.0033065237	0.0030077908	0.018531654	0.044003163	0.11601099	0.066927426	0.3778196	0.13273491	0.08117772	0.012123365	0.009993232	0.0032740447	0.006666667	0.023305826	0.026471712	0.009969977	0.011236461	0.0	0.030288287
SRR6877299	2	Homo sapiens	0.0033333334	0.0	0.0	0.0	0.006480959	0.0011020154	0.0022040308	0.028676756	0.03318368	0.07523402	0.047271423	0.5795692	0.075847894	0.0032896504	0.012779484	0.0099773565	0.0032553605	0.0033333334	0.039368216	0.030143524	0.01994835	0.0032183907	0.0	0.021782985
SRR6877300	2	Homo sapiens	0.0	0.0	0.0	0.0	0.0	0.0	0.0	0.0	0.0064140703	0.0	0.0030283225	0.95133835	0.009699342	0.0	0.0	0.0	0.00974487	0.0	0.0	0.019775016	0.0	0.0	0.0	0.0
SRR6877301	2	Homo sapiens	0.016659956	0.0	0.0	0.0	0.0	0.0	0.0	0.039375823	0.062347785	0.16609769	0.084610835	0.37340853	0.1103514	0.016510691	0.012801185	0.013333334	0.003029151	0.0	0.036628995	0.009859385	0.013302633	0.01136506	0.0	0.030317547
SRR6877302	2	Homo sapiens	0.0	0.0	0.0	0.0	0.0031104877	0.003298586	0.0	0.0	0.0	0.0026453945	0.0	0.94538033	0.03356706	0.0061029624	0.0058672875	0.0	0.0	0.0	0.0	0.0	0.0	0.0	0.0	2.7875374e-05
SRR6877303	2	Homo sapiens	0.0	0.0	0.0	0.0	0.0	0.0	0.0	0.0033333334	0.006641653	0.0	0.0	0.9667347	0.0	0.0	0.0	0.0033299595	0.01	0.0066550174	0.0	0.0033053127	0.0	0.0	0.0	0.0
SRR6877304	2	Homo sapiens	0.0033333334	0.0	0.0	0.0	0.0	0.0	0.0	0.023630938	0.007262298	0.025629636	0.025056088	0.75961506	0.0033333334	0.0	0.0	0.029675134	0.013333334	0.049679395	0.006656372	0.026500035	0.009979727	0.00314358	0.0033130287	0.009858684
SRR6877305	2	Homo sapiens	0.0	0.0	0.0	0.0	0.0	0.0	0.0	0.0011269273	0.011382125	0.0	0.0010780207	0.9477643	0.0065958817	0.0	0.0	0.0022050422	0.009897729	0.016623368	0.0	0.0	0.0033266332	0.0	0.0	0.0
SRR6877306	2	Homo sapiens	0.0033128054	0.0	0.0	0.0	0.009787447	0.0	0.0	0.008825321	0.021481255	0.09351344	0.041255344	0.5149125	0.16456823	0.055764765	0.0157209	0.0032216583	0.0	0.0	0.009989622	0.006552623	0.0033264675	0.0033333334	0.0	0.04443431
SRR6877307	2	Homo sapiens	0.0	0.0025671988	0.0	0.0	0.050708726	0.0011760162	0.026907044	0.0	0.05928282	0.0021014637	0.15601149	0.5821115	0.0	0.0	0.018085172	0.0	0.0	0.0	0.0	0.0	0.0	0.0062095257	0.05779014	0.037048925
SRR6877308	2	Homo sapiens	0.0	0.0	0.0	0.0	0.0	0.0	0.0	0.0013505546	0.009626367	0.017129231	0.07824031	0.7563438	0.009896148	0.0	0.0	0.02642652	0.02514335	0.0032354859	0.009384095	0.036379863	0.009976164	0.006666667	0.0	0.010201465
SRR6877309	2	Homo sapiens	0.0	0.0	0.0	0.0	0.0	0.0	0.012345235	0.0	0.0	0.010141386	0.0077534555	0.9198494	0.035068594	0.0033333334	0.0052879285	0.0	0.0	0.0	0.0	0.0	0.0	0.0	0.0006504384	0.005570251
SRR6877310	2	Homo sapiens	0.0	0.0	0.0	0.0	0.0	0.0	0.0	0.0032983508	0.0097712735	0.0	0.006370918	0.94284064	0.03240155	0.0	0.0	0.0	0.0	0.0	0.0	0.0033271273	0.0	0.0	0.0	0.001990172
SRR6877311	2	Homo sapiens	0.0066597434	0.0	0.0	0.0	0.0	0.0006570513	0.0	0.0073445584	0.05790067	0.03882498	0.030353189	0.7810156	0.044836916	0.0	0.0	0.0	0.013265961	0.009946779	0.0	0.0	0.0	0.0	0.002628205	0.006566378
SRR6877312	2	Homo sapiens	0.0	0.0	0.0	0.0	0.0	0.0	0.0	0.0024514378	0.0065288558	0.0060533658	0.012774695	0.9224068	0.016216548	0.0	0.0	0.0	0.013258807	0.0	0.0033126508	0.013234373	0.0	0.0	0.0	0.0037624976
SRR6877313	2	Homo sapiens	0.0	0.0	0.0	0.0	0.0	0.0	0.0	0.0	0.0032620502	0.0	0.0062168594	0.9839825	0.0032052514	0.0	0.0	0.0	0.0033333334	0.0	0.0	0.0	0.0	0.0	0.0	0.0
SRR6877314	2	Homo sapiens	0.0	0.0	0.0	0.0	0.0	0.0	0.0	0.008028991	0.0065915775	0.0034244466	0.030969154	0.88370574	0.022998447	0.0	0.0	0.0	0.016548324	0.0	0.006656834	0.016591856	0.0033266998	0.0	0.0	0.0011579468
SRR6877315	2	Homo sapiens	0.0	0.0	0.0	0.0	0.0	0.0061532445	0.0062090484	0.0025649262	0.0	0.007971239	0.002706601	0.89704335	0.06802775	0.006308561	0.0	0.0	0.0	0.0	0.0	0.0	0.0	0.00026154701	0.0	0.0027537558
SRR6877316	2	Homo sapiens	0.0	0.0	0.0	0.0	0.0	0.0	0.0	0.0	0.00497251	0.0036807666	0.016310297	0.938616	0.003288455	0.0	0.0	0.0	0.01332664	0.0033333334	0.0	0.013145378	0.003326613	0.0	0.0	0.0
SRR6877317	2	Homo sapiens	0.0	0.0	0.0	0.0	0.0	0.0053213425	0.006644248	0.0058462694	0.0028830108	0.012136399	0.010467069	0.82297987	0.05860872	0.03538163	0.009733218	0.0	0.0	0.0	0.0	0.0066534393	0.0	0.009981339	0.0	0.013363481
SRR6877318	2	Homo sapiens	0.0	0.0	0.0	0.0	0.0	0.0	0.0	0.0	0.0	0.0	0.03832235	0.88358974	0.013201102	0.0	0.0	0.016600184	0.013311892	0.023222424	0.0	0.0098596765	0.0	0.0	0.0	0.0018926386
SRR6877319	2	Homo sapiens	0.0	0.012159546	0.0	0.0	0.017776368	0.01328147	0.035361476	0.0	0.012996787	0.033590153	0.028451188	0.7291715	0.009195258	0.004171395	0.012990608	0.0	0.0	0.0064132363	0.0033333334	0.0052715815	0.0	0.006768735	0.0375002	0.031567127
SRR6877320	2	Homo sapiens	0.0	0.0	0.0	0.0	0.0	0.0	0.0	0.0	0.0032569722	0.0	0.0030305958	0.98380345	0.0033163785	0.0	0.0	0.0	0.0	0.0	0.0	0.006592586	0.0	0.0	0.0	0.0
SRR6877321	2	Homo sapiens	0.0	0.0	0.0	0.0	0.0002977292	0.0	0.0	0.0	0.0	0.008870552	0.01687025	0.8884619	0.05383062	0.008286344	0.011204057	0.0	0.0	0.0	0.0	0.0	0.0	0.0	0.005684679	0.006493885
SRR6877322	2	Homo sapiens	0.0033333334	0.0	0.0	0.0	0.0	0.0	0.0	0.0033082191	0.0031854708	0.0	0.0061732745	0.9544959	0.006554263	0.0	0.0	0.006619671	0.0066000586	0.003319714	0.0	0.0	0.0	0.006410108	0.0	0.0
SRR6877323	2	Homo sapiens	0.0	0.0	0.0	0.0	0.0	0.0	0.0	0.0	0.0096184015	0.0	0.0033333334	0.9542224	0.016182285	0.0	0.0	0.0	0.01	0.0033283057	0.0	0.003315291	0.0	0.0	0.0	0.0
SRR6877324	2	Homo sapiens	0.006653083	0.0	0.0	0.0	0.0	0.0	0.0	0.003285024	0.0032569722	0.0024601952	0.03173059	0.89026976	0.032636393	0.0	0.0	0.009844666	0.0033333334	0.003243762	0.0	0.013286234	0.0	0.0	0.0	0.0
SRR6877325	2	Homo sapiens	0.0	0.0	0.0	0.0	0.0	0.0	0.0	0.008143043	0.0053385785	0.023923473	0.009990639	0.7607673	0.123784974	0.018167367	0.015773939	0.0032216583	0.0	0.0	0.0033333334	0.0033097167	0.0033262935	0.0012068248	0.0	0.019712884
SRR6877326	2	Homo sapiens	0.0	0.0	0.0	0.0	0.0	0.0	0.0	0.0	0.0032533333	0.0	0.006294901	0.9640699	0.0033064245	0.0	0.0	0.0	0.0	0.0	0.0	0.023075433	0.0	0.0	0.0	0.0
SRR6877327	2	Homo sapiens	0.0	0.0	0.0	0.0	0.006569383	0.0038328727	0.006398026	0.010751648	0.013274761	0.05534808	0.019947	0.6550344	0.09347803	0.071273215	0.012158085	0.0	0.0	0.0	0.006656347	0.0098690875	0.0033265236	0.0057826214	0.0020297412	0.024270147
SRR6877328	2	Homo sapiens	0.0033333334	0.0	0.0	0.0	0.0	0.0	0.0	0.0033333334	0.0032116554	0.0033333334	0.0	0.9735215	0.0	0.0	0.0	0.0	0.006666667	0.0033333334	0.0	0.003266866	0.0	0.0	0.0	0.0
SRR6877329	2	Homo sapiens	0.0033242009	0.0	0.0	0.0	0.0	0.0	0.0030077908	0.0117270695	0.007816114	0.048514213	0.014502023	0.76290977	0.09300831	0.013161537	0.011364843	0.0	0.0	0.0	0.00998664	0.009932974	0.0	0.006928214	0.0	0.0038163213
SRR6877330	2	Homo sapiens	0.0	0.0	0.0	0.0	0.0	0.0	0.0	0.0	0.0	0.0	0.0	0.9800045	0.006666667	0.0	0.0	0.0	0.006666667	0.0033288319	0.0	0.0	0.0	0.0	0.0	0.0033333334
SRR6877331	2	Homo sapiens	0.0033298791	0.0	0.0	0.0	0.0	0.0015519504	0.0049458635	0.0060607535	0.017766148	0.044453852	0.040897988	0.6912864	0.097938105	0.0033333334	0.016147817	0.0	0.0	0.0032960705	0.016649488	0.016543703	0.009973326	0.005443554	0.0	0.020381805
SRR6877332	2	Homo sapiens	0.0	0.0	0.0	0.0	0.0	0.0	0.0	0.0	0.0	0.0	0.0	0.9836295	0.009758609	0.0	0.0	0.0	0.0066118534	0.0	0.0	0.0	0.0	0.0	0.0	0.0
SRR6877333	2	Homo sapiens	0.0	0.003413421	0.0	0.0	0.056993295	0.004029855	0.03921932	0.0	0.060552828	0.005262257	0.17530234	0.51642716	0.0	0.0	0.014805765	0.0	0.0	0.0	0.0	0.0	0.0	0.027510287	0.061953437	0.034530003
SRR6877334	2	Homo sapiens	0.0	0.0	0.0	0.0	0.0	0.0	0.0	0.01631479	0.006408094	0.013849014	0.068311684	0.7857058	0.016463546	0.0	0.0	0.016625015	0.019881656	0.006636148	0.006659919	0.043144323	0.0	0.0	0.0	0.0
SRR6877335	2	Homo sapiens	0.0	0.0	0.0	0.0	0.0031104877	0.0028910951	0.003207679	0.010539233	0.0042656506	0.009932297	0.004935116	0.8455197	0.08461063	0.009760242	0.008949593	0.0	0.0	0.0	0.0	0.0	0.0	0.0032919254	0.0	0.008986333
SRR6877336	2	Homo sapiens	0.0	0.0	0.0	0.0	0.0	0.0	0.0	0.0	0.0	0.0034650052	0.011135794	0.92879367	0.01316257	0.0	0.0	0.016586537	0.013121376	0.003228243	0.006659922	0.0	0.0	0.0031805157	0.0	0.0006663886
SRR6877337	2	Homo sapiens	0.0	0.0029816565	0.0	0.0	0.061178166	0.005174634	0.021448372	0.0	0.05170485	0.0080777	0.14515018	0.5573691	0.0	0.0	0.031093912	0.0	0.0	0.0	0.0033298898	0.0	0.0	0.008470019	0.056992687	0.047028832
SRR6877338	2	Homo sapiens	0.0	0.0	0.0	0.0	0.0	0.0	0.0	0.0	0.0	0.0	0.006460427	0.9738286	0.0	0.0	0.0	0.0065596243	0.009883495	0.0032678454	0.0	0.0	0.0	0.0	0.0	0.0
SRR6877339	2	Homo sapiens	0.0033333334	0.0	0.0	0.0	0.0	0.0	0.0	0.0	0.008047541	0.0	0.00301353	0.9576728	0.008235811	0.0	0.0	0.0	0.006465091	0.0	0.0	0.01323191	0.0	0.0	0.0	0.0
SRR6877340	2	Homo sapiens	0.0	0.0	0.0	0.0	0.0	0.0	0.0	0.0	0.0065772464	0.0	0.0031809146	0.9672466	0.003241777	0.0	0.0	0.0	0.0065645934	0.0	0.0	0.0098760165	0.0033128625	0.0	0.0	0.0
SRR6877341	2	Homo sapiens	0.0066565042	0.0	0.0	0.0	0.003169629	0.0	0.0030077908	0.05879493	0.04239683	0.09039965	0.07845729	0.4299744	0.12707157	0.028112479	0.009360522	0.0099966265	0.013316344	0.0	0.036608536	0.012735754	0.009976015	0.010053191	0.0	0.029911924
SRR6877342	2	Homo sapiens	0.0	0.0	0.0	0.0	0.0	0.0	0.0	0.0	0.0	0.0	0.003229308	0.960443	0.0065498217	0.0	0.0	0.0	0.0065784114	0.0	0.0	0.023199433	0.0	0.0	0.0	0.0
SRR6877343	2	Homo sapiens	0.006659866	0.0	0.0	0.0	0.0025102864	0.0	0.0	0.0097994935	0.015581976	0.07106764	0.051853236	0.55459523	0.10710356	0.00986037	0.006448904	0.02660557	0.009939394	0.008432056	0.03978721	0.036499817	0.026601575	0.003286052	0.0	0.013367744
SRR6877344	2	Homo sapiens	0.0	0.0	0.0	0.0	0.0	0.0	0.0	0.0	0.0032007953	0.0	0.0061106845	0.97754586	0.006480076	0.0	0.0	0.0	0.0	0.0033333334	0.0	0.0033292815	0.0	0.0	0.0	0.0
SRR6877345	2	Homo sapiens	0.0	0.0013246007	0.0	0.0	0.017964695	0.0041563106	0.008410407	0.0032982456	0.0249706	0.008287219	0.06352004	0.7685627	0.0	0.0033333334	0.015157771	0.0	0.0	0.0	0.0033333334	0.0033066133	0.0	0.02289298	0.023258755	0.028222432
SRR6877346	2	Homo sapiens	0.0033231603	0.0	0.0	0.0	0.0	0.0	0.0	0.0	0.00326713	0.0031502526	0.009334572	0.96450996	0.0032448377	0.0	0.0	0.0	0.0	0.0	0.0033299967	0.009840073	0.0	0.0	0.0	0.0
SRR6877347	2	Homo sapiens	0.006656375	0.0	0.0	0.0	0.003277637	0.0032456247	0.0	0.039704032	0.034137078	0.07381132	0.05728505	0.4705634	0.012673934	0.0032330325	0.013217854	0.013329973	0.012675303	0.008304786	0.053231753	0.046375226	0.013305625	0.08124185	0.0	0.053730138
SRR6877348	2	Homo sapiens	0.0	0.0	0.0	0.0	0.0033333334	0.0	0.0	0.0	0.0	0.0	0.0030709154	0.9570099	0.006666667	0.0	0.0	0.009979842	0.0	0.01	0.0	0.009939305	0.0	0.0	0.0	0.0
SRR6877349	2	Homo sapiens	0.0	0.0	0.0	0.0	0.0	0.0028910951	0.012076999	0.0	0.0	0.007650859	0.0021062992	0.87802	0.09269432	0.0033241475	0.0	0.0	0.0	0.0	0.0	0.0	0.0	0.00026154701	0.0006504384	0.00032429435
SRR6877350	2	Homo sapiens	0.0	0.0	0.0	0.0	0.0	0.0	0.0	0.0	0.0	0.0	0.0030376085	0.9705699	0.006597015	0.0	0.0	0.0	0.0032486978	0.0	0.0	0.016546752	0.0	0.0	0.0	0.0
SRR6877351	2	Homo sapiens	0.0	0.0039280117	0.0	0.0	0.024293559	0.0010296882	0.018018948	0.0	0.03309469	0.0	0.08383709	0.72205913	0.0	0.0015701293	0.029616587	0.0	0.0	0.0	0.0	0.0	0.0	0.008934092	0.028746117	0.044871952
SRR6877352	2	Homo sapiens	0.0	0.0	0.0	0.0	0.0	0.0	0.0	0.0060330243	0.0032007953	0.011185817	0.062419757	0.74073786	0.0	0.0	0.0	0.023309521	0.0065507246	0.0032265598	0.0	0.12940511	0.013305992	0.0	0.0	0.00062482385
SRR6877353	2	Homo sapiens	0.0	0.0	0.0	0.0	0.0021206888	0.0064991065	0.008938848	0.015323926	0.011645777	0.04219857	0.030600483	0.6970884	0.0064245956	0.01650925	0.03239258	0.0032216583	0.0032088123	0.0	0.0066633234	0.013300236	0.0033201058	0.039234318	0.0064338343	0.054875463
SRR6877354	2	Homo sapiens	0.0	0.0	0.0	0.0	0.0	0.0	0.0	0.0032932532	0.001354649	0.0	0.003057903	0.9572028	0.008613975	0.0	0.0	0.0033299457	0.00650507	0.0033333334	0.0	0.006655729	0.0066533796	0.0	0.0	0.0
SRR6877355	2	Homo sapiens	0.0	0.0056745657	0.0	0.0	0.033461608	0.0024976654	0.021726895	0.0	0.03702751	0.00039405684	0.10335192	0.6371273	0.0	0.0	0.04023514	0.0	0.0	0.0	0.0	0.0	0.0	0.011300239	0.06472372	0.04247937
SRR6877356	2	Homo sapiens	0.0	0.0	0.0	0.0	0.0	0.0	0.0	0.0	0.003254748	0.0032235528	0.012404543	0.93803126	0.0	0.0	0.0	0.013272837	0.0066199065	0.009912013	0.0	0.003329087	0.0033266265	0.0066253995	0.0	0.0
SRR6877357	2	Homo sapiens	0.0	0.001910069	0.0	0.0	0.04076708	0.0056291427	0.023479063	0.0	0.044015825	0.0	0.12935993	0.62754864	0.0	0.0	0.023115087	0.0	0.0	0.0	0.0	0.0	0.0	0.004447613	0.050643153	0.049084406
SRR6877358	2	Homo sapiens	0.0	0.0	0.0	0.0	0.0	0.0	0.0	0.0	0.0	0.0	0.0153155625	0.8392055	0.006469525	0.0	0.0	0.0013821138	0.018550513	0.0	0.0	0.11907676	0.0	0.0	0.0	0.0
SRR6877359	2	Homo sapiens	0.003329963	0.0	0.0	0.0	0.0	0.00702937	0.0076946616	0.017688654	0.024477348	0.08313753	0.028053632	0.6712945	0.05451189	0.021324381	0.022071026	0.0032760596	0.0	0.0	0.009989791	0.009722425	0.0	0.01125737	0.001273854	0.02386754
SRR6877360	2	Homo sapiens	0.0	0.0	0.0	0.0	0.0	0.0028910951	0.0064674546	0.0	0.0	0.0053647365	0.0021062992	0.9216243	0.051546127	0.006666667	0.0	0.0	0.0	0.0	0.0	0.0	0.0	0.0	0.0	0.0033333334
SRR6877361	2	Homo sapiens	0.0	0.0	0.0	0.0	0.0	0.0	0.0	0.0	0.0	0.0	0.008671999	0.97484773	0.0032263456	0.0	0.0	0.0	0.00993225	0.0033216842	0.0	0.0	0.0	0.0	0.0	0.0
SRR6877362	2	Homo sapiens	0.0	0.0	0.0	0.0	0.0	0.0	0.0	0.0023688662	0.0	0.010741013	0.0048574354	0.90269595	0.049071215	0.004789383	0.0094302725	0.0	0.0	0.0	0.0	0.006566063	0.0	0.0	0.006615226	0.0028645485
SRR6877363	2	Homo sapiens	0.0	0.0	0.0	0.0	0.0	0.0	0.0	0.006404034	0.0	0.005171947	0.0074886214	0.9645879	0.013068922	0.0	0.0	0.0	0.00327852	0.0	0.0	0.0	0.0	0.0	0.0	0.0
SRR6877364	2	Homo sapiens	0.0	0.0	0.0	0.0	0.0033090187	0.0	0.0032661967	0.0	0.0	0.0120147895	0.011166641	0.9197219	0.039704118	0.0066318233	0.002034039	0.0	0.0	0.0	0.0	0.0	0.0	0.0	0.0	0.0021514844
SRR6877365	2	Homo sapiens	0.0	0.0	0.0	0.0	0.0	0.0	0.0	0.0064775925	0.015923806	0.009209708	0.028727114	0.9031982	0.009872333	0.0	0.0	0.009931483	0.006666667	0.006666667	0.0	0.0	0.0033264463	0.0	0.0	0.0
SRR6877366	2	Homo sapiens	0.0066632926	0.0	0.0	0.0	0.0026663775	0.0	0.0	0.022175342	0.055190925	0.11719966	0.06434091	0.45420954	0.049472935	0.00984325	0.00325145	0.0330147	0.006666667	0.0	0.063247494	0.07299885	0.019940047	0.0033333334	0.0	0.015785217
SRR6877367	2	Homo sapiens	0.0	0.0	0.0	0.0	0.0	0.0	0.0	0.0	0.0032007953	0.0	0.0008723124	0.99015313	0.0024403979	0.0	0.0	0.0	0.0	0.0033333334	0.0	0.0	0.0	0.0	0.0	0.0
SRR6877368	2	Homo sapiens	0.0	0.0006718658	0.0	0.0	0.013559604	0.0052090897	0.006879023	0.0	0.018237406	0.010768346	0.042446744	0.7931585	0.0	0.0	0.028684122	0.0	0.0	0.0	0.0	0.0	0.0	0.0032655678	0.028634826	0.048484955
SRR6877369	2	Homo sapiens	0.013333334	0.0	0.0	0.0	0.0066530053	0.0	0.0	0.016281908	0.019159323	0.016539898	0.026167862	0.8305987	0.012965106	0.0	0.0	0.01325141	0.00988417	0.006666667	0.016636092	0.003324843	0.0	0.0	0.0	0.008537677
SRR6877370	2	Homo sapiens	0.0	0.0	0.0	0.0	0.0	0.0	0.0	0.0	0.005538724	0.00091794156	0.0	0.960566	0.009882162	0.0	0.0	0.0	0.006566075	0.0	0.0	0.0165291	0.0	0.0	0.0	0.0
SRR6877371	2	Homo sapiens	0.0	0.005608533	0.0	0.0	0.03845914	0.0041455626	0.026960226	0.0	0.055855077	0.0010954106	0.14574097	0.59222203	0.0	0.0	0.008087426	0.0	0.0	0.0032836315	0.0	0.0	0.0	0.012010721	0.06638761	0.04014364
SRR6877372	2	Homo sapiens	0.0	0.0	0.0	0.0	0.0	0.0	0.0	0.00978613	0.0098050935	0.008435188	0.06725628	0.82195055	0.019703833	0.0	0.0	0.009931568	0.0	0.0	0.0033333334	0.03317905	0.009979686	0.0066392883	0.0	0.0
SRR6877373	2	Homo sapiens	0.0	0.0	0.0	0.0	0.0	0.0	0.0026017537	0.0	0.0	0.008436891	0.0054396326	0.92365205	0.05921925	0.0	0.0	0.0	0.0	0.0	0.0	0.0	0.0	0.0	0.0006504384	0.0
SRR6877374	2	Homo sapiens	0.0	0.0	0.0	0.0	0.0033018868	0.0	0.0	0.00652724	0.009729149	0.0031070157	0.015848583	0.9051517	0.0130803045	0.0	0.0	0.0033333334	0.013333334	0.0033333334	0.0	0.016562862	0.0033264463	0.0033333334	0.0	3.144654e-05
SRR6877375	2	Homo sapiens	0.0	0.0	0.0	0.0	0.0031104877	0.0	0.0026017537	0.0023688662	0.0	0.0065718754	0.0026020075	0.94902134	0.026875615	0.002769629	0.0032905983	0.0	0.0	0.0	0.0	0.0	0.0	0.0	0.0006504384	0.0001373768
SRR6877376	2	Homo sapiens	0.0	0.0	0.0	0.0	0.0	0.0	0.0	0.0	0.012950127	0.005931106	0.017081577	0.906884	0.009814838	0.0	0.0	0.009962585	0.02134041	0.013018216	0.0	0.0	0.0	0.0	0.0	0.0030171284
SRR6877377	2	Homo sapiens	0.0	0.00047891797	0.0	0.0	0.012994028	0.0013073859	0.006616321	0.008229824	0.008347664	0.013026975	0.024329867	0.6932357	0.0	0.0	0.12277043	0.0	0.0	0.0	0.0	0.006588085	0.0	0.036176775	0.012486381	0.05341162
SRR6877378	2	Homo sapiens	0.06652249	0.0	0.0	0.0	0.013131644	0.0	0.0	0.05313355	0.04982354	0.06575668	0.047229644	0.5889865	0.007214575	0.0	0.0030804076	0.0066624945	0.009847571	0.0033333334	0.016579537	0.003282365	0.0	0.009733405	0.003283429	0.052398846
SRR6877379	2	Homo sapiens	0.0	0.0062263543	0.0	0.0	0.034787443	0.012085516	0.026839824	0.0	0.04739867	0.011010263	0.107632525	0.5731668	0.0	0.0	0.03758909	0.0	0.0	0.0	0.0	0.0033201058	0.0	0.017384801	0.07511071	0.047447927
SRR6877380	2	Homo sapiens	0.0	0.0	0.0	0.0	0.0	0.0	0.0032760268	0.026300415	0.015660115	0.016835146	0.030494532	0.7024228	0.10041964	0.058133017	0.0	0.0	0.0	0.0032960705	0.0	0.016059982	0.0	0.0027086688	0.0	0.024393573
SRR6877381	2	Homo sapiens	0.0	0.0042333906	0.0	0.0	0.07189078	0.005536597	0.048486076	0.0	0.0855831	0.0	0.22495072	0.4338918	0.0	0.0	0.0025530786	0.0	0.0	0.0	0.0	0.0	0.0	0.008887814	0.08583058	0.028156089
SRR6877382	2	Homo sapiens	0.0	0.0	0.0	0.0	0.0033333334	0.0	0.0	0.0	0.0	0.0	0.012989987	0.9506069	0.0	0.0	0.0	0.0033299457	0.0	0.0065966775	0.0	0.0231432	0.0	0.0	0.0	0.0
SRR6877383	2	Homo sapiens	0.0	0.0	0.0	0.0	0.0	0.0	0.0	0.0	0.0	0.003926481	0.0	0.96110684	0.021886103	0.0	0.0030454255	0.0	0.0	0.0	0.0	0.0032446135	0.0066531845	0.0	0.0	0.0001373768
SRR6877384	2	Homo sapiens	0.0	0.0	0.0	0.0	0.0	0.0	0.0	0.0	0.0	0.0	0.0	0.97343636	0.0	0.0	0.0	0.0	0.01	0.0066535207	0.0	0.009910133	0.0	0.0	0.0	0.0
SRR6877385	2	Homo sapiens	0.0	0.0	0.0	0.0	0.00325145	0.0	0.0062838173	0.0011554768	0.005512233	0.028759196	0.009367986	0.7658364	0.09145381	0.014649993	0.009666802	0.0	0.0	0.0	0.019916302	0.01989304	0.0066425917	0.0068891975	0.0	0.010721685
SRR6877386	2	Homo sapiens	0.0	0.0	0.0	0.0	0.0	0.0	0.0	0.0	0.0	0.0	0.0064218217	0.9836336	0.0	0.0	0.0	0.0	0.0066199065	0.003324689	0.0	0.0	0.0	0.0	0.0	0.0
SRR6877387	2	Homo sapiens	0.0	0.001659288	0.0	0.0	0.019201355	0.01833793	0.016868932	0.0092315925	0.023343751	0.017837277	0.057322916	0.6801103	0.0	0.0	0.034894258	0.0	0.0	0.0064522806	0.0	0.0	0.0	0.017706571	0.045472194	0.05156136
SRR6877388	2	Homo sapiens	0.016645985	0.0	0.0	0.0	0.0	0.0	0.0	0.0048054657	0.0064455853	0.0062639294	0.017406216	0.8889538	0.019811142	0.0	0.0	0.0	0.013319838	0.0065688193	0.0	0.019779196	0.0	0.0	0.0	0.0
SRR6877389	2	Homo sapiens	0.023231378	0.0	0.0	0.0	0.008931779	0.013080511	0.0	0.09289623	0.0582304	0.1162742	0.085721776	0.3110966	0.03337477	0.029220486	0.017554281	0.0	0.009516064	0.0	0.043174993	0.02852556	0.006639717	0.03491223	0.0033232016	0.08429582
SRR6877390	2	Homo sapiens	0.0	0.0	0.0	0.0	0.0	0.0	0.0	0.0032053872	0.0	0.0	0.015843349	0.92146844	0.016531335	0.0	0.0	0.0033333334	0.0065962262	0.019778823	0.0	0.013243134	0.0	0.0	0.0	0.0
SRR6877391	2	Homo sapiens	0.0	0.0	0.0	0.0	0.011234775	0.01924543	0.021589696	0.003048062	0.011195243	0.017327363	0.040128145	0.6295157	0.0	0.014734472	0.09900508	0.0	0.0062640575	0.0	0.0	0.009900497	0.0	0.0383878	0.017751597	0.060672097
SRR6877392	2	Homo sapiens	0.0	0.0	0.0	0.0	0.0	0.0	0.0	0.0032053872	0.009852433	0.0013993797	0.01726234	0.9286235	0.019830849	0.0	0.0	0.0033333334	0.0032397192	0.0065966775	0.0	0.0033230663	0.0	0.0033333334	0.0	0.0
SRR6877393	2	Homo sapiens	0.0033333334	0.0	0.0	0.0	0.0	0.0	0.0	0.0	0.0031650485	0.0	0.00939841	0.9312217	0.016351981	0.0	0.0	0.0	0.013333334	0.0	0.0	0.023196146	0.0	0.0	0.0	0.0
SRR6877394	2	Homo sapiens	0.0	0.0	0.0	0.0	0.0	0.0	0.0026017537	0.0032867133	0.0	0.0076040435	0.003095014	0.89917576	0.065285765	0.009841676	0.0058441153	0.0	0.0	0.0	0.0	0.0021777777	0.0	0.0	0.0006504384	0.00043696485
SRR6877395	2	Homo sapiens	0.0033231603	0.0	0.0	0.0	0.0	0.0	0.0	0.0	0.0	0.0013953488	0.0243745	0.88174117	0.0065095774	0.0	0.0	0.016587771	0.0033333334	0.02300059	0.0	0.036408115	0.0033264463	0.0	0.0	0.0
SRR6877396	2	Homo sapiens	0.0	0.0	0.0	0.0	0.0	0.0	0.0026017537	0.0032132133	0.0	0.008439993	0.0043794247	0.8428923	0.057833884	0.009893045	0.012356461	0.0	0.0	0.0	0.016537251	0.016533393	0.016609795	0.0033116557	0.0006504384	0.0047474094
SRR6877397	2	Homo sapiens	0.0	0.0	0.0	0.0	0.0	0.0	0.0	0.0	0.0	0.0013953488	0.018260557	0.9306866	0.0065716878	0.0	0.0	0.009922924	0.0033333334	0.006663244	0.0	0.02316631	0.0	0.0	0.0	0.0
SRR6877398	2	Homo sapiens	0.0	0.0	0.0	0.0	0.005463725	0.0	0.0	0.009669278	0.01966835	0.04590296	0.038640715	0.5023313	0.070353486	0.013029025	0.0	0.04659211	0.00626887	0.0065374677	0.09238423	0.056880675	0.073144235	0.0	0.0	0.013133568
SRR6877399	2	Homo sapiens	0.0	0.0	0.0	0.0	0.0	0.0	0.0	0.0	0.006476315	0.0031885935	0.0	0.9770632	0.0	0.0	0.0	0.0	0.0	0.0	0.0	0.013271884	0.0	0.0	0.0	0.0
SRR6877400	2	Homo sapiens	0.0	0.0	0.0	0.0	0.0	0.0028910951	0.0062090484	0.0030832083	0.0	0.013182754	0.004329774	0.8698148	0.07374619	0.0032717949	0.0030454255	0.0	0.0	0.0	0.009926547	0.0033299285	0.0033230875	0.0035660684	0.0	0.00028026485
SRR6877401	2	Homo sapiens	0.0	0.0	0.0	0.0	0.0	0.0	0.0	0.0	0.0	0.002835366	0.022611404	0.85257006	0.012879482	0.0	0.0	0.013295982	0.0099748615	0.016636148	0.009993241	0.049224064	0.009979422	0.0	0.0	0.0
SRR6877402	2	Homo sapiens	0.0033333334	0.0	0.0	0.0	0.0016816817	0.0	0.003201258	0.035426296	0.03537401	0.0813415	0.047978032	0.506387	0.0854394	0.026532631	0.015855959	0.019995827	0.006666667	0.0	0.04265532	0.036643356	0.016619626	0.009983426	0.0	0.024884682
SRR6877403	2	Homo sapiens	0.0	0.0	0.0	0.0	0.0	0.0	0.0	0.0	0.00326713	0.0	0.0030376085	0.9442373	0.0032468396	0.0	0.0	0.0	0.006465091	0.0	0.0	0.03974604	0.0	0.0	0.0	0.0
ERR11413657	3	Homo sapiens	0.0	0.00078945054	0.025322355	0.009373387	0.015389274	0.009358008	0.011971321	0.0	0.011619185	0.041692927	0.04786384	0.62478375	0.0032603405	0.0	0.03553881	0.0	0.0018326775	0.0018531915	0.0	0.0	0.0	0.0	0.10941913	0.049932323
ERR11413658	3	Homo sapiens	0.0033270381	0.0	0.0030500265	0.016480874	0.006658031	0.001162589	0.0	0.0	0.04101281	0.036608327	0.05376714	0.5960538	0.016523926	0.0	0.009826709	0.059604786	0.064133905	0.027839348	0.009968699	0.016565578	0.0033269539	0.0	0.0020926602	0.031996828
ERR11413659	3	Homo sapiens	0.0	0.0	0.0	0.0033333334	0.0	0.0	0.0	0.0	0.0	0.0	0.038146194	0.86910236	0.016381942	0.0	0.0	0.00990679	0.033066485	0.0066494443	0.0033207429	0.0099729765	0.0066541876	0.0	0.0	0.0034655477
ERR11413660	3	Homo sapiens	0.0	0.0	0.0	0.0033333334	0.003329786	0.0	0.0	0.0	0.003242009	0.0029589871	0.018974306	0.84347737	0.030588709	0.0	0.0	0.0230581	0.032993823	0.01531814	0.006650952	0.0066079516	0.0066544423	0.0	0.0	0.002812073
ERR11413661	3	Homo sapiens	0.0	0.0	0.0	0.006513606	0.0	0.0	0.0	0.0	0.003275168	0.0023591782	0.04093214	0.8731581	0.006635368	0.0	0.0	0.0033333334	0.036570176	0.0032658693	0.0033302093	0.009904156	0.003327126	0.0	0.0	0.0073955827
ERR11413662	3	Homo sapiens	0.003330292	0.0	0.0	0.016053734	0.003329786	0.0	0.0	0.0	0.016290797	0.010014901	0.035684902	0.74692124	0.026396029	0.0	0.0026934338	0.0429794	0.048931576	0.023103878	0.0033271317	0.009936386	0.0	0.0	0.0	0.01100652
ERR11413663	3	Homo sapiens	0.0	0.0	0.0	0.0066234567	0.0066631194	0.0	0.0	0.0	0.0033333334	0.001261692	0.014789794	0.8132907	0.049340934	0.0	0.0	0.029577432	0.029549645	0.01638855	0.0033207429	0.013295734	0.0066542174	0.0	0.0	0.005910628
ERR11413664	3	Homo sapiens	0.0	0.0040869373	0.03355019	0.038307555	0.010184768	0.012766122	0.0014709863	0.0	0.008366255	0.051960617	0.054863237	0.54687786	0.0032011748	0.0	0.036679808	0.0	0.0	0.0024248785	0.0	0.0	0.0033207901	0.0	0.13186964	0.060069192
ERR11413665	3	Homo sapiens	0.0033333334	0.0	0.0	0.00976072	0.003329786	0.0	0.0	0.0	0.017710764	0.008949958	0.020156654	0.8305543	0.02064896	0.0	0.0	0.019787423	0.03	0.009821953	0.0066603892	0.006615751	0.009981242	0.0	0.0	0.002688775
ERR11413666	3	Homo sapiens	0.01998544	0.0	0.0	0.0064367917	0.0	0.0	0.0	0.0	0.0032756	0.0	0.01858764	0.9088107	0.0065946174	0.0	0.0	0.0032706766	0.013236842	0.0032933948	0.0	0.016508339	0.0	0.0	0.0	0.0
ERR11413667	3	Homo sapiens	0.006663625	0.0	0.0	0.013090951	0.003324074	0.0	0.0	0.0	0.0323943	0.009199843	0.047104485	0.7249143	0.022712834	0.0	0.0030302634	0.039428603	0.036443185	0.009915314	0.0066573583	0.013237496	0.009971657	0.0	0.0	0.021911677
ERR11413668	3	Homo sapiens	0.0033273057	0.0	0.0	0.013187721	0.0066156276	0.0	0.0	0.0	0.0065612393	0.0	0.04149866	0.8038636	0.016411692	0.0	0.0	0.023270676	0.042918388	0.016466014	0.0033302093	0.0032902828	0.0066541233	0.0	0.0	0.012604456
ERR11413669	3	Homo sapiens	0.0	0.0	0.0	0.0	0.0	0.0	0.0	0.0	0.0013044003	0.0031638418	0.021568077	0.86927503	0.01104073	0.0	0.0	0.009889197	0.042445906	0.012153895	0.0066603892	0.01659415	0.0033270912	0.0	0.0	0.0025772946
ERR11413670	3	Homo sapiens	0.003330292	0.0	0.0	0.0119764	0.01302176	0.0	0.0	0.0	0.033382382	0.010379561	0.02731299	0.5968838	0.019485477	0.0	0.006666667	0.066104256	0.08951049	0.03311786	0.006654275	0.0132249165	0.049887136	0.0	0.0	0.019061787
ERR11413671	3	Homo sapiens	0.013330292	0.0	0.0	0.01300777	0.0065452293	0.0	0.0	0.0	0.017124334	0.014967081	0.04819745	0.61611027	0.008783507	0.0	0.0	0.08325945	0.07994647	0.031526715	0.003327126	0.013227755	0.039912257	0.0	0.0033078978	0.0074264263
ERR11413672	3	Homo sapiens	0.009988476	0.0	0.0	0.0032829714	0.0	0.0	0.0	0.0	0.0033333334	0.0	0.012877517	0.90429306	0.016424099	0.0	0.0	0.01	0.019897722	0.006599832	0.0	0.009975858	0.003327126	0.0	0.0	0.0
ERR11413673	3	Homo sapiens	0.0	0.0	0.0	0.0	0.0	0.0	0.0	0.0	0.0033199685	0.008639238	0.009377674	0.9489502	0.0032224276	0.0	0.0	0.0065496964	0.0033333334	0.006641557	0.0	0.003314951	0.006650999	0.0	0.0	0.0
ERR11413674	3	Homo sapiens	0.0	0.0	0.0	0.0	0.0	0.0	0.0	0.0	0.0032943743	0.0029589871	0.015463945	0.8990872	0.022895982	0.0	0.0	0.00989228	0.0265572	0.013195628	0.0	0.0	0.0066544097	0.0	0.0	0.0
ERR11413675	3	Homo sapiens	0.0	0.0	0.0	0.0	0.0	0.0	0.0	0.0	0.0064000236	0.0	0.019093439	0.92985034	0.0065340986	0.0	0.0	0.0032706766	0.019904846	0.0065771155	0.0	0.0032902828	0.003327126	0.0	0.0	0.0017520526
ERR11413676	3	Homo sapiens	0.0	0.0	0.0	0.0	0.0	0.0	0.0	0.0	0.006054145	0.0	0.0033333334	0.93107456	0.009866608	0.0	0.0	0.0033090687	0.023069028	0.003316111	0.0	0.006650038	0.003327126	0.0	0.0	0.01
ERR11413677	3	Homo sapiens	0.0	0.0	0.0	0.0	0.0	0.0	0.0	0.0	0.0	0.0	0.009721867	0.9306125	0.017550856	0.0	0.0	0.0	0.016650187	0.0022549161	0.0	0.019882517	0.003327126	0.0	0.0	0.0
ERR11413678	3	Homo sapiens	0.0	0.0077630896	0.024360219	0.029007997	0.010472686	0.014885345	0.016613882	0.0	0.0049030674	0.043459386	0.019697983	0.6979071	0.0019753086	0.0	0.014750424	0.0	0.0	0.00048036617	0.0	0.0	0.0	0.0	0.08808343	0.02563971
ERR11413679	3	Homo sapiens	0.0	0.0	0.0	0.0033117083	0.0033333334	0.0	0.0	0.0	0.00652952	0.0023591782	0.02921363	0.8856235	0.013333334	0.0	0.0	0.0033090687	0.0033333334	0.009888621	0.0	0.033110607	0.006654176	0.0	0.0	0.0
ERR11413680	3	Homo sapiens	0.0	0.0	0.0	0.011700854	0.0066574076	0.0	0.0	0.0	0.003217088	0.012435037	0.035338562	0.7670745	0.01979871	0.0	0.0028857582	0.054351166	0.027944991	0.0415201	0.0033301797	0.0066226106	0.0066541224	0.0	0.0	0.0004688895
ERR11413681	3	Homo sapiens	0.0	0.0010818648	0.0	0.022189928	0.0	0.0	0.0010818648	0.0	0.013883862	0.022281468	0.050351948	0.77274555	0.029153716	0.0	0.010007539	0.0133144315	0.022518022	0.0032707942	0.013317987	0.01325661	0.0033273436	0.0	0.0010818648	0.0071351794
ERR11413682	3	Homo sapiens	0.009996908	0.0	0.0	0.009934863	0.016144319	0.0033153153	0.0	0.0	0.019639783	0.030792523	0.041986328	0.7295372	0.015839266	0.0	0.013232109	0.019839836	0.016460085	0.0	0.009750338	0.019920342	0.00997282	0.0	0.0	0.03363796
ERR11413683	3	Homo sapiens	0.0066571245	0.0	0.0034701643	0.021848492	0.006587463	0.0033207429	0.0	0.0	0.016043833	0.027872823	0.028345494	0.76187634	0.019186154	0.0	0.009456195	0.02317812	0.016518665	0.0032713178	0.009984375	0.019803016	0.0033242092	0.0	0.0	0.019255463
ERR11413684	3	Homo sapiens	0.0	0.014071172	0.011635882	0.03423089	0.025918113	0.02294765	0.022392089	0.0	0.020360157	0.020664746	0.075055435	0.47756296	0.00653096	0.0	0.07228505	0.009981583	0.01629226	0.009845741	0.006660533	0.0066425567	0.0	0.0	0.05100459	0.095917635
ERR11413685	3	Homo sapiens	0.0	0.0	0.0	0.0074213515	0.0	0.0	0.0	0.0	0.01847757	0.025486633	0.030766314	0.8657389	0.011113075	0.0	0.0032715478	0.006642424	0.006502127	0.0	0.00666043	0.009929446	0.006654246	0.0	0.0	0.0013358885
ERR11413686	3	Homo sapiens	0.0	0.0	0.0	0.0	0.0	0.0	0.0	0.0	0.0	0.0	0.0032099907	0.95371705	0.0132728545	0.0	0.0	0.0033333334	0.0	0.0	0.0033241925	0.019815426	0.003327126	0.0	0.0	0.0
ERR11413687	3	Homo sapiens	0.0	0.0	0.0	0.0	0.0	0.0	0.0	0.0	0.0	0.0	0.0	0.95389396	0.01988389	0.0	0.0	0.0	0.006666667	0.0	0.0033241925	0.013146849	0.0	0.0	0.0	0.0030844228
ERR11413688	3	Homo sapiens	0.0066635744	0.0	0.003386829	0.01612803	0.0	0.003200506	0.00082982704	0.0	0.018700084	0.02943736	0.06057519	0.62712675	0.01632847	0.0	0.019482221	0.023177315	0.029595131	0.0033301797	0.03318934	0.05639969	0.009978419	0.0	0.0053842184	0.03708685
ERR11413689	3	Homo sapiens	0.0	0.0	0.0	0.0	0.0	0.0	0.0	0.0	0.0	0.0	0.006485867	0.95390177	0.009828248	0.0	0.0	0.0	0.0066108527	0.009945148	0.0033241925	0.009903896	0.0	0.0	0.0	0.0
ERR11413690	3	Homo sapiens	0.0032370638	0.0	0.0	0.011691275	0.006516829	0.0	0.002018602	0.0	0.014539187	0.0060708458	0.023283204	0.7470172	0.019945934	0.0	0.0035804892	0.0676372	0.016362784	0.013291235	0.013311171	0.016610349	0.019962456	0.0	0.001009301	0.013914886
ERR11413691	3	Homo sapiens	0.009922237	0.0	0.0	0.0019939477	0.009513658	0.003314694	0.0	0.0	0.01316067	0.005706151	0.046651226	0.803696	0.013098386	0.0	0.0	0.0033333334	0.009806017	0.006636502	0.02328774	0.036573987	0.009972172	0.0	0.0	0.0033333334
ERR11413692	3	Homo sapiens	0.0	0.0	0.0	0.0	0.0	0.0	0.0	0.0	0.0	0.0	0.009893708	0.95036703	0.0	0.0	0.0	0.0	0.013257708	0.003316111	0.0033241925	0.013186959	0.0066542695	0.0	0.0	0.0
ERR11413693	3	Homo sapiens	0.049911633	0.0	0.0	0.023236416	0.0	0.003314694	0.0	0.0	0.012955046	0.011168232	0.03164656	0.7765999	0.016462896	0.0	0.0	0.013272328	0.0230546	0.0032780848	0.006493504	0.019783702	0.0066542225	0.0	0.0	0.002168168
ERR11413694	3	Homo sapiens	0.0	0.0	0.0	0.003283721	0.0	0.0	0.0	0.0	0.0064665084	0.0	0.006179551	0.93142927	0.016453166	0.0	0.0	0.006509195	0.006601712	0.006578171	0.0033241925	0.013174498	0.0	0.0	0.0	0.0
ERR11413695	3	Homo sapiens	0.0	0.0	0.0	0.0	0.0	0.0	0.0	0.0	0.00322253	0.0	0.016193137	0.9572858	0.009974338	0.0	0.0	0.0	0.006666667	0.0	0.0033241925	0.0	0.0	0.0	0.0	0.0033333334
ERR11413696	3	Homo sapiens	0.0033333334	0.0	0.0034136623	0.030308414	0.013161958	0.0043261372	0.0022481403	0.0	0.02946843	0.023887472	0.050557453	0.65432477	0.022567846	0.0	0.012806225	0.026611721	0.022338238	0.016590051	0.016635852	0.03172389	0.0066512767	0.0	0.0028947375	0.026150377
ERR11413697	3	Homo sapiens	0.0	0.0	0.009321066	0.0283378	0.016973281	0.025029918	0.020118218	0.0	0.0352976	0.032870226	0.059927963	0.41016588	0.012135777	0.0	0.08971842	0.023183275	0.017863698	0.008360403	0.020843204	0.043165814	0.0099593345	0.0	0.025463238	0.11126491
ERR11413698	3	Homo sapiens	0.0	0.0056298543	0.0072755413	0.03227071	0.040891346	0.07063626	0.036478203	0.0	0.034165055	0.033363614	0.117853805	0.17912796	0.0018352059	0.0	0.13632622	0.0	0.001459489	0.0017838199	0.009990764	0.0060476894	0.0	0.0	0.08265894	0.20220552
ERR11413699	3	Homo sapiens	0.0033333334	0.0	0.0029101353	0.029251803	0.019785337	0.017071215	0.0030779673	0.0	0.024678437	0.05838609	0.06493233	0.5329357	0.006436496	0.0	0.05313874	0.016578618	0.022889934	0.009943706	0.029881798	0.029691821	0.0066442424	0.0	0.0024894811	0.06594285
ERR11413700	3	Homo sapiens	0.0	0.0071340357	0.010885273	0.043939937	0.025633018	0.04147096	0.053981375	0.0	0.016213564	0.06702981	0.08166742	0.33972898	0.0	0.0	0.029560352	0.0033333334	0.0032542578	0.003235902	0.0	0.019841336	0.0	0.0	0.15877339	0.094317056
ERR11413701	3	Homo sapiens	0.0	0.007510197	0.0061982083	0.034159683	0.06779912	0.05288032	0.063729435	0.0	0.078690134	0.011963886	0.20727313	0.17366453	0.0037264938	0.0	0.075073026	0.0	0.0032269827	0.0	0.0	0.0	0.0	0.0	0.12775286	0.086352006
ERR11413702	3	Homo sapiens	0.0	0.002475073	0.010630544	0.03428759	0.05654114	0.05835625	0.05473004	0.0	0.059325505	0.017702645	0.18661982	0.22410403	0.0015622681	0.0	0.092475116	0.0	0.0	0.0	0.0	0.0032944535	0.0	0.0	0.09066135	0.10723417
ERR11413703	3	Homo sapiens	0.0	0.0019530788	0.0072912085	0.021519436	0.04613953	0.0404342	0.044500478	0.0	0.05137306	0.037346654	0.13631639	0.24755533	0.0040366743	0.0	0.08535233	0.0065675774	0.0032905198	0.0	0.016635433	0.003325468	0.0066385386	0.0	0.08817995	0.15154415
ERR11413704	3	Homo sapiens	0.0	0.0	0.0	0.003314849	0.0	0.0	0.002018602	0.0	0.013122518	0.0036374128	0.028481316	0.8660919	0.022264997	0.0	0.00028837172	0.01326618	0.013333334	0.01654172	0.009987697	0.0033146767	0.003327126	0.0	0.001009301	0.0
ERR11413705	3	Homo sapiens	0.0	0.0024320525	0.010806275	0.043236338	0.033857975	0.050280884	0.03709114	0.0	0.043728624	0.031175483	0.12449455	0.20698746	0.003268379	0.0	0.11539194	0.0033026114	0.0	0.0	0.0031717669	0.012674075	0.0	0.0	0.07126291	0.20683755
ERR11413706	3	Homo sapiens	0.0033296389	0.0	0.0	0.006543101	0.0	0.0	0.0	0.0	0.011710827	0.0048988387	0.04033709	0.818345	0.045996565	0.0	0.0	0.009908357	0.019599564	0.013220607	0.0033241925	0.009884448	0.009977947	0.0	0.0	0.0029237906
ERR11413707	3	Homo sapiens	0.0033333334	0.0032049248	0.00055425765	0.023448579	0.041886874	0.041563746	0.037684515	0.0	0.037030816	0.02812006	0.12605213	0.3281034	0.008697415	0.0	0.092886485	0.0033333334	0.016356971	0.0049711755	0.013314116	0.011532948	0.0	0.0	0.07463893	0.103286
ERR11413708	3	Homo sapiens	0.0	0.0059989365	0.00079069333	0.026786119	0.054313388	0.05027053	0.048005246	0.0	0.0587278	0.026892131	0.17070639	0.2033029	0.003268379	0.0	0.073659785	0.0033333334	0.0032733274	0.0	0.0	0.003324873	0.006654511	0.0	0.099055566	0.16163608
ERR11413709	3	Homo sapiens	0.0	0.016647922	0.015897973	0.057916466	0.038312685	0.04686211	0.07150249	0.0	0.03748536	0.012843808	0.1339622	0.20199557	0.003268379	0.0	0.076749384	0.0	0.0	0.00048036617	0.0033146767	0.013208649	0.0	0.0	0.14313698	0.12641497
ERR11413710	3	Homo sapiens	0.0033333334	0.0	0.0	0.016484374	0.0	0.0	0.0	0.0	0.024323648	0.008644571	0.025442345	0.8003362	0.021302626	0.0	0.003299193	0.016556555	0.026552621	0.0066597816	0.00998124	0.016557764	0.003326972	0.0	0.0	0.017198773
ERR11413711	3	Homo sapiens	0.013330241	0.0	0.006451534	0.032063626	0.026318688	0.003102272	0.0	0.0	0.084445715	0.11776812	0.07607695	0.43210733	0.00986724	0.0	0.022438267	0.0033243888	0.023059698	0.013199877	0.026579503	0.019717876	0.009981321	0.0	0.0033029474	0.07686441
ERR11413712	3	Homo sapiens	0.0	0.0	0.0	0.009727151	0.0	0.0	0.0	0.0	0.0	0.005980888	0.028247463	0.91995513	0.026204087	0.0	0.0	0.0	0.0	0.003283721	0.0	0.006601576	0.0	0.0	0.0	0.0
ERR11413713	3	Homo sapiens	0.0	0.0	0.0	0.0	0.0	0.0	0.0	0.0	0.0062874206	0.0014660492	0.02622287	0.90264016	0.014827544	0.0	0.0	0.0033333334	0.016507344	0.003316111	0.0	0.022072183	0.0033269962	0.0	0.0	0.0
ERR11413714	3	Homo sapiens	0.006663531	0.0	0.0	0.0033163265	0.0	0.0	0.0	0.0	0.0	0.0	0.015398153	0.8891981	0.012754867	0.0	0.0	0.009966175	0.01323818	0.009879208	0.0	0.029754465	0.006651034	0.0	0.0	0.003179941
ERR11413715	3	Homo sapiens	0.0	0.0	0.0	0.0	0.0	0.0	0.0	0.0	0.0	0.006095461	0.025163379	0.9226784	0.0063672005	0.0	0.0	0.0	0.009935046	0.006586905	0.0	0.023173627	0.0	0.0	0.0	0.0
ERR11413716	3	Homo sapiens	0.0	0.0	0.0	0.0017783775	0.00665386	0.0	0.0	0.0	0.021475485	0.0	0.010902125	0.8385899	0.022874717	0.0	0.0	0.024725767	0.02	0.02638471	0.003327126	0.01662748	0.003327126	0.0	0.0	0.0033333334
ERR11413717	3	Homo sapiens	0.0033333334	0.0	0.0	0.0	0.0	0.0	0.0	0.0	0.006522652	0.0029647965	0.015637677	0.9285992	0.0064327903	0.0	0.0	0.0	0.019952897	0.0099202385	0.0	0.006636437	0.0	0.0	0.0	0.0
ERR11413718	3	Homo sapiens	0.0	0.0	0.0	0.0	0.0033333334	0.0	0.0	0.0	0.003189319	0.006258703	0.028563842	0.9224207	0.0064658024	0.0	0.0	0.0032706766	0.006666667	0.0	0.0	0.019830953	0.0	0.0	0.0	0.0
ERR11413719	3	Homo sapiens	0.0	0.0	0.0	0.0	0.0	0.0	0.0	0.0	0.0032248343	0.0	0.012640347	0.9346491	0.01969428	0.0	0.0	0.0033333334	0.0065701753	0.0	0.0	0.019887943	0.0	0.0	0.0	0.0
ERR11413720	3	Homo sapiens	0.006657589	0.0	0.0	0.0032831137	0.0	0.0	0.0	0.0	0.013127875	9.1324204e-05	0.038337417	0.86026305	0.039671212	0.0	0.0	0.013179116	0.003260672	0.0	0.0066573233	0.0066539682	0.006654086	0.0	0.0	0.0021632654
ERR11413721	3	Homo sapiens	0.006602993	0.0	0.0	0.019575143	0.0	0.0	0.0	0.0	0.036847908	0.011588604	0.039131936	0.80095917	0.019710118	0.0	0.0	0.013120085	0.019866792	0.00656808	0.0	0.0066524884	0.0	0.0	0.0	0.019376656
ERR11413722	3	Homo sapiens	0.0	0.0	0.0	0.0	0.0	0.0	0.0	0.0	0.0	0.003126294	0.015441038	0.9453229	0.006292304	0.0	0.0	0.0	0.0065636365	0.0	0.0	0.016593385	0.003327126	0.0	0.0	0.0033333334
ERR11413723	3	Homo sapiens	0.0	0.0	0.0	0.0050077355	0.003329786	0.0	0.0	0.0	0.021433681	0.0	0.05266511	0.8137613	0.016378447	0.0	0.0	0.011407399	0.039605398	0.019697579	0.0033301797	0.006596786	0.0066543766	0.0	0.0	0.00013221441
ERR11413724	3	Homo sapiens	0.0033302063	0.0	0.0	0.0065399897	0.0	0.0	0.0	0.0	0.009845599	0.0029589871	0.028915407	0.87466633	0.013288015	0.0	0.0	0.0066170543	0.043165963	0.0033301916	0.0	0.0022631804	0.003327032	0.0	0.0	0.0017520526
ERR11413725	3	Homo sapiens	0.016632725	0.0	0.0	0.006486556	0.0033333334	0.0	0.0	0.0	0.035500083	0.009352336	0.04407273	0.76959205	0.026942773	0.0	0.0031124852	0.01515192	0.019902062	0.016387682	0.0	0.009906293	0.006654141	0.0	0.0	0.016972845
ERR11413726	3	Homo sapiens	0.02324705	0.0033068843	0.01441191	0.02006462	0.044705283	0.0066168583	0.0054013585	0.0	0.06039351	0.18446177	0.09826206	0.3140059	0.03145159	0.0	0.041660637	0.0	0.0	0.0033197894	0.0	0.0	0.0	0.0	0.00052164454	0.14816913
ERR11413727	3	Homo sapiens	0.0	0.0	0.0	0.003270327	0.0	0.0	0.003320647	0.0	0.0029389209	0.006308384	0.0064186943	0.9113799	0.009809166	0.0	0.0031914222	0.016647667	0.0033333334	0.019983666	0.0	0.0	0.0133050075	0.0	0.0	9.290099e-05
ERR11413728	3	Homo sapiens	0.0	0.0	0.0	0.0	0.0	0.0	0.0	0.0	0.0	0.0	0.0065942938	0.97357565	0.0032323233	0.0	0.0	0.0066040102	0.006666667	0.0	0.0	0.0	0.0033270381	0.0	0.0	0.0
ERR11413729	3	Homo sapiens	0.0	0.0	0.0	0.0032260946	0.0033333334	0.0	0.0	0.0	0.0	0.0029950084	0.0042741327	0.94080144	0.0098726945	0.0	0.0	0.006583641	0.013333334	0.0033333334	0.0	0.008913643	0.0	0.0	0.0	0.0033333334
ERR11413731	3	Homo sapiens	0.0	0.0	0.0	0.0	0.0	0.0	0.0	0.0	0.0032965685	0.005875267	0.0029701034	0.92199767	0.026217101	0.0	0.0	0.0066148355	0.013161607	0.0066565173	0.0	0.013210351	0.0	0.0	0.0	0.0
ERR11413732	3	Homo sapiens	0.003330292	0.0	0.0	0.0	0.0	0.0	0.0	0.0	0.0066226553	0.0	0.0	0.9705678	0.00957227	0.0	0.0	0.0	0.0033333334	0.0	0.0	0.006573619	0.0	0.0	0.0	0.0
ERR11413733	3	Homo sapiens	0.0	0.0	0.0	0.0032903226	0.0	0.0	0.0	0.0	0.013068243	0.003126294	0.009763351	0.899382	0.003132875	0.0	0.0	0.009860815	0.034574594	0.018390713	0.0033272058	0.0	0.0	0.0	0.0	0.0020835798
ERR11413734	3	Homo sapiens	0.0033302412	0.0	0.0	0.005887289	0.0	0.0	0.0	0.0	0.0031491076	0.003297418	0.01704143	0.90222913	0.0032866916	0.0	0.0	0.009971618	0.026666667	0.013156811	0.003327149	0.0	0.0033212996	0.0	0.0	0.0053351405
ERR11413735	3	Homo sapiens	0.0	0.0	0.0	0.0	0.0	0.0	0.0	0.0	0.0	0.006122829	0.00989011	0.9076871	0.0032966023	0.0	0.0	0.016586417	0.026627094	0.019802159	0.0	0.0	0.006654332	0.0	0.0	0.0033333334
ERR11413736	3	Homo sapiens	0.0	0.0036679548	0.026489625	0.064255334	0.009787374	0.0077503882	0.009459188	0.0	0.00044413708	0.037896235	0.03566101	0.5681796	0.0	0.0	0.11130917	0.0066419295	0.0	0.0	0.0	0.0	0.0	0.0	0.029074727	0.089383356
ERR11413737	3	Homo sapiens	0.0	0.0	0.0	0.0032358319	0.0	0.0	0.0	0.0	0.0	0.0	0.012852774	0.94779867	0.01285758	0.0	0.0	0.0	0.0033333334	0.003283721	0.003327189	0.009983766	0.003327126	0.0	0.0	0.0
ERR11413738	3	Homo sapiens	0.0033302384	0.085136846	0.10172571	0.07092368	0.013601334	0.009836646	0.020349955	0.0	0.0045140986	0.046168927	0.025634496	0.40920916	0.0061159125	0.0	0.10793663	0.0	0.0	0.0	0.0	0.012381097	0.0	0.0	0.005447171	0.077688105
ERR11413739	3	Homo sapiens	0.0	0.0	0.0	0.013066718	0.006666667	0.0	0.0	0.0	0.017870955	0.03903048	0.047333043	0.6095196	0.035743464	0.0	0.0	0.02650641	0.016616324	0.02325266	0.03658971	0.05630952	0.06320232	0.0	0.0	0.0082921265
ERR11413740	3	Homo sapiens	0.0	0.001709128	0.032923046	0.027894672	0.0071247895	0.017520346	0.0014320917	0.0	0.0058973217	0.07563356	0.03977669	0.4623178	0.0023080423	0.0	0.14003393	0.0	0.0	0.0024248785	0.0008898486	0.011128174	0.0	0.0	0.10501981	0.06596587
ERR11413741	3	Homo sapiens	0.009996908	0.0031672597	0.009110693	0.03280776	0.023073679	0.006510669	0.0	0.0	0.024796195	0.06561599	0.06957437	0.44611225	0.015349382	0.0	0.024009045	0.026401319	0.022927823	0.016732154	0.0332745	0.049718957	0.0033271317	0.0	0.041400675	0.07609324
ERR11413742	3	Homo sapiens	0.0	0.00091967743	0.0363729	0.03835106	0.0045668865	0.027504858	0.01523741	0.0	0.00805084	0.06484786	0.025647692	0.5390515	0.0	0.0	0.035581127	0.0	0.0	0.0024248785	0.0	0.0	0.0	0.0	0.15941559	0.04202776
ERR11413743	3	Homo sapiens	0.0	0.001709128	0.03478063	0.024668936	0.0182877	0.017492056	0.002475229	0.0	0.004534651	0.040230323	0.024529684	0.6049143	0.0	0.0	0.044335682	0.0	0.0	0.0024248785	0.0	0.0065630786	0.0	0.0	0.13234116	0.04071253
ERR11413744	3	Homo sapiens	0.0	0.001709128	0.021001125	0.049048387	0.0017312518	0.0146948015	0.01275406	0.0	0.0042229937	0.037639733	0.033231586	0.60592103	0.0	0.0	0.08138176	0.0	0.0	0.0037510428	0.0	0.0	0.0	0.0	0.060645625	0.07226747
ERR11413745	3	Homo sapiens	0.0	0.0	0.0012018946	0.021674747	0.003272115	0.0	0.0	0.0	0.016561909	0.008494196	0.054868717	0.7225742	0.019735869	0.0	0.0027611263	0.0330029	0.013321321	0.02499982	0.01661158	0.029923689	0.023289341	0.0	0.0	0.007706614
ERR11413746	3	Homo sapiens	0.0	0.0036792823	0.032558173	0.020488719	0.004067271	0.010996223	0.006413563	0.0	0.004482741	0.07881544	0.020285914	0.42359072	0.0028876509	0.0	0.16459623	0.0	0.0	0.0024248785	0.0	0.02947676	0.0	0.0	0.07933885	0.11589758
ERR11413747	3	Homo sapiens	0.0	0.00057387573	0.00929724	0.053753518	0.0	0.0033153153	0.0	0.0	0.018288802	0.044193342	0.059154075	0.5402217	0.0033333334	0.0	0.055542793	0.053050645	0.035708107	0.02296052	0.02994379	0.013247864	0.009975036	0.0	0.009141189	0.038298845
ERR11413748	3	Homo sapiens	0.0	0.0027863442	0.016783997	0.033571173	0.0035857284	0.021917216	0.013972718	0.0	0.009478255	0.066890344	0.032643206	0.4386107	0.0010485147	0.0	0.1394268	0.0	0.0	0.0024248785	0.0	0.013120342	0.0	0.0	0.12136822	0.08237158
ERR11413749	3	Homo sapiens	0.0	0.0	0.02913881	0.035348736	0.007295341	0.005098699	0.0032111197	0.0	0.009474965	0.07347465	0.01927658	0.41527805	0.0	0.0	0.17337377	0.0	0.0	0.0024248785	0.0	0.02277355	0.0	0.0	0.06454031	0.13929053
ERR11413750	3	Homo sapiens	0.0	0.0	0.028623294	0.038043447	0.009315208	0.029003873	0.009477711	0.0	0.009961046	0.045642555	0.03399815	0.4570804	0.0028876509	0.0	0.1294954	0.0	0.0018326775	0.0024248785	0.0033271203	0.0124137	0.0	0.0	0.105751894	0.08072098
ERR11413751	3	Homo sapiens	0.02652605	0.0	0.0072923726	0.029426374	0.041049458	0.0032966363	0.0	0.0	0.03812069	0.094871506	0.09037742	0.45321062	0.020083271	0.0	0.011309273	0.023022968	0.009896946	0.009944082	0.019965766	0.0429413	0.016617073	0.0	0.0060868245	0.05596136
ERR11413752	3	Homo sapiens	0.0	0.0	0.0	0.0	0.0	0.0	0.0	0.0	0.0	0.0	0.0063379775	0.94757795	0.013014555	0.0	0.0	0.0065596397	0.0066382308	0.003283721	0.0	0.013260768	0.003327126	0.0	0.0	0.0
ERR11413753	3	Homo sapiens	0.0	0.0	0.0	0.0	0.0	0.0	0.0	0.0	0.0	0.0025539568	0.0030713247	0.94166136	0.0065214816	0.0	0.0	0.009802825	0.009971564	0.009861892	0.0	0.009904559	0.006651034	0.0	0.0	0.0
ERR11413754	3	Homo sapiens	0.0033302947	0.0	0.0032724221	0.042535696	0.019219708	0.0031618043	0.0	0.0	0.044241395	0.045295328	0.05616822	0.5922942	0.020737244	0.0	0.025909314	0.04192104	0.03278088	0.013220715	0.0066635716	0.016603893	0.0033270912	0.0	0.0	0.029317196
ERR11413755	3	Homo sapiens	0.0	0.0	0.0055187894	0.016466124	0.0063973456	0.0	0.0058041015	0.0	0.058126528	0.02224705	0.04089092	0.6373305	0.024331594	0.0	0.0063147945	0.038433857	0.05691513	0.018232848	0.0033302093	0.009911061	0.003326972	0.0	0.00083095464	0.045591228
ERR11413756	3	Homo sapiens	0.0033333334	0.0	0.0024687627	0.022381969	0.006412664	0.0	0.0	0.0	0.04542131	0.010049496	0.043588266	0.60865265	0.03620353	0.0	0.003299193	0.062748805	0.067872256	0.04223463	0.0	0.009933576	0.009975308	0.0	0.0	0.02542424
ERR11413757	3	Homo sapiens	0.009996305	0.0	0.0	0.011603494	0.0	0.0	0.0	0.0	0.011619258	0.009728939	0.050362673	0.81074125	0.020812811	0.0	0.0	0.03008272	0.0132775195	0.0065819803	0.0	0.0066166855	0.009981374	0.0	0.0	0.0085950075
ERR11413758	3	Homo sapiens	0.0033333334	0.0	0.0	0.0032929047	0.0	0.0	0.0	0.0	0.022149418	0.0030917458	0.028115513	0.80084676	0.011310713	0.0	0.0030966469	0.065161176	0.01656509	0.023290241	0.0	0.0033038347	0.009975125	0.0	0.0	0.0064675263
ERR11413759	3	Homo sapiens	0.0	0.0	0.0	0.0033026962	0.003329786	0.0	0.0	0.0	0.018674051	0.0024901186	0.04166485	0.821939	0.025477102	0.0	0.0	0.033246875	0.02278848	0.0066494443	0.0	0.00992734	0.0033239436	0.0	0.0	0.0071862917
ERR11656729	3	Homo sapiens	0.0	0.0	0.0062421844	0.0059817396	0.0025070978	0.0048142527	0.011716427	0.0	0.006240059	0.010287396	0.012074959	0.8885219	0.020155437	0.0	0.019263882	0.0	0.0	0.0	0.0	0.0	0.0	0.0	0.004910532	0.007284094
ERR11656730	3	Homo sapiens	0.0	0.0063111815	0.0031875507	0.03389961	0.01477097	0.0064950706	0.015808549	0.0	0.014146624	0.009505174	0.050966866	0.7108953	0.0	0.0	0.033926513	0.0	0.0	0.0	0.0	0.0	0.0	0.0	0.056382965	0.043703604
ERR11656731	3	Homo sapiens	0.0	0.007407504	0.00255646	0.022771016	0.033185065	0.01073523	0.032448396	0.0	0.036561564	0.0026435407	0.10994646	0.56334025	0.0	0.0	0.013275477	0.0	0.0	0.0	0.0	0.0	0.0	0.0	0.12957202	0.035557024
ERR11656732	3	Homo sapiens	0.0	0.0015321155	0.0066177817	0.01213209	0.0068240785	0.0032875459	0.003314412	0.0	0.0038649915	0.017584257	0.015985854	0.87024176	0.011769807	0.0	0.012897713	0.0	0.0	0.0	0.0	0.0	0.0	0.0	0.024367481	0.00958014
ERR11656733	3	Homo sapiens	0.0	0.0030327442	0.0036792175	0.00486412	0.044910457	0.01686561	0.019781616	0.0	0.05219107	0.0054066177	0.12174037	0.6152653	0.0	0.0	0.017571023	0.0	0.0	0.0	0.0	0.0	0.0	0.0	0.0621332	0.032558627
ERR11656734	3	Homo sapiens	0.0	0.0065218234	0.01112425	0.047396667	0.02829965	0.010061803	0.018661294	0.0	0.044159483	0.0021646062	0.10276529	0.5926573	0.0	0.0	0.013748733	0.0	0.0	0.0	0.0	0.0	0.0	0.0	0.07558498	0.046854075
ERR11656735	3	Homo sapiens	0.0	0.0022231692	0.0048740986	0.026905484	0.015717408	0.0065399306	0.028035147	0.0	0.02096016	0.00992712	0.07571284	0.6954028	0.0	0.0	0.023667902	0.0	0.0	0.0	0.0	0.0	0.0	0.0	0.05206268	0.037971273
ERR11656736	3	Homo sapiens	0.0	0.0057479544	0.0007180202	0.0121407425	0.04456046	0.0047231237	0.019020779	0.0	0.04386122	0.006649625	0.135771	0.57925993	0.0021799912	0.0	0.019184886	0.0	0.0	0.0	0.0	0.0	0.0	0.0	0.091978215	0.03420407
ERR11656737	3	Homo sapiens	0.0	0.030728467	0.014799322	0.076360516	0.035970684	0.0065842094	0.039092675	0.0	0.035939086	0.010037535	0.12006182	0.5298141	0.0	0.0	0.020949256	0.0	0.0	0.0	0.0	0.0	0.0	0.0	0.047325876	0.032336425
ERR11656738	3	Homo sapiens	0.0	0.003771547	0.0031908795	0.022360057	0.050336726	0.002276974	0.02650539	0.0	0.050467547	0.0062343786	0.14313774	0.566461	0.0	0.0	0.018180912	0.0	0.0	0.0	0.0	0.0	0.0	0.0	0.072496526	0.034580305
ERR11656739	3	Homo sapiens	0.0	0.0070068287	0.009615329	0.009654125	0.052976277	0.012502474	0.03802441	0.0	0.06633536	8.458398e-05	0.20503443	0.44971764	0.0	0.0	0.025404384	0.0	0.0	0.0	0.0	0.0	0.0	0.0	0.0670808	0.056563336
ERR11656740	3	Homo sapiens	0.0	0.004770287	0.00078813103	0.009605559	0.04542952	0.011275675	0.03534296	0.0	0.057222128	0.005109975	0.17754062	0.5497528	0.0	0.0	0.003569369	0.0	0.0	0.0	0.0	0.0	0.0	0.0	0.07435755	0.025235493
ERR11656741	3	Homo sapiens	0.0	0.0028169095	0.0032700684	0.010107333	0.05175137	0.012988598	0.042801958	0.0	0.053648375	0.0062834057	0.15142201	0.55769444	0.0	0.0	0.011337835	0.0	0.0	0.0	0.0	0.0	0.0	0.0	0.066374324	0.029503366
ERR11656742	3	Homo sapiens	0.0	0.007858894	0.0041177114	0.018903809	0.090362474	0.015628003	0.054530904	0.0	0.094498135	0.0	0.27741027	0.2516487	0.0	0.0	0.0063164374	0.0	0.0	0.0	0.0	0.0	0.0	0.0	0.12419827	0.054526407
ERR11656743	3	Homo sapiens	0.0	0.004592793	0.0006594788	0.007195598	0.055240348	0.009550159	0.038435273	0.0	0.052454215	0.00071542256	0.17812268	0.52622485	0.0	0.0	0.011679533	0.0	0.0	0.0	0.0	0.0	0.0	0.0	0.077812545	0.03731708
ERR11656744	3	Homo sapiens	0.0	0.00021356087	0.006362862	0.010993251	0.036358617	0.0071747308	0.029456789	0.0	0.044132333	0.0066058915	0.13764304	0.60879594	0.0	0.0	0.011309687	0.0	0.0	0.0	0.0	0.0	0.0	0.0	0.04955834	0.051394958
ERR11656745	3	Homo sapiens	0.0	0.007600026	0.0008302514	0.010108228	0.060476046	0.016305748	0.042858467	0.0	0.07312897	0.0025674375	0.19600871	0.42170298	0.0	0.0	0.019141572	0.0	0.0	0.0	0.0	0.0	0.0	0.0	0.109448925	0.039822653
ERR11656746	3	Homo sapiens	0.0	0.0031295673	0.006362862	0.00556463	0.0438799	0.017045287	0.032534506	0.0	0.049468346	0.0076261796	0.16328952	0.5588091	0.0	0.0	0.011776144	0.0	0.0	0.0	0.0	0.0	0.0	0.0	0.07687989	0.023634056
ERR11656747	3	Homo sapiens	0.0	0.005774175	0.00035746783	0.011418594	0.040329166	0.012505477	0.033228215	0.0	0.04816716	0.0055669374	0.15500507	0.5461326	0.0	0.0	0.024437714	0.0	0.0	0.0	0.0	0.0	0.0	0.0	0.08716566	0.029911749
ERR11656748	3	Homo sapiens	0.0	0.0075141285	0.0010133858	0.015524386	0.07813669	0.013452665	0.04400972	0.0	0.09906956	0.002248308	0.28567922	0.2803933	0.0	0.0	0.012856398	0.0	0.0	0.0	0.0	0.0	0.0	0.0	0.12377866	0.036323566
ERR4172756	3	Gorilla beringei	0.0	0.0	0.01372543	0.006559074	0.011943676	0.01886615	0.0	0.0	0.23876294	0.31103262	0.10306398	0.18238322	0.0060063205	0.0	0.016406577	0.0	0.0	0.0	0.0	0.009891632	0.0	0.0	0.0	0.08135837
ERR4172758	3	Gorilla beringei	0.0033333334	0.0030302526	0.011834003	0.0032926828	0.01648739	0.006406714	0.0	0.0	0.23525476	0.3550721	0.107587025	0.14490652	0.0019365293	0.0	0.015991557	0.008706851	0.0	0.006299345	0.003330125	0.0131973	0.0033114653	0.0	0.0032554308	0.05676659
ERR4172761	3	Gorilla beringei	0.00654321	0.0	0.008008757	0.006579763	0.0	0.0	0.0	0.0	0.38153625	0.28121307	0.0834204	0.1401573	0.006142494	0.0	0.009786128	0.015344803	0.0	0.0032960547	0.0	0.0032985697	0.0	0.0	0.0	0.054673217
ERR4172763	3	Gorilla beringei	0.0	0.01340297	0.0064507793	0.04564371	0.04300037	0.059663657	0.0032720347	0.0	0.06903967	0.1508862	0.073103406	0.2640872	0.0026018815	0.0	0.04106945	0.0	0.0	0.0	0.0	0.0	0.0	0.0	0.024661515	0.20311715
ERR4172766	3	Gorilla beringei	0.0033302947	0.0030302526	0.018705092	0.007030668	0.006666667	0.0	0.0	0.0	0.38426715	0.29438946	0.08857845	0.09789678	0.004437785	0.0	0.0065967413	0.006666667	0.0	0.0030150309	0.009990591	0.0	0.0033209876	0.0	0.0	0.062077392
ERR4172783	3	Gorilla beringei	0.0131806685	0.0	0.010044221	0.012785867	0.0092020435	0.0029060866	0.0	0.0	0.45742735	0.23109423	0.0918236	0.092280775	0.004116421	0.0	0.0	0.009996882	0.0	0.0066040102	0.0066572567	0.0	0.0033209876	0.0	0.0	0.04855961
ERR4172788	3	Gorilla beringei	0.00654321	0.0018386714	0.0176022	0.004566546	0.009218319	0.0	0.0	0.0	0.47838366	0.24458072	0.06125766	0.0980501	0.00767179	0.0	0.006525008	0.013327166	0.0	0.0	0.003330125	0.0032869081	0.006635531	0.0	0.0	0.03718241
ERR4172789	3	Gorilla beringei	0.019973831	0.0033186013	0.004115058	0.008561072	0.03340944	0.021710448	0.0041582407	0.0	0.10938947	0.2651627	0.13133468	0.23322235	0.029431535	0.0	0.026300631	0.0	0.0	0.0	0.0	0.0	0.0	0.0	0.0	0.10991194
ERR4172797	3	Gorilla beringei	0.01327322	0.0	0.0011688914	0.008412884	0.03503812	0.009713324	0.0227073	0.0	0.11970201	0.21709795	0.1441655	0.23763184	0.02410977	0.0	0.017917974	0.0	0.0	0.0	0.0	0.0030674264	0.0	0.0	0.013204583	0.13278921
ERR4172799	3	Gorilla beringei	0.026640497	0.0	0.0034613912	0.0028318583	0.029414093	0.0031324201	0.0	0.0	0.14643762	0.31449643	0.16953494	0.17044026	0.036346257	0.0	0.011170391	0.0	0.0	0.002206223	0.0	0.0	0.0	0.0	0.003272614	0.08061501
ERR4172800	3	Gorilla beringei	0.026640497	0.0	0.0025967723	0.0065141837	0.039530993	0.0	0.003161512	0.0	0.17626417	0.3168536	0.17273474	0.123665	0.029011417	0.0	0.002479396	0.0	0.0	0.002206223	0.0	0.0030674264	0.0	0.0	0.0	0.095274046
ERR4172802	3	Gorilla beringei	0.0	0.0	0.016074244	0.008426412	0.015082978	0.030929724	0.010096326	0.0	0.11883401	0.24305202	0.16045043	0.19871631	0.029995434	0.0	0.02505939	0.0	0.0	0.0027494468	0.0	0.0020791916	0.0	0.0	0.02565189	0.112802185
ERR4172804	3	Gorilla beringei	0.0	0.0029685204	0.008138353	0.012282667	0.023207344	0.022665178	0.0061079604	0.0	0.13823028	0.23998572	0.14319803	0.21427205	0.017757092	0.0	0.017213298	0.0	0.0	0.0	0.0	0.0	0.0	0.0	0.006637436	0.14733607
ERR4172806	3	Gorilla beringei	0.023323918	0.0	0.0026600996	0.0	0.023258844	0.00640408	0.009770739	0.0	0.1512399	0.3185757	0.18832277	0.14044306	0.017008515	0.0	0.0069755996	0.0	0.0	0.0027494468	0.0	0.0	0.0	0.0	0.0033252132	0.1059421
ERR4172808	3	Gorilla beringei	0.016658947	0.0	0.0028908155	0.0	0.019916074	0.0	0.006657349	0.0	0.17310998	0.28643578	0.20912255	0.14173907	0.029351074	0.0	0.013942742	0.0	0.0	0.0026388888	0.0033301003	0.0	0.0	0.0	0.0	0.094206624
ERR4172809	3	Gorilla beringei	0.0	0.0031548233	0.004527459	0.009622109	0.014286045	0.010102847	0.036983427	0.0	0.12527904	0.23116326	0.12180187	0.22674319	0.028924739	0.0	0.021831455	0.0033333334	0.0033119463	0.0	0.0033152665	0.0	0.0	0.0	0.015229076	0.14039011
ERR4172811	3	Gorilla beringei	0.013318441	0.0032020027	0.0045667053	0.003563818	0.013768024	0.016506817	0.028283102	0.0	0.098039694	0.25206262	0.11308109	0.23636548	0.034019347	0.0	0.031762287	0.0	0.0030531732	0.0033024119	0.0033333334	0.0030674264	0.0	0.0	0.019005748	0.11969845
ERR4172813	3	Gorilla beringei	0.023270024	0.0	0.0062992433	0.0024057368	0.011778508	0.0028571428	0.0	0.0	0.17005402	0.30513167	0.15673612	0.17804712	0.037719447	0.0	0.009991596	0.0	0.0	0.0	0.0033333334	0.0032868648	0.0	0.0	0.00047619047	0.08861297
ERR4172814	3	Gorilla beringei	0.009973831	0.0	0.0	0.0	0.009684631	0.007859764	0.0050942344	0.0	0.17792788	0.3148252	0.16761969	0.16767024	0.017542366	0.0	0.0035332716	0.0	0.0	0.002206223	0.009996897	0.016227124	0.0	0.0	0.003327149	0.08651149
ERR4172817	3	Rangifer tarandus	0.0	0.013413279	0.013117097	0.027727397	0.020984331	0.12089403	0.251939	0.0	0.021914855	0.048840266	0.050472505	0.12522312	0.0019047619	0.0	0.082723275	0.0	0.0032860297	0.0032658693	0.0	0.0	0.0	0.0	0.04603773	0.16825648
ERR4172819	3	Rangifer tarandus	0.0	0.017758166	0.019730322	0.029920079	0.008211904	0.14745478	0.25644967	0.0	0.029089281	0.05459732	0.030746726	0.14785418	0.0033708387	0.0	0.050702564	0.0	0.0	0.0	0.0	0.0	0.0	0.0	0.036729343	0.16738482
ERR4172823	3	Rangifer tarandus	0.0	0.01274879	0.017213823	0.022100676	0.024364108	0.0873891	0.19687328	0.0	0.020887803	0.08134344	0.04791032	0.14543985	0.0067280247	0.0	0.06301245	0.0032492492	0.0	0.0032658693	0.0	0.0	0.0	0.0	0.028553074	0.23892015
ERR4172827	3	Rangifer tarandus	0.0032791817	0.0065676477	0.019086286	0.03282731	0.017636593	0.08712928	0.18427494	0.0	0.030727353	0.062080353	0.054593485	0.14522463	0.0034165594	0.0	0.07437051	0.0032492492	0.0032860297	0.0032658693	0.0	0.0	0.0	0.0	0.029606597	0.23937812
ERR4172829	3	Rangifer tarandus	0.0033302354	0.0010870487	0.0064701866	0.041192953	0.03398745	0.01420492	0.011627656	0.0	0.04037482	0.08199643	0.10825543	0.24387336	0.0	0.0	0.063623205	0.0	0.0	0.0032658693	0.0	0.0	0.0	0.0	0.038757935	0.3079525
ERR4172830	3	Rangifer tarandus	0.0033302354	0.0033146767	0.009126649	0.044073325	0.04606861	0.010968411	0.013271457	0.0	0.06935668	0.08419632	0.09527513	0.24716063	0.0	0.0	0.05262134	0.0	0.0	0.0032658693	0.0	0.0	0.0	0.0	0.036110394	0.28186026
ERR4172832	3	Rangifer tarandus	0.0065892884	0.0	0.015127661	0.018207392	0.03278884	0.009606046	0.028177759	0.0	0.041666232	0.12442419	0.08730823	0.3086019	0.0	0.0	0.06525194	0.0	0.0032860297	0.0032658693	0.0	0.0	0.0	0.0	0.019665707	0.23603295
ERR4172834	3	Rangifer tarandus	0.0033302354	0.0	0.01904327	0.04096509	0.04595809	0.011190554	0.0029917043	0.0	0.03791106	0.11550055	0.08416703	0.26656	0.0	0.0	0.07269931	0.0032492492	0.0	0.0032658693	0.0	0.0	0.0	0.0	0.024486275	0.26868173
ERR4172835	3	Rangifer tarandus	0.0	0.19750166	0.10542708	0.09309793	0.062961034	0.007746609	0.06641312	0.0	0.06402161	0.014021748	0.1832352	0.08260921	0.0006011554	0.0	0.0075211287	0.0	0.0	0.0	0.0	0.0	0.0	0.0	0.077341	0.03750151
ERR4172836	3	Rangifer tarandus	0.0	0.2691098	0.13690226	0.07761848	0.037654966	0.011360718	0.05216566	0.0	0.043201506	0.025187062	0.12149482	0.08251188	0.0030600003	0.0	0.012649198	0.0	0.0	0.0	0.0	0.0	0.0	0.0	0.06349997	0.06358369
ERR4172838	3	Rangifer tarandus	0.0	0.26084927	0.19090596	0.062362783	0.028388703	0.004244872	0.040171165	0.0	0.03410318	0.023297336	0.10412127	0.09820935	0.0006011554	0.0	0.016028224	0.0	0.0	0.0	0.0	0.0	0.0	0.0	0.048330985	0.08838575
ERR4172839	3	Rangifer tarandus	0.0	0.27598312	0.21817677	0.06984249	0.019397108	0.0032956079	0.034981113	0.0	0.029342461	0.024400128	0.10782776	0.09429602	0.0	0.0	0.011258083	0.0	0.0	0.0	0.0	0.0	0.0	0.0	0.03908532	0.072114006
ERR4172841	3	Rangifer tarandus	0.0	0.0010818648	0.024723157	0.009546871	0.029657207	0.07858325	0.010551719	0.0	0.01356708	0.20110227	0.043328326	0.19709273	0.0	0.0	0.085283086	0.0	0.0	0.0019445124	0.0	0.004622911	0.0	0.0	0.049701843	0.24921317
ERR4172843	3	Rangifer tarandus	0.0	0.0010818648	0.021403974	0.012979853	0.015076469	0.07366512	0.011590388	0.0	0.020102426	0.1926053	0.03872204	0.21401145	0.0	0.0	0.1044659	0.0	0.0	0.0	0.0	0.007917364	0.0	0.0	0.06722733	0.21915051
ERR4172850	3	Rangifer tarandus	0.0020341505	0.0	0.0262252	0.0031716193	0.041359883	0.051505852	0.041337997	0.0	0.037477575	0.20722535	0.070044294	0.13486527	0.0032133758	0.0	0.085279614	0.0	0.0	0.0019445124	0.0033333334	0.007917364	0.0	0.0	0.03736435	0.24570026
ERR4172854	3	Rangifer tarandus	0.0020341505	0.0032817377	0.036300816	0.006290729	0.059866328	0.05416767	0.026001796	0.0	0.04099867	0.1885868	0.07574629	0.15529855	0.0016666667	0.0	0.080444224	0.0	0.0	0.0019445124	0.0	0.0031475748	0.0	0.0	0.04446434	0.21975915
ERR4172855	3	Rangifer tarandus	0.009871568	0.12465105	0.25976288	0.036194693	0.012564058	0.012658213	0.0040947497	0.0	0.025702247	0.13966347	0.07907538	0.06482415	0.0026968974	0.0	0.05428446	0.0	0.0	0.0	0.0	0.0032280385	0.0	0.0	0.010502513	0.16022563
ERR4172857	3	Rangifer tarandus	0.009871568	0.12925924	0.23678045	0.030440705	0.015764367	0.024122037	0.0020865782	0.0	0.04123089	0.11858061	0.077595964	0.08424158	0.008842782	0.0	0.029996578	0.0	0.0	0.0	0.0	0.0	0.0	0.0	0.010286002	0.18090065
ERR4172860	3	Rangifer tarandus	0.009871568	0.06294885	0.28999642	0.03881133	0.034648374	0.009156537	0.0	0.0	0.046759218	0.14640255	0.08984599	0.06514933	0.012996549	0.0	0.026128637	0.0	0.0	0.0	0.003320849	0.0	0.0	0.0	0.0	0.16396378
ERR4172872	3	Rangifer tarandus	0.013201803	0.06795488	0.26237836	0.039587405	0.035214286	0.012365242	0.0033301827	0.0	0.052390333	0.18212381	0.08173182	0.071686454	0.016819697	0.0	0.031768117	0.0	0.0	0.0	0.0	0.0	0.0	0.0	0.0	0.12944761
ERR4172883	3	Rangifer tarandus	0.0	0.0034742274	0.00477001	0.013932655	0.014900882	0.19553806	0.26892033	0.0	0.014050836	0.019412693	0.020814847	0.06442413	0.0007142857	0.0	0.18651427	0.0	0.0	0.0	0.0	0.0030131075	0.0	0.0	0.055362727	0.13415694
ERR4172889	3	Rangifer tarandus	0.0	0.0	0.0058950973	0.013845213	0.011318901	0.17733982	0.2523213	0.0	0.01166107	0.019028703	0.021272028	0.05889444	0.0007142857	0.0	0.17236704	0.0	0.0	0.0	0.0	0.0	0.0	0.0	0.061872456	0.19346966
ERR4172953	3	Rangifer tarandus	0.0	0.0034742274	0.008973698	0.007911123	0.011112529	0.21492483	0.21104354	0.0	0.013736243	0.017098557	0.010603468	0.07474413	0.0007142857	0.0	0.17921431	0.0	0.0	0.0	0.0	0.0	0.0	0.0	0.046549004	0.19990008
ERR4172977	3	Rangifer tarandus	0.0	0.0032606665	0.0076431497	0.006253963	0.007607792	0.1748671	0.19976653	0.0	0.011252749	0.023055116	0.012041226	0.07238977	0.0007142857	0.0	0.19344705	0.0	0.0	0.0	0.0	0.0	0.0	0.0	0.040766362	0.24693425
ERR4172978	3	Ursus arctos	0.0	0.0	0.0034699377	0.015579491	0.005675887	0.06331976	0.004423299	0.0	0.0023777161	0.007592824	0.012835273	0.04724192	0.0	0.0	0.03129535	0.0	0.0	0.0	0.0	0.0	0.0	0.0	0.015882032	0.7903065
ERR4172979	3	Ursus arctos	0.0	0.0	0.0034987524	0.012658898	0.0008557947	0.041447584	0.0065766172	0.0	0.0008814978	0.0062889215	0.007455435	0.03290969	0.0	0.0	0.028120724	0.0	0.0	0.0	0.0	0.0	0.0	0.0	0.012855539	0.84645057
ERR4172981	3	Ursus arctos	0.0	0.0	0.0	0.012236941	0.0	0.027425183	0.008198076	0.0	0.0	0.008901409	0.009313427	0.02291298	0.0	0.0	0.0199583	0.0	0.0	0.0	0.0	0.002753236	0.0	0.0	0.0	0.8883004
ERR4172982	3	Ursus arctos	0.0	0.0	0.0031513432	0.009070157	0.003328539	0.027662154	0.01124997	0.0	0.0033333334	0.010645673	0.0027056828	0.025207598	0.0	0.0	0.016282527	0.0	0.0	0.0031539612	0.0	0.0	0.0	0.0	0.0	0.88420904
ERR4172991	3	Ursus arctos	0.0	0.00064994575	0.0026785643	0.0064899386	0.016201431	0.02489164	0.019775694	0.0	0.008287556	0.014540645	0.030414559	0.033122543	0.0	0.0	0.0099890195	0.0	0.0	0.0	0.0	0.0	0.0	0.0	0.014393775	0.8185647
ERR4173008	3	Ursus arctos	0.0	0.00064994575	0.0034410798	0.019213475	0.01583826	0.014521099	0.027936708	0.0	0.013468684	0.018082775	0.031579163	0.025703209	0.0	0.0	0.009671163	0.0	0.0	0.0027494468	0.0	0.0032696594	0.0	0.0	0.009459669	0.80441564
ERR4173033	3	Ursus arctos	0.0	0.0	0.0007625156	0.028931687	0.0035555556	0.007232993	0.012537906	0.0	0.008548779	0.020713659	0.03461225	0.025684083	0.0033142858	0.0	0.006384128	0.0	0.0	0.0027494468	0.0	0.0	0.0	0.0	0.005589287	0.8393834
ERR4173039	3	Ursus arctos	0.0	0.0	0.005570875	0.009713974	0.0	0.029846013	0.0	0.0	0.002090036	0.019057507	0.013350244	0.04300265	0.0	0.0	0.015898334	0.0	0.0	0.0031539612	0.0	0.002753236	0.0	0.0	0.0032961932	0.85226697
ERR4173041	3	Ursus arctos	0.0	0.0	0.00048532998	0.009463868	0.0065741655	0.05037937	0.003940924	0.0	0.0	0.024126774	0.011778383	0.040277243	0.0	0.0	0.018561061	0.0	0.0	0.0	0.0	0.0	0.0	0.0	0.0064974255	0.8279155
ERR4173043	3	Ursus arctos	0.0	0.0	0.0023901649	0.002862319	0.0	0.018184409	0.0046505276	0.0	0.0030492423	0.016065165	0.010487826	0.023384035	0.0	0.0	0.021238888	0.0	0.0	0.0	0.0	0.003319977	0.0	0.0	0.0064494177	0.88791806
ERR4173045	3	Ursus arctos	0.0	0.0	0.0032328605	0.0031552918	0.0	0.028233498	0.0013236419	0.0	0.00796258	0.024800863	0.012890209	0.04030931	0.0032758098	0.0	0.015800448	0.0	0.0	0.0027494468	0.0	0.0032609184	0.0	0.0	0.0028260653	0.8501791
ERR4173049	3	Ursus arctos	0.0	0.0025429667	0.006452796	0.0066401516	0.0	0.20862316	0.045552	0.0	0.0030766302	0.0070066	0.007890504	0.044965383	0.0	0.0	0.022088699	0.0	0.0	0.0	0.0	0.0032382137	0.0	0.0	0.013844328	0.6280786
ERR4173051	3	Ursus arctos	0.0	0.0	0.008784373	0.003316847	0.0008802817	0.21530816	0.06229377	0.0	0.0056599914	0.016526006	0.0	0.019659478	0.0010485147	0.0	0.03703857	0.0	0.0	0.0	0.0	0.003319977	0.0	0.0	0.026873088	0.59929097
ERR4173057	3	Ursus arctos	0.0	0.00064994575	0.015364852	0.0024472454	0.005684242	0.12770179	0.0381529	0.0	0.004961876	0.023582567	0.009163692	0.04673587	0.0063281716	0.0	0.032053743	0.0	0.0	0.0	0.0	0.0	0.0	0.0	0.014927729	0.6722454
ERR4173060	3	Ursus arctos	0.0	0.0	0.0087456	0.00640842	0.0	0.14218009	0.03793181	0.0	0.0031966725	0.025582831	0.0018875331	0.027713718	0.0	0.0	0.041624043	0.0	0.0	0.0	0.0	0.0	0.0	0.0	0.008146299	0.696583
ERR4173061	3	Ursus arctos	0.0	0.0	0.005967401	0.0068085375	0.014668785	0.0207758	0.0	0.0	0.006778102	0.01765346	0.033437893	0.04586816	0.0007402214	0.0	0.010290914	0.0	0.0	0.0	0.0	0.0033231333	0.0	0.0	0.0	0.8336876
ERR4173063	3	Ursus arctos	0.0	0.0033333334	0.0039965343	0.012950973	0.003056325	0.05463042	0.0033236714	0.0	0.0076582693	0.012015314	0.015989846	0.043417767	0.0	0.0	0.016264996	0.0	0.0	0.0	0.0	0.0032854865	0.0	0.0	0.0031787439	0.81689835
ERR4173066	3	Ursus arctos	0.0033302947	0.0	0.0055126236	0.0068384083	0.0044449545	0.009594877	0.0	0.0	0.0008480726	0.016855642	0.025758192	0.03410895	0.0	0.0	0.015833888	0.0	0.0	0.0	0.0	0.009508239	0.0	0.0	0.0	0.86736584
ERR4173068	3	Ursus arctos	0.0	0.0	0.0	0.0031161846	0.006152928	0.0066476096	0.0	0.0	0.0	0.011117846	0.032318346	0.032738615	0.0	0.0	0.009139214	0.0	0.0	0.0	0.0	0.003324857	0.0	0.0	0.0	0.8954444
ERR4173070	3	Ursus arctos	0.0	0.0	0.0044278493	0.025050106	0.067901984	0.0855076	0.0	0.0	0.01438934	0.029142661	0.026137149	0.16847886	0.0	0.0	0.030084483	0.0	0.0032282283	0.0	0.003324184	0.0	0.0	0.0	0.0051576346	0.53716993
ERR4173072	3	Ursus arctos	0.0	0.0	0.0037041595	0.013116477	0.058203913	0.12927696	0.0026937497	0.0	0.02190445	0.044066414	0.037381917	0.17250802	0.0	0.0	0.029327216	0.0	0.0	0.0032658693	0.003324184	0.002753236	0.0	0.0	0.0041025504	0.4743709
ERR4173073	3	Ursus arctos	0.0	0.0	0.010378275	0.018003462	0.09536131	0.07286307	0.0023762025	0.0	0.008389053	0.0441669	0.034226466	0.15780167	0.0	0.0	0.032792125	0.0033333334	0.0032282283	0.0	0.0066481545	0.0	0.0	0.0	0.0	0.51043177
ERR4173075	3	Ursus arctos	0.0	0.0	0.0074515482	0.015043133	0.09835023	0.08520165	0.0	0.0	0.025244381	0.044406977	0.028653722	0.13456897	0.0	0.0	0.045742236	0.0033333334	0.0032282283	0.0032658693	0.003324184	0.00856787	0.0	0.0	0.0066458303	0.48697183
ERR4173082	3	Gorilla beringei	0.0065401713	0.002066752	0.019050302	0.009617759	0.0033333334	0.0029060866	0.0	0.0	0.37082672	0.2802023	0.122546576	0.08571827	0.0059863855	0.0	0.009311027	0.008772266	0.0	0.0	0.0066573033	0.0032784888	0.0066447146	0.0	0.0	0.05654153
ERR9612721	3	Homo sapiens	0.0065999003	0.0	0.0	0.022767093	0.0	0.0	0.0	0.0	0.034061454	0.01526523	0.06885526	0.6837827	0.029928295	0.0	0.0	0.029398277	0.06261216	0.0033301797	0.006657415	0.0098814955	0.0	0.0	0.0	0.026860557
ERR9612722	3	Homo sapiens	0.009930107	0.0	0.0	0.026532186	0.0032283228	0.0	0.0	0.0	0.038902096	0.009718282	0.07939898	0.6471228	0.043402366	0.0	0.006438387	0.02253335	0.05865179	0.01069146	0.0033302093	0.0099594705	0.0	0.0	0.0	0.030160202
ERR9612723	3	Homo sapiens	0.0033333334	0.0	0.0	0.0	0.0	0.0	0.0	0.0	0.0064425957	0.0058860644	0.013126545	0.92270344	0.00998008	0.0	0.0	0.0032546883	0.01994023	0.006666667	0.0	0.006582772	0.0	0.0	0.0	0.0020835798
ERR9612724	3	Homo sapiens	0.0	0.0	0.0	0.0032936144	0.0	0.0	0.0	0.0	0.006592524	0.0029589871	0.0031812761	0.93436295	0.013197841	0.0	0.0	0.0	0.0099937515	0.009882218	0.0	0.016536836	0.0	0.0	0.0	0.0
ERR9612725	3	Homo sapiens	0.0	0.0	0.0	0.0064361976	0.0	0.0	0.0	0.0	0.008453907	0.0038805122	0.0137106255	0.9144544	0.009975468	0.0	0.0	0.009889906	0.019957382	0.006605702	0.0	0.0033088236	0.0033270912	0.0	0.0	0.0
ERR9612726	3	Homo sapiens	0.0	0.0	0.0	0.0032221247	0.0	0.0	0.0	0.0	0.0013044003	0.0031638418	0.008461333	0.93412113	0.009866963	0.0	0.0	0.0066287243	0.016666668	0.006626728	0.0	0.003271433	0.0	0.0	0.0	0.006666667
ERR9612727	3	Homo sapiens	0.0033302063	0.0	0.0	0.0032221247	0.0032718894	0.0	0.0	0.0	0.010296782	0.0039891116	0.011309571	0.8986235	0.006666667	0.0	0.0	0.009889906	0.02170139	0.014617725	0.0	0.0066406233	0.0033270912	0.0	0.0	0.003113411
ERR9612728	3	Homo sapiens	0.0033333334	0.0	0.0	0.006504361	0.0	0.0	0.0	0.0	0.0025249913	0.0007542182	0.025997072	0.89529705	0.0065683564	0.0	0.0	0.0033049511	0.027347494	0.021718541	0.0	0.003271433	0.0033270912	0.0	0.0	5.1097086e-05
ERR9612729	3	Homo sapiens	0.009931046	0.0	0.0	0.0027225132	0.0	0.0	0.0	0.0	0.011476291	0.0095245	0.036198273	0.8342224	0.019500466	0.0	0.0	0.009940299	0.029751519	0.013107725	0.0	0.009883733	0.0066541703	0.0	0.0	0.0070871036
ERR9612730	3	Homo sapiens	0.00993096	0.0	0.0	0.013066855	0.0032900835	0.0	0.0	0.0	0.016090503	0.0011003236	0.02209012	0.8495366	0.01845263	0.0	0.0	0.00986439	0.019792102	0.0065711634	0.003330244	0.013191512	0.0033270912	0.0	0.0	0.010365398
ERR9612731	3	Homo sapiens	0.009993781	0.0	0.0	0.012625291	0.003324074	0.0	0.0	0.0	0.020364415	0.0030059272	0.043888636	0.794359	0.026378779	0.0	0.0	0.023182683	0.029903509	0.0065181907	0.0033301797	0.006622765	0.009981267	0.0	0.0	0.0065214485
ERR9612732	3	Homo sapiens	0.01331743	0.0	0.0	0.0	0.003301775	0.0	0.0	0.0	0.018931797	0.00311315	0.05467686	0.8015246	0.026334424	0.0	0.0	0.013243099	0.032958977	0.006666667	0.0033238367	0.0	0.009972521	0.0	0.0	0.0126349125
ERR9612733	3	Homo sapiens	0.0033333334	0.0	0.0	0.006526286	0.0	0.0	0.0	0.0	0.025830163	0.0071468987	0.027525384	0.80494934	0.022949878	0.0	0.0031574317	0.0066352487	0.03646917	0.023290373	0.0066510336	0.0033079847	0.003327126	0.0	0.0	0.018900322
ERR9612734	3	Homo sapiens	0.0033333334	0.0	0.0	0.0033133733	0.0	0.0	0.0	0.0	0.025870016	0.006420428	0.018908398	0.8173868	0.013110734	0.0	0.003163993	0.013178116	0.039701633	0.009948095	0.009936325	0.013270591	0.0033270912	0.0	0.0	0.019131074
ERR9612735	3	Homo sapiens	0.0	0.0	0.0	0.006408215	0.0	0.0	0.0	0.0	0.0	0.0	0.006377537	0.950826	0.0	0.0	0.0	0.0032546883	0.0066108527	0.006624942	0.0	0.019897753	0.0	0.0	0.0	0.0
ERR9612736	3	Homo sapiens	0.0	0.0	0.0	0.0	0.0	0.0	0.0	0.0	0.0033333334	0.0	0.018213322	0.93487054	0.009654009	0.0	0.0	0.0065718517	0.009908172	0.0	0.0	0.016540918	0.0	0.0	0.0	0.0009078751
ERR9612737	3	Homo sapiens	0.0	0.0	0.0	0.0	0.0	0.0	0.0	0.0	0.0	0.003019344	0.0	0.96718454	0.003324005	0.0	0.0	0.0	0.016599203	0.0033026114	0.0	0.0065703145	0.0	0.0	0.0	0.0
ERR9612738	3	Homo sapiens	0.0033333334	0.0	0.0	0.0063888887	0.0	0.0	0.0	0.0	0.022396734	0.011228286	0.02386647	0.8202293	0.012496101	0.0	0.0	0.01976984	0.016516967	0.02656095	0.009933497	0.012714076	0.003327097	0.0	0.0	0.011238484
ERR9612739	3	Homo sapiens	0.0	0.0	0.0	0.0	0.0	0.0	0.0	0.0	0.0031869472	0.0	0.0	0.9869914	0.006531349	0.0	0.0	0.0	0.0	0.0	0.0	0.0032902828	0.0	0.0	0.0	0.0
ERR9612740	3	Homo sapiens	0.009994058	0.0	0.0	0.0032221247	0.0	0.0	0.0	0.0	0.0	0.005752269	0.0094705	0.92208874	0.009790683	0.0	0.0	0.009964381	0.013170716	0.0	0.0	0.009892244	0.0066542807	0.0	0.0	0.0
ERR9612741	3	Homo sapiens	0.009996908	0.0	0.003029792	0.01638052	0.0	0.0	0.0013933657	0.0	0.033258304	0.08040854	0.036828894	0.5767503	0.05467783	0.0	0.013096209	0.013241913	0.026520949	0.0512753	0.0066572386	0.026468348	0.0033240223	0.0	0.0049607586	0.041730843
ERR9612742	3	Homo sapiens	0.0033333334	0.0	0.0	0.0031423455	0.0	0.0	0.0	0.0	0.003189319	0.0	0.0096224705	0.9444372	0.006533685	0.0	0.0	0.0	0.006599818	0.0	0.00332705	0.019814797	0.0	0.0	0.0	0.0
ERR9612743	3	Homo sapiens	0.0	0.0	0.0	0.0	0.0	0.0	0.0	0.0	0.0	0.0	0.002810329	0.9776149	0.009752034	0.0	0.0	0.0	0.003236842	0.0	0.0	0.0065859165	0.0	0.0	0.0	0.0
ERR9612744	3	Homo sapiens	0.013327206	0.0	0.0	0.0	0.0	0.0	0.0	0.0	0.012895526	0.0	0.00987556	0.89431804	0.01636895	0.0	0.0	0.003320849	0.01647729	0.0033333334	0.009990653	0.013264237	0.0066477973	0.0	0.0	0.00018057309
ERR9612745	3	Homo sapiens	0.013323932	0.0	0.0	0.006448741	0.0	0.0	0.0	0.0	0.012959371	0.017688753	0.022115583	0.86138034	0.016215563	0.0	0.0	0.009968877	0.016666668	0.0033192423	0.0033270735	0.01326519	0.0033206712	0.0	0.0	0.0
ERR9612746	3	Homo sapiens	0.0	0.0	0.0	0.0	0.0	0.0	0.0	0.0	0.0	0.0	0.009564884	0.9804788	0.0033208607	0.0	0.0	0.0	0.0	0.0	0.0	0.006635461	0.0	0.0	0.0	0.0
ERR9612747	3	Homo sapiens	0.0033333334	0.0	0.0	0.0032936144	0.0	0.0	0.0	0.0	0.006375353	0.005883585	0.0061848965	0.9285077	0.009950526	0.0	0.0	0.0032546883	0.016580803	0.006641791	0.0	0.0	0.003327062	0.0	0.0	0.006666667
ERR9612748	3	Homo sapiens	0.006666667	0.0	0.0	0.0	0.0	0.0	0.0	0.0	0.0064518303	0.0	0.015708562	0.9212928	0.0033134816	0.0	0.0	0.0033333334	0.026666667	0.006578171	0.0	0.0066551636	0.0	0.0	0.0	0.0033333334
ERR9612749	3	Homo sapiens	0.039878424	0.0	0.0	0.011844839	0.0033333334	0.0	0.0	0.0	0.044751413	0.045067813	0.02581394	0.63698304	0.016373541	0.0	0.0033197235	0.02655721	0.03220487	0.04631928	0.013317615	0.009956089	0.0066539636	0.0	0.0	0.037624896
ERR9612750	3	Homo sapiens	0.019986194	0.0	0.002583874	0.012596226	0.0066630114	0.0	0.0	0.0	0.05581341	0.045284096	0.03555335	0.6719319	0.015747808	0.0	0.0	0.02	0.012955356	0.026657641	0.016597025	0.016601754	0.013280802	0.0	0.0	0.027747512
ERR9612751	3	Homo sapiens	0.003330247	0.0	0.0	0.0063795615	0.0	0.0	0.0	0.0	0.009648736	0.0030059272	0.024774484	0.8832885	0.009774612	0.0	0.0	0.013321788	0.009908172	0.009987801	0.0066602686	0.0099387895	0.009981118	0.0	0.0	0.0
ERR9612752	3	Homo sapiens	0.0	0.0	0.0	0.009907792	0.0	0.0	0.0	0.0	0.009873728	0.0	0.0061023887	0.90773815	0.0033096028	0.0	0.0	0.00995667	0.013275972	0.009942584	0.009990591	0.009927496	0.009975003	0.0	0.0	0.0
ERR9612753	3	Homo sapiens	0.0	0.0	0.0	0.0	0.0	0.0	0.0	0.0	0.0032835822	0.0029589871	0.01902931	0.9210455	0.009824529	0.0	0.0	0.019835593	0.0066461586	0.009848204	0.0	0.0	0.0	0.0	0.0	0.0075281546
ERR9612754	3	Homo sapiens	0.003330292	0.0	0.0	0.0	0.0	0.0	0.0	0.0	0.0052421144	0.005978331	0.010847522	0.90502566	0.0032371506	0.0	0.0032886334	0.019834775	0.013333334	0.016592097	0.0	0.0066390974	0.0066509997	0.0	0.0	0.0
ERR9612755	3	Homo sapiens	0.009996305	0.0	0.0	0.0033056836	0.0	0.0	0.0	0.0	0.031515587	0.02101212	0.06782319	0.7331396	0.019642197	0.0	0.0	0.006614721	0.026289785	0.016560376	0.016619347	0.019870745	0.009981169	0.0	0.0	0.017629188
ERR9612756	3	Homo sapiens	0.013333334	0.0	0.0	0.013166395	0.0	0.0	0.0	0.0	0.052392088	0.016932972	0.0361674	0.7613599	0.024701087	0.0	0.0	0.026566384	0.019423842	0.0	0.0066542174	0.013308596	0.0033271087	0.0	0.0	0.012666708
ERR9612757	3	Homo sapiens	0.06983692	0.0	0.0	0.009573305	0.016649624	0.0	0.0	0.0	0.06302883	0.08677294	0.077065475	0.52073497	0.03882983	0.0	0.0065315315	0.019919787	0.013117492	0.01	0.02327653	0.0066156853	0.0066385563	0.0	0.0	0.031408504
ERR9612758	3	Homo sapiens	0.06986083	0.0	0.0	0.012946594	0.013071641	0.0	0.0	0.0	0.08036781	0.04479071	0.055111077	0.57211685	0.036059752	0.0	0.0033333334	0.0099812	0.009817172	0.02320947	0.0033333334	0.0	0.013299493	0.0	0.0	0.052700754
ERR9612759	3	Homo sapiens	0.016660385	0.0	0.0	0.0033333334	0.0	0.0	0.0	0.0	0.022802271	0.009076843	0.031948064	0.7861105	0.023116978	0.0	0.0	0.029894954	0.013278338	0.049798377	0.0033271145	0.0066192895	0.0	0.0	0.0	0.0040335245
ERR9612760	3	Homo sapiens	0.006663489	0.0	0.0	0.0033136632	0.0	0.0	0.0	0.0	0.029612876	0.009136921	0.011876647	0.77361935	0.029682606	0.0	0.0	0.01651194	0.023120558	0.06647079	0.0	0.013129612	0.0066540632	0.0	0.0	0.010207501
ERR9612761	3	Homo sapiens	0.01	0.0	0.0	0.003248253	0.0	0.0	0.0	0.0	0.017513834	0.0007000394	0.026281534	0.7747235	0.01633283	0.0	0.0032146038	0.01991263	0.006666667	0.073106594	0.0033302268	0.033105828	0.009978083	0.0	0.0	0.0018854337
ERR9612762	3	Homo sapiens	0.006658947	0.0	0.0	0.00973332	0.0033333334	0.0	0.0	0.0	0.016316136	0.0061314255	0.013942498	0.8323125	0.009719327	0.0	0.0	0.0033333334	0.013206979	0.043265298	0.0033302298	0.01873547	0.009981177	0.0	0.0	0.01
ERR9612763	3	Homo sapiens	0.0	0.0	0.0	0.006593274	0.0	0.0	0.0	0.0	0.0032134294	0.0	0.022612136	0.9126547	0.003214509	0.0	0.0	0.0066382843	0.013233754	0.009899785	0.0	0.019788347	0.0	0.0	0.0	0.0021517996
ERR9612764	3	Homo sapiens	0.0	0.0	0.0	0.0	0.0	0.0	0.0	0.0	0.004708249	0.0	0.012711195	0.9245434	0.019756	0.0	0.0	0.006631081	0.013273328	0.015079277	0.0	0.0032974589	0.0	0.0	0.0	0.0
ERR9612765	3	Homo sapiens	0.0033333334	0.0	0.0	0.00946388	0.006493581	0.0	0.0	0.0	0.014226307	0.0029434378	0.0212631	0.78501767	0.029054454	0.0	0.0	0.026657332	0.013261212	0.059509013	0.006657249	0.006660595	0.009974805	0.0	0.0	0.0054840525
ERR9612766	3	Homo sapiens	0.00326742	0.0	0.0	0.0033080569	0.006666667	0.0	0.0	0.0	0.012797901	0.013648659	0.012754955	0.75629896	0.0099413805	0.0	0.0032146038	0.049878653	0.034798928	0.037985478	0.009990782	0.023152301	0.013292793	0.0	0.0	0.0090024695
ERR9612767	3	Homo sapiens	0.0	0.0	0.0	0.0	0.0	0.0	0.0	0.0	0.0064956034	0.0030695943	0.0126426	0.9178987	0.006629936	0.0	0.0	0.013216536	0.006666667	0.019867266	0.0	0.0066511338	0.0033271548	0.0	0.0	0.0035348246
ERR9612768	3	Homo sapiens	0.0033302384	0.0	0.0	0.0	0.0	0.0	0.0	0.0	0.009794542	0.0029292929	0.015740372	0.8905572	0.01976572	0.0	0.0	0.0065784575	0.019957382	0.019865775	0.0	0.009895131	0.0	0.0	0.0	0.0015858454
ERR9612769	3	Homo sapiens	0.003330292	0.0	0.0	0.0	0.0	0.0	0.0	0.0	0.0	0.009418505	0.0027747466	0.9262761	0.009738047	0.0	0.0	0.009933593	0.02319802	0.013303591	0.0	0.0	0.0	0.0	0.0	0.0020271318
ERR9612770	3	Homo sapiens	0.0	0.0	0.0	0.0032829714	0.0	0.0	0.0	0.0	0.0032713178	0.0029536956	0.02278387	0.9090062	0.011943776	0.0	0.0	0.006573988	0.00658443	0.019823352	0.0	0.0033278496	0.006654044	0.0	0.0	0.0037945302
ERR9612771	3	Homo sapiens	0.0033302947	0.0	0.0	0.0032140727	0.0	0.0	0.0	0.0	0.008510729	0.0045194165	0.009418462	0.83331126	0.0130210845	0.0	0.0031914222	0.013213707	0.023214975	0.062972255	0.0033301343	0.0132494215	0.0033178295	0.0	0.0	0.0021849098
ERR9612772	3	Homo sapiens	0.0033333334	0.0	0.0	0.0065182066	0.0	0.0	0.0	0.0	0.0033082706	0.0	0.012773697	0.861696	0.013121647	0.0	0.0031914222	0.006635131	0.02637298	0.029852921	0.0	0.013150263	0.01661991	0.0	0.0	0.0034262342
ERR9612773	3	Homo sapiens	0.0033333334	0.0	0.0	0.0032220162	0.0	0.0	0.0	0.0	0.006557921	0.00629813	0.009351412	0.8727798	0.013187418	0.0	0.0	0.0066636307	0.023327086	0.023329452	0.0032853486	0.019967157	0.0033272838	0.0	0.0	0.005370045
ERR9612774	3	Homo sapiens	0.0033333334	0.0	0.0	0.0063961605	0.0	0.0	0.0	0.0	0.0033333334	0.005545053	0.012039637	0.9012789	0.0032931354	0.0	0.0	0.0032977145	0.023266485	0.01660584	0.0	0.009910301	0.0	0.0	0.0	0.011700087
ERR9612775	3	Homo sapiens	0.02666353	0.0	0.0	0.016214715	0.006666667	0.0	0.0	0.0	0.042505138	0.035248112	0.06290739	0.650563	0.04503792	0.0	0.0	0.026647033	0.006666667	0.013199238	0.0065882076	0.02943447	0.009971894	0.0	0.0	0.021686021
ERR9612776	3	Homo sapiens	0.026660334	0.0	0.0	0.0066509135	0.0	0.0	0.0	0.0	0.029543087	0.033815697	0.050651994	0.6846586	0.03292061	0.0	0.0	0.026620608	0.022908118	0.009963065	0.013305379	0.023238624	0.0033270023	0.0	0.0	0.03573597
ERR9612777	3	Homo sapiens	0.0	0.0	0.0	0.0	0.0	0.0	0.0	0.0	0.0	0.0027677403	0.009597445	0.96464646	0.0031467662	0.0	0.0	0.0032725062	0.0033333334	0.0032762992	0.0	0.009959481	0.0	0.0	0.0	0.0
ERR9612778	3	Homo sapiens	0.0	0.0	0.0	0.0	0.0	0.0	0.0	0.0	0.0033333334	0.0	0.011392736	0.9525497	0.019479526	0.0	0.0	0.0	0.0033333334	0.0032485076	0.0	0.0033333334	0.0	0.0	0.0	0.0033295539
ERR9612779	3	Homo sapiens	0.006655054	0.0	0.0	0.01943307	0.0	0.0	0.0	0.0	0.047074344	0.025795264	0.03335041	0.7819671	0.026418893	0.0	0.0	0.009981182	0.016574474	0.006654147	0.0	0.009957666	0.0033271029	0.0	0.0	0.0128113115
ERR9612780	3	Homo sapiens	0.0066571245	0.0	0.0	0.016428044	0.0	0.0	0.0	0.0	0.043291826	0.020161767	0.022851668	0.7617193	0.016400756	0.0	0.0	0.026654016	0.03222449	0.0131383985	0.009984376	0.006650898	0.0033269539	0.0	0.0	0.02051037
ERR9612781	3	Homo sapiens	0.006666667	0.0	0.0	0.0033333334	0.0033224958	0.0	0.0	0.0	0.012602755	0.0	0.006345524	0.8719135	0.01973728	0.0	0.0	0.009883731	0.023272576	0.019960081	0.003327149	0.013235785	0.0	0.0	0.0	0.0063991486
ERR9612782	3	Homo sapiens	0.0033333334	0.0	0.0	0.0033164558	0.0	0.0	0.0	0.0	0.0065114414	0.008033345	0.017173719	0.89576703	0.00980677	0.0	0.0	0.01	0.009876325	0.006666667	0.0	0.016597392	0.0033270852	0.0	0.0	0.009590457
ERR9612783	3	Homo sapiens	0.0033333334	0.0	0.0	0.013159152	0.0	0.0	0.0	0.0	0.020926762	0.014890779	0.009163041	0.8092309	0.026328512	0.0	0.0	0.013271023	0.044834595	0.013231238	0.0033271317	0.006568892	0.0033270912	0.0	0.0	0.018407533
ERR9612784	3	Homo sapiens	0.0033333334	0.0	0.0	0.0032984128	0.0	0.0	0.0	0.0	0.02927619	0.00925805	0.009057132	0.83088714	0.019728055	0.0	0.0	0.009954151	0.042973936	0.013286643	0.0	0.009860458	0.0	0.0	0.0	0.019086529
ERR9612785	3	Homo sapiens	0.0033333334	0.0	0.0	0.0	0.0	0.0	0.0	0.0	0.0064958334	0.0	0.015584426	0.92493	0.016447091	0.0	0.0033333334	0.0033333334	0.009932536	0.0033333334	0.0033209762	0.006622505	0.0	0.0	0.0	0.0033333334
ERR9612786	3	Homo sapiens	0.006660639	0.0	0.0	0.0032936144	0.0	0.0	0.0	0.0	0.0049322834	0.0029589871	0.015933363	0.8951743	0.021235999	0.0	0.0	0.0033049511	0.023306452	0.016547307	0.0	0.0066521	0.0	0.0	0.0	0.0
ERR9612787	3	Homo sapiens	0.0533028	0.0	0.0	0.00996093	0.0066066068	0.0	0.0	0.0	0.05437096	0.03084518	0.040096886	0.7033166	0.009842285	0.0	0.0	0.0033290337	0.026557477	0.0065423064	0.006651055	0.013260747	0.0	0.0	0.0	0.035317082
ERR9612788	3	Homo sapiens	0.04663861	0.0	0.0	0.026197162	0.006666667	0.0	0.0	0.0	0.043777402	0.048641786	0.0351102	0.680366	0.0032752722	0.0	0.0	0.009990859	0.01615572	0.019919975	0.0033333334	0.013264613	0.003326972	0.0	0.0	0.04333543
ERR9612789	3	Homo sapiens	0.009996902	0.0	0.0	0.013135057	0.0033333334	0.0	0.0	0.0	0.01659459	0.020832377	0.032015283	0.7693614	0.0032738096	0.0	0.0	0.003251515	0.009980383	0.053079907	0.006660465	0.033135153	0.019962696	0.0	0.0	0.005387128
ERR9612790	3	Homo sapiens	0.01	0.0	0.0	0.00977651	0.0	0.0	0.0	0.0	0.016530965	0.0033333334	0.025383893	0.79107946	0.016164374	0.0	0.0	0.019915452	0.01649477	0.043177117	0.009987014	0.02639125	0.0033114653	0.0	0.0	0.008454388
ERR9612791	3	Homo sapiens	0.0033302384	0.0	0.0	0.0	0.0	0.0	0.0	0.0	0.008236069	0.004674904	0.009726414	0.9245317	0.009746749	0.0	0.0	0.003235294	0.01323818	0.0066247378	0.0033270735	0.006632555	0.0066541512	0.0	0.0	4.192872e-05
ERR9612792	3	Homo sapiens	0.0033333334	0.0	0.0	0.0032140727	0.0	0.0	0.0	0.0	0.0065903543	0.0	0.018469619	0.8970735	0.013241337	0.0	0.0	0.016519904	0.0132448375	0.0033271145	0.009987439	0.013272923	0.0	0.0	0.0	0.0017255852
ERR9612793	3	Homo sapiens	0.0	0.0	0.0	0.0	0.0	0.0	0.0	0.0	0.0032922938	0.0	0.008990323	0.9418752	0.0066166352	0.0	0.0	0.0066539706	0.0065357033	0.013333334	0.0033271317	0.0033151184	0.0033272838	0.0	0.0	0.002732968
ERR9612794	3	Homo sapiens	0.003330292	0.0	0.0	0.0066203703	0.0	0.0	0.0	0.0	0.0	0.005978331	0.003279326	0.9343582	0.0	0.0	0.0	0.013311039	0.01659104	0.00989823	0.0	0.003306036	0.0033271548	0.0	0.0	0.0
ERR9612795	3	Homo sapiens	0.0	0.0	0.0	0.0	0.0	0.0	0.0	0.0	0.0060285926	0.0	0.018724006	0.92137915	0.014365301	0.0	0.0	0.0033220234	0.01	0.019818807	0.0033209762	0.0	0.0	0.0	0.0	0.0030411193
ERR9612796	3	Homo sapiens	0.0	0.0	0.0	0.0032140727	0.0	0.0	0.0	0.0	0.0	0.0029292929	0.012897597	0.88882375	0.013159046	0.0	0.0	0.023145072	0.026526684	0.016476575	0.003327149	0.0033302582	0.0	0.0	0.0	0.0061705317
ERR9612797	3	Homo sapiens	0.0	0.0	0.0	0.0032829714	0.0	0.0	0.0	0.0	0.0033169973	0.0027677403	0.0	0.9642341	0.0	0.0	0.0	0.003271946	0.013193639	0.0033333334	0.0	0.006599279	0.0	0.0	0.0	0.0
ERR9612798	3	Homo sapiens	0.0	0.0	0.0	0.0	0.0	0.0	0.0	0.0	0.0	0.0	0.0030602957	0.9870858	0.0031872147	0.0	0.0	0.0033333334	0.0	0.0033333334	0.0	0.0	0.0	0.0	0.0	0.0
ERR9612799	3	Homo sapiens	0.009990712	0.0	0.0	0.0	0.0	0.0	0.0	0.0	0.0031981983	0.0029647965	0.016949961	0.8685381	0.00989068	0.0	0.0	0.016499901	0.019788716	0.026666667	0.0033301527	0.018848807	0.0	0.0	0.0	0.0033333334
ERR9612800	3	Homo sapiens	0.019926498	0.0	0.0	0.00636844	0.0033333334	0.0	0.0	0.0	0.0	0.0029647965	0.022103073	0.8440049	0.019671995	0.0	0.0	0.009972603	0.013209659	0.026510358	0.009970848	0.0098124435	0.006654435	0.0	0.0	0.005496599
ERR9612801	3	Homo sapiens	0.029978096	0.0	0.0	0.016637495	0.0033333334	0.0	0.0	0.0	0.0108736055	0.013220868	0.022560278	0.77440935	0.013029796	0.0	0.0032146038	0.023227675	0.039962728	0.03318582	0.0	0.006652711	0.00664782	0.0	0.0	0.003065815
ERR9612802	3	Homo sapiens	0.016660541	0.0	0.0	0.009970828	0.0	0.0	0.0	0.0	0.014925723	0.019190872	0.016112383	0.79225636	0.008308714	0.0	0.0	0.009907322	0.03610236	0.04664332	0.006641865	0.0066320756	0.00998097	0.0	0.0	0.006666667
ERR9612803	3	Homo sapiens	0.0	0.0	0.0	0.0	0.0	0.0	0.0	0.0	0.0032073208	0.004208576	0.0110134445	0.93581045	0.013049093	0.0	0.0	0.0065953527	0.009832747	0.0065992028	0.0033206951	0.0032972973	0.0	0.0	0.0	0.003065815
ERR9612804	3	Homo sapiens	0.0	0.0	0.0	0.0033068217	0.0	0.0	0.0	0.0	0.0	0.005483886	0.0032757537	0.9486142	0.0062559657	0.0	0.0	0.0065815616	0.013222164	0.0065992028	0.006660488	0.0	0.0	0.0	0.0	0.0
ERR9612805	3	Homo sapiens	0.0	0.0	0.0	0.015884995	0.0	0.0	0.0	0.0	0.017254397	0.0037735621	0.012643816	0.85234994	0.013267606	0.0	0.006547937	0.016477548	0.041689336	0.009874226	0.0033302668	0.0	0.0033206712	0.0	0.0	0.0035857079
ERR9612806	3	Homo sapiens	0.0	0.0	0.0	0.0032221247	0.0	0.0	0.0	0.0	0.015662475	0.0007542182	0.025763264	0.89535016	0.0065701148	0.0	0.0	0.006623853	0.019967597	0.013097542	0.0	0.0066113537	0.0033114653	0.0	0.0	0.003065815
ERR9612807	3	Homo sapiens	0.0	0.0	0.0	0.0	0.0	0.0	0.0	0.0	0.0032134294	0.0	0.0064669983	0.9770388	0.006617192	0.0	0.0	0.0	0.0	0.0033333334	0.003330244	0.0	0.0	0.0	0.0	0.0
ERR9612808	3	Homo sapiens	0.0	0.0	0.0	0.0	0.0	0.0	0.0	0.0	0.0065222303	0.0	0.015688205	0.9181326	0.016516129	0.0	0.0	0.013237067	0.01	0.00995116	0.0	0.009952605	0.0	0.0	0.0	0.0
ERR9612809	3	Homo sapiens	0.0033333334	0.0	0.0	0.016305104	0.0	0.0	0.0	0.0	0.026363697	0.014165242	0.027031774	0.7255329	0.009725996	0.0	0.0033333334	0.026428197	0.075931326	0.038313076	0.009978165	0.0033270263	0.003320659	0.0	0.0	0.016910207
ERR9612810	3	Homo sapiens	0.0	0.0	0.0	0.016869467	0.0	0.0	0.0	0.0	0.030950816	0.010903958	0.017819323	0.73913234	0.025265392	0.0	0.0	0.026562909	0.054566015	0.05489359	0.0033272058	0.0	0.0033114653	0.0	0.0	0.01639752
ERR9612811	3	Homo sapiens	0.0	0.0	0.0	0.0	0.0	0.0	0.0	0.0	0.0019702252	0.0	0.010892564	0.96065384	0.00655358	0.0	0.0	0.0033333334	0.0033333334	0.0	0.0	0.013263132	0.0	0.0	0.0	0.0
ERR9612812	3	Homo sapiens	0.0033270558	0.0	0.0	0.0031423455	0.0	0.0	0.0	0.0	0.0032134294	0.0	0.0062031527	0.95791703	0.0	0.0	0.0	0.0	0.016513256	0.006617916	0.0	0.0	0.0	0.0	0.0	0.003065815
ERR9612813	3	Homo sapiens	0.0033333334	0.0	0.0	0.0	0.0	0.0	0.0	0.0	0.0	0.0	0.0065832343	0.9768785	0.0	0.0	0.0	0.0032546883	0.006666667	0.0	0.0	0.0032835356	0.0	0.0	0.0	0.0
ERR9612814	3	Homo sapiens	0.00326742	0.0	0.0	0.0	0.0	0.0	0.0	0.0	0.0	0.0	0.0025711383	0.97755414	0.0033208607	0.0	0.0	0.0	0.006666667	0.0	0.0	0.0066197733	0.0	0.0	0.0	0.0
ERR9612815	3	Homo sapiens	0.0099931955	0.0	0.0	0.008704272	0.0	0.0	0.0	0.0	0.005609275	0.009319988	0.06312675	0.781421	0.009907109	0.0	0.0032909862	0.009958479	0.016666668	0.0032843587	0.006663489	0.052749135	0.009981325	0.0	0.0	0.009323984
ERR9612816	3	Homo sapiens	0.0033301497	0.0	0.0	0.0056731356	0.0	0.0	0.0	0.0	0.012419111	0.0027677403	0.059305046	0.75268793	0.016403086	0.0	0.0	0.00660722	0.019849343	0.006614302	0.00665402	0.09255422	0.006654252	0.0	0.0	0.008480442
ERR9612817	3	Homo sapiens	0.005824758	0.0	0.0	0.0	0.0	0.0	0.0	0.0	0.003189319	0.00070180977	0.006091069	0.95783645	0.009851266	0.0	0.0	0.0	0.0066240486	0.0032448377	0.0	0.006636454	0.0	0.0	0.0	0.0
ERR9612818	3	Homo sapiens	0.0	0.0	0.0	0.0	0.0	0.0	0.0	0.0	0.0032509158	0.0	0.009433957	0.96096885	0.0031588133	0.0	0.0	0.0032546883	0.0033333334	0.0033333334	0.0	0.013266084	0.0	0.0	0.0	0.0
ERR9612819	3	Homo sapiens	0.0	0.0	0.0	0.0033068217	0.0	0.0	0.0	0.0	0.0	0.0029589871	0.00637936	0.95745915	0.009963269	0.0	0.0	0.0	0.0033333334	0.0066604186	0.0	0.00661135	0.0033272838	0.0	0.0	0.0
ERR9612820	3	Homo sapiens	0.0	0.0	0.0	0.0032221247	0.0	0.0	0.0	0.0	0.0	0.0	0.009328083	0.94472975	0.0065307696	0.0	0.0	0.0	0.009805482	0.0098001715	0.003330244	0.013253394	0.0	0.0	0.0	0.0
ERR9612821	3	Homo sapiens	0.0	0.0	0.0	0.0032936144	0.0	0.0	0.0	0.0	0.003189319	0.0	0.006249016	0.960849	0.0032190133	0.0	0.0	0.0033090687	0.006666667	0.0032448377	0.003330244	0.0066492236	0.0	0.0	0.0	0.0
ERR9612822	3	Homo sapiens	0.0	0.0	0.0	0.0	0.0	0.0	0.0	0.0	0.0	0.0	0.012736923	0.967289	0.0	0.0	0.0	0.0	0.01	0.0	0.0	0.009974129	0.0	0.0	0.0	0.0
ERR9612823	3	Homo sapiens	0.003330247	0.0	0.0	0.0032221247	0.0	0.0	0.0	0.0	0.015216272	0.006116096	0.019192396	0.8859093	0.0042234855	0.0	0.0033333334	0.006635774	0.023039563	0.013139979	0.0033272058	0.009980855	0.0	0.0	0.0	0.0033333334
ERR9612824	3	Homo sapiens	0.0033333334	0.0	0.0	0.013076112	0.0	0.0	0.0	0.0	0.008982285	0.0053565283	0.022630733	0.8640811	0.0074153882	0.0	0.0	0.0	0.03325216	0.019866422	0.0	0.006623647	0.006648125	0.0	0.0	0.008734207
ERR9612825	3	Homo sapiens	0.04979731	0.0	0.0	0.009740061	0.0	0.0	0.0	0.0	0.06712532	0.08451201	0.040042534	0.63115513	0.008992484	0.0	0.0	0.009993833	0.019802295	0.0032484848	0.013299002	0.006623615	0.0033273916	0.0	0.0	0.052340522
ERR9612826	3	Homo sapiens	0.059808694	0.0	0.0	0.0063851336	0.0	0.0	0.0	0.0	0.048514277	0.08233916	0.06650719	0.63632965	0.025545925	0.0	0.0032859847	0.0	0.0063089156	0.01321772	0.0033302298	0.003324873	0.0066324645	0.0	0.0	0.03846977
ERR9612827	3	Homo sapiens	0.0	0.0	0.0	0.0	0.0	0.0	0.0	0.0	0.00654351	0.009102751	0.022315297	0.9241094	0.013047391	0.0	0.0	0.0	0.006666667	0.0	0.0	0.009975162	0.0033206712	0.0	0.0	0.004919179
ERR9612828	3	Homo sapiens	0.0	0.0	0.0	0.0	0.0033333334	0.0	0.0	0.0	0.0	0.0029590453	0.013045164	0.9210952	0.016538452	0.0	0.0	0.0033049511	0.013186909	0.013295382	0.0	0.013241588	0.0	0.0	0.0	0.0
ERR9612829	3	Homo sapiens	0.0	0.0	0.0	0.0	0.0	0.0	0.0	0.0	0.006353923	0.0029589871	0.015718006	0.9386471	0.006654194	0.0	0.0	0.0066321627	0.016420208	0.00661543	0.0	0.0	0.0	0.0	0.0	0.0
ERR9612830	3	Homo sapiens	0.0	0.0	0.0	0.0	0.0	0.0	0.0	0.0	0.0	0.0	0.012660653	0.9508535	0.0	0.0	0.0	0.0066571063	0.0066495407	0.019851862	0.0	0.0	0.0033272838	0.0	0.0	0.0
ERR9612831	3	Homo sapiens	0.0	0.0	0.0	0.0032732317	0.0	0.0	0.0	0.0	0.0065554716	0.0	0.006449586	0.96382403	0.0033165072	0.0	0.0	0.009932713	0.0033333334	0.0	0.0	0.0033151184	0.0	0.0	0.0	0.0
ERR9612832	3	Homo sapiens	0.0	0.0	0.0	0.0032732317	0.0	0.0	0.0	0.0	0.0	0.0	0.002550704	0.9676139	0.003268379	0.0	0.0	0.009984194	0.0033333334	0.0066461395	0.0033301588	0.0	0.0	0.0	0.0	0.0
ERR9612833	3	Homo sapiens	0.006651142	0.0	0.0	0.0064717336	0.0	0.0	0.0	0.0	0.016320515	0.012021404	0.012777962	0.84690034	0.023123426	0.0	0.0	0.009783401	0.0033333334	0.02329169	0.0099845305	0.016565364	0.006642218	0.0	0.0	0.0061329613
ERR9612834	3	Homo sapiens	0.0066230935	0.0	0.0	0.006531171	0.0	0.0	0.0	0.0	0.012894548	0.011623052	0.019293802	0.81080484	0.013201004	0.0	0.0	0.009972992	0.01978267	0.039712656	0.0033303597	0.023122914	0.0066539925	0.0	0.0	0.01645292
ERR9612835	3	Homo sapiens	0.0033333334	0.0	0.0	0.0	0.0	0.0	0.0	0.0	0.0	0.0	0.018855369	0.93641114	0.0	0.0	0.0	0.0032977145	0.0066240486	0.006611367	0.0032853486	0.01320207	0.0033206712	0.0	0.0	0.0050589186
ERR9612836	3	Homo sapiens	0.0	0.0	0.0	0.003304161	0.0	0.0	0.0	0.0	0.0	0.0	0.009613522	0.9737685	0.0033192423	0.0	0.0	0.0	0.0033333334	0.0033333334	0.0	0.0033279308	0.0	0.0	0.0	0.0
ERR9612837	3	Homo sapiens	0.0	0.0	0.0	0.0032221247	0.0	0.0	0.0	0.0	0.0	0.0007889217	0.015278814	0.95437217	0.009780139	0.0	0.0	0.0032904018	0.009958741	0.0	0.0	0.0033087104	0.0	0.0	0.0	0.0
ERR9612838	3	Homo sapiens	0.0033333334	0.0	0.0	0.0065800534	0.0	0.0	0.0	0.0	0.0024069997	0.00188088	0.01366146	0.9222892	0.01377725	0.0	0.0	0.0033333334	0.0032474701	0.006578171	0.0033333334	0.016548704	0.0	0.0	0.0	0.003029792
ERR9612839	3	Homo sapiens	0.019996902	0.0	0.0	0.019266725	0.0	0.0	0.0	0.0	0.037687663	0.025844116	0.035545703	0.74104214	0.021595394	0.0	0.0	0.019924326	0.022669794	0.026599178	0.0064896108	0.01316132	0.0033268544	0.0	0.0	0.0068502803
ERR9612840	3	Homo sapiens	0.009936988	0.0	0.0	0.003310719	0.0	0.0	0.0	0.0	0.022496583	0.024215916	0.039316762	0.77193075	0.006558947	0.0	0.0	0.003322012	0.026288694	0.05327979	0.013317589	0.012951367	0.003327311	0.0	0.0	0.009746565
ERR9612841	3	Homo sapiens	0.039965317	0.0	0.0031379731	0.018551713	0.029839942	0.0	0.0	0.0	0.018908052	0.034026064	0.050314028	0.55957186	0.019795982	0.0	0.0070299753	0.023304215	0.014865072	0.021462988	0.049790874	0.013189115	0.006644435	0.0	0.0	0.08960241
ERR9612842	3	Homo sapiens	0.02665407	0.0	0.0	0.016007341	0.016491381	0.0	0.0	0.0	0.026234157	0.039405424	0.05670739	0.5361912	0.032895476	0.0	0.022129418	0.023161156	0.023059014	0.009864699	0.043161325	0.019885296	0.026576342	0.0	0.0	0.081576295
ERR9612843	3	Homo sapiens	0.013317836	0.0	0.0	0.01967195	0.0	0.0	0.0	0.0	0.025659932	0.012760045	0.035314705	0.73930025	0.055703454	0.0	0.0	0.013099478	0.04637281	0.0032448377	0.0066157086	0.009983874	0.006654229	0.0	0.0	0.012300915
ERR9612844	3	Homo sapiens	0.006657309	0.0	0.0	0.019531816	0.0	0.0	0.0	0.0	0.01963312	0.005586339	0.032871403	0.7697979	0.06262193	0.0	0.0	0.016526382	0.043136954	0.013234098	0.0	0.0	0.0033271087	0.0	0.0	0.00707561
ERR9612845	3	Homo sapiens	0.0033301557	0.0	0.0	0.0	0.0	0.0	0.0	0.0	0.0032612104	0.0078383675	0.03081891	0.8309913	0.012452437	0.0	0.0	0.016602512	0.019767798	0.036554854	0.0	0.023205593	0.006654489	0.0	0.0	0.00852237
ERR9612846	3	Homo sapiens	0.013324125	0.0	0.0	0.0	0.0	0.0	0.0	0.0	0.008313573	0.0064339223	0.036604967	0.82122606	0.013238039	0.0	0.0	0.013266915	0.01	0.036485575	0.0033270852	0.019317642	0.009981632	0.0	0.0	0.008480442
ERR9612847	3	Homo sapiens	0.003330292	0.0	0.0	0.0066003925	0.0	0.0	0.0	0.0	0.016305959	0.0029434378	0.0094674565	0.8914918	0.01321472	0.0	0.0033333334	0.009907322	0.019940255	0.013278034	0.003330244	0.0066245254	0.0	0.0	0.0	0.00023225417
ERR9612848	3	Homo sapiens	0.00326742	0.0	0.0	0.0065469965	0.0	0.0	0.0	0.0	0.009869486	0.0	0.012293541	0.88879657	0.009866899	0.0	0.0	0.009871213	0.02959531	0.01661245	0.0	0.0066259857	0.0066541056	0.0	0.0	0.0
ERR9612849	3	Homo sapiens	0.0033333334	0.0	0.0	0.0032140727	0.0	0.0	0.0	0.0	0.006344404	0.0	0.015801605	0.9451134	0.012987127	0.0	0.0	0.0	0.0	0.0	0.0	0.013206018	0.0	0.0	0.0	0.0
ERR9612850	3	Homo sapiens	0.0	0.0	0.0	0.0	0.0	0.0	0.0	0.0	0.013099627	0.0	0.012444039	0.9382069	0.01964929	0.0	0.0	0.0032833489	0.0	0.0033333334	0.0	0.009983472	0.0	0.0	0.0	0.0
ERR9612851	3	Homo sapiens	0.01	0.0	0.0	0.025985818	0.0033333334	0.0	0.0	0.0	0.009618883	0.0068413117	0.045497462	0.7845702	0.026197582	0.0	0.0	0.016607914	0.04855071	0.0033333334	0.0033148148	0.006587697	0.0	0.0	0.0	0.009560895
ERR9612852	3	Homo sapiens	0.009934086	0.0	0.0031379731	0.00309767	0.006636996	0.0	0.0	0.0	0.028285326	0.0031127012	0.035174392	0.7789474	0.016400516	0.0	0.0	0.033206787	0.036224317	0.013320719	0.00998451	0.013273997	0.0	0.0	0.0	0.0092626065
ERR9612853	3	Homo sapiens	0.006625928	0.0	0.0	0.009939555	0.0	0.0	0.0	0.0	0.012932335	0.020253744	0.020246087	0.73979306	0.006567512	0.0	0.0	0.056439977	0.016510433	0.06549026	0.019935632	0.009937749	0.0033238993	0.0	0.0	0.0120038325
ERR9612854	3	Homo sapiens	0.0	0.0	0.0	0.013151663	0.0	0.0	0.0	0.0	0.017614385	0.009495777	0.013732503	0.75152266	0.017578755	0.0	0.0030819366	0.0397573	0.01	0.07303483	0.0066543096	0.009889772	0.01995039	0.0	0.0	0.014535712
ERR9612855	3	Homo sapiens	0.0	0.0	0.0	0.006560269	0.0030382161	0.0	0.0	0.0	0.003259939	0.00311315	0.022698937	0.9092234	0.006559464	0.0	0.0	0.006626963	0.009979492	0.016539017	0.0	0.006604021	0.0	0.0	0.0	0.0057971436
ERR9612856	3	Homo sapiens	0.003330292	0.0	0.0	0.0	0.0	0.0	0.0	0.0	0.0	0.0058074724	0.0063330983	0.9261349	0.0032495512	0.0	0.0	0.009947378	0.008379367	0.018163845	0.0	0.009910141	0.0033270852	0.0	0.0	0.005416913
ERR9612857	3	Homo sapiens	0.0	0.0	0.0	0.0	0.0	0.0	0.0	0.0	0.006494977	0.006145774	0.009399973	0.9352022	0.016202383	0.0	0.0	0.0033333334	0.009932536	0.0	0.0	0.013288848	0.0	0.0	0.0	0.0
ERR9612858	3	Homo sapiens	0.0	0.0	0.0	0.0	0.0	0.0	0.0	0.0	0.0	0.0	0.012556739	0.92799115	0.019899912	0.0	0.0	0.00654509	0.0031388153	0.016608259	0.0	0.009932925	0.0033270912	0.0	0.0	0.0
ERR9612859	3	Homo sapiens	0.0066541554	0.0	0.0	0.009746121	0.0	0.0	0.0	0.0	0.009783947	0.0	0.009644761	0.9013497	0.016395418	0.0	0.0	0.0	0.006599818	0.0232763	0.0	0.016549766	0.0	0.0	0.0	0.0
ERR9612860	3	Homo sapiens	0.0	0.0	0.0	0.0	0.0	0.0	0.0	0.0	0.009730824	0.00594062	0.008992718	0.90587705	0.00644058	0.0	0.0	0.006623853	0.013256295	0.01663863	0.003327149	0.016511876	0.003327097	0.0	0.0	0.0033333334
ERR9612861	3	Homo sapiens	0.019977951	0.0	0.0	0.026078302	0.006493243	0.0	0.0	0.0	0.08701047	0.057464365	0.06916615	0.58635	0.038862117	0.0	0.0032518338	0.01657529	0.026394404	0.009969619	0.00998108	0.0	0.003324074	0.0	0.0	0.039101083
ERR9612862	3	Homo sapiens	0.029946083	0.0	0.003230517	0.025359038	0.0	0.0	0.0	0.0	0.08833311	0.052209698	0.055710487	0.5740398	0.03902783	0.0	0.0065857475	0.006635921	0.036514368	0.009905012	0.013311836	0.0066239736	0.006644594	0.0	0.0	0.045921978
ERR9612863	3	Homo sapiens	0.026581632	0.0	0.0	0.0066481824	0.0066580814	0.0	0.0	0.0	0.035163082	0.057366382	0.063415796	0.6845316	0.022440279	0.0	0.0	0.013278516	0.033001643	0.0132874455	0.013242215	0.0033333334	0.0033114653	0.0	0.0	0.017740324
ERR9612864	3	Homo sapiens	0.026597174	0.0	0.0024687627	0.008867964	0.009830111	0.0	0.0	0.0	0.07155109	0.033244763	0.06321264	0.664281	0.013101351	0.0	0.0033333334	0.009990859	0.013217097	0.01996272	0.01661456	0.006609953	0.0033270381	0.0	0.0	0.03378957
ERR9612865	3	Homo sapiens	0.003323917	0.0	0.0	0.0	0.0	0.0	0.0	0.0	0.0031869472	0.00311315	0.0	0.9838903	0.0	0.0	0.0	0.0	0.0032408263	0.0032448377	0.0	0.0	0.0	0.0	0.0	0.0
ERR9612866	3	Homo sapiens	0.0	0.0	0.0	0.0033103025	0.0	0.0	0.0	0.0	0.0	0.0	0.0	0.98680484	0.006576005	0.0	0.0	0.0	0.0	0.0	0.0	0.0033088236	0.0	0.0	0.0	0.0
ERR9612867	3	Homo sapiens	0.0033333334	0.0	0.0	0.006640155	0.0	0.0	0.0	0.0	0.0	0.0	0.02219231	0.9546403	0.0	0.0	0.0	0.0	0.0	0.0032448377	0.0033290735	0.0066199815	0.0	0.0	0.0	0.0
ERR9612868	3	Homo sapiens	0.0	0.0	0.0	0.0	0.0	0.0	0.0	0.0	0.0	0.0	0.003179669	0.95400035	0.009798239	0.0	0.0	0.0	0.013162555	0.0032762992	0.0	0.016582888	0.0	0.0	0.0	0.0
ERR9612869	3	Homo sapiens	0.0	0.0	0.0	0.0032870371	0.0	0.0	0.0	0.0	0.009721018	0.0033333334	0.013046337	0.8877495	0.006637708	0.0	0.0	0.009889995	0.01991998	0.023221523	0.0	0.019866604	0.0033269476	0.0	0.0	0.0
ERR9612870	3	Homo sapiens	0.0066572507	0.0	0.0	0.0031820878	0.0	0.0	0.0	0.0	0.0	0.0	0.020027688	0.895007	0.0032728922	0.0	0.0	0.0032706766	0.023258382	0.019802254	0.0	0.012203674	0.0066514406	0.0	0.0	0.006666667
ERR9612871	3	Homo sapiens	0.0	0.0	0.0	0.0	0.0	0.0	0.0	0.0	0.0	0.0	0.0	0.9933776	0.0	0.0	0.0	0.0	0.0	0.0	0.0	0.0066223843	0.0	0.0	0.0	0.0
ERR9612872	3	Homo sapiens	0.0033333334	0.0	0.0	0.0	0.0	0.0	0.0	0.0	0.0	0.0	0.0029783037	0.9772234	0.006529811	0.0	0.0	0.0	0.0033333334	0.0032933948	0.0	0.0033084345	0.0	0.0	0.0	0.0
ERR9612873	3	Homo sapiens	0.016593715	0.0	0.0	0.009571293	0.0	0.0	0.0	0.0	0.02851459	0.01962847	0.006960328	0.81281203	0.016359199	0.0	0.0	0.019813247	0.01	0.019871846	0.0	0.016622104	0.0066478723	0.0	0.0	0.016605323
ERR9612874	3	Homo sapiens	0.0066635716	0.0	0.0	0.0066594137	0.0	0.0	0.0	0.0	0.03146753	0.010563799	0.024056006	0.8208888	0.012729068	0.0	0.0	0.006635774	0.026560295	0.016575092	0.0033148148	0.0033239787	0.0033270023	0.0	0.0	0.027234823
ERR9612875	3	Homo sapiens	0.0033301497	0.0	0.0	0.006603917	0.0	0.0	0.0	0.0	0.0019702252	0.004409487	0.01399248	0.91813797	0.00838714	0.0	0.0	0.006611265	0.026600778	0.0033024692	0.0	0.0	0.006654147	0.0	0.0	0.0
ERR9612876	3	Homo sapiens	0.0	0.0	0.0	0.0	0.0	0.0	0.0	0.0	0.0066	0.0029434378	0.0063627446	0.92471254	0.016190674	0.0	0.0	0.009956938	0.019903509	0.01	0.0033301797	0.0	0.0	0.0	0.0	0.0
ERR9612877	3	Homo sapiens	0.0066574584	0.0	0.0	0.013131518	0.0	0.0	0.0	0.0	0.020992817	0.0058664028	0.011523462	0.8671264	0.019838076	0.0	0.0	0.006612096	0.006540313	0.013329602	0.009984669	0.0066635744	0.009981562	0.0	0.0	0.0017520526
ERR9612878	3	Homo sapiens	0.0	0.0	0.0	0.0	0.0	0.0	0.0	0.0	0.020268926	0.007024114	0.021245547	0.86058	0.033003513	0.0	0.0	0.00998779	0.0033333334	0.013213293	0.0033209762	0.016539149	0.006654194	0.0	0.0	0.0048291315
ERR9612879	3	Homo sapiens	0.0	0.0	0.0	0.0	0.0	0.0	0.0	0.0	0.0	0.0	0.01849848	0.9279441	0.00996905	0.0	0.0	0.009888592	0.013333334	0.009930317	0.0033207429	0.0	0.006654146	0.0	0.0	0.0004611968
ERR9612880	3	Homo sapiens	0.0	0.0	0.0	0.0065406132	0.0	0.0	0.0	0.0	0.0	0.0	0.016160453	0.92743653	0.009986245	0.0	0.0	0.0033333334	0.02330012	0.009939795	0.0	0.0033029197	0.0	0.0	0.0	0.0
ERR9612881	3	Homo sapiens	0.0	0.0	0.0	0.0031423455	0.0	0.0	0.0	0.0	0.0	0.0	0.006102294	0.9655728	0.0	0.0	0.0	0.0	0.009932536	0.003188011	0.003330244	0.006620541	0.0	0.0	0.0	0.0021112417
ERR9612882	3	Homo sapiens	0.006666667	0.0	0.0	0.0032140727	0.0	0.0	0.0	0.0	0.0	0.0	0.017177539	0.9641953	0.005413067	0.0	0.0	0.0	0.0033333334	0.0	0.0	0.0	0.0	0.0	0.0	0.0
ERR9612883	3	Homo sapiens	0.016656684	0.0	0.0	0.015913574	0.006666667	0.0	0.0	0.0	0.055816058	0.049056295	0.051618416	0.6683931	0.00990794	0.0	0.0	0.016473813	0.029797867	0.02661984	0.0033302298	0.013277757	0.0033271317	0.0	0.0	0.033144657
ERR9612884	3	Homo sapiens	0.033248316	0.0	0.002874693	0.029053101	0.0	0.0	0.0	0.0	0.0830631	0.036686208	0.06659658	0.648912	0.013169395	0.0	0.0	0.00999255	0.013232048	0.016605074	0.0066540544	0.009946262	0.009953304	0.0	0.0	0.020013304
ERR9612885	3	Homo sapiens	0.0	0.0	0.0	0.0	0.0	0.0	0.0	0.0	0.0	0.0	0.0030602957	0.96066874	0.00644058	0.0	0.0	0.0	0.006666667	0.013193568	0.0	0.009970125	0.0	0.0	0.0	0.0
ERR9612886	3	Homo sapiens	0.0	0.0	0.0	0.0	0.0	0.0	0.0	0.0	0.0031614816	0.0037734506	0.0054003024	0.95777726	0.003248639	0.0	0.0	0.0066571063	0.006666667	0.0	0.0	0.013315072	0.0	0.0	0.0	0.0
ERR9612887	3	Homo sapiens	0.0	0.0	0.0	0.0	0.0	0.0	0.0	0.0	0.0	0.0	0.016167885	0.89794093	0.009805884	0.0	0.0	0.019890888	0.019750081	0.029799083	0.0033301127	0.0033151184	0.0	0.0	0.0	0.0
ERR9612888	3	Homo sapiens	0.0	0.0	0.0	0.003220137	0.0	0.0	0.0	0.0	0.0	0.0	0.0095811775	0.9212146	0.009727287	0.0	0.0	0.009892642	0.016577061	0.02318647	0.0	0.0066006347	0.0	0.0	0.0	0.0
ERR9612889	3	Homo sapiens	0.0	0.0	0.0	0.0033103025	0.0	0.0	0.0	0.0	0.0032815197	0.0	0.0064105475	0.9374295	0.006508446	0.0	0.0	0.0032546883	0.006666667	0.0033333334	0.0	0.029805008	0.0	0.0	0.0	0.0
ERR9612890	3	Homo sapiens	0.0	0.0	0.0	0.0	0.0	0.0	0.0	0.0	0.0032134294	0.0	0.014254453	0.9142856	0.009757478	0.0	0.0	0.0065880218	0.02	0.0053689005	0.003330244	0.023201894	0.0	0.0	0.0	0.0
ERR9612891	3	Homo sapiens	0.0	0.0	0.0	0.0	0.0	0.0	0.0	0.0	0.006440072	0.0	0.022144852	0.9184887	0.03305297	0.0	0.0	0.0	0.006591041	0.0	0.0033302123	0.009952199	0.0	0.0	0.0	0.0
ERR9612892	3	Homo sapiens	0.0024914248	0.0	0.0	0.0033103025	0.0	0.0	0.0	0.0	0.006584249	0.00070180977	0.022322157	0.89851534	0.036429908	0.0	0.0	0.0	0.009903509	0.003188011	0.0	0.01655327	0.0	0.0	0.0	0.0
ERR9612893	3	Homo sapiens	0.003330292	0.0	0.0	0.009655282	0.0033333334	0.0	0.0	0.0	0.024035275	0.0029434378	0.02060428	0.7907749	0.036449097	0.0	0.0	0.016443778	0.04301678	0.019918656	0.006618682	0.019810421	0.0	0.0	0.0	0.003065815
ERR9612894	3	Homo sapiens	0.0	0.0	0.0	0.0033068217	0.0	0.0	0.0	0.0	0.01751308	0.0	0.02736416	0.84613365	0.02303487	0.0	0.0	0.013237871	0.029873539	0.0099787135	0.0033333334	0.013216742	0.0	0.0	0.0	0.013007189
ERR9612895	3	Homo sapiens	0.006635831	0.0	0.0	0.0032221247	0.0	0.0	0.0	0.0	0.012768392	0.005901194	0.028205998	0.8571636	0.016379314	0.0	0.0	0.009845934	0.016394788	0.023254896	0.0033209762	0.0066487445	0.0033270852	0.0	0.0	0.006931097
ERR9612896	3	Homo sapiens	0.0033333334	0.0	0.0	0.0032855435	0.0	0.0	0.0	0.0	0.0065602544	0.010422028	0.021809855	0.8236605	0.019190356	0.0	0.0	0.013273172	0.026454628	0.0365897	0.0033301946	0.023264589	0.0066539724	0.0	0.0	0.002171866
ERR9612897	3	Homo sapiens	0.0	0.0	0.0	0.0032358319	0.0	0.0	0.0	0.0	0.0065686274	0.003118856	0.0030609928	0.94216067	0.0065480536	0.0	0.0	0.0033333334	0.006666667	0.0065689865	0.0033270677	0.0132591175	0.0	0.0	0.0	0.0021517996
ERR9612898	3	Homo sapiens	0.0	0.0	0.0	0.0	0.0	0.0	0.0	0.0	0.008789688	0.0	0.026432587	0.9161817	0.013127963	0.0	0.0	0.0	0.009933151	0.0065562446	0.0033301557	0.009996905	0.0033271434	0.0	0.0	0.0023245062
SRR12136712	3	Homo sapiens	0.0032393932	0.0032606665	0.009359367	0.0106177665	0.015055905	0.034676895	0.0	0.0	0.017871242	0.036315177	0.025980787	0.50350225	0.004316464	0.0	0.022783145	0.026422456	0.013139824	0.16259456	0.009987787	0.015199591	0.0033114653	0.0	0.0037478611	0.07861738
SRR12136713	3	Homo sapiens	0.00326742	0.0	0.0	0.022477498	0.0	0.0032770054	0.0	0.0	0.016299866	0.009206219	0.037870914	0.761987	0.026324524	0.0	0.0	0.013317617	0.019769466	0.0431019	0.009993804	0.01990198	0.009974806	0.0	0.0	0.0032299922
SRR12462930	3	Homo sapiens	0.0	0.0	0.0	0.0	0.0	0.0	0.0	0.0	0.0033010002	0.0	0.0031935582	0.9675318	0.01600142	0.0	0.0	0.0	0.0	0.0	0.0033241925	0.0033146767	0.0	0.0	0.0	0.0033333334
SRR12462931	3	Homo sapiens	0.0	0.0	0.0	0.0	0.0	0.0	0.0	0.0	0.0	0.0	0.0033039234	0.967061	0.009804273	0.0	0.0	0.0	0.0	0.0	0.0033241925	0.016506609	0.0	0.0	0.0	0.0
SRR12462932	3	Homo sapiens	0.0	0.0	0.0	0.0	0.0	0.0	0.0	0.0	0.0	0.0	0.0	0.97348857	0.0	0.0	0.0	0.0	0.0033333334	0.0	0.0033241925	0.019853905	0.0	0.0	0.0	0.0
SRR12462933	3	Homo sapiens	0.00326742	0.0	0.0	0.0	0.0	0.0	0.0	0.0	0.0	0.0	0.0	0.98349804	0.0	0.0	0.0	0.0033237732	0.0	0.0	0.0033241925	0.0065865903	0.0	0.0	0.0	0.0
SRR12462934	3	Homo sapiens	0.003330292	0.0033302123	0.0	0.0	0.0	0.0	0.0	0.0	0.0033082706	0.0	0.0063251443	0.9737401	0.0	0.0	0.0	0.0	0.0033333334	0.0	0.0033241925	0.0033084345	0.0	0.0	0.0	0.0
SRR12462935	3	Homo sapiens	0.0	0.0	0.0	0.0	0.0	0.0	0.0	0.0	0.0	0.0	0.0032484455	0.9703731	0.0	0.0	0.0	0.0	0.003236842	0.0	0.0033241925	0.019817451	0.0	0.0	0.0	0.0
SRR12462936	3	Homo sapiens	0.0	0.0	0.0	0.0	0.0	0.0	0.0	0.0	0.0	0.0	0.0	0.99007815	0.0	0.0	0.0	0.0	0.0	0.0	0.0033241925	0.0065976684	0.0	0.0	0.0	0.0
SRR12462937	3	Homo sapiens	0.0	0.0	0.0	0.0032293578	0.0	0.0	0.0	0.0	0.0	0.0	0.003284042	0.9609762	0.015901562	0.0	0.0	0.0	0.006666667	0.0	0.0033241925	0.0066180048	0.0	0.0	0.0	0.0
SRR12462938	3	Homo sapiens	0.006666667	0.0	0.0	0.0	0.0	0.0	0.0	0.0	0.0031152372	0.002984529	0.016663687	0.9052536	0.015827699	0.0	0.0	0.009888377	0.0033333334	0.006666667	0.0033241925	0.019886272	0.0033239082	0.0	0.0	0.003065815
SRR12462939	3	Homo sapiens	0.046325315	0.0	0.0	0.0031703704	0.0	0.003314694	0.0	0.0	0.019677447	0.00881843	0.031713776	0.76384073	0.019698074	0.0	0.0	0.019970393	0.019876326	0.013184969	0.009978632	0.02654312	0.0	0.0	0.0	0.013887728
SRR12462940	3	Homo sapiens	0.0033333334	0.0	0.0	0.0	0.0	0.0	0.0	0.0	0.0	0.0	0.0060098167	0.96411836	0.0033333334	0.0	0.0	0.0	0.0	0.0033333334	0.0033241925	0.0132237105	0.0033239082	0.0	0.0	0.0
SRR12462941	3	Homo sapiens	0.0066635427	0.0	0.0	0.0	0.0	0.0	0.0	0.0	0.012997939	0.005867339	0.012320931	0.89995795	0.022857599	0.0	0.0	0.0	0.0032993197	0.009845495	0.0033241925	0.016601505	0.0033271548	0.0	0.0	0.002937025
SRR12462942	3	Homo sapiens	0.0	0.0	0.0	0.0	0.0	0.0	0.0	0.0	0.003143116	0.0028319294	0.009410696	0.93511015	0.026242906	0.0	0.0	0.0033237732	0.0	0.0033241506	0.0066451114	0.006644265	0.0033239082	0.0	0.0	0.0
SRR12462943	3	Homo sapiens	0.023167064	0.0	0.0	0.015468922	0.003160518	0.003314694	0.0	0.0	0.02633309	0.027588496	0.06501607	0.72569215	0.019042438	0.0	0.0	0.0033333334	0.019581947	0.01328203	0.006654363	0.019945914	0.009975067	0.0	0.0	0.018443927
SRR12462944	3	Homo sapiens	0.0166469	0.0	0.0	0.015006895	0.0	0.0	0.0	0.0	0.005450862	0.023267202	0.019497722	0.8259177	0.016420232	0.0	0.0	0.01329052	0.009703405	0.02317919	0.0064931703	0.006535869	0.013286412	0.0	0.0	0.0053039244
SRR12462945	3	Homo sapiens	0.0	0.0	0.0	0.0	0.0	0.0	0.0	0.0	0.003263382	0.0	0.00664004	0.96691394	0.0	0.0	0.0	0.0033292836	0.0	0.0	0.0033241925	0.01468498	0.0	0.0	0.0018441702	0.0
SRR12462946	3	Homo sapiens	0.0	0.0	0.0	0.0031654888	0.0032858416	0.0	0.0	0.0	0.0032835822	0.0	0.0	0.9275099	0.0033134131	0.0	0.0	0.0133256065	0.015020542	0.011545099	0.0	0.013197296	0.003320659	0.0	0.0	0.0030325814
SRR12462947	3	Homo sapiens	0.0	0.0	0.0	0.0	0.0	0.0	0.0	0.0	0.0	0.0	0.0028368793	0.9674479	0.016458096	0.0	0.0	0.0	0.0033333334	0.0	0.0033241925	0.0065996414	0.0	0.0	0.0	0.0
SRR19160147	3	Lithobates pipiens	0.0	0.027089423	0.06965721	0.021059493	0.009141455	0.032607835	0.012273459	0.0	0.0037099023	0.057595745	0.009751596	0.40217328	0.045599476	0.0	0.16004258	0.0	0.0	0.0	0.0	0.020876683	0.0	0.0	0.015008589	0.113413274
SRR19160150	3	Lithobates pipiens	0.0	0.019388184	0.07327734	0.013678166	0.00046865008	0.019013714	0.013203708	0.0	0.01954208	0.09163798	0.016874067	0.40394902	0.06295891	0.0	0.10040685	0.0	0.0	0.0	0.0	0.026912307	0.0	0.0	0.014695603	0.12399342
SRR19160161	3	Lithobates pipiens	0.0	0.01403001	0.03904465	0.011534873	0.0029829473	0.028889187	0.008453416	0.0	0.014670576	0.08361318	0.007243567	0.47662586	0.056270797	0.0	0.14155519	0.0	0.0	0.0	0.0	0.019084198	0.0	0.0	0.0032817854	0.092719756
SRR19160174	3	Lithobates pipiens	0.0	0.0340245	0.09599303	0.009352072	0.016469967	0.014416673	0.01142783	0.0	0.020788157	0.06566619	0.016581116	0.4155904	0.07059998	0.0	0.122141615	0.0	0.0	0.0	0.0008898486	0.02292822	0.0	0.0	0.0057512927	0.07737911
SRR19160175	3	Lithobates pipiens	0.0	0.041972168	0.25898045	0.013203357	0.0017482238	0.012182635	0.007893673	0.0	0.0122515345	0.061587147	0.021808786	0.3075912	0.107568055	0.0	0.06186332	0.0	0.0	0.0	0.0	0.015789378	0.0	0.0	0.0009793312	0.07458074
SRR19160180	3	Lithobates pipiens	0.0	0.011305403	0.06988022	0.0123265525	0.0	0.012594729	0.0066382578	0.0	0.017699804	0.0922814	0.011511106	0.44020158	0.09761497	0.0	0.111499	0.0	0.0	0.0	0.0	0.019323502	0.0	0.0	0.008220536	0.08890293
SRR19160184	3	Lithobates pipiens	0.0	0.009945152	0.027540198	0.0090081915	0.0	0.028369593	0.00745282	0.0	0.013169574	0.054336913	0.008349737	0.50184196	0.05238117	0.0	0.15860769	0.0	0.0	0.0	0.0	0.026872413	0.0	0.0	0.0055649066	0.096559644
SRR19160194	3	Lithobates pipiens	0.0	0.0435476	0.055177007	0.006957733	0.001012622	0.017987251	0.00082490727	0.0	0.012005744	0.068601795	0.011155822	0.48155823	0.04901554	0.0	0.1265694	0.0	0.0	0.0	0.0	0.024573434	0.0	0.0	0.004865562	0.09614734
SRR19160206	3	Lithobates pipiens	0.0	0.00092957413	0.075319484	0.010032061	0.0056349332	0.03766403	0.016792785	0.0	0.021474075	0.08564664	0.0174264	0.37091076	0.07116184	0.0	0.12023601	0.0	0.0	0.0	0.0	0.03175137	0.0	0.0	0.013649142	0.12137089
SRR19160231	3	Lithobates pipiens	0.0	0.019252116	0.09160225	0.0074638026	0.00046865008	0.020333054	0.0049318424	0.0	0.022052808	0.052363705	0.026019664	0.43367466	0.07148131	0.0	0.09054451	0.0	0.0	0.0	0.0	0.016037326	0.0	0.0	0.0022831212	0.14149117
SRR19160251	3	Lithobates pipiens	0.0	0.05345815	0.19836307	0.017435618	0.0	0.022013528	0.006605418	0.0	0.015666978	0.09692855	0.02549302	0.25754353	0.09247135	0.0	0.07587779	0.0	0.0	0.0	0.0	0.017919386	0.0	0.0	0.0030842703	0.117139325
SRR957738	3	Homo sapiens	0.003330247	0.0	0.0	0.0	0.0	0.003314694	0.0	0.0	0.0	0.0	0.012908839	0.8882701	0.0130128935	0.0	0.0	0.009916974	0.006666667	0.003271662	0.0	0.05930792	0.0	0.0	0.0	0.0
SRR957739	3	Homo sapiens	0.0	0.0	0.0	0.0	0.0	0.003314694	0.0	0.0	0.0064298385	0.0	0.028034426	0.8860028	0.003247549	0.0	0.0	0.006646812	0.019966787	0.0065904674	0.0	0.039766647	0.0	0.0	0.0	0.0
SRR957740	3	Homo sapiens	0.0	0.0	0.0	0.0	0.0	0.003314694	0.0	0.0	0.0	0.0	0.009653727	0.91446936	0.006496641	0.0	0.0	0.0033237732	0.013333334	0.0	0.0033241925	0.046084277	0.0	0.0	0.0	0.0
SRR957741	3	Homo sapiens	0.003330247	0.0	0.0	0.0	0.0	0.0	0.0	0.0	0.0	0.0	0.008986451	0.9513771	0.003246673	0.0	0.0	0.0	0.0032907154	0.0	0.0	0.023114668	0.0066541703	0.0	0.0	0.0
SRR957742	3	Homo sapiens	0.0	0.0	0.0	0.0065838452	0.0	0.0	0.0	0.0	0.004821052	0.00311315	0.006296869	0.9115366	0.021179996	0.0	0.0	0.0033333334	0.02330695	0.006578171	0.0033241925	0.006598834	0.0033270381	0.0	0.0	0.0
SRR957743	3	Homo sapiens	0.013269172	0.0	0.0	0.006612454	0.0	0.0	0.0	0.0	0.0016471568	0.0048391293	0.013102324	0.84128344	0.016630884	0.0	0.0	0.023149855	0.01	0.026544891	0.016645065	0.0099545475	0.0132836355	0.0	0.0	0.0030374753
SRR957744	3	Homo sapiens	0.0	0.0	0.0	0.0	0.0	0.0	0.0	0.0	0.0032718894	0.0	0.0065501793	0.9639781	0.0031072465	0.0	0.0	0.0	0.0099243745	0.0032485076	0.003330244	0.00658942	0.0	0.0	0.0	0.0
SRR957745	3	Homo sapiens	0.0066603934	0.0	0.0	0.0032735425	0.0	0.0	0.0	0.0	0.012632923	0.0033333334	0.009367406	0.9016559	0.009652665	0.0	0.0	0.016511654	0.016666668	0.006666667	0.0	0.006595386	0.006654246	0.0	0.0	0.00032917593
SRR957746	3	Homo sapiens	0.0033302093	0.0	0.0	0.0032221247	0.0	0.0	0.0	0.0	0.0064391494	0.0	0.012640938	0.9214589	0.016506948	0.0	0.0	0.0032546883	0.01	0.0065643056	0.0066544367	0.00992832	0.0	0.0	0.0	0.0
ERR12115113	4	Homo sapiens	0.0	0.0	0.0	0.0	0.0	0.0	0.0	0.0031339563	0.0031382113	0.0	0.006479275	0.980677	0.0032381858	0.0	0.0	0.0	0.0033333334	0.0	0.0	0.0	0.0	0.0	0.0	0.0
ERR12115114	4	Homo sapiens	0.0066171126	0.0	0.0	0.003320158	0.0	0.0	0.0	0.009192468	0.0094078425	0.002765055	0.03786184	0.86405766	0.03294543	0.0	0.0	0.0066525126	0.009951791	0.016659843	0.0	0.0	0.0	0.0	0.0	0.0005682782
ERR12115115	4	Homo sapiens	0.0033263452	0.0	0.0	0.0	0.0	0.0	0.0	0.0	0.00961611	0.0	0.0029139686	0.9703901	0.0033333334	0.0	0.0	0.0	0.0065384265	0.0	0.0	0.0	0.0	0.0	0.0	0.0038817376
ERR12115116	4	Homo sapiens	0.0	0.0	0.0	0.0	0.0	0.0	0.0	0.0032081685	0.006455662	0.0	0.0030508474	0.9806626	0.003309812	0.0	0.0	0.0	0.003312946	0.0	0.0	0.0	0.0	0.0	0.0	0.0
ERR1777519	4	Homo sapiens	0.0	0.0	0.012456488	0.003217936	0.012911001	0.015723428	0.024832232	0.0	0.008593409	0.021760248	0.02952367	0.7321248	0.041723814	0.015797907	0.007084128	0.0	0.0	0.0	0.0	0.0	0.0	0.0043247594	0.04951678	0.020409405
ERR1777520	4	Homo sapiens	0.0	0.0	0.0038646923	0.020636458	0.08656433	0.009871447	0.067443565	0.0	0.09482588	7.880308e-05	0.30894247	0.16150764	0.0	0.0	0.00038168303	0.0	0.0	0.0	0.0	0.0	0.0	0.016490279	0.20265178	0.026740978
ERR1777521	4	Homo sapiens	0.0	0.0	0.0018322401	0.033260573	0.048884377	0.0040088757	0.05141846	0.0	0.05304954	0.00340581	0.1860947	0.39966324	0.0	0.0	0.024873126	0.0	0.0	0.0	0.0	0.0	0.0	0.030675115	0.11931291	0.043521028
ERR1777522	4	Homo sapiens	0.0	0.0	0.0030119375	0.00013229302	0.00017120273	0.0190853	0.024996191	0.0	0.00033426756	0.006718977	0.0033795172	0.7808712	0.11982516	0.012565148	0.0	0.0	0.0	0.0	0.0	0.0	0.0	0.0030497487	0.020339012	0.0055200374
ERR1777523	4	Homo sapiens	0.0	0.0	0.016596772	0.010032682	0.022344856	0.015694043	0.035649143	0.0029756243	0.02317862	0.030424424	0.0530563	0.56610405	0.008964402	0.0032145216	0.04314276	0.0	0.0	0.0	0.0	0.0	0.0	0.039237607	0.08723103	0.04215318
ERR1777524	4	Homo sapiens	0.0	0.0	0.006020294	0.0022445235	0.0	0.012241518	0.015240901	0.002996633	0.0	0.012698438	0.0	0.78150743	0.11980974	0.022679018	0.0026221408	0.0	0.0	0.0	0.0	0.0	0.0	0.004796875	0.01202053	0.005121981
ERR1777525	4	Homo sapiens	0.0	0.0	0.0	0.0	0.0	0.009484014	0.023016617	0.0	0.0	0.0037085332	0.0	0.7795893	0.16955757	0.0028111401	0.0	0.0	0.0	0.0	0.0	0.0	0.0	0.0016928334	0.008453745	0.0016862517
ERR1777526	4	Homo sapiens	0.0	0.0	0.021441558	0.012191303	0.004766881	0.01252885	0.027383922	0.003392959	0.011174152	0.016724383	0.024181554	0.66823256	0.053573344	0.0098095145	0.026352994	0.0	0.0	0.00051191525	0.0	0.0	0.0	0.019502858	0.061083447	0.027147813
ERR1777527	4	Homo sapiens	0.0	0.0	0.0030083566	0.0	0.0	0.012241518	0.019251397	0.0	0.0028896776	0.0010346019	0.0027012916	0.7853398	0.14378002	0.0059615467	0.0015862068	0.0	0.0	0.0	0.0	0.0	0.0	0.001982998	0.017700627	0.0025219966
ERR1777528	4	Homo sapiens	0.0	0.0	0.0038293747	0.0023288478	0.0	0.015570395	0.014135766	0.0	0.0	0.0010346019	0.0027012916	0.7731044	0.15641822	0.009457523	0.0	0.0	0.0	0.0	0.0	0.0	0.0	0.0024630541	0.013428561	0.0055279387
ERR1777529	4	Homo sapiens	0.0	0.0	0.017940253	0.0064499406	0.0	0.0032972607	0.00838852	0.0	0.003277252	0.0031835565	0.0027012916	0.715055	0.14940321	0.048001196	0.0029914996	0.0	0.0	0.0	0.0	0.0	0.0	0.0	0.02805805	0.011252982
ERR1777530	4	Homo sapiens	0.0	0.0	0.0	0.0	0.0	0.009484014	0.027758233	0.0	0.0030043859	0.0037085332	0.0	0.79079145	0.14983967	0.0	0.0	0.0	0.0	0.0	0.0	0.0	0.0	0.0016928334	0.013676196	4.4705874e-05
ERR1777531	4	Homo sapiens	0.0	0.0	0.0030123217	0.0	0.0	0.009501704	0.012603107	0.0030098583	0.0	0.0066635	0.0027012916	0.75882554	0.17049043	0.0126759205	0.0	0.0	0.0	0.0	0.0	0.0	0.0	0.0029637844	0.017278643	0.00027388358
ERR1777532	4	Homo sapiens	0.0	0.0	0.016058605	0.011868454	0.00017120273	0.016168507	0.0092945015	0.0	0.0031660774	0.019467004	0.006373638	0.6466828	0.14229606	0.07280101	0.00907889	0.0	0.0	0.0	0.0	0.0	0.0	0.008664273	0.026264237	0.011644733
ERR1777533	4	Homo sapiens	0.0	0.0	0.0049757115	0.0045733713	0.0	0.009872823	0.005231094	0.006248167	0.0032696817	0.025037384	0.007858855	0.70101744	0.15906776	0.0324971	0.010243872	0.0033298898	0.0	0.0	0.0	0.0	0.0	0.0032551223	0.011372153	0.012149569
ERR1777534	4	Homo sapiens	0.0	0.0	0.012174249	0.0	0.0024970707	0.008254925	0.015298715	0.0	0.0027292115	0.01344353	0.019707996	0.776659	0.06291283	0.031346846	0.0	0.0	0.0	0.0	0.0	0.0	0.0	0.0038447876	0.028464219	0.022666626
ERR1777535	4	Homo sapiens	0.0	0.0	0.002226985	0.06421221	0.052309457	0.005403979	0.04805086	0.0	0.059213843	0.00057094416	0.1944938	0.34731117	0.0	0.0	0.01534923	0.0	0.0	0.0	0.0	0.0	0.0	0.025762312	0.14658381	0.038511395
ERR1777536	4	Homo sapiens	0.0	0.0	0.012237297	0.0031166074	0.0	0.012988853	0.014298922	0.0	0.00040497215	0.0033333334	0.0006948052	0.75306094	0.13272299	0.042215142	0.0	0.0	0.0	0.0	0.0	0.0	0.0	0.00014061533	0.02440979	0.00037574407
ERR1777537	4	Homo sapiens	0.0	0.0	0.0204627	0.00013229302	0.0033546877	0.009752709	0.013168799	0.0	0.0048361327	0.016294178	0.015496407	0.7163179	0.07709262	0.044476785	0.009554583	0.0	0.0	0.0	0.0	0.0	0.0	0.0038583383	0.04297165	0.022230202
ERR1777538	4	Homo sapiens	0.0	0.0	0.017577294	0.014829884	0.03718643	0.002691288	0.06224947	0.0	0.042657416	0.0026011714	0.13905776	0.5071644	0.0	0.0014929215	0.016197301	0.0	0.0	0.0	0.0	0.0	0.0	0.015911382	0.10914049	0.031242788
ERR1777539	4	Homo sapiens	0.0	0.0	0.0027437445	0.0	0.0	0.010652965	0.01650631	0.0030098583	0.0001725761	0.003653941	0.0029793307	0.7412618	0.15521981	0.028146422	0.0	0.0	0.0	0.0	0.0	0.0	0.0	0.0029637844	0.02814588	0.0045435834
ERR1777540	4	Homo sapiens	0.0	0.0	0.008852912	0.0	0.0	0.012730788	0.023016617	0.0	0.0	0.006718977	0.0	0.79767805	0.1315701	0.0061444733	0.0	0.0	0.0	0.0	0.0	0.0	0.0	0.0016928334	0.008453745	0.003141506
ERR1777541	4	Homo sapiens	0.0	0.0	0.01294582	0.0035593708	0.017424388	0.0033038245	0.02896403	0.0029756243	0.02580196	0.043701075	0.05735092	0.60848564	0.01152655	0.0075696134	0.024156958	0.0	0.0	0.0	0.0	0.0	0.0	0.010515705	0.09715887	0.04455965
ERR1777542	4	Homo sapiens	0.0	0.0	0.012346359	0.0076899785	0.0006994303	0.008289265	0.012173135	0.002996633	0.003930541	0.020356953	0.00947081	0.73586744	0.08189805	0.05828011	0.0075294734	0.0	0.0	0.0	0.0	0.0	0.0	0.0003858465	0.028497893	0.009588093
ERR1777543	4	Homo sapiens	0.0	0.0	0.008852912	0.0	0.0	0.008822593	0.017614659	0.0	0.0	0.009338316	0.0027012916	0.78895724	0.1262251	0.012689038	0.0	0.0	0.0	0.0	0.0	0.0	0.0	0.0	0.019668652	0.0051301783
ERR1777544	4	Homo sapiens	0.0	0.0	0.0026717675	0.031253874	0.06290162	0.0076927776	0.05999118	0.0	0.07453124	0.0028385762	0.23364228	0.28379405	0.0	0.0	0.019495916	0.0	0.0	0.0	0.0	0.0	0.0	0.029121496	0.146857	0.045208216
ERR1777545	4	Homo sapiens	0.0	0.0	0.006024259	0.005361131	0.0	0.0032972607	0.008207635	0.002996633	0.0	0.012005664	0.005661623	0.767146	0.12612602	0.03863831	0.0010359338	0.0	0.0	0.0	0.0	0.0	0.0	0.0	0.014640838	0.008858693
ERR1777546	4	Homo sapiens	0.0	0.0	0.0060023875	0.0	0.0	0.014476456	0.02028387	0.0	0.0	0.0026739312	0.0027012916	0.7844102	0.14862315	0.0028111401	0.0	0.0	0.0	0.0	0.0	0.0	0.0	0.00023587164	0.017700627	8.110335e-05
ERR1777547	4	Homo sapiens	0.0	0.0	0.00048553033	0.01875241	0.01911597	0.012142423	0.036272246	0.0029756243	0.019798988	0.034331795	0.044449978	0.58224577	0.009521961	0.009387319	0.05246744	0.0	0.0	0.0	0.0	0.0	0.0	0.015665045	0.0668969	0.07549063
ERR1777548	4	Homo sapiens	0.0	0.0	0.0030083566	0.0	0.0	0.009484014	0.027059907	0.0	0.0058940635	0.0037085332	0.0	0.7721832	0.15643267	0.0028111401	0.0	0.0	0.0	0.0	0.0	0.0	0.0	0.0016928334	0.017700627	2.4666413e-05
ERR1777549	4	Homo sapiens	0.009986532	0.0	0.012136743	0.0	0.0041256575	0.0065836916	0.007992322	0.014384157	0.0100898165	0.053562958	0.03841743	0.60522276	0.10727213	0.06287863	0.002914485	0.0	0.0	0.0	0.0	0.0	0.0	0.010638769	0.018530656	0.035263266
ERR1777550	4	Homo sapiens	0.0	0.0	0.002832618	0.0	0.0	0.009484014	0.027059907	0.0	0.0058940635	0.0037085332	0.0	0.7751986	0.15329257	0.0028111401	0.0	0.0	0.0	0.0	0.0	0.0	0.0	0.0016928334	0.017700627	0.0003250956
ERR1777551	4	Homo sapiens	0.0033333334	0.0	0.0006367901	0.017265415	0.012731672	0.009463637	0.026491612	0.015498339	0.01543839	0.03201516	0.06840803	0.56711096	0.0057538245	0.0	0.027335359	0.006666667	0.0065723904	0.0	0.0	0.0	0.0	0.03467339	0.064936645	0.08566836
ERR1777552	4	Homo sapiens	0.0	0.0	0.0	0.0	0.0	0.009484014	0.030366419	0.0	0.0030043859	0.0037085332	0.0	0.7653484	0.16583897	0.0028111401	0.0	0.0	0.0	0.0	0.0	0.0	0.0	0.0016928334	0.017700627	4.4705874e-05
ERR1777553	4	Homo sapiens	0.0	0.0	0.0030083566	0.0	0.0033333334	0.008933432	0.02123993	0.0	0.0028896776	0.003715641	0.0	0.7863804	0.13514955	0.01612504	0.0	0.0	0.0	0.0	0.0	0.0	0.0	0.0014569617	0.017700627	6.7039524e-05
ERR1777554	4	Homo sapiens	0.0	0.0	0.002832618	0.0	0.0	0.009484014	0.027059907	0.0	0.0030043859	0.0037085332	0.0	0.7750161	0.15636472	0.0028111401	0.0	0.0	0.0	0.0	0.0	0.0	0.0	0.0016928334	0.017700627	0.0003250956
ERR1777555	4	Homo sapiens	0.0	0.0	0.017985383	0.015511299	0.0024466452	0.0035630555	0.019243747	0.016813925	0.012117462	0.034212913	0.03353254	0.63213044	0.055234645	0.030020358	0.002914485	0.006666667	0.013125477	0.0065690633	0.0	0.0	0.0	0.017431026	0.031791873	0.04868901
ERR1777556	4	Homo sapiens	0.0	0.0	0.002832618	0.0	0.0	0.009541028	0.027059907	0.0	0.0030043859	0.0037085332	0.0	0.77495784	0.15636599	0.0028111401	0.0	0.0	0.0	0.0	0.0	0.0	0.0	0.0016928334	0.017700627	0.0003250956
ERR1777557	4	Homo sapiens	0.0	0.0	0.009413763	0.0040439866	0.005334493	0.016148252	0.030576656	0.011028833	0.015310385	0.015529749	0.03216271	0.6882598	0.049915243	0.01591243	0.018934213	0.0	0.0	0.0	0.0	0.0	0.0	0.0094389785	0.05563511	0.022355443
ERR1777558	4	Homo sapiens	0.0	0.0	0.0030083566	0.0	0.0	0.016080366	0.024085049	0.0	0.0030043859	0.0037085332	0.0	0.7744115	0.15008369	0.0028111401	0.0	0.0	0.0	0.0	0.0	0.0	0.0	0.0046180035	0.017700627	0.0004883675
ERR1777559	4	Homo sapiens	0.0	0.0	0.0067152996	0.015817508	0.014382083	0.019752638	0.036261056	0.001421068	0.01971324	0.04110844	0.046069074	0.5885619	0.008805803	0.012554597	0.04994214	0.0	0.0	0.0	0.0	0.0	0.0	0.02029932	0.061414216	0.057181597
ERR1777560	4	Homo sapiens	0.0	0.0	0.0	0.0	0.0	0.009484014	0.027059907	0.0	0.0030043859	0.0037085332	0.0	0.7750316	0.15948227	0.0028111401	0.0	0.0	0.0	0.0	0.0	0.0	0.0	0.0016928334	0.017700627	2.4666413e-05
ERR1777561	4	Homo sapiens	0.0	0.0	0.01456393	0.006205562	0.00801129	0.006654605	0.03001008	0.0057408395	0.0134169115	0.029361201	0.021707142	0.6130506	0.03803225	0.016382214	0.064519264	0.0	0.0	0.0	0.0	0.0	0.0	0.038156234	0.043441862	0.05074603
ERR1777562	4	Homo sapiens	0.0	0.0	0.0030083566	0.0	0.0	0.009484014	0.023752654	0.0	0.0030043859	0.0037085332	0.0	0.78159523	0.15322646	0.0028111401	0.0	0.0	0.0	0.0	0.0	0.0	0.0	0.0016928334	0.017700627	1.5775946e-05
ERR1777563	4	Homo sapiens	0.0	0.0	0.009134956	0.0	0.0	0.010945027	0.016346829	0.0055503757	0.0064901	0.012889988	0.009225187	0.73162466	0.11965071	0.035193652	0.0	0.0	0.0	0.0	0.0	0.0	0.0	0.0	0.034476444	0.008472069
ERR1777564	4	Homo sapiens	0.0	0.0	0.0	0.0	0.0	0.009484014	0.027059907	0.0	0.0030043859	0.0063895723	0.0	0.7653373	0.16343123	0.0028111401	0.0	0.0	0.0	0.0	0.0	0.0	0.0	0.0016928334	0.017700627	0.0030890277
ERR1777565	4	Homo sapiens	0.0	0.0	0.0	0.0	0.0	0.015418948	0.017946312	0.0	0.0028896776	0.0	0.0027012916	0.80316734	0.13203508	0.006016015	0.0	0.0	0.0	0.0	0.0	0.0	0.0	0.0	0.019668652	0.00015668067
ERR1777566	4	Homo sapiens	0.0	0.0	0.0058409744	0.0	0.0	0.009484014	0.023752654	0.0	0.0	0.0010346019	0.0	0.77443254	0.16288741	0.0028111401	0.0	0.0	0.0	0.0	0.0	0.0	0.0	0.0016928334	0.017700627	0.00036320518
ERR1777567	4	Homo sapiens	0.0	0.0	0.013049307	0.00070206996	0.00017120273	0.009625616	0.012604971	0.0	0.009844946	0.017001275	0.009783441	0.7420602	0.07410215	0.04052908	0.009653907	0.0	0.0	0.0	0.0	0.0	0.0	0.0051835114	0.04278579	0.012902575
ERR1777568	4	Homo sapiens	0.0	0.0	0.0	0.0	0.0	0.019410292	0.021704096	0.0	0.0030043859	0.0037085332	0.0	0.77122647	0.15961382	0.0028111401	0.0	0.0	0.0	0.0	0.0	0.0	0.0	0.0016928334	0.016748248	8.020427e-05
ERR1777569	4	Homo sapiens	0.0	0.0	0.0	0.006582419	0.0057073343	0.0	0.0	0.006626984	0.013075463	0.010527055	0.022114508	0.85830194	0.009192301	0.0	0.0032276465	0.016487407	0.006666667	0.019869816	0.0	0.0	0.0	0.00958621	0.0	0.012034264
ERR3609652	4	Papio hamadryas	0.0	0.0	0.055185333	0.025332974	0.011083839	0.025940547	0.0266457	0.0	0.008643844	0.044667248	0.0102114165	0.36227486	0.02069307	0.06814225	0.21318159	0.0	0.0	0.0	0.0	0.0	0.0	0.05921659	0.017814493	0.050966274
ERR3609653	4	Papio anubis	0.0	0.0	0.024797836	0.012827735	0.006494367	0.0066206437	0.005231094	0.0027927929	0.032729372	0.06096247	0.023887947	0.35158974	0.06941958	0.20872019	0.084170215	0.006666667	0.0	0.0	0.0	0.0	0.0	0.030642234	0.011372153	0.06107496
ERR3609654	4	Papio anubis	0.0	0.0	0.042062774	0.015780762	0.011045661	0.023297826	0.010209472	0.015016618	0.01437675	0.044532992	0.039719075	0.3397551	0.017958624	0.08816303	0.14569502	0.019788025	0.0065166643	0.0	0.0	0.0	0.0	0.032785084	0.032593485	0.10070305
ERR3609655	4	Papio hamadryas	0.0	0.0	0.043034114	0.019662388	0.021656035	0.017501624	0.0074443556	0.008880179	0.005537952	0.05216935	0.019063732	0.33573368	0.023587292	0.06553211	0.19854662	0.0	0.0032883352	0.0	0.0	0.0	0.0	0.05157325	0.033271477	0.093517505
ERR3609656	4	Papio hamadryas	0.0	0.0	0.02019892	0.01773036	0.022172792	0.024124825	0.017724602	0.01691404	0.009346264	0.05403735	0.026335439	0.31695652	0.0113878045	0.10604433	0.16790415	0.009766082	0.0065535596	0.0	0.0	0.0	0.0	0.04055061	0.023863759	0.108388595
ERR3609657	4	Papio anubis	0.0	0.0	0.0152792595	0.021014515	0.0	0.02146605	0.0	0.0046114754	0.035827916	0.08175242	0.03806477	0.3578202	0.065170765	0.12049964	0.11820464	0.0033333334	0.0028514056	0.0	0.0	0.0	0.0	0.041438457	0.003313551	0.06935159
ERR3609658	4	Papio anubis	0.0	0.0	0.021884577	0.029285584	0.013267648	0.014277597	0.0023774619	0.0134535255	0.012532518	0.04997523	0.031020721	0.41613287	0.012832503	0.051796217	0.13952681	0.02645469	0.009761328	0.0	0.0	0.0	0.0	0.042356897	0.022555312	0.0905085
ERR3609659	4	Papio sp.	0.0	0.0	0.026511364	0.018785251	0.036114898	0.038728774	0.03152427	0.01588261	0.013743022	0.04213386	0.020187648	0.5302414	0.024954135	0.009605386	0.020015795	0.029901564	0.0033333334	0.0032136922	0.0	0.0	0.0	0.035450086	0.046287082	0.053385846
ERR3609660	4	Papio hamadryas	0.0	0.0	0.0	0.0	0.0	0.0	0.0	0.0070085363	0.027357986	0.008894848	0.12795076	0.66574395	0.022649774	0.0	0.0	0.02	0.09207466	0.023087531	0.0	0.0	0.0	0.003157552	0.0	0.002074383
ERR3609661	4	Papio hamadryas	0.0	0.0	0.0	0.0	0.0	0.0	0.0	0.0	0.0	0.0009451568	0.012043154	0.94718003	0.006502331	0.0	0.0	0.0	0.03332931	0.0	0.0	0.0	0.0	0.0	0.0	0.0
ERR4596443	4	Homo sapiens	0.013316121	0.0	0.0	0.013024173	0.0	0.0	0.0	0.0033087742	0.0077735847	0.014231211	0.054513	0.82607126	0.021037757	0.0014859252	0.0	0.016601123	0.016666668	0.0033333334	0.0	0.0	0.0	0.006343585	0.0	0.0022934924
ERR4596813	4	Homo sapiens	0.01	0.0	0.0018789815	0.011871177	0.015986525	0.0032460182	0.0	0.0063693956	0.003265857	0.015216832	0.01585269	0.6970363	0.009223111	0.0	0.007877338	0.06595618	0.033044603	0.043135077	0.0	0.0	0.0	0.03548456	0.003284661	0.021270692
ERR4596815	4	Homo sapiens	0.006666667	0.0	0.0032382892	0.0033106036	0.016329654	0.0	0.009960503	0.010222314	0.012472204	0.006329548	0.021989234	0.70599365	0.0032806324	0.0	0.0	0.047770977	0.021397939	0.05968475	0.0	0.0	0.0	0.034034308	0.0	0.037318733
ERR4596816	4	Homo sapiens	0.006666667	0.0	0.0	0.0066519775	0.0032665331	0.0	0.0	0.0032936507	0.0031666667	0.009665407	0.016778	0.8962879	0.011155077	0.0	0.0	0.006586184	0.023208523	0.009932861	0.0	0.0	0.0	0.0	0.0	0.003340511
ERR4596817	4	Homo sapiens	0.006666667	0.0	0.0	0.0032657885	0.0	0.0	0.0	0.006298271	0.002369439	0.006249172	0.016319448	0.9040363	0.0098729115	0.0	0.00327661	0.0033175852	0.019965839	0.0	0.0	0.0	0.0	0.0	0.0	0.018361961
ERR4596818	4	Homo sapiens	0.006666667	0.0	0.0	0.019775538	0.005767889	0.0	0.0	0.008815034	0.0032512315	0.004149475	0.016092038	0.8858909	0.0065016067	0.0	0.0	0.016436452	0.013333334	0.009986502	0.0	0.0	0.0	0.0033333334	0.0	0.0
ERR4596819	4	Homo sapiens	0.00947971	0.0	0.0	0.030529138	0.011682985	0.004600997	0.015146142	0.019937985	0.026372485	0.038549587	0.057393447	0.5236429	0.021372033	0.008237906	0.070680685	0.024681138	0.026285317	0.0033333334	0.0	0.0	0.0	0.054581992	0.015017056	0.038475152
ERR4596820	4	Homo sapiens	0.0033333334	0.0	0.0	0.0015355219	0.0	0.0	0.0	0.013087574	0.006352706	0.0027332243	0.022237515	0.8233219	0.03268411	0.0	0.0	0.018081175	0.03145712	0.039965637	0.0	0.0	0.0	0.0013548724	0.0	0.003855355
ERR4596822	4	Homo sapiens	0.046122674	0.0	0.0	0.0092584	0.00332804	0.0	0.0	0.019527327	0.020546595	0.024781533	0.039365865	0.6737296	0.009815547	0.0	0.0032490636	0.042775005	0.013218287	0.069786005	0.0	0.0	0.0	0.00599074	0.0	0.018505333
ERR4596823	4	Homo sapiens	0.01	0.0	0.0	0.0021066824	0.0066222916	0.0	0.0	0.007158758	0.017369665	0.012960435	0.011965278	0.8132428	0.019918762	0.0	0.0097979	0.0099210385	0.032985374	0.03314379	0.0	0.0	0.0	0.006550237	0.0	0.0062570116
ERR4596824	4	Homo sapiens	0.006663205	0.0	0.0	0.0048688552	0.003304834	0.0	0.0	0.012895257	0.014254999	0.014948505	0.059950702	0.76478505	0.016241325	0.0	0.0	0.019764487	0.06951829	0.0	0.0	0.0	0.0	0.008021539	0.0	0.004782953
ERR4596825	4	Homo sapiens	0.03994852	0.0	0.0033285834	0.012517464	0.025340231	0.0	0.0	0.10438971	0.044781342	0.104356945	0.0678703	0.37472776	0.022754202	0.0	0.015123448	0.013275679	0.02315388	0.00994629	0.0	0.0	0.0	0.05505845	0.0	0.08342719
ERR4596826	4	Homo sapiens	0.006666667	0.0	0.0	0.0065565063	0.0	0.0	0.0	0.00965735	0.0031945822	0.009562464	0.04090066	0.8187901	0.025938705	0.0	0.0	0.023289215	0.042731315	0.0032828792	0.0	0.0	0.0	0.003289519	0.0	0.006140044
ERR4596828	4	Homo sapiens	0.016656546	0.0	0.0	0.009968434	0.0	0.0	0.0	0.03236184	0.025941875	0.015523914	0.010263922	0.72554547	0.01982471	0.0	0.0	0.06948688	0.019186214	0.04320044	0.0	0.0	0.0	0.0	0.0	0.012039741
ERR5670952	4	Homo sapiens	0.0	0.0	0.0	0.0	0.0	0.0	0.0	0.0	0.0	0.0	0.006192012	0.9841044	0.009703614	0.0	0.0	0.0	0.0	0.0	0.0	0.0	0.0	0.0	0.0	0.0
ERR5670953	4	Homo sapiens	0.0	0.0	0.0	0.0	0.0	0.0	0.0	0.0	0.0	0.0	0.0	0.9967979	0.0032020998	0.0	0.0	0.0	0.0	0.0	0.0	0.0	0.0	0.0	0.0	0.0
ERR5670954	4	Homo sapiens	0.0	0.0	0.0	0.0	0.0	0.0	0.0	0.0	0.0032411977	0.0	0.0	0.98712546	0.009633355	0.0	0.0	0.0	0.0	0.0	0.0	0.0	0.0	0.0	0.0	0.0
ERR5670955	4	Homo sapiens	0.0	0.0	0.0	0.0	0.0	0.0	0.0	0.0	0.0	0.0	0.0	0.99350667	0.00316	0.0	0.0	0.0	0.0033333334	0.0	0.0	0.0	0.0	0.0	0.0	0.0
ERR5670956	4	Homo sapiens	0.0	0.0	0.0	0.0	0.0	0.0	0.0	0.0	0.0	0.0	0.0	1.0	0.0	0.0	0.0	0.0	0.0	0.0	0.0	0.0	0.0	0.0	0.0	0.0
ERR5670957	4	Homo sapiens	0.0	0.0	0.0	0.0	0.0	0.0	0.0	0.0	0.0031860392	0.0030103596	0.0	0.99060565	0.0031979368	0.0	0.0	0.0	0.0	0.0	0.0	0.0	0.0	0.0	0.0	0.0
ERR5670958	4	Homo sapiens	0.003329932	0.0	0.0	0.0	0.0	0.0	0.0	0.0	0.0	0.00591048	0.0032156196	0.9712446	0.006375223	0.0	0.0	0.0032574974	0.006666667	0.0	0.0	0.0	0.0	0.0	0.0	0.0
ERR5670959	4	Homo sapiens	0.0	0.0	0.0	0.0	0.0	0.0	0.0	0.0	0.0	0.00086080586	0.008759924	0.980789	0.009590235	0.0	0.0	0.0	0.0	0.0	0.0	0.0	0.0	0.0	0.0	0.0
ERR5670960	4	Homo sapiens	0.009989448	0.0	0.0	0.0032384824	0.0	0.0	0.0	0.009786842	0.0065268166	0.00187357	0.0014245893	0.9458608	0.013048335	0.0	0.0	0.0	0.0033333334	0.0033333334	0.0	0.0	0.0	0.0	0.0	0.0015844326
ERR5670961	4	Homo sapiens	0.0	0.0	0.0	0.0	0.0	0.0	0.0	0.0	0.0033120161	0.0	0.003091603	0.981849	0.009853984	0.0	0.0	0.0	0.0	0.0	0.0	0.0	0.0	0.0	0.0	0.001893397
ERR5670962	4	Homo sapiens	0.0	0.0	0.0	0.0	0.0	0.0	0.0	0.0	0.003245614	0.0	0.0	0.98699176	0.006488951	0.0	0.0	0.0032736913	0.0	0.0	0.0	0.0	0.0	0.0	0.0	0.0
ERR5670963	4	Homo sapiens	0.0	0.0	0.0	0.0	0.0	0.0	0.0	0.0	0.0	0.0	0.0031620553	0.9935338	0.0	0.0	0.0	0.0	0.0033041688	0.0	0.0	0.0	0.0	0.0	0.0	0.0
ERR5670964	4	Homo sapiens	0.0	0.0	0.0	0.0	0.0	0.0	0.0	0.0	0.00328125	0.0	0.0	0.99671876	0.0	0.0	0.0	0.0	0.0	0.0	0.0	0.0	0.0	0.0	0.0	0.0
ERR5670965	4	Homo sapiens	0.0	0.0	0.0	0.0	0.0	0.0	0.0	0.0	0.003197411	0.0	0.0	0.99375635	0.003046252	0.0	0.0	0.0	0.0	0.0	0.0	0.0	0.0	0.0	0.0	0.0
ERR5670966	4	Homo sapiens	0.0	0.0	0.0	0.0032733686	0.0	0.0	0.0	0.0	0.003197411	0.0	0.0	0.9772956	0.012929456	0.0	0.0	0.0	0.0033041688	0.0	0.0	0.0	0.0	0.0	0.0	0.0
ERR5670967	4	Homo sapiens	0.0	0.0	0.0	0.0	0.0	0.0	0.0	0.0	0.0	0.0	0.0	0.996753	0.003247012	0.0	0.0	0.0	0.0	0.0	0.0	0.0	0.0	0.0	0.0	0.0
ERR5670968	4	Homo sapiens	0.00964117	0.0	0.0	0.0031098614	0.013287293	0.0	0.0	0.016017376	0.015168888	0.03243162	0.032004613	0.7610023	0.003253652	0.0	0.0033333334	0.02313795	0.019821199	0.023284229	0.0	0.0	0.0	0.014666654	0.0	0.029839853
ERR5670969	4	Homo sapiens	0.0	0.0	0.00020014297	0.0	0.0	0.0031022162	0.0	0.0	0.0065038996	0.0020338984	0.014780919	0.9480321	0.008896028	0.0	0.0	0.0064929216	0.0033333334	0.006606365	0.0	0.0	0.0	0.0	0.0	1.8194816e-05
ERR5670970	4	Homo sapiens	0.0	0.0	0.0	0.0	0.0	0.0	0.0	0.0	0.0031638418	0.004081062	0.0	0.97757214	0.002088352	0.0	0.0	0.009788415	0.0	0.0033062054	0.0	0.0	0.0	0.0	0.0	0.0
ERR5670971	4	Homo sapiens	0.003323119	0.0	0.0	0.0	0.0	0.0	0.0	0.0	0.003265857	0.0031485085	0.0056469087	0.9607466	0.016292991	0.0	0.0	0.0	0.0065562814	0.0	0.0	0.0	0.0	0.0	0.0	0.0010197578
ERR5766165	4	Homo sapiens	0.0	0.0	0.029015556	0.05162099	0.07558228	0.022098558	0.024229443	0.0	0.013852508	0.020179752	0.043247413	0.54679555	0.006149665	0.0	0.012623429	0.0	0.0	0.0	0.0	0.0	0.0	0.030874064	0.08686854	0.036862254
ERR5766166	4	Homo sapiens	0.0	0.0	0.047823552	0.011406139	0.13594183	0.0028858723	0.0	0.01931767	0.011611767	0.038612068	0.029352263	0.57857805	0.012755081	0.029137015	0.014878532	0.0065940595	0.0	0.0	0.0	0.0	0.0	0.008817914	0.0048854323	0.047402762
ERR5766167	4	Homo sapiens	0.0	0.0	0.05386512	0.0030072464	0.14308545	0.0	0.0032642067	0.014283967	0.016204547	0.056953073	0.031586975	0.5454603	0.01843728	0.024964156	0.026294893	0.0065940595	0.0	0.0	0.0	0.0	0.0	0.002360381	0.0032775023	0.05036088
ERR5766168	4	Homo sapiens	0.0	0.0	0.008604822	0.037865732	0.09715895	0.0032805908	0.014061881	0.0	0.02799869	0.0072627245	0.11004598	0.4502343	0.0	0.0	0.029946143	0.0	0.0	0.0	0.0	0.0	0.0	0.043485828	0.084050275	0.08600408
ERR5766169	4	Homo sapiens	0.0	0.0	0.08181863	0.00810079	0.09091643	0.012356364	0.0032392344	0.0045472546	0.009280295	0.04784098	0.020709857	0.606271	0.00944711	0.015647981	0.021941561	0.0	0.0	0.0	0.0	0.0	0.0	0.028125267	0.008138144	0.031619094
ERR5766170	4	Homo sapiens	0.0	0.0	0.011662811	0.030797351	0.1326547	0.009312862	0.022756228	0.0	0.02099508	0.009763595	0.06687819	0.5438771	0.0	0.0	0.014764896	0.0	0.0	0.003111522	0.0	0.0	0.0	0.017291356	0.052485343	0.06364895
ERR5766171	4	Homo sapiens	0.0	0.0	0.0016177854	0.044935685	0.16394721	0.0064100763	0.015844926	0.003156342	0.03425986	0.005672464	0.100753576	0.46216884	0.0	0.0	0.020772798	0.0	0.0	0.0	0.0	0.0	0.0	0.024485964	0.04308151	0.07289296
ERR5766172	4	Homo sapiens	0.0033333334	0.0	0.023271915	0.021400662	0.22433794	0.0	0.0033064245	0.010609461	0.0036863347	0.019452663	0.040468372	0.5233758	0.016009733	0.019825488	0.009320105	0.0	0.0	0.0	0.0	0.0	0.0	0.024989937	0.0	0.05661185
ERR5766173	4	Homo sapiens	0.0033333334	0.0	0.023284359	0.019169947	0.20276015	0.0	0.005733377	0.016089832	0.01652536	0.019944038	0.030746864	0.5309051	0.031001521	0.015186532	0.012755097	0.0	0.0	0.006608103	0.0	0.0	0.0	0.017960489	0.0008313807	0.04716446
ERR5766174	4	Homo sapiens	0.0	0.0	0.002045586	0.05042696	0.15208186	0.0034374814	0.01850427	0.0027599388	0.044096783	0.00026329173	0.141148	0.4106091	0.0	0.0	0.023739532	0.0	0.0	0.0	0.0	0.0	0.0	0.014293999	0.061916064	0.07467712
ERR5766175	4	Homo sapiens	0.0	0.0	0.0011573469	0.03752139	0.13065127	0.0014374992	0.030377427	0.0	0.054459143	0.004500874	0.12490304	0.42075977	0.0	0.0	0.02947006	0.0	0.0	0.0	0.0	0.0	0.0	0.028502202	0.055434212	0.08082576
ERR5766176	4	Homo sapiens	0.0	0.0	0.003327653	0.019326827	0.18640713	0.01032472	0.021124424	0.0063368203	0.03927566	0.008211474	0.0773707	0.43178755	0.005386757	0.0017735969	0.037416395	0.0	0.0	0.0	0.0	0.0	0.0	0.03180309	0.056415014	0.06371216
ERR5766177	4	Homo sapiens	0.0033333334	0.0	0.021990992	0.0	0.046398867	0.0033080853	0.0	0.035362247	0.024397295	0.05417055	0.040610645	0.52358496	0.106127925	0.08178241	0.003016175	0.003308373	0.0	0.0033333334	0.0	0.0	0.0	0.0031801532	0.0	0.04609468
ERR5766178	4	Homo sapiens	0.006666667	0.0	0.012761514	0.0033125863	0.046465434	0.0	0.0	0.01474143	0.017260596	0.06928586	0.039702434	0.54180187	0.10747664	0.058505848	0.0129700685	0.003308373	0.0033333334	0.0032919254	0.0	0.0	0.0	0.0	0.0032840548	0.055831354
ERR5766179	4	Homo sapiens	0.0	0.0	0.0039389646	0.020872058	0.14385472	0.0038106507	0.010377807	0.0124792745	0.036752094	0.0026218481	0.07862065	0.4923776	0.0002985416	0.008083247	0.03403747	0.0	0.0	0.0	0.0	0.0	0.0	0.030582454	0.044484727	0.0768079
ERR5766180	4	Homo sapiens	0.0	0.0	0.0035738978	0.025548816	0.17863631	0.0029630566	0.023027318	0.003156342	0.06009051	0.0064020143	0.16756384	0.31625852	0.0	0.0	0.025790144	0.0	0.0	0.0	0.0	0.0	0.0	0.02218307	0.07804439	0.08676178
ERR5766181	4	Homo sapiens	0.0	0.0	0.0023394371	0.042613022	0.18342644	0.0076342197	0.015189307	0.003156342	0.073686354	0.0048372694	0.19155736	0.26701564	0.0032276658	0.0	0.02821208	0.0	0.0	0.0	0.0	0.0	0.0	0.022753641	0.077682436	0.07666878
ERR5766182	4	Homo sapiens	0.0033333334	0.0	0.020244665	0.0	0.04972369	0.007968677	0.0016641065	0.015399476	0.009830753	0.060978528	0.038979087	0.564409	0.07904196	0.0617824	0.012919668	0.003308373	0.0	0.0011578822	0.0	0.0	0.0	0.0107095465	0.0032838774	0.055264995
ERR5766183	4	Homo sapiens	0.006666667	0.0	0.030572575	0.0026701891	0.06934777	0.00657417	0.0	0.02608772	0.009676503	0.025327228	0.026117403	0.60983413	0.06271365	0.046009917	0.015382368	0.006662246	0.0	0.0	0.0	0.0	0.0	0.0037885208	0.0032838774	0.04928505
ERR6178850	4	Homo sapiens	0.0	0.0	0.0	0.0	0.0	0.0	0.0	0.0	0.0	0.0	0.0060889176	0.9873879	0.004173103	0.0	0.0	0.0023500763	0.0	0.0	0.0	0.0	0.0	0.0	0.0	0.0
ERR6178851	4	Homo sapiens	0.0	0.0	0.0	0.0	0.0	0.0	0.0	0.011263568	0.009141988	0.016150435	0.023096375	0.8603133	0.012115523	0.0	0.009858357	0.025040543	0.008678558	0.0033333334	0.0	0.0	0.0	0.009256984	0.0	0.01175102
ERR6178852	4	Homo sapiens	0.0033333334	0.0	0.0	0.00327135	0.0	0.0	0.0	0.0029162944	0.016118942	0.0033333334	0.0030391237	0.9296905	0.016476894	0.0	0.0	0.0	0.006666667	0.006666667	0.0	0.0	0.0	0.0	0.0	0.0084869
ERR6178853	4	Homo sapiens	0.0033299527	0.0	0.0	0.029723119	0.0	0.0	0.0	0.024455909	0.029176326	0.06580375	0.061759077	0.6658075	0.022760812	0.0	0.0060959375	0.026441498	0.0032519498	0.0033333334	0.0	0.0	0.0	0.02799555	0.0	0.030065289
ERR6178854	4	Homo sapiens	0.0	0.0	0.0	0.00651211	0.0	0.0	0.0	0.0052997535	0.0	0.0	0.006255308	0.96720487	0.004596144	0.0	0.0	0.0	0.0	0.006666667	0.0	0.0	0.0	0.0	0.0	0.00346516
ERR6178855	4	Homo sapiens	0.0033298428	0.0	0.0	0.0	0.0	0.0	0.0	0.0	0.0064976607	0.0	0.011924513	0.9253623	0.016472187	0.0	0.0	0.009912728	0.016572801	0.009927963	0.0	0.0	0.0	0.0	0.0	0.0
ERR6178856	4	Homo sapiens	0.0033298428	0.0	0.0	0.0	0.0	0.0	0.0	0.0	0.0031860392	0.0031185898	0.019095996	0.9646029	0.006666667	0.0	0.0	0.0	0.0	0.0	0.0	0.0	0.0	0.0	0.0	0.0
ERR6178857	4	Homo sapiens	0.0	0.0	0.0	0.009428261	0.0	0.0	0.0	0.008286249	0.012748473	0.012852028	0.035346735	0.82818794	0.031867135	0.0	0.0	0.023079803	0.013195447	0.01	0.0	0.0	0.0	0.00601253	0.0	0.008995368
ERR6178858	4	Homo sapiens	0.0	0.0	0.0	0.0	0.0	0.0	0.0	0.0	0.0	0.0	0.0	0.99022466	0.0032326283	0.0	0.0	0.0065427125	0.0	0.0	0.0	0.0	0.0	0.0	0.0	0.0
ERR6178859	4	Homo sapiens	0.003285908	0.0	0.003272548	0.01654719	0.0	0.0	0.0	0.018290795	0.012475669	0.010626367	0.026331373	0.8779008	0.0012628105	0.0	0.0	0.0	0.009574199	0.003253652	0.0	0.0	0.0	0.00846111	0.0	0.008717621
ERR6178860	4	Homo sapiens	0.082523964	0.0	0.0034188728	0.016361203	0.026218515	0.012569904	0.0	0.09975069	0.056966137	0.07599277	0.04294216	0.33092412	0.012881207	0.0033333334	0.025906932	0.046477925	0.013096192	0.01	0.0	0.0	0.0	0.034289192	0.0032649573	0.10308192
ERR6178861	4	Homo sapiens	0.072861716	0.0	0.0002707247	0.02198294	0.019467846	0.0	0.0	0.075693786	0.028623512	0.06345431	0.046017446	0.48324737	0.008108357	0.0	0.02219173	0.039777596	0.009741526	0.0033082706	0.0	0.0	0.0	0.028694583	0.0	0.076558284
ERR6178862	4	Homo sapiens	0.0	0.0	0.0	0.0033161156	0.0	0.0	0.0	0.0	0.0097552035	0.009178529	0.018742602	0.9301794	0.013165576	0.0	0.0	0.003329904	0.006630754	0.0	0.0	0.0	0.0	0.0	0.0	0.0057018846
ERR6178863	4	Homo sapiens	0.0032346167	0.0	0.0	0.02814347	0.009795231	0.0	0.0	0.03336763	0.017383857	0.03213661	0.06651263	0.6502878	0.017535256	0.0	0.02036294	0.023225823	0.019629275	0.006484465	0.0	0.0	0.0	0.04195287	0.0	0.029947497
ERR6178864	4	Homo sapiens	0.025980115	0.0	0.0	0.0033333334	0.02290884	0.0	0.0	0.045828767	0.0491503	0.10232749	0.060222488	0.5588354	0.02579082	0.0	0.009380961	0.009909342	0.006666667	0.0032835822	0.0	0.0	0.0	0.016265457	0.0	0.06011647
ERR6178865	4	Homo sapiens	0.029858343	0.0	0.0	0.012442448	0.0032532532	0.0029790136	0.0	0.06936563	0.045790173	0.14536588	0.11409852	0.40280306	0.038523134	0.0	0.008928009	0.0	0.0063749906	0.0032835822	0.0	0.0	0.0	0.0301032	0.0065742037	0.08025657
ERR6178866	4	Homo sapiens	0.0	0.0	0.0	0.0	0.0	0.0	0.0	0.0028645834	0.003080997	0.0	0.00046875	0.9805982	0.0031032278	0.0	0.0	0.0	0.009884201	0.0	0.0	0.0	0.0	0.0	0.0	0.0
ERR6178867	4	Homo sapiens	0.0	0.0	0.0	0.0	0.0	0.0	0.0	0.0	0.0	0.0	0.0	0.99362963	0.0063703824	0.0	0.0	0.0	0.0	0.0	0.0	0.0	0.0	0.0	0.0	0.0
ERR6178868	4	Homo sapiens	0.006666667	0.0	0.0	0.0065163397	0.0032624113	0.0	0.0	0.033850133	0.048177756	0.086063705	0.050275028	0.66070443	0.042314414	0.0	0.003290429	0.013150294	0.0033333334	0.0	0.0	0.0	0.0	0.012813531	0.0	0.029581528
ERR6178869	4	Homo sapiens	0.023205735	0.0	0.0	0.0066249566	0.016522415	0.0	0.0	0.0598339	0.07855263	0.13614732	0.09671452	0.45389652	0.026407555	0.0033283283	0.0	0.006559464	0.00657277	0.0032672612	0.0	0.0	0.0	0.016213588	0.0	0.06615304
ERR6178870	4	Homo sapiens	0.0	0.0	0.0	0.0	0.0	0.0	0.0	0.0029162944	0.0031860392	0.0054472126	0.022681028	0.9198459	0.03273419	0.0	0.0	0.006522707	0.006666667	0.0	0.0	0.0	0.0	0.0	0.0	0.0
ERR6178871	4	Homo sapiens	0.0033333334	0.0	0.0	0.006126543	0.0	0.0	0.0	0.022237094	0.022590145	0.025524974	0.057607718	0.7403451	0.037105408	0.0	0.0031856955	0.016231053	0.028109714	0.0032672612	0.0	0.0	0.0	0.016174074	0.0	0.01816185
ERR6178872	4	Homo sapiens	0.013273337	0.0	0.0	0.013198477	0.0065957448	0.0	0.0	0.020446105	0.039249476	0.08117583	0.057540167	0.6844669	0.029461196	0.0	0.0	0.013305778	0.013268905	0.0033333334	0.0	0.0	0.0	0.00628558	0.0	0.018399188
ERR6178873	4	Homo sapiens	0.01602895	0.0	0.0	0.009267061	0.013274336	0.0	0.0	0.06717672	0.053578734	0.1809603	0.12964527	0.37834248	0.024806233	0.0	0.018639537	0.0	0.0030865415	0.0	0.0	0.0	0.0	0.02878526	0.0	0.076408565
ERR6178874	4	Homo sapiens	0.0	0.0	0.0	0.0	0.0	0.0	0.0	0.0	0.0	0.0	0.0	1.0	0.0	0.0	0.0	0.0	0.0	0.0	0.0	0.0	0.0	0.0	0.0	0.0
ERR6178875	4	Homo sapiens	0.0033333334	0.0	0.0	0.0	0.0	0.0	0.0	0.0	0.0018655313	0.007196358	0.0062106084	0.9313993	0.009860892	0.0	0.0	0.01641767	0.006666667	0.009920319	0.0	0.0	0.0	0.0031697743	0.0	0.003959534
ERR6178876	4	Homo sapiens	0.0	0.0	0.0	0.0	0.0	0.0	0.0	0.0031635128	0.006440196	0.0	0.019281024	0.9545602	0.009888363	0.0	0.0	0.0	0.006666667	0.0	0.0	0.0	0.0	0.0	0.0	0.0
ERR6178877	4	Homo sapiens	0.0033333334	0.0	0.0	0.006535959	0.0	0.0	0.0	0.006179205	0.03223016	0.01469929	0.035656083	0.8584677	0.012966696	0.0	0.0	0.009879583	0.009969697	0.0	0.0	0.0	0.0	0.0030840524	0.0	0.006998243
ERR6178878	4	Homo sapiens	0.0	0.0	0.0055698776	0.009853828	0.0	0.0	0.0	0.006491816	0.015482336	0.013960021	0.043750647	0.8555299	0.013034177	0.0	0.0033333334	0.009835945	0.009888211	0.0032601464	0.0	0.0	0.0	0.006479564	0.0	0.0035301878
ERR6178879	4	Homo sapiens	0.0033298247	0.0	0.0	0.0033333334	0.0033198982	0.0	0.0	0.006358915	0.01598004	0.009540076	0.030246751	0.89951193	0.013148423	0.0	0.0	0.006666667	0.0	0.0033333334	0.0	0.0	0.0	0.0032616153	0.0	0.0019691673
ERR6178880	4	Homo sapiens	0.0	0.0	0.0	0.0033221478	0.0	0.0	0.0	0.0064521707	0.031282213	0.01577272	0.026377523	0.8882191	0.0153674735	0.0	0.0	0.009917291	0.0032893436	0.0	0.0	0.0	0.0	0.0	0.0	0.0
ERR6178881	4	Homo sapiens	0.0033333334	0.0	0.0028290823	0.0031570357	0.023082389	0.0	0.0	0.038189746	0.059644055	0.09978533	0.08392373	0.5867681	0.009662402	0.0033333334	0.0033333334	0.0099843545	0.009918616	0.0033333334	0.0	0.0	0.0	0.026547626	0.0	0.033174187
ERR6178882	4	Homo sapiens	0.0	0.0	0.0	0.0	0.0	0.0	0.0	0.0	0.0	0.0	0.0096463105	0.9870204	0.0	0.0	0.0	0.0	0.0033333334	0.0	0.0	0.0	0.0	0.0	0.0	0.0
ERR6178883	4	Homo sapiens	0.0	0.0	0.0	0.006610875	0.0	0.0	0.0	0.007587931	0.0	0.007914278	0.01780801	0.91369444	0.006506821	0.0	0.0	0.018370414	0.009860428	0.0	0.0	0.0	0.0	0.003162393	0.0	0.008484419
ERR6178884	4	Homo sapiens	0.039475843	0.0	0.0	0.0	0.013220493	0.0	0.0	0.10553792	0.036123086	0.13679655	0.08068357	0.45695603	0.039564162	0.0	0.0060476274	0.0033333334	0.0	0.0033333334	0.0	0.0	0.0	0.016266607	0.0	0.06266144
ERR6178885	4	Homo sapiens	0.036226656	0.0	0.001256374	0.006627571	0.0065317107	0.0	0.0	0.12598461	0.0503765	0.1292798	0.087146446	0.37016487	0.035546172	0.0	0.009348561	0.0	0.0	0.0	0.0	0.0	0.0	0.030943364	0.0	0.110567346
ERR6178886	4	Homo sapiens	0.0133298645	0.0	0.0	0.023151565	0.013333334	0.0	0.0	0.022838172	0.03607897	0.050387714	0.033837944	0.71664214	0.03193081	0.0	0.0033333334	0.009801795	0.0033333334	0.023192307	0.0	0.0	0.0	0.00968533	0.0	0.00912341
ERR6178887	4	Homo sapiens	0.013174603	0.0	0.0	0.021898082	0.022792675	0.0	0.0	0.068494454	0.07805746	0.09209351	0.064161465	0.32636884	0.0063264323	0.0	0.026581062	0.016630707	0.0065863454	0.0066514458	0.0	0.0	0.0	0.08601296	0.0033012312	0.16086873
ERR6178888	4	Homo sapiens	0.01997485	0.0	0.0	0.0017834782	0.009982889	0.0	0.0	0.023747973	0.061753497	0.08034561	0.04406967	0.691046	0.0033229275	0.0	0.0032764392	0.013333334	0.0033333334	0.0033333334	0.0	0.0	0.0	0.0064755925	0.0	0.034221057
ERR6178889	4	Homo sapiens	0.029931342	0.0	0.0031449157	0.009833482	0.016372137	0.0	0.0	0.105652586	0.06192168	0.1018096	0.08178689	0.35309264	0.016178941	0.0	0.02209073	0.0066121337	0.0032891156	0.0	0.0	0.0	0.0	0.034721836	0.006609721	0.14695226
ERR6178890	4	Homo sapiens	0.0	0.0	0.0	0.0	0.0	0.0	0.0	0.0066046966	0.016081955	0.0039179646	0.006916212	0.93827915	0.021563536	0.0	0.0	0.0066364855	0.0	0.0	0.0	0.0	0.0	0.0	0.0	0.0
ERR6178891	4	Homo sapiens	0.0	0.0	0.0	0.0	0.0	0.0	0.0	0.0	0.0	0.0	0.0033333334	0.9801303	0.009908802	0.0	0.0	0.0	0.0032942325	0.0	0.0	0.0	0.0	0.0	0.0	0.0033333334
ERR6178892	4	Homo sapiens	0.0	0.0	0.0	0.0	0.0	0.0	0.0	0.0	0.0	0.0	0.0	0.99666667	0.0033333334	0.0	0.0	0.0	0.0	0.0	0.0	0.0	0.0	0.0	0.0	0.0
ERR6178893	4	Homo sapiens	0.0	0.0	0.0	0.0065286374	0.0	0.0	0.0	0.0064999303	0.009472698	0.0070185913	0.023615137	0.8676034	0.013212609	0.0	0.0	0.02300666	0.013034198	0.019959463	0.0	0.0	0.0	0.0063699144	0.0	0.0036787149
ERR6178894	4	Homo sapiens	0.0	0.0	0.0	0.0	0.0	0.0	0.0	0.0	0.0	0.0	0.006500611	0.9836965	0.006498677	0.0	0.0	0.0	0.0033041688	0.0	0.0	0.0	0.0	0.0	0.0	0.0
ERR6178895	4	Homo sapiens	0.0	0.0	0.0	0.0	0.0	0.0	0.0	0.0	0.0	0.0	0.0	0.9868933	0.0033091537	0.0	0.0	0.0033333334	0.0064642443	0.0	0.0	0.0	0.0	0.0	0.0	0.0
ERR6178897	4	Homo sapiens	0.0	0.0	0.0	0.0065934975	0.0	0.0	0.0	0.0084083	0.01835766	0.00660197	0.025501	0.86162245	0.02420824	0.0	0.0	0.014775446	0.008471173	0.009931764	0.0	0.0	0.0	0.0	0.0	0.015528508
ERR6178898	4	Homo sapiens	0.0033333334	0.0	0.0	0.019804465	0.006616507	0.0033265096	0.0	0.009729208	0.022332171	0.010151287	0.06552338	0.73076963	0.021842882	0.0	0.0033333334	0.03986254	0.0130641395	0.0033333334	0.0	0.0	0.0	0.016167425	0.0	0.030809881
ERR6178899	4	Homo sapiens	0.0	0.0	0.0	0.0	0.0	0.0	0.0	0.0	0.0	0.0024293354	0.006115305	0.9816252	0.0065896083	0.0	0.0	0.0	0.0	0.00324055	0.0	0.0	0.0	0.0	0.0	0.0
ERR6178900	4	Homo sapiens	0.0033262712	0.0	0.0	0.0032479474	0.0	0.0	0.0	0.0	0.012808922	0.0031095978	0.0	0.9122308	0.022852072	0.0	0.0	0.0032510287	0.013148205	0.016573884	0.0	0.0	0.0	0.0033333334	0.0	0.0061179665
ERR6178901	4	Homo sapiens	0.0	0.0	0.0	0.0	0.0	0.0	0.0	0.0014349852	0.003245347	0.0	0.0030391237	0.98395437	0.003240649	0.0	0.0	0.001844981	0.0	0.00324055	0.0	0.0	0.0	0.0	0.0	0.0
ERR6178902	4	Homo sapiens	0.0	0.0	0.0	0.0032402792	0.0	0.0	0.0	0.0027808726	0.0032972323	0.0009451568	0.005885404	0.92804193	0.009837711	0.0	0.0028470634	0.019761601	0.0	0.016573884	0.0	0.0	0.0	0.0064349654	0.0	0.00035391672
ERR6178903	4	Homo sapiens	0.0	0.0	0.0	0.0033221478	0.0	0.0	0.0	0.0032329317	0.012945021	0.0018585859	0.020344958	0.9420814	0.009699475	0.0	0.0	0.0032261307	0.0032893436	0.0	0.0	0.0	0.0	0.0	0.0	0.0
ERR6178904	4	Homo sapiens	0.0	0.0	0.0	0.021695811	0.003211876	0.0	0.0	0.014827681	0.015089987	0.026488457	0.055837803	0.705711	0.014112686	0.0	0.007927916	0.05984064	0.012972998	0.0	0.0	0.0	0.0	0.027838817	0.003253012	0.031191304
ERR6178905	4	Homo sapiens	0.0	0.0	0.0	0.0	0.0	0.0	0.0	0.0014349852	0.0	0.0031355093	0.0062372773	0.9775132	0.0	0.0	0.0	0.001844981	0.0033333334	0.0065006963	0.0	0.0	0.0	0.0	0.0	0.0
ERR6178906	4	Homo sapiens	0.0	0.0	0.0	0.0	0.0	0.0	0.0	0.0	0.0033077055	0.0040722033	0.002255111	0.96054137	0.006666667	0.0	0.0	0.006626181	0.0066482318	0.009882511	0.0	0.0	0.0	0.0	0.0	0.0
ERR6178907	4	Homo sapiens	0.0	0.0	0.0	0.0	0.0	0.0	0.0	0.0	0.0	0.0	0.0033333334	0.99333334	0.0	0.0	0.0	0.0	0.0033333334	0.0	0.0	0.0	0.0	0.0	0.0	0.0
ERR6178908	4	Homo sapiens	0.009955747	0.0	0.0	0.013022523	0.0032831738	0.0	0.0	0.009815492	0.015967226	0.0074372073	0.030609488	0.803761	0.019613001	0.0	0.0	0.026429027	0.009690368	0.023252055	0.0	0.0	0.0	0.016021777	0.0	0.011141921
ERR6178909	4	Homo sapiens	0.0033299285	0.0	0.0	0.0	0.0	0.0	0.0	0.0	0.00328125	0.0	0.0030391237	0.9871293	0.0032204515	0.0	0.0	0.0	0.0	0.0	0.0	0.0	0.0	0.0	0.0	0.0
ERR6178910	4	Homo sapiens	0.0	0.0	0.0	0.0	0.0	0.0	0.0	0.0	0.0	0.0026002657	0.0030456535	0.98792064	0.0031944443	0.0	0.0	0.0	0.0	0.0	0.0	0.0	0.0	0.0032390214	0.0	0.0
ERR6178911	4	Homo sapiens	0.0	0.0	0.0	0.009843306	0.0	0.0	0.0	0.00331311	0.006666667	0.0055648447	0.0153372735	0.9108929	0.013218059	0.0	0.00327661	0.00664691	0.013183339	0.0065738834	0.0	0.0	0.0	0.0028565705	0.0	0.0026265103
ERR6178912	4	Homo sapiens	0.006666667	0.0	0.0031449157	0.005736069	0.0032532532	0.0	0.0	0.01966185	0.025847577	0.01830358	0.0799919	0.74494827	0.006611382	0.0	0.0	0.014605346	0.011304069	0.00999334	0.0	0.0	0.0	0.021609854	0.0	0.028321939
ERR6178913	4	Homo sapiens	0.026653185	0.0	0.0	0.0032258064	0.0033198965	0.0	0.0	0.01669749	0.017556122	0.016466463	0.044659007	0.7959407	0.016214836	0.0	0.0	0.014763039	0.0065570036	0.01662259	0.0	0.0	0.0	0.011531788	0.0	0.009792065
ERR6178914	4	Homo sapiens	0.0	0.0	0.0	0.0	0.0	0.0	0.0	0.0	0.0	0.0	0.0	0.9967397	0.003260292	0.0	0.0	0.0	0.0	0.0	0.0	0.0	0.0	0.0	0.0	0.0
ERR6178915	4	Homo sapiens	0.0	0.0	0.0	0.009870117	0.0	0.0	0.0	0.003221344	0.0032101301	0.001288068	0.029341921	0.91059446	0.010646795	0.0	0.0	0.022231996	0.0	0.0033333334	0.0	0.0	0.0	0.0032366512	0.0	0.003025185
ERR6178916	4	Homo sapiens	0.0	0.0	0.0	0.0	0.0	0.0	0.0	0.0	0.0	0.0	0.0	0.99342763	0.0	0.0	0.0	0.0	0.0	0.0033333334	0.0	0.0	0.0	0.0032390214	0.0	0.0
ERR6178917	4	Homo sapiens	0.0033180972	0.0	0.0	0.0033333334	0.0	0.0	0.0	0.0019939113	0.0032333334	0.0	0.0064339363	0.9475332	0.0077253063	0.0	0.0	0.009951641	0.0031439394	0.006666667	0.0	0.0	0.0	0.0	0.0	0.006666667
ERR6178918	4	Homo sapiens	0.016587494	0.0	0.0	0.0043270946	0.0033333334	0.0	0.0	0.018913595	0.04779683	0.0370614	0.051052645	0.6732843	0.056145955	0.0	0.0033333334	0.022716887	0.013273807	0.023121655	0.0	0.0	0.0	0.01417842	0.0	0.014873268
ERR6178919	4	Homo sapiens	0.046598934	0.0	0.0	0.004418717	0.009083948	0.0	0.0	0.038499113	0.04038594	0.064751975	0.060748678	0.61080444	0.04749164	0.0	0.0	0.013315991	0.009891582	0.0065740743	0.0	0.0	0.0	0.015686806	0.0	0.031748135
ERR6178920	4	Homo sapiens	0.0	0.0	0.0	0.0	0.0	0.0	0.0	0.0	0.0	0.0	0.0	0.99666667	0.0	0.0	0.0	0.0033333334	0.0	0.0	0.0	0.0	0.0	0.0	0.0	0.0
ERR6178921	4	Homo sapiens	0.0	0.0	0.0	0.0	0.0	0.0	0.0	0.0	0.0	0.0	0.0030584193	0.99694157	0.0	0.0	0.0	0.0	0.0	0.0	0.0	0.0	0.0	0.0	0.0	0.0
ERR6178923	4	Homo sapiens	0.029982392	0.0	0.0	0.0033073323	0.0	0.0	0.0	0.009492241	0.034449752	0.015813196	0.024395118	0.730251	0.016521424	0.0	0.00327661	0.029822031	0.0065906737	0.079616144	0.0	0.0	0.0	0.0	0.0	0.016482072
ERR6178924	4	Homo sapiens	0.013320588	0.0	0.0028372053	0.025365852	0.026230976	0.0	0.0	0.0290536	0.01743012	0.029303355	0.031084117	0.4539373	0.020301562	0.0032633333	0.009901396	0.054767985	0.0032460557	0.1492236	0.0	0.0	0.0	0.031510238	0.0	0.09922273
ERR6178925	4	Homo sapiens	0.023262411	0.0	0.0	0.0033333334	0.0033333334	0.0	0.0	0.01301038	0.028099295	0.024990963	0.015035779	0.7926976	0.006629496	0.0	0.0	0.016517114	0.023333333	0.044811875	0.0	0.0	0.0	0.0	0.0	0.0049450593
ERR6178926	4	Homo sapiens	0.01997866	0.0	0.0	0.009122007	0.0065457397	0.0	0.0	0.013110764	0.019000648	0.0263144	0.024401117	0.7597179	0.038422696	0.0	0.00327661	0.013169587	0.005409818	0.026536161	0.0	0.0	0.0	0.015062577	0.0	0.01993134
ERR6178927	4	Homo sapiens	0.07638067	0.0	0.0	0.0120776985	0.016539196	0.0	0.0	0.0817822	0.045096546	0.06944795	0.036157582	0.4007213	0.02878371	0.0	0.009643753	0.026548447	0.009845989	0.07923199	0.0	0.0	0.0	0.010956567	0.0033031218	0.09348327
ERR6178928	4	Homo sapiens	0.0	0.0	0.0	0.0023665638	0.0	0.0	0.0	0.0033333334	0.009688976	0.006228689	0.01372435	0.8959635	0.019649632	0.0	0.0	0.00994153	0.026615947	0.009996613	0.0	0.0	0.0	0.0	0.0	0.0024908711
ERR6178929	4	Homo sapiens	0.0	0.0	0.0	0.0032612965	0.0	0.0	0.0	0.0033221564	0.0018435861	0.0030973165	0.01770353	0.92124885	0.019705044	0.0	0.0	0.003284974	0.02	0.0065332176	0.0	0.0	0.0	0.0	0.0	0.0
ERR6178930	4	Homo sapiens	0.0033298428	0.0	0.0	0.0	0.0	0.0	0.0	0.0	0.0031860392	0.0	0.006635391	0.9637989	0.0032326283	0.0	0.0	0.009841679	0.0066422084	0.0033333334	0.0	0.0	0.0	0.0	0.0	0.0
ERR6178931	4	Homo sapiens	0.0	0.0	0.0	0.0	0.0	0.0	0.0	0.012864014	0.0064445757	0.0	0.020004246	0.91183764	0.012207877	0.0	0.0	0.0099049555	0.0033333334	0.01992051	0.0	0.0	0.0	0.003277951	0.0	0.00020492867
ERR6178932	4	Homo sapiens	0.029962713	0.0	0.0	0.01	0.015699696	0.0	0.0	0.022587348	0.07031306	0.06666737	0.06551418	0.60308534	0.036807623	0.0	0.0060476274	0.016570065	0.009911745	0.006666667	0.0	0.0	0.0	0.012129784	0.0	0.028036758
ERR6178933	4	Homo sapiens	0.0	0.0	0.0	0.0	0.0	0.0	0.0	0.0	0.0032411977	0.0	0.018970085	0.9648709	0.006387739	0.0	0.0	0.0	0.0065300404	0.0	0.0	0.0	0.0	0.0	0.0	0.0
ERR6178934	4	Homo sapiens	0.0	0.0	0.0	0.0	0.0	0.0	0.0	0.0032463185	0.0031860392	0.0	0.0032888665	0.9704055	0.00987323	0.0	0.0	0.0	0.006666667	0.0033333334	0.0	0.0	0.0	0.0	0.0	0.0
ERR6178935	4	Homo sapiens	0.0	0.0	0.0	0.01853147	0.0	0.0	0.0	0.013050225	0.01872489	0.017838238	0.016185593	0.7963878	0.022796245	0.0	0.0	0.03296656	0.009903081	0.023242481	0.0	0.0	0.0	0.014547382	0.0	0.015826048
ERR6178936	4	Homo sapiens	0.013283779	0.0	0.0	0.0048688552	0.009863664	0.0	0.0	0.03261419	0.02352236	0.04586025	0.0321864	0.648553	0.030989574	0.0	0.002790517	0.022982268	0.008743152	0.06973139	0.0	0.0	0.0	0.014414615	0.0	0.039595976
ERR6178937	4	Homo sapiens	0.02665226	0.0	0.0	0.01930282	0.062490802	0.0	0.0	0.08403065	0.032870907	0.061706845	0.046825245	0.33569372	0.023743637	0.0	0.025998713	0.0065389527	0.0065201526	0.025773922	0.0	0.0	0.0	0.08581247	0.0033211918	0.15271772
ERR6178938	4	Homo sapiens	0.0	0.0	0.0	0.0	0.0	0.0	0.0	0.0	0.0031891183	0.0	0.0030186255	0.9873577	0.006434586	0.0	0.0	0.0	0.0	0.0	0.0	0.0	0.0	0.0	0.0	0.0
ERR6178939	4	Homo sapiens	0.0	0.0	0.0	0.022063263	0.0	0.0	0.0	0.0053667477	0.011713337	0.0059835897	0.05644125	0.81492937	0.009929006	0.0	0.0032705648	0.021323368	0.0018484964	0.009901283	0.0	0.0	0.0	0.012325296	0.0	0.024904436
ERR6178940	4	Homo sapiens	0.0033333334	0.0	0.0	0.0	0.0066393656	0.0	0.0	0.052273627	0.03302886	0.025000194	0.026749931	0.63064617	0.019256875	0.0	0.0	0.042852398	0.012547431	0.102646455	0.0	0.0	0.0	0.012972761	0.0	0.03205262
ERR6178941	4	Homo sapiens	0.0033333334	0.0	0.0	0.0	0.0032981248	0.0033265096	0.0	0.0032936507	0.009478364	0.00045637848	0.04062385	0.82867634	0.019590983	0.0	0.0	0.029755505	0.016605064	0.035062462	0.0	0.0	0.0	0.0031404693	0.0	0.0033589543
ERR6178942	4	Homo sapiens	0.0033262712	0.0	0.0027117627	0.008194828	0.0	0.0	0.0	0.030823437	0.0032010581	0.017372094	0.09311829	0.68119884	0.07225704	0.0	0.0013608506	0.0166078	0.019474454	0.033112228	0.0	0.0	0.0	0.009791755	0.0	0.0074492698
ERR6178943	4	Homo sapiens	0.0	0.0	0.0	0.006630303	0.0	0.0033265096	0.0	0.003221122	0.0062988545	0.009724657	0.003048062	0.849423	0.043261375	0.0	0.0032786324	0.012247184	0.013299664	0.036404178	0.0	0.0	0.0	0.0031697743	0.0	0.006666667
ERR6178944	4	Homo sapiens	0.0033333334	0.0	0.0	0.009885394	0.009994482	0.0	0.0	0.015622922	0.016855272	0.026317827	0.04905166	0.67173934	0.04299485	0.0	0.0	0.034951612	0.01263755	0.07648566	0.0	0.0	0.0	0.0031160116	0.0	0.027014107
ERR6178945	4	Homo sapiens	0.006652314	0.0	0.0	0.0	0.00648977	0.0033265096	0.0	0.012524561	0.048339404	0.024315104	0.056495275	0.6815109	0.050800487	0.0	0.00327661	0.00646442	0.019979212	0.05637566	0.0	0.0	0.0	0.012352589	0.0	0.011097149
ERR6178946	4	Homo sapiens	0.019985648	0.0	0.0	0.005415454	0.009901978	0.0	0.0	0.042959273	0.054064684	0.07906049	0.06748994	0.64594156	0.016239176	0.0	0.0	0.0033333334	0.0033333334	0.0032835822	0.0	0.0	0.0	0.01927308	0.0	0.02971849
ERR6178947	4	Homo sapiens	0.033250984	0.0	0.0018789815	0.015873346	0.0033164814	0.006595008	0.0	0.10563597	0.06982563	0.12848619	0.061028942	0.34995234	0.0031979368	0.0033333334	0.016019223	0.0032806324	0.0065002088	0.0	0.0	0.0	0.0	0.065331936	0.0	0.12649286
ERR6178948	4	Homo sapiens	0.0033333334	0.0	0.0	0.0033229706	0.0	0.0	0.0	0.0031098695	0.012943109	0.005546642	0.032312267	0.84035176	0.033179928	0.0	0.0	0.013113845	0.016529072	0.029924702	0.0	0.0	0.0	0.006245547	0.0	8.695652e-05
ERR6178949	4	Homo sapiens	0.0	0.0	0.0	0.0	0.0	0.0	0.0	0.0031391585	0.0031860392	0.0063601667	0.0126185	0.9581749	0.0033152967	0.0	0.0	0.013205978	0.0	0.0	0.0	0.0	0.0	0.0	0.0	0.0
ERR6178950	4	Homo sapiens	0.0	0.0	0.0	0.00987012	0.0	0.0	0.0	0.0	0.0	0.0029800306	0.03649457	0.90371907	0.009832302	0.0	0.0033333334	0.013161953	0.016476909	0.0032581196	0.0	0.0	0.0	0.0	0.0	0.0008735757
ERR6178951	4	Homo sapiens	0.013293505	0.0	0.0	0.0063872277	0.0066247303	0.0	0.0	0.0279026	0.025609398	0.0477515	0.06579985	0.6719182	0.06267592	0.0	0.0063122897	0.009993128	0.019814087	0.0033333334	0.0	0.0	0.0	0.009617336	0.0	0.022966905
ERR6178952	4	Homo sapiens	0.013278634	0.0	0.0031449157	0.019606424	0.012087649	0.0033265096	0.0	0.028119642	0.04126007	0.07293033	0.07197284	0.5594017	0.04272983	0.0	0.0031329326	0.021310246	0.021077752	0.003285124	0.0	0.0	0.0	0.024171662	0.0	0.059163745
ERR6178953	4	Homo sapiens	0.0	0.0	0.0	0.009877117	0.003323958	0.0	0.0	0.0072010243	0.014804428	0.02755827	0.076042816	0.69867164	0.042907912	0.0	0.0	0.053072978	0.02661242	0.016515864	0.0	0.0	0.0	0.0064357677	0.0	0.016975787
ERR6178954	4	Homo sapiens	0.009976143	0.0	0.001256374	0.016528262	0.018961227	0.0	0.0	0.053320702	0.04685168	0.08725227	0.07320375	0.4540993	0.029766513	0.0	0.006552597	0.04986632	0.013002587	0.009959514	0.0	0.0	0.0	0.05944128	0.0	0.06996148
ERR6178955	4	Homo sapiens	0.0	0.0	0.0	0.0	0.0	0.0	0.0	0.0	0.0	0.0	0.0	0.99666667	0.0	0.0	0.0	0.0	0.0033333334	0.0	0.0	0.0	0.0	0.0	0.0	0.0
ERR6178956	4	Homo sapiens	0.0	0.0	0.0	0.0	0.0	0.0	0.0	0.0064742295	0.021949533	0.014693731	0.010432266	0.8724801	0.022934195	0.0	0.0	0.019882401	0.009765277	0.0033333334	0.0	0.0	0.0	0.0065530865	0.0	0.011501837
ERR6178957	4	Homo sapiens	0.0	0.0	0.0034232037	0.022818444	0.019622006	0.0032822087	0.0	0.04328859	0.026548019	0.060298618	0.06602113	0.49572238	0.008069787	0.0	0.025105072	0.033172123	0.022947438	0.02658456	0.0	0.0	0.0	0.045671094	0.0032784562	0.09414688
ERR6178958	4	Homo sapiens	0.0	0.0	0.0	0.0	0.0	0.0	0.0	0.0	0.0	0.003159923	0.0031453634	0.97954214	0.006612356	0.0	0.0	0.0	0.0033333334	0.0033333334	0.0	0.0	0.0	0.0	0.0	0.0008735757
ERR6178959	4	Homo sapiens	0.0	0.0	0.0	0.0	0.0	0.0	0.0	0.0	0.0	0.0	0.0030468516	0.9936198	0.0033333334	0.0	0.0	0.0	0.0	0.0	0.0	0.0	0.0	0.0	0.0	0.0
ERR6178960	4	Homo sapiens	0.0	0.0	0.0	0.0	0.0	0.0	0.0	0.0	0.0	0.0	0.0031317393	0.99376506	0.0031032278	0.0	0.0	0.0	0.0	0.0	0.0	0.0	0.0	0.0	0.0	0.0
ERR6178961	4	Homo sapiens	0.0	0.0	0.0	0.0	0.0	0.0	0.0	0.0	0.0	0.0	0.0032534422	0.9869799	0.006553785	0.0	0.0	0.0032128515	0.0	0.0	0.0	0.0	0.0	0.0	0.0	0.0
ERR6178962	4	Homo sapiens	0.0	0.0	0.0	0.0033019024	0.0	0.0	0.0	0.0	0.0	0.0	0.0029748774	0.97404367	0.016379863	0.0	0.0	0.0	0.0032996633	0.0	0.0	0.0	0.0	0.0	0.0	0.0
ERR6178963	4	Homo sapiens	0.0033333334	0.0	0.0	0.0	0.0	0.0	0.0	0.0	0.0	0.0	0.0	0.99666667	0.0	0.0	0.0	0.0	0.0	0.0	0.0	0.0	0.0	0.0	0.0	0.0
ERR6178964	4	Homo sapiens	0.0	0.0	0.0	0.01327745	0.0	0.0	0.0	0.0065621734	0.009801304	0.013529055	0.02480788	0.8955906	0.003240649	0.0032544378	0.0032861477	0.006656336	0.0032298341	0.0033333334	0.0	0.0	0.0	0.0062942067	0.0	0.007136563
ERR6178965	4	Homo sapiens	0.0	0.0	0.0	0.0	0.0	0.0	0.0	0.0	0.0	0.0	0.006423045	0.99357694	0.0	0.0	0.0	0.0	0.0	0.0	0.0	0.0	0.0	0.0	0.0	0.0
ERR6178966	4	Homo sapiens	0.0	0.0	0.0	0.0	0.0	0.0	0.0	0.0	0.0	0.0	0.0030750309	0.996925	0.0	0.0	0.0	0.0	0.0	0.0	0.0	0.0	0.0	0.0	0.0	0.0
ERR6178967	4	Homo sapiens	0.0	0.0	0.0	0.0	0.0	0.0	0.0	0.0	0.0	0.0	0.0060128523	0.9907667	0.0032204515	0.0	0.0	0.0	0.0	0.0	0.0	0.0	0.0	0.0	0.0	0.0
ERR6178968	4	Homo sapiens	0.0	0.0	0.0	0.0	0.0	0.0	0.0	0.0	0.006514955	0.0	0.018970538	0.9547564	0.006521568	0.0	0.0	0.0033230027	0.009913568	0.0	0.0	0.0	0.0	0.0	0.0	0.0
ERR6178969	4	Homo sapiens	0.006663205	0.0	0.0	0.0064941905	0.0033239832	0.0	0.0	0.0	0.003273453	0.002893309	0.013008394	0.9314523	0.00664863	0.0	0.0032705648	0.009876002	0.00980646	0.0032581196	0.0	0.0	0.0	0.0	0.0	3.138421e-05
ERR6178970	4	Homo sapiens	0.0033298428	0.0	0.0	0.0	0.0	0.0	0.0	0.0	0.00328125	0.0	0.009232023	0.9708954	0.0	0.0	0.0032781458	0.0	0.00664998	0.0033333334	0.0	0.0	0.0	0.0	0.0	0.0
ERR6178971	4	Homo sapiens	0.0	0.0	0.0	0.0	0.0	0.0	0.0	0.0	0.0	0.0009770485	0.0063599935	0.88872486	0.0064541893	0.0	0.0	0.043047097	0.01325077	0.023142384	0.0	0.0	0.0	0.0085197585	0.003306011	0.0062179146
ERR6178972	4	Homo sapiens	0.0	0.0	0.0	0.0	0.0	0.0	0.0	0.0	0.0	0.0	0.0030750309	0.996925	0.0	0.0	0.0	0.0	0.0	0.0	0.0	0.0	0.0	0.0	0.0	0.0
ERR6178973	4	Homo sapiens	0.0033333334	0.0	0.0	0.0	0.0	0.0	0.0	0.0	0.0	0.0031235882	0.012754036	0.9197562	0.009924277	0.0	0.0032781458	0.016478427	0.01966158	0.006666667	0.0	0.0	0.0	0.0030220977	0.0	0.0020016893
ERR6178974	4	Homo sapiens	0.0	0.0	0.0	0.0	0.0	0.0	0.0	0.0	0.0	0.0	0.0	0.9935	0.0065000216	0.0	0.0	0.0	0.0	0.0	0.0	0.0	0.0	0.0	0.0	0.0
ERR6178975	4	Homo sapiens	0.009950446	0.0	0.0	0.0	0.0	0.0	0.0	0.00657821	0.006666667	0.0029480122	0.047308877	0.8624661	0.013108018	0.0	0.0	0.016562372	0.019956727	0.0032263456	0.0	0.0	0.0	0.0033038347	0.0	0.007924366
ERR6178976	4	Homo sapiens	0.016557895	0.0	0.0	0.016419357	0.006447816	0.0	0.0	0.026746513	0.042377938	0.047937423	0.078002304	0.6804994	0.014421146	0.0	0.0032786324	0.01	0.019427607	0.003316913	0.0	0.0	0.0	0.0060980795	0.0	0.028469002
ERR6178977	4	Homo sapiens	0.0	0.0	0.0	0.0	0.0	0.0	0.0	0.0	0.0	0.0	0.003306686	0.9933815	0.003311828	0.0	0.0	0.0	0.0	0.0	0.0	0.0	0.0	0.0	0.0	0.0
ERR6178978	4	Homo sapiens	0.0	0.0	0.0	0.0	0.0	0.0	0.0	0.0	0.0	0.0	0.0030742497	0.9903491	0.0	0.0	0.0	0.0	0.0033165154	0.0032601464	0.0	0.0	0.0	0.0	0.0	0.0
ERR6178979	4	Homo sapiens	0.0	0.0	0.0	0.0032770047	0.0	0.0	0.0	0.0	0.0	0.003236842	0.003262485	0.9500312	0.01	0.0	0.0	0.009887799	0.0032711572	0.006606365	0.0	0.0	0.0	0.009457063	0.0	0.00097006693
ERR6178980	4	Homo sapiens	0.0	0.0	0.0	0.0	0.0	0.0	0.0	0.0031635128	0.0050962744	0.0053200405	0.023508087	0.91809523	0.022968408	0.0	0.003262483	0.0033333334	0.0098877745	0.0	0.0	0.0	0.0	0.0	0.0	0.0053648674
ERR6178981	4	Homo sapiens	0.0	0.0	0.0	0.009781707	0.0	0.0	0.0	0.019455263	0.012681147	0.019655788	0.033769693	0.832338	0.034019183	0.0	0.003262483	0.005174885	0.0032069972	0.0033276812	0.0	0.0	0.0	0.0063722357	0.0	0.016954964
ERR6178982	4	Homo sapiens	0.0	0.0	0.0	0.0	0.0	0.0	0.0	0.0	0.0	0.0	0.0	0.98010004	0.0	0.0	0.0	0.006628827	0.009937824	0.0	0.0	0.0	0.0	0.0	0.0	0.0033333334
ERR6178983	4	Homo sapiens	0.0	0.0	0.0	0.008685366	0.00313897	0.0	0.0	0.006417891	0.01598551	0.001288068	0.018569779	0.8336917	0.0043880125	0.0	0.0032781458	0.023251705	0.018766036	0.03970585	0.0	0.0	0.0	0.015729552	0.003306011	0.0037974045
ERR6178984	4	Homo sapiens	0.0	0.0	0.0	0.0	0.0	0.0	0.0	0.0	0.0	0.0	0.006451664	0.986951	0.0009139186	0.0	0.0	0.0023500763	0.0033333334	0.0	0.0	0.0	0.0	0.0	0.0	0.0
ERR6178985	4	Homo sapiens	0.0033333334	0.0	0.0	0.0065958165	0.0	0.0	0.0	0.012748182	0.029567081	0.014946027	0.034002215	0.8356613	0.038891856	0.0	0.0	0.009892797	0.0033144427	0.0	0.0	0.0	0.0	0.0	0.0	0.01104698
ERR6178986	4	Homo sapiens	0.026353326	0.0	0.0	0.02820244	0.009880818	0.0	0.0	0.046073347	0.06519362	0.11313148	0.10682369	0.49897835	0.022855842	0.0	0.0060931137	0.009966125	0.00968878	0.0032835822	0.0	0.0	0.0	0.009753788	0.0	0.04372169
ERR6178987	4	Homo sapiens	0.0	0.0	0.0	0.0	0.0	0.0	0.0	0.0	0.0	0.0	0.00620677	0.99379325	0.0	0.0	0.0	0.0	0.0	0.0	0.0	0.0	0.0	0.0	0.0	0.0
ERR6178988	4	Homo sapiens	0.0	0.0	0.0	0.0029973008	0.0	0.0	0.0	0.003295942	0.008299834	0.0014213573	0.006543522	0.9502694	0.0031267605	0.0	0.0	0.013172284	0.0033333334	0.0033333334	0.0	0.0	0.0	0.0033333334	0.0	0.0008735757
SRR4047197	4	Ambrosia artemisiifolia	0.0	0.0	0.70369697	0.057331044	0.006174916	0.0013310765	0.03865102	0.0010584579	0.004809089	0.006568547	0.022057174	0.023993474	0.00025214782	0.00034132277	0.0	0.0	0.0	0.0	0.0	0.0	0.0	0.08059341	0.05050019	0.0026411444
SRR4047199	4	Ambrosia artemisiifolia	0.0	0.0	0.69691855	0.058255747	0.0060560424	0.0013310765	0.03988291	0.0010584579	0.0063922475	0.006454501	0.024534779	0.017147552	0.00025214782	0.00034132277	0.0	0.0	0.0	0.0	0.0	0.0	0.0	0.08574348	0.05253084	0.003100347
SRR4047201	4	Ambrosia artemisiifolia	0.0	0.0	0.6487206	0.08790582	0.008621026	0.004385441	0.037979573	0.0010584579	0.01018883	0.0074757463	0.03438765	0.0230766	0.00025214782	0.00034132277	0.0	0.0	0.0	0.0	0.0	0.0	0.0	0.0896241	0.042107712	0.0038749725
SRR4047203	4	Ambrosia artemisiifolia	0.0	0.0	0.5665981	0.09622965	0.013107644	0.004385441	0.04546611	0.0010584579	0.008655572	0.014415736	0.04285092	0.03293619	0.00025214782	0.00034132277	0.0	0.0	0.0	0.0	0.0	0.0	0.0	0.09902412	0.07018049	0.0044980487
SRR4047207	4	Ambrosia artemisiifolia	0.0	0.0	0.7282926	0.050338354	0.0057183187	0.0013310765	0.03625973	0.0010584579	0.0058146585	0.006454501	0.023673706	0.01985432	0.00025214782	0.00034132277	0.0	0.0	0.0	0.0	0.0	0.0	0.0	0.07221809	0.045482114	0.0029106357
SRR4047214	4	Ambrosia artemisiifolia	0.0	0.0	0.7134889	0.03928748	0.007810075	0.0045112404	0.037566714	0.0010584579	0.0025694815	0.023043562	0.016474715	0.042254873	0.00025214782	0.00034132277	0.009699252	0.0	0.0	0.0	0.0	0.0	0.0	0.052844293	0.03819867	0.010598811
SRR4047219	4	Ambrosia artemisiifolia	0.0	0.0	0.54643875	0.104699	0.013402279	0.0019908887	0.039959084	0.0020549132	0.016791975	0.013494188	0.052646127	0.039645817	0.00025214782	0.00034132277	0.0	0.0	0.0	0.0	0.0	0.0	0.0	0.12772396	0.03477967	0.0057798503
SRR4047221	4	Ambrosia artemisiifolia	0.0	0.0	0.25966424	0.1588563	0.033501353	0.0050452533	0.0949597	0.0	0.0338039	0.011204815	0.11666005	0.06557468	0.00025214782	0.00034132277	0.002244474	0.0	0.0	0.0	0.0	0.0	0.0	0.08496898	0.12004994	0.012872841
SRR4047223	4	Ambrosia artemisiifolia	0.0	0.0	0.47768182	0.12729292	0.017701792	0.0050452533	0.047548126	0.0010584579	0.017538594	0.010964533	0.06253093	0.042225525	0.00025214782	0.0031678097	0.0	0.0	0.0	0.0	0.0	0.0	0.0	0.12635069	0.052822154	0.007819244
SRR4047225	4	Ambrosia artemisiifolia	0.0	0.0	0.35567695	0.14176819	0.025674222	0.0025848653	0.05702983	0.0010584579	0.029697176	0.014710237	0.09754172	0.07248248	0.00025214782	0.00034132277	0.0	0.0	0.0	0.0	0.0	0.0	0.0	0.106638916	0.0832746	0.011268903
SRR4047228	4	Ambrosia artemisiifolia	0.0	0.0	0.61522675	0.076268196	0.01004324	0.00236908	0.049899183	0.0010584579	0.010875651	0.011315029	0.037709713	0.026997818	0.00025214782	0.0043717143	0.0	0.0	0.0	0.0	0.0	0.0	0.0	0.098935574	0.04983749	0.004839979
SRR5047040	4	Homo sapiens	0.0	0.0	0.029392699	0.021485407	0.029951254	0.00797389	0.006336048	0.0	0.01381693	0.022968028	0.056681152	0.5964232	0.011807708	0.0032260194	0.061978508	0.0	0.0	0.0	0.0	0.0	0.0	0.038517985	0.032913357	0.0665278
SRR5047041	4	Homo sapiens	0.0	0.0	0.003584384	0.040409997	0.019394597	0.0039187972	0.010311592	0.0	0.016589476	0.00984808	0.05316306	0.7108557	0.0096987095	0.0032786324	0.0348025	0.0	0.0	0.0	0.0	0.0	0.0	0.019816596	0.022028908	0.042298928
SRR5047042	4	Homo sapiens	0.0	0.0	0.0031233174	0.0	0.0	0.007517698	0.01919815	0.0	0.0028896776	0.012638143	0.0	0.84471846	0.09267722	0.0028111401	0.00013524684	0.0	0.0	0.0	0.0	0.0	0.0	0.008683053	0.0	0.0056078895
SRR5047043	4	Homo sapiens	0.0	0.0	0.011700215	0.025850942	0.0445121	0.0072366404	0.021660553	0.0	0.057565395	0.0032594064	0.17514412	0.49390778	0.0	0.0030558098	0.023611123	0.0	0.0	0.0	0.0	0.0	0.0	0.009455581	0.083537266	0.039503057
SRR5047044	4	Homo sapiens	0.0	0.0	0.006930438	0.004814219	0.023364034	0.010250038	0.017247926	0.0069336127	0.02001479	0.020469101	0.0685463	0.6948575	0.030723006	0.009554799	0.012501148	0.0	0.0	0.0	0.0	0.0	0.0	0.0027040162	0.047693785	0.023395294
SRR5047045	4	Homo sapiens	0.0	0.0	0.014796561	0.006010571	0.0033065595	0.0	0.0	0.0065471446	0.019691305	0.029807573	0.02501677	0.70260733	0.06795511	0.048987586	0.0095201405	0.0	0.0	0.0	0.0	0.0	0.0	0.011022829	0.01646345	0.03826708
SRR5047046	4	Homo sapiens	0.0	0.0	0.021202466	0.0018073281	0.003798162	0.0033038245	0.0011121571	0.003239342	0.009546875	0.034714658	0.024225704	0.7944416	0.013753801	0.0054275915	0.015754964	0.0	0.0	0.0	0.0	0.0	0.0	0.012160245	0.024584193	0.030927135
SRR5047047	4	Homo sapiens	0.0	0.0	0.021313883	0.0001941438	0.003089643	0.0030654438	0.005216249	0.003212609	0.0	0.022670213	0.0035284855	0.7333257	0.076948315	0.061577667	0.011603023	0.0	0.0	0.0	0.0	0.0	0.0	0.0042712674	0.017053021	0.032930315
SRR5047048	4	Homo sapiens	0.0	0.0	0.005845215	0.0	0.0	0.0032737444	0.002974859	0.0	0.0	0.01053427	0.0027012916	0.7955685	0.13313004	0.040638827	0.0	0.0	0.0	0.0	0.0	0.0	0.0	0.0	0.0032784636	0.0020547668
SRR5047049	4	Homo sapiens	0.0	0.0	0.006020294	0.0	0.0	0.0033080853	0.0	0.0030098583	0.0	0.017895399	0.0	0.83405477	0.11028495	0.019312141	0.0	0.0	0.0	0.0	0.0	0.0	0.0	0.0	0.0	0.0061145322
SRR5047050	4	Homo sapiens	0.0	0.0	0.024798682	0.031987514	0.00611418	0.007106868	0.019717457	0.0	0.008160833	0.017918037	0.03140286	0.6959803	0.0002985416	0.0	0.022036377	0.0	0.0	0.0	0.0	0.0	0.0	0.006610976	0.10568839	0.022178996
SRR5047051	4	Homo sapiens	0.0	0.0	0.005940609	0.016347913	0.049023062	0.0027107557	0.024803584	0.0	0.06341717	0.0	0.20212364	0.4576238	0.0	0.0	0.01630976	0.0	0.0	0.0	0.0	0.0	0.0	0.019074578	0.10314379	0.039481346
SRR5047052	4	Homo sapiens	0.0	0.0	0.007373493	0.020658148	0.034561366	0.005653486	0.022663744	0.0	0.044452764	0.0	0.1372177	0.57321984	0.0025582314	0.0	0.029335437	0.0	0.0	0.0	0.0	0.0	0.0	0.012213556	0.06276516	0.04732708
SRR5047053	4	Homo sapiens	0.0	0.0	0.014854261	0.003294203	0.0034736192	0.009546755	0.006629571	0.011850411	0.007567728	0.015449336	0.007588985	0.7316663	0.07697623	0.03503746	0.02051644	0.0	0.0	0.0	0.0	0.0	0.0	0.009130145	0.015206672	0.031211868
SRR5047054	4	Homo sapiens	0.0	0.0	0.0117628295	0.041768715	0.009591774	0.007503238	0.0038909803	0.0	0.017719364	0.02027573	0.022503426	0.60738695	0.0064102397	0.0033095481	0.12081863	0.0	0.0	0.0	0.0	0.0	0.0	0.027173935	0.0061024297	0.09378219
SRR5047055	4	Homo sapiens	0.0	0.0	0.004518779	0.023307001	0.105858706	0.011454602	0.047347095	0.0	0.12024817	7.880308e-05	0.38973692	0.07216473	0.0	0.0	0.00038168303	0.0	0.0	0.0	0.0	0.0	0.0	0.01756549	0.17396234	0.033375688
SRR5047056	4	Homo sapiens	0.0	0.0	0.0037731724	0.03214999	0.038066108	0.007015833	0.026512148	0.0	0.047172222	0.0006338694	0.13327844	0.5528373	0.0	0.0	0.022401595	0.0	0.0	0.0	0.0	0.0	0.0	0.01555163	0.077281475	0.043326188
SRR5047057	4	Homo sapiens	0.0	0.0	0.01432483	0.009936971	0.0044123586	0.0053196824	0.0019522769	0.006400295	0.011099153	0.031520963	0.019630974	0.73230577	0.070471086	0.028480778	0.015215551	0.0	0.0	0.0	0.0	0.0	0.0	0.004727132	0.010939921	0.033262257
SRR5047058	4	Homo sapiens	0.0	0.0	0.012263503	0.0031166074	0.0030531373	0.0	0.002974859	0.0	0.0013761735	0.013793044	0.00040903036	0.7910903	0.10703751	0.045544174	0.0019266428	0.0	0.0	0.0	0.0	0.0	0.0	0.0	0.009896504	0.0075184833
SRR5047059	4	Homo sapiens	0.0	0.0	0.0030119375	0.0	0.0	0.0032729104	0.0048146853	0.0	0.0063598114	0.017935388	0.0033693619	0.80547684	0.11965605	0.013323314	0.009422531	0.0	0.0	0.0	0.0	0.0	0.0	0.0034399598	0.0	0.009917197
SRR5047060	4	Homo sapiens	0.0	0.0	0.020543672	0.010869087	0.0059469696	0.0361408	0.03283346	0.008515178	0.011752032	0.013149704	0.012628145	0.6722914	0.06302785	0.021414835	0.029096112	0.0	0.0	0.0	0.0	0.0	0.0	0.016024332	0.01038018	0.035386257
SRR5047061	4	Homo sapiens	0.0	0.0	0.0060257767	0.0063696196	0.0	0.0	0.002974859	0.0	0.0	0.0141991675	0.003253173	0.83360165	0.09698236	0.01923485	0.0	0.0	0.0	0.0	0.0	0.0	0.0	0.0	0.009923311	0.007435249
SRR5047062	4	Homo sapiens	0.0	0.0	0.023909215	0.0045768265	0.011720797	0.013101636	0.007919958	0.0	0.018097593	0.024972541	0.030245207	0.7583492	0.027632399	0.022787908	0.011521179	0.0	0.0	0.0	0.0	0.0	0.0	0.0035317573	0.021722296	0.019911531
SRR5047063	4	Homo sapiens	0.0	0.0	0.0	0.0	0.0	0.0	0.0	0.008402318	0.0065310276	0.023447065	0.011909026	0.8549625	0.044720702	0.0	0.0032037792	0.013330029	0.0064457604	0.013185098	0.0	0.0	0.0	0.0031739709	0.0	0.01068872
SRR5047064	4	Homo sapiens	0.0	0.0	0.016451027	0.03615764	0.013275829	0.02331246	0.0096153645	0.0	0.003900699	0.039936613	0.03702569	0.54002434	0.0048124376	0.0	0.112679146	0.0	0.0	0.0	0.0	0.0	0.0	0.0392974	0.07180896	0.05170237
SRR5047065	4	Homo sapiens	0.0	0.0	0.018215012	0.0	0.0	0.00401834	0.005225034	0.003239342	0.003220676	0.021130798	0.003253173	0.7732647	0.09330087	0.048363864	0.00602183	0.0	0.0	0.0	0.0	0.0	0.0	0.0	0.016757617	0.0039887205
SRR5047066	4	Homo sapiens	0.0	0.0	0.0068151006	0.049364418	0.023080792	0.0075040553	0.016071767	0.0	0.030985743	0.003766777	0.08482542	0.6489567	0.0031741294	0.0	0.03373666	0.0	0.0	0.0	0.0	0.0	0.0	0.006476428	0.04070429	0.0445377
SRR5047067	4	Homo sapiens	0.0	0.0	0.0	0.0063696196	0.0	0.0032729104	0.002974859	0.0060064914	0.0032702293	0.021065619	0.0027012916	0.82595104	0.106799304	0.01926114	0.0014282936	0.0	0.0	0.0	0.0	0.0	0.0	0.0	0.0	0.0008992025
SRR5047068	4	Homo sapiens	0.0	0.0	0.0030083566	0.0022445235	0.0	0.01317735	0.0065009557	0.0	0.0	0.003458155	0.0027012916	0.81056994	0.12569839	0.025846997	0.0010359338	0.0	0.0	0.0	0.0	0.0	0.0	0.00013888889	0.0033163612	0.0023028622
SRR5047069	4	Homo sapiens	0.0	0.0	0.017799798	0.0033333334	0.0	0.009844329	0.0	0.006520832	0.019377543	0.0094420025	0.0183535	0.740462	0.06295483	0.026307542	0.027907848	0.003323098	0.0	0.0	0.0	0.0	0.0	0.01747028	0.009243682	0.027659358
SRR5047070	4	Homo sapiens	0.0	0.0	0.0030083566	0.0	0.0	0.0	0.009347701	0.0	0.0	0.018742299	0.0027012916	0.7902536	0.1575988	0.008318975	0.0	0.0	0.0	0.0	0.0	0.0	0.0	0.00023587164	0.006599813	0.0031933005
SRR5047071	4	Homo sapiens	0.0	0.0	0.0059860316	0.0	0.0	0.0	0.002974859	0.0	0.003277252	0.020215588	0.0027012916	0.80494964	0.071004994	0.05577826	0.003204607	0.0	0.0	0.0	0.0	0.0	0.0	0.0029637844	0.01309076	0.013852909
SRR5047072	4	Homo sapiens	0.0	0.0	0.009446301	0.0001941438	0.00210453	0.0	0.0032775453	0.007873159	0.00035146743	0.039499294	0.019540614	0.7635388	0.05823836	0.03802923	0.0096457135	0.0	0.0	0.0	0.0	0.0	0.0	0.0	0.036461357	0.011799496
SRR5047073	4	Homo sapiens	0.0	0.0	0.005494428	0.003253012	0.0	0.0070571234	0.01078337	0.0	0.0028896776	0.012366376	0.0	0.8417758	0.09625654	0.0093592135	0.0030950017	0.0	0.0	0.0	0.0	0.0	0.0	0.0045067105	0.0	0.003162778
SRR5047074	4	Homo sapiens	0.0	0.0	0.015919024	0.03207359	0.009103958	0.013385236	0.022841545	0.002691886	0.017831896	0.015204305	0.041382026	0.67284006	0.002853059	0.0	0.02522175	0.0	0.0	0.0	0.0	0.0	0.0	0.004309762	0.09411055	0.030231355
SRR5047075	4	Homo sapiens	0.0	0.0	0.012607004	0.0024086616	0.009901093	0.012506017	0.043562405	0.0137130255	0.008117458	0.027542748	0.016980805	0.65714246	0.04766807	0.01956114	0.037484694	0.0	0.0	0.0	0.0	0.0	0.0	0.014605134	0.054379486	0.021819802
SRR5047076	4	Homo sapiens	0.0	0.0	0.0046208776	0.023675365	0.030897964	0.0010380036	0.014799455	0.003153409	0.029570542	0.011056398	0.10623116	0.6222491	0.0	0.0	0.023470685	0.0	0.0	0.0	0.0	0.0	0.0	0.01811742	0.06850839	0.042611215
SRR5047077	4	Homo sapiens	0.0	0.0	0.0087671755	0.0015335331	0.0067811296	0.0065934164	0.010633881	0.003957988	0.0027695934	0.019654857	0.015294571	0.7994413	0.06555943	0.025921166	0.0064845285	0.0	0.0	0.0	0.0	0.0	0.0	0.0016463813	0.009680461	0.015280608
SRR5047078	4	Homo sapiens	0.0	0.0	0.0019343836	0.027808554	0.037859075	0.006912489	0.021533996	0.0015354579	0.043769546	0.0073210998	0.1671208	0.4926412	0.0031032278	0.0030558098	0.04281689	0.0	0.0	0.0	0.0	0.0	0.0	0.013734941	0.07201539	0.056837134
SRR5047079	4	Homo sapiens	0.0	0.0	0.009136305	0.0	0.0	0.00055058056	0.0087940935	0.0	0.0	0.0068431436	0.0027012916	0.8661223	0.077730045	0.022598311	0.0	0.0	0.0	0.0	0.0	0.0	0.0	0.00023587164	0.0033213492	0.0019666827
SRR5047080	4	Homo sapiens	0.0	0.0	0.008147504	0.013094516	0.038258158	0.005653486	0.020673063	0.0	0.04022532	0.012866157	0.11305808	0.6124044	0.008919832	0.0	0.01917476	0.0	0.0	0.0	0.0	0.0	0.0	0.009808619	0.06299877	0.034717318
SRR5047081	4	Homo sapiens	0.0	0.0	0.0030555555	0.0	0.0	0.0033080853	0.0062821126	0.0	0.0	0.013076518	0.00040903036	0.8135112	0.12131546	0.029170414	0.0028808871	0.0	0.0	0.0	0.0	0.0	0.0	0.0	0.0	0.0069907634
SRR5047082	4	Homo sapiens	0.0	0.0	0.010744403	0.018442739	0.027675277	0.0070070014	0.013138475	0.0029756243	0.0307473	0.00090172916	0.12361632	0.5817997	0.0	0.0	0.042546365	0.0	0.0032891156	0.0	0.0	0.0	0.0	0.0132899415	0.061906904	0.06191911
SRR5047083	4	Homo sapiens	0.0	0.0	0.018438423	0.0014717262	0.013586785	0.0069762934	0.0026272305	0.0	0.014581004	0.013906382	0.03237125	0.7736344	0.03712934	0.024744974	0.009505416	0.0	0.0	0.0	0.0	0.0	0.0	0.0010940948	0.027715346	0.022217346
SRR5047084	4	Homo sapiens	0.0	0.0	0.006530885	0.03190702	0.09398226	0.0056026634	0.034030765	0.0	0.08437621	0.0005555142	0.27159843	0.2745861	0.0	0.0	0.0041688015	0.0	0.0	0.0	0.0	0.0	0.0	0.018970827	0.1424032	0.03128732
SRR5047085	4	Homo sapiens	0.0	0.0	0.011966789	0.0016556595	0.0055878134	0.0032737444	0.0052232645	0.0029756243	0.003571419	0.018845428	0.02285806	0.76822263	0.0668236	0.035742726	0.015501229	0.0	0.0	0.0	0.0	0.0	0.0	0.0013050592	0.01772823	0.018718721
SRR5047086	4	Homo sapiens	0.0	0.0	0.005190659	0.050433442	0.058361746	0.006072885	0.03479382	0.0	0.06321798	0.002913669	0.21802211	0.38252103	0.0	0.0	0.021815818	0.0	0.0	0.0	0.0	0.0	0.0	0.015064571	0.104265444	0.03732682
SRR5047087	4	Homo sapiens	0.0	0.0	0.0022213464	0.010975456	0.016606832	0.007713005	0.009857567	0.0	0.025238676	0.0013012514	0.087984525	0.65248275	0.003176448	0.0	0.06968773	0.0	0.0	0.0	0.0	0.0	0.0	0.02393252	0.039846465	0.04897545
SRR5047088	4	Homo sapiens	0.0	0.0	0.006267018	0.0	0.0	0.010333324	0.006059414	0.0	0.0	0.014178101	0.0008732382	0.8183133	0.10630639	0.01568486	0.0	0.0	0.0	0.0033333334	0.0	0.0	0.0	0.0063649537	0.0033213492	0.008964726
SRR5047089	4	Homo sapiens	0.0	0.0	0.009232141	0.0	0.0	0.0	0.0	0.0	0.005837407	0.021902798	0.0027012916	0.8273827	0.09291969	0.027473552	0.0	0.0	0.0	0.0	0.0	0.0	0.0	0.0029637844	0.0	0.0095866695
SRR5047090	4	Homo sapiens	0.0	0.0	0.01545202	0.0023288478	0.0	0.0	0.002974859	0.0	0.0	0.018223267	0.0	0.7828276	0.12289091	0.025572108	0.0	0.0	0.0	0.0	0.0	0.0	0.0	0.0055116564	0.0065975976	0.017621124
SRR5047091	4	Homo sapiens	0.0	0.0	0.008992182	0.0063696196	0.0	0.0033080853	0.002974859	0.0	0.0	0.004194903	0.0027012916	0.86862665	0.06385032	0.028117355	0.0	0.0	0.0	0.0	0.0	0.0	0.0	0.0030497487	0.0032993543	0.004515618
SRR5047092	4	Homo sapiens	0.0	0.0	0.033618316	0.06583743	0.011193136	0.04227412	0.0046976125	0.0	0.010312346	0.023468474	0.027536154	0.30651835	0.0	0.009529998	0.25122836	0.0	0.0	0.0	0.0	0.0	0.0	0.069636546	0.042209405	0.10193976
SRR5047093	4	Homo sapiens	0.0	0.0	0.021328395	0.010640677	0.0012664513	0.009578293	0.0014552232	0.0	0.005066409	0.016905509	0.013927041	0.7147161	0.06983686	0.0534857	0.023207605	0.0	0.0	0.0	0.0	0.0	0.0	0.0054060505	0.008642978	0.04453672
SRR5047094	4	Homo sapiens	0.0	0.0	0.021189798	0.0	0.0	0.0041407812	0.0054729474	0.0	0.0032255389	0.018401995	0.005170679	0.7873866	0.102197506	0.032203678	0.002914485	0.0	0.0	0.0	0.0	0.0	0.0	0.0	0.0064649354	0.011231083
SRR5047095	4	Homo sapiens	0.0	0.0	0.0009965864	0.033399366	0.026996223	0.003404699	0.00681945	0.0024505905	0.021582032	0.0082261665	0.0679104	0.69206303	0.0031032278	0.0	0.033292215	0.0	0.0	0.0	0.0	0.0	0.0	0.012110249	0.036495086	0.05115067
SRR5047096	4	Homo sapiens	0.0	0.0	0.02663429	0.027776832	0.002709043	0.0007670499	0.011309941	0.007923734	0.008093269	0.052860316	0.018332375	0.72146225	0.009724253	0.0065696733	0.016195655	0.0	0.0	0.0030660536	0.0	0.0	0.0	0.010565364	0.051751226	0.024258696
SRR5047097	4	Homo sapiens	0.0	0.0	0.03273003	0.01177242	0.0010952485	0.0032589852	0.0	0.0	0.008292109	0.016429013	0.0065067844	0.71917987	0.09453443	0.054552868	0.025985193	0.0	0.0	0.0	0.0	0.0	0.0	0.0032480382	0.009897818	0.012517185
SRR5047098	4	Homo sapiens	0.0	0.0	0.012182227	0.0	0.0	0.0033080853	0.002974859	0.0	0.0028896776	0.023289282	0.005663395	0.7823479	0.117404506	0.025050644	0.0065097716	0.0	0.0	0.0	0.0	0.0	0.0	0.0029637844	0.0	0.01541588
SRR5047099	4	Homo sapiens	0.0	0.0	0.019665726	0.028347865	0.009389778	0.0027882736	0.014776765	0.0003979198	0.0145291025	0.0160766	0.05136221	0.6370552	0.0	0.0	0.026157716	0.0	0.0	0.0	0.0	0.0	0.0	0.020245954	0.13711047	0.022096394
SRR5047100	4	Homo sapiens	0.0	0.0	0.0030532884	0.011052877	0.010670395	0.0039970246	0.007651716	0.0	0.013556571	0.022497984	0.042141225	0.7574094	0.027541235	0.0033067728	0.024659058	0.0	0.0	0.0	0.0	0.0	0.0	0.01198799	0.0323786	0.028095853
SRR5047101	4	Homo sapiens	0.0	0.0	0.01440481	0.023674672	0.034615286	0.005632975	0.024816466	0.00088641077	0.04481987	0.005884598	0.12714404	0.48130748	0.0025582314	0.003635506	0.076233156	0.0	0.0	0.0	0.0	0.0	0.0	0.035101235	0.06523536	0.054049898
SRR5047102	4	Homo sapiens	0.0	0.0	0.001045673	0.03179305	0.02820072	0.004190566	0.012596846	0.0	0.035587396	0.001880544	0.10175484	0.6314706	0.0	0.0	0.028686877	0.0	0.0	0.0	0.0	0.0	0.0	0.0147705125	0.05655113	0.051471252
SRR5047103	4	Homo sapiens	0.0	0.0	0.004518779	0.029827211	0.094823964	0.011454602	0.040801756	0.0	0.10620829	7.880308e-05	0.3615922	0.13132346	0.0	0.0	0.014877248	0.0	0.0	0.0	0.0	0.0	0.0	0.018016525	0.15667138	0.029805802
SRR5047104	4	Homo sapiens	0.006666667	0.0	0.0028869049	0.015640281	0.0046450673	0.012160256	0.0	0.025634298	0.018523233	0.07137627	0.0775336	0.48242825	0.015109087	0.0	0.034887325	0.0	0.022695217	0.003770035	0.0	0.0	0.0	0.10884919	0.016241204	0.0809531
SRR5047105	4	Homo sapiens	0.0	0.0	0.025336115	0.029238632	0.012541041	0.0032805908	0.0032775453	0.0	0.015384349	0.059335098	0.030832639	0.6629529	0.0059663607	0.0	0.03496835	0.0	0.0	0.0	0.0	0.0	0.0	0.014505958	0.057293262	0.04508715
SRR5047106	4	Homo sapiens	0.0	0.0	0.0032114624	0.0	0.0	0.0	0.006715281	0.0	0.0	0.008183356	0.0036975816	0.8112686	0.084314585	0.059047263	0.006512	0.0	0.0	0.0	0.0	0.0	0.0	0.00011386172	0.014674786	0.0022612012
SRR5047107	4	Homo sapiens	0.00331307	0.0	0.00017772024	0.03459233	0.009556608	0.003284974	0.0023796696	0.019486146	0.012124308	0.029979719	0.038205497	0.57084966	0.0	0.0032633333	0.045175634	0.015961582	0.012943425	0.0	0.0	0.0	0.0	0.062892325	0.009103948	0.12671007
SRR5047108	4	Homo sapiens	0.0	0.0	0.006020678	0.0	0.0	0.0065963543	0.0	0.0030098583	0.0049849087	0.04320584	0.0046839328	0.685385	0.07905514	0.025970554	0.0	0.009947075	0.0	0.09922953	0.0	0.0	0.0	0.0031801532	0.0033000666	0.025430959
SRR5047109	4	Homo sapiens	0.0	0.0	0.0057434617	0.0	0.0	0.0038234908	0.010874099	0.0	0.0066874363	0.004330953	0.0029603315	0.80579835	0.12044486	0.025738705	0.0032632786	0.0	0.0	0.0	0.0	0.0	0.0	0.0016928334	0.0	0.008642199
SRR5047110	4	Homo sapiens	0.0	0.0	0.013226727	0.027194517	0.007981826	0.0013310765	0.008498163	0.0	0.0063880635	0.035408452	0.03574098	0.706376	0.0035262073	0.0062188148	0.03367157	0.0	0.0	0.0	0.0	0.0	0.0	0.016183104	0.05851378	0.039740704
SRR5047111	4	Homo sapiens	0.01660956	0.0	0.0029074529	0.019913102	0.020268032	0.0033127994	0.0	0.09226658	0.044935443	0.1313701	0.08451294	0.3037665	0.0043544783	0.0033333334	0.015820794	0.008143783	0.0033333334	0.0033204632	0.0	0.0	0.0	0.071506694	0.00447689	0.16584772
SRR5047112	4	Homo sapiens	0.0	0.0	0.0040287967	0.02284729	0.098156795	0.011454602	0.04630724	0.0	0.10640634	7.880308e-05	0.35658297	0.13927317	0.0	0.0	0.00038168303	0.0	0.0	0.0	0.0	0.0	0.0	0.017183673	0.16583732	0.03146132
SRR5047113	4	Homo sapiens	0.0033299457	0.0	0.0029672063	0.0	0.0	0.0	0.0	0.012042644	0.01302324	0.093654774	0.043943916	0.63025045	0.09166911	0.038029768	0.009163854	0.0	0.003168411	0.0	0.0	0.0	0.0	0.009729465	0.0	0.049027238
SRR5047114	4	Homo sapiens	0.0	0.0	0.0074839666	0.0356356	0.009079608	0.00634181	0.0101261055	0.0	0.024115305	0.010232491	0.06695529	0.6966472	0.0025582314	0.0031862254	0.023795046	0.0	0.0	0.0	0.0	0.0	0.0	0.0044164443	0.042095356	0.057331316
SRR5047115	4	Homo sapiens	0.0	0.0	0.009150481	0.0022445235	0.0	0.0032682817	0.0	0.0	0.0	0.012869201	0.005661623	0.80810827	0.116888285	0.025861574	0.0010359338	0.0	0.0	0.0	0.0	0.0	0.0	0.0030497487	0.006577818	0.0052842624
SRR5047116	4	Homo sapiens	0.0	0.0	0.0060436837	0.0045733713	0.0	0.006377005	0.008121197	0.0	0.0028896776	0.01490905	0.0027012916	0.8035674	0.09959014	0.031461403	0.0010359338	0.0	0.0	0.0	0.0	0.0	0.0	0.00802936	0.003165581	0.00753492
SRR5047117	4	Homo sapiens	0.0	0.0	0.003779301	0.033672065	0.022214733	0.006714868	0.009795088	0.0	0.027096894	0.011036433	0.09029962	0.6404098	0.0	0.0021912516	0.046340507	0.0	0.0	0.0	0.0	0.0	0.0	0.01801456	0.042977743	0.045457125
SRR5047118	4	Homo sapiens	0.0	0.0	0.0030119375	0.0	0.0	0.010333324	0.0154078575	0.0	0.0058940635	0.009392908	0.0	0.8054411	0.13759238	0.0061444733	0.0	0.0	0.0	0.0	0.0	0.0	0.0	0.0032856204	0.0	0.0034963542
SRR5047119	4	Homo sapiens	0.0	0.0	0.014991064	0.0063696196	0.0	0.007374722	0.0024980882	0.0064268326	0.0032210108	0.012845162	0.005661623	0.7822086	0.06845678	0.047452535	0.0058303555	0.0	0.0	0.0	0.0	0.0	0.0	0.0030497487	0.016492821	0.017121028
SRR5047120	4	Homo sapiens	0.0	0.0	0.011198473	0.028777847	0.02582945	0.0076185595	0.015698437	0.0	0.030734248	0.0053214515	0.10391625	0.6074391	0.0065649594	0.0	0.02572005	0.0	0.0	0.0	0.0	0.0	0.0	0.0072654383	0.05128013	0.0726356
SRR5047121	4	Homo sapiens	0.0	0.0	0.0030555555	0.0	0.0	0.0032729104	0.0	0.0	0.0028896776	0.05153747	0.011900579	0.7614616	0.12235679	0.012784369	0.006193916	0.0	0.0	0.0	0.0	0.0	0.0	0.0	0.006550325	0.017996805
SRR5047122	4	Homo sapiens	0.0	0.0	0.0030083566	0.0022445235	0.0	0.0	0.0	0.0	0.0014536341	0.027478408	0.0027012916	0.7620773	0.145691	0.021343108	0.0010359338	0.0033333334	0.0	0.0028025387	0.0	0.0	0.0	0.0059125023	0.0065975976	0.014320477
SRR5047123	4	Homo sapiens	0.0	0.0	0.005648863	0.0	0.0	0.010461501	0.012101347	0.0	0.0	0.012728664	0.001455217	0.7756659	0.12022187	0.041906893	0.0066050827	0.0	0.0	0.0	0.0	0.0	0.0	0.002054893	0.0	0.011149784
SRR5047124	4	Homo sapiens	0.0066542355	0.0	0.01826765	0.0032599184	0.0	0.006580996	0.0	0.002996633	0.009231523	0.03517488	0.008962582	0.6188655	0.115954556	0.117128864	0.023185056	0.0	0.0	0.0	0.0	0.0	0.0	0.003309814	0.0032986111	0.027129186
SRR5047125	4	Homo sapiens	0.0	0.0	0.0	0.0	0.0	0.0	0.0	0.010885204	0.004496709	0.017261868	0.023135215	0.901221	0.020200219	0.006499153	0.0	0.0	0.003251366	0.0	0.0	0.0	0.0	0.0032695537	0.0	0.009779712
SRR5047126	4	Homo sapiens	0.0	0.0	0.010670181	0.026901223	0.028207624	0.007015833	0.024604615	0.0	0.043630715	0.0	0.13942276	0.5618928	0.0031838857	0.0	0.03820865	0.0	0.0	0.0	0.0	0.0	0.0	0.008065866	0.073225565	0.034970287
SRR5047127	4	Homo sapiens	0.009993048	0.0	0.003038209	0.019909507	0.0	0.0009467279	0.0018934557	0.023317045	0.078603104	0.1646034	0.08018307	0.39544243	0.11517847	0.020766608	0.0032757162	0.01	0.013226986	0.006590909	0.0	0.0	0.0	0.0067730146	0.0	0.046258304
SRR5047128	4	Homo sapiens	0.0	0.0	0.013156079	0.0	0.0	0.006580996	0.0	0.0	0.0037524228	0.01967497	0.0031222606	0.51081264	0.07251308	0.29452473	0.03621621	0.0	0.0	0.0	0.0	0.0	0.0	0.0075633917	0.0033163612	0.028766885
SRR5047129	4	Homo sapiens	0.0	0.0	0.025131432	0.017007539	0.0	0.011567936	0.0	0.0	0.0061103534	0.046573006	0.0061952206	0.47568306	0.06658363	0.20337152	0.07719145	0.0	0.0	0.0	0.0	0.0	0.0	0.01917146	0.0032993543	0.042114034
SRR5047130	4	Homo sapiens	0.0	0.0	0.025622161	0.04208666	0.032596663	0.010228774	0.020346796	0.0	0.03149113	0.014876191	0.12668699	0.48153347	0.0	0.0	0.02020577	0.0	0.0	0.0	0.0	0.0	0.0	0.017777488	0.14964318	0.026904715
SRR5047131	4	Homo sapiens	0.0	0.0	0.030748427	0.020950386	0.009693725	0.009329011	0.007159937	0.0	0.011794327	0.009408065	0.025398927	0.6810251	0.0033556318	0.0	0.02200962	0.0	0.0	0.0	0.0	0.0	0.0	0.011951387	0.13965024	0.017525196
SRR5047132	4	Homo sapiens	0.0	0.0	0.024479222	0.00013229302	0.0014441138	0.016442027	0.018762853	0.009253719	0.0014494065	0.01238847	0.017505776	0.7252106	0.070007436	0.045999516	0.010029129	0.0	0.0	0.0	0.0	0.0	0.0	0.0035770545	0.033670187	0.009648198
SRR5047133	4	Homo sapiens	0.0	0.0	0.006787262	0.027980398	0.014664439	0.002931563	0.0148105305	0.0	0.015504553	0.010599537	0.044096656	0.77206326	0.0025393188	0.0	0.019392759	0.0	0.0	0.0	0.0	0.0	0.0	0.0042666346	0.027658524	0.036704555
SRR5047134	4	Homo sapiens	0.0	0.0	0.008364977	0.036487717	0.018036323	0.0	0.018186532	0.0	0.02949113	0.0	0.084377274	0.6668296	0.0	0.0	0.033907324	0.0	0.0	0.0	0.0	0.0	0.0	0.0143585745	0.044319846	0.045640737
SRR5047135	4	Homo sapiens	0.0	0.0	0.0071279625	0.022997377	0.005388699	0.0032864793	0.0	0.0063810796	0.0069667106	0.059450667	0.05066263	0.67557985	0.015254551	0.011826636	0.036175024	0.0	0.0	0.0033333334	0.0	0.0	0.0	0.020638442	0.03840153	0.03652901
SRR5047136	4	Homo sapiens	0.0	0.0	0.029952642	0.037360683	0.02004775	0.019887622	0.0025787423	0.004468878	0.010134142	0.02530365	0.0187266	0.34259722	0.0	0.005361663	0.27005708	0.0	0.0	0.0	0.0	0.0	0.0	0.0709624	0.04706811	0.095492825
SRR5047137	4	Homo sapiens	0.0	0.0	0.024208521	0.013311346	0.002590956	0.020408813	0.0044367914	0.003301179	0.005656454	0.021724444	0.009399171	0.75718325	0.03683638	0.032925986	0.006286006	0.0	0.0	0.0	0.0	0.0	0.0	0.009459262	0.026514012	0.025757406
SRR5047138	4	Homo sapiens	0.0	0.0	0.006020294	0.0	0.0	0.006580996	0.002974859	0.0	0.0	0.02422267	0.0027012916	0.8348061	0.107540786	0.0060537476	0.0	0.0	0.0	0.0	0.0	0.0	0.0	0.0	0.0	0.009099256
SRR5047139	4	Homo sapiens	0.0	0.0	0.002932517	0.020789405	0.07047246	0.0069072745	0.0394679	0.0	0.10255242	0.0	0.26648736	0.29937318	0.0	0.0	0.0005524421	0.0	0.0	0.0	0.0	0.0	0.0	0.018478436	0.14123425	0.030752363
SRR5047140	4	Homo sapiens	0.0	0.0	0.018126678	0.009259929	0.01149971	0.0065640113	0.0010134567	0.0061290334	0.010980515	0.031451877	0.013202327	0.76526284	0.020726139	0.009446218	0.024639891	0.0	0.0	0.0	0.0	0.0	0.0	0.006336691	0.028090013	0.03727068
SRR5047141	4	Homo sapiens	0.0	0.0	0.018499637	0.0022445235	0.00030226633	0.0	0.0049674395	0.003212609	0.0062995357	0.020135958	0.01566173	0.79478765	0.060741417	0.045575947	0.007514331	0.0	0.0	0.0	0.0	0.0	0.0	0.00011386172	0.005545461	0.01439765
SRR5047142	4	Homo sapiens	0.0	0.0	0.03379614	0.0028550075	0.0029509873	0.0032601464	0.006527412	0.0029756243	0.00068928197	0.049303308	0.0132501405	0.7544368	0.03377339	0.0032363401	0.021216812	0.0	0.0	0.0	0.0	0.0	0.0	0.0038151362	0.048745286	0.019168194
SRR5047143	4	Homo sapiens	0.0	0.0	0.023199711	0.02375433	0.017109683	0.013507376	0.022779599	0.0	0.01008838	0.016019601	0.044082843	0.6554141	0.0	0.0	0.027709737	0.0	0.0	0.0	0.0	0.0	0.0	0.019646628	0.104626164	0.022061842
SRR5047144	4	Homo sapiens	0.006646403	0.0	0.0034957605	0.023061866	0.0032603405	0.0	0.0	0.009813982	0.03590467	0.043699324	0.044800453	0.66239285	0.059154604	0.014832647	0.011000855	0.039830264	0.0	0.0033333334	0.0	0.0	0.0	0.0032059022	0.0	0.035566717
SRR5047145	4	Homo sapiens	0.0	0.0	0.0015637833	0.042785197	0.05315414	0.0029708722	0.022594335	0.0	0.056876343	0.006786695	0.17719142	0.4590015	0.0	0.0	0.022170437	0.0	0.0	0.0	0.0	0.0	0.0	0.01568833	0.089413196	0.04980375
SRR5047146	4	Homo sapiens	0.0	0.0	0.017758315	0.0	0.0	0.0033080853	0.0062813703	0.002996633	0.0	0.011817099	0.0027012916	0.82232213	0.10411827	0.022680812	0.0028808871	0.0	0.0	0.0	0.0	0.0	0.0	0.0030497487	0.0	8.536687e-05
SRR5047147	4	Homo sapiens	0.0	0.0	0.010488718	0.021728061	0.018734647	0.0041034473	0.01197311	0.0	0.013098094	0.0032746359	0.05814008	0.74879205	0.005784146	0.003327592	0.016069107	0.0	0.0	0.0	0.0	0.0	0.0	0.012156741	0.029400297	0.042929273
SRR5047148	4	Homo sapiens	0.0	0.0	0.006827654	0.041620325	0.026724674	0.004094556	0.010073129	0.0016345178	0.030949993	0.003279914	0.089358784	0.5968173	0.0	0.0	0.054598693	0.0	0.0	0.0	0.0	0.0	0.0	0.027007837	0.033874173	0.07313845
SRR5047149	4	Homo sapiens	0.0	0.0	0.0063874684	0.03009914	0.01620025	0.0006598122	0.011911489	0.0	0.021302158	0.013159135	0.06942049	0.708383	0.01273249	0.0021912516	0.022082629	0.0	0.0	0.0	0.0	0.0	0.0	0.014123683	0.030233009	0.041113965
SRR5047150	4	Homo sapiens	0.0	0.0	0.024237065	0.046587206	0.021685224	0.0065896437	0.016598606	0.0	0.021412034	0.014253983	0.067378916	0.57010484	0.0002985416	0.0	0.019183442	0.0	0.0	0.0	0.0	0.0	0.0	0.013875654	0.15377806	0.024016785
SRR5047151	4	Homo sapiens	0.0	0.0	0.0060436837	0.0	0.0	0.006483342	0.003328781	0.0	0.003220676	0.018957527	0.009355981	0.7772519	0.115814336	0.04212686	0.0	0.0	0.0	0.0	0.0	0.0	0.0	0.0	0.009861158	0.007555759
SRR5047152	4	Homo sapiens	0.0	0.0	0.0	0.0	0.0	0.01647541	0.0063735847	0.0	0.0028896776	0.03822525	0.003275862	0.8028176	0.11014699	0.012771281	0.0	0.0	0.0	0.0	0.0	0.0	0.0	0.00023587164	0.0	0.006788466
SRR5047153	4	Homo sapiens	0.0	0.0	0.006040103	0.0	0.0	0.0	0.002974859	0.0	0.0	0.0056253327	0.0027012916	0.85230947	0.10413931	0.009382202	0.0097809145	0.0	0.0	0.0	0.0	0.0	0.0	0.0	0.0033213492	0.0037251876
SRR5047154	4	Homo sapiens	0.0033288228	0.0	0.0058496776	0.018766288	0.0	0.0	0.0	0.003262274	0.037443362	0.05246882	0.046833638	0.67894495	0.06729824	0.015606976	0.0033098354	0.01999008	0.006666667	0.013333334	0.0	0.0	0.0	0.0	0.0	0.026897037
SRR5047155	4	Homo sapiens	0.0	0.0	0.0038333398	0.0055342284	0.0	0.0	0.0	0.0	0.0	0.015638368	0.0027012916	0.80397856	0.11783921	0.024727587	0.011956937	0.0	0.0	0.0	0.0	0.0	0.0	0.0024630541	0.0032784636	0.008048953
SRR5047156	4	Homo sapiens	0.0	0.0	0.011740009	0.0043389625	0.019725282	0.0	0.011814876	0.00085497263	0.020674072	0.013764574	0.059275974	0.70099026	0.02641833	0.0032363401	0.03760986	0.0	0.0	0.0	0.0	0.0	0.0	0.004201885	0.038312614	0.047042
SRR5047157	4	Homo sapiens	0.0	0.0	0.0048402175	0.025722073	0.053103745	0.0053319135	0.022909716	0.00088641077	0.068243325	0.0005289247	0.19464302	0.46261042	0.0	0.0	0.025200985	0.0	0.0	0.0	0.0	0.0	0.0	0.013512879	0.09057116	0.031895198
SRR5047158	4	Homo sapiens	0.0	0.0	0.015543584	0.021428648	0.04617079	0.0043050773	0.03219279	0.0	0.056281023	0.0007101249	0.17999536	0.48551857	0.0	0.0	0.0032876942	0.0	0.0	0.0	0.0	0.0	0.0	0.012077483	0.101600334	0.040888503
SRR5047159	4	Homo sapiens	0.009993048	0.0	0.004377743	0.0059813955	0.01641174	0.0	0.0	0.12919416	0.08174157	0.10733883	0.075290285	0.3814258	0.008127398	0.0	0.012405057	0.038959242	0.013089667	0.0033333334	0.0	0.0	0.0	0.041634638	0.0	0.070696086
SRR5047160	4	Homo sapiens	0.0	0.0	0.02164971	0.06558603	0.00797808	0.021737818	0.007173339	0.0031464326	0.008415313	0.020702181	0.020514451	0.4331899	0.0032194618	0.0011445783	0.19047982	0.0	0.0	0.0	0.0	0.0	0.0	0.07788	0.03133411	0.085848786
SRR5047161	4	Homo sapiens	0.0	0.0	0.024682524	0.009679462	0.005402881	0.00830326	0.009986746	0.003301179	0.0022161584	0.0140509475	0.016845774	0.7731023	0.04735259	0.032498363	0.012635595	0.0	0.0	0.0	0.0	0.0	0.0	0.003835045	0.018511202	0.017596018
SRR5047162	4	Homo sapiens	0.0	0.0	0.011918023	0.0	0.0	0.0	0.006227082	0.0	0.0	0.00956843	0.0	0.78795224	0.11228784	0.043758802	0.006288757	0.0	0.0	0.0	0.0	0.0	0.0	0.0029637844	0.009863918	0.009171133
SRR5047163	4	Homo sapiens	0.0	0.0	0.014977553	0.00980997	0.01214755	0.009820442	0.018815735	0.0	0.009286063	0.02550124	0.016925685	0.749936	0.046844598	0.018371744	0.012358431	0.0	0.0	0.0	0.0	0.0	0.0	0.0058437716	0.016496537	0.032864667
SRR5047164	4	Homo sapiens	0.0	0.0	0.02754264	0.011471954	0.0095348265	0.006957646	0.015809173	0.0028856243	0.014478131	0.019855777	0.034724034	0.7075435	0.033818606	0.03069625	0.00996051	0.0	0.0	0.0	0.0	0.0	0.0	0.00955057	0.029817874	0.03535292
SRR5047165	4	Homo sapiens	0.0	0.0	0.0060504875	0.017978748	0.01742813	0.016029688	0.009336168	0.0045735836	0.019416543	0.012138776	0.049405817	0.7407488	0.012939908	0.0021912516	0.012539143	0.0	0.0	0.00051191525	0.0	0.0	0.0	0.0060881474	0.029849403	0.04277346
SRR5047166	4	Homo sapiens	0.0	0.0	0.03658645	0.0007122366	0.00907834	0.007216753	0.03163103	0.008556196	0.0040313127	0.027102938	0.028821463	0.6632455	0.056689993	0.025709108	0.020626405	0.0	0.0	0.0	0.0	0.0	0.0	0.008838673	0.040770363	0.030383246
SRR5047167	4	Homo sapiens	0.0	0.0	0.006452021	0.042488232	0.008283031	0.0033134893	0.0017754612	0.012894798	0.008596811	0.015215977	0.016816294	0.63925385	0.0	0.0	0.03164054	0.023017973	0.00325145	0.105772264	0.0	0.0	0.0	0.018473577	0.0015590715	0.06119517
SRR5047168	4	Homo sapiens	0.0033333334	0.0	0.0049792924	0.019423734	0.00658589	0.0	0.0	0.024200257	0.039002184	0.09865328	0.047671888	0.5511676	0.06476009	0.030660005	0.008323802	0.016666668	0.019842237	0.013188608	0.0	0.0	0.0	0.006666667	0.0033000666	0.0415744
SRR5047169	4	Homo sapiens	0.0	0.0	0.029746756	0.012719352	0.022788092	0.007407272	0.0067699715	0.0029756243	0.008783631	0.022817573	0.031937152	0.72053045	0.012211183	0.016387444	0.027814394	0.0	0.0	0.0	0.0	0.0	0.0	0.0039518084	0.037434824	0.03572448
SRR5047170	4	Homo sapiens	0.0	0.0	0.012359119	0.0	0.0	0.0033080853	0.0	0.0	0.0066105854	0.020857634	0.017840937	0.750711	0.117369056	0.025550516	0.0030564917	0.0	0.0032269857	0.0033217992	0.0	0.0	0.0	0.0033333334	0.0	0.032454427
SRR5047171	4	Homo sapiens	0.0	0.0	0.0032589915	0.030767588	0.021269973	0.0006598122	0.012702867	0.0	0.025559053	0.002913669	0.08363203	0.64613956	0.0	0.0	0.037171576	0.0	0.0	0.0	0.0	0.0	0.0	0.016085071	0.068312734	0.051527057
SRR5047172	4	Homo sapiens	0.0	0.0	0.012315333	0.0	0.0	0.0	0.002974859	0.0	0.0032137302	0.016251376	0.0041258545	0.80248576	0.10815953	0.031151464	0.003204607	0.0	0.0	0.0	0.0	0.0	0.0	0.0029637844	0.00657853	0.0065751765
SRR5047173	4	Homo sapiens	0.0	0.0	0.00017398679	0.006393731	0.023999268	0.009875428	0.014382562	0.0029756243	0.026773863	0.010150688	0.07175534	0.6854282	0.012301365	0.0032045296	0.021315476	0.0	0.003139535	0.0	0.0	0.0	0.0	0.03020657	0.035752643	0.0421712
SRR5047174	4	Homo sapiens	0.0	0.0	0.015129859	0.037782215	0.019627111	0.0016978157	0.00879256	0.026370624	0.01594457	0.028617447	0.060303386	0.525085	0.003279678	0.0	0.06916427	0.0	0.0065421276	0.023219328	0.0	0.0	0.0	0.050715465	0.016285168	0.091443405
SRR5047175	4	Homo sapiens	0.0	0.0	0.007932151	0.038411498	0.07800769	0.01108629	0.03631433	0.0	0.08446298	0.00047832527	0.2689815	0.24905269	0.0	0.0	0.010094769	0.0	0.0	0.0	0.0	0.0	0.0	0.01840754	0.16683313	0.029937109
SRR5047176	4	Homo sapiens	0.0	0.0	0.011022977	0.007305549	0.04867794	0.0065008802	0.01930855	0.0029756243	0.04262724	0.016681045	0.13226922	0.56170475	0.015085708	0.003119095	0.009402603	0.0	0.0	0.0	0.0	0.0	0.0	0.015796982	0.0652157	0.04230616
SRR5047177	4	Homo sapiens	0.0	0.0	0.00011137975	0.0	0.0	0.0042548133	0.0077471025	0.0	0.0	0.0072112842	0.0	0.8362448	0.12713373	0.012724008	0.00013524684	0.0	0.0	0.0	0.0	0.0	0.0	0.00069122744	0.0	0.0037464066
SRR5047178	4	Homo sapiens	0.0	0.0	0.024560692	0.0059129028	0.0	0.0	0.0	0.0	0.0040189144	0.028148409	0.010025658	0.7399313	0.106076695	0.0508318	0.0	0.0	0.0	0.0	0.0	0.0	0.0	0.0029637844	0.01737861	0.0101512605
SRR5047179	4	Homo sapiens	0.0	0.0	0.0	0.0	0.0	0.006580996	0.009588623	0.0027658078	0.0018133334	0.016432784	0.0	0.778094	0.15458989	0.019385679	0.0032920537	0.0	0.0	0.0	0.0	0.0	0.0	0.0	0.0	0.007456837
SRR5047180	4	Homo sapiens	0.0	0.0	0.0020478596	0.017768353	0.0	0.0032434862	0.0	0.027415527	0.059084296	0.08837104	0.055196617	0.56379384	0.07222583	0.013257247	0.00795378	0.01318623	0.013232212	0.026463643	0.0	0.0	0.0	0.0033333334	0.0	0.03342671
SRR5047181	4	Homo sapiens	0.0	0.0	0.11190603	0.015757496	0.010894869	0.0	0.014465779	0.002258384	0.012587456	0.049996722	0.022454627	0.54568475	0.07735399	0.027016023	0.022459902	0.0	0.0	0.0	0.0	0.0	0.0	0.023222238	0.026936471	0.03700526
SRR5047182	4	Homo sapiens	0.0	0.0	0.005801983	0.0	0.0	0.00055058056	0.0027529027	0.0	0.0058088675	0.017667007	0.00040903036	0.78908974	0.13333707	0.0127340285	0.0066555464	0.0	0.0	0.006465088	0.0	0.0	0.0	0.0031970385	0.0	0.015531121
SRR5047183	4	Homo sapiens	0.0	0.0	0.0	0.0	0.0	0.0038234908	0.010542448	0.0	0.0058088675	0.033761483	0.00040903036	0.7206746	0.14473568	0.05580901	0.014341628	0.0	0.0	0.0	0.0	0.0	0.0	0.0034399598	0.0	0.006653843
SRR5047184	4	Homo sapiens	0.0	0.0	0.0059559355	0.0	0.0	0.008003851	0.018976193	0.0	0.0	0.03219716	0.00040903036	0.81130373	0.09639712	0.0098807765	0.0032302486	0.0	0.0	0.0	0.0	0.0	0.0	0.0023840608	0.0	0.011261907
SRR5047185	4	Homo sapiens	0.0	0.0	0.015166039	0.0022445235	0.0	0.0	0.0049674395	0.002258384	0.0028896776	0.0040838434	0.00472412	0.7840087	0.09469291	0.06425723	0.0010359338	0.0	0.0	0.0	0.0	0.0	0.0	0.00011386172	0.009857796	0.00969954
SRR5047186	4	Homo sapiens	0.0	0.0	0.007873737	0.003275952	0.0	0.0	0.0	0.0	0.0029354147	0.009223473	0.0027012916	0.82397795	0.08193935	0.04719408	0.0015007358	0.0	0.0	0.0	0.0	0.0	0.0	0.0	0.0064649354	0.012913064
SRR5047187	4	Homo sapiens	0.0	0.0	0.024484033	0.009165596	0.00014028593	0.009893709	0.0	0.010536729	0.004269642	0.011196858	0.008009064	0.8002625	0.048325848	0.01652706	0.018480405	0.0	0.0	0.0	0.0	0.0	0.0	0.0	0.009502806	0.029205468
SRR5047188	4	Homo sapiens	0.0	0.0	0.0	0.0	0.0	0.0	0.0	0.009703151	0.023219371	0.008793313	0.034472827	0.81859386	0.05668437	0.0048419447	0.0033098354	0.016470224	0.006666667	0.0033333334	0.0	0.0	0.0	0.0	0.0	0.013911098
SRR5047189	4	Homo sapiens	0.0	0.0	0.011471361	0.0026701891	0.0	0.0032629108	0.0010095802	0.0030674043	0.012082044	0.03157193	0.0028486205	0.7411923	0.09992138	0.026124168	0.015859593	0.0	0.0	0.0	0.0	0.0	0.0	0.0005804759	0.034981206	0.013356856
SRR5047190	4	Homo sapiens	0.0	0.0	0.0059486297	0.0023288478	0.0	0.009804603	0.008121938	0.0	0.00046574793	0.0037085332	0.0	0.8317973	0.11974883	0.009980566	0.0014282936	0.0	0.0	0.0	0.0	0.0	0.0	0.0016928334	0.0	0.0049738837
SRR5047191	4	Homo sapiens	0.00332666	0.0	0.018474726	0.0059125843	0.003278407	0.0033134893	0.0	0.003212609	0.0028727693	0.049152005	0.022619043	0.71003354	0.079745255	0.039625965	0.014374825	0.0	0.0	0.0	0.0	0.0	0.0	0.008994344	0.006577818	0.028485948
SRR5047192	4	Homo sapiens	0.0	0.0	0.004518779	0.022029836	0.105034515	0.011454602	0.04878059	0.0	0.11926461	7.880308e-05	0.38497886	0.087320395	0.0	0.0	0.00038168303	0.0	0.0	0.0	0.0	0.0	0.0	0.01750284	0.16764936	0.03100512
SRR5047193	4	Homo sapiens	0.0	0.0	0.015161818	0.0022445235	0.0	0.0	0.002974859	0.002996633	0.0	0.0087257605	0.00559595	0.77429235	0.13921073	0.02602237	0.0074989744	0.0	0.0	0.0	0.0	0.0	0.0	0.0	0.013180279	0.0020957538
SRR5047194	4	Homo sapiens	0.0033333334	0.0	0.0061565484	0.0064948546	0.0	0.0	0.0	0.017137546	0.030133832	0.04005537	0.06838863	0.6679669	0.06448265	0.0033333334	0.0064424877	0.02317761	0.03664764	0.0033298968	0.0	0.0	0.0	0.0	0.0	0.022919364
SRR5047195	4	Homo sapiens	0.0	0.0	0.017470313	0.0031166074	0.0	0.0038234908	0.008013842	0.002996633	0.0	0.0037862414	0.005661623	0.7866118	0.105622664	0.04583045	0.0	0.0	0.0	0.0	0.0	0.0	0.0	0.0	0.014080783	0.0029855531
SRR5047196	4	Homo sapiens	0.0	0.0	0.0005160888	0.044117305	0.02410681	0.004735647	0.008057015	0.0	0.02244234	0.0044218428	0.07045399	0.71185493	0.0	0.0	0.012270431	0.0	0.0	0.0030660536	0.0	0.0	0.0	0.013208392	0.029777016	0.050972164
SRR5047197	4	Homo sapiens	0.0	0.0	0.0059559355	0.0	0.0	0.014631836	0.018621944	0.0	0.0030043859	0.009392908	0.0	0.80966324	0.12194906	0.0061444733	0.00013524684	0.0	0.0	0.0	0.0	0.0	0.0	0.0054338095	0.0	0.0050671706
SRR5047198	4	Homo sapiens	0.0	0.0	0.012141325	0.00065608846	0.0030147403	0.0065775686	0.0033054976	0.009467382	0.006059857	0.025554882	0.026559068	0.77137774	0.06966957	0.031078177	0.009557166	0.0	0.0	0.0	0.0	0.0	0.0	0.0	0.00787438	0.01710657
SRR5047199	4	Homo sapiens	0.0	0.0	0.0029665572	0.07081943	0.031046113	0.0032186094	0.014545491	0.0	0.039581187	0.00056932995	0.12394577	0.5395926	0.0	0.0	0.026003903	0.0	0.0	0.0	0.0	0.0	0.0	0.011375165	0.0791337	0.0572021
SRR5047200	4	Homo sapiens	0.0033333334	0.0	0.0	0.0033114867	0.0032558958	0.00055058056	0.0027529027	0.009636574	0.009955265	0.07360149	0.018608207	0.66979986	0.09058428	0.003319728	0.003236057	0.031310353	0.0142721115	0.036432415	0.0	0.0	0.0	0.0033172707	0.0	0.022722181
SRR5047201	4	Homo sapiens	0.0	0.0	0.024303274	0.038912866	0.013110749	0.0025300058	0.0045275856	0.004156152	0.0065711285	0.025347464	0.026296165	0.7330331	0.018419562	0.011986945	0.033591073	0.0	0.0	0.0	0.0	0.0	0.0	0.012991456	0.009071732	0.03515072
SRR5047202	4	Homo sapiens	0.0	0.0	0.008523043	0.033040326	0.021426471	0.0	0.009603652	0.0	0.026233107	0.014206445	0.07901839	0.6137055	0.0002985416	0.0	0.043083347	0.0	0.0032276658	0.0063181687	0.0	0.0	0.0	0.016145736	0.07756717	0.047602434
SRR5047203	4	Homo sapiens	0.0	0.0	0.014004497	0.02564242	0.053909283	0.0076472946	0.030049643	0.0	0.060742006	0.002751911	0.20678148	0.40977556	0.0	0.0	0.027136356	0.0	0.0	0.0	0.0	0.0	0.0	0.01764175	0.09740172	0.046516087
SRR5047204	4	Homo sapiens	0.0	0.0	0.00091919745	0.046573803	0.029955484	0.0006598122	0.01758112	0.0	0.03569227	0.00049214106	0.10423394	0.5539853	0.0	0.0	0.0543065	0.0	0.0	0.0	0.0	0.0	0.0	0.028604003	0.05080706	0.07618936
SRR866660	4	Homo sapiens	0.0	0.0	0.064512216	0.07008284	0.012012402	0.021030521	0.010549842	0.0032136922	0.0057055736	0.05542751	0.034039862	0.5130002	0.0075390693	0.006637381	0.053066377	0.0	0.0	0.0063181687	0.0	0.0	0.0	0.023058902	0.034720823	0.07908465
SRR866662	4	Homo sapiens	0.0	0.0	0.02053728	0.02628266	0.025018586	0.003175257	0.01426974	0.003133133	0.009453381	0.022209255	0.012071195	0.60544074	0.008538685	0.009643581	0.08138788	0.0	0.0	0.0	0.0	0.0	0.0	0.028745726	0.04402399	0.08606893
SRR866663	4	Homo sapiens	0.0	0.0	0.024315203	0.020486549	0.012299682	0.012088752	0.0	0.0	0.021119094	0.05882019	0.035408568	0.2980444	0.035645556	0.14829956	0.22693935	0.0	0.0	0.0	0.0	0.0	0.0	0.030421035	0.0	0.07611204
SRR866665	4	Homo sapiens	0.0	0.0	0.016313326	0.0059384047	0.0032230266	0.003175257	0.0	0.0032077965	0.0027849185	0.0417722	0.016706228	0.65880346	0.13725884	0.052508388	0.009692507	0.0	0.0	0.0	0.0	0.0	0.0	0.0066207494	0.0	0.041994896
SRR866666	4	Homo sapiens	0.0	0.0	0.027325155	0.05139273	0.01585509	0.009361948	0.009865108	0.008363917	0.0015344003	0.023379132	0.022736803	0.5567467	0.005941928	0.0	0.105821244	0.0	0.002483928	0.0	0.0	0.0	0.0	0.046930883	0.00886404	0.10339697
SRR867031	4	Homo sapiens	0.0	0.0	0.0025616654	0.035567842	0.07174284	0.008092273	0.039441623	0.0	0.082632415	0.0018833367	0.2541089	0.32121906	0.0	0.0	0.013048305	0.0	0.0	0.0	0.0	0.0	0.0	0.0117294425	0.11629113	0.04168114
SRR867032	4	Homo sapiens	0.0	0.0	0.0016177854	0.037236493	0.06815857	0.009871447	0.039918285	0.0	0.074609295	0.0	0.24442233	0.34434777	0.0	0.0	0.02121716	0.0	0.0	0.0	0.0	0.0	0.0	0.011374468	0.10716589	0.040060516
SRR867033	4	Homo sapiens	0.0	0.0	0.0022623711	0.031275444	0.08136516	0.009871447	0.03754231	0.0	0.09058885	0.001615008	0.2661524	0.28749168	0.0	0.0	0.015963912	0.0	0.0	0.0	0.0	0.0	0.0	0.015338124	0.1264784	0.03405489
SRR867034	4	Homo sapiens	0.0	0.0	0.002788222	0.032825813	0.0837833	0.009871447	0.039420463	0.0	0.10018467	0.0	0.31211168	0.21604106	0.0	0.0	0.012977387	0.0	0.0	0.0	0.0	0.0	0.0	0.013611032	0.13900855	0.037376393
SRR867036	4	Homo sapiens	0.0	0.0	0.0033349597	0.0249226	0.07698693	0.009609791	0.036739	0.0029756243	0.07882657	0.0	0.24842495	0.34778365	0.0	0.0	0.011954789	0.0	0.0	0.0	0.0	0.0	0.0	0.01603086	0.114611425	0.027798833
SRR867037	4	Homo sapiens	0.0	0.0	0.0047568395	0.026801778	0.06636194	0.009471952	0.030596297	0.0	0.0777307	0.0031982977	0.24782175	0.3661206	0.0025582314	0.0	0.011543915	0.0	0.0	0.0	0.0	0.0	0.0	0.013471583	0.10413031	0.035435792
SRR867038	4	Homo sapiens	0.0	0.0	0.002619087	0.028908446	0.08609381	0.00861612	0.037825223	0.0	0.095757015	0.0	0.31803855	0.2361031	0.0	0.0	0.008621456	0.0	0.0	0.0	0.0	0.0	0.0	0.016197532	0.13211936	0.029100293
SRR867039	4	Homo sapiens	0.0	0.0	0.0032024651	0.02531075	0.07239192	0.010269604	0.033899937	0.0	0.08459393	0.002991024	0.26697865	0.32457027	0.0	0.0	0.0069254176	0.0	0.0	0.0	0.0	0.0	0.0	0.014323248	0.12568806	0.028854731
