{
  "train_loss": [
    6.514666705295958,
    3.3772699339636443,
    2.3516723945223053,
    1.7063896471056446,
    1.501798640037405,
    1.3150660703922141,
    1.1556984597239002,
    0.9213041108230065,
    0.8518100915283993,
    0.802604523198358,
    1.153314570928442,
    1.009122496021205,
    1.12614905834198,
    0.6875188093760918,
    0.8802089095115662,
    0.6375176572594149,
    0.5296104396211689,
    0.4270348934264019,
    0.6489681966345886,
    0.5704011254269501,
    0.49243696111029595,
    0.4841297135270875,
    0.4638021567772175,
    0.4210026382372297,
    0.37429767667219555,
    0.40735112978466625,
    0.38917649781395647,
    0.41725536243155087,
    0.48679456371685553,
    0.4360493760684441,
    0.40127250012652627,
    0.3501614762534355,
    0.28595591208030435,
    0.34678913961196767,
    0.46793079170687446,
    0.35900814060507147,
    0.2688351300512922,
    0.273582948821372,
    0.21002548971566662,
    0.2586389601487538,
    0.22751316582334452,
    1.327123095377766,
    0.6428284984210442,
    0.6422786383793272,
    0.5104768661589458,
    0.6735703343975132,
    0.5600713804878038,
    0.5202667435695385,
    0.5961370957565719
  ],
  "val_loss": [
    4.775924096907078,
    3.409777013575127,
    2.585904611190475,
    2.3046957071864393,
    1.7957766238617485,
    2.411100364617032,
    1.8342454841278308,
    1.8753598031799188,
    1.7940140581904855,
    1.8995240728966891,
    2.2595982619987094,
    2.3713800717824607,
    2.2586939585577577,
    1.8088806412279501,
    1.422439470166329,
    1.6751034001878229,
    1.614114554384302,
    1.5056869064381648,
    2.2639088736001183,
    1.9315626406115725,
    1.9907251836552573,
    2.328978398302927,
    2.0186645507358714,
    1.9171589667132165,
    1.517995391767978,
    1.4828408621219513,
    1.6960980055730643,
    1.824224132547065,
    1.35490883865209,
    1.4421981264553319,
    1.3782191375982407,
    1.8124375075626182,
    1.52783186007002,
    2.1887953239286713,
    1.9148951387051798,
    1.4988495016130194,
    1.7272863207652231,
    2.2284979064876373,
    2.190762492523913,
    2.5263282498846102,
    2.335761210740012,
    2.500609078801938,
    2.8670826883441904,
    2.155508271285759,
    2.6124233854702332,
    1.7463481081594172,
    1.8986847580208175,
    2.673551109961248,
    3.2754263201652076
  ],
  "train_acc": {
    "sample_type": [
      0.9142236699239956,
      0.9388346000723851,
      0.9565689467969598,
      0.9685124864277959,
      0.9717698154180239,
      0.9743032935215346,
      0.9797321751719146,
      0.9833514296055013,
      0.9826275787187839,
      0.9851610568222946,
      0.9797321751719146,
      0.9764748461816866,
      0.9790083242851972,
      0.9844372059355773,
      0.9826275787187839,
      0.9844372059355773,
      0.98914223669924,
      0.9887803112558813,
      0.9895041621425986,
      0.9840752804922186,
      0.9847991313789359,
      0.9898660875859573,
      0.9876945349258053,
      0.9887803112558813,
      0.992399565689468,
      0.9905899384726746,
      0.9876945349258053,
      0.9895041621425986,
      0.9873326094824466,
      0.9851610568222946,
      0.9876945349258053,
      0.9927614911328266,
      0.993485342019544,
      0.9920376402461093,
      0.9898660875859573,
      0.9887803112558813,
      0.9942091929062613,
      0.9909518639160333,
      0.996742671009772,
      0.9927614911328266,
      0.9952949692363373,
      0.988056460369164,
      0.9876945349258053,
      0.9826275787187839,
      0.9829895041621426,
      0.9819037278320666,
      0.9829895041621426,
      0.9884183858125226,
      0.9866087585957293
    ],
    "community_type": [
      0.6597900832428519,
      0.7940644227289179,
      0.8458197611292074,
      0.8751357220412594,
      0.8928700687658342,
      0.9044516829533116,
      0.917119073470865,
      0.9297864639884184,
      0.9435396308360477,
      0.9352153456387984,
      0.9460731089395584,
      0.9482446615997104,
      0.9533116178067318,
      0.9605501266739052,
      0.9540354686934491,
      0.9594643503438292,
      0.9681505609844372,
      0.9732175171914585,
      0.9685124864277959,
      0.9619978284473398,
      0.9750271444082519,
      0.9771986970684039,
      0.9775606225117626,
      0.9739413680781759,
      0.9793702497285559,
      0.9761129207383279,
      0.9779225479551212,
      0.9819037278320666,
      0.9768367716250452,
      0.9782844733984799,
      0.9793702497285559,
      0.9876945349258053,
      0.9869706840390879,
      0.9837133550488599,
      0.9677886355410785,
      0.9793702497285559,
      0.9829895041621426,
      0.9847991313789359,
      0.9895041621425986,
      0.9866087585957293,
      0.9866087585957293,
      0.9782844733984799,
      0.9811798769453492,
      0.9764748461816866,
      0.9732175171914585,
      0.9699601882012305,
      0.9771986970684039,
      0.9815418023887079,
      0.9768367716250452
    ],
    "sample_host": [
      0.682591386174448,
      0.8570394498733261,
      0.8982989504162142,
      0.918204849800941,
      0.924719507781397,
      0.9337676438653637,
      0.9424538545059717,
      0.9500542888165038,
      0.9507781397032211,
      0.9612739775606225,
      0.9511400651465798,
      0.9500542888165038,
      0.9543973941368078,
      0.9598262757871878,
      0.9601882012305465,
      0.9681505609844372,
      0.9706840390879479,
      0.9775606225117626,
      0.9746652189648932,
      0.9688744118711545,
      0.9732175171914585,
      0.9782844733984799,
      0.9790083242851972,
      0.9819037278320666,
      0.9822656532754253,
      0.9826275787187839,
      0.9826275787187839,
      0.9840752804922186,
      0.9819037278320666,
      0.9819037278320666,
      0.9811798769453492,
      0.98914223669924,
      0.9869706840390879,
      0.9884183858125226,
      0.9837133550488599,
      0.9876945349258053,
      0.9869706840390879,
      0.9851610568222946,
      0.9909518639160333,
      0.9869706840390879,
      0.9909518639160333,
      0.9768367716250452,
      0.9670647846543612,
      0.9746652189648932,
      0.9786463988418386,
      0.9739413680781759,
      0.9692363373145132,
      0.9786463988418386,
      0.9808179515019906
    ],
    "material": [
      0.5765472312703583,
      0.7173362287368802,
      0.7846543612015925,
      0.8425624321389794,
      0.8657256605139342,
      0.8820123054650741,
      0.8968512486427795,
      0.9109663409337676,
      0.9232718060079623,
      0.922547955121245,
      0.9211002533478103,
      0.931234165761853,
      0.9399203764024611,
      0.9529496923633731,
      0.9373868982989504,
      0.9493304379297864,
      0.9623597538906985,
      0.9634455302207745,
      0.9591024249004705,
      0.9583785740137531,
      0.9638074556641332,
      0.9706840390879479,
      0.9710459645313065,
      0.9656170828809265,
      0.9714078899746652,
      0.9703221136445892,
      0.9735794426348172,
      0.9768367716250452,
      0.9627216793340572,
      0.9688744118711545,
      0.9703221136445892,
      0.9782844733984799,
      0.9815418023887079,
      0.9775606225117626,
      0.9609120521172638,
      0.9714078899746652,
      0.9779225479551212,
      0.9800941006152732,
      0.9815418023887079,
      0.9815418023887079,
      0.9804560260586319,
      0.9739413680781759,
      0.9699601882012305,
      0.9609120521172638,
      0.9645313065508505,
      0.9674267100977199,
      0.9699601882012305,
      0.9750271444082519,
      0.9685124864277959
    ]
  },