{
  "train_loss": [
    7.687540531158447,
    3.8211121940612793,
    2.7521159648895264,
    2.1019522619247435,
    1.9964944219589233,
    1.6033398962020875,
    1.4881616497039796,
    1.5249458789825439,
    1.1989751219749452,
    1.050807285308838,
    0.9962711906433106,
    0.8885223531723022,
    1.0501413202285768,
    0.7557041728496552,
    0.6374998378753662,
    0.5407314765453338,
    0.5884899443387985,
    0.5899229538440705,
    0.3696131357550621,
    0.6205919456481933,
    1.0820987087488174,
    0.7731336963176727,
    0.6760242700576782,
    0.6029251515865326,
    0.5448302322626114,
    0.49937413930892943,
    0.606896915435791,
    0.6478720843791962,
    0.5807729172706604,
    0.4515180850028992,
    0.38690011590719225,
    0.6365353989601136,
    0.44520647287368775,
    0.40026331901550294,
    0.2657372212409973,
    0.48962850093841553,
    0.3419224864244461,
    0.27506477147340774,
    0.28793827921152115,
    0.2166283506155014,
    0.3743832278251648,
    0.3778075343370438,
    0.38371100038290024,
    0.6051169711351395,
    0.41786461442708966
  ],
  "val_loss": [
    4.435604452776862,
    3.231695178343872,
    2.4837807854807408,
    1.7815396987987977,
    1.8814134808276812,
    1.872578677062022,
    1.7009370159815898,
    1.641758463424175,
    1.395649200519177,
    1.484593674998078,
    1.2658436142632354,
    1.330027136206772,
    1.1576951768225803,
    1.267414212707571,
    1.2086596132949796,
    1.2989868761484062,
    1.0690973525427199,
    1.0738718627153028,
    1.2308532260568033,
    1.3917874817701879,
    1.0484511666819494,
    1.1234068491537978,
    1.3425783107211335,
    1.0357400153151062,
    0.9331221004821346,
    1.0818875593875743,
    1.0897675874727037,
    0.9640007599997328,
    1.1602800967677984,
    1.3041195840843642,
    1.2677977576703008,
    1.6518270819481515,
    1.6132833150323005,
    1.7329174425061222,
    2.256476408615962,
    1.4728181957238282,
    1.2363375427666692,
    1.1466215086242006,
    1.087439322998413,
    1.467868905444058,
    1.429121515491398,
    1.324375379857339,
    1.2656789172335612,
    1.3155028045569253,
    1.3013934121969453
  ],
  "train_acc": {
    "sample_type": [
      0.8773424190800682,
      0.9301533219761499,
      0.9437819420783645,
      0.9514480408858603,
      0.9565587734241908,
      0.9663543441226575,
      0.9787052810902896,
      0.975298126064736,
      0.9791311754684838,
      0.9761499148211243,
      0.9782793867120954,
      0.9838160136286201,
      0.979557069846678,
      0.9850936967632027,
      0.9825383304940375,
      0.9867972742759795,
      0.9863713798977853,
      0.9880749574105622,
      0.9902044293015332,
      0.9863713798977853,
      0.9829642248722317,
      0.9842419080068143,
      0.9863713798977853,
      0.9842419080068143,
      0.9850936967632027,
      0.987649063032368,
      0.9867972742759795,
      0.9838160136286201,
      0.9867972742759795,
      0.9867972742759795,
      0.989778534923339,
      0.9846678023850085,
      0.9893526405451448,
      0.985519591141397,
      0.9889267461669506,
      0.9859454855195912,
      0.9902044293015332,
      0.9906303236797275,
      0.9885008517887564,
      0.989778534923339,
      0.9906303236797275,
      0.9885008517887564,
      0.9906303236797275,
      0.9889267461669506,
      0.989778534923339
    ],
    "community_type": [
      0.6511925042589438,
      0.7734241908006815,
      0.8147359454855196,
      0.8590289608177172,
      0.8603066439522998,
      0.889267461669506,
      0.911839863713799,
      0.91396933560477,
      0.9280238500851788,
      0.942504258943782,
      0.9442078364565588,
      0.9459114139693356,
      0.9442078364565588,
      0.9544293015332198,
      0.9557069846678024,
      0.967206132879046,
      0.9633730834752982,
      0.967206132879046,
      0.975298126064736,
      0.9565587734241908,
      0.9612436115843271,
      0.965076660988075,
      0.9735945485519591,
      0.9731686541737649,
      0.9735945485519591,
      0.977427597955707,
      0.9689097103918228,
      0.967206132879046,
      0.9655025553662692,
      0.9710391822827938,
      0.9799829642248722,
      0.9757240204429302,
      0.9744463373083475,
      0.9723168654173765,
      0.9842419080068143,
      0.9761499148211243,
      0.9833901192504259,
      0.9833901192504259,
      0.979557069846678,
      0.985519591141397,
      0.9748722316865417,
      0.9757240204429302,
      0.9770017035775128,
      0.975298126064736,
      0.9804088586030665
    ],
    "sample_host": [
      0.604344122657581,
      0.848381601362862,
      0.8939522998296422,
      0.9182282793867121,
      0.9212095400340715,
      0.9203577512776832,
      0.9280238500851788,
      0.9293015332197615,
      0.9408006814310051,
      0.9493185689948893,
      0.9505962521294719,
      0.9480408858603067,
      0.9501703577512777,
      0.9578364565587735,
      0.9608177172061328,
      0.9676320272572402,
      0.967206132879046,
      0.9608177172061328,
      0.9723168654173765,
      0.9744463373083475,
      0.9655025553662692,
      0.9637989778534923,
      0.9701873935264055,
      0.9718909710391823,
      0.9744463373083475,
      0.9782793867120954,
      0.9735945485519591,
      0.9676320272572402,
      0.9731686541737649,
      0.9782793867120954,
      0.9825383304940375,
      0.9770017035775128,
      0.979557069846678,
      0.9799829642248722,
      0.9859454855195912,
      0.9804088586030665,
      0.985519591141397,
      0.9902044293015332,
      0.9867972742759795,
      0.9880749574105622,
      0.9838160136286201,
      0.9842419080068143,
      0.9829642248722317,
      0.9838160136286201,
      0.9787052810902896
    ],
    "material": [
      0.5417376490630323,
      0.6920783645655877,
      0.7367972742759795,
      0.7887563884156729,
      0.825809199318569,
      0.8581771720613288,
      0.8854344122657581,
      0.8901192504258943,
      0.9003407155025553,
      0.9131175468483816,
      0.9318568994889267,
      0.9284497444633731,
      0.9339863713798978,
      0.9471890971039182,
      0.952725724020443,
      0.962947189097104,
      0.9625212947189097,
      0.9565587734241908,
      0.9731686541737649,
      0.9557069846678024,
      0.9561328790459966,
      0.9655025553662692,
      0.9684838160136287,
      0.9633730834752982,
      0.9710391822827938,
      0.9697614991482112,
      0.9701873935264055,
      0.9697614991482112,
      0.9723168654173765,
      0.9727427597955707,
      0.979557069846678,
      0.9612436115843271,
      0.9727427597955707,
      0.9748722316865417,
      0.9833901192504259,
      0.977427597955707,
      0.9735945485519591,
      0.9812606473594548,
      0.9787052810902896,
      0.9867972742759795,
      0.9761499148211243,
      0.9787052810902896,
      0.9778534923339012,
      0.9718909710391823,
      0.971465076660988
    ]
  },