name,genome_filename,protein_filename
ERR10114844,data/unitigs/ERR10114844.unitigs.fa.gz,
ERR10114845,data/unitigs/ERR10114845.unitigs.fa.gz,
ERR10114846,data/unitigs/ERR10114846.unitigs.fa.gz,
ERR10114847,data/unitigs/ERR10114847.unitigs.fa.gz,
ERR10114848,data/unitigs/ERR10114848.unitigs.fa.gz,
ERR10114849,data/unitigs/ERR10114849.unitigs.fa.gz,
ERR10114850,data/unitigs/ERR10114850.unitigs.fa.gz,
ERR10114851,data/unitigs/ERR10114851.unitigs.fa.gz,
ERR10114852,data/unitigs/ERR10114852.unitigs.fa.gz,
ERR10114853,data/unitigs/ERR10114853.unitigs.fa.gz,
ERR10114854,data/unitigs/ERR10114854.unitigs.fa.gz,
ERR10114855,data/unitigs/ERR10114855.unitigs.fa.gz,
ERR10114856,data/unitigs/ERR10114856.unitigs.fa.gz,
ERR10114857,data/unitigs/ERR10114857.unitigs.fa.gz,
ERR10114858,data/unitigs/ERR10114858.unitigs.fa.gz,
ERR10114859,data/unitigs/ERR10114859.unitigs.fa.gz,
ERR10114860,data/unitigs/ERR10114860.unitigs.fa.gz,
ERR10114861,data/unitigs/ERR10114861.unitigs.fa.gz,
ERR10114862,data/unitigs/ERR10114862.unitigs.fa.gz,
ERR10114863,data/unitigs/ERR10114863.unitigs.fa.gz,
ERR10114864,data/unitigs/ERR10114864.unitigs.fa.gz,
ERR10114865,data/unitigs/ERR10114865.unitigs.fa.gz,
ERR10114866,data/unitigs/ERR10114866.unitigs.fa.gz,
ERR10114878,data/unitigs/ERR10114878.unitigs.fa.gz,
ERR10114879,data/unitigs/ERR10114879.unitigs.fa.gz,
ERR10114880,data/unitigs/ERR10114880.unitigs.fa.gz,
ERR10114881,data/unitigs/ERR10114881.unitigs.fa.gz,
ERR10114882,data/unitigs/ERR10114882.unitigs.fa.gz,
ERR10114883,data/unitigs/ERR10114883.unitigs.fa.gz,
ERR10493277,data/unitigs/ERR10493277.unitigs.fa.gz,
ERR10493281,data/unitigs/ERR10493281.unitigs.fa.gz,
ERR10493283,data/unitigs/ERR10493283.unitigs.fa.gz,
ERR10493285,data/unitigs/ERR10493285.unitigs.fa.gz,
ERR10493287,data/unitigs/ERR10493287.unitigs.fa.gz,
ERR10493289,data/unitigs/ERR10493289.unitigs.fa.gz,
ERR10493291,data/unitigs/ERR10493291.unitigs.fa.gz,
ERR10493292,data/unitigs/ERR10493292.unitigs.fa.gz,
ERR10493294,data/unitigs/ERR10493294.unitigs.fa.gz,
ERR10493297,data/unitigs/ERR10493297.unitigs.fa.gz,
ERR10493299,data/unitigs/ERR10493299.unitigs.fa.gz,
ERR10493301,data/unitigs/ERR10493301.unitigs.fa.gz,
ERR10493303,data/unitigs/ERR10493303.unitigs.fa.gz,
ERR10493304,data/unitigs/ERR10493304.unitigs.fa.gz,
ERR10493306,data/unitigs/ERR10493306.unitigs.fa.gz,
ERR10493308,data/unitigs/ERR10493308.unitigs.fa.gz,
ERR10493310,data/unitigs/ERR10493310.unitigs.fa.gz,
ERR10493311,data/unitigs/ERR10493311.unitigs.fa.gz,
ERR10493312,data/unitigs/ERR10493312.unitigs.fa.gz,
ERR10493314,data/unitigs/ERR10493314.unitigs.fa.gz,
ERR10493316,data/unitigs/ERR10493316.unitigs.fa.gz,
ERR10493318,data/unitigs/ERR10493318.unitigs.fa.gz,
ERR10493320,data/unitigs/ERR10493320.unitigs.fa.gz,
ERR10493322,data/unitigs/ERR10493322.unitigs.fa.gz,
ERR10493324,data/unitigs/ERR10493324.unitigs.fa.gz,
ERR10493326,data/unitigs/ERR10493326.unitigs.fa.gz,
ERR10493328,data/unitigs/ERR10493328.unitigs.fa.gz,
ERR10493330,data/unitigs/ERR10493330.unitigs.fa.gz,
ERR10493332,data/unitigs/ERR10493332.unitigs.fa.gz,
ERR10493333,data/unitigs/ERR10493333.unitigs.fa.gz,
ERR10493334,data/unitigs/ERR10493334.unitigs.fa.gz,
ERR10493335,data/unitigs/ERR10493335.unitigs.fa.gz,
ERR10493336,data/unitigs/ERR10493336.unitigs.fa.gz,
ERR10493337,data/unitigs/ERR10493337.unitigs.fa.gz,
ERR10493338,data/unitigs/ERR10493338.unitigs.fa.gz,
ERR10493339,data/unitigs/ERR10493339.unitigs.fa.gz,
ERR10493340,data/unitigs/ERR10493340.unitigs.fa.gz,
ERR10493341,data/unitigs/ERR10493341.unitigs.fa.gz,
ERR10493343,data/unitigs/ERR10493343.unitigs.fa.gz,
ERR10493344,data/unitigs/ERR10493344.unitigs.fa.gz,
ERR10493345,data/unitigs/ERR10493345.unitigs.fa.gz,
ERR10493346,data/unitigs/ERR10493346.unitigs.fa.gz,
ERR10493347,data/unitigs/ERR10493347.unitigs.fa.gz,
ERR10493348,data/unitigs/ERR10493348.unitigs.fa.gz,
ERR10493349,data/unitigs/ERR10493349.unitigs.fa.gz,
ERR10493357,data/unitigs/ERR10493357.unitigs.fa.gz,
ERR10493358,data/unitigs/ERR10493358.unitigs.fa.gz,
ERR10493359,data/unitigs/ERR10493359.unitigs.fa.gz,
ERR10493360,data/unitigs/ERR10493360.unitigs.fa.gz,
ERR10493361,data/unitigs/ERR10493361.unitigs.fa.gz,
ERR10493362,data/unitigs/ERR10493362.unitigs.fa.gz,
ERR10493363,data/unitigs/ERR10493363.unitigs.fa.gz,
ERR11413657,data/unitigs/ERR11413657.unitigs.fa.gz,
ERR11413658,data/unitigs/ERR11413658.unitigs.fa.gz,
ERR11413659,data/unitigs/ERR11413659.unitigs.fa.gz,
ERR11413660,data/unitigs/ERR11413660.unitigs.fa.gz,
ERR11413661,data/unitigs/ERR11413661.unitigs.fa.gz,
ERR11413662,data/unitigs/ERR11413662.unitigs.fa.gz,
ERR11413663,data/unitigs/ERR11413663.unitigs.fa.gz,
ERR11413664,data/unitigs/ERR11413664.unitigs.fa.gz,
ERR11413665,data/unitigs/ERR11413665.unitigs.fa.gz,
ERR11413666,data/unitigs/ERR11413666.unitigs.fa.gz,
ERR11413667,data/unitigs/ERR11413667.unitigs.fa.gz,
ERR11413668,data/unitigs/ERR11413668.unitigs.fa.gz,
ERR11413669,data/unitigs/ERR11413669.unitigs.fa.gz,
ERR11413670,data/unitigs/ERR11413670.unitigs.fa.gz,
ERR11413671,data/unitigs/ERR11413671.unitigs.fa.gz,
ERR11413672,data/unitigs/ERR11413672.unitigs.fa.gz,
ERR11413673,data/unitigs/ERR11413673.unitigs.fa.gz,
ERR11413674,data/unitigs/ERR11413674.unitigs.fa.gz,
ERR11413675,data/unitigs/ERR11413675.unitigs.fa.gz,
ERR11413676,data/unitigs/ERR11413676.unitigs.fa.gz,
ERR11413677,data/unitigs/ERR11413677.unitigs.fa.gz,
ERR11413678,data/unitigs/ERR11413678.unitigs.fa.gz,
ERR11413679,data/unitigs/ERR11413679.unitigs.fa.gz,
ERR11413680,data/unitigs/ERR11413680.unitigs.fa.gz,
ERR11413681,data/unitigs/ERR11413681.unitigs.fa.gz,
ERR11413682,data/unitigs/ERR11413682.unitigs.fa.gz,
ERR11413683,data/unitigs/ERR11413683.unitigs.fa.gz,
ERR11413684,data/unitigs/ERR11413684.unitigs.fa.gz,
ERR11413685,data/unitigs/ERR11413685.unitigs.fa.gz,
ERR11413686,data/unitigs/ERR11413686.unitigs.fa.gz,
ERR11413687,data/unitigs/ERR11413687.unitigs.fa.gz,
ERR11413688,data/unitigs/ERR11413688.unitigs.fa.gz,
ERR11413689,data/unitigs/ERR11413689.unitigs.fa.gz,
ERR11413690,data/unitigs/ERR11413690.unitigs.fa.gz,
ERR11413691,data/unitigs/ERR11413691.unitigs.fa.gz,
ERR11413692,data/unitigs/ERR11413692.unitigs.fa.gz,
ERR11413693,data/unitigs/ERR11413693.unitigs.fa.gz,
ERR11413694,data/unitigs/ERR11413694.unitigs.fa.gz,
ERR11413695,data/unitigs/ERR11413695.unitigs.fa.gz,
ERR11413696,data/unitigs/ERR11413696.unitigs.fa.gz,
ERR11413697,data/unitigs/ERR11413697.unitigs.fa.gz,
ERR11413698,data/unitigs/ERR11413698.unitigs.fa.gz,
ERR11413699,data/unitigs/ERR11413699.unitigs.fa.gz,
ERR11413700,data/unitigs/ERR11413700.unitigs.fa.gz,
ERR11413701,data/unitigs/ERR11413701.unitigs.fa.gz,
ERR11413702,data/unitigs/ERR11413702.unitigs.fa.gz,
ERR11413703,data/unitigs/ERR11413703.unitigs.fa.gz,
ERR11413704,data/unitigs/ERR11413704.unitigs.fa.gz,
ERR11413705,data/unitigs/ERR11413705.unitigs.fa.gz,
ERR11413706,data/unitigs/ERR11413706.unitigs.fa.gz,
ERR11413707,data/unitigs/ERR11413707.unitigs.fa.gz,
ERR11413708,data/unitigs/ERR11413708.unitigs.fa.gz,
ERR11413709,data/unitigs/ERR11413709.unitigs.fa.gz,
ERR11413710,data/unitigs/ERR11413710.unitigs.fa.gz,
ERR11413711,data/unitigs/ERR11413711.unitigs.fa.gz,
ERR11413712,data/unitigs/ERR11413712.unitigs.fa.gz,
ERR11413713,data/unitigs/ERR11413713.unitigs.fa.gz,
ERR11413714,data/unitigs/ERR11413714.unitigs.fa.gz,
ERR11413715,data/unitigs/ERR11413715.unitigs.fa.gz,
ERR11413716,data/unitigs/ERR11413716.unitigs.fa.gz,
ERR11413717,data/unitigs/ERR11413717.unitigs.fa.gz,
ERR11413718,data/unitigs/ERR11413718.unitigs.fa.gz,
ERR11413719,data/unitigs/ERR11413719.unitigs.fa.gz,
ERR11413720,data/unitigs/ERR11413720.unitigs.fa.gz,
ERR11413721,data/unitigs/ERR11413721.unitigs.fa.gz,
ERR11413722,data/unitigs/ERR11413722.unitigs.fa.gz,
ERR11413723,data/unitigs/ERR11413723.unitigs.fa.gz,
ERR11413724,data/unitigs/ERR11413724.unitigs.fa.gz,
ERR11413725,data/unitigs/ERR11413725.unitigs.fa.gz,
ERR11413726,data/unitigs/ERR11413726.unitigs.fa.gz,
ERR11413727,data/unitigs/ERR11413727.unitigs.fa.gz,
ERR11413728,data/unitigs/ERR11413728.unitigs.fa.gz,
ERR11413729,data/unitigs/ERR11413729.unitigs.fa.gz,
ERR11413731,data/unitigs/ERR11413731.unitigs.fa.gz,
ERR11413732,data/unitigs/ERR11413732.unitigs.fa.gz,
ERR11413733,data/unitigs/ERR11413733.unitigs.fa.gz,
ERR11413734,data/unitigs/ERR11413734.unitigs.fa.gz,
ERR11413735,data/unitigs/ERR11413735.unitigs.fa.gz,
ERR11413736,data/unitigs/ERR11413736.unitigs.fa.gz,
ERR11413737,data/unitigs/ERR11413737.unitigs.fa.gz,
ERR11413738,data/unitigs/ERR11413738.unitigs.fa.gz,
ERR11413739,data/unitigs/ERR11413739.unitigs.fa.gz,
ERR11413740,data/unitigs/ERR11413740.unitigs.fa.gz,
ERR11413741,data/unitigs/ERR11413741.unitigs.fa.gz,
ERR11413742,data/unitigs/ERR11413742.unitigs.fa.gz,
ERR11413743,data/unitigs/ERR11413743.unitigs.fa.gz,
ERR11413744,data/unitigs/ERR11413744.unitigs.fa.gz,
ERR11413745,data/unitigs/ERR11413745.unitigs.fa.gz,
ERR11413746,data/unitigs/ERR11413746.unitigs.fa.gz,
ERR11413747,data/unitigs/ERR11413747.unitigs.fa.gz,
ERR11413748,data/unitigs/ERR11413748.unitigs.fa.gz,
ERR11413749,data/unitigs/ERR11413749.unitigs.fa.gz,
ERR11413750,data/unitigs/ERR11413750.unitigs.fa.gz,
ERR11413751,data/unitigs/ERR11413751.unitigs.fa.gz,
ERR11413752,data/unitigs/ERR11413752.unitigs.fa.gz,
ERR11413753,data/unitigs/ERR11413753.unitigs.fa.gz,
ERR11413754,data/unitigs/ERR11413754.unitigs.fa.gz,
ERR11413755,data/unitigs/ERR11413755.unitigs.fa.gz,
ERR11413756,data/unitigs/ERR11413756.unitigs.fa.gz,
ERR11413757,data/unitigs/ERR11413757.unitigs.fa.gz,
ERR11413758,data/unitigs/ERR11413758.unitigs.fa.gz,
ERR11413759,data/unitigs/ERR11413759.unitigs.fa.gz,
ERR11656729,data/unitigs/ERR11656729.unitigs.fa.gz,
ERR11656730,data/unitigs/ERR11656730.unitigs.fa.gz,
ERR11656731,data/unitigs/ERR11656731.unitigs.fa.gz,
ERR11656732,data/unitigs/ERR11656732.unitigs.fa.gz,
ERR11656733,data/unitigs/ERR11656733.unitigs.fa.gz,
ERR11656734,data/unitigs/ERR11656734.unitigs.fa.gz,
ERR11656735,data/unitigs/ERR11656735.unitigs.fa.gz,
ERR11656736,data/unitigs/ERR11656736.unitigs.fa.gz,
ERR11656737,data/unitigs/ERR11656737.unitigs.fa.gz,
ERR11656738,data/unitigs/ERR11656738.unitigs.fa.gz,
ERR11656739,data/unitigs/ERR11656739.unitigs.fa.gz,
ERR11656740,data/unitigs/ERR11656740.unitigs.fa.gz,
ERR11656741,data/unitigs/ERR11656741.unitigs.fa.gz,
ERR11656742,data/unitigs/ERR11656742.unitigs.fa.gz,
ERR11656743,data/unitigs/ERR11656743.unitigs.fa.gz,
ERR11656744,data/unitigs/ERR11656744.unitigs.fa.gz,
ERR11656745,data/unitigs/ERR11656745.unitigs.fa.gz,
ERR11656746,data/unitigs/ERR11656746.unitigs.fa.gz,
ERR11656747,data/unitigs/ERR11656747.unitigs.fa.gz,
ERR11656748,data/unitigs/ERR11656748.unitigs.fa.gz,
ERR11660399,data/unitigs/ERR11660399.unitigs.fa.gz,
ERR11660400,data/unitigs/ERR11660400.unitigs.fa.gz,
ERR11660401,data/unitigs/ERR11660401.unitigs.fa.gz,
ERR11660402,data/unitigs/ERR11660402.unitigs.fa.gz,
ERR11660403,data/unitigs/ERR11660403.unitigs.fa.gz,
ERR11660404,data/unitigs/ERR11660404.unitigs.fa.gz,
ERR11660405,data/unitigs/ERR11660405.unitigs.fa.gz,
ERR11660406,data/unitigs/ERR11660406.unitigs.fa.gz,
ERR11660407,data/unitigs/ERR11660407.unitigs.fa.gz,
ERR11660408,data/unitigs/ERR11660408.unitigs.fa.gz,
ERR11660409,data/unitigs/ERR11660409.unitigs.fa.gz,
ERR11660410,data/unitigs/ERR11660410.unitigs.fa.gz,
ERR11660411,data/unitigs/ERR11660411.unitigs.fa.gz,
ERR11660412,data/unitigs/ERR11660412.unitigs.fa.gz,
ERR11660413,data/unitigs/ERR11660413.unitigs.fa.gz,
ERR11660414,data/unitigs/ERR11660414.unitigs.fa.gz,
ERR11660415,data/unitigs/ERR11660415.unitigs.fa.gz,
ERR11660416,data/unitigs/ERR11660416.unitigs.fa.gz,
ERR11660417,data/unitigs/ERR11660417.unitigs.fa.gz,
ERR11660418,data/unitigs/ERR11660418.unitigs.fa.gz,
ERR11660419,data/unitigs/ERR11660419.unitigs.fa.gz,
ERR11660420,data/unitigs/ERR11660420.unitigs.fa.gz,
ERR11660421,data/unitigs/ERR11660421.unitigs.fa.gz,
ERR11660422,data/unitigs/ERR11660422.unitigs.fa.gz,
ERR11660423,data/unitigs/ERR11660423.unitigs.fa.gz,
ERR11660424,data/unitigs/ERR11660424.unitigs.fa.gz,
ERR11660425,data/unitigs/ERR11660425.unitigs.fa.gz,
ERR11660426,data/unitigs/ERR11660426.unitigs.fa.gz,
ERR11660427,data/unitigs/ERR11660427.unitigs.fa.gz,
ERR11660428,data/unitigs/ERR11660428.unitigs.fa.gz,
ERR11660429,data/unitigs/ERR11660429.unitigs.fa.gz,
ERR11660430,data/unitigs/ERR11660430.unitigs.fa.gz,
ERR11660431,data/unitigs/ERR11660431.unitigs.fa.gz,
ERR11660432,data/unitigs/ERR11660432.unitigs.fa.gz,
ERR11660433,data/unitigs/ERR11660433.unitigs.fa.gz,
ERR11660434,data/unitigs/ERR11660434.unitigs.fa.gz,
ERR11660435,data/unitigs/ERR11660435.unitigs.fa.gz,
ERR11660436,data/unitigs/ERR11660436.unitigs.fa.gz,
ERR11660437,data/unitigs/ERR11660437.unitigs.fa.gz,
ERR11660438,data/unitigs/ERR11660438.unitigs.fa.gz,
ERR11660439,data/unitigs/ERR11660439.unitigs.fa.gz,
ERR11660440,data/unitigs/ERR11660440.unitigs.fa.gz,
ERR11660441,data/unitigs/ERR11660441.unitigs.fa.gz,
ERR11660442,data/unitigs/ERR11660442.unitigs.fa.gz,
ERR11660443,data/unitigs/ERR11660443.unitigs.fa.gz,
ERR11660444,data/unitigs/ERR11660444.unitigs.fa.gz,
ERR11660445,data/unitigs/ERR11660445.unitigs.fa.gz,
ERR11660446,data/unitigs/ERR11660446.unitigs.fa.gz,
ERR11660447,data/unitigs/ERR11660447.unitigs.fa.gz,
ERR11660448,data/unitigs/ERR11660448.unitigs.fa.gz,
ERR11660449,data/unitigs/ERR11660449.unitigs.fa.gz,
ERR11660450,data/unitigs/ERR11660450.unitigs.fa.gz,
ERR11660451,data/unitigs/ERR11660451.unitigs.fa.gz,
ERR11660452,data/unitigs/ERR11660452.unitigs.fa.gz,
ERR11660453,data/unitigs/ERR11660453.unitigs.fa.gz,
ERR11660454,data/unitigs/ERR11660454.unitigs.fa.gz,
ERR11660455,data/unitigs/ERR11660455.unitigs.fa.gz,
ERR11660456,data/unitigs/ERR11660456.unitigs.fa.gz,
ERR11660457,data/unitigs/ERR11660457.unitigs.fa.gz,
ERR11660458,data/unitigs/ERR11660458.unitigs.fa.gz,
ERR11660459,data/unitigs/ERR11660459.unitigs.fa.gz,
ERR11660460,data/unitigs/ERR11660460.unitigs.fa.gz,
ERR11660461,data/unitigs/ERR11660461.unitigs.fa.gz,
ERR11660462,data/unitigs/ERR11660462.unitigs.fa.gz,
ERR11660463,data/unitigs/ERR11660463.unitigs.fa.gz,
ERR11660464,data/unitigs/ERR11660464.unitigs.fa.gz,
ERR11660465,data/unitigs/ERR11660465.unitigs.fa.gz,
ERR11660466,data/unitigs/ERR11660466.unitigs.fa.gz,
ERR12115113,data/unitigs/ERR12115113.unitigs.fa.gz,
ERR12115114,data/unitigs/ERR12115114.unitigs.fa.gz,
ERR12115115,data/unitigs/ERR12115115.unitigs.fa.gz,
ERR12115116,data/unitigs/ERR12115116.unitigs.fa.gz,
ERR12814413,data/unitigs/ERR12814413.unitigs.fa.gz,
ERR12814414,data/unitigs/ERR12814414.unitigs.fa.gz,
ERR12814415,data/unitigs/ERR12814415.unitigs.fa.gz,
ERR12814416,data/unitigs/ERR12814416.unitigs.fa.gz,
ERR12814417,data/unitigs/ERR12814417.unitigs.fa.gz,
ERR12814418,data/unitigs/ERR12814418.unitigs.fa.gz,
ERR12814419,data/unitigs/ERR12814419.unitigs.fa.gz,
ERR12814422,data/unitigs/ERR12814422.unitigs.fa.gz,
ERR12814423,data/unitigs/ERR12814423.unitigs.fa.gz,
ERR12814424,data/unitigs/ERR12814424.unitigs.fa.gz,
ERR12814425,data/unitigs/ERR12814425.unitigs.fa.gz,
ERR12814427,data/unitigs/ERR12814427.unitigs.fa.gz,
ERR12814428,data/unitigs/ERR12814428.unitigs.fa.gz,
ERR12814429,data/unitigs/ERR12814429.unitigs.fa.gz,
ERR12814430,data/unitigs/ERR12814430.unitigs.fa.gz,
ERR12814431,data/unitigs/ERR12814431.unitigs.fa.gz,
ERR12814432,data/unitigs/ERR12814432.unitigs.fa.gz,
ERR12814433,data/unitigs/ERR12814433.unitigs.fa.gz,
ERR12814434,data/unitigs/ERR12814434.unitigs.fa.gz,
ERR12814435,data/unitigs/ERR12814435.unitigs.fa.gz,
ERR12814436,data/unitigs/ERR12814436.unitigs.fa.gz,
ERR12814437,data/unitigs/ERR12814437.unitigs.fa.gz,
ERR12814438,data/unitigs/ERR12814438.unitigs.fa.gz,
ERR12814439,data/unitigs/ERR12814439.unitigs.fa.gz,
ERR12814440,data/unitigs/ERR12814440.unitigs.fa.gz,
ERR12814442,data/unitigs/ERR12814442.unitigs.fa.gz,
ERR12814443,data/unitigs/ERR12814443.unitigs.fa.gz,
ERR12814444,data/unitigs/ERR12814444.unitigs.fa.gz,
ERR12814445,data/unitigs/ERR12814445.unitigs.fa.gz,
ERR12814446,data/unitigs/ERR12814446.unitigs.fa.gz,
ERR12814447,data/unitigs/ERR12814447.unitigs.fa.gz,
ERR12814448,data/unitigs/ERR12814448.unitigs.fa.gz,
ERR12814449,data/unitigs/ERR12814449.unitigs.fa.gz,
ERR12814450,data/unitigs/ERR12814450.unitigs.fa.gz,
ERR12814452,data/unitigs/ERR12814452.unitigs.fa.gz,
ERR12814453,data/unitigs/ERR12814453.unitigs.fa.gz,
ERR12814454,data/unitigs/ERR12814454.unitigs.fa.gz,
ERR12814455,data/unitigs/ERR12814455.unitigs.fa.gz,
ERR12814456,data/unitigs/ERR12814456.unitigs.fa.gz,
ERR12814457,data/unitigs/ERR12814457.unitigs.fa.gz,
ERR12814458,data/unitigs/ERR12814458.unitigs.fa.gz,
ERR12814460,data/unitigs/ERR12814460.unitigs.fa.gz,
ERR12814461,data/unitigs/ERR12814461.unitigs.fa.gz,
ERR12814462,data/unitigs/ERR12814462.unitigs.fa.gz,
ERR12814463,data/unitigs/ERR12814463.unitigs.fa.gz,
ERR12814464,data/unitigs/ERR12814464.unitigs.fa.gz,
ERR12814465,data/unitigs/ERR12814465.unitigs.fa.gz,
ERR12814467,data/unitigs/ERR12814467.unitigs.fa.gz,
ERR12814468,data/unitigs/ERR12814468.unitigs.fa.gz,
ERR12814469,data/unitigs/ERR12814469.unitigs.fa.gz,
ERR12814470,data/unitigs/ERR12814470.unitigs.fa.gz,
ERR12814471,data/unitigs/ERR12814471.unitigs.fa.gz,
ERR12814472,data/unitigs/ERR12814472.unitigs.fa.gz,
ERR12814473,data/unitigs/ERR12814473.unitigs.fa.gz,
ERR12814474,data/unitigs/ERR12814474.unitigs.fa.gz,
ERR12814475,data/unitigs/ERR12814475.unitigs.fa.gz,
ERR12814476,data/unitigs/ERR12814476.unitigs.fa.gz,
ERR13950600,data/unitigs/ERR13950600.unitigs.fa.gz,
ERR13950601,data/unitigs/ERR13950601.unitigs.fa.gz,
ERR13950606,data/unitigs/ERR13950606.unitigs.fa.gz,
ERR13950607,data/unitigs/ERR13950607.unitigs.fa.gz,
ERR13950608,data/unitigs/ERR13950608.unitigs.fa.gz,
ERR13950609,data/unitigs/ERR13950609.unitigs.fa.gz,
ERR13950611,data/unitigs/ERR13950611.unitigs.fa.gz,
ERR13950612,data/unitigs/ERR13950612.unitigs.fa.gz,
ERR13950613,data/unitigs/ERR13950613.unitigs.fa.gz,
ERR13950614,data/unitigs/ERR13950614.unitigs.fa.gz,
ERR13950615,data/unitigs/ERR13950615.unitigs.fa.gz,
ERR13950620,data/unitigs/ERR13950620.unitigs.fa.gz,
ERR13950621,data/unitigs/ERR13950621.unitigs.fa.gz,
ERR13950622,data/unitigs/ERR13950622.unitigs.fa.gz,
ERR13950623,data/unitigs/ERR13950623.unitigs.fa.gz,
ERR13950624,data/unitigs/ERR13950624.unitigs.fa.gz,
ERR13950625,data/unitigs/ERR13950625.unitigs.fa.gz,
ERR13950627,data/unitigs/ERR13950627.unitigs.fa.gz,
ERR13950628,data/unitigs/ERR13950628.unitigs.fa.gz,
ERR13950629,data/unitigs/ERR13950629.unitigs.fa.gz,
ERR13950630,data/unitigs/ERR13950630.unitigs.fa.gz,
ERR13950631,data/unitigs/ERR13950631.unitigs.fa.gz,
ERR13950632,data/unitigs/ERR13950632.unitigs.fa.gz,
ERR13950633,data/unitigs/ERR13950633.unitigs.fa.gz,
ERR13950634,data/unitigs/ERR13950634.unitigs.fa.gz,
ERR13950635,data/unitigs/ERR13950635.unitigs.fa.gz,
ERR13950637,data/unitigs/ERR13950637.unitigs.fa.gz,
ERR13950638,data/unitigs/ERR13950638.unitigs.fa.gz,
ERR13950639,data/unitigs/ERR13950639.unitigs.fa.gz,
ERR13950640,data/unitigs/ERR13950640.unitigs.fa.gz,
ERR13950641,data/unitigs/ERR13950641.unitigs.fa.gz,
ERR13950642,data/unitigs/ERR13950642.unitigs.fa.gz,
ERR13950643,data/unitigs/ERR13950643.unitigs.fa.gz,
ERR13950644,data/unitigs/ERR13950644.unitigs.fa.gz,
ERR13950646,data/unitigs/ERR13950646.unitigs.fa.gz,
ERR13950647,data/unitigs/ERR13950647.unitigs.fa.gz,
ERR13950648,data/unitigs/ERR13950648.unitigs.fa.gz,
ERR13950649,data/unitigs/ERR13950649.unitigs.fa.gz,
ERR13950650,data/unitigs/ERR13950650.unitigs.fa.gz,
ERR13950653,data/unitigs/ERR13950653.unitigs.fa.gz,
ERR13950654,data/unitigs/ERR13950654.unitigs.fa.gz,
ERR13950655,data/unitigs/ERR13950655.unitigs.fa.gz,
ERR13950658,data/unitigs/ERR13950658.unitigs.fa.gz,
ERR13950659,data/unitigs/ERR13950659.unitigs.fa.gz,
ERR13950660,data/unitigs/ERR13950660.unitigs.fa.gz,
ERR13950661,data/unitigs/ERR13950661.unitigs.fa.gz,
ERR13950662,data/unitigs/ERR13950662.unitigs.fa.gz,
ERR13950663,data/unitigs/ERR13950663.unitigs.fa.gz,
ERR13950664,data/unitigs/ERR13950664.unitigs.fa.gz,
ERR13950665,data/unitigs/ERR13950665.unitigs.fa.gz,
ERR13950666,data/unitigs/ERR13950666.unitigs.fa.gz,
ERR13950667,data/unitigs/ERR13950667.unitigs.fa.gz,
ERR13950668,data/unitigs/ERR13950668.unitigs.fa.gz,
ERR13950669,data/unitigs/ERR13950669.unitigs.fa.gz,
ERR13950670,data/unitigs/ERR13950670.unitigs.fa.gz,
ERR13950671,data/unitigs/ERR13950671.unitigs.fa.gz,
ERR13950673,data/unitigs/ERR13950673.unitigs.fa.gz,
ERR13950674,data/unitigs/ERR13950674.unitigs.fa.gz,
ERR14057409,data/unitigs/ERR14057409.unitigs.fa.gz,
ERR14057410,data/unitigs/ERR14057410.unitigs.fa.gz,
ERR14057411,data/unitigs/ERR14057411.unitigs.fa.gz,
ERR14057412,data/unitigs/ERR14057412.unitigs.fa.gz,
ERR14057413,data/unitigs/ERR14057413.unitigs.fa.gz,
ERR14057414,data/unitigs/ERR14057414.unitigs.fa.gz,
ERR14057415,data/unitigs/ERR14057415.unitigs.fa.gz,
ERR14057416,data/unitigs/ERR14057416.unitigs.fa.gz,
ERR14100444,data/unitigs/ERR14100444.unitigs.fa.gz,
ERR14100445,data/unitigs/ERR14100445.unitigs.fa.gz,
ERR14100446,data/unitigs/ERR14100446.unitigs.fa.gz,
ERR14100447,data/unitigs/ERR14100447.unitigs.fa.gz,
ERR14100448,data/unitigs/ERR14100448.unitigs.fa.gz,
ERR14100449,data/unitigs/ERR14100449.unitigs.fa.gz,
ERR14100450,data/unitigs/ERR14100450.unitigs.fa.gz,
ERR14100451,data/unitigs/ERR14100451.unitigs.fa.gz,
ERR1560012,data/unitigs/ERR1560012.unitigs.fa.gz,
ERR1560013,data/unitigs/ERR1560013.unitigs.fa.gz,
ERR1560014,data/unitigs/ERR1560014.unitigs.fa.gz,
ERR1560015,data/unitigs/ERR1560015.unitigs.fa.gz,
ERR1560016,data/unitigs/ERR1560016.unitigs.fa.gz,
ERR1560017,data/unitigs/ERR1560017.unitigs.fa.gz,
ERR1560018,data/unitigs/ERR1560018.unitigs.fa.gz,
ERR1560019,data/unitigs/ERR1560019.unitigs.fa.gz,
ERR1560020,data/unitigs/ERR1560020.unitigs.fa.gz,
ERR1560021,data/unitigs/ERR1560021.unitigs.fa.gz,
ERR1560022,data/unitigs/ERR1560022.unitigs.fa.gz,
ERR1560023,data/unitigs/ERR1560023.unitigs.fa.gz,
ERR1560024,data/unitigs/ERR1560024.unitigs.fa.gz,
ERR1560025,data/unitigs/ERR1560025.unitigs.fa.gz,
ERR1560093,data/unitigs/ERR1560093.unitigs.fa.gz,
ERR1560094,data/unitigs/ERR1560094.unitigs.fa.gz,
ERR1560095,data/unitigs/ERR1560095.unitigs.fa.gz,
ERR1560096,data/unitigs/ERR1560096.unitigs.fa.gz,
ERR1560097,data/unitigs/ERR1560097.unitigs.fa.gz,
ERR1560098,data/unitigs/ERR1560098.unitigs.fa.gz,
ERR1560099,data/unitigs/ERR1560099.unitigs.fa.gz,
ERR1560100,data/unitigs/ERR1560100.unitigs.fa.gz,
ERR1560101,data/unitigs/ERR1560101.unitigs.fa.gz,
ERR1560102,data/unitigs/ERR1560102.unitigs.fa.gz,
ERR1560103,data/unitigs/ERR1560103.unitigs.fa.gz,
ERR1560104,data/unitigs/ERR1560104.unitigs.fa.gz,
ERR1560105,data/unitigs/ERR1560105.unitigs.fa.gz,
ERR1560106,data/unitigs/ERR1560106.unitigs.fa.gz,
ERR1560107,data/unitigs/ERR1560107.unitigs.fa.gz,
ERR1560108,data/unitigs/ERR1560108.unitigs.fa.gz,
ERR1560109,data/unitigs/ERR1560109.unitigs.fa.gz,
ERR1560110,data/unitigs/ERR1560110.unitigs.fa.gz,
ERR1688747,data/unitigs/ERR1688747.unitigs.fa.gz,
ERR1688749,data/unitigs/ERR1688749.unitigs.fa.gz,
ERR1688750,data/unitigs/ERR1688750.unitigs.fa.gz,
ERR1688752,data/unitigs/ERR1688752.unitigs.fa.gz,
ERR1688754,data/unitigs/ERR1688754.unitigs.fa.gz,
ERR1688756,data/unitigs/ERR1688756.unitigs.fa.gz,
ERR1688758,data/unitigs/ERR1688758.unitigs.fa.gz,
ERR1688760,data/unitigs/ERR1688760.unitigs.fa.gz,
ERR1688761,data/unitigs/ERR1688761.unitigs.fa.gz,
ERR1688762,data/unitigs/ERR1688762.unitigs.fa.gz,
ERR1688764,data/unitigs/ERR1688764.unitigs.fa.gz,
ERR1688765,data/unitigs/ERR1688765.unitigs.fa.gz,
ERR1688768,data/unitigs/ERR1688768.unitigs.fa.gz,
ERR1688769,data/unitigs/ERR1688769.unitigs.fa.gz,
ERR1688771,data/unitigs/ERR1688771.unitigs.fa.gz,
ERR1688772,data/unitigs/ERR1688772.unitigs.fa.gz,
ERR1688775,data/unitigs/ERR1688775.unitigs.fa.gz,
ERR1688778,data/unitigs/ERR1688778.unitigs.fa.gz,
ERR1688780,data/unitigs/ERR1688780.unitigs.fa.gz,
ERR1688782,data/unitigs/ERR1688782.unitigs.fa.gz,
ERR1688785,data/unitigs/ERR1688785.unitigs.fa.gz,
ERR1688788,data/unitigs/ERR1688788.unitigs.fa.gz,
ERR1688789,data/unitigs/ERR1688789.unitigs.fa.gz,
ERR1688797,data/unitigs/ERR1688797.unitigs.fa.gz,
ERR1688799,data/unitigs/ERR1688799.unitigs.fa.gz,
ERR1688803,data/unitigs/ERR1688803.unitigs.fa.gz,
ERR1688804,data/unitigs/ERR1688804.unitigs.fa.gz,
ERR1688808,data/unitigs/ERR1688808.unitigs.fa.gz,
ERR1688810,data/unitigs/ERR1688810.unitigs.fa.gz,
ERR1777519,data/unitigs/ERR1777519.unitigs.fa.gz,
ERR1777520,data/unitigs/ERR1777520.unitigs.fa.gz,
ERR1777521,data/unitigs/ERR1777521.unitigs.fa.gz,
ERR1777522,data/unitigs/ERR1777522.unitigs.fa.gz,
ERR1777523,data/unitigs/ERR1777523.unitigs.fa.gz,
ERR1777524,data/unitigs/ERR1777524.unitigs.fa.gz,
ERR1777525,data/unitigs/ERR1777525.unitigs.fa.gz,
ERR1777526,data/unitigs/ERR1777526.unitigs.fa.gz,
ERR1777527,data/unitigs/ERR1777527.unitigs.fa.gz,
ERR1777528,data/unitigs/ERR1777528.unitigs.fa.gz,
ERR1777529,data/unitigs/ERR1777529.unitigs.fa.gz,
ERR1777530,data/unitigs/ERR1777530.unitigs.fa.gz,
ERR1777531,data/unitigs/ERR1777531.unitigs.fa.gz,
ERR1777532,data/unitigs/ERR1777532.unitigs.fa.gz,
ERR1777533,data/unitigs/ERR1777533.unitigs.fa.gz,
ERR1777534,data/unitigs/ERR1777534.unitigs.fa.gz,
ERR1777535,data/unitigs/ERR1777535.unitigs.fa.gz,
ERR1777536,data/unitigs/ERR1777536.unitigs.fa.gz,
ERR1777537,data/unitigs/ERR1777537.unitigs.fa.gz,
ERR1777538,data/unitigs/ERR1777538.unitigs.fa.gz,
ERR1777539,data/unitigs/ERR1777539.unitigs.fa.gz,
ERR1777540,data/unitigs/ERR1777540.unitigs.fa.gz,
ERR1777541,data/unitigs/ERR1777541.unitigs.fa.gz,
ERR1777542,data/unitigs/ERR1777542.unitigs.fa.gz,
ERR1777543,data/unitigs/ERR1777543.unitigs.fa.gz,
ERR1777544,data/unitigs/ERR1777544.unitigs.fa.gz,
ERR1777545,data/unitigs/ERR1777545.unitigs.fa.gz,
ERR1777546,data/unitigs/ERR1777546.unitigs.fa.gz,
ERR1777547,data/unitigs/ERR1777547.unitigs.fa.gz,
ERR1777548,data/unitigs/ERR1777548.unitigs.fa.gz,
ERR1777549,data/unitigs/ERR1777549.unitigs.fa.gz,
ERR1777550,data/unitigs/ERR1777550.unitigs.fa.gz,
ERR1777551,data/unitigs/ERR1777551.unitigs.fa.gz,
ERR1777552,data/unitigs/ERR1777552.unitigs.fa.gz,
ERR1777553,data/unitigs/ERR1777553.unitigs.fa.gz,
ERR1777554,data/unitigs/ERR1777554.unitigs.fa.gz,
ERR1777555,data/unitigs/ERR1777555.unitigs.fa.gz,
ERR1777556,data/unitigs/ERR1777556.unitigs.fa.gz,
ERR1777557,data/unitigs/ERR1777557.unitigs.fa.gz,
ERR1777558,data/unitigs/ERR1777558.unitigs.fa.gz,
ERR1777559,data/unitigs/ERR1777559.unitigs.fa.gz,
ERR1777560,data/unitigs/ERR1777560.unitigs.fa.gz,
ERR1777561,data/unitigs/ERR1777561.unitigs.fa.gz,
ERR1777562,data/unitigs/ERR1777562.unitigs.fa.gz,
ERR1777563,data/unitigs/ERR1777563.unitigs.fa.gz,
ERR1777564,data/unitigs/ERR1777564.unitigs.fa.gz,
ERR1777565,data/unitigs/ERR1777565.unitigs.fa.gz,
ERR1777566,data/unitigs/ERR1777566.unitigs.fa.gz,
ERR1777567,data/unitigs/ERR1777567.unitigs.fa.gz,
ERR1777568,data/unitigs/ERR1777568.unitigs.fa.gz,
ERR1777569,data/unitigs/ERR1777569.unitigs.fa.gz,
ERR1894879,data/unitigs/ERR1894879.unitigs.fa.gz,
ERR1894880,data/unitigs/ERR1894880.unitigs.fa.gz,
ERR1894881,data/unitigs/ERR1894881.unitigs.fa.gz,
ERR1894882,data/unitigs/ERR1894882.unitigs.fa.gz,
ERR1894900,data/unitigs/ERR1894900.unitigs.fa.gz,
ERR1894901,data/unitigs/ERR1894901.unitigs.fa.gz,
ERR1894902,data/unitigs/ERR1894902.unitigs.fa.gz,
ERR1894903,data/unitigs/ERR1894903.unitigs.fa.gz,
ERR1894904,data/unitigs/ERR1894904.unitigs.fa.gz,
ERR1894905,data/unitigs/ERR1894905.unitigs.fa.gz,
ERR1894906,data/unitigs/ERR1894906.unitigs.fa.gz,
ERR1894907,data/unitigs/ERR1894907.unitigs.fa.gz,
ERR1894908,data/unitigs/ERR1894908.unitigs.fa.gz,
ERR1894909,data/unitigs/ERR1894909.unitigs.fa.gz,
ERR1894910,data/unitigs/ERR1894910.unitigs.fa.gz,
ERR1894911,data/unitigs/ERR1894911.unitigs.fa.gz,
ERR1894912,data/unitigs/ERR1894912.unitigs.fa.gz,
ERR1894913,data/unitigs/ERR1894913.unitigs.fa.gz,
ERR1894914,data/unitigs/ERR1894914.unitigs.fa.gz,
ERR1894915,data/unitigs/ERR1894915.unitigs.fa.gz,
ERR1894916,data/unitigs/ERR1894916.unitigs.fa.gz,
ERR1894917,data/unitigs/ERR1894917.unitigs.fa.gz,
ERR1894918,data/unitigs/ERR1894918.unitigs.fa.gz,
ERR1894919,data/unitigs/ERR1894919.unitigs.fa.gz,
ERR2269773,data/unitigs/ERR2269773.unitigs.fa.gz,
ERR2269775,data/unitigs/ERR2269775.unitigs.fa.gz,
ERR2269776,data/unitigs/ERR2269776.unitigs.fa.gz,
ERR2269777,data/unitigs/ERR2269777.unitigs.fa.gz,
ERR2269778,data/unitigs/ERR2269778.unitigs.fa.gz,
ERR2269779,data/unitigs/ERR2269779.unitigs.fa.gz,
ERR2269780,data/unitigs/ERR2269780.unitigs.fa.gz,
ERR2269781,data/unitigs/ERR2269781.unitigs.fa.gz,
ERR2269782,data/unitigs/ERR2269782.unitigs.fa.gz,
ERR2269783,data/unitigs/ERR2269783.unitigs.fa.gz,
ERR2269784,data/unitigs/ERR2269784.unitigs.fa.gz,
ERR2269785,data/unitigs/ERR2269785.unitigs.fa.gz,
ERR2269786,data/unitigs/ERR2269786.unitigs.fa.gz,
ERR2269787,data/unitigs/ERR2269787.unitigs.fa.gz,
ERR2269788,data/unitigs/ERR2269788.unitigs.fa.gz,
ERR2269789,data/unitigs/ERR2269789.unitigs.fa.gz,
ERR2269790,data/unitigs/ERR2269790.unitigs.fa.gz,
ERR2269791,data/unitigs/ERR2269791.unitigs.fa.gz,
ERR2269792,data/unitigs/ERR2269792.unitigs.fa.gz,
ERR2269793,data/unitigs/ERR2269793.unitigs.fa.gz,
ERR2269794,data/unitigs/ERR2269794.unitigs.fa.gz,
ERR2269795,data/unitigs/ERR2269795.unitigs.fa.gz,
ERR2269796,data/unitigs/ERR2269796.unitigs.fa.gz,
ERR2269797,data/unitigs/ERR2269797.unitigs.fa.gz,
ERR2269798,data/unitigs/ERR2269798.unitigs.fa.gz,
ERR2269799,data/unitigs/ERR2269799.unitigs.fa.gz,
ERR2269800,data/unitigs/ERR2269800.unitigs.fa.gz,
ERR2269801,data/unitigs/ERR2269801.unitigs.fa.gz,
ERR2269802,data/unitigs/ERR2269802.unitigs.fa.gz,
ERR2269803,data/unitigs/ERR2269803.unitigs.fa.gz,
ERR2269804,data/unitigs/ERR2269804.unitigs.fa.gz,
ERR2269805,data/unitigs/ERR2269805.unitigs.fa.gz,
ERR3458787,data/unitigs/ERR3458787.unitigs.fa.gz,
ERR3458788,data/unitigs/ERR3458788.unitigs.fa.gz,
ERR3458789,data/unitigs/ERR3458789.unitigs.fa.gz,
ERR3458790,data/unitigs/ERR3458790.unitigs.fa.gz,
ERR3458791,data/unitigs/ERR3458791.unitigs.fa.gz,
ERR3458792,data/unitigs/ERR3458792.unitigs.fa.gz,
ERR3459717,data/unitigs/ERR3459717.unitigs.fa.gz,
ERR3459718,data/unitigs/ERR3459718.unitigs.fa.gz,
ERR3459719,data/unitigs/ERR3459719.unitigs.fa.gz,
ERR3459720,data/unitigs/ERR3459720.unitigs.fa.gz,
ERR3459721,data/unitigs/ERR3459721.unitigs.fa.gz,
ERR3459722,data/unitigs/ERR3459722.unitigs.fa.gz,
ERR3459723,data/unitigs/ERR3459723.unitigs.fa.gz,
ERR3459724,data/unitigs/ERR3459724.unitigs.fa.gz,
ERR3459725,data/unitigs/ERR3459725.unitigs.fa.gz,
ERR3459726,data/unitigs/ERR3459726.unitigs.fa.gz,
ERR3459727,data/unitigs/ERR3459727.unitigs.fa.gz,
ERR3459728,data/unitigs/ERR3459728.unitigs.fa.gz,
ERR3459729,data/unitigs/ERR3459729.unitigs.fa.gz,
ERR3459730,data/unitigs/ERR3459730.unitigs.fa.gz,
ERR3459731,data/unitigs/ERR3459731.unitigs.fa.gz,
ERR3459732,data/unitigs/ERR3459732.unitigs.fa.gz,
ERR3459733,data/unitigs/ERR3459733.unitigs.fa.gz,
ERR3459734,data/unitigs/ERR3459734.unitigs.fa.gz,
ERR3459735,data/unitigs/ERR3459735.unitigs.fa.gz,
ERR3459736,data/unitigs/ERR3459736.unitigs.fa.gz,
ERR3459737,data/unitigs/ERR3459737.unitigs.fa.gz,
ERR3459738,data/unitigs/ERR3459738.unitigs.fa.gz,
ERR3459739,data/unitigs/ERR3459739.unitigs.fa.gz,
ERR3459740,data/unitigs/ERR3459740.unitigs.fa.gz,
ERR3459741,data/unitigs/ERR3459741.unitigs.fa.gz,
ERR3459742,data/unitigs/ERR3459742.unitigs.fa.gz,
ERR3459743,data/unitigs/ERR3459743.unitigs.fa.gz,
ERR3459744,data/unitigs/ERR3459744.unitigs.fa.gz,
ERR3579671,data/unitigs/ERR3579671.unitigs.fa.gz,
ERR3579672,data/unitigs/ERR3579672.unitigs.fa.gz,
ERR3579673,data/unitigs/ERR3579673.unitigs.fa.gz,
ERR3579674,data/unitigs/ERR3579674.unitigs.fa.gz,
ERR3579675,data/unitigs/ERR3579675.unitigs.fa.gz,
ERR3579676,data/unitigs/ERR3579676.unitigs.fa.gz,
ERR3579677,data/unitigs/ERR3579677.unitigs.fa.gz,
ERR3579678,data/unitigs/ERR3579678.unitigs.fa.gz,
ERR3579680,data/unitigs/ERR3579680.unitigs.fa.gz,
ERR3579681,data/unitigs/ERR3579681.unitigs.fa.gz,
ERR3579682,data/unitigs/ERR3579682.unitigs.fa.gz,
ERR3579683,data/unitigs/ERR3579683.unitigs.fa.gz,
ERR3579685,data/unitigs/ERR3579685.unitigs.fa.gz,
ERR3579687,data/unitigs/ERR3579687.unitigs.fa.gz,
ERR3579688,data/unitigs/ERR3579688.unitigs.fa.gz,
ERR3579699,data/unitigs/ERR3579699.unitigs.fa.gz,
ERR3579700,data/unitigs/ERR3579700.unitigs.fa.gz,
ERR3579701,data/unitigs/ERR3579701.unitigs.fa.gz,
ERR3579702,data/unitigs/ERR3579702.unitigs.fa.gz,
ERR3579703,data/unitigs/ERR3579703.unitigs.fa.gz,
ERR3579704,data/unitigs/ERR3579704.unitigs.fa.gz,
ERR3579705,data/unitigs/ERR3579705.unitigs.fa.gz,
ERR3579706,data/unitigs/ERR3579706.unitigs.fa.gz,
ERR3579707,data/unitigs/ERR3579707.unitigs.fa.gz,
ERR3579708,data/unitigs/ERR3579708.unitigs.fa.gz,
ERR3579709,data/unitigs/ERR3579709.unitigs.fa.gz,
ERR3579710,data/unitigs/ERR3579710.unitigs.fa.gz,
ERR3579711,data/unitigs/ERR3579711.unitigs.fa.gz,
ERR3579712,data/unitigs/ERR3579712.unitigs.fa.gz,
ERR3579713,data/unitigs/ERR3579713.unitigs.fa.gz,
ERR3579714,data/unitigs/ERR3579714.unitigs.fa.gz,
ERR3579715,data/unitigs/ERR3579715.unitigs.fa.gz,
ERR3579716,data/unitigs/ERR3579716.unitigs.fa.gz,
ERR3579719,data/unitigs/ERR3579719.unitigs.fa.gz,
ERR3579720,data/unitigs/ERR3579720.unitigs.fa.gz,
ERR3579721,data/unitigs/ERR3579721.unitigs.fa.gz,
ERR3579722,data/unitigs/ERR3579722.unitigs.fa.gz,
ERR3579723,data/unitigs/ERR3579723.unitigs.fa.gz,
ERR3579726,data/unitigs/ERR3579726.unitigs.fa.gz,
ERR3579727,data/unitigs/ERR3579727.unitigs.fa.gz,
ERR3579728,data/unitigs/ERR3579728.unitigs.fa.gz,
ERR3579729,data/unitigs/ERR3579729.unitigs.fa.gz,
ERR3579730,data/unitigs/ERR3579730.unitigs.fa.gz,
ERR3579731,data/unitigs/ERR3579731.unitigs.fa.gz,
ERR3579732,data/unitigs/ERR3579732.unitigs.fa.gz,
ERR3579733,data/unitigs/ERR3579733.unitigs.fa.gz,
ERR3579734,data/unitigs/ERR3579734.unitigs.fa.gz,
ERR3579735,data/unitigs/ERR3579735.unitigs.fa.gz,
ERR3579738,data/unitigs/ERR3579738.unitigs.fa.gz,
ERR3579740,data/unitigs/ERR3579740.unitigs.fa.gz,
ERR3579741,data/unitigs/ERR3579741.unitigs.fa.gz,
ERR3579742,data/unitigs/ERR3579742.unitigs.fa.gz,
ERR3579743,data/unitigs/ERR3579743.unitigs.fa.gz,
ERR3579744,data/unitigs/ERR3579744.unitigs.fa.gz,
ERR3579745,data/unitigs/ERR3579745.unitigs.fa.gz,
ERR3579746,data/unitigs/ERR3579746.unitigs.fa.gz,
ERR3579747,data/unitigs/ERR3579747.unitigs.fa.gz,
ERR3579748,data/unitigs/ERR3579748.unitigs.fa.gz,
ERR3579749,data/unitigs/ERR3579749.unitigs.fa.gz,
ERR3579750,data/unitigs/ERR3579750.unitigs.fa.gz,
ERR3579751,data/unitigs/ERR3579751.unitigs.fa.gz,
ERR3579752,data/unitigs/ERR3579752.unitigs.fa.gz,
ERR3579753,data/unitigs/ERR3579753.unitigs.fa.gz,
ERR3579754,data/unitigs/ERR3579754.unitigs.fa.gz,
ERR3579755,data/unitigs/ERR3579755.unitigs.fa.gz,
ERR3579756,data/unitigs/ERR3579756.unitigs.fa.gz,
ERR3579757,data/unitigs/ERR3579757.unitigs.fa.gz,
ERR3579758,data/unitigs/ERR3579758.unitigs.fa.gz,
ERR3579759,data/unitigs/ERR3579759.unitigs.fa.gz,
ERR3579760,data/unitigs/ERR3579760.unitigs.fa.gz,
ERR3579761,data/unitigs/ERR3579761.unitigs.fa.gz,
ERR3579762,data/unitigs/ERR3579762.unitigs.fa.gz,
ERR3579763,data/unitigs/ERR3579763.unitigs.fa.gz,
ERR3579764,data/unitigs/ERR3579764.unitigs.fa.gz,
ERR3579765,data/unitigs/ERR3579765.unitigs.fa.gz,
ERR3579766,data/unitigs/ERR3579766.unitigs.fa.gz,
ERR3579767,data/unitigs/ERR3579767.unitigs.fa.gz,
ERR3579768,data/unitigs/ERR3579768.unitigs.fa.gz,
ERR3579774,data/unitigs/ERR3579774.unitigs.fa.gz,
ERR3579775,data/unitigs/ERR3579775.unitigs.fa.gz,
ERR3579776,data/unitigs/ERR3579776.unitigs.fa.gz,
ERR3579777,data/unitigs/ERR3579777.unitigs.fa.gz,
ERR3579779,data/unitigs/ERR3579779.unitigs.fa.gz,
ERR3579781,data/unitigs/ERR3579781.unitigs.fa.gz,
ERR3579782,data/unitigs/ERR3579782.unitigs.fa.gz,
ERR3579783,data/unitigs/ERR3579783.unitigs.fa.gz,
ERR3579784,data/unitigs/ERR3579784.unitigs.fa.gz,
ERR3579785,data/unitigs/ERR3579785.unitigs.fa.gz,
ERR3579786,data/unitigs/ERR3579786.unitigs.fa.gz,
ERR3579787,data/unitigs/ERR3579787.unitigs.fa.gz,
ERR3579788,data/unitigs/ERR3579788.unitigs.fa.gz,
ERR3579789,data/unitigs/ERR3579789.unitigs.fa.gz,
ERR3579790,data/unitigs/ERR3579790.unitigs.fa.gz,
ERR3579791,data/unitigs/ERR3579791.unitigs.fa.gz,
ERR3579792,data/unitigs/ERR3579792.unitigs.fa.gz,
ERR3579793,data/unitigs/ERR3579793.unitigs.fa.gz,
ERR3579796,data/unitigs/ERR3579796.unitigs.fa.gz,
ERR3579797,data/unitigs/ERR3579797.unitigs.fa.gz,
ERR3579798,data/unitigs/ERR3579798.unitigs.fa.gz,
ERR3579799,data/unitigs/ERR3579799.unitigs.fa.gz,
ERR3579800,data/unitigs/ERR3579800.unitigs.fa.gz,
ERR3579801,data/unitigs/ERR3579801.unitigs.fa.gz,
ERR3579802,data/unitigs/ERR3579802.unitigs.fa.gz,
ERR3579803,data/unitigs/ERR3579803.unitigs.fa.gz,
ERR3579804,data/unitigs/ERR3579804.unitigs.fa.gz,
ERR3579805,data/unitigs/ERR3579805.unitigs.fa.gz,
ERR3579806,data/unitigs/ERR3579806.unitigs.fa.gz,
ERR3579807,data/unitigs/ERR3579807.unitigs.fa.gz,
ERR3579809,data/unitigs/ERR3579809.unitigs.fa.gz,
ERR3579810,data/unitigs/ERR3579810.unitigs.fa.gz,
ERR3579811,data/unitigs/ERR3579811.unitigs.fa.gz,
ERR3579812,data/unitigs/ERR3579812.unitigs.fa.gz,
ERR3579813,data/unitigs/ERR3579813.unitigs.fa.gz,
ERR3579814,data/unitigs/ERR3579814.unitigs.fa.gz,
ERR3579815,data/unitigs/ERR3579815.unitigs.fa.gz,
ERR3579816,data/unitigs/ERR3579816.unitigs.fa.gz,
ERR3579817,data/unitigs/ERR3579817.unitigs.fa.gz,
ERR3579818,data/unitigs/ERR3579818.unitigs.fa.gz,
ERR3579827,data/unitigs/ERR3579827.unitigs.fa.gz,
ERR3579828,data/unitigs/ERR3579828.unitigs.fa.gz,
ERR3579829,data/unitigs/ERR3579829.unitigs.fa.gz,
ERR3579830,data/unitigs/ERR3579830.unitigs.fa.gz,
ERR3609652,data/unitigs/ERR3609652.unitigs.fa.gz,
ERR3609653,data/unitigs/ERR3609653.unitigs.fa.gz,
ERR3609654,data/unitigs/ERR3609654.unitigs.fa.gz,
ERR3609655,data/unitigs/ERR3609655.unitigs.fa.gz,
ERR3609656,data/unitigs/ERR3609656.unitigs.fa.gz,
ERR3609657,data/unitigs/ERR3609657.unitigs.fa.gz,
ERR3609658,data/unitigs/ERR3609658.unitigs.fa.gz,
ERR3609659,data/unitigs/ERR3609659.unitigs.fa.gz,
ERR3609660,data/unitigs/ERR3609660.unitigs.fa.gz,
ERR3609661,data/unitigs/ERR3609661.unitigs.fa.gz,
ERR3678173,data/unitigs/ERR3678173.unitigs.fa.gz,
ERR3678174,data/unitigs/ERR3678174.unitigs.fa.gz,
ERR3678175,data/unitigs/ERR3678175.unitigs.fa.gz,
ERR3678176,data/unitigs/ERR3678176.unitigs.fa.gz,
ERR3678177,data/unitigs/ERR3678177.unitigs.fa.gz,
ERR3678179,data/unitigs/ERR3678179.unitigs.fa.gz,
ERR3678180,data/unitigs/ERR3678180.unitigs.fa.gz,
ERR3678181,data/unitigs/ERR3678181.unitigs.fa.gz,
ERR3678182,data/unitigs/ERR3678182.unitigs.fa.gz,
ERR3678184,data/unitigs/ERR3678184.unitigs.fa.gz,
ERR3678186,data/unitigs/ERR3678186.unitigs.fa.gz,
ERR3678187,data/unitigs/ERR3678187.unitigs.fa.gz,
ERR3678595,data/unitigs/ERR3678595.unitigs.fa.gz,
ERR3678596,data/unitigs/ERR3678596.unitigs.fa.gz,
ERR3678598,data/unitigs/ERR3678598.unitigs.fa.gz,
ERR3678599,data/unitigs/ERR3678599.unitigs.fa.gz,
ERR3678600,data/unitigs/ERR3678600.unitigs.fa.gz,
ERR3678602,data/unitigs/ERR3678602.unitigs.fa.gz,
ERR3678603,data/unitigs/ERR3678603.unitigs.fa.gz,
ERR3678604,data/unitigs/ERR3678604.unitigs.fa.gz,
ERR3678605,data/unitigs/ERR3678605.unitigs.fa.gz,
ERR3678606,data/unitigs/ERR3678606.unitigs.fa.gz,
ERR3678607,data/unitigs/ERR3678607.unitigs.fa.gz,
ERR3678609,data/unitigs/ERR3678609.unitigs.fa.gz,
ERR3678610,data/unitigs/ERR3678610.unitigs.fa.gz,
ERR3678611,data/unitigs/ERR3678611.unitigs.fa.gz,
ERR3678612,data/unitigs/ERR3678612.unitigs.fa.gz,
ERR3678613,data/unitigs/ERR3678613.unitigs.fa.gz,
ERR3678614,data/unitigs/ERR3678614.unitigs.fa.gz,
ERR3678615,data/unitigs/ERR3678615.unitigs.fa.gz,
ERR3678616,data/unitigs/ERR3678616.unitigs.fa.gz,
ERR3678617,data/unitigs/ERR3678617.unitigs.fa.gz,
ERR3678618,data/unitigs/ERR3678618.unitigs.fa.gz,
ERR3678619,data/unitigs/ERR3678619.unitigs.fa.gz,
ERR3678620,data/unitigs/ERR3678620.unitigs.fa.gz,
ERR3678622,data/unitigs/ERR3678622.unitigs.fa.gz,
ERR3678623,data/unitigs/ERR3678623.unitigs.fa.gz,
ERR3678625,data/unitigs/ERR3678625.unitigs.fa.gz,
ERR3678626,data/unitigs/ERR3678626.unitigs.fa.gz,
ERR3678627,data/unitigs/ERR3678627.unitigs.fa.gz,
ERR3678628,data/unitigs/ERR3678628.unitigs.fa.gz,
ERR3678629,data/unitigs/ERR3678629.unitigs.fa.gz,
ERR3678727,data/unitigs/ERR3678727.unitigs.fa.gz,
ERR3728226,data/unitigs/ERR3728226.unitigs.fa.gz,
ERR3728227,data/unitigs/ERR3728227.unitigs.fa.gz,
ERR3728228,data/unitigs/ERR3728228.unitigs.fa.gz,
ERR3728238,data/unitigs/ERR3728238.unitigs.fa.gz,
ERR3728239,data/unitigs/ERR3728239.unitigs.fa.gz,
ERR3728240,data/unitigs/ERR3728240.unitigs.fa.gz,
ERR3728241,data/unitigs/ERR3728241.unitigs.fa.gz,
ERR3728245,data/unitigs/ERR3728245.unitigs.fa.gz,
ERR3728246,data/unitigs/ERR3728246.unitigs.fa.gz,
ERR3728247,data/unitigs/ERR3728247.unitigs.fa.gz,
ERR3728248,data/unitigs/ERR3728248.unitigs.fa.gz,
ERR3728249,data/unitigs/ERR3728249.unitigs.fa.gz,
ERR3728250,data/unitigs/ERR3728250.unitigs.fa.gz,
ERR3728251,data/unitigs/ERR3728251.unitigs.fa.gz,
ERR3728252,data/unitigs/ERR3728252.unitigs.fa.gz,
ERR3728254,data/unitigs/ERR3728254.unitigs.fa.gz,
ERR3728255,data/unitigs/ERR3728255.unitigs.fa.gz,
ERR3728256,data/unitigs/ERR3728256.unitigs.fa.gz,
ERR3728257,data/unitigs/ERR3728257.unitigs.fa.gz,
ERR3761400,data/unitigs/ERR3761400.unitigs.fa.gz,
ERR3761401,data/unitigs/ERR3761401.unitigs.fa.gz,
ERR3761402,data/unitigs/ERR3761402.unitigs.fa.gz,
ERR3761403,data/unitigs/ERR3761403.unitigs.fa.gz,
ERR3761404,data/unitigs/ERR3761404.unitigs.fa.gz,
ERR3761405,data/unitigs/ERR3761405.unitigs.fa.gz,
ERR3761406,data/unitigs/ERR3761406.unitigs.fa.gz,
ERR3761407,data/unitigs/ERR3761407.unitigs.fa.gz,
ERR3761408,data/unitigs/ERR3761408.unitigs.fa.gz,
ERR3761409,data/unitigs/ERR3761409.unitigs.fa.gz,
ERR3761410,data/unitigs/ERR3761410.unitigs.fa.gz,
ERR3761411,data/unitigs/ERR3761411.unitigs.fa.gz,
ERR3761412,data/unitigs/ERR3761412.unitigs.fa.gz,
ERR3761413,data/unitigs/ERR3761413.unitigs.fa.gz,
ERR3772645,data/unitigs/ERR3772645.unitigs.fa.gz,
ERR3804374,data/unitigs/ERR3804374.unitigs.fa.gz,
ERR3804375,data/unitigs/ERR3804375.unitigs.fa.gz,
ERR3906046,data/unitigs/ERR3906046.unitigs.fa.gz,
ERR4172756,data/unitigs/ERR4172756.unitigs.fa.gz,
ERR4172758,data/unitigs/ERR4172758.unitigs.fa.gz,
ERR4172761,data/unitigs/ERR4172761.unitigs.fa.gz,
ERR4172763,data/unitigs/ERR4172763.unitigs.fa.gz,
ERR4172766,data/unitigs/ERR4172766.unitigs.fa.gz,
ERR4172783,data/unitigs/ERR4172783.unitigs.fa.gz,
ERR4172788,data/unitigs/ERR4172788.unitigs.fa.gz,
ERR4172789,data/unitigs/ERR4172789.unitigs.fa.gz,
ERR4172797,data/unitigs/ERR4172797.unitigs.fa.gz,
ERR4172799,data/unitigs/ERR4172799.unitigs.fa.gz,
ERR4172800,data/unitigs/ERR4172800.unitigs.fa.gz,
ERR4172802,data/unitigs/ERR4172802.unitigs.fa.gz,
ERR4172804,data/unitigs/ERR4172804.unitigs.fa.gz,
ERR4172806,data/unitigs/ERR4172806.unitigs.fa.gz,
ERR4172808,data/unitigs/ERR4172808.unitigs.fa.gz,
ERR4172809,data/unitigs/ERR4172809.unitigs.fa.gz,
ERR4172811,data/unitigs/ERR4172811.unitigs.fa.gz,
ERR4172813,data/unitigs/ERR4172813.unitigs.fa.gz,
ERR4172814,data/unitigs/ERR4172814.unitigs.fa.gz,
ERR4172817,data/unitigs/ERR4172817.unitigs.fa.gz,
ERR4172819,data/unitigs/ERR4172819.unitigs.fa.gz,
ERR4172823,data/unitigs/ERR4172823.unitigs.fa.gz,
ERR4172827,data/unitigs/ERR4172827.unitigs.fa.gz,
ERR4172829,data/unitigs/ERR4172829.unitigs.fa.gz,
ERR4172830,data/unitigs/ERR4172830.unitigs.fa.gz,
ERR4172832,data/unitigs/ERR4172832.unitigs.fa.gz,
ERR4172834,data/unitigs/ERR4172834.unitigs.fa.gz,
ERR4172835,data/unitigs/ERR4172835.unitigs.fa.gz,
ERR4172836,data/unitigs/ERR4172836.unitigs.fa.gz,
ERR4172838,data/unitigs/ERR4172838.unitigs.fa.gz,
ERR4172839,data/unitigs/ERR4172839.unitigs.fa.gz,
ERR4172841,data/unitigs/ERR4172841.unitigs.fa.gz,
ERR4172843,data/unitigs/ERR4172843.unitigs.fa.gz,
ERR4172850,data/unitigs/ERR4172850.unitigs.fa.gz,
ERR4172854,data/unitigs/ERR4172854.unitigs.fa.gz,
ERR4172855,data/unitigs/ERR4172855.unitigs.fa.gz,
ERR4172857,data/unitigs/ERR4172857.unitigs.fa.gz,
ERR4172860,data/unitigs/ERR4172860.unitigs.fa.gz,
ERR4172872,data/unitigs/ERR4172872.unitigs.fa.gz,
ERR4172883,data/unitigs/ERR4172883.unitigs.fa.gz,
ERR4172889,data/unitigs/ERR4172889.unitigs.fa.gz,
ERR4172953,data/unitigs/ERR4172953.unitigs.fa.gz,
ERR4172977,data/unitigs/ERR4172977.unitigs.fa.gz,
ERR4172978,data/unitigs/ERR4172978.unitigs.fa.gz,
ERR4172979,data/unitigs/ERR4172979.unitigs.fa.gz,
ERR4172981,data/unitigs/ERR4172981.unitigs.fa.gz,
ERR4172982,data/unitigs/ERR4172982.unitigs.fa.gz,
ERR4172991,data/unitigs/ERR4172991.unitigs.fa.gz,
ERR4173008,data/unitigs/ERR4173008.unitigs.fa.gz,
ERR4173033,data/unitigs/ERR4173033.unitigs.fa.gz,
ERR4173039,data/unitigs/ERR4173039.unitigs.fa.gz,
ERR4173041,data/unitigs/ERR4173041.unitigs.fa.gz,
ERR4173043,data/unitigs/ERR4173043.unitigs.fa.gz,
ERR4173045,data/unitigs/ERR4173045.unitigs.fa.gz,
ERR4173049,data/unitigs/ERR4173049.unitigs.fa.gz,
ERR4173051,data/unitigs/ERR4173051.unitigs.fa.gz,
ERR4173057,data/unitigs/ERR4173057.unitigs.fa.gz,
ERR4173060,data/unitigs/ERR4173060.unitigs.fa.gz,
ERR4173061,data/unitigs/ERR4173061.unitigs.fa.gz,
ERR4173063,data/unitigs/ERR4173063.unitigs.fa.gz,
ERR4173066,data/unitigs/ERR4173066.unitigs.fa.gz,
ERR4173068,data/unitigs/ERR4173068.unitigs.fa.gz,
ERR4173070,data/unitigs/ERR4173070.unitigs.fa.gz,
ERR4173072,data/unitigs/ERR4173072.unitigs.fa.gz,
ERR4173073,data/unitigs/ERR4173073.unitigs.fa.gz,
ERR4173075,data/unitigs/ERR4173075.unitigs.fa.gz,
ERR4173082,data/unitigs/ERR4173082.unitigs.fa.gz,
ERR4334735,data/unitigs/ERR4334735.unitigs.fa.gz,
ERR4334736,data/unitigs/ERR4334736.unitigs.fa.gz,
ERR4373119,data/unitigs/ERR4373119.unitigs.fa.gz,
ERR4373134,data/unitigs/ERR4373134.unitigs.fa.gz,
ERR4373146,data/unitigs/ERR4373146.unitigs.fa.gz,
ERR4373153,data/unitigs/ERR4373153.unitigs.fa.gz,
ERR4373159,data/unitigs/ERR4373159.unitigs.fa.gz,
ERR4373979,data/unitigs/ERR4373979.unitigs.fa.gz,
ERR4373995,data/unitigs/ERR4373995.unitigs.fa.gz,
ERR4373996,data/unitigs/ERR4373996.unitigs.fa.gz,
ERR4373997,data/unitigs/ERR4373997.unitigs.fa.gz,
ERR4373998,data/unitigs/ERR4373998.unitigs.fa.gz,
ERR4373999,data/unitigs/ERR4373999.unitigs.fa.gz,
ERR4374000,data/unitigs/ERR4374000.unitigs.fa.gz,
ERR4374001,data/unitigs/ERR4374001.unitigs.fa.gz,
ERR4374002,data/unitigs/ERR4374002.unitigs.fa.gz,
ERR4374003,data/unitigs/ERR4374003.unitigs.fa.gz,
ERR4374004,data/unitigs/ERR4374004.unitigs.fa.gz,
ERR4374005,data/unitigs/ERR4374005.unitigs.fa.gz,
ERR4374006,data/unitigs/ERR4374006.unitigs.fa.gz,
ERR4374007,data/unitigs/ERR4374007.unitigs.fa.gz,
ERR4374008,data/unitigs/ERR4374008.unitigs.fa.gz,
ERR4374009,data/unitigs/ERR4374009.unitigs.fa.gz,
ERR4374010,data/unitigs/ERR4374010.unitigs.fa.gz,
ERR4374011,data/unitigs/ERR4374011.unitigs.fa.gz,
ERR4374012,data/unitigs/ERR4374012.unitigs.fa.gz,
ERR4374013,data/unitigs/ERR4374013.unitigs.fa.gz,
ERR4374014,data/unitigs/ERR4374014.unitigs.fa.gz,
ERR4374015,data/unitigs/ERR4374015.unitigs.fa.gz,
ERR4374016,data/unitigs/ERR4374016.unitigs.fa.gz,
ERR4374017,data/unitigs/ERR4374017.unitigs.fa.gz,
ERR4374018,data/unitigs/ERR4374018.unitigs.fa.gz,
ERR4374019,data/unitigs/ERR4374019.unitigs.fa.gz,
ERR4374020,data/unitigs/ERR4374020.unitigs.fa.gz,
ERR4374021,data/unitigs/ERR4374021.unitigs.fa.gz,
ERR4374022,data/unitigs/ERR4374022.unitigs.fa.gz,
ERR4374023,data/unitigs/ERR4374023.unitigs.fa.gz,
ERR4374024,data/unitigs/ERR4374024.unitigs.fa.gz,
ERR4374025,data/unitigs/ERR4374025.unitigs.fa.gz,
ERR4374026,data/unitigs/ERR4374026.unitigs.fa.gz,
ERR4374027,data/unitigs/ERR4374027.unitigs.fa.gz,
ERR4374028,data/unitigs/ERR4374028.unitigs.fa.gz,
ERR4374029,data/unitigs/ERR4374029.unitigs.fa.gz,
ERR4374030,data/unitigs/ERR4374030.unitigs.fa.gz,
ERR4374031,data/unitigs/ERR4374031.unitigs.fa.gz,
ERR4374032,data/unitigs/ERR4374032.unitigs.fa.gz,
ERR4374033,data/unitigs/ERR4374033.unitigs.fa.gz,
ERR4374034,data/unitigs/ERR4374034.unitigs.fa.gz,
ERR4374035,data/unitigs/ERR4374035.unitigs.fa.gz,
ERR4374036,data/unitigs/ERR4374036.unitigs.fa.gz,
ERR4374037,data/unitigs/ERR4374037.unitigs.fa.gz,
ERR4374038,data/unitigs/ERR4374038.unitigs.fa.gz,
ERR4374039,data/unitigs/ERR4374039.unitigs.fa.gz,
ERR4374040,data/unitigs/ERR4374040.unitigs.fa.gz,
ERR4374041,data/unitigs/ERR4374041.unitigs.fa.gz,
ERR4374042,data/unitigs/ERR4374042.unitigs.fa.gz,
ERR4374043,data/unitigs/ERR4374043.unitigs.fa.gz,
ERR4374044,data/unitigs/ERR4374044.unitigs.fa.gz,
ERR4374045,data/unitigs/ERR4374045.unitigs.fa.gz,
ERR4374046,data/unitigs/ERR4374046.unitigs.fa.gz,
ERR4374047,data/unitigs/ERR4374047.unitigs.fa.gz,
ERR4374048,data/unitigs/ERR4374048.unitigs.fa.gz,
ERR4374049,data/unitigs/ERR4374049.unitigs.fa.gz,
ERR4374050,data/unitigs/ERR4374050.unitigs.fa.gz,
ERR4374051,data/unitigs/ERR4374051.unitigs.fa.gz,
ERR4374052,data/unitigs/ERR4374052.unitigs.fa.gz,
ERR4374053,data/unitigs/ERR4374053.unitigs.fa.gz,
ERR4374055,data/unitigs/ERR4374055.unitigs.fa.gz,
ERR4374588,data/unitigs/ERR4374588.unitigs.fa.gz,
ERR4374589,data/unitigs/ERR4374589.unitigs.fa.gz,
ERR4374838,data/unitigs/ERR4374838.unitigs.fa.gz,
ERR4374839,data/unitigs/ERR4374839.unitigs.fa.gz,
ERR4374851,data/unitigs/ERR4374851.unitigs.fa.gz,
ERR4374857,data/unitigs/ERR4374857.unitigs.fa.gz,
ERR4374858,data/unitigs/ERR4374858.unitigs.fa.gz,
ERR4374859,data/unitigs/ERR4374859.unitigs.fa.gz,
ERR4374860,data/unitigs/ERR4374860.unitigs.fa.gz,
ERR4374861,data/unitigs/ERR4374861.unitigs.fa.gz,
ERR4374862,data/unitigs/ERR4374862.unitigs.fa.gz,
ERR4374863,data/unitigs/ERR4374863.unitigs.fa.gz,
ERR4374864,data/unitigs/ERR4374864.unitigs.fa.gz,
ERR4374865,data/unitigs/ERR4374865.unitigs.fa.gz,
ERR4374866,data/unitigs/ERR4374866.unitigs.fa.gz,
ERR4374867,data/unitigs/ERR4374867.unitigs.fa.gz,
ERR4374868,data/unitigs/ERR4374868.unitigs.fa.gz,
ERR4374869,data/unitigs/ERR4374869.unitigs.fa.gz,
ERR4374870,data/unitigs/ERR4374870.unitigs.fa.gz,
ERR4374871,data/unitigs/ERR4374871.unitigs.fa.gz,
ERR4374872,data/unitigs/ERR4374872.unitigs.fa.gz,
ERR4374873,data/unitigs/ERR4374873.unitigs.fa.gz,
ERR4374874,data/unitigs/ERR4374874.unitigs.fa.gz,
ERR4374875,data/unitigs/ERR4374875.unitigs.fa.gz,
ERR4374912,data/unitigs/ERR4374912.unitigs.fa.gz,
ERR4374913,data/unitigs/ERR4374913.unitigs.fa.gz,
ERR4374914,data/unitigs/ERR4374914.unitigs.fa.gz,
ERR4374915,data/unitigs/ERR4374915.unitigs.fa.gz,
ERR4374916,data/unitigs/ERR4374916.unitigs.fa.gz,
ERR4374917,data/unitigs/ERR4374917.unitigs.fa.gz,
ERR4374918,data/unitigs/ERR4374918.unitigs.fa.gz,
ERR4374919,data/unitigs/ERR4374919.unitigs.fa.gz,
ERR4374920,data/unitigs/ERR4374920.unitigs.fa.gz,
ERR4374921,data/unitigs/ERR4374921.unitigs.fa.gz,
ERR4374922,data/unitigs/ERR4374922.unitigs.fa.gz,
ERR4374923,data/unitigs/ERR4374923.unitigs.fa.gz,
ERR4374924,data/unitigs/ERR4374924.unitigs.fa.gz,
ERR4374925,data/unitigs/ERR4374925.unitigs.fa.gz,
ERR4374926,data/unitigs/ERR4374926.unitigs.fa.gz,
ERR4374927,data/unitigs/ERR4374927.unitigs.fa.gz,
ERR4374928,data/unitigs/ERR4374928.unitigs.fa.gz,
ERR4374929,data/unitigs/ERR4374929.unitigs.fa.gz,
ERR4374948,data/unitigs/ERR4374948.unitigs.fa.gz,
ERR4374962,data/unitigs/ERR4374962.unitigs.fa.gz,
ERR4374963,data/unitigs/ERR4374963.unitigs.fa.gz,
ERR4375010,data/unitigs/ERR4375010.unitigs.fa.gz,
ERR4375011,data/unitigs/ERR4375011.unitigs.fa.gz,
ERR4375017,data/unitigs/ERR4375017.unitigs.fa.gz,
ERR4375025,data/unitigs/ERR4375025.unitigs.fa.gz,
ERR4375032,data/unitigs/ERR4375032.unitigs.fa.gz,
ERR4375036,data/unitigs/ERR4375036.unitigs.fa.gz,
ERR4375039,data/unitigs/ERR4375039.unitigs.fa.gz,
ERR4375040,data/unitigs/ERR4375040.unitigs.fa.gz,
ERR4375042,data/unitigs/ERR4375042.unitigs.fa.gz,
ERR4375045,data/unitigs/ERR4375045.unitigs.fa.gz,
ERR4375046,data/unitigs/ERR4375046.unitigs.fa.gz,
ERR4375047,data/unitigs/ERR4375047.unitigs.fa.gz,
ERR4375048,data/unitigs/ERR4375048.unitigs.fa.gz,
ERR4375049,data/unitigs/ERR4375049.unitigs.fa.gz,
ERR4375050,data/unitigs/ERR4375050.unitigs.fa.gz,
ERR4375132,data/unitigs/ERR4375132.unitigs.fa.gz,
ERR4375133,data/unitigs/ERR4375133.unitigs.fa.gz,
ERR4375134,data/unitigs/ERR4375134.unitigs.fa.gz,
ERR4375135,data/unitigs/ERR4375135.unitigs.fa.gz,
ERR4375136,data/unitigs/ERR4375136.unitigs.fa.gz,
ERR4375137,data/unitigs/ERR4375137.unitigs.fa.gz,
ERR4375141,data/unitigs/ERR4375141.unitigs.fa.gz,
ERR4375142,data/unitigs/ERR4375142.unitigs.fa.gz,
ERR4375143,data/unitigs/ERR4375143.unitigs.fa.gz,
ERR4375144,data/unitigs/ERR4375144.unitigs.fa.gz,
ERR4383828,data/unitigs/ERR4383828.unitigs.fa.gz,
ERR4383829,data/unitigs/ERR4383829.unitigs.fa.gz,
ERR4384927,data/unitigs/ERR4384927.unitigs.fa.gz,
ERR4385800,data/unitigs/ERR4385800.unitigs.fa.gz,
ERR4385809,data/unitigs/ERR4385809.unitigs.fa.gz,
ERR4386464,data/unitigs/ERR4386464.unitigs.fa.gz,
ERR4386569,data/unitigs/ERR4386569.unitigs.fa.gz,
ERR4386594,data/unitigs/ERR4386594.unitigs.fa.gz,
ERR4388102,data/unitigs/ERR4388102.unitigs.fa.gz,
ERR4388107,data/unitigs/ERR4388107.unitigs.fa.gz,
ERR4388231,data/unitigs/ERR4388231.unitigs.fa.gz,
ERR4388236,data/unitigs/ERR4388236.unitigs.fa.gz,
ERR4391165,data/unitigs/ERR4391165.unitigs.fa.gz,
ERR4391166,data/unitigs/ERR4391166.unitigs.fa.gz,
ERR4408185,data/unitigs/ERR4408185.unitigs.fa.gz,
ERR4408187,data/unitigs/ERR4408187.unitigs.fa.gz,
ERR4408188,data/unitigs/ERR4408188.unitigs.fa.gz,
ERR4413529,data/unitigs/ERR4413529.unitigs.fa.gz,
ERR4426516,data/unitigs/ERR4426516.unitigs.fa.gz,
ERR4426517,data/unitigs/ERR4426517.unitigs.fa.gz,
ERR4426518,data/unitigs/ERR4426518.unitigs.fa.gz,
ERR4426519,data/unitigs/ERR4426519.unitigs.fa.gz,
ERR4426520,data/unitigs/ERR4426520.unitigs.fa.gz,
ERR4426521,data/unitigs/ERR4426521.unitigs.fa.gz,
ERR4426522,data/unitigs/ERR4426522.unitigs.fa.gz,
ERR4426523,data/unitigs/ERR4426523.unitigs.fa.gz,
ERR4426524,data/unitigs/ERR4426524.unitigs.fa.gz,
ERR4426525,data/unitigs/ERR4426525.unitigs.fa.gz,
ERR4426526,data/unitigs/ERR4426526.unitigs.fa.gz,
ERR4426527,data/unitigs/ERR4426527.unitigs.fa.gz,
ERR4426529,data/unitigs/ERR4426529.unitigs.fa.gz,
ERR4426530,data/unitigs/ERR4426530.unitigs.fa.gz,
ERR4426531,data/unitigs/ERR4426531.unitigs.fa.gz,
ERR4426532,data/unitigs/ERR4426532.unitigs.fa.gz,
ERR4426533,data/unitigs/ERR4426533.unitigs.fa.gz,
ERR4426534,data/unitigs/ERR4426534.unitigs.fa.gz,
ERR4426535,data/unitigs/ERR4426535.unitigs.fa.gz,
ERR4426536,data/unitigs/ERR4426536.unitigs.fa.gz,
ERR4426537,data/unitigs/ERR4426537.unitigs.fa.gz,
ERR4426538,data/unitigs/ERR4426538.unitigs.fa.gz,
ERR4426539,data/unitigs/ERR4426539.unitigs.fa.gz,
ERR4426540,data/unitigs/ERR4426540.unitigs.fa.gz,
ERR4426541,data/unitigs/ERR4426541.unitigs.fa.gz,
ERR4426542,data/unitigs/ERR4426542.unitigs.fa.gz,
ERR4426543,data/unitigs/ERR4426543.unitigs.fa.gz,
ERR4426545,data/unitigs/ERR4426545.unitigs.fa.gz,
ERR4426546,data/unitigs/ERR4426546.unitigs.fa.gz,
ERR4426547,data/unitigs/ERR4426547.unitigs.fa.gz,
ERR4426548,data/unitigs/ERR4426548.unitigs.fa.gz,
ERR4426549,data/unitigs/ERR4426549.unitigs.fa.gz,
ERR4426550,data/unitigs/ERR4426550.unitigs.fa.gz,
ERR4426552,data/unitigs/ERR4426552.unitigs.fa.gz,
ERR4596443,data/unitigs/ERR4596443.unitigs.fa.gz,
ERR4596813,data/unitigs/ERR4596813.unitigs.fa.gz,
ERR4596815,data/unitigs/ERR4596815.unitigs.fa.gz,
ERR4596816,data/unitigs/ERR4596816.unitigs.fa.gz,
ERR4596817,data/unitigs/ERR4596817.unitigs.fa.gz,
ERR4596818,data/unitigs/ERR4596818.unitigs.fa.gz,
ERR4596819,data/unitigs/ERR4596819.unitigs.fa.gz,
ERR4596820,data/unitigs/ERR4596820.unitigs.fa.gz,
ERR4596822,data/unitigs/ERR4596822.unitigs.fa.gz,
ERR4596823,data/unitigs/ERR4596823.unitigs.fa.gz,
ERR4596824,data/unitigs/ERR4596824.unitigs.fa.gz,
ERR4596825,data/unitigs/ERR4596825.unitigs.fa.gz,
ERR4596826,data/unitigs/ERR4596826.unitigs.fa.gz,
ERR4596828,data/unitigs/ERR4596828.unitigs.fa.gz,
ERR5670952,data/unitigs/ERR5670952.unitigs.fa.gz,
ERR5670953,data/unitigs/ERR5670953.unitigs.fa.gz,
ERR5670954,data/unitigs/ERR5670954.unitigs.fa.gz,
ERR5670955,data/unitigs/ERR5670955.unitigs.fa.gz,
ERR5670956,data/unitigs/ERR5670956.unitigs.fa.gz,
ERR5670957,data/unitigs/ERR5670957.unitigs.fa.gz,
ERR5670958,data/unitigs/ERR5670958.unitigs.fa.gz,
ERR5670959,data/unitigs/ERR5670959.unitigs.fa.gz,
ERR5670960,data/unitigs/ERR5670960.unitigs.fa.gz,
ERR5670961,data/unitigs/ERR5670961.unitigs.fa.gz,
ERR5670962,data/unitigs/ERR5670962.unitigs.fa.gz,
ERR5670963,data/unitigs/ERR5670963.unitigs.fa.gz,
ERR5670964,data/unitigs/ERR5670964.unitigs.fa.gz,
ERR5670965,data/unitigs/ERR5670965.unitigs.fa.gz,
ERR5670966,data/unitigs/ERR5670966.unitigs.fa.gz,
ERR5670967,data/unitigs/ERR5670967.unitigs.fa.gz,
ERR5670968,data/unitigs/ERR5670968.unitigs.fa.gz,
ERR5670969,data/unitigs/ERR5670969.unitigs.fa.gz,
ERR5670970,data/unitigs/ERR5670970.unitigs.fa.gz,
ERR5670971,data/unitigs/ERR5670971.unitigs.fa.gz,
ERR567364,data/unitigs/ERR567364.unitigs.fa.gz,
ERR567366,data/unitigs/ERR567366.unitigs.fa.gz,
ERR5729614,data/unitigs/ERR5729614.unitigs.fa.gz,
ERR5729615,data/unitigs/ERR5729615.unitigs.fa.gz,
ERR5729616,data/unitigs/ERR5729616.unitigs.fa.gz,
ERR5729617,data/unitigs/ERR5729617.unitigs.fa.gz,
ERR5729618,data/unitigs/ERR5729618.unitigs.fa.gz,
ERR5729619,data/unitigs/ERR5729619.unitigs.fa.gz,
ERR5729620,data/unitigs/ERR5729620.unitigs.fa.gz,
ERR5729621,data/unitigs/ERR5729621.unitigs.fa.gz,
ERR5729622,data/unitigs/ERR5729622.unitigs.fa.gz,
ERR5729623,data/unitigs/ERR5729623.unitigs.fa.gz,
ERR5729624,data/unitigs/ERR5729624.unitigs.fa.gz,
ERR5729625,data/unitigs/ERR5729625.unitigs.fa.gz,
ERR5729626,data/unitigs/ERR5729626.unitigs.fa.gz,
ERR5729627,data/unitigs/ERR5729627.unitigs.fa.gz,
ERR5729628,data/unitigs/ERR5729628.unitigs.fa.gz,
ERR5729629,data/unitigs/ERR5729629.unitigs.fa.gz,
ERR5729630,data/unitigs/ERR5729630.unitigs.fa.gz,
ERR5729631,data/unitigs/ERR5729631.unitigs.fa.gz,
ERR5729632,data/unitigs/ERR5729632.unitigs.fa.gz,
ERR5729633,data/unitigs/ERR5729633.unitigs.fa.gz,
ERR5729634,data/unitigs/ERR5729634.unitigs.fa.gz,
ERR5729635,data/unitigs/ERR5729635.unitigs.fa.gz,
ERR5729636,data/unitigs/ERR5729636.unitigs.fa.gz,
ERR5729637,data/unitigs/ERR5729637.unitigs.fa.gz,
ERR5729638,data/unitigs/ERR5729638.unitigs.fa.gz,
ERR5729639,data/unitigs/ERR5729639.unitigs.fa.gz,
ERR5729640,data/unitigs/ERR5729640.unitigs.fa.gz,
ERR5729641,data/unitigs/ERR5729641.unitigs.fa.gz,
ERR5729642,data/unitigs/ERR5729642.unitigs.fa.gz,
ERR5729643,data/unitigs/ERR5729643.unitigs.fa.gz,
ERR5729644,data/unitigs/ERR5729644.unitigs.fa.gz,
ERR5729645,data/unitigs/ERR5729645.unitigs.fa.gz,
ERR5729646,data/unitigs/ERR5729646.unitigs.fa.gz,
ERR5729647,data/unitigs/ERR5729647.unitigs.fa.gz,
ERR5729648,data/unitigs/ERR5729648.unitigs.fa.gz,
ERR5729649,data/unitigs/ERR5729649.unitigs.fa.gz,
ERR5729650,data/unitigs/ERR5729650.unitigs.fa.gz,
ERR5729651,data/unitigs/ERR5729651.unitigs.fa.gz,
ERR5729652,data/unitigs/ERR5729652.unitigs.fa.gz,
ERR5729653,data/unitigs/ERR5729653.unitigs.fa.gz,
ERR5729654,data/unitigs/ERR5729654.unitigs.fa.gz,
ERR5729655,data/unitigs/ERR5729655.unitigs.fa.gz,
ERR5729656,data/unitigs/ERR5729656.unitigs.fa.gz,
ERR5729657,data/unitigs/ERR5729657.unitigs.fa.gz,
ERR5766165,data/unitigs/ERR5766165.unitigs.fa.gz,
ERR5766166,data/unitigs/ERR5766166.unitigs.fa.gz,
ERR5766167,data/unitigs/ERR5766167.unitigs.fa.gz,
ERR5766168,data/unitigs/ERR5766168.unitigs.fa.gz,
ERR5766169,data/unitigs/ERR5766169.unitigs.fa.gz,
ERR5766170,data/unitigs/ERR5766170.unitigs.fa.gz,
ERR5766171,data/unitigs/ERR5766171.unitigs.fa.gz,
ERR5766172,data/unitigs/ERR5766172.unitigs.fa.gz,
ERR5766173,data/unitigs/ERR5766173.unitigs.fa.gz,
ERR5766174,data/unitigs/ERR5766174.unitigs.fa.gz,
ERR5766175,data/unitigs/ERR5766175.unitigs.fa.gz,
ERR5766176,data/unitigs/ERR5766176.unitigs.fa.gz,
ERR5766177,data/unitigs/ERR5766177.unitigs.fa.gz,
ERR5766178,data/unitigs/ERR5766178.unitigs.fa.gz,
ERR5766179,data/unitigs/ERR5766179.unitigs.fa.gz,
ERR5766180,data/unitigs/ERR5766180.unitigs.fa.gz,
ERR5766181,data/unitigs/ERR5766181.unitigs.fa.gz,
ERR5766182,data/unitigs/ERR5766182.unitigs.fa.gz,
ERR5766183,data/unitigs/ERR5766183.unitigs.fa.gz,
ERR5863536,data/unitigs/ERR5863536.unitigs.fa.gz,
ERR6093854,data/unitigs/ERR6093854.unitigs.fa.gz,
ERR6093855,data/unitigs/ERR6093855.unitigs.fa.gz,
ERR6093856,data/unitigs/ERR6093856.unitigs.fa.gz,
ERR6093857,data/unitigs/ERR6093857.unitigs.fa.gz,
ERR6093858,data/unitigs/ERR6093858.unitigs.fa.gz,
ERR6093859,data/unitigs/ERR6093859.unitigs.fa.gz,
ERR6093860,data/unitigs/ERR6093860.unitigs.fa.gz,
ERR6093861,data/unitigs/ERR6093861.unitigs.fa.gz,
ERR6093862,data/unitigs/ERR6093862.unitigs.fa.gz,
ERR6093863,data/unitigs/ERR6093863.unitigs.fa.gz,
ERR6093864,data/unitigs/ERR6093864.unitigs.fa.gz,
ERR6093865,data/unitigs/ERR6093865.unitigs.fa.gz,
ERR6093866,data/unitigs/ERR6093866.unitigs.fa.gz,
ERR6093867,data/unitigs/ERR6093867.unitigs.fa.gz,
ERR6093868,data/unitigs/ERR6093868.unitigs.fa.gz,
ERR6093869,data/unitigs/ERR6093869.unitigs.fa.gz,
ERR6093870,data/unitigs/ERR6093870.unitigs.fa.gz,
ERR6093871,data/unitigs/ERR6093871.unitigs.fa.gz,
ERR6093872,data/unitigs/ERR6093872.unitigs.fa.gz,
ERR6093874,data/unitigs/ERR6093874.unitigs.fa.gz,
ERR6093875,data/unitigs/ERR6093875.unitigs.fa.gz,
ERR6093876,data/unitigs/ERR6093876.unitigs.fa.gz,
ERR6093877,data/unitigs/ERR6093877.unitigs.fa.gz,
ERR6093878,data/unitigs/ERR6093878.unitigs.fa.gz,
ERR6093879,data/unitigs/ERR6093879.unitigs.fa.gz,
ERR6093880,data/unitigs/ERR6093880.unitigs.fa.gz,
ERR6093881,data/unitigs/ERR6093881.unitigs.fa.gz,
ERR6093882,data/unitigs/ERR6093882.unitigs.fa.gz,
ERR6093883,data/unitigs/ERR6093883.unitigs.fa.gz,
ERR6093885,data/unitigs/ERR6093885.unitigs.fa.gz,
ERR6093886,data/unitigs/ERR6093886.unitigs.fa.gz,
ERR6093887,data/unitigs/ERR6093887.unitigs.fa.gz,
ERR6093888,data/unitigs/ERR6093888.unitigs.fa.gz,
ERR6093889,data/unitigs/ERR6093889.unitigs.fa.gz,
ERR6093890,data/unitigs/ERR6093890.unitigs.fa.gz,
ERR6093891,data/unitigs/ERR6093891.unitigs.fa.gz,
ERR6093893,data/unitigs/ERR6093893.unitigs.fa.gz,
ERR6093894,data/unitigs/ERR6093894.unitigs.fa.gz,
ERR6093896,data/unitigs/ERR6093896.unitigs.fa.gz,
ERR6093897,data/unitigs/ERR6093897.unitigs.fa.gz,
ERR6093899,data/unitigs/ERR6093899.unitigs.fa.gz,
ERR6093900,data/unitigs/ERR6093900.unitigs.fa.gz,
ERR6093901,data/unitigs/ERR6093901.unitigs.fa.gz,
ERR6093902,data/unitigs/ERR6093902.unitigs.fa.gz,
ERR6093903,data/unitigs/ERR6093903.unitigs.fa.gz,
ERR6093904,data/unitigs/ERR6093904.unitigs.fa.gz,
ERR6093905,data/unitigs/ERR6093905.unitigs.fa.gz,
ERR6093906,data/unitigs/ERR6093906.unitigs.fa.gz,
ERR6093907,data/unitigs/ERR6093907.unitigs.fa.gz,
ERR6093908,data/unitigs/ERR6093908.unitigs.fa.gz,
ERR6093909,data/unitigs/ERR6093909.unitigs.fa.gz,
ERR6093910,data/unitigs/ERR6093910.unitigs.fa.gz,
ERR6093912,data/unitigs/ERR6093912.unitigs.fa.gz,
ERR6093913,data/unitigs/ERR6093913.unitigs.fa.gz,
ERR6093914,data/unitigs/ERR6093914.unitigs.fa.gz,
ERR6093916,data/unitigs/ERR6093916.unitigs.fa.gz,
ERR6093917,data/unitigs/ERR6093917.unitigs.fa.gz,
ERR6093919,data/unitigs/ERR6093919.unitigs.fa.gz,
ERR6093920,data/unitigs/ERR6093920.unitigs.fa.gz,
ERR6093921,data/unitigs/ERR6093921.unitigs.fa.gz,
ERR6093922,data/unitigs/ERR6093922.unitigs.fa.gz,
ERR6093923,data/unitigs/ERR6093923.unitigs.fa.gz,
ERR6093924,data/unitigs/ERR6093924.unitigs.fa.gz,
ERR6093926,data/unitigs/ERR6093926.unitigs.fa.gz,
ERR6093927,data/unitigs/ERR6093927.unitigs.fa.gz,
ERR6093928,data/unitigs/ERR6093928.unitigs.fa.gz,
ERR6093929,data/unitigs/ERR6093929.unitigs.fa.gz,
ERR6093930,data/unitigs/ERR6093930.unitigs.fa.gz,
ERR6093931,data/unitigs/ERR6093931.unitigs.fa.gz,
ERR6093932,data/unitigs/ERR6093932.unitigs.fa.gz,
ERR6093934,data/unitigs/ERR6093934.unitigs.fa.gz,
ERR6093935,data/unitigs/ERR6093935.unitigs.fa.gz,
ERR6093936,data/unitigs/ERR6093936.unitigs.fa.gz,
ERR6093937,data/unitigs/ERR6093937.unitigs.fa.gz,
ERR6093938,data/unitigs/ERR6093938.unitigs.fa.gz,
ERR6093939,data/unitigs/ERR6093939.unitigs.fa.gz,
ERR6093941,data/unitigs/ERR6093941.unitigs.fa.gz,
ERR6093942,data/unitigs/ERR6093942.unitigs.fa.gz,
ERR6093943,data/unitigs/ERR6093943.unitigs.fa.gz,
ERR6093945,data/unitigs/ERR6093945.unitigs.fa.gz,
ERR6093946,data/unitigs/ERR6093946.unitigs.fa.gz,
ERR6093947,data/unitigs/ERR6093947.unitigs.fa.gz,
ERR6093948,data/unitigs/ERR6093948.unitigs.fa.gz,
ERR6093949,data/unitigs/ERR6093949.unitigs.fa.gz,
ERR6093950,data/unitigs/ERR6093950.unitigs.fa.gz,
ERR6093951,data/unitigs/ERR6093951.unitigs.fa.gz,
ERR6093952,data/unitigs/ERR6093952.unitigs.fa.gz,
ERR6093953,data/unitigs/ERR6093953.unitigs.fa.gz,
ERR6093954,data/unitigs/ERR6093954.unitigs.fa.gz,
ERR6093955,data/unitigs/ERR6093955.unitigs.fa.gz,
ERR6093956,data/unitigs/ERR6093956.unitigs.fa.gz,
ERR6093957,data/unitigs/ERR6093957.unitigs.fa.gz,
ERR6093958,data/unitigs/ERR6093958.unitigs.fa.gz,
ERR6093959,data/unitigs/ERR6093959.unitigs.fa.gz,
ERR6093960,data/unitigs/ERR6093960.unitigs.fa.gz,
ERR6093961,data/unitigs/ERR6093961.unitigs.fa.gz,
ERR6093963,data/unitigs/ERR6093963.unitigs.fa.gz,
ERR6093964,data/unitigs/ERR6093964.unitigs.fa.gz,
ERR6093965,data/unitigs/ERR6093965.unitigs.fa.gz,
ERR6093966,data/unitigs/ERR6093966.unitigs.fa.gz,
ERR6093967,data/unitigs/ERR6093967.unitigs.fa.gz,
ERR6093968,data/unitigs/ERR6093968.unitigs.fa.gz,
ERR6093969,data/unitigs/ERR6093969.unitigs.fa.gz,
ERR6093970,data/unitigs/ERR6093970.unitigs.fa.gz,
ERR6093972,data/unitigs/ERR6093972.unitigs.fa.gz,
ERR6096533,data/unitigs/ERR6096533.unitigs.fa.gz,
ERR6096535,data/unitigs/ERR6096535.unitigs.fa.gz,
ERR6096536,data/unitigs/ERR6096536.unitigs.fa.gz,
ERR6096537,data/unitigs/ERR6096537.unitigs.fa.gz,
ERR6096538,data/unitigs/ERR6096538.unitigs.fa.gz,
ERR6096539,data/unitigs/ERR6096539.unitigs.fa.gz,
ERR6096540,data/unitigs/ERR6096540.unitigs.fa.gz,
ERR6096541,data/unitigs/ERR6096541.unitigs.fa.gz,
ERR6096542,data/unitigs/ERR6096542.unitigs.fa.gz,
ERR6096543,data/unitigs/ERR6096543.unitigs.fa.gz,
ERR6096544,data/unitigs/ERR6096544.unitigs.fa.gz,
ERR6096545,data/unitigs/ERR6096545.unitigs.fa.gz,
ERR6096547,data/unitigs/ERR6096547.unitigs.fa.gz,
ERR6096548,data/unitigs/ERR6096548.unitigs.fa.gz,
ERR6096549,data/unitigs/ERR6096549.unitigs.fa.gz,
ERR6096550,data/unitigs/ERR6096550.unitigs.fa.gz,
ERR6096551,data/unitigs/ERR6096551.unitigs.fa.gz,
ERR6096552,data/unitigs/ERR6096552.unitigs.fa.gz,
ERR6096554,data/unitigs/ERR6096554.unitigs.fa.gz,
ERR6096555,data/unitigs/ERR6096555.unitigs.fa.gz,
ERR6096557,data/unitigs/ERR6096557.unitigs.fa.gz,
ERR6096570,data/unitigs/ERR6096570.unitigs.fa.gz,
ERR6096574,data/unitigs/ERR6096574.unitigs.fa.gz,
ERR6096575,data/unitigs/ERR6096575.unitigs.fa.gz,
ERR6096576,data/unitigs/ERR6096576.unitigs.fa.gz,
ERR6096579,data/unitigs/ERR6096579.unitigs.fa.gz,
ERR6096580,data/unitigs/ERR6096580.unitigs.fa.gz,
ERR6096581,data/unitigs/ERR6096581.unitigs.fa.gz,
ERR6096582,data/unitigs/ERR6096582.unitigs.fa.gz,
ERR6096739,data/unitigs/ERR6096739.unitigs.fa.gz,
ERR6096740,data/unitigs/ERR6096740.unitigs.fa.gz,
ERR6096741,data/unitigs/ERR6096741.unitigs.fa.gz,
ERR6096742,data/unitigs/ERR6096742.unitigs.fa.gz,
ERR6096743,data/unitigs/ERR6096743.unitigs.fa.gz,
ERR6096744,data/unitigs/ERR6096744.unitigs.fa.gz,
ERR6096745,data/unitigs/ERR6096745.unitigs.fa.gz,
ERR6096746,data/unitigs/ERR6096746.unitigs.fa.gz,
ERR6096747,data/unitigs/ERR6096747.unitigs.fa.gz,
ERR6096748,data/unitigs/ERR6096748.unitigs.fa.gz,
ERR6096749,data/unitigs/ERR6096749.unitigs.fa.gz,
ERR6096752,data/unitigs/ERR6096752.unitigs.fa.gz,
ERR6096755,data/unitigs/ERR6096755.unitigs.fa.gz,
ERR6096759,data/unitigs/ERR6096759.unitigs.fa.gz,
ERR6096760,data/unitigs/ERR6096760.unitigs.fa.gz,
ERR6096762,data/unitigs/ERR6096762.unitigs.fa.gz,
ERR6096764,data/unitigs/ERR6096764.unitigs.fa.gz,
ERR6096766,data/unitigs/ERR6096766.unitigs.fa.gz,
ERR6096776,data/unitigs/ERR6096776.unitigs.fa.gz,
ERR6096784,data/unitigs/ERR6096784.unitigs.fa.gz,
ERR6096796,data/unitigs/ERR6096796.unitigs.fa.gz,
ERR6096814,data/unitigs/ERR6096814.unitigs.fa.gz,
ERR6096818,data/unitigs/ERR6096818.unitigs.fa.gz,
ERR6096822,data/unitigs/ERR6096822.unitigs.fa.gz,
ERR6096826,data/unitigs/ERR6096826.unitigs.fa.gz,
ERR6096829,data/unitigs/ERR6096829.unitigs.fa.gz,
ERR6096835,data/unitigs/ERR6096835.unitigs.fa.gz,
ERR6096842,data/unitigs/ERR6096842.unitigs.fa.gz,
ERR6096847,data/unitigs/ERR6096847.unitigs.fa.gz,
ERR6096853,data/unitigs/ERR6096853.unitigs.fa.gz,
ERR6096886,data/unitigs/ERR6096886.unitigs.fa.gz,
ERR6096922,data/unitigs/ERR6096922.unitigs.fa.gz,
ERR6096923,data/unitigs/ERR6096923.unitigs.fa.gz,
ERR6096924,data/unitigs/ERR6096924.unitigs.fa.gz,
ERR6096925,data/unitigs/ERR6096925.unitigs.fa.gz,
ERR6096926,data/unitigs/ERR6096926.unitigs.fa.gz,
ERR6096927,data/unitigs/ERR6096927.unitigs.fa.gz,
ERR6096928,data/unitigs/ERR6096928.unitigs.fa.gz,
ERR6096929,data/unitigs/ERR6096929.unitigs.fa.gz,
ERR6096930,data/unitigs/ERR6096930.unitigs.fa.gz,
ERR6096931,data/unitigs/ERR6096931.unitigs.fa.gz,
ERR6096932,data/unitigs/ERR6096932.unitigs.fa.gz,
ERR6096933,data/unitigs/ERR6096933.unitigs.fa.gz,
ERR6096934,data/unitigs/ERR6096934.unitigs.fa.gz,
ERR6096935,data/unitigs/ERR6096935.unitigs.fa.gz,
ERR6096937,data/unitigs/ERR6096937.unitigs.fa.gz,
ERR6096955,data/unitigs/ERR6096955.unitigs.fa.gz,
ERR6097155,data/unitigs/ERR6097155.unitigs.fa.gz,
ERR6097156,data/unitigs/ERR6097156.unitigs.fa.gz,
ERR6097514,data/unitigs/ERR6097514.unitigs.fa.gz,
ERR6097549,data/unitigs/ERR6097549.unitigs.fa.gz,
ERR6097552,data/unitigs/ERR6097552.unitigs.fa.gz,
ERR6097573,data/unitigs/ERR6097573.unitigs.fa.gz,
ERR6097575,data/unitigs/ERR6097575.unitigs.fa.gz,
ERR6097576,data/unitigs/ERR6097576.unitigs.fa.gz,
ERR6097577,data/unitigs/ERR6097577.unitigs.fa.gz,
ERR6097579,data/unitigs/ERR6097579.unitigs.fa.gz,
ERR6097580,data/unitigs/ERR6097580.unitigs.fa.gz,
ERR6097581,data/unitigs/ERR6097581.unitigs.fa.gz,
ERR6097583,data/unitigs/ERR6097583.unitigs.fa.gz,
ERR6097619,data/unitigs/ERR6097619.unitigs.fa.gz,
ERR6097621,data/unitigs/ERR6097621.unitigs.fa.gz,
ERR6097622,data/unitigs/ERR6097622.unitigs.fa.gz,
ERR6097623,data/unitigs/ERR6097623.unitigs.fa.gz,
ERR6097625,data/unitigs/ERR6097625.unitigs.fa.gz,
ERR6097626,data/unitigs/ERR6097626.unitigs.fa.gz,
ERR6097627,data/unitigs/ERR6097627.unitigs.fa.gz,
ERR6097628,data/unitigs/ERR6097628.unitigs.fa.gz,
ERR6097629,data/unitigs/ERR6097629.unitigs.fa.gz,
ERR6097630,data/unitigs/ERR6097630.unitigs.fa.gz,
ERR6097759,data/unitigs/ERR6097759.unitigs.fa.gz,
ERR6098066,data/unitigs/ERR6098066.unitigs.fa.gz,
ERR6098349,data/unitigs/ERR6098349.unitigs.fa.gz,
ERR6098517,data/unitigs/ERR6098517.unitigs.fa.gz,
ERR6098519,data/unitigs/ERR6098519.unitigs.fa.gz,
ERR6098520,data/unitigs/ERR6098520.unitigs.fa.gz,
ERR6098552,data/unitigs/ERR6098552.unitigs.fa.gz,
ERR6098553,data/unitigs/ERR6098553.unitigs.fa.gz,
ERR6098554,data/unitigs/ERR6098554.unitigs.fa.gz,
ERR6098555,data/unitigs/ERR6098555.unitigs.fa.gz,
ERR6098556,data/unitigs/ERR6098556.unitigs.fa.gz,
ERR6098557,data/unitigs/ERR6098557.unitigs.fa.gz,
ERR6098559,data/unitigs/ERR6098559.unitigs.fa.gz,
ERR6098560,data/unitigs/ERR6098560.unitigs.fa.gz,
ERR6098730,data/unitigs/ERR6098730.unitigs.fa.gz,
ERR6098929,data/unitigs/ERR6098929.unitigs.fa.gz,
ERR6098930,data/unitigs/ERR6098930.unitigs.fa.gz,
ERR6098932,data/unitigs/ERR6098932.unitigs.fa.gz,
ERR6098934,data/unitigs/ERR6098934.unitigs.fa.gz,
ERR6098936,data/unitigs/ERR6098936.unitigs.fa.gz,
ERR6098937,data/unitigs/ERR6098937.unitigs.fa.gz,
ERR6098938,data/unitigs/ERR6098938.unitigs.fa.gz,
ERR6098939,data/unitigs/ERR6098939.unitigs.fa.gz,
ERR6098940,data/unitigs/ERR6098940.unitigs.fa.gz,
ERR6098982,data/unitigs/ERR6098982.unitigs.fa.gz,
ERR6098983,data/unitigs/ERR6098983.unitigs.fa.gz,
ERR6098984,data/unitigs/ERR6098984.unitigs.fa.gz,
ERR6098985,data/unitigs/ERR6098985.unitigs.fa.gz,
ERR6098990,data/unitigs/ERR6098990.unitigs.fa.gz,
ERR6099166,data/unitigs/ERR6099166.unitigs.fa.gz,
ERR6099349,data/unitigs/ERR6099349.unitigs.fa.gz,
ERR6099809,data/unitigs/ERR6099809.unitigs.fa.gz,
ERR6099810,data/unitigs/ERR6099810.unitigs.fa.gz,
ERR6099811,data/unitigs/ERR6099811.unitigs.fa.gz,
ERR6099812,data/unitigs/ERR6099812.unitigs.fa.gz,
ERR6099813,data/unitigs/ERR6099813.unitigs.fa.gz,
ERR6099814,data/unitigs/ERR6099814.unitigs.fa.gz,
ERR6099815,data/unitigs/ERR6099815.unitigs.fa.gz,
ERR6099816,data/unitigs/ERR6099816.unitigs.fa.gz,
ERR6099817,data/unitigs/ERR6099817.unitigs.fa.gz,
ERR6099818,data/unitigs/ERR6099818.unitigs.fa.gz,
ERR6099824,data/unitigs/ERR6099824.unitigs.fa.gz,
ERR6099825,data/unitigs/ERR6099825.unitigs.fa.gz,
ERR6099826,data/unitigs/ERR6099826.unitigs.fa.gz,
ERR6101230,data/unitigs/ERR6101230.unitigs.fa.gz,
ERR6108965,data/unitigs/ERR6108965.unitigs.fa.gz,
ERR6108966,data/unitigs/ERR6108966.unitigs.fa.gz,
ERR6108967,data/unitigs/ERR6108967.unitigs.fa.gz,
ERR6108968,data/unitigs/ERR6108968.unitigs.fa.gz,
ERR6108969,data/unitigs/ERR6108969.unitigs.fa.gz,
ERR6108970,data/unitigs/ERR6108970.unitigs.fa.gz,
ERR6108971,data/unitigs/ERR6108971.unitigs.fa.gz,
ERR6108972,data/unitigs/ERR6108972.unitigs.fa.gz,
ERR6108973,data/unitigs/ERR6108973.unitigs.fa.gz,
ERR6108974,data/unitigs/ERR6108974.unitigs.fa.gz,
ERR6108975,data/unitigs/ERR6108975.unitigs.fa.gz,
ERR6108976,data/unitigs/ERR6108976.unitigs.fa.gz,
ERR6108977,data/unitigs/ERR6108977.unitigs.fa.gz,
ERR6108978,data/unitigs/ERR6108978.unitigs.fa.gz,
ERR6108979,data/unitigs/ERR6108979.unitigs.fa.gz,
ERR6108980,data/unitigs/ERR6108980.unitigs.fa.gz,
ERR6108981,data/unitigs/ERR6108981.unitigs.fa.gz,
ERR6108982,data/unitigs/ERR6108982.unitigs.fa.gz,
ERR6108983,data/unitigs/ERR6108983.unitigs.fa.gz,
ERR6108984,data/unitigs/ERR6108984.unitigs.fa.gz,
ERR6108985,data/unitigs/ERR6108985.unitigs.fa.gz,
ERR6108986,data/unitigs/ERR6108986.unitigs.fa.gz,
ERR6108987,data/unitigs/ERR6108987.unitigs.fa.gz,
ERR6108988,data/unitigs/ERR6108988.unitigs.fa.gz,
ERR6108989,data/unitigs/ERR6108989.unitigs.fa.gz,
ERR6108990,data/unitigs/ERR6108990.unitigs.fa.gz,
ERR6108991,data/unitigs/ERR6108991.unitigs.fa.gz,
ERR6108992,data/unitigs/ERR6108992.unitigs.fa.gz,
ERR6108993,data/unitigs/ERR6108993.unitigs.fa.gz,
ERR6108994,data/unitigs/ERR6108994.unitigs.fa.gz,
ERR6108995,data/unitigs/ERR6108995.unitigs.fa.gz,
ERR6108996,data/unitigs/ERR6108996.unitigs.fa.gz,
ERR6108997,data/unitigs/ERR6108997.unitigs.fa.gz,
ERR6108998,data/unitigs/ERR6108998.unitigs.fa.gz,
ERR6109000,data/unitigs/ERR6109000.unitigs.fa.gz,
ERR6109001,data/unitigs/ERR6109001.unitigs.fa.gz,
ERR6109002,data/unitigs/ERR6109002.unitigs.fa.gz,
ERR6109003,data/unitigs/ERR6109003.unitigs.fa.gz,
ERR6109004,data/unitigs/ERR6109004.unitigs.fa.gz,
ERR6109005,data/unitigs/ERR6109005.unitigs.fa.gz,
ERR6109010,data/unitigs/ERR6109010.unitigs.fa.gz,
ERR6109011,data/unitigs/ERR6109011.unitigs.fa.gz,
ERR6109012,data/unitigs/ERR6109012.unitigs.fa.gz,
ERR6109013,data/unitigs/ERR6109013.unitigs.fa.gz,
ERR6109014,data/unitigs/ERR6109014.unitigs.fa.gz,
ERR6109015,data/unitigs/ERR6109015.unitigs.fa.gz,
ERR6109016,data/unitigs/ERR6109016.unitigs.fa.gz,
ERR6109017,data/unitigs/ERR6109017.unitigs.fa.gz,
ERR6109019,data/unitigs/ERR6109019.unitigs.fa.gz,
ERR6109020,data/unitigs/ERR6109020.unitigs.fa.gz,
ERR6109021,data/unitigs/ERR6109021.unitigs.fa.gz,
ERR6109022,data/unitigs/ERR6109022.unitigs.fa.gz,
ERR6109023,data/unitigs/ERR6109023.unitigs.fa.gz,
ERR6109024,data/unitigs/ERR6109024.unitigs.fa.gz,
ERR6109025,data/unitigs/ERR6109025.unitigs.fa.gz,
ERR6109027,data/unitigs/ERR6109027.unitigs.fa.gz,
ERR6109028,data/unitigs/ERR6109028.unitigs.fa.gz,
ERR6109049,data/unitigs/ERR6109049.unitigs.fa.gz,
ERR6109050,data/unitigs/ERR6109050.unitigs.fa.gz,
ERR6109051,data/unitigs/ERR6109051.unitigs.fa.gz,
ERR6109053,data/unitigs/ERR6109053.unitigs.fa.gz,
ERR6109054,data/unitigs/ERR6109054.unitigs.fa.gz,
ERR6109055,data/unitigs/ERR6109055.unitigs.fa.gz,
ERR6109056,data/unitigs/ERR6109056.unitigs.fa.gz,
ERR6109057,data/unitigs/ERR6109057.unitigs.fa.gz,
ERR6109058,data/unitigs/ERR6109058.unitigs.fa.gz,
ERR6109059,data/unitigs/ERR6109059.unitigs.fa.gz,
ERR6178850,data/unitigs/ERR6178850.unitigs.fa.gz,
ERR6178851,data/unitigs/ERR6178851.unitigs.fa.gz,
ERR6178852,data/unitigs/ERR6178852.unitigs.fa.gz,
ERR6178853,data/unitigs/ERR6178853.unitigs.fa.gz,
ERR6178854,data/unitigs/ERR6178854.unitigs.fa.gz,
ERR6178855,data/unitigs/ERR6178855.unitigs.fa.gz,
ERR6178856,data/unitigs/ERR6178856.unitigs.fa.gz,
ERR6178857,data/unitigs/ERR6178857.unitigs.fa.gz,
ERR6178858,data/unitigs/ERR6178858.unitigs.fa.gz,
ERR6178859,data/unitigs/ERR6178859.unitigs.fa.gz,
ERR6178860,data/unitigs/ERR6178860.unitigs.fa.gz,
ERR6178861,data/unitigs/ERR6178861.unitigs.fa.gz,
ERR6178862,data/unitigs/ERR6178862.unitigs.fa.gz,
ERR6178863,data/unitigs/ERR6178863.unitigs.fa.gz,
ERR6178864,data/unitigs/ERR6178864.unitigs.fa.gz,
ERR6178865,data/unitigs/ERR6178865.unitigs.fa.gz,
ERR6178866,data/unitigs/ERR6178866.unitigs.fa.gz,
ERR6178867,data/unitigs/ERR6178867.unitigs.fa.gz,
ERR6178868,data/unitigs/ERR6178868.unitigs.fa.gz,
ERR6178869,data/unitigs/ERR6178869.unitigs.fa.gz,
ERR6178870,data/unitigs/ERR6178870.unitigs.fa.gz,
ERR6178871,data/unitigs/ERR6178871.unitigs.fa.gz,
ERR6178872,data/unitigs/ERR6178872.unitigs.fa.gz,
ERR6178873,data/unitigs/ERR6178873.unitigs.fa.gz,
ERR6178874,data/unitigs/ERR6178874.unitigs.fa.gz,
ERR6178875,data/unitigs/ERR6178875.unitigs.fa.gz,
ERR6178876,data/unitigs/ERR6178876.unitigs.fa.gz,
ERR6178877,data/unitigs/ERR6178877.unitigs.fa.gz,
ERR6178878,data/unitigs/ERR6178878.unitigs.fa.gz,
ERR6178879,data/unitigs/ERR6178879.unitigs.fa.gz,
ERR6178880,data/unitigs/ERR6178880.unitigs.fa.gz,
ERR6178881,data/unitigs/ERR6178881.unitigs.fa.gz,
ERR6178882,data/unitigs/ERR6178882.unitigs.fa.gz,
ERR6178883,data/unitigs/ERR6178883.unitigs.fa.gz,
ERR6178884,data/unitigs/ERR6178884.unitigs.fa.gz,
ERR6178885,data/unitigs/ERR6178885.unitigs.fa.gz,
ERR6178886,data/unitigs/ERR6178886.unitigs.fa.gz,
ERR6178887,data/unitigs/ERR6178887.unitigs.fa.gz,
ERR6178888,data/unitigs/ERR6178888.unitigs.fa.gz,
ERR6178889,data/unitigs/ERR6178889.unitigs.fa.gz,
ERR6178890,data/unitigs/ERR6178890.unitigs.fa.gz,
ERR6178891,data/unitigs/ERR6178891.unitigs.fa.gz,
ERR6178892,data/unitigs/ERR6178892.unitigs.fa.gz,
ERR6178893,data/unitigs/ERR6178893.unitigs.fa.gz,
ERR6178894,data/unitigs/ERR6178894.unitigs.fa.gz,
ERR6178895,data/unitigs/ERR6178895.unitigs.fa.gz,
ERR6178897,data/unitigs/ERR6178897.unitigs.fa.gz,
ERR6178898,data/unitigs/ERR6178898.unitigs.fa.gz,
ERR6178899,data/unitigs/ERR6178899.unitigs.fa.gz,
ERR6178900,data/unitigs/ERR6178900.unitigs.fa.gz,
ERR6178901,data/unitigs/ERR6178901.unitigs.fa.gz,
ERR6178902,data/unitigs/ERR6178902.unitigs.fa.gz,
ERR6178903,data/unitigs/ERR6178903.unitigs.fa.gz,
ERR6178904,data/unitigs/ERR6178904.unitigs.fa.gz,
ERR6178905,data/unitigs/ERR6178905.unitigs.fa.gz,
ERR6178906,data/unitigs/ERR6178906.unitigs.fa.gz,
ERR6178907,data/unitigs/ERR6178907.unitigs.fa.gz,
ERR6178908,data/unitigs/ERR6178908.unitigs.fa.gz,
ERR6178909,data/unitigs/ERR6178909.unitigs.fa.gz,
ERR6178910,data/unitigs/ERR6178910.unitigs.fa.gz,
ERR6178911,data/unitigs/ERR6178911.unitigs.fa.gz,
ERR6178912,data/unitigs/ERR6178912.unitigs.fa.gz,
ERR6178913,data/unitigs/ERR6178913.unitigs.fa.gz,
ERR6178914,data/unitigs/ERR6178914.unitigs.fa.gz,
ERR6178915,data/unitigs/ERR6178915.unitigs.fa.gz,
ERR6178916,data/unitigs/ERR6178916.unitigs.fa.gz,
ERR6178917,data/unitigs/ERR6178917.unitigs.fa.gz,
ERR6178918,data/unitigs/ERR6178918.unitigs.fa.gz,
ERR6178919,data/unitigs/ERR6178919.unitigs.fa.gz,
ERR6178920,data/unitigs/ERR6178920.unitigs.fa.gz,
ERR6178921,data/unitigs/ERR6178921.unitigs.fa.gz,
ERR6178923,data/unitigs/ERR6178923.unitigs.fa.gz,
ERR6178924,data/unitigs/ERR6178924.unitigs.fa.gz,
ERR6178925,data/unitigs/ERR6178925.unitigs.fa.gz,
ERR6178926,data/unitigs/ERR6178926.unitigs.fa.gz,
ERR6178927,data/unitigs/ERR6178927.unitigs.fa.gz,
ERR6178928,data/unitigs/ERR6178928.unitigs.fa.gz,
ERR6178929,data/unitigs/ERR6178929.unitigs.fa.gz,
ERR6178930,data/unitigs/ERR6178930.unitigs.fa.gz,
ERR6178931,data/unitigs/ERR6178931.unitigs.fa.gz,
ERR6178932,data/unitigs/ERR6178932.unitigs.fa.gz,
ERR6178933,data/unitigs/ERR6178933.unitigs.fa.gz,
ERR6178934,data/unitigs/ERR6178934.unitigs.fa.gz,
ERR6178935,data/unitigs/ERR6178935.unitigs.fa.gz,
ERR6178936,data/unitigs/ERR6178936.unitigs.fa.gz,
ERR6178937,data/unitigs/ERR6178937.unitigs.fa.gz,
ERR6178938,data/unitigs/ERR6178938.unitigs.fa.gz,
ERR6178939,data/unitigs/ERR6178939.unitigs.fa.gz,
ERR6178940,data/unitigs/ERR6178940.unitigs.fa.gz,
ERR6178941,data/unitigs/ERR6178941.unitigs.fa.gz,
ERR6178942,data/unitigs/ERR6178942.unitigs.fa.gz,
ERR6178943,data/unitigs/ERR6178943.unitigs.fa.gz,
ERR6178944,data/unitigs/ERR6178944.unitigs.fa.gz,
ERR6178945,data/unitigs/ERR6178945.unitigs.fa.gz,
ERR6178946,data/unitigs/ERR6178946.unitigs.fa.gz,
ERR6178947,data/unitigs/ERR6178947.unitigs.fa.gz,
ERR6178948,data/unitigs/ERR6178948.unitigs.fa.gz,
ERR6178949,data/unitigs/ERR6178949.unitigs.fa.gz,
ERR6178950,data/unitigs/ERR6178950.unitigs.fa.gz,
ERR6178951,data/unitigs/ERR6178951.unitigs.fa.gz,
ERR6178952,data/unitigs/ERR6178952.unitigs.fa.gz,
ERR6178953,data/unitigs/ERR6178953.unitigs.fa.gz,
ERR6178954,data/unitigs/ERR6178954.unitigs.fa.gz,
ERR6178955,data/unitigs/ERR6178955.unitigs.fa.gz,
ERR6178956,data/unitigs/ERR6178956.unitigs.fa.gz,
ERR6178957,data/unitigs/ERR6178957.unitigs.fa.gz,
ERR6178958,data/unitigs/ERR6178958.unitigs.fa.gz,
ERR6178959,data/unitigs/ERR6178959.unitigs.fa.gz,
ERR6178960,data/unitigs/ERR6178960.unitigs.fa.gz,
ERR6178961,data/unitigs/ERR6178961.unitigs.fa.gz,
ERR6178962,data/unitigs/ERR6178962.unitigs.fa.gz,
ERR6178963,data/unitigs/ERR6178963.unitigs.fa.gz,
ERR6178964,data/unitigs/ERR6178964.unitigs.fa.gz,
ERR6178965,data/unitigs/ERR6178965.unitigs.fa.gz,
ERR6178966,data/unitigs/ERR6178966.unitigs.fa.gz,
ERR6178967,data/unitigs/ERR6178967.unitigs.fa.gz,
ERR6178968,data/unitigs/ERR6178968.unitigs.fa.gz,
ERR6178969,data/unitigs/ERR6178969.unitigs.fa.gz,
ERR6178970,data/unitigs/ERR6178970.unitigs.fa.gz,
ERR6178971,data/unitigs/ERR6178971.unitigs.fa.gz,
ERR6178972,data/unitigs/ERR6178972.unitigs.fa.gz,
ERR6178973,data/unitigs/ERR6178973.unitigs.fa.gz,
ERR6178974,data/unitigs/ERR6178974.unitigs.fa.gz,
ERR6178975,data/unitigs/ERR6178975.unitigs.fa.gz,
ERR6178976,data/unitigs/ERR6178976.unitigs.fa.gz,
ERR6178977,data/unitigs/ERR6178977.unitigs.fa.gz,
ERR6178978,data/unitigs/ERR6178978.unitigs.fa.gz,
ERR6178979,data/unitigs/ERR6178979.unitigs.fa.gz,
ERR6178980,data/unitigs/ERR6178980.unitigs.fa.gz,
ERR6178981,data/unitigs/ERR6178981.unitigs.fa.gz,
ERR6178982,data/unitigs/ERR6178982.unitigs.fa.gz,
ERR6178983,data/unitigs/ERR6178983.unitigs.fa.gz,
ERR6178984,data/unitigs/ERR6178984.unitigs.fa.gz,
ERR6178985,data/unitigs/ERR6178985.unitigs.fa.gz,
ERR6178986,data/unitigs/ERR6178986.unitigs.fa.gz,
ERR6178987,data/unitigs/ERR6178987.unitigs.fa.gz,
ERR6178988,data/unitigs/ERR6178988.unitigs.fa.gz,
ERR6430820,data/unitigs/ERR6430820.unitigs.fa.gz,
ERR6430821,data/unitigs/ERR6430821.unitigs.fa.gz,
ERR6430822,data/unitigs/ERR6430822.unitigs.fa.gz,
ERR6430823,data/unitigs/ERR6430823.unitigs.fa.gz,
ERR6430825,data/unitigs/ERR6430825.unitigs.fa.gz,
ERR6430828,data/unitigs/ERR6430828.unitigs.fa.gz,
ERR6430830,data/unitigs/ERR6430830.unitigs.fa.gz,
ERR6430831,data/unitigs/ERR6430831.unitigs.fa.gz,
ERR6430832,data/unitigs/ERR6430832.unitigs.fa.gz,
ERR6430833,data/unitigs/ERR6430833.unitigs.fa.gz,
ERR6430834,data/unitigs/ERR6430834.unitigs.fa.gz,
ERR6430836,data/unitigs/ERR6430836.unitigs.fa.gz,
ERR6430838,data/unitigs/ERR6430838.unitigs.fa.gz,
ERR6430839,data/unitigs/ERR6430839.unitigs.fa.gz,
ERR6430840,data/unitigs/ERR6430840.unitigs.fa.gz,
ERR6430841,data/unitigs/ERR6430841.unitigs.fa.gz,
ERR6430842,data/unitigs/ERR6430842.unitigs.fa.gz,
ERR6430843,data/unitigs/ERR6430843.unitigs.fa.gz,
ERR6430845,data/unitigs/ERR6430845.unitigs.fa.gz,
ERR6430846,data/unitigs/ERR6430846.unitigs.fa.gz,
ERR6430847,data/unitigs/ERR6430847.unitigs.fa.gz,
ERR6430848,data/unitigs/ERR6430848.unitigs.fa.gz,
ERR6430849,data/unitigs/ERR6430849.unitigs.fa.gz,
ERR6430850,data/unitigs/ERR6430850.unitigs.fa.gz,
ERR6430851,data/unitigs/ERR6430851.unitigs.fa.gz,
ERR6589621,data/unitigs/ERR6589621.unitigs.fa.gz,
ERR6589622,data/unitigs/ERR6589622.unitigs.fa.gz,
ERR6589623,data/unitigs/ERR6589623.unitigs.fa.gz,
ERR6589624,data/unitigs/ERR6589624.unitigs.fa.gz,
ERR6589625,data/unitigs/ERR6589625.unitigs.fa.gz,
ERR6589626,data/unitigs/ERR6589626.unitigs.fa.gz,
ERR6589627,data/unitigs/ERR6589627.unitigs.fa.gz,
ERR6589628,data/unitigs/ERR6589628.unitigs.fa.gz,
ERR6589629,data/unitigs/ERR6589629.unitigs.fa.gz,
ERR6589630,data/unitigs/ERR6589630.unitigs.fa.gz,
ERR7919459,data/unitigs/ERR7919459.unitigs.fa.gz,
ERR7919460,data/unitigs/ERR7919460.unitigs.fa.gz,
ERR7919462,data/unitigs/ERR7919462.unitigs.fa.gz,
ERR7919463,data/unitigs/ERR7919463.unitigs.fa.gz,
ERR7919464,data/unitigs/ERR7919464.unitigs.fa.gz,
ERR7919465,data/unitigs/ERR7919465.unitigs.fa.gz,
ERR7919466,data/unitigs/ERR7919466.unitigs.fa.gz,
ERR7919467,data/unitigs/ERR7919467.unitigs.fa.gz,
ERR7919468,data/unitigs/ERR7919468.unitigs.fa.gz,
ERR7919469,data/unitigs/ERR7919469.unitigs.fa.gz,
ERR7919470,data/unitigs/ERR7919470.unitigs.fa.gz,
ERR7919471,data/unitigs/ERR7919471.unitigs.fa.gz,
ERR7919472,data/unitigs/ERR7919472.unitigs.fa.gz,
ERR7919473,data/unitigs/ERR7919473.unitigs.fa.gz,
ERR7919474,data/unitigs/ERR7919474.unitigs.fa.gz,
ERR7919475,data/unitigs/ERR7919475.unitigs.fa.gz,
ERR7919476,data/unitigs/ERR7919476.unitigs.fa.gz,
ERR7919477,data/unitigs/ERR7919477.unitigs.fa.gz,
ERR7919478,data/unitigs/ERR7919478.unitigs.fa.gz,
ERR7919479,data/unitigs/ERR7919479.unitigs.fa.gz,
ERR7919480,data/unitigs/ERR7919480.unitigs.fa.gz,
ERR7919481,data/unitigs/ERR7919481.unitigs.fa.gz,
ERR7919482,data/unitigs/ERR7919482.unitigs.fa.gz,
ERR7919483,data/unitigs/ERR7919483.unitigs.fa.gz,
ERR7919484,data/unitigs/ERR7919484.unitigs.fa.gz,
ERR7919485,data/unitigs/ERR7919485.unitigs.fa.gz,
ERR7919486,data/unitigs/ERR7919486.unitigs.fa.gz,
ERR7919487,data/unitigs/ERR7919487.unitigs.fa.gz,
ERR7919488,data/unitigs/ERR7919488.unitigs.fa.gz,
ERR7919489,data/unitigs/ERR7919489.unitigs.fa.gz,
ERR7919490,data/unitigs/ERR7919490.unitigs.fa.gz,
ERR7919491,data/unitigs/ERR7919491.unitigs.fa.gz,
ERR7919492,data/unitigs/ERR7919492.unitigs.fa.gz,
ERR7919493,data/unitigs/ERR7919493.unitigs.fa.gz,
ERR7919494,data/unitigs/ERR7919494.unitigs.fa.gz,
ERR7919495,data/unitigs/ERR7919495.unitigs.fa.gz,
ERR7919496,data/unitigs/ERR7919496.unitigs.fa.gz,
ERR7919497,data/unitigs/ERR7919497.unitigs.fa.gz,
ERR7919498,data/unitigs/ERR7919498.unitigs.fa.gz,
ERR7919499,data/unitigs/ERR7919499.unitigs.fa.gz,
ERR7919500,data/unitigs/ERR7919500.unitigs.fa.gz,
ERR7919501,data/unitigs/ERR7919501.unitigs.fa.gz,
ERR7919502,data/unitigs/ERR7919502.unitigs.fa.gz,
ERR7919503,data/unitigs/ERR7919503.unitigs.fa.gz,
ERR7919504,data/unitigs/ERR7919504.unitigs.fa.gz,
ERR7919505,data/unitigs/ERR7919505.unitigs.fa.gz,
ERR7919506,data/unitigs/ERR7919506.unitigs.fa.gz,
ERR7919507,data/unitigs/ERR7919507.unitigs.fa.gz,
ERR7919508,data/unitigs/ERR7919508.unitigs.fa.gz,
ERR7919509,data/unitigs/ERR7919509.unitigs.fa.gz,
ERR7919510,data/unitigs/ERR7919510.unitigs.fa.gz,
ERR7919511,data/unitigs/ERR7919511.unitigs.fa.gz,
ERR7919512,data/unitigs/ERR7919512.unitigs.fa.gz,
ERR7919513,data/unitigs/ERR7919513.unitigs.fa.gz,
ERR7919514,data/unitigs/ERR7919514.unitigs.fa.gz,
ERR7919515,data/unitigs/ERR7919515.unitigs.fa.gz,
ERR7919516,data/unitigs/ERR7919516.unitigs.fa.gz,
ERR7919517,data/unitigs/ERR7919517.unitigs.fa.gz,
ERR7919518,data/unitigs/ERR7919518.unitigs.fa.gz,
ERR7919519,data/unitigs/ERR7919519.unitigs.fa.gz,
ERR7919520,data/unitigs/ERR7919520.unitigs.fa.gz,
ERR7919521,data/unitigs/ERR7919521.unitigs.fa.gz,
ERR7919522,data/unitigs/ERR7919522.unitigs.fa.gz,
ERR7919523,data/unitigs/ERR7919523.unitigs.fa.gz,
ERR7919524,data/unitigs/ERR7919524.unitigs.fa.gz,
ERR7919525,data/unitigs/ERR7919525.unitigs.fa.gz,
ERR7919526,data/unitigs/ERR7919526.unitigs.fa.gz,
ERR7919527,data/unitigs/ERR7919527.unitigs.fa.gz,
ERR7919528,data/unitigs/ERR7919528.unitigs.fa.gz,
ERR7919529,data/unitigs/ERR7919529.unitigs.fa.gz,
ERR7919530,data/unitigs/ERR7919530.unitigs.fa.gz,
ERR7919531,data/unitigs/ERR7919531.unitigs.fa.gz,
ERR7919532,data/unitigs/ERR7919532.unitigs.fa.gz,
ERR7919533,data/unitigs/ERR7919533.unitigs.fa.gz,
ERR7919534,data/unitigs/ERR7919534.unitigs.fa.gz,
ERR7919535,data/unitigs/ERR7919535.unitigs.fa.gz,
ERR7919536,data/unitigs/ERR7919536.unitigs.fa.gz,
ERR7919537,data/unitigs/ERR7919537.unitigs.fa.gz,
ERR7919538,data/unitigs/ERR7919538.unitigs.fa.gz,
ERR7919539,data/unitigs/ERR7919539.unitigs.fa.gz,
ERR7919540,data/unitigs/ERR7919540.unitigs.fa.gz,
ERR7919541,data/unitigs/ERR7919541.unitigs.fa.gz,
ERR7919542,data/unitigs/ERR7919542.unitigs.fa.gz,
ERR7919543,data/unitigs/ERR7919543.unitigs.fa.gz,
ERR7919544,data/unitigs/ERR7919544.unitigs.fa.gz,
ERR7919545,data/unitigs/ERR7919545.unitigs.fa.gz,
ERR7919546,data/unitigs/ERR7919546.unitigs.fa.gz,
ERR7919547,data/unitigs/ERR7919547.unitigs.fa.gz,
ERR7919548,data/unitigs/ERR7919548.unitigs.fa.gz,
ERR7919641,data/unitigs/ERR7919641.unitigs.fa.gz,
ERR7919642,data/unitigs/ERR7919642.unitigs.fa.gz,
ERR7919643,data/unitigs/ERR7919643.unitigs.fa.gz,
ERR7919644,data/unitigs/ERR7919644.unitigs.fa.gz,
ERR7919645,data/unitigs/ERR7919645.unitigs.fa.gz,
ERR7919646,data/unitigs/ERR7919646.unitigs.fa.gz,
ERR8050978,data/unitigs/ERR8050978.unitigs.fa.gz,
ERR9465622,data/unitigs/ERR9465622.unitigs.fa.gz,
ERR9465623,data/unitigs/ERR9465623.unitigs.fa.gz,
ERR9465624,data/unitigs/ERR9465624.unitigs.fa.gz,
ERR9465625,data/unitigs/ERR9465625.unitigs.fa.gz,
ERR9465626,data/unitigs/ERR9465626.unitigs.fa.gz,
ERR9465627,data/unitigs/ERR9465627.unitigs.fa.gz,
ERR9465628,data/unitigs/ERR9465628.unitigs.fa.gz,
ERR9465629,data/unitigs/ERR9465629.unitigs.fa.gz,
ERR9465630,data/unitigs/ERR9465630.unitigs.fa.gz,
ERR9465631,data/unitigs/ERR9465631.unitigs.fa.gz,
ERR9465632,data/unitigs/ERR9465632.unitigs.fa.gz,
ERR9612721,data/unitigs/ERR9612721.unitigs.fa.gz,
ERR9612722,data/unitigs/ERR9612722.unitigs.fa.gz,
ERR9612723,data/unitigs/ERR9612723.unitigs.fa.gz,
ERR9612724,data/unitigs/ERR9612724.unitigs.fa.gz,
ERR9612725,data/unitigs/ERR9612725.unitigs.fa.gz,
ERR9612726,data/unitigs/ERR9612726.unitigs.fa.gz,
ERR9612727,data/unitigs/ERR9612727.unitigs.fa.gz,
ERR9612728,data/unitigs/ERR9612728.unitigs.fa.gz,
ERR9612729,data/unitigs/ERR9612729.unitigs.fa.gz,
ERR9612730,data/unitigs/ERR9612730.unitigs.fa.gz,
ERR9612731,data/unitigs/ERR9612731.unitigs.fa.gz,
ERR9612732,data/unitigs/ERR9612732.unitigs.fa.gz,
ERR9612733,data/unitigs/ERR9612733.unitigs.fa.gz,
ERR9612734,data/unitigs/ERR9612734.unitigs.fa.gz,
ERR9612735,data/unitigs/ERR9612735.unitigs.fa.gz,
ERR9612736,data/unitigs/ERR9612736.unitigs.fa.gz,
ERR9612737,data/unitigs/ERR9612737.unitigs.fa.gz,
ERR9612738,data/unitigs/ERR9612738.unitigs.fa.gz,
ERR9612739,data/unitigs/ERR9612739.unitigs.fa.gz,
ERR9612740,data/unitigs/ERR9612740.unitigs.fa.gz,
ERR9612741,data/unitigs/ERR9612741.unitigs.fa.gz,
ERR9612742,data/unitigs/ERR9612742.unitigs.fa.gz,
ERR9612743,data/unitigs/ERR9612743.unitigs.fa.gz,
ERR9612744,data/unitigs/ERR9612744.unitigs.fa.gz,
ERR9612745,data/unitigs/ERR9612745.unitigs.fa.gz,
ERR9612746,data/unitigs/ERR9612746.unitigs.fa.gz,
ERR9612747,data/unitigs/ERR9612747.unitigs.fa.gz,
ERR9612748,data/unitigs/ERR9612748.unitigs.fa.gz,
ERR9612749,data/unitigs/ERR9612749.unitigs.fa.gz,
ERR9612750,data/unitigs/ERR9612750.unitigs.fa.gz,
ERR9612751,data/unitigs/ERR9612751.unitigs.fa.gz,
ERR9612752,data/unitigs/ERR9612752.unitigs.fa.gz,
ERR9612753,data/unitigs/ERR9612753.unitigs.fa.gz,
ERR9612754,data/unitigs/ERR9612754.unitigs.fa.gz,
ERR9612755,data/unitigs/ERR9612755.unitigs.fa.gz,
ERR9612756,data/unitigs/ERR9612756.unitigs.fa.gz,
ERR9612757,data/unitigs/ERR9612757.unitigs.fa.gz,
ERR9612758,data/unitigs/ERR9612758.unitigs.fa.gz,
ERR9612759,data/unitigs/ERR9612759.unitigs.fa.gz,
ERR9612760,data/unitigs/ERR9612760.unitigs.fa.gz,
ERR9612761,data/unitigs/ERR9612761.unitigs.fa.gz,
ERR9612762,data/unitigs/ERR9612762.unitigs.fa.gz,
ERR9612763,data/unitigs/ERR9612763.unitigs.fa.gz,
ERR9612764,data/unitigs/ERR9612764.unitigs.fa.gz,
ERR9612765,data/unitigs/ERR9612765.unitigs.fa.gz,
ERR9612766,data/unitigs/ERR9612766.unitigs.fa.gz,
ERR9612767,data/unitigs/ERR9612767.unitigs.fa.gz,
ERR9612768,data/unitigs/ERR9612768.unitigs.fa.gz,
ERR9612769,data/unitigs/ERR9612769.unitigs.fa.gz,
ERR9612770,data/unitigs/ERR9612770.unitigs.fa.gz,
ERR9612771,data/unitigs/ERR9612771.unitigs.fa.gz,
ERR9612772,data/unitigs/ERR9612772.unitigs.fa.gz,
ERR9612773,data/unitigs/ERR9612773.unitigs.fa.gz,
ERR9612774,data/unitigs/ERR9612774.unitigs.fa.gz,
ERR9612775,data/unitigs/ERR9612775.unitigs.fa.gz,
ERR9612776,data/unitigs/ERR9612776.unitigs.fa.gz,
ERR9612777,data/unitigs/ERR9612777.unitigs.fa.gz,
ERR9612778,data/unitigs/ERR9612778.unitigs.fa.gz,
ERR9612779,data/unitigs/ERR9612779.unitigs.fa.gz,
ERR9612780,data/unitigs/ERR9612780.unitigs.fa.gz,
ERR9612781,data/unitigs/ERR9612781.unitigs.fa.gz,
ERR9612782,data/unitigs/ERR9612782.unitigs.fa.gz,
ERR9612783,data/unitigs/ERR9612783.unitigs.fa.gz,
ERR9612784,data/unitigs/ERR9612784.unitigs.fa.gz,
ERR9612785,data/unitigs/ERR9612785.unitigs.fa.gz,
ERR9612786,data/unitigs/ERR9612786.unitigs.fa.gz,
ERR9612787,data/unitigs/ERR9612787.unitigs.fa.gz,
ERR9612788,data/unitigs/ERR9612788.unitigs.fa.gz,
ERR9612789,data/unitigs/ERR9612789.unitigs.fa.gz,
ERR9612790,data/unitigs/ERR9612790.unitigs.fa.gz,
ERR9612791,data/unitigs/ERR9612791.unitigs.fa.gz,
ERR9612792,data/unitigs/ERR9612792.unitigs.fa.gz,
ERR9612793,data/unitigs/ERR9612793.unitigs.fa.gz,
ERR9612794,data/unitigs/ERR9612794.unitigs.fa.gz,
ERR9612795,data/unitigs/ERR9612795.unitigs.fa.gz,
ERR9612796,data/unitigs/ERR9612796.unitigs.fa.gz,
ERR9612797,data/unitigs/ERR9612797.unitigs.fa.gz,
ERR9612798,data/unitigs/ERR9612798.unitigs.fa.gz,
ERR9612799,data/unitigs/ERR9612799.unitigs.fa.gz,
ERR9612800,data/unitigs/ERR9612800.unitigs.fa.gz,
ERR9612801,data/unitigs/ERR9612801.unitigs.fa.gz,
ERR9612802,data/unitigs/ERR9612802.unitigs.fa.gz,
ERR9612803,data/unitigs/ERR9612803.unitigs.fa.gz,
ERR9612804,data/unitigs/ERR9612804.unitigs.fa.gz,
ERR9612805,data/unitigs/ERR9612805.unitigs.fa.gz,
ERR9612806,data/unitigs/ERR9612806.unitigs.fa.gz,
ERR9612807,data/unitigs/ERR9612807.unitigs.fa.gz,
ERR9612808,data/unitigs/ERR9612808.unitigs.fa.gz,
ERR9612809,data/unitigs/ERR9612809.unitigs.fa.gz,
ERR9612810,data/unitigs/ERR9612810.unitigs.fa.gz,
ERR9612811,data/unitigs/ERR9612811.unitigs.fa.gz,
ERR9612812,data/unitigs/ERR9612812.unitigs.fa.gz,
ERR9612813,data/unitigs/ERR9612813.unitigs.fa.gz,
ERR9612814,data/unitigs/ERR9612814.unitigs.fa.gz,
ERR9612815,data/unitigs/ERR9612815.unitigs.fa.gz,
ERR9612816,data/unitigs/ERR9612816.unitigs.fa.gz,
ERR9612817,data/unitigs/ERR9612817.unitigs.fa.gz,
ERR9612818,data/unitigs/ERR9612818.unitigs.fa.gz,
ERR9612819,data/unitigs/ERR9612819.unitigs.fa.gz,
ERR9612820,data/unitigs/ERR9612820.unitigs.fa.gz,
ERR9612821,data/unitigs/ERR9612821.unitigs.fa.gz,
ERR9612822,data/unitigs/ERR9612822.unitigs.fa.gz,
ERR9612823,data/unitigs/ERR9612823.unitigs.fa.gz,
ERR9612824,data/unitigs/ERR9612824.unitigs.fa.gz,
ERR9612825,data/unitigs/ERR9612825.unitigs.fa.gz,
ERR9612826,data/unitigs/ERR9612826.unitigs.fa.gz,
ERR9612827,data/unitigs/ERR9612827.unitigs.fa.gz,
ERR9612828,data/unitigs/ERR9612828.unitigs.fa.gz,
ERR9612829,data/unitigs/ERR9612829.unitigs.fa.gz,
ERR9612830,data/unitigs/ERR9612830.unitigs.fa.gz,
ERR9612831,data/unitigs/ERR9612831.unitigs.fa.gz,
ERR9612832,data/unitigs/ERR9612832.unitigs.fa.gz,
ERR9612833,data/unitigs/ERR9612833.unitigs.fa.gz,
ERR9612834,data/unitigs/ERR9612834.unitigs.fa.gz,
ERR9612835,data/unitigs/ERR9612835.unitigs.fa.gz,
ERR9612836,data/unitigs/ERR9612836.unitigs.fa.gz,
ERR9612837,data/unitigs/ERR9612837.unitigs.fa.gz,
ERR9612838,data/unitigs/ERR9612838.unitigs.fa.gz,
ERR9612839,data/unitigs/ERR9612839.unitigs.fa.gz,
ERR9612840,data/unitigs/ERR9612840.unitigs.fa.gz,
ERR9612841,data/unitigs/ERR9612841.unitigs.fa.gz,
ERR9612842,data/unitigs/ERR9612842.unitigs.fa.gz,
ERR9612843,data/unitigs/ERR9612843.unitigs.fa.gz,
ERR9612844,data/unitigs/ERR9612844.unitigs.fa.gz,
ERR9612845,data/unitigs/ERR9612845.unitigs.fa.gz,
ERR9612846,data/unitigs/ERR9612846.unitigs.fa.gz,
ERR9612847,data/unitigs/ERR9612847.unitigs.fa.gz,
ERR9612848,data/unitigs/ERR9612848.unitigs.fa.gz,
ERR9612849,data/unitigs/ERR9612849.unitigs.fa.gz,
ERR9612850,data/unitigs/ERR9612850.unitigs.fa.gz,
ERR9612851,data/unitigs/ERR9612851.unitigs.fa.gz,
ERR9612852,data/unitigs/ERR9612852.unitigs.fa.gz,
ERR9612853,data/unitigs/ERR9612853.unitigs.fa.gz,
ERR9612854,data/unitigs/ERR9612854.unitigs.fa.gz,
ERR9612855,data/unitigs/ERR9612855.unitigs.fa.gz,
ERR9612856,data/unitigs/ERR9612856.unitigs.fa.gz,
ERR9612857,data/unitigs/ERR9612857.unitigs.fa.gz,
ERR9612858,data/unitigs/ERR9612858.unitigs.fa.gz,
ERR9612859,data/unitigs/ERR9612859.unitigs.fa.gz,
ERR9612860,data/unitigs/ERR9612860.unitigs.fa.gz,
ERR9612861,data/unitigs/ERR9612861.unitigs.fa.gz,
ERR9612862,data/unitigs/ERR9612862.unitigs.fa.gz,
ERR9612863,data/unitigs/ERR9612863.unitigs.fa.gz,
ERR9612864,data/unitigs/ERR9612864.unitigs.fa.gz,
ERR9612865,data/unitigs/ERR9612865.unitigs.fa.gz,
ERR9612866,data/unitigs/ERR9612866.unitigs.fa.gz,
ERR9612867,data/unitigs/ERR9612867.unitigs.fa.gz,
ERR9612868,data/unitigs/ERR9612868.unitigs.fa.gz,
ERR9612869,data/unitigs/ERR9612869.unitigs.fa.gz,
ERR9612870,data/unitigs/ERR9612870.unitigs.fa.gz,
ERR9612871,data/unitigs/ERR9612871.unitigs.fa.gz,
ERR9612872,data/unitigs/ERR9612872.unitigs.fa.gz,
ERR9612873,data/unitigs/ERR9612873.unitigs.fa.gz,
ERR9612874,data/unitigs/ERR9612874.unitigs.fa.gz,
ERR9612875,data/unitigs/ERR9612875.unitigs.fa.gz,
ERR9612876,data/unitigs/ERR9612876.unitigs.fa.gz,
ERR9612877,data/unitigs/ERR9612877.unitigs.fa.gz,
ERR9612878,data/unitigs/ERR9612878.unitigs.fa.gz,
ERR9612879,data/unitigs/ERR9612879.unitigs.fa.gz,
ERR9612880,data/unitigs/ERR9612880.unitigs.fa.gz,
ERR9612881,data/unitigs/ERR9612881.unitigs.fa.gz,
ERR9612882,data/unitigs/ERR9612882.unitigs.fa.gz,
ERR9612883,data/unitigs/ERR9612883.unitigs.fa.gz,
ERR9612884,data/unitigs/ERR9612884.unitigs.fa.gz,
ERR9612885,data/unitigs/ERR9612885.unitigs.fa.gz,
ERR9612886,data/unitigs/ERR9612886.unitigs.fa.gz,
ERR9612887,data/unitigs/ERR9612887.unitigs.fa.gz,
ERR9612888,data/unitigs/ERR9612888.unitigs.fa.gz,
ERR9612889,data/unitigs/ERR9612889.unitigs.fa.gz,
ERR9612890,data/unitigs/ERR9612890.unitigs.fa.gz,
ERR9612891,data/unitigs/ERR9612891.unitigs.fa.gz,
ERR9612892,data/unitigs/ERR9612892.unitigs.fa.gz,
ERR9612893,data/unitigs/ERR9612893.unitigs.fa.gz,
ERR9612894,data/unitigs/ERR9612894.unitigs.fa.gz,
ERR9612895,data/unitigs/ERR9612895.unitigs.fa.gz,
ERR9612896,data/unitigs/ERR9612896.unitigs.fa.gz,
ERR9612897,data/unitigs/ERR9612897.unitigs.fa.gz,
ERR9612898,data/unitigs/ERR9612898.unitigs.fa.gz,
ERR9690357,data/unitigs/ERR9690357.unitigs.fa.gz,
ERR9690358,data/unitigs/ERR9690358.unitigs.fa.gz,
ERR9690359,data/unitigs/ERR9690359.unitigs.fa.gz,
ERR9690360,data/unitigs/ERR9690360.unitigs.fa.gz,
ERR9690361,data/unitigs/ERR9690361.unitigs.fa.gz,
ERR9690362,data/unitigs/ERR9690362.unitigs.fa.gz,
ERR9690363,data/unitigs/ERR9690363.unitigs.fa.gz,
ERR9690364,data/unitigs/ERR9690364.unitigs.fa.gz,
ERR9690365,data/unitigs/ERR9690365.unitigs.fa.gz,
ERR9690366,data/unitigs/ERR9690366.unitigs.fa.gz,
SRR10156707,data/unitigs/SRR10156707.unitigs.fa.gz,
SRR10156708,data/unitigs/SRR10156708.unitigs.fa.gz,
SRR10156709,data/unitigs/SRR10156709.unitigs.fa.gz,
SRR10156710,data/unitigs/SRR10156710.unitigs.fa.gz,
SRR10156713,data/unitigs/SRR10156713.unitigs.fa.gz,
SRR10156724,data/unitigs/SRR10156724.unitigs.fa.gz,
SRR10156735,data/unitigs/SRR10156735.unitigs.fa.gz,
SRR10156737,data/unitigs/SRR10156737.unitigs.fa.gz,
SRR10156738,data/unitigs/SRR10156738.unitigs.fa.gz,
SRR10156739,data/unitigs/SRR10156739.unitigs.fa.gz,
SRR10156740,data/unitigs/SRR10156740.unitigs.fa.gz,
SRR10156741,data/unitigs/SRR10156741.unitigs.fa.gz,
SRR10156742,data/unitigs/SRR10156742.unitigs.fa.gz,
SRR10156743,data/unitigs/SRR10156743.unitigs.fa.gz,
SRR10156744,data/unitigs/SRR10156744.unitigs.fa.gz,
SRR10156745,data/unitigs/SRR10156745.unitigs.fa.gz,
SRR10156746,data/unitigs/SRR10156746.unitigs.fa.gz,
SRR10156747,data/unitigs/SRR10156747.unitigs.fa.gz,
SRR10156748,data/unitigs/SRR10156748.unitigs.fa.gz,
SRR10156749,data/unitigs/SRR10156749.unitigs.fa.gz,
SRR10156750,data/unitigs/SRR10156750.unitigs.fa.gz,
SRR10156751,data/unitigs/SRR10156751.unitigs.fa.gz,
SRR10156752,data/unitigs/SRR10156752.unitigs.fa.gz,
SRR10156753,data/unitigs/SRR10156753.unitigs.fa.gz,
SRR10156754,data/unitigs/SRR10156754.unitigs.fa.gz,
SRR10156755,data/unitigs/SRR10156755.unitigs.fa.gz,
SRR10156756,data/unitigs/SRR10156756.unitigs.fa.gz,
SRR10156757,data/unitigs/SRR10156757.unitigs.fa.gz,
SRR10156758,data/unitigs/SRR10156758.unitigs.fa.gz,
SRR1047998,data/unitigs/SRR1047998.unitigs.fa.gz,
SRR12136712,data/unitigs/SRR12136712.unitigs.fa.gz,
SRR12136713,data/unitigs/SRR12136713.unitigs.fa.gz,
SRR12462930,data/unitigs/SRR12462930.unitigs.fa.gz,
SRR12462931,data/unitigs/SRR12462931.unitigs.fa.gz,
SRR12462932,data/unitigs/SRR12462932.unitigs.fa.gz,
SRR12462933,data/unitigs/SRR12462933.unitigs.fa.gz,
SRR12462934,data/unitigs/SRR12462934.unitigs.fa.gz,
SRR12462935,data/unitigs/SRR12462935.unitigs.fa.gz,
SRR12462936,data/unitigs/SRR12462936.unitigs.fa.gz,
SRR12462937,data/unitigs/SRR12462937.unitigs.fa.gz,
SRR12462938,data/unitigs/SRR12462938.unitigs.fa.gz,
SRR12462939,data/unitigs/SRR12462939.unitigs.fa.gz,
SRR12462940,data/unitigs/SRR12462940.unitigs.fa.gz,
SRR12462941,data/unitigs/SRR12462941.unitigs.fa.gz,
SRR12462942,data/unitigs/SRR12462942.unitigs.fa.gz,
SRR12462943,data/unitigs/SRR12462943.unitigs.fa.gz,
SRR12462944,data/unitigs/SRR12462944.unitigs.fa.gz,
SRR12462945,data/unitigs/SRR12462945.unitigs.fa.gz,
SRR12462946,data/unitigs/SRR12462946.unitigs.fa.gz,
SRR12462947,data/unitigs/SRR12462947.unitigs.fa.gz,
SRR13355784,data/unitigs/SRR13355784.unitigs.fa.gz,
SRR13355785,data/unitigs/SRR13355785.unitigs.fa.gz,
SRR13355786,data/unitigs/SRR13355786.unitigs.fa.gz,
SRR13355787,data/unitigs/SRR13355787.unitigs.fa.gz,
SRR13355789,data/unitigs/SRR13355789.unitigs.fa.gz,
SRR13355790,data/unitigs/SRR13355790.unitigs.fa.gz,
SRR13355791,data/unitigs/SRR13355791.unitigs.fa.gz,
SRR13355792,data/unitigs/SRR13355792.unitigs.fa.gz,
SRR13355794,data/unitigs/SRR13355794.unitigs.fa.gz,
SRR13355796,data/unitigs/SRR13355796.unitigs.fa.gz,
SRR13355797,data/unitigs/SRR13355797.unitigs.fa.gz,
SRR13355798,data/unitigs/SRR13355798.unitigs.fa.gz,
SRR13355799,data/unitigs/SRR13355799.unitigs.fa.gz,
SRR13355800,data/unitigs/SRR13355800.unitigs.fa.gz,
SRR13355801,data/unitigs/SRR13355801.unitigs.fa.gz,
SRR13355802,data/unitigs/SRR13355802.unitigs.fa.gz,
SRR13355803,data/unitigs/SRR13355803.unitigs.fa.gz,
SRR13355804,data/unitigs/SRR13355804.unitigs.fa.gz,
SRR13355805,data/unitigs/SRR13355805.unitigs.fa.gz,
SRR13355806,data/unitigs/SRR13355806.unitigs.fa.gz,
SRR13355807,data/unitigs/SRR13355807.unitigs.fa.gz,
SRR13355808,data/unitigs/SRR13355808.unitigs.fa.gz,
SRR13355809,data/unitigs/SRR13355809.unitigs.fa.gz,
SRR13355810,data/unitigs/SRR13355810.unitigs.fa.gz,
SRR13355811,data/unitigs/SRR13355811.unitigs.fa.gz,
SRR13355812,data/unitigs/SRR13355812.unitigs.fa.gz,
SRR13355813,data/unitigs/SRR13355813.unitigs.fa.gz,
SRR16071515,data/unitigs/SRR16071515.unitigs.fa.gz,
SRR16071516,data/unitigs/SRR16071516.unitigs.fa.gz,
SRR16071517,data/unitigs/SRR16071517.unitigs.fa.gz,
SRR16071520,data/unitigs/SRR16071520.unitigs.fa.gz,
SRR16071521,data/unitigs/SRR16071521.unitigs.fa.gz,
SRR17604731,data/unitigs/SRR17604731.unitigs.fa.gz,
SRR17604732,data/unitigs/SRR17604732.unitigs.fa.gz,
SRR17604735,data/unitigs/SRR17604735.unitigs.fa.gz,
SRR17604736,data/unitigs/SRR17604736.unitigs.fa.gz,
SRR17604737,data/unitigs/SRR17604737.unitigs.fa.gz,
SRR17604738,data/unitigs/SRR17604738.unitigs.fa.gz,
SRR17604739,data/unitigs/SRR17604739.unitigs.fa.gz,
SRR17604740,data/unitigs/SRR17604740.unitigs.fa.gz,
SRR17604741,data/unitigs/SRR17604741.unitigs.fa.gz,
SRR17604742,data/unitigs/SRR17604742.unitigs.fa.gz,
SRR17604743,data/unitigs/SRR17604743.unitigs.fa.gz,
SRR17604744,data/unitigs/SRR17604744.unitigs.fa.gz,
SRR17604745,data/unitigs/SRR17604745.unitigs.fa.gz,
SRR17604746,data/unitigs/SRR17604746.unitigs.fa.gz,
SRR17604747,data/unitigs/SRR17604747.unitigs.fa.gz,
SRR17604748,data/unitigs/SRR17604748.unitigs.fa.gz,
SRR17604749,data/unitigs/SRR17604749.unitigs.fa.gz,
SRR17604750,data/unitigs/SRR17604750.unitigs.fa.gz,
SRR17604751,data/unitigs/SRR17604751.unitigs.fa.gz,
SRR17604752,data/unitigs/SRR17604752.unitigs.fa.gz,
SRR17604753,data/unitigs/SRR17604753.unitigs.fa.gz,
SRR17604754,data/unitigs/SRR17604754.unitigs.fa.gz,
SRR17604755,data/unitigs/SRR17604755.unitigs.fa.gz,
SRR17604756,data/unitigs/SRR17604756.unitigs.fa.gz,
SRR17604757,data/unitigs/SRR17604757.unitigs.fa.gz,
SRR17604758,data/unitigs/SRR17604758.unitigs.fa.gz,
SRR17604759,data/unitigs/SRR17604759.unitigs.fa.gz,
SRR17604760,data/unitigs/SRR17604760.unitigs.fa.gz,
SRR17604761,data/unitigs/SRR17604761.unitigs.fa.gz,
SRR17604762,data/unitigs/SRR17604762.unitigs.fa.gz,
SRR17604763,data/unitigs/SRR17604763.unitigs.fa.gz,
SRR17604764,data/unitigs/SRR17604764.unitigs.fa.gz,
SRR17604765,data/unitigs/SRR17604765.unitigs.fa.gz,
SRR17604766,data/unitigs/SRR17604766.unitigs.fa.gz,
SRR17604767,data/unitigs/SRR17604767.unitigs.fa.gz,
SRR17604768,data/unitigs/SRR17604768.unitigs.fa.gz,
SRR17604769,data/unitigs/SRR17604769.unitigs.fa.gz,
SRR17604770,data/unitigs/SRR17604770.unitigs.fa.gz,
SRR17604771,data/unitigs/SRR17604771.unitigs.fa.gz,
SRR17604772,data/unitigs/SRR17604772.unitigs.fa.gz,
SRR17604773,data/unitigs/SRR17604773.unitigs.fa.gz,
SRR17604774,data/unitigs/SRR17604774.unitigs.fa.gz,
SRR17604775,data/unitigs/SRR17604775.unitigs.fa.gz,
SRR17604776,data/unitigs/SRR17604776.unitigs.fa.gz,
SRR17604777,data/unitigs/SRR17604777.unitigs.fa.gz,
SRR17604778,data/unitigs/SRR17604778.unitigs.fa.gz,
SRR17604779,data/unitigs/SRR17604779.unitigs.fa.gz,
SRR17604780,data/unitigs/SRR17604780.unitigs.fa.gz,
SRR17604781,data/unitigs/SRR17604781.unitigs.fa.gz,
SRR17604782,data/unitigs/SRR17604782.unitigs.fa.gz,
SRR17604783,data/unitigs/SRR17604783.unitigs.fa.gz,
SRR17604784,data/unitigs/SRR17604784.unitigs.fa.gz,
SRR17604785,data/unitigs/SRR17604785.unitigs.fa.gz,
SRR17604786,data/unitigs/SRR17604786.unitigs.fa.gz,
SRR17604787,data/unitigs/SRR17604787.unitigs.fa.gz,
SRR17604788,data/unitigs/SRR17604788.unitigs.fa.gz,
SRR17604789,data/unitigs/SRR17604789.unitigs.fa.gz,
SRR17604790,data/unitigs/SRR17604790.unitigs.fa.gz,
SRR17604791,data/unitigs/SRR17604791.unitigs.fa.gz,
SRR17604792,data/unitigs/SRR17604792.unitigs.fa.gz,
SRR17604793,data/unitigs/SRR17604793.unitigs.fa.gz,
SRR17604794,data/unitigs/SRR17604794.unitigs.fa.gz,
SRR17604795,data/unitigs/SRR17604795.unitigs.fa.gz,
SRR17604796,data/unitigs/SRR17604796.unitigs.fa.gz,
SRR17604797,data/unitigs/SRR17604797.unitigs.fa.gz,
SRR17604798,data/unitigs/SRR17604798.unitigs.fa.gz,
SRR17604799,data/unitigs/SRR17604799.unitigs.fa.gz,
SRR17604800,data/unitigs/SRR17604800.unitigs.fa.gz,
SRR17604801,data/unitigs/SRR17604801.unitigs.fa.gz,
SRR17604802,data/unitigs/SRR17604802.unitigs.fa.gz,
SRR17604803,data/unitigs/SRR17604803.unitigs.fa.gz,
SRR17604804,data/unitigs/SRR17604804.unitigs.fa.gz,
SRR17604805,data/unitigs/SRR17604805.unitigs.fa.gz,
SRR17604806,data/unitigs/SRR17604806.unitigs.fa.gz,
SRR17604807,data/unitigs/SRR17604807.unitigs.fa.gz,
SRR17604808,data/unitigs/SRR17604808.unitigs.fa.gz,
SRR19160147,data/unitigs/SRR19160147.unitigs.fa.gz,
SRR19160150,data/unitigs/SRR19160150.unitigs.fa.gz,
SRR19160161,data/unitigs/SRR19160161.unitigs.fa.gz,
SRR19160174,data/unitigs/SRR19160174.unitigs.fa.gz,
SRR19160175,data/unitigs/SRR19160175.unitigs.fa.gz,
SRR19160180,data/unitigs/SRR19160180.unitigs.fa.gz,
SRR19160184,data/unitigs/SRR19160184.unitigs.fa.gz,
SRR19160194,data/unitigs/SRR19160194.unitigs.fa.gz,
SRR19160206,data/unitigs/SRR19160206.unitigs.fa.gz,
SRR19160231,data/unitigs/SRR19160231.unitigs.fa.gz,
SRR19160251,data/unitigs/SRR19160251.unitigs.fa.gz,
SRR20576738,data/unitigs/SRR20576738.unitigs.fa.gz,
SRR20576739,data/unitigs/SRR20576739.unitigs.fa.gz,
SRR20576742,data/unitigs/SRR20576742.unitigs.fa.gz,
SRR20576743,data/unitigs/SRR20576743.unitigs.fa.gz,
SRR20576744,data/unitigs/SRR20576744.unitigs.fa.gz,
SRR20576745,data/unitigs/SRR20576745.unitigs.fa.gz,
SRR20576746,data/unitigs/SRR20576746.unitigs.fa.gz,
SRR20576747,data/unitigs/SRR20576747.unitigs.fa.gz,
SRR20576748,data/unitigs/SRR20576748.unitigs.fa.gz,
SRR20576749,data/unitigs/SRR20576749.unitigs.fa.gz,
SRR20576750,data/unitigs/SRR20576750.unitigs.fa.gz,
SRR20576751,data/unitigs/SRR20576751.unitigs.fa.gz,
SRR20576752,data/unitigs/SRR20576752.unitigs.fa.gz,
SRR20576754,data/unitigs/SRR20576754.unitigs.fa.gz,
SRR20576755,data/unitigs/SRR20576755.unitigs.fa.gz,
SRR20576756,data/unitigs/SRR20576756.unitigs.fa.gz,
SRR20576757,data/unitigs/SRR20576757.unitigs.fa.gz,
SRR20576758,data/unitigs/SRR20576758.unitigs.fa.gz,
SRR20576759,data/unitigs/SRR20576759.unitigs.fa.gz,
SRR20576760,data/unitigs/SRR20576760.unitigs.fa.gz,
SRR20576761,data/unitigs/SRR20576761.unitigs.fa.gz,
SRR20576762,data/unitigs/SRR20576762.unitigs.fa.gz,
SRR20576763,data/unitigs/SRR20576763.unitigs.fa.gz,
SRR20576764,data/unitigs/SRR20576764.unitigs.fa.gz,
SRR20576765,data/unitigs/SRR20576765.unitigs.fa.gz,
SRR20576766,data/unitigs/SRR20576766.unitigs.fa.gz,
SRR20576767,data/unitigs/SRR20576767.unitigs.fa.gz,
SRR20576768,data/unitigs/SRR20576768.unitigs.fa.gz,
SRR20576769,data/unitigs/SRR20576769.unitigs.fa.gz,
SRR20576770,data/unitigs/SRR20576770.unitigs.fa.gz,
SRR20576771,data/unitigs/SRR20576771.unitigs.fa.gz,
SRR20576772,data/unitigs/SRR20576772.unitigs.fa.gz,
SRR20576773,data/unitigs/SRR20576773.unitigs.fa.gz,
SRR20576774,data/unitigs/SRR20576774.unitigs.fa.gz,
SRR20576775,data/unitigs/SRR20576775.unitigs.fa.gz,
SRR20576776,data/unitigs/SRR20576776.unitigs.fa.gz,
SRR20576779,data/unitigs/SRR20576779.unitigs.fa.gz,
SRR20576780,data/unitigs/SRR20576780.unitigs.fa.gz,
SRR20576781,data/unitigs/SRR20576781.unitigs.fa.gz,
SRR20576782,data/unitigs/SRR20576782.unitigs.fa.gz,
SRR20576783,data/unitigs/SRR20576783.unitigs.fa.gz,
SRR20576784,data/unitigs/SRR20576784.unitigs.fa.gz,
SRR20576785,data/unitigs/SRR20576785.unitigs.fa.gz,
SRR20576786,data/unitigs/SRR20576786.unitigs.fa.gz,
SRR20576787,data/unitigs/SRR20576787.unitigs.fa.gz,
SRR20576794,data/unitigs/SRR20576794.unitigs.fa.gz,
SRR20576795,data/unitigs/SRR20576795.unitigs.fa.gz,
SRR20576796,data/unitigs/SRR20576796.unitigs.fa.gz,
SRR20576797,data/unitigs/SRR20576797.unitigs.fa.gz,
SRR20576798,data/unitigs/SRR20576798.unitigs.fa.gz,
SRR20576799,data/unitigs/SRR20576799.unitigs.fa.gz,
SRR20576800,data/unitigs/SRR20576800.unitigs.fa.gz,
SRR20576802,data/unitigs/SRR20576802.unitigs.fa.gz,
SRR20576803,data/unitigs/SRR20576803.unitigs.fa.gz,
SRR20576805,data/unitigs/SRR20576805.unitigs.fa.gz,
SRR20576807,data/unitigs/SRR20576807.unitigs.fa.gz,
SRR20576808,data/unitigs/SRR20576808.unitigs.fa.gz,
SRR20576809,data/unitigs/SRR20576809.unitigs.fa.gz,
SRR20576811,data/unitigs/SRR20576811.unitigs.fa.gz,
SRR20576812,data/unitigs/SRR20576812.unitigs.fa.gz,
SRR20576813,data/unitigs/SRR20576813.unitigs.fa.gz,
SRR20576814,data/unitigs/SRR20576814.unitigs.fa.gz,
SRR20576815,data/unitigs/SRR20576815.unitigs.fa.gz,
SRR20576816,data/unitigs/SRR20576816.unitigs.fa.gz,
SRR20576817,data/unitigs/SRR20576817.unitigs.fa.gz,
SRR21589119,data/unitigs/SRR21589119.unitigs.fa.gz,
SRR21589120,data/unitigs/SRR21589120.unitigs.fa.gz,
SRR2229974,data/unitigs/SRR2229974.unitigs.fa.gz,
SRR2229975,data/unitigs/SRR2229975.unitigs.fa.gz,
SRR2229976,data/unitigs/SRR2229976.unitigs.fa.gz,
SRR2229977,data/unitigs/SRR2229977.unitigs.fa.gz,
SRR23699551,data/unitigs/SRR23699551.unitigs.fa.gz,
SRR23699552,data/unitigs/SRR23699552.unitigs.fa.gz,
SRR23699553,data/unitigs/SRR23699553.unitigs.fa.gz,
SRR23699554,data/unitigs/SRR23699554.unitigs.fa.gz,
SRR23699555,data/unitigs/SRR23699555.unitigs.fa.gz,
SRR23699556,data/unitigs/SRR23699556.unitigs.fa.gz,
SRR23699557,data/unitigs/SRR23699557.unitigs.fa.gz,
SRR23699558,data/unitigs/SRR23699558.unitigs.fa.gz,
SRR23699559,data/unitigs/SRR23699559.unitigs.fa.gz,
SRR23699560,data/unitigs/SRR23699560.unitigs.fa.gz,
SRR23699561,data/unitigs/SRR23699561.unitigs.fa.gz,
SRR23699562,data/unitigs/SRR23699562.unitigs.fa.gz,
SRR23699563,data/unitigs/SRR23699563.unitigs.fa.gz,
SRR23699564,data/unitigs/SRR23699564.unitigs.fa.gz,
SRR23699565,data/unitigs/SRR23699565.unitigs.fa.gz,
SRR23699566,data/unitigs/SRR23699566.unitigs.fa.gz,
SRR23699567,data/unitigs/SRR23699567.unitigs.fa.gz,
SRR23699568,data/unitigs/SRR23699568.unitigs.fa.gz,
SRR23699569,data/unitigs/SRR23699569.unitigs.fa.gz,
SRR23699570,data/unitigs/SRR23699570.unitigs.fa.gz,
SRR23699571,data/unitigs/SRR23699571.unitigs.fa.gz,
SRR23699572,data/unitigs/SRR23699572.unitigs.fa.gz,
SRR23699573,data/unitigs/SRR23699573.unitigs.fa.gz,
SRR23699574,data/unitigs/SRR23699574.unitigs.fa.gz,
SRR23699575,data/unitigs/SRR23699575.unitigs.fa.gz,
SRR23699576,data/unitigs/SRR23699576.unitigs.fa.gz,
SRR23699577,data/unitigs/SRR23699577.unitigs.fa.gz,
SRR23699578,data/unitigs/SRR23699578.unitigs.fa.gz,
SRR24222601,data/unitigs/SRR24222601.unitigs.fa.gz,
SRR24222602,data/unitigs/SRR24222602.unitigs.fa.gz,
SRR24222603,data/unitigs/SRR24222603.unitigs.fa.gz,
SRR24222604,data/unitigs/SRR24222604.unitigs.fa.gz,
SRR24222605,data/unitigs/SRR24222605.unitigs.fa.gz,
SRR24222606,data/unitigs/SRR24222606.unitigs.fa.gz,
SRR24222607,data/unitigs/SRR24222607.unitigs.fa.gz,
SRR24222608,data/unitigs/SRR24222608.unitigs.fa.gz,
SRR24222609,data/unitigs/SRR24222609.unitigs.fa.gz,
SRR24222610,data/unitigs/SRR24222610.unitigs.fa.gz,
SRR24222612,data/unitigs/SRR24222612.unitigs.fa.gz,
SRR24222613,data/unitigs/SRR24222613.unitigs.fa.gz,
SRR24222614,data/unitigs/SRR24222614.unitigs.fa.gz,
SRR24222615,data/unitigs/SRR24222615.unitigs.fa.gz,
SRR24222616,data/unitigs/SRR24222616.unitigs.fa.gz,
SRR24222617,data/unitigs/SRR24222617.unitigs.fa.gz,
SRR24222618,data/unitigs/SRR24222618.unitigs.fa.gz,
SRR24222619,data/unitigs/SRR24222619.unitigs.fa.gz,
SRR24222620,data/unitigs/SRR24222620.unitigs.fa.gz,
SRR24222621,data/unitigs/SRR24222621.unitigs.fa.gz,
SRR24222623,data/unitigs/SRR24222623.unitigs.fa.gz,
SRR24222624,data/unitigs/SRR24222624.unitigs.fa.gz,
SRR24222625,data/unitigs/SRR24222625.unitigs.fa.gz,
SRR24222626,data/unitigs/SRR24222626.unitigs.fa.gz,
SRR24222627,data/unitigs/SRR24222627.unitigs.fa.gz,
SRR24222628,data/unitigs/SRR24222628.unitigs.fa.gz,
SRR24222629,data/unitigs/SRR24222629.unitigs.fa.gz,
SRR24222630,data/unitigs/SRR24222630.unitigs.fa.gz,
SRR24222631,data/unitigs/SRR24222631.unitigs.fa.gz,
SRR24222632,data/unitigs/SRR24222632.unitigs.fa.gz,
SRR25620676,data/unitigs/SRR25620676.unitigs.fa.gz,
SRR25620681,data/unitigs/SRR25620681.unitigs.fa.gz,
SRR25620753,data/unitigs/SRR25620753.unitigs.fa.gz,
SRR25620756,data/unitigs/SRR25620756.unitigs.fa.gz,
SRR25620780,data/unitigs/SRR25620780.unitigs.fa.gz,
SRR25620786,data/unitigs/SRR25620786.unitigs.fa.gz,
SRR25620790,data/unitigs/SRR25620790.unitigs.fa.gz,
SRR25620795,data/unitigs/SRR25620795.unitigs.fa.gz,
SRR30066258,data/unitigs/SRR30066258.unitigs.fa.gz,
SRR30066259,data/unitigs/SRR30066259.unitigs.fa.gz,
SRR30066260,data/unitigs/SRR30066260.unitigs.fa.gz,
SRR30066261,data/unitigs/SRR30066261.unitigs.fa.gz,
SRR30066262,data/unitigs/SRR30066262.unitigs.fa.gz,
SRR30066263,data/unitigs/SRR30066263.unitigs.fa.gz,
SRR30066264,data/unitigs/SRR30066264.unitigs.fa.gz,
SRR30066265,data/unitigs/SRR30066265.unitigs.fa.gz,
SRR30066269,data/unitigs/SRR30066269.unitigs.fa.gz,
SRR30066270,data/unitigs/SRR30066270.unitigs.fa.gz,
SRR30066271,data/unitigs/SRR30066271.unitigs.fa.gz,
SRR30066272,data/unitigs/SRR30066272.unitigs.fa.gz,
SRR32023812,data/unitigs/SRR32023812.unitigs.fa.gz,
SRR32023817,data/unitigs/SRR32023817.unitigs.fa.gz,
SRR32023818,data/unitigs/SRR32023818.unitigs.fa.gz,
SRR32023819,data/unitigs/SRR32023819.unitigs.fa.gz,
SRR32023820,data/unitigs/SRR32023820.unitigs.fa.gz,
SRR32023821,data/unitigs/SRR32023821.unitigs.fa.gz,
SRR32023822,data/unitigs/SRR32023822.unitigs.fa.gz,
SRR32023823,data/unitigs/SRR32023823.unitigs.fa.gz,
SRR32023824,data/unitigs/SRR32023824.unitigs.fa.gz,
SRR32023825,data/unitigs/SRR32023825.unitigs.fa.gz,
SRR32023826,data/unitigs/SRR32023826.unitigs.fa.gz,
SRR32023827,data/unitigs/SRR32023827.unitigs.fa.gz,
SRR32023828,data/unitigs/SRR32023828.unitigs.fa.gz,
SRR32023829,data/unitigs/SRR32023829.unitigs.fa.gz,
SRR32023830,data/unitigs/SRR32023830.unitigs.fa.gz,
SRR32023831,data/unitigs/SRR32023831.unitigs.fa.gz,
SRR32023832,data/unitigs/SRR32023832.unitigs.fa.gz,
SRR32023833,data/unitigs/SRR32023833.unitigs.fa.gz,
SRR32023835,data/unitigs/SRR32023835.unitigs.fa.gz,
SRR32023836,data/unitigs/SRR32023836.unitigs.fa.gz,
SRR32023837,data/unitigs/SRR32023837.unitigs.fa.gz,
SRR32023838,data/unitigs/SRR32023838.unitigs.fa.gz,
SRR32023839,data/unitigs/SRR32023839.unitigs.fa.gz,
SRR32023840,data/unitigs/SRR32023840.unitigs.fa.gz,
SRR32023841,data/unitigs/SRR32023841.unitigs.fa.gz,
SRR32023842,data/unitigs/SRR32023842.unitigs.fa.gz,
SRR32023845,data/unitigs/SRR32023845.unitigs.fa.gz,
SRR32023846,data/unitigs/SRR32023846.unitigs.fa.gz,
SRR32023847,data/unitigs/SRR32023847.unitigs.fa.gz,
SRR32023848,data/unitigs/SRR32023848.unitigs.fa.gz,
SRR32023849,data/unitigs/SRR32023849.unitigs.fa.gz,
SRR32023851,data/unitigs/SRR32023851.unitigs.fa.gz,
SRR32023854,data/unitigs/SRR32023854.unitigs.fa.gz,
SRR32023855,data/unitigs/SRR32023855.unitigs.fa.gz,
SRR32023858,data/unitigs/SRR32023858.unitigs.fa.gz,
SRR32023859,data/unitigs/SRR32023859.unitigs.fa.gz,
SRR32023860,data/unitigs/SRR32023860.unitigs.fa.gz,
SRR32023861,data/unitigs/SRR32023861.unitigs.fa.gz,
SRR32023864,data/unitigs/SRR32023864.unitigs.fa.gz,
SRR32023865,data/unitigs/SRR32023865.unitigs.fa.gz,
SRR32023867,data/unitigs/SRR32023867.unitigs.fa.gz,
SRR32023868,data/unitigs/SRR32023868.unitigs.fa.gz,
SRR32023870,data/unitigs/SRR32023870.unitigs.fa.gz,
SRR32023871,data/unitigs/SRR32023871.unitigs.fa.gz,
SRR32023872,data/unitigs/SRR32023872.unitigs.fa.gz,
SRR32023873,data/unitigs/SRR32023873.unitigs.fa.gz,
SRR32023874,data/unitigs/SRR32023874.unitigs.fa.gz,
SRR32023875,data/unitigs/SRR32023875.unitigs.fa.gz,
SRR4047197,data/unitigs/SRR4047197.unitigs.fa.gz,
SRR4047199,data/unitigs/SRR4047199.unitigs.fa.gz,
SRR4047201,data/unitigs/SRR4047201.unitigs.fa.gz,
SRR4047203,data/unitigs/SRR4047203.unitigs.fa.gz,
SRR4047207,data/unitigs/SRR4047207.unitigs.fa.gz,
SRR4047214,data/unitigs/SRR4047214.unitigs.fa.gz,
SRR4047219,data/unitigs/SRR4047219.unitigs.fa.gz,
SRR4047221,data/unitigs/SRR4047221.unitigs.fa.gz,
SRR4047223,data/unitigs/SRR4047223.unitigs.fa.gz,
SRR4047225,data/unitigs/SRR4047225.unitigs.fa.gz,
SRR4047228,data/unitigs/SRR4047228.unitigs.fa.gz,
SRR5047040,data/unitigs/SRR5047040.unitigs.fa.gz,
SRR5047041,data/unitigs/SRR5047041.unitigs.fa.gz,
SRR5047042,data/unitigs/SRR5047042.unitigs.fa.gz,
SRR5047043,data/unitigs/SRR5047043.unitigs.fa.gz,
SRR5047044,data/unitigs/SRR5047044.unitigs.fa.gz,
SRR5047045,data/unitigs/SRR5047045.unitigs.fa.gz,
SRR5047046,data/unitigs/SRR5047046.unitigs.fa.gz,
SRR5047047,data/unitigs/SRR5047047.unitigs.fa.gz,
SRR5047048,data/unitigs/SRR5047048.unitigs.fa.gz,
SRR5047049,data/unitigs/SRR5047049.unitigs.fa.gz,
SRR5047050,data/unitigs/SRR5047050.unitigs.fa.gz,
SRR5047051,data/unitigs/SRR5047051.unitigs.fa.gz,
SRR5047052,data/unitigs/SRR5047052.unitigs.fa.gz,
SRR5047053,data/unitigs/SRR5047053.unitigs.fa.gz,
SRR5047054,data/unitigs/SRR5047054.unitigs.fa.gz,
SRR5047055,data/unitigs/SRR5047055.unitigs.fa.gz,
SRR5047056,data/unitigs/SRR5047056.unitigs.fa.gz,
SRR5047057,data/unitigs/SRR5047057.unitigs.fa.gz,
SRR5047058,data/unitigs/SRR5047058.unitigs.fa.gz,
SRR5047059,data/unitigs/SRR5047059.unitigs.fa.gz,
SRR5047060,data/unitigs/SRR5047060.unitigs.fa.gz,
SRR5047061,data/unitigs/SRR5047061.unitigs.fa.gz,
SRR5047062,data/unitigs/SRR5047062.unitigs.fa.gz,
SRR5047063,data/unitigs/SRR5047063.unitigs.fa.gz,
SRR5047064,data/unitigs/SRR5047064.unitigs.fa.gz,
SRR5047065,data/unitigs/SRR5047065.unitigs.fa.gz,
SRR5047066,data/unitigs/SRR5047066.unitigs.fa.gz,
SRR5047067,data/unitigs/SRR5047067.unitigs.fa.gz,
SRR5047068,data/unitigs/SRR5047068.unitigs.fa.gz,
SRR5047069,data/unitigs/SRR5047069.unitigs.fa.gz,
SRR5047070,data/unitigs/SRR5047070.unitigs.fa.gz,
SRR5047071,data/unitigs/SRR5047071.unitigs.fa.gz,
SRR5047072,data/unitigs/SRR5047072.unitigs.fa.gz,
SRR5047073,data/unitigs/SRR5047073.unitigs.fa.gz,
SRR5047074,data/unitigs/SRR5047074.unitigs.fa.gz,
SRR5047075,data/unitigs/SRR5047075.unitigs.fa.gz,
SRR5047076,data/unitigs/SRR5047076.unitigs.fa.gz,
SRR5047077,data/unitigs/SRR5047077.unitigs.fa.gz,
SRR5047078,data/unitigs/SRR5047078.unitigs.fa.gz,
SRR5047079,data/unitigs/SRR5047079.unitigs.fa.gz,
SRR5047080,data/unitigs/SRR5047080.unitigs.fa.gz,
SRR5047081,data/unitigs/SRR5047081.unitigs.fa.gz,
SRR5047082,data/unitigs/SRR5047082.unitigs.fa.gz,
SRR5047083,data/unitigs/SRR5047083.unitigs.fa.gz,
SRR5047084,data/unitigs/SRR5047084.unitigs.fa.gz,
SRR5047085,data/unitigs/SRR5047085.unitigs.fa.gz,
SRR5047086,data/unitigs/SRR5047086.unitigs.fa.gz,
SRR5047087,data/unitigs/SRR5047087.unitigs.fa.gz,
SRR5047088,data/unitigs/SRR5047088.unitigs.fa.gz,
SRR5047089,data/unitigs/SRR5047089.unitigs.fa.gz,
SRR5047090,data/unitigs/SRR5047090.unitigs.fa.gz,
SRR5047091,data/unitigs/SRR5047091.unitigs.fa.gz,
SRR5047092,data/unitigs/SRR5047092.unitigs.fa.gz,
SRR5047093,data/unitigs/SRR5047093.unitigs.fa.gz,
SRR5047094,data/unitigs/SRR5047094.unitigs.fa.gz,
SRR5047095,data/unitigs/SRR5047095.unitigs.fa.gz,
SRR5047096,data/unitigs/SRR5047096.unitigs.fa.gz,
SRR5047097,data/unitigs/SRR5047097.unitigs.fa.gz,
SRR5047098,data/unitigs/SRR5047098.unitigs.fa.gz,
SRR5047099,data/unitigs/SRR5047099.unitigs.fa.gz,
SRR5047100,data/unitigs/SRR5047100.unitigs.fa.gz,
SRR5047101,data/unitigs/SRR5047101.unitigs.fa.gz,
SRR5047102,data/unitigs/SRR5047102.unitigs.fa.gz,
SRR5047103,data/unitigs/SRR5047103.unitigs.fa.gz,
SRR5047104,data/unitigs/SRR5047104.unitigs.fa.gz,
SRR5047105,data/unitigs/SRR5047105.unitigs.fa.gz,
SRR5047106,data/unitigs/SRR5047106.unitigs.fa.gz,
SRR5047107,data/unitigs/SRR5047107.unitigs.fa.gz,
SRR5047108,data/unitigs/SRR5047108.unitigs.fa.gz,
SRR5047109,data/unitigs/SRR5047109.unitigs.fa.gz,
SRR5047110,data/unitigs/SRR5047110.unitigs.fa.gz,
SRR5047111,data/unitigs/SRR5047111.unitigs.fa.gz,
SRR5047112,data/unitigs/SRR5047112.unitigs.fa.gz,
SRR5047113,data/unitigs/SRR5047113.unitigs.fa.gz,
SRR5047114,data/unitigs/SRR5047114.unitigs.fa.gz,
SRR5047115,data/unitigs/SRR5047115.unitigs.fa.gz,
SRR5047116,data/unitigs/SRR5047116.unitigs.fa.gz,
SRR5047117,data/unitigs/SRR5047117.unitigs.fa.gz,
SRR5047118,data/unitigs/SRR5047118.unitigs.fa.gz,
SRR5047119,data/unitigs/SRR5047119.unitigs.fa.gz,
SRR5047120,data/unitigs/SRR5047120.unitigs.fa.gz,
SRR5047121,data/unitigs/SRR5047121.unitigs.fa.gz,
SRR5047122,data/unitigs/SRR5047122.unitigs.fa.gz,
SRR5047123,data/unitigs/SRR5047123.unitigs.fa.gz,
SRR5047124,data/unitigs/SRR5047124.unitigs.fa.gz,
SRR5047125,data/unitigs/SRR5047125.unitigs.fa.gz,
SRR5047126,data/unitigs/SRR5047126.unitigs.fa.gz,
SRR5047127,data/unitigs/SRR5047127.unitigs.fa.gz,
SRR5047128,data/unitigs/SRR5047128.unitigs.fa.gz,
SRR5047129,data/unitigs/SRR5047129.unitigs.fa.gz,
SRR5047130,data/unitigs/SRR5047130.unitigs.fa.gz,
SRR5047131,data/unitigs/SRR5047131.unitigs.fa.gz,
SRR5047132,data/unitigs/SRR5047132.unitigs.fa.gz,
SRR5047133,data/unitigs/SRR5047133.unitigs.fa.gz,
SRR5047134,data/unitigs/SRR5047134.unitigs.fa.gz,
SRR5047135,data/unitigs/SRR5047135.unitigs.fa.gz,
SRR5047136,data/unitigs/SRR5047136.unitigs.fa.gz,
SRR5047137,data/unitigs/SRR5047137.unitigs.fa.gz,
SRR5047138,data/unitigs/SRR5047138.unitigs.fa.gz,
SRR5047139,data/unitigs/SRR5047139.unitigs.fa.gz,
SRR5047140,data/unitigs/SRR5047140.unitigs.fa.gz,
SRR5047141,data/unitigs/SRR5047141.unitigs.fa.gz,
SRR5047142,data/unitigs/SRR5047142.unitigs.fa.gz,
SRR5047143,data/unitigs/SRR5047143.unitigs.fa.gz,
SRR5047144,data/unitigs/SRR5047144.unitigs.fa.gz,
SRR5047145,data/unitigs/SRR5047145.unitigs.fa.gz,
SRR5047146,data/unitigs/SRR5047146.unitigs.fa.gz,
SRR5047147,data/unitigs/SRR5047147.unitigs.fa.gz,
SRR5047148,data/unitigs/SRR5047148.unitigs.fa.gz,
SRR5047149,data/unitigs/SRR5047149.unitigs.fa.gz,
SRR5047150,data/unitigs/SRR5047150.unitigs.fa.gz,
SRR5047151,data/unitigs/SRR5047151.unitigs.fa.gz,
SRR5047152,data/unitigs/SRR5047152.unitigs.fa.gz,
SRR5047153,data/unitigs/SRR5047153.unitigs.fa.gz,
SRR5047154,data/unitigs/SRR5047154.unitigs.fa.gz,
SRR5047155,data/unitigs/SRR5047155.unitigs.fa.gz,
SRR5047156,data/unitigs/SRR5047156.unitigs.fa.gz,
SRR5047157,data/unitigs/SRR5047157.unitigs.fa.gz,
SRR5047158,data/unitigs/SRR5047158.unitigs.fa.gz,
SRR5047159,data/unitigs/SRR5047159.unitigs.fa.gz,
SRR5047160,data/unitigs/SRR5047160.unitigs.fa.gz,
SRR5047161,data/unitigs/SRR5047161.unitigs.fa.gz,
SRR5047162,data/unitigs/SRR5047162.unitigs.fa.gz,
SRR5047163,data/unitigs/SRR5047163.unitigs.fa.gz,
SRR5047164,data/unitigs/SRR5047164.unitigs.fa.gz,
SRR5047165,data/unitigs/SRR5047165.unitigs.fa.gz,
SRR5047166,data/unitigs/SRR5047166.unitigs.fa.gz,
SRR5047167,data/unitigs/SRR5047167.unitigs.fa.gz,
SRR5047168,data/unitigs/SRR5047168.unitigs.fa.gz,
SRR5047169,data/unitigs/SRR5047169.unitigs.fa.gz,
SRR5047170,data/unitigs/SRR5047170.unitigs.fa.gz,
SRR5047171,data/unitigs/SRR5047171.unitigs.fa.gz,
SRR5047172,data/unitigs/SRR5047172.unitigs.fa.gz,
SRR5047173,data/unitigs/SRR5047173.unitigs.fa.gz,
SRR5047174,data/unitigs/SRR5047174.unitigs.fa.gz,
SRR5047175,data/unitigs/SRR5047175.unitigs.fa.gz,
SRR5047176,data/unitigs/SRR5047176.unitigs.fa.gz,
SRR5047177,data/unitigs/SRR5047177.unitigs.fa.gz,
SRR5047178,data/unitigs/SRR5047178.unitigs.fa.gz,
SRR5047179,data/unitigs/SRR5047179.unitigs.fa.gz,
SRR5047180,data/unitigs/SRR5047180.unitigs.fa.gz,
SRR5047181,data/unitigs/SRR5047181.unitigs.fa.gz,
SRR5047182,data/unitigs/SRR5047182.unitigs.fa.gz,
SRR5047183,data/unitigs/SRR5047183.unitigs.fa.gz,
SRR5047184,data/unitigs/SRR5047184.unitigs.fa.gz,
SRR5047185,data/unitigs/SRR5047185.unitigs.fa.gz,
SRR5047186,data/unitigs/SRR5047186.unitigs.fa.gz,
SRR5047187,data/unitigs/SRR5047187.unitigs.fa.gz,
SRR5047188,data/unitigs/SRR5047188.unitigs.fa.gz,
SRR5047189,data/unitigs/SRR5047189.unitigs.fa.gz,
SRR5047190,data/unitigs/SRR5047190.unitigs.fa.gz,
SRR5047191,data/unitigs/SRR5047191.unitigs.fa.gz,
SRR5047192,data/unitigs/SRR5047192.unitigs.fa.gz,
SRR5047193,data/unitigs/SRR5047193.unitigs.fa.gz,
SRR5047194,data/unitigs/SRR5047194.unitigs.fa.gz,
SRR5047195,data/unitigs/SRR5047195.unitigs.fa.gz,
SRR5047196,data/unitigs/SRR5047196.unitigs.fa.gz,
SRR5047197,data/unitigs/SRR5047197.unitigs.fa.gz,
SRR5047198,data/unitigs/SRR5047198.unitigs.fa.gz,
SRR5047199,data/unitigs/SRR5047199.unitigs.fa.gz,
SRR5047200,data/unitigs/SRR5047200.unitigs.fa.gz,
SRR5047201,data/unitigs/SRR5047201.unitigs.fa.gz,
SRR5047202,data/unitigs/SRR5047202.unitigs.fa.gz,
SRR5047203,data/unitigs/SRR5047203.unitigs.fa.gz,
SRR5047204,data/unitigs/SRR5047204.unitigs.fa.gz,
SRR5297130,data/unitigs/SRR5297130.unitigs.fa.gz,
SRR5297131,data/unitigs/SRR5297131.unitigs.fa.gz,
SRR5297132,data/unitigs/SRR5297132.unitigs.fa.gz,
SRR5297133,data/unitigs/SRR5297133.unitigs.fa.gz,
SRR5332455,data/unitigs/SRR5332455.unitigs.fa.gz,
SRR5332456,data/unitigs/SRR5332456.unitigs.fa.gz,
SRR5332457,data/unitigs/SRR5332457.unitigs.fa.gz,
SRR5332458,data/unitigs/SRR5332458.unitigs.fa.gz,
SRR5332459,data/unitigs/SRR5332459.unitigs.fa.gz,
SRR5332461,data/unitigs/SRR5332461.unitigs.fa.gz,
SRR5332462,data/unitigs/SRR5332462.unitigs.fa.gz,
SRR5332463,data/unitigs/SRR5332463.unitigs.fa.gz,
SRR5332464,data/unitigs/SRR5332464.unitigs.fa.gz,
SRR5332466,data/unitigs/SRR5332466.unitigs.fa.gz,
SRR5875714,data/unitigs/SRR5875714.unitigs.fa.gz,
SRR5875715,data/unitigs/SRR5875715.unitigs.fa.gz,
SRR5875718,data/unitigs/SRR5875718.unitigs.fa.gz,
SRR5875719,data/unitigs/SRR5875719.unitigs.fa.gz,
SRR5875720,data/unitigs/SRR5875720.unitigs.fa.gz,
SRR5875721,data/unitigs/SRR5875721.unitigs.fa.gz,
SRR5875722,data/unitigs/SRR5875722.unitigs.fa.gz,
SRR5875723,data/unitigs/SRR5875723.unitigs.fa.gz,
SRR5875724,data/unitigs/SRR5875724.unitigs.fa.gz,
SRR5875725,data/unitigs/SRR5875725.unitigs.fa.gz,
SRR5875726,data/unitigs/SRR5875726.unitigs.fa.gz,
SRR5875727,data/unitigs/SRR5875727.unitigs.fa.gz,
SRR5875728,data/unitigs/SRR5875728.unitigs.fa.gz,
SRR5875729,data/unitigs/SRR5875729.unitigs.fa.gz,
SRR5875730,data/unitigs/SRR5875730.unitigs.fa.gz,
SRR5875731,data/unitigs/SRR5875731.unitigs.fa.gz,
SRR6877282,data/unitigs/SRR6877282.unitigs.fa.gz,
SRR6877283,data/unitigs/SRR6877283.unitigs.fa.gz,
SRR6877284,data/unitigs/SRR6877284.unitigs.fa.gz,
SRR6877285,data/unitigs/SRR6877285.unitigs.fa.gz,
SRR6877286,data/unitigs/SRR6877286.unitigs.fa.gz,
SRR6877287,data/unitigs/SRR6877287.unitigs.fa.gz,
SRR6877288,data/unitigs/SRR6877288.unitigs.fa.gz,
SRR6877289,data/unitigs/SRR6877289.unitigs.fa.gz,
SRR6877290,data/unitigs/SRR6877290.unitigs.fa.gz,
SRR6877291,data/unitigs/SRR6877291.unitigs.fa.gz,
SRR6877292,data/unitigs/SRR6877292.unitigs.fa.gz,
SRR6877293,data/unitigs/SRR6877293.unitigs.fa.gz,
SRR6877294,data/unitigs/SRR6877294.unitigs.fa.gz,
SRR6877295,data/unitigs/SRR6877295.unitigs.fa.gz,
SRR6877296,data/unitigs/SRR6877296.unitigs.fa.gz,
SRR6877297,data/unitigs/SRR6877297.unitigs.fa.gz,
SRR6877298,data/unitigs/SRR6877298.unitigs.fa.gz,
SRR6877299,data/unitigs/SRR6877299.unitigs.fa.gz,
SRR6877300,data/unitigs/SRR6877300.unitigs.fa.gz,
SRR6877301,data/unitigs/SRR6877301.unitigs.fa.gz,
SRR6877302,data/unitigs/SRR6877302.unitigs.fa.gz,
SRR6877303,data/unitigs/SRR6877303.unitigs.fa.gz,
SRR6877304,data/unitigs/SRR6877304.unitigs.fa.gz,
SRR6877305,data/unitigs/SRR6877305.unitigs.fa.gz,
SRR6877306,data/unitigs/SRR6877306.unitigs.fa.gz,
SRR6877307,data/unitigs/SRR6877307.unitigs.fa.gz,
SRR6877308,data/unitigs/SRR6877308.unitigs.fa.gz,
SRR6877309,data/unitigs/SRR6877309.unitigs.fa.gz,
SRR6877310,data/unitigs/SRR6877310.unitigs.fa.gz,
SRR6877311,data/unitigs/SRR6877311.unitigs.fa.gz,
SRR6877312,data/unitigs/SRR6877312.unitigs.fa.gz,
SRR6877313,data/unitigs/SRR6877313.unitigs.fa.gz,
SRR6877314,data/unitigs/SRR6877314.unitigs.fa.gz,
SRR6877315,data/unitigs/SRR6877315.unitigs.fa.gz,
SRR6877316,data/unitigs/SRR6877316.unitigs.fa.gz,
SRR6877317,data/unitigs/SRR6877317.unitigs.fa.gz,
SRR6877318,data/unitigs/SRR6877318.unitigs.fa.gz,
SRR6877319,data/unitigs/SRR6877319.unitigs.fa.gz,
SRR6877320,data/unitigs/SRR6877320.unitigs.fa.gz,
SRR6877321,data/unitigs/SRR6877321.unitigs.fa.gz,
SRR6877322,data/unitigs/SRR6877322.unitigs.fa.gz,
SRR6877323,data/unitigs/SRR6877323.unitigs.fa.gz,
SRR6877324,data/unitigs/SRR6877324.unitigs.fa.gz,
SRR6877325,data/unitigs/SRR6877325.unitigs.fa.gz,
SRR6877326,data/unitigs/SRR6877326.unitigs.fa.gz,
SRR6877327,data/unitigs/SRR6877327.unitigs.fa.gz,
SRR6877328,data/unitigs/SRR6877328.unitigs.fa.gz,
SRR6877329,data/unitigs/SRR6877329.unitigs.fa.gz,
SRR6877330,data/unitigs/SRR6877330.unitigs.fa.gz,
SRR6877331,data/unitigs/SRR6877331.unitigs.fa.gz,
SRR6877332,data/unitigs/SRR6877332.unitigs.fa.gz,
SRR6877333,data/unitigs/SRR6877333.unitigs.fa.gz,
SRR6877334,data/unitigs/SRR6877334.unitigs.fa.gz,
SRR6877335,data/unitigs/SRR6877335.unitigs.fa.gz,
SRR6877336,data/unitigs/SRR6877336.unitigs.fa.gz,
SRR6877337,data/unitigs/SRR6877337.unitigs.fa.gz,
SRR6877338,data/unitigs/SRR6877338.unitigs.fa.gz,
SRR6877339,data/unitigs/SRR6877339.unitigs.fa.gz,
SRR6877340,data/unitigs/SRR6877340.unitigs.fa.gz,
SRR6877341,data/unitigs/SRR6877341.unitigs.fa.gz,
SRR6877342,data/unitigs/SRR6877342.unitigs.fa.gz,
SRR6877343,data/unitigs/SRR6877343.unitigs.fa.gz,
SRR6877344,data/unitigs/SRR6877344.unitigs.fa.gz,
SRR6877345,data/unitigs/SRR6877345.unitigs.fa.gz,
SRR6877346,data/unitigs/SRR6877346.unitigs.fa.gz,
SRR6877347,data/unitigs/SRR6877347.unitigs.fa.gz,
SRR6877348,data/unitigs/SRR6877348.unitigs.fa.gz,
SRR6877349,data/unitigs/SRR6877349.unitigs.fa.gz,
SRR6877350,data/unitigs/SRR6877350.unitigs.fa.gz,
SRR6877351,data/unitigs/SRR6877351.unitigs.fa.gz,
SRR6877352,data/unitigs/SRR6877352.unitigs.fa.gz,
SRR6877353,data/unitigs/SRR6877353.unitigs.fa.gz,
SRR6877354,data/unitigs/SRR6877354.unitigs.fa.gz,
SRR6877355,data/unitigs/SRR6877355.unitigs.fa.gz,
SRR6877356,data/unitigs/SRR6877356.unitigs.fa.gz,
SRR6877357,data/unitigs/SRR6877357.unitigs.fa.gz,
SRR6877358,data/unitigs/SRR6877358.unitigs.fa.gz,
SRR6877359,data/unitigs/SRR6877359.unitigs.fa.gz,
SRR6877360,data/unitigs/SRR6877360.unitigs.fa.gz,
SRR6877361,data/unitigs/SRR6877361.unitigs.fa.gz,
SRR6877362,data/unitigs/SRR6877362.unitigs.fa.gz,
SRR6877363,data/unitigs/SRR6877363.unitigs.fa.gz,
SRR6877364,data/unitigs/SRR6877364.unitigs.fa.gz,
SRR6877365,data/unitigs/SRR6877365.unitigs.fa.gz,
SRR6877366,data/unitigs/SRR6877366.unitigs.fa.gz,
SRR6877367,data/unitigs/SRR6877367.unitigs.fa.gz,
SRR6877368,data/unitigs/SRR6877368.unitigs.fa.gz,
SRR6877369,data/unitigs/SRR6877369.unitigs.fa.gz,
SRR6877370,data/unitigs/SRR6877370.unitigs.fa.gz,
SRR6877371,data/unitigs/SRR6877371.unitigs.fa.gz,
SRR6877372,data/unitigs/SRR6877372.unitigs.fa.gz,
SRR6877373,data/unitigs/SRR6877373.unitigs.fa.gz,
SRR6877374,data/unitigs/SRR6877374.unitigs.fa.gz,
SRR6877375,data/unitigs/SRR6877375.unitigs.fa.gz,
SRR6877376,data/unitigs/SRR6877376.unitigs.fa.gz,
SRR6877377,data/unitigs/SRR6877377.unitigs.fa.gz,
SRR6877378,data/unitigs/SRR6877378.unitigs.fa.gz,
SRR6877379,data/unitigs/SRR6877379.unitigs.fa.gz,
SRR6877380,data/unitigs/SRR6877380.unitigs.fa.gz,
SRR6877381,data/unitigs/SRR6877381.unitigs.fa.gz,
SRR6877382,data/unitigs/SRR6877382.unitigs.fa.gz,
SRR6877383,data/unitigs/SRR6877383.unitigs.fa.gz,
SRR6877384,data/unitigs/SRR6877384.unitigs.fa.gz,
SRR6877385,data/unitigs/SRR6877385.unitigs.fa.gz,
SRR6877386,data/unitigs/SRR6877386.unitigs.fa.gz,
SRR6877387,data/unitigs/SRR6877387.unitigs.fa.gz,
SRR6877388,data/unitigs/SRR6877388.unitigs.fa.gz,
SRR6877389,data/unitigs/SRR6877389.unitigs.fa.gz,
SRR6877390,data/unitigs/SRR6877390.unitigs.fa.gz,
SRR6877391,data/unitigs/SRR6877391.unitigs.fa.gz,
SRR6877392,data/unitigs/SRR6877392.unitigs.fa.gz,
SRR6877393,data/unitigs/SRR6877393.unitigs.fa.gz,
SRR6877394,data/unitigs/SRR6877394.unitigs.fa.gz,
SRR6877395,data/unitigs/SRR6877395.unitigs.fa.gz,
SRR6877396,data/unitigs/SRR6877396.unitigs.fa.gz,
SRR6877397,data/unitigs/SRR6877397.unitigs.fa.gz,
SRR6877398,data/unitigs/SRR6877398.unitigs.fa.gz,
SRR6877399,data/unitigs/SRR6877399.unitigs.fa.gz,
SRR6877400,data/unitigs/SRR6877400.unitigs.fa.gz,
SRR6877401,data/unitigs/SRR6877401.unitigs.fa.gz,
SRR6877402,data/unitigs/SRR6877402.unitigs.fa.gz,
SRR6877403,data/unitigs/SRR6877403.unitigs.fa.gz,
SRR6933819,data/unitigs/SRR6933819.unitigs.fa.gz,
SRR6933820,data/unitigs/SRR6933820.unitigs.fa.gz,
SRR6933821,data/unitigs/SRR6933821.unitigs.fa.gz,
SRR6933822,data/unitigs/SRR6933822.unitigs.fa.gz,
SRR6933823,data/unitigs/SRR6933823.unitigs.fa.gz,
SRR6933824,data/unitigs/SRR6933824.unitigs.fa.gz,
SRR6933825,data/unitigs/SRR6933825.unitigs.fa.gz,
SRR6933826,data/unitigs/SRR6933826.unitigs.fa.gz,
SRR6974014,data/unitigs/SRR6974014.unitigs.fa.gz,
SRR6974015,data/unitigs/SRR6974015.unitigs.fa.gz,
SRR6974016,data/unitigs/SRR6974016.unitigs.fa.gz,
SRR6974017,data/unitigs/SRR6974017.unitigs.fa.gz,
SRR7774469,data/unitigs/SRR7774469.unitigs.fa.gz,
SRR7774470,data/unitigs/SRR7774470.unitigs.fa.gz,
SRR7774471,data/unitigs/SRR7774471.unitigs.fa.gz,
SRR7774472,data/unitigs/SRR7774472.unitigs.fa.gz,
SRR7774473,data/unitigs/SRR7774473.unitigs.fa.gz,
SRR7774474,data/unitigs/SRR7774474.unitigs.fa.gz,
SRR7774475,data/unitigs/SRR7774475.unitigs.fa.gz,
SRR7774476,data/unitigs/SRR7774476.unitigs.fa.gz,
SRR7774477,data/unitigs/SRR7774477.unitigs.fa.gz,
SRR7774478,data/unitigs/SRR7774478.unitigs.fa.gz,
SRR7774479,data/unitigs/SRR7774479.unitigs.fa.gz,
SRR8652706,data/unitigs/SRR8652706.unitigs.fa.gz,
SRR8652707,data/unitigs/SRR8652707.unitigs.fa.gz,
SRR8652708,data/unitigs/SRR8652708.unitigs.fa.gz,
SRR8652709,data/unitigs/SRR8652709.unitigs.fa.gz,
SRR8652710,data/unitigs/SRR8652710.unitigs.fa.gz,
SRR8652711,data/unitigs/SRR8652711.unitigs.fa.gz,
SRR8652712,data/unitigs/SRR8652712.unitigs.fa.gz,
SRR8652713,data/unitigs/SRR8652713.unitigs.fa.gz,
SRR8652714,data/unitigs/SRR8652714.unitigs.fa.gz,
SRR8652715,data/unitigs/SRR8652715.unitigs.fa.gz,
SRR8652716,data/unitigs/SRR8652716.unitigs.fa.gz,
SRR8652717,data/unitigs/SRR8652717.unitigs.fa.gz,
SRR866660,data/unitigs/SRR866660.unitigs.fa.gz,
SRR866662,data/unitigs/SRR866662.unitigs.fa.gz,
SRR866663,data/unitigs/SRR866663.unitigs.fa.gz,
SRR866665,data/unitigs/SRR866665.unitigs.fa.gz,
SRR866666,data/unitigs/SRR866666.unitigs.fa.gz,
SRR867031,data/unitigs/SRR867031.unitigs.fa.gz,
SRR867032,data/unitigs/SRR867032.unitigs.fa.gz,
SRR867033,data/unitigs/SRR867033.unitigs.fa.gz,
SRR867034,data/unitigs/SRR867034.unitigs.fa.gz,
SRR867036,data/unitigs/SRR867036.unitigs.fa.gz,
SRR867037,data/unitigs/SRR867037.unitigs.fa.gz,
SRR867038,data/unitigs/SRR867038.unitigs.fa.gz,
SRR867039,data/unitigs/SRR867039.unitigs.fa.gz,
SRR8731955,data/unitigs/SRR8731955.unitigs.fa.gz,
SRR8731956,data/unitigs/SRR8731956.unitigs.fa.gz,
SRR8731957,data/unitigs/SRR8731957.unitigs.fa.gz,
SRR8731958,data/unitigs/SRR8731958.unitigs.fa.gz,
SRR8731959,data/unitigs/SRR8731959.unitigs.fa.gz,
SRR957738,data/unitigs/SRR957738.unitigs.fa.gz,
SRR957739,data/unitigs/SRR957739.unitigs.fa.gz,
SRR957740,data/unitigs/SRR957740.unitigs.fa.gz,
SRR957741,data/unitigs/SRR957741.unitigs.fa.gz,
SRR957742,data/unitigs/SRR957742.unitigs.fa.gz,
SRR957743,data/unitigs/SRR957743.unitigs.fa.gz,
SRR957744,data/unitigs/SRR957744.unitigs.fa.gz,
SRR957745,data/unitigs/SRR957745.unitigs.fa.gz,
SRR957746,data/unitigs/SRR957746.unitigs.fa.gz,
ERR10167374,data/unitigs/ERR10167374.unitigs.fa.gz,
ERR10167375,data/unitigs/ERR10167375.unitigs.fa.gz,
ERR10430780,data/unitigs/ERR10430780.unitigs.fa.gz,
ERR10430781,data/unitigs/ERR10430781.unitigs.fa.gz,
ERR10430782,data/unitigs/ERR10430782.unitigs.fa.gz,
ERR10430783,data/unitigs/ERR10430783.unitigs.fa.gz,
ERR10430784,data/unitigs/ERR10430784.unitigs.fa.gz,
ERR10430785,data/unitigs/ERR10430785.unitigs.fa.gz,
ERR10430786,data/unitigs/ERR10430786.unitigs.fa.gz,
ERR10430787,data/unitigs/ERR10430787.unitigs.fa.gz,
ERR10430788,data/unitigs/ERR10430788.unitigs.fa.gz,
ERR10430789,data/unitigs/ERR10430789.unitigs.fa.gz,
ERR10430790,data/unitigs/ERR10430790.unitigs.fa.gz,
ERR10430791,data/unitigs/ERR10430791.unitigs.fa.gz,
ERR10430792,data/unitigs/ERR10430792.unitigs.fa.gz,
ERR10430793,data/unitigs/ERR10430793.unitigs.fa.gz,
ERR10430794,data/unitigs/ERR10430794.unitigs.fa.gz,
ERR10841194,data/unitigs/ERR10841194.unitigs.fa.gz,
ERR10841228,data/unitigs/ERR10841228.unitigs.fa.gz,
ERR10878152,data/unitigs/ERR10878152.unitigs.fa.gz,
ERR10878153,data/unitigs/ERR10878153.unitigs.fa.gz,
ERR10878154,data/unitigs/ERR10878154.unitigs.fa.gz,
ERR10878155,data/unitigs/ERR10878155.unitigs.fa.gz,
ERR10878156,data/unitigs/ERR10878156.unitigs.fa.gz,
ERR10878157,data/unitigs/ERR10878157.unitigs.fa.gz,
ERR10878158,data/unitigs/ERR10878158.unitigs.fa.gz,
ERR10878159,data/unitigs/ERR10878159.unitigs.fa.gz,
ERR10878160,data/unitigs/ERR10878160.unitigs.fa.gz,
ERR10878162,data/unitigs/ERR10878162.unitigs.fa.gz,
ERR10878163,data/unitigs/ERR10878163.unitigs.fa.gz,
ERR1094777,data/unitigs/ERR1094777.unitigs.fa.gz,
ERR1094778,data/unitigs/ERR1094778.unitigs.fa.gz,
ERR1094779,data/unitigs/ERR1094779.unitigs.fa.gz,
ERR1094780,data/unitigs/ERR1094780.unitigs.fa.gz,
ERR1094781,data/unitigs/ERR1094781.unitigs.fa.gz,
ERR1094782,data/unitigs/ERR1094782.unitigs.fa.gz,
ERR1094783,data/unitigs/ERR1094783.unitigs.fa.gz,
ERR1094784,data/unitigs/ERR1094784.unitigs.fa.gz,
ERR1094785,data/unitigs/ERR1094785.unitigs.fa.gz,
ERR1094786,data/unitigs/ERR1094786.unitigs.fa.gz,
ERR1094787,data/unitigs/ERR1094787.unitigs.fa.gz,
ERR1094788,data/unitigs/ERR1094788.unitigs.fa.gz,
ERR1094789,data/unitigs/ERR1094789.unitigs.fa.gz,
ERR1094791,data/unitigs/ERR1094791.unitigs.fa.gz,
ERR1094792,data/unitigs/ERR1094792.unitigs.fa.gz,
ERR1094793,data/unitigs/ERR1094793.unitigs.fa.gz,
ERR1094794,data/unitigs/ERR1094794.unitigs.fa.gz,
ERR12074344,data/unitigs/ERR12074344.unitigs.fa.gz,
ERR12074345,data/unitigs/ERR12074345.unitigs.fa.gz,
ERR12074346,data/unitigs/ERR12074346.unitigs.fa.gz,
ERR12074348,data/unitigs/ERR12074348.unitigs.fa.gz,
ERR12074349,data/unitigs/ERR12074349.unitigs.fa.gz,
ERR12074350,data/unitigs/ERR12074350.unitigs.fa.gz,
ERR12074351,data/unitigs/ERR12074351.unitigs.fa.gz,
ERR12074352,data/unitigs/ERR12074352.unitigs.fa.gz,
ERR12074353,data/unitigs/ERR12074353.unitigs.fa.gz,
ERR12074354,data/unitigs/ERR12074354.unitigs.fa.gz,
ERR12074356,data/unitigs/ERR12074356.unitigs.fa.gz,
ERR12074357,data/unitigs/ERR12074357.unitigs.fa.gz,
ERR12074358,data/unitigs/ERR12074358.unitigs.fa.gz,
ERR12074359,data/unitigs/ERR12074359.unitigs.fa.gz,
ERR12074360,data/unitigs/ERR12074360.unitigs.fa.gz,
ERR12074361,data/unitigs/ERR12074361.unitigs.fa.gz,
ERR12074362,data/unitigs/ERR12074362.unitigs.fa.gz,
ERR12074365,data/unitigs/ERR12074365.unitigs.fa.gz,
ERR12074366,data/unitigs/ERR12074366.unitigs.fa.gz,
ERR12074367,data/unitigs/ERR12074367.unitigs.fa.gz,
ERR12074369,data/unitigs/ERR12074369.unitigs.fa.gz,
ERR12074370,data/unitigs/ERR12074370.unitigs.fa.gz,
ERR12074372,data/unitigs/ERR12074372.unitigs.fa.gz,
ERR12074374,data/unitigs/ERR12074374.unitigs.fa.gz,
ERR12074376,data/unitigs/ERR12074376.unitigs.fa.gz,
ERR12074377,data/unitigs/ERR12074377.unitigs.fa.gz,
ERR12074378,data/unitigs/ERR12074378.unitigs.fa.gz,
ERR12074380,data/unitigs/ERR12074380.unitigs.fa.gz,
ERR12074382,data/unitigs/ERR12074382.unitigs.fa.gz,
ERR12074383,data/unitigs/ERR12074383.unitigs.fa.gz,
ERR12074384,data/unitigs/ERR12074384.unitigs.fa.gz,
ERR12074385,data/unitigs/ERR12074385.unitigs.fa.gz,
ERR12074386,data/unitigs/ERR12074386.unitigs.fa.gz,
ERR12074389,data/unitigs/ERR12074389.unitigs.fa.gz,
ERR12074390,data/unitigs/ERR12074390.unitigs.fa.gz,
ERR12074391,data/unitigs/ERR12074391.unitigs.fa.gz,
ERR12074392,data/unitigs/ERR12074392.unitigs.fa.gz,
ERR12074393,data/unitigs/ERR12074393.unitigs.fa.gz,
ERR12074394,data/unitigs/ERR12074394.unitigs.fa.gz,
ERR12074396,data/unitigs/ERR12074396.unitigs.fa.gz,
ERR12074397,data/unitigs/ERR12074397.unitigs.fa.gz,
ERR12074398,data/unitigs/ERR12074398.unitigs.fa.gz,
ERR12206676,data/unitigs/ERR12206676.unitigs.fa.gz,
ERR12206677,data/unitigs/ERR12206677.unitigs.fa.gz,
ERR12206679,data/unitigs/ERR12206679.unitigs.fa.gz,
ERR12206680,data/unitigs/ERR12206680.unitigs.fa.gz,
ERR12206681,data/unitigs/ERR12206681.unitigs.fa.gz,
ERR12206682,data/unitigs/ERR12206682.unitigs.fa.gz,
ERR12206683,data/unitigs/ERR12206683.unitigs.fa.gz,
ERR12206684,data/unitigs/ERR12206684.unitigs.fa.gz,
ERR12206685,data/unitigs/ERR12206685.unitigs.fa.gz,
ERR12206686,data/unitigs/ERR12206686.unitigs.fa.gz,
ERR12206688,data/unitigs/ERR12206688.unitigs.fa.gz,
ERR12206690,data/unitigs/ERR12206690.unitigs.fa.gz,
ERR12206692,data/unitigs/ERR12206692.unitigs.fa.gz,
ERR12206693,data/unitigs/ERR12206693.unitigs.fa.gz,
ERR12206694,data/unitigs/ERR12206694.unitigs.fa.gz,
ERR12206696,data/unitigs/ERR12206696.unitigs.fa.gz,
ERR12206697,data/unitigs/ERR12206697.unitigs.fa.gz,
ERR12206698,data/unitigs/ERR12206698.unitigs.fa.gz,
ERR12206699,data/unitigs/ERR12206699.unitigs.fa.gz,
ERR13896924,data/unitigs/ERR13896924.unitigs.fa.gz,
ERR13896964,data/unitigs/ERR13896964.unitigs.fa.gz,
ERR13897097,data/unitigs/ERR13897097.unitigs.fa.gz,
ERR13897122,data/unitigs/ERR13897122.unitigs.fa.gz,
ERR13897340,data/unitigs/ERR13897340.unitigs.fa.gz,
ERR13897345,data/unitigs/ERR13897345.unitigs.fa.gz,
ERR13897349,data/unitigs/ERR13897349.unitigs.fa.gz,
ERR13897352,data/unitigs/ERR13897352.unitigs.fa.gz,
ERR13897408,data/unitigs/ERR13897408.unitigs.fa.gz,
ERR13897435,data/unitigs/ERR13897435.unitigs.fa.gz,
ERR13897471,data/unitigs/ERR13897471.unitigs.fa.gz,
ERR13903112,data/unitigs/ERR13903112.unitigs.fa.gz,
ERR15696080,data/unitigs/ERR15696080.unitigs.fa.gz,
ERR1883403,data/unitigs/ERR1883403.unitigs.fa.gz,
ERR1883404,data/unitigs/ERR1883404.unitigs.fa.gz,
ERR1883405,data/unitigs/ERR1883405.unitigs.fa.gz,
ERR1883406,data/unitigs/ERR1883406.unitigs.fa.gz,
ERR1883407,data/unitigs/ERR1883407.unitigs.fa.gz,
ERR1883408,data/unitigs/ERR1883408.unitigs.fa.gz,
ERR1883409,data/unitigs/ERR1883409.unitigs.fa.gz,
ERR1883410,data/unitigs/ERR1883410.unitigs.fa.gz,
ERR1883411,data/unitigs/ERR1883411.unitigs.fa.gz,
ERR1883412,data/unitigs/ERR1883412.unitigs.fa.gz,
ERR1883413,data/unitigs/ERR1883413.unitigs.fa.gz,
ERR1883414,data/unitigs/ERR1883414.unitigs.fa.gz,
ERR1883415,data/unitigs/ERR1883415.unitigs.fa.gz,
ERR1883416,data/unitigs/ERR1883416.unitigs.fa.gz,
ERR1883417,data/unitigs/ERR1883417.unitigs.fa.gz,
ERR1883418,data/unitigs/ERR1883418.unitigs.fa.gz,
ERR1883419,data/unitigs/ERR1883419.unitigs.fa.gz,
ERR1883420,data/unitigs/ERR1883420.unitigs.fa.gz,
ERR1883421,data/unitigs/ERR1883421.unitigs.fa.gz,
ERR1883422,data/unitigs/ERR1883422.unitigs.fa.gz,
ERR1883423,data/unitigs/ERR1883423.unitigs.fa.gz,
ERR1883424,data/unitigs/ERR1883424.unitigs.fa.gz,
ERR1883425,data/unitigs/ERR1883425.unitigs.fa.gz,
ERR1883426,data/unitigs/ERR1883426.unitigs.fa.gz,
ERR1883427,data/unitigs/ERR1883427.unitigs.fa.gz,
ERR1883428,data/unitigs/ERR1883428.unitigs.fa.gz,
ERR1883429,data/unitigs/ERR1883429.unitigs.fa.gz,
ERR1883430,data/unitigs/ERR1883430.unitigs.fa.gz,
ERR1883431,data/unitigs/ERR1883431.unitigs.fa.gz,
ERR1883432,data/unitigs/ERR1883432.unitigs.fa.gz,
ERR1883433,data/unitigs/ERR1883433.unitigs.fa.gz,
ERR1883434,data/unitigs/ERR1883434.unitigs.fa.gz,
ERR1883435,data/unitigs/ERR1883435.unitigs.fa.gz,
ERR1883436,data/unitigs/ERR1883436.unitigs.fa.gz,
ERR1883437,data/unitigs/ERR1883437.unitigs.fa.gz,
ERR1883438,data/unitigs/ERR1883438.unitigs.fa.gz,
ERR1883439,data/unitigs/ERR1883439.unitigs.fa.gz,
ERR1883440,data/unitigs/ERR1883440.unitigs.fa.gz,
ERR1883441,data/unitigs/ERR1883441.unitigs.fa.gz,
ERR1883442,data/unitigs/ERR1883442.unitigs.fa.gz,
ERR1883443,data/unitigs/ERR1883443.unitigs.fa.gz,
ERR1883444,data/unitigs/ERR1883444.unitigs.fa.gz,
ERR1883445,data/unitigs/ERR1883445.unitigs.fa.gz,
ERR1883446,data/unitigs/ERR1883446.unitigs.fa.gz,
ERR1883447,data/unitigs/ERR1883447.unitigs.fa.gz,
ERR1883448,data/unitigs/ERR1883448.unitigs.fa.gz,
ERR1883449,data/unitigs/ERR1883449.unitigs.fa.gz,
ERR1883450,data/unitigs/ERR1883450.unitigs.fa.gz,
ERR1883451,data/unitigs/ERR1883451.unitigs.fa.gz,
ERR1883452,data/unitigs/ERR1883452.unitigs.fa.gz,
ERR1883453,data/unitigs/ERR1883453.unitigs.fa.gz,
ERR1883454,data/unitigs/ERR1883454.unitigs.fa.gz,
ERR1883455,data/unitigs/ERR1883455.unitigs.fa.gz,
ERR1883456,data/unitigs/ERR1883456.unitigs.fa.gz,
ERR1883457,data/unitigs/ERR1883457.unitigs.fa.gz,
ERR1883458,data/unitigs/ERR1883458.unitigs.fa.gz,
ERR1883459,data/unitigs/ERR1883459.unitigs.fa.gz,
ERR1883460,data/unitigs/ERR1883460.unitigs.fa.gz,
ERR1883461,data/unitigs/ERR1883461.unitigs.fa.gz,
ERR1883462,data/unitigs/ERR1883462.unitigs.fa.gz,
ERR1883463,data/unitigs/ERR1883463.unitigs.fa.gz,
ERR1883464,data/unitigs/ERR1883464.unitigs.fa.gz,
ERR1883465,data/unitigs/ERR1883465.unitigs.fa.gz,
ERR1883468,data/unitigs/ERR1883468.unitigs.fa.gz,
ERR1883469,data/unitigs/ERR1883469.unitigs.fa.gz,
ERR1883470,data/unitigs/ERR1883470.unitigs.fa.gz,
ERR1883471,data/unitigs/ERR1883471.unitigs.fa.gz,
ERR1883472,data/unitigs/ERR1883472.unitigs.fa.gz,
ERR1883473,data/unitigs/ERR1883473.unitigs.fa.gz,
ERR1883474,data/unitigs/ERR1883474.unitigs.fa.gz,
ERR1883475,data/unitigs/ERR1883475.unitigs.fa.gz,
ERR1883476,data/unitigs/ERR1883476.unitigs.fa.gz,
ERR1883477,data/unitigs/ERR1883477.unitigs.fa.gz,
ERR1883478,data/unitigs/ERR1883478.unitigs.fa.gz,
ERR1883479,data/unitigs/ERR1883479.unitigs.fa.gz,
ERR1883480,data/unitigs/ERR1883480.unitigs.fa.gz,
ERR1883481,data/unitigs/ERR1883481.unitigs.fa.gz,
ERR1883482,data/unitigs/ERR1883482.unitigs.fa.gz,
ERR1883483,data/unitigs/ERR1883483.unitigs.fa.gz,
ERR1883484,data/unitigs/ERR1883484.unitigs.fa.gz,
ERR1883485,data/unitigs/ERR1883485.unitigs.fa.gz,
ERR1883486,data/unitigs/ERR1883486.unitigs.fa.gz,
ERR1883487,data/unitigs/ERR1883487.unitigs.fa.gz,
ERR3003613,data/unitigs/ERR3003613.unitigs.fa.gz,
ERR3003614,data/unitigs/ERR3003614.unitigs.fa.gz,
ERR3003615,data/unitigs/ERR3003615.unitigs.fa.gz,
ERR3003616,data/unitigs/ERR3003616.unitigs.fa.gz,
ERR3003617,data/unitigs/ERR3003617.unitigs.fa.gz,
ERR3003618,data/unitigs/ERR3003618.unitigs.fa.gz,
ERR3003619,data/unitigs/ERR3003619.unitigs.fa.gz,
ERR3003620,data/unitigs/ERR3003620.unitigs.fa.gz,
ERR3003622,data/unitigs/ERR3003622.unitigs.fa.gz,
ERR3003623,data/unitigs/ERR3003623.unitigs.fa.gz,
ERR3003624,data/unitigs/ERR3003624.unitigs.fa.gz,
ERR3003625,data/unitigs/ERR3003625.unitigs.fa.gz,
ERR3003626,data/unitigs/ERR3003626.unitigs.fa.gz,
ERR3003628,data/unitigs/ERR3003628.unitigs.fa.gz,
ERR3003629,data/unitigs/ERR3003629.unitigs.fa.gz,
ERR3003630,data/unitigs/ERR3003630.unitigs.fa.gz,
ERR3003633,data/unitigs/ERR3003633.unitigs.fa.gz,
ERR3003634,data/unitigs/ERR3003634.unitigs.fa.gz,
ERR3003636,data/unitigs/ERR3003636.unitigs.fa.gz,
ERR3003641,data/unitigs/ERR3003641.unitigs.fa.gz,
ERR3003643,data/unitigs/ERR3003643.unitigs.fa.gz,
ERR3003645,data/unitigs/ERR3003645.unitigs.fa.gz,
ERR3003648,data/unitigs/ERR3003648.unitigs.fa.gz,
ERR3003649,data/unitigs/ERR3003649.unitigs.fa.gz,
ERR3003650,data/unitigs/ERR3003650.unitigs.fa.gz,
ERR3003651,data/unitigs/ERR3003651.unitigs.fa.gz,
ERR3003653,data/unitigs/ERR3003653.unitigs.fa.gz,
ERR3003654,data/unitigs/ERR3003654.unitigs.fa.gz,
ERR3003655,data/unitigs/ERR3003655.unitigs.fa.gz,
ERR3003656,data/unitigs/ERR3003656.unitigs.fa.gz,
ERR3250144,data/unitigs/ERR3250144.unitigs.fa.gz,
ERR3250145,data/unitigs/ERR3250145.unitigs.fa.gz,
ERR3250146,data/unitigs/ERR3250146.unitigs.fa.gz,
ERR3250147,data/unitigs/ERR3250147.unitigs.fa.gz,
ERR3250148,data/unitigs/ERR3250148.unitigs.fa.gz,
ERR3250149,data/unitigs/ERR3250149.unitigs.fa.gz,
ERR3250150,data/unitigs/ERR3250150.unitigs.fa.gz,
ERR3250151,data/unitigs/ERR3250151.unitigs.fa.gz,
ERR3250152,data/unitigs/ERR3250152.unitigs.fa.gz,
ERR3589317,data/unitigs/ERR3589317.unitigs.fa.gz,
ERR3589318,data/unitigs/ERR3589318.unitigs.fa.gz,
ERR3589319,data/unitigs/ERR3589319.unitigs.fa.gz,
ERR3589320,data/unitigs/ERR3589320.unitigs.fa.gz,
ERR3589321,data/unitigs/ERR3589321.unitigs.fa.gz,
ERR3589322,data/unitigs/ERR3589322.unitigs.fa.gz,
ERR3589323,data/unitigs/ERR3589323.unitigs.fa.gz,
ERR3589324,data/unitigs/ERR3589324.unitigs.fa.gz,
ERR3589325,data/unitigs/ERR3589325.unitigs.fa.gz,
ERR3589326,data/unitigs/ERR3589326.unitigs.fa.gz,
ERR3589327,data/unitigs/ERR3589327.unitigs.fa.gz,
ERR3589328,data/unitigs/ERR3589328.unitigs.fa.gz,
ERR3589329,data/unitigs/ERR3589329.unitigs.fa.gz,
ERR3589330,data/unitigs/ERR3589330.unitigs.fa.gz,
ERR3589331,data/unitigs/ERR3589331.unitigs.fa.gz,
ERR3589332,data/unitigs/ERR3589332.unitigs.fa.gz,
ERR3589333,data/unitigs/ERR3589333.unitigs.fa.gz,
ERR3589334,data/unitigs/ERR3589334.unitigs.fa.gz,
ERR3589335,data/unitigs/ERR3589335.unitigs.fa.gz,
ERR3589336,data/unitigs/ERR3589336.unitigs.fa.gz,
ERR3589337,data/unitigs/ERR3589337.unitigs.fa.gz,
ERR3589338,data/unitigs/ERR3589338.unitigs.fa.gz,
ERR3589339,data/unitigs/ERR3589339.unitigs.fa.gz,
ERR3589340,data/unitigs/ERR3589340.unitigs.fa.gz,
ERR3589341,data/unitigs/ERR3589341.unitigs.fa.gz,
ERR3589342,data/unitigs/ERR3589342.unitigs.fa.gz,
ERR3589343,data/unitigs/ERR3589343.unitigs.fa.gz,
ERR3589344,data/unitigs/ERR3589344.unitigs.fa.gz,
ERR3589345,data/unitigs/ERR3589345.unitigs.fa.gz,
ERR3589346,data/unitigs/ERR3589346.unitigs.fa.gz,
ERR3589347,data/unitigs/ERR3589347.unitigs.fa.gz,
ERR3589348,data/unitigs/ERR3589348.unitigs.fa.gz,
ERR3589349,data/unitigs/ERR3589349.unitigs.fa.gz,
ERR3589350,data/unitigs/ERR3589350.unitigs.fa.gz,
ERR3589351,data/unitigs/ERR3589351.unitigs.fa.gz,
ERR3589352,data/unitigs/ERR3589352.unitigs.fa.gz,
ERR3589353,data/unitigs/ERR3589353.unitigs.fa.gz,
ERR3589354,data/unitigs/ERR3589354.unitigs.fa.gz,
ERR3589355,data/unitigs/ERR3589355.unitigs.fa.gz,
ERR3589356,data/unitigs/ERR3589356.unitigs.fa.gz,
ERR3589357,data/unitigs/ERR3589357.unitigs.fa.gz,
ERR3589358,data/unitigs/ERR3589358.unitigs.fa.gz,
ERR3589359,data/unitigs/ERR3589359.unitigs.fa.gz,
ERR3589360,data/unitigs/ERR3589360.unitigs.fa.gz,
ERR3589361,data/unitigs/ERR3589361.unitigs.fa.gz,
ERR3589362,data/unitigs/ERR3589362.unitigs.fa.gz,
ERR3596301,data/unitigs/ERR3596301.unitigs.fa.gz,
ERR3597209,data/unitigs/ERR3597209.unitigs.fa.gz,
ERR3597210,data/unitigs/ERR3597210.unitigs.fa.gz,
ERR3597211,data/unitigs/ERR3597211.unitigs.fa.gz,
ERR3597212,data/unitigs/ERR3597212.unitigs.fa.gz,
ERR3597214,data/unitigs/ERR3597214.unitigs.fa.gz,
ERR3597215,data/unitigs/ERR3597215.unitigs.fa.gz,
ERR3597285,data/unitigs/ERR3597285.unitigs.fa.gz,
ERR3597286,data/unitigs/ERR3597286.unitigs.fa.gz,
ERR3597287,data/unitigs/ERR3597287.unitigs.fa.gz,
ERR3597288,data/unitigs/ERR3597288.unitigs.fa.gz,
ERR3597289,data/unitigs/ERR3597289.unitigs.fa.gz,
ERR3597290,data/unitigs/ERR3597290.unitigs.fa.gz,
ERR3597291,data/unitigs/ERR3597291.unitigs.fa.gz,
ERR3597292,data/unitigs/ERR3597292.unitigs.fa.gz,
ERR3597293,data/unitigs/ERR3597293.unitigs.fa.gz,
ERR3597294,data/unitigs/ERR3597294.unitigs.fa.gz,
ERR3597295,data/unitigs/ERR3597295.unitigs.fa.gz,
ERR3597296,data/unitigs/ERR3597296.unitigs.fa.gz,
ERR3597297,data/unitigs/ERR3597297.unitigs.fa.gz,
ERR3597390,data/unitigs/ERR3597390.unitigs.fa.gz,
ERR3597471,data/unitigs/ERR3597471.unitigs.fa.gz,
ERR3597477,data/unitigs/ERR3597477.unitigs.fa.gz,
ERR3597478,data/unitigs/ERR3597478.unitigs.fa.gz,
ERR3597479,data/unitigs/ERR3597479.unitigs.fa.gz,
ERR3597481,data/unitigs/ERR3597481.unitigs.fa.gz,
ERR3598121,data/unitigs/ERR3598121.unitigs.fa.gz,
ERR3598122,data/unitigs/ERR3598122.unitigs.fa.gz,
ERR3598356,data/unitigs/ERR3598356.unitigs.fa.gz,
ERR3598600,data/unitigs/ERR3598600.unitigs.fa.gz,
ERR3598673,data/unitigs/ERR3598673.unitigs.fa.gz,
ERR3600831,data/unitigs/ERR3600831.unitigs.fa.gz,
ERR3600991,data/unitigs/ERR3600991.unitigs.fa.gz,
ERR3600992,data/unitigs/ERR3600992.unitigs.fa.gz,
ERR3601422,data/unitigs/ERR3601422.unitigs.fa.gz,
ERR3601441,data/unitigs/ERR3601441.unitigs.fa.gz,
ERR3601480,data/unitigs/ERR3601480.unitigs.fa.gz,
ERR3602087,data/unitigs/ERR3602087.unitigs.fa.gz,
ERR4670283,data/unitigs/ERR4670283.unitigs.fa.gz,
ERR4670285,data/unitigs/ERR4670285.unitigs.fa.gz,
ERR4670286,data/unitigs/ERR4670286.unitigs.fa.gz,
ERR4670287,data/unitigs/ERR4670287.unitigs.fa.gz,
ERR4670288,data/unitigs/ERR4670288.unitigs.fa.gz,
ERR4670289,data/unitigs/ERR4670289.unitigs.fa.gz,
ERR4863205,data/unitigs/ERR4863205.unitigs.fa.gz,
ERR4863206,data/unitigs/ERR4863206.unitigs.fa.gz,
ERR4863207,data/unitigs/ERR4863207.unitigs.fa.gz,
ERR4863208,data/unitigs/ERR4863208.unitigs.fa.gz,
ERR4863209,data/unitigs/ERR4863209.unitigs.fa.gz,
ERR4863210,data/unitigs/ERR4863210.unitigs.fa.gz,
ERR4863211,data/unitigs/ERR4863211.unitigs.fa.gz,
ERR4863212,data/unitigs/ERR4863212.unitigs.fa.gz,
ERR4863213,data/unitigs/ERR4863213.unitigs.fa.gz,
ERR4863214,data/unitigs/ERR4863214.unitigs.fa.gz,
ERR4863215,data/unitigs/ERR4863215.unitigs.fa.gz,
ERR4863216,data/unitigs/ERR4863216.unitigs.fa.gz,
ERR4863217,data/unitigs/ERR4863217.unitigs.fa.gz,
ERR4863218,data/unitigs/ERR4863218.unitigs.fa.gz,
ERR4863219,data/unitigs/ERR4863219.unitigs.fa.gz,
ERR4863220,data/unitigs/ERR4863220.unitigs.fa.gz,
ERR4863221,data/unitigs/ERR4863221.unitigs.fa.gz,
ERR4863222,data/unitigs/ERR4863222.unitigs.fa.gz,
ERR4863223,data/unitigs/ERR4863223.unitigs.fa.gz,
ERR4863224,data/unitigs/ERR4863224.unitigs.fa.gz,
ERR4863225,data/unitigs/ERR4863225.unitigs.fa.gz,
ERR4863226,data/unitigs/ERR4863226.unitigs.fa.gz,
ERR4863227,data/unitigs/ERR4863227.unitigs.fa.gz,
ERR4863228,data/unitigs/ERR4863228.unitigs.fa.gz,
ERR4863229,data/unitigs/ERR4863229.unitigs.fa.gz,
ERR4863230,data/unitigs/ERR4863230.unitigs.fa.gz,
ERR4863231,data/unitigs/ERR4863231.unitigs.fa.gz,
ERR4863232,data/unitigs/ERR4863232.unitigs.fa.gz,
ERR4863233,data/unitigs/ERR4863233.unitigs.fa.gz,
ERR4863234,data/unitigs/ERR4863234.unitigs.fa.gz,
ERR4863235,data/unitigs/ERR4863235.unitigs.fa.gz,
ERR4863236,data/unitigs/ERR4863236.unitigs.fa.gz,
ERR4863237,data/unitigs/ERR4863237.unitigs.fa.gz,
ERR4863238,data/unitigs/ERR4863238.unitigs.fa.gz,
ERR4863239,data/unitigs/ERR4863239.unitigs.fa.gz,
ERR4863240,data/unitigs/ERR4863240.unitigs.fa.gz,
ERR4863241,data/unitigs/ERR4863241.unitigs.fa.gz,
ERR4863242,data/unitigs/ERR4863242.unitigs.fa.gz,
ERR4863243,data/unitigs/ERR4863243.unitigs.fa.gz,
ERR4863244,data/unitigs/ERR4863244.unitigs.fa.gz,
ERR4863245,data/unitigs/ERR4863245.unitigs.fa.gz,
ERR4863246,data/unitigs/ERR4863246.unitigs.fa.gz,
ERR4863247,data/unitigs/ERR4863247.unitigs.fa.gz,
ERR4863248,data/unitigs/ERR4863248.unitigs.fa.gz,
ERR4863249,data/unitigs/ERR4863249.unitigs.fa.gz,
ERR4863250,data/unitigs/ERR4863250.unitigs.fa.gz,
ERR4863251,data/unitigs/ERR4863251.unitigs.fa.gz,
ERR4863252,data/unitigs/ERR4863252.unitigs.fa.gz,
ERR4863253,data/unitigs/ERR4863253.unitigs.fa.gz,
ERR4863254,data/unitigs/ERR4863254.unitigs.fa.gz,
ERR4863255,data/unitigs/ERR4863255.unitigs.fa.gz,
ERR4863256,data/unitigs/ERR4863256.unitigs.fa.gz,
ERR4863257,data/unitigs/ERR4863257.unitigs.fa.gz,
ERR4863258,data/unitigs/ERR4863258.unitigs.fa.gz,
ERR4863259,data/unitigs/ERR4863259.unitigs.fa.gz,
ERR4863260,data/unitigs/ERR4863260.unitigs.fa.gz,
ERR4863261,data/unitigs/ERR4863261.unitigs.fa.gz,
ERR4863262,data/unitigs/ERR4863262.unitigs.fa.gz,
ERR4863263,data/unitigs/ERR4863263.unitigs.fa.gz,
ERR4863264,data/unitigs/ERR4863264.unitigs.fa.gz,
ERR4863265,data/unitigs/ERR4863265.unitigs.fa.gz,
ERR4863266,data/unitigs/ERR4863266.unitigs.fa.gz,
ERR4863267,data/unitigs/ERR4863267.unitigs.fa.gz,
ERR4863268,data/unitigs/ERR4863268.unitigs.fa.gz,
ERR4863269,data/unitigs/ERR4863269.unitigs.fa.gz,
ERR4863270,data/unitigs/ERR4863270.unitigs.fa.gz,
ERR4863271,data/unitigs/ERR4863271.unitigs.fa.gz,
ERR4863272,data/unitigs/ERR4863272.unitigs.fa.gz,
ERR4863273,data/unitigs/ERR4863273.unitigs.fa.gz,
ERR4863274,data/unitigs/ERR4863274.unitigs.fa.gz,
ERR4863275,data/unitigs/ERR4863275.unitigs.fa.gz,
ERR4863276,data/unitigs/ERR4863276.unitigs.fa.gz,
ERR4863277,data/unitigs/ERR4863277.unitigs.fa.gz,
ERR4863278,data/unitigs/ERR4863278.unitigs.fa.gz,
ERR4863279,data/unitigs/ERR4863279.unitigs.fa.gz,
ERR4863280,data/unitigs/ERR4863280.unitigs.fa.gz,
ERR4863281,data/unitigs/ERR4863281.unitigs.fa.gz,
ERR4863282,data/unitigs/ERR4863282.unitigs.fa.gz,
ERR4863283,data/unitigs/ERR4863283.unitigs.fa.gz,
ERR4863284,data/unitigs/ERR4863284.unitigs.fa.gz,
ERR4863285,data/unitigs/ERR4863285.unitigs.fa.gz,
ERR4863286,data/unitigs/ERR4863286.unitigs.fa.gz,
ERR4863287,data/unitigs/ERR4863287.unitigs.fa.gz,
ERR4863288,data/unitigs/ERR4863288.unitigs.fa.gz,
ERR4863289,data/unitigs/ERR4863289.unitigs.fa.gz,
ERR4863290,data/unitigs/ERR4863290.unitigs.fa.gz,
ERR4863291,data/unitigs/ERR4863291.unitigs.fa.gz,
ERR4863292,data/unitigs/ERR4863292.unitigs.fa.gz,
ERR4863293,data/unitigs/ERR4863293.unitigs.fa.gz,
ERR4863294,data/unitigs/ERR4863294.unitigs.fa.gz,
ERR4863295,data/unitigs/ERR4863295.unitigs.fa.gz,
ERR4863296,data/unitigs/ERR4863296.unitigs.fa.gz,
ERR4863297,data/unitigs/ERR4863297.unitigs.fa.gz,
ERR4863298,data/unitigs/ERR4863298.unitigs.fa.gz,
ERR4863299,data/unitigs/ERR4863299.unitigs.fa.gz,
ERR4863300,data/unitigs/ERR4863300.unitigs.fa.gz,
ERR4863301,data/unitigs/ERR4863301.unitigs.fa.gz,
ERR4863302,data/unitigs/ERR4863302.unitigs.fa.gz,
ERR4863303,data/unitigs/ERR4863303.unitigs.fa.gz,
ERR4863304,data/unitigs/ERR4863304.unitigs.fa.gz,
ERR4863305,data/unitigs/ERR4863305.unitigs.fa.gz,
ERR4863306,data/unitigs/ERR4863306.unitigs.fa.gz,
ERR4863307,data/unitigs/ERR4863307.unitigs.fa.gz,
ERR4863308,data/unitigs/ERR4863308.unitigs.fa.gz,
ERR4863309,data/unitigs/ERR4863309.unitigs.fa.gz,
ERR4863310,data/unitigs/ERR4863310.unitigs.fa.gz,
ERR4863311,data/unitigs/ERR4863311.unitigs.fa.gz,
ERR4863312,data/unitigs/ERR4863312.unitigs.fa.gz,
ERR4863313,data/unitigs/ERR4863313.unitigs.fa.gz,
ERR4863314,data/unitigs/ERR4863314.unitigs.fa.gz,
ERR4863315,data/unitigs/ERR4863315.unitigs.fa.gz,
ERR4863316,data/unitigs/ERR4863316.unitigs.fa.gz,
ERR4863317,data/unitigs/ERR4863317.unitigs.fa.gz,
ERR4863318,data/unitigs/ERR4863318.unitigs.fa.gz,
ERR4863319,data/unitigs/ERR4863319.unitigs.fa.gz,
ERR4863320,data/unitigs/ERR4863320.unitigs.fa.gz,
ERR4863321,data/unitigs/ERR4863321.unitigs.fa.gz,
ERR4863322,data/unitigs/ERR4863322.unitigs.fa.gz,
ERR4863323,data/unitigs/ERR4863323.unitigs.fa.gz,
ERR4903906,data/unitigs/ERR4903906.unitigs.fa.gz,
ERR4903907,data/unitigs/ERR4903907.unitigs.fa.gz,
ERR4903908,data/unitigs/ERR4903908.unitigs.fa.gz,
ERR4903909,data/unitigs/ERR4903909.unitigs.fa.gz,
ERR4903910,data/unitigs/ERR4903910.unitigs.fa.gz,
ERR4903911,data/unitigs/ERR4903911.unitigs.fa.gz,
ERR4903912,data/unitigs/ERR4903912.unitigs.fa.gz,
ERR4903913,data/unitigs/ERR4903913.unitigs.fa.gz,
ERR4903914,data/unitigs/ERR4903914.unitigs.fa.gz,
ERR4903915,data/unitigs/ERR4903915.unitigs.fa.gz,
ERR4903916,data/unitigs/ERR4903916.unitigs.fa.gz,
ERR4903917,data/unitigs/ERR4903917.unitigs.fa.gz,
ERR4903918,data/unitigs/ERR4903918.unitigs.fa.gz,
ERR4903919,data/unitigs/ERR4903919.unitigs.fa.gz,
ERR5295738,data/unitigs/ERR5295738.unitigs.fa.gz,
ERR5295739,data/unitigs/ERR5295739.unitigs.fa.gz,
ERR5295740,data/unitigs/ERR5295740.unitigs.fa.gz,
ERR5295741,data/unitigs/ERR5295741.unitigs.fa.gz,
ERR5295742,data/unitigs/ERR5295742.unitigs.fa.gz,
ERR5295743,data/unitigs/ERR5295743.unitigs.fa.gz,
ERR5295744,data/unitigs/ERR5295744.unitigs.fa.gz,
ERR5295745,data/unitigs/ERR5295745.unitigs.fa.gz,
ERR5295746,data/unitigs/ERR5295746.unitigs.fa.gz,
ERR5295747,data/unitigs/ERR5295747.unitigs.fa.gz,
ERR5295748,data/unitigs/ERR5295748.unitigs.fa.gz,
ERR5295749,data/unitigs/ERR5295749.unitigs.fa.gz,
ERR5295750,data/unitigs/ERR5295750.unitigs.fa.gz,
ERR5295751,data/unitigs/ERR5295751.unitigs.fa.gz,
ERR5295752,data/unitigs/ERR5295752.unitigs.fa.gz,
ERR5295753,data/unitigs/ERR5295753.unitigs.fa.gz,
ERR5295754,data/unitigs/ERR5295754.unitigs.fa.gz,
ERR5295755,data/unitigs/ERR5295755.unitigs.fa.gz,
ERR5295756,data/unitigs/ERR5295756.unitigs.fa.gz,
ERR5295757,data/unitigs/ERR5295757.unitigs.fa.gz,
ERR5295758,data/unitigs/ERR5295758.unitigs.fa.gz,
ERR5295759,data/unitigs/ERR5295759.unitigs.fa.gz,
ERR5295760,data/unitigs/ERR5295760.unitigs.fa.gz,
ERR5295761,data/unitigs/ERR5295761.unitigs.fa.gz,
ERR5295762,data/unitigs/ERR5295762.unitigs.fa.gz,
ERR5295763,data/unitigs/ERR5295763.unitigs.fa.gz,
ERR5295764,data/unitigs/ERR5295764.unitigs.fa.gz,
ERR5295765,data/unitigs/ERR5295765.unitigs.fa.gz,
ERR5295766,data/unitigs/ERR5295766.unitigs.fa.gz,
ERR5295767,data/unitigs/ERR5295767.unitigs.fa.gz,
ERR5295768,data/unitigs/ERR5295768.unitigs.fa.gz,
ERR5295769,data/unitigs/ERR5295769.unitigs.fa.gz,
ERR5295770,data/unitigs/ERR5295770.unitigs.fa.gz,
ERR5295771,data/unitigs/ERR5295771.unitigs.fa.gz,
ERR5295772,data/unitigs/ERR5295772.unitigs.fa.gz,
ERR5295773,data/unitigs/ERR5295773.unitigs.fa.gz,
ERR5295774,data/unitigs/ERR5295774.unitigs.fa.gz,
ERR5295775,data/unitigs/ERR5295775.unitigs.fa.gz,
ERR5295776,data/unitigs/ERR5295776.unitigs.fa.gz,
ERR5295777,data/unitigs/ERR5295777.unitigs.fa.gz,
ERR5295778,data/unitigs/ERR5295778.unitigs.fa.gz,
ERR5295779,data/unitigs/ERR5295779.unitigs.fa.gz,
ERR5295780,data/unitigs/ERR5295780.unitigs.fa.gz,
ERR5295781,data/unitigs/ERR5295781.unitigs.fa.gz,
ERR5295782,data/unitigs/ERR5295782.unitigs.fa.gz,
ERR5295783,data/unitigs/ERR5295783.unitigs.fa.gz,
ERR5295784,data/unitigs/ERR5295784.unitigs.fa.gz,
ERR5295785,data/unitigs/ERR5295785.unitigs.fa.gz,
ERR5295786,data/unitigs/ERR5295786.unitigs.fa.gz,
ERR5295787,data/unitigs/ERR5295787.unitigs.fa.gz,
ERR5295788,data/unitigs/ERR5295788.unitigs.fa.gz,
ERR5295789,data/unitigs/ERR5295789.unitigs.fa.gz,
ERR5295790,data/unitigs/ERR5295790.unitigs.fa.gz,
ERR5295791,data/unitigs/ERR5295791.unitigs.fa.gz,
ERR5295792,data/unitigs/ERR5295792.unitigs.fa.gz,
ERR5295793,data/unitigs/ERR5295793.unitigs.fa.gz,
ERR5295794,data/unitigs/ERR5295794.unitigs.fa.gz,
ERR5295795,data/unitigs/ERR5295795.unitigs.fa.gz,
ERR5295796,data/unitigs/ERR5295796.unitigs.fa.gz,
ERR5295797,data/unitigs/ERR5295797.unitigs.fa.gz,
ERR5295798,data/unitigs/ERR5295798.unitigs.fa.gz,
ERR5295799,data/unitigs/ERR5295799.unitigs.fa.gz,
ERR5295800,data/unitigs/ERR5295800.unitigs.fa.gz,
ERR5295801,data/unitigs/ERR5295801.unitigs.fa.gz,
ERR5295802,data/unitigs/ERR5295802.unitigs.fa.gz,
ERR5295803,data/unitigs/ERR5295803.unitigs.fa.gz,
ERR5295804,data/unitigs/ERR5295804.unitigs.fa.gz,
ERR5295805,data/unitigs/ERR5295805.unitigs.fa.gz,
ERR5295806,data/unitigs/ERR5295806.unitigs.fa.gz,
ERR5295807,data/unitigs/ERR5295807.unitigs.fa.gz,
ERR5295808,data/unitigs/ERR5295808.unitigs.fa.gz,
ERR5295809,data/unitigs/ERR5295809.unitigs.fa.gz,
ERR5295810,data/unitigs/ERR5295810.unitigs.fa.gz,
ERR5295811,data/unitigs/ERR5295811.unitigs.fa.gz,
ERR5295812,data/unitigs/ERR5295812.unitigs.fa.gz,
ERR5295813,data/unitigs/ERR5295813.unitigs.fa.gz,
ERR5295814,data/unitigs/ERR5295814.unitigs.fa.gz,
ERR5295815,data/unitigs/ERR5295815.unitigs.fa.gz,
ERR5295816,data/unitigs/ERR5295816.unitigs.fa.gz,
ERR5295817,data/unitigs/ERR5295817.unitigs.fa.gz,
ERR5295818,data/unitigs/ERR5295818.unitigs.fa.gz,
ERR5295819,data/unitigs/ERR5295819.unitigs.fa.gz,
ERR5295820,data/unitigs/ERR5295820.unitigs.fa.gz,
ERR5295821,data/unitigs/ERR5295821.unitigs.fa.gz,
ERR5295822,data/unitigs/ERR5295822.unitigs.fa.gz,
ERR5295823,data/unitigs/ERR5295823.unitigs.fa.gz,
ERR5295824,data/unitigs/ERR5295824.unitigs.fa.gz,
ERR5295825,data/unitigs/ERR5295825.unitigs.fa.gz,
ERR5295826,data/unitigs/ERR5295826.unitigs.fa.gz,
ERR5295827,data/unitigs/ERR5295827.unitigs.fa.gz,
ERR5295828,data/unitigs/ERR5295828.unitigs.fa.gz,
ERR5295829,data/unitigs/ERR5295829.unitigs.fa.gz,
ERR5295830,data/unitigs/ERR5295830.unitigs.fa.gz,
ERR5295831,data/unitigs/ERR5295831.unitigs.fa.gz,
ERR5295832,data/unitigs/ERR5295832.unitigs.fa.gz,
ERR5295833,data/unitigs/ERR5295833.unitigs.fa.gz,
ERR5295834,data/unitigs/ERR5295834.unitigs.fa.gz,
ERR5295835,data/unitigs/ERR5295835.unitigs.fa.gz,
ERR5295836,data/unitigs/ERR5295836.unitigs.fa.gz,
ERR5295837,data/unitigs/ERR5295837.unitigs.fa.gz,
ERR5295838,data/unitigs/ERR5295838.unitigs.fa.gz,
ERR5295839,data/unitigs/ERR5295839.unitigs.fa.gz,
ERR5295840,data/unitigs/ERR5295840.unitigs.fa.gz,
ERR5295841,data/unitigs/ERR5295841.unitigs.fa.gz,
ERR5295842,data/unitigs/ERR5295842.unitigs.fa.gz,
ERR5295843,data/unitigs/ERR5295843.unitigs.fa.gz,
ERR5295844,data/unitigs/ERR5295844.unitigs.fa.gz,
ERR5295845,data/unitigs/ERR5295845.unitigs.fa.gz,
ERR5295846,data/unitigs/ERR5295846.unitigs.fa.gz,
ERR5295847,data/unitigs/ERR5295847.unitigs.fa.gz,
ERR5295848,data/unitigs/ERR5295848.unitigs.fa.gz,
ERR5295849,data/unitigs/ERR5295849.unitigs.fa.gz,
ERR5295850,data/unitigs/ERR5295850.unitigs.fa.gz,
ERR5295851,data/unitigs/ERR5295851.unitigs.fa.gz,
ERR5295852,data/unitigs/ERR5295852.unitigs.fa.gz,
ERR5295853,data/unitigs/ERR5295853.unitigs.fa.gz,
ERR5295854,data/unitigs/ERR5295854.unitigs.fa.gz,
ERR5295855,data/unitigs/ERR5295855.unitigs.fa.gz,
ERR5295856,data/unitigs/ERR5295856.unitigs.fa.gz,
ERR6024164,data/unitigs/ERR6024164.unitigs.fa.gz,
ERR6221489,data/unitigs/ERR6221489.unitigs.fa.gz,
ERR6857195,data/unitigs/ERR6857195.unitigs.fa.gz,
ERR6862847,data/unitigs/ERR6862847.unitigs.fa.gz,
ERR6862848,data/unitigs/ERR6862848.unitigs.fa.gz,
ERR6862849,data/unitigs/ERR6862849.unitigs.fa.gz,
ERR6862850,data/unitigs/ERR6862850.unitigs.fa.gz,
ERR6862851,data/unitigs/ERR6862851.unitigs.fa.gz,
ERR6862852,data/unitigs/ERR6862852.unitigs.fa.gz,
ERR6862853,data/unitigs/ERR6862853.unitigs.fa.gz,
ERR6862854,data/unitigs/ERR6862854.unitigs.fa.gz,
ERR8202902,data/unitigs/ERR8202902.unitigs.fa.gz,
ERR8202903,data/unitigs/ERR8202903.unitigs.fa.gz,
ERR8202905,data/unitigs/ERR8202905.unitigs.fa.gz,
ERR8202906,data/unitigs/ERR8202906.unitigs.fa.gz,
ERR8202907,data/unitigs/ERR8202907.unitigs.fa.gz,
ERR8202908,data/unitigs/ERR8202908.unitigs.fa.gz,
ERR8202909,data/unitigs/ERR8202909.unitigs.fa.gz,
SRR11176627,data/unitigs/SRR11176627.unitigs.fa.gz,
SRR11176628,data/unitigs/SRR11176628.unitigs.fa.gz,
SRR11176629,data/unitigs/SRR11176629.unitigs.fa.gz,
SRR11176630,data/unitigs/SRR11176630.unitigs.fa.gz,
SRR11176631,data/unitigs/SRR11176631.unitigs.fa.gz,
SRR11176632,data/unitigs/SRR11176632.unitigs.fa.gz,
SRR11176633,data/unitigs/SRR11176633.unitigs.fa.gz,
SRR11176634,data/unitigs/SRR11176634.unitigs.fa.gz,
SRR11176635,data/unitigs/SRR11176635.unitigs.fa.gz,
SRR11176636,data/unitigs/SRR11176636.unitigs.fa.gz,
SRR11176638,data/unitigs/SRR11176638.unitigs.fa.gz,
SRR11176639,data/unitigs/SRR11176639.unitigs.fa.gz,
SRR11176640,data/unitigs/SRR11176640.unitigs.fa.gz,
SRR11176641,data/unitigs/SRR11176641.unitigs.fa.gz,
SRR11176642,data/unitigs/SRR11176642.unitigs.fa.gz,
SRR12281656,data/unitigs/SRR12281656.unitigs.fa.gz,
SRR12281657,data/unitigs/SRR12281657.unitigs.fa.gz,
SRR12281658,data/unitigs/SRR12281658.unitigs.fa.gz,
SRR12281659,data/unitigs/SRR12281659.unitigs.fa.gz,
SRR12281660,data/unitigs/SRR12281660.unitigs.fa.gz,
SRR12281661,data/unitigs/SRR12281661.unitigs.fa.gz,
SRR12281662,data/unitigs/SRR12281662.unitigs.fa.gz,
SRR12281663,data/unitigs/SRR12281663.unitigs.fa.gz,
SRR12455956,data/unitigs/SRR12455956.unitigs.fa.gz,
SRR12455957,data/unitigs/SRR12455957.unitigs.fa.gz,
SRR12455958,data/unitigs/SRR12455958.unitigs.fa.gz,
SRR12455959,data/unitigs/SRR12455959.unitigs.fa.gz,
SRR12455960,data/unitigs/SRR12455960.unitigs.fa.gz,
SRR12455961,data/unitigs/SRR12455961.unitigs.fa.gz,
SRR12455963,data/unitigs/SRR12455963.unitigs.fa.gz,
SRR12455974,data/unitigs/SRR12455974.unitigs.fa.gz,
SRR12455975,data/unitigs/SRR12455975.unitigs.fa.gz,
SRR12557006,data/unitigs/SRR12557006.unitigs.fa.gz,
SRR12557007,data/unitigs/SRR12557007.unitigs.fa.gz,
SRR12557008,data/unitigs/SRR12557008.unitigs.fa.gz,
SRR13106729,data/unitigs/SRR13106729.unitigs.fa.gz,
SRR13106730,data/unitigs/SRR13106730.unitigs.fa.gz,
SRR13106731,data/unitigs/SRR13106731.unitigs.fa.gz,
SRR13106732,data/unitigs/SRR13106732.unitigs.fa.gz,
SRR13106733,data/unitigs/SRR13106733.unitigs.fa.gz,
SRR13106734,data/unitigs/SRR13106734.unitigs.fa.gz,
SRR13106735,data/unitigs/SRR13106735.unitigs.fa.gz,
SRR13106736,data/unitigs/SRR13106736.unitigs.fa.gz,
SRR13106737,data/unitigs/SRR13106737.unitigs.fa.gz,
SRR13106738,data/unitigs/SRR13106738.unitigs.fa.gz,
SRR13106739,data/unitigs/SRR13106739.unitigs.fa.gz,
SRR13106740,data/unitigs/SRR13106740.unitigs.fa.gz,
SRR13263116,data/unitigs/SRR13263116.unitigs.fa.gz,
SRR13263117,data/unitigs/SRR13263117.unitigs.fa.gz,
SRR13263118,data/unitigs/SRR13263118.unitigs.fa.gz,
SRR13263119,data/unitigs/SRR13263119.unitigs.fa.gz,
SRR13263120,data/unitigs/SRR13263120.unitigs.fa.gz,
SRR13263122,data/unitigs/SRR13263122.unitigs.fa.gz,
SRR13263123,data/unitigs/SRR13263123.unitigs.fa.gz,
SRR13263124,data/unitigs/SRR13263124.unitigs.fa.gz,
SRR13263126,data/unitigs/SRR13263126.unitigs.fa.gz,
SRR13263127,data/unitigs/SRR13263127.unitigs.fa.gz,
SRR13263128,data/unitigs/SRR13263128.unitigs.fa.gz,
SRR13263130,data/unitigs/SRR13263130.unitigs.fa.gz,
SRR13263131,data/unitigs/SRR13263131.unitigs.fa.gz,
SRR13263132,data/unitigs/SRR13263132.unitigs.fa.gz,
SRR13263133,data/unitigs/SRR13263133.unitigs.fa.gz,
SRR13263134,data/unitigs/SRR13263134.unitigs.fa.gz,
SRR13263135,data/unitigs/SRR13263135.unitigs.fa.gz,
SRR13263136,data/unitigs/SRR13263136.unitigs.fa.gz,
SRR13263137,data/unitigs/SRR13263137.unitigs.fa.gz,
SRR13263138,data/unitigs/SRR13263138.unitigs.fa.gz,
SRR13769009,data/unitigs/SRR13769009.unitigs.fa.gz,
SRR13769010,data/unitigs/SRR13769010.unitigs.fa.gz,
SRR13769011,data/unitigs/SRR13769011.unitigs.fa.gz,
SRR13769012,data/unitigs/SRR13769012.unitigs.fa.gz,
SRR14894173,data/unitigs/SRR14894173.unitigs.fa.gz,
SRR14894174,data/unitigs/SRR14894174.unitigs.fa.gz,
SRR14894175,data/unitigs/SRR14894175.unitigs.fa.gz,
SRR17651668,data/unitigs/SRR17651668.unitigs.fa.gz,
SRR17651669,data/unitigs/SRR17651669.unitigs.fa.gz,
SRR17651670,data/unitigs/SRR17651670.unitigs.fa.gz,
SRR17651671,data/unitigs/SRR17651671.unitigs.fa.gz,
SRR17651672,data/unitigs/SRR17651672.unitigs.fa.gz,
SRR17651673,data/unitigs/SRR17651673.unitigs.fa.gz,
SRR17651674,data/unitigs/SRR17651674.unitigs.fa.gz,
SRR17651684,data/unitigs/SRR17651684.unitigs.fa.gz,
SRR17651685,data/unitigs/SRR17651685.unitigs.fa.gz,
SRR17651686,data/unitigs/SRR17651686.unitigs.fa.gz,
SRR17651687,data/unitigs/SRR17651687.unitigs.fa.gz,
SRR17651688,data/unitigs/SRR17651688.unitigs.fa.gz,
SRR17651689,data/unitigs/SRR17651689.unitigs.fa.gz,
SRR17651690,data/unitigs/SRR17651690.unitigs.fa.gz,
SRR17651691,data/unitigs/SRR17651691.unitigs.fa.gz,
SRR17651692,data/unitigs/SRR17651692.unitigs.fa.gz,
SRR17651693,data/unitigs/SRR17651693.unitigs.fa.gz,
SRR17651694,data/unitigs/SRR17651694.unitigs.fa.gz,
SRR17651695,data/unitigs/SRR17651695.unitigs.fa.gz,
SRR17651696,data/unitigs/SRR17651696.unitigs.fa.gz,
SRR25280049,data/unitigs/SRR25280049.unitigs.fa.gz,
SRR25280050,data/unitigs/SRR25280050.unitigs.fa.gz,
SRR25280051,data/unitigs/SRR25280051.unitigs.fa.gz,
SRR25280052,data/unitigs/SRR25280052.unitigs.fa.gz,
SRR25280053,data/unitigs/SRR25280053.unitigs.fa.gz,
SRR25280054,data/unitigs/SRR25280054.unitigs.fa.gz,
SRR25280055,data/unitigs/SRR25280055.unitigs.fa.gz,
SRR25280056,data/unitigs/SRR25280056.unitigs.fa.gz,
SRR25280057,data/unitigs/SRR25280057.unitigs.fa.gz,
SRR25280058,data/unitigs/SRR25280058.unitigs.fa.gz,
SRR25280059,data/unitigs/SRR25280059.unitigs.fa.gz,
SRR25280060,data/unitigs/SRR25280060.unitigs.fa.gz,
SRR25280061,data/unitigs/SRR25280061.unitigs.fa.gz,
SRR25280062,data/unitigs/SRR25280062.unitigs.fa.gz,
SRR25280063,data/unitigs/SRR25280063.unitigs.fa.gz,
SRR25280064,data/unitigs/SRR25280064.unitigs.fa.gz,
SRR25280065,data/unitigs/SRR25280065.unitigs.fa.gz,
SRR25280066,data/unitigs/SRR25280066.unitigs.fa.gz,
SRR25280067,data/unitigs/SRR25280067.unitigs.fa.gz,
SRR25280068,data/unitigs/SRR25280068.unitigs.fa.gz,
SRR25280069,data/unitigs/SRR25280069.unitigs.fa.gz,
SRR25280070,data/unitigs/SRR25280070.unitigs.fa.gz,
SRR25280071,data/unitigs/SRR25280071.unitigs.fa.gz,
SRR25280072,data/unitigs/SRR25280072.unitigs.fa.gz,
SRR25280073,data/unitigs/SRR25280073.unitigs.fa.gz,
SRR25280074,data/unitigs/SRR25280074.unitigs.fa.gz,
SRR25280075,data/unitigs/SRR25280075.unitigs.fa.gz,
SRR25280076,data/unitigs/SRR25280076.unitigs.fa.gz,
SRR25280077,data/unitigs/SRR25280077.unitigs.fa.gz,
SRR25280078,data/unitigs/SRR25280078.unitigs.fa.gz,
SRR25280079,data/unitigs/SRR25280079.unitigs.fa.gz,
SRR25280080,data/unitigs/SRR25280080.unitigs.fa.gz,
SRR25280081,data/unitigs/SRR25280081.unitigs.fa.gz,
SRR25280082,data/unitigs/SRR25280082.unitigs.fa.gz,
SRR25280083,data/unitigs/SRR25280083.unitigs.fa.gz,
SRR25280084,data/unitigs/SRR25280084.unitigs.fa.gz,
SRR25280085,data/unitigs/SRR25280085.unitigs.fa.gz,
SRR25280086,data/unitigs/SRR25280086.unitigs.fa.gz,
SRR25280087,data/unitigs/SRR25280087.unitigs.fa.gz,
SRR25280088,data/unitigs/SRR25280088.unitigs.fa.gz,
SRR25280089,data/unitigs/SRR25280089.unitigs.fa.gz,
SRR25280090,data/unitigs/SRR25280090.unitigs.fa.gz,
SRR25280091,data/unitigs/SRR25280091.unitigs.fa.gz,
SRR25280092,data/unitigs/SRR25280092.unitigs.fa.gz,
SRR25280093,data/unitigs/SRR25280093.unitigs.fa.gz,
SRR25280094,data/unitigs/SRR25280094.unitigs.fa.gz,
SRR25280095,data/unitigs/SRR25280095.unitigs.fa.gz,
SRR25280096,data/unitigs/SRR25280096.unitigs.fa.gz,
SRR25280097,data/unitigs/SRR25280097.unitigs.fa.gz,
SRR25280098,data/unitigs/SRR25280098.unitigs.fa.gz,
SRR25280099,data/unitigs/SRR25280099.unitigs.fa.gz,
SRR25280100,data/unitigs/SRR25280100.unitigs.fa.gz,
SRR25280101,data/unitigs/SRR25280101.unitigs.fa.gz,
SRR25280102,data/unitigs/SRR25280102.unitigs.fa.gz,
SRR25280103,data/unitigs/SRR25280103.unitigs.fa.gz,
SRR25280104,data/unitigs/SRR25280104.unitigs.fa.gz,
SRR25280105,data/unitigs/SRR25280105.unitigs.fa.gz,
SRR25280106,data/unitigs/SRR25280106.unitigs.fa.gz,
SRR25280107,data/unitigs/SRR25280107.unitigs.fa.gz,
SRR25280108,data/unitigs/SRR25280108.unitigs.fa.gz,
SRR25280109,data/unitigs/SRR25280109.unitigs.fa.gz,
SRR25280110,data/unitigs/SRR25280110.unitigs.fa.gz,
SRR25280111,data/unitigs/SRR25280111.unitigs.fa.gz,
SRR25280112,data/unitigs/SRR25280112.unitigs.fa.gz,
SRR25280113,data/unitigs/SRR25280113.unitigs.fa.gz,
SRR25280114,data/unitigs/SRR25280114.unitigs.fa.gz,
SRR25280115,data/unitigs/SRR25280115.unitigs.fa.gz,
SRR25280116,data/unitigs/SRR25280116.unitigs.fa.gz,
SRR25280117,data/unitigs/SRR25280117.unitigs.fa.gz,
SRR25280118,data/unitigs/SRR25280118.unitigs.fa.gz,
SRR27336765,data/unitigs/SRR27336765.unitigs.fa.gz,
SRR27336766,data/unitigs/SRR27336766.unitigs.fa.gz,
SRR27336767,data/unitigs/SRR27336767.unitigs.fa.gz,
SRR27336769,data/unitigs/SRR27336769.unitigs.fa.gz,
SRR27336770,data/unitigs/SRR27336770.unitigs.fa.gz,
SRR27336771,data/unitigs/SRR27336771.unitigs.fa.gz,
SRR27336772,data/unitigs/SRR27336772.unitigs.fa.gz,
SRR27336773,data/unitigs/SRR27336773.unitigs.fa.gz,
SRR27336774,data/unitigs/SRR27336774.unitigs.fa.gz,
SRR27336775,data/unitigs/SRR27336775.unitigs.fa.gz,
SRR27336776,data/unitigs/SRR27336776.unitigs.fa.gz,
SRR27336777,data/unitigs/SRR27336777.unitigs.fa.gz,
SRR27336778,data/unitigs/SRR27336778.unitigs.fa.gz,
SRR27336780,data/unitigs/SRR27336780.unitigs.fa.gz,
SRR27336781,data/unitigs/SRR27336781.unitigs.fa.gz,
SRR27336782,data/unitigs/SRR27336782.unitigs.fa.gz,
SRR27336783,data/unitigs/SRR27336783.unitigs.fa.gz,
SRR27336784,data/unitigs/SRR27336784.unitigs.fa.gz,
SRR27336785,data/unitigs/SRR27336785.unitigs.fa.gz,
SRR27336786,data/unitigs/SRR27336786.unitigs.fa.gz,
SRR27336787,data/unitigs/SRR27336787.unitigs.fa.gz,
SRR27336788,data/unitigs/SRR27336788.unitigs.fa.gz,
SRR27336789,data/unitigs/SRR27336789.unitigs.fa.gz,
SRR27336791,data/unitigs/SRR27336791.unitigs.fa.gz,
SRR27336792,data/unitigs/SRR27336792.unitigs.fa.gz,
SRR27336793,data/unitigs/SRR27336793.unitigs.fa.gz,
SRR27336794,data/unitigs/SRR27336794.unitigs.fa.gz,
SRR27336795,data/unitigs/SRR27336795.unitigs.fa.gz,
SRR27336796,data/unitigs/SRR27336796.unitigs.fa.gz,
SRR27336797,data/unitigs/SRR27336797.unitigs.fa.gz,
SRR27336798,data/unitigs/SRR27336798.unitigs.fa.gz,
SRR27336799,data/unitigs/SRR27336799.unitigs.fa.gz,
SRR27336800,data/unitigs/SRR27336800.unitigs.fa.gz,
SRR27336802,data/unitigs/SRR27336802.unitigs.fa.gz,
SRR27336803,data/unitigs/SRR27336803.unitigs.fa.gz,
SRR27336804,data/unitigs/SRR27336804.unitigs.fa.gz,
SRR27336805,data/unitigs/SRR27336805.unitigs.fa.gz,
SRR27336806,data/unitigs/SRR27336806.unitigs.fa.gz,
SRR27336807,data/unitigs/SRR27336807.unitigs.fa.gz,
SRR3480231,data/unitigs/SRR3480231.unitigs.fa.gz,
SRR3480232,data/unitigs/SRR3480232.unitigs.fa.gz,
SRR3480233,data/unitigs/SRR3480233.unitigs.fa.gz,
SRR3480234,data/unitigs/SRR3480234.unitigs.fa.gz,
SRR3480235,data/unitigs/SRR3480235.unitigs.fa.gz,
SRR3480236,data/unitigs/SRR3480236.unitigs.fa.gz,
SRR3480246,data/unitigs/SRR3480246.unitigs.fa.gz,
SRR3480247,data/unitigs/SRR3480247.unitigs.fa.gz,
SRR3480248,data/unitigs/SRR3480248.unitigs.fa.gz,
SRR3480249,data/unitigs/SRR3480249.unitigs.fa.gz,
SRR3480252,data/unitigs/SRR3480252.unitigs.fa.gz,
SRR3480253,data/unitigs/SRR3480253.unitigs.fa.gz,
SRR3480254,data/unitigs/SRR3480254.unitigs.fa.gz,
SRR3480255,data/unitigs/SRR3480255.unitigs.fa.gz,
SRR3480256,data/unitigs/SRR3480256.unitigs.fa.gz,
SRR3480257,data/unitigs/SRR3480257.unitigs.fa.gz,
SRR3480258,data/unitigs/SRR3480258.unitigs.fa.gz,
SRR3480259,data/unitigs/SRR3480259.unitigs.fa.gz,
SRR3480260,data/unitigs/SRR3480260.unitigs.fa.gz,
SRR3480261,data/unitigs/SRR3480261.unitigs.fa.gz,
SRR3480263,data/unitigs/SRR3480263.unitigs.fa.gz,
SRR3480264,data/unitigs/SRR3480264.unitigs.fa.gz,
SRR3480265,data/unitigs/SRR3480265.unitigs.fa.gz,
SRR3480266,data/unitigs/SRR3480266.unitigs.fa.gz,
SRR3480268,data/unitigs/SRR3480268.unitigs.fa.gz,
SRR3480269,data/unitigs/SRR3480269.unitigs.fa.gz,
SRR3480270,data/unitigs/SRR3480270.unitigs.fa.gz,
SRR3480271,data/unitigs/SRR3480271.unitigs.fa.gz,
SRR3480272,data/unitigs/SRR3480272.unitigs.fa.gz,
SRR3480273,data/unitigs/SRR3480273.unitigs.fa.gz,
SRR3480275,data/unitigs/SRR3480275.unitigs.fa.gz,
SRR3480276,data/unitigs/SRR3480276.unitigs.fa.gz,
SRR3480277,data/unitigs/SRR3480277.unitigs.fa.gz,
SRR3480278,data/unitigs/SRR3480278.unitigs.fa.gz,
SRR3480279,data/unitigs/SRR3480279.unitigs.fa.gz,
SRR3480280,data/unitigs/SRR3480280.unitigs.fa.gz,
SRR3480281,data/unitigs/SRR3480281.unitigs.fa.gz,
SRR3480282,data/unitigs/SRR3480282.unitigs.fa.gz,
SRR3480283,data/unitigs/SRR3480283.unitigs.fa.gz,
SRR3480284,data/unitigs/SRR3480284.unitigs.fa.gz,
SRR3480285,data/unitigs/SRR3480285.unitigs.fa.gz,
SRR3480286,data/unitigs/SRR3480286.unitigs.fa.gz,
SRR3480287,data/unitigs/SRR3480287.unitigs.fa.gz,
SRR3480288,data/unitigs/SRR3480288.unitigs.fa.gz,
SRR3480289,data/unitigs/SRR3480289.unitigs.fa.gz,
SRR3480290,data/unitigs/SRR3480290.unitigs.fa.gz,
SRR3480291,data/unitigs/SRR3480291.unitigs.fa.gz,
SRR3480292,data/unitigs/SRR3480292.unitigs.fa.gz,
SRR3480293,data/unitigs/SRR3480293.unitigs.fa.gz,
SRR3992610,data/unitigs/SRR3992610.unitigs.fa.gz,
SRR3992611,data/unitigs/SRR3992611.unitigs.fa.gz,
SRR3992612,data/unitigs/SRR3992612.unitigs.fa.gz,
SRR3992613,data/unitigs/SRR3992613.unitigs.fa.gz,
SRR3992614,data/unitigs/SRR3992614.unitigs.fa.gz,
SRR3992615,data/unitigs/SRR3992615.unitigs.fa.gz,
SRR3992616,data/unitigs/SRR3992616.unitigs.fa.gz,
SRR3992617,data/unitigs/SRR3992617.unitigs.fa.gz,
SRR3992618,data/unitigs/SRR3992618.unitigs.fa.gz,
SRR3992619,data/unitigs/SRR3992619.unitigs.fa.gz,
SRR3992620,data/unitigs/SRR3992620.unitigs.fa.gz,
SRR3992621,data/unitigs/SRR3992621.unitigs.fa.gz,
SRR3992622,data/unitigs/SRR3992622.unitigs.fa.gz,
SRR3992623,data/unitigs/SRR3992623.unitigs.fa.gz,
SRR3992624,data/unitigs/SRR3992624.unitigs.fa.gz,
SRR3992625,data/unitigs/SRR3992625.unitigs.fa.gz,
SRR3992626,data/unitigs/SRR3992626.unitigs.fa.gz,
SRR3992627,data/unitigs/SRR3992627.unitigs.fa.gz,
SRR3992628,data/unitigs/SRR3992628.unitigs.fa.gz,
SRR3992629,data/unitigs/SRR3992629.unitigs.fa.gz,
SRR3992630,data/unitigs/SRR3992630.unitigs.fa.gz,
SRR5581849,data/unitigs/SRR5581849.unitigs.fa.gz,
SRR5581851,data/unitigs/SRR5581851.unitigs.fa.gz,
SRR5581852,data/unitigs/SRR5581852.unitigs.fa.gz,
SRR5581854,data/unitigs/SRR5581854.unitigs.fa.gz,
SRR5581855,data/unitigs/SRR5581855.unitigs.fa.gz,
SRR8899212,data/unitigs/SRR8899212.unitigs.fa.gz,
SRR8899213,data/unitigs/SRR8899213.unitigs.fa.gz,
SRR8899214,data/unitigs/SRR8899214.unitigs.fa.gz,
SRR8899215,data/unitigs/SRR8899215.unitigs.fa.gz,
SRR8899216,data/unitigs/SRR8899216.unitigs.fa.gz,
SRR8899217,data/unitigs/SRR8899217.unitigs.fa.gz,
SRR8899218,data/unitigs/SRR8899218.unitigs.fa.gz,
SRR8899219,data/unitigs/SRR8899219.unitigs.fa.gz,
SRR8899220,data/unitigs/SRR8899220.unitigs.fa.gz,
SRR8899221,data/unitigs/SRR8899221.unitigs.fa.gz,
SRR8899222,data/unitigs/SRR8899222.unitigs.fa.gz,
SRR8899223,data/unitigs/SRR8899223.unitigs.fa.gz,
SRR8899224,data/unitigs/SRR8899224.unitigs.fa.gz,
SRR8899225,data/unitigs/SRR8899225.unitigs.fa.gz,
SRR8899226,data/unitigs/SRR8899226.unitigs.fa.gz,
SRR8899227,data/unitigs/SRR8899227.unitigs.fa.gz,
SRR8899228,data/unitigs/SRR8899228.unitigs.fa.gz,
SRR8899229,data/unitigs/SRR8899229.unitigs.fa.gz,
SRR8899230,data/unitigs/SRR8899230.unitigs.fa.gz,
SRR9898613,data/unitigs/SRR9898613.unitigs.fa.gz,
SRR9900877,data/unitigs/SRR9900877.unitigs.fa.gz,
SRR9900878,data/unitigs/SRR9900878.unitigs.fa.gz,
SRR9900879,data/unitigs/SRR9900879.unitigs.fa.gz,
SRR9900880,data/unitigs/SRR9900880.unitigs.fa.gz,
SRR9900881,data/unitigs/SRR9900881.unitigs.fa.gz,
SRR9900882,data/unitigs/SRR9900882.unitigs.fa.gz,
SRR9900883,data/unitigs/SRR9900883.unitigs.fa.gz,
SRR9900884,data/unitigs/SRR9900884.unitigs.fa.gz,
SRR9900885,data/unitigs/SRR9900885.unitigs.fa.gz,
SRR9900886,data/unitigs/SRR9900886.unitigs.fa.gz,
SRR9900887,data/unitigs/SRR9900887.unitigs.fa.gz,
SRR9900888,data/unitigs/SRR9900888.unitigs.fa.gz,
SRR9900889,data/unitigs/SRR9900889.unitigs.fa.gz,
SRR9900890,data/unitigs/SRR9900890.unitigs.fa.gz,
SRR9900891,data/unitigs/SRR9900891.unitigs.fa.gz,
SRR9900892,data/unitigs/SRR9900892.unitigs.fa.gz,
SRR9900893,data/unitigs/SRR9900893.unitigs.fa.gz,
SRR9900894,data/unitigs/SRR9900894.unitigs.fa.gz,
SRR9900895,data/unitigs/SRR9900895.unitigs.fa.gz,
SRR9900896,data/unitigs/SRR9900896.unitigs.fa.gz,
SRR9900902,data/unitigs/SRR9900902.unitigs.fa.gz,
