2026-09-09 17:20:01 - root - INFO - Logging to file: results/search_v9_multitask/cv_results/fold_3/fold_3_training.log
2026-09-09 17:20:01 - __main__ - INFO - ================================================================================
2026-09-09 17:20:01 - __main__ - INFO - DIANA Multi-Task Hyperparameter Optimization
2026-09-09 17:20:01 - __main__ - INFO - ================================================================================
2026-09-09 17:20:01 - __main__ - INFO - Run config:   configs/train_config_v9_search_multitask.json
2026-09-09 17:20:01 - __main__ - INFO - Features:     data/matrices/matrix_v9_train/unitigs.frac.mat
2026-09-09 17:20:01 - __main__ - INFO - Metadata:     data/splits_v9/train_metadata.tsv
2026-09-09 17:20:01 - __main__ - INFO - Output dir:   results/search_v9_multitask
2026-09-09 17:20:01 - __main__ - INFO - Tasks:        ['community_type', 'feature', 'sample_host', 'material']
2026-09-09 17:20:01 - __main__ - INFO - Task types:   {'community_type': 'classification', 'feature': 'classification', 'sample_host': 'classification', 'material': 'classification'}
2026-09-09 17:20:01 - __main__ - INFO - Fold:         3 / 5
2026-09-09 17:20:01 - __main__ - INFO - Trials:       100  Max epochs: 200  Patience: 20
2026-09-09 17:20:01 - __main__ - INFO - GPU:          True  Seed: 42
2026-09-09 17:20:01 - __main__ - INFO - Loading data from data/matrices/matrix_v9_train/unitigs.frac.mat
2026-09-09 17:20:01 - diana.data.loader - INFO - Loading matrix from data/matrices/matrix_v9_train/unitigs.frac.mat
2026-09-09 17:20:24 - diana.data.loader - INFO - Loaded 110202 features × 2716 samples (before transpose)
2026-09-09 17:20:24 - diana.data.loader - INFO - Transposed to 2716 samples × 110202 features
2026-09-09 17:20:24 - diana.data.loader - INFO - Reading sample IDs from data/matrices/matrix_v9_train/kmer_matrix/kmtricks.fof
2026-09-09 17:20:24 - diana.data.loader - INFO - Sample IDs: ['ERR10114844', 'ERR10114845', 'ERR10114846']...
2026-09-09 17:20:24 - diana.data.loader - INFO - Loading metadata from data/splits_v9/train_metadata.tsv
2026-09-09 17:20:24 - diana.data.loader - INFO - Metadata: 2716 rows × 15 columns
2026-09-09 17:20:24 - diana.data.loader - INFO - Metadata aligned to matrix sample order
2026-09-09 17:20:24 - __main__ - INFO - Loaded 2716 samples with 110202 features
2026-09-09 17:20:24 - __main__ - INFO - Loaded 2716 samples × 110202 features
2026-09-09 17:20:24 - __main__ - INFO - === FOLD 3/4 ===
2026-09-09 17:20:24 - __main__ - INFO - Output directory: results/search_v9_multitask/cv_results/fold_3
2026-09-09 17:20:24 - __main__ - INFO - Using device: cuda
2026-09-09 17:20:24 - __main__ - INFO - Class imbalance: logit adjustment, tau SEARCHED in [0.05, 0.8]
2026-09-09 17:20:24 - __main__ - INFO - community_type: 5 classes, 2073 labelled, 643 masked - ['gut', 'oral', 'plant tissue', 'skeletal tissue', 'soft tissue']...
2026-09-09 17:20:24 - __main__ - INFO - feature: 10 classes, 608 labelled, 2108 masked - ['archeological site', 'cave', 'lake', 'midden', 'ocean']...
2026-09-09 17:20:24 - __main__ - INFO - sample_host: 24 classes, 2085 labelled, 631 masked - ['Alouatta palliata', 'Ambrosia artemisiifolia', 'Arabidopsis thaliana', 'Bison priscus', 'Canis lupus']...
2026-09-09 17:20:24 - __main__ - INFO - material: 16 classes, 2639 labelled, 77 masked - ['bone', 'dental calculus', 'digestive tract contents', 'intestine', 'lake sediment']...
2026-09-09 17:20:24 - __main__ - INFO - Grouping CV folds on 'archive_project': 68 groups over 2716 runs
2026-09-09 17:20:24 - __main__ - INFO - Outer fold 3 taken from data/splits_v9/dev_folds.tsv (5 dev folds)
2026-09-09 17:20:24 - __main__ - INFO - Train: 2172, Test: 544 (outer fold verified archive_project-disjoint)
2026-09-09 17:20:24 - __main__ - INFO - 3 inner folds verified archive_project-disjoint
2026-09-09 17:20:24 - __main__ - INFO - Starting Optuna optimization with 100 trials...
2026-09-09 17:20:24 - __main__ - INFO - Each trial will be evaluated on 3 inner CV folds
2026-09-09 17:20:24 - __main__ - INFO - community_type priors: [45, 1233, 43, 177, 27]
2026-09-09 17:20:24 - __main__ - INFO - feature priors: [17, 34, 55, 15, 143, 2, 0, 0, 0, 0]
2026-09-09 17:20:24 - __main__ - INFO - sample_host priors: [6, 11, 32, 16, 1, 4, 4, 0, 23, 67, 45, 948, 16, 0, 16, 8, 11, 9, 0, 0, 0, 0, 4, 316]
2026-09-09 17:20:24 - __main__ - INFO - material priors: [94, 931, 16, 4, 55, 43, 143, 15, 4, 29, 8, 45, 0, 0, 385, 11]
2026-09-09 17:22:29 - __main__ - INFO - community_type priors: [51, 636, 43, 64, 16]
2026-09-09 17:22:29 - __main__ - INFO - feature priors: [6, 34, 148, 13, 72, 2, 52, 24, 0, 0]
2026-09-09 17:22:29 - __main__ - INFO - sample_host priors: [6, 11, 32, 16, 11, 4, 4, 0, 17, 12, 11, 624, 16, 0, 16, 8, 11, 9, 4, 5, 1, 0, 4, 0]
2026-09-09 17:22:29 - __main__ - INFO - material priors: [43, 393, 16, 4, 148, 43, 70, 11, 4, 35, 52, 44, 24, 2, 264, 0]
2026-09-09 17:23:50 - __main__ - INFO - community_type priors: [58, 789, 0, 139, 11]
2026-09-09 17:23:50 - __main__ - INFO - feature priors: [11, 0, 157, 6, 75, 0, 52, 24, 0, 0]
2026-09-09 17:23:50 - __main__ - INFO - sample_host priors: [0, 0, 0, 0, 12, 0, 0, 0, 6, 55, 34, 564, 0, 0, 0, 0, 0, 0, 4, 5, 1, 0, 0, 316]
2026-09-09 17:23:50 - __main__ - INFO - material priors: [77, 710, 0, 0, 157, 0, 73, 4, 0, 58, 60, 5, 24, 2, 141, 11]
2026-09-09 17:25:18 - __main__ - INFO - community_type priors: [45, 1233, 43, 177, 27]
2026-09-09 17:25:18 - __main__ - INFO - feature priors: [17, 34, 55, 15, 143, 2, 0, 0, 0, 0]
2026-09-09 17:25:18 - __main__ - INFO - sample_host priors: [6, 11, 32, 16, 1, 4, 4, 0, 23, 67, 45, 948, 16, 0, 16, 8, 11, 9, 0, 0, 0, 0, 4, 316]
2026-09-09 17:25:18 - __main__ - INFO - material priors: [94, 931, 16, 4, 55, 43, 143, 15, 4, 29, 8, 45, 0, 0, 385, 11]
2026-09-09 17:25:47 - __main__ - INFO - community_type priors: [51, 636, 43, 64, 16]
2026-09-09 17:25:47 - __main__ - INFO - feature priors: [6, 34, 148, 13, 72, 2, 52, 24, 0, 0]
2026-09-09 17:25:47 - __main__ - INFO - sample_host priors: [6, 11, 32, 16, 11, 4, 4, 0, 17, 12, 11, 624, 16, 0, 16, 8, 11, 9, 4, 5, 1, 0, 4, 0]
2026-09-09 17:25:47 - __main__ - INFO - material priors: [43, 393, 16, 4, 148, 43, 70, 11, 4, 35, 52, 44, 24, 2, 264, 0]
2026-09-09 17:26:08 - __main__ - INFO - community_type priors: [58, 789, 0, 139, 11]
2026-09-09 17:26:08 - __main__ - INFO - feature priors: [11, 0, 157, 6, 75, 0, 52, 24, 0, 0]
2026-09-09 17:26:08 - __main__ - INFO - sample_host priors: [0, 0, 0, 0, 12, 0, 0, 0, 6, 55, 34, 564, 0, 0, 0, 0, 0, 0, 4, 5, 1, 0, 0, 316]
2026-09-09 17:26:08 - __main__ - INFO - material priors: [77, 710, 0, 0, 157, 0, 73, 4, 0, 58, 60, 5, 24, 2, 141, 11]
2026-09-09 17:26:30 - __main__ - INFO - community_type priors: [45, 1233, 43, 177, 27]
2026-09-09 17:26:30 - __main__ - INFO - feature priors: [17, 34, 55, 15, 143, 2, 0, 0, 0, 0]
2026-09-09 17:26:30 - __main__ - INFO - sample_host priors: [6, 11, 32, 16, 1, 4, 4, 0, 23, 67, 45, 948, 16, 0, 16, 8, 11, 9, 0, 0, 0, 0, 4, 316]
2026-09-09 17:26:30 - __main__ - INFO - material priors: [94, 931, 16, 4, 55, 43, 143, 15, 4, 29, 8, 45, 0, 0, 385, 11]
2026-09-09 17:26:59 - __main__ - INFO - community_type priors: [51, 636, 43, 64, 16]
2026-09-09 17:26:59 - __main__ - INFO - feature priors: [6, 34, 148, 13, 72, 2, 52, 24, 0, 0]
2026-09-09 17:26:59 - __main__ - INFO - sample_host priors: [6, 11, 32, 16, 11, 4, 4, 0, 17, 12, 11, 624, 16, 0, 16, 8, 11, 9, 4, 5, 1, 0, 4, 0]
2026-09-09 17:26:59 - __main__ - INFO - material priors: [43, 393, 16, 4, 148, 43, 70, 11, 4, 35, 52, 44, 24, 2, 264, 0]
2026-09-09 17:27:20 - __main__ - INFO - community_type priors: [58, 789, 0, 139, 11]
2026-09-09 17:27:20 - __main__ - INFO - feature priors: [11, 0, 157, 6, 75, 0, 52, 24, 0, 0]
2026-09-09 17:27:20 - __main__ - INFO - sample_host priors: [0, 0, 0, 0, 12, 0, 0, 0, 6, 55, 34, 564, 0, 0, 0, 0, 0, 0, 4, 5, 1, 0, 0, 316]
2026-09-09 17:27:20 - __main__ - INFO - material priors: [77, 710, 0, 0, 157, 0, 73, 4, 0, 58, 60, 5, 24, 2, 141, 11]
2026-09-09 17:27:43 - __main__ - INFO - community_type priors: [45, 1233, 43, 177, 27]
2026-09-09 17:27:43 - __main__ - INFO - feature priors: [17, 34, 55, 15, 143, 2, 0, 0, 0, 0]
2026-09-09 17:27:43 - __main__ - INFO - sample_host priors: [6, 11, 32, 16, 1, 4, 4, 0, 23, 67, 45, 948, 16, 0, 16, 8, 11, 9, 0, 0, 0, 0, 4, 316]
2026-09-09 17:27:43 - __main__ - INFO - material priors: [94, 931, 16, 4, 55, 43, 143, 15, 4, 29, 8, 45, 0, 0, 385, 11]
2026-09-09 17:28:12 - __main__ - INFO - community_type priors: [51, 636, 43, 64, 16]
2026-09-09 17:28:12 - __main__ - INFO - feature priors: [6, 34, 148, 13, 72, 2, 52, 24, 0, 0]
2026-09-09 17:28:12 - __main__ - INFO - sample_host priors: [6, 11, 32, 16, 11, 4, 4, 0, 17, 12, 11, 624, 16, 0, 16, 8, 11, 9, 4, 5, 1, 0, 4, 0]
2026-09-09 17:28:12 - __main__ - INFO - material priors: [43, 393, 16, 4, 148, 43, 70, 11, 4, 35, 52, 44, 24, 2, 264, 0]
2026-09-09 17:28:28 - __main__ - INFO - community_type priors: [58, 789, 0, 139, 11]
2026-09-09 17:28:28 - __main__ - INFO - feature priors: [11, 0, 157, 6, 75, 0, 52, 24, 0, 0]
2026-09-09 17:28:28 - __main__ - INFO - sample_host priors: [0, 0, 0, 0, 12, 0, 0, 0, 6, 55, 34, 564, 0, 0, 0, 0, 0, 0, 4, 5, 1, 0, 0, 316]
2026-09-09 17:28:28 - __main__ - INFO - material priors: [77, 710, 0, 0, 157, 0, 73, 4, 0, 58, 60, 5, 24, 2, 141, 11]
2026-09-09 17:28:52 - __main__ - INFO - community_type priors: [45, 1233, 43, 177, 27]
2026-09-09 17:28:52 - __main__ - INFO - feature priors: [17, 34, 55, 15, 143, 2, 0, 0, 0, 0]
2026-09-09 17:28:52 - __main__ - INFO - sample_host priors: [6, 11, 32, 16, 1, 4, 4, 0, 23, 67, 45, 948, 16, 0, 16, 8, 11, 9, 0, 0, 0, 0, 4, 316]
2026-09-09 17:28:52 - __main__ - INFO - material priors: [94, 931, 16, 4, 55, 43, 143, 15, 4, 29, 8, 45, 0, 0, 385, 11]
2026-09-09 17:29:18 - __main__ - INFO - community_type priors: [51, 636, 43, 64, 16]
2026-09-09 17:29:18 - __main__ - INFO - feature priors: [6, 34, 148, 13, 72, 2, 52, 24, 0, 0]
2026-09-09 17:29:18 - __main__ - INFO - sample_host priors: [6, 11, 32, 16, 11, 4, 4, 0, 17, 12, 11, 624, 16, 0, 16, 8, 11, 9, 4, 5, 1, 0, 4, 0]
2026-09-09 17:29:18 - __main__ - INFO - material priors: [43, 393, 16, 4, 148, 43, 70, 11, 4, 35, 52, 44, 24, 2, 264, 0]
2026-09-09 17:29:38 - __main__ - INFO - community_type priors: [58, 789, 0, 139, 11]
2026-09-09 17:29:38 - __main__ - INFO - feature priors: [11, 0, 157, 6, 75, 0, 52, 24, 0, 0]
2026-09-09 17:29:38 - __main__ - INFO - sample_host priors: [0, 0, 0, 0, 12, 0, 0, 0, 6, 55, 34, 564, 0, 0, 0, 0, 0, 0, 4, 5, 1, 0, 0, 316]
2026-09-09 17:29:38 - __main__ - INFO - material priors: [77, 710, 0, 0, 157, 0, 73, 4, 0, 58, 60, 5, 24, 2, 141, 11]
2026-09-09 17:30:02 - __main__ - INFO - community_type priors: [45, 1233, 43, 177, 27]
2026-09-09 17:30:02 - __main__ - INFO - feature priors: [17, 34, 55, 15, 143, 2, 0, 0, 0, 0]
2026-09-09 17:30:02 - __main__ - INFO - sample_host priors: [6, 11, 32, 16, 1, 4, 4, 0, 23, 67, 45, 948, 16, 0, 16, 8, 11, 9, 0, 0, 0, 0, 4, 316]
2026-09-09 17:30:02 - __main__ - INFO - material priors: [94, 931, 16, 4, 55, 43, 143, 15, 4, 29, 8, 45, 0, 0, 385, 11]
2026-09-09 17:31:19 - __main__ - INFO - community_type priors: [51, 636, 43, 64, 16]
2026-09-09 17:31:19 - __main__ - INFO - feature priors: [6, 34, 148, 13, 72, 2, 52, 24, 0, 0]
2026-09-09 17:31:19 - __main__ - INFO - sample_host priors: [6, 11, 32, 16, 11, 4, 4, 0, 17, 12, 11, 624, 16, 0, 16, 8, 11, 9, 4, 5, 1, 0, 4, 0]
2026-09-09 17:31:19 - __main__ - INFO - material priors: [43, 393, 16, 4, 148, 43, 70, 11, 4, 35, 52, 44, 24, 2, 264, 0]
2026-09-09 17:32:28 - __main__ - INFO - community_type priors: [58, 789, 0, 139, 11]
2026-09-09 17:32:28 - __main__ - INFO - feature priors: [11, 0, 157, 6, 75, 0, 52, 24, 0, 0]
2026-09-09 17:32:28 - __main__ - INFO - sample_host priors: [0, 0, 0, 0, 12, 0, 0, 0, 6, 55, 34, 564, 0, 0, 0, 0, 0, 0, 4, 5, 1, 0, 0, 316]
2026-09-09 17:32:28 - __main__ - INFO - material priors: [77, 710, 0, 0, 157, 0, 73, 4, 0, 58, 60, 5, 24, 2, 141, 11]
2026-09-09 17:33:48 - __main__ - INFO - community_type priors: [45, 1233, 43, 177, 27]
2026-09-09 17:33:48 - __main__ - INFO - feature priors: [17, 34, 55, 15, 143, 2, 0, 0, 0, 0]
2026-09-09 17:33:48 - __main__ - INFO - sample_host priors: [6, 11, 32, 16, 1, 4, 4, 0, 23, 67, 45, 948, 16, 0, 16, 8, 11, 9, 0, 0, 0, 0, 4, 316]
2026-09-09 17:33:48 - __main__ - INFO - material priors: [94, 931, 16, 4, 55, 43, 143, 15, 4, 29, 8, 45, 0, 0, 385, 11]
2026-09-09 17:34:29 - __main__ - INFO - community_type priors: [51, 636, 43, 64, 16]
2026-09-09 17:34:29 - __main__ - INFO - feature priors: [6, 34, 148, 13, 72, 2, 52, 24, 0, 0]
2026-09-09 17:34:29 - __main__ - INFO - sample_host priors: [6, 11, 32, 16, 11, 4, 4, 0, 17, 12, 11, 624, 16, 0, 16, 8, 11, 9, 4, 5, 1, 0, 4, 0]
2026-09-09 17:34:29 - __main__ - INFO - material priors: [43, 393, 16, 4, 148, 43, 70, 11, 4, 35, 52, 44, 24, 2, 264, 0]
2026-09-09 17:34:50 - __main__ - INFO - community_type priors: [58, 789, 0, 139, 11]
2026-09-09 17:34:50 - __main__ - INFO - feature priors: [11, 0, 157, 6, 75, 0, 52, 24, 0, 0]
2026-09-09 17:34:50 - __main__ - INFO - sample_host priors: [0, 0, 0, 0, 12, 0, 0, 0, 6, 55, 34, 564, 0, 0, 0, 0, 0, 0, 4, 5, 1, 0, 0, 316]
2026-09-09 17:34:50 - __main__ - INFO - material priors: [77, 710, 0, 0, 157, 0, 73, 4, 0, 58, 60, 5, 24, 2, 141, 11]
2026-09-09 17:35:21 - __main__ - INFO - community_type priors: [45, 1233, 43, 177, 27]
2026-09-09 17:35:21 - __main__ - INFO - feature priors: [17, 34, 55, 15, 143, 2, 0, 0, 0, 0]
2026-09-09 17:35:21 - __main__ - INFO - sample_host priors: [6, 11, 32, 16, 1, 4, 4, 0, 23, 67, 45, 948, 16, 0, 16, 8, 11, 9, 0, 0, 0, 0, 4, 316]
2026-09-09 17:35:21 - __main__ - INFO - material priors: [94, 931, 16, 4, 55, 43, 143, 15, 4, 29, 8, 45, 0, 0, 385, 11]
2026-09-09 17:35:58 - __main__ - INFO - community_type priors: [51, 636, 43, 64, 16]
2026-09-09 17:35:58 - __main__ - INFO - feature priors: [6, 34, 148, 13, 72, 2, 52, 24, 0, 0]
2026-09-09 17:35:58 - __main__ - INFO - sample_host priors: [6, 11, 32, 16, 11, 4, 4, 0, 17, 12, 11, 624, 16, 0, 16, 8, 11, 9, 4, 5, 1, 0, 4, 0]
2026-09-09 17:35:58 - __main__ - INFO - material priors: [43, 393, 16, 4, 148, 43, 70, 11, 4, 35, 52, 44, 24, 2, 264, 0]
2026-09-09 17:36:13 - __main__ - INFO - community_type priors: [58, 789, 0, 139, 11]
2026-09-09 17:36:13 - __main__ - INFO - feature priors: [11, 0, 157, 6, 75, 0, 52, 24, 0, 0]
2026-09-09 17:36:13 - __main__ - INFO - sample_host priors: [0, 0, 0, 0, 12, 0, 0, 0, 6, 55, 34, 564, 0, 0, 0, 0, 0, 0, 4, 5, 1, 0, 0, 316]
2026-09-09 17:36:13 - __main__ - INFO - material priors: [77, 710, 0, 0, 157, 0, 73, 4, 0, 58, 60, 5, 24, 2, 141, 11]
2026-09-09 17:36:41 - __main__ - INFO - community_type priors: [45, 1233, 43, 177, 27]
2026-09-09 17:36:41 - __main__ - INFO - feature priors: [17, 34, 55, 15, 143, 2, 0, 0, 0, 0]
2026-09-09 17:36:41 - __main__ - INFO - sample_host priors: [6, 11, 32, 16, 1, 4, 4, 0, 23, 67, 45, 948, 16, 0, 16, 8, 11, 9, 0, 0, 0, 0, 4, 316]
2026-09-09 17:36:41 - __main__ - INFO - material priors: [94, 931, 16, 4, 55, 43, 143, 15, 4, 29, 8, 45, 0, 0, 385, 11]
2026-09-09 17:37:06 - __main__ - INFO - community_type priors: [51, 636, 43, 64, 16]
2026-09-09 17:37:06 - __main__ - INFO - feature priors: [6, 34, 148, 13, 72, 2, 52, 24, 0, 0]
2026-09-09 17:37:06 - __main__ - INFO - sample_host priors: [6, 11, 32, 16, 11, 4, 4, 0, 17, 12, 11, 624, 16, 0, 16, 8, 11, 9, 4, 5, 1, 0, 4, 0]
2026-09-09 17:37:06 - __main__ - INFO - material priors: [43, 393, 16, 4, 148, 43, 70, 11, 4, 35, 52, 44, 24, 2, 264, 0]
2026-09-09 17:37:27 - __main__ - INFO - community_type priors: [58, 789, 0, 139, 11]
2026-09-09 17:37:27 - __main__ - INFO - feature priors: [11, 0, 157, 6, 75, 0, 52, 24, 0, 0]
2026-09-09 17:37:27 - __main__ - INFO - sample_host priors: [0, 0, 0, 0, 12, 0, 0, 0, 6, 55, 34, 564, 0, 0, 0, 0, 0, 0, 4, 5, 1, 0, 0, 316]
2026-09-09 17:37:27 - __main__ - INFO - material priors: [77, 710, 0, 0, 157, 0, 73, 4, 0, 58, 60, 5, 24, 2, 141, 11]
2026-09-09 17:37:51 - __main__ - INFO - community_type priors: [45, 1233, 43, 177, 27]
2026-09-09 17:37:51 - __main__ - INFO - feature priors: [17, 34, 55, 15, 143, 2, 0, 0, 0, 0]
2026-09-09 17:37:51 - __main__ - INFO - sample_host priors: [6, 11, 32, 16, 1, 4, 4, 0, 23, 67, 45, 948, 16, 0, 16, 8, 11, 9, 0, 0, 0, 0, 4, 316]
2026-09-09 17:37:51 - __main__ - INFO - material priors: [94, 931, 16, 4, 55, 43, 143, 15, 4, 29, 8, 45, 0, 0, 385, 11]
2026-09-09 17:38:28 - __main__ - INFO - community_type priors: [51, 636, 43, 64, 16]
2026-09-09 17:38:28 - __main__ - INFO - feature priors: [6, 34, 148, 13, 72, 2, 52, 24, 0, 0]
2026-09-09 17:38:28 - __main__ - INFO - sample_host priors: [6, 11, 32, 16, 11, 4, 4, 0, 17, 12, 11, 624, 16, 0, 16, 8, 11, 9, 4, 5, 1, 0, 4, 0]
2026-09-09 17:38:28 - __main__ - INFO - material priors: [43, 393, 16, 4, 148, 43, 70, 11, 4, 35, 52, 44, 24, 2, 264, 0]
2026-09-09 17:38:56 - __main__ - INFO - community_type priors: [58, 789, 0, 139, 11]
2026-09-09 17:38:56 - __main__ - INFO - feature priors: [11, 0, 157, 6, 75, 0, 52, 24, 0, 0]
2026-09-09 17:38:56 - __main__ - INFO - sample_host priors: [0, 0, 0, 0, 12, 0, 0, 0, 6, 55, 34, 564, 0, 0, 0, 0, 0, 0, 4, 5, 1, 0, 0, 316]
2026-09-09 17:38:56 - __main__ - INFO - material priors: [77, 710, 0, 0, 157, 0, 73, 4, 0, 58, 60, 5, 24, 2, 141, 11]
2026-09-09 17:39:27 - __main__ - INFO - community_type priors: [45, 1233, 43, 177, 27]
2026-09-09 17:39:27 - __main__ - INFO - feature priors: [17, 34, 55, 15, 143, 2, 0, 0, 0, 0]
2026-09-09 17:39:27 - __main__ - INFO - sample_host priors: [6, 11, 32, 16, 1, 4, 4, 0, 23, 67, 45, 948, 16, 0, 16, 8, 11, 9, 0, 0, 0, 0, 4, 316]
2026-09-09 17:39:27 - __main__ - INFO - material priors: [94, 931, 16, 4, 55, 43, 143, 15, 4, 29, 8, 45, 0, 0, 385, 11]
2026-09-09 17:39:58 - __main__ - INFO - community_type priors: [51, 636, 43, 64, 16]
2026-09-09 17:39:58 - __main__ - INFO - feature priors: [6, 34, 148, 13, 72, 2, 52, 24, 0, 0]
2026-09-09 17:39:58 - __main__ - INFO - sample_host priors: [6, 11, 32, 16, 11, 4, 4, 0, 17, 12, 11, 624, 16, 0, 16, 8, 11, 9, 4, 5, 1, 0, 4, 0]
2026-09-09 17:39:58 - __main__ - INFO - material priors: [43, 393, 16, 4, 148, 43, 70, 11, 4, 35, 52, 44, 24, 2, 264, 0]
2026-09-09 17:40:19 - __main__ - INFO - community_type priors: [58, 789, 0, 139, 11]
2026-09-09 17:40:19 - __main__ - INFO - feature priors: [11, 0, 157, 6, 75, 0, 52, 24, 0, 0]
2026-09-09 17:40:19 - __main__ - INFO - sample_host priors: [0, 0, 0, 0, 12, 0, 0, 0, 6, 55, 34, 564, 0, 0, 0, 0, 0, 0, 4, 5, 1, 0, 0, 316]
2026-09-09 17:40:19 - __main__ - INFO - material priors: [77, 710, 0, 0, 157, 0, 73, 4, 0, 58, 60, 5, 24, 2, 141, 11]
2026-09-09 17:40:44 - __main__ - INFO - community_type priors: [45, 1233, 43, 177, 27]
2026-09-09 17:40:44 - __main__ - INFO - feature priors: [17, 34, 55, 15, 143, 2, 0, 0, 0, 0]
2026-09-09 17:40:44 - __main__ - INFO - sample_host priors: [6, 11, 32, 16, 1, 4, 4, 0, 23, 67, 45, 948, 16, 0, 16, 8, 11, 9, 0, 0, 0, 0, 4, 316]
2026-09-09 17:40:44 - __main__ - INFO - material priors: [94, 931, 16, 4, 55, 43, 143, 15, 4, 29, 8, 45, 0, 0, 385, 11]
2026-09-09 17:41:16 - __main__ - INFO - community_type priors: [51, 636, 43, 64, 16]
2026-09-09 17:41:16 - __main__ - INFO - feature priors: [6, 34, 148, 13, 72, 2, 52, 24, 0, 0]
2026-09-09 17:41:16 - __main__ - INFO - sample_host priors: [6, 11, 32, 16, 11, 4, 4, 0, 17, 12, 11, 624, 16, 0, 16, 8, 11, 9, 4, 5, 1, 0, 4, 0]
2026-09-09 17:41:16 - __main__ - INFO - material priors: [43, 393, 16, 4, 148, 43, 70, 11, 4, 35, 52, 44, 24, 2, 264, 0]
2026-09-09 17:41:28 - __main__ - INFO - community_type priors: [58, 789, 0, 139, 11]
2026-09-09 17:41:28 - __main__ - INFO - feature priors: [11, 0, 157, 6, 75, 0, 52, 24, 0, 0]
2026-09-09 17:41:28 - __main__ - INFO - sample_host priors: [0, 0, 0, 0, 12, 0, 0, 0, 6, 55, 34, 564, 0, 0, 0, 0, 0, 0, 4, 5, 1, 0, 0, 316]
2026-09-09 17:41:28 - __main__ - INFO - material priors: [77, 710, 0, 0, 157, 0, 73, 4, 0, 58, 60, 5, 24, 2, 141, 11]
2026-09-09 17:41:54 - __main__ - INFO - community_type priors: [45, 1233, 43, 177, 27]
2026-09-09 17:41:54 - __main__ - INFO - feature priors: [17, 34, 55, 15, 143, 2, 0, 0, 0, 0]
2026-09-09 17:41:54 - __main__ - INFO - sample_host priors: [6, 11, 32, 16, 1, 4, 4, 0, 23, 67, 45, 948, 16, 0, 16, 8, 11, 9, 0, 0, 0, 0, 4, 316]
2026-09-09 17:41:54 - __main__ - INFO - material priors: [94, 931, 16, 4, 55, 43, 143, 15, 4, 29, 8, 45, 0, 0, 385, 11]
2026-09-09 17:42:27 - __main__ - INFO - community_type priors: [51, 636, 43, 64, 16]
2026-09-09 17:42:27 - __main__ - INFO - feature priors: [6, 34, 148, 13, 72, 2, 52, 24, 0, 0]
2026-09-09 17:42:27 - __main__ - INFO - sample_host priors: [6, 11, 32, 16, 11, 4, 4, 0, 17, 12, 11, 624, 16, 0, 16, 8, 11, 9, 4, 5, 1, 0, 4, 0]
2026-09-09 17:42:27 - __main__ - INFO - material priors: [43, 393, 16, 4, 148, 43, 70, 11, 4, 35, 52, 44, 24, 2, 264, 0]
2026-09-09 17:42:42 - __main__ - INFO - community_type priors: [58, 789, 0, 139, 11]
2026-09-09 17:42:42 - __main__ - INFO - feature priors: [11, 0, 157, 6, 75, 0, 52, 24, 0, 0]
2026-09-09 17:42:42 - __main__ - INFO - sample_host priors: [0, 0, 0, 0, 12, 0, 0, 0, 6, 55, 34, 564, 0, 0, 0, 0, 0, 0, 4, 5, 1, 0, 0, 316]
2026-09-09 17:42:42 - __main__ - INFO - material priors: [77, 710, 0, 0, 157, 0, 73, 4, 0, 58, 60, 5, 24, 2, 141, 11]
2026-09-09 17:43:03 - __main__ - INFO - community_type priors: [45, 1233, 43, 177, 27]
2026-09-09 17:43:03 - __main__ - INFO - feature priors: [17, 34, 55, 15, 143, 2, 0, 0, 0, 0]
2026-09-09 17:43:03 - __main__ - INFO - sample_host priors: [6, 11, 32, 16, 1, 4, 4, 0, 23, 67, 45, 948, 16, 0, 16, 8, 11, 9, 0, 0, 0, 0, 4, 316]
2026-09-09 17:43:03 - __main__ - INFO - material priors: [94, 931, 16, 4, 55, 43, 143, 15, 4, 29, 8, 45, 0, 0, 385, 11]
2026-09-09 17:43:37 - __main__ - INFO - community_type priors: [51, 636, 43, 64, 16]
2026-09-09 17:43:37 - __main__ - INFO - feature priors: [6, 34, 148, 13, 72, 2, 52, 24, 0, 0]
2026-09-09 17:43:37 - __main__ - INFO - sample_host priors: [6, 11, 32, 16, 11, 4, 4, 0, 17, 12, 11, 624, 16, 0, 16, 8, 11, 9, 4, 5, 1, 0, 4, 0]
2026-09-09 17:43:37 - __main__ - INFO - material priors: [43, 393, 16, 4, 148, 43, 70, 11, 4, 35, 52, 44, 24, 2, 264, 0]
2026-09-09 17:43:56 - __main__ - INFO - community_type priors: [58, 789, 0, 139, 11]
2026-09-09 17:43:56 - __main__ - INFO - feature priors: [11, 0, 157, 6, 75, 0, 52, 24, 0, 0]
2026-09-09 17:43:56 - __main__ - INFO - sample_host priors: [0, 0, 0, 0, 12, 0, 0, 0, 6, 55, 34, 564, 0, 0, 0, 0, 0, 0, 4, 5, 1, 0, 0, 316]
2026-09-09 17:43:56 - __main__ - INFO - material priors: [77, 710, 0, 0, 157, 0, 73, 4, 0, 58, 60, 5, 24, 2, 141, 11]
2026-09-09 17:44:12 - __main__ - INFO - community_type priors: [45, 1233, 43, 177, 27]
2026-09-09 17:44:12 - __main__ - INFO - feature priors: [17, 34, 55, 15, 143, 2, 0, 0, 0, 0]
2026-09-09 17:44:12 - __main__ - INFO - sample_host priors: [6, 11, 32, 16, 1, 4, 4, 0, 23, 67, 45, 948, 16, 0, 16, 8, 11, 9, 0, 0, 0, 0, 4, 316]
2026-09-09 17:44:12 - __main__ - INFO - material priors: [94, 931, 16, 4, 55, 43, 143, 15, 4, 29, 8, 45, 0, 0, 385, 11]
2026-09-09 17:44:34 - __main__ - INFO - community_type priors: [51, 636, 43, 64, 16]
2026-09-09 17:44:34 - __main__ - INFO - feature priors: [6, 34, 148, 13, 72, 2, 52, 24, 0, 0]
2026-09-09 17:44:34 - __main__ - INFO - sample_host priors: [6, 11, 32, 16, 11, 4, 4, 0, 17, 12, 11, 624, 16, 0, 16, 8, 11, 9, 4, 5, 1, 0, 4, 0]
2026-09-09 17:44:34 - __main__ - INFO - material priors: [43, 393, 16, 4, 148, 43, 70, 11, 4, 35, 52, 44, 24, 2, 264, 0]
2026-09-09 17:44:58 - __main__ - INFO - community_type priors: [58, 789, 0, 139, 11]
2026-09-09 17:44:58 - __main__ - INFO - feature priors: [11, 0, 157, 6, 75, 0, 52, 24, 0, 0]
2026-09-09 17:44:58 - __main__ - INFO - sample_host priors: [0, 0, 0, 0, 12, 0, 0, 0, 6, 55, 34, 564, 0, 0, 0, 0, 0, 0, 4, 5, 1, 0, 0, 316]
2026-09-09 17:44:58 - __main__ - INFO - material priors: [77, 710, 0, 0, 157, 0, 73, 4, 0, 58, 60, 5, 24, 2, 141, 11]
2026-09-09 17:45:17 - __main__ - INFO - community_type priors: [45, 1233, 43, 177, 27]
2026-09-09 17:45:17 - __main__ - INFO - feature priors: [17, 34, 55, 15, 143, 2, 0, 0, 0, 0]
2026-09-09 17:45:17 - __main__ - INFO - sample_host priors: [6, 11, 32, 16, 1, 4, 4, 0, 23, 67, 45, 948, 16, 0, 16, 8, 11, 9, 0, 0, 0, 0, 4, 316]
2026-09-09 17:45:17 - __main__ - INFO - material priors: [94, 931, 16, 4, 55, 43, 143, 15, 4, 29, 8, 45, 0, 0, 385, 11]
2026-09-09 17:45:51 - __main__ - INFO - community_type priors: [51, 636, 43, 64, 16]
2026-09-09 17:45:51 - __main__ - INFO - feature priors: [6, 34, 148, 13, 72, 2, 52, 24, 0, 0]
2026-09-09 17:45:51 - __main__ - INFO - sample_host priors: [6, 11, 32, 16, 11, 4, 4, 0, 17, 12, 11, 624, 16, 0, 16, 8, 11, 9, 4, 5, 1, 0, 4, 0]
2026-09-09 17:45:51 - __main__ - INFO - material priors: [43, 393, 16, 4, 148, 43, 70, 11, 4, 35, 52, 44, 24, 2, 264, 0]
2026-09-09 17:46:16 - __main__ - INFO - community_type priors: [58, 789, 0, 139, 11]
2026-09-09 17:46:16 - __main__ - INFO - feature priors: [11, 0, 157, 6, 75, 0, 52, 24, 0, 0]
2026-09-09 17:46:16 - __main__ - INFO - sample_host priors: [0, 0, 0, 0, 12, 0, 0, 0, 6, 55, 34, 564, 0, 0, 0, 0, 0, 0, 4, 5, 1, 0, 0, 316]
2026-09-09 17:46:16 - __main__ - INFO - material priors: [77, 710, 0, 0, 157, 0, 73, 4, 0, 58, 60, 5, 24, 2, 141, 11]
2026-09-09 17:46:31 - __main__ - INFO - community_type priors: [45, 1233, 43, 177, 27]
2026-09-09 17:46:31 - __main__ - INFO - feature priors: [17, 34, 55, 15, 143, 2, 0, 0, 0, 0]
2026-09-09 17:46:31 - __main__ - INFO - sample_host priors: [6, 11, 32, 16, 1, 4, 4, 0, 23, 67, 45, 948, 16, 0, 16, 8, 11, 9, 0, 0, 0, 0, 4, 316]
2026-09-09 17:46:31 - __main__ - INFO - material priors: [94, 931, 16, 4, 55, 43, 143, 15, 4, 29, 8, 45, 0, 0, 385, 11]
2026-09-09 17:46:56 - __main__ - INFO - community_type priors: [51, 636, 43, 64, 16]
2026-09-09 17:46:56 - __main__ - INFO - feature priors: [6, 34, 148, 13, 72, 2, 52, 24, 0, 0]
2026-09-09 17:46:56 - __main__ - INFO - sample_host priors: [6, 11, 32, 16, 11, 4, 4, 0, 17, 12, 11, 624, 16, 0, 16, 8, 11, 9, 4, 5, 1, 0, 4, 0]
2026-09-09 17:46:56 - __main__ - INFO - material priors: [43, 393, 16, 4, 148, 43, 70, 11, 4, 35, 52, 44, 24, 2, 264, 0]
2026-09-09 17:47:15 - __main__ - INFO - community_type priors: [58, 789, 0, 139, 11]
2026-09-09 17:47:15 - __main__ - INFO - feature priors: [11, 0, 157, 6, 75, 0, 52, 24, 0, 0]
2026-09-09 17:47:15 - __main__ - INFO - sample_host priors: [0, 0, 0, 0, 12, 0, 0, 0, 6, 55, 34, 564, 0, 0, 0, 0, 0, 0, 4, 5, 1, 0, 0, 316]
2026-09-09 17:47:15 - __main__ - INFO - material priors: [77, 710, 0, 0, 157, 0, 73, 4, 0, 58, 60, 5, 24, 2, 141, 11]
2026-09-09 17:47:32 - __main__ - INFO - community_type priors: [45, 1233, 43, 177, 27]
2026-09-09 17:47:32 - __main__ - INFO - feature priors: [17, 34, 55, 15, 143, 2, 0, 0, 0, 0]
2026-09-09 17:47:32 - __main__ - INFO - sample_host priors: [6, 11, 32, 16, 1, 4, 4, 0, 23, 67, 45, 948, 16, 0, 16, 8, 11, 9, 0, 0, 0, 0, 4, 316]
2026-09-09 17:47:32 - __main__ - INFO - material priors: [94, 931, 16, 4, 55, 43, 143, 15, 4, 29, 8, 45, 0, 0, 385, 11]
2026-09-09 17:47:52 - __main__ - INFO - community_type priors: [51, 636, 43, 64, 16]
2026-09-09 17:47:52 - __main__ - INFO - feature priors: [6, 34, 148, 13, 72, 2, 52, 24, 0, 0]
2026-09-09 17:47:52 - __main__ - INFO - sample_host priors: [6, 11, 32, 16, 11, 4, 4, 0, 17, 12, 11, 624, 16, 0, 16, 8, 11, 9, 4, 5, 1, 0, 4, 0]
2026-09-09 17:47:52 - __main__ - INFO - material priors: [43, 393, 16, 4, 148, 43, 70, 11, 4, 35, 52, 44, 24, 2, 264, 0]
2026-09-09 17:48:18 - __main__ - INFO - community_type priors: [58, 789, 0, 139, 11]
2026-09-09 17:48:18 - __main__ - INFO - feature priors: [11, 0, 157, 6, 75, 0, 52, 24, 0, 0]
2026-09-09 17:48:18 - __main__ - INFO - sample_host priors: [0, 0, 0, 0, 12, 0, 0, 0, 6, 55, 34, 564, 0, 0, 0, 0, 0, 0, 4, 5, 1, 0, 0, 316]
2026-09-09 17:48:18 - __main__ - INFO - material priors: [77, 710, 0, 0, 157, 0, 73, 4, 0, 58, 60, 5, 24, 2, 141, 11]
2026-09-09 17:48:35 - __main__ - INFO - community_type priors: [45, 1233, 43, 177, 27]
2026-09-09 17:48:35 - __main__ - INFO - feature priors: [17, 34, 55, 15, 143, 2, 0, 0, 0, 0]
2026-09-09 17:48:35 - __main__ - INFO - sample_host priors: [6, 11, 32, 16, 1, 4, 4, 0, 23, 67, 45, 948, 16, 0, 16, 8, 11, 9, 0, 0, 0, 0, 4, 316]
2026-09-09 17:48:35 - __main__ - INFO - material priors: [94, 931, 16, 4, 55, 43, 143, 15, 4, 29, 8, 45, 0, 0, 385, 11]
2026-09-09 17:48:58 - __main__ - INFO - community_type priors: [51, 636, 43, 64, 16]
2026-09-09 17:48:58 - __main__ - INFO - feature priors: [6, 34, 148, 13, 72, 2, 52, 24, 0, 0]
2026-09-09 17:48:58 - __main__ - INFO - sample_host priors: [6, 11, 32, 16, 11, 4, 4, 0, 17, 12, 11, 624, 16, 0, 16, 8, 11, 9, 4, 5, 1, 0, 4, 0]
2026-09-09 17:48:58 - __main__ - INFO - material priors: [43, 393, 16, 4, 148, 43, 70, 11, 4, 35, 52, 44, 24, 2, 264, 0]
2026-09-09 17:49:22 - __main__ - INFO - community_type priors: [58, 789, 0, 139, 11]
2026-09-09 17:49:22 - __main__ - INFO - feature priors: [11, 0, 157, 6, 75, 0, 52, 24, 0, 0]
2026-09-09 17:49:22 - __main__ - INFO - sample_host priors: [0, 0, 0, 0, 12, 0, 0, 0, 6, 55, 34, 564, 0, 0, 0, 0, 0, 0, 4, 5, 1, 0, 0, 316]
2026-09-09 17:49:22 - __main__ - INFO - material priors: [77, 710, 0, 0, 157, 0, 73, 4, 0, 58, 60, 5, 24, 2, 141, 11]
2026-09-09 17:49:50 - __main__ - INFO - community_type priors: [45, 1233, 43, 177, 27]
2026-09-09 17:49:50 - __main__ - INFO - feature priors: [17, 34, 55, 15, 143, 2, 0, 0, 0, 0]
2026-09-09 17:49:50 - __main__ - INFO - sample_host priors: [6, 11, 32, 16, 1, 4, 4, 0, 23, 67, 45, 948, 16, 0, 16, 8, 11, 9, 0, 0, 0, 0, 4, 316]
2026-09-09 17:49:50 - __main__ - INFO - material priors: [94, 931, 16, 4, 55, 43, 143, 15, 4, 29, 8, 45, 0, 0, 385, 11]
2026-09-09 17:50:39 - __main__ - INFO - community_type priors: [51, 636, 43, 64, 16]
2026-09-09 17:50:39 - __main__ - INFO - feature priors: [6, 34, 148, 13, 72, 2, 52, 24, 0, 0]
2026-09-09 17:50:39 - __main__ - INFO - sample_host priors: [6, 11, 32, 16, 11, 4, 4, 0, 17, 12, 11, 624, 16, 0, 16, 8, 11, 9, 4, 5, 1, 0, 4, 0]
2026-09-09 17:50:39 - __main__ - INFO - material priors: [43, 393, 16, 4, 148, 43, 70, 11, 4, 35, 52, 44, 24, 2, 264, 0]
2026-09-09 17:51:18 - __main__ - INFO - community_type priors: [58, 789, 0, 139, 11]
2026-09-09 17:51:18 - __main__ - INFO - feature priors: [11, 0, 157, 6, 75, 0, 52, 24, 0, 0]
2026-09-09 17:51:18 - __main__ - INFO - sample_host priors: [0, 0, 0, 0, 12, 0, 0, 0, 6, 55, 34, 564, 0, 0, 0, 0, 0, 0, 4, 5, 1, 0, 0, 316]
2026-09-09 17:51:18 - __main__ - INFO - material priors: [77, 710, 0, 0, 157, 0, 73, 4, 0, 58, 60, 5, 24, 2, 141, 11]
2026-09-09 17:52:20 - __main__ - INFO - community_type priors: [45, 1233, 43, 177, 27]
2026-09-09 17:52:20 - __main__ - INFO - feature priors: [17, 34, 55, 15, 143, 2, 0, 0, 0, 0]
2026-09-09 17:52:20 - __main__ - INFO - sample_host priors: [6, 11, 32, 16, 1, 4, 4, 0, 23, 67, 45, 948, 16, 0, 16, 8, 11, 9, 0, 0, 0, 0, 4, 316]
2026-09-09 17:52:20 - __main__ - INFO - material priors: [94, 931, 16, 4, 55, 43, 143, 15, 4, 29, 8, 45, 0, 0, 385, 11]
2026-09-09 17:52:50 - __main__ - INFO - community_type priors: [51, 636, 43, 64, 16]
2026-09-09 17:52:50 - __main__ - INFO - feature priors: [6, 34, 148, 13, 72, 2, 52, 24, 0, 0]
2026-09-09 17:52:50 - __main__ - INFO - sample_host priors: [6, 11, 32, 16, 11, 4, 4, 0, 17, 12, 11, 624, 16, 0, 16, 8, 11, 9, 4, 5, 1, 0, 4, 0]
2026-09-09 17:52:50 - __main__ - INFO - material priors: [43, 393, 16, 4, 148, 43, 70, 11, 4, 35, 52, 44, 24, 2, 264, 0]
2026-09-09 17:53:15 - __main__ - INFO - community_type priors: [58, 789, 0, 139, 11]
2026-09-09 17:53:15 - __main__ - INFO - feature priors: [11, 0, 157, 6, 75, 0, 52, 24, 0, 0]
2026-09-09 17:53:15 - __main__ - INFO - sample_host priors: [0, 0, 0, 0, 12, 0, 0, 0, 6, 55, 34, 564, 0, 0, 0, 0, 0, 0, 4, 5, 1, 0, 0, 316]
2026-09-09 17:53:15 - __main__ - INFO - material priors: [77, 710, 0, 0, 157, 0, 73, 4, 0, 58, 60, 5, 24, 2, 141, 11]
2026-09-09 17:53:40 - __main__ - INFO - community_type priors: [45, 1233, 43, 177, 27]
2026-09-09 17:53:40 - __main__ - INFO - feature priors: [17, 34, 55, 15, 143, 2, 0, 0, 0, 0]
2026-09-09 17:53:40 - __main__ - INFO - sample_host priors: [6, 11, 32, 16, 1, 4, 4, 0, 23, 67, 45, 948, 16, 0, 16, 8, 11, 9, 0, 0, 0, 0, 4, 316]
2026-09-09 17:53:40 - __main__ - INFO - material priors: [94, 931, 16, 4, 55, 43, 143, 15, 4, 29, 8, 45, 0, 0, 385, 11]
2026-09-09 17:53:58 - __main__ - INFO - community_type priors: [51, 636, 43, 64, 16]
2026-09-09 17:53:58 - __main__ - INFO - feature priors: [6, 34, 148, 13, 72, 2, 52, 24, 0, 0]
2026-09-09 17:53:58 - __main__ - INFO - sample_host priors: [6, 11, 32, 16, 11, 4, 4, 0, 17, 12, 11, 624, 16, 0, 16, 8, 11, 9, 4, 5, 1, 0, 4, 0]
2026-09-09 17:53:58 - __main__ - INFO - material priors: [43, 393, 16, 4, 148, 43, 70, 11, 4, 35, 52, 44, 24, 2, 264, 0]
2026-09-09 17:54:22 - __main__ - INFO - community_type priors: [58, 789, 0, 139, 11]
2026-09-09 17:54:22 - __main__ - INFO - feature priors: [11, 0, 157, 6, 75, 0, 52, 24, 0, 0]
2026-09-09 17:54:22 - __main__ - INFO - sample_host priors: [0, 0, 0, 0, 12, 0, 0, 0, 6, 55, 34, 564, 0, 0, 0, 0, 0, 0, 4, 5, 1, 0, 0, 316]
2026-09-09 17:54:22 - __main__ - INFO - material priors: [77, 710, 0, 0, 157, 0, 73, 4, 0, 58, 60, 5, 24, 2, 141, 11]
2026-09-09 17:54:38 - __main__ - INFO - community_type priors: [45, 1233, 43, 177, 27]
2026-09-09 17:54:38 - __main__ - INFO - feature priors: [17, 34, 55, 15, 143, 2, 0, 0, 0, 0]
2026-09-09 17:54:38 - __main__ - INFO - sample_host priors: [6, 11, 32, 16, 1, 4, 4, 0, 23, 67, 45, 948, 16, 0, 16, 8, 11, 9, 0, 0, 0, 0, 4, 316]
2026-09-09 17:54:38 - __main__ - INFO - material priors: [94, 931, 16, 4, 55, 43, 143, 15, 4, 29, 8, 45, 0, 0, 385, 11]
2026-09-09 17:55:06 - __main__ - INFO - community_type priors: [51, 636, 43, 64, 16]
2026-09-09 17:55:06 - __main__ - INFO - feature priors: [6, 34, 148, 13, 72, 2, 52, 24, 0, 0]
2026-09-09 17:55:06 - __main__ - INFO - sample_host priors: [6, 11, 32, 16, 11, 4, 4, 0, 17, 12, 11, 624, 16, 0, 16, 8, 11, 9, 4, 5, 1, 0, 4, 0]
2026-09-09 17:55:06 - __main__ - INFO - material priors: [43, 393, 16, 4, 148, 43, 70, 11, 4, 35, 52, 44, 24, 2, 264, 0]
2026-09-09 17:55:33 - __main__ - INFO - community_type priors: [58, 789, 0, 139, 11]
2026-09-09 17:55:33 - __main__ - INFO - feature priors: [11, 0, 157, 6, 75, 0, 52, 24, 0, 0]
2026-09-09 17:55:33 - __main__ - INFO - sample_host priors: [0, 0, 0, 0, 12, 0, 0, 0, 6, 55, 34, 564, 0, 0, 0, 0, 0, 0, 4, 5, 1, 0, 0, 316]
2026-09-09 17:55:33 - __main__ - INFO - material priors: [77, 710, 0, 0, 157, 0, 73, 4, 0, 58, 60, 5, 24, 2, 141, 11]
2026-09-09 17:55:47 - __main__ - INFO - community_type priors: [45, 1233, 43, 177, 27]
2026-09-09 17:55:47 - __main__ - INFO - feature priors: [17, 34, 55, 15, 143, 2, 0, 0, 0, 0]
2026-09-09 17:55:47 - __main__ - INFO - sample_host priors: [6, 11, 32, 16, 1, 4, 4, 0, 23, 67, 45, 948, 16, 0, 16, 8, 11, 9, 0, 0, 0, 0, 4, 316]
2026-09-09 17:55:47 - __main__ - INFO - material priors: [94, 931, 16, 4, 55, 43, 143, 15, 4, 29, 8, 45, 0, 0, 385, 11]
2026-09-09 17:56:06 - __main__ - INFO - community_type priors: [51, 636, 43, 64, 16]
2026-09-09 17:56:06 - __main__ - INFO - feature priors: [6, 34, 148, 13, 72, 2, 52, 24, 0, 0]
2026-09-09 17:56:06 - __main__ - INFO - sample_host priors: [6, 11, 32, 16, 11, 4, 4, 0, 17, 12, 11, 624, 16, 0, 16, 8, 11, 9, 4, 5, 1, 0, 4, 0]
2026-09-09 17:56:06 - __main__ - INFO - material priors: [43, 393, 16, 4, 148, 43, 70, 11, 4, 35, 52, 44, 24, 2, 264, 0]
2026-09-09 17:56:25 - __main__ - INFO - community_type priors: [58, 789, 0, 139, 11]
2026-09-09 17:56:25 - __main__ - INFO - feature priors: [11, 0, 157, 6, 75, 0, 52, 24, 0, 0]
2026-09-09 17:56:25 - __main__ - INFO - sample_host priors: [0, 0, 0, 0, 12, 0, 0, 0, 6, 55, 34, 564, 0, 0, 0, 0, 0, 0, 4, 5, 1, 0, 0, 316]
2026-09-09 17:56:25 - __main__ - INFO - material priors: [77, 710, 0, 0, 157, 0, 73, 4, 0, 58, 60, 5, 24, 2, 141, 11]
2026-09-09 17:56:39 - __main__ - INFO - community_type priors: [45, 1233, 43, 177, 27]
2026-09-09 17:56:39 - __main__ - INFO - feature priors: [17, 34, 55, 15, 143, 2, 0, 0, 0, 0]
2026-09-09 17:56:39 - __main__ - INFO - sample_host priors: [6, 11, 32, 16, 1, 4, 4, 0, 23, 67, 45, 948, 16, 0, 16, 8, 11, 9, 0, 0, 0, 0, 4, 316]
2026-09-09 17:56:39 - __main__ - INFO - material priors: [94, 931, 16, 4, 55, 43, 143, 15, 4, 29, 8, 45, 0, 0, 385, 11]
2026-09-09 17:57:02 - __main__ - INFO - community_type priors: [51, 636, 43, 64, 16]
2026-09-09 17:57:02 - __main__ - INFO - feature priors: [6, 34, 148, 13, 72, 2, 52, 24, 0, 0]
2026-09-09 17:57:02 - __main__ - INFO - sample_host priors: [6, 11, 32, 16, 11, 4, 4, 0, 17, 12, 11, 624, 16, 0, 16, 8, 11, 9, 4, 5, 1, 0, 4, 0]
2026-09-09 17:57:02 - __main__ - INFO - material priors: [43, 393, 16, 4, 148, 43, 70, 11, 4, 35, 52, 44, 24, 2, 264, 0]
2026-09-09 17:57:27 - __main__ - INFO - community_type priors: [58, 789, 0, 139, 11]
2026-09-09 17:57:27 - __main__ - INFO - feature priors: [11, 0, 157, 6, 75, 0, 52, 24, 0, 0]
2026-09-09 17:57:27 - __main__ - INFO - sample_host priors: [0, 0, 0, 0, 12, 0, 0, 0, 6, 55, 34, 564, 0, 0, 0, 0, 0, 0, 4, 5, 1, 0, 0, 316]
2026-09-09 17:57:27 - __main__ - INFO - material priors: [77, 710, 0, 0, 157, 0, 73, 4, 0, 58, 60, 5, 24, 2, 141, 11]
2026-09-09 17:57:49 - __main__ - INFO - community_type priors: [45, 1233, 43, 177, 27]
2026-09-09 17:57:49 - __main__ - INFO - feature priors: [17, 34, 55, 15, 143, 2, 0, 0, 0, 0]
2026-09-09 17:57:49 - __main__ - INFO - sample_host priors: [6, 11, 32, 16, 1, 4, 4, 0, 23, 67, 45, 948, 16, 0, 16, 8, 11, 9, 0, 0, 0, 0, 4, 316]
2026-09-09 17:57:49 - __main__ - INFO - material priors: [94, 931, 16, 4, 55, 43, 143, 15, 4, 29, 8, 45, 0, 0, 385, 11]
2026-09-09 17:58:06 - __main__ - INFO - community_type priors: [51, 636, 43, 64, 16]
2026-09-09 17:58:06 - __main__ - INFO - feature priors: [6, 34, 148, 13, 72, 2, 52, 24, 0, 0]
2026-09-09 17:58:06 - __main__ - INFO - sample_host priors: [6, 11, 32, 16, 11, 4, 4, 0, 17, 12, 11, 624, 16, 0, 16, 8, 11, 9, 4, 5, 1, 0, 4, 0]
2026-09-09 17:58:06 - __main__ - INFO - material priors: [43, 393, 16, 4, 148, 43, 70, 11, 4, 35, 52, 44, 24, 2, 264, 0]
2026-09-09 17:58:29 - __main__ - INFO - community_type priors: [58, 789, 0, 139, 11]
2026-09-09 17:58:29 - __main__ - INFO - feature priors: [11, 0, 157, 6, 75, 0, 52, 24, 0, 0]
2026-09-09 17:58:29 - __main__ - INFO - sample_host priors: [0, 0, 0, 0, 12, 0, 0, 0, 6, 55, 34, 564, 0, 0, 0, 0, 0, 0, 4, 5, 1, 0, 0, 316]
2026-09-09 17:58:29 - __main__ - INFO - material priors: [77, 710, 0, 0, 157, 0, 73, 4, 0, 58, 60, 5, 24, 2, 141, 11]
2026-09-09 17:58:45 - __main__ - INFO - community_type priors: [45, 1233, 43, 177, 27]
2026-09-09 17:58:45 - __main__ - INFO - feature priors: [17, 34, 55, 15, 143, 2, 0, 0, 0, 0]
2026-09-09 17:58:45 - __main__ - INFO - sample_host priors: [6, 11, 32, 16, 1, 4, 4, 0, 23, 67, 45, 948, 16, 0, 16, 8, 11, 9, 0, 0, 0, 0, 4, 316]
2026-09-09 17:58:45 - __main__ - INFO - material priors: [94, 931, 16, 4, 55, 43, 143, 15, 4, 29, 8, 45, 0, 0, 385, 11]
2026-09-09 17:59:04 - __main__ - INFO - community_type priors: [51, 636, 43, 64, 16]
2026-09-09 17:59:04 - __main__ - INFO - feature priors: [6, 34, 148, 13, 72, 2, 52, 24, 0, 0]
2026-09-09 17:59:04 - __main__ - INFO - sample_host priors: [6, 11, 32, 16, 11, 4, 4, 0, 17, 12, 11, 624, 16, 0, 16, 8, 11, 9, 4, 5, 1, 0, 4, 0]
2026-09-09 17:59:04 - __main__ - INFO - material priors: [43, 393, 16, 4, 148, 43, 70, 11, 4, 35, 52, 44, 24, 2, 264, 0]
2026-09-09 17:59:28 - __main__ - INFO - community_type priors: [58, 789, 0, 139, 11]
2026-09-09 17:59:28 - __main__ - INFO - feature priors: [11, 0, 157, 6, 75, 0, 52, 24, 0, 0]
2026-09-09 17:59:28 - __main__ - INFO - sample_host priors: [0, 0, 0, 0, 12, 0, 0, 0, 6, 55, 34, 564, 0, 0, 0, 0, 0, 0, 4, 5, 1, 0, 0, 316]
2026-09-09 17:59:28 - __main__ - INFO - material priors: [77, 710, 0, 0, 157, 0, 73, 4, 0, 58, 60, 5, 24, 2, 141, 11]
2026-09-09 17:59:51 - __main__ - INFO - community_type priors: [45, 1233, 43, 177, 27]
2026-09-09 17:59:51 - __main__ - INFO - feature priors: [17, 34, 55, 15, 143, 2, 0, 0, 0, 0]
2026-09-09 17:59:51 - __main__ - INFO - sample_host priors: [6, 11, 32, 16, 1, 4, 4, 0, 23, 67, 45, 948, 16, 0, 16, 8, 11, 9, 0, 0, 0, 0, 4, 316]
2026-09-09 17:59:51 - __main__ - INFO - material priors: [94, 931, 16, 4, 55, 43, 143, 15, 4, 29, 8, 45, 0, 0, 385, 11]
2026-09-09 18:00:43 - __main__ - INFO - community_type priors: [51, 636, 43, 64, 16]
2026-09-09 18:00:43 - __main__ - INFO - feature priors: [6, 34, 148, 13, 72, 2, 52, 24, 0, 0]
2026-09-09 18:00:43 - __main__ - INFO - sample_host priors: [6, 11, 32, 16, 11, 4, 4, 0, 17, 12, 11, 624, 16, 0, 16, 8, 11, 9, 4, 5, 1, 0, 4, 0]
2026-09-09 18:00:43 - __main__ - INFO - material priors: [43, 393, 16, 4, 148, 43, 70, 11, 4, 35, 52, 44, 24, 2, 264, 0]
2026-09-09 18:01:03 - __main__ - INFO - community_type priors: [58, 789, 0, 139, 11]
2026-09-09 18:01:03 - __main__ - INFO - feature priors: [11, 0, 157, 6, 75, 0, 52, 24, 0, 0]
2026-09-09 18:01:03 - __main__ - INFO - sample_host priors: [0, 0, 0, 0, 12, 0, 0, 0, 6, 55, 34, 564, 0, 0, 0, 0, 0, 0, 4, 5, 1, 0, 0, 316]
2026-09-09 18:01:03 - __main__ - INFO - material priors: [77, 710, 0, 0, 157, 0, 73, 4, 0, 58, 60, 5, 24, 2, 141, 11]
2026-09-09 18:01:25 - __main__ - INFO - community_type priors: [45, 1233, 43, 177, 27]
2026-09-09 18:01:25 - __main__ - INFO - feature priors: [17, 34, 55, 15, 143, 2, 0, 0, 0, 0]
2026-09-09 18:01:25 - __main__ - INFO - sample_host priors: [6, 11, 32, 16, 1, 4, 4, 0, 23, 67, 45, 948, 16, 0, 16, 8, 11, 9, 0, 0, 0, 0, 4, 316]
2026-09-09 18:01:25 - __main__ - INFO - material priors: [94, 931, 16, 4, 55, 43, 143, 15, 4, 29, 8, 45, 0, 0, 385, 11]
2026-09-09 18:02:23 - __main__ - INFO - community_type priors: [51, 636, 43, 64, 16]
2026-09-09 18:02:23 - __main__ - INFO - feature priors: [6, 34, 148, 13, 72, 2, 52, 24, 0, 0]
2026-09-09 18:02:23 - __main__ - INFO - sample_host priors: [6, 11, 32, 16, 11, 4, 4, 0, 17, 12, 11, 624, 16, 0, 16, 8, 11, 9, 4, 5, 1, 0, 4, 0]
2026-09-09 18:02:23 - __main__ - INFO - material priors: [43, 393, 16, 4, 148, 43, 70, 11, 4, 35, 52, 44, 24, 2, 264, 0]
2026-09-09 18:03:36 - __main__ - INFO - community_type priors: [58, 789, 0, 139, 11]
2026-09-09 18:03:36 - __main__ - INFO - feature priors: [11, 0, 157, 6, 75, 0, 52, 24, 0, 0]
2026-09-09 18:03:36 - __main__ - INFO - sample_host priors: [0, 0, 0, 0, 12, 0, 0, 0, 6, 55, 34, 564, 0, 0, 0, 0, 0, 0, 4, 5, 1, 0, 0, 316]
2026-09-09 18:03:36 - __main__ - INFO - material priors: [77, 710, 0, 0, 157, 0, 73, 4, 0, 58, 60, 5, 24, 2, 141, 11]
2026-09-09 18:04:24 - __main__ - INFO - community_type priors: [45, 1233, 43, 177, 27]
2026-09-09 18:04:24 - __main__ - INFO - feature priors: [17, 34, 55, 15, 143, 2, 0, 0, 0, 0]
2026-09-09 18:04:24 - __main__ - INFO - sample_host priors: [6, 11, 32, 16, 1, 4, 4, 0, 23, 67, 45, 948, 16, 0, 16, 8, 11, 9, 0, 0, 0, 0, 4, 316]
2026-09-09 18:04:24 - __main__ - INFO - material priors: [94, 931, 16, 4, 55, 43, 143, 15, 4, 29, 8, 45, 0, 0, 385, 11]
2026-09-09 18:05:31 - __main__ - INFO - community_type priors: [51, 636, 43, 64, 16]
2026-09-09 18:05:31 - __main__ - INFO - feature priors: [6, 34, 148, 13, 72, 2, 52, 24, 0, 0]
2026-09-09 18:05:31 - __main__ - INFO - sample_host priors: [6, 11, 32, 16, 11, 4, 4, 0, 17, 12, 11, 624, 16, 0, 16, 8, 11, 9, 4, 5, 1, 0, 4, 0]
2026-09-09 18:05:31 - __main__ - INFO - material priors: [43, 393, 16, 4, 148, 43, 70, 11, 4, 35, 52, 44, 24, 2, 264, 0]
2026-09-09 18:06:13 - __main__ - INFO - community_type priors: [58, 789, 0, 139, 11]
2026-09-09 18:06:13 - __main__ - INFO - feature priors: [11, 0, 157, 6, 75, 0, 52, 24, 0, 0]
2026-09-09 18:06:13 - __main__ - INFO - sample_host priors: [0, 0, 0, 0, 12, 0, 0, 0, 6, 55, 34, 564, 0, 0, 0, 0, 0, 0, 4, 5, 1, 0, 0, 316]
2026-09-09 18:06:13 - __main__ - INFO - material priors: [77, 710, 0, 0, 157, 0, 73, 4, 0, 58, 60, 5, 24, 2, 141, 11]
2026-09-09 18:07:15 - __main__ - INFO - community_type priors: [45, 1233, 43, 177, 27]
2026-09-09 18:07:15 - __main__ - INFO - feature priors: [17, 34, 55, 15, 143, 2, 0, 0, 0, 0]
2026-09-09 18:07:15 - __main__ - INFO - sample_host priors: [6, 11, 32, 16, 1, 4, 4, 0, 23, 67, 45, 948, 16, 0, 16, 8, 11, 9, 0, 0, 0, 0, 4, 316]
2026-09-09 18:07:15 - __main__ - INFO - material priors: [94, 931, 16, 4, 55, 43, 143, 15, 4, 29, 8, 45, 0, 0, 385, 11]
2026-09-09 18:07:39 - __main__ - INFO - community_type priors: [51, 636, 43, 64, 16]
2026-09-09 18:07:39 - __main__ - INFO - feature priors: [6, 34, 148, 13, 72, 2, 52, 24, 0, 0]
2026-09-09 18:07:39 - __main__ - INFO - sample_host priors: [6, 11, 32, 16, 11, 4, 4, 0, 17, 12, 11, 624, 16, 0, 16, 8, 11, 9, 4, 5, 1, 0, 4, 0]
2026-09-09 18:07:39 - __main__ - INFO - material priors: [43, 393, 16, 4, 148, 43, 70, 11, 4, 35, 52, 44, 24, 2, 264, 0]
2026-09-09 18:07:52 - __main__ - INFO - community_type priors: [58, 789, 0, 139, 11]
2026-09-09 18:07:52 - __main__ - INFO - feature priors: [11, 0, 157, 6, 75, 0, 52, 24, 0, 0]
2026-09-09 18:07:52 - __main__ - INFO - sample_host priors: [0, 0, 0, 0, 12, 0, 0, 0, 6, 55, 34, 564, 0, 0, 0, 0, 0, 0, 4, 5, 1, 0, 0, 316]
2026-09-09 18:07:52 - __main__ - INFO - material priors: [77, 710, 0, 0, 157, 0, 73, 4, 0, 58, 60, 5, 24, 2, 141, 11]
2026-09-09 18:08:13 - __main__ - INFO - community_type priors: [45, 1233, 43, 177, 27]
2026-09-09 18:08:13 - __main__ - INFO - feature priors: [17, 34, 55, 15, 143, 2, 0, 0, 0, 0]
2026-09-09 18:08:13 - __main__ - INFO - sample_host priors: [6, 11, 32, 16, 1, 4, 4, 0, 23, 67, 45, 948, 16, 0, 16, 8, 11, 9, 0, 0, 0, 0, 4, 316]
2026-09-09 18:08:13 - __main__ - INFO - material priors: [94, 931, 16, 4, 55, 43, 143, 15, 4, 29, 8, 45, 0, 0, 385, 11]
2026-09-09 18:08:43 - __main__ - INFO - community_type priors: [51, 636, 43, 64, 16]
2026-09-09 18:08:43 - __main__ - INFO - feature priors: [6, 34, 148, 13, 72, 2, 52, 24, 0, 0]
2026-09-09 18:08:43 - __main__ - INFO - sample_host priors: [6, 11, 32, 16, 11, 4, 4, 0, 17, 12, 11, 624, 16, 0, 16, 8, 11, 9, 4, 5, 1, 0, 4, 0]
2026-09-09 18:08:43 - __main__ - INFO - material priors: [43, 393, 16, 4, 148, 43, 70, 11, 4, 35, 52, 44, 24, 2, 264, 0]
2026-09-09 18:09:07 - __main__ - INFO - community_type priors: [58, 789, 0, 139, 11]
2026-09-09 18:09:07 - __main__ - INFO - feature priors: [11, 0, 157, 6, 75, 0, 52, 24, 0, 0]
2026-09-09 18:09:07 - __main__ - INFO - sample_host priors: [0, 0, 0, 0, 12, 0, 0, 0, 6, 55, 34, 564, 0, 0, 0, 0, 0, 0, 4, 5, 1, 0, 0, 316]
2026-09-09 18:09:07 - __main__ - INFO - material priors: [77, 710, 0, 0, 157, 0, 73, 4, 0, 58, 60, 5, 24, 2, 141, 11]
2026-09-09 18:09:30 - __main__ - INFO - community_type priors: [45, 1233, 43, 177, 27]
2026-09-09 18:09:30 - __main__ - INFO - feature priors: [17, 34, 55, 15, 143, 2, 0, 0, 0, 0]
2026-09-09 18:09:30 - __main__ - INFO - sample_host priors: [6, 11, 32, 16, 1, 4, 4, 0, 23, 67, 45, 948, 16, 0, 16, 8, 11, 9, 0, 0, 0, 0, 4, 316]
2026-09-09 18:09:30 - __main__ - INFO - material priors: [94, 931, 16, 4, 55, 43, 143, 15, 4, 29, 8, 45, 0, 0, 385, 11]
2026-09-09 18:10:03 - __main__ - INFO - community_type priors: [51, 636, 43, 64, 16]
2026-09-09 18:10:03 - __main__ - INFO - feature priors: [6, 34, 148, 13, 72, 2, 52, 24, 0, 0]
2026-09-09 18:10:03 - __main__ - INFO - sample_host priors: [6, 11, 32, 16, 11, 4, 4, 0, 17, 12, 11, 624, 16, 0, 16, 8, 11, 9, 4, 5, 1, 0, 4, 0]
2026-09-09 18:10:03 - __main__ - INFO - material priors: [43, 393, 16, 4, 148, 43, 70, 11, 4, 35, 52, 44, 24, 2, 264, 0]
2026-09-09 18:10:30 - __main__ - INFO - community_type priors: [58, 789, 0, 139, 11]
2026-09-09 18:10:30 - __main__ - INFO - feature priors: [11, 0, 157, 6, 75, 0, 52, 24, 0, 0]
2026-09-09 18:10:30 - __main__ - INFO - sample_host priors: [0, 0, 0, 0, 12, 0, 0, 0, 6, 55, 34, 564, 0, 0, 0, 0, 0, 0, 4, 5, 1, 0, 0, 316]
2026-09-09 18:10:30 - __main__ - INFO - material priors: [77, 710, 0, 0, 157, 0, 73, 4, 0, 58, 60, 5, 24, 2, 141, 11]
2026-09-09 18:10:52 - __main__ - INFO - community_type priors: [45, 1233, 43, 177, 27]
2026-09-09 18:10:52 - __main__ - INFO - feature priors: [17, 34, 55, 15, 143, 2, 0, 0, 0, 0]
2026-09-09 18:10:52 - __main__ - INFO - sample_host priors: [6, 11, 32, 16, 1, 4, 4, 0, 23, 67, 45, 948, 16, 0, 16, 8, 11, 9, 0, 0, 0, 0, 4, 316]
2026-09-09 18:10:52 - __main__ - INFO - material priors: [94, 931, 16, 4, 55, 43, 143, 15, 4, 29, 8, 45, 0, 0, 385, 11]
2026-09-09 18:11:18 - __main__ - INFO - community_type priors: [51, 636, 43, 64, 16]
2026-09-09 18:11:18 - __main__ - INFO - feature priors: [6, 34, 148, 13, 72, 2, 52, 24, 0, 0]
2026-09-09 18:11:18 - __main__ - INFO - sample_host priors: [6, 11, 32, 16, 11, 4, 4, 0, 17, 12, 11, 624, 16, 0, 16, 8, 11, 9, 4, 5, 1, 0, 4, 0]
2026-09-09 18:11:18 - __main__ - INFO - material priors: [43, 393, 16, 4, 148, 43, 70, 11, 4, 35, 52, 44, 24, 2, 264, 0]
2026-09-09 18:11:39 - __main__ - INFO - community_type priors: [58, 789, 0, 139, 11]
2026-09-09 18:11:39 - __main__ - INFO - feature priors: [11, 0, 157, 6, 75, 0, 52, 24, 0, 0]
2026-09-09 18:11:39 - __main__ - INFO - sample_host priors: [0, 0, 0, 0, 12, 0, 0, 0, 6, 55, 34, 564, 0, 0, 0, 0, 0, 0, 4, 5, 1, 0, 0, 316]
2026-09-09 18:11:39 - __main__ - INFO - material priors: [77, 710, 0, 0, 157, 0, 73, 4, 0, 58, 60, 5, 24, 2, 141, 11]
2026-09-09 18:11:56 - __main__ - INFO - community_type priors: [45, 1233, 43, 177, 27]
2026-09-09 18:11:56 - __main__ - INFO - feature priors: [17, 34, 55, 15, 143, 2, 0, 0, 0, 0]
2026-09-09 18:11:56 - __main__ - INFO - sample_host priors: [6, 11, 32, 16, 1, 4, 4, 0, 23, 67, 45, 948, 16, 0, 16, 8, 11, 9, 0, 0, 0, 0, 4, 316]
2026-09-09 18:11:56 - __main__ - INFO - material priors: [94, 931, 16, 4, 55, 43, 143, 15, 4, 29, 8, 45, 0, 0, 385, 11]
2026-09-09 18:12:25 - __main__ - INFO - community_type priors: [51, 636, 43, 64, 16]
2026-09-09 18:12:25 - __main__ - INFO - feature priors: [6, 34, 148, 13, 72, 2, 52, 24, 0, 0]
2026-09-09 18:12:25 - __main__ - INFO - sample_host priors: [6, 11, 32, 16, 11, 4, 4, 0, 17, 12, 11, 624, 16, 0, 16, 8, 11, 9, 4, 5, 1, 0, 4, 0]
2026-09-09 18:12:25 - __main__ - INFO - material priors: [43, 393, 16, 4, 148, 43, 70, 11, 4, 35, 52, 44, 24, 2, 264, 0]
2026-09-09 18:12:45 - __main__ - INFO - community_type priors: [58, 789, 0, 139, 11]
2026-09-09 18:12:45 - __main__ - INFO - feature priors: [11, 0, 157, 6, 75, 0, 52, 24, 0, 0]
2026-09-09 18:12:45 - __main__ - INFO - sample_host priors: [0, 0, 0, 0, 12, 0, 0, 0, 6, 55, 34, 564, 0, 0, 0, 0, 0, 0, 4, 5, 1, 0, 0, 316]
2026-09-09 18:12:45 - __main__ - INFO - material priors: [77, 710, 0, 0, 157, 0, 73, 4, 0, 58, 60, 5, 24, 2, 141, 11]
2026-09-09 18:13:09 - __main__ - INFO - community_type priors: [45, 1233, 43, 177, 27]
2026-09-09 18:13:09 - __main__ - INFO - feature priors: [17, 34, 55, 15, 143, 2, 0, 0, 0, 0]
2026-09-09 18:13:09 - __main__ - INFO - sample_host priors: [6, 11, 32, 16, 1, 4, 4, 0, 23, 67, 45, 948, 16, 0, 16, 8, 11, 9, 0, 0, 0, 0, 4, 316]
2026-09-09 18:13:09 - __main__ - INFO - material priors: [94, 931, 16, 4, 55, 43, 143, 15, 4, 29, 8, 45, 0, 0, 385, 11]
2026-09-09 18:13:27 - __main__ - INFO - community_type priors: [51, 636, 43, 64, 16]
2026-09-09 18:13:27 - __main__ - INFO - feature priors: [6, 34, 148, 13, 72, 2, 52, 24, 0, 0]
2026-09-09 18:13:27 - __main__ - INFO - sample_host priors: [6, 11, 32, 16, 11, 4, 4, 0, 17, 12, 11, 624, 16, 0, 16, 8, 11, 9, 4, 5, 1, 0, 4, 0]
2026-09-09 18:13:27 - __main__ - INFO - material priors: [43, 393, 16, 4, 148, 43, 70, 11, 4, 35, 52, 44, 24, 2, 264, 0]
2026-09-09 18:13:47 - __main__ - INFO - community_type priors: [58, 789, 0, 139, 11]
2026-09-09 18:13:47 - __main__ - INFO - feature priors: [11, 0, 157, 6, 75, 0, 52, 24, 0, 0]
2026-09-09 18:13:47 - __main__ - INFO - sample_host priors: [0, 0, 0, 0, 12, 0, 0, 0, 6, 55, 34, 564, 0, 0, 0, 0, 0, 0, 4, 5, 1, 0, 0, 316]
2026-09-09 18:13:47 - __main__ - INFO - material priors: [77, 710, 0, 0, 157, 0, 73, 4, 0, 58, 60, 5, 24, 2, 141, 11]
2026-09-09 18:14:12 - __main__ - INFO - community_type priors: [45, 1233, 43, 177, 27]
2026-09-09 18:14:12 - __main__ - INFO - feature priors: [17, 34, 55, 15, 143, 2, 0, 0, 0, 0]
2026-09-09 18:14:12 - __main__ - INFO - sample_host priors: [6, 11, 32, 16, 1, 4, 4, 0, 23, 67, 45, 948, 16, 0, 16, 8, 11, 9, 0, 0, 0, 0, 4, 316]
2026-09-09 18:14:12 - __main__ - INFO - material priors: [94, 931, 16, 4, 55, 43, 143, 15, 4, 29, 8, 45, 0, 0, 385, 11]
2026-09-09 18:14:43 - __main__ - INFO - community_type priors: [51, 636, 43, 64, 16]
2026-09-09 18:14:43 - __main__ - INFO - feature priors: [6, 34, 148, 13, 72, 2, 52, 24, 0, 0]
2026-09-09 18:14:43 - __main__ - INFO - sample_host priors: [6, 11, 32, 16, 11, 4, 4, 0, 17, 12, 11, 624, 16, 0, 16, 8, 11, 9, 4, 5, 1, 0, 4, 0]
2026-09-09 18:14:43 - __main__ - INFO - material priors: [43, 393, 16, 4, 148, 43, 70, 11, 4, 35, 52, 44, 24, 2, 264, 0]
2026-09-09 18:15:03 - __main__ - INFO - community_type priors: [58, 789, 0, 139, 11]
2026-09-09 18:15:03 - __main__ - INFO - feature priors: [11, 0, 157, 6, 75, 0, 52, 24, 0, 0]
2026-09-09 18:15:03 - __main__ - INFO - sample_host priors: [0, 0, 0, 0, 12, 0, 0, 0, 6, 55, 34, 564, 0, 0, 0, 0, 0, 0, 4, 5, 1, 0, 0, 316]
2026-09-09 18:15:03 - __main__ - INFO - material priors: [77, 710, 0, 0, 157, 0, 73, 4, 0, 58, 60, 5, 24, 2, 141, 11]
2026-09-09 18:15:28 - __main__ - INFO - community_type priors: [45, 1233, 43, 177, 27]
2026-09-09 18:15:28 - __main__ - INFO - feature priors: [17, 34, 55, 15, 143, 2, 0, 0, 0, 0]
2026-09-09 18:15:28 - __main__ - INFO - sample_host priors: [6, 11, 32, 16, 1, 4, 4, 0, 23, 67, 45, 948, 16, 0, 16, 8, 11, 9, 0, 0, 0, 0, 4, 316]
2026-09-09 18:15:28 - __main__ - INFO - material priors: [94, 931, 16, 4, 55, 43, 143, 15, 4, 29, 8, 45, 0, 0, 385, 11]
2026-09-09 18:15:58 - __main__ - INFO - community_type priors: [51, 636, 43, 64, 16]
2026-09-09 18:15:58 - __main__ - INFO - feature priors: [6, 34, 148, 13, 72, 2, 52, 24, 0, 0]
2026-09-09 18:15:58 - __main__ - INFO - sample_host priors: [6, 11, 32, 16, 11, 4, 4, 0, 17, 12, 11, 624, 16, 0, 16, 8, 11, 9, 4, 5, 1, 0, 4, 0]
2026-09-09 18:15:58 - __main__ - INFO - material priors: [43, 393, 16, 4, 148, 43, 70, 11, 4, 35, 52, 44, 24, 2, 264, 0]
2026-09-09 18:16:18 - __main__ - INFO - community_type priors: [58, 789, 0, 139, 11]
2026-09-09 18:16:18 - __main__ - INFO - feature priors: [11, 0, 157, 6, 75, 0, 52, 24, 0, 0]
2026-09-09 18:16:18 - __main__ - INFO - sample_host priors: [0, 0, 0, 0, 12, 0, 0, 0, 6, 55, 34, 564, 0, 0, 0, 0, 0, 0, 4, 5, 1, 0, 0, 316]
2026-09-09 18:16:18 - __main__ - INFO - material priors: [77, 710, 0, 0, 157, 0, 73, 4, 0, 58, 60, 5, 24, 2, 141, 11]
2026-09-09 18:16:34 - __main__ - INFO - community_type priors: [45, 1233, 43, 177, 27]
2026-09-09 18:16:34 - __main__ - INFO - feature priors: [17, 34, 55, 15, 143, 2, 0, 0, 0, 0]
2026-09-09 18:16:34 - __main__ - INFO - sample_host priors: [6, 11, 32, 16, 1, 4, 4, 0, 23, 67, 45, 948, 16, 0, 16, 8, 11, 9, 0, 0, 0, 0, 4, 316]
2026-09-09 18:16:34 - __main__ - INFO - material priors: [94, 931, 16, 4, 55, 43, 143, 15, 4, 29, 8, 45, 0, 0, 385, 11]
2026-09-09 18:17:06 - __main__ - INFO - community_type priors: [51, 636, 43, 64, 16]
2026-09-09 18:17:06 - __main__ - INFO - feature priors: [6, 34, 148, 13, 72, 2, 52, 24, 0, 0]
2026-09-09 18:17:06 - __main__ - INFO - sample_host priors: [6, 11, 32, 16, 11, 4, 4, 0, 17, 12, 11, 624, 16, 0, 16, 8, 11, 9, 4, 5, 1, 0, 4, 0]
2026-09-09 18:17:06 - __main__ - INFO - material priors: [43, 393, 16, 4, 148, 43, 70, 11, 4, 35, 52, 44, 24, 2, 264, 0]
2026-09-09 18:17:27 - __main__ - INFO - community_type priors: [58, 789, 0, 139, 11]
2026-09-09 18:17:27 - __main__ - INFO - feature priors: [11, 0, 157, 6, 75, 0, 52, 24, 0, 0]
2026-09-09 18:17:27 - __main__ - INFO - sample_host priors: [0, 0, 0, 0, 12, 0, 0, 0, 6, 55, 34, 564, 0, 0, 0, 0, 0, 0, 4, 5, 1, 0, 0, 316]
2026-09-09 18:17:27 - __main__ - INFO - material priors: [77, 710, 0, 0, 157, 0, 73, 4, 0, 58, 60, 5, 24, 2, 141, 11]
2026-09-09 18:17:44 - __main__ - INFO - community_type priors: [45, 1233, 43, 177, 27]
2026-09-09 18:17:44 - __main__ - INFO - feature priors: [17, 34, 55, 15, 143, 2, 0, 0, 0, 0]
2026-09-09 18:17:44 - __main__ - INFO - sample_host priors: [6, 11, 32, 16, 1, 4, 4, 0, 23, 67, 45, 948, 16, 0, 16, 8, 11, 9, 0, 0, 0, 0, 4, 316]
2026-09-09 18:17:44 - __main__ - INFO - material priors: [94, 931, 16, 4, 55, 43, 143, 15, 4, 29, 8, 45, 0, 0, 385, 11]
2026-09-09 18:18:01 - __main__ - INFO - community_type priors: [51, 636, 43, 64, 16]
2026-09-09 18:18:01 - __main__ - INFO - feature priors: [6, 34, 148, 13, 72, 2, 52, 24, 0, 0]
2026-09-09 18:18:01 - __main__ - INFO - sample_host priors: [6, 11, 32, 16, 11, 4, 4, 0, 17, 12, 11, 624, 16, 0, 16, 8, 11, 9, 4, 5, 1, 0, 4, 0]
2026-09-09 18:18:01 - __main__ - INFO - material priors: [43, 393, 16, 4, 148, 43, 70, 11, 4, 35, 52, 44, 24, 2, 264, 0]
2026-09-09 18:18:15 - __main__ - INFO - community_type priors: [58, 789, 0, 139, 11]
2026-09-09 18:18:15 - __main__ - INFO - feature priors: [11, 0, 157, 6, 75, 0, 52, 24, 0, 0]
2026-09-09 18:18:15 - __main__ - INFO - sample_host priors: [0, 0, 0, 0, 12, 0, 0, 0, 6, 55, 34, 564, 0, 0, 0, 0, 0, 0, 4, 5, 1, 0, 0, 316]
2026-09-09 18:18:15 - __main__ - INFO - material priors: [77, 710, 0, 0, 157, 0, 73, 4, 0, 58, 60, 5, 24, 2, 141, 11]
2026-09-09 18:18:40 - __main__ - INFO - community_type priors: [45, 1233, 43, 177, 27]
2026-09-09 18:18:40 - __main__ - INFO - feature priors: [17, 34, 55, 15, 143, 2, 0, 0, 0, 0]
2026-09-09 18:18:40 - __main__ - INFO - sample_host priors: [6, 11, 32, 16, 1, 4, 4, 0, 23, 67, 45, 948, 16, 0, 16, 8, 11, 9, 0, 0, 0, 0, 4, 316]
2026-09-09 18:18:40 - __main__ - INFO - material priors: [94, 931, 16, 4, 55, 43, 143, 15, 4, 29, 8, 45, 0, 0, 385, 11]
2026-09-09 18:19:37 - __main__ - INFO - community_type priors: [51, 636, 43, 64, 16]
2026-09-09 18:19:37 - __main__ - INFO - feature priors: [6, 34, 148, 13, 72, 2, 52, 24, 0, 0]
2026-09-09 18:19:37 - __main__ - INFO - sample_host priors: [6, 11, 32, 16, 11, 4, 4, 0, 17, 12, 11, 624, 16, 0, 16, 8, 11, 9, 4, 5, 1, 0, 4, 0]
2026-09-09 18:19:37 - __main__ - INFO - material priors: [43, 393, 16, 4, 148, 43, 70, 11, 4, 35, 52, 44, 24, 2, 264, 0]
2026-09-09 18:20:16 - __main__ - INFO - community_type priors: [58, 789, 0, 139, 11]
2026-09-09 18:20:16 - __main__ - INFO - feature priors: [11, 0, 157, 6, 75, 0, 52, 24, 0, 0]
2026-09-09 18:20:16 - __main__ - INFO - sample_host priors: [0, 0, 0, 0, 12, 0, 0, 0, 6, 55, 34, 564, 0, 0, 0, 0, 0, 0, 4, 5, 1, 0, 0, 316]
2026-09-09 18:20:16 - __main__ - INFO - material priors: [77, 710, 0, 0, 157, 0, 73, 4, 0, 58, 60, 5, 24, 2, 141, 11]
2026-09-09 18:20:59 - __main__ - INFO - community_type priors: [45, 1233, 43, 177, 27]
2026-09-09 18:20:59 - __main__ - INFO - feature priors: [17, 34, 55, 15, 143, 2, 0, 0, 0, 0]
2026-09-09 18:20:59 - __main__ - INFO - sample_host priors: [6, 11, 32, 16, 1, 4, 4, 0, 23, 67, 45, 948, 16, 0, 16, 8, 11, 9, 0, 0, 0, 0, 4, 316]
2026-09-09 18:20:59 - __main__ - INFO - material priors: [94, 931, 16, 4, 55, 43, 143, 15, 4, 29, 8, 45, 0, 0, 385, 11]
2026-09-09 18:21:17 - __main__ - INFO - community_type priors: [51, 636, 43, 64, 16]
2026-09-09 18:21:17 - __main__ - INFO - feature priors: [6, 34, 148, 13, 72, 2, 52, 24, 0, 0]
2026-09-09 18:21:17 - __main__ - INFO - sample_host priors: [6, 11, 32, 16, 11, 4, 4, 0, 17, 12, 11, 624, 16, 0, 16, 8, 11, 9, 4, 5, 1, 0, 4, 0]
2026-09-09 18:21:17 - __main__ - INFO - material priors: [43, 393, 16, 4, 148, 43, 70, 11, 4, 35, 52, 44, 24, 2, 264, 0]
2026-09-09 18:21:36 - __main__ - INFO - community_type priors: [58, 789, 0, 139, 11]
2026-09-09 18:21:36 - __main__ - INFO - feature priors: [11, 0, 157, 6, 75, 0, 52, 24, 0, 0]
2026-09-09 18:21:36 - __main__ - INFO - sample_host priors: [0, 0, 0, 0, 12, 0, 0, 0, 6, 55, 34, 564, 0, 0, 0, 0, 0, 0, 4, 5, 1, 0, 0, 316]
2026-09-09 18:21:36 - __main__ - INFO - material priors: [77, 710, 0, 0, 157, 0, 73, 4, 0, 58, 60, 5, 24, 2, 141, 11]
2026-09-09 18:22:00 - __main__ - INFO - community_type priors: [45, 1233, 43, 177, 27]
2026-09-09 18:22:00 - __main__ - INFO - feature priors: [17, 34, 55, 15, 143, 2, 0, 0, 0, 0]
2026-09-09 18:22:00 - __main__ - INFO - sample_host priors: [6, 11, 32, 16, 1, 4, 4, 0, 23, 67, 45, 948, 16, 0, 16, 8, 11, 9, 0, 0, 0, 0, 4, 316]
2026-09-09 18:22:00 - __main__ - INFO - material priors: [94, 931, 16, 4, 55, 43, 143, 15, 4, 29, 8, 45, 0, 0, 385, 11]
2026-09-09 18:22:32 - __main__ - INFO - community_type priors: [51, 636, 43, 64, 16]
2026-09-09 18:22:32 - __main__ - INFO - feature priors: [6, 34, 148, 13, 72, 2, 52, 24, 0, 0]
2026-09-09 18:22:32 - __main__ - INFO - sample_host priors: [6, 11, 32, 16, 11, 4, 4, 0, 17, 12, 11, 624, 16, 0, 16, 8, 11, 9, 4, 5, 1, 0, 4, 0]
2026-09-09 18:22:32 - __main__ - INFO - material priors: [43, 393, 16, 4, 148, 43, 70, 11, 4, 35, 52, 44, 24, 2, 264, 0]
2026-09-09 18:22:54 - __main__ - INFO - community_type priors: [58, 789, 0, 139, 11]
2026-09-09 18:22:54 - __main__ - INFO - feature priors: [11, 0, 157, 6, 75, 0, 52, 24, 0, 0]
2026-09-09 18:22:54 - __main__ - INFO - sample_host priors: [0, 0, 0, 0, 12, 0, 0, 0, 6, 55, 34, 564, 0, 0, 0, 0, 0, 0, 4, 5, 1, 0, 0, 316]
2026-09-09 18:22:54 - __main__ - INFO - material priors: [77, 710, 0, 0, 157, 0, 73, 4, 0, 58, 60, 5, 24, 2, 141, 11]
2026-09-09 18:23:21 - __main__ - INFO - community_type priors: [45, 1233, 43, 177, 27]
2026-09-09 18:23:21 - __main__ - INFO - feature priors: [17, 34, 55, 15, 143, 2, 0, 0, 0, 0]
2026-09-09 18:23:21 - __main__ - INFO - sample_host priors: [6, 11, 32, 16, 1, 4, 4, 0, 23, 67, 45, 948, 16, 0, 16, 8, 11, 9, 0, 0, 0, 0, 4, 316]
2026-09-09 18:23:21 - __main__ - INFO - material priors: [94, 931, 16, 4, 55, 43, 143, 15, 4, 29, 8, 45, 0, 0, 385, 11]
2026-09-09 18:23:45 - __main__ - INFO - community_type priors: [51, 636, 43, 64, 16]
2026-09-09 18:23:45 - __main__ - INFO - feature priors: [6, 34, 148, 13, 72, 2, 52, 24, 0, 0]
2026-09-09 18:23:45 - __main__ - INFO - sample_host priors: [6, 11, 32, 16, 11, 4, 4, 0, 17, 12, 11, 624, 16, 0, 16, 8, 11, 9, 4, 5, 1, 0, 4, 0]
2026-09-09 18:23:45 - __main__ - INFO - material priors: [43, 393, 16, 4, 148, 43, 70, 11, 4, 35, 52, 44, 24, 2, 264, 0]
2026-09-09 18:24:13 - __main__ - INFO - community_type priors: [58, 789, 0, 139, 11]
2026-09-09 18:24:13 - __main__ - INFO - feature priors: [11, 0, 157, 6, 75, 0, 52, 24, 0, 0]
2026-09-09 18:24:13 - __main__ - INFO - sample_host priors: [0, 0, 0, 0, 12, 0, 0, 0, 6, 55, 34, 564, 0, 0, 0, 0, 0, 0, 4, 5, 1, 0, 0, 316]
2026-09-09 18:24:13 - __main__ - INFO - material priors: [77, 710, 0, 0, 157, 0, 73, 4, 0, 58, 60, 5, 24, 2, 141, 11]
2026-09-09 18:24:37 - __main__ - INFO - community_type priors: [45, 1233, 43, 177, 27]
2026-09-09 18:24:37 - __main__ - INFO - feature priors: [17, 34, 55, 15, 143, 2, 0, 0, 0, 0]
2026-09-09 18:24:37 - __main__ - INFO - sample_host priors: [6, 11, 32, 16, 1, 4, 4, 0, 23, 67, 45, 948, 16, 0, 16, 8, 11, 9, 0, 0, 0, 0, 4, 316]
2026-09-09 18:24:37 - __main__ - INFO - material priors: [94, 931, 16, 4, 55, 43, 143, 15, 4, 29, 8, 45, 0, 0, 385, 11]
2026-09-09 18:24:55 - __main__ - INFO - community_type priors: [51, 636, 43, 64, 16]
2026-09-09 18:24:55 - __main__ - INFO - feature priors: [6, 34, 148, 13, 72, 2, 52, 24, 0, 0]
2026-09-09 18:24:55 - __main__ - INFO - sample_host priors: [6, 11, 32, 16, 11, 4, 4, 0, 17, 12, 11, 624, 16, 0, 16, 8, 11, 9, 4, 5, 1, 0, 4, 0]
2026-09-09 18:24:55 - __main__ - INFO - material priors: [43, 393, 16, 4, 148, 43, 70, 11, 4, 35, 52, 44, 24, 2, 264, 0]
2026-09-09 18:25:12 - __main__ - INFO - community_type priors: [58, 789, 0, 139, 11]
2026-09-09 18:25:12 - __main__ - INFO - feature priors: [11, 0, 157, 6, 75, 0, 52, 24, 0, 0]
2026-09-09 18:25:12 - __main__ - INFO - sample_host priors: [0, 0, 0, 0, 12, 0, 0, 0, 6, 55, 34, 564, 0, 0, 0, 0, 0, 0, 4, 5, 1, 0, 0, 316]
2026-09-09 18:25:12 - __main__ - INFO - material priors: [77, 710, 0, 0, 157, 0, 73, 4, 0, 58, 60, 5, 24, 2, 141, 11]
2026-09-09 18:25:28 - __main__ - INFO - community_type priors: [45, 1233, 43, 177, 27]
2026-09-09 18:25:28 - __main__ - INFO - feature priors: [17, 34, 55, 15, 143, 2, 0, 0, 0, 0]
2026-09-09 18:25:28 - __main__ - INFO - sample_host priors: [6, 11, 32, 16, 1, 4, 4, 0, 23, 67, 45, 948, 16, 0, 16, 8, 11, 9, 0, 0, 0, 0, 4, 316]
2026-09-09 18:25:28 - __main__ - INFO - material priors: [94, 931, 16, 4, 55, 43, 143, 15, 4, 29, 8, 45, 0, 0, 385, 11]
2026-09-09 18:25:53 - __main__ - INFO - community_type priors: [51, 636, 43, 64, 16]
2026-09-09 18:25:53 - __main__ - INFO - feature priors: [6, 34, 148, 13, 72, 2, 52, 24, 0, 0]
2026-09-09 18:25:53 - __main__ - INFO - sample_host priors: [6, 11, 32, 16, 11, 4, 4, 0, 17, 12, 11, 624, 16, 0, 16, 8, 11, 9, 4, 5, 1, 0, 4, 0]
2026-09-09 18:25:53 - __main__ - INFO - material priors: [43, 393, 16, 4, 148, 43, 70, 11, 4, 35, 52, 44, 24, 2, 264, 0]
2026-09-09 18:26:18 - __main__ - INFO - community_type priors: [58, 789, 0, 139, 11]
2026-09-09 18:26:18 - __main__ - INFO - feature priors: [11, 0, 157, 6, 75, 0, 52, 24, 0, 0]
2026-09-09 18:26:18 - __main__ - INFO - sample_host priors: [0, 0, 0, 0, 12, 0, 0, 0, 6, 55, 34, 564, 0, 0, 0, 0, 0, 0, 4, 5, 1, 0, 0, 316]
2026-09-09 18:26:18 - __main__ - INFO - material priors: [77, 710, 0, 0, 157, 0, 73, 4, 0, 58, 60, 5, 24, 2, 141, 11]
2026-09-09 18:26:41 - __main__ - INFO - community_type priors: [45, 1233, 43, 177, 27]
2026-09-09 18:26:41 - __main__ - INFO - feature priors: [17, 34, 55, 15, 143, 2, 0, 0, 0, 0]
2026-09-09 18:26:41 - __main__ - INFO - sample_host priors: [6, 11, 32, 16, 1, 4, 4, 0, 23, 67, 45, 948, 16, 0, 16, 8, 11, 9, 0, 0, 0, 0, 4, 316]
2026-09-09 18:26:41 - __main__ - INFO - material priors: [94, 931, 16, 4, 55, 43, 143, 15, 4, 29, 8, 45, 0, 0, 385, 11]
2026-09-09 18:27:52 - __main__ - INFO - community_type priors: [51, 636, 43, 64, 16]
2026-09-09 18:27:52 - __main__ - INFO - feature priors: [6, 34, 148, 13, 72, 2, 52, 24, 0, 0]
2026-09-09 18:27:52 - __main__ - INFO - sample_host priors: [6, 11, 32, 16, 11, 4, 4, 0, 17, 12, 11, 624, 16, 0, 16, 8, 11, 9, 4, 5, 1, 0, 4, 0]
2026-09-09 18:27:52 - __main__ - INFO - material priors: [43, 393, 16, 4, 148, 43, 70, 11, 4, 35, 52, 44, 24, 2, 264, 0]
2026-09-09 18:28:38 - __main__ - INFO - community_type priors: [58, 789, 0, 139, 11]
2026-09-09 18:28:38 - __main__ - INFO - feature priors: [11, 0, 157, 6, 75, 0, 52, 24, 0, 0]
2026-09-09 18:28:38 - __main__ - INFO - sample_host priors: [0, 0, 0, 0, 12, 0, 0, 0, 6, 55, 34, 564, 0, 0, 0, 0, 0, 0, 4, 5, 1, 0, 0, 316]
2026-09-09 18:28:38 - __main__ - INFO - material priors: [77, 710, 0, 0, 157, 0, 73, 4, 0, 58, 60, 5, 24, 2, 141, 11]
2026-09-09 18:29:24 - __main__ - INFO - community_type priors: [45, 1233, 43, 177, 27]
2026-09-09 18:29:24 - __main__ - INFO - feature priors: [17, 34, 55, 15, 143, 2, 0, 0, 0, 0]
2026-09-09 18:29:24 - __main__ - INFO - sample_host priors: [6, 11, 32, 16, 1, 4, 4, 0, 23, 67, 45, 948, 16, 0, 16, 8, 11, 9, 0, 0, 0, 0, 4, 316]
2026-09-09 18:29:24 - __main__ - INFO - material priors: [94, 931, 16, 4, 55, 43, 143, 15, 4, 29, 8, 45, 0, 0, 385, 11]
2026-09-09 18:30:04 - __main__ - INFO - community_type priors: [51, 636, 43, 64, 16]
2026-09-09 18:30:04 - __main__ - INFO - feature priors: [6, 34, 148, 13, 72, 2, 52, 24, 0, 0]
2026-09-09 18:30:04 - __main__ - INFO - sample_host priors: [6, 11, 32, 16, 11, 4, 4, 0, 17, 12, 11, 624, 16, 0, 16, 8, 11, 9, 4, 5, 1, 0, 4, 0]
2026-09-09 18:30:04 - __main__ - INFO - material priors: [43, 393, 16, 4, 148, 43, 70, 11, 4, 35, 52, 44, 24, 2, 264, 0]
2026-09-09 18:30:26 - __main__ - INFO - community_type priors: [58, 789, 0, 139, 11]
2026-09-09 18:30:26 - __main__ - INFO - feature priors: [11, 0, 157, 6, 75, 0, 52, 24, 0, 0]
2026-09-09 18:30:26 - __main__ - INFO - sample_host priors: [0, 0, 0, 0, 12, 0, 0, 0, 6, 55, 34, 564, 0, 0, 0, 0, 0, 0, 4, 5, 1, 0, 0, 316]
2026-09-09 18:30:26 - __main__ - INFO - material priors: [77, 710, 0, 0, 157, 0, 73, 4, 0, 58, 60, 5, 24, 2, 141, 11]
2026-09-09 18:30:46 - __main__ - INFO - community_type priors: [45, 1233, 43, 177, 27]
2026-09-09 18:30:46 - __main__ - INFO - feature priors: [17, 34, 55, 15, 143, 2, 0, 0, 0, 0]
2026-09-09 18:30:46 - __main__ - INFO - sample_host priors: [6, 11, 32, 16, 1, 4, 4, 0, 23, 67, 45, 948, 16, 0, 16, 8, 11, 9, 0, 0, 0, 0, 4, 316]
2026-09-09 18:30:46 - __main__ - INFO - material priors: [94, 931, 16, 4, 55, 43, 143, 15, 4, 29, 8, 45, 0, 0, 385, 11]
2026-09-09 18:31:10 - __main__ - INFO - community_type priors: [51, 636, 43, 64, 16]
2026-09-09 18:31:10 - __main__ - INFO - feature priors: [6, 34, 148, 13, 72, 2, 52, 24, 0, 0]
2026-09-09 18:31:10 - __main__ - INFO - sample_host priors: [6, 11, 32, 16, 11, 4, 4, 0, 17, 12, 11, 624, 16, 0, 16, 8, 11, 9, 4, 5, 1, 0, 4, 0]
2026-09-09 18:31:10 - __main__ - INFO - material priors: [43, 393, 16, 4, 148, 43, 70, 11, 4, 35, 52, 44, 24, 2, 264, 0]
2026-09-09 18:31:37 - __main__ - INFO - community_type priors: [58, 789, 0, 139, 11]
2026-09-09 18:31:37 - __main__ - INFO - feature priors: [11, 0, 157, 6, 75, 0, 52, 24, 0, 0]
2026-09-09 18:31:37 - __main__ - INFO - sample_host priors: [0, 0, 0, 0, 12, 0, 0, 0, 6, 55, 34, 564, 0, 0, 0, 0, 0, 0, 4, 5, 1, 0, 0, 316]
2026-09-09 18:31:37 - __main__ - INFO - material priors: [77, 710, 0, 0, 157, 0, 73, 4, 0, 58, 60, 5, 24, 2, 141, 11]
2026-09-09 18:31:53 - __main__ - INFO - community_type priors: [45, 1233, 43, 177, 27]
2026-09-09 18:31:53 - __main__ - INFO - feature priors: [17, 34, 55, 15, 143, 2, 0, 0, 0, 0]
2026-09-09 18:31:53 - __main__ - INFO - sample_host priors: [6, 11, 32, 16, 1, 4, 4, 0, 23, 67, 45, 948, 16, 0, 16, 8, 11, 9, 0, 0, 0, 0, 4, 316]
2026-09-09 18:31:53 - __main__ - INFO - material priors: [94, 931, 16, 4, 55, 43, 143, 15, 4, 29, 8, 45, 0, 0, 385, 11]
2026-09-09 18:32:12 - __main__ - INFO - community_type priors: [51, 636, 43, 64, 16]
2026-09-09 18:32:12 - __main__ - INFO - feature priors: [6, 34, 148, 13, 72, 2, 52, 24, 0, 0]
2026-09-09 18:32:12 - __main__ - INFO - sample_host priors: [6, 11, 32, 16, 11, 4, 4, 0, 17, 12, 11, 624, 16, 0, 16, 8, 11, 9, 4, 5, 1, 0, 4, 0]
2026-09-09 18:32:12 - __main__ - INFO - material priors: [43, 393, 16, 4, 148, 43, 70, 11, 4, 35, 52, 44, 24, 2, 264, 0]
2026-09-09 18:32:25 - __main__ - INFO - community_type priors: [58, 789, 0, 139, 11]
2026-09-09 18:32:25 - __main__ - INFO - feature priors: [11, 0, 157, 6, 75, 0, 52, 24, 0, 0]
2026-09-09 18:32:25 - __main__ - INFO - sample_host priors: [0, 0, 0, 0, 12, 0, 0, 0, 6, 55, 34, 564, 0, 0, 0, 0, 0, 0, 4, 5, 1, 0, 0, 316]
2026-09-09 18:32:25 - __main__ - INFO - material priors: [77, 710, 0, 0, 157, 0, 73, 4, 0, 58, 60, 5, 24, 2, 141, 11]
2026-09-09 18:32:43 - __main__ - INFO - community_type priors: [45, 1233, 43, 177, 27]
2026-09-09 18:32:43 - __main__ - INFO - feature priors: [17, 34, 55, 15, 143, 2, 0, 0, 0, 0]
2026-09-09 18:32:43 - __main__ - INFO - sample_host priors: [6, 11, 32, 16, 1, 4, 4, 0, 23, 67, 45, 948, 16, 0, 16, 8, 11, 9, 0, 0, 0, 0, 4, 316]
2026-09-09 18:32:43 - __main__ - INFO - material priors: [94, 931, 16, 4, 55, 43, 143, 15, 4, 29, 8, 45, 0, 0, 385, 11]
2026-09-09 18:33:18 - __main__ - INFO - community_type priors: [51, 636, 43, 64, 16]
2026-09-09 18:33:18 - __main__ - INFO - feature priors: [6, 34, 148, 13, 72, 2, 52, 24, 0, 0]
2026-09-09 18:33:18 - __main__ - INFO - sample_host priors: [6, 11, 32, 16, 11, 4, 4, 0, 17, 12, 11, 624, 16, 0, 16, 8, 11, 9, 4, 5, 1, 0, 4, 0]
2026-09-09 18:33:18 - __main__ - INFO - material priors: [43, 393, 16, 4, 148, 43, 70, 11, 4, 35, 52, 44, 24, 2, 264, 0]
2026-09-09 18:33:43 - __main__ - INFO - community_type priors: [58, 789, 0, 139, 11]
2026-09-09 18:33:43 - __main__ - INFO - feature priors: [11, 0, 157, 6, 75, 0, 52, 24, 0, 0]
2026-09-09 18:33:43 - __main__ - INFO - sample_host priors: [0, 0, 0, 0, 12, 0, 0, 0, 6, 55, 34, 564, 0, 0, 0, 0, 0, 0, 4, 5, 1, 0, 0, 316]
2026-09-09 18:33:43 - __main__ - INFO - material priors: [77, 710, 0, 0, 157, 0, 73, 4, 0, 58, 60, 5, 24, 2, 141, 11]
2026-09-09 18:33:59 - __main__ - INFO - community_type priors: [45, 1233, 43, 177, 27]
2026-09-09 18:33:59 - __main__ - INFO - feature priors: [17, 34, 55, 15, 143, 2, 0, 0, 0, 0]
2026-09-09 18:33:59 - __main__ - INFO - sample_host priors: [6, 11, 32, 16, 1, 4, 4, 0, 23, 67, 45, 948, 16, 0, 16, 8, 11, 9, 0, 0, 0, 0, 4, 316]
2026-09-09 18:33:59 - __main__ - INFO - material priors: [94, 931, 16, 4, 55, 43, 143, 15, 4, 29, 8, 45, 0, 0, 385, 11]
2026-09-09 18:34:19 - __main__ - INFO - community_type priors: [51, 636, 43, 64, 16]
2026-09-09 18:34:19 - __main__ - INFO - feature priors: [6, 34, 148, 13, 72, 2, 52, 24, 0, 0]
2026-09-09 18:34:19 - __main__ - INFO - sample_host priors: [6, 11, 32, 16, 11, 4, 4, 0, 17, 12, 11, 624, 16, 0, 16, 8, 11, 9, 4, 5, 1, 0, 4, 0]
2026-09-09 18:34:19 - __main__ - INFO - material priors: [43, 393, 16, 4, 148, 43, 70, 11, 4, 35, 52, 44, 24, 2, 264, 0]
2026-09-09 18:34:45 - __main__ - INFO - community_type priors: [58, 789, 0, 139, 11]
2026-09-09 18:34:45 - __main__ - INFO - feature priors: [11, 0, 157, 6, 75, 0, 52, 24, 0, 0]
2026-09-09 18:34:45 - __main__ - INFO - sample_host priors: [0, 0, 0, 0, 12, 0, 0, 0, 6, 55, 34, 564, 0, 0, 0, 0, 0, 0, 4, 5, 1, 0, 0, 316]
2026-09-09 18:34:45 - __main__ - INFO - material priors: [77, 710, 0, 0, 157, 0, 73, 4, 0, 58, 60, 5, 24, 2, 141, 11]
2026-09-09 18:35:09 - __main__ - INFO - community_type priors: [45, 1233, 43, 177, 27]
2026-09-09 18:35:09 - __main__ - INFO - feature priors: [17, 34, 55, 15, 143, 2, 0, 0, 0, 0]
2026-09-09 18:35:09 - __main__ - INFO - sample_host priors: [6, 11, 32, 16, 1, 4, 4, 0, 23, 67, 45, 948, 16, 0, 16, 8, 11, 9, 0, 0, 0, 0, 4, 316]
2026-09-09 18:35:09 - __main__ - INFO - material priors: [94, 931, 16, 4, 55, 43, 143, 15, 4, 29, 8, 45, 0, 0, 385, 11]
2026-09-09 18:35:29 - __main__ - INFO - community_type priors: [51, 636, 43, 64, 16]
2026-09-09 18:35:29 - __main__ - INFO - feature priors: [6, 34, 148, 13, 72, 2, 52, 24, 0, 0]
2026-09-09 18:35:29 - __main__ - INFO - sample_host priors: [6, 11, 32, 16, 11, 4, 4, 0, 17, 12, 11, 624, 16, 0, 16, 8, 11, 9, 4, 5, 1, 0, 4, 0]
2026-09-09 18:35:29 - __main__ - INFO - material priors: [43, 393, 16, 4, 148, 43, 70, 11, 4, 35, 52, 44, 24, 2, 264, 0]
2026-09-09 18:35:51 - __main__ - INFO - community_type priors: [58, 789, 0, 139, 11]
2026-09-09 18:35:51 - __main__ - INFO - feature priors: [11, 0, 157, 6, 75, 0, 52, 24, 0, 0]
2026-09-09 18:35:51 - __main__ - INFO - sample_host priors: [0, 0, 0, 0, 12, 0, 0, 0, 6, 55, 34, 564, 0, 0, 0, 0, 0, 0, 4, 5, 1, 0, 0, 316]
2026-09-09 18:35:51 - __main__ - INFO - material priors: [77, 710, 0, 0, 157, 0, 73, 4, 0, 58, 60, 5, 24, 2, 141, 11]
2026-09-09 18:36:21 - __main__ - INFO - community_type priors: [45, 1233, 43, 177, 27]
2026-09-09 18:36:21 - __main__ - INFO - feature priors: [17, 34, 55, 15, 143, 2, 0, 0, 0, 0]
2026-09-09 18:36:21 - __main__ - INFO - sample_host priors: [6, 11, 32, 16, 1, 4, 4, 0, 23, 67, 45, 948, 16, 0, 16, 8, 11, 9, 0, 0, 0, 0, 4, 316]
2026-09-09 18:36:21 - __main__ - INFO - material priors: [94, 931, 16, 4, 55, 43, 143, 15, 4, 29, 8, 45, 0, 0, 385, 11]
2026-09-09 18:36:56 - __main__ - INFO - community_type priors: [51, 636, 43, 64, 16]
2026-09-09 18:36:56 - __main__ - INFO - feature priors: [6, 34, 148, 13, 72, 2, 52, 24, 0, 0]
2026-09-09 18:36:56 - __main__ - INFO - sample_host priors: [6, 11, 32, 16, 11, 4, 4, 0, 17, 12, 11, 624, 16, 0, 16, 8, 11, 9, 4, 5, 1, 0, 4, 0]
2026-09-09 18:36:56 - __main__ - INFO - material priors: [43, 393, 16, 4, 148, 43, 70, 11, 4, 35, 52, 44, 24, 2, 264, 0]
2026-09-09 18:37:21 - __main__ - INFO - community_type priors: [58, 789, 0, 139, 11]
2026-09-09 18:37:21 - __main__ - INFO - feature priors: [11, 0, 157, 6, 75, 0, 52, 24, 0, 0]
2026-09-09 18:37:21 - __main__ - INFO - sample_host priors: [0, 0, 0, 0, 12, 0, 0, 0, 6, 55, 34, 564, 0, 0, 0, 0, 0, 0, 4, 5, 1, 0, 0, 316]
2026-09-09 18:37:21 - __main__ - INFO - material priors: [77, 710, 0, 0, 157, 0, 73, 4, 0, 58, 60, 5, 24, 2, 141, 11]
2026-09-09 18:37:45 - __main__ - INFO - community_type priors: [45, 1233, 43, 177, 27]
2026-09-09 18:37:45 - __main__ - INFO - feature priors: [17, 34, 55, 15, 143, 2, 0, 0, 0, 0]
2026-09-09 18:37:45 - __main__ - INFO - sample_host priors: [6, 11, 32, 16, 1, 4, 4, 0, 23, 67, 45, 948, 16, 0, 16, 8, 11, 9, 0, 0, 0, 0, 4, 316]
2026-09-09 18:37:45 - __main__ - INFO - material priors: [94, 931, 16, 4, 55, 43, 143, 15, 4, 29, 8, 45, 0, 0, 385, 11]
2026-09-09 18:38:11 - __main__ - INFO - community_type priors: [51, 636, 43, 64, 16]
2026-09-09 18:38:11 - __main__ - INFO - feature priors: [6, 34, 148, 13, 72, 2, 52, 24, 0, 0]
2026-09-09 18:38:11 - __main__ - INFO - sample_host priors: [6, 11, 32, 16, 11, 4, 4, 0, 17, 12, 11, 624, 16, 0, 16, 8, 11, 9, 4, 5, 1, 0, 4, 0]
2026-09-09 18:38:11 - __main__ - INFO - material priors: [43, 393, 16, 4, 148, 43, 70, 11, 4, 35, 52, 44, 24, 2, 264, 0]
2026-09-09 18:38:39 - __main__ - INFO - community_type priors: [58, 789, 0, 139, 11]
2026-09-09 18:38:39 - __main__ - INFO - feature priors: [11, 0, 157, 6, 75, 0, 52, 24, 0, 0]
2026-09-09 18:38:39 - __main__ - INFO - sample_host priors: [0, 0, 0, 0, 12, 0, 0, 0, 6, 55, 34, 564, 0, 0, 0, 0, 0, 0, 4, 5, 1, 0, 0, 316]
2026-09-09 18:38:39 - __main__ - INFO - material priors: [77, 710, 0, 0, 157, 0, 73, 4, 0, 58, 60, 5, 24, 2, 141, 11]
2026-09-09 18:38:59 - __main__ - INFO - community_type priors: [45, 1233, 43, 177, 27]
2026-09-09 18:38:59 - __main__ - INFO - feature priors: [17, 34, 55, 15, 143, 2, 0, 0, 0, 0]
2026-09-09 18:38:59 - __main__ - INFO - sample_host priors: [6, 11, 32, 16, 1, 4, 4, 0, 23, 67, 45, 948, 16, 0, 16, 8, 11, 9, 0, 0, 0, 0, 4, 316]
2026-09-09 18:38:59 - __main__ - INFO - material priors: [94, 931, 16, 4, 55, 43, 143, 15, 4, 29, 8, 45, 0, 0, 385, 11]
2026-09-09 18:39:34 - __main__ - INFO - community_type priors: [51, 636, 43, 64, 16]
2026-09-09 18:39:34 - __main__ - INFO - feature priors: [6, 34, 148, 13, 72, 2, 52, 24, 0, 0]
2026-09-09 18:39:34 - __main__ - INFO - sample_host priors: [6, 11, 32, 16, 11, 4, 4, 0, 17, 12, 11, 624, 16, 0, 16, 8, 11, 9, 4, 5, 1, 0, 4, 0]
2026-09-09 18:39:34 - __main__ - INFO - material priors: [43, 393, 16, 4, 148, 43, 70, 11, 4, 35, 52, 44, 24, 2, 264, 0]
2026-09-09 18:39:54 - __main__ - INFO - community_type priors: [58, 789, 0, 139, 11]
2026-09-09 18:39:54 - __main__ - INFO - feature priors: [11, 0, 157, 6, 75, 0, 52, 24, 0, 0]
2026-09-09 18:39:54 - __main__ - INFO - sample_host priors: [0, 0, 0, 0, 12, 0, 0, 0, 6, 55, 34, 564, 0, 0, 0, 0, 0, 0, 4, 5, 1, 0, 0, 316]
2026-09-09 18:39:54 - __main__ - INFO - material priors: [77, 710, 0, 0, 157, 0, 73, 4, 0, 58, 60, 5, 24, 2, 141, 11]
2026-09-09 18:40:20 - __main__ - INFO - community_type priors: [45, 1233, 43, 177, 27]
2026-09-09 18:40:21 - __main__ - INFO - feature priors: [17, 34, 55, 15, 143, 2, 0, 0, 0, 0]
2026-09-09 18:40:21 - __main__ - INFO - sample_host priors: [6, 11, 32, 16, 1, 4, 4, 0, 23, 67, 45, 948, 16, 0, 16, 8, 11, 9, 0, 0, 0, 0, 4, 316]
2026-09-09 18:40:21 - __main__ - INFO - material priors: [94, 931, 16, 4, 55, 43, 143, 15, 4, 29, 8, 45, 0, 0, 385, 11]
2026-09-09 18:40:55 - __main__ - INFO - community_type priors: [51, 636, 43, 64, 16]
2026-09-09 18:40:55 - __main__ - INFO - feature priors: [6, 34, 148, 13, 72, 2, 52, 24, 0, 0]
2026-09-09 18:40:55 - __main__ - INFO - sample_host priors: [6, 11, 32, 16, 11, 4, 4, 0, 17, 12, 11, 624, 16, 0, 16, 8, 11, 9, 4, 5, 1, 0, 4, 0]
2026-09-09 18:40:55 - __main__ - INFO - material priors: [43, 393, 16, 4, 148, 43, 70, 11, 4, 35, 52, 44, 24, 2, 264, 0]
2026-09-09 18:41:14 - __main__ - INFO - community_type priors: [58, 789, 0, 139, 11]
2026-09-09 18:41:14 - __main__ - INFO - feature priors: [11, 0, 157, 6, 75, 0, 52, 24, 0, 0]
2026-09-09 18:41:14 - __main__ - INFO - sample_host priors: [0, 0, 0, 0, 12, 0, 0, 0, 6, 55, 34, 564, 0, 0, 0, 0, 0, 0, 4, 5, 1, 0, 0, 316]
2026-09-09 18:41:14 - __main__ - INFO - material priors: [77, 710, 0, 0, 157, 0, 73, 4, 0, 58, 60, 5, 24, 2, 141, 11]
2026-09-09 18:41:33 - __main__ - INFO - community_type priors: [45, 1233, 43, 177, 27]
2026-09-09 18:41:33 - __main__ - INFO - feature priors: [17, 34, 55, 15, 143, 2, 0, 0, 0, 0]
2026-09-09 18:41:33 - __main__ - INFO - sample_host priors: [6, 11, 32, 16, 1, 4, 4, 0, 23, 67, 45, 948, 16, 0, 16, 8, 11, 9, 0, 0, 0, 0, 4, 316]
2026-09-09 18:41:33 - __main__ - INFO - material priors: [94, 931, 16, 4, 55, 43, 143, 15, 4, 29, 8, 45, 0, 0, 385, 11]
2026-09-09 18:42:18 - __main__ - INFO - community_type priors: [51, 636, 43, 64, 16]
2026-09-09 18:42:18 - __main__ - INFO - feature priors: [6, 34, 148, 13, 72, 2, 52, 24, 0, 0]
2026-09-09 18:42:18 - __main__ - INFO - sample_host priors: [6, 11, 32, 16, 11, 4, 4, 0, 17, 12, 11, 624, 16, 0, 16, 8, 11, 9, 4, 5, 1, 0, 4, 0]
2026-09-09 18:42:18 - __main__ - INFO - material priors: [43, 393, 16, 4, 148, 43, 70, 11, 4, 35, 52, 44, 24, 2, 264, 0]
2026-09-09 18:42:49 - __main__ - INFO - community_type priors: [58, 789, 0, 139, 11]
2026-09-09 18:42:49 - __main__ - INFO - feature priors: [11, 0, 157, 6, 75, 0, 52, 24, 0, 0]
2026-09-09 18:42:49 - __main__ - INFO - sample_host priors: [0, 0, 0, 0, 12, 0, 0, 0, 6, 55, 34, 564, 0, 0, 0, 0, 0, 0, 4, 5, 1, 0, 0, 316]
2026-09-09 18:42:49 - __main__ - INFO - material priors: [77, 710, 0, 0, 157, 0, 73, 4, 0, 58, 60, 5, 24, 2, 141, 11]
2026-09-09 18:43:14 - __main__ - INFO - community_type priors: [45, 1233, 43, 177, 27]
2026-09-09 18:43:14 - __main__ - INFO - feature priors: [17, 34, 55, 15, 143, 2, 0, 0, 0, 0]
2026-09-09 18:43:14 - __main__ - INFO - sample_host priors: [6, 11, 32, 16, 1, 4, 4, 0, 23, 67, 45, 948, 16, 0, 16, 8, 11, 9, 0, 0, 0, 0, 4, 316]
2026-09-09 18:43:14 - __main__ - INFO - material priors: [94, 931, 16, 4, 55, 43, 143, 15, 4, 29, 8, 45, 0, 0, 385, 11]
2026-09-09 18:43:43 - __main__ - INFO - community_type priors: [51, 636, 43, 64, 16]
2026-09-09 18:43:43 - __main__ - INFO - feature priors: [6, 34, 148, 13, 72, 2, 52, 24, 0, 0]
2026-09-09 18:43:43 - __main__ - INFO - sample_host priors: [6, 11, 32, 16, 11, 4, 4, 0, 17, 12, 11, 624, 16, 0, 16, 8, 11, 9, 4, 5, 1, 0, 4, 0]
2026-09-09 18:43:43 - __main__ - INFO - material priors: [43, 393, 16, 4, 148, 43, 70, 11, 4, 35, 52, 44, 24, 2, 264, 0]
2026-09-09 18:44:01 - __main__ - INFO - community_type priors: [58, 789, 0, 139, 11]
2026-09-09 18:44:01 - __main__ - INFO - feature priors: [11, 0, 157, 6, 75, 0, 52, 24, 0, 0]
2026-09-09 18:44:01 - __main__ - INFO - sample_host priors: [0, 0, 0, 0, 12, 0, 0, 0, 6, 55, 34, 564, 0, 0, 0, 0, 0, 0, 4, 5, 1, 0, 0, 316]
2026-09-09 18:44:01 - __main__ - INFO - material priors: [77, 710, 0, 0, 157, 0, 73, 4, 0, 58, 60, 5, 24, 2, 141, 11]
2026-09-09 18:44:25 - __main__ - INFO - community_type priors: [45, 1233, 43, 177, 27]
2026-09-09 18:44:25 - __main__ - INFO - feature priors: [17, 34, 55, 15, 143, 2, 0, 0, 0, 0]
2026-09-09 18:44:25 - __main__ - INFO - sample_host priors: [6, 11, 32, 16, 1, 4, 4, 0, 23, 67, 45, 948, 16, 0, 16, 8, 11, 9, 0, 0, 0, 0, 4, 316]
2026-09-09 18:44:25 - __main__ - INFO - material priors: [94, 931, 16, 4, 55, 43, 143, 15, 4, 29, 8, 45, 0, 0, 385, 11]
2026-09-09 18:45:17 - __main__ - INFO - community_type priors: [51, 636, 43, 64, 16]
2026-09-09 18:45:17 - __main__ - INFO - feature priors: [6, 34, 148, 13, 72, 2, 52, 24, 0, 0]
2026-09-09 18:45:17 - __main__ - INFO - sample_host priors: [6, 11, 32, 16, 11, 4, 4, 0, 17, 12, 11, 624, 16, 0, 16, 8, 11, 9, 4, 5, 1, 0, 4, 0]
2026-09-09 18:45:17 - __main__ - INFO - material priors: [43, 393, 16, 4, 148, 43, 70, 11, 4, 35, 52, 44, 24, 2, 264, 0]
2026-09-09 18:46:07 - __main__ - INFO - community_type priors: [58, 789, 0, 139, 11]
2026-09-09 18:46:07 - __main__ - INFO - feature priors: [11, 0, 157, 6, 75, 0, 52, 24, 0, 0]
2026-09-09 18:46:07 - __main__ - INFO - sample_host priors: [0, 0, 0, 0, 12, 0, 0, 0, 6, 55, 34, 564, 0, 0, 0, 0, 0, 0, 4, 5, 1, 0, 0, 316]
2026-09-09 18:46:07 - __main__ - INFO - material priors: [77, 710, 0, 0, 157, 0, 73, 4, 0, 58, 60, 5, 24, 2, 141, 11]
2026-09-09 18:46:42 - __main__ - INFO - community_type priors: [45, 1233, 43, 177, 27]
2026-09-09 18:46:42 - __main__ - INFO - feature priors: [17, 34, 55, 15, 143, 2, 0, 0, 0, 0]
2026-09-09 18:46:42 - __main__ - INFO - sample_host priors: [6, 11, 32, 16, 1, 4, 4, 0, 23, 67, 45, 948, 16, 0, 16, 8, 11, 9, 0, 0, 0, 0, 4, 316]
2026-09-09 18:46:42 - __main__ - INFO - material priors: [94, 931, 16, 4, 55, 43, 143, 15, 4, 29, 8, 45, 0, 0, 385, 11]
2026-09-09 18:47:08 - __main__ - INFO - community_type priors: [51, 636, 43, 64, 16]
2026-09-09 18:47:08 - __main__ - INFO - feature priors: [6, 34, 148, 13, 72, 2, 52, 24, 0, 0]
2026-09-09 18:47:08 - __main__ - INFO - sample_host priors: [6, 11, 32, 16, 11, 4, 4, 0, 17, 12, 11, 624, 16, 0, 16, 8, 11, 9, 4, 5, 1, 0, 4, 0]
2026-09-09 18:47:08 - __main__ - INFO - material priors: [43, 393, 16, 4, 148, 43, 70, 11, 4, 35, 52, 44, 24, 2, 264, 0]
2026-09-09 18:47:29 - __main__ - INFO - community_type priors: [58, 789, 0, 139, 11]
2026-09-09 18:47:29 - __main__ - INFO - feature priors: [11, 0, 157, 6, 75, 0, 52, 24, 0, 0]
2026-09-09 18:47:29 - __main__ - INFO - sample_host priors: [0, 0, 0, 0, 12, 0, 0, 0, 6, 55, 34, 564, 0, 0, 0, 0, 0, 0, 4, 5, 1, 0, 0, 316]
2026-09-09 18:47:29 - __main__ - INFO - material priors: [77, 710, 0, 0, 157, 0, 73, 4, 0, 58, 60, 5, 24, 2, 141, 11]
2026-09-09 18:47:51 - __main__ - INFO - community_type priors: [45, 1233, 43, 177, 27]
2026-09-09 18:47:51 - __main__ - INFO - feature priors: [17, 34, 55, 15, 143, 2, 0, 0, 0, 0]
2026-09-09 18:47:51 - __main__ - INFO - sample_host priors: [6, 11, 32, 16, 1, 4, 4, 0, 23, 67, 45, 948, 16, 0, 16, 8, 11, 9, 0, 0, 0, 0, 4, 316]
2026-09-09 18:47:51 - __main__ - INFO - material priors: [94, 931, 16, 4, 55, 43, 143, 15, 4, 29, 8, 45, 0, 0, 385, 11]
2026-09-09 18:48:19 - __main__ - INFO - community_type priors: [51, 636, 43, 64, 16]
2026-09-09 18:48:19 - __main__ - INFO - feature priors: [6, 34, 148, 13, 72, 2, 52, 24, 0, 0]
2026-09-09 18:48:19 - __main__ - INFO - sample_host priors: [6, 11, 32, 16, 11, 4, 4, 0, 17, 12, 11, 624, 16, 0, 16, 8, 11, 9, 4, 5, 1, 0, 4, 0]
2026-09-09 18:48:19 - __main__ - INFO - material priors: [43, 393, 16, 4, 148, 43, 70, 11, 4, 35, 52, 44, 24, 2, 264, 0]
2026-09-09 18:48:39 - __main__ - INFO - community_type priors: [58, 789, 0, 139, 11]
2026-09-09 18:48:39 - __main__ - INFO - feature priors: [11, 0, 157, 6, 75, 0, 52, 24, 0, 0]
2026-09-09 18:48:39 - __main__ - INFO - sample_host priors: [0, 0, 0, 0, 12, 0, 0, 0, 6, 55, 34, 564, 0, 0, 0, 0, 0, 0, 4, 5, 1, 0, 0, 316]
2026-09-09 18:48:39 - __main__ - INFO - material priors: [77, 710, 0, 0, 157, 0, 73, 4, 0, 58, 60, 5, 24, 2, 141, 11]
2026-09-09 18:48:55 - __main__ - INFO - community_type priors: [45, 1233, 43, 177, 27]
2026-09-09 18:48:55 - __main__ - INFO - feature priors: [17, 34, 55, 15, 143, 2, 0, 0, 0, 0]
2026-09-09 18:48:55 - __main__ - INFO - sample_host priors: [6, 11, 32, 16, 1, 4, 4, 0, 23, 67, 45, 948, 16, 0, 16, 8, 11, 9, 0, 0, 0, 0, 4, 316]
2026-09-09 18:48:55 - __main__ - INFO - material priors: [94, 931, 16, 4, 55, 43, 143, 15, 4, 29, 8, 45, 0, 0, 385, 11]
2026-09-09 18:49:27 - __main__ - INFO - community_type priors: [51, 636, 43, 64, 16]
2026-09-09 18:49:27 - __main__ - INFO - feature priors: [6, 34, 148, 13, 72, 2, 52, 24, 0, 0]
2026-09-09 18:49:27 - __main__ - INFO - sample_host priors: [6, 11, 32, 16, 11, 4, 4, 0, 17, 12, 11, 624, 16, 0, 16, 8, 11, 9, 4, 5, 1, 0, 4, 0]
2026-09-09 18:49:27 - __main__ - INFO - material priors: [43, 393, 16, 4, 148, 43, 70, 11, 4, 35, 52, 44, 24, 2, 264, 0]
2026-09-09 18:49:47 - __main__ - INFO - community_type priors: [58, 789, 0, 139, 11]
2026-09-09 18:49:47 - __main__ - INFO - feature priors: [11, 0, 157, 6, 75, 0, 52, 24, 0, 0]
2026-09-09 18:49:47 - __main__ - INFO - sample_host priors: [0, 0, 0, 0, 12, 0, 0, 0, 6, 55, 34, 564, 0, 0, 0, 0, 0, 0, 4, 5, 1, 0, 0, 316]
2026-09-09 18:49:47 - __main__ - INFO - material priors: [77, 710, 0, 0, 157, 0, 73, 4, 0, 58, 60, 5, 24, 2, 141, 11]
2026-09-09 18:50:04 - __main__ - INFO - community_type priors: [45, 1233, 43, 177, 27]
2026-09-09 18:50:04 - __main__ - INFO - feature priors: [17, 34, 55, 15, 143, 2, 0, 0, 0, 0]
2026-09-09 18:50:04 - __main__ - INFO - sample_host priors: [6, 11, 32, 16, 1, 4, 4, 0, 23, 67, 45, 948, 16, 0, 16, 8, 11, 9, 0, 0, 0, 0, 4, 316]
2026-09-09 18:50:04 - __main__ - INFO - material priors: [94, 931, 16, 4, 55, 43, 143, 15, 4, 29, 8, 45, 0, 0, 385, 11]
2026-09-09 18:50:36 - __main__ - INFO - community_type priors: [51, 636, 43, 64, 16]
2026-09-09 18:50:36 - __main__ - INFO - feature priors: [6, 34, 148, 13, 72, 2, 52, 24, 0, 0]
2026-09-09 18:50:36 - __main__ - INFO - sample_host priors: [6, 11, 32, 16, 11, 4, 4, 0, 17, 12, 11, 624, 16, 0, 16, 8, 11, 9, 4, 5, 1, 0, 4, 0]
2026-09-09 18:50:36 - __main__ - INFO - material priors: [43, 393, 16, 4, 148, 43, 70, 11, 4, 35, 52, 44, 24, 2, 264, 0]
2026-09-09 18:50:56 - __main__ - INFO - community_type priors: [58, 789, 0, 139, 11]
2026-09-09 18:50:56 - __main__ - INFO - feature priors: [11, 0, 157, 6, 75, 0, 52, 24, 0, 0]
2026-09-09 18:50:56 - __main__ - INFO - sample_host priors: [0, 0, 0, 0, 12, 0, 0, 0, 6, 55, 34, 564, 0, 0, 0, 0, 0, 0, 4, 5, 1, 0, 0, 316]
2026-09-09 18:50:56 - __main__ - INFO - material priors: [77, 710, 0, 0, 157, 0, 73, 4, 0, 58, 60, 5, 24, 2, 141, 11]
2026-09-09 18:51:21 - __main__ - INFO - community_type priors: [45, 1233, 43, 177, 27]
2026-09-09 18:51:21 - __main__ - INFO - feature priors: [17, 34, 55, 15, 143, 2, 0, 0, 0, 0]
2026-09-09 18:51:21 - __main__ - INFO - sample_host priors: [6, 11, 32, 16, 1, 4, 4, 0, 23, 67, 45, 948, 16, 0, 16, 8, 11, 9, 0, 0, 0, 0, 4, 316]
2026-09-09 18:51:21 - __main__ - INFO - material priors: [94, 931, 16, 4, 55, 43, 143, 15, 4, 29, 8, 45, 0, 0, 385, 11]
2026-09-09 18:51:43 - __main__ - INFO - community_type priors: [51, 636, 43, 64, 16]
2026-09-09 18:51:43 - __main__ - INFO - feature priors: [6, 34, 148, 13, 72, 2, 52, 24, 0, 0]
2026-09-09 18:51:43 - __main__ - INFO - sample_host priors: [6, 11, 32, 16, 11, 4, 4, 0, 17, 12, 11, 624, 16, 0, 16, 8, 11, 9, 4, 5, 1, 0, 4, 0]
2026-09-09 18:51:43 - __main__ - INFO - material priors: [43, 393, 16, 4, 148, 43, 70, 11, 4, 35, 52, 44, 24, 2, 264, 0]
2026-09-09 18:52:03 - __main__ - INFO - community_type priors: [58, 789, 0, 139, 11]
2026-09-09 18:52:03 - __main__ - INFO - feature priors: [11, 0, 157, 6, 75, 0, 52, 24, 0, 0]
2026-09-09 18:52:03 - __main__ - INFO - sample_host priors: [0, 0, 0, 0, 12, 0, 0, 0, 6, 55, 34, 564, 0, 0, 0, 0, 0, 0, 4, 5, 1, 0, 0, 316]
2026-09-09 18:52:03 - __main__ - INFO - material priors: [77, 710, 0, 0, 157, 0, 73, 4, 0, 58, 60, 5, 24, 2, 141, 11]
2026-09-09 18:52:20 - __main__ - INFO - community_type priors: [45, 1233, 43, 177, 27]
2026-09-09 18:52:20 - __main__ - INFO - feature priors: [17, 34, 55, 15, 143, 2, 0, 0, 0, 0]
2026-09-09 18:52:20 - __main__ - INFO - sample_host priors: [6, 11, 32, 16, 1, 4, 4, 0, 23, 67, 45, 948, 16, 0, 16, 8, 11, 9, 0, 0, 0, 0, 4, 316]
2026-09-09 18:52:20 - __main__ - INFO - material priors: [94, 931, 16, 4, 55, 43, 143, 15, 4, 29, 8, 45, 0, 0, 385, 11]
2026-09-09 18:52:46 - __main__ - INFO - community_type priors: [51, 636, 43, 64, 16]
2026-09-09 18:52:46 - __main__ - INFO - feature priors: [6, 34, 148, 13, 72, 2, 52, 24, 0, 0]
2026-09-09 18:52:46 - __main__ - INFO - sample_host priors: [6, 11, 32, 16, 11, 4, 4, 0, 17, 12, 11, 624, 16, 0, 16, 8, 11, 9, 4, 5, 1, 0, 4, 0]
2026-09-09 18:52:46 - __main__ - INFO - material priors: [43, 393, 16, 4, 148, 43, 70, 11, 4, 35, 52, 44, 24, 2, 264, 0]
2026-09-09 18:53:01 - __main__ - INFO - community_type priors: [58, 789, 0, 139, 11]
2026-09-09 18:53:01 - __main__ - INFO - feature priors: [11, 0, 157, 6, 75, 0, 52, 24, 0, 0]
2026-09-09 18:53:01 - __main__ - INFO - sample_host priors: [0, 0, 0, 0, 12, 0, 0, 0, 6, 55, 34, 564, 0, 0, 0, 0, 0, 0, 4, 5, 1, 0, 0, 316]
2026-09-09 18:53:01 - __main__ - INFO - material priors: [77, 710, 0, 0, 157, 0, 73, 4, 0, 58, 60, 5, 24, 2, 141, 11]
2026-09-09 18:53:17 - __main__ - INFO - community_type priors: [45, 1233, 43, 177, 27]
2026-09-09 18:53:17 - __main__ - INFO - feature priors: [17, 34, 55, 15, 143, 2, 0, 0, 0, 0]
2026-09-09 18:53:17 - __main__ - INFO - sample_host priors: [6, 11, 32, 16, 1, 4, 4, 0, 23, 67, 45, 948, 16, 0, 16, 8, 11, 9, 0, 0, 0, 0, 4, 316]
2026-09-09 18:53:17 - __main__ - INFO - material priors: [94, 931, 16, 4, 55, 43, 143, 15, 4, 29, 8, 45, 0, 0, 385, 11]
2026-09-09 18:53:43 - __main__ - INFO - community_type priors: [51, 636, 43, 64, 16]
2026-09-09 18:53:43 - __main__ - INFO - feature priors: [6, 34, 148, 13, 72, 2, 52, 24, 0, 0]
2026-09-09 18:53:43 - __main__ - INFO - sample_host priors: [6, 11, 32, 16, 11, 4, 4, 0, 17, 12, 11, 624, 16, 0, 16, 8, 11, 9, 4, 5, 1, 0, 4, 0]
2026-09-09 18:53:43 - __main__ - INFO - material priors: [43, 393, 16, 4, 148, 43, 70, 11, 4, 35, 52, 44, 24, 2, 264, 0]
2026-09-09 18:54:01 - __main__ - INFO - community_type priors: [58, 789, 0, 139, 11]
2026-09-09 18:54:01 - __main__ - INFO - feature priors: [11, 0, 157, 6, 75, 0, 52, 24, 0, 0]
2026-09-09 18:54:01 - __main__ - INFO - sample_host priors: [0, 0, 0, 0, 12, 0, 0, 0, 6, 55, 34, 564, 0, 0, 0, 0, 0, 0, 4, 5, 1, 0, 0, 316]
2026-09-09 18:54:01 - __main__ - INFO - material priors: [77, 710, 0, 0, 157, 0, 73, 4, 0, 58, 60, 5, 24, 2, 141, 11]
2026-09-09 18:54:14 - __main__ - INFO - community_type priors: [45, 1233, 43, 177, 27]
2026-09-09 18:54:14 - __main__ - INFO - feature priors: [17, 34, 55, 15, 143, 2, 0, 0, 0, 0]
2026-09-09 18:54:14 - __main__ - INFO - sample_host priors: [6, 11, 32, 16, 1, 4, 4, 0, 23, 67, 45, 948, 16, 0, 16, 8, 11, 9, 0, 0, 0, 0, 4, 316]
2026-09-09 18:54:14 - __main__ - INFO - material priors: [94, 931, 16, 4, 55, 43, 143, 15, 4, 29, 8, 45, 0, 0, 385, 11]
2026-09-09 18:54:42 - __main__ - INFO - community_type priors: [51, 636, 43, 64, 16]
2026-09-09 18:54:42 - __main__ - INFO - feature priors: [6, 34, 148, 13, 72, 2, 52, 24, 0, 0]
2026-09-09 18:54:42 - __main__ - INFO - sample_host priors: [6, 11, 32, 16, 11, 4, 4, 0, 17, 12, 11, 624, 16, 0, 16, 8, 11, 9, 4, 5, 1, 0, 4, 0]
2026-09-09 18:54:42 - __main__ - INFO - material priors: [43, 393, 16, 4, 148, 43, 70, 11, 4, 35, 52, 44, 24, 2, 264, 0]
2026-09-09 18:55:02 - __main__ - INFO - community_type priors: [58, 789, 0, 139, 11]
2026-09-09 18:55:02 - __main__ - INFO - feature priors: [11, 0, 157, 6, 75, 0, 52, 24, 0, 0]
2026-09-09 18:55:02 - __main__ - INFO - sample_host priors: [0, 0, 0, 0, 12, 0, 0, 0, 6, 55, 34, 564, 0, 0, 0, 0, 0, 0, 4, 5, 1, 0, 0, 316]
2026-09-09 18:55:02 - __main__ - INFO - material priors: [77, 710, 0, 0, 157, 0, 73, 4, 0, 58, 60, 5, 24, 2, 141, 11]
2026-09-09 18:55:24 - __main__ - INFO - community_type priors: [45, 1233, 43, 177, 27]
2026-09-09 18:55:24 - __main__ - INFO - feature priors: [17, 34, 55, 15, 143, 2, 0, 0, 0, 0]
2026-09-09 18:55:24 - __main__ - INFO - sample_host priors: [6, 11, 32, 16, 1, 4, 4, 0, 23, 67, 45, 948, 16, 0, 16, 8, 11, 9, 0, 0, 0, 0, 4, 316]
2026-09-09 18:55:24 - __main__ - INFO - material priors: [94, 931, 16, 4, 55, 43, 143, 15, 4, 29, 8, 45, 0, 0, 385, 11]
2026-09-09 18:55:47 - __main__ - INFO - community_type priors: [51, 636, 43, 64, 16]
2026-09-09 18:55:47 - __main__ - INFO - feature priors: [6, 34, 148, 13, 72, 2, 52, 24, 0, 0]
2026-09-09 18:55:47 - __main__ - INFO - sample_host priors: [6, 11, 32, 16, 11, 4, 4, 0, 17, 12, 11, 624, 16, 0, 16, 8, 11, 9, 4, 5, 1, 0, 4, 0]
2026-09-09 18:55:47 - __main__ - INFO - material priors: [43, 393, 16, 4, 148, 43, 70, 11, 4, 35, 52, 44, 24, 2, 264, 0]
2026-09-09 18:56:05 - __main__ - INFO - community_type priors: [58, 789, 0, 139, 11]
2026-09-09 18:56:05 - __main__ - INFO - feature priors: [11, 0, 157, 6, 75, 0, 52, 24, 0, 0]
2026-09-09 18:56:05 - __main__ - INFO - sample_host priors: [0, 0, 0, 0, 12, 0, 0, 0, 6, 55, 34, 564, 0, 0, 0, 0, 0, 0, 4, 5, 1, 0, 0, 316]
2026-09-09 18:56:05 - __main__ - INFO - material priors: [77, 710, 0, 0, 157, 0, 73, 4, 0, 58, 60, 5, 24, 2, 141, 11]
2026-09-09 18:56:19 - __main__ - INFO - community_type priors: [45, 1233, 43, 177, 27]
2026-09-09 18:56:19 - __main__ - INFO - feature priors: [17, 34, 55, 15, 143, 2, 0, 0, 0, 0]
2026-09-09 18:56:19 - __main__ - INFO - sample_host priors: [6, 11, 32, 16, 1, 4, 4, 0, 23, 67, 45, 948, 16, 0, 16, 8, 11, 9, 0, 0, 0, 0, 4, 316]
2026-09-09 18:56:19 - __main__ - INFO - material priors: [94, 931, 16, 4, 55, 43, 143, 15, 4, 29, 8, 45, 0, 0, 385, 11]
2026-09-09 18:56:39 - __main__ - INFO - community_type priors: [51, 636, 43, 64, 16]
2026-09-09 18:56:39 - __main__ - INFO - feature priors: [6, 34, 148, 13, 72, 2, 52, 24, 0, 0]
2026-09-09 18:56:39 - __main__ - INFO - sample_host priors: [6, 11, 32, 16, 11, 4, 4, 0, 17, 12, 11, 624, 16, 0, 16, 8, 11, 9, 4, 5, 1, 0, 4, 0]
2026-09-09 18:56:39 - __main__ - INFO - material priors: [43, 393, 16, 4, 148, 43, 70, 11, 4, 35, 52, 44, 24, 2, 264, 0]
2026-09-09 18:56:54 - __main__ - INFO - community_type priors: [58, 789, 0, 139, 11]
2026-09-09 18:56:54 - __main__ - INFO - feature priors: [11, 0, 157, 6, 75, 0, 52, 24, 0, 0]
2026-09-09 18:56:54 - __main__ - INFO - sample_host priors: [0, 0, 0, 0, 12, 0, 0, 0, 6, 55, 34, 564, 0, 0, 0, 0, 0, 0, 4, 5, 1, 0, 0, 316]
2026-09-09 18:56:54 - __main__ - INFO - material priors: [77, 710, 0, 0, 157, 0, 73, 4, 0, 58, 60, 5, 24, 2, 141, 11]
2026-09-09 18:57:17 - __main__ - INFO - community_type priors: [45, 1233, 43, 177, 27]
2026-09-09 18:57:17 - __main__ - INFO - feature priors: [17, 34, 55, 15, 143, 2, 0, 0, 0, 0]
2026-09-09 18:57:17 - __main__ - INFO - sample_host priors: [6, 11, 32, 16, 1, 4, 4, 0, 23, 67, 45, 948, 16, 0, 16, 8, 11, 9, 0, 0, 0, 0, 4, 316]
2026-09-09 18:57:17 - __main__ - INFO - material priors: [94, 931, 16, 4, 55, 43, 143, 15, 4, 29, 8, 45, 0, 0, 385, 11]
2026-09-09 18:57:36 - __main__ - INFO - community_type priors: [51, 636, 43, 64, 16]
2026-09-09 18:57:36 - __main__ - INFO - feature priors: [6, 34, 148, 13, 72, 2, 52, 24, 0, 0]
2026-09-09 18:57:36 - __main__ - INFO - sample_host priors: [6, 11, 32, 16, 11, 4, 4, 0, 17, 12, 11, 624, 16, 0, 16, 8, 11, 9, 4, 5, 1, 0, 4, 0]
2026-09-09 18:57:36 - __main__ - INFO - material priors: [43, 393, 16, 4, 148, 43, 70, 11, 4, 35, 52, 44, 24, 2, 264, 0]
2026-09-09 18:57:48 - __main__ - INFO - community_type priors: [58, 789, 0, 139, 11]
2026-09-09 18:57:48 - __main__ - INFO - feature priors: [11, 0, 157, 6, 75, 0, 52, 24, 0, 0]
2026-09-09 18:57:48 - __main__ - INFO - sample_host priors: [0, 0, 0, 0, 12, 0, 0, 0, 6, 55, 34, 564, 0, 0, 0, 0, 0, 0, 4, 5, 1, 0, 0, 316]
2026-09-09 18:57:48 - __main__ - INFO - material priors: [77, 710, 0, 0, 157, 0, 73, 4, 0, 58, 60, 5, 24, 2, 141, 11]
2026-09-09 18:58:16 - __main__ - INFO - community_type priors: [45, 1233, 43, 177, 27]
2026-09-09 18:58:16 - __main__ - INFO - feature priors: [17, 34, 55, 15, 143, 2, 0, 0, 0, 0]
2026-09-09 18:58:16 - __main__ - INFO - sample_host priors: [6, 11, 32, 16, 1, 4, 4, 0, 23, 67, 45, 948, 16, 0, 16, 8, 11, 9, 0, 0, 0, 0, 4, 316]
2026-09-09 18:58:16 - __main__ - INFO - material priors: [94, 931, 16, 4, 55, 43, 143, 15, 4, 29, 8, 45, 0, 0, 385, 11]
2026-09-09 18:58:43 - __main__ - INFO - community_type priors: [51, 636, 43, 64, 16]
2026-09-09 18:58:43 - __main__ - INFO - feature priors: [6, 34, 148, 13, 72, 2, 52, 24, 0, 0]
2026-09-09 18:58:43 - __main__ - INFO - sample_host priors: [6, 11, 32, 16, 11, 4, 4, 0, 17, 12, 11, 624, 16, 0, 16, 8, 11, 9, 4, 5, 1, 0, 4, 0]
2026-09-09 18:58:43 - __main__ - INFO - material priors: [43, 393, 16, 4, 148, 43, 70, 11, 4, 35, 52, 44, 24, 2, 264, 0]
2026-09-09 18:58:59 - __main__ - INFO - community_type priors: [58, 789, 0, 139, 11]
2026-09-09 18:58:59 - __main__ - INFO - feature priors: [11, 0, 157, 6, 75, 0, 52, 24, 0, 0]
2026-09-09 18:58:59 - __main__ - INFO - sample_host priors: [0, 0, 0, 0, 12, 0, 0, 0, 6, 55, 34, 564, 0, 0, 0, 0, 0, 0, 4, 5, 1, 0, 0, 316]
2026-09-09 18:58:59 - __main__ - INFO - material priors: [77, 710, 0, 0, 157, 0, 73, 4, 0, 58, 60, 5, 24, 2, 141, 11]
2026-09-09 18:59:13 - __main__ - INFO - community_type priors: [45, 1233, 43, 177, 27]
2026-09-09 18:59:13 - __main__ - INFO - feature priors: [17, 34, 55, 15, 143, 2, 0, 0, 0, 0]
2026-09-09 18:59:13 - __main__ - INFO - sample_host priors: [6, 11, 32, 16, 1, 4, 4, 0, 23, 67, 45, 948, 16, 0, 16, 8, 11, 9, 0, 0, 0, 0, 4, 316]
2026-09-09 18:59:13 - __main__ - INFO - material priors: [94, 931, 16, 4, 55, 43, 143, 15, 4, 29, 8, 45, 0, 0, 385, 11]
2026-09-09 18:59:36 - __main__ - INFO - community_type priors: [51, 636, 43, 64, 16]
2026-09-09 18:59:36 - __main__ - INFO - feature priors: [6, 34, 148, 13, 72, 2, 52, 24, 0, 0]
2026-09-09 18:59:36 - __main__ - INFO - sample_host priors: [6, 11, 32, 16, 11, 4, 4, 0, 17, 12, 11, 624, 16, 0, 16, 8, 11, 9, 4, 5, 1, 0, 4, 0]
2026-09-09 18:59:36 - __main__ - INFO - material priors: [43, 393, 16, 4, 148, 43, 70, 11, 4, 35, 52, 44, 24, 2, 264, 0]
2026-09-09 18:59:54 - __main__ - INFO - community_type priors: [58, 789, 0, 139, 11]
2026-09-09 18:59:54 - __main__ - INFO - feature priors: [11, 0, 157, 6, 75, 0, 52, 24, 0, 0]
2026-09-09 18:59:54 - __main__ - INFO - sample_host priors: [0, 0, 0, 0, 12, 0, 0, 0, 6, 55, 34, 564, 0, 0, 0, 0, 0, 0, 4, 5, 1, 0, 0, 316]
2026-09-09 18:59:54 - __main__ - INFO - material priors: [77, 710, 0, 0, 157, 0, 73, 4, 0, 58, 60, 5, 24, 2, 141, 11]
2026-09-09 19:00:12 - __main__ - INFO - community_type priors: [45, 1233, 43, 177, 27]
2026-09-09 19:00:12 - __main__ - INFO - feature priors: [17, 34, 55, 15, 143, 2, 0, 0, 0, 0]
2026-09-09 19:00:12 - __main__ - INFO - sample_host priors: [6, 11, 32, 16, 1, 4, 4, 0, 23, 67, 45, 948, 16, 0, 16, 8, 11, 9, 0, 0, 0, 0, 4, 316]
2026-09-09 19:00:12 - __main__ - INFO - material priors: [94, 931, 16, 4, 55, 43, 143, 15, 4, 29, 8, 45, 0, 0, 385, 11]
2026-09-09 19:00:29 - __main__ - INFO - community_type priors: [51, 636, 43, 64, 16]
2026-09-09 19:00:29 - __main__ - INFO - feature priors: [6, 34, 148, 13, 72, 2, 52, 24, 0, 0]
2026-09-09 19:00:29 - __main__ - INFO - sample_host priors: [6, 11, 32, 16, 11, 4, 4, 0, 17, 12, 11, 624, 16, 0, 16, 8, 11, 9, 4, 5, 1, 0, 4, 0]
2026-09-09 19:00:29 - __main__ - INFO - material priors: [43, 393, 16, 4, 148, 43, 70, 11, 4, 35, 52, 44, 24, 2, 264, 0]
2026-09-09 19:00:41 - __main__ - INFO - community_type priors: [58, 789, 0, 139, 11]
2026-09-09 19:00:41 - __main__ - INFO - feature priors: [11, 0, 157, 6, 75, 0, 52, 24, 0, 0]
2026-09-09 19:00:41 - __main__ - INFO - sample_host priors: [0, 0, 0, 0, 12, 0, 0, 0, 6, 55, 34, 564, 0, 0, 0, 0, 0, 0, 4, 5, 1, 0, 0, 316]
2026-09-09 19:00:41 - __main__ - INFO - material priors: [77, 710, 0, 0, 157, 0, 73, 4, 0, 58, 60, 5, 24, 2, 141, 11]
2026-09-09 19:01:08 - __main__ - INFO - community_type priors: [45, 1233, 43, 177, 27]
2026-09-09 19:01:08 - __main__ - INFO - feature priors: [17, 34, 55, 15, 143, 2, 0, 0, 0, 0]
2026-09-09 19:01:08 - __main__ - INFO - sample_host priors: [6, 11, 32, 16, 1, 4, 4, 0, 23, 67, 45, 948, 16, 0, 16, 8, 11, 9, 0, 0, 0, 0, 4, 316]
2026-09-09 19:01:08 - __main__ - INFO - material priors: [94, 931, 16, 4, 55, 43, 143, 15, 4, 29, 8, 45, 0, 0, 385, 11]
2026-09-09 19:01:25 - __main__ - INFO - community_type priors: [51, 636, 43, 64, 16]
2026-09-09 19:01:25 - __main__ - INFO - feature priors: [6, 34, 148, 13, 72, 2, 52, 24, 0, 0]
2026-09-09 19:01:25 - __main__ - INFO - sample_host priors: [6, 11, 32, 16, 11, 4, 4, 0, 17, 12, 11, 624, 16, 0, 16, 8, 11, 9, 4, 5, 1, 0, 4, 0]
2026-09-09 19:01:25 - __main__ - INFO - material priors: [43, 393, 16, 4, 148, 43, 70, 11, 4, 35, 52, 44, 24, 2, 264, 0]
2026-09-09 19:01:49 - __main__ - INFO - community_type priors: [58, 789, 0, 139, 11]
2026-09-09 19:01:49 - __main__ - INFO - feature priors: [11, 0, 157, 6, 75, 0, 52, 24, 0, 0]
2026-09-09 19:01:49 - __main__ - INFO - sample_host priors: [0, 0, 0, 0, 12, 0, 0, 0, 6, 55, 34, 564, 0, 0, 0, 0, 0, 0, 4, 5, 1, 0, 0, 316]
2026-09-09 19:01:49 - __main__ - INFO - material priors: [77, 710, 0, 0, 157, 0, 73, 4, 0, 58, 60, 5, 24, 2, 141, 11]
2026-09-09 19:02:03 - __main__ - INFO - community_type priors: [45, 1233, 43, 177, 27]
2026-09-09 19:02:03 - __main__ - INFO - feature priors: [17, 34, 55, 15, 143, 2, 0, 0, 0, 0]
2026-09-09 19:02:03 - __main__ - INFO - sample_host priors: [6, 11, 32, 16, 1, 4, 4, 0, 23, 67, 45, 948, 16, 0, 16, 8, 11, 9, 0, 0, 0, 0, 4, 316]
2026-09-09 19:02:03 - __main__ - INFO - material priors: [94, 931, 16, 4, 55, 43, 143, 15, 4, 29, 8, 45, 0, 0, 385, 11]
2026-09-09 19:02:21 - __main__ - INFO - community_type priors: [51, 636, 43, 64, 16]
2026-09-09 19:02:21 - __main__ - INFO - feature priors: [6, 34, 148, 13, 72, 2, 52, 24, 0, 0]
2026-09-09 19:02:21 - __main__ - INFO - sample_host priors: [6, 11, 32, 16, 11, 4, 4, 0, 17, 12, 11, 624, 16, 0, 16, 8, 11, 9, 4, 5, 1, 0, 4, 0]
2026-09-09 19:02:21 - __main__ - INFO - material priors: [43, 393, 16, 4, 148, 43, 70, 11, 4, 35, 52, 44, 24, 2, 264, 0]
2026-09-09 19:02:41 - __main__ - INFO - community_type priors: [58, 789, 0, 139, 11]
2026-09-09 19:02:41 - __main__ - INFO - feature priors: [11, 0, 157, 6, 75, 0, 52, 24, 0, 0]
2026-09-09 19:02:41 - __main__ - INFO - sample_host priors: [0, 0, 0, 0, 12, 0, 0, 0, 6, 55, 34, 564, 0, 0, 0, 0, 0, 0, 4, 5, 1, 0, 0, 316]
2026-09-09 19:02:41 - __main__ - INFO - material priors: [77, 710, 0, 0, 157, 0, 73, 4, 0, 58, 60, 5, 24, 2, 141, 11]
2026-09-09 19:02:55 - __main__ - INFO - community_type priors: [45, 1233, 43, 177, 27]
2026-09-09 19:02:55 - __main__ - INFO - feature priors: [17, 34, 55, 15, 143, 2, 0, 0, 0, 0]
2026-09-09 19:02:55 - __main__ - INFO - sample_host priors: [6, 11, 32, 16, 1, 4, 4, 0, 23, 67, 45, 948, 16, 0, 16, 8, 11, 9, 0, 0, 0, 0, 4, 316]
2026-09-09 19:02:55 - __main__ - INFO - material priors: [94, 931, 16, 4, 55, 43, 143, 15, 4, 29, 8, 45, 0, 0, 385, 11]
2026-09-09 19:03:24 - __main__ - INFO - community_type priors: [51, 636, 43, 64, 16]
2026-09-09 19:03:24 - __main__ - INFO - feature priors: [6, 34, 148, 13, 72, 2, 52, 24, 0, 0]
2026-09-09 19:03:24 - __main__ - INFO - sample_host priors: [6, 11, 32, 16, 11, 4, 4, 0, 17, 12, 11, 624, 16, 0, 16, 8, 11, 9, 4, 5, 1, 0, 4, 0]
2026-09-09 19:03:24 - __main__ - INFO - material priors: [43, 393, 16, 4, 148, 43, 70, 11, 4, 35, 52, 44, 24, 2, 264, 0]
2026-09-09 19:03:41 - __main__ - INFO - community_type priors: [58, 789, 0, 139, 11]
2026-09-09 19:03:41 - __main__ - INFO - feature priors: [11, 0, 157, 6, 75, 0, 52, 24, 0, 0]
2026-09-09 19:03:41 - __main__ - INFO - sample_host priors: [0, 0, 0, 0, 12, 0, 0, 0, 6, 55, 34, 564, 0, 0, 0, 0, 0, 0, 4, 5, 1, 0, 0, 316]
2026-09-09 19:03:41 - __main__ - INFO - material priors: [77, 710, 0, 0, 157, 0, 73, 4, 0, 58, 60, 5, 24, 2, 141, 11]
2026-09-09 19:04:02 - __main__ - INFO - community_type priors: [45, 1233, 43, 177, 27]
2026-09-09 19:04:02 - __main__ - INFO - feature priors: [17, 34, 55, 15, 143, 2, 0, 0, 0, 0]
2026-09-09 19:04:02 - __main__ - INFO - sample_host priors: [6, 11, 32, 16, 1, 4, 4, 0, 23, 67, 45, 948, 16, 0, 16, 8, 11, 9, 0, 0, 0, 0, 4, 316]
2026-09-09 19:04:02 - __main__ - INFO - material priors: [94, 931, 16, 4, 55, 43, 143, 15, 4, 29, 8, 45, 0, 0, 385, 11]
2026-09-09 19:05:02 - __main__ - INFO - community_type priors: [51, 636, 43, 64, 16]
2026-09-09 19:05:02 - __main__ - INFO - feature priors: [6, 34, 148, 13, 72, 2, 52, 24, 0, 0]
2026-09-09 19:05:02 - __main__ - INFO - sample_host priors: [6, 11, 32, 16, 11, 4, 4, 0, 17, 12, 11, 624, 16, 0, 16, 8, 11, 9, 4, 5, 1, 0, 4, 0]
2026-09-09 19:05:02 - __main__ - INFO - material priors: [43, 393, 16, 4, 148, 43, 70, 11, 4, 35, 52, 44, 24, 2, 264, 0]
2026-09-09 19:05:46 - __main__ - INFO - community_type priors: [58, 789, 0, 139, 11]
2026-09-09 19:05:46 - __main__ - INFO - feature priors: [11, 0, 157, 6, 75, 0, 52, 24, 0, 0]
2026-09-09 19:05:46 - __main__ - INFO - sample_host priors: [0, 0, 0, 0, 12, 0, 0, 0, 6, 55, 34, 564, 0, 0, 0, 0, 0, 0, 4, 5, 1, 0, 0, 316]
2026-09-09 19:05:46 - __main__ - INFO - material priors: [77, 710, 0, 0, 157, 0, 73, 4, 0, 58, 60, 5, 24, 2, 141, 11]
2026-09-09 19:06:39 - __main__ - INFO - community_type priors: [45, 1233, 43, 177, 27]
2026-09-09 19:06:39 - __main__ - INFO - feature priors: [17, 34, 55, 15, 143, 2, 0, 0, 0, 0]
2026-09-09 19:06:39 - __main__ - INFO - sample_host priors: [6, 11, 32, 16, 1, 4, 4, 0, 23, 67, 45, 948, 16, 0, 16, 8, 11, 9, 0, 0, 0, 0, 4, 316]
2026-09-09 19:06:39 - __main__ - INFO - material priors: [94, 931, 16, 4, 55, 43, 143, 15, 4, 29, 8, 45, 0, 0, 385, 11]
2026-09-09 19:07:17 - __main__ - INFO - community_type priors: [51, 636, 43, 64, 16]
2026-09-09 19:07:17 - __main__ - INFO - feature priors: [6, 34, 148, 13, 72, 2, 52, 24, 0, 0]
2026-09-09 19:07:17 - __main__ - INFO - sample_host priors: [6, 11, 32, 16, 11, 4, 4, 0, 17, 12, 11, 624, 16, 0, 16, 8, 11, 9, 4, 5, 1, 0, 4, 0]
2026-09-09 19:07:17 - __main__ - INFO - material priors: [43, 393, 16, 4, 148, 43, 70, 11, 4, 35, 52, 44, 24, 2, 264, 0]
2026-09-09 19:07:34 - __main__ - INFO - community_type priors: [58, 789, 0, 139, 11]
2026-09-09 19:07:34 - __main__ - INFO - feature priors: [11, 0, 157, 6, 75, 0, 52, 24, 0, 0]
2026-09-09 19:07:34 - __main__ - INFO - sample_host priors: [0, 0, 0, 0, 12, 0, 0, 0, 6, 55, 34, 564, 0, 0, 0, 0, 0, 0, 4, 5, 1, 0, 0, 316]
2026-09-09 19:07:34 - __main__ - INFO - material priors: [77, 710, 0, 0, 157, 0, 73, 4, 0, 58, 60, 5, 24, 2, 141, 11]
2026-09-09 19:07:47 - __main__ - INFO - community_type priors: [45, 1233, 43, 177, 27]
2026-09-09 19:07:47 - __main__ - INFO - feature priors: [17, 34, 55, 15, 143, 2, 0, 0, 0, 0]
2026-09-09 19:07:47 - __main__ - INFO - sample_host priors: [6, 11, 32, 16, 1, 4, 4, 0, 23, 67, 45, 948, 16, 0, 16, 8, 11, 9, 0, 0, 0, 0, 4, 316]
2026-09-09 19:07:47 - __main__ - INFO - material priors: [94, 931, 16, 4, 55, 43, 143, 15, 4, 29, 8, 45, 0, 0, 385, 11]
2026-09-09 19:08:04 - __main__ - INFO - community_type priors: [51, 636, 43, 64, 16]
2026-09-09 19:08:04 - __main__ - INFO - feature priors: [6, 34, 148, 13, 72, 2, 52, 24, 0, 0]
2026-09-09 19:08:04 - __main__ - INFO - sample_host priors: [6, 11, 32, 16, 11, 4, 4, 0, 17, 12, 11, 624, 16, 0, 16, 8, 11, 9, 4, 5, 1, 0, 4, 0]
2026-09-09 19:08:04 - __main__ - INFO - material priors: [43, 393, 16, 4, 148, 43, 70, 11, 4, 35, 52, 44, 24, 2, 264, 0]
2026-09-09 19:08:24 - __main__ - INFO - community_type priors: [58, 789, 0, 139, 11]
2026-09-09 19:08:24 - __main__ - INFO - feature priors: [11, 0, 157, 6, 75, 0, 52, 24, 0, 0]
2026-09-09 19:08:24 - __main__ - INFO - sample_host priors: [0, 0, 0, 0, 12, 0, 0, 0, 6, 55, 34, 564, 0, 0, 0, 0, 0, 0, 4, 5, 1, 0, 0, 316]
2026-09-09 19:08:24 - __main__ - INFO - material priors: [77, 710, 0, 0, 157, 0, 73, 4, 0, 58, 60, 5, 24, 2, 141, 11]
2026-09-09 19:08:39 - __main__ - INFO - community_type priors: [45, 1233, 43, 177, 27]
2026-09-09 19:08:39 - __main__ - INFO - feature priors: [17, 34, 55, 15, 143, 2, 0, 0, 0, 0]
2026-09-09 19:08:39 - __main__ - INFO - sample_host priors: [6, 11, 32, 16, 1, 4, 4, 0, 23, 67, 45, 948, 16, 0, 16, 8, 11, 9, 0, 0, 0, 0, 4, 316]
2026-09-09 19:08:39 - __main__ - INFO - material priors: [94, 931, 16, 4, 55, 43, 143, 15, 4, 29, 8, 45, 0, 0, 385, 11]
2026-09-09 19:09:04 - __main__ - INFO - community_type priors: [51, 636, 43, 64, 16]
2026-09-09 19:09:04 - __main__ - INFO - feature priors: [6, 34, 148, 13, 72, 2, 52, 24, 0, 0]
2026-09-09 19:09:04 - __main__ - INFO - sample_host priors: [6, 11, 32, 16, 11, 4, 4, 0, 17, 12, 11, 624, 16, 0, 16, 8, 11, 9, 4, 5, 1, 0, 4, 0]
2026-09-09 19:09:04 - __main__ - INFO - material priors: [43, 393, 16, 4, 148, 43, 70, 11, 4, 35, 52, 44, 24, 2, 264, 0]
2026-09-09 19:09:30 - __main__ - INFO - community_type priors: [58, 789, 0, 139, 11]
2026-09-09 19:09:30 - __main__ - INFO - feature priors: [11, 0, 157, 6, 75, 0, 52, 24, 0, 0]
2026-09-09 19:09:30 - __main__ - INFO - sample_host priors: [0, 0, 0, 0, 12, 0, 0, 0, 6, 55, 34, 564, 0, 0, 0, 0, 0, 0, 4, 5, 1, 0, 0, 316]
2026-09-09 19:09:30 - __main__ - INFO - material priors: [77, 710, 0, 0, 157, 0, 73, 4, 0, 58, 60, 5, 24, 2, 141, 11]
2026-09-09 19:09:45 - __main__ - INFO - community_type priors: [45, 1233, 43, 177, 27]
2026-09-09 19:09:45 - __main__ - INFO - feature priors: [17, 34, 55, 15, 143, 2, 0, 0, 0, 0]
2026-09-09 19:09:45 - __main__ - INFO - sample_host priors: [6, 11, 32, 16, 1, 4, 4, 0, 23, 67, 45, 948, 16, 0, 16, 8, 11, 9, 0, 0, 0, 0, 4, 316]
2026-09-09 19:09:45 - __main__ - INFO - material priors: [94, 931, 16, 4, 55, 43, 143, 15, 4, 29, 8, 45, 0, 0, 385, 11]
2026-09-09 19:10:15 - __main__ - INFO - community_type priors: [51, 636, 43, 64, 16]
2026-09-09 19:10:15 - __main__ - INFO - feature priors: [6, 34, 148, 13, 72, 2, 52, 24, 0, 0]
2026-09-09 19:10:15 - __main__ - INFO - sample_host priors: [6, 11, 32, 16, 11, 4, 4, 0, 17, 12, 11, 624, 16, 0, 16, 8, 11, 9, 4, 5, 1, 0, 4, 0]
2026-09-09 19:10:15 - __main__ - INFO - material priors: [43, 393, 16, 4, 148, 43, 70, 11, 4, 35, 52, 44, 24, 2, 264, 0]
2026-09-09 19:10:35 - __main__ - INFO - community_type priors: [58, 789, 0, 139, 11]
2026-09-09 19:10:35 - __main__ - INFO - feature priors: [11, 0, 157, 6, 75, 0, 52, 24, 0, 0]
2026-09-09 19:10:35 - __main__ - INFO - sample_host priors: [0, 0, 0, 0, 12, 0, 0, 0, 6, 55, 34, 564, 0, 0, 0, 0, 0, 0, 4, 5, 1, 0, 0, 316]
2026-09-09 19:10:35 - __main__ - INFO - material priors: [77, 710, 0, 0, 157, 0, 73, 4, 0, 58, 60, 5, 24, 2, 141, 11]
2026-09-09 19:10:56 - __main__ - INFO - community_type priors: [45, 1233, 43, 177, 27]
2026-09-09 19:10:56 - __main__ - INFO - feature priors: [17, 34, 55, 15, 143, 2, 0, 0, 0, 0]
2026-09-09 19:10:56 - __main__ - INFO - sample_host priors: [6, 11, 32, 16, 1, 4, 4, 0, 23, 67, 45, 948, 16, 0, 16, 8, 11, 9, 0, 0, 0, 0, 4, 316]
2026-09-09 19:10:56 - __main__ - INFO - material priors: [94, 931, 16, 4, 55, 43, 143, 15, 4, 29, 8, 45, 0, 0, 385, 11]
2026-09-09 19:11:12 - __main__ - INFO - community_type priors: [51, 636, 43, 64, 16]
2026-09-09 19:11:12 - __main__ - INFO - feature priors: [6, 34, 148, 13, 72, 2, 52, 24, 0, 0]
2026-09-09 19:11:12 - __main__ - INFO - sample_host priors: [6, 11, 32, 16, 11, 4, 4, 0, 17, 12, 11, 624, 16, 0, 16, 8, 11, 9, 4, 5, 1, 0, 4, 0]
2026-09-09 19:11:12 - __main__ - INFO - material priors: [43, 393, 16, 4, 148, 43, 70, 11, 4, 35, 52, 44, 24, 2, 264, 0]
2026-09-09 19:11:30 - __main__ - INFO - community_type priors: [58, 789, 0, 139, 11]
2026-09-09 19:11:30 - __main__ - INFO - feature priors: [11, 0, 157, 6, 75, 0, 52, 24, 0, 0]
2026-09-09 19:11:30 - __main__ - INFO - sample_host priors: [0, 0, 0, 0, 12, 0, 0, 0, 6, 55, 34, 564, 0, 0, 0, 0, 0, 0, 4, 5, 1, 0, 0, 316]
2026-09-09 19:11:30 - __main__ - INFO - material priors: [77, 710, 0, 0, 157, 0, 73, 4, 0, 58, 60, 5, 24, 2, 141, 11]
2026-09-09 19:11:52 - __main__ - INFO - community_type priors: [45, 1233, 43, 177, 27]
2026-09-09 19:11:52 - __main__ - INFO - feature priors: [17, 34, 55, 15, 143, 2, 0, 0, 0, 0]
2026-09-09 19:11:52 - __main__ - INFO - sample_host priors: [6, 11, 32, 16, 1, 4, 4, 0, 23, 67, 45, 948, 16, 0, 16, 8, 11, 9, 0, 0, 0, 0, 4, 316]
2026-09-09 19:11:52 - __main__ - INFO - material priors: [94, 931, 16, 4, 55, 43, 143, 15, 4, 29, 8, 45, 0, 0, 385, 11]
2026-09-09 19:12:21 - __main__ - INFO - community_type priors: [51, 636, 43, 64, 16]
2026-09-09 19:12:21 - __main__ - INFO - feature priors: [6, 34, 148, 13, 72, 2, 52, 24, 0, 0]
2026-09-09 19:12:21 - __main__ - INFO - sample_host priors: [6, 11, 32, 16, 11, 4, 4, 0, 17, 12, 11, 624, 16, 0, 16, 8, 11, 9, 4, 5, 1, 0, 4, 0]
2026-09-09 19:12:21 - __main__ - INFO - material priors: [43, 393, 16, 4, 148, 43, 70, 11, 4, 35, 52, 44, 24, 2, 264, 0]
2026-09-09 19:12:33 - __main__ - INFO - community_type priors: [58, 789, 0, 139, 11]
2026-09-09 19:12:33 - __main__ - INFO - feature priors: [11, 0, 157, 6, 75, 0, 52, 24, 0, 0]
2026-09-09 19:12:33 - __main__ - INFO - sample_host priors: [0, 0, 0, 0, 12, 0, 0, 0, 6, 55, 34, 564, 0, 0, 0, 0, 0, 0, 4, 5, 1, 0, 0, 316]
2026-09-09 19:12:33 - __main__ - INFO - material priors: [77, 710, 0, 0, 157, 0, 73, 4, 0, 58, 60, 5, 24, 2, 141, 11]
2026-09-09 19:12:50 - __main__ - INFO - community_type priors: [45, 1233, 43, 177, 27]
2026-09-09 19:12:50 - __main__ - INFO - feature priors: [17, 34, 55, 15, 143, 2, 0, 0, 0, 0]
2026-09-09 19:12:50 - __main__ - INFO - sample_host priors: [6, 11, 32, 16, 1, 4, 4, 0, 23, 67, 45, 948, 16, 0, 16, 8, 11, 9, 0, 0, 0, 0, 4, 316]
2026-09-09 19:12:50 - __main__ - INFO - material priors: [94, 931, 16, 4, 55, 43, 143, 15, 4, 29, 8, 45, 0, 0, 385, 11]
2026-09-09 19:13:15 - __main__ - INFO - community_type priors: [51, 636, 43, 64, 16]
2026-09-09 19:13:15 - __main__ - INFO - feature priors: [6, 34, 148, 13, 72, 2, 52, 24, 0, 0]
2026-09-09 19:13:15 - __main__ - INFO - sample_host priors: [6, 11, 32, 16, 11, 4, 4, 0, 17, 12, 11, 624, 16, 0, 16, 8, 11, 9, 4, 5, 1, 0, 4, 0]
2026-09-09 19:13:15 - __main__ - INFO - material priors: [43, 393, 16, 4, 148, 43, 70, 11, 4, 35, 52, 44, 24, 2, 264, 0]
2026-09-09 19:13:32 - __main__ - INFO - community_type priors: [58, 789, 0, 139, 11]
2026-09-09 19:13:32 - __main__ - INFO - feature priors: [11, 0, 157, 6, 75, 0, 52, 24, 0, 0]
2026-09-09 19:13:32 - __main__ - INFO - sample_host priors: [0, 0, 0, 0, 12, 0, 0, 0, 6, 55, 34, 564, 0, 0, 0, 0, 0, 0, 4, 5, 1, 0, 0, 316]
2026-09-09 19:13:32 - __main__ - INFO - material priors: [77, 710, 0, 0, 157, 0, 73, 4, 0, 58, 60, 5, 24, 2, 141, 11]
2026-09-09 19:13:44 - __main__ - INFO - community_type priors: [45, 1233, 43, 177, 27]
2026-09-09 19:13:44 - __main__ - INFO - feature priors: [17, 34, 55, 15, 143, 2, 0, 0, 0, 0]
2026-09-09 19:13:44 - __main__ - INFO - sample_host priors: [6, 11, 32, 16, 1, 4, 4, 0, 23, 67, 45, 948, 16, 0, 16, 8, 11, 9, 0, 0, 0, 0, 4, 316]
2026-09-09 19:13:44 - __main__ - INFO - material priors: [94, 931, 16, 4, 55, 43, 143, 15, 4, 29, 8, 45, 0, 0, 385, 11]
2026-09-09 19:14:12 - __main__ - INFO - community_type priors: [51, 636, 43, 64, 16]
2026-09-09 19:14:12 - __main__ - INFO - feature priors: [6, 34, 148, 13, 72, 2, 52, 24, 0, 0]
2026-09-09 19:14:12 - __main__ - INFO - sample_host priors: [6, 11, 32, 16, 11, 4, 4, 0, 17, 12, 11, 624, 16, 0, 16, 8, 11, 9, 4, 5, 1, 0, 4, 0]
2026-09-09 19:14:12 - __main__ - INFO - material priors: [43, 393, 16, 4, 148, 43, 70, 11, 4, 35, 52, 44, 24, 2, 264, 0]
2026-09-09 19:14:29 - __main__ - INFO - community_type priors: [58, 789, 0, 139, 11]
2026-09-09 19:14:29 - __main__ - INFO - feature priors: [11, 0, 157, 6, 75, 0, 52, 24, 0, 0]
2026-09-09 19:14:29 - __main__ - INFO - sample_host priors: [0, 0, 0, 0, 12, 0, 0, 0, 6, 55, 34, 564, 0, 0, 0, 0, 0, 0, 4, 5, 1, 0, 0, 316]
2026-09-09 19:14:29 - __main__ - INFO - material priors: [77, 710, 0, 0, 157, 0, 73, 4, 0, 58, 60, 5, 24, 2, 141, 11]
2026-09-09 19:14:47 - __main__ - INFO - community_type priors: [45, 1233, 43, 177, 27]
2026-09-09 19:14:47 - __main__ - INFO - feature priors: [17, 34, 55, 15, 143, 2, 0, 0, 0, 0]
2026-09-09 19:14:47 - __main__ - INFO - sample_host priors: [6, 11, 32, 16, 1, 4, 4, 0, 23, 67, 45, 948, 16, 0, 16, 8, 11, 9, 0, 0, 0, 0, 4, 316]
2026-09-09 19:14:47 - __main__ - INFO - material priors: [94, 931, 16, 4, 55, 43, 143, 15, 4, 29, 8, 45, 0, 0, 385, 11]
2026-09-09 19:15:10 - __main__ - INFO - community_type priors: [51, 636, 43, 64, 16]
2026-09-09 19:15:10 - __main__ - INFO - feature priors: [6, 34, 148, 13, 72, 2, 52, 24, 0, 0]
2026-09-09 19:15:10 - __main__ - INFO - sample_host priors: [6, 11, 32, 16, 11, 4, 4, 0, 17, 12, 11, 624, 16, 0, 16, 8, 11, 9, 4, 5, 1, 0, 4, 0]
2026-09-09 19:15:10 - __main__ - INFO - material priors: [43, 393, 16, 4, 148, 43, 70, 11, 4, 35, 52, 44, 24, 2, 264, 0]
2026-09-09 19:15:31 - __main__ - INFO - community_type priors: [58, 789, 0, 139, 11]
2026-09-09 19:15:31 - __main__ - INFO - feature priors: [11, 0, 157, 6, 75, 0, 52, 24, 0, 0]
2026-09-09 19:15:31 - __main__ - INFO - sample_host priors: [0, 0, 0, 0, 12, 0, 0, 0, 6, 55, 34, 564, 0, 0, 0, 0, 0, 0, 4, 5, 1, 0, 0, 316]
2026-09-09 19:15:31 - __main__ - INFO - material priors: [77, 710, 0, 0, 157, 0, 73, 4, 0, 58, 60, 5, 24, 2, 141, 11]
2026-09-09 19:15:48 - __main__ - INFO - community_type priors: [45, 1233, 43, 177, 27]
2026-09-09 19:15:48 - __main__ - INFO - feature priors: [17, 34, 55, 15, 143, 2, 0, 0, 0, 0]
2026-09-09 19:15:48 - __main__ - INFO - sample_host priors: [6, 11, 32, 16, 1, 4, 4, 0, 23, 67, 45, 948, 16, 0, 16, 8, 11, 9, 0, 0, 0, 0, 4, 316]
2026-09-09 19:15:48 - __main__ - INFO - material priors: [94, 931, 16, 4, 55, 43, 143, 15, 4, 29, 8, 45, 0, 0, 385, 11]
2026-09-09 19:16:18 - __main__ - INFO - community_type priors: [51, 636, 43, 64, 16]
2026-09-09 19:16:18 - __main__ - INFO - feature priors: [6, 34, 148, 13, 72, 2, 52, 24, 0, 0]
2026-09-09 19:16:18 - __main__ - INFO - sample_host priors: [6, 11, 32, 16, 11, 4, 4, 0, 17, 12, 11, 624, 16, 0, 16, 8, 11, 9, 4, 5, 1, 0, 4, 0]
2026-09-09 19:16:18 - __main__ - INFO - material priors: [43, 393, 16, 4, 148, 43, 70, 11, 4, 35, 52, 44, 24, 2, 264, 0]
2026-09-09 19:16:35 - __main__ - INFO - community_type priors: [58, 789, 0, 139, 11]
2026-09-09 19:16:35 - __main__ - INFO - feature priors: [11, 0, 157, 6, 75, 0, 52, 24, 0, 0]
2026-09-09 19:16:35 - __main__ - INFO - sample_host priors: [0, 0, 0, 0, 12, 0, 0, 0, 6, 55, 34, 564, 0, 0, 0, 0, 0, 0, 4, 5, 1, 0, 0, 316]
2026-09-09 19:16:35 - __main__ - INFO - material priors: [77, 710, 0, 0, 157, 0, 73, 4, 0, 58, 60, 5, 24, 2, 141, 11]
2026-09-09 19:16:58 - __main__ - INFO - community_type priors: [45, 1233, 43, 177, 27]
2026-09-09 19:16:58 - __main__ - INFO - feature priors: [17, 34, 55, 15, 143, 2, 0, 0, 0, 0]
2026-09-09 19:16:58 - __main__ - INFO - sample_host priors: [6, 11, 32, 16, 1, 4, 4, 0, 23, 67, 45, 948, 16, 0, 16, 8, 11, 9, 0, 0, 0, 0, 4, 316]
2026-09-09 19:16:58 - __main__ - INFO - material priors: [94, 931, 16, 4, 55, 43, 143, 15, 4, 29, 8, 45, 0, 0, 385, 11]
2026-09-09 19:17:24 - __main__ - INFO - community_type priors: [51, 636, 43, 64, 16]
2026-09-09 19:17:24 - __main__ - INFO - feature priors: [6, 34, 148, 13, 72, 2, 52, 24, 0, 0]
2026-09-09 19:17:24 - __main__ - INFO - sample_host priors: [6, 11, 32, 16, 11, 4, 4, 0, 17, 12, 11, 624, 16, 0, 16, 8, 11, 9, 4, 5, 1, 0, 4, 0]
2026-09-09 19:17:24 - __main__ - INFO - material priors: [43, 393, 16, 4, 148, 43, 70, 11, 4, 35, 52, 44, 24, 2, 264, 0]
2026-09-09 19:17:46 - __main__ - INFO - community_type priors: [58, 789, 0, 139, 11]
2026-09-09 19:17:46 - __main__ - INFO - feature priors: [11, 0, 157, 6, 75, 0, 52, 24, 0, 0]
2026-09-09 19:17:46 - __main__ - INFO - sample_host priors: [0, 0, 0, 0, 12, 0, 0, 0, 6, 55, 34, 564, 0, 0, 0, 0, 0, 0, 4, 5, 1, 0, 0, 316]
2026-09-09 19:17:46 - __main__ - INFO - material priors: [77, 710, 0, 0, 157, 0, 73, 4, 0, 58, 60, 5, 24, 2, 141, 11]
2026-09-09 19:18:04 - __main__ - INFO - community_type priors: [45, 1233, 43, 177, 27]
2026-09-09 19:18:04 - __main__ - INFO - feature priors: [17, 34, 55, 15, 143, 2, 0, 0, 0, 0]
2026-09-09 19:18:04 - __main__ - INFO - sample_host priors: [6, 11, 32, 16, 1, 4, 4, 0, 23, 67, 45, 948, 16, 0, 16, 8, 11, 9, 0, 0, 0, 0, 4, 316]
2026-09-09 19:18:04 - __main__ - INFO - material priors: [94, 931, 16, 4, 55, 43, 143, 15, 4, 29, 8, 45, 0, 0, 385, 11]
2026-09-09 19:18:41 - __main__ - INFO - community_type priors: [51, 636, 43, 64, 16]
2026-09-09 19:18:41 - __main__ - INFO - feature priors: [6, 34, 148, 13, 72, 2, 52, 24, 0, 0]
2026-09-09 19:18:41 - __main__ - INFO - sample_host priors: [6, 11, 32, 16, 11, 4, 4, 0, 17, 12, 11, 624, 16, 0, 16, 8, 11, 9, 4, 5, 1, 0, 4, 0]
2026-09-09 19:18:41 - __main__ - INFO - material priors: [43, 393, 16, 4, 148, 43, 70, 11, 4, 35, 52, 44, 24, 2, 264, 0]
2026-09-09 19:19:13 - __main__ - INFO - community_type priors: [58, 789, 0, 139, 11]
2026-09-09 19:19:13 - __main__ - INFO - feature priors: [11, 0, 157, 6, 75, 0, 52, 24, 0, 0]
2026-09-09 19:19:13 - __main__ - INFO - sample_host priors: [0, 0, 0, 0, 12, 0, 0, 0, 6, 55, 34, 564, 0, 0, 0, 0, 0, 0, 4, 5, 1, 0, 0, 316]
2026-09-09 19:19:13 - __main__ - INFO - material priors: [77, 710, 0, 0, 157, 0, 73, 4, 0, 58, 60, 5, 24, 2, 141, 11]
2026-09-09 19:19:47 - __main__ - INFO - community_type priors: [45, 1233, 43, 177, 27]
2026-09-09 19:19:47 - __main__ - INFO - feature priors: [17, 34, 55, 15, 143, 2, 0, 0, 0, 0]
2026-09-09 19:19:47 - __main__ - INFO - sample_host priors: [6, 11, 32, 16, 1, 4, 4, 0, 23, 67, 45, 948, 16, 0, 16, 8, 11, 9, 0, 0, 0, 0, 4, 316]
2026-09-09 19:19:47 - __main__ - INFO - material priors: [94, 931, 16, 4, 55, 43, 143, 15, 4, 29, 8, 45, 0, 0, 385, 11]
2026-09-09 19:20:25 - __main__ - INFO - community_type priors: [51, 636, 43, 64, 16]
2026-09-09 19:20:25 - __main__ - INFO - feature priors: [6, 34, 148, 13, 72, 2, 52, 24, 0, 0]
2026-09-09 19:20:25 - __main__ - INFO - sample_host priors: [6, 11, 32, 16, 11, 4, 4, 0, 17, 12, 11, 624, 16, 0, 16, 8, 11, 9, 4, 5, 1, 0, 4, 0]
2026-09-09 19:20:25 - __main__ - INFO - material priors: [43, 393, 16, 4, 148, 43, 70, 11, 4, 35, 52, 44, 24, 2, 264, 0]
2026-09-09 19:20:51 - __main__ - INFO - community_type priors: [58, 789, 0, 139, 11]
2026-09-09 19:20:51 - __main__ - INFO - feature priors: [11, 0, 157, 6, 75, 0, 52, 24, 0, 0]
2026-09-09 19:20:51 - __main__ - INFO - sample_host priors: [0, 0, 0, 0, 12, 0, 0, 0, 6, 55, 34, 564, 0, 0, 0, 0, 0, 0, 4, 5, 1, 0, 0, 316]
2026-09-09 19:20:51 - __main__ - INFO - material priors: [77, 710, 0, 0, 157, 0, 73, 4, 0, 58, 60, 5, 24, 2, 141, 11]
2026-09-09 19:21:35 - __main__ - INFO - community_type priors: [45, 1233, 43, 177, 27]
2026-09-09 19:21:35 - __main__ - INFO - feature priors: [17, 34, 55, 15, 143, 2, 0, 0, 0, 0]
2026-09-09 19:21:35 - __main__ - INFO - sample_host priors: [6, 11, 32, 16, 1, 4, 4, 0, 23, 67, 45, 948, 16, 0, 16, 8, 11, 9, 0, 0, 0, 0, 4, 316]
2026-09-09 19:21:35 - __main__ - INFO - material priors: [94, 931, 16, 4, 55, 43, 143, 15, 4, 29, 8, 45, 0, 0, 385, 11]
2026-09-09 19:22:04 - __main__ - INFO - community_type priors: [51, 636, 43, 64, 16]
2026-09-09 19:22:04 - __main__ - INFO - feature priors: [6, 34, 148, 13, 72, 2, 52, 24, 0, 0]
2026-09-09 19:22:04 - __main__ - INFO - sample_host priors: [6, 11, 32, 16, 11, 4, 4, 0, 17, 12, 11, 624, 16, 0, 16, 8, 11, 9, 4, 5, 1, 0, 4, 0]
2026-09-09 19:22:04 - __main__ - INFO - material priors: [43, 393, 16, 4, 148, 43, 70, 11, 4, 35, 52, 44, 24, 2, 264, 0]
2026-09-09 19:22:25 - __main__ - INFO - community_type priors: [58, 789, 0, 139, 11]
2026-09-09 19:22:25 - __main__ - INFO - feature priors: [11, 0, 157, 6, 75, 0, 52, 24, 0, 0]
2026-09-09 19:22:25 - __main__ - INFO - sample_host priors: [0, 0, 0, 0, 12, 0, 0, 0, 6, 55, 34, 564, 0, 0, 0, 0, 0, 0, 4, 5, 1, 0, 0, 316]
2026-09-09 19:22:25 - __main__ - INFO - material priors: [77, 710, 0, 0, 157, 0, 73, 4, 0, 58, 60, 5, 24, 2, 141, 11]
2026-09-09 19:22:44 - __main__ - INFO - community_type priors: [45, 1233, 43, 177, 27]
2026-09-09 19:22:44 - __main__ - INFO - feature priors: [17, 34, 55, 15, 143, 2, 0, 0, 0, 0]
2026-09-09 19:22:44 - __main__ - INFO - sample_host priors: [6, 11, 32, 16, 1, 4, 4, 0, 23, 67, 45, 948, 16, 0, 16, 8, 11, 9, 0, 0, 0, 0, 4, 316]
2026-09-09 19:22:44 - __main__ - INFO - material priors: [94, 931, 16, 4, 55, 43, 143, 15, 4, 29, 8, 45, 0, 0, 385, 11]
2026-09-09 19:22:59 - __main__ - INFO - community_type priors: [51, 636, 43, 64, 16]
2026-09-09 19:22:59 - __main__ - INFO - feature priors: [6, 34, 148, 13, 72, 2, 52, 24, 0, 0]
2026-09-09 19:22:59 - __main__ - INFO - sample_host priors: [6, 11, 32, 16, 11, 4, 4, 0, 17, 12, 11, 624, 16, 0, 16, 8, 11, 9, 4, 5, 1, 0, 4, 0]
2026-09-09 19:22:59 - __main__ - INFO - material priors: [43, 393, 16, 4, 148, 43, 70, 11, 4, 35, 52, 44, 24, 2, 264, 0]
2026-09-09 19:23:21 - __main__ - INFO - community_type priors: [58, 789, 0, 139, 11]
2026-09-09 19:23:21 - __main__ - INFO - feature priors: [11, 0, 157, 6, 75, 0, 52, 24, 0, 0]
2026-09-09 19:23:21 - __main__ - INFO - sample_host priors: [0, 0, 0, 0, 12, 0, 0, 0, 6, 55, 34, 564, 0, 0, 0, 0, 0, 0, 4, 5, 1, 0, 0, 316]
2026-09-09 19:23:21 - __main__ - INFO - material priors: [77, 710, 0, 0, 157, 0, 73, 4, 0, 58, 60, 5, 24, 2, 141, 11]
2026-09-09 19:23:34 - __main__ - INFO - community_type priors: [45, 1233, 43, 177, 27]
2026-09-09 19:23:34 - __main__ - INFO - feature priors: [17, 34, 55, 15, 143, 2, 0, 0, 0, 0]
2026-09-09 19:23:34 - __main__ - INFO - sample_host priors: [6, 11, 32, 16, 1, 4, 4, 0, 23, 67, 45, 948, 16, 0, 16, 8, 11, 9, 0, 0, 0, 0, 4, 316]
2026-09-09 19:23:34 - __main__ - INFO - material priors: [94, 931, 16, 4, 55, 43, 143, 15, 4, 29, 8, 45, 0, 0, 385, 11]
2026-09-09 19:24:02 - __main__ - INFO - community_type priors: [51, 636, 43, 64, 16]
2026-09-09 19:24:02 - __main__ - INFO - feature priors: [6, 34, 148, 13, 72, 2, 52, 24, 0, 0]
2026-09-09 19:24:02 - __main__ - INFO - sample_host priors: [6, 11, 32, 16, 11, 4, 4, 0, 17, 12, 11, 624, 16, 0, 16, 8, 11, 9, 4, 5, 1, 0, 4, 0]
2026-09-09 19:24:02 - __main__ - INFO - material priors: [43, 393, 16, 4, 148, 43, 70, 11, 4, 35, 52, 44, 24, 2, 264, 0]
2026-09-09 19:24:22 - __main__ - INFO - community_type priors: [58, 789, 0, 139, 11]
2026-09-09 19:24:22 - __main__ - INFO - feature priors: [11, 0, 157, 6, 75, 0, 52, 24, 0, 0]
2026-09-09 19:24:22 - __main__ - INFO - sample_host priors: [0, 0, 0, 0, 12, 0, 0, 0, 6, 55, 34, 564, 0, 0, 0, 0, 0, 0, 4, 5, 1, 0, 0, 316]
2026-09-09 19:24:22 - __main__ - INFO - material priors: [77, 710, 0, 0, 157, 0, 73, 4, 0, 58, 60, 5, 24, 2, 141, 11]
2026-09-09 19:24:35 - __main__ - INFO - community_type priors: [45, 1233, 43, 177, 27]
2026-09-09 19:24:35 - __main__ - INFO - feature priors: [17, 34, 55, 15, 143, 2, 0, 0, 0, 0]
2026-09-09 19:24:35 - __main__ - INFO - sample_host priors: [6, 11, 32, 16, 1, 4, 4, 0, 23, 67, 45, 948, 16, 0, 16, 8, 11, 9, 0, 0, 0, 0, 4, 316]
2026-09-09 19:24:35 - __main__ - INFO - material priors: [94, 931, 16, 4, 55, 43, 143, 15, 4, 29, 8, 45, 0, 0, 385, 11]
2026-09-09 19:25:01 - __main__ - INFO - community_type priors: [51, 636, 43, 64, 16]
2026-09-09 19:25:01 - __main__ - INFO - feature priors: [6, 34, 148, 13, 72, 2, 52, 24, 0, 0]
2026-09-09 19:25:01 - __main__ - INFO - sample_host priors: [6, 11, 32, 16, 11, 4, 4, 0, 17, 12, 11, 624, 16, 0, 16, 8, 11, 9, 4, 5, 1, 0, 4, 0]
2026-09-09 19:25:01 - __main__ - INFO - material priors: [43, 393, 16, 4, 148, 43, 70, 11, 4, 35, 52, 44, 24, 2, 264, 0]
2026-09-09 19:25:23 - __main__ - INFO - community_type priors: [58, 789, 0, 139, 11]
2026-09-09 19:25:23 - __main__ - INFO - feature priors: [11, 0, 157, 6, 75, 0, 52, 24, 0, 0]
2026-09-09 19:25:23 - __main__ - INFO - sample_host priors: [0, 0, 0, 0, 12, 0, 0, 0, 6, 55, 34, 564, 0, 0, 0, 0, 0, 0, 4, 5, 1, 0, 0, 316]
2026-09-09 19:25:23 - __main__ - INFO - material priors: [77, 710, 0, 0, 157, 0, 73, 4, 0, 58, 60, 5, 24, 2, 141, 11]
2026-09-09 19:25:38 - __main__ - INFO - community_type priors: [45, 1233, 43, 177, 27]
2026-09-09 19:25:38 - __main__ - INFO - feature priors: [17, 34, 55, 15, 143, 2, 0, 0, 0, 0]
2026-09-09 19:25:38 - __main__ - INFO - sample_host priors: [6, 11, 32, 16, 1, 4, 4, 0, 23, 67, 45, 948, 16, 0, 16, 8, 11, 9, 0, 0, 0, 0, 4, 316]
2026-09-09 19:25:38 - __main__ - INFO - material priors: [94, 931, 16, 4, 55, 43, 143, 15, 4, 29, 8, 45, 0, 0, 385, 11]
2026-09-09 19:26:06 - __main__ - INFO - community_type priors: [51, 636, 43, 64, 16]
2026-09-09 19:26:06 - __main__ - INFO - feature priors: [6, 34, 148, 13, 72, 2, 52, 24, 0, 0]
2026-09-09 19:26:06 - __main__ - INFO - sample_host priors: [6, 11, 32, 16, 11, 4, 4, 0, 17, 12, 11, 624, 16, 0, 16, 8, 11, 9, 4, 5, 1, 0, 4, 0]
2026-09-09 19:26:06 - __main__ - INFO - material priors: [43, 393, 16, 4, 148, 43, 70, 11, 4, 35, 52, 44, 24, 2, 264, 0]
2026-09-09 19:26:28 - __main__ - INFO - community_type priors: [58, 789, 0, 139, 11]
2026-09-09 19:26:28 - __main__ - INFO - feature priors: [11, 0, 157, 6, 75, 0, 52, 24, 0, 0]
2026-09-09 19:26:28 - __main__ - INFO - sample_host priors: [0, 0, 0, 0, 12, 0, 0, 0, 6, 55, 34, 564, 0, 0, 0, 0, 0, 0, 4, 5, 1, 0, 0, 316]
2026-09-09 19:26:28 - __main__ - INFO - material priors: [77, 710, 0, 0, 157, 0, 73, 4, 0, 58, 60, 5, 24, 2, 141, 11]
2026-09-09 19:26:50 - __main__ - INFO - community_type priors: [45, 1233, 43, 177, 27]
2026-09-09 19:26:50 - __main__ - INFO - feature priors: [17, 34, 55, 15, 143, 2, 0, 0, 0, 0]
2026-09-09 19:26:50 - __main__ - INFO - sample_host priors: [6, 11, 32, 16, 1, 4, 4, 0, 23, 67, 45, 948, 16, 0, 16, 8, 11, 9, 0, 0, 0, 0, 4, 316]
2026-09-09 19:26:50 - __main__ - INFO - material priors: [94, 931, 16, 4, 55, 43, 143, 15, 4, 29, 8, 45, 0, 0, 385, 11]
2026-09-09 19:27:13 - __main__ - INFO - community_type priors: [51, 636, 43, 64, 16]
2026-09-09 19:27:13 - __main__ - INFO - feature priors: [6, 34, 148, 13, 72, 2, 52, 24, 0, 0]
2026-09-09 19:27:13 - __main__ - INFO - sample_host priors: [6, 11, 32, 16, 11, 4, 4, 0, 17, 12, 11, 624, 16, 0, 16, 8, 11, 9, 4, 5, 1, 0, 4, 0]
2026-09-09 19:27:13 - __main__ - INFO - material priors: [43, 393, 16, 4, 148, 43, 70, 11, 4, 35, 52, 44, 24, 2, 264, 0]
2026-09-09 19:27:35 - __main__ - INFO - community_type priors: [58, 789, 0, 139, 11]
2026-09-09 19:27:35 - __main__ - INFO - feature priors: [11, 0, 157, 6, 75, 0, 52, 24, 0, 0]
2026-09-09 19:27:35 - __main__ - INFO - sample_host priors: [0, 0, 0, 0, 12, 0, 0, 0, 6, 55, 34, 564, 0, 0, 0, 0, 0, 0, 4, 5, 1, 0, 0, 316]
2026-09-09 19:27:35 - __main__ - INFO - material priors: [77, 710, 0, 0, 157, 0, 73, 4, 0, 58, 60, 5, 24, 2, 141, 11]
2026-09-09 19:28:00 - __main__ - INFO - community_type priors: [45, 1233, 43, 177, 27]
2026-09-09 19:28:00 - __main__ - INFO - feature priors: [17, 34, 55, 15, 143, 2, 0, 0, 0, 0]
2026-09-09 19:28:00 - __main__ - INFO - sample_host priors: [6, 11, 32, 16, 1, 4, 4, 0, 23, 67, 45, 948, 16, 0, 16, 8, 11, 9, 0, 0, 0, 0, 4, 316]
2026-09-09 19:28:00 - __main__ - INFO - material priors: [94, 931, 16, 4, 55, 43, 143, 15, 4, 29, 8, 45, 0, 0, 385, 11]
2026-09-09 19:28:25 - __main__ - INFO - community_type priors: [51, 636, 43, 64, 16]
2026-09-09 19:28:25 - __main__ - INFO - feature priors: [6, 34, 148, 13, 72, 2, 52, 24, 0, 0]
2026-09-09 19:28:25 - __main__ - INFO - sample_host priors: [6, 11, 32, 16, 11, 4, 4, 0, 17, 12, 11, 624, 16, 0, 16, 8, 11, 9, 4, 5, 1, 0, 4, 0]
2026-09-09 19:28:25 - __main__ - INFO - material priors: [43, 393, 16, 4, 148, 43, 70, 11, 4, 35, 52, 44, 24, 2, 264, 0]
2026-09-09 19:28:46 - __main__ - INFO - community_type priors: [58, 789, 0, 139, 11]
2026-09-09 19:28:46 - __main__ - INFO - feature priors: [11, 0, 157, 6, 75, 0, 52, 24, 0, 0]
2026-09-09 19:28:46 - __main__ - INFO - sample_host priors: [0, 0, 0, 0, 12, 0, 0, 0, 6, 55, 34, 564, 0, 0, 0, 0, 0, 0, 4, 5, 1, 0, 0, 316]
2026-09-09 19:28:46 - __main__ - INFO - material priors: [77, 710, 0, 0, 157, 0, 73, 4, 0, 58, 60, 5, 24, 2, 141, 11]
2026-09-09 19:28:59 - __main__ - INFO - community_type priors: [45, 1233, 43, 177, 27]
2026-09-09 19:28:59 - __main__ - INFO - feature priors: [17, 34, 55, 15, 143, 2, 0, 0, 0, 0]
2026-09-09 19:28:59 - __main__ - INFO - sample_host priors: [6, 11, 32, 16, 1, 4, 4, 0, 23, 67, 45, 948, 16, 0, 16, 8, 11, 9, 0, 0, 0, 0, 4, 316]
2026-09-09 19:28:59 - __main__ - INFO - material priors: [94, 931, 16, 4, 55, 43, 143, 15, 4, 29, 8, 45, 0, 0, 385, 11]
2026-09-09 19:29:26 - __main__ - INFO - community_type priors: [51, 636, 43, 64, 16]
2026-09-09 19:29:26 - __main__ - INFO - feature priors: [6, 34, 148, 13, 72, 2, 52, 24, 0, 0]
2026-09-09 19:29:26 - __main__ - INFO - sample_host priors: [6, 11, 32, 16, 11, 4, 4, 0, 17, 12, 11, 624, 16, 0, 16, 8, 11, 9, 4, 5, 1, 0, 4, 0]
2026-09-09 19:29:26 - __main__ - INFO - material priors: [43, 393, 16, 4, 148, 43, 70, 11, 4, 35, 52, 44, 24, 2, 264, 0]
2026-09-09 19:29:48 - __main__ - INFO - community_type priors: [58, 789, 0, 139, 11]
2026-09-09 19:29:48 - __main__ - INFO - feature priors: [11, 0, 157, 6, 75, 0, 52, 24, 0, 0]
2026-09-09 19:29:48 - __main__ - INFO - sample_host priors: [0, 0, 0, 0, 12, 0, 0, 0, 6, 55, 34, 564, 0, 0, 0, 0, 0, 0, 4, 5, 1, 0, 0, 316]
2026-09-09 19:29:48 - __main__ - INFO - material priors: [77, 710, 0, 0, 157, 0, 73, 4, 0, 58, 60, 5, 24, 2, 141, 11]
2026-09-09 19:30:05 - __main__ - INFO - community_type priors: [45, 1233, 43, 177, 27]
2026-09-09 19:30:05 - __main__ - INFO - feature priors: [17, 34, 55, 15, 143, 2, 0, 0, 0, 0]
2026-09-09 19:30:05 - __main__ - INFO - sample_host priors: [6, 11, 32, 16, 1, 4, 4, 0, 23, 67, 45, 948, 16, 0, 16, 8, 11, 9, 0, 0, 0, 0, 4, 316]
2026-09-09 19:30:05 - __main__ - INFO - material priors: [94, 931, 16, 4, 55, 43, 143, 15, 4, 29, 8, 45, 0, 0, 385, 11]
2026-09-09 19:30:28 - __main__ - INFO - community_type priors: [51, 636, 43, 64, 16]
2026-09-09 19:30:28 - __main__ - INFO - feature priors: [6, 34, 148, 13, 72, 2, 52, 24, 0, 0]
2026-09-09 19:30:28 - __main__ - INFO - sample_host priors: [6, 11, 32, 16, 11, 4, 4, 0, 17, 12, 11, 624, 16, 0, 16, 8, 11, 9, 4, 5, 1, 0, 4, 0]
2026-09-09 19:30:28 - __main__ - INFO - material priors: [43, 393, 16, 4, 148, 43, 70, 11, 4, 35, 52, 44, 24, 2, 264, 0]
2026-09-09 19:30:55 - __main__ - INFO - community_type priors: [58, 789, 0, 139, 11]
2026-09-09 19:30:55 - __main__ - INFO - feature priors: [11, 0, 157, 6, 75, 0, 52, 24, 0, 0]
2026-09-09 19:30:55 - __main__ - INFO - sample_host priors: [0, 0, 0, 0, 12, 0, 0, 0, 6, 55, 34, 564, 0, 0, 0, 0, 0, 0, 4, 5, 1, 0, 0, 316]
2026-09-09 19:30:55 - __main__ - INFO - material priors: [77, 710, 0, 0, 157, 0, 73, 4, 0, 58, 60, 5, 24, 2, 141, 11]
2026-09-09 19:31:19 - __main__ - INFO - Best hyperparameters (averaged over 3 folds): {'n_layers': 2, 'hidden_dim_0': 64, 'hidden_dim_1': 64, 'dropout': 0.38463118550514164, 'learning_rate': 0.005654471643715187, 'weight_decay': 0.00011527447912226505, 'batch_size': 128, 'use_batch_norm': False, 'activation': 'relu', 'logit_adjust_tau': 0.5132117431991635, 'task_weight_community_type': 0.8920062011212047, 'task_weight_feature': 1.010849942603079, 'task_weight_sample_host': 1.4605431725021545, 'task_weight_material': 1.68751275586914, 'ls_community_type': 0.08376823326476447, 'ls_feature': 0.09123498973021602, 'ls_sample_host': 0.10574449420913247, 'ls_material': 0.10524856774873634}
2026-09-09 19:31:19 - __main__ - INFO - Best CV score: 0.3482
2026-09-09 19:31:19 - __main__ - INFO - Training final model with proper train/val split...
2026-09-09 19:31:19 - __main__ - INFO - feature: 8/10 classes have training support in this fold
2026-09-09 19:31:19 - __main__ - INFO - sample_host: 21/24 classes have training support in this fold
2026-09-09 19:31:19 - __main__ - INFO - Final training split: 1954 train, 218 validation, 544 test
2026-09-09 19:31:20 - __main__ - INFO - community_type priors: [77, 1329, 43, 190, 27]
2026-09-09 19:31:20 - __main__ - INFO - feature priors: [17, 34, 180, 17, 145, 2, 52, 24, 0, 0]
2026-09-09 19:31:20 - __main__ - INFO - sample_host priors: [6, 11, 32, 16, 12, 4, 4, 0, 23, 67, 45, 1068, 16, 0, 16, 8, 11, 9, 4, 5, 1, 0, 4, 316]
2026-09-09 19:31:20 - __main__ - INFO - material priors: [107, 1017, 16, 4, 180, 43, 143, 15, 4, 61, 60, 47, 24, 2, 395, 11]
2026-09-09 19:31:20 - diana.utils.checkpointing - INFO - CheckpointManager initialized: results/search_v9_multitask/cv_results/fold_3
2026-09-09 19:31:20 - diana.utils.checkpointing - INFO - Checkpoint saved: results/search_v9_multitask/cv_results/fold_3/checkpoint_epoch_1_20260909_193120.pth
2026-09-09 19:31:20 - diana.utils.checkpointing - INFO - New best model saved: results/search_v9_multitask/cv_results/fold_3/best_model.pth (val_loss: 8.0243)
2026-09-09 19:31:21 - diana.utils.checkpointing - INFO - Checkpoint saved: results/search_v9_multitask/cv_results/fold_3/checkpoint_epoch_2_20260909_193121.pth
2026-09-09 19:31:21 - diana.utils.checkpointing - INFO - New best model saved: results/search_v9_multitask/cv_results/fold_3/best_model.pth (val_loss: 7.3913)
2026-09-09 19:31:21 - diana.utils.checkpointing - INFO - Checkpoint saved: results/search_v9_multitask/cv_results/fold_3/checkpoint_epoch_3_20260909_193121.pth
2026-09-09 19:31:21 - diana.utils.checkpointing - INFO - New best model saved: results/search_v9_multitask/cv_results/fold_3/best_model.pth (val_loss: 6.8212)
2026-09-09 19:31:22 - diana.utils.checkpointing - INFO - Checkpoint saved: results/search_v9_multitask/cv_results/fold_3/checkpoint_epoch_4_20260909_193121.pth
2026-09-09 19:31:22 - diana.utils.checkpointing - INFO - New best model saved: results/search_v9_multitask/cv_results/fold_3/best_model.pth (val_loss: 6.2810)
2026-09-09 19:31:22 - diana.utils.checkpointing - INFO - Checkpoint saved: results/search_v9_multitask/cv_results/fold_3/checkpoint_epoch_5_20260909_193122.pth
2026-09-09 19:31:22 - diana.utils.checkpointing - INFO - New best model saved: results/search_v9_multitask/cv_results/fold_3/best_model.pth (val_loss: 5.9271)
2026-09-09 19:31:23 - diana.utils.checkpointing - INFO - Checkpoint saved: results/search_v9_multitask/cv_results/fold_3/checkpoint_epoch_6_20260909_193123.pth
2026-09-09 19:31:23 - diana.utils.checkpointing - INFO - New best model saved: results/search_v9_multitask/cv_results/fold_3/best_model.pth (val_loss: 5.6218)
2026-09-09 19:31:23 - diana.utils.checkpointing - INFO - Checkpoint saved: results/search_v9_multitask/cv_results/fold_3/checkpoint_epoch_7_20260909_193123.pth
2026-09-09 19:31:23 - diana.utils.checkpointing - INFO - New best model saved: results/search_v9_multitask/cv_results/fold_3/best_model.pth (val_loss: 5.4150)
2026-09-09 19:31:23 - diana.utils.checkpointing - INFO - Checkpoint saved: results/search_v9_multitask/cv_results/fold_3/checkpoint_epoch_8_20260909_193123.pth
2026-09-09 19:31:24 - diana.utils.checkpointing - INFO - New best model saved: results/search_v9_multitask/cv_results/fold_3/best_model.pth (val_loss: 5.2400)
2026-09-09 19:31:24 - diana.utils.checkpointing - INFO - Checkpoint saved: results/search_v9_multitask/cv_results/fold_3/checkpoint_epoch_9_20260909_193124.pth
2026-09-09 19:31:24 - diana.utils.checkpointing - INFO - New best model saved: results/search_v9_multitask/cv_results/fold_3/best_model.pth (val_loss: 5.0545)
2026-09-09 19:31:24 - diana.utils.checkpointing - INFO - Checkpoint saved: results/search_v9_multitask/cv_results/fold_3/checkpoint_epoch_10_20260909_193124.pth
2026-09-09 19:31:25 - diana.utils.checkpointing - INFO - Checkpoint saved: results/search_v9_multitask/cv_results/fold_3/checkpoint_epoch_11_20260909_193124.pth
2026-09-09 19:31:25 - diana.utils.checkpointing - INFO - Checkpoint saved: results/search_v9_multitask/cv_results/fold_3/checkpoint_epoch_12_20260909_193125.pth
2026-09-09 19:31:25 - diana.utils.checkpointing - INFO - New best model saved: results/search_v9_multitask/cv_results/fold_3/best_model.pth (val_loss: 4.9846)
2026-09-09 19:31:25 - diana.utils.checkpointing - INFO - Checkpoint saved: results/search_v9_multitask/cv_results/fold_3/checkpoint_epoch_13_20260909_193125.pth
2026-09-09 19:31:26 - diana.utils.checkpointing - INFO - New best model saved: results/search_v9_multitask/cv_results/fold_3/best_model.pth (val_loss: 4.9171)
2026-09-09 19:31:26 - diana.utils.checkpointing - INFO - Checkpoint saved: results/search_v9_multitask/cv_results/fold_3/checkpoint_epoch_14_20260909_193126.pth
2026-09-09 19:31:26 - diana.utils.checkpointing - INFO - Checkpoint saved: results/search_v9_multitask/cv_results/fold_3/checkpoint_epoch_15_20260909_193126.pth
2026-09-09 19:31:26 - diana.utils.checkpointing - INFO - New best model saved: results/search_v9_multitask/cv_results/fold_3/best_model.pth (val_loss: 4.8528)
2026-09-09 19:31:27 - diana.utils.checkpointing - INFO - Checkpoint saved: results/search_v9_multitask/cv_results/fold_3/checkpoint_epoch_16_20260909_193127.pth
2026-09-09 19:31:27 - diana.utils.checkpointing - INFO - New best model saved: results/search_v9_multitask/cv_results/fold_3/best_model.pth (val_loss: 4.8453)
2026-09-09 19:31:27 - diana.utils.checkpointing - INFO - Checkpoint saved: results/search_v9_multitask/cv_results/fold_3/checkpoint_epoch_17_20260909_193127.pth
2026-09-09 19:31:27 - diana.utils.checkpointing - INFO - New best model saved: results/search_v9_multitask/cv_results/fold_3/best_model.pth (val_loss: 4.7490)
2026-09-09 19:31:28 - diana.utils.checkpointing - INFO - Checkpoint saved: results/search_v9_multitask/cv_results/fold_3/checkpoint_epoch_18_20260909_193127.pth
2026-09-09 19:31:28 - diana.utils.checkpointing - INFO - New best model saved: results/search_v9_multitask/cv_results/fold_3/best_model.pth (val_loss: 4.7339)
2026-09-09 19:31:28 - diana.utils.checkpointing - INFO - Checkpoint saved: results/search_v9_multitask/cv_results/fold_3/checkpoint_epoch_19_20260909_193128.pth
2026-09-09 19:31:28 - diana.utils.checkpointing - INFO - New best model saved: results/search_v9_multitask/cv_results/fold_3/best_model.pth (val_loss: 4.7335)
2026-09-09 19:31:28 - diana.utils.checkpointing - INFO - Checkpoint saved: results/search_v9_multitask/cv_results/fold_3/checkpoint_epoch_20_20260909_193128.pth
2026-09-09 19:31:28 - __main__ - INFO - Epoch 20/200, Train Loss: 4.9987, Val Loss: 4.7748
2026-09-09 19:31:29 - diana.utils.checkpointing - INFO - Checkpoint saved: results/search_v9_multitask/cv_results/fold_3/checkpoint_epoch_21_20260909_193129.pth
2026-09-09 19:31:29 - diana.utils.checkpointing - INFO - Checkpoint saved: results/search_v9_multitask/cv_results/fold_3/checkpoint_epoch_22_20260909_193129.pth
2026-09-09 19:31:29 - diana.utils.checkpointing - INFO - New best model saved: results/search_v9_multitask/cv_results/fold_3/best_model.pth (val_loss: 4.7158)
2026-09-09 19:31:29 - diana.utils.checkpointing - INFO - Checkpoint saved: results/search_v9_multitask/cv_results/fold_3/checkpoint_epoch_23_20260909_193129.pth
2026-09-09 19:31:30 - diana.utils.checkpointing - INFO - New best model saved: results/search_v9_multitask/cv_results/fold_3/best_model.pth (val_loss: 4.7123)
2026-09-09 19:31:30 - diana.utils.checkpointing - INFO - Checkpoint saved: results/search_v9_multitask/cv_results/fold_3/checkpoint_epoch_24_20260909_193130.pth
2026-09-09 19:31:30 - diana.utils.checkpointing - INFO - New best model saved: results/search_v9_multitask/cv_results/fold_3/best_model.pth (val_loss: 4.6047)
2026-09-09 19:31:30 - diana.utils.checkpointing - INFO - Checkpoint saved: results/search_v9_multitask/cv_results/fold_3/checkpoint_epoch_25_20260909_193130.pth
2026-09-09 19:31:30 - diana.utils.checkpointing - INFO - New best model saved: results/search_v9_multitask/cv_results/fold_3/best_model.pth (val_loss: 4.5534)
2026-09-09 19:31:31 - diana.utils.checkpointing - INFO - Checkpoint saved: results/search_v9_multitask/cv_results/fold_3/checkpoint_epoch_26_20260909_193131.pth
2026-09-09 19:31:31 - diana.utils.checkpointing - INFO - New best model saved: results/search_v9_multitask/cv_results/fold_3/best_model.pth (val_loss: 4.5126)
2026-09-09 19:31:31 - diana.utils.checkpointing - INFO - Checkpoint saved: results/search_v9_multitask/cv_results/fold_3/checkpoint_epoch_27_20260909_193131.pth
2026-09-09 19:31:31 - diana.utils.checkpointing - INFO - New best model saved: results/search_v9_multitask/cv_results/fold_3/best_model.pth (val_loss: 4.4909)
2026-09-09 19:31:32 - diana.utils.checkpointing - INFO - Checkpoint saved: results/search_v9_multitask/cv_results/fold_3/checkpoint_epoch_28_20260909_193132.pth
2026-09-09 19:31:32 - diana.utils.checkpointing - INFO - New best model saved: results/search_v9_multitask/cv_results/fold_3/best_model.pth (val_loss: 4.4615)
2026-09-09 19:31:32 - diana.utils.checkpointing - INFO - Checkpoint saved: results/search_v9_multitask/cv_results/fold_3/checkpoint_epoch_29_20260909_193132.pth
2026-09-09 19:31:32 - diana.utils.checkpointing - INFO - New best model saved: results/search_v9_multitask/cv_results/fold_3/best_model.pth (val_loss: 4.4475)
2026-09-09 19:31:32 - diana.utils.checkpointing - INFO - Checkpoint saved: results/search_v9_multitask/cv_results/fold_3/checkpoint_epoch_30_20260909_193132.pth
2026-09-09 19:31:33 - diana.utils.checkpointing - INFO - Checkpoint saved: results/search_v9_multitask/cv_results/fold_3/checkpoint_epoch_31_20260909_193133.pth
2026-09-09 19:31:33 - diana.utils.checkpointing - INFO - Checkpoint saved: results/search_v9_multitask/cv_results/fold_3/checkpoint_epoch_32_20260909_193133.pth
2026-09-09 19:31:33 - diana.utils.checkpointing - INFO - Checkpoint saved: results/search_v9_multitask/cv_results/fold_3/checkpoint_epoch_33_20260909_193133.pth
2026-09-09 19:31:34 - diana.utils.checkpointing - INFO - Checkpoint saved: results/search_v9_multitask/cv_results/fold_3/checkpoint_epoch_34_20260909_193133.pth
2026-09-09 19:31:34 - diana.utils.checkpointing - INFO - Checkpoint saved: results/search_v9_multitask/cv_results/fold_3/checkpoint_epoch_35_20260909_193134.pth
2026-09-09 19:31:34 - diana.utils.checkpointing - INFO - Checkpoint saved: results/search_v9_multitask/cv_results/fold_3/checkpoint_epoch_36_20260909_193134.pth
2026-09-09 19:31:34 - diana.utils.checkpointing - INFO - Checkpoint saved: results/search_v9_multitask/cv_results/fold_3/checkpoint_epoch_37_20260909_193134.pth
2026-09-09 19:31:35 - diana.utils.checkpointing - INFO - Checkpoint saved: results/search_v9_multitask/cv_results/fold_3/checkpoint_epoch_38_20260909_193134.pth
2026-09-09 19:31:35 - diana.utils.checkpointing - INFO - Checkpoint saved: results/search_v9_multitask/cv_results/fold_3/checkpoint_epoch_39_20260909_193135.pth
2026-09-09 19:31:35 - diana.utils.checkpointing - INFO - Checkpoint saved: results/search_v9_multitask/cv_results/fold_3/checkpoint_epoch_40_20260909_193135.pth
2026-09-09 19:31:35 - __main__ - INFO - Epoch 40/200, Train Loss: 4.6481, Val Loss: 4.5133
2026-09-09 19:31:35 - diana.utils.checkpointing - INFO - Checkpoint saved: results/search_v9_multitask/cv_results/fold_3/checkpoint_epoch_41_20260909_193135.pth
2026-09-09 19:31:36 - diana.utils.checkpointing - INFO - Checkpoint saved: results/search_v9_multitask/cv_results/fold_3/checkpoint_epoch_42_20260909_193136.pth
2026-09-09 19:31:36 - diana.utils.checkpointing - INFO - Checkpoint saved: results/search_v9_multitask/cv_results/fold_3/checkpoint_epoch_43_20260909_193136.pth
2026-09-09 19:31:37 - diana.utils.checkpointing - INFO - Checkpoint saved: results/search_v9_multitask/cv_results/fold_3/checkpoint_epoch_44_20260909_193136.pth
2026-09-09 19:31:37 - diana.utils.checkpointing - INFO - Checkpoint saved: results/search_v9_multitask/cv_results/fold_3/checkpoint_epoch_45_20260909_193137.pth
2026-09-09 19:31:37 - diana.utils.checkpointing - INFO - New best model saved: results/search_v9_multitask/cv_results/fold_3/best_model.pth (val_loss: 4.4238)
2026-09-09 19:31:37 - diana.utils.checkpointing - INFO - Checkpoint saved: results/search_v9_multitask/cv_results/fold_3/checkpoint_epoch_46_20260909_193137.pth
2026-09-09 19:31:38 - diana.utils.checkpointing - INFO - Checkpoint saved: results/search_v9_multitask/cv_results/fold_3/checkpoint_epoch_47_20260909_193138.pth
2026-09-09 19:31:38 - diana.utils.checkpointing - INFO - Checkpoint saved: results/search_v9_multitask/cv_results/fold_3/checkpoint_epoch_48_20260909_193138.pth
2026-09-09 19:31:38 - diana.utils.checkpointing - INFO - Checkpoint saved: results/search_v9_multitask/cv_results/fold_3/checkpoint_epoch_49_20260909_193138.pth
2026-09-09 19:31:39 - diana.utils.checkpointing - INFO - Checkpoint saved: results/search_v9_multitask/cv_results/fold_3/checkpoint_epoch_50_20260909_193138.pth
2026-09-09 19:31:39 - diana.utils.checkpointing - INFO - Checkpoint saved: results/search_v9_multitask/cv_results/fold_3/checkpoint_epoch_51_20260909_193139.pth
2026-09-09 19:31:39 - diana.utils.checkpointing - INFO - Checkpoint saved: results/search_v9_multitask/cv_results/fold_3/checkpoint_epoch_52_20260909_193139.pth
2026-09-09 19:31:39 - diana.utils.checkpointing - INFO - New best model saved: results/search_v9_multitask/cv_results/fold_3/best_model.pth (val_loss: 4.4120)
2026-09-09 19:31:39 - diana.utils.checkpointing - INFO - Checkpoint saved: results/search_v9_multitask/cv_results/fold_3/checkpoint_epoch_53_20260909_193139.pth
2026-09-09 19:31:40 - diana.utils.checkpointing - INFO - Checkpoint saved: results/search_v9_multitask/cv_results/fold_3/checkpoint_epoch_54_20260909_193140.pth
2026-09-09 19:31:40 - diana.utils.checkpointing - INFO - Checkpoint saved: results/search_v9_multitask/cv_results/fold_3/checkpoint_epoch_55_20260909_193140.pth
2026-09-09 19:31:40 - diana.utils.checkpointing - INFO - Checkpoint saved: results/search_v9_multitask/cv_results/fold_3/checkpoint_epoch_56_20260909_193140.pth
2026-09-09 19:31:41 - diana.utils.checkpointing - INFO - Checkpoint saved: results/search_v9_multitask/cv_results/fold_3/checkpoint_epoch_57_20260909_193140.pth
2026-09-09 19:31:41 - diana.utils.checkpointing - INFO - New best model saved: results/search_v9_multitask/cv_results/fold_3/best_model.pth (val_loss: 4.3906)
2026-09-09 19:31:41 - diana.utils.checkpointing - INFO - Checkpoint saved: results/search_v9_multitask/cv_results/fold_3/checkpoint_epoch_58_20260909_193141.pth
2026-09-09 19:31:41 - diana.utils.checkpointing - INFO - Checkpoint saved: results/search_v9_multitask/cv_results/fold_3/checkpoint_epoch_59_20260909_193141.pth
2026-09-09 19:31:41 - diana.utils.checkpointing - INFO - New best model saved: results/search_v9_multitask/cv_results/fold_3/best_model.pth (val_loss: 4.3613)
2026-09-09 19:31:42 - diana.utils.checkpointing - INFO - Checkpoint saved: results/search_v9_multitask/cv_results/fold_3/checkpoint_epoch_60_20260909_193142.pth
2026-09-09 19:31:42 - __main__ - INFO - Epoch 60/200, Train Loss: 4.4595, Val Loss: 4.4185
2026-09-09 19:31:42 - diana.utils.checkpointing - INFO - Checkpoint saved: results/search_v9_multitask/cv_results/fold_3/checkpoint_epoch_61_20260909_193142.pth
2026-09-09 19:31:42 - diana.utils.checkpointing - INFO - New best model saved: results/search_v9_multitask/cv_results/fold_3/best_model.pth (val_loss: 4.3522)
2026-09-09 19:31:42 - diana.utils.checkpointing - INFO - Checkpoint saved: results/search_v9_multitask/cv_results/fold_3/checkpoint_epoch_62_20260909_193142.pth
2026-09-09 19:31:43 - diana.utils.checkpointing - INFO - Checkpoint saved: results/search_v9_multitask/cv_results/fold_3/checkpoint_epoch_63_20260909_193143.pth
2026-09-09 19:31:43 - diana.utils.checkpointing - INFO - Checkpoint saved: results/search_v9_multitask/cv_results/fold_3/checkpoint_epoch_64_20260909_193143.pth
2026-09-09 19:31:43 - diana.utils.checkpointing - INFO - Checkpoint saved: results/search_v9_multitask/cv_results/fold_3/checkpoint_epoch_65_20260909_193143.pth
2026-09-09 19:31:43 - diana.utils.checkpointing - INFO - New best model saved: results/search_v9_multitask/cv_results/fold_3/best_model.pth (val_loss: 4.3229)
2026-09-09 19:31:44 - diana.utils.checkpointing - INFO - Checkpoint saved: results/search_v9_multitask/cv_results/fold_3/checkpoint_epoch_66_20260909_193144.pth
2026-09-09 19:31:44 - diana.utils.checkpointing - INFO - New best model saved: results/search_v9_multitask/cv_results/fold_3/best_model.pth (val_loss: 4.3211)
2026-09-09 19:31:44 - diana.utils.checkpointing - INFO - Checkpoint saved: results/search_v9_multitask/cv_results/fold_3/checkpoint_epoch_67_20260909_193144.pth
2026-09-09 19:31:44 - diana.utils.checkpointing - INFO - New best model saved: results/search_v9_multitask/cv_results/fold_3/best_model.pth (val_loss: 4.2803)
2026-09-09 19:31:44 - diana.utils.checkpointing - INFO - Checkpoint saved: results/search_v9_multitask/cv_results/fold_3/checkpoint_epoch_68_20260909_193144.pth
2026-09-09 19:31:45 - diana.utils.checkpointing - INFO - Checkpoint saved: results/search_v9_multitask/cv_results/fold_3/checkpoint_epoch_69_20260909_193145.pth
2026-09-09 19:31:45 - diana.utils.checkpointing - INFO - Checkpoint saved: results/search_v9_multitask/cv_results/fold_3/checkpoint_epoch_70_20260909_193145.pth
2026-09-09 19:31:45 - diana.utils.checkpointing - INFO - Checkpoint saved: results/search_v9_multitask/cv_results/fold_3/checkpoint_epoch_71_20260909_193145.pth
2026-09-09 19:31:45 - diana.utils.checkpointing - INFO - New best model saved: results/search_v9_multitask/cv_results/fold_3/best_model.pth (val_loss: 4.2637)
2026-09-09 19:31:46 - diana.utils.checkpointing - INFO - Checkpoint saved: results/search_v9_multitask/cv_results/fold_3/checkpoint_epoch_72_20260909_193146.pth
2026-09-09 19:31:46 - diana.utils.checkpointing - INFO - Checkpoint saved: results/search_v9_multitask/cv_results/fold_3/checkpoint_epoch_73_20260909_193146.pth
2026-09-09 19:31:46 - diana.utils.checkpointing - INFO - Checkpoint saved: results/search_v9_multitask/cv_results/fold_3/checkpoint_epoch_74_20260909_193146.pth
2026-09-09 19:31:47 - diana.utils.checkpointing - INFO - Checkpoint saved: results/search_v9_multitask/cv_results/fold_3/checkpoint_epoch_75_20260909_193146.pth
2026-09-09 19:31:47 - diana.utils.checkpointing - INFO - Checkpoint saved: results/search_v9_multitask/cv_results/fold_3/checkpoint_epoch_76_20260909_193147.pth
2026-09-09 19:31:47 - diana.utils.checkpointing - INFO - Checkpoint saved: results/search_v9_multitask/cv_results/fold_3/checkpoint_epoch_77_20260909_193147.pth
2026-09-09 19:31:47 - diana.utils.checkpointing - INFO - Checkpoint saved: results/search_v9_multitask/cv_results/fold_3/checkpoint_epoch_78_20260909_193147.pth
2026-09-09 19:31:48 - diana.utils.checkpointing - INFO - Checkpoint saved: results/search_v9_multitask/cv_results/fold_3/checkpoint_epoch_79_20260909_193147.pth
2026-09-09 19:31:48 - diana.utils.checkpointing - INFO - Checkpoint saved: results/search_v9_multitask/cv_results/fold_3/checkpoint_epoch_80_20260909_193148.pth
2026-09-09 19:31:48 - __main__ - INFO - Epoch 80/200, Train Loss: 4.4104, Val Loss: 4.3636
2026-09-09 19:31:48 - diana.utils.checkpointing - INFO - Checkpoint saved: results/search_v9_multitask/cv_results/fold_3/checkpoint_epoch_81_20260909_193148.pth
2026-09-09 19:31:48 - diana.utils.checkpointing - INFO - Checkpoint saved: results/search_v9_multitask/cv_results/fold_3/checkpoint_epoch_82_20260909_193148.pth
2026-09-09 19:31:49 - diana.utils.checkpointing - INFO - Checkpoint saved: results/search_v9_multitask/cv_results/fold_3/checkpoint_epoch_83_20260909_193149.pth
2026-09-09 19:31:49 - diana.utils.checkpointing - INFO - Checkpoint saved: results/search_v9_multitask/cv_results/fold_3/checkpoint_epoch_84_20260909_193149.pth
2026-09-09 19:31:49 - diana.utils.checkpointing - INFO - Checkpoint saved: results/search_v9_multitask/cv_results/fold_3/checkpoint_epoch_85_20260909_193149.pth
2026-09-09 19:31:50 - diana.utils.checkpointing - INFO - Checkpoint saved: results/search_v9_multitask/cv_results/fold_3/checkpoint_epoch_86_20260909_193150.pth
2026-09-09 19:31:50 - diana.utils.checkpointing - INFO - Checkpoint saved: results/search_v9_multitask/cv_results/fold_3/checkpoint_epoch_87_20260909_193150.pth
2026-09-09 19:31:50 - diana.utils.checkpointing - INFO - Checkpoint saved: results/search_v9_multitask/cv_results/fold_3/checkpoint_epoch_88_20260909_193150.pth
2026-09-09 19:31:50 - diana.utils.checkpointing - INFO - Checkpoint saved: results/search_v9_multitask/cv_results/fold_3/checkpoint_epoch_89_20260909_193150.pth
2026-09-09 19:31:51 - diana.utils.checkpointing - INFO - Checkpoint saved: results/search_v9_multitask/cv_results/fold_3/checkpoint_epoch_90_20260909_193151.pth
2026-09-09 19:31:51 - diana.utils.checkpointing - INFO - Checkpoint saved: results/search_v9_multitask/cv_results/fold_3/checkpoint_epoch_91_20260909_193151.pth
2026-09-09 19:31:51 - __main__ - INFO - Early stopping triggered after 91 epochs (patience=20)
2026-09-09 19:31:51 - diana.utils.checkpointing - INFO - Loading checkpoint: results/search_v9_multitask/cv_results/fold_3/best_model.pth
2026-09-09 19:31:51 - __main__ - INFO - Loaded best model from epoch 71 (val_loss: 4.2637)
2026-09-09 19:31:51 - __main__ - INFO - Evaluating on held-out test set...
2026-09-09 19:31:51 - __main__ - INFO - community_type test metrics: {'n_scored': 407, 'accuracy': 0.914004914004914, 'f1_weighted': 0.8966228260345908, 'f1_macro': 0.258562091503268, 'balanced_accuracy': 0.3982974910394265}
2026-09-09 19:31:51 - __main__ - INFO - feature test metrics: {'n_scored': 137, 'accuracy': 0.1897810218978102, 'f1_weighted': 0.13369189396849787, 'f1_macro': 0.05263157894736842, 'balanced_accuracy': 0.14890756302521008}
2026-09-09 19:31:51 - __main__ - INFO - sample_host test metrics: {'n_scored': 407, 'accuracy': 0.85995085995086, 'f1_weighted': 0.8510824914934504, 'f1_macro': 0.1651693055802645, 'balanced_accuracy': 0.39878419452887537}
2026-09-09 19:31:51 - __main__ - INFO - material test metrics: {'n_scored': 510, 'accuracy': 0.7392156862745098, 'f1_weighted': 0.7255764026176946, 'f1_macro': 0.13952511801592332, 'balanced_accuracy': 0.22242703533026115}
2026-09-09 19:31:51 - diana.utils.checkpointing - INFO - Final model saved: results/search_v9_multitask/cv_results/fold_3/final_model_20260909_193151.pth
2026-09-09 19:31:51 - __main__ - INFO - Final model saved to results/search_v9_multitask/cv_results/fold_3/final_model_20260909_193151.pth
2026-09-09 19:31:51 - __main__ - INFO - Results saved to results/search_v9_multitask/cv_results/fold_3/multitask_fold_3_results_20260909_172024.json
2026-09-09 19:31:51 - __main__ - INFO - ================================================================================
2026-09-09 19:31:51 - __main__ - INFO - ================================================================================
2026-09-09 19:31:51 - __main__ - INFO - === FOLD COMPLETE ===
2026-09-09 19:31:51 - __main__ - INFO - ================================================================================
2026-09-09 19:31:51 - __main__ - INFO - Results: {'community_type': {'n_scored': 407, 'accuracy': 0.914004914004914, 'f1_weighted': 0.8966228260345908, 'f1_macro': 0.258562091503268, 'balanced_accuracy': 0.3982974910394265}, 'feature': {'n_scored': 137, 'accuracy': 0.1897810218978102, 'f1_weighted': 0.13369189396849787, 'f1_macro': 0.05263157894736842, 'balanced_accuracy': 0.14890756302521008}, 'sample_host': {'n_scored': 407, 'accuracy': 0.85995085995086, 'f1_weighted': 0.8510824914934504, 'f1_macro': 0.1651693055802645, 'balanced_accuracy': 0.39878419452887537}, 'material': {'n_scored': 510, 'accuracy': 0.7392156862745098, 'f1_weighted': 0.7255764026176946, 'f1_macro': 0.13952511801592332, 'balanced_accuracy': 0.22242703533026115}}
